geni_id,qid,person,agrees,conflicts,comparable,margin
6000000045460618205,Q23502804,Catalina Fernández de Córdoba y Enríquez de Ribera,0,4,4,4
4102701,Q442876,Canute I Erikska,0,3,3,3
6000000000044861300,Q107149472,Thomas Nelson,1,3,4,2
348889594040013469,Q100327211,Ermengarde,0,2,2,2
6000000022293564329,Q10564129,忱 伯誠 杭州錢塘,0,2,2,2
6000000074750508938,Q11097190,汭 隴西狄道,0,2,2,2
6000000001504918209,Q129025052,Sidsel Lykke,0,2,2,2
6000000045461685045,Q134986412,Pedro Matías Fernández de Córdoba y Enríquez de Ribera,0,2,2,2
6000000045462191887,Q134986414,Catalina María Fernández de Córdoba y Enríquez de Ribera,0,2,2,2
6000000013146763714,Q134986439,Inés,0,2,2,2
6000000129473617878,Q134986453,Tzihuacpopoca,0,2,2,2
6000000129473639847,Q134986454,Axayac,0,2,2,2
6000000008050887319,Q134986461,Angela,0,2,2,2
6000000152671926848,Q134986463,Luis,0,2,2,2
6000000152671926877,Q134986464,Jerónimo,0,2,2,2
6000000008780522267,Q134986470,Catarina Cortés Osorio,0,2,2,2
6000000009533008858,Q134986473,Diego,0,2,2,2
6000000005024494891,Q134986475,Simon Pérez,0,2,2,2
6000000012228920656,Q134986477,Pedro Andrés,0,2,2,2
6000000012428190511,Q134986478,Agustín,0,2,2,2
6000000031409185077,Q134986483,Juana,0,2,2,2
6000000031409292021,Q134986484,Luis,0,2,2,2
6000000000300820562,Q134986487,Fernando,0,2,2,2
6000000039812665318,Q134986488,García,0,2,2,2
6000000003493012136,Q134986494,Juan Pedro Cano Moctezuma,0,2,2,2
6000000003493266276,Q134986498,Joaquin de San Francisco Cano Moctezuma,0,2,2,2
6000000004559785731,Q134986499,Estéban,0,2,2,2
6000000004559963690,Q134986500,Mayor,0,2,2,2
6000000004560031059,Q134986501,Fernando,0,2,2,2
6000000007150889075,Q134986621,María,0,2,2,2
6000000025597166084,Q134986622,Alfonso,0,2,2,2
6000000025597463924,Q134986623,Isabel,0,2,2,2
6000000001504918152,Q1992398,Niels Jacobsen Lykke,0,2,2,2
6000000001500820357,Q20015206,García,0,2,2,2
6000000010762819250,Q2337199,Semion Sunigajłowicz Sapiega,0,2,2,2
6000000009901999247,Q272148,Æthelbald,0,2,2,2
6000000009432252772,Q333748,Constantín II,0,2,2,2
6000000002517869069,Q352629,Adasi,0,2,2,2
6000000000424702247,Q353675,Ariobarzanes,0,2,2,2
6000000042171376049,Q374630,Lucius Cornelius Scipio,0,2,2,2
6000000008537579083,Q4097582,Bracheslav Vasylkovich Polozki,0,2,2,2
6000000075369021833,Q45420733,希球 國珍 河南洛陽,0,2,2,2
6000000023683609204,Q5726246,Bienvenis,0,2,2,2
6000000014313369606,Q5953607,Juan Alvaro Flores y Valdez de la Cueva,0,2,2,2
6000000003232583515,Q62022,Christian Karl Friedrich Ludwig,0,2,2,2
6000000003645919420,Q698909,昌 姬姓,0,2,2,2
6000000001142154198,Q75288135,Elizabeth Grey,0,2,2,2
6000000002187992428,Q75818392,Eustache II “le Vieux” de Fiennes,0,2,2,2
6000000007456333287,Q778550,Tezozomoc,0,2,2,2
6000000003897579687,Q887967,Samos Theosebes Dikaios,0,2,2,2
6000000003493266132,Q134986496,Maria Cano Moctezuma,1,2,3,1
3080341,Q1621801,Bengt Folkesson,1,2,3,1
6000000196295317826,Q196031,Gerard von Jülichgau,1,2,3,1
6000000002106239618,Q236259,Aemilia Lepida Minor,1,2,3,1
6000000012419353640,Q2464815,Willem van Beieren van Beieren-Schagen,1,2,3,1
6000000008518113379,Q270585,Stratonice,1,2,3,1
6000000001503906263,Q332578,Deioces,1,2,3,1
6000000005924906190,Q380371,Ariobarzanes,1,2,3,1
6000000010942398566,Q4098841,Dmitry Ivanovich Bulgakov,1,2,3,1
6000000014192291815,Q4458172,Tyt Mstislavich,1,2,3,1
6000000000115658521,Q462856,Ealdgyth,1,2,3,1
6000000007455965639,Q4817451,Atotoztli,1,2,3,1
6000000003493243566,Q50824534,Martín Cortés de Monroy,1,2,3,1
6000000074730532821,Q5956587,頲 廷碩 京兆武功,1,2,3,1
6000000003243167090,Q75240461,"Anonym frille, Mother of Brusi, Sumarlidi & Einar",1,2,3,1
6000000003408989816,Q75273509,Eleanor Brandon,1,2,3,1
6000000015730300314,Q102815925,Pons de Gontaut Biron,0,1,1,1
6000000000172359533,Q102826817,Luce,0,1,1,1
6000000074750751869,Q10335214,恂 隴西狄道,0,1,1,1
6000000005744903659,Q103780526,Sidsel Rommelsdatter Brun,0,1,1,1
6000000028265875155,Q103899525,Barbara Sapieha h. Lis,0,1,1,1
6000000011242827610,Q104538482,Vasily Aleksandrovich,0,1,1,1
6000000000392429148,Q106077,Godgifu,0,1,1,1
6000000094083325861,Q106351533,Motiejus,0,1,1,1
6000000074767492999,Q10719160,琰 隴西狄道,0,1,1,1
6000000074767178309,Q10719402,璲 隴西狄道,0,1,1,1
6000000074767734907,Q10720201,珙 隴西狄道,0,1,1,1
6000000074767464979,Q10721524,公主 隴西狄道,0,1,1,1
6000000091286606826,Q1095218,Altruda of Salerno,0,1,1,1
6000000075061150883,Q10975505,元嬰 隴西狄道,0,1,1,1
6000000074750858951,Q11095360,係 京兆萬年,0,1,1,1
6000000074750593921,Q11095378,倚 隴西狄道,0,1,1,1
6000000074750388230,Q11095388,偲 京兆萬年,0,1,1,1
6000000074750859969,Q11095395,僅 京兆萬年,0,1,1,1
6000000074750325380,Q11095397,僙 京兆萬年,0,1,1,1
6000000075061100883,Q11095431,元祥 隴西狄道,0,1,1,1
6000000075060953885,Q11095437,元裕 隴西狄道,0,1,1,1
6000000074735508908,Q11097430,瑋 隴西狄道,0,1,1,1
6000000074750527009,Q11097583,祺 隴西狄道,0,1,1,1
6000000003585154826,Q111989163,Bo Pedersen Flemming,0,1,1,1
6000000005059424801,Q117477378,Sigurd Brynjulfsson Brynjulfson Aga,0,1,1,1
6000000001169087690,Q11979148,Jon Guttormson Larsgård,0,1,1,1
6000000080892097734,Q12085112,Брячислав Борисович,0,1,1,1
6000000014980818308,Q121029260,Anna Wołłowicz h. Bogoria,0,1,1,1
6000000000294572174,Q12330243,Olof Stigsson Stigsson Krognos,0,1,1,1
6000000006946431249,Q1254885,Gratianus Funarius Major,0,1,1,1
6000000000172782992,Q1270114,Gaius Livius Drusus,0,1,1,1
6000000000700945532,Q1282468,Areobindus,0,1,1,1
6000000080877835024,Q13028650,Борис Глебович,0,1,1,1
6000000080799128829,Q13031603,Николай Владимирович,0,1,1,1
6000000014926332501,Q133825518,Anna Anna Gastold,0,1,1,1
6000000080795374822,Q13478492,Владимир Васильевич,0,1,1,1
6000000080797215850,Q13478512,Изяслав Васильевич,0,1,1,1
6000000080810860893,Q13478569,Александра Брячиславовна,0,1,1,1
6000000052945292242,Q134986442,Maria Cortés,0,1,1,1
6000000052945617042,Q134986443,Isabel Cortés Dorada,0,1,1,1
6000000052945815832,Q134986444,Diego,0,1,1,1
6000000023793282200,Q138302787,Erik Amundsson Holter,0,1,1,1
6000000003827611157,Q15966933,Briant de Châteaubriant,0,1,1,1
6000000008173864486,Q165479,Patrick mac Calpuirn o Éireann,0,1,1,1
6000000074750574043,Q16603665,某 隴西狄道,0,1,1,1
6000000003768386624,Q1782094,"Conrad II ""the Younger""",0,1,1,1
6000000007331733313,Q1845160,Luitfried,0,1,1,1
6000000071619545883,Q2026887,Sofija Volodaraitė,0,1,1,1
6000000074739148854,Q20688547,奕 趙國柏仁,0,1,1,1
6000000033201846251,Q2241510,Ryksa,0,1,1,1
6000000074758467512,Q22774427,瑱 京兆長安,0,1,1,1
6000000002187617608,Q237156,Laodice I,0,1,1,1
6000000003146957164,Q24962987,Otto II de Chiny,0,1,1,1
6000000184583916097,Q2587652,Constantine Olgerdovich,0,1,1,1
6000000013613884627,Q26856832,Amiel d'Agoult,0,1,1,1
6000000003645847827,Q295225,Cyrus,0,1,1,1
6000000003827953174,Q31192370,Lambert,0,1,1,1
6000000003635746575,Q3141679,Hoël Mawr ap Emyr Llydaw,0,1,1,1
6000000008657376354,Q314549,Friedrich Edelfreier von Truhendingen,0,1,1,1
6000000002277151794,Q3188019,Judith de Nantes,0,1,1,1
6000000003509153197,Q3265884,Lucius Julius Jullus,0,1,1,1
6000000011536253175,Q346380,Ada van Holland,0,1,1,1
6000000001169179252,Q3480155,Höskuldur Dala-Kollsson Dalakollson Skapte,0,1,1,1
6000000011242594971,Q4060947,Alexander Patrikeyevich,0,1,1,1
6000000000138405383,Q4129783,Æthelflæd,0,1,1,1
4363207859050048951,Q4228577,Patirg Kęstutaitis of Lithuania,0,1,1,1
6000000002003837593,Q4273436,Pakubuwono,0,1,1,1
6000000020062171094,Q4302750,Maurice FitzMaurice,0,1,1,1
6000000003584770312,Q433502,Fermín,0,1,1,1
6000000003645753292,Q435213,Gaius Antonius Hybrida,0,1,1,1
6000000001355641630,Q4535441,Tudwal,0,1,1,1
6000000074692243826,Q45356303,傳正 越州山陰,0,1,1,1
6000000074690693308,Q45377531,傳師 越州山陰,0,1,1,1
6000000074788168966,Q45413415,白驎 滎陽開封,0,1,1,1
6000000074758704275,Q45418903,英 京兆長安,0,1,1,1
6000000075338108887,Q45419289,思昭 弘農華陰,0,1,1,1
6000000075346362852,Q45420120,永 陳郡長平,0,1,1,1
6000000075344329032,Q45420613,當 博陵安平,0,1,1,1
6000000075402710923,Q45422396,路孤 幽州薊縣,0,1,1,1
6000000074787853345,Q45422579,少微 鄭州榮澤,0,1,1,1
6000000075375351821,Q45422720,士淹 河東聞喜,0,1,1,1
6000000075059069334,Q45424455,擇言 隴西狄道,0,1,1,1
6000000074767235118,Q45537845,琮 隴西狄道,0,1,1,1
6000000074766900377,Q45538987,瑤 隴西狄道,0,1,1,1
6000000074766619674,Q45539563,琚 隴西狄道,0,1,1,1
6000000074750078367,Q45553482,祤 隴西狄道,0,1,1,1
6000000074749345782,Q45553547,禊 隴西狄道,0,1,1,1
6000000074750597932,Q45553673,禕 隴西狄道,0,1,1,1
6000000074750677897,Q45553734,祕 隴西狄道,0,1,1,1
6000000074750668918,Q45553862,禛 隴西狄道,0,1,1,1
6000000074750507970,Q45553926,祥 隴西狄道,0,1,1,1
6000000074750405847,Q45673637,慎辭 太原,0,1,1,1
6000000074750065142,Q45673680,承台 太原,0,1,1,1
6000000074749711372,Q45673722,慎思 太原,0,1,1,1
6000000074749675364,Q45678086,鋼 太原,0,1,1,1
6000000074750371894,Q45678418,鉟 太原,0,1,1,1
6000000074735425865,Q45698921,瓌 孝偉 隴西狄道,0,1,1,1
6000000074735437914,Q45700634,道興 隴西狄道,0,1,1,1
6000000064526129883,Q47306394,Sofija Sapiegaitė,0,1,1,1
6000000002198362511,Q536899,Welf I von Altdorf,0,1,1,1
3624121,Q6032078,Ingeborga Tryggvės duktė,0,1,1,1
6000000008596626487,Q6119517,Yaakov Hirsch Levenshtam,0,1,1,1
6000000005784777539,Q61310641,Al-Husayn Al-Hasani,0,1,1,1
6000000118402179068,Q629336,Giacomo,0,1,1,1
6000000000522977268,Q645857,Niall Noígiallach mac Echdach,0,1,1,1
6000000014013164881,Q653617,Gonzalo Fernández de Lara,0,1,1,1
6000000074751000835,Q6539114,倓 京兆萬年,0,1,1,1
6000000053733525296,Q65966762,Walter von Barby-Arnstein,0,1,1,1
6000000024777532686,Q66534565,Mikhail Romanovich of Slonim,0,1,1,1
6000000001407495086,Q66660290,Helena Wołłowicz (podskarbianka Litewska),0,1,1,1
6000000011927175372,Q688914,Wigerich,0,1,1,1
6000000003827963052,Q703346,Marcus Livius Salinator Drusus,0,1,1,1
6000000002187600052,Q712202,Marcus Fulvius Flaccus Bambalus,0,1,1,1
6000000006444774484,Q75256268,Margaret,0,1,1,1
6000000009402651783,Q75393602,Ingeborg Sverresdatter,0,1,1,1
6000000002043192318,Q75402865,Hildegard Lancelote de Beaugency,0,1,1,1
6000000026875093257,Q75532189,Robert de St. Clair,0,1,1,1
6000000020533257790,Q75919231,Seisyllt,0,1,1,1
6000000006444395942,Q76011866,Charles Brandon Clifford,0,1,1,1
6000000002550979947,Q76011868,Henry De Clifford,0,1,1,1
6000000001756061146,Q81826156,Albert III von Everstein,0,1,1,1
6000000024778642176,Q85236607,Michael Hieronim,0,1,1,1
4815866939850026583,Q85852699,"Anseau I ""le Vieux""",0,1,1,1
6000000015364189001,Q85854399,Pons 'Le Jeune' de Traynel,0,1,1,1
6000000011905717283,Q86835643,Erzsébet,0,1,1,1
5400801118790100576,Q96243440,Jabez Warren,0,1,1,1
6000000016771285651,Q97783372,Agnès de Tailhac,0,1,1,1
6000000003645847650,Q1091124,Nysa,2,2,4,0
6000000000770366029,Q123643515,David Judson,2,2,4,0
6000000008537611560,Q13031421,Maria Vasilkovna,2,2,4,0
6000000001045491041,Q1367604,Ragnvald,2,2,4,0
6000000006727876082,Q15615597,Svyatopolk Duke Of Novgorod Volynia,2,2,4,0
6000000004533196497,Q15975197,Elisabeth Gräfin von Orlamünde,2,2,4,0
6000000012502759517,Q16203434,Quintus Marcius Barea Sura,2,2,4,0
6000000003645859344,Q1897013,Achaeus,2,2,4,0
6000000003493243753,Q21002086,Fernando,2,2,4,0
6000000000112096314,Q2104024,Clémence Namur,2,2,4,0
6000000008051032314,Q21077074,Juana Cortés Ramírez de Arellano,2,2,4,0
6000000003513191421,Q237156,Laodice,2,2,4,0
6000000002188166432,Q23783380,Moritz II Oldenburg-Oldenburg,2,2,4,0
6000000003524249480,Q2590383,Ivan Семёнович Sapieha-Kodenski,2,2,4,0
6000000027346213834,Q2869609,Huitzilxochtzin Of,2,2,4,0
6000000001041560317,Q2927059,Brusi Sigurdsson,2,2,4,0
6000000001045369865,Q3049451,"Einarr ""Turf"" Rögnvaldsson",2,2,4,0
6000000003645908141,Q332557,Phraortes,2,2,4,0
6000000002187837461,Q4195667,Iwan Юрьевич Turowski,2,2,4,0
6000000001500907061,Q57231616,Marguerite,2,2,4,0
6000000000677330061,Q5860566,Fernando,2,2,4,0
6000000008640434812,Q600483,Baldwin,2,2,4,0
6000000000623201673,Q6098262,Ragnfred Eiriksson,2,2,4,0
6000000117134008095,Q62024,Stephanie de Beauharnais,2,2,4,0
6000000002967254522,Q96203260,John Stewart Chilton,2,2,4,0
6000000006101240845,Q1001936,Flavius Eutropius,1,1,2,0
6000000015110133792,Q102861886,Anne de Croÿ-Renty,1,1,2,0
6000000074473068010,Q10292023,守 全真 子固 常州晉陵,1,1,2,0
6000000074734494144,Q10336135,晦 慧炬 隴西成紀,1,1,2,0
6000000038767006120,Q105454521,"Isabella ""Bella"" Hahn",1,1,2,0
6000000130213811931,Q105455366,Ernst,1,1,2,0
6000000012634753101,Q106271708,穏子,1,1,2,0
6000000025142392132,Q106704888,William Gorges,1,1,2,0
6000000074767346123,Q10720076,玼 隴西狄道,1,1,2,0
6000000003645864842,Q107638183,Curtilia,1,1,2,0
6000000010878585421,Q108433284,María Ponce-de-León y Zúñiga,1,1,2,0
6000000075344951124,Q10880667,翼 文若 河南洛陽,1,1,2,0
6000000006933091198,Q108840584,Lars Ziegler Broch,1,1,2,0
6000000003166148300,Q108998,Nikolaus II Mecklenburg,1,1,2,0
6000000003493396104,Q109010961,Aimée,1,1,2,0
6000000074749878485,Q10917639,隴西狄道,1,1,2,0
6000000008630735902,Q109447093,Valeria (Fausta) Maximina,1,1,2,0
6000000001354010633,Q109769419,Timothy Phelps,1,1,2,0
6000000006821699341,Q110154727,Herluf Mauridsen Skave,1,1,2,0
6000000002066620294,Q110304695,Knud Jørgensen Rud,1,1,2,0
6000000011567882104,Q110586519,Pedro,1,1,2,0
6000000021150904515,Q11075508,遺愛 字俊 清河,1,1,2,0
6000000007512887719,Q11095892,天賜 隴西狄道,1,1,2,0
6000000074734918065,Q11095980,孝基 隴西狄道,1,1,2,0
6000000007512954111,Q11097387,熙 隴西狄道,1,1,2,0
6000000074750515082,Q11097672,紓 隴西狄道,1,1,2,0
6000000074750774919,Q11097677,紘 隴西狄道,1,1,2,0
6000000074750862833,Q11097694,絢 隴西狄道,1,1,2,0
6000000074750681956,Q11097695,絿 隴西狄道,1,1,2,0
6000000074750578017,Q11097705,綢 隴西狄道,1,1,2,0
6000000074750559113,Q11097721,綸 隴西狄道,1,1,2,0
6000000074750736910,Q11097726,緯 隴西狄道,1,1,2,0
6000000074750561042,Q11097749,約 隴西狄道,1,1,2,0
6000000074749907601,Q11097762,紳 隴西狄道,1,1,2,0
6000000074750781891,Q11097772,結 隴西狄道,1,1,2,0
6000000074750786919,Q11097787,綺 隴西狄道,1,1,2,0
6000000074750666979,Q11097789,緄 隴西狄道,1,1,2,0
6000000074750576159,Q11097798,綰 隴西狄道,1,1,2,0
6000000074750468195,Q11097799,緗 隴西狄道,1,1,2,0
6000000074750608951,Q11097999,言揚 隴西狄道,1,1,2,0
6000000074750676843,Q11098005,諴 隴西狄道,1,1,2,0
6000000074735561821,Q11098139,道玄 隴西狄道,1,1,2,0
6000000011997957937,Q111109033,Sumako,1,1,2,0
6000000016457548670,Q111219518,Paweł Drucki-Lubecki h. Druck,1,1,2,0
6000000021122246892,Q11534599,肅 河東解縣,1,1,2,0
6000000074705648192,Q11541089,旉 文衍 弘農華陰,1,1,2,0
6000000001845204180,Q115573689,Sarah Riley,1,1,2,0
6000000003645864016,Q1159574,Lucius Aelius Plautius Lamia Aelianus,1,1,2,0
6000000003493255879,Q116042662,Fernando de Silva,1,1,2,0
6000000007980352443,Q116121319,Jens Pallesen Fasti,1,1,2,0
6000000011090284861,Q1163079,Daniil Vasiljevich Patrikeev,1,1,2,0
6000000008954356091,Q116479956,Juan de Narrihondo,1,1,2,0
6000000180815172825,Q12001101,Skofte Ogmundsson,1,1,2,0
6000000043007675168,Q12083778,"Mikhail ""Boloban"" Семенович",1,1,2,0
6000000003541035119,Q122151952,Samuel Bassett,1,1,2,0
6000000041763756822,Q122925808,Aleksandra Sapieha,1,1,2,0
6000000001511221493,Q12293630,Sergia Plautilla,1,1,2,0
6000000007980759044,Q12322336,Knud Mogensen,1,1,2,0
6000000006090580622,Q12591,Nebuchadnezzar,1,1,2,0
6000000019777753357,Q127785316,Hanna Богданівна Putiata,1,1,2,0
385217766960003428,Q128358,"Bayezid I ""the Thunderbolt""",1,1,2,0
6000000003858563666,Q12900863,Ludwig XII Oettingen,1,1,2,0
6000000001504918225,Q129024060,Gertrud Lykke,1,1,2,0
6000000001504918217,Q129055270,Hilleborg Lykke,1,1,2,0
6000000020985995840,Q130529662,Lazar Dmitriyevich Gediminids,1,1,2,0
6000000020986031822,Q130529663,Semion Dmitriyevich Gediminids,1,1,2,0
6000000002247834869,Q1351773,Giselbert I,1,1,2,0
6000000011668279801,Q135217816,Markvard,1,1,2,0
6000000001323506976,Q1357094,Guermond de Picquigny,1,1,2,0
6000000023075969975,Q136356401,Erkenraad van Heemskerck,1,1,2,0
6000000002043195487,Q1371805,Giselbert de Lorraine,1,1,2,0
6000000008948181213,Q1410655,Flavius Bassus Herculanus,1,1,2,0
6000000010331432922,Q1438630,Theodora II di Tuscolo,1,1,2,0
6000000014595647234,Q1446615,Gedaliah ben Yosef ibn Yahya,1,1,2,0
6000000005735680561,Q1453147,Frederik Wilhelm,1,1,2,0
6000000002187891758,Q1527378,Guillaume,1,1,2,0
6000000000351094258,Q157918,Menmaatre Seti,1,1,2,0
6000000075060861895,Q15914382,巨 李,1,1,2,0
6000000000437016471,Q16199842,Indrechtach Mac Muiredaig Muillethan,1,1,2,0
6000000001195536539,Q1642655,Haakon Bolt Tinghatt,1,1,2,0
6000000001065449177,Q16428399,Hrollaug Ragnvaldsson Mœrajarls,1,1,2,0
6000000002212152431,Q16584942,Otelhildis von Haldensleben,1,1,2,0
6000000075327286466,Q16904310,禎,1,1,2,0
6000000006727800485,Q1690982,"Jobst II, Count Of",1,1,2,0
6000000069667500925,Q1695403,Johann Ludwig Gabriel Löwenfeld,1,1,2,0
6000000014058991722,Q17095892,Anna Worotyńska,1,1,2,0
5269517524100121452,Q17130934,Marcus Christensen,1,1,2,0
6000000000769899932,Q1738090,Uchtred,1,1,2,0
6000000041303977074,Q176090,Marcus Cocceius Nerva,1,1,2,0
6000000022648284367,Q18011900,Nicolas de Brichanteau,1,1,2,0
6000000075345780835,Q18236406,道虔 慶祖 范陽涿縣,1,1,2,0
6000000000728689157,Q1913065,Ermentrude,1,1,2,0
6000000008718004854,Q19302486,Mary Harvey,1,1,2,0
6000000074788455039,Q19653965,權 鄭州榮澤,1,1,2,0
6000000003645760161,Q19654347,Sigurd Toresson,1,1,2,0
6000000009665500123,Q20164829,Gottfried von Eppenstein,1,1,2,0
6000000006207789508,Q21034939,Roger la Zouche,1,1,2,0
6000000004869045119,Q21294643,Diane de La Marck,1,1,2,0
6000000000474064373,Q2135866,Willem,1,1,2,0
6000000003742102823,Q2192525,Pedro,1,1,2,0
6000000007519655888,Q2236673,Appius Claudius Nero,1,1,2,0
6000000006607055274,Q2268436,Aufidia,1,1,2,0
6000000004576195508,Q23060459,Philipp von Bolanden-Falkenstein,1,1,2,0
6000000009545914191,Q232223,Eudokia Makrembolitissa,1,1,2,0
6000000005032983184,Q233573,Offa,1,1,2,0
6000000005378117944,Q239314,Flavia Julia Titi,1,1,2,0
6000000008528531241,Q2414829,Karen Vincke,1,1,2,0
6000000009179165501,Q2501720,Владимир (Вальдемар Володша) Всеславич,1,1,2,0
6000000017063964476,Q2518418,José Francisco Miguel António,1,1,2,0
6000000004172106501,Q25410755,Juan María,1,1,2,0
6000000004533196027,Q25486172,Emich IV von Leiningen,1,1,2,0
6000000003051199594,Q2578776,Renaud de Vermandois,1,1,2,0
6000000000146198741,Q2587457,Guilhèm IV d'Urgèl,1,1,2,0
6000000006727853835,Q2618131,Kirsten,1,1,2,0
6000000080809240088,Q26243613,Изяслав Николаевич,1,1,2,0
6000000017532877902,Q2633993,KGPAA Mangkoenagara VII RM Soerjo Soeparto (1916-1944),1,1,2,0
6000000001156548028,Q2634369,Gytha Thorkelsdóttir,1,1,2,0
6000000008630612925,Q264903,Narses (Nerseh),1,1,2,0
6000000003645977045,Q2653152,Arnulf,1,1,2,0
6000000012601378833,Q2659844,"Vainius, Prince of Polotsk",1,1,2,0
6000000005598859830,Q271821,Rosamond de Clifford,1,1,2,0
6000000008155003397,Q2851363,Charlotta d'Aragon,1,1,2,0
6000000007014054306,Q2860749,Ardolph I de Guînes,1,1,2,0
6000000001588444082,Q2898087,Bernat II,1,1,2,0
6000000000765100226,Q291762,Sophia von Oberlothringen,1,1,2,0
6000000007929127173,Q29424464,Heinrich II von Katzenelnbogen,1,1,2,0
6000000005747740478,Q29603990,Vettius Justus,1,1,2,0
6000000002447118580,Q3052490,Gertrude Of Soissons,1,1,2,0
6000000000596503208,Q3056729,Philippa Mathilda de Tolosa,1,1,2,0
6000000032079727692,Q3086172,François,1,1,2,0
6000000030768187041,Q3090868,Jean François de La Rocque,1,1,2,0
6000000007095401758,Q310303,Yazdegerd,1,1,2,0
6000000003827612113,Q31192230,Burkhard von Magdeburg-Querfurt,1,1,2,0
6000000003827488463,Q31192745,Johann von Salm,1,1,2,0
6000000007048515168,Q3421083,Bermond Raymond 'le Croisé' Pelet,1,1,2,0
6000000173222462210,Q3424896,Renaud III,1,1,2,0
6000000006188836878,Q3439788,Aubrey “Sanglier” de Vere,1,1,2,0
6000000012060878096,Q3457338,Huanitzin,1,1,2,0
5340955474190113596,Q3482967,Sibylle “Rose” de Guînes,1,1,2,0
6000000000771264665,Q3494397,Ingrid Sveinsdatter,1,1,2,0
6000000006859413853,Q3623564,Popillia,1,1,2,0
6000000007376783807,Q3624266,Laodice,1,1,2,0
6000000000722248117,Q36724,Attila,1,1,2,0
6000000002060768421,Q379863,Hystaspes,1,1,2,0
6000000015818304416,Q3856643,Michele Imperiali Simeana,1,1,2,0
6000000003858710522,Q3920676,Gaudemunda Sophia of Lithuania,1,1,2,0
6000000003243184323,Q394750,Agnes Von Hessen Kassel,1,1,2,0
6000000000337400222,Q3960034,Sybil de Neufmarché,1,1,2,0
6000000080795286877,Q4097582,Брячислав Васильевич,1,1,2,0
6000000010711937045,Q42046037,Gabrielle de Bourbon,1,1,2,0
6000000008709714721,Q42720715,Constantine Davydovich,1,1,2,0
6000000075061358857,Q4309009,惲 隴西狄道,1,1,2,0
6000000011739086951,Q434369,Hephaestion,1,1,2,0
6000000033241479450,Q4391165,Yuri Кориатович of Podola,1,1,2,0
6000000036574764848,Q4391249,卞 元度 興化仙遊,1,1,2,0
6000000065777214898,Q442401,Cassandane,1,1,2,0
6000000007097847692,Q44269,Nikòlaos de Bari,1,1,2,0
6000000075344387147,Q45419430,欽仁 廣平列人,1,1,2,0
6000000074748510826,Q45460531,世昊 晉昌冥安,1,1,2,0
6000000074735317910,Q45470652,逖 隴西狄道,1,1,2,0
6000000075060389069,Q45474239,緒 隴西狄道,1,1,2,0
6000000074706222821,Q45502836,休 文休 弘農華陰,1,1,2,0
6000000074713154830,Q45510696,鴻漸 功期 河東解縣,1,1,2,0
6000000074713131844,Q45511017,蔡年 脩期 河東解縣,1,1,2,0
6000000074712577088,Q45512159,止戈 安期 河東解縣,1,1,2,0
6000000074712913987,Q45512852,待價 乃文 河東解縣,1,1,2,0
6000000074788581055,Q45533858,杳 玄邈 鄭州榮澤,1,1,2,0
6000000074757904942,Q45537594,昇 字羾 京兆杜陵,1,1,2,0
6000000074739479893,Q45607037,震 趙郡平棘,1,1,2,0
6000000074739583847,Q45607676,節 行滿 趙州平棘,1,1,2,0
6000000074750468861,Q45680162,幼儒 幼儒 太原,1,1,2,0
6000000074750254095,Q45680490,幼沖 太原,1,1,2,0
6000000074730191960,Q45684046,徹 京兆萬年,1,1,2,0
6000000074735187821,Q45692402,嵸 隴西狄道,1,1,2,0
6000000074735242823,Q45692909,某 隴西狄道,1,1,2,0
6000000074735471832,Q45699261,瑗 仲寶 隴西狄道,1,1,2,0
6000000074735206954,Q45699766,某 隴西狄道,1,1,2,0
6000000074734329258,Q45699868,某 隴西狄道,1,1,2,0
6000000074735036995,Q45699971,知保 隴西狄道,1,1,2,0
6000000000310581159,Q4770542,Ansculf (Anscough) de Picquigny,1,1,2,0
6000000001504212922,Q4964369,Sofie Pedersdatter Lykke,1,1,2,0
6000000010936614385,Q497107,Mstislav Romanovich,1,1,2,0
6000000012926214647,Q497796,Munju,1,1,2,0
6000000012293402157,Q4985231,Laurids Henriksen,1,1,2,0
6000000002142188519,Q5184195,Crioda,1,1,2,0
6000000003795775682,Q521492,Alfonso,1,1,2,0
6000000014948462961,Q52175803,Daniło (Daszko),1,1,2,0
6000000003827618989,Q52304468,Bertha von Rheinfelden,1,1,2,0
6000000005566351597,Q527438,William of Angoulême,1,1,2,0
6000000075328054061,Q5302243,欽望 思齊 河南洛陽,1,1,2,0
4951476631580041873,Q533927,Roricon,1,1,2,0
6000000002847109297,Q5575626,Peder Turesson Bielke,1,1,2,0
5105724209600128719,Q5773287,Samuel Andersson,1,1,2,0
6000000001758859465,Q5860561,Fernando,1,1,2,0
6000000004586546893,Q58674087,Adelaide de Roucy,1,1,2,0
6000000074767691824,Q5972977,瑁 隴西狄道,1,1,2,0
6000000003076859145,Q6015314,Increase Nowell,1,1,2,0
6000000003827674104,Q61775306,Dobrochna Sapieha-Koden,1,1,2,0
6000000000424812688,Q63184167,Maud (Matilda) de Lucy,1,1,2,0
6000000034159417644,Q638650,Butigeidis,1,1,2,0
6000000074767502109,Q6538677,承宏 隴西狄道,1,1,2,0
6000000074759622191,Q6645502,叔裕 京兆杜陵,1,1,2,0
6000000075345628046,Q6694900,杞 子良 范陽涿縣,1,1,2,0
6000000028323698428,Q672163,Otto III von Brandenburg,1,1,2,0
6000000001288079541,Q6759536,Margaret Audley,1,1,2,0
6000000017606616647,Q6761715,Helena Kantakouzene,1,1,2,0
6000000001744842862,Q697677,Arnulf,1,1,2,0
6000000004533635177,Q7080145,Ogmund Ormson Orkdal,1,1,2,0
6000000007456125236,Q7098377,Opochtli - Leader,1,1,2,0
6000000000769891469,Q711649,Fergus,1,1,2,0
6000000074748177913,Q712568,祚 涼州姑臧,1,1,2,0
6000000074734098942,Q718222,伯宗 吳興長城,1,1,2,0
6000000041260525262,Q723447,Publius Cornelius Rufinus,1,1,2,0
6000000002125260019,Q7358266,Roger de Grey,1,1,2,0
6000000177005843822,Q74698102,Helen Smith,1,1,2,0
6000000015222778756,Q75102200,Beatrice de Vaux,1,1,2,0
6000000006727823822,Q75246033,Elisabeth von Honstein-Klettenberg,1,1,2,0
6000000004533774264,Q75247087,Richeza von Stade,1,1,2,0
6000000003318546921,Q75247727,Thietburga von Haldensleben,1,1,2,0
6000000006444115038,Q75260799,Catherine Talbot,1,1,2,0
6000000006763113788,Q75268838,Elizabeth Willoughby,1,1,2,0
6000000003827799015,Q75289087,Judith,1,1,2,0
6000000021766652615,Q75387912,Ada nic Uilliam,1,1,2,0
6000000016723016593,Q75448085,István,1,1,2,0
6000000026092242596,Q75454721,Auguste Frederike von Hohenlohe-Öhringen,1,1,2,0
6000000000438436936,Q75577629,Hannah Stanley,1,1,2,0
6000000003908169132,Q75580969,Anne Constable,1,1,2,0
6000000004227140016,Q75776405,John Cornwall,1,1,2,0
6000000008250385063,Q76121929,Dunlaith ingen Flaithbertaich,1,1,2,0
6000000021150592718,Q8044214,華 蘭陵,1,1,2,0
6000000074733273857,Q8044221,俛 思謙 蘭陵,1,1,2,0
6000000003827484412,Q820554,Konrad von Oldenburg,1,1,2,0
6000000000229877537,Q925207,Stephen,1,1,2,0
6000000010407268800,Q944105,Nicholas Garai Pozsonyi,1,1,2,0
6000000006727832055,Q951770,Heinrich VII,1,1,2,0
6000000002311769083,Q96216079,Elizabeth Ingleden,1,1,2,0
6000000008704668865,Q96602553,Elizabeth Buckner,1,1,2,0
6000000009689495404,Q96985153,Joanna Gaylord,1,1,2,0
6000000004868902270,Q97783457,Anne de Bueil,1,1,2,0
6000000003827429733,Q100439614,Pietro II,0,0,0,0
6000000003940593726,Q100949788,Sarah Church,0,0,0,0
6000000000804635276,Q100950020,Josiah Lathrop,0,0,0,0
6000000003183288826,Q101040261,Susan Angeline Loomis,0,0,0,0
6000000004087632980,Q101247225,Eberhard (Evert) Moltke,0,0,0,0
6000000005932972569,Q101247689,Filippa Magnusdotter Gren,0,0,0,0
3153782,Q101247694,Peder Fleming,0,0,0,0
6000000000054303511,Q101247695,Kristina,0,0,0,0
6000000035338400732,Q101247862,Rane Jonsen,0,0,0,0
6000000003667941298,Q101247863,Kristina Alvsdatter,0,0,0,0
6000000003277299457,Q101247943,Jon Raud,0,0,0,0
6000000022850719029,Q101248014,Kristina,0,0,0,0
6000000007453268163,Q101248115,Ivar Bjarnesson Bjarkøy,0,0,0,0
6000000003513145688,Q101248370,Edel Pedersdatter Saltensee,0,0,0,0
6000000003827561521,Q101248380,Johan von Thienen,0,0,0,0
6000000003827561528,Q101248382,Anna,0,0,0,0
6000000001669654419,Q101248742,Ingibjörg Thorkildsdatter,0,0,0,0
6000000025861326851,Q101355003,Clémence,0,0,0,0
6000000027003548127,Q101402680,Leonor Sánchez Sanchez De Pizarro,0,0,0,0
6000000007235904335,Q101509722,Guyon de Sully,0,0,0,0
6000000009236149045,Q101509725,Marie de Chauvigny,0,0,0,0
6000000001544590571,Q101510011,Teresa,0,0,0,0
6000000001501029955,Q101510017,Arias Cifontes,0,0,0,0
6000000027345755419,Q101518155,Azcalxochitl Xochiquetzal Of,0,0,0,0
6000000001275441096,Q102227121,François de La Rochefoucauld,0,0,0,0
6000000010541161540,Q102288750,Sybyl Beddington,0,0,0,0
6000000012099498633,Q102416305,Rubellius Drusus,0,0,0,0
6000000016211567324,Q10281436,Fernando Martins Mascarenhas de Lencastre,0,0,0,0
6000000004868846934,Q102825597,Astorg de Peyre,0,0,0,0
6000000061286229885,Q102830120,Laure de Joinville,0,0,0,0
6000000018197836052,Q102857400,Alexander-Vsevolod Glebovich,0,0,0,0
6000000037889287747,Q10295880,表臣 正民 單州單父,0,0,0,0
6000000074750543914,Q10332436,佶 隴西狄道,0,0,0,0
6000000074750615941,Q10332536,保 隴西狄道,0,0,0,0
6000000074750570955,Q10336685,澤 隴西狄道,0,0,0,0
6000000074750668878,Q10336794,洽 隴西狄道,0,0,0,0
6000000074750266236,Q10338578,誡 隴西狄道,0,0,0,0
6000000074750265186,Q10338604,諒 隴西狄道,0,0,0,0
6000000074749923465,Q10338646,諤 隴西狄道,0,0,0,0
6000000074750372035,Q10338690,謙 隴西狄道,0,0,0,0
6000000002043258387,Q10366258,Rainon de Sabran,0,0,0,0
6000000008625270241,Q103780742,Eiler Henrichsen Brockenhuus,0,0,0,0
6000000012116401591,Q103780773,Kirsten Eriksdatter Gyldenhorn,0,0,0,0
6000000011141374175,Q103780817,Dorthe Juel,0,0,0,0
6000000014361279077,Q103780951,Inger Jesperdatter af Hæstrup Vognsen,0,0,0,0
6000000010250820504,Q103781043,Anders Nielsen,0,0,0,0
6000000007822002510,Q103781055,Bodil Christensdatter Steenfeld,0,0,0,0
6000000003378200229,Q103781574,Mette Hennekesdatter,0,0,0,0
6000000002325846407,Q103781633,Eline,0,0,0,0
6000000011590224598,Q103781939,Märta Bengtsdotter Vinstorp,0,0,0,0
6000000001504209390,Q103782034,Inger Godscalksdatter Skarpenberg,0,0,0,0
6000000002869674954,Q103782385,Joachim Pedersen Griis,0,0,0,0
6000000002869553796,Q103782398,Anne Arildsdatter,0,0,0,0
6000000004257815704,Q103782426,Kristine Gautesdatter,0,0,0,0
6000000007769369947,Q103782463,Niels Eriksen Juel,0,0,0,0
6000000007769369943,Q103782476,Else Mogensdatter Glob (Due),0,0,0,0
4956142731190080144,Q103782512,Karen Eilersdatter Rantzau,0,0,0,0
6000000001504367943,Q103782553,Joachim Bjørnsen Bjørn,0,0,0,0
6000000007417824797,Q103782564,Margrethe Tagesdatter Reventlow,0,0,0,0
6000000001504745415,Q103782587,Laurids Jensen,0,0,0,0
6000000002114956152,Q103782682,Margrethe Bosdatter,0,0,0,0
6000000008950812522,Q103782689,Bo Christensen,0,0,0,0
6000000003784400115,Q103783322,Gaute,0,0,0,0
6000000019195308964,Q103783745,Aage Tordsen Tordsson,0,0,0,0
6000000010740049132,Q103783994,Iver I.,0,0,0,0
6000000000725115972,Q103784012,Niels I. Eriksen Gyldenstierne,0,0,0,0
6000000002586221607,Q103784141,Paul Mogensen Munk,0,0,0,0
4958955326800113605,Q103784148,Cecilie NN,0,0,0,0
6000000002721975615,Q104551518,Patience Draper,0,0,0,0
6000000017547984176,Q10484733,毗牒 臨潢,0,0,0,0
6000000006128133790,Q104891229,"Jep ""Store Jep"" Henriksen",0,0,0,0
6000000021260901361,Q10511648,整 公齊 東海蘭陵,0,0,0,0
307514259060008270,Q105426953,Margery Willard,0,0,0,0
6000000003216083806,Q105801328,Edward Gorges,0,0,0,0
6000000008196936106,Q105873325,Godske Von,0,0,0,0
6000000008197133998,Q105873326,Margrethe Sehested,0,0,0,0
6000000007401032864,Q106188899,Fanny Berg,0,0,0,0
6000000007401377209,Q106188910,Koppel,0,0,0,0
6000000064838911870,Q106203354,Soe Kheun Phoa,0,0,0,0
6000000043929567985,Q106203356,Tiang Mie / Liong Soey Thung,0,0,0,0
6000000043929687821,Q106203358,Sang Nio The /Tee,0,0,0,0
6000000000641784338,Q106589790,R. Ajeng Oetariah Koesoemo Oetojo,0,0,0,0
6000000000641700454,Q106589797,R. Ayu Oemi Oentari Kartoredjo,0,0,0,0
6000000000654416941,Q106589798,EYANG KARTODIMEDJO,0,0,0,0
6000000038129008414,Q106594320,Ban Rn Padmanawati,0,0,0,0
6000000017629124474,Q106594463,Private,0,0,0,0
6000000007261746296,Q106594477,Private,0,0,0,0
6000000023701369587,Q1069286,毗 佐治 潁川陽翟,0,0,0,0
6000000032399964890,Q107026078,Sau Yin,0,0,0,0
6000000032399668753,Q107026099,,0,0,0,0
6000000041138198114,Q107026126,Chor Cheung CHAN,0,0,0,0
6000000013860461844,Q107028308,丞 曾,0,0,0,0
6000000012692279296,Q107101893,Gaius Caecilius Metellus,0,0,0,0
6000000074767688904,Q10720777,隴西狄道,0,0,0,0
6000000074767810841,Q10721193,隴西狄道,0,0,0,0
6000000074767547840,Q10721233,真陽 隴西狄道,0,0,0,0
6000000074767548999,Q10721451,隴西狄道,0,0,0,0
6000000074767860837,Q10721489,隴西狄道,0,0,0,0
6000000000172371709,Q107300498,Gilles II de Sully,0,0,0,0
6000000000317361448,Q107437998,Vigilantia,0,0,0,0
6000000009838691620,Q107560403,María,0,0,0,0
6000000142105895054,Q107638264,Titia Marcellia,0,0,0,0
6000000074725376484,Q10771770,仁寶 河南洛陽,0,0,0,0
6000000032666119162,Q107718297,Lucius,0,0,0,0
6000000003796596243,Q107718375,Lepida,0,0,0,0
6000000006200523578,Q108103888,Private,0,0,0,0
6000000017538503347,Q108103909,Garwa Putri Soerjamidjajan,0,0,0,0
6000000017538438695,Q108103922,KBRAy Adipati Mangkunegoro II,0,0,0,0
6000000021973903960,Q108103943,RMTA Koesoemadiningrat,0,0,0,0
6000000017629550292,Q108104097,Private,0,0,0,0
6000000017939075396,Q108104383,Ratu Beruk/Kanjeng Ratu Kencana,0,0,0,0
6000000033067169864,Q108104535,RAy Wulan / RAy Hamengkoenagoro / RAy Rogoasmoro,0,0,0,0
6000000035664832035,Q108104538,Mas Ayu Karoh / Mas Ayu Sumanarsa / Ratu Ayu Kulon / Raden Ayu Sepuh,0,0,0,0
6000000038271070202,Q108104598,Raden Ayu Sekarkedhaton,0,0,0,0
6000000002416431387,Q108169928,能忠,0,0,0,0
6000000003828392777,Q108319987,Appia Veturia Aurelia Coeciva Sabinilla,0,0,0,0
6000000018638963933,Q108410324,Maria van Leefdael,0,0,0,0
6000000041395903907,Q108479581,NN (Daughter of Publius Helvius Pertinax),0,0,0,0
6000000011459510059,Q108529373,Flavius Sempronius Aquila Romanus,0,0,0,0
6000000041324158985,Q108667666,NN (Daughter of Quintus Lutatius Catulus),0,0,0,0
6000000041324236348,Q108679097,Domitia of Ahenobarbi,0,0,0,0
6000000035517450735,Q108731629,Pangeran Ario Tjondronegoro IV Bupati Demak,0,0,0,0
6000000020462820351,Q108731642,Private,0,0,0,0
6000000020462272796,Q108731643,KRMAA Singgih Djojo Adhiningrat (Bupati Rembang),0,0,0,0
6000000027135679391,Q108731709,Gusti Kangjeng Ratu Kencono,0,0,0,0
6000000014957712953,Q108743066,Jean du Moulin,0,0,0,0
6000000016165829020,Q108743086,Pierre de Beauvau,0,0,0,0
6000000074750936823,Q10877223,隴西狄道,0,0,0,0
6000000002187888319,Q108838864,"Ludwig Louis 11, de Ferrette",0,0,0,0
6000000026532053623,Q108839796,Raden Tumenggung Kertanegara IV,0,0,0,0
6000000046561099877,Q108839801,GRAy. Sepuh,0,0,0,0
6000000011943699252,Q108840589,Johanne Anthonette Kuhlmann,0,0,0,0
6000000002749426384,Q108840611,Anne von Passow,0,0,0,0
6000000007170374483,Q108840614,Dorte Madsdatter Bølle,0,0,0,0
6000000002660069175,Q108840616,Sivert Nielsen,0,0,0,0
6000000007124920617,Q108840617,Mette Pallesdatter Ulfeldt,0,0,0,0
6000000000944931782,Q108840619,Bjørn Steensen Laxmand,0,0,0,0
6000000002512340949,Q108840733,Lage Nicolaussen Urne,0,0,0,0
6000000007170505419,Q108840734,Alheid Breide Clausdotter,0,0,0,0
5253960299040036030,Q108840735,Claus Krumstrup,0,0,0,0
6000000007749612586,Q108840737,Bonde Jensen Due,0,0,0,0
6000000002897173063,Q108840744,Axel Mogensen Gøye,0,0,0,0
6000000006767466007,Q108852636,Gerard ‘Jared’ Spencer,0,0,0,0
6000000006190123905,Q108890363,Bra Puspitaningdiya,0,0,0,0
6000000055771307901,Q10889675,彧 文若 河南洛陽,0,0,0,0
6000000003828375090,Q108944058,Gnaeus Lartius,0,0,0,0
6000000075346206974,Q10899676,審禮 彭城,0,0,0,0
6000000039025031998,Q10899846,攽 貢父 公非 臨江新喻,0,0,0,0
6000000007361054747,Q109012675,Brunissenda de Cardona,0,0,0,0
6000000041260450461,Q1091296,Publius Cornelius Rufinus,0,0,0,0
6000000071231556850,Q109220074,Ignacy,0,0,0,0
6000000019580306239,Q109428329,GKR Pakoe Boewono Raden Ayu Kuspariyah,0,0,0,0
6000000000315924396,Q109447064,Romula,0,0,0,0
6000000003645864211,Q109668313,Fulvius,0,0,0,0
6000000003828371947,Q109790289,Dasumia,0,0,0,0
6000000013814343166,Q109807689,Anna,0,0,0,0
6000000178795028823,Q109888305,Yaacob I,0,0,0,0
6000000002854987891,Q110154733,Søren Nielsen Juul,0,0,0,0
6000000002961851423,Q110154734,Dorte Iversdatter Skiernow,0,0,0,0
6000000001912402715,Q110154741,Anne Maltesdatter Juel,0,0,0,0
6000000014987970760,Q110262073,Heinrich XXll Schwarzburg,0,0,0,0
6000000007923871331,Q110280204,Ebbe,0,0,0,0
6000000006989509411,Q110302493,Ramiro,0,0,0,0
6000000002625081056,Q110302758,Daniel Andersen,0,0,0,0
6000000002391786177,Q110302808,Erik Ormson Ormson,0,0,0,0
6000000016169461232,Q110302863,Tetz Jensen Rosengård,0,0,0,0
6000000001174156407,Q110302867,Margrete,0,0,0,0
6000000009562846266,Q110302874,Børge Mogensen Juel,0,0,0,0
5002339295200083323,Q110302977,Cecilie Gødikesdatter Drefeld,0,0,0,0
6000000003344086575,Q110302980,Erik,0,0,0,0
6000000003344213332,Q110302981,Ingerd Pedersdatter Krabbe,0,0,0,0
6000000003783023344,Q110302987,Baard,0,0,0,0
6000000002527615054,Q110302995,Gyrid Torbergsdatter,0,0,0,0
6000000001504841310,Q110302999,Eiler Hardenberg,0,0,0,0
6000000002503662838,Q110303000,Mette Pedersdatter Present,0,0,0,0
6000000003274287812,Q110303002,Bertel Esbernsen,0,0,0,0
6000000004017415743,Q110303277,Herluf,0,0,0,0
6000000004017656033,Q110303280,Øllegaard Henningsdatter Walkendorff,0,0,0,0
6000000003055519219,Q110303288,Jesper Henriksen,0,0,0,0
6000000000725107454,Q110303291,Margrethe Nielsdatter Bild,0,0,0,0
6000000003367339773,Q110303331,Helle Nielsdatter,0,0,0,0
6000000007570802457,Q110303378,Karen Tagesdatter Hollunger,0,0,0,0
6000000002713356451,Q110303926,Niels Eriksen,0,0,0,0
6000000001504298040,Q110303927,Sophie Nielsdatter Juel,0,0,0,0
6000000006910679510,Q110303933,Johanne Jørgensdatter Krumpen,0,0,0,0
6000000001504702404,Q110303934,Sidsel Clausdatter Bille,0,0,0,0
6000000001835749028,Q110303982,Eskild Nielsen Høeg,0,0,0,0
6000000006380606111,Q110303997,Henneke (Johan) Moltke,0,0,0,0
6000000001504296669,Q110304687,Anders Kaas,0,0,0,0
6000000001504296682,Q110304688,Helvig Skinkel,0,0,0,0
6000000014643625905,Q110304690,Erik Bentsen Norby,0,0,0,0
6000000004533205407,Q110326699,Heseke von Dassel,0,0,0,0
6000000021247118855,Q110380859,Catherine de Maubec,0,0,0,0
6000000120360731844,Q110382930,Anne d'Escars,0,0,0,0
6000000019766689683,Q110394755,Matthieu,0,0,0,0
6000000016145865165,Q110423509,Beltrán de Guevara y Ayala,0,0,0,0
6000000008498598899,Q110457770,Anne Jacobsdatter Fleming,0,0,0,0
6000000006727862565,Q110507164,Otto,0,0,0,0
6000000003041737234,Q110521734,Beatriz Gonçalves de Moura,0,0,0,0
6000000003366948619,Q110548226,Margrethe,0,0,0,0
6000000011782007257,Q110549426,Jochum Lassesen Beck,0,0,0,0
6000000038439372459,Q110549427,Anne Jacobsdatter Ravensberg,0,0,0,0
6000000002749362681,Q110549433,Jørgen Pedersen Marsvin,0,0,0,0
6000000007861101319,Q110549436,Tage Henriksen Thott,0,0,0,0
6000000007860803097,Q110549437,Karen Christensdatter Tornekrands,0,0,0,0
5251653855510129840,Q110549448,Hilleborg Ottesdatter,0,0,0,0
6000000000781634194,Q110549449,Otte Barnekesen Søblade,0,0,0,0
6000000002325812089,Q110549452,Ermegard Eggertsdotter Frille,0,0,0,0
6000000003343441370,Q110549458,Iver Pedersen Jul af Sønderjylland,0,0,0,0
6000000003550481929,Q110549469,Claus Thomsen Sture,0,0,0,0
6000000011634209610,Q110549495,Johann Andreasen Andreassøn Ulfeldt,0,0,0,0
6000000040166405197,Q110549496,Lucie,0,0,0,0
6000000007363697730,Q110549497,Kirstine Pedersdatter Hak,0,0,0,0
5148193461360085043,Q110549498,Mette van Rickesdorp,0,0,0,0
5148204985920023854,Q110549499,Anne,0,0,0,0
6000000003626053886,Q110549501,Kirsten Ottesdatter,0,0,0,0
6000000001504580042,Q110549508,Margrethe Henriksdatter van Siggem,0,0,0,0
4974657752030131736,Q110549514,Mikkel Pedersen Brockenhuus,0,0,0,0
6000000005619893152,Q110549526,Barnum,0,0,0,0
6000000007948312828,Q110549527,Cecilie Pedersdatter,0,0,0,0
6000000001351031111,Q110549560,Henrik Jørgensen Friis af Haraldskær,0,0,0,0
6000000034833069182,Q110549592,Niels Aagesen Tott,0,0,0,0
6000000008780645835,Q110549593,Ingeborg Andersdatter Markmand,0,0,0,0
6000000007570915335,Q110549595,Karen Jepsdatter Rosensparre,0,0,0,0
6000000003867761902,Q110549650,Else/ Lisbeth Mikkelsdatter Sested,0,0,0,0
6000000007987542845,Q110549665,Benedict III von Ahlefeld,0,0,0,0
6000000003828248322,Q110574913,Pons I de Caylus,0,0,0,0
6000000003827937717,Q110580434,Jeanne De Varennes,0,0,0,0
6000000022485958402,Q110588201,Marie de Chazeron,0,0,0,0
6000000005006279047,Q110589688,Hartvig Joachimsen,0,0,0,0
6000000014952416807,Q110602552,Jeanne de Vienne,0,0,0,0
6000000014126212524,Q110603220,Anne de Clermont Tonnerre,0,0,0,0
6000000008050728033,Q110935090,Luis,0,0,0,0
6000000075060491026,Q11095425,元曉 隴西狄道,0,0,0,0
6000000074735244989,Q11095612,千里 隴西狄道,0,0,0,0
6000000074750777891,Q11096044,宗儉 隴西狄道,0,0,0,0
6000000074749809491,Q11096524,恪 隴西狄道,0,0,0,0
6000000074735057934,Q11097447,琛 仲寶 隴西狄道,0,0,0,0
6000000075334817090,Q11097450,琨 隴西狄道,0,0,0,0
6000000075060870921,Q11098362,Yuanfeng 隴西狄道,0,0,0,0
6000000075328214005,Q11102106,行基,0,0,0,0
6000000075328496910,Q11118299,慎矜,0,0,0,0
6000000139199327838,Q11123850,克己 太原文水,0,0,0,0
6000000002603390248,Q111699042,Hugh . de Gournay,0,0,0,0
6000000001110167518,Q111862989,Stephen,0,0,0,0
6000000035156745201,Q111988850,Thomes Thomesen,0,0,0,0
6000000003169755173,Q111988851,Anne Jonsdatter Viffertsen,0,0,0,0
6000000002115374404,Q111988853,Jacob Nielsen,0,0,0,0
5468234657340054944,Q111989140,Sophie Jacobsdatter Rosenkrantz,0,0,0,0
6000000001169115540,Q111989164,Sigrid Erlendsdotter Losna,0,0,0,0
4973095124360103506,Q111989166,Movrids Nielsen Gyldenstierne,0,0,0,0
6000000001504841123,Q111989167,Margareta,0,0,0,0
6000000005442039373,Q111989193,Haakon Eyvindsson,0,0,0,0
6000000001504412376,Q111989217,Gregers Ahlefeldt,0,0,0,0
6000000008874060787,Q112086020,Dymitr Васильевич Szuyski,0,0,0,0
6000000004533620269,Q112183333,Gisela de Zurich,0,0,0,0
6000000007443310281,Q112540668,Gabriel Knudsen Akeleye,0,0,0,0
6000000001669607475,Q112540670,Helrad Jebsdatter Sparre,0,0,0,0
6000000008546770480,Q112542657,Zwinisława Gdańsk,0,0,0,0
6000000006601263708,Q112825242,Sofia Ивановна Sapiega,0,0,0,0
6000000010502212759,Q112897589,Marcus Ulpius Traianus Salvius Titianus Fronto,0,0,0,0
6000000008579083216,Q112957458,Theodoros,0,0,0,0
6000000008248200854,Q112969063,"Eirik ""Strida""",0,0,0,0
6000000003820968938,Q112969077,Kali Sæbjørnsson,0,0,0,0
6000000001669592321,Q112971001,Benkt Nicolasson Nicolassen,0,0,0,0
6000000000631929115,Q112974046,Johan Hansson Munck,0,0,0,0
6000000000769966406,Q113055877,Mary Clark,0,0,0,0
6000000015748725588,Q113149835,Louis de Silly,0,0,0,0
6000000006827501202,Q113558720,"Margaret "" Peggey Tyler",0,0,0,0
6000000019059554979,Q114692045,Abu l-Bāyan Moshe,0,0,0,0
6000000055759282858,Q11477150,賾 清河,0,0,0,0
6000000003289560803,Q114931909,Lebaidah .,0,0,0,0
6000000171668476453,Q115210677,Catherine de Lévis,0,0,0,0
6000000011458358221,Q115301578,"Constantine ""Kurch"" Mihailovich of Pinsk",0,0,0,0
6000000003562241294,Q115631696,König Olofsson,0,0,0,0
6000000007511892998,Q115631697,Anna Olofsdotter,0,0,0,0
6000000002440474568,Q11564070,師隆,0,0,0,0
6000000024434932199,Q115747078,Philip,0,0,0,0
6000000054920603939,Q115771093,John Otis Stanchfield,0,0,0,0
6000000055770575329,Q11581525,柔 子剛 范陽涿縣,0,0,0,0
6000000005086930616,Q115942254,Svend Paulsson,0,0,0,0
6000000003828248699,Q116004133,Azémar I de Mauléon,0,0,0,0
6000000008788960422,Q116055475,Owain Fychan,0,0,0,0
5101295410550070399,Q116150299,Jon,0,0,0,0
6000000006088075478,Q116150301,Ingefred,0,0,0,0
6000000054874009843,Q116181007,Josepha Caroline von Maltzahn,0,0,0,0
6000000002935860709,Q116187214,Cathrine Henriksdatter,0,0,0,0
6000000070238328826,Q116474571,............,0,0,0,0
6000000008954718328,Q116479959,Osaña Martínez de Gonzáles Cieverzo y San Llorente,0,0,0,0
6000000074733749160,Q11658298,伯信 孚之 吳興長城,0,0,0,0
6000000026200490309,Q116877608,RA. Panengah / Nyi Ageng Ngerang-3 binti Sunan Kalijaga,0,0,0,0
6000000009117689361,Q116910898,Niels Mund,0,0,0,0
6000000003667815478,Q117475640,Kristina Nikolasdatter,0,0,0,0
6000000000003329636,Q118153797,Abilena Gilbert,0,0,0,0
6000000028995789749,Q118720037,Ki Ageng Ngerang III / Kyai Buyut ing Pati III bin,0,0,0,0
6000000003645864847,Q11916322,Titus Curtilius Mancia,0,0,0,0
6000000010849360396,Q11923628,Gaius Octavius,0,0,0,0
6000000003377980847,Q11995026,Peder Johansen,0,0,0,0
6000000005606972075,Q120025335,Soetan Mohamad Sahab,0,0,0,0
6000000000465925751,Q120070693,Raden Bondan Kejawen Jaka R. Bondan Kejawan,0,0,0,0
6000000001500841115,Q12009218,Philippe de Bar,0,0,0,0
6000000006167556523,Q120599783,Edmund Berkeley,0,0,0,0
6000000006596796370,Q121147875,Daniel McCarty,0,0,0,0
6000000021318839151,Q121473429,Sophia Александровна Chartoryska,0,0,0,0
6000000002246870034,Q121685491,Benjamin,0,0,0,0
6000000006596930207,Q122497559,Anastasia of Nesvizh,0,0,0,0
6000000041296988079,Q12286053,Aulus Antonius Rufus,0,0,0,0
6000000003645864863,Q12289187,Gaius Octavius Laenas,0,0,0,0
6000000007170562706,Q122931448,nn,0,0,0,0
6000000143838555944,Q122937191,Eleonora (starościanka homelska) Sapieha h. Lis,0,0,0,0
6000000002187952991,Q12294462,Sophia Phokaina,0,0,0,0
6000000008925340517,Q12309463,Eggert Andersen,0,0,0,0
6000000002905138319,Q123224363,Anne Burnham,0,0,0,0
6000000002666326471,Q123625597,Joseph Shaw,0,0,0,0
346134922100011890,Q123630766,John Sperry,0,0,0,0
6000000000112073804,Q123702048,Robert Douglas,0,0,0,0
6000000013671094374,Q123702050,Sarah Elizabeth Edgecomb,0,0,0,0
6000000001421995385,Q1237577,Lucius Egnatius Victor,0,0,0,0
5493666658190068294,Q123900623,Ebenezer Avery,0,0,0,0
6000000006012676007,Q123900658,Margaret Morgan,0,0,0,0
6000000007291747342,Q123900860,David Calkins,0,0,0,0
6000000003206219511,Q123991915,Siti Marijam,0,0,0,0
4036395215610021331,Q124005995,Mary Strong,0,0,0,0
6000000012461503835,Q124044139,Agathe de Genève,0,0,0,0
6000000003077432287,Q124172450,Mary Tyng,0,0,0,0
6000000014067919666,Q124219208,Mikhailo,0,0,0,0
6000000018798281500,Q124221103,Sarah Perry,0,0,0,0
6000000001382780698,Q124326927,Thankful Phelps,0,0,0,0
6000000013074383699,Q124662707,Johanna Leonard,0,0,0,0
6000000004986379420,Q124685233,Margery Carter,0,0,0,0
6000000001959766322,Q124714101,Sarah Yale,0,0,0,0
6000000008439073519,Q124958763,Samuel Buell,0,0,0,0
6000000017988112225,Q125178777,"Ivan ""Bolkh"" Adrianovich",0,0,0,0
6000000001474262026,Q125255553,Elizabeth Putnam,0,0,0,0
6000000008308001754,Q125427980,Timothy Loomis,0,0,0,0
283896414940007239,Q125472016,John Sargent,0,0,0,0
6000000002884064030,Q125858451,Hannah Terry,0,0,0,0
6000000022382881176,Q125913244,Godemar de Lignières,0,0,0,0
6000000044409284064,Q126191989,Alexander,0,0,0,0
6000000006592284693,Q126240367,Arnold Arndt Kuster,0,0,0,0
6000000018946950698,Q126366740,Hieronim,0,0,0,0
6000000007550828877,Q126679394,Mary Montague,0,0,0,0
6000000006907028633,Q126679441,Nathaniel Pratt,0,0,0,0
6000000002498661103,Q126871651,Tirzah Ashley,0,0,0,0
6000000000700882993,Q1269233,Publius Cornelius Scipio Salvito,0,0,0,0
6000000025730441915,Q126954183,Mary Pope,0,0,0,0
6000000209040626837,Q1270236,Olybrius,0,0,0,0
6000000014067076907,Q127325169,Iwan Czetwertyński,0,0,0,0
6000000003938400278,Q127413747,William Briggs,0,0,0,0
6000000000474162821,Q127417131,Arnaud II Duèze,0,0,0,0
6000000092320106161,Q127608252,Joseph Leonard,0,0,0,0
6000000006703307401,Q128043760,Göran Henriksson,0,0,0,0
6000000006703703342,Q128043764,Henrik Horn,0,0,0,0
6000000008835037227,Q128044525,Reinhold Henriksson,0,0,0,0
6000000010723179802,Q128045576,Carl Oskar* Paul Theodor,0,0,0,0
6000000010723407224,Q128045579,Ernst Karl,0,0,0,0
6000000012691883073,Q128046424,Gustaf Adolf,0,0,0,0
6000000189186093821,Q128071657,Mikael Törne,0,0,0,0
6000000002996666954,Q128156958,Anna Olofsdotter Bure,0,0,0,0
6000000006127170197,Q128157167,Ingeborg Grubbe,0,0,0,0
6000000011723212574,Q128158393,Sara Törne,0,0,0,0
6000000032066864046,Q128210396,Jedediah Jones,0,0,0,0
6000000003828399783,Q1283595,Marcus Junius Silanus,0,0,0,0
6000000008997446264,Q128803294,Mary Webster,0,0,0,0
6000000012400479084,Q129566127,Manco Sapaca,0,0,0,0
6000000003937905757,Q130014417,Thomas Clark,0,0,0,0
6000000024887790130,Q130018125,Nathaniel Morton,0,0,0,0
6000000015988204814,Q130234719,Lamoral,0,0,0,0
6000000005053700061,Q130261518,Eleazer Chase,0,0,0,0
6000000016457676262,Q130485131,Mikołaj Charlęski h. Bończa,0,0,0,0
6000000008277237018,Q130629840,Niðbjörg Bjolansdóttir,0,0,0,0
6000000014715377253,Q130749460,Yuri Федорович Несвицкий,0,0,0,0
6000000006840421716,Q1310559,Concubine (Irene?) of Egypt,0,0,0,0
6000000034256149288,Q131359169,James Burt,0,0,0,0
6000000003937835071,Q131364518,Hannah Lombard,0,0,0,0
6000000022835152204,Q131369583,Joseph Drake,0,0,0,0
6000000016750049843,Q131386799,Jędrzej Naruszewicz h. Wadwicz,0,0,0,0
328059531260007050,Q131389686,Mildred Berry,0,0,0,0
6000000002576660683,Q131399487,Sarah Catlin,0,0,0,0
6000000002302567068,Q131399500,William Bartholomew,0,0,0,0
6000000007701856348,Q131401217,Gideon Finch,0,0,0,0
6000000003602609773,Q131439274,Ann Byrd Carter,0,0,0,0
6000000004840723960,Q131448059,Mary Hollister,0,0,0,0
6000000003858554277,Q131550650,Samuel Bliss,0,0,0,0
6000000003513614912,Q131582532,Patience Burt,0,0,0,0
6000000000152081403,Q131630818,Susannah Merrill,0,0,0,0
6000000191645434823,Q131901152,K. P. H. Soerjosoemarno,0,0,0,0
6000000025996116360,Q132778717,Isabeau,0,0,0,0
6000000012591478303,Q132778725,Suzanne,0,0,0,0
6000000000276666574,Q133284529,Francisca,0,0,0,0
6000000078425063907,Q133505047,Дмитрий Львович Векошка,0,0,0,0
6000000052127970893,Q133521479,尚之 季儒 范陽涿縣,0,0,0,0
6000000002836980519,Q133896451,海雄,0,0,0,0
6000000003645908151,Q1339859,Ennigaldi / Bel-shalti-nanna,0,0,0,0
6000000054198066943,Q134089647,陳郡陽夏,0,0,0,0
6000000014421975343,Q134099965,Konstantin Glebovich Yaroslavsky Shah,0,0,0,0
6000000014713353703,Q134373858,Abraham de Butts,0,0,0,0
6000000038290134024,Q134409613,Margaret Teackle,0,0,0,0
6000000001745140297,Q134409682,Thomas Savage,0,0,0,0
6000000002172603597,Q134409717,Esther Littleton,0,0,0,0
6000000009179187283,Q13478492,Volodar Volodsha Василькович,0,0,0,0
6000000080810418078,Q13478526,Василий Брячиславич,0,0,0,0
6000000001690766487,Q134882392,Samuel Loomis,0,0,0,0
6000000020341820478,Q134985471,Hernando,0,0,0,0
6000000020341934640,Q134985472,Alonso,0,0,0,0
6000000020342160236,Q134985473,Juan,0,0,0,0
6000000020342253889,Q134985474,Leonor,0,0,0,0
6000000020342253912,Q134985476,María,0,0,0,0
6000000185576239967,Q134985766,Jeronimo Altamirano,0,0,0,0
6000000020342285859,Q134986004,Francisco,0,0,0,0
6000000004714811001,Q134986397,Juana de Herrera y Guzmán,0,0,0,0
6000000000203461111,Q134986698,Pedro Gallego de Andrade,0,0,0,0
6000000002246215892,Q135196185,Isaac Eustace,0,0,0,0
6000000001816968114,Q135196226,Sarah Eilbeck Mason,0,0,0,0
6000000001531288447,Q135285222,Elizabeth Clarke,0,0,0,0
6000000000795180301,Q135285230,Judith Reyner,0,0,0,0
6000000220294810877,Q135489922,Tabia,0,0,0,0
6000000008832142276,Q135529148,Helga Einarsdóttir,0,0,0,0
6000000009687559116,Q135680923,Abto Lebsi,0,0,0,0
6000000017686990627,Q135875166,Ingeborg Arenfeldt,0,0,0,0
6000000000437119103,Q135976530,Aleidis Hendricksdr van Cuijck,0,0,0,0
6000000003858704278,Q135976548,Ivan,0,0,0,0
6000000026164892867,Q135983681,Akarina von Tschernigow,0,0,0,0
4320895910700022259,Q136125812,Bure des Barres,0,0,0,0
6000000028266382812,Q136228625,Michal Wołłowicz h. Bogoria,0,0,0,0
6000000001504580144,Q136376277,Lisbeth Clausdatter Podebusk,0,0,0,0
6000000020799420790,Q136466244,Sandiri Datuk Bandaro Kuning,0,0,0,0
6000000000437343077,Q136470526,Gisela of the Obertenghi,0,0,0,0
6000000084783862588,Q136812384,Аграфена Григорьевна Годунова,0,0,0,0
6000000010993644604,Q136949385,Constanza,0,0,0,0
6000000014058425443,Q136955323,Dashko Fedorov Hodkevich,0,0,0,0
6000000083567907048,Q137188614,Petras,0,0,0,0
6000000106210334921,Q137260301,Charles,0,0,0,0
6000000001132486947,Q137593941,Gwladys verch Brychan II,0,0,0,0
6000000041178106023,Q138032455,Michał Kurcz h. Radwan,0,0,0,0
6000000028266467336,Q138206224,Piotr Wołłowicz h. Bogoria,0,0,0,0
6000000028266318574,Q138206227,Jerzy Wołłowicz h. Bogoria,0,0,0,0
6000000002908241712,Q138665685,Lydia Todd,0,0,0,0
6000000000371155002,Q139249537,Henry Thacker,0,0,0,0
6000000002906786228,Q139695535,Penelope Edwards Pope,0,0,0,0
6000000033242116847,Q139736250,Aikshtas Кориатович Gediminids,0,0,0,0
6000000001233655627,Q139736826,Patience Reed,0,0,0,0
6000000035992459543,Q139795274,Lavinia Bernheimer,0,0,0,0
6000000022276100602,Q139858214,Caterina,0,0,0,0
4822428690590079857,Q1401068,Beli ap Eiludd,0,0,0,0
6000000041177723500,Q140354311,Jan Kurcz h. Radwan,0,0,0,0
6000000041177608721,Q140354313,Stanisław Kurcz h. Radwan,0,0,0,0
6000000041177735589,Q140354401,Marianna Kurcz h. Radwan,0,0,0,0
6000000016751327433,Q140354402,Teodora Kurcz h. Radwan,0,0,0,0
6000000041177692728,Q140354402,Teresė Kurčaitė,0,0,0,0
6000000008979863322,Q140373686,Carl Silfversparre,0,0,0,0
6000000004032807949,Q140373712,Anna Bagge af Boo,0,0,0,0
6000000009766753618,Q140466223,Valentina Justina,0,0,0,0
6000000007981010008,Q140761662,Anne Manderupsdatter Holck,0,0,0,0
6000000007834199370,Q15392109,Iorwerth,0,0,0,0
6000000133728441833,Q15908186,嘉 河南洛陽,0,0,0,0
6000000055760462967,Q15915127,德玄 文通 滎陽開封,0,0,0,0
6000000074750677999,Q15954431,隴西狄道,0,0,0,0
6000000074766717720,Q15954845,隴西狄道,0,0,0,0
6000000075382412833,Q16075422,簡 子敬 定州安喜,0,0,0,0
6000000000351389954,Q1607570,Acáutli ( Acacitli ),0,0,0,0
6000000075060923880,Q16076514,Yong 京兆長安,0,0,0,0
6000000038176803729,Q16077406,舉正 伯中 真定,0,0,0,0
6000000015212279774,Q16162245,Adalberto III,0,0,0,0
6000000000162830875,Q16228413,Shushandukht,0,0,0,0
6000000013049892117,Q16353629,Theodericus,0,0,0,0
6000000004997262313,Q16421880,Brostrup Knudsen Giedde,0,0,0,0
6000000011436916311,Q16540100,Dionizy,0,0,0,0
6000000000701212199,Q17113694,Daugerutė of Lithuania,0,0,0,0
6000000009827936989,Q17213407,有雄,0,0,0,0
6000000000536956838,Q175314,Radulf (Hrudi) von Thüringen,0,0,0,0
6000000000261090276,Q18241962,Cadelon III d'Aulnay,0,0,0,0
6000000075344506277,Q18457407,順 河南洛陽,0,0,0,0
6000000000337781267,Q18783930,Richard Fitz Scrob,0,0,0,0
6000000075405796901,Q18906741,子溫 河東解縣,0,0,0,0
6000000075345736358,Q18906758,渙 河東解縣,0,0,0,0
6000000075346685850,Q18906770,澤 河東解縣,0,0,0,0
6000000117180100822,Q18908479,次元 河東聞喜,0,0,0,0
6000000154825564821,Q195700,Gerhard,0,0,0,0
6000000074737725285,Q19855866,楷 雄方 趙州平棘,0,0,0,0
6000000000774665477,Q19997631,Adelais de Rouergue,0,0,0,0
6000000075344227012,Q20040177,昂 深州安平,0,0,0,0
6000000017947153191,Q2064276,Paku Alam II Pangeran Suryaningrat RT Notodiningrat (1829-1858),0,0,0,0
6000000035681881459,Q20715502,Ростислав Рогволдич,0,0,0,0
6000000019587959588,Q21684249,Всеслав Васильевич,0,0,0,0
6000000075060318079,Q22813496,璥 隴西狄道,0,0,0,0
6000000075344496824,Q22813854,讚 博陵安平,0,0,0,0
6000000075328455914,Q22813892,萇 河南洛陽,0,0,0,0
6000000023701612980,Q22814785,仁 琅邪臨沂,0,0,0,0
6000000075334108934,Q22814820,Shoujiu,0,0,0,0
6000000075334204836,Q22814829,力真,0,0,0,0
6000000029562205106,Q22833315,Théobald de Blamont,0,0,0,0
6000000000199522828,Q230314,Malineli Tenepatl,0,0,0,0
6000000187313261831,Q24197912,Дмитрий,0,0,0,0
6000000011855024217,Q2464872,Dausprungas,0,0,0,0
6000000144630552821,Q24833527,延 安定臨涇,0,0,0,0
6000000055769345936,Q24839027,祥 元善 趙郡平棘,0,0,0,0
6000000009152980692,Q24921025,Gottfried III von Eppenstein,0,0,0,0
6000000030546515402,Q24934688,Gaius Annius Anullinus Geminus,0,0,0,0
6000000003828392230,Q24951538,Cossinius,0,0,0,0
6000000017090993382,Q25469528,Kyai Ageng Mangir-3 / Ki Jaka Mangir Wonoboyo-4,0,0,0,0
6000000014961432483,Q25483915,Gerhard lV,0,0,0,0
6000000007825370257,Q25549977,Musa al-Thani Al-Hasani,0,0,0,0
6000000032801280821,Q25638790,Tlotzin - Atzotzocoltzin Tenayuca - Tlotzin Pachotl,0,0,0,0
6000000007150835678,Q2575163,Cadell Ddyrnllwg,0,0,0,0
6000000075327963267,Q25926879,慎名,0,0,0,0
6000000075328522861,Q25926889,慎餘,0,0,0,0
6000000025610978146,Q26158718,稚 鄭 Zhèng,0,0,0,0
6000000074737949228,Q26159659,拻 趙州贊皇,0,0,0,0
6000000055769715279,Q26159687,叔胤 趙國柏仁,0,0,0,0
6000000075345413928,Q26185015,珽 子笏 范陽涿縣,0,0,0,0
6000000075345719842,Q26185967,璥 范陽涿縣,0,0,0,0
6000000075345731030,Q26186436,士熙 范陽涿縣,0,0,0,0
6000000074748214848,Q26197214,意如 萊州掖縣,0,0,0,0
6000000075345887127,Q26197866,善才 河東解縣,0,0,0,0
6000000075368822831,Q26198077,略 河南洛陽,0,0,0,0
6000000075344260875,Q26208883,弘表 光遠 京兆杜陵,0,0,0,0
6000000074733339931,Q26209002,結 弘農華陰,0,0,0,0
6000000075344012027,Q26209539,弘慶 京兆長安,0,0,0,0
6000000019777853243,Q26261659,Bogdan Dimitrijus,0,0,0,0
6000000027346165415,Q2626652,Acolnahuacatzin,0,0,0,0
6000000012439465257,Q26714723,Koylikin or Goyligin,0,0,0,0
6000000002998015969,Q2724873,Qusay Al-Qurashi,0,0,0,0
6000000003524580121,Q27345954,Vasili Фёдорович,0,0,0,0
6000000074733058855,Q279707,義康 吉州安福,0,0,0,0
6000000052128277868,Q28416194,孝伯 趙郡平棘,0,0,0,0
6000000003494734403,Q28665953,Guilhèm II de Besièrs,0,0,0,0
6000000001251462995,Q28717825,Simon Kåresson,0,0,0,0
6000000016324936145,Q2895793,Martha daughter of Boethus,0,0,0,0
6000000040089350482,Q2974985,Vagn,0,0,0,0
6000000074732463011,Q30950942,霸 太原陽曲,0,0,0,0
6000000017005179451,Q3119315,Guy de Brosse,0,0,0,0
6000000006131105658,Q312032,Achaemenes,0,0,0,0
6000000020703999201,Q313731,Αρχίδαμος,0,0,0,0
6000000000065187287,Q313910,Karanos,0,0,0,0
6000000007239472414,Q3178377,朝,0,0,0,0
6000000015496389635,Q324271,Simon ben Boethus,0,0,0,0
6000000003051250763,Q324602,Lucius Julius Libo,0,0,0,0
6000000002541131528,Q3277252,Angus Gilchrist,0,0,0,0
6000000003219779698,Q335885,Boedhe mac Cináeda,0,0,0,0
6000000008630655863,Q3386694,Budic,0,0,0,0
6000000001809638693,Q3482119,忠久,0,0,0,0
6000000041412061243,Q353938,Tiberius Claudius Pompeianus Quintianus,0,0,0,0
6000000018291855704,Q3595876,Aja Maha Raju,0,0,0,0
6000000171524508492,Q3736064,Sune,0,0,0,0
6000000003998829500,Q3761553,Gewis,0,0,0,0
6000000008592343633,Q3769073,Gisela of Friuli,0,0,0,0
6000000003827309346,Q4067684,Antonius Donatus Gregorius,0,0,0,0
6000000003645853361,Q415483,Acacius,0,0,0,0
6000000031613868654,Q4397039,Roman Semionovich Nowosielski,0,0,0,0
6000000034638822048,Q4398417,Rostislav Glebovich,0,0,0,0
6000000074684983885,Q45354843,世修 開封,0,0,0,0
6000000039008493659,Q45354986,嗣恭 河南洛陽,0,0,0,0
6000000074685389192,Q45355288,徽言 秀州華亭,0,0,0,0
6000000074691183036,Q45356064,巽 順之 盱貽天長,0,0,0,0
6000000051921560628,Q45356126,公岳 希仲 泉州惠安,0,0,0,0
6000000074692799846,Q45356737,懋 敏修 興化仙遊,0,0,0,0
6000000074699276861,Q45357328,稙 元直 泗州臨淮,0,0,0,0
6000000074701924842,Q45358286,玿 廬州合肥,0,0,0,0
6000000074701003519,Q45358317,充,0,0,0,0
6000000037889421516,Q45360413,佺 汴州開封,0,0,0,0
6000000038046573201,Q45361116,百慮 許州長社,0,0,0,0
6000000051565742081,Q45361917,長歷 臨江清江,0,0,0,0
6000000074353823158,Q45362143,希說 濮州鄄城,0,0,0,0
6000000074704256823,Q45362597,之問 江陵,0,0,0,0
6000000074354190961,Q45362762,延孫 開封鄢陵,0,0,0,0
6000000074705074024,Q45362897,護 福州侯官,0,0,0,0
6000000037591166715,Q45363132,師禮 安仲 杭州錢塘,0,0,0,0
6000000043383969826,Q45363507,戢 同州韓城,0,0,0,0
6000000038107311161,Q45365076,令孫 大名宗城,0,0,0,0
6000000037722004326,Q45365195,宏 陝州夏縣,0,0,0,0
6000000037722083273,Q45365217,保孫 祖德 開封鄢陵,0,0,0,0
6000000074692259000,Q45365674,群 無黨 閬州閬中,0,0,0,0
6000000075059047940,Q45365853,可封 秀州海鹽,0,0,0,0
6000000074370603118,Q45365872,祖恕 婺州金華,0,0,0,0
6000000037590871222,Q45366151,濤 致遠 處州龍泉,0,0,0,0
6000000074704367905,Q45366568,懋 泉州晉江,0,0,0,0
6000000074726396836,Q45366610,孝迪 壽州下蔡,0,0,0,0
6000000074728335862,Q45369783,從願 泉州南安,0,0,0,0
6000000074725813831,Q45371654,君章 時發 福州侯官,0,0,0,0
6000000074730069978,Q45371932,岐州扶風,0,0,0,0
6000000074726150843,Q45373353,B 秀州華亭,0,0,0,0
6000000042926234949,Q45373408,樵 山甫 平江崑山,0,0,0,0
6000000074704579835,Q45373487,堅 宋州宋城,0,0,0,0
6000000074732955935,Q45373702,混 彭城,0,0,0,0
6000000074471672575,Q45373896,幽州薊縣,0,0,0,0
6000000038224608855,Q45374242,衹德 嚴甫 撫州臨川,0,0,0,0
6000000010476940324,Q45374295,Jūn Zhèng 君政,0,0,0,0
6000000074703791145,Q45375985,龜符 趙州平棘,0,0,0,0
6000000038027609056,Q45376475,夢奇 穎州下蔡,0,0,0,0
6000000074692124898,Q45377479,鄴 越州山陰,0,0,0,0
6000000074685616939,Q45378289,幽州薊縣,0,0,0,0
6000000039008493742,Q45378647,宰 亳州譙縣,0,0,0,0
6000000038046578306,Q45378696,百揆 子中 成都華陽,0,0,0,0
6000000074736337035,Q45378712,宇,0,0,0,0
6000000074702511805,Q45378732,沼 眉州通義,0,0,0,0
6000000075335121057,Q45378845,嗣 隴西狄道,0,0,0,0
6000000074737271951,Q45379360,翔 閬州閬中,0,0,0,0
6000000074684838111,Q45379772,為 河南洛陽,0,0,0,0
6000000074738195868,Q45379789,翿 許州長社,0,0,0,0
6000000074725252500,Q45380511,褒 福州侯官,0,0,0,0
6000000074709618906,Q45380603,元吉 襄邑,0,0,0,0
6000000074745789904,Q45380980,彥 鉅鹿曲城,0,0,0,0
6000000074691343982,Q45382948,端 京兆長安,0,0,0,0
6000000074746050174,Q45382976,嘉正 會之 江陵,0,0,0,0
6000000074700925175,Q45383513,握 湖州長興,0,0,0,0
6000000074746875003,Q45383520,仁,0,0,0,0
6000000075062338847,Q45383978,正己 河南洛陽,0,0,0,0
6000000074690923234,Q45384010,昌祐 成都華陽,0,0,0,0
6000000038046558315,Q45384021,百歲 子老 許州長社,0,0,0,0
6000000021151014406,Q45385209,伯祖 清河,0,0,0,0
6000000074748251829,Q45387086,明之 開封,0,0,0,0
6000000038103360175,Q45387403,言 伯謹 大名莘縣,0,0,0,0
6000000063343484833,Q45389129,從善 鄭州管城,0,0,0,0
6000000036584101714,Q45389716,明 撫州臨川,0,0,0,0
6000000037591297321,Q45390710,德筠 撫州金谿,0,0,0,0
6000000074703668938,Q45391513,釿 眉州通義,0,0,0,0
6000000074750375821,Q45391679,仲恭 太原,0,0,0,0
6000000074751472822,Q45392813,嵩 臨州狄道,0,0,0,0
6000000074726106887,Q45393508,錫,0,0,0,0
6000000074752674023,Q45394587,仕雋 河南洛陽,0,0,0,0
6000000074753664829,Q45395558,崇 吳郡吳縣,0,0,0,0
6000000074701804941,Q45396023,復 廬州合肥,0,0,0,0
6000000038200123605,Q45396495,琛,0,0,0,0
6000000074703975875,Q45397841,A 揚州江都,0,0,0,0
6000000019867751396,Q45400330,穆 深遠 泉州晉江,0,0,0,0
6000000047184834821,Q45402076,君玉 建昌南城,0,0,0,0
6000000042925743304,Q45402189,覺 江寧溧水,0,0,0,0
6000000058104022070,Q45402912,助 蘇州長洲,0,0,0,0
6000000047503585884,Q45403099,通 處州麗水,0,0,0,0
6000000074768637956,Q45403121,檢 會稽餘姚,0,0,0,0
6000000074769445099,Q45404417,堯臣 杭州錢塘,0,0,0,0
6000000074770416123,Q45406121,叔恆 懷州河內,0,0,0,0
6000000074771064854,Q45406271,錫 君貺 常州宜興,0,0,0,0
6000000074703866896,Q45414162,恬 金華,0,0,0,0
6000000075326897881,Q45417794,整 東海郯縣,0,0,0,0
6000000074724645701,Q45417940,L 江寧,0,0,0,0
6000000074717729569,Q45418110,Q 撫州臨川,0,0,0,0
6000000074745352073,Q45418715,處 鉅鹿曲城,0,0,0,0
6000000074745742008,Q45418725,膺 鉅鹿曲城,0,0,0,0
6000000074745766957,Q45418727,華 鉅鹿曲城,0,0,0,0
6000000075327456459,Q45418836,元壽 朔州鄯陽,0,0,0,0
6000000075328657886,Q45418909,楷 京兆杜陵,0,0,0,0
6000000075328876030,Q45418984,琬 京兆杜陵,0,0,0,0
6000000075329244839,Q45418987,琨 京兆杜陵,0,0,0,0
6000000075328868110,Q45418988,璲 京兆長安,0,0,0,0
6000000075329170968,Q45418991,瑜 京兆長安,0,0,0,0
6000000075333381910,Q45419003,沙莫仁,0,0,0,0
6000000075333961926,Q45419037,覽 休因 河南洛陽,0,0,0,0
6000000075337895870,Q45419179,湊 京兆長安,0,0,0,0
6000000075337931944,Q45419208,興 弘農華陰,0,0,0,0
6000000075337867042,Q45419236,豫之 弘農華陰,0,0,0,0
6000000075337877939,Q45419238,思訓 弘農華陰,0,0,0,0
6000000075343847093,Q45419244,延 延賓 京兆長安,0,0,0,0
6000000075338185821,Q45419279,說 華州華陰,0,0,0,0
6000000075344306852,Q45419311,琛 弘農華陰,0,0,0,0
6000000075344278912,Q45419343,希緘 京兆長安,0,0,0,0
6000000074758945207,Q45419351,懷敬 京兆長安,0,0,0,0
6000000075344182016,Q45419403,公業 深州安平,0,0,0,0
6000000075344571068,Q45419522,泰 清河東武城,0,0,0,0
6000000074733016897,Q45419602,Bù Yí 不疑 潁川城父,0,0,0,0
6000000074733527883,Q45419617,Mèng Chéng 孟成 范陽方城,0,0,0,0
6000000075345136848,Q45419623,隆 范陽方城,0,0,0,0
6000000075344198903,Q45419696,士貴 弘農華陰,0,0,0,0
6000000075338280878,Q45419698,志誠 弘農華陰,0,0,0,0
6000000074748618821,Q45419712,敏 季卿 晉昌冥安,0,0,0,0
6000000075345602836,Q45419845,悅 德州平原,0,0,0,0
6000000075345117034,Q45419880,齊卿 范陽涿縣,0,0,0,0
6000000074749540083,Q45419899,仁偉 河東汾陰,0,0,0,0
6000000075344929318,Q45420057,士徹 范陽涿縣,0,0,0,0
6000000049444651207,Q45420105,聞禮 大端 陳郡長平,0,0,0,0
6000000074735807023,Q45420117,伋 忠州桂溪,0,0,0,0
6000000075346449926,Q45420286,縃 河東解縣,0,0,0,0
6000000075372317848,Q45420339,誡言 河東解縣,0,0,0,0
6000000075346420918,Q45420345,純 河東解縣,0,0,0,0
6000000075368910833,Q45420383,希環 河南洛陽,0,0,0,0
6000000075369034835,Q45420390,璉 扶風平陵,0,0,0,0
6000000023809875333,Q45420435,曄 河東聞喜,0,0,0,0
6000000057600116079,Q45420651,道子 復泰 河東聞喜,0,0,0,0
6000000075372804874,Q45420655,澄 靜慮 河東聞喜,0,0,0,0
6000000075377311821,Q45420666,居遵 河東聞喜,0,0,0,0
6000000075375958874,Q45420673,璆 河東聞喜,0,0,0,0
6000000021260943072,Q45420819,道賜 南蘭陵,0,0,0,0
6000000075396402483,Q45420847,元禮 京兆長安,0,0,0,0
6000000075399060867,Q45421188,寬 河南洛陽,0,0,0,0
6000000075345733004,Q45421308,士繪 范陽涿縣,0,0,0,0
6000000074750315860,Q45421382,仲詞 太原,0,0,0,0
6000000074750284920,Q45421395,鈞 太原,0,0,0,0
6000000075344186994,Q45421486,昇之 深州安平,0,0,0,0
6000000075398631235,Q45421574,定宗 河東聞喜,0,0,0,0
6000000074757854976,Q45421644,懿 京兆杜陵,0,0,0,0
6000000075401748848,Q45421852,榮期 絳州聞喜,0,0,0,0
6000000074717087870,Q45421903,公華 清河東武城,0,0,0,0
6000000016699746684,Q45422167,融 吳郡吳縣,0,0,0,0
6000000074734449904,Q45422185,CC 京兆長安,0,0,0,0
6000000075402309007,Q45422389,烏利 幽州薊縣,0,0,0,0
6000000075402644915,Q45422391,猛 幽州薊縣,0,0,0,0
6000000075402720884,Q45422400,羅辰 奴真 河南洛陽,0,0,0,0
6000000075402631210,Q45422606,崇基 京兆長安,0,0,0,0
6000000075346010848,Q45422612,士倫 范陽涿縣,0,0,0,0
6000000074758952105,Q45424271,強學,0,0,0,0
6000000075060950856,Q45424433,琳 隴西狄道,0,0,0,0
6000000074753557911,Q45425131,康 吳郡吳縣,0,0,0,0
6000000075419175864,Q45425897,鄩,0,0,0,0
6000000051565884944,Q45426217,襲譽,0,0,0,0
6000000016688722416,Q45426692,恭 彥祖 吳郡吳縣,0,0,0,0
6000000075378647831,Q45426923,師道 河東聞喜,0,0,0,0
6000000075419520868,Q45427452,任,0,0,0,0
6000000075418578310,Q45427497,沇,0,0,0,0
6000000075419470869,Q45427540,約,0,0,0,0
6000000074350486085,Q45427689,DD 濟州鉅野,0,0,0,0
6000000039008925137,Q45427876,浹,0,0,0,0
6000000075419556278,Q45429286,張,0,0,0,0
6000000074371036841,Q45429778,大麟 婺州金華,0,0,0,0
6000000075059151234,Q45449182,同辰 京兆長安,0,0,0,0
6000000075060932866,Q45449244,同師 京兆長安,0,0,0,0
6000000075060497067,Q45449309,同贊 京兆長安,0,0,0,0
6000000075060930890,Q45449371,同玄 京兆長安,0,0,0,0
6000000075060804899,Q45449436,同行 京兆長安,0,0,0,0
6000000075060724922,Q45449498,同文 京兆長安,0,0,0,0
6000000075061069827,Q45449561,同泰 京兆長安,0,0,0,0
6000000075060389065,Q45449626,同賓 京兆長安,0,0,0,0
6000000075061006896,Q45449688,同證 京兆長安,0,0,0,0
6000000074717271866,Q45452646,翦 蒲州河東,0,0,0,0
6000000074717239867,Q45452707,翼 蒲州河東,0,0,0,0
6000000074738573015,Q45452776,處厚 趙州元氏,0,0,0,0
6000000074788613926,Q45452813,歡 鄭州榮澤,0,0,0,0
6000000074717051969,Q45452838,翽 蒲州河東,0,0,0,0
6000000074738255018,Q45452841,處實 趙州元氏,0,0,0,0
6000000074788502954,Q45452877,利用 鄭州榮澤,0,0,0,0
6000000074738938873,Q45452906,處恭 趙州元氏,0,0,0,0
6000000074738946894,Q45452967,處沖 趙州元氏,0,0,0,0
6000000074717236849,Q45453068,門老,0,0,0,0
6000000074739124902,Q45453094,處虛 趙州元氏,0,0,0,0
6000000074788193991,Q45454919,仲章 鄭州榮陽,0,0,0,0
6000000074734871901,Q45462459,鎮 隴西狄道,0,0,0,0
6000000074735024058,Q45463603,景陽 京兆長安,0,0,0,0
6000000048810468028,Q45473879,叡 汾州孝義,0,0,0,0
6000000074732426484,Q45486485,璟 唐州方城,0,0,0,0
6000000074733425022,Q45486548,珦 唐州方城,0,0,0,0
6000000074732188525,Q45486611,璪 唐州方城,0,0,0,0
6000000074733752854,Q45486677,瑀 唐州方城,0,0,0,0
6000000074767550884,Q45486851,守一 河南洛陽,0,0,0,0
6000000074767387015,Q45487107,瓘 河南洛陽,0,0,0,0
6000000075061437918,Q45489082,沖 隴西狄道,0,0,0,0
6000000017553305700,Q45489405,寶壽,0,0,0,0
6000000074716129226,Q45496482,翟 蒲州河東,0,0,0,0
6000000074735490885,Q45497575,景祥 京兆長安,0,0,0,0
6000000074735207981,Q45497831,景叔 京兆長安,0,0,0,0
6000000074735387002,Q45497896,景翱 京兆長安,0,0,0,0
6000000074732536302,Q45505236,鍇 蘭陵,0,0,0,0
6000000074758937549,Q45526227,旻 京兆杜陵,0,0,0,0
6000000074717205872,Q45527168,名娘,0,0,0,0
6000000074717126895,Q45527232,建娘,0,0,0,0
6000000074717021974,Q45527293,朱義 河南洛陽,0,0,0,0
6000000074716983020,Q45527358,趙九 河南洛陽,0,0,0,0
6000000074716863115,Q45527421,魯魯 河南洛陽,0,0,0,0
6000000074717203883,Q45527485,龐老 河南洛陽,0,0,0,0
6000000074734937913,Q45534628,慧 隴西狄道,0,0,0,0
6000000074758111821,Q45537469,正心 京兆杜陵,0,0,0,0
6000000074767793847,Q45543945,瑱 隴西狄道,0,0,0,0
6000000074733687844,Q45550212,則 范陽方城,0,0,0,0
6000000074750329187,Q45552962,俏 隴西狄道,0,0,0,0
6000000074750504016,Q45553085,偘 隴西狄道,0,0,0,0
6000000074750739845,Q45553987,禎 隴西狄道,0,0,0,0
6000000074750735831,Q45554051,祁 隴西狄道,0,0,0,0
6000000074750616897,Q45554112,福 隴西狄道,0,0,0,0
6000000074750433061,Q45554172,禧 隴西狄道,0,0,0,0
6000000074750580912,Q45554234,祜 隴西狄道,0,0,0,0
6000000074750600963,Q45554298,禔 隴西狄道,0,0,0,0
6000000074750400154,Q45554362,祐 隴西狄道,0,0,0,0
6000000074733866076,Q45565418,四娘,0,0,0,0
6000000074750358041,Q45565864,景裕 隴西狄道,0,0,0,0
6000000075344436122,Q45568055,璡 清河武城,0,0,0,0
6000000074759982855,Q45568740,著 京兆杜陵,0,0,0,0
6000000074733577987,Q45575479,佻,0,0,0,0
6000000074788267918,Q45576298,德秀 滎陽開封,0,0,0,0
6000000075060905909,Q45578074,叔 隴西狄道,0,0,0,0
6000000075403350850,Q45602523,珌 太原祁縣,0,0,0,0
6000000074717220885,Q45604919,同佑 河南洛陽,0,0,0,0
6000000074716770043,Q45604982,同映 河南洛陽,0,0,0,0
6000000074716254257,Q45605046,同靖 河南洛陽,0,0,0,0
6000000074733839828,Q45605924,縉,0,0,0,0
6000000074734615827,Q45609513,乾盛 湖州長城,0,0,0,0
6000000012371593301,Q45614656,郁,0,0,0,0
6000000074717240887,Q45621408,朝 清河東武城,0,0,0,0
6000000074716177165,Q45621470,虔 清河東武城,0,0,0,0
6000000074717087985,Q45621531,幹 清河東武城,0,0,0,0
6000000074733551974,Q45630947,晦之 河南洛陽,0,0,0,0
6000000074733836847,Q45631010,回 涿州范陽,0,0,0,0
6000000074770843968,Q45634173,聖僕 羲叟 懷州河內,0,0,0,0
6000000075345244133,Q45636669,登 范陽涿縣,0,0,0,0
6000000075336455553,Q45636730,承乂 弘農華陰,0,0,0,0
6000000074717276823,Q45637581,肇 河南澠池,0,0,0,0
6000000075345865859,Q45638579,式方 范陽,0,0,0,0
6000000075345393105,Q45638642,弘方 范陽,0,0,0,0
6000000075345544033,Q45638703,遵方 范陽,0,0,0,0
6000000075345267107,Q45638765,友方 范陽,0,0,0,0
6000000075346664839,Q45639012,固安 河東解縣,0,0,0,0
6000000075403791856,Q45639383,詞 河南緱氏,0,0,0,0
6000000074713129844,Q45639895,崇約 河東解縣,0,0,0,0
6000000074759702905,Q45640269,景 京兆杜陵,0,0,0,0
6000000074759801020,Q45640330,署 彭州九龍,0,0,0,0
6000000074699491861,Q45651325,玭 慈州文城,0,0,0,0
6000000074767392027,Q45653489,二娘 河南洛陽,0,0,0,0
6000000074767378032,Q45653548,構 河南洛陽,0,0,0,0
6000000074733647883,Q45657048,嶠 襄州安養,0,0,0,0
6000000074750273913,Q45678184,銶 太原,0,0,0,0
6000000074750095116,Q45678251,鑲 太原,0,0,0,0
6000000074750145047,Q45678680,鑄 太原,0,0,0,0
6000000074750351839,Q45678714,仲文 翊周 太原,0,0,0,0
6000000074750115095,Q45678745,仲謙 太原,0,0,0,0
6000000074749923245,Q45678779,仲詡 太原,0,0,0,0
6000000074749764350,Q45678813,仲宣 太原,0,0,0,0
6000000074749814215,Q45678846,仲武 太原,0,0,0,0
6000000129048001381,Q4674459,Acolmiztli - Coatl Ichan,0,0,0,0
6000000003021935932,Q4678590,Adam Mórmaer of Angus,0,0,0,0
6000000002187624247,Q4691548,Agathocles,0,0,0,0
6000000003645919410,Q471820,履 子姓,0,0,0,0
6000000003645671347,Q4811064,Bláthóc / Bjaðǫk,0,0,0,0
6000000011749928314,Q4844977,Guðrøðr,0,0,0,0
6000000005703890001,Q48925204,Béatrix de Hainaut,0,0,0,0
6000000002187712891,Q508117,Marcus Valerius Messalla Corvinus,0,0,0,0
6000000011063280381,Q5191884,Cuahtototzin Of Cuauhnahuac,0,0,0,0
6000000001355763501,Q54367235,Euphrosine de Nevers,0,0,0,0
6000000011187330213,Q55559888,Tjokroamiseno,0,0,0,0
6000000177205638847,Q557859,Витень Пройденович,0,0,0,0
6000000017052385246,Q5616643,Guirelda de Dax,0,0,0,0
6000000003827521681,Q57303406,Margarethe von Werdenberg-Sargans,0,0,0,0
6000000001209426947,Q5903799,Hrolf 'Nose' Nefja,0,0,0,0
6000000019008009221,Q60447673,Irina Scanderbeg Castreotti,0,0,0,0
6000000008248363481,Q60833254,Eustachie de Tonnerre,0,0,0,0
6000000006890974801,Q61070328,Zsófia Serédi,0,0,0,0
6000000049933604878,Q61140683,Gottfried,0,0,0,0
6000000002919513433,Q61310589,Abdullah al-Akbar Al-Hasani,0,0,0,0
6000000005785426226,Q61310664,Isa الحسني,0,0,0,0
6000000007143230282,Q61313756,Юрий Григорьевич,0,0,0,0
6000000005768265987,Q615040,Sextus Julius Caesar,0,0,0,0
6000000048525797051,Q61744128,約 元儉 河東,0,0,0,0
6000000004974372122,Q6175684,Sigtrygg Bengtsson Boberg,0,0,0,0
6000000046613142096,Q6216250,Johann Sebastian,0,0,0,0
6000000041188500828,Q63167306,Mykolas Иванович Sapieha h. Lis,0,0,0,0
6000000022875359895,Q63167379,Nastasia Sapiega,0,0,0,0
6000000011125044204,Q6447859,KUSHADHVAJA,0,0,0,0
6000000075482469115,Q65798764,鄭,0,0,0,0
6000000075482617959,Q65798765,劉,0,0,0,0
6000000074767524001,Q65809839,隴西狄道,0,0,0,0
6000000075402329622,Q65809962,盧,0,0,0,0
6000000037091143839,Q66439690,曼,0,0,0,0
6000000018171165192,Q66534565,Mikhail Романович Волынский,0,0,0,0
6000000011456805386,Q66555044,Vasili Michailovich,0,0,0,0
6000000010218812573,Q666629,Quintus Marcius Barea,0,0,0,0
6000000020690422305,Q67146997,Anna Дмитриевна Mikulinska,0,0,0,0
6000000019328458121,Q6787657,King Matlaccohuatl of Unknown,0,0,0,0
6000000007453949814,Q6827205,Miahuaxihuitl - Miyahuaxochtzin,0,0,0,0
6000000003828196721,Q703354,Lucius Caecilius Metellus Calvus,0,0,0,0
6000000007513185369,Q7225915,重耳 隴西狄道,0,0,0,0
6000000003007963337,Q7385578,Sayyid Ishak Makdum,0,0,0,0
6000000001351712009,Q739453,Ealdred,0,0,0,0
6000000006101398000,Q75239780,Beatrice Beaumont,0,0,0,0
6000000003608919348,Q75384586,"NN Frille (Mistress/es) of Ragnvald Mørejarl, mother/s of Torf-Einar, Hrollaug and Hallad",0,0,0,0
6000000021767291047,Q75387765,Daughter ?,0,0,0,0
6000000003646023917,Q75387811,Sumarliði Ospaksson,0,0,0,0
6000000008062773767,Q75403073,Blanche de Brienne,0,0,0,0
6000000003048232229,Q75500866,John Nash,0,0,0,0
6000000206015654825,Q75558724,Ernicule,0,0,0,0
6000000003649723203,Q75620639,Katherine Poyntz,0,0,0,0
6000000002908682139,Q75762783,Thurstan de Montfort,0,0,0,0
6000000015715510049,Q75896200,Agnès de Tancarville,0,0,0,0
6000000000437162014,Q75919089,Elise,0,0,0,0
6000000003649677764,Q76154262,Llwch Llawen Fawr,0,0,0,0
6000000003649707262,Q76154266,Gruffudd,0,0,0,0
6000000039488819945,Q76154269,Rhys,0,0,0,0
6000000003649677344,Q76154270,Llewelyn Ddiriaid,0,0,0,0
6000000003828071957,Q76356024,Aveline de Montfaucon,0,0,0,0
6000000041265204990,Q7645263,Sura of Parthia,0,0,0,0
6000000002342409509,Q7825898,Torleiv Trondssøn Benkestok,0,0,0,0
6000000075334288823,Q7979770,仁約 思謙 京兆杜陵,0,0,0,0
6000000009687131685,Q8037306,Wossen,0,0,0,0
6000000002035075699,Q84528466,Jane Williams,0,0,0,0
6000000016642482202,Q85987707,Ivan Федорович Nesvitsky-Predelnitsky,0,0,0,0
6000000003827928466,Q86736029,Simon de Clefmont,0,0,0,0
6000000013575564861,Q880235,Eadberht II,0,0,0,0
6000000001397856950,Q88163872,Olga Всеволодовна Rurikid,0,0,0,0
6000000000596051410,Q888051,Brochwel ap Elisedd,0,0,0,0
6000000041259987652,Q888910,Sextus Pompeius,0,0,0,0
6000000015252847296,Q9146735,Alexandra Aleksandra cieszyńska,0,0,0,0
6000000004131819438,Q938220,Anscar,0,0,0,0
6000000002188289187,Q939045,Quintus Mucius Scaevola,0,0,0,0
6000000006244006504,Q94697095,Gaius Antonius,0,0,0,0
6000000028411459895,Q9620486,António de Lancastre,0,0,0,0
6000000000424859647,Q96217682,Isabel de Naharro y Humanes,0,0,0,0
6000000003375343789,Q96240721,Oluf Olufsen Lunge,0,0,0,0
5672709328560115488,Q96240733,Mikkel Jørgensen Rud,0,0,0,0
5672715953540115403,Q96240734,Elsebe,0,0,0,0
6000000004028330927,Q96240740,Margrethe Timmesdatter Krummedige,0,0,0,0
6000000008549672602,Q96240768,Jon Nielsen,0,0,0,0
6000000006087782713,Q96240773,Gyde Lagesdatter,0,0,0,0
6000000007226964284,Q96240776,Gertrud,0,0,0,0
6000000002249341043,Q96240780,Nicholaus Rønnow,0,0,0,0
6000000002503688537,Q96240781,Berta,0,0,0,0
6000000004664030523,Q96240817,Poul Pedersen,0,0,0,0
6000000002314938100,Q96337907,Benjamin Lewis,0,0,0,0
6000000003005391095,Q96778939,Thomas Fraser,0,0,0,0
6000000003005036951,Q96778940,Anna Lauton Lawton,0,0,0,0
6000000006348543502,Q97072211,Anna Phelps,0,0,0,0
6000000038363753264,Q97255794,Kanjeng Raden Adipati Danureja I / Patih Cakrajaya,0,0,0,0
6000000003937192949,Q97642300,Guisla,0,0,0,0
6000000010598779453,Q97783291,Guy II de La Rochefoucauld,0,0,0,0
6000000000437032765,Q979146,Cynan Meriadog,0,0,0,0
6000000002512613884,Q98277986,Claudia Neronis,0,0,0,0
6000000046225596832,Q98698088,n,0,0,0,0
6000000001272042673,Q98698817,Hans,0,0,0,0
6000000007377375350,Q98698834,Sophia Vjatskontytär von Kukenoys,0,0,0,0
6000000004169833714,Q99260203,William Daniel,0,0,0,0
6000000000640977134,Q99304151,NN de Provence,0,0,0,0
6000000002060381013,Q99638954,Richard Lyman,0,0,0,0
4973130827110042660,Q12332325,Predbjørn Clausen zu Putbus,3,2,5,-1
6000000007453766619,Q13702,Moctezuma I Of The Aztec Empire,3,2,5,-1
6000000000267473087,Q21059298,Pedro,3,2,5,-1
6000000003714576466,Q230073,Anna Iaroslavna,3,2,5,-1
6000000007171629271,Q2632610,Volodar Glebovich,3,2,5,-1
6000000001169174151,Q2925391,Brigida Haraldsdotter Gille of Norway,3,2,5,-1
6000000000437626004,Q350769,Mithridates,3,2,5,-1
6000000001353854035,Q359215,Pharnaces,3,2,5,-1
6000000003645853704,Q451066,Apama,3,2,5,-1
6000000000276521780,Q5582238,Gonzalo,3,2,5,-1
6000000022348390908,Q101166825,Eudes II ou Hugues,2,1,3,-1
6000000000834358102,Q101422841,Japhet Chapin,2,1,3,-1
6000000002046121601,Q101423827,Mary Bethia Cooley Chapin,2,1,3,-1
6000000010782427706,Q10326043,Maria Pais Ribeiro Pais Ribeira,2,1,3,-1
6000000005745346330,Q103780426,Knut Danielsen,2,1,3,-1
6000000003645806289,Q103780704,Anne Nielsdatter Nielsdatter Rosenkrantz,2,1,3,-1
5269823534370024181,Q103782084,Mogens Mogensen,2,1,3,-1
4956155249690042111,Q103782487,Herman Joachimsen Flemming,2,1,3,-1
6000000011816577338,Q104790915,Caecilia Metella,2,1,3,-1
6000000003827545863,Q1058346,Jean de Foix,2,1,3,-1
6000000015407160326,Q105873124,Anna Sophie Eusebia Sophia von Königsegg Rothenfels,2,1,3,-1
6000000074704750787,Q1062909,素 處道 弘農華陰,2,1,3,-1
6000000012977451127,Q107145520,Susannah Oldham,2,1,3,-1
6000000057294314037,Q10742819,叔業 河東聞喜,2,1,3,-1
6000000041262122168,Q107621858,NN (Daughter of Caracalla),2,1,3,-1
6000000009101487548,Q1084412,Christoffer Walkendorff,2,1,3,-1
6000000003122453940,Q108870584,Alfonso,2,1,3,-1
6000000014192397492,Q108885805,Yuri Святославич,2,1,3,-1
6000000000541586091,Q109704310,Birgitta Karlsdotter Bonde,2,1,3,-1
6000000006895244042,Q109769418,Noah Ashibel Phelps,2,1,3,-1
6000000010860351982,Q110371480,Christoph II - Kristóf II,2,1,3,-1
6000000074717028946,Q11054091,郾 廣略 清河武城,2,1,3,-1
6000000001363868253,Q110715900,Thomas Hall,2,1,3,-1
6000000048523353217,Q11109359,世隆 彥緒 河東解縣,2,1,3,-1
6000000048526958843,Q11110062,鎮 某 河東解縣,2,1,3,-1
6000000074749391808,Q11113738,自虛 隴西狄道,2,1,3,-1
5149454096190073787,Q111989136,Ove Christoffersen Lunge,2,1,3,-1
6000000084177667451,Q112257682,Shubael Geer,2,1,3,-1
6000000000601943078,Q114780859,Hannah Sexton,2,1,3,-1
6000000014152449788,Q115482728,Pierre GUILHEM DE CLERMONT LODÈVE,2,1,3,-1
6000000011416249643,Q115574332,Anna Loomis,2,1,3,-1
6000000002198392736,Q115633976,Gérard I Guermond de Picquigny,2,1,3,-1
6000000010021188350,Q121915548,Sarah Nelson,2,1,3,-1
6000000001205324797,Q12302384,Astrid Trygvesdatter Tryggvesdatter,2,1,3,-1
6000000011972333126,Q1232403,Émilien,2,1,3,-1
6000000007589859284,Q1233616,Marcus Junius Silanus Torquatus,2,1,3,-1
6000000012504678272,Q12340195,Ulrik Christian,2,1,3,-1
6000000000315893217,Q1239423,Vettius Justus .,2,1,3,-1
6000000002187837528,Q13028657,Boris of Gorodenski,2,1,3,-1
6000000005240455263,Q1344986,"Henrik ""Skadelår"" Estridsøn",2,1,3,-1
6000000012050337094,Q134985963,Leonor de Moctezuma,2,1,3,-1
6000000000321789062,Q134986450,Isabel Lucero Xocoyotzin,2,1,3,-1
6000000081438841916,Q136744721,Sarah Brownell Gaylord,2,1,3,-1
6000000019170443311,Q138857934,Nicole Dreyfus,2,1,3,-1
6000000003827470068,Q1431725,Günther Il von Käfernburg-Schwarzburg und Hallermund,2,1,3,-1
6000000004533173415,Q1460005,Friedrich IV von Putelendorf von Gleissberg,2,1,3,-1
6000000021151556917,Q15926320,兕 義貞 河南洛陽,2,1,3,-1
6000000012653535544,Q16075300,愭 杭州錢塘,2,1,3,-1
6000000005016701444,Q170654,Guy de Bourgogne,2,1,3,-1
6000000002188289069,Q171083,Lucius Cornelius Cinna,2,1,3,-1
6000000007980784177,Q17119883,Hugo Kramm,2,1,3,-1
6000000004533114060,Q17131005,Henrik Nilsen Gyldenløve,2,1,3,-1
6000000013641259055,Q17320564,Dorothea Berck,2,1,3,-1
6000000003645672375,Q174598,Vidkun Erlingsson Bjarkøy,2,1,3,-1
6000000002187845876,Q178007,Ferry I de Lorraine,2,1,3,-1
6000000075326881836,Q180920,節,2,1,3,-1
6000000005791943640,Q1815122,Marguerite de Dampierre Bourbon,2,1,3,-1
6000000139471490941,Q18226113,Ivan-Zhedivyd Кориатович of Podola,2,1,3,-1
4286118427370035651,Q192925,"Ēadgār ""sē friþ-georna"" Taikusis",2,1,3,-1
6000000004381834243,Q20016510,Aure-Pål Skoftesson,2,1,3,-1
6000000075344640850,Q20063233,仲哲 博陵安平,2,1,3,-1
6000000001501057010,Q2066259,Guillaume II de Dampierre,2,1,3,-1
6000000178793768878,Q2067443,Saloum,2,1,3,-1
6000000003887939111,Q2072661,Françoise Zoé Mathilde Mosselman,2,1,3,-1
6000000003827612603,Q20745882,Siegfried von Eppenstein,2,1,3,-1
6000000002979879011,Q2135066,Adelheid van Holland Gent,2,1,3,-1
6000000011060956062,Q218679,Sidonie-Gabrielle Colette,2,1,3,-1
6000000003828224112,Q229246,Julia Domna .,2,1,3,-1
6000000003645896976,Q230258,Cleopatra,2,1,3,-1
6000000003232579507,Q231760,Jeanne 'Joan' II de Bourgogne,2,1,3,-1
6000000000125517845,Q232714,Irene Augusta Doukaina,2,1,3,-1
6000000010762403094,Q2337217,Bogdan Semenowicz Sapieha h. Lis,2,1,3,-1
6000000003649687777,Q2341156,Ada de Lorraine,2,1,3,-1
6000000042037002594,Q235627,Lucia Calpunia Piso,2,1,3,-1
6000000008640434422,Q235653,Ermengarde de Tours,2,1,3,-1
6000000001398561082,Q2371160,Birute of Palanga,2,1,3,-1
6000000015099254399,Q2480487,Mencia de Mendoza y Fonseca,2,1,3,-1
6000000013071953708,Q2494512,Vladimir Olgerdovich Gediminids,2,1,3,-1
6000000001142564337,Q2506063,Ermengarde de Beaugency,2,1,3,-1
6000000000437154527,Q2511802,Cyngen Glodrydd,2,1,3,-1
5413103567790085383,Q25456690,??. Raden Beui Hardjodikromo [not in the list of children],2,1,3,-1
6000000009437997026,Q259110,Herleva,2,1,3,-1
6000000014058045405,Q2614784,Mikolaj Павлович,2,1,3,-1
6000000074705877058,Q26208975,岳 浮丘 弘農華陰,2,1,3,-1
4363152365890123437,Q2621664,Narymunt Gleb Gleb Giedymidis Gedimind,2,1,3,-1
6000000004533725621,Q26327689,Ragnhild Skoftesdatter,2,1,3,-1
6000000033309436951,Q2666645,Ivan Ольгимундович,2,1,3,-1
6000000002512272519,Q270541,Gunhild «Mother of Kings» Gormsdatter,2,1,3,-1
6000000002631408243,Q27062540,Sophia Anna Moniwid,2,1,3,-1
6000000003852730222,Q270777,Gunnor,2,1,3,-1
4927821238910067084,Q273181,Judith of Flanders,2,1,3,-1
6000000003276264044,Q2740828,Safiyya Al-Hashemi,2,1,3,-1
4957925920090125485,Q275998,Adelaide of the Arduinici,2,1,3,-1
6000000011042139567,Q28665954,Garsenda de Beziers,2,1,3,-1
6000000017437022452,Q287344,Giulia Grisi,2,1,3,-1
4128013497140049722,Q297913,Abu Talib Al-Hashemi,2,1,3,-1
6000000009934550157,Q3087168,Frederick William Robert,2,1,3,-1
6000000009117375741,Q3090281,Pros Mund,2,1,3,-1
6000000003512153670,Q3103872,Gerald Fitzgerald,2,1,3,-1
6000000001065274497,Q3126041,Hallad,2,1,3,-1
6000000003827606302,Q3154787,Isaac,2,1,3,-1
6000000012693598635,Q316475,Gnaeus Cornelius Scipio Calvus,2,1,3,-1
6000000001169154590,Q31706,Einar Eindrideson,2,1,3,-1
6000000006513568001,Q31709,Svein Hakonsson,2,1,3,-1
6000000010313692113,Q31897496,Knut Carlsson Posse,2,1,3,-1
6000000009782507443,Q3198477,Gerberga von Henneberg von Zutpen,2,1,3,-1
6000000006101404699,Q3265651,Louis Lucien Napoleon Theodore Wyse,2,1,3,-1
6000000004648342245,Q329848,Øystein Møyla,2,1,3,-1
6000000001744880606,Q348227,"Adalard ""le Sénéchal""",2,1,3,-1
6000000004533384397,Q3494473,Eldrid Bjørnsdatter,2,1,3,-1
6000000017719711795,Q3524012,Thibault van Baillet,2,1,3,-1
6000000000160866853,Q3525824,Þorfinnr hausakljúfr,2,1,3,-1
6000000031522616726,Q3544341,Vaidotas Vikund Ivan Danila Constantine Kęstutaitis,2,1,3,-1
6000000002979969991,Q3622064,Hedwig von Nordgau,2,1,3,-1
6000000010762732322,Q3646469,Simon Samuel Samuelis Sanguszko,2,1,3,-1
4102767,Q365103,Erik Knutsson,2,1,3,-1
6000000000515214098,Q37065,Alexios III,2,1,3,-1
6000000002377350844,Q371670,Amalasuintha of the Ostrogoths,2,1,3,-1
6000000012002444297,Q3810762,Juan Alonso,2,1,3,-1
387994469540005723,Q381846,Túpac Huallpa,2,1,3,-1
6000000003658696430,Q4112683,Constantine Vishnevetsky,2,1,3,-1
6000000003828287409,Q41834,Romanos IV,2,1,3,-1
6000000000737643783,Q42034,Khadija Al-Asadi,2,1,3,-1
6000000003569012547,Q4232958,Joachim Богушевич voivode of Volhynia,2,1,3,-1
6000000002322298394,Q426192,Drogo,2,1,3,-1
6000000003350115352,Q4267718,Ingegerd Knutsdatter af Danmark Knutsdotter,2,1,3,-1
6000000000583879952,Q431364,Gustava Charlotta Jacquette Aurora Gyldenstolpe,2,1,3,-1
6000000002388323755,Q445543,Loise Catherine Eléonore Denuelle,2,1,3,-1
6000000011049003659,Q44841369,Ermengol,2,1,3,-1
6000000003828050062,Q4493873,Teodor / Fedor Юрьевич Vorotynski,2,1,3,-1
6000000074692100867,Q45364495,越州山陰,2,1,3,-1
6000000038200641951,Q45365269,雍 子肅 大名莘縣,2,1,3,-1
6000000003827018968,Q454047,Cynric,2,1,3,-1
6000000075328087912,Q45418788,賁 蔚先 河南陽翟,2,1,3,-1
6000000074370904898,Q45491955,華年 婺州金華,2,1,3,-1
6000000002154741989,Q457903,Allowin / Bavo,2,1,3,-1
6000000027323522634,Q463000,Quintus Servilius,2,1,3,-1
6000000004140735934,Q4774063,Erik Christoffersen Løvenbalk,2,1,3,-1
6000000002447256295,Q480455,Pierre II de Luxembourg,2,1,3,-1
6000000012928028314,Q498412,Yuri-myeong 고,2,1,3,-1
6000000006096044564,Q51718,Baldwin,2,1,3,-1
6000000006323365059,Q5196756,Cutha Cathwulf,2,1,3,-1
6000000004533774136,Q529141,Egilmar II von Oldenburg,2,1,3,-1
6000000002188655443,Q54556247,Edward Fitzgerald,2,1,3,-1
6000000025472080145,Q5535794,Georg von Reichwein,2,1,3,-1
6000000002188021546,Q55579391,Adelheid von Hessen,2,1,3,-1
6000000003353148560,Q5569987,Bengt Magnusson,2,1,3,-1
6000000015973070193,Q5682,Miguel,2,1,3,-1
6000000001669419446,Q5716608,Henrich Bernhardsson Rehbinder,2,1,3,-1
6000000001652920058,Q5750377,Oluf Svensson Galde,2,1,3,-1
6000000007385895781,Q5855283,Fadrique,2,1,3,-1
5266269364970111657,Q5868284,Francisco,2,1,3,-1
6000000003168965773,Q5915860,Knut Jonsson Jonsson,2,1,3,-1
6000000000536956829,Q61575247,Hedeno ou Hedan I von Thüringen,2,1,3,-1
6000000003897426456,Q657947,Magnus II Welf,2,1,3,-1
6000000000437654489,Q663023,Simon,2,1,3,-1
298741096650002960,Q664454,Henryk VI Dobry,2,1,3,-1
6000000003827795696,Q668970,Otto von Hammerstein,2,1,3,-1
6000000003828204054,Q684275,Gnaeus Domitius Lucanus,2,1,3,-1
6000000022700032515,Q701545,說 道濟 范陽方城,2,1,3,-1
6000000075344656979,Q712060,璟 邢州南和,2,1,3,-1
6000000074748192892,Q712757,駿 涼州姑臧,2,1,3,-1
6000000001210373280,Q7351441,Robert de Vere,2,1,3,-1
6000000005598904003,Q7365775,Gersende du Maine,2,1,3,-1
6000000008799837188,Q73806,Boson d'Autun,2,1,3,-1
6000000003828392216,Q740413,Gaius Vettius .,2,1,3,-1
6000000012653113520,Q7488,桓,2,1,3,-1
6000000006444353719,Q75253605,Henry Stanley,2,1,3,-1
6000000008447464393,Q75292005,Ragnrid Guttormsdatter Rein,2,1,3,-1
6000000003099644948,Q75500721,Thankful Chapin,2,1,3,-1
6000000007603613980,Q75507351,Mary Grey,2,1,3,-1
6000000005794015133,Q75627903,Lydia Belden,2,1,3,-1
6000000003827451178,Q76096,Bernhard I Of Askanier,2,1,3,-1
6000000004089555163,Q76275679,Arabella Williamson,2,1,3,-1
6000000021151273004,Q8044230,嵩 蘭陵,2,1,3,-1
6000000001363251695,Q88629694,Elizabeth Burwell,2,1,3,-1
6000000002187978884,Q887959,Sigurd Sigurdsson Markusfostre,2,1,3,-1
6000000003524132341,Q888578,Jon Ingesson Kuvlung,2,1,3,-1
6000000000312008327,Q888672,Lucius Julius Caesar,2,1,3,-1
6000000001363286333,Q90321473,Robert Carter Burwell,2,1,3,-1
6000000001593947330,Q930741,Albert III,2,1,3,-1
6000000016157645107,Q93398274,Sarah Champe,2,1,3,-1
6000000006101322372,Q947726,Tiberius Claudius Pompeianus,2,1,3,-1
6000000007186471201,Q95627407,Ramon Folc III,2,1,3,-1
6000000020070622231,Q958111,Andrzej Павлович,2,1,3,-1
6000000000445188752,Q96240792,Cecilie Pedersdatter Skram,2,1,3,-1
6000000034342660662,Q100145594,Sarah Saltonstall,1,0,1,-1
6000000000093336368,Q100148337,Frances Vassall,1,0,1,-1
6000000003939393738,Q100153997,Grace Turner,1,0,1,-1
6000000003273414577,Q100440556,Sakati Sewast,1,0,1,-1
6000000038091395973,Q100707510,Anna Katarina Sapieha,1,0,1,-1
6000000006606589414,Q100804879,Cornelia (osäker) Scipionis II,1,0,1,-1
6000000000806286828,Q100915946,Lydia Huckstep,1,0,1,-1
6000000012767821466,Q100949097,Daniel,1,0,1,-1
6000000082983651794,Q101054898,Oberto III,1,0,1,-1
6000000012967305625,Q10108931,Kong Chuan,1,0,1,-1
6000000003828002297,Q101246469,Dingad ap Tudwal,1,0,1,-1
6000000000437608918,Q101246520,Elidir ap Sandde,1,0,1,-1
6000000002278883206,Q101246522,Celeinion verch Tudwal,1,0,1,-1
6000000003221063495,Q101247192,Hebbla Albrektsdatter Bydelsbak,1,0,1,-1
6000000039201660332,Q101247224,Henrik,1,0,1,-1
6000000005219978683,Q101247295,Cecilie,1,0,1,-1
6000000012489503487,Q101247946,Ingeborg Erlingsdotter Bjarkøy,1,0,1,-1
6000000002325844196,Q101247947,Gyrid Andresdatter Andersdatter Bjarkøy Giske,1,0,1,-1
6000000005997274764,Q101248138,Arne Kongsmåg Stovrheim,1,0,1,-1
6000000003645760154,Q101248143,Ranveig / Ragnhild,1,0,1,-1
6000000000445151481,Q101248358,Grote Iven Krummedige,1,0,1,-1
6000000018893239622,Q101248388,Ida von Wulf-Pogwisch,1,0,1,-1
6000000010850771795,Q101248597,Birgitta Knutsdotter,1,0,1,-1
6000000052945317822,Q101402675,Maria Cortés,1,0,1,-1
6000000019330424276,Q101402679,Diego Gonzalez,1,0,1,-1
6000000003493243662,Q101402688,Juana,1,0,1,-1
6000000003122431695,Q101403734,Fe,1,0,1,-1
6000000008439460060,Q101439369,Martha Judson,1,0,1,-1
6000000003827711305,Q101467488,Alienore Éléonore de Forez,1,0,1,-1
6000000001588363339,Q101467507,Ascura de Sully,1,0,1,-1
6000000001180338661,Q101534223,Sarah McCarty Chicester,1,0,1,-1
6000000057188353884,Q102225867,Private,1,0,1,-1
6000000016749483233,Q102419657,Barbara Kuncewicz,1,0,1,-1
6000000019750959909,Q102825188,Catherine Motier de la Fayette,1,0,1,-1
6000000006910117511,Q102825586,Alexandrine de Peyre,1,0,1,-1
6000000003273401273,Q102828169,Jean de Béthune,1,0,1,-1
6000000014422470339,Q102858249,Anna Ulduz Timurovna,1,0,1,-1
6000000038069706867,Q10324490,孝寬 令綽 泉州晉江,1,0,1,-1
6000000038069538248,Q10324555,孝蘊 處善 泉州晉江,1,0,1,-1
6000000074750799821,Q10332085,㤝 隴西狄道,1,0,1,-1
6000000074750508039,Q10334412,岐 隴西狄道,1,0,1,-1
6000000074750590989,Q10334500,嶧 隴西狄道,1,0,1,-1
6000000074750480176,Q10334525,峴 隴西狄道,1,0,1,-1
6000000074749995425,Q10334553,峻 隴西狄道,1,0,1,-1
6000000074750678916,Q10334646,嵯 隴西狄道,1,0,1,-1
6000000074750265294,Q10335322,悅 隴西狄道,1,0,1,-1
6000000074750755859,Q10335390,愔 隴西狄道,1,0,1,-1
6000000074750602014,Q10335476,憺 隴西狄道,1,0,1,-1
6000000074750499973,Q10335499,懌 隴西狄道,1,0,1,-1
6000000074750147263,Q10336705,涇 隴西狄道,1,0,1,-1
6000000074734820047,Q10337238,瑊 隴西狄道,1,0,1,-1
6000000075399927865,Q10337514,禕 隴西狄道,1,0,1,-1
6000000074750794916,Q10337964,繕 隴西狄道,1,0,1,-1
6000000074750888840,Q10338085,績 隴西狄道,1,0,1,-1
6000000074749721790,Q10338937,迺 隴西狄道,1,0,1,-1
6000000001412940184,Q10340269,Odo I,1,0,1,-1
6000000002414186138,Q1035345,Caradog Freichfras ap Llyr Merini,1,0,1,-1
6000000003243447188,Q10358950,Rainard de Tonnerre,1,0,1,-1
6000000001933768811,Q103781616,Henrik,1,0,1,-1
6000000001827562398,Q103781693,Eirik Sigurdsson Galtung,1,0,1,-1
6000000001770282783,Q103781702,Sigurd Gautsson Torsnes,1,0,1,-1
6000000003953879492,Q103782580,Anne Laurensdatter Lauridsdatter Muus,1,0,1,-1
6000000003276847225,Q103782630,Erik Timmesen Rosenkrantz till Engelsholm,1,0,1,-1
5269238762480121221,Q103782642,Timme Nielsen Rosenkrantz,1,0,1,-1
6000000007453647690,Q103783277,Gaut Den Unge Gautson,1,0,1,-1
6000000001169297770,Q103783296,Gaute Mel,1,0,1,-1
6000000003784435027,Q103783310,"Jon Gautsson på Ornes, Ænes",1,0,1,-1
6000000003646032832,Q103783739,Axel Til Herlev Aagesson,1,0,1,-1
6000000004533752108,Q103783760,Peder Wirtenberg,1,0,1,-1
4136631104320028008,Q103783977,Niels Iversen,1,0,1,-1
5209159241210053586,Q103784003,Susanne Nielsdatter,1,0,1,-1
6000000009646286053,Q103784130,Johannes Poulsen Poulsen Munk,1,0,1,-1
6000000013651053601,Q103805707,Петр Васильевич,1,0,1,-1
6000000013651042782,Q103805721,Василий Иванович,1,0,1,-1
6000000013651055708,Q103805737,Ivan Vasilyevich,1,0,1,-1
6000000010819247662,Q103805748,Vasily Fyodorovich,1,0,1,-1
4036253774260076973,Q103837186,Richard Lyman,1,0,1,-1
6000000016750017533,Q103954044,Mikołaj Kuncewicz h. Łabędź,1,0,1,-1
6000000005394937770,Q103955285,Walker Peyton Conway,1,0,1,-1
3736500,Q103955422,Ann Moncure,1,0,1,-1
6000000004569621916,Q103955460,Margaret Eleanor Daniel,1,0,1,-1
6000000025511608906,Q104502538,Friedrich von Altena,1,0,1,-1
6000000016751088352,Q104530995,Anna Marianna Sapiega,1,0,1,-1
6000000075368107880,Q10454222,岳 河南洛陽,1,0,1,-1
6000000006127174742,Q104550113,Kristina Johansdotter Gädda,1,0,1,-1
6000000001686328679,Q104550451,Anna Arvidsdotter Trolle,1,0,1,-1
6000000041260800842,Q104698660,Gnaeus Cornelius Rufinus,1,0,1,-1
6000000012481742068,Q104717485,Fryderyk,1,0,1,-1
6000000016366333344,Q104722805,Bohdana Sapieha,1,0,1,-1
6000000016366364225,Q104722956,Maryna Sapieha,1,0,1,-1
6000000002188099829,Q10484874,頦領 臨潢,1,0,1,-1
6000000003164683327,Q104890136,Gregers Jepsen Ulfstand,1,0,1,-1
6000000003827795658,Q105020,Hermann von Orlamünde,1,0,1,-1
6000000038046081130,Q10503917,溫 元實 成都華陽,1,0,1,-1
6000000008077751229,Q105044821,Ellen,1,0,1,-1
6000000009905732338,Q105044845,Niels Jensen,1,0,1,-1
6000000016105239335,Q105044875,Maren/ Marine Jensdatter,1,0,1,-1
6000000021260997305,Q10511382,樂子 閨子 南蘭陵,1,0,1,-1
6000000021261083078,Q10511856,雋 子武 南蘭陵,1,0,1,-1
6000000021260901339,Q10513912,鎋 南蘭陵,1,0,1,-1
6000000074730399861,Q10514148,夔 伯尼 京兆武功,1,0,1,-1
6000000074730174939,Q10514216,綽 京兆武功,1,0,1,-1
6000000074768794922,Q10514395,荔 山披 會稽餘姚,1,0,1,-1
6000000023279744965,Q105360954,Rosa Bruell,1,0,1,-1
6000000144664236978,Q1054237,,1,0,1,-1
6000000002803189146,Q105516724,Rosa Brüll,1,0,1,-1
6000000075327093893,Q10566566,盎 高州良德,1,0,1,-1
6000000014926490360,Q105736282,Vasily Sapiega,1,0,1,-1
6000000008869223775,Q105767805,Eudokia Vladimirovna Khovrina,1,0,1,-1
6000000018822661520,Q106196628,Sigit Bachroensalam,1,0,1,-1
6000000000877854683,Q106203348,Tjeng Tjoan Phoa,1,0,1,-1
6000000064835722932,Q106203374,Kian Kie Phoa,1,0,1,-1
6000000003128226308,Q106221172,登子,1,0,1,-1
6000000001504810338,Q106240878,Christoffer Mogensen Gøye,1,0,1,-1
6000000002639061356,Q106394891,Mary Moss,1,0,1,-1
6000000041187894349,Q106485748,Anna Богдановна Sapieha,1,0,1,-1
6000000000628517430,Q106497509,Mehitabel Goodwin,1,0,1,-1
6000000003575836084,Q106528141,Arnbjörn Jonsson,1,0,1,-1
6000000003113395128,Q106541989,Kain,1,0,1,-1
6000000004153401770,Q106594309,Gusti Putri Mangkoenagara VIII RAy Soenituti G.R.Ajeng Putri Sunituti,1,0,1,-1
6000000035463480678,Q106594314,,1,0,1,-1
6000000001293304148,Q106735549,Private,1,0,1,-1
6000000001293304155,Q106735553,Private,1,0,1,-1
6000000001293304163,Q106735589,Private,1,0,1,-1
6000000001293304170,Q106735593,Private,1,0,1,-1
6000000001293304177,Q106735605,Private,1,0,1,-1
6000000001293304184,Q106735608,R Demang Hadiredjo / Adiredjo I .,1,0,1,-1
6000000001293304191,Q106735617,Pangeran Demang Sukawati .,1,0,1,-1
6000000001293304198,Q106735621,Raden Mas Kasim / Pangeran Demang Tanpa Nangkil .,1,0,1,-1
6000000024758751555,Q106805423,Constance Anna Sapieha,1,0,1,-1
6000000017971488726,Q106967160,Владимир Святославич Святославич,1,0,1,-1
6000000012569873925,Q106968428,Maximus .,1,0,1,-1
6000000018386307328,Q107026058,Private,1,0,1,-1
6000000032399614568,Q107026120,,1,0,1,-1
6000000045017381857,Q107028206,洪立,1,0,1,-1
6000000045017272839,Q107028237,筠,1,0,1,-1
6000000045850563835,Q107028253,詠 Zēng 曾,1,0,1,-1
6000000013860573802,Q107028264,煬 Zēng 曾,1,0,1,-1
6000000013860591279,Q107028277,略 曾,1,0,1,-1
6000000013915015079,Q107115950,García,1,0,1,-1
5410507802950103393,Q107154529,Mary Williamson,1,0,1,-1
6000000044241974487,Q107182417,Laura Mack,1,0,1,-1
6000000000093378351,Q107182541,James Adams,1,0,1,-1
6000000074767297123,Q10719244,琬 隴西狄道,1,0,1,-1
6000000074767670885,Q10719817,玢 隴西狄道,1,0,1,-1
6000000074767648896,Q10719962,環 隴西狄道,1,0,1,-1
6000000074767210211,Q10720319,璿 隴西狄道,1,0,1,-1
6000000074767336239,Q10720865,隴西狄道,1,0,1,-1
6000000173986378322,Q107209872,Борис Михайлович,1,0,1,-1
6000000074767744901,Q10721018,隴西狄道,1,0,1,-1
6000000074767420313,Q10721083,隴西狄道,1,0,1,-1
6000000074767796848,Q10721148,隴西狄道,1,0,1,-1
6000000001504974157,Q107211500,Anna (Sophie) von Stolberg,1,0,1,-1
6000000074767055414,Q10721332,隴西狄道,1,0,1,-1
6000000074767054364,Q10721371,隴西狄道,1,0,1,-1
6000000074767840854,Q10721415,隴西狄道,1,0,1,-1
6000000074767755875,Q10721524,隴西狄道,1,0,1,-1
6000000074767840858,Q10721580,隴西狄道,1,0,1,-1
6000000074767774880,Q10721612,隴西狄道,1,0,1,-1
6000000074767724988,Q10721682,隴西狄道,1,0,1,-1
6000000074767763877,Q10721717,隴西狄道,1,0,1,-1
6000000074767647007,Q10721746,隴西狄道,1,0,1,-1
6000000001583375202,Q107310967,Martha Loomis,1,0,1,-1
6000000078819245961,Q107417504,Fedor Adrianovich,1,0,1,-1
6000000178794973832,Q107534637,Yitzhaq II,1,0,1,-1
6000000039798057956,Q107655630,Marfa Vasilyevna Shuyskaya,1,0,1,-1
6000000015169957274,Q108061140,Claudius Lysias Chilton,1,0,1,-1
6000000003096510403,Q108103940,KPA Natakoesoema,1,0,1,-1
6000000017709728982,Q108104025,KGPA Prabumidjojo (Prabuwijaya) / KGPA Prabumijoyo I,1,0,1,-1
6000000017938662569,Q108104425,G.K. Ratu Mas,1,0,1,-1
6000000030103022301,Q108104428,B.P.A. Purubaya / P. Purbaya (Lamongan),1,0,1,-1
6000000007184887282,Q108136765,Richard Roberts,1,0,1,-1
6000000002440605943,Q108176757,師経,1,0,1,-1
6000000008536540203,Q108180550,Magdalene Sofie Christensdatter,1,0,1,-1
6000000005799605794,Q108403930,Experience Abell,1,0,1,-1
6000000001469339081,Q108446805,Tommaso,1,0,1,-1
6000000026943941917,Q108451672,Rostaing de Sabran,1,0,1,-1
6000000001320202138,Q108494520,Ulpia Gordiana,1,0,1,-1
6000000011459779262,Q108495427,Sempronia Romana,1,0,1,-1
6000000041284930625,Q108540626,Vespasius Pollio,1,0,1,-1
6000000008404958767,Q108540745,Lucius Fundanius,1,0,1,-1
6000000041285414827,Q108541114,NN (Wife of Flavius),1,0,1,-1
6000000074750446079,Q10864996,某 隴西狄道,1,0,1,-1
6000000013567302988,Q10869034,勝 子姓,1,0,1,-1
6000000210408647882,Q10870554,Yamatonoaya no Koma 東漢駒 (坂上糠手),1,0,1,-1
6000000074750915830,Q10871075,隴西狄道,1,0,1,-1
6000000023701524179,Q10871555,莊 仲容 沛國譙縣,1,0,1,-1
6000000001504768312,Q108718293,Jens Holgersen Ulfstand,1,0,1,-1
6000000020457733394,Q108731632,10. GKR Ayu,1,0,1,-1
1077061,Q108743024,Marguerite,1,0,1,-1
6000000035895628849,Q108743025,Jeanne,1,0,1,-1
6000000074750416148,Q10877222,隴西狄道,1,0,1,-1
6000000027155173827,Q108839794,Raden Muhammad,1,0,1,-1
6000000011943804233,Q108840588,Friderich Christian,1,0,1,-1
6000000007226659555,Q108840620,Margrethe Knudsdatter Giedde,1,0,1,-1
6000000002512340898,Q108840742,Henning,1,0,1,-1
6000000017986207877,Q108886772,Władymir Юрьевич,1,0,1,-1
6000000014926525144,Q108896909,Duhna Семеновна Sapiega,1,0,1,-1
6000000014949063254,Q108896943,Piotr Тимофеевич Massalsky,1,0,1,-1
6000000178794683854,Q108907045,Matzliach,1,0,1,-1
6000000016471681243,Q108908984,Yuri Tymofiejewicz Massalski,1,0,1,-1
6000000012599706506,Q108914961,Vasili Юрьевич,1,0,1,-1
6000000086875951225,Q108929125,Józefa Sieklucka,1,0,1,-1
6000000054111623846,Q10897941,榮男 彭城,1,0,1,-1
6000000009522804189,Q109011900,René François Honoré Marie TALHOUËT-ROY (de),1,0,1,-1
6000000075992605855,Q109220824,Benedykta Konstancja Matuszewicz h. Łabędź,1,0,1,-1
6000000143818134873,Q109347473,同善 相州鄴縣,1,0,1,-1
6000000012967677450,Q10944341,房,1,0,1,-1
6000000012967698299,Q10944385,Kong Qiu,1,0,1,-1
6000000013567421999,Q10944401,嘉 孔父 子姓,1,0,1,-1
6000000012967255967,Q10944422,福,1,0,1,-1
6000000012967668576,Q10944446,Kong Teng,1,0,1,-1
6000000012967326556,Q10944464,Kong Qian,1,0,1,-1
6000000012967304091,Q10944537,霸 次孺,1,0,1,-1
6000000003827799233,Q109446884,Sister of Galerius,1,0,1,-1
6000000055529842287,Q10945095,宗 恭武 江夏鄳縣,1,0,1,-1
6000000074750874821,Q10946661,隴西狄道,1,0,1,-1
6000000013567684089,Q10947776,周 宋父 子姓,1,0,1,-1
6000000001329622158,Q109502322,Birgitta Abrahamsdotter Tjurhuvud,1,0,1,-1
6000000074750756050,Q10952238,李,1,0,1,-1
6000000004079134325,Q109535831,Jared Spencer,1,0,1,-1
6000000013196422434,Q109557030,Mata de Fois,1,0,1,-1
6000000045892717033,Q109780702,Maruša Marijona Michajłówna Pranckevičiūtė-Radziminskytė,1,0,1,-1
6000000035364209089,Q109830688,Frances Moncure,1,0,1,-1
6000000025095635350,Q110153448,Elisabeth von der Lomnitz und Meseritz,1,0,1,-1
6000000105735559565,Q110153451,Anna von Salm und Neuburg,1,0,1,-1
6000000001177385503,Q110302845,Anne Jørgensdatter Urne,1,0,1,-1
6000000006713157689,Q110302971,Oluf Olufsen Lunge,1,0,1,-1
6000000006713275456,Q110302972,Oluf Lunge,1,0,1,-1
6000000000949270418,Q110303004,Niels Nielsen,1,0,1,-1
6000000000725126540,Q110303285,Henrik Jespersen,1,0,1,-1
6000000007981027266,Q110303954,Karine Knudsdatter Gyldenstierne,1,0,1,-1
6000000002325812169,Q110303993,"Claus zu Putbus, Podebusk",1,0,1,-1
6000000007639547807,Q110303998,Grete Axelsdatter Gøye,1,0,1,-1
6000000004533774990,Q110304112,Anne Marie,1,0,1,-1
6000000018903698232,Q110304654,Anne Iversdatter Vind,1,0,1,-1
6000000009867470209,Q110304691,Sophie Gregersdatter,1,0,1,-1
6000000002799200653,Q110304693,Kirstine Jørgensdatter Lykke,1,0,1,-1
6000000012403063724,Q110304724,Maren Ovesdatter Urup,1,0,1,-1
6000000011598035067,Q110313614,Ebba Arendsdotter Ulv,1,0,1,-1
6000000002503697318,Q110371153,Anna von Maltzan,1,0,1,-1
6000000006410410929,Q110377775,Nils Jonsson,1,0,1,-1
6000000012301103568,Q110377778,Kristina Magnusdotter,1,0,1,-1
6000000017557053251,Q110381543,Suzanne de Noyelles,1,0,1,-1
6000000001323231241,Q110385602,Gérard de Picquigny,1,0,1,-1
6000000003827573634,Q110394810,Guillaume de Sully,1,0,1,-1
6000000003827573628,Q110394819,Marguerite de Beaujeu,1,0,1,-1
6000000010598628853,Q110520358,Guillaume de La Rochefoucauld,1,0,1,-1
6000000013196298916,Q110521883,Margarida de Fois,1,0,1,-1
6000000075344106063,Q11053313,令欽 深州安平,1,0,1,-1
6000000011620463995,Q110548176,Birgitta Thordsdotter Tordsdotter Bonde,1,0,1,-1
6000000008148075460,Q110548227,Sidsel Jensdatter Ribbing,1,0,1,-1
6000000006179297395,Q110548301,Simon,1,0,1,-1
6000000006127726795,Q110548341,Märta Lagesdotter Posse,1,0,1,-1
6000000011483103233,Q110549329,Barbara Hansdatter Wittorp,1,0,1,-1
6000000001504208487,Q110549464,Mogens Axelsen Gøye,1,0,1,-1
6000000002920746570,Q110549468,Margrethe Clausdatter Sture,1,0,1,-1
4991035988900127509,Q110549486,Ebbe Andersen,1,0,1,-1
6000000011633876621,Q110549493,Jakob Absalonsen,1,0,1,-1
6000000006713169622,Q110549561,Anne Olufsdatter Lunge,1,0,1,-1
6000000001504913149,Q110549587,Stig Aagesen,1,0,1,-1
6000000007499949280,Q110549588,Aage Kyrning Nielsen Thott,1,0,1,-1
6000000051660219108,Q110582480,Owain ap Llewelyn,1,0,1,-1
6000000039325890681,Q110582543,Llewelyn,1,0,1,-1
6000000012042716995,Q110586547,Ana Girón,1,0,1,-1
6000000003601988302,Q110586652,Antonia,1,0,1,-1
6000000074750656930,Q11060723,隴西狄道,1,0,1,-1
6000000016349958352,Q110614107,Pros Lauridsen,1,0,1,-1
6000000003649675805,Q110622314,Rhydderch,1,0,1,-1
6000000074750029536,Q11064679,某 隴西狄道,1,0,1,-1
6000000002239150423,Q110653558,房輔室,1,0,1,-1
6000000016925422854,Q11066329,何 弗父 子姓,1,0,1,-1
6000000143879176148,Q11068164,可大,1,0,1,-1
6000000074733478911,Q11068339,Píng 平 范陽方城,1,0,1,-1
6000000000437016442,Q110702480,Tommaltach MacMurgal O'Hindrechtach,1,0,1,-1
6000000000437016461,Q110702481,Murgal MacIndrechtach,1,0,1,-1
6000000008250258163,Q110702513,Fergus mac Rogallach Ó Briuin,1,0,1,-1
6000000074299897957,Q11089170,公武 子止 濟州鉅野,1,0,1,-1
6000000012827586454,Q11091434,國潢 澄侯 湖南湘鄉,1,0,1,-1
6000000074704476167,Q11091512,慥 端伯 泉州晉江,1,0,1,-1
6000000013567653171,Q11093231,木 金父 子姓,1,0,1,-1
6000000074691608923,Q11093899,壽昌 康叔 盱貽天長,1,0,1,-1
6000000074750734892,Q11095195,憒 隴西狄道,1,0,1,-1
6000000074750504123,Q11095311,休復 隴西狄道,1,0,1,-1
6000000074750826956,Q11095377,倕 京兆萬年,1,0,1,-1
6000000074750830955,Q11095399,僴 京兆萬年,1,0,1,-1
6000000075060919823,Q11095606,匡文 濟翁 隴西狄道,1,0,1,-1
6000000074750147365,Q11095816,執中 隴西狄道,1,0,1,-1
6000000075400841241,Q11095982,孝斌 京兆長安,1,0,1,-1
6000000074699158118,Q11096098,憲 京兆長安,1,0,1,-1
6000000074750100374,Q11096495,忻 隴西狄道,1,0,1,-1
6000000074750765821,Q11096531,悰 隴西狄道,1,0,1,-1
6000000074749923556,Q11096534,惕 隴西狄道,1,0,1,-1
6000000074750568996,Q11096553,惲 隴西狄道,1,0,1,-1
6000000074750468118,Q11096555,惴 隴西狄道,1,0,1,-1
6000000074749382765,Q11096908,暹 隴西狄道,1,0,1,-1
6000000074750723821,Q11097324,潤 隴西狄道,1,0,1,-1
6000000074735059038,Q11097545,緯 京兆長安,1,0,1,-1
6000000075061550836,Q11098022,象 隴西狄道,1,0,1,-1
6000000074750877905,Q11098084,迅 隴西狄道,1,0,1,-1
6000000074750934858,Q11098098,迥 隴西狄道,1,0,1,-1
6000000074750962839,Q11098106,述 隴西狄道,1,0,1,-1
6000000074750508122,Q11098117,造 隴西狄道,1,0,1,-1
6000000074750915859,Q11098121,連 隴西狄道,1,0,1,-1
6000000074750957832,Q11098128,逾 隴西狄道,1,0,1,-1
6000000074750690010,Q11098132,嘉 隴西狄道,1,0,1,-1
6000000074749907639,Q11098144,遘 隴西狄道,1,0,1,-1
6000000074749965586,Q11098154,邈 隴西狄道,1,0,1,-1
6000000013651068280,Q110992640,"Feodor ""Krivoy"" Васильевич",1,0,1,-1
6000000074706081896,Q11102011,約 弘農華陰,1,0,1,-1
6000000075061024836,Q11111831,隴西狄道,1,0,1,-1
6000000041177600792,Q111133644,Zofia Sapiega,1,0,1,-1
6000000074750617941,Q11113742,隴西狄道,1,0,1,-1
6000000078891481576,Q111140733,Александр Андреевич,1,0,1,-1
6000000009204846287,Q111219213,Hanna Nikolaevna Ostyk,1,0,1,-1
6000000016457876080,Q111221183,Magdalena Olena Drucka-Lubecka h. Druck,1,0,1,-1
6000000016457859240,Q111221419,Bogdana Ивановна Drutska-Lubetska,1,0,1,-1
6000000016457815399,Q111221579,Marianne Drutska-Lubetska,1,0,1,-1
6000000016457840250,Q111223258,Basil Drutsky-Lubetsky,1,0,1,-1
6000000013567681047,Q11123538,正 考父 子姓,1,0,1,-1
6000000075325716857,Q11123837,儉 太原文水,1,0,1,-1
6000000074771065974,Q11124129,居常 太原文水,1,0,1,-1
6000000017555555563,Q11124869,華 太原文水,1,0,1,-1
6000000074750616062,Q11132870,隴西狄道,1,0,1,-1
6000000003146115895,Q111399005,Wife of Appius Claudius Nero Claudia,1,0,1,-1
6000000074750574934,Q11180129,某 隴西狄道,1,0,1,-1
6000000000141489980,Q111917393,Elijah Woodworth Owen,1,0,1,-1
6000000002115095811,Q111988852,Eiler Jacobsen,1,0,1,-1
6000000005578103396,Q111995962,Jean VI de Créquy,1,0,1,-1
6000000006232933635,Q1120124,Elidir Lydanwyn ap Meirchion,1,0,1,-1
6000000001504281908,Q112081397,Anne Marie Eriksdatter Grubbe,1,0,1,-1
6000000027287631069,Q112085883,Clodia,1,0,1,-1
6000000031614410905,Q112133097,Mikhail Vasilyevich,1,0,1,-1
6000000038725698999,Q112257693,Lucy Allen,1,0,1,-1
6000000000230701121,Q112620304,Abdoel Aziz Toeankoe Nan Ketjil,1,0,1,-1
6000000006425601134,Q112970915,Helena (Elena) Ivanovna Golitsyna,1,0,1,-1
6000000013651237230,Q112996373,Иван Иванович,1,0,1,-1
6000000001531202519,Q113025,Hendrik Conde von Limbourg,1,0,1,-1
6000000183619349866,Q1130766,Simone,1,0,1,-1
6000000013651224310,Q113411589,Федор Иванович,1,0,1,-1
6000000013650951498,Q113411636,Борис Петрович,1,0,1,-1
6000000014129678451,Q113412166,Дмитрий Дашко Dimitri,1,0,1,-1
6000000019304114060,Q113613979,Baudouin de Gavre,1,0,1,-1
6000000008090331855,Q113620533,Françoise de Luxembourg,1,0,1,-1
6000000000536956811,Q113652592,Théobald von Thüringen,1,0,1,-1
6000000075345505825,Q11371937,宣道 河南洛陽,1,0,1,-1
6000000075345541821,Q11371944,義 河南洛陽,1,0,1,-1
6000000075333803050,Q11387770,亨 河南洛陽,1,0,1,-1
6000000003827527805,Q113977,"Wilhelm, Fürst von Mecklenburg-Werle-Wenden",1,0,1,-1
6000000113683635954,Q113990998,Anna Salomena von Schlick,1,0,1,-1
6000000003828228159,Q114089300,Jeanne d'Aulnay,1,0,1,-1
6000000210408779828,Q11424805,Inukai,1,0,1,-1
6000000210408834842,Q11424810,Okina 坂上老,1,0,1,-1
6000000183838650940,Q114439220,Henry,1,0,1,-1
6000000071026993958,Q114458589,Elizabeth Cooke,1,0,1,-1
6000000019060362038,Q114691864,Nethan'el,1,0,1,-1
6000000145998860856,Q11477151,儦 岐叔,1,0,1,-1
6000000075344562892,Q11477166,彭 博陵安平,1,0,1,-1
6000000055814580913,Q11477174,猷 宣猷 博陵安平,1,0,1,-1
6000000094084038821,Q114772720,Matys,1,0,1,-1
6000000000601126834,Q114780860,Charles Spencer Sexton,1,0,1,-1
6000000032656811292,Q115042269,紹傑,1,0,1,-1
6000000075399547842,Q11522526,神通 隴西狄道,1,0,1,-1
6000000048523716139,Q11534057,惔 文通 河東解縣,1,0,1,-1
6000000021122189021,Q11534325,旦 匡德 河東解縣,1,0,1,-1
6000000075346499862,Q11534606,莊 虞鄉,1,0,1,-1
6000000075346237915,Q11534625,遐 虞鄉,1,0,1,-1
6000000037090542434,Q11552417,璞 道真 吳興武康,1,0,1,-1
6000000037090753149,Q11552418,穆夫,1,0,1,-1
6000000037090924017,Q11552420,警,1,0,1,-1
6000000003828058154,Q115633980,Guermond de Picquigny,1,0,1,-1
6000000006119428862,Q115634020,Jean de Créquy,1,0,1,-1
6000000006174331130,Q115634021,Jeanne de Haveskercke,1,0,1,-1
6000000009305189711,Q115634169,Marguerite de Picquigny,1,0,1,-1
6000000023724819497,Q11572909,偃 子游 琅邪臨沂,1,0,1,-1
6000000054919969826,Q115771091,Ralph Frank Ridgley,1,0,1,-1
6000000054920059323,Q115771092,Grace Ethel Stanchfield,1,0,1,-1
6000000016930936032,Q115857806,Vsevolod Yurevich,1,0,1,-1
6000000078883914635,Q115857826,Дмитрий Всеволодович,1,0,1,-1
6000000004032831416,Q115870622,Elisabet Bagge af Boo,1,0,1,-1
6000000000701087672,Q1159617,Lucius Scribonius Libo,1,0,1,-1
6000000075372548844,Q11597736,榮定 扶風平陵,1,0,1,-1
6000000003827464516,Q116005606,Jeanne de Blamont von Salm,1,0,1,-1
6000000001210401775,Q116005748,Mélisende de Montlhéry,1,0,1,-1
6000000003828248781,Q116006301,Marguerite de Murat,1,0,1,-1
6000000015214506958,Q116040737,Eleonore Chabot,1,0,1,-1
6000000002553540163,Q116054567,Afreca,1,0,1,-1
6000000039326052520,Q116055474,Owain Fychan,1,0,1,-1
6000000001370667847,Q116113282,Prawst verch Elise,1,0,1,-1
305332989800002467,Q116150300,Cecilie Ebbesdatter Hvide,1,0,1,-1
6000000017988393326,Q116208312,Semen Юрьевич,1,0,1,-1
6000000002848745021,Q116208319,Karen Andersdatter Mowat of Hugoland,1,0,1,-1
6000000206290406909,Q116211734,Andrey Петрович Massalsky,1,0,1,-1
6000000021260918603,Q11622123,道生 南蘭陵,1,0,1,-1
6000000002189590553,Q11623279,懿子,1,0,1,-1
6000000003128164554,Q11623286,扶幹,1,0,1,-1
6000000003128141403,Q11623435,福当麻呂,1,0,1,-1
6000000003128131566,Q11623552,諸数,1,0,1,-1
6000000075376533832,Q11626866,景漢 仲霄 河東聞喜,1,0,1,-1
6000000075328601827,Q11633162,寧 河南洛陽,1,0,1,-1
6000000075328527872,Q11633163,毓 河南洛陽,1,0,1,-1
353227352640011019,Q116458229,Strange Nielsen,1,0,1,-1
6000000015458394484,Q116471088,Eurydice ???,1,0,1,-1
6000000001260311832,Q116479958,Osana Martinez de San Vicente,1,0,1,-1
6000000075328597034,Q11663935,元旦 烜 京兆長安,1,0,1,-1
6000000075343448312,Q11663947,玄貞 京兆萬年,1,0,1,-1
6000000002475709670,Q116698299,Jeanne de Trie,1,0,1,-1
6000000021336031441,Q116866697,Anne de L'Isle Jourdain,1,0,1,-1
6000000069287249885,Q116868958,Jacques II de Pérusse des Cars,1,0,1,-1
6000000057634722877,Q116921809,古辰,1,0,1,-1
6000000057634147174,Q116921814,渾,1,0,1,-1
6000000040863732891,Q11696690,Rimantas kr. v. Eliziejus Treniotaitis,1,0,1,-1
6000000001560068229,Q116975241,Sarah Kingsbury,1,0,1,-1
6000000016724993462,Q117209999,Ewy Łączyńska h. Kościesza (Zaborowska) Zaborowska,1,0,1,-1
6000000011436527850,Q117210018,Konstancja Stempowska,1,0,1,-1
6000000080005827918,Q117311456,George Chapman,1,0,1,-1
6000000017282385264,Q117311651,Elizabeth Chapman,1,0,1,-1
6000000023420281775,Q117312658,清河東武城,1,0,1,-1
6000000030546143814,Q1174024,Gaius Annius,1,0,1,-1
6000000003273415392,Q11772424,Margaret of Shamotul,1,0,1,-1
6000000003940607300,Q118237220,Sylvanus White,1,0,1,-1
6000000003331378836,Q118867733,Samuel Prudden,1,0,1,-1
6000000003645997018,Q11927036,Iamblichus,1,0,1,-1
6000000006097316212,Q11954555,Vespasius Pollio,1,0,1,-1
4840241237810085207,Q11956948,Adrian Rockertson van Valckenier,1,0,1,-1
6000000003645683288,Q11959446,Astrid Eiriksdatter,1,0,1,-1
6000000001506883754,Q11978440,Jens Pedersen Schielderup,1,0,1,-1
4363168411310050572,Q120668957,Simeon Leontine Narimantaitis Gediminid,1,0,1,-1
6000000019589207004,Q12085112,Bryachislav Davydovich,1,0,1,-1
6000000006100786044,Q12086698,Agrippina,1,0,1,-1
6000000016749516436,Q120868896,Kotryna Kuncevičiūtė,1,0,1,-1
6000000006600765220,Q120932548,Anna Kurzeniecka,1,0,1,-1
6000000040569704048,Q120964737,Sofija Judickytė,1,0,1,-1
6000000015186303074,Q121029105,Zofia Wołłowicz,1,0,1,-1
6000000085820471988,Q121092691,Justina Jasinskaitė,1,0,1,-1
6000000221506019850,Q121157474,Zofia Sapieha,1,0,1,-1
6000000041225530878,Q121411225,Ona Sapieha h. Lis,1,0,1,-1
6000000001612178445,Q121417348,Eber Crandall,1,0,1,-1
6000000024828482009,Q121475497,Włodzimierz ks. Sołomerecki,1,0,1,-1
6000000024823968801,Q121482223,Helena Sołomerecka,1,0,1,-1
6000000024828064187,Q121483571,Marianna ks. Sołomerecka,1,0,1,-1
6000000052345069886,Q121483733,Barbara Solomerecka,1,0,1,-1
4569484,Q122202961,Jemima Wright,1,0,1,-1
6000000006190552406,Q122329530,Pangeran Raden Mangkubumi,1,0,1,-1
6000000041263106644,Q1223428,Gnaeus Hosidius Geta,1,0,1,-1
6000000011713003192,Q122382155,N1450 Sapieha h. Lis,1,0,1,-1
6000000014661803503,Q122382364,Jonas-Petras Wasilewicz Sapieha h. Lis,1,0,1,-1
6000000064528836823,Q122382640,Kristina Sapieha,1,0,1,-1
6000000064528773845,Q122382644,Maryna Sapiegaitė,1,0,1,-1
6000000064527139841,Q122387363,Jonas,1,0,1,-1
6000000064527275833,Q122387364,Ona Sapiegaitė,1,0,1,-1
6000000210862013821,Q122387541,Bohdana Sapieha h. Lis,1,0,1,-1
6000000011456900439,Q122397233,Fedor Vasilievich,1,0,1,-1
6000000041188221000,Q122416156,Lukas,1,0,1,-1
6000000014979789973,Q122442104,Joanna Petronela Sapiega,1,0,1,-1
6000000016751327388,Q122442409,Teodora Teodora Sapiegaitė,1,0,1,-1
6000000013199350526,Q12256725,N.N.,1,0,1,-1
6000000041188774096,Q122586017,Povilas Павлович Сапега,1,0,1,-1
6000000190454718779,Q122586018,Anna Павловна Sapieha,1,0,1,-1
6000000041218665802,Q122589140,Suzana Sophia Яновна Sapiega,1,0,1,-1
6000000018490115828,Q122705949,Oldham G. Craig,1,0,1,-1
6000000041263225627,Q12271293,Aquilia Blaesilla,1,0,1,-1
6000000032667817564,Q12271314,Tertulla Terentia-Varro,1,0,1,-1
6000000041171877823,Q12272217,Ancharia,1,0,1,-1
6000000078123071655,Q122733481,Ithel ap Ceredig,1,0,1,-1
6000000009440355933,Q12273590,Boionia Procilla Servilla Procilla,1,0,1,-1
6000000012301816513,Q12282692,Cassia Longina,1,0,1,-1
6000000002188289159,Q12284962,Licinia Licinia,1,0,1,-1
6000000047942383944,Q12284964,Licinia Crassa Prima Crassa,1,0,1,-1
6000000012717251581,Q12285202,Lucius Quinctius,1,0,1,-1
6000000041263081677,Q12285243,Lucius Plautius Octavianus,1,0,1,-1
6000000010809757338,Q12285259,Lucius Septimius Severus,1,0,1,-1
6000000038414465307,Q122904117,Bohdana Iwanowna Sapieżanka,1,0,1,-1
6000000038414467897,Q122915699,Alexander,1,0,1,-1
6000000125378086977,Q122916604,Vasilisa Sapiegaitė,1,0,1,-1
6000000038414606035,Q122925422,Raina / Regina Sapieha,1,0,1,-1
6000000038414714892,Q122925422,Wasylisa ??? Sapieha,1,0,1,-1
6000000041241763571,Q122925764,Tomas Stanislaus,1,0,1,-1
6000000041241858399,Q122925764,Stanislovas,1,0,1,-1
6000000041242017155,Q122925847,Kristina Sapiegaitė,1,0,1,-1
6000000041241901464,Q122926060,Jadvyga Sapiegaitė,1,0,1,-1
6000000041242014348,Q122926062,Marianna Sapieha,1,0,1,-1
6000000041242057211,Q122926068,Dorotė Sapiegaitė,1,0,1,-1
6000000010521965469,Q122931811,Sigrid Saksesdotter,1,0,1,-1
6000000038092078850,Q122937099,Barbara-Wasylisa Vasilisa Sapieha,1,0,1,-1
6000000038091075103,Q122937658,Teofila Павловна Sapieha,1,0,1,-1
6000000038090196073,Q122937661,Krystyna Elżbieta? Павловна Sapieha h. Lis,1,0,1,-1
6000000041316253270,Q122947722,Gabriela Николаевна Sapieha,1,0,1,-1
6000000005436371592,Q122949820,Tora Guttormsdatter fra Irland eller Sudrøyane ?,1,0,1,-1
6000000014072633332,Q122960330,Elżbieta Katarzyna Daniłowicz h. Sas (ks. Sapieha),1,0,1,-1
6000000006101312593,Q12296285,Tertulla,1,0,1,-1
6000000001669660660,Q12296870,Trayan / Troianus Komitopulos,1,0,1,-1
6000000000700891785,Q1230832,Titus Aurelius Fulvus,1,0,1,-1
6000000007980997012,Q12319312,Jens Iversen,1,0,1,-1
6000000003344745168,Q12319408,Jens Nielsen,1,0,1,-1
6000000018128484255,Q123224321,Ann Hale,1,0,1,-1
6000000038660975654,Q123224360,Mary White,1,0,1,-1
6000000004840946362,Q123224362,Ann Hollister,1,0,1,-1
6000000001947429580,Q123224477,Ruth Curtis,1,0,1,-1
6000000000897737992,Q123252300,Raymond Arnaud de Dax,1,0,1,-1
5265529670790120530,Q12331214,Peder Vognsen,1,0,1,-1
6000000007923496811,Q12335706,Skjalm Vognsen,1,0,1,-1
6000000022906614026,Q12338705,Tage Andersen Thott,1,0,1,-1
6000000018519905668,Q123398210,Per Hansson Hatzelius,1,0,1,-1
6000000006252462850,Q123625583,John Shaw,1,0,1,-1
316147412330004951,Q123630765,Mary Sperry,1,0,1,-1
6000000003942968938,Q123643627,John Joseph Judson,1,0,1,-1
6000000013633567619,Q123702039,Hannah Sperry,1,0,1,-1
6000000002046118197,Q123702047,Thomas Douglas,1,0,1,-1
6000000002649969469,Q123785886,Lawrence Augustine Washington,1,0,1,-1
5493673796700058364,Q123900655,Lucy Davis,1,0,1,-1
6000000000651971551,Q123900859,Anne Calkins,1,0,1,-1
6000000016457909051,Q123910399,Jan Drutsky-Lubetsky,1,0,1,-1
6000000016457886048,Q123917167,Eudoxia Drutska-Lubetska,1,0,1,-1
6000000000203078824,Q124001062,Joseph Joseph Lyman,1,0,1,-1
6000000004994099502,Q124001063,Thomas Lyman,1,0,1,-1
6000000004630648840,Q124001081,Martha Phelps,1,0,1,-1
6000000014451874053,Q124001097,Achsah Lyman,1,0,1,-1
6000000074710336864,Q124001100,Timothy Lyman,1,0,1,-1
6000000008127846490,Q124001119,Anne Phelps,1,0,1,-1
6000000016457643677,Q124020009,Anna daughter of Bogdan Drutska-Lubetska,1,0,1,-1
6000000016457588753,Q124020476,Szymon Charlęski z Charlęża h. Bończa,1,0,1,-1
6000000004956268303,Q124172445,Mary Prentice,1,0,1,-1
6000000003645864857,Q1242010,Gaius Octavius Laenas,1,0,1,-1
6000000075215969970,Q124218722,Фёдор Александрович,1,0,1,-1
6000000006290104742,Q124221104,Timothy Davis,1,0,1,-1
6000000003747400246,Q124221105,John Davis,1,0,1,-1
6000000017567538062,Q124316608,Василий Святославич,1,0,1,-1
6000000006444652304,Q124326926,Elijah Pomeroy,1,0,1,-1
6000000006444459809,Q124362795,Hannah Ingersoll,1,0,1,-1
6000000108519042917,Q124500122,James Turner Washington,1,0,1,-1
6000000008518605936,Q124651644,Elizabeth Roberts,1,0,1,-1
6000000001677944498,Q124651687,William Sprague,1,0,1,-1
6000000013074320927,Q124662703,Thomas Crossman,1,0,1,-1
6000000000689046424,Q124662705,Elizabeth Bell,1,0,1,-1
6000000004263755713,Q124685247,Mary Pomeroy,1,0,1,-1
6000000003357662307,Q124685399,Hannah Chapin,1,0,1,-1
6000000001959766330,Q124714100,Caleb Atwater,1,0,1,-1
6000000037018776064,Q124741867,Teofil Николаевич Pac,1,0,1,-1
6000000037018731002,Q124741869,Bohdan Teodat Pac,1,0,1,-1
6000000037018916824,Q124742208,Anna Николаевна Pac,1,0,1,-1
6000000069432439821,Q124742372,Mariana Pac,1,0,1,-1
6000000078818831214,Q124768845,Александр Фёдорович,1,0,1,-1
6000000013003314172,Q1247876,Constantine Angelos,1,0,1,-1
6000000001958940869,Q124800157,Charlotte Antoinette Root,1,0,1,-1
6000000000642055433,Q124883749,Sarah Groves Porter,1,0,1,-1
6000000000628517452,Q124884385,Benedicta Goodwin,1,0,1,-1
6000000009449548962,Q124958756,Elizabeth Buell,1,0,1,-1
6000000017988025117,Q124972627,"Ivan ""Shanur"" Fyodorovich",1,0,1,-1
6000000002958372739,Q12498609,Private,1,0,1,-1
5410496178770039771,Q124987203,Caleb Closson,1,0,1,-1
6000000200861217832,Q125178391,Юрий Иванович,1,0,1,-1
6000000018230781117,Q125178708,Leonti Ivanovich Shahovsky,1,0,1,-1
6000000033838478523,Q125331153,Noah Chapin,1,0,1,-1
6000000003148557501,Q125472013,Ruth Sargent,1,0,1,-1
6000000013651128262,Q125618620,Иван Иванович,1,0,1,-1
6000000013651079684,Q125618653,Петр Иванович,1,0,1,-1
6000000010819813998,Q125618693,Vasily Фёдорович,1,0,1,-1
6000000011090519765,Q125631070,Ksenia Mikhailovna Shcheniateva,1,0,1,-1
6000000001402401031,Q125636699,Mark Anthony Child,1,0,1,-1
6000000044503214829,Q125745827,"Ivan ""Manka"" Дзмітрыевіч Zhyzhemsky",1,0,1,-1
6000000022166575013,Q125858221,John Root,1,0,1,-1
6000000002884109313,Q125858450,Sarah Bement,1,0,1,-1
6000000023809878335,Q12597627,茂 巨光 河東聞喜,1,0,1,-1
6000000091185219010,Q126002934,Михаил Миронович,1,0,1,-1
6000000024317393866,Q126095602,Birgitte,1,0,1,-1
6000000004630648865,Q126101020,Charles Phelps,1,0,1,-1
6000000064611635026,Q126101184,Charles Phelps,1,0,1,-1
6000000001637088448,Q126101254,James Tiffany,1,0,1,-1
6000000003939893508,Q126133007,Samuel Hitchcock,1,0,1,-1
6000000001784627591,Q126240353,Nicholas Kuster,1,0,1,-1
6000000002649910164,Q126241160,Ann Champe,1,0,1,-1
6000000015974696205,Q126283356,Heinrich XXlll Schwarzburg-Blankenburg,1,0,1,-1
6000000025428642557,Q126368886,Krzysztof Wołowicz h. Bogoria,1,0,1,-1
6000000040569124712,Q126596155,Secilija Jasinskaitė,1,0,1,-1
6000000003242756654,Q126679392,Joanna Warriner,1,0,1,-1
6000000012297001581,Q126710818,Armistead,1,0,1,-1
6000000021849677262,Q126722739,Lucy Champe,1,0,1,-1
6000000003490628592,Q126723107,Anne Bates,1,0,1,-1
6000000003490628670,Q126723108,Lydia Lapham,1,0,1,-1
6000000003490640185,Q126723112,Judith Bates,1,0,1,-1
6000000016075953069,Q126871655,David Saxton,1,0,1,-1
6000000002498661140,Q126871656,Sarah Parsons,1,0,1,-1
6000000006727980335,Q126871660,Hannah Chapin Hitchcock,1,0,1,-1
6000000012580936405,Q126871766,Lucy Douglas,1,0,1,-1
6000000000421541569,Q126947533,Nathan Bassett,1,0,1,-1
6000000016930471397,Q126951704,Opraksa Михайловна Beliovska,1,0,1,-1
6000000014059331478,Q126952501,Ivan Ivanovich Gediminids,1,0,1,-1
6000000002663274795,Q126954167,Jacob Kibbe,1,0,1,-1
6000000006804191071,Q126954168,Dorothy Phelps,1,0,1,-1
6000000006804010783,Q126954173,Dorothy Ingersoll,1,0,1,-1
6000000013612177926,Q126954181,Nathaniel Parsons,1,0,1,-1
6000000011090559686,Q126959209,Ivan Ivanovich Иванович,1,0,1,-1
6000000007151885324,Q1270265,Flavius,1,0,1,-1
6000000011713298922,Q127040146,Fedora Hlazyna,1,0,1,-1
6000000009129000098,Q127097654,Ivan Ioannovich Hotet,1,0,1,-1
6000000075251560471,Q127097785,Mihail Иванович,1,0,1,-1
6000000010819706625,Q127101839,Daniil Васильевич,1,0,1,-1
6000000014935296572,Q127114538,Андрей Иванович Стародубский,1,0,1,-1
6000000002663183423,Q127165328,Naomi Kibbe,1,0,1,-1
6000000002188195243,Q1271854,庸 河南洛陽,1,0,1,-1
6000000004286962211,Q12718788,Svanhild Eisteino duktė,1,0,1,-1
6000000000631669687,Q127270419,Olof Samuelsson Grubb,1,0,1,-1
6000000003939049711,Q127413745,Elizabeth Briggs,1,0,1,-1
6000000004868902148,Q127417411,Tristan,1,0,1,-1
6000000074787816286,Q1275179,渾 文公 鄭 Zhèng,1,0,1,-1
6000000006175852860,Q127608254,Hannah Jennings,1,0,1,-1
6000000001808316470,Q127608259,Mary Lapham,1,0,1,-1
6000000004085768183,Q127616986,Sara Pomeroy,1,0,1,-1
6000000139473134070,Q127691121,Sophia Ивановна Zhedivyd,1,0,1,-1
6000000014764450909,Q127699650,Ovdotya Андреевна Mizetska,1,0,1,-1
6000000206267422821,Q127790938,Maria Андріївна Massalska,1,0,1,-1
6000000011827176549,Q1278949,Manius Pomponius Matho,1,0,1,-1
6000000003827470849,Q1279087,Eberhard,1,0,1,-1
6000000008777878435,Q128044487,Bernhard Johann,1,0,1,-1
6000000067033625102,Q128081656,Francis Marion,1,0,1,-1
6000000022496146045,Q128163815,Christina Lithman,1,0,1,-1
6000000014547389720,Q128209894,Frances Ewell,1,0,1,-1
6000000017557275908,Q128210404,Hannah Davis,1,0,1,-1
6000000016763639057,Q128584765,Beata Tęczyńska h. Topór,1,0,1,-1
6000000003858776605,Q1285976,Anna von Schaunberg,1,0,1,-1
6000000001688756248,Q128694004,Ruth Sprague,1,0,1,-1
6000000078892458911,Q128792110,Фёдор Андреевич,1,0,1,-1
6000000021012586722,Q128792488,Mansur Kiyat (Manzur) Кият,1,0,1,-1
6000000041815813295,Q128792699,Skideras,1,0,1,-1
6000000031810165248,Q128803243,Julia Eugenia Merrell,1,0,1,-1
6000000006606130419,Q128803247,William H Merrell,1,0,1,-1
6000000031810467100,Q128803254,Erastus,1,0,1,-1
6000000008427052635,Q128803264,Stephen Merrill,1,0,1,-1
6000000000628499358,Q128803312,Isaac Goodwin,1,0,1,-1
6000000002288901377,Q128837416,Ebenezer Deming,1,0,1,-1
6000000002598589008,Q128908284,Fedor Иванович,1,0,1,-1
6000000017636261176,Q128908300,Semion,1,0,1,-1
6000000040415210117,Q128909465,Fedka Борисовна Glinska,1,0,1,-1
6000000061164904000,Q128909483,Vasily Борисович Glinski,1,0,1,-1
6000000040291429657,Q128909486,Ivan Борисович Glinski,1,0,1,-1
6000000033971501118,Q128909495,Daniil Борисович Glinski,1,0,1,-1
6000000002598422917,Q128985993,wife Worotyńska,1,0,1,-1
6000000002598437757,Q129086932,Teodoras,1,0,1,-1
6000000017636525028,Q129086941,Дмитрий Семенович Домонт Глинский,1,0,1,-1
6000000005929135693,Q129419810,Amaziah Wright,1,0,1,-1
6000000008746646525,Q129839487,Hannah Coleman,1,0,1,-1
6000000007443333892,Q129914720,Thaddeus Welles,1,0,1,-1
6000000014844213102,Q130018109,Mary Adelaide Morton,1,0,1,-1
6000000037694320928,Q130261513,James Edgar,1,0,1,-1
6000000037694173201,Q130261514,James A,1,0,1,-1
6000000036293161524,Q130261538,Alice Hall,1,0,1,-1
6000000023481849391,Q130261539,Alice Margaret Brewster,1,0,1,-1
6000000003101062112,Q130261541,Samuel Brewster,1,0,1,-1
6000000003100969679,Q130261544,Tabitha Baldwin,1,0,1,-1
6000000007044323700,Q130305679,Josiah Root,1,0,1,-1
6000000007950650807,Q130320532,Katherine Jones Larned,1,0,1,-1
6000000014934947810,Q130322707,Elena Yaroslavna,1,0,1,-1
6000000013341522454,Q130348290,Private,1,0,1,-1
6000000003113439257,Q130356028,Tjarede,1,0,1,-1
6000000003196674914,Q130356065,Kasih,1,0,1,-1
6000000090209689092,Q130369054,Heinrich,1,0,1,-1
6000000011243043288,Q130372935,Jerzy Korecki h. Pogoń Litewska,1,0,1,-1
6000000006754299580,Q130372991,Helena Koretska,1,0,1,-1
6000000139471304051,Q130389444,Anna Koriat,1,0,1,-1
6000000139472046821,Q130389445,Maria Koriat,1,0,1,-1
6000000033242828788,Q130389802,Vasili Кориатович Gediminids,1,0,1,-1
6000000014685776077,Q130390457,Anastasia Korybut,1,0,1,-1
4913726906610024668,Q130391088,Dymitry Glebovich Rurikov,1,0,1,-1
6000000017971574617,Q130391088,Dmitriy Glebovich,1,0,1,-1
6000000044503469302,Q130391089,"Ivan ""Shakh"" Glebavičius",1,0,1,-1
6000000017567440111,Q130401849,Иван Дмитриевич,1,0,1,-1
6000000016457647544,Q130534956,Fenna Дмитриевна Drutska-Lubetska,1,0,1,-1
6000000016457840174,Q130535790,Marianne Drutska-Lubetska,1,0,1,-1
6000000016457616575,Q130535795,Barbara Drutska-Lubetska,1,0,1,-1
6000000018346326842,Q130634640,Geertruid Vincentsdr Vincentsdtr Van LockHorst,1,0,1,-1
6000000078892832856,Q130732622,Иван Андреевич,1,0,1,-1
6000000017987582930,Q130732623,Василий Слепой Андреевич,1,0,1,-1
6000000078893317026,Q130732625,Марфа Андреевна Мезецкая,1,0,1,-1
6000000050135873890,Q130732627,Oksinia / Ksenia Андреевна Mizetska,1,0,1,-1
6000000024946846409,Q130735468,Fiodor Андреевич ks. Możajski,1,0,1,-1
6000000048023343929,Q130741154,2nd wife dss of Moscow,1,0,1,-1
6000000002908921848,Q130742881,Margery Mary Ingersoll,1,0,1,-1
6000000017988483090,Q130859185,Mikhail Иванович,1,0,1,-1
6000000024829379911,Q131304765,Dawid Sołtan h. wł.,1,0,1,-1
6000000024987712611,Q131304768,Jarosław Sołtan h. wł.,1,0,1,-1
6000000024823618818,Q131304769,Jan Sołtan h. wł.,1,0,1,-1
6000000024823917779,Q131304770,Aleksander Sołtan h. wł.,1,0,1,-1
6000000004533093915,Q13130929,Ranallt,1,0,1,-1
6000000004993387623,Q131316268,Elizabeth Sperry,1,0,1,-1
6000000006446043978,Q131316332,William Loomis,1,0,1,-1
6000000021747152603,Q131359168,Phoebe Burt,1,0,1,-1
6000000002622461500,Q131360041,Mehitabel Webster,1,0,1,-1
6000000002576577610,Q131360151,"Timothy Wickham ""Tang"" Morley",1,0,1,-1
6000000022295802927,Q131364515,John Davis,1,0,1,-1
6000000009449776686,Q131366951,Ephraim Buell,1,0,1,-1
6000000020320408837,Q131369577,Isaac Rockwell,1,0,1,-1
6000000001889958698,Q131369582,Sarah Drake,1,0,1,-1
458418,Q131370077,Emily Morgan Neville,1,0,1,-1
6000000017690608068,Q131401210,Samuel Thomas Finch,1,0,1,-1
6000000002819601712,Q131401226,Isaac Bartholomew,1,0,1,-1
323089148770004264,Q131441536,Hannah Whittemore,1,0,1,-1
6000000006110954055,Q131441539,Joseph Whittemore,1,0,1,-1
6000000013873010465,Q131447051,Sarah Coleman,1,0,1,-1
6000000004547520431,Q131470608,Jonathan White,1,0,1,-1
6000000003242756665,Q131550654,Elizabeth Warner,1,0,1,-1
6000000005415353758,Q131579723,Lucy Mather,1,0,1,-1
6000000005415213585,Q131579732,Lucy Mather Gaylord,1,0,1,-1
6000000054473058854,Q131581507,John Walley,1,0,1,-1
6000000003221197734,Q131582530,Ebenezer Bliss,1,0,1,-1
6000000005415059296,Q131630772,Nehemiah Gaylord,1,0,1,-1
6000000002073518838,Q131630774,Naomi Burnham,1,0,1,-1
6000000008261993757,Q131630806,Thomas Burnham,1,0,1,-1
6000000007508934297,Q131630817,John Burbank,1,0,1,-1
6000000017971646458,Q131703742,Иван Святославич князь Смоленский,1,0,1,-1
6000000002447103414,Q131732243,Rhodah (Rhodogune) .,1,0,1,-1
6000000008391826748,Q131747298,daughter of Ivan Ивановна of Pronsk,1,0,1,-1
6000000006348235898,Q131760187,James Morse,1,0,1,-1
6000000029797862596,Q131795827,Thomas Gaskins,1,0,1,-1
6000000003221845276,Q131900110,Richard Sperry,1,0,1,-1
6000000002046157649,Q131933175,David Chapin,1,0,1,-1
6000000002302340405,Q132132187,Mary Bartholomew,1,0,1,-1
6000000044535423889,Q132161589,Aleksandras Dašekas,1,0,1,-1
6000000111324771845,Q132161627,Михаил Александрович,1,0,1,-1
6000000044548669873,Q132731460,Иван Иванович,1,0,1,-1
6000000044548666878,Q132731552,Мрия Ивановна,1,0,1,-1
6000000044548651987,Q132731726,Марфа Шемякинa,1,0,1,-1
6000000044548389293,Q132731727,Евфросинья Шемякинa,1,0,1,-1
6000000007554536426,Q132861751,Ellen Hackley Pollard,1,0,1,-1
6000000000141512410,Q132862922,Elizabeth Chew,1,0,1,-1
6000000001954978146,Q132862935,Kensey Johns,1,0,1,-1
6000000001955063207,Q132862943,Kensey,1,0,1,-1
6000000004577917678,Q132882435,Gjurd Nilsson,1,0,1,-1
6000000018175300829,Q133272317,其德 伯瑩 湖南衡山,1,0,1,-1
6000000028795039661,Q133281702,沛 澤農,1,0,1,-1
6000000028794728345,Q133281707,光磯 湖南茶陵,1,0,1,-1
6000000012977484356,Q133281715,紀耀 仲坤 湖南湘鄉,1,0,1,-1
6000000001197351347,Q133283749,Clara Johansdotter,1,0,1,-1
6000000000861176450,Q133283750,Margareta Salomonsdotter Vallensis,1,0,1,-1
5302756261700049783,Q133284526,Isabel,1,0,1,-1
6000000184658611944,Q133310668,Vasily Lvovich Vorotynsky,1,0,1,-1
6000000129802084916,Q133447392,氏 隴西狄道,1,0,1,-1
6000000143818362822,Q133447882,相州鄴縣,1,0,1,-1
6000000146278520007,Q133448022,陳郡長平,1,0,1,-1
6000000146209386022,Q133448059,陳郡長平,1,0,1,-1
6000000049444949940,Q133448066,令名 陳郡長平,1,0,1,-1
6000000057265414826,Q133465251,爽 河南洛陽,1,0,1,-1
6000000129578262007,Q133465252,立素 河南洛陽,1,0,1,-1
6000000055763553835,Q133467867,清河,1,0,1,-1
6000000048526000905,Q133467929,媚 河東,1,0,1,-1
6000000133718509283,Q133468037,琅邪臨沂,1,0,1,-1
6000000055760029011,Q133472473,范陽涿縣,1,0,1,-1
6000000055769670909,Q133472591,太原晉陽,1,0,1,-1
6000000148109065975,Q133473091,威 晉昌,1,0,1,-1
6000000055805019865,Q133473314,廣平列人,1,0,1,-1
6000000116849125967,Q133503468,河東聞喜,1,0,1,-1
6000000143819958899,Q133504169,粲 河南洛陽,1,0,1,-1
6000000078424588881,Q133505123,Андрей Дмитриевич,1,0,1,-1
6000000078424345046,Q133505173,Семён Андреевич,1,0,1,-1
6000000078421597566,Q133514712,Данила Семёнович,1,0,1,-1
6000000145996128030,Q133521372,河南洛陽,1,0,1,-1
6000000055759597848,Q133521472,范陽涿縣,1,0,1,-1
6000000055771360858,Q133521792,河南洛陽,1,0,1,-1
6000000144161662094,Q133521834,玄成 范陽涿縣,1,0,1,-1
6000000002836849575,Q133896446,房則,1,0,1,-1
6000000014925512744,Q133968625,Anna,1,0,1,-1
6000000017553941246,Q134079944,弘農華陰,1,0,1,-1
6000000021240523343,Q134081021,鉅鹿曲城,1,0,1,-1
6000000146210333353,Q134082099,濟州鉅野,1,0,1,-1
6000000055529915136,Q134082169,嘉 萬年 江夏鄳縣,1,0,1,-1
6000000055530406842,Q134082179,觀 叔時 江夏鄳縣,1,0,1,-1
6000000107037409024,Q134082180,揖 江夏鄳縣,1,0,1,-1
6000000018230570371,Q134109089,Andrei Konstatinovich Shahovsky,1,0,1,-1
6000000018230637139,Q134109092,Юрий Константинович,1,0,1,-1
6000000018230744013,Q134109525,Alexander Shemyaka Andreevich Shahovsky,1,0,1,-1
6000000018230544290,Q134125353,Andrei Alexandrovich Shahovsky,1,0,1,-1
6000000018230527672,Q134125605,Ivan Andreevich Shahovsky,1,0,1,-1
6000000074750095362,Q13420083,隴西狄道,1,0,1,-1
6000000006253354305,Q134409678,Thomas Lyttleton Savage,1,0,1,-1
6000000018230535278,Q134431117,Данило Андреевич,1,0,1,-1
6000000018230615708,Q134440040,Пётр Андреевич,1,0,1,-1
6000000081695362928,Q134547115,Philipp Jacob von Leiningen-Schaumburg,1,0,1,-1
6000000001504827441,Q134570801,Sidsel Timmesdatter Rosenkrantz,1,0,1,-1
294414873430006408,Q1346964,Lambert,1,0,1,-1
6000000003128238078,Q134738588,村椙,1,0,1,-1
6000000011767227670,Q13478149,Ivan Rogvoldovich,1,0,1,-1
6000000013766131859,Q13478526,Vasilko II Bryachislavich,1,0,1,-1
6000000038512815983,Q13478530,Bseslavas Brečislavaitis,1,0,1,-1
6000000080817176840,Q13478538,Любовь Васильевна,1,0,1,-1
6000000012421497276,Q134882391,Anna Loomis,1,0,1,-1
6000000018230584622,Q134883732,"Матвей Петрович ""Babouchka""",1,0,1,-1
6000000003820985316,Q134955037,Ivar Sveinson,1,0,1,-1
6000000049865157925,Q134981976,Acatlán,1,0,1,-1
6000000003186842899,Q134982147,Tayhualcan,1,0,1,-1
6000000000321810201,Q134985369,Náuhyotl (de Coatlichan),1,0,1,-1
6000000000321851433,Q134985390,Coxcox,1,0,1,-1
6000000003896394536,Q134985777,Beatriz Pizarro de Hinojosa,1,0,1,-1
6000000000321789107,Q134985816,Francisco de Xocoyotzin,1,0,1,-1
6000000031395903545,Q134985825,Pedro,1,0,1,-1
6000000104610509878,Q134985831,Maríañ Pimentel,1,0,1,-1
6000000171102209821,Q134985833,Magdalena Francisca Josepa Pimentel y Quiñones,1,0,1,-1
6000000032061252513,Q134985844,Luis,1,0,1,-1
6000000015313662505,Q134985872,Josepha Jacinta Fernández de Córdoba y Enríquez de Ribera,1,0,1,-1
6000000016447273268,Q134985875,Pedro Fernández de Córdoba y Enríquez de Ribera,1,0,1,-1
6000000003493243684,Q134985895,Luis,1,0,1,-1
6000000003896121185,Q134985898,Juan,1,0,1,-1
6000000000991706416,Q134985907,Cristóbal de Narriahondo Pérez de Narriahondo,1,0,1,-1
6000000000276571575,Q134985930,Diego Alonso Pizarro de Hinojosa,1,0,1,-1
6000000018527839080,Q134985934,Beatriz,1,0,1,-1
6000000020237986595,Q134985935,Gracia Pizarro y Rodríguez de Aguilar,1,0,1,-1
6000000174806525882,Q134985937,Inés Pizarro y Rodríguez de Aguilar,1,0,1,-1
6000000174806525898,Q134985938,Catalina Pizarro y Altamirano,1,0,1,-1
6000000174806525920,Q134985939,Elvira,1,0,1,-1
6000000004157608187,Q134985942,Hernando,1,0,1,-1
6000000003187047248,Q134985969,Xocotzin,1,0,1,-1
6000000003187081962,Q134985971,Macuil,1,0,1,-1
6000000000321866437,Q134985972,Iztapánzin,1,0,1,-1
6000000027346272632,Q134985974,Colhuacan Empire Of Coxcoxtli,1,0,1,-1
6000000052945695870,Q134986001,Diego,1,0,1,-1
6000000052900134802,Q134986012,Alonso Moreno,1,0,1,-1
6000000052948101854,Q134986017,Rodrigo,1,0,1,-1
6000000031989542029,Q134986029,Gonzalo,1,0,1,-1
6000000000321805059,Q134986042,Mencia de Xocoyotzin,1,0,1,-1
6000000128936608973,Q134986092,Chalchiuhcozcatzin - Chalchiuhnenetzin,1,0,1,-1
6000000003493250121,Q134986146,Catalina Cortés de Zúñiga,1,0,1,-1
6000000052945111849,Q134986281,Martín,1,0,1,-1
6000000077245262470,Q134986283,Gutierre Alvarez de Toledo,1,0,1,-1
6000000045461867193,Q134986315,Fernando Fernández de Córdoba y Enríquez de Ribera,1,0,1,-1
6000000045461886249,Q134986316,Inés Fernández de Córdoba y Enríquez de Ribera,1,0,1,-1
6000000045462423860,Q134986319,Alonso Fernández de Córdoba y Enríquez de Ribera,1,0,1,-1
6000000045462493852,Q134986320,Francisca Fernández de Córdoba y Enríquez de Ribera,1,0,1,-1
6000000045462495913,Q134986321,Fernando Pablo Fernández de Córdoba y Enríquez de Ribera,1,0,1,-1
6000000012062122208,Q134986332,Tlacuilolxochtzin,1,0,1,-1
6000000013104001240,Q134986333,Juana,1,0,1,-1
6000000027487571159,Q134986334,Juana,1,0,1,-1
6000000013175379414,Q134986336,Leonor Juana,1,0,1,-1
6000000012225278608,Q134986339,Pedro Andrés,1,0,1,-1
6000000012042496861,Q134986343,Beatriz,1,0,1,-1
6000000013103545024,Q134986348,Francisca,1,0,1,-1
6000000031395967754,Q134986349,García,1,0,1,-1
6000000031408660543,Q134986350,María,1,0,1,-1
6000000004559865516,Q134986352,Mayor,1,0,1,-1
6000000039812785695,Q134986353,María Fernández de Padilla García-Ayala,1,0,1,-1
6000000030500709371,Q134986354,Gaspar Lorenzo,1,0,1,-1
6000000045455546910,Q134986355,María de Figueroa,1,0,1,-1
6000000045455780847,Q134986356,Baltasar de Figueroa,1,0,1,-1
6000000003896119393,Q134986359,Isabel,1,0,1,-1
6000000005392245689,Q134986360,Fernando de Oñate y Salazar,1,0,1,-1
6000000013634541148,Q134986361,Cristóbal de Oñate,1,0,1,-1
6000000000401585822,Q134986362,Juan,1,0,1,-1
6000000001260459057,Q134986363,Vicente de Zaldívar y Oñate,1,0,1,-1
6000000008900710062,Q134986364,Diego de Zaldivar y Oñate,1,0,1,-1
6000000008954336193,Q134986365,Gabriel,1,0,1,-1
6000000008954526850,Q134986366,Alonso de Zaldivar y Oñate,1,0,1,-1
6000000005598888440,Q134986368,Ruy Díaz de Zaldívar,1,0,1,-1
6000000199928046856,Q134986369,Rodrigo,1,0,1,-1
6000000020422922067,Q134986370,Hernando,1,0,1,-1
6000000012514136568,Q134986371,María Altamirano,1,0,1,-1
6000000019330734075,Q134986372,Isabel,1,0,1,-1
6000000032629805970,Q134986373,Juan,1,0,1,-1
6000000083149696259,Q134986374,Hernando,1,0,1,-1
6000000083149722055,Q134986375,Francisco,1,0,1,-1
6000000051040238061,Q134986376,Aldonza de Hinojosa,1,0,1,-1
6000000019341516637,Q134986378,Juan Páez,1,0,1,-1
6000000019342370105,Q134986379,Cristóbal de Valderrama,1,0,1,-1
6000000000321804410,Q134986380,Nopáltzin-Cuetlaxhuitzin,1,0,1,-1
6000000052945110276,Q134986381,Fernando,1,0,1,-1
6000000052944886573,Q134986441,Francisca,1,0,1,-1
6000000052901866920,Q134986446,Maria,1,0,1,-1
6000000000321812032,Q134986449,Cristóbal de Lucero,1,0,1,-1
6000000128935864261,Q134986452,Moquihuic ( Moquihuix),1,0,1,-1
6000000000220417848,Q134986456,Magdalena,1,0,1,-1
6000000003493243744,Q134986457,Ana,1,0,1,-1
6000000115173519044,Q134986465,Gómez,1,0,1,-1
6000000075706881850,Q134986469,Maria Ana Santos Ana,1,0,1,-1
6000000013019091950,Q134986471,Pedro,1,0,1,-1
5302730678270049536,Q134986472,Aldonza Hinojosa,1,0,1,-1
6000000105178186821,Q134986474,Juan,1,0,1,-1
6000000012225970508,Q134986476,Antonia,1,0,1,-1
6000000015630217540,Q134986479,Francisca de Castro Cabrera y Bobadilla,1,0,1,-1
6000000002231018223,Q134986480,María Luisa,1,0,1,-1
6000000031409338884,Q134986481,María,1,0,1,-1
6000000000661686823,Q134986485,Catalina,1,0,1,-1
6000000007354125287,Q134986486,Teresa Fernández de Córdoba,1,0,1,-1
6000000002760503826,Q134986490,"Pedro ""El Mozo""",1,0,1,-1
6000000037344141986,Q134986491,Juan Cano Moctezuma de Prado,1,0,1,-1
6000000004717762030,Q134986504,Pedro,1,0,1,-1
6000000003493056813,Q134986617,Juan,1,0,1,-1
6000000000220815626,Q134986714,Ana,1,0,1,-1
6000000152671926966,Q134986716,Miguel Mateo Cortes Cerda,1,0,1,-1
6000000000267428302,Q134986719,Inés,1,0,1,-1
6000000009938601591,Q134986720,Alonso Cortés Mancha,1,0,1,-1
6000000010738829617,Q134986726,Maria,1,0,1,-1
6000000006795553679,Q134986727,Martin Pizarro,1,0,1,-1
6000000014885377912,Q134986728,Mateo,1,0,1,-1
6000000000351810041,Q134986733,Cuauhcihuatl,1,0,1,-1
6000000000640391267,Q134986741,María,1,0,1,-1
6000000018775853587,Q134986742,Catalina,1,0,1,-1
6000000000868534104,Q134986743,Juan Aranda,1,0,1,-1
6000000000868534747,Q134986744,María Aranda Lucero,1,0,1,-1
6000000000203345740,Q134986748,Gonzalo Cano de Moctezuma,1,0,1,-1
6000000007446283351,Q134986750,Pedro Cano de Moctezuma,1,0,1,-1
6000000007446283363,Q134986753,Isabel de Moctezuma,1,0,1,-1
6000000007446283367,Q134986754,Ana Catalina de Moctezuma,1,0,1,-1
6000000003186896624,Q134986762,Papatzin Oxomoc,1,0,1,-1
6000000003493266307,Q134986765,María de Castañeda,1,0,1,-1
6000000003493266282,Q134986769,Fernando Gallego Gallego de Andrade Moctezuma,1,0,1,-1
6000000003493266287,Q134986770,Felipe Gallego,1,0,1,-1
6000000003493266292,Q134986771,Juan Gallego Andrada Moctezuma,1,0,1,-1
6000000003493266297,Q134986772,Isabel Andrada Moctezuma,1,0,1,-1
6000000050969847121,Q134986774,Pedro de Andrade Moctezuma y Castañeda,1,0,1,-1
6000000003493266137,Q134986776,Geronimo Augustin,1,0,1,-1
6000000003616316987,Q134986778,Cristóbal de Zaldívar Mendoza,1,0,1,-1
6000000007462741918,Q134986780,Juan de Saldívar Cortéz Moctezuma,1,0,1,-1
6000000007463116370,Q134986781,Vincente de Saldívar Cortéz Moctezuma,1,0,1,-1
6000000028171953602,Q134986782,Juan Andrés de Zaldívar,1,0,1,-1
6000000002187613904,Q134988446,N.N.,1,0,1,-1
6000000002187613924,Q134988448,N.N.,1,0,1,-1
6000000000424788432,Q1351307,"John ""The Red"" Comyn",1,0,1,-1
6000000019846762449,Q135196183,Sarah Maria Eustace,1,0,1,-1
6000000002246299525,Q135196188,Agatha Conway,1,0,1,-1
6000000019845331949,Q135196207,Sally Lee McCarty,1,0,1,-1
6000000004663475510,Q135196218,Denis McCarty,1,0,1,-1
6000000004663499488,Q135196222,Sarah Ball,1,0,1,-1
6000000002713586427,Q135196224,William Ball,1,0,1,-1
6000000038221337200,Q135273782,錢,1,0,1,-1
6000000006802792756,Q135285220,Mary Tyng,1,0,1,-1
6000000007511609048,Q135479877,Barbro Persdotter,1,0,1,-1
6000000024350003263,Q135479879,Karin Persdotter,1,0,1,-1
6000000178795067857,Q135489725,Tsedaka,1,0,1,-1
6000000178794921845,Q135489726,Yitzhaq,1,0,1,-1
6000000178794831823,Q135489727,Shalma II,1,0,1,-1
6000000178793980898,Q135489728,Tabia III,1,0,1,-1
6000000178794353834,Q135489729,Yitzhaq,1,0,1,-1
6000000178795709821,Q135489730,Abram,1,0,1,-1
6000000178795360828,Q135489731,Tsedaka II,1,0,1,-1
6000000178794999821,Q135489819,Amram VIII,1,0,1,-1
6000000178794932825,Q135489963,Phinehas,1,0,1,-1
6000000178795370821,Q135489965,Amram,1,0,1,-1
6000000006891205312,Q135525514,Margaret Johns,1,0,1,-1
6000000015366821674,Q135525527,Joseph Hopkins,1,0,1,-1
6000000007588187422,Q135527730,Herborg Pedersdatter,1,0,1,-1
6000000003782918416,Q135527732,Peter,1,0,1,-1
6000000075992041641,Q135652807,Ignacy Marcin,1,0,1,-1
6000000009687656887,Q135680845,Tenagne Warq,1,0,1,-1
6000000018239081716,Q135747785,Юрий Иванович,1,0,1,-1
6000000001798344474,Q136097289,Jørgen Pedersen Staur,1,0,1,-1
6000000015275748686,Q136324606,Maximiliane von Hohenzollern-Hechingen,1,0,1,-1
5546031430930135595,Q136387201,Samuel Olofsson Wallenius,1,0,1,-1
6000000011393387214,Q136542553,Carolus Benedicti Prætorius,1,0,1,-1
6000000004273672334,Q136649625,Eiler Axelsen,1,0,1,-1
6000000006595700147,Q136686633,Marcus Nilsson,1,0,1,-1
6000000005415213572,Q137218444,Nehemiah Gaylord,1,0,1,-1
6000000001827575071,Q137393503,Margrethe Bondesdatter,1,0,1,-1
6000000007472021755,Q137650414,Elisabeth,1,0,1,-1
6000000094083696955,Q137692102,Baltazaras,1,0,1,-1
6000000002836964310,Q1379947,深養父,1,0,1,-1
6000000002893319563,Q138310804,Samson Filippusson Losna,1,0,1,-1
6000000024514920172,Q138318938,Auguste Sophie Von Württemberg-Neuenstadt,1,0,1,-1
6000000000426646688,Q138529745,Hannah Washburn,1,0,1,-1
6000000000806277108,Q139249536,Frances Thacker,1,0,1,-1
6000000000651971591,Q139251294,Lydia Kelly Caulkins,1,0,1,-1
6000000014082705465,Q139546670,Gaia de Cervera,1,0,1,-1
6000000074313036840,Q139554071,KPH Noto Dirodjo,1,0,1,-1
6000000019571421475,Q139554555,GBRA Retno Puwoso,1,0,1,-1
6000000016310009703,Q139668960,Ammi Trumbull,1,0,1,-1
6000000016309653778,Q139668963,John Hayden,1,0,1,-1
6000000018427283921,Q139668965,Mary Trumbull,1,0,1,-1
6000000001892591268,Q139669609,Ann Burnham,1,0,1,-1
6000000006732828191,Q139669611,Samuel Burnham,1,0,1,-1
6000000018427220931,Q139669614,Sabra Gaylord,1,0,1,-1
6000000008602211764,Q139695516,William Henry Oldham,1,0,1,-1
6000000001233651651,Q139736816,Jeremiah Whittemore,1,0,1,-1
6000000092777923864,Q139989689,Bolette Sara Laurentze Hersleb,1,0,1,-1
6000000001504598934,Q140466087,Margrethe Axelsdatter Rosenkrantz,1,0,1,-1
6000000001504617748,Q140694699,Mette Eriksdatter Rosenkrantz,1,0,1,-1
6000000018625242110,Q140736242,Henrik Petri,1,0,1,-1
5337147434200086146,Q140761650,Ingeborg Predbjørnsdatter Podebusk,1,0,1,-1
6000000001504532621,Q140805598,Knud Bille,1,0,1,-1
6000000008549647641,Q140805604,Axel,1,0,1,-1
6000000047347943848,Q140918067,John Milton,1,0,1,-1
6000000041786721100,Q1434699,Llywarch Hen,1,0,1,-1
6000000075333564821,Q14640463,觀 拔六觀 河南洛陽,1,0,1,-1
6000000009687941284,Q147677,Negus Zariea,1,0,1,-1
6000000003828326587,Q15040856,Raingarde,1,0,1,-1
6000000031614106365,Q15042435,Vasili Romanovich,1,0,1,-1
6000000031614493911,Q15042460,Lev Romanovich,1,0,1,-1
6000000013651176024,Q15061774,Андрей Петрович,1,0,1,-1
6000000030006460832,Q15070790,Grigoriy Андреевич,1,0,1,-1
6000000002447112231,Q15223068,Selyfan / Salomon ap Gradlon,1,0,1,-1
6000000009654053608,Q153600,Lucius Scribonius Libo,1,0,1,-1
6000000000437189974,Q1553880,Guillaume,1,0,1,-1
6000000073466379031,Q15627774,Vladimir Sviatopolkovich,1,0,1,-1
6000000074759918859,Q1564623,處厚 河南府,1,0,1,-1
6000000075327208147,Q1567152,淹 執禮 京兆杜陵,1,0,1,-1
6000000007316403023,Q1567543,Adrien,1,0,1,-1
6000000075399536836,Q15892557,孝節 隴西狄道,1,0,1,-1
6000000020601867750,Q15892829,勤禮 敬弘 琅邪臨沂,1,0,1,-1
6000000064848899962,Q15902742,子奇 中濟 河南洛陽,1,0,1,-1
6000000075377291821,Q15904869,鏡民 君倩 河東聞喜,1,0,1,-1
6000000038106577817,Q15905324,坦 伯履 河南洛陽,1,0,1,-1
6000000074717421141,Q15908012,鈞 季孫 弘農華陰,1,0,1,-1
6000000023531439343,Q15909080,崧 景猷 潁川潁陰,1,0,1,-1
6000000075333279966,Q15912568,儉 河南洛陽,1,0,1,-1
6000000075401937068,Q15913459,行之 鄭州管城,1,0,1,-1
6000000021150326904,Q15914389,順之 文緯 南蘭陵,1,0,1,-1
6000000074750951895,Q15914778,李,1,0,1,-1
6000000074767375914,Q15916852,Fan 翻 隴西狄道,1,0,1,-1
6000000064849118831,Q15921654,宗傑 河南洛陽,1,0,1,-1
6000000075345372890,Q15923626,欽 子若 范陽涿縣,1,0,1,-1
6000000074750434127,Q15923998,隴西狄道,1,0,1,-1
6000000012967356967,Q15924364,嗣悊,1,0,1,-1
6000000021651887195,Q15924962,堯咨 嘉謨 閬州閬中,1,0,1,-1
6000000075048790451,Q15927853,諶 開封,1,0,1,-1
6000000013567576377,Q15939908,子姓,1,0,1,-1
6000000013567666036,Q15940896,睾 祁父 子姓,1,0,1,-1
6000000052128024860,Q15941515,敏 仲通 范陽涿縣,1,0,1,-1
6000000023701103686,Q15944710,悅 長豫 琅邪臨沂,1,0,1,-1
6000000074750788964,Q15954845,某,1,0,1,-1
6000000007373484281,Q1597708,Heinrich Frisia,1,0,1,-1
6000000143879582839,Q16001836,盛,1,0,1,-1
6000000143879186997,Q16002033,符,1,0,1,-1
6000000143877364318,Q16002532,昭成,1,0,1,-1
6000000143879772860,Q16002534,椒,1,0,1,-1
6000000143879757832,Q16002537,回,1,0,1,-1
6000000143879558938,Q16002539,迥,1,0,1,-1
6000000143879385988,Q16002543,子祥,1,0,1,-1
6000000143879056025,Q16002545,通玄,1,0,1,-1
6000000143880024830,Q16002547,光,1,0,1,-1
6000000143880116821,Q16002549,慈正,1,0,1,-1
6000000143879686901,Q16002551,高,1,0,1,-1
6000000143877688458,Q16002553,應韶,1,0,1,-1
6000000143879916873,Q16002555,頤,1,0,1,-1
6000000143879970888,Q16002557,仕元,1,0,1,-1
6000000143880274862,Q16002559,諶,1,0,1,-1
6000000143878987229,Q16002562,秉一,1,0,1,-1
6000000143879859916,Q16002564,善,1,0,1,-1
6000000143880028950,Q16002566,季文,1,0,1,-1
6000000143880338839,Q16002568,正随,1,0,1,-1
6000000143878459247,Q16002571,乾曜,1,0,1,-1
6000000143880232876,Q16002573,嗣宗,1,0,1,-1
6000000143880563863,Q16002575,象中,1,0,1,-1
6000000143880553857,Q16002584,時修,1,0,1,-1
6000000143880392893,Q16002587,守真,1,0,1,-1
6000000075406665959,Q16002602,嗣德 貴溪,1,0,1,-1
6000000075406753947,Q16002607,宇清 廣信貴溪,1,0,1,-1
6000000143880096968,Q16002610,懋丞,1,0,1,-1
6000000143880760847,Q16002613,元吉,1,0,1,-1
6000000143877971319,Q16002615,玄慶,1,0,1,-1
6000000143880361895,Q16002617,永緒,1,0,1,-1
6000000002814610465,Q16063986,Ide Mogensdatter Munk,1,0,1,-1
6000000074684660599,Q16075514,之才 正輔 眉州眉山,1,0,1,-1
6000000054111969933,Q16075986,魯連 南陽順陽,1,0,1,-1
6000000038103475036,Q16075990,億 宗魏 開封雍邱,1,0,1,-1
6000000075346020862,Q16076578,奐 范陽涿縣,1,0,1,-1
6000000074735329037,Q16076771,璄 隴西狄道,1,0,1,-1
6000000023701404124,Q16077602,凝之 叔平 琅邪臨沂,1,0,1,-1
6000000021151069727,Q16078093,珣 南蘭陵,1,0,1,-1
6000000038046256338,Q16078116,鍇 成都華陽,1,0,1,-1
6000000038046835879,Q16078123,鎡 成都華陽,1,0,1,-1
6000000001223433922,Q16162760,Salomon Birgeri Vallensis,1,0,1,-1
6000000210483284822,Q16183355,Lady Palsu,1,0,1,-1
6000000000437016503,Q16203778,Rogallach mac Uatuch,1,0,1,-1
6000000006101386528,Q16227428,Devi,1,0,1,-1
6000000075333494023,Q16259845,安業 河南洛陽,1,0,1,-1
6000000075328021088,Q16260404,烈 朔州鄯陽,1,0,1,-1
6000000021151410339,Q16260763,敞 休明 河南洛陽,1,0,1,-1
6000000003827288095,Q16323098,Usai ap ap Ceredig,1,0,1,-1
6000000002447114415,Q16323100,Serwyl ap ab Usai,1,0,1,-1
6000000006127291626,Q16595801,Marina Nilsdotter Grip,1,0,1,-1
6000000074750863829,Q16603339,隴西狄道,1,0,1,-1
6000000074750786894,Q16603539,隴西狄道,1,0,1,-1
6000000074750821838,Q16603545,隴西狄道,1,0,1,-1
6000000074750472086,Q16603629,隴西狄道,1,0,1,-1
6000000074750825910,Q16603663,隴西狄道,1,0,1,-1
6000000074750180432,Q16603711,隴西狄道,1,0,1,-1
4915441647200047771,Q16630592,Владимир-Димитрий Всеволодович,1,0,1,-1
6000000023109987927,Q16640088,Torstein Eiriksson Galge,1,0,1,-1
6000000003086748894,Q16644056,Isabelle D' Artois,1,0,1,-1
6000000008867091538,Q16696430,Lev Borisovich Glinskis,1,0,1,-1
6000000018230635308,Q16719650,Мирон Михайлович,1,0,1,-1
6000000003220313927,Q16726140,Bergljót Thorbjórg,1,0,1,-1
6000000001169186947,Q16726161,Thurid Eyvinsdotter,1,0,1,-1
6000000008892174642,Q16738579,Ramune Миндовговна daughter of Mindaugas,1,0,1,-1
6000000075328595214,Q16904013,雲起 京兆杜陵,1,0,1,-1
6000000074748202903,Q16904945,朝 深州安平,1,0,1,-1
6000000143818019904,Q16904984,卿惲 相州鄴縣,1,0,1,-1
6000000023701636005,Q16906209,裁 士初 琅邪臨沂,1,0,1,-1
6000000074685035240,Q17030627,之元 德孺 眉州眉山,1,0,1,-1
6000000003524527851,Q17095763,Anastasia Ольговна of Ryazan,1,0,1,-1
6000000014878152198,Q17095892,Anna Fedkaitė Korybut,1,0,1,-1
6000000045893152849,Q17096000,Adomas Mikalojus Tolvaiša h. Gulbė,1,0,1,-1
6000000035682017238,Q17113842,Davil Ростиславич of Polotsk,1,0,1,-1
6000000006589261875,Q17130930,Henrik Jakobsen Friis,1,0,1,-1
6000000080810315917,Q17195283,Всеслав Николаевич,1,0,1,-1
6000000016140491289,Q17280354,D. Luis António,1,0,1,-1
6000000014994006600,Q17426683,José,1,0,1,-1
6000000074788105996,Q17499767,幼儒 滎陽開封,1,0,1,-1
6000000032668464871,Q175121,Marcus,1,0,1,-1
6000000016682112346,Q17552631,Aleksander Wołłowicz h. Bogoria,1,0,1,-1
6000000030477963963,Q1793966,Publius Cornelius Sulla,1,0,1,-1
6000000005441547442,Q1794616,Axel Knudsen,1,0,1,-1
6000000134112435839,Q179697,Benedict VII,1,0,1,-1
6000000020388599646,Q179718,Catherine of Alexandria,1,0,1,-1
6000000075401711077,Q17992815,思穆 秦州成紀,1,0,1,-1
6000000012469454652,Q1811683,Clémence from Poitou to Bouzonville,1,0,1,-1
6000000017473966098,Q18120443,Simache,1,0,1,-1
6000000016109293068,Q1820550,SINUHUN PAKU BUWANA XI Raden Mas Antasena (1939-1945),1,0,1,-1
6000000099626188887,Q18213978,Arsinde de Carcassonne,1,0,1,-1
6000000013451205956,Q18223300,Amelia,1,0,1,-1
6000000003827583715,Q1823360,Hugues de Rethel,1,0,1,-1
6000000074731713872,Q18233741,整 勃海饒安,1,0,1,-1
6000000055769090102,Q18233962,逸 景隽 博陵安平,1,0,1,-1
6000000002043204073,Q1834693,Cunigonde,1,0,1,-1
6000000006732597669,Q1835397,Paku Alam VI KPH Notokusumo (1901-1902),1,0,1,-1
6000000075345717955,Q18905787,俌 范陽涿縣,1,0,1,-1
6000000075345244049,Q18905796,先之 范陽,1,0,1,-1
6000000075060991823,Q18906149,希言 隴西狄道,1,0,1,-1
6000000075401864002,Q18906208,成裕 鄭州管城,1,0,1,-1
6000000074788564912,Q18906316,處誨 廷美 滎陽開封,1,0,1,-1
6000000074733024998,Q18906572,籍 蘭陵,1,0,1,-1
6000000074748925431,Q18906642,彥國 河東汾陰,1,0,1,-1
6000000075346323976,Q18906739,喜 河東解縣,1,0,1,-1
6000000075401666893,Q18906763,倇 趙州欒城,1,0,1,-1
6000000074730395869,Q18906822,綰 京兆武功,1,0,1,-1
6000000074730317895,Q18906829,詵 京兆萬年,1,0,1,-1
6000000075328344948,Q18906951,諫,1,0,1,-1
6000000075375812821,Q18906969,宏獻 河東聞喜,1,0,1,-1
6000000075346166002,Q18907082,亮 元明 陳郡長平,1,0,1,-1
6000000075328996994,Q18907206,叔夏 京兆杜陵,1,0,1,-1
6000000075329150950,Q18907259,展 京兆杜陵,1,0,1,-1
6000000074759912827,Q18907296,悰 京兆杜陵,1,0,1,-1
6000000075402748856,Q18908183,孺之 廣平易陽,1,0,1,-1
6000000075328764089,Q18908909,縚 京兆杜陵,1,0,1,-1
6000000075328463121,Q18908917,續 京兆長安,1,0,1,-1
6000000022699806622,Q18909029,均 范陽方城,1,0,1,-1
6000000074716750086,Q18909555,璀 清河武城,1,0,1,-1
6000000003645697517,Q1893528,Marcia Regia,1,0,1,-1
6000000009458314295,Q1893528,Pompeia,1,0,1,-1
6000000003484295832,Q19303222,Patric FitzDolfin de Offerton,1,0,1,-1
6000000014049226058,Q19336314,Jacqueline de Croÿ,1,0,1,-1
6000000024132781978,Q19359486,Margaret de Brienne,1,0,1,-1
6000000005913253971,Q193869,Childéric,1,0,1,-1
6000000012643337565,Q19390458,Sten Willumsen Rosenvinge,1,0,1,-1
6000000001210528003,Q1939105,William II de Warenne,1,0,1,-1
6000000001412940807,Q1944387,Gérard I,1,0,1,-1
6000000009553122259,Q19513557,Otanes of Persia,1,0,1,-1
6000000037721778568,Q19653769,正國 子義 蘇州吳縣,1,0,1,-1
6000000037722051249,Q19653770,正平 子夷 蘇州吳縣,1,0,1,-1
6000000037721819352,Q19653772,正思 子思 子默 蘇州吳縣,1,0,1,-1
6000000037721915382,Q19653773,正民 子政 蘇州吳縣,1,0,1,-1
6000000075401876970,Q19653892,獎 秦州成紀,1,0,1,-1
6000000143877971391,Q197259,魯,1,0,1,-1
6000000007213066428,Q197807,莊 子姓,1,0,1,-1
6000000075333931080,Q19798646,季海 河南洛陽,1,0,1,-1
6000000037910596056,Q19825225,直筠 饒州樂平,1,0,1,-1
6000000074787676328,Q19853831,胤伯 滎陽開封,1,0,1,-1
6000000006727832860,Q1988358,Eufemija Siemovitaitė,1,0,1,-1
6000000074730064951,Q20040988,椿 岐州扶風,1,0,1,-1
6000000074748617821,Q20041593,邕 道和 晉昌冥安,1,0,1,-1
6000000014948899680,Q20068977,Fedor Fryderyk,1,0,1,-1
6000000010756611367,Q20172498,Yosef ibn Yahya,1,0,1,-1
6000000028522706362,Q2043553,Inal Temruk dynasty,1,0,1,-1
6000000009514216557,Q2046270,KAUSALYA,1,0,1,-1
6000000018291933033,Q2046291,KAIKEYI,1,0,1,-1
6000000045328677864,Q20556471,Maukoldas Ростиславич,1,0,1,-1
4821632678580082296,Q20559009,Cynfyn,1,0,1,-1
6000000007006497039,Q20562131,Neithon,1,0,1,-1
4821653273640042509,Q20562480,Rhun,1,0,1,-1
6000000007005746972,Q20563248,Tudwal,1,0,1,-1
6000000007151460153,Q2062366,Tudglid verch Brychan,1,0,1,-1
6000000011436523847,Q20830392,Antoni,1,0,1,-1
6000000058189493126,Q20894726,Private,1,0,1,-1
6000000075345080133,Q21094129,浮 子云 范陽涿縣,1,0,1,-1
6000000075328796825,Q21094192,閬 京兆杜陵,1,0,1,-1
6000000030281298909,Q21106347,Marguerite d'Armagnac,1,0,1,-1
6000000017693128850,Q2149375,Pakubuwana IV Sunan Bagus Raden Mas Subadya (1788-1820),1,0,1,-1
6000000030662430615,Q21552806,Maria van Lockhorst,1,0,1,-1
6000000000701219088,Q2156147,William de Brus,1,0,1,-1
6000000035749539933,Q21587480,Eupraksija,1,0,1,-1
6000000008880352759,Q21634942,Rufrius,1,0,1,-1
6000000041110879340,Q21662993,Themistius of Syracuse,1,0,1,-1
6000000015040266754,Q21664013,Jacques de Luxembourg,1,0,1,-1
6000000018229672316,Q21856949,Пётр Фёдорович Нагавица-Пёстрый,1,0,1,-1
6000000003827455517,Q21908919,Eberhard [II] im Jülichgau,1,0,1,-1
6000000075343977126,Q22078968,洪 良伯 博陵安平,1,0,1,-1
6000000075060947839,Q22099092,軫 隴西狄道,1,0,1,-1
6000000006733125287,Q2266005,Paku Alam VII BRMH Surarjo (1906-1937),1,0,1,-1
6000000012967351909,Q22812620,Kong Bai,1,0,1,-1
6000000012967698304,Q22812621,Kong Ji,1,0,1,-1
6000000012967278186,Q22812622,武 子威,1,0,1,-1
6000000012967359906,Q22812623,延年,1,0,1,-1
6000000012967717254,Q22812625,均 長平,1,0,1,-1
6000000012974243474,Q22812626,志 道甫,1,0,1,-1
6000000012967332540,Q22812627,損 君益,1,0,1,-1
6000000012967336646,Q22812628,曜 君曜,1,0,1,-1
6000000012967300599,Q22812629,讚,1,0,1,-1
6000000012967687548,Q22812630,羨 子餘,1,0,1,-1
6000000012967336680,Q22812631,震 伯起,1,0,1,-1
6000000012967226176,Q22812632,嶷 成功,1,0,1,-1
6000000012967276191,Q22812633,撫,1,0,1,-1
6000000012967671413,Q22812634,懿,1,0,1,-1
6000000012967275156,Q22812635,鮮 鮮之,1,0,1,-1
6000000012967245121,Q22812636,乘 敬山,1,0,1,-1
6000000012967686435,Q22812637,靈珍,1,0,1,-1
6000000012967402827,Q22812638,文泰,1,0,1,-1
6000000012967402833,Q22812639,渠,1,0,1,-1
6000000012967352005,Q22812640,長孫,1,0,1,-1
6000000012967410661,Q22812641,德倫 大經,1,0,1,-1
6000000012967356972,Q22812642,崇基,1,0,1,-1
6000000012967705264,Q22812682,忠 子貞,1,0,1,-1
6000000143879800889,Q22812787,恒,1,0,1,-1
6000000143879619023,Q22812847,敦直,1,0,1,-1
6000000143880469895,Q22812852,伯瑀,1,0,1,-1
6000000143880369877,Q22812854,天麟,1,0,1,-1
6000000143880576893,Q22812860,宇珵,1,0,1,-1
6000000143880360886,Q22812863,留綱,1,0,1,-1
6000000075060679964,Q22813497,察言 隴西狄道,1,0,1,-1
6000000075060771886,Q22813498,僊 隴西狄道,1,0,1,-1
6000000075400687267,Q22813508,思誨 京兆長安,1,0,1,-1
6000000074747880135,Q22813845,舒 深州安平,1,0,1,-1
6000000021150959807,Q22813971,鈞 蘭陵,1,0,1,-1
6000000021150948489,Q22813977,恒 公岳 蘭陵,1,0,1,-1
6000000021151155640,Q22813981,悟 蘭陵,1,0,1,-1
6000000075333145082,Q22814048,抗 烏者,1,0,1,-1
6000000075333963836,Q22814055,裕 子裕 河南洛陽,1,0,1,-1
6000000020602121434,Q22814233,昭甫 周卿 琅邪臨沂,1,0,1,-1
6000000023701142715,Q22814786,融 琅邪臨沂,1,0,1,-1
6000000023701549192,Q22814789,正 士則 琅邪臨沂,1,0,1,-1
6000000133728030825,Q22814818,淵 河南洛陽,1,0,1,-1
6000000012719173070,Q2292963,Caecilia Pilea,1,0,1,-1
6000000022341639064,Q23034847,N.N. Sigtryggsdotter,1,0,1,-1
6000000012091722534,Q233077,Fadia Fadia,1,0,1,-1
6000000008218463991,Q233444,Clodia Pulchra,1,0,1,-1
6000000016365079390,Q2335797,Sunigaila Jonas ???,1,0,1,-1
6000000001389864086,Q2337232,Pavel Иванович Sapiega,1,0,1,-1
6000000006019691008,Q237626,Apama,1,0,1,-1
6000000001409039560,Q2387770,Andrey I Yurevich Юрієвич Rurikids Romanovich,1,0,1,-1
6000000016457799093,Q23895056,Jan Charlinski (Charlecki),1,0,1,-1
6000000000161097536,Q23979522,Cunigundis,1,0,1,-1
377661791800005806,Q2398021,Brychan Gododdin ap Anlach,1,0,1,-1
6000000003645772920,Q24056435,Ragnhild Magnusdatter,1,0,1,-1
6000000008630613117,Q241293,Arsinoe,1,0,1,-1
377622873940013790,Q2419470,Iago ap Beli,1,0,1,-1
6000000003243367305,Q2460469,Hugues Ier de Dammartin,1,0,1,-1
6000000003828371730,Q2462614,Vincent Madelgaire Henegouwen,1,0,1,-1
6000000012979098751,Q24835105,亓官,1,0,1,-1
6000000075344214993,Q24835682,弘昇 博陵安平,1,0,1,-1
6000000074753757849,Q24837060,鬱生 吳郡吳縣,1,0,1,-1
6000000006101386507,Q24929787,Subhadrangi,1,0,1,-1
6000000074783609313,Q2498541,Rogvolod of West Gotland,1,0,1,-1
6000000011770046741,Q2501720,Vladimir Volodarovich,1,0,1,-1
6000000080886152187,Q2501720,Владимир Васильевич,1,0,1,-1
6000000003645908552,Q252091,Argaios,1,0,1,-1
6000000174822318038,Q25465687,Gusti Raden Ayu Siti Nurul Kamaril Ngasarati Kusumawardhani,1,0,1,-1
6000000002447112218,Q2567607,Gradlon Mawr ap Cynan Meriadog,1,0,1,-1
6000000074787989066,Q26157944,士茂 小白 滎陽開封,1,0,1,-1
6000000074787981100,Q26158022,曄 滎陽開封,1,0,1,-1
6000000074766810329,Q26158668,抗 隴西狄道,1,0,1,-1
6000000025610881375,Q26158720,賓 河南開封,1,0,1,-1
6000000025612835119,Q26158726,興 少贛 河南開封,1,0,1,-1
6000000025613759872,Q26158730,安世 河南開封,1,0,1,-1
6000000074787280137,Q26158737,琳 鄭 Zhèng,1,0,1,-1
6000000074788257873,Q26158740,熙 鄭 Zhèng,1,0,1,-1
6000000074787915060,Q26158754,崇 鄭州榮陽,1,0,1,-1
6000000074787612413,Q26158756,遹 鄭州榮陽,1,0,1,-1
6000000074788150970,Q26158758,隨 鄭州榮陽,1,0,1,-1
6000000074787280142,Q26158761,略 鄭州榮陽,1,0,1,-1
6000000074788036967,Q26158763,豁 鄭州榮陽,1,0,1,-1
6000000074788324827,Q26158767,溫 滎陽開封,1,0,1,-1
6000000074737852279,Q26158936,叡 趙州贊皇,1,0,1,-1
6000000074739224982,Q26159039,希騫 趙州贊皇,1,0,1,-1
6000000075346153827,Q26186440,挺 范陽涿縣,1,0,1,-1
6000000075346047837,Q26186453,彭壽 范陽涿縣,1,0,1,-1
6000000075345628027,Q26186455,尚卿 范陽,1,0,1,-1
6000000075344891417,Q26186460,敬一 范陽,1,0,1,-1
6000000074747843066,Q26197225,業 貝州清河,1,0,1,-1
6000000074747475281,Q26197227,仲牟 深州安平,1,0,1,-1
6000000074748208847,Q26197230,融 深州安平,1,0,1,-1
6000000074748080985,Q26197231,石 深州安平,1,0,1,-1
6000000074748251821,Q26197232,廓 深州安平,1,0,1,-1
6000000074747961095,Q26197233,寂 深州安平,1,0,1,-1
6000000074747851031,Q26197234,欽 深州安平,1,0,1,-1
6000000075344340920,Q26197262,廓 博陵安平,1,0,1,-1
6000000075344500848,Q26197263,遄 博陵安平,1,0,1,-1
6000000075344540821,Q26197264,懿 博陵安平,1,0,1,-1
6000000075344709827,Q26197265,連 博陵安平,1,0,1,-1
6000000075344456838,Q26197266,琨 博陵安平,1,0,1,-1
6000000075346380875,Q26197752,憑 河東解縣,1,0,1,-1
6000000075346479888,Q26197789,叔珍 河東解縣,1,0,1,-1
6000000048523906867,Q26197825,叔宗 雙驎 河東解縣,1,0,1,-1
6000000075346495900,Q26197858,映 河東解縣,1,0,1,-1
6000000075346535854,Q26197870,尚素 河東解縣,1,0,1,-1
6000000075345863153,Q26197876,慶休 河東解縣,1,0,1,-1
6000000075346276052,Q26197887,季遠 河東解縣,1,0,1,-1
6000000075367837896,Q26198078,溫善 扶風平陵,1,0,1,-1
6000000075329120821,Q26208767,思仁 京兆杜陵,1,0,1,-1
6000000021138184308,Q26208790,旭 京兆杜陵,1,0,1,-1
6000000075343864015,Q26208884,玄儼 京兆杜陵,1,0,1,-1
6000000074733389926,Q26209003,繼 弘農華陰,1,0,1,-1
6000000074733464870,Q26209007,珎 弘農華陰,1,0,1,-1
6000000074732867118,Q26209008,仲真 弘農華陰,1,0,1,-1
6000000075344231894,Q26209473,湑 京兆長安,1,0,1,-1
6000000074730128908,Q26211941,亶 京兆武功,1,0,1,-1
6000000011810453148,Q26261708,Jan Demosthenes Sapiega,1,0,1,-1
6000000003051208075,Q2632965,Aleramo,1,0,1,-1
6000000002665402337,Q2641763,Ceredig ap Cunedda,1,0,1,-1
6000000002238160738,Q265921,Liutgard,1,0,1,-1
6000000003772993409,Q26701870,Dadildis de Pallars,1,0,1,-1
6000000000628841483,Q26970861,Hallkjell Jonson,1,0,1,-1
6000000005946324308,Q269950,Laodice,1,0,1,-1
6000000003645919349,Q270018,妣癸,1,0,1,-1
6000000003827181172,Q2702855,Gérard,1,0,1,-1
6000000006906038430,Q27653532,Alberta,1,0,1,-1
6000000001504974955,Q28006966,Helena von Braunschweig-Lüneburg,1,0,1,-1
6000000074749702832,Q28411921,聰 延智 河東汾陰,1,0,1,-1
6000000074712397855,Q28412601,子雄 河南,1,0,1,-1
6000000115430345953,Q28412911,英起 河東聞喜,1,0,1,-1
6000000074745798712,Q28414491,德敏 徐州,1,0,1,-1
6000000075344909912,Q28414582,從 子乂 清河武城,1,0,1,-1
6000000057634174251,Q28416250,庫汗,1,0,1,-1
6000000150375448938,Q28418024,顏 景式 河南洛陽,1,0,1,-1
6000000143819757877,Q28418198,美暢 通理 太原祁縣,1,0,1,-1
6000000021122065158,Q28479674,爽 河東解縣,1,0,1,-1
6000000021122163291,Q28481660,則 河東解縣,1,0,1,-1
6000000075345563336,Q28481672,楷 河東解縣,1,0,1,-1
6000000075346645851,Q28481676,子夏 河東解縣,1,0,1,-1
6000000075346479913,Q28481678,從俗 河東解縣,1,0,1,-1
6000000048526395217,Q28481680,察躬 河東解縣,1,0,1,-1
6000000032079962492,Q2854073,Antoine dit le Vieux,1,0,1,-1
6000000008090384772,Q2856863,Antoine Bishop deThérouanne,1,0,1,-1
6000000009874130110,Q2861293,Ariobarzanes,1,0,1,-1
6000000075328429886,Q28691246,向 河南陽翟,1,0,1,-1
6000000075048966839,Q2898739,與義 去非 河南洛陽,1,0,1,-1
6000000000196940005,Q29152,Thomas of Savoy,1,0,1,-1
6000000001353750534,Q291932,Antonina,1,0,1,-1
6000000000701219068,Q2962479,Robert (Of Annandale) de Brus,1,0,1,-1
6000000075343876077,Q30018081,愨 京兆長安,1,0,1,-1
6000000074703919821,Q30086729,伯衡 平仲 金華,1,0,1,-1
6000000075061069836,Q30924023,茂 隴西狄道,1,0,1,-1
6000000074739312847,Q30942534,希禮 趙州贊皇,1,0,1,-1
6000000074738832945,Q30942654,孝貞 元操 趙州贊皇,1,0,1,-1
6000000074739179862,Q30944156,知本 趙州贊皇,1,0,1,-1
6000000000350888826,Q3106272,Sitric ua Ímair,1,0,1,-1
6000000001783977118,Q311174,<private> Akishino,1,0,1,-1
6000000003983656890,Q313057,Reccared I,1,0,1,-1
6000000002843203972,Q3137722,Karitamaro,1,0,1,-1
6000000008021369565,Q313889,Perdiccas,1,0,1,-1
6000000003645908512,Q313901,Alcetas,1,0,1,-1
6000000000438160041,Q3141674,Hoël II ap Hoël Mawr,1,0,1,-1
6000000007151379867,Q3142124,Hubert de Beaumont,1,0,1,-1
6000000001501069123,Q314662,Friedrich II Ii van,1,0,1,-1
6000000008407736607,Q318417,Philip,1,0,1,-1
6000000008021470468,Q318476,Aeropos,1,0,1,-1
6000000023809880404,Q32173305,徽 文秀 河東聞喜,1,0,1,-1
6000000023810021671,Q32175265,黎 伯宗 河東聞喜,1,0,1,-1
6000000023809804573,Q32176056,輯 河東聞喜,1,0,1,-1
6000000036631510168,Q32361824,Baszkord,1,0,1,-1
6000000009687440092,Q324688,Negus Naod,1,0,1,-1
6000000005250594003,Q3263863,Louise de Mailly,1,0,1,-1
6000000179700877832,Q3271351,Fiodor,1,0,1,-1
6000000009687862020,Q328495,Negus Wedem,1,0,1,-1
6000000000186421249,Q328700,Girbert I,1,0,1,-1
6000000016061491142,Q3290232,Merofleda,1,0,1,-1
6000000005747654292,Q3290274,Marcus Junius Brutus,1,0,1,-1
6000000005952514116,Q3299317,Andromache,1,0,1,-1
6000000021163999904,Q33402389,律師 河東聞喜,1,0,1,-1
6000000004533414396,Q3364948,Ingebjørg Guttormsdóttir Steig,1,0,1,-1
6000000008867612516,Q336544,Saiyn-Bulat Бекбулатович Sain-Bulat,1,0,1,-1
6000000001169126886,Q3390712,Hans (Johannes) Jannikusson Kruckow,1,0,1,-1
6000000000437030686,Q3478806,Senyllt Hael,1,0,1,-1
6000000004543138179,Q347935,Taksony,1,0,1,-1
6000000002134762341,Q348137,Leopold,1,0,1,-1
6000000005747654261,Q3515798,Tarquinia,1,0,1,-1
6000000001355641705,Q3542445,Tudwal ab Anwn Dynod,1,0,1,-1
6000000012468581950,Q354934,Adélaïs / Aélis,1,0,1,-1
6000000009687183478,Q3614181,Merid Azmach,1,0,1,-1
6000000003828385238,Q3622613,Marcus Licinius Crassus Frugi,1,0,1,-1
6000000166549839980,Q3624235,Gisela da Aquitania,1,0,1,-1
6000000041260390533,Q3624657,Publius Cornelius Rufinus Sulla,1,0,1,-1
6000000041411712862,Q3625008,Demetrias,1,0,1,-1
6000000004533205374,Q362549,Adolf l von Waldeck-Schwalenberg,1,0,1,-1
6000000149824210213,Q3646785,Jerzy Giedygołd Kojlikinowicz,1,0,1,-1
6000000006290698601,Q3719510,Ednyfed,1,0,1,-1
6000000006101430691,Q3749177,Photius,1,0,1,-1
6000000009580628569,Q3757383,Gualdagrima di Caiazzo,1,0,1,-1
6000000000796862297,Q3760858,Gerald FitzMaurice,1,0,1,-1
375777528840004741,Q379723,Nogai,1,0,1,-1
6000000008021477466,Q383036,Coenus,1,0,1,-1
6000000074749742878,Q38958023,伯陽 河東汾陰,1,0,1,-1
6000000014053090811,Q3918349,Alexis I de Nassau,1,0,1,-1
6000000175526147872,Q3918735,"Constantine ""Armless"" ???",1,0,1,-1
6000000080886919102,Q3920891,Василий Владимирович,1,0,1,-1
6000000082631586931,Q392315,Unknown niece,1,0,1,-1
6000000012177384035,Q3936025,Ringardis,1,0,1,-1
6000000078813260271,Q39382549,Tyt-Yuri / Tytus Fyodorovich,1,0,1,-1
6000000013353571339,Q4056769,Agathia Olga Константиновна of Rostov,1,0,1,-1
6000000034638528076,Q4060923,Aleksander Glebovich,1,0,1,-1
6000000017768502015,Q4060928,"Александр Иванович ""Нос"" Бельзский",1,0,1,-1
6000000007005982778,Q4066508,Anllech,1,0,1,-1
6000000039996776873,Q4083633,Vasili Mikhailovich,1,0,1,-1
6000000039996749043,Q4083636,Фёдор Михайлович,1,0,1,-1
6000000010942203601,Q4098858,"Andrey Ivanovich ""Kuraka"" Bulgakov-Kuraka",1,0,1,-1
6000000033625658845,Q4104427,"Vasili ""Kosoi"" Ivanovich",1,0,1,-1
6000000034638041217,Q4113037,Vladimir Glebovich,1,0,1,-1
6000000015922368721,Q4113056,Vladimir Mstislavich,1,0,1,-1
6000000018197588373,Q4139580,Gleb Svyatoslavich,1,0,1,-1
6000000008262011906,Q4141544,"Andrey Ivanovich ""Skurikha""",1,0,1,-1
6000000003390674271,Q4154544,Danylo ??? Васильевич,1,0,1,-1
6000000000686067806,Q4170906,Aron Komitopulos,1,0,1,-1
6000000019587884419,Q4189496,Звенислава Борисовна Евпра́ксия Riurikov of Polozk,1,0,1,-1
6000000084822741999,Q4195591,"Ivan ""Homiak"" Danilovich",1,0,1,-1
6000000009140140749,Q4195603,Ioann Ioannovich,1,0,1,-1
6000000029249340031,Q4201082,R. Paku / Jaka Samudra Sunan Giri-1 (1481–1506),1,0,1,-1
6000000078885706041,Q4231289,Konstantin Ivanovich,1,0,1,-1
6000000020690612077,Q4247937,"Michael ""Karamysh"" Михайлович",1,0,1,-1
6000000075345500865,Q43206974,智 河南洛陽,1,0,1,-1
6000000001416177551,Q432244,Lucius Aemilius Paulus,1,0,1,-1
6000000017989508131,Q4331750,"Ivan ""Dry Arm"" Semenovich",1,0,1,-1
6000000017986715716,Q4331763,Fedor Иванович,1,0,1,-1
6000000031614566852,Q4331766,"Yuri ""the Black"" Romanovich",1,0,1,-1
6000000075337494190,Q43419300,慎交 弘農華陰,1,0,1,-1
6000000021260871234,Q4391801,承之 嗣伯 南蘭陵,1,0,1,-1
6000000073472698862,Q4398425,Rostislav Sviatopolkovich,1,0,1,-1
6000000020985731030,Q44059340,David Dmitrovich Horodecki / Gorodecki,1,0,1,-1
6000000008872633869,Q4410224,Юрий Константинович Сабуров,1,0,1,-1
6000000173972113940,Q4411641,Svyatoslav Иоанович Rurikov,1,0,1,-1
6000000001317345325,Q4412522,Erik Turesson Turesson Bielke,1,0,1,-1
6000000010659776193,Q44228,Leonidas,1,0,1,-1
6000000044539933970,Q4430124,Sofija Zaozerskytė,1,0,1,-1
6000000079005070705,Q4452563,Борис Петрович,1,0,1,-1
6000000075258260341,Q4454370,Иван Меньшой Михайлович,1,0,1,-1
6000000006019314001,Q446503,Laodice,1,0,1,-1
6000000004533664172,Q44828487,Garsenda de Besalú,1,0,1,-1
6000000017986578821,Q4493861,Fyodor Ivanovich,1,0,1,-1
6000000026561522054,Q4498608,Andrei Feodorovich,1,0,1,-1
6000000063629142916,Q4502071,Kudaykul of Kazan,1,0,1,-1
6000000000437044109,Q451940,Amadeus III,1,0,1,-1
6000000018230755156,Q4521331,Grigory Petrovich,1,0,1,-1
6000000006101381794,Q4522821,Иван Дмитриевич,1,0,1,-1
303021670170005628,Q452705,Domitia Paulina,1,0,1,-1
6000000011090571552,Q4528701,Pyotr Mikhailov,1,0,1,-1
6000000005784623194,Q453069,Berenice (Berenike) III,1,0,1,-1
6000000011017916072,Q4532539,Ingelberga,1,0,1,-1
6000000003897534439,Q4534844,Yury Mikhailovich,1,0,1,-1
6000000074311943010,Q45354624,公邁 伯咎 伯皋 濟州鉅野,1,0,1,-1
6000000075048724943,Q45354787,洪 河南洛陽,1,0,1,-1
6000000074684507425,Q45354797,榮古 鄭州管城,1,0,1,-1
6000000074684793027,Q45354928,兗 景淵 衡州衡陽,1,0,1,-1
6000000074685385821,Q45354958,之邵 懿叔 眉州眉山,1,0,1,-1
6000000074684649473,Q45354989,唐 眉州眉山,1,0,1,-1
6000000074685377893,Q45355018,浚明 杭州錢塘,1,0,1,-1
6000000074685715899,Q45355315,可久 青州益都,1,0,1,-1
6000000074472348014,Q45355366,佖 子澄 常州武進,1,0,1,-1
6000000074472585912,Q45355488,次山 希元 常州武進,1,0,1,-1
6000000074690614945,Q45355835,青 春卿 同州韓城,1,0,1,-1
6000000074691006057,Q45355946,秩 重實 婺州金華,1,0,1,-1
6000000074691497821,Q45355955,穜 仁熟 婺州金華,1,0,1,-1
6000000038107480080,Q45356367,肖胄 似夫 越州會稽,1,0,1,-1
6000000075043018839,Q45356370,協 越州會稽,1,0,1,-1
6000000038103481223,Q45356376,繹 仲連 開封雍邱,1,0,1,-1
6000000038106945956,Q45356402,宗直 開封雍邱,1,0,1,-1
6000000074354759845,Q45356405,宗古 開封雍邱,1,0,1,-1
6000000038106321698,Q45356407,宗良 開封雍邱,1,0,1,-1
6000000038106925035,Q45356413,宗彥 欽聖 開封雍邱,1,0,1,-1
6000000074698836945,Q45357159,杞 越州會稽,1,0,1,-1
6000000074699317105,Q45357396,含章 明用 宣州宣城,1,0,1,-1
6000000039009152378,Q45357717,子美 才甫 鄆州須城,1,0,1,-1
6000000038027087780,Q45358164,希純 子進 壽州,1,0,1,-1
6000000038027132594,Q45358166,希績 紀常 壽州,1,0,1,-1
6000000038027136715,Q45358189,公孺 稚卿 壽州,1,0,1,-1
6000000074370810002,Q45358196,公雅 開封,1,0,1,-1
6000000074701892888,Q45358263,瑊 中玉 忠玉 廬州合肥,1,0,1,-1
6000000074701810936,Q45358272,仲甫 子山 廬州合肥,1,0,1,-1
6000000038200538957,Q45358490,佖 曹州濟陰,1,0,1,-1
6000000074703768860,Q45358647,倬 陝州夏縣,1,0,1,-1
6000000039009798584,Q45358669,涓 開封,1,0,1,-1
6000000074703140507,Q45358677,符 仲虎 鹤翁 眉州眉山,1,0,1,-1
6000000039009745812,Q45358683,澥 浩然 開封,1,0,1,-1
6000000074703739909,Q45358685,液 開封,1,0,1,-1
6000000037603781935,Q45358703,策 伯演 伯行 婺州金華,1,0,1,-1
6000000074702403527,Q45358849,輝 趙州平棘,1,0,1,-1
6000000074704580830,Q45359067,朦 宋州宋城,1,0,1,-1
6000000046846493860,Q45359093,煜 應天宋城,1,0,1,-1
6000000074703762462,Q45359203,怡 鎮江丹徒,1,0,1,-1
6000000074704214178,Q45359225,紆 鎮江丹徒,1,0,1,-1
6000000036584557916,Q45359357,安上 撫州臨川,1,0,1,-1
6000000038132354118,Q45359461,旊 元均 撫州臨川,1,0,1,-1
6000000038177275009,Q45359512,誨 規夫 真定,1,0,1,-1
6000000074382227899,Q45359558,古 敏中 敏仲 魏州莘縣,1,0,1,-1
6000000038177181096,Q45359813,瑜 倩玉 河南洛陽,1,0,1,-1
6000000074705219194,Q45359822,約 魏州莘縣,1,0,1,-1
6000000037590844347,Q45359877,安持 建州浦城,1,0,1,-1
6000000037591597159,Q45359969,說 傅朋 杭州錢塘,1,0,1,-1
6000000074701727950,Q45360335,廬州合肥,1,0,1,-1
6000000037870028817,Q45360422,仲蔚 開封,1,0,1,-1
6000000043331303826,Q45360429,公似 濟州鉅野,1,0,1,-1
6000000043331232825,Q45360432,公為 子莫 濟州鉅野,1,0,1,-1
6000000074299943040,Q45360436,迪 濟州鉅野,1,0,1,-1
6000000037889379259,Q45360447,端禮 次膺 濟州鉅野,1,0,1,-1
6000000037889310875,Q45360455,端友 君成 濟州巨野,1,0,1,-1
6000000037889848910,Q45360462,詠之 之道 濟州鉅野,1,0,1,-1
6000000074684602350,Q45360530,知默 子思 鄭州管城,1,0,1,-1
6000000046925969454,Q45360549,襲古 閬州閬中,1,0,1,-1
6000000039001100828,Q45360585,師古 閬州閬中,1,0,1,-1
6000000074685084174,Q45360669,文應 眉州眉山,1,0,1,-1
6000000074685307278,Q45360777,奎 劍州沙縣,1,0,1,-1
6000000075058311915,Q45360782,克勤 冀州信都,1,0,1,-1
6000000074685466173,Q45360791,茂和 京兆長安,1,0,1,-1
6000000074690987026,Q45361029,彥先 師古 泰州海陵,1,0,1,-1
6000000074689971747,Q45361049,葆光 衡州衡山,1,0,1,-1
6000000056060375171,Q45361119,世基 青州益都,1,0,1,-1
6000000074692008821,Q45361121,紳 青州益都,1,0,1,-1
6000000074691421065,Q45361204,諶 鄂州武昌,1,0,1,-1
6000000037746454071,Q45361214,治 循之 相州安陽,1,0,1,-1
6000000038106489419,Q45361230,宗質 開封雍邱,1,0,1,-1
6000000038102862807,Q45361238,緯 開封雍邱,1,0,1,-1
6000000074350510006,Q45361684,相如 師藺 濟州鉅野,1,0,1,-1
6000000074699136117,Q45361691,孝先 介叔 玠叔 宣州宣城,1,0,1,-1
6000000074712348827,Q45361775,大正 建州松溪,1,0,1,-1
6000000074701412864,Q45361922,歛止 湖州歸安,1,0,1,-1
6000000039008929094,Q45362089,之問 開封,1,0,1,-1
6000000038071058322,Q45362094,希俊 開封,1,0,1,-1
6000000056075005902,Q45362122,宗簡 壽州,1,0,1,-1
6000000074370957914,Q45362123,得中 宣州太平,1,0,1,-1
6000000039009868666,Q45362401,注 開封,1,0,1,-1
6000000074703518098,Q45362449,誦 伯言 婺州金華,1,0,1,-1
6000000074704175112,Q45362681,修 宋州宋城,1,0,1,-1
6000000037722053264,Q45362694,穀 宋州宋城,1,0,1,-1
6000000038069434232,Q45362806,孝綽 泉州晉江,1,0,1,-1
6000000038069848844,Q45362811,孝(辶朮) 泉州晉江,1,0,1,-1
6000000074353092873,Q45362852,開 濮州鄄城,1,0,1,-1
6000000074705102031,Q45362915,冏 容季 潁州汝陰,1,0,1,-1
6000000074382090923,Q45363009,述 開封府,1,0,1,-1
6000000046992289966,Q45363044,端 信臣 大名莘縣,1,0,1,-1
6000000037591503482,Q45363052,微 潤州丹陽,1,0,1,-1
6000000074381796073,Q45363056,淹 伯奮 大名,1,0,1,-1
6000000037591559980,Q45363115,敏 撫州金谿,1,0,1,-1
6000000074472430014,Q45363495,處仁 常州武進,1,0,1,-1
6000000074472232923,Q45363499,廬州合肥,1,0,1,-1
6000000047503474867,Q45363505,魯望 開封,1,0,1,-1
6000000074704023917,Q45363518,絪 趙州平棘,1,0,1,-1
6000000074699504882,Q45363562,游 袁州宜春,1,0,1,-1
6000000074699526868,Q45363564,咸用 吉州廬陵,1,0,1,-1
6000000038103070605,Q45363640,徹 文通 大名莘縣,1,0,1,-1
6000000038224288122,Q45363701,式 鄂州武昌,1,0,1,-1
6000000074725259247,Q45364898,開封,1,0,1,-1
6000000075885612843,Q45365114,忠孝 立之 兼山 河南洛陽,1,0,1,-1
6000000038027448140,Q45365172,蒙亨 壽州,1,0,1,-1
6000000039002908352,Q45365200,舜賓 梓州銅山,1,0,1,-1
6000000074703703623,Q45365224,續 鎮江丹徒,1,0,1,-1
6000000038200741924,Q45365253,鞏 定國 大名莘縣,1,0,1,-1
6000000037721770284,Q45365261,毖 大名莘縣,1,0,1,-1
6000000074300061905,Q45365353,仲約 濟州鉅野,1,0,1,-1
6000000051946001889,Q45365414,淵明 隱季 杭州錢塘,1,0,1,-1
6000000038045947317,Q45365617,百之 成都華陽,1,0,1,-1
6000000038107135531,Q45365644,膺胄 越州會稽,1,0,1,-1
6000000051096888281,Q45365828,方山 臨江新喻,1,0,1,-1
6000000074370526140,Q45365862,切問 舜從 河南,1,0,1,-1
6000000038071127442,Q45365867,希傑 壽州,1,0,1,-1
6000000039003787932,Q45365963,泌 開封,1,0,1,-1
6000000074382600845,Q45366073,毅 開封,1,0,1,-1
6000000037591422645,Q45366082,律 潤州丹陽,1,0,1,-1
6000000037591379321,Q45366130,畋 撫州金谿,1,0,1,-1
6000000074691377855,Q45367406,泰州海陵,1,0,1,-1
6000000038045782808,Q45369517,祖述 成都華陽,1,0,1,-1
6000000038046431203,Q45369525,仲黼 文叔 成都華陽,1,0,1,-1
6000000074299853148,Q45369676,公休 子嘉 濟州鉅野,1,0,1,-1
6000000037889380326,Q45369681,公遡 子西 濟州鉅野,1,0,1,-1
6000000074727606338,Q45369794,紹錤 泉州永春,1,0,1,-1
6000000074728046051,Q45369797,丕式 泉州永春,1,0,1,-1
6000000074728327836,Q45369799,耀卿 泉州永春,1,0,1,-1
6000000056061055988,Q45369803,寔 泉州永春,1,0,1,-1
6000000056061140855,Q45369805,鑄 泉州永春,1,0,1,-1
6000000056060709186,Q45369816,恭 伯禮 泉州永春,1,0,1,-1
6000000074728056095,Q45369819,筠 端甫 泉州永春,1,0,1,-1
6000000056061185840,Q45369820,𥵣 端父 泉州永春,1,0,1,-1
6000000056060975031,Q45369824,碩 季膺 泉州永春,1,0,1,-1
6000000074728270878,Q45369826,元剛 茂潛 泉州永春,1,0,1,-1
6000000074728243900,Q45369828,寀 泉州永春,1,0,1,-1
6000000074728020114,Q45369829,泉州永春,1,0,1,-1
6000000056061193988,Q45369832,元英 若純 泉州永春,1,0,1,-1
6000000056061298940,Q45369835,元圭 粹中 泉州永春,1,0,1,-1
6000000056061411843,Q45369838,元崇 積翁 泉州永春,1,0,1,-1
6000000074730225953,Q45371936,祐 岐州扶風,1,0,1,-1
6000000074729712195,Q45371938,協 岐州扶風,1,0,1,-1
6000000074730240925,Q45371969,幹 京兆武功,1,0,1,-1
6000000074729986956,Q45371991,奕 光州固始,1,0,1,-1
6000000049610536909,Q45372117,康年 成叔 婺州金華,1,0,1,-1
6000000074690485980,Q45372436,章 開封,1,0,1,-1
6000000074731568929,Q45373002,楷 勃海饒安,1,0,1,-1
6000000074731793821,Q45373005,沖 勃海饒安,1,0,1,-1
6000000074731115116,Q45373011,柔 勃海饒安,1,0,1,-1
6000000046844964234,Q45373318,修 興化仙遊,1,0,1,-1
6000000074704554836,Q45373320,仍 興化仙遊,1,0,1,-1
6000000049543386893,Q45373362,淳 秀州華亭,1,0,1,-1
6000000042926235156,Q45373365,孝先 秀州華亭,1,0,1,-1
6000000042926101419,Q45373390,洙 魯叔 平江崑山,1,0,1,-1
6000000042925738799,Q45373399,洽 平江崑山,1,0,1,-1
6000000042926202988,Q45373403,溉 平江崑山,1,0,1,-1
6000000074704284993,Q45373491,陟 宋州宋城,1,0,1,-1
6000000074704503934,Q45373495,希顏 宋州宋城,1,0,1,-1
6000000046846158119,Q45373501,潛 應天宋城,1,0,1,-1
6000000074732858973,Q45373706,靖 彭城,1,0,1,-1
6000000074472186064,Q45373898,簡 揚州江都,1,0,1,-1
6000000074472172049,Q45373902,約 廬州合肥,1,0,1,-1
6000000074472470936,Q45373909,璆 常州武進,1,0,1,-1
6000000021151478051,Q45373968,衡 蘭陵,1,0,1,-1
6000000074733093902,Q45373977,儉 蘭陵,1,0,1,-1
6000000021151195411,Q45373981,湛 蘭陵,1,0,1,-1
6000000046887561350,Q45374251,溥 慧開 撫州臨川,1,0,1,-1
6000000010476331025,Q45374299,Zǐ Zhòu 子胄,1,0,1,-1
6000000010476591987,Q45374312,Hóng Yù 弘愈,1,0,1,-1
6000000074732873286,Q45374456,漪 若水 襄州襄陽,1,0,1,-1
6000000019867860153,Q45375490,會 宗元 泉州晉江,1,0,1,-1
6000000019867728243,Q45375497,愈 泉州晉江,1,0,1,-1
6000000019864296842,Q45375499,公度 泉州晉江,1,0,1,-1
6000000019864619667,Q45375502,公奭 泉州晉江,1,0,1,-1
6000000019865077518,Q45375504,公定 泉州晉江,1,0,1,-1
6000000074703568343,Q45375988,皋 趙州平棘,1,0,1,-1
6000000038027666981,Q45376478,龜圖 并州陽曲,1,0,1,-1
6000000074370906904,Q45376481,蒙休 河南洛陽,1,0,1,-1
6000000038027443234,Q45376482,龜祥 河南府,1,0,1,-1
6000000038027605041,Q45376487,蒙巽 壽州,1,0,1,-1
6000000038027219805,Q45376490,蒙周 壽州,1,0,1,-1
6000000074370514109,Q45376494,開封,1,0,1,-1
6000000038027713047,Q45376496,務簡 河南洛陽,1,0,1,-1
6000000047502904071,Q45376499,昌辰 伯熙 河南洛陽,1,0,1,-1
6000000051097417911,Q45377004,襄 臨江新喻,1,0,1,-1
6000000074700522180,Q45377009,龜從 臨江清江,1,0,1,-1
6000000074700990853,Q45377012,龜習 臨江清江,1,0,1,-1
6000000074700392405,Q45377016,孟容 公度 隆興府,1,0,1,-1
6000000074698882911,Q45377456,景芬 越州會稽,1,0,1,-1
6000000074698613112,Q45377459,景元 越州會稽,1,0,1,-1
6000000074698890926,Q45377462,希聲 越州會稽,1,0,1,-1
6000000074698960849,Q45377466,景山 彥瞻 越州會稽,1,0,1,-1
6000000074698936872,Q45377469,澥 子容 越州會稽,1,0,1,-1
6000000074698645102,Q45377470,注 子東 越州會稽,1,0,1,-1
6000000074692251821,Q45377481,仕弼 越州山陰,1,0,1,-1
6000000074691555052,Q45377483,光弼 越州山陰,1,0,1,-1
6000000074691995903,Q45377486,霖 越州山陰,1,0,1,-1
6000000074692179863,Q45377489,安遂 越州山陰,1,0,1,-1
6000000074691745019,Q45377491,宗翊 越州山陰,1,0,1,-1
6000000074692006933,Q45377513,瑩 越州山陰,1,0,1,-1
6000000074691962954,Q45377528,墨卿 國華 越州山陰,1,0,1,-1
6000000074310536864,Q45377965,宗愿 濟州任城,1,0,1,-1
6000000074300050941,Q45377972,仲偃 濟州鉅野,1,0,1,-1
6000000037889899021,Q45378024,端規 夢規 濟州任城,1,0,1,-1
6000000074299855052,Q45378027,觀之 盥道 濟州鉅野,1,0,1,-1
6000000074300034931,Q45378043,端義 濟州鉅野,1,0,1,-1
6000000074299004435,Q45378047,巽之 濟州鉅野,1,0,1,-1
6000000074310147909,Q45378053,公耄 澶州,1,0,1,-1
6000000074312043929,Q45378058,子誰 撫州臨川,1,0,1,-1
6000000074311824005,Q45378059,百談 元默 撫州臨川,1,0,1,-1
6000000074312041024,Q45378062,子健 伯彊 強伯 濟州鉅野,1,0,1,-1
6000000037870103592,Q45378085,仲淵 開封,1,0,1,-1
6000000074299783145,Q45378088,損之 濟州鉅野,1,0,1,-1
6000000074685458194,Q45378247,可道 青州益都,1,0,1,-1
6000000074685193440,Q45378249,可度 青州益都,1,0,1,-1
6000000074685570974,Q45378292,幽州薊縣,1,0,1,-1
6000000074685493204,Q45378296,元 京兆長安,1,0,1,-1
6000000074685599986,Q45378300,持 京兆長安,1,0,1,-1
6000000074685744866,Q45378304,峭 青州益都,1,0,1,-1
6000000074472559911,Q45378371,爰卿 常州武進,1,0,1,-1
6000000074472170071,Q45378374,傑 常州武進,1,0,1,-1
6000000074472524891,Q45378377,廷 常州武進,1,0,1,-1
6000000075483398033,Q45378380,直 常州武進,1,0,1,-1
6000000074472470949,Q45378384,先軫 常州武進,1,0,1,-1
6000000074472155947,Q45378388,杲 常州武進,1,0,1,-1
6000000074473325841,Q45378392,宰 常州武進,1,0,1,-1
6000000074472554923,Q45378400,牧 牧之 常州武進,1,0,1,-1
6000000074685775881,Q45378413,達 通遠 宋州襄邑,1,0,1,-1
6000000074685159391,Q45378521,䙼 劍州沙縣,1,0,1,-1
6000000074472314025,Q45378554,垂 舜諧 虞臣 揚州廣陵,1,0,1,-1
6000000074736214022,Q45378651,允蹈 吉州廬陵,1,0,1,-1
6000000074735544276,Q45378659,賁 吉州廬陵,1,0,1,-1
6000000048570544896,Q45378667,世京 冀州信都,1,0,1,-1
6000000074736663865,Q45378714,晦,1,0,1,-1
6000000074685265971,Q45378733,仁霸 眉州眉山,1,0,1,-1
6000000074685305921,Q45378734,敦厚 子山 家山 眉州眉山,1,0,1,-1
6000000046926917112,Q45378830,堯封 閬州閬中,1,0,1,-1
6000000074473293924,Q45379030,用成 常州武進,1,0,1,-1
6000000074685008833,Q45379334,遊古 鄭州管城,1,0,1,-1
6000000074684838044,Q45379335,知章 鄭州管城,1,0,1,-1
6000000074684673270,Q45379336,道古 鄭州管城,1,0,1,-1
6000000046926514088,Q45379340,博古 閬州閬中,1,0,1,-1
6000000074684803012,Q45379341,知祥 鄭州管城,1,0,1,-1
6000000046926668308,Q45379357,堯春 閬州閬中,1,0,1,-1
6000000074684763055,Q45379361,詡 閬州閬中,1,0,1,-1
6000000046926641968,Q45379363,昭汶 閬州閬中,1,0,1,-1
6000000074684545375,Q45379572,省恭 閬州閬中,1,0,1,-1
6000000074684962893,Q45379575,漸 鴻漸 閬州閬中,1,0,1,-1
6000000075061215996,Q45379576,淵 京兆長安,1,0,1,-1
6000000075061481900,Q45379578,安期 京兆長安,1,0,1,-1
6000000074684463431,Q45379766,希古 鄭州管城,1,0,1,-1
6000000074738253838,Q45379790,嘉 許州長社,1,0,1,-1
6000000075048968880,Q45380488,鞏 伯固 河南洛陽,1,0,1,-1
6000000063342427247,Q45380604,有彰 開封襄邑,1,0,1,-1
6000000046847002868,Q45380739,汝明 衢州開化,1,0,1,-1
6000000074745016087,Q45380742,良臣 鄭州管城,1,0,1,-1
6000000075422645004,Q45380743,保孫 鄭州管城,1,0,1,-1
6000000038132262482,Q45380812,統 元中 建昌南豐,1,0,1,-1
6000000074704709847,Q45380813,喚 茂昭 潤州金壇,1,0,1,-1
6000000038132026760,Q45380815,愓 鎮江丹徒,1,0,1,-1
6000000074745661959,Q45380979,釗 鉅鹿曲城,1,0,1,-1
6000000038200338271,Q45381222,遜 曹州濟陰,1,0,1,-1
6000000038200351219,Q45381223,隆 曹州濟陰,1,0,1,-1
6000000074685266054,Q45382130,陟明 杭州錢塘,1,0,1,-1
6000000074691677822,Q45382950,鄂 京兆長安,1,0,1,-1
6000000074691661835,Q45382953,頤 京兆長安,1,0,1,-1
6000000074691634843,Q45382955,起 京兆長安,1,0,1,-1
6000000074691627840,Q45382958,祕 鄧州南陽,1,0,1,-1
6000000074690385380,Q45382960,正彝 江陵,1,0,1,-1
6000000074691340916,Q45382963,正基 江陵,1,0,1,-1
6000000038224836312,Q45382987,詢 鄂州武昌,1,0,1,-1
6000000074691545888,Q45382991,協 江陵,1,0,1,-1
6000000045847651848,Q45383376,游立 Zēng 曾,1,0,1,-1
6000000045047249641,Q45383379,延鐸 Zēng 曾,1,0,1,-1
6000000037890215169,Q45383383,仁旺 Zēng 曾,1,0,1,-1
6000000074704308036,Q45383390,牟 建昌南豐,1,0,1,-1
6000000074704283124,Q45383412,士堯 建昌南豐,1,0,1,-1
6000000074704769828,Q45383427,經 建昌南豐,1,0,1,-1
6000000074701048150,Q45383565,嶸 湖州歸安,1,0,1,-1
6000000074700925190,Q45383569,崧 伯高 湖州歸安,1,0,1,-1
6000000037746249975,Q45383980,正夫 子立 蘇州吳縣,1,0,1,-1
6000000037910423126,Q45384004,直方 河南洛陽,1,0,1,-1
6000000074691266041,Q45384011,璲 成都華陽,1,0,1,-1
6000000038046617910,Q45384035,祖義 成都華陽,1,0,1,-1
6000000038046721827,Q45384103,仲芸 成都華陽,1,0,1,-1
6000000038046062185,Q45384116,仲彪 炳文 成都華陽,1,0,1,-1
6000000074691900889,Q45384130,禧 青州益都,1,0,1,-1
6000000056060586967,Q45384134,綬 青州益都,1,0,1,-1
6000000038200463934,Q45384196,宗文 開封雍邱,1,0,1,-1
6000000074354739857,Q45384223,宗武 開封雍邱,1,0,1,-1
6000000074353674120,Q45384227,璆 開封雍邱,1,0,1,-1
6000000074354664944,Q45384386,綱 開封雍邱,1,0,1,-1
6000000038107134968,Q45384389,𥾝 開封雍邱,1,0,1,-1
6000000038107381886,Q45384551,鎬 河南洛陽,1,0,1,-1
6000000021150949252,Q45385211,翼 清河,1,0,1,-1
6000000021151385042,Q45385214,熊 子繹 清河,1,0,1,-1
6000000074726051865,Q45385894,延齡 汾州平遙,1,0,1,-1
6000000074726079832,Q45385895,延世 汾州平遙,1,0,1,-1
6000000047503254824,Q45387057,昌暉 河南洛陽,1,0,1,-1
6000000047502934070,Q45387083,昌文 河南洛陽,1,0,1,-1
6000000038107646972,Q45387207,膚冑 越州會稽,1,0,1,-1
6000000038103670902,Q45387406,旭 仲明 大名莘縣,1,0,1,-1
6000000038103711847,Q45387409,懿 文德 大名莘縣,1,0,1,-1
6000000038103550828,Q45387413,沖 仲和 大名莘縣,1,0,1,-1
6000000074382787822,Q45387416,諒 開封,1,0,1,-1
6000000074748186911,Q45387476,熙 涼州姑臧,1,0,1,-1
6000000074747584312,Q45387478,輝 鄆 子產 瓜州晉昌,1,0,1,-1
6000000148111115853,Q45387482,弘 晉昌冥安,1,0,1,-1
6000000074747967007,Q45387491,永 思遠 北海中山,1,0,1,-1
6000000009179099761,Q4538751,Yaropolk Rostislavich Rurikid,1,0,1,-1
6000000074382157932,Q45387551,柟 汝良 魏州莘縣,1,0,1,-1
6000000074382487946,Q45387555,涵 明州鄞縣,1,0,1,-1
6000000074382338905,Q45387557,明州鄞縣,1,0,1,-1
6000000049609082495,Q45387599,大猷 允升 婺州金華,1,0,1,-1
6000000038027443434,Q45387608,行簡 河南洛陽,1,0,1,-1
6000000074370964861,Q45387646,希朴 開封,1,0,1,-1
6000000074370112502,Q45387647,和問 節夫 開封府,1,0,1,-1
6000000038027375748,Q45387648,知簡 河南洛陽,1,0,1,-1
6000000038027896831,Q45387651,承簡 河南洛陽,1,0,1,-1
6000000038045232205,Q45387675,師簡 河南洛陽,1,0,1,-1
6000000074370662033,Q45387676,昌宗 河南洛陽,1,0,1,-1
6000000038027714961,Q45387680,惟簡 河南洛陽,1,0,1,-1
6000000038027862834,Q45387681,從簡 河南洛陽,1,0,1,-1
6000000074370393270,Q45387703,希彥 開封,1,0,1,-1
6000000074748858842,Q45387717,受之 袁州宜春,1,0,1,-1
6000000074370948888,Q45387719,聰問 袁州宜春,1,0,1,-1
6000000019351158032,Q45388520,子遹 越州山陰,1,0,1,-1
6000000039008876351,Q45388699,延問 開封,1,0,1,-1
6000000038046543985,Q45389161,祖德 成都華陽,1,0,1,-1
6000000063343411830,Q45389167,表微 開封,1,0,1,-1
6000000063343839846,Q45389169,炤 越州山陰,1,0,1,-1
6000000063343688945,Q45389173,坦 越州山陰,1,0,1,-1
6000000074704101891,Q45389258,敏修 中道 趙州平棘,1,0,1,-1
6000000074704880963,Q45389725,孟 撫州臨川,1,0,1,-1
6000000074704977903,Q45389730,沆 撫州臨川,1,0,1,-1
6000000074748760387,Q45390400,瑚 破胡 河東汾陰,1,0,1,-1
6000000074717070325,Q45390712,蕃 彥弼 撫州金谿,1,0,1,-1
6000000037591582013,Q45390713,芮 撫州金谿,1,0,1,-1
6000000037591026708,Q45390714,蒙 撫州金谿,1,0,1,-1
6000000037590954077,Q45390716,顯道 撫州金谿,1,0,1,-1
6000000074717454939,Q45390718,㮚 撫州金谿,1,0,1,-1
6000000074703251389,Q45391338,簣 常州宜興,1,0,1,-1
6000000074703751975,Q45391342,嶠 季真 常州宜興,1,0,1,-1
6000000074703455228,Q45391345,格 常州宜興,1,0,1,-1
6000000037603387400,Q45391354,逈 彥遠 眉州眉山,1,0,1,-1
6000000074703294246,Q45391366,範 伯御 眉州眉山,1,0,1,-1
6000000074703622009,Q45391373,諤 伯昌 婺州金華,1,0,1,-1
6000000074703791907,Q45391377,林 伯茂 婺州金華,1,0,1,-1
6000000074703900853,Q45391396,籍 季文 眉州眉山,1,0,1,-1
6000000038067986658,Q45391511,澹 希白 眉州眉山,1,0,1,-1
6000000074703627034,Q45391516,祜 眉州通義,1,0,1,-1
6000000074702876632,Q45391520,杲 眉州眉山,1,0,1,-1
6000000074703686976,Q45391529,惟演 眉州通義,1,0,1,-1
6000000045224690130,Q45391533,東美 眉州青神,1,0,1,-1
6000000074749810223,Q45391542,肄 眉州青神,1,0,1,-1
6000000074749794282,Q45391676,鏦 太原,1,0,1,-1
6000000074699382937,Q45392816,思恭 臨州狄道,1,0,1,-1
6000000074699294048,Q45392819,欽 臨州狄道,1,0,1,-1
6000000074699570821,Q45392826,昭逸 吉州廬陵,1,0,1,-1
6000000074699554875,Q45392830,師文 宣州宣城,1,0,1,-1
6000000074699384927,Q45392831,磻 宣州宣城,1,0,1,-1
6000000075063536843,Q45392870,鼐 仲鎮 宣州宣城,1,0,1,-1
6000000074726152837,Q45393511,得中,1,0,1,-1
6000000074726121883,Q45393517,汝能,1,0,1,-1
6000000074753355001,Q45395543,景倩 吳郡吳縣,1,0,1,-1
6000000074753088303,Q45395549,景融 吳郡吳縣,1,0,1,-1
6000000074753549895,Q45395552,溳 吳郡吳縣,1,0,1,-1
6000000074752927427,Q45395564,德遷 撫州臨川,1,0,1,-1
6000000074701864892,Q45396026,韜 廬州合肥,1,0,1,-1
6000000074701886886,Q45396029,澤 廬州合肥,1,0,1,-1
6000000074701240386,Q45396429,廬州合肥,1,0,1,-1
6000000074701476144,Q45396432,廬州合肥,1,0,1,-1
6000000023531494618,Q45397604,尹 京兆杜陵,1,0,1,-1
6000000074757580158,Q45397606,綝 京兆杜陵,1,0,1,-1
6000000074703472065,Q45397720,通國 武子 陝州夏縣,1,0,1,-1
6000000074702682749,Q45397723,植 子立 陝州夏縣,1,0,1,-1
6000000074734064056,Q45397959,法會 京兆長安,1,0,1,-1
6000000074734375900,Q45397962,盛 建州建安,1,0,1,-1
6000000074703626178,Q45398704,鄭州管城,1,0,1,-1
6000000038980366493,Q45400269,希言 宋州宋城,1,0,1,-1
6000000019863336788,Q45400323,孝純 君施 Zēng 曾,1,0,1,-1
6000000042925967150,Q45400324,誼 泉州晉江,1,0,1,-1
6000000074704726863,Q45400342,穜 獻之 泉州晉江,1,0,1,-1
6000000074704393061,Q45400345,訏 泰州海陵,1,0,1,-1
6000000019865504060,Q45400347,誠 存之 泉州晉江,1,0,1,-1
6000000074704308053,Q45400351,曅 叔茂 建昌南豐,1,0,1,-1
6000000037590601525,Q45401605,滂 撫州臨川,1,0,1,-1
6000000074704939912,Q45401607,桐 撫州臨川,1,0,1,-1
6000000074732188199,Q45401725,咸 太原陽曲,1,0,1,-1
6000000074705095052,Q45401731,伸 福州侯官,1,0,1,-1
6000000074705116038,Q45401733,廷簡 福州侯官,1,0,1,-1
6000000074705101045,Q45401734,居政 福州侯官,1,0,1,-1
6000000074705024102,Q45401737,向 子直 潁州汝陰,1,0,1,-1
6000000074705317878,Q45401739,汶 希道 道原 潁州汝陰,1,0,1,-1
6000000074705415821,Q45401743,甲 福州侯官,1,0,1,-1
6000000074705290923,Q45402031,弁 福州侯官,1,0,1,-1
6000000038132263227,Q45402037,斿 元龍 撫州臨川,1,0,1,-1
6000000075344371838,Q45402142,象 京兆長安,1,0,1,-1
6000000075343040469,Q45402143,元貞 京兆長安,1,0,1,-1
6000000075344357849,Q45402148,方憲 宋州宋城,1,0,1,-1
6000000075344358872,Q45402150,鈞 宋州宋城,1,0,1,-1
6000000075343794179,Q45402153,允之 襄州穀城,1,0,1,-1
6000000075343955064,Q45402155,仁濟 襄州穀城,1,0,1,-1
6000000042925788272,Q45402190,樞 江寧溧水,1,0,1,-1
6000000075050085209,Q45402599,隱朝 弘農華陰,1,0,1,-1
6000000074705166598,Q45402705,文昇 弘農華陰,1,0,1,-1
6000000074733314965,Q45402733,文偉 弘農華陰,1,0,1,-1
6000000074768449078,Q45403124,寄 會稽餘姚,1,0,1,-1
6000000074691792857,Q45404166,渥 開封,1,0,1,-1
6000000074691842879,Q45404168,祖仁 開封,1,0,1,-1
6000000074691437975,Q45404171,洪 開封,1,0,1,-1
6000000074300132845,Q45405872,宗藻 開封,1,0,1,-1
6000000074770960851,Q45406122,俌 懷州河內,1,0,1,-1
6000000074771064821,Q45406124,嗣 懷州河內,1,0,1,-1
6000000074770878889,Q45406129,廷珪 袞師 懷州河內,1,0,1,-1
6000000074473260883,Q45406683,寅 常州武進,1,0,1,-1
6000000074472272100,Q45406685,求成 常州武進,1,0,1,-1
6000000074472824135,Q45408548,宏 常州武進,1,0,1,-1
6000000023724535326,Q45408733,祥 休徵 琅邪臨沂,1,0,1,-1
6000000023701474092,Q45408771,耆之 琅邪臨沂,1,0,1,-1
6000000074784087889,Q45408773,隨之 琅邪臨沂,1,0,1,-1
6000000074783873114,Q45408776,鎮之 琅邪臨沂,1,0,1,-1
6000000074685164097,Q45409930,庭 眉州眉山,1,0,1,-1
6000000074684573714,Q45409931,惇謹 眉州眉山,1,0,1,-1
6000000038046601874,Q45409962,祖修 成都華陽,1,0,1,-1
6000000074684877998,Q45410032,知德 鄭州管城,1,0,1,-1
6000000075326084826,Q45410053,象古 鄭州管城,1,0,1,-1
6000000042925255793,Q45410780,信臣 宣州宣城,1,0,1,-1
6000000074704888959,Q45411362,II 撫州臨川,1,0,1,-1
6000000074717131188,Q45413461,寶 浦江,1,0,1,-1
6000000074716719488,Q45413491,士諤 金華浦江,1,0,1,-1
6000000074717084375,Q45413493,士謐 金華浦江,1,0,1,-1
6000000074703750911,Q45414144,鎮 金華,1,0,1,-1
6000000074702876637,Q45414145,圭 金華,1,0,1,-1
6000000074703201346,Q45414148,熙 婺州金華,1,0,1,-1
6000000074703697037,Q45414149,祖允 金華,1,0,1,-1
6000000074703694003,Q45414153,師道 金華,1,0,1,-1
6000000074703844875,Q45414156,止善 金華,1,0,1,-1
6000000074703814937,Q45414160,崇德 金華,1,0,1,-1
6000000074703812899,Q45414164,怡 金華,1,0,1,-1
6000000075326411098,Q45417797,綜 東海郯縣,1,0,1,-1
6000000075325979525,Q45417798,貴 東海郯縣,1,0,1,-1
6000000075327007821,Q45417804,峻 東海郯縣,1,0,1,-1
6000000075326671091,Q45417806,嶠 東海郯縣,1,0,1,-1
6000000075326158380,Q45417808,東海郯縣,1,0,1,-1
6000000074473307873,Q45418028,實 常州武進,1,0,1,-1
6000000074473342845,Q45418041,德成 常州武進,1,0,1,-1
6000000075326746106,Q45418174,威 高州良德,1,0,1,-1
6000000075327261077,Q45418668,從則 京兆杜陵,1,0,1,-1
6000000075327361083,Q45418669,敬同 京兆杜陵,1,0,1,-1
6000000075326380623,Q45418672,自遠 京兆長安,1,0,1,-1
6000000074732736008,Q45418682,殷 太原祁縣,1,0,1,-1
6000000074744668522,Q45418729,瞻 鉅鹿曲城,1,0,1,-1
6000000074758107930,Q45418743,建,1,0,1,-1
6000000075328022044,Q45418790,蓁 河南陽翟,1,0,1,-1
6000000075328506865,Q45418837,惠嘏 朔州鄯陽,1,0,1,-1
6000000075328389960,Q45418850,賢 河南洛陽,1,0,1,-1
6000000075328100121,Q45418855,仁業 河南洛陽,1,0,1,-1
6000000075343786136,Q45418905,澹 京兆長安,1,0,1,-1
6000000075344341899,Q45418907,淡 京兆長安,1,0,1,-1
6000000075327963346,Q45418912,逵 京兆杜陵,1,0,1,-1
6000000075328755844,Q45418917,範 京兆杜陵,1,0,1,-1
6000000075328661876,Q45418920,道珍 京兆杜陵,1,0,1,-1
6000000074758651645,Q45418946,福嗣 京兆杜陵,1,0,1,-1
6000000075328645903,Q45418951,鴻冑 京兆杜陵,1,0,1,-1
6000000075328753854,Q45418952,邕 京兆杜陵,1,0,1,-1
6000000075328285048,Q45418954,澄 京兆杜陵,1,0,1,-1
6000000075328844000,Q45418956,淹 京兆杜陵,1,0,1,-1
6000000075328385298,Q45418962,師實 京兆杜陵,1,0,1,-1
6000000075328629020,Q45418964,方直 京兆杜陵,1,0,1,-1
6000000075329074998,Q45418996,暢 京兆杜陵,1,0,1,-1
6000000075332995103,Q45419009,泰 <新唐書載> 河南洛陽,1,0,1,-1
6000000075333517842,Q45419012,延年 <新唐書載> 河南洛陽,1,0,1,-1
6000000075333255957,Q45419036,淇 河南洛陽,1,0,1,-1
6000000075332731332,Q45419038,操 元節 河南洛陽,1,0,1,-1
6000000075334153953,Q45419065,孚 京兆杜陵,1,0,1,-1
6000000074748500921,Q45419085,規 晉昌冥安,1,0,1,-1
6000000074748427891,Q45419087,宗 晉昌冥安,1,0,1,-1
6000000074748593864,Q45419089,諧 晉昌冥安,1,0,1,-1
6000000075338068888,Q45419217,綝 弘農華陰,1,0,1,-1
6000000075338049891,Q45419218,續 弘農華陰,1,0,1,-1
6000000075338167882,Q45419220,縯 弘農華陰,1,0,1,-1
6000000075344186904,Q45419224,慈景 天水新縣,1,0,1,-1
6000000075338011939,Q45419239,嘉本 弘農華陰,1,0,1,-1
6000000075344244898,Q45419247,議 京兆長安,1,0,1,-1
6000000075328454149,Q45419270,慶植 京兆長安,1,0,1,-1
6000000075327800264,Q45419273,京兆長安,1,0,1,-1
6000000075328902821,Q45419275,鐬 京兆長安,1,0,1,-1
6000000075338193826,Q45419281,思儉 弘農華陰,1,0,1,-1
6000000075338208841,Q45419282,思止 弘農華陰,1,0,1,-1
6000000075337990914,Q45419287,滔 弘農華陰,1,0,1,-1
6000000075337631126,Q45419291,思玄 弘農華陰,1,0,1,-1
6000000075338239861,Q45419292,思敬 弘農華陰,1,0,1,-1
6000000075344133937,Q45419312,汪 元度 弘農華陰,1,0,1,-1
6000000075329092832,Q45419339,思言 京兆杜陵,1,0,1,-1
6000000075344544821,Q45419396,鬱 博陵安平,1,0,1,-1
6000000075344293994,Q45419405,元植 深州安平,1,0,1,-1
6000000075344529826,Q45419407,茂 深州安平,1,0,1,-1
6000000075344282964,Q45419408,藝 深州安平,1,0,1,-1
6000000075344798902,Q45419426,叔彥 廣平列人,1,0,1,-1
6000000075344746843,Q45419433,元節 廣平列人,1,0,1,-1
6000000075343829369,Q45419434,弘俊 邢州南和,1,0,1,-1
6000000075328274145,Q45419483,兢 京兆長安,1,0,1,-1
6000000075328874884,Q45419486,巨山 京兆長安,1,0,1,-1
6000000075344174220,Q45419523,挺,1,0,1,-1
6000000075344991830,Q45419526,景,1,0,1,-1
6000000075344719952,Q45419577,陟 清河武城,1,0,1,-1
6000000075344922888,Q45419581,庇 清河武城,1,0,1,-1
6000000075344822957,Q45419594,秀 清河武城,1,0,1,-1
6000000074733170838,Q45419605,Diǎn 典 潁川城父,1,0,1,-1
6000000075345140905,Q45419625,子犯 范陽方城,1,0,1,-1
6000000075344599131,Q45419626,俊 范陽方城,1,0,1,-1
6000000075345091891,Q45419627,弋 嵩之 范陽方城,1,0,1,-1
6000000075343817653,Q45419628,恪 范陽方城,1,0,1,-1
6000000075326975971,Q45419635,戣 高州良德,1,0,1,-1
6000000075326905062,Q45419637,玳 高州良德,1,0,1,-1
6000000022699771819,Q45419659,埱 正平 范陽方城,1,0,1,-1
6000000075345046935,Q45419672,懷景 河南洛陽,1,0,1,-1
6000000075345037939,Q45419679,雄 河南洛陽,1,0,1,-1
6000000075344968032,Q45419681,冑 河南洛陽,1,0,1,-1
6000000075343829069,Q45419699,譽 弘農華陰,1,0,1,-1
6000000074747981248,Q45419706,靈芝 晉昌冥安,1,0,1,-1
6000000074748315105,Q45419706,靈 晉昌冥安,1,0,1,-1
6000000074748328040,Q45419715,守臣 晉昌冥安,1,0,1,-1
6000000075345321882,Q45419768,提 河南洛陽,1,0,1,-1
6000000075345589844,Q45419779,宣敏 河南洛陽,1,0,1,-1
6000000075345520877,Q45419781,禮 河南洛陽,1,0,1,-1
6000000075345505843,Q45419784,紹 河南洛陽,1,0,1,-1
6000000075345556863,Q45419785,弼 河南洛陽,1,0,1,-1
6000000075345417908,Q45419787,蘭 河南洛陽,1,0,1,-1
6000000075344676183,Q45419788,曠 河南洛陽,1,0,1,-1
6000000075345364931,Q45419793,立政 匡時 河南洛陽,1,0,1,-1
6000000075344887010,Q45419808,慎言 河南洛陽,1,0,1,-1
6000000075344992005,Q45419810,安貞 河南洛陽,1,0,1,-1
6000000075345463851,Q45419811,默成 河南洛陽,1,0,1,-1
6000000075344601259,Q45419814,益 河南洛陽,1,0,1,-1
6000000075345274982,Q45419816,肅 河南洛陽,1,0,1,-1
6000000075345105975,Q45419821,球 河南洛陽,1,0,1,-1
6000000075344891167,Q45419823,珪 河南洛陽,1,0,1,-1
6000000075344891173,Q45419824,瓌 匡德 河南洛陽,1,0,1,-1
6000000075345420852,Q45419832,克勤 京兆高陵,1,0,1,-1
6000000075345250959,Q45419834,克構 京兆高陵,1,0,1,-1
6000000075344764115,Q45419836,克懋 京兆高陵,1,0,1,-1
6000000075345167839,Q45419841,恪 清河東武城,1,0,1,-1
6000000075345197833,Q45419842,殷 清河東武城,1,0,1,-1
6000000075344936942,Q45419843,寓 清河東武城,1,0,1,-1
6000000075342367581,Q45419847,潛 德州平原,1,0,1,-1
6000000074749488035,Q45419894,大年 河東汾陰,1,0,1,-1
6000000074749011461,Q45419898,行成 河東汾陰,1,0,1,-1
6000000074749760850,Q45419904,談 河東汾陰,1,0,1,-1
6000000074738913904,Q45419922,勗 趙州贊皇,1,0,1,-1
6000000074739378828,Q45419933,慶業 趙州贊皇,1,0,1,-1
6000000074738886965,Q45419937,孝基 趙州贊皇,1,0,1,-1
6000000074739347830,Q45419939,野王 趙州贊皇,1,0,1,-1
6000000075346082841,Q45420058,仁師 范陽涿縣,1,0,1,-1
6000000075345996850,Q45420059,世表 范陽涿縣,1,0,1,-1
6000000075346113821,Q45420061,弘澤 范陽涿縣,1,0,1,-1
6000000075346381864,Q45420108,令言 陳郡長平,1,0,1,-1
6000000075345530278,Q45420110,子敬 陳郡長平,1,0,1,-1
6000000075346401846,Q45420113,季友 陳郡長平,1,0,1,-1
6000000075346422846,Q45420123,寅 陳郡長平,1,0,1,-1
6000000074736012954,Q45420125,少成 某 秦州清水,1,0,1,-1
6000000074736207920,Q45420128,少清 秦州清水,1,0,1,-1
6000000074748201979,Q45420162,弘 君裕 北海中山,1,0,1,-1
6000000075344549896,Q45420178,暟 博陵安平,1,0,1,-1
6000000074746843980,Q45420197,敏 彭城,1,0,1,-1
6000000075345979031,Q45420201,軫 彭城,1,0,1,-1
6000000075346406899,Q45420203,子將 彭城,1,0,1,-1
6000000075346147825,Q45420227,悊 范陽涿縣,1,0,1,-1
6000000075368264852,Q45420293,虯 仲蟠 河東解縣,1,0,1,-1
6000000075346739821,Q45420297,祚 河東解縣,1,0,1,-1
6000000021122034508,Q45420321,弘 匡道 河東解縣,1,0,1,-1
6000000075345159554,Q45420324,燮 河東解縣,1,0,1,-1
6000000075346331984,Q45420327,綽 河東解縣,1,0,1,-1
6000000048523802971,Q45420346,卓 河東解縣,1,0,1,-1
6000000048523828931,Q45420348,恬 河東解縣,1,0,1,-1
6000000075372110824,Q45420380,師綸 希言 扶風平陵,1,0,1,-1
6000000075372354824,Q45420381,尚義 河南洛陽,1,0,1,-1
6000000075368814825,Q45420385,鍔 河南洛陽,1,0,1,-1
6000000075368895825,Q45420387,沔 河南洛陽,1,0,1,-1
6000000075368995821,Q45420388,克良 河南洛陽,1,0,1,-1
6000000075367625899,Q45420391,繹 河南洛陽,1,0,1,-1
6000000075328568083,Q45420424,瑤 京兆長安,1,0,1,-1
6000000075328158193,Q45420426,琳 京兆長安,1,0,1,-1
6000000075328689920,Q45420428,珣 京兆長安,1,0,1,-1
6000000075328967821,Q45420430,鍵 京兆長安,1,0,1,-1
6000000075328264171,Q45420433,銑 京兆長安,1,0,1,-1
6000000075374355821,Q45420444,軫 河東聞喜,1,0,1,-1
6000000075374362821,Q45420446,嗣 河東聞喜,1,0,1,-1
6000000075371026059,Q45420448,粹 河東聞喜,1,0,1,-1
6000000057281721863,Q45420450,暅 河東聞喜,1,0,1,-1
6000000057600067009,Q45420454,潁 河東聞喜,1,0,1,-1
6000000075375504832,Q45420458,丕 河東聞喜,1,0,1,-1
6000000057294313992,Q45420459,邕 河東聞喜,1,0,1,-1
6000000057294455022,Q45420461,奣 河東聞喜,1,0,1,-1
6000000075375495822,Q45420462,萬虎 河東聞喜,1,0,1,-1
6000000075374321841,Q45420463,順宗 河東聞喜,1,0,1,-1
6000000057294355056,Q45420467,叔寶 河東聞喜,1,0,1,-1
6000000075373301923,Q45420470,令寶 河東聞喜,1,0,1,-1
6000000057294582001,Q45420471,彥遠 河東聞喜,1,0,1,-1
6000000057293773662,Q45420474,鑒 河東聞喜,1,0,1,-1
6000000057294920843,Q45420476,獻 河東聞喜,1,0,1,-1
6000000075374374822,Q45420478,公緯 河東聞喜,1,0,1,-1
6000000075374440823,Q45420480,羅 河東聞喜,1,0,1,-1
6000000075374536821,Q45420487,公繹 河東聞喜,1,0,1,-1
6000000057283425046,Q45420492,慬 河東聞喜,1,0,1,-1
6000000057283218296,Q45420495,天恩 河東聞喜,1,0,1,-1
6000000057290156066,Q45420497,安祖 河東聞喜,1,0,1,-1
6000000057290538832,Q45420499,祖愛 河東聞喜,1,0,1,-1
6000000057291216859,Q45420501,義同 河東聞喜,1,0,1,-1
6000000075375389838,Q45420504,仁素 河東聞喜,1,0,1,-1
6000000057291153896,Q45420506,大同 河東聞喜,1,0,1,-1
6000000075375785821,Q45420510,思濟 河東聞喜,1,0,1,-1
6000000075375795821,Q45420511,宗堅 河東聞喜,1,0,1,-1
6000000075375717829,Q45420513,錯 河東聞喜,1,0,1,-1
6000000057294925865,Q45420518,雙虎 河東聞喜,1,0,1,-1
6000000057625993196,Q45420519,惠秀 河東聞喜,1,0,1,-1
6000000057625526434,Q45420521,嵩壽 河東聞喜,1,0,1,-1
6000000057264993839,Q45420523,伯鳳 河東聞喜,1,0,1,-1
6000000057264934848,Q45420524,定高 河東聞喜,1,0,1,-1
6000000057264826849,Q45420526,仁基 德本 河東聞喜,1,0,1,-1
6000000057281517011,Q45420532,詵 河東聞喜,1,0,1,-1
6000000075376310821,Q45420535,劭 河東聞喜,1,0,1,-1
6000000057281764892,Q45420536,和 河東聞喜,1,0,1,-1
6000000057281637018,Q45420539,景惠 河東聞喜,1,0,1,-1
6000000057281732868,Q45420540,鍾 河東聞喜,1,0,1,-1
6000000057281603966,Q45420542,會 河東聞喜,1,0,1,-1
6000000075375980834,Q45420546,韜 河東聞喜,1,0,1,-1
6000000021163779714,Q45420548,融 河東聞喜,1,0,1,-1
6000000021163898130,Q45420550,孝瑜 河東聞喜,1,0,1,-1
6000000021163783779,Q45420556,承先 河東聞喜,1,0,1,-1
6000000057635061009,Q45420562,正 河東聞喜,1,0,1,-1
6000000075344373996,Q45420610,廣 博陵安平,1,0,1,-1
6000000075343172521,Q45420611,元猷 博陵安平,1,0,1,-1
6000000075344211903,Q45420617,洵 京兆長安,1,0,1,-1
6000000075328960914,Q45420644,仁基 京兆杜陵,1,0,1,-1
6000000075376589821,Q45420652,度 河東聞喜,1,0,1,-1
6000000075376621821,Q45420659,文度 河東聞喜,1,0,1,-1
6000000075377513832,Q45420683,尼 景尼 河東聞喜,1,0,1,-1
6000000075377623821,Q45420685,之隱 河東聞喜,1,0,1,-1
6000000075344178044,Q45420886,合 貴和 博陵安平,1,0,1,-1
6000000075344440932,Q45420891,仲琰 博陵安平,1,0,1,-1
6000000075344702854,Q45420892,君昭 博陵安平,1,0,1,-1
6000000075343475428,Q45420894,君昇 博陵安平,1,0,1,-1
6000000075344366033,Q45420895,播 博陵安平,1,0,1,-1
6000000075344731833,Q45420898,玄亮 博陵安平,1,0,1,-1
6000000075344158168,Q45420901,無縱 博陵安平,1,0,1,-1
6000000075343720329,Q45420904,渾之 博陵安平,1,0,1,-1
6000000075344614920,Q45420918,道泠 博陵安平,1,0,1,-1
6000000074739432821,Q45420995,孝威 趙州贊皇,1,0,1,-1
6000000074738591020,Q45421000,太沖 趙州贊皇,1,0,1,-1
6000000074739258906,Q45421003,嗣業 趙州贊皇,1,0,1,-1
6000000074738896929,Q45421006,恕己 趙州贊皇,1,0,1,-1
6000000074735192935,Q45421011,嶧 京兆長安,1,0,1,-1
6000000074735660821,Q45421015,孝孫 京兆長安,1,0,1,-1
6000000054035045168,Q45421018,恢 弘達 南蘭陵,1,0,1,-1
6000000057282963376,Q45421047,天壽 河東聞喜,1,0,1,-1
6000000057291861954,Q45421050,智深 河東聞喜,1,0,1,-1
6000000075376042821,Q45421053,彥 河東聞喜,1,0,1,-1
6000000057292039869,Q45421054,英 河東聞喜,1,0,1,-1
6000000075375116861,Q45421055,兢 河東聞喜,1,0,1,-1
6000000075373805935,Q45421056,操之 河東聞喜,1,0,1,-1
6000000075373805940,Q45421059,弘泰 河東聞喜,1,0,1,-1
6000000075376084821,Q45421060,思義 河東聞喜,1,0,1,-1
6000000075376075829,Q45421061,敭珍 河東聞喜,1,0,1,-1
6000000075398901204,Q45421092,瑜 隴西狄道,1,0,1,-1
6000000075399384959,Q45421096,孝銳 隴西狄道,1,0,1,-1
6000000075399054208,Q45421098,璟 隴西狄道,1,0,1,-1
6000000075344615821,Q45421109,弘峻 博陵安平,1,0,1,-1
6000000075344057129,Q45421112,儼 博陵安平,1,0,1,-1
6000000075333981004,Q45421168,意勁,1,0,1,-1
6000000057634441060,Q45421170,禎 河南洛陽,1,0,1,-1
6000000075398910960,Q45421202,真一 河南洛陽,1,0,1,-1
6000000075344360943,Q45421235,晊 博陵安平,1,0,1,-1
6000000075343172513,Q45421237,濤 深州安平,1,0,1,-1
6000000075344308987,Q45421242,義甫 深州安平,1,0,1,-1
6000000075344328983,Q45421243,滂 深州安平,1,0,1,-1
6000000075344249988,Q45421246,嬰甫 深州安平,1,0,1,-1
6000000075343999143,Q45421249,嵩 深州安平,1,0,1,-1
6000000075344501867,Q45421253,處仁 博陵安平,1,0,1,-1
6000000075344642853,Q45421257,曠 博陵安平,1,0,1,-1
6000000075344381922,Q45421260,確 博陵安平,1,0,1,-1
6000000075344403932,Q45421261,恭禮 深州安平,1,0,1,-1
6000000075344581827,Q45421262,興宗 深州安平,1,0,1,-1
6000000075344082183,Q45421263,潤之 深州安平,1,0,1,-1
6000000075344483890,Q45421265,雋 深州安平,1,0,1,-1
6000000075344490914,Q45421266,懿 深州安平,1,0,1,-1
6000000075344611864,Q45421268,昌容 深州安平,1,0,1,-1
6000000075343826276,Q45421276,深州安平,1,0,1,-1
6000000075343672432,Q45421278,璪 深州安平,1,0,1,-1
6000000075343644376,Q45421279,璵 深州安平,1,0,1,-1
6000000075344662837,Q45421285,球 深州安平,1,0,1,-1
6000000074788248882,Q45421291,希儁 滎陽開封,1,0,1,-1
6000000074788226886,Q45421293,道育 滎陽開封,1,0,1,-1
6000000074788311823,Q45421295,子柔 滎陽開封,1,0,1,-1
6000000074788330833,Q45421296,師萬 滎陽開封,1,0,1,-1
6000000074787914224,Q45421297,依義 滎陽開封,1,0,1,-1
6000000074788100092,Q45421298,允恭 鄭州榮澤,1,0,1,-1
6000000074787282562,Q45421299,南郭 鄭州榮澤,1,0,1,-1
6000000075345329154,Q45421309,方慶 范陽涿縣,1,0,1,-1
6000000075346055823,Q45421312,昭彩 范陽涿縣,1,0,1,-1
6000000075345909894,Q45421314,襲艾 范陽涿縣,1,0,1,-1
6000000075344644534,Q45421317,國倚 范陽涿縣,1,0,1,-1
6000000075344132044,Q45421318,逞 深州安平,1,0,1,-1
6000000075344599837,Q45421319,迺 深州安平,1,0,1,-1
6000000075344573854,Q45421322,迅 深州安平,1,0,1,-1
6000000074750055135,Q45421398,承嘏 復卿 太原,1,0,1,-1
6000000074787811339,Q45421428,敬道 滎陽開封,1,0,1,-1
6000000074788280909,Q45421430,正則 滎陽開封,1,0,1,-1
6000000074788325884,Q45421432,德淹 滎陽開封,1,0,1,-1
6000000074788259944,Q45421433,行諶 滎陽開封,1,0,1,-1
6000000074788356856,Q45421434,琰 鄭州榮澤,1,0,1,-1
6000000074787916198,Q45421436,萼 鄭州榮澤,1,0,1,-1
6000000074787612468,Q45421438,渾 鄭州榮澤,1,0,1,-1
6000000075344470859,Q45421481,紹 紹睿 深州安平,1,0,1,-1
6000000075343735214,Q45421489,遴 某 深州安平,1,0,1,-1
6000000074729692276,Q45421495,季子 京兆武功,1,0,1,-1
6000000074729967031,Q45421496,澄 京兆武功,1,0,1,-1
6000000075398780222,Q45421575,訛 河東聞喜,1,0,1,-1
6000000074739093875,Q45421592,華 趙州贊皇,1,0,1,-1
6000000074738867903,Q45421593,敬養 趙州贊皇,1,0,1,-1
6000000074738406026,Q45421594,仲通 趙州贊皇,1,0,1,-1
6000000074738003256,Q45421595,孝端 趙州贊皇,1,0,1,-1
6000000074738832882,Q45421598,銓 趙州贊皇,1,0,1,-1
6000000075398457391,Q45421609,闕疑 琅邪臨沂,1,0,1,-1
6000000075399288829,Q45421611,喬卿 琅邪臨沂,1,0,1,-1
6000000075399125907,Q45421613,真長 琅邪臨沂,1,0,1,-1
6000000074757663103,Q45421626,襲 京兆杜陵,1,0,1,-1
6000000074757919883,Q45421628,摽 京兆杜陵,1,0,1,-1
6000000074757131425,Q45421629,沖 京兆杜陵,1,0,1,-1
6000000074757230432,Q45421631,洪泰 京兆杜陵,1,0,1,-1
6000000074757348326,Q45421646,祐 虔祐 京兆杜陵,1,0,1,-1
6000000075346084979,Q45421676,令德 陳郡長平,1,0,1,-1
6000000075346323971,Q45421817,範 河東解縣,1,0,1,-1
6000000075346032107,Q45421820,齊物 河東解縣,1,0,1,-1
6000000038224666429,Q45421843,元懿 幽州范陽,1,0,1,-1
6000000075401425985,Q45421853,朝列 絳州聞喜,1,0,1,-1
6000000075401689855,Q45421856,朝英 絳州聞喜,1,0,1,-1
6000000075401763859,Q45421859,朝牧 絳州聞喜,1,0,1,-1
6000000075345500922,Q45421883,重玄 范陽涿縣,1,0,1,-1
6000000074716819076,Q45421906,大質 清河東武城,1,0,1,-1
6000000074716123968,Q45421907,玄弼 清河東武城,1,0,1,-1
6000000074716220003,Q45421909,道郁 清河東武城,1,0,1,-1
6000000074716983927,Q45421910,綜 清河武城,1,0,1,-1
6000000074717043947,Q45421915,酆 清河武城,1,0,1,-1
6000000074717013905,Q45421918,瓘 清河武城,1,0,1,-1
6000000074717200826,Q45421920,鄯 清河武城,1,0,1,-1
6000000074716964964,Q45421929,璜 清河武城,1,0,1,-1
6000000074716320170,Q45421931,彥融 清河武城,1,0,1,-1
6000000074716227181,Q45421933,瑤 清河武城,1,0,1,-1
6000000074717208823,Q45421934,瑾 清河武城,1,0,1,-1
6000000075346044836,Q45421936,義惇 范陽涿縣,1,0,1,-1
6000000075346049839,Q45421939,景柔 范陽涿縣,1,0,1,-1
6000000075345159319,Q45421941,元幹 范陽涿縣,1,0,1,-1
6000000075060870891,Q45421949,隴西狄道,1,0,1,-1
6000000075328898826,Q45421970,友諫 京兆長安,1,0,1,-1
6000000075344281051,Q45422004,知德 博陵安平,1,0,1,-1
6000000075346137830,Q45422008,諭 范陽,1,0,1,-1
6000000075061019831,Q45422044,權 隴西狄道,1,0,1,-1
6000000075060617020,Q45422046,衡 隴西狄道,1,0,1,-1
6000000075060834899,Q45422049,樞 隴西狄道,1,0,1,-1
6000000075060490996,Q45422053,房 隴西狄道,1,0,1,-1
6000000075060298073,Q45422054,翼 隴西狄道,1,0,1,-1
6000000075401211344,Q45422082,瑰 秦州成紀,1,0,1,-1
6000000075401953861,Q45422083,斌 秦州成紀,1,0,1,-1
6000000075402328883,Q45422093,正基 鄭州管城,1,0,1,-1
6000000075402313869,Q45422095,亶 鄭州管城,1,0,1,-1
6000000075402115882,Q45422102,毖之 鄭州管城,1,0,1,-1
6000000075401887958,Q45422104,上公 鄭州管城,1,0,1,-1
6000000075402206821,Q45422105,景素 鄭州管城,1,0,1,-1
6000000075401755040,Q45422106,申 鄭州管城,1,0,1,-1
6000000075402181831,Q45422108,繪 鄭州管城,1,0,1,-1
6000000075402186830,Q45422113,綰 鄭州管城,1,0,1,-1
6000000075402208822,Q45422115,渥 鄭州管城,1,0,1,-1
6000000075402000936,Q45422118,洵 鄭州管城,1,0,1,-1
6000000074745261842,Q45422126,仲卿 趙州贊皇,1,0,1,-1
6000000074739515888,Q45422127,文政 趙州贊皇,1,0,1,-1
6000000074739788821,Q45422131,晉 趙州贊皇,1,0,1,-1
6000000074738574200,Q45422132,貞簡 趙州贊皇,1,0,1,-1
6000000074739760845,Q45422135,耑 京兆長安,1,0,1,-1
6000000075345885162,Q45422177,臨邛 河東解縣,1,0,1,-1
6000000074734163939,Q45422187,DD 京兆長安,1,0,1,-1
6000000057628495857,Q45422206,倩 容卿 河東聞喜,1,0,1,-1
6000000057628519894,Q45422207,儆 九思 河東聞喜,1,0,1,-1
6000000075375513822,Q45422208,墐 封叔 河東聞喜,1,0,1,-1
6000000074733469899,Q45422210,榮 弘農華陰,1,0,1,-1
6000000074733290969,Q45422211,恪 弘農華陰,1,0,1,-1
6000000074733609822,Q45422213,元政 弘農華陰,1,0,1,-1
6000000075401299396,Q45422241,令儀 京兆杜陵,1,0,1,-1
6000000075402485878,Q45422242,鑾 京兆杜陵,1,0,1,-1
6000000075338263827,Q45422256,綱 弘農華陰,1,0,1,-1
6000000075337755074,Q45422257,思謙 弘農華陰,1,0,1,-1
6000000075338049956,Q45422258,暹 弘農華陰,1,0,1,-1
6000000075337768132,Q45422261,譚 弘農華陰,1,0,1,-1
6000000075402690862,Q45422307,應道 玄壽 廣平易陽,1,0,1,-1
6000000075402311127,Q45422393,副論 幽州薊縣,1,0,1,-1
6000000075402441024,Q45422402,萬齡 河南洛陽,1,0,1,-1
6000000075402704940,Q45422404,稽 河南洛陽,1,0,1,-1
6000000075402700913,Q45422406,歸 河南洛陽,1,0,1,-1
6000000075402721938,Q45422408,冀 河南洛陽,1,0,1,-1
6000000075402960951,Q45422413,子佳 河南洛陽,1,0,1,-1
6000000075402762874,Q45422415,叔德 河南洛陽,1,0,1,-1
6000000075403085861,Q45422425,義順 河南洛陽,1,0,1,-1
6000000075403195821,Q45422472,義恭 河南洛陽,1,0,1,-1
6000000075344716821,Q45422563,寶德 博陵安平,1,0,1,-1
6000000074788396951,Q45422566,敬德 滎陽開封,1,0,1,-1
6000000074788598855,Q45422569,撝 滎陽開封,1,0,1,-1
6000000074788646821,Q45422570,弼 鄭州榮澤,1,0,1,-1
6000000074788367080,Q45422573,九思 鄭州榮澤,1,0,1,-1
6000000074788267153,Q45422574,曾 景參 鄭州榮澤,1,0,1,-1
6000000074788489973,Q45422578,長裕 鄭州榮澤,1,0,1,-1
6000000075344212006,Q45422581,班 深州安平,1,0,1,-1
6000000075375845833,Q45422586,道玄 河東聞喜,1,0,1,-1
6000000057600964027,Q45422592,鼎 河東聞喜,1,0,1,-1
6000000075403269908,Q45422610,茂時 京兆長安,1,0,1,-1
6000000075403128925,Q45422611,燾 京兆長安,1,0,1,-1
6000000075345781870,Q45422617,寶素 范陽涿縣,1,0,1,-1
6000000075345775849,Q45422619,志安 安國 范陽涿縣,1,0,1,-1
6000000075345233107,Q45422620,正言 履貞 范陽涿縣,1,0,1,-1
6000000074749602938,Q45422624,种 河東汾陰,1,0,1,-1
6000000074749739920,Q45422627,善 河東汾陰,1,0,1,-1
6000000074749802862,Q45422628,裕 蒲州寶鼎,1,0,1,-1
6000000074749824845,Q45422631,敬德 蒲州寶鼎,1,0,1,-1
6000000074749576949,Q45422632,崇本 蒲州寶鼎,1,0,1,-1
6000000074748710558,Q45422634,昂 河東汾陰,1,0,1,-1
6000000074749402095,Q45422637,欽 河東汾陰,1,0,1,-1
6000000074749695928,Q45422638,馥德 河東汾陰,1,0,1,-1
6000000074749269219,Q45422640,道賢 蒲州寶鼎,1,0,1,-1
6000000074749847835,Q45422641,德儒 蒲州寶鼎,1,0,1,-1
6000000074749813851,Q45422643,寶胤 蒲州寶鼎,1,0,1,-1
6000000074749680821,Q45422673,驥 河東汾陰,1,0,1,-1
6000000074749618864,Q45422676,亮 河東汾陰,1,0,1,-1
6000000074748272781,Q45422677,琰 河東汾陰,1,0,1,-1
6000000074749675824,Q45422679,謨 河東汾陰,1,0,1,-1
6000000074749562899,Q45422681,文思 河東汾陰,1,0,1,-1
6000000074749471899,Q45422684,希曾 河東汾陰,1,0,1,-1
6000000074749471904,Q45422685,元曖 河東汾陰,1,0,1,-1
6000000075060895920,Q45422697,徹 京兆長安,1,0,1,-1
6000000075375326821,Q45422715,知節 河東聞喜,1,0,1,-1
6000000075404751877,Q45422732,筠 河南洛陽,1,0,1,-1
6000000074733046004,Q45422797,傑 豪士 蘭陵,1,0,1,-1
6000000074733127963,Q45422803,頎 蘭陵,1,0,1,-1
6000000021151501959,Q45422805,升 蘭陵,1,0,1,-1
6000000074788554884,Q45422859,諒 鄭州榮澤,1,0,1,-1
6000000074788367110,Q45422861,慈 滎陽開封,1,0,1,-1
6000000074788490032,Q45422862,申 鄭州榮澤,1,0,1,-1
6000000074788395066,Q45422868,裔綽 鄭州榮澤,1,0,1,-1
6000000074788658852,Q45422871,承慶 滎陽開封,1,0,1,-1
6000000074787976332,Q45422875,膺甫 滎陽開封,1,0,1,-1
6000000074788579927,Q45422878,具瞻 滎陽開封,1,0,1,-1
6000000074788302109,Q45422880,羽客 滎陽開封,1,0,1,-1
6000000074788554935,Q45422881,時然 滎陽開封,1,0,1,-1
6000000074788392017,Q45422884,允謨 滎陽開封,1,0,1,-1
6000000074788656860,Q45422885,茂休 滎陽開封,1,0,1,-1
6000000074788420088,Q45422895,則之 鄭州榮澤,1,0,1,-1
6000000074788185171,Q45422897,猗 鄭州榮澤,1,0,1,-1
6000000075405821919,Q45424404,璞 韜玉 河東解縣,1,0,1,-1
6000000057261219872,Q45424424,珪 鎮方 河東解縣,1,0,1,-1
6000000075405700988,Q45424447,璧 賓玉 河東解縣,1,0,1,-1
6000000074749401048,Q45424500,希莊 河東汾陰,1,0,1,-1
6000000075401584059,Q45424508,虯 鄭州管城,1,0,1,-1
6000000074749539965,Q45424541,元暉 河東汾陰,1,0,1,-1
6000000074749273180,Q45424560,據 河東汾陰,1,0,1,-1
6000000074759888844,Q45424573,憬 京兆杜陵,1,0,1,-1
6000000074749616904,Q45424574,公幹 河東汾陰,1,0,1,-1
6000000074749623877,Q45424690,蒙 中明 河東汾陰,1,0,1,-1
6000000042926331914,Q45424697,楷 平江崑山,1,0,1,-1
6000000074753387986,Q45424715,玄之 吳郡吳縣,1,0,1,-1
6000000042925988785,Q45424727,槐 平江崑山,1,0,1,-1
6000000075419016921,Q45424730,大中 宣州宣城,1,0,1,-1
6000000049542473064,Q45424772,剛中 宣州宣城,1,0,1,-1
6000000049542686875,Q45424808,執中 宣州宣城,1,0,1,-1
6000000075419229821,Q45424850,文中 宣州宣城,1,0,1,-1
6000000074703504281,Q45424883,焞 趙州平棘,1,0,1,-1
6000000074703770948,Q45424894,柄 常州宜興,1,0,1,-1
6000000042926078096,Q45424928,邲 蘇州常熟,1,0,1,-1
6000000074703841879,Q45424937,極 常州宜興,1,0,1,-1
6000000042926102132,Q45424972,邴 蘇州常熟,1,0,1,-1
6000000074703911858,Q45424980,栘 常州宜興,1,0,1,-1
6000000074703861870,Q45425020,杞 常州宜興,1,0,1,-1
6000000074704682943,Q45425105,掄 湖州德清,1,0,1,-1
6000000074704606961,Q45425146,仲良 湖州德清,1,0,1,-1
6000000016688518758,Q45425179,閎 子春 吳郡吳縣,1,0,1,-1
6000000016688688543,Q45425223,桓 叔文 吳郡吳縣,1,0,1,-1
6000000016688956120,Q45425263,續 智初 會稽吳縣,1,0,1,-1
6000000016688977296,Q45425304,褒 叔明 吳郡吳縣,1,0,1,-1
6000000016689085149,Q45425348,紆 叔盤 吳郡吳縣,1,0,1,-1
6000000016697088719,Q45425389,駿 季才 吳郡吳縣,1,0,1,-1
6000000074692099847,Q45425461,天秩 越州山陰,1,0,1,-1
6000000074692259829,Q45425503,天牧 越州山陰,1,0,1,-1
6000000074381801976,Q45425504,坦 開封,1,0,1,-1
6000000074691505127,Q45425545,天啟 越州山陰,1,0,1,-1
6000000074382580839,Q45425546,發 開封,1,0,1,-1
6000000074692014988,Q45425584,天勤 越州山陰,1,0,1,-1
6000000074382130941,Q45425587,通 開封,1,0,1,-1
6000000074692015899,Q45425626,天敘 越州山陰,1,0,1,-1
6000000074382232917,Q45425629,縠 開封,1,0,1,-1
6000000074753664892,Q45425669,玄 吳郡吳縣,1,0,1,-1
6000000074382773821,Q45425674,轂 開封,1,0,1,-1
6000000074691773051,Q45425938,曮 信州上饒,1,0,1,-1
6000000074691941039,Q45425979,歷 信州上饒,1,0,1,-1
6000000075328455899,Q45426043,棻 河南洛陽,1,0,1,-1
6000000074703298677,Q45426135,向 歸德睢陽,1,0,1,-1
6000000074684534303,Q45426175,復 鄭州管城,1,0,1,-1
6000000051565811997,Q45426176,容 應天宋城,1,0,1,-1
6000000074310499896,Q45426205,端矩 虔州贛縣,1,0,1,-1
6000000074310182983,Q45426247,端準 虔州贛縣,1,0,1,-1
6000000074701373956,Q45426331,嘉止 湖州長興,1,0,1,-1
6000000039010403963,Q45426347,洞 開封,1,0,1,-1
6000000074701287960,Q45426371,祥止 湖州長興,1,0,1,-1
6000000039010044408,Q45426388,鴻 開封,1,0,1,-1
6000000016692115452,Q45426405,宏 吳郡吳縣,1,0,1,-1
6000000074704442889,Q45426407,歆 宋州宋城,1,0,1,-1
6000000039010276064,Q45426432,汶 開封,1,0,1,-1
6000000016697095787,Q45426448,叡 吳郡吳縣,1,0,1,-1
6000000074704319963,Q45426450,韶 宋州宋城,1,0,1,-1
6000000074725320680,Q45426551,裒 衢州開化,1,0,1,-1
6000000074704501912,Q45426573,從 宋州宋城,1,0,1,-1
6000000037722359879,Q45426590,正路 河南洛陽,1,0,1,-1
6000000046847128844,Q45426592,袤 仲長 衢州開化,1,0,1,-1
6000000074712302869,Q45426664,大卞 建州松溪,1,0,1,-1
6000000074690592930,Q45426667,公定 開封,1,0,1,-1
6000000074726005852,Q45426676,表 衢州開化,1,0,1,-1
6000000074690366098,Q45426708,公盛 開封,1,0,1,-1
6000000074725442481,Q45426717,俊 衢州開化,1,0,1,-1
6000000016688741429,Q45426735,璜 公伯 吳郡吳縣,1,0,1,-1
6000000074690429020,Q45426750,公靖 開封,1,0,1,-1
6000000016688906019,Q45426775,文 孝平 吳郡吳縣,1,0,1,-1
6000000074690740899,Q45426792,公詠 開封,1,0,1,-1
6000000016688843270,Q45426816,親 公道 吳郡吳縣,1,0,1,-1
6000000074690746875,Q45426834,公正 開封,1,0,1,-1
6000000016688833266,Q45426857,眾 世業 吳郡吳縣,1,0,1,-1
6000000038200279346,Q45426866,宗儒 開封雍邱,1,0,1,-1
6000000074690026346,Q45426877,公迴 開封,1,0,1,-1
6000000016688843277,Q45426900,賜 思祖 吳郡吳縣,1,0,1,-1
6000000074370218351,Q45426916,庶中 宣州太平,1,0,1,-1
6000000074684868924,Q45426921,适 開封,1,0,1,-1
6000000074353389378,Q45426951,琯 開封杞縣,1,0,1,-1
6000000074370956861,Q45426958,自中 宣州太平,1,0,1,-1
6000000074684560344,Q45426964,逾 開封,1,0,1,-1
6000000074709834821,Q45427000,謩 潭州衡山,1,0,1,-1
6000000074684924880,Q45427006,適 開封,1,0,1,-1
6000000075061588868,Q45427033,昌邦 鄭州管城,1,0,1,-1
6000000074709108277,Q45427043,景先 潭州衡山,1,0,1,-1
6000000075061669829,Q45427073,昌諤 鄭州管城,1,0,1,-1
6000000074709224098,Q45427084,景文 潭州衡山,1,0,1,-1
6000000075060683114,Q45427117,昌裔 鄭州管城,1,0,1,-1
6000000074354756858,Q45427203,珉 開封杞縣,1,0,1,-1
6000000074703928850,Q45427234,千乘 眉州眉山,1,0,1,-1
6000000074354658903,Q45427247,琢 開封杞縣,1,0,1,-1
6000000074703846896,Q45427278,千之 眉州眉山,1,0,1,-1
6000000074354564946,Q45427290,琇 開封杞縣,1,0,1,-1
6000000074684900317,Q45427311,俱 眉州眉山,1,0,1,-1
6000000074691449925,Q45427320,正紀 江陵,1,0,1,-1
6000000074703926858,Q45427322,千能 眉州眉山,1,0,1,-1
6000000074685061209,Q45427351,仔 眉州眉山,1,0,1,-1
6000000074690658293,Q45427362,正用 江陵,1,0,1,-1
6000000074703842912,Q45427364,千秋 眉州眉山,1,0,1,-1
6000000074704682990,Q45427382,耒 泉州晉江,1,0,1,-1
6000000074703767009,Q45427407,千鈞 眉州眉山,1,0,1,-1
6000000074472066119,Q45427410,次卿 常州武進,1,0,1,-1
6000000074458946002,Q45427509,之邵 明州鄞縣,1,0,1,-1
6000000049543480888,Q45427536,棐 蘇州吳縣,1,0,1,-1
6000000074458933990,Q45427555,之翰 明州鄞縣,1,0,1,-1
6000000049543102197,Q45427582,榘 蘇州吳縣,1,0,1,-1
6000000074725894016,Q45427624,木 蘇州吳縣,1,0,1,-1
6000000074726043833,Q45427667,棠 蘇州吳縣,1,0,1,-1
6000000074300207821,Q45427732,泰之 濟州鉅野,1,0,1,-1
6000000074300133838,Q45427777,臨之 濟州鉅野,1,0,1,-1
6000000074704240281,Q45427782,宜之 湖州烏程,1,0,1,-1
6000000074300160871,Q45427820,渙之 濟州鉅野,1,0,1,-1
6000000037746643862,Q45427827,澡 相州安陽,1,0,1,-1
6000000075419306903,Q45427835,持正 開封,1,0,1,-1
6000000074705890824,Q45427852,琢幼 杭州錢塘,1,0,1,-1
6000000037746669834,Q45427866,澄 相州安陽,1,0,1,-1
6000000074705519135,Q45427896,耆老 杭州錢塘,1,0,1,-1
6000000074382600850,Q45428011,逸 蘇州長洲,1,0,1,-1
6000000074382678843,Q45428054,朴 蘇州長洲,1,0,1,-1
6000000074704175127,Q45428060,芝 宋州宋城,1,0,1,-1
6000000074382681834,Q45428098,棣 蘇州長洲,1,0,1,-1
6000000074382515915,Q45428139,杞 蘇州長洲,1,0,1,-1
6000000074382748821,Q45428182,樞 蘇州長洲,1,0,1,-1
6000000074382733828,Q45428220,梓 蘇州長洲,1,0,1,-1
6000000074382555856,Q45428263,機 蘇州長洲,1,0,1,-1
6000000074300035915,Q45428302,益之 開封,1,0,1,-1
6000000074382574868,Q45428304,棠 蘇州長洲,1,0,1,-1
6000000074300182838,Q45428341,同之 開封,1,0,1,-1
6000000074382744845,Q45428343,枃 蘇州長洲,1,0,1,-1
6000000075416676887,Q45428472,修年 江陵,1,0,1,-1
6000000074685005230,Q45428540,之祥 眉州眉山,1,0,1,-1
6000000074684878422,Q45428573,之儀 眉州眉山,1,0,1,-1
6000000047502444442,Q45428613,仲敏 河南洛陽,1,0,1,-1
6000000074350138829,Q45428624,璩 濟州鄆城,1,0,1,-1
6000000042926251300,Q45428642,渙 平江崑山,1,0,1,-1
6000000074370884894,Q45428646,仲履 河南洛陽,1,0,1,-1
6000000042926000142,Q45428652,延年 蘇州常熟,1,0,1,-1
6000000074349910928,Q45428656,琮 濟州鄆城,1,0,1,-1
6000000074371022821,Q45428679,仲棐 河南洛陽,1,0,1,-1
6000000074350124839,Q45428689,珌 濟州鄆城,1,0,1,-1
6000000042925792671,Q45428704,濟 平江崑山,1,0,1,-1
6000000074350095860,Q45428716,璘 濟州鄆城,1,0,1,-1
6000000074349131129,Q45428740,瑋 濟州鄆城,1,0,1,-1
6000000042926164405,Q45428752,橅 平江崑山,1,0,1,-1
6000000074350083860,Q45428758,璹 濟州鄆城,1,0,1,-1
6000000075343531379,Q45429464,國祥 襄州穀城,1,0,1,-1
6000000046992484051,Q45429467,睦 孟和 大名莘縣,1,0,1,-1
6000000075344414854,Q45429710,國華 襄州穀城,1,0,1,-1
6000000075344336898,Q45429773,某 襄州穀城,1,0,1,-1
6000000074705006847,Q45430321,師錫 撫州臨川,1,0,1,-1
6000000074686757016,Q45430697,邠州新平,1,0,1,-1
6000000074716842297,Q45431569,溫 建昌南城,1,0,1,-1
6000000074370947912,Q45433236,祖憲 婺州,1,0,1,-1
6000000037722398165,Q45433544,規 方叔 大名莘縣,1,0,1,-1
6000000075426702822,Q45433857,王,1,0,1,-1
6000000074706078906,Q45438038,仲敏 同州馮翊,1,0,1,-1
6000000017554490033,Q45438460,道務 汝南安成,1,0,1,-1
6000000075399502905,Q45440124,師回 隴西狄道,1,0,1,-1
6000000074733585839,Q45441548,繤 弘農華陰,1,0,1,-1
6000000074733185058,Q45441610,守愚 弘農華陰,1,0,1,-1
6000000074759752050,Q45442056,真憙 京兆杜陵,1,0,1,-1
6000000074752731049,Q45443174,倫 河南洛陽,1,0,1,-1
6000000074717239843,Q45444422,志道 元閏 清河東武城,1,0,1,-1
6000000075060795850,Q45446359,澹 隴西狄道,1,0,1,-1
6000000074735692825,Q45446410,峒 京兆長安,1,0,1,-1
6000000074735329898,Q45446474,定 京兆長安,1,0,1,-1
6000000075372814829,Q45446890,訥言 河南,1,0,1,-1
6000000074717279846,Q45447234,彥求 河北道鎮州,1,0,1,-1
6000000074717100915,Q45447360,穜 鄭州榮陽,1,0,1,-1
6000000075061052823,Q45448994,望之 京兆長安,1,0,1,-1
6000000074733138937,Q45449825,須 蘭陵,1,0,1,-1
6000000074733109939,Q45449951,益 蘭陵,1,0,1,-1
6000000074733285833,Q45450014,熲 蘭陵,1,0,1,-1
6000000074732809064,Q45450139,戡 蘭陵,1,0,1,-1
6000000074733133990,Q45450264,宥 蘭陵,1,0,1,-1
6000000074732713144,Q45450394,巽 蘭陵,1,0,1,-1
6000000074733145935,Q45450834,某 蘭陵,1,0,1,-1
6000000074717147986,Q45451080,滂 河南澠池,1,0,1,-1
6000000074732947017,Q45451087,沔 蘭陵,1,0,1,-1
6000000074351672982,Q45451577,模 叔範 處州縉雲,1,0,1,-1
6000000074717270842,Q45452583,儉 蒲州河東,1,0,1,-1
6000000074788484104,Q45452748,叔向 鄭州榮澤,1,0,1,-1
6000000074717192881,Q45453192,紹 清河東武城,1,0,1,-1
6000000074716187196,Q45453254,貢 清河東武城,1,0,1,-1
6000000074716938101,Q45453318,濟 清河東武城,1,0,1,-1
6000000074767856206,Q45454042,藏器 弘農華陰,1,0,1,-1
6000000074788372821,Q45454790,巖 鄭州榮澤,1,0,1,-1
6000000074748305920,Q45455464,茂 字興 晉昌冥安,1,0,1,-1
6000000075345785962,Q45456938,俠 毅夫 范陽,1,0,1,-1
6000000075345522095,Q45457510,文舉 范陽涿縣,1,0,1,-1
6000000074711944185,Q45457549,放之 趙州平棘,1,0,1,-1
6000000075346551821,Q45460116,大賢 彭城,1,0,1,-1
6000000074717243864,Q45460754,嚴 河北道河南府,1,0,1,-1
6000000075344644378,Q45460755,若虛 范陽涿縣,1,0,1,-1
6000000074716851113,Q45460818,充 河北道河南府,1,0,1,-1
6000000074717261853,Q45461193,粲 清河東武城,1,0,1,-1
6000000074716170204,Q45461254,弘默 清河東武城,1,0,1,-1
6000000074716247146,Q45461389,道默 清河東武城,1,0,1,-1
6000000075398898326,Q45462060,鷾 隴西狄道,1,0,1,-1
6000000074735088825,Q45462208,乞豆 隴西狄道,1,0,1,-1
6000000074735134821,Q45462273,普定 隴西狄道,1,0,1,-1
6000000074734187262,Q45462397,元明 隴西狄道,1,0,1,-1
6000000074717089895,Q45463737,道楨 清河東武城,1,0,1,-1
6000000074749457954,Q45463801,彥輔 河東汾陰,1,0,1,-1
6000000074717002990,Q45464561,道猷 清河東武城,1,0,1,-1
6000000074716241958,Q45465572,志德 清河東武城,1,0,1,-1
6000000074717000056,Q45465637,玄機 清河東武城,1,0,1,-1
6000000074748520911,Q45468452,爭臣 晉昌冥安,1,0,1,-1
6000000074735082326,Q45469979,審 子詢 秦州,1,0,1,-1
6000000075060390119,Q45471353,蕃 隴西狄道,1,0,1,-1
6000000075061121821,Q45471418,蓁 隴西狄道,1,0,1,-1
6000000075060389050,Q45471602,野 隴西狄道,1,0,1,-1
6000000075060994854,Q45471729,叔璩 隴西狄道,1,0,1,-1
6000000075060579018,Q45471917,絢 隴西狄道,1,0,1,-1
6000000075343644289,Q45471997,本立 全道 京兆萬年,1,0,1,-1
6000000074733057891,Q45472574,酇 蘭陵,1,0,1,-1
6000000075060765938,Q45473385,某 隴西狄道,1,0,1,-1
6000000075060918917,Q45473510,珪 隴西狄道,1,0,1,-1
6000000075060869861,Q45473557,琰 隴西狄道,1,0,1,-1
6000000075060142093,Q45473619,球 隴西狄道,1,0,1,-1
6000000075060939841,Q45473684,璿 隴西狄道,1,0,1,-1
6000000075060599936,Q45473752,纘 隴西狄道,1,0,1,-1
6000000075060917883,Q45473815,縝 隴西狄道,1,0,1,-1
6000000075059715251,Q45473878,緯 隴西狄道,1,0,1,-1
6000000075061019836,Q45473939,約 京兆長安,1,0,1,-1
6000000075060939845,Q45473999,遂 隴西狄道,1,0,1,-1
6000000075060742903,Q45474061,珩 隴西狄道,1,0,1,-1
6000000075060612019,Q45474485,純 隴西狄道,1,0,1,-1
6000000075061079838,Q45474610,綽 隴西狄道,1,0,1,-1
6000000075369217837,Q45474627,孝德 扶風平陵,1,0,1,-1
6000000075061153821,Q45474739,綱 隴西狄道,1,0,1,-1
6000000075061000900,Q45474864,絢 隴西狄道,1,0,1,-1
6000000075060861914,Q45474929,繹 隴西狄道,1,0,1,-1
6000000075060745991,Q45474993,㝢 隴西狄道,1,0,1,-1
6000000075060332218,Q45475945,誘 隴西狄道,1,0,1,-1
6000000075061163822,Q45476198,諒 隴西狄道,1,0,1,-1
6000000075060840955,Q45476325,詡 隴西狄道,1,0,1,-1
6000000075061168821,Q45476390,謐 隴西狄道,1,0,1,-1
6000000075060926843,Q45476454,諲 隴西狄道,1,0,1,-1
6000000075060915894,Q45476518,岑 隴西狄道,1,0,1,-1
6000000075060850990,Q45476709,𗫚 隴西狄道,1,0,1,-1
6000000075061025881,Q45478534,宇 隴西狄道,1,0,1,-1
6000000075061163836,Q45478662,道欽 隴西狄道,1,0,1,-1
6000000075061190821,Q45478726,道邃 隴西狄道,1,0,1,-1
6000000074717230825,Q45483356,秀 清河東武城,1,0,1,-1
6000000074717013947,Q45483420,著 清河東武城,1,0,1,-1
6000000074716153057,Q45483547,褒 清河東武城,1,0,1,-1
6000000075344795824,Q45484367,思行 博陵安平,1,0,1,-1
6000000074733590207,Q45484484,徽 昇州江寧,1,0,1,-1
6000000075344428853,Q45484623,杲之 某 河南,1,0,1,-1
6000000074734170008,Q45484673,某 吳興長城,1,0,1,-1
6000000074734368950,Q45484869,某 昇州江寧,1,0,1,-1
6000000074734042093,Q45485126,某 京兆長安,1,0,1,-1
6000000074734504876,Q45485317,某 京兆長安,1,0,1,-1
6000000074734016015,Q45485445,當 京兆長安,1,0,1,-1
6000000074734555845,Q45485699,旺 京兆萬年,1,0,1,-1
6000000074734409884,Q45486082,翺 京兆長安,1,0,1,-1
6000000074734511876,Q45486208,瓊 昇州江寧,1,0,1,-1
6000000074734217021,Q45486398,峻 昇州江寧,1,0,1,-1
6000000074734131011,Q45486525,某 湖州長城,1,0,1,-1
6000000074734239040,Q45486717,仲方 京兆長安,1,0,1,-1
6000000074734450877,Q45486909,某 湖州長城,1,0,1,-1
6000000075060966836,Q45488811,穎 隴西狄道,1,0,1,-1
6000000075060903878,Q45488938,亮 隴西狄道,1,0,1,-1
6000000056061039912,Q45489241,丙 泉州永春,1,0,1,-1
6000000075328768983,Q45489665,及 及 京兆萬年,1,0,1,-1
6000000074739536863,Q45490005,來王 歸道 趙州平棘,1,0,1,-1
6000000074739329898,Q45490133,昂 季江 趙郡贊皇,1,0,1,-1
6000000074739579821,Q45490711,思諒 趙州柏鄉,1,0,1,-1
6000000074738887012,Q45490774,暕 趙郡平棘,1,0,1,-1
6000000074788702863,Q45492253,倚 鄭州榮澤,1,0,1,-1
6000000075398753914,Q45492974,玄撤 虔明 蘭陵,1,0,1,-1
6000000075402380822,Q45493871,成性 河南府,1,0,1,-1
6000000075345717834,Q45494900,元衡,1,0,1,-1
6000000075373136833,Q45495218,承家,1,0,1,-1
6000000075343660223,Q45495734,東真 河南鞏州,1,0,1,-1
6000000075377026828,Q45496124,遂 光嗣 河東聞喜,1,0,1,-1
6000000075375981821,Q45496254,志 景略,1,0,1,-1
6000000074705834152,Q45497515,德立 弘農華陰,1,0,1,-1
6000000074768404980,Q45497577,餘慶 弘農華陰,1,0,1,-1
6000000074735131038,Q45497704,禧 京兆長安,1,0,1,-1
6000000074744671892,Q45497852,晉客 趙州贊皇,1,0,1,-1
6000000075345697855,Q45499932,起信 京兆府,1,0,1,-1
6000000074788016066,Q45500888,依仁 滎陽開封,1,0,1,-1
6000000074787966061,Q45500951,東里 鄭州榮澤,1,0,1,-1
6000000074788131006,Q45501650,依禮 滎陽開封,1,0,1,-1
6000000074788353831,Q45501714,依智 滎陽開封,1,0,1,-1
6000000074734600827,Q45503850,德 河南府,1,0,1,-1
6000000074712324955,Q45504640,道謙 河南洛陽,1,0,1,-1
6000000074788469828,Q45506953,孝謨 滎陽開封,1,0,1,-1
6000000074787605451,Q45507401,孝徹 滎陽開封,1,0,1,-1
6000000074733616825,Q45507546,師 弘農華陰,1,0,1,-1
6000000074733298937,Q45507608,泰 弘農華陰,1,0,1,-1
6000000075060755154,Q45507618,玭 隴西狄道,1,0,1,-1
6000000074732928204,Q45507671,元表 弘農華陰,1,0,1,-1
6000000074788488841,Q45507840,德峯 滎陽開封,1,0,1,-1
6000000075061532850,Q45508125,厥 隴西狄道,1,0,1,-1
6000000075060788097,Q45508249,醫 隴西狄道,1,0,1,-1
6000000074733469919,Q45508304,士積 弘農華陰,1,0,1,-1
6000000074733481925,Q45508558,安 弘農華陰,1,0,1,-1
6000000074715370821,Q45508581,山仁 吳郡吳縣,1,0,1,-1
6000000074788269076,Q45512713,德挺 滎陽開封,1,0,1,-1
6000000074788552848,Q45514110,德本 滎陽開封,1,0,1,-1
6000000074750797872,Q45517670,某 隴西狄道,1,0,1,-1
6000000074712083017,Q45519106,弘節 河南,1,0,1,-1
6000000074788070110,Q45519412,瑾 鄭州榮澤,1,0,1,-1
6000000074757258356,Q45521451,乾祚 京兆杜陵,1,0,1,-1
6000000074745899873,Q45522983,載 鉅鹿曲城,1,0,1,-1
6000000074716830973,Q45523485,子美 清河東武城,1,0,1,-1
6000000074716910018,Q45523548,漵 清河東武城,1,0,1,-1
6000000074716316209,Q45523675,放 清河東武城,1,0,1,-1
6000000074686582384,Q45524063,慶嗣 汾州孝義,1,0,1,-1
6000000074716562069,Q45525000,敏 清河東武城,1,0,1,-1
6000000074759683026,Q45526164,萬頃 京兆杜陵,1,0,1,-1
6000000074759315925,Q45526733,惠度 京兆長安,1,0,1,-1
6000000021138478189,Q45526862,霽 京兆杜陵,1,0,1,-1
6000000074717272825,Q45526911,利 河南洛陽,1,0,1,-1
6000000074717001110,Q45527041,栟 河南洛陽,1,0,1,-1
6000000074717300823,Q45527105,干 鄭州榮陽,1,0,1,-1
6000000074758960410,Q45527205,充 京兆府,1,0,1,-1
6000000074759647873,Q45527268,衮 昌黎,1,0,1,-1
6000000074788696894,Q45528632,迅 鄭州榮澤,1,0,1,-1
6000000074748759247,Q45528696,緝 河東解縣,1,0,1,-1
6000000074788636846,Q45529587,潛 鄭州榮澤,1,0,1,-1
6000000074787883392,Q45529715,顒 鄭州榮澤,1,0,1,-1
6000000074788333143,Q45529778,泳 鄭州榮澤,1,0,1,-1
6000000074788646863,Q45529843,咸悅 河南,1,0,1,-1
6000000005241028746,Q45530,Eutropia,1,0,1,-1
6000000143820326961,Q45530328,无虑 義常 河南洛陽,1,0,1,-1
6000000074788186156,Q45530611,良弼 鄭州榮澤,1,0,1,-1
6000000074788482106,Q45531883,式瞻 鄭州榮澤,1,0,1,-1
6000000074788607909,Q45532074,允升 鄭州榮澤,1,0,1,-1
6000000074788694849,Q45532137,延濟 鄭州榮澤,1,0,1,-1
6000000074739417894,Q45532271,允王 趙州柏鄉,1,0,1,-1
6000000074788758829,Q45532389,景復 鄭州,1,0,1,-1
6000000074788495991,Q45532452,景融 鄭州,1,0,1,-1
6000000075061275842,Q45534434,某 隴西狄道,1,0,1,-1
6000000074717289940,Q45536639,愸 京兆杜陵,1,0,1,-1
6000000075344584117,Q45536810,濛 河南洛陽,1,0,1,-1
6000000074757265164,Q45537214,乾播 京兆杜陵,1,0,1,-1
6000000074757655074,Q45537532,齊之 京兆杜陵,1,0,1,-1
6000000074757452299,Q45537656,南榮 京兆杜陵,1,0,1,-1
6000000074701553221,Q45537891,珹 中玉 博州,1,0,1,-1
6000000074767549911,Q45538415,僎 隴西狄道,1,0,1,-1
6000000074767694831,Q45538478,僑 隴西狄道,1,0,1,-1
6000000074767566920,Q45538541,俊 隴西狄道,1,0,1,-1
6000000074767550941,Q45538604,侒 隴西狄道,1,0,1,-1
6000000074767404140,Q45538668,微 隴西狄道,1,0,1,-1
6000000074767546911,Q45538732,僚 隴西狄道,1,0,1,-1
6000000074767582899,Q45538796,俠 隴西狄道,1,0,1,-1
6000000074767563958,Q45538859,仁 隴西狄道,1,0,1,-1
6000000074767663846,Q45538923,僾 隴西狄道,1,0,1,-1
6000000074767577897,Q45540005,伸 隴西狄道,1,0,1,-1
6000000074767578990,Q45540065,僝 隴西狄道,1,0,1,-1
6000000074767755823,Q45540130,俔 隴西狄道,1,0,1,-1
6000000074767762831,Q45540193,僔 隴西狄道,1,0,1,-1
6000000074766791587,Q45540318,㑥 隴西狄道,1,0,1,-1
6000000074767761827,Q45540384,儹 隴西狄道,1,0,1,-1
6000000074766944462,Q45540447,偵 隴西狄道,1,0,1,-1
6000000074767159204,Q45540511,儇 隴西狄道,1,0,1,-1
6000000074767659878,Q45540575,伶 隴西狄道,1,0,1,-1
6000000074767362122,Q45540641,儀 隴西狄道,1,0,1,-1
6000000074767490075,Q45540769,僾 隴西狄道,1,0,1,-1
6000000074767733840,Q45540833,伓 隴西狄道,1,0,1,-1
6000000074767565004,Q45540896,倛 隴西狄道,1,0,1,-1
6000000074767623936,Q45540960,伉 隴西狄道,1,0,1,-1
6000000074767283100,Q45541025,侑 隴西狄道,1,0,1,-1
6000000074767399000,Q45541089,傑 隴西狄道,1,0,1,-1
6000000074767499967,Q45541151,某 隴西狄道,1,0,1,-1
6000000074767524958,Q45541215,存志 隴西狄道,1,0,1,-1
6000000074767725855,Q45541340,倬 隴西狄道,1,0,1,-1
6000000074767617912,Q45541404,侹 隴西狄道,1,0,1,-1
6000000074767390096,Q45541468,倞 隴西狄道,1,0,1,-1
6000000074767450017,Q45541533,偃 隴西狄道,1,0,1,-1
6000000074766876663,Q45541598,佐 隴西狄道,1,0,1,-1
6000000074767429083,Q45541660,琦 隴西狄道,1,0,1,-1
6000000074767259208,Q45541722,償 隴西狄道,1,0,1,-1
6000000074767370126,Q45541788,佩 隴西狄道,1,0,1,-1
6000000074766551768,Q45541851,俗 隴西狄道,1,0,1,-1
6000000074767446041,Q45541915,係 隴西狄道,1,0,1,-1
6000000074767767824,Q45542044,傃 隴西狄道,1,0,1,-1
6000000074767774841,Q45542107,俛 隴西狄道,1,0,1,-1
6000000074766956543,Q45542170,佴 隴西狄道,1,0,1,-1
6000000074767005419,Q45542234,俸 隴西狄道,1,0,1,-1
6000000074767067507,Q45542297,珵 隴西狄道,1,0,1,-1
6000000074767683860,Q45542360,佟 隴西狄道,1,0,1,-1
6000000074767336197,Q45542426,倜 隴西狄道,1,0,1,-1
6000000074767340049,Q45542491,保 隴西狄道,1,0,1,-1
6000000074767064379,Q45542555,伋 隴西狄道,1,0,1,-1
6000000074767795823,Q45542617,儔 隴西狄道,1,0,1,-1
6000000074699162155,Q45542629,璵 京兆長安,1,0,1,-1
6000000074767634856,Q45542682,某 隴西狄道,1,0,1,-1
6000000074767508009,Q45542745,林 隴西狄道,1,0,1,-1
6000000074767580979,Q45542867,儀 隴西狄道,1,0,1,-1
6000000074767782833,Q45542931,僇 隴西狄道,1,0,1,-1
6000000074767732888,Q45542994,佳 隴西狄道,1,0,1,-1
6000000074767730895,Q45543057,傛 隴西狄道,1,0,1,-1
6000000074767782842,Q45543186,倫 隴西狄道,1,0,1,-1
6000000074766717788,Q45543249,佗 隴西狄道,1,0,1,-1
6000000074767582948,Q45543313,佼 隴西狄道,1,0,1,-1
6000000074767623951,Q45543377,仿 隴西狄道,1,0,1,-1
6000000074767736902,Q45543439,俘 隴西狄道,1,0,1,-1
6000000074767326175,Q45543504,儼 隴西狄道,1,0,1,-1
6000000074767219258,Q45543566,倪 隴西狄道,1,0,1,-1
6000000074767719903,Q45544070,仂 隴西狄道,1,0,1,-1
6000000074767314245,Q45544136,仕 隴西狄道,1,0,1,-1
6000000074767762857,Q45544200,侶 隴西狄道,1,0,1,-1
6000000074767336235,Q45544264,侳 隴西狄道,1,0,1,-1
6000000074767636987,Q45544329,某 隴西狄道,1,0,1,-1
6000000074767014444,Q45544393,賓雅 隴西狄道,1,0,1,-1
6000000074749345747,Q45544968,䢔 京兆萬年,1,0,1,-1
6000000074750441263,Q45545518,誼 隴西狄道,1,0,1,-1
6000000074750502185,Q45545842,謂 隴西狄道,1,0,1,-1
6000000074750833903,Q45545905,諷 隴西狄道,1,0,1,-1
6000000074750735022,Q45546031,訪 隴西狄道,1,0,1,-1
6000000074750211325,Q45546151,誨 隴西狄道,1,0,1,-1
6000000074750706020,Q45546280,諧 隴西狄道,1,0,1,-1
6000000074750799993,Q45546595,諸 隴西狄道,1,0,1,-1
6000000074750667017,Q45546722,詡 隴西狄道,1,0,1,-1
6000000074750672070,Q45546849,訢 隴西狄道,1,0,1,-1
6000000074750777986,Q45546976,誠 隴西狄道,1,0,1,-1
6000000074750612919,Q45547742,恪 隴西狄道,1,0,1,-1
6000000074733881825,Q45550026,嶧 襄州襄陽,1,0,1,-1
6000000074733263059,Q45550089,願 唐州方城,1,0,1,-1
6000000074749966418,Q45550124,洙 京兆萬年,1,0,1,-1
6000000074750344053,Q45550185,滂 京兆萬年,1,0,1,-1
6000000074750709893,Q45550255,溥 京兆萬年,1,0,1,-1
6000000074733781832,Q45550527,紹,1,0,1,-1
6000000074733791852,Q45550589,繟,1,0,1,-1
6000000074750696870,Q45550823,澣 隴西狄道,1,0,1,-1
6000000074750536004,Q45550885,滋 隴西狄道,1,0,1,-1
6000000074750611941,Q45553609,禮 隴西狄道,1,0,1,-1
6000000075402406847,Q45554556,訓 渭州隴西,1,0,1,-1
6000000075344672919,Q45554691,務 邢州南和,1,0,1,-1
6000000074750123075,Q45564494,鈁 太原,1,0,1,-1
6000000074749182631,Q45564557,鎔 太原,1,0,1,-1
6000000074750414885,Q45564621,錫 太原,1,0,1,-1
6000000074749721579,Q45566244,緘 隴西狄道,1,0,1,-1
6000000025294217302,Q455666,Private,1,0,1,-1
6000000074759874944,Q45568612,衍 京兆杜陵,1,0,1,-1
6000000074739146884,Q45570248,懲 趙州贊皇,1,0,1,-1
6000000074736863510,Q45574611,孝徹 趙州贊皇,1,0,1,-1
6000000074788412829,Q45576427,元裕 鄭州榮陽,1,0,1,-1
6000000074717277821,Q45577490,渾 河北道河南府,1,0,1,-1
6000000074738584091,Q45578900,咺 趙州贊皇,1,0,1,-1
6000000074739376821,Q45578965,全昌 趙州贊皇,1,0,1,-1
6000000074752868408,Q45585209,厚 吳郡吳縣,1,0,1,-1
6000000074753008318,Q45585335,晝 吳郡吳縣,1,0,1,-1
6000000074753571877,Q45585714,綜 吳郡吳縣,1,0,1,-1
6000000074753645836,Q45585778,繪 吳郡吳縣,1,0,1,-1
6000000074753532907,Q45586097,𖃼之 吳郡吳縣,1,0,1,-1
6000000074753623887,Q45587059,恕 吳郡吳縣,1,0,1,-1
6000000074753452033,Q45587185,惎 吳郡吳縣,1,0,1,-1
6000000074753715823,Q45587248,愿 吳郡吳縣,1,0,1,-1
6000000074753123325,Q45587695,愬 吳郡吳縣,1,0,1,-1
6000000074753638872,Q45587758,嵩 吳郡吳縣,1,0,1,-1
6000000074753453078,Q45589024,秀方 吳郡吳縣,1,0,1,-1
6000000074753656913,Q45589084,彥恭 吳郡吳縣,1,0,1,-1
6000000075061073821,Q45598202,承昭 京兆長安,1,0,1,-1
6000000075483203133,Q45600233,秉圖 濮州,1,0,1,-1
6000000074788364138,Q45608651,遘 鄭州榮澤,1,0,1,-1
6000000074766767722,Q45609403,瓌 弘清 一作环 河南洛陽,1,0,1,-1
6000000074788713859,Q45611337,某 鄭州榮澤,1,0,1,-1
6000000012370532905,Q45614719,遠,1,0,1,-1
6000000074745334140,Q45615038,叔昇 鉅鹿曲城,1,0,1,-1
6000000074734812018,Q45615233,昭貴 隴西狄道,1,0,1,-1
6000000074717236853,Q45620223,稹 河北道河南府,1,0,1,-1
6000000074716945049,Q45621343,祥業 清河東武城,1,0,1,-1
6000000074749570921,Q45625487,彥偉 河東汾陰,1,0,1,-1
6000000074749062446,Q45625550,彥生 河東汾陰,1,0,1,-1
6000000074749575850,Q45625612,彥雲 河東汾陰,1,0,1,-1
6000000074749686837,Q45625676,播 河中寶鼎,1,0,1,-1
6000000074749487972,Q45625740,揔 河東汾陰,1,0,1,-1
6000000074749367083,Q45625802,損 河東汾陰,1,0,1,-1
6000000074749702828,Q45625931,臨 河東汾陰,1,0,1,-1
6000000074749352053,Q45625993,公儀 河東汾陰,1,0,1,-1
6000000074749752844,Q45626938,伯陵 河東汾陰,1,0,1,-1
6000000075061085833,Q45627709,同証 京兆長安,1,0,1,-1
6000000074788439909,Q45630443,思莊 汴州開封,1,0,1,-1
6000000074788387968,Q45630570,懌 汴州開封,1,0,1,-1
6000000075060210145,Q45633006,瑩 京兆長安,1,0,1,-1
6000000074717229884,Q45634861,玄覽 清河東武城,1,0,1,-1
6000000074749547982,Q45639204,敬仁 蒲州寶鼎,1,0,1,-1
6000000074788655861,Q45639445,沁 滎陽開封,1,0,1,-1
6000000074749803875,Q45639638,敬倫 蒲州寶鼎,1,0,1,-1
6000000074712529072,Q45639834,逖 河東解縣,1,0,1,-1
6000000075345768917,Q45639973,占 子從 范陽涿縣,1,0,1,-1
6000000075344974293,Q45640035,槃 子隱 范陽涿縣,1,0,1,-1
6000000074759465207,Q45640207,元整 京兆杜陵,1,0,1,-1
6000000074788600858,Q45642582,延休 鄭州榮澤,1,0,1,-1
6000000074712267895,Q45644448,公挺 河南,1,0,1,-1
6000000074712157995,Q45647926,某 河南,1,0,1,-1
6000000074750591058,Q45652062,証 隴西狄道,1,0,1,-1
6000000074759910882,Q45653528,嵫 河南府,1,0,1,-1
6000000074717204858,Q45654319,丕 河北道河南府,1,0,1,-1
6000000075399098218,Q45655848,某 京兆府,1,0,1,-1
6000000074734925021,Q45658204,道立 潤州,1,0,1,-1
6000000074735381854,Q45658263,景淑 潤州,1,0,1,-1
6000000074734982024,Q45658381,涵 潤州,1,0,1,-1
6000000074758937587,Q45659705,頤 京兆杜陵,1,0,1,-1
6000000074787932142,Q45668060,過庭 汴州開封,1,0,1,-1
6000000075329149898,Q45668595,士文 京兆杜陵,1,0,1,-1
6000000074750012189,Q45678118,鍊 太原,1,0,1,-1
6000000074750147098,Q45678151,鉷 太原,1,0,1,-1
6000000074750355893,Q45678217,鏶 太原,1,0,1,-1
6000000074749968160,Q45678319,鋿 太原,1,0,1,-1
6000000074750385855,Q45678352,鋗 太原,1,0,1,-1
6000000074750425853,Q45678385,釬 太原,1,0,1,-1
6000000074750145137,Q45678449,鐈 太原,1,0,1,-1
6000000074750362875,Q45678482,鍵 太原,1,0,1,-1
6000000074750044195,Q45678515,鐙 太原,1,0,1,-1
6000000074750458838,Q45678549,鐇 太原,1,0,1,-1
6000000074750421884,Q45678582,錟 太原,1,0,1,-1
6000000074750397883,Q45678616,鋂 太原,1,0,1,-1
6000000074750256990,Q45678648,鎮 太原,1,0,1,-1
6000000049610094205,Q45679956,祖平 婺州金華,1,0,1,-1
6000000074750227069,Q45680196,昈 太原,1,0,1,-1
6000000074750131093,Q45680227,晊 太原,1,0,1,-1
6000000074750562823,Q45680260,曍 太原,1,0,1,-1
6000000074750286916,Q45680293,晠 太原,1,0,1,-1
6000000074750107230,Q45680327,時 太原,1,0,1,-1
6000000074745813920,Q45681898,殷 鉅鹿曲城,1,0,1,-1
6000000074770852038,Q45682556,承業 太原文水,1,0,1,-1
6000000074730518825,Q45683737,昱 京兆武功,1,0,1,-1
6000000074730292935,Q45684235,某 京兆萬年,1,0,1,-1
6000000074730494898,Q45684636,䋔 京兆武功,1,0,1,-1
6000000074750615965,Q45686328,某 隴西狄道,1,0,1,-1
6000000074735241824,Q45692712,崇嗣 隴西狄道,1,0,1,-1
6000000074733774399,Q45692770,保定 隴西狄道,1,0,1,-1
6000000074734465137,Q45692799,璡 隴西狄道,1,0,1,-1
6000000074734950933,Q45696095,崇真 隴西狄道,1,0,1,-1
6000000074733899342,Q45697201,崇敬 隴西狄道,1,0,1,-1
6000000074735330887,Q45698949,沖寂 隴西狄道,1,0,1,-1
6000000074734588018,Q45699027,沖玄 隴西狄道,1,0,1,-1
6000000074735422852,Q45699155,沖虛 隴西狄道,1,0,1,-1
6000000074735433843,Q45699183,哲 隴西狄道,1,0,1,-1
6000000074735149010,Q45700434,景悞 秦州成紀,1,0,1,-1
6000000074735603821,Q45700460,某 秦州成紀,1,0,1,-1
6000000074735447865,Q45700609,景仁 秦州成紀,1,0,1,-1
6000000074735097051,Q45700658,道弼 隴西狄道,1,0,1,-1
6000000074703731913,Q45707676,照 明遠 建安,1,0,1,-1
6000000009687922295,Q460342,Negus Amda,1,0,1,-1
6000000002237453778,Q460566,Vibeke Kruse,1,0,1,-1
6000000047687083990,Q461128,Private,1,0,1,-1
6000000003645877216,Q4682083,Lucius Valerius Adelphius de Rome,1,0,1,-1
6000000020100937312,Q4699149,Aisha Sultan Begum,1,0,1,-1
6000000003523237946,Q47306394,Zofia Павловна Sapieha,1,0,1,-1
6000000004868837146,Q47932503,Joana di Isle-Jourdain,1,0,1,-1
4957883020510080233,Q4806856,Bergljot,1,0,1,-1
6000000003645896605,Q4813407,Athenais Philostorgos,1,0,1,-1
6000000012018918731,Q4830998,Ayaucíhuatl ( Mahuehxochtzin) of,1,0,1,-1
6000000081195217822,Q48615968,Esfir,1,0,1,-1
6000000002188578738,Q48757727,Isabelle de Joigny,1,0,1,-1
6000000001156936455,Q4973957,Ramborg Cecilia Nilsdotter Nilsdotter Vasa,1,0,1,-1
6000000003858645967,Q4979499,Sophie Mecklenburg,1,0,1,-1
6000000000769905441,Q4981639,Lochlann (Roland) mac Uchtred,1,0,1,-1
6000000003343999853,Q4988843,Johanne Andersdatter Panter,1,0,1,-1
6000000008177259164,Q4994644,Dag Ringsson,1,0,1,-1
6000000043027327857,Q50228386,Morten,1,0,1,-1
6000000001744871718,Q504283,Guifré I 'el Pilós',1,0,1,-1
6000000038365226107,Q50604692,Kanjeng Adipati Danurejo II / KRT Mangkunegoro,1,0,1,-1
6000000129021887869,Q5068601,Chalchiuhcozcatzin,1,0,1,-1
6000000037889757848,Q5072727,沖之 叔用 用道 濟州鉅野,1,0,1,-1
6000000011387451268,Q50921679,Johan,1,0,1,-1
6000000002187624295,Q518039,Antigone,1,0,1,-1
6000000075345062823,Q5192674,安潛 進之 清河武城,1,0,1,-1
6000000074717076961,Q5192676,鄲 晉封 清河武城,1,0,1,-1
6000000075343999150,Q5192679,珙 深州安平,1,0,1,-1
6000000075344513881,Q5192685,沆 內融 博陵安平,1,0,1,-1
6000000074716252262,Q5192708,彥昭 鄭州榮陽,1,0,1,-1
6000000006101378800,Q519483,Flavius Bauto,1,0,1,-1
6000000014058196702,Q52282469,Semion Javnutovich,1,0,1,-1
6000000003494777697,Q52504190,Oda von der Niederlausitz,1,0,1,-1
6000000021012246808,Q52617701,Dymitr,1,0,1,-1
6000000011242484140,Q52768493,Ivan Wasilewicz Koretsky,1,0,1,-1
6000000205507425838,Q53268197,Serafina Sophia Koretska,1,0,1,-1
363871132870012262,Q53435,Mieszko I,1,0,1,-1
6000000002188099814,Q5368760,耨里思 臨潢,1,0,1,-1
6000000001412937598,Q543880,Guillaume 'Tête d'étoupe' d'Aquitaine,1,0,1,-1
6000000000641095018,Q54553782,Juste de Tournon,1,0,1,-1
342515586390012023,Q5474834,Melkorka mac Néill,1,0,1,-1
6000000026522695889,Q54864789,Armgard von Waldeck,1,0,1,-1
6000000002134952259,Q549930,Giselbert,1,0,1,-1
6000000003827587425,Q55348249,Gervaise Jeanne de Mayenne,1,0,1,-1
6000000003827765646,Q55516817,Dietrich / Dylmann von Bolanden,1,0,1,-1
6000000007520678228,Q5557702,Johannes Olofsson,1,0,1,-1
6000000008997606982,Q5561989,Gilcríst mac Gille Brigte,1,0,1,-1
6000000014192444387,Q55653001,Ivan Семёнович,1,0,1,-1
6000000037090031794,Q55715713,旋 士規 吳興武康,1,0,1,-1
6000000000640981133,Q56006137,Giraud Amic de Sabran,1,0,1,-1
6000000003645712168,Q56259970,Rutilia,1,0,1,-1
6000000075308798871,Q56260236,Мария Фёдоровна,1,0,1,-1
6000000005230548929,Q56305768,Thermantia,1,0,1,-1
6000000001169296643,Q5643219,Halvard Jonsson,1,0,1,-1
6000000041110756434,Q5659199,Harmonia of Syracuse,1,0,1,-1
6000000003645734748,Q56808255,Erling Ivarsson Ivarson Bjarkøy,1,0,1,-1
6000000017990892787,Q5730329,Filip Birgersson (Aspenäs),1,0,1,-1
6000000005086372603,Q5750366,Gaute Svendson Galde,1,0,1,-1
6000000006018596002,Q579596,Antiochus,1,0,1,-1
6000000002980028871,Q5806119,Diego Laínez,1,0,1,-1
6000000010138024429,Q583761,Byrhtnoð,1,0,1,-1
6000000007104160939,Q5884317,"Johan, Jons Filipsson Filipsson",1,0,1,-1
6000000011342855043,Q588956,Hafliði Másson,1,0,1,-1
6000000003645772914,Q5905955,Håkon - 'the Red',1,0,1,-1
6000000004992848601,Q5916057,Magnus Knutsson (Aspenäs),1,0,1,-1
6000000016925474001,Q5948927,稽 子姓,1,0,1,-1
6000000016925394642,Q5948949,共 子姓,1,0,1,-1
6000000016925467044,Q5949181,申 子姓,1,0,1,-1
6000000002188195768,Q5977357,寔,1,0,1,-1
4764222,Q600581,Leuthard,1,0,1,-1
6000000091196913901,Q60692478,Ermengard de Servian,1,0,1,-1
6000000000424686470,Q60693041,Hermensinde NN,1,0,1,-1
6000000002187988133,Q60809240,Theodbald,1,0,1,-1
6000000014887434285,Q61177388,Louise,1,0,1,-1
6000000009243471193,Q6119978,Jacopo,1,0,1,-1
6000000012827465485,Q61305502,Guangshan 湖南湘鄉,1,0,1,-1
6000000002941306986,Q61310603,Ali Al-Hasani,1,0,1,-1
6000000002354700008,Q61310624,Sulayman Al-Hasani,1,0,1,-1
6000000074732993944,Q6134074,湯 京兆長安,1,0,1,-1
6000000076852445934,Q6146146,Thorbard,1,0,1,-1
6000000003827280468,Q61576937,Hedwig Kiburg,1,0,1,-1
6000000003390720085,Q61637254,Wasilissa NN,1,0,1,-1
6000000003390180721,Q61637292,Agafia Gorajska h. Korczak,1,0,1,-1
6000000010829886244,Q61707798,Sentia,1,0,1,-1
6000000006101381936,Q61814534,Anastasia Петровна Hoday-qol,1,0,1,-1
6000000000232618899,Q61883631,Beatrix,1,0,1,-1
6000000160361429829,Q6190417,Stig Hvidelæder,1,0,1,-1
6000000002325859340,Q62007901,Cecilia Knutsdotter Knutsdotter,1,0,1,-1
6000000069421049824,Q62543571,Frederic,1,0,1,-1
6000000007360977697,Q62567204,Philippine,1,0,1,-1
6000000001169296726,Q6270833,Jon Halvardsson,1,0,1,-1
6000000003712835704,Q62857016,Alexandra Chartoryska,1,0,1,-1
6000000010763245344,Q63027766,Zofia / Sofia Sapieha,1,0,1,-1
6000000009494015538,Q63033296,Eva Николаевна Pac,1,0,1,-1
6000000014103070299,Q63033359,Sophia Agata Sapiega,1,0,1,-1
6000000003077526149,Q63151375,Richard Wharton,1,0,1,-1
6000000006101386549,Q6378908,Padmavati,1,0,1,-1
6000000020985906917,Q638646,Pucuwerus Butvydas,1,0,1,-1
6000000179697104858,Q638646,Butvydas Pukuveras,1,0,1,-1
6000000173139788139,Q638655,Traidenis Romuntowicz of Lithuania,1,0,1,-1
6000000079563044269,Q63881057,Giacomo Rattazzi,1,0,1,-1
6000000039878382201,Q64230398,Regina Wołłowicz h. Bogoria,1,0,1,-1
6000000011422811301,Q64235509,Bogdana Bogdanovna Sapieha,1,0,1,-1
6000000011422655539,Q64244743,Jan Drucki-Lubecki h. Druck,1,0,1,-1
6000000016457844218,Q64245014,Paweł Drucki-Lubecki,1,0,1,-1
6000000016456737877,Q64287688,Gregory Иванович Drutsky-Lubetsky,1,0,1,-1
6000000209495783832,Q64416358,"Fiodor ""Fiedka"" Sunigajłowicz",1,0,1,-1
6000000209495831822,Q64416362,"Jonas ""Ivaška"" Sunigailaitis",1,0,1,-1
6000000029701936527,Q64438157,Corbin Griffin,1,0,1,-1
6000000002428674074,Q6487856,Laodice,1,0,1,-1
6000000005759156012,Q651208,Gaius Julius Caesar,1,0,1,-1
6000000016457799300,Q65165249,Krzysztof Charlęski z Charlęża h. Bończa,1,0,1,-1
6000000003827324679,Q653221,Neratia Galla,1,0,1,-1
6000000074750667923,Q6538680,成美 隴西狄道,1,0,1,-1
6000000074767567901,Q6539240,瑛 隴西狄道,1,0,1,-1
6000000075482325306,Q65798766,徐,1,0,1,-1
6000000074704929821,Q65801313,越州山陰,1,0,1,-1
6000000075346080827,Q65803943,范陽涿縣,1,0,1,-1
6000000074750424242,Q65809593,李,1,0,1,-1
6000000074766702711,Q65809632,隴西狄道,1,0,1,-1
6000000074750576044,Q65809650,李,1,0,1,-1
6000000074750206387,Q65809721,隴西狄道,1,0,1,-1
6000000074750988833,Q65809768,李,1,0,1,-1
6000000074767584056,Q65809871,隴西狄道,1,0,1,-1
6000000074767199426,Q65809905,隴西狄道,1,0,1,-1
6000000074711095386,Q65903036,辯 河南,1,0,1,-1
6000000074703604053,Q65903063,鬱 婺州金華,1,0,1,-1
6000000074703908838,Q65903066,在 金華,1,0,1,-1
6000000074703636989,Q65903071,鎬 金華,1,0,1,-1
6000000011242648913,Q65921589,Teodor Iwanovich Koreckis h. Vytis,1,0,1,-1
6000000009128612036,Q65922098,Maria NN,1,0,1,-1
6000000001354461271,Q66082687,Robert de Valoines,1,0,1,-1
6000000024778341822,Q66438379,Vasily Mikhailovich,1,0,1,-1
6000000184795855851,Q66438379,Vasil Mikhailovich,1,0,1,-1
6000000037090877234,Q66439691,陵,1,0,1,-1
6000000037090998960,Q66439692,延,1,0,1,-1
6000000037090272651,Q66439693,賀,1,0,1,-1
6000000006727924517,Q66537643,Alix de Joinville,1,0,1,-1
6000000002844294350,Q6654713,Mas Jolang Kanjeng Susuhunan Prabu Hanyokrowati,1,0,1,-1
6000000041749925420,Q66555044,Bazyli ??? Narimontovich,1,0,1,-1
6000000028246919145,Q6658039,고 조 고,1,0,1,-1
6000000074753543935,Q6694942,元方 希仲 吳郡吳縣,1,0,1,-1
6000000064526895824,Q67174943,Bohdan Teodoras Sapieha,1,0,1,-1
6000000016628279467,Q6729719,Magas,1,0,1,-1
6000000010801664345,Q67444172,渤海蓨縣,1,0,1,-1
6000000037091035842,Q6765384,林子 敬士 吳興武康,1,0,1,-1
6000000143877655492,Q6803347,修,1,0,1,-1
6000000028246398574,Q6853227,고 재 고,1,0,1,-1
6000000010192397477,Q6949535,Máel Dúin mac Máele Fithrich,1,0,1,-1
6000000119100397957,Q69756781,NN de Joinville,1,0,1,-1
6000000009687354330,Q6987139,Nebto,1,0,1,-1
6000000012580428694,Q699910,Song 巨高 夏侯,1,0,1,-1
6000000074767648867,Q706559,璘 隴西狄道,1,0,1,-1
6000000075061025854,Q711427,隴西狄道,1,0,1,-1
6000000028246721835,Q714631,해 모 해,1,0,1,-1
6000000004586565238,Q714874,"Harald III ""Klak"" Halfdansson",1,0,1,-1
6000000009687948287,Q716024,Negus Dawit I,1,0,1,-1
6000000028246402258,Q717467,사 (娑),1,0,1,-1
6000000003645853666,Q718154,Lagus,1,0,1,-1
6000000003828392202,Q720474,Gaius Vettius .,1,0,1,-1
6000000011249866679,Q7239950,Boxia 子姓,1,0,1,-1
6000000008021369582,Q726358,Tyrimmas,1,0,1,-1
6000000009687131858,Q7267361,Merid Azmach,1,0,1,-1
6000000009687950258,Q733163,Negus Baeda,1,0,1,-1
6000000010788395570,Q7350604,Robert,1,0,1,-1
6000000073725470821,Q735117,Françoise Arnaud,1,0,1,-1
6000000016925433518,Q735420,羡 子姓,1,0,1,-1
6000000002175470066,Q7359216,Roger de Valoignes,1,0,1,-1
6000000009687933443,Q736112,Negus Newaya,1,0,1,-1
6000000003827611608,Q73798784,Verena von Werdenberg-Heiligenberg-Bludenz,1,0,1,-1
6000000009687285512,Q7442759,Merid Azmach,1,0,1,-1
6000000003828392188,Q745547,Gaius Vettius Vettius Gratus .,1,0,1,-1
6000000002187911561,Q75242482,Aenor (Aimée) de Lusignan,1,0,1,-1
6000000011810751712,Q75243650,Manuel de Sousa,1,0,1,-1
6000000006727810177,Q75244665,Ermengard von Hoya,1,0,1,-1
6000000003828116989,Q75244878,Margaret Gospatrick of Dunbar,1,0,1,-1
6000000003827438055,Q75245920,Sophia von Sommerschenburg,1,0,1,-1
6000000002188118433,Q75246264,Agnes of Brunswick,1,0,1,-1
6000000024875143039,Q75247090,Gertrud von Oldenburg,1,0,1,-1
6000000002447336383,Q75253663,Joan le Strange,1,0,1,-1
6000000015904855039,Q75267748,Charles Howard,1,0,1,-1
6000000003827576707,Q75291024,Aénor d'Alençon,1,0,1,-1
6000000001827585415,Q75291932,Ragnfrid Erlingsdotter,1,0,1,-1
6000000011715919276,Q75301090,Berthe Marie de Aumale,1,0,1,-1
6000000002341396943,Q75321315,Nazareth Newton,1,0,1,-1
6000000008123783874,Q75382510,Elesa,1,0,1,-1
6000000007185292729,Q75382547,Parent of Stuf and Whitgar,1,0,1,-1
6000000007316332923,Q75386321,Charles Flanders,1,0,1,-1
6000000006093087545,Q75386614,Gytha,1,0,1,-1
6000000004241400060,Q75387846,Matilda 'Maud' de Senlis,1,0,1,-1
6000000006444180141,Q75389431,Katherine de Beaumont,1,0,1,-1
6000000004533138341,Q75393457,Håkon Finnsson,1,0,1,-1
6000000007606745110,Q75393490,Adelheid Oldenburg,1,0,1,-1
6000000001198951480,Q75393575,"Kanga ""the young"" ""den unge""",1,0,1,-1
6000000007828121430,Q75393589,Ingrid Walgötersson,1,0,1,-1
6000000037459740890,Q75394645,Vasilisa Dmitrievna of Rostov,1,0,1,-1
6000000078892204197,Q75394660,Роман Андреевич,1,0,1,-1
6000000003645825356,Q75532099,NN Hákonardóttir,1,0,1,-1
6000000005248749344,Q75574614,? Bolesławówna,1,0,1,-1
6000000006101404603,Q75580489,Franz Faesch,1,0,1,-1
6000000055610223945,Q75584887,Thomas,1,0,1,-1
6000000007850199469,Q75620618,Mary Poyntz,1,0,1,-1
6000000055609865915,Q75643735,Fanny,1,0,1,-1
6000000055609848182,Q75643736,George,1,0,1,-1
6000000002188559212,Q75649185,Otto VI,1,0,1,-1
6000000003827890366,Q75649186,Hedwig von Schwarzburg-Blankenburg,1,0,1,-1
6000000006233604398,Q75765890,Elizabeth Mitchell,1,0,1,-1
6000000002135307796,Q75775660,Geoffrey,1,0,1,-1
6000000055759232855,Q76011039,清河,1,0,1,-1
6000000055769344013,Q76011247,趙郡平棘,1,0,1,-1
6000000055770072921,Q76012422,隴西狄道,1,0,1,-1
6000000003827234866,Q76022665,Godfrey de Luci,1,0,1,-1
6000000002198739378,Q76058856,Hadewich Florisdr. van Holland en Zeeland,1,0,1,-1
6000000003998829486,Q76141707,Esla,1,0,1,-1
6000000039488248603,Q76154274,Aaron,1,0,1,-1
6000000000700895995,Q76154276,Gwenllian verch Ednyfed Fychan,1,0,1,-1
6000000003649742308,Q76154277,Gwilym,1,0,1,-1
6000000003649670341,Q76154282,Madog,1,0,1,-1
6000000001142236549,Q76174308,Faydide (Faydite),1,0,1,-1
6000000000232604672,Q76215103,Gwenllian I,1,0,1,-1
6000000024479059396,Q76217862,Alice Myles,1,0,1,-1
6000000003827467993,Q76266358,Agnes von Ziegenhain,1,0,1,-1
6000000000700969811,Q76299122,Hildegard,1,0,1,-1
6000000015862385594,Q76367969,Flaminia Benielli,1,0,1,-1
6000000001169296802,Q7651616,Svale Jonson Smor,1,0,1,-1
353464201260013082,Q777417,Erling Steinvegg,1,0,1,-1
6000000003513191004,Q7810326,Titus Pomponius,1,0,1,-1
6000000012061523118,Q7810713,Tlapalizquixochtzin,1,0,1,-1
6000000075401557292,Q7979747,待價 京兆杜陵,1,0,1,-1
6000000075328709972,Q7979759,巨源 京兆杜陵,1,0,1,-1
6000000075344046045,Q7979772,溫 京兆杜陵,1,0,1,-1
6000000106643828977,Q80094092,Ingvald,1,0,1,-1
6000000075337965969,Q8048535,執柔 弘農華陰,1,0,1,-1
6000000074732889942,Q8070135,安世 京兆長安,1,0,1,-1
6000000074788540002,Q8070747,延昌 鄭州榮澤,1,0,1,-1
6000000075337633126,Q8251541,弘農華陰,1,0,1,-1
6000000007168312247,Q84454738,Martha Eltonhead,1,0,1,-1
6000000014516874103,Q84537148,Johann Bernhard II von Maltzahn,1,0,1,-1
6000000074753373964,Q855663,龜蒙 魯望 吳郡吳縣,1,0,1,-1
6000000074768393105,Q855765,世基 懋世 會稽餘姚,1,0,1,-1
6000000016925447297,Q855836,衍 子姓,1,0,1,-1
6000000016698290515,Q862768,瑁 子璋 吳郡吳縣,1,0,1,-1
6000000002451873607,Q86457952,Kristina Knutsdotter (Aspenäs),1,0,1,-1
6000000006101240850,Q867859,Claudia Crispina,1,0,1,-1
6000000090183251864,Q87480091,Catherine von Saarbrücken,1,0,1,-1
6000000004869217894,Q87491074,Guérine Rogier de Beaufort,1,0,1,-1
6000000045546270135,Q87817724,Catherine de Poitiers,1,0,1,-1
6000000018661509300,Q87819331,Timbor,1,0,1,-1
6000000003645919299,Q878441,托 子姓,1,0,1,-1
6000000007212915489,Q878444,載 子姓,1,0,1,-1
6000000003645919369,Q878449,旦 子姓,1,0,1,-1
6000000003645919364,Q878455,新 子姓,1,0,1,-1
6000000003645919354,Q878463,斂 子姓,1,0,1,-1
6000000003645919400,Q878465,至 子姓,1,0,1,-1
6000000007212973476,Q878469,囂 子姓,1,0,1,-1
6000000003645919304,Q878473,瞿 子姓,1,0,1,-1
6000000003645919395,Q878477,辯 子姓,1,0,1,-1
6000000007212914399,Q878479,密 子姓,1,0,1,-1
6000000003645919379,Q878487,‏‏‎ 勝 子姓,1,0,1,-1
6000000045544885090,Q87995874,Béatrice de Sully,1,0,1,-1
6000000045544079118,Q87998785,Yolande de Genève,1,0,1,-1
6000000004533625918,Q88218113,Ricarda De Rodez,1,0,1,-1
6000000003827611892,Q88267314,"Ruprecht I, Raugraf von Baumberg-Altbaumberg",1,0,1,-1
6000000024988497825,Q88665553,Jan,1,0,1,-1
6000000009687829485,Q888003,Negus Yakuno,1,0,1,-1
6000000007212973651,Q888231,‏‏‎ ‎丁 子姓,1,0,1,-1
6000000006604267020,Q92001535,Magdalena Brankowicz,1,0,1,-1
6000000010755828005,Q92351266,Diogo Mendes,1,0,1,-1
6000000006727878600,Q9255749,"Eufemia, Princess Of, Moravia",1,0,1,-1
6000000006857916009,Q935566,Lucius Aurelius Cotta,1,0,1,-1
5522320867850060430,Q953640,Skjalm Hvide,1,0,1,-1
6000000185833360841,Q961910,Jean Toussaint,1,0,1,-1
6000000000276132965,Q96199924,John Catlett,1,0,1,-1
6000000007071448047,Q96201648,John Hinckley,1,0,1,-1
6000000000955114937,Q96212933,Virginia Odone,1,0,1,-1
6000000014707738700,Q96212946,Ercole Pozzo di Borgo,1,0,1,-1
6000000007470750583,Q96216580,Charity Hall,1,0,1,-1
6000000001672162635,Q96217668,Rodrigo Aguilar-Ponce de León Alanís,1,0,1,-1
6000000056104080191,Q96237449,Ruth Garland,1,0,1,-1
6000000010107772824,Q96239458,Judith Maria of Poland,1,0,1,-1
5002427030310102689,Q96240723,Maren Tygesdatter Til Basnæs,1,0,1,-1
6000000000725156868,Q96240748,Henrik Knudsen Gyldenstierne,1,0,1,-1
6000000004028408929,Q96240757,Mogens Pedersen Munk,1,0,1,-1
6000000035370373799,Q96240767,Bent Jonsen,1,0,1,-1
6000000001827572230,Q96240772,Peder Torbernsen,1,0,1,-1
6000000002517327915,Q96240778,Claus Markvardssøn Markvads søn,1,0,1,-1
6000000008392189123,Q96241088,Yelena NN,1,0,1,-1
6000000003827576299,Q96245000,Elisabeth de Mont-Saint-Jean,1,0,1,-1
6000000038027512540,Q9627021,喬年 巽伯 婺州金華,1,0,1,-1
6000000038027678135,Q9628003,居簡 河南洛陽,1,0,1,-1
6000000015101575252,Q96288736,Charles de Gavre,1,0,1,-1
6000000003637326569,Q9629736,Arnaldo Eris,1,0,1,-1
6000000017777804556,Q96337908,Hannah Hinckley,1,0,1,-1
6000000006720447972,Q96652520,John Searle,1,0,1,-1
342270212400013753,Q96919837,Sarah Fairfield,1,0,1,-1
6000000000869399244,Q97072206,Josiah Randall Dewey,1,0,1,-1
6000000003939144859,Q97095123,Samuel Calkins,1,0,1,-1
6000000009470441952,Q97317078,Elias,1,0,1,-1
6000000210408834830,Q97341863,Oukuni 坂上大国,1,0,1,-1
6000000210409069821,Q97341864,Yuzuka/Yimutsuka 坂上弓束,1,0,1,-1
6000000210409014823,Q97341865,Kubina 坂上首名,1,0,1,-1
6000000009304919909,Q97543301,Bernard de Moreuil,1,0,1,-1
6000000004868910207,Q97783433,Hugues d'Amboise,1,0,1,-1
6000000022542965983,Q97929236,Anne Jeanne Malcy,1,0,1,-1
6000000003187136225,Q97930376,Jacob Walker,1,0,1,-1
6000000020446548336,Q97931727,Jacob Wythe Walker,1,0,1,-1
6000000000172100154,Q98697964,Ragnhild,1,0,1,-1
6000000000701224330,Q98698826,Sofia von Hoya,1,0,1,-1
6000000000437187226,Q99304084,Béatrix d'Aquitaine,1,0,1,-1
6000000004533182271,Q99304150,Sénégonde de Rouergue,1,0,1,-1
6000000002407824893,Q99638951,Elias Lyman,1,0,1,-1
6000000002940834391,Q99671041,Servillia Caepio,1,0,1,-1
6000000041236261947,Q99726628,Cassius Lepidus,1,0,1,-1
6000000007530656976,Q99726753,Cassia,1,0,1,-1
6000000027323733182,Q99844311,Caecilia Metella,1,0,1,-1
6000000003410542343,Q103782095,Elisabeth Tygesdatter Thygesdatter Lunge,3,1,4,-2
6000000003694839663,Q104549945,Gustav Henriksson,3,1,4,-2
6000000004327387126,Q1052410,Cecilia Sigurdsdatter,3,1,4,-2
6000000012221665802,Q107145463,Lucinda Page Baylor,3,1,4,-2
6000000003075753294,Q107183070,Ruth Bassett,3,1,4,-2
6000000004047819814,Q107722272,Jane (Jenny) Washington,3,1,4,-2
6000000002512340834,Q108840607,Else Knudsdatter Urne,3,1,4,-2
6000000014192424327,Q108886223,Theodora Algirdaitė of Lithuania,3,1,4,-2
6000000086915469163,Q108929430,Samuel,3,1,4,-2
6000000005912902306,Q109860,Dagobert Roi des Francs Meroving,3,1,4,-2
6000000002848584712,Q110302872,Sidsel Børgesdatter,3,1,4,-2
6000000001180336321,Q111917756,Mildred Thornton,3,1,4,-2
6000000003828392237,Q1131441,Gaius Vettius .,3,1,4,-2
6000000008033890908,Q115861184,Hannah Standish,3,1,4,-2
6000000011626877868,Q11642999,Chikako Shimazu,3,1,4,-2
6000000055763423823,Q11643938,道昭 僖伯 滎陽開封,3,1,4,-2
6000000004287155704,Q1177456,David Dunkeld,3,1,4,-2
6000000011536425567,Q118197385,Thierry,3,1,4,-2
6000000002556473072,Q120142936,Nathaniel Hitchcock,3,1,4,-2
5020155500120110724,Q121130,Philipp von Hohenstaufen,3,1,4,-2
6000000003146957188,Q126237,Godfrey 'the Bearded' of Lorraine,3,1,4,-2
6000000001409339120,Q128399,Uliana Marina / Martha of Tver,3,1,4,-2
6000000001669612541,Q129056477,Eline Nilsdatter Gyldenløve,3,1,4,-2
6000000002187837447,Q13030449,Gleb Yurevich,3,1,4,-2
6000000003098118619,Q1343016,Yaropolk (Peter) Izyaslavich Рюрикович,3,1,4,-2
6000000002043182579,Q1363727,Réginald de Dunstanville,3,1,4,-2
6000000000736830679,Q137796884,Fernando,3,1,4,-2
6000000002906786257,Q139674111,Abigail Pope Oldham,3,1,4,-2
6000000006445388038,Q1397779,Roman Fiodorowicz Сангушко,3,1,4,-2
6000000008059993700,Q1423,Titus Flavius Caesar Domitianus Augustus .,3,1,4,-2
6000000010249948712,Q1424,Marcus Cocceius Nerva Caesar Augustus,3,1,4,-2
6000000001412929958,Q14643112,Aimery I,3,1,4,-2
6000000003790013542,Q15823958,Knud,3,1,4,-2
6000000003166417414,Q16063657,Ebbe Sunesen Hvide,3,1,4,-2
6000000002134787037,Q1609951,"Herbert ""Ie Vieux"" de Vermandois",3,1,4,-2
6000000003645853653,Q168261,Ptolemy,3,1,4,-2
6000000002188021418,Q1694708,Johann II Count von Oldenburg,3,1,4,-2
6000000000904661585,Q169547,Judith,3,1,4,-2
6000000002236872569,Q1779282,Bethóc ingen Maíl Coluim meic Cináeda,3,1,4,-2
6000000008147347387,Q1782403,Konrad I Braunschweig-Lüneburg,3,1,4,-2
6000000052125650248,Q18236390,淵 伯源 范陽涿縣,3,1,4,-2
6000000003645671274,Q18418043,Halkjell Jonsson,3,1,4,-2
5508684470320086533,Q1847459,Sancha I de León,3,1,4,-2
6000000003219766282,Q192920,Edward ~aka~ Eadweard - 'The Martyr',3,1,4,-2
6000000075401366174,Q19852797,瑾 道瑜 鄭州管城,3,1,4,-2
6000000002240801354,Q2039212,Judith,3,1,4,-2
302036169990003799,Q2068391,Rupilia Faustina,3,1,4,-2
6000000006727823037,Q2071719,Andrey Iwanowicz Olshansky,3,1,4,-2
4363184995560049059,Q2080596,Koryat Mikhail Гедиминович Gediminids,3,1,4,-2
4924448917970137597,Q212052,"James I ""the Conqueror"" d'Aragó",3,1,4,-2
6000000015110424892,Q22919567,Philippe de Croÿ,3,1,4,-2
6000000004533858965,Q23115867,Hans Kaas af Muur,3,1,4,-2
6000000000759614642,Q255737,Maria Komnene,3,1,4,-2
4876632757330125828,Q260831,Munia Elvira Castile,3,1,4,-2
6000000003087125859,Q2616032,Christina Ingesdotter Ingesdotter,3,1,4,-2
6000000002512264794,Q2656291,Gunhild Sveinsdatter,3,1,4,-2
6000000015440182104,Q265849,Katharina Hohenzollern,3,1,4,-2
6000000006727794806,Q28053714,Margareta Eriksdotter,3,1,4,-2
6000000002187718673,Q288177,Laodice VII Thea Philadelphus,3,1,4,-2
6000000003858585185,Q289285,Filippo Maria,3,1,4,-2
6000000001935619159,Q2905211,Bjørn Haraldsen,3,1,4,-2
4284989,Q291409,Margrete Eriksdotter Klipping,3,1,4,-2
6000000000437385272,Q299428,Cambyses,3,1,4,-2
6000000004333578987,Q3049450,"Einar, 'Wrymouth' Sigurdsson",3,1,4,-2
6000000004533544430,Q318426,Perdiccas,3,1,4,-2
6000000013022286973,Q354770,"Adelaide ""Irene"" of Brunswick",3,1,4,-2
6000000011627126557,Q357261,憲仁,3,1,4,-2
6000000049968979272,Q3919003,Yevna Иоанновна of Polotsk,3,1,4,-2
6000000006101404578,Q3953779,Sebastiano Niccolo Buonaparte,3,1,4,-2
6000000002415363424,Q40242,Cleopatra,3,1,4,-2
6000000010211558649,Q41380,Robert FitzRichard,3,1,4,-2
6000000000125674313,Q41600,Alexios Komnenos,3,1,4,-2
6000000002434214184,Q41847,Romanos II,3,1,4,-2
6000000024504703185,Q4195669,Ivan Giedyminowicz,3,1,4,-2
6000000006727838189,Q4228358,Uliana Ивановна Olshanska,3,1,4,-2
6000000006451955612,Q433363,Laodice,3,1,4,-2
6000000010218558380,Q435137,Bernard II Ii Billung,3,1,4,-2
6000000000277018290,Q435292,Gonzalo,3,1,4,-2
6000000003768392839,Q437435,Rudolph I Guelph,3,1,4,-2
6000000006802480707,Q437472,Flavia Maxima Constantia,3,1,4,-2
6000000002187837440,Q4411619,Swjatopolk Yurevich Turowski,3,1,4,-2
6000000000307261273,Q447899,Philippa Plantagenet,3,1,4,-2
6000000005241731148,Q448568,Vespasia Polla,3,1,4,-2
6000000003506548107,Q451082,Laodice,3,1,4,-2
6000000037890432957,Q45366040,易佔 不疑 Zēng 曾,3,1,4,-2
6000000046846961927,Q45380767,褎 仲舉 衢州開化,3,1,4,-2
6000000000781697178,Q4580418,Mogens Henriksen Gyldenstierne,3,1,4,-2
6000000003645825602,Q4806421,"Ragnhildur ""The Wicked""",3,1,4,-2
6000000009751578555,Q4847195,Eilica Von von Schweinfurt,3,1,4,-2
6000000012961002090,Q5569990,Bengt Bengtsson (Folkungaätten),3,1,4,-2
6000000000319468337,Q5640299,Inés Pispita (Alegre),3,1,4,-2
5441256111580089903,Q566714,"Rudolf II ""der blinde"" Askanier",3,1,4,-2
6000000003827606309,Q56682549,Bertha de Cambrai,3,1,4,-2
6000000002125657536,Q5784543,Constanza de Castilla,3,1,4,-2
6000000008708234185,Q585343,Anne de Laval,3,1,4,-2
6000000001041474621,Q614802,"Sigurd ""Digri/the Stout"" Hlodvesson",3,1,4,-2
6000000075374920825,Q65803845,河東聞喜,3,1,4,-2
6000000003645919625,Q661181,Albrecht II von Askanier,3,1,4,-2
6000000003827445735,Q67176,Heinrich I,3,1,4,-2
6000000002813365232,Q69636496,Helvig Jacobsdatter Hardenberg,3,1,4,-2
6000000019580373251,Q7126089,SINUHUN PAKU BUWANA XII Raden Mas Suryaguritna (1945-2004),3,1,4,-2
6000000015270768241,Q7184817,Philippe François de Croÿ,3,1,4,-2
6000000010119800396,Q75291931,Tora Skoptisdóttir fra Giske,3,1,4,-2
6000000002909001992,Q76161436,William Dudley,3,1,4,-2
6000000003827520012,Q76356055,Isabeau de Châtillon,3,1,4,-2
6000000001180345487,Q83424268,William Augustine,3,1,4,-2
6000000002649950531,Q83489226,John Augustine Washington,3,1,4,-2
6000000019511741569,Q83660,Walram van Limburg,3,1,4,-2
6000000008779271234,Q887965,Filippus Simonsson Simonsson,3,1,4,-2
6000000001595814236,Q91003,"Bertha ""Judith"" von Schwaben",3,1,4,-2
6000000003795473559,Q914160,Sancho,3,1,4,-2
6000000006167658072,Q93368716,Francis Nelson Page,3,1,4,-2
6000000003801815067,Q95549,Heinrich I Mecklenburg,3,1,4,-2
6000000001288423989,Q96201993,Mary Davis,3,1,4,-2
6000000000436637670,Q96216074,John Stanley,3,1,4,-2
6000000002489009774,Q96216078,"John of ""the Planter"" Stanley",3,1,4,-2
6000000002515736290,Q96240794,Johannes von Thienen,3,1,4,-2
6000000010060430370,Q96985256,Joanna Porter,3,1,4,-2
6000000006283701220,Q971142,Magnus Bengtsson,3,1,4,-2
6000000151470329000,Q98792,Rudolf VII,3,1,4,-2
6000000003937829199,Q100145737,Elizabeth Washburn,2,0,2,-2
6000000003938484344,Q100153999,Ezekiel Turner,2,0,2,-2
6000000003492068953,Q100316107,Gjord Andersen,2,0,2,-2
6000000007417839637,Q100364688,Sidney Smith Turner,2,0,2,-2
6000000002870159591,Q100490294,Barnabas Huntington,2,0,2,-2
6000000003827746965,Q100696460,Bernard VI d'Anduze,2,0,2,-2
5572410253480066492,Q100895816,William Brewster,2,0,2,-2
6000000033018228143,Q100949776,Sarah Lathrop,2,0,2,-2
6000000191202091823,Q101247194,Anne Eriksdotter Krummedige,2,0,2,-2
6000000003827763549,Q101247223,Johan Henriksson Moltecke,2,0,2,-2
3153718,Q101247693,Klas Pedersson Fleming,2,0,2,-2
6000000008726462519,Q101247861,Nikolas (Niels) Raneson Rani,2,0,2,-2
6000000001195574393,Q101247942,Agnes Sigurdsdatter Sudreim,2,0,2,-2
6000000005770948239,Q101247948,Elin Toresdatter,2,0,2,-2
6000000008242035482,Q101247950,Ingebjørg Erlingsdatter,2,0,2,-2
6000000003645734242,Q101248133,Andres Gregoriusson Stovrheim,2,0,2,-2
6000000001024948055,Q101248137,Margarite Arnesdotter Stovreim,2,0,2,-2
6000000008248136587,Q101248140,Arne,2,0,2,-2
6000000008861916763,Q101248596,Ulv Jonssøn Jonsson (Roos af Ervalla),2,0,2,-2
6000000006727830903,Q101248711,Elisabeth von Mansfeld,2,0,2,-2
6000000004533138548,Q101248726,Ragnhild Arnesdatter,2,0,2,-2
6000000074703721018,Q10125565,抃 夢得 道卿 眉州眉山,2,0,2,-2
6000000008052642281,Q101402678,Catalina Pizarro Altamirano,2,0,2,-2
6000000006442284299,Q101422820,Henry Chapin,2,0,2,-2
6000000003943156264,Q101422827,Abel Chapin,2,0,2,-2
6000000003943156255,Q101422830,Hannah Hitchcock,2,0,2,-2
6000000002556286829,Q101423445,Hannah Chapin,2,0,2,-2
6000000002527208007,Q101424633,Thomas Gilbert,2,0,2,-2
6000000017648939635,Q101425150,Just Kristian Bing Ebbesen,2,0,2,-2
6000000001544596977,Q101510019,Aldonza,2,0,2,-2
6000000003827612585,Q101518887,Loretta,2,0,2,-2
6000000003927947993,Q101534227,Sarah McCarty,2,0,2,-2
6000000006568222758,Q101534230,Sinah Ball,2,0,2,-2
6000000002905110815,Q101537633,Abigail Burnham,2,0,2,-2
6000000012427945634,Q102070208,Ferenc,2,0,2,-2
6000000002187696186,Q102084,Sizzo III,2,0,2,-2
6000000013074309704,Q102162052,Esther Lugg,2,0,2,-2
6000000017454300488,Q10266468,Dinis Gregório,2,0,2,-2
6000000074716986016,Q10271321,峴 鄭州榮陽,2,0,2,-2
6000000075344727977,Q10271512,昭矩 齊州歷城,2,0,2,-2
6000000007041144242,Q102825647,Bérenger de Clermont-Lodève,2,0,2,-2
4221615,Q102828345,Jeanne de Créquy,2,0,2,-2
6000000028392943567,Q10284540,Francisca de Campos Coelho,2,0,2,-2
6000000016786736547,Q10285329,Francisco de Assis Baltazar José António Bernardo Tomás de Távora,2,0,2,-2
6000000008489639194,Q10290608,Gonçalo,2,0,2,-2
6000000017440284116,Q10292712,Guido Augusto,2,0,2,-2
6000000051945816932,Q10295973,至 幾聖 杭州錢塘,2,0,2,-2
6000000021151434870,Q10297036,遺直 清河,2,0,2,-2
6000000001827551351,Q1030879,Kristoffer Trondsson,2,0,2,-2
6000000072983758197,Q10309684,José Joaquim de Almeida,2,0,2,-2
6000000005017978044,Q10310864,José de Vasconcelos e Sousa Caminha Camara Faro e Veiga,2,0,2,-2
6000000018640115486,Q10311300,D. João Carlos de Bragança e Ligne de Sousa Tavares Mascarenhas da Silva,2,0,2,-2
6000000010169278582,Q10312492,João,2,0,2,-2
6000000001435528087,Q10319717,Lopo Fernandes Pacheco,2,0,2,-2
6000000014777167535,Q10321384,Luis César de Menezes,2,0,2,-2
6000000021065288134,Q10321802,D. Luísa Clara de Portugal,2,0,2,-2
6000000013205685076,Q1032278,Titus Flavius Petro,2,0,2,-2
6000000014349103206,Q10324514,Manuel,2,0,2,-2
6000000009305003559,Q10330024,Milon Count de Châtillon sur Marne,2,0,2,-2
6000000004257979021,Q103333,Odoacer,2,0,2,-2
6000000074750256416,Q10334181,宣 京兆萬年,2,0,2,-2
6000000074712317938,Q10334669,嶷 京兆萬年,2,0,2,-2
6000000074735001940,Q10334836,延伯 隴西狄道,2,0,2,-2
6000000074734564078,Q10335031,德良 隴西狄道,2,0,2,-2
6000000074734419267,Q10338022,繪 隴西狄道,2,0,2,-2
6000000074750755997,Q10338963,通 隴西狄道,2,0,2,-2
6000000074735476857,Q10339093,道明 隴西狄道,2,0,2,-2
6000000074750852910,Q10339141,遡 隴西狄道,2,0,2,-2
6000000074750990821,Q10339208,遹 隴西狄道,2,0,2,-2
6000000074706037951,Q10341764,弘禮 履莊 弘農華陰,2,0,2,-2
6000000016786294933,Q10347606,Pedro Mascarenhas,2,0,2,-2
6000000045612610919,Q10347888,Pierre de Tinières,2,0,2,-2
6000000075405930843,Q10350183,仲郢 諭蒙 河東解縣,2,0,2,-2
6000000021121976747,Q10350503,機 匡時 河東解縣,2,0,2,-2
6000000021122112187,Q10350820,述 業隆 河東解縣,2,0,2,-2
6000000011105084734,Q10357148,Raimon II de Narbona,2,0,2,-2
6000000014642428781,Q10363958,Rodrigo,2,0,2,-2
6000000012665068359,Q10371750,Simão,2,0,2,-2
6000000027541022302,Q10371769,Simão,2,0,2,-2
6000000005656274004,Q103773553,Johan Haraldsson Fegræus,2,0,2,-2
6000000001669612881,Q103780470,Vincents Iversen Dyre,2,0,2,-2
6000000002986576711,Q103780835,Enevold Nielsen Nilsen,2,0,2,-2
6000000001504673979,Q103780857,Christence Ovesdatter Lunge,2,0,2,-2
6000000007470795309,Q103780866,Ove Vincentsen Lunge,2,0,2,-2
6000000002986564490,Q103780884,Karen Eriksdatter,2,0,2,-2
6000000014262552540,Q103780910,Otte Danielsen Bildt,2,0,2,-2
6000000007255394441,Q103781032,Iver Andersen,2,0,2,-2
6000000001722370024,Q103781770,Ingeborg Lydersdatter Struds von Bergen,2,0,2,-2
4956106785230077527,Q103782013,Joachim Hermansson Flemming,2,0,2,-2
6000000003585357373,Q103782025,Herman Pedersen Fleming,2,0,2,-2
4956166210290078189,Q103782521,Sophie Andersdatter Bjørn,2,0,2,-2
6000000003645959731,Q103782539,Anders,2,0,2,-2
6000000003645806859,Q103783751,Christence Pedersdatter Wirtenberg,2,0,2,-2
6000000004028731440,Q103783771,Peder,2,0,2,-2
4136709990190033290,Q103783782,Ingeborg Saxesdatter Uldsax,2,0,2,-2
6000000003898167768,Q103787973,Ebba Eriksdotter Krummedige,2,0,2,-2
6000000026467718204,Q10383127,Tomás,2,0,2,-2
6000000015964388203,Q103953194,John Moncure,2,0,2,-2
3736496,Q103955299,Walker Conway,2,0,2,-2
6000000037118445925,Q104218634,Eugenie Simon,2,0,2,-2
6000000016207783981,Q104252324,Cäcilie Schwarzschild,2,0,2,-2
6000000012675798491,Q104408657,Thekla Loeb,2,0,2,-2
6000000006127223646,Q10443068,Carl Knutsson Posse,2,0,2,-2
6000000012665054684,Q104450160,Emma Mann,2,0,2,-2
6000000031481873209,Q104450273,Sara Sofie Schwarz,2,0,2,-2
6000000014980051848,Q104515403,Alexander Casimir Sapieha,2,0,2,-2
6000000007454774830,Q104537632,Street Hall Moss,2,0,2,-2
331624398740011365,Q104537663,Levi Moss,2,0,2,-2
6000000003569296221,Q104538468,Eudokia Фёдоровна Vorotynska,2,0,2,-2
6000000028281946403,Q104543203,Pauline Dessauer,2,0,2,-2
6000000008815800674,Q104550,Christian Albrecht Graf und Burggraf zu Dohna-Schlobitten,2,0,2,-2
6000000001504552957,Q104623508,Niels Hansen Lange,2,0,2,-2
6000000025069297996,Q104672996,Edith Weil,2,0,2,-2
6000000008426182843,Q104673736,Sara Wolfes,2,0,2,-2
6000000012664983413,Q104702625,Elisabeth Mann,2,0,2,-2
6000000016365474593,Q104717485,Fiodor / Teodor Иванович,2,0,2,-2
6000000014058334536,Q104717559,Andrzej Васильевич,2,0,2,-2
6000000012481885973,Q104722172,Michal,2,0,2,-2
6000000014961368556,Q104722297,Anna Михайловнa Sapieha,2,0,2,-2
6000000028428974358,Q104737955,Philippe Antoine d'Ornano,2,0,2,-2
6000000012675506071,Q104806871,Benno,2,0,2,-2
6000000012675966636,Q104806886,Ida Loeb,2,0,2,-2
6000000039020922301,Q104807688,Paul Kahn,2,0,2,-2
6000000006282826235,Q104831020,Joseph Gaspard de Tascher de la Pagerie,2,0,2,-2
6000000006266546092,Q104831099,Dorthe Eggertsdatter Abildgaard,2,0,2,-2
6000000003736732760,Q104869095,Antonia Furnilla,2,0,2,-2
6000000144614452833,Q1049189,安定臨涇,2,0,2,-2
6000000010876933851,Q104971416,Kjeld Michelsen Krabbe,2,0,2,-2
6000000002187757470,Q1049817,Eric Stenkilsson,2,0,2,-2
6000000025793218995,Q105015021,HUGO Friedrich Wilhelm,2,0,2,-2
6000000002865626550,Q105038480,Hans Hartvigsen,2,0,2,-2
6000000000754545135,Q105038596,Joachim Hanssøn Breide,2,0,2,-2
6000000010741243122,Q105044804,Jørgen Lauridsen Rostrup,2,0,2,-2
6000000015653946515,Q1050966,Catherine Filene,2,0,2,-2
6000000025794866418,Q105098134,Jane Smith,2,0,2,-2
6000000000495138391,Q105105,Theodoric,2,0,2,-2
6000000017971675991,Q105106947,Fiodor / Teodor Yurievich,2,0,2,-2
6000000021151516915,Q10511544,嗣業 蘭陵,2,0,2,-2
6000000016243143514,Q105227750,Giuseppe Caracciolo,2,0,2,-2
6000000130214029997,Q105354496,Salomon Blum,2,0,2,-2
6000000012676866167,Q105361733,Lena Lekisch,2,0,2,-2
6000000012676799787,Q105361735,Martha Lekisch,2,0,2,-2
6000000012676954262,Q105364678,Friedrich (Fritz*) Leo,2,0,2,-2
6000000000475297120,Q105390893,Jenny Schloss,2,0,2,-2
6000000037118142215,Q105392787,Jacob Simon,2,0,2,-2
6000000016175820886,Q105455916,Caroline Schloss,2,0,2,-2
6000000025057317505,Q105459102,Betty Brand,2,0,2,-2
6000000025069487275,Q105460970,Luise Heß,2,0,2,-2
6000000025841068406,Q105463962,Jette Heilbronner,2,0,2,-2
6000000074788668830,Q10557333,合敬 鄭州榮澤,2,0,2,-2
6000000047502989238,Q10564247,勰 穆父 杭州錢塘,2,0,2,-2
6000000020601831750,Q10566119,元孫 聿修 琅邪臨沂,2,0,2,-2
6000000087316476873,Q105697530,Jan,2,0,2,-2
6000000014981025067,Q105697739,Jan Николаевич Sapieha,2,0,2,-2
6000000084148474096,Q105767798,Irina (Maria) Ivanovna Патрикеева,2,0,2,-2
6000000079063073045,Q105871823,Guy I,2,0,2,-2
6000000014233336522,Q105872391,Heinrich Vlll Herr zu Hirschberg Reuss von Plaugen,2,0,2,-2
6000000006727800591,Q105938,Jakob II Zähringen,2,0,2,-2
6000000013038759195,Q105942614,Hannah Hawkins,2,0,2,-2
6000000048522542009,Q1059874,淵明 靖通 南蘭陵,2,0,2,-2
6000000003110778492,Q10608167,Olaus Persson,2,0,2,-2
6000000198026119821,Q106101422,Johan,2,0,2,-2
6000000000877875490,Q106203352,Tiauw Nio Thung,2,0,2,-2
6000000064836536005,Q106203380,Keng Hoan Phoa,2,0,2,-2
6000000011626957347,Q1062364,Michitaka Kujō,2,0,2,-2
6000000008201684616,Q1064841,亮吉,2,0,2,-2
6000000003747443682,Q106497510,Mehitable Porter,2,0,2,-2
6000000009256729180,Q106501381,Talèze de Bouville,2,0,2,-2
6000000003206166961,Q106537189,Kiam,2,0,2,-2
6000000003113338107,Q106537250,Siti Rabiah,2,0,2,-2
6000000000656077713,Q106589786,YUDHA,2,0,2,-2
6000000060806900585,Q106594462,Private,2,0,2,-2
6000000060809357849,Q106594468,Private,2,0,2,-2
6000000007261786353,Q106594473,Private,2,0,2,-2
6000000007261801203,Q106594476,Private,2,0,2,-2
6000000003051193347,Q106704828,Agnès de Picquigny,2,0,2,-2
6000000000402282136,Q106780,Ferdinand von Bayern,2,0,2,-2
6000000058247799897,Q106823862,Private,2,0,2,-2
6000000058243559138,Q106823871,Private,2,0,2,-2
6000000000770294228,Q106837383,Rebecca Welles,2,0,2,-2
6000000008260562457,Q106842013,Mary Rockwell,2,0,2,-2
6000000017048044603,Q106857624,Jean Baptiste d'Oultremont,2,0,2,-2
6000000009600542761,Q106967437,Catherine d'Orléans,2,0,2,-2
5269489820380073022,Q107025302,Axel Eriksen Rosenkrantz,2,0,2,-2
6000000175943227861,Q107026076,Private,2,0,2,-2
6000000018376075023,Q107026098,Private,2,0,2,-2
6000000047687442876,Q107026118,,2,0,2,-2
6000000041195306414,Q107026124,Private,2,0,2,-2
6000000010077519812,Q107069916,Johann Wilhelm von Scharffenberg,2,0,2,-2
6000000003219772263,Q1070862,Secondotto,2,0,2,-2
6000000074747452886,Q1071329,雋 宣英,2,0,2,-2
6000000006440660165,Q107182427,William Burnham,2,0,2,-2
6000000074767648863,Q10719457,璬 隴西狄道,2,0,2,-2
6000000074767582943,Q10720135,珪 隴西狄道,2,0,2,-2
6000000004056356272,Q107211232,James Tiffany,2,0,2,-2
6000000074767506018,Q10721233,隴西狄道,2,0,2,-2
377260401250012347,Q1072294,Bonifacio III Paleologo,2,0,2,-2
6000000000728025183,Q107293863,Maria Franziska von Fürstenberg-Stühlingen,2,0,2,-2
6000000003827681362,Q107309724,Constance de Sancerre,2,0,2,-2
6000000000770982666,Q107310968,William Loomis,2,0,2,-2
6000000004994000628,Q107311371,Nathaniel Dewey,2,0,2,-2
6000000028355250318,Q107345384,Gladys Hettie Weil,2,0,2,-2
6000000003828396671,Q107401763,Hosidia,2,0,2,-2
6000000003177889496,Q107484771,Ebenezer Deming,2,0,2,-2
6000000178793554881,Q107534557,Amram IX,2,0,2,-2
6000000007795554255,Q107567500,Elizabeth Dale,2,0,2,-2
6000000000250104116,Q107621788,Stephen Tilden,2,0,2,-2
6000000000304544768,Q107621789,Nathaniel Tilden,2,0,2,-2
6000000074747331921,Q1076801,寶 道祐,2,0,2,-2
6000000006127657739,Q107693,Beatrix Zähringen,2,0,2,-2
365447742810013159,Q10795576,Jeanne de la Marche,2,0,2,-2
6000000074445492826,Q1079605,Christian Gustav Friedrich,2,0,2,-2
6000000075372508837,Q1079679,抗 道生 扶風平陵,2,0,2,-2
6000000067525850872,Q1080121,João Cosme Távora,2,0,2,-2
6000000003827484430,Q1080420,Christian III von Oldenburg,2,0,2,-2
6000000020830605140,Q1080423,Christian IV,2,0,2,-2
6000000003492083338,Q10805868,Per Olav Hansen,2,0,2,-2
5593602030250124746,Q108103857,BRM Hariadhi Anggoro,2,0,2,-2
6000000006200845080,Q108103890,Private,2,0,2,-2
6000000017538014678,Q108103905,BRAy Doenoek,2,0,2,-2
6000000003096406649,Q108103916,BRAy Sajati,2,0,2,-2
6000000017710090484,Q108104034,GKR Alit,2,0,2,-2
6000000010048879574,Q108128763,Anton Krass Langballe,2,0,2,-2
6000000002851006049,Q108133389,Morten Marthinus Haagensen,2,0,2,-2
6000000007184734542,Q108136770,Robert Roberts,2,0,2,-2
6000000001504955372,Q108180599,Ingeborg Dorothea Holgersdatter Vind,2,0,2,-2
6000000002188378262,Q10825976,Anna Brunswick-Göttingen,2,0,2,-2
6000000015163883728,Q10826855,Anna Maria Zähringen,2,0,2,-2
6000000021150725082,Q10827258,懿 元達 南蘭陵,2,0,2,-2
6000000012242833513,Q1082891,Christiane Herzogin von Sachsen-Merseburg,2,0,2,-2
6000000006979086653,Q108302032,Sarah Hurd,2,0,2,-2
6000000078347568171,Q108476078,Ebbe Munk,2,0,2,-2
6000000001504580134,Q108476105,Henrik Predbjørnsen Gyldenstierne,2,0,2,-2
6000000013238159914,Q108494571,Maecius Marullus,2,0,2,-2
6000000010111470081,Q108514305,Flavia Vespasia,2,0,2,-2
6000000003645864006,Q108540720,Plautia Major,2,0,2,-2
6000000001118737610,Q108596221,Anders Jacobsen Jakobsen Lunge,2,0,2,-2
6000000003195119832,Q108601973,Hannah Lyman,2,0,2,-2
6000000023205767571,Q108608152,Elisabeth Jernstedt,2,0,2,-2
6000000007755528298,Q108615842,Mårten,2,0,2,-2
6000000007314257051,Q108673715,Anna,2,0,2,-2
6000000002525980049,Q108674030,Kirstine Barbara,2,0,2,-2
6000000129563776900,Q108682465,晉昌冥安,2,0,2,-2
6000000001504256184,Q108718233,Claus Lyngsgård Bille,2,0,2,-2
6000000054680295946,Q108731627,Private,2,0,2,-2
6000000030259909297,Q108731733,BRAy Danukusumo(GRay Purboyeksa),2,0,2,-2
1077060,Q108743022,Robert VII dit Robin,2,0,2,-2
6000000074750425148,Q10877719,隴西狄道,2,0,2,-2
6000000074749995508,Q10877827,隴西狄道,2,0,2,-2
6000000074749816694,Q10881168,某 隴西狄道,2,0,2,-2
6000000027154423383,Q108839789,9. BPH Kertosono (KGPA Murdaningrat),2,0,2,-2
3985213,Q108840608,Kirsten Clausdatter Krumstrup,2,0,2,-2
5672735196530088740,Q108840613,Knud Jørgensen Rud,2,0,2,-2
6000000002424322085,Q108840736,Ide Bondesdatter Due,2,0,2,-2
6000000002512340903,Q108840743,Inger Axelsdatter Gøye,2,0,2,-2
6000000011368814420,Q108844010,Dmitri Alexeijevich,2,0,2,-2
6000000006444459775,Q108909576,John Ingersoll,2,0,2,-2
6000000022064388795,Q108942000,Françoise d'Espinay,2,0,2,-2
6000000103373467824,Q108942396,Louise de Pérusse des Cars,2,0,2,-2
6000000016906721392,Q109012244,Françoise de la Rochefoucauld,2,0,2,-2
6000000016906792424,Q109012247,Françoise Chabot,2,0,2,-2
6000000016459442974,Q10906751,Kristen Steffensen,2,0,2,-2
6000000024306225961,Q109071485,Mary Webster,2,0,2,-2
6000000010715469519,Q1090976,Hans Alfred Konstantin Hermann? von Kretschmann,2,0,2,-2
6000000023619649947,Q10916665,覲 思祖 河內溫縣,2,0,2,-2
6000000074767605860,Q10921565,隴西狄道,2,0,2,-2
6000000002213938255,Q109223,"Childébert ""the Just"" des Francs",2,0,2,-2
6000000074748222906,Q10922775,彬 京兆長安,2,0,2,-2
6000000074750672105,Q10923930,隴西狄道,2,0,2,-2
6000000006828534420,Q109265381,Jonas Benedicti,2,0,2,-2
6000000013880642582,Q109294347,Katharine Barbara von Baden-Durlach,2,0,2,-2
6000000002576593155,Q109301681,Terèsa,2,0,2,-2
6000000074745693885,Q10947801,白 太素 素臣 鄭州管城,2,0,2,-2
6000000007044011147,Q109535824,Mary Spencer,2,0,2,-2
6000000003645864827,Q10963713,Publius Domitius Calvisius Tullus Ruso,2,0,2,-2
6000000006727796077,Q109747,Albrecht VII von Mansfeld-Hinterort,2,0,2,-2
6000000007980708603,Q109772031,Anders,2,0,2,-2
6000000003301695229,Q109772056,John Conant,2,0,2,-2
6000000012242952208,Q109808361,Frederik Hans Walter Harbou,2,0,2,-2
6000000024739097028,Q109826,Philipp Karl,2,0,2,-2
6000000000321774092,Q10986588,Tezcatlan Miyahuatzin Of Tenochtitlan,2,0,2,-2
6000000026477227249,Q110154730,Malte Iversen Juul,2,0,2,-2
6000000004997607271,Q110154731,Iver Axelsen Juul,2,0,2,-2
6000000010384016638,Q110154732,Axel Sørensen Juel,2,0,2,-2
6000000002961902968,Q110154735,Kirsten Ovesdatter Lunge (Dyre),2,0,2,-2
6000000007470836225,Q110154737,Anne Henriksdatter Friis af Haraldskær,2,0,2,-2
6000000003765937798,Q110302753,Johan Daniel Lauritson Galtung,2,0,2,-2
6000000002853517700,Q110302756,Blanceflor Catharina Danielsdatter Orning,2,0,2,-2
4968422205310029120,Q110302785,Johannes Lauritzen Valen,2,0,2,-2
6000000001169292694,Q110302795,Elisabet Ottesdatter Orning,2,0,2,-2
6000000003009042900,Q110302842,Otte Clausen Huitfeldt,2,0,2,-2
6000000006574547090,Q110302850,Markvard,2,0,2,-2
6000000001504576918,Q110302852,Mette,2,0,2,-2
6000000001174216661,Q110302854,Hans Knudsen Steensen,2,0,2,-2
6000000016169340688,Q110302862,Karen Tetzdatter Rosengård,2,0,2,-2
6000000001815027280,Q110302864,Alhed Jørgensdatter Urne,2,0,2,-2
6000000009562696692,Q110302914,Blanceflor Knudsdatter Bildt,2,0,2,-2
6000000003274223961,Q110302998,Joachim,2,0,2,-2
6000000003274371632,Q110303001,Mette Bertelsdatter Tinhuus Skinkel,2,0,2,-2
6000000003274227585,Q110303003,Thale Nielsdatter Rosenkrantz,2,0,2,-2
6000000007980701309,Q110303006,Ide Nielsdatter Banner,2,0,2,-2
6000000006128193422,Q110303283,Anna Henriksdatter Friis,2,0,2,-2
6000000002325798114,Q110303313,Karen Bentsdatter Bille,2,0,2,-2
6000000003274216539,Q110303321,Knud Ebbesøn Ulfeldt,2,0,2,-2
6000000003274196509,Q110303323,Anne Eriksdatter Hardenberg,2,0,2,-2
6000000007980997181,Q110303368,Sophie Henriksdatter Krummedige,2,0,2,-2
6000000007570923379,Q110303375,Otte Andersen,2,0,2,-2
6000000008959709993,Q110303380,Else Holgersdatter Ulfstand,2,0,2,-2
6000000003820977773,Q110303911,Margrethe Bosdatter Flemming,2,0,2,-2
6000000002812818496,Q110303917,Erik Joachim Hardenberg,2,0,2,-2
6000000001504827433,Q110303918,Anna Corfitsdatter Rønnow,2,0,2,-2
6000000001504736447,Q110303928,Jytte Styggesdatter Banner,2,0,2,-2
6000000002750609569,Q110303930,Stygge Høeg (Banner),2,0,2,-2
6000000001504702392,Q110303931,Just Høeg (Banner),2,0,2,-2
6000000002750725514,Q110303932,Jacob Eskildsen,2,0,2,-2
6000000003859782770,Q110303944,Otte Tagesen,2,0,2,-2
6000000000294669103,Q110303956,Jytte Predbjørnsdatter Podebusk,2,0,2,-2
6000000004362531040,Q110303963,Øllegaard Jacobsdatter Huitfeldt,2,0,2,-2
5148963750620139132,Q110303967,Lisbeth Henriksdatter Friis,2,0,2,-2
6000000002929807329,Q110303970,Ide Mogensdatter Gøye,2,0,2,-2
6000000002750721519,Q110303983,Eline Nielsdatter,2,0,2,-2
6000000006910675496,Q110304104,Helvig Arentsdatter von der Kuhla,2,0,2,-2
6000000001921401608,Q110304133,Dorte Mogensdatter Friis-Frijsenborg,2,0,2,-2
6000000001504298064,Q110304154,Otto Mogensen,2,0,2,-2
6000000014212440824,Q110304343,Peder Jensen,2,0,2,-2
6000000001504296785,Q110304352,Karen Mogensdatter Gyldenstjerne,2,0,2,-2
6000000007012467765,Q110304395,Markvard,2,0,2,-2
6000000008340010041,Q110304686,Hans,2,0,2,-2
6000000008339872085,Q110304689,Birgitte Eriksdatter Norby,2,0,2,-2
6000000002237757397,Q110304692,Jørgen Eilersen,2,0,2,-2
6000000002066659062,Q110304696,Hildeborg Mogensdatter Gyldenstierne,2,0,2,-2
6000000015275073019,Q110314018,Richard V (II) baron,2,0,2,-2
6000000006802907026,Q110367573,Marina Maurice,2,0,2,-2
6000000007837059817,Q110381571,Anne,2,0,2,-2
6000000019751592021,Q110411164,Marie de Sully,2,0,2,-2
6000000001664402872,Q110457200,Brynjulf Jonsson Roos af Hjelmsäter,2,0,2,-2
6000000001701402898,Q110457778,Karen Ottesdatter Gyldenstierne,2,0,2,-2
6000000006179574171,Q110548302,Beate Albrektsdotter,2,0,2,-2
6000000003527576918,Q110548772,Margareta Johansdotter Moltke,2,0,2,-2
6000000002896852164,Q110549434,Helle Tagesdatter Hollunger,2,0,2,-2
6000000000781629074,Q110549451,Bent Torbjörnsson Torbernsson Bille,2,0,2,-2
6000000002059296342,Q110549459,Helvig Mogensdatter Gøye,2,0,2,-2
5148216423670106329,Q110549487,Anders Eriksen Ulfeldt,2,0,2,-2
6000000035369824080,Q110549488,Erik Andersen Ulfeldt,2,0,2,-2
6000000021722453836,Q110549491,Anders Jakobsen Ulfeldt,2,0,2,-2
6000000011633728103,Q110549494,Absalon Johansen Johansen Ulfeldt,2,0,2,-2
6000000002349480748,Q110549506,Corfitz Tønnesen Rønnow,2,0,2,-2
6000000002813303200,Q110549507,Tønne Nicholausen,2,0,2,-2
6000000007980977396,Q110549509,Ellen Henriksdatter Gyldenstierne,2,0,2,-2
5101278036720043911,Q110549525,Torben Jonsen,2,0,2,-2
6000000007555314291,Q110549586,Anders Stigsen Thott,2,0,2,-2
6000000007987832475,Q110549666,Catharine,2,0,2,-2
6000000002162379328,Q110549699,Christen Albrechtsøn Skeel,2,0,2,-2
6000000006444211652,Q110580552,Jeanne de Roye,2,0,2,-2
6000000003828058739,Q110580562,Charles de Mornay,2,0,2,-2
6000000001982191351,Q110586550,Antonio Fernández de Córdoba y Roxas,2,0,2,-2
6000000010878437189,Q110586594,Catalina,2,0,2,-2
6000000015715164493,Q110588199,Gabriel de La Guiche,2,0,2,-2
6000000001544453303,Q110621887,Archambaud de Vermandois,2,0,2,-2
6000000000424765030,Q110641580,Bertha de Picquigny,2,0,2,-2
6000000074750697920,Q11064948,隴西狄道,2,0,2,-2
6000000022700033207,Q11068701,垍 范陽方城,2,0,2,-2
6000000001363782992,Q110715904,Abigail Atwater,2,0,2,-2
5234703185050136669,Q110730210,James Daniel Alger,2,0,2,-2
6000000021150558686,Q11075491,彥謙 孝沖 清河,2,0,2,-2
6000000150094489821,Q11077211,渾 河南洛陽,2,0,2,-2
6000000075334215840,Q11077241,遵 勃兜,2,0,2,-2
6000000009136526221,Q110815054,Euphemia Piast-Mazovetska,2,0,2,-2
6000000074750800003,Q11087518,隴西狄道,2,0,2,-2
6000000074767273172,Q11087518,隴西狄道,2,0,2,-2
6000000006244496074,Q110884,Alaric ll,2,0,2,-2
6000000074750762940,Q11089406,隴西狄道,2,0,2,-2
6000000074750793919,Q11089661,隴西狄道,2,0,2,-2
6000000002459862166,Q110906666,Philo Strong Shelton,2,0,2,-2
6000000013869716667,Q11091436,貞幹 國葆 季洪 湖南湘鄉,2,0,2,-2
6000000012850887082,Q11091493,廣鑾 君和 湖南湘鄉,2,0,2,-2
6000000012850928490,Q11091495,廣銓 敬貽 湖南湘鄉,2,0,2,-2
6000000003493243730,Q110935065,Fernando,2,0,2,-2
6000000000218014973,Q110935091,María,2,0,2,-2
6000000019472371141,Q11093751,在 叔敬 徽州婺源,2,0,2,-2
6000000129803912821,Q11095409,元名 隴西狄道,2,0,2,-2
6000000075401413859,Q11095649,叔良 隴西狄道,2,0,2,-2
6000000075060131182,Q11096190,實 隴西狄道,2,0,2,-2
6000000074734932877,Q11096295,幼長 隴西狄道,2,0,2,-2
6000000074750434075,Q11097195,沂 隴西狄道,2,0,2,-2
6000000075402205925,Q11097412,玄道 鄭州管城,2,0,2,-2
6000000017522820282,Q11097477,璋 隴西狄道,2,0,2,-2
6000000074734824981,Q11097529,真 隴西狄道,2,0,2,-2
6000000074735329020,Q11097545,禕 京兆長安,2,0,2,-2
6000000074750325275,Q11097704,總 隴西狄道,2,0,2,-2
6000000074750608999,Q11097728,縱 隴西狄道,2,0,2,-2
6000000074750325987,Q11097800,緝 隴西狄道,2,0,2,-2
6000000074750216204,Q11098007,諶 隴西狄道,2,0,2,-2
6000000074750185374,Q11098125,逵 隴西狄道,2,0,2,-2
6000000074750811889,Q11098126,逸 隴西狄道,2,0,2,-2
6000000074750942842,Q11098130,遇 隴西狄道,2,0,2,-2
6000000075335027115,Q11098137,道古 某 河南府,2,0,2,-2
6000000017553753538,Q11102246,雄 威惠 弘農華陰,2,0,2,-2
6000000021121709617,Q11109368,亨 河東解縣,2,0,2,-2
6000000075405892929,Q11109985,玭 河東解縣,2,0,2,-2
6000000014877320626,Q111140786,Anna Romanovna Drutska-Lubetska,2,0,2,-2
6000000074750602122,Q11132428,隴西狄道,2,0,2,-2
6000000010535101230,Q111467146,Eustace,2,0,2,-2
6000000007273347425,Q111507150,Sarah Huntington,2,0,2,-2
6000000019723682299,Q111534337,Muzakë Arianiti,2,0,2,-2
6000000022892723008,Q1116924,Daphne van Beuren Bayne,2,0,2,-2
6000000015553628320,Q111765896,George Washington Ball,2,0,2,-2
6000000048752116846,Q111906847,Bogdan,2,0,2,-2
6000000042842962221,Q111906852,Anna Solomeretska,2,0,2,-2
6000000032200328462,Q11194210,Agnieszka cieszyńska,2,0,2,-2
4973107094410039118,Q111988868,Anne Mouridsdatter Gyldenstierne,2,0,2,-2
6000000001504585832,Q111989139,Lisbeth Andersdatter Bille,2,0,2,-2
5149480860930046871,Q111989161,Christoffer Ovesen,2,0,2,-2
6000000004848880029,Q111989337,Henneke,2,0,2,-2
6000000003396064191,Q112540572,Karen Axelsdatter Urup,2,0,2,-2
6000000002750625234,Q112540574,Axel Henrikson Urup,2,0,2,-2
6000000001169163947,Q112540577,Henrik Eriksen Urup,2,0,2,-2
6000000001349209195,Q112540584,Karen Iversdatter Jernskjegg Baden,2,0,2,-2
6000000001652930136,Q112540590,Karen Olufsdatter Galde,2,0,2,-2
6000000009887876371,Q112540649,Claus Ottesen Huitfeldt,2,0,2,-2
6000000015319898890,Q1125744,Guglielmo VIII,2,0,2,-2
6000000003213883448,Q112620276,Abdoel Latif Chatib Dinagari,2,0,2,-2
6000000003196936080,Q112620366,Fatimah,2,0,2,-2
6000000011197294206,Q112671580,"Ivan Ivanovich ""Manynda""",2,0,2,-2
6000000053352758029,Q112683713,Morley Morley,2,0,2,-2
6000000018175300844,Q112683787,其純 筱舜 湖南衡山,2,0,2,-2
6000000018117884205,Q112789928,Elena,2,0,2,-2
6000000014163172267,Q112892752,René Marie Louis,2,0,2,-2
1825560,Q112959102,Samuel Wells,2,0,2,-2
6000000012756719203,Q112970869,Brita Sofia Strömberg,2,0,2,-2
6000000000631832372,Q112974047,Elisabet Olofsdotter Bure,2,0,2,-2
6000000017393874037,Q112998972,Carl Dubbe,2,0,2,-2
6000000030546860889,Q113025929,Annia Annullinus,2,0,2,-2
6000000003828392223,Q113026350,Cossinia,2,0,2,-2
6000000000628704396,Q113088898,Elizabeth Wickham,2,0,2,-2
6000000007836779940,Q113101278,Anne de Croy,2,0,2,-2
6000000047585948236,Q11318511,湛之 休玄 河南陽翟,2,0,2,-2
6000000010942456696,Q113411919,Dmitry Andreivich Андреевич,2,0,2,-2
6000000031936661645,Q11352856,末徳,2,0,2,-2
6000000041108294295,Q113558719,Abner,2,0,2,-2
6000000075343357695,Q11371938,寔 賓實 河南洛陽,2,0,2,-2
6000000012620311372,Q11374482,高知,2,0,2,-2
6000000008308001758,Q113889634,Nathaniel Loomis,2,0,2,-2
6000000016656575488,Q11397421,Toshitsugu Maeda,2,0,2,-2
4304466546090010445,Q11398749,Hisaakira Kanō,2,0,2,-2
6000000001760353891,Q11400603,Haruko 新上東門院 Kajuji,2,0,2,-2
6000000002649969062,Q114458288,Lucy Elizabeth Payne Washington,2,0,2,-2
6000000075344530876,Q11477184,謙 士逊 博陵安平,2,0,2,-2
6000000001121923076,Q114783908,Dorcas Abbott,2,0,2,-2
6000000002800809969,Q114797133,Thankful Dickinson,2,0,2,-2
6000000075334015957,Q11497785,素 素連,2,0,2,-2
6000000150094767821,Q11497789,霄 飛龍 河南洛陽,2,0,2,-2
6000000012562127252,Q11499521,Atsumi敦実,2,0,2,-2
6000000012827501848,Q11515259,國華 溫甫 湖南湘鄉,2,0,2,-2
6000000013925055516,Q1152252,Francesco,2,0,2,-2
6000000016647829329,Q115273244,Salomon de Lévis,2,0,2,-2
6000000000491266829,Q115284074,Mary Nowell,2,0,2,-2
6000000008937077865,Q115329302,Karen Ottedatter Marsvin,2,0,2,-2
6000000001450476253,Q1154373,Anicia Faltonia Proba Proba,2,0,2,-2
6000000004868902156,Q115482993,Catherine,2,0,2,-2
6000000012035377162,Q11551398,Yasutaro Egashira,2,0,2,-2
6000000012570700607,Q11551817,宣政,2,0,2,-2
6000000001845196182,Q115573674,Nathaniel Loomis,2,0,2,-2
6000000069641063182,Q115574602,Jerijah Loomis,2,0,2,-2
6000000008997317587,Q115574921,Timothy Webster,2,0,2,-2
6000000010000078076,Q115589605,Mogens Arenfeldt,2,0,2,-2
6000000001302183578,Q115631545,John Dewey,2,0,2,-2
6000000002060401043,Q115631572,Elizabeth Lyman,2,0,2,-2
6000000002187764877,Q115633982,Adele de Ponthieu,2,0,2,-2
6000000006907024176,Q115695627,John Woodward,2,0,2,-2
6000000000869367367,Q115695630,Anna Dewey,2,0,2,-2
6000000075402541921,Q11571519,永業 河南洛陽,2,0,2,-2
6000000003005311314,Q115779370,Rebecca Snow,2,0,2,-2
6000000075344720515,Q11581516,奕 范陽涿縣,2,0,2,-2
6000000055770661558,Q11581523,愷 長仁 范陽涿縣,2,0,2,-2
5685893375670060972,Q115861033,Enoch Drake,2,0,2,-2
6000000054227092977,Q115861185,Josiah Standish,2,0,2,-2
6000000012032376330,Q115861186,Sarah Cary,2,0,2,-2
6000000007344343503,Q115870618,Elisabeth Munck af Fulkila,2,0,2,-2
6000000006727986011,Q115916312,Joseph Morse,2,0,2,-2
6000000003051199817,Q116005489,Guillaume/William de Saint-Omer,2,0,2,-2
6000000007033906052,Q116006299,Guigonne de Peyre,2,0,2,-2
6000000010010417605,Q116032593,Flemming,2,0,2,-2
6000000010010304172,Q116032594,Margrethe Markorsdatter Rodsteen,2,0,2,-2
6000000015389528653,Q116040734,Marguerite de Rye de La Palud,2,0,2,-2
6000000028769974209,Q116052802,Gwenllian verch Rhys,2,0,2,-2
6000000012570768600,Q11606006,護竝,2,0,2,-2
6000000004533182543,Q1161249,Obizzo I,2,0,2,-2
5101289224620044006,Q116150298,Jon Jonsen,2,0,2,-2
6000000001563106888,Q116179712,Hannah Keith,2,0,2,-2
6000000075398732965,Q11622107,穎士 茂挺 南蘭陵,2,0,2,-2
6000000074749346068,Q11622253,謹 法順 河東汾陰,2,0,2,-2
6000000075328527844,Q11633164,通 文朝 河南洛陽,2,0,2,-2
6000000016651884785,Q11644240,Miiko Maeda,2,0,2,-2
6000000074759780919,Q11663944,洸 世穆 京兆杜陵,2,0,2,-2
6000000002475873098,Q116698263,Jean de Mornay,2,0,2,-2
6000000012571036273,Q11670089,正善,2,0,2,-2
6000000000652291220,Q116811517,Mary Rogers,2,0,2,-2
6000000001023157027,Q116977061,Hallkjell Agmundson Seim,2,0,2,-2
6000000008496882971,Q116977296,Olof,2,0,2,-2
6000000039300214907,Q11718931,Jonas Янович Sapiega,2,0,2,-2
6000000007602835717,Q117311460,Constantia Pearson,2,0,2,-2
6000000008787610671,Q117314046,Hannah Lee Washington,2,0,2,-2
6000000015359843054,Q117324763,Francesca Paleólogo,2,0,2,-2
6000000003828228087,Q117325017,Pietrina Franco,2,0,2,-2
6000000006596522813,Q117336397,John Lee,2,0,2,-2
6000000013787498573,Q11737019,Katarzyna Melsztyńska h. Leliwa,2,0,2,-2
6000000014947889571,Q11738133,Kazimierz Mikołaj Sapieha,2,0,2,-2
6000000036933995881,Q11767369,Marceli Adam Konstantas Mykolas Feliksas Czartoryski,2,0,2,-2
6000000025758252439,Q11778972,Michał Piotr,2,0,2,-2
6000000004993062357,Q118153795,Abigail Saxton,2,0,2,-2
6000000000609971523,Q118475,Otto Heinrich von Braunschweig Lüneburg,2,0,2,-2
6000000074733240862,Q1190405,昭文 季尚 南蘭陵,2,0,2,-2
6000000012015909525,Q11905640,Anna Katharina von Sayn-Wittgenstein,2,0,2,-2
6000000003827484857,Q11917962,Eberhard Georg Friedrich Rappoltstein,2,0,2,-2
6000000001504701839,Q11918884,Elisabeth,2,0,2,-2
6000000003827355983,Q11921761,Philippine Henriette Grafin zu Hohenlohe-Langenburg,2,0,2,-2
6000000001917125053,Q11928045,Johanna,2,0,2,-2
6000000006727746617,Q11928267,Georg Albrecht von Erbach-Breuberg,2,0,2,-2
6000000022906032588,Q119323,Joshua Reed,2,0,2,-2
6000000053691795821,Q119354,Ernst Hohenzollern,2,0,2,-2
6000000012619900888,Q1194944,光圀,2,0,2,-2
6000000015100582534,Q1195134,Ole-Jacob Jacob Hansen,2,0,2,-2
6000000022922052307,Q119521705,Arnould d'Oreye Rummen,2,0,2,-2
289226275560008023,Q11959866,Axel Andersson Mowat,2,0,2,-2
6000000008162156304,Q11973944,Hans Gabriel Finne,2,0,2,-2
6000000002903084954,Q11979168,Jon Mogenssøn,2,0,2,-2
6000000001838588451,Q11979685,Jørgen Erikssøn,2,0,2,-2
6000000007959864423,Q11983462,Lauritz Clausen Scavenius,2,0,2,-2
6000000002574481553,Q11988675,Mathias,2,0,2,-2
6000000003094988641,Q11993404,Olaus Olson Eskeland,2,0,2,-2
6000000001504702193,Q11994412,Otto Christian,2,0,2,-2
6000000003206198552,Q119992929,Siti Asiah/Ebe,2,0,2,-2
6000000003113394022,Q119998808,Boenta (Toeo Oeak),2,0,2,-2
6000000005421141184,Q12006062,Thomas Cortsen,2,0,2,-2
6000000002556488268,Q120143014,John Hitchcock,2,0,2,-2
6000000029720322213,Q120599757,Mary Berkeley,2,0,2,-2
6000000041003161813,Q120753313,Eliza Ann Waterman,2,0,2,-2
6000000014979783806,Q121130525,Elena Sapiega,2,0,2,-2
6000000027233055058,Q12119006,Lucius Cornelius Sulla,2,0,2,-2
6000000002994865324,Q121199578,Zacharias Jonsson,2,0,2,-2
6000000008034325268,Q121219,Nikolaus III Mecklenburg,2,0,2,-2
6000000003390696067,Q12136800,Vasyl Фёдорович,2,0,2,-2
6000000003937855973,Q121464315,Jeremiah Fitch,2,0,2,-2
6000000024824334680,Q121475658,Teodor ks. Sołomerecki,2,0,2,-2
6000000046000722989,Q121475991,Jurgis,2,0,2,-2
6000000042843020978,Q12154426,Jan Bazyli Teodor Иванович,2,0,2,-2
6000000037029637612,Q121941,Margaretha von Waldeck-Wildungen,2,0,2,-2
6000000002802269239,Q122258936,Hannah Brüll,2,0,2,-2
6000000017340819810,Q122359512,Anna van Schoonhoven,2,0,2,-2
6000000037626501904,Q1223703,DIETRICH Karl August,2,0,2,-2
6000000008640629738,Q1223929,Dietrich Luf I Graf von Saarbrücken,2,0,2,-2
6000000001382780757,Q122441585,Noah Cook,2,0,2,-2
6000000008779373260,Q122441875,Anna Maria Thomasina Blackburn,2,0,2,-2
6000000142888931881,Q1224426,Nazareno Strampelli,2,0,2,-2
6000000014981422152,Q122442617,Elžbieta Teofilė Sapiegaitė,2,0,2,-2
6000000218616664822,Q122442832,Katarzyna Львовна Sapieha,2,0,2,-2
6000000009438016327,Q1225299,Gnaeus Arrius Antoninus Calpernius,2,0,2,-2
6000000009542594673,Q122590372,Kristina Sapiegaitė,2,0,2,-2
6000000040546984930,Q122723029,Teresa Николаевна Sapieha,2,0,2,-2
6000000041881680816,Q122733442,Usai,2,0,2,-2
6000000006727778396,Q122794,Sophia Hedwig of Brunswick-Wolfenbüttel,2,0,2,-2
6000000012715403176,Q12282789,Quinctia Quinctius,2,0,2,-2
6000000006901336072,Q12286061,Marcus Atius Balbus,2,0,2,-2
6000000001511313911,Q12286097,Marcus Cocceius Nerva,2,0,2,-2
6000000000954158578,Q122902606,Isabella Maria Buonaparte,2,0,2,-2
6000000019399387271,Q122925433,Maryna Sapieha,2,0,2,-2
4949007968210124576,Q1229431,Caius,2,0,2,-2
6000000003828385763,Q12295764,Sulpicia Praetextata,2,0,2,-2
353440830330013057,Q122961015,Tora Guttormsdotter Vik,2,0,2,-2
6000000005757895476,Q12297787,Fulvia (or Crossutia),2,0,2,-2
6000000003645864206,Q12297788,Fulvia Pia,2,0,2,-2
6000000022219258442,Q123018254,Henriette Oriane de Montesquiou Fézensac,2,0,2,-2
6000000002624281002,Q12301969,Anthon Jacob,2,0,2,-2
6000000001504810530,Q12303741,Bjørn Christophersen Ulfeldt,2,0,2,-2
6000000002853936500,Q12306477,Claus,2,0,2,-2
4967695136000069308,Q12310365,Erik Christensen Krag,2,0,2,-2
6000000001504827168,Q12310395,Erik Nielsen,2,0,2,-2
6000000000769841369,Q12310403,Erik Ottesen Rosenkrantz,2,0,2,-2
6000000000037773272,Q1231049,García Ennecones,2,0,2,-2
6000000005578027461,Q123122524,Jean dit le Riche,2,0,2,-2
6000000011671418897,Q12312574,Frederik Christian Kaas,2,0,2,-2
6000000004543633145,Q12315283,Hans Christopher Hersleb,2,0,2,-2
6000000001814932859,Q12315436,Hans Jørgensen,2,0,2,-2
6000000003228443939,Q12316314,Henrik,2,0,2,-2
5468336347670037531,Q12316394,Henrik Knudsen Gyldenstierne,2,0,2,-2
6000000008148150507,Q12316404,Henrik Jørgensøn,2,0,2,-2
6000000007615947937,Q12316434,Henrik,2,0,2,-2
6000000017202411324,Q12319484,Jens,2,0,2,-2
5200503659990088346,Q12319771,Joachim von Schack,2,0,2,-2
6000000001814639753,Q12320803,Jørgen,2,0,2,-2
6000000002955343855,Q12320830,Jørgen Pedersøn Lykke,2,0,2,-2
6000000018179645851,Q12322311,Knud Henriksson,2,0,2,-2
6000000002979808139,Q123224479,Esther Judson,2,0,2,-2
6000000012659412721,Q123239266,Sibilla,2,0,2,-2
6000000010252130178,Q12324026,Laurids Sørensen,2,0,2,-2
6000000009046504183,Q12328698,Niels Andersen Friis,2,0,2,-2
6000000007549179716,Q123299837,Petter Friderich Bassøe,2,0,2,-2
6000000010562890452,Q12330209,Oluf Hansen Bang,2,0,2,-2
6000000011287988028,Q12330236,Oluf Christoffersen Parsberg,2,0,2,-2
6000000002014118051,Q12330518,Otte Christoffer Holgersen,2,0,2,-2
6000000006323426096,Q12330603,Otto Rantzau,2,0,2,-2
6000000000211341370,Q12330666,Ove Frederiksen,2,0,2,-2
6000000022039331506,Q12330674,Ove Rammel Sehested,2,0,2,-2
6000000012762929983,Q1233627,Marcus Licinius Crassus Frugi,2,0,2,-2
6000000017898259106,Q12339511,Toke Troll/Trold,2,0,2,-2
6000000020993059053,Q123399744,NN Iziaslavovna Рюриковичи,2,0,2,-2
6000000002955359096,Q12340468,Valdemar Vernersen Parsberg,2,0,2,-2
6000000001504296538,Q12340740,Verner Tønnesen,2,0,2,-2
6000000003122422509,Q123439878,Bérenger III de Guilhem,2,0,2,-2
6000000000438446858,Q123580363,Mehitable Porter,2,0,2,-2
6000000003939180841,Q123628082,John Calkins,2,0,2,-2
6000000023232979000,Q123702038,Robert Douglas,2,0,2,-2
6000000017667708485,Q123786565,Hieronymus van Tuyll van Serooskerke,2,0,2,-2
6000000015519620271,Q123900621,Amy Avery,2,0,2,-2
6000000008260486142,Q123900917,Hannah Wells,2,0,2,-2
6000000000550115825,Q123915896,Thomas Washburn,2,0,2,-2
6000000008010371409,Q1240084,Michael Megas,2,0,2,-2
6000000007043219365,Q124156483,Martha Porter,2,0,2,-2
6000000003525477148,Q124171477,Frederica Augusta von Heusner,2,0,2,-2
6000000000462705961,Q124221102,Peace Davis,2,0,2,-2
6000000010693046257,Q124253818,Anne Victoire Andrée Massena d'Esslingen,2,0,2,-2
6000000017971623013,Q124316513,Дмитрий Кропотка Васильевич,2,0,2,-2
6000000007294677484,Q1246227,"Dorothea Louise Schleswig-Holstein, Oldenburg",2,0,2,-2
6000000013063022415,Q124662702,Anna Crossman,2,0,2,-2
6000000013341417082,Q12502557,Ir RM Pandji Soerachman,2,0,2,-2
6000000003077309639,Q125053162,Abigail Stanley,2,0,2,-2
6000000006190655365,Q12506315,BRM Tinggartala / GBPH Prabuningrat,2,0,2,-2
6000000018681969001,Q12507699,Siti Rahayu,2,0,2,-2
6000000000474917048,Q125255552,Ebenezer Flint,2,0,2,-2
6000000017008703398,Q125331161,Noah Chapin,2,0,2,-2
6000000005415059502,Q125427978,Odiah Loomis,2,0,2,-2
6000000002303540423,Q125427982,Rebecca Porter,2,0,2,-2
6000000016710031853,Q125511415,Juliana Catharina van Portugal,2,0,2,-2
6000000007574097229,Q125636701,Increase Child,2,0,2,-2
6000000044393060881,Q126191990,Andrey Semenovich,2,0,2,-2
6000000050420354827,Q126191992,Gleb Семенович,2,0,2,-2
6000000012297033576,Q126710833,Elizabeth Burgess Ball,2,0,2,-2
6000000013020969246,Q126717816,Maria Komnene,2,0,2,-2
6000000003086695210,Q1267706,Charles d'Evreux,2,0,2,-2
6000000002498289927,Q126871642,Jonathan Ashley Saxton,2,0,2,-2
6000000002498500269,Q126871644,Rufus Sexton,2,0,2,-2
6000000002498661129,Q126871645,Rebecca Barnard,2,0,2,-2
6000000013670835972,Q126871768,Nathan Douglas,2,0,2,-2
6000000005403419260,Q126887880,Nicholas Davis,2,0,2,-2
4699217274530024314,Q126949709,Carl Gustaf Persson Gavelius,2,0,2,-2
6000000016096649415,Q126954180,Ezra,2,0,2,-2
6000000020361115822,Q127038648,Feodsya Фёдоровна Vorotynska,2,0,2,-2
6000000014192325711,Q127097415,Mstislav Святославич,2,0,2,-2
6000000000350979840,Q1271722,Áed Findliath mac Niall,2,0,2,-2
6000000007315933705,Q127398,Moshe,2,0,2,-2
6000000003075714817,Q127520497,Ebenezer Atwater,2,0,2,-2
6000000058726047944,Q127608251,Rebecca Leonard,2,0,2,-2
6000000000424947819,Q127608256,Mary Bassett,2,0,2,-2
6000000004260585498,Q127608257,Joseph Bassett,2,0,2,-2
6000000038327129547,Q127939694,Jacques le Paillard,2,0,2,-2
6000000032057645475,Q128210395,Isaac Jones,2,0,2,-2
6000000029577911261,Q1286436,Wiltrud,2,0,2,-2
6000000002598542046,Q128909491,Grigori Борисович Glinski,2,0,2,-2
6000000002119248024,Q1292998,Caderyn Fendigaid ap Gwrtheyrn,2,0,2,-2
6000000008462895214,Q1293376,Justinian / Ioustinianos,2,0,2,-2
6000000006727863085,Q129404479,Anna-Bucha Euphemia Андреевна of Lutsk and Volyn,2,0,2,-2
6000000008753211887,Q129839493,Hannah Porter,2,0,2,-2
6000000037694022261,Q130261517,Ephraim,2,0,2,-2
6000000057543875973,Q130261540,Samuel Brewster,2,0,2,-2
6000000048119451021,Q130288237,Mitko (Demetrius) David,2,0,2,-2
6000000014948998134,Q13029013,"Vasil ""the Handsome"" Semionovich",2,0,2,-2
6000000000474856176,Q130301691,Nathaniel,2,0,2,-2
6000000001754619449,Q130301720,Samuel Porter,2,0,2,-2
6000000019587777673,Q13030451,Глеб Рогволодович,2,0,2,-2
6000000011770178436,Q13030454,Gleb Rostislavich Prince of Drutsk,2,0,2,-2
6000000006727832888,Q130326262,Jadvyga Tautvilaitė Gediminds,2,0,2,-2
6000000016498633659,Q130350582,Eiler Gertsen Bryske,2,0,2,-2
6000000003196873738,Q130356056,Liah,2,0,2,-2
6000000033242198862,Q130389646,Hleb Liev Кориатович Gediminids,2,0,2,-2
6000000015151453696,Q130390481,Anastasia Vladimirovna Gediminid,2,0,2,-2
6000000011422947638,Q130530515,Vasili Romanovich Друцки-Любецкий,2,0,2,-2
6000000026037585901,Q130530741,Giulio Borghese,2,0,2,-2
6000000008876841001,Q130735410,Anna Fyodorovna Vorotynska,2,0,2,-2
6000000008873423348,Q130735546,Мария Юрьевна Сабурова,2,0,2,-2
6000000003827674220,Q130741244,Sophia,2,0,2,-2
6000000002041979470,Q1310403,"Geoffroy ""Ferréol"" de Gâtinais",2,0,2,-2
6000000000701212421,Q131144002,Davydovna of Smolensk,2,0,2,-2
6000000006727944185,Q1311712,William IV d'Aubigny,2,0,2,-2
6000000002459902739,Q13129268,Iorwerth Drwyndwn ab Owain,2,0,2,-2
867801,Q131316288,Abigail Atwater,2,0,2,-2
6000000007511893131,Q131317316,Barbara Lenaea,2,0,2,-2
6000000041772342144,Q13132802,Alexander Юрьевич Slutsky,2,0,2,-2
6000000038144138970,Q13132811,Aleksandras,2,0,2,-2
6000000017755895641,Q131364514,Jedediah DAVIS,2,0,2,-2
6000000005415106598,Q131366960,Nathaniel Drake,2,0,2,-2
6000000050414782834,Q131385562,Avdotia Olelkovich,2,0,2,-2
6000000050414233187,Q131385613,"Teodora ""Fedka"" Olelkovich",2,0,2,-2
6000000015186984982,Q131429109,Eustachius Tyszkiewicz,2,0,2,-2
6000000006110947736,Q131441540,Ruth Bassett,2,0,2,-2
6000000001063166988,Q131552,Catherine de' Medici,2,0,2,-2
6000000002250687407,Q131584169,Charles Lee,2,0,2,-2
6000000002249509612,Q131626658,Private,2,0,2,-2
6000000011284690213,Q131630791,Ichabod Loomis,2,0,2,-2
6000000003219768232,Q131691,Arthur Wesley,2,0,2,-2
6000000020377710099,Q131762006,Peter Vassilyevitsch Васильевич,2,0,2,-2
6000000002860886655,Q131765783,Joshua Atwater,2,0,2,-2
6000000002814107346,Q131860480,Birgit Olofsdotter,2,0,2,-2
6000000016132303589,Q131918098,Isabel de Castro,2,0,2,-2
6000000044254550210,Q131931077,Andrey,2,0,2,-2
6000000206362882867,Q131931079,Teodora Федорівна Sangushko,2,0,2,-2
6000000015646198900,Q131959,Philippe Chabot,2,0,2,-2
6000000173984728808,Q132156463,Неизвестная Святославна,2,0,2,-2
5332810693860046806,Q132286,Simon L'Ainé de Montfort,2,0,2,-2
6000000003195160247,Q132571394,Joseph,2,0,2,-2
6000000044548783929,Q132731725,Иван,2,0,2,-2
6000000007293173727,Q1328054,Eleonore Charlotte Askanier,2,0,2,-2
6000000014546262683,Q132861787,Frances Fielding Lewis,2,0,2,-2
6000000015129246750,Q1330124,Elżbieta Maria Karolina von Pfalz-Simmern,2,0,2,-2
6000000015331464653,Q1330397,Elisabeth von Bayern-Landshut,2,0,2,-2
6000000003827542188,Q1330461,Elisabeth von Maltitz,2,0,2,-2
6000000018047774115,Q133257763,Erkenraedt van Berkenrode,2,0,2,-2
6000000006441084619,Q133282853,Sarah White,2,0,2,-2
6000000005584219764,Q133307904,Margrethe Henriksdatter Gyldenstierne,2,0,2,-2
6000000069645585276,Q133311692,Jan van Berckenrode,2,0,2,-2
6000000129573912099,Q133447366,博陵,2,0,2,-2
6000000129575896873,Q133447420,隴西狄道,2,0,2,-2
6000000129658992826,Q133447479,汝南安成,2,0,2,-2
6000000144630198831,Q133467845,范陽涿縣,2,0,2,-2
6000000055762383387,Q133467855,滎陽開封,2,0,2,-2
6000000052128327889,Q133467857,趙郡平棘,2,0,2,-2
6000000144631801821,Q133467864,長妃 隴西狄道,2,0,2,-2
6000000055769424866,Q133468018,滎陽開封,2,0,2,-2
6000000011811131684,Q1334779,Manuel Teles da Silva Meneses e Castro,2,0,2,-2
6000000146708380419,Q133582702,琅邪臨沂,2,0,2,-2
6000000175676287858,Q1337332,Emilie Victoria Kraus,2,0,2,-2
6000000019670692602,Q133855,Guillaume (Wilhelm Apolinary) Kostrowicki,2,0,2,-2
6000000002980191996,Q1339109,Etienne,2,0,2,-2
6000000146710896877,Q134029470,京兆萬年,2,0,2,-2
6000000006864186180,Q1340512,William,2,0,2,-2
6000000146209606899,Q134082096,江陵,2,0,2,-2
6000000054111617979,Q134097625,琅邪臨沂,2,0,2,-2
6000000023701655958,Q134098549,沛國譙縣,2,0,2,-2
6000000002896930553,Q1341630,Enevold Tygesen Kruse,2,0,2,-2
6000000007980997177,Q1343774,Esge Pedersen Bille,2,0,2,-2
6000000038265812556,Q134409608,William Lyttleton Savage,2,0,2,-2
6000000002172603256,Q134409679,Nathaniel Littleton Savage,2,0,2,-2
6000000009025893077,Q1345866,"Eudes ""Odo""",2,0,2,-2
6000000008785883861,Q13478538,Lyubava Vasilkovna of Vitebsk,2,0,2,-2
6000000002240822537,Q13478569,Alexandra (Paraskeva) Bryachislavna Полоцкая,2,0,2,-2
6000000016775768352,Q13478591,Paraskeva ? Брячиславна of Vitebsk,2,0,2,-2
6000000008451449241,Q134878880,Richard Johns,2,0,2,-2
6000000013182801838,Q1348795,Guillaume de Joyeuse,2,0,2,-2
6000000011017777945,Q134971665,Catherine Nevill,2,0,2,-2
6000000027346467804,Q134985393,Nauhyotl of Culhuacan,2,0,2,-2
6000000129873083834,Q134985395,Toxochipanatzin - Xochipantzin (Tolteca),2,0,2,-2
6000000052947217267,Q134985734,Ines Cortés,2,0,2,-2
6000000052947905982,Q134985741,Maria Cortés,2,0,2,-2
6000000031989513950,Q134985743,Juana,2,0,2,-2
6000000012060506669,Q134985823,Tezozomoctli Acolnahuacatl,2,0,2,-2
6000000003493301364,Q134985829,Antonio Pimentel Ponce de Leon,2,0,2,-2
6000000013175352484,Q134985830,Claudio,2,0,2,-2
6000000012224621046,Q134985843,Juana de Córdoba y Enríquez de Ribera,2,0,2,-2
6000000003896071395,Q134985897,Sebastían de Narriahondo Oñate,2,0,2,-2
6000000005598882201,Q134985899,María Pérez de Oñate,2,0,2,-2
6000000003896577202,Q134985931,Hernando Sánchez Pizarro,2,0,2,-2
6000000009635798225,Q134985932,Martín,2,0,2,-2
6000000051039864215,Q134985936,Hernando Alonso Pizarro de Orellana,2,0,2,-2
6000000000351504653,Q134985984,Azcaxóchitl - Azcatl Xochitl,2,0,2,-2
6000000129872674917,Q134985994,Pachotl,2,0,2,-2
6000000003493243697,Q134986141,Martín,2,0,2,-2
6000000015865744129,Q134986306,Hernando Pedro,2,0,2,-2
6000000045461377821,Q134986314,María Andrea de Jesús Fernández de Córdoba y Enríquez de Ribera,2,0,2,-2
5302730665420049530,Q134986323,Juan Diego,2,0,2,-2
6000000060001809033,Q134986329,Aztec Empire Ines Tecuipicho de Moctezuma,2,0,2,-2
6000000013175312510,Q134986335,Antonio,2,0,2,-2
6000000012225603128,Q134986337,Luis,2,0,2,-2
6000000074175714045,Q134986338,Francisco de Guzmán y Córdoba,2,0,2,-2
6000000001758859417,Q134986345,Alonso Álvarez de Toledo y Padilla,2,0,2,-2
6000000004559929425,Q134986346,Elvira,2,0,2,-2
6000000003588893167,Q134986398,Constanza,2,0,2,-2
6000000052902875852,Q134986447,,2,0,2,-2
6000000040243424148,Q134986505,Maria,2,0,2,-2
6000000003493138783,Q134986619,Juan,2,0,2,-2
6000000003896300947,Q134986634,Juan de Tolosa Cortés de Moctezuma,2,0,2,-2
6000000028174139946,Q134986680,(Unknown) de Zaldívar,2,0,2,-2
6000000000203423714,Q134986749,Juan Cano de Moctezuma,2,0,2,-2
6000000010798123830,Q13512567,Vasilko Bryanchislavich,2,0,2,-2
6000000019846994347,Q135196184,Hancock Eustace,2,0,2,-2
6000000001816940319,Q135196210,John Mason McCarty,2,0,2,-2
6000000001180338720,Q135196215,Daniel McCarty,2,0,2,-2
6000000003928156495,Q135196217,Daniel Daniel McCarty,2,0,2,-2
6000000004533321109,Q135218115,Sigrid Nikulasdatter,2,0,2,-2
6000000146211182871,Q135273749,唐,2,0,2,-2
6000000009101183158,Q1354170,Erik,2,0,2,-2
6000000015818874661,Q135437655,André Murat,2,0,2,-2
6000000003562217153,Q135479880,Margareta Königsdotter,2,0,2,-2
6000000178795717823,Q135489805,Levi V,2,0,2,-2
5493207689730139868,Q135492989,Joseph Seldon,2,0,2,-2
6000000007980739327,Q135527736,Herborg Baardsdatter Bárðardóttir,2,0,2,-2
6000000006366476466,Q1355968,Georg IV von Ortenburg-Neuortenburg,2,0,2,-2
6000000006727853670,Q1356639,Ernestine Yolande de Ligne,2,0,2,-2
6000000003355541511,Q1358824,Marcus Junius Brutus,2,0,2,-2
6000000050135951867,Q13592369,Andrey Vsevolodovich,2,0,2,-2
6000000001753227880,Q1362070,Franz Julius Askanier,2,0,2,-2
6000000010534083912,Q136314043,David Isaac,2,0,2,-2
6000000000642015406,Q1363300,Waleran IV de Beaumont,2,0,2,-2
4972949480700115250,Q136376271,Erik Hardenberg Henrikssen Gyllenstierna,2,0,2,-2
4972944684900103536,Q136376278,Birte Fredriksdatter Reedtz,2,0,2,-2
4956444637700125722,Q136411203,Anders Nielsen Sehested,2,0,2,-2
4973011274330029032,Q136411204,Elisabeth Andersdatter,2,0,2,-2
6000000000164280974,Q1364180,"Robert ""Le Bossu"" de Beaumont",2,0,2,-2
6000000014764077548,Q136523078,Knud Knudsen,2,0,2,-2
6000000018228736143,Q136523400,Karen,2,0,2,-2
6000000106208558884,Q136613754,Zenon Pierre François,2,0,2,-2
6000000015164383354,Q1366369,Giulio Feltrio,2,0,2,-2
6000000022542806556,Q136758407,Baptistine Julie Blait de Villeneufve,2,0,2,-2
6000000003827576681,Q136790107,Ranulph I d'Limoges,2,0,2,-2
6000000000295941280,Q1372062,Clement Andersen Clementsen Munk,2,0,2,-2
6000000000316543797,Q1372249,Anicius Hermogenianus Olybrius,2,0,2,-2
6000000102783109005,Q137265763,Fides Gabriele von Herder,2,0,2,-2
6000000002539596479,Q1373764,RAAA Kartini Djojoadhiningrat (RA Kartini),2,0,2,-2
6000000009134335709,Q137427718,Liubartas,2,0,2,-2
6000000037852620389,Q137569957,Ercole,2,0,2,-2
6000000024686040842,Q1376151,Philip Arthur Fisher,2,0,2,-2
6000000001504838840,Q137650424,Jens Mogensen Sehested,2,0,2,-2
4683853949840074410,Q1376588,"Hernando ""Hernandarias"" Arias de Saavedra",2,0,2,-2
6000000002188578947,Q1377908,Jean de Valois,2,0,2,-2
6000000000471176865,Q1384994,Władysław Odonic Piast,2,0,2,-2
4321093289530030615,Q1386429,Jacques,2,0,2,-2
6000000010393453710,Q138808460,Mayer Bernheimer,2,0,2,-2
6000000001563350697,Q1388132,Raoul I de Coucy,2,0,2,-2
6000000014142059086,Q138840264,Markus Samuel Schmelkes,2,0,2,-2
6000000018848734100,Q138872844,Lucretia (Lovena) Kellogg,2,0,2,-2
6000000006208093650,Q138872900,Mary Lewis,2,0,2,-2
6000000006444746169,Q1389348,Bertrand de la Tour d'Auvergne,2,0,2,-2
6000000000641070994,Q1391653,Bonifacio Cane,2,0,2,-2
6000000013743022001,Q139242520,Maria Anna von Hohenzollern-Hechingen,2,0,2,-2
6000000052453776988,Q139245588,Magdalene Countess Of Lippe Detmold,2,0,2,-2
6000000016310059523,Q139668958,Joseph Trumbull Hayden,2,0,2,-2
6000000016309677510,Q139668959,Anna Trumbull,2,0,2,-2
6000000001233611324,Q139736814,Jeremiah,2,0,2,-2
6000000007363869269,Q1397788,Guidobaldo della Rovere,2,0,2,-2
6000000001482606369,Q139863629,Aline Françoise Lucy Coignet,2,0,2,-2
6000000083214335089,Q140092148,César De Waldner De Freundstein,2,0,2,-2
6000000005850992984,Q140315502,Rafael,2,0,2,-2
6000000022963861444,Q140356549,Emmanuel Weill,2,0,2,-2
6000000003110862366,Q140373616,Magdalena Zachariasdotter Bure,2,0,2,-2
6000000008979821547,Q140373699,Anna Jonsdotter Bure,2,0,2,-2
6000000000710792530,Q140466077,Elisabeth Sophie Skeel af Scheel,2,0,2,-2
5223557794550135310,Q140466091,Birgitte Pallesdatter Rosenkrantz,2,0,2,-2
5269673470060139746,Q140694701,Margrethe Albretsdatter Skeel,2,0,2,-2
6000000001504523528,Q140703011,Vibeke Nielsdatter Juel,2,0,2,-2
6000000014244100099,Q140703026,Peder Jensen Juel,2,0,2,-2
4973001485280125785,Q140761504,Niels Jensen Sehested,2,0,2,-2
6000000001504838793,Q140761517,Lisbeth Knudsdatter,2,0,2,-2
4972963565510029468,Q140761520,"Sophie Eriksdatter Gyldenstierne, til Karsholm og Tim",2,0,2,-2
6000000004272868888,Q140774572,Hilleborg Levine Flemmingsdatter Gräfin Holck,2,0,2,-2
6000000001504652886,Q140774613,Hans Ditlev Ottesen Ditlev Kaas,2,0,2,-2
6000000022450966031,Q140774620,Anne Sophie Ottesdatter Kaas,2,0,2,-2
6000000008549687835,Q140805611,Mette Henriksdatter Gyldenstierne,2,0,2,-2
6000000002677501720,Q1411309,Ruricius,2,0,2,-2
6000000017547294993,Q1414,Servius Sulpicius Galba Caesar Augustus,2,0,2,-2
6000000006964073251,Q1417,Aulus Vitellius Germanicus Caesar,2,0,2,-2
6000000018545711580,Q1432869,Wolfgang Ernst,2,0,2,-2
6000000006101317550,Q1436,Publius Helvius Pertinax Augustus,2,0,2,-2
6000000075333312896,Q14405102,嵩,2,0,2,-2
6000000021151067539,Q14416420,稚 承業 冀歸 河南洛陽,2,0,2,-2
6000000009796382188,Q144348,Dzai feng [Aisin Gioro],2,0,2,-2
6000000003711172251,Q1459910,Guy de Brimeu,2,0,2,-2
6000000008861833558,Q1459966,Friedrich III. Graf von Goseck,2,0,2,-2
6000000024957767277,Q1463577,Friedrich Hermann Friedrich Graf von Beust,2,0,2,-2
6000000075333527838,Q14640436,道生,2,0,2,-2
6000000004880328995,Q1465068,George Frederick Myddelton,2,0,2,-2
6000000006869913533,Q1468005,Louis d'Amboise,2,0,2,-2
6000000014066699684,Q14949747,Frances Newton,2,0,2,-2
6000000001020518047,Q1496,Ferdinand,2,0,2,-2
6000000020801198805,Q1496426,Maurice Alexis,2,0,2,-2
6000000004047209059,Q1497129,Robert Hall Chilton,2,0,2,-2
6000000000685740537,Q1498722,"Svend ""Korsfarer (Crusader)""",2,0,2,-2
6000000055768245751,Q14994487,慧龍 太原晉陽,2,0,2,-2
6000000025972829892,Q1505623,Georg Philipp,2,0,2,-2
6000000006727778727,Q1505862,Wilhelm I,2,0,2,-2
6000000013651163015,Q15061772,Никита Андреевич,2,0,2,-2
6000000010762730942,Q15065416,Ivan Andreïevich Golitsyn,2,0,2,-2
6000000030005972510,Q15070793,Ivan Андреевич,2,0,2,-2
6000000011242398790,Q15070794,Pyotr Andreyevich Kurakin,2,0,2,-2
6000000010942372517,Q15070798,"Fyodor Andreivich Prince, Boyar",2,0,2,-2
6000000043457878823,Q1507861,George Martin Lane,2,0,2,-2
6000000009204756434,Q15082337,Gregory Львович Sanguszko-Koszerski,2,0,2,-2
6000000047348029573,Q15126669,Simon,2,0,2,-2
6000000010556294402,Q152127,Genseric,2,0,2,-2
6000000055760458998,Q15243421,略 儁興 河南洛陽,2,0,2,-2
6000000002632690162,Q152727,"Friedrich Wilhelm I ""der Große Kurfürst"" Hohenzollern",2,0,2,-2
6000000008630614631,Q1528,Usimare Ramesses,2,0,2,-2
6000000006905976078,Q152877,Alboin,2,0,2,-2
6000000015712460390,Q1536020,Philipp Otto zu Salm,2,0,2,-2
6000000006964034797,Q15392097,Hywel Caerleon,2,0,2,-2
6000000003979848930,Q154064,Elisabeth von Wittelsbach,2,0,2,-2
6000000078931120306,Q15450010,Maria Theresia Von Sulz,2,0,2,-2
6000000033529766558,Q15527003,Henry Reginald Courtenay,2,0,2,-2
6000000024628341311,Q1556622,Gustav* Friedrich Werner,2,0,2,-2
6000000001593637951,Q156041,Albrecht I (The Bear),2,0,2,-2
6000000075406824847,Q15609591,嗣成 次望 貴溪,2,0,2,-2
6000000075406828882,Q15609652,與材 國梁 貴溪,2,0,2,-2
6000000020992263311,Q15615597,Святополк Vladimirovich,2,0,2,-2
6000000003827470429,Q1561945,Günther XXX von Schwartzburg-Blankenburg,2,0,2,-2
6000000010261340311,Q15647104,Louise de Bourbon,2,0,2,-2
6000000074900468851,Q15650615,Roman Ivanovich,2,0,2,-2
6000000017936502515,Q15650618,Ivan Titovitch Козельский,2,0,2,-2
6000000002187837106,Q15650645,Mstislav Mikhailovich,2,0,2,-2
6000000021122067554,Q1567136,奭 子邵 河東解縣,2,0,2,-2
6000000033011048057,Q15672651,Iaropolk Iurievich,2,0,2,-2
6000000002188028136,Q157099,"Ludwig ""das Kind"" von Kärnten",2,0,2,-2
6000000001169130795,Q15728990,Kolr,2,0,2,-2
4104041,Q157776,John I Oldenburg,2,0,2,-2
6000000061293335828,Q1581203,Joseph Alexander,2,0,2,-2
6000000000350865415,Q158246,Conrad Staufer,2,0,2,-2
6000000001195604575,Q15851234,Tore Bolt,2,0,2,-2
6000000014339385122,Q1586219,"Heinrich V ""der ältere"" Reuß",2,0,2,-2
6000000074716891124,Q15891944,珏 貝州清河,2,0,2,-2
6000000074715315842,Q15895964,柬之 吳郡吳縣,2,0,2,-2
6000000028246885890,Q15897797,고 돌 고,2,0,2,-2
6000000129579185855,Q15902545,河南洛陽,2,0,2,-2
6000000074706130908,Q15904558,寬 景仁 弘農華陰,2,0,2,-2
6000000074705461423,Q15905448,儉 景則 弘農華陰,2,0,2,-2
6000000046926751887,Q15905993,省華 善則 閬州閬中,2,0,2,-2
6000000075345519887,Q15906207,志 子道 范陽涿縣,2,0,2,-2
6000000000536956820,Q15906604,Gozbert von Thüringen,2,0,2,-2
6000000023701549199,Q15907839,覽 玄通 琅邪臨沂,2,0,2,-2
6000000025609974779,Q15910837,眾 仲師 河南開封,2,0,2,-2
6000000074705589245,Q15910881,暄 景和 弘農華陰,2,0,2,-2
6000000075329035874,Q15924768,匡伯 辟邪 京兆杜陵,2,0,2,-2
6000000074748360832,Q15927489,瑾 子瑗 北海中山,2,0,2,-2
6000000023701407225,Q15928529,徽之 子遒 琅邪臨沂,2,0,2,-2
6000000075333581106,Q15930040,淑 買仁 河南洛陽,2,0,2,-2
6000000046994059949,Q15931088,俁,2,0,2,-2
6000000055771992821,Q15934434,瓘 世恭 京兆杜陵,2,0,2,-2
6000000075375636849,Q15938930,伷先 係宗 河東聞喜,2,0,2,-2
6000000067374426853,Q15940742,William Rounseville Alger,2,0,2,-2
6000000129575486906,Q15940958,琮 隴西狄道,2,0,2,-2
6000000075345253992,Q15941339,藏用 子潛 范陽涿縣,2,0,2,-2
6000000074735477871,Q15953288,峘 京兆長安,2,0,2,-2
6000000047126985075,Q15971665,Jeanne Anne Henri-Robert,2,0,2,-2
6000000015492866853,Q1597257,Heinrich Franz Fürst von Fondi von Mansfeld,2,0,2,-2
6000000006335714709,Q15991552,Andreas Kielland Rygg,2,0,2,-2
6000000075406663026,Q16002595,與棣 國華 貴溪,2,0,2,-2
6000000075406293159,Q16002603,正言 貴溪,2,0,2,-2
6000000003094977973,Q16012464,Inge Martin,2,0,2,-2
6000000078492348036,Q160333,Prosper Mérimée,2,0,2,-2
5432947433130027698,Q16063735,Frederik Christian,2,0,2,-2
6000000016465588383,Q16064657,Nicolai Friderich Reichwein,2,0,2,-2
6000000017080315207,Q16065016,Peter Johansen,2,0,2,-2
6000000037678045908,Q16075968,純禮 夷叟 彝叟 蘇州吳縣,2,0,2,-2
6000000075060951888,Q16076725,則之 京兆長安,2,0,2,-2
6000000075061227891,Q16076726,之芳 隴西狄道,2,0,2,-2
6000000075060992864,Q16076733,延年 京兆長安,2,0,2,-2
6000000074767693968,Q16076735,承寀 隴西狄道,2,0,2,-2
6000000074735594884,Q16076736,巘 京兆長安,2,0,2,-2
6000000074734774212,Q16076772,祗 京兆長安,2,0,2,-2
6000000037591151789,Q16077491,存 正仲 潤州丹陽,2,0,2,-2
6000000009134934503,Q1608381,Niccolò III d'Este e di Modena,2,0,2,-2
3381491,Q16130364,Abraham Joshua Levenshtam,2,0,2,-2
6000000014777154581,Q16144740,Vasco Fernandes César de Meneses,2,0,2,-2
6000000038740385839,Q16164886,Arne Olson Anda,2,0,2,-2
6000000003966342388,Q16165489,Abraham Laurentii Burman,2,0,2,-2
6000000000628841520,Q16172172,Baugeid Dagsdatter,2,0,2,-2
6000000007980333080,Q16172733,Anders Bentsson,2,0,2,-2
6000000004066544553,Q16187518,Kraft VII Hohenlohe,2,0,2,-2
6000000004533725607,Q16187968,Dag Bratsberg,2,0,2,-2
6000000001936543821,Q161958,Eric VII Griffin,2,0,2,-2
6000000003273414430,Q16206691,Komnen II,2,0,2,-2
6000000075344318821,Q16260285,節 天水新縣,2,0,2,-2
6000000074750415954,Q16260668,淑 上玄 京兆萬年,2,0,2,-2
6000000010535075649,Q1642311,Edgar Isaac Seligman,2,0,2,-2
6000000015487727825,Q164377,Moritz Heinrich Nassau,2,0,2,-2
6000000005400963921,Q16491786,António José,2,0,2,-2
6000000032467501379,Q16493283,Francisco,2,0,2,-2
6000000003220313434,Q16532667,Arnmod Arnvidsson,2,0,2,-2
6000000011536446885,Q1654307,Anne-Pierre de Montesquiou,2,0,2,-2
6000000076851578760,Q16559506,Eiliv Baardsson,2,0,2,-2
6000000008914053084,Q16566720,Clara Guelph,2,0,2,-2
6000000074750208450,Q16603394,隴西狄道,2,0,2,-2
6000000074750846827,Q16603485,隴西狄道,2,0,2,-2
6000000074750616108,Q16603617,隴西狄道,2,0,2,-2
6000000074750502175,Q16603623,隴西狄道,2,0,2,-2
6000000074750750844,Q16603680,隴西狄道,2,0,2,-2
6000000074750883893,Q16603699,隴西狄道,2,0,2,-2
6000000074750755897,Q16603738,隴西狄道,2,0,2,-2
6000000000138723876,Q16617685,Pedro,2,0,2,-2
6000000018169602518,Q16630592,Владимир-Дмитрий Всеволодович,2,0,2,-2
6000000002187837512,Q16632131,"Wsjewolodko Dawidovich, Knyaz Gorodenski",2,0,2,-2
6000000010715431323,Q1663335,Otto Wilhelm,2,0,2,-2
339435131070013659,Q1663709,Johannes Johannis Rudbeckius,2,0,2,-2
6000000008263010233,Q16637516,"Ivan ""Shpak"" Иванович Golitsyn",2,0,2,-2
6000000008394576487,Q16649477,Nicolaus,2,0,2,-2
6000000004028320232,Q16649635,Engelbertus,2,0,2,-2
6000000007121644827,Q16649655,Carl Julius Lewenhaupt,2,0,2,-2
6000000006727858565,Q16650006,Erik,2,0,2,-2
6000000003374922780,Q16650154,Ericus Olai,2,0,2,-2
6000000007602353206,Q16650519,Peder Andersson,2,0,2,-2
6000000013020714401,Q16655135,Isabelle of Antioch,2,0,2,-2
6000000000438011181,Q16738452,Thomas Atherold,2,0,2,-2
6000000009825249397,Q16738577,N daughter of Dausprungas,2,0,2,-2
6000000011448648578,Q167477,Fernando,2,0,2,-2
6000000002240804831,Q167769,Zawissius Von Falkenstein,2,0,2,-2
6000000006727778454,Q1679854,Julius August,2,0,2,-2
6000000003077432039,Q16843025,Edward Tyng,2,0,2,-2
6000000025966150305,Q16843956,Thomas Mildmay,2,0,2,-2
6000000017184868439,Q16854276,Mogens Vernessøn,2,0,2,-2
6000000010103670625,Q1685584,Jean IV de Bueil,2,0,2,-2
6000000011515043076,Q1685921,Jean de Bourbon,2,0,2,-2
6000000055760126923,Q16905296,產之 孫僑 隴西狄道,2,0,2,-2
6000000003827496045,Q1693249,Johann Dietrich Theodor von Löwenstein,2,0,2,-2
6000000009438007766,Q16932764,Mauger,2,0,2,-2
6000000074787946161,Q17011988,居中 貞位 河南府,2,0,2,-2
6000000007993571922,Q170172,Boris Feodorovich Godunov,2,0,2,-2
6000000074734313193,Q17025857,承況 隴西狄道,2,0,2,-2
6000000003146930404,Q1703908,Saier de Quincy,2,0,2,-2
6000000011422952247,Q17044013,Semen Trabskis,2,0,2,-2
6000000007377273393,Q17045022,Vsevolod Glebovich,2,0,2,-2
6000000177596210821,Q17045022,Vsevolod Glebovich,2,0,2,-2
6000000010725441528,Q17130939,Christian Jørgensen,2,0,2,-2
6000000002858496665,Q17130962,Palle Børgesen Rosenkrantz,2,0,2,-2
4834344509250089530,Q17130974,Cornelius Jansen,2,0,2,-2
6000000003367470180,Q17131009,Holger Gregersen Ulfstand,2,0,2,-2
6000000008261026303,Q171411,Oda,2,0,2,-2
4000888590980126643,Q17141339,Gunde Fredriksen Lange,2,0,2,-2
6000000004533902613,Q17152474,Jesper Friis,2,0,2,-2
6000000001751290215,Q171977,Tokugawa,2,0,2,-2
6000000075344624863,Q17239943,鑒 神具 博陵安平,2,0,2,-2
6000000020707737894,Q17280328,Francisco Inocêncio,2,0,2,-2
6000000013492565199,Q17285543,Wolfert,2,0,2,-2
6000000013019348091,Q17301406,Guillén Ramón,2,0,2,-2
6000000008462851458,Q17318178,Sisberto,2,0,2,-2
6000000015349443567,Q1732204,Karl Ludwig Ernst von Sulz,2,0,2,-2
6000000015639766088,Q17354615,François de La Rochefoucauld,2,0,2,-2
6000000035517905457,Q17410497,Private,2,0,2,-2
6000000007324295897,Q1741798,Ramanuja Yathiraja,2,0,2,-2
6000000001382973895,Q17423696,Joel Root,2,0,2,-2
6000000015499149162,Q17455104,Maximilian von Thun,2,0,2,-2
6000000017226081107,Q17482299,Frédéric Charles Charles de la Rochefoucauld,2,0,2,-2
6000000035213405854,Q1769,Marcus Aurelius Severus Alexander Augustus,2,0,2,-2
6000000003421222325,Q1769511,Peder Pedersen Winstrup,2,0,2,-2
6000000006900236165,Q17712347,Olaf Ditlef Simonsen,2,0,2,-2
6000000003481828921,Q1772180,Louis de Bourbon,2,0,2,-2
6000000006727749913,Q1773048,Ludwig Günther II,2,0,2,-2
6000000002512230594,Q1773738,Inga Olavsdatter Smorkull,2,0,2,-2
6000000002043214819,Q1778144,William fitz Duncan,2,0,2,-2
6000000003232558141,Q177903,Stephen I Arpad,2,0,2,-2
6000000006727823111,Q1782097,Konrad II,2,0,2,-2
6000000002325788778,Q1783691,Elias Gottlieb Oscar Egede Nissen,2,0,2,-2
6000000020422611952,Q179529,Daniel Buck,2,0,2,-2
6000000002181137145,Q1799532,Isabella d'Aragona,2,0,2,-2
6000000008394762110,Q1801141,Maria Eleonora von Anhalt-Dessau,2,0,2,-2
6000000005599183311,Q18029700,Wilhelm Moritz,2,0,2,-2
6000000075403331971,Q18110983,道亮 仁業 范陽涿縣,2,0,2,-2
6000000003645870459,Q1812,Marcus Antonius Gordianus Pius Augustus,2,0,2,-2
4259048,Q18156578,Isabel de Borja y Llançol,2,0,2,-2
6000000003126790291,Q181764,Flavius Mauricius Tiberius Augustus,2,0,2,-2
6000000015406401275,Q1819881,Leopold Wilhelm,2,0,2,-2
6000000003614420649,Q18204227,William,2,0,2,-2
6000000006789927146,Q18223649,Agustín Gerónimo de Iriondo Candioti,2,0,2,-2
6000000002187837542,Q18246444,Mścisław II Wsiewołodowicz,2,0,2,-2
6000000032721054236,Q1825277,Lily Emilie Rosenthal,2,0,2,-2
6000000000389797167,Q182897,Henrique 'O Navegador' de Aviz,2,0,2,-2
6000000011839137036,Q18327491,Johan Casimir,2,0,2,-2
6000000015584789048,Q1841133,Ludwig I von Erbach,2,0,2,-2
6000000032200253286,Q18419113,Marcantonio Colonna,2,0,2,-2
6000000009133240304,Q1856074,Alfonso II,2,0,2,-2
6000000003231189183,Q186256,"Fernando VII ""El Deseado"" de Borbón y Borbón-Dos Sicilias",2,0,2,-2
6000000012462609908,Q18646112,Barid mac Ímair,2,0,2,-2
6000000000628862313,Q18646123,Sigfrith mac Ímair,2,0,2,-2
6000000074759901886,Q18669248,恊 京兆杜陵,2,0,2,-2
6000000006404633968,Q18671371,Harold,2,0,2,-2
6000000016619933346,Q186883,Ernest Casimir Casimir von Nassau-Weilburg,2,0,2,-2
6000000007734104563,Q188346,Alfonso I,2,0,2,-2
6000000016328393426,Q1883839,Magdalene Hessen Lothringen-Brabant,2,0,2,-2
373802532570013532,Q1885178,Maria Isabella van Beieren-Schagen,2,0,2,-2
6000000008248136364,Q188541,Chandragupta,2,0,2,-2
6000000003495351521,Q1885480,Frozza Adelheid Orseolo,2,0,2,-2
6000000000307264071,Q188684,Edmund,2,0,2,-2
6000000009168599523,Q1888873,Peter Vlostovich Vlostides,2,0,2,-2
6000000106991542996,Q188903,軻 姬姓,2,0,2,-2
6000000074788540992,Q18906047,子春 河南,2,0,2,-2
6000000074712243998,Q18906061,嗣真 滑州匡城,2,0,2,-2
6000000074750545066,Q18906311,演 京兆萬年,2,0,2,-2
6000000074733053932,Q18906535,俶 蘭陵,2,0,2,-2
6000000075344692833,Q18908514,器 深州安平,2,0,2,-2
6000000074787612584,Q18908776,思齊 鄭州榮澤,2,0,2,-2
6000000074759693073,Q18908927,良嗣 京兆杜陵,2,0,2,-2
6000000075061031952,Q18909438,處仁 趙州,2,0,2,-2
6000000016710031870,Q1891427,Emmanuel Antonio van CRATO,2,0,2,-2
6000000026204713063,Q1894073,Marcus Aurelius,2,0,2,-2
6000000012827488681,Q189512,Tseng Kuo-fan 滌生 湖南湘鄉,2,0,2,-2
6000000007090505440,Q1895765,Maria Clara Berg,2,0,2,-2
6000000006727855825,Q1897910,Claudia,2,0,2,-2
6000000001200156499,Q19061035,Guttorm,2,0,2,-2
6000000002275410578,Q191203,Eadwig,2,0,2,-2
6000000007169246313,Q191707,Flavius Leo Iunior Augustus,2,0,2,-2
6000000176115704842,Q19287236,Julius,2,0,2,-2
6000000006444573945,Q19325189,John Arundell,2,0,2,-2
6000000021660737126,Q1934858,Guy II,2,0,2,-2
6000000022588372412,Q19381030,Marcus,2,0,2,-2
6000000050147643371,Q19385288,Peter Hjalmar Levernes,2,0,2,-2
6000000003095113068,Q19392422,Thorvald Svenson Oftedal,2,0,2,-2
6000000000129435686,Q1944965,Urraca,2,0,2,-2
6000000006727853415,Q1947849,Moritz von Bentheim-Tecklenburg,2,0,2,-2
6000000003827455496,Q195692,Gerhard von Jülich,2,0,2,-2
6000000003827455489,Q195693,Wilhelm von Jülich,2,0,2,-2
6000000196295384821,Q195703,Gerhard von Jülichgau,2,0,2,-2
6000000010850320449,Q1960319,Vladimir Давыдович,2,0,2,-2
6000000033247122646,Q1961514,Vysheslav Vladimirovich,2,0,2,-2
6000000008907849660,Q196264,Simon,2,0,2,-2
6000000006783257558,Q19631563,Erik Carlsson,2,0,2,-2
6000000074704750798,Q19653904,積善 弘農華陰,2,0,2,-2
6000000005598803931,Q19667575,Marie Elisabeth von Braunschweig-Wolfenbüttel,2,0,2,-2
6000000003516249831,Q19683587,Elizabeth Христофоровна Radziwill,2,0,2,-2
6000000000661306654,Q1970878,Beatrice II von Hohenstaufen,2,0,2,-2
6000000143879433834,Q197172,道陵,2,0,2,-2
6000000075406443124,Q197334,宇初 廣信貴溪,2,0,2,-2
6000000000131404602,Q1975522,Alonso,2,0,2,-2
6000000037700339204,Q19825226,純粹 德孺 蘇州吳縣,2,0,2,-2
6000000052126397881,Q19855480,道約 季恭 范陽涿縣,2,0,2,-2
6000000005404613922,Q19862385,Jørgen Åkesson,2,0,2,-2
2434135,Q19914243,Yolande de Lalaing,2,0,2,-2
6000000040765629101,Q1996692,DASHARATHA,2,0,2,-2
6000000006101430601,Q200033,Michael VIII Palaiologos,2,0,2,-2
6000000004066293963,Q20006611,Sophie Wittelsbach,2,0,2,-2
6000000031528209013,Q200193,Muhammad,2,0,2,-2
6000000008679509321,Q2002437,Jean de Rieux,2,0,2,-2
6000000003827661811,Q20028039,Sancha de Navarra,2,0,2,-2
6000000009128917846,Q20083251,"Aleksander ""Nelub"" Гольшанский",2,0,2,-2
6000000016434454602,Q20107694,Anna von Leiningen-Falkenburg,2,0,2,-2
6000000000424586295,Q2011924,Cadfan ab Iago,2,0,2,-2
6000000015377545334,Q2017913,Hugh I Pons,2,0,2,-2
6000000000437438881,Q2021689,Geoffroy I de Châteaudun,2,0,2,-2
6000000074286577932,Q203808,Zynoviy Bohdan Mykhailovych Khmelnytsky,2,0,2,-2
6000000015290869512,Q2039358,Otto IV Schaumburg,2,0,2,-2
4363165195640021509,Q2041044,Patrikas Наримунтович Gediminid,2,0,2,-2
6000000000297404377,Q204397,Afonso,2,0,2,-2
6000000001416325390,Q20499663,Pomponia,2,0,2,-2
6000000003827527724,Q20500876,Jutta Askanier,2,0,2,-2
6000000021173006581,Q20519170,Liutpold III von Sannegg,2,0,2,-2
6000000013978962581,Q2053583,Jean de Brosse,2,0,2,-2
6000000012408690697,Q2055059,Florent,2,0,2,-2
6000000005047236459,Q20652635,Georg Ernst von Wedel,2,0,2,-2
6000000002188289154,Q2066659,Publius Mucius Scaevola,2,0,2,-2
6000000003858683664,Q20680020,Sophia von Saarbrücken,2,0,2,-2
6000000011836703068,Q2069501,Dovmont Timothy,2,0,2,-2
6000000003827527015,Q2072048,Jeanne d'Avaugour,2,0,2,-2
6000000002043195200,Q207535,Roland,2,0,2,-2
6000000003858704728,Q2084307,Maria Yaroslavna of Vitebsk,2,0,2,-2
6000000008915629249,Q2086837,Philipp I Von Nassau-Wiesbaden-Idstein,2,0,2,-2
6000000008478214086,Q2086860,Philipp III von Falkenstein-Münzenberg,2,0,2,-2
6000000013651163071,Q2088116,Иван Андреевич Большой,2,0,2,-2
6000000006727862090,Q2090817,Vaidutas Vaidila,2,0,2,-2
6000000003827455273,Q20934615,Joseph Clary,2,0,2,-2
6000000000088627808,Q2093810,KGPAA Mangkoenagara II RM Sulomo (1796-1835) (1796-1835),2,0,2,-2
6000000007210976640,Q21055121,Roger de Newburgh,2,0,2,-2
6000000020652487080,Q2109650,Roger,2,0,2,-2
5365308074870051638,Q211396,Flavius Magnus Maximus Augustus Wledig,2,0,2,-2
6000000005954375615,Q212109,Tiberius Sempronius Gracchus,2,0,2,-2
2434385,Q2121164,Wolfert van Brederode,2,0,2,-2
6000000003219788492,Q213061,"Charles Robert ""Caroberto"" d'Anjou",2,0,2,-2
6000000003867333182,Q213801,Olav I,2,0,2,-2
6000000007850138275,Q21402970,Henry Newton,2,0,2,-2
6000000017947171870,Q2140777,Paku Alam VIII KGPAAP Suryodilogo BRMH Sularso Kunto Suratno (1937-1998),2,0,2,-2
6000000027791330251,Q2149386,Richard Elliott Parker,2,0,2,-2
6000000001910444957,Q2152211,Christen Thomesen Sehested,2,0,2,-2
6000000030268275387,Q21524634,Nathaniel Williams,2,0,2,-2
6000000004533625954,Q21563992,Riquilda de Barcelona,2,0,2,-2
6000000013925058603,Q21587612,Luciano Maria Carlo Napoleone Francesco VIirginio Giulio del Gallo di Roccagiovine,2,0,2,-2
6000000006906464210,Q2161367,Raoul “dit Taillefer“ Flandre,2,0,2,-2
6000000003827661796,Q21665584,Marguerite de Montmorency,2,0,2,-2
6000000007361186497,Q21665649,Ermengarda de Narbonna,2,0,2,-2
6000000017018450079,Q21708711,Jeanne de Comminges,2,0,2,-2
6000000000348791517,Q21711020,Catalina Suárez,2,0,2,-2
6000000030488785424,Q2172587,Rudolph Emanuel,2,0,2,-2
6000000006727800637,Q2174202,Rudolf Zähringer,2,0,2,-2
6000000003978193447,Q2177415,Fernando,2,0,2,-2
6000000001529617955,Q2178197,Boniface II,2,0,2,-2
5340710055950059116,Q2180145,Robert I “Manasses” de Guines,2,0,2,-2
301342753080007082,Q21832326,Per Olof Grönlund,2,0,2,-2
6000000007258897983,Q2184007,"Christian Schleswig-Holstein, Oldenburg",2,0,2,-2
6000000073488330821,Q21856872,Vyacheslav Yaroslavich,2,0,2,-2
6000000017544381125,Q2196457,KGPAA Mangkoenagara IV Raden Mas Sudira (1853-1881),2,0,2,-2
6000000080803239287,Q22045539,Андрей Владимирович,2,0,2,-2
6000000075298362247,Q22132482,Marguerite,2,0,2,-2
306650341960001516,Q2221910,Samuel Symon,2,0,2,-2
6000000014948893248,Q2222177,Jacques de Lalaing,2,0,2,-2
6000000015261240433,Q22246733,Alexandre de Bournonville,2,0,2,-2
6000000000769470073,Q222735,Ezzo,2,0,2,-2
6000000000351102192,Q223134,Olympias,2,0,2,-2
6000000017601038508,Q22317020,Katharina Ursula Zähringen,2,0,2,-2
6000000007273530572,Q22333315,Roderich Herzog Württemberg,2,0,2,-2
6000000005563048656,Q223576,Edmund Karl,2,0,2,-2
6000000015746654214,Q2240240,François d'Orléans,2,0,2,-2
6000000015352803710,Q2268287,Belisario Acquaviva d'Aragona,2,0,2,-2
6000000004097776612,Q22694633,Franz,2,0,2,-2
6000000074759288919,Q22774427,瑱 京兆長安,2,0,2,-2
6000000010643107861,Q227976,John X,2,0,2,-2
6000000006101317642,Q2280800,Publius Aelius Hadrianus Afer Hadrian,2,0,2,-2
6000000074735485847,Q22813463,贄 隴西狄道,2,0,2,-2
6000000075061337849,Q22813480,承祖 隴西狄道,2,0,2,-2
6000000075061042849,Q22813483,璀 京兆長安,2,0,2,-2
6000000075060896873,Q22813498,自仙 隴西狄道,2,0,2,-2
6000000021151256523,Q22813931,鉅 蘭陵,2,0,2,-2
6000000023701473343,Q22814790,曠 世宏 琅邪臨沂,2,0,2,-2
6000000026353854676,Q2284115,Sigismund Theodor Friedrich,2,0,2,-2
6000000003827153047,Q2291250,Azzo d'Este,2,0,2,-2
6000000017383485158,Q22919312,Charles de Croÿ,2,0,2,-2
6000000015040453224,Q22919574,Michel de Croÿ,2,0,2,-2
6000000003306282722,Q2295006,Françoise de Lorraine,2,0,2,-2
6000000015636427569,Q23021501,Charles Robert de La Marck,2,0,2,-2
6000000016991499927,Q2302904,"Sophie, von Hessen-Kassel",2,0,2,-2
6000000011631399215,Q230433,Masako Owada,2,0,2,-2
6000000006727790244,Q23062175,Philipp Magnus Welf,2,0,2,-2
6000000006347133210,Q230639,Brunehilde der Wisigothen,2,0,2,-2
4104869,Q231764,Sophie Amalie of Guelph,2,0,2,-2
6000000003355637296,Q232229,Servilia Caepionis Maior,2,0,2,-2
6000000001744855935,Q2344072,Hugues II,2,0,2,-2
6000000008248268056,Q234782,Sibylla of Anjou,2,0,2,-2
6000000002143053627,Q235392,Chlodio «le Chevelu»,2,0,2,-2
6000000003660469168,Q235409,Petronila Ramirez Aragón,2,0,2,-2
6000000006727677191,Q23659518,Mikolay Андрійович Zbaraski,2,0,2,-2
6000000011540372224,Q236974,Radegund,2,0,2,-2
6000000009006960727,Q2373798,Fulke Fulke Greville I of Brooke,2,0,2,-2
6000000000295774205,Q2379913,Jean de Beaumanoir,2,0,2,-2
6000000015348858663,Q23872172,Johanna von der Leiter,2,0,2,-2
6000000020616542088,Q23908949,Matthias II von der Recke,2,0,2,-2
6000000003827147258,Q2394242,Gerberga von Lothringen,2,0,2,-2
6000000001470460100,Q240094,Christiane Eberhardine Hohenzollern,2,0,2,-2
6000000177136578821,Q2415965,Kettil Karlsson,2,0,2,-2
6000000017906719310,Q2418428,Theodor,2,0,2,-2
6000000003042967340,Q24206006,Elijah Combs,2,0,2,-2
6000000015169505562,Q2422981,Thomas Chilton,2,0,2,-2
4874380743860131374,Q2425979,Hafsa-Khatun Ayşe Giray,2,0,2,-2
347655337870012697,Q242746,Sigrid Tostesdotter,2,0,2,-2
6000000056758579928,Q242905,Anne Marie (Liane) Chassaigne,2,0,2,-2
6000000024321978941,Q2437780,Óláfr,2,0,2,-2
6000000020359886765,Q2439218,P. Puger R. M. Darajat Pakubuwana-1,2,0,2,-2
6000000000307274753,Q244403,Mac Bethad mac Findlaích,2,0,2,-2
6000000000437149374,Q2446633,Óláfr Sigtryggsson,2,0,2,-2
6000000029710660198,Q24522214,Ludwig Albert Von Sayn-Wittgenstein-Neumagen,2,0,2,-2
6000000010512663082,Q24524,Karl von Harrach,2,0,2,-2
6000000013342499646,Q2467063,Henry comte de Porcean de Croÿ,2,0,2,-2
6000000004396685338,Q2471654,Eva Aurora Charlotta Stjernvall,2,0,2,-2
6000000002187639480,Q247786,"Ulrich ""Pollex"" von Württemberg",2,0,2,-2
6000000034547240754,Q24807666,Vsevolod Yaroslavich Rurikid,2,0,2,-2
6000000075344836846,Q24833743,欽道 廣平列人,2,0,2,-2
6000000075367916856,Q24835861,僧習 師義 河東解縣,2,0,2,-2
6000000074748409057,Q24838965,陵 子雲 北海中山,2,0,2,-2
6000000074706026933,Q24839066,玄獎 弘農華陰,2,0,2,-2
6000000030545790782,Q24934686,Lucius Publius Petronius,2,0,2,-2
6000000010860472856,Q249539,Ádám,2,0,2,-2
6000000001399152540,Q2498472,Olelko Alexander Владимирович Gediminids,2,0,2,-2
6000000013765885870,Q2502260,Bryachislav Vasilkovich,2,0,2,-2
6000000007472051048,Q2502478,Vela,2,0,2,-2
6000000025261876340,Q250688,Daniel Jenifer,2,0,2,-2
6000000011124931371,Q2506892,MĀNDAVI,2,0,2,-2
6000000006815581967,Q2512788,Elise,2,0,2,-2
6000000015271276451,Q25144235,Hedwig Maria von Sachsen,2,0,2,-2
6000000006727810732,Q25160142,Margarethe Maria Maria-Margaretha von Nassau-Wiesbaden-Idstein,2,0,2,-2
6000000003077281416,Q25183361,Thomas Spencer,2,0,2,-2
6000000069667386878,Q2524433,Viktor Franz Xaver Wilhelm Russ,2,0,2,-2
6000000003645760175,Q2530678,Tore Toreson Hund i Namdal,2,0,2,-2
6000000010345034706,Q2532402,Volkwin III,2,0,2,-2
6000000009214520157,Q25426416,Eleonore zu Solms-Laubach,2,0,2,-2
6000000001169228992,Q25433328,Orm Dagson,2,0,2,-2
6000000007090475231,Q25478304,Anne Zähringen,2,0,2,-2
6000000006727785890,Q25483848,Dorothea Mansfield-Arnstein,2,0,2,-2
6000000006727753989,Q25484320,Johann Georg von Solms-Laubach,2,0,2,-2
6000000016475742163,Q25484436,Philipp ll von Isenburg-Birstein,2,0,2,-2
6000000003827438305,Q25484477,Philipp Reinhard Reinhard zu Solms-Hohensolms,2,0,2,-2
6000000002980048942,Q25487304,Otto von Solms-Hohensolms-Lich,2,0,2,-2
6000000041137333411,Q254920,Salome I of Idumaea,2,0,2,-2
6000000014062182018,Q2550262,William Henry Nassau de Zuylestein,2,0,2,-2
6000000008606724959,Q2551159,Françoise Madeleine Bourbon-Orléans,2,0,2,-2
6000000013134537528,Q2556461,Eli Terry,2,0,2,-2
6000000041186983526,Q2556578,José Antonio de Mendoza Caamaño y Sotomayor,2,0,2,-2
6000000012582260156,Q2562821,David Grodnenskiy Daumantaitis of Grodno,2,0,2,-2
6000000015212208636,Q2574342,Oberto I Obizzo,2,0,2,-2
6000000008662385596,Q257557,Anne de Pisseleu d'Heilly,2,0,2,-2
6000000021860137149,Q2579189,William Henry Brockenbrough,2,0,2,-2
6000000002998134145,Q257935,Amina,2,0,2,-2
6000000015169794138,Q2580209,William Parish Chilton,2,0,2,-2
6000000002188334903,Q2581169,William de Vere,2,0,2,-2
6000000006297376203,Q2581181,William 'the Crusader' d'Aubigny,2,0,2,-2
6000000035682206982,Q2588908,Gerdenis Давилович iš Plotsko Riurikų,2,0,2,-2
6000000075061303855,Q25925998,休道 隴西狄道,2,0,2,-2
6000000075061244905,Q25926157,据 隴西狄道,2,0,2,-2
6000000002187837843,Q2594607,"Rogvolod Boris? Vselavich Рогволод Борис?, князь Полоцкий",2,0,2,-2
6000000013148151543,Q2598294,Reinout Lancelotz van Veenhuysen,2,0,2,-2
6000000001184035610,Q25990706,Ingild,2,0,2,-2
6000000006727770815,Q2600961,Friedrich Magnus,2,0,2,-2
6000000000115658620,Q2601233,Robert de Ferrers,2,0,2,-2
6000000074712880841,Q26159787,勁 河南,2,0,2,-2
6000000074711869083,Q26159795,盛 趙州平棘,2,0,2,-2
6000000074712230944,Q26159801,纘 趙州平棘,2,0,2,-2
6000000074739094864,Q26159835,誕 紹元 趙州平棘,2,0,2,-2
6000000074712417830,Q26159838,龜 神龜 河南,2,0,2,-2
6000000074712392848,Q26159846,裔 河南,2,0,2,-2
6000000000436328266,Q2618807,Owain Gwynedd ap Gruffydd,2,0,2,-2
6000000002453715498,Q261934,Adélaïde (Adele) d'Anjou,2,0,2,-2
6000000075344403900,Q26197291,弘度 博陵安平,2,0,2,-2
6000000000114257798,Q2620695,Urraca,2,0,2,-2
6000000074759928924,Q26208802,祉 京兆杜陵,2,0,2,-2
6000000000182121111,Q26235973,Johann Heinrich Graf,2,0,2,-2
6000000006889735530,Q262428,Tadukhipa,2,0,2,-2
6000000004117624803,Q264644,"Hedwig Sophie Brandenburg, Hohenzollern",2,0,2,-2
6000000041282806339,Q26471,Marcus Ummidius Quadratus Annianus,2,0,2,-2
6000000001504523643,Q2647831,Just Henriksen,2,0,2,-2
6000000001500929223,Q2656351,Agnes von Böhmen Anežka Přemyslovna,2,0,2,-2
6000000001842551452,Q266215,Bertrade,2,0,2,-2
6000000001504235006,Q26697178,Anton I Aldenburg,2,0,2,-2
6000000014912988335,Q26714756,Julianna Святославна of Smolensk,2,0,2,-2
6000000003232579985,Q267483,Katharina Hohenzollern,2,0,2,-2
6000000006231768015,Q267985,Élisabeth Rachel Félix,2,0,2,-2
6000000004533613519,Q2680280,Guillaume d'Auvergne,2,0,2,-2
6000000000628861661,Q268349,Marguerite Louise d'Orléans,2,0,2,-2
6000000013322248592,Q26854045,Richer,2,0,2,-2
6000000012137940258,Q26868983,Sophie Maria Margarethe,2,0,2,-2
6000000015520147762,Q26878187,Ernst Graf von Sayn-Wittgenstein,2,0,2,-2
6000000006727770704,Q26882157,Dorothea zu Solms-Laubach,2,0,2,-2
6000000009503269198,Q26965894,Margareta Haraldsdatter Haraldsdatter Gille,2,0,2,-2
6000000006820844039,Q269964,Phila,2,0,2,-2
6000000001412933678,Q2705844,Gifuls I,2,0,2,-2
6000000007479707449,Q270607,Mariamne II.,2,0,2,-2
6000000002444370499,Q2706087,Diego V 'el Intruso' López de Haro,2,0,2,-2
6000000014912593535,Q27062531,Jan,2,0,2,-2
6000000014912853877,Q27062535,Hedwig Moniwid,2,0,2,-2
6000000003827661844,Q2706648,Bernat de Comminges,2,0,2,-2
6000000003827535434,Q27092993,Wirich,2,0,2,-2
6000000015664017108,Q27103109,Karl Ludwig Hohenlohe,2,0,2,-2
6000000006079286768,Q271527,Astyages,2,0,2,-2
6000000003658661997,Q27189441,Alexandra Iwanowna Vishnevetska,2,0,2,-2
4031018836520031122,Q271927,Henriëtte Amalie Askanier,2,0,2,-2
5543873214050042343,Q271974,Francisco,2,0,2,-2
6000000002188399864,Q272010,Maria Elisabeth Wilhelmine,2,0,2,-2
6000000000157796200,Q272209,Æthelred,2,0,2,-2
6000000001209415397,Q2722233,Ragnhild Hrólfsdóttir,2,0,2,-2
6000000003826814612,Q272326,Æþelwulf,2,0,2,-2
6000000003828361119,Q2731801,Adelaide,2,0,2,-2
6000000003649751740,Q2745179,Ednyfed Fychan,2,0,2,-2
6000000008393933021,Q274554,Emilie Sophie Högquist,2,0,2,-2
6000000003346787945,Q2746904,Poppo,2,0,2,-2
6000000014979852312,Q27538012,Jan,2,0,2,-2
6000000006603690246,Q27539092,Mikołaj Евстафьевич Maliński,2,0,2,-2
6000000000770001473,Q276010,Diane de Poitiers,2,0,2,-2
6000000007293692730,Q277140,"Friedrich Schleswig-Holstein, Oldenburg",2,0,2,-2
6000000049955060056,Q277171,Iemasa,2,0,2,-2
6000000007361285243,Q27822040,Sibilla,2,0,2,-2
6000000007103935652,Q27837190,Guillaume de Vienne,2,0,2,-2
6000000001412952494,Q280016,Godfried,2,0,2,-2
6000000003827470242,Q28038874,Friedrich ≈ V von Leiningen,2,0,2,-2
6000000006727770094,Q28058830,Philipp Heinrich,2,0,2,-2
6000000009968129124,Q28058834,Phillip Gottfried,2,0,2,-2
6000000004139873032,Q2821814,Abraham Brodersøn,2,0,2,-2
6000000006355563101,Q282206,Georg von Reichwein,2,0,2,-2
6000000003827225773,Q2827027,Agnès de Garlande,2,0,2,-2
6000000004089183711,Q2832345,Aldroen ap Selyf,2,0,2,-2
6000000084567192052,Q2832833,Alessandro,2,0,2,-2
6000000000462127170,Q2836421,Gonzalo Fernández de Salazar,2,0,2,-2
6000000019539450375,Q2839857,Alphonse,2,0,2,-2
6000000003417416223,Q2840239,Aelbert I (Allaert) van Egmond,2,0,2,-2
6000000075344682835,Q28410330,綽 茂祖 博陵安平,2,0,2,-2
6000000075398486752,Q28415253,齊物 隴西狄道,2,0,2,-2
6000000006727873371,Q2842845,Marguerite de l'Aigle,2,0,2,-2
6000000023639198126,Q2848232,"""André"" Alexis Manuel",2,0,2,-2
6000000003004934989,Q2848798,André Alexandre Maurice,2,0,2,-2
6000000006444422097,Q28495,François de Lorraine,2,0,2,-2
6000000004868779078,Q2853484,Antoine Ignace Anthoine,2,0,2,-2
6000000005924910281,Q2854115,Antoine Just Leon Marie de Noailles,2,0,2,-2
6000000001872896516,Q285435,Henri Robert de la Marck,2,0,2,-2
4953926232780130809,Q285508,Ivan III,2,0,2,-2
6000000000138721614,Q286537,Constance II Hohenstaufen,2,0,2,-2
6000000040998295173,Q28664644,Amanieu d'Astarac,2,0,2,-2
6000000082484975833,Q2871488,Auguste Elisabeth Joseph TALHOUËT (de),2,0,2,-2
6000000037533950092,Q2871732,Auisle,2,0,2,-2
6000000035032058090,Q28718414,Maria Haraldsdotter Hårdrådesätten i Norge,2,0,2,-2
6000000003827521496,Q28746222,Albrecht III,2,0,2,-2
6000000008024376364,Q2879190,Bagrat,2,0,2,-2
6000000003523584776,Q28865327,Lavinia Ефимовна Koretska,2,0,2,-2
6000000015518696088,Q2890882,Álvaro El Castellano,2,0,2,-2
6000000004533182238,Q2898081,Bernat III,2,0,2,-2
6000000005913162130,Q2899786,Haldetrude / Adaltrudis,2,0,2,-2
6000000003513731919,Q29042590,Holmfrid Eriksdatter Eriksdotter,2,0,2,-2
6000000031546901444,Q2914978,George VIII,2,0,2,-2
6000000012807329106,Q2915948,Louis de Durfort de Duras,2,0,2,-2
6000000006597112520,Q2917876,Johanna Johanna van Polanen,2,0,2,-2
4703817009760067257,Q2917985,Luis,2,0,2,-2
6000000011797352810,Q291882,Iñigo Melchor Fernández de Velasco y Tobar,2,0,2,-2
6000000022823881906,Q2921338,Bouchard de Nevers,2,0,2,-2
6000000091215358101,Q2929984,Bérenger,2,0,2,-2
6000000017210613359,Q29360029,Sophie Amalie Pfalzgrafin bei Rhein von der Pfalz,2,0,2,-2
6000000056313144021,Q29363798,"Rudolf Friedrich Schlesvig-Holstein, Oldenburg",2,0,2,-2
6000000006727849189,Q29381158,Ursula Wittelsbach,2,0,2,-2
6000000023982388521,Q29401026,Karl August von Isenburg-Büdingen,2,0,2,-2
6000000002135022680,Q294192,Guy I,2,0,2,-2
6000000000138741416,Q294607,Duarte 'o Eloquente' de Portugal,2,0,2,-2
6000000008248156335,Q295086,Guntram,2,0,2,-2
6000000029854941152,Q2958495,Charles,2,0,2,-2
6000000105902690821,Q2959282,Charles Gustave Martin de Chassiron,2,0,2,-2
6000000003827675848,Q2959418,Charles de Montmorency,2,0,2,-2
6000000001504743105,Q2965036,Christian Barnekow,2,0,2,-2
6000000002837440699,Q297086,Alexander,2,0,2,-2
6000000008778335019,Q2976549,Mikhail Boleslaus,2,0,2,-2
6000000000437385329,Q297855,Cyaxares,2,0,2,-2
6000000000351011235,Q2981947,Estrid Margrethe Svendsdatter Jelling,2,0,2,-2
6000000001041559796,Q298263,Cináed MacAlpín,2,0,2,-2
6000000082983514312,Q29846862,Adalberto II,2,0,2,-2
6000000002188193868,Q2985487,寶炬 河南洛陽,2,0,2,-2
6000000003153451632,Q298577,Marwan Al-Umawi,2,0,2,-2
6000000007531887429,Q299291,Avidius,2,0,2,-2
6000000007061683028,Q299293,Elizabeth Albertine Askanier,2,0,2,-2
6000000008312444741,Q2994313,Vitenas Volk Davilovich iš Riurikų,2,0,2,-2
6000000003645890224,Q2998641,Cotys VIII,2,0,2,-2
6000000000682305430,Q3018115,David III de Strathbogie,2,0,2,-2
6000000003827521948,Q3021569,Jean de Croÿ,2,0,2,-2
6000000003983414674,Q3027420,Diego II 'da Ona' Lopez,2,0,2,-2
6000000047577476651,Q3028241,Emilie dite Dinah Félix,2,0,2,-2
6000000001842544359,Q303216,Henri I I de la Tour d'Auvergne-Bouillon,2,0,2,-2
6000000002501819220,Q30346415,Elcha (Elsa) Weil,2,0,2,-2
6000000006101344930,Q303942,Alix Marie Joséphine Thérèse Henriette de Foresta,2,0,2,-2
6000000002188305292,Q304688,"Childebert ""the Adopted"" Pippinides",2,0,2,-2
6000000016150913070,Q3069477,Fernando José,2,0,2,-2
6000000014162806965,Q3080914,Francesco,2,0,2,-2
6000000000424629314,Q3082675,Emma,2,0,2,-2
6000000022485619735,Q3086262,François de Montmorin Saint Hérem,2,0,2,-2
6000000178568743982,Q3086298,François de Pérusse des Cars,2,0,2,-2
6000000002447405119,Q3086637,Françoise,2,0,2,-2
6000000006602664678,Q309845,Flavius Richomeres,2,0,2,-2
4181250114820035915,Q310152,Eric Jedvardsson of Sweden,2,0,2,-2
6000000015703710942,Q3103673,Georges de Brancas,2,0,2,-2
6000000001324096521,Q311433,Huayna Cápac,2,0,2,-2
6000000035548372538,Q31173599,RM. Boedi Setiyo Soesalit,2,0,2,-2
368714613840011374,Q311861,"Charles III ""the Short""",2,0,2,-2
6000000006727770084,Q31191294,Ludwig Eberhard Hohenlohe,2,0,2,-2
6000000015349798977,Q31191518,Maria Elisabeth von Hohenzollern-Sigmaringen,2,0,2,-2
6000000026998415853,Q31191520,Maria Cleopha Sigismunde von Hohenzollern-Sigmaringen,2,0,2,-2
6000000003858478275,Q31191585,Matilde von Sponheim-Starkenburg,2,0,2,-2
6000000014248627141,Q31191660,Friedrich Eberhard Graf von Hohenlore-Langenburg,2,0,2,-2
6000000007207779938,Q31191706,Julia Felicitas Württemberg,2,0,2,-2
6000000023982467249,Q31191794,Philipp Ernst von Isenburg-Büdingen,2,0,2,-2
6000000006727753287,Q31192270,Dorothea Sophie zu Solms-Hohensolms,2,0,2,-2
6000000007416760108,Q31192648,Friedrich II von Fürstenberg,2,0,2,-2
6000000001504991300,Q31192730,Johann Ludwig von Leiningen,2,0,2,-2
6000000012009899274,Q31192943,Gustav,2,0,2,-2
6000000015266171748,Q3119915,Guillaume de Melun,2,0,2,-2
6000000015812656590,Q3121512,Guy Aldonce de Durfort,2,0,2,-2
6000000002447405884,Q3121857,Guy IX De Montmorency-Laval,2,0,2,-2
6000000006870219033,Q3122211,Guy XIII Jean de Montfort,2,0,2,-2
6000000003897534660,Q312369,Boniface I,2,0,2,-2
4259386,Q31240,Louise Borgia d'Albret Borgia,2,0,2,-2
6000000012303301082,Q3127394,Hartnid,2,0,2,-2
6000000049954491950,Q3127999,Haruchika,2,0,2,-2
6000000000499350741,Q313079,Thorismund,2,0,2,-2
6000000009937160661,Q3130982,Francisco Javier del Granado y Granado,2,0,2,-2
6000000005944489249,Q3132764,Simon,2,0,2,-2
6000000000460726610,Q313427,Ivan II,2,0,2,-2
6000000011627101338,Q313801,朝仁,2,0,2,-2
6000000006101322830,Q313912,Amyntas,2,0,2,-2
6000000020681070735,Q3140267,Honoré d'Albert,2,0,2,-2
6000000010123487718,Q314383,Reginald van Gelre,2,0,2,-2
6000000003827561331,Q314442,Alexios I Megas Komnenos,2,0,2,-2
6000000005936551695,Q314521,Berengar II,2,0,2,-2
6000000003645797930,Q31491,Flavius Tiberius Constantinus Augustus .,2,0,2,-2
6000000003820968553,Q3156264,Ívarr Gudrødsson,2,0,2,-2
6000000029131660849,Q3159143,Jacques de Bourbon,2,0,2,-2
6000000010495206375,Q3160322,Jacques de Montmorency,2,0,2,-2
6000000007331031347,Q316104,Wernher von Habsburg,2,0,2,-2
6000000016441255389,Q316518,Louis Gabriel Suchet,2,0,2,-2
6000000017805653816,Q3165694,Gabriel,2,0,2,-2
6000000016078113846,Q3165700,Peter Andersson,2,0,2,-2
6000000021193682830,Q3168906,Jean Pierre Hugues de Cambacérès,2,0,2,-2
6000000006727821695,Q317133,Bogislaw VIII von Pommern,2,0,2,-2
3624768,Q31721,Håkon Eriksson,2,0,2,-2
6000000009844560609,Q3177180,Jens Engebreth Amundsen,2,0,2,-2
6000000177561410832,Q3179471,Joachim Joseph André MURAT,2,0,2,-2
6000000001156548017,Q318142,Gōdwine Wulfnothsson,2,0,2,-2
6000000012137915513,Q318645,Ervigio,2,0,2,-2
6000000013383490506,Q3188140,Juhel III,2,0,2,-2
6000000003714580449,Q318912,Erik NN,2,0,2,-2
6000000026509537435,Q3189704,Julien Isaïe Weill,2,0,2,-2
6000000022542856047,Q3190545,Justinien Victor Somis,2,0,2,-2
6000000000701099860,Q319075,Antipater II 'the Idumaean',2,0,2,-2
6000000003645782783,Q319266,Werner V. { IV.} Graf von Worms (von Herrenberg),2,0,2,-2
6000000003827477529,Q319932,Otto,2,0,2,-2
6000000003062994857,Q319990,Ratislaus 1.,2,0,2,-2
6000000007105284483,Q320371,Robert,2,0,2,-2
6000000091605379281,Q320414,Crescentius I,2,0,2,-2
6000000013270430121,Q321325,"António I ""the Determined"" of Portugal",2,0,2,-2
6000000081787224933,Q321854,Cansignorio,2,0,2,-2
6000000014207901274,Q323050,Heinrich x Reuß jüngere Linie,2,0,2,-2
6000000047578379821,Q3237600,Adélaïde dite Lia Félix,2,0,2,-2
6000000007491380223,Q323784,"Christian II Der Jüngere, Herzog Wettin, Albertiner",2,0,2,-2
6000000035832439069,Q324506,Treniota,2,0,2,-2
6000000016434526555,Q325735,Johann Nassau,2,0,2,-2
6000000003116926743,Q325817,Christian V von Oldenburg,2,0,2,-2
6000000014068103890,Q3260496,Louis-François,2,0,2,-2
6000000029537288264,Q3263420,Willem Vincent van Wittenhorst,2,0,2,-2
6000000007962069611,Q327041,Thomas James Churchill,2,0,2,-2
6000000022542619774,Q3271858,Léopold Gustave Niel,2,0,2,-2
6000000031868767660,Q327847,"Ernst Gottlieb ""der Stärke""",2,0,2,-2
6000000001041459819,Q327849,Alpín,2,0,2,-2
6000000004835595221,Q328011,Hans Christophersen von Schack,2,0,2,-2
6000000006727853435,Q328570,Sofie Elisabeth Hohenzollern,2,0,2,-2
6000000004533266161,Q3290759,Marguerite Clémence de Bourgogne,2,0,2,-2
6000000005076736656,Q3292873,Marie de Bourbon Dampierre,2,0,2,-2
6000000000542097375,Q3292886,Marie de Châtillon,2,0,2,-2
6000000015815450732,Q3292891,Marie de Durfort,2,0,2,-2
6000000021213921484,Q3292932,Augustine Joséphine Agnès Marie ROHAN-CHABOT (de),2,0,2,-2
361242720430013551,Q329708,Matthew Asen Kantakouzenos,2,0,2,-2
6000000000013017126,Q332136,Máel Coluim Mac Cináeda,2,0,2,-2
6000000007042743388,Q3323531,"Álvaro ""el viejo""",2,0,2,-2
5549772381560104706,Q3327274,Pedro,2,0,2,-2
6000000021012564780,Q333218,Mamai Aziz Khan - Sultan Aziz Shaykh Khan - Кият,2,0,2,-2
6000000156813122881,Q3335904,Napoleone,2,0,2,-2
6000000016438344659,Q333843,Paul François Jean Nicolas de Barras,2,0,2,-2
6000000012653570212,Q3341509,Никита Акинфиевич,2,0,2,-2
6000000003082460872,Q3364492,Ragna,2,0,2,-2
5468234594300054938,Q3365710,Anders Eriksen Bille,2,0,2,-2
6000000003302337846,Q337189,Arnoul,2,0,2,-2
5337081935340058477,Q3373761,Ellen Mogensdatter Gøye,2,0,2,-2
6000000009048960164,Q337741,Francesco I,2,0,2,-2
6000000003827184480,Q3379852,Daniel Gookin,2,0,2,-2
6000000049166080900,Q3384451,Pierre Claude Louis Robert,2,0,2,-2
6000000008679279639,Q3387524,Pierre,2,0,2,-2
6000000013403066391,Q3387623,Pierre de Maguelone,2,0,2,-2
6000000003645870070,Q339094,Gunther,2,0,2,-2
6000000012431667989,Q339595,Nashimoto 梨本宮,2,0,2,-2
6000000004868918513,Q3424904,Renaud de Pons,2,0,2,-2
6000000002525584585,Q3429122,Tyge Axelson,2,0,2,-2
6000000011161735311,Q3431291,Anders Kjeldsen,2,0,2,-2
6000000023205323937,Q3432027,Gunder Anton Johannesen,2,0,2,-2
6000000018989752074,Q3435383,Damaspia,2,0,2,-2
6000000006101128459,Q3436643,Robert de Ferrers,2,0,2,-2
6000000003098118211,Q3437872,Aimery,2,0,2,-2
6000000007240873233,Q3438508,Rodrigo de Villandrando,2,0,2,-2
6000000002606652260,Q3438704,Roger Le Bigod,2,0,2,-2
6000000001950644831,Q3441106,Karl,2,0,2,-2
5233386757510064451,Q344802,Sancho Ramírez de Aragón,2,0,2,-2
6000000009686935665,Q346835,Sahle Seged,2,0,2,-2
6000000002043186800,Q348214,Adalard de Paris,2,0,2,-2
6000000037504490385,Q3483732,Sitric mac Ímair,2,0,2,-2
6000000060199219847,Q348466,Iemochi,2,0,2,-2
6000000003828401492,Q348583,Septimus Odaenathus,2,0,2,-2
6000000004976393187,Q348955,Edwin,2,0,2,-2
6000000010649439028,Q349074,Bohemond VI,2,0,2,-2
6000000007087224258,Q349097,"Bohemond IV ""the One-Eyed""",2,0,2,-2
6000000003578848967,Q3492362,Philippa of Luxembourg,2,0,2,-2
6000000007962497137,Q349270,Adam Erdmann Erdman,2,0,2,-2
6000000002043263529,Q3494265,Sprota,2,0,2,-2
6000000143879460822,Q3497190,衡,2,0,2,-2
6000000015051550688,Q3498458,Siemowit,2,0,2,-2
6000000007069007071,Q350010,Hendrik van den Bergh,2,0,2,-2
6000000023531378472,Q353698,懿 仲達 河內溫縣,2,0,2,-2
6000000000437348457,Q353832,Adela 'de Wrede',2,0,2,-2
6000000017177761816,Q355455,Moses,2,0,2,-2
6000000014993996932,Q3556314,Verissimo,2,0,2,-2
6000000030802674851,Q356118,Toshimichi Ōkubo,2,0,2,-2
6000000009781156401,Q3568993,William Tell,2,0,2,-2
5218782742890054384,Q356952,Anne,2,0,2,-2
6000000002940877547,Q357585,Marcus Antonius Creticus,2,0,2,-2
6000000020709658300,Q359014,Mithridates,2,0,2,-2
6000000003772894487,Q3595927,Maymuna Al-Hilali,2,0,2,-2
6000000012691639866,Q359810,Lucius Caecilius Metellus,2,0,2,-2
6000000001337643334,Q360742,João Gonçalves Gonçalves Zarco,2,0,2,-2
6000000004303404659,Q3609374,Aldobrandino d'Este,2,0,2,-2
6000000007155293220,Q361276,Flavius Ardabur Aspar,2,0,2,-2
6000000015341146827,Q3615841,Andrea Matteo III,2,0,2,-2
6000000007764169228,Q3619006,Antonia del Balzo,2,0,2,-2
6000000041260731941,Q3621973,Publius Cornelius Sulla,2,0,2,-2
6000000014322509720,Q3624485,Gaius Julius Archelaus Antiochus Epiphanes,2,0,2,-2
6000000002188470182,Q3629555,Auguste Eugenie von Württemberg-Urach,2,0,2,-2
6000000171728699373,Q3637261,Béatrice Hiéronyme de Lorraine,2,0,2,-2
6000000001257444591,Q363849,Ceawlin,2,0,2,-2
6000000006444211538,Q3640852,Blanche Somerset,2,0,2,-2
6000000008384003915,Q365659,Andronikos III Megas Komnenos,2,0,2,-2
6000000157069678833,Q3659319,Carlo,2,0,2,-2
6000000015228280204,Q3659453,Carlo Gonzaga,2,0,2,-2
6000000002142247689,Q366048,Cerdic,2,0,2,-2
6000000015210027883,Q3663485,Caterina Anguissola,2,0,2,-2
6000000000011075006,Q367001,Ramon Berenguer III,2,0,2,-2
6000000003204433619,Q367271,Rupert I legnicki,2,0,2,-2
6000000008024207441,Q36760,David,2,0,2,-2
6000000007104027624,Q368756,Guillaume de Vienne,2,0,2,-2
6000000002188017479,Q369209,Manfred II,2,0,2,-2
6000000003320644029,Q3697572,Christine Katharina von Salm,2,0,2,-2
6000000041211864777,Q370603,Marcus Terentius Varro Lucullus,2,0,2,-2
6000000007355319799,Q370930,Enrique de Aragón y Pimentel,2,0,2,-2
6000000000125565519,Q37135,Isaac Angelos,2,0,2,-2
6000000000156969822,Q372211,Henry Howard,2,0,2,-2
6000000007362916782,Q3723434,Elizabeth Vernon,2,0,2,-2
6000000000010527647,Q373007,"Juan Manuel ""el Escritor""",2,0,2,-2
6000000081979715040,Q3731193,Ercole,2,0,2,-2
6000000011626825815,Q373949,熈仁,2,0,2,-2
6000000003349733094,Q3739601,"Karl ""den Döve"" Bengtsson",2,0,2,-2
6000000002176654174,Q374056,Nuno Álvares,2,0,2,-2
6000000011627278817,Q374104,守平,2,0,2,-2
6000000003827671461,Q3750106,Francesco,2,0,2,-2
6000000015320169726,Q3755909,Marie of Foix,2,0,2,-2
6000000001588464379,Q3757380,Gaitelgrima de Bénévento,2,0,2,-2
6000000184946521840,Q3761883,Hyacinthe ARRIGHI DE CASANOVA,2,0,2,-2
6000000007601543914,Q376662,Brien,2,0,2,-2
6000000000125596647,Q3767041,Ioannes Κομνηνός,2,0,2,-2
6000000181960185830,Q3767247,Giovanni,2,0,2,-2
6000000002134845380,Q3779058,William de Braose,2,0,2,-2
6000000003645692144,Q378271,"Baldwin I ""Iron-Arm""",2,0,2,-2
6000000013157063808,Q378356,徵 玄成 鉅鹿曲城,2,0,2,-2
6000000006444755268,Q3784997,Henry,2,0,2,-2
6000000006862172450,Q379277,Juba,2,0,2,-2
6000000019070001646,Q379718,"Hacı Devlet ""Melek"" Giray iš Krymo",2,0,2,-2
6000000000033480178,Q379783,Vermudo I 'el Diácono',2,0,2,-2
6000000002998122170,Q380479,Shayba Al-Hashemi,2,0,2,-2
6000000012962735766,Q3808928,Johannes Canuti,2,0,2,-2
6000000000683579442,Q381288,Ivan Vladislav Komitopulos,2,0,2,-2
6000000003696065270,Q3814737,Keran of Lampron,2,0,2,-2
6000000069635291821,Q3827740,Laura Emanuele Bon,2,0,2,-2
6000000015228203536,Q3839024,Lucrezia Gonzaga,2,0,2,-2
6000000068441490332,Q3839239,Luigi Acquaviva d'Aragona e Colonna,2,0,2,-2
6000000014163837232,Q3845880,Marcantonio,2,0,2,-2
6000000002188578902,Q3847599,Marie d'Alençon,2,0,2,-2
6000000002142248176,Q3847844,Cuthwine,2,0,2,-2
6000000021012246803,Q38523731,Michał,2,0,2,-2
6000000039182794204,Q387179,Lope II Díaz Iniguez Ortiz,2,0,2,-2
6000000002187718454,Q3881730,Olympias .,2,0,2,-2
6000000008873369815,Q3920458,Семен Иванович Можайский,2,0,2,-2
6000000011770233298,Q3920891,Wasilko Wołodarowicz,2,0,2,-2
6000000007215687165,Q3932110,Anna Diogenissa,2,0,2,-2
367922923820005107,Q394552,Agnieszka Władysławówna,2,0,2,-2
6000000005598851327,Q3978513,Sueva del Balzo,2,0,2,-2
6000000022469409599,Q39837,Abu ’l-Walīd Muḥammad,2,0,2,-2
6000000030250282578,Q40038499,Yoshitaka,2,0,2,-2
6000000140226912492,Q4024070,Zeffirino,2,0,2,-2
6000000007980337229,Q4027438,Oluf Pederson Kalips,2,0,2,-2
6000000116353463850,Q4044211,Xolotl (Tlatoani Chichimeca),2,0,2,-2
6000000007051737905,Q4064868,Anarawd Gwalch-crwn,2,0,2,-2
6000000078811318472,Q4065843,Adrian Mstislavich,2,0,2,-2
6000000001397812864,Q4066550,Anna Gediminids,2,0,2,-2
6000000002188289085,Q4066696,Annia Cornelia Annia,2,0,2,-2
6000000009038418751,Q4093441,Borakchin iš Alči-Totorių,2,0,2,-2
6000000007615345360,Q4098856,Yuri Mikhailovich Bulgakov,2,0,2,-2
6000000006101381799,Q4104437,Василий Иванович,2,0,2,-2
6000000003828041990,Q4104461,Vasili Yaroslavich,2,0,2,-2
6000000017639353570,Q4104905,Vasilko Romanovich,2,0,2,-2
6000000007948026658,Q4122091,Theodora Kantakouzene,2,0,2,-2
6000000032982445452,Q41255140,Diego Pedro,2,0,2,-2
6000000017635591241,Q4139852,Alexander Мансурович,2,0,2,-2
6000000021012764743,Q4139854,Boris Иванович Glinski,2,0,2,-2
6000000017636172351,Q4139859,Ivan Alexandrovich Glinski,2,0,2,-2
6000000007985254782,Q4141543,Andrey Vasilyevich,2,0,2,-2
6000000002404739430,Q4141555,Vasily Yuryevich,2,0,2,-2
6000000010753672980,Q4141567,Ivan Vasilyevich,2,0,2,-2
6000000007604827698,Q4141569,Ivan Yuryevich,2,0,2,-2
6000000009129002674,Q4142835,Maria Olshanska,2,0,2,-2
6000000006198950715,Q4154342,Nils Sture,2,0,2,-2
6000000002187823066,Q41603,John I Tzimiskēs Kourkouas,2,0,2,-2
6000000000437064603,Q41618,Leo,2,0,2,-2
6000000003827451934,Q4162885,Dmitry Borisovich Rurikid,2,0,2,-2
6000000029667847237,Q4162906,Дмитрий Фёдорович,2,0,2,-2
6000000002433994667,Q41646,Romanos I Lekapenos,2,0,2,-2
6000000002187820571,Q41830,Andronikos Komnenos,2,0,2,-2
6000000018002013434,Q4189478,"Иван Александрович ""Больший""",2,0,2,-2
6000000078739412920,Q4195546,Ivan Andreyevich,2,0,2,-2
6000000006425920047,Q4195564,Ivan Vasilievich Patrikeev-Bulgak,2,0,2,-2
6000000050650155828,Q42,Douglas Noel,2,0,2,-2
6000000001173860005,Q422205,Hywel Dda ap Cadell,2,0,2,-2
6000000012956621309,Q4222774,Tiberillus?,2,0,2,-2
6000000008498952370,Q42330676,Sergei Оскарович de Witt,2,0,2,-2
6000000002188436982,Q423512,Francesco Saverio Massimo,2,0,2,-2
6000000039950646675,Q4247731,Andrey Petrovich Kurakin,2,0,2,-2
6000000178277775821,Q42572804,Carlo (Tommaso),2,0,2,-2
6000000002465094974,Q42606,Nebmaatre Amenhotep III,2,0,2,-2
6000000052161244948,Q4273020,肅 恭懿 琅邪臨沂,2,0,2,-2
6000000014192696005,Q4281666,Mariya Dmitrievna Дмитриевна Szemicka 1410-56,2,0,2,-2
6000000000424645801,Q4284808,Matilda FitzRobert,2,0,2,-2
6000000007317481262,Q4288329,Mieszko,2,0,2,-2
4821628772810061070,Q4291189,Merfyn Mawr,2,0,2,-2
6000000039977511791,Q4297200,Михайло Фёдорович,2,0,2,-2
6000000014170572042,Q4305604,"Mstislav Rostislavich ""the Brave"" of Novgorod",2,0,2,-2
6000000078734311760,Q4305628,Ivan Fyodorovich,2,0,2,-2
6000000017554354336,Q4309050,慎 隴西狄道,2,0,2,-2
6000000017602631388,Q431850,Constantine Bagrationi,2,0,2,-2
6000000003828135429,Q43277594,Geoffrey de Valognes,2,0,2,-2
6000000003995013840,Q433010,Luise Charlotte,2,0,2,-2
6000000017989348726,Q4331745,Vasili Shvih Semenovich,2,0,2,-2
6000000017986292770,Q4331752,Ivan Юрьевич,2,0,2,-2
6000000031614532245,Q4331760,Peter Semenovich,2,0,2,-2
6000000013301302772,Q4333471,Oleg Ivanovich,2,0,2,-2
6000000006597081346,Q435844,Lamoraal van Egmont,2,0,2,-2
6000000003858820465,Q435978,"Albrecht IV ""der Geduldige"" von Österreich",2,0,2,-2
6000000008970361615,Q436471,Onfroi de Montfort,2,0,2,-2
6000000001044775728,Q437838,Ferdinando I,2,0,2,-2
6000000006444220953,Q437917,Robert,2,0,2,-2
6000000006727823016,Q4380881,Butautas-Henryk ??? Gediminid,2,0,2,-2
6000000031597017046,Q4382390,Margier,2,0,2,-2
5666856869970026974,Q43958,Rodrigo 'el Cid',2,0,2,-2
6000000011626574126,Q440538,世仁,2,0,2,-2
6000000002240822083,Q441555,Irina Feodorovna Годунова,2,0,2,-2
6000000031614238616,Q4415748,Semion Yuryevich,2,0,2,-2
6000000029668661998,Q4415750,Семён Фёдорович,2,0,2,-2
6000000003645853693,Q441885,Nikaia,2,0,2,-2
6000000145949600821,Q44191365,Konrad VII von Diepholz,2,0,2,-2
6000000004533205803,Q44191858,Eberhard von Hengebach,2,0,2,-2
6000000006727757173,Q44192078,"Anna Elisabeth Elisabeth, Countess von Oettingen-Oettingen",2,0,2,-2
6000000006727753007,Q44192661,Agnes Elisabeth Barby,2,0,2,-2
6000000006727826039,Q442562,Johan l,2,0,2,-2
6000000002141623547,Q442590,Johanne Charlotte Askanier,2,0,2,-2
6000000179020924902,Q444319,"Charlotte (""Caroline"") Vanhove",2,0,2,-2
6000000003827451959,Q444658,Louis Capet,2,0,2,-2
6000000018291678793,Q4450258,Taksha,2,0,2,-2
6000000075259674108,Q4454368,Василий Иванович,2,0,2,-2
6000000075248898876,Q4454371,Михаил Фёдорович,2,0,2,-2
6000000004344576561,Q447413,Maud Plantagenet,2,0,2,-2
6000000008010248463,Q447439,David Komnenos,2,0,2,-2
6000000002188399328,Q449181,Philippine Auguste Amalie Hohenzollern,2,0,2,-2
6000000009140576144,Q4493874,Fiodor Mikhailovich,2,0,2,-2
6000000063560784829,Q449750,Allwig,2,0,2,-2
6000000032884648904,Q4498607,Андрей Андреевич,2,0,2,-2
6000000003494774759,Q451397,Ernst,2,0,2,-2
6000000002188399314,Q451430,Anna Elisabeth Louise Hohenzollern,2,0,2,-2
6000000008248363443,Q451904,Amédée de Montfauçon,2,0,2,-2
6000000011626994461,Q451926,彦仁,2,0,2,-2
6000000002598892743,Q451949,Amadeus IV,2,0,2,-2
6000000017436661301,Q451972,Giuditta Grisi,2,0,2,-2
6000000000196887298,Q451989,Amadeus V,2,0,2,-2
3602493,Q452699,Erich Griffin,2,0,2,-2
6000000021376267163,Q45274830,Alois Maria,2,0,2,-2
6000000011090606326,Q4528698,Vasili Mikhailov,2,0,2,-2
6000000011090464546,Q4528699,Mikhail Daniilov Prince,2,0,2,-2
6000000003087188011,Q453056,Borivoj II II. Przemyslides,2,0,2,-2
6000000084396408168,Q453220,Amalie Von Stubenrauch,2,0,2,-2
6000000000124012386,Q453327,Amauri I de Montfort,2,0,2,-2
4954353449500028686,Q453491,Michael III Asen,2,0,2,-2
6000000074300021992,Q45354621,謙之 恭道 濟州鉅野,2,0,2,-2
6000000037888980437,Q45354631,端彥 美叔 濟州鉅野,2,0,2,-2
6000000037745968305,Q45356323,跂 至之 相州安陽,2,0,2,-2
6000000074691806017,Q45356325,球 美成 信州上饒,2,0,2,-2
6000000038106381514,Q45356408,宗師 傳道 開封雍邱,2,0,2,-2
6000000074698241821,Q45356829,奕脩 叔微 常州武進,2,0,2,-2
6000000075419360843,Q45357370,中師 加錫 開封,2,0,2,-2
6000000016708988944,Q45358111,宰 元鈞 越州山陰,2,0,2,-2
6000000037603687944,Q45358656,遲 伯克 眉州眉山,2,0,2,-2
6000000037603431461,Q45358667,籀 仲滋 婺州金華,2,0,2,-2
6000000074704491912,Q45359085,天申 宋州宋城,2,0,2,-2
6000000074352591414,Q45359255,純 孝錫 濮州鄄城,2,0,2,-2
6000000038177205050,Q45359725,琮 河南洛陽,2,0,2,-2
6000000074310168016,Q45360425,遘 澶州清豐,2,0,2,-2
6000000074300073897,Q45360443,宗簡 濟州鉅野,2,0,2,-2
6000000074473300872,Q45360845,彥直 輔之 常州武進,2,0,2,-2
6000000038046765960,Q45361112,百嘉 子豐 成都華陽,2,0,2,-2
6000000074370609010,Q45362114,大同 逢吉 婺州金華,2,0,2,-2
6000000058106474225,Q45362384,朴 文季 陝州夏縣,2,0,2,-2
6000000074703563016,Q45362433,不欺 子正 眉州眉山,2,0,2,-2
6000000037591592660,Q45362452,迨 仲豫 眉州眉山,2,0,2,-2
6000000038132474107,Q45362812,協 同季 湖州德清,2,0,2,-2
6000000038132118799,Q45363059,絪 建昌南城,2,0,2,-2
6000000037590883097,Q45363121,蕡 成之 撫州金谿,2,0,2,-2
6000000074350135828,Q45363400,師孟 醇老 濟州鉅野,2,0,2,-2
6000000042926082999,Q45363635,恬 天隱 蘇州常熟,2,0,2,-2
6000000074704729073,Q45363736,文淑 撫州臨川,2,0,2,-2
6000000074704424247,Q45363781,撫州臨川,2,0,2,-2
6000000039003537305,Q45364026,相州蕩陰,2,0,2,-2
6000000074718889913,Q45364068,撫州臨川,2,0,2,-2
6000000074711926999,Q45365139,文淵 深道 建州松溪,2,0,2,-2
6000000075058357871,Q45365482,保孫 子道 冀州信都,2,0,2,-2
6000000042926247755,Q45365577,晞顏 景淵 蘇州吳縣,2,0,2,-2
6000000074698910917,Q45365747,景暉 越州會稽,2,0,2,-2
6000000037910886848,Q45365953,康 公休 陝州夏縣,2,0,2,-2
6000000074725351727,Q45366052,幾 揚州江都,2,0,2,-2
6000000042925847057,Q45366646,良臣 道弼 宣州宣城,2,0,2,-2
6000000074730235970,Q45371968,勗 慎行 京兆武功,2,0,2,-2
6000000074730292930,Q45371988,震 岐州扶風,2,0,2,-2
6000000042925897488,Q45373406,湜 正叔 平江崑山,2,0,2,-2
6000000074700844933,Q45377006,龜年 且老 臨江清江,2,0,2,-2
6000000074698517247,Q45377390,景仁 彥長 越州會稽,2,0,2,-2
6000000074698647128,Q45377452,魯 越州會稽,2,0,2,-2
6000000074309796054,Q45378039,公壽 平子 澶州,2,0,2,-2
6000000074332699621,Q45378091,公裕 好問 濟州金鄉,2,0,2,-2
6000000074691673915,Q45378702,仲較 世卿 開封祥符,2,0,2,-2
6000000074712392902,Q45380463,隆 河南,2,0,2,-2
6000000047502960340,Q45382268,伯言 遜叔 越州會稽,2,0,2,-2
6000000074689518806,Q45382965,正辭 江陵,2,0,2,-2
6000000074692148831,Q45382985,鄂州武昌,2,0,2,-2
6000000074716863227,Q45383422,縕 建昌南城,2,0,2,-2
6000000074691772869,Q45384016,度 成都華陽,2,0,2,-2
6000000074691325032,Q45384094,仲微 希元 開封,2,0,2,-2
377260811960002204,Q453869,Anne d'Alençon,2,0,2,-2
6000000037746241493,Q45387263,浩 相州安陽,2,0,2,-2
6000000074380737235,Q45387425,從 正夫 大名莘縣,2,0,2,-2
6000000074748299860,Q45387485,諮 守仁 晉昌冥安,2,0,2,-2
6000000074748232916,Q45387489,揣 子化 晉昌冥安,2,0,2,-2
6000000038027526626,Q45387597,大倫 時敘 婺州金華,2,0,2,-2
6000000175076507006,Q4538770,Yaroslav Vladimirovich,2,0,2,-2
6000000036584532927,Q45389721,用之 撫州臨川,2,0,2,-2
6000000074749519949,Q45390407,孝通 河東汾陰,2,0,2,-2
6000000037591886338,Q45391332,邁 伯達 眉州眉山,2,0,2,-2
6000000037603270240,Q45391369,簡 伯業 婺州金華,2,0,2,-2
6000000074750029146,Q45391604,敬之 敬之 太原,2,0,2,-2
6000000075063179914,Q45392874,兼 孟達 宣州宣城,2,0,2,-2
6000000074704064296,Q45394872,縱 鎮江丹徒,2,0,2,-2
6000000074704961891,Q45402041,棣 儀仲 撫州臨川,2,0,2,-2
6000000074704759393,Q45402050,適 子立 趙州臨城,2,0,2,-2
6000000074769112111,Q45404419,俱 載之 杭州錢塘,2,0,2,-2
6000000002188569206,Q454063,Charles,2,0,2,-2
6000000075326717991,Q45417800,孝德 順孫 東海郯縣,2,0,2,-2
6000000074758788773,Q45418965,約 世約 京兆杜陵,2,0,2,-2
6000000075329022920,Q45418994,斌 京兆杜陵,2,0,2,-2
6000000075333991044,Q45419068,恆 京兆杜陵,2,0,2,-2
6000000074747813117,Q45419076,瑤 昌仁 晉昌冥安,2,0,2,-2
6000000074748635836,Q45419078,欽 孟直 晉昌冥安,2,0,2,-2
6000000074747867226,Q45419081,歡 晉昌冥安,2,0,2,-2
6000000074748761898,Q45419083,二政 晉昌冥安,2,0,2,-2
6000000074747743378,Q45419087,世宗 晉昌冥安,2,0,2,-2
6000000075328772963,Q45419341,整 思齊 京兆杜陵,2,0,2,-2
6000000075344883836,Q45419428,紀 仲烈 廣平列人,2,0,2,-2
6000000075344334144,Q45419579,巘 齊州歷城,2,0,2,-2
6000000075344880902,Q45419584,昭符 齊州歷城,2,0,2,-2
6000000075344965849,Q45419590,昭遠 齊州歷城,2,0,2,-2
6000000074748414838,Q45419701,契 晉昌冥安,2,0,2,-2
6000000074748169104,Q45419704,純 玄粹 晉昌冥安,2,0,2,-2
6000000074748473857,Q45419705,岳 令世 晉昌冥安,2,0,2,-2
6000000074712087944,Q45419994,襲 滑州匡城,2,0,2,-2
6000000074712437841,Q45419998,閣 滑州匡城,2,0,2,-2
6000000074711949012,Q45419999,傑 滑州匡城,2,0,2,-2
6000000074748247939,Q45420160,儼 整之 北海中山,2,0,2,-2
6000000074748366834,Q45420161,輪 文轉 北海中山,2,0,2,-2
6000000074746329431,Q45420199,慶 彭城,2,0,2,-2
6000000075061502982,Q45420203,通 彭城,2,0,2,-2
6000000074747073825,Q45420205,僧利 彭城,2,0,2,-2
6000000048525959848,Q45420290,鷟 元翔 河東解縣,2,0,2,-2
6000000048526050859,Q45420298,子斌 伯達 河東解縣,2,0,2,-2
6000000057281469946,Q45420442,苞 河東聞喜,2,0,2,-2
6000000074730280017,Q45420557,簡之 河東聞喜,2,0,2,-2
6000000057634573215,Q45420560,景 河東聞喜,2,0,2,-2
6000000057635239934,Q45420563,昚 歸厚 河東聞喜,2,0,2,-2
6000000075344619836,Q45420608,標 博陵安平,2,0,2,-2
6000000057600940941,Q45420689,希惇 處實 河東聞喜,2,0,2,-2
6000000075343735244,Q45421269,頲 深州安平,2,0,2,-2
6000000075344654841,Q45421271,琯 深州安平,2,0,2,-2
6000000074750172072,Q45421407,幼明 仲遠 太原,2,0,2,-2
6000000074758024845,Q45421633,顒 思顏 京兆杜陵,2,0,2,-2
6000000074758000865,Q45421634,景秀 京兆杜陵,2,0,2,-2
6000000075401230155,Q45421837,太君 幽州范陽,2,0,2,-2
6000000074716957944,Q45421912,佶 清河武城,2,0,2,-2
6000000075060956830,Q45421949,䎖 隴西狄道,2,0,2,-2
6000000075402190833,Q45422110,蔚 茂休 鄭州管城,2,0,2,-2
6000000075346653841,Q45422198,河東解縣,2,0,2,-2
6000000074733547877,Q45422214,弘農華陰,2,0,2,-2
6000000075401897224,Q45422310,令植 廣平易陽,2,0,2,-2
6000000075344445964,Q45422446,深州安平,2,0,2,-2
6000000075375027843,Q45422714,義山 河東聞喜,2,0,2,-2
6000000074732952053,Q45422801,廩 蘭陵,2,0,2,-2
6000000074788721899,Q45422861,慈明 鄭州榮陽,2,0,2,-2
6000000074712473826,Q45424434,侔 滑州匡城,2,0,2,-2
6000000074711900083,Q45424477,彥琮 滑州匡城,2,0,2,-2
6000000074704694911,Q45425054,蘇州常熟,2,0,2,-2
6000000002176664000,Q454258,Spytihněv II II Přemyslid,2,0,2,-2
6000000074712178879,Q45427816,建州松溪,2,0,2,-2
6000000074726071006,Q45428467,尚賢 平江崑山,2,0,2,-2
6000000074472560916,Q45429754,常州武進,2,0,2,-2
6000000002229247837,Q454304,Henry ll “the Quarrelsome”,2,0,2,-2
6000000037590820321,Q45431126,撫州臨川,2,0,2,-2
6000000074354764884,Q45432282,開封,2,0,2,-2
6000000075344550120,Q45436461,弘宗 子中 范陽方城,2,0,2,-2
6000000075401177463,Q45437402,珩 垂則 河南洛陽,2,0,2,-2
6000000075344722996,Q45437464,崇素 遵禮 清河武城,2,0,2,-2
6000000074735168825,Q45438532,仲良 隴西狄道,2,0,2,-2
6000000074735057925,Q45438594,去病 隴西狄道,2,0,2,-2
6000000074735160839,Q45438657,季良 隴西狄道,2,0,2,-2
6000000074735163833,Q45438784,仁裕 隴西狄道,2,0,2,-2
6000000074735060896,Q45438846,晉 隴西狄道,2,0,2,-2
6000000074735070889,Q45438910,濟 京兆長安,2,0,2,-2
6000000074734564082,Q45438973,通 京兆長安,2,0,2,-2
6000000074733626537,Q45439037,翰 京兆長安,2,0,2,-2
6000000074735086861,Q45439130,欽 隴西狄道,2,0,2,-2
6000000074735042947,Q45439194,仁敬 隴西狄道,2,0,2,-2
6000000074734899004,Q45439255,仁方 隴西狄道,2,0,2,-2
6000000074735215823,Q45439317,處淨 隴西狄道,2,0,2,-2
6000000075399098182,Q45439393,琡 德昭 京兆長安,2,0,2,-2
6000000074735134844,Q45439442,矩 京兆長安,2,0,2,-2
6000000075345159217,Q45439579,季方 子穉 范陽,2,0,2,-2
6000000074716274148,Q45439669,義和 河北道河南府,2,0,2,-2
6000000074716376111,Q45439794,勵 河北道河南府,2,0,2,-2
6000000074716282082,Q45439856,禮 河北道河南府,2,0,2,-2
6000000075345749839,Q45440894,彦方 子圭 范陽,2,0,2,-2
6000000075399389904,Q45441443,說 隴西狄道,2,0,2,-2
6000000075345901824,Q45441460,愻 子順 范陽,2,0,2,-2
6000000075343829506,Q45442984,敬嗣 德承 清河武城,2,0,2,-2
6000000075376191889,Q45443109,深 巨源 河東聞喜,2,0,2,-2
6000000075344590487,Q45443936,范陽,2,0,2,-2
6000000075345638989,Q45444817,固 范陽,2,0,2,-2
6000000075345739875,Q45446389,士珩 景瑜 范陽,2,0,2,-2
6000000075344914867,Q45446777,昭願 齊州歷城,2,0,2,-2
6000000075343584265,Q45446954,囗伯 敬本 河南,2,0,2,-2
6000000075345913851,Q45447581,厚 子處 范陽,2,0,2,-2
6000000075403402844,Q45447856,昕 太原祁縣,2,0,2,-2
6000000074732431190,Q45448880,嗣德 蘭陵,2,0,2,-2
6000000074732933164,Q45448943,某 蘭陵,2,0,2,-2
6000000074732445225,Q45449005,煒 蘭陵,2,0,2,-2
6000000075345706910,Q45449022,從度 子彝 范陽,2,0,2,-2
6000000075402253871,Q45449084,春 鉥 河南壽安,2,0,2,-2
6000000074733176913,Q45449130,某 蘭陵,2,0,2,-2
6000000074733328901,Q45449193,希諒 蘭陵,2,0,2,-2
6000000074732607255,Q45449256,仲豫 蘭陵,2,0,2,-2
6000000074733174929,Q45449320,賁 蘭陵,2,0,2,-2
6000000074732515196,Q45449382,孚 蘭陵,2,0,2,-2
6000000074733183937,Q45449447,晉 蘭陵,2,0,2,-2
6000000074732960085,Q45449510,遇 同人 蘭陵,2,0,2,-2
6000000074733223916,Q45449574,顒 蘭陵,2,0,2,-2
6000000074733381832,Q45449636,澣 蘭陵,2,0,2,-2
6000000074732181521,Q45449700,泳 蘭陵,2,0,2,-2
6000000074732950026,Q45449761,異 蘭陵,2,0,2,-2
6000000075405774909,Q45449841,愔愔 河東解縣,2,0,2,-2
6000000074733261856,Q45449886,愿 蘭陵,2,0,2,-2
6000000074732995986,Q45450077,庸 應之 蘭陵,2,0,2,-2
6000000074732867066,Q45450203,騫 蘭陵,2,0,2,-2
6000000074733136872,Q45450331,邁 京兆長安,2,0,2,-2
6000000074733170907,Q45450456,位 蘭陵,2,0,2,-2
6000000075401366396,Q45450462,武 某 京兆萬年,2,0,2,-2
6000000074732576273,Q45450519,佩 蘭陵,2,0,2,-2
6000000074732855071,Q45450580,儒 蘭陵,2,0,2,-2
6000000074733305874,Q45450644,偲 蘭陵,2,0,2,-2
6000000074733272914,Q45450708,鼎 蘭陵,2,0,2,-2
6000000074732716151,Q45450897,建 蘭陵,2,0,2,-2
6000000075403592972,Q45451163,仲文 河南洛陽,2,0,2,-2
6000000075375455887,Q45452792,聞一 河東聞喜,2,0,2,-2
6000000075345857856,Q45453046,處約 得之 河南,2,0,2,-2
6000000075344962879,Q45454771,彥崇 峻于 清河武城,2,0,2,-2
6000000074748364894,Q45455526,文祖 晉昌冥安,2,0,2,-2
6000000074747939134,Q45455590,廣貴 晉昌冥安,2,0,2,-2
6000000074747813122,Q45455651,懷義 晉昌冥安,2,0,2,-2
6000000074746892367,Q45455714,孝舉 晉昌冥安,2,0,2,-2
6000000074747939139,Q45455776,翼 保相 晉昌冥安,2,0,2,-2
6000000074748342871,Q45455840,毅 仲卿 晉昌冥安,2,0,2,-2
6000000074748357861,Q45455905,世達 晉昌冥安,2,0,2,-2
6000000074747192693,Q45455968,秀實 晉昌冥安,2,0,2,-2
6000000074747843173,Q45456031,行敏 晉昌冥安,2,0,2,-2
6000000074748148994,Q45456282,行表 晉昌冥安,2,0,2,-2
6000000074748135039,Q45456346,行立 晉昌冥安,2,0,2,-2
6000000074748000198,Q45456411,行基 晉昌冥安,2,0,2,-2
6000000074748024069,Q45456727,文安 晉昌冥安,2,0,2,-2
6000000074748213054,Q45456791,文舉 晉昌冥安,2,0,2,-2
6000000074748437828,Q45456853,行端 晉昌冥安,2,0,2,-2
6000000074747908365,Q45456917,行直 晉昌冥安,2,0,2,-2
6000000074748386875,Q45456980,文豪 晉昌冥安,2,0,2,-2
6000000074747761304,Q45457045,文度 晉昌冥安,2,0,2,-2
6000000075398204359,Q45457065,放 河南洛陽,2,0,2,-2
6000000074748426836,Q45457107,處一 晉昌冥安,2,0,2,-2
6000000074748029086,Q45457237,文壽 晉昌冥安,2,0,2,-2
6000000074747981119,Q45457301,藝臣 晉昌冥安,2,0,2,-2
6000000074748314878,Q45457365,仁儉 晉昌冥安,2,0,2,-2
6000000074748018127,Q45457427,懷一 晉昌冥安,2,0,2,-2
6000000074748004194,Q45457490,固儉 晉昌冥安,2,0,2,-2
6000000074748312973,Q45457554,劍客 晉昌冥安,2,0,2,-2
6000000074748345933,Q45457619,文表 晉昌冥安,2,0,2,-2
6000000074747721477,Q45457684,文邃 晉昌冥安,2,0,2,-2
6000000075345837878,Q45457701,繪 范陽,2,0,2,-2
6000000074748411861,Q45457747,文寂 晉昌冥安,2,0,2,-2
6000000074746888789,Q45457810,文感 晉昌冥安,2,0,2,-2
6000000074747371564,Q45457874,婆伽 晉昌冥安,2,0,2,-2
6000000075343479339,Q45457891,譒 河南,2,0,2,-2
6000000074748169009,Q45457938,思孝 晉昌冥安,2,0,2,-2
6000000074748455839,Q45458001,元一 晉昌冥安,2,0,2,-2
6000000074748023186,Q45458063,思忠 晉昌冥安,2,0,2,-2
6000000075345820934,Q45458081,涀 涀 范陽涿縣,2,0,2,-2
6000000074748367891,Q45458127,濟 晉昌冥安,2,0,2,-2
6000000074748335948,Q45458191,玄成 晉昌冥安,2,0,2,-2
6000000074748416861,Q45458255,玄德 晉昌冥安,2,0,2,-2
6000000074748186954,Q45458317,義寔 晉昌冥安,2,0,2,-2
6000000074748210083,Q45458380,玄都 晉昌冥安,2,0,2,-2
6000000074748476832,Q45458443,玄通 晉昌冥安,2,0,2,-2
6000000074748199031,Q45458506,孝約 晉昌冥安,2,0,2,-2
6000000074748036111,Q45458570,世徹 晉昌冥安,2,0,2,-2
6000000074748172085,Q45458633,朝政 晉昌冥安,2,0,2,-2
6000000074748023196,Q45458697,行滿 晉昌冥安,2,0,2,-2
6000000074747863259,Q45458759,禮政 晉昌冥安,2,0,2,-2
6000000074747635445,Q45458823,修政 晉昌冥安,2,0,2,-2
6000000074748273024,Q45458885,弘政 晉昌冥安,2,0,2,-2
6000000074748150068,Q45458949,世榮 晉昌冥安,2,0,2,-2
6000000074748408874,Q45459013,文哲 晉昌冥安,2,0,2,-2
6000000074747827983,Q45459076,孝讓 晉昌冥安,2,0,2,-2
6000000074748373893,Q45459138,文律 晉昌冥安,2,0,2,-2
6000000074748117998,Q45459203,文廓 晉昌冥安,2,0,2,-2
6000000074747839376,Q45459267,文儼 晉昌冥安,2,0,2,-2
6000000074748355914,Q45459328,文毓 晉昌冥安,2,0,2,-2
6000000074748148050,Q45459392,世寵 晉昌冥安,2,0,2,-2
6000000075345892923,Q45459396,從愿 子龔 范陽,2,0,2,-2
6000000074748434882,Q45459454,世雅 晉昌冥安,2,0,2,-2
6000000074748202058,Q45459519,文協 晉昌冥安,2,0,2,-2
6000000074748010092,Q45459583,文琮 晉昌冥安,2,0,2,-2
6000000074747192731,Q45459649,文會 晉昌冥安,2,0,2,-2
6000000074748185030,Q45459714,固本 晉昌冥安,2,0,2,-2
6000000074748444880,Q45459776,守一 晉昌冥安,2,0,2,-2
6000000074747856317,Q45459838,抱一 晉昌冥安,2,0,2,-2
6000000074748232050,Q45459900,敬 晉昌冥安,2,0,2,-2
6000000074748330913,Q45459963,世恭 晉昌冥安,2,0,2,-2
6000000074748469852,Q45460026,文獎 晉昌冥安,2,0,2,-2
6000000074748355931,Q45460089,善行 晉昌冥安,2,0,2,-2
6000000074717284841,Q45460126,冕 鄭州榮陽,2,0,2,-2
6000000074748399943,Q45460154,善言 晉昌冥安,2,0,2,-2
6000000074748464859,Q45460216,善見 晉昌冥安,2,0,2,-2
6000000074716316276,Q45460253,羲 鄭州榮陽,2,0,2,-2
6000000074748416883,Q45460281,世慎 晉昌冥安,2,0,2,-2
6000000074716194186,Q45460317,秩 鄭州榮陽,2,0,2,-2
6000000074748205069,Q45460343,乾蓋 晉昌冥安,2,0,2,-2
6000000074717249914,Q45460377,玘 鄭州榮陽,2,0,2,-2
6000000074748467838,Q45460406,希一 晉昌冥安,2,0,2,-2
6000000074717296850,Q45460439,彥辭 鄭州榮陽,2,0,2,-2
6000000074748484863,Q45460469,乾肅 晉昌冥安,2,0,2,-2
6000000074716970079,Q45460566,彥回 鄭州榮陽,2,0,2,-2
6000000074748192970,Q45460594,文褒 晉昌冥安,2,0,2,-2
6000000074748520833,Q45460656,孝贇 晉昌冥安,2,0,2,-2
6000000074748434896,Q45460721,孝寔 晉昌冥安,2,0,2,-2
6000000074748427841,Q45460782,文襲 晉昌冥安,2,0,2,-2
6000000074748148073,Q45460848,詮 叔卿 晉昌冥安,2,0,2,-2
6000000074748319918,Q45460911,仕遵 晉昌冥安,2,0,2,-2
6000000074748635878,Q45460931,款 嘉言,2,0,2,-2
6000000074717138885,Q45460944,申 河北道河南府,2,0,2,-2
6000000074747580395,Q45460974,文才 晉昌冥安,2,0,2,-2
6000000074717039938,Q45461007,漸 河北道河南府,2,0,2,-2
6000000074748042125,Q45461035,文軌 晉昌冥安,2,0,2,-2
6000000074748192979,Q45461101,文實 晉昌冥安,2,0,2,-2
6000000074717188914,Q45461131,稧 河北道河南府,2,0,2,-2
6000000074748085087,Q45461164,文智 晉昌冥安,2,0,2,-2
6000000074748391941,Q45461226,延澄 晉昌冥安,2,0,2,-2
6000000074748534821,Q45461290,雄 休彥 晉昌冥安,2,0,2,-2
6000000074716654065,Q45461326,沌 清河東武城,2,0,2,-2
6000000074748135108,Q45461333,紹伯 晉昌冥安,2,0,2,-2
6000000074748199060,Q45461398,楷 子武 晉昌冥安,2,0,2,-2
6000000074716161079,Q45461450,某 清河東武城,2,0,2,-2
6000000074748206068,Q45461461,萬壽 萊州膠水,2,0,2,-2
6000000074716286212,Q45461513,寬 清河東武城,2,0,2,-2
6000000074748479876,Q45461523,白澤 萊州膠水,2,0,2,-2
6000000074717211840,Q45461576,岳 清河東武城,2,0,2,-2
6000000074748283016,Q45461584,師 晉昌冥安,2,0,2,-2
6000000074716170216,Q45461640,師本 貝州清河,2,0,2,-2
6000000074748191029,Q45461648,太素 萊州膠水,2,0,2,-2
6000000074717033936,Q45461703,季長 貝州清河,2,0,2,-2
6000000074748392927,Q45461710,太力 萊州膠水,2,0,2,-2
6000000074748528828,Q45461774,具貴 晉昌冥安,2,0,2,-2
6000000074716252144,Q45461827,諲 河南偃師,2,0,2,-2
6000000074748519834,Q45461836,世儁 晉昌冥安,2,0,2,-2
6000000074717092872,Q45461890,郕 河南偃師,2,0,2,-2
6000000074748511871,Q45461900,世珍 晉昌冥安,2,0,2,-2
6000000074716184135,Q45461953,鍔 河南偃師,2,0,2,-2
6000000074748298935,Q45461963,旭 保光 晉昌冥安,2,0,2,-2
6000000074716144148,Q45462016,行古 河南偃師,2,0,2,-2
6000000074748169084,Q45462026,仲璨 晉昌冥安,2,0,2,-2
6000000074717194855,Q45462078,璉 河南偃師,2,0,2,-2
6000000074748449930,Q45462089,遐顯 晉昌冥安,2,0,2,-2
6000000074716316196,Q45462141,瑊 河南偃師,2,0,2,-2
6000000074748116140,Q45462151,禕 晉昌冥安,2,0,2,-2
6000000075344856338,Q45462186,從雅 子法 范陽,2,0,2,-2
6000000074716987926,Q45462204,彥綽 清河武城,2,0,2,-2
6000000074748505853,Q45462214,奉義 晉昌冥安,2,0,2,-2
6000000074748254085,Q45462280,惲 晉昌冥安,2,0,2,-2
6000000075399249034,Q45462312,行同 京兆府,2,0,2,-2
6000000074748509845,Q45462341,仕超 晉昌冥安,2,0,2,-2
6000000074748055187,Q45462403,修文 晉昌冥安,2,0,2,-2
6000000074748254089,Q45462466,奉禮 晉昌冥安,2,0,2,-2
6000000074716931971,Q45462519,瑀 清河武城,2,0,2,-2
6000000074748415909,Q45462529,崇德 晉昌冥安,2,0,2,-2
6000000074716995904,Q45462583,義進 清河武城,2,0,2,-2
6000000074747280686,Q45462593,行實 晉昌冥安,2,0,2,-2
6000000074748336018,Q45462632,仕琰 晉昌冥安,2,0,2,-2
6000000074748391958,Q45462693,孝感 晉昌冥安,2,0,2,-2
6000000074748358908,Q45462758,孝睦 晉昌冥安,2,0,2,-2
6000000074716614121,Q45462802,璆 清河武城,2,0,2,-2
6000000074748496861,Q45462822,保建 晉昌冥安,2,0,2,-2
6000000074717137845,Q45462863,郇 清河武城,2,0,2,-2
6000000074748545825,Q45462884,伯裕 晉昌冥安,2,0,2,-2
6000000074716996967,Q45462925,邯 清河武城,2,0,2,-2
6000000074747963241,Q45462946,毖 懷遠 晉昌冥安,2,0,2,-2
6000000074716530007,Q45462988,瓚 清河武城,2,0,2,-2
6000000074748470877,Q45463012,儼 晉昌冥安,2,0,2,-2
6000000074716157136,Q45463049,琢 清河武城,2,0,2,-2
6000000074748128038,Q45463073,伯華 晉昌冥安,2,0,2,-2
6000000074716187124,Q45463113,仁穎 清河武城,2,0,2,-2
6000000074748216062,Q45463136,德宗 晉昌冥安,2,0,2,-2
6000000074716293023,Q45463175,瑄 清河武城,2,0,2,-2
6000000074748329999,Q45463202,智節 晉昌冥安,2,0,2,-2
6000000075399528913,Q45463205,佶 自正 隴西狄道,2,0,2,-2
6000000074717068902,Q45463237,仁遇 清河武城,2,0,2,-2
6000000074747218679,Q45463266,智堯 晉昌冥安,2,0,2,-2
6000000074716613096,Q45463300,琛 清河武城,2,0,2,-2
6000000074748328010,Q45463327,德俊 晉昌冥安,2,0,2,-2
6000000074717179823,Q45463362,珮 清河武城,2,0,2,-2
6000000074748446849,Q45463391,智英 晉昌冥安,2,0,2,-2
6000000074716320178,Q45463424,琪 清河武城,2,0,2,-2
6000000074748321010,Q45463452,智寂 晉昌冥安,2,0,2,-2
6000000074716247139,Q45463484,鄜 清河武城,2,0,2,-2
6000000074748579821,Q45463515,智深 晉昌冥安,2,0,2,-2
6000000074716784057,Q45463547,嶠 河南偃師,2,0,2,-2
6000000074748541847,Q45463580,智亮 晉昌冥安,2,0,2,-2
6000000074717181889,Q45463610,伷 清河武城,2,0,2,-2
6000000074747963249,Q45463644,詢明 晉昌冥安,2,0,2,-2
6000000074717228825,Q45463674,諷 清河武城,2,0,2,-2
6000000074748017175,Q45463708,君謩 晉昌冥安,2,0,2,-2
6000000074747885215,Q45463768,振 晉昌冥安,2,0,2,-2
6000000074716215120,Q45463800,泉 清河東武城,2,0,2,-2
6000000074747743351,Q45463832,寔 晉昌冥安,2,0,2,-2
6000000074716260150,Q45463865,漪 清河東武城,2,0,2,-2
6000000074748380899,Q45463897,日輪 晉昌冥安,2,0,2,-2
6000000074716607014,Q45463930,敦 清河東武城,2,0,2,-2
6000000074748527840,Q45463961,羲和 晉昌冥安,2,0,2,-2
6000000074716170225,Q45463994,敷 清河東武城,2,0,2,-2
6000000074748081187,Q45464023,晟 遵明 晉昌冥安,2,0,2,-2
6000000074716908000,Q45464057,汶 清河東武城,2,0,2,-2
6000000074748162139,Q45464086,世辯 晉昌冥安,2,0,2,-2
6000000074716723077,Q45464119,貽哲 河北道河南府,2,0,2,-2
6000000074748323929,Q45464151,世才 晉昌冥安,2,0,2,-2
6000000074717237823,Q45464183,貽儉 河北道河南府,2,0,2,-2
6000000074748409950,Q45464213,世進 晉昌冥安,2,0,2,-2
6000000074717121948,Q45464245,敖 清河東武城,2,0,2,-2
6000000074748311066,Q45464275,玄靜 晉昌冥安,2,0,2,-2
6000000074716129198,Q45464313,行先 河北道河南府,2,0,2,-2
6000000074748504880,Q45464338,玄默 晉昌冥安,2,0,2,-2
6000000074717046966,Q45464376,微 清河東武城,2,0,2,-2
6000000074748507872,Q45464400,玄道 晉昌冥安,2,0,2,-2
6000000074716804063,Q45464437,敞 清河東武城,2,0,2,-2
6000000074748121150,Q45464461,珽 晉昌冥安,2,0,2,-2
6000000074717005953,Q45464499,務 清河東武城,2,0,2,-2
6000000074747858383,Q45464522,珪 晉昌冥安,2,0,2,-2
6000000074748472884,Q45464585,瑗 晉昌冥安,2,0,2,-2
6000000074717031923,Q45464623,瑩 清河東武城,2,0,2,-2
6000000074717001068,Q45464686,衮 清河東武城,2,0,2,-2
6000000074748585841,Q45464711,玠 晉昌冥安,2,0,2,-2
6000000074716987999,Q45464749,襄 清河東武城,2,0,2,-2
6000000074747885239,Q45464773,璿 晉昌冥安,2,0,2,-2
6000000074716910062,Q45464812,兖 清河東武城,2,0,2,-2
6000000074748479895,Q45464898,石師 晉昌冥安,2,0,2,-2
6000000074717254821,Q45464937,羨 清河東武城,2,0,2,-2
6000000074748017180,Q45464963,小師 晉昌冥安,2,0,2,-2
6000000074717194884,Q45465000,益 清河東武城,2,0,2,-2
6000000074748352985,Q45465023,和耆 晉昌冥安,2,0,2,-2
6000000074717080948,Q45465063,荐 清河東武城,2,0,2,-2
6000000074748521852,Q45465087,無竭 晉昌冥安,2,0,2,-2
6000000074717062987,Q45465128,庠 清河東武城,2,0,2,-2
6000000074748181062,Q45465150,文教 晉昌冥安,2,0,2,-2
6000000074717193885,Q45465189,文 清河東武城,2,0,2,-2
6000000074716842118,Q45465252,賡 河北道河南府,2,0,2,-2
6000000074717068935,Q45465315,濛 河北道河南府,2,0,2,-2
6000000074748364993,Q45465339,羲 君明 晉昌冥安,2,0,2,-2
6000000074716942068,Q45465380,瀣 河北道河南府,2,0,2,-2
6000000074747625518,Q45465405,茂倫 晉昌冥安,2,0,2,-2
6000000074717075934,Q45465445,特 清河東武城,2,0,2,-2
6000000074748639824,Q45465468,茂言 晉昌冥安,2,0,2,-2
6000000074716194175,Q45465509,收 清河東武城,2,0,2,-2
6000000074747850365,Q45465530,嗣宗 瓜州晉昌,2,0,2,-2
6000000074717033958,Q45465697,循禮 清河東武城,2,0,2,-2
6000000074717305841,Q45465761,融 清河東武城,2,0,2,-2
6000000074717284851,Q45465823,玄泰 清河東武城,2,0,2,-2
6000000074716220102,Q45465884,行溫 清河東武城,2,0,2,-2
6000000074716274196,Q45465946,顏 清河東武城,2,0,2,-2
6000000074716161156,Q45466008,義 清河東武城,2,0,2,-2
6000000074716825071,Q45466070,隋 蒲州河東,2,0,2,-2
6000000075345357053,Q45466077,湘 鏡源 范陽,2,0,2,-2
6000000074716756275,Q45466135,綺 清河東武城,2,0,2,-2
6000000074717309825,Q45466195,鎮 清河東武城,2,0,2,-2
6000000074717100963,Q45466261,鵬 清河東武城,2,0,2,-2
6000000074717000085,Q45466324,絳 清河東武城,2,0,2,-2
6000000074717018036,Q45466385,顏 清河東武城,2,0,2,-2
6000000075345785898,Q45466392,公寀 范陽,2,0,2,-2
6000000074717338821,Q45466450,謙 清河東武城,2,0,2,-2
6000000074717003074,Q45466513,邯 貝州清河,2,0,2,-2
6000000074716969070,Q45466578,鄠 貝州清河,2,0,2,-2
6000000074717246845,Q45466641,鄘 貝州清河,2,0,2,-2
6000000074716891117,Q45466702,坦 貝州清河,2,0,2,-2
6000000074716784181,Q45466765,璘 貝州清河,2,0,2,-2
6000000074716177215,Q45466826,郔 貝州清河,2,0,2,-2
6000000074717142936,Q45466890,路 清河東武城,2,0,2,-2
6000000074717340825,Q45466953,信 清河東武城,2,0,2,-2
6000000074717272858,Q45467014,元藻 貝州清河,2,0,2,-2
6000000074717089977,Q45467080,禮 清河東武城,2,0,2,-2
6000000074717044047,Q45467143,祐 清河東武城,2,0,2,-2
6000000074717039978,Q45467208,永 清河東武城,2,0,2,-2
6000000074717013022,Q45467273,威 清河東武城,2,0,2,-2
6000000074717315822,Q45467337,象 清河東武城,2,0,2,-2
6000000074716530049,Q45467401,廣 清河東武城,2,0,2,-2
6000000074717137937,Q45467467,暐 清河東武城,2,0,2,-2
6000000074717186950,Q45467529,參 清河東武城,2,0,2,-2
6000000074716122093,Q45467596,包 清河東武城,2,0,2,-2
6000000074717326836,Q45467658,述 貝州清河,2,0,2,-2
6000000074716828144,Q45467787,行堅 清河東武城,2,0,2,-2
6000000075345980854,Q45467799,范陽涿縣,2,0,2,-2
6000000074717115980,Q45467851,綱 清河東武城,2,0,2,-2
6000000074717316842,Q45467914,師周 清河東武城,2,0,2,-2
6000000074749200183,Q45467925,公達 大順 河東汾陰,2,0,2,-2
6000000074748193051,Q45467939,玘 晉昌冥安,2,0,2,-2
6000000074716161185,Q45467979,師魯 清河東武城,2,0,2,-2
6000000074748432955,Q45468002,璡 晉昌冥安,2,0,2,-2
6000000074716966034,Q45468043,行集 清河東武城,2,0,2,-2
6000000074748594875,Q45468064,琰 晉昌冥安,2,0,2,-2
6000000075375640833,Q45468117,廣迪 河南,2,0,2,-2
6000000074748597841,Q45468194,瑊 晉昌冥安,2,0,2,-2
6000000074748603833,Q45468259,瑜 晉昌冥安,2,0,2,-2
6000000074748554858,Q45468321,瑾 晉昌冥安,2,0,2,-2
6000000074748293070,Q45468388,南金 晉昌冥安,2,0,2,-2
6000000074748496924,Q45468515,玄表 晉昌冥安,2,0,2,-2
6000000074747442632,Q45468772,玄逸 晉昌冥安,2,0,2,-2
6000000074748150171,Q45469346,壽 晉昌冥安,2,0,2,-2
6000000074748511918,Q45469411,休琰 晉昌冥安,2,0,2,-2
6000000075344471821,Q45469528,詢 温巳 京兆萬年,2,0,2,-2
6000000074748594924,Q45470111,儉 晉昌冥安,2,0,2,-2
6000000074748483927,Q45470173,表顗 瓜州晉昌,2,0,2,-2
6000000075343444674,Q45470539,廞 廞 清河武城,2,0,2,-2
6000000074748161131,Q45470803,畛 瓜州晉昌,2,0,2,-2
6000000074748613900,Q45470867,正心 瓜州晉昌,2,0,2,-2
6000000075345496031,Q45470923,均芳 德宗 范陽涿縣,2,0,2,-2
6000000075345986826,Q45471049,正權 范陽涿縣,2,0,2,-2
6000000075345996824,Q45471113,西華 西華 范陽涿縣,2,0,2,-2
6000000075398313230,Q45471243,怤 河南,2,0,2,-2
6000000075059505348,Q45471291,諷 京兆長安,2,0,2,-2
6000000074748559976,Q45471568,怡 君長 北海中山,2,0,2,-2
6000000075061019873,Q45471791,煒 京兆長安,2,0,2,-2
6000000075060841900,Q45471981,某 隴西狄道,2,0,2,-2
6000000075060332213,Q45472045,志謙 隴西狄道,2,0,2,-2
6000000075329132984,Q45472061,勉 進業 京兆杜陵,2,0,2,-2
6000000075060254140,Q45472107,某 隴西狄道,2,0,2,-2
6000000075329257892,Q45472125,諷 京兆杜陵,2,0,2,-2
6000000075060771920,Q45472172,志暕 隴西狄道,2,0,2,-2
6000000075060824874,Q45472299,夷亮 隴西狄道,2,0,2,-2
6000000074748680922,Q45472330,懿 君德 北海中山,2,0,2,-2
6000000075059048408,Q45472363,夷則 隴西狄道,2,0,2,-2
6000000075344219006,Q45472380,述 元明 河南府,2,0,2,-2
6000000075060845888,Q45472428,夷範 隴西狄道,2,0,2,-2
6000000075060861852,Q45472490,宗冉 隴西狄道,2,0,2,-2
6000000075060141182,Q45472556,令圖 隴西狄道,2,0,2,-2
6000000075060556028,Q45472620,湯 隴西狄道,2,0,2,-2
6000000075060842858,Q45472684,深 隴西狄道,2,0,2,-2
6000000075060764891,Q45472749,洎 隴西狄道,2,0,2,-2
6000000075060573930,Q45472814,鏻 隴西狄道,2,0,2,-2
6000000075060609930,Q45472875,若愚 隴西狄道,2,0,2,-2
6000000075060567955,Q45472942,鉊 隴西狄道,2,0,2,-2
6000000075060459977,Q45473004,承翰 隴西狄道,2,0,2,-2
6000000075060725944,Q45473069,琨 隴西狄道,2,0,2,-2
6000000075345858921,Q45473089,於陵 范陽涿縣,2,0,2,-2
6000000075060819909,Q45473131,銳 隴西狄道,2,0,2,-2
6000000075060627974,Q45473193,瓚 隴西狄道,2,0,2,-2
6000000075060956823,Q45473258,欽說 隴西狄道,2,0,2,-2
6000000075060254093,Q45473321,自昌 隴西狄道,2,0,2,-2
6000000075060947846,Q45473446,玄言 隴西狄道,2,0,2,-2
6000000075060849863,Q45474121,德言 隴西狄道,2,0,2,-2
6000000075061143833,Q45474303,志順 隴西狄道,2,0,2,-2
6000000075060950888,Q45474359,某 隴西狄道,2,0,2,-2
6000000075061121834,Q45474422,暉 隴西狄道,2,0,2,-2
6000000075061116845,Q45474547,志直 隴西狄道,2,0,2,-2
6000000075061004828,Q45474674,志廉 隴西狄道,2,0,2,-2
6000000075061139832,Q45474803,志悌 隴西狄道,2,0,2,-2
6000000074738896138,Q45474814,常精進 趙州贊皇,2,0,2,-2
6000000075061083837,Q45475056,顒 隴西狄道,2,0,2,-2
6000000075060709953,Q45475245,宗之 京兆長安,2,0,2,-2
6000000075061015833,Q45475309,徵 京兆長安,2,0,2,-2
6000000075399054225,Q45475336,廣業 囗堯 隴西狄道,2,0,2,-2
6000000075060897886,Q45475373,應 京兆長安,2,0,2,-2
6000000075060853909,Q45475438,潤之 京兆長安,2,0,2,-2
6000000075061103821,Q45475502,茂融 隴西狄道,2,0,2,-2
6000000075060894930,Q45475565,堯臣 隴西狄道,2,0,2,-2
6000000075060473128,Q45475630,伯潛 隴西狄道,2,0,2,-2
6000000075060727962,Q45475693,韜 隴西狄道,2,0,2,-2
6000000075060915889,Q45475756,承晧 隴西狄道,2,0,2,-2
6000000075060354066,Q45475819,舜臣 隴西狄道,2,0,2,-2
6000000075060660966,Q45476073,鍊 隴西狄道,2,0,2,-2
6000000075060581092,Q45476263,崎 隴西狄道,2,0,2,-2
6000000055819540064,Q45476371,祖牧 翁伯 趙國柏仁,2,0,2,-2
6000000075061115848,Q45476581,雲 京兆長安,2,0,2,-2
6000000075060983921,Q45476645,洞清 京兆長安,2,0,2,-2
6000000075061100866,Q45477793,炅 隴西狄道,2,0,2,-2
6000000075060849902,Q45477921,亶 隴西狄道,2,0,2,-2
6000000075060709975,Q45477986,津 隴西狄道,2,0,2,-2
6000000075061178821,Q45478051,萬 隴西狄道,2,0,2,-2
6000000075061148862,Q45478116,藻 隴西狄道,2,0,2,-2
6000000075061066881,Q45478206,昭 隴西狄道,2,0,2,-2
6000000075399304018,Q45478222,成鈞 安國 隴西狄道,2,0,2,-2
6000000075061188821,Q45478598,萃 隴西狄道,2,0,2,-2
6000000075060690066,Q45478855,晫 隴西狄道,2,0,2,-2
6000000075060133134,Q45478920,晈 隴西狄道,2,0,2,-2
6000000075060939898,Q45478983,藂 隴西狄道,2,0,2,-2
6000000075060628024,Q45479048,萬康 隴西狄道,2,0,2,-2
6000000075060930920,Q45479114,珪 隴西狄道,2,0,2,-2
6000000075060840961,Q45479177,尚殷 隴西狄道,2,0,2,-2
6000000075061180824,Q45479241,暖 隴西狄道,2,0,2,-2
6000000075060763945,Q45479304,承光 隴西狄道,2,0,2,-2
6000000075061121865,Q45479369,㻁 隴西狄道,2,0,2,-2
6000000075060973877,Q45479434,崇 隴西狄道,2,0,2,-2
6000000075060998939,Q45479497,忠 隴西狄道,2,0,2,-2
6000000075060742941,Q45479559,賢 隴西狄道,2,0,2,-2
6000000075061069855,Q45479623,孝 隴西狄道,2,0,2,-2
6000000075060214092,Q45479686,濟 隴西狄道,2,0,2,-2
6000000075061102844,Q45479748,環 隴西狄道,2,0,2,-2
6000000075060994905,Q45479810,僕 隴西狄道,2,0,2,-2
6000000075061130832,Q45479876,愈 隴西狄道,2,0,2,-2
6000000075061177834,Q45479939,最 隴西狄道,2,0,2,-2
6000000074685758871,Q45479958,弘信 京兆萬年,2,0,2,-2
6000000075060942898,Q45480004,兒 隴西狄道,2,0,2,-2
6000000074684997642,Q45480023,克從 京兆萬年,2,0,2,-2
6000000074685272409,Q45480089,克勤 京兆萬年,2,0,2,-2
6000000074685665001,Q45480152,克正 京兆萬年,2,0,2,-2
6000000075060709981,Q45480324,勤 隴西狄道,2,0,2,-2
6000000075061153848,Q45480451,須 隴西狄道,2,0,2,-2
6000000075059821164,Q45480579,崇 隴西狄道,2,0,2,-2
6000000075060950929,Q45480706,繼 隴西狄道,2,0,2,-2
6000000075060997920,Q45480767,祚 隴西狄道,2,0,2,-2
6000000075060834972,Q45480831,呈 隴西狄道,2,0,2,-2
6000000075060861933,Q45480894,琀 隴西狄道,2,0,2,-2
6000000075060214098,Q45481089,尚炅 隴西狄道,2,0,2,-2
6000000075060787963,Q45481153,尚盈 隴西狄道,2,0,2,-2
6000000075061215821,Q45481216,日進 隴西狄道,2,0,2,-2
6000000075060911932,Q45481279,某 隴西狄道,2,0,2,-2
6000000075060989901,Q45481342,夽 隴西狄道,2,0,2,-2
6000000075061107863,Q45481407,尚達 隴西狄道,2,0,2,-2
6000000075060141237,Q45481470,闡 隴西狄道,2,0,2,-2
6000000075061222821,Q45481536,𚓙嵩 隴西狄道,2,0,2,-2
6000000075061223821,Q45481598,尚春 隴西狄道,2,0,2,-2
6000000075061170855,Q45481664,懷順 隴西狄道,2,0,2,-2
6000000075061188860,Q45481727,禮 隴西狄道,2,0,2,-2
6000000075061230821,Q45481793,寧 隴西狄道,2,0,2,-2
6000000075061225822,Q45481858,鞠 隴西狄道,2,0,2,-2
6000000075060815953,Q45481924,瑤 隴西狄道,2,0,2,-2
6000000075061233821,Q45481987,時 隴西狄道,2,0,2,-2
6000000075060985901,Q45482051,玩 隴西狄道,2,0,2,-2
6000000075060973903,Q45482111,闕 隴西狄道,2,0,2,-2
6000000075060938989,Q45482243,希悅 隴西狄道,2,0,2,-2
6000000075061229827,Q45482306,翊 隴西狄道,2,0,2,-2
6000000075059151297,Q45482368,顓 隴西狄道,2,0,2,-2
6000000075061102876,Q45482431,蕤 隴西狄道,2,0,2,-2
6000000075060797036,Q45482558,詡 隴西狄道,2,0,2,-2
6000000075403873821,Q45482577,盧,2,0,2,-2
6000000075060298138,Q45482623,省 隴西狄道,2,0,2,-2
6000000075060904005,Q45482686,琚 隴西狄道,2,0,2,-2
6000000004376727612,Q454827,Vladislaus I I von Bohemen,2,0,2,-2
6000000075061056898,Q45482812,尚芬 隴西狄道,2,0,2,-2
6000000075061121884,Q45482875,庭金 隴西狄道,2,0,2,-2
6000000075060754990,Q45482937,引 隴西狄道,2,0,2,-2
6000000075061031861,Q45483003,調 隴西狄道,2,0,2,-2
6000000075060441139,Q45483065,郁 隴西狄道,2,0,2,-2
6000000075061088881,Q45483193,戀 隴西狄道,2,0,2,-2
6000000075061235842,Q45483319,夤 隴西狄道,2,0,2,-2
6000000075061176853,Q45483383,坤 隴西狄道,2,0,2,-2
6000000075061231838,Q45483447,滕 隴西狄道,2,0,2,-2
6000000075060052287,Q45483573,庭芝 隴西狄道,2,0,2,-2
6000000075061082874,Q45483637,事 隴西狄道,2,0,2,-2
6000000075060879916,Q45483701,珠 隴西狄道,2,0,2,-2
6000000075061082879,Q45483762,鞠 隴西狄道,2,0,2,-2
6000000075061239825,Q45483951,育 隴西狄道,2,0,2,-2
6000000075060755000,Q45484142,愈 隴西狄道,2,0,2,-2
6000000075060609980,Q45484207,良 隴西狄道,2,0,2,-2
6000000038221476016,Q45484284,挻 杭州錢塘,2,0,2,-2
6000000075061210850,Q45484335,𚓙唐 隴西狄道,2,0,2,-2
6000000075061250843,Q45484401,尚儀 隴西狄道,2,0,2,-2
6000000075061224824,Q45484464,紹宗 京兆長安,2,0,2,-2
6000000075061006941,Q45484527,尚祿 隴西狄道,2,0,2,-2
6000000074734193009,Q45484547,元凱 昇州江寧,2,0,2,-2
6000000075343675338,Q45484558,珣 珣 河南偃師,2,0,2,-2
6000000075061154894,Q45484595,興宗 京兆長安,2,0,2,-2
6000000075061052885,Q45484658,孝隨 京兆長安,2,0,2,-2
6000000075061114843,Q45484723,承霏 京兆長安,2,0,2,-2
6000000074734270938,Q45484740,遺玉 吳興長城,2,0,2,-2
6000000075060878964,Q45484787,承霄 京兆長安,2,0,2,-2
6000000075061148911,Q45484854,因 京兆長安,2,0,2,-2
6000000074734049089,Q45484932,某 昇州江寧,2,0,2,-2
6000000075060746109,Q45484981,興昌 京兆長安,2,0,2,-2
6000000074734353949,Q45484995,某 昇州江寧,2,0,2,-2
6000000075060599976,Q45485046,謀 京兆長安,2,0,2,-2
6000000074733845149,Q45485059,正 昇州江寧,2,0,2,-2
6000000075061040886,Q45485111,律 京兆長安,2,0,2,-2
6000000075060840989,Q45485175,檢 京兆長安,2,0,2,-2
6000000074734518860,Q45485189,繹 京兆長安,2,0,2,-2
6000000075060885016,Q45485238,𗦬 京兆長安,2,0,2,-2
6000000074734541873,Q45485252,宏 京兆長安,2,0,2,-2
6000000075060197126,Q45485369,銳 京兆長安,2,0,2,-2
6000000074734408871,Q45485382,某 京兆長安,2,0,2,-2
6000000075061284821,Q45485431,鄖 京兆長安,2,0,2,-2
6000000075060786983,Q45485495,崑 京兆長安,2,0,2,-2
6000000075060739062,Q45485622,約 京兆長安,2,0,2,-2
6000000075061045937,Q45485687,略 京兆長安,2,0,2,-2
6000000074733749173,Q45485762,機 京兆萬年,2,0,2,-2
6000000075061293821,Q45485814,中義 京兆長安,2,0,2,-2
6000000075061057889,Q45485878,翔 京兆長安,2,0,2,-2
6000000075061228865,Q45485943,逢 京兆長安,2,0,2,-2
6000000075060943939,Q45486006,郃 京兆長安,2,0,2,-2
6000000075060286100,Q45486133,晦 京兆長安,2,0,2,-2
6000000075060293998,Q45486196,週 京兆長安,2,0,2,-2
6000000075061298821,Q45486258,瓀 京兆長安,2,0,2,-2
6000000074734672822,Q45486271,彝 昇州江寧,2,0,2,-2
6000000075061299821,Q45486322,威 京兆長安,2,0,2,-2
6000000074717262902,Q45486349,汪 巨源 清河東武城,2,0,2,-2
6000000075060534221,Q45486450,感 京兆長安,2,0,2,-2
6000000075398706959,Q45486474,某 某,2,0,2,-2
6000000075061294822,Q45486578,鳳 京兆長安,2,0,2,-2
6000000074734328888,Q45486588,某 湖州長城,2,0,2,-2
6000000074734265874,Q45486652,義 湖州長城,2,0,2,-2
6000000075061235882,Q45486703,憧 京兆長安,2,0,2,-2
6000000075061055931,Q45486766,筠 京兆長安,2,0,2,-2
6000000075061276826,Q45486834,璉 京兆長安,2,0,2,-2
6000000075060897984,Q45486897,尚鍠 隴西狄道,2,0,2,-2
6000000075346535888,Q45486923,儒 河南府,2,0,2,-2
6000000075059048522,Q45486961,全交 京兆長安,2,0,2,-2
6000000074734212962,Q45486973,復 湖州長城,2,0,2,-2
6000000075060926926,Q45487026,全立 京兆長安,2,0,2,-2
6000000074734461895,Q45487036,遼 湖州長城,2,0,2,-2
6000000075061157892,Q45487089,全經 京兆長安,2,0,2,-2
6000000075060986923,Q45487152,尚羲 京兆長安,2,0,2,-2
6000000075060534226,Q45487214,思勤 京兆長安,2,0,2,-2
6000000075061195867,Q45487280,思頡 京兆長安,2,0,2,-2
6000000075061288860,Q45487344,𚓙嵸 隴西狄道,2,0,2,-2
6000000075059566500,Q45487408,江澄 隴西狄道,2,0,2,-2
6000000075060709050,Q45487471,江清 隴西狄道,2,0,2,-2
6000000075060709054,Q45487535,尚長 隴西狄道,2,0,2,-2
6000000075061107892,Q45487598,尚容 隴西狄道,2,0,2,-2
6000000075060214153,Q45487665,摽 隴西狄道,2,0,2,-2
6000000075060054302,Q45487728,續 隴西狄道,2,0,2,-2
6000000075060497167,Q45487793,彥 京兆長安,2,0,2,-2
6000000075061245851,Q45487856,師 京兆長安,2,0,2,-2
6000000075060842001,Q45487986,尚榮 隴西狄道,2,0,2,-2
6000000075060599999,Q45488050,浩然 隴西狄道,2,0,2,-2
6000000075061226849,Q45488113,昕 隴西狄道,2,0,2,-2
6000000075061227841,Q45488177,晧 隴西狄道,2,0,2,-2
6000000075061168881,Q45488240,炅 隴西狄道,2,0,2,-2
6000000075061079965,Q45488303,孝先 隴西狄道,2,0,2,-2
6000000075061212865,Q45488364,繼先 隴西狄道,2,0,2,-2
6000000075061256838,Q45488427,無謟 隴西狄道,2,0,2,-2
6000000075060868987,Q45488492,繼宗 隴西狄道,2,0,2,-2
6000000075060703026,Q45488556,繼賢 京兆長安,2,0,2,-2
6000000075061178874,Q45488620,晃 隴西狄道,2,0,2,-2
6000000075061042958,Q45488683,欽 隴西狄道,2,0,2,-2
6000000075060921966,Q45488748,暹 隴西狄道,2,0,2,-2
6000000075061001852,Q45488875,勗 隴西狄道,2,0,2,-2
6000000075061064829,Q45489003,曇 京兆長安,2,0,2,-2
6000000075061260868,Q45489131,脩琦 隴西狄道,2,0,2,-2
6000000075061296850,Q45489195,脩珌 隴西狄道,2,0,2,-2
6000000075061023033,Q45489257,脩瑀 隴西狄道,2,0,2,-2
6000000075060436164,Q45489322,脩瑤 隴西狄道,2,0,2,-2
6000000075061286853,Q45489388,脩璩 隴西狄道,2,0,2,-2
6000000075061209881,Q45489450,知禮 隴西狄道,2,0,2,-2
6000000075061299846,Q45489514,知節 隴西狄道,2,0,2,-2
6000000075061292860,Q45489578,脩珍 隴西狄道,2,0,2,-2
6000000075328385347,Q45489602,承素 受釆 京兆杜陵,2,0,2,-2
6000000075061224852,Q45489642,脩琬 隴西狄道,2,0,2,-2
6000000075060617130,Q45489705,脩頊 隴西狄道,2,0,2,-2
6000000075061041895,Q45489772,脩玘 隴西狄道,2,0,2,-2
6000000075060939028,Q45489835,脩琨 隴西狄道,2,0,2,-2
6000000075328588018,Q45489858,方 無隅 京兆府,2,0,2,-2
6000000075061214870,Q45489901,脩珽 隴西狄道,2,0,2,-2
6000000075060943948,Q45489963,脩瑑 隴西狄道,2,0,2,-2
6000000075061218887,Q45490026,脩琮 隴西狄道,2,0,2,-2
6000000075061227859,Q45490092,脩珵 隴西狄道,2,0,2,-2
6000000075061050977,Q45490153,脩琈 隴西狄道,2,0,2,-2
6000000075061340834,Q45490218,脩琚 隴西狄道,2,0,2,-2
6000000074735253898,Q45490536,銳 隴西狄道,2,0,2,-2
6000000074734640154,Q45490603,存紹 隴西狄道,2,0,2,-2
6000000075380141821,Q45490936,安儼 安儼 博陵安平,2,0,2,-2
6000000075369082844,Q45491380,銓 河南洛陽,2,0,2,-2
6000000074734379879,Q45491635,令同,2,0,2,-2
6000000075398781878,Q45492276,安親 南蘭陵,2,0,2,-2
6000000075398399140,Q45492341,汾 守德 南蘭陵,2,0,2,-2
6000000075345445896,Q45492531,士恭 履揖 河南洛陽,2,0,2,-2
6000000075397876394,Q45493165,元禮 南蘭陵,2,0,2,-2
6000000075344595913,Q45493483,玄亮 景徹 博陵安平,2,0,2,-2
6000000075403792822,Q45497731,峴 某 潤州丹陽,2,0,2,-2
6000000021237699403,Q45498960,璀 字璀 河南洛陽,2,0,2,-2
6000000075345922844,Q45499544,正道 范陽涿縣,2,0,2,-2
6000000075345590864,Q45499995,玢 河南府,2,0,2,-2
6000000075345850881,Q45500123,弼 佐元 范陽,2,0,2,-2
6000000075346009821,Q45500569,正勤 子勵 范陽涿縣,2,0,2,-2
6000000075402688496,Q45500822,首賓 河南府,2,0,2,-2
6000000075399456915,Q45501014,光遠 隴西狄道,2,0,2,-2
6000000074705643293,Q45501233,崇本 弘農華陰,2,0,2,-2
6000000074706189848,Q45501359,某 弘農華陰,2,0,2,-2
6000000074706186840,Q45501424,某 弘農華陰,2,0,2,-2
6000000074705472336,Q45501489,悟靈 弘農華陰,2,0,2,-2
6000000074706161860,Q45501552,幼烈 弘農華陰,2,0,2,-2
6000000074788308836,Q45501776,允元 鄭州榮澤,2,0,2,-2
6000000074788202922,Q45501840,良 鄭州榮澤,2,0,2,-2
6000000074788364821,Q45501967,允貞 鄭州榮澤,2,0,2,-2
6000000074788149953,Q45502031,常 鄭州榮澤,2,0,2,-2
6000000074788042110,Q45502099,長 鄭州榮澤,2,0,2,-2
6000000075061061865,Q45502111,微 逸少 隴西狄道,2,0,2,-2
6000000074706138889,Q45502130,慎 弘農華陰,2,0,2,-2
6000000075399525935,Q45502186,裔 修之 隴西狄道,2,0,2,-2
6000000074706190870,Q45502256,弘文 弘農華陰,2,0,2,-2
6000000074705706180,Q45502320,元亨 弘農華陰,2,0,2,-2
6000000074705964994,Q45502382,元裕 弘農華陰,2,0,2,-2
6000000074705853020,Q45502449,元禧 弘農華陰,2,0,2,-2
6000000074705833003,Q45502514,元禕 弘農華陰,2,0,2,-2
6000000074735216856,Q45502571,鉊 某 隴西狄道,2,0,2,-2
6000000074706161848,Q45502578,元咸 弘農華陰,2,0,2,-2
6000000074732939910,Q45502634,愻 元將 蘭陵,2,0,2,-2
6000000074706210836,Q45502705,某 弘農華陰,2,0,2,-2
6000000074706121877,Q45502769,昉 弘農華陰,2,0,2,-2
6000000074706030918,Q45502900,處嶷 弘農華陰,2,0,2,-2
6000000074706195846,Q45502963,寶應 弘農華陰,2,0,2,-2
6000000074706019979,Q45503026,維友 弘農華陰,2,0,2,-2
6000000074706088955,Q45503350,寶琳 同州馮翊,2,0,2,-2
6000000006101322420,Q455034,Lucius Ceionius Commodus Verus Aelius Caesar,2,0,2,-2
6000000074706080955,Q45503414,處相 弘農華陰,2,0,2,-2
6000000075328860942,Q45503471,慶本 泰初,2,0,2,-2
6000000074706128929,Q45503478,某 弘農華陰,2,0,2,-2
6000000074705345398,Q45503541,某 弘農華陰,2,0,2,-2
6000000074705692211,Q45503737,安仁 弘農華陰,2,0,2,-2
6000000074788183041,Q45507018,行信 鄭州榮澤,2,0,2,-2
6000000074788388918,Q45507084,拯 鄭州榮澤,2,0,2,-2
6000000074788418884,Q45507146,言 鄭州榮澤,2,0,2,-2
6000000074788470849,Q45507208,貞 鄭州榮澤,2,0,2,-2
6000000074705537445,Q45507227,志立 弘農華陰,2,0,2,-2
6000000074788487839,Q45507274,如珪 鄭州榮澤,2,0,2,-2
6000000074705250430,Q45507291,九思 京兆長安,2,0,2,-2
6000000074788502821,Q45507338,如璋 鄭州榮澤,2,0,2,-2
6000000074705640306,Q45507354,如權 京兆長安,2,0,2,-2
6000000074705735117,Q45507418,思齊 京兆長安,2,0,2,-2
6000000074788283961,Q45507464,行瑜 鄭州榮澤,2,0,2,-2
6000000074706179917,Q45507482,虔遜 弘農華陰,2,0,2,-2
6000000074788272989,Q45507526,元果 鄭州榮澤,2,0,2,-2
6000000074787768335,Q45507588,光復 鄭州榮澤,2,0,2,-2
6000000074712749954,Q45507593,續 河東解縣,2,0,2,-2
6000000074788476825,Q45507651,光庭 鄭州榮澤,2,0,2,-2
6000000075061619843,Q45507681,粹 隴西狄道,2,0,2,-2
6000000074788407897,Q45507714,行琳 鄭州榮澤,2,0,2,-2
6000000074713097838,Q45507718,胤 河東解縣,2,0,2,-2
6000000075059722355,Q45507744,伷 隴西狄道,2,0,2,-2
6000000074788511821,Q45507777,處寂 鄭州榮澤,2,0,2,-2
6000000074712882985,Q45507781,某 河東解縣,2,0,2,-2
6000000075060206400,Q45507808,廙 隴西狄道,2,0,2,-2
6000000075061157989,Q45507871,孟輿 隴西狄道,2,0,2,-2
6000000074788393890,Q45507904,行善 鄭州榮澤,2,0,2,-2
6000000075061409928,Q45507934,仲權 隴西狄道,2,0,2,-2
6000000074788483838,Q45507968,思挹 鄭州榮澤,2,0,2,-2
6000000075061358948,Q45507998,季謀 隴西狄道,2,0,2,-2
6000000074787671518,Q45508031,緒 鄭州榮澤,2,0,2,-2
6000000075061605838,Q45508062,霅 隴西狄道,2,0,2,-2
6000000074788517821,Q45508096,環 鄭州榮澤,2,0,2,-2
6000000074788365926,Q45508157,珙 鄭州榮澤,2,0,2,-2
6000000074712686990,Q45508161,莽 河東解縣,2,0,2,-2
6000000075061272958,Q45508188,旭 隴西狄道,2,0,2,-2
6000000074788475835,Q45508221,緯 鄭州榮澤,2,0,2,-2
6000000074712653025,Q45508224,逵 河東解縣,2,0,2,-2
6000000074788377921,Q45508284,瑱 鄭州榮澤,2,0,2,-2
6000000074712718046,Q45508288,逞 河東解縣,2,0,2,-2
6000000074788269060,Q45508349,美秀 鄭州榮澤,2,0,2,-2
6000000074733577880,Q45508369,緘 弘農華陰,2,0,2,-2
6000000074788373974,Q45508411,延惠 鄭州榮澤,2,0,2,-2
6000000074733136089,Q45508432,言成 弘農華陰,2,0,2,-2
6000000074735490890,Q45508441,灌 京兆長安,2,0,2,-2
6000000074787946225,Q45508474,繹 鄭州榮澤,2,0,2,-2
6000000074733349979,Q45508495,魏成 弘農華陰,2,0,2,-2
6000000074787995153,Q45508537,琬 鄭州榮澤,2,0,2,-2
6000000074735683839,Q45508570,祚 京兆長安,2,0,2,-2
6000000074788499833,Q45508604,興嗣 鄭州榮澤,2,0,2,-2
6000000074733602837,Q45508622,守拙 弘農華陰,2,0,2,-2
6000000074735576863,Q45508632,袨 京兆長安,2,0,2,-2
6000000074787544630,Q45508667,璆 鄭州榮澤,2,0,2,-2
6000000074733497907,Q45508685,某 弘農華陰,2,0,2,-2
6000000074735239925,Q45508700,峽 京兆長安,2,0,2,-2
6000000074788335974,Q45508731,璵 鄭州榮澤,2,0,2,-2
6000000074735460860,Q45508764,喦 京兆長安,2,0,2,-2
6000000074788464866,Q45508795,琪 鄭州榮澤,2,0,2,-2
6000000074735650828,Q45508829,巒 京兆長安,2,0,2,-2
6000000074788158148,Q45508861,紀 鄭州榮澤,2,0,2,-2
6000000074733110044,Q45508878,守訥 弘農華陰,2,0,2,-2
6000000074735081069,Q45508893,崗 京兆長安,2,0,2,-2
6000000074787808589,Q45508923,綝 鄭州榮澤,2,0,2,-2
6000000074733600850,Q45508942,某 弘農華陰,2,0,2,-2
6000000074735480914,Q45508957,𕜗 京兆長安,2,0,2,-2
6000000074788192131,Q45508988,縝 鄭州榮澤,2,0,2,-2
6000000074788301988,Q45509049,思本 鄭州榮澤,2,0,2,-2
6000000074735242950,Q45509085,岵 京兆長安,2,0,2,-2
6000000074787612552,Q45509115,緘 鄭州榮澤,2,0,2,-2
6000000074733185067,Q45509135,守柔 弘農華陰,2,0,2,-2
6000000074735273949,Q45509149,崌 京兆長安,2,0,2,-2
6000000074788490860,Q45509178,楷 鄭州榮澤,2,0,2,-2
6000000074733112050,Q45509198,祗本 弘農華陰,2,0,2,-2
6000000074788515862,Q45509242,綜 鄭州榮澤,2,0,2,-2
6000000074733112055,Q45509264,踐本 弘農華陰,2,0,2,-2
6000000074735519894,Q45509279,寅 京兆長安,2,0,2,-2
6000000074788245049,Q45509306,行之 鄭州榮澤,2,0,2,-2
6000000074733161023,Q45509325,守挹 弘農華陰,2,0,2,-2
6000000074735687821,Q45509340,復 京兆長安,2,0,2,-2
6000000074788454907,Q45509370,思宗 鄭州榮澤,2,0,2,-2
6000000074733481920,Q45509391,勵本 弘農華陰,2,0,2,-2
6000000074788192137,Q45509434,紹 鄭州榮澤,2,0,2,-2
6000000074788317959,Q45509480,銑 鄭州榮澤,2,0,2,-2
6000000074735645862,Q45509481,禬 京兆長安,2,0,2,-2
6000000074788448889,Q45509545,續 汴州開封,2,0,2,-2
6000000074706166887,Q45509574,孝湛 弘農華陰,2,0,2,-2
6000000074788494889,Q45509608,遇 汴州開封,2,0,2,-2
6000000074705787108,Q45509637,弘業 弘農華陰,2,0,2,-2
6000000074788166085,Q45509671,遵 汴州開封,2,0,2,-2
6000000074705877082,Q45509702,孝儼 弘農華陰,2,0,2,-2
6000000074788521835,Q45509735,天雄 汴州開封,2,0,2,-2
6000000075325377890,Q45509765,弘毅 弘農華陰,2,0,2,-2
6000000074788412939,Q45509798,憬 汴州開封,2,0,2,-2
6000000074706130920,Q45509826,瑾 弘農華陰,2,0,2,-2
6000000074787675440,Q45509862,愉 汴州開封,2,0,2,-2
6000000074706161902,Q45509891,某 弘農華陰,2,0,2,-2
6000000074706097966,Q45509954,鱣 弘農華陰,2,0,2,-2
6000000074788165015,Q45509988,行邕 鄭州榮澤,2,0,2,-2
6000000074706097971,Q45510019,成器 弘農華陰,2,0,2,-2
6000000074788396848,Q45510051,元祥 鄭州榮澤,2,0,2,-2
6000000074787451643,Q45510113,茂先 鄭州榮澤,2,0,2,-2
6000000074788375847,Q45510177,叔丘 鄭州榮澤,2,0,2,-2
6000000074788113048,Q45510239,彭祖 鄭州榮澤,2,0,2,-2
6000000074787948216,Q45510302,季立 鄭州榮澤,2,0,2,-2
6000000074787950226,Q45510366,行潁 鄭州榮陽,2,0,2,-2
6000000074788197994,Q45510430,元祚 鄭州榮陽,2,0,2,-2
6000000074788420836,Q45510494,履貞 鄭州榮陽,2,0,2,-2
6000000074787722305,Q45510556,公幹 鄭州榮陽,2,0,2,-2
6000000074713101849,Q45510571,大隱 河東解縣,2,0,2,-2
6000000074788439821,Q45510619,履信 鄭州榮陽,2,0,2,-2
6000000074788381895,Q45510683,公器 鄭州榮陽,2,0,2,-2
6000000074788172032,Q45510747,公才 鄭州榮陽,2,0,2,-2
6000000074712798007,Q45510761,某 河東解縣,2,0,2,-2
6000000074788014215,Q45510813,履讓 鄭州榮陽,2,0,2,-2
6000000074713163839,Q45510826,某 河東解縣,2,0,2,-2
6000000074788170090,Q45510875,履義 鄭州榮陽,2,0,2,-2
6000000074713191821,Q45510888,某 河東解縣,2,0,2,-2
6000000074788250002,Q45510940,公舉 鄭州榮陽,2,0,2,-2
6000000074712958934,Q45510951,暉 河東解縣,2,0,2,-2
6000000074788332906,Q45511005,元哲 鄭州榮陽,2,0,2,-2
6000000074787732420,Q45511068,履順 鄭州榮陽,2,0,2,-2
6000000074713138867,Q45511080,謇之 河東解縣,2,0,2,-2
6000000074788192037,Q45511131,公瑱 鄭州榮陽,2,0,2,-2
6000000075060997975,Q45511133,焯 隴西狄道,2,0,2,-2
6000000074712903961,Q45511142,威明 河東解縣,2,0,2,-2
6000000074706085018,Q45511158,弘暕 弘農華陰,2,0,2,-2
6000000074787853215,Q45511196,方說 鄭州榮陽,2,0,2,-2
6000000075061157935,Q45511198,煒 隴西狄道,2,0,2,-2
6000000074713141843,Q45511208,慈明 河東解縣,2,0,2,-2
6000000074705682280,Q45511224,孝怡 弘農華陰,2,0,2,-2
6000000074788278967,Q45511261,公瓊 鄭州榮陽,2,0,2,-2
6000000075061277878,Q45511263,銑 隴西狄道,2,0,2,-2
6000000074712425079,Q45511272,某 河東解縣,2,0,2,-2
6000000074706226847,Q45511287,弘冑 弘農華陰,2,0,2,-2
6000000074788465821,Q45511324,公瑜 鄭州榮陽,2,0,2,-2
6000000075060952002,Q45511327,紹宗 隴西狄道,2,0,2,-2
6000000074712562097,Q45511336,弼 河東解縣,2,0,2,-2
6000000074788248933,Q45511385,公璠 鄭州榮陽,2,0,2,-2
6000000075061236925,Q45511389,欽業 隴西狄道,2,0,2,-2
6000000074712733072,Q45511398,慤 河東解縣,2,0,2,-2
6000000074788346918,Q45511449,行欽 鄭州榮澤,2,0,2,-2
6000000075060254263,Q45511453,逷 京兆長安,2,0,2,-2
6000000074713078885,Q45511461,某 河東解縣,2,0,2,-2
6000000074788440848,Q45511512,遠 鄭州榮澤,2,0,2,-2
6000000075061381832,Q45511515,贊 京兆長安,2,0,2,-2
6000000074787702452,Q45511574,子良 鄭州榮澤,2,0,2,-2
6000000075061040946,Q45511578,欽福 京兆長安,2,0,2,-2
6000000074788465836,Q45511639,寬 鄭州榮澤,2,0,2,-2
6000000075061390830,Q45511642,頒 京兆長安,2,0,2,-2
6000000074712523091,Q45511650,然明 河東解縣,2,0,2,-2
6000000074788228042,Q45511702,恕 鄭州榮澤,2,0,2,-2
6000000075061183920,Q45511705,顥 京兆長安,2,0,2,-2
6000000074713230821,Q45511714,諤之 河東解縣,2,0,2,-2
6000000074788416899,Q45511766,子展 鄭州榮澤,2,0,2,-2
6000000075061272895,Q45511769,熲 京兆長安,2,0,2,-2
6000000074713049942,Q45511777,保隆 河東解縣,2,0,2,-2
6000000074788114159,Q45511829,咸 鄭州榮澤,2,0,2,-2
6000000075060141385,Q45511832,欽鍔 京兆長安,2,0,2,-2
6000000074712756038,Q45511841,潁之 河東解縣,2,0,2,-2
6000000074788474821,Q45511893,子產 鄭州榮澤,2,0,2,-2
6000000075060436195,Q45511897,序 京兆長安,2,0,2,-2
6000000074712792937,Q45511905,某 河東解縣,2,0,2,-2
6000000074787641453,Q45511956,盛 鄭州榮澤,2,0,2,-2
6000000075061377846,Q45511959,廙 京兆長安,2,0,2,-2
6000000074712702051,Q45511968,存業 河東解縣,2,0,2,-2
6000000074788416903,Q45512020,從長 鄭州榮澤,2,0,2,-2
6000000075061410821,Q45512023,煜 隴西狄道,2,0,2,-2
6000000074712914949,Q45512031,栖 河東解縣,2,0,2,-2
6000000074787950267,Q45512082,元祐 鄭州榮澤,2,0,2,-2
6000000075061183924,Q45512093,承業 隴西狄道,2,0,2,-2
6000000074712788982,Q45512094,挺之 河東解縣,2,0,2,-2
6000000074788478821,Q45512146,子昂 鄭州榮澤,2,0,2,-2
6000000075060691007,Q45512158,承嘉 隴西狄道,2,0,2,-2
6000000074788474825,Q45512207,棻 鄭州榮澤,2,0,2,-2
6000000075059048547,Q45512219,承胤 隴西狄道,2,0,2,-2
6000000074713208830,Q45512221,艮 河東解縣,2,0,2,-2
6000000074788112013,Q45512272,榮 鄭州榮澤,2,0,2,-2
6000000074712832987,Q45512284,寔 河東解縣,2,0,2,-2
6000000074788456832,Q45512335,荥 鄭州榮澤,2,0,2,-2
6000000075061362836,Q45512346,之遠 隴西狄道,2,0,2,-2
6000000074712657087,Q45512348,憬 河東解縣,2,0,2,-2
6000000074788429852,Q45512400,子晏 鄭州榮澤,2,0,2,-2
6000000075060797118,Q45512410,𕜎 京兆長安,2,0,2,-2
6000000074713172861,Q45512412,璿 河東解縣,2,0,2,-2
6000000074788459838,Q45512461,彙 鄭州榮澤,2,0,2,-2
6000000075061057953,Q45512471,驂 京兆長安,2,0,2,-2
6000000074712354196,Q45512473,頤 河東解縣,2,0,2,-2
6000000074788418880,Q45512524,集 鄭州榮澤,2,0,2,-2
6000000075061372847,Q45512535,𙣋 京兆長安,2,0,2,-2
6000000074787946207,Q45512587,思訓 鄭州榮澤,2,0,2,-2
6000000075061001968,Q45512597,𙦚 京兆長安,2,0,2,-2
6000000074788487827,Q45512650,子罕 鄭州榮澤,2,0,2,-2
6000000075060876007,Q45512668,佇 京兆長安,2,0,2,-2
6000000075061420827,Q45512731,珣 京兆長安,2,0,2,-2
6000000074788478846,Q45512776,行純 鄭州榮澤,2,0,2,-2
6000000074713251832,Q45512789,建 河東解縣,2,0,2,-2
6000000075060748100,Q45512793,玠 京兆長安,2,0,2,-2
6000000074788080198,Q45512839,守素 鄭州榮澤,2,0,2,-2
6000000075061364830,Q45512856,之芬 京兆長安,2,0,2,-2
6000000074788554821,Q45512903,昌期 鄭州榮澤,2,0,2,-2
6000000075399238876,Q45512915,某 河東解縣,2,0,2,-2
6000000075061308893,Q45512919,之萼 京兆長安,2,0,2,-2
6000000074788432906,Q45512968,論 鄭州榮澤,2,0,2,-2
6000000074715428836,Q45512979,言思 河東解縣,2,0,2,-2
6000000075061393838,Q45512984,之蘭 京兆長安,2,0,2,-2
6000000074788516871,Q45513030,行顗 鄭州榮澤,2,0,2,-2
6000000075061420832,Q45513047,係 京兆長安,2,0,2,-2
6000000074787933420,Q45513095,恭先 鄭州榮澤,2,0,2,-2
6000000075060141402,Q45513112,俟 京兆長安,2,0,2,-2
6000000074788450897,Q45513160,恆 鄭州榮澤,2,0,2,-2
6000000075061169909,Q45513176,駉 京兆長安,2,0,2,-2
6000000074788327988,Q45513225,幹 鄭州榮澤,2,0,2,-2
6000000075060131271,Q45513242,從質 京兆長安,2,0,2,-2
6000000074787946277,Q45513289,行倫 鄭州榮澤,2,0,2,-2
6000000075060820067,Q45513305,從師 京兆長安,2,0,2,-2
6000000074787976225,Q45513352,宗先 鄭州榮澤,2,0,2,-2
6000000075060876013,Q45513368,從古 京兆長安,2,0,2,-2
6000000074788150098,Q45513414,紹先 鄭州榮澤,2,0,2,-2
6000000048526251822,Q45513425,贊 河東解縣,2,0,2,-2
6000000075061268863,Q45513430,從乂 京兆長安,2,0,2,-2
6000000074788301015,Q45513478,曅 鄭州榮澤,2,0,2,-2
6000000074715524028,Q45513489,某 河東解縣,2,0,2,-2
6000000075061337853,Q45513493,從眾 京兆長安,2,0,2,-2
6000000074787790433,Q45513542,崇先 鄭州榮澤,2,0,2,-2
6000000074715708871,Q45513552,某 河東解縣,2,0,2,-2
6000000075061424826,Q45513556,紀 京兆長安,2,0,2,-2
6000000074787752453,Q45513606,昱 鄭州榮澤,2,0,2,-2
6000000075060959862,Q45513620,從素 京兆長安,2,0,2,-2
6000000074788202071,Q45513669,晁 鄭州榮澤,2,0,2,-2
6000000075061272905,Q45513684,從魯 京兆長安,2,0,2,-2
6000000074788525875,Q45513732,暈 鄭州榮澤,2,0,2,-2
6000000075061057959,Q45513747,從儉 京兆長安,2,0,2,-2
6000000074788415899,Q45513794,景先 鄭州榮澤,2,0,2,-2
6000000075061143920,Q45513811,侈 京兆長安,2,0,2,-2
6000000074788550866,Q45513857,偁 鄭州榮澤,2,0,2,-2
6000000075061415837,Q45513874,佚 京兆長安,2,0,2,-2
6000000074788371984,Q45513922,偃 鄭州榮澤,2,0,2,-2
6000000075059969325,Q45513937,烱 隴西狄道,2,0,2,-2
6000000074788440983,Q45513985,倨 鄭州榮澤,2,0,2,-2
6000000075061223888,Q45514000,逖 隴西狄道,2,0,2,-2
6000000074787966197,Q45514047,伋 鄭州榮澤,2,0,2,-2
6000000075060997984,Q45514063,珙 隴西狄道,2,0,2,-2
6000000075061271872,Q45514127,思絢 隴西狄道,2,0,2,-2
6000000074787791316,Q45514175,行表 鄭州榮澤,2,0,2,-2
6000000075061337858,Q45514192,恕 隴西狄道,2,0,2,-2
6000000074788503874,Q45514237,炯 鄭州榮澤,2,0,2,-2
6000000075061300895,Q45514255,己 京兆長安,2,0,2,-2
6000000074788222137,Q45514300,虛己 鄭州榮澤,2,0,2,-2
6000000075061181949,Q45514320,承煦 隴西狄道,2,0,2,-2
6000000074788590821,Q45514360,才子 鄭州榮澤,2,0,2,-2
6000000075058888675,Q45514382,昌庭 京兆長安,2,0,2,-2
6000000074788273044,Q45514426,庭珍 鄭州榮澤,2,0,2,-2
6000000075061364846,Q45514446,國芬 京兆長安,2,0,2,-2
6000000074788391965,Q45514489,渾 鄭州榮澤,2,0,2,-2
6000000075060847057,Q45514509,國幹 京兆長安,2,0,2,-2
6000000074788199103,Q45514553,湜 鄭州榮澤,2,0,2,-2
6000000075061346846,Q45514574,煥 隴西狄道,2,0,2,-2
6000000074788237093,Q45514617,潤 鄭州榮澤,2,0,2,-2
6000000074787807492,Q45514679,羽客 鄭州榮澤,2,0,2,-2
6000000074788502865,Q45514745,百宜 鄭州榮澤,2,0,2,-2
6000000075060986997,Q45514764,齊昌 隴西狄道,2,0,2,-2
6000000074788534875,Q45514807,千宜 鄭州榮澤,2,0,2,-2
6000000075061458821,Q45514826,繁 隴西狄道,2,0,2,-2
6000000074788551862,Q45514871,萬宜 鄭州榮澤,2,0,2,-2
6000000074788284009,Q45514934,佺期 鄭州榮澤,2,0,2,-2
6000000075061226892,Q45514954,贊 隴西狄道,2,0,2,-2
6000000074788149124,Q45514996,燿 鄭州榮澤,2,0,2,-2
6000000075060663103,Q45515017,珂 隴西狄道,2,0,2,-2
6000000074788391972,Q45515061,虛受 鄭州榮澤,2,0,2,-2
6000000075061143936,Q45515079,頊 隴西狄道,2,0,2,-2
6000000074788560866,Q45515122,濬 鄭州榮澤,2,0,2,-2
6000000075061181957,Q45515141,康 隴西狄道,2,0,2,-2
6000000074788601842,Q45515186,虛舟 鄭州榮澤,2,0,2,-2
6000000075060842014,Q45515204,庾 隴西狄道,2,0,2,-2
6000000074788516894,Q45515250,漸 鄭州榮澤,2,0,2,-2
6000000075061281910,Q45515266,贄 隴西狄道,2,0,2,-2
6000000074788464936,Q45515313,虛心 鄭州榮澤,2,0,2,-2
6000000075061329889,Q45515329,齊明 隴西狄道,2,0,2,-2
6000000074788391977,Q45515379,涉 鄭州榮澤,2,0,2,-2
6000000075061369868,Q45515393,廉 隴西狄道,2,0,2,-2
6000000074788270064,Q45515442,鳳池 鄭州榮澤,2,0,2,-2
6000000075060879042,Q45515457,發 隴西狄道,2,0,2,-2
6000000074788485933,Q45515506,洽 鄭州榮澤,2,0,2,-2
6000000075060123253,Q45515521,爽 隴西狄道,2,0,2,-2
6000000074788439973,Q45515569,泌 鄭州榮澤,2,0,2,-2
6000000075061175925,Q45515587,森 隴西狄道,2,0,2,-2
6000000074788529915,Q45515634,虛白 鄭州榮澤,2,0,2,-2
6000000075061392872,Q45515650,盈 趙州,2,0,2,-2
6000000074787995293,Q45515699,熺 鄭州榮澤,2,0,2,-2
6000000075061250914,Q45515713,乘 隴西狄道,2,0,2,-2
6000000074788441997,Q45515764,昌庭 鄭州榮澤,2,0,2,-2
6000000075061475821,Q45515776,羣 趙州,2,0,2,-2
6000000074788194134,Q45515826,燧 鄭州榮澤,2,0,2,-2
6000000075061422831,Q45515839,皋 趙州,2,0,2,-2
6000000074788356022,Q45515891,庭芳 鄭州榮澤,2,0,2,-2
6000000075061479821,Q45515902,處儀 趙州,2,0,2,-2
6000000074788222179,Q45515953,庭璬 鄭州榮澤,2,0,2,-2
6000000075061114975,Q45515965,處脩 趙州,2,0,2,-2
6000000074788419946,Q45516018,庭玢 鄭州榮澤,2,0,2,-2
6000000075061067020,Q45516030,處位 趙州,2,0,2,-2
6000000074788607831,Q45516082,庭珪 鄭州榮澤,2,0,2,-2
6000000075061286912,Q45516096,早 趙州,2,0,2,-2
6000000074787612662,Q45516147,炫 汴州開封,2,0,2,-2
6000000075061316864,Q45516160,處厚 趙州,2,0,2,-2
6000000074788166173,Q45516209,光庭 汴州開封,2,0,2,-2
6000000075061073044,Q45516221,平 趙州,2,0,2,-2
6000000074788352992,Q45516274,銳 汴州開封,2,0,2,-2
6000000075061247913,Q45516286,處約 趙州,2,0,2,-2
6000000074788388026,Q45516336,慈明 汴州開封,2,0,2,-2
6000000075061107923,Q45516349,常 隴西狄道,2,0,2,-2
6000000074788012322,Q45516398,季方 汴州開封,2,0,2,-2
6000000074788572878,Q45516462,據 汴州開封,2,0,2,-2
6000000075061183944,Q45516474,準 隴西狄道,2,0,2,-2
6000000074788249070,Q45516526,焯 鄭州榮澤,2,0,2,-2
6000000075061205900,Q45516539,處讓 趙州,2,0,2,-2
6000000074788267124,Q45516590,敷 鄭州榮澤,2,0,2,-2
6000000074788625821,Q45516672,行質 鄭州榮澤,2,0,2,-2
6000000074788623843,Q45516735,行儼 鄭州榮澤,2,0,2,-2
6000000074788240041,Q45516797,守忠 鄭州榮澤,2,0,2,-2
6000000074788194155,Q45516859,恆 鄭州榮澤,2,0,2,-2
6000000074788245101,Q45516923,彪 鄭州榮澤,2,0,2,-2
6000000074788629821,Q45516986,守毅 鄭州榮澤,2,0,2,-2
6000000074788607848,Q45517049,趨庭 鄭州榮澤,2,0,2,-2
6000000075061302910,Q45517077,羨 京兆長安,2,0,2,-2
6000000074788267135,Q45517112,演 鄭州榮澤,2,0,2,-2
6000000075061002973,Q45517139,元系 京兆長安,2,0,2,-2
6000000074788482024,Q45517176,琯 鄭州榮澤,2,0,2,-2
6000000075060436223,Q45517204,知至 京兆長安,2,0,2,-2
6000000074788478911,Q45517241,洊 鄭州榮澤,2,0,2,-2
6000000075061483828,Q45517268,博雅 京兆長安,2,0,2,-2
6000000074788631821,Q45517305,士素 鄭州榮澤,2,0,2,-2
6000000075061415853,Q45517333,博文 京兆長安,2,0,2,-2
6000000074759632046,Q45517346,晊 京兆杜陵,2,0,2,-2
6000000074787671622,Q45517368,沼 鄭州榮澤,2,0,2,-2
6000000075060206326,Q45517397,元隱 京兆長安,2,0,2,-2
6000000074788633833,Q45517432,沈 鄭州榮澤,2,0,2,-2
6000000074747408890,Q45517450,某 齊州臨淄,2,0,2,-2
6000000075061346867,Q45517462,知則 京兆長安,2,0,2,-2
6000000074788487990,Q45517496,誡庭 鄭州榮澤,2,0,2,-2
6000000074747041176,Q45517515,某 齊州臨淄,2,0,2,-2
6000000075061418845,Q45517526,構 隴西狄道,2,0,2,-2
6000000074788497951,Q45517560,行均 鄭州榮澤,2,0,2,-2
6000000074747524823,Q45517579,某 齊州臨淄,2,0,2,-2
6000000075061426859,Q45517590,種 京兆長安,2,0,2,-2
6000000074788245105,Q45517625,煥 鄭州榮澤,2,0,2,-2
6000000074747095235,Q45517644,某 齊州臨淄,2,0,2,-2
6000000075061400901,Q45517654,稅 京兆長安,2,0,2,-2
6000000074788131258,Q45517690,載 鄭州榮澤,2,0,2,-2
6000000075061012958,Q45517718,希 京兆長安,2,0,2,-2
6000000074788372035,Q45517755,子方 鄭州榮澤,2,0,2,-2
6000000075061418849,Q45517782,茂玄 京兆長安,2,0,2,-2
6000000074788336857,Q45517818,嵩 鄭州榮澤,2,0,2,-2
6000000075060943982,Q45517848,茂豪 京兆長安,2,0,2,-2
6000000074787754306,Q45517884,湜 鄭州榮澤,2,0,2,-2
6000000075061400911,Q45517912,茂竟 京兆長安,2,0,2,-2
6000000074788327877,Q45517947,銳 鄭州榮澤,2,0,2,-2
6000000075061291947,Q45517975,穠 京兆長安,2,0,2,-2
6000000074788175984,Q45518012,潤 鄭州榮陽,2,0,2,-2
6000000075061372888,Q45518039,玄一 京兆長安,2,0,2,-2
6000000074787636392,Q45518075,鉷 鄭州榮陽,2,0,2,-2
6000000075061272910,Q45518103,稜 京兆長安,2,0,2,-2
6000000074788111974,Q45518141,鋒 鄭州榮陽,2,0,2,-2
6000000075061508821,Q45518167,茂奭 京兆長安,2,0,2,-2
6000000074788381833,Q45518204,鍊 鄭州榮陽,2,0,2,-2
6000000021151058350,Q45518224,遺則 清河,2,0,2,-2
6000000075061393874,Q45518232,渾 京兆長安,2,0,2,-2
6000000074787961098,Q45518267,錞 鄭州榮陽,2,0,2,-2
6000000075061210960,Q45518297,程 京兆長安,2,0,2,-2
6000000074788276934,Q45518330,湘 鄭州榮陽,2,0,2,-2
6000000074747192109,Q45518351,某 齊州臨淄,2,0,2,-2
6000000075061380862,Q45518360,茂雍 京兆長安,2,0,2,-2
6000000074788364845,Q45518395,泌 鄭州榮澤,2,0,2,-2
6000000074747239038,Q45518415,某 齊州臨淄,2,0,2,-2
6000000075061514821,Q45518425,茂高 京兆長安,2,0,2,-2
6000000074787816340,Q45518459,㟧 鄭州榮澤,2,0,2,-2
6000000074747000241,Q45518478,絳 齊州臨淄,2,0,2,-2
6000000075061368876,Q45518488,茂元 京兆長安,2,0,2,-2
6000000074787864209,Q45518524,澣 鄭州榮澤,2,0,2,-2
6000000074747478876,Q45518543,晦 齊州臨淄,2,0,2,-2
6000000075061143952,Q45518552,稹 京兆長安,2,0,2,-2
6000000074788381850,Q45518589,越 鄭州榮澤,2,0,2,-2
6000000075061404896,Q45518615,茂文 京兆長安,2,0,2,-2
6000000074788083062,Q45518653,滂 河南,2,0,2,-2
6000000074747294983,Q45518671,勳 齊州臨淄,2,0,2,-2
6000000075061407852,Q45518678,茂章 京兆長安,2,0,2,-2
6000000010425031367,Q455187,Benjamin Guggenheim,2,0,2,-2
6000000074788344857,Q45518716,鋗 河南,2,0,2,-2
6000000075061430870,Q45518742,茂奇 京兆長安,2,0,2,-2
6000000074788158046,Q45518779,渾 鄭州榮澤,2,0,2,-2
6000000075061205909,Q45518806,積 京兆長安,2,0,2,-2
6000000074788259996,Q45518843,𑺅 鄭州榮澤,2,0,2,-2
6000000075061492855,Q45518871,掄 隴西狄道,2,0,2,-2
6000000074788405825,Q45518906,澟 鄭州榮澤,2,0,2,-2
6000000074746974263,Q45518923,沼 齊州臨淄,2,0,2,-2
6000000075061296950,Q45518934,稒 京兆長安,2,0,2,-2
6000000074787584512,Q45518968,崟 鄭州榮澤,2,0,2,-2
6000000075059566569,Q45518998,絳 京兆長安,2,0,2,-2
6000000074788327907,Q45519032,澄 鄭州榮澤,2,0,2,-2
6000000075061004025,Q45519060,純 京兆長安,2,0,2,-2
6000000074787883198,Q45519096,滌 鄭州榮澤,2,0,2,-2
6000000075061433854,Q45519123,綬 京兆長安,2,0,2,-2
6000000074788405830,Q45519161,漪 鄭州榮澤,2,0,2,-2
6000000075061255901,Q45519188,稱 京兆長安,2,0,2,-2
6000000074786638462,Q45519223,溶 鄭州榮澤,2,0,2,-2
6000000075061268881,Q45519251,縉 京兆長安,2,0,2,-2
6000000074788395851,Q45519287,汶 鄭州榮澤,2,0,2,-2
6000000075060709170,Q45519316,紳 京兆長安,2,0,2,-2
6000000074788221961,Q45519350,洧 鄭州榮澤,2,0,2,-2
6000000075060401254,Q45519378,稠 京兆長安,2,0,2,-2
6000000075061453835,Q45519440,綽 京兆長安,2,0,2,-2
6000000074788124050,Q45519475,岌 鄭州榮澤,2,0,2,-2
6000000075061473857,Q45519502,緯 京兆長安,2,0,2,-2
6000000074787605386,Q45519537,淑 鄭州榮澤,2,0,2,-2
6000000075061403901,Q45519566,樅 隴西狄道,2,0,2,-2
6000000074788397846,Q45519599,洌 鄭州榮澤,2,0,2,-2
6000000075061539821,Q45519627,元立 隴西狄道,2,0,2,-2
6000000075060885154,Q45519691,元直 隴西狄道,2,0,2,-2
6000000075061405855,Q45519754,括 隴西狄道,2,0,2,-2
6000000075061498845,Q45519816,珽 隴西狄道,2,0,2,-2
6000000075061169964,Q45519880,鼐 隴西狄道,2,0,2,-2
6000000075059722320,Q45519943,承慶 隴西狄道,2,0,2,-2
6000000075060210984,Q45519996,寔 隴西狄道,2,0,2,-2
6000000075061468855,Q45520060,寰 隴西狄道,2,0,2,-2
6000000075061507840,Q45520122,宬 隴西狄道,2,0,2,-2
6000000075060690227,Q45520185,承榮 隴西狄道,2,0,2,-2
6000000075060885917,Q45520248,寮 隴西狄道,2,0,2,-2
6000000075061306948,Q45520312,審 隴西狄道,2,0,2,-2
6000000075061509835,Q45520377,承敘 隴西狄道,2,0,2,-2
6000000075061503833,Q45520439,承義 隴西狄道,2,0,2,-2
6000000075061337904,Q45520503,承怡 隴西狄道,2,0,2,-2
6000000075061486841,Q45520566,璘 隴西狄道,2,0,2,-2
6000000075061211954,Q45520630,繁 隴西狄道,2,0,2,-2
6000000075061369913,Q45520694,揖 隴西狄道,2,0,2,-2
6000000075061367858,Q45520759,顏 隴西狄道,2,0,2,-2
6000000075061562821,Q45520822,績 隴西狄道,2,0,2,-2
6000000075061041971,Q45520886,譯 隴西狄道,2,0,2,-2
6000000075061465840,Q45520947,訊 隴西狄道,2,0,2,-2
6000000075060902046,Q45521010,纁 隴西狄道,2,0,2,-2
6000000075061500836,Q45521076,顒 隴西狄道,2,0,2,-2
6000000075061408876,Q45521139,績 隴西狄道,2,0,2,-2
6000000075061385924,Q45521203,紳 隴西狄道,2,0,2,-2
6000000075060184412,Q45521266,潁 隴西狄道,2,0,2,-2
6000000075061385928,Q45521329,紘 隴西狄道,2,0,2,-2
6000000075061489844,Q45521391,紵 隴西狄道,2,0,2,-2
6000000075061523837,Q45521458,綱 隴西狄道,2,0,2,-2
6000000075061573821,Q45521522,滔 隴西狄道,2,0,2,-2
6000000075061154993,Q45521586,封 隴西狄道,2,0,2,-2
6000000075061315899,Q45521650,某 隴西狄道,2,0,2,-2
6000000075061451874,Q45521715,椿 隴西狄道,2,0,2,-2
6000000075061213895,Q45521778,若愚 京兆長安,2,0,2,-2
6000000075061513845,Q45521840,若冰 京兆長安,2,0,2,-2
6000000075061315913,Q45521904,若水 京兆長安,2,0,2,-2
6000000075061427881,Q45521968,雄 京兆長安,2,0,2,-2
6000000075060885207,Q45522031,文力 京兆長安,2,0,2,-2
6000000075060847122,Q45522095,文方 京兆長安,2,0,2,-2
6000000075061109012,Q45522155,若舊 京兆長安,2,0,2,-2
6000000075060683077,Q45522218,廣 京兆長安,2,0,2,-2
6000000075061516852,Q45522282,維寧 京兆長安,2,0,2,-2
6000000075061587829,Q45522345,維城 京兆長安,2,0,2,-2
6000000075061541857,Q45522408,維平 京兆長安,2,0,2,-2
6000000075061293997,Q45522470,維清 京兆長安,2,0,2,-2
6000000075060755145,Q45522535,若思 京兆長安,2,0,2,-2
6000000075061446889,Q45522597,卓 京兆長安,2,0,2,-2
6000000075061004051,Q45522662,仁忠 京兆長安,2,0,2,-2
6000000075061473889,Q45522725,仁志 京兆長安,2,0,2,-2
6000000075061316898,Q45522790,仁愿 京兆長安,2,0,2,-2
6000000075061053988,Q45522852,仁恕 京兆長安,2,0,2,-2
6000000075061341882,Q45522917,準 京兆長安,2,0,2,-2
6000000075058888730,Q45522980,若虛 京兆長安,2,0,2,-2
6000000075060755149,Q45523043,摽 京兆長安,2,0,2,-2
6000000075060846090,Q45523107,角 京兆長安,2,0,2,-2
6000000075060141458,Q45523172,房 京兆長安,2,0,2,-2
6000000075061569856,Q45523236,若彥 京兆長安,2,0,2,-2
6000000075061421874,Q45523299,珪 隴西狄道,2,0,2,-2
6000000075061606822,Q45523360,璋 隴西狄道,2,0,2,-2
6000000075060680154,Q45523423,詧 隴西狄道,2,0,2,-2
6000000075061509867,Q45523483,游素 隴西狄道,2,0,2,-2
6000000075061403942,Q45523546,游藝 隴西狄道,2,0,2,-2
6000000075060354248,Q45523674,汲 隴西狄道,2,0,2,-2
6000000074716996084,Q45524101,景恭 京兆杜陵,2,0,2,-2
6000000074759331885,Q45526606,鄭子 京兆長安,2,0,2,-2
6000000074759067177,Q45526670,千雄 京兆長安,2,0,2,-2
6000000074730553931,Q45527436,芬之 河東聞喜,2,0,2,-2
6000000074730333986,Q45527500,英之 河東聞喜,2,0,2,-2
6000000074730620912,Q45527562,藹之 河東聞喜,2,0,2,-2
6000000074788469018,Q45528256,弼諧 鄭州榮澤,2,0,2,-2
6000000074788477039,Q45528319,脩道 鄭州榮澤,2,0,2,-2
6000000074788669890,Q45528381,奉忠 鄭州榮澤,2,0,2,-2
6000000074788551996,Q45528445,延禕 鄭州榮澤,2,0,2,-2
6000000074787082448,Q45528507,奉先 鄭州榮澤,2,0,2,-2
6000000074788702900,Q45528569,嗣元 弼誠 鄭州榮澤,2,0,2,-2
6000000074787412518,Q45528695,文通 河南,2,0,2,-2
6000000074788532984,Q45528759,倣 河南,2,0,2,-2
6000000074715874871,Q45528760,鸑 河東解縣,2,0,2,-2
6000000074788600908,Q45528821,受一 河南,2,0,2,-2
6000000074788237197,Q45528885,球之 鄭州榮澤,2,0,2,-2
6000000074788397040,Q45528949,叔獻 鄭州榮澤,2,0,2,-2
6000000074788516064,Q45529014,仲容 鄭州榮澤,2,0,2,-2
6000000074788484111,Q45529077,季達 鄭州榮澤,2,0,2,-2
6000000074788625921,Q45529140,仲堪 鄭州榮澤,2,0,2,-2
6000000074787808744,Q45529204,季熊 河南,2,0,2,-2
6000000074788711894,Q45529269,仲均 鄭州榮澤,2,0,2,-2
6000000074788619917,Q45529331,珪璋 鄭州榮澤,2,0,2,-2
6000000074788561042,Q45529395,韞玉 鄭州榮澤,2,0,2,-2
6000000074788748824,Q45529459,藏師 鄭州榮澤,2,0,2,-2
6000000074788585873,Q45529524,勤規 鄭州榮澤,2,0,2,-2
6000000074767863830,Q45529806,承騫 隴西狄道,2,0,2,-2
6000000074767586037,Q45529870,承寧 隴西狄道,2,0,2,-2
6000000074788623864,Q45529907,涯 鄭州榮澤,2,0,2,-2
6000000074767847870,Q45529935,諝 隴西狄道,2,0,2,-2
6000000074788642840,Q45529971,紹素 鄭州榮澤,2,0,2,-2
6000000074767791888,Q45530062,承宥 隴西狄道,2,0,2,-2
6000000074788460018,Q45530103,拱 鄭州榮澤,2,0,2,-2
6000000074767103404,Q45530126,承寰 隴西狄道,2,0,2,-2
6000000074788151223,Q45530165,紹業 鄭州榮澤,2,0,2,-2
6000000074767812896,Q45530189,承寔 隴西狄道,2,0,2,-2
6000000074788671833,Q45530229,鈞 鄭州榮澤,2,0,2,-2
6000000074767883825,Q45530254,承𑨂 隴西狄道,2,0,2,-2
6000000074788641859,Q45530291,𓵪 鄭州榮澤,2,0,2,-2
6000000074767608029,Q45530316,承實 隴西狄道,2,0,2,-2
6000000074788564895,Q45530354,弘業 鄭州榮澤,2,0,2,-2
6000000074767292340,Q45530378,承賨 隴西狄道,2,0,2,-2
6000000074788402060,Q45530419,寔 鄭州榮澤,2,0,2,-2
6000000074767507093,Q45530442,承㝣 隴西狄道,2,0,2,-2
6000000074788508964,Q45530483,稼 鄭州榮澤,2,0,2,-2
6000000074767720933,Q45530507,承容 隴西狄道,2,0,2,-2
6000000074788188210,Q45530546,弘範 鄭州榮澤,2,0,2,-2
6000000074767404210,Q45530570,承突 隴西狄道,2,0,2,-2
6000000074767453147,Q45530636,承寪 隴西狄道,2,0,2,-2
6000000074788319164,Q45530735,璘 華聖 滎陽開封,2,0,2,-2
6000000074788346120,Q45530800,羲 滎陽開封,2,0,2,-2
6000000074739633857,Q45530817,崗 趙州贊皇,2,0,2,-2
6000000074788381115,Q45530863,福 滎陽開封,2,0,2,-2
6000000074787808709,Q45530929,祁 滎陽開封,2,0,2,-2
6000000074788693836,Q45530992,祚 滎陽開封,2,0,2,-2
6000000074788554931,Q45531057,祐 滎陽開封,2,0,2,-2
6000000075333909901,Q45531094,延 河南洛陽,2,0,2,-2
6000000074788222232,Q45531184,漳 滎陽開封,2,0,2,-2
6000000074788652896,Q45531248,泓 滎陽開封,2,0,2,-2
6000000074788532927,Q45531313,涓 滎陽開封,2,0,2,-2
6000000074788718821,Q45531378,昌圖 滎陽開封,2,0,2,-2
6000000074788495075,Q45531442,灣 滎陽開封,2,0,2,-2
6000000074788539998,Q45531505,溶 滎陽開封,2,0,2,-2
6000000074788723821,Q45531568,洿 滎陽開封,2,0,2,-2
6000000074788445095,Q45531630,瀆 滎陽開封,2,0,2,-2
6000000074788506060,Q45531694,嘉賓 鄭州榮陽,2,0,2,-2
6000000074788753825,Q45531757,見利 鄭州榮陽,2,0,2,-2
6000000074788745848,Q45531820,渾 鄭州榮陽,2,0,2,-2
6000000074788706846,Q45531946,遐 鄭州榮澤,2,0,2,-2
6000000074788658910,Q45532009,彥特 鄭州榮澤,2,0,2,-2
6000000074788171206,Q45532197,朝 鄭州榮澤,2,0,2,-2
6000000074788539927,Q45532261,弘宗 鄭州榮澤,2,0,2,-2
6000000074788016307,Q45532325,弘毅 鄭州榮澤,2,0,2,-2
6000000074788237237,Q45532516,九臣 鄭州榮澤,2,0,2,-2
6000000074788680888,Q45532579,子晉 鄭州榮澤,2,0,2,-2
6000000074788250284,Q45532642,紹 鄭州榮澤,2,0,2,-2
6000000074788240155,Q45532772,叔文 河南,2,0,2,-2
6000000074788793821,Q45532836,士深 河南,2,0,2,-2
6000000074788411149,Q45532900,士清 河南,2,0,2,-2
6000000074788605025,Q45532964,伯高 河南,2,0,2,-2
6000000074788618021,Q45533027,翁歸 河南,2,0,2,-2
6000000074788735867,Q45533091,翁喜 河南,2,0,2,-2
6000000074788572997,Q45533155,翁胤 河南,2,0,2,-2
6000000074788672892,Q45533220,季札 河南,2,0,2,-2
6000000074788680937,Q45533284,士林 河南,2,0,2,-2
6000000074788655970,Q45533349,士平 河南,2,0,2,-2
6000000074788289275,Q45533409,仲均 河南,2,0,2,-2
6000000074788770871,Q45533473,士良 河南,2,0,2,-2
6000000074788625966,Q45533535,士則 河南,2,0,2,-2
6000000074788675913,Q45533601,季隨 河南,2,0,2,-2
6000000074788237273,Q45533665,子長 鄭州榮澤,2,0,2,-2
6000000074787612805,Q45533728,九言 鄭州榮澤,2,0,2,-2
6000000074788494109,Q45533793,詮 鄭州榮澤,2,0,2,-2
6000000074788543039,Q45533921,成 鄭州榮澤,2,0,2,-2
6000000074788754924,Q45533984,琬 鄭州榮澤,2,0,2,-2
6000000074788629053,Q45534046,倜 鄭州榮澤,2,0,2,-2
6000000074788234284,Q45534109,偁 鄭州榮澤,2,0,2,-2
6000000074788784865,Q45534174,倕 鄭州榮澤,2,0,2,-2
6000000074788814825,Q45534237,僔 鄭州榮澤,2,0,2,-2
6000000074788625985,Q45534302,曅 鄭州榮澤,2,0,2,-2
6000000074788755890,Q45534366,香 鄭州榮澤,2,0,2,-2
6000000074788678972,Q45534431,九同 鄭州榮澤,2,0,2,-2
6000000074788332261,Q45534492,普 鄭州榮澤,2,0,2,-2
6000000074788468126,Q45534557,會 鄭州榮澤,2,0,2,-2
6000000074788491130,Q45534622,九徵 鄭州榮澤,2,0,2,-2
6000000074788181276,Q45534686,衡 鄭州榮澤,2,0,2,-2
6000000074788775892,Q45534750,某 鄭州榮澤,2,0,2,-2
6000000074733635886,Q45534772,敬之 叔謇 襄州襄陽,2,0,2,-2
6000000074788836835,Q45534814,璩 鄭州榮澤,2,0,2,-2
6000000074788392148,Q45534878,昱 鄭州榮澤,2,0,2,-2
6000000074788728923,Q45534944,昇 鄭州榮澤,2,0,2,-2
6000000074788535024,Q45535007,璆 鄭州榮澤,2,0,2,-2
6000000074788543060,Q45535068,說 鄭州榮澤,2,0,2,-2
6000000074788836840,Q45535133,淑 鄭州榮澤,2,0,2,-2
6000000074788522021,Q45535195,瑱 鄭州榮澤,2,0,2,-2
6000000074788644997,Q45535259,恕 鄭州榮澤,2,0,2,-2
6000000074788734904,Q45535325,愻 鄭州榮澤,2,0,2,-2
6000000074716983131,Q45536574,景仲 京兆杜陵,2,0,2,-2
6000000074716184281,Q45536702,孝彝 京兆杜陵,2,0,2,-2
6000000074716291293,Q45536767,某 京兆杜陵,2,0,2,-2
6000000074717189940,Q45536832,某 京兆杜陵,2,0,2,-2
6000000074716851290,Q45536895,惟慎 京兆杜陵,2,0,2,-2
6000000074717148095,Q45536960,孝獎 京兆杜陵,2,0,2,-2
6000000075061479865,Q45536993,融 隴西狄道,2,0,2,-2
6000000074717224983,Q45537026,孝弁 京兆杜陵,2,0,2,-2
6000000075060133299,Q45537056,霸 隴西狄道,2,0,2,-2
6000000074717294933,Q45537089,元琰 京兆杜陵,2,0,2,-2
6000000074767653827,Q45537907,俅 隴西狄道,2,0,2,-2
6000000074767468972,Q45538034,伸 隴西狄道,2,0,2,-2
6000000074767054266,Q45538100,偆 京兆長安,2,0,2,-2
6000000074767682828,Q45538161,儆 京兆長安,2,0,2,-2
6000000074766892459,Q45538226,備 京兆長安,2,0,2,-2
6000000074767580939,Q45538288,倫 京兆長安,2,0,2,-2
6000000074767424094,Q45539116,俌 隴西狄道,2,0,2,-2
6000000074767308107,Q45539179,偕 隴西狄道,2,0,2,-2
6000000074766619670,Q45539242,倩 隴西狄道,2,0,2,-2
6000000074767677852,Q45539306,傆 隴西狄道,2,0,2,-2
6000000074767312057,Q45539371,僓 隴西狄道,2,0,2,-2
6000000074767725831,Q45539435,佩 隴西狄道,2,0,2,-2
6000000074767212177,Q45539499,像 京兆長安,2,0,2,-2
6000000074767515969,Q45539688,俓 隴西狄道,2,0,2,-2
6000000074767646891,Q45539752,侁 隴西狄道,2,0,2,-2
6000000074767549957,Q45539815,僆 隴西狄道,2,0,2,-2
6000000074767242126,Q45539879,供 隴西狄道,2,0,2,-2
6000000074767607984,Q45543692,佻 隴西狄道,2,0,2,-2
6000000074767829821,Q45543756,伷 隴西狄道,2,0,2,-2
6000000074767815822,Q45543818,佽 隴西狄道,2,0,2,-2
6000000074767812833,Q45543882,侚 隴西狄道,2,0,2,-2
6000000074750837933,Q45544520,建 京兆萬年,2,0,2,-2
6000000074750667022,Q45544584,逌 京兆萬年,2,0,2,-2
6000000074750858955,Q45544649,逾 京兆萬年,2,0,2,-2
6000000074750924889,Q45544841,鎮 京兆萬年,2,0,2,-2
6000000074750824937,Q45545166,寀 京兆萬年,2,0,2,-2
6000000074750616196,Q45545295,𑩌 京兆萬年,2,0,2,-2
6000000074750888877,Q45545583,涉 京兆長安,2,0,2,-2
6000000074750561075,Q45545647,汭 京兆長安,2,0,2,-2
6000000074750508107,Q45545711,詠 京兆長安,2,0,2,-2
6000000074750971857,Q45547101,護 隴西狄道,2,0,2,-2
6000000074750488141,Q45547929,懷 隴西狄道,2,0,2,-2
6000000074750809883,Q45548053,悺 隴西狄道,2,0,2,-2
6000000075403350870,Q45548189,思演 范陽涿縣,2,0,2,-2
6000000074750777934,Q45548736,慎 隴西狄道,2,0,2,-2
6000000074750836892,Q45548925,{忄辰} 隴西狄道,2,0,2,-2
6000000074749645813,Q45549114,慬 隴西狄道,2,0,2,-2
6000000074750794920,Q45549240,緷 隴西狄道,2,0,2,-2
6000000074750879847,Q45549302,𒜰 京兆萬年,2,0,2,-2
6000000074750751828,Q45549558,漢 京兆萬年,2,0,2,-2
6000000074750422112,Q45549623,源 京兆萬年,2,0,2,-2
6000000074750258261,Q45549808,潭 京兆萬年,2,0,2,-2
6000000074750344049,Q45549871,淑 京兆萬年,2,0,2,-2
6000000074750597958,Q45549997,沛 京兆萬年,2,0,2,-2
6000000074750666911,Q45550381,津 隴西狄道,2,0,2,-2
6000000074750636937,Q45550509,瀛 隴西狄道,2,0,2,-2
6000000074750243122,Q45550631,清 隴西狄道,2,0,2,-2
6000000074750684934,Q45550755,潓 隴西狄道,2,0,2,-2
6000000074750416115,Q45551012,涉 隴西狄道,2,0,2,-2
6000000074750731898,Q45551138,濘 隴西狄道,2,0,2,-2
6000000074750491050,Q45551450,令平 隴西狄道,2,0,2,-2
6000000074750610922,Q45553283,震 隴西狄道,2,0,2,-2
6000000074749922541,Q45553346,陛 隴西狄道,2,0,2,-2
6000000074699610835,Q45553863,係 京兆長安,2,0,2,-2
6000000074699354035,Q45553927,某 京兆長安,2,0,2,-2
6000000075060905895,Q45555766,縉 京兆萬年,2,0,2,-2
6000000075060955842,Q45555829,勸 京兆長安,2,0,2,-2
6000000075060332175,Q45555890,揮 京兆萬年,2,0,2,-2
6000000075060473108,Q45555955,嵎 京兆萬年,2,0,2,-2
6000000075060556045,Q45556017,楹 京兆萬年,2,0,2,-2
6000000074712442848,Q45556055,某 河南洛陽,2,0,2,-2
6000000075060197065,Q45556081,嶓 京兆萬年,2,0,2,-2
6000000074711955104,Q45556118,若初 河南洛陽,2,0,2,-2
6000000075060141189,Q45556143,峋 京兆萬年,2,0,2,-2
6000000075061482882,Q45556520,立則 隴西狄道,2,0,2,-2
6000000075061403974,Q45556582,愜 隴西狄道,2,0,2,-2
6000000075061562880,Q45556646,澤 隴西狄道,2,0,2,-2
6000000075061197929,Q45556708,琨 隴西狄道,2,0,2,-2
6000000074716376163,Q45557842,某 貝州清河,2,0,2,-2
6000000074698987250,Q45561489,聰 京兆長安,2,0,2,-2
6000000074699120201,Q45561553,揔 京兆長安,2,0,2,-2
6000000074699376988,Q45561616,愻 京兆長安,2,0,2,-2
6000000074699287996,Q45561678,憑 京兆長安,2,0,2,-2
6000000074699507871,Q45561742,恕 京兆長安,2,0,2,-2
6000000074698913019,Q45561805,懿 京兆長安,2,0,2,-2
6000000074699570876,Q45561935,琢 京兆長安,2,0,2,-2
6000000074699386971,Q45561997,璋 京兆長安,2,0,2,-2
6000000074699511888,Q45562061,瑾 京兆長安,2,0,2,-2
6000000074698755408,Q45562125,璩 京兆長安,2,0,2,-2
6000000074699087194,Q45562187,㻌 京兆長安,2,0,2,-2
6000000074699597833,Q45562249,瓊 京兆長安,2,0,2,-2
6000000074699583864,Q45562312,琟 京兆長安,2,0,2,-2
6000000074699523856,Q45562375,惎 京兆長安,2,0,2,-2
6000000074699462923,Q45562439,慇 京兆長安,2,0,2,-2
6000000074716240135,Q45567541,于 河北道河南府,2,0,2,-2
6000000074735749171,Q45568146,頊 河南伊闕,2,0,2,-2
6000000075061014821,Q45568158,翛 隴西狄道,2,0,2,-2
6000000074736318938,Q45568210,琯 河南伊闕,2,0,2,-2
6000000075060463979,Q45568221,寬中 京兆長安,2,0,2,-2
6000000074716170194,Q45568246,瓌 清河武城,2,0,2,-2
6000000075060724895,Q45568286,綽 京兆長安,2,0,2,-2
6000000075060943836,Q45568348,昌謀 京兆長安,2,0,2,-2
6000000074749783926,Q45569267,寶積 蒲州寶鼎,2,0,2,-2
6000000074739237856,Q45570310,處玄 趙州贊皇,2,0,2,-2
6000000074750445094,Q45570351,宷 隴西狄道,2,0,2,-2
6000000074739006900,Q45570371,恕 趙州贊皇,2,0,2,-2
6000000074749995576,Q45570419,某 京兆萬年,2,0,2,-2
6000000074739091918,Q45570434,錫 趙州贊皇,2,0,2,-2
6000000074750820004,Q45570482,某 京兆萬年,2,0,2,-2
6000000074739234850,Q45570624,鉉 趙州贊皇,2,0,2,-2
6000000074738405055,Q45570688,鈞 趙州贊皇,2,0,2,-2
6000000074738671010,Q45570815,銳 趙州贊皇,2,0,2,-2
6000000074739238831,Q45570879,銓 趙州贊皇,2,0,2,-2
6000000074739171873,Q45570942,玩 趙州贊皇,2,0,2,-2
6000000074739192836,Q45571867,思 趙州贊皇,2,0,2,-2
6000000074739297841,Q45571929,瑱 趙州贊皇,2,0,2,-2
6000000074739197891,Q45572051,琡 趙州贊皇,2,0,2,-2
6000000074739042893,Q45572310,珂 趙州贊皇,2,0,2,-2
6000000074738980893,Q45572855,瑝 趙州贊皇,2,0,2,-2
6000000074717296832,Q45572915,承弼 河南洛陽,2,0,2,-2
6000000074738002160,Q45573031,璞 趙州贊皇,2,0,2,-2
6000000074767758876,Q45573069,季則 隴西狄道,2,0,2,-2
6000000074767540982,Q45573120,季準 隴西狄道,2,0,2,-2
6000000074739146930,Q45573140,璥 趙州贊皇,2,0,2,-2
6000000074767771878,Q45573187,季順 隴西狄道,2,0,2,-2
6000000074733225865,Q45573203,元 蘭陵,2,0,2,-2
6000000074739169862,Q45573208,知隱 趙州贊皇,2,0,2,-2
6000000074738867921,Q45573274,慈 趙州贊皇,2,0,2,-2
6000000074738212195,Q45573464,旭 趙州贊皇,2,0,2,-2
6000000074739310848,Q45573657,慤 趙州贊皇,2,0,2,-2
6000000074739235843,Q45573721,顒 趙州贊皇,2,0,2,-2
6000000074738701036,Q45574036,志 趙州贊皇,2,0,2,-2
6000000074738003287,Q45574100,全壁 趙州贊皇,2,0,2,-2
6000000074739340828,Q45574546,全交 趙州贊皇,2,0,2,-2
6000000074739294845,Q45574676,知約 趙州贊皇,2,0,2,-2
6000000074738955980,Q45574741,某 趙州贊皇,2,0,2,-2
6000000074739389825,Q45574802,某 趙州贊皇,2,0,2,-2
6000000074699360972,Q45576762,琂 青州益都,2,0,2,-2
6000000074717077015,Q45577464,冀 清河東武城,2,0,2,-2
6000000074685644963,Q45580380,居黨 宋州襄邑,2,0,2,-2
6000000074735023866,Q45580413,玄崱 隴西狄道,2,0,2,-2
6000000074685660970,Q45580442,安汶 宋州襄邑,2,0,2,-2
6000000074685811870,Q45580507,安嗣 宋州襄邑,2,0,2,-2
6000000075061050860,Q45580542,庭強 隴西狄道,2,0,2,-2
6000000074685653067,Q45580570,安隨 宋州襄邑,2,0,2,-2
6000000075060936899,Q45580605,義 隴西狄道,2,0,2,-2
6000000074788595879,Q45583513,某 滎陽開封,2,0,2,-2
6000000074753640886,Q45587312,德方 吳郡吳縣,2,0,2,-2
6000000074753514086,Q45587375,德輿 吳郡吳縣,2,0,2,-2
6000000074753102171,Q45587438,德鄰 吳郡吳縣,2,0,2,-2
6000000074753722821,Q45587502,德謙 吳郡吳縣,2,0,2,-2
6000000074753724821,Q45587568,德休 吳郡吳縣,2,0,2,-2
6000000074753398057,Q45587632,德昭 吳郡吳縣,2,0,2,-2
6000000074752996435,Q45588078,景獻 間賢 吳郡吳縣,2,0,2,-2
6000000074753517002,Q45588145,包 吳郡吳縣,2,0,2,-2
6000000016707215683,Q45588206,翊 吳郡吳縣,2,0,2,-2
6000000074752868447,Q45588270,沇 吳郡吳縣,2,0,2,-2
6000000074753705842,Q45588331,易 吳郡吳縣,2,0,2,-2
6000000074753741843,Q45588395,巨 吳郡吳縣,2,0,2,-2
6000000074753706838,Q45588458,倜 吳郡吳縣,2,0,2,-2
6000000074753398094,Q45588522,詹 吳郡吳縣,2,0,2,-2
6000000074753656904,Q45588584,廉 吳郡吳縣,2,0,2,-2
6000000074753571943,Q45588648,玭 吳郡吳縣,2,0,2,-2
6000000074753548920,Q45588709,俛 吳郡吳縣,2,0,2,-2
6000000074753589969,Q45588773,嚴 吳郡吳縣,2,0,2,-2
6000000055819896913,Q45588820,君榮 趙國柏仁,2,0,2,-2
6000000074753501954,Q45588837,景裔 吳郡吳縣,2,0,2,-2
6000000074753545952,Q45588900,條 吳郡吳縣,2,0,2,-2
6000000074753641896,Q45588962,儉 吳郡吳縣,2,0,2,-2
6000000074753408095,Q45589148,棣 吳郡吳縣,2,0,2,-2
6000000074753545970,Q45589209,向 吳郡吳縣,2,0,2,-2
6000000074788162016,Q45590896,鋒 河南府,2,0,2,-2
6000000074788374208,Q45591147,俶 河南,2,0,2,-2
6000000074730516840,Q45593788,調 京兆萬年,2,0,2,-2
6000000074730279954,Q45593851,翔 京兆萬年,2,0,2,-2
6000000074730218937,Q45593913,晉 京兆萬年,2,0,2,-2
6000000074716942033,Q45599318,璞 清河武城,2,0,2,-2
6000000074716907961,Q45599382,璬 清河武城,2,0,2,-2
6000000074739904821,Q45599397,文琬 趙州贊皇,2,0,2,-2
6000000074739809862,Q45599459,文立 趙州贊皇,2,0,2,-2
6000000074739828845,Q45599547,公曾 趙州贊皇,2,0,2,-2
6000000074744815886,Q45599611,文正 趙州贊皇,2,0,2,-2
6000000074744667979,Q45599674,思過 趙州贊皇,2,0,2,-2
6000000074744732898,Q45599737,南容 趙州贊皇,2,0,2,-2
6000000074744795875,Q45599799,忠順 趙州贊皇,2,0,2,-2
6000000074744868846,Q45599863,當璧 趙州贊皇,2,0,2,-2
6000000074744607929,Q45599925,嶷 趙州贊皇,2,0,2,-2
6000000074744284034,Q45599990,慎 趙州贊皇,2,0,2,-2
6000000074716654140,Q45600005,植 河南洛陽,2,0,2,-2
6000000074744746860,Q45600052,貞道 趙州贊皇,2,0,2,-2
6000000074744745847,Q45600115,貞悌 趙州贊皇,2,0,2,-2
6000000074739859847,Q45600176,昌 趙州贊皇,2,0,2,-2
6000000074733176860,Q45600318,濬 蘭陵,2,0,2,-2
6000000074739928822,Q45600361,岧 趙州贊皇,2,0,2,-2
6000000074744509963,Q45600546,㟧 趙州贊皇,2,0,2,-2
6000000074715354834,Q45600833,彥遠 吳郡吳縣,2,0,2,-2
6000000074715058981,Q45600896,某 吳郡吳縣,2,0,2,-2
6000000074715136902,Q45600960,曾 吳郡吳縣,2,0,2,-2
6000000074714632129,Q45601027,靜之 吳郡吳縣,2,0,2,-2
6000000075060884917,Q45602206,承晊 京兆長安,2,0,2,-2
6000000074744476069,Q45602258,岑 趙州贊皇,2,0,2,-2
6000000074744832843,Q45602384,珍 趙州贊皇,2,0,2,-2
6000000074744712914,Q45602447,樽 趙州贊皇,2,0,2,-2
6000000074699315063,Q45602475,某 京兆長安,2,0,2,-2
6000000074699315067,Q45602538,璫 京兆長安,2,0,2,-2
6000000074733467261,Q45603466,希望 希望 湖州長城,2,0,2,-2
6000000074699410983,Q45603560,怤 京兆長安,2,0,2,-2
6000000074716942075,Q45604011,粲 清河東武城,2,0,2,-2
6000000074744665934,Q45605259,貞愻 趙州贊皇,2,0,2,-2
6000000074744501961,Q45605325,峯 趙州贊皇,2,0,2,-2
6000000074744768859,Q45605387,貞恕 趙州贊皇,2,0,2,-2
6000000074743774347,Q45605450,嵩 趙州贊皇,2,0,2,-2
6000000074744724874,Q45605513,佺 趙州贊皇,2,0,2,-2
6000000074744793051,Q45605578,文乂 趙州贊皇,2,0,2,-2
6000000074745154871,Q45605641,文友 趙州贊皇,2,0,2,-2
6000000074745259828,Q45605707,守仁 趙州贊皇,2,0,2,-2
6000000074744650151,Q45605770,同愛 趙州贊皇,2,0,2,-2
6000000074744876034,Q45605832,愔 趙州贊皇,2,0,2,-2
6000000074744965995,Q45605895,恪 趙州贊皇,2,0,2,-2
6000000074744685065,Q45605959,撙 趙州贊皇,2,0,2,-2
6000000074745193844,Q45606021,抗 趙州贊皇,2,0,2,-2
6000000074744951998,Q45606085,相 趙州贊皇,2,0,2,-2
6000000074745292821,Q45606147,憬 趙州贊皇,2,0,2,-2
6000000074744906983,Q45606211,拯 趙州贊皇,2,0,2,-2
6000000074739614868,Q45606531,賓王 趙州柏鄉,2,0,2,-2
6000000074739405952,Q45606593,遵王 趙州柏鄉,2,0,2,-2
6000000074739771827,Q45606656,讓王 趙州柏鄉,2,0,2,-2
6000000074739522883,Q45606720,師王 趙州柏鄉,2,0,2,-2
6000000074739484876,Q45606785,敬忠 趙郡平棘,2,0,2,-2
6000000074738801020,Q45606848,晈 河南府,2,0,2,-2
6000000074739437936,Q45606911,昭 河南府,2,0,2,-2
6000000074733473884,Q45607343,裕本 弘農華陰,2,0,2,-2
6000000074739366925,Q45607739,晧 趙州柏鄉,2,0,2,-2
6000000074730443882,Q45608010,震 京兆萬年,2,0,2,-2
6000000074739329945,Q45608884,曉 趙州柏鄉,2,0,2,-2
6000000074788106013,Q45608901,汲 河南府,2,0,2,-2
6000000074739640842,Q45608954,昕 趙州柏鄉,2,0,2,-2
6000000074739094974,Q45609856,思言 趙州柏鄉,2,0,2,-2
6000000074739735821,Q45609921,敬玄 趙州柏鄉,2,0,2,-2
6000000074739629890,Q45610047,敬本 趙州柏鄉,2,0,2,-2
6000000074739722833,Q45610222,敬一 趙州柏鄉,2,0,2,-2
6000000074739417942,Q45610477,敬同 趙州柏鄉,2,0,2,-2
6000000074738574164,Q45610541,敬宗 趙州柏鄉,2,0,2,-2
6000000074739560863,Q45610605,暉 趙州柏鄉,2,0,2,-2
6000000074739534911,Q45610731,晦 趙州柏鄉,2,0,2,-2
6000000074739665843,Q45610792,望仙 趙州柏鄉,2,0,2,-2
6000000074739503914,Q45610855,夢周 趙州柏鄉,2,0,2,-2
6000000074739736823,Q45610916,浮丘 趙州柏鄉,2,0,2,-2
6000000074739732855,Q45610979,敬之 趙州柏鄉,2,0,2,-2
6000000074739520889,Q45611040,少彌 趙州柏鄉,2,0,2,-2
6000000074739640875,Q45611100,晞 趙州柏鄉,2,0,2,-2
6000000074739706835,Q45611165,曎 趙州柏鄉,2,0,2,-2
6000000074738450126,Q45611228,敬彝 趙州柏鄉,2,0,2,-2
6000000074738450130,Q45611292,昶 趙州柏鄉,2,0,2,-2
6000000074739476886,Q45611354,敬臣 趙州柏鄉,2,0,2,-2
6000000074739743833,Q45611417,愿 趙州柏鄉,2,0,2,-2
6000000074739627828,Q45611603,盈 趙州柏鄉,2,0,2,-2
6000000074739720845,Q45611792,檀陀 趙州柏鄉,2,0,2,-2
6000000074738801035,Q45611855,僧伽 趙州柏鄉,2,0,2,-2
6000000074739410868,Q45612044,崇業 趙州柏鄉,2,0,2,-2
6000000074699523847,Q45612760,除 京兆長安,2,0,2,-2
6000000074744506585,Q45614850,萬 鉅鹿曲城,2,0,2,-2
6000000074745556100,Q45614915,長信 鉅鹿曲城,2,0,2,-2
6000000074745948891,Q45614978,孟莊 鉅鹿曲城,2,0,2,-2
6000000074734375251,Q45615437,元弼 隴西狄道,2,0,2,-2
6000000074738719006,Q45616214,東王 趙州贊皇,2,0,2,-2
6000000074738751987,Q45616277,守文 趙州贊皇,2,0,2,-2
6000000074739217844,Q45616340,蘭客 趙州贊皇,2,0,2,-2
6000000074738591015,Q45616403,奉泌 趙州贊皇,2,0,2,-2
6000000074739424821,Q45616467,奉胤 趙州贊皇,2,0,2,-2
6000000074739293841,Q45616529,奉冑 趙州贊皇,2,0,2,-2
6000000074739207889,Q45616591,邵 趙州贊皇,2,0,2,-2
6000000074738711002,Q45616654,彥輔 趙州贊皇,2,0,2,-2
6000000074739423822,Q45616717,彥莊 趙州贊皇,2,0,2,-2
6000000074739340859,Q45616779,守節 趙州贊皇,2,0,2,-2
6000000074717301822,Q45618281,兗 河北道鎮州,2,0,2,-2
6000000074716862118,Q45619200,稱 鄭州榮陽,2,0,2,-2
6000000075327872192,Q45620545,某,2,0,2,-2
6000000074738939939,Q45620923,大真 趙州贊皇,2,0,2,-2
6000000074738377136,Q45620986,構 趙州贊皇,2,0,2,-2
6000000074739301831,Q45621050,逸客 趙州贊皇,2,0,2,-2
6000000074739197995,Q45621113,怡顏 趙州贊皇,2,0,2,-2
6000000074739514821,Q45621237,澤 趙州贊皇,2,0,2,-2
6000000074739475822,Q45621363,踐一 趙州贊皇,2,0,2,-2
6000000074739125977,Q45621425,承訓 趙州贊皇,2,0,2,-2
6000000074739158937,Q45621487,恪 趙州贊皇,2,0,2,-2
6000000074739443859,Q45621550,某 趙州贊皇,2,0,2,-2
6000000074738572069,Q45621612,仙客 趙州贊皇,2,0,2,-2
6000000074739472833,Q45621677,踐忠 趙州贊皇,2,0,2,-2
6000000074739051949,Q45621738,某 趙州贊皇,2,0,2,-2
6000000074739124999,Q45621803,㥓 趙州贊皇,2,0,2,-2
6000000074739364876,Q45622181,演開 趙州贊皇,2,0,2,-2
6000000074739211919,Q45622307,踐義 趙州贊皇,2,0,2,-2
6000000074739187936,Q45622370,怡 趙州贊皇,2,0,2,-2
6000000074739411848,Q45622683,佋 趙州贊皇,2,0,2,-2
6000000074748421023,Q45622685,某 晉昌冥安,2,0,2,-2
6000000074739062969,Q45622745,{亻雚} 趙州贊皇,2,0,2,-2
6000000074739391872,Q45622809,俌 趙州贊皇,2,0,2,-2
6000000074739499833,Q45622872,伋 趙州贊皇,2,0,2,-2
6000000074739458881,Q45622936,太初 趙州贊皇,2,0,2,-2
6000000074739557821,Q45622999,宣道 趙州贊皇,2,0,2,-2
6000000074738865007,Q45623063,延孫 趙州贊皇,2,0,2,-2
6000000074739454851,Q45623111,延祚 趙州,2,0,2,-2
6000000074739521836,Q45623174,縯 趙州,2,0,2,-2
6000000074738911038,Q45623237,紓 趙州,2,0,2,-2
6000000074739464847,Q45623299,縱 趙州,2,0,2,-2
6000000074739371880,Q45623362,澤 趙州,2,0,2,-2
6000000074738574070,Q45623549,宣德 趙州贊皇,2,0,2,-2
6000000074739243937,Q45623614,延祐 京兆長安,2,0,2,-2
6000000074739022994,Q45623676,湊 京兆長安,2,0,2,-2
6000000074739430873,Q45623744,泌 京兆長安,2,0,2,-2
6000000074739432830,Q45623806,固 趙州贊皇,2,0,2,-2
6000000074739420836,Q45623870,元珪 趙州贊皇,2,0,2,-2
6000000074739458821,Q45623932,伯成 趙州贊皇,2,0,2,-2
6000000074739224893,Q45623995,恆 趙州贊皇,2,0,2,-2
6000000074739347847,Q45624058,幼 趙州贊皇,2,0,2,-2
6000000074739446830,Q45624119,隆業 趙州贊皇,2,0,2,-2
6000000074739234911,Q45624182,重丘 趙州贊皇,2,0,2,-2
6000000074739430844,Q45624242,重光 趙州贊皇,2,0,2,-2
6000000074739227901,Q45624305,唐卿 趙州贊皇,2,0,2,-2
6000000074739197934,Q45624431,虛己 河南府,2,0,2,-2
6000000074738663000,Q45624492,萬 河南府,2,0,2,-2
6000000074739310913,Q45624555,韶 河南府,2,0,2,-2
6000000074739456833,Q45624747,延業 趙州贊皇,2,0,2,-2
6000000074739227906,Q45624809,光紹 趙州贊皇,2,0,2,-2
6000000074738484050,Q45624873,愍 趙州贊皇,2,0,2,-2
6000000074739442822,Q45624936,昭業 趙州贊皇,2,0,2,-2
6000000074739339899,Q45624997,宣業 趙州贊皇,2,0,2,-2
6000000074738405133,Q45625059,庭秀 趙州贊皇,2,0,2,-2
6000000074739428847,Q45625122,潤 趙州贊皇,2,0,2,-2
6000000074739340876,Q45625184,翊 趙州贊皇,2,0,2,-2
6000000074739417835,Q45625247,知業 趙州贊皇,2,0,2,-2
6000000074739361835,Q45625307,慶業 趙州贊皇,2,0,2,-2
6000000074739371837,Q45625369,庭光 趙州贊皇,2,0,2,-2
6000000074738912957,Q45625433,詵 趙州贊皇,2,0,2,-2
6000000074739137919,Q45625496,諲 趙州贊皇,2,0,2,-2
6000000074739104930,Q45625560,諄 趙州贊皇,2,0,2,-2
6000000074739234919,Q45625622,龢 趙州贊皇,2,0,2,-2
6000000074739274878,Q45625812,珙 趙州贊皇,2,0,2,-2
6000000074749699826,Q45625866,標 河東汾陰,2,0,2,-2
6000000074738877957,Q45625875,紹先 趙州贊皇,2,0,2,-2
6000000074739074925,Q45625940,㟧 趙州贊皇,2,0,2,-2
6000000074738873990,Q45626003,峯 趙州贊皇,2,0,2,-2
6000000074739187920,Q45626065,嶷 趙州贊皇,2,0,2,-2
6000000074738864977,Q45626129,嵸 趙州贊皇,2,0,2,-2
6000000074738712010,Q45626192,敬業 趙州贊皇,2,0,2,-2
6000000074739502821,Q45626256,志廣 趙州贊皇,2,0,2,-2
6000000074738690072,Q45626318,郯 趙州贊皇,2,0,2,-2
6000000074787755320,Q45630737,鸞 河南府,2,0,2,-2
6000000074685671922,Q45632307,克讓,2,0,2,-2
6000000074684968724,Q45632368,克恭,2,0,2,-2
6000000074685752908,Q45632431,克禮,2,0,2,-2
6000000075059505353,Q45632881,光 隴西狄道,2,0,2,-2
6000000075060197080,Q45632944,延祚 隴西狄道,2,0,2,-2
6000000074733389821,Q45635644,某 蘭陵,2,0,2,-2
6000000075372719846,Q45637220,昭 河南洛陽,2,0,2,-2
6000000074749828838,Q45639698,瓌 蒲州寶鼎,2,0,2,-2
6000000075345807855,Q45641703,殷 鼎臣 范陽,2,0,2,-2
6000000074730485909,Q45642214,蒨之 文聽 河東聞喜,2,0,2,-2
6000000074730369958,Q45642277,譚 河東聞喜,2,0,2,-2
6000000074730331003,Q45642337,測 伯源 河東聞喜,2,0,2,-2
6000000074730584871,Q45642399,某 河東聞喜,2,0,2,-2
6000000074730393950,Q45642460,某 河東聞喜,2,0,2,-2
6000000074730577862,Q45642520,某 河東聞喜,2,0,2,-2
6000000057634231230,Q45642829,某 河東聞喜,2,0,2,-2
6000000075403750827,Q45643429,蘋 子瑞 鄭州榮澤,2,0,2,-2
6000000074712287925,Q45644369,建 趙州平棘,2,0,2,-2
6000000074712109983,Q45644430,某 趙州平棘,2,0,2,-2
6000000074712145920,Q45644491,某 趙州平棘,2,0,2,-2
6000000074711693222,Q45644550,某 趙州平棘,2,0,2,-2
6000000074712332860,Q45644857,連 趙州平棘,2,0,2,-2
6000000074712038045,Q45644918,搏 趙州平棘,2,0,2,-2
6000000075398964280,Q45645221,宗師 隴西狄道,2,0,2,-2
6000000074712231940,Q45645411,鳳林 河南,2,0,2,-2
6000000074711841256,Q45645533,公宏 河北道河南府,2,0,2,-2
6000000074712234882,Q45645592,世辯 河南,2,0,2,-2
6000000074712419838,Q45645654,緯 河南,2,0,2,-2
6000000074712349859,Q45645713,秀林 河南,2,0,2,-2
6000000074712239951,Q45645772,伯茂 河南,2,0,2,-2
6000000074712230958,Q45645832,某 河南,2,0,2,-2
6000000074712438826,Q45645892,某 河南,2,0,2,-2
6000000074711095391,Q45645953,某 河南,2,0,2,-2
6000000074712004050,Q45646012,某 河南,2,0,2,-2
6000000074712169935,Q45646074,景昕 河南,2,0,2,-2
6000000074711841260,Q45646315,休 趙州平棘,2,0,2,-2
6000000074712348917,Q45646374,詵 趙州平棘,2,0,2,-2
6000000074712027036,Q45646435,某 趙州平棘,2,0,2,-2
6000000074712079041,Q45646493,某 趙州平棘,2,0,2,-2
6000000074712354884,Q45646554,某 趙州平棘,2,0,2,-2
6000000074712415832,Q45646614,士衡 趙州平棘,2,0,2,-2
6000000074712467833,Q45646854,某 滑州匡城,2,0,2,-2
6000000074712349896,Q45646912,某 滑州匡城,2,0,2,-2
6000000074712027041,Q45646972,某 滑州匡城,2,0,2,-2
6000000074712367885,Q45647031,某 滑州匡城,2,0,2,-2
6000000074730399029,Q45647039,歸仁 河東聞喜,2,0,2,-2
6000000074711973166,Q45647089,某 滑州匡城,2,0,2,-2
6000000074711720235,Q45647334,某 滑州匡城,2,0,2,-2
6000000074712243992,Q45647395,恃顯 滑州匡城,2,0,2,-2
6000000074711754203,Q45647453,恃和 滑州匡城,2,0,2,-2
6000000074711798229,Q45647512,某 滑州匡城,2,0,2,-2
6000000074712289921,Q45647632,默之 滑州匡城,2,0,2,-2
6000000074712343905,Q45647751,謀 河南,2,0,2,-2
6000000074712091020,Q45647810,昞 河南,2,0,2,-2
6000000074711869137,Q45647866,伯膺 河南,2,0,2,-2
6000000074711853110,Q45647985,思恭 河南洛陽,2,0,2,-2
6000000074712455848,Q45648044,同亨 河南洛陽,2,0,2,-2
6000000074712374855,Q45648104,渙 河南洛陽,2,0,2,-2
6000000074712436879,Q45648163,去伐 河南洛陽,2,0,2,-2
6000000074712403889,Q45648222,某 河南洛陽,2,0,2,-2
6000000074712469853,Q45648285,洽 河南洛陽,2,0,2,-2
6000000074712411898,Q45648344,道信 河南,2,0,2,-2
6000000074712509837,Q45648403,齊莊 河南,2,0,2,-2
6000000074712360906,Q45648464,知讓 京兆萬年,2,0,2,-2
6000000074712135117,Q45648525,承胤 京兆萬年,2,0,2,-2
6000000074711664244,Q45649066,某 河南,2,0,2,-2
6000000074712495868,Q45649126,元稱 河南,2,0,2,-2
6000000074712473839,Q45649184,某 趙州平棘,2,0,2,-2
6000000074712366884,Q45649245,孝恭 趙州平棘,2,0,2,-2
6000000074712010191,Q45649304,懷柔 趙州平棘,2,0,2,-2
6000000074712210023,Q45649364,祖威 趙州平棘,2,0,2,-2
6000000074712522850,Q45649424,思行 趙州平棘,2,0,2,-2
6000000074711450238,Q45649484,辟邪 趙州平棘,2,0,2,-2
6000000074711450243,Q45649542,懷宗 趙州平棘,2,0,2,-2
6000000074712297986,Q45649600,君逸 趙州平棘,2,0,2,-2
6000000074711601236,Q45649660,肅然 趙州平棘,2,0,2,-2
6000000074711574142,Q45649959,自然 趙州平棘,2,0,2,-2
6000000074712556837,Q45650019,某 趙州平棘,2,0,2,-2
6000000074712027084,Q45650077,玄乂 河南,2,0,2,-2
6000000074759196009,Q45653457,知藝 京兆長安,2,0,2,-2
6000000074787762414,Q45655203,某 河南府,2,0,2,-2
6000000074759740953,Q45657616,某 京兆杜陵,2,0,2,-2
6000000075406114909,Q45657676,某 京兆杜陵,2,0,2,-2
6000000074759579180,Q45658389,福獎 京兆杜陵,2,0,2,-2
6000000074759732994,Q45658449,寡尤 京兆杜陵,2,0,2,-2
6000000074759895871,Q45658508,璋 京兆杜陵,2,0,2,-2
6000000074759562118,Q45658568,籯金 京兆杜陵,2,0,2,-2
6000000074759865856,Q45658629,黄裳 京兆府,2,0,2,-2
6000000074759762012,Q45658690,旻 京兆府,2,0,2,-2
6000000074759527157,Q45658987,珍 京兆杜陵,2,0,2,-2
6000000074758986481,Q45659166,仲銳 京兆杜陵,2,0,2,-2
6000000074759425245,Q45659227,叔銳 京兆杜陵,2,0,2,-2
6000000074759848966,Q45659288,文彥 京兆杜陵,2,0,2,-2
6000000074759966854,Q45659407,稹 京兆杜陵,2,0,2,-2
6000000074759693078,Q45659467,極 京兆杜陵,2,0,2,-2
6000000074759973855,Q45659526,某 京兆杜陵,2,0,2,-2
6000000074759851987,Q45659585,某 京兆杜陵,2,0,2,-2
6000000074759698000,Q45659766,某 京兆杜陵,2,0,2,-2
6000000074759863923,Q45659825,晤 京兆杜陵,2,0,2,-2
6000000074759919857,Q45659887,仁基 京兆杜陵,2,0,2,-2
6000000074759745013,Q45659945,元祚 京兆杜陵,2,0,2,-2
6000000074758956431,Q45660005,某 京兆杜陵,2,0,2,-2
6000000074759481162,Q45660063,某 京兆杜陵,2,0,2,-2
6000000074759960827,Q45660124,霸 京兆杜陵,2,0,2,-2
6000000074759574093,Q45660180,仁祚 京兆杜陵,2,0,2,-2
6000000074759457073,Q45660241,旅 京兆杜陵,2,0,2,-2
6000000074759980821,Q45660303,皎 京兆杜陵,2,0,2,-2
6000000074759897897,Q45660362,憼 京兆杜陵,2,0,2,-2
6000000074759766001,Q45660422,商伯 京兆杜陵,2,0,2,-2
6000000074759976834,Q45660603,曄 京兆杜陵,2,0,2,-2
6000000074759194238,Q45660662,哲 京兆杜陵,2,0,2,-2
6000000074759838004,Q45660721,某 京兆杜陵,2,0,2,-2
6000000074759748034,Q45660780,某 京兆杜陵,2,0,2,-2
6000000074759093426,Q45660841,某 京兆杜陵,2,0,2,-2
6000000074759673009,Q45660901,元輔 京兆杜陵,2,0,2,-2
6000000074759749986,Q45661079,彤 京兆杜陵,2,0,2,-2
6000000074759970852,Q45661140,彥師 京兆杜陵,2,0,2,-2
6000000074760021821,Q45661201,承徽 京兆杜陵,2,0,2,-2
6000000074758870695,Q45661262,彥方 河南府,2,0,2,-2
6000000074759819956,Q45661322,徵 河南府,2,0,2,-2
6000000074759835979,Q45661383,寂 河南府,2,0,2,-2
6000000074759697081,Q45661443,峴 河南府,2,0,2,-2
6000000074759540103,Q45661501,嶼 河南府,2,0,2,-2
6000000074759457124,Q45661560,岵 河南府,2,0,2,-2
6000000074759422331,Q45661619,萬 河南府,2,0,2,-2
6000000074759708096,Q45661679,京 河南府,2,0,2,-2
6000000074759916896,Q45661738,同 河南府,2,0,2,-2
6000000074759773090,Q45661797,衎 河南府,2,0,2,-2
6000000074759540108,Q45661857,少華 河南府,2,0,2,-2
6000000074759928880,Q45661917,彧 京兆杜陵,2,0,2,-2
6000000074760006853,Q45661976,元方 京兆府,2,0,2,-2
6000000074759758974,Q45662683,宣敏 京兆杜陵,2,0,2,-2
6000000074759678155,Q45662741,嶠 京兆杜陵,2,0,2,-2
6000000074760075846,Q45662800,友直 京兆杜陵,2,0,2,-2
6000000074759676145,Q45662856,友清 京兆杜陵,2,0,2,-2
6000000074760059860,Q45662914,郯 京兆杜陵,2,0,2,-2
6000000074759689000,Q45664367,德運 京兆杜陵,2,0,2,-2
6000000074759588045,Q45664424,山甫 京兆杜陵,2,0,2,-2
6000000074758788777,Q45664531,克已 京兆杜陵,2,0,2,-2
6000000074759995902,Q45664586,遙光 京兆杜陵,2,0,2,-2
6000000057601097835,Q45664595,思進 河東聞喜,2,0,2,-2
6000000074759175369,Q45664641,後已 京兆杜陵,2,0,2,-2
6000000074760065877,Q45664697,某 京兆杜陵,2,0,2,-2
6000000074759634188,Q45664752,某 京兆杜陵,2,0,2,-2
6000000075325016097,Q45664805,誡奢 京兆杜陵,2,0,2,-2
6000000075329242847,Q45670001,政 京兆杜陵,2,0,2,-2
6000000001813313093,Q4567157,Christen Munk,2,0,2,-2
6000000074716596153,Q45672794,槦 河南洛陽,2,0,2,-2
6000000074747014869,Q45673185,崇術 徐州,2,0,2,-2
6000000074746695154,Q45673232,悅 徐州,2,0,2,-2
6000000074746812039,Q45673277,德智 徐州彭城,2,0,2,-2
6000000074747020843,Q45673320,延嗣 徐州彭城,2,0,2,-2
6000000074747002901,Q45673363,崇直 徐州彭城,2,0,2,-2
6000000074746736992,Q45673449,守約 徐州彭城,2,0,2,-2
6000000074746733111,Q45673577,守悌 徐州彭城,2,0,2,-2
6000000074747016853,Q45673622,軌 彭城,2,0,2,-2
6000000141043231901,Q456758,Moshe ben Shem-Tov,2,0,2,-2
6000000074750247981,Q45676785,子琇 太原,2,0,2,-2
6000000074749721380,Q45678879,仲元 太原,2,0,2,-2
6000000074750117137,Q45678912,映 太原,2,0,2,-2
6000000074750484836,Q45678944,某 太原,2,0,2,-2
6000000074750145159,Q45679843,子雲 太原,2,0,2,-2
6000000074750137120,Q45679876,子𓉌 京兆萬年,2,0,2,-2
6000000074750274012,Q45679908,子瑛 太原,2,0,2,-2
6000000074750362926,Q45679974,子珪 太原,2,0,2,-2
6000000074750216110,Q45680586,幼謙 京兆萬年,2,0,2,-2
6000000074745957851,Q45681927,明 鉅鹿曲城,2,0,2,-2
6000000074745864889,Q45681959,憑 鉅鹿曲城,2,0,2,-2
6000000074745952865,Q45682117,隋 鉅鹿曲城,2,0,2,-2
6000000074745564037,Q45682148,萬 鉅鹿曲城,2,0,2,-2
6000000074788526035,Q45682424,肅雍 河南府,2,0,2,-2
6000000074716184237,Q45682486,堪 貝州清河,2,0,2,-2
6000000074717103936,Q45682518,塤 貝州清河,2,0,2,-2
6000000074771073913,Q45682588,延暉 太原文水,2,0,2,-2
6000000074771325840,Q45682618,某 太原文水,2,0,2,-2
6000000074771303838,Q45682649,惲 太原文水,2,0,2,-2
6000000074770970958,Q45682680,斌 太原文水,2,0,2,-2
6000000074771186940,Q45682711,延祚 太原文水,2,0,2,-2
6000000074771229868,Q45682741,延嘉 太原文水,2,0,2,-2
6000000074730369897,Q45683644,均 京兆武功,2,0,2,-2
6000000074730531839,Q45683674,儁 京兆武功,2,0,2,-2
6000000074730178926,Q45683705,獻 京兆武功,2,0,2,-2
6000000074730525837,Q45684170,冰 京兆萬年,2,0,2,-2
6000000074730421881,Q45684266,奕 京兆萬年,2,0,2,-2
6000000074729985045,Q45684296,乂 京兆萬年,2,0,2,-2
6000000074730238957,Q45684325,復 京兆萬年,2,0,2,-2
6000000074730108134,Q45684357,妙 京兆萬年,2,0,2,-2
6000000074729990199,Q45684387,潁 京兆萬年,2,0,2,-2
6000000074730413948,Q45684418,盈 京兆萬年,2,0,2,-2
6000000074730412896,Q45684451,炎 京兆萬年,2,0,2,-2
6000000074730055051,Q45684482,顏 京兆萬年,2,0,2,-2
6000000074730415886,Q45684513,寬 京兆萬年,2,0,2,-2
6000000074730433873,Q45684543,琛 京兆武功,2,0,2,-2
6000000074730550821,Q45684575,烱 京兆武功,2,0,2,-2
6000000074730279979,Q45684605,韙 京兆武功,2,0,2,-2
6000000075060131336,Q45685368,昶 隴西狄道,2,0,2,-2
6000000075061573838,Q45685492,悅 隴西狄道,2,0,2,-2
6000000075060927022,Q45685524,侃 隴西狄道,2,0,2,-2
6000000074733879824,Q45685694,琪 襄州襄陽,2,0,2,-2
6000000074733283126,Q45685725,某 襄州襄陽,2,0,2,-2
6000000074733510901,Q45685758,某 襄州襄陽,2,0,2,-2
6000000074733514949,Q45685790,纁 襄州襄陽,2,0,2,-2
6000000003645877085,Q456872,Malthace,2,0,2,-2
6000000074787853399,Q45687250,璆之 河南,2,0,2,-2
6000000074748412034,Q45689963,防 京兆萬年,2,0,2,-2
6000000074748507958,Q45690447,詮 北海中山,2,0,2,-2
6000000074748160156,Q45690594,諒 君直 北海中山,2,0,2,-2
6000000074748434021,Q45690623,令則 君憲 北海中山,2,0,2,-2
6000000074735031880,Q45690669,道素 隴西狄道,2,0,2,-2
6000000074748613924,Q45690795,歆 無擇 北海中山,2,0,2,-2
6000000074735449869,Q45690995,滻 隴西狄道,2,0,2,-2
6000000074735421847,Q45691025,洗 隴西狄道,2,0,2,-2
6000000074735178924,Q45691053,潘 隴西狄道,2,0,2,-2
6000000074734907966,Q45691838,士都 隴西狄道,2,0,2,-2
6000000074734954900,Q45691867,上善 隴西狄道,2,0,2,-2
6000000074735111856,Q45691897,某 隴西狄道,2,0,2,-2
6000000074734720985,Q45691924,延之 隴西狄道,2,0,2,-2
6000000074747930311,Q45691930,濬 君賾 北海中山,2,0,2,-2
6000000074735066874,Q45691950,自由 隴西狄道,2,0,2,-2
6000000074734898927,Q45691978,靈夔 隴西狄道,2,0,2,-2
6000000074734792960,Q45692007,福 隴西狄道,2,0,2,-2
6000000074734480117,Q45692061,世武 隴西狄道,2,0,2,-2
6000000074734908904,Q45692090,某 隴西狄道,2,0,2,-2
6000000074734940948,Q45692118,濟 隴西狄道,2,0,2,-2
6000000074735041880,Q45692145,濬 隴西狄道,2,0,2,-2
6000000074735154822,Q45692174,麟 隴西狄道,2,0,2,-2
6000000074734789973,Q45692205,全 揚州,2,0,2,-2
6000000074733865348,Q45692233,泠 隴西狄道,2,0,2,-2
6000000074735116893,Q45692262,义羅 隴西狄道,2,0,2,-2
6000000074734933970,Q45692289,滿才 隴西狄道,2,0,2,-2
6000000074733774373,Q45692318,某 隴西狄道,2,0,2,-2
6000000074735034883,Q45692429,直方 隴西狄道,2,0,2,-2
6000000074735034888,Q45692457,君房 隴西狄道,2,0,2,-2
6000000074735095868,Q45692486,昭仲 隴西狄道,2,0,2,-2
6000000074734614176,Q45692515,某 隴西狄道,2,0,2,-2
6000000074734313223,Q45692543,元璋 隴西狄道,2,0,2,-2
6000000074734626067,Q45692573,某 隴西狄道,2,0,2,-2
6000000074735215828,Q45692601,朏 隴西狄道,2,0,2,-2
6000000074735167857,Q45692627,晞 隴西狄道,2,0,2,-2
6000000074735105904,Q45692655,岡 隴西狄道,2,0,2,-2
6000000074735001944,Q45692742,法祥 隴西狄道,2,0,2,-2
6000000074734526045,Q45692824,洪嗣 隴西狄道,2,0,2,-2
6000000074735083888,Q45692853,儉 隴西狄道,2,0,2,-2
6000000074735220836,Q45692881,某 隴西狄道,2,0,2,-2
6000000074735167866,Q45692937,某 秦州成紀,2,0,2,-2
6000000074734348216,Q45692964,某 揚州,2,0,2,-2
6000000074734566061,Q45692991,某 隴西狄道,2,0,2,-2
6000000074734924896,Q45693019,某 隴西狄道,2,0,2,-2
6000000074735066888,Q45693047,某 隴西狄道,2,0,2,-2
6000000074734876943,Q45693074,居士 隴西狄道,2,0,2,-2
6000000000172833094,Q456955,Conan I 'le Tort’ de Rennes,2,0,2,-2
6000000074735054901,Q45696069,榮 知言 隴西狄道,2,0,2,-2
6000000074735160881,Q45696145,儉 隴西狄道,2,0,2,-2
6000000074734451183,Q45696171,植 隴西狄道,2,0,2,-2
6000000074735116930,Q45696198,愿 隴西狄道,2,0,2,-2
6000000074735223835,Q45696223,方叔 秦州成紀,2,0,2,-2
6000000074734878916,Q45696251,丹 秦州成紀,2,0,2,-2
6000000074734671086,Q45696276,崇 秦州成紀,2,0,2,-2
6000000074735215838,Q45696382,舜卿 秦州成紀,2,0,2,-2
6000000074734007449,Q45697020,巖 秦州成紀,2,0,2,-2
6000000074735143903,Q45697225,孚 隴西狄道,2,0,2,-2
6000000074735216851,Q45697251,越客 隴西狄道,2,0,2,-2
6000000074735096938,Q45697276,炎 隴西狄道,2,0,2,-2
6000000074733815490,Q45697303,某 隴西狄道,2,0,2,-2
6000000074735088899,Q45697328,奐 隴西狄道,2,0,2,-2
6000000074735288859,Q45697351,津客 隴西狄道,2,0,2,-2
6000000074734735028,Q45697376,澹 河南伊闕,2,0,2,-2
6000000074735385822,Q45697402,鈒 隴西狄道,2,0,2,-2
6000000074735338838,Q45697429,循 隴西狄道,2,0,2,-2
6000000074734348280,Q45697453,爰 隴西狄道,2,0,2,-2
6000000074735271925,Q45697987,全 隴西狄道,2,0,2,-2
6000000074734375283,Q45698038,敦禮 隴西狄道,2,0,2,-2
6000000074735385835,Q45698063,邵 河南伊闕,2,0,2,-2
6000000074733899405,Q45698090,鄴 河南伊闕,2,0,2,-2
6000000074735047044,Q45698143,直 隴西狄道,2,0,2,-2
6000000074735365838,Q45698167,讓 隴西狄道,2,0,2,-2
6000000074735288863,Q45698402,元亮 隴西狄道,2,0,2,-2
6000000074735147924,Q45698428,元道 隴西狄道,2,0,2,-2
6000000074734810060,Q45698453,元規 隴西狄道,2,0,2,-2
6000000074735281829,Q45698481,元會 隴西狄道,2,0,2,-2
6000000074734777146,Q45698507,元簡 河南伊闕,2,0,2,-2
6000000074735096944,Q45698532,元舉 河南伊闕,2,0,2,-2
6000000074734628071,Q45698558,元明 隴西狄道,2,0,2,-2
6000000074735312834,Q45698583,容 隴西狄道,2,0,2,-2
6000000074734578228,Q45698740,元衡 隴西狄道,2,0,2,-2
6000000074735361825,Q45698767,元輔 隴西狄道,2,0,2,-2
6000000074734981049,Q45698792,倫 隴西狄道,2,0,2,-2
6000000074735384838,Q45698818,巨濟 隴西狄道,2,0,2,-2
6000000074735097989,Q45698842,論 隴西狄道,2,0,2,-2
6000000074734345198,Q45698869,孟 隴西狄道,2,0,2,-2
6000000074735334881,Q45698977,某 隴西狄道,2,0,2,-2
6000000074734578292,Q45699001,銳 隴西狄道,2,0,2,-2
6000000074734832149,Q45699052,某 隴西狄道,2,0,2,-2
6000000074734640149,Q45699079,恆 隴西狄道,2,0,2,-2
6000000074734883050,Q45699104,某 隴西狄道,2,0,2,-2
6000000074734328321,Q45699129,惇 隴西狄道,2,0,2,-2
6000000074734177286,Q45699209,瑋 隴西狄道,2,0,2,-2
6000000074735344890,Q45699235,思敬 隴西狄道,2,0,2,-2
6000000074735292912,Q45699338,景悞 潤州,2,0,2,-2
6000000074735223943,Q45699365,孟康 潤州,2,0,2,-2
6000000074735124970,Q45699415,少康 潤州,2,0,2,-2
6000000074735483840,Q45699439,鮪 潤州,2,0,2,-2
6000000074734987004,Q45699465,鯤 潤州,2,0,2,-2
6000000074735495837,Q45699489,鰅 潤州,2,0,2,-2
6000000074735324902,Q45699513,汙 潤州,2,0,2,-2
6000000074735385867,Q45699537,濃 潤州,2,0,2,-2
6000000074734757119,Q45699562,少連 潤州,2,0,2,-2
6000000074735098001,Q45699589,某 潤州,2,0,2,-2
6000000074735369892,Q45699613,某 潤州,2,0,2,-2
6000000074734626218,Q45699639,某 潤州,2,0,2,-2
6000000074735183926,Q45699665,某 潤州,2,0,2,-2
6000000074735358890,Q45699690,某 潤州,2,0,2,-2
6000000074734810104,Q45699715,師素 潤州,2,0,2,-2
6000000074734774120,Q45699789,某 隴西狄道,2,0,2,-2
6000000074735148982,Q45699816,某 隴西狄道,2,0,2,-2
6000000074734832176,Q45700125,景融 隴西狄道,2,0,2,-2
6000000074734439382,Q45700149,務該 隴西狄道,2,0,2,-2
6000000074734671178,Q45700176,思一 隴西狄道,2,0,2,-2
6000000074734932914,Q45700204,岌 隴西狄道,2,0,2,-2
6000000074734982059,Q45700230,邠 隴西狄道,2,0,2,-2
6000000074735192920,Q45700256,激 隴西狄道,2,0,2,-2
6000000074735321863,Q45700279,放 隴西狄道,2,0,2,-2
6000000074735490851,Q45700331,洸 隴西狄道,2,0,2,-2
6000000074735508836,Q45700357,炬 隴西狄道,2,0,2,-2
6000000074734886100,Q45700383,炯 隴西狄道,2,0,2,-2
6000000074735422902,Q45700483,某 秦州成紀,2,0,2,-2
6000000074735304930,Q45700509,某 秦州成紀,2,0,2,-2
6000000074735076898,Q45700534,汭 秦州成紀,2,0,2,-2
6000000074735058153,Q45700559,宗衡 秦州成紀,2,0,2,-2
6000000074735158949,Q45700584,涗 秦州成紀,2,0,2,-2
6000000074735384847,Q45700685,某 秦州成紀,2,0,2,-2
6000000074735508858,Q45700708,知柔 秦州成紀,2,0,2,-2
6000000074735494876,Q45700732,知止 秦州成紀,2,0,2,-2
6000000074734497121,Q45700757,伯良 隴西狄道,2,0,2,-2
6000000011699153018,Q4571593,Ove Iversen Juul,2,0,2,-2
6000000002435936588,Q4572973,Charles Neville,2,0,2,-2
6000000026188014955,Q4581317,Magne Bleness,2,0,2,-2
6000000002187599755,Q458397,Antonia Prima,2,0,2,-2
6000000003828382317,Q458528,Junia Secunda,2,0,2,-2
6000000163570073896,Q4588039,Kjersti Døvigen,2,0,2,-2
6000000003492083288,Q4588795,Karen Elisabeth Grude Grude,2,0,2,-2
6000000011536408881,Q45892321,Alfred,2,0,2,-2
6000000014291633030,Q4589280,Sakarias Rasmusen,2,0,2,-2
376470307830012909,Q459441,Ferdinando Maria Alberto Amedeo Filiberto Vincenzo di Savoia,2,0,2,-2
6000000016258452594,Q46152168,Paolo Borghese,2,0,2,-2
6000000000424702295,Q461784,Cleopatra,2,0,2,-2
6000000003887432416,Q46329,Stanislaus Казимирович Poniatowski,2,0,2,-2
6000000000537043368,Q466247,Richildis von Egisheim,2,0,2,-2
6000000015654035463,Q4669019,A. (Abraham) Lincoln Filene,2,0,2,-2
6000000011260574714,Q467022,Pétronille Gertrude d'Alsace,2,0,2,-2
6000000008024183896,Q467266,Bagrat,2,0,2,-2
6000000003492005116,Q467497,Aadne Eivindson Garborg,2,0,2,-2
6000000013240192478,Q468031,Otto Von Habsburg,2,0,2,-2
6000000008568510482,Q4681825,Adelheid de Louvain,2,0,2,-2
6000000008905633109,Q4681926,Adelheid von Wolfratshausen,2,0,2,-2
6000000010160508821,Q468729,Ingrid Ylva Sunesdotter Sunesdotter,2,0,2,-2
6000000003827368104,Q469389,Landgraf Hermann Ii,2,0,2,-2
6000000054584086889,Q4696632,Aida,2,0,2,-2
6000000023071176855,Q4709984,Albert Cresswell,2,0,2,-2
6000000000406334064,Q4712253,Alberto do Canto e Dias de Vieira,2,0,2,-2
6000000007273660146,Q471228,Silvius I Nimrod Württemberg,2,0,2,-2
6000000003524228710,Q47145827,Frederick Николаевич podkomorzy Włodzimierski,2,0,2,-2
6000000021076145124,Q4719182,Alexander,2,0,2,-2
6000000026073080280,Q4720046,Alexander Scott Withers,2,0,2,-2
6000000002632163398,Q472209,Maximilian I Hohenzollern,2,0,2,-2
6000000007243262938,Q47240104,Bernard Feustman,2,0,2,-2
6000000015469103181,Q473543,Charles Thomas de Lorraine,2,0,2,-2
6000000044219255864,Q47499453,Anna Catharina Bischoff,2,0,2,-2
6000000007300636787,Q47522685,Maria Văcărescu,2,0,2,-2
6000000016323959434,Q475980,William Louis Nassau,2,0,2,-2
6000000010680328248,Q4767086,Anna Maria Viktoria Hammarström,2,0,2,-2
6000000001448263075,Q4767146,Anna Karlsdotter Karlsdotter Vinstorp,2,0,2,-2
6000000006444200647,Q4773298,Anthony Poyntz,2,0,2,-2
4296981596420026848,Q4773659,Adelaide,2,0,2,-2
6000000011567376328,Q4776604,Antonio Fernández de Córdoba y Cardona,2,0,2,-2
6000000012390135272,Q479379,Friedrich Wilhelm I,2,0,2,-2
6000000004628249472,Q47946,Henry Morgenthau,2,0,2,-2
6000000015272587949,Q479510,Johann Georg von Hohenzollern-Hechingen,2,0,2,-2
6000000005232224447,Q479890,Jan Kropidło,2,0,2,-2
6000000006727839707,Q481444,Henry IX the Older von Oppeln,2,0,2,-2
6000000005232079638,Q481511,Bernard niemodliński,2,0,2,-2
5493317273870085174,Q4821224,Augustine Warner,2,0,2,-2
6000000022842971016,Q4830373,Axel Axelsen Urup,2,0,2,-2
6000000040320078561,Q486088,Ulugh Beg,2,0,2,-2
6000000043433508039,Q4868800,Timothy Bates Cooke,2,0,2,-2
6000000007242504659,Q48688096,"Dorothea Hedwig Schleswig-Holstein, Oldenburg",2,0,2,-2
6000000006714512140,Q48688659,Raoul de Courtenay,2,0,2,-2
6000000008384129608,Q4881573,Beka Jaqeli,2,0,2,-2
6000000048605162188,Q48928019,心洽 鵬雲,2,0,2,-2
6000000013196519341,Q4893247,Bernat Jordan III de l'Isla de Baish,2,0,2,-2
6000000037608789791,Q4898536,Oistin mac Amlaíb,2,0,2,-2
6000000006423477494,Q4937421,Elisabet Juliana,2,0,2,-2
6000000009856419235,Q4950137,Gisèle,2,0,2,-2
6000000004533679272,Q4958289,Katarina Eriksdotter,2,0,2,-2
6000000026079011162,Q4959988,Christence Kruckow,2,0,2,-2
6000000010936024516,Q496569,Vladimir III Mstislavich,2,0,2,-2
6000000012927442010,Q497285,On-Jo 온 부여,2,0,2,-2
6000000012927565778,Q497305,Daru,2,0,2,-2
6000000012927056989,Q497336,Gi-Ru 기 부여,2,0,2,-2
6000000012927117840,Q497364,Gaeru 개 부여,2,0,2,-2
6000000012927369766,Q497399,Chogo 초 부여,2,0,2,-2
6000000012927543862,Q497432,Gusu 구 부여,2,0,2,-2
6000000012927264812,Q497553,Biryu,2,0,2,-2
6000000012926533725,Q497601,Geum-Chogo 초 부여,2,0,2,-2
6000000012926682220,Q497625,Geungusu 부여,2,0,2,-2
6000000012926353143,Q497647,Chimnyu 침 부여,2,0,2,-2
6000000012926410105,Q497688,Asin,2,0,2,-2
6000000012926341055,Q497755,Biyu 비 부여,2,0,2,-2
6000000028246385759,Q498568,고 연 고,2,0,2,-2
6000000028246872878,Q498644,고 약 고,2,0,2,-2
6000000028246699210,Q498693,고 을 고,2,0,2,-2
6000000028246918901,Q498716,고 사 고,2,0,2,-2
6000000028246920914,Q498770,고 이 고,2,0,2,-2
6000000028246622301,Q498827,고 나 고,2,0,2,-2
6000000028246818418,Q498863,고 보 고,2,0,2,-2
6000000025877137488,Q4992464,Johannes Nicolai Georg Forchhammer,2,0,2,-2
6000000000161219866,Q500833,Þorsteinn Reyði Ólafsson,2,0,2,-2
6000000006101322544,Q503201,Charles Victor Emmanuel Leclerc,2,0,2,-2
6000000015869891926,Q50320610,Anders Arnt Wilhelmsen,2,0,2,-2
6000000003950887415,Q505112,Philippe 'le Bon' d'Évreux,2,0,2,-2
6000000016074142250,Q50557989,Ana,2,0,2,-2
6000000006906570375,Q506317,Conrad I Przemyslides,2,0,2,-2
6000000007951150226,Q5080088,Charles Larned,2,0,2,-2
6000000002544926321,Q50805084,Cecilia Johnsdatter Sudreim,2,0,2,-2
6000000005599009627,Q50825540,"Anton Günther Schleswig-Holstein, Oldenburg",2,0,2,-2
6000000065496762935,Q5096054,Chichimecacihuatzin Of,2,0,2,-2
6000000032179968963,Q5112884,Christopher Miner,2,0,2,-2
6000000075328374897,Q5115175,淵 彥回 河南陽翟,2,0,2,-2
6000000001849260350,Q5129310,Claudine de La Tour,2,0,2,-2
6000000005677143001,Q514079,Heinrich Rantzau,2,0,2,-2
5287783676380075255,Q514315,Georg Olofsson Olofsson Stiernhielm,2,0,2,-2
6000000011025848482,Q515759,Elisabeth Charlotte von Anhalt-Harzgerode,2,0,2,-2
6000000006592017657,Q516503,Isabel de Warenne,2,0,2,-2
6000000006727902278,Q51719,Joscelin de Courtenay,2,0,2,-2
6000000075344796899,Q5192711,胤 昌遐 清河武城,2,0,2,-2
6000000075344933861,Q5192724,昭緯 齊州歷城,2,0,2,-2
6000000000716998561,Q519641,"Guillaume I ""le Grand """,2,0,2,-2
6000000003858812164,Q520301,Dedo I von Wettin,2,0,2,-2
6000000012592516583,Q52237555,Mikhail Javnutovich Gediminids,2,0,2,-2
868019,Q5230914,David Atwater,2,0,2,-2
6000000019310401735,Q523228,Armand de Périgord,2,0,2,-2
6000000029605180655,Q524172,Georg-Wilhelm Markgraf Hohenzollern,2,0,2,-2
6000000007506891418,Q526103,Eleonore Charlotte Charlotte Württemberg-Mömpelgard,2,0,2,-2
6000000003827618996,Q52636341,Ulrich von Bregenz-Pfullendorf,2,0,2,-2
6000000025544063901,Q526597,Randi Lindtner Næss,2,0,2,-2
6000000001744898194,Q527458,William,2,0,2,-2
6000000009959617099,Q5274702,Diego Hurtado de Mendoza y Suárez de Figueroa,2,0,2,-2
6000000012000403202,Q5274705,Diego,2,0,2,-2
6000000007335909386,Q528745,Heinrich VI,2,0,2,-2
6000000016998243602,Q529419,Jean de Lauzon,2,0,2,-2
6000000002188648986,Q5296544,Donnchadh III,2,0,2,-2
6000000002187665802,Q52995,Gunderic,2,0,2,-2
6000000000531807761,Q530661,Hugh,2,0,2,-2
6000000074757821937,Q5310046,悰 京兆杜陵,2,0,2,-2
6000000009300777621,Q5311965,Dudley,2,0,2,-2
6000000017946718669,Q5339459,Paku Alam V KPH Suryodilogo (1878-1900),2,0,2,-2
6000000005249949099,Q5339822,Edmund Sheffield,2,0,2,-2
6000000008630690847,Q5343363,Edward Hastings,2,0,2,-2
6000000003937220101,Q53446,"Henry II ""the Pious"" Piast",2,0,2,-2
6000000006444128209,Q5345508,Edward Sutton,2,0,2,-2
6000000016657634272,Q5357768,Naohiro Nabeshima,2,0,2,-2
6000000030413919428,Q5358097,Sanetsune,2,0,2,-2
6000000000843042071,Q536033,Charles de de Vendôme,2,0,2,-2
6000000012596831896,Q5360455,尚子,2,0,2,-2
6000000014577326952,Q5362658,Elizabeth Neville,2,0,2,-2
6000000007604425087,Q5363546,Elizabeth Stafford,2,0,2,-2
6000000023809907399,Q5363676,潛 文行 河東聞喜,2,0,2,-2
6000000000720420100,Q536615,"Louis I ""le Boiteux"" de Bourbon",2,0,2,-2
6000000079935903870,Q536995,Hathumod Ludolfingowie,2,0,2,-2
6000000007513339285,Q5370334,虎 文彬 隴西狄道,2,0,2,-2
6000000002145314408,Q537126,"Flavius Honorius Theodosius ""the Elder""",2,0,2,-2
6000000001992125969,Q537154,Cunegonde Welfen,2,0,2,-2
6000000074750197952,Q5374477,太原,2,0,2,-2
6000000007949043978,Q537742,Kaloioannes Komnenos,2,0,2,-2
6000000001183968441,Q5381849,Eoppa,2,0,2,-2
6000000116072411894,Q538580,"Henriette Louise Waldner von Freundstein, von Colmar",2,0,2,-2
6000000002447238331,Q539434,"Angilbert ""the Saint""",2,0,2,-2
6000000004993462540,Q5402877,Ethan Allen Andrus,2,0,2,-2
6000000000701119941,Q5423032,Eystein «the Noisy» Ivarsson,2,0,2,-2
6000000000307262703,Q5425257,Isabel de Beaumont,2,0,2,-2
6000000002043186469,Q543922,Odo,2,0,2,-2
6000000005747722099,Q5442200,Felix Ennodius,2,0,2,-2
6000000025039801027,Q5443879,Ferdinand Maximilian Ysenburg- Budingen,2,0,2,-2
6000000007016226606,Q5444910,Fernando,2,0,2,-2
6000000003232563122,Q545062,Cædwalla,2,0,2,-2
6000000001169174384,Q5464626,Folkvid,2,0,2,-2
6000000001500866583,Q546469,Pierre,2,0,2,-2
6000000001500872768,Q546497,Henri II de Lusignan,2,0,2,-2
6000000006101354494,Q546626,Jacques de Lusignan,2,0,2,-2
5521229670270108580,Q5477184,Foxhall Alexander,2,0,2,-2
6000000006101381611,Q547839,Yaroslav Yaroslavich,2,0,2,-2
5218673968020054433,Q547887,Gaspard I,2,0,2,-2
6000000009133852296,Q548014,"Vasily Yaroslavich ""Kvashnya"" of Kostroma",2,0,2,-2
6000000007023731573,Q5480628,Francis Courtenay,2,0,2,-2
6000000014093766066,Q5480750,Afonso,2,0,2,-2
6000000000128265610,Q54819910,Niels Sørensen,2,0,2,-2
6000000003263226602,Q5482808,Francis Willoughby,2,0,2,-2
6000000001501016433,Q548285,Philip I,2,0,2,-2
6000000006906224300,Q5493526,Hårek,2,0,2,-2
6000000003827612093,Q54964354,Uda von Ravensberg,2,0,2,-2
6000000026975631034,Q55025261,Franz Leopold Ignaz Graf zu Salm-Neuburg,2,0,2,-2
6000000075326036386,Q550290,髦 彥士 沛國譙縣,2,0,2,-2
6000000006101381220,Q550638,Davyd Rostislavovich Рюрикович,2,0,2,-2
6000000011979336569,Q55086830,Auguste Johanna von Sayn-Wittgenstein-Hohenstein,2,0,2,-2
6000000062557569911,Q55134399,Anton,2,0,2,-2
6000000013766856900,Q55150659,Georg Ludwig ll Burggraf Graf zu Sayn-Hachenburg,2,0,2,-2
6000000001340567024,Q551726,"Friedrich Brabant Lothringen, Hessen",2,0,2,-2
6000000013428753872,Q55225781,Ugo Maria Boncompagni Ludovisi,2,0,2,-2
6000000010041656377,Q55238482,Erzsébet Batthyány,2,0,2,-2
6000000025688059011,Q55238508,Franz Ernst von Schlick zu Bassano und Weisskirchen,2,0,2,-2
6000000019306966534,Q55318577,Thomas Juel Thommessen,2,0,2,-2
6000000015506293061,Q55340862,Rudolf II von Helfenstein,2,0,2,-2
6000000013939743038,Q55347010,Louise,2,0,2,-2
6000000001672942679,Q5536809,George W. Baylor,2,0,2,-2
6000000006429233793,Q553965,Cort Sivertsen,2,0,2,-2
6000000002904243490,Q55399053,Agatha de Vendôme,2,0,2,-2
6000000027705947345,Q5539913,George Grey Wornum,2,0,2,-2
6000000006444136130,Q5540309,George Hastings,2,0,2,-2
6000000010554378203,Q5542572,George John Montagu,2,0,2,-2
6000000002325795596,Q55454741,Christian Paul Egede Nissen,2,0,2,-2
6000000003827765634,Q55516568,Heinrich von Hohenfels-Reipoldskirchen,2,0,2,-2
6000000011808250215,Q5553796,Lars Andersson,2,0,2,-2
6000000001504958369,Q555384,Heinrich I,2,0,2,-2
6000000003232543511,Q555409,"Hermann Bernhard Georg Wettin, Ernestiner",2,0,2,-2
6000000047850601430,Q55558434,RAy Soeharsikin,2,0,2,-2
6000000031869359020,Q555850,Lebrecht,2,0,2,-2
6000000006727863775,Q55593206,Ulrich VIII von Regenstein und Blankenburg,2,0,2,-2
6000000015212276497,Q556397,Przemysław of Oświęcim,2,0,2,-2
6000000048698062232,Q55675143,Ludwig Georg Ernst Oskar Graf von Wedel,2,0,2,-2
6000000025069323257,Q55679100,Sigmund,2,0,2,-2
6000000011137293423,Q5571046,Fabian Berendes,2,0,2,-2
6000000020008643353,Q5571049,Johan Berndes,2,0,2,-2
6000000020857008218,Q5575576,Christian,2,0,2,-2
6000000014705573496,Q5576348,Just Tyrholm Willatzsen,2,0,2,-2
6000000009134071127,Q557859,Witenes,2,0,2,-2
6000000005415226185,Q5578661,Nils (Nikolaus),2,0,2,-2
6000000002188546124,Q558049,Duke Friedrich III of Austria,2,0,2,-2
6000000081289543930,Q55816166,Erhard Alfred Ernst Thilo,2,0,2,-2
6000000001142106980,Q558233,Henry de Bar,2,0,2,-2
6000000006727853100,Q558253,Julius Heinrich Askanier,2,0,2,-2
6000000001504252287,Q5584472,Axel Axelsson,2,0,2,-2
6000000013448366488,Q55847199,Samuel Nathanel Seligmann,2,0,2,-2
6000000015291356667,Q55850145,Georg,2,0,2,-2
6000000004533176050,Q5586650,Gormflaith Ingen Flainn Sinna Clann Cholmáin,2,0,2,-2
6000000007511893149,Q5588413,Ericus Brunnius,2,0,2,-2
6000000025975317540,Q55914969,Anna Sibylla Fugger,2,0,2,-2
6000000002197813080,Q559316,"Richard ""the Justicer"" d'Ardennes",2,0,2,-2
6000000002322298383,Q559539,William,2,0,2,-2
6000000002322298266,Q560005,William III,2,0,2,-2
6000000015309064918,Q56035758,Georg Ernst Schlick,2,0,2,-2
6000000007675721719,Q5605668,Petrus Eliae Gavelius,2,0,2,-2
6000000006444086921,Q5606906,Gregory Fiennes,2,0,2,-2
6000000007026278130,Q5613434,Börje Olofsson Bureus,2,0,2,-2
6000000024173225516,Q5621198,Ulrich Otto II von Dewitz,2,0,2,-2
6000000008266172453,Q56232904,Euphemia Юрьевна Philiamova-Saburova,2,0,2,-2
6000000006906412348,Q5623736,Gwriad ap Elidir,2,0,2,-2
6000000001504214191,Q5626400,Claus Olufsen Daa,2,0,2,-2
6000000001744835014,Q56285202,Arengarde de Mauléon,2,0,2,-2
6000000025069751890,Q563060,Anna Stettenheimer,2,0,2,-2
6000000006727862065,Q56359698,Anna Sophia of Tver,2,0,2,-2
6000000017768171487,Q56366653,Ivan Юрьевич,2,0,2,-2
6000000006101312714,Q563705,Anna d'Este,2,0,2,-2
6000000004533664166,Q56545966,Rixinda de Narbona,2,0,2,-2
6000000055771013964,Q56598162,敬儀 趙郡柏仁,2,0,2,-2
6000000014266919087,Q56640877,Mathe de L'Isle-Jourdain,2,0,2,-2
6000000003858572574,Q56921411,"Ursula von Görz of Schöneck, Neuhaus and Uttenstein",2,0,2,-2
6000000003858517044,Q56923043,Katharina von Pfannberg,2,0,2,-2
6000000016991536419,Q571442,Philipp I Lippe,2,0,2,-2
6000000015212683906,Q571457,Bolesław II Cieszyński,2,0,2,-2
6000000003827484171,Q571475,Henry V the Fat,2,0,2,-2
6000000002536692977,Q5714962,Sebastián,2,0,2,-2
4117527068020122146,Q5715537,Erik Gyllenstjerne,2,0,2,-2
6000000010867911906,Q571982,Sobiesław I Pommern-Danzig,2,0,2,-2
6000000003645782595,Q572023,Bogislaw I,2,0,2,-2
6000000010191249118,Q5722222,Henry Grey,2,0,2,-2
6000000000307276377,Q5722729,Henry Hastings,2,0,2,-2
6000000007604425103,Q5728607,Henry Stafford,2,0,2,-2
6000000003440496582,Q5728882,Henry Dudley,2,0,2,-2
6000000003827136164,Q574017,Fréderic III de Lorraine,2,0,2,-2
4699233482990024400,Q5753630,Peder Pedersson Helsing?,2,0,2,-2
6000000028324137503,Q575523,Ulrich III von Sponheim,2,0,2,-2
6000000007548228373,Q5757435,Martinus Eriksson Gestrin,2,0,2,-2
6000000014266901228,Q57584643,Bertrand de L'Isle-Jourdain,2,0,2,-2
6000000000474020128,Q57605554,Hugues II de Pierrepont,2,0,2,-2
4363160345110081439,Q5764267,Yuri Narimantaitis Gediminid,2,0,2,-2
6000000001197169638,Q5768880,Arendt Grape,2,0,2,-2
6000000011356501031,Q5770435,Greger,2,0,2,-2
6000000015765297936,Q577795,Charles,2,0,2,-2
6000000003770432103,Q5783613,Engelbert,2,0,2,-2
6000000001669612578,Q5789768,Peder Hansson,2,0,2,-2
6000000001504827410,Q5790142,Eiler Hardenberg,2,0,2,-2
6000000002444013586,Q579846,William VII,2,0,2,-2
6000000001339030072,Q57995,Marie Anna Wittelsbach,2,0,2,-2
6000000011532511759,Q5807131,Mikael,2,0,2,-2
6000000016390434626,Q58188121,Elisabeth,2,0,2,-2
6000000032128172408,Q58210475,Maria Dorothea von Fürstenberg,2,0,2,-2
6000000014059056203,Q58429363,Matfiej Никитич,2,0,2,-2
6000000003098215498,Q58559,Bruno,2,0,2,-2
384521596810013738,Q5859325,Fernando,2,0,2,-2
6000000002187823743,Q586924,"Ludwig ""The Bartige""",2,0,2,-2
6000000004109166258,Q589931,Anton Günther II Schwarzburg,2,0,2,-2
6000000003349367528,Q5900614,Karl Karlsson Ulv,2,0,2,-2
6000000016327887758,Q590489,Anton Franz Joseph von Montfort,2,0,2,-2
6000000186434141842,Q5908399,Nicolai Kielland-Torkildsen,2,0,2,-2
6000000034196362003,Q5920613,Isaac,2,0,2,-2
6000000002837301577,Q5921392,Iver Tagesen Tagessen,2,0,2,-2
6000000001084436332,Q5923298,Ivar Ragnvaldsson,2,0,2,-2
6000000006290690315,Q592561,Dafydd ap Gruffydd,2,0,2,-2
6000000003317425624,Q593626,Isabella d'Este,2,0,2,-2
6000000002834312606,Q5941647,Poul Pedersen Laxmand,2,0,2,-2
6000000075401576947,Q5959431,味道 趙州欒城,2,0,2,-2
6000000002572920173,Q5971771,Magnus Bengtsson (Folkungaätten),2,0,2,-2
6000000013907683779,Q5999014,Mario,2,0,2,-2
6000000002188110562,Q60040730,Berthe Alda of d'Italie,2,0,2,-2
6000000006127284982,Q6008688,Nils Bosson Grip,2,0,2,-2
6000000006127582986,Q6022517,Ericus H,2,0,2,-2
6000000037521642244,Q6028948,Alfonso,2,0,2,-2
6000000001756108202,Q60563,"Otto I (V) ""der Rotkopf"" van der Poel",2,0,2,-2
6000000014980871068,Q60593125,Elżbieta Halszka Sapieha,2,0,2,-2
6000000001543751090,Q6066434,Anna Catharina Dorothea von Salm-Kyrburg,2,0,2,-2
6000000009634025428,Q6067586,Maria Dorothea Sophia Oettingen,2,0,2,-2
6000000010533859812,Q6077095,Isaac Seligmann,2,0,2,-2
284138677450001022,Q6082487,Nicolaus Iohannis Johansson,2,0,2,-2
6000000056240099859,Q60839020,Andrea Colonna,2,0,2,-2
6000000002968624707,Q60928,Vladimir Monomakh Всеволодович Vsevolodich,2,0,2,-2
4363142221750073202,Q609862,Montvidas,2,0,2,-2
6000000011926990323,Q610458,Frederick I (913-978),2,0,2,-2
6000000003243418345,Q6108972,Ring (Hringur) Haraldsson,2,0,2,-2
6000000009959861708,Q61140256,Anna Amalia Amalie Sayn,2,0,2,-2
6000000006727853910,Q61140276,Anna Solms,2,0,2,-2
6000000015731730128,Q61140484,Johann Ludwig zu Salm-Dhaun,2,0,2,-2
6000000086262666835,Q611584,António,2,0,2,-2
6000000013093047464,Q61169,Eberhard Ludwig von Württemberg,2,0,2,-2
6000000015180247284,Q61179472,Yolande de Ligne,2,0,2,-2
6000000007980672713,Q6118980,Jakob Marius Schøning,2,0,2,-2
6000000005599009966,Q61264,Christina Louise Oettingen,2,0,2,-2
6000000003827671919,Q61278510,Elizabeth Павловна Sapiega,2,0,2,-2
6000000008265874856,Q61313676,Vasily Andreyevich,2,0,2,-2
6000000001669640454,Q61314170,Adelheid von Vohburg,2,0,2,-2
6000000015387768954,Q6138202,James,2,0,2,-2
6000000001500899234,Q6142565,Mafalda González de Lara,2,0,2,-2
6000000012827361516,Q6143342,國荃 沅甫 湖南湘鄉,2,0,2,-2
6000000006987240607,Q6144388,James Tracy,2,0,2,-2
361890384880013875,Q6146474,"Vasily Dmitriyevich ""Kirdyapa""",2,0,2,-2
6000000001588517287,Q61491,Gertrud of Hungary von Andechs,2,0,2,-2
6000000000191983296,Q61497599,Margaret de Beaumont,2,0,2,-2
6000000015051747578,Q6150328,Jan,2,0,2,-2
6000000005598803980,Q61574,Georg II Wilhelm Welf,2,0,2,-2
6000000003187959011,Q6161022,Vicente Anselmo,2,0,2,-2
6000000003243317179,Q61695,Leopold I Askanier,2,0,2,-2
6000000007330223786,Q6171770,Jean,2,0,2,-2
6000000003541275955,Q61746672,Marguerite d'Aulnay,2,0,2,-2
6000000007091442245,Q61750968,Pierre Murat,2,0,2,-2
6000000003581437848,Q61789,Maria Auguste Thurn und Taxis,2,0,2,-2
6000000000407999879,Q6179855,Jens Tillufsen Bielke,2,0,2,-2
6000000008394664550,Q6180436,Samuel Skunck,2,0,2,-2
6000000002113988221,Q61835588,Gilbert Talbot,2,0,2,-2
6000000001874200054,Q6185030,Johan Eriksson Sparre,2,0,2,-2
6000000071020253821,Q61853936,Oberto IV,2,0,2,-2
6000000008876308051,Q61867285,Agrafena Koretskaya,2,0,2,-2
6000000004978756606,Q6188543,Sten Bengtsson (Bielke),2,0,2,-2
6000000001330899240,Q6188565,Sten Turesson,2,0,2,-2
6000000009305067364,Q618928,Heden II von Thüringen,2,0,2,-2
6000000010895962441,Q6190322,Peder Mattsson Upplänning,2,0,2,-2
6000000004828308499,Q61911606,Gundred de Warenne,2,0,2,-2
6000000006603818976,Q61912432,Anna Dushanka Brankovich of Serbia,2,0,2,-2
6000000003827529038,Q61912776,Anna Maria von Hohenzollern-Hechingen,2,0,2,-2
6000000000637041844,Q6195838,Carl Reinhold,2,0,2,-2
6000000007787345019,Q61963169,Margareta Boije,2,0,2,-2
6000000009177680320,Q61964,'Alā ad-Dīn Kayqubād bin Kaykāvūs,2,0,2,-2
5028850249730050581,Q61964094,Devorguilla,2,0,2,-2
6000000026533914692,Q61994589,Quintus Flaminius Adkins,2,0,2,-2
6000000000628796728,Q62051,Ernest,2,0,2,-2
6000000002797426903,Q6206338,Johannes Elai Terserus,2,0,2,-2
6000000006268271237,Q62111968,Peter Andreas Pedersen Klungland,2,0,2,-2
6000000012399126734,Q6215503,Johan Von von Mengelsen,2,0,2,-2
6000000003645923186,Q6215585,Birger Birgersson Trolle,2,0,2,-2
6000000001849008234,Q6218058,Mikael Hansson Törne,2,0,2,-2
6000000001341078095,Q62231,Friedrich VII Magnus Фридрих VII. Магнус Zähringen,2,0,2,-2
6000000001507417174,Q6227498,John Crandall,2,0,2,-2
6000000007675744536,Q6229400,Elias Wolker,2,0,2,-2
6000000006719235048,Q6231365,Laurentius,2,0,2,-2
6000000011583355676,Q6238201,John Hastings,2,0,2,-2
6000000003902463181,Q62394052,Elvira Díaz,2,0,2,-2
6000000006727770900,Q62482,Johann Casimir Kasimir Wittelsbach,2,0,2,-2
289320932760007122,Q6250312,John Neville,2,0,2,-2
6000000004032942523,Q6251491,Jacobus Johannis,2,0,2,-2
6000000024638152863,Q62587668,Johan Christopher Støren,2,0,2,-2
6000000002682817330,Q62649,"Henry XIV, Duke Wittelsbach",2,0,2,-2
6000000042925264653,Q626733,成大 致能 石湖 蘇州吳縣,2,0,2,-2
6000000012040024379,Q6275625,Kisaburo Hirao,2,0,2,-2
6000000000517427095,Q6284460,Joseph Judson,2,0,2,-2
6000000003733366216,Q62856953,Semion,2,0,2,-2
6000000017988101366,Q62895351,Fiodor Титович,2,0,2,-2
6000000003858478159,Q6297569,Elizabeth of Pomerania-Wolgast książę,2,0,2,-2
6000000012724727290,Q6301465,Juana 'la Palomilla',2,0,2,-2
6000000017639275712,Q63032166,Anastasia Даниловна Ostrogskaya,2,0,2,-2
6000000017955995418,Q63044465,James,2,0,2,-2
6000000006335732607,Q63094339,"Thomas ""Tom"" Jørgen",2,0,2,-2
6000000007515245742,Q63126456,Max (Maximilian) Guetermann,2,0,2,-2
6000000014103184305,Q63197785,Raina (Анна) Богдановна Sapiegaitė,2,0,2,-2
6000000011943423477,Q6321584,Jørgen Tandberg,2,0,2,-2
6000000013869857183,Q63258241,紀壽 岳崧 湖南湘鄉,2,0,2,-2
6000000001964681604,Q63277,Ludwig VI Wittelsbach,2,0,2,-2
6000000004334763223,Q633094,Johannes Tomasson,2,0,2,-2
6000000018344728749,Q63380646,Carl Emil Krefting,2,0,2,-2
6000000056943005180,Q634150,Charles Gerstle Levison,2,0,2,-2
342141620230011892,Q63593843,Josiah,2,0,2,-2
6000000006127668412,Q63749,Ruprecht I von Wittelsbach,2,0,2,-2
6000000015215041191,Q63850307,Franz Wilhelm I von Hohenems in Vaduz und Schellenberg,2,0,2,-2
6000000002188434178,Q638678,Leopold Ludwig Maria Franz Julius Eustorgius Gerhard von Habsburg-Lothringen,2,0,2,-2
6000000008630657317,Q640130,Arduin,2,0,2,-2
6000000003723277411,Q64029389,Isabella Ефимовна Koretska,2,0,2,-2
6000000016366260384,Q64230191,Fedora Sapiega,2,0,2,-2
6000000015346642120,Q64235330,N1410 Vorotynska,2,0,2,-2
6000000016457633726,Q64245045,Jan Bogdanovich Drutsky-Lubetsky,2,0,2,-2
6000000045889298821,Q64246179,Jerzy,2,0,2,-2
6000000008067092228,Q64326,"Ludwig III ""der Elegante"" von Bayern",2,0,2,-2
6000000001586559347,Q64329,Gertrud von Braunschweig,2,0,2,-2
6000000003828396664,Q644101,Marcus Vitorius Marcellus,2,0,2,-2
6000000004361121385,Q645137,Isabeau des Baux,2,0,2,-2
6000000002395369434,Q64595,"Heinrich ""der Mittlere"" von Braunschweig-Lüneburg",2,0,2,-2
6000000015353615562,Q64675518,Ingerd,2,0,2,-2
6000000000608202281,Q65006,Otto,2,0,2,-2
6000000015406797119,Q65224758,Maria Ursula von Leiningen-Dagsburg-Falkenburg,2,0,2,-2
6000000074750571030,Q6538716,湊 隴西狄道,2,0,2,-2
6000000075402277889,Q6538769,逢吉 虛舟 渭州隴西,2,0,2,-2
6000000074767731955,Q6539090,守禮 隴西狄道,2,0,2,-2
6000000075060968821,Q6539357,宗閔 損之 隴西狄道,2,0,2,-2
6000000012229648812,Q65554736,"Pedro ""Patriarca de las Indias""",2,0,2,-2
6000000015521070849,Q656131,Guillaume,2,0,2,-2
6000000012574720426,Q656135,Hisamitsu Shimazu,2,0,2,-2
6000000000700952838,Q656226,Theodo,2,0,2,-2
6000000021425921983,Q65655,Rudolf August Welf,2,0,2,-2
6000000011177280851,Q6575221,Friederike Margrethe Porth,2,0,2,-2
6000000007344093250,Q657563,Christian Heinrich Hohenzollern,2,0,2,-2
6000000075345785836,Q65803700,范陽,2,0,2,-2
6000000075345771859,Q65803723,范陽,2,0,2,-2
6000000075403141182,Q65803724,范陽,2,0,2,-2
6000000075060587925,Q65803747,隴西狄道,2,0,2,-2
6000000075402700460,Q65803784,河南,2,0,2,-2
6000000075345597933,Q65803818,范陽,2,0,2,-2
6000000075345979116,Q65803828,河東解縣,2,0,2,-2
6000000075398676573,Q65803831,隴西狄道,2,0,2,-2
6000000075060847163,Q65803863,隴西狄道,2,0,2,-2
6000000075398975897,Q65803865,河南洛陽,2,0,2,-2
6000000075403586924,Q65803890,范陽,2,0,2,-2
6000000074745616030,Q65803913,相州,2,0,2,-2
6000000075344891378,Q65803946,范陽涿縣,2,0,2,-2
6000000075398286649,Q65803998,隴西狄道,2,0,2,-2
6000000000699544464,Q65809,Ferdinand Maximilian,2,0,2,-2
6000000074717310853,Q65809528,崔,2,0,2,-2
6000000075403645946,Q65809574,盧,2,0,2,-2
6000000074750581108,Q65809742,隴西狄道,2,0,2,-2
6000000074751004837,Q65809760,隴西狄道,2,0,2,-2
6000000075061126939,Q65809909,隴西狄道,2,0,2,-2
6000000074750509117,Q65809925,隴西狄道,2,0,2,-2
6000000075399619821,Q65809943,隴西狄道,2,0,2,-2
6000000074692216916,Q65820396,螺,2,0,2,-2
310787864080006466,Q65878,Johann VI. zu Anhalt-Zerbst,2,0,2,-2
6000000010601944437,Q6588759,Meyer Robert (M. Robert) Guggenheim,2,0,2,-2
6000000014193874610,Q65921519,Marcybella Anna Koretska,2,0,2,-2
6000000014061490168,Q65922075,Julianna Olelkovich,2,0,2,-2
6000000005599009339,Q65933,"Dorothea Sophie Schleswig-Holstein, Oldenburg",2,0,2,-2
6000000003579163848,Q65946,John Wittelsbach,2,0,2,-2
6000000008607142320,Q6606003,Marie Anne d'Orléans,2,0,2,-2
6000000032836021820,Q661401,Sultan Hamengkubuwana VIII Gusti Raden Mas(GRM)Sujadi (8.2.1921-22.10.1939),2,0,2,-2
6000000012593410349,Q6636943,義親,2,0,2,-2
6000000053805110366,Q664644,José Manuel da Câmara,2,0,2,-2
6000000001672965876,Q66499301,John Baylor,2,0,2,-2
6000000002187952707,Q665222,Henry,2,0,2,-2
6000000049971290233,Q66587270,Butrimas,2,0,2,-2
6000000002188563050,Q66594,"Rudolf II ""the Blind""",2,0,2,-2
6000000004533185856,Q66818837,Elisabeth von Henneberg,2,0,2,-2
6000000006443762197,Q66847,Ludwig Friedrich I Schwarzburg,2,0,2,-2
6000000075346172821,Q6694855,懷慎 范陽涿縣,2,0,2,-2
6000000002188002850,Q670447,Bolko I of Opole,2,0,2,-2
6000000015093736403,Q670504,Alfonso d'Avalos d'Aquino,2,0,2,-2
6000000002217529007,Q671419,Eucherius,2,0,2,-2
6000000001501065025,Q6715047,Marie de Champagne,2,0,2,-2
302211628310006481,Q674757,Tiberius Claudius Severus Proculus,2,0,2,-2
6000000002631904773,Q675093,Karl III Anton Friedrich Meinrad Fidelis von Hohenzollern-Sigmaringen,2,0,2,-2
375773065110012019,Q6763915,Marina Смилцена,2,0,2,-2
6000000038224631849,Q6788466,幾道 叔原 撫州臨川,2,0,2,-2
6000000143880905827,Q6804902,彥頨 士瞻 湛然,2,0,2,-2
6000000018415649561,Q681116,Enrico I,2,0,2,-2
6000000001210422424,Q681146,Otto of Worms von Kärnten,2,0,2,-2
6000000007586131545,Q6818172,Thomas Howard,2,0,2,-2
6000000013279400970,Q682207,François de Bourbon,2,0,2,-2
6000000000651994464,Q682317,Otto III Görzer,2,0,2,-2
6000000017319759806,Q683340,Godefroy II,2,0,2,-2
6000000007527524235,Q68652,Friedrich IV Welf,2,0,2,-2
6000000003645908602,Q6881693,Mithridates,2,0,2,-2
6000000017561577708,Q690718,"""El Rayo de la Guerra"" Sancho d'Avila",2,0,2,-2
6000000002187580885,Q690990,Berthold V von Zähringen,2,0,2,-2
6000000003827153004,Q692291,Charles Capet,2,0,2,-2
6000000008248299023,Q6933207,Muiredach Muillethan Mac Fergusso,2,0,2,-2
6000000003827438579,Q69359,Eberhard II of Württemberg,2,0,2,-2
6000000007331108288,Q697232,"Guntram ""the Rich""",2,0,2,-2
4214000416300053987,Q697249,Ferdinand Albrecht I,2,0,2,-2
6000000013342377864,Q698123,Guillaume de Croÿ,2,0,2,-2
6000000002909463921,Q698910,Reinoud van Brederode,2,0,2,-2
6000000007068934100,Q698954,Herman van den Bergh,2,0,2,-2
6000000011772753392,Q698959,Herman Frederik von Hohenzollern-Hechingen,2,0,2,-2
6000000008522482184,Q699180,Frederik van den Bergh,2,0,2,-2
6000000015092991908,Q699488,Fernando Francesco d'Ávalos,2,0,2,-2
311748967320008232,Q69987,Christian Ludwig Welf,2,0,2,-2
6000000075326430066,Q699893,彰 子文,2,0,2,-2
6000000006727749983,Q69997,Karl II Otto Wittelsbach,2,0,2,-2
6000000012570987379,Q7005143,慶久,2,0,2,-2
6000000074748194922,Q700840,軌 涼州姑臧,2,0,2,-2
6000000023531779916,Q702166,預 元凱 京兆杜陵,2,0,2,-2
6000000006727853865,Q702746,Friedrich l Von Württemberg-Mompelgard,2,0,2,-2
6000000003696173652,Q703842,Theodore,2,0,2,-2
6000000003827402165,Q704799,Cangrande II,2,0,2,-2
6000000009783557218,Q704902,Konrad von Öhningen,2,0,2,-2
6000000074748028991,Q708279,寔 涼州姑臧,2,0,2,-2
6000000006815539628,Q7083200,Oluf,2,0,2,-2
6000000074733747857,Q708460,柬之 孟將 襄州襄陽,2,0,2,-2
6000000025874848348,Q708618,Heinrich Matthias,2,0,2,-2
6000000027252167570,Q708713,Dr. Arthur Blumenthal,2,0,2,-2
6000000126188779864,Q709273,Rodolfo,2,0,2,-2
6000000174440098873,Q712066,Camillo Maria Primo,2,0,2,-2
6000000057291146894,Q712340,炎 子隆 河東聞喜,2,0,2,-2
6000000002188021103,Q71254,"Heinrich II ""der Löwe"" von Mecklenburg",2,0,2,-2
6000000000720104111,Q712674,Raymond II,2,0,2,-2
6000000074748174883,Q712752,茂 涼州姑臧,2,0,2,-2
6000000002187814819,Q71384,Reinhald I,2,0,2,-2
6000000008528686507,Q714595,George IV,2,0,2,-2
6000000016647404704,Q714736,Nagamichi Kuroda,2,0,2,-2
6000000011797607576,Q714866,Ulrich,2,0,2,-2
6000000009014896597,Q715234,Francesco III,2,0,2,-2
6000000003645859795,Q7183085,Phillippus,2,0,2,-2
6000000006444589933,Q7184743,Philippa de Coucy,2,0,2,-2
6000000015135711939,Q71961,Henry Nassau,2,0,2,-2
6000000003827153534,Q71985,Philipp Wolfgang,2,0,2,-2
375784306260002721,Q720,Temüjin Есугеев сын Khan,2,0,2,-2
6000000003827328830,Q723562,Peter II,2,0,2,-2
6000000012011805638,Q7244120,Kaya,2,0,2,-2
6000000006129390166,Q724715,Ranulf II de Poitiers,2,0,2,-2
6000000002167279164,Q726243,Edward Stafford,2,0,2,-2
6000000122750830830,Q726386,Francisco Antonio,2,0,2,-2
6000000000321872321,Q7272078,Quinahtzin Tlaltecatzin,2,0,2,-2
6000000008789624608,Q728149,Conan,2,0,2,-2
6000000000297316210,Q728177,Ealhmund,2,0,2,-2
6000000003495414717,Q72824,Dedi II von Meißen,2,0,2,-2
6000000003139910002,Q7288318,Ralph de Lumley,2,0,2,-2
6000000002240804430,Q729407,Michael II,2,0,2,-2
6000000075326768888,Q7299,"Liu Hong 劉宏, Emperor Ling of Han",2,0,2,-2
6000000006727922912,Q7308920,Reynold (Reginald) de Braose,2,0,2,-2
6000000002936424567,Q73219817,Mette Falksdatter,2,0,2,-2
6000000000969942000,Q7330204,Richard de Percy,2,0,2,-2
6000000001547410599,Q73312,Friedrich Ludwig Wittelsbach,2,0,2,-2
6000000180808697836,Q733410,Horace Wells,2,0,2,-2
6000000000710976193,Q73420703,Gregers,2,0,2,-2
6000000006727823744,Q73485,Albrecht III Welf,2,0,2,-2
6000000013239402193,Q7349137,Robert,2,0,2,-2
310151979050001364,Q735297,Thomas Metcalfe,2,0,2,-2
6000000005588774140,Q735704,Hnabi - Nebi,2,0,2,-2
6000000000419405873,Q7358945,Roger Stafford,2,0,2,-2
6000000010541759470,Q73597271,Leopold Hirsch,2,0,2,-2
6000000001500907018,Q736421,Roger III,2,0,2,-2
6000000011533766788,Q73762775,Johan Vilhelm,2,0,2,-2
6000000008640480046,Q738416,Bonifazio III-IV,2,0,2,-2
6000000019774088407,Q73998,Hendrik van Gelre,2,0,2,-2
6000000002980019814,Q74016,Otto,2,0,2,-2
6000000000316300005,Q741377,Flavius Richomeres,2,0,2,-2
6000000004533200448,Q744583,Johann I von Oldenburg,2,0,2,-2
6000000003420164243,Q745241,Marcus Annius Verus,2,0,2,-2
6000000001180725082,Q748484,Amangkurat IV(Amangkurat Jawi),2,0,2,-2
6000000012653136468,Q7486,佶,2,0,2,-2
6000000007527282195,Q75239891,Johann Welf,2,0,2,-2
6000000005599009573,Q75243655,"Ernst Kasimir Schleswig-Holstein, Oldenburg",2,0,2,-2
6000000007294532494,Q75243736,"Philip Ernst Schleswig-Holstein, Oldenburg",2,0,2,-2
6000000007294701247,Q75243745,"Ernestine Justine Schleswig-Holstein, Oldenburg",2,0,2,-2
6000000002395383779,Q75246072,Elisabeth Anna von Braunschweig-Lüneburg,2,0,2,-2
6000000006128279513,Q75246267,Elisabeth Brunswick-Lüneburg,2,0,2,-2
6000000033632421897,Q75248369,Peregrine Courtenay,2,0,2,-2
6000000006444353700,Q75253594,James Stanley,2,0,2,-2
6000000004019957187,Q75266498,Mabel de Meschines,2,0,2,-2
6000000027704478979,Q75286,Emanuel Maximilian Eduard,2,0,2,-2
6000000008584105882,Q75288129,Maximilian Karl Austria,2,0,2,-2
6000000031664394638,Q75289416,Elisabeth Albertine Solms,2,0,2,-2
6000000006727749431,Q75289544,Elisabeth Askanier,2,0,2,-2
6000000113742225869,Q75291097,Gottfried Anton,2,0,2,-2
6000000002188021911,Q75291448,"Henri de Haute-Lorraine ""the Lombard"" de Bayon de Lorraine",2,0,2,-2
6000000012010207011,Q75291864,Harald Sigurdsson,2,0,2,-2
6000000055908960920,Q75291940,Sigurd Bårdsson,2,0,2,-2
6000000008872281786,Q7529199,Thomas Mansell,2,0,2,-2
6000000014224275503,Q75301475,Mary Fitzgerald,2,0,2,-2
6000000013873021055,Q75327539,Mauritia de Nassau,2,0,2,-2
6000000010367475827,Q75350198,Charles John Frederick Winn,2,0,2,-2
6000000022149736300,Q75360389,Isabella Maria Adelaide Margherita Anna Ignazia Pacifica Floriana Gasparina Francesca de Paula Teresa Josefa Salviati,2,0,2,-2
6000000007068108362,Q75360410,Francesco d'Assisi Scipione Maria Borghese,2,0,2,-2
6000000083297609909,Q75367420,Laura Malvezzi de' Medici,2,0,2,-2
6000000006444102665,Q75382816,Catherine Howard,2,0,2,-2
6000000003828029622,Q75387768,Moddan of Caithness,2,0,2,-2
6000000006589075249,Q75387810,Thora Sumarlidsdatter,2,0,2,-2
6000000002188470190,Q75391169,Marie Josephine Prinzessin,2,0,2,-2
6000000002188470198,Q75391171,Eugenie Marie Württemberg,2,0,2,-2
6000000002188402317,Q75391275,Alexandrine von Urach,2,0,2,-2
6000000014348054179,Q75391835,"Heinrich l ""der Ältere""",2,0,2,-2
6000000008232161554,Q75392752,Pierre Eugène Louis Michel Joachim Napoléon,2,0,2,-2
6000000005598815940,Q75393514,Sofie Luise von Castell-Remlingen,2,0,2,-2
6000000009704830481,Q75393560,Asta,2,0,2,-2
6000000001522987557,Q75393563,Gyda Ásulfsdóttir,2,0,2,-2
6000000002325844220,Q75393579,Gregorius d.e. Andresson Pott,2,0,2,-2
6000000006444154838,Q75403214,Thomas de Beaumont,2,0,2,-2
6000000119099704117,Q75459719,Gerald,2,0,2,-2
6000000003649708014,Q75553164,Jane Perrot,2,0,2,-2
6000000007327999564,Q75578017,George,2,0,2,-2
6000000013297319325,Q75580496,Fredrik Carlsson,2,0,2,-2
6000000003526020128,Q75580923,Elizabeth Steptoe,2,0,2,-2
6000000029556638194,Q75581894,Anna Christiane von Limpurg-Sontheim,2,0,2,-2
6000000002314902052,Q75627987,Aaron Kellogg,2,0,2,-2
6000000006589545332,Q75715028,Fanny Jeanne Nicole Arnolde Denis de Kereden de Tobriand,2,0,2,-2
6000000007273401597,Q75715036,Armand Fidele Jean-Baptiste Denis de Kereden de Tobriand,2,0,2,-2
6000000002135014784,Q75718,Ralph de Mantes,2,0,2,-2
6000000024229811136,Q75739460,Sarah Gibbons,2,0,2,-2
6000000002799049023,Q7576169,Spencer Ball Roane,2,0,2,-2
6000000003914650750,Q75764514,Anne Fairfax,2,0,2,-2
6000000002106411889,Q75765891,John Washburn,2,0,2,-2
6000000015252850430,Q75767558,John Lewis Garden,2,0,2,-2
6000000003243284257,Q75776393,Geoffrey de Cornwall,2,0,2,-2
6000000032769011035,Q75777248,John,2,0,2,-2
6000000075303254918,Q75800996,Ippolito,2,0,2,-2
6000000006175087248,Q75819063,Samuel Grant,2,0,2,-2
6000000014193118635,Q75863,Sophia Vasilyevna Vereyskaya,2,0,2,-2
6000000014934803104,Q75864,Vasili Михайлович,2,0,2,-2
6000000056484157870,Q75911563,Charles,2,0,2,-2
6000000003122417699,Q75915880,Amalric II de Narbonne Talairan,2,0,2,-2
6000000003827902214,Q75915882,Bérenger IV Guilhem de Guilhem de Clermont-Lodève,2,0,2,-2
353442154280012039,Q75930730,Anne Radcliffe,2,0,2,-2
6000000032399604428,Q75977939,Private,2,0,2,-2
6000000001353959747,Q76010797,Ermengarde de Nevers,2,0,2,-2
6000000055760080260,Q76011073,滎陽開封,2,0,2,-2
6000000006444652018,Q76041999,Mary St. Leger,2,0,2,-2
6000000000551628693,Q7606754,William,2,0,2,-2
6000000007105284488,Q76085887,Catherine de Genève,2,0,2,-2
6000000011097941716,Q76101835,Catherine Somerset,2,0,2,-2
6000000003649711117,Q76154260,Cydifor Fawr,2,0,2,-2
6000000003649670556,Q76154263,Elen verch Llwch Llawen Fawr,2,0,2,-2
6000000003649644987,Q76154268,Clydwen,2,0,2,-2
6000000000343943778,Q76154271,Angharad verch Llewelyn,2,0,2,-2
6000000017922855227,Q762276,AUGUST Christof Carl Friedrich,2,0,2,-2
6000000006999030493,Q76236684,Hélène Marie De Riquet De Caraman-Chimay,2,0,2,-2
6000000007444096531,Q76240873,Roger Gregory,2,0,2,-2
6000000001881714440,Q76263167,François Egon de La Tour d'Auvergne,2,0,2,-2
6000000016475624548,Q76265039,Elisabeth Juliane von Nassau-Saarbrücken-Weilburg,2,0,2,-2
6000000038666262119,Q76266346,Lukarda v. Isenburg-Büdingen,2,0,2,-2
6000000033630255264,Q76270704,Eleanor Courtenay,2,0,2,-2
6000000000879573310,Q76277710,Edward Dale,2,0,2,-2
6000000082455886831,Q76310932,Jane Percy,2,0,2,-2
6000000015099024321,Q763500,Françoise de Dinan,2,0,2,-2
6000000186834437843,Q76367970,Marc Ariotto,2,0,2,-2
6000000037019227351,Q76404,Mikalojus Michajłowicz Sapiega,2,0,2,-2
6000000000628802045,Q765798,Ippolito,2,0,2,-2
6000000023701606979,Q76825137,泰山南城,2,0,2,-2
6000000007456403289,Q7689758,Tayauh - Tayatzin,2,0,2,-2
6000000001500890965,Q76956,Rudolf I von Habsburg,2,0,2,-2
6000000000796886787,Q76968,Hendrik Hesse; Reginar,2,0,2,-2
6000000001514999942,Q7701203,Teotlaco de Tacuba,2,0,2,-2
6000000003827363949,Q77189,Lothar III,2,0,2,-2
6000000008630617676,Q77243,Floris graaf,2,0,2,-2
6000000006906787197,Q77255,Willem II van Holland,2,0,2,-2
6000000007689240654,Q774372,Elisha Marshall Pease,2,0,2,-2
6000000002795191002,Q776228,Meirchion Gul - 'The Lean' ap Gwrwst,2,0,2,-2
6000000006727820880,Q77787,Nikolaus l,2,0,2,-2
6000000006440686269,Q7788067,Thomas Burnham,2,0,2,-2
6000000014409151791,Q7788650,Thomas Coutts,2,0,2,-2
6000000149261060823,Q7789620,Thomas,2,0,2,-2
6000000080997613193,Q7795164,Thomas William Henry Harrison Moseley,2,0,2,-2
6000000015386971378,Q780637,Antonello,2,0,2,-2
6000000012977391636,Q78083395,昭和,2,0,2,-2
6000000006727790127,Q78137,Ernst I Prinz von Anhalt-Zerbst,2,0,2,-2
6000000014340850208,Q7820518,Tomás Tadeo Sánchez de la Barrera y de la Garza,2,0,2,-2
6000000001367996850,Q78224,Karl Gustav Zähringen,2,0,2,-2
6000000000759878376,Q782328,Renier,2,0,2,-2
6000000017237168105,Q7881718,Ummidia Cornificia Faustina,2,0,2,-2
6000000041406080313,Q7911423,Valerius Adelphius Bassus,2,0,2,-2
6000000002447290112,Q7960396,Wait Still Winthrop,2,0,2,-2
6000000075344329899,Q7979731,保衡 京兆長安,2,0,2,-2
6000000075329029881,Q7979748,方質 京兆杜陵,2,0,2,-2
6000000007470527164,Q8007169,William Courtenay,2,0,2,-2
6000000019475504121,Q8018,Aurelius Augustinus Hipponensis,2,0,2,-2
6000000006906697401,Q8020903,William FitzPatrick d'Évereux,2,0,2,-2
6000000024960994932,Q8031963,Ah Fook Ah Fook 黄,2,0,2,-2
6000000021151198758,Q8044212,遘 得聖 蘭陵,2,0,2,-2
6000000021151487032,Q8044240,寘 蘭陵,2,0,2,-2
6000000012040209265,Q8048003,Tanin Yamaya,2,0,2,-2
6000000074705371494,Q8048404,弘武 弘農華陰,2,0,2,-2
6000000075345377866,Q8059904,琮 禮用 河南洛陽,2,0,2,-2
6000000074788628902,Q8070708,從讜 正求 滎陽開封,2,0,2,-2
6000000074788580873,Q8070724,朗 鄭州榮澤,2,0,2,-2
6000000074788474952,Q8070738,覃 鄭州榮澤,2,0,2,-2
6000000001542433907,Q807993,Bardas Phokas,2,0,2,-2
6000000003827435577,Q808498,Barnim VI of Pomerania,2,0,2,-2
6000000006569555544,Q81085608,Imiza (Irmintrudis),2,0,2,-2
4245829,Q813280,Beatrice d'Este,2,0,2,-2
6000000003827464542,Q824532,Wartislaw VIII of Pomerania,2,0,2,-2
6000000075368771850,Q8251278,河南洛陽,2,0,2,-2
6000000012996575824,Q8263136,Ava Argentina De Ribagorza,2,0,2,-2
6000000004397805952,Q82686,Béla Slijepi,2,0,2,-2
6000000006724864086,Q828710,Johann Günther I von Schwarzburg-Sondershausen,2,0,2,-2
6000000007060931064,Q83492529,Adelais De Toulouse,2,0,2,-2
6000000009137276503,Q83639203,Mogens Ulfeldt,2,0,2,-2
6000000001472945371,Q83678,Henry,2,0,2,-2
6000000000350942463,Q84528461,Elizabeth Cotymore,2,0,2,-2
6000000006727849653,Q84558,Christine Zähringen,2,0,2,-2
6000000002188303602,Q845767,Rostislav Vsevolodovich Mikhail Rurikid,2,0,2,-2
6000000004095140029,Q8462,Shuja al-Din Timur Šlubasis Tamerlanas Gurkani,2,0,2,-2
6000000003827576187,Q84697137,Renard de Choiseul,2,0,2,-2
377258641830013695,Q849017,Stefan,2,0,2,-2
6000000048743951849,Q85120,Ludwig Heinrich Moritz Wittelsbach,2,0,2,-2
6000000008584261727,Q85296,Heinrich Anton Maria Rainer Karl Gregor von Habsburg-Lothringen,2,0,2,-2
6000000009959633940,Q85475,"Simon Vll VII (der Fromme) zu Lippe-Detmold, comte de Lippe-Detmold",2,0,2,-2
6000000027287285968,Q857036,Gaius Claudius Marcus,2,0,2,-2
6000000054068902927,Q857067,琨 越石 中山魏昌,2,0,2,-2
6000000000940574780,Q85716021,Otte Holgersen Rosenkrantz,2,0,2,-2
6000000003828332137,Q85853286,Garnier du Trainel,2,0,2,-2
4815871921640078239,Q85854401,Pons de Traynel-en-Champagne,2,0,2,-2
6000000009777136574,Q8597,Jalal al-Din Muhammad Gurkani,2,0,2,-2
6000000002517672589,Q86456531,Elisabeth Jensdatter Ulfstand Jensdatter,2,0,2,-2
6000000003036785872,Q86646466,Ribald FitzEudes,2,0,2,-2
6000000008274880339,Q86680,Albrecht Wolfgang Of Hohenlohe,2,0,2,-2
6000000012779155838,Q86751175,Margaretha von Sagan (Piast dynasty),2,0,2,-2
6000000001180338524,Q868556,William William Craik,2,0,2,-2
6000000008584301393,Q86974,Ernst Karl Felix Maria Rainer Gottfried Cyriak Maria Rainer von Habsburg-Lothringen,2,0,2,-2
6000000008584159663,Q86987,Sigismund Leopold Rainer Maria Ambrosius Valentin von Habsburg-Lothringen,2,0,2,-2
6000000007283505181,Q87072,Jakobea Zähringen,2,0,2,-2
6000000001504844929,Q8727587,Iver Jacobsen Vind,2,0,2,-2
6000000019221900411,Q873229,Christen Thomesen Sehested,2,0,2,-2
6000000042803332186,Q87351270,Amalie von Daun-Falkenstein,2,0,2,-2
6000000016539228156,Q874060,Johann Ernst von Thun und Hohenstein,2,0,2,-2
6000000018661361506,Q87491224,Guillaume de Tinières,2,0,2,-2
6000000001534931746,Q87556,Dorothea Susanne Wittelsbach,2,0,2,-2
6000000015349885445,Q87720291,Maria Anna von Sulz,2,0,2,-2
6000000021674963821,Q87958,Adolf Von Nassau-Dillenburg-Schaumburg,2,0,2,-2
6000000045546161907,Q88000575,Guillema de Vilademany,2,0,2,-2
6000000001319754212,Q88301565,Anne Corbin,2,0,2,-2
6000000003645908672,Q886894,Ptolemy Apion,2,0,2,-2
6000000013054651337,Q888092,Leo III,2,0,2,-2
353466568960001728,Q888200,Inge Magnusson,2,0,2,-2
6000000003827583558,Q890135,Olivier de Clisson,2,0,2,-2
6000000007295010814,Q89286,"August II Schleswig-Holstein, Oldenburg",2,0,2,-2
6000000016301732354,Q89317,Herman Otto van Limburg Stirum,2,0,2,-2
6000000036366673671,Q89585618,Jacques Henri,2,0,2,-2
6000000023181639375,Q8960628,Eystein Orri Torbergson,2,0,2,-2
6000000003896299978,Q9016169,Juan,2,0,2,-2
6000000003827384826,Q9070246,Rodrigo,2,0,2,-2
6000000006727817702,Q91219,Reinhard IV von Hanau,2,0,2,-2
6000000119109148053,Q91459,Philip III,2,0,2,-2
6000000006348517060,Q91519008,Habijah Savage,2,0,2,-2
6000000019341331725,Q9155009,Anna Barnimówna,2,0,2,-2
6000000003828041948,Q9165523,Barbara ??? Olelkówna,2,0,2,-2
6000000014883484224,Q9176222,Fiodor son of Bogdan Сапега,2,0,2,-2
6000000031664439416,Q92204,Wilhelm Askanier,2,0,2,-2
6000000015812648445,Q924656,Jacques Henri de Durfort,2,0,2,-2
6000000000112122272,Q926335,Renaud de Dammartin,2,0,2,-2
6000000001841499218,Q927365,Louis III de Bourbon-Montpensier,2,0,2,-2
6000000014756488073,Q9311574,Rodrigo,2,0,2,-2
6000000031552914405,Q93122032,Maria Ball Carter,2,0,2,-2
6000000013559729984,Q93398275,Jane Thornton,2,0,2,-2
6000000002090836914,Q934504,Roger de Mortimer,2,0,2,-2
6000000005598803949,Q9348705,Sybille Ursula Welf,2,0,2,-2
377633927980013869,Q935424,Guglielmo,2,0,2,-2
6000000001925004051,Q935696,Mateo,2,0,2,-2
6000000016392321791,Q93610123,Notger Wilhelm Oettingen-Baldern,2,0,2,-2
6000000011282458405,Q9372,遷 子長 左馮翊夏陽,2,0,2,-2
6000000006858119640,Q942138,Gaius Rubellius Plautus,2,0,2,-2
6000000002187690229,Q943469,Levente Árpád dynasty,2,0,2,-2
6000000074730642332,Q9441913,遵 奉國 勃海饒安,2,0,2,-2
6000000007948448466,Q94530522,Karl Joseph,2,0,2,-2
6000000083568056908,Q94658864,Jeronimas,2,0,2,-2
6000000000437188248,Q948520,"Guillaume "" mit den Weißen Händen"" de Blois",2,0,2,-2
6000000030005237947,Q94918973,Fanny Alexander,2,0,2,-2
6000000030753467589,Q95106312,Ida Klara* Grünwald,2,0,2,-2
6000000130214087860,Q95125764,Erna Blum,2,0,2,-2
6000000004884976596,Q95196187,Rosalie de-Riquet-de-Caraman,2,0,2,-2
6000000015775641185,Q95319025,Sophia Maria Wilhelmina von Löwenstein,2,0,2,-2
6000000011775201702,Q95620,Hermann Fortunatus,2,0,2,-2
6000000004869193434,Q95627184,Ramon Folc II,2,0,2,-2
6000000011627413251,Q958662,天宗高紹,2,0,2,-2
6000000011150623224,Q9587396,Afonso,2,0,2,-2
6000000006727855010,Q96003,Otto III,2,0,2,-2
6000000001654928394,Q96076568,Elizabeth unknown,2,0,2,-2
6000000151350641247,Q960820,Sereno,2,0,2,-2
6000000003525921076,Q96083075,Hannah Lee,2,0,2,-2
6000000001441509684,Q961145,Héribert I,2,0,2,-2
6000000030413845305,Q961435,Sukehira,2,0,2,-2
6000000006444496545,Q96145530,Ferri II,2,0,2,-2
6000000038027734153,Q9616216,祖儉 子約 婺州金華,2,0,2,-2
6000000000350942569,Q96199884,William Tyng,2,0,2,-2
6000000020504495085,Q96202566,John Walley,2,0,2,-2
6000000020504886130,Q96202569,Bethia Eyre,2,0,2,-2
6000000086368206980,Q96202572,Mary Kneeland,2,0,2,-2
6000000014339977594,Q9620534,Antonio,2,0,2,-2
6000000000490345125,Q96207651,Mary Sexton,2,0,2,-2
6000000003221209869,Q96207657,Reuben Royce,2,0,2,-2
6000000003221209862,Q96207661,Keziah Moss,2,0,2,-2
6000000002860967954,Q96207664,Elizabeth Hall,2,0,2,-2
6000000003075359505,Q96207922,Margaret Gilbert,2,0,2,-2
6000000000426690312,Q96207986,Benjamin Hull,2,0,2,-2
6000000001415171443,Q96208756,Samuel Fuller,2,0,2,-2
6000000001690603000,Q96209376,Jedediah Strong,2,0,2,-2
6000000004237689864,Q96216081,Sarah Scott,2,0,2,-2
6000000000484360519,Q96216572,Nathan Davis,2,0,2,-2
6000000003076943182,Q96216573,Elizabeth Phinney,2,0,2,-2
6000000000424970784,Q96217667,María Ponce de León y Naharro Humanés,2,0,2,-2
6000000003942646465,Q96235341,Abigail Williams,2,0,2,-2
6000000013061736107,Q96237447,Robert Stanley,2,0,2,-2
6000000004043337777,Q96240719,Jacob Olufsen,2,0,2,-2
6000000000296222175,Q96240725,Cecilie Jensdatter Jensdatter Grubbe,2,0,2,-2
6000000000732315615,Q96240732,Jørgen Mikkelsen Rud,2,0,2,-2
5672727037240114522,Q96240735,Kristine Eriksdatter Rosenkrantz,2,0,2,-2
6000000000780657017,Q96240737,Otte Nielsen Rosenkrantz,2,0,2,-2
6000000000769722715,Q96240738,Niels Jensen Rosenkrantz,2,0,2,-2
5251923620750083301,Q96240739,Jens Nielsen Rosenkrantz,2,0,2,-2
6000000000780481382,Q96240747,Sofie Henriksdatter Gyldenstjerne,2,0,2,-2
6000000000294659189,Q96240756,Anna Mogensdatter Munk,2,0,2,-2
6000000002302795700,Q96240758,Peder Munk,2,0,2,-2
6000000004028659073,Q96240760,Kirsten Pedersdatter Thott,2,0,2,-2
6000000000944955419,Q96240770,Inger Torbernsatter Torbernsdatter Galen,2,0,2,-2
5002939941520048424,Q96240771,Torben Pedersen,2,0,2,-2
6000000001827572221,Q96240774,Kirstine Eriksdatter Eriksdatter,2,0,2,-2
6000000007226635886,Q96240775,Erik Barnumsen,2,0,2,-2
6000000002517312586,Q96240777,Margrethe Clausdatter Rønnow,2,0,2,-2
4322605,Q96240816,Margrethe Poulsdatter Laxmand,2,0,2,-2
4588640,Q96240818,Elisabeth Eriksdatter Krummedige,2,0,2,-2
6000000006424897696,Q96241145,Maria Vasilyevna,2,0,2,-2
6000000003500846804,Q96242956,Ruth Davis,2,0,2,-2
6000000034958072112,Q96243414,Persis Sumner,2,0,2,-2
5400801246410100582,Q96243441,Mary unknown,2,0,2,-2
6000000007661327512,Q96244121,Börje Holgersen Rosenkrantz,2,0,2,-2
6000000009126726230,Q96244961,Élisabeth d'Aspremont,2,0,2,-2
376469510660012902,Q96261,"Murad ""Hüdâvendigâr""",2,0,2,-2
6000000049611323182,Q9628341,延年 駿仲 婺州金華,2,0,2,-2
6000000010860403940,Q96289289,Zsigmund Batthyány von Német-Ujvar,2,0,2,-2
6000000006788772336,Q96304799,James Pendleton,2,0,2,-2
6000000000622078661,Q96305900,Damaris Sayre,2,0,2,-2
6000000003357457979,Q96318542,Ebenezer Barnard,2,0,2,-2
6000000001540766229,Q96318549,Elizabeth Foster,2,0,2,-2
6000000006411400299,Q96322151,Maria Cook,2,0,2,-2
6000000006110677395,Q96322932,Samuel Welles,2,0,2,-2
6000000003938638435,Q96337905,John Ransom,2,0,2,-2
6000000003939060821,Q96337906,Bethia Lewis,2,0,2,-2
4232438,Q96370746,Jabez Cushman,2,0,2,-2
6000000012774218380,Q96372143,Thomas Graves,2,0,2,-2
6000000004116567504,Q96372144,Katherine Gray,2,0,2,-2
6000000003939011062,Q96380456,Nathaniel Young,2,0,2,-2
6000000013175648677,Q965246,Martín,2,0,2,-2
6000000006187250434,Q96584036,Anthony St. Leger,2,0,2,-2
6000000025228420905,Q96602547,Thomas Chilton,2,0,2,-2
6000000003854979959,Q9661441,Bonifácio José Ribeiro de Andrada,2,0,2,-2
6000000006444481598,Q96739696,Sarah Bearding,2,0,2,-2
6000000007273099131,Q969113,Ludovico Gonzaga,2,0,2,-2
342270064330013681,Q96919831,Thomas,2,0,2,-2
6000000001608854088,Q96985147,Mary Stanley,2,0,2,-2
6000000004993828984,Q97072208,Hepzibah Lyman,2,0,2,-2
6000000008260562449,Q97089694,Josiah Loomis,2,0,2,-2
6000000003937855833,Q97095125,Hannah Gifford,2,0,2,-2
6000000010801428651,Q9753,豫 隴西狄道,2,0,2,-2
6000000000966190250,Q97531980,Grace C. Morris,2,0,2,-2
6000000010801513590,Q9760,誦 隴西狄道,2,0,2,-2
6000000022383109965,Q97783333,Godemar dit le Jeune de Lignières,2,0,2,-2
6000000006727778081,Q98022,Elisabeth Wittelsbach,2,0,2,-2
315336717180006465,Q98050960,Joseph Willard,2,0,2,-2
5661232736070069171,Q98108236,Mary Rainsford,2,0,2,-2
5477986759650138256,Q984685,Charibert,2,0,2,-2
6000000026108207431,Q98594908,"Ignatz ""Igne"" Steinhardt",2,0,2,-2
6000000026108407340,Q98594935,Sigmund Steinhardt,2,0,2,-2
6000000004533866104,Q98697954,Sune Ivarsson,2,0,2,-2
6000000004533866111,Q98697956,Astrid Ogmundsdottir,2,0,2,-2
6000000008177274736,Q98697958,Ogmund Ormsson,2,0,2,-2
6000000007377162425,Q98698814,Johann,2,0,2,-2
6000000074750403044,Q9889,儇 隴西狄道,2,0,2,-2
6000000011649816152,Q99102403,Anna Virginia Bassett,2,0,2,-2
6000000005800515466,Q99172486,Elizabeth Catlett,2,0,2,-2
6000000009551147027,Q99212383,John Pynchon,2,0,2,-2
6000000003122417431,Q99304081,Ermengarde de Narbona,2,0,2,-2
6000000004533182195,Q99304082,Raimon I de Melguèlh,2,0,2,-2
6000000004533182257,Q99304145,N.N.,2,0,2,-2
5002427492020021124,Q99304148,Bernat I de Melguiel,2,0,2,-2
6000000006645290002,Q993166,Eric Henrici Benzelius Botheniensis,2,0,2,-2
6000000004533200508,Q99687,"Christian I ""der Streitbare""",2,0,2,-2
6000000001510540061,Q99749848,Jonathan Webster,2,0,2,-2
6000000017135081387,Q99972565,Franz Karl,2,0,2,-2
6000000008875946755,Q1050358,Lengvenis Simeon Gediminids,4,1,5,-3
6000000003113395021,Q106537251,Leman St. Palindih,4,1,5,-3
6000000086876494883,Q108929116,Lucjan,4,1,5,-3
6000000010569656543,Q1446,Lucius Septimius Bassianus,4,1,5,-3
6000000003645870469,Q152626,Pomponia Caecilia Attica,4,1,5,-3
6000000012724604098,Q1796659,Christina Haakonsdatter Haakonsdatter av Tunsberg,4,1,5,-3
6000000020602168168,Q18909081,惟貞 叔堅 琅邪臨沂,4,1,5,-3
6000000007385688935,Q2081231,Constance Dinisez,4,1,5,-3
6000000001397765915,Q2083692,Danute Anna of Lithuania,4,1,5,-3
6000000003043802114,Q20931381,George Washington,4,1,5,-3
6000000006011320007,Q211488,Antiochus,4,1,5,-3
6000000003094359287,Q213791,Eirik «Blood-axe» Haraldsson,4,1,5,-3
6000000000624307198,Q2284422,Elizabeth (Elisiv) Yaroslavna Rurikid,4,1,5,-3
6000000006275953110,Q229279,Philippa de Hainault,4,1,5,-3
6000000008630613100,Q231668,Arsinoe I,4,1,5,-3
6000000000914324156,Q232329,Licinia Eudoxia,4,1,5,-3
6000000000700912476,Q233444,Scribonia,4,1,5,-3
6000000000665380375,Q235080,"Alfonso ""the Brave""",4,1,5,-3
6000000002240778308,Q237700,Mathilde-Laetitia Wilhelmina Bonaparte,4,1,5,-3
6000000002187837317,Q24563600,Anna Yurievna Turovskaya,4,1,5,-3
6000000003805720033,Q253571,Berenguela de Portugal,4,1,5,-3
6000000014912544380,Q2607497,Ivashko,4,1,5,-3
6000000008248136261,Q269928,Laodice,4,1,5,-3
6000000002188289106,Q273616,Mucia Tertia Minor,4,1,5,-3
6000000003645859311,Q309719,Demetrius,4,1,5,-3
6000000021274381997,Q31080455,Ragnhild Magnusdotter,4,1,5,-3
6000000005417076176,Q313436,Olaf Эрикович Eríksson,4,1,5,-3
6000000003521266933,Q336754,Algirdas Gediminaitis,4,1,5,-3
6000000003026034126,Q3455783,Matilda,4,1,5,-3
6000000000671790465,Q355869,Kestutis Gediminds,4,1,5,-3
361088998770012651,Q37063,Andronikos III Palaiologos,4,1,5,-3
6000000006826385044,Q373015,Mithridates,4,1,5,-3
5597380726000028489,Q37594,"William ""the Conqueror"" FitzRobert",4,1,5,-3
6000000007453861791,Q379984,Huitzilihuitl,4,1,5,-3
6000000003645853615,Q39595,Ptolemy,4,1,5,-3
6000000006842879105,Q40003,Cleopatra,4,1,5,-3
6000000006861146375,Q40058,Cleopatra Selene II Σελήνη,4,1,5,-3
6000000000437174196,Q40252,Cleopatra,4,1,5,-3
6000000003827167854,Q4090787,Boleslaus Januszowicz,4,1,5,-3
6000000008392015443,Q4195558,Ivan Vasiliyevich,4,1,5,-3
6000000027290117295,Q432100,Livia,4,1,5,-3
6000000006131567298,Q44387,Darius,4,1,5,-3
6000000003523986134,Q453121,Guillaume X d'Aquitaine,4,1,5,-3
6000000046846910925,Q45365552,褒 仲嘉 衢州開化,4,1,5,-3
6000000002187599883,Q465074,Lucius Julius Caesar,4,1,5,-3
6000000001322567074,Q4802450,Arvid Birgersson,4,1,5,-3
6000000008959864719,Q56029,Sophie Ottesdatter Brahe,4,1,5,-3
6000000001651629109,Q674931,Albrecht I.,4,1,5,-3
6000000000628771629,Q701736,Frederick II Hohenzollern,4,1,5,-3
6000000000438436961,Q75577632,Samuel Hann Porter,4,1,5,-3
6000000006123961012,Q81794,Amentotep IV AkenAton,4,1,5,-3
6000000003645853699,Q878392,Magas,4,1,5,-3
6000000050139583028,Q100490293,Asahel,3,0,3,-3
6000000003937800376,Q100895810,Ebenezer Brewster,3,0,3,-3
4264637357040041989,Q100949101,Sarah Ames,3,0,3,-3
6000000009536100101,Q101040253,Homer Loomis,3,0,3,-3
6000000001382785095,Q101208244,Hannah Porter,3,0,3,-3
6000000000209548077,Q101208245,Nathaniel Porter,3,0,3,-3
6000000030802284628,Q101228963,Mineko Mishima,3,0,3,-3
6000000002553629374,Q101247287,Finn Håreksson,3,0,3,-3
6000000000445113430,Q101248355,Grote Johan Ivensson Krummedige,3,0,3,-3
6000000002849475483,Q101422819,Benjamin Chapin,3,0,3,-3
6000000002046121141,Q101422840,John Chapin,3,0,3,-3
6000000006733320382,Q101423825,Mary Wright,3,0,3,-3
5414792841960084676,Q101423826,Benjamin Wright,3,0,3,-3
6000000004072895391,Q101424334,Sarah Chapin,3,0,3,-3
6000000028374209435,Q101439365,George Webster Beers,3,0,3,-3
6000000013282830717,Q101439441,Joseph Judson,3,0,3,-3
6000000003615712159,Q101534235,Mary Conway,3,0,3,-3
6000000023968974965,Q101537622,Charles,3,0,3,-3
5657833973450023638,Q101537627,Charles “Charley” Phelps,3,0,3,-3
6000000075345210937,Q1017968,志寧 仲謐 河南洛陽,3,0,3,-3
6000000009437115125,Q101838039,Johnathan Judson,3,0,3,-3
6000000063343218912,Q10195745,綬 公垂 趙州平棘,3,0,3,-3
6000000010860696496,Q102070210,Pál,3,0,3,-3
6000000004237821095,Q102162050,Esther Lugg,3,0,3,-3
6000000001008658214,Q102500181,David Lyman,3,0,3,-3
6000000001008804009,Q102500226,David Lyman,3,0,3,-3
6000000012609093819,Q1027517,Charles Edward Phelps,3,0,3,-3
6000000016588748467,Q10285384,Francisco de Noronha,3,0,3,-3
6000000002188569415,Q10303425,Yolande of Anjou,3,0,3,-3
6000000075345529854,Q10308615,敖 蹈中 河南洛陽,3,0,3,-3
6000000083026554859,Q10311619,Johann II II Count Of Waldeck-Landau,3,0,3,-3
6000000037869833609,Q10317793,迥 明遠 徐州彭城,3,0,3,-3
6000000072421180867,Q10320098,Lovesendo,3,0,3,-3
6000000003056522441,Q10326839,Martim Afonso,3,0,3,-3
6000000008332890228,Q1033173,Titus Flavius Sabinus,3,0,3,-3
6000000052102539054,Q10350263,公綽 起之 河東解縣,3,0,3,-3
4310105748700020120,Q103556,"Henry ll ""Saint Henry”",3,0,3,-3
6000000007060705339,Q10357150,"Raimon I ""Le Blanc"" de Narbona",3,0,3,-3
6000000036623226039,Q103765750,Jonathan Porter,3,0,3,-3
6000000001690621558,Q103765760,Jonathan Porter,3,0,3,-3
6000000009673818960,Q103780352,Inger Vincentsdotter Bildt,3,0,3,-3
6000000003645929236,Q103780437,Daniel Knutsson Bildt,3,0,3,-3
6000000001504846635,Q103780447,Blanceflor Vincensdatter Vincentsdatter Lunge,3,0,3,-3
5149532185220119259,Q103780484,Kirsten Tygesdatter Lunge,3,0,3,-3
6000000006740322918,Q103780554,Dorotea Jensdatter Bielke,3,0,3,-3
6000000006740752219,Q103780995,Else Andersdatter Friis,3,0,3,-3
6000000003149421001,Q103781004,Anders Jørgensen Friis af Haraldskær,3,0,3,-3
6000000003149262116,Q103781091,Else Bjørnsdatter,3,0,3,-3
5149560759790025299,Q103781535,Iver Jensen Dyre,3,0,3,-3
6000000003378051669,Q103781549,Christine Pedersdatter Oxe,3,0,3,-3
6000000001169171667,Q103781719,Otte Madsson Rømer,3,0,3,-3
6000000021139547825,Q1039198,統 德施 南蘭陵,3,0,3,-3
6000000015964350375,Q103953144,Ann Conway,3,0,3,-3
6000000009397381118,Q103953166,Edwin Conway,3,0,3,-3
4354126843240066885,Q104006558,Lewis Willis,3,0,3,-3
6000000004047206712,Q104006569,Mary Jane Champe,3,0,3,-3
6000000007443031923,Q104040641,Claus Lagesen Urne,3,0,3,-3
6000000046992252027,Q10417198,質 子野 大名莘縣,3,0,3,-3
6000000016691894608,Q1041879,績 公紀 吳郡吳縣,3,0,3,-3
6000000015925389438,Q104383168,Christine de Croÿ Havré,3,0,3,-3
6000000012251529415,Q104398383,Thomas Ewell,3,0,3,-3
6000000003243284085,Q104473749,Richard,3,0,3,-3
6000000007454815935,Q104537630,Julia Ann Morse,3,0,3,-3
6000000002701210806,Q104537662,Amos Moss,3,0,3,-3
6000000001948601679,Q104550458,Kirsten Herlufsdotter Skave,3,0,3,-3
6000000076269868827,Q104551512,Moses Cass,3,0,3,-3
6000000032170778221,Q1045763,頼宣,3,0,3,-3
6000000015927476325,Q104677363,Mary Butler Washington Conway,3,0,3,-3
6000000004593983213,Q104677610,William Augustus Moncure,3,0,3,-3
6000000007980332406,Q104698393,Anna Margrethe Castberg Ebbesen,3,0,3,-3
6000000028341927651,Q104779106,Malte Jensen,3,0,3,-3
6000000001013146276,Q104785681,Jonathan Lyman,3,0,3,-3
6000000001504209666,Q104788851,Gunde Hansen,3,0,3,-3
6000000006266574072,Q104795438,Wentzel,3,0,3,-3
6000000002114865404,Q104797457,Kirsten Hansdatter Holck,3,0,3,-3
6000000000641682491,Q104903436,R. Tumenggung Bawadiman,3,0,3,-3
6000000007043434049,Q104977131,Nathaniel Porter,3,0,3,-3
6000000002750114123,Q104992079,"Anne Eriksdatter Lange, 3 Roser",3,0,3,-3
4967463099050039235,Q104992346,Susanne Jakobsdatter Lykke,3,0,3,-3
6000000011447447120,Q105038820,Margrethe Breide,3,0,3,-3
6000000022554787866,Q105098102,Tobias Lord,3,0,3,-3
6000000018348056712,Q105318397,Jens Lauritz Arup Bassøe,3,0,3,-3
6000000074690771845,Q10535272,昌朝 子明 開封,3,0,3,-3
6000000001744974942,Q105378,Henry III Welf,3,0,3,-3
6000000048810561880,Q10540462,昌言 仲謨 汾州孝義,3,0,3,-3
6000000075328438258,Q10566044,丹 文明 京兆杜陵,3,0,3,-3
6000000003617457172,Q105695302,Ann Collins,3,0,3,-3
6000000017614332958,Q105697834,Florian Янович Sapiega,3,0,3,-3
6000000079062599161,Q105871822,Guy II,3,0,3,-3
6000000008102469889,Q106188898,Frances Koshland,3,0,3,-3
6000000017661382450,Q106188902,Rosine Frauenthal,3,0,3,-3
6000000003195108763,Q106531847,Patience Brewster,3,0,3,-3
6000000004869580258,Q106532342,Sarah Ames,3,0,3,-3
6000000011623636786,Q106532374,Daniel Ames,3,0,3,-3
6000000003113369155,Q106541986,Sjeikh Abdoellah,3,0,3,-3
6000000000656343031,Q106589787,<private> Kartohadiprodjo,3,0,3,-3
6000000000307262169,Q1066162,Charles Stuart,3,0,3,-3
6000000000180752975,Q106637821,Sarah Porter,3,0,3,-3
6000000021847863467,Q1066589,Charles de Montmorency,3,0,3,-3
6000000007970272795,Q1066885,南蘭陵,3,0,3,-3
6000000008461701889,Q1067260,Charlotte Louise Hanau,3,0,3,-3
6000000018175300799,Q107004272,其璞 叔瑜 湖南衡山,3,0,3,-3
6000000025343070080,Q107026119,Private,3,0,3,-3
6000000025343246485,Q107026125,Private,3,0,3,-3
6000000014363224260,Q107088597,Françoise de Silly,3,0,3,-3
1656804,Q107145462,Frances Walker,3,0,3,-3
6000000022382151335,Q107145519,Shapley Ross,3,0,3,-3
6000000001169087683,Q107147764,Bernt Eriksson Orning,3,0,3,-3
6000000003939382671,Q107154528,Mary Closson,3,0,3,-3
6000000075368013857,Q1071587,泰 代郡武川,3,0,3,-3
6000000010094484570,Q107182420,Mary Talcott,3,0,3,-3
6000000010094320601,Q107182421,John Talcott,3,0,3,-3
6000000005415557998,Q107182423,Lucy Burnham,3,0,3,-3
6000000007574245679,Q107182531,Thomas Root,3,0,3,-3
6000000029919726861,Q107182534,Sarah Pease,3,0,3,-3
6000000021111540762,Q107293789,Jean Hyacinthe Hocquart,3,0,3,-3
6000000021112078197,Q107293790,Marie Anne Françoise Gaillard de La Bouexière,3,0,3,-3
6000000003939394947,Q107311119,Abigail Turner,3,0,3,-3
6000000010809549691,Q107401767,Vitoria,3,0,3,-3
6000000074747246960,Q1074804,暐,3,0,3,-3
6000000006727800651,Q107507,Sibylle Zähringen von Baden,3,0,3,-3
6000000001180345545,Q107524316,Bushrod Corbin Washington,3,0,3,-3
6000000025252281842,Q1076140,Geok Choo KWA,3,0,3,-3
6000000023075430764,Q107614977,Adriaen van Berckenrode,3,0,3,-3
6000000015051011866,Q107722,Anna von Braunschweig-Lüneburg,3,0,3,-3
6000000074747253970,Q1078573,盛 道運,3,0,3,-3
6000000008425068850,Q107872,Bernhard I Mecklenburg,3,0,3,-3
6000000002188002458,Q10787531,Elisabeth of Świdnica Świdnicka,3,0,3,-3
6000000074730269960,Q1079606,威 無畏 京兆武功,3,0,3,-3
6000000000307250664,Q1079839,Elizabeth Margaret Tudor,3,0,3,-3
6000000096397749860,Q1080362,Francesco Scipione Maria,3,0,3,-3
6000000011358286962,Q108133384,Bernt Mortensøn Grønvold,3,0,3,-3
6000000046410644946,Q108139541,Elizabeth Porter Phelps Huntington,3,0,3,-3
6000000001045079246,Q108316,Roderic Borja,3,0,3,-3
6000000008176389755,Q108403928,Experience Baldwin,3,0,3,-3
6000000000710016864,Q108442,Fernando 'o Gentil' de Portugal,3,0,3,-3
6000000029919586203,Q108601941,Timothy Root,3,0,3,-3
6000000002663193403,Q108601968,Noah,3,0,3,-3
1064102,Q108743020,Jean,3,0,3,-3
6000000003477360065,Q108791311,Marta Maria Gunnarsdatter Aasland,3,0,3,-3
6000000003477224912,Q108793090,Christoffer Christoffersen Vetteland,3,0,3,-3
6000000006783123081,Q108840583,Anne Cathrine Fahne Broch,3,0,3,-3
6000000001504296037,Q108840610,Axel Henningsen Walkendorff,3,0,3,-3
6000000012827051549,Q10887787,David,3,0,3,-3
6000000002032926554,Q108909047,Esther Judd Webster,3,0,3,-3
6000000002343351603,Q108913959,Nehemiah Washburn,3,0,3,-3
6000000003005380081,Q108934107,Hélène Macdonald Sallo,3,0,3,-3
6000000074700873422,Q10897425,岑 季高 江寧溧陽,3,0,3,-3
6000000007237714327,Q108992,"Philipp Ludwig Schleswig-Holstein, Oldenburg",3,0,3,-3
6000000028786046703,Q109012283,Maria Virginia Altieri,3,0,3,-3
6000000011626862951,Q10901486,Tadako Kajuji,3,0,3,-3
6000000007814332633,Q109035432,Catharina Törnsköld,3,0,3,-3
6000000008988875675,Q109071481,Prudence Risley,3,0,3,-3
6000000042926168008,Q10910275,涇 清叔 平江崑山,3,0,3,-3
6000000013331296246,Q109173757,石霞 怡瑩,3,0,3,-3
6000000038027305519,Q10918439,蒙正 聖功 河南洛陽,3,0,3,-3
6000000074717304101,Q10919049,直方 行可 浦江,3,0,3,-3
6000000074717625879,Q10919702,萊 立夫 浦江,3,0,3,-3
6000000038027154817,Q10919873,公著 晦叔 壽州,3,0,3,-3
6000000038027377264,Q10919892,夷簡 坦夫 壽州,3,0,3,-3
6000000038027626558,Q10919953,本中 居仁 婺州金華,3,0,3,-3
6000000015375436525,Q109219661,Anna Zaleska h. Lubicz,3,0,3,-3
6000000003343258683,Q109248,Dagobert III des Francs,3,0,3,-3
6000000015665884382,Q109323,Karl Johann Nepomuck,3,0,3,-3
6000000012597044700,Q10943125,定子,3,0,3,-3
6000000015748855578,Q109492985,Henri de Silly,3,0,3,-3
6000000009129005003,Q10951246,Mikhail Иванович,3,0,3,-3
6000000007510447106,Q109535836,Joseph Pease,3,0,3,-3
302888257510001064,Q109536562,Winifred Anne Oldham,3,0,3,-3
6000000005242860965,Q109673492,Lavinia Afton Chilton,3,0,3,-3
6000000035363829303,Q109830722,Travers Daniel,3,0,3,-3
6000000035367189872,Q109830724,Sarah Travers,3,0,3,-3
6000000002349645443,Q109854658,Andrew Bartholomew,3,0,3,-3
4972665113090039352,Q110154728,Anne Thygesdatter Brahe,3,0,3,-3
6000000001504741364,Q110154738,Maren Maltesdatter Sehested,3,0,3,-3
5667825143760048204,Q110154739,Malte Jenssøn Sehested,3,0,3,-3
6000000001504592074,Q110154740,Jens Thomesen Sehested,3,0,3,-3
6000000006286935173,Q110262039,Johann Andreas II. von Auersperg,3,0,3,-3
6000000003500997129,Q110268916,Samuel Davis,3,0,3,-3
6000000037376832233,Q110278734,John Hollister,3,0,3,-3
6000000018162858496,Q110278735,Mary Welles,3,0,3,-3
6000000008652886723,Q110278738,Ann Shelton,3,0,3,-3
6000000013592799972,Q110302793,Herborg Torbjørnsdatter Sandven,3,0,3,-3
6000000000573841785,Q110302794,Torbjørn Olavsen,3,0,3,-3
6000000006835891509,Q110302849,Anna Marqvardsdatter,3,0,3,-3
6000000001174417270,Q110302858,Anne Nielsdatter,3,0,3,-3
6000000001504846827,Q110302860,Niels Vincentsen Dyre,3,0,3,-3
6000000035087657035,Q110302975,Oluf,3,0,3,-3
6000000006127594142,Q110303135,Margareta Andersén,3,0,3,-3
6000000006128193446,Q110303268,Birger Trolle af Bergkvara,3,0,3,-3
6000000006128193414,Q110303271,Niels Jacobsen,3,0,3,-3
2399215,Q110303305,Mogens Mogensen Gyldenstierne,3,0,3,-3
6000000003274251795,Q110303318,Ebbe Knudsen Ulfeldt,3,0,3,-3
6000000001504252488,Q110303361,Anne Esgesdatter Bille,3,0,3,-3
6000000002985853066,Q110303925,Mogens Krag,3,0,3,-3
6000000002750714381,Q110303936,Anne Gregersdatter Ulfstand,3,0,3,-3
5002278209160044833,Q110303995,Jytte Conradsdatter Moltke,3,0,3,-3
6000000007981009481,Q110303996,Evert,3,0,3,-3
6000000002787791410,Q110303999,Beate Nicolausdatter,3,0,3,-3
6000000006243651723,Q110304140,Margrethe Frederiksdatter Reedtz,3,0,3,-3
6000000001504298048,Q110304155,Hilleborg Vincensdatter Steensen,3,0,3,-3
6000000001835454824,Q110304273,Ingeborg Holgersdatter Ulfstand,3,0,3,-3
6000000005772896016,Q110304351,Niels Eilersen,3,0,3,-3
6000000012114625200,Q110304723,Edel Christophersdatter Ulfeldt,3,0,3,-3
6000000001849195435,Q110370353,Just de Tournon,3,0,3,-3
6000000017048026783,Q110371134,Janez Johann Herbard Herward von Auersperg,3,0,3,-3
6000000025086613359,Q110371138,Herbard XII,3,0,3,-3
6000000105707224064,Q110410745,Joachim Andreas I.,3,0,3,-3
6000000041968553096,Q110410746,Joachim IV von Maltzahn,3,0,3,-3
6000000015252284851,Q110424644,Marie Mathilde Lucia Christiana Francisca Paula de Barandiaran,3,0,3,-3
6000000005482834004,Q110457708,Birgitte Lauridsdatter,3,0,3,-3
6000000075344275016,Q11053886,沔 善冲 若沖 博陵安平,3,0,3,-3
6000000005607701373,Q110548187,Bengta Simonsdotter Körning,3,0,3,-3
6000000039747172533,Q110549326,Helle Jorgensdatter Jørgensdatter Marsvin,3,0,3,-3
4956286898320131065,Q110549416,Berte Nielsdatter Friis Af Hesselager,3,0,3,-3
6000000006098591118,Q110549417,Birgitte Corfitzdotter,3,0,3,-3
6000000002896882988,Q110549432,Peder Jørgensen Marsvin,3,0,3,-3
6000000011159892384,Q110549649,Niels Wernersen Parsberg,3,0,3,-3
6000000011568052846,Q110586521,Juana,3,0,3,-3
6000000004173414047,Q110586546,Fernando,3,0,3,-3
6000000001982191368,Q110586554,Teresa Pimentel y Ponce de León,3,0,3,-3
6000000003601807891,Q110586651,Pedro,3,0,3,-3
6000000008506981493,Q1106184,Vladimir Andreevich,3,0,3,-3
6000000002043193751,Q110622313,Gwyn ap Rhydderch,3,0,3,-3
6000000074685282439,Q11069030,茂昭 豐明,3,0,3,-3
6000000075326119513,Q11070414,堅 元固 東海郯縣,3,0,3,-3
6000000002188195826,Q11077213,Prince Tuoba Xi of Northern Wei China,3,0,3,-3
6000000037888843569,Q11089173,說之 以道 伯以 季此 濟州鉅野,3,0,3,-3
6000000001355551259,Q110895,Athalaric of the Ostrogoths,3,0,3,-3
6000000012977074008,Q11091470,憲植,3,0,3,-3
6000000012851081023,Q11091540,Chao-Lun 叔偉 湖南湘鄉,3,0,3,-3
6000000032657100856,Q11091542,昭燏 湖南湘鄉,3,0,3,-3
6000000013873799917,Q11091615,昭檆 約農,3,0,3,-3
6000000037890140333,Q11091628,肇 子開 建昌南豐,3,0,3,-3
6000000106209005878,Q110929939,Stéphanie Rollier,3,0,3,-3
4704288853130123198,Q110934821,Felipe Antonio,3,0,3,-3
6000000131468975893,Q11095932,婉順 尫娘 隴西狄道,3,0,3,-3
6000000008248363549,Q1110173,Tancred,3,0,3,-3
6000000021122271856,Q11109696,慶 更興 河東解縣,3,0,3,-3
6000000092464981875,Q111219930,Dmitry Romanovich Drucki-Lubecki,3,0,3,-3
6000000016457659259,Q111220699,Bogusz Dmitrievich Drutsky-Lubetsky,3,0,3,-3
6000000012594239785,Q11123561,雅子 Hashimoto,3,0,3,-3
6000000030500850836,Q1113636,Gómez,3,0,3,-3
6000000058374626102,Q111476675,Bertha Smedsgaard,3,0,3,-3
6000000023701386405,Q1114786,潁川陽翟,3,0,3,-3
6000000048921574852,Q111507149,Eliphalet Wright,3,0,3,-3
6000000007510975207,Q111907537,Mary R. Pease,3,0,3,-3
6000000004202190467,Q111917391,Sarah Owen,3,0,3,-3
6000000008900043996,Q111918111,Jane Smith,3,0,3,-3
6000000001180110549,Q111918121,Philip Smith,3,0,3,-3
6000000000591521301,Q111918218,James Ball,3,0,3,-3
6000000018230416845,Q1119540,Flaccilla,3,0,3,-3
6000000002188429440,Q111971,Rainer Ferdinand Maria Johann Evangelist Franz Ignaz von Habsburg-Lothringen,3,0,3,-3
6000000002162069760,Q112080944,Jørgen Skeel,3,0,3,-3
6000000000737629865,Q112128,ِِAl-Husayn Al-Hashemi,3,0,3,-3
6000000006232319371,Q1121970,"William ""Longespée"" Plantagenet",3,0,3,-3
6000000038726713840,Q112257681,Walter Pease,3,0,3,-3
6000000001763979372,Q112540646,Anders Clausen,3,0,3,-3
6000000001763741930,Q112540657,Margrete Pedersdatter Basse,3,0,3,-3
6000000017936693153,Q112624832,Aliona Olegovna of Ryazan,3,0,3,-3
6000000011196847827,Q112671571,"Mikhail Ivanovich ""Kolyshka""",3,0,3,-3
6000000000491022944,Q112811767,Judith Tilden,3,0,3,-3
6000000012945250867,Q112892731,Marie/Antoinette Virginie de Rochechouart-Mortemart,3,0,3,-3
6000000000664584700,Q112939353,Ephraim Terry,3,0,3,-3
3825252,Q112958671,Samuel S. Terry,3,0,3,-3
6000000001012874868,Q112959212,Samuel Lyman,3,0,3,-3
6000000030546439091,Q113026094,Petronia Probiana Volusianus,3,0,3,-3
6000000000769966386,Q113055868,Mary Gaylord,3,0,3,-3
6000000007603179378,Q113055871,John Gaylord,3,0,3,-3
6000000000424904289,Q113058,Waleran Udo Limburg,3,0,3,-3
6000000006445929519,Q113088806,Noah Noah Loomis,3,0,3,-3
6000000006445929068,Q113088848,Benjamin Loomis,3,0,3,-3
6000000005415090248,Q113088891,Elizabeth Morley,3,0,3,-3
6000000019694109387,Q113296257,Margaretha van Berck,3,0,3,-3
6000000035326525067,Q113296260,Matthijs Berk,3,0,3,-3
6000000005781328437,Q113359189,Kristian Charlot Amalia,3,0,3,-3
6000000006338027688,Q113487241,Corfitz Eriksen Rud,3,0,3,-3
6000000017938537380,Q1135417,Hamengkubuwono,3,0,3,-3
6000000011626844752,Q11364178,Aiko Matsuura,3,0,3,-3
6000000036631304577,Q113720022,N.N. Vsevolodna,3,0,3,-3
6000000001504971307,Q1137546,Amadeus,3,0,3,-3
6000000007245073405,Q113799472,Hope Alva Gimbel,3,0,3,-3
6000000003828228153,Q114089057,Anna van Baillet,3,0,3,-3
6000000034986774222,Q1140994,綱 世贊 南蘭陵,3,0,3,-3
6000000074748392009,Q11418521,和 稚起 晉昌冥安,3,0,3,-3
6000000000437088180,Q1143330,Niall Frossach mac Fergail,3,0,3,-3
6000000023531398242,Q1143870,攸 大猷 河內溫縣,3,0,3,-3
6000000012250325142,Q114406429,Jesse,3,0,3,-3
6000000012249002035,Q114406441,Sarah Ball,3,0,3,-3
6000000002649950539,Q114410978,Jane Charlotte Blackburn,3,0,3,-3
6000000010039559413,Q114440695,Agnes Conway Moncure,3,0,3,-3
6000000006505292001,Q114440833,John Moncure,3,0,3,-3
6000000012839208897,Q114746785,Frederick Burnham,3,0,3,-3
6000000005415315717,Q114746789,Abner Burnham,3,0,3,-3
6000000001481353763,Q114746803,Elisha Burnham,3,0,3,-3
6000000008320981319,Q114746809,Richard,3,0,3,-3
6000000008307989110,Q114746812,Richard Burnham,3,0,3,-3
6000000075344309979,Q11477182,說 博陵安平,3,0,3,-3
6000000012967251172,Q1147803,Kong Ji,3,0,3,-3
6000000001461680030,Q114780861,Hannah Spencer,3,0,3,-3
6000000000475120269,Q114783894,Bethia Roots,3,0,3,-3
6000000014040068430,Q11488890,Albrecht (Olbracht) Wojciech Jagielloń,3,0,3,-3
6000000021150643175,Q1149114,繹 世誠 南蘭陵,3,0,3,-3
6000000074733024971,Q1149132,鸞 景棲 南蘭陵,3,0,3,-3
6000000002188195738,Q1149178,珪,3,0,3,-3
6000000075367162914,Q1149222,覺 陀羅尼,3,0,3,-3
6000000002188378694,Q115294,Heinrich Wettin,3,0,3,-3
6000000075345880181,Q11534311,帶韋 孝孫 河東解縣,3,0,3,-3
6000000074705361477,Q11541049,异 文殊 弘農華陰,3,0,3,-3
6000000010701057613,Q11545577,Hidesaburo Shoda,3,0,3,-3
6000000012038017523,Q11551401,豊,3,0,3,-3
6000000037090611359,Q11552419,眾 仲師 吳興武康,3,0,3,-3
6000000003681267132,Q115575071,John Root,3,0,3,-3
6000000004079169060,Q115575076,Mary Spencer,3,0,3,-3
6000000002930881316,Q115627751,Elizabeth Sprague,3,0,3,-3
6000000001415590336,Q115629990,Jeremiah Crandall,3,0,3,-3
6000000001404929042,Q115629993,Hannah Gaylord,3,0,3,-3
6000000003828058140,Q115633979,Eustache de Picquigny,3,0,3,-3
6000000006578743091,Q115726270,Ebenezer Chapin,3,0,3,-3
6000000002677826707,Q115916325,Isaac Morse,3,0,3,-3
6000000003490596443,Q115945611,Thomas Tilden,3,0,3,-3
6000000009215272817,Q115959443,Mette Urne,3,0,3,-3
6000000007151245035,Q116004572,Catalina,3,0,3,-3
5266300140300102257,Q116004576,Leonor de Zúñiga y Manrique de Lara,3,0,3,-3
6000000004868846919,Q116006300,Astorg de Peyre,3,0,3,-3
6000000018175373678,Q11611223,其杰 雲臺 湖南衡山,3,0,3,-3
6000000001410907536,Q116170300,Frances Radcliffe,3,0,3,-3
6000000013154912119,Q116184496,Ludovica Friederike Ernestina von Hohenzollern-Hechingen,3,0,3,-3
6000000001504259263,Q116187211,Anne Cathrine Bille,3,0,3,-3
6000000001759086780,Q1162023,Daniel Parke Custis,3,0,3,-3
6000000030413806424,Q11621644,Chiho,3,0,3,-3
6000000074749636893,Q11622237,收 伯褒 蒲州寶鼎,3,0,3,-3
6000000074749678850,Q11622256,道衡 玄卿 河東汾陰,3,0,3,-3
6000000057264990822,Q11626867,行儉 守約 河東聞喜,3,0,3,-3
6000000075327772335,Q11633161,勣 河南洛陽,3,0,3,-3
6000000003086799676,Q116467721,Peter Brewster,3,0,3,-3
6000000012593379481,Q11650682,直泰,3,0,3,-3
6000000074759479245,Q11663934,世康 京兆杜陵,3,0,3,-3
6000000074759867869,Q11663945,沖 世沖 京兆杜陵,3,0,3,-3
6000000075345227826,Q11663950,藝 世文 京兆杜陵,3,0,3,-3
6000000012570859903,Q11670097,Masanari,3,0,3,-3
6000000006348666881,Q116811498,Jonathan Caulkins,3,0,3,-3
6000000006348666870,Q116811512,Thomas,3,0,3,-3
6000000001690400932,Q116811515,Sarah Turner,3,0,3,-3
6000000014072497394,Q11685047,Aleksander Kasimir,3,0,3,-3
6000000015957455968,Q11685284,Alexandre,3,0,3,-3
6000000010909769963,Q116970446,John Phelps,3,0,3,-3
6000000018868294317,Q116970495,Timothy Phelps,3,0,3,-3
6000000000830085792,Q116975238,Robert Crossman,3,0,3,-3
6000000014981064043,Q11717439,Jan Ferdinand Sapiega,3,0,3,-3
6000000044427320968,Q11717487,Jan Friedrich Sapieha,3,0,3,-3
6000000041968104818,Q11727307,Joachim III.,3,0,3,-3
6000000012889712422,Q117311498,Amelia Chapman,3,0,3,-3
6000000000550137663,Q117357200,Jane Washburn,3,0,3,-3
6000000019775343273,Q11738121,Casimir Merkel Sapiega,3,0,3,-3
6000000001085147987,Q11749206,Кшиштоф-Франтишек Фредерикович Сапега,3,0,3,-3
6000000014980963494,Q11749676,Kristoph Николаевич Sapieha,3,0,3,-3
6000000008033705114,Q11763404,Ludgarda I von Mecklenburg,3,0,3,-3
6000000009432470359,Q117647,Edward,3,0,3,-3
6000000015157532539,Q1177051,David Walker,3,0,3,-3
6000000006660883001,Q11778577,Michael Aleksandrowicz,3,0,3,-3
6000000055656637887,Q11778581,Michael Anthony,3,0,3,-3
6000000006656017954,Q11779332,Michael Sigizmund,3,0,3,-3
6000000016750154866,Q11780739,Mikalojus Михайлович,3,0,3,-3
4951911868150125164,Q117846,Ermessende de Carcassonne,3,0,3,-3
5559476916760136704,Q117865957,Martha Loeb,3,0,3,-3
6000000001120089414,Q118087,Ludmila,3,0,3,-3
6000000181438232885,Q118180630,Martynas Mauricijus Zaleskis,3,0,3,-3
6000000006788607091,Q1184760,Dorothy Stafford,3,0,3,-3
6000000010705300790,Q1188685,Mikhail Alexandrovich,3,0,3,-3
6000000074733053918,Q1190420,寶融 智昭 南蘭陵,3,0,3,-3
6000000012589217100,Q11905407,Amalia Magdalena Nassau,3,0,3,-3
6000000006727849920,Q11905644,Anna Dorothea Christine von Hohenlohe-Waldenburg,3,0,3,-3
6000000006727753042,Q11905665,Anne Oldenburg,3,0,3,-3
4522459,Q11917704,Dorothea,3,0,3,-3
6000000014646628293,Q119411566,Hannah Tiffany,3,0,3,-3
6000000021261005056,Q1194981,道成 紹伯 南蘭陵,3,0,3,-3
6000000006727746512,Q11950040,Sophie Ursula von Oldenburg-Delmenhorst,3,0,3,-3
6000000007368480488,Q11957619,Alv Erlingsson av Tornberg,3,0,3,-3
6000000000901150478,Q11959415,Asser Skjalmsøn Rig (Hvide),3,0,3,-3
6000000042585115086,Q11967133,Lisbet,3,0,3,-3
6000000003389566130,Q11974128,Hans,3,0,3,-3
6000000002817749020,Q11977754,Iver Jensen Jernskjegg,3,0,3,-3
6000000003645734368,Q11979186,Jon Torbergsson,3,0,3,-3
6000000001504528609,Q11979587,Just Banner,3,0,3,-3
290615137410002629,Q11986923,Ludwig Holgersen Holgersen,3,0,3,-3
6000000007095800229,Q11988171,Margrethe Knudsdatter Lavard,3,0,3,-3
6000000021593252152,Q119931719,Louise Octavie de Laharpe,3,0,3,-3
6000000007633347495,Q119954173,Margrete Tønnesdatter Huitfeldt,3,0,3,-3
6000000001504816842,Q119980554,Benedikte Dorothea Gjordsdatter,3,0,3,-3
6000000003206529291,Q119993084,Azran St. Palindih,3,0,3,-3
6000000061478647878,Q120198213,Herman Frederik,3,0,3,-3
6000000001770282714,Q120846408,Kristoffer Gautesson Galde,3,0,3,-3
6000000014319810259,Q121423277,Lucy Hale,3,0,3,-3
6000000004129660740,Q121423278,Martha Welles,3,0,3,-3
377208681320011176,Q121464332,Mercy Porter,3,0,3,-3
6000000000693906353,Q1215396,Guilhèm V,3,0,3,-3
6000000002246654993,Q121685457,Benjamin,3,0,3,-3
6000000003645734792,Q12176823,Jon,3,0,3,-3
6000000003526839498,Q121889220,Anna Sapega,3,0,3,-3
6000000017340843726,Q122359509,Anna van Lockhorst,3,0,3,-3
6000000009708777291,Q122415455,Edel Elisabeth Henriksdatter Bielke,3,0,3,-3
362164304500001795,Q1226606,Alexios,3,0,3,-3
6000000012773904209,Q12272328,Arria Fadilla,3,0,3,-3
6000000006906640457,Q1227872,Andronikos Komnenos,3,0,3,-3
6000000008211626950,Q12278988,Domitia Lucilla Major,3,0,3,-3
6000000011253546095,Q122822,George II of Pomerania Griffin,3,0,3,-3
6000000002278350819,Q122925496,Dorothe Andersdatter Huitfeldt,3,0,3,-3
6000000015161919622,Q12300531,Adam Gottlob Carl greve Moltke-Huitfeldt,3,0,3,-3
6000000002935860672,Q12301473,Anders Stensson Steensen Bille,3,0,3,-3
6000000022245161129,Q123023190,Pierre François Henri de Montesquiou-Fézensac,3,0,3,-3
6000000022245079733,Q123023410,Victor Auguste Henri de Montesquiou Fézensac,3,0,3,-3
6000000002238942335,Q12304330,Breide Henriksen,3,0,3,-3
6000000001504748112,Q12305276,Carl Juel,3,0,3,-3
6000000002298620837,Q12305681,Charlotte Amalie Skeel,3,0,3,-3
6000000011661151505,Q12305836,Christian Barnekow,3,0,3,-3
6000000004144028980,Q12306217,Christian Gustav lensgreve Wedell-Wedellsborg,3,0,3,-3
6000000000439514389,Q12306317,Christoffer Johansøn Urne,3,0,3,-3
6000000002515749552,Q12306503,Claus Ottesen,3,0,3,-3
6000000011309325938,Q12306705,Corfitz Knudsen Ulfeldt,3,0,3,-3
6000000003865794618,Q12309311,Ebbe Skjalmsen Hvide,3,0,3,-3
6000000001504831677,Q12309759,Elisabeth Rosenkrantz,3,0,3,-3
6000000022593479605,Q123116317,Guy de Sully,3,0,3,-3
6000000003874389177,Q12312213,Frantz Vilhelm Sehested,3,0,3,-3
6000000001504827712,Q12316420,Henrik Nielsen Rosenkrantz,3,0,3,-3
6000000017806909919,Q12316471,Henrik Thott,3,0,3,-3
6000000018529205068,Q12317050,Holger Forchhammer,3,0,3,-3
2399880,Q12317087,"Holger ""Den Rige"" Rosenkrantz",3,0,3,-3
6000000001921331492,Q12318720,Iver Vernersen Rosenkrantz,3,0,3,-3
6000000009128344642,Q12319334,Jens Juel,3,0,3,-3
6000000010975960804,Q12319357,Jens lensbaron Krag-Juel-Vind,3,0,3,-3
6000000001921191638,Q12319454,Jens Jørgensen Rosenkrantz,3,0,3,-3
6000000018528901871,Q12320057,Johannes Forchhammer,3,0,3,-3
3985192,Q12320903,Store Jørgen Lagesen,3,0,3,-3
6000000003525477133,Q12322301,Knud Sehested,3,0,3,-3
6000000014549906070,Q12323566,Lage Jørgensen Urne,3,0,3,-3
6000000005483175013,Q12324020,Laurids Frandsen Brockenhuus,3,0,3,-3
6000000006835682959,Q12324085,Lage Johansøn,3,0,3,-3
6000000001044341136,Q12325362,Léon Charles Joseph greve Moltke-Huitfeldt,3,0,3,-3
6000000001504736765,Q12328821,Niels Juel,3,0,3,-3
6000000003310051427,Q12328922,Niels Truidsen,3,0,3,-3
6000000025877252403,Q12329971,Olaf,3,0,3,-3
6000000007086528162,Q12337724,Sune,3,0,3,-3
6000000006598844524,Q12341032,Wilhelm Marselis Marselis,3,0,3,-3
6000000001504831282,Q12341503,Werner,3,0,3,-3
6000000001210506430,Q12341816,Ålov Einarsdotter,3,0,3,-3
6000000010536360611,Q123554426,Léonore Lena Seligman,3,0,3,-3
6000000025877294318,Q12363882,Herluf Trolle Forchhammer,3,0,3,-3
6000000011350968750,Q1237511,Lucius Scribonius Libo Rupilius Frugi Bonus,3,0,3,-3
6000000003525475762,Q124171812,Magdalena Sibilla,3,0,3,-3
4027372501320040583,Q125649,"Willem III Alexander Paul Frederik Lodewijk, Oranje",3,0,3,-3
6000000015169671394,Q126098250,George W. Chilton,3,0,3,-3
6000000003828287378,Q126107314,Neratia Galla,3,0,3,-3
6000000000011729572,Q126708,Marie Charlotte,3,0,3,-3
6000000021731288673,Q12715929,Just Christian Bing Ebbesen,3,0,3,-3
6000000004086914133,Q12727926,Eudokia Olelkova Тверская,3,0,3,-3
6000000005404107110,Q127458259,Charlotte Amalie Arnoldt,3,0,3,-3
6000000003828268087,Q1277664,Flann,3,0,3,-3
6000000011770187041,Q127828974,Sofia Yaroslavna,3,0,3,-3
5167035790980047641,Q1280318,Henri de Elboeuf Duc Lorena-Harcourt-Armagnac,3,0,3,-3
6000000011195444733,Q1282778,Dmitriy Yurievich Юрьевич,3,0,3,-3
6000000021138925920,Q1285740,詧 理孫 南蘭陵,3,0,3,-3
6000000024504869888,Q128985966,Ivan,3,0,3,-3
6000000021151512856,Q1291074,瑀 時文 南蘭陵,3,0,3,-3
6000000003645797173,Q129234,Hatshepsut I Makere,3,0,3,-3
6000000016951912208,Q1299666,Franz Karl Karolis Askanier,3,0,3,-3
6000000003285553237,Q129987,William III Hendrik van Oranje-Nassau,3,0,3,-3
6000000025766268769,Q1300125,Ehrengard von Isenburg-Büdingen,3,0,3,-3
6000000014170256977,Q130285855,Rogneda Mstislavna of Kiev,3,0,3,-3
6000000003186153700,Q130303485,Djaafar Radjo Moedo,3,0,3,-3
6000000002187837535,Q13030447,Gleb of Perejaslawski,3,0,3,-3
6000000038240399606,Q13032483,Grigalius / Jurgis Иванович Sapiega h. Lapinas,3,0,3,-3
6000000015684114911,Q130327193,Anna of Masovia,3,0,3,-3
6000000006727862085,Q130329960,Hedwig von Kernavė of Opole,3,0,3,-3
6000000039823958931,Q13033536,Yuri Юрьевич Olelkovich-Slutsky,3,0,3,-3
6000000041772392972,Q13033591,Jan Simon Slutsky,3,0,3,-3
6000000009141069345,Q130390496,Dmitriy,3,0,3,-3
6000000002101366128,Q130413,Wilhelmina Frederika Alexandrine Anna Louise van Oranje-Nassau,3,0,3,-3
6000000028896430409,Q130540387,Hans Peter Vilhelm Hempel,3,0,3,-3
6000000008989022852,Q130546562,Elizur Webster,3,0,3,-3
4137986493320052463,Q130586,George IV Augustus Frederick Guelph,3,0,3,-3
6000000006727764646,Q1306504,Johann Günther II,3,0,3,-3
6000000014192349381,Q130851298,N Algirdaitė,3,0,3,-3
6000000003646057190,Q1309296,Mathilde von Brandenburg,3,0,3,-3
6000000008033906402,Q1310640,Beatrix,3,0,3,-3
6000000010535123298,Q131118132,Frances (Fanny) Seligman,3,0,3,-3
6000000058508060821,Q131146296,Pros,3,0,3,-3
6000000000517440941,Q131399503,Andrew Bartholomew,3,0,3,-3
6000000004140456997,Q131706,"Maria Theresa Amalia Walburga Habsburg, Lothringen",3,0,3,-3
6000000015288090151,Q1322262,Wratislaw von Fürstenberg,3,0,3,-3
6000000007243683255,Q132730940,Joseph Lebworth,3,0,3,-3
6000000075368148851,Q1327591,邕,3,0,3,-3
6000000004047417460,Q132861681,William Howell Lewis,3,0,3,-3
6000000006727790035,Q1330464,Elisabeth Wittelsbach,3,0,3,-3
6000000004993541567,Q133218442,Horace Andrews,3,0,3,-3
6000000013880025720,Q133469836,Karl Friedrich Baden-Durlach,3,0,3,-3
6000000012973947747,Q133502796,Alberto del Gallo,3,0,3,-3
6000000205160339883,Q133502817,Alessandro,3,0,3,-3
6000000074732572258,Q1336575,寶卷 智藏 南蘭陵,3,0,3,-3
6000000006645210002,Q1340357,Jakob Benzelius,3,0,3,-3
6000000006645331010,Q1340404,Eric,3,0,3,-3
6000000039001007986,Q13407966,堯叟 唐夫 閬州閬中,3,0,3,-3
6000000046926455971,Q13407967,堯佐 希元 鄭州管城,3,0,3,-3
347803456540001332,Q134128,Cnut The Great Sweynsson,3,0,3,-3
6000000016234143976,Q13425871,Ernestine Charlotte Nassau,3,0,3,-3
6000000012042929644,Q134392683,María Afan,3,0,3,-3
6000000007386566361,Q1344508,William de Warenne,3,0,3,-3
6000000003478386805,Q13460990,Francis,3,0,3,-3
6000000007267864416,Q134822349,Xenia Mstislavna of Kiev,3,0,3,-3
6000000052901395092,Q134986010,Martin,3,0,3,-3
6000000019342165314,Q134986377,Leonor Valderrama de Moctezuma,3,0,3,-3
6000000007456047874,Q134986646,Leonor de Tolosa Cortés de Moctezuma,3,0,3,-3
6000000007446227483,Q134986687,Juan de Andrade Moctezuma,3,0,3,-3
6000000017032555405,Q135399840,Walburga Anna von Daun-Falkenstein,3,0,3,-3
6000000001402398969,Q135427658,Asa Child,3,0,3,-3
6000000000533829070,Q135427840,Salmon Child,3,0,3,-3
6000000211453564822,Q135439185,Jacquette Murat,3,0,3,-3
6000000211453460842,Q135439202,Jean,3,0,3,-3
6000000211453764821,Q135439251,Antoinette Murat,3,0,3,-3
6000000211453690822,Q135439296,Jean,3,0,3,-3
6000000003526635681,Q1354579,Kazimierz Leon Sapieha,3,0,3,-3
380741936910007548,Q135479655,Barnabus Wilcox,3,0,3,-3
6000000001506661059,Q135481658,Sarah unknown,3,0,3,-3
6000000006165939210,Q135525513,John Hopkins,3,0,3,-3
6000000023745004807,Q13562995,Helen Morgenthau,3,0,3,-3
376466138230007911,Q135631,Margherita Maria Teresa Giovanna di Savoia,3,0,3,-3
6000000001544486806,Q1357271,Geoffrey,3,0,3,-3
6000000017908872809,Q1357753,Ernst Christian August,3,0,3,-3
6000000022542956233,Q135898858,Marie Jeanne Clary,3,0,3,-3
6000000006712629565,Q1360375,"Gilbert ""the Red Earl"" de Clare",3,0,3,-3
6000000010534482572,Q136314366,William Wolf Seligman,3,0,3,-3
6000000002503036414,Q1363323,Thomas of Brotherton,3,0,3,-3
6000000010536137112,Q136400561,Marcel,3,0,3,-3
6000000007361184342,Q136530308,Alexandrina Ghika,3,0,3,-3
6000000002513915968,Q136744746,Erastus Frederick Gaylord,3,0,3,-3
6000000002188625529,Q1367881,Ferrán,3,0,3,-3
6000000181160240090,Q137351038,Felix Egon Von Fürstenberg-Heiligenberg,3,0,3,-3
6000000002322298231,Q1373749,Roger III,3,0,3,-3
6000000009305044275,Q137639,Wilhelm von Jülich,3,0,3,-3
6000000001504807994,Q137768692,Elizabeth Brahe,3,0,3,-3
6000000081550448235,Q137797105,Amaury de Montfort,3,0,3,-3
6000000001504523535,Q138030471,Dorthe Clausdatter Daa,3,0,3,-3
6000000008090221203,Q1380850,Raoul de Nesle,3,0,3,-3
6000000017115339498,Q138416717,Charles Robert,3,0,3,-3
6000000017115272903,Q138416797,Rachel Weill,3,0,3,-3
6000000010393791468,Q138808469,Emanuel,3,0,3,-3
6000000014763149340,Q139246597,Juliane Dorothea Grafin,3,0,3,-3
6000000002404786243,Q1393018,"Mikhail Ivanovich ""Golitsa""",3,0,3,-3
6000000020224991764,Q139327884,Marguerite,3,0,3,-3
6000000016809567179,Q1396090,Wilhelm Wirich,3,0,3,-3
5005151048670058255,Q1396437,Cristóbal,3,0,3,-3
6000000014167799459,Q139675000,Edith R. Guggenheim,3,0,3,-3
6000000008101897835,Q139676130,Mary Eliza Churchill,3,0,3,-3
5004670726100034697,Q1398489,Tello,3,0,3,-3
6000000198338978915,Q140078568,Jean,3,0,3,-3
6000000005563282309,Q140079475,Aloisia Barbara Weiss,3,0,3,-3
6000000017601227871,Q1404607,"Otto Brabant Lothringen, Hessen",3,0,3,-3
6000000001504596913,Q140466085,Henrik Jacobsen Huitfeldt,3,0,3,-3
6000000003219766746,Q1405862,Sybilla of Conversano,3,0,3,-3
6000000017054311450,Q140703032,Ide Henriksdatter Gøye,3,0,3,-3
6000000018625267111,Q140736358,Nils,3,0,3,-3
6000000008826700192,Q140812449,Birte,3,0,3,-3
6000000000424698537,Q1413,Lucius Domitius Ahenobarbus,3,0,3,-3
6000000006858145415,Q1416,Marcus Salvius Otho Caesar Augustus,3,0,3,-3
6000000002006109656,Q1430,Marcus Aurelius Antoninus Augustus,3,0,3,-3
6000000003494757665,Q143099,Svyatopolk II Izyaslavich Rurikid,3,0,3,-3
6000000007388080220,Q1447395,François Antoine Joseph de Lorraine,3,0,3,-3
6000000006727820475,Q1450061,"Johann IV, Graf von Holstein-Schauenburg",3,0,3,-3
6000000001602499589,Q1450912,Francois,3,0,3,-3
6000000006211081350,Q1452201,Marie Alexandrine Laurence Charlotte Louise de Bleschamps Jouberthou de Vamberthy,3,0,3,-3
6000000091513434845,Q1458125,Friedrich Anton,3,0,3,-3
6000000006444441999,Q1466210,Margaret,3,0,3,-3
6000000001841495783,Q1471436,Frédéric Maurice de La Tour d'Auvergne,3,0,3,-3
6000000017913553249,Q1478312,Georg,3,0,3,-3
6000000010714656909,Q1484226,Wilhelm Maximilian Rabe von Pappenheim,3,0,3,-3
6000000000873947684,Q14942564,Peder Jensen,3,0,3,-3
6000000010762955383,Q15065410,Alexey Andreyevich Galitzin,3,0,3,-3
6000000002240775864,Q150712,"Charles ""le Gros"" Caroling",3,0,3,-3
6000000002459854330,Q150782,Elisabeth Amalie Eugenie Wittelsbach,3,0,3,-3
6000000015157438828,Q1508496,George Walker,3,0,3,-3
5406067539320083175,Q150966,Friedrich,3,0,3,-3
6000000030412990780,Q15103558,Mitsuko Sanjo,3,0,3,-3
5318257919690026486,Q151075,Francis Stephen de Lorraine,3,0,3,-3
6000000003439632313,Q151090,Otto III,3,0,3,-3
6000000006101322556,Q151173,Joachim Napoleon Murat,3,0,3,-3
6000000001552874983,Q151826,Friedrich I Hohenzollern,3,0,3,-3
6000000001449295063,Q15189,Paul I Petrovich Romanov-Holstein-Gottorp,3,0,3,-3
6000000002388712778,Q151995,Maria Letizia Ramolino,3,0,3,-3
6000000002465068862,Q152230,"Tiye [Taia, Tiy and Tiyi]",3,0,3,-3
6000000002224457876,Q152256,Conrad Von Hohenstaufen,3,0,3,-3
6000000000351094247,Q1523,Ramesses,3,0,3,-3
6000000003307972901,Q1523366,Per,3,0,3,-3
6000000006444136780,Q15286509,Henry Bourchier,3,0,3,-3
6000000016115603052,Q153166,Christine Charlotte Württemberg,3,0,3,-3
6000000003285093567,Q153956,Albrecht Habsburg,3,0,3,-3
4104556,Q154041,Frederick II Oldenburg,3,0,3,-3
6000000000316744035,Q1542092,Sextus Claudius Petronius Probus,3,0,3,-3
6000000006727840724,Q15449868,Albrecht der Schöne von Hohenzollern-Nürnberg,3,0,3,-3
6000000002142373595,Q154934,Ecgberht,3,0,3,-3
5231968728610070481,Q154971,"Marie Charlotte Amélie Augustine Victoire Clémentine Léopoldine Wettin, Ernestiner",3,0,3,-3
6000000002176661683,Q155167,John of Luxembourg,3,0,3,-3
6000000001500929000,Q155581,Václav,3,0,3,-3
6000000004145011187,Q1556539,Gustav Wilhelm lensgreve von Wedel,3,0,3,-3
6000000001409107184,Q156357,Leo / Lev I Danilovich Rurikid,3,0,3,-3
298742409800006343,Q156404,"Rudolf IV. ""the Ingenious"" Habsburg",3,0,3,-3
6000000074749605906,Q1564603,震 元超 蒲州寶鼎,3,0,3,-3
6000000074787972360,Q1564641,餘慶 居業 滎陽開封,3,0,3,-3
6000000078813068353,Q15650626,Agrippina Olegovna,3,0,3,-3
6000000074685788853,Q1567169,孝忠 京兆長安,3,0,3,-3
6000000006101312811,Q156949,Charles de Lorraine,3,0,3,-3
6000000002240775853,Q157084,Karlmann de Bavière,3,0,3,-3
6000000000424683366,Q15730031,Willa,3,0,3,-3
4104893,Q157793,Christian V Oldenburg,3,0,3,-3
6000000016648357339,Q1578995,Nagahisa Kuroda,3,0,3,-3
6000000016505088668,Q15794532,Claudia Franziska Françoise von Nassau-Hadamar,3,0,3,-3
6000000008630614793,Q158025,Aakheperenre Thutmose II,3,0,3,-3
6000000001175575081,Q15837854,Ottar Ottarsson,3,0,3,-3
4129460599360059866,Q15854698,William de Braose,3,0,3,-3
6000000010173153540,Q15869867,Victor-Joseph Alphonse Frederic de-Riquet-de-Caraman-Chimay,3,0,3,-3
6000000002837879009,Q1587694,Hartvig Krummedike til Eriksson Krummedige,3,0,3,-3
6000000021194103424,Q158778,Louis Nicolas d'Avout,3,0,3,-3
6000000038046559861,Q15897363,百祿 子功 成都華陽,3,0,3,-3
6000000023724556349,Q15902305,珣 元琳 琅邪臨沂,3,0,3,-3
6000000075328511887,Q15902511,寬 河南洛陽,3,0,3,-3
6000000074706251821,Q15907871,紀 文憲 弘農華陰,3,0,3,-3
6000000038103238377,Q15912341,旦 子明 大名莘縣,3,0,3,-3
6000000038045959341,Q15912473,祖禹 淳夫 夢得 成都華陽,3,0,3,-3
6000000075345587854,Q15914133,諶 子諒 范陽涿縣,3,0,3,-3
6000000023701482134,Q15915744,洽 敬和 琅邪臨沂,3,0,3,-3
6000000075334086011,Q15919271,濟 字濟 京兆杜陵,3,0,3,-3
6000000037700386149,Q15926068,純仁 堯夫 蘇州吳縣,3,0,3,-3
6000000075344839959,Q15926186,翹 明微 清河武城,3,0,3,-3
6000000063343180879,Q15933785,敏求 次道 趙州平棘,3,0,3,-3
6000000037591073857,Q15936430,雱 元澤 撫州臨川,3,0,3,-3
6000000052113812950,Q15938817,敻 敬遠 京兆杜陵,3,0,3,-3
6000000075482345641,Q15952839,昭 潛夫 濮州范縣,3,0,3,-3
6000000003243447534,Q159862,Erzsébeth of Hungary von Ungarn,3,0,3,-3
6000000075405798374,Q16002593,宗演 世傳 貴溪,3,0,3,-3
6000000075406786954,Q16002605,正常 仲紀 廣信貴溪,3,0,3,-3
6000000000628798005,Q1605895,Henri de Montmorency,3,0,3,-3
6000000009826439264,Q16063781,Gregers Juel,3,0,3,-3
6000000006910675507,Q16064615,Mogens Krag,3,0,3,-3
6000000007571070212,Q16065232,Tage Ottesen,3,0,3,-3
6000000038045643543,Q16075953,沖 元長 成都華陽,3,0,3,-3
6000000037745941540,Q16076358,忠彥 師樸 相州安陽,3,0,3,-3
6000000074382520868,Q16077202,倫 正道 魏州莘縣,3,0,3,-3
6000000036583996670,Q16077282,安國 平甫 撫州臨川,3,0,3,-3
6000000027896915227,Q1610483,Hermann von Schaumburg und Holstein,3,0,3,-3
6000000006444128533,Q16154520,Walter Devereux,3,0,3,-3
6000000001200187654,Q16174021,Bergljot,3,0,3,-3
6000000008518936710,Q161872,Selim,3,0,3,-3
6000000007264355619,Q1621235,João,3,0,3,-3
6000000018809221126,Q16239359,Richard Courtenay,3,0,3,-3
6000000038224101085,Q16259839,昂 舉之 江陵,3,0,3,-3
6000000074787671635,Q16260191,澣 滎陽開封,3,0,3,-3
6000000074718264166,Q16260880,弗 眉州青神,3,0,3,-3
6000000002322291872,Q163102,Henry VII Jordan,3,0,3,-3
6000000002905753291,Q163366,Ezra Weston Loomis Pound,3,0,3,-3
6000000003726476051,Q1634625,Hugh de Cyfeiliog,3,0,3,-3
6000000003645853513,Q1639311,Gaius Julius Sohaemus of Emesa,3,0,3,-3
6000000006789415287,Q164062,Maurice von Nassau,3,0,3,-3
6000000003827731756,Q1643316,Roman Danylovich,3,0,3,-3
6000000015186157763,Q16454952,Teodor Kalenik Tyszkiewicz,3,0,3,-3
6000000006277488555,Q16531682,Beatrice Aleramici,3,0,3,-3
6000000003891739213,Q165349,Frederick Louis Hanover,3,0,3,-3
6000000006727786000,Q1654671,Katharine Wittelsbach,3,0,3,-3
6000000014777322476,Q16563712,D. João Gomes da Silva,3,0,3,-3
6000000001504741179,Q16596336,Karen Clausdatter Sehested,3,0,3,-3
6000000017342443836,Q16637531,Петр Михайлович кн. Голицын,3,0,3,-3
6000000009796535940,Q16650106,Orm Ivarsson,3,0,3,-3
6000000006619121005,Q16702611,Karl Koretsky,3,0,3,-3
6000000001088848284,Q16726143,Tora Torsteinsdatter Galge,3,0,3,-3
6000000003827374118,Q16726163,Gróa Þorsteinsdóttir,3,0,3,-3
6000000010381418281,Q16760635,Charlotte Jane Hickman-Windsor,3,0,3,-3
6000000014409234637,Q16760643,Frances Coutts Coutts,3,0,3,-3
6000000001500929797,Q168254,Rudolf Habsburský Rudolf von Habsburg,3,0,3,-3
6000000003645919781,Q1683480,William de Ferrières,3,0,3,-3
6000000000033298652,Q168363,Ramiro I,3,0,3,-3
6000000002188556282,Q16855964,Heinrich Wettin,3,0,3,-3
6000000006266437054,Q16856519,Peder Reedtz,3,0,3,-3
6000000002006128806,Q16863335,Jeanne des Roches,3,0,3,-3
1354718,Q168691,Vittorio Emanuele Maria Alberto Eugenio Ferdinando Tommaso,3,0,3,-3
6000000001504251270,Q1692295,Hans Adolph von Ahlefeldt,3,0,3,-3
6000000000728894976,Q169329,Conrad I,3,0,3,-3
6000000087331800850,Q1694020,Johann Georg (unehelicher Sohn),3,0,3,-3
6000000001470334293,Q169512,Maria Amalia Christina Franziska Xaveria Flora Walburga von Sachsen,3,0,3,-3
6000000006727823933,Q1696440,Johann V von Hoya,3,0,3,-3
6000000003274543045,Q1696450,Jean VI de Pierrepont,3,0,3,-3
6000000003827158482,Q1697011,Johanna Sibylla von Hanau-Lichtenberg,3,0,3,-3
6000000002122805101,Q170164,Flavia Iulia Helena Augusta,3,0,3,-3
6000000015957292586,Q170182,Maria Anna di Savoia,3,0,3,-3
6000000002188409591,Q170205,"Maria Ludovika Beatrix Habsburg, Österreich-Este",3,0,3,-3
6000000074725961047,Q17026661,居正 剛中 揚州江都,3,0,3,-3
6000000075885599847,Q17026773,雍 子和 白雲 峽州夷陵,3,0,3,-3
6000000002188309480,Q170353,"René ""le Bon"" d'Anjou",3,0,3,-3
6000000003171751091,Q170396,George,3,0,3,-3
6000000003827497756,Q17045096,Katarina Станиславовна Tenchynska,3,0,3,-3
6000000001544606896,Q170470,Edward Plantagenet,3,0,3,-3
6000000010534100463,Q1708000,Joseph Seligmann,3,0,3,-3
6000000001514999918,Q1710390,Juan Cano de Saavedra,3,0,3,-3
6000000000113799252,Q1710698,Juan,3,0,3,-3
6000000002966433370,Q17130822,Joachim Halvorsen,3,0,3,-3
6000000003309985583,Q17130870,Margrethe Knudsdatter Ulfeldt,3,0,3,-3
6000000003395945250,Q17131008,Erik Eriksen Ugerup,3,0,3,-3
6000000006101378871,Q172168,Gaius Galerius Valerius Maximianus Augustus,3,0,3,-3
6000000002187720008,Q172353,Pyrrhus,3,0,3,-3
337578418680004010,Q172471,Flavius Julius Valens,3,0,3,-3
6000000013591617159,Q172502,"Theodore ""the Black"" Rostislavich of Yaroslavl",3,0,3,-3
6000000001827575358,Q17341811,Niels Eriksen Banner,3,0,3,-3
6000000001784203123,Q1736803,宜仁 親王,3,0,3,-3
6000000006426337030,Q174044,Alexander Yaroslavich Nevsky of Novgorod,3,0,3,-3
6000000003004078390,Q17423833,William Patterson,3,0,3,-3
6000000000677983277,Q174256,Ulrika Eleonora Oldenburg,3,0,3,-3
6000000046941506825,Q174452,Alberada of Buonalbergo,3,0,3,-3
6000000001353750518,Q174943,Belisarius,3,0,3,-3
6000000008415722429,Q175714,Demetrios,3,0,3,-3
6000000006727753077,Q17624731,Christian Count Of,3,0,3,-3
6000000031950887029,Q1770552,Jordan,3,0,3,-3
6000000000465943645,Q1771129,R.M. Rangsang Hanyakrakusuma,3,0,3,-3
6000000006327215459,Q1777802,Just Johan Justesen Bing,3,0,3,-3
6000000006101317495,Q177975,Gaius Marius,3,0,3,-3
6000000049859492857,Q1781834,Hidemaro Konoe,3,0,3,-3
6000000006244280859,Q1783345,Iver Tønnesen Huitfeldt,3,0,3,-3
6000000021226583319,Q179307,Anton Egon zu Fürstenberg,3,0,3,-3
6000000000439394181,Q1794630,Ludvig Ludvigsen Munk von Schleswig-Holstein,3,0,3,-3
6000000010741255407,Q179577,Atahualpa,3,0,3,-3
6000000075344178049,Q17991579,秉 博陵安平,3,0,3,-3
6000000075344842855,Q17995553,弁 義和 廣平列人,3,0,3,-3
6000000002236747331,Q1799925,Crínán mac Donnchad,3,0,3,-3
6000000010431571734,Q180263,Ragnhild Eiriksdotter,3,0,3,-3
6000000074699600849,Q18118511,聽 京兆長安,3,0,3,-3
347774029580003520,Q181896,"Sweyn ""Forkbeard"" Haraldsson",3,0,3,-3
298740371650007964,Q1819709,Leopold II of Habsburg,3,0,3,-3
6000000006727849733,Q18201761,Sofie Charlotte Württemberg,3,0,3,-3
6000000002027542201,Q18225820,Helena Korybut,3,0,3,-3
6000000129828881821,Q18233840,羲 幼驎 滎陽開封,3,0,3,-3
6000000055768723417,Q18236201,韶 元伯 隴西狄道,3,0,3,-3
6000000007377482324,Q18244659,Kunigunde,3,0,3,-3
6000000007602193270,Q182914,Al-Hasan Al-Hashemi,3,0,3,-3
6000000015110133775,Q1832646,Charles Philippe,3,0,3,-3
6000000031435485470,Q18413385,Johann Jakob Theodor Schacht,3,0,3,-3
6000000007064961689,Q1848146,Jan de Glymes,3,0,3,-3
6000000009796535956,Q185152,Puyi 愛新覺羅,3,0,3,-3
6000000007980783638,Q18534088,"Georga Wilhelma ""goggi"" Ellertsen",3,0,3,-3
6000000000769955619,Q18534941,Thomas Shepard,3,0,3,-3
6000000002325801401,Q18573690,"Ulv ""Galiciefarer""",3,0,3,-3
6000000019070723051,Q18647630,Leon Henry Benham Amundsen,3,0,3,-3
375783977160004715,Q186581,Jochi Tchingisov son Khan,3,0,3,-3
6000000000894794311,Q187519,Charles,3,0,3,-3
6000000015769470484,Q18759433,William Brattle,3,0,3,-3
6000000017415783004,Q1882596,Adriana van Beieren Schagen,3,0,3,-3
6000000036584427964,Q18905331,安禮 和甫 撫州臨川,3,0,3,-3
6000000075345554084,Q18905794,元輔 子望 范陽涿縣,3,0,3,-3
6000000075329062998,Q18908858,抗 京兆杜陵,3,0,3,-3
6000000001753229160,Q1895715,Maria Benigna Franziska von Sachsen-Lauenburg,3,0,3,-3
6000000017938967515,Q1903767,Pakubuwana II Raden Mas Prabasuyasa (1726-1742) (1745-1749),3,0,3,-3
6000000021593174427,Q191798,Georges Eugène Haussmann,3,0,3,-3
6000000002187572907,Q191940,Petronius Maximus,3,0,3,-3
6000000092625553891,Q1928688,Gerhard,3,0,3,-3
6000000001180336405,Q19302079,Mary unknown,3,0,3,-3
6000000014280951747,Q19302498,William Ball,3,0,3,-3
6000000003615408425,Q19303219,William de Washington,3,0,3,-3
6000000005631429001,Q19303221,William FitzPatric de Wessington,3,0,3,-3
6000000005406862960,Q193198,Olga Rurik,3,0,3,-3
6000000003645734140,Q19375604,Ingeborg Bårdsdotter (Rein),3,0,3,-3
6000000000905031154,Q193901,"Roger II ""the Norman""",3,0,3,-3
6000000021193618514,Q19501884,Louise Aimee Julie Leclerc,3,0,3,-3
6000000007980784172,Q19560813,Ragnvald,3,0,3,-3
6000000003827455359,Q196030,Gerhard V von Jülich,3,0,3,-3
6000000016365837991,Q19606973,Annonciada Karoline Joachime Amelie Antoinette von Hohenzollern-Sigmaringen,3,0,3,-3
6000000006167558755,Q1961056,Augustas Liudvikas,3,0,3,-3
6000000033246294566,Q1961402,Boris Roman Vladimirovich Rurikov,3,0,3,-3
6000000008021005407,Q19628765,Henry II of Werle Mecklenburg,3,0,3,-3
6000000011626756021,Q1963991,Tadayasu Nakayama,3,0,3,-3
6000000003827455469,Q196408,Wilhelm von Jülich,3,0,3,-3
6000000007416227921,Q196527,Wenceslaus Przemyslid,3,0,3,-3
6000000017687259648,Q1976278,Pakubuwana VI Sinuhun Bangun Tapa Raden Mas Sapardan (1823-1830) d 2 Juni 1849,3,0,3,-3
6000000019392392823,Q1978615,BHARATA,3,0,3,-3
6000000006727821721,Q1980579,Siemowit House of Piast,3,0,3,-3
6000000033531452378,Q19872336,George Courtenay,3,0,3,-3
6000000006444125306,Q19896529,John Stewart,3,0,3,-3
6000000007814473860,Q19977201,Jakob Pedersson Törnsköld,3,0,3,-3
6000000018661525227,Q19984684,Beatrice de Bas-Serra,3,0,3,-3
6000000061478736871,Q20031763,Josina Walpurgis zu Löwenstein-Wertheim-Rochefort,3,0,3,-3
6000000004533233742,Q2004845,Edmund,3,0,3,-3
6000000010000623294,Q20107973,Elisabeth Dorothea VON HÖHENLOHE-SCHILLINGSFÜRST,3,0,3,-3
6000000001504573128,Q20108919,Sybille von Waldeck-Wildungen,3,0,3,-3
6000000190357909828,Q2012278,Gusti Bandara Radin Mas Bagus,3,0,3,-3
6000000003645847638,Q201303,Tigranes,3,0,3,-3
6000000002443504788,Q2013847,Chuan,3,0,3,-3
6000000000307262728,Q201575,João 'o Bom' de Avis,3,0,3,-3
6000000012013421034,Q2016270,Luis Guillén de Moncada y de la Cerda,3,0,3,-3
6000000003877055053,Q2016354,Tryggve Olavsson,3,0,3,-3
6000000000498433774,Q2016555,Marie Isabeau d'Evreux,3,0,3,-3
6000000006266756400,Q201905,Flavius Constantius,3,0,3,-3
6000000002188416225,Q202025,Paul Friedrich Wilhelm,3,0,3,-3
6000000000420341047,Q203501,Igor Рюрикович Rurikov,3,0,3,-3
6000000074771066821,Q203782,商隱 義山 懷州河內,3,0,3,-3
6000000000011361541,Q203792,"Robert ""Guiscard""",3,0,3,-3
6000000001744977554,Q203829,Charles I,3,0,3,-3
6000000012580196539,Q204077,操 孟德 沛國譙縣,3,0,3,-3
6000000029557465795,Q2043219,Robert,3,0,3,-3
6000000008155059218,Q2049479,Louis de La Trémoille,3,0,3,-3
6000000003151508258,Q204975,Gaspard de Coligny,3,0,3,-3
6000000006734756087,Q20498980,"Margarete Lothringen-Brabant, Hessen",3,0,3,-3
6000000010120088492,Q2058500,John,3,0,3,-3
5580033191070128781,Q2058767,Emilia van Nassau,3,0,3,-3
3950516705030063754,Q206123,Haraldr Hårfagre,3,0,3,-3
6000000017971763114,Q2068434,Yury Svyatoslavich,3,0,3,-3
6000000007361193254,Q20729907,Miahi,3,0,3,-3
6000000006101234648,Q207363,Perseus,3,0,3,-3
6000000000640385057,Q2074107,Rodrigo Gonzalez Díaz de Vivar y Mendoza,3,0,3,-3
6000000014191698337,Q2075300,Mikolay Kishka,3,0,3,-3
5111879481690102566,Q207953,Elizabeth of York,3,0,3,-3
4647274,Q208082,Robert I,3,0,3,-3
6000000001200091331,Q208331,Olav,3,0,3,-3
6000000001504410208,Q2083797,Amalie Antoinette Karoline Adrienne Hohenzollern,3,0,3,-3
6000000003827409084,Q2084891,Anna von Eppstein-Königstein,3,0,3,-3
6000000014451639910,Q20856065,Lyman Coleman,3,0,3,-3
6000000004827276873,Q2094063,Estrid,3,0,3,-3
6000000017695098287,Q2099707,Pakubuwana III Raden Mas Suryadi (1749-1788),3,0,3,-3
6000000005599082513,Q21004278,Marie Albertine Nassau-Usingen,3,0,3,-3
361885079530012036,Q210162,Ivan II Ivanovich 'the Fair' Rurikov,3,0,3,-3
6000000030281708970,Q21101660,Catherine de Foix,3,0,3,-3
6000000003867000432,Q211673,Maria Annunziata Isabella Filomena Sabasia Bourbon,3,0,3,-3
6000000020134622770,Q21176719,Elinor Fatman,3,0,3,-3
6000000007815238292,Q212852,"Childébert ""the Catholic""",3,0,3,-3
6000000008931187270,Q212876,Flavius Magnus Magnentius .,3,0,3,-3
4611100325630047942,Q213749,Huáscar Yupanqui,3,0,3,-3
6000000003353341197,Q21403008,Zacharias Jonsøn Skancke,3,0,3,-3
6000000178794668840,Q2164896,Elazar XX,3,0,3,-3
6000000001936565416,Q216630,Valdemar IV Atterdag Christoffersen,3,0,3,-3
6000000001783830969,Q217096,Naruhito,3,0,3,-3
6000000006444128360,Q21756120,Henry Fitzalan,3,0,3,-3
6000000006772447054,Q21856889,Ivan Alexeyevich,3,0,3,-3
6000000005587855694,Q220799,Bernhard I Billung,3,0,3,-3
6000000038132412998,Q22098557,紆 公卷 公衮 Zēng 曾,3,0,3,-3
6000000055804687946,Q22099010,徽華 博陵安平,3,0,3,-3
5167068910330085815,Q22115665,Marguerite de Chabot de Charmy,3,0,3,-3
6000000003232541882,Q221367,Richard Plantagenet,3,0,3,-3
6000000012852091278,Q223440,Lucius Junius Brutus,3,0,3,-3
6000000000448593758,Q223646,Ordoño I,3,0,3,-3
6000000007256705532,Q224548,Heinrich von Nassau-Siegen,3,0,3,-3
6000000032837954782,Q2249484,Hamengkubuwana VI Raden Mas Mustojo (1855-1877),3,0,3,-3
6000000001745058525,Q224958,Theoderic,3,0,3,-3
6000000000033381061,Q225113,"Ramiro ""El Grande"" Ordóñez II, Rey de King of León",3,0,3,-3
6000000000632022733,Q225411,Louise de Lorraine-Vaudémont,3,0,3,-3
6000000008538453384,Q2260050,Anna de Glymes,3,0,3,-3
6000000075344753859,Q22774169,維 伯緒 廣平列人,3,0,3,-3
6000000010907252365,Q2280915,Vsevolod Mstislavich,3,0,3,-3
6000000021151304975,Q22813973,灌 玄茂 蘭陵,3,0,3,-3
6000000013503946568,Q2288810,Toda بن فورتون,3,0,3,-3
6000000007386881233,Q228885,Éléonore de Provence,3,0,3,-3
6000000006405101196,Q2289061,Isabelle,3,0,3,-3
6000000017477217096,Q22918440,Antoine de Croÿ,3,0,3,-3
5010318635100119312,Q229214,Elizabeth Woodville,3,0,3,-3
6000000006267771300,Q229307,Athenaïs / Aelia Eudocia Augusta .,3,0,3,-3
6000000000269743509,Q2293930,Sybilla of Normandy,3,0,3,-3
6000000000769993869,Q229407,Adèle de Champagne,3,0,3,-3
6000000001319323403,Q229434,Bona Sforza,3,0,3,-3
6000000024771518915,Q2296099,Bruno,3,0,3,-3
6000000015190225998,Q22968296,Dagobert de Soissons,3,0,3,-3
6000000001323878378,Q229846,Marie,3,0,3,-3
6000000031976192161,Q2302611,Sophia Dorothea Württemberg,3,0,3,-3
6000000031597638162,Q2302768,Sophie Elisabeth Askanier,3,0,3,-3
6000000007443638516,Q2303939,Gideon Welles,3,0,3,-3
6000000005587789441,Q230561,Adelaide de Savoie,3,0,3,-3
6000000006858827010,Q230716,Poppaea,3,0,3,-3
6000000000154158007,Q230889,Margarida de Provença,3,0,3,-3
6000000000307283732,Q2308926,Friederike Amalie Oldenburg,3,0,3,-3
6000000005393550715,Q231453,Marie d'Anjou,3,0,3,-3
6000000000307264552,Q231476,Juana de Navarra,3,0,3,-3
6000000001745028799,Q2315828,Adela,3,0,3,-3
6000000000769996633,Q231794,Jeanne de Bourbon,3,0,3,-3
6000000005792904234,Q231827,Ermengarde de Hesbaye,3,0,3,-3
6000000004004690742,Q231856,Maria Adelaide Habsburg-Lorraine,3,0,3,-3
4195082387770067939,Q232151,Melisende de Rethel,3,0,3,-3
6000000007329537290,Q232155,Augusta Amalia Ludovika Georgia Wittelsbach,3,0,3,-3
6000000009925812468,Q232380,Julia Soaemis Bassinia,3,0,3,-3
6000000017538392891,Q2324513,KGPAA Mangkoenagara VIII Raden Mas Sarosa Natasoeparta (1944-1987) BRM. Hamijoyo Saroso,3,0,3,-3
6000000007233026152,Q232981,Aelia Eudoxia Augusta,3,0,3,-3
6000000032281185294,Q2330098,SINUHUN PAKU BUWANA X Raden Mas Malikul Kusno (1893-1939),3,0,3,-3
4414082,Q233181,Anna Maria Luisa de Medici,3,0,3,-3
6000000007281143548,Q233196,María Isabel Isabella de Borbón,3,0,3,-3
6000000000698197888,Q233277,Katarina Jagellonica,3,0,3,-3
6000000001368783406,Q233319,Maria Eleonora Hohenzollern,3,0,3,-3
6000000015180408057,Q2336486,Charles Alexandre de Croÿ,3,0,3,-3
6000000010601749689,Q233806,Marguerite Guggenheim,3,0,3,-3
6000000003146970504,Q233809,"Isabella 11, Yolande de Brienne",3,0,3,-3
6000000003492387166,Q2338181,María Manuela Enriqueta,3,0,3,-3
6000000001319413078,Q233989,Anna Jagiellon,3,0,3,-3
6000000000125308523,Q234219,Beatrice,3,0,3,-3
6000000002214625732,Q234246,Mathilde,3,0,3,-3
6000000003715297906,Q234410,Hildegard,3,0,3,-3
6000000033241829107,Q2349206,Aleksander Кориатович Gediminids,3,0,3,-3
6000000002187828532,Q2350272,Mstislav Vladimirovich,3,0,3,-3
6000000006608873747,Q2351420,Samuel Koretsky,3,0,3,-3
6000000000008770128,Q2351549,Henri 'le Damoiseau' de Bourgogne,3,0,3,-3
6000000003827497006,Q2355368,Elisabeth von Nassau-Dillenburg,3,0,3,-3
364546674660002455,Q235591,Izabella Jagiellon,3,0,3,-3
6000000001210412419,Q235603,Aelia Flavia Flaccilla Augusta Φλάβια,3,0,3,-3
6000000033244662476,Q2357762,Iziaslav Vladimirovich of Polotsk,3,0,3,-3
6000000003894537061,Q235828,Anna Sophie Oldenburg,3,0,3,-3
6000000106209223841,Q2362056,Charles,3,0,3,-3
6000000005965926452,Q2364602,Arthur,3,0,3,-3
6000000117154331902,Q23646434,Conway,3,0,3,-3
6000000007836998334,Q23655968,"Jacques de Croy, Seigneur de Sempy, Thou-sur-Marne, St. Prat, Fontaine-l'Eveque, & l'Ecluse",3,0,3,-3
6000000001935232668,Q237018,Constanza de Castilla y León,3,0,3,-3
6000000003365758789,Q237358,Maria Teresa Braganza,3,0,3,-3
6000000001065785453,Q238334,Blanche of Lancaster,3,0,3,-3
6000000002717891583,Q238352,Bertha,3,0,3,-3
6000000012773760294,Q239448,Pompeia Plotina Claudia Phoebe Piso,3,0,3,-3
6000000001504296014,Q23981164,Henning Walkendorff,3,0,3,-3
6000000006727753092,Q24009746,Juliane Oldenburg-Delmenhorst,3,0,3,-3
6000000002188434142,Q240291,Marie Vittoria Carlotta Enrichette Cisterna,3,0,3,-3
6000000001500992616,Q240604,Maria,3,0,3,-3
6000000003420839126,Q241143,Julia Caesaris Minor,3,0,3,-3
6000000006128279611,Q241196,"Wilhelmine Ernestine Danmark og Norge, Oldenburg",3,0,3,-3
6000000006103074116,Q2414281,Christian Gyldenløve,3,0,3,-3
6000000000498986237,Q241627,Alix de Thouars,3,0,3,-3
6000000017687023141,Q2417617,Sampeyandalem Hingkang Sinuhun Kanjeng Susuhunan Paku Buwana IX Senapati Ing Ngalaga Abdulrachman Sayidin Panata Gama Kalifatullah RM Duksino,3,0,3,-3
6000000002187857781,Q24198464,Pippin,3,0,3,-3
6000000000307249200,Q242178,Henrietta Alexandrine Friederike Wilhelmine von Nassau-Weilburg,3,0,3,-3
6000000000307282168,Q2423476,Frederica Louise Wilhelmina Nassau,3,0,3,-3
4077582,Q242598,Blanche av Namur,3,0,3,-3
6000000006103447029,Q242670,Ealhswith,3,0,3,-3
6000000026412703156,Q2430565,"Hamengkubuwana III Raden Mas Surojo (1810-1811, 1812-1814)",3,0,3,-3
6000000005913016304,Q243118,Chilperic I de Soissons,3,0,3,-3
6000000002364207870,Q243453,Charibert,3,0,3,-3
6000000002080654919,Q2441684,Odo,3,0,3,-3
6000000000671822547,Q244852,Gediminas Пукуверович,3,0,3,-3
6000000179389495866,Q244852,Giedymin - Gediminas Пукуверовичъ,3,0,3,-3
6000000002187837432,Q24563390,Anna Vsevelodovna Gorodenska,3,0,3,-3
6000000002187837468,Q24563641,Marfrid Yurevna Turowskaja,3,0,3,-3
6000000002116009555,Q245833,Mary Wortley Montagu,3,0,3,-3
6000000010907174822,Q2465089,Verhuslava Всеволодовна,3,0,3,-3
6000000000424836704,Q2465095,Marie de Coucy,3,0,3,-3
6000000006727845981,Q24662809,Anna Amalie Amalia von Nassau-Weilburg,3,0,3,-3
6000000006727764283,Q24662813,Margarethe Welf,3,0,3,-3
6000000006727749723,Q24662869,Sibylle Elisabeth von Braunschweig-Lüneburg,3,0,3,-3
6000000004259810431,Q246812,Sweyn II Jelling,3,0,3,-3
4274386,Q247223,Filippus av Sverige Halstensson,3,0,3,-3
6000000074703858389,Q24832476,宰 子翊 建昌南豐,3,0,3,-3
6000000075345782844,Q24833325,昌衡 范陽涿縣,3,0,3,-3
6000000183849482844,Q24883799,Manderup,3,0,3,-3
6000000075367471879,Q24886798,檜 季華 河東解縣,3,0,3,-3
6000000011253445371,Q249029,Francis I Griffens,3,0,3,-3
6000000007548029494,Q2490612,Johan Gertsson,3,0,3,-3
6000000001753229015,Q249112,Franz Erdmann Askanier,3,0,3,-3
6000000003645859280,Q2495012,Isias Philostorgos,3,0,3,-3
362156517910013935,Q2498455,Bryachislav Izyaslavich of Polotsk,3,0,3,-3
5096010198730109069,Q2499376,Oliba Cabreta I de Cerdanya,3,0,3,-3
6000000011766711029,Q2502278,Rogvolod Vasilko Rogvolodovich Rurikid,3,0,3,-3
6000000001184495389,Q2509252,"Hamengkubuwana II / GRM Sundoro (1792-1810, 1811-1812, 1826-1828)",3,0,3,-3
6000000001504537306,Q251445,Peder Christiernsen Skram,3,0,3,-3
6000000003219753382,Q2519681,Elizabeth de Burgh,3,0,3,-3
6000000008568510486,Q252024,Simon,3,0,3,-3
6000000003645683278,Q2520347,Tryggve Olafsson,3,0,3,-3
6000000004396663427,Q2520950,Pavel Pavlovich Demidov,3,0,3,-3
4932522491620040585,Q2527781,Willa de Provence,3,0,3,-3
6000000003926468474,Q2528310,Anders Sunesen,3,0,3,-3
6000000000295751963,Q253830,Leonor Urraca 'la Ricahembra' Trastámara,3,0,3,-3
6000000001199952528,Q2543933,Åsta Gudbrandsdatter,3,0,3,-3
6000000003658827153,Q2545243,Richard Woodville,3,0,3,-3
6000000001930960606,Q2548323,Eleanor de Bohun,3,0,3,-3
6000000006368488471,Q25486836,Count Christopher II,3,0,3,-3
6000000006727863935,Q25487244,Georg Sayn,3,0,3,-3
6000000006727757068,Q25487354,Heinrich Wilhelm von Solms-Sonnewalde-Pouch,3,0,3,-3
6000000014219277239,Q25487370,Otto (Count) Solms,3,0,3,-3
6000000003827158488,Q25487395,Willem VI zu Wied-Runkel,3,0,3,-3
6000000001834222588,Q25519114,Beata Margareta Brahe,3,0,3,-3
6000000012734207553,Q255410,Claudia Antonia,3,0,3,-3
6000000016438465555,Q255635,Juana Maria Ignazia Teresa de Cabarras,3,0,3,-3
6000000000307282489,Q255759,Friederike Sophia Dorothea Hohenzolleren,3,0,3,-3
6000000006413365318,Q2559464,Margaret of Brotherton,3,0,3,-3
6000000003957707174,Q2564998,Makonnen,3,0,3,-3
6000000002176641710,Q256580,Giovanni Battista Gastone de'Medici,3,0,3,-3
6000000002304345688,Q257036,Hugues X 'le Brun' de Lusignan,3,0,3,-3
6000000011835630616,Q2577157,Tautvilas,3,0,3,-3
6000000002799052530,Q2579089,William Henry Roane,3,0,3,-3
6000000006727863185,Q258917,Anna von Schweidnitz Svídnická,3,0,3,-3
6000000002188453700,Q2589734,George Maximilianovich Максимилианович Романовский,3,0,3,-3
6000000000387716957,Q259077,Katherine de Roet,3,0,3,-3
6000000003645985234,Q259114,"Olaf ""Cuarán"" Sithricsson",3,0,3,-3
6000000015195050065,Q2592397,Marfisa d'Este,3,0,3,-3
6000000002188425932,Q259244,Maria Amalia Xaveria Theresia Josepha Anna Nepomucena Aloysia Johanna Vincentia Ignatia Dominica Franziska de Paula Franziska de Chantal of Saxony,3,0,3,-3
6000000003827474729,Q2592813,Volrad I von Waldeck,3,0,3,-3
6000000002265514179,Q2595342,Guaimar III,3,0,3,-3
6000000001867425629,Q259551,Itta De Nivelles,3,0,3,-3
6000000002154538433,Q259627,Audovère,3,0,3,-3
6000000021260899247,Q259628,長懋 雲喬 南蘭陵,3,0,3,-3
4280380717420045206,Q259902,Hermine von Anhalt-Bernburg-Hoym,3,0,3,-3
6000000003515021714,Q2607440,Stanislaus,3,0,3,-3
6000000014925718454,Q2607489,Voytek,3,0,3,-3
6000000041298129918,Q2607489,Albertas Jonaitis Manvydas,3,0,3,-3
6000000000307246591,Q261381,Henriette Alexandrine Frédérique Wilhelmine Nassau-Weilburg,3,0,3,-3
6000000002188289133,Q261441,Publius Mucius Scaevola,3,0,3,-3
6000000003524262535,Q2614790,"Pawel ""Never-old"" Ivanovičius",3,0,3,-3
6000000000351107631,Q261876,Charlotte von Hessen-Kassel,3,0,3,-3
6000000037018773822,Q2619001,Stefan Николаевич of Vilnius,3,0,3,-3
6000000090936564822,Q2621664,Narimantas,3,0,3,-3
6000000006906614514,Q2621845,Viacheslav Владимирович,3,0,3,-3
4103327,Q262204,Agnes of Brandenburg,3,0,3,-3
6000000002187805665,Q2622264,Oleg Svyatoslavich,3,0,3,-3
6000000014191812496,Q262257,Stanislaus,3,0,3,-3
5234818062140033220,Q262305,Margrethe Ingesdotter Fredkulla,3,0,3,-3
6000000000672141254,Q2624015,Eudokia Euphrosyne Дмитриевна Dmitriyevna,3,0,3,-3
6000000184632134843,Q2625711,Vseslav Izyaslavich,3,0,3,-3
6000000006444493750,Q2626231,Bonne de Bourbon,3,0,3,-3
6000000003827464857,Q26271863,"Emich XIII, Graf von Leiningen-Dagsburg-Falkenburg-Heidesheim",3,0,3,-3
6000000015100832514,Q2631018,Ercole Gonzaga,3,0,3,-3
6000000080879890850,Q2632610,Владимир ??? Глебович,3,0,3,-3
6000000003726141100,Q263266,Beatrix de Vermandois,3,0,3,-3
381621170380013321,Q26327134,Christoph Westerburg von Leiningen,3,0,3,-3
6000000009131431905,Q2635644,Mihail III Borisovich,3,0,3,-3
6000000002188420572,Q2646254,Alfred Franz Camill Karl August,3,0,3,-3
6000000094081804109,Q26484,Jakub Teodor,3,0,3,-3
4264157822390053599,Q2651990,"Ivan ""the Young"" Ivanovich Rurikids Dynasty",3,0,3,-3
6000000006727753685,Q265243,Louise Juliana d'Orange-Nassau,3,0,3,-3
6000000002304359012,Q265467,Erzsébet of the Kumans,3,0,3,-3
6000000017687672892,Q2656038,Albrecht van Beieren-Schagen,3,0,3,-3
6000000009688464215,Q266160,Ermesinde de Namur,3,0,3,-3
6000000002712759294,Q266265,Eliška Zhořelecká,3,0,3,-3
347868854190012671,Q266495,Oluf Hunger Svendsøn,3,0,3,-3
6000000005789572102,Q266591,Salome Alexandra Alexandra bat Shatach,3,0,3,-3
6000000000672147196,Q2668881,Anna Sudimont,3,0,3,-3
6000000014072052345,Q2669826,Janos,3,0,3,-3
6000000004181888244,Q267295,Sancie de Provence,3,0,3,-3
6000000017018423132,Q2675363,Jean,3,0,3,-3
6000000000883254898,Q268652,Catherine de Bourbon,3,0,3,-3
6000000008684393074,Q26868798,Günther III,3,0,3,-3
6000000035997984457,Q26869704,Adalberto II,3,0,3,-3
6000000001504846036,Q2688918,Jørgen Jakobsen Vind,3,0,3,-3
6000000001544493632,Q269315,Beatrix of Este,3,0,3,-3
6000000025662790013,Q26958634,Sophie Dorothea von Solms-Sonnenwalde,3,0,3,-3
6000000001438311487,Q270169,"Elisabeth Dorothea Wettin, Ernestiner",3,0,3,-3
6000000002188424395,Q270516,Maria Maximilianovna Beauharnais,3,0,3,-3
6000000016323783309,Q27073954,Georg Ludwig von Kirchberg,3,0,3,-3
4290940757320037066,Q2709348,Eugenia Maximilianovna Максимилиановна de Beauharnais,3,0,3,-3
6000000003827464432,Q2709490,Helena,3,0,3,-3
6000000024431403155,Q2711048,Sigismondo I,3,0,3,-3
6000000021869825236,Q27128417,Mathilde von Baden-Durlach,3,0,3,-3
367972467880002240,Q271506,"Felicia ""Busilla"" of Sicily de Hauteville",3,0,3,-3
6000000009128592019,Q271520,Elisabeth of Pilica,3,0,3,-3
6000000003122453687,Q271563,Mencia,3,0,3,-3
6000000028869212486,Q271833,Françoise d'Amboise,3,0,3,-3
6000000006444597314,Q271914,Margarethe Wittelsbach,3,0,3,-3
6000000005517038003,Q272233,Æþelræd,3,0,3,-3
6000000001500929388,Q272413,Agnes von Habsburg,3,0,3,-3
6000000002043263223,Q272498,Brian Bóruma mac Cennétig,3,0,3,-3
6000000002187821018,Q272620,Euphrosyne Dukaina Doukaina Kamatera,3,0,3,-3
6000000003934435346,Q272682,Amalia Elisabeth Hanau,3,0,3,-3
6000000002188429882,Q273013,Anna Maria Josephine Plochl,3,0,3,-3
6000000001397662703,Q274316,"Sophia ""Sonka"" Андреевна Olshanski",3,0,3,-3
6000000010534171734,Q2743673,Edwin Robert Anderson Seligman,3,0,3,-3
6000000107531452922,Q27454822,Karl Bernhard Prince Of Baden,3,0,3,-3
6000000004459670018,Q274886,Elizaveta Alexandrovna Александровна Baroness Stroganova,3,0,3,-3
6000000002187826932,Q275106,Yuri Vladimirovich Dolgorukiy Rurikov,3,0,3,-3
6000000002187834676,Q275408,Henry VI,3,0,3,-3
6000000002188461598,Q276000,Maria Rosa Teresa Aloisia Vercellana,3,0,3,-3
6000000012645281432,Q276035,Virginia Elisabetta Luisa Carlotta Antonietta Teresa Maria,3,0,3,-3
6000000006101317580,Q276309,Sextus Varius Marcellus,3,0,3,-3
6000000003466405795,Q277577,Thomas,3,0,3,-3
6000000000134496318,Q277612,Aymer d'Angoulême,3,0,3,-3
6000000000151474536,Q278130,Thomas Howard,3,0,3,-3
6000000025294398093,Q27907153,Jim Neo CHUA,3,0,3,-3
6000000006127668543,Q2797080,Anna von Schlesien-Glogau Anna głogowska,3,0,3,-3
6000000005599082530,Q279873,William Henry,3,0,3,-3
6000000000410540855,Q28048950,Olof Hansson Törne,3,0,3,-3
6000000001744902183,Q281245,Frederick,3,0,3,-3
6000000007626293686,Q2827019,Agnès de Baudément,3,0,3,-3
6000000081525358497,Q2828011,Aimery Marie Médéric de Goyon,3,0,3,-3
6000000012644990971,Q2833506,Alexandre Louis-Ernest,3,0,3,-3
4876709487680081308,Q283561,Alfonso V 'el Noble',3,0,3,-3
376470570180012891,Q2840790,Keratsa-Maria Shishman,3,0,3,-3
6000000001612365083,Q2841402,Amaury I de Craon,3,0,3,-3
6000000011536127870,Q2845614,Anatole,3,0,3,-3
6000000000768959047,Q28468,Mieszko II Lambert Piast,3,0,3,-3
6000000003005136400,Q286802,Émilie Louise Marie Françoise Joséphine Pellapra,3,0,3,-3
6000000003645672596,Q28717826,Andres Simonson,3,0,3,-3
6000000003645707458,Q28717952,Simon Skålp,3,0,3,-3
6000000012489268023,Q28718180,Sigurd Haftorsson Havtoresson,3,0,3,-3
6000000001713382569,Q287467,Isobel de Bruce,3,0,3,-3
6000000012743369722,Q287503,Mechtild von Schauenburg-Holstein,3,0,3,-3
6000000001526567662,Q287581,Eufemia von Güntersdotter,3,0,3,-3
6000000004835005844,Q28759702,Otto Diderik,3,0,3,-3
6000000002842343845,Q28899,Pangeran Hardjo Diponegoro I,3,0,3,-3
6000000037591515207,Q2898768,令 逢原 揚州廣陵,3,0,3,-3
6000000056598051022,Q2899749,Bertrand Pierre Anatole de Montesquiou-Fézensac,3,0,3,-3
6000000023530173949,Q29033222,Charlotte Nassau-Saarbrücken,3,0,3,-3
6000000000656886819,Q291372,Almodis de La Marche,3,0,3,-3
6000000025939821481,Q29321045,Leopold Philipp Karl zu Salm,3,0,3,-3
6000000002188193498,Q293599,Al-Abbas Al-Hashemi,3,0,3,-3
6000000002187750545,Q29441559,Urraca (Abda) La Vascona Sánchez de Navarra,3,0,3,-3
6000000009268414227,Q294651,John Stuart,3,0,3,-3
6000000022218755007,Q2958231,Charles Marie Michel de Goyon,3,0,3,-3
6000000002274534030,Q295824,"Peter ""the Just"" of Portugal",3,0,3,-3
6000000006277450232,Q2958307,Charles-René Comte de Bombelles,3,0,3,-3
6000000016906677548,Q2960606,Charles de la Rochefoucauld,3,0,3,-3
6000000022144287483,Q2965731,Christian Henri Marie de Villeneuve Escaplon,3,0,3,-3
6000000008248174600,Q296652,Sancho Garcés III 'el Mayor',3,0,3,-3
361886414530007915,Q297102,"Simeon ""The Proud"" Ivanovich",3,0,3,-3
6000000001397740992,Q2975528,"Janos I ""The Older""",3,0,3,-3
6000000003511432486,Q297657,Alexander,3,0,3,-3
6000000027088268114,Q2980554,Clémence Richard,3,0,3,-3
6000000004009856786,Q298298,Géza von Ungarn,3,0,3,-3
6000000010878581412,Q29864902,Juan Francisco Alonso,3,0,3,-3
6000000002955189736,Q29880672,Simon Koschland,3,0,3,-3
6000000002187978983,Q29881,Magnus Haraldsson,3,0,3,-3
6000000010762236917,Q2991218,Pawel Jan Sapieha,3,0,3,-3
6000000033241928940,Q2991423,Fyodor Koriatovich Gediminids,3,0,3,-3
6000000006727821981,Q2992106,Karigaila Vasili Casimir Gediminds,3,0,3,-3
6000000011428720918,Q2992126,Dmitry Mikhaylovich,3,0,3,-3
6000000003519064815,Q2995191,Jan Piotr Sapiega,3,0,3,-3
6000000152473149833,Q30019076,Racin Hansen,3,0,3,-3
6000000152473356821,Q30019081,Sigrid Øgreid,3,0,3,-3
6000000006444784333,Q3007367,Henry Stanley,3,0,3,-3
6000000027707549916,Q30103434,Michael Wornum,3,0,3,-3
6000000030802351910,Q301804,Shigeru Takeuchi,3,0,3,-3
6000000008318845707,Q3025544,Juan,3,0,3,-3
6000000011589719180,Q3026430,Ingeborg Åkesdotter Tott,3,0,3,-3
6000000002947577496,Q30301558,Heinrich I Berg,3,0,3,-3
6000000007044315335,Q30315691,Bernard Pelet,3,0,3,-3
6000000003495414198,Q304409,"Leopold II ""der Schöne""",3,0,3,-3
6000000006101354469,Q3047004,Éschive d'Ibelin,3,0,3,-3
6000000019274398871,Q3049525,William charles Bonaparte-Wyse,3,0,3,-3
6000000004089110065,Q3056490,Erich ap Aldrien,3,0,3,-3
385935664970005621,Q30594,Constantine IX,3,0,3,-3
6000000012644882994,Q3059754,Eugene Alexandre-Louis,3,0,3,-3
6000000012977282998,Q30610932,紀芬 湖南湘鄉,3,0,3,-3
6000000012619983302,Q3072642,尚嗣,3,0,3,-3
6000000006445253277,Q3072694,Fiodor Андреевич Sanguszko,3,0,3,-3
6000000177730326833,Q3073071,Iehisa,3,0,3,-3
6000000177729654860,Q3073329,Uchisaki,3,0,3,-3
6000000001504387635,Q3078144,Sophia von Brandenburg,3,0,3,-3
6000000007415617631,Q3085007,François Philippe Joseph de Riquet de Caraman,3,0,3,-3
6000000003827181657,Q3086590,Françoise* Rose Rose Somis,3,0,3,-3
6000000074712833977,Q30942074,惇 河東解縣,3,0,3,-3
6000000038027570848,Q30947356,公綽 仲裕 壽州,3,0,3,-3
347131736630013162,Q309922,Chlothar,3,0,3,-3
6000000002154486567,Q309946,Siegbert I King Of,3,0,3,-3
6000000002267701247,Q310092,Simon de Montfort,3,0,3,-3
6000000000843049128,Q310334,Antoine,3,0,3,-3
6000000000345666785,Q310433,Karl Knutsson,3,0,3,-3
6000000007922641252,Q310440,Carlomán,3,0,3,-3
6000000001200208116,Q3108524,Sigurd Halfdansson Halvdansson,3,0,3,-3
6000000002043186310,Q3111071,Gormflaith ingen Murchada O'Faelain,3,0,3,-3
6000000000768917054,Q311351,Béla Арпад,3,0,3,-3
6000000031528348931,Q311482,Malik-Shah I,3,0,3,-3
2434772,Q31191805,Georg Wolfgang Wilhelm von Sayn-Wittgenstein-Berleburg,3,0,3,-3
6000000016454413652,Q31191847,Philipp Reinhard II zu Solms-Hohensolms,3,0,3,-3
6000000010997828848,Q31192731,Johann Ludwig,3,0,3,-3
6000000003086434645,Q3120286,William de Bohun,3,0,3,-3
6000000015775576073,Q3122215,Claude de Montfort,3,0,3,-3
6000000008154875083,Q3122216,Nicolas Guy de Montfort,3,0,3,-3
6000000002447405896,Q3122219,Guy X de Laval,3,0,3,-3
6000000005858685119,Q3122244,Guy,3,0,3,-3
6000000003876051113,Q312381,Henry Stewart,3,0,3,-3
6000000003645825338,Q3125245,Hákon 'the Imperious' Pálsson,3,0,3,-3
4294404046250042543,Q312594,"Uilliam ""The Lion"" mac Eanric",3,0,3,-3
6000000002855667029,Q3128682,Håvard Thorfinsson,3,0,3,-3
6000000005566692200,Q312904,"Fulk V ""le Jeune"" of Anjou",3,0,3,-3
6000000006727869435,Q312938,Ottokar,3,0,3,-3
6000000001066179151,Q313017,Guillaume,3,0,3,-3
6000000013350109352,Q3130477,Sigurd Opprørskonge,3,0,3,-3
6000000002837385756,Q313052,Pharnaces,3,0,3,-3
6000000002187712437,Q313115,Tiberius Claudius Caesar Britannicus,3,0,3,-3
6000000012580289955,Q313333,丕 子桓 沛國譙縣,3,0,3,-3
6000000000490564196,Q313373,Pepin,3,0,3,-3
6000000001500933025,Q313429,Otton Habsburg,3,0,3,-3
6000000030414085027,Q3135344,Masahiro,3,0,3,-3
6000000024594900319,Q313548,Absalon Assersson,3,0,3,-3
6000000011626837071,Q313806,Tomohito,3,0,3,-3
6000000001045422816,Q3138817,Hlöðvir Þorfinnsson,3,0,3,-3
6000000011627012029,Q313942,Takaharu Go-Daigo-tenno,3,0,3,-3
6000000001750900591,Q314464,秀忠,3,0,3,-3
5102404071680114676,Q314978,Ali Zayn al-Abidin Al-Husayni,3,0,3,-3
6000000003098272663,Q3150954,Ingomer,3,0,3,-3
6000000000559573962,Q315297,"Roger I ""Bosso""",3,0,3,-3
6000000012593557727,Q315717,稔彦,3,0,3,-3
6000000008039089685,Q3160040,James,3,0,3,-3
6000000011627248393,Q316658,尊成,3,0,3,-3
5271489662630023717,Q316768,Fernando,3,0,3,-3
6000000004316193251,Q316869,Theuderic,3,0,3,-3
347216548970004818,Q316874,Dagobert II,3,0,3,-3
6000000005023230047,Q316892,Sigebert III,3,0,3,-3
6000000003827675756,Q3172651,Jean de Montmorency,3,0,3,-3
6000000009432092256,Q317457,Causantín mac Cináeda,3,0,3,-3
6000000015734200511,Q3174898,Jean de Crequy,3,0,3,-3
4033341615700026163,Q317499,George Oldenburg,3,0,3,-3
6000000006727764663,Q317621,Albrecht VII Schwarzburg,3,0,3,-3
6000000011626980739,Q317984,雅仁,3,0,3,-3
6000000010970244214,Q318258,Sancho VI 'o Sabio' de Navarra,3,0,3,-3
6000000012609755337,Q3182670,John Wolcott Phelps,3,0,3,-3
6000000001747149420,Q3182695,John Washington,3,0,3,-3
6000000003646057142,Q3183663,Robert Stewart,3,0,3,-3
6000000007387787491,Q3185849,Joseph Innocent Emanuel of Lorraine,3,0,3,-3
6000000012136439392,Q319107,Alexander Jannaeus,3,0,3,-3
6000000012716425632,Q319273,Gaius Asinius Pollio Asinius,3,0,3,-3
6000000001669640632,Q319713,"Leopold V ""the Virtuous""",3,0,3,-3
6000000177730268825,Q3198720,Motosaki,3,0,3,-3
6000000049955166896,Q3198724,Tadafusa,3,0,3,-3
6000000177729753859,Q3198728,Tsunehiro,3,0,3,-3
6000000006368761208,Q31988222,Christoph I von Fürstenberg,3,0,3,-3
6000000003219796737,Q319954,"""Léopold"" Joseph Charles HAUTE-LORRAINE (de)",3,0,3,-3
6000000007249133129,Q321492,Johan Maurits 'der Brasilianer',3,0,3,-3
6000000015615551652,Q3216960,Lancelot,3,0,3,-3
6000000022542786818,Q3220009,Guillaume Lazare Lejeans,3,0,3,-3
6000000003827151607,Q322357,Philipp von Nassau-Weilburg,3,0,3,-3
6000000006727781989,Q322566,Philipp Nassau,3,0,3,-3
6000000001201793305,Q322852,Willem VI van Gulik en Berg,3,0,3,-3
363886034950010574,Q3228728,Leszek,3,0,3,-3
6000000009706010482,Q323102,Siegfried I Duke of Anhalt-Zerbst,3,0,3,-3
6000000006727781962,Q323539,"George ""the Old"" von Nassau-Dillenburg",3,0,3,-3
6000000074699460894,Q3237572,晟 良器 京兆長安,3,0,3,-3
6000000075402173841,Q3237588,益 君虞 鄭州管城,3,0,3,-3
6000000001196707179,Q324116,"Otto ""the Illustrious"" von Sachsen",3,0,3,-3
6000000013155027604,Q324792,Friedrich Ludwig,3,0,3,-3
6000000007507277222,Q325268,Julius Siegmund Württemberg,3,0,3,-3
6000000006788848667,Q325649,Lodewijk van Nassau-Beverweerd,3,0,3,-3
6000000013440472927,Q325908,Johann Weikhard,3,0,3,-3
6000000046633975914,Q3262765,Louis Murat,3,0,3,-3
6000000012408650408,Q3263852,Louise de Brézé,3,0,3,-3
6000000022455737227,Q3271719,Léonor Chabot,3,0,3,-3
6000000023701355682,Q3274914,導 茂弘 琅邪臨沂,3,0,3,-3
4285001,Q3277222,Magnus Birgersson,3,0,3,-3
6000000003520880869,Q3277519,Teodor Olgerdovich,3,0,3,-3
6000000021398690277,Q3284679,Eléonore Isabelle Malvina de Schickler,3,0,3,-3
6000000007416435202,Q3290878,Maria Anna Wilhelmina von Baden-Baden,3,0,3,-3
6000000012646050867,Q3291732,Marie Clotilde Elisabeth Louise de-Riquet-de-Caraman-Chimay,3,0,3,-3
6000000006101404704,Q3292106,Laetitia Marie Letitia Wyse-Bonaparte,3,0,3,-3
6000000017936281962,Q329213,"Elisabeth Brabant-Lothringen, Hessen",3,0,3,-3
6000000021193964090,Q3292594,Marie Jean Pierre Hubert de Cambacérès,3,0,3,-3
6000000001842551175,Q3292912,Marie de La Tour d'Auvergne,3,0,3,-3
6000000011627224453,Q329753,敦仁,3,0,3,-3
6000000011626857554,Q329765,紹仁,3,0,3,-3
288390320120001964,Q3301,"Charles ""Martel""",3,0,3,-3
6000000005018793425,Q3308736,Michel Aloys Ney d'Elchingen,3,0,3,-3
6000000012920399929,Q33125609,Paolo,3,0,3,-3
6000000012134577337,Q3313682,Михаил Михайлович младший,3,0,3,-3
6000000000351128438,Q331755,Sverre,3,0,3,-3
4611082057000036828,Q332049,Manco Cápac II,3,0,3,-3
6000000000351094637,Q332704,John de Brienne,3,0,3,-3
6000000001631230740,Q3335911,Napoléon Hector,3,0,3,-3
6000000013792899321,Q3335928,Napoléon Berthier,3,0,3,-3
6000000004045821353,Q333609,Alfonso I 'el Católico',3,0,3,-3
6000000005125576001,Q334711,Gómez,3,0,3,-3
6000000002322339947,Q334861,Abu ʿAmir Muhammad ben Abi ʿAmir al-Maʿafirí المنصور بالله,3,0,3,-3
6000000003243483198,Q3355204,"Astrid,Princess Of Sweden Ingrid Olofsdatter",3,0,3,-3
6000000012116876542,Q3356793,Jens Ovesen Bjelke,3,0,3,-3
6000000003526640224,Q33619,Jan Stanislaus Sapieha,3,0,3,-3
6000000009134844515,Q3365036,Joachim,3,0,3,-3
6000000002187712807,Q336538,Gnaeus Pompeius Strabo,3,0,3,-3
6000000007453919267,Q336816,Tizocic,3,0,3,-3
6000000000153309431,Q336823,"Peter IV ""the Ceremonious"" of Aragon",3,0,3,-3
6000000010760989642,Q337012,Abdul-Uzza Al-Hashemi,3,0,3,-3
6000000051998022952,Q3372452,Paul Antoine Jean Charles,3,0,3,-3
6000000003516975909,Q3375282,Peregrine White,3,0,3,-3
6000000015292449558,Q33772,Fu 子美 京兆杜陵,3,0,3,-3
6000000007499295271,Q3381004,"Philipp Ernst Schleswig-Holstein, Oldenburg",3,0,3,-3
6000000011105363714,Q3384254,Pèire,3,0,3,-3
6000000003858556727,Q3385506,Pierre II de Grailly,3,0,3,-3
6000000000632008496,Q338985,Conan IV de Penthièvre,3,0,3,-3
6000000001504523737,Q3391532,Anne Ditlevsdatter Holck,3,0,3,-3
6000000031920464342,Q3419311,Raoul dit l'Etendard,3,0,3,-3
6000000018544001001,Q3421006,Raymond Lindon,3,0,3,-3
3783707,Q3430792,Margareta,3,0,3,-3
6000000000351128377,Q343084,Håkon Sverreson Sverresson,3,0,3,-3
4075734,Q343101,Magnus «the Blind»,3,0,3,-3
6000000001600060051,Q34417,Philip II,3,0,3,-3
6000000003827359851,Q3442368,Marie-Rose Claire des Vergers de Sannois,3,0,3,-3
6000000014243478250,Q3445730,Vibeke Fasmer,3,0,3,-3
6000000000187551651,Q345687,Baldwin,3,0,3,-3
6000000000424810067,Q346934,Robert I 'le Vieux' von Burgundy,3,0,3,-3
6000000091255500821,Q347440,Adalbert I,3,0,3,-3
6000000002466110291,Q347441,Adalbert,3,0,3,-3
6000000005597728020,Q347480,Adalbert II,3,0,3,-3
6000000002188409096,Q348626,Adam Adalbert von Neipperg,3,0,3,-3
6000000013814439097,Q3490848,Dirk van Beieren-Schagen,3,0,3,-3
6000000014980952296,Q3492460,Mikolay Pius kasztelan Wileński,3,0,3,-3
6000000011627106008,Q349296,敦良,3,0,3,-3
6000000011626627991,Q349452,勝仁,3,0,3,-3
6000000011626574081,Q349467,知仁,3,0,3,-3
6000000001336929154,Q350246,Ptolemy Philadelphus Φιλάδελφος,3,0,3,-3
6000000012062852380,Q35043186,Hancock Lee,3,0,3,-3
6000000033246815864,Q3504664,Gleb (Roman) Vladimirovich Rurikov,3,0,3,-3
6000000003773161311,Q3505301,Ibrahim Al-Hashemi,3,0,3,-3
6000000008354115092,Q3510900,Hellicha of Wittelsbach,3,0,3,-3
6000000002447118571,Q351610,Mathieu Il 'Le Grand' de Montmorency,3,0,3,-3
6000000007453510955,Q351758,Ahuitzotl,3,0,3,-3
6000000006101404690,Q3525682,Thomas Wyse,3,0,3,-3
6000000003244369507,Q354389,Raymond III de Toulouse,3,0,3,-3
6000000003645870241,Q354997,Theodosius,3,0,3,-3
6000000001184040598,Q3567571,Eaba,3,0,3,-3
6000000011627264565,Q357269,為仁,3,0,3,-3
3937484325120075383,Q357435,Sverker the Elder,3,0,3,-3
6000000003646057893,Q358863,Henry FitzRoy,3,0,3,-3
6000000022542896992,Q3592167,Etienne François Clary,3,0,3,-3
4103199,Q359601,Erik VI,3,0,3,-3
6000000001119785651,Q360112,Boleslaw I Przemyslid,3,0,3,-3
6000000005874387003,Q360116,Bořivoj,3,0,3,-3
6000000001045511503,Q3610393,Alessandro,3,0,3,-3
6000000004344340266,Q3611713,Alice de Lacy,3,0,3,-3
6000000082865405998,Q3613824,Ambrogio,3,0,3,-3
6000000000727845797,Q3617647,Anna Adelheid Furstenberg,3,0,3,-3
6000000007279420595,Q36234,Carlos Sebastián,3,0,3,-3
6000000003346840239,Q36242,Robert,3,0,3,-3
6000000004043097252,Q364517,Henri de Blois,3,0,3,-3
6000000011810672214,Q3646938,Andrzej Sapieha h. Lis,3,0,3,-3
6000000014102859493,Q3647204,Pawel Stefan koniuszy Litewski,3,0,3,-3
6000000007025559649,Q364751,Niels Rex,3,0,3,-3
6000000016346763382,Q3651442,Camillo Francesco Giovanni Battista Melchiorre Borghese,3,0,3,-3
6000000009553485659,Q365148,Marcus Aemilius Scaurus,3,0,3,-3
6000000004032037913,Q3655969,Anders Engelbertsson Bure,3,0,3,-3
6000000003827561325,Q366036,Manuel I Megas Komnenos,3,0,3,-3
6000000007213037296,Q369159,昭 子姓,3,0,3,-3
6000000006906738203,Q37069,Alexios Angelos,3,0,3,-3
361089507860011643,Q37070,John V Palaiologos,3,0,3,-3
6000000000467485268,Q37072,Ionnes lll,3,0,3,-3
6000000003484293288,Q37082,Theodore Doukas Laskaris,3,0,3,-3
6000000001501010534,Q37086,Theodoros Laskaris,3,0,3,-3
6000000000670279300,Q37097,Manuel II,3,0,3,-3
6000000014761557537,Q371390,Konrád III Ota,3,0,3,-3
6000000009965401953,Q37142,Constantine XI Dragases Palaiologos,3,0,3,-3
5130352716880129212,Q372579,Frederick II Celjski,3,0,3,-3
6000000011627264219,Q374075,邦治,3,0,3,-3
6000000001230037346,Q3742602,Erik Johansson,3,0,3,-3
6000000007416616514,Q374354,Auguste Elisabeth Marie Luise Krautter,3,0,3,-3
6000000000752137451,Q374385,Balian,3,0,3,-3
6000000000709541555,Q375309,Inge Stenkilsson,3,0,3,-3
6000000031948876151,Q375881,Mauger,3,0,3,-3
6000000003827587039,Q3769175,Judith d'Évreux,3,0,3,-3
6000000007357544377,Q3769762,Giulio Rasponi,3,0,3,-3
6000000006444128225,Q377029,Edward Stanley,3,0,3,-3
6000000012580469095,Q378470,叡 元仲 沛國譙縣,3,0,3,-3
6000000016697537425,Q378492,"Xun Boyan, 字:伯言 吳郡吳縣",3,0,3,-3
6000000006413316096,Q3785021,Henry de Percy,3,0,3,-3
6000000023701596086,Q378564,羲之 逸少 琅邪臨沂,3,0,3,-3
4104264,Q378868,Francesco II Sforza,3,0,3,-3
6000000001783879627,Q37979,Akihito,3,0,3,-3
6000000001045541417,Q3802278,Isabella Maria,3,0,3,-3
6000000003858776885,Q380373,Mikhail Yaroslavich,3,0,3,-3
6000000016149385010,Q3803992,Francesco,3,0,3,-3
6000000002188386621,Q3805820,Jacobo Luis Rafael Francisco Pablo,3,0,3,-3
6000000011627118319,Q380623,成仁,3,0,3,-3
6000000001416347026,Q380862,Aemilia Tertia,3,0,3,-3
4876729152710013892,Q381250,"Sancho ""Abarca""",3,0,3,-3
6000000054872253964,Q381373,Andrey Михайлович,3,0,3,-3
6000000003938311687,Q381600,Samuel Smith,3,0,3,-3
6000000002325797042,Q381734,Johan Nordahl Brun,3,0,3,-3
6000000016689085145,Q3818137,康 季寧 吳郡吳縣,3,0,3,-3
6000000005598851643,Q382119,"Thibaud ""the Good"" de Blois",3,0,3,-3
6000000007442241030,Q38370,Henry Tudor,3,0,3,-3
6000000000796840789,Q3846848,Margaret de Braose,3,0,3,-3
6000000000796900261,Q3846893,Margaret Wake,3,0,3,-3
6000000006444102633,Q3850462,Mary FitzAlan,3,0,3,-3
6000000004868944808,Q3850494,Mary Paget,3,0,3,-3
6000000002318533609,Q3852373,Maud de Chaworth,3,0,3,-3
6000000006351229162,Q3852424,Maurice FitzGerald,3,0,3,-3
6000000020774614661,Q3906134,Placido,3,0,3,-3
6000000016749648966,Q3918139,Mikołaj,3,0,3,-3
6000000014959360257,Q3918243,Aleksandras Bagdonas Sapiega h. Lapinas,3,0,3,-3
6000000038240419844,Q3918275,Kristupas Steponas Sapiega h. Lapinas,3,0,3,-3
6000000035267303923,Q3918632,Samuel Николаевич Pats,3,0,3,-3
6000000006714135223,Q3918634,Bogdan Pawłowicz Sapieha,3,0,3,-3
6000000014980235615,Q3919012,Jan Naruszewicz h. Wadwicz,3,0,3,-3
6000000016750168294,Q3919028,Kristupas,3,0,3,-3
6000000039300856830,Q3920114,Andrey Stanislaus Sapiega,3,0,3,-3
6000000014194182184,Q3920483,Simeon Olelkovich of Kiev,3,0,3,-3
6000000016552277174,Q392632,Agenor Maria,3,0,3,-3
5262115733400120592,Q3930103,Ranieri di Campello della Spina,3,0,3,-3
6000000014192355573,Q39382955,Svyatoslav Titovich,3,0,3,-3
6000000017936587101,Q394580,Agnes Magdalene Askanier,3,0,3,-3
6000000003645989988,Q3946551,Gaius Julius Sampsigeramus of Emesa,3,0,3,-3
6000000003934431344,Q394812,Agnes Solms,3,0,3,-3
6000000037849449391,Q3980763,Tancredi,3,0,3,-3
6000000141039096184,Q4009481,Venceslao,3,0,3,-3
6000000000196938133,Q4013809,Yolande Palaeologina,3,0,3,-3
4363156600820022016,Q4060938,Alexander Narimuntovich Gediminid,3,0,3,-3
6000000017767541956,Q4060960,Aleksandr Fedorovich,3,0,3,-3
6000000035704592178,Q4065796,Andriejus Gerdenaitis iš Polocko Riurikų,3,0,3,-3
6000000006101381875,Q4065832,Andrey Ivanovich,3,0,3,-3
6000000016143642011,Q406789,Iotapa,3,0,3,-3
6000000003995207267,Q40746,Johann Sigismund Žygimantas Hohenzollern,3,0,3,-3
6000000002465038702,Q40930,Nefertiti,3,0,3,-3
6000000009132462454,Q4093742,Boris Alexandrovich,3,0,3,-3
6000000008873296631,Q4104449,"Василий Семенович ""Тулуп"" князь Стародубский",3,0,3,-3
6000000012570820989,Q4121055,Tsuneo,3,0,3,-3
4913735229900074272,Q4139580,Gleb Святославич Rurikov,3,0,3,-3
6000000011453613180,Q4141552,Vasily Vasilyevich,3,0,3,-3
6000000010762703186,Q4141557,Boris Alexeyevich Golicyn,3,0,3,-3
6000000011429610327,Q4141576,Mikhail Andreyevich,3,0,3,-3
6000000014553144722,Q4141581,Pyotr Alekseyevich,3,0,3,-3
6000000006101404847,Q4154014,Salome Davidovna Давидовна Dadiani,3,0,3,-3
385953397470012188,Q41608,Constantine,3,0,3,-3
6000000003466164629,Q41625,Nikephoros,3,0,3,-3
385914949520010150,Q41657,Romanos III,3,0,3,-3
6000000002187821274,Q41660,Constantine Doukas,3,0,3,-3
6000000002434151612,Q41663,Constantine,3,0,3,-3
6000000001468423386,Q4168947,Aleksandra Dymitrowna Drucka,3,0,3,-3
6000000181022874840,Q4173062,Eupraxia of Polotsk,3,0,3,-3
6000000000541946448,Q4177569,Euphrosinia Andreyevna Khovanskaya,3,0,3,-3
6000000002434111282,Q41833,Basilus II,3,0,3,-3
6000000003645853347,Q41866,Flavius Petrus Sabbatius Justinianus Augustus,3,0,3,-3
6000000002188140552,Q4197825,Ida von Elsdorf,3,0,3,-3
6000000014258770592,Q4201169,Siti Hartinah,3,0,3,-3
6000000024887752081,Q42401707,Blanche Pierce,3,0,3,-3
6000000003572009441,Q4267871,Katherine Tudor,3,0,3,-3
6000000002187868931,Q4270981,Alexander Stewart,3,0,3,-3
6000000017687692040,Q4273436,Pakubuwana V Sunan Sugih Raden Mas Sugandi (1820-1823),3,0,3,-3
6000000002462627020,Q427525,Robert,3,0,3,-3
6000000010935947869,Q428154,Ingvar Yaroslavich Rurikid,3,0,3,-3
6000000008876848597,Q4297166,Mikhail Андреевич,3,0,3,-3
6000000012251886278,Q431200,Richard Stoddert Ewell,3,0,3,-3
6000000008053283182,Q432467,Hugues de Lusignan,3,0,3,-3
6000000008708724282,Q432774,François,3,0,3,-3
6000000012645776373,Q43288811,Francesco,3,0,3,-3
6000000002435383373,Q433161,Margaret Douglas,3,0,3,-3
4343895890810065320,Q433395,Anna Maria Franziska von Sachsen Lauenburg,3,0,3,-3
6000000001544542384,Q434485,Isabel Castilla y León,3,0,3,-3
6000000003455862721,Q434728,Hedwig,3,0,3,-3
6000000001598971185,Q437303,Leopold von Babenberg,3,0,3,-3
6000000030413810065,Q437518,Ieharu,3,0,3,-3
6000000001669615869,Q438469,Ingrid Ragnvaldsdatter Rögnvaldsdóttir,3,0,3,-3
4924875649300067216,Q43899851,Filippo Lante Montefeltro Della Rovere,3,0,3,-3
6000000037890471938,Q4391229,布 子宣 建昌南豐,3,0,3,-3
6000000012996575818,Q439138,García I 'el de las Manos Blancas',3,0,3,-3
6000000006727853760,Q440126,Margareta Elizabeth zu Leiningen-Westerburg,3,0,3,-3
6000000011626573108,Q440454,胤仁,3,0,3,-3
4322595,Q4406288,Ivar Axelsson Thott,3,0,3,-3
6000000003801656372,Q441785,Rikissa Birgersdotter,3,0,3,-3
6000000006727839205,Q44191403,Johann II von Diepholz,3,0,3,-3
4169309791820025850,Q44191455,Eberhard I,3,0,3,-3
6000000006368595424,Q44191741,Albrecht von Fürstenberg,3,0,3,-3
6000000005598803186,Q442252,"Elisabeth Sofie Von Brandenburg und Preußen Hohenzollern Herzogin zu Kurland, Markgräfin zu Brandenburg-Bayreuth, Herzo",3,0,3,-3
6000000006167478809,Q4423819,Euzebiusz Tomasz Słowacki h. Leliwa,3,0,3,-3
6000000016324001111,Q442947,Johann Ludwig Graf von Nassau-Sarrebrücken-Ottweiler,3,0,3,-3
6000000008248326187,Q443037,Nantéchilde,3,0,3,-3
6000000006444125910,Q4444793,Thomas Stanley,3,0,3,-3
6000000011958407032,Q4464149,Sofia Sergeïevna Troubetzkoy,3,0,3,-3
6000000013005079391,Q447076,Synadene,3,0,3,-3
6000000006444422502,Q447535,Louis III d'Anjou,3,0,3,-3
6000000008737141487,Q448018,Hiro,3,0,3,-3
6000000004269942955,Q44819,Soeharto,3,0,3,-3
6000000000350921883,Q449008,"Jean V ""le Vaillant"" de Montfort",3,0,3,-3
6000000069421068825,Q449387,Urbano Pio Rattazzi,3,0,3,-3
6000000013290186278,Q4493881,Fiodor Patrikeyevich Gedeminne,3,0,3,-3
6000000011627411247,Q449540,懐仁,3,0,3,-3
6000000002719833027,Q449884,Isabel Marshal,3,0,3,-3
6000000000090846094,Q450181,Joseph Fesch,3,0,3,-3
6000000002122939880,Q450702,Flavius Julius Constantius,3,0,3,-3
6000000001500886022,Q450811,Katharina von Habsburg,3,0,3,-3
4957925890120125479,Q451377,Otto,3,0,3,-3
6000000008115021475,Q452010,Andronikos II Megas,3,0,3,-3
6000000004254760366,Q452284,Lucia Migliaccio,3,0,3,-3
6000000001951628857,Q452506,Sten Gustavsson,3,0,3,-3
6000000003828261173,Q452712,Antonia Tryphaena,3,0,3,-3
6000000002134783203,Q453167,Ingoberga,3,0,3,-3
5234730292680079851,Q453251,Horatio Alger,3,0,3,-3
6000000002006130483,Q453283,Amauri ‘Le Viell’ de Landas,3,0,3,-3
6000000002442771476,Q453346,Amauri de Montfort,3,0,3,-3
6000000006874552685,Q4534882,Yury Patrikeyevich Гедиминовичи,3,0,3,-3
6000000006444496621,Q453529,Louis II d'Anjou,3,0,3,-3
6000000074684638251,Q45354734,知儉 公廙 鄭州管城,3,0,3,-3
6000000046926641863,Q45354856,述古 閬州閬中,3,0,3,-3
6000000074472384002,Q45355507,昷之 景山 揚州廣陵,3,0,3,-3
6000000074473069020,Q45355528,宇 泰定 常州晉陵,3,0,3,-3
6000000064849086856,Q45356220,子儀 中存 河南洛陽,3,0,3,-3
6000000038103653012,Q45356399,綜 仲文 開封雍邱,3,0,3,-3
6000000038106822133,Q45356410,宗道 持正 開封雍邱,3,0,3,-3
6000000075062925037,Q45357433,宏 彥恢 宣州宣城,3,0,3,-3
6000000039008520803,Q45358169,希道 景純 壽州,3,0,3,-3
6000000074370304274,Q45358186,廣問 仁甫 河南新安,3,0,3,-3
6000000038027199751,Q45358193,公弼 寶臣 壽州,3,0,3,-3
6000000038027775997,Q45358203,弸中 仁武 壽州,3,0,3,-3
6000000074370479244,Q45358207,忱中 偉信 婺州武義,3,0,3,-3
6000000038027655458,Q45358233,用中 敦智 婺州金華,3,0,3,-3
6000000038224047276,Q45358282,亮 叔明 廬州合肥,3,0,3,-3
6000000039003545941,Q45358653,耆 國老 梓州銅山,3,0,3,-3
6000000038980523416,Q45359065,抗 子直 應天宋城,3,0,3,-3
6000000074382342878,Q45359416,靖 詹叔 魏州莘縣,3,0,3,-3
6000000074704891966,Q45359441,珏 德全 湖州烏程,3,0,3,-3
6000000038103401147,Q45359676,素 仲儀 大名莘縣,3,0,3,-3
6000000038176832513,Q45359819,說 巖夫 河南洛陽,3,0,3,-3
6000000063342884868,Q45360322,思恭 子禮 潭州衡山,3,0,3,-3
6000000074312148864,Q45360460,子與 點仲 濟州鉅野,3,0,3,-3
6000000074684820978,Q45360521,知和 德時 開封,3,0,3,-3
6000000074684940291,Q45360637,濬 治之 眉州眉山,3,0,3,-3
6000000074684638665,Q45360660,敦書 通叟 眉州眉山,3,0,3,-3
6000000074685504242,Q45360794,茂宗 元一,3,0,3,-3
6000000075416828823,Q45361061,述 傅道 傳道 江陵,3,0,3,-3
6000000074691542050,Q45361080,世德 彥武 青州益都,3,0,3,-3
6000000074354785827,Q45361235,宗厚 敦夫 開封府,3,0,3,-3
6000000038131534105,Q45361355,元衡 平叔 潭州長沙,3,0,3,-3
6000000074701265986,Q45361910,安正 中行 江寧溧陽,3,0,3,-3
6000000074700947308,Q45361929,嶠 仲高 湖州歸安,3,0,3,-3
6000000039000612264,Q45362274,從古 幾道 鄭州管城,3,0,3,-3
6000000038200156505,Q45362292,融 仲川 曹州濟陰,3,0,3,-3
6000000074703564052,Q45362415,峴 叔子 常州宜興,3,0,3,-3
6000000038068824837,Q45362419,序 仲先 眉州眉山,3,0,3,-3
6000000038068827870,Q45362424,渙 文甫 眉州眉山,3,0,3,-3
6000000063343305886,Q45362498,慶曾 丞甫 趙州平棘,3,0,3,-3
6000000074704039192,Q45362660,欽 承辟 宋州宋城,3,0,3,-3
6000000074704427946,Q45362674,拯 仲仁 宋州宋城,3,0,3,-3
6000000051566049821,Q45362678,蕃 晉如 應天宋城,3,0,3,-3
6000000038979970424,Q45362684,奕 如誨 應天宋城,3,0,3,-3
6000000074704569843,Q45362700,天經 元愷 宋州宋城,3,0,3,-3
6000000042925785576,Q45362800,崇 希元 蘇州常熟,3,0,3,-3
6000000038132443254,Q45362831,炎 南仲 湖州德清,3,0,3,-3
6000000074352953025,Q45362837,欽卨 寬伯 濮州鄄城,3,0,3,-3
6000000038103633821,Q45362961,祐 景叔 大名莘縣,3,0,3,-3
6000000074705383855,Q45362969,回 深父 深父(甫) 深甫 潁州汝陰,3,0,3,-3
6000000036584237464,Q45362986,觀之 撫州臨川,3,0,3,-3
6000000074331553244,Q45363022,覃 開封東明,3,0,3,-3
6000000042925936920,Q45363073,叔介 端直 宣州宣城,3,0,3,-3
6000000039008247492,Q45363490,彥昌 得之 鄆州須城,3,0,3,-3
6000000074300156253,Q45363708,棣州商河,3,0,3,-3
6000000074718192870,Q45363739,蘇州常熟,3,0,3,-3
6000000074698440419,Q45363800,開封,3,0,3,-3
6000000074685390857,Q45363816,河南洛陽,3,0,3,-3
6000000038103076416,Q45363823,大名莘縣,3,0,3,-3
6000000074692071847,Q45363949,嚴州桐廬,3,0,3,-3
6000000047504707899,Q45363950,復 信州上饒,3,0,3,-3
6000000049629524856,Q45363954,湖州烏程,3,0,3,-3
6000000074702613979,Q45364015,閬州南部,3,0,3,-3
6000000074718068248,Q45364023,閏之 季章 眉州青神,3,0,3,-3
6000000074718094226,Q45364030,開封,3,0,3,-3
6000000074718975832,Q45364035,河南洛陽,3,0,3,-3
6000000038980923906,Q45364057,宋州虞城,3,0,3,-3
6000000074704288153,Q45364082,德耀 淑明 建昌南豐,3,0,3,-3
6000000074698458434,Q45364109,開封,3,0,3,-3
6000000074724657506,Q45364311,平江崑山,3,0,3,-3
6000000074711688934,Q45364482,南劍州將樂,3,0,3,-3
6000000074725314053,Q45364634,謝,3,0,3,-3
6000000074717577037,Q45364871,杭州錢塘,3,0,3,-3
6000000074725517947,Q45364907,楚州山陽,3,0,3,-3
6000000074704175091,Q45365214,天球 粹夫 宋州宋城,3,0,3,-3
6000000037870412063,Q45365351,仲衍 子長 開德清豐,3,0,3,-3
6000000074310095105,Q45365357,宗恪 世恭 濟州鉅野,3,0,3,-3
6000000042925786645,Q45366034,耆年 壽翁 蘇州常熟,3,0,3,-3
6000000038131907786,Q45366037,纁 元禮 鎮江丹徒,3,0,3,-3
6000000042926214004,Q45366105,季敏 子文 平江崑山,3,0,3,-3
6000000042926253835,Q45366111,闐 致虛 秀州嘉興,3,0,3,-3
6000000074300074893,Q45366180,宗愨 世良 世長 澶州清豐,3,0,3,-3
6000000074685682944,Q45366216,宏 巨卿 青州益都,3,0,3,-3
6000000063342740951,Q45366255,雍 公肅 開封襄邑,3,0,3,-3
6000000075059692927,Q45367403,濤 幾道 泰州海陵,3,0,3,-3
6000000038046299496,Q45369521,漼 叔源 成都華陽,3,0,3,-3
6000000074690340083,Q45372433,圭 信卿 開封,3,0,3,-3
6000000042926084308,Q45373411,沂 與叔 平江崑山,3,0,3,-3
6000000074703762379,Q45373498,昕 景叔 宋州宋城,3,0,3,-3
6000000074691955933,Q45377495,玨 越州山陰,3,0,3,-3
6000000037889074236,Q45377968,仲詢 芻民 濟州任城,3,0,3,-3
6000000037888702674,Q45377977,端中 元升 濟州鉅野,3,0,3,-3
6000000074299923985,Q45378051,公諤 澶州清豐,3,0,3,-3
6000000074473323857,Q45378390,宧 養正 常州武進,3,0,3,-3
6000000074735915149,Q45378654,奭 叔保 吉州廬陵,3,0,3,-3
6000000074736662904,Q45378656,履 坦夫 吉州廬陵,3,0,3,-3
6000000074684649195,Q45379338,知雄 守柔 鄭州管城,3,0,3,-3
6000000075061469906,Q45379353,造 公甫 鄭州管城,3,0,3,-3
6000000075061439930,Q45379354,恬 叔易 鄭州管城,3,0,3,-3
6000000075061404020,Q45379577,漢卿 師黯 京兆長安,3,0,3,-3
6000000074685192139,Q45382132,行父 幼安 杭州錢塘,3,0,3,-3
6000000074354815830,Q45384197,瑨 君表 開封雍邱,3,0,3,-3
6000000074354582910,Q45384232,黯 少汲 開封雍邱,3,0,3,-3
6000000037591478488,Q45386597,諮 周朋 杭州錢塘,3,0,3,-3
6000000074458732085,Q45387439,公援 伯劭 明州鄞縣,3,0,3,-3
6000000002187837454,Q4538782,Jaroslaw Yurevich Pinski,3,0,3,-3
6000000074704182824,Q45389175,紹恭 彥安 越州山陰,3,0,3,-3
6000000074703618306,Q45389176,駒 廄父 越州山陰,3,0,3,-3
6000000037603605908,Q45390717,愨 德榖 常州武進,3,0,3,-3
6000000037603178579,Q45391360,适 仲南 眉州眉山,3,0,3,-3
6000000074703140513,Q45391524,位 眉州眉山,3,0,3,-3
6000000074726144828,Q45393521,寶臣 揚州江都,3,0,3,-3
6000000074704047872,Q45398589,昭遠 顯叔 鄭州管城,3,0,3,-3
6000000006594579046,Q453989,Jean II,3,0,3,-3
6000000074704544970,Q45400340,浩 德充 泉州晉江,3,0,3,-3
6000000074703906389,Q45400353,覺 道濟 建昌南豐,3,0,3,-3
6000000036584541946,Q45401557,安仁 常甫 撫州臨川,3,0,3,-3
6000000075344447855,Q45402156,襄 逾中 襄州穀城,3,0,3,-3
6000000075344239936,Q45402159,不伐 次德 襄州穀城,3,0,3,-3
6000000074703221234,Q45414139,友龍 伯夔 金華,3,0,3,-3
6000000075326830922,Q45417802,齊聃 將道 東海郯縣,3,0,3,-3
6000000074690544325,Q45418025,琬 東玉 青州益都,3,0,3,-3
6000000075328531149,Q45418993,陟 殷卿 京兆杜陵,3,0,3,-3
6000000075329243838,Q45419000,A 京兆杜陵,3,0,3,-3
6000000075337493358,Q45419285,執一 太初 弘農華陰,3,0,3,-3
6000000075345267844,Q45419674,仁惠 河南洛陽,3,0,3,-3
6000000074748150121,Q45419713,惠兒 晉昌冥安,3,0,3,-3
6000000075345143017,Q45419813,休烈 河南洛陽,3,0,3,-3
6000000075345517827,Q45419828,知微 辯機 京兆高陵,3,0,3,-3
6000000075344705284,Q45419830,大猷 徽本 京兆高陵,3,0,3,-3
6000000075345646253,Q45420107,踐猷 陳郡長平,3,0,3,-3
6000000074735377257,Q45420116,集 秦州清水,3,0,3,-3
6000000075328623992,Q45420728,鈞 季和 京兆長安,3,0,3,-3
6000000075398411532,Q45421094,暠 隴西狄道,3,0,3,-3
6000000075398452605,Q45421102,復 隴西狄道,3,0,3,-3
6000000075398754053,Q45421200,河南洛陽,3,0,3,-3
6000000075343580349,Q45421239,倰 德長 深州安平,3,0,3,-3
6000000075398908902,Q45421336,太原,3,0,3,-3
6000000075398459399,Q45421586,琅邪臨沂,3,0,3,-3
6000000075399286827,Q45421610,允南 去惑 琅邪臨沂,3,0,3,-3
6000000075399156942,Q45421616,幼輿 琅邪臨沂,3,0,3,-3
6000000075398311523,Q45421617,允藏 季寧 琅邪臨沂,3,0,3,-3
6000000021121514279,Q45421751,嘉泰 河東解縣,3,0,3,-3
6000000074716169177,Q45421914,陲 平仲 清河武城,3,0,3,-3
6000000074716917975,Q45421919,邠 處仁 清河武城,3,0,3,-3
6000000075060845895,Q45422037,孟犨 公悅 隴西狄道,3,0,3,-3
6000000075401671111,Q45422100,揆 端卿 鄭州管城,3,0,3,-3
6000000057628015909,Q45422204,稹 道安 河東聞喜,3,0,3,-3
6000000075346566896,Q45422221,和娘 佛婢 河東解縣,3,0,3,-3
6000000075345672338,Q45422231,某 河東解縣,3,0,3,-3
6000000075060987839,Q45422558,紓 仲舒 隴西狄道,3,0,3,-3
6000000074690867256,Q45429087,婺州武義,3,0,3,-3
6000000075419847914,Q45429705,王,3,0,3,-3
6000000075345442975,Q45438093,軺 子致 范陽,3,0,3,-3
6000000075398333170,Q45439827,徵 公辟 南蘭陵,3,0,3,-3
6000000074733264872,Q45442857,濛 蘭陵,3,0,3,-3
6000000074734853076,Q45443998,仲舒 益之 隴西狄道,3,0,3,-3
6000000075344469877,Q45447080,逢 玄成 河南,3,0,3,-3
6000000075345730907,Q45447330,輻 子固 范陽,3,0,3,-3
6000000075345894823,Q45447707,溥 子光 范陽,3,0,3,-3
6000000074699560848,Q45448080,縞 縞,3,0,3,-3
6000000075345755874,Q45452098,士鞏 從真 范陽,3,0,3,-3
6000000075345862871,Q45454319,衢 子重 范陽,3,0,3,-3
6000000075344444874,Q45457955,遂 通玄 京兆萬年,3,0,3,-3
6000000075060214024,Q45459286,扢 藻文 京兆萬年,3,0,3,-3
6000000075060847155,Q45460742,懷 囗 隴西狄道,3,0,3,-3
6000000074767624929,Q45463711,洪 洪 隴西狄道,3,0,3,-3
6000000075061143840,Q45466332,紹仁 壽之 隴西狄道,3,0,3,-3
6000000075398886875,Q45467022,存 成性 南蘭陵,3,0,3,-3
6000000074735454835,Q45469083,荊 某 隴西狄道,3,0,3,-3
6000000075345838835,Q45470731,朓 月旦 河南,3,0,3,-3
6000000075345855846,Q45470794,涗 范陽,3,0,3,-3
6000000075344726247,Q45470859,有鄰 慕貞 范陽涿縣,3,0,3,-3
6000000075345755879,Q45470988,談 德宗 范陽,3,0,3,-3
6000000075403621894,Q45471617,瑀 子圭 河南洛陽,3,0,3,-3
6000000075329163822,Q45475851,渢 士溫 京兆杜陵,3,0,3,-3
6000000074716157165,Q45477002,敏 清河東武城,3,0,3,-3
6000000074788604935,Q45477193,河南,3,0,3,-3
6000000074750221928,Q45480719,銛 太原,3,0,3,-3
6000000075344762821,Q45484495,藏之 含光 博陵安平,3,0,3,-3
6000000075344611925,Q45484686,混之 博陵安平,3,0,3,-3
6000000075061427901,Q45485462,位 某 隴西狄道,3,0,3,-3
6000000074735282246,Q45485970,隼 子鷙 京兆富平,3,0,3,-3
6000000075346098144,Q45486987,婉 河東解縣,3,0,3,-3
6000000074712904947,Q45487113,初 河東解縣,3,0,3,-3
6000000075398164704,Q45487301,國貞 南華 隴西狄道,3,0,3,-3
6000000074716225111,Q45490811,悅 季姜 清河武城,3,0,3,-3
6000000075344792827,Q45490873,無固 通理 博陵安平,3,0,3,-3
6000000075398752950,Q45492721,諼 諼 河南府,3,0,3,-3
6000000075398553104,Q45492784,均 河南府,3,0,3,-3
6000000075344329068,Q45493806,無競 從讓 博陵安平,3,0,3,-3
6000000074759806904,Q45493938,瑱 元璡 京兆杜陵,3,0,3,-3
6000000074759462136,Q45494001,俊 英彥 萬年,3,0,3,-3
6000000074759219311,Q45494065,孝忠 寡悔 京兆杜陵,3,0,3,-3
6000000075377218829,Q45495997,漵 長津 河東聞喜,3,0,3,-3
6000000075377129845,Q45496060,涗 德源 河東聞喜,3,0,3,-3
6000000075061618821,Q45498566,季卿 隴西狄道,3,0,3,-3
6000000074759762083,Q45499608,衡 河南府,3,0,3,-3
6000000075345902849,Q45500252,正容 休昭 范陽涿縣,3,0,3,-3
6000000075345961862,Q45500379,竦 范陽涿縣,3,0,3,-3
6000000075345387023,Q45500507,暠 范陽涿縣,3,0,3,-3
6000000074730317902,Q45501397,諤 匪躬,3,0,3,-3
6000000074750469219,Q45501922,寡尤 隴西狄道,3,0,3,-3
6000000074739409840,Q45503148,苕 季茂 河南府,3,0,3,-3
6000000146710998838,Q45503664,蘋 佛力 河南洛陽,3,0,3,-3
6000000075402001071,Q45503725,慶復 茂孫 京兆萬年,3,0,3,-3
6000000074733195873,Q45507596,符 瑞文 蘭陵,3,0,3,-3
6000000075060709145,Q45514891,齊運 隴西狄道,3,0,3,-3
6000000013300915679,Q455255,Sophia Jagiellon,3,0,3,-3
6000000074733343060,Q45531548,軫 季心 襄州襄陽,3,0,3,-3
6000000075344183084,Q45597650,成甫 博陵安平,3,0,3,-3
6000000000350860914,Q456122,Alexandre François Marie de Beauharnais,3,0,3,-3
6000000075338012884,Q45636791,琰 弘農華陰,3,0,3,-3
6000000074788668855,Q45638889,琪 滎陽開封,3,0,3,-3
6000000074733231871,Q45642878,處仁 正已 蘭陵,3,0,3,-3
6000000075344997830,Q45645036,徵 囗囗 清河武城,3,0,3,-3
6000000074759486146,Q45658747,博 京兆府,3,0,3,-3
6000000074750424910,Q45680004,幼賢 幼賢 太原,3,0,3,-3
6000000089214237833,Q456902,Gian Maria,3,0,3,-3
6000000003149167218,Q4571610,Jørgen Iversen Friis,3,0,3,-3
4117958212810071793,Q4572524,Frederik Eriksen Baron,3,0,3,-3
6000000002188416745,Q458060,"Pauline Ida Marie Olga Henriette Katherine Wettin, Ernestiner",3,0,3,-3
6000000007337261308,Q458104,"Albrecht ""der Reiche"" von Habsburg",3,0,3,-3
6000000014947755017,Q4585669,Johan Christian Tandberg Castberg,3,0,3,-3
6000000002188456327,Q458975,Maria Anna Chartoryska,3,0,3,-3
6000000006444711394,Q459412,Charlotte De La Tremouille de La Trémoille,3,0,3,-3
6000000006797256803,Q459423,Charlotte Brabantine van Nassau,3,0,3,-3
6000000003219740910,Q461227,Katherine of York,3,0,3,-3
6000000003783323322,Q46219,Yuri Mikołaj Tyszkiewicz,3,0,3,-3
6000000002142070034,Q462997,Robert,3,0,3,-3
6000000002188307463,Q464162,Matilde di Canossa,3,0,3,-3
6000000018961506580,Q464647,Friedrich III Hohenzollern,3,0,3,-3
6000000000531580778,Q464908,Hugh,3,0,3,-3
6000000010494736119,Q465178,Ferdinando Maria,3,0,3,-3
6000000002447185479,Q465187,Geoffrey I de Rennes,3,0,3,-3
5020588832990036045,Q465426,Elisabeth de Misnie,3,0,3,-3
6000000004532537004,Q466252,Marguerite Dampierre,3,0,3,-3
6000000016072127364,Q466684,"Christian Eberhard ""der Friedsame"" Cirksena",3,0,3,-3
6000000013413827258,Q4667741,Raden Mas Abikoesno Tjokrosoejoso,3,0,3,-3
6000000003232561048,Q467503,Lucienne de Rochefort,3,0,3,-3
6000000000930944231,Q46768,Marcus Aurelius Valerius Maximianus Herculius,3,0,3,-3
6000000057634441178,Q468709,稹 微之 河南洛陽,3,0,3,-3
6000000017368436541,Q469397,"Ludwig III der Friedfertige Lothringen-Brabant, Hessen",3,0,3,-3
5431953631410060409,Q469633,"Boudewijn ""met de Bijl"" van Vlaanderen",3,0,3,-3
6000000006647244548,Q469741,Sophie Solms,3,0,3,-3
6000000002214101629,Q469856,Siegfried,3,0,3,-3
6000000006727746865,Q469896,Louise Hollandine Wittelsbach,3,0,3,-3
6000000036389324091,Q470056,Albrecht Friedrich Hohenzollern,3,0,3,-3
6000000007228090997,Q470087,Mithridates,3,0,3,-3
6000000047971143927,Q47035039,Raoul Pierre Joseph Jacques,3,0,3,-3
6000000000733228534,Q4705507,Sancho,3,0,3,-3
6000000000475063599,Q470862,Rhodri Mawr ap Merfyn,3,0,3,-3
6000000011630124423,Q471885,量仁,3,0,3,-3
6000000011630495224,Q471888,興仁,3,0,3,-3
6000000011087815022,Q4720868,Alexandre Louis Philippe Marie,3,0,3,-3
6000000010829916398,Q4722123,Alfonso de Castilla y León,3,0,3,-3
6000000000670173610,Q472427,Thomas Palaiologos,3,0,3,-3
6000000007245069594,Q47358720,Bruce Alva Gimbel,3,0,3,-3
6000000003472754347,Q474571,Pierre I de Luxembourg,3,0,3,-3
6000000002188496979,Q47468414,Harriet Hobart,3,0,3,-3
6000000005617857527,Q47508255,Else,3,0,3,-3
367961528670013760,Q4759496,Andronikos Byzantine,3,0,3,-3
6000000025563909077,Q475950,Walrad Prince of Nassau-Usingen,3,0,3,-3
6000000002266209421,Q476342,Brun,3,0,3,-3
6000000005587276070,Q4766894,Anna Fickesdotter Bülow,3,0,3,-3
6000000007179429050,Q4768899,Anne Woodville,3,0,3,-3
6000000002027504085,Q477616,"John ""the Iron""",3,0,3,-3
6000000012408952416,Q4777075,Antonio Juan,3,0,3,-3
6000000014528343325,Q4792879,Armar,3,0,3,-3
6000000006727863510,Q479997,Casimir I,3,0,3,-3
6000000004868768918,Q48073567,Moïna DE SALLIGNY DE SAN GERMANO,3,0,3,-3
6000000003645716538,Q4813065,Magdalena Karlsdotter Bonde,3,0,3,-3
6000000008630612999,Q4813409,Athenais,3,0,3,-3
6000000000701119762,Q48174,Marcus Vipsanius Agrippa,3,0,3,-3
6000000010650664340,Q4822291,Aurembiaix,3,0,3,-3
6000000003772404490,Q48546127,Bertrade d'Evreux de Montfort,3,0,3,-3
6000000002543244556,Q486165,Anarawd ap Rhodri Mawr,3,0,3,-3
6000000001784162277,Q486381,Tomohito 親王,3,0,3,-3
6000000003077512466,Q4888677,Benjamin Franklin Washington,3,0,3,-3
6000000012252142332,Q4889259,Benjamin Stoddert Ewell,3,0,3,-3
6000000011578975454,Q4894465,Pedro Antonio Ramón,3,0,3,-3
6000000001722378053,Q4914194,William Bingham Baring,3,0,3,-3
6000000006101430426,Q4924,Isabella I,3,0,3,-3
6000000001504810093,Q4940367,"Sidsel ""Cecilia"" Tygesdatter Brahe",3,0,3,-3
6000000015263322565,Q4946464,Elżbieta Małgorzata,3,0,3,-3
6000000006127494566,Q4947389,Görvel Fadersdotter Fadersdotter (Sparre av Hjulsta och Ängsö),3,0,3,-3
6000000018499043957,Q4948462,Henriette Sofie Forchhammer,3,0,3,-3
6000000004973008243,Q4959219,Gregers,3,0,3,-3
6000000002517348398,Q4959889,Birgitta Kristiernsdotter Vasa,3,0,3,-3
6000000002187837607,Q497100,Sviatoslav Vsevolodovich Chernigovsky,3,0,3,-3
6000000013735730841,Q4972378,Willem Maurits van Nassau,3,0,3,-3
6000000007267723529,Q497246,Yaroslav II Iziaslavich Ioann Rurikid,3,0,3,-3
6000000031008156541,Q497434,Philipp Julius Juliusz Griffins,3,0,3,-3
6000000012926191787,Q497705,Jeon-Ji,3,0,3,-3
6000000028246448080,Q497730,Gusin,3,0,3,-3
6000000003897549326,Q497915,Vseslav Bryachislavich of Polotsk and Kiev,3,0,3,-3
6000000003389503311,Q4983145,Unni (Minni Helene) Torkildsen,3,0,3,-3
6000000028246439795,Q498530,고 백 고,3,0,3,-3
6000000028246704477,Q498590,고 우 고,3,0,3,-3
6000000028246435745,Q498618,고 연 고,3,0,3,-3
6000000028246409698,Q498791,고 담 고,3,0,3,-3
6000000028246566450,Q498810,고 거 고,3,0,3,-3
6000000015928044424,Q4992284,Iver Eriksen Rosenkrantz,3,0,3,-3
6000000018499856076,Q4992638,Johan Georg,3,0,3,-3
6000000002240799168,Q501504,András (Andrew),3,0,3,-3
6000000001177370454,Q50276944,Peder Ottesen,3,0,3,-3
6000000008021169405,Q503069,David Megas,3,0,3,-3
6000000001412384166,Q503320,Publius Cornelius Scipio Nasica Corculum,3,0,3,-3
6000000010616927494,Q503809,Jean d'Orléans,3,0,3,-3
6000000001632206444,Q504535,Liudolf,3,0,3,-3
6000000006101312798,Q505101,Charles IV de Lorraine,3,0,3,-3
6000000022617439300,Q5056445,Cecilia Maria De Candia,3,0,3,-3
6000000000676856258,Q506442,Conrad,3,0,3,-3
6000000007862531446,Q506704,Philippe de Croÿ,3,0,3,-3
6000000000725159715,Q50804829,Henrik Knudsen Gyldenstjerne,3,0,3,-3
6000000006787854686,Q5082632,Charles,3,0,3,-3
6000000016310198078,Q5082815,Charles Trumbull Hayden,3,0,3,-3
6000000016619131701,Q509051,Friedrich von Nassau-Weilburg,3,0,3,-3
6000000022219648933,Q51049900,Auguste Henri Ferdinand de Montesquiou Fézensac,3,0,3,-3
6000000011366986651,Q51094866,Philip Lilienthal,3,0,3,-3
6000000000702222002,Q511206,Karl Eugen Eugen Hertog von Württemberg,3,0,3,-3
6000000001434670985,Q513118,Henry de Bohun,3,0,3,-3
6000000006727796218,Q513315,Charles II Margrave Zähringer,3,0,3,-3
6000000001391856400,Q515160,"Ealdgȳð ""Swann hnesce""",3,0,3,-3
6000000026215853955,Q5170486,Corfitz Mogensen Ulfeldt,3,0,3,-3
6000000010715119374,Q517181,Diana Gräfin Waldner von Freundstein,3,0,3,-3
6000000000148727067,Q51885837,María Francisca de Sales Margarita Coleta Teresa Antonia Dominga,3,0,3,-3
6000000003828382359,Q518928,Decimus Junius Silanus,3,0,3,-3
310870261240004530,Q519036,Beatrice de Aragón,3,0,3,-3
6000000075344620821,Q5192716,祐甫 貽孫 博陵安平,3,0,3,-3
6000000075344403878,Q5192725,造 深州安平,3,0,3,-3
6000000075344491853,Q5192727,植 博陵安平,3,0,3,-3
6000000008404802241,Q521498,Lucius Caecilius Metellus Denter,3,0,3,-3
6000000003858820967,Q523140,Margaret Tudor,3,0,3,-3
6000000006592340139,Q524181,Hamelin d'Anjou,3,0,3,-3
6000000009432535049,Q5260727,Ogive,3,0,3,-3
6000000003526831190,Q5289459,Kristoph Mikolay Sapieha,3,0,3,-3
6000000001561724257,Q52927,Jean-Baptiste Jules Bernadotte,3,0,3,-3
6000000001368942756,Q52937,Kristina Vasa,3,0,3,-3
6000000000424798153,Q5296546,Duncan IV Macduff,3,0,3,-3
6000000000531627997,Q529944,Eudes III,3,0,3,-3
6000000006714534494,Q530370,Judith de Lens,3,0,3,-3
6000000102556406055,Q530592,Franz Egon,3,0,3,-3
6000000006861908290,Q5309410,Drusilla,3,0,3,-3
6000000024263312956,Q5311966,Dudley Francis Stuart Ryder,3,0,3,-3
6000000003827435694,Q532062,Magdalena Waldeck,3,0,3,-3
6000000074758115880,Q532884,昭 子上 河內溫縣,3,0,3,-3
6000000000769654031,Q53436,"Bolesław I ""The Brave"" Пяст",3,0,3,-3
6000000015891335475,Q5344059,Edward Lasker,3,0,3,-3
4946518870490042172,Q53441,Bolesław III Wrymouth van Polen,3,0,3,-3
6000000006727876746,Q53443,Boleslav V “The Shy” Piast,3,0,3,-3
6000000027774282282,Q5344754,Edward Parke Custis Lewis,3,0,3,-3
6000000002135079868,Q53455,"Kazimierz I ""the Restorer"" Piast",3,0,3,-3
6000000010532039579,Q5345509,Edward Dudley,3,0,3,-3
6000000002188002590,Q53460,Konrad I Piast,3,0,3,-3
6000000012839624384,Q5346722,Edwin Otway Burnham,3,0,3,-3
6000000001504824011,Q5349501,Eiler Eilersen,3,0,3,-3
5070083164050115694,Q5354277,Eleanor FitzAlan,3,0,3,-3
6000000003883986396,Q5354426,Eleanor de Bohun,3,0,3,-3
6000000000531704637,Q536101,Odo,3,0,3,-3
6000000006444081338,Q5363796,Elizabeth Comyn,3,0,3,-3
6000000001827551363,Q5379224,Enno Brandrøk Tronds,3,0,3,-3
6000000019274509790,Q5379560,Enrico Gotti,3,0,3,-3
6000000004268081131,Q54048,"Władysław I ""the Elbow-high""",3,0,3,-3
6000000001379204104,Q54058,Zygmunt II August,3,0,3,-3
6000000006101430432,Q541848,Leo I,3,0,3,-3
6000000003463376811,Q543311,Karl I Welf,3,0,3,-3
6000000013279212949,Q544166,Charles Cardinal and Archbishop de Bourbon,3,0,3,-3
6000000014807756143,Q544413,Payo Enríquez de Rivera Manrique,3,0,3,-3
5521212914280109617,Q5477160,Foxhall Alexander Parker,3,0,3,-3
6000000011631395213,Q54779334,Fumiko Soejima,3,0,3,-3
6000000009095926424,Q547869,Yuri (George) Vsevolodovich of Vladimir,3,0,3,-3
6000000007110263223,Q5478762,Frances Orlando ‘Fanny’ Jones,3,0,3,-3
6000000007061380183,Q5481246,Francis Hastings,3,0,3,-3
6000000012009561326,Q54855182,Anna Augusta von Waldeck-Wildungen,3,0,3,-3
6000000006727810129,Q54879032,Anna von Holstein-Schauenburg,3,0,3,-3
6000000013020632779,Q548798,Alexios,3,0,3,-3
6000000014159918062,Q54960767,Sophia Elizabeth zur Lippe-Detmold,3,0,3,-3
6000000021455645362,Q5497015,Frederic Dan Huntington,3,0,3,-3
6000000006234271078,Q5499263,Frederik Cristian Kaas,3,0,3,-3
6000000003827529328,Q55025994,Elisabeth von von Waldeck-Wildungen,3,0,3,-3
6000000007237791266,Q55074493,Katherine Waldeck,3,0,3,-3
6000000000769926437,Q5507945,Fulk FitzRoy,3,0,3,-3
6000000001183913030,Q550803,Hermann,3,0,3,-3
6000000006727855245,Q55119922,Anna Margaretha von Manderscheid,3,0,3,-3
6000000001500886152,Q551279,Hartmann von Habsburg,3,0,3,-3
6000000003858572796,Q55155620,"Heinrich XXlV ""der Streitbare""",3,0,3,-3
6000000001500947329,Q551752,Yolande,3,0,3,-3
6000000012920390271,Q551885,Justinus,3,0,3,-3
6000000002082113861,Q552234,Godfrey II of LORRAINE,3,0,3,-3
6000000001278610141,Q552286,"Ludwig I ""der Kelheimer"" Wittelsbach",3,0,3,-3
6000000015350964607,Q55238333,Dietrich II,3,0,3,-3
6000000002187829941,Q553247,Henryk VII z Blizną,3,0,3,-3
6000000023828969297,Q55340825,Rudolf von Helfenstein,3,0,3,-3
6000000031990280761,Q5534920,Geoffrey Theodore Hellman,3,0,3,-3
6000000007458867515,Q5542406,Mieszko Kazimierzowic,3,0,3,-3
6000000001205118569,Q5559529,Aalov,3,0,3,-3
6000000006444395972,Q5560370,Henry FitzAlan,3,0,3,-3
4309768802110020118,Q5561260,Mechthild von Braunschweig,3,0,3,-3
6000000012526397120,Q5562885,Johan Hindersson,3,0,3,-3
6000000000350865009,Q5565556,Giustina Pecori-Suarez,3,0,3,-3
6000000017063648646,Q55656920,Ernst Leopold Ignaz von Salm-Neuburg,3,0,3,-3
6000000006776755330,Q5568857,Daniel Jonsson Behmer,3,0,3,-3
6000000007247592424,Q5570926,Gustaf Ericsson,3,0,3,-3
6000000006782861172,Q5570928,Lars,3,0,3,-3
6000000000955990248,Q55758117,Maria Anna Tusilo,3,0,3,-3
6000000000954232250,Q55758183,Giuseppe Maria Buonaparte,3,0,3,-3
6000000002812442369,Q5576037,Jens Clausen Bille,3,0,3,-3
6000000002930666979,Q5576049,Steen Jensen Bille,3,0,3,-3
6000000001398359064,Q557916,Jaunutis Ivan,3,0,3,-3
6000000009687838414,Q558437,Dawit II Lebna Dengel,3,0,3,-3
6000000002187837939,Q558459,Władysław Legnicki,3,0,3,-3
6000000077103251265,Q55849513,HERMANN Leonhard,3,0,3,-3
6000000077102834752,Q55849514,LEONHARDT Theodor Lothar,3,0,3,-3
6000000083189241355,Q55852466,Franz Wilhelm II.,3,0,3,-3
6000000044717042888,Q55855613,Hans Heinrich von Maltzahn,3,0,3,-3
6000000002245265100,Q5586964,Frands Mikkelsen Brockenhuus,3,0,3,-3
6000000010230616079,Q5589950,Jakob Bunge,3,0,3,-3
6000000004032591603,Q5590143,Jonas Bureus,3,0,3,-3
6000000007277919295,Q5590194,Nils Jakobsson Bureus,3,0,3,-3
6000000024594396398,Q5590212,Laurentius,3,0,3,-3
6000000000172841572,Q559062,Pepin comte de Péronne,3,0,3,-3
6000000052102247014,Q559414,世南 伯施 會稽餘姚,3,0,3,-3
6000000023701329396,Q559425,獻之 子敬 琅邪臨沂,3,0,3,-3
6000000000175417426,Q55973888,Hawise de Beaumont,3,0,3,-3
6000000037090405439,Q561165,約 休文 吳興武康,3,0,3,-3
6000000000665131865,Q561182,Anfos I Jordan Jordain de Tolosa,3,0,3,-3
6000000003349637351,Q561866,Birger Bengtsson,3,0,3,-3
6000000003494697312,Q562553,Baldwin,3,0,3,-3
6000000007289494596,Q5638028,Alexandrine Juliane von Leinigen-Heidesheim,3,0,3,-3
6000000001210456367,Q5654629,Thord Foleson,3,0,3,-3
6000000002006154433,Q56682571,Judith de Cambrai,3,0,3,-3
6000000002677112817,Q567506,Jan De Zhořelecký,3,0,3,-3
6000000006789041393,Q571545,Hendrik van Nassau,3,0,3,-3
6000000002325844350,Q5717887,Erling Alvsson,3,0,3,-3
304433105310001815,Q57195,"Friedrich V Wittelsbach, Pfalz-Simmern",3,0,3,-3
6000000004305220959,Q571957,Bogislaw XIV of Pomerania,3,0,3,-3
6000000004957707543,Q5721262,Henry 'of the Battleaxes' FitzGerald,3,0,3,-3
6000000003879438150,Q57224,Sophia Wittelsbach,3,0,3,-3
6000000009301406614,Q5727842,Henry Dudley,3,0,3,-3
6000000000419346982,Q5728604,Henry Stafford,3,0,3,-3
6000000025877523177,Q5735933,Viggo Forchhammer,3,0,3,-3
6000000004533774983,Q5744644,Mogens Nielsen,3,0,3,-3
6000000014025309469,Q57450551,Algayette de Rodez,3,0,3,-3
6000000000474169139,Q57450780,Amalric I de Narbonne Talairan,3,0,3,-3
6000000002187845246,Q57463873,Mathilde de Vermandois,3,0,3,-3
6000000002847110056,Q57536,Charlotte Augusta Matilda Hanover,3,0,3,-3
6000000001588461811,Q5761624,Hildegarde,3,0,3,-3
6000000004120107775,Q57653,Sophie Wittelsbach,3,0,3,-3
4104601,Q57654,Sophie von Mecklenburg-Güstrow,3,0,3,-3
312474987850005822,Q57662,Karoline Charlotte Auguste Wittelsbach,3,0,3,-3
6000000007980352834,Q5771673,Peder Joachimsen Griis af Nordrup,3,0,3,-3
6000000007511906291,Q5772264,Edmund Figrelius,3,0,3,-3
6000000000956005549,Q57731148,Maria Saveria Paravicini,3,0,3,-3
6000000107274459226,Q5773252,Lars Stiernfelt,3,0,3,-3
6000000001699062829,Q5779076,Knud Henriksson Henriksen Gyldenstjerne,3,0,3,-3
6000000000725170698,Q5779081,Knud Henriksen,3,0,3,-3
6000000002115590623,Q5780803,Eskil Mogensen Gøye,3,0,3,-3
6000000006277541535,Q57913,"Margaretha Karoline Friederike Cecilie Auguste Amalie Josephine Elisabeth Maria Johanna Wettin, Albertiner",3,0,3,-3
6000000002325797064,Q5793948,Olafr,3,0,3,-3
6000000006101459329,Q57986,"Friedrich August II Albert Maria Clemens Joseph Vincenz Aloys Nepomuk Johann Baptista Nikolaus Raphael Peter Xaver Franz de Paula Venantius Felix Wettin, Albertiner",3,0,3,-3
304435320540004195,Q57989,Charles Louis Wittelsbach,3,0,3,-3
6000000002144350650,Q58012,Karl Anton Joachim Zephyrin Friedrich Meinrad Hohenzollern,3,0,3,-3
5218811648840135507,Q580292,François de Montmorency,3,0,3,-3
6000000010830055267,Q5833955,Enrique de Castilla y León,3,0,3,-3
6000000010687405761,Q5835872,Erling,3,0,3,-3
6000000014049176070,Q585207,Guillaume,3,0,3,-3
4776154,Q58571,Bruno von Kärnthen,3,0,3,-3
6000000002649950932,Q58576666,Thornton Augustine Washington,3,0,3,-3
6000000018454943920,Q5858605,Ejnar Forchhammer,3,0,3,-3
6000000003827400235,Q58607,Daniel Romanovich Рюрикович,3,0,3,-3
6000000004036257517,Q5875333,García,3,0,3,-3
6000000002447151170,Q588824,François de Coligny,3,0,3,-3
6000000000307250674,Q588852,Mary Tudor,3,0,3,-3
6000000003869622559,Q5890072,Jon Hafthorsson Hafthorssen Sorum,3,0,3,-3
6000000009960014682,Q589815,Jobst Hermann,3,0,3,-3
6000000008377420949,Q5900679,Karl Sunesson av Västergötland,3,0,3,-3
6000000006727764611,Q590179,Anton Heinrich Graf von Schwarzburg-Sondershausen,3,0,3,-3
385233199950011938,Q59080,Mahidevran Gülbahar of Cherkessia Termuk Dynasty,3,0,3,-3
6000000017826316689,Q59112,Barbara Wertheim,3,0,3,-3
6000000002515809784,Q5923254,Christiern Nilsson,3,0,3,-3
6000000010738779891,Q593704,Juan Bautista de Alcántara,3,0,3,-3
6000000074331837827,Q5945163,補之 無咎 濟州鉅野,3,0,3,-3
6000000030414066086,Q594626,Masamichi,3,0,3,-3
6000000048279089862,Q594972,Anton Ulrich Württemberg,3,0,3,-3
6000000001169157334,Q5960094,Kjartan Ólafsson,3,0,3,-3
6000000007511893155,Q5960165,Carolus Nicolai Bothniensis,3,0,3,-3
6000000003495145301,Q59628926,George Sidney Hellman,3,0,3,-3
6000000074738875927,Q5978308,華 遐叔 趙州贊皇,3,0,3,-3
5441266921810062407,Q598379,Wenceslas von Sachsen-Wittenberg,3,0,3,-3
6000000006283846358,Q598388,Giuseppe Michele Saverio Francesco Giovanni Luci,3,0,3,-3
6000000002043252493,Q5992313,Ralph de Monthermer,3,0,3,-3
6000000000474020137,Q60040698,Blanche de Coucy,3,0,3,-3
6000000001437874038,Q6008680,Nils Bosson Stensson,3,0,3,-3
4927794328070059657,Q60171,Henry,3,0,3,-3
6000000015639607705,Q60321119,Charlotte de Roye,3,0,3,-3
6000000000138342103,Q603883,Jeanne,3,0,3,-3
6000000012420303760,Q60439622,Marie Eleonore Batthyány de Németújvár,3,0,3,-3
6000000003494707647,Q6051215,Adela,3,0,3,-3
6000000015506270074,Q60668037,Katharina von Helfenstein,3,0,3,-3
5231729471730128390,Q60721,"Ferdinand August Franz Anton Wettin, Ernestiner",3,0,3,-3
6000000008482973045,Q60727,Anton Clemens Theodor Maria Joseph Johann Evangelista Johann Nepomuk Franz Xaver Aloys Januar von Sachsen,3,0,3,-3
6000000006727753675,Q60746,Friedrich IV dit le Juste Wittelsbach,3,0,3,-3
6000000010533836824,Q6076874,Isaac Newton,3,0,3,-3
6000000004318318224,Q6080020,Jørgen Ottesen Rosenkrantz,3,0,3,-3
6000000006128279651,Q6119383,Jakob Jacobsen Ulfeldt,3,0,3,-3
6000000003388980855,Q6120352,Joseph Dudley,3,0,3,-3
6000000001504958354,Q61211,"Rudolf I, Duke of Bavaria Wittelsbach",3,0,3,-3
6000000003446413820,Q61268,"Wilhelm V ""der Beständige"" Lothringen-Brabant, Hessen",3,0,3,-3
6000000002605546398,Q61274,"Peter I Fredrik Ludvig Schleswig-Holstein-Gottorp, Oldenburg",3,0,3,-3
6000000001380147638,Q61278502,Anna Kiszka,3,0,3,-3
6000000041306066276,Q61314189,Agrippina Святославна of Smolensk,3,0,3,-3
6000000003828050056,Q61314460,Maria Дмитриевна Korybut,3,0,3,-3
6000000012371886214,Q6134394,紹宗,3,0,3,-3
6000000001760353856,Q6139376,Sakiko Konoe,3,0,3,-3
4202797373630036356,Q61467,"Ludwig ""the Severe"" von Bayern",3,0,3,-3
6000000001340142235,Q61475,Anna Maria Kristina von der Pfalz,3,0,3,-3
6000000074749744865,Q6147970,稷 嗣通 河東汾陰,3,0,3,-3
6000000002006137280,Q61508,"Albrecht II ""the Degenerate"" Wettin",3,0,3,-3
6000000003615466252,Q6151202,Jane Radcliffe,3,0,3,-3
6000000006581457122,Q6152506,Jane / Joan(nna) FitzAlan,3,0,3,-3
6000000014777127650,Q61547,Ivan Vasiljevičius,3,0,3,-3
6000000013301101528,Q61563428,Eufrosina Ольгердовна of Lithuania,3,0,3,-3
6000000006783102821,Q6158199,Erik Odhelius,3,0,3,-3
6000000021853320668,Q61692360,Inga Karoline Eldora Petersen,3,0,3,-3
6000000006275514388,Q617496,William,3,0,3,-3
6000000006727746824,Q617665,Henry Frederick Hereditary Prince Wittelsbach,3,0,3,-3
6000000006425957056,Q61866795,Vasily Yuryevich Гедиминович,3,0,3,-3
6000000006127645027,Q61911,"Thérèse Amalie Caroline Josephine Antoinette Wettin, Ernestiner",3,0,3,-3
6000000004974399295,Q61982215,Ulfhild Sigtryggsdotter Boberg,3,0,3,-3
6000000002774950185,Q62043,Philippine Charlotte Hohenzollern,3,0,3,-3
6000000016762579449,Q6205326,Jan Baptysta,3,0,3,-3
6000000006910675796,Q62079594,Anne Ottesdatter Rosenkrantz,3,0,3,-3
6000000002933418844,Q6218214,Michaël Törne,3,0,3,-3
6000000001759155289,Q6228508,John Dandridge,3,0,3,-3
6000000075345340827,Q622879,謹 思敬 河南洛陽,3,0,3,-3
6000000002188640658,Q6229938,John Doukas,3,0,3,-3
4040221674860032328,Q62511,Amalia van Solms-Braunfels,3,0,3,-3
6000000008365748012,Q6260303,John Tayloe,3,0,3,-3
328059704870005473,Q6260751,John Thornton Augustine Washington,3,0,3,-3
6000000039888177891,Q6262704,John George Walker,3,0,3,-3
6000000002475161686,Q6265668,John de Warenne,3,0,3,-3
6000000002188445589,Q62667,"Wilhelm VIII August Ludwig Maximilian Friedrich Welf, Braunschweig-Bevern",3,0,3,-3
6000000000269766653,Q62959,"Eberhard ""der Milde"" von Württemberg",3,0,3,-3
6000000012569845028,Q629767,平通,3,0,3,-3
6000000005599214945,Q62996,Antoinette Ernestine Amalie Wettin,3,0,3,-3
6000000005599219053,Q63042,Ludwig Eugen Johann Herzog von Württemberg,3,0,3,-3
6000000003827527799,Q6305321,Sofiya of Pomerania-Rügen,3,0,3,-3
6000000015065329634,Q630794,Richard,3,0,3,-3
6000000011771816922,Q631175,Josef Friedrich Wilhelm,3,0,3,-3
6000000006727853085,Q6317011,Clara Maria Griffins,3,0,3,-3
6000000001643397812,Q63389795,Judyta Mieszkówna,3,0,3,-3
6000000001543392939,Q63472,Friedrich Karl Württemberg,3,0,3,-3
6000000003827359015,Q63534,Theodor Eustach Wittelsbach,3,0,3,-3
6000000037850059424,Q63790036,Ercole,3,0,3,-3
6000000012644851646,Q639964,Elizabeth Ann Haryett,3,0,3,-3
6000000003858676995,Q64084,Frederick IV Hohenzollern,3,0,3,-3
6000000002188563735,Q642040,"Ulrich ""der Junker"" von Württemberg",3,0,3,-3
6000000011422019044,Q64234834,Ivan / Jan Romanovich Drutski-Lubetski,3,0,3,-3
6000000014059936997,Q64235177,Juliana Olshanska,3,0,3,-3
6000000014877272264,Q64245068,Bogdan Romanovich Drucki-Lubecki,3,0,3,-3
6000000007151145957,Q642469,Flavius Areobindus,3,0,3,-3
6000000003232543518,Q64462,"Charlotte Katharina Georgine Fredericka Sofie Therese Wettin, Ernestiner",3,0,3,-3
6000000003828196707,Q6454823,Caecilia Metella Dalmatica,3,0,3,-3
6000000006906728258,Q646297,Philip I of Hainaut,3,0,3,-3
6000000037933688446,Q64689676,Malvina Trotti Mosti Estense,3,0,3,-3
6000000007337273531,Q64737,Julius Franz Askanier,3,0,3,-3
6000000003827545856,Q647954,Margaret Kerdeston,3,0,3,-3
6000000005598803071,Q650182,Philipp Wilhelm Hohenzollern,3,0,3,-3
6000000012977365790,Q65032741,廣祚 湖南湘鄉,3,0,3,-3
6000000012977293772,Q65032765,紀梁 介石 湖南湘鄉,3,0,3,-3
328066467320004666,Q6503819,Lawrence Augustine Washington,3,0,3,-3
6000000003077512562,Q6503849,Lawrence Berry Washington,3,0,3,-3
6000000053352900947,Q65056230,還來,3,0,3,-3
6000000002187588579,Q650606,"Eberhard I ""der Erlachte"" von Württemberg",3,0,3,-3
6000000006128193458,Q6517115,Nils,3,0,3,-3
299079241680007968,Q651883,Charles Joseph Jean Antoine Ignace Felix de Lorraine,3,0,3,-3
6000000016454433646,Q6533585,Marie Amalie Nassau,3,0,3,-3
6000000008715504119,Q6537155,Lewis William Washington,3,0,3,-3
6000000074734399397,Q6539155,峴 京兆長安,3,0,3,-3
6000000075060815886,Q6539234,夷簡 易之 隴西狄道,3,0,3,-3
6000000011050075707,Q654855,René of van Nassau-Breda,3,0,3,-3
6000000007980337351,Q655399,Knud Alvsson Tre rosor,3,0,3,-3
6000000008815746530,Q65633,Wiprecht,3,0,3,-3
6000000005598801866,Q657578,Albrecht Hohenzollern,3,0,3,-3
6000000038027664245,Q65798587,婺州金華,3,0,3,-3
6000000075481019902,Q65798620,張,3,0,3,-3
6000000075490222892,Q65799023,濟州鉅野,3,0,3,-3
6000000074788025356,Q65803701,河南,3,0,3,-3
6000000075060133223,Q65803743,隴西狄道,3,0,3,-3
6000000074788653933,Q65803754,河南,3,0,3,-3
6000000074699131195,Q65803760,李,3,0,3,-3
6000000075060683083,Q65803764,隴西狄道,3,0,3,-3
6000000074788520081,Q65803803,河南,3,0,3,-3
6000000074788404823,Q65803812,河南,3,0,3,-3
6000000075344542377,Q65803817,河南洛陽,3,0,3,-3
6000000074716163190,Q65803830,清河東武城,3,0,3,-3
6000000074788739853,Q65803853,河南,3,0,3,-3
6000000074788381108,Q65803871,滎陽開封,3,0,3,-3
6000000075059969202,Q65803877,京兆萬年,3,0,3,-3
6000000075061289926,Q65803897,隴西狄道,3,0,3,-3
6000000074767749833,Q65803904,隴西狄道,3,0,3,-3
6000000074717206845,Q65803923,河北道河南府,3,0,3,-3
6000000074767346114,Q65803974,隴西狄道,3,0,3,-3
6000000074732846094,Q65803985,蘭陵,3,0,3,-3
6000000074749907667,Q65809966,隴西狄道,3,0,3,-3
6000000001500248316,Q65819,Heinrich I Welf Welf,3,0,3,-3
6000000044227567927,Q65922112,Daniel Семенович,3,0,3,-3
6000000008723978813,Q659581,Jarosław of Opole,3,0,3,-3
6000000013343296566,Q65977563,Anne Isabelle de Croÿ,3,0,3,-3
4779460393600080864,Q66005,Christian Ludwig Brandenburg,3,0,3,-3
6000000000436589775,Q660333,Agnes Aleramici,3,0,3,-3
361250787660004588,Q660578,Theodore I,3,0,3,-3
6000000014113477910,Q66087013,Anne,3,0,3,-3
6000000015117094468,Q66087906,Marguerite Van Halewijn de Croÿ,3,0,3,-3
6000000000543360018,Q664188,Theobald,3,0,3,-3
6000000075329016910,Q6645502,寬 孝寬 京兆杜陵,3,0,3,-3
6000000005931229140,Q664561,Humbert III,3,0,3,-3
6000000075402660917,Q6653479,從一 廣平易陽,3,0,3,-3
6000000002187723758,Q666836,Friedrich,3,0,3,-3
6000000074753213170,Q6694915,象先 吳郡吳縣,3,0,3,-3
6000000011536507238,Q669685,Robert,3,0,3,-3
328061367880007095,Q6698561,Lucy Payne,3,0,3,-3
6000000009232806925,Q6701449,Adélaïde-Wera de Chalon et Troyes,3,0,3,-3
6000000003243447087,Q6711563,Robert,3,0,3,-3
6000000004179677874,Q67365,Friedrich Ludwig Württemberg-Winnental,3,0,3,-3
6000000000424686284,Q6751540,Conde Don Manrique Pérez de Lara,3,0,3,-3
6000000001578953401,Q675847,Rostislav Vladimirovich of Tmutarakan Rurik,3,0,3,-3
6000000000424792061,Q6759399,Margaret Peverell,3,0,3,-3
6000000002318224004,Q6760053,Margaret de Bohun,3,0,3,-3
6000000063253619897,Q6761921,Marian Elliot,3,0,3,-3
6000000007337243848,Q67651,Hedwig Maria (Hedwig) Auguste Wittelsbach,3,0,3,-3
6000000001534928000,Q67777,Elisabeth Sophia Saxe-Altenburg,3,0,3,-3
6000000001409023478,Q679083,Alexander Mikhailovich,3,0,3,-3
6000000004533205994,Q68012,Welf / Guelph VI di Spoleto,3,0,3,-3
6000000001169130610,Q681228,Sigurd Magnusson,3,0,3,-3
6000000007948731482,Q682194,Manuel III Komnenos,3,0,3,-3
6000000015513701605,Q68331,Leopold Wilhelm,3,0,3,-3
6000000011437456278,Q683569,Mikhail Mikhailovich Голицын,3,0,3,-3
6000000010527932942,Q68375788,Axel Hansen Arenfeldt,3,0,3,-3
6000000001142243548,Q6849096,Thomas Grey,3,0,3,-3
6000000005029367221,Q68508,Máel Coluim mac Donnchada,3,0,3,-3
6000000075345329845,Q6855791,仲文 次武 河南洛陽,3,0,3,-3
6000000000424920263,Q68668,Henry of Limburg,3,0,3,-3
6000000007242674789,Q687282,"Henry Benjamin ""Hank"" Greenberg",3,0,3,-3
6000000010010337794,Q6898578,Moncure,3,0,3,-3
6000000005599137632,Q69249,"Albrecht V Wettin, Ernestiner",3,0,3,-3
6000000007247681864,Q692994,Henrik,3,0,3,-3
6000000015100841382,Q693603,Ferrante Gonzaga,3,0,3,-3
6000000003649687378,Q69754796,Piers,3,0,3,-3
6000000002322312383,Q698449,Henry Berengar of Swabia-Hohenstauffen }w,3,0,3,-3
6000000011771843807,Q700181,Franz Xaver,3,0,3,-3
6000000006727849125,Q70019,Anna Veldenz Wittelsbach,3,0,3,-3
6000000001500246498,Q700441,"Ernst ""the Confessor"" Welf",3,0,3,-3
6000000006101312806,Q701583,Nicolas François II,3,0,3,-3
6000000002188008123,Q702473,"Friedrich III ""der Strenge"" von Meissen",3,0,3,-3
6000000003858720321,Q702602,"Friedrich II ""der Sanftmütige"" von Sachsen",3,0,3,-3
6000000003446670240,Q702876,Wilhelm VI von Hessen-Kassel,3,0,3,-3
6000000075061605833,Q703306,昌 適之 隴西狄道,3,0,3,-3
6000000003828196714,Q703362,Lucius Caecilius Metellus Dalmaticus,3,0,3,-3
6000000001500884462,Q703470,John II de Brabant,3,0,3,-3
6000000004868902279,Q703901,Charles d'Amboise,3,0,3,-3
6000000009101403874,Q704896,Otto,3,0,3,-3
6000000001534995483,Q704939,"Friedrich I(IV) ""der Streitbare"" Wettin",3,0,3,-3
361248587300001388,Q704973,Theodore II,3,0,3,-3
6000000000707719940,Q705120,Wilhelm Georg August Heinrich Belgius Nassau,3,0,3,-3
6000000007043482057,Q705998,Boson d'Arles,3,0,3,-3
6000000023809862473,Q706887,秀 河東聞喜,3,0,3,-3
6000000002188140695,Q707768,Otto Bolesławowic,3,0,3,-3
6000000002188101407,Q708108,士彠 信明 太原文水,3,0,3,-3
6000000003827363831,Q70828,Henry I,3,0,3,-3
6000000030450162221,Q708483,Lucius Cornelius,3,0,3,-3
6000000003827368130,Q70868,Otto,3,0,3,-3
6000000102546921892,Q70876,Wilhelm Egon,3,0,3,-3
4104820,Q70892,Ulrik Frederik Gyldenløve,3,0,3,-3
6000000196291713844,Q70901295,Jutta von Jülich,3,0,3,-3
6000000017606319532,Q709495,Alexios IV Megas Komnenos,3,0,3,-3
6000000075401170033,Q709576,思訓 建景,3,0,3,-3
6000000003858690189,Q71173,Elisabeth dite la Belle Else von Bayern-Landshut,3,0,3,-3
6000000003409427757,Q711801,Arthur of England,3,0,3,-3
6000000010477090370,Q712065,九齡 子壽 韶州曲江,3,0,3,-3
6000000006727746887,Q71240,"Henrietta Maria Wittelsbach, Pfalz-Simmern",3,0,3,-3
6000000006988758746,Q712580,Geoffrey Grisegonelle d'Anjou,3,0,3,-3
6000000021163679779,Q712587,寂 貞玄 河東聞喜,3,0,3,-3
6000000075401231921,Q713000,林甫 月堂 京兆長安,3,0,3,-3
6000000012597184314,Q7137131,維子,3,0,3,-3
6000000049954286031,Q7137163,Chiyoko Mori,3,0,3,-3
6000000012597119721,Q7138920,富子,3,0,3,-3
6000000015663753358,Q71400,Wolfgang Julius Hohenlohe,3,0,3,-3
6000000006727781955,Q71428,Wilhelm Ludwig Louis von Nassau-Dillenburg,3,0,3,-3
6000000002224010720,Q714885,Gozelon the Great,3,0,3,-3
6000000000469455971,Q715062,Herman Conradiner,3,0,3,-3
6000000002188289146,Q715499,Publius Licinius Crassus Dives Mucianus,3,0,3,-3
6000000004875411358,Q715972,Hugues,3,0,3,-3
6000000057265091834,Q7160882,光庭 連城 河東聞喜,3,0,3,-3
6000000004690032329,Q716129,William de Warenne,3,0,3,-3
6000000080003501639,Q7163638,Oda von Sachsen,3,0,3,-3
6000000007159314560,Q717427,Robert II,3,0,3,-3
6000000015180189518,Q71772,Ernst Bogislaw,3,0,3,-3
6000000010935897977,Q717911,Rurik Rostislavich,3,0,3,-3
6000000027287404029,Q718090,Decimus Junius,3,0,3,-3
6000000052103103849,Q718265,公權 誠懸 河東解縣,3,0,3,-3
6000000003409460562,Q718991,Edmund Tudor,3,0,3,-3
6000000002187821393,Q719115,Presian,3,0,3,-3
6000000016764471598,Q719440,Jean de Bueil,3,0,3,-3
4476035,Q7207,Elizabeth Tudor,3,0,3,-3
6000000002187829703,Q723611,Boniface,3,0,3,-3
6000000000424703679,Q723791,Drogon,3,0,3,-3
4927683959580122814,Q723932,Reginald I,3,0,3,-3
302889610110005663,Q7241575,Presley Neville,3,0,3,-3
6000000002188420435,Q7244277,"Wilhelm Karl Bernhard Hermann Wettin, Ernestiner",3,0,3,-3
6000000012592351491,Q7244767,允子 内親王 富美宮,3,0,3,-3
6000000003645734381,Q725219,Erling Skakke,3,0,3,-3
5522265801180023798,Q725253,Esbern Assersen Snare (Hvide),3,0,3,-3
6000000002188307733,Q725891,Tomasina,3,0,3,-3
6000000003827368274,Q72686,Johann von Nassau-Dillenburg,3,0,3,-3
6000000003526579227,Q727122,Lew Иванович palatine of Vilnius,3,0,3,-3
6000000008630577916,Q727658,Olivier de Clisson,3,0,3,-3
6000000016582726525,Q729743,Georges d'Amboise,3,0,3,-3
6000000012580151007,Q7301,辯,3,0,3,-3
6000000001744977030,Q7308717,Reginald de Grey,3,0,3,-3
6000000006727908777,Q7308926,Reginald de Warenne,3,0,3,-3
6000000000424886987,Q731389,William Marshal,3,0,3,-3
6000000011705997024,Q732158,John Page,3,0,3,-3
6000000015927512043,Q7324553,Richard Cassius Lee Moncure,3,0,3,-3
6000000001180247384,Q7324731,Richard Chichester Mason,3,0,3,-3
6000000003868633652,Q7326077,Richard Grey,3,0,3,-3
6000000002700598061,Q7327313,Richard Lee,3,0,3,-3
6000000005599189170,Q73427540,Edward Stanley,3,0,3,-3
6000000075327233108,Q7356,炎 安世 河內溫縣,3,0,3,-3
6000000002043195442,Q735666,Reginar,3,0,3,-3
6000000074758101847,Q7357,衷 正度 河內溫縣,3,0,3,-3
6000000021150959543,Q736647,玄齡 喬 清河,3,0,3,-3
6000000021138320696,Q736726,衍 叔達 南蘭陵,3,0,3,-3
6000000023615990332,Q7392,睿 景文 河內溫縣,3,0,3,-3
6000000023615752709,Q7393,紹 道畿 河內溫縣,3,0,3,-3
6000000075327656907,Q7394,衍 世根 河內溫縣,3,0,3,-3
6000000075327591987,Q7395,岳 世同 河內溫縣,3,0,3,-3
6000000075327467040,Q7396,耽 彭子 河內溫縣,3,0,3,-3
6000000075327342145,Q7398,丕 千齡 河內溫縣,3,0,3,-3
6000000075327377097,Q7399,奕 延齡 河內溫縣,3,0,3,-3
6000000023616057659,Q7400,昱 道萬 河內溫縣,3,0,3,-3
6000000075327620980,Q7402,曜 昌明 河內溫縣,3,0,3,-3
6000000075327438095,Q7403,德 河內溫縣,3,0,3,-3
6000000075327223973,Q7404,德文 河內溫縣,3,0,3,-3
6000000003827387100,Q74609,Przemysł I of Greater Poland,3,0,3,-3
6000000015304713958,Q74726,Maria Magdalena Oettingen,3,0,3,-3
6000000012827436581,Q7482540,紀鴻 粟誠 湖南湘鄉,3,0,3,-3
6000000016622327070,Q74837,Carl Rudolf von Württemberg-Neuenstadt,3,0,3,-3
6000000003667342173,Q75240040,Mary Warner,3,0,3,-3
6000000006727753035,Q75240117,Anton Heinrich Count Of,3,0,3,-3
6000000006727753063,Q75241108,Dorothea Countess Of Oldenburg,3,0,3,-3
6000000007226617460,Q75243631,Klara Oldenburg,3,0,3,-3
6000000007226711323,Q75243632,Sidonie,3,0,3,-3
6000000007294797860,Q75243638,Hedwig Luise Schaumburg-Lippe,3,0,3,-3
6000000014348102183,Q75243797,Sibylle Magdalene Kirchberg,3,0,3,-3
6000000007226218268,Q75243798,"Georg Friedrich Schleswig-Holstein, Oldenburg",3,0,3,-3
6000000007231960600,Q75243803,"Anne Elisabeth Schleswig-Holstein, Oldenburg",3,0,3,-3
6000000007499813462,Q75244525,"Johann August Schleswig-Holstein, Oldenburg",3,0,3,-3
6000000006727753056,Q75244635,Sibylle Marie Countess Of Oldenburg,3,0,3,-3
6000000006727753028,Q75244638,Katharine Elisabeth Countess Of Oldenburg,3,0,3,-3
6000000001504796280,Q75246877,"Sofie Auguste Schleswig-Holstein, Oldenburg",3,0,3,-3
6000000016131265787,Q75267036,Jane Stuart,3,0,3,-3
6000000012571143240,Q752852,Takakichi Asō,3,0,3,-3
6000000031664686237,Q75289418,Sofie Auguste Nassau,3,0,3,-3
6000000007387917508,Q75291073,Charles Ferdinand,3,0,3,-3
6000000007387921596,Q75291075,Elenora,3,0,3,-3
6000000001169224783,Q75291924,Nevstein,3,0,3,-3
6000000001827562649,Q75291928,Åsulv Skulesson,3,0,3,-3
6000000005005449637,Q75291937,Ragnhild,3,0,3,-3
6000000001655553744,Q75291984,Arnulf Bårdsson,3,0,3,-3
6000000008726553805,Q75291986,Guttorm Bårdson,3,0,3,-3
6000000007525180100,Q7529544,William Courtenay,3,0,3,-3
6000000042431387227,Q75324194,Hans Charles,3,0,3,-3
6000000014334269919,Q75332268,Emily Caroline Montagu,3,0,3,-3
6000000008488939742,Q75366967,Juliana Franziska Johanna Maria Stephanie Batthyány von Némétujvár HG,3,0,3,-3
6000000015260177936,Q75366968,FRANZISKA Maria Stephania Reichsgräfin Kinsky von Wchinitz und Tettau,3,0,3,-3
6000000016258791084,Q75367364,Antal Apponyi de Nagy-Appony,3,0,3,-3
6000000083297944968,Q75367480,Stefano,3,0,3,-3
6000000010490535237,Q753680,Anjou Katalin,3,0,3,-3
6000000002188445630,Q75381535,Georg Wilhelm Christian Welf,3,0,3,-3
6000000021811834754,Q75384375,Richard de Cornwall,3,0,3,-3
6000000011851507259,Q75384609,Guillaume,3,0,3,-3
6000000001009250709,Q75385338,Frederik,3,0,3,-3
6000000001009250744,Q75385340,Dothea Juliane,3,0,3,-3
6000000001504541718,Q75385521,Johanne Amalie Marie Bethge,3,0,3,-3
6000000002188453591,Q75391037,Albertine Wilhelmine Schwarzburg-Sondershausen,3,0,3,-3
6000000002188461658,Q75391080,Konstantin Friedrich Alexander Franz,3,0,3,-3
6000000002188461666,Q75391082,Friederike Marie Alexandrine Charlotte Katharina Württemberg,3,0,3,-3
6000000014329574733,Q75391331,Bernhard Wilhelm Georg Hermann von Sachsen-Weimar-Eisenach,3,0,3,-3
6000000051368020005,Q75391340,"Olga Maria Ida Sophie Pauline Augustine Wettin, Ernestiner",3,0,3,-3
6000000016261582974,Q75392890,Maria Cristina Christine Ruspoli,3,0,3,-3
6000000028978027118,Q75392906,Laura Elizabeth Scott,3,0,3,-3
6000000001169174304,Q75393558,Eirik Sigurdson,3,0,3,-3
6000000004327302365,Q75393565,Guttorm Ingesson,3,0,3,-3
6000000008229426187,Q75393639,Birgitta Turesdotter Bielke,3,0,3,-3
6000000014516305985,Q75454651,Barbara Helene Baronesa Von Maltzahn,3,0,3,-3
6000000006444293323,Q75466863,Margaret Stanley,3,0,3,-3
6000000006900339288,Q75494715,Elizabeth Warner,3,0,3,-3
6000000003918387026,Q75501098,Anne Pope,3,0,3,-3
6000000006727853665,Q75508,Philipp Ludwig I Hanau,3,0,3,-3
6000000000307254097,Q755310,Cecily of York,3,0,3,-3
6000000001169154976,Q75532148,Gunhild,3,0,3,-3
6000000003820968980,Q75532153,Ingiríðr Ragnvaldsdóttir,3,0,3,-3
6000000003820968990,Q75532157,"Eiríkr ""Staegbrells""",3,0,3,-3
5100019747280032292,Q75539088,Madeleine Marie Isabelle Dubois de Courval,3,0,3,-3
5409140454020056459,Q75555570,Thomas Perrot,3,0,3,-3
6000000001820517642,Q755721,Mary Plantagenet,3,0,3,-3
6000000002763563531,Q75577631,Samuel Porter,3,0,3,-3
6000000000438446838,Q75577634,Johannah Cooke,3,0,3,-3
6000000016621718845,Q75581,Ferdinand Wilhelm Württemberg,3,0,3,-3
6000000005018628699,Q75581249,Paule Marguerite Laure Juliette Furtado-Heine,3,0,3,-3
6000000013926083155,Q75581254,Alessandro,3,0,3,-3
6000000020774725711,Q75581268,Pietro,3,0,3,-3
6000000021634749947,Q75581578,Sophie Theodore van Brederode,3,0,3,-3
6000000055610198924,Q75584889,Frances Maria Bagge,3,0,3,-3
6000000008463338674,Q75585251,Dorcas Spear(s),3,0,3,-3
6000000004850851113,Q75585253,Samuel Augustus Appleton,3,0,3,-3
6000000003196435181,Q75585254,Julia Webster,3,0,3,-3
6000000006101401749,Q75585257,Newbold,3,0,3,-3
6000000006101401737,Q75585266,Ellen Channing Day,3,0,3,-3
6000000007980816060,Q7563148,Sophus Christensen,3,0,3,-3
5122422543700045468,Q75726726,Barbara Pedersdotter Huitfeldt,3,0,3,-3
6000000003039056087,Q75764191,Jane Butler,3,0,3,-3
6000000014688121595,Q75766329,Guido Taddeo Pepoli,3,0,3,-3
6000000000769960636,Q75766802,Frances Phelps,3,0,3,-3
6000000081497488873,Q75767564,Sabine Lucienne Cecile Marie de Noailles,3,0,3,-3
6000000049910755274,Q75768454,Lydia Harvey,3,0,3,-3
6000000007357679390,Q75768491,Costanza Ghika,3,0,3,-3
6000000075302161720,Q75801003,Mario,3,0,3,-3
6000000037849014782,Q75801098,Giuseppe Gioacchino,3,0,3,-3
6000000037849932917,Q75801102,Carmelita Cagnola,3,0,3,-3
6000000037851787934,Q75801167,Giovanna (Gianna) Mosti Estense Trotti,3,0,3,-3
6000000037850233548,Q75801179,Andrea Carlo,3,0,3,-3
6000000005598803342,Q75807257,Wilhelm Heinrich Hohenzollern,3,0,3,-3
6000000007036537585,Q75811895,Elisabeth Marie Marguerite Berthier de Wagram,3,0,3,-3
6000000000436494125,Q75819105,John Porter,3,0,3,-3
6000000011367286504,Q75819167,Grace Miner,3,0,3,-3
6000000000436734994,Q75820640,Anna White,3,0,3,-3
6000000008531989288,Q75855469,Josiah Grant,3,0,3,-3
6000000015091486781,Q75903532,Robert VII,3,0,3,-3
6000000003616081754,Q75930722,Humphrey Radcliffe,3,0,3,-3
6000000009720100324,Q75977865,Lien Nio Lien The,3,0,3,-3
6000000025294006468,Q75977879,Bok Boon Lee,3,0,3,-3
6000000025294518240,Q75977892,Huan Neo Seow,3,0,3,-3
6000000055763268965,Q76011050,趙郡平棘,3,0,3,-3
6000000007510043633,Q76021047,Adelais Agnes d'Ardennes,3,0,3,-3
6000000008783110049,Q76022006,Elena,3,0,3,-3
6000000002892823550,Q76022180,Héctor (ii),3,0,3,-3
6000000009689566116,Q76080,Engelbrecht van Nassau,3,0,3,-3
6000000002188008373,Q76097,Reinoud IV Herzog Hertog van Gulik en Gelre,3,0,3,-3
6000000062610128830,Q76154265,Bledri ap Cydifor Fawr,3,0,3,-3
6000000039488647235,Q76154269,Rhys ab Bledri ap Bledri,3,0,3,-3
6000000001781660800,Q76159867,Clarence,3,0,3,-3
6000000003299447954,Q76161440,Rebecca Tyng,3,0,3,-3
6000000026640367346,Q76217859,Thomas Wiseman,3,0,3,-3
6000000007444224246,Q76240876,Francis Thornton,3,0,3,-3
6000000000670090891,Q76256,"Henry II ""The Iron"" Hesse, Brabant",3,0,3,-3
6000000210861592821,Q76260,Leon Sapieha h. Lis,3,0,3,-3
6000000015329360716,Q76263186,Wilhelmina Juliana van den Bergh,3,0,3,-3
6000000001547520783,Q76265098,Elisabeth Christine Wittelsbach,3,0,3,-3
6000000000879648023,Q76277709,Diana Skipwith,3,0,3,-3
6000000196144709824,Q76300779,Gisela,3,0,3,-3
6000000074729409256,Q7630335,瓌 昌容 京兆武功,3,0,3,-3
6000000016039808037,Q76329076,Heinrich lV. von Reuß-Plauen,3,0,3,-3
6000000000508720517,Q76399,Elga Andersen,3,0,3,-3
6000000010533931807,Q76545670,Margaret Valentine Seligman,3,0,3,-3
6000000074747817209,Q7682754,璿 休璟 晉昌冥安,3,0,3,-3
6000000006727746848,Q76930,"Ruprecht Wittelsbach, Pfalz-Simmeren",3,0,3,-3
6000000003891753089,Q76967,Augusta von Anhalt-Zerbst,3,0,3,-3
4410812169090066711,Q770033,Hamzah Al-Hashemi,3,0,3,-3
6000000006727838246,Q77247,William II Wittelsbach,3,0,3,-3
6000000177524980865,Q77251,William I count of Holland,3,0,3,-3
6000000004149851637,Q77252,"Johann III ""Ohnegnade"" Wittelsbach",3,0,3,-3
311695983200008268,Q77557,Heinrich Julius Welf,3,0,3,-3
6000000002004333376,Q7771,"Louis Philippe Capétiens, Bourbon",3,0,3,-3
6000000003858690318,Q77854,Rudolf  von Zähringen,3,0,3,-3
6000000006157830547,Q7786819,"Thomas ""Scotch Tom"" Nelson",3,0,3,-3
6000000019286889691,Q7787846,Thomas Brattle,3,0,3,-3
6000000006444777680,Q7788373,Thomas Cheke,3,0,3,-3
6000000004142878015,Q7790113,Thomas Gorges,3,0,3,-3
6000000012977245979,Q78083157,紀官 劍龍 湖南湘鄉,3,0,3,-3
6000000013874366325,Q78083316,廣江 湖南湘鄉,3,0,3,-3
6000000000727935900,Q78226,Hermann Egon von Fürstenberg-Heiligenberg,3,0,3,-3
6000000011536569669,Q78262854,Anne-Louise Augustine Hyacinthe de Montesquiou-Fézensac,3,0,3,-3
6000000003827368098,Q78282,Johann V jr.,3,0,3,-3
6000000001050631452,Q7845461,Trond Thorleivsson Benkestok,3,0,3,-3
6000000003219740891,Q786401,Anne Plantagenet,3,0,3,-3
5130530354530117640,Q787932,Hedwig Jagiellon,3,0,3,-3
6000000010860453865,Q791411,Ádám Batthyány de Németújvár,3,0,3,-3
6000000001180355994,Q79278024,Margaret Spear,3,0,3,-3
6000000003827400343,Q794469,Azzo VII,3,0,3,-3
6000000015645335137,Q7964126,Walter Abraham Haas,3,0,3,-3
6000000002043219362,Q7964837,Walter FitzRobert de Clare,3,0,3,-3
6000000009777264472,Q797848,Zahir al-Din Muhammad Gurkani,3,0,3,-3
6000000075329153854,Q7979733,安石 京兆杜陵,3,0,3,-3
6000000075334185893,Q7979769,嗣立 延構 京兆杜陵,3,0,3,-3
6000000001654798466,Q8005174,William Bassett,3,0,3,-3
6000000004979105348,Q8010997,William Harwar Parker,3,0,3,-3
6000000031810377852,Q8015576,William Merrell,3,0,3,-3
6000000030629045093,Q80159654,Anna Dorthea Bassøe,3,0,3,-3
6000000008374477918,Q8018704,William Stafford,3,0,3,-3
6000000024022358874,Q80210182,Charles Phelps Huntington,3,0,3,-3
6000000021455550350,Q80213971,Elizabeth Whiting Phelps,3,0,3,-3
6000000023968789309,Q80219116,William Pitkin Huntington,3,0,3,-3
6000000021151478069,Q8044210,復 履初 蘭陵,3,0,3,-3
6000000074733247858,Q8044211,倣 思道 蘭陵,3,0,3,-3
6000000038069706896,Q8069062,公亮 明仲 泉州晉江,3,0,3,-3
6000000074788652833,Q8070754,珣瑜 鄭州榮澤,3,0,3,-3
6000000011400087356,Q8075823,Zygmunt Andrzej,3,0,3,-3
6000000006727832839,Q808500,Barnim V,3,0,3,-3
6000000003827467568,Q808503,Barnim Viii Duke Pomerania-Rügen,3,0,3,-3
6000000000011284066,Q819030,Berenguer Ramon I 'el Corbat' de Barcelona,3,0,3,-3
6000000021151598905,Q8213497,熾 仲熾 河南洛陽,3,0,3,-3
6000000005913350166,Q82339,Clovis (Chlodwig),3,0,3,-3
6000000005598803278,Q824322,"Karl Philipp ""Karl"" Wilhelm Hohenzollern",3,0,3,-3
5028249596360123553,Q82448,Stephan II,3,0,3,-3
6000000005598803285,Q824990,Ludwig Leopold,3,0,3,-3
6000000013937029127,Q826731,Heinrich,3,0,3,-3
6000000013440442995,Q828157,Franz Karl,3,0,3,-3
6000000017050177743,Q829686,Johann Ferdinand Franz von Auersperg,3,0,3,-3
6000000003827368077,Q831671,"Botho lll ""der Glückselige"" von Stolberg",3,0,3,-3
6000000015487847348,Q831840,Franz Alexander Nassau,3,0,3,-3
6000000008813849008,Q83229,Edward Tudor,3,0,3,-3
6000000021391968492,Q8327677,Henri de Montesquiou-Fézensac,3,0,3,-3
6000000001368913482,Q836183,Wolmar Wrangel,3,0,3,-3
6000000021137800721,Q836203,巋 仁遠 南蘭陵,3,0,3,-3
6000000056484726821,Q8364887,John,3,0,3,-3
6000000021151507866,Q837918,琮 溫文 南蘭陵,3,0,3,-3
6000000075328531871,Q841187,忠 弘農華陰,3,0,3,-3
6000000009214864409,Q84361,Friedrich V Markgraf Zähringen,3,0,3,-3
6000000003195034648,Q84454741,Francis Conway,3,0,3,-3
6000000025080880924,Q84459296,Edwin Conway,3,0,3,-3
6000000003165372718,Q84527865,Daniel Quincy,3,0,3,-3
6000000002035183760,Q84528465,Rowland Coytmore,3,0,3,-3
6000000003232541920,Q846572,Bridget Plantagenet,3,0,3,-3
6000000031983931907,Q84661,Friedrich August Württemberg,3,0,3,-3
6000000011249892406,Q847621,紇 叔梁 子姓,3,0,3,-3
6000000006268164250,Q84789389,Mathilde Sophie Amalia Pedersen,3,0,3,-3
6000000030394027074,Q850920,Tsuneyoshi,3,0,3,-3
6000000001378558222,Q853282,Blanca de Aragón y Navarra,3,0,3,-3
6000000009689365053,Q85459,Philip von Hanau-Lichtenberg,3,0,3,-3
6000000014947742577,Q86598,Mikołaj Krzysztof Sapieha h. Lis,3,0,3,-3
6000000012015925424,Q86695,Philipp VI VII Count Of von Waldeck-Wildungen,3,0,3,-3
6000000006727753084,Q86729,Emilie Oldenburg,3,0,3,-3
6000000003827368738,Q86740,Philipp Ernst Hohenlohe,3,0,3,-3
6000000003243447745,Q86946,Stephen Árpád dynasty,3,0,3,-3
6000000008997215029,Q87002151,Reuben Webster,3,0,3,-3
6000000017123984782,Q87195710,Peter Vivian Daniel,3,0,3,-3
6000000011633717987,Q87195968,Lucy Grymes,3,0,3,-3
6000000028373450337,Q87460302,Belinda Webster,3,0,3,-3
6000000015287915083,Q875700,Johann Francis Desideratus Nassau,3,0,3,-3
6000000008461854328,Q87575,Philipp Moritz,3,0,3,-3
6000000007249682303,Q875817,Georg Friederich Ludwig 'fritz' Nassau,3,0,3,-3
6000000002035249418,Q87644762,Henry Smith,3,0,3,-3
6000000009837177778,Q87774988,Margaret Reade,3,0,3,-3
6000000007007346080,Q87783323,Mercy Bradstreet,3,0,3,-3
6000000010103845876,Q88402996,Warner Lewis,3,0,3,-3
6000000009977477610,Q886404,Émilie von Hessen-Kassel,3,0,3,-3
6000000002195014829,Q886414,Merfyn Frych ap Gwriad,3,0,3,-3
6000000012136844843,Q886634,Henrik Eskildsen Gøye,3,0,3,-3
6000000002176403170,Q887267,Gilbert mac Fergus,3,0,3,-3
356575805210011493,Q888209,"Haakon ""The Young"" Haakonsson",3,0,3,-3
6000000003827599862,Q888405,Philippe,3,0,3,-3
6000000002240804240,Q889914,Nikephoros I Angelos,3,0,3,-3
6000000011253924947,Q89590,Anna of Pomerania,3,0,3,-3
6000000056483207998,Q896959,Stephen,3,0,3,-3
6000000024851661001,Q90058502,Elizabeth Thornton,3,0,3,-3
6000000006727781275,Q90449,Elisabeth Welf,3,0,3,-3
6000000177730081837,Q909042,Tadahiro,3,0,3,-3
6000000006727810968,Q91261,Philipp II Waldeck,3,0,3,-3
6000000003957676451,Q913749,Woizero Menen Michael,3,0,3,-3
6000000006660697001,Q9145380,Alexander Teodoras,3,0,3,-3
6000000006727790044,Q91489,Reichard Wittelsbach,3,0,3,-3
6000000002375967608,Q9150593,Anastazy,3,0,3,-3
6000000002837481818,Q9161449,Erik Madsen,3,0,3,-3
6000000003108841854,Q91704874,Towner Keeney Webster,3,0,3,-3
6000000000277772708,Q918807,Godogisel,3,0,3,-3
6000000006660919005,Q92005557,Marianna Александровна Czartoryska,3,0,3,-3
6000000025877346141,Q9201143,Jørgen Ebbesen Forchhammer,3,0,3,-3
6000000014883515019,Q9213615,Dymitr Fedorowicz,3,0,3,-3
6000000048692966821,Q92200420,Pauline Emilie Luise Leonie Leontine von Wedel,3,0,3,-3
6000000177730446825,Q922862,Motohiro,3,0,3,-3
6000000049858912304,Q923564,Atsumaro,3,0,3,-3
6000000177730422822,Q923579,Iehiro,3,0,3,-3
6000000012597216267,Q924830,房輔,3,0,3,-3
6000000030413909604,Q924973,Sukehiro,3,0,3,-3
6000000015180456004,Q9254699,Ernst,3,0,3,-3
6000000009844525585,Q926,Roald Engelbregt Gravning,3,0,3,-3
6000000000505808060,Q928607,Sophia Palaiologina,3,0,3,-3
6000000003219737646,Q928719,Henry,3,0,3,-3
6000000031553065284,Q93122014,Elizabeth Lewis Carter Tucker,3,0,3,-3
6000000006168174219,Q9332959,Salomėja Januševska,3,0,3,-3
6000000001319443398,Q93408,Elisabeth Habsburg of Austria,3,0,3,-3
6000000003827674098,Q9341924,Stanisław Gabryel Tęczyński h. Topór,3,0,3,-3
6000000016749697801,Q9359403,Tomas Casimir,3,0,3,-3
6000000001209109374,Q936090,Erling Skjalgsson,3,0,3,-3
6000000002240810096,Q936880,Casimir I of Kuyavia of Piast,3,0,3,-3
6000000006619142001,Q936966,Bohus Koretsky,3,0,3,-3
6000000001479508039,Q936976,"Henry ""The Great"" King Of of Bourbon",3,0,3,-3
6000000004212441312,Q937415,James Stewart,3,0,3,-3
6000000005250729113,Q937915,Jean,3,0,3,-3
5231695373890033957,Q939,Pedro de Alcântara Francisco Antônio João Carlos Xavier de Paula Miguel Rafael Joaquim José Gonzaga Pascoal Cipriano Serafim de Bragança e Bourbon,3,0,3,-3
6000000057634802838,Q9397985,巖 君山 河南洛陽,3,0,3,-3
6000000021261027156,Q940037,賾 宣遠 南蘭陵,3,0,3,-3
6000000004986384268,Q94121074,Aaron,3,0,3,-3
6000000002799118048,Q94400428,Henry Wood Moncure,3,0,3,-3
6000000014646502640,Q94534717,Luke William Sweetland,3,0,3,-3
334054639890005270,Q94648964,Simon Davis,3,0,3,-3
5223535034660114377,Q94812600,Christen Jørgensen Skeel,3,0,3,-3
6000000006266691685,Q94899138,Mogens Clausen von Sehested,3,0,3,-3
6000000035848780973,Q94926210,Johann Heinrich Oberhaupt von Schwarzenfels,3,0,3,-3
6000000015191502781,Q95327512,Tyge Hansen,3,0,3,-3
6000000007980784145,Q95356,Werner Louis Georg Lüdeckens,3,0,3,-3
6000000007306640907,Q955938,Charles Theodore Otto,3,0,3,-3
6000000008382994555,Q95630,Christian Nassau,3,0,3,-3
6000000006727757601,Q95695,Dorothea Hedwig Welf,3,0,3,-3
6000000002935778234,Q96065326,Mikkel,3,0,3,-3
6000000005014029260,Q96076831,Elizabeth Romney,3,0,3,-3
6000000006979500060,Q96077364,Jacobus Jacob Wendell,3,0,3,-3
6000000006998621472,Q96077365,James Oliver,3,0,3,-3
6000000000350942509,Q96077370,Elizabeth Norton,3,0,3,-3
6000000000669139281,Q96083076,Hannah Bushrod,3,0,3,-3
6000000009649299961,Q96090243,Frances Fielding,3,0,3,-3
6000000001596810917,Q96090266,Catherine Whiting,3,0,3,-3
6000000003043651365,Q96090270,Catherine Daingerfield,3,0,3,-3
6000000012695246043,Q9609576,Amalric III,3,0,3,-3
6000000002187820342,Q961301,Margareta von Kleve,3,0,3,-3
6000000007511893121,Q96183001,Jacob Lenæus,3,0,3,-3
6000000014163322246,Q961910,Jean Toussaint,3,0,3,-3
6000000002603460625,Q96201627,Samuel Chapin,3,0,3,-3
6000000028930136870,Q96201647,Gershom Hinckley,3,0,3,-3
6000000006441973808,Q96201744,Samuel Hinckley,3,0,3,-3
6000000026053751567,Q96202571,Katherine Brattle,3,0,3,-3
6000000003681351558,Q96203005,Sarah Packard,3,0,3,-3
6000000185321521824,Q96203256,Mary Ann Chilton,3,0,3,-3
6000000003578810979,Q96203257,John Ball Chilton,3,0,3,-3
6000000028626465330,Q96203258,George Chilton,3,0,3,-3
6000000002860967787,Q96207648,Joseph Bartholomew,3,0,3,-3
6000000006441084023,Q96208033,Rebecca Lapham,3,0,3,-3
6000000011211935340,Q96208605,John Tiffany,3,0,3,-3
6000000002797625284,Q96216075,John Stanley,3,0,3,-3
6000000003003908642,Q96236512,Joseph,3,0,3,-3
6000000003003945587,Q96236532,Susanna May,3,0,3,-3
5002418500010102679,Q96240718,Ove Jacobsen,3,0,3,-3
6000000000445140415,Q96240791,Segebod Johansen Krummedige,3,0,3,-3
6000000004017552797,Q96240810,Beata Ivarsdotter Thott,3,0,3,-3
6000000027664661646,Q96240861,Ragnhild Karlsdotter,3,0,3,-3
6000000003938274904,Q96243413,Nathan Warren,3,0,3,-3
6000000007632860732,Q96244119,Elisabeth Gabrielsdatter,3,0,3,-3
6000000003149309721,Q96244132,Fredrik Otte Fredriksen Budde,3,0,3,-3
6000000006910643649,Q96244815,Jeanne de Sarrebruche,3,0,3,-3
6000000006910563880,Q96244822,Jeanne de Pierrepont,3,0,3,-3
6000000024537239170,Q96370735,Hannah Bassett,3,0,3,-3
6000000011547200369,Q96370742,Phebe Cushman,3,0,3,-3
6000000002447151164,Q964196,Odet Coligny,3,0,3,-3
6000000003828245077,Q9652383,Beatritz de Melguèlh,3,0,3,-3
6000000008684545778,Q96585487,Helene,3,0,3,-3
6000000002821907846,Q96602548,Jemima Cooke,3,0,3,-3
6000000006720438596,Q96652519,Eunice Searl,3,0,3,-3
6000000002288845634,Q96739179,Jonathan Washburn,3,0,3,-3
6000000014048981091,Q969836,Jean II de Croÿ,3,0,3,-3
6000000000426646668,Q96983638,Israel Washburn,3,0,3,-3
6000000007915729523,Q9701,世民 隴西狄道,3,0,3,-3
6000000009960009081,Q97026,Otto Lippe,3,0,3,-3
6000000005599214403,Q97043,Josias II,3,0,3,-3
6000000012827521360,Q971925,Tseng Chi-tse 劼剛 湖南湘鄉,3,0,3,-3
6000000000641701450,Q97196008,Soediman Kartohadiprodjo,3,0,3,-3
6000000026191879243,Q97328853,Ghita Johanne Ring,3,0,3,-3
6000000074750206176,Q9763,恆 隴西狄道,3,0,3,-3
6000000006413253264,Q976367,John,3,0,3,-3
6000000074750565866,Q9776,湛 隴西狄道,3,0,3,-3
6000000018376001321,Q97819453,"Thiam Yew, Freddy LEE",3,0,3,-3
6000000074749972381,Q9790,涵 隴西狄道,3,0,3,-3
6000000028015703141,Q97929236,Anne Jeanne Rouyer,3,0,3,-3
6000000020445750170,Q97930363,George Walker,3,0,3,-3
3940323,Q98004341,Axel Knudsen Urne,3,0,3,-3
6000000006440692949,Q98018738,Abigail Burnham,3,0,3,-3
5559476916820136705,Q98070,Otto Seligman,3,0,3,-3
6000000019307219324,Q98076517,Roald Juel Thommessen,3,0,3,-3
6000000000196900186,Q980949,Sybille of Bâgé,3,0,3,-3
6000000002406387852,Q983715,Kristoph palatine of Vilnius,3,0,3,-3
6000000010536168775,Q98686669,Max Wassermann,3,0,3,-3
6000000002527704016,Q98697974,Sigrid Finnsdatter,3,0,3,-3
6000000003077156434,Q98741466,Thomas Savage,3,0,3,-3
6000000009647287134,Q98970762,Judith Carter Page,3,0,3,-3
342033628020004274,Q99301832,Anna Christina Fredriksdotter Juul,3,0,3,-3
4000878508530126634,Q99329514,Frederik Gundersen Lange,3,0,3,-3
6000000002304420152,Q99335842,Jacob,3,0,3,-3
6000000003077156263,Q99432561,Mary Savage,3,0,3,-3
4117939564830071840,Q99472372,Charlotte Amalie Baronesse Griffenfeld,3,0,3,-3
6000000001012928055,Q99638953,Richard Lyman,3,0,3,-3
376126216070003003,Q99744427,Per Eriksson Noræus,3,0,3,-3
6000000003108850031,Q99749529,Henry Keeney Webster,3,0,3,-3
6000000003108841664,Q99749530,Abel Webster,3,0,3,-3
6000000008988732560,Q99749532,Ashbel Webster,3,0,3,-3
6000000001733740984,Q99749817,Jonathan Webster,3,0,3,-3
6000000007981027527,Q99836165,Hans Pedersen Litle,3,0,3,-3
6000000008187717241,Q100148336,Richard Adams,4,0,4,-4
6000000003005247877,Q100287873,Laura Louise Napoléone Eugénie Caroline Murat,4,0,4,-4
6000000020111522445,Q1005245,Tadayoshi Shimazu,4,0,4,-4
6000000012726287042,Q100705761,Juan,4,0,4,-4
310819047470008278,Q100723,Otto prins af von Braunschweig-Lüneburg,4,0,4,-4
6000000000426573547,Q100915934,Rebecca Washburn,4,0,4,-4
6000000009976419536,Q100915943,Mary Tilden,4,0,4,-4
6000000000550115980,Q100949105,Sarah Washburn,4,0,4,-4
6000000002325801413,Q101248740,Bodil Håkonsdatter of Denmark,4,0,4,-4
6000000074703880937,Q10127704,長卿 次公 揚州江都,4,0,4,-4
6000000007745368376,Q101402224,Hannah Ball,4,0,4,-4
6000000003943156423,Q101422825,Jemima Chapin,4,0,4,-4
6000000003940274486,Q101422831,Luke Hitchcock,4,0,4,-4
6000000002447374705,Q101439017,Joseph Washburn,4,0,4,-4
6000000002979883194,Q101439370,John Judson,4,0,4,-4
6000000000770281822,Q101439573,Hannah Judson,4,0,4,-4
6000000004141285049,Q101439580,James Judson,4,0,4,-4
6000000002979930851,Q101439735,Grace Judson,4,0,4,-4
6000000001052543006,Q1019325,Bárðar Skúli Guttormsson,4,0,4,-4
5365042495540103778,Q102005,William,4,0,4,-4
6000000075402352954,Q1021828,應物 義博 京兆杜陵,4,0,4,-4
6000000000426766038,Q102429053,Daniel White,4,0,4,-4
6000000006727853205,Q102809,Karl Magnus Zähringen,4,0,4,-4
6000000004533625940,Q10323606,Malfredo de Narbona,4,0,4,-4
6000000009673900125,Q103780342,Knut Danielsson,4,0,4,-4
6000000002893327115,Q103780499,Margrethe Nielsdatter Gyldenløve,4,0,4,-4
6000000012116814340,Q103780717,Sophie Henriksdatter Brockenhuus,4,0,4,-4
6000000008625075458,Q103780730,Henrik Eilersen Brockenhuus,4,0,4,-4
6000000006740521580,Q103780893,Vincentz Ottesen Bildt,4,0,4,-4
6000000001780038160,Q103782124,Niels Eriksen Rosenkrantz,4,0,4,-4
6000000005415065485,Q103837234,Josiah Loomis,4,0,4,-4
6000000015964395400,Q103953136,William Moncure,4,0,4,-4
6000000009397702704,Q103953155,George Conway,4,0,4,-4
6000000015963583156,Q103955292,John Moncure Conway,4,0,4,-4
6000000001948637954,Q104550455,Arvid Jakobsson,4,0,4,-4
6000000006167522101,Q104591921,Mann Page,4,0,4,-4
6000000015951918278,Q104677261,John,4,0,4,-4
6000000014205835197,Q104681082,"Heinrich ll ""Der Andere"" Reuß zu Gera, Reuß Jüngere linie",4,0,4,-4
6000000002818374659,Q104779848,Anne Kirstine Nielsdatter Lange,4,0,4,-4
6000000002818498804,Q104794929,Anne Cathrine Wenzelsdatter Wenzelsdatter Rothkirch,4,0,4,-4
6000000001504528221,Q104804753,Anne Nielsdatter Krabbe,4,0,4,-4
4967473740990125792,Q104804915,Niels Kjeldsen,4,0,4,-4
6000000006266368071,Q104805010,Karen Jørgensdatter Rostrup,4,0,4,-4
6000000002750067529,Q104889642,Gregers Holgersen Ulfstand,4,0,4,-4
6000000002865651542,Q104991002,Karen Hansdatter Breide,4,0,4,-4
6000000008686193349,Q105037734,Margrethe Joachimsdatter Breide,4,0,4,-4
6000000001504743151,Q105061464,Sophie Jørgensdatter Rostrup,4,0,4,-4
6000000037592032099,Q10514231,過 叔黨 眉州眉山,4,0,4,-4
6000000011154548636,Q10524706,Hjalmar Högquist,4,0,4,-4
6000000006127494587,Q105368460,Peder Nilsson Grip,4,0,4,-4
6000000038103572025,Q10566063,維 持國 開封雍邱,4,0,4,-4
6000000008552274439,Q105695301,Nathaniel Terry,4,0,4,-4
6000000003827496982,Q105704,Ludwig zu Stolberg-Rochefort,4,0,4,-4
6000000011155603418,Q10578690,Max Högquist,4,0,4,-4
6000000005407291287,Q1058572,Sviatoslav Igorevitch Igorinpoika,4,0,4,-4
6000000007776552652,Q105961136,Lucy Chapman,4,0,4,-4
5461121313920080978,Q106542290,Poeti Siti Sjahrizad,4,0,4,-4
6000000003153087258,Q106542440,Radena,4,0,4,-4
6000000000230696037,Q106542630,Abdoel Rahman Dt. Dinagari Orang Kaja Besar,4,0,4,-4
6000000000770366008,Q106837382,Sarah Judson,4,0,4,-4
6000000011623386914,Q106841275,Job,4,0,4,-4
6000000001561126504,Q1069138,Oscar Carl August,4,0,4,-4
6000000006727862020,Q107051197,Margarita Racyborska,4,0,4,-4
6000000001672202455,Q107120697,John Walker Baylor,4,0,4,-4
6000000001436319440,Q107145521,Ann Conway,4,0,4,-4
6000000000101171764,Q107182537,Margaret Adams,4,0,4,-4
6000000012493577097,Q107183068,John Sprague,4,0,4,-4
6000000021112017213,Q107293652,Marie Anne Hocquart de Montfermeil,4,0,4,-4
6000000004095065825,Q107311315,John Lee,4,0,4,-4
6000000006727764954,Q107566844,Anna Maria von Nassau-Siegen,4,0,4,-4
6000000016126308642,Q107613550,Anna Smith,4,0,4,-4
6000000017938403812,Q108104533,Pangeran Arya Mangkunegara Kartasura,4,0,4,-4
6000000000658127861,Q108302019,Elizabeth Tyng,4,0,4,-4
6000000003009235045,Q1084391,Christoffer Ottesten Huitfeldt,4,0,4,-4
6000000084791401826,Q108452792,Laura Sophia Smith,4,0,4,-4
6000000001504786874,Q108476096,Hans Friis,4,0,4,-4
6000000003462472729,Q108476169,Otte Christensen Skeel,4,0,4,-4
6000000018378011058,Q108476174,Peder Eriksen Juel,4,0,4,-4
6000000002061082823,Q108602088,Eleazer W. Porter,4,0,4,-4
6000000001504447318,Q108718333,Niels Mogensen Krag,4,0,4,-4
6000000006933121230,Q108840587,Susanne Marie Bing,4,0,4,-4
3985170,Q108840609,Inger Axelsdatter Walkendorff,4,0,4,-4
6000000001788146556,Q108840612,Birthe Knudsdatter Rud,4,0,4,-4
6000000000944931766,Q108840618,Else Bjørnsdatter Laxmand,4,0,4,-4
331816214990005036,Q108935419,Theoda Porter,4,0,4,-4
6000000038224369989,Q10895265,京 當世 鄂州江夏,4,0,4,-4
6000000009134384473,Q1091376,Sigizmund Gediminds,4,0,4,-4
6000000003476772964,Q109420399,Stoffer Christofferson Aasland,4,0,4,-4
5475061265770083991,Q109430931,Soetan Noeralamsjah,4,0,4,-4
6000000000687159409,Q109535759,Joseph Pease,4,0,4,-4
6000000007980938586,Q109836544,Anna Nilsdatter,4,0,4,-4
6000000001664699119,Q110151794,Margareta Törnflycht,4,0,4,-4
6000000008340355269,Q110154742,Sophie Clausdatter Bille,4,0,4,-4
6000000002625054159,Q110302760,Blanceflor Catharine Berntsdatter,4,0,4,-4
6000000007507630375,Q110302783,Lauritz Johannesson Gahle,4,0,4,-4
5002357788950031467,Q110302974,Anders Olufsen Lunge,4,0,4,-4
6000000006128193473,Q110303163,Helle Holgersdatter Rosenkrantz,4,0,4,-4
6000000002503678686,Q110303302,Lene Mogensdatter Gyldenstierne,4,0,4,-4
6000000005736754159,Q110303316,Hedvig Ebbesdatter Ulfeldt,4,0,4,-4
6000000001504768288,Q110303327,Lene Holgersdatter Ulfstand,4,0,4,-4
6000000004364276266,Q110303951,Jytte Dorothea Knudsdatter Gyldenstierne,4,0,4,-4
6000000001504768137,Q110303952,Knud Axelsen,4,0,4,-4
6000000004362118950,Q110303964,Jacob Christoffersen Huitfeldt,4,0,4,-4
6000000005700439018,Q110304110,Niels Mogensen Friis,4,0,4,-4
6000000008339977301,Q110304136,Jørgen Grubbe,4,0,4,-4
6000000008339812965,Q110304137,Karen Jørgensdatter Grubbe,4,0,4,-4
6000000011671254696,Q110304138,Birgitte Sophie Maltesdatter,4,0,4,-4
6000000004533858958,Q110304165,Sophie Amalie Henriksdatter Bjelke,4,0,4,-4
6000000001504617857,Q110304274,Margrethe Ovesdatter Gjedde,4,0,4,-4
6000000004996333801,Q110304276,Sophie Cathrine,4,0,4,-4
6000000004381141618,Q110304279,Vibeke Ottesdatter Skeel,4,0,4,-4
6000000014212343503,Q110304348,Margrethe Gregersdatter Ulfstand,4,0,4,-4
6000000008340297348,Q110304350,Anne Nielsdatter,4,0,4,-4
6000000004533774969,Q110304662,Dorte,4,0,4,-4
6000000002930106009,Q110304681,Mette Holgersdatter Rosenkrantz,4,0,4,-4
6000000002237590842,Q110304694,Lene,4,0,4,-4
6000000005483540006,Q110457714,Karen Pedersdatter Skram,4,0,4,-4
6000000002059215188,Q110457777,Jørgen Pedersen Marsvin,4,0,4,-4
6000000003467924035,Q110549373,Ove Tagesen,4,0,4,-4
6000000003462294757,Q110549377,Karen Knudsdatter Gyldenstierne,4,0,4,-4
6000000001744889855,Q110578310,Hildegarde de Thouars,4,0,4,-4
6000000005578154214,Q110580551,Jean IV de Créquy,4,0,4,-4
6000000004173412338,Q110586544,Juana,4,0,4,-4
6000000007109820434,Q110628909,Elizabeth Aylett Dandridge,4,0,4,-4
4921273998360102568,Q110703067,Ragnhild Erlingsdotter Erlingsdotter,4,0,4,-4
6000000002860735988,Q110715740,Damaris Atwater,4,0,4,-4
6000000000724005132,Q110715906,John Atwater,4,0,4,-4
6000000003075719761,Q110715939,Mary Atwater,4,0,4,-4
6000000003493243724,Q110935071,Juana,4,0,4,-4
6000000053972500034,Q11095551,沖 思順 隴西狄道,4,0,4,-4
6000000003491951018,Q111269645,Christoffer Christofferson Aasland,4,0,4,-4
6000000017142648960,Q111646594,Christian Vind,4,0,4,-4
6000000015844047166,Q111654250,Thomas Abbe,4,0,4,-4
6000000019997124233,Q111768787,Mary Chichester,4,0,4,-4
6000000007510815485,Q111907532,Thomas Abbe,4,0,4,-4
6000000019996961296,Q111918203,Jeduthan Ball,4,0,4,-4
6000000000591496498,Q111918227,William Ball,4,0,4,-4
6000000002188434233,Q111975,Ludwig Joseph Anton Johann von Habsburg-Lothringen,4,0,4,-4
4956378524930130673,Q111989048,Anders Jørgensen Skeel,4,0,4,-4
4956391637310069214,Q111989051,Sofie Amalie Holgersdatter Vind,4,0,4,-4
6000000001504585809,Q111989133,Jørgen Ottesen Skeel,4,0,4,-4
6000000000806986001,Q111989135,Ide Jørgensdatter Lunge,4,0,4,-4
5667846312780113020,Q111989137,Anne Maltesdatter Sehested,4,0,4,-4
5149418239810139408,Q111989138,Sophie Steensdatter Brahe,4,0,4,-4
6000000000456428256,Q112066504,Peter Carter,4,0,4,-4
6000000006727821749,Q112077,Cimburga of Masovia,4,0,4,-4
6000000002188370186,Q112112,Maria Annunciata Adelheid Theresia Michaela Karoline Luise Pia Ignatia Habsburg-Lothringen,4,0,4,-4
6000000003232550579,Q112117,Sophie Friederike Dorothea Maria Josepha Habsburg-Lothringen,4,0,4,-4
6000000004439642007,Q1122173,Nikolai Nikitich Демидов,4,0,4,-4
6000000038726051110,Q112257675,Walter Allen,4,0,4,-4
6000000003388694856,Q112257684,Sarah Abbe,4,0,4,-4
5475076786440138547,Q112405523,Soetan Mahroezar,4,0,4,-4
5475101253070056380,Q112405719,Soetan Soeleimansjah,4,0,4,-4
6000000011942734396,Q112669201,Hanna Magdalena Frisak Ebbesen,4,0,4,-4
6000000008552218363,Q112939179,Eliphalet Terry,4,0,4,-4
6000000000475122638,Q113055929,Anna Porter,4,0,4,-4
6000000026039599591,Q113470612,Christian Holgerson Vind,4,0,4,-4
6000000001504319571,Q113481858,Frederik,4,0,4,-4
6000000031810347895,Q11352863,Makiko,4,0,4,-4
6000000016130621853,Q11364169,忠光,4,0,4,-4
6000000007242730726,Q113799767,Caral Glazier Gimbel,4,0,4,-4
6000000133728784821,Q11387960,湛 士深 河南洛陽,4,0,4,-4
6000000005415059621,Q113889627,Nathaniel,4,0,4,-4
6000000003747540535,Q113889717,Ruth Porter,4,0,4,-4
6000000008810906719,Q114345955,Christoffer,4,0,4,-4
6000000016552337657,Q114358230,Agenor Maria,4,0,4,-4
6000000002188409104,Q114360,Albertina María Нейпперг,4,0,4,-4
6000000009397734706,Q114440710,Anne Ball,4,0,4,-4
6000000004569582399,Q114440835,John Moncure Daniel,4,0,4,-4
6000000074767093163,Q11522432,寶 懷素 隴西狄道,4,0,4,-4
6000000015830719965,Q115284186,Thomas Graves,4,0,4,-4
6000000012570892621,Q11530329,信子 鍋島,4,0,4,-4
6000000074714396339,Q11534623,雄亮 信誠 河東解縣,4,0,4,-4
6000000011274051412,Q115573659,Nathaniel Loomis,4,0,4,-4
6000000037591433434,Q1155951,轍 子由 眉州眉山,4,0,4,-4
6000000002580397663,Q115695626,John,4,0,4,-4
6000000001892385921,Q115861032,Sarah Drake,4,0,4,-4
6000000000618779755,Q115861036,Sarah Porter,4,0,4,-4
6000000002649925982,Q115921374,Richard Scott Blackburn Washington,4,0,4,-4
6000000000490977457,Q115945622,Joseph Tilden,4,0,4,-4
6000000022552207321,Q115959525,Jacques d'O,4,0,4,-4
6000000012593409379,Q11604942,紀久子,4,0,4,-4
6000000002935668614,Q116187212,Steen Andersen Bille,4,0,4,-4
6000000074749493980,Q11622236,初古拔 洪祚 河東汾陰,4,0,4,-4
6000000003310723649,Q1164707,Zaynab Al-Hashemi,4,0,4,-4
6000000001504256100,Q116775733,Margrethe Jørgensdatter Lunge (Dyre),4,0,4,-4
6000000004047834480,Q117314028,Thomas Blackburn Washington,4,0,4,-4
6000000000953413706,Q117327220,Salomon Arendtsson Grape,4,0,4,-4
6000000020985625052,Q11781132,Maria Martha Miklause Gediminds,4,0,4,-4
6000000004884976733,Q11816652,Pierre Marie de-Riquet-de-Caraman-Chimay,4,0,4,-4
6000000011274082449,Q118235469,Sarah A. Loomis,4,0,4,-4
6000000011253835656,Q118299,Ulrich of Pomerania,4,0,4,-4
6000000003827181035,Q1185368,Agnès,4,0,4,-4
6000000005701329007,Q11916131,Christian Danneskjold-Samsøe,4,0,4,-4
6000000003827359539,Q11918870,Eleonore Klara Hohenlohe,4,0,4,-4
6000000010801514264,Q1192341,無忌 輔機 河南洛陽,4,0,4,-4
6000000027285184538,Q11929531,Junia,4,0,4,-4
6000000008274760404,Q11950036,Sophie Amalie Amalie Css von Nassau-Saarbrücken,4,0,4,-4
6000000003790233060,Q11962599,Buris,4,0,4,-4
6000000006266119249,Q11963900,Claus Maltesen Sehested,4,0,4,-4
6000000001504528180,Q11972536,Gregers Nielsen,4,0,4,-4
6000000001200219073,Q11973158,Gudrun Nevsteinsdatter,4,0,4,-4
6000000011626975302,Q1197656,Sadako Kujō,4,0,4,-4
6000000009562557893,Q11978654,Joachim Fredrich Jørgensen Vind,4,0,4,-4
5149390449440073504,Q11994652,Palle Axelsen Rosenkrantz,4,0,4,-4
6000000003645734375,Q11996949,Ragnhild Erlingsdatter Randeberg,4,0,4,-4
6000000003515659250,Q12007699,Truid Gregersen Ulfstand,4,0,4,-4
6000000011626883169,Q120564,興子,4,0,4,-4
6000000026026136251,Q120599785,Mary Nelson,4,0,4,-4
6000000002929511524,Q120861724,Magdalena Olufsdatter,4,0,4,-4
6000000003125111982,Q121200009,Magdalena Engelbertsdotter,4,0,4,-4
6000000002677701050,Q121395720,Ruth Stanley,4,0,4,-4
6000000004592967165,Q121879907,Lucy Nelson,4,0,4,-4
6000000001689514673,Q122151981,Nathaniel Bassett,4,0,4,-4
6000000002797361021,Q122221351,Thomas,4,0,4,-4
6000000004047814872,Q122387456,Bushrod Washington,4,0,4,-4
6000000000834268950,Q122441568,Sarah Porter,4,0,4,-4
6000000001101810113,Q122463396,Anna Royce,4,0,4,-4
6000000000787808793,Q122924556,Hartvig,4,0,4,-4
6000000002278350800,Q122926311,Ingeborg Andersdatter Huitfeldt,4,0,4,-4
6000000004837843328,Q12301753,Anna Joachimine Ahlefeldt,4,0,4,-4
6000000003500168806,Q12302611,Axel Ludvigsen Rosenkrantz,4,0,4,-4
6000000002298864663,Q12303299,Berthe Skeel,4,0,4,-4
6000000010802307243,Q12305872,Christian Christopher,4,0,4,-4
6000000001504296886,Q12306140,"Frederik Christian Rosenkrantz, til Favrskov",4,0,4,-4
6000000029487269793,Q12309306,Ebbe Jacobsen,4,0,4,-4
6000000020795917613,Q12312152,Frands Jacobsen Ulfeldt,4,0,4,-4
6000000001504729785,Q12312646,Frederik Knudsen Urne,4,0,4,-4
6000000004996498222,Q12312738,Frederik,4,0,4,-4
6000000004144711232,Q12315209,Hannibal Wedell,4,0,4,-4
6000000002813611541,Q12318891,Jakob Eriksen Rosenkrantz,4,0,4,-4
6000000001815061129,Q12319927,Johan Jørgensen Urne,4,0,4,-4
6000000002837587043,Q12320809,Jørgen Knudsen Urne,4,0,4,-4
5223481822560053952,Q12320876,Jørgen Skeel,4,0,4,-4
6000000032734316991,Q12322320,Knud Krumstrup,4,0,4,-4
6000000007443250368,Q12323567,Lage Jørgensen,4,0,4,-4
6000000020795978709,Q12324033,Laurids Jacobsøn Ulfeldt,4,0,4,-4
6000000006098810152,Q12325962,Margrethe Helvig Juel,4,0,4,-4
6000000001009250571,Q12326061,"Marie Cathrine Elizabeth Christiansdatter of Denmark and Norway, of Oldenburg",4,0,4,-4
6000000002929678457,Q12326846,Mette Eriksdatter Rosenkrantz,4,0,4,-4
6000000023174799401,Q12330241,Oluf Baron Rosenkrantz,4,0,4,-4
6000000001504688583,Q12330685,Ove Holgersen Vind,4,0,4,-4
6000000001504748019,Q12331161,Peder Juel,4,0,4,-4
6000000007086750797,Q12335432,Sivert Knudsen Urne,4,0,4,-4
6000000004380417018,Q12338717,Tage Ottesen,4,0,4,-4
6000000002325801622,Q12339267,Þórgunnr 'Torgunna' Vagnadóttir Vagnadottír,4,0,4,-4
6000000006233980561,Q12340203,Ulrik Jørgensen Kaas,4,0,4,-4
6000000004145198148,Q12344146,Wilhelm Friderich Wedell,4,0,4,-4
6000000003645864201,Q1236655,Publius Septimus Geta Septimus,4,0,4,-4
6000000017711544161,Q123702036,Daniel,4,0,4,-4
6000000013165819905,Q1238208,Peter Vivian Daniel,4,0,4,-4
6000000003114548366,Q12470548,Abdoel Gani Radjo Mangkoeto,4,0,4,-4
5234714015520028523,Q12485855,Horatio Alger,4,0,4,-4
6000000006727821995,Q125226491,Maria Gediminds,4,0,4,-4
6000000005933238750,Q125414,Gnaeus Pompeius Magnus,4,0,4,-4
6000000006327211966,Q12715928,Just Johan Anton Bing,4,0,4,-4
6000000009666743563,Q12717780,"Frederik Schleswig-Holstein, Oldenburg",4,0,4,-4
6000000003091034586,Q127318,George William Frederick Guelph,4,0,4,-4
6000000037889405881,Q1275360,鞏 子固 建昌南豐,4,0,4,-4
6000000007980321251,Q127731769,Adam Nissen,4,0,4,-4
6000000015731769314,Q127734,Juliane,4,0,4,-4
6000000001921394551,Q128043248,Jørgen Jensen,4,0,4,-4
6000000001744825392,Q128210,Reginar III ‘Langhals’,4,0,4,-4
6000000002188464876,Q1282833,Albrecht Heinrich Welf,4,0,4,-4
6000000002376167676,Q128777,Philippe Antoine,4,0,4,-4
6000000021237721361,Q1290765,子儀 太原,4,0,4,-4
6000000002004156074,Q12967,"Léopold II Louis Philippe Marie Victor Wettin, Ernestiner",4,0,4,-4
4215182257130053771,Q130734,Nikolai I Pavlovich Romanov,4,0,4,-4
6000000024504624615,Q130741163,Yaroslav Fiodor son of Lengvenis,4,0,4,-4
6000000015783446126,Q131399486,Andrew Bartholomew,4,0,4,-4
6000000003234018546,Q131412,Mary Stewart,4,0,4,-4
4179557875410125091,Q131704667,Giovanni Battista Spaletti,4,0,4,-4
6000000002188445370,Q1317501,Carl Oskar Wilhelm Fredrik Bernadotte,4,0,4,-4
6000000014228315478,Q132264634,Heinrich lX,4,0,4,-4
5145210727590105956,Q132440,"Charlotte Augusta Welf, Guelph",4,0,4,-4
6000000001452868608,Q1325736,Eleanor Parke Custis,4,0,4,-4
6000000009898625219,Q1325750,Eleanor of Lancaster,4,0,4,-4
6000000014205858147,Q133040805,"Agnes Reuß zu Gera, Reuß Jüngere linie",4,0,4,-4
6000000045612481023,Q133277992,Aimery de Narbonne,4,0,4,-4
6000000000743061914,Q1335950,"Hugues ""le Brun"" de Lusignan",4,0,4,-4
6000000001009250541,Q133802567,Frederik Christian Oldenburg,4,0,4,-4
6000000001849478364,Q1338441,Emmanuel Theodose de La Tour d'Auvergne,4,0,4,-4
6000000022309439878,Q13407968,端禮 處和 杭州錢塘,4,0,4,-4
6000000003645870125,Q13426498,Iotapa,4,0,4,-4
6000000001504410273,Q134396666,Christian,4,0,4,-4
6000000002567020255,Q1345250,Petrus Königsson Königsson,4,0,4,-4
385603511700005393,Q135479638,Rachel Wilcox,4,0,4,-4
6000000064836731905,Q13580360,Keng Hek Phoa,4,0,4,-4
6000000010241427692,Q13582651,John William Montagu,4,0,4,-4
6000000022542877688,Q135898842,Marie Thérèse Catherine Clary,4,0,4,-4
6000000010536427433,Q136314538,Ida Seligman,4,0,4,-4
6000000002955687817,Q136376195,Erik Knudsen Rud,4,0,4,-4
6000000025758479077,Q136788161,Antonina Katarzyna Radwan (Łączyńska h. Kościesza) Katarzyna Łączyńska h. Kościesza,4,0,4,-4
6000000003233882803,Q137814,James V Stewart,4,0,4,-4
6000000031048389480,Q137947698,Jacob,4,0,4,-4
6000000041118869632,Q138415666,Marcel Nathan,4,0,4,-4
4076130,Q138684,"Inge ""krokrygg"" Haraldsson I",4,0,4,-4
6000000006727867901,Q1388172,Manfred,4,0,4,-4
6000000007571980548,Q138857863,Marie Apollonie Baur,4,0,4,-4
6000000017413713945,Q138910168,Ruth F. Koshland,4,0,4,-4
6000000013879641352,Q139242518,Barbara von Baden-Durlach,4,0,4,-4
6000000008102589124,Q139674944,Marcus Simon,4,0,4,-4
6000000017661128914,Q139674953,Eleanor Haas,4,0,4,-4
6000000024717026541,Q139675022,"Edith ""Didi"" May Koshland",4,0,4,-4
6000000211452854823,Q140078582,Alexandrine Andrieu,4,0,4,-4
6000000006101240586,Q1409,Gaius Julius Caesar Augustus Germanicus,4,0,4,-4
6000000000701024840,Q1419,Titus Flavius Caesar Vespasianus Augustus,4,0,4,-4
6000000001504606977,Q14269618,Jørgen Kaas,4,0,4,-4
6000000009432292659,Q1427,Publius Aelius Traianus Hadrianus Augustus,4,0,4,-4
6000000000700903993,Q1434,Marcus Aurelius Commodus Antoninus Augustus,4,0,4,-4
6000000001504216645,Q143805,Henrik Hartvigsen Krummedige,4,0,4,-4
6000000003827263685,Q14642973,Berenguier I,4,0,4,-4
6000000000424707604,Q14643080,Bernat,4,0,4,-4
6000000004868837171,Q14643182,Amalric I,4,0,4,-4
6000000001501000954,Q146465,Baldwin III,4,0,4,-4
6000000001126428617,Q14751950,Blanche Capet,4,0,4,-4
6000000003219749097,Q1475199,Alphonso Plantagenet,4,0,4,-4
6000000009437417609,Q14806894,William,4,0,4,-4
6000000004533221691,Q14852996,Margaretha van Brabant,4,0,4,-4
6000000001172352035,Q14974,Vladimir I SviatoslavichV 'the Great',4,0,4,-4
6000000000549937047,Q150512,"Otto II ""the Red""",4,0,4,-4
6000000000444676198,Q150620,Henry,4,0,4,-4
376469227150012924,Q150642,Vittorio Emanuele Ferdinando Maria Gennaro,4,0,4,-4
6000000000107264196,Q151457,Otto von Braunschweig,4,0,4,-4
6000000001449427127,Q15193,Aleksander I Pavlovich Holstein-Gottorp Romanov,4,0,4,-4
6000000000153344904,Q152370,Bela IV Péter,4,0,4,-4
6000000008630635932,Q152463,"Ludwig ""der Deutsche""",4,0,4,-4
6000000002322305180,Q154412,Maria,4,0,4,-4
294507970270007973,Q155473,Katharine of Luxembourg,4,0,4,-4
6000000001477171801,Q155599,Vladislav II. Gediminaičiai,4,0,4,-4
6000000003230105861,Q156048,"Pedro V de Alcântara Maria Fernando Miguel Rafael Gonzaga Xavier João António Leopoldo Victor Francisco de Assis Júlio Amélio Wettin, Ernestiner",4,0,4,-4
6000000002322315251,Q156147,"Ladislav ""the Cuman"" of Hungary",4,0,4,-4
6000000002517621586,Q15621898,Torbern Bille,4,0,4,-4
6000000011626767474,Q157052,Yoshihito,4,0,4,-4
6000000006906624674,Q157133,Conrad von Hohenstaufen,4,0,4,-4
6000000004377641319,Q157812,Frederick III Oldenburg,4,0,4,-4
4104662,Q158248,Anne,4,0,4,-4
6000000023701024475,Q15911516,廙 世將 琅邪臨沂,4,0,4,-4
6000000038103757899,Q15912964,絳 子華 開封雍邱,4,0,4,-4
6000000020774790061,Q15968609,Louis Joseph Napoléon Cambacérès,4,0,4,-4
6000000001881446504,Q16034374,Mauricette Fébronie de La Tour d'Auvergne-Bouillon,4,0,4,-4
6000000003988189324,Q160349,Charles de Valois,4,0,4,-4
6000000018902857814,Q16063252,Arent Krag,4,0,4,-4
6000000001504279331,Q16064612,"Mogens Krag, af Jylland",4,0,4,-4
6000000014479392865,Q16064774,Niels Ottesen Krag,4,0,4,-4
6000000002166501158,Q16064877,Otte Skeel,4,0,4,-4
6000000001504617812,Q16065286,Vilhelm Carl Vind,4,0,4,-4
6000000002188684029,Q1607449,Henry de Montfort,4,0,4,-4
6000000039002940806,Q16077169,舜元 才翁 梓州銅山,4,0,4,-4
4027499018870031172,Q160800,Anna Pavlovna Paulowna Romanov-Holstein-Gottorp,4,0,4,-4
6000000006429292016,Q161106,Konstantin Pavlovich Romanov,4,0,4,-4
6000000012526829690,Q16165426,Catharina,4,0,4,-4
6000000005391841649,Q161866,Henry IV,4,0,4,-4
6000000002598920203,Q1620487,Constance,4,0,4,-4
368988617700011508,Q162356,Jane Grey,4,0,4,-4
6000000000033687086,Q1627093,Xemena Garsea de Pamplona,4,0,4,-4
6000000000743413001,Q1635800,"Hugues ""le Diable""",4,0,4,-4
6000000001455982151,Q164889,Manfred,4,0,4,-4
6000000000047868106,Q165284,Louis VIII 'le Lion' de France,4,0,4,-4
6000000002527618911,Q16532663,Arne Arnmodsson,4,0,4,-4
6000000008630617323,Q16593877,Gilberga d'Ivrea,4,0,4,-4
6000000000296400640,Q16595741,Sidsel Ovesdatter Lunge,4,0,4,-4
4127756260420026840,Q166198,Maria Pavlovna Holstein-Gottorp-Romanov,4,0,4,-4
6000000001180336371,Q166436,Bushrod Washington,4,0,4,-4
6000000000717382308,Q166768,Catherine Mikhailovna Romanov-Holstein-Gottorp,4,0,4,-4
6000000001849875004,Q16685191,Eleonora Catharina van den Berg 's Heerenberg,4,0,4,-4
4040216435970129981,Q167236,Frederik Hendrik,4,0,4,-4
6000000000424848932,Q16726134,Paul Thorfinnsson,4,0,4,-4
6000000003646023907,Q16726135,Erlend Thorfinnsson,4,0,4,-4
4138652783200125692,Q167433,Caroline Amalie Elisabeth Welf,4,0,4,-4
6000000002188444318,Q167439,Maria Christina Johanna Josepha Antonia Habsburg-Lorraine,4,0,4,-4
6000000028242930967,Q16760732,Charlotte Stuart,4,0,4,-4
6000000028242691365,Q16760791,Henry Stuart,4,0,4,-4
6000000002188409157,Q16853883,Marie Caroline Leopoldine Franziska Theresia Josepha Medarde Habsburg-Lorraine,4,0,4,-4
6000000008248283516,Q16863340,William de Warenne,4,0,4,-4
6000000004533699409,Q168647,Heinrich of Austria,4,0,4,-4
6000000005767888778,Q168669,Gerberga,4,0,4,-4
6000000038103702983,Q16903326,縝 玉汝 開封雍邱,4,0,4,-4
6000000004526603037,Q169992,"John II ""the Good"" de Valois",4,0,4,-4
6000000004229255861,Q1701323,John Parke Custis,4,0,4,-4
6000000004183001793,Q170186,Marie Anna Josepha Antonia Habsburg-Lorraine,4,0,4,-4
6000000000632030828,Q170197,"Stéphanie Clotilde Louise Herminie Marie Charlotte Wettin, Ernestiner",4,0,4,-4
6000000001376129927,Q170202,Anne,4,0,4,-4
6000000001544446082,Q170335,Costanza de Hauteville,4,0,4,-4
6000000015494160992,Q17037798,Leif,4,0,4,-4
4104768,Q170394,Anne Catherine Hohenzollern,4,0,4,-4
6000000003389517650,Q17109475,Hans Marius Marius,4,0,4,-4
6000000000670268006,Q171185,Ivan III Vasilyevich Рюрикович,4,0,4,-4
6000000056741095981,Q1734953,Kasimir Lippe,4,0,4,-4
6000000011627000232,Q174231,Mutsuhito,4,0,4,-4
6000000002187891645,Q1747051,Guy,4,0,4,-4
6000000003827650152,Q174759,John,4,0,4,-4
6000000008459509075,Q1748721,Carlos Ferdinando de Borbon de las Dos Sicilias,4,0,4,-4
6000000003827542402,Q175138,Batu Khan,4,0,4,-4
6000000002244827382,Q1755340,Elisabeth Augusta Christiansdatter af Danmark og Norge von Oldenburg,4,0,4,-4
6000000000717697109,Q175833,"Wenceslaus I ""Jednooky""",4,0,4,-4
6000000012042726859,Q1762520,Fernando Afan,4,0,4,-4
6000000006727924084,Q1767930,Lothar the Lame,4,0,4,-4
6000000009848799572,Q1769652,Johan,4,0,4,-4
6000000003645832264,Q178908,Henry I of France,4,0,4,-4
6000000005910721929,Q178918,Robert II,4,0,4,-4
6000000000628768359,Q179284,Anna Komnene,4,0,4,-4
6000000003827438731,Q179421,Balthasar von Wettin,4,0,4,-4
6000000006953722480,Q1796668,Margaret Plantagenet,4,0,4,-4
6000000055804752825,Q17991559,巨倫 孝宗 博陵安平,4,0,4,-4
6000000000737726892,Q180123,Fatima al-Zahra Al-Hashemi,4,0,4,-4
6000000002043192249,Q1801414,Lambert,4,0,4,-4
6000000003243441451,Q180761,Constance Hohenstaufen,4,0,4,-4
6000000046862759652,Q18159197,Nathaniel F. Williams,4,0,4,-4
6000000004533839196,Q1818765,Leo Corfitzsøn,4,0,4,-4
6000000028242681488,Q18190130,Frederick Stuart,4,0,4,-4
6000000010083516886,Q18209168,Marie Charlotte de la Trémoïlle,4,0,4,-4
6000000008230821565,Q18222844,Luigi Maria Ferdinando Pietro di Alcantara Francesco d'Assisi Gennaro Francesco di Paola Alfonso Luigi di Gonzaga Camillo de Hellis Alexis Raimondo Torillo Sebastiano Filomena di Borbone-Due Sicilie,4,0,4,-4
6000000001669612310,Q18237850,Lage Brahe til Krogholm Vidskjøl,4,0,4,-4
6000000005049052325,Q182680,Harald «Greycloak» Eiriksson,4,0,4,-4
2430192,Q182840,Louis,4,0,4,-4
6000000010568748002,Q183089,Publius Septimius Geta,4,0,4,-4
6000000001841299775,Q183226,Carlos Antonio Pascual Francisco Javier Juan Nepomuceno José Januario Serafín Diego,4,0,4,-4
6000000003897590594,Q185126,Mithradates,4,0,4,-4
6000000019802085190,Q18528069,Harriet Mary Montagu,4,0,4,-4
361885795230005497,Q185316,"Ivan I Danilovich ""Kalita"" Rurikov",4,0,4,-4
6000000010381297259,Q18624487,George Stuart,4,0,4,-4
6000000074684878426,Q18654093,眉州眉山,4,0,4,-4
6000000001631291699,Q1866171,Liudolf,4,0,4,-4
6000000002363192047,Q187114,Ēadweard,4,0,4,-4
6000000008640434825,Q1885815,Mathilde of Leuven,4,0,4,-4
6000000000671874700,Q188995,Dmitry Ivanovich 'of the Don' Rurikov,4,0,4,-4
6000000006802476710,Q189108,Flavius Gratianus Augustus,4,0,4,-4
6000000004183285135,Q1895832,Marie Elisabeth Amalie Antonie Josephe Gabriele Johanna Agathe Habsburg-Lorraine,4,0,4,-4
6000000006727853990,Q1895876,Marie Franziske von Fürstenberg-Heiligenberg,4,0,4,-4
6000000002198946285,Q18988,Arnulf,4,0,4,-4
5285841649060074948,Q190091,"Hardeknud ""Guld-Harald"" Jelling",4,0,4,-4
6000000012801851579,Q191003,Carloman,4,0,4,-4
6000000000894017358,Q193658,Louis,4,0,4,-4
6000000002237838637,Q19560631,Eiler Sivertsen Sivertsen Grubbe,4,0,4,-4
6000000001554051035,Q196301,Louise Henriette Oranje,4,0,4,-4
5475072014990110867,Q19740384,Soetan,4,0,4,-4
6000000007980422298,Q19819964,Ove Jensen Bjelke,4,0,4,-4
6000000006157711718,Q198298,Hugh Nelson,4,0,4,-4
6000000001251580171,Q1991150,Margareta Eriksdotter,4,0,4,-4
6000000001251579467,Q1991299,Nicolas Arnesson,4,0,4,-4
6000000007412336339,Q2002250,Elizabeth de Clare,4,0,4,-4
5167106335910074581,Q2002601,Gilbert,4,0,4,-4
6000000083301291305,Q20031052,Alfred,4,0,4,-4
6000000003645908452,Q200401,Antigonus,4,0,4,-4
6000000006101366222,Q200922,Mithridates,4,0,4,-4
6000000003827527050,Q20107972,Elisabeth Nassau,4,0,4,-4
6000000015635301804,Q2012697,Alexander,4,0,4,-4
6000000001578882499,Q20171441,Isabella de Clare,4,0,4,-4
6000000003827612591,Q20172074,Gottfried IV. von Eppenstein,4,0,4,-4
6000000001849536031,Q2018018,Godefroy Maurice de la Tour d'Auvergne,4,0,4,-4
6000000012737710713,Q20202663,Mathilde de Hauteville,4,0,4,-4
4077656,Q202266,Margrethe I Valdemardatter,4,0,4,-4
6000000006101344894,Q2031646,Luis Napoleon Joseph Bonaparte-Moncalieri,4,0,4,-4
6000000078147482858,Q2041065,"Vasili (Vassian) Ivanovich ""Kosoy""",4,0,4,-4
6000000000437327174,Q2042216,Anna,4,0,4,-4
6000000003827435604,Q20499159,Mathilde von Braunschweig-Lüneburg,4,0,4,-4
6000000004533138274,Q2051043,Ulvhild Håkansdatter,4,0,4,-4
5156110937780025265,Q205289,Louis V 'le Fainéant’,4,0,4,-4
6000000000350921702,Q2052929,John Plantagenet,4,0,4,-4
6000000000899942202,Q205359,Ermentrude,4,0,4,-4
6000000007006053264,Q206315,Christoffer I Valdemarsen av Danmark,4,0,4,-4
6000000005705768014,Q206774,"Reginar I ""Longneck""",4,0,4,-4
6000000002224166476,Q2072769,Ida de Bouillon,4,0,4,-4
6000000020134905315,Q20737580,Henry B Morgenthau,4,0,4,-4
6000000180986157821,Q2080596,Koriat,4,0,4,-4
6000000014685780095,Q20820559,Vasili Mikhailovich Tverskoy,4,0,4,-4
302893164200008270,Q20822332,Amelia Neville,4,0,4,-4
5544182020970135787,Q209118,"Chlotharius II ""le Jeune""",4,0,4,-4
6000000003005339089,Q20931339,Byrd Charles,4,0,4,-4
6000000001759298047,Q21004272,Frances Parke Custis,4,0,4,-4
359281527140013083,Q210564,Michael Doukas,4,0,4,-4
6000000004533672567,Q2109400,"Rögnvaldr III ""Kali"" (the Holy) Kollson",4,0,4,-4
6000000001142223681,Q2120325,Cecilia de Normandy,4,0,4,-4
6000000003005087701,Q21279578,Marie-Joséphine-Anatole de Montesquiou-Fézensac,4,0,4,-4
6000000021394623919,Q21282919,Elodie Marie-Joséphine de Montesquiou-Fézensac,4,0,4,-4
6000000000109941736,Q212890,Dinis 'o Justo' de Portugal,4,0,4,-4
6000000002188399282,Q2129510,Karl Georg August Welf,4,0,4,-4
4276914716400033853,Q213720,Eugen Friedrich Heinrich von Württemberg,4,0,4,-4
6000000196144661849,Q2137291,Reginlind von Nellenburg,4,0,4,-4
6000000004173151815,Q21479974,Luis Ignacio Fernández de Córdoba y Enríquez de Ribera,4,0,4,-4
6000000010722142405,Q2149807,Joseph Lucien Bonaparte,4,0,4,-4
6000000000761701017,Q215204,"Louis II ""le Jeune"" Carolingian Dynasty",4,0,4,-4
6000000002188464915,Q215225,Maximilian Julius Leopold Welf,4,0,4,-4
6000000007571639404,Q2152788,Steen Maltesøn Maltesen Sehested,4,0,4,-4
6000000089854115086,Q21549573,Joseph Lucien Charles,4,0,4,-4
6000000000208453297,Q2160835,Eleanor de Clare,4,0,4,-4
6000000012920326878,Q21832848,Pompeo di Campello,4,0,4,-4
6000000003983345887,Q21854912,Ermensinde de Narbonne,4,0,4,-4
6000000001669662405,Q2195469,Gerberga,4,0,4,-4
5666804980580048343,Q220444,Blanca de Navarra,4,0,4,-4
6000000021076156199,Q22073823,Titus,4,0,4,-4
6000000000702651495,Q220823,Auguste Karoline Friederike Luise Welf,4,0,4,-4
6000000010601798151,Q221549,Napoléon Eugène Louis Jean Joseph Bonaparte,4,0,4,-4
6000000005598912554,Q224215,"Edward Augustus Welf, Guelph",4,0,4,-4
6000000000533539177,Q224728,Maria von Hohenstaufen,4,0,4,-4
6000000006127668589,Q225116,Maria Reginar,4,0,4,-4
6000000004344528746,Q225604,Henry,4,0,4,-4
6000000002173015709,Q2262964,Yolande de Dreux,4,0,4,-4
6000000009968748454,Q22673596,Catherine Caroline Montagu,4,0,4,-4
6000000008501397873,Q2278120,Umberto Maria Vittorio Amedeo Giuseppe,4,0,4,-4
6000000002188409567,Q2279884,Maria Anna Franziska Theresia Josepha Medarde Habsburg-Lothringen,4,0,4,-4
6000000002188434148,Q2279887,Vittorio Emanuele Savoy-Aosta,4,0,4,-4
6000000010201379576,Q229159,Margrete Sverre,4,0,4,-4
6000000000869440139,Q229189,Jeanne,4,0,4,-4
6000000079374383853,Q2291977,Marie Anatole Louise Elisabeth de Riquet de Caraman-Chimay,4,0,4,-4
6000000001338193719,Q229419,Isabel of Aragon,4,0,4,-4
6000000001172213829,Q2298294,Rogneda Anastasia,4,0,4,-4
6000000001694449866,Q2300129,Ruqayya Al-Hashemi,4,0,4,-4
6000000003645832206,Q230050,Isabelle,4,0,4,-4
6000000009432315864,Q230507,Margaret,4,0,4,-4
6000000011626897702,Q230697,Nagako,4,0,4,-4
6000000006727838062,Q2310836,Lubart Гедиминович Gediminid,4,0,4,-4
6000000003858771217,Q231334,Barbara of Cilli,4,0,4,-4
6000000006727821728,Q2318426,Alexandra Gediminds,4,0,4,-4
6000000003232550586,Q231871,Gisela Louise Marie Habsburg-Lorraine,4,0,4,-4
6000000004319761234,Q232031,Margit Árpádházi,4,0,4,-4
6000000008712507178,Q232090,Vipsania Agrippina,4,0,4,-4
6000000000709878499,Q2321295,Sophia Eriksdatter,4,0,4,-4
6000000010787155837,Q232147,Yolanda,4,0,4,-4
6000000002151025241,Q232271,Justa Grata Honoria Augusta,4,0,4,-4
6000000001651481289,Q232402,Louise Josefina Eugenia Bernadotte,4,0,4,-4
5411162182100027072,Q232425,Adelais de Poitou,4,0,4,-4
6000000002043184119,Q2327302,Matilda,4,0,4,-4
6000000004553073220,Q234002,Marie-Valerie Mathilde Amalie Habsburg-Lothringen,4,0,4,-4
6000000000666780234,Q234234,Mathilde de Savoie,4,0,4,-4
6000000000599365568,Q234724,Anastasia Yaroslavna Riurikai,4,0,4,-4
6000000001398131432,Q2349138,"Bolesław IV warszawski ks. Piast-Mazowiecki,",4,0,4,-4
6000000002188309029,Q23502831,Isabelle Valois,4,0,4,-4
6000000000424760602,Q235238,Henry,4,0,4,-4
6000000000307278841,Q235476,Blanche d'Evreux,4,0,4,-4
6000000000486980226,Q235619,Gertrudis van Nijvel,4,0,4,-4
6000000000124890646,Q235657,Maria de Portugal,4,0,4,-4
6000000008269730491,Q235857,Elizabeth Infanta of Aragon,4,0,4,-4
6000000001562994828,Q236290,"Margaret ""Maultasch"" of Gorizia",4,0,4,-4
6000000006444270409,Q2363495,Isabelle de Valois,4,0,4,-4
6000000006910550924,Q236911,Philippa of Lancaster,4,0,4,-4
6000000002188444326,Q236924,Maria Elisabeth Josepha von Habsburg-Lorraine,4,0,4,-4
6000000000170996982,Q236994,Adeliza of England van Leuven,4,0,4,-4
6000000003645801048,Q236999,Galla,4,0,4,-4
6000000003484293258,Q237076,Maria Lascarina,4,0,4,-4
6000000003760910764,Q237126,Frances Brandon,4,0,4,-4
6000000002188412852,Q237129,Marie Clémentine Léopoldine Caroline Clotilde Borbon-Orléans,4,0,4,-4
6000000002188412868,Q237318,"Louise-Marie Amélie Wettin, Ernestiner",4,0,4,-4
6000000004183517545,Q237458,Marie Johanna Gabriele Josefa Antonia Habsburg-Lorraine,4,0,4,-4
6000000007376819364,Q237642,Laodice,4,0,4,-4
6000000000424836694,Q237889,"Alaxandair ""The Peaceful"" mac Uilliam",4,0,4,-4
6000000002131803922,Q237900,Marie,4,0,4,-4
6000000003250420277,Q2379307,Eugénie of Greece and Denmark,4,0,4,-4
6000000000717776836,Q237987,Teresa Alfonso,4,0,4,-4
6000000003858704239,Q238341,Euphrosyne Misztiszlavovna,4,0,4,-4
6000000002828658772,Q2395614,Elżbieta Piasten,4,0,4,-4
6000000013345449599,Q2401633,Abdullah al-Tahir al-Tayyib,4,0,4,-4
6000000007391051017,Q240860,Konstancia - Constance of Hungary Iš Vengrijos,4,0,4,-4
6000000001985107443,Q2410760,昭良,4,0,4,-4
6000000002244843391,Q2411320,Hedwig Christina Christiansdatter Munk,4,0,4,-4
6000000009667006885,Q2411332,Dorothea Elisabeth Oldenburg,4,0,4,-4
4404300239730040631,Q2411371,Sophie Elisabeth Christiansdatter,4,0,4,-4
6000000011231963801,Q2411381,Christian Ulrik Gyldenløve,4,0,4,-4
4924524160660049048,Q241179,Violante Violant d'Aragón,4,0,4,-4
6000000002135641087,Q241424,Stephen,4,0,4,-4
6000000001599696823,Q241635,Eleanor of Sicily,4,0,4,-4
6000000002188429190,Q242181,Margarete Sophie Marie Annunciata Theresia Caroline Luise Josephe Johanna Habsburg-Lorraine,4,0,4,-4
6000000000307271653,Q242291,Katherine Grey,4,0,4,-4
6000000001365258699,Q242322,Joan of Caernarfon,4,0,4,-4
6000000029702129038,Q2424334,Thomas Griffin,4,0,4,-4
6000000014586454702,Q2426845,Umm Kulthum Al-Hashemi,4,0,4,-4
6000000003219792396,Q242832,Lothair IV de France,4,0,4,-4
6000000006444428459,Q242918,Mary Grey,4,0,4,-4
6000000006168271023,Q243267,Juliusz Wladyslaw,4,0,4,-4
6000000009189190206,Q2435894,Elizabeth of Rhuddlan,4,0,4,-4
4876305139330126068,Q2439746,Juana Manuel,4,0,4,-4
6000000003645877074,Q244345,Herod Archelaus .,4,0,4,-4
6000000001052011900,Q2453222,Ingibjörg Finnsdóttir,4,0,4,-4
6000000040103122754,Q245935,Louisa Stuart,4,0,4,-4
3518356,Q245968,James Archibald,4,0,4,-4
6000000003524503476,Q2464977,Kaributas Dmitry Gediminids,4,0,4,-4
6000000014685164467,Q2464985,Sigismund,4,0,4,-4
6000000000839117262,Q2466903,Hannibal Clausen Sehested,4,0,4,-4
4876333060490131136,Q2468400,Manuel Infante,4,0,4,-4
5473365398850111070,Q2470857,Sutan Sjahrir,4,0,4,-4
6000000080877594834,Q2472196,Rostislav Glebovich,4,0,4,-4
6000000023982372618,Q24800868,Reinhard Van Solms-Hungen,4,0,4,-4
6000000041757064064,Q2494481,Andrey Olgerdovich Андрей Ольгердович Полоцкий,4,0,4,-4
6000000002043182790,Q2535985,"Sigtrygg ""Silkbeard""",4,0,4,-4
6000000008947424376,Q25444596,Flavia Marina,4,0,4,-4
6000000003858782342,Q254471,Flavia Justina .,4,0,4,-4
6000000003365888340,Q254613,Elisabeth Amalie Eugenia Maria Theresia Karoline Luise Josepha Habsburg-Lorraine,4,0,4,-4
6000000000307254948,Q255704,"Antónia María Fernanda Micaela Gabriela Rafaela Francisca de Assis Ana Gonzaga Silvéria Júlia Augusta Wettin, Ernestiner",4,0,4,-4
6000000002188464892,Q2571635,Wilhelm Adolf Welf,4,0,4,-4
6000000016467072953,Q2591850,"Dymitr ""the Elder"" ??? ""Olgerdovich"" Rurikid",4,0,4,-4
6000000032867512242,Q2603591,RM H Oemar Said (HOS),4,0,4,-4
6000000018329271956,Q260543,"Harald IV ""Gille""",4,0,4,-4
6000000000707672283,Q260550,"Elizabeth Mikhailovna Holstein-Gottorp, Romanov",4,0,4,-4
364684989340012633,Q2609611,Margaret de Clare,4,0,4,-4
6000000002237511608,Q2622086,"Ulrik Christian of Denmark and Norway, of Oldenburg",4,0,4,-4
6000000000123057197,Q262363,Rei Henrique II,4,0,4,-4
6000000008878196462,Q2628439,"Vladimir ""The Brave"" Andreyevich",4,0,4,-4
6000000005037689063,Q26326,Donnchad mac Crínáin,4,0,4,-4
5311616200170125363,Q263412,Dagmar Margretha Přemysl,4,0,4,-4
6000000006727764715,Q2639808,Albrecht Günther Schwarzburg,4,0,4,-4
6000000001218533012,Q26405863,Olof Engelbertsson Bure,4,0,4,-4
6000000000768236392,Q26486,Ladislaus Árpád dynasty,4,0,4,-4
6000000013334507592,Q265460,Margarethe von Luxemburg,4,0,4,-4
6000000007059343514,Q2656999,Isabella Charlotte Orange-Nassau,4,0,4,-4
6000000011798345595,Q2658032,Ove Bostrupsen Gjedde,4,0,4,-4
6000000001186409222,Q2662522,Adam Hjalmar Wilhat Glahn Rafn Nissen,4,0,4,-4
6000000003773899334,Q266751,"Bertrada ""au Grand Pied"" de Laon",4,0,4,-4
4363245702860036902,Q2669823,Tautvilas Кейстутович Kęstutaitis,4,0,4,-4
6000000000700873631,Q2670053,Lutgardis,4,0,4,-4
6000000000770008073,Q2679779,Francoise Louise Caroline Borbon-Orleans,4,0,4,-4
6000000006727873134,Q269085,Izyaslav II Мстиславович Rurikid,4,0,4,-4
6000000002187757944,Q269573,Baudouin de Courtenay,4,0,4,-4
6000000000826993411,Q269691,Rotrude,4,0,4,-4
6000000003243441459,Q269904,Helena Angelina Doukaina,4,0,4,-4
6000000028804356935,Q27031136,Anna Dmitrievna,4,0,4,-4
6000000030281163937,Q2710426,Guillaume II,4,0,4,-4
6000000001359031010,Q271080,Amalie Therese Louise Wilhelmina Philippine Württemberg,4,0,4,-4
6000000006079492556,Q271260,Mandana of Media,4,0,4,-4
283181900190003966,Q271376,Amestris,4,0,4,-4
6000000000111086524,Q272903,Afonso 'o Ousado',4,0,4,-4
2915061,Q273773,Rollo Ragnvaldsson,4,0,4,-4
6000000003122427458,Q2738923,Bianca Marie of Savoy,4,0,4,-4
4694202,Q274428,Augusta Oldenburg,4,0,4,-4
4635537774070073496,Q2745448,Constance,4,0,4,-4
6000000010381139189,Q275288,John Stuart,4,0,4,-4
6000000001504221138,Q27825805,Karen Iversdatter Krabbe,4,0,4,-4
6000000001594086076,Q279770,Alice de Namur,4,0,4,-4
6000000006906665142,Q280053,"Bolesław I ""The Tall"" Piast",4,0,4,-4
6000000001784093152,Q280229,Takahito,4,0,4,-4
6000000002135079979,Q280495,Leopold IV,4,0,4,-4
6000000001544600421,Q282436,Theobald de Blois,4,0,4,-4
6000000021194230241,Q2825459,Adélaïde Louise Davout,4,0,4,-4
6000000010615374324,Q283107,"Charles ""the Younger""",4,0,4,-4
6000000003219768010,Q283151,Edmund,4,0,4,-4
6000000000728299766,Q283312,Dulcía (Aldonza) Aragon,4,0,4,-4
6000000007036545388,Q2833455,Louis Philippe Marie Alexandre,4,0,4,-4
6000000029855150499,Q2847231,ANDRE,4,0,4,-4
6000000001336803104,Q285148,Marcus Atius Balbus,4,0,4,-4
6000000006101404665,Q2853700,Antoine Bonaparte,4,0,4,-4
6000000012114525635,Q2856397,Henrik Jenssøn Bielke,4,0,4,-4
6000000004548717765,Q2874964,Aimery II,4,0,4,-4
6000000001651502714,Q287511,Ingeborg Eriksdatter af Danmark,4,0,4,-4
6000000001504729741,Q28840897,Eiler Urne,4,0,4,-4
6000000005005271194,Q2887886,Gudrød,4,0,4,-4
6000000039003620896,Q2898749,舜欽 子美 梓州銅山,4,0,4,-4
6000000009352684390,Q289905,Margaret of Savoy-Acaia,4,0,4,-4
6000000001500841170,Q2910228,Bonne de Bourgogne,4,0,4,-4
6000000006097322087,Q291086,Elisabeth von Luxemburg-Böhmen,4,0,4,-4
6000000010241504990,Q2916993,Edward George Henry Montagu,4,0,4,-4
6000000003645734414,Q2919957,Malmfrid Kijewskaja,4,0,4,-4
6000000001745085974,Q2929497,Béatrice de Bourgogne,4,0,4,-4
6000000000796891248,Q295850,Afonso III,4,0,4,-4
6000000000770008106,Q2960519,Charles Duke of Penthievre,4,0,4,-4
6000000002764690956,Q2960670,Charles Arthur Anne Marie,4,0,4,-4
6000000000783951528,Q297278,Juan de Castilla y León,4,0,4,-4
6000000002322337575,Q297295,Юрий Данилович Rurikov,4,0,4,-4
6000000001500984923,Q298056,"Andrew III ""the Venetian""",4,0,4,-4
6000000014911501583,Q2982824,Moniwid Vojtech c.o.a. Leliva,4,0,4,-4
6000000009550429339,Q298636,Herod Agrippa Marcus Julius,4,0,4,-4
6000000000537218162,Q298896,Baldwin Flanders Haina,4,0,4,-4
6000000004526533002,Q298901,"John ""the Fearless"" of Burgundy",4,0,4,-4
6000000005002217707,Q298945,Lothair,4,0,4,-4
6000000000125864381,Q299156,Ramón Berenguer 'Alfonso el Casto' de Aragón,4,0,4,-4
6000000007377315413,Q2991706,Gleb Vseslavich iš Polocko,4,0,4,-4
6000000003962328571,Q299645,Carloman Pépin,4,0,4,-4
6000000001543828703,Q302942,Johann Friedrich von Württemberg,4,0,4,-4
6000000000011769369,Q3047749,François Edmond Eugene,4,0,4,-4
6000000007151834962,Q3067105,Juan Francisco Tomás de la Cerda Enríquez de Ribera,4,0,4,-4
6000000003004013794,Q3084267,François Clary,4,0,4,-4
6000000022542877563,Q3084951,François Jean,4,0,4,-4
5100019662190032286,Q3084972,François Joseph Eugène Napoléon,4,0,4,-4
6000000001849400415,Q3089542,Frederic Maurice van La Tour,4,0,4,-4
5478155622450039203,Q309919,"Chlodovech ""le Fainéant"" des Francs",4,0,4,-4
6000000004884976568,Q31061,Marie Joseph Anatole Élie,4,0,4,-4
3996789354360035440,Q310807,Albrecht Friedrich Rudolf Dominik Habsburg-Lothringen,4,0,4,-4
6000000000733461316,Q310963,"Pedro 'el Justiciero', 'el Cruel'",4,0,4,-4
6000000003741916756,Q311138,Adefonso III 'el Magno',4,0,4,-4
6000000001562593113,Q311455,Willem van Nassau-Dillenburg,4,0,4,-4
5381202464070053447,Q311996,Magnus Olavson,4,0,4,-4
6000000018661502317,Q3119969,Guillaume I,4,0,4,-4
6000000006727790937,Q312057,Casimir Jagiellon,4,0,4,-4
6000000001200023579,Q3121005,Ulvhild Olavsdatter,4,0,4,-4
6000000000109943404,Q312110,Sancho IV 'el Bravo',4,0,4,-4
6000000001462706010,Q312328,Juan II 'el Grande' de Castilla y León,4,0,4,-4
6000000006093466520,Q312606,Childébert,4,0,4,-4
6000000001669640549,Q3127251,Harald Eriksen Eriksen,4,0,4,-4
6000000001599527098,Q312735,Jaime II 'el Justo' de Aragón,4,0,4,-4
6000000004122444128,Q3130562,Henry Antoine Marie де Ноай,4,0,4,-4
6000000003243493403,Q3132263,Henri de Dreux,4,0,4,-4
6000000036368898440,Q3132611,Marcia,4,0,4,-4
6000000006858348535,Q313735,Lucius Vipsanius Agrippa,4,0,4,-4
6000000011627097322,Q313870,昭仁,4,0,4,-4
4077704,Q313879,Olav II/IV,4,0,4,-4
6000000000632007001,Q314331,"Charles ""the Lame"" of Anjou",4,0,4,-4
6000000001238438053,Q314562,Thibaut 'le Chansonnier' de Champagne,4,0,4,-4
4075666,Q314595,Eystein Magnusson,4,0,4,-4
6000000001593991258,Q3147770,Ida,4,0,4,-4
6000000000125816242,Q315058,Pedro 'el Católico' de Aragón,4,0,4,-4
6000000000632030029,Q315076,Sancho 'el Deseado' de Castilla,4,0,4,-4
6000000003299280458,Q3154496,NN poss Ermengarde,4,0,4,-4
6000000006101386502,Q315526,Bindusara,4,0,4,-4
6000000049953991156,Q315594,Fumimaro Konoe,4,0,4,-4
6000000000205108437,Q315628,Cuitláhuac de Iztapalapa,4,0,4,-4
6000000006861547392,Q315670,Juba II,4,0,4,-4
6000000000771264415,Q316042,Olav,4,0,4,-4
6000000008477543238,Q316115,Alfonso IX,4,0,4,-4
4076230,Q316398,Håkon Härdabred Sigurdsson,4,0,4,-4
6000000000138722743,Q316859,Fernando IV 'el Emplazado' de Castilla y León,4,0,4,-4
6000000006101404719,Q3175994,Jeanne Bonaparte,4,0,4,-4
6000000022542690544,Q3179446,Joachim Charles Napoléon Clary,4,0,4,-4
6000000018017473217,Q3179490,Joachim,4,0,4,-4
6000000030768119996,Q3182333,Margaret de Huntingdon,4,0,4,-4
6000000003827359843,Q3184281,Joseph Gaspard Tascher de la Pagerie,4,0,4,-4
6000000002713142517,Q318478,Eric I - 'the Good' Sweynsøn,4,0,4,-4
6000000040314769592,Q3185192,Józef Benedykt,4,0,4,-4
6000000020774677765,Q3185518,Giuseppe Primoli,4,0,4,-4
6000000022542377531,Q3190546,Justinien Nicolas Clary,4,0,4,-4
6000000036574504276,Q319618,安石 介甫 撫州臨川,4,0,4,-4
6000000000717877042,Q319625,Henri de Bourgogne,4,0,4,-4
6000000001504736783,Q3198079,Knud Juel,4,0,4,-4
6000000003398531458,Q3198083,Knut Håkonsson,4,0,4,-4
6000000002187684162,Q320730,Heinrich II „der Fette“ Askanier,4,0,4,-4
6000000003645853688,Q32133,Lysimachus,4,0,4,-4
6000000006444086960,Q322819,Willem VIII Herzog von Jülich,4,0,4,-4
6000000006727781718,Q3241152,Elisabeth von Nassau-Dillenburg,4,0,4,-4
6000000011837651596,Q324493,"Shvarn ""Lightning"" Jonas Rurikid",4,0,4,-4
6000000010009765706,Q324829,Wilhelm Nassau,4,0,4,-4
6000000003827359533,Q324845,Gustav Adolf Nassau,4,0,4,-4
6000000007150951000,Q325906,Marcus Vipsanius Agrippa Vipsanius-Agrippa,4,0,4,-4
6000000006727764937,Q3259444,Adolf,4,0,4,-4
6000000008483139893,Q3263876,Ludovika Elisabeth Franziska Habsburg-Lothringen,4,0,4,-4
6000000000307283084,Q327758,Eugen Napoleon Nicolaus Bernadotte,4,0,4,-4
6000000007381286357,Q328233,Ferdinand Karl Anton Joseph Johann Stanislaus von Österreich-Este,4,0,4,-4
6000000005864637017,Q328755,Hugues 'Magnus' Capet,4,0,4,-4
6000000003472274918,Q3290817,Margherita del Baux,4,0,4,-4
6000000006727781701,Q329117,Adolf von Nassau,4,0,4,-4
6000000001416312174,Q3293507,Publius Cornelius,4,0,4,-4
6000000006127668486,Q3298973,Mechthild,4,0,4,-4
6000000005035166996,Q3299000,Mechtild,4,0,4,-4
6000000000796862731,Q330360,William FitzRobert,4,0,4,-4
6000000001504846742,Q3307503,Mette Iversdatter Dyre,4,0,4,-4
6000000000212168782,Q33129311,Birgitte Ottesdatter Rosenkrantz,4,0,4,-4
6000000003110467510,Q3314035,Mildred Warner,4,0,4,-4
6000000002265762670,Q332140,Édgar,4,0,4,-4
6000000001745033558,Q332516,Iziaslav Dmitri Yaroslavich Rurikids,4,0,4,-4
6000000000186468901,Q333319,Bernard,4,0,4,-4
6000000021398424634,Q3335965,Louis Napoléon Suchet,4,0,4,-4
6000000004052699411,Q333627,Ordoño III,4,0,4,-4
6000000000033235630,Q333676,Ordoño II de Asturias,4,0,4,-4
6000000000460873682,Q333884,Bohemond Guiscardo,4,0,4,-4
6000000012019038766,Q335525,Acamapichtli,4,0,4,-4
6000000005735814434,Q3355978,Vincents Budde,4,0,4,-4
6000000002512272407,Q3356544,Tora Torbergsdatter,4,0,4,-4
6000000035370711840,Q3363248,Jacob,4,0,4,-4
6000000002929624391,Q3364447,Jørgen Thygesen,4,0,4,-4
6000000006444422522,Q337057,Louis I,4,0,4,-4
6000000002935668702,Q3371291,Claus Steensen,4,0,4,-4
6000000001504955379,Q3375914,Anne Henriksdatter Gøye,4,0,4,-4
6000000048526889980,Q337773,宗元 子厚 河東解縣,4,0,4,-4
6000000009061324498,Q3391504,Anne Jørgensdatter Rud,4,0,4,-4
6000000002237431691,Q3428292,"Elisabeth Sofie of Denmark and Norway, of Oldenburg",4,0,4,-4
6000000002935837595,Q3429113,Steen Clausen,4,0,4,-4
6000000009878540640,Q3429244,Erik Segebodsen Krummedige,4,0,4,-4
6000000001479334302,Q3429250,Johannes (Hans) af Oldenborg,4,0,4,-4
6000000003645760032,Q343088,Magnus Haraldsson,4,0,4,-4
6000000016832130277,Q3432384,Maria Haraldsdotter,4,0,4,-4
6000000002187820426,Q343243,Gerhard von Jülich,4,0,4,-4
6000000002997995944,Q34408,Abdullah Al-Hashemi,4,0,4,-4
6000000002644652306,Q346,"Louis IX ""the Saint"" of France",4,0,4,-4
6000000001169157325,Q3481137,"Ólafur ""Pái""",4,0,4,-4
6000000006599903267,Q3481758,Christian Gyldenkrone,4,0,4,-4
6000000002865879088,Q3481799,Holger Jørgensen,4,0,4,-4
6000000007394963376,Q348293,Adelolf,4,0,4,-4
6000000003615807137,Q348322,Guy IV de Châtillon,4,0,4,-4
6000000005248835643,Q3486464,Zbyslava Sviatopolkovna of Kiev,4,0,4,-4
6000000003897541297,Q348689,Vsevolod (Dmitry) Yuryevich Big Nest Rurikov,4,0,4,-4
6000000006444496628,Q348961,Louis I de France,4,0,4,-4
6000000003531113316,Q349086,Leopold,4,0,4,-4
4103266,Q3494383,Ingeborg Bruce,4,0,4,-4
6000000011627007814,Q349440,周仁,4,0,4,-4
6000000014928544038,Q349556,Bohemond VII de Poitiers,4,0,4,-4
5304606047970088500,Q350186,Christopher II Eriksön Eriksen af Danmark,4,0,4,-4
317651825030005113,Q350220,Magnus III Ladulås Birgersson,4,0,4,-4
6000000001651460598,Q350226,Erik Plogpenning Estridsøn,4,0,4,-4
5381159762450127210,Q350498,Sigurd II Munn Haraldsøn Konge av Norge,4,0,4,-4
6000000007453868294,Q351751,Axayacatl Tlatoani de Iztapalapa,4,0,4,-4
6000000001169088300,Q352133,"Anund Jacob ""Kolbränna"" Olofsson",4,0,4,-4
6000000002441590664,Q353829,Adela,4,0,4,-4
6000000000157044029,Q354672,Pierre II de Courtenay,4,0,4,-4
6000000000665544437,Q356564,Raymund VI de Tolosa,4,0,4,-4
6000000003455608992,Q357200,Valdemar Birgersson,4,0,4,-4
6000000003219772256,Q357539,Gian Galeazzo,4,0,4,-4
5304611081740076756,Q359588,Eric V Christofferson Klipping (Glipping),4,0,4,-4
6000000004282198435,Q3604408,Achille,4,0,4,-4
4209710,Q361286,Gustaf Oscar Bernadotte,4,0,4,-4
6000000007361143654,Q3614149,Aimery IV,4,0,4,-4
6000000006100782176,Q3616222,Andrei Vasilievich Московский,4,0,4,-4
6000000005769561206,Q362113,William,4,0,4,-4
6000000003827468000,Q362670,Adolph III,4,0,4,-4
6000000001336571372,Q363084,Gaius Octavius,4,0,4,-4
6000000003827438829,Q3634700,Barbara von Württemberg,4,0,4,-4
6000000003827904383,Q3637286,Beatrix Hohenstaufen,4,0,4,-4
6000000082865406003,Q3642134,Bonifacio,4,0,4,-4
6000000000227285658,Q364637,Heribert de Vermandois,4,0,4,-4
6000000009432571125,Q3655950,Annia Aurelia Galeria Faustina,4,0,4,-4
6000000002187757964,Q365620,Robert de Courtenay,4,0,4,-4
6000000002188436115,Q3659899,Carlo Tito Francesco Giuseppe di Borbone,4,0,4,-4
6000000002188386573,Q3660058,Carlos María,4,0,4,-4
6000000005758041019,Q366998,Baldwin,4,0,4,-4
6000000000153391275,Q367226,Frederick II-III,4,0,4,-4
4282286258400034419,Q369973,Joseph Karl Ludwig Habsburg-Lothringen,4,0,4,-4
6000000011808592729,Q370363,Nero Julius Caesar Germanicus,4,0,4,-4
6000000009965449321,Q37062,John VIII Palaiologos,4,0,4,-4
6000000002188002311,Q37067,Andronikos II Palaiologos,4,0,4,-4
6000000006101348166,Q37074,John VII,4,0,4,-4
361244423510011619,Q37078,Andronikos IV,4,0,4,-4
6000000002245794809,Q375325,Robert I Capet,4,0,4,-4
4179600881960025620,Q3756761,Gabriella Rasponi Bonanzi,4,0,4,-4
6000000001611675939,Q3766298,Joan de Geneville,4,0,4,-4
6000000083296515552,Q3768094,Giovanni,4,0,4,-4
6000000003659827365,Q377613,Adélaïde of Bourgogne,4,0,4,-4
6000000001412935350,Q378177,Baldwin,4,0,4,-4
6000000001745009000,Q3783760,Hawise Kevelioc de Meschines,4,0,4,-4
6000000012927584450,Q378502,Jumong 주 고,4,0,4,-4
6000000001744822677,Q378889,Odo,4,0,4,-4
6000000002372843490,Q381273,Peter II,4,0,4,-4
6000000002214355256,Q382138,Baldwin,4,0,4,-4
6000000004167822768,Q382339,William 'the Grand' of Aquitaine,4,0,4,-4
6000000003005128904,Q3837606,Louis Napoleon Murat,4,0,4,-4
6000000006101404674,Q3847091,Alexandrine Marie Bonaparte,4,0,4,-4
6000000015338008704,Q3887340,Ottone,4,0,4,-4
6000000001009256047,Q391053,Valdemar Christian Christiansøn,4,0,4,-4
6000000014777519832,Q3920677,Jurga / Yuri Семёнович,4,0,4,-4
6000000001500835116,Q3929569,Remón Berenguer Berengario,4,0,4,-4
6000000009898362855,Q3934800,Richard ‘Copped Hat’ Fitzalan,4,0,4,-4
6000000011448015690,Q393872,Poul Huitfeldt,4,0,4,-4
6000000005980497729,Q39589,Ptolemy Philopator Philometor Caesar,4,0,4,-4
6000000001355636606,Q39962,Berenice,4,0,4,-4
6000000002415390027,Q39991,Ptolemy Neos Dionysos Theos Philopator Theos Philadelphos,4,0,4,-4
6000000014643422327,Q4003107,Ulrich von Württemberg,4,0,4,-4
6000000008786632927,Q4056710,Agafia Vladimirovna,4,0,4,-4
6000000017936641758,Q4064917,Anastasia Юрьевна of Smolensk,4,0,4,-4
6000000006410198485,Q4066553,Anna Jagiellon,4,0,4,-4
6000000006727821988,Q4110531,Vygantas Alexander Algirdaitis,4,0,4,-4
6000000003957630238,Q41178,Haile Mekonnen Selassie,4,0,4,-4
6000000003827703139,Q41240936,Enrico II del Carretto,4,0,4,-4
6000000009129004944,Q4142839,"Semen ""Ruthless""",4,0,4,-4
6000000003049156212,Q41514,Mstislav Владимирович Vladimirovich,4,0,4,-4
6000000000759679062,Q41610,Manuel I,4,0,4,-4
6000000002979868893,Q41628,John Komnenos,4,0,4,-4
6000000008876704550,Q41656437,Maria Dmitriyevna of Moscow,4,0,4,-4
385912840740007136,Q41659,Zoe Porphyrogenita,4,0,4,-4
6000000003087173440,Q41849,Alexios II,4,0,4,-4
6000000013301353853,Q4195575,Ivan Vladimirovich,4,0,4,-4
6000000002603403806,Q4197646,Igor Yaroslavich Vladimir Volynsk,4,0,4,-4
6000000003529342434,Q4214826,Katherine Plantagenet,4,0,4,-4
5566679525130124570,Q4216185,Mary Plantagenet,4,0,4,-4
5597288619460126496,Q42305,"Richard I ""Cœur-de-lion""",4,0,4,-4
6000000000450610499,Q4261370,Ruhana Kuddus,4,0,4,-4
6000000000437169972,Q4268454,Philippa de Dreux,4,0,4,-4
6000000038027406702,Q4272132,祖謙 伯恭 東萊 婺州金華,4,0,4,-4
6000000037195911979,Q4297190,Mikhail Олелькович Gediminids,4,0,4,-4
6000000003866889992,Q43063,Franz Ferdinand Carl Ludwig Joseph Maria Habsburg-Lotharingen,4,0,4,-4
6000000002188101037,Q4309910,麗質 隴西狄道,4,0,4,-4
6000000017554351446,Q4309963,隴西狄道,4,0,4,-4
6000000010800867099,Q4310626,晟 季晟 河南洛陽,4,0,4,-4
6000000006101404613,Q433402,Eugénie Hortense Auguste Beauharnais,4,0,4,-4
6000000002205617469,Q433463,Marcus Livius Drusus,4,0,4,-4
5468385692850038021,Q4357070,Otte Knudsen Rud,4,0,4,-4
6000000000742036243,Q435726,Barbara Jagiellon,4,0,4,-4
6000000004183001799,Q435955,Marie Caroline Ernstine Antonie Johanna Josephe Habsburg-Lothringen,4,0,4,-4
6000000067817945889,Q43899859,Luigi Lante Montefeltro Della Rovere,4,0,4,-4
302224840050008242,Q441706,Annia Cornificia Faustina Minor,4,0,4,-4
6000000000701225390,Q442257,Rudolph,4,0,4,-4
6000000006597811083,Q442284,Maximilien Joseph Eugene Auguste Napoleon Beauharnais,4,0,4,-4
6000000002188420335,Q445106,Emanuele Filiberto Vittorio Eugenio Genova Giuseppe Maria di Savoia,4,0,4,-4
6000000001057847146,Q447129,Eleanor of Woodstock,4,0,4,-4
6000000000768942057,Q447333,Richeza Adelaide Mieszkówna Piast,4,0,4,-4
6000000000276561843,Q44741,Francisco,4,0,4,-4
6000000003472446950,Q448289,Jacquetta de Luxembourg,4,0,4,-4
6000000002240799770,Q448853,Johanna von Bayern,4,0,4,-4
6000000000307262142,Q4490179,Henry Grey,4,0,4,-4
6000000000123850731,Q4490316,Guillaume de Hainaut,4,0,4,-4
6000000028818686154,Q4493877,Theodor / Fiodor Demetrius Гедиминович,4,0,4,-4
6000000001593972605,Q450332,Sophia Árpád dynasty,4,0,4,-4
6000000017826515650,Q450751,Henry Morgenthau,4,0,4,-4
6000000031641646075,Q450841,Laodice .,4,0,4,-4
6000000002215326285,Q451790,Eustace II “aux Gernons”,4,0,4,-4
6000000000196218118,Q451920,Amadeus,4,0,4,-4
6000000003681311829,Q452639,Edward,4,0,4,-4
311714621730004586,Q452932,Hedvig af Slesvig-Holsteen & Oldenborg,4,0,4,-4
6000000003827837448,Q4534893,Yuri Yaroslavich von Kiew,4,0,4,-4
6000000038980963831,Q45359088,挺 子政 應天宋城,4,0,4,-4
6000000074705305884,Q45359600,平 保衡 潁州汝陰,4,0,4,-4
6000000037889594982,Q45360420,仲參 孝先 濟州鉅野,4,0,4,-4
6000000074300055890,Q45360445,端仁 堯民 濟州鉅野,4,0,4,-4
6000000019864575796,Q45362817,公望 武仲 Zēng 曾,4,0,4,-4
6000000037722184067,Q45363791,大名莘縣,4,0,4,-4
6000000074691624853,Q45363796,江陵,4,0,4,-4
6000000038106946677,Q45363805,大名宗城,4,0,4,-4
6000000074369830771,Q45363807,開封,4,0,4,-4
6000000074685744873,Q45363912,青州益都,4,0,4,-4
6000000074684504373,Q45363986,鄭州管城,4,0,4,-4
6000000039003231268,Q45364009,大名莘縣,4,0,4,-4
6000000074310372965,Q45364074,德儀 文柔 開封,4,0,4,-4
6000000074691634903,Q45364077,盱貽天長,4,0,4,-4
6000000074704649902,Q45364086,德操 淑女 建昌南豐,4,0,4,-4
6000000037591245597,Q45364102,撫州金谿,4,0,4,-4
6000000037591171683,Q45364104,撫州金谿,4,0,4,-4
6000000074704610929,Q45364107,泉州晉江,4,0,4,-4
6000000038103370956,Q45364118,壽州,4,0,4,-4
6000000074309475292,Q45364124,開封,4,0,4,-4
6000000074724774513,Q45364492,江寧,4,0,4,-4
6000000074684841023,Q45364523,鄭州管城,4,0,4,-4
6000000074381683980,Q45364592,明州鄞縣,4,0,4,-4
6000000074370964866,Q45364597,袁州宜春,4,0,4,-4
6000000074703898863,Q45364673,眉州眉山,4,0,4,-4
6000000074703871909,Q45364756,眉州眉山,4,0,4,-4
6000000074704442963,Q45364882,季儀 鎮江丹徒,4,0,4,-4
6000000074684720212,Q45364911,鄭州管城,4,0,4,-4
6000000074704649906,Q45364935,建昌南豐,4,0,4,-4
6000000038132071754,Q45364938,德克 淑珍 建昌南豐,4,0,4,-4
6000000074692168857,Q45364965,越州山陰,4,0,4,-4
6000000074472357982,Q45365050,次元 希一 常州武進,4,0,4,-4
6000000038132317290,Q45366095,無咎 補之 建昌南城,4,0,4,-4
6000000046992239046,Q45366098,元 舜弼 大名莘縣,4,0,4,-4
6000000042925980567,Q45373372,時敏 子脩 平江崑山,4,0,4,-4
5535400391550125499,Q453739,Ansegisel de Metz,4,0,4,-4
6000000003858554079,Q453771,"Albrecht III ""Achilles"" Hohenzollern",4,0,4,-4
6000000074354777836,Q45384390,宗恕 求仁 開封雍邱,4,0,4,-4
6000000006727873998,Q4538779,Yaroslav (Ioann) Sviatopolkovich Рюрикович,4,0,4,-4
6000000074704654931,Q45400391,悟 蒙伯 建昌南豐,4,0,4,-4
6000000000222677079,Q454017,Fulk,4,0,4,-4
6000000075345013910,Q45419630,騭 范陽方城,4,0,4,-4
6000000075326817068,Q45419631,高州良德,4,0,4,-4
6000000074744697294,Q45425352,鄭州管城,4,0,4,-4
6000000000770008062,Q454297,Louis Charles Philippe Raphaël d'Orléans,4,0,4,-4
6000000031949196886,Q455181,Conrad,4,0,4,-4
6000000005076951672,Q456462,Elizabeth Plantagenet,4,0,4,-4
6000000010120948699,Q4571352,Torberg Arnesson,4,0,4,-4
6000000002238741924,Q4575564,Anne Cathrine Christiansdatter,4,0,4,-4
6000000001479998258,Q457586,Sophia Jagiellon,4,0,4,-4
6000000011249640031,Q4604,Confucius 仲尼 子姓,4,0,4,-4
6000000008489286572,Q4605238,Joseph Franz Leopold,4,0,4,-4
6000000002903773792,Q461045,Henry,4,0,4,-4
6000000000162835957,Q462768,Antiochos Dikaios Épiphane,4,0,4,-4
6000000003026008879,Q462881,Thibaut Theobald de Blois,4,0,4,-4
6000000002119510494,Q46418,Flavius Julius Constantius,4,0,4,-4
6000000003424534304,Q464449,Isabel Cristina Leopoldina Augusta Micaela Gabriela Rafaela Gonzaga de Bragança e Bourbon,4,0,4,-4
6000000000120326597,Q465451,Alfonso II,4,0,4,-4
6000000018752060667,Q46666,Agnes Hákonardóttir,4,0,4,-4
6000000006267614247,Q46720,Flavius Valentinianus (Flavius Valentinianus),4,0,4,-4
6000000012570835514,Q467655,Kikuko Tokugawa,4,0,4,-4
6000000006946463180,Q46846,Flavius Valentenianus,4,0,4,-4
6000000009974717557,Q469002,Richard of Conisburgh,4,0,4,-4
6000000000156978511,Q469598,Baldwin,4,0,4,-4
6000000002213340177,Q469638,Arnulf,4,0,4,-4
6000000002491551942,Q470528,Amha Selassie,4,0,4,-4
6000000019731423449,Q470602,Kazimierz II,4,0,4,-4
6000000013342487547,Q4723,Charles de Croÿ,4,0,4,-4
6000000000796852558,Q4726175,Alice de Warenne,4,0,4,-4
6000000000843602131,Q47365,Maria Antonia Josefa Johanna Habsburg-Lothringen,4,0,4,-4
6000000011177762344,Q47544770,Karoline Adelheid Pauline von Rottenburg,4,0,4,-4
6000000014913046823,Q476670,Lambert 'Balderik' of Leuven,4,0,4,-4
6000000005617793611,Q47687555,Abraham Eriksson (Gyllenstierna),4,0,4,-4
6000000000665490559,Q478057,Raymund V de Tolosa,4,0,4,-4
6000000008222968453,Q4785857,Maria Karolina Habsburg-Lorraine,4,0,4,-4
6000000005049052320,Q4806359,Gamle,4,0,4,-4
6000000003165915061,Q481439,"Valdemar ""den Unge"" af Danmark",4,0,4,-4
6000000002027392486,Q481517,Wenceslaus II,4,0,4,-4
6000000003165087905,Q4821226,Augustine Washington,4,0,4,-4
6000000009553345029,Q483783,Lucius Cornelius Sulla Felix,4,0,4,-4
6000000007109661487,Q4865239,Bartholomew Bartholomew Dandridge,4,0,4,-4
6000000008979817627,Q49104613,Arent Silfversparre,4,0,4,-4
6000000001901927592,Q4916317,Birgitte Mogensdatter Gøye,4,0,4,-4
6000000001669596693,Q4951647,Lucie Nielsdatter,4,0,4,-4
6000000001504955327,Q4951817,Mette Henriksdatter,4,0,4,-4
6000000012403128885,Q4954982,Beate Christophersdatter Huitfeldt,4,0,4,-4
6000000001156801591,Q4959912,Kristina Karlsdotter Bonde,4,0,4,-4
6000000009649571091,Q4959919,Kristina Nikulasdotter,4,0,4,-4
6000000000669984837,Q49686,Vasily III Ivanovich Gabriel Рюриковичи,4,0,4,-4
6000000000404695772,Q4972997,Christina Törne,4,0,4,-4
6000000010963013056,Q4974855,Rikissa,4,0,4,-4
6000000006234832085,Q4981323,Henrik Jørgen,4,0,4,-4
6000000002298845549,Q4993536,Mogens Skeel,4,0,4,-4
6000000003024845244,Q503187,Quintus Mucius Scaevola Augur Mucius,4,0,4,-4
6000000006234332635,Q5042744,Hartvig Tønnesen,4,0,4,-4
6000000006101404811,Q5052977,Catherine Daingerfield Willis,4,0,4,-4
6000000000701127473,Q507801,Aénor of Châtellerault,4,0,4,-4
5019641459960138534,Q50820608,Christian Corfitzsøn,4,0,4,-4
6000000007420371968,Q5083373,Charles,4,0,4,-4
6000000006906464522,Q508602,Spytihněv Przemyślid,4,0,4,-4
6000000017543376630,Q5088914,Ario Mangkoenagara III Raden Mas Sarengat (1835-1853),4,0,4,-4
6000000012996889204,Q509637,Sancho I 'el de los Buenos Fueros' García de Castilla,4,0,4,-4
6000000001448151252,Q512822,Ebba Eriksdotter,4,0,4,-4
6000000001441184437,Q513843,Héribert,4,0,4,-4
6000000002428752488,Q51672,Herod,4,0,4,-4
6000000001412420076,Q5171151,Cornelia Scipionis Africana Maior,4,0,4,-4
6000000008248157090,Q522317,St Magnus,4,0,4,-4
6000000003858579403,Q524105,"Johann II ""der Alchemist"" Hohenzollern",4,0,4,-4
4209739,Q526915,Eugenie Charlotta Augusta Amalia Albertina Bernadotte,4,0,4,-4
6000000000134665152,Q527404,Alice de Courtenay,4,0,4,-4
6000000006727849739,Q528613,Amalie Nassau,4,0,4,-4
6000000015142285406,Q5288890,Dymitr,4,0,4,-4
4209146,Q52890,Gustaf V Oscar Adolf Bernadotte,4,0,4,-4
6000000007152816272,Q528962,Maria Orange-Nassau,4,0,4,-4
6000000000157075199,Q531495,Pierre,4,0,4,-4
6000000002240806737,Q53450,Alexander I Jagiellon,4,0,4,-4
6000000006727790944,Q53451,John I Albert Jagiellon,4,0,4,-4
6000000003645896177,Q53456,Casimir II The Just Piast,4,0,4,-4
6000000003827400152,Q53457,"Casimir III ""Wielki"" Piast",4,0,4,-4
6000000000656950354,Q5351,Guillaume 'le Troubadour' d'Aquitaine,4,0,4,-4
6000000008873953217,Q535583,Joan Beaufort,4,0,4,-4
6000000000501021489,Q536174,Hugh IV,4,0,4,-4
6000000000011333058,Q536326,Ramon Berenguer I 'el Vell' de Barcelona,4,0,4,-4
6000000003243185408,Q5363813,Elisabeth Árpád dynasty,4,0,4,-4
6000000002172844868,Q53681602,John Plantagenet,4,0,4,-4
6000000011088044226,Q537104,Anne of Gloucester,4,0,4,-4
6000000000621618160,Q537508,Rixa von Werle,4,0,4,-4
6000000018347602415,Q5389893,Ermessenda Pelet,4,0,4,-4
6000000004533384319,Q5390740,"Ólafur ""Feilan"" Þorsteinsson",4,0,4,-4
6000000002240799135,Q53998,Ludovic I (Louis I) 'The Great',4,0,4,-4
6000000003937220068,Q54017,Przemysł Piast,4,0,4,-4
6000000003087188326,Q5403299,Jeanne de Dampierre,4,0,4,-4
6000000001500929136,Q54040,Wenceslaus III. Přemyslid,4,0,4,-4
6000000001398079390,Q54053,Wladislaus III Henrik Gediminids,4,0,4,-4
6000000001319351116,Q54056,"Sigismund ""the Old"" Jagiellon",4,0,4,-4
6000000002322337193,Q543564,Solomonia Yuryevna Saburova,4,0,4,-4
6000000001139931822,Q544076,"John ""Fairborn"" Beaufort",4,0,4,-4
6000000007191113212,Q547318,Aimery III Manrique de Lara,4,0,4,-4
6000000000437316601,Q548171,Peter I,4,0,4,-4
6000000081979804143,Q549345,Friederike Wilhelmine von Hohenzollern-Sigmaringen,4,0,4,-4
6000000003481828998,Q551625,Louis de Luxembourg,4,0,4,-4
6000000006874867859,Q5517437,Gaius Julius Alexio,4,0,4,-4
6000000001500850201,Q552160,Blanche de Bourgogne,4,0,4,-4
6000000008309672412,Q552686,Sobeslav II II.,4,0,4,-4
5547505078420042154,Q552696,Vratislaus,4,0,4,-4
6000000009960028947,Q55314499,Margareta von Nassau-Dillenburg,4,0,4,-4
6000000000669136730,Q5544830,George Steptoe Washington,4,0,4,-4
6000000005577875739,Q555033,Jean de Créquy,4,0,4,-4
6000000002836249566,Q5568108,Jacob Lavesen Beck of Beldringe,4,0,4,-4
6000000000795175793,Q556911,Geoffrey,4,0,4,-4
6000000004002612584,Q557092,John,4,0,4,-4
6000000015260724516,Q55856929,FERDINAND Bonaventura Franz Alfred,4,0,4,-4
6000000025983683742,Q5586894,Lars Marius Bing Broch,4,0,4,-4
6000000002237757714,Q559253,Ulrich,4,0,4,-4
6000000001500882984,Q561807,John of Eltham,4,0,4,-4
6000000002043263847,Q56228,Bruno,4,0,4,-4
6000000010656275894,Q562630,Raymond,4,0,4,-4
6000000001186543270,Q5627706,Stig Nissen,4,0,4,-4
6000000007144164385,Q563331,Anna Sophia Sofija Hohenzollern,4,0,4,-4
6000000000679384443,Q564115,"Dietrich ""The Lucky"" Oldenburg",4,0,4,-4
6000000005414590318,Q565737,Bernhard III Askanier,4,0,4,-4
302534501490001345,Q567222,Marcus Annius Verus Caesar,4,0,4,-4
6000000006727764919,Q568757,"Johann VIII ""der Jüngere"" Nassau",4,0,4,-4
6000000002188002466,Q571012,Bolko II of Opole,4,0,4,-4
6000000001500854063,Q57124,Sigismund von Luxemburg,4,0,4,-4
6000000001448141608,Q5715578,Erik Karlsson,4,0,4,-4
4202780705000039134,Q57161,Louis IV Wittelsbach,4,0,4,-4
6000000012724059159,Q5726308,Berenguela,4,0,4,-4
6000000006989717330,Q5730802,Henry de Percy,4,0,4,-4
6000000001901996517,Q573244,Herluf Trolle,4,0,4,-4
6000000006727959511,Q57398928,Yolande Coucy,4,0,4,-4
378767593140002648,Q5744569,Christian,4,0,4,-4
6000000010195208354,Q5744630,Jørgen Andersen Friis,4,0,4,-4
6000000024569508745,Q5754835,Rimgaile Elizabeth of Lithuania,4,0,4,-4
6000000000187961147,Q57584654,Jens Juel,4,0,4,-4
6000000025294579918,Q57643,Hsien Loong,4,0,4,-4
6000000000695635171,Q57668,"Caroline Matilda Welf, Guelph",4,0,4,-4
6000000001169228691,Q5770661,Gregorius Dagsson Bratsberg,4,0,4,-4
6000000011724781475,Q5772271,Nils Gripenhielm,4,0,4,-4
6000000000090846156,Q57731291,Sebastiano Buonaparte,4,0,4,-4
6000000002929587694,Q5780810,Henrik Eskildsen,4,0,4,-4
6000000002920667882,Q5780827,Mogens Eskildsen Gøye,4,0,4,-4
6000000006151784313,Q5781805,Hafthor Jonsson Jonsen,4,0,4,-4
6000000002444271370,Q5784538,Constanza,4,0,4,-4
6000000001588526808,Q5784547,Constanza de León,4,0,4,-4
6000000000307254652,Q58052,Friedrich Eugen von Württemberg,4,0,4,-4
6000000010842463260,Q58355,Volodymyr Yaroslavich Rurikid,4,0,4,-4
6000000006906738173,Q5835731,Sancho de Borgoña,4,0,4,-4
6000000000936840801,Q58374,Waimar IV,4,0,4,-4
6000000011593707136,Q58394,Hugues II,4,0,4,-4
6000000017661128922,Q585081,Daniel Edward Koshland,4,0,4,-4
6000000014004616502,Q5865686,Francisco Fernández de Córdoba,4,0,4,-4
311788525210007050,Q58773,Karl II Wilhelm Ferdinand Welf,4,0,4,-4
6000000005049052315,Q5883751,Guttorm,4,0,4,-4
6000000007383480233,Q595088,Anton Viktor Joseph Johann Raimund Baptist von Habsburg-Lothringen,4,0,4,-4
6000000009145884944,Q596046,Tomás Antonio Manuel Lorenzo de la Cerda y Enríquez de Ribera,4,0,4,-4
6000000000279167719,Q5964258,María-Gabriela de Palafox y Portocarrero,4,0,4,-4
6000000000337198464,Q5989593,Mafalda de Castilla,4,0,4,-4
300340430900007929,Q604419,María Josefa Carmela Бурбон,4,0,4,-4
6000000007114253414,Q6077821,Isabel de Tolosa Cortés de Moctezuma,4,0,4,-4
6000000003631860362,Q60791,"August I Paul Friedrich (August) Holstein-Gottorp, Oldenburg",4,0,4,-4
5269607669270068244,Q6079990,Erik Holgersen,4,0,4,-4
6000000006910675955,Q6079997,Jorgen Gunde,4,0,4,-4
6000000004380261996,Q6080027,Jørgen Holgersen Rosenkrantz,4,0,4,-4
6000000000424802839,Q60849,Stephen de Blois,4,0,4,-4
6000000002712993176,Q61062057,Jørgen Gyldenkrone,4,0,4,-4
6000000013879333457,Q61139374,Johanna von Baden-Durlach,4,0,4,-4
6000000001543450275,Q61155,Alexander Paul Ludwig Konstantin Krautter,4,0,4,-4
6000000024888391596,Q61211811,John Spear Smith,4,0,4,-4
6000000001180387550,Q61212815,Mary Buchanan Smith,4,0,4,-4
6000000003858632285,Q61261,Judith of Habsburg,4,0,4,-4
6000000005049052350,Q6128255,Sigurd «Slefa» Eiriksson,4,0,4,-4
4786136463460024221,Q61336,Friedrich VI/I Hohenzollern,4,0,4,-4
6000000001543798015,Q61362,Eberhard III von Württemberg,4,0,4,-4
6000000009132730377,Q61754424,Anastasia Андреевна of Mozhaysk,4,0,4,-4
6000000003645683608,Q6180419,Skule Tostigson,4,0,4,-4
6000000002188409029,Q618316,Marie Anna Karolina Pia Habsburg-Lorraine,4,0,4,-4
6000000002188370660,Q619063,Françoise Marie Amélie Joinville,4,0,4,-4
6000000002844765379,Q62041,Elizabeth Christine Ulrike Welf,4,0,4,-4
6000000004380428757,Q6209563,Knud Ottesen Thott,4,0,4,-4
6000000012056738350,Q6218220,Olof Olofsson Törnflycht,4,0,4,-4
6000000002063250998,Q62647,Albrecht “The Tall” Guelph,4,0,4,-4
5149418213010139402,Q6321529,Jørgen Ovesen,4,0,4,-4
6000000003646057180,Q63301,Wilhelm Welf,4,0,4,-4
6000000002266243417,Q63307,Ernest,4,0,4,-4
6000000002676502286,Q63373,Anna von Wittelsbach Wittelsbach,4,0,4,-4
6000000083296435286,Q63681243,Alberto Sanvitale,4,0,4,-4
6000000052241387919,Q63965887,Giulio,4,0,4,-4
6000000008703220026,Q63967271,Pietro,4,0,4,-4
6000000000728657032,Q640793,Sikelgaita of Salerno,4,0,4,-4
6000000000279124585,Q64153129,Eugenio Eulalio,4,0,4,-4
6000000005599214336,Q64204,Marie Antoinette Friederike Auguste (Marie) Anna Württemberg,4,0,4,-4
6000000003858754511,Q64251,"Albrecht II ""der Große"" Mecklenburg",4,0,4,-4
6000000000899772697,Q64553,Helene Wilhelmine Henriette Pauline Marianne Nassau,4,0,4,-4
4179623635010025627,Q64576584,Letizia Rasponi Murat,4,0,4,-4
6000000001500984587,Q646226,Boleslaw III the Generous Štědrý Piast,4,0,4,-4
6000000001745092743,Q6487725,Maud of Lancaster,4,0,4,-4
6000000000337756055,Q6487814,Mary,4,0,4,-4
6000000035426042860,Q65683964,Falk Henriksen,4,0,4,-4
6000000001504955354,Q65684158,Otte Henriksen,4,0,4,-4
6000000001545596804,Q65704,Elisabeth Alexandrine Konstanze von Württemberg,4,0,4,-4
6000000143820037823,Q65802912,河南洛陽,4,0,4,-4
6000000075346415968,Q65803848,河東解縣,4,0,4,-4
6000000001543810037,Q65871,Barbara Sophia Hohenzollern,4,0,4,-4
6000000001065997778,Q660630,Thomas,4,0,4,-4
6000000007965870236,Q66124359,Madeleine de Mailly,4,0,4,-4
6000000009977405497,Q661770,Henri Charles de La Trémoïlle,4,0,4,-4
6000000006789496764,Q6679196,Dudley Coutts Stuart,4,0,4,-4
6000000028242747363,Q6680033,William Stuart,4,0,4,-4
6000000017710460089,Q669258,KGPAA Mangkoenagara I Pangeran Sambernyawa Raden Mas Said (1725 - 1795),4,0,4,-4
310818848820003860,Q67155,Johann I Von Brunswick-Lüneburg,4,0,4,-4
6000000002188502117,Q67196,Adam Karl Wilhelm Nikolaus Paul Eugen Вюртембергский,4,0,4,-4
6000000002836140851,Q67203002,Lave Jochumsen Beck,4,0,4,-4
6000000002237624397,Q672470,Hans Ulrik Gyldenløve,4,0,4,-4
6000000000090846739,Q675151,Felice Pasquale Baciocchi,4,0,4,-4
6000000008520363193,Q675596,Elisa Napoleone Baciocchi,4,0,4,-4
6000000001563228674,Q6781019,Mary de Monthermer,4,0,4,-4
6000000011336500900,Q680982,William Henry Hanover,4,0,4,-4
6000000001563248087,Q68259,"Henry V ""the elder"" Guelph",4,0,4,-4
6000000002188118564,Q68575,Hermann II,4,0,4,-4
6000000007059491153,Q688462,Hendrik Albertus Casimir van Nassau-Dietz,4,0,4,-4
6000000003827363337,Q688471,Wilhelm von Nassau-Dillenburg,4,0,4,-4
6000000049954258034,Q6899853,Fumitaka,4,0,4,-4
6000000002422915559,Q693480,Christian,4,0,4,-4
5432707656870033217,Q694358,Friedrich I der Freidige / der Gebissene von Meißen,4,0,4,-4
6000000002278189311,Q6949547,Máel Muire ingen Cináed,4,0,4,-4
6000000003858805100,Q695279,Friedrich II 'der Ernsthafte' Wettin,4,0,4,-4
6000000006727849145,Q69785,Ernst Friedrich Zähringen,4,0,4,-4
6000000012580196588,Q698890,植 子建 沛國譙郡,4,0,4,-4
6000000013331157405,Q699199,生 愛新覺羅,4,0,4,-4
6000000005598912788,Q699738,Henry Frederick Hanover,4,0,4,-4
6000000001500929374,Q699820,Rudolf I Askanier,4,0,4,-4
6000000006727781687,Q700300,Ludwig Nassau,4,0,4,-4
6000000030801888526,Q700317,Yasuhito,4,0,4,-4
6000000004183452849,Q700564,Karl Joseph Emanuel Johann Nepomuck Anton Prokop von Habsburg-Lothringen,4,0,4,-4
6000000002188429456,Q701087,Alexander Leopold Johann Joseph von Habsburg-Lothringen,4,0,4,-4
4280402990090033752,Q701103,Stefan Franz Viktor Habsburg-Lothringen,4,0,4,-4
6000000002188429448,Q702090,Wilhelm Franz of Karl Austria,4,0,4,-4
4031014472500126534,Q702732,Heinrich Casimir II,4,0,4,-4
6000000003646057185,Q703249,Otto I das Kind von Braunschweig-Lüneburg,4,0,4,-4
6000000002205507182,Q703346,Marcus Livius Drusus,4,0,4,-4
6000000012852760213,Q703389,Baldwin,4,0,4,-4
6000000000162318926,Q704403,Baldwin,4,0,4,-4
6000000002876133227,Q7061292,Karen Axelsdatter,4,0,4,-4
6000000002512346142,Q7061312,Christopher Knudsen Urne,4,0,4,-4
6000000006101344808,Q707215,Napoléon Charles Louis Charles,4,0,4,-4
6000000002188021349,Q70791,Otto II Welf,4,0,4,-4
6000000016622122337,Q70926,Friedrich Württemberg,4,0,4,-4
4336340452760123284,Q71172,Philipp Ludwig II Hanau,4,0,4,-4
6000000012261956048,Q713011,Henri Léon Gustave Charles,4,0,4,-4
6000000014607339824,Q71372,Amalie Jenny Emilie Klothilde Johanna Lily* von Kretschmann,4,0,4,-4
6000000003827400063,Q71434,"Johann Vl VI ""the Elder"" von Nassau-Dillenburg (Dietz)",4,0,4,-4
6000000006727781744,Q71441,Heinrich von Nassau,4,0,4,-4
4128727150810026518,Q71444,Ernst Casimir Nassau,4,0,4,-4
6000000003645989983,Q714856,Marcus Ulpius Traianus Maior,4,0,4,-4
6000000002909001959,Q7150387,Paul Dudley,4,0,4,-4
6000000001501000813,Q7159750,Pedro Manrique de Lara,4,0,4,-4
6000000005784744035,Q716075,Aristóbulus,4,0,4,-4
6000000007495878854,Q716684,Commodus Pompeianus,4,0,4,-4
2233799,Q7174248,Peter Robin,4,0,4,-4
6000000007967181716,Q719148,William,4,0,4,-4
6000000001052002306,Q719528,Þórfinnr Inn Riki,4,0,4,-4
6000000001068387165,Q719846,Henry of Scotland,4,0,4,-4
6000000000276941098,Q719855,Hernando,4,0,4,-4
6000000003665048100,Q720262,"Tore ""Teiande"" Rögnvaldsson",4,0,4,-4
6000000053244329872,Q720855,Marcus Livius Claudianus,4,0,4,-4
6000000003232590120,Q721000,Roland Napoleon Bonaparte,4,0,4,-4
6000000013342386873,Q721509,Philippe III,4,0,4,-4
6000000037890358015,Q7228641,致堯 正臣 Zēng 曾,4,0,4,-4
6000000012967608603,Q7240164,鯉 伯魚,4,0,4,-4
4276948620390069283,Q72575,Wilhelm Friedrich Philipp Württemberg,4,0,4,-4
6000000006101180867,Q72795,Louise-Marie Thérèse Charlotte Isabelle Borbon-Orléans,4,0,4,-4
6000000012580345035,Q7316,協 伯和,4,0,4,-4
6000000002238523936,Q7327314,Richard “the Scholar” Lee,4,0,4,-4
6000000009977073456,Q732769,Henri III de la Trémoïlle,4,0,4,-4
6000000008418771565,Q734029,Mithridates II Antiochus Epiphanes Philorhomaios Philhellenos Monocritis,4,0,4,-4
6000000002447173603,Q740325,Marie de Valois-Bourgogne,4,0,4,-4
6000000003695602736,Q743783,Levon II (III),4,0,4,-4
6000000002447290151,Q75129083,Anne Dudley,4,0,4,-4
6000000004533604973,Q75243076,Ermengarde-Gerberga d'Anjou,4,0,4,-4
6000000003897526345,Q75245768,Hartmann XI von Lobdeburg-Arnshaugk,4,0,4,-4
6000000006727840754,Q75245775,Margarethe von Nürnberg,4,0,4,-4
6000000003216128964,Q75264133,Caroline Stuart,4,0,4,-4
6000000010240819093,Q75269612,Victor Alexander Montagu,4,0,4,-4
6000000003858690611,Q75289133,Helene von Askanier,4,0,4,-4
6000000002188118476,Q75290561,Matilda von Hessen,4,0,4,-4
6000000008040106385,Q75291907,Sverre Magnus Haakonsson,4,0,4,-4
6000000003263030645,Q75291908,Olav Magnusson,4,0,4,-4
6000000003262975685,Q75291909,Magnus Haakonsson,4,0,4,-4
6000000008501477975,Q75295442,Vittoria Guerrieri,4,0,4,-4
6000000014334469284,Q75332265,Sydney Montagu,4,0,4,-4
6000000024438473260,Q75345452,Wolfgang Otto Hohenlohe,4,0,4,-4
6000000014577616394,Q75360110,María de la Asunción Rosalía,4,0,4,-4
6000000015260793120,Q75366991,MARIE Felizia Franziska Wilhelmine Juliane Prinzessin von Montenuovo,4,0,4,-4
6000000015260647786,Q75367015,FRANZISKA Paula rinzessin von Montenuovo,4,0,4,-4
6000000026082484342,Q75367225,Albert Krzysztof Julian Maria Józef,4,0,4,-4
6000000017266031370,Q75367257,Maria Małgorzata Paulina Wilhelmina Róża Leopoldyna Julia Wielopolska h. Starykoń,4,0,4,-4
6000000023356173852,Q75367359,Maria Anna Paulina Julia Aniela Regina Roza Monika Franziska Wielopolska h. Starykoń (odm.),4,0,4,-4
6000000108318697893,Q75367423,Albertina Sanvitale,4,0,4,-4
6000000008230809850,Q75367607,Filippo Luigi Maria,4,0,4,-4
6000000002188402747,Q75383777,Ernst Friedrich Karl Württemberg,4,0,4,-4
6000000001009250383,Q75385335,Sophie Amalie Oldenburg,4,0,4,-4
4404276411660052885,Q75385337,Elisabeth,4,0,4,-4
6000000002188429103,Q75385560,Maria Isabel Antonietta de Padua Francisca Januaria Francisca de Paula Juana Nepomucena Josefina Onesifora Borbon,4,0,4,-4
6000000008482943040,Q75385563,Maria Isabel Ana Borbon,4,0,4,-4
4280604071920045444,Q75385629,Alexander Habsburg-Lothringen,4,0,4,-4
6000000002605540283,Q75391041,Karl Friedrich Heinrich von Württemberg,4,0,4,-4
6000000026378536859,Q75391046,Catharina Wilhelmine Helene Charlotte Auguste Hedwig von Wardenberg,4,0,4,-4
6000000008462941316,Q75392851,Benjamin Williams,4,0,4,-4
6000000014808072201,Q75392922,Julia von Montenuovo,4,0,4,-4
6000000001198860794,Q75393578,Cecilía Hákonardóttir Håkonsdotter,4,0,4,-4
6000000090183079848,Q75393977,Charles de Roye et de Muret,4,0,4,-4
6000000028242892064,Q75470753,Charles Stuart,4,0,4,-4
6000000001473096415,Q75577605,Thomas Stanley,4,0,4,-4
6000000001475062746,Q75577610,Aaron Porter,4,0,4,-4
6000000021193380117,Q75581313,Napoléonie Adèle d'Avout,4,0,4,-4
5122454247380137565,Q75726719,Joachim Grabow,4,0,4,-4
6000000052622753825,Q75762949,Antonietta Pepoli,4,0,4,-4
6000000002035315723,Q75765257,William Henry Smith,4,0,4,-4
6000000002809085082,Q75765850,Timothy Stanley,4,0,4,-4
6000000003484308742,Q75765893,Mary Washburn,4,0,4,-4
6000000052622374825,Q75766332,Carolina Pepoli,4,0,4,-4
6000000003005298645,Q75767664,Michel Anne Charles Joachim Napoléon Murat,4,0,4,-4
6000000007642330616,Q75768494,Luisa Rasponi Murat,4,0,4,-4
6000000007642182721,Q75768499,Raspone,4,0,4,-4
6000000007642416260,Q75768501,Eugenia Rasponi Murat,4,0,4,-4
6000000075303014174,Q75801000,Letizia Gioacchina Ruspoli,4,0,4,-4
6000000037848895479,Q75801105,Gian Luigi,4,0,4,-4
6000000037850116487,Q75801176,Maria Letizia Mosti Estense Trotti,4,0,4,-4
6000000002095690479,Q75819076,Noah Grant,4,0,4,-4
6000000000517401192,Q75819112,Sarah Porter,4,0,4,-4
6000000006174712780,Q75819169,Samuel Grant,4,0,4,-4
6000000008615440111,Q75855485,Hannah Grant,4,0,4,-4
6000000008616385186,Q75855488,Abigail Grant,4,0,4,-4
6000000008531403349,Q75855492,Ephraim Grant,4,0,4,-4
6000000008531139034,Q75855494,David Grant,4,0,4,-4
6000000008531420376,Q75855497,Ebenezer Grant,4,0,4,-4
6000000020602103496,Q758566,真卿 清臣 琅邪臨沂,4,0,4,-4
6000000015091355939,Q75901474,Marguerite,4,0,4,-4
6000000025343431963,Q75977811,Dennis Kim Yew LEE,4,0,4,-4
6000000008784269640,Q76022183,Enrique Ramiro Ormachea Peñaranda,4,0,4,-4
6000000009649369691,Q76093926,Daingerfield Lewis,4,0,4,-4
6000000006727764968,Q76238410,Anna Johanna von Nassau-Siegen,4,0,4,-4
6000000005784701201,Q76240875,Mary Frances Gregory,4,0,4,-4
387638972190007407,Q76240877,Francis Thornton,4,0,4,-4
6000000000011757399,Q76275274,Louise Antoinette Sophie Marie Blanc,4,0,4,-4
6000000003615801674,Q76275678,Thomas Carter,4,0,4,-4
6000000004106138763,Q76275682,Katherine Dale,4,0,4,-4
6000000001747812002,Q76277322,John Washington,4,0,4,-4
6000000046633476892,Q76295923,Alexandre Michel Eugène Joachim Napoléon Murat,4,0,4,-4
5070437819180114900,Q764398,Pierre Napoleon Bonaparte,4,0,4,-4
4876349803630131587,Q764421,Elisabeth Beatrix Beatriz Hohenstaufen,4,0,4,-4
6000000008462903735,Q7648158,Susan May Williams,4,0,4,-4
6000000004183001787,Q76555,Joseph II Benedikt August Johannes Anton Michael Adam von Habsburg Lothringen,4,0,4,-4
3953135291130122872,Q76802,Adelaide de Bourgogne,4,0,4,-4
6000000006727757617,Q77229,Christian Welf,4,0,4,-4
6000000002388572350,Q7723,Napoléon François Joseph Charles Bonaparte,4,0,4,-4
6000000000207859767,Q77254,Bertha van Holland,4,0,4,-4
6000000012762842001,Q774986,Scribonia,4,0,4,-4
6000000038650093974,Q778550,Tezozomoc of Ecatepec of Azcapotzalco,4,0,4,-4
6000000011082777074,Q77875,Bernhard von Baden,4,0,4,-4
6000000008737218535,Q77895,傑 愛新覺羅,4,0,4,-4
6000000000796849555,Q7795487,Thomas de Monthermer,4,0,4,-4
6000000006110824782,Q7825728,Torgrim,4,0,4,-4
6000000012592351467,Q7827709,Toshiko 泰宮,4,0,4,-4
6000000013345367612,Q784324,Al-Qasim Al-Hashemi,4,0,4,-4
6000000001851827666,Q78454,"William I ""the Silent"" van Nassau-Dillenburg",4,0,4,-4
6000000008430545317,Q78636,Ferdinand Karl Ludwig Habsburg-Lorraine,4,0,4,-4
6000000016428559168,Q78784,Friedrich Ferdinand Leopold von Österreich-Teschen,4,0,4,-4
299466839860007954,Q793616,Carl Oscar (Carl) Wilhelm Bernadotte,4,0,4,-4
6000000008102310779,Q7964125,Walter Abraham Haas,4,0,4,-4
6000000013869501655,Q8018941,William Bane Stuart,4,0,4,-4
6000000000424646430,Q8020786,William de Ferrers,4,0,4,-4
6000000037889289306,Q8050756,夢得 少蘊 蘇州吳縣,4,0,4,-4
6000000005598872880,Q80714,Godfrey I,4,0,4,-4
5475363828490111452,Q81212,Pépin,4,0,4,-4
6000000003827435686,Q819521,"Johann ""der Mittlere"" von Nassau-Siegen",4,0,4,-4
311713752450007086,Q819778,Ulrik Johann Oldenburg,4,0,4,-4
5027356653020040914,Q82674,Mary Tudor,4,0,4,-4
6000000026377598975,Q832381,Jérôme Napoléon Charles Bonaparte,4,0,4,-4
6000000011536082008,Q8327681,Napoleon Marie Louis Pierre Anatole,4,0,4,-4
3967262167710039627,Q83476,Ælfrēd Veliký,4,0,4,-4
6000000012601239669,Q83489237,John Augustine Washington,4,0,4,-4
6000000002791771362,Q8384,Louis X 'le Hutin' de France,4,0,4,-4
6000000007875679261,Q8409,Alexander,4,0,4,-4
6000000003897579982,Q8423,Cyrus,4,0,4,-4
6000000000371162023,Q84454746,Eltonhead Conway,4,0,4,-4
6000000000632027409,Q84470,Otto Franz Josef Karl Ludwig Maria Habsburg-Lorraine,4,0,4,-4
6000000003219923349,Q84527864,Elizabeth Quincy,4,0,4,-4
6000000002035311114,Q84529241,Thomas Shepard,4,0,4,-4
6000000002035336120,Q84529610,Anna Shepard,4,0,4,-4
6000000002188429890,Q84705,Franz Ludwig Johann Baptist von Habsburg-Lothringen,4,0,4,-4
6000000007976831309,Q8474,Süleyman Осман,4,0,4,-4
6000000075326779991,Q855999,惠 東海郯縣,4,0,4,-4
6000000003897541628,Q86940,Geza,4,0,4,-4
6000000001821102369,Q86978,Bela III Arpad,4,0,4,-4
6000000006264726081,Q87218822,Mary Nelson,4,0,4,-4
6000000006167487217,Q87218984,"Susannah ""Susan or Suky"" Nelson",4,0,4,-4
4880903518780047045,Q878239,García I Fernández de Castilla y León,4,0,4,-4
6000000009428389448,Q88112488,Mary Dudley,4,0,4,-4
6000000041073777758,Q886894,Ptolemy Apion,4,0,4,-4
6000000003261882778,Q887232,Erik Ottesen Rosenkrantz,4,0,4,-4
6000000001504810035,Q887476,Otte Steensen Brahe,4,0,4,-4
6000000013019190312,Q887899,Hethum II,4,0,4,-4
6000000002188464907,Q89362,Auguste Dorothea Braunschweig-Wolfenbüttel,4,0,4,-4
6000000008715618387,Q895883,George Corbin Washington,4,0,4,-4
6000000008097198855,Q90224,Agnes Wittelsbach,4,0,4,-4
6000000021233353371,Q90227,Eugen Alexander Bonaparte,4,0,4,-4
6000000003645746479,Q9053166,Orm Eilivsson,4,0,4,-4
6000000012609955026,Q911334,和子,4,0,4,-4
6000000001892741029,Q91218,Philipp II Hanau,4,0,4,-4
5535353244920040751,Q91392,"Pépin ll ""the Fat"" Каролинг",4,0,4,-4
311701678080003943,Q91542,"Elizabeth of Brunswick-Luneburg Braunschweig-Lüneburg , Welf",4,0,4,-4
6000000000769996541,Q917090,Jeanne de France,4,0,4,-4
6000000000112134992,Q919329,"Henry II ""le Ceinturé"" van Leuven",4,0,4,-4
6000000007463347384,Q920150,Cristóbal De Oñate,4,0,4,-4
6000000030802384408,Q920993,Nobuaki Ōkubo,4,0,4,-4
6000000007328154134,Q92232530,Lorenzo Curtis Lewis,4,0,4,-4
6000000012619954458,Q923621,信尋,4,0,4,-4
6000000009065227167,Q92405598,Daniel Knutsson Bildt,4,0,4,-4
6000000000862344454,Q92501590,John,4,0,4,-4
6000000002376125369,Q9323749,Rodolphe Auguste Louis,4,0,4,-4
6000000007380992852,Q93362,Maximilian Franz Xaver Joseph Johann Anton de Paula Wenzel,4,0,4,-4
6000000002188434241,Q93373,Rudolf Johann Joseph Rainer von Habsburg-Lothringen,4,0,4,-4
6000000002322315669,Q93377,Ludwig Viktor Joseph Anton Habsburg,4,0,4,-4
6000000013342502671,Q935822,Philippe II Aerschot de Croÿ,4,0,4,-4
6000000019231453420,Q9376332,Wojciech Maria Agenor Adam Eugeniusz,4,0,4,-4
6000000004183556303,Q93810,Maria Josepha Gabriella Johana Antonia Ana Habsburg-Lorraine,4,0,4,-4
6000000001412952663,Q941303,Eustace,4,0,4,-4
6000000008460449959,Q942153,Francesco di Paola Luigi Emanuele di Borbone delle Due Sicilie,4,0,4,-4
6000000003615712188,Q94289625,Burgess Ball,4,0,4,-4
6000000037591899292,Q947039,洵 明允 眉州眉山,4,0,4,-4
6000000003645672389,Q947838,Erling Vidkunsson Bjarkøy,4,0,4,-4
6000000006906495097,Q948208,Hugh De Roucy,4,0,4,-4
6000000006244049257,Q94899102,Malte Clausen Sehested,4,0,4,-4
6000000006906526596,Q953828,Llywelyn,4,0,4,-4
6000000006727785028,Q95414,Ludwig Günther von Nassau,4,0,4,-4
6000000016160190636,Q95556210,Hanna Castberg,4,0,4,-4
6000000004960013154,Q956563,Edmund Plantagenet,4,0,4,-4
4280395451010045485,Q956763,Hermine Amalie Marie Habsburg (österreichische Linie),4,0,4,-4
6000000002375992701,Q96034060,Maciej,4,0,4,-4
6000000006968300120,Q96077363,Sarah Hurd Walley,4,0,4,-4
6000000004868837135,Q9609580,Amalric II,4,0,4,-4
6000000001376890454,Q96198196,Ruth Wells,4,0,4,-4
6000000000893404031,Q96198923,John Hitchcock,4,0,4,-4
6000000020504865132,Q96202564,Mary Walley,4,0,4,-4
6000000006979086657,Q96202565,Thomas William Walley,4,0,4,-4
6000000003940176442,Q96202948,John Prudden,4,0,4,-4
6000000004390330389,Q96207639,Edward Franklin Bartholomew,4,0,4,-4
6000000003097997085,Q96207641,Noyes Dana,4,0,4,-4
6000000003097766738,Q96207644,Andrew Bartholomew,4,0,4,-4
6000000002860967879,Q96207654,Rachel Royce,4,0,4,-4
6000000000804655498,Q96208030,Josiah Washburn,4,0,4,-4
6000000007303445296,Q96208031,John Washburn,4,0,4,-4
6000000007470838638,Q96216571,Isaac Davis,4,0,4,-4
6000000006348490343,Q96234078,Hannah Fitch,4,0,4,-4
4796608,Q96235336,Experience Porter,4,0,4,-4
6000000002797750020,Q96237600,Sarah Stanley,4,0,4,-4
6000000003410501501,Q96240717,Tyge Ovesen Lunge,4,0,4,-4
6000000004029027024,Q96240762,Juliane Pedersdatter Grubbe,4,0,4,-4
6000000003036664249,Q96240795,Anna von Lembeck,4,0,4,-4
6000000004047417405,Q96243305,Fielding Lewis,4,0,4,-4
6000000000613051601,Q96243412,Ithamer Hibbard Warren,4,0,4,-4
4534074490150040735,Q96243439,Jabez,4,0,4,-4
6000000006234567794,Q96244120,Sophie Amalie Børgesdatter Rosenkrantz,4,0,4,-4
6000000038027902868,Q9627182,大器 治先 壽州,4,0,4,-4
6000000038027614325,Q9627505,好問 舜徒 壽州,4,0,4,-4
6000000038027137799,Q9628247,希哲 原明 壽州,4,0,4,-4
6000000002060026527,Q96318537,Mary Leota Porter,4,0,4,-4
6000000006110885628,Q96322933,Ruth Judson,4,0,4,-4
6000000003147622936,Q96337904,Alice Ranson,4,0,4,-4
6000000002907289661,Q96372142,Rebecca Graves,4,0,4,-4
6000000006101404773,Q965335,Charles* Auguste Louis Joseph Demorny,4,0,4,-4
6000000003615962696,Q96739694,Sarah Spencer,4,0,4,-4
328060368310004652,Q96919768,Tabitha Abbe,4,0,4,-4
6000000002835549534,Q96983640,Samuel Washburn,4,0,4,-4
6000000008260562490,Q96985139,Mary Porter,4,0,4,-4
6000000041054152079,Q96985141,John Porter,4,0,4,-4
6000000000209548022,Q96985143,John Porter,4,0,4,-4
6000000003506750152,Q96985285,Ruth Porter,4,0,4,-4
6000000014169164920,Q97035,"Heinrich II ""Posthumus"" Reuss Jüngere linie",4,0,4,-4
6000000004873104462,Q97072152,Salah,4,0,4,-4
6000000003195108419,Q97072205,Josiah Dewey,4,0,4,-4
6000000000436300837,Q97089681,Abigail Loomis,4,0,4,-4
6000000003939180850,Q97095121,Samuel Calkins,4,0,4,-4
6000000007034542101,Q98108233,William Bassett,4,0,4,-4
339493353880007732,Q98108235,William Bassett,4,0,4,-4
6000000000426571879,Q98142388,James Washburn,4,0,4,-4
4194842439740054741,Q982472,"Henry ""Cardinal"" Beaufort",4,0,4,-4
6000000013261141618,Q983084,Jean d'Avesnes,4,0,4,-4
6000000001704006610,Q983640,Bouchard IV d'Avesnes,4,0,4,-4
6000000014607554303,Q98453,Otto Braun,4,0,4,-4
6000000004359832644,Q98970505,Jane Byrd Nelson,4,0,4,-4
6000000001783532113,Q99221684,Thomas Porter,4,0,4,-4
6000000006727821953,Q992978,Skirgaila Ivan Casimir Альгердавіч-Гедымінавічы,4,0,4,-4
6000000007980352427,Q99767781,Ingeborg Nielsdatter Gyldenløve,4,0,4,-4
6000000030802299041,Q101228962,Yukiko Makino,5,0,5,-5
6000000000559404221,Q101384,Henry,5,0,5,-5
5597271884650100378,Q102140,Henry,5,0,5,-5
6000000002605405839,Q102166,Ferdinand Friedrich August Württemberg,5,0,5,-5
6000000010701675721,Q1030337,成子 照宮,5,0,5,-5
6000000012570796504,Q1030368,Nobuhito,5,0,5,-5
6000000012569901407,Q1030373,和子,5,0,5,-5
3996823052360126946,Q1032321,Maria Karoline Maria of Austria,5,0,5,-5
6000000000212178557,Q104784714,Christen Albretsen Skeel,5,0,5,-5
6000000006910675643,Q104787818,Gunde Hansen,5,0,5,-5
6000000001504523245,Q104787908,Hans Gundesen Lange,5,0,5,-5
6000000006910675639,Q104789404,Johanne Pedersdatter Skram,5,0,5,-5
6000000006266620017,Q104795911,Kirstine Frederiksdatter Reedtz,5,0,5,-5
4972924798500042708,Q104797061,Birgitte Steensdatter Brahe,5,0,5,-5
6000000001336610897,Q1048,Gaius Julius Caesar,5,0,5,-5
4967542704760102594,Q104804940,Vibeke Gregersdatter Ulfstand,5,0,5,-5
6000000001196257237,Q1058544,"Sancho ""the Populator"" Martino of Portugal",5,0,5,-5
6000000006727757594,Q106524,Hedwig of Brunswick-Wolfenbüttel,5,0,5,-5
5473362824240110870,Q106537188,Mohamad Rasjad gelar Maharadja Soetan,5,0,5,-5
6000000016708955792,Q1069914,游 務觀 放翁 越州山陰,5,0,5,-5
6000000010878231012,Q108433283,Antonio Alonso Pimentel y Quiñones,5,0,5,-5
6000000001788196171,Q108840615,Margrethe Eilersdatter Grubbe,5,0,5,-5
6000000002814322652,Q110303966,Øllegaard Jakobsdatter Trolle,5,0,5,-5
6000000011798257720,Q110304275,Dorthe Knudsdatter Urne,5,0,5,-5
6000000002818897081,Q110304278,Sophie Clausdatter von Sehested,5,0,5,-5
6000000029498084068,Q110549167,Philippina Katharina Walpurgis Wied-Runkel,5,0,5,-5
6000000006128279226,Q110549328,Else Christiansdatter,5,0,5,-5
4972721791610052937,Q110549701,Margrethe Ottesdatter Brahe,5,0,5,-5
4194887957440076070,Q111490,Geoffrey,5,0,5,-5
6000000001180347081,Q111767367,Frances Ann Washington,5,0,5,-5
6000000009441282397,Q11203314,"Janus ""Junior""",5,0,5,-5
6000000010608224972,Q112081387,Jørgen Axelsen,5,0,5,-5
6000000002188409485,Q112104,Maria Klementine Franziska Josepha Габсбург,5,0,5,-5
6000000001142714835,Q11231795,Thrugot Ulfsen,5,0,5,-5
6000000002188099945,Q1152149,河南洛陽,5,0,5,-5
6000000003171704512,Q115472,Marie Bonaparte,5,0,5,-5
6000000006727821808,Q11737114,Catherine of Masovia,5,0,5,-5
6000000004173298796,Q11905099,"Alonso ""el mudo""",5,0,5,-5
6000000001652906154,Q11995003,Peder Iversen Baden,5,0,5,-5
6000000000701224748,Q12078166,Anastasia Yaropolkovna of Vlodimiro-Volynsk,5,0,5,-5
6000000011706780208,Q121915034,Frances Burwell,5,0,5,-5
6000000001504216483,Q12301855,Anne Holgersdatter Rosenkrantz,5,0,5,-5
3940197,Q12322263,Knud Axelsen,5,0,5,-5
6000000006600807045,Q12333130,Regitze Sophie Holgersdatter Vind,5,0,5,-5
6000000006910675987,Q123785279,Birgitte Axelsdatter Brahe,5,0,5,-5
6000000003481830220,Q1241350,Robert II Comte de Dreux,5,0,5,-5
6000000001504282350,Q124219070,Øllegaard Henriksdatter Huitfeldt,5,0,5,-5
5149390499450073510,Q124219079,Lisbeth Jørgensdatter Lunge (Dyre),5,0,5,-5
6000000000128221491,Q126521,Eleanor of Anjou,5,0,5,-5
6000000010656307831,Q128701,Urraca I,5,0,5,-5
6000000006078785713,Q129165,Xerxes,5,0,5,-5
6000000000202115160,Q129247,Edward,5,0,5,-5
4924870419470035934,Q129308,John I Plantagenet,5,0,5,-5
6000000002188370858,Q129837,Amélie Auguste Eugénie Napoléone Beauharnais,5,0,5,-5
6000000000424888017,Q130221,Frederick Ruggero,5,0,5,-5
4208879,Q130408,Sophia Wilhelmine Marianne Henriette Nassau,5,0,5,-5
6000000000717738539,Q130834,Franz II/I Joseph Karl Habsburg-Lorraine,5,0,5,-5
6000000005791900593,Q130969,Philippe 'le Bel' de France,5,0,5,-5
6000000002120145230,Q131195,Gaius Flavius Valerius Constantius Chlorus,5,0,5,-5
6000000025251747183,Q131248,Kuan Yew,5,0,5,-5
6000000001138991039,Q1337903,Vincents Vintcentsen Lunge,5,0,5,-5
6000000027312259703,Q1339771,Quintus Servilius Caepio,5,0,5,-5
6000000005791896564,Q134259,"Louis VII ""le Jeune/le Pieux""",5,0,5,-5
6000000003003264255,Q1351482,Jérôme Napoleon Bonaparte,5,0,5,-5
6000000010528910398,Q136691900,Marie Margrethe Ulfeldt,5,0,5,-5
6000000029824736404,Q138415491,Therese Baur,5,0,5,-5
6000000000769930116,Q1385956,Hugh of Lusignan,5,0,5,-5
6000000198339870821,Q140078564,Antoinette Rose Sambat,5,0,5,-5
6000000001336717255,Q1405,Gaius Iulius Caesar Octavianus,5,0,5,-5
6000000008122648505,Q1407,Tiberius Julius Caesar Nero Augustus,5,0,5,-5
6000000014111031412,Q140703029,Jens Pedersen Juel,5,0,5,-5
6000000002119140027,Q1411,Tiberius Claudius Caesar Augustus Germanicus,5,0,5,-5
6000000003218534512,Q141791,Moctezuma II Xocoyotzin,5,0,5,-5
6000000010016427476,Q1425,Marcus Ulpius Nerva Traianus,5,0,5,-5
6000000000700895484,Q1429,Titus Aelius Hadrianus Antoninus Augustus Pius,5,0,5,-5
6000000003645864196,Q1442,Lucius Septimius Severus Eusebes Pertinax Augustus,5,0,5,-5
6000000007958767639,Q1445064,Ingeborg Mstislavna Rurikid,5,0,5,-5
6000000007633045566,Q14523260,Tønne Jacobsen Huitfeldt,5,0,5,-5
6000000003300400465,Q1470395,Ælfthryth,5,0,5,-5
6000000002198257381,Q150735,Lothaire,5,0,5,-5
6000000002106021492,Q150872,Matilda,5,0,5,-5
6000000003614102983,Q150953,Henry,5,0,5,-5
5068703666160126959,Q151083,Maria Anna Elise,5,0,5,-5
6000000000350860879,Q151087,Jérôme Napoléon Bonaparte,5,0,5,-5
6000000006210904436,Q151098,Lucien,5,0,5,-5
6000000000350830758,Q151321,Leopold II Habsburg,5,0,5,-5
6000000003196869122,Q151707,Henry,5,0,5,-5
6000000000954169394,Q151869,Carlo Maria,5,0,5,-5
6000000001500854079,Q152148,Wenzel von Luxemburg IV. Lucemburský,5,0,5,-5
6000000000090846796,Q152782,Maria Annunziata Carolina Bonaparte,5,0,5,-5
6000000006101404573,Q1528420,Giuseppe Maria Buonaparte,5,0,5,-5
5104803485940063952,Q153023,"Heinrich ""the Black/the Pious"" Salier",5,0,5,-5
6000000007980783713,Q15305365,"Unn Goggi ""Lill"" Egede Nissen",5,0,5,-5
4104731,Q153586,Christian IV Oldenburg,5,0,5,-5
376453679620002754,Q153688,Umberto I Rainerio Carlo Emanuele Giovanni Maria Ferdinando Eugenio,5,0,5,-5
6000000002388364458,Q155545,Eugène Rose de Beauharnais,5,0,5,-5
6000000000717690363,Q155669,Charles IV IV. de Luxembourg,5,0,5,-5
6000000000350936287,Q156659,Franz Karl Joseph Habsburg-Lorraine,5,0,5,-5
6000000003424379813,Q156774,Pedro de Alcântara João Carlos Leopoldo Salvador Bibiano Francisco Xavier de Paula Leocádio Miguel Gabriel Rafael Gonzaga de Bragança e Bourbon,5,0,5,-5
6000000007774655553,Q156778,Nero Claudius Drusus Germanicus,5,0,5,-5
6000000003492710472,Q157130,María Eugenia Ignacia Augustina Ignacia Augustina,5,0,5,-5
6000000002388399316,Q157491,Marie Louise Leopoldine Franziska Theresia Josepha Lucia di Borbone-Napoli,5,0,5,-5
6000000006211004095,Q157521,Charles Lucien Jules Laurent Bonaparte,5,0,5,-5
6000000000891680343,Q157799,"Valdemar ""The Victorious"" Valdemarson Jelling",5,0,5,-5
6000000006727869011,Q158038,Stephen,5,0,5,-5
6000000004183689136,Q158229,Maria Karolina Luise Josepha Johanna Antonia Habsburg-Lothringen,5,0,5,-5
6000000002119938632,Q159369,Flavius Arcadius,5,0,5,-5
5411162384740027078,Q159575,Hugues,5,0,5,-5
6000000001156149953,Q159597,Harold Godwinsson,5,0,5,-5
5432713922350048692,Q15975199,Elisabeth von Lobdeburg-Arnshaugk,5,0,5,-5
979118,Q160311,Henry III,5,0,5,-5
6000000006267645324,Q160353,Flavius Theodosius Augustus,5,0,5,-5
6000000006101404826,Q1609928,Joachim Joseph Napoleon Murat,5,0,5,-5
6000000003492465104,Q1616202,Cipriano,5,0,5,-5
6000000017903658607,Q16365245,Achille Charles Louis Napoleon Murat,5,0,5,-5
6000000003616614004,Q164504,Maria Teresa Carolina Giuseppina di Borbone-Napoli,5,0,5,-5
6000000003714562119,Q165883,"Louis VI ""The fat"" Capet",5,0,5,-5
4781354198750075731,Q166808,Corfitz Jacobsen Ulfeldt,5,0,5,-5
6000000000155703115,Q167180,Blanche - d’Anjou-Sicile,5,0,5,-5
6000000006591279284,Q16738453,Hannah Atherold,5,0,5,-5
6000000000769981540,Q16738459,Joseph Ball,5,0,5,-5
6000000008102445519,Q16740111,Abraham,5,0,5,-5
5395089047110110491,Q167782,Charles V 'le Sage' de France,5,0,5,-5
4972933094120103755,Q16856323,Frederik Pedersen Reedtz,5,0,5,-5
312479826640001569,Q168674,Sophie Frederika Mathilde von Württemberg,5,0,5,-5
6000000038072286844,Q16906305,正 仲至 泉州永春,5,0,5,-5
6000000002119493371,Q170026,Placidus Valentinianus Augustus,5,0,5,-5
312468491750006446,Q170179,Friedrich Wilhelm Karl,5,0,5,-5
312473166720001563,Q170398,Wilhelm Friedrich Karl of Württemberg,5,0,5,-5
6000000004526669032,Q170586,Philip VI le Fortuné de Valois,5,0,5,-5
6000000018661355538,Q17141452,Aimery V,5,0,5,-5
6000000000350860902,Q171480,Joséphine Josèphe Marie Rose Tascher de La Pagerie,5,0,5,-5
6000000000024008449,Q172203,"Philip III ""the Bold""",5,0,5,-5
6000000000307274596,Q1775368,Finn,5,0,5,-5
6000000009513009344,Q17764719,Daniel,5,0,5,-5
6000000003582502504,Q178525,Aliénor,5,0,5,-5
6000000006101459302,Q183579,Ferdinand I Karl Leopold Joseph Franz Marcellin,5,0,5,-5
6000000006018220006,Q184176,Seleucus,5,0,5,-5
4048607033120128233,Q184854,Edward of Woodstock,5,0,5,-5
355281657880011354,Q1883688,Ingeborg Magnusdotter,5,0,5,-5
6000000018832085528,Q1884931,Gertrude Adelhead,5,0,5,-5
4573114,Q188943,"Iaroslav ""The Wise"" I Vladimirovich Rurikov",5,0,5,-5
6000000006131531097,Q189689,Artaxerxes,5,0,5,-5
6000000003645753332,Q191039,Claudius Germanicus Caesar,5,0,5,-5
328077168020005438,Q191789,Martha Dandridge,5,0,5,-5
6000000000350946290,Q1918987,Napoléon V Victor,5,0,5,-5
6000000000595940091,Q193752,John of Gaunt,5,0,5,-5
6000000018661352486,Q19826424,Aimery VI de Narbonne,5,0,5,-5
6000000075344376090,Q20063181,靈媛 廣平列人,5,0,5,-5
6000000006727764695,Q20108400,Magdalene Schwarzburg,5,0,5,-5
6000000001599490659,Q2016585,Eleanor of Aragon,5,0,5,-5
6000000003827368069,Q202566,Juliana von Stolberg,5,0,5,-5
6000000002512346178,Q2026887,Sofia Volodarsdatter von Polotzk,5,0,5,-5
6000000003273891888,Q2028843,Anna Vasilievna of Moscow,5,0,5,-5
6000000002240822234,Q2033018,Maria (Marfa) Yaroslavna Borovskaya,5,0,5,-5
6000000000771264432,Q203647,"Harald III ""Hardråde""",5,0,5,-5
6000000004286199184,Q2038405,Adele de Vermandois,5,0,5,-5
6000000005599120031,Q203996,Sancho 'o Capello' de Portugal,5,0,5,-5
6000000009674645469,Q20708118,Daniel Knutsson Bildt,5,0,5,-5
6000000003005168877,Q20931228,Carolina Georgina Fraser,5,0,5,-5
6000000015252850510,Q20931258,Malcy Louise Caroline Caroline Frédérique Berthier de Wagram,5,0,5,-5
6000000013792979288,Q20931303,Zénaïde Françoise Clary,5,0,5,-5
6000000020170318743,Q20931543,Marie Cécile Michelle Ney,5,0,5,-5
5232261967330102641,Q209353,Teresa Cristina Maria Giuseppa Gasparre Baltassarre Melchiore Gennara Rosalia Lucia Francesca d'Assisi Elisabetta Francesca di Padova Donata Bonosa Andrea d'Avelino Rita Liutgarda Geltruda Venancia Taddea Spiridione Rocca Matilde,5,0,5,-5
6000000000671818264,Q210359,"Vasily ""the Blind"" Vasilevich Rurikids",5,0,5,-5
6000000001745038323,Q211109,Alaxandair III mac Alaxandair,5,0,5,-5
6000000001561806512,Q211749,Bernardine Eugénie Désirée Clary,5,0,5,-5
6000000012408649979,Q21262911,Ana María Luisa,5,0,5,-5
6000000003446589646,Q213618,Louis Fredrick Alexander Württemberg,5,0,5,-5
6000000000707451124,Q213625,Paul Heinrich Karl Friedrich August von Württemberg,5,0,5,-5
6000000002605551502,Q215027,Alexander Friederich Karl von Württemberg,5,0,5,-5
6000000002461246164,Q216787,"Davíd I ""The Saint"" mac Maíl Choluim",5,0,5,-5
6000000006444063482,Q2168025,Jeanne de Holland,5,0,5,-5
6000000004144906600,Q21711010,Christiane Sophie Sehested,5,0,5,-5
6000000002240806863,Q218186,Vytautas the Great,5,0,5,-5
6000000000460957316,Q220806,"Marco ""Bohemond""",5,0,5,-5
5364986739170034579,Q220994,Robert,5,0,5,-5
5090996261350044094,Q221145,Maria II da Gloria Joana Carlota Leopoldina Isidora Da Cruz Francisca Xavier De Paula Micaela Gabriela Rafaela Luisa Gonzaga de Bragança,5,0,5,-5
6000000000146450453,Q2228389,Agnes von Babenberg,5,0,5,-5
6000000006009035001,Q222930,Antiochus,5,0,5,-5
5235605714220070458,Q2241510,Rikissa of Sweden of Poland,5,0,5,-5
6000000005944438076,Q2253,Publius Cornelius Scipio Africanus,5,0,5,-5
6000000007234813810,Q2259,Julia Caesaris Major,5,0,5,-5
6000000000620057923,Q228642,Isabelle de France,5,0,5,-5
6000000000914276572,Q229413,Vipsania Agrippina Major,5,0,5,-5
6000000001336630486,Q229483,Octavia Minor,5,0,5,-5
6000000000628853392,Q2296177,Andrey Alexandrovich of Gorodets,5,0,5,-5
6000000001561742484,Q229810,Josefina Maximilienne Eugénie Napoléone de Beauharnais,5,0,5,-5
376356350590012900,Q229826,Marie Luisa de Borbón,5,0,5,-5
6000000005778447793,Q229836,Antonia Minor Augusta,5,0,5,-5
6000000003887838615,Q229875,Hortense Eugénie de Beauharnais,5,0,5,-5
6000000008211776777,Q23,George Washington,5,0,5,-5
6000000005846256197,Q230091,Herodias .,5,0,5,-5
6000000008211661175,Q231063,Flavia Maxima Fausta,5,0,5,-5
6000000003219772291,Q231150,Katherine of Lancaster,5,0,5,-5
6000000001469601505,Q231457,Maria Amalia Teresa di Borbone-Napoli,5,0,5,-5
6000000009550593233,Q231682,Cleopatra Thea,5,0,5,-5
6000000010683625755,Q231696,Atia Balba Caesonia,5,0,5,-5
6000000007593862015,Q231788,Isabelle of Angoulême,5,0,5,-5
6000000001857303364,Q2318556,Juliana van Nassau von Nassau-Dillenburg,5,0,5,-5
6000000001412881786,Q232144,Eleanor of England,5,0,5,-5
6000000001412951572,Q232323,Berengaria la Grande,5,0,5,-5
6000000001336756403,Q232725,Aurelia Cotta,5,0,5,-5
6000000000771167458,Q232761,Eadgyth,5,0,5,-5
6000000004319761252,Q233012,Saint Kinga / Cunegunda,5,0,5,-5
6000000005416616842,Q2332287,Ingegerd Olafsdotter,5,0,5,-5
6000000004868805911,Q233359,Atossa,5,0,5,-5
6000000002188429488,Q233471,Alexandra Pavlovna Holstein-Gottorp Romanov,5,0,5,-5
5053093620620112310,Q233728,Maria Clementina Josepha Johanna Fidelis Habsburg-Lothringen,5,0,5,-5
4277017108190044971,Q233900,Elisabeth Wilhelmine Louise von Württemberg,5,0,5,-5
6000000001555385150,Q234047,Marie Henrietta Anne Habsburg-Lothringen,5,0,5,-5
6000000001140272001,Q234156,Joan of Kent,5,0,5,-5
312478266190003854,Q234257,Ekaterina Pavlovna Romanova-Holstein-Gottorp,5,0,5,-5
6000000000796886861,Q234317,Constance,5,0,5,-5
6000000007892332453,Q234665,"Claudia Livia Julia ""Livilla""",5,0,5,-5
6000000000717970404,Q234703,Pauline Therese Württemberg,5,0,5,-5
6000000000729086140,Q234706,Marie de Montferrat,5,0,5,-5
302030903370006491,Q234734,Annia Galeria Faustina Major,5,0,5,-5
6000000004214235021,Q234941,Luisa Maria Amelia Teresa di Borbone-Napoli,5,0,5,-5
6000000008630613169,Q235061,Stratonice,5,0,5,-5
4190875500120027949,Q235250,Æthelflæda,5,0,5,-5
6000000006187206569,Q235412,Marie Julie Clary,5,0,5,-5
6000000008027865615,Q235418,Joan Plantagenet,5,0,5,-5
6000000008217175215,Q235423,Cornelia Cinna Minor,5,0,5,-5
6000000010200851092,Q235482,Margaret of Scotland,5,0,5,-5
6000000001142245959,Q235484,Matilda Plantagenet,5,0,5,-5
6000000004531774732,Q235487,Jutta von Luxemburg,5,0,5,-5
6000000000728588023,Q235629,Isabella I d'Anjou,5,0,5,-5
6000000001544491104,Q235637,Alice Capet,5,0,5,-5
6000000002188374278,Q235674,Maria Antonietta di Borbone-Due Sicilie,5,0,5,-5
6000000003858551777,Q2360672,Margaret Przemyslid of Bohemia,5,0,5,-5
6000000000703114066,Q236184,Katharina Friederike Sophie Dorothea von Württemberg,5,0,5,-5
6000000000424802891,Q236293,Marie,5,0,5,-5
6000000007329532901,Q236501,Pauline Friedrike Marie Württemberg,5,0,5,-5
6000000002005998997,Q236936,Annia Galeria Faustina Minor,5,0,5,-5
6000000000374518482,Q236990,Urraca de Castilla,5,0,5,-5
6000000000632010779,Q237132,Elisabeth Franziska Maria Habsburg-Lothringen,5,0,5,-5
6000000003950815381,Q237486,Agnès,5,0,5,-5
6000000003531090432,Q237709,Bertha of Savoy,5,0,5,-5
6000000004303586351,Q237858,Isabella Plantagenet,5,0,5,-5
6000000003051107855,Q237886,Adela de Normandie,5,0,5,-5
6000000006267433069,Q237907,Aelia Galla Placidia Augusta,5,0,5,-5
6000000002376132134,Q237931,Maria Maria Ewa Laczynska,5,0,5,-5
6000000006277445888,Q237955,Maria Theresa Josepha Charlotte Johanna Habsburg-Lothringen,5,0,5,-5
6000000018016935812,Q2392078,Joachim Eugène Louis Michel Napoléon Murat,5,0,5,-5
6000000000770008051,Q240277,Marie Christine Caroline Adélaïde Françoise Léopoldine Orleans,5,0,5,-5
6000000001602644048,Q2403665,Marie-Félix Blanc,5,0,5,-5
6000000000839183113,Q2411396,Christiana Christiansdatter Munk,5,0,5,-5
6000000000192573342,Q241350,Marguerite,5,0,5,-5
6000000003146107101,Q2415527,Adelaide,5,0,5,-5
5232212414880064431,Q242159,Francisca Carolina de Bragança,5,0,5,-5
6000000000146368622,Q242187,Agnes,5,0,5,-5
6000000000020542201,Q242287,Joan,5,0,5,-5
6000000000436936320,Q242317,Margaret Plantagenet,5,0,5,-5
6000000006574729702,Q242344,Beatrice of England,5,0,5,-5
6000000003645864052,Q242466,Annia Aurelia Galeria Lucilla,5,0,5,-5
6000000008489475272,Q242687,Marie Caroline Ferdinanda Габсбург,5,0,5,-5
4687427039910030320,Q242769,Blanche d'Artois,5,0,5,-5
6000000000010678591,Q243122,Ferdinand,5,0,5,-5
6000000001500870186,Q2468428,Alfonso,5,0,5,-5
6000000006210716340,Q247564,Zenaida Leticia Julia Bonaparte,5,0,5,-5
6000000003200696188,Q249183,Thomas,5,0,5,-5
6000000000671828681,Q2498514,Sophia Euphrosine Gediminds,5,0,5,-5
6000000003827400158,Q252763,Aldona-Anna Гедиминовна of Lithuania,5,0,5,-5
6000000002244423853,Q254322,Elisabeth Česká Přemyslid,5,0,5,-5
6000000009705979434,Q2555139,Kristín Knudsdatter Knútsdóttir,5,0,5,-5
6000000003828228080,Q25571977,Konstantinos Comneno,5,0,5,-5
6000000005747654068,Q255870,Julia Caesaris,5,0,5,-5
6000000006727871670,Q2567128,Marie de Courtenay,5,0,5,-5
6000000007179428714,Q2575533,Mary Plantagenet,5,0,5,-5
361088850870011645,Q2579326,Rita Maria,5,0,5,-5
5366053834650040358,Q257968,Joan of Acre,5,0,5,-5
6000000002397323620,Q2594188,Teresa,5,0,5,-5
6000000000632008459,Q261129,"Clémentine Albertine Marie Léopoldine Wettin, Ernestiner",5,0,5,-5
6000000007329725674,Q2616482,"Elisabeth of Denmark, Duchess Oldenburg",5,0,5,-5
302106850500001332,Q261802,Januária Maria Joana Carlota Leopoldina Cândida Francisca Xavier de Paula Micaela Gabriela Rafaela de Bragança,5,0,5,-5
6000000003108752547,Q262187,Ingegerd Haraldsdotter,5,0,5,-5
6000000002043195323,Q262192,Agnès,5,0,5,-5
361882907620007935,Q2622520,Yury Dmitriyevich Rurikid,5,0,5,-5
6000000006187605271,Q262788,Charlotte Napoléone Bonaparte,5,0,5,-5
5291323691250086261,Q262989,Leonora Christine Christina of Oldenburg,5,0,5,-5
6000000002525617303,Q2630476,Otte Tygesen Brahe,5,0,5,-5
6000000005063557395,Q264017,Mathilde,5,0,5,-5
6000000003645915181,Q266523,Baldwin,5,0,5,-5
6000000000307258557,Q2667593,Margaret of England,5,0,5,-5
6000000000860259173,Q266765,Begga de Landen,5,0,5,-5
6000000000350860988,Q268344,"Elizabeth (""Betsey"") Patterson",5,0,5,-5
6000000001500929045,Q269565,Anna Premyslid,5,0,5,-5
6000000004533725115,Q26965895,Jon Halkjellson,5,0,5,-5
6000000006101354412,Q269826,"Alix Queen-Consort and Regent of Cyprus, Regent of Jerusalem Blois",5,0,5,-5
6000000000023930647,Q270438,Charles of France,5,0,5,-5
6000000002267655245,Q271382,Eleanor of Leicester,5,0,5,-5
6000000003491071836,Q2718143,Ingegerd Birgersdotter (Bjälboätten),5,0,5,-5
6000000003342457608,Q271950,Albertine Agnes Orange,5,0,5,-5
6000000006101344900,Q271988,Marie Létizia Eugénie Catherine Adélaïde Bonaparte,5,0,5,-5
302107417920002914,Q2720659,Luigi Carlo Maria Giuseppe di Borbone delle Due Sicilie,5,0,5,-5
6000000000671850343,Q272156,Vasily Dmitriyevich Rurikid,5,0,5,-5
6000000000424572235,Q2733546,Judith of Brittany,5,0,5,-5
6000000008266067033,Q2741817,Bodil Thrugotsdatter Thrugotsdatter,5,0,5,-5
6000000010381502214,Q275336,John,5,0,5,-5
6000000000439476685,Q276742,Kirstine Munk,5,0,5,-5
6000000003067185677,Q2774126,Anna Árpád,5,0,5,-5
6000000002811486315,Q27932,Abel Estridson,5,0,5,-5
6000000009968657655,Q2801772,Joseph I Philippe,5,0,5,-5
6000000052617520958,Q28047799,Augusta Amélie Maximilienne Jacqueline Bonaparte,5,0,5,-5
4276963799530069552,Q289520,Friederike Elisabeth Amalie Auguste Württemberg,5,0,5,-5
6000000002525465512,Q2917684,Beate Clausdatter Bille,5,0,5,-5
6000000002240822545,Q295186,Daniil Alexandrovich Rurikov,5,0,5,-5
6000000000138688134,Q295268,Alfonso VIII the Noble Sanchez,5,0,5,-5
6000000002043258381,Q296003,Sancha de Castilla,5,0,5,-5
6000000006451577913,Q296304,Demetrius,5,0,5,-5
6000000001412881746,Q296463,"Afonso II the Fat, King of Portugal «o Gordo» de Portugal",5,0,5,-5
4880891073850057158,Q296863,"Ferdinand I ""the Great"" of Navarre",5,0,5,-5
5305294636990124817,Q297194,"Valdemar I Knudsen, the great",5,0,5,-5
6000000007511114828,Q298162,Gaius Vipsanius Agrippa,5,0,5,-5
6000000000111122332,Q298808,"Alfonso XI ""the Just""",5,0,5,-5
6000000004526559011,Q298892,"Philip II ""the Bold"" of France",5,0,5,-5
6000000012035508955,Q299179,Osahito (Komei) 陛下,5,0,5,-5
6000000002457013227,Q3044,Carolus 'Magnus',5,0,5,-5
6000000016643963931,Q305002,Edmund,5,0,5,-5
6000000000439325907,Q3051432,Ellen Jørgensdatter Marsvin,5,0,5,-5
6000000000624754372,Q3052486,Emma,5,0,5,-5
6000000000469888989,Q3053247,Mathilde,5,0,5,-5
376364131750011414,Q309605,Ferdinand Joseph Johann Baptist von Habsburg-Lothringen,5,0,5,-5
6000000001976895401,Q310421,Juan I Enriquez,5,0,5,-5
6000000003645859300,Q311112,Antiochus Grypus Philometer .,5,0,5,-5
6000000011828446309,Q311733,Titus Pomponius Atticus,5,0,5,-5
6000000001544554402,Q311808,Amalric I,5,0,5,-5
6000000001237507172,Q312104,Enrique III 'el Doliente' de Castilla y León,5,0,5,-5
6000000008379092382,Q312305,Francesco Gennaro Giuseppe Saverio Giovanni Battista,5,0,5,-5
376371011260005780,Q312325,Ferdinando I Antonio Pascual Juan Nepomuceno Serafín Genaro Benedicto de Borbón,5,0,5,-5
6000000011626949470,Q312351,Ayahito (Emperor),5,0,5,-5
6000000009432364977,Q312613,Richard FitzRichard,5,0,5,-5
6000000001610389741,Q312767,"Alfonso VII ""the Emperor"" de Castilla y León",5,0,5,-5
6000000001205606328,Q313005,"Sigurd ""the Crusader"" Magnusson of Norway",5,0,5,-5
6000000003464260121,Q313015,Haakon Folksunga,5,0,5,-5
6000000000351087662,Q313153,Håkon V Magnússon,5,0,5,-5
6000000002235247198,Q313169,Leopold Johann Joseph Franz Ferdinand Karl von Habsburg-Lothringen,5,0,5,-5
6000000008713427361,Q313737,Drusus Julius Caesar,5,0,5,-5
6000000000307258195,Q313846,Lionel,5,0,5,-5
6000000011626555953,Q313864,遐仁,5,0,5,-5
6000000011626781657,Q314063,英仁,5,0,5,-5
6000000000351087679,Q314450,Eric Magnusson Magnusson,5,0,5,-5
6000000003464124153,Q314457,Magnus Eriksson,5,0,5,-5
6000000009453273205,Q314527,Richard Plantagenet,5,0,5,-5
5365378662660125863,Q314550,Geoffrey,5,0,5,-5
6000000006101277370,Q314710,Gaius Julius Caesar,5,0,5,-5
4293237,Q315055,Karl Sverkersson,5,0,5,-5
6000000003645864674,Q315492,Marcus Claudius Marcellus,5,0,5,-5
6000000003051273715,Q316006,Étienne de Blois,5,0,5,-5
6000000000351087701,Q316039,Haakon Håkonsson Håkonsson,5,0,5,-5
6000000010160609967,Q316828,Birger,5,0,5,-5
6000000004996654885,Q317905,Sancho II 'el Fuerte' de Castilla y León,5,0,5,-5
348989271720012699,Q317933,"Hugh ""Magnus"" of Paris",5,0,5,-5
6000000022542572551,Q3185410,Joseph Nicolas Clary,5,0,5,-5
6000000003005168220,Q3185875,Joseph de Riquet de Caraman,5,0,5,-5
6000000013925898725,Q3189169,Julie Charlotte Pauline Zénaïde Laetitia Désirée Bartholomée Bonaparte,5,0,5,-5
6000000009209476752,Q319764,Joseph Anton Johann Baptist Habsburg-Lothringen,5,0,5,-5
6000000011627083509,Q320229,政仁,5,0,5,-5
6000000003918335756,Q3219928,Lawrence Washington,5,0,5,-5
6000000009909505293,Q3223972,Ermengarde Gerberga d'Anjou,5,0,5,-5
6000000003245561413,Q32432,Amedeo I Ferdinando Maria di Savoia,5,0,5,-5
6000000003082447466,Q329826,Øystein,5,0,5,-5
6000000031592307254,Q3298986,Sophie-Mathilde Adèle Denise de Morny,5,0,5,-5
6000000019723607156,Q3301817,Gjergj,5,0,5,-5
6000000003353135037,Q3312279,Eskil,5,0,5,-5
6000000012569926375,Q3324086,盛厚,5,0,5,-5
6000000002441720163,Q333346,Robert,5,0,5,-5
348101875910005782,Q333356,Pépin I,5,0,5,-5
6000000010211396295,Q333359,Richard 'Sans-Peur’,5,0,5,-5
6000000000769899870,Q333384,Baldwin,5,0,5,-5
6000000011209990471,Q3335337,KGPAA Mangkoenagara IX GPH Sujiwakusuma (1987- ) .,5,0,5,-5
6000000002415234643,Q3340,Ptolemy,5,0,5,-5
6000000000351087690,Q334673,Magnus VI,5,0,5,-5
6000000002415448137,Q3350,Ptolemy,5,0,5,-5
6000000003645908381,Q3356,Antiochus,5,0,5,-5
6000000007370175678,Q3362,Seleucus,5,0,5,-5
6000000007376492703,Q3365,Antiochus,5,0,5,-5
6000000006007855001,Q3373,Seleucus,5,0,5,-5
6000000003051269288,Q342512,Tiberius Claudius Nero,5,0,5,-5
6000000006910675540,Q3429184,Sophie Axelsdatter,5,0,5,-5
4972698589830125494,Q3430228,Steen Ottesen Brahe,5,0,5,-5
6000000002936566207,Q3430350,Axel Ottesen,5,0,5,-5
6000000000425008069,Q34428,Philip,5,0,5,-5
6000000011626937289,Q34479,Hirohito,5,0,5,-5
6000000011240920854,Q3448444,Gerberga,5,0,5,-5
6000000007980321231,Q346150,Ada Egede-Nissen,5,0,5,-5
6000000000685205542,Q347954,"Magnus I ""The strong"" Estridsøn",5,0,5,-5
6000000008779231604,Q3480086,Kristin Sverresdatter,5,0,5,-5
6000000002188386629,Q3500543,María Francisca de Sales,5,0,5,-5
4076388,Q350213,Magnus Erlingsson,5,0,5,-5
6000000003467384476,Q350330,Erik XII,5,0,5,-5
6000000006101300473,Q352506,Flavius Claudius Constantius Gallus Caesar,5,0,5,-5
6000000004903076002,Q353823,Adela av Flandern,5,0,5,-5
6000000000424802400,Q354422,Henri 'le Jeune',5,0,5,-5
6000000008173155858,Q3553662,Marie Henriette Valentine Caraman Chimay,5,0,5,-5
6000000037592099973,Q36020,軾 子瞻 東坡 眉州眉山,5,0,5,-5
5690292675140034936,Q365035,Inge Bårdson,5,0,5,-5
6000000003491193955,Q365072,"Sverker II ""the Younger""",5,0,5,-5
6000000000217042197,Q36620,Tycho Ottosson,5,0,5,-5
6000000000424639675,Q367828,Gaius Claudius Marcellus Minor,5,0,5,-5
361088630390012679,Q37098,Michael IX Palaiologos,5,0,5,-5
6000000000707666246,Q371731,Michael Pavlovich Holstein-Gottorp Romanov,5,0,5,-5
6000000003771781380,Q3721523,Helene Ilona Welf,5,0,5,-5
6000000007357684508,Q3764851,Gioacchino,5,0,5,-5
6000000001544431739,Q377480,Robert de Dreux,5,0,5,-5
6000000006102354902,Q3775231,Dorothea Mogensdatter Krag,5,0,5,-5
6000000000307267733,Q378249,Guillaume Caen,5,0,5,-5
6000000012597187618,Q378987,欣子 内親王,5,0,5,-5
6000000008216294166,Q380857,Aemilia Scaura,5,0,5,-5
6000000003538057735,Q3831059,Letizia Marie Josephine Annonciade Josephe Murat,5,0,5,-5
5059366907170102189,Q384917,Svante Nilsson Sture,5,0,5,-5
6000000001504537414,Q38944658,Elsebet Tygesdatter Krabbe,5,0,5,-5
6000000009432318518,Q391944,Matilda,5,0,5,-5
6000000006727821960,Q392792,Svitrigaila Boleslaus Olgerdovich Świdrygiełło WKL,5,0,5,-5
6000000008630613094,Q39576,Ptolemy,5,0,5,-5
6000000003645853628,Q39602,Ptolemy,5,0,5,-5
6000000003645882894,Q39938,Ptolemy,5,0,5,-5
6000000005987293003,Q39952,Ptolemy,5,0,5,-5
6000000003645853602,Q39957,Ptolemy,5,0,5,-5
6000000003645853635,Q40010,Berenice,5,0,5,-5
6000000002415194667,Q40023,Cleopatra,5,0,5,-5
6000000002274610910,Q40061,Emma iš Normandijos,5,0,5,-5
6000000003645853743,Q40247,Cleopatra,5,0,5,-5
6000000005990411008,Q40258,Arsinoe,5,0,5,-5
6000000003827706911,Q4064911,Anastasia Vasilievna Rurikids,5,0,5,-5
6000000047981079297,Q4065829,Andrey Dmitriyevich Rurikids,5,0,5,-5
6000000009438007527,Q41381,Richard FitzRichard,5,0,5,-5
6000000006101401753,Q42401659,Jérôme Napoleon Charles Bonaparte,5,0,5,-5
6000000006275406006,Q432771,Thomas,5,0,5,-5
1354801,Q434077,Napoléon Joseph Charles Paul Bonaparte,5,0,5,-5
6000000008869221714,Q4347033,"Ivan Yuryevich ""the Nail""",5,0,5,-5
6000000006997472376,Q434760,Canute Eriksøn Eriksøn,5,0,5,-5
6000000002376187259,Q435375,Alexandre Florian Józef Colonna-Walewski,5,0,5,-5
6000000007549309632,Q438646,Margrete Skulesdotter Rein,5,0,5,-5
6000000000701225368,Q43915,"Otto I ""der Große"" Liudolfinger",5,0,5,-5
6000000003726054418,Q43961,Hadewig,5,0,5,-5
6000000001266578142,Q43974,Louis,5,0,5,-5
6000000003232543453,Q441251,Maria Frederica Charlotte Württemberg,5,0,5,-5
6000000001138931559,Q442102,Inger (Ingerd) Ottesdatter Rømer,5,0,5,-5
6000000005933702020,Q442503,Pompeia Magna,5,0,5,-5
6000000001186553003,Q443674,Aud Egede-Nissen Egede-Nissen,5,0,5,-5
6000000003590567409,Q447448,Karl Ferdinand of Austria-Teschen von Österreich-Teschen,5,0,5,-5
6000000000151869439,Q447802,"Edmund ""Crouchback"" Plantagenet",5,0,5,-5
6000000030802322992,Q4479380,Kazuko Yoshida,5,0,5,-5
6000000003390591481,Q4493865,Fiodor Данилович,5,0,5,-5
6000000012011576430,Q450708,Gaius Asinius Gallus Saloninus Asinius Gallus,5,0,5,-5
6000000002888912311,Q451204,Tryphaena,5,0,5,-5
6000000003842085382,Q451995,Amadeus VI,5,0,5,-5
6000000003841691917,Q451998,Amadeus VII,5,0,5,-5
6000000003827674227,Q4534880,Yuri Лугвенович Семёнович Gediminid,5,0,5,-5
6000000036583770649,Q45365249,益 損之 撫州臨川,5,0,5,-5
6000000008865310145,Q4538767,Yaroslav Vladimirovich Боровский,5,0,5,-5
5232225520280117433,Q454337,François Ferdinand Borbon-Orléans,5,0,5,-5
6000000000351094629,Q457667,Berenguela de León,5,0,5,-5
6000000001186439834,Q4580978,"Gøril ""Tulla"" Egede-Nissen",5,0,5,-5
6000000007409105599,Q458119,Mary Ball,5,0,5,-5
6000000001186542172,Q4588079,Gerd Egede-Nissen,5,0,5,-5
6000000002244425187,Q461630,Auguste Charles Eugène Napoléon de Beauharnais,5,0,5,-5
4077390,Q463711,Eufemia Eriksdotter,5,0,5,-5
6000000011626949543,Q463940,Yoshiko Nakayama,5,0,5,-5
6000000006791513297,Q464452,Flavia Constantia Augusta,5,0,5,-5
5467103038060065040,Q465561,Tecuichpo Ixcaxochitzin,5,0,5,-5
6000000006111890476,Q466230,Sibylle d’Anjou,5,0,5,-5
4992526501010127680,Q466283,Marie,5,0,5,-5
6000000006267755295,Q46696,Theodosius Theodosio,5,0,5,-5
6000000001500928754,Q467014,Marguerite II Flanders,5,0,5,-5
6000000005599098019,Q467019,Margaretha Countess Of de Hainault,5,0,5,-5
4077210,Q467530,Ingeborg Haakonsdatter,5,0,5,-5
6000000002322298434,Q468687,Ruggero d'Altavilla,5,0,5,-5
6000000001669662426,Q469603,Karolus de France,5,0,5,-5
6000000000424886603,Q469701,Livia Drusilla Julia Augusta Drusilla,5,0,5,-5
6000000002162321331,Q4712684,Albret Christensen Skeel,5,0,5,-5
6000000000560074228,Q4726170,Alix de Lusignan,5,0,5,-5
5665970332140110758,Q47412,Fernando I 'el Justo' de Castilla y León,5,0,5,-5
5667678941080027324,Q475142,Niels Eriksen Juel,5,0,5,-5
6000000010289136104,Q47595,Alfonso X 'el Sabio',5,0,5,-5
6000000001130898363,Q4965630,Margareta Eriksdotter Krummedige,5,0,5,-5
6000000011661117606,Q4969197,Birgitte Skeel,5,0,5,-5
6000000001500916916,Q503063,Robert de Bourgogne,5,0,5,-5
5319372978170089688,Q51056,Franz Joseph I Josef,5,0,5,-5
6000000001336650473,Q51673,Marcus Antonius,5,0,5,-5
6000000000350860821,Q517,Napoléon Bonaparte,5,0,5,-5
6000000002240840920,Q523352,Louis Lucien Bonaparte,5,0,5,-5
4194863017010128979,Q5236,Edward,5,0,5,-5
6000000001561727235,Q52924,Oscar II Fredrik Bernadotte,5,0,5,-5
6000000001390149431,Q52925,Carl XV Ludvig Eugen Bernadotte,5,0,5,-5
6000000001561849052,Q52926,Oscar I Joseph François Bernadotte,5,0,5,-5
6000000000187695664,Q533353,Henry,5,0,5,-5
6000000001319422295,Q53459,Casimir IV Andrew Jagiellon,5,0,5,-5
6000000013204919137,Q537235,Titus Flavius Sabinus,5,0,5,-5
6000000004996616066,Q5388663,Erik Pedersen,5,0,5,-5
6000000002400899638,Q54013,Mieszko III III van Polen,5,0,5,-5
6000000001397950212,Q54049,Władysław II Jagiełło,5,0,5,-5
6000000000146388320,Q54051,Władysław Bolesławowicz,5,0,5,-5
6000000010721951699,Q5408230,Eugénie Laetitia Barbe Caroline Lucienne Marie Jeanne Laeticia Barbe Caroline Lucienne Marie Jeanne Bonaparte,5,0,5,-5
6000000001722301455,Q541028,Nils Henriksson Jensen,5,0,5,-5
5566580638230026755,Q541658,John III 'de Triumfator',5,0,5,-5
6000000015496074997,Q543853,Herod Boethus .,5,0,5,-5
6000000003165357577,Q5447176,Fielding Lewis,5,0,5,-5
6000000003845322877,Q547610,Aymon,5,0,5,-5
6000000003456051444,Q547911,Erik Magnusson,5,0,5,-5
6000000052622473847,Q548589,Gioacchino-Napoleone,5,0,5,-5
6000000006727821946,Q55082017,Elena Olgerdovna,5,0,5,-5
6000000000125394145,Q552414,Frederick,5,0,5,-5
6000000002836177967,Q5568122,Jockum Jakobsen,5,0,5,-5
6000000007357749238,Q55914877,Louise Julie Caroline Murat,5,0,5,-5
6000000009580532749,Q559535,William II,5,0,5,-5
6000000007980321245,Q5627703,Oscar Nissen,5,0,5,-5
6000000030500310724,Q5673755,Ana Fernández de Córdoba y Enríquez de Ribera,5,0,5,-5
6000000003407114425,Q5715530,Erik Eriksson Gyldenstierne,5,0,5,-5
6000000001504786515,Q5744575,Christian Jørgensen Friis,5,0,5,-5
4694693,Q57632,Sophie Marie Dorothea Auguste Luise Feodorovna Württemberg,5,0,5,-5
6000000000614910056,Q57798,Edward of Westminster,5,0,5,-5
5266305885070130046,Q5860568,Fernando,5,0,5,-5
6000000000276861928,Q5864929,Francisca,5,0,5,-5
6000000002244370573,Q587697,Afonso «o Conquistador» Henriques,5,0,5,-5
6000000001948789077,Q5883784,Jakob,5,0,5,-5
6000000001229904356,Q5884381,Johan Christiernsson,5,0,5,-5
6000000000157358561,Q58907,"Philip ""the Amorous""",5,0,5,-5
6000000003645806282,Q5921435,Tyge Mogensen Krabbe,5,0,5,-5
6000000001504216475,Q5921660,Otte Nielsen,5,0,5,-5
6000000004838388133,Q59604,LEONOR,5,0,5,-5
6000000007265083885,Q59734,Demetrius,5,0,5,-5
5020469289250100933,Q60094,Henry,5,0,5,-5
6000000006101404783,Q601374,Achille Charles Louis Napoléon Murat,5,0,5,-5
6000000000707629259,Q60232,"Friederike ""Charlotte"" Marie von Württemberg",5,0,5,-5
6000000000307247496,Q61103,Maria Dorothea Württemberg,5,0,5,-5
6000000001563293216,Q614258,Maria,5,0,5,-5
6000000007245507855,Q61748674,Elisabet Jonasdotter,5,0,5,-5
6000000006101344713,Q620256,Napoléon Charles Grégoire Jacques Philippe Charles Grégoire Jacques Philippe,5,0,5,-5
6000000002266231326,Q62033,Gisele Konradin,5,0,5,-5
6000000007408934870,Q6219733,John Augustine Washington,5,0,5,-5
6000000002712954187,Q6225714,Holger Jørgensen Vind,5,0,5,-5
4290454638540043428,Q62401,"George Peter Friedrich Holstein-Gottorp, Oldenburg",5,0,5,-5
6000000002035602065,Q6253686,John Quincy,5,0,5,-5
6000000001336815278,Q635,Cleopatra Φιλοπάτωρ,5,0,5,-5
6000000006727757574,Q63536,Friedrich Ulrich Welf,5,0,5,-5
6000000003645734389,Q642075,Kristin,5,0,5,-5
6000000006906550197,Q64318,Herman,5,0,5,-5
6000000003232543558,Q64613,Friedrich August Eberhard Württemberg,5,0,5,-5
6000000012011702512,Q6485329,Julia,5,0,5,-5
6000000006363954396,Q6501885,Lauritz Lauritsen Galtung,5,0,5,-5
6000000001453039469,Q6504330,Lawrence Lewis,5,0,5,-5
4285417,Q65607,Beatrix Wittelsbach,5,0,5,-5
6000000001578912888,Q656859,Mahaut de Châtillon,5,0,5,-5
6000000004533274488,Q6654925,Marie de Dreux,5,0,5,-5
6000000009119340096,Q66829116,Vincents Steensen,5,0,5,-5
6000000003858710950,Q669639,Constance Capet,5,0,5,-5
6000000010722301321,Q6779085,Marie Léonie Eugénie Mathilde Jeanne Julie Zénaïde Marie of Bonaparte,5,0,5,-5
6000000000424875913,Q6787527,Matilda de Kevelioc,5,0,5,-5
6000000001500832839,Q679986,Isabelle de France,5,0,5,-5
6000000002400782615,Q68567,Salomea von Berg-Schelklingen,5,0,5,-5
300537894950005354,Q692265,Jérôme Napoléon Bonaparte,5,0,5,-5
6000000002188001818,Q699306,Vladislaus II of Opole,5,0,5,-5
6000000002240844355,Q700057,Friedrich Wilhelm Alexander von Württemberg,5,0,5,-5
6000000006101344917,Q701093,Louis Napoléon Jerome Victor Emmanuel Leopold Marie,5,0,5,-5
6000000003581643785,Q702722,Willem Frederik van Nassau-Dietz,5,0,5,-5
6000000006970940899,Q706206,Artavasdes,5,0,5,-5
6000000002188289008,Q708722,Faustus Cornelius,5,0,5,-5
6000000005588616059,Q71231,"Charles den Skallete, le Chauve",5,0,5,-5
6000000006101404795,Q712889,Napoléon Lucien Charles Joseph Murat,5,0,5,-5
4128900920640031644,Q71436,Sophia Hedwig Welf,5,0,5,-5
6000000001504824129,Q71672232,Beate Holgersdatter,5,0,5,-5
6000000001744991456,Q72391178,Agnes of Chester,5,0,5,-5
6000000004990387956,Q724365,Matthew D’ALSACE,5,0,5,-5
6000000001198751004,Q725206,Skúli Bárðarson,5,0,5,-5
6000000012935935601,Q7326,Hernán,5,0,5,-5
6000000006187649284,Q73465,Napoleon Louis II Bonaparte,5,0,5,-5
6000000001747686561,Q7412891,Samuel Washington,5,0,5,-5
6000000003827181690,Q742191,August Nicolaus Napoleon,5,0,5,-5
6000000004996513200,Q744011,Jens,5,0,5,-5
6000000003827624276,Q75243382,Elisabeth von Meissen,5,0,5,-5
6000000003645683752,Q75291923,Ingrid,5,0,5,-5
6000000003358162246,Q75291987,Sigrid Huk Blindheim,5,0,5,-5
6000000017265998387,Q75367116,Albertyna Leopoldyna Wilhelmina Montenuovo,5,0,5,-5
6000000002188409133,Q75367362,Maria Sophia Prinzessin von Montenuovo,5,0,5,-5
6000000010692925337,Q75392894,Léon Napoléon Louis Michel Ney,5,0,5,-5
6000000027070046200,Q75392904,Louis Clavering Clovis Richard,5,0,5,-5
6000000012919466084,Q75538331,Marie Désirée Eugénie Joséphine Philomène Bonaparte,5,0,5,-5
6000000010715274501,Q75539306,Caroline LeRoy Appleton,5,0,5,-5
6000000019503613862,Q75539311,Louise-Eugénie Bonaparte-Patterson,5,0,5,-5
6000000020774673384,Q75581265,Charlotte Honorine Joséphine Pauline Bonaparte,5,0,5,-5
6000000020774751204,Q75581308,Aloïse Bathilde Léonie Bonaparte,5,0,5,-5
6000000001504296318,Q75726717,Barbara Marie Joachimsdatter Grabow,5,0,5,-5
6000000001504293868,Q75726722,Maren Hansdatter Steensen,5,0,5,-5
6000000014167835316,Q75760041,Jesse Koshland,5,0,5,-5
6000000016552149655,Q75768452,Anna Napoleona Karolina Alexandrine Gołuchowska (Murat ),5,0,5,-5
6000000007175733227,Q75966117,John Washington,5,0,5,-5
6000000009719963077,Q75977812,Chin Koon Lee,5,0,5,-5
6000000009719967598,Q75977832,Hoon Leong Lee,5,0,5,-5
6000000000062184652,Q76240872,Mildred Washington,5,0,5,-5
6000000003828385756,Q764528,Marcus Licinius Crassus Frugi,5,0,5,-5
6000000001746838558,Q768342,Augustine Washington,5,0,5,-5
6000000002188409493,Q768366,Leopoldo Giovanni Giuseppe Michele di Borbone-Napoli,5,0,5,-5
6000000003492745606,Q7721,Louis-Napoleon Louis Napolean Bonaparte,5,0,5,-5
6000000001209857715,Q772443,Robert de Vermandois,5,0,5,-5
6000000003858624547,Q77253,Albert I von Wittelsbach,5,0,5,-5
6000000006187372389,Q7726,Joseph Napoléon,5,0,5,-5
6000000000350860867,Q7729,Louis Napoléon Bonaparte,5,0,5,-5
6000000008274614688,Q78018,Anna Maria Solms,5,0,5,-5
6000000000717784233,Q78519,Karl Ludwig Joseph Maria Habsburg-Lorraine,5,0,5,-5
5020177483010087236,Q79789,"Friedrich I ""Barbarossa"" von Hohenstaufen",5,0,5,-5
6000000001180345841,Q8016067,William Nelson,5,0,5,-5
6000000000156317517,Q80692,Richeza of Poland,5,0,5,-5
6000000000307261938,Q81000,Richard II,5,0,5,-5
6000000017553391422,Q8251489,燕,5,0,5,-5
5287530087430075153,Q82687,Géza I,5,0,5,-5
6000000002119283341,Q8413,Gaius Flavius Valerius Aurelius Constantinius,5,0,5,-5
6000000002004188529,Q84192,Ferdinand Maximilian Josef Maria Habsburg-Lothringen,5,0,5,-5
3996690188820126654,Q84201,"Karl (Charles) Ludwig, Archduke Charles, of Austria-Teschen",5,0,5,-5
6000000004120057538,Q84239,Caroline Josepha Leopoldine Franziska Ferdinanda,5,0,5,-5
6000000002792676037,Q8433,Philippe V The Tall Of Capet,5,0,5,-5
6000000002649904133,Q84454739,Edwin Conway,5,0,5,-5
6000000003165372727,Q84527868,Anna Shepard,5,0,5,-5
6000000002035287084,Q84528267,Anna Tyng,5,0,5,-5
6000000007409223684,Q850421,Elizabeth 'Betty' Washington,5,0,5,-5
6000000002188409127,Q85290,Alfred Adam von Neipperg,5,0,5,-5
6000000001169124236,Q856159,Magnus Henriksson II,5,0,5,-5
6000000003645912303,Q8589,Ashoka,5,0,5,-5
6000000006998870158,Q87783434,Sarah Oliver,5,0,5,-5
6000000001180345853,Q880222,Thomas Nelson,5,0,5,-5
6000000002188409115,Q89422,Wilhelm Albrecht,5,0,5,-5
6000000000192494657,Q916305,Jeanne de Valois,5,0,5,-5
6000000000350865036,Q919015,Charles Joseph Bonaparte,5,0,5,-5
6000000000350865048,Q923098,Maria Clotilde Therese Louise Savoia,5,0,5,-5
6000000002188429874,Q93427,Johann Baptist Joseph Fabian Sebastian Habsburg,5,0,5,-5
6000000000388939419,Q9458,Muhammad Al-Hashemi,5,0,5,-5
6000000009890006762,Q950456,Henry Plantagenet,5,0,5,-5
6000000003166349540,Q952175,Christina Stigsdatter,5,0,5,-5
6000000001462712746,Q955409,Lambert of Louvain,5,0,5,-5
6000000004877956547,Q95901,Georg Lüddeckens Alexander Richter,5,0,5,-5
6000000003146970482,Q959494,Stephanie of Armenia,5,0,5,-5
6000000004547556448,Q96076566,Sarah Bassett,5,0,5,-5
4972646463380042917,Q96240731,Sophie Jørgensdatter,5,0,5,-5
6000000004028864191,Q96240761,Peder Axelsen Thott,5,0,5,-5
6000000010191066882,Q96240793,Beate Johansdatter von Thienen,5,0,5,-5
6000000001764021158,Q96244118,Jacob Andersen,5,0,5,-5
6000000003149302726,Q96244133,Ide Sophie Vincentsdatter Bildt,5,0,5,-5
6000000000203345531,Q965442,Leonor Cortés de Moctezuma,5,0,5,-5
6000000001669618094,Q967845,Håkon Folkvidsson Galen,5,0,5,-5
6000000001500956451,Q971207,Pedro I,5,0,5,-5
6000000002043244300,Q984430,Ranulf de Blundeville de Meschines,5,0,5,-5
6000000001052203088,Q98970510,Hugh Nelson,5,0,5,-5
