333 people across 1 Garborg batches, 19253 already holding a QID
3535 token(s) are already pointed at by their own bearers
7665 tokens already have an item and are linked, not created
4548 need creating, 0 are ambiguous and are not
168 token(s) held: never a first given name in the corpus but attested as a family name -- Ier (6), Laurentii (5), Georgii (3), Lauritzen (3), ll (3), Byre (3)
664 token(s) RESCUED by the bearers' own statements -- these would have been created a second time:
   Adalasia             given        Q62102498
   Adalhaid             given        Q354633
   Adélaïde-Wera        given        Q354633
   Al-Dahhak            given        Q63929644
   Al-Waleed            given        Q3357916
   Alberada             given        Q126902674
   Alberon              given        Q16799105
   Albric               given        Q19001598
   Alveradis            given        Q17459100
   Andersson Bure       family       Q11335012
   Ared                 family       Q107448247
   Arnoulf              given        Q3623461
   Aure-Pål             given        Q15732803
   Austvoll Dysjaland   family       Q55222237
   Auðr                 given        Q790023
   Bagge Vang           family       Q21454074
   Basilus              given        Q16282378
   Bergersen Næsmoen    family       Q27824335
   Bertrand de Bricquebec family       Q12785806
   Berðlu-Káradóttir    patronymic   Q123584296
   Bjarnesson Bjarkøy   family       Q122835529
   Bjørnsdatter         family       Q122835576
   Bononius             family       Q27133759
   Bottnekarl           family       Q23645132
   Breidaholt-Skien     family       Q141502687
   Chartoryisk          family       Q23702017
   Cináed               given        Q2492643
   Claesdotter von Stauden family       Q141583330
   Cnut                 given        Q18565341
   Colquhoun of Letter  family       Q65176285
   Cronhielm af Hakunge family       Q141271271
   Cunigonde            given        Q18628367
   DE CONDÉ             family       Q104854489
   Dal Sæve             family       Q16726211
   Danckwardt-Lillieström family       Q44683758
   De Beauvau           family       Q21489105
   De la Gardie         family       Q41366581
   Dedi                 given        Q1182214
   Domild               given        Q1566153
   Drake af Hagelsrum   family       Q16869662
   Dubblare             family       Q23597719
   Dysjaland            family       Q141537977
   Eadwin               given        Q240931
   Ealdgȳð              given        Q987673
   Eberles Altschuler   family       Q37279701
   Eilica               given        Q64364589
   Elliv                given        Q141584021
   Endreson Madland Nevland family       Q141620168
   Eriksson Palm        family       Q16880920
   Erikssøn             family       Q1294105
   Erskine of Dun       family       Q16869843
   Erøy Vaage           family       Q33082902
   Ezzo                 given        Q18812530
   Fernández de Hijar y Alagón family       Q61669115
   Fleming af Liebelitz family       Q1427982
   Fleuri               given        Q19914619
   Galle Finland        family       Q16870088
   Garzía               given        Q29551139
   Giöthe               family       Q42223005
   Glúmr                given        Q1796041
   Gonzelon             given        Q22343695
   Gordon of Pitlurg    family       Q2701900
   Gossuin              given        Q1538654
   Gudbrandsdatter      patronymic   Q141498666
   Gudren               given        Q1553074
   Gunbjørn             given        Q136849653
   Gunnarsdatter Soma   family       Q37104818
   Gyllenstierna af Lundholm family       Q47456776
   Gös                  family       Q23645132
   Gōdwine              given        Q16561310
   Haakonsdatter av Tunsberg family       Q16865437
   Hamilton af Hageby   family       Q141352799
   Hansson Moraeus      family       Q21507480
   Helfenstein-Blaubeuren family       Q37573154
   Helène               given        Q1035239
   Herleva              given        Q15725447
   Herlénius           family       Q132541636
   Hesso                given        Q141444401
   Hindriksson          family       Q21493031
   Hjaltland            family       Q122839169
   Hlöðvir              given        Q30512213
   Hoffshagen           family       Q27887926
   Holiczky von Sternberg family       Q16883840
   Hrollaug             given        Q16428397
   Hyltèn von Hylteen   family       Q96767613
   Håland Gjesdal       family       Q141620156
   Imiza                given        Q10000391
   Ingebor              given        Q1459707
   Ingeleiv             given        Q11973376
   Jerling              family       Q21509276
   Joa Austvoll         family       Q37507451
   Johansdatter Kruckow family       Q36932126
   Jørundsdatter        patronymic   Q141450954
   Kerdis               given        Q33101788
   Konge av Norge       family       Q21449207
   Kopparslagare        family       Q23645132
   Kruskopp             family       Q21504742
   Kveld-Úlfur          given        Q1481253
   Langhus Riska        family       Q28146913
   Lauritzdatter        patronymic   Q130233025
   Lebna Dengel         family       Q37492812
   Liedbeck             family       Q49597272
   Ljot                 given        Q3481835
   Lythræus             family       Q21493031
   López de Haro        family       Q47164231
   MacAlpín             family       Q94044165
   MacDowall of Garthland family       Q6723006
   Madsen               patronymic   Q141456293
   Magdlena             given        Q18369928
   Magni                patronymic   Q141583323
   Malmfrid             given        Q16422679
   Martensson           patronymic   Q141510578
   Matssen              patronymic   Q141456293
   Maurit               given        Q18760871
   Meisho               given        Q110183362
   Midtre Salte         family       Q38882324
   Mörner af Morlanda   family       Q141223484
   Nanfan               given        Q8933847
   Natt och Dag         family       Q15829860
   Nedre Jerstad        family       Q141250199
   Nilsdotter Stiernman family       Q47456923
   Niure                family       Q1354604
   Nordlind             family       Q109663331
   Nunila               given        Q11794194
   Núñez de Lara        family       Q12667104
   Obicino              given        Q141444401
   Olafssonas           family       Q47064733
   Oliphant of Aberdalgie Kellie family       Q16880709
   Olsdatter Austvoll   family       Q55222237
   Olsson Strandberg    family       Q27876736
   Orkdal Lendmann      family       Q122835803
   Ormestrand Vormestrand family       Q141440463
   Otte Svaleson Rømer Stårheim family       Q25521651
   Oxehode-i-Rosenkrantz family       Q141518494
   Oxenstierna af Croneborg family       Q41905671
   Pall                 given        Q1521055
   Paullsdatter         patronymic   Q141499015
   Pelet d'Alès         family       Q104832352
   Pepin                given        Q1514563
   Perronelle           given        Q28042676
   Petrum               given        Q15897419
   Pettersson           patronymic   Q141494364
   Porcellos de Castilla family       Q99907853
   Pépin                given        Q1514563
   Ragnvaldsdóttir      patronymic   Q130738659
   Ragnvaldsson         patronymic   Q113006412
   Randklef             family       Q21476625
   Ribbing af Koberg    family       Q37134374
   Ribbing af Zernava   family       Q37134374
   Richildis            given        Q22343622
   Riksråd              given        Q21144023
   Roos af Hjelmsäter   family       Q10656802
   Roricon              given        Q3442014
   Roshem               family       Q21509276
   Rossaland            family       Q16860245
   Rosså                family       Q21510402
   Rosén von Rosenstein family       Q19928843
   Ryttmästare          family       Q141456288
   RĀMA                 given        Q56459650
   Salmonsdatter        patronymic   Q141498347
   Samsonsen Gimre      family       Q141537977
   Sasaki佐々木            family       Q346569
   Sibort               family       Q21504742
   Sinclair of Greenland and Rattar family       Q16883357
   Skagge               family       Q2817217
   Skepling             family       Q1699018
   Skrivare             family       Q21510655
   Smor                 family       Q7546835
   Smør Breidaholt-skien family       Q7546835
   Snorasson            family       Q21447781
   Soma Sanne           family       Q20630289
   Sparre af Söfdeborg  family       Q30136491
   Stewart of Bonkyl    family       Q2801971
   Stewart of Traquair  family       Q2801971
   Storskytt            family       Q2817217
   Straale              family       Q16876242
   Stromer von Reichenbach family       Q139817595
   Svalesdatter Birkeland family       Q27888836
   Svensdatter          family       Q141403309
   Swantepolk           given        Q30106697
   Swietopelk           given        Q30106697
   Sæmundr              given        Q16428335
   THIERY de SAINT THOMAS family       Q18001849
   Talairan             given        Q14656717
   Tambarskjelve        family       Q122839089
   Tersera              family       Q47461397
   Teseyon              family       Q16883029
   Thegman              family       Q27876648
   Thel                 family       Q21507480
   Theoderic            given        Q18001848
   Thoralde             given        Q127069
   Thoresen             patronymic   Q141497321
   Thorirsdottir of Eggja family       Q45222411
   Thorolfur            given        Q25937055
   Thorvaldur           given        Q16421223
   Thórður              given        Q8079578
   Tjurhuvud            family       Q37024418
   Tjöl                 given        Q141532387
   Tomassson            patronymic   Q141583327
   Tommasia             given        Q29550347
   Torbergsdatter       patronymic   Q112117296
   Torgeirsen           family       Q19970604
   Torkelsen Berge      family       Q16479900
   Torkjellsson Koll    family       Q21510541
   Torstensen           patronymic   Q141494359
   Tott af Skedebo      family       Q45854140
   Tryggvės duktė       family       Q122839218
   Turdfjell            family       Q1699018
   Téllez Girón y Enríquez de Ribera family       Q54810015
   Tørresdotter         patronymic   Q141436732
   Ulf of Horsnäs       family       Q141456288
   Ulfsparre af Broxvik family       Q141442903
   Urka Smør            family       Q7546835
   Wachtmeister af Björkö family       Q141381252
   Wachtmeister af Johannishus family       Q20882338
   Wiggman              family       Q21507850
   Wulfhilda            given        Q98877547
   Zbyslava             given        Q9388817
   af Björnö            family       Q141352785
   af Danmark           family       Q41834820
   af Nordin            family       Q21449235
   af Sillén            family       Q45412608
   d'Altavilla          family       Q37448361
   d'Aragón             family       Q1158327
   de Bar               family       Q106196593
   de Barcelona         family       Q37514194
   de Bretagne          family       Q63759563
   de Brienne           family       Q63396083
   de Brus              family       Q28750642
   de Clare             family       Q16865614
   de Clifford          family       Q18572439
   de Clisson           family       Q65099935
   de Coimbra           family       Q5141513
   de Dreux             family       Q104802460
   de Fois              family       Q99908866
   de Forez             family       Q139598563
   de France            family       Q16275867
   de Grailly           family       Q28027069
   de Grancey           family       Q105107709
   de Grenier           family       Q25343999
   de Hainaut           family       Q124708094
   de Laval             family       Q23072571
   de Legh              family       Q15229897
   de Lusignan          family       Q37271083
   de Mello             family       Q36953649
   de Mons              family       Q37157503
   de Montcada Maça de Liçana family       Q37441893
   de Montfort          family       Q24780383
   de Montmirail        family       Q42939150
   de Osten             family       Q20726980
   de Picquigny         family       Q104593491
   de Ponthieu          family       Q104832225
   de Réthel            family       Q105107617
   de Saint-Pol         family       Q98208175
   de Sudeley           family       Q112600690
   de Sutton            family       Q16884069
   de Tolosa            family       Q37550215
   de Tournon           family       Q55515407
   de Trie              family       Q107446237
   de Valois            family       Q37067422
   de Vere              family       Q37155582
   de Vermandois        family       Q98141623
   de la Gardie         family       Q41366581
   de la Marck          family       Q56245758
   de la Motte          family       Q29575121
   de la Pole           family       Q16881308
   de'Medici            family       Q69250234
   dei Langobardi       family       Q27209185
   di Napoli            family       Q16877784
   di Salerno           family       Q16882536
   guldsmed             family       Q731903
   la Zouche            family       Q75200062
   til Hestbø           family       Q48612142
   van Bronckhorst      family       Q762685
   von Altenburg        family       Q436862
   von Bauman           family       Q21475461
   von Bentheim         family       Q106065679
   von Brandenburg      family       Q897887
   von Braunjohan       family       Q141442899
   von Düben            family       Q74905619
   von Eppenstein       family       Q37449246
   von Falkenstein-Münzenberg family       Q1394284
   von Fürstenberg      family       Q51079363
   von Güntersberg      family       Q141493482
   von Hagen            family       Q1568372
   von Hals             family       Q11973763
   von Hauenschild      family       Q132162524
   von Hengebach        family       Q37476182
   von Hermansson       family       Q21508239
   von Hohenzollern     family       Q88458721
   von Human            family       Q16870920
   von Hylteen          family       Q141528094
   von Jacobsson        family       Q21508461
   von Liechtenstein-Murau family       Q112818105
   von Lode             family       Q28317821
   von Mansfeld-Mittelort family       Q1370264
   von Mansfeld-Vorderort family       Q1370264
   von Numers           family       Q141497322
   von Oettingen        family       Q64156937
   von Oldenburg        family       Q16880703
   von Platen           family       Q42098063
   von Plettenberg      family       Q76759948
   von Post             family       Q21491634
   von Rosen            family       Q42122485
   von Sachsenkam       family       Q141549525
   von Saffenberg-Maubach family       Q117816350
   von Saltza           family       Q7941508
   von Sayn             family       Q66661616
   von Stein            family       Q2339506
   von Urach            family       Q113587212
   von Wackenitz        family       Q49700815
   von Waldeck          family       Q37440974
   von Wedderkop        family       Q110891053
   von Weimar           family       Q37489663
   von Willebrand       family       Q47003705
   von Wittelsbach      family       Q123614057
   von Wolffradt        family       Q141492612
   von Wright           family       Q2594455
   von der Osten        family       Q20726980
   von der Schulenburg  family       Q49440464
   zu Schwarzenberg und Hohenlandsberg family       Q37307191
   Álfheiði             given        Q18699311
   Ågota                given        Q3481175
   Æbba                 given        Q2242896
   Óargi                family       Q37057828
   ØKSENVAD             family       Q30583490
   Øvre Augland         family       Q47085823
   Симонида             given        Q602977
   懐仁                   given        Q104746795
   蟜極                   given        Q125319074
462 token(s) RESCUED by the live check -- these would have been created a second time:
   von Wrangell         family       already Q112692214
   Þorsteinsson         patronymic   already Q335668
   Atlason              patronymic   already Q757300
   Polotsk              family       already Q141622053
   von Mentzer          family       already Q47472748
   de Bourgogne         family       already Q104837093
   Magnúsdóttir         patronymic   already Q1884646
   de Namur             family       already Q141622065
   von Haartman         family       already Q47036010
   de Bourgogne         family       already Q104837093
   de Provence          family       already Q105498434
   Larssen              patronymic   already Q27888992
   Umayya               given        already Q141530101
   Finsta               family       already Q141622077
   Finsta               family       already Q141622077
   de Courtenay         family       already Q76909999
   Bjornsdatter         patronymic   already Q141622043
   Eyjólfsson           patronymic   already Q1385807
   de Metz              family       already Q105305546
   Skiftun              family       already Q141500917
   de Bourgogne         family       already Q104837093
   Clausdotter          patronymic   already Q141622045
   Nielsen              patronymic   already Q133876583
   de Courtenay         family       already Q76909999
   Halfdansson          patronymic   already Q141622032
   de Beaumont          family       already Q76417957
   Olafsson             patronymic   already Q141622040
   de Beaumont          family       already Q76417957
   van Holland          family       already Q141622054
   de Soissons          family       already Q68924705
   de Normandie         family       already Q104594406
   Al-Husayni           family       already Q21125702
   de Bourgogne         family       already Q104837093
   de Lorraine          family       already Q98890791
   de Blois             family       already Q25113852
   de Beaumont          family       already Q76417957
   de Montmorency       family       already Q63457366
   de Thouars           family       already Q104803129
   von Egisheim         family       already Q141622072
   Helgason             patronymic   already Q122958814
   Þorsteinsson         patronymic   already Q335668
   d'Aquitaine          family       already Q141622063
   Kierstin             given        already Q141235334
   Skiftun              family       already Q141500917
   Halfdansson          patronymic   already Q141622032
   Madsdatter           patronymic   already Q141622033
   de Champagne         family       already Q104854485
   van Holland          family       already Q141622054
   von Schantz          family       already Q46529499
   de Lorraine          family       already Q98890791
   de Hauteville        family       already Q141622056
   Larssen              patronymic   already Q27888992
   Gunnarsson           patronymic   already Q69821535
   Ketilsson            patronymic   already Q141622120
   Tjentland            family       already Q141150230
   Pálsson              patronymic   already Q7264061
   Halfdansson          patronymic   already Q141622032
   von Stade            family       already Q7941517
   von Schantz          family       already Q46529499
   Ketilsdotter         patronymic   already Q141622087
   de Lorraine          family       already Q98890791
   d'Aquitaine          family       already Q141622063
   von Francken         family       already Q116656147
   de Bourgogne         family       already Q104837093
   de Bourgogne         family       already Q104837093
   von Levetzow         family       already Q48095081
   Bardas               given        already Q141622028
   Vladimirovich        patronymic   already Q27670878
   Gaitelgrima          given        already Q141622029
   de Namur             family       already Q141622065
   de Lorraine          family       already Q98890791
   van der Poel         family       already Q17044110
   Tjentland            family       already Q141150230
   Pedersdotter         family       already Q122838115
   de Montbéliard       family       already Q104832204
   Eyjólfsdóttir        patronymic   already Q59690930
   von Laurenburg       family       already Q141622055
   de La Trémoille      family       already Q98890780
   Natt Och Dag         family       already Q47461748
   de Ribera            family       already Q5244716
   de Normandie         family       already Q104594406
   de Paris             family       already Q104539924
   De Hainaut           family       already Q105532661
   De Geer              family       already Q42181347
   de Lorraine          family       already Q98890791
   de Bourgogne         family       already Q104837093
   von Wettin           family       already Q141622073
   de Courtenay         family       already Q76909999
   de Courtenay         family       already Q76909999
   Van Kleef            family       already Q111133492
   Vladimirovich        patronymic   already Q27670878
   Polotsk              family       already Q141622053
   de Lorraine          family       already Q98890791
   de Soissons          family       already Q68924705
   de Hauteville        family       already Q141622056
   Diogenes             family       already Q141622075
   von Wettin           family       already Q141622073
   von Laurenburg       family       already Q141622055
   von Laurenburg       family       already Q141622055
   von Laurenburg       family       already Q141622055
   Torkildsen           patronymic   already Q141622101
   Henningsson          patronymic   already Q141622052
   Tjentland            family       already Q141150230
   Tjentland            family       already Q141150230
   Skiftun              family       already Q141500917
   Skiftun              family       already Q141500917
   Eid                  family       already Q37510021
   Eid                  family       already Q37510021
   Skiftun              family       already Q141500917
   von Schantz          family       already Q46529499
   von Schantz          family       already Q46529499
   Torbergsson          patronymic   already Q141622035
   Ericksdatter         patronymic   already Q141494371
   Eilefson             patronymic   already Q141494369
   Henningsson          patronymic   already Q141622052
   Guria                given        already Q141622031
   von Troil            family       already Q41362655
   de Bourgogne         family       already Q104837093
   Hildugard            family       already Q141622059
   Hildugard            family       already Q141622059
   Grjotgardsson        patronymic   already Q141622051
   Grjotgardsson        patronymic   already Q141622051
   Gunnarsson           patronymic   already Q69821535
   Gunnarsson           patronymic   already Q69821535
   Gunnarsson           patronymic   already Q69821535
   Pedersdatter         family       already Q122838114
   van Holland          family       already Q141622054
   de Bourgogne         family       already Q104837093
   de Blois             family       already Q25113852
   de Rumigny           family       already Q63881930
   de Normandie         family       already Q104594406
   DE BRUGES            family       already Q104539930
   van Holland          family       already Q141622054
   Johanson             patronymic   already Q1326577
   Skiftun              family       already Q141500917
   von Egisheim         family       already Q141622072
   de Chateauneuf       family       already Q105139761
   von Löwen            family       already Q42293824
   de Beaumont          family       already Q76417957
   de Beaumont          family       already Q76417957
   Haakonsson           family       already Q141622080
   von Maydell          family       already Q48536440
   Johanson             patronymic   already Q1326577
   Nielsen              patronymic   already Q133876583
   Folkvor              family       already Q141622078
   Eivindsson           patronymic   already Q122835943
   von Stade            family       already Q7941517
   Sigtryggsdotter      patronymic   already Q141622113
   de Velasco           family       already Q57826880
   Gunnarsson           patronymic   already Q69821535
   pedersen             family       already Q23751947
   von Laurenburg       family       already Q141622055
   Olafsson             patronymic   already Q141622040
   Thordsdotter         patronymic   already Q141622091
   Torbergsson          patronymic   already Q141622035
   Sigtryggsson         patronymic   already Q1556775
   Eiríksdóttir         patronymic   already Q18411475
   Arnórsson            patronymic   already Q697887
   Arnórsson            patronymic   already Q697887
   Ulfsson              patronymic   already Q27870062
   de Lorraine          family       already Q98890791
   Gaitelgrima          given        already Q141622029
   de Bourgogne         family       already Q104837093
   de Bourgogne         family       already Q104837093
   Eiríksson            patronymic   already Q66930050
   von Laurenburg       family       already Q141622055
   Þorsteinsdóttir      patronymic   already Q91033124
   von Jülich           family       already Q141622058
   von Jülich           family       already Q141622058
   de Choiseul          family       already Q98890764
   Diogenes             family       already Q141622075
   von Wettin           family       already Q141622073
   Gunnarsson           patronymic   already Q69821535
   Gunnarsbø            family       already Q141622079
   Von Nellenburg       family       already Q113552200
   d'Aquitaine          family       already Q141622063
   Tånevig              family       already Q141622062
   von Bayern           family       already Q141622070
   Ketilsson            patronymic   already Q141622120
   Haraldson            patronymic   already Q30347057
   Sunesson             patronymic   already Q141622041
   von Hessen           family       already Q115920480
   von Hessen           family       already Q115920480
   Halfdansson          patronymic   already Q141622032
   Torbergsson          patronymic   already Q141622035
   Halfdansson          patronymic   already Q141622032
   Sigtryggsdotter      patronymic   already Q141622113
   Åmundsdatter         patronymic   already Q141622042
   Hanssen              patronymic   already Q27887944
   von Holstein         family       already Q46528511
   de Savoie            family       already Q105418238
   de Blois             family       already Q25113852
   de Savoie            family       already Q105418238
   du Maine             family       already Q105305593
   Geirmundson          patronymic   already Q141622048
   Geirmundson          patronymic   already Q141622048
   Tjentland            family       already Q141150230
   Tjentland            family       already Q141150230
   Tjentland            family       already Q141150230
   Eilefson             patronymic   already Q141494369
   Pedersdatter         family       already Q122838114
   Skiftun              family       already Q141500917
   Skiftun              family       already Q141500917
   af Sandeberg         family       already Q41342147
   von Buchwaldt        family       already Q47528691
   von Troil            family       already Q41362655
   von Troil            family       already Q41362655
   Hanssen              patronymic   already Q27887944
   De Metz              family       already Q105305546
   Ivanovna             patronymic   already Q45752976
   de Courtenay         family       already Q76909999
   Vladimirovna         patronymic   already Q85651177
   de Courtenay         family       already Q76909999
   Sigfússon            patronymic   already Q2284701
   De Laval             family       already Q47462010
   Gottschalksson       patronymic   already Q141622050
   Gottschalksson       patronymic   already Q141622050
   Bendikson            patronymic   already Q141622037
   Bendikson            patronymic   already Q141622037
   von Nieroth          family       already Q47461731
   de Savoie            family       already Q105418238
   Kälug                given        already Q141622025
   Åmundsdatter         patronymic   already Q141622042
   Glebovich            patronymic   already Q131154560
   Polotsk              family       already Q141622053
   af Geijerstam        family       already Q42033741
   Eid                  family       already Q37510021
   Eid                  family       already Q37510021
   Polotsk              family       already Q141622053
   Wendula              given        already Q141106909
   Gunnarsson           patronymic   already Q69821535
   Einarsson            patronymic   already Q1305970
   Hildugard            family       already Q141622059
   Tufto                family       already Q141599609
   Tufto                family       already Q141599609
   de Geer              family       already Q42181347
   De Geer              family       already Q42181347
   de Lorraine          family       already Q98890791
   von Schlieben        family       already Q112764161
   Eliaantytär          patronymic   already Q141622047
   Eliaantytär          patronymic   already Q141622047
   Gertsdotter          patronymic   already Q141622038
   von Berg             family       already Q7941401
   von Plauen           family       already Q116759022
   von Bayern           family       already Q141622070
   Tjentland            family       already Q141150230
   Tjentland            family       already Q141150230
   von Bergen           family       already Q7941402
   Oleson               family       already Q37440380
   Tjentland            family       already Q141150230
   af Geijerstam        family       already Q42033741
   Haakonsson           family       already Q141622080
   de Montfaucon        family       already Q104825235
   von Lantinghausen    family       already Q96147521
   de Lara              family       already Q30307403
   Olafsson             patronymic   already Q141622040
   Carlheim-Gyllensköld family       already Q103980519
   Sunesson             patronymic   already Q141622041
   Sunesson             patronymic   already Q141622041
   von Heland           family       already Q42103340
   von Heland           family       already Q42103340
   von Troil            family       already Q41362655
   von Troil            family       already Q41362655
   de Lara              family       already Q30307403
   de Caen              family       already Q114950787
   de Savoie            family       already Q105418238
   von Haartman         family       already Q47036010
   Polotsk              family       already Q141622053
   von Burghausen       family       already Q47457001
   van Holland          family       already Q141622054
   von Bayern           family       already Q141622070
   Tjentland            family       already Q141150230
   Larssen              patronymic   already Q27888992
   de Rumigny           family       already Q63881930
   von Wrangell         family       already Q112692214
   Åmundsdatter         patronymic   already Q141622042
   von Scheffer         family       already Q117354797
   von Scheffer         family       already Q117354797
   De Laval             family       already Q47462010
   von Otter            family       already Q47461658
   Mikhailovich         patronymic   already Q108652455
   Berntsen             patronymic   already Q21508794
   Berntsen             patronymic   already Q21508794
   Carlheim-Gyllensköld family       already Q103980519
   Patriksson           patronymic   already Q121536498
   de la Cerda          family       already Q23710195
   Guria                given        already Q141622031
   de Bourgogne         family       already Q104837093
   de la Rochefoucauld  family       already Q47002551
   von Jülich           family       already Q141622058
   de Courtenay         family       already Q76909999
   Larssen              patronymic   already Q27888992
   Clausdotter          patronymic   already Q141622045
   von Staffeldt        family       already Q49442886
   Madsdatter           patronymic   already Q141622033
   de Namur             family       already Q141622065
   von Rosenstein       family       already Q45218897
   von Rosenstein       family       already Q45218897
   von Maydell          family       already Q48536440
   Madsdatter           patronymic   already Q141622033
   von Plauen           family       already Q116759022
   von Bahr             family       already Q47457011
   Stormhatt            family       already Q141622060
   von Wrangell         family       already Q112692214
   Eivindsson           patronymic   already Q122835943
   Bardas               given        already Q141622028
   von Rosenstein       family       already Q45218897
   de Savoie            family       already Q105418238
   Stormhatt            family       already Q141622060
   Stormhatt            family       already Q141622060
   Bondesen             patronymic   already Q141622117
   de Bourbon           family       already Q98890770
   van Holland          family       already Q141622054
   Thordsdotter         patronymic   already Q141622091
   de Normandie         family       already Q104594406
   af Geijerstam        family       already Q42033741
   Eid                  family       already Q37510021
   von Berg             family       already Q7941401
   von Mentzer          family       already Q47472748
   de Geer              family       already Q42181347
   de Nevers            family       already Q73941606
   von Stedingk         family       already Q7941518
   von Staffeldt        family       already Q49442886
   Eid                  family       already Q37510021
   von Gertten          family       already Q41365248
   von Stedingk         family       already Q7941518
   von Wrangell         family       already Q112692214
   von Bahr             family       already Q47457011
   Pedersdatter         family       already Q122838114
   de la Cerda          family       already Q23710195
   Hård af Segerstad    family       already Q47456781
   De Geer              family       already Q42181347
   Alexandrovich        patronymic   already Q59102957
   Gertsdotter          patronymic   already Q141622038
   Hanssen              patronymic   already Q27887944
   Fahlsten             family       already Q141622076
   Aslaksen             family       already Q27892779
   de Turenne           family       already Q105247980
   Vilhjálmsdóttir      patronymic   already Q7930188
   de Menezes           family       already Q66659070
   Gunnarsson           patronymic   already Q69821535
   Tånevig              family       already Q141622062
   de Vernon            family       already Q105305583
   de Meulan            family       already Q106352415
   de Montmorency       family       already Q63457366
   Gunnarsson           patronymic   already Q69821535
   Madsdatter           patronymic   already Q141622033
   von Kleist           family       already Q42865399
   de Châtillon         family       already Q104825290
   von Egisheim         family       already Q141622072
   de Gramont           family       already Q17142130
   de Mailly            family       already Q30669135
   de Châtillon         family       already Q104825290
   de Dampierre         family       already Q105476892
   de Gondi             family       already Q106352384
   de Durfort           family       already Q104605209
   von Moltke           family       already Q47866003
   Tjentland            family       already Q141150230
   de Courtenay         family       already Q76909999
   de La Rochefoucauld  family       already Q47002551
   del Vasto            family       already Q84607985
   de Maillé            family       already Q104591675
   Kierstin             given        already Q141235334
   Gertsdotter          patronymic   already Q141622038
   Gunnarsbø            family       already Q141622079
   von Heland           family       already Q42103340
   Eid                  family       already Q37510021
   von Troil            family       already Q41362655
   von Friesen          family       already Q93629641
   Gunnarsson           patronymic   already Q69821535
   Tånevig              family       already Q141622062
   Tånevig              family       already Q141622062
   von Heland           family       already Q42103340
   von Heland           family       already Q42103340
   Flateby              family       already Q141158539
   Flateby              family       already Q141158539
   von Troil            family       already Q41362655
   Pedersdatter         family       already Q122838114
   Flateby              family       already Q141158539
   de Rochefort         family       already Q104540260
   de Montmorency       family       already Q63457366
   Pedersdotter         family       already Q122838115
   Detloffsson          patronymic   already Q141494368
   af Sandeberg         family       already Q41342147
   af Sandeberg         family       already Q41342147
   St John              family       already Q65953328
   Bendikson            patronymic   already Q141622037
   von Scheffer         family       already Q117354797
   de Hautefort         family       already Q106549178
   von Hessen           family       already Q115920480
   de Grey              family       already Q90125417
   Kälug                given        already Q141622025
   von Lepel            family       already Q54612150
   af Sandeberg         family       already Q41342147
   af Sandeberg         family       already Q41342147
   Pettersen            patronymic   already Q508566
   Bendikson            patronymic   already Q141622037
   Ivari                family       already Q141567880
   von Württemberg      family       already Q113495620
   Eilefson             patronymic   already Q141494369
   Eilefson             patronymic   already Q141494369
   von Seth             family       already Q49597252
   von Seth             family       already Q49597252
   de Beaumont          family       already Q76417957
   de Beaumont          family       already Q76417957
   von der Osten-Sacken family       already Q49164231
   von Reinhausen       family       already Q137674873
   de Hauteville        family       already Q141622056
   Ivanovna             patronymic   already Q45752976
   Vladimirovich        patronymic   already Q27670878
   Polotsk              family       already Q141622053
   von Heland           family       already Q42103340
   Tarras-Wahlberg      family       already Q42180689
   von Malortie         family       already Q115913524
   Tarras-Wahlberg      family       already Q42180689
   Eilefson             patronymic   already Q141494369
   Eilefson             patronymic   already Q141494369
   von Holstein         family       already Q46528511
   de Silva             family       already Q57773714
   Fahlsten             family       already Q141622076
   von Nieroth          family       already Q47461731
   von Nieroth          family       already Q47461731
   von Bergen           family       already Q7941402
   Kälug                given        already Q141622025
   von Heideck          family       already Q116785139
   de Hauteville        family       already Q141622056
   von Kleist           family       already Q42865399
   Eid                  family       already Q37510021
   von Alvensleben      family       already Q56546927
   Byrkjetveit          family       already Q141622074
   Folkvor              family       already Q141622078
   von Wachholtz        family       already Q109767532
   von Dewitz           family       already Q115697225
   von Wachholtz        family       already Q109767532
   von Alvensleben      family       already Q56546927
   Madsdatter           patronymic   already Q141622033
   Torbergsson          patronymic   already Q141622035
   Kierstin             given        already Q141235334
   Christiansdotter     patronymic   already Q141622044
   von Staffeldt        family       already Q49442886
   von Hofsten          family       already Q41363542
   de Lorraine          family       already Q98890791
   Carlheim-Gyllensköld family       already Q103980519
   Kierstin             given        already Q141235334
   Skiftun              family       already Q141500917
   del Giudice          family       already Q84592667
   Polotsk              family       already Q141622053
   de Béarn             family       already Q105818540
   de Lacy              family       already Q65650530
   Bjornsdatter         patronymic   already Q141622043
   Bjornsdatter         patronymic   already Q141622043
   von Nellenburg       family       already Q113552200
   Halfdansson          patronymic   already Q141622032
   von Jülich           family       already Q141622058
   von Troil            family       already Q41362655
   von Troil            family       already Q41362655
   Tjentland            family       already Q141150230
   von Staffeldt        family       already Q49442886
   Meijendorff von Yxkull family       already Q61693229
   von Malortie         family       already Q115913524
   Christiansdotter     patronymic   already Q141622044
   Kälug                given        already Q141622025
3886 token(s) the ring is about to need are ranked first

checking 3,090 existing name items for a missing description
   0 of them have no English description; 3,090 already do
   1 are DUPLICATES of an existing name item -- the description was refused, not emitted; see duplicate-name-items-found.tsv

checking 647 existing patronymic items for P144 based on and P460
   0 P144 statement(s) to add
   625 P31 culture class(es) to add
   0 P144 statement(s) to remove
   0 P460 statement(s) to add

wrote reports/wikidata-garborg-name-items.txt: 40 name items (cap 40, 4508 carried to a later run), 54 statements linking an EXISTING person to one, in the same run
9 P144 based on statement(s) on the patronymics created, from 4,966 tokens with a resolved derivation
   2 created WITHOUT a P144: Samson, Størkardsdatter
  create  Laurentii            patronymic   12
  create  af Gennäs            family       10
  create  Andreæ               patronymic   8
  create  Halvardsdatter       family       8
  create  Olofsdotter          family       8
  create  von Hartmannsdorf    family       8
  create  von Yxkull           family       8
  create  Piast                family       7
  create  Yitzhaq              family       7
  create  Wołłowicz Bogoria    family       6
  create  af Morlanda          family       6
  create  Albrektsson          patronymic   5
  create  Berdinesdatter       patronymic   5
  create  Finnsson             patronymic   5
  create  Gertsson             patronymic   5
  create  Haakonsdatter        patronymic   5
  create  Phinehas             family       5
  create  Rønnerud             family       5
  create  Shalma               family       5
  create  Stillufseike         family       5
  create  Ulvåsa               family       5
  create  Árpád dynasty        family       5
  create  Aaharon              family       4
  create  Arvidi               patronymic   4
  create  Askanier             family       4
  create  Ådneson             family       4
  create  Danielis             patronymic   4
  create  Filippusson          patronymic   4
  create  Gudbrandsen          patronymic   4
  create  Gulleiksdatter       patronymic   4
  create  Halvardson           family       4
  create  Hauskje              family       4
  create  Hårå                 family       4
  create  Izyaslavich          patronymic   4
  create  Jelling              family       4
  create  Jonae                patronymic   4
  create  Lauritson            patronymic   4
  create  Linderstedt          family       4
  create  Matthiæ              patronymic   4
  create  Mogensen             patronymic   4
  create  Osaland              family       4
  create  Ramborg              given        4
  create  Rognald              given        4
  create  Skyttenhielm         family       4
  create  Ström               family       4
  create  Svendsdatter         family       4
  create  Tolfsby              family       4
  create  Tørresson            family       4
  create  Udny of Tillery      family       4
  create  Veraland             family       4
  create  Vikesdal             family       4
  create  Welf                 family       4
  create  Wołłowicz            patronymic   4
  create  Zachariasdotter      patronymic   4
  create  Zettermark           family       4
  create  af Åminne            family       4
  create  de Tonnerre          family       4
  create  von Gleichen         family       4
  create  von dem              family       4
  create  Åreskjold            family       4
  create  Al-Umawi             family       3
  create  Albretson            patronymic   3
  create  Andresson            patronymic   3
  create  Ashinazu-ni-Mikoto   family       3
  create  Audunson             patronymic   3
  create  Austråt              family       3
  create  Bekkervigen          family       3
  create  Bellestson           patronymic   3
  create  Bergulfsen           patronymic   3
  create  Besse                given        3
  create  Biørn                given        3
  create  Bogeman              family       3
  create  Bohemia              family       3
  create  Bryngelsdotter       patronymic   3
  create  Brynjulfsson         patronymic   3
  create  Cantherus            family       3
  create  Christophersdotter   patronymic   3
  create  Domhild              given        3
  create  Eikestein            family       3
  create  Eilivson             patronymic   3
  create  Enevaldsdatter       patronymic   3
  create  Engelbertsson        patronymic   3
  create  Engnæs               family       3
  create  Eriana               given        3
  create  Erte                 family       3
  create  Estridsøn            patronymic   3
  create  Eyjólfsson           family       3
  create  Eyvindsson           patronymic   3
  create  Figgve               family       3
  create  Forenes              family       3
  create  Framstad             family       3
  create  Gabestad             family       3
  create  Gavelin              family       3
  create  Girenius             family       3
  create  Gitleson             patronymic   3
  create  Gjerdeskvål          family       3
  create  Grøsareid            family       3
  create  Gudmundson           patronymic   3
  create  Gudve                given        3
  create  Gulleikson           patronymic   3
  create  Gunbjørnson          patronymic   3
  create  Gyllentrost          family       3
  create  Gårdsrud             family       3
  create  Hallkjellsdatter     patronymic   3
  create  Halvarson            patronymic   3
  create  Hammarinus           family       3
  create  Hauske               family       3
  create  Hessøen              family       3
  create  Hillerström          family       3
  create  Holar                family       3
  create  Holgersdotter        patronymic   3
  create  Hontherus            family       3
  create  Hrolf                given        3
  create  Idse                 family       3
  create  Ingemundson          patronymic   3
  create  Ingesdotter          patronymic   3
  create  JONSDAL-LYSE         family       3
  create  Jacobi               patronymic   3
  create  Joakimsson           patronymic   3
  create  Juhontytär           patronymic   3
  create  Jöransson            family       3
  create  Jørundsson           patronymic   3
  create  Kanpo                given        3
  create  Kenzelia             family       3
  create  Ketilsdóttir         patronymic   3
  create  Kewenbringk          family       3
  create  Kleppestrand         family       3
  create  Komitopulos          family       3
  create  L                    given        3
  create  Lannerus             family       3
  create  Lanska               family       3
  create  Latvo                family       3
  create  Lethalensis          family       3
  create  Lilliehöök af Fårdala family       3
  create  Lovestead            family       3
  create  Lythraeus            family       3
  create  Mallene              given        3
  create  Marcusdotter         patronymic   3
  create  Marcusson            patronymic   3
  create  Martini              patronymic   3
  create  Matintytär           patronymic   3
  create  Mattssons            family       3
  create  Matzliach            family       3
  create  Mikkjelsdatter       patronymic   3
  create  Mikoto               family       3
  create  Mosesson             patronymic   3
  create  Mugga                family       3
  create  Nikolausson          patronymic   3
  create  Njå                 family       3
  create  Nord-Kolnes          family       3
  create  Noræa                family       3
  create  Nuzel                family       3
  create  Ogna                 family       3
  create  Omnberg              family       3
  create  Paliche              family       3
  create  Pfinzing von Henfenfeld family       3
  create  Påhlsson             patronymic   3
  create  Ragnfrid             given        3
  create  Reianes              family       3
  create  Rogier de Beaufort   family       3
  create  Rolleivsen           patronymic   3
  create  Rudiger              given        3
  create  Rurik                family       3
  create  Rurikov              family       3
  create  Sabelfana            family       3
  create  Salomonson           patronymic   3
  create  Samsonsdatter        family       3
  create  Saurnes              family       3
  create  Schruuf              family       3
  create  Schultin             family       3
  create  Schytler             family       3
  create  Segrid               given        3
  create  Seljuq               family       3
  create  Sigmundson           patronymic   3
  create  Sigrid               family       3
  create  Sigtrygg             given        3
  create  Sigvardsdotter       patronymic   3
  create  Simonson             patronymic   3
  create  Sjovat               given        3
  create  Skeiane              family       3
  create  Sporaland            family       3
  create  Stephansson          patronymic   3
  create  Suetoshi             given        3
  create  Sueyoshi             given        3
  create  Sunesdotter          patronymic   3
  create  Sveinungsdatter      patronymic   3
  create  Sveinungson          patronymic   3
  create  Svenke               given        3
  create  Sverkersson          patronymic   3
  create  Sæve                 family       3
  create  Söffrensen           patronymic   3
  create  Søndre Austad        family       3
  create  Sør-Tjemsland        family       3
  create  Tabia                family       3
  create  Tekse                family       3
  create  Tjærand              given        3
  create  Tolleivsdatter       family       3
  create  Tordson              patronymic   3
  create  Torgeirsen           patronymic   3
  create  Torgrimsson          patronymic   3
  create  Torjusson            patronymic   3
  create  Torkellson           patronymic   3
  create  Torleivson           patronymic   3
  create  Tostensdatter        family       3
  create  Tostenson            patronymic   3
  create  Turesdatter          patronymic   3
  create  Unæa                 family       3
  create  Uppheim              family       3
  create  Vidrheim             family       3
  create  Vossevangen          family       3
  create  Yaroslavich          patronymic   3
  create  af Ekebyholm         family       3
  create  af Greger            family       3
  create  af Hageby            family       3
  create  af Koberg            family       3
  create  af Margretelund      family       3
  create  af Söfdeborg         family       3
  create  av Norge             family       3
  create  de Chiny             family       3
  create  van Polen            family       3
  create  von Babenberg        family       3
  create  von Berg-Schelklingen family       3
  create  von Bohlen           family       3
  create  von Borcke           family       3
  create  von Braunschweig     family       3
  create  von Eppstein         family       3
  create  von Osterwolde       family       3
  create  von Saarbrücken      family       3
  create  von Schwartzer       family       3
  create  von Staufen          family       3
  create  von Zweiffel         family       3
  create  Åkesdotter           patronymic   3
  create  Åmundson             patronymic   3
  create  Ångerman             family       3
  create  Ånundsdatter         patronymic   3
  create  Örnecrantz           family       3
  create  Örnfeldt             family       3
  create  姬                    family       3
  create  陶唐氏                  family       3
  create  Aagesen              patronymic   2
  create  Aasten               given        2
  create  Ab-Hisda             family       2
  create  Abluna               given        2
  create  Abrahamson           patronymic   2
  create  Adalis               given        2
  create  Adlersköld           family       2
  create  Al-Abshamsi          family       2
  create  Al-Adawi             family       2
  create  Algotsson            patronymic   2
  create  Alstadia             family       2
  create  Amundsson            patronymic   2
  create  Amya                 family       2
  create  Ananiasson           patronymic   2
  create  Andersson Appelbom   family       2
  create  Anfinnsson           patronymic   2
  create  Ankhesenpepi         given        2
  create  Arctædius            family       2
  create  Arnvidsdatter        patronymic   2
  create  Aronsson             patronymic   2
  create  Asenina              family       2
  create  Asgautdotter         patronymic   2
  create  Asgautsdatter        patronymic   2
  create  Askje                family       2
  create  Aslesdatter          patronymic   2
  create  Aspenäsätten         family       2
  create  Asukai               given        2
  create  Auchenius            given        2
  create  Audotja              given        2
  create  Ådne                given        2
  create  Bagge af Boo         family       2
  create  Baugeid              given        2
  create  Becklind             family       2
  create  Belestson            patronymic   2
  create  Bellagård            family       2
  create  Bellestson           family       2
  create  Benedicti            patronymic   2
  create  Benhard              given        2
  create  Benjaminsdotter      patronymic   2
  create  Benkestok-Høyum      family       2
  create  Bergitta             given        2
  create  Bergsson             patronymic   2
  create  Berntson             patronymic   2
  create  Beronia              family       2
  create  Beronis              family       2
  create  Bierck               family       2
  create  Bileiv               given        2
  create  Bileivsen            patronymic   2
  create  Bjug                 given        2
  create  Bjørku               family       2
  create  Blackstadia          family       2
  create  Brungren             family       2
  create  Brungström           family       2
  create  Brynhilda            given        2
  create  Brynildsdatter       patronymic   2
  create  Brynjulfson          family       2
  create  Brynolphi            patronymic   2
  create  Båt                  family       2
  create  Børgersdatter        patronymic   2
  create  Børildson            patronymic   2
  create  Casparsson           patronymic   2
  create  Christofferson       patronymic   2
  create  Christopherus        given        2
  create  Clausen              patronymic   2
  create  Clementsson          patronymic   2
  create  Conradsdotter        patronymic   2
  create  Corsock              family       2
  create  Dagfinnsson          patronymic   2
  create  Dagsdatter           patronymic   2
  create  Dalecarlus           family       2
  create  Ditlefsdatter        patronymic   2
  create  Dominicidotter       patronymic   2
  create  Dominicusdatter      patronymic   2
  create  Dreizel              given        2
  create  Ebbesdotter          patronymic   2
  create  Egilsson             patronymic   2
  create  Egypt                family       2
  create  Eilivsson            patronymic   2
  create  Eindrideson          patronymic   2
  create  Eliaanpoika          patronymic   2
  create  Enevaldsson          patronymic   2
  create  Engelbrechsson       family       2
  create  Eriksøn              patronymic   2
  create  Ers                  given        2
  create  Erøy                 family       2
  create  Estridson            family       2
  create  Eyvindr              given        2
  create  Fanuelsdotter        patronymic   2
  create  Fartegnson           patronymic   2
  create  Fegræa               family       2
  create  Felthus              family       2
  create  Finnvik              family       2
  create  FitzWalter           family       2
  create  Fjodorovna           patronymic   2
  create  Folkunga             family       2
  create  Forselia             family       2
  create  Forus                family       2
  create  Foss-Vatne           family       2
  create  Fransdotter          patronymic   2
  create  Freudenfeldt         family       2
  create  Frusen               family       2
  create  Färla                family       2
  create  Fåle                 family       2
  create  Galge                family       2
  create  Gardsson             patronymic   2
  create  Garencher            family       2
  create  Gautdal              family       2
  create  Gauteset             family       2
  create  Gautesson            patronymic   2
  create  Gediminids           family       2
  create  Gedine               given        2
  create  Geirlaugsson         patronymic   2
  create  Gerlachsdotter       patronymic   2
  create  Gissurarson          patronymic   2
  create  Gitleivsdatter       patronymic   2
  create  Giös                 family       2
  create  Gjemnes              family       2
  create  Gjertud              given        2
  create  Glømmen              family       2
  create  Godwinsson           patronymic   2
  create  Goraae               given        2
  create  Gothilander          family       2
  create  Govertsdatter        patronymic   2
  create  Gran-Meløy           family       2
  create  Grim                 given        2
  create  Gripenflycht         family       2
  create  Grubbensköld         family       2
  create  Grymyr               family       2
  create  Grønnow              family       2
  create  Guaimar              given        2
  create  Gudlaugsdatter       patronymic   2
  create  Gudrød               given        2
  create  Guelph               family       2
  create  Gundborg             given        2
  create  Gunleivson           patronymic   2
  create  Gunnbjørnsson        patronymic   2
  create  Gura                 given        2
  create  Gutormsen            patronymic   2
  create  Gyllenlood           family       2
  create  Haakonson            patronymic   2
  create  Hafrid               given        2
  create  Haktorsen            patronymic   2
  create  Haldorson            patronymic   2
  create  Hallenia             family       2
  create  Hallrid              given        2
  create  Halvardsdotter       family       2
  create  Halvardus            given        2
  create  Hapnes               family       2
  create  Haraldsdottir        patronymic   2
  create  Hartniksdatter       patronymic   2
  create  Hatleskog            family       2
  create  Heiabø               family       2
  create  Helgö                family       2
  create  Helmik               given        2
  create  Helsingia            family       2
  create  Henrichsen           patronymic   2
  create  Henrici              patronymic   2
  create  Heptin               family       2
  create  Hernodia             family       2
  create  Hersesdotter         patronymic   2
  create  Hetluren             family       2
  create  Hindrich             given        2
  create  Hjarandsen           patronymic   2
  create  Hohenstaufen         family       2
  create  Holmius              family       2
  create  Holte                given        2
  create  Holteson             patronymic   2
  create  Horn af Ekebyholm    family       2
  create  Humrost              family       2
  create  Håreksson            patronymic   2
  create  Höglundia            family       2
  create  Indre Bjerga         family       2
  create  Ingeborg             family       2
  create  Ingebrigtsdatter     family       2
  create  Ingemarsdotter       patronymic   2
  create  Ingjaldsson          patronymic   2
  create  Insen                family       2
  create  Iserhielm            family       2
  create  Isæa                 family       2
  create  Ivrea                family       2
  create  Izumo-kokuso         family       2
  create  J                    given        2
  create  Jacobson             patronymic   2
  create  Jenson               patronymic   2
  create  Jesperson            patronymic   2
  create  Jorgensdatter        patronymic   2
  create  Kalitin              family       2
  create  Kalsenia             family       2
  create  Kalv                 given        2
  create  Kanalheia            family       2
  create  Karckman             family       2
  create  Kasalov              family       2
  create  Kiersti              given        2
  create  Kjellsdatter         patronymic   2
  create  Kjellsen             patronymic   2
  create  Kjetilsen            patronymic   2
  create  Kjær                 given        2
  create  Kjølevik             family       2
  create  Klemetson            patronymic   2
  create  Kløgtveit            family       2
  create  Kofoed-Fernström     family       2
  create  Kollung              given        2
  create  Kolv                 given        2
  create  Kolvsen              patronymic   2
  create  Kone                 given        2
  create  Kristersdotter       patronymic   2
  create  Kristianson          patronymic   2
  create  Kristofersdatter     patronymic   2
  create  Kvaselbakken         family       2
  create  Kveldulfsson         family       2
  create  Kvie                 family       2
  create  Kvåvig               family       2
  create  Kvåvik               family       2
  create  Kåreson              patronymic   2
  create  König                given        2
  create  Lagerstierna         family       2
  create  Landsdal             family       2
  create  Laukhammer           family       2
  create  Laurentse            given        2
  create  Lechander            family       2
  create  Lejonbalk            family       2
  create  Lenaea               family       2
  create  Leonhardsson         patronymic   2
  create  Levinius             given        2
  create  Levinsen             patronymic   2
  create  Lisebet              given        2
  create  Liwa                 family       2
  create  Lochnæa              family       2
  create  Låstbom              family       2
  create  Magle                given        2
  create  Magneson             patronymic   2
  create  Magnusdatter         patronymic   2
  create  Magrete              given        2
  create  Margrethe            family       2
  create  Markusson            patronymic   2
  create  Marteinsdotter       patronymic   2
  create  Martini              given        2
  create  Martinsdatter        patronymic   2
  create  Matsdotter           family       2
  create  Mattiae              given        2
  create  Mauritsson           patronymic   2
  create  Måge                family       2
  create  Michaelsdotter       patronymic   2
  create  Mjölhus              family       2
  create  Monsdotter           patronymic   2
  create  Monssen              patronymic   2
  create  Monum                family       2
  create  Morinaga             given        2
  create  Motokatsu            given        2
  create  Mouger               family       2
  create  Mstislavna           given        2
  create  Mullovius            family       2
  create  Munan                given        2
  create  Munansen             patronymic   2
  create  Muncktelia           family       2
  create  Myklabost            family       2
  create  Máel                 given        2
  create  Märet                given        2
  create  Månesköld            family       2
  create  Møgjedal             family       2
  create  Nechelin             family       2
  create  Nedre Maudal         family       2
  create  Nerbelia             family       2
  create  Nesvizh              family       2
  create  Nicolassen           patronymic   2
  create  Niculas              given        2
  create  Niilontytär          patronymic   2
  create  Nikolaison           patronymic   2
  create  Nilssen              patronymic   2
  create  Noraeus              family       2
  create  Nordre               family       2
  create  Norijn               family       2
  create  Northumbria          family       2
  create  Novgorod             family       2
  create  Nyra                 given        2
  create  Oberberg             family       2
  create  Oddson               patronymic   2
  create  Odhelia              family       2
  create  Olluff               given        2
  create  Olluffsdatter        patronymic   2
  create  Omli                 family       2
  create  Oppheim              family       2
  create  Oremo                family       2
  create  Ormssønn             patronymic   2
  create  Osorkon              given        2
  create  Ottarsen             patronymic   2
  create  Palmskiöld           family       2
  create  Petrusdotter         patronymic   2
  create  Phokas               family       2
  create  Phragmenia           family       2
  create  Pilckar              family       2
  create  Prætoria             family       2
  create  Pålsson              patronymic   2
  create  Přemysl              family       2
  create  Radulf               given        2
  create  Ragnvaldson          patronymic   2
  create  Rangdi               given        2
  create  Reginlind            given        2
  create  Reiarson             family       2
  create  Reiestad             family       2
  create  Reinholdsdotter      patronymic   2
  create  Revsland             family       2
  create  Rhålambius           family       2
  create  Robertsson           patronymic   2
  create  Rolandi              patronymic   2
  create  Rolfsen              patronymic   2
  create  Rolleivsdatter       patronymic   2
  create  Rosladin             family       2
  create  Rotenburg            family       2
  create  Rödbeck              family       2
  create  Rögnvaldsson         patronymic   2
  create  Röök                 family       2
  create  Rødser               family       2
  create  STOECKMAN            family       2
  create  Sakariasdatter       patronymic   2
  create  Sakariasson          patronymic   2
  create  Salmundson           patronymic   2
  create  Saltensee            family       2
  create  Samson               patronymic   2
  create  Sandelinus           family       2
  create  Sannais              family       2
  create  Sarfve               family       2
  create  Schillerfelt         family       2
  create  Semelange            family       2
  create  Shrentzel            family       2
  create  Sigbjørnson          patronymic   2
  create  Sigfridi             patronymic   2
  create  Silfverpatron        family       2
  create  Sinius               family       2
  create  Siverson             patronymic   2
  create  Sivertson            patronymic   2
  create  Sjovatson            patronymic   2
  create  Skage                given        2
  create  Skanderborg          family       2
  create  Skjalgsson           patronymic   2
  create  Skjalmsen            patronymic   2
  create  Skulesdotter         patronymic   2
  create  Slatte               family       2
  create  Slettestrand         family       2
  create  Smitterlow           family       2
  create  Snorrason            patronymic   2
  create  Spånheim             family       2
  create  Steinsdatter         patronymic   2
  create  Steinson             patronymic   2
  create  Steinsson            patronymic   2
  create  Stengrim             family       2
  create  Stenkilsson          patronymic   2
  create  Stillulfseike        family       2
  create  Storenes             family       2
  create  Stovreim-Naustdal    family       2
  create  Strokirch            family       2
  create  Størkardsdatter      patronymic   2
  create  Størkardsen          patronymic   2
  create  Sudreim              family       2
  create  Svantepolksdotter    patronymic   2
  create  Sveinall             family       2
  create  Sveinsvold           family       2
  create  Swabia               family       2
  create  Sylfestson           patronymic   2
  create  Synnøva              given        2
  create  Sæbu                 family       2
  create  Sædberg              family       2
  create  Søra Liå             family       2
  create  Tafse                family       2
  create  Takataka             given        2
  create  Tamemoto             given        2
  create  Taralson             patronymic   2
  create  Tarjeisson           patronymic   2
  create  Tasta                family       2
  create  Teofiliusdatter      patronymic   2
  create  Thorei               family       2
  create  Thrugotsdatter       patronymic   2
  create  Tibelia              family       2
  create  Tibelius             family       2
  create  Tidemansdotter       patronymic   2
  create  Tjeldøy              family       2
  create  Tjessheim            family       2
  create  Tjærandson           patronymic   2
  create  Tjøstel              given        2
  create  Tolla                given        2
  create  Tollaksen            family       2
  create  Torbjörnsson         patronymic   2
  create  Torgeirsdatter       patronymic   2
  create  Torgeirson           patronymic   2
  create  Torgersdatter        family       2
  create  Torgersrud           family       2
  create  Torgersson           patronymic   2
  create  Torgjerd             given        2
  create  Torgunna             given        2
  create  Torjeisdatter        patronymic   2
  create  Torjussen            patronymic   2
  create  Torkellsdatter       patronymic   2
  create  Torkjellsdatter      patronymic   2
  create  Tormo                given        2
  create  Torpa                family       2
  create  Torresdatter         patronymic   2
  create  Torsteinsson         family       2
  create  Tranander            family       2
  create  Tronsdatter          family       2
  create  Trygvesdatter        patronymic   2
  create  Tsedaka              family       2
  create  Turdfjäll            family       2
  create  Tyssen               patronymic   2
  create  Tårnsdatter          patronymic   2
  create  Törnesson            patronymic   2
  create  Tøres                given        2
  create  Tørressen            patronymic   2
  create  Tørrisdatter         patronymic   2
  create  Ulvson               patronymic   2
  create  Ulvåsedotter         patronymic   2
  create  Ulvåsesson           family       2
  create  Under-Berge          family       2
  create  Uí Néill             patronymic   2
  create  Valavičius           family       2
  create  Valdemarson          patronymic   2
  create  Valdemarsson         patronymic   2
  create  Valgerðarson         family       2
  create  Valtinsson           family       2
  create  Vassbø               family       2
  create  Vasshus              family       2
  create  Vatnamot             family       2
  create  Vedberg              family       2
  create  Velleson             patronymic   2
  create  Velum                given        2
  create  Velumson             patronymic   2
  create  Vermundsdatter       patronymic   2
  create  Vermundsen           patronymic   2
  create  Vestre Barstad       family       2
  create  Vigelia              family       2
  create  Vikingsdotter        patronymic   2
  create  Vikingsson           patronymic   2
  create  Vikøy                family       2
  create  Volodarsdatter       patronymic   2
  create  Vseslav              given        2
  create  Völschow             family       2
  create  Wahl-Katzenellenbogen family       2
  create  Wallensis            family       2
  create  Waschel              family       2
  create  Watzen               family       2
  create  Wekander             family       2
  create  Welinus              family       2
  create  Widstedt             family       2
  create  Wrång                family       2
  create  Wält                 family       2
  create  Yaacob               given        2
  create  Yaacov               family       2
  create  Yitzhaq              given        2
  create  Zachrisson           patronymic   2
  create  af Anckar            family       2
  create  af Björksund         family       2
  create  af Elimä             family       2
  create  af Liebelitz         family       2
  create  af Sage              family       2
  create  af Söderby           family       2
  create  ap Gruffudd          patronymic   2
  create  ap Madog             patronymic   2
  create  av Sandøy            family       2
  create  av Sverige           family       2
  create  d'Ibelin             family       2
  create  d'Italie             family       2
  create  d'Ivrea              family       2
  create  de Aton              family       2
  create  de Baião             family       2
  create  de Braose            family       2
  create  de Carcassona        family       2
  create  de Carnall           family       2
  create  de Château-du-Loir   family       2
  create  de Hohenstaufen      family       2
  create  de Melun             family       2
  create  de Montgommery       family       2
  create  de Montlhéry         family       2
  create  de Neufchâtel        family       2
  create  de Osta              family       2
  create  de Pallars           family       2
  create  de Somery            family       2
  create  de Vignory           family       2
  create  de Warenne           family       2
  create  d’Anjou              family       2
  create  niemodliński         given        2
  create  nndatter             patronymic   2
  create  nord-Kolnæs          family       2
  create  van Chiny            family       2
  create  van der Huus         family       2
  create  von Anhalt-Bernburg  family       2
  create  von Anhalt-Zerbst    family       2
  create  von Brabeck          family       2
  create  von Buren            family       2
  create  von Burgau           family       2
  create  von Diemating        family       2
  create  von Goseck           family       2
  create  von Haldensleben     family       2
  create  von Hofstetten       family       2
  create  von Katzenelnbogen   family       2
  create  von Koss             family       2
  create  von Kärnten          family       2
  create  von Lichtenberg      family       2
  create  von Luchow           family       2
  create  von Mecklenburg      family       2
  create  von Meijerhelm       family       2
  create  von Meißen           family       2
  create  von Metz             family       2
  create  von Nassau           family       2
  create  von Plain            family       2
  create  von Rußwurm          family       2
  create  von Rügen            family       2
  create  von Saarbrücken-Commercy family       2
  create  von Schauenburg-Holstein family       2
  create  von Schwaben         family       2
  create  von Sommerschenburg  family       2
  create  von Sponheim         family       2
  create  von Sponheim-Starkenburg family       2
  create  von Streitberg       family       2
  create  von Tengen           family       2
  create  von Tübingen         family       2
  create  von Vestenberg       family       2
  create  von Walcker          family       2
  create  von Waldburg         family       2
  create  von Weimar-Orlamünde family       2
  create  von Wullen           family       2
  create  von Zweibrücken      family       2
  create  zur Lippe            family       2
  create  Ålov                 given        2
  create  Åmundsen             family       2
  create  Åmundsen             patronymic   2
  create  Ånundsen             patronymic   2
  create  Åstensen             family       2
  create  Åsulvson             patronymic   2
  create  Ísleifsson           family       2
  create  Önde                 given        2
  create  Öndesson             patronymic   2
  create  Ødeby                family       2
  create  Ølversdatter         patronymic   2
  create  Øysteinsson          patronymic   2
  create  Úlfsson              family       2
  create  Þorfinnsson          family       2
  create  Пяст                 family       2
  create  Федорович            given        2
  create  扶餘                   family       2
  create  ....datter           family       1
  create  1st                  family       1
  create  29NOV 12240BC        family       1
  create  Aabed-El             given        1
  create  Aabøe                family       1
  create  Aadnesson            family       1
  create  Aagautsen            family       1
  create  Aagedal              family       1
  create  Aagensen             family       1
  create  Aagesson             patronymic   1
  create  Aagota               given        1
  create  Aaseline             given        1
  create  Aastensdatter        patronymic   1
  create  Aastensen            patronymic   1
  create  Aasuvson             family       1
  create  Abdul-Dar            given        1
  create  Abelsøn              patronymic   1
  create  Abisha               family       1
  create  Abjörn               given        1
  create  Abrahamine           given        1
  create  Achrelia             family       1
  create  Adalbart             given        1
  create  Adamsdatter          patronymic   1
  create  Adelhead             family       1
  create  Adelolf              given        1
  create  Adersson             family       1
  create  Adlerheim            family       1
  create  Adolfsson            patronymic   1
  create  Adrianovich          patronymic   1
  create  Adriansson           patronymic   1
  create  Adélaïs              given        1
  create  Af Rosenschiöld      family       1
  create  Aganitrude           given        1
  create  Agder                family       1
  create  Agmundson            family       1
  create  Agnarsson            patronymic   1
  create  Agrivillensis        family       1
  create  Airmetach            given        1
  create  Al-Azdi              family       1
  create  Al-Fihri             family       1
  create  Al-Qurashi           family       1
  create  Al-Taymi             family       1
  create  Alamandi             family       1
  create  Alant-Schive         family       1
  create  Alantz               family       1
  create  Alasacie             given        1
  create  Alberade             given        1
  create  Albogius             family       1
  create  Albrechtsdotter      patronymic   1
  create  Albrektsdotter       patronymic   1
  create  Albrektsson          family       1
  create  Albreth              given        1
  create  Aldetrude            given        1
  create  Aldiud               given        1
  create  Alencon              family       1
  create  Aleramici            family       1
  create  Alfarin              given        1
  create  Alfarinsdatter       patronymic   1
  create  Alfonsez             family       1
  create  Alfsdatter           family       1
  create  Alfsson              patronymic   1
  create  Algutsson            patronymic   1
  create  Alheid               given        1
  create  Allerbrand           family       1
  create  Alm Skrep            family       1
  create  Almondsdatter        patronymic   1
  create  Alpaïde              given        1
  create  Alpín                given        1
  create  Alsichiensis         family       1
  create  Alsinia              family       1
  create  Alstrinius           family       1
  create  Alusian              given        1
  create  Alvardi              given        1
  create  Alveseike            family       1
  create  Alvsøn               family       1
  create  Ambrosiusson         patronymic   1
  create  Amda                 given        1
  create  Amha                 given        1
  create  Amla og Solvoren     family       1
  create  Amlak                family       1
  create  Amlien Lille         family       1
  create  Amundia              given        1
  create  Anatsuu              given        1
  create  Anbjørnsen           patronymic   1
  create  Anbjørnsen Gran      family       1
  create  Anbjørnson           family       1
  create  Anckarswärd          family       1
  create  Anderdotter          patronymic   1
  create  Andersson Klumb      family       1
  create  Anderssøn            patronymic   1
  create  Andreassen           patronymic   1
  create  Andrejevskaja        family       1
  create  Andriesdatter        patronymic   1
  create  Andryevich           patronymic   1
  create  Anfinn               family       1
  create  Angdalinus           family       1
  create  Angelos-Comninos     family       1
  create  Anglesa              given        1
  create  Angund               given        1
  create  Aniche               given        1
  create  Anicius              given        1
  create  Anngunna             given        1
  create  Annikken             given        1
  create  Anoinette            given        1
  create  Anscarica            family       1
  create  Ansteinssøn          patronymic   1
  create  Antoniison           patronymic   1
  create  Antoniussen          patronymic   1
  create  Antoniusson          patronymic   1
  create  Antonsdotter         patronymic   1
  create  Anundsdatter         patronymic   1
  create  Anundsson            family       1
  create  Anunsdatter          patronymic   1
  create  Appelone             given        1
  create  Appin                family       1
  create  Applebom             family       1
  create  Aquitaine            family       1
  create  Arendtsson           patronymic   1
  create  Aresson              patronymic   1
  create  Arimichi             given        1
  create  Ariyasu              given        1
  create  Ariyoshi             given        1
  create  Arkimboldus          given        1
  create  Armodsson            family       1
  create  Arnaesius            family       1
  create  Arnbjarnardóttir     patronymic   1
  create  Arnbjorsdatter       family       1
  create  Arnbjørnsdotter      patronymic   1
  create  Arngeirsson          patronymic   1
  create  Arnkel               family       1
  create  Arnljotsen           patronymic   1
  create  Arnmod               given        1
  create  Arnmodsson           patronymic   1
  create  Arnvidsson           patronymic   1
  create  Aronia               family       1
  create  Aronsdóttir          patronymic   1
  create  Aronson              patronymic   1
  create  Arosell              family       1
  create  Arpadović            family       1
  create  Arrhusia             family       1
  create  Artacama             given        1
  create  Arvidi               family       1
  create  Asbiørn              given        1
  create  Asbjørnsdatter       family       1
  create  Asbjørnson           family       1
  create  Asbjørnsson          patronymic   1
  create  Aseno                family       1
  create  Asgautsdotter        patronymic   1
  create  Asgjer               given        1
  create  Askildson            patronymic   1
  create  Askimeiet            family       1
  create  Askjel               given        1
  create  Askjellsdatter       family       1
  create  Askjellsdatter       patronymic   1
  create  Askjellsson          patronymic   1
  create  Askjelsdatter        patronymic   1
  create  Askjelson            patronymic   1
  create  Askoudtsen           patronymic   1
  create  Asksdotter           family       1
  create  Asles                given        1
  create  Asleson              patronymic   1
  create  Aslesson             patronymic   1
  create  Asmundsdatter        patronymic   1
  create  Aspa                 given        1
  create  Asseline             given        1
  create  Asserdatter          patronymic   1
  create  Assur                given        1
  create  Astorg               given        1
  create  Asulvsdatter         patronymic   1
  create  Asulvsson            family       1
  create  Atchesonne           family       1
  create  Atlakson             family       1
  create  Atsumoto             given        1
  create  Audastad             family       1
  create  Audunsdotter         patronymic   1
  create  Audunsson            family       1
  create  Augustana            given        1
  create  Augustinsdotter      patronymic   1
  create  Aunsdotter           patronymic   1
  create  Ausgustin            given        1
  create  Austman              given        1
  create  Austmaður            given        1
  create  Austraatt            family       1
  create  Austraenni           given        1
  create  Austratt             family       1
  create  Austrædia            family       1
  create  Av Vestmar           family       1
  create  Axehjelm             family       1
  create  Azéca                given        1
  create  Aélis                given        1
  create  Ådnesdatter         family       1
  create  Ådnesdatter         patronymic   1
  create  Åmund               given        1
  create  Ånon                given        1
  create  Åreskjold           family       1
  create  Årsvoll             family       1
  create  Åse                 given        1
  create  BODOLV               given        1
  create  Baardsson            patronymic   1
  create  Babad                given        1
  create  Baeda                given        1
  create  Bagdonaitis          given        1
  create  Bagge af Söderby     family       1
  create  Baggeley             family       1
  create  Ballino              family       1
  create  Balnes               family       1
  create  Balsarsen            family       1
  create  Baltsarsson          patronymic   1
  create  Baltzarsdotter       patronymic   1
  create  Baltzarsson          family       1
  create  Baltzarsson          patronymic   1
  create  Baltzersdatter       patronymic   1
  create  Baltzersson          patronymic   1
  create  Bandaberg            family       1
  create  Barbaron             family       1
  create  Barberini-Colonna    family       1
  create  Barbeta              given        1
  create  Barbru               given        1
  create  Barchaeus            family       1
  create  Barchæus             family       1
  create  Bardsdatter          patronymic   1
  create  Barrildsdotter       patronymic   1
  create  Barthéls             family       1
  create  Bassi Schön          family       1
  create  Bastiaen             given        1
  create  Batola               given        1
  create  Batolesen            patronymic   1
  create  Baylun               given        1
  create  Bazel                given        1
  create  Bång                family       1
  create  Bårdsdotter         patronymic   1
  create  Bechius              family       1
  create  Begulf               given        1
  create  Begulfsen            patronymic   1
  create  Bekka                given        1
  create  Belestdatter         patronymic   1
  create  Belestsdatter        patronymic   1
  create  Bellagård-Hyheim     family       1
  create  Belleson             family       1
  create  Bellestdatter        patronymic   1
  create  Bellestsen           family       1
  create  Belyd                given        1
  create  Bendiksson           patronymic   1
  create  Benkestok-Sauda-Luster family       1
  create  Bentsdotter          patronymic   1
  create  Beorhtwulf           given        1
  create  Berdinesen           patronymic   1
  create  Berdla-Kåre          given        1
  create  Berdlu-Karason       patronymic   1
  create  Berdor               given        1
  create  Berdorsen            patronymic   1
  create  Berens von Rautenfeld family       1
  create  Berentsen            patronymic   1
  create  Berentson            patronymic   1
  create  Berethe              given        1
  create  Berg van Middelburgh family       1
  create  Berger               given        1
  create  Bergeson             patronymic   1
  create  Berggrener           family       1
  create  Berghemia            family       1
  create  Berghemius           family       1
  create  Bergine              given        1
  create  Bergithe             given        1
  create  Bergskråva           family       1
  create  Bergtorson           patronymic   1
  create  Bergulf              given        1
  create  Bergulfsen           family       1
  create  Berite               given        1
  create  Berle-Kari           given        1
  create  Bernhardsdotter      patronymic   1
  create  Bernhardsson         patronymic   1
  create  Berntine             given        1
  create  Berritt              given        1
  create  Bersvendsen          patronymic   1
  create  Bertila              given        1
  create  Bertilsen            family       1
  create  Bertramsdotter       patronymic   1
  create  Berulfsdatter        patronymic   1
  create  Bessesen             patronymic   1
  create  Bessesson            patronymic   1
  create  Bethoc               given        1
  create  Betkin               given        1
  create  Betrest              given        1
  create  Beurræus             family       1
  create  Bezprym              given        1
  create  Bidenia              family       1
  create  Bidenius             family       1
  create  Bileivson            patronymic   1
  create  Billung von Sachsen in Westfalengau family       1
  create  Binnich              given        1
  create  Birgeri              patronymic   1
  create  Birgersdotter        family       1
  create  Bishop of Prague     family       1
  create  Biur                 family       1
  create  Biör                 given        1
  create  Biörnsson            patronymic   1
  create  Biörsson             patronymic   1
  create  Biørnsdatter         patronymic   1
  create  Biørnsen             patronymic   1
  create  Bjalki               given        1
  create  BjarkøySudrheim      family       1
  create  Bjarnarsson          family       1
  create  Bjarnesdatter        patronymic   1
  create  Bjaðǫk               given        1
  create  Bjerchenius          family       1
  create  Bjermod              given        1
  create  Bjermodsson          patronymic   1
  create  Bjolansdóttir        patronymic   1
  create  Bjornson             patronymic   1
  create  Bjugsdotter          patronymic   1
  create  Bjugson              patronymic   1
  create  Bjálkason            patronymic   1
  create  Björnklou            family       1
  create  Björsdotter          family       1
  create  Bjøralt              family       1
  create  Bjørneset            family       1
  create  Bjørnsøn             family       1
  create  Bjǫrnsson            family       1
  create  Blackstadius         family       1
  create  Bleumortier          family       1
  create  Bloch                given        1
  create  Blylod               family       1
  create  Bláthóc              given        1
  create  Blåa                 family       1
  create  Bock af Näs          family       1
  create  Bohemond             given        1
  create  Bojine               given        1
  create  Bollason Fæddur      family       1
  create  Bolt av Tveiten      family       1
  create  Bondesdatter         patronymic   1
  create  Bondesdotter         patronymic   1
  create  Bondesson            patronymic   1
  create  Boothwedh            given        1
  create  Borgesen             patronymic   1
  create  Borgit               given        1
  create  Borgni               given        1
  create  Borny                given        1
  create  Borrild              given        1
  create  Borsheim Isaac       family       1
  create  Bostadia             family       1
  create  Botilla              given        1
  create  Botolf               given        1
  create  Botolvsdatter        patronymic   1
  create  Botolvsdotter        patronymic   1
  create  Botolvsen            family       1
  create  Botolvsson           family       1
  create  Bottolfsson          patronymic   1
  create  Botulfsson           patronymic   1
  create  Botun                family       1
  create  Botvidsdotter        patronymic   1
  create  Boumediene           given        1
  create  Bouwens van der Boijen family       1
  create  Bozæa                family       1
  create  Branaina             family       1
  create  Brandenburg-Stendal  family       1
  create  Bratt                given        1
  create  Brattson             patronymic   1
  create  Brattval             family       1
  create  Braundersköld        family       1
  create  Brauner af Säby      family       1
  create  Brådland            family       1
  create  Bråstein            family       1
  create  Breiðbælingur        family       1
  create  Bremming             family       1
  create  Bring Lagerbring     family       1
  create  Brochman             family       1
  create  Brodersson           patronymic   1
  create  Brodersøn            patronymic   1
  create  Browallia            family       1
  create  Brunau               family       1
  create  Brungstöm            family       1
  create  Bruning              given        1
  create  Brunlöf              family       1
  create  Brunnelius           family       1
  create  Brusi                given        1
  create  Bryachislavich       patronymic   1
  create  Bryngeira            given        1
  create  Bryniolf             given        1
  create  Bryniolfsson         patronymic   1
  create  Brynjulfsdatter      family       1
  create  Brynjólfsson         patronymic   1
  create  Brytteva             given        1
  create  Brønla               given        1
  create  Bugge-Hanssen        family       1
  create  Bukhorn              family       1
  create  Bukk                 family       1
  create  Bulgaroktonos        family       1
  create  Bullernaesia         family       1
  create  Bullibak             given        1
  create  Buonalbergo          family       1
  create  Bure                 given        1
  create  Burga                given        1
  create  Burgundians          family       1
  create  Burislavsdatter      patronymic   1
  create  Bygland              family       1
  create  Byrtharsvein         given        1
  create  Byzantine Empire     family       1
  create  Bárðar               given        1
  create  Bárðardóttir         patronymic   1
  create  Bárðarson            patronymic   1
  create  Bänktsdotter         patronymic   1
  create  Bårdarson            patronymic   1
  create  Bæreim               family       1
  create  Börgesson            patronymic   1
  create  Börjesdotter         family       1
  create  Börjesdotter         patronymic   1
  create  Börjesson            patronymic   1
  create  Börjesson Carlberg   family       1
  create  Börstelia            family       1
  create  Börstelius           family       1
  create  Böðvarsdóttir        patronymic   1
  create  Bølle av Stege       family       1
  create  Børe Trones          family       1
  create  Børel                given        1
  create  Børelsdatter         patronymic   1
  create  Børelsen             family       1
  create  Børelson             patronymic   1
  create  Børger               given        1
  create  Børgeson             patronymic   1
  create  Børgesson            patronymic   1
  create  Børildsdotter        patronymic   1
  create  Børulfson            family       1
  create  Caers                family       1
  create  Caeseria             given        1
  create  Caiji                given        1
  create  Cajsson              family       1
  create  Calicia              family       1
  create  Callinus             family       1
  create  Campania             family       1
  create  Candelberg           family       1
  create  Canuti               given        1
  create  Canutsdatter         family       1
  create  Capet                given        1
  create  Capeteyn             family       1
  create  Carolii              given        1
  create  Caroling             family       1
  create  Carolingian Dynasty  family       1
  create  Cartlett             family       1
  create  Casparsdotter        patronymic   1
  create  Casparson            patronymic   1
  create  Caspersson           patronymic   1
  create  Caswallon            given        1
  create  Cathering            given        1
  create  Catulli              given        1
  create  Cellach              given        1
  create  Centulio             given        1
  create  Cenwealh             given        1
  create  Cerbhall             given        1
  create  Chaghri              given        1
  create  Charlsdotter         patronymic   1
  create  Chatillon-sur-Marne  family       1
  create  Cherstin             given        1
  create  Chichimecacihatzin   given        1
  create  Chikatoki            given        1
  create  Chikuni              given        1
  create  Chiri-no-mikoto      given        1
  create  Christenson          patronymic   1
  create  Christensson         patronymic   1
  create  Christenssøn         patronymic   1
  create  Christentia          given        1
  create  Christersdotter      patronymic   1
  create  Christersson         patronymic   1
  create  Christiernsson       patronymic   1
  create  Christiersson        family       1
  create  Christofersson       patronymic   1
  create  Christofferdatter    patronymic   1
  create  Christoffersdotter   patronymic   1
  create  Christoffersson      patronymic   1
  create  Christopherdotter    family       1
  create  Christophersson      patronymic   1
  create  Christopherssøn      patronymic   1
  create  Chrochius            family       1
  create  Chronander           family       1
  create  Chydenia             family       1
  create  Claesdotter          family       1
  create  Claravallius         family       1
  create  Clasen               patronymic   1
  create  Clason               patronymic   1
  create  Claudia-Pulchra      family       1
  create  Clausson             patronymic   1
  create  Clemetsson           family       1
  create  Clemetsson           patronymic   1
  create  Clémence            given        1
  create  Clodt                family       1
  create  Coel                 given        1
  create  Coichi               family       1
  create  Collinia             family       1
  create  Colville of Ochiltree family       1
  create  Commercy             family       1
  create  Comninos-Palaiologos family       1
  create  Conall               given        1
  create  Confessio            given        1
  create  Conradi              patronymic   1
  create  Conradiner           family       1
  create  Conradsson           patronymic   1
  create  Corfitzdatter        patronymic   1
  create  Corneliusdatter      patronymic   1
  create  Correggio-Fogliano   family       1
  create  Corsbeth             given        1
  create  Corsindae            family       1
  create  Cottemore            family       1
  create  Couschi              family       1
  create  Crichton of Frendraught family       1
  create  Crito                given        1
  create  Croëll               family       1
  create  Crínán               given        1
  create  Cröell               family       1
  create  Cunegonda            given        1
  create  Cunigundis           given        1
  create  Cunninghame of Glencairn family       1
  create  Cynwrig              given        1
  create  Czetwertynski        family       1
  create  Cöhler               family       1
  create  DE MOUSSON-BAR       family       1
  create  Dadildis             given        1
  create  Dagfinn              family       1
  create  Dagfinnsen           patronymic   1
  create  Dagfinsson           patronymic   1
  create  Dagsdotter           patronymic   1
  create  Dagson               patronymic   1
  create  Dagworth             family       1
  create  Dahlslee             family       1
  create  Dala-Kollur          given        1
  create  Dalarne              family       1
  create  Dalecarlia           family       1
  create  Dalette              given        1
  create  Dalseid              family       1
  create  Danckwardt Lillieström family       1
  create  Danielsson Wippa     family       1
  create  Dasharatha           family       1
  create  Daumantas-Siesicka   family       1
  create  Dauphine d'Auvergne  family       1
  create  Dautentopet          given        1
  create  Davidsdaughter       given        1
  create  Dawud                given        1
  create  Ddu                  family       1
  create  De Angulo            family       1
  create  De Furnival          family       1
  create  De Joinville         family       1
  create  De Nivelles          family       1
  create  De Roxelle           family       1
  create  De Rumigny-Florennes family       1
  create  De Schelde           family       1
  create  De Vestmar           family       1
  create  Den helige           family       1
  create  Detlevsdatter        patronymic   1
  create  Diarmait             given        1
  create  Didriksdatter        patronymic   1
  create  Didrikson            patronymic   1
  create  Diedric              given        1
  create  Dimbodius            family       1
  create  Diogenissa           family       1
  create  Dirich               given        1
  create  Dirichsson           patronymic   1
  create  Dirihsdotter         patronymic   1
  create  Diskr                family       1
  create  Diurberg             family       1
  create  Djer                 given        1
  create  Djupaedia            family       1
  create  Dmitriyevna          patronymic   1
  create  Dominicusson         patronymic   1
  create  Dominikusdatter      patronymic   1
  create  Domitia              given        1
  create  Donnchad             given        1
  create  Dony d'Attichy       family       1
  create  Dorga                family       1
  create  Doth                 family       1
  create  Dotter               given        1
  create  Douglas of Whittinghame family       1
  create  Dowlandi             given        1
  create  Dowoyno-Sollohub     family       1
  create  Driesen              patronymic   1
  create  Drost van Altena Kasteleyn van Loevenstein family       1
  create  Drostenhof           family       1
  create  Du Rietz af Hedensberg family       1
  create  Duach                given        1
  create  Dubh                 given        1
  create  Dugal                given        1
  create  Dugalsdotter         patronymic   1
  create  Duke of Anhalt-Zerbst family       1
  create  Dukstad              family       1
  create  Dulcia               given        1
  create  Duréel               family       1
  create  Dylander             family       1
  create  Dyresdatter          patronymic   1
  create  Dyresson             patronymic   1
  create  Dzai                 given        1
  create  Döbeln               family       1
  create  Dønat                given        1
  create  Dønåt                given        1
  create  Dúin                 given        1
  create  D’ALSACE             family       1
  create  EVINDSDOTTER         patronymic   1
  create  Eaba                 given        1
  create  Ealhflæd             given        1
  create  Eanswythe            given        1
  create  Earl of Orkney       family       1
  create  Earl of Orkney and Caithness family       1
  create  Ebbesson             patronymic   1
  create  Eberhardine          given        1
  create  Eberhardsson         patronymic   1
  create  Ebersköld            family       1
  create  Ecgfrið              given        1
  create  Echach               given        1
  create  Edelia               family       1
  create  Edenberg nr          family       1
  create  Edhelius             family       1
  create  Edvardi Rhen         family       1
  create  Edvardsdotter        patronymic   1
  create  Edvardsen            patronymic   1
  create  Efjestad             family       1
  create  Egehard              given        1
  create  Eggertsdotter        patronymic   1
  create  Eggertsson           patronymic   1
  create  Ehrencreutz          family       1
  create  Ehrenhjelm           family       1
  create  Eibrandsdatter       patronymic   1
  create  Eiel                 given        1
  create  Eigeland-aua         family       1
  create  Eilefsdatter         family       1
  create  Eilefsen             family       1
  create  Eilersen             patronymic   1
  create  Eilevsdotter         patronymic   1
  create  Eilivson             family       1
  create  Ein                  given        1
  create  Eindridesdatter      patronymic   1
  create  Einivoldur           given        1
  create  Einridesdatter       family       1
  create  Einridesdatter       patronymic   1
  create  Eirikssøn            patronymic   1
  create  Eivindson            family       1
  create  Eivinsdatter         family       1
  create  Eiya                 given        1
  create  Ekenbom              family       1
  create  Ekenäs               family       1
  create  Ektefelle            given        1
  create  Ekwald               family       1
  create  Elbfass              family       1
  create  Elfvedalius          family       1
  create  Elfvia               family       1
  create  Eliae                patronymic   1
  create  Eliaksentytär        patronymic   1
  create  Eliassen             patronymic   1
  create  Eliezer Lipmann Shrentzel family       1
  create  Elistfer             family       1
  create  Eljakim              given        1
  create  Ellefer              family       1
  create  Ellette              given        1
  create  Ellingsdatter        family       1
  create  Ellufson             patronymic   1
  create  Elofsson             patronymic   1
  create  Elseby               given        1
  create  Eltonhead            family       1
  create  Elvindson            family       1
  create  Emmeke               given        1
  create  Emmikesson           patronymic   1
  create  Emperor              given        1
  create  End                  given        1
  create  Endride              given        1
  create  Endrideson           patronymic   1
  create  Endsdatter           patronymic   1
  create  Enerooth             family       1
  create  Enevaldson           patronymic   1
  create  Enevalsdotter        patronymic   1
  create  Enevoldsdatter       patronymic   1
  create  Engbregtsdatter      family       1
  create  Engebrechtsdotter    patronymic   1
  create  Engebregtsen         family       1
  create  Engelbertsdotter     patronymic   1
  create  Engelbrektson        patronymic   1
  create  Engelbrektsson       patronymic   1
  create  Engilrada            given        1
  create  Engnes               family       1
  create  Engneseie            family       1
  create  Ennaga               given        1
  create  Enstadia             family       1
  create  Enstadius            family       1
  create  Eoppa                given        1
  create  Eorcongota           given        1
  create  Eosander Göthe       family       1
  create  Epirus               family       1
  create  Erasmusson           patronymic   1
  create  Erbschenkin          family       1
  create  Erengisledotter      patronymic   1
  create  Ericdotter           patronymic   1
  create  Ericii               patronymic   1
  create  Erikska              family       1
  create  Eriksson Spak        family       1
  create  Eriksson Tre Musslor family       1
  create  Erikssøn             patronymic   1
  create  Erkintytär           patronymic   1
  create  Erlandsdatter        patronymic   1
  create  Erlandson            patronymic   1
  create  Erlendsdóttir        patronymic   1
  create  Erlendsen            family       1
  create  Erlingson            patronymic   1
  create  Ermenane             given        1
  create  Ermengarde-Gerberga  given        1
  create  Ermentrud            given        1
  create  Ernaldsson           patronymic   1
  create  Ertenstein           family       1
  create  Escilsson            patronymic   1
  create  Eskildsen            patronymic   1
  create  Estridsøn            family       1
  create  Eupator              given        1
  create  Eustachie            given        1
  create  Evertsdatter         patronymic   1
  create  Evertsdotter         patronymic   1
  create  Evertson             patronymic   1
  create  Eyestein             given        1
  create  Eyjafjörður          family       1
  create  Eylime               given        1
  create  Eylimisdotter        patronymic   1
  create  Eysteinsdatter       patronymic   1
  create  Eysteinsson          patronymic   1
  create  Eystensson           patronymic   1
  create  Eyvindardottir       patronymic   1
  create  Eyvindarson          patronymic   1
  create  Eyvindsdóttir        patronymic   1
  create  Eyvinsdotter         family       1
  create  Eyólfursson          patronymic   1
  create  Faae                 family       1
  create  Fabrel               family       1
  create  Fakhita              given        1
  create  Falchor              given        1
  create  Falesson Bure        family       1
  create  Falka                given        1
  create  Falkenklo            family       1
  create  Falki                given        1
  create  Faltin               given        1
  create  Faltinsdatter        patronymic   1
  create  Farnbach             family       1
  create  Fartegnsdotter       patronymic   1
  create  Fartegnsson          patronymic   1
  create  Farteinsdatter       family       1
  create  Farteinsdotter       patronymic   1
  create  Faydive              given        1
  create  Fectil               family       1
  create  Felthuus             family       1
  create  Felthuusen           family       1
  create  Feltria              given        1
  create  Ferdinad             given        1
  create  Fergillander         family       1
  create  Fergillandra         family       1
  create  Fernandez            patronymic   1
  create  Ferrandis de Almohade family       1
  create  Ferri                given        1
  create  Filippusdatter       patronymic   1
  create  Fillippusdatter      patronymic   1
  create  Fillipusson          patronymic   1
  create  Finnsdóttir          patronymic   1
  create  Finnvid              given        1
  create  Finnvidsson          patronymic   1
  create  Finsdal-Fuglestveit  family       1
  create  Finsnes              family       1
  create  Finsson              patronymic   1
  create  Finstaätten          family       1
  create  Fister Finnøy        family       1
  create  FitzPatric           given        1
  create  FitzPayne            family       1
  create  FitzWarin            family       1
  create  Fjelle               family       1
  create  Fjosne               family       1
  create  Flachsenia           family       1
  create  Flaithbhertach       family       1
  create  Flatabo              family       1
  create  Fleming af Lais      family       1
  create  Flesberg             family       1
  create  Flette               family       1
  create  Flodalin             family       1
  create  Floen                family       1
  create  Flogstad             family       1
  create  Fluga av Tjötta      family       1
  create  Fnu                  given        1
  create  Folch de Cardona     family       1
  create  Foleson              patronymic   1
  create  Folkungaätt          family       1
  create  Folkvid              given        1
  create  Folkvidsson          patronymic   1
  create  Folmar               given        1
  create  Fordal               given        1
  create  Forrsman             family       1
  create  Forsandstranden      family       1
  create  Forsselius           family       1
  create  Fosen                patronymic   1
  create  Foss-Fossane         family       1
  create  Founder              family       1
  create  Frafjord øvre Espedal family       1
  create  Franceschino         given        1
  create  Francisci            given        1
  create  Fransdatter          patronymic   1
  create  Fransson             patronymic   1
  create  Franzsson            patronymic   1
  create  Frayde               given        1
  create  Frederiksdatter      patronymic   1
  create  Frederun             given        1
  create  Frederuna            given        1
  create  Fredik               given        1
  create  Friderichsdatter     patronymic   1
  create  Fridsberg            family       1
  create  Friherrinnan         given        1
  create  Frillor              family       1
  create  Friuli               family       1
  create  Frodbom              family       1
  create  Frohburg             family       1
  create  Frolaz               family       1
  create  Frondinus            family       1
  create  Frosten              given        1
  create  Frozza               given        1
  create  Fru                  given        1
  create  Fryksell             family       1
  create  Frå Rossavik         family       1
  create  Fróðadóttir          patronymic   1
  create  Fudda                family       1
  create  Fugelstad            family       1
  create  Fujiwara             given        1
  create  Fulcois              given        1
  create  Funei                given        1
  create  Funin                given        1
  create  Furenes              family       1
  create  Furuberget           family       1
  create  Futohime             given        1
  create  Fuyuyasu             given        1
  create  Fálkason             patronymic   1
  create  Fårenes              family       1
  create  Født Av Norge        family       1
  create  G                    given        1
  create  GUDBRANDSEN          patronymic   1
  create  GYDASEN              patronymic   1
  create  GYDDASON             patronymic   1
  create  Gabielson            patronymic   1
  create  Gabrandsdottir       patronymic   1
  create  Gabrielsdtatter      given        1
  create  Galde                family       1
  create  Galitsyn             family       1
  create  Garazier             family       1
  create  Garazier             given        1
  create  Garbrielsson         family       1
  create  Gardsen              family       1
  create  Gardsen              patronymic   1
  create  Gardson              family       1
  create  Gardsson             family       1
  create  Garmand              given        1
  create  Garne-Brekke         given        1
  create  Garå                 family       1
  create  Gase                 given        1
  create  Gasesdatter          patronymic   1
  create  Gattilusaina         family       1
  create  Gautland             family       1
  create  Gautski              given        1
  create  Gautson              patronymic   1
  create  Gavlensis            family       1
  create  Gebin                given        1
  create  Gebino               given        1
  create  Gedsholm             family       1
  create  Geirason             patronymic   1
  create  Geirlaugsdatter      patronymic   1
  create  Geirleifsdóttir      patronymic   1
  create  Geirleifsson         family       1
  create  Geirmundsen          patronymic   1
  create  Geirtrud             given        1
  create  Geiteskjer           family       1
  create  Geitreim             family       1
  create  Georgsson            patronymic   1
  create  Gerdruta             given        1
  create  Gerdtsdotter         patronymic   1
  create  Gerhard ab Osta      family       1
  create  Gerhardi             patronymic   1
  create  Gerson               patronymic   1
  create  Gese                 given        1
  create  Geuschmidt           family       1
  create  Geusmid              family       1
  create  Gevalin              family       1
  create  Gevelius             family       1
  create  Gezelia              family       1
  create  Gibson               patronymic   1
  create  Gie                  family       1
  create  Giljabrekken         family       1
  create  Gille                given        1
  create  Gille of Norway      family       1
  create  Gillesdotter         family       1
  create  Gilllund             family       1
  create  Gilminov             family       1
  create  Gilsson              patronymic   1
  create  Girenia              family       1
  create  Gislesdatter         patronymic   1
  create  Gissursdatter        patronymic   1
  create  Gitleiv              given        1
  create  Gjeitreim            family       1
  create  Gjerdrem             family       1
  create  Gjerdskvål           family       1
  create  Gjermundsson         patronymic   1
  create  Gjertrude            given        1
  create  Gjertssen            patronymic   1
  create  Gjeruldsdatter       patronymic   1
  create  Gjestdatter          patronymic   1
  create  Gjordsson            family       1
  create  Gjosdal              family       1
  create  Gjös                 family       1
  create  Gjøa                 family       1
  create  Glate                family       1
  create  Glbrandsdatter       patronymic   1
  create  Glinskis             family       1
  create  Glipping             family       1
  create  Gloer                given        1
  create  Gloersdatter         patronymic   1
  create  Go-Daigo-tenno       family       1
  create  Godeset              family       1
  create  Godtskalksdatter     patronymic   1
  create  Godwinsen            patronymic   1
  create  Goeg                 family       1
  create  Gorick               family       1
  create  Gormflaith           given        1
  create  Gotaland             family       1
  create  Gothilandra          family       1
  create  Gotinha              given        1
  create  Gotschalk            given        1
  create  Gotskald             given        1
  create  Gotskalksen          family       1
  create  Gotskalksson         patronymic   1
  create  Gotthardsberg        family       1
  create  Gottlieben           family       1
  create  Gottschalksdotter    patronymic   1
  create  Gottskalkson         patronymic   1
  create  Gottskálksson        patronymic   1
  create  Gousel               family       1
  create  Goussel              family       1
  create  Graccha              given        1
  create  Grautan              family       1
  create  Greberg              family       1
  create  Gregersdotter        patronymic   1
  create  Gregersson           patronymic   1
  create  Gregorii             patronymic   1
  create  Gregorinpoika        patronymic   1
  create  Gregoriusdotter      patronymic   1
  create  Gregoriusson         patronymic   1
  create  Gregoriussøn         patronymic   1
  create  Greip                given        1
  create  Greipson             patronymic   1
  create  Grelsson             family       1
  create  Grev                 given        1
  create  Grevle               family       1
  create  Grigorevna           patronymic   1
  create  Grigorievich         patronymic   1
  create  Grimsson             family       1
  create  Grimsson             patronymic   1
  create  Grjotgar             given        1
  create  Grjotgardsdottir     patronymic   1
  create  Grotgardson          family       1
  create  Grunnerus            family       1
  create  Gryffil              family       1
  create  Gryg                 family       1
  create  Gryvel               family       1
  create  Gråskjegg            family       1
  create  Gró                  given        1
  create  Grønhoff             family       1
  create  Gubia                given        1
  create  Gubiør               given        1
  create  Gudbrandssen         patronymic   1
  create  Gudbrandsson         patronymic   1
  create  Gudfastarsson        family       1
  create  Gudleikson           patronymic   1
  create  Gudmarsson           patronymic   1
  create  Gudmunsdatter        family       1
  create  Gudrod               given        1
  create  Gudrodsson           patronymic   1
  create  Gudrødsson           patronymic   1
  create  Guermond             given        1
  create  Guiges               given        1
  create  Guilbraa             family       1
  create  Gulaug               given        1
  create  Gulaugsson           patronymic   1
  create  Gulbandsen           patronymic   1
  create  Gulbrandsdatter      family       1
  create  Guldhaug             family       1
  create  Gulliksson           patronymic   1
  create  Gulsen               patronymic   1
  create  Gumsehuvud           family       1
  create  Gunbjorn             given        1
  create  Gunbjørg             given        1
  create  Gunbjørnsdotter      patronymic   1
  create  Gunbjørnsson         patronymic   1
  create  Gundemarez De Vasconia family       1
  create  Gundersdatter        family       1
  create  Gundraadsdatter      family       1
  create  Gunela               given        1
  create  Gunjorg              given        1
  create  Gunnbjørnsdotter     patronymic   1
  create  Gunnbjørnsen         patronymic   1
  create  Gunnbjørnson         patronymic   1
  create  Gunneria             family       1
  create  Gunnesdatter         patronymic   1
  create  Gunnilla             given        1
  create  Gunnleivsen          patronymic   1
  create  Gunnor               given        1
  create  Gunnulfsen           patronymic   1
  create  Gunnulv              given        1
  create  Gunraad              given        1
  create  Guntersberg          family       1
  create  Gunzelin             given        1
  create  Guota                given        1
  create  Guran                given        1
  create  Gusatfsdotter        family       1
  create  Gusseland            family       1
  create  Gustafsdotter        family       1
  create  Gustava Gustafsdotter family       1
  create  Gustaviana           given        1
  create  Gustavsson           patronymic   1
  create  Guthbinn             given        1
  create  Gutheimb             family       1
  create  Guthræa              family       1
  create  Guthræus             family       1
  create  Gutorm               given        1
  create  Guömundur            given        1
  create  Gweirydd             family       1
  create  Gwyr                 family       1
  create  Gyldenbring          family       1
  create  Gyldenär             family       1
  create  Gyllenhöök           family       1
  create  Gyllenstjerna        family       1
  create  Gyntesdotter         patronymic   1
  create  Gyrete               given        1
  create  Gyrild               given        1
  create  Géofrine             given        1
  create  Gómez de Sandoval y de la Cerda family       1
  create  Gödiksdotter         patronymic   1
  create  Gölug                given        1
  create  Görsson              family       1
  create  Gøransson            family       1
  create  Güntersdotter        family       1
  create  Głogów-Żagań         family       1
  create  H                    given        1
  create  HAAVERSON            patronymic   1
  create  Haavardsen           patronymic   1
  create  Haavarstad           family       1
  create  Hafridsson           family       1
  create  Hafthorssen          patronymic   1
  create  Hafthorsson          patronymic   1
  create  Haftor               given        1
  create  Haftore              given        1
  create  Haftoresdatter       patronymic   1
  create  Haftorsdatter        patronymic   1
  create  Haftorsson           patronymic   1
  create  Haijock              family       1
  create  Hailaga              given        1
  create  Hakonsdatter         patronymic   1
  create  Hakonsson            patronymic   1
  create  Haldri               given        1
  create  Haldvardson          family       1
  create  Halfdanarson         family       1
  create  Halfdansdatter       patronymic   1
  create  Halgrimsen           patronymic   1
  create  Halkatla             given        1
  create  Halkjell             given        1
  create  Halkjellson          patronymic   1
  create  Halladrsson          family       1
  create  Hallandus            family       1
  create  Hallbjarnarson       family       1
  create  Halldorson           patronymic   1
  create  Halldorsson          patronymic   1
  create  Hallesdatter         patronymic   1
  create  Halleson             patronymic   1
  create  Hallgreen            family       1
  create  Hallkjellsson        patronymic   1
  create  Hallkjelsdatter      patronymic   1
  create  Hallor               given        1
  create  Hallorm              given        1
  create  Hallormson           patronymic   1
  create  Hallorsson           patronymic   1
  create  Hallsdóttir          patronymic   1
  create  Hallsson             family       1
  create  Hallsteinson         patronymic   1
  create  Hallvard             family       1
  create  Hallvardsdatter      family       1
  create  Hallvardson          family       1
  create  Hallvarsdatter       patronymic   1
  create  Hallvord             given        1
  create  Halstensdotter       patronymic   1
  create  Halvardsen Vasshus   family       1
  create  Halvardssøn          patronymic   1
  create  Halvarsdsdatter      family       1
  create  Halvarsen            family       1
  create  Halvdansdatter       patronymic   1
  create  Halvdansson          patronymic   1
  create  Halvorsbøle          family       1
  create  Halvorsson           family       1
  create  Halvorsud            family       1
  create  Halvtroll            given        1
  create  Hamall               given        1
  create  Hammersta            family       1
  create  Hampusdotter         patronymic   1
  create  Hamre Jørstad        family       1
  create  Hamre-Fevoll         family       1
  create  Hamundarson          patronymic   1
  create  Hananias             given        1
  create  Hannibalianus        given        1
  create  Hanssøn              patronymic   1
  create  Haraldr              given        1
  create  Haraldsøn            patronymic   1
  create  Harar                family       1
  create  Hardrefsson          family       1
  create  Hareland             family       1
  create  Harima               given        1
  create  Harldsson            patronymic   1
  create  Harlverg             given        1
  create  Harneyt              given        1
  create  Harnikt              given        1
  create  Hartnik              given        1
  create  Harvaland            family       1
  create  Hasmonean            family       1
  create  Hasteinsson          patronymic   1
  create  Haukalihagen         family       1
  create  Haukemork            family       1
  create  Hauld                family       1
  create  Havard               given        1
  create  Havnarås             family       1
  create  Havtor               given        1
  create  Havtoresson          patronymic   1
  create  Havtorsdatter        patronymic   1
  create  Havtorsson           patronymic   1
  create  Havtroll Ravnstia    family       1
  create  Håland              family       1
  create  Håvar               given        1
  create  Håvarson            family       1
  create  Håvarson            patronymic   1
  create  Hebbla               given        1
  create  Hederhielm           family       1
  create  Heerholdt            family       1
  create  Heggebo              family       1
  create  Heikinpoika          patronymic   1
  create  Heilperin            family       1
  create  Heinrichssen         patronymic   1
  create  Heinrichsson         patronymic   1
  create  Helgasson            patronymic   1
  create  Helgers              family       1
  create  Helgevoll            family       1
  create  Hellbag              family       1
  create  Hellesen             patronymic   1
  create  Hellwegh             family       1
  create  Helmiksdatter        patronymic   1
  create  Hemmingsen           patronymic   1
  create  Hendricksdatter      family       1
  create  Hendrikke            given        1
  create  Hendriksdotter       family       1
  create  Hendse               given        1
  create  Hendsesdatter        patronymic   1
  create  Hendseson            patronymic   1
  create  Henricsson           patronymic   1
  create  Henrikdatter         patronymic   1
  create  Henrikintytär        patronymic   1
  create  Hensingen            family       1
  create  Heraea               family       1
  create  Herbrandsson         patronymic   1
  create  Hereim               family       1
  create  Heremodsson          patronymic   1
  create  Herleiksson          patronymic   1
  create  Herlev               given        1
  create  Hermanfried          given        1
  create  Hermannsdatter       patronymic   1
  create  Hermansdatter        patronymic   1
  create  Herneith             given        1
  create  Herngross            family       1
  create  Hernodius            family       1
  create  Herrlund             family       1
  create  Herse                given        1
  create  Hersesson            patronymic   1
  create  Herstal              family       1
  create  Hertzen              family       1
  create  Hesbø                family       1
  create  Hesselia             family       1
  create  Hesselroth           family       1
  create  Hibo                 family       1
  create  Hidda                given        1
  create  Hideyori             given        1
  create  Hideyoshi秀義          given        1
  create  Hieronymidotter      patronymic   1
  create  Hierpe               family       1
  create  Hierzèel             family       1
  create  Higashisadatsune     given        1
  create  Higginson            patronymic   1
  create  Hikeström            family       1
  create  Hillebor             given        1
  create  Hindrica             given        1
  create  Hindrichdotter       family       1
  create  Hiorthofud           family       1
  create  Hiroshima            given        1
  create  Hisinger Vilhelmsson family       1
  create  Hitonaga             given        1
  create  Hitrovo              family       1
  create  Hittites             family       1
  create  Hizkiya              given        1
  create  Hjalmtier            given        1
  create  Hjalmtiersson        patronymic   1
  create  Hjarande             given        1
  create  Hjarandson           patronymic   1
  create  Hjarrande            given        1
  create  Hjerta               family       1
  create  Hjornevik            family       1
  create  Hjortö               family       1
  create  Hjorvard             given        1
  create  Hjorvardson          patronymic   1
  create  Hjorvardsson         patronymic   1
  create  Hlodvesson           family       1
  create  Hnabi                given        1
  create  Hognasson            patronymic   1
  create  Hohenlohe-Neunstein  family       1
  create  Hohenwald            family       1
  create  Holgersdotter        family       1
  create  Holgerson            patronymic   1
  create  Holgersón            given        1
  create  Holmia               family       1
  create  Holrod-Halle         given        1
  create  Holrodsdatter        family       1
  create  Holtason             family       1
  create  Hommersaak           family       1
  create  Homstol              family       1
  create  Horda-Kåresson       patronymic   1
  create  Hordasdatter         patronymic   1
  create  Hordeel              family       1
  create  Horn Af Åminne       family       1
  create  Horn af Kanckas      family       1
  create  Horn af Ramtzien     family       1
  create  Hoskuldsen           patronymic   1
  create  Hoskuldson           patronymic   1
  create  Hovedøya             given        1
  create  Hrifla               given        1
  create  Hrifluson            patronymic   1
  create  Hrolfsson            family       1
  create  Hrothilidis          given        1
  create  Hroy                 given        1
  create  Hulberg              family       1
  create  Hulterstadia         family       1
  create  Humberge             given        1
  create  Humle                family       1
  create  Hund Namdal          family       1
  create  Hundingr             given        1
  create  Hundingsdottir       patronymic   1
  create  Hundolf              given        1
  create  Hundolfsdottir       patronymic   1
  create  Hundolfsson          patronymic   1
  create  Hundoltdotter        patronymic   1
  create  Husaby               family       1
  create  Hustru               given        1
  create  Hutten Czapski       family       1
  create  Hutten-Czapska       family       1
  create  Hvaterud             family       1
  create  Hvidelæder           given        1
  create  Hvijt                family       1
  create  Hvite-Gautdal        family       1
  create  Hybrida              given        1
  create  Hyheim               family       1
  create  Hylestad             family       1
  create  Hákonardóttir        patronymic   1
  create  Hálfdanardóttir      patronymic   1
  create  Hálfdanarson         family       1
  create  Häggroth             family       1
  create  Härse                given        1
  create  Hässelby             family       1
  create  Hågensen             patronymic   1
  create  Håkan Torstensson    family       1
  create  Håkonsatter          family       1
  create  Hårdrådesätten Norge family       1
  create  Håvarson             family       1
  create  Håver                given        1
  create  Håversdotter         patronymic   1
  create  Håverson             patronymic   1
  create  Håvorson             patronymic   1
  create  Hærnes               family       1
  create  Hærnæs               family       1
  create  Höglundius           family       1
  create  Högne                given        1
  create  Hörn                 family       1
  create  Höskuldsdóttir       patronymic   1
  create  Hødlesli             family       1
  create  Høgne                given        1
  create  Høgneson             patronymic   1
  create  Høsbjør              family       1
  create  INBRETHSEN           family       1
  create  Ichten               family       1
  create  Iemae                given        1
  create  Ifvarsdotter         patronymic   1
  create  Igorevitch           patronymic   1
  create  Igorinpoika          patronymic   1
  create  Ihohiku              given        1
  create  Ikimoto              given        1
  create  Ikofutsu             given        1
  create  Ilsabe               given        1
  create  Imagine              given        1
  create  Immed                given        1
  create  Immedingians         family       1
  create  Inabi                given        1
  create  Inal                 given        1
  create  Inga-Lisa            given        1
  create  Ingebord             given        1
  create  Ingeborgason         family       1
  create  Ingebrethsdatter     patronymic   1
  create  Ingebrethsen         patronymic   1
  create  Ingebretsdatter      family       1
  create  Ingebretsen Grude Rott family       1
  create  Ingebretsson         patronymic   1
  create  Ingelborg            given        1
  create  Ingeldus             given        1
  create  Ingelotz             family       1
  create  Ingeltrude           given        1
  create  Ingemundsson         patronymic   1
  create  Ingen                given        1
  create  Ingenonsdatter       family       1
  create  Ingerborg            family       1
  create  Ingesdatter          patronymic   1
  create  Ingessen             patronymic   1
  create  Ingiríðr             given        1
  create  Ingjaldsson          family       1
  create  Ingmundson           patronymic   1
  create  Ingvold              given        1
  create  Iohannis             given        1
  create  Iry-Hor              given        1
  create  Isaaci               given        1
  create  Isachi               given        1
  create  Isaea                family       1
  create  Isakson              patronymic   1
  create  Isborg               given        1
  create  Isenburg-Grenzau     family       1
  create  Isendorf             given        1
  create  Isopere              family       1
  create  Israelson            patronymic   1
  create  Isserles             family       1
  create  Isæus                family       1
  create  Italy                family       1
  create  Ivanander            family       1
  create  Ivar                 family       1
  create  Ivarsdatter          family       1
  create  Ivarssen             family       1
  create  Ivensson             patronymic   1
  create  Iversson             patronymic   1
  create  Izumo-Furune-no-mikoto given        1
  create  Iñiguez              family       1
  create  Jahnsdatter          patronymic   1
  create  Jakobinpoika         patronymic   1
  create  Jammelt              given        1
  create  Jammeltson           patronymic   1
  create  Jammeltsson          patronymic   1
  create  Janson               patronymic   1
  create  Jansz                patronymic   1
  create  Jardarsson           patronymic   1
  create  Jarlsfrende          given        1
  create  Jarlsmaag            family       1
  create  Jaroslavič           given        1
  create  Jartrud              given        1
  create  Jasabeam             given        1
  create  Jedvardsson          patronymic   1
  create  Jehans               given        1
  create  Jeramiasdatter       patronymic   1
  create  Jernsköld            family       1
  create  Jesine               given        1
  create  Jindrich             given        1
  create  Joakimsdotter        patronymic   1
  create  Jochimsdatter        patronymic   1
  create  Jochimsson           patronymic   1
  create  Jodokus              given        1
  create  Joensson             patronymic   1
  create  Jogrim               given        1
  create  Jogrimsdatter        patronymic   1
  create  Johanna              family       1
  create  Johannassen          patronymic   1
  create  Johannesdotter Av Hökhufvud family       1
  create  Johanneson           patronymic   1
  create  Johannisdatter       patronymic   1
  create  Jokild               given        1
  create  Jonesdotter          patronymic   1
  create  Jonsdatter           family       1
  create  Jonsdoitter          family       1
  create  Jonson Skjørestad    family       1
  create  Jonsonsdatter        family       1
  create  Jonssøn              family       1
  create  Jonssøn              patronymic   1
  create  Jorann               given        1
  create  Jorund               given        1
  create  Josserande           given        1
  create  Josteinsdatter       patronymic   1
  create  Josteinson           patronymic   1
  create  Jostssøn             patronymic   1
  create  Jönsson             family       1
  create  Jöran               given        1
  create  Juditte              given        1
  create  Juhel                given        1
  create  Juhonpoika           patronymic   1
  create  Julia-Malka          given        1
  create  Juliea               given        1
  create  Jussà                family       1
  create  Jämse                family       1
  create  Jåtta                family       1
  create  Jön                  given        1
  create  Jöransdotter         family       1
  create  Jødestøl             family       1
  create  Jørgina              given        1
  create  Jørundsen            patronymic   1
  create  Jørundsn             family       1
  create  KOLBEINSSON          patronymic   1
  create  KOPERVIK             family       1
  create  Ka'an                given        1
  create  Kalisson             patronymic   1
  create  Kalsheim             family       1
  create  Kalvaland            family       1
  create  Kalvsen              patronymic   1
  create  Kalvson              patronymic   1
  create  Kamberud             family       1
  create  Kamitsu              family       1
  create  Kanehira             given        1
  create  Kaneie               given        1
  create  Kanemune             given        1
  create  Kanemutsu            given        1
  create  Kanetada             given        1
  create  Kanetsune            given        1
  create  Kaneyasu             given        1
  create  Kanga                given        1
  create  Kaributaitienė       family       1
  create  Karlshovud           given        1
  create  Karlshøvudsson       patronymic   1
  create  Kartavoll            family       1
  create  Kateline             given        1
  create  Katteland            family       1
  create  Kaupanger            family       1
  create  Keckonius            family       1
  create  Kenicius             family       1
  create  Keniksson            patronymic   1
  create  Kerstos              family       1
  create  Kesja                family       1
  create  Ketilsdatter         patronymic   1
  create  Ketilsdottir         patronymic   1
  create  Ketilsson            family       1
  create  Kettillsson          patronymic   1
  create  Kettilsson           patronymic   1
  create  Kewenbrink           family       1
  create  Khenthap             given        1
  create  Khodabandeh          family       1
  create  Kiburg               family       1
  create  Kidset               family       1
  create  Kierstin             family       1
  create  Kierstine            given        1
  create  Kiesten              given        1
  create  Kijewskaja           family       1
  create  Kilstedt             family       1
  create  King of Ailech       family       1
  create  King of Alvheim      family       1
  create  King of Hordaland    family       1
  create  Kinndøl              family       1
  create  Kishitsuki-no-mikoto given        1
  create  Kittilsdatter        patronymic   1
  create  Kjaerulf             family       1
  create  Kjallaksdóttir       patronymic   1
  create  Kjeldsen             patronymic   1
  create  Kjellson             patronymic   1
  create  Kjellsson            patronymic   1
  create  Kjelsen              patronymic   1
  create  Kjempe               family       1
  create  Kjeran               given        1
  create  Kjetillson           patronymic   1
  create  Kjetilson            patronymic   1
  create  Klausen              patronymic   1
  create  Klementsdatter       patronymic   1
  create  Klementsson          patronymic   1
  create  Klemetsen            patronymic   1
  create  Klemetsson           patronymic   1
  create  Kleppegjerdet        family       1
  create  Kleppelid            family       1
  create  Klut                 family       1
  create  Klädskrivare         family       1
  create  Klöfverskjöld        family       1
  create  Klöös                family       1
  create  Knipa                family       1
  create  Knudsøn              patronymic   1
  create  Knudt                given        1
  create  Knudtsen             patronymic   1
  create  Knutdsdatter         patronymic   1
  create  Knutsdottir          patronymic   1
  create  Knútsdóttir          patronymic   1
  create  Koch Sundt           family       1
  create  Kofoed Fernström     family       1
  create  Kolbeinsen           patronymic   1
  create  Kolbeinson           patronymic   1
  create  Kolbeinsson          patronymic   1
  create  Kolbjørnsdatter      patronymic   1
  create  Kollitz              family       1
  create  Kollsdotter          family       1
  create  Kollsson             family       1
  create  Kollungsen           patronymic   1
  create  Koloboff             family       1
  create  Kolr                 given        1
  create  Komitopulo           family       1
  create  Komnenos             given        1
  create  Kongsfrende          family       1
  create  Kongsmåg             given        1
  create  Konradiner           family       1
  create  Kopervik             family       1
  create  Korikos              family       1
  create  Korpenfelt           family       1
  create  Korpfelt             family       1
  create  Kourkouas            family       1
  create  Krabbe af Svaneby    family       1
  create  Krissi               given        1
  create  Kristendatter        patronymic   1
  create  Kristiernsson        patronymic   1
  create  Kristofferssen       patronymic   1
  create  Krokia               family       1
  create  Krokius              family       1
  create  Kruch                family       1
  create  Krzywousty           family       1
  create  Kråka                family       1
  create  Ku til Tomb          family       1
  create  Kulsdorf             family       1
  create  Kuna                 given        1
  create  Kunikami             given        1
  create  Kuninari             given        1
  create  Kushida-no-mikoto    given        1
  create  Kushimikasaki-no-mikoto given        1
  create  Kushimikatomi-no-mikoto given        1
  create  Kushini-no-mikoto    given        1
  create  Kut Chor             family       1
  create  Kuvung               family       1
  create  Kvalbeid             family       1
  create  Kvale Meleim         family       1
  create  Kvartesmastare       family       1
  create  Kvasselbakken        family       1
  create  Kvemshagen           family       1
  create  Kvermestien          family       1
  create  Kvievåg              family       1
  create  Kvitingen            family       1
  create  Kyburg               family       1
  create  Kyiv                 family       1
  create  Kyrri                given        1
  create  Kávsson              family       1
  create  Källbjörnsson        patronymic   1
  create  Kåda                 family       1
  create  Kåhrman              family       1
  create  Kålug                given        1
  create  Kåresson             family       1
  create  Kårman               family       1
  create  Kåse                 family       1
  create  Köne                 given        1
  create  Körning              family       1
  create  Køneka               given        1
  create  Kønekadatter         patronymic   1
  create  Kønike               given        1
  create  Kønningham           given        1
  create  LASSESON             patronymic   1
  create  La Warr              family       1
  create  Laestadia            family       1
  create  Laestander Hellström family       1
  create  Lagård              family       1
  create  Lagerbeck            family       1
  create  Lagesdatter          family       1
  create  Lagi                 family       1
  create  Lagus                given        1
  create  Laihia               family       1
  create  Lambrigt             given        1
  create  Langeid              family       1
  create  Langlia              family       1
  create  Lannera              family       1
  create  Larrson              patronymic   1
  create  LarsenLauritsen      family       1
  create  Larsson Nerbelius    family       1
  create  Larsson/Lauritsson   family       1
  create  Latavri              given        1
  create  Laugesdatter         patronymic   1
  create  Laurensa             given        1
  create  Laurense             given        1
  create  Laurensson           patronymic   1
  create  Lauridsen            patronymic   1
  create  Laurinus             family       1
  create  Laurisen             patronymic   1
  create  Lauritsdotter        patronymic   1
  create  Lauritssen           family       1
  create  Lauritssøn           patronymic   1
  create  Lauritzdotter        patronymic   1
  create  Lauritzøn            given        1
  create  Laursdatter          patronymic   1
  create  Lavransson           patronymic   1
  create  Lawrwnce             given        1
  create  Lebush               given        1
  create  Lechandra            family       1
  create  Legnica              family       1
  create  Leifsson             patronymic   1
  create  Leijonstolpe         family       1
  create  Lein-Gyrve           family       1
  create  Leirang              family       1
  create  Leirol               family       1
  create  Leivsen Øvre Bjørheim family       1
  create  Leivson              patronymic   1
  create  Lekapenos            family       1
  create  Lekum                family       1
  create  Lenjé                given        1
  create  Lennartsson          patronymic   1
  create  Leonardsdatter       patronymic   1
  create  Leonardsdotter       patronymic   1
  create  Leonardsson          patronymic   1
  create  Lesh'chinska         family       1
  create  Lette                given        1
  create  Leufstadia           family       1
  create  Leukardis            given        1
  create  Levarsen             patronymic   1
  create  Levinsdatter         patronymic   1
  create  Lexander             family       1
  create  Liboriusdotter       patronymic   1
  create  Licinia              given        1
  create  Liecher              family       1
  create  Lietgardis           given        1
  create  Lifa                 given        1
  create  Lilja av Värnäs      family       1
  create  Lille-Vatne          family       1
  create  Lindbergius          family       1
  create  Lindelia             family       1
  create  Lindevald            family       1
  create  Linie                family       1
  create  Linnartsson          patronymic   1
  create  Linnerhjelm          family       1
  create  Lintjorn             family       1
  create  Lintrathen           family       1
  create  Lisbetha             given        1
  create  Lisbetta             given        1
  create  Lisebette            given        1
  create  Lisikiewicz          patronymic   1
  create  Lisken               given        1
  create  Lithovia             family       1
  create  Livard               given        1
  create  Livarsdatter         family       1
  create  Livo                 given        1
  create  Ljotsson             patronymic   1
  create  Ljødolv              given        1
  create  Ljøelsdatter         family       1
  create  Lle                  family       1
  create  Llofan               family       1
  create  Llyw                 given        1
  create  Loccenia             family       1
  create  Lodensee             family       1
  create  Lodigia              family       1
  create  Lodigius             family       1
  create  Lodinkinn            family       1
  create  Lodinson             patronymic   1
  create  Lodmundsdatter       patronymic   1
  create  Lokatt               family       1
  create  Lollia               given        1
  create  Lomakova             family       1
  create  Lomund               given        1
  create  Lorentzdotter        family       1
  create  Lotheé               given        1
  create  Lothringen-Darney    family       1
  create  Lowisa               given        1
  create  Lubechanka           family       1
  create  Luceen               given        1
  create  Ludemira             given        1
  create  Ludze                given        1
  create  Luf                  given        1
  create  Lukassen             patronymic   1
  create  Lupfen-Stühlingen    family       1
  create  Lutatia              given        1
  create  Lutgardis            given        1
  create  Lutzelburg           given        1
  create  Lydeke               given        1
  create  Lydeksen             patronymic   1
  create  Lydik                given        1
  create  Lydikson             patronymic   1
  create  Lydikssøn            patronymic   1
  create  Lydvø                family       1
  create  Lyell of Balmaleedie Haltoun family       1
  create  Lyning               family       1
  create  Lyseneie             family       1
  create  Lythræa              family       1
  create  Låge                 family       1
  create  Læstander            family       1
  create  Löja                 family       1
  create  Löschern             family       1
  create  Löwenhjelm           family       1
  create  Løgje                family       1
  create  Løvåsvågen           family       1
  create  MONTBELIARD          family       1
  create  MYKELBUST            family       1
  create  Mac Colmáin          patronymic   1
  create  Mac Domhnaill        patronymic   1
  create  Mac Domnaill         patronymic   1
  create  Mac Murchada         patronymic   1
  create  Maccabaeus           family       1
  create  Madela               given        1
  create  Madsson              patronymic   1
  create  Maechel              family       1
  create  Maehle               family       1
  create  Maelfebhal           given        1
  create  Magdelana            given        1
  create  Magilla              given        1
  create  Magreta              given        1
  create  Magretha             given        1
  create  Maidburg             family       1
  create  Maidel               family       1
  create  Majström             family       1
  create  Makhir               given        1
  create  Makrembolitissa      family       1
  create  Malberg-Vinstingen   family       1
  create  Malena Ådnesdotter   family       1
  create  Malkovna             patronymic   1
  create  Malusha              given        1
  create  Manasses             given        1
  create  Manassès             given        1
  create  Manilva              given        1
  create  Manserus             family       1
  create  Marcherita           given        1
  create  Mareta               family       1
  create  Marghareta           given        1
  create  Margred              given        1
  create  Mariota              given        1
  create  Maritte              given        1
  create  Marselius            given        1
  create  Marsh-Caldwell       family       1
  create  Marteinsønn          patronymic   1
  create  Martensdotter        patronymic   1
  create  Martiensdatter       patronymic   1
  create  Martinsson           patronymic   1
  create  Maryam               family       1
  create  Mathiasson           patronymic   1
  create  Mathisen             patronymic   1
  create  Matiasdatter         patronymic   1
  create  Matinpoika           patronymic   1
  create  Matson               patronymic   1
  create  Mattathias           given        1
  create  Mattiasdatter        patronymic   1
  create  Mattiasson           patronymic   1
  create  Mattiæ               family       1
  create  Mattson              patronymic   1
  create  Matzliach            given        1
  create  Mauritzdotter        patronymic   1
  create  Märta               given        1
  create  Måns                given        1
  create  Månsdotter          patronymic   1
  create  Mårtensdotter       family       1
  create  Mårtensson          family       1
  create  Mechild              given        1
  create  Megala Komnene       family       1
  create  Meiji-tennō          family       1
  create  Meilyr               family       1
  create  Mekonnen             given        1
  create  Mel-ætta             family       1
  create  Melartopaea          family       1
  create  Meldercreutz         family       1
  create  Mele-Nordland        family       1
  create  Menen                given        1
  create  Menved               family       1
  create  Merenre              given        1
  create  Mereta               given        1
  create  Merklin              given        1
  create  Meryt-Neith          given        1
  create  Mesel                family       1
  create  Metalla              family       1
  create  Midtre               family       1
  create  Mieszkowic           family       1
  create  Mieszkówna           family       1
  create  Mikaeli              family       1
  create  Mikaelsdotter-Törne  family       1
  create  Mikalsdatter         patronymic   1
  create  Mikalson             patronymic   1
  create  Mikelsdotter         patronymic   1
  create  Mikolay              given        1
  create  Mikontytär           patronymic   1
  create  Mikoyasu             given        1
  create  Mimer                family       1
  create  Minz                 family       1
  create  Mishima              given        1
  create  Misztiszlavovna      patronymic   1
  create  Miten                family       1
  create  Mitsumoto            given        1
  create  Miyamukasu           given        1
  create  Miyatsuko            family       1
  create  Mochikuni            given        1
  create  Moddansdóttir        patronymic   1
  create  Moderus              family       1
  create  Mogensdatter         family       1
  create  Mogensdotter         patronymic   1
  create  Moi Bygland          family       1
  create  Moijera              family       1
  create  Moilke               family       1
  create  Moilken              family       1
  create  Mojerus              family       1
  create  Monamachos           family       1
  create  Monomachos           family       1
  create  Monomakhina          family       1
  create  Monoszló             family       1
  create  Montelia             family       1
  create  Montfort-Feldkirch   family       1
  create  Moringius            family       1
  create  Moriyo               given        1
  create  Morosu-no-mikoto     given        1
  create  Morthen              given        1
  create  Motoen               given        1
  create  Motokane             given        1
  create  Mstislavsdatter      patronymic   1
  create  Muire                given        1
  create  Mullovia             family       1
  create  Munansson            patronymic   1
  create  Munchensy            family       1
  create  Munetada             given        1
  create  Muneyasu             given        1
  create  Munktelia            family       1
  create  Myklabust            family       1
  create  Månesköld af Seglinge family       1
  create  Mårttensson          patronymic   1
  create  Måse                 family       1
  create  Mæl                  family       1
  create  Mömch                given        1
  create  Møller               given        1
  create  Mørke                family       1
  create  Mœrajarls            family       1
  create  N-Varhaug            family       1
  create  NN1                  given        1
  create  NN2                  given        1
  create  NNS                  given        1
  create  NNdotter             patronymic   1
  create  Nagaaki              given        1
  create  Nagachika            given        1
  create  Nagahira             given        1
  create  Nagamoto             given        1
  create  Naganaga             given        1
  create  Naganobu             given        1
  create  Nagasue              given        1
  create  Nagatada             given        1
  create  Nagatomo             given        1
  create  Nagatoyo             given        1
  create  Nagauji              given        1
  create  Nakakiyo             given        1
  create  Nakhtneith           given        1
  create  Nakkerud             family       1
  create  Naochoku             given        1
  create  Naod                 given        1
  create  Naokiyo              given        1
  create  Naokuni              given        1
  create  Narvesdatter         patronymic   1
  create  Narvesson            patronymic   1
  create  Nassau-Dillenburg    family       1
  create  Naucler              family       1
  create  Nauclera             family       1
  create  Naucléra             family       1
  create  Nauclérus            family       1
  create  Naundalsson          family       1
  create  Navar                given        1
  create  Navarson             patronymic   1
  create  Nebi                 given        1
  create  Nebre                given        1
  create  Nedra                family       1
  create  Nedre Kvinlog        family       1
  create  Nedre Langeid        family       1
  create  Nefer                given        1
  create  Neferkasokar         given        1
  create  Nefja                family       1
  create  Neithhotep           given        1
  create  Neitshe              given        1
  create  Nelson               patronymic   1
  create  Nemtyemsaf           given        1
  create  Nericia              family       1
  create  Nericius             family       1
  create  Nesheim Joa          family       1
  create  Nesvitsky            family       1
  create  Nesøen               family       1
  create  Nesøya               family       1
  create  Nevstein             given        1
  create  Nevsteinsdatter      patronymic   1
  create  Newaya               given        1
  create  Nickes               family       1
  create  Nickes Nix           family       1
  create  Nicodemidotter       patronymic   1
  create  Nicodemusson         patronymic   1
  create  Nicolasdotter        patronymic   1
  create  Nicolasson           patronymic   1
  create  Nicolausdotter       patronymic   1
  create  Nielssen             patronymic   1
  create  Nielsson             patronymic   1
  create  Nikodemidotter       patronymic   1
  create  Nikodemusdotter      patronymic   1
  create  Nikolasdatter        patronymic   1
  create  Nikolausdatter       patronymic   1
  create  Nikolausdotter       patronymic   1
  create  Nikolás              given        1
  create  Nikulasdatter        patronymic   1
  create  Nikulasdotter        patronymic   1
  create  Nilsdotter Ekegren   family       1
  create  Nilsdotter Kollinia  family       1
  create  Nilsdotter Mört      family       1
  create  Nilsdotter Rhen      family       1
  create  Nilsdotter Sternelia family       1
  create  Nishikikoji          family       1
  create  Nising               family       1
  create  Nivelles             family       1
  create  Njaal                given        1
  create  Njeldsdatter         patronymic   1
  create  Njelsdatter          patronymic   1
  create  No name              family       1
  create  Noraea               family       1
  create  Norbø                family       1
  create  Nord Kolnæs          family       1
  create  Nord-Hidle           family       1
  create  Nord-Talgje          family       1
  create  Nord-Tjemsland       family       1
  create  Nord-Øye             family       1
  create  Nordenström          family       1
  create  Nordinamn            given        1
  create  Nordre Glømmen       family       1
  create  Nordre Kvaløy Vågen  family       1
  create  Noreaus              family       1
  create  Norinaga             given        1
  create  Norvenich            family       1
  create  Notberg              family       1
  create  Noígiallach          given        1
  create  När                  family       1
  create  Närke                family       1
  create  Näskonungsson        patronymic   1
  create  Nålem                family       1
  create  Næse                 family       1
  create  Næsmo                family       1
  create  Nöding               family       1
  create  Nøchlebye            family       1
  create  Nǚ                   given        1
  create  O'Néill              family       1
  create  Obitake              given        1
  create  Oblaudsson           family       1
  create  Ochos                given        1
  create  Oddleifsson          family       1
  create  Oddon                given        1
  create  Oddsgård             family       1
  create  Odeland              family       1
  create  Odinsland            given        1
  create  Odonownicowna Piast  family       1
  create  Ogive                given        1
  create  Ogla                 given        1
  create  Ogmundsdatter        family       1
  create  Ogmundsdottir        patronymic   1
  create  Ogmundsen            family       1
  create  Ogmundsen            patronymic   1
  create  Ohn                  given        1
  create  Ohnsdatter           patronymic   1
  create  Ohnsen               patronymic   1
  create  Oiestad              family       1
  create  Okimimi              given        1
  create  Okitaka              given        1
  create  Okuma                given        1
  create  Olafsdatter          patronymic   1
  create  Olafur               given        1
  create  Olalia               given        1
  create  Olausdotter          patronymic   1
  create  Olausson             patronymic   1
  create  Olavsen Skiftun      family       1
  create  Oldenburg-Altbruchausen family       1
  create  Olderman Cronstedt   family       1
  create  Oldsdotter           family       1
  create  Oldsdotter           patronymic   1
  create  Olette               given        1
  create  Olfvir               given        1
  create  Olgerdovich          patronymic   1
  create  Oliba                given        1
  create  Oljeitu              family       1
  create  Olkkala              family       1
  create  Olluf                given        1
  create  Olluffson            patronymic   1
  create  Olof Larsson         family       1
  create  Olofsdatter          patronymic   1
  create  Olofsdotter Angermannia family       1
  create  Olofsdotter Bozæa    family       1
  create  Olofsotter           given        1
  create  Olsen Hana           family       1
  create  Olsgjerd             family       1
  create  Oltesvik             family       1
  create  Oluff                given        1
  create  Olufine              given        1
  create  Olufsdatter          family       1
  create  Olufsdotter          patronymic   1
  create  Olufson              patronymic   1
  create  Olufsson             patronymic   1
  create  Olversdatter         family       1
  create  Olversson            family       1
  create  Olvirsson            family       1
  create  Ommestad             family       1
  create  Ommundsdatter Folkvår family       1
  create  Ommundson            family       1
  create  Omoenia              family       1
  create  Omundsdatter         family       1
  create  Omundsen             family       1
  create  Opheimshagen         family       1
  create  Oppi-Berg            family       1
  create  Orbergsdottir        patronymic   1
  create  Orlacan              given        1
  create  Orm til Vatne        family       1
  create  Ormsdottir           patronymic   1
  create  Osmundsson           patronymic   1
  create  Ospak                given        1
  create  Osteboe              family       1
  create  Osten                given        1
  create  Ostensen             patronymic   1
  create  Osterhild            given        1
  create  Ostmannson           family       1
  create  Ostrogothus Reftelius family       1
  create  Osvifsson            family       1
  create  Otelhildis           given        1
  create  Othilla              given        1
  create  Otomaro              family       1
  create  Otoyama              given        1
  create  Ottarsdatter         patronymic   1
  create  Ottarsson            patronymic   1
  create  Otterson             patronymic   1
  create  Ottesen              patronymic   1
  create  Otuel                given        1
  create  Out                  given        1
  create  Overbach             family       1
  create  Overlacker           family       1
  create  Ovesdatter           patronymic   1
  create  Oveson               patronymic   1
  create  Oxenstierna af Eka Och Lindö family       1
  create  Östensdotter        patronymic   1
  create  P                    given        1
  create  PB                   given        1
  create  Paalsdatter          patronymic   1
  create  Paalsson             patronymic   1
  create  Pacchalenius         family       1
  create  Pahomovna            patronymic   1
  create  Pahrsson             patronymic   1
  create  Paldolf              given        1
  create  Palmsköld            family       1
  create  Palsdatter           patronymic   1
  create  Pantoun              given        1
  create  Pargasensis          family       1
  create  Paroff               family       1
  create  Paschilius           family       1
  create  Paulsson             patronymic   1
  create  Pavonia              family       1
  create  Peder-Torleifsson    family       1
  create  Pederfru             given        1
  create  Pedersdtter          given        1
  create  Pedersøn             patronymic   1
  create  Pedher               given        1
  create  Pelgrim              given        1
  create  Penge                given        1
  create  Persdotter Bjerkenia family       1
  create  Persdotter Norin     family       1
  create  Persson Lycksell     family       1
  create  Persson Stille       family       1
  create  Pesia                given        1
  create  Peterdotter          patronymic   1
  create  Petersdotter         family       1
  create  Peterson             patronymic   1
  create  Petrike              given        1
  create  Petrussen            patronymic   1
  create  Petrè                family       1
  create  Petterson            patronymic   1
  create  Pfinzig              family       1
  create  Pfrützschner         family       1
  create  Pharaoh of Egypt     family       1
  create  Phithia              given        1
  create  Phragmænia           family       1
  create  Pilihild             given        1
  create  Pimentel Enríquez y Toledo family       1
  create  Pires de Bragança    family       1
  create  Pistolekors          family       1
  create  Plancina             family       1
  create  Plantina             given        1
  create  Plogpenning          family       1
  create  Plotnikoff           family       1
  create  Polemaeus            given        1
  create  Polotsk and Kiev     family       1
  create  Polvianer            family       1
  create  Ponces de Baião      family       1
  create  Poppa                given        1
  create  Porphyrogenita       family       1
  create  Porphyrogennetos     family       1
  create  Porthanus            family       1
  create  Praeiecta            given        1
  create  Preljubović          family       1
  create  Pribbert             given        1
  create  Priita               given        1
  create  Priklonskaja         family       1
  create  Probsting von Elbingen family       1
  create  Przemyslid           family       1
  create  Przemyslides         family       1
  create  Pskov                family       1
  create  Pulchra              given        1
  create  Pundsnes             family       1
  create  Pyll                 given        1
  create  Pährsson             family       1
  create  Pärs                 given        1
  create  Pärsdotter           patronymic   1
  create  Pärsson              patronymic   1
  create  Påhl                 family       1
  create  Påhl                 given        1
  create  Påhlsdotter          patronymic   1
  create  Påskesson            family       1
  create  Påvel                given        1
  create  Påwel                given        1
  create  Påwelsson            patronymic   1
  create  Pérez de Lara        family       1
  create  Přemyslid            family       1
  create  Přemyslovec          family       1
  create  Přemyslovec of Bohemia family       1
  create  Qa'a                 given        1
  create  Quinctilia           given        1
  create  Rabenia              family       1
  create  Rafenius             family       1
  create  Rafertach            given        1
  create  Rafoss-Augland       family       1
  create  Raghild              given        1
  create  Ragnilda             given        1
  create  Ragnilde             given        1
  create  Ragnrid              given        1
  create  Ragnvaldi            family       1
  create  Ragnvaldsdatter      family       1
  create  Ragnvaldsson         family       1
  create  Ragvaldsson          family       1
  create  Raihita              given        1
  create  Raijerus             family       1
  create  Raimondetta          given        1
  create  Ramsvig              family       1
  create  Ramírez de Aragón    family       1
  create  Ranesdatter          patronymic   1
  create  Raneson              patronymic   1
  create  Rangela              given        1
  create  Rannveigson          patronymic   1
  create  Rannveigsson         family       1
  create  Rapato               given        1
  create  Rapold               given        1
  create  Rasmusdatter         family       1
  create  Rasmusdatter Reime   family       1
  create  Rasmusdatter.        patronymic   1
  create  Rasmusdotter         family       1
  create  Rasmusdottir         patronymic   1
  create  Rasmusen             patronymic   1
  create  Rasmusparten         family       1
  create  Rasmussdatter        patronymic   1
  create  Rasmusssen           patronymic   1
  create  Raud                 given        1
  create  Raufoss              family       1
  create  Raziye               given        1
  create  Refil                given        1
  create  Refsson              family       1
  create  Refve                family       1
  create  Reginleif            given        1
  create  Regnild              given        1
  create  Rehr                 given        1
  create  Reiarsdotter         patronymic   1
  create  Reiarsen             family       1
  create  Reiarsson            patronymic   1
  create  Reichserbtruchseß    family       1
  create  Reidarsdotter        patronymic   1
  create  Reidarson            patronymic   1
  create  Reierson             patronymic   1
  create  Reinertsdatter       patronymic   1
  create  Reinhert             given        1
  create  Reinholdus           given        1
  create  Reinmodsen           patronymic   1
  create  Reitt                family       1
  create  Rejersen             family       1
  create  Renger               given        1
  create  Rengerssonesdochter  patronymic   1
  create  Rengerssoon          family       1
  create  Rengerssoondr        family       1
  create  Renhold              given        1
  create  Reuter af Skälboö    family       1
  create  Reuterström          family       1
  create  Reyerhan             family       1
  create  Reymar               given        1
  create  Reymarsdatter        patronymic   1
  create  Reyði                given        1
  create  Rhaw                 family       1
  create  Rhind of Carse       family       1
  create  Rhyselia             family       1
  create  Ridderståhle         family       1
  create  Rikardine            given        1
  create  Rimboldsen           patronymic   1
  create  Rimboldt             given        1
  create  Rimboldtsen          family       1
  create  Rimboltsen           family       1
  create  Rimboltsen           patronymic   1
  create  Ringardis            given        1
  create  Ringsdotter          patronymic   1
  create  Ringsson             patronymic   1
  create  Rinnå                family       1
  create  Risvoll              family       1
  create  Rithovius            family       1
  create  Riurikai             family       1
  create  Rjonsdatter          patronymic   1
  create  Roarsdatter          patronymic   1
  create  Rockert              given        1
  create  Rockertson           patronymic   1
  create  Rockstadia           family       1
  create  Rode Røde            family       1
  create  Roderici             family       1
  create  Rogièr               given        1
  create  Rognaldsdatter       patronymic   1
  create  Rognaldsen           patronymic   1
  create  Rognaldson           patronymic   1
  create  Rognaldsson          patronymic   1
  create  Rogvolod             given        1
  create  Rogér                given        1
  create  Rojcewicz            patronymic   1
  create  Rolfson              patronymic   1
  create  Rolfsson             patronymic   1
  create  Rolleivsson          patronymic   1
  create  Rolvsen              patronymic   1
  create  Rolvsætling          family       1
  create  Romholt              family       1
  create  Roos af Hjemsäter    family       1
  create  Rosenhand            family       1
  create  Roshemia             family       1
  create  Rossavig             family       1
  create  Rosstøl              family       1
  create  Rosvadovsky          family       1
  create  Rothais              given        1
  create  Rudbeckia            family       1
  create  Rudbera              family       1
  create  Rudenhielm           family       1
  create  Rudenius             family       1
  create  Rudger               given        1
  create  Rudman               given        1
  create  Rudolphin            family       1
  create  Rukn                 given        1
  create  Rundström            family       1
  create  Runell               given        1
  create  Ruuth Finland        family       1
  create  Rya                  family       1
  create  Rzepicha             given        1
  create  Rádbardsson          patronymic   1
  create  Rännare              family       1
  create  Rättvicensis         family       1
  create  Rådgerd              given        1
  create  Rådgärd              given        1
  create  Rénaud               given        1
  create  Ríka                 family       1
  create  Röbeck               family       1
  create  Rödskägg             given        1
  create  Rögnvaldsdóttir      patronymic   1
  create  Rönkvist             family       1
  create  Röysy                family       1
  create  Rødno                family       1
  create  Røgenes              family       1
  create  Røne                 family       1
  create  Rønnoug              given        1
  create  Røysland-Søre        family       1
  create  Rügen                family       1
  create  Rāma                 family       1
  create  SHRENTZEL            family       1
  create  SOLSHIEM             given        1
  create  Saarbrücken          family       1
  create  Sacklinius           family       1
  create  Sadayo               given        1
  create  Sadayori             given        1
  create  Saffenberg           family       1
  create  Sahlander            family       1
  create  Saksbjørnsdatter     patronymic   1
  create  Saksesdotter         patronymic   1
  create  Salentin             given        1
  create  Salmonius            family       1
  create  Salmonsdatter Utsola family       1
  create  Salmonsdotter        patronymic   1
  create  Salmundsson          patronymic   1
  create  Saloum               given        1
  create  Salveson             patronymic   1
  create  Samborg              given        1
  create  Samsonsdotter        family       1
  create  Samueli              patronymic   1
  create  Samuelintytär        patronymic   1
  create  Samuelssøn           patronymic   1
  create  Sanchet              given        1
  create  Sandbom              family       1
  create  Sandelina            family       1
  create  Sariasen             patronymic   1
  create  Saua                 family       1
  create  Saubrey              family       1
  create  Sauda                family       1
  create  Saxe-Wittenberg      family       1
  create  Saxony-Wittenberg    family       1
  create  Schallerus           family       1
  create  Scharander           family       1
  create  Schefferus adlad Scheffer family       1
  create  Scheiedes            family       1
  create  Scheiffart van Merode family       1
  create  Schemmelkorn         family       1
  create  Schenk von Flechtingen family       1
  create  Scheschonq           given        1
  create  Schierlotta          given        1
  create  Schlud               family       1
  create  Schmedeman           family       1
  create  Schoendle            given        1
  create  Schomera             family       1
  create  Schröder            family       1
  create  Schultunensis        family       1
  create  Schwarzburg          family       1
  create  Schwarzburg-Blankenburg family       1
  create  Schwarzburg-Blankenstein family       1
  create  Schwencken           family       1
  create  Schütte av Sätra     family       1
  create  Scmedeman            family       1
  create  Scorpion             given        1
  create  Scots                family       1
  create  Sebjørnsen           patronymic   1
  create  Sebjørnsson          patronymic   1
  create  Sechnall             family       1
  create  Secunda              given        1
  create  Segebod              given        1
  create  Segebodsen           patronymic   1
  create  Segerbrand           family       1
  create  Segersdotter         patronymic   1
  create  Segolsdotter         patronymic   1
  create  Seitserf             family       1
  create  Semerkhet            given        1
  create  Semmelinge           family       1
  create  Sempronia            family       1
  create  Sempronia-Graccha    family       1
  create  Sendemann            family       1
  create  Seniofredo           given        1
  create  Serethor             given        1
  create  Serk                 given        1
  create  Serker               given        1
  create  Serkerson            patronymic   1
  create  Seth-Peribsen        family       1
  create  Sevat                family       1
  create  Sevatssøn            patronymic   1
  create  Shahr                given        1
  create  Shalma               given        1
  create  Sheba                family       1
  create  Shelmar              given        1
  create  Shesh                given        1
  create  Shigetsune           given        1
  create  Shigeuji             given        1
  create  Shigeyo              given        1
  create  Shprinza             given        1
  create  Shrentzels           family       1
  create  Shuiski              family       1
  create  Shultze              family       1
  create  Shōwa-tennō          family       1
  create  Sibotho              given        1
  create  Siboto               given        1
  create  Sicily de Hauteville family       1
  create  Sidenia              family       1
  create  Sigbjørnsdatter      family       1
  create  Sigerstad            family       1
  create  Siggesdotter         patronymic   1
  create  Siggesson            patronymic   1
  create  Siggo                given        1
  create  Sigmonsdatter        family       1
  create  Sigmund Madland      family       1
  create  Sigmundr             given        1
  create  Sigmundrsdotter      patronymic   1
  create  Sigrlinn             given        1
  create  Sigurdsdottir av Orknøy family       1
  create  Sigurdsson/Engelbrektsson family       1
  create  Sigursson            patronymic   1
  create  Sigurur              given        1
  create  Sigusdson            family       1
  create  Sigvaldsen           patronymic   1
  create  Sigvardsdatter       patronymic   1
  create  Sigvardsen           patronymic   1
  create  Sigvesdatter         patronymic   1
  create  Sigvesen             patronymic   1
  create  Sikelgaita           given        1
  create  Silbo                family       1
  create  Silferstolpe         family       1
  create  Silfverström         family       1
  create  Simeonovich          patronymic   1
  create  Simmingsköld         family       1
  create  Simonida             given        1
  create  Simonis              given        1
  create  Simonis              patronymic   1
  create  Simpson              patronymic   1
  create  Siniluoto            family       1
  create  Sint-Pieters-Leeuw   family       1
  create  Sirene               given        1
  create  Sisebuto             given        1
  create  Siur                 given        1
  create  Siurd                given        1
  create  Siurdsdotter         patronymic   1
  create  Siversdatter         patronymic   1
  create  Siversen             patronymic   1
  create  Sixtensson           patronymic   1
  create  Siöhierta            family       1
  create  Sjablikin            family       1
  create  Sjernarøy            family       1
  create  Sjulsdotter          patronymic   1
  create  Sjursdatter          family       1
  create  Sjurson              family       1
  create  Sjúrðarson           family       1
  create  Skaanoyskjelmer      family       1
  create  Skadsheim            family       1
  create  Skafhoggssen         patronymic   1
  create  Skagadóttir          patronymic   1
  create  Skallagrimur         given        1
  create  Skallagrímsson       patronymic   1
  create  Skalli               family       1
  create  Skanagarskele        family       1
  create  Skeppera             family       1
  create  Skepperus            family       1
  create  Skiljansen           patronymic   1
  create  Skirja Haraldsdotter family       1
  create  Skjalge              family       1
  create  Skjeldnes            family       1
  create  Skjelsnes            family       1
  create  Skjævesland-Omland   family       1
  create  Skleraina            family       1
  create  Skleros              family       1
  create  Skofte               given        1
  create  Skoftesdatter        family       1
  create  Skoftesdatter        patronymic   1
  create  Skoftesen            family       1
  create  Skofteson            patronymic   1
  create  Skoftesson           patronymic   1
  create  Skoland              family       1
  create  Skoptisdóttir        patronymic   1
  create  Skretting Mellomstrand family       1
  create  Skruuf               family       1
  create  Skräddare            family       1
  create  Skudina              family       1
  create  Skulesson            patronymic   1
  create  Skundin              family       1
  create  Skyttehielm          family       1
  create  Skådem               family       1
  create  Skåland              family       1
  create  Skålaneset           family       1
  create  Skåneskader          given        1
  create  Skårvangssola        family       1
  create  Skúlason             patronymic   1
  create  Slede                family       1
  create  Slesia-Brieg         family       1
  create  Slettabø             family       1
  create  Slumpare             family       1
  create  Smedland             family       1
  create  Smedshaug            family       1
  create  Smid                 given        1
  create  Smidsen              patronymic   1
  create  Smiterlöw            family       1
  create  Smiørbalt            family       1
  create  Smjor                family       1
  create  Smoer                family       1
  create  Smyrling             family       1
  create  Smørbjalte           family       1
  create  Snare                given        1
  create  Snaresdatter         patronymic   1
  create  Snorrasson           patronymic   1
  create  Snorresdottir        patronymic   1
  create  Soares               given        1
  create  Sobiesławowic        family       1
  create  Sobirá               family       1
  create  Sokndal              family       1
  create  Solbjør              family       1
  create  Solgasson            patronymic   1
  create  Solgi                given        1
  create  Sollienseie          family       1
  create  Sonderhaug           family       1
  create  Sonska               family       1
  create  Sordal               family       1
  create  Sorheim              family       1
  create  Sou                  given        1
  create  Soutscipper          family       1
  create  Soutscipperssone     family       1
  create  Sołomerecka          family       1
  create  Spak Olofsson        family       1
  create  Spakius              family       1
  create  Spantekow            family       1
  create  Sparre av Vik        family       1
  create  Spilhammar           family       1
  create  Spoleto              family       1
  create  Sprätt               family       1
  create  Staffansdotter       patronymic   1
  create  Stahlbom             family       1
  create  Standorph            family       1
  create  Stangarfylja         family       1
  create  Stangavel            family       1
  create  Statira              given        1
  create  Staudiglin           family       1
  create  Stecksenia           family       1
  create  Stecksenius          family       1
  create  Steendatter          patronymic   1
  create  Steffensdotter       patronymic   1
  create  Stegar               family       1
  create  Stegemans            family       1
  create  Stegor               family       1
  create  Steigar Toreson      family       1
  create  Stein av Væradal     family       1
  create  Stein von Steinhausen family       1
  create  Steinarson           patronymic   1
  create  Steinbru             family       1
  create  Steinstø             family       1
  create  Stenbit              family       1
  create  Stenbock af Bogesund family       1
  create  Stengavel            family       1
  create  Stensen              patronymic   1
  create  Sternelia            family       1
  create  Stigsdatter          patronymic   1
  create  Stigzelia            family       1
  create  Stillerus            family       1
  create  Stjerneroos          family       1
  create  Stjerneros           family       1
  create  Stjernroos           family       1
  create  Stjernvall-Walleen   family       1
  create  Stjärna              family       1
  create  Stoislaw             given        1
  create  Stokdal              family       1
  create  Stokkedal            family       1
  create  Stongaland           family       1
  create  Stora                given        1
  create  Store                given        1
  create  Stovreim             family       1
  create  Stovrheim            family       1
  create  Strachkvas           given        1
  create  Stromman             family       1
  create  Strykare             family       1
  create  Strömfeldt           family       1
  create  Strömsköld           family       1
  create  Stud                 family       1
  create  Stusvig              family       1
  create  Stutt Ormsson        family       1
  create  Styrkarsson          patronymic   1
  create  Styrkårson          family       1
  create  Styv                 family       1
  create  Stålbohm             family       1
  create  Stålesen             patronymic   1
  create  Stålesson            patronymic   1
  create  Størkard             given        1
  create  Suekage              given        1
  create  Suekata              given        1
  create  Suesada              given        1
  create  Sueyasu              given        1
  create  Suibne               given        1
  create  Sunesen              patronymic   1
  create  Sunnerberg           family       1
  create  Sunnmore             family       1
  create  Sursill              family       1
  create  Sushkova             family       1
  create  Suðreyjar            given        1
  create  Svaavesdatter        patronymic   1
  create  Svales               given        1
  create  Svaleson             patronymic   1
  create  Svalesson            patronymic   1
  create  Svantepolk           family       1
  create  Svantepolk           given        1
  create  Svantepolks          given        1
  create  Svantesdotter        patronymic   1
  create  Svantevold           family       1
  create  Svare av Klosterhof  family       1
  create  Svarthen             family       1
  create  Svave                given        1
  create  Svavedatter          patronymic   1
  create  Svedberg Stierna     family       1
  create  Sveinsen             family       1
  create  Sveinssen            patronymic   1
  create  Svendatter           patronymic   1
  create  Svendson             family       1
  create  Svendsøn             family       1
  create  Svendsøn             patronymic   1
  create  Svenkesdatter        patronymic   1
  create  Svenkesdotter        patronymic   1
  create  Svenkeson            patronymic   1
  create  Svenonis             patronymic   1
  create  Sverige              family       1
  create  Sverkersdatter       patronymic   1
  create  Sverkerska Kungaätten family       1
  create  Svertingsdóttir      patronymic   1
  create  Sviatopolkovich      patronymic   1
  create  Sviatopolkovna       patronymic   1
  create  Sviatoslavich        patronymic   1
  create  Svinakulla           family       1
  create  Svyatopolk           given        1
  create  Svän                 given        1
  create  Svåva                given        1
  create  Swartström           family       1
  create  Swebilia             family       1
  create  Swedburgh            family       1
  create  Swedelius            family       1
  create  Sweyn                given        1
  create  Sweynsson            patronymic   1
  create  Swigger              given        1
  create  Swinton of that Ilk  family       1
  create  Swiring              family       1
  create  Sworere              family       1
  create  Sylfestsen           patronymic   1
  create  Symphoria            given        1
  create  Synadene             family       1
  create  Syr                  family       1
  create  Syversen             patronymic   1
  create  Syversson            patronymic   1
  create  Såve                 given        1
  create  Såveson              patronymic   1
  create  Sæbjørnsen           patronymic   1
  create  Sæbjørnson           patronymic   1
  create  Sæbjørnsson          patronymic   1
  create  Sæd                  family       1
  create  Sæmundardóttir       patronymic   1
  create  Söfrinsdatter        patronymic   1
  create  Sölvör               given        1
  create  Sörensson            patronymic   1
  create  Søfrenson            patronymic   1
  create  Søndre               family       1
  create  Sønneve              given        1
  create  Sør Kolnes           family       1
  create  Sør Tjemsland        family       1
  create  Søre Kalberg         family       1
  create  Søre-Sunde           family       1
  create  Sørensdatter         family       1
  create  Sørensson            patronymic   1
  create  Süsskind             given        1
  create  SĪTĀ                 given        1
  create  TORKILS              given        1
  create  TUMASON              patronymic   1
  create  Tabite               given        1
  create  Tabito               given        1
  create  Tacku                family       1
  create  Tadakage             given        1
  create  Taishō-tennō         family       1
  create  Takakatsu            given        1
  create  Takamago             given        1
  create  Takanou              given        1
  create  Takatsuna            given        1
  create  Takelot              given        1
  create  Talette              given        1
  create  Talje                family       1
  create  Tallakson            patronymic   1
  create  Tames                given        1
  create  Tamine               family       1
  create  Tammelinus           family       1
  create  Tananger             family       1
  create  Tandberg av Kvie     family       1
  create  Tao-Klarjeti         family       1
  create  Taralsdatter         patronymic   1
  create  Targjerd             given        1
  create  Tarjeison            patronymic   1
  create  Taruhito             given        1
  create  Taylzeour            family       1
  create  Tecklo               family       1
  create  Teitsson             family       1
  create  Teitsson             patronymic   1
  create  Telipinu             given        1
  create  Tellingius           family       1
  create  Terentjevitj         given        1
  create  Tersmeden Cedercreutz family       1
  create  Teutonic             given        1
  create  Thakur               given        1
  create  Thamme               given        1
  create  Thelingius           family       1
  create  Theodechildis        given        1
  create  Theoline             given        1
  create  Thermaenia           family       1
  create  Thermoenius          family       1
  create  Thermænia            family       1
  create  Theutberga           given        1
  create  Thietburg            given        1
  create  Thomae               patronymic   1
  create  Thomasen             patronymic   1
  create  Thompson             patronymic   1
  create  Thomæ                patronymic   1
  create  Thoraren             given        1
  create  Thorarensson         patronymic   1
  create  Thorasdottir         patronymic   1
  create  Thorbard             given        1
  create  Thorbergsson         patronymic   1
  create  Thorbjornsson        patronymic   1
  create  Thorbjórg            given        1
  create  Thordsdatter         patronymic   1
  create  Thoreson             patronymic   1
  create  Thoresson            patronymic   1
  create  Thorgrimsdottor      family       1
  create  Thorhallsdatter      family       1
  create  Thorine              given        1
  create  Thorirsson           patronymic   1
  create  Thorkellsson         family       1
  create  Thorkelsdóttir       patronymic   1
  create  Thorkelsson          patronymic   1
  create  Thorkildsdatter      patronymic   1
  create  Thorleiksson         family       1
  create  Thorleivsson         patronymic   1
  create  Thorsteinsdatter     patronymic   1
  create  Thorun               given        1
  create  Thorved              given        1
  create  Thrand               given        1
  create  Thukra               given        1
  create  Thuneria             family       1
  create  Thuresson            patronymic   1
  create  Thuronius            family       1
  create  Théel                family       1
  create  Thøri                given        1
  create  Tidemansson          patronymic   1
  create  Timansdotter         patronymic   1
  create  Timonsdotter         patronymic   1
  create  Tjeran               given        1
  create  Tjerandsdatter Aase  family       1
  create  Tjerandsen           family       1
  create  Tjodolf              given        1
  create  Tjodolvsson          family       1
  create  Tjorvard             given        1
  create  Tjorvardsen          patronymic   1
  create  Tjärn                family       1
  create  Tjøstolvsen          patronymic   1
  create  Tobiasson            patronymic   1
  create  Todni                given        1
  create  Tofue                given        1
  create  Tofuesson            patronymic   1
  create  Tokesen              family       1
  create  Tokimi               given        1
  create  Tokimichi            given        1
  create  Tokinobu             given        1
  create  Tokitaka             given        1
  create  Tokiyo               given        1
  create  Tolfsson             patronymic   1
  create  Tollach              given        1
  create  Tollaksson           patronymic   1
  create  Tolleif              given        1
  create  Tolleivsdatter Gare  family       1
  create  Tolleivsen           family       1
  create  Tollevson            family       1
  create  Tollsten             family       1
  create  Tolve                given        1
  create  Tolvesdotter         patronymic   1
  create  Tomasdatter          patronymic   1
  create  Tomasson             family       1
  create  Tomomoto             given        1
  create  Tomonaga             given        1
  create  Tonetta              given        1
  create  Toraldesdatter       patronymic   1
  create  Toraldeson           patronymic   1
  create  Toraldesson          patronymic   1
  create  Toraldsdatter        patronymic   1
  create  Torarson             family       1
  create  Torarson             patronymic   1
  create  Torbergsdotter       patronymic   1
  create  Torbergsdottir       patronymic   1
  create  Torbergson           patronymic   1
  create  Torbiörnsson         patronymic   1
  create  Torbjorn             given        1
  create  Torbjornsdatter      patronymic   1
  create  Torbjörnsson         family       1
  create  Torchel              given        1
  create  Torchelsdatter       patronymic   1
  create  Torchild             given        1
  create  Tordenkrans          family       1
  create  Tordson              family       1
  create  Toressøn             patronymic   1
  create  Torfinnson           patronymic   1
  create  Torgardssen          patronymic   1
  create  Torgaut              given        1
  create  Torgautsdotter       patronymic   1
  create  Torgeirssen          patronymic   1
  create  TorgerTaraldson      patronymic   1
  create  Torgildsen           patronymic   1
  create  Torgilson            patronymic   1
  create  Torgjer              given        1
  create  Torgjersdatter       patronymic   1
  create  Torgundsson          patronymic   1
  create  Torine               given        1
  create  Torjeison            patronymic   1
  create  Torkelsdatter        family       1
  create  Torkildson           patronymic   1
  create  Torkjellsson         patronymic   1
  create  Torkjelson           patronymic   1
  create  Torlaksdatter        patronymic   1
  create  Torleifsdotter       patronymic   1
  create  Torleifsson          patronymic   1
  create  Torleik              family       1
  create  Torleik              given        1
  create  Torleiksson          patronymic   1
  create  Torleivsson          patronymic   1
  create  Tormodsen            family       1
  create  Tormodson            family       1
  create  Tormosdotter         family       1
  create  Tormosdotter         patronymic   1
  create  Tormosdotter Ström   family       1
  create  Torne                given        1
  create  Tornikina            family       1
  create  Torresdotter         patronymic   1
  create  Tors                 given        1
  create  Torsdatter           family       1
  create  Torsk                family       1
  create  Torsteinssen         patronymic   1
  create  Torusdatter          patronymic   1
  create  Torvaldsdatter       patronymic   1
  create  Torvidsson           patronymic   1
  create  Toshinaga            given        1
  create  Tostesdotter         patronymic   1
  create  Tostig               given        1
  create  Tostigson            patronymic   1
  create  Toutin               family       1
  create  Toyba                given        1
  create  Toyomasa             given        1
  create  Toyomi               given        1
  create  Toyomochi            given        1
  create  Toyotoshi            given        1
  create  Tranchelius          family       1
  create  Tranchiöld           family       1
  create  Tranæa               family       1
  create  Traubtzig            family       1
  create  Trayan               given        1
  create  Tre Musslor          family       1
  create  Tre Roser            family       1
  create  Trencavel            family       1
  create  Tresk                family       1
  create  Troianus             given        1
  create  Trommeslager         family       1
  create  Tromslager           family       1
  create  Trondesen            family       1
  create  Tronds Rustung       family       1
  create  Trondsdatter         family       1
  create  Trondssøn            patronymic   1
  create  Trondsønn            patronymic   1
  create  Tronsdotter          patronymic   1
  create  Tronsen              patronymic   1
  create  Tronstveit           family       1
  create  Trua                 given        1
  create  Trudesdatter         patronymic   1
  create  Tryggvesdatter       patronymic   1
  create  Tryggvesdotter       patronymic   1
  create  Tryggvesson          patronymic   1
  create  Trygvesen            patronymic   1
  create  Træfald              family       1
  create  Tsedaka              given        1
  create  Tsuginaga            given        1
  create  Tsunemoto            given        1
  create  Tsunesuke            given        1
  create  Tsunetaka            given        1
  create  Tsunetoshi           given        1
  create  Tsusa-no-mikoto      given        1
  create  Tuchete              family       1
  create  Tughril              given        1
  create  Tullesen             patronymic   1
  create  Tumadottir           patronymic   1
  create  Tumason              patronymic   1
  create  Tumesdatter          patronymic   1
  create  Tumisdottir          patronymic   1
  create  Tunderfelt           family       1
  create  Tungeland            family       1
  create  Tunmark              family       1
  create  Turesen              patronymic   1
  create  Turid                family       1
  create  Turosdotter          patronymic   1
  create  Tuschier             family       1
  create  Tuvan                family       1
  create  Tveida               family       1
  create  Tveiti               family       1
  create  Tvillinger           given        1
  create  Tviskaven            family       1
  create  Tvärre               family       1
  create  Tygesdatter          patronymic   1
  create  Tytland              family       1
  create  Tzimiskēs            given        1
  create  Téllez-Girón y Enríquez de Ribera family       1
  create  Tönnis               given        1
  create  Töresson             patronymic   1
  create  Törne                given        1
  create  Tønnesen             patronymic   1
  create  Tøre                 given        1
  create  Tørresen             patronymic   1
  create  Tørresson Grannes    family       1
  create  Tübingen-Lichtenegg  family       1
  create  Udalriching          given        1
  create  Uddeson              patronymic   1
  create  Uddsson              family       1
  create  Udilhilde            given        1
  create  Ugjæva               family       1
  create  Uglich               family       1
  create  Uhlbom               family       1
  create  Ukatsu               given        1
  create  Ukj                  given        1
  create  Ulf till Horsnäs     family       1
  create  Ulfhilde             given        1
  create  Ulhaegius            family       1
  create  Ulhegius             family       1
  create  Ullensvang           family       1
  create  Ullrik               given        1
  create  Ulvaseson            family       1
  create  Ulvaseson            patronymic   1
  create  Ulvhedin             given        1
  create  Ulvhedinsen          patronymic   1
  create  Ulvhild              family       1
  create  Ulvilde              given        1
  create  Ulvsson              patronymic   1
  create  Ulvåseson            patronymic   1
  create  Ulyanin              family       1
  create  Unagami              given        1
  create  Unakami              family       1
  create  Undenius             family       1
  create  Underhaugen          family       1
  create  Unichowska           family       1
  create  Unosson              patronymic   1
  create  Unruoch              given        1
  create  Uppstad              family       1
  create  Urbanowicz           patronymic   1
  create  Ursilia              given        1
  create  Utskjo               family       1
  create  Utso                 given        1
  create  Utsoladatter         family       1
  create  VON SCHWABEN         family       1
  create  Vagnadottir          patronymic   1
  create  Vagnadottír          family       1
  create  Vagnadóttir          patronymic   1
  create  Valavičiūtė          family       1
  create  Valdemarsen          patronymic   1
  create  Valdemarsøn          family       1
  create  Valentinsdatter      patronymic   1
  create  Valentinsdotter      patronymic   1
  create  Valevska             given        1
  create  Valgjerd             given        1
  create  Vallenberg           family       1
  create  Vallerström          family       1
  create  Vallim               family       1
  create  Van Boulogne         family       1
  create  Van Der Huus         family       1
  create  Van Leiningen Westerburg family       1
  create  Vatnarsson           patronymic   1
  create  Vatnedal             family       1
  create  Vatnekvam            family       1
  create  Vatnemot             family       1
  create  Vaudemont            family       1
  create  Vebrand              given        1
  create  Vebrandsdatter       patronymic   1
  create  Vegardson            patronymic   1
  create  Veidekonge           family       1
  create  Velaine              given        1
  create  Velasen              patronymic   1
  create  Vellesdatter         patronymic   1
  create  Vellum               given        1
  create  Velthusen            patronymic   1
  create  Vemundsson           patronymic   1
  create  Verland              family       1
  create  Vermund              given        1
  create  Vesetesdatter        patronymic   1
  create  Vesteren             family       1
  create  Vestersjø            family       1
  create  Vetlesdatter         patronymic   1
  create  Vetteland            family       1
  create  Veðrar-Grímsson      family       1
  create  Victurnian           given        1
  create  Vidame D'amiens      family       1
  create  Vidkunsson           patronymic   1
  create  Vigleison            patronymic   1
  create  Viglesdalen          family       1
  create  Vikeså               family       1
  create  Vikingdotter         patronymic   1
  create  Vilhelmsdotter       patronymic   1
  create  Vilhjalm             given        1
  create  Vilhjalmsdotter      patronymic   1
  create  Vilhjemson           patronymic   1
  create  Villumson            patronymic   1
  create  Vippa                family       1
  create  Vitashoka            given        1
  create  Vitusdatter          patronymic   1
  create  Vl                   given        1
  create  Vladimir Volynsk     family       1
  create  Vlodimiro-Volynsk    family       1
  create  Volodar              given        1
  create  Volodaraitė          family       1
  create  Von Dagersheim       family       1
  create  Von Dalen            family       1
  create  Von Kiessel          family       1
  create  Von Papenheim        family       1
  create  Von Staufen          family       1
  create  Von Vinstingen       family       1
  create  Von Wassenberg       family       1
  create  Vorchtel             family       1
  create  Vormestand           family       1
  create  Vrouw                given        1
  create  Vrål                 given        1
  create  Vrålsdatter          patronymic   1
  create  Vselavich            given        1
  create  Vseslavich           patronymic   1
  create  Vukanovic            patronymic   1
  create  Vukanović            patronymic   1
  create  Våhlander            family       1
  create  Vålnes               family       1
  create  Våxnäs               family       1
  create  Vædder-Grim          given        1
  create  Vænman               family       1
  create  Vífilsson            patronymic   1
  create  Víkingadóttir        patronymic   1
  create  Waelt                family       1
  create  Wagenia              family       1
  create  Wahl                 given        1
  create  Wahl Katzenellenbogen family       1
  create  Wahlros              family       1
  create  Waimar               given        1
  create  Wakatakehiko         given        1
  create  Walderström          family       1
  create  Waldia               family       1
  create  Waldstromerin        family       1
  create  Wallenia             family       1
  create  Wallenstierna        family       1
  create  Wallerström          family       1
  create  Wallette             given        1
  create  Wallroos             family       1
  create  Wallwik              family       1
  create  Walteri              patronymic   1
  create  Waléran              given        1
  create  Wandelberte          given        1
  create  Wangelsten           given        1
  create  Warine               family       1
  create  Warnmark             family       1
  create  Warpke               family       1
  create  Wattrang             family       1
  create  Weissmann von Weissenstein family       1
  create  Welamina             given        1
  create  Welamsdotter         patronymic   1
  create  Welfen               family       1
  create  Wellam               given        1
  create  Wermelandus          family       1
  create  Wessex               family       1
  create  Westerllng           family       1
  create  Wether               family       1
  create  Wettin               family       1
  create  Wettiner             family       1
  create  Wiense               family       1
  create  Wigia                family       1
  create  Wiho                 given        1
  create  Wilhelmsdotter       patronymic   1
  create  Wilhelmsen           patronymic   1
  create  Wilhelmsson          patronymic   1
  create  Wincentzsdatter      patronymic   1
  create  Winecker             family       1
  create  Wirtenberg           family       1
  create  Wirænia Cederstierna family       1
  create  Wirænius             family       1
  create  Wisigarda            given        1
  create  Wittmeijer           family       1
  create  Woizero              given        1
  create  Wolcker              family       1
  create  Wolfaertsdr          patronymic   1
  create  Wonsmos              family       1
  create  Wrangel af Sage och Waschel family       1
  create  Wred                 given        1
  create  Wrede af Elimä       family       1
  create  Wrymouth             given        1
  create  Wulfnothsson         patronymic   1
  create  Wulfsson             patronymic   1
  create  Xlll                 given        1
  create  Xuanyuan             given        1
  create  Yaacob               family       1
  create  Yakuno               given        1
  create  Yaropolkovna         patronymic   1
  create  Yasukiyo泰清           given        1
  create  Yasutsune            given        1
  create  Yasuyori             given        1
  create  Yckenberg            family       1
  create  Yehiel               given        1
  create  Yitzhak              family       1
  create  Yleskog              family       1
  create  Yngvildr             given        1
  create  Yngwin               given        1
  create  Yorifusa             given        1
  create  Yorihide             given        1
  create  Yorikage             given        1
  create  Yorikiyo             given        1
  create  Yorinaka             given        1
  create  Yorinori             given        1
  create  Yoritada             given        1
  create  Yoritoki             given        1
  create  Yoritoyo             given        1
  create  Yoshikiyo義清          given        1
  create  Yoshitoshi           given        1
  create  Yosinot              given        1
  create  Yrjar                family       1
  create  Yrjönpoika           patronymic   1
  create  Yrkje                family       1
  create  Ytre Daasvatn        family       1
  create  Ytre Dåsvatn         family       1
  create  Yukikane             given        1
  create  Yukimoto             given        1
  create  Yuxiong              given        1
  create  Zachariasson         patronymic   1
  create  Zachariæ             patronymic   1
  create  Zachrichsson         family       1
  create  Zachrisdotter        patronymic   1
  create  Zariea               given        1
  create  Zawisza-Kieżgajło    family       1
  create  Zecharia             given        1
  create  Zeisel               given        1
  create  Zentaka              given        1
  create  Zepherin             family       1
  create  Zindel               given        1
  create  Zvenigorod           family       1
  create  Zütfeld              given        1
  create  adlad                family       1
  create  af Adinal            family       1
  create  af Berga             family       1
  create  af Boo               family       1
  create  af Broxvik           family       1
  create  af Brunér            family       1
  create  af Buren             family       1
  create  af Bålby             family       1
  create  af Fogelvik          family       1
  create  af Fullerö           family       1
  create  af Harmens           family       1
  create  af Horsnäs           family       1
  create  af Johannishus       family       1
  create  af Kanckas           family       1
  create  af Karlö             family       1
  create  af Leufsta           family       1
  create  af Minsk             family       1
  create  af Odenkat           family       1
  create  af Palén             family       1
  create  af Rosenschöld       family       1
  create  af Sauss             family       1
  create  af Segerstad         family       1
  create  af Seglinge          family       1
  create  af Skälboö           family       1
  create  af Spurila           family       1
  create  af Söderling         family       1
  create  al-Dawla             given        1
  create  al-Mubarak           given        1
  create  al-Narboni           family       1
  create  ap Caradog           patronymic   1
  create  ap Cynwrig           patronymic   1
  create  ap Dafydd            patronymic   1
  create  ap Gronwy            patronymic   1
  create  ap Gruffyd           patronymic   1
  create  ap Heilin Gloff      patronymic   1
  create  ap Hywel             patronymic   1
  create  ap Iorwerth Fychan   patronymic   1
  create  ap Rhys              patronymic   1
  create  ap Thomas Vaughan    patronymic   1
  create  av Aurland           family       1
  create  av Brehna            family       1
  create  av Danmark           family       1
  create  av Flandern          family       1
  create  av Henneberg-Aschach family       1
  create  av Hålogaland        family       1
  create  av Namur             family       1
  create  av Orkney            family       1
  create  av Orlamünde         family       1
  create  av Rein              family       1
  create  av Sande             family       1
  create  av Sätra             family       1
  create  av Sørum             family       1
  create  av Tornberg          family       1
  create  av Trondheim         family       1
  create  av Vatne             family       1
  create  av Västergötland     family       1
  create  bat Yehiel Luria of Brisk patronymic   1
  create  ben Hizkiya          patronymic   1
  create  ben Shlomo           patronymic   1
  create  ben Yehudah          patronymic   1
  create  ben Zakkai           patronymic   1
  create  bin Abdullah         patronymic   1
  create  bin Mikail           patronymic   1
  create  bint Sham'un         patronymic   1
  create  d'Ancy-le-Franc      family       1
  create  d'Anduze             family       1
  create  d'Angelica           family       1
  create  d'Apchier            family       1
  create  d'Ardres             family       1
  create  d'Argengau           family       1
  create  d'Arlon              family       1
  create  d'Auxy               family       1
  create  d'Héristal           family       1
  create  d'Oisy d'Avesnes     family       1
  create  d'Ongnies            family       1
  create  d'Évreux             family       1
  create  da Montefeltro       family       1
  create  da Saxonia           family       1
  create  de Alagón            family       1
  create  de Aragon            family       1
  create  de Ataíde            family       1
  create  de Atholl of Glenerochie family       1
  create  de Aumale            family       1
  create  de Baliol            family       1
  create  de Bar-sur-Seine     family       1
  create  de Bas-Serra         family       1
  create  de Baudement         family       1
  create  de Baudément         family       1
  create  de Bayon             family       1
  create  de Bayon de Lorraine family       1
  create  de Bearn             family       1
  create  de Beaugency         family       1
  create  de Bergerac          family       1
  create  de Blois-Champagne   family       1
  create  de Blâmont           family       1
  create  de Bois Ferrand      family       1
  create  de Borgoña           family       1
  create  de Borja y Enriquez de Luna family       1
  create  de Boulogne-Blois    family       1
  create  de Bourbon Dampierre family       1
  create  de Bragança e Ligne de Sousa Tavares Mascarenhas da Silva family       1
  create  de Broyes-Commercy   family       1
  create  de Bryan             family       1
  create  de Bénévento         family       1
  create  de Cambrai           family       1
  create  de Castro Alvarez Osorio family       1
  create  de Caumont la Force  family       1
  create  de Celanova          family       1
  create  de Cerdanya          family       1
  create  de Chalon et Troyes  family       1
  create  de Champagne-Blois   family       1
  create  de Chateauvillain    family       1
  create  de Châtillon sur Marne family       1
  create  de Corbonais         family       1
  create  de Couesme           family       1
  create  de Cromwell          family       1
  create  de Desvres           family       1
  create  de Enver             family       1
  create  de Falaise           family       1
  create  de Frioul            family       1
  create  de Gdańsk            family       1
  create  de Gelas             family       1
  create  de Genève            family       1
  create  de Girón             family       1
  create  de Grandison         family       1
  create  de Guines            family       1
  create  de Gâtinais          family       1
  create  de Gévaudan          family       1
  create  de Gévaudan-Brioude  family       1
  create  de Hainault          family       1
  create  de Haspengouw        family       1
  create  de Haute-Lotharingie family       1
  create  de Haveskercke       family       1
  create  de Hesbaye           family       1
  create  de Huntingdon        family       1
  create  de Joinville         family       1
  create  de L'Isle-Jourdain   family       1
  create  de La Roche-sur-l'Ognon family       1
  create  de La Rochefoucaud   family       1
  create  de Landen            family       1
  create  de Laon              family       1
  create  de Latimer           family       1
  create  de Lens              family       1
  create  de Lorena            family       1
  create  de Lutzelbourg       family       1
  create  de Luyrieux          family       1
  create  de Marez             family       1
  create  de Mont Jean des Barres family       1
  create  de Montagu           family       1
  create  de Montboissier Beauffort Canillac family       1
  create  de Montgomery        family       1
  create  de Montlhery         family       1
  create  de Montreal de Beauvoir family       1
  create  de Monyorókerék      family       1
  create  de Multon            family       1
  create  de Mâcon             family       1
  create  de Nantes            family       1
  create  de Nesle             family       1
  create  de Newburgh          family       1
  create  de Ogilvy            family       1
  create  de Orozco            family       1
  create  de Oste              family       1
  create  de Padilla y Manrique family       1
  create  de Pailhars          family       1
  create  de Pallars Sobirà    family       1
  create  de Poitou            family       1
  create  de Portugal          family       1
  create  de Prades            family       1
  create  de Périgord          family       1
  create  de Rennes            family       1
  create  de Richelle Roxelle  family       1
  create  de Ross              family       1
  create  de Rye               family       1
  create  de Sable             family       1
  create  de Saint Omer        family       1
  create  de Saint-Nectaire    family       1
  create  de Saint-Valery      family       1
  create  de Sainte Maure      family       1
  create  de Savoie Molettes   family       1
  create  de Sempy             family       1
  create  de Soverosa          family       1
  create  de Stigand           family       1
  create  de Stuteville        family       1
  create  de Tancarville       family       1
  create  de Tours             family       1
  create  de Valencia          family       1
  create  de Verendia          family       1
  create  de Vergy             family       1
  create  de Vesci             family       1
  create  de Vierzon           family       1
  create  de Vilhena           family       1
  create  de Vipont            family       1
  create  de Vivar             family       1
  create  de Walcourt          family       1
  create  de Walhain Glymes    family       1
  create  de Welfos            family       1
  create  de Werchin           family       1
  create  de Wessington        family       1
  create  de Woevre            family       1
  create  den Fundne           family       1
  create  den Hvite            family       1
  create  den Sterke           family       1
  create  den äldre            family       1
  create  des Francs           family       1
  create  di Bassavilla        family       1
  create  di Canossa           family       1
  create  di Tocco             family       1
  create  di Toscana           family       1
  create  domheer              family       1
  create  drengebarn           given        1
  create  du Perche            family       1
  create  ektefelle            given        1
  create  ferch Cadifor        patronymic   1
  create  fitz Conan           patronymic   1
  create  fra Bjarkøy          family       1
  create  fra Giske            family       1
  create  fra Irland Sudrøyane family       1
  create  from Poitou to Bouzonville family       1
  create  från                 family       1
  create  ha'Åbtå'i            family       1
  create  hausakljúfr          given        1
  create  hjorthorn            family       1
  create  hvíti                given        1
  create  ibn ʿAwkal           patronymic   1
  create  ibn ʿAwkal, Nasi, Nagid of Fustat and Rome patronymic   1
  create  ingen Cearbhaill     family       1
  create  ingen Cináed         family       1
  create  ingen Kenneth        family       1
  create  ingen Mael Secnaill  family       1
  create  iš Polocko           family       1
  create  la Warre             family       1
  create  le Boteler           family       1
  create  le Botiller          family       1
  create  le Scot              family       1
  create  lubuski              given        1
  create  mac Aodh             patronymic   1
  create  mac Donnchad         patronymic   1
  create  mac Dúnlainge        patronymic   1
  create  mac Eanric           patronymic   1
  create  mac Eógan            patronymic   1
  create  mac Fergal           patronymic   1
  create  mac Mael Fithrich King of Ailech patronymic   1
  create  mother               family       1
  create  nedre                given        1
  create  nedre Øxnevad        family       1
  create  nnson                family       1
  create  nær                  family       1
  create  op den Graeff        family       1
  create  oławski              given        1
  create  petty in Northern Ostlandet of Norway family       1
  create  skáldaspillir        given        1
  create  småkonge             family       1
  create  synów Mściwoja       family       1
  create  til Sigerstad        family       1
  create  til Skarsholm        family       1
  create  til Tomb             family       1
  create  till Finsta          family       1
  create  till Gamla Karleby   family       1
  create  van Avenne           family       1
  create  van Beieren-Schagen  family       1
  create  van Boergondië-Bredam family       1
  create  van Borsselen        family       1
  create  van Breda-Schoten    family       1
  create  van Dagsburg         family       1
  create  van Flodrop          family       1
  create  van Gaasbeek         family       1
  create  van Gelre            family       1
  create  van Goor van Twente  family       1
  create  van Halt             family       1
  create  van Henegouwen       family       1
  create  van Hesse            family       1
  create  van Langerak         family       1
  create  van Laurens          family       1
  create  van Loevenstein      family       1
  create  van Lotharingen      family       1
  create  van Mochental        family       1
  create  van Putelendorf      family       1
  create  van Schoonhoven      family       1
  create  van Vestfold of Upsalla of Sweden family       1
  create  van Vlaanderen       family       1
  create  van Wassenberg       family       1
  create  van der Lecke        family       1
  create  van valkenier        family       1
  create  verch Gruffudd       patronymic   1
  create  verch Iorwerth       patronymic   1
  create  verch John           patronymic   1
  create  verch Tudur          patronymic   1
  create  vintappare           family       1
  create  vom                  family       1
  create  vom Filsgau          family       1
  create  vom Walde            family       1
  create  vom Wormsgau         family       1
  create  von Aderkas          family       1
  create  von Aich             family       1
  create  von Aichelberg       family       1
  create  von Altdorf          family       1
  create  von Anrep            family       1
  create  von Ballenstedt      family       1
  create  von Bamberg          family       1
  create  von Baranoff         family       1
  create  von Bellingen        family       1
  create  von Berends          family       1
  create  von Bickenbach       family       1
  create  von Birckholtz       family       1
  create  von Blessingh        family       1
  create  von Blieskastel      family       1
  create  von Bohemia          family       1
  create  von Bolanden         family       1
  create  von Bratt            family       1
  create  von Braunschweig-Lüneburg family       1
  create  von Braunschweig-Wolfenbüttel family       1
  create  von Bregenz-Pfullendorf family       1
  create  von Brundert         family       1
  create  von Budberg          family       1
  create  von Bulow            family       1
  create  von Busseck          family       1
  create  von Böckenförde-Schüngel family       1
  create  von Calw             family       1
  create  von Calw-Löwenstein  family       1
  create  von Cleves           family       1
  create  von Conowen          family       1
  create  von Cronberg-Kronen  family       1
  create  von Diessen          family       1
  create  von Dillingen        family       1
  create  von Dollendorf       family       1
  create  von Ebersburg        family       1
  create  von Eilsz            family       1
  create  von Eschenbach       family       1
  create  von Essen af Zellie  family       1
  create  von Falztburg        family       1
  create  von Filsgau          family       1
  create  von Flodroff         family       1
  create  von Forbach          family       1
  create  von Fraunberg        family       1
  create  von Friedrichs       family       1
  create  von Gelre            family       1
  create  von Geroldseck       family       1
  create  von Glaen            family       1
  create  von Goetzel          family       1
  create  von Groitzsch        family       1
  create  von Grögling-Hirschberg family       1
  create  von Gundelfingen     family       1
  create  von Güntersberch     family       1
  create  von Güntersberg vel Kaliska family       1
  create  von Hagemeister      family       1
  create  von Hagendorn        family       1
  create  von Hagenhausen      family       1
  create  von Haldensleben-Nordmark family       1
  create  von Halland          family       1
  create  von Hamaland         family       1
  create  von Hammerstein      family       1
  create  von Hegardt          family       1
  create  von Heijne-Lillienberg family       1
  create  von Heinsberg-Valkenburg family       1
  create  von Helmstatt        family       1
  create  von Henneberg von Zutpen family       1
  create  von Henneberg-Hartenberg family       1
  create  von Henneberg-Schleusingen family       1
  create  von Hertzfelt        family       1
  create  von Hesten           family       1
  create  von Hillen           family       1
  create  von Hohenlohe-Kirchberg family       1
  create  von Hohenlohe-Langenburg family       1
  create  von Hohenlohe-Rottingen family       1
  create  von Holstein-Schauenburg family       1
  create  von Homberg          family       1
  create  von Hässling         family       1
  create  von Isenburg-Grenzau family       1
  create  von Jerichow         family       1
  create  von Julbach          family       1
  create  von Jülich-Berg      family       1
  create  von Jürgensburg      family       1
  create  von Kalitin          family       1
  create  von Katlenburg       family       1
  create  von Ketteler zu Assen family       1
  create  von Kleve            family       1
  create  von Klinckowström till Graneberg family       1
  create  von Kornatzki        family       1
  create  von Köhler          family       1
  create  von Krüdener         family       1
  create  von Kyburg           family       1
  create  von Käfernburg-Schwarzburg und Hallermund family       1
  create  von Kärnthen         family       1
  create  von Kärtnen          family       1
  create  von Köppen           family       1
  create  von Lambach          family       1
  create  von Landscron        family       1
  create  von Laurenbourg      family       1
  create  von Leiningen-Dagsburg-Hartenburg family       1
  create  von Lembeck          family       1
  create  von Lichtenberg-Lichtenau family       1
  create  von Limbourg         family       1
  create  von Limburg          family       1
  create  von Limpurg in Gaildorf family       1
  create  von Lindow-Ruppin    family       1
  create  von Lothringen       family       1
  create  von Lupfen           family       1
  create  von Luxemburg        family       1
  create  von Lübeck           family       1
  create  von Lüneburg         family       1
  create  von Maltitz          family       1
  create  von Manderstierna    family       1
  create  von Mareit           family       1
  create  von Meissen          family       1
  create  von Mell             family       1
  create  von Minningerode     family       1
  create  von Montfort         family       1
  create  von Montfort-Tettnang family       1
  create  von Montfort-Tettnang-Bregenz family       1
  create  von Murau            family       1
  create  von Mömpelgard       family       1
  create  von Münsterberg      family       1
  create  von Nackrey          family       1
  create  von Nagel            family       1
  create  von Nassau-Beilstein family       1
  create  von Nassau-Siegen    family       1
  create  von Nassau-Weilburg  family       1
  create  von Neuffen          family       1
  create  von Nieder-Isenburg  family       1
  create  von Nordgau          family       1
  create  von Norman           family       1
  create  von Nörvenich        family       1
  create  von Oberlothringen   family       1
  create  von Ochsenstein      family       1
  create  von Ollersbach       family       1
  create  von Orlamünde        family       1
  create  von Palzburg         family       1
  create  von Patkul           family       1
  create  von Paykull          family       1
  create  von Pincier          family       1
  create  von Polotzk          family       1
  create  von Pomeren          family       1
  create  von Pommern          family       1
  create  von Putelendorf von Gleissberg family       1
  create  von Querfurt         family       1
  create  von Raschau          family       1
  create  von Rehne            family       1
  create  von Reifferscheidt   family       1
  create  von Rheineck         family       1
  create  von Ringelheim       family       1
  create  von Rottenburg       family       1
  create  von Saarbrücken-Zweibrücken family       1
  create  von Saarwerden       family       1
  create  von Sachsen-Wittenberg family       1
  create  von Saffenberg       family       1
  create  von Saksen           family       1
  create  von Saveland         family       1
  create  von Sayn-Wittgenstein-Homburg family       1
  create  von Schauenburg      family       1
  create  von Schlawe          family       1
  create  von Schleswig-Holstein-Sonderburg-Franzhagen family       1
  create  von Schwartzburg-Blankenburg family       1
  create  von Schwarzburg-Blankenburg family       1
  create  von Schweinfurt      family       1
  create  von Schwencken       family       1
  create  von Schwerin-Hagen   family       1
  create  von Schönenberg      family       1
  create  von Schönfelt        family       1
  create  von Schönitz         family       1
  create  von Sirck            family       1
  create  von Sirck-Moncler    family       1
  create  von Sponheim-Kreuznach family       1
  create  von Stefanskirchen   family       1
  create  von Stolberg         family       1
  create  von Sundersbuhl      family       1
  create  von Swabia           family       1
  create  von Sülichen         family       1
  create  von Thurgau          family       1
  create  von Thurn-Valsassina family       1
  create  von Thüringen        family       1
  create  von Usedom           family       1
  create  von Viermundt        family       1
  create  von Vinzgau          family       1
  create  von Vohburg          family       1
  create  von Volmestein       family       1
  create  von Walden           family       1
  create  von Warpke           family       1
  create  von Wedel vel Tuczyńska family       1
  create  von Weidenhaijn      family       1
  create  von Weißenbach       family       1
  create  von Werl             family       1
  create  von Westerburg       family       1
  create  von Wolfratshausen   family       1
  create  von Wrangell Koil    family       1
  create  von Wulf-Pogwisch    family       1
  create  von Wulffschmidt     family       1
  create  von Zollern          family       1
  create  von der Mark         family       1
  create  von der Niederlausitz family       1
  create  von der Ostmark      family       1
  create  von Öttingen         family       1
  create  wife                 family       1
  create  yaqob                family       1
  create  ytre Ågedal          family       1
  create  ziębicki             given        1
  create  zu Eltz              family       1
  create  zu Heydeck           family       1
  create  zu Roggenstein       family       1
  create  zu Sayn              family       1
  create  zu Trauchburg        family       1
  create  zu Wartenberg        family       1
  create  zu Weida             family       1
  create  Àsulfsson            family       1
  create  Árnarsson            family       1
  create  Ásbjornsson          patronymic   1
  create  Ådne                 family       1
  create  Ådnenes              family       1
  create  Ådneson              family       1
  create  Ågesdatter           patronymic   1
  create  Ål                   family       1
  create  Åmundsdatter         family       1
  create  Ånenson              patronymic   1
  create  Ångsta               family       1
  create  Ånonsen              family       1
  create  Ånunsdatter          family       1
  create  Årbot                given        1
  create  Årestad              family       1
  create  Årsvold              family       1
  create  Åsdis                given        1
  create  Åsen                 patronymic   1
  create  Åseral               family       1
  create  Åserøen              family       1
  create  Åsison               family       1
  create  Åsmundsdatter        patronymic   1
  create  Åsmundson            family       1
  create  Åsterud              family       1
  create  Åsulf                given        1
  create  Åsulfsdatter         family       1
  create  Åsulv Guttormsen     family       1
  create  Åsuv                 given        1
  create  Åsuvson              patronymic   1
  create  Ælflæda              given        1
  create  Æsa                  family       1
  create  Æðelswyð             given        1
  create  Éremburge            given        1
  create  Írakonungr           family       1
  create  Óspaksson            family       1
  create  Ósvífursdóttir       patronymic   1
  create  Óttarsson            patronymic   1
  create  Ôgmundsson           family       1
  create  Ödgislason           patronymic   1
  create  Örby                 family       1
  create  Örge                 given        1
  create  Örstedt              family       1
  create  Östendotter          patronymic   1
  create  Österhild            given        1
  create  Øglend               family       1
  create  Ølver                given        1
  create  Ølversson            patronymic   1
  create  Østabø               family       1
  create  Østenson             patronymic   1
  create  Østfold              family       1
  create  Østre Gare           family       1
  create  Østre Sedberg        family       1
  create  Øvre Åse             family       1
  create  Øvre-Eiane           family       1
  create  Øvre-Kvam            family       1
  create  Øvregaard            family       1
  create  Øvstabø              family       1
  create  Øybrand              given        1
  create  Øybrandsdatter       patronymic   1
  create  Øybrandsen           patronymic   1
  create  Øyestad              family       1
  create  Øylimesdatter        patronymic   1
  create  Øyolv                given        1
  create  Øyolvsson            patronymic   1
  create  Øysteinsdatter       family       1
  create  Øysteinssdatter      family       1
  create  Øystensdatter        patronymic   1
  create  Øyvindsdatter        family       1
  create  Øyvindson            patronymic   1
  create  Úlfsdóttir           patronymic   1
  create  Þorbjarnardóttir     patronymic   1
  create  Þorfinnr             given        1
  create  Þorfinnsdóttir       patronymic   1
  create  Þorgilsson           patronymic   1
  create  Þorkelsdōttir        family       1
  create  Þorkelsson           patronymic   1
  create  Þorleiksson          family       1
  create  Þormóðsson           family       1
  create  Þorsteinsson         family       1
  create  Þórarinsdóttir       patronymic   1
  create  Þórfinnr             given        1
  create  Þórgunnr             given        1
  create  Þóroddsdóttir        patronymic   1
  create  äv                   given        1
  create  łęczycki             given        1
  create  Ōiratsume            given        1
  create  Œstonis              family       1
  create  Žovnek               family       1
  create  Δέρδας               given        1
  create  Аминев               family       1
  create  Арпад                family       1
  create  Асенина              family       1
  create  Врана                given        1
  create  Гедиминовна          given        1
  create  Григорьев            given        1
  create  Исаевич              given        1
  create  Карлов               given        1
  create  Каролинг             family       1
  create  Княгиня              family       1
  create  Кориятович           given        1
  create  Минская              family       1
  create  Мономахиня           family       1
  create  Несвицкий            family       1
  create  Оттович              given        1
  create  Полоцкий             family       1
  create  Рогволод Полоцкий    family       1
  create  Семёнович            given        1
  create  Смилец               family       1
  create  Степанович           given        1
  create  Фёдорович            given        1
  create  Холмская             family       1
  create  княгиня              family       1
  create  לבית                 family       1
  create  רפא                  family       1
  create  بن فورتون            family       1
  create  ბაგრატი              given        1
  create  ბაგრატიონი           family       1
  create  一条天皇                 family       1
  create  世仁                   given        1
  create  丹後内侍                 given        1
  create  伏見天皇                 family       1
  create  伯益                   given        1
  create  光仁天皇                 family       1
  create  円融天皇                 family       1
  create  句芒                   given        1
  create  周仁                   given        1
  create  嚳                    given        1
  create  土御門天皇                family       1
  create  大业                   given        1
  create  天宗高紹                 given        1
  create  太原文水                 family       1
  create  女修                   given        1
  create  女媧                   given        1
  create  女英                   given        1
  create  娥皇                   given        1
  create  嫘                    family       1
  create  嫫母                   given        1
  create  守平                   given        1
  create  尊成                   given        1
  create  少典                   given        1
  create  広言                   given        1
  create  彤魚氏                  given        1
  create  彦仁                   given        1
  create  後二条天皇                family       1
  create  後伏見天皇                family       1
  create  後光明天皇                family       1
  create  後土御門天皇               family       1
  create  後奈良天皇                family       1
  create  後宇多天皇                family       1
  create  後朱雀天皇                family       1
  create  後柏原天皇                family       1
  create  後桃園天皇                family       1
  create  後水尾天皇                family       1
  create  後白河天皇                family       1
  create  後花園天皇                family       1
  create  後陽成天皇                family       1
  create  後鳥羽天皇                family       1
  create  德璋                   given        1
  create  息長帯比売                given        1
  create  惟宗                   family       1
  create  成仁                   given        1
  create  握登                   given        1
  create  政仁                   given        1
  create  敦仁                   given        1
  create  敦良                   given        1
  create  敬康                   given        1
  create  昌意                   given        1
  create  昭仁                   given        1
  create  有熊氏                  family       1
  create  朝仁                   given        1
  create  東山天皇                 family       1
  create  桃園天皇                 family       1
  create  桜町天皇                 family       1
  create  河東聞喜                 family       1
  create  炎帝                   given        1
  create  為仁                   given        1
  create  熈仁                   given        1
  create  知仁                   given        1
  create  神功皇后                 family       1
  create  穷蝉                   given        1
  create  紹仁                   given        1
  create  胤仁                   given        1
  create  英仁                   given        1
  create  華胥氏                  given        1
  create  蟜牛                   given        1
  create  豊沢                   given        1
  create  載灃                   family       1
  create  遐仁                   given        1
  create  邦治                   given        1
  create  醍醐天皇                 family       1
  create  韓日狭                  given        1
  create  顓頊                   given        1
  create  高倉天皇                 family       1
  create  高辛氏                  family       1
  create  鴻智                   given        1
  create  덕장                   given        1
