qid,geni_id,label
Q1008018,6000000075424933863,Dahui Zonggao
Q10125270,6000000075481396885,Sun Sigong
Q1014899,6000000075502551864,Yongming Yanshou
Q10244158,6000000074784398185,Jia Xuanweng
Q10265327,6000000075423972039,Yin Qishen
Q10271262,6000000074704226057,Cui Taifu
Q10282143,6000000075426999843,Xing Yinxun
Q10287656,6000000074783367864,Liao Deming
Q10292658,6000000074770862883,Zhang Wumeng
Q10293151,6000000075484126216,Zhang Duanyi
Q10294042,6000000075484356826,Zhang Gongxiang
Q10294985,6000000075484666857,Zhang Mengde
Q10295880,6000000037889287747,Zhang Biaochen
Q10296421,6000000075326158468,Xu Ziming
Q10296423,6000000074771478868,Xu Fan
Q10307923,6000000074792884020,Fang Shao
Q10323734,6000000074704378049,Cao Yingshu
Q10332182,6000000075425133822,Li Jiuling
Q10334752,6000000075405364893,Li Youwu
Q10334812,6000000074736917090,Li Zhi
Q10335039,6000000075425764860,Li Dechu
Q10337438,6000000074735626121,Li Zhixiao
Q10337824,6000000075424585196,Li Zun
Q10338313,6000000075425847889,Li Shunju
Q10338351,6000000074699014438,Li Ruoxu
Q10341540,6000000074771301902,Yang Hongzhong
Q10346479,6000000075427056913,Lin Qianzhi
Q10346666,6000000074771354963,Lin Danai
Q10347349,6000000074782456514,Lin Jingxi
Q10348617,6000000074727965444,Lin Ting
Q10353016,6000000075405012028,Gui Wanrong
Q10378427,6000000075422628947,Shaoyu Jiang
Q10379457,6000000075424189868,Wang Yifeng
Q10379479,6000000075423723133,Wang Chucai
Q10379511,6000000075503047827,Fenyang Shanzhao
Q10379533,6000000074727711062,Shen Zuozhe
Q10379589,6000000074771306943,Shen Jizu
Q10381917,6000000074727367964,Hong Qin
Q10412584,6000000074736441843,Wang Ze
Q10414324,6000000074751196346,Wang Weizhong
Q10414568,6000000075419950888,Wang Cao
Q10414594,6000000075418902373,Wang Zhengzhong
Q10415352,6000000075420955032,Wang Ruyi
Q10416241,6000000075420092840,Wang Ji
Q10417288,6000000074727807075,Wang Pizhi
Q10430257,6000000075422530838,Bai Zhongzan
Q10452130,6000000074745522964,Cheng Ruoyong
Q10455076,6000000074792391970,Zhang Ruyu
Q10489897,6000000074771520848,Hu Hong
Q10497131,6000000074703625964,Shu Dan
Q10503599,6000000074745494830,Fan Tianshun
Q10513347,6000000075490053922,Ye Xiufa
Q10514163,6000000074716205881,Su Shidan
Q10525283,6000000074690026303,Ji Yougong
Q10526342,6000000074731774882,Xu Yi
Q10529363,6000000075481078360,Xu Dunren
Q10531548,6000000074748886065,Xie Tang
Q10532586,6000000074728553987,Feng Cunfang
Q10542620,6000000075491156957,Zhao Kui
Q10554236,6000000074771742823,Deng Mingshi
Q10554325,6000000074771313004,Deng Xiaofu
Q10556091,6000000075414843861,Qiu Kui
Q10559784,6000000075482425382,Guo Jin
Q10562559,6000000074745020186,Zheng Ke
Q10563821,6000000075424228033,Shi Huaishen
Q10563824,6000000075503124822,Shi Sizhi
Q10564550,6000000075499817515,Yan Rixin
Q10564901,6000000075404219479,Ruan Yue
Q10565049,6000000075485219000,Chen Yunping
Q10565385,6000000075419654339,Chen Xuan
Q10565478,6000000075484349157,Chen Shan
Q10565528,6000000075484951366,Chen Zhensun
Q10565629,6000000074786612248,Chen Shunyu
Q10566301,6000000075424175958,Shoushan Xingnian
Q10566512,6000000075428942891,Zhao Liangsi
Q10566822,6000000075429016122,Gao He
Q10566915,6000000074705265132,Wei Anxing
Q10566948,6000000074707158488,Yu Zhouxun
Q10566997,6000000075426497934,Bao Yunlong
Q10567154,6000000075486952113,Huang Shiyi
Q10567174,6000000074727874040,Huang Gan
Q10567184,6000000075326672908,Chaoying Huang
Q10567228,6000000075486725342,Huang Yigang
Q10567376,6000000075431272845,Long Dayuan
Q10567407,6000000074698637159,Gong Yuan
Q1060944,6000000075502187072,Hongzhi Zhengjue
Q10743129,6000000075501777319,Baiyun Shouduan
Q108048019,6000000075503319862,Fojian Huiqin
Q10877280,6000000074783483825,Sun Daofu
Q10884676,6000000074748986762,Ren Xiyi
Q10886013,6000000074726031087,He Li
Q10886102,6000000074787583902,He Menggui
Q10886241,6000000074692228886,He Changyan
Q10886484,6000000074717854885,Yu Zhong
Q10886521,6000000074727463142,Yu Tianren
Q10886706,6000000075501960092,Shi Liaoyuan
Q10886783,6000000075502321513,Shi Huiyuan
Q10887831,6000000075429306859,Yu Wenbao
Q10889061,6000000074692075876,Fu Songqing
Q10889139,6000000075488225848,Fu Qian
Q10889520,6000000075502261003,Shi Yunkan
Q10895376,6000000075485869291,Feng Mengde
Q10897091,6000000075405432851,Liu Xianlun
Q10897989,6000000074787342015,Liu Guo
Q10899556,6000000075500442828,Liu Kui
Q10899902,6000000074700852968,Liu Fang
Q10900301,6000000075500712887,Liu Xisou
Q10900444,6000000074784752567,Liu Hui
Q10916068,6000000074727921853,Shi Yaobi
Q10916215,6000000075422340029,Shi Dazu
Q10916334,6000000075490251847,Ye Daqing
Q10916427,6000000074738367822,Ye Zuxia
Q10916434,6000000074768801822,Ye Shaoweng
Q10918673,6000000074759074115,Wu Shiqing
Q10918943,6000000075424880414,Wu Yu
Q10919348,6000000075425815859,Wu Ji
Q10919368,6000000074783426905,Wu Jian
Q10919534,6000000075482617839,Wu Wenying
Q10919608,6000000074759460844,Wu Hang
Q10919881,6000000074701692920,Lü Jiawen
Q10919887,6000000075422052168,Lv Dagui
Q10920228,6000000074727518879,Zhou Qufei
Q10920578,6000000075427409898,Zhou Huaizheng
Q10921064,6000000074746129239,Zhou Bangyan
Q10923013,6000000075427554260,Tang Zhong
Q10924354,6000000075501524128,Yan Ren
Q10942390,6000000075406578107,Qisong
Q10943380,6000000075430047873,Yao Huan
Q10943533,6000000075428370081,Jiang Cai
Q10945524,6000000074751006118,Sun Fu
Q11040594,6000000075424179889,Yin Se
Q11057332,6000000075422269906,Zuo Yu
Q11066492,6000000075484210975,Zhang Boyu
Q11066542,6000000075484356886,Zhang Guanghan
Q11067422,6000000074725996046,Zhang Zheng
Q11067782,6000000075483981829,Zhang Shun
Q11068115,6000000075483192058,Zhang Yuan
Q11068117,6000000074751477843,Zhang Yuangan
Q11068286,6000000075484033987,Zhang Shouyue
Q11068335,6000000075484228041,Zhang Shizheng
Q11068366,6000000075483989099,Zhang Tinghan
Q11068631,6000000074736854923,Zhang Shu
Q11068683,6000000075483640139,Zhang Ruzhou
Q11068721,6000000075484332997,Zhang Yuanwei
Q11068808,6000000075482194562,Zhang Jue
Q11068853,6000000075484002903,Zhang Qiong
Q11069070,6000000075483932031,Zhang Jiao
Q11069090,6000000074737445008,Zhang Du
Q11070830,6000000075431685843,Xu Zhao
Q11070863,6000000074692588875,Xu Di
Q11075713,6000000075481656970,Hu Yanke
Q11079190,6000000074734147822,Ao Taosun
Q11085164,6000000075428783842,Shi Yisheng
Q11085292,6000000075502786860,Dānapāla
Q11088228,6000000074702023822,Ming Hao
Q11089707,6000000075501942197,Shi Yinsu
Q11090252,6000000075502687123,Shi Zhiyuan
Q11090943,6000000074716896935,Cao Xiugu
Q11091403,6000000074716831130,Zeng Conglong
Q11091461,6000000075486923853,Zeng Anzhi
Q11091512,6000000074704476167,Zeng Zao
Q11091644,6000000075431336832,Zeng Di
Q11092984,6000000075420964905,Mu Daiwen
Q11094200,6000000074736981848,Zhu Xiyan
Q11094757,6000000075424689837,Zhu Guan
Q11094932,6000000075423565950,Zhu Zhen
Q11095246,6000000074698829187,Li Zhichun
Q11096315,6000000075425840010,Li Qingsun
Q11096655,6000000075405119998,Li You
Q11096682,6000000074725965249,Li Wenhui
Q11097044,6000000074698990089,Li Chunnian
Q11097544,6000000075424283621,Li Qi
Q11097893,6000000074727940834,Li Ruoshui
Q11099421,6000000075425081886,Du Chun
Q11099565,6000000075425158911,Du Mo
Q11100340,6000000074787299040,Yang Guanqing
Q11101080,6000000074768326072,Yang Fang
Q11105369,6000000075427186829,Lin Biao
Q11105505,6000000074734787854,Lin Guangshi
Q11105577,6000000075426720842,Lin Sheng
Q11105851,6000000075426780829,Lin Wai
Q11106062,6000000075425467719,Lin Xun
Q11106521,6000000075405318923,Lin Hong
Q11109043,6000000074684353530,Zha Yue
Q11109221,6000000075428881057,Ke Xi
Q11114041,6000000075483163901,Liang Chengda
Q11117697,6000000075407725836,Yang Zhongliang
Q11117757,6000000074725960833,Yi Yang
Q11118006,6000000075489389926,Yang Shouzhen
Q11119335,6000000075489262905,Yang Shi
Q11119812,6000000074685450910,Chu Zhaofu
Q11119880,6000000075488571870,Chu Yan
Q11121079,6000000074727617932,Lou Fang
Q11123144,6000000074771470912,Ouyang Che
Q11136264,6000000075486790823,Tang Shu
Q11137128,6000000074787054199,Wang Shen
Q11138500,6000000075423679852,Shen Ruxie
Q11138797,6000000074703408046,Shen Mo
Q11146576,6000000074737231958,Hong Xingzu
Q11152597,6000000074769327429,Ling Wanqing
Q11176825,6000000075487658897,Huang Baoguang
Q11176877,6000000075487310907,Huang Tong
Q11177322,6000000074697732475,Huang Zongdan
Q11177924,6000000075487023005,Huang Qia
Q113330592,6000000075485168824,Chen Xuan
Q11388067,6000000075422567849,Yuan Da
Q11398301,6000000075500369138,Liu Shenqiong
Q11481389,6000000075486175822,Chang Side
Q11522470,6000000075424339138,Li Bin
Q11541113,6000000074746948030,Yang Guangmei
Q1155987,6000000075326793953,Xin Qiji
Q11573214,6000000075481611272,Wang Zan
Q11584630,6000000075502589931,Zhīlǐ
Q11626507,6000000074738686824,Yuan Shu
Q11635056,6000000074770796844,Zànníng
Q11636647,6000000074688750100,Zhao Pin
Q11691731,6000000075502129082,Cuiyan Kezhen
Q11699105,6000000075502752822,Fushan Fayuan
Q11733314,6000000075503031933,Kaifu Daoning
Q1187531,6000000075501890269,Yuanwu Keqin
Q11996682,6000000074685358898,Qiao Weiyue
Q1261786,6000000075427000168,Yi Yuanji
Q1273590,6000000074692649941,Xu Daoning
Q1278559,6000000075421275050,Fan Kuan
Q13167271,6000000074705543930,Wang Yande
Q15725570,6000000074787565844,Mu Xiu
Q15889444,6000000075499438944,Deng Chunqing
Q15891292,6000000074705413825,Wang Bin
Q15891296,6000000075498378227,Zheng Cai
Q15894382,6000000074745538336,Qin Gou
Q15895033,6000000074728553978,Xue Yi
Q15895402,6000000074727247944,Wang Huaiyin
Q15895504,6000000075326412059,Fei Gun
Q15895638,6000000075407677948,Guo Linsun
Q15895756,6000000075485111830,Chen Zhu
Q15896589,6000000075501511895,Xue Shanggong
Q15896922,6000000075423429846,Wang Dong
Q15896989,6000000075488243886,Cheng Xiang
Q15897223,6000000075484574428,Chen Juzhong
Q15898825,6000000074759078998,Wang Huilong
Q15898900,6000000074737137000,Chong Shimin
Q15898902,6000000075412308907,Weng Juan
Q15898972,6000000075429553872,Lin Ruxia
Q15900599,6000000075487925014,Cheng Gai
Q15901001,6000000075501331835,Xie Lin
Q15901763,6000000075429053099,Ma Ji
Q15902025,6000000075421346915,Niu Fu
Q15908292,6000000075483017014,Guo Jing
Q15908444,6000000074725967867,Zhao Xie
Q15910005,6000000074737531920,She Kecun
Q15911533,6000000075486089956,Zhuang Xia
Q15915195,6000000075419570833,Wang Yansheng
Q15918149,6000000074744922013,Chen Wenlong
Q15927808,6000000075423322936,Wang Yan
Q15930778,6000000074737324976,Chong Shizhong
Q15934778,6000000074733352942,Xie Yi
Q15937652,6000000075492954979,Zhao Yanhui
Q15938830,6000000074750205869,Rao Huchen
Q15940782,6000000074783160926,Xiao Guoliang
Q15941193,6000000075502599862,Dharmadeva
Q15941419,6000000074706342876,Yan Yi
Q15942472,6000000075502503997,Shi Shengchang
Q16075465,6000000074791931190,Zhang Jie
Q16075511,6000000074727388830,Chen Ye
Q16075838,6000000074691564032,Fan Tong
Q16075840,6000000074758254166,Deng Zhongchen
Q16075978,6000000074725837451,Fan Zhixu
Q16076119,6000000075481502110,Xu Wenwei
Q16076183,6000000074697951384,Huangfu Xuan
Q16076413,6000000074770656038,Kong Yanzhou
Q16076618,6000000074725496645,Lu Yundi
Q16076643,6000000075429785915,Ma Shao
Q16076827,6000000075497564956,Pan You
Q16077121,6000000075421262930,Shi Xiaoyou
Q16077214,6000000074692283902,Xie Qingcai
Q16077395,6000000074705582822,Wang Dechen
Q16077416,6000000075419674822,Wang Zhongzhi
Q16077481,6000000074759081944,Wang Juan
Q16077497,6000000075420452906,Wang Yan
Q16078526,6000000075426604832,Yu Fu
Q16078652,6000000074747272822,Fan Chuyi
Q16128506,6000000075426823914,Qi Xu
Q16137271,6000000075424301852,Song Ruzhi
Q16259996,6000000075502157848,Su Dexiang
Q16260006,6000000074783378861,Xiao Dezao
Q16260012,6000000075425701966,Ruan Dengbing
Q16260083,6000000075483620961,Zhang Gui
Q16260159,6000000074731325878,Xiong He
Q16260213,6000000074745405963,Zheng Huchen
Q16260365,6000000074734111842,Zheng Kexue
Q16260485,6000000074725889949,Zheng Mu
Q16260525,6000000075499223935,Zheng Nansheng
Q16260619,6000000074745550884,Zheng Ruxie
Q16260699,6000000074727153023,Xu Shuwei
Q16260786,6000000075429908825,Huangfu Tan
Q16260796,6000000074787293913,Ye Tinggui
Q16538619,6000000075503061034,Dagui Muzhe
Q16570755,6000000075503252922,Shi Huijiao
Q16903773,6000000075406399924,Pan Lang
Q16904086,6000000074768784916,Wang Zhi
Q16905658,6000000075406683010,Wen Ge
Q16905692,6000000074747679892,Pan Weiji
Q16906054,6000000075420405056,Wang Rixiu
Q16906366,6000000075421341867,Shi Tai
Q16907136,6000000074726545739,Xie Fangshu
Q16907919,6000000074728487826,Cisheng Chen
Q16908331,6000000074753320961,Wei Ruxian
Q17008013,6000000074737590882,Wu Ziliang
Q17008751,6000000075407655877,Wang Zhuo
Q17011792,6000000074787062328,Zhan Chu
Q17025166,6000000075406351971,Peng Shuxia
Q17026459,6000000074704978058,Wang Xiaoxian
Q17030675,6000000075488277845,Cheng Zhang
Q17031081,6000000074734372183,Fan Zhiming
Q17033641,6000000074733917014,Ye Dayou
Q17033925,6000000075485359935,Chen Liangbiao
Q17035919,6000000074726100162,Xue Ang
Q17035986,6000000075488729832,Lei Yungong
Q17059213,6000000075499892862,Teng Chuhou
Q17062302,6000000075429985912,Chen Zhao
Q17066771,6000000075431443960,Yuan Fu
Q17161824,6000000074745752341,Jiang Xian
Q17238711,6000000074736439833,Gao Hengsun
Q17498678,6000000075496864068,Zhao Fenglong
Q17500183,6000000074782982299,Wei Jiang
Q17500217,6000000075501482985,Zhong Chuan
Q18015067,6000000075426730836,Gao Keming
Q18110192,6000000074751068855,Gao Wenshan
Q18110198,6000000074705608866,Wei Qi
Q18110319,6000000074744771449,Zhao Dunlin
Q18198522,6000000075430563946,Sun Jie
Q18233377,6000000075425144827,Sixin Wuxin
Q18905728,6000000075499191117,Ju Kejiu
Q18905927,6000000074704448377,Li Shangjiao
Q18906089,6000000075405176034,Liu Changshi
Q18906277,6000000075501609858,Nie Chongyi
Q18907129,6000000075423893916,Wang Taifu
Q18909101,6000000075500558345,Yan Kan
Q18909170,6000000075405885184,Ma Yongqing
Q19653935,6000000074705457858,Wang Shiyong
Q197165,6000000075484399822,Zhang Boduan
Q197818,6000000075501246019,Zhong Xiang
Q19825348,6000000074705483853,Wang Sui
Q19825422,6000000075480445381,Zhang Jian
Q19825624,6000000075481785511,Xu Bingzhe
Q20031486,6000000075484915997,Chen Nan
Q20062469,6000000074746924106,Fan Zhong
Q20062514,6000000074727769836,Jiang Fu
Q20062546,6000000075419661257,Li Zongmian
Q20062730,6000000074704653918,Zeng Huai
Q20063869,6000000074704786311,Wang Lun
Q2045040,6000000075501090834,Wei Pu
Q22078653,6000000075428251354,Gao Yansun
Q22078983,6000000075487477164,Peng Ji
Q22079223,6000000074736340822,Lu Rui
Q22098906,6000000075419731072,Wang Junmin
Q22099827,6000000075423728834,Ren Yuan
Q22100489,6000000074725755202,Shen Xun
Q22101411,6000000074747812922,He Wen
Q22101440,6000000074692885822,Xu Yin
Q22773775,6000000075482190328,Ni Wenyi
Q23612023,6000000075424479934,Fayun Faxiu
Q23930781,6000000075489071044,Yang Rui
Q24089096,6000000075415864065,Xu Xi
Q24831821,6000000075424733062,Li Xian
Q24831842,6000000075480530618,Hu Zaixing
Q24831852,6000000075481966789,Zhang Wei
Q24832644,6000000074759393890,Wu Tao
Q24833666,6000000074730316900,Su Jiong
Q24834242,6000000075426658843,He Dagui
Q24836564,6000000075482367161,Xu Wen
Q24837254,6000000075488591416,Dong Shilian
Q24839044,6000000074768337054,Ye Longli
Q25206000,6000000075429921882,Ma Sui
Q2671678,6000000075502371923,Juran
Q28082270,6000000075484811999,Chen Yuan
Q28409061,6000000075420700920,Wang Zhu
Q28409186,6000000075483959030,Zhang Yuniang
Q28409290,6000000074771364900,Bi Jian
Q28410813,6000000075500885901,Lu Zugao
Q28411276,6000000075428922824,Hong Wenfu
Q28412037,6000000074715838829,Peng Rufang
Q28412590,6000000075424471966,Zhu Quan
Q28413654,6000000074727296424,Bao Xun
Q28414375,6000000075419661435,Yu Ge
Q28414656,6000000075483697284,Chen Chong
Q28415434,6000000075426259177,Wu Xingde
Q28415760,6000000075426890159,Ji Guangbi
Q28415783,6000000075411427326,Wu Ruyu
Q28415801,6000000075421073884,Wang Jixun
Q28415973,6000000075499347105,Jiang Yuanzhong
Q28416003,6000000075483561834,Zhang Zhong
Q28416014,6000000075493088921,Zhao Jianda
Q28416059,6000000074751540033,Lou E
Q28417128,6000000074750964999,Lan Yuanzhen
Q28417130,6000000074699016900,Lan Jizong
Q28417132,6000000075483455193,Zhang Quwei
Q28417133,6000000075421499867,Wang Shougui
Q28417138,6000000075486157002,Feng Yi
Q28417142,6000000075420613862,Wang Zhongzheng
Q28417232,6000000075421624829,Wang Laozhi
Q28417848,6000000075500817489,Guan Li
Q28417899,6000000075484252090,Zhang Weiji
Q28417901,6000000075423721923,Ren Shouzhong
Q28418011,6000000075420559038,Wang Deqian
Q28418012,6000000074758375048,Song Yongchen
Q28418014,6000000075426567206,Shao Chengzhang
Q28418028,6000000074732522144,Cheng Fang
Q28418070,6000000075501763840,Lan Gui
Q28418075,6000000075429100822,Kang Lv
Q28418205,6000000075429476895,Gao Jujian
Q285429,6000000074793225834,Lin Bu
Q30017821,6000000075499314951,Deng Guangjian
Q30018065,6000000075485422047,Chen Baoji
Q30086653,6000000074747311198,Bao Biao
Q30086706,6000000075487007110,Huang Sheng
Q30086718,6000000075422405916,Shi Rong
Q30086725,6000000074770854881,Shi Fayun
Q30086730,6000000074730508884,Su Xiangxian
Q30086740,6000000075481121959,Zhang Qiao
Q30086742,6000000075481677078,Zhang You
Q3048317,6000000075502611915,Muqi
Q3082375,6000000075423605956,Zhu Shuzhen
Q3083484,6000000075500537853,Liu Songnian
Q30921230,6000000075502853939,Huqiu Shaolong
Q30922031,6000000075503135007,Shi Huihui
Q30943119,6000000074744795504,Cao Shi
Q30946242,6000000075491438087,Zhao Shiya
Q30947182,6000000075491813913,Zhao Bu?
Q30947225,6000000075491775951,Zhao Buwen
Q30947399,6000000075491716035,Zhao Bupiao
Q30948051,6000000075497278854,Zhao Guiqian
Q30948422,6000000075492665969,Zhao Zhangqing
Q30948591,6000000075491775946,Zhao Buxi
Q30949188,6000000075497395916,Zhao Yuze
Q30949366,6000000075491812851,Zhao Shijian
Q30949557,6000000075424972987,Li Anbi
Q3120915,6000000074727637943,Guo Ruoxu
Q3126647,6000000075501223915,Han Zhuo
Q3136543,6000000075481080897,Xu Xi
Q3206102,6000000075426867877,Yan Wengui
Q3273450,6000000075429559958,Ma Kui
Q3570963,6000000075423240822,Xiao Zhao
Q3575387,6000000075420670137,Zhao Chang
Q3575391,6000000075491253975,Zhao Gan
Q3575394,6000000075491536282,Zhao Lingrang
Q3575428,6000000075501940202,Zhongren
Q4271316,6000000075499851993,Liu Fu
Q4502334,6000000075326906068,Huihong
Q45354569,6000000074299835960,Chai Tianyin
Q45354571,6000000074684840926,Chang Jin
Q45354574,6000000074684054785,Chang Renzhi
Q45354664,6000000074684790963,Chen Cha
Q45354668,6000000074684304400,Chen Qizong
Q45354671,6000000074684330361,Chen Qian
Q45354678,6000000074684855909,Chen Chong
Q45354726,6000000074684640210,Chen Jian
Q45354731,6000000074684314636,Chen Zhi
Q45354740,6000000074684649219,Chen Zhilun
Q45354743,6000000074684823037,Chen Zhiyuan
Q45354746,6000000074685041822,Chen Jing
Q45354751,6000000074684862056,Chen Ju
Q45354754,6000000074684504389,Chen Zhu
Q45354757,6000000074684823042,Chen Ju
Q45354761,6000000074684618223,Chen Fu
Q45354765,6000000074684387677,Chen Han
Q45354767,6000000074685021861,Chen Xi
Q45354773,6000000074684993912,Chen Xiang
Q45354775,6000000074685057822,Chen Xiangyu
Q45354780,6000000074684941912,Chen Xunxiang
Q45354782,6000000074684248720,Chen Hu
Q45354783,6000000074684949993,Chen Hui
Q45354793,6000000074684655239,Chen Ruxi
Q45354800,6000000074684843153,Chen Kangguo
Q45354811,6000000074685028100,Chen Gu
Q45354813,6000000074685321823,Chen Kuo
Q45354827,6000000074685085156,Chen Longshou
Q45354828,6000000074685008139,Chen Mizuo
Q45354829,6000000074685058027,Chen Minshi
Q45354831,6000000074684455733,Chen Bangguang
Q45354833,6000000074685252932,Chen Shan
Q45354848,6000000074685098082,Chen Shu
Q45354853,6000000074685005131,Chen Shu
Q45354860,6000000074685040069,Chen Di
Q45354863,6000000074684658490,Chen Ding
Q45354867,6000000074685107057,Chen Cui
Q45354875,6000000074685291898,Chen Dunfu
Q45354881,6000000074685121120,Chen Wei
Q45354923,6000000074685289914,Chen Yan
Q45354941,6000000074685089216,Chen Yuanzhi
Q45354943,6000000074685194977,Chen Yuanyou
Q45354951,6000000074684900297,Cheng Changbi
Q45354952,6000000074685145090,Cheng Changyu
Q45354965,6000000074684884390,Cheng Fu
Q45354978,6000000074684793429,Cheng Neng
Q45354980,6000000074685041200,Cheng Bowen
Q45354991,6000000074685304973,Cheng Dunzhi
Q45354994,6000000074685035278,Cheng Dunlin
Q45354996,6000000074685194121,Cheng Wendu
Q45354999,6000000074685441822,Cheng Youzhi
Q45355003,6000000074685164135,Cheng Yuanzuo
Q45355010,6000000074685416860,Cheng Yi
Q45355012,6000000074685375919,Cheng Daheng
Q45355015,6000000074685267929,Qi Dan
Q45355021,6000000074685364938,Qiang Youliang
Q45355025,6000000074685326986,Qiao Fangyun
Q45355026,6000000074685362921,Qiao Xu
Q45355038,6000000074685085266,Qian Changwu
Q45355041,6000000074685201107,Qian Jingshan
Q45355049,6000000074685214061,Qian Bingzhi
Q45355059,6000000074685112242,Qian Duanying
Q45355067,6000000074685020295,Qian Yao
Q45355069,6000000074685467822,Qin Changshi
Q45355073,6000000074684743460,Qin Zhong
Q45355077,6000000074685402885,Qin Xifu
Q45355081,6000000074685231092,Qin Boxiang
Q45355089,6000000074685355923,Qiu Yong
Q45355091,6000000074685342973,Qiu Duojian
Q45355094,6000000074685317934,Chu Jianzhong
Q45355099,6000000074685234166,Zhan Gongjian
Q45355113,6000000074685357955,Zhan Yu
Q45355116,6000000074685351945,Zhang Anshang
Q45355120,6000000074684762605,Zhang Chang
Q45355128,6000000074685107304,Zhang Chen
Q45355132,6000000074685087226,Zhang Cheng
Q45355136,6000000074685020327,Zhang Chengxian
Q45355147,6000000074685281232,Zhang Xue
Q45355153,6000000074685552847,Zhang Que
Q45355156,6000000074685259207,Zhang Chun
Q45355158,6000000074685159153,Zhang Chongzong
Q45355159,6000000074685304085,Zhang Zhen
Q45355161,6000000074685535856,Zhang Zhen
Q45355168,6000000074685249263,Zhang Ji
Q45355177,6000000074685231226,Zhang Jie
Q45355188,6000000074685660856,Zhang Jin
Q45355189,6000000074685005522,Zhang Jing
Q45355191,6000000074685020447,Zhang Jingchen
Q45355197,6000000074685496103,Zhang Jingxian
Q45355202,6000000074685660863,Zhang Jingwen
Q45355204,6000000039000887900,Zhang Zhu
Q45355207,6000000074685592999,Zhang Zhuang
Q45355210,6000000074684794738,Zhang Zhongqin
Q45355216,6000000074685701867,Zhang E
Q45355226,6000000074685723850,Zhang Fuli
Q45355229,6000000074685548064,Zhang Hanyan
Q45355234,6000000074685611952,Zhang Ho
Q45355240,6000000074685581017,Zhang Xi
Q45355253,6000000074685515056,Zhang Xian
Q45355261,6000000074685716887,Zhang Xing
Q45355264,6000000074685498136,Zhang Xiu
Q45355268,6000000074685800837,Zhang Xun
Q45355271,6000000074685624938,Zhang Xun
Q45355274,6000000074685784836,Zhang Huaibao
Q45355277,6000000074685510197,Zhang Huan
Q45355279,6000000074685764901,Zhang Hui
Q45355283,6000000074685306350,Zhang Hui
Q45355285,6000000074685568029,Zhang Hui
Q45355288,6000000074685389192,Zhang Huiyan
Q45355293,6000000074685778863,Zhang Hongjian
Q45355295,6000000074685306357,Zhang Yi
Q45355299,6000000074685795837,Zhang Yiqian
Q45355301,6000000074685307274,Zhang Rihua
Q45355308,6000000074685638966,Zhang Ruji
Q45355310,6000000074685063505,Zhang Ruxian
Q45355320,6000000074686370170,Zhang Kui
Q45355327,6000000074686660951,Zhang Gao
Q45355329,6000000074685988560,Zhang Gao
Q45355336,6000000074686442103,Zhang Guan
Q45355344,6000000074686711939,Zhang Maozong
Q45355354,6000000074686755940,Zhang Muzhi
Q45355358,6000000074686666993,Zhang Bangguang
Q45355360,6000000074685761589,Zhang Bao
Q45355369,6000000074686652937,Zhang Bo
Q45355382,6000000074686813910,Zhang Shen
Q45355385,6000000074685645786,Zhang Shi
Q45355387,6000000074686849850,Zhang Shi
Q45355390,6000000074686687985,Zhang Shichen
Q45355398,6000000074686527180,Zhang Shicai
Q45355403,6000000074686555135,Zhang Shou
Q45355404,6000000074686957824,Zhang Shu
Q45355408,6000000074686938843,Zhang Shu
Q45355415,6000000074686424265,Zhang Shu
Q45355426,6000000074686515174,Zhang Shuyan
Q45355432,6000000074686583102,Zhang Su
Q45355434,6000000074686972822,Zhang Su
Q45355438,6000000074686092479,Zhang Xun
Q45355442,6000000074686768015,Zhang Ting
Q45355445,6000000074686915873,Zhang Taining
Q45355456,6000000074686782087,Zhang Cong
Q45355461,6000000074686699042,Zhang Ze
Q45355464,6000000074686574976,Zhang Zonge
Q45355476,6000000074686967871,Zhang Zongdao
Q45355482,6000000074686635153,Zhang Duan
Q45355494,6000000074687050828,Zhang Ziyi
Q45355497,6000000074686908887,Zhang Zimu
Q45355510,6000000074686995896,Zhang Yazhi
Q45355512,6000000074686642103,Zhang Yaochen
Q45355517,6000000074686905937,Zhang Ying
Q45355523,6000000074686803990,Zhang You
Q45355534,6000000074686226548,Zhang Yuan
Q45355545,6000000074686207649,Zhang Yong
Q45355549,6000000074686184252,Zhang Jie
Q45355554,6000000074686742100,Zhang Jin
Q45355560,6000000074686632115,Zhang Hu
Q45355563,6000000074686866949,Zhang Huanwen
Q45355570,6000000074687021877,Zhang Gongbi
Q45355573,6000000074686829855,Zhang Lin
Q45355578,6000000074687232893,Zhang Ba
Q45355586,6000000074687232901,Zhao Ao
Q45355594,6000000074299827045,Zhao Qi
Q45355611,6000000074687411822,Zhao Jian
Q45355615,6000000074688566084,Zhao Zhonghe
Q45355619,6000000074688814928,Zhao Fu
Q45355641,6000000074688491243,Zhao Gonghong
Q45355643,6000000074688590086,Zhao Liangdan
Q45355655,6000000074688735979,Zhao Pang
Q45355666,6000000074688404222,Zhao Binmian
Q45355702,6000000074688741114,Zhao Shixiong
Q45355707,6000000074689041861,Zhao Shicai
Q45355716,6000000074688879883,Zhao Song
Q45355720,6000000074688632118,Zhao Ting
Q45355727,6000000074689028866,Zhao Zai
Q45355730,6000000074688641126,Zhao Ziji
Q45355762,6000000074690663873,Zheng Ji
Q45355771,6000000074690680878,Zheng Zhigang
Q45355779,6000000074690753834,Zheng Zhongxiong
Q45355783,6000000074689513128,Zheng Xiang
Q45355788,6000000074690594879,Zheng Rang
Q45355790,6000000074690493969,Zheng Ge
Q45355802,6000000074690443003,Zheng Shiyan
Q45355804,6000000074690376030,Zheng Tianyi
Q45355808,6000000074690574903,Zheng Cai
Q45355818,6000000074690724856,Zheng You
Q45355822,6000000074690420003,Ji Guanguo
Q45355825,6000000074690580909,Ji Feng
Q45355833,6000000074690529883,Jia Changheng
Q45355838,6000000074690783840,Jia Zhaoming
Q45355840,6000000074690680964,Jia Zhiqing
Q45355841,6000000074690667950,Jia Zhongmin
Q45355848,6000000074690625937,Jia Ruogu
Q45355849,6000000074690458985,Jia Bin
Q45355851,6000000074690843831,Jia Boda
Q45355856,6000000074690680969,Jia Sicheng
Q45355861,6000000074690678923,Jia Weijie
Q45355867,6000000074690869832,Jiang Zhongfu
Q45355869,6000000074690799876,Jiang Gongzhu
Q45355873,6000000074690869837,Jiang Shuzhan
Q45355876,6000000074690358125,Jiang Sizong
Q45355890,6000000074690543994,Jiang Shimeng
Q45355903,6000000074690913881,Jiang Rugong
Q45355907,6000000074690891936,Jiang Ben
Q45355924,6000000074690974834,Jin Liangru
Q45355925,6000000074690921845,Jin Bowen
Q45355931,6000000074690989838,Zhou Chen
Q45355938,6000000074690490999,Zhou Zhan
Q45355940,6000000074691037840,Zhou Ji
Q45355950,6000000074691349887,Zhou Zhiru
Q45355957,6000000074691100075,Zhou Fang
Q45355970,6000000074691261000,Zhou Yi
Q45355984,6000000074691541875,Zhou Liangru
Q45355989,6000000074691402966,Zhou Ling
Q45355994,6000000074691300970,Zhou Bojun
Q45356003,6000000074691319961,Zhou Shizhong
Q45356007,6000000074691423908,Zhou Shixiu
Q45356009,6000000074691523856,Zhou Cao
Q45356024,6000000074691565865,Zhou Wo
Q45356037,6000000074690693211,Zhou Shi
Q45356045,6000000074691565882,Zhu Chuping
Q45356048,6000000074691616834,Zhu Zhengchun
Q45356051,6000000074691673834,Zhu Ji
Q45356053,6000000074691449942,Zhu Jian
Q45356066,6000000074691203067,Zhu Yi
Q45356068,6000000074691567940,Zhu Gou
Q45356071,6000000074691754822,Zhu Guanqing
Q45356076,6000000074691698878,Zhu Mingzhi
Q45356092,6000000074690783163,Zhu Yan
Q45356097,6000000074691673852,Zhu Yanbo
Q45356100,6000000074691183079,Zhu Yin
Q45356102,6000000074691789828,Zhu Min
Q45356105,6000000074691737860,Zhu Shilong
Q45356108,6000000074691456950,Ju Kejian
Q45356111,6000000074691792834,Gou Guangzu
Q45356131,6000000074691666886,Zhong Zhengfu
Q45356133,6000000074691777875,Zhong Jun
Q45356136,6000000074691647940,Zhong Shiming
Q45356141,6000000074691775835,Zhong Zhou
Q45356142,6000000074691346047,Zhong Jian
Q45356148,6000000074691661893,Fan Rulin
Q45356151,6000000074691805851,Fan Guangyuan
Q45356154,6000000074691151164,Fan Bin
Q45356156,6000000074691853838,Fan Tingrang
Q45356164,6000000074691618925,Fan Chong
Q45356166,6000000074691892837,Fan Zhen
Q45356173,6000000074691617949,Fan Zhicai
Q45356181,6000000074691675959,Fan Xiang
Q45356184,6000000074691948842,Fan Xuan
Q45356190,6000000074691771878,Fan Xun
Q45356200,6000000074691914856,Fan Bosi
Q45356221,6000000074691680964,Fan Ziliang
Q45356222,6000000074692019831,Fan Ziyuan
Q45356230,6000000039000484273,Fan Yu
Q45356233,6000000074691627927,Fang Zhi
Q45356238,6000000074691053171,Fang Zhongxun
Q45356241,6000000074690987290,Fang Lue
Q45356255,6000000074692137822,Fei Xingzhi
Q45356261,6000000074691966926,Feng Fang
Q45356265,6000000074691966931,Feng Hao
Q45356275,6000000074692216822,Feng Lian
Q45356278,6000000074692091867,Feng Shunshao
Q45356282,6000000074691960933,Feng Dalin
Q45356286,6000000074690972313,Feng Wenshu
Q45356292,6000000074691471126,Feng Ruzhou
Q45356297,6000000074692047910,Pang  Rulin
Q45356305,6000000074691421140,Fu Xie
Q45356312,6000000074689798379,Fu Weiji
Q45356319,6000000074691806012,Fu Yuanheng
Q45356328,6000000074692291834,Han Zhao
Q45356341,6000000074692052967,Han Jie
Q45356347,6000000074692243866,Han Jin
Q45356349,6000000074692146861,Han Jinqing
Q45356364,6000000074691735035,Han Xiao
Q45356373,6000000074692314825,Han Huang
Q45356378,6000000074692319832,Han Gu
Q45356387,6000000074689921416,Han Shu
Q45356391,6000000074691986991,Han Sichun
Q45356400,6000000074691915091,Han Zong
Q45356416,6000000074691860987,Han Dunli
Q45356419,6000000074692303883,Han Yan
Q45356425,6000000074691055445,Han Yinzhou
Q45356431,6000000074691592123,Hao Zheng
Q45356435,6000000074692153906,Hao Taichong
Q45356442,6000000074691797074,He Que
Q45356446,6000000074691951995,He Ji
Q45356449,6000000074692283844,He Zhizhi
Q45356454,6000000074692248907,He Fengyuan
Q45356456,6000000074692363857,He Fu
Q45356462,6000000074692356854,He Ruogu
Q45356466,6000000074692362892,He Liang
Q45356468,6000000074692091973,He Shizong
Q45356470,6000000074692354870,He Tan
Q45356474,6000000074692286915,He Xizhong
Q45356481,6000000074692449822,Hou Que
Q45356483,6000000074691266240,Hou Zhi
Q45356486,6000000074690971498,Hou Xian
Q45356492,6000000074692327851,Hou Mao
Q45356497,6000000074692306924,Xi Yu
Q45356499,6000000074692460824,Xi Zhen
Q45356511,6000000074690726527,Xia Yi
Q45356514,6000000074691999074,Xia Gong
Q45356528,6000000074692007103,Xiang Zongzhe
Q45356534,6000000074692302930,Xiang Zongdao
Q45356536,6000000074692051954,Xiang Ziji
Q45356540,6000000074692264924,Xiang Zigu
Q45356552,6000000074692157976,Xiao Su
Q45356557,6000000074692508857,Xiao Guan
Q45356561,6000000074692161052,Xiao Lu
Q45356565,6000000074692094069,Xiao Shijing
Q45356568,6000000074692192988,Xiao Yanji
Q45356587,6000000074692087992,Xie Xianzi
Q45356590,6000000074692123036,Xie Ruyi
Q45356600,6000000074692314975,Xie Yanzhong
Q45356605,6000000074692518840,Xianyu Shizhong
Q45356612,6000000074689798448,Xiong Qian
Q45356620,6000000074692275976,Xiong Yanshi
Q45356623,6000000074692486897,Xu Chang
Q45356626,6000000074692647838,Xu Qi
Q45356631,6000000074692111125,Xu Ji
Q45356634,6000000074692279043,Xu Jiusi
Q45356639,6000000074692006149,Xu Junping
Q45356643,6000000074692388916,Xu Fang
Q45356645,6000000074692547872,Xu Fu
Q45356652,6000000074692704831,Xu Xiufu
Q45356658,6000000074692428927,Xu Yi
Q45356669,6000000074692721830,Xu Kangguo
Q45356675,6000000074692590892,Xu Gongyu
Q45356677,6000000074692735823,Xu Guocheng
Q45356684,6000000074691799286,Xu Shidan
Q45356686,6000000074692260005,Xu Ti
Q45356688,6000000074692573882,Xu Tianmin
Q45356690,6000000074692239100,Xu Dafang
Q45356693,6000000074691956171,Xu Dao
Q45356698,6000000074692725836,Xu Ze
Q45356700,6000000074691421361,Xu Zongyue
Q45356715,6000000074691332392,Xu Yu
Q45356717,6000000074692737842,Xu Yuke
Q45356721,6000000074691055581,Xu Ji
Q45356727,6000000074692239130,Xu Jiuyan
Q45356737,6000000074692799846,Xu Mao
Q45356750,6000000074692228104,Xu Danian
Q45356765,6000000074692102107,Xu Yan
Q45356769,6000000074692429999,Xu Yanxian
Q45356779,6000000074692721912,Xue Yikuo
Q45356784,6000000074692749879,Xue Renfu
Q45356808,6000000074698187847,Hu Chaozong
Q45356811,6000000074696963431,Hu Qi
Q45356813,6000000074698065977,Hu Qinzhi
Q45356816,6000000074698209833,Hu Zhizhong
Q45356821,6000000074698196842,Hu Fang
Q45356824,6000000074698058994,Hu Hao
Q45356831,6000000074697925093,Hu Kaoning
Q45356838,6000000074697837097,Hu Meng
Q45356841,6000000074698161927,Hu Pu
Q45356843,6000000074698247856,Hu Sheng
Q45356845,6000000074696565140,Hu Shiwen
Q45356849,6000000074698293963,Hu Dai
Q45356858,6000000074698216002,Hu Zonghui
Q45356861,6000000074697996260,Hu Zongshi
Q45356875,6000000074698248025,Hu Yueke
Q45356877,6000000074698455929,Huang Changheng
Q45356887,6000000074698030344,Huang Zhaoyi
Q45356889,6000000074697323613,Huang Ji
Q45356893,6000000074698009270,Huang Jihou
Q45356903,6000000074698137199,Huang Ran
Q45356908,6000000074697837272,Huang Renrong
Q45356910,6000000074698103226,Huang Ge
Q45356913,6000000074698523897,Huang Guan
Q45356915,6000000074698563844,Huang Guozhen
Q45356920,6000000074698436920,Huang Minxing
Q45356926,6000000074698582869,Cui Shu
Q45356932,6000000074698617822,Huang Tianzhen
Q45356935,6000000074698593844,Huang Daming
Q45356941,6000000074698475960,Huang Zong
Q45356948,6000000074698474927,Huang Dunshu
Q45356954,6000000074697906378,Huang Yaoyun
Q45356959,6000000074698582892,Huang Yuan
Q45356965,6000000074697844465,Hong Zhongfu
Q45356969,6000000074697906412,Huo Zhibo
Q45356972,6000000074698545949,Huo Xiang
Q45356975,6000000074698195241,Huo Li
Q45356984,6000000074698442993,Ren Zhongxing
Q45356991,6000000074697646553,Ren Ximing
Q45356992,6000000074698692857,Ren Gao
Q45356995,6000000074698264113,Ren Gongyu
Q45356998,6000000074697392686,Ren Liang
Q45357001,6000000074698467003,Ren Su
Q45357006,6000000074698681846,Ren Wenjian
Q45357010,6000000074698333138,Ren Yanhui
Q45357011,6000000074697323714,Ru Dongji
Q45357012,6000000074698336070,Rong Ni
Q45357024,6000000074698261072,Kang Xiaoji
Q45357028,6000000074697820453,Kang Ping
Q45357031,6000000074698681888,Kang Wei
Q45357034,6000000074697844516,Kang Wei
Q45357040,6000000074698781823,Kou Jian
Q45357061,6000000074697855464,Gai Xin
Q45357064,6000000074698758879,Gai Liang
Q45357075,6000000074698299329,Gao Zhu
Q45357077,6000000074698467139,Gao Xiang
Q45357084,6000000074698624071,Gao Huiyun
Q45357088,6000000074698630939,Gao Yijian
Q45357103,6000000074698891872,Gao Minyan
Q45357115,6000000074698564087,Gao Shigui
Q45357122,6000000074698912829,Gao Su
Q45357126,6000000074698647111,Gao Daoji
Q45357132,6000000074698696030,Gao Zunhui
Q45357138,6000000074698882848,Gao Ying
Q45357140,6000000074698525159,Ge Jing
Q45357143,6000000074698467182,Geng Zhen
Q45357147,6000000074698702049,Geng Ziqiu
Q45357153,6000000074697702738,Geng Wang
Q45357160,6000000074698949883,Guan Yinke
Q45357162,6000000074698786951,Gong Jian
Q45357164,6000000074698953886,Gong Tao
Q45357181,6000000074699073827,Guo Zhixun
Q45357183,6000000074699014882,Guo Jiuzhong
Q45357189,6000000074698664125,Guo Xiaoyou
Q45357192,6000000074698936929,Guo Yi
Q45357194,6000000074697861644,Guo Yi
Q45357198,6000000074697493769,Guo Yi
Q45357201,6000000074698841980,Guo Kangbo
Q45357207,6000000074698810977,Guo Minxiu
Q45357209,6000000074698664134,Guo Bi
Q45357212,6000000074699075867,Guo Shiliang
Q45357216,6000000074699114822,Guo Shu
Q45357219,6000000074698508205,Guo Dazhong
Q45357228,6000000074698684111,Lai Zhishao
Q45357237,6000000074698494282,Lei Mian
Q45357246,6000000074699075904,Li Xun
Q45357248,6000000074698819147,Li Cha
Q45357254,6000000074698834990,Li Changfu
Q45357256,6000000074699075918,Li Changru
Q45357264,6000000074699079885,Li Cheng
Q45357269,6000000074699172835,Li Cheng
Q45357275,6000000074699034947,Li Chengmai
Q45357278,6000000074699111940,Li Chengzao
Q45357280,6000000074699107929,Li Qi
Q45357294,6000000043383617900,Li Zhaogou
Q45357310,6000000074699210895,Li Jie
Q45357312,6000000074699220912,Li Jian
Q45357314,6000000074698457267,Li Jian
Q45357317,6000000074698990156,Li Jian
Q45357320,6000000074699115043,Li Zhi
Q45357326,6000000074698727230,Li Zhi
Q45357328,6000000074699276861,Li Zhi
Q45357332,6000000074699312938,Li Zhiji
Q45357334,6000000074698982275,Li Zhifang
Q45357336,6000000074699376860,Li Zhigong
Q45357340,6000000074698566443,Li Jue
Q45357354,6000000074699443869,Li Zhu
Q45357361,6000000074699160104,Li Zhuang
Q45357363,6000000074699169071,Li Zhong
Q45357366,6000000074699395886,Li Zhongru
Q45357373,6000000074699090209,Li Zhongyong
Q45357374,6000000074699317054,Li Fang
Q45357378,6000000074699496871,Li Fang
Q45357379,6000000074698234789,Li Fen
Q45357386,6000000074699349018,Li Fu
Q45357401,6000000074699456955,Li Xifu
Q45357404,6000000074699366097,Li Xiang
Q45357409,6000000074699565868,Li Xiaoguang
Q45357411,6000000074699141181,Li Xiaobo
Q45357415,6000000074698829394,Li Xuan
Q45357438,6000000074699607871,Li Yi
Q45357442,6000000074699622850,Li Yizhi
Q45357446,6000000074699500991,Li Yizhi
Q45357449,6000000074699468965,Li Ruochuan
Q45357458,6000000074699417087,Li Ruogu
Q45357464,6000000074699205282,Li Gaoqing
Q45357468,6000000074699678822,Li Ge
Q45357471,6000000074699274135,Li Geng
Q45357472,6000000074699492951,Li Guan
Q45357479,6000000074698846398,Li Gui
Q45357480,6000000074699547916,Li Gongmao
Q45357481,6000000074699681844,Li Lizhi
Q45357483,6000000074699458001,Li Liyong
Q45357489,6000000074699627867,Li Lingjiang
Q45357501,6000000074699048298,Li Moxin
Q45357507,6000000074699460071,Li Pengju
Q45357511,6000000074699313202,Li Pingyi
Q45357514,6000000074699090365,Li Bangxian
Q45357520,6000000074698795533,Li Can
Q45357523,6000000074699503963,Li Shangxing
Q45357528,6000000074699585911,Li Shi
Q45357529,6000000074699313211,Li Shuo
Q45357532,6000000074699475999,Li Shi
Q45357534,6000000074699448034,Li Shijing
Q45357551,6000000074699650920,Li Shiliang
Q45357555,6000000074699708858,Li Shide
Q45357565,6000000074699657870,Li Tangru
Q45357567,6000000074698610679,Li Tao
Q45357570,6000000074699637956,Li Tao
Q45357573,6000000074699681918,Li Tingning
Q45357577,6000000074699573938,Li Dai
Q45357582,6000000074699461069,Li Deng
Q45357586,6000000074699326199,Li Ding
Q45357599,6000000074699689936,Li Duanqing
Q45357608,6000000074699752850,Li Dongbiao
Q45357620,6000000074699541102,Li Wenzhong
Q45357623,6000000074699750875,Li Ye
Q45357627,6000000074699410019,Li Yan
Q45357631,6000000074699740870,Li Yan
Q45357637,6000000074699488099,Li Yanbi
Q45357639,6000000074699455087,Li Yansi
Q45357656,6000000074699046345,Li You
Q45357662,6000000074699776903,Li Youwen
Q45357665,6000000074698938440,Li Yuanfu
Q45357669,6000000074699695017,Li Yuanyu
Q45357671,6000000074699677940,Li Yuanyue
Q45357679,6000000074699621984,Li Yunyuan
Q45357686,6000000074699355251,Liang Chu
Q45357689,6000000074699170387,Liang Zhu
Q45357697,6000000074699353186,Liang Bian
Q45357711,6000000074699014677,Liang Duan
Q45357721,6000000074699800918,Liang Yangzu
Q45357726,6000000074699657982,Liao Bangjie
Q45357728,6000000074699290307,Liao Yanzheng
Q45357732,6000000074699775955,Lian Zhengchen
Q45357734,6000000074699751995,Lin Anshang
Q45357738,6000000074699809963,Lin Anzhai
Q45357740,6000000074699170459,Lin Zheng
Q45357743,6000000074699518206,Lin Chi
Q45357751,6000000074699925822,Lin Zhichun
Q45357755,6000000074699849877,Lin Jue
Q45357758,6000000074699087398,Lin Zhongchun
Q45357764,6000000074699771003,Lin Xun
Q45357789,6000000074699787093,Lin Wenzhong
Q45357798,6000000074700978831,Liu Guande
Q45357799,6000000074700905880,Liu Zheng
Q45357813,6000000074699981543,Liu Chengyan
Q45357816,6000000074700436050,Liu Chu
Q45357820,6000000074700913908,Liu Zhao
Q45357827,6000000074700859944,Liu Ji
Q45357830,6000000074700999824,Liu Jian
Q45357836,6000000074701020822,Liu Jing
Q45357840,6000000074700394269,Liu Jing
Q45357841,6000000074700664056,Liu Jingzhen
Q45357845,6000000074700972896,Liu Fang
Q45357848,6000000074700949886,Liu Fuying
Q45357854,6000000074700769062,Liu He
Q45357857,6000000074701042843,Liu Xi
Q45357870,6000000074701266985,Liu Kuai
Q45357894,6000000074701421836,Liu Minqiu
Q45357899,6000000074701429854,Liu Minshi
Q45357901,6000000056073494556,Liu Mingshu
Q45357905,6000000074701456822,Liu Mu
Q45357924,6000000074700750474,Liu Bing
Q45357938,6000000074701314945,Liu Shi
Q45357960,6000000074701475856,Liu Yannian
Q45357963,6000000074700991195,Liu Tingzuo
Q45357970,6000000074701496861,Liu Ding
Q45357974,6000000074701475873,Liu Caishao
Q45357980,6000000074701077151,Liu  Zuo
Q45357991,6000000074701258102,Liu Du
Q45358000,6000000074701456846,Liu Cizhuang
Q45358002,6000000074700753565,Liu Zi
Q45358005,6000000074701480893,Liu Wei
Q45358011,6000000074701480915,Liu Wenbing
Q45358014,6000000074701178176,Liu Wuji
Q45358023,6000000074701606827,Liu Ye
Q45358027,6000000074701393971,Liu Wei
Q45358030,6000000074701512846,Liu Yuanyu
Q45358033,6000000074701614831,Liu Kang
Q45358048,6000000074701601870,Luo Xiaofen
Q45358052,6000000074701344061,Luo Xuan
Q45358055,6000000037746567560,Luo Yanji
Q45358062,6000000074701677844,Lu Junzuo
Q45358068,6000000074701646848,Lu Yi
Q45358071,6000000074701574888,Lu Kui
Q45358080,6000000074701497969,Lu Danian
Q45358089,6000000074701689840,Lu Junkuang
Q45358093,6000000074700925388,Lu Baineng
Q45358095,6000000074700906534,Lu Changheng
Q45358097,6000000074701553923,Lu Cai
Q45358100,6000000074701656921,Lu Yunxiu
Q45358103,6000000074701653889,Lu Huan
Q45358115,6000000074701564979,Lu Zi
Q45358119,6000000074700947587,Lu Youliang
Q45358126,6000000074701350172,Lv Jizhong
Q45358130,6000000074700906604,Lv Jianzhong
Q45358153,6000000074701767957,Lv Zhongfu
Q45358160,6000000074701495076,Lv Xichang
Q45358170,6000000074701774907,Lv Xicui
Q45358173,6000000074701517052,Lv Xiaolian
Q45358182,6000000074701459057,Lv Kai
Q45358199,6000000074701573027,Lv Piwen
Q45358202,6000000074701835859,Lv Bei
Q45358205,6000000074701573032,Lv Shaoning
Q45358216,6000000074701843857,Lv Tingwen
Q45358223,6000000074701591958,Lv Cong
Q45358237,6000000074701849897,Lvqiu Sheng
Q45358242,6000000074701258391,Ma Wenqi
Q45358246,6000000074701797918,Ma Cheng
Q45358249,6000000074701900839,Ma Chengjia
Q45358253,6000000074701917843,Ma Chengding
Q45358258,6000000074701782989,Ma Chun
Q45358266,6000000074701295266,Ma Jingsheng
Q45358270,6000000074701681998,Ma Jue
Q45358276,6000000074701526152,Ma Xun
Q45358278,6000000074701951826,Ma Qi
Q45358284,6000000074701919832,Ma Mo
Q45358286,6000000074701924842,Ma Shao
Q45358288,6000000074701915863,Ma Chenzhi
Q45358292,6000000074701692023,Ma Yanzhi
Q45358298,6000000074701922876,Mao Jian
Q45358301,6000000074701513148,Mao Kang
Q45358304,6000000074701719984,Mao Yan
Q45358307,6000000074701893892,Mei Zhi
Q45358309,6000000074701513161,Mei Zhili
Q45358314,6000000074701897947,Meng Chuyi
Q45358317,6000000074701003519,Meng Chong
Q45358327,6000000074701522155,Miao Shizhong
Q45358339,6000000074701970857,Mo Shixian
Q45358340,6000000074702011839,Mosi Hu
Q45358343,6000000074701988867,Mu Jing
Q45358347,6000000074701443306,Mu Yan
Q45358361,6000000074701848947,Ouyang Ji
Q45358366,6000000074701675166,Ouyang Xingshi
Q45358387,6000000074701897095,Pan Su
Q45358392,6000000074701833216,Pang Yinsun
Q45358398,6000000074702136918,Pei Lun
Q45358401,6000000074701968079,Pei Zude
Q45358407,6000000074701476451,Peng Chi
Q45358416,6000000074702627925,Peng Ciyun
Q45358417,6000000074701495709,Peng Weijie
Q45358420,6000000074702807830,Peng Wenbao
Q45358430,6000000074702615918,Pu Zhi
Q45358436,6000000074702349189,Pu Zongmin
Q45358438,6000000074701959219,Ba Yi
Q45358443,6000000074702464893,Bao Ju
Q45358449,6000000074702712925,Bao Zhonghe
Q45358456,6000000074702498002,Bao Zi
Q45358459,6000000074702816872,Bi Liangshi
Q45358470,6000000074702550100,Bai Chengrui
Q45358474,6000000074702857843,Bu Lun
Q45358476,6000000074702326168,Sang Jingxun
Q45358482,6000000074702439211,Sang Yan
Q45358498,6000000074702378292,Shao Jizhi
Q45358506,6000000074702915826,Shao Bangda
Q45358516,6000000074702664073,Shao Dashou
Q45358524,6000000074702835920,Shen Wenwei
Q45358526,6000000074701799642,Shen Chengli
Q45358539,6000000074703690827,Shen Xiyan
Q45358551,6000000074703127312,Shen Gongyan
Q45358560,6000000074703140346,Shen Shu
Q45358576,6000000074703350197,Shi Yuan
Q45358582,6000000074703787828,Shi Hu
Q45358587,6000000074703609975,Shi Kan
Q45358594,6000000074703225375,Shi Shunxian
Q45358597,6000000074703343014,Shi Xiaosun
Q45358601,6000000074702731740,Shi Daochen
Q45358603,6000000074703660859,Shi Yan
Q45358604,6000000074703714964,Shi Jie
Q45358608,6000000074703749896,Shi Xigu
Q45358611,6000000074703254248,Shi Chao
Q45358616,6000000074703784852,Shi Zhengzhi
Q45358619,6000000074703714970,Shi Hui
Q45358621,6000000074703650922,Shi Mo
Q45358624,6000000074702947518,Shi Dunyi
Q45358629,6000000074703743885,Shu Ben
Q45358639,6000000074703669914,Suo Qiu
Q45358662,6000000074703479152,Su Zhen
Q45358665,6000000074703666923,Su Jue
Q45358672,6000000074703766993,Su Zhuang
Q45358688,6000000074703934842,Su Liangye
Q45358700,6000000074703568197,Su Cai
Q45358706,6000000074703455290,Su Weifu
Q45358709,6000000074703472178,Sun Aobian
Q45358714,6000000074702947698,Sun Chun
Q45358725,6000000074703651041,Sun Jie
Q45358741,6000000074703607149,Sun Zhuang
Q45358744,6000000074703738092,Sun Jue
Q45358754,6000000074703881977,Sun Xun
Q45358756,6000000074702835655,Sun Jiong
Q45358758,6000000074703945901,Sun Yi
Q45358772,6000000074703930948,Sun Gong
Q45358783,6000000074703996907,Sun Bang
Q45358784,6000000074703653038,Sun Ben
Q45358789,6000000074703754034,Sun Sheng
Q45358792,6000000074703889954,Sun Sheng
Q45358795,6000000074703897977,Sun Shun
Q45358800,6000000074703849050,Sun Tan
Q45358804,6000000074703482258,Sun Zai
Q45358806,6000000074703496222,Sun Zushou
Q45358808,6000000074703801101,Sun Yafu
Q45358809,6000000074704012868,Sun Ye
Q45358811,6000000074704007891,Sun Yanshou
Q45358815,6000000074703591227,Sun Yuding
Q45358818,6000000074704022887,Sun Yuanfang
Q45358824,6000000074703704124,Song Changyan
Q45358830,6000000074704066876,Song Zhao
Q45358833,6000000074704009944,Song Zheng
Q45358835,6000000074704075907,Song Zhongkan
Q45358842,6000000074704113836,Song Xi
Q45358845,6000000074702936742,Song Xuan
Q45358846,6000000074703928057,Song Kuang
Q45358851,6000000074704130877,Song Kangnian
Q45358854,6000000074703924095,Song Gou
Q45358858,6000000043404207860,Song Pengnian
Q45358865,6000000074704063938,Song Sisun
Q45358868,6000000074704140872,Song Tan
Q45358874,6000000074703185568,Song Cangshu
Q45358879,6000000074703879031,Song Ziyong
Q45358897,6000000074703935118,Tang Yi
Q45358900,6000000074704178907,Tang Mengguan
Q45358907,6000000074704145846,Tang Yungong
Q45358912,6000000074704005999,Tang Ji
Q45358924,6000000074703580402,Tang Li
Q45358929,6000000074703581358,Tang Zun
Q45358935,6000000074703730194,Tao Xun
Q45358937,6000000074703562377,Tao Yi
Q45358939,6000000074703990108,Tao Kai
Q45358976,6000000074703813265,Tian Gu
Q45358977,6000000074704371841,Tian Ziliang
Q45358979,6000000038918476147,Tian You
Q45358985,6000000074704339898,Dai Yuncheng
Q45358988,6000000074704048081,Deng Zhigang
Q45358991,6000000074704082092,Deng Fei
Q45358995,6000000074703813283,Deng Gen
Q45358996,6000000074704225947,Deng Shao
Q45358999,6000000074704279895,Deng Shen
Q45359003,6000000074703760359,Deng Zuo
Q45359009,6000000074703564343,Deng Youfu
Q45359027,6000000074704048134,Ding Louming
Q45359032,6000000074704427858,Ding Shen
Q45359033,6000000074703651267,Ding Ze
Q45359038,6000000074704426891,Dou Pin
Q45359042,6000000074704392872,Cai Anqiang
Q45359045,6000000074704269965,Cai Anchi
Q45359062,6000000074703813390,Cai Xiang
Q45359069,6000000074704006157,Cai Mengxiu
Q45359073,6000000074704423966,Cai Pu
Q45359077,6000000074704248105,Cai Bo
Q45359094,6000000074704650822,Cao Jian
Q45359099,6000000074704230160,Cao Gu
Q45359108,6000000074704471959,Cao Song
Q45359111,6000000074704626894,Cao Tan
Q45359118,6000000074704447004,Cao Yuanju
Q45359121,6000000074704660847,Cao Yong
Q45359123,6000000074704274067,Cen Xiangqiu
Q45359125,6000000074704095211,Cui Ji
Q45359129,6000000074704683829,Cui Fu
Q45359144,6000000074704386071,Cui Mai
Q45359155,6000000074703946324,Cui Ce
Q45359157,6000000074704603931,Cui Duan
Q45359160,6000000074703906377,Cui Zijian
Q45359163,6000000074704141214,Cui Weihan
Q45359166,6000000074704216154,Zang Kui
Q45359170,6000000074704154146,Zang Baoheng
Q45359176,6000000074704759828,Zeng Xiaoji
Q45359181,6000000074704683017,Zeng Xiaoguang
Q45359183,6000000074704437071,Zeng Xiaolian
Q45359187,6000000074704424082,Zeng Xiaoyou
Q45359197,6000000074704638937,Zeng Hongzheng
Q45359209,6000000074704782882,Zeng Mo
Q45359213,6000000074704680973,Zeng Dang
Q45359218,6000000074704610935,Zeng Wei
Q45359223,6000000074703914537,Zeng Wu
Q45359230,6000000074704240168,Zou Tan
Q45359244,6000000074704266220,Du Kuang
Q45359246,6000000074704777883,Du Chang
Q45359260,6000000074704299206,Du Zhi
Q45359264,6000000074704720983,Du Mengzheng
Q45359265,6000000074704757894,Du Shiliang
Q45359269,6000000074704745919,Du Zai
Q45359276,6000000074704524104,Duan Jie
Q45359283,6000000074704399156,Duan Ye
Q45359284,6000000074704657033,Duan Yu
Q45359289,6000000039009350237,Dong Zhengfeng
Q45359290,6000000074704932837,Dong Jiang
Q45359291,6000000074704524134,Dong Zhixun
Q45359298,6000000074704521097,Dong Shen
Q45359301,6000000074704901857,Dong Shen
Q45359304,6000000074704895859,Dong Xun
Q45359307,6000000074704542119,Dong Guizheng
Q45359309,6000000074704006346,Dong Mian
Q45359312,6000000074704518115,Dong Cui
Q45359317,6000000074704452194,Dong Bi
Q45359319,6000000074704749959,Dong Zun
Q45359322,6000000074704592050,Dong Dunyi
Q45359328,6000000074704804929,Dong Yue
Q45359332,6000000074704947868,Wan A
Q45359338,6000000074704829937,Wang Fuzhi
Q45359343,6000000074704729031,Wang Liangcai
Q45359361,6000000074704836030,Wang Ang
Q45359363,6000000074704539086,Wang Qi
Q45359369,6000000074705045835,Wang Qin
Q45359375,6000000074704584106,Wang Qiu
Q45359376,6000000074704931969,Wang Chuo
Q45359379,6000000074704480279,Wang Zhan
Q45359387,6000000074705065868,Wang Zhao
Q45359388,6000000074704868057,Wang Zhen
Q45359395,6000000074705112838,Wang Jizhi
Q45359406,6000000074705026943,Wang Zhi
Q45359412,6000000074705149837,Wang Zhi
Q45359423,6000000074705166883,Wang Jue
Q45359426,6000000074705128877,Wang Ju
Q45359428,6000000074705021965,Wang Ju
Q45359433,6000000074704862115,Wang Juqing
Q45359434,6000000074704887081,Wang Jubai
Q45359448,6000000074704792215,Wang Zhonghua
Q45359449,6000000074705070923,Wang Zhonghong
Q45359453,6000000074704811151,Wang Zhongyuan
Q45359455,6000000074705107918,Wang E
Q45359459,6000000074705014931,Wang Fan
Q45359465,6000000074705020923,Wang Fu
Q45359470,6000000074705087960,Ling Jingxia
Q45359472,6000000074704810094,Wang Fu
Q45359473,6000000074705197897,Wang Fu
Q45359479,6000000074704963980,Wang Haogu
Q45359482,6000000074704913006,Wang Heng
Q45359497,6000000074705110897,Wang Xiaoguang
Q45359501,6000000074704887108,Wang Xian
Q45359508,6000000074704908147,Wang Xunyou
Q45359516,6000000074704887114,Wang Huiming
Q45359520,6000000074704195241,Wang Yi
Q45359522,6000000074705281838,Wang Yichao
Q45359532,6000000074705286861,Wang Ran
Q45359537,6000000074705343825,Wang Ruming
Q45359540,6000000074705188848,Wang Kai
Q45359545,6000000074705365822,Wang Kui
Q45359553,6000000074704710243,Wang Ge
Q45359555,6000000074705273881,Wang Goulong
Q45359561,6000000074704923087,Wang Guan
Q45359572,6000000074704951161,Wang Gui
Q45359577,6000000074705320867,Wang Lizhi
Q45359580,6000000074705357882,Wang Liyong
Q45359584,6000000074704870175,Wang Liangcun
Q45359612,6000000074705341877,Wang Bowen
Q45359615,6000000074705409839,Wang Boyu
Q45359621,6000000074705230961,Wang shang
Q45359629,6000000074704922185,Wang Shao
Q45359637,6000000074705398843,Wang Shenwei
Q45359639,6000000074705307943,Wang Sheng
Q45359641,6000000074705436826,Wang Shuo
Q45359645,6000000074705286912,Wang Shi
Q45359655,6000000074705422871,Wang Shisheng
Q45359696,6000000074705510885,Wang Tinglao
Q45359708,6000000074705250012,Wang Deyi
Q45359720,6000000074704750348,Wang Ding
Q45359742,6000000074705563860,Wang Zongwang
Q45359743,6000000074704565723,Wang Duanchao
Q45359744,6000000043402337881,Wang Duanchen
Q45359755,6000000074705101284,Wang Zixian
Q45359768,6000000074705024264,Wang Wan
Q45359771,6000000074705383018,Wang Wei
Q45359776,6000000074705219187,Wang Yang
Q45359777,6000000074705501944,Wang Yangying
Q45359780,6000000074705180225,Wang Yaochen
Q45359787,6000000074705659822,Wang Yan
Q45359791,6000000074705201235,Wang Kan
Q45359792,6000000074705661822,Wang Yan
Q45359805,6000000074705604859,Wang Ying
Q45359809,6000000074705527980,Wang Yu
Q45359826,6000000074705592946,Wang Yue
Q45359827,6000000074705679822,Wang Yue
Q45359830,6000000074705625872,Chen Peng
Q45359834,6000000074705485955,Wei Wusheng
Q45359841,6000000074705475018,Wei Xiang
Q45359844,6000000074705588889,Wei Xiaoxian
Q45359850,6000000074705250135,Wei Pi
Q45359854,6000000074705180266,Wei Bochu
Q45359866,6000000074705706825,Wen Xun
Q45359887,6000000074705738827,Wu Jifu
Q45359889,6000000074705398150,Wu Zhifu
Q45359899,6000000074705788847,Wu Juncheng
Q45359909,6000000074705786847,Wu Zhongxian
Q45359918,6000000074705153361,Wu Xiang
Q45359920,6000000074705707867,Wu Xiaoneng
Q45359925,6000000074705562012,Wu Xun
Q45359930,6000000074705345143,Wu Ge
Q45359934,6000000074705504188,Wu Liang
Q45359941,6000000074705210327,Wu Shenli
Q45359945,6000000074704999493,Wu Shineng
Q45359947,6000000074705166383,Wu Taiyuan
Q45359950,6000000074705789915,Wu Dingchen
Q45359961,6000000074705830889,Wu Yan
Q45359964,6000000074705643081,Wu Yanzhang
Q45359966,6000000074705278247,Wu Yinglong
Q45359976,6000000074705808891,Yang Chen
Q45359998,6000000074704541770,Yang Zhongguang
Q45360005,6000000074705834037,Yang Jian
Q45360023,6000000074706041906,Yang Yi
Q45360027,6000000074705423359,Yang Yi
Q45360034,6000000074706109827,Yang Kang
Q45360047,6000000074705995955,Yang Kui
Q45360055,6000000074706137826,Yang Minwang
Q45360059,6000000074705102602,Yang Bangbi
Q45360063,6000000074705037720,Yang Shuyi
Q45360075,6000000074705473368,Yang Ting
Q45360091,6000000074706265845,Yang Wei
Q45360102,6000000074705691318,Yang Yuan
Q45360111,6000000074706251837,Yao Zhuo
Q45360120,6000000074705589287,Yao Shao
Q45360121,6000000074706077035,Yao Shunren
Q45360127,6000000074706064033,Yao Yue
Q45360136,6000000074706332828,Ye Xisou
Q45360141,6000000074705969098,Ye Kangbi
Q45360147,6000000074706036045,Ye Mengxiu
Q45360152,6000000074705496359,Ye Shen
Q45360156,6000000074706316837,Ye Wensou
Q45360161,6000000074706030146,Yan Ruogu
Q45360166,6000000074705383599,Yan Ruomeng
Q45360173,6000000074705465437,Yan Junhuang
Q45360182,6000000074706377834,Yan Yancheng
Q45360192,6000000074705596317,Yan Ling
Q45360194,6000000074706247957,Yan Dan
Q45360206,6000000074707161345,Yan Dunfu
Q45360212,6000000074707764940,Yin Zhongchen
Q45360215,6000000074707686044,Ying Andao
Q45360219,6000000074707764957,Ying Ganchen
Q45360221,6000000074707781907,Ying Shunchen
Q45360224,6000000074707686055,You Lie
Q45360236,6000000074707927834,Yu Jin
Q45360239,6000000074707880860,Yu Zhou
Q45360265,6000000074707931900,Yu Shou
Q45360269,6000000074707798980,Yu Zao
Q45360273,6000000074707695026,Yu Yanming
Q45360274,6000000074707408358,Yu Yingqiu
Q45360275,6000000074707961831,Yu Zhi
Q45360294,6000000074709399965,Yuan Zhenggong
Q45360299,6000000074709120122,Yuan Fuyi
Q45360305,6000000074709474920,Yuan Bing
Q45360308,6000000074709748863,Yuan Wei
Q45360310,6000000074709557910,Yuan Yi
Q45360313,6000000074709754849,Yuan Shu
Q45360319,6000000074709700906,Yang Yungong
Q45360324,6000000074709783851,Qi Kuo
Q45360328,6000000074709551988,Luqiu Xiaozhi
Q45360359,6000000074709816862,Wang Zhen
Q45360375,6000000074709807933,Sun Yi
Q45360381,6000000074709433120,Li Du
Q45360403,6000000074710152901,Chang Liangsun
Q45360405,6000000074709919986,Chang Mao
Q45360410,6000000074710042972,Chang Yusun
Q45360441,6000000074709812126,Chao Zaizhi
Q45360456,6000000074710204873,Chao Zihe
Q45360492,6000000074709747112,Qian Duanzhong
Q45360495,6000000074710363867,Qian Duanyi
Q45360507,6000000038998824887,Chen Anding
Q45360535,6000000074710051089,Chen Zhuo
Q45360573,6000000074710570889,Chen Lie
Q45360595,6000000074710723849,Chen Congzhi
Q45360598,6000000074710386056,Chen Congdao
Q45360620,6000000074710455938,Chen Yuan
Q45360662,6000000074710655879,Cheng Wei
Q45360667,6000000074710403994,Cheng Wenchang
Q45360693,6000000074710391993,Zhang Zhi
Q45360718,6000000074710428058,Zhang Zhu
Q45360739,6000000074710986839,Zhang Zhen
Q45360767,6000000074710688972,Zhang Xu
Q45360770,6000000074710909930,Zhang Yi
Q45360773,6000000074711018841,Zhang Yi
Q45360776,6000000074710910883,Zhang Ruming
Q45360797,6000000074710951895,Zhang Bohu
Q45360807,6000000074711030835,Zhang Shouguang
Q45360817,6000000074710650074,Zhang Dazhuang
Q45360837,6000000074710713061,Zhang Zisi
Q45360852,6000000074709939435,Zhang Yu
Q45360859,6000000074710547048,Zhang Yuanbi
Q45360861,6000000074710424008,Zhang Yuansu
Q45360888,6000000074711027853,Zhang Tan
Q45360902,6000000074710552079,Zhao Zhongmo
Q45360918,6000000074710583200,Zhao Kuang
Q45360934,6000000074710991968,Zhao Shizong
Q45360978,6000000074711346891,Jiang Chujun
Q45361002,6000000074710967194,Zhou B
Q45361016,6000000074711735866,Zhou Ximeng
Q45361055,6000000074710812379,Zhu Shian
Q45361098,6000000074711572973,Fan Zhonggu
Q45361111,6000000074711654913,Fan Gongcheng
Q45361122,6000000074710958220,Fan Zundao
Q45361128,6000000074711534046,Fan Zichang
Q45361131,6000000074711546999,Fan Zikai
Q45361152,6000000074711108190,Fang Fengji
Q45361165,6000000074711296129,Fang Shencong
Q45361168,6000000074710216752,Fang Shende
Q45361170,6000000074710791287,Fang Tian
Q45361177,6000000074711178178,Fang A
Q45361194,6000000074711737928,Fu Jiamou
Q45361255,6000000074711866908,He A
Q45361260,6000000074711747962,He Zhengchen
Q45361272,6000000074711856981,He Tang
Q45361278,6000000074711893894,Xia Cheng
Q45361283,6000000074712044829,Xia Zuyu
Q45361291,6000000074712053826,Xiang Ji
Q45361295,6000000074712018845,Xiang Jiang
Q45361322,6000000074711957893,Xiang Ziyu
Q45361328,6000000074711941881,Xiao Qi
Q45361349,6000000074711899895,Xing Chun
Q45361367,6000000074711895905,Xu Min
Q45361407,6000000074712033868,Hu Jianxiu
Q45361410,6000000074711450078,Hu Shixiu
Q45361422,6000000074712061906,Hu Yingze
Q45361428,6000000074711919980,Huang Changchao
Q45361432,6000000074711011142,Huang Changling
Q45361461,6000000074712147825,Huang Dashao
Q45361467,6000000074712111867,Huangfu Shen
Q45361479,6000000074712124878,Ren Li
Q45361506,6000000074711882058,Gao A
Q45361515,6000000074711849022,Gao Xi
Q45361517,6000000074712033899,Gao Xian
Q45361524,6000000074712080930,Gao Gongsu
Q45361546,6000000074712126893,Gong A
Q45361550,6000000074711762051,Gong Fu
Q45361578,6000000074712264878,Geng Kai
Q45361594,6000000074712186893,Li Changyun
Q45361661,6000000074712239992,Li D
Q45361666,6000000074712509868,Li F
Q45361673,6000000074712576841,Li G
Q45361677,6000000074712389907,Li H
Q45361730,6000000074711799419,Li Linzhi
Q45361760,6000000074712760823,Li Shimou
Q45361785,6000000074712244136,Li Dayou
Q45361806,6000000074712568911,Li Zengbo
Q45361822,6000000074711597392,Li Yanzhi
Q45361841,6000000074712278091,Li Yuqing
Q45361852,6000000074712504043,Liang Qingzu
Q45361873,6000000074712765936,Liang Yu
Q45361878,6000000074712639947,Lin A
Q45361893,6000000074712673951,Lin Shudu
Q45361904,6000000074712502040,Ling Hao
Q45361944,6000000074712892890,Liu Xun
Q45361975,6000000074715173845,Luo A
Q45361992,6000000074715030960,Luo Yong
Q45362002,6000000074715226868,Lou Jun
Q45362005,6000000074715291824,Lou Zhen
Q45362013,6000000074715049904,Lou Yi
Q45362018,6000000074715242846,Lou Di
Q45362022,6000000074714489312,Lou Zong
Q45362056,6000000074714632134,Lu Ju
Q45362071,6000000074715211885,Lu Tang
Q45362080,6000000074714978094,Lv A
Q45362097,6000000074715001008,Lv Xiya
Q45362119,6000000074714946013,Lv Zutai
Q45362140,6000000074715243876,Ma Chengxiu
Q45362141,6000000074715148955,Ma Zhuanzheng
Q45362151,6000000074715238936,Ma Yongyu
Q45362157,6000000074714863979,Ma Yu
Q45362184,6000000074714946047,Mosi Kan
Q45362186,6000000074715274899,Mosi Shaozhi
Q45362196,6000000074715775872,Ouyang Zhong
Q45362262,6000000074715780866,Pu Che
Q45362273,6000000074714632285,Peng Rulin
Q45362283,6000000074715876828,Shangguan Jiahui
Q45362290,6000000074715304049,Shangguan He
Q45362294,6000000074715846877,Shangguan Moqing
Q45362298,6000000074715892831,Shangguan Ben
Q45362305,6000000074715771917,Shi Gu
Q45362352,6000000074715818924,Shen Du
Q45362361,6000000074715939835,Sheng Xiu
Q45362368,6000000074715987826,Sheng Mingyuan
Q45362397,6000000074715876895,Su Jie
Q45362488,6000000074716351849,Sun Yaqing
Q45362510,6000000075058676836,Song Jingnian
Q45362535,6000000074716255058,Song Songnian
Q45362541,6000000074716157011,Song Zifang
Q45362551,6000000074716894876,Song Yannian
Q45362577,6000000074716667952,Tang Yong
Q45362623,6000000074716944859,Tao Yue
Q45362635,6000000074716266088,Diao Baochen
Q45362644,6000000074716819012,Diao Wei
Q45362648,6000000074717032822,Diao Yan
Q45362667,6000000074716984908,Cai Jian
Q45362669,6000000074716384947,Cai Jian
Q45362743,6000000074716291081,Cao Wan
Q45362745,6000000074716943904,Cao Youwen
Q45362762,6000000074354190961,Cui Yansun
Q45362804,6000000074717112994,Zeng Fu
Q45362867,6000000074717091036,Du Wei
Q45362869,6000000074717280922,Du Yin
Q45362875,6000000074717414843,Duan Zhen
Q45362879,6000000074717374871,Deng A
Q45362881,6000000074717398858,Deng B
Q45362884,6000000074716903319,Deng C
Q45362888,6000000074717125014,Deng Shirao
Q45362902,6000000074716305279,Wang C
Q45362923,6000000074716340292,Wang Zhongkang
Q45362948,6000000074717225001,Wang Houzhi
Q45362983,6000000074716996157,Wang Gang
Q45363033,6000000074716225269,Wang Dingchen
Q45363038,6000000074717307960,Wang Zun
Q45363067,6000000074717333083,Wei Pu
Q45363079,6000000074717673844,Wu B
Q45363083,6000000074717084347,Wu Quan
Q45363126,6000000039105622438,Wu Shifu
Q45363129,6000000037591523322,Wu Shiren
Q45363140,6000000074716340441,Wu Ze
Q45363149,6000000074717296191,Wen Kangshi
Q45363158,6000000074717634905,Weng Shengzhi
Q45363221,6000000074717821823,Yang Shu
Q45363238,6000000074717813839,Yao Yi
Q45363241,6000000074716996370,Yao Pi
Q45363243,6000000074717296272,Yao Tan
Q45363244,6000000074717789848,Yao Dong
Q45363252,6000000074717796894,Ye A
Q45363254,6000000074717212303,Ye B
Q45363264,6000000074717686931,Ye Jun
Q45363284,6000000074717825844,Ye Dajie
Q45363297,6000000074717523000,Ye Ziqiang
Q45363300,6000000074717840835,Yan Ruoji
Q45363303,6000000074717836829,Yan Ruocai
Q45363309,6000000074716340513,Yan Anshi
Q45363314,6000000074717821837,Yan Zhili
Q45363318,6000000074717292242,Yan Fa
Q45363321,6000000074717772891,Yan Fu
Q45363329,6000000074717821850,Yan Rongsou
Q45363334,6000000074717598123,Yan Mengying
Q45363339,6000000074717577079,Yan Shujie
Q45363340,6000000074717671977,Yan Shukai
Q45363343,6000000074717751887,Yan Shuping
Q45363348,6000000074717584028,Yan Shuyao
Q45363350,6000000074717723956,Yan Shuyu
Q45363352,6000000074717811886,Yan Shuyuan
Q45363356,6000000074717499114,Yan Tang
Q45363360,6000000074717821858,Yan Tianxuan
Q45363365,6000000074717763918,Yan Zong
Q45363368,6000000074717837841,Yan Du
Q45363372,6000000074717836840,Yan Zikui
Q45363376,6000000074717880824,Yan Xilong
Q45363377,6000000074717336197,Yan Yao
Q45363379,6000000074717813876,Yan Yaohuan
Q45363383,6000000074717052358,Yan Yaolin
Q45363387,6000000074717764913,Yan Yan
Q45363389,6000000074717772913,Yan Ying
Q45363445,6000000074717302258,Yu Bao
Q45363481,6000000074717018400,Yue Fu
Q45363511,6000000074716819611,Zhang Chong
Q45363535,6000000074717895881,Xiang Mou
Q45363571,6000000074717883890,Li Yan
Q45363576,6000000074717131453,Sima A
Q45363612,6000000074717969822,Zhang B
Q45363638,6000000074717952862,Dong A
Q45365017,6000000074725611030,Chao Zhonghui
Q45365062,6000000074725150748,Zhou Zhimo
Q45365067,6000000074725442323,Zhou Dabian
Q45365102,6000000074725423432,Han Zongyuan
Q45365119,6000000074725042465,Li Fuguo
Q45365155,6000000074725752007,Lu Min
Q45365245,6000000074725878927,Wang Jingfen
Q45365264,6000000074725376328,Wang Yuanlao
Q45365294,6000000074725714001,Yao Fu
Q45365296,6000000074725343435,Yao Zongzhi
Q45365328,6000000074725243524,Rao Meng
Q45365359,6000000074725648175,Chao Duanfu
Q45365386,6000000074725861930,Chen Danian
Q45365408,6000000074725820017,Qi A
Q45365461,6000000074725525378,Zhang Xiong
Q45365494,6000000074725671215,Zhang Tao
Q45365559,6000000074725997861,Zhou Xiong
Q45365587,6000000074726053842,Zhu Zirong
Q45365594,6000000074725613322,Zhong Xuan
Q45365598,6000000074691559947,Zhongli Jinggui
Q45365614,6000000074726037874,Fan Kang
Q45365639,6000000074725241786,Han Yizhou
Q45365641,6000000043383358877,Han Lian
Q45365648,6000000074725614323,Han Yuanzhou
Q45365654,6000000074726051861,He Bifei
Q45365687,6000000074725879129,Xu Shou
Q45365690,6000000074725950970,Xu Tingxian
Q45365702,6000000074725950975,Hu Xian
Q45365722,6000000074725589408,Huang Dui
Q45365725,6000000074725964970,Huang Yu
Q45365740,6000000074725858018,Ge Wu
Q45365753,6000000074725770187,Guo Fu
Q45365755,6000000074725894089,Li Anshang
Q45365781,6000000074725304591,Li Yan
Q45365796,6000000074726044993,Liang Xingzu
Q45365800,6000000074725837151,Liang Kuan
Q45365807,6000000074725383509,Lian Hengfu
Q45365810,6000000074725984890,Lin Fu
Q45365843,6000000074726051918,Luo Zhongju
Q45365872,6000000074370603118,Lv Zushu
Q45365898,6000000074726045963,Bian Qiu
Q45365933,6000000074725392656,Shen X
Q45365942,6000000074726079914,Shi Jingxi
Q45365950,6000000039254992640,Shi Yuanzhi
Q45365956,6000000074726141822,Sima Yu
Q45365959,6000000074725968977,Su Fan
Q45365969,6000000074725963020,Sun Ji
Q45365975,6000000043384089853,Song Yinian
Q45365986,6000000074726074952,Tang Zhun
Q45366004,6000000074726014965,Diao Yin
Q45366012,6000000074725984918,Cai Yu
Q45366029,6000000074725633445,Cui Desun
Q45366047,6000000074725655344,Du Juren
Q45366087,6000000074725489469,Wang Shunju
Q45366125,6000000074725656387,Wu Jin
Q45366132,6000000074725426515,Wu Cai
Q45366151,6000000037590871222,Ye Tao
Q45366186,6000000074725785254,Chen Guoting
Q45366235,6000000074725792422,Zhang Xia
Q45366251,6000000074725490641,Zheng Zhongyong
Q45366270,6000000074725553487,Zhou Linzhi
Q45366273,6000000074726298823,Zhou Wang
Q45366295,6000000074725384807,Feng Xizai
Q45366326,6000000074725840330,He Ruo
Q45366329,6000000074726277882,Hou Meng
Q45366454,6000000074725034342,Liu Kui
Q45366492,6000000074725471786,Mi Dechao
Q45366532,6000000074726257971,Song Pu
Q45366582,6000000074725613624,Duan Fu
Q45366610,6000000074726396836,Wang Xiaodi
Q45366685,6000000074725889468,Yu Yaobi
Q45366787,6000000074727165990,An Wenhui
Q45366789,6000000074726869346,Zhang Jie
Q45366793,6000000074726717521,Zhang Huan
Q45366795,6000000074727299919,Zhang Rui
Q45366814,6000000074727388823,Ding Shifa
Q45366816,6000000074727343841,Li Gangzhong
Q45366821,6000000074727381827,Chen Shiwen
Q45366822,6000000074727005187,Chen Ziming
Q45366825,6000000074726466631,Chen Yan
Q45366832,6000000074726644635,Qian Bin
Q45366845,6000000074726604674,Zhu Duanzhang
Q45366848,6000000074727199044,Xia De
Q45366895,6000000074727298948,Shi Kan
Q45366903,6000000074727125049,Dong Ji
Q45366914,6000000074726934220,Wang Kuang
Q45366923,6000000074727293954,Wang Qiu
Q45366930,6000000074726801306,Yang Shiying
Q45366958,6000000074727156091,Cai Yu
Q45366964,6000000074726961279,Yu Ying
Q45366969,6000000074727172113,Yu Zhifang
Q45367002,6000000074727432843,Cai Jizhong
Q45367007,6000000074726239321,Ge Yuanzhi
Q45367011,6000000074727204983,Ge Yannian
Q45367065,6000000074727423848,Cui Jiayan
Q45367074,6000000074727087497,Wu Yi
Q45367077,6000000074727395898,Wu Zeng
Q45367135,6000000074727432911,Chen A
Q45367148,6000000074726604779,Pang Zhongrong
Q45367153,6000000074726630537,Pang Shuda
Q45367156,6000000074726979239,Wei Yuan
Q45367158,6000000074727166101,Guo Di
Q45367162,6000000074727064142,Chen Xiang
Q45367193,6000000074726677616,Zhou Tianlin
Q45367244,6000000074726628386,Zhang Kuo
Q45367271,6000000074727182190,Yu Jizu
Q45367274,6000000074726912362,Shi Weina
Q45367296,6000000074727297990,Yang Wei
Q45367299,6000000074727374963,Yang Zhu
Q45367320,6000000074727409919,Li Shisheng
Q45367354,6000000074727443913,Hong Xian
Q45367357,6000000074727211017,Hong Ji
Q45367366,6000000074727329045,Hong Jian
Q45367456,6000000074727505929,Gong Huiyuan
Q45367458,6000000074727463924,Gong Kuang
Q45367460,6000000074727325004,Gong Gai
Q45367478,6000000074727277047,Gong Tianding
Q45367540,6000000074727571831,Zhai Zhiying
Q45367565,6000000074727400009,Zhang Zi
Q45367603,6000000074726856479,Lu Qi
Q45367641,6000000074727667834,Lou Chun
Q45367672,6000000074727348048,Lou Pan
Q45367690,6000000074727669825,Bian Fang
Q45367694,6000000074727154226,Bian Min
Q45367709,6000000074727666846,Bian Lie
Q45367720,6000000074727518959,Bian Yingshi
Q45367758,6000000074727543976,Bian Shen
Q45367760,6000000074727511950,Shu Lie
Q45367777,6000000074727518000,Lin Chong
Q45367881,6000000074727183356,Jiao Yuan
Q45367962,6000000074726971425,Wang Fen
Q45367989,6000000074727750824,Lu Shen
Q45368004,6000000074727464938,Zheng Zhang
Q45368012,6000000074727764822,Zheng Ruorong
Q45368290,6000000074727631972,Zhao Mengxian
Q45368431,6000000074727260279,Xiang Shifen
Q45368433,6000000074727544965,Zhao Shizhao
Q45368474,6000000074727688936,Feng Weishi
Q45368633,6000000074727807838,Chen Guan
Q45368715,6000000074727467219,Yang Fushi
Q45368742,6000000074727879822,Xue Ze
Q45368762,6000000074727465001,Yuan Gai
Q45368768,6000000074727736904,Xue Weng
Q45368779,6000000074727802876,Xue Shiyong
Q45368798,6000000074727583077,Zheng Bohai
Q45368800,6000000074727757910,Zheng Boying
Q45368802,6000000074727673992,Zheng Boqian
Q45368805,6000000074727657016,Wang H
Q45368837,6000000074727769998,Zheng Bangyan
Q45368839,6000000074727241382,Jia A
Q45368850,6000000074726910600,Jia Zi
Q45368876,6000000074727651064,Li Rugui
Q45368883,6000000074727205471,Liu Yun
Q45368929,6000000074727409339,Shi Yaosi
Q45368938,6000000074727786974,Shi Yaowen
Q45368988,6000000074727531191,Jia Hui
Q45369016,6000000074727953858,Song Boren
Q45369030,6000000074727982839,Du Shiwen
Q45369065,6000000074727618156,Du Wan
Q45369077,6000000074727431198,Wang Weiyao
Q45369117,6000000074727943890,He Shen
Q45369131,6000000074727883915,Wang Kan
Q45369156,6000000074727065701,Wang Kan
Q45369185,6000000074727990853,Shi Qi
Q45369220,6000000074728015856,He Jian
Q45369322,6000000074728041896,Bao Yue
Q45369336,6000000074727628137,Bao Shen
Q45369349,6000000074728055938,Xue Shixian
Q45369647,6000000074727892166,Huang Pang
Q45369650,6000000074727376503,Cao Shisu
Q45369750,6000000074728310845,Zheng Nanqing
Q45369753,6000000074728068019,Zheng Jian
Q45369771,6000000074727475477,Luo B
Q45369789,6000000074728381824,Liu Congxiao
Q45369792,6000000074727956184,Liu Renhui
Q45369809,6000000074728192991,Liu Jun
Q45369909,6000000074727257642,Song Li
Q45369912,6000000074727088697,Song Yu
Q45369915,6000000074728224912,Song Zhen
Q45369917,6000000074727956212,Song Guan
Q45369920,6000000074726992722,Song Cong
Q45369925,6000000074727976109,Song Hu
Q45369926,6000000074728373838,Song Zhizhong
Q45369932,6000000074727741112,Song Bing
Q45369936,6000000074728336845,Song Rong
Q45369938,6000000074727761174,Song Fan
Q45369940,6000000074728315852,Song Lv
Q45369943,6000000074728203970,Song Zhigu
Q45369952,6000000074728060095,Song Xu
Q45369958,6000000074728060100,Lin Fu
Q45369960,6000000074727728230,Lin Ying
Q45369964,6000000074727964015,Lin Yu
Q45369969,6000000074728354847,Lin Zhun
Q45369991,6000000074728357872,Lin Ziji
Q45370010,6000000074728339857,Li Zongyong
Q45370074,6000000074728249001,Liu Xiren
Q45370086,6000000074727731317,Zheng Boying
Q45370087,6000000074727889133,Zheng Bojie
Q45370097,6000000074728453835,Zheng Boyu
Q45370116,6000000074728119024,Zheng Qian
Q45370118,6000000074727945153,Zheng Xihan
Q45370122,6000000074727807216,Zheng Jieqing
Q45370124,6000000074728394831,Zheng Lingqing
Q45370127,6000000074728069077,Zheng Sheng
Q45370136,6000000074727947215,Zheng Ziqing
Q45370138,6000000074728323889,Zheng Anbang
Q45370147,6000000074728170958,Zheng Ji
Q45370149,6000000074728276957,Zheng Jiying
Q45370152,6000000074728469838,Zheng Yuanyu
Q45370201,6000000074728083087,Chen Liangyou
Q45370264,6000000074728018122,Chen Zili
Q45370269,6000000074728515829,Zhuo Jun
Q45370276,6000000074727902206,Chen Libo
Q45370280,6000000074727876257,Chen Liweng
Q45370282,6000000074728114178,Lin Yan
Q45370286,6000000074728488830,Chen Chong
Q45370291,6000000074728267949,Chen Cizong
Q45370294,6000000074728274051,Chen Ciyan
Q45370306,6000000074728352884,Lin Shangzhi
Q45370340,6000000074728260982,Huang Yun
Q45370344,6000000074728359859,Huang Weihan
Q45370348,6000000074728114183,Huang Shu
Q45370352,6000000074728529845,Huang Cong
Q45370360,6000000074728318942,Huang Liang
Q45370365,6000000074727761229,Huang Heng
Q45370369,6000000074728276999,Huang Duan
Q45370373,6000000074728234066,Huang Yunsheng
Q45370376,6000000074728315939,Huang Lin
Q45370381,6000000074728569822,Huang Tong
Q45370430,6000000074728579834,Huang C
Q45370452,6000000074728285965,Yu Xiang
Q45370456,6000000074728553844,Yu Yuanyi
Q45370472,6000000074728188060,Ye Mu
Q45370473,6000000074728589835,Ye Fou
Q45370611,6000000074728353916,Fu Xilong
Q45370616,6000000074728527869,Fu Qiu
Q45370629,6000000074728292016,Fu Zhirou
Q45370631,6000000074727969176,Fu Zhixin
Q45370666,6000000074727948169,Fu Dasheng
Q45370685,6000000074728580912,Lin Hui
Q45370690,6000000074727922202,Lin Yu
Q45370696,6000000074727607513,Lin Guan
Q45370698,6000000074728141120,Ren Wenmao
Q45370703,6000000074728295024,Ren Yinglong
Q45370714,6000000074728316024,Fang Shenjiao
Q45370724,6000000074728081160,Fang Jia
Q45370732,6000000074728490946,Fang Yan
Q45370734,6000000074728371008,Fang Jian
Q45370738,6000000074727892409,Fang Zhen
Q45370740,6000000074728436946,Fang Jun
Q45370745,6000000074728048164,Fang Xipu
Q45370748,6000000074727849312,Fang Yue
Q45370751,6000000074727791362,Fang Lin
Q45370754,6000000074728589847,Fang Pei
Q45370771,6000000074728592919,Fang Dong
Q45370785,6000000074728193185,Fang Gonggun
Q45370819,6000000074728135246,Fang Yannian
Q45370823,6000000074728541909,Fang Li
Q45370826,6000000074728662851,Fang Yan
Q45370831,6000000074728600882,Fang Zhen
Q45370834,6000000074728572901,Fang Xi
Q45370837,6000000074728256996,Fang Kuo
Q45370850,6000000074728496969,Fang Xilu
Q45370855,6000000074728491959,Fang Yu
Q45370862,6000000074728653878,Fang Bing
Q45370864,6000000074727876354,Fang Zhi
Q45370870,6000000074728411911,Fang Ke
Q45370877,6000000074728539877,Fang Dian
Q45370882,6000000074728644871,Fang Kui
Q45370888,6000000074728693827,Fang Changchao
Q45370892,6000000074728657878,Fang Tingxiu
Q45370896,6000000074728700836,Fang Yuanlao
Q45370901,6000000074728498963,Fang Fu
Q45370903,6000000074728424975,Fang Che
Q45370905,6000000074728696853,Fang Yi
Q45370911,6000000074728713835,Fang Yanhui
Q45370919,6000000074728491993,Fang Mu
Q45370929,6000000074728557962,Fang Xiong
Q45370932,6000000074728087295,Fang Shiju
Q45370947,6000000074728174191,Fang Xun
Q45371010,6000000074728681866,Fang Dazhuang
Q45371062,6000000074728403942,Zhu Chuda
Q45371064,6000000074728459009,Zhu Mengyan
Q45371087,6000000074727948252,Huang Feixiong
Q45371110,6000000074728177115,Xue Luan
Q45371112,6000000074728537930,Xue Lihe
Q45371117,6000000074728599976,Xue Liang
Q45371128,6000000074728741851,Xue Liu
Q45371145,6000000074728656891,Xue Yuangui
Q45371170,6000000074727876435,Gong Rizhang
Q45371206,6000000074728694857,Xu Qianneng
Q45371210,6000000074728411945,Xu Ying
Q45371211,6000000074728777836,Xu Zhao
Q45371230,6000000074727376772,Feng Ju
Q45371237,6000000074728604891,Zheng Renfu
Q45371239,6000000074728657948,Zheng Yifu
Q45371256,6000000074728087344,Guo Zili
Q45371257,6000000074728452075,Fu B
Q45371272,6000000074728747837,Song Yingqi
Q45371312,6000000074728720851,Huang Xing
Q45371330,6000000074728752888,Yi Mao
Q45371333,6000000074728177152,Fang Dunyun
Q45371334,6000000074728678912,Fang Bi
Q45371343,6000000074728600998,Fang Ji
Q45371386,6000000074728454128,Shi Xidao
Q45371394,6000000074728081290,Fang Dunfu
Q45371407,6000000074728840836,Zheng Yanfu
Q45371445,6000000074728711904,Lin Zhen
Q45371470,6000000074728815868,Chen Zhuo
Q45371476,6000000074728574049,Zheng Jingfu
Q45371490,6000000074728580047,Lin Kai
Q45371537,6000000074728610970,Lin Chou
Q45371564,6000000074728817846,Wang Xihan
Q45371590,6000000074728897825,Lin Mian
Q45371622,6000000074728362143,Zheng Ang
Q45371627,6000000074728902834,Zheng Dongqing
Q45371663,6000000074727832539,Chen Zuli
Q45371666,6000000074728654978,Chen Zongli
Q45371671,6000000074728887838,Ni Tianyin
Q45371762,6000000074730284919,Pan Qian
Q45371766,6000000074730384866,Pan Pi
Q45371807,6000000074729600163,Gong Ji
Q45371842,6000000074729204542,Zhou Zai
Q45371889,6000000074730274882,Chen Renyu
Q45371892,6000000074730382863,Chen Gu
Q45372027,6000000074729600182,Su Jie
Q45372033,6000000074730544832,Su Yu
Q45372068,6000000074730421894,Su Jicheng
Q45372076,6000000074729712228,Chen Shunsun
Q45372078,6000000074729692295,Chen Kuang
Q45372080,6000000074730248897,Chen Cun
Q45372083,6000000074730325993,Chen Zhirou
Q45372087,6000000074730214896,Chen Xiaoze
Q45372090,6000000074729802930,Chen Rui
Q45372106,6000000074730081043,Su Zhao
Q45372129,6000000074730443894,Jiao Qianzhi
Q45372192,6000000074730532858,Gao Shiyan
Q45372261,6000000074730058988,Gao Shiying
Q45372273,6000000074730414903,Gao Shilun
Q45372287,6000000074730416909,Zhang Min
Q45372293,6000000074727447649,Han Chengzhou
Q45372429,6000000074730501856,Li Zhaoxuan
Q45372442,6000000074730120062,Jia Gongwang
Q45372455,6000000074730435932,Jia Gongyan
Q45372505,6000000074731376849,Yang E
Q45372524,6000000074730979068,Pei Lingsun
Q45372612,6000000074730614342,Xiong Junmin
Q45372617,6000000074730102615,Xiong Zhizhi
Q45372620,6000000074731346907,Xiong Dunchang
Q45372626,6000000074731080979,Xiong Anshang
Q45372635,6000000074731059096,Xiong Yining
Q45372637,6000000074731366854,Xiong Jie
Q45372641,6000000074730924063,Xiong Zhongji
Q45372644,6000000074731232991,Xiong You
Q45372648,6000000074730601313,Xiong Gangda
Q45372650,6000000074730467339,Xiong Qingzhou
Q45372678,6000000074731344961,Liu Ruyu
Q45372717,6000000074731571882,Zhao Liangchun
Q45372730,6000000074731233093,Tang Shi
Q45372782,6000000074731637874,Liu Siwen
Q45372783,6000000074730425632,Liu Li
Q45372819,6000000074731384959,Zhan Ning
Q45372821,6000000074731638859,Zhan Rui
Q45372824,6000000074731603850,Zhan Jing
Q45372830,6000000074731713841,Zhan Luan
Q45372832,6000000074731491950,Zhan Bing
Q45372836,6000000074731620886,You Xun
Q45372874,6000000074730993998,Zhu Linzong
Q45372882,6000000074731636887,Zhu Gui
Q45372908,6000000074731316981,Zhu Ju
Q45372911,6000000074731667878,Zhu Jun
Q45372918,6000000074731270067,Zhu Jun
Q45372933,6000000074731607899,Zhuang Ren
Q45372934,6000000074697859347,Huang Zongwang
Q45372946,6000000074731764835,Huang Teng
Q45372955,6000000074731584870,Huang Mou
Q45373029,6000000074731439018,Yue Fuguo
Q45373033,6000000074731779834,Yue Binguo
Q45373085,6000000074731800837,Xu Anren
Q45373130,6000000074731854837,Xu Jiezhi
Q45373132,6000000074731863822,Xu Jie
Q45373135,6000000074731606952,Xu Changling
Q45373161,6000000074731212151,Xu Zhang
Q45373163,6000000074731833857,Xu Ying
Q45373166,6000000074731812844,Xu E
Q45373185,6000000074731679910,Xu Yaofu
Q45373189,6000000074731591959,Xu Zhixin
Q45373192,6000000074731834847,Xu Zongcheng
Q45373196,6000000074731755859,Xu Yanzheng
Q45373199,6000000074732129075,Xu Kejiu
Q45373248,6000000074731752014,Cai Gun
Q45373270,6000000074732187045,Xiang Shimai
Q45373275,6000000074732703843,Shang Yao
Q45373300,6000000074732736823,Cai Rong
Q45373322,6000000074732728834,Cai Chong
Q45373386,6000000074732691927,Wei Jie
Q45373395,6000000074732646891,Wei Xun
Q45373408,6000000042926234949,Wei Qiao
Q45373484,6000000074732646975,Cai Dai
Q45373553,6000000074732950856,Sheng Tao
Q45373573,6000000074732549091,Shi Zuliang
Q45373593,6000000074732965912,Lu9 Tanzhong
Q45373626,6000000074733021928,Ouyang Ju
Q45373629,6000000074732515055,Ouyang Cong
Q45373668,6000000074732607058,Tian Rue
Q45373673,6000000074732680025,Tian Rugu
Q45373676,6000000074733030859,Tian Qi
Q45373678,6000000074733085838,Tian Rupeng
Q45373717,6000000074733014888,Liu I
Q45373906,6000000074732832047,Shi Zuchong
Q45374023,6000000074733342906,Xiao Gongyu
Q45374026,6000000074733245958,Xiao Gongchang
Q45374049,6000000074733114997,Xiao Fang
Q45374059,6000000074732278413,Xiao He
Q45374065,6000000074733338866,Xiao Ying
Q45374079,6000000074692223938,Xiao Yong
Q45374198,6000000074732960125,Yan Dunlin
Q45374202,6000000074733444849,Yan Shaoxiu
Q45374207,6000000074733386891,Yan Su
Q45374485,6000000074732791382,Zhang Yanfang
Q45374490,6000000074733466962,Zhang Pang
Q45374493,6000000074733407957,Zhang Xu
Q45374495,6000000074733905829,Zhang Yun
Q45374521,6000000074733861873,Zheng Bo
Q45374524,6000000074732873300,Zheng Kui
Q45374529,6000000074733607967,Lin Ji
Q45374533,6000000074733136150,Xu Dunzhi
Q45374536,6000000074733469991,Li Yi
Q45374539,6000000074733880836,Li Xian
Q45374542,6000000074733909852,Xu Weigao
Q45374546,6000000074733814876,Li Zongfu
Q45374550,6000000074733857854,Yang Dang
Q45374554,6000000074733901846,Zheng Zhuo
Q45374557,6000000074732756507,Fang Lie
Q45374561,6000000074733911846,Fang Wei
Q45374569,6000000074733963830,Xu Liyong
Q45374573,6000000074733440060,Fang Yiliang
Q45374575,6000000074733956838,Lin Zhiyi
Q45374578,6000000074733727940,Lin Di
Q45374582,6000000074733805887,Fang Zheng
Q45374586,6000000074733562966,Zheng Ruizhong
Q45374587,6000000074733552016,Lin Xingke
Q45374590,6000000074733063248,Zheng Dong
Q45374593,6000000074733283208,Zeng Pilie
Q45374597,6000000074733573886,Fang Gongchen
Q45374600,6000000074733980822,Zheng Zishen
Q45374603,6000000074733898876,Huang Jun
Q45374605,6000000074733766905,Fang Lu
Q45374609,6000000074733854915,Lin Ying
Q45374612,6000000074733136163,Lin Lizhi
Q45374614,6000000074733538980,Lin Gongxuan
Q45374616,6000000074733364063,Lin Mengying
Q45374622,6000000074733621949,Cao Xi
Q45374625,6000000074733963855,Fang Xiong
Q45374627,6000000074733940826,Lin Jing
Q45374630,6000000074733983836,Gong Shiliang
Q45374631,6000000074733991842,Fang Shixue
Q45374638,6000000074734001824,Lin Cai
Q45374646,6000000074733838881,Chen Daying
Q45374650,6000000074733538985,Huang Rujia
Q45374651,6000000074733844878,Fang Che
Q45374658,6000000074733161093,Gong Youliang
Q45374659,6000000074733632994,Chen Zide
Q45374663,6000000074733573891,Chen Pi
Q45374665,6000000074733926897,Wang Ying
Q45374666,6000000074733624922,Fu Bing
Q45374671,6000000074733901881,Zheng Changzhi
Q45374674,6000000074733803901,Lin Geng
Q45374682,6000000074733526997,Fang Keda
Q45374684,6000000074733591948,Xu Chuping
Q45374691,6000000074732333398,Cai Liang
Q45374700,6000000074733959892,Fang Guan
Q45374708,6000000074733766923,Fang Yinggeng
Q45374719,6000000074733960861,Fang Yongzhi
Q45374765,6000000074733957870,Lin Yawen
Q45374769,6000000074733679893,Xu Wei
Q45374771,6000000074733987834,Lin Zhen
Q45374773,6000000074733913860,Li Dong
Q45374775,6000000074733877965,Cai Dian
Q45374779,6000000074734030826,Huang Zhi
Q45374781,6000000074733985841,Zeng Yingchen
Q45374787,6000000074733998875,Fang Ji
Q45374790,6000000074733580069,Xu Qingqing
Q45374793,6000000074733936880,Xu Xiang
Q45374794,6000000074733991862,Lin Qiaomu
Q45374800,6000000074733446077,Fang Jiang
Q45374803,6000000074733539950,Zheng Shibiao
Q45374808,6000000074733987852,Cai Yi
Q45374810,6000000074733477074,Fang Ying
Q45374818,6000000074733185300,Wang Yanguang
Q45374822,6000000074733930893,Gong Riyan
Q45374826,6000000074733185317,Chen Shanfu
Q45374828,6000000074733590041,Ren Yilong
Q45374837,6000000074733975844,Su Han
Q45374838,6000000074733845959,Lin Guangzhong
Q45374841,6000000074733638050,Huang Gao
Q45374845,6000000074734077887,Lin Cheng
Q45374849,6000000074733678965,Fang Ruliang
Q45374853,6000000074734031853,Zheng Dake
Q45374855,6000000074733424085,Zheng Qiwu
Q45374859,6000000074733668994,Cai Xian
Q45374864,6000000074733471077,Lin Gai
Q45374866,6000000074733390129,Chen Shixian
Q45374872,6000000074733624946,Huang Zi
Q45374873,6000000074733934972,Wang Zonglie
Q45374876,6000000074734135824,Li Tian
Q45374882,6000000074734142825,Liu Mu
Q45374885,6000000074733530052,Chen Qixian
Q45374887,6000000074734136828,Liu Yong
Q45374889,6000000074734161822,Yang Shihong
Q45374890,6000000074734075842,Liu Cheng
Q45374894,6000000074733859957,Liu Hong
Q45374896,6000000074733773989,Liu Wenrui
Q45374899,6000000074734167825,Huang Su
Q45374902,6000000074733372048,Huang Boji
Q45374903,6000000074734164834,Lin Guo
Q45374912,6000000074734164839,Song Bao
Q45374921,6000000074734083865,Fang Ben
Q45374926,6000000074733230191,Lin Rubi
Q45374931,6000000074734009924,Chen Duanyou
Q45374936,6000000074733678979,Cao You
Q45374951,6000000074734197822,Zou Kuo
Q45374986,6000000074734191826,You Zhuan
Q45374990,6000000074733307141,Chen Jingwei
Q45374994,6000000074733443047,Xie Shiji
Q45374998,6000000074734190837,Xie Yuanming
Q45375001,6000000074734159850,Ding Yanxian
Q45375002,6000000074734012922,Ding Jingchang
Q45375004,6000000074734189823,Ding Guang
Q45375008,6000000074734003929,Wang Zhuo
Q45375016,6000000074733951923,Huang Du
Q45375024,6000000074734125843,Huang Yi
Q45375028,6000000074734202836,Yu Xiong
Q45375032,6000000074733161159,Ren Boyue
Q45375059,6000000074734160861,Chen Shen
Q45375064,6000000074732877488,Chen Kui
Q45375068,6000000074734012940,Chen Long
Q45375075,6000000074733901933,Chen Wenshi
Q45375078,6000000074734063931,Xue Yuanchu
Q45375080,6000000074734235842,Guo Yi
Q45375084,6000000074733867024,Zheng Bangjun
Q45375085,6000000074734075885,Lin Mida
Q45375086,6000000074734221828,Cai Jun
Q45375091,6000000074733823955,Fang Cai
Q45375098,6000000074733782967,Ren Yizhen
Q45375104,6000000074733857912,Liu Dayong
Q45375106,6000000074734103852,Liu Liang
Q45375109,6000000074733999872,Lin Ruxi
Q45375120,6000000074734164881,Huang Qi
Q45375122,6000000074734223875,Xu Yanwei
Q45375124,6000000074734120910,Liang Shu
Q45375128,6000000074734049902,Huang Ruzhen
Q45375130,6000000074733536036,Lin Zhu
Q45375132,6000000074733861962,Lin Hong
Q45375138,6000000074734220860,Fu Daren
Q45375141,6000000074733479117,Lin Shu
Q45375143,6000000074733111213,Liu Rui
Q45375145,6000000074733483120,Chen Sicheng
Q45375147,6000000074733932962,Lin Yuzhi
Q45375152,6000000074734188856,Liu Sanyi
Q45375156,6000000074733969895,Fang Yong
Q45375159,6000000074734293826,Chen Shen
Q45375163,6000000074734212843,Chen Zhun
Q45375164,6000000074733563074,Liu Jun
Q45375168,6000000074733857936,Yu Xiaobo
Q45375183,6000000074733945949,Lin Yizhi
Q45375187,6000000074733909977,Li Chou
Q45375189,6000000074733888021,Lin Rixuan
Q45375193,6000000074734221862,Fang Leizhen
Q45375194,6000000074734071861,Zhang Che
Q45375199,6000000074734211854,Li Dazhuang
Q45375202,6000000074734081919,Fang Ji
Q45375208,6000000074734160877,Zeng Tianlin
Q45375210,6000000074734312837,Lin Gui
Q45375214,6000000074734187857,Cai Lian
Q45375218,6000000074734141875,Lin Shizhan
Q45375221,6000000074734072957,Lin Bixian
Q45375224,6000000074734279836,Lin Cong
Q45375231,6000000074733483145,Fang Qixue
Q45375252,6000000074734336842,Pan Zizhi
Q45375262,6000000074733503193,Pan Keshu
Q45375274,6000000074734078971,Lin Mi
Q45375288,6000000074734337835,Lin Zhu
Q45375292,6000000074733898972,Lin Huifu
Q45375295,6000000074734072979,Lin Hao
Q45375297,6000000074734049927,Lin Fengxian
Q45375300,6000000074734070957,Lin Yue
Q45375302,6000000074734304860,Zeng Shaoxian
Q45375317,6000000074734375826,Fang Xuan
Q45375320,6000000074734310828,Fang Linxiu
Q45375322,6000000074733283363,Fu Ju
Q45375324,6000000074734366827,Ren Yiming
Q45375327,6000000074734256873,Ren Weiming
Q45375344,6000000074734283881,Zheng Dian
Q45375360,6000000074734211887,Zheng Zhiqi
Q45375381,6000000074734013049,He Chujiu
Q45375384,6000000074734360836,He Churen
Q45375387,6000000074734141908,He Chuzhi
Q45375389,6000000074734179924,He Chuxin
Q45375391,6000000074734399840,He Chushun
Q45375398,6000000074734042013,Huang Ruyi
Q45375403,6000000074733113391,Zheng Jiang
Q45375406,6000000074734438834,Xue Lu
Q45375409,6000000074733511085,Zheng Longqi
Q45375412,6000000074734141913,Lin Riyan
Q45375429,6000000074733283379,Zheng Dadang
Q45375433,6000000074734249916,Zheng Shi
Q45375465,6000000074734291891,Zheng Shishen
Q45375468,6000000074734079009,Pan Jin
Q45375475,6000000074734462825,Zeng Yingfu
Q45375479,6000000074734418850,Zeng Mengfu
Q45375480,6000000074734347866,Liu Fu
Q45375484,6000000074733816096,Liu Changling
Q45375486,6000000074734159974,Fang Dongshu
Q45375493,6000000074733770096,Zeng Shou
Q45375506,6000000074734118969,Zeng Zhen
Q45375508,6000000074734230886,Zeng Xiaoyi
Q45375510,6000000074734274900,Zeng Yue
Q45375514,6000000074734200986,Zeng Dan
Q45375518,6000000074733661062,Zeng Xun
Q45375520,6000000074734367917,Zeng Gu
Q45375523,6000000074734360873,Zeng Shou
Q45375536,6000000074733981056,Lv Su
Q45375538,6000000074734336883,Lv Fang
Q45375542,6000000074734387891,Lv Xiuqing
Q45375544,6000000074734236944,Lv Zhicai
Q45375551,6000000074734367928,Su B
Q45375554,6000000074734175948,Su Ye
Q45375557,6000000074734431848,Su Yu
Q45375559,6000000074734186974,Su Guolan
Q45375562,6000000074734447847,Liu Cheng
Q45375564,6000000074734513822,Fang Leizuo
Q45375566,6000000074733954032,Wang Yanda
Q45375574,6000000074733467194,Pan Liben
Q45375577,6000000074733954037,Lin Kaixian
Q45375579,6000000074733984038,Fang Leihuan
Q45375581,6000000074734278949,Ren Yiqing
Q45375583,6000000074734381856,Ren Jian
Q45375586,6000000074734298865,Zeng Bingsun
Q45375587,6000000074734111890,Song Jian
Q45375595,6000000074734487845,Li Ji
Q45375598,6000000074734521833,Fu Chang
Q45375604,6000000074734538822,Ye Shuqiao
Q45375608,6000000074734481841,Ye Pan
Q45375615,6000000074733483235,Chen Xin
Q45375618,6000000074734522839,Cai Yifu
Q45375648,6000000074734516889,Chen Jie
Q45375653,6000000074734119045,Chen Mengying
Q45375656,6000000074733749212,Zheng Nanqi
Q45375723,6000000074734131096,Zhang Dan
Q45375726,6000000074734712851,Wang Yuxi
Q45375736,6000000074734220978,Fang Kesi
Q45375739,6000000074734665877,Huang Xingqing
Q45375741,6000000074734590900,Zheng Longfu
Q45375744,6000000074734431928,Li Faxian
Q45375751,6000000074734768838,Hong Zhuo
Q45375758,6000000074734577919,Song Zhu
Q45375762,6000000074734336045,Huang Bing
Q45375771,6000000074734408945,Huang Chen
Q45375773,6000000074734429031,Lin Ruhang
Q45375775,6000000074734738828,Fang Zao
Q45375779,6000000074734527910,Yu Junjie
Q45375789,6000000074734387985,Lin Xidao
Q45375792,6000000074734772826,Ge Zhu
Q45375800,6000000074734646893,Cai Yiguo
Q45375803,6000000074734418995,Li Tailai
Q45375806,6000000074734806831,Li Qianzhi
Q45375808,6000000074734396005,Chen Que
Q45375815,6000000074734756870,Pan Zixiu
Q45375831,6000000074734627888,Song Guoqi
Q45375834,6000000074734790835,Fang Huchen
Q45375841,6000000074734537914,Pan Jing
Q45375848,6000000074734479979,Fu Yizhi
Q45375853,6000000074734789827,Zheng Tianji
Q45375856,6000000074734369044,Chen Xuanbo
Q45375863,6000000074734313063,Cai Deyan
Q45375873,6000000074734698845,Pan Wenqing
Q45375879,6000000074734493981,Huang Yansun
Q45375907,6000000074734898822,Fang Daheng
Q45375910,6000000074734577983,Huang Dalin
Q45375913,6000000074734590975,Fang Shiwu
Q45375919,6000000074734684921,Fang Chensun
Q45375921,6000000074734642934,Fang Zhongli
Q45375924,6000000074734756904,Fang Yingji
Q45375927,6000000074733888294,Fang Junzhi
Q45375937,6000000074734462012,Zheng Xidian
Q45375939,6000000074734494019,Xiao Guifa
Q45375942,6000000074734612949,Fang Yande
Q45375954,6000000074734885846,Lin Hai
Q45375955,6000000074734684929,Lin Guifang
Q45375992,6000000074734819918,You Kui
Q45375998,6000000074734521952,Yang Bei
Q45376003,6000000074734614972,Yang Zhuo
Q45376024,6000000074734527961,Zhen Shaozu
Q45376029,6000000074733854184,Zhen Tongzu
Q45376031,6000000074734814882,Zhen Shusun
Q45376033,6000000074733899194,Zhen Yisun
Q45376047,6000000074734873846,Zhang Deyi
Q45376075,6000000074734208047,Zhang Shou
Q45376078,6000000074734767928,Fan Ruli
Q45376081,6000000074734961828,Fan Yinbin
Q45376087,6000000074734013283,Fan Zhichong
Q45376094,6000000074733952264,Fan Zhixiang
Q45376097,6000000074734830927,Fan Zhihou
Q45376124,6000000074734562002,Zhao Dong
Q45376143,6000000074734867864,Xu You
Q45376182,6000000074734749964,Yu Hong
Q45376187,6000000074734013315,Yu Yanzhi
Q45376189,6000000074734244123,Yu Song
Q45376193,6000000074734966845,Yu Congzhou
Q45376214,6000000074734740979,Li Hongyuan
Q45376217,6000000074735017831,Zhao Qi
Q45376251,6000000074734949885,Xu Yan
Q45376256,6000000074735046829,Xu Yan
Q45376260,6000000074734176198,Xu Yu
Q45376267,6000000074735015865,Xu Bi
Q45376269,6000000074734982860,Xu Si
Q45376272,6000000074734521984,Xu Tong
Q45376275,6000000074734751927,Xu Zhuan
Q45376277,6000000074734789893,Xu Xing
Q45376317,6000000074733865315,Hu Yongshi
Q45376325,6000000074733981288,Hu Yongli
Q45376340,6000000074734313176,Hu Zhenqing
Q45376343,6000000074734954869,Hu Jinhou
Q45376412,6000000074735572847,Huang Pu
Q45376419,6000000074735360912,Huang Zhen
Q45376458,6000000074735619847,Guo Jianyi
Q45376462,6000000074735611873,Huang Yu
Q45376537,6000000074735678851,Qian Rao
Q45376577,6000000074735314943,Peng Rufa
Q45376578,6000000074735594902,Kang Jiuling
Q45376587,6000000074734774245,Kang Shizhi
Q45376590,6000000074735680856,Kang Ningzhi
Q45376729,6000000074735355940,Guo Zhiwei
Q45376768,6000000074735839828,Hu Dong
Q45376793,6000000074734329367,Peng Xie
Q45376822,6000000074735098138,Kang Hui
Q45376825,6000000074735465968,Xiao Chu
Q45376907,6000000074735332043,Mao Xie
Q45376910,6000000074735836849,Mao Yi
Q45376913,6000000074735769862,Mao Zhu
Q45376914,6000000074735733900,Mao Meng
Q45376917,6000000074735132977,Mao Xu
Q45376937,6000000074735708904,Mao Boying
Q45376953,6000000074735933835,Mao Yingshi
Q45376966,6000000074734556303,Pei Gui
Q45377038,6000000074735954822,Zeng Hongdi
Q45377044,6000000074735706906,Lou Xuan
Q45377045,6000000074735738920,Lou Ruli
Q45377050,6000000074735145036,Lou Tianren
Q45377052,6000000074735321986,Lou Gong
Q45377069,6000000074735274040,Ye Changsi
Q45377072,6000000074735927857,Ye Jie
Q45377086,6000000074735873869,Xie Qi
Q45377116,6000000074735624918,Liu Pu
Q45377128,6000000074735685953,Liu Zhiyuan
Q45377131,6000000074735696989,Liu Zhigang
Q45377133,6000000074735989846,Liu Zhifang
Q45377137,6000000074736025834,Liu Guan
Q45377178,6000000074734737325,Hu Yi
Q45377196,6000000074734774306,Kang Jinzhi
Q45377198,6000000074735735003,An Yaochen
Q45377225,6000000074735081201,Zha Yingchen
Q45377230,6000000074736133822,Zha Xuguo
Q45377247,6000000074736081832,Zhai Qiu
Q45377297,6000000074735168168,Zhan A
Q45377313,6000000074735969881,Zhan Yizhi
Q45377321,6000000074736101871,Zhan Dasheng
Q45377324,6000000074736143833,Zhan Baizhi
Q45377327,6000000074735894918,Zhan Xiaozhi
Q45377329,6000000074735744932,Zhan Kui
Q45377332,6000000074735869942,Zhan Jiong
Q45377336,6000000074736116856,Zhan Shi
Q45377387,6000000074735850957,Chu Gui
Q45377404,6000000074735550057,Zhou Zi
Q45377472,6000000074736163827,Guan Zhao
Q45377475,6000000074735869979,Guan Zhi
Q45377505,6000000074735944913,Chu Tangqing
Q45377523,6000000074735224215,Ye Hongzhong
Q45377526,6000000074735912938,Wu Xuan
Q45377535,6000000074735726006,Fu Cheng
Q45377557,6000000074735089265,Shi Gongshu
Q45377574,6000000074735966938,Shi Shineng
Q45377586,6000000074735869996,Shi Zongyu
Q45377588,6000000074735891913,Shi Zongwei
Q45377598,6000000074735487083,Shi Duancheng
Q45377604,6000000074735274130,Shi Bangyan
Q45377629,6000000074736289822,Yao Yong
Q45377632,6000000074736272837,Yu Kun
Q45377639,6000000074735464139,Yu Yin
Q45377655,6000000074735515041,Yu Ruyi
Q45377664,6000000074735836002,Yu Zhi
Q45377682,6000000074735966961,Chen Jing
Q45377684,6000000074736135874,Chen Yongzhi
Q45377698,6000000074735145205,Li Zhixin
Q45377705,6000000074735282172,Li Fu
Q45377710,6000000074736248832,Li Qu
Q45377735,6000000074736212877,Lu Zhu
Q45377740,6000000074735891960,Lu Yang
Q45377761,6000000074736300837,Tang Kang
Q45377772,6000000074736189856,Tang Ji
Q45377801,6000000074736222843,Wang Jianfeng
Q45377831,6000000074736257861,Shi Anmin
Q45377839,6000000074735359187,Dai Duo
Q45377845,6000000074736225877,Zhan Cun
Q45377849,6000000074736373824,Zhan Yong
Q45377877,6000000074735849939,Lv Shangyin
Q45377882,6000000074735082246,Lv Yizhi
Q45377907,6000000074736219867,Chang Tang
Q45377909,6000000074736084872,Chang Cheng
Q45377934,6000000074736228873,Chang Junsun
Q45377938,6000000074735894983,Chang Shensun
Q45377957,6000000074735356182,Gao Gongbing
Q45377961,6000000074736079047,Pang Xunru
Q45377998,6000000074736150888,Sheng B
Q45378006,6000000074735970023,Sheng Guanzhong
Q45378029,6000000074736198905,Chao Longzhi
Q45378055,6000000074736441822,Chao Gongzan
Q45378112,6000000074736250929,Zhang Tang
Q45378152,6000000074735377237,Gao Yin
Q45378156,6000000074736117020,Gao Anshi
Q45378197,6000000074736446847,Zhang Kejian
Q45378200,6000000074736163947,Zhang Kegong
Q45378309,6000000074736607822,Chen Nanqiang
Q45378310,6000000074736358922,Chen Tianshen
Q45378312,6000000074735274249,Chen Tianyi
Q45378315,6000000074736361946,Chen Gongge
Q45378318,6000000074736467916,Chen Gonggun
Q45378323,6000000074736143025,Chen Congyi
Q45378325,6000000074736320963,Chen Yan
Q45378328,6000000074736242034,Chen Yuqing
Q45378342,6000000074736440897,Cai Ni
Q45378348,6000000074735620192,Chen Songlin
Q45378352,6000000074736451922,Chen Daguang
Q45378356,6000000074736403948,Chen Ji
Q45378359,6000000074736582864,Chen Puhou
Q45378397,6000000074736358945,Zhang Zhu
Q45378409,6000000074736481892,Zhang Xuan
Q45378410,6000000074736433910,Zhang Zeng
Q45378435,6000000074736650847,Zhang Xin
Q45378496,6000000074735678119,Chen Sun
Q45378500,6000000074736641843,Chen Lin
Q45378503,6000000074736669851,Chen Guangyuan
Q45378505,6000000074736260955,Chen Penglao
Q45378520,6000000074736142020,Zhang Xu
Q45378527,6000000074735551218,Zhang Zhu
Q45378551,6000000074735726226,Liao Boxian
Q45378684,6000000074736436968,Zhang Jie
Q45378690,6000000074736669879,Zhang Mu
Q45378693,6000000074736700866,Zhang Gui
Q45378703,6000000074735918079,Fan Zhonggui
Q45378704,6000000074736775822,Fan Zhonglun
Q45378705,6000000074736768834,Fan Zhongshu
Q45378711,6000000074736045136,Zhang Zhuo
Q45378715,6000000074736242086,Zhang Ti
Q45378736,6000000074735661192,Cheng Yu
Q45378737,6000000074736535921,Cheng Lian
Q45378738,6000000074736594930,Cheng Gongyue
Q45378740,6000000074735701149,Cheng Gongxu
Q45378742,6000000074736478911,Cheng Gongshi
Q45378744,6000000074736740847,Du Zheng
Q45378745,6000000074736541953,Zhang Sen
Q45378748,6000000074736285981,Wei Bangda
Q45378765,6000000074736237077,Wei Liangbi
Q45378772,6000000074716693456,Wei Gongyuan
Q45378780,6000000074736581941,Song Qiyu
Q45378815,6000000074735550264,Yu Yijian
Q45378816,6000000074735709158,Yu Fangjian
Q45378820,6000000074736167996,Li O
Q45378847,6000000074735701204,Li Yu
Q45378859,6000000074736797882,Feng Shixing
Q45378860,6000000074736532071,Xue Chunying
Q45378861,6000000074736707944,Fan Zigai
Q45378862,6000000074736790891,Fan Zigeng
Q45378889,6000000074736434023,Li Keng
Q45378892,6000000074736476008,Li Tang
Q45378895,6000000074735196599,Li Yang
Q45378898,6000000074736446874,Zhang Huan
Q45378900,6000000074736663972,Zhang Chun
Q45378902,6000000074736938884,Zhang Xun
Q45378904,6000000074736880877,Zhang Gao
Q45378908,6000000074736878918,Zhang Mo
Q45378909,6000000074736878923,Zhang Xun
Q45378911,6000000074736663015,Zhang Che
Q45378913,6000000074736990857,Zhang Kuo
Q45378914,6000000074736854928,Zhang Yiqing
Q45378923,6000000074736224152,Zhu Zongyin
Q45378924,6000000074736815935,Hong Zi
Q45378927,6000000074736962844,Hong Yi
Q45378939,6000000074736953892,Zang You
Q45378941,6000000074737011857,Zang Dong
Q45378942,6000000074736823948,Zang Tong
Q45378947,6000000074737032868,Lin Zhiyin
Q45378948,6000000074737104850,Huang Shixian
Q45378950,6000000074735526327,Wang Ruzhou
Q45378956,6000000074737155853,Wang Daiwen
Q45378958,6000000074737022863,Wang Daiju
Q45378959,6000000074736630038,Liao Gongrong
Q45378960,6000000074737011875,Liao Gongxuan
Q45378961,6000000074737073843,Liao Gongfu
Q45378962,6000000074736953923,Zang Chongzhi
Q45378965,6000000074736445089,Zang Youzhi
Q45378966,6000000074737185825,Zang Hanzhi
Q45378967,6000000074736916886,Wang Bi
Q45378972,6000000074736632090,Zhang Guangzu
Q45378973,6000000074736801044,Zhang Guangsi
Q45378985,6000000074737157852,Fei Qiu
Q45378988,6000000074736843945,Fei Zhi
Q45378989,6000000074737039874,Fei Pu
Q45378990,6000000074737129841,Fei Shiyin
Q45378992,6000000074737107886,Fei Shikui
Q45378994,6000000074737203835,Zhang Guimo
Q45379004,6000000074736396046,Zhang Pan
Q45379011,6000000074736996918,Zhang Shengdao
Q45379015,6000000074737078899,Zhao Yuezhi
Q45379018,6000000074736986934,Zhang Danian
Q45379019,6000000074737016885,Zhang Tan
Q45379026,6000000074737208852,Zhang Yan
Q45379027,6000000074735245506,Zhang Yin
Q45379031,6000000074737254822,Zhang Yuanli
Q45379033,6000000074735807265,Zhang Ji
Q45379040,6000000074736396051,Chen Yize
Q45379045,6000000074737208860,Chen Xuguo
Q45379048,6000000074736532172,Zhou Xian
Q45379051,6000000074736902968,Zhang Xie
Q45379055,6000000074736436139,Zhang Wangzhi
Q45379077,6000000074737318830,Zhang Min
Q45379078,6000000074737310852,Zhang Hu
Q45379080,6000000074737124935,Zhang Xian
Q45379081,6000000074737088916,Zhang Lin
Q45379084,6000000074737336824,Zhang Yuan
Q45379086,6000000074737299848,Zhang Mu
Q45379087,6000000074736441152,Zhang Xia
Q45379089,6000000074736909982,Zhang Zhan
Q45379090,6000000074737254860,Zhang Qian
Q45379091,6000000074736913995,Zhang Zhen
Q45379092,6000000074736403087,Zhang Ju
Q45379095,6000000074737343838,Zhang Jian
Q45379097,6000000074737147898,Zhang Kan
Q45379101,6000000074736979986,Zhang Minzi
Q45379102,6000000074737370834,Zhang Chun
Q45379104,6000000074737103934,Zhang Cheng
Q45379106,6000000074737405822,Zhang Dachun
Q45379108,6000000074737411822,Zhang Ruyu
Q45379141,6000000074737283895,Ge Zhengzhong
Q45379150,6000000074737301886,Zhang Yi
Q45379151,6000000074737060971,Zhang Kanzhi
Q45379152,6000000074737343850,Zhang Kang
Q45379153,6000000074737468822,Zhang Shengzhi
Q45379162,6000000074737244919,Zhang Jin
Q45379182,6000000074736558129,Lu Wang
Q45379191,6000000074737454844,Lu Shou
Q45379194,6000000074737324891,Lu You
Q45379196,6000000074735930309,Lu Chengxiu
Q45379197,6000000074737490845,Lu Wenchang
Q45379198,6000000074737547822,Lu Yan
Q45379202,6000000074737474859,Lu Yanmin
Q45379205,6000000074737250924,Lu Nan
Q45379207,6000000074737554827,Lu Mingyuan
Q45379208,6000000074736996989,Xue Rui
Q45379210,6000000074737374887,Huang Zhen
Q45379212,6000000074737505840,Huang Yu
Q45379216,6000000074736816105,Huang Gui
Q45379243,6000000074737313883,Huang Gonghui
Q45379245,6000000074736980056,Huang Shiyin
Q45379254,6000000074737596827,Huang Panlong
Q45379263,6000000074737238978,Huang Yong
Q45379265,6000000074737581824,Huang Qizong
Q45379267,6000000074736651151,Huang Qiwei
Q45379290,6000000074737495852,Hong Zao
Q45379291,6000000074737694823,Li Nan
Q45379295,6000000074737566837,Zheng C
Q45379319,6000000074737621861,Xiong Yancong
Q45379322,6000000074737493863,Shi Bin
Q45379333,6000000074737580863,Wang Guan
Q45379349,6000000074737486909,Ruan Zun
Q45379351,6000000074737081928,Ruan Shu
Q45379358,6000000074735551505,Chen Zhiyan
Q45379359,6000000074737100038,Chen Zhiyu
Q45379365,6000000074737738840,Wu Xie
Q45379373,6000000074737764849,She Yuchong
Q45379405,6000000074737633910,She Keyu
Q45379406,6000000074737820830,She Keming
Q45379407,6000000074737591911,She Kebao
Q45379410,6000000074737815855,Han Zongtan
Q45379416,6000000074737574868,Zhou Fu
Q45379421,6000000074737768849,Tang Zhuan
Q45379442,6000000074737524898,Xue Shidong
Q45379444,6000000074736746242,Xue Shizhong
Q45379454,6000000074737100050,Chen Zhaosu
Q45379476,6000000074737667865,Chong Shiyong
Q45379486,6000000074737829864,Chong Shizhou
Q45379513,6000000074737382889,Chen Jin
Q45379514,6000000074737797918,Chen Yue
Q45379515,6000000074737902841,Chen Dou
Q45379521,6000000074737413978,Xu Nan
Q45379522,6000000074737692956,Feng Gonghou
Q45379543,6000000074737892859,Chen Mengzhou
Q45379544,6000000074737795888,Chen Zhen
Q45379545,6000000074737738880,Chen Jie
Q45379549,6000000074736809234,Chen Jun
Q45379550,6000000074737793891,Chen Jue
Q45379551,6000000074737826918,Chen Jing
Q45379553,6000000074737816901,Chen Dunde
Q45379554,6000000074737990832,Chen Jing
Q45379555,6000000074737381930,Chen Shimeng
Q45379556,6000000074737480916,Chen Dunhou
Q45379558,6000000074737996825,Chen Zongyue
Q45379571,6000000074737977825,Chen Zhimao
Q45379581,6000000074737717890,Chen Weizhong
Q45379582,6000000074738022822,Chen Jing
Q45379583,6000000074735551596,Chen Jingjun
Q45379587,6000000074737931861,Chen Duan
Q45379589,6000000074737122152,Chen Zhongfu
Q45379590,6000000074737342031,Chen Qiji
Q45379592,6000000074738001827,Chen Xiaochun
Q45379596,6000000074737921880,Chen Zhen
Q45379597,6000000074737942856,Chen Zongqi
Q45379599,6000000074737744887,Chen Yuncong
Q45379600,6000000074738049822,Chen Qi
Q45379602,6000000074737766942,Chen Weide
Q45379605,6000000074738049827,Chen Zhu
Q45379608,6000000074737531980,Chen Zhong
Q45379609,6000000074737733927,Chen Rong
Q45379615,6000000074737825928,Chen Yi
Q45379618,6000000074738071829,Chen Xiu
Q45379619,6000000074737865907,Chen Zhongfu
Q45379620,6000000074737927867,Chen Bu
Q45379625,6000000074738002863,Chen Fei
Q45379626,6000000074737744896,Chen Kui
Q45379632,6000000074737852851,Chen Bing
Q45379633,6000000074738102834,Chen Sheng
Q45379661,6000000074737695996,Li Dang
Q45379662,6000000074738003884,Li Yi
Q45379666,6000000074737531994,Wang S
Q45379674,6000000074738116852,Zeng Shu
Q45379675,6000000074738091855,Zeng Zihou
Q45379677,6000000074736677281,Fu Lin
Q45379690,6000000074738147834,Fu Lie
Q45379692,6000000074737848940,Fu Qi
Q45379694,6000000074738062876,Fu Tianji
Q45379695,6000000074738181826,Chen Longyong
Q45379698,6000000074738164842,Fu Liangzhi
Q45379701,6000000074737122189,Fu Yingzi
Q45379704,6000000074737704991,Lian Sanyi
Q45379705,6000000074738081864,Yang Jing
Q45379707,6000000074738082871,Xie Bochu
Q45379709,6000000074737724982,Xie Boqiang
Q45379711,6000000074737920924,Xie Bojing
Q45379712,6000000074738125861,Yang Xizhong
Q45379713,6000000074738209822,Yang Pu
Q45379714,6000000074737546052,Fu Weishen
Q45379716,6000000074737943878,Xie Bangji
Q45379717,6000000074737931928,Liang Jing
Q45379718,6000000074737849986,Liang Xizhi
Q45379719,6000000074738157846,Liang Xizai
Q45379720,6000000074737776953,Liang Jian
Q45379730,6000000074737325026,Zhuge Yin
Q45379736,6000000074738225827,Xie Ruwei
Q45379737,6000000074738208842,Xie Yizhong
Q45379741,6000000074737705028,Xie Rujia
Q45379742,6000000074738132846,Yang Wen
Q45379743,6000000074737883990,Yang Zan
Q45379748,6000000074737587009,Chen Yanyou
Q45379749,6000000074737635047,Chen Tang
Q45379751,6000000074738264835,Zhao Sicheng
Q45379758,6000000074738059902,Chen Mengzhang
Q45379765,6000000074738211841,Chen Xi
Q45379771,6000000074738024944,Chen Xiliang
Q45379780,6000000074738115893,Chen Rong
Q45379781,6000000074737714999,Chen Xuan
Q45379782,6000000074738029922,Chen Po
Q45379783,6000000074738248845,Chen Zi
Q45379802,6000000074737906987,Chen Bin
Q45379803,6000000074737994908,Chen You
Q45379805,6000000074737546058,Chen Ke
Q45379806,6000000074738167876,Chen Pu
Q45379807,6000000074738181869,Chen Yi
Q45379808,6000000074737455088,Chen Jia
Q45379810,6000000074737815988,Chen Jieshi
Q45379812,6000000074738056883,Chen Ziyu
Q45379820,6000000074738361822,Chen He
Q45379821,6000000074738044935,Chen Xian
Q45379822,6000000074738339824,Chen Menglong
Q45379824,6000000074737767067,Ye Zuyi
Q45379827,6000000074738132885,Ye Dui
Q45379828,6000000074738260893,Chen Juqing
Q45379845,6000000074738179896,Chen Xian
Q45379850,6000000074738364831,Chen Xu
Q45379855,6000000074738275891,Chen Lin
Q45379857,6000000074738325840,Chen Song
Q45379859,6000000074737747001,Tan Zhirou
Q45379878,6000000074738005935,Gao Shidun
Q45379895,6000000074738074912,Du Weixu
Q45379922,6000000074738311834,Murong Yanxi
Q45379923,6000000074738345858,Murong Yanlian
Q45379924,6000000074738226898,Murong Yanxi
Q45379935,6000000074737705111,Han Xunzhou
Q45379936,6000000074738448824,Murong Lun
Q45379945,6000000074737978026,Qian Ruochong
Q45379997,6000000074738001989,Zhao Yankui
Q45380007,6000000074738220945,Yan Shuren
Q45380012,6000000074738516823,Pan Zihou
Q45380086,6000000074738102954,Zhao Yankai
Q45380105,6000000074738416913,Peng Quan
Q45380123,6000000074738268964,You Shitai
Q45380132,6000000074738346956,You Sen
Q45380141,6000000074738547858,You Bingliao
Q45380143,6000000074738580855,You Tuan
Q45380152,6000000074738656830,Yuan Minru
Q45380170,6000000074738459872,Hui Chunfu
Q45380171,6000000074738702838,Hui Youfu
Q45380197,6000000074738358913,Han Yunsheng
Q45380232,6000000074737756125,Gao Gongrou
Q45380262,6000000074737739111,Liu Quan
Q45380263,6000000074738727864,Liu Tian
Q45380282,6000000074738762851,Chen Maoying
Q45380293,6000000074738226978,Chen Zhengyuan
Q45380296,6000000074736835431,Lu Ce
Q45380300,6000000074738433902,Lu Zhida
Q45380301,6000000074738769833,Chen Gang
Q45380305,6000000074738678875,Lu Zhimao
Q45380306,6000000074738807830,Zhou Jie
Q45380307,6000000074738822822,Huang Kai
Q45380308,6000000074738805831,Huang Kang
Q45380309,6000000074738821830,Huang Ge
Q45380310,6000000074738605902,Huang Wen
Q45380311,6000000074738524914,Huang Yin
Q45380312,6000000074738435926,Chen Shichu
Q45380314,6000000074738418895,Chen Sunzhi
Q45380315,6000000074738656871,Chen Dashun
Q45380316,6000000074738597899,Chen Dayou
Q45380318,6000000074738796849,Chen Zuan
Q45380320,6000000074738790841,Gao Shoucheng
Q45380321,6000000074738669887,Chen Cai
Q45380322,6000000074738820826,Chen Qi
Q45380328,6000000074738479909,Chen Wei
Q45380331,6000000074738727889,Chen Ying
Q45380336,6000000074738435950,Chen Wu
Q45380342,6000000074738566913,Chen Yi
Q45380344,6000000074738572927,Chen Ying
Q45380359,6000000074738652882,Chen Xiang
Q45380360,6000000074737776238,Chen Yi
Q45380361,6000000074738569887,Chen Xie
Q45380363,6000000074738832834,Chen Yan
Q45380364,6000000074738593909,Chen Ji
Q45380365,6000000074738163007,Chen Yanxian
Q45380372,6000000074738839833,Yuan Mo
Q45380373,6000000074738891823,Yuan Dian
Q45380374,6000000074738404991,Yuan Zhi
Q45380375,6000000074699504216,Ling Xian
Q45380376,6000000074738665899,Ling Minshi
Q45380378,6000000074738394082,Ling Minzhan
Q45380379,6000000074738924822,Ling Gou
Q45380380,6000000074738802883,Ling Zhe
Q45380381,6000000074738688872,Ling Kui
Q45380382,6000000074738913824,Ling Yun
Q45380383,6000000074738914831,Ling Zhen
Q45380468,6000000074744744177,Zhu Gong
Q45380470,6000000074745360829,Zhu Dang
Q45380473,6000000074745404838,Sun Jifu
Q45380475,6000000074745331908,Chen Ye
Q45380476,6000000074744942947,Chen Chui
Q45380480,6000000074745396849,Chen Yuan
Q45380482,6000000074745242921,Yang Dun
Q45380490,6000000074744478233,Chen Xuan
Q45380510,6000000074745459839,Chen Zan
Q45380514,6000000074745500822,Lian Jingxian
Q45380521,6000000074745154965,Chen Zhiyan
Q45380526,6000000074745244963,Fan Wenhu
Q45380534,6000000074745468851,Huang Wanshi
Q45380535,6000000074745360892,Chen Taichu
Q45380536,6000000074745404907,Chen Yongsheng
Q45380537,6000000074745522838,Chen Yongbi
Q45380539,6000000074744949137,Chen Zhengshi
Q45380540,6000000074745468856,Chen Xian
Q45380550,6000000074744858161,Chen Deyi
Q45380575,6000000074745209002,Lou Yong
Q45380582,6000000074745272008,Qiao Conglong
Q45380585,6000000074744747171,Zhen Shanmin
Q45380592,6000000074745465915,Cao Wei
Q45380593,6000000074745281001,Zhou Fu
Q45380594,6000000074744696355,Chen Gong
Q45380595,6000000074745627859,Zheng Jiuzhong
Q45380607,6000000074745441953,Chen Fen
Q45380615,6000000074745301956,Zheng Cishi
Q45380622,6000000074745272013,Liu Tianxi
Q45380634,6000000074744907142,Zheng Yongnian
Q45380635,6000000074745254054,Zheng Chunnian
Q45380636,6000000074744793244,Zheng Sizhi
Q45380637,6000000074745459922,Liu Quan
Q45380643,6000000074745580918,Xie Feng
Q45380652,6000000074744705302,Zheng Hou
Q45380662,6000000074745484987,Zheng Nan
Q45380663,6000000074745343031,Zheng Chong
Q45380666,6000000074745155100,Zheng Sicheng
Q45380668,6000000074744984246,Zheng Gongxian
Q45380669,6000000074742583492,Zheng Gongmin
Q45380672,6000000074745480906,Zheng Qiqian
Q45380674,6000000074745280006,Zheng Bin
Q45380678,6000000074745189064,Zheng Su
Q45380689,6000000074745531918,Cheng Duanliang
Q45380690,6000000074745697860,Cheng Qinliang
Q45380693,6000000074744600511,Cheng Qian
Q45380703,6000000074745507917,Cheng Yisheng
Q45380705,6000000074745251127,Cheng Yinan
Q45380713,6000000074745339974,Cheng Ruoyan
Q45380714,6000000074745690866,Cheng Ruochou
Q45380716,6000000074745459935,Yang Dafa
Q45380730,6000000074744078538,Jiang Fang
Q45380734,6000000074745664878,Jiang Zhu
Q45380745,6000000074744857210,Zhang J
Q45380746,6000000074745533931,Song Ban
Q45380747,6000000074745557916,Song Wan
Q45380748,6000000074745768875,Lu Xie
Q45380749,6000000074745615883,Mao Yi
Q45380750,6000000074745690888,Mao Kuan
Q45380752,6000000074745665939,Jiang Gui
Q45380753,6000000074745575925,Jiang Di
Q45380754,6000000074745731853,Jiang Zhi
Q45380755,6000000074745772830,Jiang Qiao
Q45380757,6000000074745642876,Jiang Dong
Q45380758,6000000074745809822,Jiang Zhi
Q45380759,6000000074744770318,Jiang Ruzhao
Q45380760,6000000074745571902,Jiang Rushi
Q45380763,6000000074745676878,Jiang Rugong
Q45380764,6000000074745601909,Jiang Rubi
Q45380765,6000000074745796840,Jiang Ruji
Q45380766,6000000074745731871,Jiang Ruwei
Q45380768,6000000074745480947,Jiang Ruqin
Q45380769,6000000074745566951,Jiang Ruping
Q45380786,6000000074744758201,Zang B
Q45380791,6000000074745529990,Cheng Youjun
Q45380795,6000000074745628953,Cheng Hongtu
Q45380796,6000000074745155173,Cheng Hongyuan
Q45380798,6000000074745656893,Cheng Youwen
Q45380805,6000000074745550935,Huang Hong
Q45380821,6000000074745091201,Wang Keqin
Q45380823,6000000074745464010,Huang Yuhe
Q45380827,6000000074745341952,Xiong Fang
Q45380828,6000000074744747221,Xiong Xin
Q45380830,6000000074745851846,Xiong Ke
Q45380831,6000000074745485045,Fan Ben
Q45380832,6000000074745704936,Fan Ziming
Q45380834,6000000074745251203,Fan Dayong
Q45380838,6000000074745634988,Fan Zhisun
Q45380844,6000000074745530039,Ma Kangmin
Q45380845,6000000074745551951,Ma Shun
Q45380846,6000000074745485051,Ma Cun
Q45380847,6000000074745727884,Ma Bian
Q45380848,6000000074745576993,Ma Yi
Q45380849,6000000074745613880,Ma Gu
Q45380850,6000000074745551968,Ma Xinqing
Q45380852,6000000074745834836,Zhang Dunshi
Q45380863,6000000074745737924,Cao Guai
Q45380865,6000000074745425028,Cao Ran
Q45380871,6000000074745741972,Cao Xi
Q45380872,6000000074745717922,Cao Hong
Q45380888,6000000074745508008,Nie Xunju
Q45380898,6000000074745698982,Zang Yi
Q45380899,6000000074745921829,Zang Wei
Q45380900,6000000074745426057,Wang Hongju
Q45380901,6000000074745459985,Wang Cong
Q45380927,6000000074744958386,Wang Chengzhi
Q45380928,6000000074745779904,Jin Wengang
Q45380936,6000000074745521002,Yu Ji
Q45380937,6000000074745453090,Zeng Feng
Q45380939,6000000074745899846,Cheng Sen
Q45380946,6000000074745508021,Wang Gongzhi
Q45380953,6000000074744771408,Zhu Kuo
Q45380954,6000000074745899856,Zhu Yan
Q45380955,6000000074745772871,Zhu Shi
Q45380956,6000000074745613909,Hu Ruming
Q45380963,6000000074745740897,Yu Shuliang
Q45380964,6000000074745343134,Yu Zhengtu
Q45380975,6000000074745566084,Min Shiwen
Q45380993,6000000074745657045,Jiang Qi
Q45381009,6000000074744744551,Wang Zhiyan
Q45381016,6000000074745760986,Zhu Youdao
Q45381017,6000000074745726995,Zhu Youxin
Q45381019,6000000074746005880,Cheng Weilao
Q45381028,6000000074745755984,Wang Dabian
Q45381029,6000000074746017823,Wang Zhijiang
Q45381030,6000000074745813944,Wang Zhixiu
Q45381031,6000000074745957887,Wang Zhiye
Q45381073,6000000074744813139,Wang Yuanyou
Q45381075,6000000074745938876,Wang Xiongtu
Q45381076,6000000074746055843,Wang Lingtu
Q45381092,6000000074745487031,Hou Shiyu
Q45381102,6000000074746025878,Cheng Ying
Q45381104,6000000074745706053,Cheng Yuan
Q45381106,6000000074746015937,Cheng Huai
Q45381108,6000000074746068826,Cheng Yi
Q45381143,6000000074745756045,Cheng Zhu
Q45381161,6000000074745986965,Zhao Sizhen
Q45381181,6000000074745741073,Cheng Yangzu
Q45381182,6000000074745861032,Cheng Nianzu
Q45381183,6000000074746120830,Cheng Yuanyun
Q45381184,6000000074746119836,Cheng Yuanbi
Q45381186,6000000074745496253,Cheng Su
Q45381196,6000000074745789059,Ji Mengfu
Q45381197,6000000074744697571,Ji Yong
Q45381198,6000000074745861987,Chen Ximo
Q45381204,6000000074745835100,Shangguan Cheng
Q45381205,6000000074746124822,Shangguan Xun
Q45381206,6000000074746079844,Shangguan Yi
Q45381207,6000000074746051917,Shangguan Ti
Q45381208,6000000074746118855,Shangguan Zheng
Q45381210,6000000074745925008,Shangguan Xing
Q45381212,6000000074745774011,Shangguan Gongchuo
Q45381213,6000000074745861055,Shangguan Gongju
Q45381215,6000000074746078857,Shangguan Huanyou
Q45381216,6000000074745657159,Shangguan Huanran
Q45381217,6000000074746080871,Shangguan Sun
Q45381218,6000000074745949000,Shangguan Bike
Q45381219,6000000074745744091,Shangguan Cuizhong
Q45381220,6000000074746004012,Shangguan Ji
Q45381221,6000000074746131834,Qian Mou
Q45381226,6000000074745789099,Zhu Pengsun
Q45381228,6000000074745577220,Zhu Tisun
Q45381229,6000000074745960993,Zhu Qingsun
Q45381230,6000000074744984553,Ji A
Q45381237,6000000074745363167,Ji Sunqiu
Q45381247,6000000074746161822,Zhang Ruchun
Q45381252,6000000074746123883,Liu Yonghou
Q45381254,6000000074746045898,Zhang Ye
Q45381255,6000000074745952973,Ji Yongzhang
Q45381268,6000000074746170822,Qi Tang
Q45381272,6000000074746117854,Jia Jinqing
Q45381297,6000000074746175822,Luqiu Xiaozhong
Q45381298,6000000074745914088,Lvqiu Gongsu
Q45381299,6000000074745828047,Lvqiu Gongxi
Q45381300,6000000074746011001,Lvqiu Gongda
Q45381301,6000000074333565824,Luqiu Gui
Q45381304,6000000074746111900,Chao Zhongchuo
Q45381310,6000000074745552244,Kong Shu
Q45381311,6000000074746161830,Kong Yuan
Q45381318,6000000074745770088,Yang Kui
Q45381335,6000000074746006106,Li Song
Q45381339,6000000074745775138,Li Zhang
Q45381342,6000000074746065939,Peng Gao
Q45381344,6000000074745971990,Lin Chun
Q45381359,6000000074745743154,Luo Ying
Q45381413,6000000074746020932,Kong Zhuan
Q45381427,6000000074745775149,Kong Ju
Q45381430,6000000074746083944,Kong Qufei
Q45381445,6000000074746242830,He Shichang
Q45381526,6000000074745269361,Xu Youzhi
Q45381538,6000000074746167903,Ding Datong
Q45381551,6000000074746259825,Huang Yanhui
Q45381554,6000000074746188876,Huang Yong
Q45381557,6000000074745638173,Lin Zezu
Q45381569,6000000074746136939,Wu Yue
Q45381588,6000000074745986104,Wu Xiaoli
Q45381594,6000000074744747574,Wu Xiaogong
Q45381597,6000000074746226874,Shiqi Mian
Q45381600,6000000074746093041,Shiqi Yu
Q45381622,6000000074745906210,Qin Ji
Q45381641,6000000074746249884,Qin Changling
Q45381645,6000000074746248824,Qin Chun
Q45381648,6000000074746281824,Qin Yu
Q45381660,6000000074745775174,Qin Du
Q45381672,6000000074745325526,Li Jun
Q45381678,6000000074745744222,Wu F
Q45381681,6000000074745676315,Wu Hua
Q45381725,6000000074746033027,Jiang Gongwang
Q45381728,6000000074745538357,Jiang Gongzuo
Q45381730,6000000074746280882,Jiang Gongming
Q45381733,6000000074745466366,Jiang Xuzhou
Q45381735,6000000074746188904,Jiang Wang
Q45381757,6000000074745179348,Jiang Zhen
Q45381766,6000000074745179355,Jiang Kui
Q45381780,6000000074746348822,Jiang Cheng
Q45381784,6000000074746110042,Jiang Ling
Q45381789,6000000074746274892,Jiang Dunyu
Q45381797,6000000074746331840,Wei Lu
Q45381830,6000000074746319847,Jiang Guang
Q45381834,6000000074746188949,Jiang Sui
Q45381855,6000000074746244921,Jiang Zhengyan
Q45381857,6000000074745774205,Wei Jun
Q45381859,6000000074746130037,Wei Xian
Q45381861,6000000074746084066,Jiang Hui
Q45381876,6000000074745961198,Chen Tao
Q45381977,6000000074746145078,Jiang Zhixing
Q45381981,6000000074746342901,Jiang Cuncheng
Q45382006,6000000074746253939,Jiang Di
Q45382008,6000000074746198058,Jiang Jin
Q45382009,6000000074745900195,Jiang Gui
Q45382025,6000000074746130071,Jiang Dan
Q45382027,6000000074745091655,Jiang Wenhui
Q45382045,6000000074745898239,Jiang Shao
Q45382055,6000000074746339877,Zang Ge
Q45382069,6000000074746425822,Jiang Lin
Q45382071,6000000074746282896,Jiang Zhiwu
Q45382074,6000000074746198076,Jiang Rongzu
Q45382083,6000000074746145094,Jiang Kui
Q45382087,6000000074746098085,Jiang Fan
Q45382110,6000000074746105051,Jiang Jing
Q45382114,6000000074746253957,Zang Yuangui
Q45382118,6000000074746404856,Zang Yuanjian
Q45382123,6000000074745884219,Jiang Yuan
Q45382126,6000000074746426827,Jiang Xingzu
Q45382134,6000000074745656312,Jiao Bingyan
Q45382136,6000000074746396854,Jiao Huanyan
Q45382166,6000000074745656326,Qian Wen
Q45382174,6000000074746227994,Qian Jingchen
Q45382177,6000000074746278957,Qian Kai
Q45382215,6000000074746451857,Qian Yin
Q45382270,6000000074745744322,Qian Renxi
Q45382272,6000000074746433847,Qian Keze
Q45382337,6000000074746380905,Qian Zhizhou
Q45382341,6000000074745725425,Qian Chongzhi
Q45382350,6000000074746347908,Qian Shoupeng
Q45382362,6000000074746116066,Qian Liangchen
Q45382391,6000000074746342985,Qian Yingsun
Q45382404,6000000074746218056,Qian Ju
Q45382448,6000000074746482867,Fu Yi
Q45382454,6000000074746464882,Qin Zhen
Q45382476,6000000074746245042,Zhuo Mengqing
Q45382523,6000000074746160297,Qiu Jie
Q45382528,6000000074746050079,Qiu Dizhe
Q45382530,6000000074746522856,Yu Keji
Q45382533,6000000074746262069,Yu Chengzhi
Q45382537,6000000074745269610,Jin Jingwen
Q45382550,6000000074746191153,Zhou Zhang
Q45382573,6000000074746380965,Zhou Yannian
Q45382586,6000000074745717395,Zha Shu
Q45382609,6000000074745744409,Zhou Liangchen
Q45382613,6000000074746459908,Zhou Lianghan
Q45382625,6000000074746559831,Zhou Shen
Q45382627,6000000074746160326,Zhou Yingqi
Q45382630,6000000074746415987,Zhou Yingwu
Q45382639,6000000074746168102,Liu Zhibo
Q45382645,6000000074746459913,Liu Shu
Q45382665,6000000074745742562,Liu Tanzhi
Q45382688,6000000074746552870,Mo Boyu
Q45382696,6000000074746494900,Mo Yuan
Q45382698,6000000074746556849,Mo Cheng
Q45382704,6000000074746281139,Mo Wen
Q45382706,6000000074746544860,Mo You
Q45382722,6000000074746130189,Zhou Zhiyan
Q45382724,6000000074745743464,Lv E
Q45382728,6000000074746587834,Lv Xun
Q45382732,6000000074745717419,Lv Ping
Q45382733,6000000074746536855,Lv Quan
Q45382739,6000000074746279027,Lv Kui
Q45382741,6000000074746313018,Lv Yirou
Q45382744,6000000074745528613,Zhou Zhicai
Q45382749,6000000074746020219,Zeng Lun
Q45382752,6000000074746393012,Zhou Zhongchang
Q45382812,6000000074746518881,Zhou Xingsi
Q45382816,6000000074745949241,Zhou Zhiqing
Q45382819,6000000074746557885,Zhou Xun
Q45382967,6000000074746332072,Zhu Di
Q45383037,6000000074746392024,Zhou Dayou
Q45383043,6000000074746198262,Zhou Song
Q45383048,6000000074746461969,Zhou Bihou
Q45383049,6000000074745798424,Zhou Bicong
Q45383053,6000000074746547911,Zhou Bixian
Q45383095,6000000074746143198,Lv Kaiyuan
Q45383128,6000000074746116179,Xu Qiao
Q45383132,6000000074746558902,Zhou Zhicai
Q45383142,6000000074746313106,Lu Xiang
Q45383173,6000000074746437062,Fu Jun
Q45383176,6000000074746397933,Fu Xun
Q45383217,6000000074746687835,Yu Wei
Q45383219,6000000074746459999,Yu Shen
Q45383232,6000000074746695822,Yu Mou
Q45383242,6000000074746504959,Fu Hao
Q45383249,6000000074746413091,Yu Chou
Q45383275,6000000074746440997,Wang Zhiyan
Q45383278,6000000074746677830,Wang Zhilin
Q45383289,6000000074746479045,Shi Zongben
Q45383292,6000000074746079367,Zhou Sigong
Q45383298,6000000074746686847,Zhou Siwu
Q45383304,6000000074746259205,Zhou Zhong
Q45383306,6000000074746554926,Zhou Xin
Q45383311,6000000074746328161,Zhou Ziliang
Q45383342,6000000074745538731,Zhou Jingnan
Q45383343,6000000074746558931,Zhou Qushe
Q45383348,6000000074746136194,Zhou Jiao
Q45383351,6000000074746636872,Zhou Bin
Q45383362,6000000074746716829,Zhou Xin
Q45383372,6000000074746727822,Zhu Qinyan
Q45383395,6000000074746020320,Zeng Yize
Q45383400,6000000074746732822,Zeng Xiang
Q45383405,6000000074746698831,Zeng Jia
Q45383419,6000000074745980486,Zeng Shuqing
Q45383437,6000000074746640882,Zhu Xing
Q45383441,6000000074746669879,Yang Guangzu
Q45383448,6000000074746318128,Yang Gai
Q45383491,6000000074746889923,Zhu Jun
Q45383495,6000000074747034823,Zhu Zuo
Q45383497,6000000074746111595,Chen Songheng
Q45383500,6000000074746804004,Zhu Zhu
Q45383507,6000000074746519157,Zhu Xun
Q45383573,6000000074746851014,Liu Zheng
Q45383590,6000000074746953977,Hu Shangzhi
Q45383625,6000000074747093845,Shi Xiaochun
Q45383652,6000000074746987901,Fan Kejia
Q45383681,6000000074746906968,Zhu Zeshan
Q45383703,6000000074747111860,Zhu Yong
Q45383750,6000000074746846980,Wang W
Q45383756,6000000074746836063,Wang Ruxian
Q45383775,6000000074746880096,Wang Zao
Q45383786,6000000074746924947,Zhu Yuan
Q45383794,6000000074747118859,Zhu Fei
Q45383800,6000000074747131824,Zhuge Geng
Q45383893,6000000074746862056,Chu Ding
Q45383905,6000000074747078911,Chu Zhu
Q45383906,6000000074747174829,Zhuang Anshi
Q45383912,6000000074746502268,Fan Renyuan
Q45384033,6000000074747119879,Fan Zuyi
Q45384038,6000000074747137879,Fan Xun
Q45384043,6000000074746881021,Fan Shen
Q45384048,6000000074746144544,Fan You
Q45384052,6000000074747003023,Fan Zhongnan
Q45384055,6000000074746891920,Fan Zhongkai
Q45384059,6000000074746740171,Fan Zhongfu
Q45384067,6000000074746851079,Fan Zhongmin
Q45384070,6000000074747099913,Fan Zhongshi
Q45384074,6000000074746813059,Fan Zhongwei
Q45384077,6000000074746870144,Fan Zifu
Q45384081,6000000074746782178,Fan Zuchun
Q45384084,6000000074747041970,Fan Zigai
Q45384089,6000000074747118885,Fan Ziyi
Q45384092,6000000074746951026,Fan Zhongyi
Q45384100,6000000074746502274,Fan Zhongqi
Q45384104,6000000074744795487,Fan Liao
Q45384108,6000000074746328600,Fan Zhongren
Q45384215,6000000074746982040,Li Chuquan
Q45384219,6000000074747227822,Li Chulian
Q45384234,6000000074746592349,Han Guan
Q45384340,6000000074747035966,Cao Xie
Q45384396,6000000074746809116,Han Yuanjie
Q45384399,6000000074746623339,Han Yuanxiang
Q45384415,6000000074746854133,Zhu Guangyi
Q45384446,6000000074747188856,Fan Xun
Q45384451,6000000074747009002,Fan Hao
Q45384455,6000000074746553365,Fan Duanchen
Q45384458,6000000074747159947,Fan Duangao
Q45384462,6000000074746898104,Fan Rong
Q45384490,6000000074747227854,Hu Qi
Q45384507,6000000074746721171,Fan Hong
Q45384509,6000000074747247828,Fan Jin
Q45384541,6000000074747120973,Fan Sun
Q45384546,6000000074746903066,Fan Chengxing
Q45384549,6000000074747230886,Fan Wei
Q45384560,6000000074747154919,Fan Zongji
Q45384565,6000000074747248855,Fan Jie
Q45384568,6000000074747102943,Fan Ji
Q45384571,6000000074747192902,Fan Zongwen
Q45384578,6000000074746645208,Fang Zhonggong
Q45384619,6000000074747246851,Fang Fengbing
Q45384621,6000000074747227898,Fang Fengchang
Q45384632,6000000074747294822,Fang Zhongmou
Q45384635,6000000074746928160,Fang Yin
Q45384637,6000000074746982070,Fang Wen
Q45384641,6000000074747200922,Fang Hong
Q45384669,6000000074747258876,Ni Tianzhi
Q45384686,6000000074746862123,Shao Huan
Q45384687,6000000074747227927,Shao Bing
Q45384690,6000000074747253875,Shao Jingchu
Q45384699,6000000074747322822,Shao Yingbao
Q45384717,6000000074747183975,Xiang Chen
Q45384721,6000000074747087055,Xiang Hute
Q45384724,6000000074747121030,Xiang Leizhen
Q45384737,6000000074747253883,Zheng Bozhai
Q45384743,6000000074747024048,Li Zhaoyong
Q45384751,6000000074746600379,Li Zhaowen
Q45384759,6000000074747342826,Li Zhaofeng
Q45384761,6000000074747168900,Li Zhaosu
Q45384763,6000000074747170013,Li Dunxi
Q45384769,6000000074746628301,Liu Xiaoxian
Q45384773,6000000074747003144,Fang Xichun
Q45384796,6000000074747020116,Yi Yingyun
Q45384798,6000000074747248917,Yi Qi
Q45384799,6000000074747099104,Yi Kai
Q45384804,6000000074747104038,Yi Bing
Q45384821,6000000074746717330,Yi Shaoyi
Q45384823,6000000074747313839,Yi Sui
Q45384824,6000000074746857181,Yi Yuanying
Q45384828,6000000074746930063,Yi Qian
Q45384838,6000000074746948158,Yi Zhuming
Q45384855,6000000074747138079,Yi Douyuan
Q45384857,6000000074747324851,Yi Dingji
Q45384861,6000000074746750417,Yi Rugang
Q45384863,6000000074747021026,Yi Ziyan
Q45384892,6000000074747282871,Fang Cifu
Q45384939,6000000074747095073,Fang Yuanruo
Q45384942,6000000074747359892,Ouyang Shu
Q45384950,6000000047504710855,Lv Zhengji
Q45384954,6000000074747111004,Fang Yuanzhao
Q45384956,6000000074747224974,Chang Yansun
Q45384960,6000000074746829169,Shu Zhao
Q45384969,6000000074747364850,Shu Yong
Q45385013,6000000074747272961,Yuan Bangxian
Q45385034,6000000074746888106,Tu Quan
Q45385053,6000000074746854267,Shu Chengzhi
Q45385057,6000000074747384876,Shu Yongzhi
Q45385059,6000000074747201006,Shu Zhezhi
Q45385063,6000000074747364873,Shu Youzhi
Q45385066,6000000074747413831,Shu Ying
Q45385076,6000000074746927198,Shu Zhu
Q45385081,6000000074747329902,Shu Zhang
Q45385084,6000000074747060083,Shu Jin
Q45385088,6000000074747444822,Shu Hu
Q45385095,6000000074747104105,Shu Yu
Q45385151,6000000074747118066,Xie Yizhong
Q45385153,6000000074747349880,Xie Yixiu
Q45385155,6000000074747259016,Xie Yimao
Q45385157,6000000074747078077,Xie Yili
Q45385159,6000000074747209998,Xie Yidao
Q45385161,6000000074747355925,Zhang Bu
Q45385294,6000000074747272173,Yuwen Hongzhong
Q45385310,6000000074746861274,Yuwen Tong
Q45385313,6000000074747281051,He Qiu
Q45385319,6000000074747613846,He Ze
Q45385321,6000000074747534899,Liu Feng
Q45385327,6000000074747454966,Li Dache
Q45385328,6000000074747312030,Fan Hang
Q45385332,6000000074747454971,He Ju
Q45385336,6000000074747607839,Yuwen Yu
Q45385346,6000000074747420004,Yuwen Shaoyi
Q45385349,6000000074747563917,Yuwen Jingne
Q45385352,6000000074747677824,Yuwen Jingdu
Q45385413,6000000074747643844,Zhao C
Q45385415,6000000074747679849,Zhao Sheng
Q45385424,6000000074747668827,Zhao Mang
Q45385441,6000000074746897471,Jing Siwen
Q45385444,6000000074747192245,Jing Siyong
Q45385445,6000000074747554889,Jing Daguang
Q45385449,6000000074747625870,Zhao Bian
Q45385452,6000000074747634873,Zhao Chi
Q45385455,6000000074747245186,Feng Cong
Q45385463,6000000074747433007,Feng Zhenwu
Q45385482,6000000074747677846,Feng Xiang
Q45385484,6000000074746930363,Feng Qi
Q45385552,6000000074747631919,Xue Yiying
Q45385664,6000000074747767823,Li Zhaomo
Q45385673,6000000074747612890,Li Shunqing
Q45385724,6000000074747732829,Cao Chen
Q45385827,6000000074746888308,Huang Tan
Q45385832,6000000074747549938,Hou Youzhang
Q45385835,6000000074747280178,Hou Tianjing
Q45385838,6000000074747609934,Hou Yong
Q45385841,6000000074747410020,Hou Yu
Q45385846,6000000074747321105,Hou Yannian
Q45385853,6000000074747596980,Hou Yanlao
Q45385856,6000000074747762857,Hou Penglao
Q45385858,6000000074746696617,Hou Yanqing
Q45385862,6000000074747709839,Hou Xuan
Q45385866,6000000074747311157,Hou Huan
Q45385922,6000000074746888347,Kang Zanhua
Q45385940,6000000074747679935,Ma Wenshu
Q45385942,6000000074747406155,Ma Wengu
Q45385944,6000000074746861384,Ma Zhongying
Q45385958,6000000074747749897,Guan Pang
Q45385982,6000000074747741849,Guan Bo
Q45385985,6000000074747269136,Guan Xie
Q45386054,6000000074747597026,Bao Dayi
Q45386060,6000000074747311203,Bao Wei
Q45386093,6000000074747846833,Bao Ji
Q45386096,6000000074747777853,Bao Zuwen
Q45386100,6000000074747681946,Bao Zuwu
Q45386144,6000000074747651937,Wang Zhidao
Q45386147,6000000074747734958,Wang Zhishao
Q45386149,6000000074747822907,Wang Guangzu
Q45386152,6000000074747380164,Shu Lin
Q45386157,6000000074747761910,Wang Wenzhong
Q45386159,6000000074747869842,Zang Mengxiang
Q45386161,6000000074747824915,Zang Fei
Q45386162,6000000074747491984,Zang Yuansun
Q45386169,6000000074747509063,Wang Chan
Q45386172,6000000074747844891,Zhou Shunyuan
Q45386178,6000000074747702995,Jiang Yu
Q45386181,6000000074747564061,Jiang Duo
Q45386202,6000000074747194248,Shu Jichuan
Q45386213,6000000074747622091,Shu Ji
Q45386216,6000000074746892165,Shu Jing
Q45386218,6000000074747832896,Shu Tang
Q45386223,6000000074747658983,Shu Zhou
Q45386234,6000000074747609044,Bao Anping
Q45386253,6000000074747118355,Lin Daiwen
Q45386259,6000000074747764920,Xue Zhiyan
Q45386264,6000000074747650056,Liu Anju
Q45386300,6000000074747267264,Feng Anzhi
Q45386338,6000000074747445185,Xia A
Q45386394,6000000074747885885,Luo Sichen
Q45386406,6000000074747722044,Yu Cheng
Q45386410,6000000074747874929,Yu Yue
Q45386419,6000000074747735006,Wu Shou
Q45386442,6000000074747866900,Huang Xiang
Q45386462,6000000074747240272,Hong Jiarui
Q45386467,6000000074747922933,Hong Yanhua
Q45386482,6000000074747541176,Fang Chun
Q45386495,6000000074747855991,Hong Yangzu
Q45386498,6000000074746619764,Hong Mengliang
Q45386513,6000000074747812003,He Chujie
Q45386514,6000000074747492082,He Zhichong
Q45386515,6000000074747855998,He Shen
Q45386518,6000000074747672066,He Qi
Q45386523,6000000074747275333,He Yang
Q45386525,6000000074748023823,He Yu
Q45386527,6000000074747688994,He Run
Q45386530,6000000074747008642,He Yun
Q45386534,6000000074747812927,He Hong
Q45386537,6000000074747550084,He Zhan
Q45386539,6000000074747883974,He Chutian
Q45386550,6000000074747896882,Liu Q
Q45386573,6000000074747896907,Liu Chengbi
Q45386580,6000000074747639086,Xiang Zifen
Q45386584,6000000074747541220,Xiang Ziguang
Q45386593,6000000074748037834,Wu Jin
Q45386652,6000000074747959910,Zeng Ji
Q45386656,6000000074747842915,Zeng Tang
Q45386661,6000000074747688045,Zeng Li
Q45386671,6000000074747214355,Chen Zhao
Q45386672,6000000074747929929,Yu Weihe
Q45386674,6000000074747036575,Yu Tianqi
Q45386678,6000000074748000872,Yu Dingfu
Q45386681,6000000074748077834,Yu Zhi
Q45386684,6000000074748029865,Yu Anya
Q45386688,6000000074747547083,Yu Xie
Q45386694,6000000074747624035,Yu Qi
Q45386696,6000000074747555175,Yu Chong
Q45386697,6000000074748098834,Yu Lin
Q45386701,6000000074747825954,Yu Xiandao
Q45386704,6000000074748075827,Yu Rongsun
Q45386708,6000000074747906960,Yu Zongjie
Q45386711,6000000074748080858,Yu Qingsun
Q45386713,6000000074748038863,Yu Ge
Q45386717,6000000074748008871,Yu Zigeng
Q45386720,6000000074747991875,Yu Ruhu
Q45386723,6000000074747688064,Yu Xiu
Q45386733,6000000074748105824,Yu A
Q45386743,6000000074747571215,Tang Zhongyi
Q45386746,6000000074746940174,Tang Zhongzhan
Q45386775,6000000074747492127,Shang Kezhong
Q45386785,6000000074747874001,Yu Yan
Q45386791,6000000074748040879,Yu Xian
Q45386826,6000000074747952950,Zong Kai
Q45386896,6000000074748099896,Zhao Ximing
Q45386971,6000000074747991923,Wu Ting
Q45386986,6000000074748133867,Wu Pu
Q45387086,6000000074748251829,Chao Mingzhi
Q45387267,6000000074748090951,Yao Zongyan
Q45387276,6000000074748157907,Cai Cheng
Q45387287,6000000074748009005,Shen Hui
Q45387288,6000000074748263833,Shen Yu
Q45387294,6000000074748190858,Shen Zhongwen
Q45387298,6000000074748297828,Shen Shilong
Q45387317,6000000074746888647,Han Yaqing
Q45387319,6000000074748004066,Han Kangqing
Q45387322,6000000074748125906,Han Qi
Q45387337,6000000074747214494,Yan Tianchang
Q45387342,6000000074747955041,Wang Yanju
Q45387351,6000000074748134966,Wu Chengxu
Q45387355,6000000074748299837,Wu Minzong
Q45387358,6000000074747688185,Xiang Xun
Q45387372,6000000074747214501,Xiang Hao
Q45387378,6000000074748316822,Xiang Wei
Q45387386,6000000074748061008,Xiang Chuo
Q45387394,6000000074747851079,Xiang Yi
Q45387442,6000000074748220902,Qiu You
Q45387510,6000000074748638997,Chen Qi
Q45387512,6000000074748753893,Gao Ding
Q45387515,6000000074748689938,Tang Shu
Q45387518,6000000074748442074,Tang Yi
Q45387548,6000000074748708884,Wang Min
Q45387559,6000000074748655010,Fu Zhao
Q45387568,6000000074748745927,Fu Gengdao
Q45387571,6000000074748058394,Fu Anjie
Q45387574,6000000074748674988,Fu Yanming
Q45387583,6000000074747981437,Fu Dayou
Q45387585,6000000074748857822,Fu Daxian
Q45387604,6000000074748686949,Zeng Fei
Q45387638,6000000074748802884,Wang Fen
Q45387640,6000000074748200281,Wang Shu
Q45387642,6000000074748676968,Liu Zhongkan
Q45387670,6000000074748023523,Rui Jiayan
Q45387673,6000000074748846833,Rui Huanyan
Q45387695,6000000074748516038,Shi Hang
Q45387698,6000000074748864840,Shi Chun
Q45387709,6000000074748351206,Lv Wenzhong
Q45387712,6000000074748804922,Han Bu
Q45387715,6000000074748779881,Han Xiang
Q45387722,6000000074747963503,He Bi
Q45387724,6000000074748278207,He Dading
Q45387744,6000000074748520047,He Yun
Q45387751,6000000074748808918,He Yu
Q45387755,6000000074748877841,He Ruochong
Q45387757,6000000074748863840,He Zhenggong
Q45387759,6000000074748649014,He Daiping
Q45387762,6000000074748009459,Qiu Ci
Q45387827,6000000074748649031,Gong Jun
Q45387857,6000000074748300388,Du Youjie
Q45387860,6000000074748749010,Du Youbing
Q45387864,6000000074748893827,Du Youcun
Q45387916,6000000074748595209,Wu Sanxi
Q45387937,6000000074748819950,Guo Gai
Q45387942,6000000074748903888,Guo Pu
Q45387945,6000000074748724009,Guo Zheng
Q45387951,6000000074748968823,Guo Bida
Q45387955,6000000074748936885,Guo Zongyi
Q45387960,6000000074748880910,Guo Shizhong
Q45387966,6000000074748710043,Guo Bozhong
Q45387970,6000000074748675147,Ye Ting
Q45387997,6000000074748984844,Du Youhou
Q45388000,6000000074748767029,Sun Lan
Q45388008,6000000074748997822,Sun Jixue
Q45388046,6000000074748810885,Hu Guorui
Q45388052,6000000074748877871,Hu Guozuo
Q45388058,6000000074748600172,Hong Mu
Q45388073,6000000074749008848,Hong Qiwei
Q45388083,6000000074748996842,He She
Q45388086,6000000074748727015,He Guan
Q45388090,6000000074748644099,He Zhan
Q45388093,6000000074748846936,He Yan
Q45388099,6000000074748844958,He Shi
Q45388109,6000000074749012853,He Mou
Q45388124,6000000074748949864,He B
Q45388149,6000000074749007827,Xie Zongjing
Q45388154,6000000074748983851,Han Chan
Q45388159,6000000074748674007,Han Gui
Q45388162,6000000074748742098,Lin Xian
Q45388170,6000000074748823927,Hou Zhigang
Q45388215,6000000074748985900,Wu Yu
Q45388276,6000000074748807085,Li Huibo
Q45388290,6000000074748958872,Li Yibing
Q45388294,6000000074748736066,Li Yixing
Q45388296,6000000074748909910,Li Yimu
Q45388301,6000000074748804097,Li Gan
Q45388310,6000000074748931885,Li Xiu
Q45388313,6000000074748793009,Li Yishen
Q45388315,6000000074748925930,Li Mingzhe
Q45388319,6000000074748543274,Zhu Jin
Q45388323,6000000074748888005,Zang Shao
Q45388418,6000000074748733144,Shi Anshu
Q45388473,6000000074749098825,Xu Tinghuan
Q45388476,6000000074748877961,Xu Risheng
Q45388504,6000000074748320341,Lu Song
Q45388525,6000000074749113823,Lu Ziyu
Q45388527,6000000074748759153,Lu Cai
Q45388528,6000000074748986985,Lu Yue
Q45388533,6000000074749110839,Lu Xiong
Q45388536,6000000074748328386,Lu Dian
Q45388538,6000000074749082860,Lu Yan
Q45388563,6000000074749089841,Pan Youwen
Q45388608,6000000074749047910,Xie Ye
Q45388615,6000000074748959961,Xie Zhi
Q45388617,6000000074748707151,Xie Hou
Q45388688,6000000074749074913,Shi Jingqing
Q45388691,6000000074748936049,Song Xiaosun
Q45388719,6000000074748750178,Xi Ping
Q45388721,6000000074749083867,Wang Ning
Q45388751,6000000074748707188,Ren Ying
Q45388754,6000000074749010935,Zhong Huan
Q45388757,6000000074748788056,Ren Yuanzhi
Q45388760,6000000074748847105,Ren Qingzhi
Q45388768,6000000074748550270,Ren Gu
Q45388771,6000000074748824060,Liu A
Q45388823,6000000074748962971,Dong Ze
Q45388868,6000000074748534443,Song Keguan
Q45388967,6000000074749122941,Zhang Jing
Q45389044,6000000074749232860,Song Jirang
Q45389129,6000000063343484833,Bi Congshan
Q45389143,6000000074748280731,Bi Conghou
Q45389146,6000000074749249875,Bi Congdao
Q45389148,6000000074749234889,Bi Conghui
Q45389151,6000000074749172892,Bi Congjian
Q45389153,6000000074749281840,Bi Congfan
Q45389157,6000000074748890016,Bi Zhonglian
Q45389177,6000000074749048056,Sima Yang
Q45389181,6000000074748826142,Chen Shao
Q45389194,6000000074749309822,Song Zongliang
Q45389203,6000000074749057974,Jiang Zheng
Q45389219,6000000074748328570,Jiang Ruzhou
Q45389255,6000000074749302830,Song Jie
Q45389261,6000000074749034109,Song Gangshu
Q45389298,6000000074748890043,Xiahou Gong
Q45389352,6000000074748507460,Niu Dounan
Q45389366,6000000074749202941,Li Riqin
Q45389369,6000000074749079065,Huang Yuan
Q45389439,6000000074748782301,Cao Shizhong
Q45389442,6000000074749199928,Peng Wei
Q45389449,6000000074748997106,You Feng
Q45389453,6000000074749370831,You Quji
Q45389456,6000000074749181941,Tan Gu
Q45389465,6000000074749223928,Tan Zongyuan
Q45389476,6000000074749385829,Tan Zhuo
Q45389485,6000000074748759381,Tan Mengxiang
Q45389488,6000000074748831126,Xu Kai
Q45389493,6000000074749343842,Xu Hong
Q45389497,6000000074749328859,Xu Tao
Q45389501,6000000074749145977,Xu Sheng
Q45389505,6000000074749266012,Xu Yuqing
Q45389509,6000000074749084005,Xu Bisheng
Q45389520,6000000074748733354,Tan Hezhi
Q45389530,6000000074748302551,Huang F
Q45389561,6000000074748926173,Xiao Shifan
Q45389571,6000000074749261911,Peng Wei
Q45389574,6000000074748969106,Xie Zi
Q45389577,6000000074749409825,Ding Nanrong
Q45389580,6000000074748280756,Ding Nanqiang
Q45389584,6000000074748896279,Ding Nanjin
Q45389589,6000000074748507509,Xie Jie
Q45389594,6000000074749160994,Xie Xiu
Q45389595,6000000074748839199,Xie Ti
Q45389643,6000000074749194961,Tan A
Q45389650,6000000074749078100,Mei Ze
Q45389654,6000000074749408823,Yang Shiyan
Q45389659,6000000074748584480,Xie Dun
Q45389661,6000000074749166987,Xie Zao
Q45389668,6000000074749048119,Xie Zhouqing
Q45389734,6000000074749298916,Wang Cong
Q45389738,6000000074749394862,Wu Fu
Q45389741,6000000074749316890,Xie Zuxin
Q45389762,6000000074749181973,Xianyu Duanfu
Q45389764,6000000074748351657,Ling Jingyang
Q45389767,6000000074749390858,Wang Yu
Q45389794,6000000074749445830,Xin Gongyou
Q45389798,6000000074749356884,Xiong Bian
Q45389801,6000000074749079158,Xiong Gao
Q45389823,6000000074749287030,Xu Shichong
Q45389834,6000000074748847368,Xu Ke
Q45389845,6000000074749273012,Xu Hui
Q45389849,6000000074749251924,Xu Rui
Q45389871,6000000074749427887,Ding Zha
Q45389875,6000000074749479826,Ding Xi
Q45389896,6000000074748733422,Xiang Gongmei
Q45389900,6000000074748272636,Kong Zi
Q45389913,6000000074749357926,Xu Dajie
Q45389931,6000000074749339908,Xu Weida
Q45389962,6000000074749497822,Tan Zongmeng
Q45389966,6000000074749424928,Tan Zongjie
Q45389968,6000000074748576410,Tan Zongzhe
Q45390047,6000000074749262030,Zhou Fengxian
Q45390081,6000000074749312944,Wang Jiayan
Q45390083,6000000074749493873,Tang Yan
Q45390089,6000000074749463863,Tang Ye
Q45390109,6000000074749435895,Xue Gui
Q45390119,6000000074749403924,Dai Xiongfei
Q45390140,6000000074748977241,Dai Kaizhi
Q45390168,6000000074749389896,Dai Zhi
Q45390175,6000000074749454901,Dai Pan
Q45390186,6000000074749530837,Zhang Bowen
Q45390189,6000000074748986305,Zhang Yi
Q45390191,6000000074749449964,Zhang Yong
Q45390194,6000000074749564822,Zhang Huan
Q45390216,6000000074748760307,Xu Wenyi
Q45390219,6000000074749546851,Xu Bian
Q45390224,6000000074749552836,Xu Juren
Q45390228,6000000074749021183,Xu Juan
Q45390239,6000000074749101235,Shen Hui
Q45390246,6000000074749369006,Xu Qian
Q45390249,6000000074749209049,Xu Xuan
Q45390256,6000000074748272741,Xu Mu
Q45390259,6000000074748328748,Xu Anshi
Q45390261,6000000074749409944,Xu Zhong
Q45390264,6000000074749236074,Xu Shan
Q45390269,6000000074749550848,Xu Gangzong
Q45390274,6000000074749488934,Xu Long
Q45390278,6000000074749512864,Xu Jie
Q45390283,6000000074749575825,Chen Yungu
Q45390321,6000000074749378052,Zhang Yi
Q45390329,6000000074749495926,Xue Fangru
Q45390449,6000000074749553973,Wang Hongzhong
Q45390465,6000000074749795959,Yang Chen
Q45390468,6000000074749343267,Yang Cong
Q45390471,6000000074749060584,Yang Jue
Q45390477,6000000074749586100,Yang Zongshao
Q45390490,6000000074749785952,Cheng Shilong
Q45390491,6000000074749234382,Wei Meng
Q45390496,6000000074749647094,Xue Shidian
Q45390500,6000000074749038566,Xue Shifu
Q45390506,6000000074749269323,Chen Shen
Q45390509,6000000074749859922,Chen Ge
Q45390512,6000000074749893857,Chen Zong
Q45390514,6000000074749752958,Chen Dang
Q45390517,6000000074749896920,Chen Feng
Q45390521,6000000074749144459,Chen Zonghan
Q45390534,6000000074749794948,Chen Gai
Q45390537,6000000074749971864,Chen Dafang
Q45390545,6000000074749782058,Xue Xia
Q45390546,6000000074749854913,Xue Wen
Q45390573,6000000074749877908,Hu Geng
Q45390679,6000000074749896944,Hu Zongyang
Q45390680,6000000074749773976,Hu Zongzhe
Q45390693,6000000074749144489,Hu Dazheng
Q45390697,6000000074749312339,Hu Changqing
Q45390699,6000000074749900893,Hu Zhuan
Q45390705,6000000074749675094,Hu Linqing
Q45390720,6000000074749746997,Hu Rongqing
Q45390724,6000000074749851996,Hu Zao
Q45390725,6000000074749908901,Hu Zao
Q45390756,6000000074749773981,Hu Zongdao
Q45390790,6000000074750048844,Chen Jing
Q45390794,6000000074749764072,Huang Xu
Q45390795,6000000074750011863,Huang Shuxia
Q45390797,6000000074749566186,Huang Gonggai
Q45390798,6000000074750063832,Huang Yi
Q45390820,6000000074749707125,Huang Jing
Q45390822,6000000074749764081,Huang Yan
Q45390850,6000000074750104838,Huang Yizhen
Q45390853,6000000074749391365,Huang Shike
Q45390854,6000000074749942046,Huang Shiji
Q45390856,6000000074750031903,Huang Xia
Q45390857,6000000074750055909,Huang Jun
Q45390858,6000000074749675143,Huang Xiang
Q45390860,6000000074750122823,Huang Li
Q45390869,6000000074750004909,Huang Yong
Q45390882,6000000074749441225,Huang Rengui
Q45390888,6000000074750028922,Huang Lun
Q45390896,6000000074750151839,Huang Mengyong
Q45390902,6000000074750128828,Huang Gongju
Q45390909,6000000074749926931,Huang Shidu
Q45390911,6000000074750164824,Huang Song
Q45390913,6000000074749921017,Huang Xiu
Q45390915,6000000074750135870,Huang Tang
Q45390923,6000000074750160831,Huang Qian
Q45390925,6000000074749940103,Huang Anzhi
Q45390938,6000000074750164842,Huang Qin
Q45390940,6000000074749874060,Huang Lai
Q45390946,6000000074749994049,Huang Kui
Q45390951,6000000074749776219,Huang Shou
Q45390955,6000000074749266631,Huang Rong
Q45390956,6000000074750037921,Huang Guxin
Q45390957,6000000074750154884,Huang Guxue
Q45390959,6000000074749908983,Huang Kui
Q45390964,6000000074750153844,Huang Wenyu
Q45390967,6000000074750127916,Huang Ying
Q45390970,6000000074750053905,Huang Jin
Q45390974,6000000074749370387,Huang Shen
Q45390976,6000000074749797130,Huang You
Q45390983,6000000074749794125,Huang Zhoufu
Q45391013,6000000074750189824,Huang Yu
Q45391050,6000000074749560311,Huang Xian
Q45391054,6000000074749908999,Huang Mian
Q45391063,6000000074750203850,Huang Gongshao
Q45391083,6000000074749795134,Ren Dounan
Q45391103,6000000074749711161,Ren Yansou
Q45391105,6000000074749161440,Huang Deyi
Q45391115,6000000074749505333,Li Zhongrong
Q45391121,6000000074750068946,Hong Zhonghe
Q45391173,6000000074749402428,Wen Tianzhen
Q45391195,6000000074749451522,Huo Chi
Q45391201,6000000074750226849,Rao Qi
Q45391207,6000000074750242835,Rao Shizhuan
Q45391214,6000000074750092954,Rao Boda
Q45391217,6000000074750199883,Rao Haoyu
Q45391225,6000000074749920099,Rao Dangke
Q45391227,6000000074749182534,Rao Siyong
Q45391232,6000000074750186885,Rao Bangxiu
Q45391265,6000000074750223857,Rong Zidao
Q45391268,6000000074750131972,Rong Rixuan
Q45391310,6000000074749356496,Li Geng
Q45391317,6000000074749249571,Li Wenzi
Q45391327,6000000074698845144,Li Zhuangzu
Q45391356,6000000074749891188,Su Yuanlao
Q45391380,6000000074750208915,Su Xu
Q45391393,6000000074750077046,Su Zhaoguang
Q45391400,6000000074750269831,Su Qian
Q45391452,6000000074750005081,Ren Zhonghou
Q45391545,6000000074749788314,Wang Qing
Q45391721,6000000074750735125,Wang Zhou
Q45391836,6000000074750987932,Gao Si
Q45391839,6000000074751092830,Gao Xingyi
Q45391844,6000000074750358264,Lin Yi
Q45391889,6000000074751114825,Bao Ruxie
Q45391891,6000000074750735186,Gao Shiliang
Q45391895,6000000074750790036,Gao Shiju
Q45391897,6000000074751103840,Gao Shiquan
Q45391899,6000000074750901947,Gao Shizuan
Q45391901,6000000074750978881,Gao Gongchun
Q45391903,6000000074750782040,Gao Gongying
Q45391928,6000000074750943959,Huang Zhiliang
Q45391931,6000000074750926975,Ge Shan
Q45391941,6000000074751125834,Ke Jia
Q45391994,6000000074751075884,Geng Bing
Q45392010,6000000074750117613,Yu Zao
Q45392012,6000000074751125873,Yu Chong
Q45392016,6000000074750742115,Yu Yi
Q45392042,6000000074750358306,Gu Quan
Q45392044,6000000074750953995,Wang Zhigang
Q45392048,6000000074751019914,Yuan Heng
Q45392107,6000000074750185544,Wang Rong
Q45392230,6000000074751022966,Guo Yuanmai
Q45392233,6000000074750569333,Guo Ji
Q45392255,6000000074750898050,Guo Lun
Q45392258,6000000074751224845,Guo Zhizhong
Q45392263,6000000074750825043,Guo Xingzhong
Q45392266,6000000074751226829,Guo Youyi
Q45392269,6000000074750611306,Guo Quheng
Q45392272,6000000074751186841,Guo Jian
Q45392291,6000000074751121939,Guo Mingqing
Q45392303,6000000074749965787,Lu Youduan
Q45392321,6000000074750817052,Huo Dong
Q45392349,6000000074751244863,Wu Shanfu
Q45392353,6000000074751260829,Wu Shang
Q45392368,6000000074751128015,Li Sheng
Q45392369,6000000074751235865,Zhang Zhongxing
Q45392372,6000000074750838161,Guo Huangzhong
Q45392374,6000000074751257843,Guo Meizhong
Q45392387,6000000074751134878,Lan Yuanyong
Q45392393,6000000074751273833,Lang Mian
Q45392417,6000000074751191889,Lang Wei
Q45392421,6000000074751244885,Lang Ji
Q45392424,6000000074750152698,Lang Sheng
Q45392428,6000000074751256859,Wu Xian
Q45392438,6000000074751140940,Lei Songchen
Q45392456,6000000074751048020,Leng Min
Q45392459,6000000074751306832,Leng Zhu
Q45392463,6000000074750922223,Leng Xi
Q45392468,6000000074751233908,Leng Yingdeng
Q45392471,6000000074751277886,Leng Yingying
Q45392475,6000000074750538317,Leng Yingyuan
Q45392481,6000000074751307842,Leng Yingyu
Q45392484,6000000074751061051,Leng Feng
Q45392486,6000000074751322826,Leng Yingjie
Q45392501,6000000074751309840,Li Zhongji
Q45392512,6000000074750469455,Zhu Dong
Q45392537,6000000074751111986,Li Zhang
Q45392539,6000000074751300844,Li Yi
Q45392553,6000000074751271880,Li Changmin
Q45392622,6000000074751282886,Li Jiwo
Q45392636,6000000074751198031,Li Xun
Q45392676,6000000074751357862,Fan Xiaosun
Q45392797,6000000074751222040,Li Jingdao
Q45392801,6000000074751309893,Li Jingyou
Q45392805,6000000074750995090,Li Jingmeng
Q45392844,6000000074751300917,Li Xun
Q45392846,6000000074751372890,Li Hua
Q45392862,6000000074750991980,Li Sheng
Q45392867,6000000074750994222,Li Jiang
Q45392901,6000000074750935228,Jiang Qian
Q45392941,6000000074750995112,Zhang Tan
Q45392946,6000000074751379915,Fan Duanzhi
Q45392949,6000000074751380871,Zou Yu
Q45392954,6000000074750955297,Fu Bogao
Q45392968,6000000074751312990,Zhang Yu
Q45392979,6000000074750152806,Song Zhiqian
Q45392985,6000000074751256002,Song Yong
Q45392990,6000000074751484859,Li Qiu
Q45392996,6000000074751279916,Deng Jiuling
Q45393011,6000000074751478838,Zeng Zihao
Q45393013,6000000074751114072,Zeng Hengfu
Q45393017,6000000074751212032,Zeng Shan
Q45393020,6000000074751183038,Zeng Wang
Q45393024,6000000074751447864,Zeng Jingkui
Q45393028,6000000074750804287,Zeng Yuan
Q45393060,6000000074751253022,Li Ju
Q45393061,6000000074751245034,Li Lianfu
Q45393063,6000000074751369926,Lu Quanzhi
Q45393066,6000000074751470864,Li Zhiwei
Q45393068,6000000074750955325,Li Zhihe
Q45393076,6000000074751220065,Li Gongyi
Q45393080,6000000074751470869,Li Gongjing
Q45393100,6000000074751043150,Li Boheng
Q45393116,6000000074750935280,Wang Chong
Q45393132,6000000074751284038,Li Tingzhi
Q45393140,6000000074750892294,Li Yansheng
Q45393148,6000000074750777297,Li Tianxu
Q45393151,6000000074751032163,Li Duanmin
Q45393157,6000000074751328976,Tan Su
Q45393171,6000000074751061231,Li Bo
Q45393217,6000000074751140116,Li Fu
Q45393219,6000000074751418975,Li Juan
Q45393236,6000000074751228057,Shi Yu
Q45393261,6000000074750682485,Li Pi
Q45393263,6000000074751579825,Li Xian
Q45393268,6000000074751245121,Li Ge
Q45393279,6000000074751140130,Li Yong
Q45393282,6000000074751184190,Li Mu
Q45393286,6000000074751015180,Li Pu
Q45393308,6000000074751207091,Li Shanfu
Q45393347,6000000074751311012,Liao Tingyu
Q45393402,6000000074751538877,Chen Ruqi
Q45393407,6000000074751581832,Chen Ruyi
Q45393411,6000000074751466937,Chen Ying
Q45393456,6000000074751551899,Yuan Shaojing
Q45393487,6000000074751279129,Fu Yi
Q45393491,6000000074751001235,Fu Daiyan
Q45393496,6000000074751490951,Yu Chouruo
Q45393500,6000000074750545733,Huang Xi
Q45393505,6000000074751023217,Chen Shinan
Q45393547,6000000074750441789,Li Yungong
Q45393550,6000000074751621849,Li Dafang
Q45393572,6000000074751607849,Li Gongquan
Q45393576,6000000074751322088,Li Chongyuan
Q45393580,6000000074751470982,Li Lianggong
Q45393587,6000000074751645847,Wang Gai
Q45393595,6000000074751332179,Zhang Chi
Q45393598,6000000074751606879,Zhang Fu
Q45393616,6000000074751644866,Wang Yinglong
Q45393630,6000000074751648849,Wang Weixian
Q45393635,6000000074751617895,Wang Weiyi
Q45393639,6000000074751581912,Wang Hong
Q45393640,6000000074751427005,Wang Hu
Q45393642,6000000074751551980,Wang Wei
Q45393644,6000000074751443973,Wang Dachun
Q45393689,6000000074751410021,Lin Ju
Q45393691,6000000046886728174,Zhang Ji
Q45393695,6000000074751518014,Zhang Siliang
Q45393699,6000000074751049352,Zhang Fu
Q45393702,6000000074751727822,Zhang Pan
Q45393706,6000000074751410026,Zhang Ziming
Q45393708,6000000074751682875,Zhang Ziqiang
Q45393709,6000000074751601892,Zhang Ziqi
Q45393713,6000000074751369192,Zhang Zidong
Q45393754,6000000074751664844,Jiang Yuxiao
Q45393756,6000000074751478991,Jiang Yuqiu
Q45393775,6000000074751553980,Lou Bing
Q45393779,6000000074751410031,Lou Zhao
Q45393840,6000000074750386740,Zhao Shiying
Q45393868,6000000074750785444,Lou Zhuo
Q45393882,6000000074751500081,Lou Bing
Q45393894,6000000074751448043,Lou Hong
Q45393898,6000000074751702831,Lou Gong
Q45393900,6000000074751021426,Lou Lie
Q45393905,6000000074751727827,Lou Wen
Q45393907,6000000074751555962,Lou Cai
Q45393910,6000000074750773351,Lou Lian
Q45393916,6000000074751058341,Lou Huai
Q45393920,6000000074751694884,Lou You
Q45393925,6000000074751193263,Lou Han
Q45393926,6000000074751750843,Lou Hui
Q45393928,6000000074751606980,Lou Yi
Q45393931,6000000074750773356,Lou Jue
Q45393933,6000000074751778827,Lou Biao
Q45393936,6000000074751755850,Lou Mei
Q45393941,6000000074751222304,Lou Gao
Q45393945,6000000074751681895,Lou Zhi
Q45393949,6000000074751756834,Lou Zhi
Q45393950,6000000074751599926,Lou Zi
Q45393955,6000000074750724760,Lou Kan
Q45393959,6000000074751725875,Lou Tiao
Q45393963,6000000074751471067,Lou Hui
Q45393965,6000000074751696892,Lou Ji
Q45393971,6000000074750992094,Lou Sui
Q45393976,6000000074751712852,Li Xiaoyou
Q45393979,6000000074751598931,Li Xiaochun
Q45394062,6000000074752424172,Li Guinian
Q45394065,6000000074752452003,Li Guipeng
Q45394069,6000000074752111193,Li Qiansheng
Q45394121,6000000074752244278,Liang Ruyong
Q45394162,6000000074752338221,Fang Zhiren
Q45394189,6000000074751694511,Gong Tang
Q45394192,6000000074752679954,Fan Zhengyan
Q45394197,6000000074752663972,Liang Kejun
Q45394214,6000000074752530037,Liao Meng
Q45394238,6000000074752544014,Lian Yifu
Q45394251,6000000074752656951,Lin Jie
Q45394252,6000000074752610980,Lin Yu
Q45394263,6000000074752786843,Wang Longcong
Q45394267,6000000074752779880,Wang Longying
Q45394274,6000000074752840850,Wang Wanzhang
Q45394280,6000000074752708892,Wang Wei
Q45394309,6000000074752734888,Fang Zhang
Q45394323,6000000074752026501,Lin Yingzhi
Q45394327,6000000074752719897,Lin Zhi
Q45394333,6000000074752844835,Lin Yu
Q45394338,6000000074752866837,Lin Yan
Q45394379,6000000074752790909,Zhou Zhiliang
Q45394381,6000000074752673936,Zhou Wenzhuo
Q45394403,6000000074752189356,Lin Zishen
Q45394411,6000000074752176295,Lin Liuju
Q45394418,6000000074752937834,Lin Yan
Q45394455,6000000074752753918,Lin Shiqian
Q45394460,6000000074752844849,Lin Xianmin
Q45394462,6000000074752507107,Lin Yi
Q45394468,6000000074752767908,Lin Shizong
Q45394472,6000000074752768908,Lin Renbo
Q45394475,6000000074752831896,Lin Yingchen
Q45394477,6000000074752922859,Lin Ji
Q45394480,6000000074752716017,Lin Xiaoyong
Q45394484,6000000074752496097,Lin Xiaoyou
Q45394485,6000000074752129435,Lin Dajie
Q45394487,6000000074752862902,Lin Pu
Q45394505,6000000074752888891,Lin Kejian
Q45394508,6000000074752689058,Lin Di
Q45394550,6000000074752914858,Ruan Shi
Q45394569,6000000074752595025,Lin Mao
Q45394572,6000000074752372318,Lin Kang
Q45394574,6000000074752380318,Lin Xiande
Q45394576,6000000074752971859,Lin Xie
Q45394580,6000000074752073453,Lin Yan
Q45394622,6000000074752765971,Fan Zhiqing
Q45394631,6000000074752864929,Liu Chengzhi
Q45394636,6000000074753076845,Liu Zhongfu
Q45394655,6000000074752617095,Xu Shixie
Q45394657,6000000074753019867,Xu Shibiao
Q45394661,6000000074752698013,Xu Shilong
Q45394665,6000000074752822027,Xu Shilian
Q45394667,6000000074753124822,Pan Zihui
Q45394670,6000000074753116823,Pan Zichu
Q45394673,6000000074752176382,Mao Chengzhi
Q45394676,6000000074751966710,Mao Yizhi
Q45394679,6000000074752920910,Mao Yongzhi
Q45394713,6000000074752823020,Zhao Menghou
Q45394715,6000000074752689175,Zhao Mengqi
Q45394780,6000000074752769094,Liu Tangbin
Q45394786,6000000074752550090,Liu Song
Q45394798,6000000074752244581,Lou Gu
Q45394834,6000000074753010932,Xu Zhen
Q45394870,6000000074753147871,Wu Zhu
Q45394874,6000000074752977991,Liu Yingli
Q45394878,6000000074753160878,Liu Huai
Q45394917,6000000074752698168,Zhao Bidao
Q45394931,6000000074753101963,Liu Liyi
Q45394934,6000000074753091006,Liu Pan
Q45394965,6000000074753333890,Liu Juchuan
Q45395026,6000000074752735250,Liu Sanjie
Q45395046,6000000074753260928,Liu Heng
Q45395047,6000000074753376867,Liu Zheng
Q45395050,6000000074753101985,Liu Guozhen
Q45395055,6000000074753283934,Liu Zao
Q45395056,6000000074753366866,Liu Gongyu
Q45395059,6000000074753288897,Liu Yu
Q45395097,6000000074753423824,He Changjie
Q45395099,6000000074753383853,Liu Tun
Q45395103,6000000074753212996,Liu Cichun
Q45395107,6000000074752550253,Liu Wei
Q45395125,6000000074752868267,Liu Sui
Q45395127,6000000074752058669,Liu Hui
Q45395176,6000000074753189023,Liu Ge
Q45395182,6000000074752562412,Liu Deng
Q45395184,6000000074753324864,Liu Zhi
Q45395199,6000000074752877287,Liu Shichang
Q45395221,6000000074753400908,Lin Dading
Q45395224,6000000074753419884,Fang Shisun
Q45395232,6000000074753248962,Liu Junfang
Q45395235,6000000074753164029,Liu Xiaochang
Q45395239,6000000074753391849,Liu Yanshi
Q45395269,6000000074752868312,Liu Zhiru
Q45395278,6000000074753184069,Liu Maoshi
Q45395302,6000000074753381966,Liu Qianzhong
Q45395316,6000000074753516824,Liu Dashao
Q45395382,6000000074753500838,Li Fan
Q45395392,6000000074752836362,Lu Zishang
Q45395395,6000000074753490855,Lu Zizhang
Q45395417,6000000074753433960,Lu Yande
Q45395452,6000000074753445903,Yang Hou
Q45395455,6000000074752408623,Yang Bi
Q45395459,6000000074753292984,Feng Zhun
Q45395461,6000000074753473875,Feng Shuo
Q45395463,6000000074752530536,Feng Shigu
Q45395467,6000000074753281966,Feng Jing
Q45395470,6000000074753218165,Feng Jing
Q45395475,6000000074753436888,Feng Zi
Q45395478,6000000074753467930,Feng Huai
Q45395484,6000000074753497882,Feng Ziji
Q45395486,6000000074752766225,Feng Li
Q45395489,6000000074753513888,Feng Weiwen
Q45395493,6000000074753453923,Feng Ji
Q45395496,6000000074753362962,Feng Songxing
Q45395499,6000000074753538829,Feng Ludao
Q45395502,6000000074753570824,Feng Mao
Q45395518,6000000074753482914,Feng Guoshou
Q45395579,6000000074753607984,Lu E
Q45395582,6000000074753801822,Lu Yun
Q45395605,6000000074753531964,Huang Shufeng
Q45395610,6000000074753631974,Zhou Qingsou
Q45395702,6000000074753717926,Wen Yuanding
Q45395706,6000000074753494072,Wen Hui
Q45395708,6000000074753561036,Ge Yanchang
Q45395712,6000000074753453131,Ge Yanyu
Q45395718,6000000074753088408,Wang Jian
Q45395748,6000000074753770888,Wu Bingruo
Q45395753,6000000074753623969,Xu Zhenglun
Q45395756,6000000074753844839,Xu Zhengping
Q45395760,6000000074753737884,Xu Zhengchen
Q45395762,6000000074753349307,Xu Ji
Q45395769,6000000074753831881,Xu Shicheng
Q45395771,6000000074753607077,Xu Shicheng
Q45395787,6000000074753758930,Xu Xun
Q45395866,6000000074753905881,Shen Yansheng
Q45395872,6000000074753884880,Ding Duanzu
Q45395907,6000000074752766447,Lv Chongzhi
Q45395909,6000000074753854872,Lv Yuan
Q45395913,6000000074753686063,Lv Jian
Q45395952,6000000074753943845,Lv Youwen
Q45396048,6000000074753214468,Ma Youzhi
Q45396050,6000000074753962840,Ma Xianjue
Q45396063,6000000074753919898,Ma Qianzhi
Q45396081,6000000074753878901,Mao Chong
Q45396083,6000000074753819977,Meng B
Q45396097,6000000074754005833,Meng Yanqing
Q45396190,6000000074752674752,Mosi Si
Q45396244,6000000074753991853,Nie Yaochen
Q45396247,6000000074753705067,Nie Shunchen
Q45396249,6000000074753676111,Nie Zhouchen
Q45396251,6000000074753884934,Nie Zhu
Q45396254,6000000074753841992,Huang Yan
Q45396257,6000000074753945947,Ai Qingsi
Q45396261,6000000074754023830,Ai Xie
Q45396262,6000000074753975888,Ai Keshu
Q45396266,6000000074753370310,Ai Keweng
Q45396274,6000000074753986939,Ouyang Ji
Q45396283,6000000074754057871,Ouyang Cheng
Q45396285,6000000074753502176,Ouyang Ze
Q45396290,6000000074753830968,Ouyang Mian
Q45396297,6000000074754057890,Ouyang Shurui
Q45396301,6000000074754083830,Pan Juan
Q45396381,6000000074753655146,Peng Chunnian
Q45396385,6000000074754008883,Shang Feiqing
Q45396388,6000000074754012884,Shang Yiqing
Q45396391,6000000074753686172,Shang Xu
Q45396392,6000000074753529325,Shang Yiqing
Q45396393,6000000074753932927,Shang Bingqing
Q45396397,6000000074754097834,Shang Fuqing
Q45396412,6000000074755306035,Bao Shengzhi
Q45396415,6000000074755108074,Bian Zhiyu
Q45396417,6000000074755348923,Bian Zhiji
Q45396421,6000000074755451833,Bian Zhiwen
Q45396436,6000000074755347943,Sheng Changsun
Q45396452,6000000074755259003,Bian Yin
Q45396455,6000000074755419913,Bian Mi
Q45396480,6000000074754979178,Bian Jun
Q45396482,6000000074754334617,Bian Yi
Q45396505,6000000074755543834,Shao Gang
Q45396513,6000000074754908333,Shao Quan
Q45396516,6000000074755286011,Shao Shu
Q45396524,6000000074755476946,Shao Lin
Q45396592,6000000074755494889,Shao Fu
Q45396594,6000000074755337030,Shao Yuan
Q45396599,6000000074755530932,Shen Zhen
Q45396703,6000000074755776985,Shen Qingchen
Q45396728,6000000074755765225,Shen Ji
Q45396736,6000000074755801120,Ding Bochu
Q45396756,6000000074755889943,Shen Fu
Q45396760,6000000074756120845,Shen Zuolin
Q45396764,6000000074756069862,Shen Shen
Q45396767,6000000074755850060,Shen Zuoli
Q45396777,6000000074756131865,Shen Tang
Q45396796,6000000074756087906,Shen Kui
Q45396800,6000000074756087911,Shen Lun
Q45396804,6000000074756109856,Shen Yan
Q45396806,6000000074755063628,Liu Zicheng
Q45396810,6000000074755906118,Shen Si
Q45396814,6000000074755932028,Shen Yu
Q45396842,6000000074757036889,Shen Dajie
Q45396845,6000000074757086890,Shen Daren
Q45396851,6000000074756976866,Shen Qi
Q45396853,6000000074757119856,Shen Tiren
Q45396868,6000000074756899928,Shen Kui
Q45396870,6000000074757143853,Zhang Zhi
Q45396877,6000000074756764962,Zhao Zhan
Q45396880,6000000074757061880,Zhao Xu
Q45396883,6000000074756853943,Zhao Jisun
Q45396914,6000000074756800957,Lin Jiyou
Q45396917,6000000074757204839,Lin Shangyou
Q45396929,6000000074757137876,Sheng Wenzhao
Q45396931,6000000074756815005,Sheng Wenshao
Q45396953,6000000074757222822,Shi Yuan
Q45396955,6000000074757165842,Shi Kangnian
Q45396958,6000000074757128847,Liu Shizheng
Q45397011,6000000074757214848,Sun Shou
Q45397030,6000000074756882060,Shi Tianmou
Q45397042,6000000074756914025,Ding Guangyuan
Q45397045,6000000074757332871,Ding Guangzu
Q45397048,6000000074757227989,Shen Chunchen
Q45397051,6000000074756784086,Shen Kangchen
Q45397052,6000000074756954094,Shi Guangshou
Q45397056,6000000074757363877,Shi Mai
Q45397057,6000000074757330918,Shi Yiming
Q45397101,6000000074757321916,Shao Hao
Q45397104,6000000074757378844,Shao Kang
Q45397107,6000000074757406827,Shao Cheng
Q45397111,6000000074757276943,Shao Geng
Q45397114,6000000074757353901,Shao Jiyuan
Q45397118,6000000074757049040,Shao Xiyuan
Q45397128,6000000074757423834,Chen Zhiwang
Q45397181,6000000074757083047,Wang Chun
Q45397198,6000000074756765207,Shi Bogong
Q45397208,6000000074757218082,Wang Dazhang
Q45397211,6000000074757443841,Wang Kaizhi
Q45397213,6000000074757477826,Shi Zhiwang
Q45397218,6000000074757452831,Wang Dan
Q45397220,6000000074757314921,Wang Shuyi
Q45397225,6000000074757134014,Shi Zhao
Q45397236,6000000074757256959,Shi Zhongfu
Q45397239,6000000074757390875,Shi Zhongyou
Q45397252,6000000074757250973,Shi Ruizhi
Q45397254,6000000074757327945,Shi Ni
Q45397259,6000000074757451869,Shi Shen
Q45397313,6000000074757376848,Shi Siqing
Q45397321,6000000074757294969,Shi Gongru
Q45397332,6000000074757339915,Shang Yueqing
Q45397397,6000000074757314052,Xuan A
Q45397412,6000000074757151134,Su Tao
Q45397422,6000000074757651824,Du Bi
Q45397426,6000000074757465968,Du Sigong
Q45397432,6000000074757672822,Du B
Q45397448,6000000074757049218,Du Ying
Q45397472,6000000074757567056,Du Hu
Q45397543,6000000074757669009,Yu Hang
Q45397545,6000000074757873869,Yu Shou
Q45397553,6000000074757994835,Guan Yuan
Q45397558,6000000074757952857,Tan Zongchen
Q45397578,6000000074757315405,Fang Shi
Q45397630,6000000074757977942,Shi Gongqi
Q45397634,6000000074758082880,Shi Xun
Q45397674,6000000074758050908,Zhang Zhen
Q45397683,6000000074758082912,Zhang Anren
Q45397685,6000000074758097906,Lei Zhoufu
Q45397690,6000000074757829067,Lei Zhouxun
Q45397692,6000000074758121944,Lei Zhouyou
Q45397710,6000000074757777137,Fan Jingrang
Q45397713,6000000074757823117,Fan Jingwen
Q45397716,6000000074757899994,Sima You
Q45397726,6000000074758145883,Sima Kuo
Q45397731,6000000074758015902,Sima Huai
Q45397734,6000000074758123893,Sima Zisi
Q45397741,6000000074758202823,Sima Zongzhao
Q45397772,6000000074758012976,Su Zhenwen
Q45397774,6000000074758025970,Zhao Mao
Q45397784,6000000074757685239,Su Shiwan
Q45397787,6000000074758034980,Pan Zizhen
Q45397790,6000000074758175872,Pan Ziyu
Q45397792,6000000074758180857,Pan Jingbo
Q45397797,6000000074757663256,Pan Haobo
Q45397799,6000000074758159868,Pan Xianbo
Q45397800,6000000074757707097,Pan Jibo
Q45397812,6000000074758173876,Pan Zheng
Q45397818,6000000074758165880,Pan Zhidao
Q45397822,6000000074757491334,Pan Zongmeng
Q45397825,6000000074757927057,Su Zhonggui
Q45397833,6000000074757953029,Su Zonggui
Q45397923,6000000074757837113,Zhang Dayun
Q45397927,6000000074758161910,Zhang Chuhou
Q45397932,6000000074757657229,Liu Zijing
Q45397984,6000000074758055942,Sun Huazhong
Q45398003,6000000074758176858,Sun Xingyi
Q45398014,6000000074757817121,Sun Fangjin
Q45398018,6000000074757689189,Sun Quanhui
Q45398026,6000000074757771115,Lv Zhongyan
Q45398060,6000000074757036491,Sun Liao
Q45398303,6000000074758211878,Sun Fu
Q45398307,6000000074758101933,Sun Kui
Q45398314,6000000074757890105,Sun Ting
Q45398321,6000000074757966125,Sun Di
Q45398395,6000000074758161945,Liang Jixuan
Q45398440,6000000074757714272,Cai Yu
Q45398458,6000000074757274503,Cai Zai
Q45398494,6000000074757923051,Sun Lian
Q45398561,6000000074757782192,Sun Mi
Q45398566,6000000074757786015,Sun Mi
Q45398569,6000000074758124013,Sun Kan
Q45398572,6000000074758220906,Sun Zhuang
Q45398575,6000000074757776249,Sun Yong
Q45398578,6000000074758094052,Sun Jian
Q45398581,6000000074758178927,Sun Hui
Q45398585,6000000074758094058,Sun Jing
Q45398593,6000000074758313826,Sun Zhi
Q45398595,6000000074757685295,Sun Zeng
Q45398597,6000000074757901237,Sun Ruhui
Q45398600,6000000074757663322,Sun Minwen
Q45398603,6000000074758149994,Sun Zai
Q45398605,6000000074757945115,Sun Guang
Q45398607,6000000074757815087,Sun Tan
Q45398612,6000000074758114948,Sun Hong
Q45398615,6000000074758323829,Sun Gao
Q45398618,6000000074758193906,Sun Yan
Q45398622,6000000074757578218,Sun Wan
Q45398625,6000000074758322824,Sun Boda
Q45398629,6000000074758209997,Sun Zongjian
Q45398632,6000000074756923734,Sun Tingyang
Q45398635,6000000074758049092,Sun Baonian
Q45398638,6000000074758251856,Sun Xiannian
Q45398642,6000000074758178941,Sun Guinian
Q45398646,6000000074758061027,Sun Danian
Q45398649,6000000074758263884,Sun Yinian
Q45398652,6000000074758165966,Sun Kangnian
Q45398656,6000000074758332832,Sun Anguo
Q45398658,6000000074757972119,Sun Anyi
Q45398660,6000000074758358823,Sun Wo
Q45398667,6000000074758122028,Sun Liu
Q45398670,6000000074757637390,Sun Zhi
Q45398672,6000000074758122033,Sun Jun
Q45398675,6000000074757357512,Sun Boxiu
Q45398714,6000000074758531915,Sun Yuanqing
Q45398735,6000000074758624885,Dai Xuan
Q45398757,6000000074758637855,Bei Zicheng
Q45398759,6000000074758685827,Bei Dounan
Q45398762,6000000074758236147,Bei Doushan
Q45398801,6000000074758516989,Shu Zhu
Q45398803,6000000074758523953,Shu Heng
Q45398807,6000000074758631870,Shu Zi
Q45398840,6000000074758552961,Tan Liangxian
Q45398843,6000000074758498954,Tan Hong
Q45398846,6000000074758329071,Tan Bocang
Q45398850,6000000074758620894,Tan Weiyin
Q45398867,6000000074758623912,Tang Shen
Q45398871,6000000074758702839,Tang Sunjiang
Q45398873,6000000074758362070,Tang Baoheng
Q45398874,6000000074758443996,Tang Zhiyin
Q45398948,6000000074758652881,Tang Gao
Q45398950,6000000074758127248,Tang Zhun
Q45398952,6000000074758763822,Tang Zhen
Q45398954,6000000074758603908,Tang Yan
Q45398956,6000000074758573891,Tang Ru
Q45398959,6000000074758658897,Tang Yanjing
Q45398961,6000000074758504905,Tang Yanlong
Q45398962,6000000074758557972,Tang Yancai
Q45398964,6000000074758603915,Tang Yanfu
Q45398965,6000000074758593879,Tang Yi
Q45398966,6000000074758753837,Tang Que
Q45398968,6000000074758608890,Tang Dazhong
Q45398970,6000000074758514959,Tang Bangbao
Q45398971,6000000074758027337,Tang Qinruo
Q45398972,6000000074758194252,Tang Xiaoyou
Q45398973,6000000074758586978,Tang Che
Q45398974,6000000074758775845,Tang Fu
Q45398976,6000000074758525954,Tang Rong
Q45398977,6000000074757851482,Tang Lin
Q45398979,6000000074758602902,Tang Gui
Q45398980,6000000074758744828,Tang Yan
Q45398981,6000000074758773826,Tang Ruxie
Q45398983,6000000074758039358,Tang Kai
Q45398985,6000000074758324070,Tang Jiefu
Q45398988,6000000074758775850,Tang Sun
Q45398989,6000000074758795832,Tang Jian
Q45398990,6000000074758710939,Tang Shaoxian
Q45399004,6000000074758588962,Shi Xuan
Q45399008,6000000074758721897,Shi Jin
Q45399017,6000000074758650926,Shi Qin
Q45399019,6000000074758761884,Shi Xi
Q45399021,6000000074757809571,Tang Zui
Q45399024,6000000074758698933,Tang Bi
Q45399034,6000000074757815459,Tao Yang
Q45399036,6000000074758538006,Tao Zhi
Q45399045,6000000074758154254,Tao Ye
Q45399049,6000000074758407120,Deng Shen
Q45399052,6000000074758701904,Deng Yuan
Q45399060,6000000074758127286,Teng Boxiang
Q45399066,6000000074758814834,Teng Qiangshu
Q45399088,6000000074758751899,Teng Ying
Q45399103,6000000074758588973,Zhang Zifang
Q45399104,6000000074758623950,Zhang Zhen
Q45399105,6000000074758232236,Tian Zhian
Q45399114,6000000074758254188,Tian Zhou
Q45400162,6000000074757901491,Tian Chou
Q45400184,6000000074758844831,Tian Yan
Q45400185,6000000074758793862,Tian Hui
Q45400186,6000000074758688969,Tian Yu
Q45400188,6000000074758492118,Tian Dan
Q45400203,6000000074758562999,Ding Changren
Q45400204,6000000074758362140,Ding Feng
Q45400233,6000000074758526952,Dou Yue
Q45400242,6000000074758558026,Dou Cheng
Q45400243,6000000074758633978,Dou Zhongfei
Q45400245,6000000074758829851,Cai Jie
Q45400247,6000000074758558031,Cai Weishan
Q45400250,6000000074758627959,Cai Zonghe
Q45400252,6000000074758602971,Cai Yuanzhen
Q45400259,6000000074758816867,Cai Zemin
Q45400260,6000000074757884467,Cai Shen
Q45400265,6000000074758574969,Cai Kai
Q45400267,6000000074757901527,Cai Pi
Q45400272,6000000074758812876,Cai Yuan
Q45400285,6000000074758682918,Cao Xiaoqing
Q45400292,6000000074758718017,Qiu Yuling
Q45400294,6000000074758760916,Chen Yi
Q45400305,6000000074758563077,Cao Zu
Q45400312,6000000074758888835,Cao Liangdu
Q45400313,6000000074758573037,Wu Shunlong
Q45400316,6000000074757945553,Cao Yuanfa
Q45400322,6000000074758699019,Cao Liangpeng
Q45400333,6000000074758223307,Zeng Xiaoyong
Q45400338,6000000074758632951,Zeng Zhifeng
Q45400339,6000000074758455173,Zeng Yonghu
Q45400344,6000000074758389125,Zeng Bi
Q45400348,6000000074758740927,Zeng Gou
Q45400386,6000000074758793911,Wei Tai
Q45400389,6000000074758843933,Zeng Song
Q45400393,6000000074758729965,Zeng Zao
Q45400408,6000000074758902837,Zeng Chun
Q45400410,6000000074757782582,Zeng Zhun
Q45400411,6000000074758888881,Zeng Gongyu
Q45400412,6000000074758742984,Zeng Ding
Q45400413,6000000074758742989,Zeng Hua
Q45400416,6000000074758094475,Zeng Min
Q45400460,6000000074758671037,Tan Tongshu
Q45400462,6000000074758537089,Tan Jingshu
Q45400468,6000000074758409176,Tan Shi
Q45400511,6000000074758776079,Liu Yandeng
Q45400513,6000000074758932908,Duan Wanqing
Q45400515,6000000074758487155,Duan Changwu
Q45400517,6000000074759010834,Duan Changzhou
Q45400521,6000000074758881929,Zuo Yan
Q45400523,6000000074758800967,Zuo Shuyan
Q45400528,6000000074758119253,Zuo Guinian
Q45400530,6000000074758920903,Zuo Guicong
Q45400536,6000000074758634094,Zuo Lijian
Q45400537,6000000074759038822,Zuo Litai
Q45400538,6000000074759016834,Zuo Mu
Q45400540,6000000074758861952,Zuo Yu
Q45400542,6000000074759006849,Zuo Renjie
Q45400543,6000000074758919904,Zuo Wenweng
Q45400544,6000000074758935889,Zuo Shizhao
Q45400545,6000000074759014852,Zuo Menggao
Q45400547,6000000074758940884,Duan Renshu
Q45400548,6000000074758653080,Zuo Yingwu
Q45400569,6000000074758410141,Wang Linchen
Q45401051,6000000074758796972,Zhu Shaoshi
Q45401076,6000000074759062822,Cui Yuan
Q45401079,6000000074757851664,Qian Yi
Q45401096,6000000074758998858,Du Zemin
Q45401112,6000000074758914956,Duan Weiji
Q45401115,6000000074758730112,Fu Zheng
Q45401130,6000000074758166422,Dong Wei
Q45401142,6000000074759073847,Dong Zhuang
Q45401144,6000000074757683815,Dong Yi
Q45401145,6000000074758704094,Dong Xiu
Q45401146,6000000074758998869,Dong Li
Q45401148,6000000074758621119,Dong You
Q45401149,6000000074758776123,Dong Ruo
Q45401157,6000000074759037858,Dong Zhu
Q45401158,6000000074758683133,Dong Yan
Q45401160,6000000074758854050,Dong Ji
Q45401162,6000000074759072845,Dong Tiancai
Q45401163,6000000074759109831,Dong Zhicai
Q45401165,6000000074758166445,Dong Zhen
Q45401166,6000000074758933959,Dong Yu
Q45401169,6000000074758969913,Dong Bin
Q45401170,6000000074758180504,Dong Gong
Q45401171,6000000074758651120,Dong Duanzhong
Q45401173,6000000074759010903,Dong Chaoji
Q45401175,6000000074758723088,Dong Ying
Q45401177,6000000074759061846,Dong Ren
Q45401182,6000000074758870054,Dong Guoqing
Q45401183,6000000074758801049,Dong Duanyi
Q45401184,6000000074758950923,Dong Yan
Q45401185,6000000074759017897,Dong Shishen
Q45401188,6000000074759060881,Dong Zhongrong
Q45401189,6000000074758969931,Dong Yuji
Q45401192,6000000074758160392,Dong Shigu
Q45401193,6000000074758998890,Dong Xiu
Q45401196,6000000074758679195,Dong Wenchang
Q45401199,6000000074758311290,Dong Wenju
Q45401492,6000000074759067869,Dong Cong
Q45401496,6000000074759152828,Dong Mengcheng
Q45401507,6000000074758832055,Shen Guibao
Q45401513,6000000074759112866,Qi Zhili
Q45401516,6000000074759160823,Qi Shi
Q45401518,6000000074758267350,Qi Jie
Q45401520,6000000074758673081,Qi Zhen
Q45401522,6000000074758467338,Qi Mu
Q45401524,6000000074758990980,Qi Menglong
Q45401526,6000000074758912944,Qi Xinglong
Q45401527,6000000074759115842,Cheng Zhou
Q45401529,6000000074758447304,Dong Song
Q45401532,6000000074758442315,Dong Hong
Q45401534,6000000074758659131,Dong Dan
Q45401537,6000000074758166476,Dong Peng
Q45401539,6000000074759178822,Dong Yizhi
Q45401540,6000000074759174826,Dong Gengsheng
Q45401543,6000000074758657139,Dong Yan
Q45401545,6000000074759103880,Dong Fu
Q45401547,6000000074758865039,Dong Lie
Q45401549,6000000074759158856,Dong Yingzhong
Q45401560,6000000074759145858,Song Yanwo
Q45401575,6000000074759170844,Hu Taichang
Q45401577,6000000074757945771,Xiang Gongying
Q45401641,6000000074759060943,Wang Ning
Q45401652,6000000074759007968,Wang Shu
Q45401655,6000000074759182849,Wang Cen
Q45401659,6000000074758987994,Wang Jushi
Q45401674,6000000074759122878,Wang Yu
Q45401698,6000000074758994990,Xianyu Zhiwu
Q45401703,6000000074759060971,Wang Xun
Q45401708,6000000074759122894,Wang X
Q45401718,6000000074759202873,Wang Zimian
Q45401721,6000000074759063917,Wu Pu
Q45401722,6000000074758988019,Zhou Yu
Q45401729,6000000074759152866,Chen Zhengu
Q45401741,6000000074758659208,Wang Bi
Q45401747,6000000074759141924,Wang Yi
Q45401780,6000000074758194562,Qian Yu
Q45401800,6000000074759041018,Ye Zonglu
Q45401806,6000000074759062916,Tang Yunde
Q45401807,6000000074758685221,Tang Yanqi
Q45401813,6000000074758998041,Wang Tingju
Q45401832,6000000074758679240,Shi Ben
Q45401833,6000000074758940080,Shi Jingji
Q45401834,6000000074759079039,Shi Yinzhong
Q45401836,6000000074758462439,Shi Renyan
Q45401837,6000000074759199914,Shi Yuanmei
Q45401847,6000000074758870154,Wenren Jian
Q45401853,6000000074759278822,Wenren Zao
Q45401854,6000000074758866108,Wenren Lin
Q45401856,6000000074758932168,Wenren Hong
Q45401861,6000000074759200906,Wenren Foumin
Q45401863,6000000074759172882,Wenren Zhongxiu
Q45401864,6000000074758999016,Wenren Gang
Q45401869,6000000074758802159,Wenren Jue
Q45401874,6000000074758870159,Wang Huai
Q45401875,6000000074758921077,Wang Fugu
Q45401887,6000000074759164929,Tang Mao
Q45401890,6000000074759240847,Wang Zhu
Q45401896,6000000074759036038,Wang Nanfu
Q45401917,6000000074759067072,Wang Shangzheng
Q45401920,6000000074759185956,Wang Shanglian
Q45401923,6000000074759301827,Wang Dayou
Q45401959,6000000074759086026,Cao Jin
Q45401974,6000000074759211848,Wang Shunzhong
Q45401986,6000000074758768210,Wang Shunchen
Q45401988,6000000074759286855,Wang Yuchen
Q45401990,6000000074759045007,Wang Daofu
Q45402000,6000000074757978807,Wang Wenyu
Q45402003,6000000074758935085,Wang Yin
Q45402036,6000000074758027797,Jiang Chaozong
Q45402038,6000000074759275900,Wang Gao
Q45402044,6000000074758991135,Wang Xi
Q45402045,6000000074758935099,Wang Gang
Q45402054,6000000074759303847,Zhao A
Q45402058,6000000074758380433,Wang Xu
Q45402064,6000000074759274940,Lin Gongyan
Q45402078,6000000074758722281,Wang Yanzhi
Q45402092,6000000074759149894,Wang Junyi
Q45402096,6000000074759277949,Wang Jinlao
Q45402114,6000000074759049032,Wang Shaoda
Q45402192,6000000074758942153,Wei Shen
Q45402207,6000000074759428834,Weng Chun
Q45402214,6000000074759211065,Weng Yunming
Q45402218,6000000074759214978,Weng Ji
Q45402220,6000000074758937186,Weng Hua
Q45402226,6000000074759419837,Weng Wan
Q45402228,6000000074759415863,Weng Chang
Q45402231,6000000074758898249,Weng Cai
Q45402232,6000000074759036146,Weng Zi
Q45402234,6000000074759178016,Weng Bin
Q45402236,6000000074758704327,Weng You
Q45402238,6000000074759406862,Weng He
Q45402240,6000000074758651352,Weng Sui
Q45402242,6000000074759377899,Weng Runzhi
Q45402268,6000000074759396892,Wu E
Q45402271,6000000074758267535,Wu Sifu
Q45402276,6000000074759082111,Wu Gonggun
Q45402300,6000000074758267541,Li Peng
Q45402302,6000000074759388894,Wu Chou
Q45402308,6000000074759360948,Liu Gao
Q45402317,6000000074759304990,Wu Gan
Q45402325,6000000074759439844,Wu Yi
Q45402334,6000000074759008223,Wu Xie
Q45402335,6000000074758841014,Wu Gan
Q45402337,6000000074758944320,Wu Yan
Q45402339,6000000074759013250,Wu Shi
Q45402340,6000000074759379869,Wu Jian
Q45402342,6000000074759489822,Wu Yizhi
Q45402353,6000000074758565413,Shen Shilong
Q45402375,6000000074759498878,Li Mao
Q45402380,6000000074759543867,Wu Yueli
Q45402404,6000000074759203105,Wu Shixian
Q45402427,6000000074759304080,Wu Gan
Q45402429,6000000074759284125,Wu Yuan
Q45402432,6000000074759285033,Wu Ying
Q45402439,6000000074759602822,Wu Huizi
Q45402442,6000000074759312056,Wu Zhengzi
Q45402444,6000000074759432916,Yang Zhi
Q45402447,6000000074759257089,Yang H
Q45402454,6000000074759028120,Yang Guangzu
Q45402456,6000000074759416957,Yang Huan
Q45402462,6000000074758375623,Guo Ruoyi
Q45402465,6000000074759449973,Du Zongbi
Q45402473,6000000074759386959,Yang Jin
Q45402474,6000000074759438909,Yang Bao
Q45402631,6000000074768245069,Yang Qianzhi
Q45402640,6000000074768339970,Yang Ji
Q45402673,6000000074768051185,Yang Zhongru
Q45402676,6000000074768540911,Yang Changru
Q45402680,6000000074768225114,Shiqi Jian
Q45402682,6000000074768433946,Shiqi Dian
Q45402683,6000000074768145240,Shiqi Bei
Q45402685,6000000074768459922,Shiqi Fu
Q45402694,6000000074768182089,Yang Rixuan
Q45402697,6000000074768346984,Yang Chuhou
Q45402699,6000000074768442884,Yang Yunsheng
Q45402701,6000000074768598876,Yang Yunyuan
Q45402718,6000000074768353016,Yang Dawang
Q45402725,6000000074768542912,Yang Wan
Q45402727,6000000074768628844,Wu Wenyi
Q45402730,6000000074768576891,Yang Mou
Q45402736,6000000074768319016,Yang Bai
Q45402739,6000000074768471954,Yang Shifu
Q45402777,6000000074768638883,Hong Fu
Q45402797,6000000074768178157,Yang Zhi
Q45402806,6000000074768645876,Li Dunyi
Q45402838,6000000074768231093,Du Xiaoyan
Q45402840,6000000074768706849,Yang Linggui
Q45402861,6000000074768340031,Yang Yi
Q45402872,6000000074768337027,Yang Ruxi
Q45402875,6000000074768264132,Yang Xianzhi
Q45402877,6000000074767957264,Yang Qingzhi
Q45402879,6000000074767740365,Yang Sizhi
Q45402894,6000000074768455993,Yao Mian
Q45402897,6000000074768167061,Yao Mengsheng
Q45402899,6000000074767740376,Yao Cun
Q45402900,6000000074768495981,Yao Yuqing
Q45402901,6000000074768108112,Yao Chunmeng
Q45402913,6000000074768629912,Ye Zhen
Q45402914,6000000074768604904,Ye Jian
Q45402916,6000000074768591950,Ye Chou
Q45402918,6000000074768260974,Ye Qin
Q45402919,6000000074767543472,Ye Shao
Q45402921,6000000074767848412,Ye Kui
Q45402926,6000000074767490545,Ye Zhu
Q45402929,6000000074768499994,Ye Zhongao
Q45402931,6000000074768645927,Ye Zhiyi
Q45402933,6000000074768757836,Ye Zhiwang
Q45402935,6000000074768194084,Ye Zheng
Q45402936,6000000074768250092,Ye Chun
Q45402937,6000000074768449049,Ye Duanxing
Q45402940,6000000074767932357,Ye Sichang
Q45402946,6000000074767669415,Ye Rixin
Q45402950,6000000074768470066,Ye Ligong
Q45402951,6000000074768516005,Ye Lizhi
Q45402961,6000000074768772838,Ye Hong
Q45402969,6000000074768728889,Ye Mengzhi
Q45402970,6000000074768747835,Ye Youfa
Q45402980,6000000074767429694,Ye Yuanchao
Q45402982,6000000074768500023,Ye Yuanlin
Q45402985,6000000074768792846,Ye Yuanbian
Q45402994,6000000074768220174,Yan Huan
Q45402996,6000000074768311153,Yan Bing
Q45402998,6000000074768515000,Yan Kang
Q45403005,6000000074768787871,Yan Zao
Q45403008,6000000074767535550,Yan Xikong
Q45403009,6000000074768598991,Yan Xizhe
Q45403017,6000000074768484027,Yan Dai
Q45403050,6000000074768444023,Yan Yide
Q45403077,6000000074768830848,Zhang Keji
Q45403081,6000000074768363069,Yin Huan
Q45403082,6000000074768475132,Ying A
Q45403083,6000000074768784886,Ying Ruli
Q45403086,6000000074768053287,Ying Yu
Q45403087,6000000074767962393,Ying Bin
Q45403088,6000000074768517987,Ying Que
Q45403092,6000000074768674936,Ying Xuan
Q45403094,6000000074768167087,Ying Yuangun
Q45403101,6000000074768562068,Ying Hao
Q45403102,6000000074768500059,Ying Yang
Q45403103,6000000074768706892,Ying Wu
Q45403104,6000000074768605980,Ying Jian
Q45403106,6000000074768665926,Ying Guan
Q45403111,6000000074768513033,Ying Ce
Q45403114,6000000074768768920,Ying Yi
Q45403117,6000000074768866828,Ying Dunliang
Q45403118,6000000074768832877,Ying Shilong
Q45403120,6000000074768261001,Ying Xingzhi
Q45403137,6000000074768513050,Yu Xun
Q45403141,6000000074767716501,Yu Siliang
Q45403152,6000000074768082032,Yu Fen
Q45403157,6000000074768438150,Shi Jingwen
Q45403159,6000000074768759840,Ying Zhaoshi
Q45403160,6000000074768554077,Yu Hengzong
Q45403183,6000000074768460060,Yu Gai
Q45403186,6000000074768765920,Rui Xie
Q45403187,6000000074768630943,Yu Yingfu
Q45403189,6000000074768769986,Yu Yingjian
Q45403200,6000000074768781926,Dai Yonglong
Q45403204,6000000074768356345,Yu Guangting
Q45403206,6000000074768757993,Yu Liang
Q45403207,6000000074768442099,Yu Jingguo
Q45403209,6000000074768436109,Yu Zhen
Q45403223,6000000074768689014,Yu Hui
Q45403227,6000000074767856460,Yuwen Jie
Q45403228,6000000074768518050,Yuwen Zizhen
Q45403237,6000000074768719003,Yue Di
Q45403255,6000000074768042344,Dong Cheng
Q45403257,6000000074768692962,Dong Ji
Q45403259,6000000074768145486,Dong Xie
Q45403284,6000000074768748961,Xiao Tailai
Q45403286,6000000074768846912,Xiao Ze
Q45403379,6000000074767548261,Liu Quan
Q45403392,6000000074768268228,Wang Zongsi
Q45403394,6000000074768361227,Wang Tui
Q45403426,6000000074768871937,Chai Tianxi
Q45403429,6000000074768912910,Chai Jin
Q45403432,6000000074768991850,Chai Yigui
Q45403447,6000000074768326423,Zhang Hui
Q45403487,6000000074768979869,Zhan Congjian
Q45403490,6000000074769002857,Zhan Shuning
Q45403492,6000000074768431183,Zhan Shujiong
Q45403496,6000000074768515205,Zhan Shuyun
Q45403498,6000000074768971909,Zhan Shuxi
Q45403560,6000000074768844097,Zhu Ji
Q45403630,6000000074768882975,Wan Mengshi
Q45403784,6000000074768086359,Zeng Shou
Q45403903,6000000074768854281,Wang Shiyin
Q45403991,6000000074768845175,Ye Sheng
Q45403992,6000000074769473964,Ye Yuan
Q45403993,6000000074769070205,Ye Yu
Q45403995,6000000074769003082,Ye Nanzhong
Q45403996,6000000074769179064,Ye Nanzhao
Q45403999,6000000074769447940,Ye Zhengchen
Q45404001,6000000074769616865,Ye Guan
Q45404002,6000000074769582890,Ye Shimei
Q45404004,6000000074769687822,Ye Zhen
Q45404005,6000000074769437968,Ye Fa
Q45404006,6000000074769604854,Ye Mo
Q45404015,6000000074769683825,Ye Nan
Q45404080,6000000074769678880,Zhou Zhirui
Q45404081,6000000074769736858,Zhou Zhizhang
Q45404212,6000000074769762849,Huang Shu
Q45404214,6000000074769093067,Huang Cai
Q45404228,6000000074769108307,Shi Ji
Q45404231,6000000074769073142,Shi Quan
Q45404513,6000000074768606494,Chen Mo
Q45404514,6000000074769769948,Chen Xuan
Q45404517,6000000074769505037,Chen Chunnian
Q45404520,6000000074769652008,Chen Juexian
Q45404521,6000000074769609065,Chen Songlie
Q45404522,6000000074768393652,Chen Zongzuan
Q45404526,6000000074770023825,Chen Wan
Q45404527,6000000074769802989,Chen Gai
Q45404529,6000000074769819000,Chen Yuanzhen
Q45404848,6000000074769848009,Yu Mengluo
Q45404945,6000000074770283822,Liu Shen
Q45404947,6000000074770208852,Liu Shui
Q45405101,6000000074770183940,Yu Guanguo
Q45405111,6000000074770314827,Yu Cheng
Q45405113,6000000074770137992,Yu Mengcheng
Q45405114,6000000074770292895,Yu Bokuan
Q45405117,6000000074770172963,Yu Tong
Q45405119,6000000074769937019,Yu Mengtai
Q45405170,6000000074770367868,Tong Jushan
Q45405178,6000000074770055993,Lv Bingwen
Q45405194,6000000074770008065,Ru Kai
Q45405196,6000000074769845138,Ru Yue
Q45405198,6000000074770419839,Ru Shaoting
Q45405205,6000000074770207905,Ru Yu
Q45405233,6000000074769296363,Zhou Yilao
Q45405287,6000000074770119053,Fang Chou
Q45405311,6000000074770295933,Feng Tang
Q45405337,6000000074770527823,Xiao Nanhui
Q45405470,6000000074770634822,Liu Jing
Q45405475,6000000074770405915,Liu Yanhe
Q45405478,6000000074770436912,Liu Shi
Q45405479,6000000074770538832,Liu Shangheng
Q45405482,6000000074770640822,Liu Bingwen
Q45405559,6000000074769681287,Yang Tingjie
Q45405713,6000000074770702886,Chen Dunchi
Q45405721,6000000074770607912,Lin Yu
Q45405725,6000000074770654854,Kong Boyuan
Q45405726,6000000074770559930,Kong Bodi
Q45405729,6000000074770680910,Kong Zongwu
Q45405730,6000000074770769835,He Songzhi
Q45405734,6000000074770772864,Lou Bing
Q45405735,6000000074770311981,Liu Xingzhi
Q45405741,6000000074770817822,Wang Gu
Q45405743,6000000074770357045,Wang Z
Q45405745,6000000074770775864,Fan Sili
Q45405758,6000000074770781862,Zhang Ye
Q45405760,6000000074770124189,Zhang Guangqian
Q45405761,6000000074770781867,Zhang Dayou
Q45405762,6000000074770638936,Lin Qi
Q45405764,6000000074770399018,Lin Ni
Q45405766,6000000074770748913,Lin Mai
Q45405768,6000000074770746859,Xu Zhengfu
Q45405771,6000000074770428928,Yan Shengqing
Q45405773,6000000074770832822,Yan Peng
Q45405774,6000000074770677930,Yan Zhong
Q45405776,6000000074770371023,Zeng Fengchen
Q45405782,6000000074770771846,Huang Fu
Q45405784,6000000074770486004,Huang Yong
Q45405786,6000000074770336993,Rao Yixin
Q45405792,6000000074770823829,Lin Yanshan
Q45405795,6000000074770625916,Hou Yu
Q45405797,6000000074769928234,Wang Tingchun
Q45405799,6000000074770056242,Yue Fu
Q45405801,6000000074770667918,Huang Jia
Q45405802,6000000074770683863,Wu Conglong
Q45405808,6000000074770298006,Wu Gong
Q45405812,6000000074770823834,Shi Hong
Q45405813,6000000074770748938,Chen J
Q45405817,6000000074770398054,Chen K
Q45405823,6000000074770406990,Sun D
Q45405844,6000000074770812856,Bao Chaobin
Q45405855,6000000074770155079,Qian Qingzu
Q45405871,6000000074770056289,Peng Si
Q45405878,6000000074770846842,Liang Jian
Q45405896,6000000074769913300,He Yu
Q45405947,6000000074769913309,Zhou Yongchang
Q45405949,6000000074770654936,Zhou Yongji
Q45405980,6000000074770878838,Zhang A
Q45406005,6000000074770813892,Lin Shuangbang
Q45406010,6000000074770948822,Wang Liaoweng
Q45406013,6000000074770681936,Ge Changgeng
Q45406018,6000000074770734004,Yao Chi
Q45406020,6000000074770938823,Yao Xi
Q45406025,6000000074770129266,Chen Bin
Q45406026,6000000074769605507,Chen Bing
Q45406035,6000000074770686929,Yao Yan
Q45406037,6000000074770828870,Wang Deyi
Q45406041,6000000074770833897,Lin H
Q45406057,6000000074770954824,Bao Ziming
Q45406092,6000000074770981822,Liu Qu
Q45406104,6000000074770991835,Qiao Ding
Q45406107,6000000074770835910,Hu Bing
Q45406109,6000000074770572962,Zhao Shuming
Q45406116,6000000074770686952,Sheng Cizhong
Q45406117,6000000074770780909,Sheng Nanzhong
Q45406118,6000000074770846904,Sheng Hezhong
Q45406163,6000000074770984870,Mo Tingxun
Q45406168,6000000074771026828,Mo Yi
Q45406170,6000000074770818936,Mo Xie
Q45406191,6000000074770634074,Hu Changrong
Q45406199,6000000074770636015,Li Jingfan
Q45406200,6000000074770682017,Li Jingmian
Q45406208,6000000074771022829,Li Yongzhi
Q45406232,6000000074770992852,Dai Qingke
Q45406251,6000000074770775970,Qu Jingchun
Q45406254,6000000074770853920,Qu A
Q45406258,6000000074770754912,Wang Anli
Q45406263,6000000074771030866,Leng Yan
Q45406278,6000000074771024868,Yu B
Q45406287,6000000074770937943,Yu Ci
Q45406296,6000000074771149822,Li Duanfu
Q45406298,6000000074771152822,Jiao Daya
Q45406300,6000000074771102858,Jiao Yi
Q45406588,6000000074771195890,Li Zhi
Q45406676,6000000074771253915,Ma Dingguo
Q45406678,6000000074770823099,Ma Guanguo
Q45406697,6000000074771416839,Huang G
Q45406711,6000000074771478840,Han Moqing
Q45406713,6000000074770834062,Qiu Chun
Q45406714,6000000074771474829,Chen Zhuo
Q45406715,6000000074771468846,Meng Hao
Q45406732,6000000074771295949,Zhao Shide
Q45406733,6000000074771496841,Zhao Li
Q45406735,6000000074771502830,Zhao Fan
Q45406737,6000000074771247878,Zhao Huai
Q45406749,6000000074769914446,Zhao Gong
Q45406755,6000000074771339875,Zhang Dao
Q45406758,6000000074770504274,Yang Yan
Q45406760,6000000074771284888,Yang Meiqing
Q45406763,6000000074771353847,Yang Yuxun
Q45406765,6000000074771459858,Yang Yizhong
Q45406766,6000000074771397911,Yang Li
Q45406782,6000000074771311901,Lin Zhonglin
Q45406784,6000000074771164970,Lin Zhonghu
Q45406788,6000000074771363915,Jiang Fu
Q45406794,6000000074771472845,Huangfu Bin
Q45406797,6000000074771414865,Liu Dexiu
Q45406809,6000000074771448850,Zhuo Xun
Q45406811,6000000074771339880,Xiao Luo
Q45406813,6000000074771301918,Xiao Zhen
Q45406820,6000000074771421875,Ke Sen
Q45406822,6000000074771489850,Ke Bin
Q45406826,6000000074771473843,Ke Liang
Q45406831,6000000074771520840,Ke Longshou
Q45406834,6000000074771231916,Ke Bao
Q45406835,6000000074771420864,Ke Caisong
Q45406857,6000000074771485871,Shao Bao
Q45406861,6000000074771108976,Zhang Bogai
Q45406871,6000000074771581837,Shen Rongzu
Q45406873,6000000074771542836,Chen Jia
Q45406874,6000000074771303912,Yu Yu
Q45406877,6000000074771211951,Yu Mou
Q45406879,6000000074771332928,Yu Zhen
Q45406881,6000000074771141927,Yu Youhui
Q45406884,6000000074771325968,Yu Duanren
Q45406885,6000000074771339897,Yu Zhe
Q45406896,6000000074771369988,Chen Yangshan
Q45406899,6000000074771476869,Chen Dashan
Q45406908,6000000074771443868,He Pu
Q45406909,6000000074771577839,He Xunzhi
Q45406915,6000000074771443873,Ji Nanshou
Q45406928,6000000074771303917,Rao Jie
Q45406932,6000000074769784715,Wang Ge
Q45406934,6000000074771609824,Wang Shen
Q45406936,6000000074771264945,Wang Dajing
Q45406937,6000000074771303929,Li Dayou
Q45406951,6000000074770432245,Wang Qian
Q45406954,6000000074771131041,Wu Cong
Q45406968,6000000074771392937,Wu Hong
Q45406979,6000000074771077087,Liu Hanyi
Q45406990,6000000074771541869,Lou Xuzu
Q45406992,6000000074771645829,Lou Yingyuan
Q45406995,6000000074771334957,Lou Yingxin
Q45406996,6000000074770678349,Lou Yinggeng
Q45406997,6000000074771308976,Lu Zhiji
Q45407003,6000000074771573860,Luqiu Ming
Q45407015,6000000074771577874,Wang Tongzu
Q45407019,6000000074771511911,Yu Shiyan
Q45407020,6000000074771668840,Yu Fang
Q45407021,6000000074771453900,Yu Gui
Q45407023,6000000074770488467,Yu Fan
Q45407027,6000000074771607866,Chen You
Q45407029,6000000074771539904,Yu Yu
Q45407038,6000000074771596866,Jiang Jin
Q45407040,6000000074771678849,Cao Gai
Q45407042,6000000074771343984,Cao Guan
Q45407043,6000000074771472906,Hou Gudao
Q45407046,6000000074771027072,Hu Chong
Q45407048,6000000074771697834,Hu Zhongrong
Q45407051,6000000074771677836,Yang Lin
Q45407054,6000000074771472913,Deng Yunzhong
Q45407056,6000000074771631884,Zhang Yu
Q45407058,6000000074771521921,Yang Fei
Q45407059,6000000074770243262,Luo Dingchen
Q45407061,6000000074771482920,Wang Zheng
Q45407063,6000000074771413975,Zhou Fu
Q45407066,6000000074771699833,Zhou Chun
Q45407068,6000000074771582876,Zhou Ban
Q45407077,6000000074771295971,Mei Junyu
Q45407079,6000000074771582881,Kou Zongyan
Q45407081,6000000074771529879,Yu Zhao
Q45407082,6000000074771543901,Liu Wei
Q45407085,6000000074771209151,Cao Xingzong
Q45407086,6000000074771715831,Xu Anxiu
Q45407088,6000000074771732835,Feng Chunxi
Q45407093,6000000074771472956,Chai Gun
Q45407105,6000000074771649855,Fan Rouzhong
Q45407113,6000000074771355025,Shi Fang
Q45407115,6000000074771734844,Jin Ji
Q45407117,6000000074771607872,Gao Zunke
Q45407118,6000000074771058060,Wu Anxun
Q45407138,6000000074771760834,He Dashou
Q45407139,6000000074770693188,Li Tian
Q45407142,6000000074771643869,Gao Jian
Q45407145,6000000074771598920,Liang Anguo
Q45407148,6000000074771751829,Zhang Su
Q45407149,6000000074771360967,An Xinzhi
Q45407152,6000000074771699846,Zhang Ji
Q45407153,6000000074771545976,Zhou Yonghui
Q45407155,6000000074771551978,Feng Juemin
Q45407156,6000000074771751834,Li Ben
Q45407169,6000000074771581884,Wu Xi
Q45407170,6000000074771672904,Lu Minqiu
Q45407172,6000000074771598939,Huang Yi
Q45407174,6000000074770868207,Heng Jun
Q45407177,6000000074771744848,Sun Cong
Q45407179,6000000074771187107,Feng Baiyao
Q45407180,6000000074771600891,Ge Maozong
Q45407182,6000000074770839148,Zhao Tianzuo
Q45407184,6000000074771574914,Chong Shiji
Q45407185,6000000074771708876,He Dazheng
Q45407186,6000000074771667926,Lv Yanzu
Q45407188,6000000074771414997,Liang Wan
Q45407199,6000000074771738882,Cao Pu
Q45407218,6000000074771473944,Peng Fuchuo
Q45407221,6000000074771308038,Zhou Zundao
Q45407223,6000000074771643884,Xie Qian
Q45407224,6000000074771232022,Wang Gongyan
Q45407226,6000000074771386055,Li Yixing
Q45407227,6000000074771737856,Liu Jingguo
Q45407228,6000000074771632892,Liang Shineng
Q45407232,6000000074771277024,Jiang Xun
Q45407236,6000000074771421025,Ye Shiying
Q45407238,6000000074771309039,Xu Duanqing
Q45407241,6000000074771804831,Xiao Wan
Q45407244,6000000074771439007,Liu Bo
Q45407249,6000000074771811846,Huang Qian
Q45407250,6000000074782913142,Huang Cai
Q45407253,6000000074782299405,Wang Yang
Q45407256,6000000074783214857,Wang Jiao
Q45407257,6000000074783189884,Hu Liang
Q45407259,6000000074783229857,Wang Shou
Q45407262,6000000074783055032,Ge Hui
Q45407264,6000000074782923090,Zhang Pu
Q45407266,6000000074783064995,Dong Xiang
Q45407268,6000000074782600243,Song Shouyue
Q45407269,6000000074782967061,Liu Jifu
Q45407274,6000000074783240847,Li Xiu
Q45407275,6000000074783263841,Liang Junmin
Q45407288,6000000074782977056,Su Sheng
Q45407317,6000000074782840265,Ma Juan
Q45407318,6000000074782962102,Zhang Tingjian
Q45407319,6000000074783243885,Gong Guai
Q45407322,6000000074783157956,Gong Dazhuang
Q45407325,6000000074782885148,Wang Hui
Q45407326,6000000074782765197,Ouyang Zhongli
Q45407329,6000000074783302822,Tang Yu
Q45407330,6000000074783190896,Zhang Baoyuan
Q45407332,6000000074783203878,Wang Yan
Q45407336,6000000074783242926,Han Chuan
Q45407337,6000000074783228869,Wang Gu
Q45407339,6000000074783183913,Zhu Shifu
Q45407341,6000000074781826694,Xu Ji
Q45407344,6000000074782973105,Wang Fu
Q45407346,6000000074783266854,Wang Dao
Q45407348,6000000074783316826,Wang Huaji
Q45407351,6000000074782925143,Wang Huachen
Q45407353,6000000074782718281,Zheng Jujian
Q45407354,6000000074782805190,Li Mu
Q45407356,6000000074783196927,Cai Keming
Q45407357,6000000074782456384,Deng Shichang
Q45407363,6000000074782856092,Pan Zi
Q45407365,6000000074783148974,Li Jialiang
Q45407367,6000000074783310850,Li Chong
Q45407369,6000000074783308838,Li Ji
Q45407377,6000000074782444493,Pei Yanchen
Q45407382,6000000074782813188,Zhang Lin
Q45407385,6000000074782994071,Zhang Shiliang
Q45407389,6000000074782691170,Liang Zhixin
Q45407391,6000000074783229921,Zhao Yue
Q45407393,6000000074782781209,Dou Yue
Q45407396,6000000074783351822,Huang Qingcong
Q45407398,6000000074782873244,Li Zhuo
Q45407400,6000000074783338834,Tan Yi
Q45407404,6000000074783257896,Yan Shouqin
Q45407406,6000000074783355832,Feng Yue
Q45407408,6000000074783229936,Yang Cheng
Q45407410,6000000074783275859,Zeng Tao
Q45407412,6000000074783328844,Su Shunmin
Q45407414,6000000074783124939,Zhang Hu
Q45407416,6000000074783328851,Li Yong
Q45407417,6000000074783279856,Ren Jun
Q45407419,6000000074782987114,Wang Changmin
Q45407421,6000000074782070735,Ji Shixiong
Q45407423,6000000074783339839,Guo Ziqi
Q45407425,6000000074782818025,Li Yu
Q45407426,6000000074783139018,Qian Sheng
Q45407428,6000000074783250922,Ma Shen
Q45407431,6000000074783129006,Hu Tian
Q45407432,6000000074782572570,Li Bei
Q45407450,6000000074783002124,Wu Xiufu
Q45407452,6000000074783196994,Cui Changfu
Q45407460,6000000074783024112,Zhu Huai
Q45407462,6000000074782518587,Zhu Lei
Q45407464,6000000074782805234,Zhu Cai
Q45407466,6000000074783081116,Zhu Lin
Q45407468,6000000074783296919,She Siqi
Q45407470,6000000074783305901,Liu Yaofu
Q45407472,6000000074783331889,Xiao Kai
Q45407474,6000000074783361832,Xiao Bing
Q45407476,6000000074782936108,Xiao Pan
Q45407480,6000000074783310866,Xiao Biyu
Q45407482,6000000074783386830,Xiao Bisheng
Q45407485,6000000074783195973,Xiao Yue
Q45407486,6000000074782638419,Xiao Guoxing
Q45407489,6000000074783416826,Xiao Juan
Q45407493,6000000074783087053,Han Bi
Q45407494,6000000074782869196,Yu Shaozu
Q45407505,6000000074782857292,Luo You
Q45407507,6000000074783288946,Liao Ya
Q45407509,6000000074783244008,Zuo Changshi
Q45407511,6000000074783024130,Hu Sicheng
Q45407515,6000000074782812211,Zhu Yugui
Q45407516,6000000074783440834,Zhang Bi
Q45407517,6000000074782897955,Zhang Tao
Q45407518,6000000074783232957,Xu Che
Q45407520,6000000074781677455,Wang Zi
Q45407522,6000000074783251929,Lu Yizhi
Q45407523,6000000074783218949,Yan Jie
Q45407525,6000000074783403832,Yan Changyi
Q45407527,6000000074782992121,Zheng Yun
Q45407531,6000000074782140774,Qian Xiang
Q45407535,6000000074783221017,Shen Lun
Q45407537,6000000074783013039,Shen Reng
Q45407539,6000000074783268942,Shen Xie
Q45407541,6000000074783160969,Shen You
Q45407546,6000000074782612428,Shen Kui
Q45407562,6000000074782957150,An Weiqing
Q45407597,6000000074782596516,Sun Zhongao
Q45407621,6000000074783484843,Tao Shi
Q45407622,6000000074783157044,Wang Chenying
Q45407628,6000000074783000163,Xu Sidao
Q45407630,6000000074783395904,Yan Cangshu
Q45407631,6000000074782718410,Yan Yu
Q45407633,6000000074783471874,Yao You
Q45407634,6000000074783480842,Zhang Gao
Q45407637,6000000074783297982,Zhang Zhengzi
Q45407653,6000000074782596555,Zhao Mengji
Q45407673,6000000074783409917,Zhu Yan
Q45407674,6000000074783489883,Zhu Bian
Q45407678,6000000074783297046,Zhu Ya
Q45407679,6000000074783175082,Zhu Cui
Q45407680,6000000074783364951,Zhu Bi
Q45407681,6000000074783407920,Zhu Ting
Q45407683,6000000074783264069,Zhu Xingzong
Q45407688,6000000074783516862,Lin Lianggong
Q45407689,6000000074783548824,Lin Xichao
Q45407691,6000000074783343977,Lin Ren
Q45407698,6000000074783230061,Feng Ji
Q45407728,6000000074782502657,Yang Guangyuan
Q45407742,6000000074783481885,Zheng Taichu
Q45407747,6000000074783085095,Zhang Youren
Q45407748,6000000074782502664,Zheng Bojun
Q45407776,6000000074783395945,Zhao Shanlin
Q45407779,6000000074782531712,Zhao Shanyu
Q45407781,6000000074783190161,Zhao Shanxuan
Q45407782,6000000074783576840,Xiang B
Q45407800,6000000074783562866,Fu H
Q45407840,6000000074783367029,Li Lin
Q45407842,6000000074783162128,Li Tang
Q45407843,6000000074782472411,Li Pu
Q45407845,6000000074783295026,He Qun
Q45407851,6000000074783521878,Chen Zixiu
Q45407873,6000000074783093160,Liao Fang
Q45407876,6000000074783601869,Liao Xun
Q45407877,6000000074783576877,Liao Dingchen
Q45407881,6000000074783544915,Liao Ze
Q45407882,6000000074782456562,Liao Hao
Q45407884,6000000074783547904,Liao Shengmo
Q45407885,6000000074783476990,Liao Yi
Q45407887,6000000074783363082,Liao Qingchen
Q45407889,6000000074783600880,Liao Huan
Q45407891,6000000074783627850,Wu Ding
Q45407898,6000000074783167228,Wei Guan
Q45407901,6000000074783363087,Wei Boming
Q45407904,6000000074783608860,Zhou N
Q45407908,6000000074783596891,Hu Cheng
Q45407909,6000000074783363996,Hu Xuan
Q45407926,6000000074783574873,Ding Kangchen
Q45407927,6000000074783394983,Ding Kangshi
Q45407935,6000000074782780432,Shen Xiji
Q45407937,6000000074783618872,Shen Xigao
Q45407940,6000000074781677560,Song Dunshu
Q45407945,6000000074783642836,Xu A
Q45407953,6000000074782989187,Liu Yi
Q45407984,6000000074783410000,Shen Hou
Q45407986,6000000074783609901,Chen Shao
Q45407988,6000000074783277049,Lin Zizhuo
Q45407993,6000000074783235143,Chen Zongzhu
Q45408024,6000000074782962423,Chen Hong
Q45408090,6000000074783496997,Sun Lin
Q45408091,6000000074783162278,Wu Duanli
Q45408180,6000000074783780827,Li S
Q45408182,6000000074783438068,Zheng L
Q45408216,6000000074783387113,Li Menglong
Q45408220,6000000074782566799,Li Neng
Q45408236,6000000074782752390,Zhao Zhifu
Q45408287,6000000074783697921,Liu S
Q45408315,6000000074783904991,Chen Ji
Q45408327,6000000074783753973,Qingyang Zhongbo
Q45408329,6000000074783613101,Qingyang Shilu
Q45408355,6000000074783061646,Sun Zhiyuan
Q45408359,6000000074783395372,Yang Qi
Q45408371,6000000074784099825,Wang Yuzhi
Q45408374,6000000074784075852,Wang Longrong
Q45408383,6000000074784073848,Huang Yanyuan
Q45408387,6000000074783839028,Huang Yan
Q45408394,6000000074783677122,Lu Qi
Q45408407,6000000074784051935,Zhang Yuan
Q45408428,6000000074783778034,Meng Rixin
Q45408514,6000000074783884025,Wang Yonghe
Q45408574,6000000074783219510,Murong Bangbi
Q45408577,6000000074784234839,Cao Ju
Q45408578,6000000074783504278,Cao Yi
Q45408579,6000000074784050003,Jiang Tianyou
Q45408595,6000000074784068911,Zhao Rubi
Q45408613,6000000074783961081,Cai Qi
Q45408615,6000000074784240841,Cai Xun
Q45408616,6000000074784131928,Cai Chun
Q45408639,6000000074783365445,Xiang Ziping
Q45408685,6000000074784260852,Cai Xiao
Q45408686,6000000074783627325,Fang Bin
Q45408712,6000000074784342830,Xu Jian
Q45408724,6000000074784284855,Gan Tinggui
Q45408725,6000000074784238905,Gan Tongshu
Q45408727,6000000074783858132,Gan Maorong
Q45408764,6000000074783965199,Wang Mengyue
Q45408766,6000000074784169930,Zeng Jian
Q45408824,6000000074783957151,Zhao Chongwu
Q45408835,6000000074784360862,Wang Baolong
Q45408845,6000000074784114029,Yan Runlao
Q45408849,6000000074784137997,Chen Yi
Q45408855,6000000074784240939,Chen Zuoyao
Q45408863,6000000074784059047,Chen Jingnian
Q45408864,6000000074783905223,Chen Jingren
Q45408865,6000000074783754133,Chen Zichun
Q45408869,6000000074784407844,Lin Jie
Q45408871,6000000074784203026,Lin Shigao
Q45408872,6000000074783835179,Lin Guanying
Q45408874,6000000074784123990,Lin Yan
Q45408877,6000000074784266929,Fang Xiansun
Q45408883,6000000074784166050,Lin Qi
Q45408891,6000000074783280746,Cao Tun
Q45408904,6000000074784357883,Fang Xiaoxi
Q45408906,6000000074784322883,Fang Xiaoshu
Q45408910,6000000074784432847,Fang Fuming
Q45408911,6000000074784307964,Fang Bozhen
Q45408913,6000000074784412843,Fang Bozong
Q45408916,6000000074784465822,Fang Bofeng
Q45408919,6000000074784078061,Fang Fuli
Q45408921,6000000074783666495,Fang Bingcheng
Q45408925,6000000074783316553,Fang Bingwen
Q45408926,6000000074784204988,Fang Bingzhe
Q45408929,6000000074783831324,Fang Yanshi
Q45408930,6000000074784436847,Fang Fouzhou
Q45408957,6000000074784077039,Xu F
Q45409018,6000000074784038138,Zhao Rusui
Q45409065,6000000074784421823,He B
Q45409079,6000000074784427908,Rao Menglu
Q45409082,6000000074784532822,Rao Ziyong
Q45409085,6000000074784408919,Li Hanyun
Q45409087,6000000074783921221,Li Hanbin
Q45409091,6000000074784342982,Shi Jicheng
Q45409092,6000000074784147143,Song Andao
Q45409165,6000000074784480931,Luo Yilong
Q45409166,6000000074784316006,Luo Yie
Q45409167,6000000074784388974,Chai Zhongshou
Q45409169,6000000074784564834,Chai Zhongxing
Q45409171,6000000074784030268,Ouyang Zhen
Q45409185,6000000074784558853,Li Dezhao
Q45409186,6000000074784201164,Li Cichen
Q45409195,6000000074784348053,Lin Gongjin
Q45409197,6000000074784584830,Fang Zhisun
Q45409201,6000000074784479918,Gu Fu
Q45409209,6000000074784561835,Gu Yi
Q45409210,6000000074784407968,Gu Qi
Q45409211,6000000074784394972,Gu Wei
Q45409213,6000000074784076195,Gu Mengbing
Q45409217,6000000074784152116,Gu Rujie
Q45409221,6000000074784261108,Gu Qiao
Q45409266,6000000074784359997,Fang Leifa
Q45409267,6000000074784383956,Gu Ruyi
Q45409275,6000000074784272050,Lin Wei
Q45409277,6000000074784489928,Lin Lin
Q45409280,6000000074783219755,Lin Wenbao
Q45409283,6000000074784582843,Lin Zhongliang
Q45409284,6000000074783924359,Lin Fuzhi
Q45409286,6000000074783691374,Lin Rong
Q45409287,6000000074784409981,Lin Yike
Q45409290,6000000074784491926,Lin Yi
Q45409308,6000000074784251103,Zhang Gu
Q45409328,6000000074784489960,Chen Yang
Q45409336,6000000074784468966,Lv Dacong
Q45409351,6000000074784358006,Huang Gun
Q45409411,6000000074784523917,Wu Xiangming
Q45409414,6000000074784475939,Wu Changchen
Q45409455,6000000074784423998,Zhang Yan
Q45409468,6000000074784580926,Chen Ye
Q45409542,6000000074784590935,Han Guangzhou
Q45409568,6000000074784690899,Ren A
Q45409581,6000000074784753826,Wu K
Q45409605,6000000074784402102,Zheng Yu
Q45409606,6000000074784292296,Zheng M
Q45409631,6000000074784089357,Liu Gongchen
Q45409637,6000000074784636965,Wang BB
Q45409656,6000000074784513999,Duan Yong
Q45409678,6000000074784514021,Gao Zundao
Q45409679,6000000074784756885,Yu Shichang
Q45409711,6000000074784680963,Zhao Fu
Q45409713,6000000074784562054,Cui A
Q45409715,6000000074783813501,Sun Guang
Q45409718,6000000074784787868,Chen W
Q45409760,6000000074784094360,Dou Jian
Q45409788,6000000074784876840,Pan Jifu
Q45409790,6000000074784222381,Pan Xifu
Q45409812,6000000074784835896,Li Jirong
Q45409825,6000000074784860859,Song Zhen
Q45409832,6000000074784683975,Hu Zai
Q45409839,6000000074784424190,Wen Yanzhang
Q45409843,6000000074784325131,Bao Zhi
Q45409869,6000000074784444176,Chen Zhuang
Q45409881,6000000074784061361,Chen Zongwang
Q45409901,6000000074784692038,Yu Jue
Q45409921,6000000074785000822,Liu Ju
Q45409950,6000000074784012621,Li Kui
Q45409985,6000000074785002870,Wu Shiyuan
Q45409988,6000000074784114455,Wu Shidao
Q45409992,6000000074784315380,Yuwen Yi
Q45409993,6000000074784995837,Yuwen Gou
Q45409994,6000000074784761058,Liu Ju
Q45409998,6000000074785048829,Chen Ang
Q45410002,6000000074784845960,Yang Yuanji
Q45410010,6000000074785005863,Guo Xun
Q45410013,6000000074784870970,Fan Zuyuan
Q45410015,6000000074784316333,Shi Xun
Q45410023,6000000074785008853,Song Zhang
Q45410027,6000000074784736007,Wang CC
Q45410084,6000000074784695117,Zhang Shixuan
Q45410110,6000000074784735145,Wu Gan
Q45410113,6000000074784481366,Zhang Jingguan
Q45410114,6000000074784933943,Yin Huan
Q45410118,6000000074784965879,Xi Hui
Q45410140,6000000074784872971,Li Zongmeng
Q45410142,6000000074784974939,Li Zonggu
Q45410172,6000000074784864922,Fan Zuliang
Q45410178,6000000074784437392,Zhao Bumian
Q45410180,6000000074784681157,Liu Mi
Q45410264,6000000074784574199,Guo Zan
Q45410282,6000000074785181822,Hu Yong
Q45410327,6000000074784316460,Yuan Qingqing
Q45410343,6000000074785194995,Wang Huizhi
Q45410356,6000000074785312865,Wang Guangguo
Q45410369,6000000074785287860,Wu A
Q45410370,6000000074784911158,Zhou Q
Q45410373,6000000074785034100,Fan B
Q45410411,6000000074784970109,Wenren Zhiming
Q45410461,6000000074785258973,Ye Guozuo
Q45410464,6000000074785097105,Lou A
Q45410475,6000000074784822228,Zhao Rugan
Q45410491,6000000074785291924,Wang B
Q45410508,6000000074784372623,Yao Quan
Q45410522,6000000074784372650,Han Yu
Q45410524,6000000074784588481,Shu A
Q45410527,6000000074785446822,Hu C
Q45410529,6000000074785357899,Wang GG
Q45410531,6000000074785318961,Liu D
Q45410533,6000000074785434845,Gao C
Q45410537,6000000074785328900,Lu G
Q45410539,6000000074785213978,Shi C
Q45410540,6000000074784950228,Han B
Q45410542,6000000074785151058,Wu L
Q45410558,6000000074785349920,Wang Ji
Q45410560,6000000074785371888,Wang Xia
Q45410565,6000000074785345935,Zhao J
Q45410580,6000000074785390883,Lou Qiu
Q45410582,6000000074785123081,Hu D
Q45410595,6000000074785436861,Gao Xianzhi
Q45410596,6000000074785266975,Gao Linzhi
Q45410612,6000000074784989233,Yang Zhuan
Q45410627,6000000074784950287,Pan Langzhong
Q45410631,6000000074785265010,Pan Tan
Q45410637,6000000074785430888,Xuan Shilong
Q45410646,6000000074785555822,Cao Ji
Q45410647,6000000074785513855,Guo Di
Q45410679,6000000074784979350,Yu B
Q45410692,6000000074785435895,Zhang Kai
Q45410694,6000000074784997152,Lu Zhen
Q45410696,6000000074784698389,Lu Yu
Q45410731,6000000074785163127,Wu Songnian
Q45410742,6000000074785501885,Tang Chun
Q45410761,6000000074785244091,Cao F
Q45410773,6000000074785189260,Cao G
Q45410791,6000000074784811570,Zhao Zongx
Q45410818,6000000074785586869,Chen Huan
Q45410829,6000000074785330129,Chen Jizhi
Q45410830,6000000074785630918,Chen Fangzhi
Q45410832,6000000074785383967,Shi Jishi
Q45410859,6000000074785661834,Dong Ting
Q45410860,6000000074785696826,Dong Shidao
Q45410882,6000000074785725822,Ouyang Yanwen
Q45410892,6000000074785418077,Gao Zichen
Q45410945,6000000074785612943,Lv Xiyue
Q45410964,6000000074785589995,Guan Juan
Q45410978,6000000074785583993,Cheng Hang
Q45410981,6000000074785648005,Cheng Pang
Q45410984,6000000074785625957,Cheng Ta
Q45410985,6000000074785270168,Cheng Da
Q45410988,6000000074785764858,Cheng Sui
Q45410989,6000000074785220238,Cheng Ting
Q45410990,6000000074785677951,Cheng Dong
Q45410993,6000000074785774858,Yao Yuandao
Q45411013,6000000074785604140,Ying Zhaoruo
Q45411026,6000000074785440240,Deng Liangchen
Q45411031,6000000074785107478,Tao Da
Q45411068,6000000074785956828,Li V
Q45411071,6000000074785849948,Li Yaochen
Q45411072,6000000074785938847,Li Hanchen
Q45411086,6000000074785922912,Zhou Shize
Q45411087,6000000074785817955,Zhou Shiguang
Q45411088,6000000074785669951,Guo E
Q45411090,6000000074785768018,Guo Jun
Q45411092,6000000074785926868,Guo Wenhuan
Q45411093,6000000074785874900,Guo Zhengji
Q45411094,6000000074785633218,Guo Bicai
Q45411096,6000000074785988822,Guo Mengfu
Q45411097,6000000074785672123,Yao Shi
Q45411120,6000000074785524295,Yan Zao
Q45411125,6000000074785951871,Cao Yi
Q45411127,6000000074785647073,Cao Kai
Q45411129,6000000074785854969,Cao Xi
Q45411142,6000000074785306545,Ju Zhengyan
Q45411158,6000000074785833005,Liu Li
Q45411201,6000000074785468368,Zhao Junji
Q45411241,6000000074785874996,Xu Fuyan
Q45411242,6000000074785912906,Xu Jiayan
Q45411244,6000000074785679201,Liu Lizhi
Q45411253,6000000074785604369,Dong Ge
Q45411270,6000000074784866763,Yang Bi
Q45411275,6000000074786009910,Hu F
Q45411279,6000000074785812169,Guo A
Q45411291,6000000074785930022,Lv Changling
Q45411300,6000000074785898037,Chen Qi
Q45411313,6000000074785894997,Zhang Xie
Q45411314,6000000074785859089,Zhang Can
Q45411321,6000000074786008923,Wu Xiang
Q45411328,6000000074785955955,Feng Shi
Q45411346,6000000074785899102,Zheng Yin
Q45411349,6000000074786146822,Zhu Jiezhi
Q45411352,6000000074785686250,Cai C
Q45411357,6000000074786150822,Zheng Fen
Q45411387,6000000074786026012,Li X
Q45411390,6000000074786187834,Fan Zupu
Q45411392,6000000074786044912,Shi Weijian
Q45411401,6000000074785721246,Zhang Wenying
Q45411414,6000000074786093886,Sun Bingyang
Q45411416,6000000074785908082,Shao Dian
Q45411419,6000000074785477504,Shao Rui
Q45411421,6000000074785499354,Zeng Yi
Q45411474,6000000074786121926,Zhu Fu
Q45411476,6000000074785852215,Zhu Jie
Q45411486,6000000074785833188,Hu Zongyue
Q45411493,6000000074786229838,Qian Si
Q45411511,6000000074786015036,Sun G
Q45411516,6000000074786207849,Wang Shimin
Q45411539,6000000074786125925,Xiang Zix
Q45411540,6000000074786232869,Xiang Shizhe
Q45411542,6000000074785845133,Hu G
Q45411559,6000000074785983134,Yi Xiang
Q45411568,6000000074786155952,Liu Guan
Q45411569,6000000074785719361,Chai Guanguo
Q45411573,6000000074786064955,Chai Duanyi
Q45411575,6000000074785872122,Chai Duanfu
Q45411581,6000000074786279844,Chen Qianling
Q45411584,6000000074785862136,Chen Shiyan
Q45411597,6000000074785440587,Ni Feiran
Q45411618,6000000074785719395,Yan Qi
Q45411620,6000000074786304834,Zhang Shiwang
Q45411687,6000000074785534405,Yang Deqing
Q45411690,6000000074786099010,Fang Tingben
Q45411691,6000000074785983176,Chao Ziqi
Q45411712,6000000074785750362,Wang KK
Q45411733,6000000074785812322,Zhang P
Q45411737,6000000074786360842,Lang Tong
Q45411740,6000000074785405604,Yu Heng
Q45411751,6000000074786229960,Luo Zijie
Q45411763,6000000074785753441,Peng Yun
Q45411798,6000000074786291026,Zhang Tianguan
Q45411807,6000000074785236667,Wu M
Q45411808,6000000074786314902,Li Lai
Q45411827,6000000074786280019,Wu Shu
Q45411829,6000000074786198075,Shu Yue
Q45411841,6000000074786293977,Hu Dake
Q45411850,6000000074786447838,He Tan
Q45411858,6000000074786026277,Zhou Huang
Q45411898,6000000074786293040,Yuan Yue
Q45411901,6000000074786002299,Yuan Zisi
Q45411907,6000000074786395954,Yuan Xingzong
Q45411914,6000000074786212279,Yuan Yancai
Q45411916,6000000074786425001,Yuan Hang
Q45411918,6000000074786639870,Chen Fusun
Q45411925,6000000074786691826,Man Zhongxing
Q45411929,6000000074786665867,Man A
Q45411936,6000000074786204195,Li Y
Q45411938,6000000074786475008,Li Z
Q45411940,6000000074786466087,Fang Shiduan
Q45411945,6000000074785825753,Lin Shuzi
Q45411947,6000000074785994630,Lin Guan
Q45411971,6000000074786562967,Li Pei
Q45411975,6000000074786718842,Zong Datong
Q45411988,6000000074785761667,Chen X
Q45412010,6000000074786620959,Li Jinghe
Q45412025,6000000074786480037,Wu N
Q45412052,6000000074786255815,Yang Xun
Q45412053,6000000074786796217,Yang Qingchong
Q45412088,6000000074787175903,Jian Weizhi
Q45412098,6000000074787167883,Zhao M
Q45412110,6000000074786532481,Hu H
Q45412119,6000000074787264860,Jiang Qi
Q45412121,6000000074787251839,Jiang Mo
Q45412123,6000000074787255865,Jiang Yin
Q45412131,6000000074787206965,Jiang Ji
Q45412145,6000000074787074015,Xiang Gongzhen
Q45412156,6000000074787320822,Fan C
Q45412158,6000000074787016040,Shao Boyuan
Q45412159,6000000074787179930,Shao Bofang
Q45412191,6000000074787261899,Fei Bogong
Q45412192,6000000074787252921,Fei Bowu
Q45412194,6000000074787275885,Fei Boying
Q45412208,6000000074787069018,Shi Ruyu
Q45412214,6000000074786899205,Li Kan
Q45412230,6000000074787045078,Ma Ximeng
Q45412231,6000000074787225928,Meng Hou
Q45412233,6000000074786337740,Zhang Yi
Q45412242,6000000074787265930,Wang Siwen
Q45412244,6000000074786764317,Wang Wenzheng
Q45412246,6000000074786482724,Wang Ben
Q45412247,6000000074787358847,Wang Huizhi
Q45412249,6000000074787059059,Wang Yu
Q45412397,6000000074787413882,Pan Xibo
Q45412402,6000000074786959239,Pan Kai
Q45412406,6000000074787454845,Pan Wenrao
Q45412409,6000000074787119132,Pan Wenli
Q45412410,6000000074787342972,Pan Wenxue
Q45412437,6000000074787345993,Zhao Bifeng
Q45412466,6000000074787490848,Wang Xianyi
Q45412469,6000000074787448878,Wang Qi
Q45412471,6000000074787246052,Wang Zhenggang
Q45412483,6000000074787091258,Chen Zao
Q45412485,6000000074787189159,Wei Bo
Q45412597,6000000074787311994,Dai Bing
Q45412630,6000000074787501938,Gao Deng
Q45412644,6000000074787627825,Ni Pu
Q45412675,6000000074787516991,Mei Yingfa
Q45412690,6000000074787253207,Xu Fei
Q45412692,6000000074787255132,Shi Wenxiang
Q45412749,6000000074787552933,He Yi
Q45412751,6000000074787054319,He Jingwen
Q45412759,6000000074787538944,Hu Tuan
Q45412760,6000000074787068303,Hu Chi
Q45412761,6000000074786742648,Hu Zihou
Q45413089,6000000074787481142,Fu Qianzhi
Q45413162,6000000074787481185,Wei Guocai
Q45413985,6000000074789408861,Gan Gong
Q45414012,6000000074789047042,Gong Zuwen
Q45414233,6000000074789663974,Liu Pingye
Q45414763,6000000074790357140,Zhu Guan
Q45416175,6000000074792648830,Zhang Hao
Q45416178,6000000074792463974,Wu Hao
Q45416192,6000000074792009140,Zhang Shinan
Q45416193,6000000074792369007,Dong Ruojin
Q45416194,6000000074792599895,Zhang Yaotong
Q45416196,6000000074792454945,Zhao Shuxiang
Q45416205,6000000074792598858,Zhao Sheng
Q45416237,6000000074792499927,Chen Ji
Q45416238,6000000074792582875,Chen You
Q45416263,6000000074792729828,Wenren Zi
Q45416312,6000000074792545949,Ruan A
Q45416317,6000000074792196048,Ruan B
Q45416786,6000000074792412355,Tan Yi
Q45416856,6000000075326500913,Liu Danran
Q45416886,6000000074798164890,Du Pan
Q45416897,6000000074798059976,Wang Yi
Q45416899,6000000074798252847,Gao Tingrui
Q45416920,6000000074797499204,Zhao Zhu
Q45416921,6000000075326651823,Zhu Di
Q45416929,6000000075325108655,Chao Baikui
Q45416955,6000000075326512941,Zhu Fu
Q45417379,6000000075326554952,Zhu Duanchang
Q45417382,6000000075326762837,Chu Yong
Q45417424,6000000075326370160,Fang Yue
Q45417446,6000000075326599960,Hu Zhonggong
Q45417449,6000000075326777881,Hu Jie
Q45417450,6000000075326450112,Hu Zhongshen
Q45417454,6000000075326702888,Hu Mengbai
Q45417457,6000000075326145247,Hu Liyong
Q45417464,6000000075326688931,Huang Wenlei
Q45417469,6000000075326119381,Gao Pengfei
Q45417471,6000000075326816847,Gao Yi
Q45417472,6000000075326300121,Gao Cheng
Q45417474,6000000075326785849,Ge Hong
Q45417627,6000000075326352221,He Su
Q45417832,6000000075326598128,Wang Gonghong
Q45417843,6000000075326905887,Yang Shizhong
Q45417844,6000000075327026824,Yang Anzhong
Q45417846,6000000075326411114,Yang Shouzhong
Q45417847,6000000075326923892,Wang Zhongju
Q45417849,6000000075326413183,Jin Liang
Q45417850,6000000074737724835,He Chong
Q45417854,6000000075327009835,Yang Yu
Q45417855,6000000075326857990,Chen Yizhi
Q45417875,6000000075327029831,Zeng Hongji
Q45417876,6000000075326705048,Zeng Hongji
Q45417878,6000000075326616104,Zeng Hongqian
Q45417881,6000000075327038823,Zeng Sanxi
Q45417886,6000000075326799034,Zeng Sanshou
Q45417887,6000000075326753067,Zeng Sandeng
Q45417895,6000000075326968860,Zeng Hongtu
Q45417898,6000000075326841999,Zeng Hongdu
Q45417899,6000000075326150073,Zeng Hongyu
Q45417902,6000000075326962929,Zeng Hongyong
Q45417903,6000000075326119559,Zeng Zhe
Q45417907,6000000075326973908,Zeng Hongyi
Q45417909,6000000075326650053,Zeng Hongmu
Q45417911,6000000075326681082,Zeng Hongji
Q45417912,6000000075327062833,Zeng Hongju
Q45417913,6000000075327058834,Zeng Hongliang
Q45417916,6000000075326934929,Jian Shu
Q45417919,6000000075326966909,Li Liangzuo
Q45417950,6000000075326863940,Cheng Yuezhi
Q45417957,6000000075327085822,Ren Tunan
Q45417958,6000000075326635067,Ren Yingnan
Q45417959,6000000075326686086,Ren Pengnan
Q45417962,6000000075326718047,Ren Tuannan
Q45417978,6000000075326418213,Li Changling
Q45417980,6000000075327051840,Wang Miao
Q45417984,6000000075327003918,Li Xizai
Q45417986,6000000075327037869,Ye Yannian
Q45417989,6000000075326989890,Wang Kechang
Q45417991,6000000075326895944,Wang Bochang
Q45417993,6000000075326977893,Wang Dongwen
Q45417994,6000000075326995903,Wang Mengchang
Q45417995,6000000075326923943,Wang Ruchang
Q45417999,6000000075326923949,Wang Nan
Q45418017,6000000075327068834,Song Zongyan
Q45418020,6000000075327017860,Yao Zongwang
Q45418022,6000000075325939688,Song Congzheng
Q45418031,6000000075327074846,Pan Minyong
Q45418033,6000000075327041832,Cao Su
Q45418034,6000000075326981900,Jiang Shao
Q45418035,6000000075327030897,Zhang Meicheng
Q45418037,6000000075325674786,Zhang Kangcheng
Q45418042,6000000075326459297,Zhang Xincheng
Q45418044,6000000075326968867,Zhang Shicheng
Q45418045,6000000075326757030,Zhang Youcheng
Q45418047,6000000075326974870,Zhang Shicheng
Q45418080,6000000075042717993,Han Shi
Q45418081,6000000075327037899,Wang Kai
Q45418083,6000000075327089872,Li Yi
Q45418086,6000000075327133822,Xia Chen
Q45418115,6000000075326579180,Xiao Xun
Q45418127,6000000075326931957,Gao Fang
Q45418140,6000000075325939721,Feng Weiyu
Q45418141,6000000075326701142,Ma Gongshou
Q45418152,6000000075326300314,Sun Kui
Q45418155,6000000075327148853,Xiang Shilong
Q45418156,6000000075326624163,Wu Henger
Q45418158,6000000075327042867,Sun Bozong
Q45418159,6000000075327044895,Shi Gui
Q45418161,6000000075326380293,Shi Qiaonian
Q45418199,6000000075326673197,Xu Guangpu
Q45418319,6000000075327033983,Huang Xun
Q45418321,6000000075326894056,Huang Dao
Q45418329,6000000075326665183,Huang Xi
Q45418369,6000000075327076936,Gao Mida
Q45418371,6000000075326567363,Yuan Yong
Q45418373,6000000075327299822,Wu Chunren
Q45418455,6000000075327215899,Shen Duo
Q45418457,6000000075327170881,Zhou Tong
Q45418459,6000000075327156931,Xu Chunnian
Q45418469,6000000075326979956,Ni Xinggong
Q45418470,6000000075327275853,Ni Chenggong
Q45418633,6000000075327403912,Ren Guang
Q45422821,6000000075405071870,Liang Xinde
Q45422824,6000000075405087897,Wu Ziqin
Q45423032,6000000075405364822,Shi Jujian
Q45424054,6000000075405007023,Ge Qigeng
Q45424055,6000000075405305898,Ge Shaoti
Q45424059,6000000075405336846,Gui Xisun
Q45424070,6000000075405268926,Zhang Jingshan
Q45424071,6000000075404963962,Zhang Zhongkuo
Q45424084,6000000075405399835,Wang Zhengsi
Q45424086,6000000075405252920,Guo Zhenqing
Q45424087,6000000075405364879,Yang Ding
Q45424089,6000000075404957029,Zhang Daogu
Q45424091,6000000075405445846,Du Shiyi
Q45424093,6000000075405377860,Xie Jing
Q45424094,6000000075405414823,Wang Zui
Q45424099,6000000075405277908,Lang Ye
Q45424101,6000000075405230929,Li Jike
Q45424105,6000000075405440828,Li Zhiyan
Q45424109,6000000075405164990,Li Xiaolong
Q45424110,6000000075405088073,Li Ruchi
Q45424112,6000000075404921071,Li Tao
Q45424114,6000000075404565261,Li Deng
Q45424115,6000000075404777253,Li Tingzhong
Q45424119,6000000075405468830,Li Congzhou
Q45424140,6000000075405390875,Li Yuangang
Q45424142,6000000075405053056,Li Yuanying
Q45424159,6000000075404861066,Lian Bu
Q45424162,6000000075405123002,Lin Zhi
Q45424164,6000000075405477847,Lin Zhengda
Q45424171,6000000075405413846,Lin Deng
Q45424172,6000000075405472843,Lin Han
Q45424175,6000000075405248966,Lin Shangren
Q45424181,6000000075404737172,Liu Zhen
Q45424183,6000000075405431909,Liu Han
Q45424186,6000000075404988015,Liu Yi
Q45424201,6000000075405059008,Ying Miming
Q45424547,6000000075405813824,Li A
Q45424670,6000000075415358838,Ao Qingzhi
Q45424678,6000000075406569850,Jiang Mu
Q45424682,6000000075415699876,Yuan Shou
Q45424685,6000000075415874514,Chen Ji
Q45424686,6000000075415790882,Zhang Shao
Q45424696,6000000075406346920,Jiang Yin
Q45424699,6000000075419003906,Lu Dake
Q45424703,6000000075414955382,Tang Shuquan
Q45424708,6000000075415915861,Liu Qi
Q45424711,6000000075417231623,Wu Jing
Q45424712,6000000075415692848,Wang Jiucheng
Q45424721,6000000075416789882,Wang Xu
Q45424725,6000000075405931147,Hou Qufei
Q45424731,6000000075407518087,Yuan Chucai
Q45424735,6000000075418882828,Xiao Xun
Q45424737,6000000075418850044,Wang Shen
Q45424742,6000000075415750861,Dai Yilu
Q45424749,6000000075418321966,Zhang Kang
Q45424753,6000000075415530946,Dai Duanshu
Q45424760,6000000075406596847,Li Zhun
Q45424763,6000000075416866835,Nie Bojian
Q45424765,6000000075416880050,Liu Shunchen
Q45424766,6000000075416369834,Fu Yan
Q45424770,6000000075416642877,Yu Feng
Q45424771,6000000075407933913,Yuan Zhongxian
Q45424774,6000000075414353260,Li Sanping
Q45424775,6000000075415874508,Lai Sichang
Q45424783,6000000075415835849,Li Hao
Q45424794,6000000075415741825,Mao Tianyou
Q45424799,6000000075406537889,Zhang Zhong
Q45424805,6000000075417266868,Yuan Ping
Q45424807,6000000075416648834,Li Jin
Q45424809,6000000075408042874,Yuan Xiang
Q45424811,6000000075415125939,Li Zhi
Q45424812,6000000075418288105,Yao E
Q45424813,6000000075419094891,Sun Yanzhao
Q45424829,6000000074729037239,Liu Yan
Q45424832,6000000075415121046,Qiao Cilong
Q45424842,6000000075406569902,Xue Jian
Q45424847,6000000075417312853,He Zongshi
Q45424851,6000000075416403998,Xue Yixin
Q45424856,6000000075419158900,Zhi Hong
Q45424867,6000000075415830855,Chen Zukai
Q45424874,6000000075419514823,Lin Xiaobo
Q45424875,6000000075415348915,Wang Yuanyu
Q45424885,6000000075416165945,Shen Yan
Q45424895,6000000075416556862,Song Jin
Q45424918,6000000075415431901,Du Zhicong
Q45424954,6000000075417901822,Zhang T
Q45424957,6000000075415966849,Shentu Qi
Q45424964,6000000075415455924,Wang Zhizheng
Q45424973,6000000075406116920,Luo Wei
Q45424976,6000000075417310847,Cheng Yu
Q45424982,6000000075415209965,Lou Tongzu
Q45424985,6000000075418372415,Yan Jing
Q45424987,6000000075418309041,Chen Shen
Q45424995,6000000075406342924,Lu Xuanxi
Q45424997,6000000075417504033,Fang Jing
Q45425000,6000000075415147193,Jiang Fuli
Q45425003,6000000075419464843,Han Changguo
Q45425006,6000000075415615896,Li Yuansong
Q45425011,6000000075406398939,Tian Yu
Q45425012,6000000075415831340,Yang Guiyi
Q45425013,6000000075416176902,Yuan Gui
Q45425022,6000000075415245909,Shi Zhan
Q45425024,6000000075419311845,Zheng Pengnian
Q45425027,6000000075408059858,Zhao RuA
Q45425033,6000000075418558247,Qu Shide
Q45425038,6000000075417786865,Bo Yan
Q45425043,6000000075419417867,Chen Zhang
Q45425047,6000000075415544927,Dong Dashou
Q45425052,6000000075406286025,Zhou Dingci
Q45425059,6000000075407366056,Tang Jue
Q45425062,6000000075418500982,Shi Gai
Q45425068,6000000075418742895,Zheng Yan
Q45425074,6000000075417150871,Shi Guan
Q45425075,6000000075419286910,Pei Weifu
Q45425081,6000000075417883847,Gao Xiu
Q45425085,6000000075419229942,Lin Hui
Q45425089,6000000075415681875,Guo E
Q45425093,6000000075406401990,Zhou Dingmin
Q45425097,6000000075415623119,Yan Nai
Q45425102,6000000075417325837,Yang Zi
Q45425115,6000000075417140871,Wu Zhenqing
Q45425119,6000000075414819406,Yang Shuxin
Q45425122,6000000075417904833,Fang Zhicai
Q45425125,6000000075418842901,Wang Zeyou
Q45425133,6000000075406679822,Zhou Bo
Q45425142,6000000075406535867,Sun Shu
Q45425145,6000000075419166836,Song Shiben
Q45425153,6000000075418351875,Zhu Jin
Q45425158,6000000075416431150,Feng Gang
Q45425160,6000000075418411073,Chen Yi
Q45425163,6000000075415777859,Lin Yuan
Q45425164,6000000075406262929,Lu Sun
Q45425166,6000000075417585052,Cheng Xianfu
Q45425168,6000000075419046823,Wu Yang
Q45425169,6000000075419379942,Lu Ji
Q45425170,6000000075415617829,Huang Zhengmeng
Q45425178,6000000075416128975,Zhu Liji
Q45425185,6000000075406292954,Ye Yi
Q45425201,6000000075417134880,Fan Zhongli
Q45425204,6000000075418710881,Chen Xi
Q45425206,6000000075415681922,Wang Yingxiang
Q45425207,6000000075406500839,Lu Yinglong
Q45425211,6000000075419023839,Xu Qiao
Q45425214,6000000075415329078,Huang Zhengxu
Q45425215,6000000075414959246,Li Yuanqi
Q45425219,6000000075406347994,Zhou Yu
Q45425221,6000000075415456230,Wang Lei
Q45425249,6000000075415042201,Bao Wei
Q45425255,6000000075415226051,Huang Zhengshi
Q45425256,6000000075415263083,Zhang Nanqi
Q45425259,6000000075406454014,Zhou Chong
Q45425261,6000000075415723107,Chen Xinian
Q45425262,6000000075416582979,Ding Xian
Q45425274,6000000075416040195,Wu Mingong
Q45425275,6000000039009324330,Yin Dongmei
Q45425290,6000000075415737863,Jiang Yi
Q45425293,6000000075415536085,Dong Jijie
Q45425299,6000000075406496962,Zhou Zhen
Q45425302,6000000075415759118,Chen Pu
Q45425306,6000000075406496841,Lv Yuanzhong
Q45425311,6000000075406533841,Shen Chang
Q45425317,6000000075416549875,Yu Qi
Q45425318,6000000075419151902,Ren Xiji
Q45425320,6000000075418696980,Zhou Ziqian
Q45425334,6000000075415531048,Ji Shu
Q45425337,6000000075415682025,Yue Gu
Q45425339,6000000075418822946,Man Wenqing
Q45425344,6000000075406599857,Zhou Fangxiong
Q45425350,6000000075415926109,Xu Yingchong
Q45425353,6000000075419320918,Chen Xianyi
Q45425360,6000000075418914000,Zhang Dalin
Q45425363,6000000075418878846,Hu Wenbo
Q45425366,6000000075416861921,Ma Yongzhou
Q45425374,6000000075415826862,Shen Yu
Q45425375,6000000075417468106,Wang Tong
Q45425377,6000000075414893414,Chen Shi
Q45425379,6000000075418876951,Wu Xixiang
Q45425384,6000000075406252069,Zhou Jike
Q45425391,6000000075416273822,Cheng Bing
Q45425396,6000000075417318874,Yuwen Gang
Q45425398,6000000075418968973,Wu Yongzhi
Q45425399,6000000075405925070,Lu Xuanji
Q45425400,6000000075415401881,Hu Yizhi
Q45425407,6000000075417179846,Liu Changsun
Q45425412,6000000075419367841,Liu Yi
Q45425417,6000000075415451026,Zhu Quan
Q45425419,6000000075415923874,Wu Ruzhai
Q45425425,6000000075415480903,Zhou Gao
Q45425426,6000000075406571888,Wu Guan
Q45425429,6000000075416710923,Guo Caiqing
Q45425437,6000000075419414878,Chen Yu
Q45425439,6000000075417332864,Li Ji
Q45425440,6000000075419002897,Li Jing
Q45425442,6000000075415417844,Wang Yue
Q45425444,6000000075418832869,Cheng Tingjun
Q45425449,6000000075416653082,Du Jian
Q45425454,6000000075419421839,Liu Fengming
Q45425464,6000000075419056822,Lu Wei
Q45425471,6000000075416275887,Wu Xingzu
Q45425478,6000000075406477862,Guo Zhigu
Q45425482,6000000075417389822,Zhang Ji
Q45425484,6000000075406202916,Lu Jun
Q45425485,6000000075414679229,Qiao Shimin
Q45425491,6000000075416847968,Wu Chengyou
Q45425493,6000000075419203925,Fang Zeng
Q45425496,6000000075405757193,Ma Ziyan
Q45425506,6000000075418885888,Yu Liu
Q45425513,6000000075416190954,Wu Shouzu
Q45425514,6000000075416744878,Xu Anqi
Q45425521,6000000075406400936,Guo Zhiwei
Q45425522,6000000075419342937,Pan Zhen
Q45425526,6000000075414392751,Zhao Xun
Q45425528,6000000075419286842,Liu Shimeng
Q45425529,6000000075417821229,Huang E
Q45425534,6000000075417136888,Wu Tan
Q45425547,6000000075419075822,Fang Zhu
Q45425551,6000000075415769822,Ding Yongzhong
Q45425554,6000000075415873967,Wu Qingzu
Q45425556,6000000075416755883,Huang Zhongli
Q45425559,6000000075415524184,Zhai Dounan
Q45425562,6000000075405537318,Guo Zhizhang
Q45425568,6000000075414916128,Sun Chi
Q45425569,6000000075419165936,Gong Kangren
Q45425574,6000000075417150888,Wang Zheng
Q45425585,6000000075418849963,Chen Yongsi
Q45425591,6000000075414819316,Zhou Zongyuan
Q45425594,6000000075416365874,Wu Rongzu
Q45425599,6000000075416035941,Sheng Zhu
Q45425601,6000000075405802036,Guo Zhirou
Q45425605,6000000075417275883,Tang Ziang
Q45425615,6000000075416838051,Feng Weiju
Q45425617,6000000075419396869,Zhang Si
Q45425620,6000000075418539943,Li Ran
Q45425634,6000000075415716856,Du Guangchao
Q45425635,6000000075416266904,Li Shi
Q45425642,6000000075415725197,Hu Shenzhi
Q45425645,6000000075406395934,Guo Zhishi
Q45425647,6000000075416914068,Cheng Bian
Q45425653,6000000075418696987,Ma Yu
Q45425659,6000000075417182863,Qian Zhengqing
Q45425660,6000000075417964553,Wang Xiong
Q45425670,6000000075415808968,Chen Chu
Q45425672,6000000075418859866,Wang Pang
Q45425675,6000000075414869226,Sun Zhou
Q45425679,6000000075415778831,Xu Yingqiu
Q45425680,6000000075415871996,Liu Mengzhi
Q45425686,6000000075414960297,Zhang Xinchen
Q45425690,6000000075419530835,Lu Kai
Q45425691,6000000075416593254,He Xun
Q45425693,6000000075418662053,Zhang Fei
Q45425697,6000000075418849855,Yao Yan
Q45425701,6000000075417080913,Feng Buzhi
Q45425712,6000000075416006849,Gui Jiansi
Q45425715,6000000075417477270,Liu Tangqin
Q45425718,6000000075415621838,Liu Dian
Q45425719,6000000075415450963,Jiang You
Q45425724,6000000075416867855,Zhao Gou
Q45425731,6000000075419541823,Chen Sheng
Q45425734,6000000075419185879,Wang Rong
Q45425738,6000000075418830881,Zou Xixie
Q45425752,6000000075415757889,Shen Duanchen
Q45425754,6000000075415683915,Zhang Gui
Q45425756,6000000075418141965,Jiao Xi
Q45425759,6000000075415278096,Qian Yu
Q45425760,6000000075415282031,Ji Yun
Q45425763,6000000075405898166,Zhang Chen
Q45425764,6000000075416828839,Zhao Kui
Q45425770,6000000075405924186,Zheng Lie
Q45425774,6000000075419174861,Wang Hao
Q45425777,6000000075419327825,Bei Yun
Q45425782,6000000075417081925,Wang Zhan
Q45425791,6000000075411899057,Yuan Wei
Q45425793,6000000075415764941,Zhang Kai
Q45425794,6000000075415722945,Chu Jiao
Q45425797,6000000075418204912,Jia Yi
Q45425803,6000000075406513927,Cui Xian
Q45425805,6000000075415967261,Zhao Yuan
Q45425809,6000000075406544871,Zheng Xun
Q45425814,6000000075418720133,Liao Minde
Q45425819,6000000075407181835,Song Qingzhi
Q45425830,6000000075418470999,Liu Kui
Q45425835,6000000075414943271,Fang Kerou
Q45425836,6000000075415920876,Qi Ye
Q45425846,6000000075406635888,Wang Benxu
Q45425848,6000000075416556007,Zhao Qiu
Q45425851,6000000075406619822,Zheng Ran
Q45425857,6000000075419239836,Wu Yue
Q45425860,6000000075419142921,Zhang Tinggan
Q45425866,6000000075414253062,Zheng Sizong
Q45425867,6000000075417116943,Gao Chengji
Q45425868,6000000075416423968,Wu Cheng
Q45425873,6000000075418690881,Liu Sui
Q45425876,6000000075415285071,Gao Yiqian
Q45425877,6000000075415910901,Chen Shigao
Q45425882,6000000075416206923,Chen Wei
Q45425883,6000000075417497050,Zhu Xun
Q45425888,6000000075416404095,Zhao Zun
Q45425891,6000000075416189877,Yu Yi
Q45425892,6000000075406571853,Zheng Xiong
Q45425895,6000000075417241910,Liao Shixiang
Q45425897,6000000075419175864,Li Xin
Q45425901,6000000075418667967,Li Xi
Q45425906,6000000075417241824,Zhao Changling
Q45425907,6000000075414392107,Zhang Sixu
Q45425908,6000000075416594876,Wang Xie
Q45425912,6000000075419256926,Wu Liang
Q45425913,6000000075418464985,Huang Shi
Q45425916,6000000075415575970,Chen Fubi
Q45425917,6000000075415550111,Fu Zhi
Q45425919,6000000075417496296,Wang Jian
Q45425924,6000000075417737939,Zhu Renmei
Q45425926,6000000075406478933,Zhang Anlao
Q45425928,6000000075416898848,Yang Qingji
Q45425932,6000000075416240865,Zhou Jing
Q45425933,6000000075406444954,Zheng Zhao
Q45425936,6000000075417200970,Du Xiufu
Q45425947,6000000075417064860,Xu Yuanbao
Q45425948,6000000075414156176,Hu Yuanqing
Q45425949,6000000075416746822,Zhang Zhili
Q45425952,6000000075419248945,Li Tong
Q45425954,6000000075415359125,Feng Weixin
Q45425957,6000000075418396833,Zhang Zhi
Q45425965,6000000075406506921,Shi Qianmu
Q45425967,6000000075416778864,Zhang Ziming
Q45425969,6000000075415940997,Xu Yunlao
Q45425971,6000000075406343966,Chen Ying
Q45425973,6000000075415747835,Zhu Dian
Q45425975,6000000075417316855,Xu Jun
Q45425983,6000000075407201822,Song Guo
Q45425986,6000000075417130875,Lin Chongguo
Q45425987,6000000075414870841,Fan Xin
Q45425988,6000000075416749822,Jiang Gongheng
Q45425991,6000000075419275964,Liu Zaiyong
Q45426012,6000000075416875847,Zhang Fu
Q45426017,6000000075417183926,Li Yin
Q45426027,6000000075416637044,Gao Fu
Q45426030,6000000075414917822,Lin Xie
Q45426039,6000000075415493094,Shen Da
Q45426042,6000000075417301578,Lin Pengnian
Q45426044,6000000075415584244,Lu Qinglong
Q45426047,6000000075417241206,Jiang Xiu
Q45426054,6000000075416346895,Huang Yuan
Q45426057,6000000075419431874,Ma Chongyi
Q45426058,6000000075417266922,Zhang Bozun
Q45426061,6000000075418756093,Zhou Nan
Q45426070,6000000075415376933,Zhao Jing
Q45426074,6000000075416666845,Zhu Liang
Q45426080,6000000075415564936,Chen Ju
Q45426081,6000000075415622991,Gu Xiang
Q45426082,6000000075418045980,Wang Ding
Q45426083,6000000075418852946,Hu Lian
Q45426085,6000000075416443822,Jiang Chen
Q45426088,6000000075417904888,Chen Yi
Q45426096,6000000075416703958,Lv Chunnian
Q45426100,6000000075415071253,Chen Qian
Q45426101,6000000075417115988,Cui Junping
Q45426107,6000000075418614940,Chen Dan
Q45426112,6000000075414832221,Zhao Song
Q45426118,6000000075418997079,Ling Zhan
Q45426121,6000000075415810988,Cai Xun
Q45426123,6000000075419075843,Xue Yi
Q45426125,6000000075416288885,Wang Yansi
Q45426138,6000000074701405002,Lou Meng
Q45426142,6000000075419134879,Wu Minxiu
Q45426152,6000000075415054070,Xin Quan
Q45426159,6000000075419065005,Wang Lianggong
Q45426163,6000000075418483823,Wang Yingchen
Q45426178,6000000075419213015,Qiu Gui
Q45426181,6000000075415788827,Zheng Gui
Q45426182,6000000075417275916,Yuan Jun
Q45426183,6000000075418975008,Fu Gun
Q45426185,6000000075419134971,Ren Baochen
Q45426191,6000000075418309087,Li Cai
Q45426195,6000000075414959136,Zeng Yan
Q45426202,6000000075419454822,Qu Zi
Q45426203,6000000075418766854,Ou Jian
Q45426217,6000000051565884944,Li Xiyu
Q45426220,6000000075419234975,Huang Zuo
Q45426221,6000000075415719845,Lou Shao
Q45426223,6000000075416920876,Yuan Xi
Q45426232,6000000075418900861,Xu Xiaoguang
Q45426244,6000000075418793828,Liu Jian
Q45426246,6000000075415805873,Shi Zuo
Q45426248,6000000075418174214,Dou Gao
Q45426261,6000000075419270009,Guo Rixiu
Q45426274,6000000075417189877,Rong Andao
Q45426281,6000000075416368012,Ren Tianshou
Q45426287,6000000075415581945,Gui Pu
Q45426290,6000000075418558081,Tao Guang
Q45426301,6000000075406669863,Xin Youzhi
Q45426304,6000000075419194038,Guo Xian
Q45426313,6000000075418411124,Lu Gang
Q45426314,6000000075411170485,Weng Yongnian
Q45426318,6000000075414579971,Ding Siyan
Q45426323,6000000075416717853,Liu Feng
Q45426329,6000000075415604969,Zhang Rong
Q45426332,6000000075414832551,Zhao Jie
Q45426336,6000000075416258953,Liu Fu
Q45426346,6000000075406400946,Wang Chen
Q45426351,6000000075418508194,Wang Yan
Q45426356,6000000075418950822,Ye Zhengji
Q45426361,6000000075414637949,Wang Juyin
Q45426366,6000000075415725422,Zhang Ben
Q45426368,6000000075418823847,Hu Yu
Q45426369,6000000075415631949,Shen Weizeng
Q45426372,6000000075415446147,Yang Ji
Q45426375,6000000075416396854,Wang Shuquan
Q45426384,6000000075406412933,Jiang Min
Q45426408,6000000075418739896,Zhou Fan
Q45426411,6000000075414976311,Gao Jian
Q45426415,6000000075418174219,Ye Shu
Q45426418,6000000075416200963,Xu Ji
Q45426433,6000000075417126051,Zhang Yin
Q45426443,6000000075416807016,Li Binwang
Q45426447,6000000075415164994,Zhu Guinian
Q45426457,6000000075419113823,Zhang Youzhi
Q45426459,6000000075416372858,Gui Nansheng
Q45426469,6000000075405640020,Zhan Yaomu
Q45426476,6000000075419296862,Lu Zhang
Q45426480,6000000075418427126,Li Yuan
Q45426487,6000000075415367990,Chen Zhongfu
Q45426489,6000000075416541932,Yang Bao
Q45426493,6000000075417580177,Cen Rang
Q45426494,6000000075415719049,Guo Jun
Q45426498,6000000075419072861,Shen Bangda
Q45426506,6000000075416813897,Wu Dashou
Q45426507,6000000075406378939,Han Gongfu
Q45426516,6000000075417159990,Li Baoguang
Q45426518,6000000075418995982,Wu Yaozuo
Q45426520,6000000075416256839,Xu Qi
Q45426521,6000000075418808898,Liu Jinqing
Q45426528,6000000075406979971,Wang Tingjian
Q45426530,6000000075415194012,Wu Zun
Q45426532,6000000075416769822,Liu Gui
Q45426535,6000000075418196987,Wang Jie
Q45426537,6000000075416057825,Wang Gong
Q45426541,6000000075419009865,Wu Jushi
Q45426547,6000000075416905854,Li Tan
Q45426549,6000000075406201078,Zhao Fang
Q45426560,6000000075418975111,Yang Rulin
Q45426565,6000000075415411942,Yan Zhongyou
Q45426575,6000000075418307947,Rong Cundao
Q45426578,6000000075415536104,Wang Congpei
Q45426580,6000000075419041876,Wu Jugong
Q45426583,6000000075419124997,Liu Qi
Q45426598,6000000075418276320,He Yuan
Q45426605,6000000075406015501,Shi Zongben
Q45426609,6000000075415527890,Wu Jie
Q45426615,6000000075415825363,Zhang Congyu
Q45426622,6000000075419133822,Ye Jun
Q45426623,6000000075416262900,Yan Luan
Q45426627,6000000075418014822,Chao Zizhi
Q45426634,6000000075405187406,Guo Dunyuan
Q45426637,6000000075415805822,Hong Cao
Q45426646,6000000075418437121,Li Juzheng
Q45426649,6000000075416333262,Zhou Xie
Q45426650,6000000075406881074,Jiang Ruiyi
Q45426651,6000000075415603874,Fang Fu
Q45426658,6000000075418690889,Huang Weiping
Q45426665,6000000075416430845,Yao Duancheng
Q45426669,6000000075417872886,Chao Shunzhi
Q45426673,6000000075406070124,Zhao Yan
Q45426679,6000000075414895294,Yan Jizi
Q45426681,6000000075419207949,Yu Bing
Q45426688,6000000075414845878,Zhang Lin
Q45426689,6000000075417048878,Zhang Youzhi
Q45426691,6000000075406738188,Shi Daoji
Q45426693,6000000075415603879,Yan Fuzhi
Q45426701,6000000075414817544,Jiang Gui
Q45426704,6000000075418321978,Hu Zhiyan
Q45426706,6000000075416377847,Chen Chong
Q45426709,6000000075417444099,Wang Zhongbo
Q45426711,6000000075416870919,Wang Xiao
Q45426719,6000000075415017308,Xu Zan
Q45426722,6000000075418756100,Huang Tuo
Q45426723,6000000075417580624,Zhu Gu
Q45426732,6000000075416333267,Gao Zhao
Q45426737,6000000075415302956,Yang Kaoshu
Q45426738,6000000075406995967,Shi Daoqian
Q45426739,6000000075416428088,Kang Min
Q45426743,6000000075416015885,Xu Xiang
Q45426747,6000000075419114838,Shen Yunying
Q45426754,6000000075416877851,Shi Heng
Q45426763,6000000075418807054,Xia Rong
Q45426767,6000000075419208977,Gao Xi
Q45426769,6000000075416155905,Xu Deyu
Q45426781,6000000075418405881,Su Yong
Q45426782,6000000075415465113,Li Hanzhong
Q45426787,6000000075415377166,Xu Nan
Q45426789,6000000075419086825,Shi Hui
Q45426795,6000000075412487834,Yang Zhizhi
Q45426804,6000000075418998942,Chen Ze
Q45426806,6000000075419341994,Huang Shiyong
Q45426811,6000000075416028913,Hu Qi
Q45426818,6000000075418944825,Pan Qian
Q45426824,6000000075417263517,Liu Minxiu
Q45426830,6000000075415707898,Lin Du
Q45426835,6000000075416165959,Lu Shen
Q45426838,6000000075412284917,Yao Xiaoxi
Q45426841,6000000075406727836,Lv Fuxiu
Q45426847,6000000075419029934,Yuan Yizhong
Q45426848,6000000075419466884,Zhu Zhong
Q45426849,6000000075419176937,Wang Duanqing
Q45426878,6000000075416393868,An Chong
Q45426880,6000000075417231210,Meng An
Q45426881,6000000075411170497,Yan Can
Q45426886,6000000075406573874,Yang Zhan
Q45426890,6000000075419281822,Jiang Yuan
Q45426891,6000000075419446853,Chen Daya
Q45426892,6000000075419203889,Gao Shiyan
Q45426899,6000000075417087919,Huang Minzhong
Q45426913,6000000075415432014,Chen Ding
Q45426928,6000000075406591868,Yang Lu
Q45426931,6000000075418979968,Han Shiyao
Q45426932,6000000075415021232,Gu Yinglong
Q45426934,6000000046864701158,Fan Dacong
Q45426937,6000000075416822158,Shi Gui
Q45426939,6000000075414646009,Wang Kechang
Q45426945,6000000075416400978,Ma Xu
Q45426948,6000000075418573958,Liu Pu
Q45426952,6000000075415986877,Zhang Cun
Q45426956,6000000075415861876,Cao Jing
Q45426965,6000000075412467835,Yu Gui
Q45426967,6000000075416656032,Wu Shizhong
Q45426973,6000000075415370945,Dai Yi
Q45426976,6000000046864989085,Fan Dagui
Q45426980,6000000075414892887,Liu Anzheng
Q45426987,6000000075407092836,Shi Wenying
Q45426988,6000000075416758829,Wang Shiwen
Q45426990,6000000075418787843,Liu Sangu
Q45426995,6000000075415871893,Zhang Fu
Q45427005,6000000075416036052,Chen Yijian
Q45427017,6000000075415692863,Wu Jue
Q45427019,6000000075419369829,Zhu Shengzhi
Q45427023,6000000075414637992,Zhou Yan
Q45427024,6000000075416649071,Li Mou
Q45427037,6000000075415815012,Guo Rujia
Q45427045,6000000075419463823,Guo Tangqing
Q45427047,6000000075416180990,He Zhide
Q45427048,6000000075418018823,Pan Xing
Q45427059,6000000075415588923,Chen Jingjie
Q45427061,6000000075419165964,Yang Xianmin
Q45427064,6000000075416196836,Sun Jing
Q45427065,6000000075414958831,Yu Hang
Q45427066,6000000075416982027,Liu Gong
Q45427072,6000000075418616978,Huang Yanzhi
Q45427076,6000000075415661169,Zhao Yuan
Q45427086,6000000075419473822,Shi Jizu
Q45427091,6000000075417673038,Wang Zhen
Q45427097,6000000075411449357,Yue Leifa
Q45427103,6000000075415747840,Liu Zhi
Q45427105,6000000075419169902,Kou Zhongjian
Q45427108,6000000074564521997,Hu Dan
Q45427110,6000000074688181863,Zhao Zongjie
Q45427116,6000000075418538970,Lin Gongrong
Q45427118,6000000075418773892,Li An
Q45427120,6000000075415338190,Zhang Bochang
Q45427126,6000000075418839948,Zhou Peng
Q45427132,6000000075418011833,Chu Chong
Q45427147,6000000075419297878,Guan Ke
Q45427148,6000000075405011559,Jiang Jianneng
Q45427158,6000000075415492915,Zhang Chunhou
Q45427159,6000000075418306889,Li Zhen
Q45427173,6000000075417986857,Zhou Xin
Q45427174,6000000075419303901,Cao Ju
Q45427182,6000000075406745822,Wang Lin
Q45427185,6000000075415757859,Liu Mingong
Q45427188,6000000075419179994,Liu Xiong
Q45427190,6000000075417161956,Mei Gong
Q45427202,6000000075416367027,Wang Wenjian
Q45427204,6000000075415403964,Zhang Quanling
Q45427206,6000000075418739901,Zhang Yinglong
Q45427211,6000000075415559822,Weng Hao
Q45427220,6000000075416477822,Zhang Zhishao
Q45427221,6000000075416959822,Zhang Anshi
Q45427229,6000000075415461004,Yang Zongyuan
Q45427232,6000000075419179999,Shen Longsi
Q45427244,6000000075416843027,Liu Andao
Q45427246,6000000075416735867,Zhou Zhiqing
Q45427250,6000000075418197138,Huang Yingxiang
Q45427254,6000000075415438861,Qian Qi
Q45427263,6000000075418980067,Qian Qingxiang
Q45427266,6000000075416955828,Li Kui
Q45427273,6000000075419044898,Zhang Guan
Q45427274,6000000075415745862,Chen Yue
Q45427276,6000000075419207914,Ding Xun
Q45427280,6000000075419579823,Chen Qiqi
Q45427285,6000000075417111929,Zhang Chengxi
Q45427294,6000000075418695918,Lv Anben
Q45427296,6000000075414916333,Zheng Zonglu
Q45427297,6000000075414897186,Chen Zhongda
Q45427298,6000000075419054864,Du Xi
Q45427305,6000000075419058081,Xiong Mou
Q45427317,6000000075418738055,Yi Ruzhang
Q45427318,6000000075415619919,Wang Jin
Q45427328,6000000075417165921,Zhang Chengkan
Q45427333,6000000075418433909,Lv Biqiang
Q45427342,6000000075419134836,Shu Kanglao
Q45427347,6000000075417940830,Zhang Fu
Q45427348,6000000075419380882,Liu Dan
Q45427350,6000000075416365909,Zhao Ke
Q45427357,6000000075418781052,Zhang Liu
Q45427359,6000000075415809841,Mo Dehe
Q45427374,6000000075418185925,Li Dechong
Q45427378,6000000075415485928,Bao Xian
Q45427391,6000000075416796950,Cheng Yizheng
Q45427394,6000000039000476013,Pu Yanxi
Q45427400,6000000075415525919,Hu Kui
Q45427402,6000000075418950082,Zhu Xun
Q45427409,6000000075415226348,Cai Yi
Q45427414,6000000075407687859,Wu Ke
Q45427416,6000000075417879053,Fu Shi
Q45427422,6000000075415682080,Su Bing
Q45427426,6000000075418985900,Zhang Lan
Q45427435,6000000075416761928,Cheng Yifa
Q45427438,6000000039000083420,Hu Zhang
Q45427441,6000000075407553849,Zeng Jili
Q45427446,6000000075419393822,Zhu Zhengchen
Q45427449,6000000075416637156,Yong Ji
Q45427451,6000000075416038002,Cao Sui
Q45427452,6000000075419520868,Song Ren
Q45427453,6000000075413798416,Tang Cui
Q45427458,6000000075415874421,Yao Zong
Q45427462,6000000075418625941,Qin Gongjin
Q45427464,6000000075415764957,Qian Xin
Q45427465,6000000075416110839,Lou Yansheng
Q45427466,6000000075414869267,Wang Tingshi
Q45427467,6000000075415534847,Wang Youzhi
Q45427469,6000000075418851945,Zhang Zao
Q45427476,6000000075419194015,Zhang Congxun
Q45427479,6000000075416872920,Cheng Yijian
Q45427486,6000000075419205842,Xin Jianzhi
Q45427494,6000000075415900995,Zhou Yanlao
Q45427497,6000000075418578310,Tian Yun
Q45427498,6000000075413845405,Wang Ran
Q45427501,6000000075417984069,Dong Gui
Q45427503,6000000075418830911,Yuan Yi
Q45427505,6000000075418839829,Cheng Shi
Q45427515,6000000075419428861,Li Zongliang
Q45427521,6000000075416209158,Cheng Yiyi
Q45427528,6000000075418793042,Pan Yuanming
Q45427529,6000000075415702904,Zhang Zi
Q45427534,6000000075417477825,Li Lin
Q45427540,6000000075419470869,Shi Yue
Q45427541,6000000075414734981,Wu Xiunian
Q45427544,6000000075418332880,Ma Shaocheng
Q45427550,6000000075418858834,Liu Jindao
Q45427562,6000000075419406888,Zhang Bao
Q45427571,6000000075406477969,Wen Weishen
Q45427574,6000000075419208924,Zhang Kecheng
Q45427575,6000000075415614866,Qian Shaoqian
Q45427584,6000000075414946860,Xu Zhen
Q45427587,6000000075418556822,Lv Dechong
Q45427588,6000000075416779835,Zhao Shen
Q45427595,6000000075415841883,Li Tinglong
Q45427597,6000000075416190824,Shen Song
Q45427598,6000000075415126103,Dong Liu
Q45427601,6000000075418773969,Lin Shikong
Q45427604,6000000075419479835,Zhang Congque
Q45427611,6000000075406544931,Li Cao
Q45427616,6000000075419059923,Liu Cheng
Q45427629,6000000075416728869,Fan Ju
Q45427638,6000000075416129843,Cao Yanfu
Q45427644,6000000075419134843,Lin Bing
Q45427648,6000000075419465841,Wang Junhuang
Q45427655,6000000075407599822,Zuo Ying
Q45427669,6000000075419481862,Guo Shiyu
Q45427670,6000000075417202884,Yu Xiaogong
Q45427672,6000000075416671868,Zhang Anzu
Q45427686,6000000075418462216,Gao Yan
Q45427697,6000000075406046659,Du Rulin
Q45427708,6000000075416330822,Zhang Xuanheng
Q45427709,6000000075413798454,Xia Ding
Q45427710,6000000075419385933,Sun Shao
Q45427719,6000000075415874503,Zhang Xiaoguang
Q45427729,6000000075418457130,Lin Yizhi
Q45427737,6000000075417033855,Li Duanqing
Q45427746,6000000075415718880,Cheng Xi
Q45427752,6000000075414652958,Fang Shugong
Q45427755,6000000075419474904,Zhang Dunyu
Q45427758,6000000075417120148,Wu Bao
Q45427764,6000000075418206091,Shi Ji
Q45427789,6000000075415536956,Zhu Ren
Q45427795,6000000075414853904,Hu Gang
Q45427800,6000000075418398990,Xue Fei
Q45427805,6000000075417821183,Shi Ji
Q45427811,6000000075415666825,Song Keming
Q45427813,6000000075406060054,Peng Baichuan
Q45427836,6000000074333283014,Bian Gu
Q45427838,6000000075414929880,Wang Youyuan
Q45427842,6000000075418380984,Su Qi
Q45427843,6000000075416761860,Jia Xingxian
Q45427846,6000000075418743987,Shen Hui
Q45427854,6000000075415433904,Wang Xiang
Q45427855,6000000075406494867,Peng Daya
Q45427874,6000000075415042160,Jiang Dayou
Q45427876,6000000039008925137,Luo Xia
Q45427877,6000000074332997310,Cui Han
Q45427884,6000000075418442926,Wu Zhaofu
Q45427886,6000000075416743849,Li Kui
Q45427890,6000000075418601995,Xu Dading
Q45427897,6000000075415598867,Lu Yun
Q45427900,6000000075415194044,Ye Xiang
Q45427909,6000000075419467846,Chen Wan
Q45427910,6000000075406673837,Han Kenzhou
Q45427918,6000000075419194895,Han Tong
Q45427921,6000000075419182901,Zhang Gui
Q45427922,6000000074333308066,Lu Hu
Q45427928,6000000075418572915,Chen Hui
Q45427929,6000000075416322065,Song Wenhu
Q45427933,6000000075418914844,Yang Pengnian
Q45427940,6000000075415312020,Zhao Xizhen
Q45427943,6000000075419059879,Zhuge Xiao
Q45427946,6000000075417889903,Shi Zhongjian
Q45427949,6000000075416043983,Feng Jin
Q45427951,6000000075406510941,Han Wanzhou
Q45427962,6000000075418831046,Yan Yuanjing
Q45427970,6000000075417075962,Huang Jiahui
Q45427971,6000000075418663838,Zhang Shimin
Q45427972,6000000075416483003,Shao Tong
Q45427974,6000000075406451021,Min Guojun
Q45427976,6000000075418677996,Zhou Su
Q45427980,6000000075415051148,Jiang Jun
Q45427982,6000000075415958918,Ren Fang
Q45427984,6000000075414960075,Huang Mengyu
Q45427996,6000000075406577908,Han Hongzhou
Q45428002,6000000075407719823,Yang Boyan
Q45428008,6000000075419165969,Peng Ru
Q45428015,6000000075417002960,Chen Dafang
Q45428017,6000000075416723872,Pei Yanying
Q45428019,6000000075405874189,Zhou Yuan
Q45428021,6000000075418719973,Zhang Yi
Q45428025,6000000075415810953,Tang Mu
Q45428027,6000000075415683970,Fei Xichao
Q45428028,6000000075415329138,Wang Jian
Q45428039,6000000075416156975,Deng Lin
Q45428041,6000000075406547951,Han Anzhou
Q45428051,6000000075419286905,Xu Jiansun
Q45428057,6000000075417207875,Zhou Xiaosi
Q45428062,6000000075406575897,Fang Kui
Q45428063,6000000075418942888,Xu Yu
Q45428068,6000000075415549034,Hong Gui
Q45428082,6000000075416253932,Huang Huan
Q45428084,6000000075419319936,Ma Di
Q45428085,6000000075406398983,Han Baozhou
Q45428095,6000000075418975133,Wang Chen
Q45428103,6000000075416687938,Song Jie
Q45428107,6000000075418657976,Mo Dashou
Q45428114,6000000075416241822,Cao Nanlao
Q45428118,6000000075418927975,Li Gong
Q45428127,6000000075406646920,Han Changzhou
Q45428132,6000000075416751970,Tang Mu
Q45428137,6000000075417560822,Li Gongluo
Q45428140,6000000075416228860,Lei Zhu
Q45428144,6000000075416732917,Liu Ze
Q45428159,6000000075418989919,Zhu Wengxi
Q45428160,6000000075415071153,Ying Zongdu
Q45428167,6000000075416493822,Chen Shoulong
Q45428171,6000000075406734836,Han Zhuangzhou
Q45428174,6000000075418830983,Wu Ke
Q45428175,6000000075416981969,Yang Zhu
Q45428188,6000000075406543869,Linghu Xun
Q45428200,6000000075415447974,Li Menglong
Q45428201,6000000075418521071,Yan Sijian
Q45428202,6000000075415390920,Yang Ju
Q45428212,6000000075406597916,Han Zhaozhou
Q45428219,6000000074333528849,Zhang Yi
Q45428224,6000000075415791837,Yuan Boqian
Q45428238,6000000075415808909,Zhuge Shoupeng
Q45428241,6000000075415679841,Chen Qi
Q45428245,6000000075417550070,Yu Huan
Q45428254,6000000075406086165,Kong Zongyao
Q45428261,6000000074333176352,Liu Shiwen
Q45428267,6000000075415718886,Zheng Qinchong
Q45428275,6000000075418273076,Shen Zhengbang
Q45428276,6000000075418438044,Zhang Wenli
Q45428281,6000000075415878845,Lin Sisun
Q45428295,6000000075406772822,Tian Fuqing
Q45428296,6000000075419039886,Wu Hu
Q45428299,6000000075407021883,Sun Yi
Q45428307,6000000075415718891,Fu Wen
Q45428312,6000000075416598942,Dong Yu
Q45428315,6000000075418825851,Shen Bing
Q45428323,6000000075415450859,Wang Yun
Q45428329,6000000075416244915,Zheng Xiji
Q45428334,6000000075418521117,Xue Jing
Q45428348,6000000075415442041,Zhou Jingshu
Q45428354,6000000075416374113,Li Xiang
Q45428364,6000000075415485884,Wang Jiezhi
Q45428370,6000000075416494823,Wang Zongyan
Q45428377,6000000075417003924,Xie Gui
Q45428378,6000000075406767063,Dai Zhi
Q45428380,6000000075417381998,Chao Gongrong
Q45428384,6000000075418781115,Li Guanzhi
Q45428387,6000000075416213865,Hu Guan
Q45428392,6000000075414960487,Zhang Jingzhi
Q45428393,6000000075418942896,Yu Ziling
Q45428402,6000000075415522874,Wang Rujia
Q45428407,6000000075416162996,Liu Yuan
Q45428410,6000000075419464834,Lin Rongzhi
Q45428412,6000000075406043082,Su Ruhui
Q45428414,6000000075419287829,Liu Zhizhen
Q45428415,6000000075417052926,Luo Hu
Q45428418,6000000075417484955,Chao Gongcai
Q45428422,6000000075417964545,Wang Wei
Q45428425,6000000075416331842,Zhang Ju
Q45428432,6000000075416662958,Zhang Boqing
Q45428435,6000000075419579853,Wang Zongwang
Q45428442,6000000075415535840,Hu Jin
Q45428448,6000000075416334903,Shen Chen
Q45428451,6000000075415514936,Huang Zhiai
Q45428453,6000000075406338076,Bi Zhongxun
Q45428459,6000000075417454048,Teng Boji
Q45428464,6000000075419168938,Guo Zongdao
Q45428471,6000000075418429973,Xu Yikui
Q45428475,6000000075419495875,Wang Wanzhang
Q45428487,6000000075415239506,Zhang Chen
Q45428490,6000000075415368026,Zhang Fu
Q45428496,6000000075417410035,Zhai Guangbi
Q45428498,6000000075415321842,Pan Zishun
Q45428500,6000000075419010042,Wu Zi
Q45428501,6000000075414679427,Song Ying
Q45428504,6000000075416174946,Sun Bobiao
Q45428505,6000000075416355339,Zhu Shilue
Q45428507,6000000075406537884,Kou Zhongjian
Q45428508,6000000075418517911,Xu Dong
Q45428511,6000000075418408995,Yan Nan
Q45428518,6000000075419181839,Wang Lin
Q45428520,6000000075418293849,Zhang Zhigang
Q45428525,6000000075415576268,Huang Qiu
Q45428527,6000000075414679347,Zhang Yi
Q45428533,6000000075419223832,Wang Ruqing
Q45428534,6000000075415117954,Xu Chong
Q45428542,6000000075418666862,Zhang Hanqing
Q45428548,6000000075407098926,Duan Yinggui
Q45428550,6000000075418720100,Zheng Jingshan
Q45428557,6000000075415917947,Han Chun
Q45428559,6000000075416422870,Zhang Xiong
Q45428561,6000000075415576858,Yuan Yi
Q45428568,6000000075414959032,Zhang Shao
Q45428569,6000000075419058022,Shi Li
Q45428574,6000000075416304824,Qian Zhongbiao
Q45428579,6000000075418812921,Guan Chun
Q45428585,6000000075417962201,Fan Ziyong
Q45428589,6000000039009146549,Wang Yao
Q45428602,6000000075415047891,Zhang Chou
Q45428605,6000000075419279859,Shen Xun
Q45428607,6000000075417304886,Gou Zhu
Q45428608,6000000075415524214,Wang Bodu
Q45428612,6000000075418710985,Yuan Anzhong
Q45428617,6000000075415903891,Liang Huangshang
Q45428618,6000000075419463896,Wang Yanfu
Q45428620,6000000075419087922,Zhang Meng
Q45428643,6000000075417088981,Shi Min
Q45428645,6000000075417259571,Mo Caiyan
Q45428648,6000000075418400007,Shen Kan
Q45428659,6000000075415727134,Yang Zude
Q45428661,6000000075419513822,Fang Guangweng
Q45428663,6000000075415392033,Yang Sicheng
Q45428671,6000000075415272884,Chen Fuzhi
Q45428675,6000000075416343835,Chen Zhongsu
Q45428676,6000000075417182912,Shi Hou
Q45428680,6000000075418276068,Ye Zhengshi
Q45428681,6000000075418865835,Lu Shizhong
Q45428683,6000000075419393989,Wang Yanbi
Q45428684,6000000075418578192,Wang Dun
Q45428692,6000000075415263279,Zhuge Zhi
Q45428700,6000000075415133987,Hu Mengbai
Q45428705,6000000075417231876,Shi Qi
Q45428709,6000000075418775828,Xu Shiju
Q45428710,6000000075418764843,Guo Zhong
Q45428712,6000000075419180124,Wang Yangong
Q45428713,6000000075419004899,Mao Kuo
Q45428715,6000000075415527845,Cao Fu
Q45428717,6000000075416422953,Xie Keshi
Q45428726,6000000075415019018,Hu Mengde
Q45428727,6000000075415670887,Jiang Chuhou
Q45428730,6000000075416042957,Gu Fu
Q45428731,6000000075416735157,Sun Zongyi
Q45428736,6000000075418381079,Gao Chun
Q45428738,6000000075419165862,Yuan Cui
Q45428743,6000000075419381861,Chen Li
Q45428745,6000000075417428977,Zhang Ziding
Q45428746,6000000075415548902,Shu You
Q45428750,6000000075414649210,Zhang Rong
Q45428751,6000000075418820022,Wang Wei
Q45428754,6000000075418983826,Fan Shouqing
Q45428757,6000000075418520973,Zhao Shunxian
Q45428761,6000000075419434880,Wang Gong
Q45428763,6000000075415151088,Fang Kai
Q45428767,6000000075418924843,Chen Ruxue
Q45428769,6000000075418745887,Yang Daheng
Q45428773,6000000075415137211,Shu Shu
Q45428948,6000000075425070975,Li Ruwen
Q45428949,6000000075419380015,Wang Yanhe
Q45428950,6000000075422093968,Tian Jinxian
Q45428952,6000000075419912842,Kong Shunliang
Q45428954,6000000075424373902,Li Gao
Q45428955,6000000075420776831,Wang Daozhen
Q45428956,6000000075420175053,Wang Yuanying
Q45428957,6000000075425034854,Li Kang
Q45428960,6000000075423975985,Zhu Huaiyu
Q45428961,6000000075428783824,Shi Shiheng
Q45428962,6000000075421086904,Wang Ji
Q45428963,6000000075426102193,He Qi
Q45428964,6000000075420987983,Mao Zhifang
Q45428965,6000000075427202837,Lin Shangda
Q45428966,6000000075420405997,Wang Yu
Q45428967,6000000075424470058,Li Jue
Q45428969,6000000075422151848,Ran Zongyuan
Q45428974,6000000075422862896,Jiang Yanqing
Q45428977,6000000075421549933,Tian Wenshan
Q45428978,6000000075424113974,Zhao Yuhuan
Q45428979,6000000075427435859,Zhou Zhen
Q45428980,6000000075422661609,Song Wenzhi
Q45428981,6000000075424474975,Li Geng
Q45428984,6000000075425626935,Li Chengyun
Q45428986,6000000075420655367,Wang Sui
Q45428987,6000000075425962863,Li Miao
Q45428988,6000000075426422829,Lv Ren
Q45428989,6000000075427202085,Zhou Rong
Q45428990,6000000075425920849,Li Bangguang
Q45428991,6000000075425113913,Li Xiong
Q45428992,6000000075427186103,Zhou Deng
Q45428993,6000000075425386908,Liu Yisou
Q45428994,6000000075424622869,Song Jinzhi
Q45428996,6000000075423670822,Zhu Guan
Q45428997,6000000075425909939,Wu Bingcheng
Q45428998,6000000075426214105,He Xianming
Q45428999,6000000075426780273,Zhou Sicheng
Q45429001,6000000075423968832,Ren Liangchen
Q45429002,6000000075426634843,Lv Xishu
Q45429003,6000000075425468346,He Chong
Q45429005,6000000075422942830,Qiu Tangjie
Q45429007,6000000075428665828,Hu Chang
Q45429008,6000000075425651837,Li Ying
Q45429010,6000000075419387966,Wang Yanming
Q45429012,6000000075419447174,Kong Shunsi
Q45429013,6000000075422667294,Song Changzuo
Q45429017,6000000075420593946,Wang Zhongyong
Q45429020,6000000075425055880,Li Yanbi
Q45429023,6000000075421010938,Wang Shiying
Q45429024,6000000075426500050,Lin Jiong
Q45429026,6000000075419926212,Wang Zhongli
Q45429029,6000000075422050912,Wang Guo
Q45429030,6000000075422437906,Bai Zhi
Q45429031,6000000075420008929,Zhao Yuze
Q45429032,6000000075424735946,Shi Zhengning
Q45429033,6000000075426228853,Li Mingfu
Q45429034,6000000075422281009,Qiu Yue
Q45429037,6000000075426417085,Lin Mao
Q45429039,6000000075421458969,Tian Yuanzong
Q45429040,6000000075424003049,Ou Xifan
Q45429041,6000000075427340891,Zhou Yuan
Q45429042,6000000075423071475,Cheng Zi
Q45429044,6000000075424797357,Li Caishu
Q45429046,6000000075426883671,Chai Yuanjin
Q45429047,6000000075420899859,Wang Jiyuan
Q45429050,6000000075427569014,Hong Jian
Q45429053,6000000075427467913,Hong Jiang
Q45429054,6000000075424919966,Li Mei
Q45429057,6000000075426742042,Lin Zili
Q45429060,6000000075427077105,Zhou Yingjiu
Q45429062,6000000075428852902,Hu Yongcun
Q45429065,6000000075426367011,He Shu
Q45429066,6000000075423311833,Zhu Jieqing
Q45429067,6000000075422628960,Zhu Jie
Q45429068,6000000075426614822,Lv Zhi
Q45429070,6000000075428659823,Hu Wei
Q45429071,6000000075425642833,Li Juzhong
Q45429072,6000000075425133931,Li Mao
Q45429074,6000000075421701177,Shui Yuquan
Q45429075,6000000075419702022,Kong Lin
Q45429076,6000000075424381889,Shen Yu
Q45429077,6000000075419984933,Wang Yixiang
Q45429078,6000000075420468842,Wang Guixing
Q45429079,6000000075420733854,Li Shen
Q45429082,6000000075423748065,Wang Xiang
Q45429084,6000000075425043871,Li Yu
Q45429086,6000000075421111843,Wang Linlong
Q45429088,6000000075427206823,Meng Huacheng
Q45429089,6000000075420394008,Wang Zhongli
Q45429092,6000000075422411919,Shi Ruone
Q45429093,6000000075422143850,Fang Wenyi
Q45429094,6000000075419621149,Ge Shouchang
Q45429097,6000000075424980822,Shi Miqing
Q45429098,6000000075422729823,Jiang Ren
Q45429099,6000000075423086866,Jiang Fuxian
Q45429101,6000000075421495822,Mao Xian
Q45429102,6000000075420119529,Shi Dunren
Q45429103,6000000075427483839,Sun Mao
Q45429105,6000000075425143158,Li Desu
Q45429106,6000000075424018961,Wang Menglei
Q45429108,6000000075424449985,Liu Qing
Q45429109,6000000075428800849,Zheng Bizhi
Q45429110,6000000075421106043,Sima Bing
Q45429111,6000000075420895856,Bian Shiduan
Q45429114,6000000075425755893,Li Daofu
Q45429115,6000000075426328870,Lv Jiang
Q45429116,6000000075427611846,Lin Pu
Q45429118,6000000075424677824,Xin Zong
Q45429119,6000000075426868936,Lin Bu
Q45429120,6000000075423371931,Zhu Gongzhi
Q45429123,6000000075427342843,Zhou Tianjun
Q45429124,6000000075426640955,Li Zhongcan
Q45429126,6000000075423835913,Yin Bai
Q45429127,6000000075426627894,Yu Gan
Q45429131,6000000075429084844,Wei Min
Q45429132,6000000075427942092,Hu Jihu
Q45429133,6000000075424848158,Li Yuanbin
Q45429135,6000000075420545716,Wang Kezhen
Q45429136,6000000075425155896,Li Fu
Q45429139,6000000075420444858,Wang Gun
Q45429140,6000000075420012099,Wang Yu
Q45429141,6000000075420434035,Wang Yunwen
Q45429143,6000000075424036867,Zhu Huaijin
Q45429146,6000000075427353282,Xue Feng
Q45429148,6000000075426530088,Lin Yin
Q45429149,6000000075426450076,Zhang Tunan
Q45429151,6000000075420519915,Wang Ruo
Q45429152,6000000075421331822,Wang Jie
Q45429154,6000000075422466874,Bai Ziyi
Q45429155,6000000075422123866,Tian Siqin
Q45429156,6000000075426289822,Wu Shigu
Q45429157,6000000075419929946,Wang Yi
Q45429158,6000000075422718848,Jiang Ren
Q45429160,6000000075424718951,Shi Miguang
Q45429161,6000000075422826014,Zhu Jie
Q45429162,6000000075426680043,Lin Lue
Q45429164,6000000075420656450,Tian Huayu
Q45429165,6000000075427059048,Zhou Dingchen
Q45429167,6000000075424343834,Du Song
Q45429171,6000000075428642896,Li Jianzhi
Q45429173,6000000075421110997,Wang Jifu
Q45429174,6000000075424040158,Li Ji
Q45429175,6000000075425811922,Wu Yuanmei
Q45429176,6000000075427616944,Zhan Huaizu
Q45429177,6000000075425492126,Li Zhe
Q45429178,6000000075427515880,Hong Qi
Q45429179,6000000075426179930,Wu Zhizhong
Q45429180,6000000075425020930,Li Zhongzheng
Q45429181,6000000075424162114,Song Gongfu
Q45429185,6000000075426122844,Wu Yi
Q45429186,6000000075427391846,Zhou Ruone
Q45429187,6000000075426767851,Teng Kai
Q45429188,6000000075428604983,Hong Bingjun
Q45429190,6000000075426636871,Yu Si
Q45429192,6000000075428162022,Wang Xin
Q45429193,6000000075424283494,Li Tingjian
Q45429195,6000000075419247037,Wang Zhizai
Q45429200,6000000075425157912,Li Daquan
Q45429201,6000000075422952830,Zhu Yu
Q45429202,6000000075419844873,Kong Shiqing
Q45429203,6000000075424314942,Du Shuyuan
Q45429204,6000000075420388922,Wang Shidao
Q45429205,6000000075419926003,Wang Jianji
Q45429206,6000000075420742848,Wang Yuzhi
Q45429208,6000000075428917949,Wan Shi
Q45429209,6000000075424099854,Zhu Pengfei
Q45429212,6000000075426467234,Meng Huacong
Q45429213,6000000075420685071,Wang Xuan
Q45429214,6000000075426599033,Yang Renju
Q45429220,6000000075421175874,Mao Fufeng
Q45429222,6000000075422734823,Qiu He
Q45429223,6000000075420189822,Wang Shi
Q45429224,6000000075422779927,Jiang Taizhi
Q45429225,6000000075424755041,Li Zhuan
Q45429226,6000000075427001828,Wu Ruyu
Q45429227,6000000075420674360,Niu Jian
Q45429229,6000000075427149064,Zhuo Hou
Q45429231,6000000075424379825,Yin Fusun
Q45429232,6000000075423916089,Shen Zao
Q45429235,6000000075425493025,Li Shiliang
Q45429236,6000000075420783908,Wang Yuqing
Q45429240,6000000075424806836,Li Cong
Q45429246,6000000075424649222,Du Yu
Q45429249,6000000075423515919,Zhu Gongchen
Q45429250,6000000075425935915,Wu Huang
Q45429253,6000000075426084144,He Xianjue
Q45429254,6000000075423216856,Zhu Yunxiu
Q45429257,6000000075428664832,Hu Bohu
Q45429258,6000000075425553900,Li Junqing
Q45429260,6000000075426457908,He Ziping
Q45429261,6000000075419638823,Wang Zhixin
Q45429262,6000000075421690164,Zuo Bopeng
Q45429265,6000000075424075946,Zhu Nai
Q45429266,6000000075420397939,Wang Gun
Q45429269,6000000075420749848,Wang Daoweng
Q45429271,6000000075419474267,Wang Xuncheng
Q45429274,6000000075428803822,Zhou Mo
Q45429275,6000000075425122822,Li Tianyong
Q45429276,6000000075427126861,Lin Xiang
Q45429279,6000000075420164157,Wang Xun
Q45429282,6000000075426222871,Li Guanxiang
Q45429283,6000000075421334822,Wang Fu
Q45429284,6000000075422013076,Shi Jinzhong
Q45429285,6000000075422544909,Qiu Mu
Q45429287,6000000075422748928,Jiang Zhiyi
Q45429288,6000000075424255259,Shi Huanxing
Q45429289,6000000075426870909,Lin Di
Q45429291,6000000075421213965,Wang Ao
Q45429293,6000000075424001006,Song Yuanzhi
Q45429294,6000000075426567201,Li Yunlong
Q45429297,6000000075420712956,Bian Rihua
Q45429300,6000000075425955870,Duan Shi
Q45429302,6000000075424726854,Li Min
Q45429304,6000000075426190900,Lv Gongchui
Q45429305,6000000075427516894,Zhou Boqi
Q45429307,6000000075425219860,Li Zhongji
Q45429313,6000000075425432333,Wu Zhirao
Q45429315,6000000075422994982,Wang Kan
Q45429316,6000000075427675854,Hu Mian
Q45429317,6000000075426417885,Lv Yuan
Q45429319,6000000075428236066,Shao Fan
Q45429321,6000000075429058863,Miao Shiyan
Q45429322,6000000075419318054,Wang Quanqi
Q45429324,6000000075426341995,Wu Ying
Q45429328,6000000075419949837,Kong Zhongyuan
Q45429329,6000000075420171100,Wang Yuanshi
Q45429331,6000000075421852359,Zhu You
Q45429332,6000000075419849389,Wang Bing
Q45429337,6000000075425100851,Yan Zhuoweng
Q45429338,6000000075427194851,Lin Tao
Q45429339,6000000075427353287,Liu Jun
Q45429340,6000000075426777908,He Zhou
Q45429342,6000000075419845547,Wang Shilong
Q45429343,6000000075423340958,Zhu Xiyue
Q45429344,6000000075421833996,Wang Xingzhi
Q45429345,6000000075425672227,Wu Jian
Q45429347,6000000075422194055,Bai Sigong
Q45429348,6000000075422674862,Jiang Yong
Q45429350,6000000075422978887,Wang Bohuai
Q45429351,6000000075426793912,Wu Kewen
Q45429352,6000000075427376881,Zhou Jingsun
Q45429357,6000000075424035915,Wang Ciming
Q45429359,6000000075424041020,Song Liangchen
Q45429360,6000000075419942321,Wang Jie
Q45429363,6000000075424765421,Wu Tianzhi
Q45429365,6000000075424642962,Li Fu
Q45429366,6000000075425801877,Li Guan
Q45429368,6000000075427403976,Zhou Long
Q45429369,6000000075425218833,Li Shiwei
Q45429372,6000000075423420976,Zhu Nanjie
Q45429374,6000000075426645280,Zhou Tianji
Q45429377,6000000075426453983,Lv Ying
Q45429378,6000000075422946025,Mi Xun
Q45429380,6000000075428225005,Hu jian
Q45429383,6000000075426500933,He Zheng
Q45429384,6000000075428604988,Mao Zhizhi
Q45429385,6000000075428162185,Feng Suicheng
Q45429386,6000000075422361823,Shi Fang
Q45429387,6000000075426179003,Shi Ruzong
Q45429388,6000000075423890854,Yin Yi
Q45429389,6000000075419213057,Wang Shujian
Q45429390,6000000075424228404,Li Chang
Q45429392,6000000075419658024,Fang Shi
Q45429393,6000000075420339943,Ding Yi
Q45429394,6000000075422935846,Wang Zhi
Q45429395,6000000075420660937,Wang Gan
Q45429397,6000000075419964044,Wang Wenzheng
Q45429400,6000000075424857946,Du Bao
Q45429403,6000000075421090866,Li Shun
Q45429404,6000000075420488981,Wang Shunqing
Q45429406,6000000075422196840,Tian Siqian
Q45429407,6000000075426611014,He Liu
Q45429408,6000000075426165873,Li Mingfeng
Q45429409,6000000075420699121,Mao Xiang
Q45429410,6000000075422560908,Qiu Jue
Q45429411,6000000075419910948,Huang Yuan
Q45429412,6000000075422491889,Shi Kangmin
Q45429413,6000000075423066898,Wang Boguang
Q45429414,6000000075427507835,Zhou Zhengkuan
Q45429415,6000000075424909839,Li Chou
Q45429416,6000000075426993825,Qi Kejiu
Q45429418,6000000075421324894,Gong Jieheng
Q45429421,6000000075424237848,Yin Zhupo
Q45429422,6000000075420152169,Wang Ping
Q45429423,6000000075421370916,Shi Zongyin
Q45429424,6000000075423373292,Che Anxing
Q45429427,6000000075424339117,Li Shi
Q45429428,6000000075425761120,Wu Yiming
Q45429429,6000000075425825877,Li Ruyong
Q45429430,6000000075427582873,Han Jing
Q45429431,6000000075424902984,Li Xi
Q45429434,6000000075423219072,Shen Wenbing
Q45429436,6000000075425886989,Wu Zhi
Q45429438,6000000075427793822,Zhou Quan
Q45429439,6000000075425218972,Li Yu
Q45429440,6000000075422929995,Wang Kan
Q45429441,6000000075426423684,Zhao Gongkan
Q45429442,6000000075425045172,Li Shizu
Q45429443,6000000075426562889,He Wenji
Q45429445,6000000075428038279,Shi Tingheng
Q45429447,6000000075422234920,Wang Qian
Q45429448,6000000075419439922,Wang Mingbi
Q45429449,6000000075426351021,Wu Ying
Q45429451,6000000075420216974,Wang Hai
Q45429453,6000000075424337947,Zhu Jin
Q45429454,6000000075420724871,Wang Daoshen
Q45429457,6000000075419673002,Fang Sheng
Q45429458,6000000075420005979,Wang Sungui
Q45429460,6000000075424751020,Li Han
Q45429461,6000000075426698072,Lin Tong
Q45429462,6000000075421151823,Wen Gongchen
Q45429465,6000000075422872169,Xiang Shouxing
Q45429469,6000000075425949875,Wu Dun
Q45429473,6000000075422199037,Shi Chongwen
Q45429474,6000000075427211994,Zhuo Di
Q45429475,6000000075422885927,Jiang Laifu
Q45429476,6000000075424649073,Li Shu
Q45429478,6000000075428568845,Hu Shizhong
Q45429480,6000000075421392894,Niu Danian
Q45429483,6000000075423765047,Wang Weiyue
Q45429484,6000000075421161021,Fang Zongsheng
Q45429488,6000000075424317872,Yin Qiansun
Q45429490,6000000075424649952,Li Yi
Q45429491,6000000075425399295,Lv Gongshan
Q45429493,6000000075427426908,Lin Ji
Q45429494,6000000075424522214,Li Zhongyou
Q45429497,6000000075422815195,Ren Gui
Q45429499,6000000075424912555,Wu Zhengji
Q45429503,6000000075425248988,Xie E
Q45429504,6000000075428524891,Hu Min
Q45429508,6000000075429144826,Fei Shen
Q45429512,6000000075426308012,Shi Dehui
Q45429513,6000000075424880060,Li Gongyan
Q45429516,6000000075422987826,Zhu Shen
Q45429517,6000000075424128986,Song Hui
Q45429518,6000000075423701885,Mou Shaozhen
Q45429519,6000000075420748872,Wang Yunzhong
Q45429520,6000000075419808961,Chen Hui
Q45429521,6000000075420179888,Ding Chongdao
Q45429523,6000000075424489083,Li Buyi
Q45429524,6000000075419849493,Wang Jiyuan
Q45429525,6000000075429274832,Yu Shilong
Q45429527,6000000075425875529,Lin Tunan
Q45429529,6000000075422207834,Gu Shichun
Q45429531,6000000075421302828,Wang Ren
Q45429533,6000000075419401313,Wang Zhen
Q45429535,6000000075422695848,Qiu Huan
Q45429537,6000000075424411086,Shi Chanhui
Q45429538,6000000075421852423,Jiang Jingfang
Q45429539,6000000075428459983,Hu Gangzhong
Q45429544,6000000075424223847,Cheng Ang
Q45429545,6000000075421448950,Wang Yijian
Q45429549,6000000075424133963,Yin Xigu
Q45429550,6000000075424829822,Li Shao
Q45429551,6000000075425827100,Wu Guanlin
Q45429552,6000000075427595858,Zhou Boxiong
Q45429554,6000000075424972941,Li Shihui
Q45429555,6000000075425826852,Li Qiong
Q45429556,6000000075426878941,Lin Zichong
Q45429559,6000000075426035885,Wu Xiong
Q45429560,6000000075422974035,Shen Kang
Q45429561,6000000075426721902,Yu Yongbi
Q45429563,6000000075427569914,Lin Jushi
Q45429566,6000000075428682831,Hu Wei
Q45429567,6000000075422831934,Xiang Fan
Q45429568,6000000075425423967,Li Sui
Q45429569,6000000075426456979,He Ruo
Q45429570,6000000075423701947,Shen Shuo
Q45429572,6000000075422300921,Zuo Youwei
Q45429574,6000000075425248933,Li Hao
Q45429575,6000000075420256964,Wang Jingren
Q45429576,6000000075428858878,Hu Youhuang
Q45429577,6000000075422600971,Jiang Tao
Q45429578,6000000075424251975,Du Shuxian
Q45429579,6000000075423090246,Ren Shi
Q45429580,6000000075420298119,Wang Zhang
Q45429581,6000000075419599058,Ding Yan
Q45429582,6000000075420281879,Wang Jinqing
Q45429587,6000000075426240987,Shi Deyun
Q45429588,6000000075422664142,Zhu Bolin
Q45429589,6000000075427153849,Wang Shengshi
Q45429590,6000000075426861845,Lin Yi
Q45429591,6000000075420640832,Wang Cheng
Q45429594,6000000075419645048,Wang Jin
Q45429595,6000000075426153905,Shu Xiang
Q45429597,6000000075422619871,Wang Ji
Q45429598,6000000075421380320,Shi Chongxin
Q45429600,6000000075424939880,Li Shu
Q45429603,6000000075422445184,Jiang Yuquan
Q45429604,6000000075427328822,Lin Zhang
Q45429605,6000000075420590966,Wang Yingfu
Q45429606,6000000075420855105,Wang You
Q45429607,6000000075424239847,Gu Yan
Q45429609,6000000075425693925,Li Xiji
Q45429610,6000000075425875967,Gao Zhu
Q45429611,6000000075428893823,Chai Zhongli
Q45429612,6000000075424831822,Li Hui
Q45429613,6000000075425423320,Lv Fang
Q45429615,6000000075427640822,Yi Xiang
Q45429616,6000000075426870914,Lin Di
Q45429617,6000000075425937822,Wu Dan
Q45429618,6000000075426680124,Li Hao
Q45429620,6000000075424535247,Li Can
Q45429621,6000000075427073035,Zhou Zuren
Q45429622,6000000075423497909,Xiang Wanxiang
Q45429623,6000000075426683903,Yu Anyu
Q45429624,6000000075425946959,Wu Shiyan
Q45429627,6000000075422523234,Zhu Tai
Q45429629,6000000075426245061,Yu Fan
Q45429630,6000000075425596886,Li Changgeng
Q45429632,6000000075428957888,Hu Hongfu
Q45429634,6000000075422143962,Rao Ziyi
Q45429635,6000000075419115091,Wang Mingzhe
Q45429636,6000000075425463870,Li Zhongning
Q45429640,6000000075425409834,Li Huang
Q45429641,6000000075421599128,Wang Chengrui
Q45429642,6000000075423916251,Li Dan
Q45429643,6000000075423625914,Mou Zhongfu
Q45429644,6000000075420350026,Wang Xuan
Q45429648,6000000075425043877,Li Zhao
Q45429650,6000000075428721012,Gao Bu
Q45429651,6000000075423003039,Zhu Zhang
Q45429653,6000000075426492911,Shi Depu
Q45429654,6000000075426870868,Lin Ge
Q45429656,6000000075422015936,Tian Sixiao
Q45429661,6000000075427335948,Zhuo Jin
Q45429662,6000000075422651851,Goulong Quan
Q45429665,6000000075422662988,Wang Lishe
Q45429667,6000000075428808822,Zhou Xun
Q45429668,6000000075420307229,Li Jishi
Q45429669,6000000075420983065,Wang Shen
Q45429670,6000000075423806080,Wang Weichong
Q45429671,6000000075421105066,Tian Song
Q45429674,6000000075428641944,Hu Yigui
Q45429675,6000000075424821837,Song Shenjiao
Q45429676,6000000075426416834,Wu Jiuzhou
Q45429677,6000000075427329944,Zhou Kui
Q45429678,6000000075426896886,Lin Kai
Q45429679,6000000075425579013,Wu Ge
Q45429681,6000000075426637091,Shao Ding
Q45429684,6000000075427339846,Zhou Gongxian
Q45429685,6000000075422664208,Zhu Jianzhi
Q45429687,6000000075425760991,Wu Gongchen
Q45429688,6000000075427797822,Zhou Mingzuo
Q45429689,6000000075428668830,Zhou Jian
Q45429693,6000000075423238831,Cheng Guanglu
Q45429694,6000000075429093837,Hu Yuke
Q45429695,6000000075422179943,Shi Kesu
Q45429696,6000000075419618850,Wang Zongzhe
Q45429697,6000000075425162995,Li Yongchang
Q45429698,6000000075420176079,Li Xian
Q45429699,6000000075428430155,Shi Dexiu
Q45429701,6000000075423000822,Qiu Chaojun
Q45429703,6000000075425401841,Li Anguo
Q45429704,6000000075420724880,Wang Mei
Q45429707,6000000075423656934,Zhu Shaozong
Q45429709,6000000075424071873,Zhu Shilao
Q45429711,6000000075424751029,Li Bashi
Q45429714,6000000075427218832,Lin Wenmin
Q45429715,6000000075426101092,He Yanyou
Q45429717,6000000075426613837,He Shi
Q45429718,6000000075421884968,Wang Mianzhi
Q45429719,6000000075426104944,Wu Gang
Q45429720,6000000075420655226,Mao Gongsi
Q45429723,6000000075427287934,Zhou Duanchen
Q45429724,6000000075422291088,Jiang Xun
Q45429728,6000000075422561062,Wang Libin
Q45429729,6000000075427306858,Lin Jiong
Q45429730,6000000075428720850,Hu Zhen
Q45429731,6000000075420556062,Wen Yuan
Q45429735,6000000075421630830,Gao Zongshang
Q45429737,6000000075428305045,Weng Yanshou
Q45429738,6000000075425197242,Li Jinsi
Q45429740,6000000075426732014,Wu Daoguang
Q45429742,6000000075427379949,Zhou Xiong
Q45429745,6000000075426773068,Lin Huan
Q45429746,6000000075424572121,Li Du
Q45429747,6000000075427407826,Zhou Zhongfu
Q45429751,6000000075426066912,Wu Jin
Q45429757,6000000075422933946,Mi Fu
Q45429760,6000000075419221037,Wang Yijian
Q45429761,6000000075423661970,Ren Zongyi
Q45429762,6000000075425460877,Li Kunchen
Q45429764,6000000075419795240,Ding Tao
Q45429767,6000000075425414822,Li Hao
Q45429768,6000000075420347046,Wang Buzhi
Q45429769,6000000075419885896,Ding Chong
Q45429770,6000000075420253907,Wang Xunshen
Q45429771,6000000075423403109,Zhu Dunren
Q45429775,6000000075421161839,Wen Yiqing
Q45429776,6000000075427221826,Lin Minyuan
Q45429777,6000000075424649161,Li Yu
Q45429779,6000000075420050123,Diao Shizhong
Q45429780,6000000075426461876,He Xing
Q45429781,6000000075421884973,Wang Hui
Q45429782,6000000075420699138,Mao Kui
Q45429784,6000000075426085922,Wu Hao
Q45429785,6000000075421888205,Bei Shuhuai
Q45429788,6000000075421646932,Wang Zhongqian
Q45429789,6000000075424994822,Shi Yingduan
Q45429791,6000000075422463097,Wang Guo
Q45429793,6000000075427234868,Meng Yida
Q45429794,6000000075420983822,Wang Yue
Q45429797,6000000075421649822,Tian He
Q45429798,6000000075425687908,Li Xicheng
Q45429799,6000000075428332053,Hong Ni
Q45429800,6000000075425839908,Lv Qi
Q45429801,6000000075424748878,Li Shi
Q45429804,6000000075425605933,Li Qiong
Q45429805,6000000075427465887,Jiang Junbi
Q45429808,6000000075427029838,Shao Qing
Q45429809,6000000075425200855,Du Ying
Q45429811,6000000075423701822,Ren Yuan
Q45429812,6000000075426780278,Ji Yan
Q45429814,6000000075427578931,Hong Shu
Q45429815,6000000075425771027,Wu Shichang
Q45429816,6000000075428635853,Hu Kui
Q45429818,6000000075426725826,He Hao
Q45429820,6000000075423071962,Zhu Keyu
Q45429821,6000000075429145843,Gou Yuling
Q45429822,6000000075422381824,Wang Kecong
Q45429823,6000000075423341274,Shen Duanjie
Q45429824,6000000075429013833,Hu Ruzhou
Q45429826,6000000075420282007,Li Xiong
Q45429829,6000000075424586837,Shi Baojue
Q45429831,6000000075420746852,Wang Yuyi
Q45429834,6000000075423818828,Mou Sidan
Q45429835,6000000075424001901,Zhou Yanyue
Q45429836,6000000075429221842,Yu Zide
Q45429840,6000000075425124824,Li Jiuyan
Q45429841,6000000075426851868,Lin Sheng
Q45429842,6000000075420261081,Wang Jinzhi
Q45429845,6000000075420171842,Wang Shi
Q45429846,6000000075422480880,Wang Song
Q45429848,6000000075426082931,Wu Junyong
Q45429850,6000000075422181825,Fang Weisun
Q45429851,6000000075421583919,Wang Zhongping
Q45429852,6000000075422704872,Bao Ding
Q45429854,6000000075422795002,Wang Yongzu
Q45429856,6000000075427088904,Lin Gongzhi
Q45429857,6000000075428202043,Qi Gengsheng
Q45429859,6000000075421462835,Wang Shen
Q45429860,6000000075424189863,Gu Tang
Q45429862,6000000075425874930,Wu Tianqiu
Q45429864,6000000075424683932,Li Huan
Q45429866,6000000075426263196,Lin Er
Q45429867,6000000075426439828,Wu Chunnian
Q45429870,6000000075425357106,Li Zhaogu
Q45429872,6000000075427059848,Meng Cheng
Q45429874,6000000075427395826,Zhou Rizhang
Q45429876,6000000075427576948,Zhou Wan
Q45429880,6000000075423280834,Zhu Zhen
Q45429881,6000000075426646875,He Yuanda
Q45429882,6000000075425374949,Li Kezhong
Q45429883,6000000075421583252,Shi Gongju
Q45429884,6000000075429052838,Hu Jiansong
Q45429885,6000000075423620002,Ren Zongyi
Q45429888,6000000075425344893,Li Xing
Q45429889,6000000075419530921,Wang Yizhi
Q45429890,6000000075419827244,Liao Lei
Q45429891,6000000075422868878,Li Fu
Q45429892,6000000075420693889,Wang Jian
Q45429893,6000000075419912848,Cheng Cigong
Q45429896,6000000075423856822,Ren Ze
Q45429897,6000000075424411954,Li Ang
Q45429901,6000000075429219851,Gao Zunli
Q45429902,6000000075427055901,Shao Bo
Q45429903,6000000075426344055,Lin Sheng
Q45429907,6000000075421182888,Mao Xinqing
Q45429908,6000000075420068884,Wang Lue
Q45429911,6000000075425734097,Li Menglv
Q45429914,6000000075423132854,Cai He
Q45429916,6000000075422647888,Jiang Yinghong
Q45429917,6000000075427241900,Shao Shiying
Q45429918,6000000075428622943,Lin Qi
Q45429920,6000000075421338903,Niu Zongjian
Q45429923,6000000075426044822,Li Juzhi
Q45429928,6000000075427167055,Zhou Zuoyao
Q45429929,6000000075426307924,Wu Gaoqing
Q45429932,6000000075423663847,Shen Keheng
Q45429935,6000000075425123888,Du Ji
Q45429937,6000000075427404854,Zhou Yuncheng
Q45429939,6000000075428704822,Qian Bi
Q45429940,6000000075422523254,Zhu Shiying
Q45429942,6000000075426705850,Chen Yu
Q45429943,6000000075425541880,Li Yuanji
Q45429946,6000000075423884880,Zhu Wei
Q45429949,6000000075420062062,Wang Jingliang
Q45429951,6000000075422845871,Zhu Shen
Q45429953,6000000075420480004,Wang Tian
Q45429954,6000000075424834149,Li Zhongxiong
Q45429955,6000000075419935846,Ding Song
Q45429956,6000000075425338861,Li Gongyan
Q45429957,6000000075423775867,Zhu Lei
Q45429958,6000000075420272886,Wang Zhe
Q45429959,6000000075424492908,Shi Baonun
Q45429960,6000000075424055880,Zhu Jifang
Q45429962,6000000075420933925,Wang Jing
Q45429964,6000000075426102397,Lin Mingong
Q45429966,6000000075424716065,Li Zilie
Q45429967,6000000075420269043,Bu Shen
Q45429969,6000000075420148860,Wang Gai
Q45429970,6000000075422427913,Wang Gao
Q45429975,6000000075421520906,Wang Zhongmin
Q45429976,6000000075423108837,Wang Yi
Q45429980,6000000075428861863,Hu Jiuling
Q45429982,6000000075424273119,Li Yi
Q45429985,6000000075427282851,Lin Gongqia
Q45429986,6000000075425944284,He Zhonggui
Q45429987,6000000075425769864,Li Dechun
Q45429988,6000000075424306190,Li Juyuan
Q45429992,6000000075422986839,Jiang Miao
Q45429994,6000000075425214092,Xing Ji
Q45429995,6000000075423517879,Zhu Feiqing
Q45429996,6000000075425967089,Wu Dangke
Q45429997,6000000075419340976,Wang Diansun
Q45429999,6000000075425915945,Li Juxian
Q45430000,6000000075426646880,Wu Guanwan
Q45430002,6000000075427403981,Zhou Jian
Q45430003,6000000075428992859,Hu Shunshen
Q45430004,6000000075424636993,Li Guan
Q45430006,6000000075424306001,Li Jingping
Q45430008,6000000075426628045,Qi Xianheng
Q45430009,6000000075425155919,Li Man
Q45430010,6000000075421378875,Wang Shen
Q45430011,6000000075426623210,Zhou Fuxian
Q45430012,6000000075423152880,Ai Shu
Q45430013,6000000075420143046,Wang Shen
Q45430014,6000000075420401232,Wang Yongfu
Q45430015,6000000075428800003,Jiang Jin
Q45430017,6000000075423700940,Zhu Hua
Q45430019,6000000075419859966,Ding Yao
Q45430021,6000000075423395921,Zhu Yanshi
Q45430022,6000000075424002074,Li Yuanli
Q45430023,6000000075428808051,Fan Xun
Q45430026,6000000075427214846,Lin Minxiu
Q45430028,6000000075426632822,Cheng Fengshi
Q45430029,6000000075420398021,Wang Zhao
Q45430033,6000000075427473851,Zhuo Yun
Q45430035,6000000075426057910,Wu Junyu
Q45430036,6000000075421611154,Wang Jian
Q45430039,6000000075421135778,Wang Gengying
Q45430041,6000000075428852849,Lin Shizhong
Q45430044,6000000075423508496,Li Wei
Q45430045,6000000075427241905,Zhou Yin
Q45430047,6000000075420790851,Wang Zhan
Q45430048,6000000075425774857,Li Xiyi
Q45430050,6000000075425141851,Yang Cuizhong
Q45430051,6000000075427407080,Lv Meng
Q45430052,6000000075425947822,Wu Geng
Q45430053,6000000075422962844,Wang Yiqing
Q45430054,6000000075425892970,Wu Shiming
Q45430055,6000000075422384835,Shi Ji
Q45430056,6000000075424475464,Chen Yuanliang
Q45430058,6000000075426390903,Wu Ziyi
Q45430060,6000000075423993842,Ren Chengliang
Q45430061,6000000075425462114,Li Qibao
Q45430062,6000000075423730081,Chen Zhi
Q45430063,6000000075427414939,Zhou Shun
Q45430065,6000000075426709841,Liang Congzheng
Q45430066,6000000075424629075,Shi Weiqing
Q45430067,6000000075424500278,Li Ji
Q45430068,6000000075423730181,Song Xu
Q45430073,6000000075427308878,Zhou Jing
Q45430075,6000000075420386197,Wang Yun
Q45430079,6000000075421557860,Tian Zuo
Q45430081,6000000075423765898,Shen Yuqing
Q45430082,6000000075424071878,Wang Xiang
Q45430083,6000000075423294967,Zhu Tingyin
Q45430084,6000000075424100127,Song Ruozhuo
Q45430086,6000000075421090883,Peng Xie
Q45430088,6000000075426148102,Lv Zaixing
Q45430092,6000000075420041936,Wang Lue
Q45430094,6000000075428748878,Zhou Yong
Q45430096,6000000075421647433,He Jin
Q45430097,6000000075426242883,Wu Yu
Q45430098,6000000075422138895,Wang Liangchen
Q45430099,6000000075422423982,Chi Fu
Q45430100,6000000075423177822,Wang Yi
Q45430101,6000000075423444288,Cheng Zhuo
Q45430102,6000000075428452916,Xu Jiayan
Q45430103,6000000075421678890,Wang Zhong'an
Q45430104,6000000075425941532,Meng Sigong
Q45430105,6000000075425431594,Shi  Juefan
Q45430106,6000000075424322050,Li Wei
Q45430107,6000000075420593963,Wang Huanzhi
Q45430112,6000000075427243096,Hong Chuo
Q45430113,6000000075425767940,Ruan Bei
Q45430114,6000000075422666900,Qiu Weizhi
Q45430115,6000000075426061895,Wu Shifan
Q45430116,6000000075422143967,Zuo Longqing
Q45430118,6000000075423068075,Mo Shi
Q45430119,6000000075426289924,Wu Zhongru
Q45430122,6000000075425679054,Li Yongnian
Q45430125,6000000075428822926,Hu Cihe
Q45430126,6000000075427568919,Lin Ying
Q45430127,6000000075425423905,Li Xingjian
Q45430128,6000000075425862220,He Yan
Q45430129,6000000075424998834,Shi Yingfu
Q45430130,6000000075423508432,Du Cheng
Q45430131,6000000075426879976,Huang Yun
Q45430132,6000000075426417100,Lin Shu
Q45430133,6000000075425379853,Li Hui
Q45430134,6000000075421049020,Wang Yong
Q45430135,6000000075426703161,Zhou Gefei
Q45430142,6000000075421434957,Tian Lun
Q45430144,6000000075423863822,Ren Jin
Q45430146,6000000075423174986,Wang Yi
Q45430147,6000000075424069157,Shi Baosheng
Q45430148,6000000075429337835,Yu Gongming
Q45430149,6000000075420987895,Yang Chun
Q45430150,6000000075426876833,Lv Shichang
Q45430152,6000000075424572064,Li Hui
Q45430154,6000000075426773133,Lin Wenqian
Q45430155,6000000075420121899,Wang Lue
Q45430157,6000000075427900137,Zhou Jue
Q45430159,6000000075426280877,Wu Junzhuo
Q45430162,6000000075422696845,Chi Zhoujiang
Q45430163,6000000075423119877,Xiang Zhen
Q45430165,6000000075421105130,Wang Zhongfu
Q45430166,6000000075424085902,Gu Pang
Q45430167,6000000075426263384,Meng Tanglao
Q45430169,6000000075423837310,Li You
Q45430170,6000000075420444106,Wang Yungong
Q45430172,6000000075425825827,Xing Xiaoyang
Q45430176,6000000075423022822,Wang Xidan
Q45430177,6000000075421854090,Shi Hang
Q45430178,6000000075425602885,Xing Ping
Q45430179,6000000075426105875,Wu Fu
Q45430180,6000000075423637864,Shen Shixian
Q45430181,6000000075426418829,Wu Dayou
Q45430182,6000000075419733863,Wang Huaiyun
Q45430185,6000000075423883143,Song Fu
Q45430186,6000000075427232489,Wei Boxun
Q45430187,6000000075427265054,Zhou Qin
Q45430188,6000000075425944220,Lv Huan
Q45430190,6000000075424632893,Yang Xianzi
Q45430192,6000000075424972836,Li Kang
Q45430193,6000000075426753979,Lin Jiong
Q45430194,6000000075425231914,Li Zhiyang
Q45430195,6000000075421460845,Niu Zhixin
Q45430198,6000000075420943873,Wang Zhubo
Q45430199,6000000075423349822,Ren Xianfu
Q45430201,6000000075420344842,Wang Yi
Q45430202,6000000075428859912,Hu Yan
Q45430203,6000000075419864931,Chen Yuanfeng
Q45430207,6000000075428705067,Gao Qizhi
Q45430208,6000000075424221027,Zhu Xi
Q45430209,6000000075421004917,Wang Yan
Q45430210,6000000075423536824,Wu Wenzhong
Q45430212,6000000075420381937,Bu Zewei
Q45430213,6000000075425138822,Li Zhao
Q45430214,6000000075426161072,Wu Yingyou
Q45430215,6000000075426704112,Lin Zhiping
Q45430216,6000000075420050945,Wang Zhu
Q45430217,6000000075421177916,Mao Gangbo
Q45430218,6000000075428690845,Lin Sizhe
Q45430221,6000000075422122896,Wang Zhu
Q45430224,6000000075428682836,Hu Yuan
Q45430225,6000000075421975025,Chi Congzhou
Q45430226,6000000075421252072,Sima Yi
Q45430227,6000000075423515273,Du Jie
Q45430228,6000000075427247896,Shao Zhicai
Q45430229,6000000075426393103,Cui Dai
Q45430230,6000000075424680945,Song Shengchong
Q45430231,6000000075420748881,Wang Yuquan
Q45430232,6000000075428623013,Chai Shuda
Q45430234,6000000075423544527,Li Xian
Q45430236,6000000075425759912,Li Yinglong
Q45430238,6000000075425633862,Xing Zhi
Q45430239,6000000075425970914,Li Jimin
Q45430241,6000000075423524924,Zhu Sizheng
Q45430245,6000000075425941124,Wu Minglao
Q45430249,6000000075425822979,Wu Tianchang
Q45430254,6000000075427099831,Meng Kui
Q45430255,6000000075424040258,Li Hong
Q45430256,6000000075426467125,Lv Jinfu
Q45430257,6000000075424080468,Li Anqi
Q45430260,6000000075419115569,Wang Shen
Q45430261,6000000075420905868,Shuai zilian
Q45430266,6000000075423254130,Zhu Yunzhang
Q45430269,6000000075428359172,Fan Ke
Q45430270,6000000075420836911,Wang Jitao
Q45430271,6000000075424450925,Li Fang
Q45430272,6000000075425771459,He Ba
Q45430274,6000000075422990043,Wu Gongfu
Q45430275,6000000075424881937,Li Zizhong
Q45430276,6000000075426443927,He Mian
Q45430277,6000000075426991970,Shao Ji
Q45430280,6000000075427228968,Zhou Yuke
Q45430282,6000000075426061964,Wu Hui
Q45430284,6000000075421733113,Wang Heng
Q45430285,6000000075421430667,Wang Gao
Q45430286,6000000075423067863,Wang Sheng
Q45430287,6000000075428573883,Hu Jing
Q45430288,6000000075422388012,Jiang Zhongwu
Q45430289,6000000075421427011,Tian Zongyuan
Q45430291,6000000075427275859,Zhou Tong
Q45430292,6000000075426167212,He Hongzhong
Q45430293,6000000075423791217,Li Zhen
Q45430294,6000000075420335078,Wang Wo
Q45430295,6000000075423883042,Wang Defu
Q45430296,6000000075425855823,Liu Wei
Q45430297,6000000075428533016,Hu Ziqi
Q45430298,6000000075424792986,Li Duan
Q45430299,6000000075427808822,Hong Yi
Q45430300,6000000075425417095,Li Zhaolian
Q45430302,6000000075422393053,Wang Xilv
Q45430303,6000000075425327995,Xing Jing
Q45430304,6000000075424912573,Wu Shishun
Q45430306,6000000075423191327,Ren Chengrui
Q45430307,6000000075426072986,Lv Zuo
Q45430309,6000000075423755166,Ba Yi
Q45430310,6000000075425912912,Wu Hang
Q45430312,6000000075426450484,Zhou Jiang
Q45430313,6000000075426724836,Lv Tao
Q45430314,6000000075423248505,Huang Yifu
Q45430315,6000000075426727976,Shao Ying
Q45430316,6000000075424533083,Gao Zhongjiao
Q45430317,6000000075425403914,Li Zhihan
Q45430318,6000000075424633307,Li Gongyi
Q45430323,6000000075423186889,Mi Gou
Q45430326,6000000075419443288,Wang Yaoming
Q45430331,6000000075420983879,Wang Yu
Q45430334,6000000075420550922,Wang Yemin
Q45430337,6000000075424862967,Li Zhuan
Q45430338,6000000075425467815,Meng Zhongxuan
Q45430339,6000000075426550883,Xie Yuan
Q45430340,6000000075420184867,Fang Shu
Q45430341,6000000075427386950,Zhou Yuquan
Q45430342,6000000075425586137,Wu Xiaoxian
Q45430343,6000000075421360822,Shi Ke
Q45430345,6000000075422258991,Shi Senqing
Q45430346,6000000075422906915,Zhu Gong
Q45430347,6000000075428663890,Chai Mao
Q45430348,6000000075428369951,Zhou Yi
Q45430351,6000000075426160359,Meng Fengyuan
Q45430353,6000000075420788855,Shangguan Chong
Q45430354,6000000075425581168,Lin Zi
Q45430355,6000000075423793104,Song Yuanze
Q45430357,6000000075424887345,Li Dejun
Q45430358,6000000075428740916,Hu Zilian
Q45430360,6000000075427802843,Zhou Zhonghou
Q45430362,6000000075425357111,Ruan Yin
Q45430364,6000000075425245043,Li Zhengchen
Q45430366,6000000075421760076,Shi Hong
Q45430367,6000000075423333998,Zhu Sidao
Q45430369,6000000075425883035,Wu Ge
Q45430370,6000000075424080009,Du Zicai
Q45430374,6000000075424565265,Li Bao
Q45430377,6000000075426698863,He Yuanshou
Q45430378,6000000075424799968,Shi Yingyan
Q45430379,6000000075420901837,Wang Zhending
Q45430380,6000000075425082849,Li Lun
Q45430381,6000000075421213983,Niu Gongchen
Q45430383,6000000075424727832,Xin Da
Q45430385,6000000075421370930,Tian Wang
Q45430386,6000000075428616062,Hu Xiyi
Q45430388,6000000075427582890,Zhou Bangbi
Q45430389,6000000075423522982,Zhu Yangzu
Q45430390,6000000075424147844,Wang Hua
Q45430391,6000000075420790970,Li Derong
Q45430392,6000000075423161909,Zhu Zhen
Q45430393,6000000075427002824,Wu Jilong
Q45430394,6000000075427020021,Zhou Shicheng
Q45430395,6000000075429329851,Lin Congzhou
Q45430396,6000000075424197083,Shi Baoqian
Q45430397,6000000075420635853,Wang Fuyan
Q45430398,6000000075423370892,Zhu Cai
Q45430399,6000000075426894861,Zong Bijing
Q45430400,6000000075424561192,Li Ze
Q45430402,6000000075420076863,Wang Lue
Q45430404,6000000075426279098,Yu Zhan
Q45430405,6000000075422246822,Fang Deshun
Q45430406,6000000075427329886,Zhou Shichang
Q45430407,6000000075422012134,Shi Fuzu
Q45430409,6000000075428785824,Fan Ruwei
Q45430413,6000000075422658861,Mi Ji
Q45430414,6000000075420578951,Shangguan Hong
Q45430415,6000000075427087986,Meng Chaozong
Q45430417,6000000075425944299,Yu Liangbi
Q45430419,6000000075425197140,Li Shize
Q45430423,6000000075425545060,Wu Shi
Q45430424,6000000075424637187,Li Nanjin
Q45430426,6000000075425162285,Wu Hui
Q45430427,6000000075422265942,Shi Ciqin
Q45430429,6000000075424797310,Xing Ang
Q45430430,6000000075426192981,Wu Dacheng
Q45430431,6000000075423347143,Wang Anren
Q45430432,6000000075424312856,Du Zimin
Q45430436,6000000075425931854,Li Wanquan
Q45430439,6000000075423078202,Li Kuo
Q45430440,6000000075420955842,Wang Yun
Q45430441,6000000075425126915,Li Anqi
Q45430444,6000000075424605874,Du Shu
Q45430445,6000000075420148026,Wang Yi
Q45430449,6000000075427597891,Zhou Pang
Q45430450,6000000075423786857,Zhu Jingwen
Q45430454,6000000075423331835,Mi Pu
Q45430456,6000000075427270973,Zhou Gongbi
Q45430458,6000000075420441026,Wang Jian
Q45430461,6000000075424050093,Li Ming
Q45430462,6000000075425082826,Li Yan
Q45430463,6000000075427241832,Shao Ze
Q45430468,6000000075426299938,Wang Hai
Q45430469,6000000075422400971,Shi Qisun
Q45430470,6000000075423040898,Wang Yifu
Q45430472,6000000075428702826,Zhou De
Q45430475,6000000075421703867,Sima Liang
Q45430476,6000000075420769842,Wang Mengsong
Q45430478,6000000075424128235,Li Xun
Q45430479,6000000075426748860,Lv Sigong
Q45430480,6000000075424055939,Wang Deshu
Q45430481,6000000075428784896,Chai Yusheng
Q45430482,6000000075426880311,Jiang Qianguang
Q45430483,6000000075425654000,Li Zhaoxi
Q45430486,6000000075424792991,Li Qi
Q45430487,6000000075422998828,An Rushan
Q45430488,6000000075422384840,Shi Xu
Q45430489,6000000075423622900,Ren Tong
Q45430492,6000000075425685841,Li Jie
Q45430494,6000000075424264906,Song Jun
Q45430496,6000000075426322967,Fan Qiong
Q45430497,6000000075429054822,Yang Rui
Q45430498,6000000075425676027,Wu Ji
Q45430499,6000000075425561826,Wu Conghu
Q45430501,6000000075426541898,Lin Jie
Q45430502,6000000075424040263,Li Yi
Q45430503,6000000075420920886,Wen Zuo
Q45430505,6000000075424398322,Li Gonglue
Q45430506,6000000075424025981,Song Mian
Q45430507,6000000075421160977,Lu Jiang
Q45430508,6000000075421664834,Wang Fu
Q45430510,6000000075419827258,Ding Bicheng
Q45430513,6000000075429011864,Yu Sheng
Q45430514,6000000075422610304,Shen Gangsun
Q45430516,6000000075421048859,Shuiqiu Mao
Q45430518,6000000075426611079,He Jingfu
Q45430519,6000000075427290866,Lin Xuelv
Q45430521,6000000075429224868,Gao Yingsong
Q45430522,6000000075420215033,Wang Shensou
Q45430523,6000000075423509882,Zhu Boqi
Q45430525,6000000075424477882,Shi Baotan
Q45430526,6000000075425087828,Li Wan
Q45430529,6000000075419830100,Fang Yuan
Q45430531,6000000075426353482,Zhou Shinan
Q45430532,6000000075420273785,Wang Liang
Q45430533,6000000075422402962,Gou Mian
Q45430534,6000000075426086054,Wu Jun
Q45430535,6000000075422978917,Wang Dingmin
Q45430536,6000000075420862011,Ye Ziyi
Q45430537,6000000075427934113,Fang Guo
Q45430538,6000000075421602910,Tian Chenghai
Q45430539,6000000075422639872,Wang Xian
Q45430541,6000000075424788847,Li Zhen
Q45430542,6000000075426570898,Huyan Yu
Q45430543,6000000075427219901,Meng Xuzhou
Q45430544,6000000075423987988,Yin Liangzuo
Q45430545,6000000075427738863,Lin Baoyi
Q45430546,6000000075425855871,Li Zhaoyi
Q45430547,6000000075425733875,Wu Dongqing
Q45430548,6000000075428909822,Chai Yugong
Q45430550,6000000075428823822,Zhou Jiuling
Q45430551,6000000075424536251,Li Xian
Q45430554,6000000075426155824,Wu Xie
Q45430556,6000000075424522465,Li Changgeng
Q45430557,6000000075424337894,Du Ziye
Q45430561,6000000075425221010,Li Zongyou
Q45430562,6000000075426012860,Li Jianneng
Q45430563,6000000075426403850,Wu Chuping
Q45430564,6000000075427013902,Meng Zhi
Q45430565,6000000075425784197,He Yu
Q45430566,6000000075424893920,Shi Yingru
Q45430567,6000000075420832905,Wang Lizhi
Q45430571,6000000075424637863,Xin Wenyue
Q45430572,6000000075421148980,Niu Weiming
Q45430573,6000000075420723255,Wang Zhong
Q45430574,6000000075420160941,Wang Tailai
Q45430576,6000000075429132840,Wei Zhi
Q45430580,6000000075421065880,Wang Li
Q45430581,6000000075423340845,Wang Quan
Q45430582,6000000075426754914,Lin Tui
Q45430583,6000000075429170860,Gao Zhimei
Q45430585,6000000075419621425,Wang Fengshi
Q45430586,6000000075423554823,Wang Yi
Q45430587,6000000075426259152,Lv Shilong
Q45430588,6000000075424937887,Shi Jingjue
Q45430589,6000000075424380924,Zhu Yun
Q45430592,6000000075426173944,Wu Xiaozong
Q45430594,6000000075422225837,Gu Xunzhi
Q45430596,6000000075425603368,Lv Cunzhong
Q45430598,6000000075421064973,Zhuge Xiren
Q45430599,6000000075421689879,Tian Chengjin
Q45430601,6000000075420784850,Wang Shenyi
Q45430603,6000000075427167929,Lin Gongjun
Q45430604,6000000075424128875,Wang Yingyuan
Q45430605,6000000075424243067,Li Zuo
Q45430606,6000000075426648948,Lv Zhaoxu
Q45430608,6000000075425614973,Li Yong
Q45430609,6000000075428524966,Chai Tongxuan
Q45430610,6000000075425359130,Li Tinggui
Q45430612,6000000075428609852,Xu Shi
Q45430614,6000000075426151847,Wu Rushi
Q45430615,6000000075424808120,Du Zhen
Q45430618,6000000075423754931,Ren Yan'an
Q45430621,6000000075419649874,Wang Dayong
Q45430622,6000000075425577834,Li Xin
Q45430623,6000000075426013876,Wu Chong
Q45430624,6000000075426289941,Wu Ge
Q45430625,6000000075426645106,Shao Yi
Q45430626,6000000075426426041,Lv Boyin
Q45430627,6000000075420782944,Wen Wan
Q45430629,6000000075424839968,Li Gong
Q45430630,6000000075425525931,Li Zhixin
Q45430631,6000000075423800288,Du Shen
Q45430633,6000000075421505909,Wang Xiu
Q45430638,6000000075428709960,Fan Yong
Q45430643,6000000075424143841,Wang Taiheng
Q45430647,6000000075423216870,Ai Jieshi
Q45430648,6000000075427380850,Zhou Renmei
Q45430649,6000000075420634845,Wang Gong
Q45430651,6000000075426799918,He Baozhi
Q45430653,6000000075424047142,Song Xun
Q45430654,6000000075419675111,Gong Yingzhi
Q45430655,6000000075425146823,Li Ziyi
Q45430657,6000000075426880217,Zhuo Zixin
Q45430660,6000000075426610836,Yu Gai
Q45430661,6000000075427042932,Shao Jingzhi
Q45430662,6000000075421281869,Wang Shun
Q45430665,6000000075428000061,Wu Dunyi
Q45430669,6000000075424001952,Du Qie
Q45430670,6000000075424535049,Li Tai
Q45430671,6000000075426650922,Yu Liangru
Q45430672,6000000075425612994,Li Yong
Q45430673,6000000075428751887,Chai Jingwang
Q45430674,6000000075427653941,Hong Zun
Q45430676,6000000075423189023,Zhu Xuan
Q45430680,6000000075422166920,Rao Shi
Q45430681,6000000075423851161,Wu Xi
Q45430682,6000000075423544532,Li Qi
Q45430685,6000000075419411948,Wang Huchen
Q45430687,6000000075425986886,Wu Tiansi
Q45430690,6000000075426569870,Li Bian
Q45430692,6000000075425008834,Xu Guo
Q45430695,6000000075424410971,Song Han
Q45430702,6000000075423536994,Zhu Jiang
Q45430704,6000000075424011882,Yin Zhen
Q45430705,6000000075427657826,Hong Zhong
Q45430707,6000000075420171125,Ding Xianmin
Q45430716,6000000075423484891,Wu Zhongxiu
Q45430718,6000000075423168764,Shi Jingbin
Q45430719,6000000075426202909,Wu Feng
Q45430720,6000000075427546824,Zhou Heng
Q45430722,6000000075426582876,Wu Hai
Q45430723,6000000075427087926,Lin Dounan
Q45430726,6000000075422607101,Zhu Quan
Q45430728,6000000075428567918,Zhou Xu
Q45430730,6000000075420685918,Wang Shengji
Q45430732,6000000075424007254,Li Xiang
Q45430733,6000000075427139951,Lin Mai
Q45430734,6000000075425875342,Lv Zhaomin
Q45430735,6000000075425961822,Wu Ti
Q45430736,6000000075428914822,Lin Shiwen
Q45430738,6000000075427810828,Zhou Zhiwei
Q45430739,6000000075425620167,Wu Jiaoru
Q45430743,6000000075423652261,Du Qianneng
Q45430744,6000000075424080413,Yu Fuguo
Q45430745,6000000075428371971,Hu Lin
Q45430746,6000000075423347149,Shen Xian
Q45430747,6000000075419114136,Wang Shangyou
Q45430748,6000000075425518898,Li Zongzhe
Q45430749,6000000075425462119,Wu Cheng
Q45430750,6000000075426338895,Wu Xifu
Q45430751,6000000075426964883,Lin Gan
Q45430752,6000000075426736830,Lv Da
Q45430753,6000000075424832041,Du Zhen
Q45430754,6000000075424702991,Li Jie
Q45430755,6000000075420261262,Wang Jinyan
Q45430756,6000000075424738822,Xiong Fei
Q45430757,6000000075425629906,Li Yunwen
Q45430760,6000000075428568936,Shi Zeshan
Q45430761,6000000075419933891,Wang Xiao
Q45430762,6000000075420122012,Wang Kaizu
Q45430765,6000000075420673145,Shuiqiu Xianfu
Q45430766,6000000075423410185,Song Dafa
Q45430767,6000000075419291465,Wang Nengfu
Q45430768,6000000075427615834,Zhou Zongyue
Q45430771,6000000075427201927,Zhou Shiqing
Q45430772,6000000075420434002,Shao Hongyuan
Q45430774,6000000075424378882,Li Ming
Q45430775,6000000075428735993,Fan Zonghan
Q45430777,6000000075423406928,Wu Bosi
Q45430778,6000000075424797677,Wu Min
Q45430779,6000000075420045898,Wang Shu
Q45430780,6000000075427246044,Zhuo Yuangui
Q45430790,6000000075428553865,Hu Yanda
Q45430791,6000000075422717844,Jiang Ya
Q45430793,6000000075420383138,Wang Shengtu
Q45430794,6000000075424275844,Wang Qi
Q45430795,6000000075424518040,Li A
Q45430796,6000000075427346822,Shao Chengzhang
Q45430797,6000000075426470989,Yu Huan
Q45430798,6000000075425855876,Li Jingchen
Q45430799,6000000075428336029,Chai Yitan
Q45430800,6000000075423493956,Zhu Tangqing
Q45430802,6000000075426002917,Wu Qi
Q45430803,6000000075422825931,An Zongshi
Q45430805,6000000075423059539,Song Xiang
Q45430806,6000000075428635933,Zhou Sanwei
Q45430807,6000000075422277846,Wang Han
Q45430809,6000000075424878021,Li Yunzhong
Q45430810,6000000075419629938,Wang Cheng
Q45430811,6000000075425102987,Wang Xi
Q45430812,6000000075426112970,Wu Shuxian
Q45430813,6000000075426409303,Chen  Qi
Q45430817,6000000075425328878,Li Biao
Q45430818,6000000075424611101,Shi Congjian
Q45430819,6000000075420702028,Wang Jinli
Q45430820,6000000075424273064,Du Huan
Q45430823,6000000075425727822,Li Xiaoshu
Q45430825,6000000075428781945,Hu Shunchen
Q45430827,6000000075423781890,Shen Shu
Q45430829,6000000075419443304,Fang Yan
Q45430830,6000000075429139839,Jiang Zhan
Q45430831,6000000075423851023,Wang Shizhong
Q45430833,6000000075427667824,Zhou Xun
Q45430834,6000000075427008837,Xing Sishun
Q45430836,6000000075427242916,Zhou Yongqing
Q45430837,6000000075420653854,Wang Dexian
Q45430838,6000000075426179192,Lv Wenlao
Q45430839,6000000075429105896,Yu Liangbi
Q45430840,6000000075422522310,Wu Longqi
Q45430843,6000000075419896015,Wang Yi
Q45430844,6000000075427473856,Zhou Xun
Q45430845,6000000075424984930,Shi Zesui
Q45430846,6000000075422218856,Wang Junyang
Q45430847,6000000075426366975,Wu Yingxian
Q45430849,6000000075422520877,Shi Xiu
Q45430852,6000000075421099064,Tian Chengxiao
Q45430857,6000000075424128240,Li Xiang
Q45430858,6000000075426828828,Lin Liang
Q45430859,6000000075425563965,Wu Qian
Q45430860,6000000075426596185,Lin Sifu
Q45430861,6000000075428514020,Chai Yizhong
Q45430864,6000000075424792564,Wu Heng
Q45430867,6000000075428793831,Feng Rensou
Q45430868,6000000075423769090,Du Wenfu
Q45430869,6000000075422347857,Gan Bing
Q45430870,6000000075423969842,Shen Jizhong
Q45430872,6000000075419334098,Wang Zhichen
Q45430874,6000000075426431862,Wu Dalin
Q45430875,6000000075425547149,Wu Tianze
Q45430876,6000000075425338945,Li Kan
Q45430877,6000000075425431551,Lv Chun
Q45430880,6000000075423828360,Shi Huaisu
Q45430881,6000000075424306101,Li Qian
Q45430882,6000000075420921181,Tian Sheng
Q45430884,6000000075421204968,Shi Xiaowen
Q45430885,6000000075419257381,Wang Mao
Q45430887,6000000075423799861,Zhu Zhun
Q45430888,6000000075420198914,Wang Yi
Q45430889,6000000075427632378,Yao Hong
Q45430891,6000000075424059858,Wang Shenzhi
Q45430894,6000000075426371169,Lin Yi
Q45430895,6000000075427562881,Chen Gao
Q45430896,6000000075427390860,Lin Yingchen
Q45430898,6000000075420477967,Wang Congzhi
Q45430899,6000000075426385076,Zong Biying
Q45430901,6000000075426276872,Wu Keji
Q45430903,6000000075423003067,Wu Mengxie
Q45430904,6000000075427410864,Zhou Shi
Q45430905,6000000075421995964,Zuo Jian
Q45430906,6000000075426465930,He Kang
Q45430907,6000000075419353249,Wang Gu
Q45430908,6000000075424287210,Shi Zelin
Q45430909,6000000075427249829,Lin Yaochen
Q45430910,6000000075422411939,Gou Tao
Q45430915,6000000075428626866,Wang Zhu
Q45430917,6000000075420821845,Wang Yuncheng
Q45430921,6000000075424206890,Du Sheng
Q45430923,6000000075423071215,Zhu Youzhi
Q45430924,6000000075427778851,Song Shi
Q45430925,6000000075428039205,Lin Shilong
Q45430926,6000000075426021871,Li Rongzhong
Q45430927,6000000075422851924,An Zongshuo
Q45430929,6000000075424374825,Ge Zhiqi
Q45430930,6000000075425813859,Li Zunyi
Q45430932,6000000075425252834,Li Shinan
Q45430933,6000000075422426822,Wang Hu
Q45430934,6000000075419490969,Wang Songnian
Q45430937,6000000075426347896,Wu Guo'an
Q45430938,6000000075424387595,Wu Zi
Q45430939,6000000075424733242,Li E
Q45430940,6000000075426493005,Lin Jie
Q45430941,6000000075425304915,Li Cunxian
Q45430942,6000000075420975836,Wang Kuan
Q45430943,6000000075424937851,Shi Xiaocong
Q45430944,6000000075420152450,Wang Ji
Q45430945,6000000075424740830,Shi Daohang
Q45430947,6000000075419879922,Wang Xiao
Q45430948,6000000075425420935,Li Changqian
Q45430950,6000000075423294076,Zhu Jingyang
Q45430951,6000000075419980085,Wang Wenying
Q45430953,6000000075427934340,Hu Mengkui
Q45430954,6000000075423537163,Wang Qingqing
Q45430956,6000000075422795074,Zhu Guangjun
Q45430958,6000000075427628840,Zhou Zongmin
Q45430961,6000000075426896833,He Gefei
Q45430962,6000000075428110207,Gao Zhiwen
Q45430963,6000000075426069905,Wu Xiyuan
Q45430964,6000000075424611826,Li Ming
Q45430966,6000000075427515852,Zhuo Youzhi
Q45430968,6000000075422246835,Fang Zexu
Q45430970,6000000075420220839,Wang Sheng
Q45430972,6000000075425784150,He Yong
Q45430977,6000000075422327989,Jiang Tong
Q45430978,6000000075428517921,Li Xunbo
Q45430980,6000000075426725872,Lv Chonggeng
Q45430981,6000000075425822901,Ruan Dayou
Q45430982,6000000075424287045,Li Ting
Q45430983,6000000075423787166,Gu Xun
Q45430984,6000000075428720891,Chai Yiqing
Q45430987,6000000075427312849,Lin Wanqing
Q45430988,6000000075422982869,An Changqi
Q45430989,6000000075426883638,Lin Junmin
Q45430993,6000000075426085893,Wu Qi
Q45430995,6000000075419301156,Wang Yafu
Q45430996,6000000075425155872,Li Qi
Q45430997,6000000075426861982,Lin Tuan
Q45431001,6000000075426749822,Di Xian
Q45431002,6000000075424398333,Li Gongfu
Q45431003,6000000075425447911,Li Zongcheng
Q45431004,6000000075420656085,Wang Moqing
Q45431006,6000000075424801946,Li Feng
Q45431008,6000000075425453977,Xu Yaochen
Q45431009,6000000075420574052,Shuiqiu Lanyun
Q45431010,6000000075421057116,Gongcheng Gao
Q45431011,6000000075424690846,Song Weiliang
Q45431012,6000000075423799866,Zhu Lian
Q45431013,6000000075420334831,Wang Wensi
Q45431014,6000000075428992864,Xue Ji
Q45431015,6000000075429075850,Hu Tinggui
Q45431017,6000000075423371846,Zhu Yin
Q45431018,6000000075424154867,Wang Daiju
Q45431020,6000000075426900924,Meng Jun
Q45431021,6000000075426923080,Zhou Mei
Q45431022,6000000075420225030,Wang Chi
Q45431023,6000000075426596044,He Shixin
Q45431024,6000000075428980994,Fan Dongsou
Q45431025,6000000075426328822,Zhang Huaisu
Q45431027,6000000075423515840,Quan Qingfu
Q45431028,6000000075427568822,Zhou Zhenyi
Q45431029,6000000075421847969,Gong Tan
Q45431032,6000000075426518856,Lv Gui
Q45431033,6000000075419902154,Gong Tingsong
Q45431037,6000000075421318044,Tian Zhongzuo
Q45431038,6000000075422481004,Jiang Chang
Q45431039,6000000075427943131,Zhou E
Q45431040,6000000075426725877,Yu Songjie
Q45431041,6000000075425350111,Wu Lun
Q45431043,6000000075424838846,Li Ge
Q45431044,6000000075424165881,Gu Kui
Q45431048,6000000075426567211,Zhou Yi
Q45431054,6000000075423721995,Zhu Geng
Q45431055,6000000075422280890,Rao Song
Q45431057,6000000075419728867,Wang Shi
Q45431058,6000000075425020954,Li Zun
Q45431060,6000000075426344155,Bao Hui
Q45431061,6000000075425783959,Li Jifu
Q45431062,6000000075426483832,Fu Ziyun
Q45431064,6000000075427957173,Huang Yingde
Q45431065,6000000075426113146,Yu Tao
Q45431066,6000000075425189976,Li Andao
Q45431067,6000000075420623046,Wang Beng
Q45431069,6000000075425099132,Li Rui
Q45431070,6000000075424530086,Li Chu
Q45431072,6000000075421148987,Wang Sheng
Q45431074,6000000075422923297,Zhu Xiangxian
Q45431075,6000000075421167827,Wang Shan
Q45431076,6000000075424100190,Li Peng
Q45431077,6000000075420286878,Wang Qizhi
Q45431079,6000000075420444894,Wang Lv
Q45431080,6000000075421566670,Ai Baoqin
Q45431081,6000000075423802022,Li Chong
Q45431083,6000000075426450508,Zhou Yu
Q45431084,6000000075426881965,He Xinzhi
Q45431086,6000000075427386868,Lin Gongchen
Q45431089,6000000075426308156,Lin Fang
Q45431091,6000000075424507891,Shi Bao'an
Q45431092,6000000075423523845,Zhu Shenzhi
Q45431093,6000000075425431308,Wu Zhi
Q45431094,6000000075427127034,Zhou Cheng
Q45431096,6000000075426782027,Meng Zongru
Q45431097,6000000075425679305,He Zong
Q45431098,6000000075424704013,Li Qi
Q45431100,6000000075422523150,Wang Gao
Q45431102,6000000075422427920,Wang Fu
Q45431104,6000000075420988213,Shi Shunjv
Q45431107,6000000075425775940,Wu Lun
Q45431108,6000000075428477957,Chen Qi
Q45431110,6000000075424819841,Song Chucai
Q45431111,6000000075424115900,Wang Cui
Q45431113,6000000075425941538,Lin Dun
Q45431114,6000000075428134954,Hu Shi
Q45431115,6000000075422921260,Ren Shao
Q45431116,6000000075424392826,Du Fangshu
Q45431117,6000000075422978842,Zhu Jiang
Q45431118,6000000075422432823,Lan Tingrui
Q45431119,6000000075425604924,Li Fuyou
Q45431120,6000000075423555103,Ren Ruozhuo
Q45431121,6000000075419722887,Wang Juhou
Q45431122,6000000075427067862,He Juxing
Q45431123,6000000075424536256,Li Fang
Q45431124,6000000075426499822,Fu Weiqing
Q45431125,6000000075425963884,Wu Hui
Q45431127,6000000075428833825,Huang Qian
Q45431128,6000000075426509957,Lv Boduo
Q45431129,6000000075425403832,Li Shouwen
Q45431130,6000000075420692938,Wen Datong
Q45431132,6000000075424680309,Li Yue
Q45431133,6000000075424984836,Li Xiang
Q45431135,6000000075421388905,Gongsun Di
Q45431139,6000000075429124889,Jiang Yu
Q45431144,6000000075424339051,Du Zhan
Q45431145,6000000075424070871,Wang Juan
Q45431146,6000000075427638852,Zhou Yiwei
Q45431147,6000000075426213304,Lin Xuan
Q45431149,6000000075429041834,Mao Zongyu
Q45431150,6000000075426086256,Lin Bi
Q45431153,6000000075423534841,Xie Wenzi
Q45431154,6000000075426216904,Wu Weixin
Q45431155,6000000075423734178,Du Haier
Q45431156,6000000075426700273,Zhou Yongheng
Q45431157,6000000075422268822,Tian Chuchong
Q45431159,6000000075426109100,He Wu
Q45431163,6000000075421509449,Wang Gu
Q45431164,6000000075421247002,Tian Zhongjun
Q45431165,6000000075422715872,Qiu Shui
Q45431166,6000000075420212861,Ding Xuan
Q45431167,6000000075425510093,Wu Shen
Q45431168,6000000075428243006,Zhai Dazheng
Q45431169,6000000075425592544,Yu Junxi
Q45431170,6000000075420792871,Wang Pijiang
Q45431171,6000000075424824855,Li Xun
Q45431172,6000000075423883059,Yin Xigu
Q45431174,6000000075427299854,Lin Jingde
Q45431175,6000000075428551836,Ai Changji
Q45431180,6000000075425375066,Li Yanzhi
Q45431182,6000000075423761982,Ren Xiusi
Q45431183,6000000075419676883,Wang Zongchuan
Q45431185,6000000075424704050,Li Qubing
Q45431186,6000000075426414893,Wu Jue
Q45431187,6000000075424387600,Li Wanchao
Q45431189,6000000075425771044,Wu Ji
Q45431190,6000000075426117076,Zhao Ximai
Q45431192,6000000075419789448,Wang Deng
Q45431193,6000000075421520847,Tian Min
Q45431194,6000000075425182942,Li Ba
Q45431195,6000000075425029049,Li Zongjie
Q45431196,6000000075424273184,Shi Xiaocong
Q45431197,6000000075424797318,Xing Hao
Q45431200,6000000075420679033,Wen Daonan
Q45431207,6000000075423774067,Yin Gu
Q45431211,6000000075427058005,Song Shi
Q45431212,6000000075426111313,Zong Zhicong
Q45431214,6000000075427245453,Miao Cun
Q45431218,6000000075427411869,Zhou Derong
Q45431219,6000000075426274847,Wu Xuan
Q45431220,6000000075422208846,Zuo Kui
Q45431221,6000000075426699058,Zheng Shaomei
Q45431225,6000000075423210822,Zhu Quan
Q45431226,6000000075422370047,Gou Shiliang
Q45431229,6000000075420200852,Ding Li
Q45431230,6000000075422757844,Qiu Cheng
Q45431231,6000000075425592002,Zhao Xiqi
Q45431232,6000000075426808848,Lv Zuyi
Q45431233,6000000075420402104,Wang Yunming
Q45431234,6000000075423989984,Cheng Xiang
Q45431237,6000000075426704150,Meng Yingzhi
Q45431239,6000000075423077921,Zhu Tingjie
Q45431241,6000000075423017860,Pi Longrong
Q45431242,6000000075428524897,Zhao Bofeng
Q45431243,6000000075421430530,Shi Yong
Q45431245,6000000075419640945,Wang Zongqing
Q45431247,6000000075423915902,Wang Xingjian
Q45431248,6000000075425076975,Du Hao
Q45431249,6000000075426056037,Wu Qianren
Q45431250,6000000075425513108,Wu Anguo
Q45431252,6000000075420953858,Wang Yi
Q45431253,6000000075421093114,Tian Wei
Q45431254,6000000075427484328,Shi Yugong
Q45431255,6000000075425560842,Li Kangzong
Q45431256,6000000075425590896,Li Xiaoxin
Q45431257,6000000075426455961,He Yuan
Q45431259,6000000075425028995,Li Dageng
Q45431260,6000000075424725956,Li Guan
Q45431262,6000000075419570049,Wang Han
Q45431265,6000000075429068867,Fan Zi
Q45431267,6000000075423866838,Shen Xin
Q45431268,6000000075422893044,Wang Suo
Q45431272,6000000075427036822,Lai Zizhang
Q45431274,6000000075426698945,He Shiyun
Q45431275,6000000075429009865,Hong Daiyong
Q45431277,6000000075420693834,Gan Kejiu
Q45431278,6000000075423500869,Zhu Zongyi
Q45431279,6000000075427077164,Yang Li
Q45431281,6000000075425586167,Wu Xiongfei
Q45431282,6000000075421917983,Yang Fu
Q45431283,6000000075424525888,Shi Baoyin
Q45431284,6000000075427265822,Lin Tianshen
Q45431286,6000000075425068868,Li Youzhi
Q45431287,6000000075423180850,Wang Zongyue
Q45431289,6000000075421135152,Tian Canyan
Q45431291,6000000075420242822,Wang Chi
Q45431292,6000000075422428994,Jiang Fu
Q45431294,6000000075426801882,Li Shangsou
Q45431296,6000000075424192872,Wang Xun
Q45431297,6000000075424653917,Yu Shan
Q45431299,6000000075423742824,Shen Anyi
Q45431300,6000000075428864843,Chai Mengheng
Q45431301,6000000075424010038,Du Risi
Q45431303,6000000075427237876,Zhou Wang
Q45431306,6000000075425764875,Gao Shi
Q45431307,6000000075419741880,Wang Zongchu
Q45431308,6000000075426742081,Fang Zeru
Q45431309,6000000075422974248,Ren Tangzheng
Q45431310,6000000075425256847,Li Yongxi
Q45431311,6000000075425816126,Wu Jizi
Q45431312,6000000075426128876,Wu Yuan
Q45431313,6000000075425728031,Wu Yan
Q45431314,6000000075421107069,Wang Ye
Q45431315,6000000075420819891,Wang Bida
Q45431316,6000000075425338017,Li Yizhi
Q45431317,6000000075424916124,Li Yidu
Q45431321,6000000075424748946,Chen Tong
Q45431322,6000000075425653895,Li Changqing
Q45431323,6000000075421024900,Wang Xiandao
Q45431326,6000000075427554155,Zhou Ziyong
Q45431328,6000000075423289860,Zhu Ruzhou
Q45431329,6000000075423647948,Shen Chuncheng
Q45431330,6000000075429110838,Zhang Zhongbin
Q45431331,6000000075424176838,Wang Shen
Q45431333,6000000075424321069,Song Weiwo
Q45431334,6000000075427646869,Zhou Wei
Q45431335,6000000075427406840,Zhou Qin
Q45431336,6000000075426529940,Lv Jian
Q45431337,6000000075426880875,Lin Xiang
Q45431342,6000000075427480869,Zhou Anqi
Q45431343,6000000075426204945,Wu Zhou
Q45431345,6000000075422051933,Wang Hong
Q45431346,6000000075426698089,Lin Liangxian
Q45431348,6000000075424897988,Shi Zeqing
Q45431349,6000000075424600844,Zhu Bi
Q45431352,6000000075421231109,Tian Zhongwen
Q45431353,6000000075423253999,Quan Huanqing
Q45431355,6000000075426453921,He Ziju
Q45431356,6000000075419922991,Ding Ke
Q45431358,6000000075425431138,Wu Zong
Q45431359,6000000075426779857,He Wan
Q45431360,6000000075419344689,Wang Yungong
Q45431361,6000000075424291838,Cheng Min
Q45431362,6000000075424880822,Li Bing
Q45431363,6000000075428572826,Lin Yijian
Q45431366,6000000075424300888,Du Riqian
Q45431367,6000000075427701216,Lin Shilu
Q45431368,6000000075426889101,Lin Yuan
Q45431369,6000000075421049523,Wang Di
Q45431372,6000000075428626875,Hu Yanlong
Q45431373,6000000075426623068,Shao Xun
Q45431374,6000000075423906883,Shen Wei
Q45431376,6000000075426058042,Cai Mengsou
Q45431377,6000000075426158860,Wu Anqi
Q45431379,6000000075425875986,Wu Qi
Q45431380,6000000075421620835,Wang Guangzu
Q45431381,6000000075420993840,Wang Jianyan
Q45431382,6000000075424726222,Li Zongcheng
Q45431383,6000000075421532829,Gongsun Zhizhi
Q45431387,6000000075420937976,Wang Yin
Q45431388,6000000075424887894,Li Bing
Q45431391,6000000075423028012,Hou Mou
Q45431393,6000000075423330048,Shen Tang
Q45431394,6000000075428539123,Hu Mengkui
Q45431395,6000000075423734020,Song Shiyao
Q45431397,6000000075424273071,Shi Huaisu
Q45431398,6000000075426516137,Lai Shoushun
Q45431399,6000000075426214407,Lin Yingyan
Q45431400,6000000075426565903,Lv Zhongkan
Q45431401,6000000075419394628,Wang Congshan
Q45431404,6000000075427267027,Zhou Jiyan
Q45431407,6000000075426084386,Ming Qi
Q45431408,6000000075421023025,Mao Shiyi
Q45431410,6000000075424581841,Du Sidan
Q45431412,6000000075422584829,Shi Song
Q45431415,6000000075423378918,Zhu Fu
Q45431416,6000000075425467519,Lv Shi
Q45431417,6000000075420137916,Wang Chou
Q45431418,6000000075422795823,An Ji
Q45431419,6000000075425776910,Li Jian
Q45431422,6000000075424865840,Li Shi
Q45431423,6000000075423555180,Gu Liang
Q45431424,6000000075423758827,Ren Kai
Q45431429,6000000075427147911,Zhou Mian
Q45431430,6000000075422241946,Wang Shen
Q45431431,6000000075425591955,Xing Junchen
Q45431432,6000000075428617952,Chai Yuqing
Q45431435,6000000075428706838,Zeng Qi
Q45431436,6000000075426879990,Lin Yu
Q45431438,6000000075424080418,Li Shenzhi
Q45431439,6000000075425530269,Wu Qianneng
Q45431441,6000000075421540900,Tian Zeng
Q45431442,6000000075420543085,Wang Keda
Q45431443,6000000075425044083,Li Rugang
Q45431444,6000000075421133984,Wang Shi
Q45431447,6000000075425727828,Li Shiyu
Q45431448,6000000075420041823,Ding Jun
Q45431449,6000000075419422737,Wen Jizhen
Q45431452,6000000075420255907,Wang Wenzi
Q45431455,6000000075423276864,Ma Mou
Q45431456,6000000075422923302,Zhu Xiangxian
Q45431458,6000000075429197833,Fan Cun
Q45431461,6000000075426568082,He Siwu
Q45431462,6000000075424644884,Yao Shu
Q45431463,6000000075427294893,Zhou Shidao
Q45431464,6000000075426430036,Yu Zhu
Q45431465,6000000075420626886,Wang Jue
Q45431467,6000000075426787921,Fang Biao
Q45431468,6000000075429403822,Yu Yizhi
Q45431469,6000000075427421906,Zhuo Shunzhi
Q45431470,6000000075426310834,Yang Wenju
Q45431473,6000000075424038039,Li Ping
Q45431475,6000000075422970940,Zhu Ziying
Q45431477,6000000075424580082,Shi Zeren
Q45431479,6000000075426492938,Kuang Zhining
Q45431480,6000000075423350906,Zhong Yuan
Q45431481,6000000075419422202,Wang Chong
Q45431482,6000000075422749861,Jiang Xiang
Q45431483,6000000075426741885,He Qi
Q45431484,6000000075420784892,Wang Shengzhi
Q45431485,6000000075425900849,Ruan Wenqing
Q45431486,6000000075424067279,Wu Bida
Q45431487,6000000075423258062,Shen Zhonggu
Q45431488,6000000075423410273,Wang Gou
Q45431489,6000000075428348921,Xuan Heng
Q45431490,6000000075424400828,Du Keda
Q45431492,6000000075426471133,Lin Hanfu
Q45431493,6000000075422132987,Shi Shen
Q45431495,6000000075428866868,Hu Wenke
Q45431499,6000000075424039822,Wang Tingyou
Q45431500,6000000075424765491,Wu Ancao
Q45431502,6000000075425027884,Du Yin
Q45431503,6000000075426011857,Li Naichang
Q45431504,6000000075421010107,Tian Deng
Q45431505,6000000075420931846,Wang Kejiu
Q45431506,6000000075425415900,Li Mingwen
Q45431507,6000000075421334907,Wang Xian
Q45431509,6000000075420047822,Wang Han
Q45431510,6000000075425689854,Li Youzhi
Q45431512,6000000075424839980,Li Jing
Q45431513,6000000075420101961,Wang Lang
Q45431514,6000000075421061916,Wang Xiandao
Q45431516,6000000075428804831,Zhou Daheng
Q45431517,6000000075422521202,Dai Mou
Q45431518,6000000075423767879,Zhu Shi
Q45431521,6000000075424102906,Song Ding
Q45431522,6000000075426308245,Lin Su
Q45431524,6000000075426475278,Ji Fu
Q45431525,6000000075426710846,Lv Shuxian
Q45431527,6000000075429078823,Miao Zhen
Q45431529,6000000075429273838,Yu Ruozhu
Q45431530,6000000075427344943,Zhou Yingshi
Q45431532,6000000075425432422,Wu Xuan
Q45431533,6000000075427225861,Shao Ji
Q45431535,6000000075424538902,Du Zhi
Q45431536,6000000075422011924,Zuo Shan
Q45431537,6000000075422194206,Zhu Bing
Q45431540,6000000075421730883,Tian Hongbao
Q45431542,6000000075420242828,Wang Maoxian
Q45431543,6000000075422546002,Bao Cai
Q45431544,6000000075425530479,Li Kangchen
Q45431545,6000000075426461938,Lv Tan
Q45431546,6000000075423137016,Zhu Chengzu
Q45431547,6000000075420181174,Wang Zhen
Q45431550,6000000075423341079,Zhu Huan
Q45431551,6000000075423741140,Gu Xin
Q45431554,6000000075427720193,Xuan Ming
Q45431559,6000000075419584061,Wang Zhaoyu
Q45431560,6000000075426990943,He Deshun
Q45431561,6000000075423541030,Ren Congyi
Q45431562,6000000075428501892,Zhou Xie
Q45431564,6000000075426202989,Shi Shushan
Q45431565,6000000075425299822,Li Yonggeng
Q45431566,6000000075425728036,Wu Chi
Q45431567,6000000075421517879,Tian Kai
Q45431568,6000000075420062265,Wang Huaiji
Q45431570,6000000075425045052,Li Dahui
Q45431573,6000000075424680325,Li Yuyan
Q45431574,6000000075425419034,Xing Yi
Q45431575,6000000075420084009,Wang Qihui
Q45431576,6000000075423317588,Shi Xiaoying
Q45431581,6000000075423248105,Zhu Shunyong
Q45431582,6000000075428730973,Hu Boji
Q45431583,6000000075423328863,Zhu Ruji
Q45431584,6000000075427487960,Zhang Li
Q45431585,6000000075424184825,Wang Jianlao
Q45431586,6000000075426117206,Meng Jie
Q45431587,6000000075424744823,Li Gai
Q45431588,6000000075427447822,Zhou Shirui
Q45431589,6000000075426646889,He Zhongli
Q45431590,6000000075420050142,Yu Yang
Q45431592,6000000075426647939,Lin Yue
Q45431594,6000000075427127039,Zhuo Yule
Q45431595,6000000075425705148,Wu Dehong
Q45431598,6000000075424298023,Shi Baoyue
Q45431599,6000000075422206855,Fang Yingfa
Q45431600,6000000075423056895,Jiang Dexian
Q45431601,6000000075422098110,Shi Shi
Q45431602,6000000075421607903,Sima Gun
Q45431603,6000000075425158849,Shi Suikan
Q45431604,6000000075420114912,Ding Yuan
Q45431606,6000000075426258982,Yuan Zong
Q45431607,6000000075422799833,Qiu Yi
Q45431608,6000000075423068001,Zhu Mengweng
Q45431609,6000000075420806846,Wang Zhen
Q45431610,6000000075424286153,Li Shi
Q45431611,6000000075425517116,Li Jian
Q45431612,6000000075423743855,Zhu Zhenjing
Q45431614,6000000075424282844,Wang Meng
Q45431615,6000000075407522890,Du Qufei
Q45431620,6000000075425844831,Li Rong
Q45431628,6000000075425197860,Li Jie
Q45431630,6000000075426074822,Li Degun
Q45431631,6000000075421621840,Tian Hua
Q45431632,6000000075419674393,Wen Tianxi
Q45431635,6000000075419923859,Ding You
Q45431636,6000000075424972144,Li Rulei
Q45431637,6000000075424106570,Li Youzhi
Q45431638,6000000075419786192,Wang Tang
Q45431640,6000000075420573202,Wang Hua
Q45431641,6000000075424205285,Li Bing
Q45431642,6000000075420164083,Wang Jun
Q45431643,6000000075423722948,Zhu Jie
Q45431648,6000000075426007399,Lv Shiyan
Q45431649,6000000075424622905,Wu Andao
Q45431650,6000000075427193967,Zhou Min
Q45431652,6000000075425854193,Yu Ao
Q45431653,6000000075428821914,Hu Anzhi
Q45431654,6000000075426882847,He Chunyou
Q45431655,6000000075428941988,Wei Shunming
Q45431656,6000000075427482880,Zhuo Qingji
Q45431657,6000000075426093976,Wu Bowu
Q45431658,6000000075426918045,Lin Zhao
Q45431659,6000000075421311852,Mao Yongbao
Q45431660,6000000075421770990,Gong Li
Q45431661,6000000075422379132,Yuwen Jingqian
Q45431664,6000000075424620826,Shi Baoyue
Q45431665,6000000075420167858,Wang Maogang
Q45431666,6000000075425125853,Shi Huicai
Q45431667,6000000075426224146,He Meng
Q45431668,6000000075426279147,Di Xun
Q45431670,6000000075422802847,Bao Xi
Q45431671,6000000075424718923,Li Shen
Q45431672,6000000075423484901,Zhong Quan
Q45431674,6000000075423669884,Ren Jie
Q45431682,6000000075428565839,Xie Chou
Q45431683,6000000075428676945,Hu Wenju
Q45431684,6000000075422449828,Wang Yin
Q45431686,6000000075428725822,Zhou Xi
Q45431687,6000000075419821826,Wang Siming
Q45431688,6000000075423984864,Ren Jingxian
Q45431690,6000000075421693540,Li Mou
Q45431691,6000000075426342889,Lv Yan
Q45431692,6000000075421014835,Wang Kexun
Q45431695,6000000075421320025,Shi Maoliang
Q45431697,6000000075425538874,Li Chonggui
Q45431698,6000000075419620090,Wang Xing
Q45431699,6000000075420044091,Wang Xunyu
Q45431701,6000000075424994840,Li Lin
Q45431703,6000000075428361038,Zhou Daxiang
Q45431709,6000000075427517920,Hong Ge
Q45431711,6000000075424014925,Song Shida
Q45431712,6000000075427038830,Meng Ying
Q45431715,6000000075420704823,Yu Shu
Q45431717,6000000075426867870,Qu Jian
Q45431718,6000000075429165897,Yu Maoxi
Q45431719,6000000075428945920,Qian Shuoyou
Q45431720,6000000075427452848,li Kanghou
Q45431721,6000000075426244854,Wu Yun
Q45431722,6000000075427084964,Gao Weiyue
Q45431723,6000000075421267872,Shi Yu
Q45431724,6000000075422126890,Wang Wan
Q45431725,6000000075422972895,Wang Ming
Q45431727,6000000075422260044,Gou Zhongfu
Q45431728,6000000075424107045,Li Ping
Q45431729,6000000075420000929,Ding Xia
Q45431730,6000000075426603844,He Shiliang
Q45431731,6000000075424999890,Li Kui
Q45431733,6000000075426690879,Li Kangnian
Q45431735,6000000075424717909,Li Cheng
Q45431738,6000000075423637877,Zhu Qizhang
Q45431741,6000000075424296936,Du Runeng
Q45431748,6000000075426353297,Lin Ziyun
Q45431749,6000000075427966137,Shi Hui
Q45431752,6000000075423902924,Zhu Ying
Q45431754,6000000075424398247,Li Jin
Q45431755,6000000075426131085,Lv Yan
Q45431756,6000000075425892919,Li Weizhi
Q45431758,6000000075420150303,Wang Deng
Q45431759,6000000075421274983,Tian Lin
Q45431760,6000000075424848041,Li Guangsi
Q45431762,6000000075420385840,Wang Wenhuan
Q45431763,6000000075425164017,Li Mingyun
Q45431764,6000000075425143119,Li Muqing
Q45431767,6000000075421097898,Wang Shun
Q45431769,6000000075422893049,Zhu Kui
Q45431770,6000000075420524865,Wang Jun
Q45431772,6000000075424048926,Yin Yuexiu
Q45431773,6000000075426806977,He Wanxuan
Q45431774,6000000075428370092,Lin Binzhi
Q45431775,6000000075424763822,Song Gao
Q45431777,6000000075419115678,Wang Shanzhi
Q45431778,6000000075426493010,He Yunzhao
Q45431779,6000000075426784917,Qu Huang
Q45431780,6000000075427232625,Fan Jisui
Q45431781,6000000075428969858,Hong Qingchen
Q45431782,6000000075427573834,Zhuo Zunguo
Q45431783,6000000075424387764,Wu Jingli
Q45431784,6000000075426960917,Ming Yan
Q45431786,6000000075422169896,Zuo Zhen
Q45431788,6000000075421065226,Sima Shuang
Q45431790,6000000075424449877,Song Yu
Q45431791,6000000075420084907,Wang Yingying
Q45431792,6000000075426398998,Yu Guan
Q45431794,6000000075424909926,Li Yan
Q45431797,6000000075426658959,Li Kangzhi
Q45431798,6000000075422832018,Ren Shan
Q45431800,6000000075423106020,Shen Liangneng
Q45431801,6000000075422713969,Wang Tingxi
Q45431806,6000000075425844836,Li Qiaonian
Q45431808,6000000075428571954,Hong Zifan
Q45431809,6000000075427088861,Lin Yan
Q45431811,6000000075427945182,Hu Sicong
Q45431815,6000000075425028908,Li Cheng
Q45431816,6000000075424016846,Wang Tingzhi
Q45431817,6000000075426403862,Lv Yan
Q45431818,6000000075426055847,Wu Zhang
Q45431820,6000000075420614070,Wang Huaizhong
Q45431821,6000000075421462959,Tian Jing
Q45431823,6000000075419795932,Ding Zhuan
Q45431825,6000000075425356932,Li Chou
Q45431826,6000000075425143124,Li Yousun
Q45431827,6000000075428733863,Hu Xi
Q45431831,6000000075423233923,Wang Suo
Q45431832,6000000075420573829,Wang Qiyu
Q45431834,6000000075424758948,Li Lin
Q45431835,6000000075423206320,Zhu Zhi
Q45431836,6000000075426987908,Lin Yun
Q45431837,6000000075424501915,Shi Huaizu
Q45431838,6000000075429151838,Hu Menglin
Q45431839,6000000075420716826,Yu Yuan
Q45431840,6000000075427236946,Zhou Mu
Q45431841,6000000075426733845,He Xin
Q45431845,6000000075427467897,Zhuo Yifu
Q45431846,6000000075426212927,Wu Shiheng
Q45431848,6000000075422139950,Wang Chu
Q45431849,6000000075422794026,Zhu Shiting
Q45431851,6000000075421403978,Wang Zhongning
Q45431853,6000000075424479874,Du Zhen
Q45431854,6000000075426225044,Wu Mi
Q45431855,6000000075419900607,Wang Yong
Q45431856,6000000075419610232,Ding Yu
Q45431859,6000000075420132218,Wang Gongzuo
Q45431861,6000000075423329938,Xiang Zonghou
Q45431862,6000000075422218056,Bao Shun
Q45431864,6000000075423065822,An Zhaozu
Q45431865,6000000075425956826,Ruan Xiushi
Q45431866,6000000075426259358,Lin Zhen
Q45431867,6000000075424330905,Li Tai
Q45431868,6000000075424235878,Gu Yuan
Q45431869,6000000075425882822,Wu Shan
Q45431872,6000000075426423119,Lin Zishan
Q45431873,6000000075428343050,Hu Yuanyi
Q45431874,6000000075427185387,Hu Jianzhi
Q45431875,6000000075422200945,Wang Xiaozhong
Q45431876,6000000075419836822,Wang Zhongmin
Q45431878,6000000075423698007,Wang Tingmei
Q45431879,6000000075425363417,Lv Ding
Q45431882,6000000075420124036,Wang Sheng
Q45431886,6000000075421287025,Wang Gai
Q45431888,6000000075425628891,Li Jingwen
Q45431889,6000000075425415912,Guo Yundao
Q45431890,6000000075425136047,Li Lin
Q45431891,6000000075421003898,Mao Zizhong
Q45431893,6000000075423702913,Ren Sanjie
Q45431895,6000000075420243043,Ding Rui
Q45431900,6000000075424610974,Song Han
Q45431901,6000000075420396032,Wang Shanchang
Q45431904,6000000075426386005,Yu Qianyi
Q45431905,6000000075426418272,Yu Tingchun
Q45431907,6000000075426690930,Yu Yingcheng
Q45431909,6000000075426221902,Wu Weining
Q45431910,6000000075427202851,Sun Ting
Q45431912,6000000075422661077,Zhu Ge
Q45431913,6000000075421648899,Sima Kou
Q45431915,6000000075424064104,Du Baoheng
Q45431916,6000000075421405833,Mao Banghan
Q45431917,6000000075426161080,Lv Kai
Q45431919,6000000075420226835,Wang Heng
Q45431920,6000000075424530163,Shi Haiyin
Q45431921,6000000075424734903,Li Shi
Q45431923,6000000075420480995,Wang Gongbi
Q45431924,6000000075423562825,Yi Xiaoyi
Q45431925,6000000075421852332,Jiang Huan
Q45431926,6000000075426737883,He Cheng
Q45431927,6000000075423677876,Zhu Qishou
Q45431929,6000000075425966842,Li Ruorong
Q45431930,6000000075427233919,Zhou Liang
Q45431931,6000000075424463822,Li Dong
Q45431932,6000000075423544215,Cheng Rui
Q45431933,6000000075428479882,Zhou Shi
Q45431934,6000000075426769004,Lin Yan
Q45431935,6000000075425548015,Xing Congshan
Q45431936,6000000075428644860,Zhang Ruli
Q45431937,6000000075422368870,Shi Shouwen
Q45431938,6000000075428923831,Hu Hongxiu
Q45431940,6000000075423962886,Ren Jingzhang
Q45431941,6000000075419670946,Dong Xian
Q45431942,6000000075426448905,Lv Ding
Q45431946,6000000075420211279,Wang Xi
Q45431950,6000000075420127010,Wang Chaojun
Q45431951,6000000075425485948,Li Defu
Q45431952,6000000075425501885,Li Mingfu
Q45431953,6000000075425252950,Li Zhongyuan
Q45431956,6000000075422647141,Zhao Daheng
Q45431960,6000000075424467012,Shi Xiaozhen
Q45431961,6000000075423798951,Song Wu
Q45431962,6000000075426727909,Fu Meng
Q45431963,6000000075427658838,Zhou Mao
Q45431964,6000000075424570972,Li Zhu
Q45431965,6000000075420100252,Yu Ge
Q45431966,6000000075427354885,Ji Zhu
Q45431967,6000000075429159845,Fan Quan
Q45431968,6000000075426680885,Yu Daya
Q45431969,6000000075429091822,Hong Guishu
Q45431970,6000000075427568851,Zhuo Xianfu
Q45431972,6000000075429157886,Wei Fuyao
Q45431973,6000000075426034994,Wu Bohou
Q45431975,6000000075421812096,Tian Jinxian
Q45431976,6000000075423035918,Zhu Shicong
Q45431977,6000000075422577872,Shi Menglong
Q45431978,6000000075424469886,Zhu Gui
Q45431979,6000000075421662931,Sima Fu
Q45431980,6000000075421237913,Mao Zhong
Q45431983,6000000075424809878,Song Sisun
Q45431985,6000000075425040945,Li Shiyong
Q45431986,6000000075420657951,Wang Jingguo
Q45431987,6000000075423583836,Zhu Huchen
Q45431988,6000000075422769251,Zhu Huan
Q45431991,6000000075425979195,Li Kangyan
Q45431992,6000000075425911851,Wu Qi
Q45431993,6000000075427077951,Zhou Dui
Q45431994,6000000075424037953,Song Yongnian
Q45431997,6000000075425491032,Xing Mengchen
Q45431998,6000000075428198939,Du Minwang
Q45431999,6000000075427901091,Lin Shuqing
Q45432000,6000000075422389857,Gu Xingyi
Q45432004,6000000075419394129,Wang Shangzhong
Q45432005,6000000075420286355,Qiu Ding
Q45432006,6000000075425672362,Wu Hongde
Q45432007,6000000075425874939,Wu Jia
Q45432008,6000000075421001829,Wang Xi
Q45432009,6000000075425245328,Wu Shouyi
Q45432011,6000000075421417964,Tian Yu
Q45432012,6000000075419422325,Fang Qi
Q45432013,6000000075425099224,Li Yanxian
Q45432015,6000000075420886024,Wang Ji
Q45432016,6000000075423589902,Zhu Ji
Q45432018,6000000075423367852,Wei Song
Q45432020,6000000075428844822,Shi Tingxian
Q45432021,6000000075423885016,Yin Xian
Q45432022,6000000075424896918,Li Lin
Q45432023,6000000075426056307,Lin Xian
Q45432025,6000000075424197169,Shi Huaixiu
Q45432027,6000000075420197099,Wang Xianglong
Q45432028,6000000075427168010,Zhou Chunzhong
Q45432030,6000000075425788271,Qiu Yuquan
Q45432035,6000000075426269881,Wu Jingsi
Q45432036,6000000075423185854,Zhu Zimei
Q45432037,6000000075427099955,Lin  Tianrui
Q45432038,6000000075422591851,Han Yongshi
Q45432039,6000000075424338961,Du Tangqing
Q45432042,6000000075421411822,Shi Qi
Q45432043,6000000075425675328,He Shizhao
Q45432044,6000000075419777107,Wang Ruone
Q45432045,6000000075424571931,Li Chong
Q45432046,6000000075424924019,Li Zhi
Q45432047,6000000075420683946,Wang Mengde
Q45432048,6000000075423003165,Yang Sunzhi
Q45432050,6000000075422892908,Wang Yansi
Q45432051,6000000075426834829,Lin Qi
Q45432052,6000000075422569933,An Mei
Q45432053,6000000075425162197,Li Shengyuan
Q45432055,6000000075427173888,Zhou zhihan
Q45432056,6000000075424466822,Li Pin
Q45432058,6000000075424250856,Gu Fang
Q45432061,6000000075423394915,Xiang Zongjie
Q45432062,6000000075422100939,Gu Yizhong
Q45432064,6000000075428607822,Shi Quan
Q45432065,6000000075425298826,Li Dan
Q45432066,6000000075423945872,Wang Bogeng
Q45432067,6000000075419823840,Wang Qixian
Q45432071,6000000075419885457,Wang Rong
Q45432072,6000000075426132849,Wu Yu
Q45432074,6000000075421417969,Shi Yunshou
Q45432075,6000000075425415847,Li Zhongguang
Q45432077,6000000075421239822,Wang Mu
Q45432078,6000000075423867835,Ren Dazhong
Q45432079,6000000075425627897,Li Yi
Q45432080,6000000075420098153,Wang Youzhong
Q45432081,6000000075425544845,Li Mingfu
Q45432082,6000000075428821846,Shi Decao
Q45432083,6000000075422830145,Zhao Qianli
Q45432087,6000000075427483953,Lin Tingxiu
Q45432088,6000000075420225071,Shao Yuan
Q45432089,6000000075424605891,Du Yingzhi
Q45432092,6000000075426693906,Yu Dayou
Q45432093,6000000075428941880,Hong Wujing
Q45432096,6000000075427473861,Li Yinzhong
Q45432097,6000000075425902137,Wu Bohai
Q45432098,6000000075422379137,Han Wenguang
Q45432099,6000000075426725910,He Weiqing
Q45432100,6000000075426975986,Shao Cheng
Q45432102,6000000075424043132,Li Shou
Q45432103,6000000075421936060,Gong He
Q45432104,6000000075420273330,Wang Li
Q45432108,6000000075420847862,Wang Gonggun
Q45432109,6000000075424812870,Song Wannian
Q45432110,6000000075423579908,Shen Lianghui
Q45432113,6000000075422389078,An Jun
Q45432114,6000000075425845892,Ruan Xifu
Q45432117,6000000075427267862,Lin Xu
Q45432119,6000000075427105869,Zhao Youtai
Q45432120,6000000075423623158,Wang Ji
Q45432121,6000000075423544235,Li Gongze
Q45432122,6000000075423504868,Zhu Xue
Q45432123,6000000075422035084,Gu Deqian
Q45432125,6000000075428802861,Hu Yuanyan
Q45432126,6000000075428495889,Shi Hang
Q45432127,6000000075425045252,Li Mai
Q45432128,6000000075423722000,Shen Gong
Q45432129,6000000075419322129,Wang Shangzhi
Q45432130,6000000075421233021,Qiu Zhu
Q45432132,6000000075425784099,Wu Dongming
Q45432134,6000000075425519095,Wu Gai
Q45432136,6000000075419899890,Wang Mo
Q45432137,6000000075421035825,Wang Zhengmin
Q45432139,6000000075420102992,Wang Chong
Q45432140,6000000075425299899,Li Cheng
Q45432143,6000000075420871985,Mao Wenchang
Q45432145,6000000075425170166,Xing Dun
Q45432147,6000000075423401824,Zhu Ruyi
Q45432148,6000000075424882928,Shi Tanyi
Q45432149,6000000075426766034,Lai Boyou
Q45432150,6000000075423969903,Yin Ji
Q45432152,6000000075420659866,Yu Cui
Q45432153,6000000075424642902,Du Gai
Q45432154,6000000075427060041,Zhou Zhu
Q45432155,6000000075429184847,Lin Chuhou
Q45432156,6000000075426102074,He Shichang
Q45432157,6000000075428730947,Hu Yingji
Q45432159,6000000075425826027,Wu Bokai
Q45432160,6000000075429407837,Wei Xingzong
Q45432161,6000000075423114855,Zhu Dadong
Q45432162,6000000075427403941,Shang Yu
Q45432163,6000000075426671023,Qu Yongcheng
Q45432165,6000000075424300996,Li Rui
Q45432166,6000000075422078938,Zuo Fu
Q45432167,6000000075421084936,Fang Rujiang
Q45432168,6000000075421997160,Shi Runci
Q45432169,6000000075426279167,Hu Chubang
Q45432174,6000000075423722854,Yang Chengzhang
Q45432176,6000000075425490045,Wu Guan
Q45432177,6000000075424759012,Shi Zunshi
Q45432179,6000000075422645055,Wang Yanqing
Q45432181,6000000075427142935,Zhou Fu
Q45432182,6000000075424314824,Yin Zhiqing
Q45432183,6000000075423885116,Shi Xianda
Q45432185,6000000075422035089,Shi Zhen
Q45432193,6000000075425204865,Li Caifu
Q45432194,6000000075426407881,Wu Gong
Q45432195,6000000075425990919,Wu Kui
Q45432202,6000000075425403867,Li Cheng
Q45432204,6000000075420388949,Wang Ge
Q45432207,6000000075423313884,Zhao Xiyuan
Q45432208,6000000075425612890,Li Jingguang
Q45432209,6000000075426962859,Meng Ji
Q45432210,6000000075424205603,Li Min
Q45432211,6000000075424196832,Wang Qiaonian
Q45432212,6000000075424991862,Li Quan
Q45432213,6000000075427325039,Lin Tinglong
Q45432214,6000000075420481971,Wang Dunshi
Q45432215,6000000075424741840,Li yi
Q45432216,6000000075427458854,Zhou Qiming
Q45432218,6000000075428944859,Hong Menglong
Q45432220,6000000075425592187,Wu Meiqing
Q45432222,6000000075427085163,Zhou Zhongqing
Q45432224,6000000075427192847,Ming Mu
Q45432225,6000000075424411985,Du Qi
Q45432226,6000000075426800909,Fang Lian
Q45432227,6000000075421902017,Tian Zhirun
Q45432228,6000000075421336830,Shi Jian
Q45432229,6000000075422568854,Yuan Dang
Q45432231,6000000075426563903,He Tan
Q45432232,6000000075420710870,Wang Gongdao
Q45432233,6000000075424790875,Xie Hao
Q45432238,6000000075422528923,Bao Zheng
Q45432241,6000000075426859990,Lv Shengzhi
Q45432242,6000000075423074828,Zhu Yuan
Q45432243,6000000075427217928,Shao Shuyi
Q45432244,6000000075423705102,Zhang Zhao
Q45432245,6000000075422259962,Gan Zhaoji
Q45432246,6000000075424180935,Du Anshi
Q45432247,6000000075428379003,Hong Tianfu
Q45432248,6000000075428532871,Shi Yu
Q45432249,6000000075425188155,Zhang Zhongfu
Q45432250,6000000075423815965,Zhu Guangyong
Q45432252,6000000075419788854,Wang Xiangru
Q45432254,6000000075423084084,Xiang Zongxian
Q45432255,6000000075426390922,Wu Zhao
Q45432256,6000000075425308834,Li Yuan
Q45432260,6000000075419742964,Ding Lian
Q45432261,6000000075420954830,Wen Yueneng
Q45432262,6000000075426104878,Wu Qian
Q45432263,6000000075421093121,Wang Yi
Q45432265,6000000075423534994,Ren Wensu
Q45432266,6000000075425333917,Li Shouxin
Q45432269,6000000075428430043,Zhou Zhichun
Q45432270,6000000075425214111,Li Shide
Q45432271,6000000075426371177,Lin Yu
Q45432272,6000000075423065910,Wang Gong
Q45432273,6000000075425462931,Li  Yonggong
Q45432274,6000000075423787084,Yin Zhi
Q45432276,6000000075420703840,Yu Jin
Q45432277,6000000075424713997,Shi Tanying
Q45432279,6000000075426697169,Lin Huizhi
Q45432281,6000000075428915910,Jiang Yu
Q45432283,6000000075426278914,Wu Boju
Q45432284,6000000075429341845,Zha Shen
Q45432286,6000000075426239105,Lv Zhizhi
Q45432287,6000000075426680192,Lin Taisu
Q45432288,6000000075424107082,Zhu Bi
Q45432289,6000000075422805983,Zhang Yuchun
Q45432290,6000000075426109236,Fang Yuzhi
Q45432291,6000000075421092984,Mao Changda
Q45432292,6000000075422387952,Shi Wen
Q45432297,6000000075420885824,Wang Gongfu
Q45432298,6000000075423776822,Yang Wuzhong
Q45432299,6000000075425776923,Li Maoxian
Q45432300,6000000075426109196,He Zhen
Q45432301,6000000075422555935,Qiu Yao
Q45432303,6000000075424980939,Dai Liangzhai
Q45432304,6000000075426848977,He Yingyou
Q45432305,6000000075423014847,An Baoheng
Q45432306,6000000075427149003,Zhou Zhihan
Q45432307,6000000075423787171,Shi Lingzhao
Q45432308,6000000075423734101,Song Ximeng
Q45432309,6000000075427900218,Chai Ding
Q45432310,6000000075428318891,Shi Nanyi
Q45432311,6000000075425604941,Li Mai
Q45432312,6000000075424001834,Yin Gong
Q45432313,6000000075422090045,Wang Xiaozhong
Q45432315,6000000075423600824,Xiang Zongfan
Q45432317,6000000075425083108,Wu Congshan
Q45432318,6000000075425157866,Li Fu
Q45432319,6000000075419569001,Wang Zhaoming
Q45432320,6000000075425051353,Yu Rongguang
Q45432321,6000000075428373907,Shi Shu
Q45432323,6000000075420989861,Wang Deming
Q45432324,6000000075421015193,Tian Wei
Q45432326,6000000075425937982,Li Ximing
Q45432327,6000000075423564963,Zhu Qinze
Q45432328,6000000075425358915,Li Dabian
Q45432330,6000000075428616932,Wang Wenke
Q45432331,6000000075425733838,Xing Qi
Q45432332,6000000075421211830,Wang Mu
Q45432333,6000000075425788455,Lai Qingxiang
Q45432334,6000000075423326847,Wu Quan
Q45432335,6000000075427574910,Lin Fenglong
Q45432336,6000000075424089873,Song Huo
Q45432339,6000000075424788964,Li Zhu
Q45432340,6000000075424345980,Xin Qizong
Q45432342,6000000075425202997,Li Yongqing
Q45432346,6000000075427533853,Shang Song
Q45432347,6000000075426469962,Liu Jiang
Q45432348,6000000075425771625,Lin Renshi
Q45432349,6000000075424387877,Du Tingzhi
Q45432351,6000000075426823906,Lin Cai
Q45432353,6000000075422545907,Yuan Dao
Q45432354,6000000075421274903,Mao Huiran
Q45432355,6000000075420545670,Fang Maode
Q45432359,6000000075420885829,Wang Hanchen
Q45432360,6000000075425853869,Wu Yi
Q45432362,6000000075426393125,He Yusou
Q45432364,6000000075421743875,Sima Yi
Q45432365,6000000075425151836,Shi Delan
Q45432367,6000000075422076316,An Gongxing
Q45432369,6000000075427171914,Zhou Wenhu
Q45432370,6000000075423806099,cheng Bi
Q45432372,6000000075425584070,Li Fu
Q45432373,6000000075424027853,Shen Zhu
Q45432375,6000000075422372857,Wang Si
Q45432379,6000000075424910019,Li Dafang
Q45432381,6000000075419595950,Wang Chihou
Q45432384,6000000075421043834,Wang Huaixun
Q45432385,6000000075428306051,Zhou Han
Q45432390,6000000075425243968,Li Zongyuan
Q45432394,6000000075424649453,Li Jingzhi
Q45432396,6000000075426966865,He Wanling
Q45432399,6000000075422369314,Wu Qi
Q45432400,6000000075420257087,Wang Jue
Q45432402,6000000075423347660,Shi Tanying
Q45432404,6000000075428988861,Lin Chugong
Q45432406,6000000075426116947,Li Weizheng
Q45432407,6000000075429283894,Gao Bian
Q45432408,6000000075429084825,Kong Duanchao
Q45432409,6000000075427482885,Zhou Huizhi
Q45432412,6000000075422661743,Du Gangjiu
Q45432415,6000000075422439948,Shi Yu
Q45432417,6000000075421701137,Wang Wan
Q45432419,6000000075426224038,He Shou
Q45432420,6000000075424757900,Song Hanchen
Q45432422,6000000075420012392,Wang Gongyi
Q45432423,6000000075425946824,Ruan Sicong
Q45432426,6000000075426429051,Lv Renlong
Q45432431,6000000075427276869,Lin Ze
Q45432433,6000000075424470822,Shi Xianbin
Q45432434,6000000075428880881,Hu Chaoying
Q45432435,6000000075428490917,Shi Lei
Q45432437,6000000075425759878,Li Xiangzhi
Q45432441,6000000075425132937,Li Xu
Q45432444,6000000075420079829,Wang Yu
Q45432445,6000000075425399111,Wu Shen
Q45432446,6000000075421055822,Wang Zhengchen
Q45432447,6000000075428489978,Lin Jili
Q45432448,6000000075420122037,Wang Ting
Q45432449,6000000075426156835,Li Xizheng
Q45432452,6000000075424733156,Li Zhongfang
Q45432453,6000000075420141130,Fang Ni
Q45432454,6000000075428821851,Zhou Zhishen
Q45432455,6000000075425693893,Li Deming
Q45432456,6000000075427012847,Xi Heng
Q45432457,6000000075427659891,Hong Gui
Q45432462,6000000075427386881,Lin Biqing
Q45432465,6000000075424832177,Li Shubao
Q45432466,6000000075425771149,Wu Zongdan
Q45432467,6000000075428926880,Hu Lvgang
Q45432468,6000000075429375849,Fan Yanhui
Q45432470,6000000075427409889,Li Weiyong
Q45432472,6000000075426567170,Lin Daishu
Q45432473,6000000075424511844,Song Yun
Q45432474,6000000075426440057,Yu Guanfu
Q45432476,6000000075422546869,Shi Gan
Q45432477,6000000075420964148,Gong Ji
Q45432478,6000000075421059014,Mao Xixi
Q45432480,6000000075423455981,Zhu Zhizhong
Q45432481,6000000075420701957,Shangguan Mi
Q45432482,6000000075425867899,Li Gong
Q45432483,6000000075420199860,Ding Yu
Q45432485,6000000075422281075,Qiu Jun
Q45432486,6000000075426426126,Yu Xidan
Q45432488,6000000075427057833,Shao Bin
Q45432491,6000000075422770955,Zhu Wan
Q45432492,6000000075426214368,Shao Zhirou
Q45432494,6000000075424260844,Song Yongxi
Q45432495,6000000075424388836,Li Mu
Q45432496,6000000075428386916,Shi Chang
Q45432500,6000000075426454869,Lv Wu
Q45432502,6000000075424910024,Li Zuo
Q45432503,6000000075418647324,Wang Zhiyong
Q45432505,6000000075421462879,Wang Pu
Q45432506,6000000075425390270,Li Hanju
Q45432507,6000000075420824921,Wang Zhengchen
Q45432508,6000000075428739824,Chen Bing
Q45432512,6000000075423410037,Shen Kang
Q45432514,6000000075425492822,Li Zongcheng
Q45432516,6000000075428645908,Shi Jinqing
Q45432517,6000000075424575261,Li Jinghe
Q45432518,6000000075426928914,He Xizhi
Q45432519,6000000075427648853,Liu Shoufu
Q45432521,6000000075423729989,Gu Lishou
Q45432522,6000000075422634197,Zhu Guangpu
Q45432523,6000000075420689858,Wang Ziren
Q45432524,6000000075424127140,Shi Tanhua
Q45432525,6000000075427299925,Zhou Weide
Q45432526,6000000075424286987,Xin Kecheng
Q45432528,6000000075425197382,Wu Dingweng
Q45432530,6000000075428880986,Gao Jisong
Q45432531,6000000075428982856,Hu Yilong
Q45432532,6000000075426567339,Zhou Zhongjia
Q45432533,6000000075426356023,Yu Yuanqing
Q45432534,6000000075427185871,Lin Pengnian
Q45432535,6000000075424387882,Shi Zanyuan
Q45432536,6000000075426958822,Wu Jiu
Q45432538,6000000075422394976,Gou Juti
Q45432539,6000000075420872072,Mao Dunshu
Q45432540,6000000075421105400,Gong Fu
Q45432542,6000000075420673004,Shangguan Hui
Q45432543,6000000075424910824,Li You
Q45432544,6000000075419570146,Wang Lv
Q45432546,6000000075426685822,Lv Qi
Q45432547,6000000075422801831,An Shi
Q45432548,6000000075426851836,Yu Tingjian
Q45432549,6000000075420152496,Shen Fang
Q45432550,6000000075427059875,He Yinglong
Q45432553,6000000075424283273,Shi Decong
Q45432554,6000000075424362861,Shi Tiqian
Q45432555,6000000075428833855,Hu Yuanxing
Q45432556,6000000075428538877,Shi Yi
Q45432557,6000000075425447121,Li Sizheng
Q45432558,6000000075424279858,Wang Senqing
Q45432559,6000000075422486822,Gu Shiyan
Q45432562,6000000075424880007,Li Xun
Q45432566,6000000075421392924,Qiu Zi
Q45432569,6000000075425755943,Li E
Q45432571,6000000075426201862,Chen Lida
Q45432572,6000000075421616885,Wang Wen
Q45432573,6000000075423254163,Ren Yuanshan
Q45432574,6000000075420519866,Diao Qi
Q45432576,6000000075425126242,Li Jinghe
Q45432577,6000000075426680084,Lin Sheng
Q45432579,6000000075421160859,Wang You
Q45432582,6000000075420561936,Wang Dengshi
Q45432583,6000000075423240936,Wei Wengyi
Q45432584,6000000075425493822,Li Zhongxuan
Q45432585,6000000075424100219,Li Yi
Q45432586,6000000075425626822,Li Baoxin
Q45432589,6000000075426063031,Wu Tang
Q45432592,6000000075429435822,Yu Guobao
Q45432596,6000000075426620036,Lv Yuanheng
Q45432597,6000000075422369221,Zhu Zhichun
Q45432598,6000000075423544328,Song Zhao
Q45432599,6000000075422584842,Yuan Shu
Q45432600,6000000075421370834,Mao Denglong
Q45432601,6000000075422075939,Zuo Lai
Q45432602,6000000075423613908,Zhu Huan
Q45432603,6000000075420607961,Shangguan Kui
Q45432606,6000000075420281822,Wang Tong
Q45432607,6000000075426111152,Yu Yu
Q45432608,6000000075422691863,Jiang Kai
Q45432609,6000000075425757920,Chen Yuanlao
Q45432610,6000000075421775838,Shen Zhi
Q45432611,6000000075426454026,He Bojin
Q45432612,6000000075427016868,Shao Biao
Q45432614,6000000075426825127,Zhou Wenbing
Q45432615,6000000075428918846,Hu Yuanheng
Q45432616,6000000075425003899,Li Shiji
Q45432617,6000000075424159008,Shi Yandian
Q45432618,6000000075425170239,Li Hui
Q45432620,6000000075428616834,Lou Qi
Q45432621,6000000075423550861,Zhu Tan
Q45432622,6000000075422044023,Gan Fengzi
Q45432623,6000000075426437874,Wu Lvzhong
Q45432624,6000000075424997099,Li Shen
Q45432625,6000000075419549119,Wang Mo
Q45432627,6000000075423808951,Shen Qian
Q45432628,6000000075421239016,Wang Ji
Q45432629,6000000075420748989,Wang Dehou
Q45432630,6000000075420206910,Wang Shiyan
Q45432631,6000000075426202864,Zhu Fanyuan
Q45432633,6000000075423780889,Shen lian
Q45432635,6000000075426050845,Yang Zijia
Q45432637,6000000075425574917,Li zhenqing
Q45432638,6000000075426875897,A  Ligu
Q45432639,6000000075426922314,Lin Gucheng
Q45432641,6000000075420876061,Mao Youcheng
Q45432642,6000000075423918047,Wang Gaohui
Q45432644,6000000075420438992,Wang Zishen
Q45432645,6000000075424880075,Li Tuan
Q45432648,6000000075425253956,Li Yunzi
Q45432649,6000000075424276188,Shi Tanhua
Q45432651,6000000075425922046,Wu Guang
Q45432653,6000000075429010004,Fan Zhen
Q45432655,6000000075427607822,Zhou Lingyun
Q45432656,6000000075427266836,Lin Taiwei
Q45432660,6000000075426695983,Lin Hong
Q45432662,6000000075422170055,Shi Jian
Q45432664,6000000075422200866,Tian Zhaolin
Q45432665,6000000075423772835,Mou Gu
Q45432668,6000000075419827074,Wang Guan
Q45432672,6000000075421820826,Wang Xun
Q45432673,6000000075421673391,Bao Ziqian
Q45432674,6000000075426990948,Meng Gu
Q45432676,6000000075422521040,Wang Xing
Q45432679,6000000075424999942,Shi Dezhan
Q45432680,6000000075424649493,Li Sigong
Q45432681,6000000075424159013,Song Xizu
Q45432685,6000000075426426869,Wu Shaogu
Q45432686,6000000075424100422,Li Jieshi
Q45432687,6000000075422383893,Shi Zhicong
Q45432688,6000000075419638090,Wang Ji
Q45432689,6000000075423294206,Zhu Lushu
Q45432692,6000000075420925889,Wang Zhengweng
Q45432693,6000000075420426844,Wang Shimin
Q45432694,6000000075421191964,Wang Guangji
Q45432695,6000000075423617999,Zhu Wenqi
Q45432696,6000000075420346983,Fang Zhen
Q45432697,6000000075426063922,Wu Junchen
Q45432699,6000000075425705865,Li Derou
Q45432700,6000000075427054824,Lin Jing
Q45432701,6000000075428825834,Chai Yi
Q45432705,6000000075422946074,Wei Fuzhi
Q45432706,6000000075420707846,Yu Xian
Q45432707,6000000075428501903,Zhou Ying
Q45432708,6000000075424797177,Li Zhonghou
Q45432709,6000000075424568968,Li Jun
Q45432710,6000000075425525881,Li Chun
Q45432711,6000000075427484823,Lin Conggui
Q45432712,6000000075426163895,Wu Juren
Q45432713,6000000075423837527,Shi Tanyi
Q45432714,6000000075428978926,Hu Deguang
Q45432715,6000000075429430839,Fan Shu
Q45432716,6000000075427324987,Li Weizheng
Q45432717,6000000075426596171,Lin Chaojun
Q45432718,6000000075426701856,Yu Yuanfa
Q45432720,6000000075428290106,Zhang Bing
Q45432721,6000000075424451982,Du Yishi
Q45432722,6000000075426464054,Lv Yuansu
Q45432723,6000000075421302863,Huo Yi
Q45432726,6000000075420822875,Shangguan Zhishi
Q45432727,6000000075424745908,Li Yu
Q45432728,6000000075419929074,Wang Gang
Q45432731,6000000075426155039,He You
Q45432732,6000000075425890888,Ruan Yingde
Q45432734,6000000075422799851,Qiu Ying
Q45432736,6000000075427087887,Meng Lun
Q45432739,6000000075425119889,Du E
Q45432743,6000000075423730110,Du Liangchen
Q45432745,6000000075425089983,Li E
Q45432747,6000000075422066035,Gu Shida
Q45432748,6000000075420018872,Ding Ke
Q45432749,6000000075423914925,Yin Geng
Q45432750,6000000075421001848,Wang Xianchen
Q45432752,6000000075419700181,Wang Ren
Q45432753,6000000075421003180,Tian Fei
Q45432755,6000000075421542841,Wang Wen
Q45432756,6000000075423714922,Ren Tianxi
Q45432757,6000000075425467187,Li Huaixi
Q45432760,6000000075426681086,Lin Qi
Q45432762,6000000075423365364,Yin Xi
Q45432763,6000000075428761860,Shi Tuiweng
Q45432765,6000000075419394644,Yu Xing
Q45432766,6000000075425539925,Li Shiyan
Q45432768,6000000075423155941,Zhu Zhongyuan
Q45432769,6000000075424246051,Du Yue
Q45432770,6000000075425620826,Li Wenyi
Q45432771,6000000075427078006,Lin Kuisun
Q45432774,6000000075428822067,Gao Yuanju
Q45432777,6000000075427215087,Shiqi Ying
Q45432778,6000000075426567175,Lin  Songqing
Q45432779,6000000075426703866,He Lun
Q45432780,6000000075423270822,Zhu Wenbing
Q45432781,6000000075428799969,Hu Shunju
Q45432782,6000000075424356951,Du Hang
Q45432783,6000000075426816917,Yu Lin
Q45432784,6000000075422216863,Xi Gaiqing
Q45432785,6000000075420537015,Wang Renxu
Q45432786,6000000075422520913,Shi Mihou
Q45432787,6000000075421398826,Shi Cheng
Q45432788,6000000075424374083,Li Zao
Q45432791,6000000075426635844,Lv Tonglao
Q45432792,6000000075425688979,Ceng Shousu
Q45432794,6000000075422789852,An Shou
Q45432797,6000000075427102865,Shao Pu
Q45432798,6000000075426111275,Yang Zhaofu
Q45432799,6000000075425783840,Li Bozong
Q45432800,6000000075425019955,Li Yan
Q45432801,6000000075428482019,Hu Tianqi
Q45432805,6000000075426453873,Lv Xie
Q45432806,6000000075427103462,Lou Yi
Q45432807,6000000075425234858,Du Guan
Q45432808,6000000075424066007,Cheng Yong
Q45432809,6000000075423867114,Shi Jianyu
Q45432810,6000000075422282952,Shi Boxuan
Q45432811,6000000075420062839,Wang Wei
Q45432812,6000000075423905928,Zhu Deyou
Q45432814,6000000075421032837,Wang Zhenglun
Q45432815,6000000075421420957,Wang Xi
Q45432816,6000000075420179923,Wang Chong
Q45432821,6000000075421403866,Wang Shi
Q45432822,6000000075425592132,Shu Yuanyi
Q45432824,6000000075420324061,Wang Youduan
Q45432827,6000000075428736885,Lin Zude
Q45432829,6000000075420693863,Yu Tao
Q45432830,6000000075424080609,Zhao Li
Q45432832,6000000075424754847,Shi Huaizhi
Q45432833,6000000075425390994,Li Pingxi
Q45432834,6000000075422817122,Su Ziyu
Q45432835,6000000075427085126,Zhou Xuan
Q45432838,6000000075429050028,Yu Wenzhong
Q45432839,6000000075424973866,Shi Zhihai
Q45432840,6000000075425022980,Li Qinggang
Q45432841,6000000075427533866,Zhou Guan
Q45432842,6000000075427220857,Lin Jingyi
Q45432843,6000000075426780822,Lv Zhifu
Q45432844,6000000075423115886,Xiang Rong
Q45432847,6000000075426698974,Yu Qingnian
Q45432848,6000000075422091899,Tian Hanxi
Q45432851,6000000075422627823,Gou Chushi
Q45432852,6000000075421133901,Mao Min
Q45432855,6000000075425051535,He Caisong
Q45432856,6000000075421888997,Wang Zhongda
Q45432858,6000000075422612883,An Zhi
Q45432859,6000000075422340467,Xue Songnian
Q45432860,6000000075422647014,Jiang Sizhi
Q45432861,6000000075427151838,Shao Yun
Q45432862,6000000075426838836,Lin Jie
Q45432863,6000000075425134222,Li Sixian
Q45432866,6000000075423624822,Yang Xin
Q45432868,6000000075428308891,Lou Reng
Q45432869,6000000075426499855,Lv Zhuo
Q45432870,6000000075425331822,Li Shou
Q45432871,6000000075424150907,Shi Xianchuang
Q45432872,6000000075422698195,Li Zheng
Q45432873,6000000075419902008,Wang Xun
Q45432875,6000000075419864847,Wang Nanmei
Q45432877,6000000075421055829,Wang Shibian
Q45432878,6000000075420404859,Wang Wenxian
Q45432879,6000000075421207067,Tian Wei
Q45432880,6000000075423740921,Zhu Huanwen
Q45432881,6000000075427062985,Zhou Wenmin
Q45432882,6000000075422255917,Wang Bin
Q45432883,6000000075424912520,Wu Zhongxian
Q45432884,6000000075421462893,Wang Shouyi
Q45432885,6000000075426944882,Shao Cai
Q45432886,6000000075425603159,Li Zhonggong
Q45432887,6000000075424000969,Sun Rongsou
Q45432888,6000000075428842831,Lou Lai
Q45432889,6000000075420021170,Ding Weigao
Q45432891,6000000075427588894,Zhou Ji
Q45432892,6000000075420561941,Wang Jue
Q45432893,6000000075425771822,Xing Kai
Q45432895,6000000075425613834,Li Tangzi
Q45432897,6000000075427364918,Lin Xiancai
Q45432898,6000000075424536020,Du Jian
Q45432899,6000000075425642088,Wu Gai
Q45432900,6000000075428822077,Liu Bing
Q45432901,6000000075428539132,Jiang Bida
Q45432902,6000000075425397855,Li shouning
Q45432906,6000000075426213402,Lin Kongzhao
Q45432908,6000000075422098352,Zhu Wenhai
Q45432913,6000000075420888135,Mao Dangshi
Q45432914,6000000075424338162,Li Xiang
Q45432916,6000000075422250076,Shi Yuan
Q45432917,6000000075426258987,Lv Qizhong
Q45432918,6000000075422030908,Shen Chun
Q45432921,6000000075425826903,Cen Zongdan
Q45432924,6000000075422907139,Zhu Huan
Q45432925,6000000075426449071,He Zongtan
Q45432926,6000000075425764886,Li Geng
Q45432927,6000000075425219829,Li Cai
Q45432932,6000000075425155878,Li Qiao
Q45432933,6000000075426528836,Wu Deren
Q45432934,6000000075423730115,Li Zhong
Q45432936,6000000075423663115,Shi Xianwan
Q45432937,6000000075423557054,Song Tai
Q45432939,6000000075420898915,Wen Zhenglun
Q45432941,6000000075419237188,Wang Xuanzhe
Q45432944,6000000075425961880,Li Xianke
Q45432946,6000000075426877965,He Gezhang
Q45432947,6000000075421145953,Qiu Yanlang
Q45432949,6000000075423918052,Yin Zhan
Q45432950,6000000075428509975,Hu Sui
Q45432951,6000000075426133880,Li Xizai
Q45432955,6000000075425644884,Li Zonggu
Q45432956,6000000075428670849,Liu Xu
Q45432957,6000000075424801208,Li Wenqing
Q45432958,6000000075422970129,Wu Zhou
Q45432959,6000000075420659873,Yu Gou
Q45432960,6000000075427388853,Zhou Shanmin
Q45432963,6000000075426307870,Li Weiqing
Q45432965,6000000075425332871,Li Yingge
Q45432966,6000000075427396928,Li Weixiao
Q45432967,6000000075424569161,Shi Zhongli
Q45432968,6000000075426308362,Lin Kongzhang
Q45432970,6000000075422221320,Zhu Douwen
Q45432971,6000000075424620846,Li Pi
Q45432972,6000000075429112822,Zhou Lin
Q45432973,6000000075426901878,Lv Yuangui
Q45432977,6000000075424649008,Li Da
Q45432982,6000000075422768848,An Liu
Q45432983,6000000075423086822,Wang Yanzan
Q45432984,6000000075426111280,Shi Shi
Q45432985,6000000075427042906,Meng De
Q45432987,6000000075425990831,Cen Yanxiu
Q45432989,6000000075424984952,Du Zi
Q45432990,6000000075423300936,Ren An
Q45432991,6000000075427469382,Hong Yuanshou
Q45432993,6000000075425310838,Li Jieshu
Q45432995,6000000075424480823,Song Yun
Q45432996,6000000075420054857,Wang Jia
Q45432997,6000000075426526852,Wu Yanxian
Q45432998,6000000075424031850,Zhu Zunshi
Q45432999,6000000075419743191,Liu Yan
Q45433000,6000000075424046999,Song Youyan
Q45433002,6000000075421275025,Tian Yu
Q45433003,6000000075419800890,Wang Yanshao
Q45433004,6000000075423484004,Shen Zao
Q45433005,6000000075422228956,Gu Hongzhu
Q45433006,6000000075427364855,Zhou Qi
Q45433011,6000000075426069884,Wu Yijian
Q45433012,6000000075420477880,Fang Yi
Q45433013,6000000075423258270,Yuwen Shipeng
Q45433014,6000000075421262824,Kang Yuan
Q45433016,6000000075425769831,Li Jingyue
Q45433018,6000000075425540880,Li Jicao
Q45433022,6000000075427210995,Ji Lidao
Q45433023,6000000075426143001,Wu Huai
Q45433026,6000000075424538950,Xin Yanzong
Q45433029,6000000075427194879,Shao Shan
Q45433030,6000000075425051834,Li Wen
Q45433031,6000000075426571949,Yu Yuanyi
Q45433032,6000000075422977004,Zhu Yuansheng
Q45433036,6000000075422004963,Wang Hui
Q45433039,6000000075420904584,Shi Sheng
Q45433040,6000000075424575998,Li Zai
Q45433041,6000000075426612876,He Hong
Q45433042,6000000075421342860,Mao Dingxin
Q45433043,6000000075421758011,Fang Fuye
Q45433044,6000000075422685870,Qiu Yu
Q45433046,6000000075426731938,He Zongying
Q45433047,6000000075426718044,Shao Hu
Q45433048,6000000075422861174,Zhu Zhimin
Q45433049,6000000075425431147,Li Migao
Q45433051,6000000075425836893,Wu Di
Q45433052,6000000075425147840,Li Rixiu
Q45433054,6000000075428529863,Xu Jifu
Q45433055,6000000075423565835,Ren An
Q45433057,6000000075425076981,Li Yuan
Q45433058,6000000075424128052,Shi Jizhao
Q45433059,6000000075419958900,Wang Qiao
Q45433061,6000000075426383918,Wu Xianmen
Q45433062,6000000075420362911,Pan Yuling
Q45433063,6000000075424337836,Yin Zhongshu
Q45433064,6000000075420828936,Wang Cong
Q45433067,6000000075423885825,Shen Shen
Q45433069,6000000075422383913,Wang Xiaoshu
Q45433072,6000000075421411904,Wang Qin
Q45433073,6000000075426096888,Wu Ji
Q45433075,6000000075428748895,Lin Taiding
Q45433077,6000000075427748822,Zhou Zhifang
Q45433079,6000000075427930125,Shi Ziren
Q45433082,6000000075423544648,Li Wenzhu
Q45433083,6000000075425538990,Xing Yu
Q45433084,6000000075427394872,Zhou Yi
Q45433088,6000000075429184917,Fan Qi
Q45433089,6000000075420386055,Yu Guan
Q45433090,6000000075424683879,Li Hao
Q45433091,6000000075425501825,Li Anren
Q45433092,6000000075426367277,Lin Songxian
Q45433095,6000000075422492171,Wang Li
Q45433096,6000000075427222903,Li Weizhong
Q45433097,6000000075427900263,Meishan Laoshusheng
Q45433099,6000000075424492946,Zhu Ao
Q45433100,6000000075420119163,Shangguan Yanzong
Q45433101,6000000075419974003,Ding Kejiu
Q45433103,6000000075422285008,Yuan Zongmeng
Q45433104,6000000075424920822,Song Wenli
Q45433105,6000000075426504960,Yu Bi
Q45433106,6000000075422093854,Shen Yan
Q45433107,6000000075422560961,Jiang Wei
Q45433108,6000000075421269899,Shi Lian
Q45433109,6000000075422860924,Yuwen Yuan
Q45433111,6000000075427118863,Lin  Sanying
Q45433112,6000000075423656918,Mou Yi
Q45433113,6000000075425815905,Wu Kui
Q45433114,6000000075425517030,Li Xiangkui
Q45433115,6000000075424977929,Li Shihong
Q45433120,6000000075425003971,Li Dayou
Q45433122,6000000075423940936,Wang Zongchen
Q45433124,6000000075425579310,Wu Yanzhang
Q45433125,6000000075420338894,Wang Yuanfu
Q45433126,6000000075423927089,Shi Xiansong
Q45433128,6000000075420559988,Wang Shiji
Q45433129,6000000075419869852,Wang Yanyong
Q45433130,6000000075422815332,Zhu Leifu
Q45433132,6000000075427041832,Lin Zhi
Q45433135,6000000075421418921,Qiu Boyu
Q45433136,6000000075425871988,Li Shouxiao
Q45433137,6000000075428835833,Hu Chuyue
Q45433139,6000000075423705046,Liu Cigao
Q45433143,6000000075428759822,Lin Bingwen
Q45433144,6000000075423371853,Quan Cong
Q45433145,6000000075425633826,Li Tangqing
Q45433147,6000000075427309894,Ji Jian
Q45433148,6000000075429175847,Wei Xu
Q45433149,6000000075426340856,Li Weiji
Q45433151,6000000075420683873,Yu Dacheng
Q45433153,6000000075425370880,Li Shanjie
Q45433156,6000000075425002894,Li Zhen
Q45433157,6000000075426627944,Lv Gou
Q45433158,6000000075423056938,Xiang Di
Q45433162,6000000075428202201,Nan Jian
Q45433163,6000000075426423071,Lin Xiang
Q45433164,6000000075420170927,Ding Zongwei
Q45433166,6000000075421105567,Goulong shuang
Q45433167,6000000075424764898,Li Yun
Q45433168,6000000075426579861,Wu Heng
Q45433169,6000000075421380119,Tian Hongbu
Q45433170,6000000075421345840,Shi Lu
Q45433171,6000000075421925270,Bao Wenxian
Q45433172,6000000075422224250,Jiang Cunzhi
Q45433173,6000000075426876822,Yu Sizhai
Q45433174,6000000075426824043,He Yinglong
Q45433175,6000000075424858434,Wu Yu
Q45433176,6000000075425078937,Zheng Lin
Q45433177,6000000075425762898,Wu Zhong
Q45433178,6000000075423650905,Zhu Zhizhi
Q45433179,6000000075427407360,Zhao Zhen
Q45433180,6000000075423371905,Yang Wenwei
Q45433183,6000000075424912080,Li Shuang
Q45433185,6000000075419949895,Wang Pu
Q45433186,6000000075426511847,Wu Yanqi
Q45433187,6000000075420074038,Fang Meng
Q45433188,6000000075420841915,Wang Deqin
Q45433189,6000000075419829868,Fan Daxing
Q45433190,6000000075424272929,Shi Jilian
Q45433192,6000000075424084925,Song Qufei
Q45433193,6000000075421205063,Fang Yanhui
Q45433195,6000000075426830935,Lv Qizong
Q45433196,6000000075422182938,Gu Jinren
Q45433198,6000000075425886946,Wu Gongmao
Q45433199,6000000075425123384,Wu Zhenzi
Q45433202,6000000075427245401,Lin Qishen
Q45433203,6000000075420607836,Wang Huazhong
Q45433204,6000000075427646904,Zhou Yu
Q45433205,6000000075421099931,Wang Zhong
Q45433206,6000000075422629184,Wu Tang
Q45433208,6000000075424585383,Li Henbo
Q45433209,6000000075425766835,Li Qishou
Q45433211,6000000075426007084,Li Weiyuan
Q45433213,6000000075428705037,Yu Li
Q45433214,6000000075420658945,Yu Shiming
Q45433215,6000000075425493839,Lei Guan
Q45433216,6000000075424712871,Li Liang
Q45433219,6000000075426764839,He Anzhai
Q45433220,6000000075423281822,Ji Xiang
Q45433222,6000000075423683324,Du Weize
Q45433224,6000000075428943853,Hong Guipeng
Q45433225,6000000075426877900,Lv Tiance
Q45433226,6000000075422070879,Rao Huaiying
Q45433229,6000000075426499920,Yu Jing
Q45433230,6000000075422360884,Yuan Juzhong
Q45433231,6000000075422601898,Jiang Yue
Q45433232,6000000075421858002,Fang Yunyi
Q45433234,6000000075421359841,Shi Yu
Q45433237,6000000075426875963,Shao Qi
Q45433238,6000000075425691032,Bei Bao
Q45433239,6000000075425007971,Li Gai
Q45433240,6000000075423569978,Mou Ying
Q45433241,6000000075428377989,Feng Duanfang
Q45433242,6000000075424889424,Ruan Gui
Q45433243,6000000075423371910,He Zhen
Q45433244,6000000075424887102,Du Xiang
Q45433245,6000000075427720300,Hu Yizhi
Q45433249,6000000075421004884,Wang Xianchen
Q45433250,6000000075419669923,Ma Jin
Q45433251,6000000075423773929,Zhu Dingchen
Q45433252,6000000075424089935,Cheng Youzong
Q45433254,6000000075421605917,Tian Gao
Q45433255,6000000075424281945,Song  Yanzu
Q45433258,6000000075425901969,Wu Yong
Q45433259,6000000075425615168,Zhang Gonggai
Q45433260,6000000075421556837,Wang Shi
Q45433262,6000000075427299863,Lin Weiping
Q45433264,6000000075420551852,Qiu Jian
Q45433266,6000000075423239933,Zhu Liangzhi
Q45433267,6000000075427518946,Lin Boshun
Q45433268,6000000075425633831,Li Tangqing
Q45433271,6000000075427448849,Chen Yaodao
Q45433272,6000000075426286879,Wu Lian
Q45433276,6000000075425299920,Li Sen
Q45433277,6000000075424243049,Li Fu
Q45433278,6000000075425026870,Shi Tanmi
Q45433279,6000000075426031160,He Chang
Q45433280,6000000075426944978,Lin Zhizhi
Q45433283,6000000075422694051,Zhu Zhao
Q45433285,6000000075420673025,Wang Mengying
Q45433287,6000000075421673134,Yuan Fang
Q45433288,6000000075419892134,Wang Zhun
Q45433289,6000000075422657824,Shi Mining
Q45433290,6000000075426180120,Wu Zhen
Q45433292,6000000075422849825,Qiu Zhu
Q45433293,6000000075421430386,Shen Yuandao
Q45433295,6000000075423026866,Jiang Zhongming
Q45433297,6000000075426179160,He Cao
Q45433298,6000000075427104899,Shao Gui
Q45433300,6000000075425135895,Li Rixin
Q45433301,6000000075423772840,Ren Yuan
Q45433302,6000000075425756976,Hu Yanqi
Q45433303,6000000075428017996,Chen Xi
Q45433304,6000000075425845847,Li Bodu
Q45433305,6000000075425197891,Li Gongdan
Q45433307,6000000075419874936,Wu Zimu
Q45433312,6000000075420655114,Wang Cong
Q45433314,6000000075424337841,Xin Cheng
Q45433315,6000000075425834114,Wu Di
Q45433318,6000000075426515200,Lv Weizhi
Q45433319,6000000075421179050,Wang Da
Q45433320,6000000075423875060,Shi Jizhong
Q45433322,6000000075426103822,Wu Pei
Q45433323,6000000075426100863,Wu Zizhong
Q45433324,6000000075421229934,Wang Zai
Q45433326,6000000075427266915,Lin  Banqian
Q45433330,6000000075423198944,Quan Gui
Q45433332,6000000075425560879,Ma Shen
Q45433334,6000000075427406905,Zhou Bing
Q45433335,6000000075426330864,Wu Shunlin
Q45433336,6000000075428712855,Hu Cheng
Q45433337,6000000075429353833,Gao Zhongzheng
Q45433339,6000000075420335013,Wang Jingliang
Q45433341,6000000075425445875,Murong Yanfeng
Q45433343,6000000075427299824,Shao Bo
Q45433345,6000000075424447024,Li Fang
Q45433346,6000000075427545833,Li Weizhang
Q45433348,6000000075420688012,Wang Shi
Q45433349,6000000075421974925,Tian Hanqiong
Q45433350,6000000075420160906,Wang Fu
Q45433352,6000000075422225087,Shi Mikuo
Q45433354,6000000075426628864,Lv Fei
Q45433355,6000000075422247144,An Zhen
Q45433356,6000000075422030913,Gong Wenhuan
Q45433357,6000000075424534075,Li Chun
Q45433358,6000000075426928904,Wu Yan
Q45433360,6000000075426454034,He Xie
Q45433362,6000000075426731108,Shao Long
Q45433363,6000000075423168788,Li Shiding
Q45433364,6000000075422340472,Zhu Shimin
Q45433365,6000000075428224987,Bao Junde
Q45433367,6000000075425853874,Wu Ling
Q45433368,6000000075424475218,Li Yuan
Q45433369,6000000075428800877,Hu Jingxiu
Q45433371,6000000075424015863,Wang Qi
Q45433372,6000000075419638107,Wang Jun
Q45433373,6000000075420212993,Wang Yin
Q45433375,6000000075423836855,Zhu Simeng
Q45433377,6000000075419649966,Guan Qiuzhen
Q45433379,6000000075423722219,Du Ren
Q45433383,6000000075424457824,Li Song
Q45433384,6000000075425757115,Wu Xuan
Q45433385,6000000075422480826,Wang Xiaoyan
Q45433387,6000000075427358839,Liu Hong
Q45433389,6000000075420006208,Wang Qianyou
Q45433391,6000000075427945246,Chai Wang
Q45433393,6000000075425774840,Li Jingchuan
Q45433394,6000000075421566687,Quan Bi
Q45433396,6000000075427201971,Xu Zhichang
Q45433397,6000000075426348858,Li Guangwen
Q45433399,6000000075428538957,Zhou Xia
Q45433400,6000000075429161918,Gao Guanguo
Q45433403,6000000075425159066,Li Jiushan
Q45433406,6000000075423410527,Li An
Q45433408,6000000075422647080,Zhu Yuanyu
Q45433409,6000000075426180192,He Guangzhen
Q45433410,6000000075420724017,Wang Qiyu
Q45433411,6000000075421581295,Wang Yu
Q45433413,6000000075424366941,Shi Huaijin
Q45433414,6000000075428793892,Hong Yingchen
Q45433415,6000000075422603862,Goulong Zhuan
Q45433416,6000000075426549911,Lv Xingzhong
Q45433419,6000000075424890833,Song Dezhi
Q45433421,6000000075422098847,Tian Hongyun
Q45433424,6000000075421230933,Mao Shoupeng
Q45433425,6000000075423613929,Shen Zheng
Q45433427,6000000075426781997,Lin Zao
Q45433428,6000000075426731648,Zhao Bozhi
Q45433432,6000000075428735876,Hu Yunwen
Q45433433,6000000075422463299,Ren Tong
Q45433434,6000000075419244301,Ding Shi
Q45433435,6000000075424103829,Wang Ren
Q45433436,6000000075419223535,Wang Yin
Q45433437,6000000075423773934,Zhu Jun
Q45433440,6000000075420635074,Wen Keguan
Q45433441,6000000075424330833,Song Zhuang
Q45433445,6000000075421130106,Wang Da
Q45433446,6000000075424436831,Li Zhong
Q45433450,6000000075426182874,Wu Gongzhi
Q45433452,6000000075423847993,Song Gong
Q45433453,6000000075420497880,Wang Zhili
Q45433454,6000000075421262830,Wang Quan
Q45433457,6000000075423004993,Wu Sheng
Q45433461,6000000075425432447,Wu Zhibo
Q45433462,6000000075427036019,Zhou Jiong
Q45433464,6000000075429234825,Hu Yingzhi
Q45433465,6000000075420583935,Wang Hu
Q45433467,6000000075427042953,Lin  Pan
Q45433469,6000000075428808075,Gao Yunyuan
Q45433470,6000000075427318933,Shang Zhengde
Q45433472,6000000075426308099,Lv Changyou
Q45433473,6000000075420854843,Wang Shi
Q45433474,6000000075423219858,Zhu Yuanyu
Q45433475,6000000075421798157,Wang Keyun
Q45433476,6000000075420255848,Ding Xiyan
Q45433477,6000000075428306156,Gao Yuanheng
Q45433478,6000000075422611890,Shi Tan
Q45433479,6000000075424298058,Song Rong
Q45433480,6000000075426597891,Wu Junfa
Q45433481,6000000075422404992,Qiu Lin
Q45433482,6000000075426342205,Wu Kang
Q45433487,6000000075425079908,Xu Jian
Q45433488,6000000075421180928,Shi Jin
Q45433490,6000000075425467778,Meng Xing
Q45433491,6000000075425738923,Li Boying
Q45433492,6000000075425885893,Li Tao
Q45433494,6000000075425286880,Li Wen
Q45433496,6000000075423603839,Xiang Tongzhan
Q45433497,6000000075423661056,Wang Zongyi
Q45433499,6000000075423497091,Ren Gongzhen
Q45433500,6000000075419608142,Wang Jing
Q45433503,6000000075426477849,Wu Yunlong
Q45433504,6000000075420844923,Wang Lin
Q45433505,6000000075426851931,Lin Luan
Q45433506,6000000075424197879,Song Shenfu
Q45433508,6000000075421454973,Sima Yu
Q45433509,6000000075423769130,Shi Guangzhi
Q45433510,6000000075422200979,He Zhenjing
Q45433511,6000000075425491194,Wu Xuan
Q45433512,6000000075420220038,Wang Huafu
Q45433513,6000000075424043915,Zhou Fan
Q45433514,6000000075427233924,Shao Shunwen
Q45433516,6000000075421239050,Qiu Wanqing
Q45433517,6000000075425675878,Li Jingxian
Q45433519,6000000075427601899,Lin Boxian
Q45433521,6000000075425933039,Wu Duan
Q45433523,6000000075427043132,Zhou Yaomin
Q45433524,6000000075427232376,Zhen Shaomei
Q45433526,6000000075420716831,Yu Kedu
Q45433528,6000000075425133031,Li Liangbi
Q45433529,6000000075425134970,Li Chengyou
Q45433532,6000000075426423308,Zhou Wei
Q45433533,6000000075425003842,Li Yan
Q45433534,6000000075426356031,Lin Chong
Q45433538,6000000075421845020,Wang Bian
Q45433539,6000000075422474919,Yuan Shimin
Q45433540,6000000075424067169,Li Bing
Q45433541,6000000075426612881,He Liang
Q45433542,6000000075428370065,Miao Zaicheng
Q45433543,6000000075422761878,Bao Yinqi
Q45433545,6000000075426408188,Wu Sheng
Q45433551,6000000075421412860,Mao Weizhou
Q45433554,6000000075423677887,Shen Ping
Q45433555,6000000075425357125,Wu Yan
Q45433560,6000000075424704073,Li Bei
Q45433561,6000000075422971419,Shen Wei
Q45433563,6000000075423090297,Ren Yongde
Q45433565,6000000075419758878,Guan Tingrui
Q45433566,6000000075420793988,Wang Shixing
Q45433567,6000000075426299901,Wu Di
Q45433568,6000000075424156931,Song Chu
Q45433569,6000000075421340958,Tian Liang
Q45433570,6000000075427086822,Lin Lei
Q45433572,6000000075420964213,Shi Zongfan
Q45433573,6000000075425827024,Wu Jiong
Q45433574,6000000075424299902,Du Yizhi
Q45433575,6000000075420535863,Wang Wumin
Q45433576,6000000075424184852,Chu Wei
Q45433577,6000000075425388252,Zhou Fangshu
Q45433578,6000000075425694915,Li Taishu
Q45433581,6000000075427419992,Zhou Ding
Q45433582,6000000075421208096,Si Yun
Q45433586,6000000075425919069,Wu Bing
Q45433587,6000000075429059889,Yao Cheng
Q45433588,6000000075420383049,Wang Yisheng
Q45433591,6000000075425318921,Li Zhongyi
Q45433592,6000000075427007077,Lin Guanguo
Q45433595,6000000075427407923,Shiqi Guan
Q45433597,6000000075426695887,Lv Changfu
Q45433599,6000000075424649923,Xin Zhongji
Q45433600,6000000075424987877,Li Qi
Q45433601,6000000075423140866,Wang Yue
Q45433604,6000000075421997186,Shi Zhu
Q45433605,6000000075423722323,Song Rong
Q45433608,6000000075422528939,Jiang Mo
Q45433612,6000000075421158266,Tian lianggong
Q45433613,6000000075422965894,Wang Zhi
Q45433614,6000000075426245167,Yu Zushi
Q45433615,6000000075421289886,Yang Gui
Q45433616,6000000075425081945,Li Nanzhong
Q45433617,6000000075425162157,LI Boxiang
Q45433619,6000000075425869922,Wu Pan
Q45433620,6000000075427167826,Meng Dian
Q45433622,6000000075423530898,Yin Yingfei
Q45433623,6000000075428940846,Hong Yueqing
Q45433627,6000000075423702958,Ren Guyan
Q45433628,6000000075419832972,Wang Chen
Q45433629,6000000075418539530,Guan Yu
Q45433630,6000000075420920939,Wen Anguo
Q45433631,6000000075425323850,Li Gou
Q45433633,6000000075426155024,Wu Ruo
Q45433636,6000000075422498834,Bai Bing
Q45433639,6000000075424088005,Li Zhuo
Q45433640,6000000075419422449,Wang En
Q45433641,6000000075424201832,Chu Xie
Q45433646,6000000075420999062,Wang Yuan
Q45433647,6000000075427695839,Hong Wo
Q45433649,6000000075428290159,Lin Dezhong
Q45433654,6000000075427184980,Songjiang Yuweng
Q45433656,6000000075426450317,Lin Yunzhong
Q45433657,6000000075426308540,Chen Yuangui
Q45433658,6000000075429374871,Tang Yuan
Q45433659,6000000075426526983,Lv Changshou
Q45433660,6000000075424745837,Li Pu
Q45433663,6000000075422300868,Wang Keren
Q45433664,6000000075424847906,Li Ding
Q45433665,6000000075420181238,Wu Xishi
Q45433666,6000000075422618873,Goulong Wei
Q45433667,6000000075424519913,Shi Huailian
Q45433670,6000000075422369099,An Fan
Q45433671,6000000075419849146,Wang Cong
Q45433673,6000000075422065850,Shen Zongliang
Q45433675,6000000075421105770,Wang Qi
Q45433676,6000000075420975963,Mao Zhenlong
Q45433677,6000000075425202832,Li Shichang
Q45433680,6000000075425932872,Wu Shou
Q45433681,6000000075427050916,Lv Yuandeng
Q45433683,6000000075423409950,Xiang Tonghan
Q45433684,6000000075428988822,Hu Jingyu
Q45433685,6000000075426882823,He Qi
Q45433686,6000000075424046860,Shen Hao
Q45433687,6000000075420440869,Wang Yuanjun
Q45433688,6000000075423768873,Wang Wenshu
Q45433690,6000000075419835851,Kong Mengdou
Q45433692,6000000075425120939,Cai Yi
Q45433693,6000000075421692846,Wang Wei
Q45433696,6000000075424352834,Wang Zhu
Q45433697,6000000075421632010,Shi Yizhi
Q45433698,6000000075426174876,Li Shoupeng
Q45433700,6000000075424197938,Shi Juehui
Q45433701,6000000075420541876,Wang Chuhou
Q45433702,6000000075423347263,Chu Yushi
Q45433705,6000000075423155948,Quan Zicai
Q45433706,6000000075421047937,Shi Ruxun
Q45433707,6000000075421217006,Si Chao
Q45433709,6000000075429270822,Yu Jun
Q45433711,6000000075420718867,Wang Shu
Q45433714,6000000075426193966,Wu Ke
Q45433716,6000000075425445880,Li Zhongyuan
Q45433719,6000000075427419862,Pan Yu
Q45433720,6000000075426728086,Shang Yuanding
Q45433723,6000000075429410877,Fan Ne
Q45433724,6000000075424622912,Li Gen
Q45433725,6000000075423086934,Yuan Shuoyou
Q45433726,6000000075423433784,Li Guo
Q45433729,6000000075420692902,Wang Xiang
Q45433730,6000000075422612844,Qiu Fang
Q45433731,6000000075424205068,Song Xi
Q45433733,6000000075426577880,Wu Lizhi
Q45433734,6000000075426623012,Lv Youzhi
Q45433735,6000000075421759983,Shen Jizhong
Q45433737,6000000075423098822,Lin Yi
Q45433742,6000000075423420027,Ren Yi
Q45433743,6000000075425691973,Wu Fu
Q45433744,6000000075425863876,Li Yan
Q45433745,6000000075426874975,Lin Danian
Q45433746,6000000075423593830,Yin Yinglei
Q45433747,6000000075428576846,Hu Yin
Q45433750,6000000075423365275,Wang Changshou
Q45433752,6000000075423781914,Zhu Sifa
Q45433753,6000000075419902823,Kong Sizong
Q45433754,6000000075419896962,Ding Ren
Q45433755,6000000075421045843,Wang Nan
Q45433756,6000000075421681838,Qi Fang
Q45433758,6000000075427037843,Lin Guan
Q45433759,6000000075425302864,Li Fu
Q45433760,6000000075423071525,Huang Huan
Q45433761,6000000075422449863,Bai Tong
Q45433764,6000000075423992002,Shi Juexiu
Q45433765,6000000075426308450,Shao Huanyou
Q45433766,6000000075420295011,Ding Xingzong
Q45433768,6000000075425791825,Li Qiwei
Q45433769,6000000075423289883,Wang Wei
Q45433771,6000000075427053226,Lin Zongchen
Q45433772,6000000075428370107,Wei Dan
Q45433774,6000000075420286062,Yu Yonghe
Q45433775,6000000075428747887,Hu Congyi
Q45433776,6000000075424387779,Wu Xi
Q45433777,6000000075428342982,Lin Yanxiang
Q45433779,6000000075425343918,Mao Shiyi
Q45433780,6000000075425299986,Li Yuanfang
Q45433781,6000000075426844985,Lin Zhining
Q45433782,6000000075426648224,Zhuo Tian
Q45433783,6000000075427195073,Shiqi Chunfu
Q45433785,6000000075424684909,Xin Jingxian
Q45433787,6000000075429186922,Zhuge Qianneng
Q45433788,6000000075424680077,Li Ying
Q45433789,6000000075421838092,Rao Minxue
Q45433790,6000000075420414081,Shangguan Huanyou
Q45433791,6000000075421430710,Shi Jizhuang
Q45433792,6000000075424286034,Song Chuifan
Q45433794,6000000075426563911,Lin Bian
Q45433798,6000000075423048854,Wang Boxian
Q45433799,6000000075422592893,Bao Daocheng
Q45433800,6000000075424736025,Li Shizhen
Q45433801,6000000075424715974,Li Yu
Q45433803,6000000075423803835,Shen An
Q45433804,6000000075425912880,Wu Yuanjing
Q45433805,6000000075425775903,She Shiwu
Q45433806,6000000075426999901,Meng Ao
Q45433809,6000000075428018005,Xie Yu
Q45433811,6000000075426705924,He Chengyu
Q45433812,6000000075420452839,Wang Su
Q45433813,6000000075423836863,Shen Chao
Q45433819,6000000075427047848,Lin Yi
Q45433820,6000000075424759098,Li Gongnian
Q45433821,6000000075424362824,Cheng Zongdao
Q45433824,6000000075426009968,Wu Mingyang
Q45433825,6000000075421439386,Bai Jun
Q45433827,6000000075427243880,Lin Qinglao
Q45433828,6000000075420180031,Ding Yingkui
Q45433829,6000000075424250929,Du Xizhong
Q45433830,6000000075423954946,Gu Zhubu
Q45433831,6000000075425163101,Li Xiaojie
Q45433834,6000000075427740829,Zhou Zhao
Q45433835,6000000075429219842,Yu Yan
Q45433837,6000000075420592960,Yu Youcheng
Q45433839,6000000075425944064,Wu Fengyun
Q45433841,6000000075425445885,Li Zhongzhang
Q45433842,6000000075425555892,Li Hancheng
Q45433843,6000000075427211851,Hu Tianfang
Q45433844,6000000075427282998,Zhou Si
Q45433845,6000000075426678886,Li Yuanji
Q45433846,6000000075427306978,Zhou Xian
Q45433847,6000000075424674942,Xin Xingzong
Q45433848,6000000075422703093,Zhu Fu
Q45433852,6000000075421885013,Tian Cilong
Q45433854,6000000075422680822,Shi Xianzu
Q45433855,6000000075424336954,Du Guandao
Q45433861,6000000075426900889,Lin Shi
Q45433862,6000000075422120842,Wang Song
Q45433863,6000000075422629020,Wang Qi
Q45433864,6000000075421135678,Qiu Yizhong
Q45433866,6000000075423413112,Zhu Xun
Q45433867,6000000075425124864,li Yin
Q45433868,6000000075421384832,Shi Ji
Q45433871,6000000075426957855,Lv Sizong
Q45433872,6000000075422338307,Zhu Jinfa
Q45433874,6000000075426844835,Yu Qingfu
Q45433875,6000000075428489919,Shi Zhice
Q45433876,6000000075420498822,Wang Yuanchun
Q45433877,6000000075423733940,Ren Shi'an
Q45433878,6000000075423859992,Shen Rui
Q45433880,6000000075420005870,Wang Zheng
Q45433881,6000000075426297952,Ge Yuan
Q45433882,6000000075426086327,Lin Yue
Q45433883,6000000075420857012,Wang Qi
Q45433884,6000000075425321848,Li Wo
Q45433885,6000000075423652223,Cheng Wudian
Q45433889,6000000075422099989,Wang Shu
Q45433890,6000000075426623154,Zhou Yuanheng
Q45433891,6000000075420062107,Wang Chuhou
Q45433892,6000000075423765019,Gu Shize
Q45433894,6000000075424001155,Li Yun
Q45433895,6000000075423278955,Xiang Shibi
Q45433896,6000000075421289846,Zhi Jian
Q45433897,6000000075421489912,Wang Huaiyu
Q45433898,6000000075420153190,Wang Shu
Q45433899,6000000075427562906,Hu Kui
Q45433901,6000000075429277822,Yao Jue
Q45433903,6000000075426173962,Wu Xun
Q45433906,6000000075427217888,Zhou Zuo
Q45433907,6000000075424764291,Li Songchen
Q45433908,6000000075426300023,He Huan
Q45433911,6000000075429386897,Yu Dezao
Q45433912,6000000075427250005,Shang Yongzhi
Q45433913,6000000075424100339,Du Ying
Q45433914,6000000075422012978,Wang Gu
Q45433915,6000000075420833856,Wang Renrui
Q45433920,6000000075419827099,Gai Jian
Q45433922,6000000075422124832,Gong Yu
Q45433923,6000000075422139396,Dai Yuan
Q45433924,6000000075422651891,Bao Rongfu
Q45433925,6000000075424928824,Song Yinglong
Q45433926,6000000075423565945,Shen He
Q45433930,6000000075423456895,Shen Zizhen
Q45433931,6000000075428898843,Chai Xun
Q45433932,6000000075425567054,Li Bomin
Q45433933,6000000075426721954,Yu Chunli
Q45433934,6000000075426878980,Meng Xian
Q45433935,6000000075423935823,Shen Fei
Q45433939,6000000075420485835,Wang Kang
Q45433941,6000000075423723074,Chen Zhigui
Q45433942,6000000075425051481,Wu Fu
Q45433943,6000000075426968886,Lv Fengshi
Q45433944,6000000075421099849,Wang Qi
Q45433947,6000000075421512935,Tian Ying
Q45433948,6000000075425754033,Wu Rao
Q45433950,6000000075421230518,Shi Songlao
Q45433951,6000000075427266920,Shao Jixian
Q45433952,6000000075420622844,Wang Ricun
Q45433953,6000000075423986970,Gu Dazhong
Q45433954,6000000075425045213,Li Jingrong
Q45433955,6000000075423992010,Song Boyou
Q45433956,6000000075423082049,Quan Yongshu
Q45433957,6000000075421077965,Zhi Xuan
Q45433961,6000000075428570064,Yu Duan
Q45433964,6000000075428299079,Fan Dong
Q45433969,6000000075425210064,Li Qi
Q45433970,6000000075426408430,Zhou Yi
Q45433971,6000000075425592499,Lv Hui
Q45433972,6000000075424741863,Li Xiang
Q45433975,6000000075427309951,Zheng Ji
Q45433978,6000000075420716961,Wang Weizhong
Q45433979,6000000075424494933,Shi Huaixian
Q45433982,6000000075420170937,Wang Gong
Q45433983,6000000075426990828,He Fengyuan
Q45433985,6000000075422965901,Shu Guanggui
Q45433986,6000000075428936865,Miao Zhongyuan
Q45433987,6000000075422878826,Jiang Wei
Q45433988,6000000075424883867,Li Fa
Q45433989,6000000075423403066,Ren Duan
Q45433992,6000000075425981838,Wu Mei
Q45433993,6000000075428991832,Hu Yongxi
Q45433994,6000000075426493065,He Qingnian
Q45433996,6000000075423591845,Zhu Zhichang
Q45433997,6000000075422971346,Shen Yifu
Q45433998,6000000075427499822,Zhuo Xian
Q45434001,6000000075428641834,Shi Zhijian
Q45434002,6000000075420407909,Wang Kang
Q45434004,6000000075423254313,Shen Ping
Q45434006,6000000075427093824,He Mengsheng
Q45434007,6000000075420953910,Wang Defeng
Q45434009,6000000075425196872,Li Tuo
Q45434010,6000000075424036954,Du Xing
Q45434012,6000000075426096837,Li Jicheng
Q45434013,6000000075422309890,Wang Fu
Q45434016,6000000075425784840,Xing Dun
Q45434017,6000000075424095881,Wu Hui
Q45434019,6000000075423422856,Wang Hong
Q45434023,6000000075421308822,Mao Yimo
Q45434024,6000000075427333998,Hu Gong
Q45434027,6000000075428740844,Hu Yi
Q45434028,6000000075425218946,Li Heng
Q45434029,6000000075428509981,Lin Qiqian
Q45434031,6000000075424652899,Li Wei
Q45434032,6000000075427245907,Lin Yongzhong
Q45434034,6000000075424890186,Li Songfu
Q45434035,6000000075428385086,Yu Longpan
Q45434036,6000000075427592870,Li Weiji
Q45434038,6000000075420579015,Wang Qingmin
Q45434040,6000000075422544877,Qiu Sheng
Q45434042,6000000075424683822,Shi Huaideng
Q45434043,6000000075419661182,Ding Fengchen
Q45434044,6000000075426724977,Qi Wei
Q45434045,6000000075422065858,Wang Ding
Q45434046,6000000075423042839,Zhu Jing
Q45434048,6000000075422234190,Qiu Dayou
Q45434049,6000000075424803978,Shi Huaibing
Q45434051,6000000075425123875,Xue Yuanliang
Q45434054,6000000075425600967,Wu Yuanxiang
Q45434055,6000000075428975827,Hu Lidao
Q45434057,6000000075425867854,Li Wuhui
Q45434058,6000000075423275006,Zhou Yuanju
Q45434059,6000000075426615978,Lin Jiao
Q45434063,6000000075427148885,Lin Dachun
Q45434064,6000000075419549063,Kong Gong
Q45434065,6000000075420098063,Wang Shu
Q45434067,6000000075420143822,Wang Chuo
Q45434071,6000000075419674401,Wang Qi
Q45434072,6000000075425343844,Li Yonghui
Q45434074,6000000075421676846,Wang Chun
Q45434075,6000000075426023929,Wu Mingyang
Q45434076,6000000075424332854,Lou Guan
Q45434078,6000000075421852204,Bai Chang
Q45434080,6000000075424680385,Xing Gou
Q45434084,6000000075421384880,Zhao Weifu
Q45434085,6000000075423351904,Quan Ziming
Q45434086,6000000075419988235,Wang Shouqing
Q45434087,6000000075420971955,Wang Shi
Q45434088,6000000075427653924,Lin Zongyan
Q45434089,6000000075429060888,Yu Zilin
Q45434091,6000000075425944069,Wu Chang
Q45434093,6000000075426515058,He Liu
Q45434094,6000000075428361048,Lin Qibin
Q45434097,6000000075425602860,Li Yuanliang
Q45434098,6000000075429308928,Tang Ren
Q45434101,6000000075424910906,Li Tiancai
Q45434103,6000000075422244878,Tian Guang'an
Q45434105,6000000075426434947,Lin Yuan
Q45434106,6000000075420281834,Wang Junming
Q45434107,6000000075426645974,Wu Yongbao
Q45434109,6000000075421566519,Jiang Keming
Q45434110,6000000075422071869,Fang Chunnian
Q45434112,6000000075422909822,Qiu Shiyuan
Q45434113,6000000075424887986,Li Shi
Q45434114,6000000075423473039,Shen You
Q45434115,6000000075424852889,Shi Guixiao
Q45434116,6000000075421320871,Shi Dai
Q45434117,6000000075425822943,Wu Ju
Q45434120,6000000075423584849,Lu Ruishu
Q45434124,6000000075427217985,Zhou Hongzhong
Q45434126,6000000075425784359,Lin Guangqian
Q45434127,6000000075419682009,You Kui
Q45434131,6000000075420102858,Fang Jie
Q45434132,6000000075420887927,Wang Jizhong
Q45434134,6000000075426912891,Shao Xie
Q45434135,6000000075426582852,Shi Defan
Q45434137,6000000075426150848,Wu Bing
Q45434139,6000000075424323836,Du Chen
Q45434144,6000000075424126954,Song  Qizhong
Q45434146,6000000075419674586,Tian Bing
Q45434147,6000000075424010905,Yin Dafu
Q45434151,6000000075427407055,Lin Zongfang
Q45434152,6000000075428500924,Lin Yanda
Q45434153,6000000075426080938,Wu Zhizhong
Q45434154,6000000075425474839,Li Yongshi
Q45434155,6000000075426799822,Lin Yu
Q45434156,6000000075428259084,Yu Zizhi
Q45434161,6000000075429422846,Fan Bin
Q45434162,6000000075427469905,Zhou Chengwu
Q45434163,6000000075427148960,Lin Jingheng
Q45434164,6000000075424522169,Li Liang
Q45434165,6000000075420061052,Wang Zhe
Q45434167,6000000075426094134,Lv Chongzhi
Q45434169,6000000075419773145,Fang Zi
Q45434171,6000000075424286039,Du Conggu
Q45434173,6000000075423074850,Fei Wan
Q45434174,6000000075425243822,Li Fu
Q45434175,6000000075428290127,Xu Fudao
Q45434177,6000000075423797827,Ren Cui
Q45434180,6000000075425447204,Shi Yingzhi
Q45434182,6000000075425245188,Li Wuhuo
Q45434185,6000000075427246540,Mao Yiming
Q45434186,6000000075423952825,Zhu Shizhi
Q45434188,6000000075426467229,Lin Dajie
Q45434189,6000000075420303922,Wang Yuanliang
Q45434191,6000000075424001872,Shen Ze
Q45434193,6000000075420132304,Wang Longyou
Q45434195,6000000075428501887,Shi Fagong
Q45434196,6000000075426818948,Lv Binlao
Q45434197,6000000075424580203,Xu Hengzhong
Q45434200,6000000075426271822,Wu Qizhong
Q45434201,6000000075426574843,Wu Hongdao
Q45434202,6000000075425712057,Li Jiming
Q45434204,6000000075427388822,Lin Zunshan
Q45434205,6000000075425771831,Li Zhi
Q45434209,6000000075421576839,Wang Zhi
Q45434211,6000000075421053979,Zhi Shiqi
Q45434212,6000000075422965062,Wang Hong
Q45434213,6000000075423332240,Wang Dai
Q45434219,6000000075426526994,Yu Yunwen
Q45434220,6000000075424067242,Song Daolong
Q45434222,6000000075428689863,Hu Dunshi
Q45434224,6000000075423283837,Zhu Tianxi
Q45434225,6000000075427125037,Zhou Shi
Q45434226,6000000075427209875,Lin Kecong
Q45434227,6000000075429185925,Yu Yingyuan
Q45434228,6000000075425019890,Li Shu
Q45434229,6000000075419422641,Wang Su
Q45434232,6000000075426155048,Wu Baoxin
Q45434234,6000000075419989016,Wang Tingchen
Q45434235,6000000075426101128,Lin Xie
Q45434236,6000000075421801005,Shentu Hui
Q45434238,6000000075423110824,Wang Bozhong
Q45434241,6000000075428010267,Nan'an Weng
Q45434242,6000000075422121239,Qiu Yuanshou
Q45434243,6000000075423715893,Ren Cui
Q45434245,6000000075425662971,Wu Chu
Q45434246,6000000075424919847,Song Jiyuan
Q45434247,6000000075423503865,Zhu Hongfan
Q45434249,6000000075425635945,Li Bozhan
Q45434251,6000000075423544056,Shen Gui
Q45434252,6000000075427414864,Zhou Bi
Q45434254,6000000075427186824,Lin Xiu
Q45434255,6000000075420009091,Fang Gang
Q45434257,6000000075423990893,Wang Qi
Q45434260,6000000075426959910,Shao Pu
Q45434262,6000000075428162012,Tong Dexing
Q45434265,6000000075426512890,Wu Bogu
Q45434267,6000000075425475203,Wu Shen
Q45434268,6000000075427072113,Zhou Yuangui
Q45434269,6000000075425387895,Xing Jun
Q45434271,6000000075424224937,Shi Jueru
Q45434272,6000000075422505862,Bai Xun
Q45434274,6000000075420573356,Tian Bai
Q45434276,6000000075423371233,Yin Tianmin
Q45434277,6000000075421243847,Wang Yun
Q45434278,6000000075420775822,Yu Bingwen
Q45434280,6000000075428735824,Hu Yi
Q45434281,6000000075426413822,Wu Fufeng
Q45434282,6000000075425531822,Li Yongnian
Q45434283,6000000075426217190,Lin Yu
Q45434284,6000000075424693901,Li Zhun
Q45434287,6000000075424178236,Li Yuanmei
Q45434288,6000000075422369254,Ximen Ji
Q45434289,6000000075427358973,Zhou Ce
Q45434290,6000000075427087967,Zhou Shen
Q45434291,6000000075429128007,Li Zifa
Q45434293,6000000075422371977,Qiu Yun
Q45434294,6000000075420822903,Wang Renhao
Q45434298,6000000075421992898,Shentu Dafang
Q45434299,6000000075426968849,Wu Yongxi
Q45434300,6000000075425173897,Li Wang
Q45434304,6000000075428601031,Hu Dingjin
Q45434306,6000000075425350121,Di Guobin
Q45434307,6000000075424695983,Shi Jianchang
Q45434309,6000000075426798844,He Zhuo
Q45434310,6000000075425510079,Wu Ren
Q45434312,6000000075428552011,Hu Shiquan
Q45434314,6000000075427300905,Zhou Qinruo
Q45434316,6000000075420213009,Shi Yuheng
Q45434317,6000000075426842997,Lin Qing
Q45434318,6000000075418647490,Fang Lai
Q45434321,6000000075419728906,You Bin
Q45434326,6000000075426596822,Yan Xi
Q45434332,6000000075425613942,Wu Pian
Q45434333,6000000075424327863,Du Yu
Q45434334,6000000075422166984,Yang Chengfu
Q45434336,6000000075424451882,Shi Juexian
Q45434337,6000000075423356891,Zhu Xiaosun
Q45434339,6000000075423867003,Wang Zhuo
Q45434340,6000000075421148879,Wang Sheng
Q45434345,6000000075424793136,Li Gensun
Q45434346,6000000075426781846,He Pu
Q45434347,6000000075424482984,Li Wei
Q45434348,6000000075428167184,Lin Deyu
Q45434349,6000000075425159163,Li Yuanchong
Q45434350,6000000075428704900,Shi Zhu
Q45434351,6000000075427469910,Zhou Zeng
Q45434352,6000000075423119954,Zhu Yougong
Q45434354,6000000075422557933,Yuan Jizhong
Q45434359,6000000075420318846,Wang Wei
Q45434360,6000000075427185880,Lin Zhike
Q45434361,6000000075424820042,Li Zhe
Q45434363,6000000075422082848,Wang Ding
Q45434365,6000000075423102836,Wang Jie
Q45434366,6000000075428992906,Chen Yuanzhong
Q45434367,6000000075424496921,Shi Huaichang
Q45434369,6000000075421364872,Shi Zhen
Q45434371,6000000075424717957,Li Shu
Q45434372,6000000075425979224,Lin Fang
Q45434373,6000000075423782846,Zhu Sen
Q45434377,6000000075423950825,Wang Yuanchun
Q45434378,6000000075419746938,Wang Ning
Q45434381,6000000075420757016,Wang Shichang
Q45434383,6000000075426443197,Shao Quan
Q45434384,6000000075425111931,Li Yongji
Q45434386,6000000075428661822,Shi Jingmeng
Q45434387,6000000075424889567,Wu Zhongxuan
Q45434388,6000000075426007173,Lv Shi
Q45434390,6000000075425513082,Wu Geng
Q45434392,6000000075427053035,Jiang Zhongjia
Q45434394,6000000075424337878,Wang Hui
Q45434397,6000000075420433961,Wang Tuan
Q45434398,6000000075423336892,Wu Xi
Q45434399,6000000075421361937,Sima Qi
Q45434400,6000000075423914102,Du Zongfan
Q45434401,6000000075423586158,Song Yu
Q45434402,6000000075420480925,Wang Jian
Q45434404,6000000075421242840,Zhang Zijue
Q45434405,6000000075428701875,Hu Qian
Q45434406,6000000075426173981,Li Fuchen
Q45434407,6000000075425224977,Li Baiyao
Q45434409,6000000075426780851,Mo Rude
Q45434410,6000000075428815830,Shi Jun
Q45434411,6000000075429293822,Yu Xing
Q45434412,6000000075423313822,Wang You
Q45434413,6000000075425416942,Li Chuping
Q45434415,6000000075422529913,Goulong Tingshi
Q45434416,6000000075427572870,Li Weiji
Q45434419,6000000075422222916,Wang Dian
Q45434422,6000000075427180891,Zhou Shen
Q45434424,6000000075426568041,Wu Shichang
Q45434426,6000000075422693999,Jiang Bangzuo
Q45434430,6000000075424519934,Zhu Zao
Q45434431,6000000075424283664,Wu Shen
Q45434432,6000000075425804894,Li Fuming
Q45434433,6000000075424901852,Li Ai
Q45434435,6000000075426923141,Zhou Jue
Q45434436,6000000075423168144,Zhu Rui
Q45434437,6000000075428710947,Hu Jingyan
Q45434440,6000000075426861993,Shao Tang
Q45434442,6000000075419790019,Fang Gang
Q45434444,6000000075420640013,Wen Younian
Q45434446,6000000075426830948,He Yu
Q45434451,6000000075426492898,Shi Dehui
Q45434452,6000000075428021025,Hu Ye
Q45434454,6000000075421654884,Shi Shuwen
Q45434455,6000000075425482131,Wu Jianyan
Q45434457,6000000075424322850,Du Hong
Q45434458,6000000075425738860,Xing Wenying
Q45434459,6000000075422476852,Shi Jiwen
Q45434464,6000000075424524822,Shi Juexin
Q45434468,6000000075421201867,Taishi Zhang
Q45434469,6000000075427720239,Wang Maoliang
Q45434471,6000000075426656942,Luo Jing
Q45434473,6000000075428197089,Lin Qi'ao
Q45434474,6000000075428616087,Wei Tao
Q45434475,6000000075423307824,Ximen Chengyun
Q45434476,6000000075424682904,Li Wei
Q45434477,6000000075422628880,Goulong Fucheng
Q45434479,6000000075425631865,Li Zhiji
Q45434480,6000000075427472901,Yi Qing
Q45434481,6000000075420748919,Wang Yifu
Q45434485,6000000075422321831,Wang Xi
Q45434486,6000000075419877084,Wang Zhi
Q45434487,6000000075426308392,Zhou Bian
Q45434489,6000000075422799877,Qiu Yuanlong
Q45434490,6000000075425221862,Li Ning
Q45434491,6000000075422686002,Zhang Kui
Q45434492,6000000075421356254,Situ Changyun
Q45434494,6000000075419508401,Wang Zha
Q45434497,6000000075424725946,Li Chun
Q45434498,6000000075425860849,Li Xingzong
Q45434500,6000000075428635976,Chai Yuan
Q45434503,6000000075423575930,Shen Xing
Q45434504,6000000075420044123,Wang Yuantong
Q45434505,6000000075425875520,Lin Yuan
Q45434507,6000000075421095851,Wang Shize
Q45434509,6000000075426381187,Lv Weisun
Q45434511,6000000075424536318,Li Chan
Q45434515,6000000075421296083,Tian Sui
Q45434516,6000000075427592140,Shi Huixun
Q45434517,6000000075425921881,Wu Feiying
Q45434518,6000000075426855135,Wu Zongwan
Q45434520,6000000075424085967,Yin Chuhui
Q45434521,6000000074751536821,Li Demao
Q45434522,6000000075422388900,Bai Duan
Q45434523,6000000075422554347,Quan Keqin
Q45434525,6000000075420322987,Wang Si
Q45434526,6000000075421519866,Fang Bozai
Q45434527,6000000075424189857,Yan Min
Q45434528,6000000075420345143,Yu Youzhi
Q45434537,6000000075428258992,Chai Yuanyu
Q45434538,6000000075425511840,Li Tanzhi
Q45434539,6000000075428502076,Yu Feng
Q45434541,6000000075423497468,Li Ji
Q45434542,6000000075421981200,Yin Cai
Q45434543,6000000075425089846,Li Mu
Q45434544,6000000075425261014,Li Ying
Q45434545,6000000075427514872,Zhou Xigu
Q45434550,6000000075421812124,Zuo Youshan
Q45434551,6000000075426988021,Zhou Bai
Q45434552,6000000075426225240,Wu Shouqi
Q45434554,6000000075422445173,Jiang Bokui
Q45434555,6000000075421111261,Shentu Youya
Q45434557,6000000075425091878,Du Ji
Q45434559,6000000075425357133,Wu Jia
Q45434562,6000000075423439911,Shen Dachun
Q45434563,6000000075424862870,Li Zhen
Q45434565,6000000075427289942,Zhuo Qi
Q45434566,6000000075426493074,Zong Siliang
Q45434567,6000000075426956025,Shao Fei
Q45434568,6000000075419556247,Wang Zhen
Q45434570,6000000075423932913,Wang Bi
Q45434571,6000000075419789488,Wang Kui
Q45434573,6000000075425374822,Li Youjie
Q45434574,6000000075426780076,Lin Yilong
Q45434576,6000000075426121878,Meng Shi
Q45434578,6000000075421708838,Wang Yuqing
Q45434579,6000000075424765466,Wu Qiu
Q45434580,6000000075427393822,Lin Shimeng
Q45434582,6000000075428162017,Shi Congkuo
Q45434585,6000000075423699909,Shen Zhong
Q45434587,6000000075423240975,He Quansun
Q45434589,6000000075424108897,Qiu Gui
Q45434592,6000000075427650908,Hu Zhao
Q45434593,6000000075421069948,Wang Fu
Q45434597,6000000075424144023,Song Chengzhi
Q45434598,6000000075426650910,Lv Xuan
Q45434600,6000000075425490849,Li Huangchen
Q45434603,6000000075423214874,Xiang Yi
Q45434604,6000000075422374932,Yin Li
Q45434605,6000000075424287180,Li Guan
Q45434609,6000000075426623315,Zeng Gun
Q45434610,6000000075426570860,Lv Liangcai
Q45434611,6000000075429383879,Li Shenxun
Q45434614,6000000075421679232,Qin Zhongxiao
Q45434615,6000000075422795898,Zhu Shi
Q45434617,6000000075421805118,Gu Bian
Q45434620,6000000075422932912,Xiang An
Q45434621,6000000075424100405,Li Zhen
Q45434622,6000000075425585998,Wu Shou
Q45434623,6000000075421384837,Wang Cai
Q45434624,6000000075425838869,Li Bocheng
Q45434625,6000000075423964151,Li Si
Q45434626,6000000075423378928,Ji Guang
Q45434627,6000000075424750949,Li Jun
Q45434629,6000000075426225506,Zhou Bing
Q45434635,6000000075423347094,Zhu Jian
Q45434637,6000000075421111837,Wang Hui
Q45434638,6000000075419916870,Kong Yugui
Q45434639,6000000075426142928,Wu Zhonglu
Q45434641,6000000075427111822,Lou Ji
Q45434642,6000000075421735834,Tian Yan
Q45434643,6000000075425431184,Wu Bida
Q45434645,6000000075424328835,Song Shouzhi
Q45434646,6000000075422013053,Ma Hui
Q45434648,6000000075423090227,Zhu Peng
Q45434649,6000000075425547047,Xing Tianrong
Q45434650,6000000075420519898,Wang Wei
Q45434651,6000000075422973956,Xiang Gongqing
Q45434652,6000000075422971531,Song Bing
Q45434654,6000000075421590837,Sima Yuan
Q45434655,6000000075427665882,Zhou Laiyi
Q45434656,6000000075427232396,Lin Bingran
Q45434657,6000000075421131968,Mao Xuan
Q45434658,6000000075426110981,Wu Changwen
Q45434659,6000000075424415853,Shi Yuncong
Q45434660,6000000075426094222,Luo Song
Q45434662,6000000075425317924,Li Zhicai
Q45434663,6000000075429170845,Yao Shi
Q45434667,6000000075425024840,Li Zhang
Q45434668,6000000075424067248,Li Yi
Q45434669,6000000075425197030,Li Yuankai
Q45434671,6000000075426643876,Wu ximing
Q45434672,6000000075420149940,Fang You
Q45434674,6000000075426958828,Qi Kuan
Q45434675,6000000075422307850,Rao Tingzhi
Q45434677,6000000075426530125,Lin Xiaowen
Q45434678,6000000075420988433,Tian Yanqiang
Q45434679,6000000075420887881,Wang Cuiran
Q45434681,6000000075423105858,Xiang Mian
Q45434682,6000000075425071878,Li Xiang
Q45434683,6000000075425972873,Wang Jun
Q45434685,6000000075424296921,Du Minqiu
Q45434687,6000000075423003096,Ren Qing
Q45434689,6000000075427517822,Zhou Huanqing
Q45434691,6000000075426804852,Yu Binxing
Q45434692,6000000075427202832,Meng Yuanheng
Q45434693,6000000075420160823,Wang Jia
Q45434696,6000000075423580024,Ren Youfang
Q45434698,6000000075420937031,Wang Jiming
Q45434699,6000000075420518822,Wang Zhong
Q45434700,6000000075419917824,Kong Wei
Q45434701,6000000075426245850,Wu Xingke
Q45434702,6000000075426611835,Lv Zhen
Q45434703,6000000075426867959,Wei Youliang
Q45434704,6000000075420641376,Tian Jiusi
Q45434705,6000000075425946924,Li Duanxing
Q45434706,6000000075427144955,Zhou Yantong
Q45434712,6000000075420591861,Wang Xiangzu
Q45434713,6000000075423220973,Quan Yubai
Q45434715,6000000075425510018,Li Xun
Q45434716,6000000075420093179,Wang Zhongfu
Q45434717,6000000075421431907,Chen Chaolao
Q45434718,6000000075427553878,Zhou Duan
Q45434719,6000000075427185411,Hu Zhen
Q45434721,6000000075420924995,Mao Anyu
Q45434724,6000000075428839840,Hu Tang
Q45434725,6000000075425349910,Li Ji
Q45434727,6000000075428405219,Gao Zungu
Q45434728,6000000075422216292,Xiang Tao
Q45434731,6000000075424855989,Li Hui
Q45434732,6000000075426718822,Lv Jing
Q45434735,6000000075420180902,Ding Tianxi
Q45434736,6000000075422032997,Wang Chuan
Q45434737,6000000075422369122,Jiang Shaohan
Q45434738,6000000075429392879,Tang Jun
Q45434739,6000000075426369088,Lin Ti
Q45434740,6000000075427264858,Lin Chengcai
Q45434741,6000000075422089877,Tian Yanqing
Q45434742,6000000075423065839,Wang Jie
Q45434743,6000000075425214228,Wu Gongcheng
Q45434745,6000000075421355882,Chen Tingshan
Q45434747,6000000075423514896,Ji Xizai
Q45434749,6000000075420858888,Wang Fangyan
Q45434750,6000000075425081955,Li Bin
Q45434752,6000000075427123106,Zhou Dajie
Q45434754,6000000075429041876,Hu Zhongheng
Q45434755,6000000075426886934,Lin Zhongjia
Q45434756,6000000075428985824,Chai Zhe
Q45434757,6000000075419847982,Wang Shi
Q45434758,6000000075424010868,Wang Xiangru
Q45434759,6000000075423918852,Zhu Jian
Q45434760,6000000075420589197,Wang Xuan
Q45434765,6000000075426336984,Shi Decheng
Q45434766,6000000075425642075,Li Mingfu
Q45434767,6000000075421246965,Tian Shixiang
Q45434768,6000000075426048865,Wu Bida
Q45434769,6000000075426515210,Shao Chen
Q45434771,6000000075428280993,Shi Zhilian
Q45434773,6000000075423493980,Shen Yanxiong
Q45434774,6000000075420224074,Wang Rixuan
Q45434775,6000000075423471858,Xiang Yongfeng
Q45434776,6000000075424202840,Qiu Zhonggong
Q45434778,6000000075420768840,Wang Tiao
Q45434779,6000000075421421900,Chen Shuyi
Q45434780,6000000075422315933,Wang Duan
Q45434783,6000000075424387784,Lv Zhong
Q45434784,6000000075428846852,Liu Zhongguang
Q45434785,6000000075423121527,Chen Yuande
Q45434786,6000000075425334908,Li Yongyan
Q45434788,6000000075429183843,Wei Jue
Q45434790,6000000075422421973,Jiang Jie
Q45434791,6000000075424901965,Li Tianyu
Q45434792,6000000075426685858,He Dajie
Q45434795,6000000075420056986,Ding Ye
Q45434798,6000000075422633951,Qiu Biming
Q45434799,6000000075429478832,Zhang Jin
Q45434800,6000000075426630024,He Minzhong
Q45434801,6000000075426704143,Lin Jieqing
Q45434802,6000000075421776041,Wang Zhongbao
Q45434804,6000000075425753932,Li Milun
Q45434805,6000000075421393853,Shi Jian
Q45434807,6000000075423634871,Shen Shiyan
Q45434811,6000000075424574993,Shi Mijian
Q45434813,6000000075427522822,Zhou Mian
Q45434816,6000000075426300216,Lin Lun
Q45434818,6000000075423003333,Song Wan
Q45434820,6000000075424847991,Li Datong
Q45434821,6000000075423794952,Zhu Gao
Q45434824,6000000075426223842,Wu Shizheng
Q45434825,6000000075428240077,Hong Bingzhe
Q45434826,6000000075421003202,Tian Wenhu
Q45434828,6000000075426433904,Wu Xingzong
Q45434829,6000000075426648030,Lin Zisheng
Q45434830,6000000075424077928,Wang Jian
Q45434831,6000000075427397822,Zhou Qi
Q45434832,6000000075423562898,Shen Ming
Q45434834,6000000075419650362,Wang Zhou
Q45434836,6000000075424158928,Yin Guangchen
Q45434837,6000000075420048210,Wang Daoheng
Q45434838,6000000075425766852,Dong Jingshu
Q45434839,6000000075421081022,Cui Defu
Q45434843,6000000075421280854,Mao Zizhi
Q45434844,6000000075426341897,Wu Jing
Q45434845,6000000075428755859,Shi Zhangyu
Q45434848,6000000075423324822,Qu Zhen
Q45434850,6000000075422303036,Qiu Qi
Q45434851,6000000075424965921,Li Gun
Q45434852,6000000075425468397,Yu Jing
Q45434853,6000000075425620855,Li Shilao
Q45434854,6000000075423964278,Li Guan
Q45434855,6000000075419747023,Ding Zhongxiu
Q45434858,6000000075422755906,An Ziye
Q45434860,6000000075426209269,Lv Jizhi
Q45434861,6000000075426923042,Lin Gongyi
Q45434863,6000000075422868940,Jiang Zhimu
Q45434864,6000000075422168834,Gu Ge
Q45434871,6000000075427508835,Zhou Ganzhi
Q45434872,6000000075424616005,Li Que
Q45434873,6000000075429038852,Hu Jingfang
Q45434874,6000000075426619203,Lin Guang
Q45434876,6000000075423950927,Zhu Pisun
Q45434880,6000000075420141024,Wang Yuanding
Q45434881,6000000075420174823,Ai Xuan
Q45434882,6000000075423732939,Yin Yu
Q45434884,6000000075428776913,Hu Shiqing
Q45434885,6000000075421700845,Shi Deyi
Q45434886,6000000075425935909,Wu Yan
Q45434887,6000000075426064092,Yu Zong
Q45434888,6000000075424197898,Cheng Daosheng
Q45434890,6000000075423650930,Mou Dachang
Q45434892,6000000075420579854,Wang Zhifu
Q45434894,6000000075424095888,Song Yi
Q45434895,6000000075425780830,Li Shizhong
Q45434896,6000000075421499891,Tian Xin
Q45434898,6000000075420631916,Yu Deyuan
Q45434900,6000000075422351938,Wang Meng
Q45434901,6000000075426174954,Wu Meng
Q45434902,6000000075424373883,Shi Yunwen
Q45434903,6000000075422887999,Zhu Yan
Q45434905,6000000075424996904,Li Di
Q45434908,6000000075419674092,Wang Tingyang
Q45434910,6000000075422023023,Wang Kechang
Q45434911,6000000075427000156,He Chengzhong
Q45434914,6000000075429182935,Yu Lifu
Q45434915,6000000075427102942,Zhou Zhenyan
Q45434916,6000000075425519049,Li Kui
Q45434917,6000000075422166833,Ran Anguo
Q45434920,6000000075422880949,Wang Shang
Q45434921,6000000075420812875,Wang Lie
Q45434922,6000000075425102860,Li Shilong
Q45434924,6000000075427662348,Hu Jingzhi
Q45434925,6000000075426844026,Lin Chun
Q45434926,6000000075422698167,Wang Zheng
Q45434927,6000000075420859948,Yin Huangshang
Q45434928,6000000075425100971,Li Anguo
Q45434930,6000000075419885160,Ding Xun
Q45434931,6000000075423848887,Zhu Cui
Q45434933,6000000075419642150,Fang Hong
Q45434935,6000000075426499870,He Jiuling
Q45434937,6000000075424294856,Wu Xiong
Q45434939,6000000075423669909,Zhu Jian
Q45434940,6000000075428018010,Hu Ye
Q45434942,6000000075423382911,Wu Mao
Q45434943,6000000075423570205,Wang Fu
Q45434947,6000000075421222882,Mao Zheng
Q45434949,6000000075420786822,Wang Zhongchun
Q45434950,6000000075426378890,Wu Changqing
Q45434951,6000000075423093928,Xiang Bao
Q45434952,6000000075426641002,Lin Wu
Q45434960,6000000075426546059,Lin Tun
Q45434961,6000000075427043211,He Yanwei
Q45434963,6000000075420813037,Mao Hu
Q45434964,6000000075421581182,Gong Wu
Q45434965,6000000075425789890,Li Shenzhi
Q45434966,6000000075422995865,Zhu Cheng
Q45434967,6000000075425975892,Wu Xie
Q45434968,6000000075424838118,Li Shiyun
Q45434970,6000000075422661559,Wang Du
Q45434971,6000000075421022892,Wang Echen
Q45434973,6000000075425358852,Li Tang
Q45434975,6000000075423740934,Ren Zhongyan
Q45434976,6000000075421624891,Tian Wenguang
Q45434978,6000000075424366824,Cheng Duanfu
Q45434979,6000000075428212988,Li Bing
Q45434981,6000000075424177847,Gu Xiang
Q45434982,6000000075420563897,Wang Zhongfu
Q45434985,6000000075421134015,Wang Jilao
Q45434987,6000000075420768845,Gong Minzhong
Q45434988,6000000075420940944,Wang Jie
Q45434990,6000000075424505827,Song  Zhongchen
Q45434991,6000000075420352822,Ding Keyan
Q45434992,6000000075422385013,Jiang Shi
Q45434993,6000000075426464024,He Shuding
Q45434994,6000000075422702965,An Shitong
Q45434996,6000000075427396951,Lin Zi
Q45434999,6000000075422871906,Wang Gu
Q45435000,6000000075425675955,Wu Bing
Q45435001,6000000075425980885,Wu Yuanyu
Q45435002,6000000075423962961,Song Hong
Q45435003,6000000075420895934,Wang Jizu
Q45435004,6000000075428601036,Hu Xingxiu
Q45435005,6000000075420246018,Wang Hao
Q45435008,6000000075424383827,Song Bin
Q45435009,6000000075422558444,Shen Houzai
Q45435010,6000000075420619840,Wang Shunmin
Q45435011,6000000075421383946,Tian Zuo
Q45435012,6000000075420256170,Zhou Chun
Q45435015,6000000075428251171,Fan Yi
Q45435017,6000000075426883916,He Zunshi
Q45435018,6000000075427456877,Zhou Boyu
Q45435019,6000000075425909842,Li Tao
Q45435023,6000000075420352884,Wang Gun
Q45435024,6000000075424077933,Cheng Deyu
Q45435026,6000000075424100073,Shi Yunneng
Q45435027,6000000075427612845,Si Yizhen
Q45435121,6000000075428794043,Gao Yongyi
Q45435124,6000000075429528822,Zhang Lin
Q45435125,6000000075429340975,Fan Zijian
Q45435132,6000000075429854880,Ma Ben
Q45435133,6000000075429239051,Fan Shiyan
Q45435135,6000000075428405306,Guo Mou
Q45435136,6000000075429079067,Hou Zhang
Q45435137,6000000075429524089,Yao Yun
Q45435138,6000000075429037017,Tang Fu
Q45435140,6000000075429318968,Hou Zhongli
Q45435144,6000000075429442958,Tang Mo
Q45435145,6000000075429456949,Tang Rixuan
Q45435146,6000000075429278067,Ma Bao
Q45435147,6000000075429958893,Fan Anren
Q45435148,6000000075429292057,Ma Kuo
Q45435151,6000000075429409990,Huangfu Mingzi
Q45435157,6000000075429240917,Gao An
Q45435158,6000000075429291979,Tang Yuanling
Q45435159,6000000075427565590,Qu Ruwen
Q45435160,6000000075429608844,Wu Yuezhi
Q45435165,6000000075429542822,Hou Shu
Q45435166,6000000075429803971,Jia Yi
Q45435168,6000000075429349974,Hou Mu
Q45435169,6000000075429748844,Hou Zicheng
Q45435170,6000000075429914882,You Zhong
Q45435172,6000000075429317902,Gao Keyang
Q45435173,6000000075429537854,Gao Cixiang
Q45435177,6000000075427103800,Xie Shaomin
Q45435179,6000000075429701932,Tang Yanzhao
Q45435180,6000000075429699852,Gao Yanzhu
Q45435181,6000000075428906070,Gao Liangzuo
Q45435183,6000000075430189824,Ma Xiang
Q45435185,6000000075429826888,Duan Gao
Q45435186,6000000075429705854,Hou Keming
Q45435188,6000000075427185798,Fan Chaozong
Q45435189,6000000075428922192,Huangfu Huan
Q45435192,6000000075429874861,Wu Fen
Q45435193,6000000075429845924,Zan Juji
Q45435194,6000000075429821906,Yu Pu
Q45435195,6000000075429571834,Tang Xiya
Q45435196,6000000075429560028,Diao Guangyin
Q45435197,6000000075429147974,Hou Shou
Q45435198,6000000075428465078,Fan Yan
Q45435200,6000000075429373949,Hou Yungong
Q45435201,6000000075429888834,Zhou Qing
Q45435203,6000000075430063842,Yu Fang
Q45435205,6000000075429499958,Tang Jixian
Q45435206,6000000075429869869,Duan De
Q45435208,6000000075429252931,Gao Changyong
Q45435210,6000000075428860291,Yao Zi
Q45435213,6000000075429880863,Ma Yun
Q45435214,6000000075429976881,Yao Bao
Q45435215,6000000075430087907,Liu She
Q45435217,6000000075429847832,Tang Wenji
Q45435218,6000000075429629840,Liu Sanjie
Q45435219,6000000075429211935,Gao Shixuan
Q45435221,6000000075429610822,Ke Gai
Q45435222,6000000075429809824,Gao Ruolin
Q45435223,6000000075427554358,Yu Mian
Q45435226,6000000075429042204,Huangfu Wang
Q45435228,6000000075429821924,Yao Jiong
Q45435229,6000000075429450884,Wang Zusun
Q45435231,6000000075429016012,Lin Laonv
Q45435232,6000000075430001824,She Keqiu
Q45435233,6000000075429614828,Ke Mengde
Q45435236,6000000075429552892,Song Zhongxun
Q45435238,6000000075429696825,Wang Sisun
Q45435239,6000000075428860248,Ma Deng
Q45435240,6000000075429708916,Tang Yuanzhang
Q45435242,6000000075429747872,Duan Chuo
Q45435243,6000000075429699857,Lin Yuanzhong
Q45435246,6000000075429862902,Zhao Liangjun
Q45435248,6000000075429569856,Tang Junyi
Q45435249,6000000075429783822,Zhao Xuzhi
Q45435250,6000000075429204951,Zheng Kangzuo
Q45435252,6000000075427934579,Shuai Yingji
Q45435253,6000000075429723915,Duan Jilong
Q45435255,6000000075429666878,Hou Siru
Q45435257,6000000075429723938,Gao Yue
Q45435258,6000000075429845913,Gao Mengyue
Q45435259,6000000075430031863,Xi Tianyou
Q45435260,6000000075429399930,Fan Yue
Q45435261,6000000075428343214,Gao Gongyan
Q45435263,6000000075429493857,Fan Zichu
Q45435264,6000000075429595837,Gao Dingzhi
Q45435266,6000000075427662693,Yu Bu
Q45435267,6000000075429806875,Gao Shishuo
Q45435271,6000000075429667891,Tang Jidu
Q45435273,6000000075430187842,Yao Yu
Q45435274,6000000075428906126,Li Lianzhong
Q45435275,6000000075429563845,Gao Gui
Q45435276,6000000075429014258,Yao Zhong
Q45435278,6000000075426561334,Jia Heng
Q45435280,6000000075429239083,Liu Qi
Q45435282,6000000075429529949,Fan Daoqing
Q45435283,6000000075429305982,Ma Zhong
Q45435284,6000000075429614822,Ke Dachun
Q45435285,6000000075429450856,Yue Shao
Q45435286,6000000075429503932,Tang Renjian
Q45435287,6000000075429875939,Cheng Manqing
Q45435290,6000000075429909887,Ma Cong
Q45435291,6000000075429372903,Hou Fu
Q45435294,6000000075429649860,Fan Jun
Q45435295,6000000075429346978,Gao Zonghui
Q45435297,6000000075430005834,Ma Zhang
Q45435298,6000000075429010033,Gao Xing
Q45435299,6000000075429317957,Tang Di
Q45435300,6000000075429299938,Zhang Gong
Q45435301,6000000075429542880,Lin Cilin
Q45435302,6000000075429634836,Qiao Siceng
Q45435303,6000000075429341014,Duan Xiyuan
Q45435304,6000000075429326059,Gao Chang
Q45435305,6000000075429485959,Tang Zuoqiu
Q45435306,6000000075429021067,Gao Kui
Q45435308,6000000075429801946,Yao Kan
Q45435310,6000000075429305975,Tang Jing
Q45435313,6000000075429347073,Fan Shiheng
Q45435316,6000000075430025923,Gao Jing
Q45435317,6000000075429630889,Hou Jinsheng
Q45435319,6000000075428502363,Tang Guangzhen
Q45435320,6000000075430078822,Gao Mengyue
Q45435321,6000000075427554272,Tang Yi
Q45435322,6000000075428650316,Ma Pan
Q45435325,6000000075428650347,Gao Gui
Q45435326,6000000075427930368,Gao Shenfu
Q45435327,6000000075428821172,Hou Gongjin
Q45435330,6000000075429958881,Fan Yongji
Q45435331,6000000075429634827,Gao Dacheng
Q45435332,6000000075429869862,Fan Jimei
Q45435335,6000000075429990822,Fan Wendu
Q45435336,6000000075430245822,Yu Yi
Q45435337,6000000075427662557,Li Taozhen
Q45435340,6000000075429754949,Yao Chong
Q45435341,6000000075429996827,Gao Shenjiao
Q45435342,6000000075429743847,Tang Wenyuan
Q45435343,6000000075429018089,Gao Shen
Q45435344,6000000075429569826,Xie Zhi
Q45435346,6000000075429430875,Tang Sou
Q45435347,6000000075429231973,Hou Zhongxin
Q45435350,6000000075430008835,Ma Gui
Q45435352,6000000075430247834,Yuan Chou
Q45435356,6000000075429748849,Gao Siyong
Q45435359,6000000075430152822,Ma Jing
Q45435361,6000000075429871884,Duan Yuanjian
Q45435362,6000000075429462874,Fan Yue
Q45435363,6000000075429419885,Fan Wen
Q45435365,6000000075429591849,Lin Ruzuo
Q45435366,6000000075429400071,Huangfu Cai
Q45435367,6000000075429927823,Ma Kun
Q45435368,6000000075429725824,Gao Yanhui
Q45435369,6000000075429815847,Ma Kun
Q45435371,6000000075429339952,Ke Han
Q45435372,6000000075429016127,Fan Yingling
Q45435374,6000000075429821929,Ma Ying
Q45435376,6000000075429513822,Fan Quan
Q45435377,6000000075430049824,Huangfu Huan
Q45435378,6000000075429710867,Ma Xian
Q45435379,6000000075429505935,Huang Zhichun
Q45435380,6000000075429505974,Gao Gong
Q45435382,6000000075430211837,Yuan Xian
Q45435385,6000000075429709961,Yu Si
Q45435387,6000000075429457864,Gao Jieqing
Q45435389,6000000075429417893,Hou Xin
Q45435390,6000000075429639853,Fan Chun
Q45435392,6000000075429506830,Fan Rong
Q45435393,6000000075429643829,Fan Juyi
Q45435394,6000000075429924822,Gao Shanglao
Q45435395,6000000075425581733,Xi Zheng
Q45435397,6000000075429241116,Yao Zi
Q45435398,6000000075429215960,Gao Mu
Q45435399,6000000075429875864,Duan Feng
Q45435404,6000000075429542829,Tang Qi
Q45435407,6000000075429347018,Tang Zizheng
Q45435408,6000000075429808890,Gao Fumin
Q45435413,6000000075430186822,Jia Zhixun
Q45435414,6000000075429998824,Tang Fengwu
Q45435415,6000000075429939973,Yu Gao
Q45435416,6000000075429164916,Fan Zuyun
Q45435418,6000000075428967026,Gao Zhaoqing
Q45435424,6000000075430024822,Duan Changshi
Q45435426,6000000075429961830,Tang Youzhi
Q45435427,6000000075429235019,Tang Taiyue
Q45435428,6000000075428860100,Tang Jie
Q45435430,6000000075429844826,Hou Shunxian
Q45435432,6000000075429437936,Hou Anguo
Q45435433,6000000075429847871,Ma Chun
Q45435435,6000000075429995937,Ma Yin
Q45435438,6000000075429042141,Fan Echang
Q45435440,6000000075429939983,Zu Yu
Q45435445,6000000075430039870,Ma Fan
Q45435446,6000000075429135944,Fan Wei
Q45435447,6000000075429485830,Tang Yu
Q45435449,6000000075429502838,Hou Tong
Q45435451,6000000075429109146,Liu Jiao
Q45435452,6000000075429551837,Hou Wei
Q45435454,6000000075429754878,Duan Chong
Q45435455,6000000075429524038,Fan Yilei
Q45435456,6000000075429703913,Houmochen Liyong
Q45435457,6000000075430216828,Qi Huan
Q45435458,6000000075429705849,Gao Xun
Q45435459,6000000075429042184,Tang Kuirui
Q45435460,6000000075428240402,Tang Yun
Q45435462,6000000075429541929,Ma Yi
Q45435464,6000000075429132002,Ke Tingjian
Q45435466,6000000075429359980,Ma Fang
Q45435467,6000000075427554342,Tang Guangren
Q45435470,6000000075430045822,Fan Zhongmo
Q45435471,6000000075430169832,Yu Zhe
Q45435473,6000000075430248831,Gao Jing
Q45435474,6000000075428650118,Hou Feng
Q45435476,6000000075429442943,Hou Zhongyi
Q45435477,6000000075429238959,Luo Gen
Q45435479,6000000075429478906,Gao Shen
Q45435481,6000000075429984867,Yuan Feng
Q45435482,6000000075430024827,Huagfu Ti
Q45435483,6000000075429634841,Fan Zong
Q45435484,6000000075429938826,Fan Huizhi
Q45435487,6000000075429409865,Ke Yi
Q45435488,6000000075429338952,Ke Weihan
Q45435489,6000000075430024878,Yuan Yi
Q45435490,6000000075429677896,Tang Liangsi
Q45435491,6000000075429720913,Duan Ding
Q45435493,6000000075428754020,Fan Chunxi
Q45435494,6000000075430031896,Yuan Mu
Q45435496,6000000075427662674,Tang Yaoqing
Q45435501,6000000075429991913,Gao Yu
Q45435504,6000000075429829829,Fan Dingsun
Q45435505,6000000075429431011,Chong Xiang
Q45435506,6000000075429947876,Yuan Renfu
Q45435507,6000000075429088936,Gao Yongnian
Q45435508,6000000075429472832,Ke Shu
Q45435509,6000000075430047893,Yu Delin
Q45435510,6000000075429533840,Hou Yi
Q45435513,6000000075428278382,Lin Andao
Q45435514,6000000075429428879,Tang Biao
Q45435515,6000000075429766900,Duan Quan
Q45435517,6000000075429401970,Fan Zizhen
Q45435518,6000000075429164989,Duan Mou
Q45435520,6000000075429240993,Hou Lijian
Q45435521,6000000075429635851,Hou Bida
Q45435522,6000000075430047857,Yao Dong
Q45435524,6000000075429977827,Gao Shenwei
Q45435525,6000000075429180125,Duan Yuyan
Q45435526,6000000075429238929,Hou Jin
Q45435532,6000000075430024873,Yao Yin
Q45435534,6000000075429400002,Hou Zhongzhen
Q45435538,6000000075428613056,Fan Shikong
Q45435540,6000000075429672840,Hou Wenqing
Q45435541,6000000075429059138,Tang Zhongqi
Q45435542,6000000075429532959,Ma Shi
Q45435543,6000000075429953851,Ma Fa
Q45435544,6000000075428305279,Gao Jie
Q45435545,6000000075427185727,Liu Zhineng
Q45435546,6000000075429845838,Ma Zhong
Q45435547,6000000075429507868,Hou Bin
Q45435548,6000000075429326000,Cai Mengji
Q45435549,6000000075429785862,Ma Qing
Q45435552,6000000075429634935,Cheng Qi
Q45435556,6000000075430008881,Ma  Duan
Q45435557,6000000075429205090,Hou Shaozeng
Q45435560,6000000075429206004,Fan Sheng
Q45435561,6000000075429336907,Lv Rongyi
Q45435562,6000000075429990871,Yuan Yue
Q45435563,6000000075430091863,Yao Long
Q45435566,6000000075429339935,Gao Rushi
Q45435568,6000000075429182985,Tang Si
Q45435569,6000000075429625881,Ma Chong
Q45435570,6000000075428754011,Fan Mo
Q45435574,6000000075429821822,Hou Zonggu
Q45435576,6000000075429591888,Li Zhirou
Q45435577,6000000075429917864,Duan Jixian
Q45435579,6000000075429359901,Ke Zongmeng
Q45435580,6000000075429231978,Gao Geng
Q45435584,6000000075430137872,Jian Zhicheng
Q45435586,6000000075429944850,Gao Min
Q45435587,6000000075429704843,Gao Yi
Q45435588,6000000075430057905,Ma Xi
Q45435589,6000000075429520887,Liang Shiying
Q45435591,6000000075430105868,Yao Yuan
Q45435593,6000000075429721822,Hou Yuanji
Q45435594,6000000075429890855,Gao Shenfu
Q45435595,6000000075428972172,Tang Shujie
Q45435597,6000000075428981087,Tang Shen
Q45435598,6000000075429603822,Ke Shi
Q45435599,6000000075428354277,Gao Yanshi
Q45435600,6000000075429748944,Ma Yuan
Q45435601,6000000075429350106,Gao Shen
Q45435602,6000000075428251359,Fan Daye
Q45435603,6000000075429417936,Gao Gui
Q45435604,6000000075430224836,Sun Wo
Q45435605,6000000075430014882,Fan Shixiu
Q45435609,6000000075429684969,Yao Yuan
Q45435611,6000000075429158965,Gao Yongheng
Q45435612,6000000075430226835,Gao Shun
Q45435613,6000000075429538836,Fan Chunfu
Q45435614,6000000075429458032,Ma Feng
Q45435616,6000000075429860856,Li Dingsun
Q45435617,6000000075429069051,Tang Shao
Q45435618,6000000075430107854,Ma Qing
Q45435619,6000000075429489871,Gao Changyi
Q45435621,6000000075429616827,Hou Xing
Q45435622,6000000075429456972,Fan Yuanzuo
Q45435627,6000000075429491848,Long Changqi
Q45435628,6000000075429326007,Tang Jian
Q45435629,6000000075429228965,Zhao Shanqi
Q45435630,6000000075429903872,Ma Jing
Q45435632,6000000075429560008,Jia Yan
Q45435633,6000000075428288338,Ke Yuan
Q45435636,6000000075429918874,Gao Huanzhang
Q45435637,6000000075429167950,Hou Xi
Q45435639,6000000075429052087,Gao Yaofu
Q45435640,6000000075429570984,Huangfu Ye
Q45435641,6000000075429756823,Hou Shouzhong
Q45435645,6000000075429479037,Huangfu Zongmeng
Q45435646,6000000075429211925,Fan Ji
Q45435649,6000000075429559839,Hou Zhi
Q45435651,6000000075429871862,Tang Ruhui
Q45435652,6000000075429712843,Li Tongru
Q45435654,6000000075429500876,Hou Shizhao
Q45435656,6000000075429795903,Gao Sichang
Q45435657,6000000075429952937,Zu Wu
Q45435658,6000000075429568834,Tang Su
Q45435659,6000000075429486885,An Xiansun
Q45435661,6000000075430135850,Jia Yi
Q45435662,6000000075429857838,Tang Shuda
Q45435723,6000000075430318862,Ma Renyu
Q45435724,6000000075430747887,Xia Yuangui
Q45435725,6000000075430307835,Qin Yuan
Q45435726,6000000075429975921,Zhu Shu
Q45435730,6000000075429482214,Yan Yi
Q45435731,6000000075430834823,Hu Yuan
Q45435732,6000000075430289832,Zhu Bi
Q45435733,6000000075430301836,Qin Bo
Q45435734,6000000075430709840,Liang Chengxiu
Q45435735,6000000075430070941,Wei Huafa
Q45435736,6000000075430427877,Lang Fan
Q45435737,6000000075430143854,Gao Ze
Q45435738,6000000075430240898,Yao Renshou
Q45435741,6000000075430789858,Gao Tao
Q45435742,6000000075430219046,Zhang Zhu
Q45435746,6000000075430702872,Sun Deyu
Q45435749,6000000075430169875,Gao Wan
Q45435752,6000000075430948850,Ma Chengzhi
Q45435753,6000000075430411953,Yuan Junming
Q45435754,6000000075431239823,Hao Zheng
Q45435755,6000000075431216842,Geng Zhongju
Q45435756,6000000075429931002,Sun Fengji
Q45435759,6000000075430930822,Yao Shunzhe
Q45435760,6000000075430946832,Sun Feng
Q45435762,6000000075431001926,Wei Yuanji
Q45435763,6000000075430958849,Qin Zonggu
Q45435767,6000000075431108838,Qin Suzhi
Q45435772,6000000075431186822,Ling Gong
Q45435773,6000000075430738845,Sun Fuweng
Q45435774,6000000075431099843,Gao Ziru
Q45435776,6000000075430175174,Hao Yun
Q45435778,6000000075431028871,Ji Guangzu
Q45435780,6000000075430705826,Xu Anguo
Q45435783,6000000075430688946,Ma Yijian
Q45435785,6000000075430237838,Yao Peng
Q45435786,6000000075427930683,Sun Hua
Q45435791,6000000075430356923,Yuan Weizheng
Q45435792,6000000075430184970,Xu Bo
Q45435794,6000000075430336838,Fan Youxin
Q45435795,6000000075429524119,Yuan Quhua
Q45435796,6000000075430665856,Sun Qinchen
Q45435797,6000000075429788000,Sun Wan
Q45435799,6000000075429976962,Sun Dao
Q45435800,6000000075430936864,Gao Yan
Q45435802,6000000075429059238,Zu Shiying
Q45435808,6000000075430219071,Ma Liangqi
Q45435809,6000000075430176857,Yu Yu
Q45435810,6000000075430391875,Yao Shenzhi
Q45435811,6000000075430266865,Sun Fu
Q45435813,6000000075430869881,Xia Dazhong
Q45435814,6000000075430451933,Yuan Zhaoqing
Q45435815,6000000075430115113,Hao Jie
Q45435820,6000000075430068963,Sun Fengji
Q45435821,6000000075430716878,Yao Shunzhi
Q45435823,6000000075431030845,Ma Nanbao
Q45435825,6000000075430598925,Sun Hao
Q45435831,6000000075430162044,Sun Zi
Q45435833,6000000075430379937,Yuan Gongchen
Q45435834,6000000075430081225,Hu Fen
Q45435836,6000000075431147824,Sun Pu
Q45435838,6000000075425581793,Sun Xi
Q45435840,6000000075429142409,Ma Zhijie
Q45435841,6000000075431169822,Ling Yu
Q45435844,6000000075429923068,Guo Anyong
Q45435845,6000000075430152897,Ma Yongzhong
Q45435846,6000000075428613315,Xia Yuanji
Q45435847,6000000075430114864,Gao Tan
Q45435848,6000000075430074905,Sun Gui
Q45435850,6000000075430478859,Yuan Jincai
Q45435851,6000000075429930980,Sun Mao
Q45435853,6000000075430567905,Xia Xiu
Q45435857,6000000075430172850,Yao Fan
Q45435859,6000000075430347947,Yao Zhongda
Q45435861,6000000075428514514,Fan Xiaosi
Q45435862,6000000075430797931,Ji Zhi
Q45435864,6000000075429704109,Yuan Jifu
Q45435865,6000000075430875827,Xia Wei
Q45435867,6000000075430354859,Yao Guangbi
Q45435870,6000000075430791870,Yao Shihu
Q45435871,6000000075430143859,Yu Jian
Q45435872,6000000075430041984,Zhu Keda
Q45435873,6000000075430139931,Fan Yangzhi
Q45435876,6000000075430185069,Yao Xiyi
Q45435877,6000000075431176856,Ma Yingchang
Q45435880,6000000075430821847,Xia Yi
Q45435881,6000000075431198835,Geng Yannian
Q45435882,6000000075430417861,Sun Fengji
Q45435883,6000000075430955822,Sun Muzhi
Q45435884,6000000075430050174,Gui Ruyuan
Q45435885,6000000075430807854,Xia Xian
Q45435886,6000000075430666855,Xia Min
Q45435890,6000000075430675003,Sun Xun
Q45435891,6000000075430089979,Yuan Jianzhi
Q45435894,6000000075430580863,Sun Gai
Q45435895,6000000075431143847,Sun Mai
Q45435898,6000000075430851898,Xia Zun
Q45435900,6000000075430936869,Sun Guanguo
Q45435901,6000000075429490247,Hu Jia
Q45435903,6000000075430177005,Kang Wenhu
Q45435905,6000000075430071898,Sun Qi
Q45435909,6000000075430822823,Sun Guang
Q45435910,6000000075430319933,Yuan Zuzhong
Q45435911,6000000075430266931,Meng Xinggu
Q45435913,6000000075430717883,Sun Yi
Q45435914,6000000075430510822,Yuan Mengce
Q45435915,6000000075430503880,Xia Mu
Q45435917,6000000075430229859,Zhu Song
Q45435919,6000000075429749130,Yao Hongzhong
Q45435920,6000000075429704119,Yao Ji
Q45435923,6000000075430027872,Zu Xiushi
Q45435924,6000000075430181067,Ji De
Q45435926,6000000075430330866,Fan Mo
Q45435928,6000000075430903825,Ma Xiyuan
Q45435933,6000000075429326211,Yuan Zhenggui
Q45435934,6000000075430236953,Zhu Cizhong
Q45435936,6000000075430080926,Gao Fu
Q45435938,6000000075431142852,Ling Zongdan
Q45435939,6000000075430898899,Sun Liyu
Q45435941,6000000075431030834,Zhu Xiji
Q45435945,6000000075430589938,Yao Shunfu
Q45435946,6000000075431130822,Ma Congwei
Q45435947,6000000075430404016,Sun Yue
Q45435952,6000000075430936894,Gao Shihou
Q45435954,6000000075430936874,Ling Qi
Q45435955,6000000075430416868,Liu Jin
Q45435956,6000000075429531139,Yuan Zongren
Q45435957,6000000075430452061,Hao Feng
Q45435958,6000000075430974862,Sun Xun
Q45435959,6000000075430633887,Yuan Zhongyou
Q45435961,6000000075430598942,Hu Gongchen
Q45435962,6000000075431005835,Yu Hou
Q45435964,6000000075430683941,Hao Zhou
Q45435968,6000000075430108935,Sun Wo
Q45435969,6000000075430787922,Sun Huaiyue
Q45435970,6000000075429431124,Liu Zhi
Q45435972,6000000075430790824,Hu Fang
Q45435973,6000000075430588825,Yuan Tingzhi
Q45435976,6000000075430079020,Gao Lin
Q45435978,6000000075430708835,Ma Zhongdan
Q45435980,6000000075430310839,Sun Qi
Q45435981,6000000075429702093,Zhu De
Q45435983,6000000075430008984,Sheng Zhang
Q45435984,6000000075430108907,Yuan Renhou
Q45435985,6000000075430527977,Ma Zhiliang
Q45435986,6000000075430097076,Xia Cheng
Q45435988,6000000075430233939,Yao Gonglie
Q45435990,6000000075430157052,Yao Shunbin
Q45435993,6000000075429014327,Sun Gu
Q45435996,6000000075430247921,Qin Xu
Q45435997,6000000075430464878,Sun Hui
Q45435998,6000000075430972874,Ma Jufang
Q45435999,6000000075430586024,Gao Shisheng
Q45436004,6000000075430839919,Xia Dongsou
Q45436006,6000000075431010871,Gui Ruhu
Q45436007,6000000075429501229,Xia Zhen
Q45436008,6000000075430764823,Sun Jingxiu
Q45436016,6000000075430747913,Sun Jian
Q45436018,6000000075430148921,Yao Songzuo
Q45436020,6000000075430719970,Geng Lin
Q45436021,6000000075430808822,Peng Shiyan
Q45436022,6000000075430935852,Xia Zhe
Q45436024,6000000075430885923,Ma Chuanqing
Q45436026,6000000075430551967,Xia Rixuan
Q45436028,6000000075430072886,Ma Rifang
Q45436029,6000000075428922304,Ma Qufei
Q45436031,6000000075430635913,Ji Zhen
Q45436038,6000000075430481928,Yao Hezhong
Q45436040,6000000075430088110,Yao Bangji
Q45436042,6000000075430295854,Gao Shi
Q45436043,6000000075430335838,Fan Chensun
Q45436045,6000000075430119931,Yao Kejiu
Q45436046,6000000075431051828,Qin Youliang
Q45436047,6000000075430283830,Yu Jing
Q45436049,6000000075429052163,Gao Caiqing
Q45436051,6000000075430639879,Yao Yinglong
Q45436052,6000000075430524847,Liu Xie
Q45436055,6000000075430907822,Sun Lian
Q45436056,6000000075429961936,Yao Xing
Q45436057,6000000075430160884,Qin Wei
Q45436059,6000000075431080822,Xia Yuanchang
Q45436061,6000000075430161912,Qin Xi
Q45436064,6000000075430945822,Ma Tingyan
Q45436065,6000000075431224834,Ling Wenbing
Q45436066,6000000075431132822,Ma Guozhen
Q45436067,6000000075430625839,Xia Quan
Q45436068,6000000075430157066,Xia Gao
Q45436071,6000000075429873027,Lou Guan
Q45436074,6000000075430115076,Ling Yan
Q45436075,6000000075430360989,Liu Tianjing
Q45436077,6000000075430361072,Xia Xidao
Q45436078,6000000075430564010,Geng Shi'an
Q45436079,6000000075429948126,Xia Yi
Q45436081,6000000075430834850,Shao Du
Q45436083,6000000075430274152,Hao Zhang
Q45436085,6000000075430555910,Lang Shu
Q45436087,6000000075429854975,Ma Zhongmin
Q45436089,6000000075430251894,Ma Datong
Q45436095,6000000075430842822,Sun Qing
Q45436098,6000000075430625845,Liu Zhengong
Q45436099,6000000075430128033,Yao Shuyao
Q45436104,6000000075430251916,Gao Xuan
Q45436106,6000000075430218837,Sun Wo
Q45436108,6000000075430127904,Sun Chen
Q45436115,6000000075429708011,Zhu Chang
Q45436116,6000000075430596897,Ma Songying
Q45436120,6000000075431099879,Geng Zongyan
Q45436121,6000000075430266924,Qin E
Q45436123,6000000075430843872,Lu Yan
Q45436125,6000000075431160851,Xia Mingcheng
Q45436126,6000000075430882879,Gao Zifeng
Q45436127,6000000075430720839,Sun Gou
Q45436128,6000000075430828851,Yao Sizong
Q45436129,6000000075430834845,Sun Yingfeng
Q45436131,6000000075430146943,Lou Jue
Q45436132,6000000075429823245,Ling Denglong
Q45436133,6000000075430733827,Lang Yuanjiang
Q45436137,6000000075430847917,Ling Kan
Q45436138,6000000075430980864,Xia Qi
Q45436142,6000000075430577871,Gao Yu
Q45436144,6000000075430596924,Ma Ningzu
Q45436145,6000000075430026962,Ma Zhongyong
Q45436147,6000000075430392060,Xia Rihua
Q45436148,6000000075430280927,Zhu Shuji
Q45436149,6000000075430253870,Gao Shu
Q45436153,6000000075430211980,Yao Jifu
Q45436154,6000000075430537891,Li Shao
Q45436155,6000000075430666860,Li Guangji
Q45436158,6000000075430034999,Sun Lin
Q45436160,6000000075430050114,Sun Tiao
Q45436163,6000000075430308906,Fan Tingjie
Q45436164,6000000075430179894,Qin Chun
Q45436165,6000000075430269835,Gao Da
Q45436167,6000000075430071934,Zhu Shibiao
Q45436168,6000000075430890872,Xia Yuanding
Q45436174,6000000075430168887,Qin Jie
Q45436175,6000000075430656827,Yuan Yan
Q45436177,6000000075430982850,Ji Yu
Q45436178,6000000075429916039,Yao Anshi
Q45436180,6000000075430894829,Yao Wangzhi
Q45436181,6000000075431144857,Ma Shiyuan
Q45436184,6000000075429479527,Sun Kai
Q45436185,6000000075430776822,Liu Andao
Q45436186,6000000075430832878,Gao Hui
Q45436189,6000000075430939825,Sun Wei
Q45436194,6000000075430908915,Jia Xiufu
Q45436197,6000000075430319992,Yuan Baizhi
Q45436199,6000000075428465309,Sun Li
Q45436202,6000000075430953870,Gui Zigong
Q45436204,6000000075429913986,Qin An
Q45436205,6000000075430757897,Xia Yuanxiang
Q45436208,6000000075430535824,Yao Yourong
Q45436209,6000000075430827831,Sun Mengqing
Q45436213,6000000075430641879,Gao Zhuo
Q45436216,6000000075430024012,Liu Wu
Q45436217,6000000075430374837,Zhu Zi
Q45436220,6000000075430174963,Qin Gang
Q45436223,6000000075430803842,Sun Yi
Q45436224,6000000075431020860,Shi Liaozong
Q45436226,6000000075430020971,Qin Jie
Q45436229,6000000075430231891,Sun Fa
Q45436231,6000000075430895837,Hu Sheng
Q45436232,6000000075430391880,Liu Hong
Q45436233,6000000075430740830,Xia Xiu
Q45436234,6000000075430532886,Sun Ji
Q45436237,6000000075430761822,Liu Shilong
Q45436239,6000000075431142831,Geng Zheng
Q45436240,6000000075430457070,Zheng Chun
Q45436242,6000000075430414034,Xia Jun
Q45436245,6000000075429923157,Xia Ziwen
Q45436246,6000000075429501270,Hao Chu
Q45436247,6000000075430348822,Sun Liang
Q45436248,6000000075429435299,Xia Renyu
Q45436249,6000000075429431099,Sun Jin
Q45436250,6000000075430537841,Huang Zhaozu
Q45436254,6000000075430835832,Yao Shuyao
Q45436258,6000000075430315930,Sun Yun
Q45436260,6000000075430374822,Yao Yuantai
Q45436261,6000000075430952895,Qin Shizhang
Q45436262,6000000075430850872,Ma Zhiwen
Q45436264,6000000075430709835,Ma Haoxian
Q45436265,6000000075430407856,Zhang Yao
Q45436266,6000000075430940888,Gui Ruchi
Q45436269,6000000075429014419,Xia Yong
Q45436270,6000000075431160832,Hao Feng
Q45436317,6000000075489606847,Yang Xianyun
Q45436378,6000000075489331951,Yang Zhongyuan
Q45436439,6000000075489469893,Yang Zhongan
Q45436502,6000000075489095102,Yang Zhongxiu
Q45436563,6000000075488977139,Yang Wangzhong
Q45436626,6000000075488649261,Yang Hongdao
Q45436691,6000000075489490939,Yang Liangru
Q45436756,6000000075489430949,Yang Chenzhong
Q45436817,6000000075489710822,Yang Keyi
Q45436881,6000000075488884205,Yang Xigu
Q45436943,6000000075488877139,Yang Xidan
Q45437008,6000000075488227511,Yang Siyun
Q45437070,6000000075489161065,Yang Boyu
Q45437195,6000000075489079077,Yang Bangxian
Q45437259,6000000075489637886,Yang Yanzheng
Q45437322,6000000075489579896,Yang Dingxuan
Q45437385,6000000075489572906,Yang Zongli
Q45437574,6000000075489241021,Yang Zhifang
Q45437701,6000000075489572922,Yang Zhenghua
Q45437763,6000000075489557953,Yang Zhongxin
Q45437827,6000000075489437957,Yang Zhongyi
Q45437890,6000000075489685845,Yang Changmeng
Q45437954,6000000075489441872,Yang Mingfu
Q45438213,6000000075489166014,Yang Shulan
Q45438276,6000000075489573894,Yang Zhizhang
Q45438338,6000000075489681855,Yang Nanzhong
Q45438404,6000000075489662900,Yang Xianheng
Q45438467,6000000075489719854,Yang Xianzhang
Q45438529,6000000075489434970,Yang Zezhi
Q45438591,6000000075489653877,Yang Zhaoshu
Q45438719,6000000075489771832,Yang Ruochong
Q45438782,6000000075489682853,Yang Maochang
Q45438844,6000000075489499951,Yang Zhongjin
Q45439036,6000000075489768825,Yang Qizong
Q45439128,6000000075489081127,Yang Shiqian
Q45439193,6000000075488877170,Yang Xiuzhi
Q45439253,6000000075489704887,Yang Weizhong
Q45439315,6000000075489654872,Yang Tongying
Q45439376,6000000075489244049,Yang Tongbao
Q45439440,6000000075489337054,Yang Shengdun
Q45439500,6000000075489783837,Yang Congxian
Q45439563,6000000075489245075,Yang Congyi
Q45439686,6000000075489573905,Yang Dunren
Q45439747,6000000075488727453,Yang Chaonan
Q45439809,6000000075489161130,Yang Pengnian
Q45439873,6000000075489374068,Yang Jinglong
Q45439935,6000000075489678869,Yang Jinyu
Q45439997,6000000075489391017,Yang Fuyi
Q45440062,6000000075489079126,Yang Yizhong
Q45440251,6000000075489543939,Yang Benheng
Q45440313,6000000075489636887,Yang Kanzi
Q45440439,6000000075489276116,Yang Jiweng
Q45440564,6000000075489828844,Yang Qixian
Q45440630,6000000075489699895,Yang Duanshu
Q45440691,6000000075489781861,Yang Chengzhi
Q45440755,6000000075489844824,Yang Fuxing
Q45440815,6000000075489179159,Yang Shousun
Q45440878,6000000075489225055,Yang Shouqi
Q45440940,6000000075489545998,Yang Yuli
Q45441128,6000000075489006268,Yang Mengxin
Q45441254,6000000075489873834,Yang Fengsun
Q45441317,6000000075489659901,Yang Zhenwu
Q45441444,6000000075489548010,Yang Xianbao
Q45441507,6000000075488856275,Yang Zemin
Q45441571,6000000075489253122,Yang Yuyi
Q45441698,6000000075489306079,Yang Yingdeng
Q45441760,6000000075489816875,Yang Wen
Q45441826,6000000075489783875,Yang Yingcheng
Q45441954,6000000075489636922,Yang Yizhi
Q45442016,6000000075489897827,Yang Guiyi
Q45442078,6000000075489437014,Yang Huaizhong
Q45442143,6000000075489719894,Jin Qing
Q45442274,6000000075489298068,Jin Sai
Q45442339,6000000075489774887,Jin Zongchen
Q45442469,6000000075489716920,Jin Yingzhi
Q45442532,6000000075489748865,Jin Caizhi
Q45442789,6000000075489743901,Yu Mi
Q45442853,6000000075488727532,Yu Rui
Q45442918,6000000075489179182,Yu Chu
Q45442981,6000000075489802879,Yu Pu
Q45443044,6000000075489870844,Yu Fu
Q45443105,6000000075489833848,Yu Wan
Q45443170,6000000075489949822,Yu Zhao
Q45443232,6000000075489225123,Yu Zhen
Q45443300,6000000075489661943,Yu Daning
Q45443365,6000000075489216138,Yu Tangzuo
Q45443426,6000000075489390096,Yu Jingzhi
Q45443553,6000000075489616952,Huan Yuan
Q45443616,6000000075489938860,Guo Yuan
Q45443679,6000000075489488041,Guo Mengyu
Q45443743,6000000075489938865,Sui Shixiong
Q45443809,6000000075489415072,Lu Chong
Q45443872,6000000075489942844,Lu Kang
Q45443935,6000000075489513078,Lu Bin
Q45443997,6000000075489465103,Lu Gao
Q45444121,6000000075489961856,Lu Lian
Q45444185,6000000075489945830,Lu Jian
Q45444247,6000000075489964843,Lu Guan
Q45444311,6000000075489474013,Lu Baoheng
Q45444373,6000000075489887864,Lu Yatui
Q45444436,6000000075489988831,Dong You
Q45444501,6000000075488830269,Dong Shi
Q45444566,6000000075489566002,Dong An
Q45444629,6000000075489337111,Dong Yu
Q45444694,6000000075489824851,Dong Xian
Q45444757,6000000075489742904,Dong Jing
Q45444818,6000000075489438062,Dong Hou
Q45444880,6000000075490010826,Dong Yan
Q45444942,6000000075489686967,Dong Yun
Q45445006,6000000075489886886,Dong Yun
Q45445072,6000000075489951869,Dong Chun
Q45445135,6000000075489465108,Dong Xiang
Q45445201,6000000075489938904,Dong Chang
Q45445329,6000000075488529461,Dong Chen
Q45445394,6000000075489963835,Dong Yan
Q45445456,6000000075490015834,Dong Zhi
Q45445519,6000000075490024840,Dong Gui
Q45445655,6000000075489916843,Dong Kai
Q45445719,6000000075489760941,Dong Jing
Q45445783,6000000075489911894,Dong Shou
Q45445845,6000000075489796932,Dong Jian
Q45445907,6000000075489990865,Dong Zhen
Q45445971,6000000075489888918,Dong Shu
Q45446034,6000000075489105231,Dong Mian
Q45446096,6000000075489869894,Dong Zhan
Q45446158,6000000075489938921,Dong Yi
Q45446222,6000000075488728379,Dong Yun
Q45446286,6000000075489358176,Dong Guan
Q45446412,6000000075489912931,Dong Zhiqi
Q45446475,6000000075489390138,Dong Wenhe
Q45446540,6000000075489557088,Dong Yuanshan
Q45446603,6000000075489939888,Dong Tianlin
Q45446664,6000000075489846917,Dong Shaoshu
Q45446726,6000000075489760964,Dong Yunzhong
Q45446790,6000000075489144189,Dong Gongyan
Q45446852,6000000075489768909,Dong Gongjian
Q45446913,6000000075490043862,Dong Gongyan
Q45447041,6000000075490012852,Dong Yongxi
Q45447104,6000000075489710977,Dong Zhongyuan
Q45447165,6000000075489722957,Dong Zhongyan
Q45447229,6000000075489899908,Dong Xiaozhang
Q45447291,6000000075490106822,Dong Juyi
Q45447356,6000000075489298116,Dong Nanmei
Q45447416,6000000075489421018,Dong Gongshou
Q45447481,6000000075489558140,Dong Xiugu
Q45447608,6000000075490083850,Dong Weizheng
Q45447671,6000000075490046883,Dong Jingyu
Q45447732,6000000075489678966,Dong Shunzi
Q45447795,6000000075489659033,Dong Daoming
Q45447857,6000000075490062858,Dong Daofu
Q45447921,6000000075489991925,Dong Jingan
Q45447984,6000000075490002857,Dong Jingchen
Q45448046,6000000075489962957,Dong Linji
Q45448108,6000000075489906894,Dong Dexiu
Q45448170,6000000075489841983,Dong Yinzi
Q45448232,6000000075489898969,Dong Pengfei
Q45448296,6000000075489442098,Wan Ji
Q45448358,6000000075489912972,Wan Ge
Q45448421,6000000075490074844,Wan Wei
Q45448485,6000000075489682059,Wan Zhen
Q45448547,6000000075489962962,Wan E
Q45448610,6000000075490075840,Wan Ji
Q45448674,6000000075489552092,Wan Zhe
Q45448740,6000000075489905886,Wan Zhen
Q45448803,6000000075490151822,Wan Renying
Q45448866,6000000075490155822,Wan Renjie
Q45448928,6000000075490090862,Wan Zongda
Q45448991,6000000075489710015,Ye Jie
Q45449053,6000000075490160829,Ye Jie
Q45449115,6000000075489216199,Ye He
Q45449241,6000000075489247257,Ye Shao
Q45449305,6000000075489764960,Ye Ding
Q45449367,6000000075490063853,Ye Dong
Q45449494,6000000075489298151,Ye Gao
Q45449687,6000000075489870936,Ye Hong
Q45449750,6000000075490075871,Ye Guan
Q45449877,6000000075489817010,Ye Ying
Q45449941,6000000075490065936,Ye Zai
Q45450003,6000000075489105317,Ye Zhen
Q45450067,6000000075490077893,Ye Jin
Q45450129,6000000075489760995,Ye Shi
Q45450192,6000000075489421077,Ye Yin
Q45450254,6000000075488928396,Ye Shu
Q45450383,6000000075489881967,Ye Yin
Q45450446,6000000075489657072,Ye Zi
Q45450511,6000000075489882934,Ye Wei
Q45450572,6000000075489883901,Ye Shao
Q45450637,6000000075490053884,Ye Shi
Q45450700,6000000075489435132,Ye Sen
Q45450767,6000000075489575058,Ye Di
Q45450829,6000000075489165295,Ye Kai
Q45450892,6000000075490107871,Ye Zhi
Q45450954,6000000075489721036,Ye Nan
Q45451017,6000000075489720019,Ye Jing
Q45451079,6000000075489748942,Ye Song
Q45451203,6000000075489415214,Ye Zhuang
Q45451266,6000000075489905920,Ye Zhen
Q45451328,6000000075490051914,Ye Gang
Q45451391,6000000075490068895,Ye Cheng
Q45451452,6000000075488728473,Ye Zhen
Q45451513,6000000075490183857,Ye Shi
Q45451642,6000000075490076872,Ye Hui
Q45451704,6000000075490206830,Ye Ze
Q45451895,6000000075490172843,Ye Yue
Q45451958,6000000075489858920,Ye Mo
Q45452020,6000000075490116870,Ye Zhuan
Q45452083,6000000075488957425,Ye Kui
Q45452149,6000000075490248834,Ye An
Q45452212,6000000075490064889,Ye Kuang
Q45452275,6000000075489794021,Ye Ziren
Q45452342,6000000075489705031,Ye Zigao
Q45452404,6000000075490012955,Ye Ziwan
Q45452466,6000000075489740038,Ye Shining
Q45452528,6000000075490085894,Ye Shilong
Q45452653,6000000075490260825,Ye Daren
Q45452715,6000000075490096914,Ye Zhuan
Q45452846,6000000075490051929,Ye Sansheng
Q45452911,6000000075489817040,Ye Zhirui
Q45452972,6000000075489724987,Ye Wenbing
Q45453036,6000000075490082906,Ye Yuanlao
Q45453099,6000000075490257841,Ye Tianqi
Q45453162,6000000075489216250,Ye Renyu
Q45453225,6000000075489864007,Ye Bimao
Q45453289,6000000075489596084,Ye Rushi
Q45453417,6000000075490129876,Ye Zhongkai
Q45453484,6000000075490141906,Ye Xiaoyan
Q45453611,6000000075490241847,Ye Tingfen
Q45453674,6000000075490012963,Ye Zongshan
Q45453803,6000000075490294822,Ye Wuzi
Q45453867,6000000075490077906,Ye Rendao
Q45453931,6000000075490267828,Ye Bingwen
Q45453995,6000000075489886956,Ye Jishao
Q45454127,6000000075489991992,Ye Zuyi
Q45454191,6000000075490202857,Ye Xiaqing
Q45454259,6000000075490241864,Ye Qiqian
Q45454325,6000000075489548227,Ye Yezhou
Q45454388,6000000075490218871,Ye Fushu
Q45454451,6000000075490264859,Ye Dexiang
Q45454520,6000000075489687118,Ye Yaozi
Q45454584,6000000075490143867,Ye Jincheng
Q45454652,6000000075490243849,Ye Sichang
Q45454714,6000000075489950979,Ye Hanqing
Q45454847,6000000075490306824,Ye Mengde
Q45454913,6000000075490304832,Ye Mengye
Q45454977,6000000075490335822,Ye Shizheng
Q45455042,6000000075490228877,Ye Nizu
Q45455109,6000000075489740068,Ye Yingfu
Q45455172,6000000075488856499,Ye Qianfu
Q45455236,6000000075489941926,Ge Chang
Q45455299,6000000075490332831,Ge Xun
Q45455365,6000000075490227905,Ge Feng
Q45455429,6000000075490361825,Ge Shi
Q45455492,6000000075489596117,Ge Xi
Q45455557,6000000075489513262,Ge Geng
Q45455619,6000000075490205885,Ge Zhongliang
Q45455682,6000000075490316843,Ge Yanzhi
Q45455747,6000000075489744095,Ge Zonggu
Q45455809,6000000075490291865,Ge Bingkui
Q45455872,6000000075490311835,Ge Yinyan
Q45455934,6000000075490300865,Ge Qinglong
Q45455999,6000000075490331861,Zhan Yi
Q45456060,6000000075489907068,Zhan Jie
Q45456123,6000000075490103926,Zhan Ben
Q45456186,6000000075490065010,Zhan Gu
Q45456250,6000000075490028970,Zhan He
Q45456313,6000000075489882997,Zhan Mian
Q45456377,6000000075490421839,Zhan Chun
Q45456441,6000000075490267895,Zhan Fu
Q45456506,6000000075490307860,Zhan Yi
Q45456569,6000000075490053976,Zhan Fan
Q45456634,6000000075489946062,Zhan Zi
Q45456823,6000000075490007128,Zhan Youduan
Q45456885,6000000075490117003,Zhan Yuanding
Q45456949,6000000075490424872,Zhan Zhongzheng
Q45457013,6000000075490358873,Zhan Shixun
Q45457077,6000000075490442840,Zhan Xianye
Q45457142,6000000075490359875,Zhan Zhongmei
Q45457206,6000000075490307869,Zhan Tingjian
Q45457270,6000000075490057024,Zhan Yandi
Q45457398,6000000075488529705,Zhan Huiming
Q45457462,6000000075490498824,Zhan Jingyang
Q45457589,6000000075490232915,Dun Qi
Q45457651,6000000075490273914,Wu Bing
Q45457779,6000000075489887048,Jie Yuan
Q45457842,6000000075490514824,Jie Dan
Q45457906,6000000075489761199,Jie Gu
Q45458036,6000000075489899190,Jie Qian
Q45458099,6000000075490578822,Jie Wenzhi
Q45458225,6000000075490054048,Jie Chuzhong
Q45458289,6000000075489895165,Jie Buzhi
Q45458351,6000000075489906157,Jie Qixian
Q45458413,6000000075490477944,Jie Binwang
Q45458544,6000000075490351025,Jie Longxiang
Q45458609,6000000075490725823,Zou Ding
Q45458672,6000000075489952098,Zou Chang
Q45458734,6000000075490505936,Zou Dan
Q45458860,6000000075490624883,Ju Kuo
Q45458923,6000000075489851325,Ju Qing
Q45458989,6000000075490660866,Zou Huai
Q45459053,6000000075490601893,Zou Bin
Q45459246,6000000075490777823,Zou Ke
Q45459306,6000000075490515925,Zou Fei
Q45459371,6000000075490783822,Ju Jin
Q45459436,6000000075490678852,Zou Feng
Q45459499,6000000075490029159,Ju Kuan
Q45459564,6000000075490219119,Ju Yi
Q45459631,6000000075490006218,Ju Xie
Q45459757,6000000075490655878,Zou Feng
Q45459819,6000000075490542919,Ju Kui
Q45459943,6000000075489906211,Zou Andao
Q45460006,6000000075490359978,Ju Xiyan
Q45460132,6000000075490323980,Zou Feixiong
Q45460196,6000000075489950172,Ju Jinren
Q45460260,6000000075490477966,Zou Dunli
Q45460326,6000000075490777847,Zou Denglong
Q45460387,6000000075490029165,Zou Buzhi
Q45460513,6000000075490654908,Ju Yingbo
Q45460646,6000000075490661844,Man Zhizhong
Q45460772,6000000075490694897,Qi Yi
Q45460837,6000000075490764876,Qi Shuo
Q45460901,6000000075490831822,Qi Chen
Q45460963,6000000075490601935,Qi Tianjiao
Q45461028,6000000075490550953,Qi Deyi
Q45461096,6000000075490407018,Qi Qingzhou
Q45461160,6000000075490608899,Qi Luzhan
Q45461222,6000000075490833824,Qi Desheng
Q45461285,6000000075490624910,Liao Ji
Q45461324,6000000075490261017,Liao Geng
Q45461386,6000000075490261022,Liao Yu
Q45461448,6000000075490666857,Liao Hou
Q45461511,6000000075490715913,Liao Ting
Q45461573,6000000075490856822,Liao Yi
Q45461637,6000000075490678881,Liao Cheng
Q45461701,6000000075490546948,Liao Yu
Q45461764,6000000075490476007,Liao Rong
Q45461828,6000000075490810841,Liao Han
Q45461891,6000000075490858834,Liao Heng
Q45461954,6000000075490756882,Liao Qian
Q45462084,6000000075490530940,Liao Junyu
Q45462146,6000000075490295199,Liao Mengdeng
Q45462209,6000000075489711366,Liao Jushi
Q45462274,6000000075490477988,Liao Mingzhe
Q45462333,6000000075490542938,Liao Shujin
Q45462396,6000000075490764896,Liao Yanxiu
Q45462460,6000000075490872831,Liao Tangying
Q45462524,6000000075490866840,Liao Yigang
Q45462588,6000000075490898822,Liao Yingzhong
Q45462685,6000000075490903824,Liao Suiming
Q45462749,6000000075489895266,Rong Yi
Q45462814,6000000075490693914,Rong Ji
Q45462876,6000000075490689965,Rong Shumin
Q45462938,6000000075490674914,Tai Heng
Q45463006,6000000075490909894,Qi Kui
Q45463067,6000000075490940896,Qi Yuanheng
Q45463192,6000000075490669026,Zhai Wang
Q45463416,6000000075485146186,Chen Yaolong
Q45463442,6000000075490646022,Zhai Jie
Q45463569,6000000075491093825,Zhai Kan
Q45463631,6000000075490960872,Zhai Xiang
Q45463694,6000000075490552124,Zhai Yuanheng
Q45463756,6000000075490922867,Zhai Shouxin
Q45463821,6000000075489929273,Zhai Yuanshen
Q45463887,6000000075491100837,Zhai Guorong
Q45463951,6000000075490839961,Zhai Fengheng
Q45464015,6000000075490872908,Zhai Dunren
Q45464147,6000000075491134822,Zhao Jiu
Q45464267,6000000075490823045,Zhao Yuan
Q45464330,6000000075491050871,Zhao You
Q45464392,6000000075490154317,Zhao Li
Q45464456,6000000075491125833,Zhao Li
Q45464518,6000000075490451175,Zhao Bing
Q45464581,6000000075491069886,Zhao Shen
Q45464643,6000000075491074887,Zhao Sheng
Q45464705,6000000075490982926,Zhao Tong
Q45464830,6000000075491132845,Zhao Ji
Q45464893,6000000075490832014,Zhao Pu
Q45464955,6000000075489488525,Zhao Qi
Q45465085,6000000075490949941,Zhao Yi
Q45465148,6000000075490625048,Zhao Hong
Q45465275,6000000075490961951,Zhao Cai
Q45465343,6000000075490512064,Zhao Gu
Q45465534,6000000075490192328,Zhao Yan
Q45465598,6000000075491088863,Zhao Geng
Q45465662,6000000075490800041,Zhao Ding
Q45465788,6000000075490695096,Zhao Lin
Q45465854,6000000075491060929,Zhao Gu
Q45466030,6000000075504999125,Li Jicheng
Q45466093,6000000075505555867,Deng Zili
Q45466107,6000000075490576033,Zhao Bing
Q45466158,6000000075505473938,Zheng Guangbi
Q45466221,6000000075505223038,Zheng Zhonglv
Q45466235,6000000075491169838,Zhao Quan
Q45466363,6000000075490933948,Zhao Peng
Q45466426,6000000075490582963,Zhao Yan
Q45466558,6000000075491193841,Zhao Xuan
Q45466683,6000000075490935958,Zhao Zhi
Q45467002,6000000075491197852,Zhao Fei
Q45467201,6000000075491015939,Zhao Qiu
Q45467331,6000000075491132906,Zhao Jun
Q45467397,6000000075491235834,Zhao Shou
Q45467462,6000000075491249822,Zhao Yi
Q45467593,6000000075490324160,Zhao Di
Q45467659,6000000075490097353,Zhao Zuo
Q45467723,6000000075490972965,Zhao Zhe
Q45468103,6000000075491242830,Zhao Gong
Q45468233,6000000075491228836,Zhao Tong
Q45468296,6000000075491252838,Zhao Yue
Q45468426,6000000075490350291,Zhao Shi
Q45468555,6000000075489720488,Zhao Chun
Q45468619,6000000075491290822,Zhao Zhang
Q45468682,6000000075490629119,Zhao Gun
Q45468748,6000000075491302822,Zhao Yu
Q45468875,6000000075491225875,Zhao Cong
Q45469003,6000000075491096937,Zhao Chan
Q45469067,6000000075491092883,Zhao Bin
Q45469132,6000000075491089936,Zhao Chen
Q45469330,6000000075491121967,Zhao Xiang
Q45469398,6000000075490154368,Zhao Chao
Q45469464,6000000075491361822,Zhao Yu
Q45469531,6000000075430903878,Hao Rong
Q45469591,6000000075491175922,Zhao Fa
Q45469656,6000000075491071022,Zhao Qi
Q45469659,6000000075431249846,Xia Guisun
Q45469717,6000000075491252909,Zhao Long
Q45469724,6000000075430586029,Hao Cheng
Q45469789,6000000075431324826,Geng Shiju
Q45469853,6000000075431269853,Luo  E
Q45469970,6000000075491060021,Zhao Dong
Q45470034,6000000075490653138,Zhao Tang
Q45470098,6000000075491178931,Zhao Yu
Q45470162,6000000075491007981,Zhao Yu
Q45470169,6000000075431001936,Chao Gongbing
Q45470225,6000000075431318828,Geng Daochun
Q45470258,6000000075490754202,Zhao Jun
Q45470291,6000000075430683969,Geng Duanyan
Q45470384,6000000075491031960,Zhao Sheng
Q45470417,6000000075431163858,Ling Dechen
Q45470481,6000000075430232162,Sang Zhong
Q45470510,6000000075491369867,Zhao Qi
Q45470575,6000000075491422823,Zhao Yi
Q45470638,6000000075491283896,Zhao Lian
Q45470679,6000000075431126887,Tu Daxiang
Q45470744,6000000075430898955,Xia Weiqing
Q45470766,6000000075490929107,Zhao Zai
Q45470831,6000000075491436834,Zhao Yu
Q45470872,6000000075431309841,Huo Ming
Q45470935,6000000075430757970,Tu Gongda
Q45470959,6000000075491339866,Zhao Sun
Q45471000,6000000075430578054,Ban Hanqing
Q45471024,6000000075491417843,Zhao Kai
Q45471062,6000000075431365825,Sang Yan
Q45471087,6000000075491193928,Zhao Kai
Q45471127,6000000075431356834,Sun Cai
Q45471151,6000000075490931037,Zhao Ji
Q45471343,6000000075491363877,Zhao Chun
Q45471387,6000000075430882966,Gao Yuan
Q45471408,6000000075490512250,Zhao Wo
Q45471514,6000000075431284884,Sun Chou
Q45471579,6000000075431386822,Sun Hui
Q45471644,6000000075431216890,Xia Yingda
Q45471661,6000000075491114992,Zhao Kui
Q45471724,6000000075491063004,Zhao Li
Q45471768,6000000075431398822,Li Ying
Q45471832,6000000075430912913,Sun Li
Q45471849,6000000075491114997,Zhao Yan
Q45471912,6000000075491243909,Zhao Cheng
Q45471959,6000000075431160942,Hao Lin
Q45471975,6000000075491302882,Zhao Ti
Q45472039,6000000075491467822,Zhao Yuan
Q45472102,6000000075491264947,Zhao Xi
Q45472151,6000000075431313880,Jing Si
Q45472166,6000000075490959059,Zhao Tao
Q45472215,6000000075431126907,Sang Kui
Q45472280,6000000075431090879,Xiahou Gui
Q45472295,6000000075491306905,Zhao Meng
Q45472358,6000000075491115963,Zhao Xian
Q45472423,6000000075491472824,Zhao Quan
Q45472473,6000000075431198889,Xiahou Mao
Q45472538,6000000075431263869,Hu Liang
Q45472603,6000000075431363881,Wu Su
Q45472681,6000000075491210955,Zhao Guang
Q45472733,6000000075431182904,Hao Sui
Q45472746,6000000075491270948,Zhao Guang
Q45472798,6000000075431174928,Sang Cao
Q45472811,6000000075490192457,Zhao Liang
Q45472861,6000000075431130923,Hao Guan
Q45472873,6000000075491218964,Zhao Jin
Q45472928,6000000075430720039,Hao Shi'an
Q45472994,6000000075431168916,Chao Baigu
Q45473057,6000000075430883004,Sun Yong
Q45473068,6000000075491070014,Zhao Cong
Q45473120,6000000075431425876,Zhang Yuan
Q45473129,6000000075489996637,Zhao Youxu
Q45473184,6000000075430532981,Xiahou Pu
Q45473192,6000000075491506823,Zhao De
Q45473248,6000000075431446836,Xiahou Kan
Q45473257,6000000075490291220,Zhao Ze
Q45473312,6000000075430899025,Hao Datong
Q45473320,6000000075491433856,Zhao Xian
Q45473387,6000000075491292967,Zhao Zun
Q45473441,6000000075431277901,Liu Chong
Q45473503,6000000075431316913,Liu Ji
Q45473513,6000000075491172000,Zhao Xian
Q45473623,6000000075490755217,Zhao Qiao
Q45473753,6000000075490261425,Zhao Zun
Q45473816,6000000075491401904,Zhao Hui
Q45473940,6000000075491457876,Zhao Rui
Q45474001,6000000075491210995,Zhao Han
Q45474063,6000000075491377892,Zhao Wei
Q45474123,6000000075491425870,Zhao Cun
Q45474158,6000000075505805852,Chen Zhongqing
Q45474309,6000000075490931087,Zhao Meng
Q45474416,6000000075491476856,Zhao Dian
Q45474457,6000000075430455192,Xiahou Wei
Q45474481,6000000075490983108,Zhao Jin
Q45474521,6000000075431045016,Sang Guangfu
Q45474544,6000000075490968063,Zhao Yan
Q45474651,6000000075431568834,Hao Yuangui
Q45474713,6000000075431288923,Xiahou Xi
Q45474740,6000000075491520841,Zhao Mo
Q45474776,6000000075431411915,Hao Zhonghe
Q45474839,6000000075431156896,Xiahou Yanyou
Q45474904,6000000075431470850,Hao Zhonglian
Q45474936,6000000075490237464,Zhao Zan
Q45474970,6000000075431558825,Sun Jue
Q45475035,6000000075431136023,Suo Ruchen
Q45475098,6000000075430985029,Chao Zhonghong
Q45475141,6000000075491420926,Zhao Quan
Q45475161,6000000075431542850,Hao Xiaolong
Q45475227,6000000075429924338,Hao E
Q45475269,6000000075491200075,Zhao Guan
Q45475290,6000000075431618827,Dang Jun
Q45475395,6000000075490603311,Zhao Jiuling
Q45475460,6000000075491578834,Zhao Zixi
Q45475487,6000000075431288928,Dang Guangsi
Q45475527,6000000075490968102,Zhao Zitong
Q45475550,6000000075431642822,Dang Zhongsheng
Q45475592,6000000075491167980,Zhao Zizhi
Q45475656,6000000075491538854,Zhao Zifang
Q45475678,6000000075431644822,Dang Daiwen
Q45475719,6000000075490261480,Zhao Zihe
Q45475782,6000000075491229989,Zhao Zijian
Q45475803,6000000075430597083,Ma Yong
Q45475849,6000000075491153983,Zhao Zigong
Q45475866,6000000075431367953,Ma Ji
Q45475914,6000000075491318926,Zhao Zizhen
Q45475981,6000000075490515309,Zhao Zishi
Q45475993,6000000075431093999,Sun Jiuxu
Q45476046,6000000075491442896,Zhao Ziyun
Q45476056,6000000075431547850,Ma Xian
Q45476113,6000000075491276045,Zhao Zifa
Q45476119,6000000075431502864,Yuan Zhen
Q45476184,6000000075430791103,Ma Xian
Q45476240,6000000075491296023,Zhao Zimin
Q45476249,6000000075431354948,Sun Zixiu
Q45476313,6000000075431642829,Yuan Su
Q45476378,6000000075431322949,Hu Jie
Q45476435,6000000075491196061,Zhao Zidong
Q45476444,6000000075431073920,Hu Qi
Q45476499,6000000075491143157,Zhao Zidi
Q45476510,6000000075431456912,Sun Shilong
Q45476562,6000000075491226064,Zhao Zixin
Q45476574,6000000075430740045,Sun Chong
Q45476627,6000000075490932176,Zhao Zicheng
Q45476638,6000000075431597847,Cao Zong
Q45476698,6000000075491745862,Zhao Zilin
Q45476702,6000000075431494894,Hu Ming
Q45476762,6000000075491334034,Zhao Ziji
Q45476768,6000000075431612838,Yuan Xingyin
Q45476828,6000000075491697876,Zhao Zimeng
Q45476829,6000000075430899084,Sun Zhihan
Q45476893,6000000075431602851,Wang Yi
Q45476896,6000000075491074202,Zhao Zidi
Q45476954,6000000075430413153,Xu Li
Q45476957,6000000075491493033,Zhao Shichu
Q45477018,6000000075431374923,Sun Fangwu
Q45477024,6000000075491836822,Zhao Shian
Q45477083,6000000075431499897,He Qizhong
Q45477089,6000000075491634882,Zhao Shixu
Q45477218,6000000075491537954,Zhao Shibiao
Q45477285,6000000075491799858,Zhao Shiyan
Q45477354,6000000075491824836,Zhao Shizhen
Q45477414,6000000075431444908,Fan  Tingmao
Q45477480,6000000075431399925,Liu Xiangnan
Q45477486,6000000075491351037,Zhao Shinie
Q45477545,6000000075481052849,Xu Yan
Q45477610,6000000075481119839,Li Defu
Q45477683,6000000075491777862,Zhao Shiju
Q45477752,6000000075491200154,Zhao Shiyan
Q45477871,6000000075481031907,Wang Yu
Q45477951,6000000075491752879,Zhao Shijian
Q45478022,6000000075491717873,Zhao Shifu
Q45478066,6000000075481077874,Shi Xuan
Q45478092,6000000075491607938,Zhao Shiba
Q45478131,6000000075480972914,Jiang Le
Q45478159,6000000075491231143,Zhao Shigong
Q45478229,6000000075491902822,Zhao Shitian
Q45478386,6000000075480703195,Wang  Chaozuo
Q45478434,6000000075491875841,Zhao Shilei
Q45478451,6000000075481065853,Lin Huang
Q45478504,6000000075491684946,Zhao Shi
Q45478570,6000000075491652962,Zhao Shiyuan
Q45478637,6000000075491741898,Zhao Shixia
Q45478702,6000000075491503991,Zhao Shiqian
Q45478715,6000000075480914943,Jin Geng
Q45478768,6000000075491452063,Zhao Shi?
Q45478779,6000000075480713093,Zhang Junzhong
Q45478837,6000000075491351043,Zhao Shipu
Q45478845,6000000075481040906,Feng Geng
Q45478904,6000000075490116783,Zhao Shizhui
Q45478971,6000000075491621983,Zhao Shirui
Q45479041,6000000075491821861,Zhao Shibao
Q45479101,6000000075480630097,Huang Wu
Q45479165,6000000075480043346,Yuan Mengpeng
Q45479174,6000000075491406123,Zhao Shizun
Q45479242,6000000075491493073,Zhao Shiye
Q45479312,6000000075491491976,Zhao Shican
Q45479364,6000000075480889064,Xi Gai
Q45479493,6000000075480922911,Yuan Jie
Q45479510,6000000075491385105,Zhao Shigou
Q45479577,6000000075491774920,Zhao Shijian
Q45479630,6000000075481205822,Yuan Zheng
Q45479645,6000000075490966355,Zhao Shiyi
Q45479693,6000000075480793048,Yuan Nan
Q45479739,6000000075505277109,Li Xiong
Q45479802,6000000075505589068,Li Weishen
Q45479819,6000000075481183856,Yuan Jiong
Q45479844,6000000075491437030,Zhao Shigeng
Q45479874,6000000075505776963,Li Mengxian
Q45479912,6000000075491799968,Zhao Shiyue
Q45479949,6000000075479989661,Yuan Yi
Q45480002,6000000075505439102,Wang Zhengfu
Q45480012,6000000075481163840,Xu Ji
Q45480041,6000000075491860873,Zhao Shizan
Q45480067,6000000075505907841,Wang Jiliang
Q45480081,6000000075480174471,Yuan Yi
Q45480105,6000000075491782950,Zhao Dazhong
Q45480145,6000000075480399346,Chao Yuanzhong
Q45480236,6000000075490966366,Zhao Shanfu
Q45480302,6000000075491893858,Zhao Jiubi
Q45480338,6000000075481107908,Chen Wei
Q45480365,6000000075491682924,Zhao Wenchang
Q45480465,6000000075479770699,Zhang Di
Q45480490,6000000075491997837,Zhao Wenyi
Q45480531,6000000075480569172,Sun Yongyan
Q45480554,6000000075491642954,Zhao Yuanheng
Q45480595,6000000075480686283,Zhao Chongyong
Q45480619,6000000075491921881,Zhao Yuanchang
Q45480658,6000000075480049493,Zhang Xia
Q45480721,6000000075480903980,Sun You
Q45480746,6000000075492018826,Zhao Yuanqing
Q45480784,6000000075481154858,Zhang Qing
Q45480847,6000000075481209842,Sun Gongliang
Q45480874,6000000075491797890,Zhao Yuanru
Q45480911,6000000075480242432,Yuan Liang
Q45481038,6000000075480869975,Sun Li
Q45481069,6000000075491666997,Zhao Bumin
Q45481102,6000000075480590160,Sun Bida
Q45481170,6000000075480317390,Yuan Gui
Q45481261,6000000075491716004,Zhao Buzhen
Q45481298,6000000075481168868,Xu Yue
Q45481425,6000000075481160877,Sun Keyuan
Q45481492,6000000075481164872,Yuan En
Q45481518,6000000075491516994,Zhao Bushi
Q45481559,6000000075481192831,Sun Kedu
Q45481584,6000000075492037826,Zhao Buqun
Q45481651,6000000075491424123,Zhao Buwei
Q45481689,6000000075480558380,Sun Zhengci
Q45481751,6000000075481047956,Xu Yuan
Q45481780,6000000075491923850,Zhao Busu
Q45481815,6000000075481152843,Jin Yanbo
Q45481881,6000000075480875074,Mo Guanqing
Q45481913,6000000075491550983,Zhao Budun
Q45481946,6000000075481241826,Sun Shinan
Q45481977,6000000075491878878,Zhao Budu
Q45482080,6000000075480398381,Xu Chongsi
Q45482144,6000000018360418464,Jiang Chongzhen
Q45482211,6000000075481112908,Sun Shiyi
Q45482235,6000000075491586127,Zhao Bujian
Q45482274,6000000075480695276,Zhang Yu
Q45482339,6000000075481231846,Xu Chongju
Q45482364,6000000075491477070,Zhao Taibao
Q45482403,6000000075480245449,Sun Shining
Q45482426,6000000075492005829,Zhao Youzhi
Q45482469,6000000075480875081,Zhang Ji
Q45482531,6000000075481240845,Zhang Can
Q45482553,6000000075491800943,Zhao Riqi
Q45482595,6000000075480558394,Sun Yonghe
Q45482618,6000000075491968898,Zhao Zhongkui
Q45482660,6000000075481058981,Sun Rumian
Q45482681,6000000075491777939,Zhao Jieru
Q45482724,6000000075481173877,Xu Shou
Q45482784,6000000075480915011,Xu Gou
Q45482850,6000000075480910015,Yuan Kang
Q45482870,6000000075492107822,Zhao Gongjie
Q45482912,6000000075480288341,Sun Chang
Q45482932,6000000075491517017,Zhao Gongyu
Q45482975,6000000075481248835,Xu Di
Q45482998,6000000075492107827,Zhao Gongmai
Q45483059,6000000075490097772,Zhao Gonghan
Q45483108,6000000075480894035,Yuan Xu
Q45483123,6000000075491556032,Zhao Bisheng
Q45483171,6000000075481035966,Zhang Sen
Q45483234,6000000075480871104,Chao Gongzu
Q45483297,6000000075480390412,Sun Yang
Q45483317,6000000075491667061,Zhao Bichai
Q45483362,6000000075480875086,Zhang Fu
Q45483382,6000000075491879926,Zhao Biqu
Q45483428,6000000075480557326,Cao Yun
Q45483446,6000000075491517042,Zhao Bichang
Q45483490,6000000075481217883,Zhang Cheng
Q45483554,6000000075480043398,Sun Andao
Q45483680,6000000075480210607,Sun Shu
Q45483743,6000000075481276823,Sun Yu
Q45483810,6000000075481196883,Sun Zhao
Q45483837,6000000075505967853,Xin Shizheng
Q45483936,6000000075481106921,Xu Feng
Q45483972,6000000075492022878,Zhao Bipu
Q45484101,6000000075492195828,Zhao Bilian
Q45484227,6000000075491355093,Zhao Bipang
Q45484257,6000000075480768121,Zhang Ji
Q45484321,6000000075481117932,Sun Pu
Q45484386,6000000075480315392,Zhang Kan
Q45484431,6000000075492178864,Zhao Bitong
Q45484450,6000000075481271851,Sun Cai
Q45484511,6000000075480853186,Xu Meng
Q45484578,6000000075481200912,Sun Yi
Q45484641,6000000075481232896,Sun Shourong
Q45484708,6000000075480875124,Guo Shu
Q45484772,6000000075481273834,Zhang Cheng
Q45484826,6000000075492259873,Zhao Bizan
Q45484836,6000000075480908026,Guo Zhen
Q45484890,6000000075491976945,Zhao Bifa
Q45484901,6000000075480686326,Zhang Cui
Q45484965,6000000075481119939,Sun Youfu
Q45485022,6000000075491767999,Zhao Minyan
Q45485161,6000000075480628228,Sun Yi
Q45485216,6000000075492254850,Zhao Shimei
Q45485225,6000000075480973007,Guo Zan
Q45485290,6000000075480679221,Sun Guangting
Q45485355,6000000075480791122,Sun Su
Q45485419,6000000075481140906,Guo Quan
Q45485539,6000000075492192887,Zhao Zichun
Q45485549,6000000075479839674,Guo Hao
Q45485603,6000000075491669066,Zhao Shizhi
Q45485677,6000000075481021983,Zhang Shou
Q45485742,6000000075480922005,Sun Ziren
Q45485806,6000000075481190928,Zhang You
Q45485868,6000000075481106969,Cheng Jiang
Q45485933,6000000075480862035,Sun Zixiu
Q45485995,6000000075481291850,Sun Zixin
Q45486060,6000000075481215921,Guo Ziyan
Q45486247,6000000075481304845,Guo Shikui
Q45486256,6000000075491493189,Zhao Gongke
Q45486311,6000000075481112947,Guo Shiyi
Q45486319,6000000075492192893,Zhao Zhangui
Q45486374,6000000075481315829,Guo Shixuan
Q45486381,6000000075492052952,Zhao Shenxi
Q45486437,6000000075481123945,Sun Wuhui
Q45486444,6000000075491265296,Zhao Yilin
Q45486507,6000000075492070925,Zhao Lingshi
Q45486564,6000000075481319828,Sun Bowen
Q45486574,6000000075492262856,Zhao Lingbi
Q45486638,6000000075492310823,Zhao Lingshao
Q45486645,6000000075506032881,Zhou Hengzhong
Q45486693,6000000075481085946,Sun Bangren
Q45486707,6000000075505612098,Zhou Jiyan
Q45486760,6000000075481213865,Zhang Li
Q45486770,6000000075505891957,Zhou Zhuang
Q45486825,6000000075481281845,Yan Fu
Q45486844,6000000075492137928,Zhao Lingzhu
Q45486891,6000000075481229858,Zhang Xie
Q45486907,6000000075492279877,Zhao Lingkong
Q45486971,6000000075492186897,Zhao Lingsong
Q45487020,6000000075481297836,Guo Yuanyi
Q45487037,6000000075491920037,Zhao Lingke
Q45487081,6000000075480822187,Sun Mou
Q45487103,6000000075492246887,Zhao Lingdian
Q45487169,6000000075492256840,Zhao Lingjia
Q45487208,6000000075480954057,Guo Yuanfang
Q45487233,6000000075491551068,Zhao Lingtiao
Q45487296,6000000075492178913,Zhao Lingzhen
Q45487337,6000000075481138936,Guo Yuanfang
Q45487366,6000000075491867026,Zhao Lingshi
Q45487432,6000000075492122974,Zhao Lingzu
Q45487530,6000000075480434323,Zhang Zhu
Q45487563,6000000075492106955,Zhao Lingxiong
Q45487592,6000000075480398432,Zhang Xian
Q45487697,6000000075492098917,Zhao Lingcong
Q45487719,6000000075480424324,Guo Yuanheng
Q45487765,6000000075491682121,Zhao Lingbao
Q45487894,6000000075491643091,Zhao Lingkun
Q45487918,6000000075481242940,Sun Wuzheng
Q45487961,6000000075492377838,Zhao Lingqun
Q45488049,6000000075480557362,Zhang Yuanchong
Q45488095,6000000075491996953,Zhao Lingzhuan
Q45488112,6000000075480686375,Guo Yunsheng
Q45488162,6000000075491801060,Zhao Lingtui
Q45488242,6000000075481381843,Guo Yundi
Q45488293,6000000075491585235,Zhao Lingwu
Q45488306,6000000075480627279,Zhang Gongliang
Q45488357,6000000075491977979,Zhao Lingshu
Q45488423,6000000075492323901,Zhao Lingjian
Q45488433,6000000075480964021,Zhang Yigui
Q45488490,6000000075492319870,Zhao Linggun
Q45488553,6000000075492279913,Zhao Lingke
Q45488559,6000000075481020010,Zhang Rujun
Q45488621,6000000075492150911,Zhao Lingpeng
Q45488625,6000000075481199919,Sun Songshou
Q45488628,6000000075505897968,Lin Zimeng
Q45488689,6000000075480862077,Zhang Rudan
Q45488692,6000000075505855000,Lin Ziyuan
Q45488749,6000000075492261884,Zhao Lingnai
Q45488753,6000000075481296849,Sun Huchen
Q45488756,6000000075506073905,Lin Renbao
Q45488814,6000000075491237279,Zhao Lingde
Q45488815,6000000075480017590,Guo Zhengzi
Q45488878,6000000075492298866,Zhao Lingou
Q45488879,6000000075481265913,Zhang Liangpeng
Q45488941,6000000075492106968,Zhao Lingzhi
Q45488942,6000000075481248910,Guo Zhengji
Q45489007,6000000075481271903,Shi Zai
Q45489135,6000000075481154959,Zhang Junting
Q45489140,6000000075491899062,Zhao Lingdang
Q45489199,6000000075480532362,Shi Guang
Q45489266,6000000075481032043,Zhang Xiaocan
Q45489272,6000000075492406822,Zhao Lingtai
Q45489328,6000000075481396832,Zhang Yanzhi
Q45489334,6000000075492028925,Zhao Lingken
Q45489394,6000000075481171964,Zhang Shuping
Q45489400,6000000075491662201,Zhao Lingfei
Q45489457,6000000075481418827,Guo Shimo
Q45489465,6000000075491454227,Zhao Lingqu
Q45489522,6000000075481297865,Guo Youzhi
Q45489585,6000000075480051517,Zhang Yinchen
Q45489595,6000000075491779037,Zhao Linghuang
Q45489650,6000000075480288455,Shi Ding
Q45489714,6000000075480928153,Guo Yuanzhong
Q45489729,6000000075491768086,Zhao Ling
Q45489780,6000000075481134958,Sun Shubao
Q45489796,6000000075492153952,Zhao Lingrang
Q45489844,6000000075481335873,Shi Qing
Q45489910,6000000075481401867,Guo Taiheng
Q45489924,6000000075492206945,Zhao Yongzhi
Q45489971,6000000075481241932,Guo Xunyu
Q45490037,6000000075481431835,Sun Zhigu
Q45490052,6000000075491862057,Zhao Ruan
Q45490101,6000000075481437834,Guo Shiyu
Q45490162,6000000075481199944,Sun Zhiwei
Q45490183,6000000075492395865,Zhao Ruhui
Q45490294,6000000075480245577,Sun Zhiwei
Q45490316,6000000075492111978,Zhao Ruqiu
Q45490357,6000000075481181013,Liu Zhong
Q45490379,6000000075492214898,Zhao Ruyu
Q45490423,6000000075480922078,Shi Ming
Q45490446,6000000075491551156,Zhao Rugu
Q45490487,6000000075480362417,Guo Yongfu
Q45490508,6000000075491862062,Zhao Ruchang
Q45490550,6000000075481065057,Sun Yanji
Q45490573,6000000075492364875,Zhao Ruwu
Q45490639,6000000075492298883,Zhao Ruzhi
Q45490680,6000000075480584379,Sun Bingyan
Q45490702,6000000075491899073,Zhao Rucheng
Q45490765,6000000075492450826,Zhao Ruyue
Q45490807,6000000075480378622,Guo Shangzuo
Q45490831,6000000075491880068,Zhao Ruguang
Q45490895,6000000075492058036,Zhao Runeng
Q45490935,6000000075481332886,Shi Jun
Q45490962,6000000075492127989,Zhao Ruchun
Q45491062,6000000075480936115,Guo Weijian
Q45491088,6000000075492102045,Zhao Ruyin
Q45491154,6000000075491669166,Zhao Rushi
Q45491220,6000000075492246973,Zhao Rudeng
Q45491256,6000000075481602857,Shi Yuan
Q45491286,6000000075492273912,Zhao Ruyu
Q45491353,6000000075492118942,Zhao Runa
Q45491382,6000000075481522931,Guo Chongyi
Q45491415,6000000075490966547,Zhao Rupang
Q45491446,6000000075481511952,Guo Zhongwei
Q45491479,6000000075491480212,Zhao Rubing
Q45491511,6000000075481587878,Guo Dunshi
Q45491610,6000000075492494822,Zhao Rudan
Q45491638,6000000075481633873,Shi Kai
Q45491675,6000000075492425877,Zhao Rubiao
Q45491701,6000000075481280116,Guo Yaoqing
Q45491740,6000000075492491831,Zhao Rusi
Q45491765,6000000075481635850,Sun Ruomeng
Q45491805,6000000075491453291,Zhao Ruliang
Q45491870,6000000075492247915,Zhao Rulin
Q45491892,6000000075481638881,Guo Jingqian
Q45491934,6000000075492403869,Zhao Ruxu
Q45491998,6000000075491987040,Zhao Ruli
Q45492063,6000000075492502822,Zhao Ruji
Q45492125,6000000075492507822,Zhao Ruguan
Q45492144,6000000075481236114,Sun Zudao
Q45492191,6000000075491471252,Zhao Ruji
Q45492211,6000000075481513970,Guo Chunnian
Q45492257,6000000075491923117,Zhao Ruyi
Q45492275,6000000075481335036,Guo Rongzhi
Q45492323,6000000075491911098,Zhao Ruzhuo
Q45492340,6000000075481027269,Sun Zuqing
Q45492388,6000000075492310905,Zhao Ruxiang
Q45492404,6000000075481550894,Guo Cuizhong
Q45492421,6000000075505586212,Lin Zhongcan
Q45492449,6000000075491716259,Zhao Ruji
Q45492468,6000000075481615889,Guo Minzhong
Q45492484,6000000075505058399,Lin Chongzhi
Q45492513,6000000075491454263,Zhao Rujian
Q45492532,6000000075481441015,Guo Yunzhong
Q45492547,6000000075506144872,Lin Xingzhi
Q45492579,6000000075491143520,Zhao Rusui
Q45492610,6000000075506033983,Lin Ke
Q45492643,6000000075492360895,Zhao Rukui
Q45492659,6000000075481622884,Guo Shizhong
Q45492674,6000000075506069917,Lin Gongfu
Q45492711,6000000075492304910,Zhao Anzhi
Q45492723,6000000075481454002,Guo Fuzhi
Q45492739,6000000075506197859,Lin Kui
Q45492774,6000000075491669189,Zhao Anshi
Q45492786,6000000075481155240,Guo Qingdao
Q45492838,6000000075492110008,Zhao Anqi
Q45492853,6000000075481383097,Sun Qiqing
Q45492901,6000000075492385876,Zhao Zhidao
Q45492916,6000000075481320130,Guo Delin
Q45492977,6000000075481518995,Sun Guifa
Q45493104,6000000075481694829,Sun Shisheng
Q45493157,6000000075492398912,Zhao Cuncheng
Q45493232,6000000075481707822,Guo Yuqing
Q45493285,6000000075492413906,Zhao Yifu
Q45493294,6000000075481390086,Sun Weiji
Q45493349,6000000075491931108,Zhao Guangfu
Q45493359,6000000075480923297,Sun Weizhong
Q45493423,6000000075481659866,Sun Weixin
Q45493493,6000000075481653856,Guo Yingxiang
Q45493555,6000000075481552926,Sun Weigong
Q45493606,6000000075492311921,Zhao Ziran
Q45493674,6000000075492557822,Zhao Quanxu
Q45493685,6000000075481571901,Sun Dunfu
Q45493737,6000000075492369950,Zhao Kangfu
Q45493813,6000000075481644885,Xu Kan
Q45493931,6000000075491797168,Zhao Zhongfu
Q45493995,6000000075491471289,Zhao Zhongkao
Q45494004,6000000075481619902,Wen Gongchen
Q45494070,6000000075481441069,Luo Yourong
Q45494126,6000000075491862126,Zhao Zhongkang
Q45494133,6000000075481519006,Lan Mengdeng
Q45494193,6000000075491636116,Zhao Zhongxing
Q45494391,6000000075491351328,Zhao Zhongbing
Q45494395,6000000075481027275,Liu Shizhong
Q45494458,6000000075492072020,Zhao Zhonglin
Q45494525,6000000075481198179,Xiao Yi
Q45494591,6000000075481650888,Feng Zhengzi
Q45494783,6000000075481548007,Huang You
Q45494848,6000000075481648956,Zhao Xun
Q45494857,6000000075491779124,Zhao Zhongrou
Q45494975,6000000075481272135,Xu Sheng
Q45494991,6000000075492576822,Zhao Zhongkai
Q45495039,6000000075481386058,Xu Li
Q45495105,6000000075481519024,Xu Ren
Q45495168,6000000075480429664,Xu Li
Q45495295,6000000075481017246,Xu Dang
Q45495315,6000000075492207023,Zhao Zhongtu
Q45495361,6000000075481213150,Xu You
Q45495381,6000000075491869182,Zhao Zhonggong
Q45495424,6000000075481531004,Shi Shiliang
Q45495620,6000000075481538963,Xu Zhong
Q45495685,6000000075481384075,Liu Bao
Q45495777,6000000075491993130,Zhao Zhonglian
Q45495820,6000000075480584621,Xu Jia
Q45495838,6000000075505407266,Lin Ci
Q45495907,6000000075491480239,Zhao Zhongjue
Q45495948,6000000075480174814,Xu Cheng
Q45495973,6000000075492475880,Zhao Zhongkui
Q45496080,6000000075481514009,Shi Shuyuan
Q45496105,6000000075492597832,Zhao Zhong
Q45496147,6000000075481577002,Xu Tuan
Q45496171,6000000075491993135,Zhao Zhonghua
Q45496211,6000000075481731858,Xu Kang
Q45496237,6000000075492255061,Zhao Zhongyi
Q45496277,6000000075481442133,Xu Fu
Q45496304,6000000075491732198,Zhao Zhongrou
Q45496340,6000000075481785822,Xu Hang
Q45496370,6000000075492140083,Zhao Zhongxun
Q45496438,6000000075491454310,Zhao Zhongshi
Q45496476,6000000075481208139,Shi Dangke
Q45496505,6000000075492617822,Zhao Zhongqie
Q45496570,6000000075492608847,Zhao Zhongyuan
Q45496608,6000000075481711855,Guo Shou
Q45496637,6000000075491880120,Zhao Zhongcuo
Q45496739,6000000075481717880,Xu Fu
Q45496770,6000000075492118996,Zhao Zhongzeng
Q45496803,6000000075481803821,Xu Lun
Q45496834,6000000075492546851,Zhao Zhongyi
Q45496874,6000000075481656018,Xu Run
Q45496901,6000000075492443875,Zhao Zhongqian
Q45496937,6000000075480870300,Xu Zhen
Q45496966,6000000075492128081,Zhao Zhongwu
Q45497003,6000000075481776838,Xu Jin
Q45497031,6000000075492598837,Zhao Zhongye
Q45497068,6000000075480985330,Xu Shen
Q45497099,6000000075492288003,Zhao Zhongman
Q45497134,6000000075481579964,Xu Dian
Q45497168,6000000075492362935,Zhao Zhongju
Q45497199,6000000075481211158,Xu Bang
Q45497234,6000000075492596862,Zhao Zhongjian
Q45497264,6000000075481496032,Xu Gai
Q45497331,6000000075481779857,Ru Zongyuan
Q45497395,6000000075481815825,Xun Xin
Q45497462,6000000075481552962,Xu Jian
Q45497527,6000000075481155323,Jing Xin
Q45497589,6000000075481822822,Jing Tan
Q45497654,6000000075481686865,Xu Geng
Q45497699,6000000075492571827,Zhao Zhongzheng
Q45497719,6000000075480831479,Jing Gui
Q45497764,6000000075492196031,Zhao Zhongyi
Q45497784,6000000075481789846,Xu Zun
Q45497830,6000000075492577840,Zhao Zhongnun
Q45497846,6000000075481720861,Xu Cao
Q45497895,6000000075492636843,Zhao Zhongxin
Q45497911,6000000075481779862,Sun Qing
Q45497976,6000000075481802824,Xu Shang
Q45498044,6000000075481750888,Xu Gu
Q45498108,6000000075481826858,Xu Xi
Q45498161,6000000075492514884,Zhao Liangzuo
Q45498173,6000000075481732884,Xu Yanguo
Q45498239,6000000075481228204,Xu Rui
Q45498287,6000000075492703822,Zhao Liangpo
Q45498303,6000000075481523012,Xu Bangbi
Q45498352,6000000075491179458,Zhao Liangtan
Q45498367,6000000075481707917,Xu Xianheng
Q45498414,6000000075491697315,Zhao Liangjin
Q45498432,6000000075480626567,Sun Dan
Q45498497,6000000075481550019,Xu Bing
Q45498560,6000000075481722887,Sun Guan
Q45498672,6000000075492600858,Zhao Liangjun
Q45498739,6000000075492537900,Zhao Liangji
Q45498763,6000000075481249261,Zhou Kuo
Q45498830,6000000075481589956,Xu Yi
Q45498871,6000000075492243027,Zhao Junshou
Q45498959,6000000075481166340,Lu Ren
Q45499028,6000000075481187266,Xu Shengda
Q45499158,6000000075481796855,Xu Di
Q45499289,6000000075481213178,Ju Ning
Q45499357,6000000075481836823,Xu Qiong
Q45499490,6000000075481403140,Xu Yaofu
Q45499619,6000000075481506073,Xu Jingyu
Q45499651,6000000075492609855,Zhao Kefu
Q45499751,6000000075481750906,Xu Jun
Q45499785,6000000075492235040,Zhao Kezhou
Q45499849,6000000075492249069,Zhao Kefei
Q45499944,6000000075481506079,Xu Zuo
Q45499978,6000000075492563912,Zhao Kechun
Q45500008,6000000075480599591,Xu Zishao
Q45500046,6000000075492110111,Zhao Kejuan
Q45500071,6000000075481690937,Xu Yuan
Q45500109,6000000075491801185,Zhao Kechang
Q45500135,6000000075481657960,Xu Shilian
Q45500174,6000000075491798283,Zhao Kegui
Q45500328,6000000075481871822,Xu Cailiang
Q45500392,6000000075481298164,Xu Dafang
Q45500437,6000000075492551882,Zhao Keyang
Q45500457,6000000075481853837,Zhang Wanwan
Q45500501,6000000075492466011,Zhao Chizhi
Q45500520,6000000075481873824,Xu Daying
Q45500562,6000000075491790297,Zhao Kexian
Q45500582,6000000075481682939,Xu Tong
Q45500628,6000000075492461022,Zhao Kexiong
Q45500646,6000000075481451094,Xu Shangda
Q45500775,6000000075481496055,Xu Zhijian
Q45500837,6000000075481872827,Xu Ganyu
Q45500890,6000000075492637886,Zhao Tingjin
Q45500901,6000000075481395165,Zhang Jiefu
Q45500967,6000000075481833849,Xu Wenduan
Q45501018,6000000075492785822,Zhao Tinghui
Q45501031,6000000075480870342,Xu Renrui
Q45501079,6000000075492304077,Zhao Yansi
Q45501094,6000000075481272189,Zhang Yingzi
Q45501144,6000000075492671870,Zhao Xiyuan
Q45501157,6000000075481793893,Xu Siweng
Q45501205,6000000075492461046,Zhao Xidan
Q45501284,6000000075481184258,Xu Jian
Q45501355,6000000075481649984,Zhang Yingquan
Q45501395,6000000075492809822,Zhao Xicong
Q45501421,6000000075481607038,Zhang Yinglong
Q45501464,6000000075492274083,Zhao Xizhu
Q45501488,6000000075481551011,Xu Wende
Q45501551,6000000075481529139,Zhang Qianheng
Q45501592,6000000075492773844,Zhao Xiyou
Q45501615,6000000075481833873,Xu Guangyuan
Q45501656,6000000075492197132,Zhao Xishi
Q45501719,6000000075492539952,Zhao Xigan
Q45501740,6000000075481811863,Zhang Pizhi
Q45501785,6000000075492705916,Zhao Xicong
Q45501806,6000000075481826922,Xu Dezhu
Q45501848,6000000075492685899,Zhao Xigun
Q45501869,6000000075481401235,Hu Gao
Q45501912,6000000075492694910,Zhao Xijing
Q45501934,6000000075481512011,Zhao Zongpu
Q45501975,6000000075491184585,Zhao Xifeng
Q45501998,6000000075480819516,Xu Yuanfa
Q45502042,6000000075492589933,Zhao Xihan
Q45502065,6000000075481863836,Xu Yuanbin
Q45502105,6000000075492813839,Zhao Xixi
Q45502127,6000000075481811876,Xu Bo
Q45502169,6000000075492646903,Zhao Xiche
Q45502192,6000000075481401240,Xu Xingyi
Q45502232,6000000075492235088,Zhao Xipu
Q45502296,6000000075492597930,Zhao Xilu
Q45502319,6000000075481335117,Xu Longqiu
Q45502361,6000000075492374999,Zhao Xiyu
Q45502386,6000000075481657982,Xu Zhongzheng
Q45502452,6000000075481762956,Hu Daliang
Q45502492,6000000075492854822,Zhao Xiguan
Q45502517,6000000075481605964,Xu Zhongzheng
Q45502556,6000000075492266124,Zhao Boniu
Q45502620,6000000075492732849,Zhao Boyan
Q45502648,6000000075481578987,Xu Yinggeng
Q45502684,6000000075492394063,Zhao Bozhen
Q45502749,6000000075491987134,Zhao Boxu
Q45502777,6000000075481753871,Xu Yingting
Q45502843,6000000075481550063,Xu Xun
Q45502879,6000000075492787873,Zhao Boqing
Q45502908,6000000075481298205,Hu Shida
Q45502943,6000000075491640386,Zhao Bosheng
Q45503008,6000000075492171173,Zhao Bolin
Q45503076,6000000075492756874,Zhao Boxu
Q45503143,6000000075492860825,Zhao Boze
Q45503274,6000000075492524010,Zhao Zongyin
Q45503445,6000000075481779918,Cao Ji
Q45503510,6000000075481294279,Cao Fei
Q45503573,6000000075481780955,Ma Shilong
Q45503593,6000000075492255200,Zhao Zongmin
Q45503640,6000000075480831530,Cao Jie
Q45503705,6000000075481847880,Cao Fu
Q45503723,6000000075492216106,Zhao Zongdao
Q45503832,6000000075481908842,Cao Zi
Q45503853,6000000075492730923,Zhao Zongwan
Q45503896,6000000075481602025,Kang Wei
Q45504027,6000000075481809910,Kang Bing
Q45504219,6000000075481712897,Cao Xun
Q45504242,6000000075492868837,Zhao Zongyin
Q45504283,6000000075481711918,Kang Shu
Q45504355,6000000075481155388,Cao JIng
Q45504370,6000000075492742864,Zhao Zongqiong
Q45504417,6000000075481745965,Xu Yuncheng
Q45504436,6000000075492817896,Zhao Xingfu
Q45504544,6000000075481864882,Xu Gongyan
Q45504562,6000000075492832857,Zhao Juzhong
Q45504608,6000000075481184300,Cao Zheng
Q45504624,6000000075491782309,Zhao Juguang
Q45504671,6000000075480530628,Cao Zheng
Q45504735,6000000075481642091,Kang Bi
Q45504798,6000000075481937835,Zhao Zichong
Q45504864,6000000075481937840,Kang Zhi
Q45504878,6000000075492903828,Zhao Chengjun
Q45504927,6000000075481396220,Zhao Zitao
Q45504993,6000000075480530633,Zhong Hong
Q45505007,6000000075492867865,Zhao Shulv
Q45505074,6000000075480530638,Cao Jing
Q45505140,6000000075481947822,Kang Jie
Q45505204,6000000075481945829,Cao Xu
Q45505269,6000000075481605977,Cao Shen
Q45505302,6000000075493003822,Zhao Chengwen
Q45505332,6000000075481842917,Cao Ren
Q45505396,6000000075481134345,Cao Yu
Q45505458,6000000075481859884,Xu Juchuan
Q45505492,6000000075492719988,Zhao Chenggu
Q45505586,6000000075481720937,Cao Zhi
Q45505649,6000000075480627584,Xu Shian
Q45505714,6000000075481186334,Kang Qing
Q45505779,6000000075481421174,Xu Shiying
Q45505844,6000000075481550099,Kang Xu
Q45505909,6000000075481954834,Kang Xing
Q45505941,6000000075492897860,Zhao Mengsong
Q45506004,6000000075492677966,Zhao Mengkui
Q45506132,6000000075493011834,Zhao Mengchun
Q45506385,6000000075492903930,Zhao Mengshi
Q45506511,6000000075493021837,Zhao Mengjin
Q45506576,6000000075493041823,Zhao Mengji
Q45506639,6000000075492954858,Zhao Mengying
Q45506669,6000000075481876925,Cao Kang
Q45506703,6000000075493001871,Zhao Meng?
Q45506735,6000000075481580045,Cao Kang
Q45506863,6000000075481859902,Cao Mian
Q45506992,6000000075481960828,Cao Cheng
Q45507057,6000000075481937873,Cao Cheng
Q45507124,6000000075481984843,Cao Yue
Q45507251,6000000075481529197,Cao Fu
Q45507286,6000000075492466182,Zhao Dongshan
Q45507316,6000000075481997822,Xu Guangning
Q45507351,6000000075492883933,Zhao Baoyi
Q45507380,6000000075481761955,Li Desi
Q45507444,6000000075482002822,Cao Cha
Q45507507,6000000075481763028,Xu Zhongwei
Q45507571,6000000075481653045,Cao Ying
Q45507603,6000000075492887960,Zhao Shuyun
Q45507636,6000000075481580070,Cao Diao
Q45507699,6000000075482002830,Cao Yi
Q45507762,6000000075481876944,Xu Kechang
Q45507792,6000000075493138844,Zhao Shuyi
Q45507824,6000000075481957856,Xu Xiaogong
Q45507857,6000000075491571485,Zhao Shuqian
Q45507920,6000000075493166822,Zhao Shufeng
Q45507949,6000000075481647056,Xu Boyi
Q45507983,6000000075492503065,Zhao Shujian
Q45508114,6000000075492927939,Zhao Shubao
Q45508141,6000000075481616060,Li Jue
Q45508174,6000000075493188822,Zhao Shuna
Q45508205,6000000075481181366,Xu Zongyao
Q45508239,6000000075492563033,Zhao Shuhun
Q45508303,6000000075491880366,Zhao Shucao
Q45508368,6000000075492274180,Zhao Shuwen
Q45508402,6000000075481576123,Xu Fengshi
Q45508466,6000000075481851932,Xu Linzong
Q45508494,6000000075492587027,Zhao Shuzhi
Q45508530,6000000075480636663,Xu Shudu
Q45508559,6000000075492892952,Zhao Shuzhuang
Q45508599,6000000075481421240,Cao Shen
Q45508623,6000000075493178827,Zhao Shujiao
Q45508662,6000000075481983850,Cao Ze
Q45508686,6000000075493156841,Zhao Shushe
Q45508726,6000000075481736027,Cao Xian
Q45508751,6000000075493117857,Zhao Shutian
Q45508790,6000000075481009467,Cao Zun
Q45508814,6000000075492964915,Zhao Shusui
Q45508853,6000000075481650108,Cao Guan
Q45508879,6000000075492967962,Zhao Shudong
Q45508917,6000000075481871914,Cao Li
Q45508943,6000000075493163838,Zhao Shuzhan
Q45509010,6000000075492843988,Zhao Shuzhun
Q45509073,6000000075493163843,Zhao Shuzou
Q45509110,6000000075481990843,Cao Jian
Q45509139,6000000075492879951,Zhao Shuzheng
Q45509204,6000000075493118875,Zhao Shule
Q45509272,6000000075492905915,Zhao Shuzhuan
Q45509302,6000000075481488078,Cao Meng
Q45509334,6000000075492941951,Zhao Shuteng
Q45509398,6000000075492995900,Zhao Shuping
Q45509464,6000000075481895977,Cao Shi
Q45509468,6000000075492671147,Zhao Shuchu
Q45509530,6000000075491880373,Zhao Shubao
Q45509591,6000000075482042822,Cao Yuan
Q45509595,6000000075493088910,Zhao Shuluo
Q45509654,6000000075481022390,Cao Qi
Q45509658,6000000075492492047,Zhao Shuzao
Q45509723,6000000075492857997,Zhao Shuxiao
Q45509781,6000000075481575122,Cao Gong
Q45509787,6000000075492772064,Zhao Shunuo
Q45509854,6000000075491453608,Zhao Yanzhong
Q45509917,6000000075492986958,Zhao Yanshen
Q45509980,6000000075493054970,Zhao Yanxiang
Q45510043,6000000075492964922,Zhao Yanzhen
Q45510096,6000000075481886963,Cao Rang
Q45510170,6000000075493078902,Zhao Yanxian
Q45510350,6000000075481872935,Cao Zifang
Q45510359,6000000075492873983,Zhao Yanmin
Q45510424,6000000075492966993,Zhao Yantan
Q45510488,6000000075492905943,Zhao Yansu
Q45510540,6000000075481988865,Cao Zhen
Q45510550,6000000075492893006,Zhao Yanbo
Q45510611,6000000075493242833,Zhao Yankan
Q45510677,6000000075491729552,Zhao Yandao
Q45510741,6000000075492860021,Zhao Yanzhan
Q45510796,6000000075481575143,Cao Xiu
Q45510806,6000000075493119876,Zhao Yanyu
Q45510869,6000000075493204853,Zhao Yanxiao
Q45510932,6000000075492724065,Zhao Yanzi
Q45510989,6000000075481518228,Cao Xiu
Q45510998,6000000075492524223,Zhao Yanli
Q45511061,6000000075493203827,Zhao Yanai
Q45511180,6000000075482044842,Cao Qi
Q45511191,6000000075493294822,Zhao Yantao
Q45511243,6000000075481874948,Chen Tianrui
Q45511256,6000000075493145893,Zhao Feifeng
Q45511308,6000000075481450237,Cao Yuanbin
Q45511507,6000000075492563111,Zhao Gongyin
Q45511569,6000000075492908996,Zhao Sizheng
Q45511638,6000000075494179003,Zhao Siming
Q45511701,6000000075494431847,Zhao Ruohui
Q45512019,6000000075494705822,Zhao Ruoxu
Q45512135,6000000075481945908,Cao Renxi
Q45512397,6000000075481333322,Cao Yongnian
Q45512401,6000000075494182117,Zhao Ruozhu
Q45512462,6000000075494352091,Zhao Baozhong
Q45512526,6000000075494477945,Zhao Tangqing
Q45512583,6000000075481949933,Cao Zhengguo
Q45512649,6000000075481861971,Cao Juyuan
Q45512714,6000000075493848327,Zhao Shikua
Q45512779,6000000075482029833,Shi Fanlong
Q45512846,6000000075481944931,Cao Shenfu
Q45512904,6000000075493156571,Zhao Shifang
Q45512912,6000000075481855978,Cao Xi
Q45512970,6000000075494648886,Zhao Shiqing
Q45512977,6000000075481775082,Cao Lingde
Q45513032,6000000075494621967,Zhao Shiwang
Q45513096,6000000075494452037,Zhao Shixi
Q45513162,6000000075494260007,Zhao Shiguan
Q45513174,6000000075480964471,Cao Wo
Q45513227,6000000075494782825,Zhao Shifeng
Q45513240,6000000075481500147,Cao Yan
Q45513366,6000000075481653121,Cao YingFu
Q45513416,6000000075496631049,Zhao Shihuan
Q45513480,6000000075496833846,Zhao Shijian
Q45513544,6000000075496928849,Zhao Shiyuan
Q45513612,6000000075496850895,Zhao Shixian
Q45513675,6000000075496913858,Zhao Shishang
Q45513738,6000000075496829922,Zhao Shijian
Q45513801,6000000075496746936,Zhao Shidan
Q45513928,6000000075496605023,Zhao Shiyi
Q45514059,6000000075496659027,Zhao Shibiao
Q45514123,6000000075496896855,Zhao Shi?
Q45514250,6000000075496511193,Zhao Shili
Q45514314,6000000075496868900,Zhao Xiuji
Q45514377,6000000075496724052,Zhao Shiguang
Q45514442,6000000075496907892,Zhao Shizhi
Q45514570,6000000075496790962,Zhao Shizai
Q45514587,6000000075482028888,Cao Xiaolian
Q45514635,6000000075494842318,Zhao Shixun
Q45514649,6000000075481957935,Cao Chongzhi
Q45514701,6000000075496931872,Zhao Shishu
Q45514828,6000000075496907903,Zhao Shikai
Q45514841,6000000075482065879,Cao Zongji
Q45514955,6000000075496830972,Zhao Shilu
Q45515020,6000000075496289254,Zhao Shilu
Q45515085,6000000075496738027,Zhao Shijia
Q45515097,6000000075482082835,Cao Fengshi
Q45515163,6000000075482133822,Zheng Guocai
Q45515290,6000000075482088850,Cao Weixu
Q45515344,6000000075496894885,Zhao Kangzhi
Q45515408,6000000075496946889,Zhao Mifu
Q45515473,6000000075496850015,Zhao Xinzhi
Q45515480,6000000075481653146,Cao Jinbo
Q45515536,6000000075496850020,Zhao Yizhi
Q45515544,6000000075482109840,Cao Jinshu
Q45515601,6000000075496934901,Zhao Wuben
Q45515736,6000000075482094871,Zhang Zai
Q45515793,6000000075497002906,Zhao Chongzhi
Q45515799,6000000075481649195,Cao Yingtian
Q45515863,6000000075482099874,Cao Lvsun
Q45515920,6000000075497031861,Zhao Chonggai
Q45515985,6000000075482103869,Cao Jiming
Q45515986,6000000075496859014,Zhao Chonghou
Q45516051,6000000075497137839,Zhao Chongli
Q45516116,6000000075482168834,Zhang Shi
Q45516117,6000000075496986930,Zhao Chongfang
Q45516179,6000000075496360324,Zhao Chongqi
Q45516239,6000000075481211362,Zhang Shi
Q45516244,6000000075497075885,Zhao Chong?
Q45516373,6000000075497109873,Zhao Chongyan
Q45516440,6000000075497100905,Zhao Chong?
Q45516502,6000000075497205822,Zhao Chongzi
Q45516568,6000000075497183836,Zhao Chongyuan
Q45516633,6000000075497196829,Zhao Chongmei
Q45516671,6000000075480626743,Zhang Pu
Q45516690,6000000075497115874,Zhao Chongfu
Q45516734,6000000075481027553,Hu Cheng
Q45516758,6000000075496680079,Zhao Chongduan
Q45516799,6000000075482141841,Liu Guangyuan
Q45516821,6000000075497168830,Zhao Chongyuan
Q45516860,6000000075481969959,Liu Yan
Q45516925,6000000075481776109,Qi Zhong
Q45516948,6000000075497025913,Zhao Chongxiao
Q45517016,6000000074367923948,Chen Kai
Q45517052,6000000075481362232,Yang Shixian
Q45517142,6000000075497114865,Zhao Chongyi
Q45517182,6000000075482190822,Zhang Xiang
Q45517214,6000000075497140909,Zhao Chongtao
Q45517277,6000000075497032926,Zhao Chongchan
Q45517312,6000000075482044930,Kang Shu
Q45517441,6000000075481883039,Zhang He
Q45517601,6000000075497181898,Zhao Congzheng
Q45517632,6000000075481776115,Zhang Zhong
Q45517697,6000000075482115888,Qi Shixun
Q45517760,6000000075481979932,Kang Wenbao
Q45517827,6000000075481362239,Zhang Zhong
Q45517860,6000000075497199885,Zhao Congyi
Q45517891,6000000075482182828,Kang Yunzhi
Q45517954,6000000075482148861,Zhang Zhong
Q45518019,6000000075481572226,Zhang Bian
Q45518082,6000000075482207822,Kang Zhongying
Q45518148,6000000075481566360,Qi Wenxiu
Q45518183,6000000075496800151,Zhao Youfu
Q45518214,6000000075482193835,Qi Huayuan
Q45518248,6000000075496599246,Zhao Shanshi
Q45518282,6000000075481750087,Zhang Wo
Q45518312,6000000075497080932,Zhao Shankang
Q45518377,6000000075496761088,Zhao Shanpei
Q45518408,6000000075481403377,Li Xian
Q45518508,6000000075497213868,Zhao Shanzheng
Q45518574,6000000075496832175,Zhao Shanxuan
Q45518600,6000000075481638163,Zhang Heng
Q45518705,6000000075497064985,Zhao Shanzhen
Q45518769,6000000075496492266,Zhao Shanshan
Q45518832,6000000075497140929,Zhao Shanhuan
Q45518899,6000000075497148909,Zhao Shanyi
Q45518963,6000000075497174934,Zhao Shan?
Q45519028,6000000075496182340,Zhao Shanlun
Q45519095,6000000075497135865,Zhao Shanpei
Q45519158,6000000075497331822,Zhao Shantang
Q45519284,6000000075497336834,Zhao Shanchen
Q45519348,6000000075497008010,Zhao Shanchao
Q45519414,6000000075497051958,Zhao Shanlian
Q45519477,6000000075497226888,Zhao Shansu
Q45519540,6000000075497078956,Zhao Shanzi
Q45519558,6000000075481065560,Yu Jie
Q45519605,6000000075497031980,Zhao Shanyun
Q45519669,6000000075496670189,Zhao Shanteng
Q45519795,6000000075497320859,Zhao Shanqu
Q45519857,6000000075497141943,Zhao Yunzi
Q45519924,6000000075496346305,Zhao Yunyan
Q45519959,6000000075496988994,Zhao Chufu
Q45520021,6000000075496670194,Zhao Longsun
Q45520086,6000000075497201920,Zhao Jingwei
Q45520111,6000000075482228826,Qi Mingrui
Q45520174,6000000075482168880,Qi Shunyuan
Q45520238,6000000075481577342,Kang Shiyan
Q45520275,6000000075497135908,Zhao Wenzhi
Q45520302,6000000075481131520,Kang Weiyi
Q45520339,6000000075497366838,Zhao Zidao
Q45520366,6000000075481403407,Zhang Gu
Q45520531,6000000075497359839,Zhao Sizhao
Q45520556,6000000075481620168,Zhang Dian
Q45520593,6000000075497138015,Zhao Siye
Q45520621,6000000075482108900,Zhang Qi
Q45520750,6000000075482074921,Zhang Fu
Q45520785,6000000075497264901,Zhao Wannian
Q45520812,6000000075482241834,Ding Kai
Q45520847,6000000075496633179,Zhao Wanzong
Q45520876,6000000075481993972,Ding Yan
Q45520912,6000000075497379857,Zhao Muzhi
Q45520938,6000000075482066929,Ding Shichang
Q45520976,6000000075496502324,Zhao Binwang
Q45521001,6000000075481964969,Ding Yongping
Q45521038,6000000075497407836,Zhao Duanyi
Q45521067,6000000075481638220,Diao Mou
Q45521102,6000000075497392861,Zhao Wenli
Q45521131,6000000075482091918,Yu Ji
Q45521293,6000000075497317913,Zhao Yuyong
Q45521320,6000000075482297822,Wen Dayuan
Q45521358,6000000075497317918,Zhao Yumi
Q45521382,6000000075481762123,Fang Yu
Q45521426,6000000075497143007,Zhao Yujie
Q45521448,6000000075482252854,Fang Siyin
Q45521512,6000000075481896114,Wang Ren
Q45521554,6000000075496369465,Zhao Yuzhu
Q45521575,6000000075481980000,Wang Zhu
Q45521621,6000000075497258938,Zhao Yugang
Q45521637,6000000075481078578,Wang Hong
Q45521684,6000000075497417860,Zhao Yuxiu
Q45521700,6000000075482252859,Wang Zuo
Q45521764,6000000075481776162,Wang Zuo
Q45521827,6000000075481065662,Wang Zuo
Q45521877,6000000075497209947,Zhao Yuqia
Q45521891,6000000075482295825,Wang She
Q45521955,6000000075482139882,Wang Gui
Q45522004,6000000075497421830,Zhao Yuluo
Q45522019,6000000075481843177,Wang Beng
Q45522082,6000000075481825104,Wang Qin
Q45522129,6000000075497332892,Zhao Yujiong
Q45522194,6000000075497103010,Zhao Yugun
Q45522206,6000000075482319831,Wang Shirong
Q45522259,6000000075497218956,Zhao Yuxiu
Q45522271,6000000075482248856,Wang Zhen
Q45522334,6000000075482141922,Wang Ci
Q45522386,6000000075497437841,Zhao Yuzhi
Q45522397,6000000075482250869,Wang Yi
Q45522460,6000000075482311828,Wang Zhuo
Q45522517,6000000075497123045,Zhao Yubi
Q45522523,6000000075482130940,Wang Hong
Q45522587,6000000075481943079,Wang Li
Q45522650,6000000075482238850,Wang Zao
Q45522711,6000000075496794200,Zhao Yupang
Q45522714,6000000075481781213,Wang Ji
Q45522778,6000000075482311840,Wang Yu
Q45522839,6000000075497177992,Zhao Yumu
Q45522840,6000000075482249847,Wang He
Q45522904,6000000075482007042,Wang Jian
Q45522967,6000000075481213474,Wang Mai
Q45523029,6000000075481236519,Wang Mai
Q45523096,6000000075497103044,Zhao Yulv
Q45523159,6000000075481880122,Wang Hao
Q45523160,6000000075496738355,Zhao Yutang
Q45523223,6000000075481677166,Wang Jian
Q45523284,6000000075482219927,Wang Lie
Q45523349,6000000075482316837,Wang Gao
Q45523409,6000000075481762171,Wang Gao
Q45523469,6000000075482069962,Wang Zi
Q45523533,6000000075481658277,Wang Chong
Q45523547,6000000075497232025,Zhao Yuzong
Q45523597,6000000075481401508,Wang Shi
Q45523612,6000000075496947210,Zhao Yubin
Q45523661,6000000075482164881,Wang Kuang
Q45523679,6000000075496688291,Zhao Yubin
Q45523746,6000000075494842524,Zhao Yuhuan
Q45523786,6000000075481607319,Wang Xiang
Q45523809,6000000075497372904,Zhao Fu
Q45523921,6000000075481181517,Wang Hui
Q45523938,6000000075497400940,Zhao Weicheng
Q45523982,6000000075482324901,Wang Bao
Q45524002,6000000075496947217,Zhao Qianfu
Q45524045,6000000075482346828,Wang Li
Q45524107,6000000075482202930,Wang Yao
Q45524125,6000000075496832378,Zhao Fu
Q45524187,6000000075497386912,Zhao Zhenyi
Q45524232,6000000075482195907,Wang Xi
Q45524296,6000000075482055039,Wang Ai
Q45524313,6000000075497418943,Zhao Zhenkui
Q45524361,6000000075482368843,Wang Zao
Q45524440,6000000075497369917,Zhao Fu
Q45524489,6000000075482302876,Wang Jiao
Q45524554,6000000075481781226,Wang Jiao
Q45524568,6000000075496845225,Zhao Chunian
Q45524616,6000000075481506374,Wang Ying
Q45524632,6000000075497404858,Zhao Loutai
Q45524932,6000000075481934057,Wang Qu
Q45524961,6000000075497409879,Zhao Bizhi
Q45524996,6000000075482308933,Wang Duo
Q45525025,6000000075497030178,Zhao Yinglong
Q45525058,6000000075482386839,Wang Gong
Q45525123,6000000075482056032,Wang Jian
Q45525154,6000000075497423865,Zhao Panlao
Q45525186,6000000075481856214,Wang Guan
Q45525219,6000000075497459838,Zhao Lvzhi
Q45525285,6000000075497552833,Zhao Juezhi
Q45525315,6000000075482371848,Wang Quan
Q45525380,6000000075482399834,Wang Jian
Q45525417,6000000075497088113,Zhao Weifu
Q45525442,6000000075481911084,Wang Jian
Q45525481,6000000075496918177,Zhao Leizhi
Q45525507,6000000075482170934,Wang Yan
Q45525545,6000000075497560823,Zhao Miaochuo
Q45525570,6000000075482307917,Wang Xiang
Q45525612,6000000075496864245,Zhao Gaofu
Q45525634,6000000075482276901,Wang Renying
Q45525674,6000000075497338001,Zhao Huaien
Q45525699,6000000075482323891,Wang Jiuyan
Q45525738,6000000075497147122,Zhao Linzhi
Q45525762,6000000075481027677,Wang Jiuchou
Q45525801,6000000075496970133,Zhao Pengfei
Q45525825,6000000075482382847,Wang Hongzhi
Q45525863,6000000075497458890,Zhao Jigui
Q45525888,6000000075481653312,Wang Zishang
Q45525926,6000000075497331955,Zhao Guanyuan
Q45525950,6000000075482419845,Wang Ziwen
Q45525990,6000000075497150055,Zhao Yaofu
Q45526014,6000000075481211574,Wang Zizhi
Q45526053,6000000075497149076,Zhao Zhi
Q45526077,6000000075482355933,Wang Ziyong
Q45526116,6000000075497150072,Wenren Si
Q45526141,6000000075482313926,Wang Ziyou
Q45526178,6000000075497036181,Wenren Yu
Q45526205,6000000075481773194,Wang Ziyi
Q45526244,6000000075497073136,Wenren Wuzi
Q45526269,6000000075481009707,Wang Dazhong
Q45526333,6000000075481122671,Wang Dachang
Q45526372,6000000075497426926,Zhen Dan
Q45526397,6000000075482356925,Wang Dalie
Q45526436,6000000075497611822,Zhen Du
Q45526462,6000000075482329937,Wang Dazhao
Q45526501,6000000075497229085,Zhen Hui
Q45526528,6000000075482339926,Wang Dayou
Q45526566,6000000075496947283,Zhen Huaji
Q45526590,6000000075482104147,Wang Dashou
Q45526628,6000000075497115148,Zhen Poer
Q45526654,6000000075482087957,Wang Dajie
Q45526693,6000000075497112152,Zhen Qizhen
Q45526756,6000000075496795059,Zhen Longyou
Q45526781,6000000075481386404,Wang Shiyan
Q45526821,6000000075497333011,Fu Zhou
Q45526885,6000000075497165928,Fu Chao
Q45526910,6000000075482409857,Wang Shimin
Q45526976,6000000075481155719,Wang Shilong
Q45527040,6000000075481677212,Wang Xiaoguan
Q45527202,6000000075497409895,Zang Zhi
Q45527231,6000000075482364889,Wang Qianqiu
Q45527291,6000000075482238926,Wang Douwen
Q45527332,6000000075497560862,Zang Yong
Q45527356,6000000075481790224,Wang Zhicai
Q45527395,6000000075496879098,Zang Yong
Q45527419,6000000075481763237,Wang Zhizuo
Q45527457,6000000075497539906,Chang Dayin
Q45527484,6000000075481905181,Wang Zhiye
Q45527520,6000000075497572854,Meng Heng
Q45527547,6000000075482417902,Wang Ciyu
Q45527586,6000000075497612857,Meng Guangzhong
Q45527611,6000000075482241984,Wang Zhongfu
Q45527650,6000000075497619856,Gai Ping
Q45527673,6000000075481900262,Wang Zhongfu
Q45527713,6000000075497637843,Gai Shu
Q45527778,6000000075497539923,Gai Yan
Q45527802,6000000075481733274,Wang Dingguo
Q45527842,6000000075497661833,Gai Yu
Q45527866,6000000075482356955,Wang Dingguo
Q45527905,6000000075496670339,Pu Yun
Q45527932,6000000075481616383,Wang Chongzheng
Q45527995,6000000075482448847,Wang Chucun
Q45528097,6000000075496770385,Pu Dafang
Q45528160,6000000075497670840,Pu Yongsheng
Q45528184,6000000075481027781,You Luweng
Q45528226,6000000075497175160,Pu Yanchang
Q45528248,6000000075481496336,Kong Gong
Q45528288,6000000075497436998,Pu Dongmao
Q45528311,6000000075482083068,Kong Bi
Q45528349,6000000075497607907,Pu Dongshi
Q45528373,6000000075482083073,Kong Conglong
Q45528436,6000000075481781331,Guan Xianzhi
Q45528499,6000000075482474835,Guan Bingu
Q45528538,6000000075497590871,Pu Sixun
Q45528561,6000000075482456858,Guanqiu Ke
Q45528600,6000000075496369651,Pu Shenmi
Q45528624,6000000075482462852,Shi Guangchen
Q45528688,6000000075481131700,Sima Liang
Q45528752,6000000075481809279,Tian Chengxi
Q45528814,6000000075482056121,Tian Chengjin
Q45528854,6000000075497652908,Pu Zezhi
Q45528877,6000000075482499829,Shen Ge
Q45528916,6000000075497323039,Pucha Jiuan
Q45528980,6000000075497325010,Pei Yuan
Q45529069,6000000075482318939,Bai Tinghui
Q45529107,6000000075497731865,Pei Jing
Q45529133,6000000075482361974,Bao Hou
Q45529170,6000000075497178167,Pei Yu
Q45529196,6000000075482216074,Bao Yong
Q45529234,6000000075497682904,Pei Daliang
Q45529261,6000000075481762309,Bao E
Q45529299,6000000075497702873,Pei Wenni
Q45529323,6000000075482479877,Jiang Kui
Q45529365,6000000075497497899,Pei Hualin
Q45529386,6000000075481458489,Jiang Lu
Q45529429,6000000075497763824,Pei Shuyong
Q45529450,6000000075481181583,Jiang Zhiyao
Q45529492,6000000075497780822,Pei Ruone
Q45529513,6000000075481974200,Yang Sheng
Q45529556,6000000075497639960,Pei Jiaxiang
Q45529578,6000000075481642402,An Xiang
Q45529620,6000000075497516938,Pei Mengde
Q45529748,6000000075497792845,Xiong Zhao
Q45529770,6000000075482318028,Lao Cheng
Q45529811,6000000075497530948,Xiong Bao
Q45529836,6000000075482431919,Zhu Jie
Q45529875,6000000075497146174,Xiong Gui
Q45529900,6000000075482429909,Zhu Jian
Q45529941,6000000075497641893,Xiong Xiang
Q45529965,6000000075482520866,Zhu Ao
Q45530028,6000000075482092117,Zhu Rengui
Q45530067,6000000075497432075,Xiong Tongwen
Q45530092,6000000075482330045,Zhu Xiaoyuan
Q45530131,6000000075497514968,Xiong Yuhe
Q45530154,6000000075482007214,Xiang Shixi
Q45530195,6000000075497577942,Xiong Yingzhou
Q45530217,6000000075482433932,Shen Qian
Q45530282,6000000075482117131,Xin Qizong
Q45530326,6000000075497678878,Pan Zhong
Q45530346,6000000075482497861,Song Yan
Q45530389,6000000075497804833,Pan Tong
Q45530410,6000000075481781413,Song Jun
Q45530518,6000000075497685918,Pan Xiu
Q45530581,6000000075497721890,Pan Dui
Q45530600,6000000075482467963,Du Ren
Q45530648,6000000075497340070,Pan Gu
Q45530664,6000000075482341066,Du Hong
Q45530726,6000000075482429923,Du Bi
Q45530779,6000000075497608937,Pan Yong
Q45530841,6000000075497854834,Pan Kuang
Q45530854,6000000075481954176,Li Ming
Q45530908,6000000075497323098,Pan Wu
Q45530920,6000000075482073031,Li Zhao
Q45530971,6000000075497615918,Pan Zheng
Q45530985,6000000075482254065,Li Deng
Q45531036,6000000075497520088,Pan Jiong
Q45531050,6000000075482465950,Li Tian
Q45531099,6000000075497377111,Pan Yue
Q45531114,6000000075481925195,Li Duan
Q45531164,6000000075497868822,Pan Ju
Q45531180,6000000075482320030,Li Sui
Q45531291,6000000075497601958,Pan Min
Q45531309,6000000075482324040,Li Jun
Q45531356,6000000075497774874,Pan Chen
Q45531372,6000000075482495859,Li Yin
Q45531421,6000000075497625958,Pan Zhi
Q45531485,6000000075497030284,Pan Jing
Q45531502,6000000075482585823,Li Shunqing
Q45531547,6000000075497702909,Pan Fu
Q45531565,6000000075482318081,Li Yi
Q45531609,6000000075497338167,Pan Qi
Q45531627,6000000075482525857,Li Zhiji
Q45531672,6000000075497702926,Pan Da
Q45531691,6000000075482492920,Li Youzhi
Q45531736,6000000075497838857,Pan Yu
Q45531756,6000000075482523870,Li Zhongzheng
Q45531799,6000000075497768890,Pan Chi
Q45531819,6000000075482049128,Li Xunren
Q45531863,6000000075497895834,Pan Jing
Q45531882,6000000075482471910,Li Sixian
Q45531948,6000000075482364058,Li Tingzhi
Q45531992,6000000075497552998,Pan Yi
Q45532011,6000000075482456934,Li Zifa
Q45532053,6000000075497896846,Pan Yi
Q45532075,6000000075482201088,Li Tuibin
Q45532120,6000000075497794912,Pan Tao
Q45532182,6000000075497175280,Pan Zigao
Q45532199,6000000075482606822,Li Chudun
Q45532246,6000000075497896863,Pan Shiyuan
Q45532263,6000000075482219106,Li Chuli
Q45532311,6000000075497545028,Pan Datong
Q45532327,6000000075482320038,Li Changwu
Q45532374,6000000075497002266,Pan Danian
Q45532390,6000000075482317026,Li Guofu
Q45532437,6000000075497778899,Pan Daben
Q45532453,6000000075482570871,Li Guoqing
Q45532500,6000000075497719983,Pan Wensun
Q45532517,6000000075482546898,Li Conggu
Q45532581,6000000075482370992,Li Congji
Q45532630,6000000075497625986,Pan Yungong
Q45532645,6000000075481862394,Li Congshi
Q45532696,6000000075497401141,Pan Yongsi
Q45532709,6000000075482480942,Li Congzheng
Q45532759,6000000075497926822,Pan Biqiang
Q45532824,6000000075497870843,Pan Angu
Q45532839,6000000075482119194,Li Congli
Q45532888,6000000075497608992,Pan Shouzhen
Q45532903,6000000075482209118,Li Dechen
Q45532952,6000000075497602969,Pan Xianzhi
Q45533016,6000000075496910311,Pan Liangqi
Q45533029,6000000075482520927,Li Yizhong
Q45533077,6000000075497930838,Pan Caizhi
Q45533094,6000000075481671440,Li Dunfu
Q45533141,6000000075497758869,Pan Xizong
Q45533157,6000000075482521906,Li Yaoyu
Q45533207,6000000075497305153,Pan Changnian
Q45533222,6000000075482617830,Li Yaoyu
Q45533270,6000000075497761948,Pan Simeng
Q45533287,6000000075482623823,Li Biru
Q45533335,6000000075497482039,Pan Ruochong
Q45533395,6000000075497583104,Pan Zhiyao
Q45533414,6000000075481506586,Li Penglao
Q45533460,6000000075497824917,Pan Shiju
Q45533479,6000000075482616824,Li Pengnian
Q45533523,6000000075497880928,Pan Gangzhong
Q45533541,6000000075482592857,Li Pengnian
Q45533588,6000000075497983822,Pan Weiyi
Q45533608,6000000075482540865,Li Sili
Q45533652,6000000075497986822,Pan Chongche
Q45533715,6000000075497661949,Pan Degang
Q45533781,6000000075497893919,Pan Huizheng
Q45533801,6000000075481927333,Wu Gui
Q45533842,6000000075497864882,Pan Wenzhi
Q45533867,6000000075482383031,Wu Rui
Q45533930,6000000075482399970,Wu Wenbing
Q45533970,6000000075497928874,Pan Mengzheng
Q45534034,6000000075497389154,Pan Moushi
Q45534060,6000000075482611845,Wu Wenhuan
Q45534098,6000000075497432195,Pan Zeshi
Q45534124,6000000075481506593,Wu Wenzhen
Q45534163,6000000075497387247,Pan Yingkui
Q45534225,6000000075497583151,Pan Luoxi
Q45534289,6000000075497722021,Tan Yan
Q45534318,6000000075481943354,Lv Jing
Q45534354,6000000075497891928,Chu Yizheng
Q45534419,6000000075497929866,Chu Chengliang
Q45534442,6000000075482587858,Lin Sheng
Q45534480,6000000075497586145,Chu Yanfeng
Q45534504,6000000075482377053,Lin Lizhi
Q45534542,6000000075497937927,Zheng Yun
Q45534567,6000000075482570896,Lin Zhengxin
Q45534607,6000000075497874920,Zheng Jue
Q45534670,6000000075498049822,Zheng Sheng
Q45534696,6000000075481934288,Lin Shitian
Q45534733,6000000075497970842,Zheng Li
Q45534762,6000000075482199227,Ji Ju
Q45534799,6000000075498059822,Zheng Yu
Q45534824,6000000075482327154,Ji Xian
Q45534864,6000000075497612079,Zheng Shen
Q45534889,6000000075482410075,Ji Zhiping
Q45534929,6000000075497774964,Zheng Shen
Q45534954,6000000075482595886,Ji Xishuo
Q45534993,6000000075497797006,Zheng Yan
Q45535017,6000000075481580534,Ji Xiyan
Q45535055,6000000075498521060,Zheng Jie
Q45535081,6000000075481754304,Jin Shi
Q45535117,6000000075498581999,Zheng Song
Q45535144,6000000075482283142,Jin Xing
Q45535153,6000000075506835084,Ji Rongfu
Q45535180,6000000075498531052,Zheng Sheng
Q45535208,6000000075481982385,Jin Nan
Q45535218,6000000075506456356,Shao Hanchen
Q45535244,6000000075498932822,Zheng Ji
Q45535272,6000000075482131256,Jin Yan
Q45535309,6000000075498896865,Zheng Mu
Q45535335,6000000075482504939,Jin Yue
Q45535373,6000000075498824902,Zheng Zhu
Q45535403,6000000075481862434,Jin Kui
Q45535437,6000000075498920887,Zheng Bing
Q45535466,6000000075482410081,Jin Ju
Q45535500,6000000075498731953,Zheng Rou
Q45535530,6000000075482258161,Jin Heng
Q45535592,6000000075482539932,Jin Ying
Q45535627,6000000075498927855,Zheng Nan
Q45535657,6000000075482556890,Jin Jiuwan
Q45535689,6000000075498006466,Zheng Tian
Q45535721,6000000075482460005,Jin Sanfu
Q45535752,6000000075498922840,Zheng Yu
Q45535785,6000000075482711823,Jin Wende
Q45535796,6000000075505122732,Yu Jieji
Q45535816,6000000075498703944,Zheng Jun
Q45535849,6000000075481750454,Jin Quwei
Q45535859,6000000075506827030,Nan Chengxiong
Q45535978,6000000075482073081,Jin Xingcheng
Q45536043,6000000075481320614,Jin Zuojiu
Q45536070,6000000075498930862,Zheng Qi
Q45536105,6000000075482367070,Jin Shuming
Q45536135,6000000075498843924,Zheng Bao
Q45536168,6000000075482426096,Jin Pengshuo
Q45536200,6000000075498762889,Zheng Zhen
Q45536232,6000000075482324159,Jin Nanmei
Q45536243,6000000075507253868,Jiang Dazhong
Q45536296,6000000075481688635,Jin Ruozhu
Q45536328,6000000075498653063,Zheng Xun
Q45536361,6000000075482729822,Jin Shike
Q45536389,6000000075498867917,Zheng Shi
Q45536425,6000000075482732822,Jin Liangzhi
Q45536455,6000000075498965842,Zheng Shi
Q45536489,6000000075482383061,Jin Zunji
Q45536518,6000000075498933870,Zheng Lun
Q45536583,6000000075498160324,Zheng Xiu
Q45536649,6000000075498916958,Zheng Xiu
Q45536684,6000000075482726835,Yue Yuan
Q45536713,6000000075498600098,Zheng Yuan
Q45536749,6000000075482661901,Yue Zong
Q45536777,6000000075499027823,Zheng Yin
Q45536813,6000000075482546980,Yue Shen
Q45536841,6000000075499021847,Zheng Chong
Q45536941,6000000075482107165,Yue Liangchen
Q45536971,6000000075498965862,Zheng Zhou
Q45537006,6000000075482640861,Zhou Yin
Q45537035,6000000075498501143,Zheng Qiang
Q45537071,6000000075482657885,Zhou Zhong
Q45537099,6000000075498463123,Zheng Yu
Q45537135,6000000075482477998,Zhou Sheng
Q45537196,6000000075482345140,Zhou De
Q45537223,6000000075498321260,Zheng Fa
Q45537259,6000000075481673335,Wei Shunchen
Q45537288,6000000075498405217,Zheng Fa
Q45537324,6000000075481733454,Hu Kuang
Q45537351,6000000075497779592,Zheng Bi
Q45537478,6000000075498793041,Zheng Yong
Q45537515,6000000075482457000,Fan Zhi
Q45537542,6000000075498579257,Zheng Wei
Q45537605,6000000075498930938,Zheng Kai
Q45537640,6000000075482734840,Yu Yunwen
Q45537667,6000000075498877031,Zheng Kai
Q45537702,6000000075482769822,Hou Huan
Q45537730,6000000075498338291,Zheng Rui
Q45537792,6000000075498651209,Zheng Tui
Q45537829,6000000075481320638,Zu Shilong
Q45537857,6000000075498852970,Zheng Hui
Q45537920,6000000075499085885,Zheng Yue
Q45537956,6000000075482669896,Sun Xiang
Q45538045,6000000075499156851,Zheng Rong
Q45538085,6000000075482617949,Sun Tangqing
Q45538113,6000000075498688035,Zheng Wen
Q45538147,6000000075482540950,Hao Zui
Q45538175,6000000075499040899,Zheng Quan
Q45538212,6000000075482775834,Jing Hanru
Q45538242,6000000075498447375,Zheng Lun
Q45538275,6000000075482456024,Xi Shida
Q45538304,6000000075499070918,Zheng Bao
Q45538338,6000000075482774846,Xi Shixun
Q45538371,6000000075498911011,Zheng Bao
Q45538401,6000000075482469108,Xi Shangheng
Q45538434,6000000075498957078,Zheng Zhen
Q45538560,6000000075499164875,Zheng Jie
Q45538624,6000000075499175851,Zheng Lun
Q45538686,6000000075499031982,Zheng Lu
Q45538717,6000000075482684936,Liu Ding
Q45538751,6000000075499058924,Zheng Xian
Q45538782,6000000075482271124,Liu Dong
Q45538815,6000000075499240822,Zheng Chen
Q45538846,6000000075482176157,Liu Fu
Q45538883,6000000075498440307,Zheng E
Q45538911,6000000075481934348,Weng Sheng
Q45538945,6000000075499220859,Zheng Sui
Q45538975,6000000075482501008,Weng Chen
Q45539040,6000000075482733875,Weng Gu
Q45539073,6000000075499225825,Zheng Ye
Q45539102,6000000075481386626,Weng Yong
Q45539136,6000000075499230852,Zheng Xun
Q45539165,6000000075482715856,Weng Ding
Q45539228,6000000075482590981,Weng Shao
Q45539264,6000000075499037947,Zheng Li
Q45539291,6000000075482383096,Weng Qia
Q45539327,6000000075499127910,Zheng Yin
Q45539357,6000000075482655936,Weng Kai
Q45539392,6000000075498672090,Zheng Lin
Q45539420,6000000075482308219,Weng Xi
Q45539456,6000000075499273822,Zheng Tao
Q45539485,6000000075482797841,Weng Wei
Q45539547,6000000075482627897,Weng Dian
Q45539584,6000000075498582225,Zheng Rong
Q45539611,6000000075482688958,Weng Zhizhang
Q45539676,6000000075482191214,Weng Yuanlong
Q45539710,6000000075499035019,Zheng Jiu
Q45539773,6000000075498943985,Zheng Ying
Q45539838,6000000075499139967,Zheng Yi
Q45539864,6000000075482664910,Weng Mengyin
Q45539903,6000000075498688082,Zheng Jiao
Q45539928,6000000075482696871,Weng Yansheng
Q45539966,6000000075499083944,Zheng Yan
Q45539991,6000000075482806826,Weng Fenglong
Q45540029,6000000075498582230,Zheng Ziqi
Q45540056,6000000075482613902,Weng Minzhi
Q45540092,6000000075498847987,Zheng Shihua
Q45540119,6000000075482609923,Weng Mengde
Q45540182,6000000075482196224,Weng Yanshou
Q45540221,6000000075499256840,Zheng Shiyi
Q45540246,6000000075482711889,Pang Xingwen
Q45540284,6000000075499084912,Zheng Dayou
Q45540309,6000000075482836822,Ni Yun
Q45540348,6000000075498988970,Zheng Dahui
Q45540373,6000000075482651934,Ni Cai
Q45540417,6000000075498594314,Zheng Dajie
Q45540479,6000000075498480297,Zheng Zhiti
Q45540502,6000000075482390082,Ni Hou
Q45540544,6000000075499132924,Zheng Wenyu
Q45540566,6000000075482706886,Ni Jun
Q45540608,6000000075498655185,Zheng Douxiang
Q45540632,6000000075481873461,Ni Pu
Q45540674,6000000075499309825,Zheng Douhuan
Q45540698,6000000075482815830,Ni Deng
Q45540737,6000000075499257842,Zheng Tianmin
Q45540823,6000000075482659963,Ni Tao
Q45540891,6000000075482366141,Ni Yi
Q45540938,6000000075499026980,Zheng Shaolian
Q45540956,6000000075482007411,Ni Dayou
Q45541001,6000000075499075936,Zheng Shaowei
Q45541064,6000000075499082985,Zheng Yunzhong
Q45541128,6000000075498912095,Zheng Shengzhi
Q45541148,6000000075482466104,Ni Shaotong
Q45541191,6000000075499087902,Zheng Gongyu
Q45541274,6000000075481763423,Ni Gongwu
Q45541317,6000000075497942561,Zheng Renjie
Q45541337,6000000075482696877,Ni Gongdu
Q45541379,6000000075499149919,Zheng Biming
Q45541401,6000000075482863825,Ni Gonghui
Q45541442,6000000075499173906,Zheng Kefu
Q45541465,6000000075482781874,Ni Dunfu
Q45541571,6000000075499026999,Zheng Kejian
Q45541594,6000000075482538038,Xu Yuan
Q45541634,6000000075499058966,Zheng Minxian
Q45541656,6000000075482787830,Xu Yuan
Q45541696,6000000075499037972,Zheng Minbiao
Q45541718,6000000075482541969,Xu Jie
Q45541761,6000000075499025972,Zheng Minzhan
Q45541784,6000000075482714933,Xu Yu
Q45541823,6000000075499351834,Zheng Shenzhi
Q45541847,6000000075482681946,Xu Ben
Q45541888,6000000075499247875,Zheng Ruxie
Q45541910,6000000075482872825,Xu Shen
Q45541955,6000000075499086011,Zheng Andao
Q45541975,6000000075482732936,Xu Bian
Q45542019,6000000075499230888,Zheng Zhaixin
Q45542039,6000000075482406171,Xu Bai
Q45542100,6000000075482510053,Xu Cun
Q45542144,6000000075499029043,Zheng Zhonglu
Q45542164,6000000075481181776,Xu He
Q45542207,6000000075499025109,Zheng Liangchen
Q45542228,6000000075482821900,Xu Ye
Q45542292,6000000075482597015,Xu Hang
Q45542334,6000000075499084923,Zheng Junlao
Q45542355,6000000075482320185,Xu Zhuo
Q45542396,6000000075499349839,Zheng Keji
Q45542420,6000000075481980380,Xu Wei
Q45542460,6000000075498682241,Zheng Kekuan
Q45542485,6000000075482577079,Xu Shen
Q45542524,6000000075499261907,Zheng Tingfen
Q45542549,6000000075482832862,Xu Yong
Q45542589,6000000075499166976,Zheng Xigu
Q45542611,6000000075482504141,Xu Jing
Q45542654,6000000075499030999,Zheng Bangyan
Q45542718,6000000075499111024,Zheng Zongqiang
Q45542741,6000000075482534998,Xu Yi
Q45542804,6000000075482876837,Xu Ming
Q45542810,6000000075499382832,Zheng Zongyan
Q45542870,6000000075482469205,Xu Xin
Q45542933,6000000075482593938,Xu Hong
Q45542996,6000000075482190363,Xu Jue
Q45543059,6000000075482591022,Xu Ke
Q45543065,6000000075499248901,Zheng Juren
Q45543123,6000000075482602002,Xu Gong
Q45543128,6000000075499341851,Zheng Changsi
Q45543187,6000000075482071413,Xu Xin
Q45543192,6000000075499096990,Zheng Shuxiong
Q45543250,6000000075482390104,Xu Xun
Q45543256,6000000075499272896,Zheng Zhixiu
Q45543312,6000000075481733505,Xu Gao
Q45543318,6000000075499076000,Zheng Zhouqing
Q45543376,6000000075481927469,Xu Tang
Q45543382,6000000075499416834,Zheng Caiweng
Q45543445,6000000075498156570,Zheng Jifu
Q45543509,6000000075499166984,Zheng Zhirou
Q45543511,6000000075482865855,Xu Xiang
Q45543571,6000000075499083034,Zheng Zhiwei
Q45543573,6000000075482714977,Xu Heng
Q45543635,6000000075498480400,Zheng Yangui
Q45543636,6000000075482738940,Xu Zhi
Q45543698,6000000075482854870,Xu Gui
Q45543699,6000000075499194908,Zheng Bingsun
Q45543763,6000000075482440134,Xu Tong
Q45543825,6000000075481642606,Xu Jun
Q45543826,6000000075499271911,Zheng Jiangu
Q45543889,6000000075481458723,Xu Qing
Q45543890,6000000075499221863,Zheng Siyong
Q45543951,6000000075482919832,Xu Huai
Q45543952,6000000075499040986,Zheng Sichen
Q45544013,6000000075482928822,Xu Yong
Q45544079,6000000075481688737,Xu Bin
Q45544082,6000000075499426846,Zheng Zhaoshu
Q45544099,6000000075506667171,Hu Shao
Q45544142,6000000075482915825,Xu Tan
Q45544162,6000000075507230927,Tang Zongqing
Q45544210,6000000075499405841,Zheng Shizhong
Q45544227,6000000075507500823,Xu Ziyan
Q45544269,6000000075482425170,Xu Feng
Q45544272,6000000075499357843,Zheng Shizhong
Q45544292,6000000075506530243,Xu Yuanzhen
Q45544334,6000000075482797891,Xu Wei
Q45544342,6000000075499187926,Zheng Shimeng
Q45544356,6000000075507099067,Xu Mengshi
Q45544398,6000000075482465207,Xu Yu
Q45544406,6000000075499213922,Zheng Dunfang
Q45544418,6000000075507522822,Xu Yanzhang
Q45544471,6000000075499447822,Zheng Weiji
Q45544482,6000000075507290023,Xu Rong
Q45544525,6000000075482602032,Xu Yan
Q45544534,6000000075498480415,Zheng Shaosun
Q45544590,6000000075482809872,Xu Kui
Q45544598,6000000075498931080,Zheng Cengzi
Q45544654,6000000075482242246,Xu Xiong
Q45544662,6000000075499299902,Zheng Yangting
Q45544717,6000000075482693948,Xu Gao
Q45544725,6000000075498341143,Zheng Sili
Q45544784,6000000075482746920,Xu Ji
Q45544790,6000000075499458822,Zheng Xiongfei
Q45544854,6000000075481608698,Xu Yi
Q45544855,6000000075499413856,Zheng Jingchun
Q45544916,6000000075482664991,Xu Jie
Q45544917,6000000075499182987,Zheng Jingheng
Q45544980,6000000075499357849,Zheng Zaiwen
Q45545044,6000000075482733963,Xu Fu
Q45545045,6000000075499038012,Zheng Sunzhi
Q45545106,6000000075482930831,Xu Fu
Q45545107,6000000075499330875,Zheng Dingxin
Q45545170,6000000075482859890,Xu Shun
Q45545171,6000000075499000143,Zheng Yunmeng
Q45545233,6000000075482158283,Xu Qin
Q45545300,6000000075499427846,Zheng Zhaozhi
Q45545301,6000000075481927480,Xu Xu
Q45545362,6000000075498823178,Zheng Yushu
Q45545363,6000000075482927859,Xu Kui
Q45545426,6000000075498440489,Zheng Mengxie
Q45545427,6000000075482809889,Xu Yuan
Q45545490,6000000075482465213,Xu Zhen
Q45545553,6000000075498946037,Zheng Yisun
Q45545555,6000000075481966467,Xu Kai
Q45545618,6000000075482128318,Xu Ji
Q45545682,6000000075498939133,Zheng Yuyi
Q45545683,6000000075482670024,Xu Cheng
Q45545745,6000000075499375911,Zheng Jifu
Q45545746,6000000075482928850,Xu Qing
Q45545813,6000000075499282930,Zheng Yinglong
Q45545875,6000000075481458746,Xu Shi
Q45545877,6000000075499353877,Zheng Weiting
Q45545938,6000000075482535028,Xu Ting
Q45546003,6000000075482950851,Xu Shi
Q45546004,6000000075499405909,Zheng Xianweng
Q45546126,6000000075482042332,Xu Lian
Q45546128,6000000075499216930,Li Zhaoqing
Q45546189,6000000075482989822,Xu Yao
Q45546193,6000000075499097052,Gong Yan
Q45546254,6000000075482950868,Xu Yao
Q45546258,6000000075499248920,Gong Xin
Q45546317,6000000075482836945,Xu Xian
Q45546321,6000000075499430854,Gong Gui
Q45546386,6000000075499086132,Fan Yunnan
Q45546444,6000000075482318304,Xu E
Q45546448,6000000075499183026,Fan Kexing
Q45546507,6000000075482796947,Xu Yu
Q45546511,6000000075498920165,Fan Shixian
Q45546570,6000000075482303224,Xu Zhen
Q45546574,6000000075498937043,Fan Gongli
Q45546633,6000000075482992826,Xu Xing
Q45546699,6000000075482646985,Xu Heng
Q45546764,6000000075482068366,Xu Zhen
Q45546768,6000000075499421894,Fan Zongjian
Q45546828,6000000075482872868,Xu Hui
Q45546832,6000000075498920192,Fan Zishen
Q45546890,6000000075482680974,Xu Lin
Q45546901,6000000075498634397,Fan Hanbing
Q45546953,6000000075481966493,Xu Ni
Q45546963,6000000075499221913,Fan Hanguang
Q45547015,6000000075482472179,Xu Zishi
Q45547026,6000000075499341903,Lou Cai
Q45547078,6000000075481927509,Xu Ziqing
Q45547088,6000000075499511846,Lou Shao
Q45547214,6000000075499522840,Lou Bin
Q45547266,6000000075482752926,Xu Dazheng
Q45547276,6000000075499108158,Lou Shen
Q45547327,6000000075482279396,Xu Dayong
Q45547339,6000000075499076069,Lou Danian
Q45547389,6000000075482472192,Xu Dashou
Q45547401,6000000075499454869,Lou Tunan
Q45547450,6000000075482818947,Xu Dashou
Q45547463,6000000075499482869,Lou Yingyuan
Q45547511,6000000075482966836,Xu Wenfeng
Q45547528,6000000075499264976,Deng Dan
Q45547575,6000000075482949871,Xu Wenzhi
Q45547589,6000000075499097126,Deng Shang
Q45547639,6000000075482610050,Xu Wenzhen
Q45547653,6000000075499482874,Deng Yan
Q45547701,6000000075482870882,Xu Yuanfang
Q45547716,6000000075498006816,Deng Lin
Q45547777,6000000075499306969,Deng Lin
Q45547825,6000000075482744997,Xu Yuanpin
Q45547839,6000000075499027147,Deng Lin
Q45547889,6000000075482967894,Xu Yuande
Q45547901,6000000075499464915,Deng Quan
Q45548014,6000000075482894880,Xu Tianxi
Q45548028,6000000075499339958,Deng Xian
Q45548075,6000000075482667982,Xu Tianyi
Q45548089,6000000075499422893,Deng Dong
Q45548139,6000000075481749555,Xu Zhongli
Q45548215,6000000075499551839,Deng Gong
Q45548266,6000000075482510148,Xu Shichang
Q45548279,6000000075499487903,Deng Gen
Q45548314,6000000075482696932,Xu Shirong
Q45548330,6000000075498926133,Deng Qi
Q45548377,6000000075482898895,Xu Yongwen
Q45548393,6000000075499579822,Deng Jiong
Q45548439,6000000075482641071,Xu Ciduo
Q45548456,6000000075499083110,Deng Yu
Q45548502,6000000075483012825,Xu Anmin
Q45548518,6000000075499572828,Deng Yun
Q45548565,6000000075482836991,Xu Shouxin
Q45548580,6000000075498656286,Deng Qie
Q45548630,6000000075482591993,Xu Zhongyuan
Q45548643,6000000075499207064,Deng Zhang
Q45548682,6000000075499551863,Deng Yin
Q45548719,6000000075483037840,Xu Zhongjian
Q45548747,6000000075499320963,Deng Yi
Q45548783,6000000075482954833,Xu Zhongxiang
Q45548810,6000000075499549843,Deng Ji
Q45548847,6000000075482950893,Xu Zhongmou
Q45548908,6000000075483033825,Xu Xiaogong
Q45548935,6000000075499197006,Deng Youlong
Q45548996,6000000075499422909,Deng Zhonghe
Q45549034,6000000075482510153,Xu Gaizhi
Q45549058,6000000075499150995,Deng Renxian
Q45549165,6000000075482279422,Xu Xizhou
Q45549184,6000000075499501900,Deng Shouyue
Q45549229,6000000075482827935,Xu Yanjun
Q45549248,6000000075499218991,Deng Yougong
Q45549290,6000000075482625007,Xu Bochen
Q45549375,6000000075499456935,Deng Youfu
Q45549417,6000000075483016868,Xu Yanwu
Q45549438,6000000075499242116,Deng Pinjun
Q45549481,6000000075482847927,Xu Zongren
Q45549502,6000000075499368940,Deng Zonggu
Q45549545,6000000075482969877,Xu Zongchen
Q45549567,6000000075499422930,Deng Xunmei
Q45549608,6000000075481974501,Xu Zongkuang
Q45549672,6000000075482917881,Xu Zongwu
Q45549758,6000000075498297385,Deng Xunyi
Q45549799,6000000075483086822,Xu Chenggui
Q45549819,6000000075499501909,Deng Rouzhong
Q45549862,6000000075482739032,Xu Zhangqing
Q45549927,6000000075482983869,Xu Wangrong
Q45549946,6000000075499583844,Deng Ruoshui
Q45550012,6000000075498634496,Deng Baoxin
Q45550050,6000000075482948891,Xu Simin
Q45550075,6000000075499462974,Deng Deyu
Q45550113,6000000075483074838,Xu Zhaoran
Q45550137,6000000075499531941,Deng Yufu
Q45550176,6000000075483011854,Xu Zhiming
Q45550197,6000000075499183134,Deng Biliang
Q45550300,6000000075482936872,Xu Shidong
Q45550325,6000000075499455974,Deng Chuanzhi
Q45550429,6000000075482406306,Xu Wenzhen
Q45550491,6000000075483096859,Xu Fuwei
Q45550514,6000000075499188105,Deng Jiancong
Q45550553,6000000075482826999,Xu Meigui
Q45550579,6000000075499296056,Deng Qixian
Q45550614,6000000075483029848,Xu Chongxun
Q45550640,6000000075499213040,Deng Xishu
Q45550677,6000000075481763542,Xu Minzi
Q45550703,6000000075498926183,Deng Yingwu
Q45550739,6000000075481974520,Xu Shaoling
Q45550800,6000000075482923899,Xu Shanbao
Q45550826,6000000075498560421,Ou Liang
Q45550863,6000000075482886925,Xu Senmu
Q45550950,6000000075499648839,Ou Hai
Q45550988,6000000075482987908,Xu Kaizhi
Q45551015,6000000075499166067,Ou Qing
Q45551053,6000000075482837038,Xu Shunyu
Q45551076,6000000075499184053,Ouyang Dan
Q45551116,6000000075483048891,Xu Wudang
Q45551141,6000000075499509960,Ouyang Yan
Q45551181,6000000075483119834,Xu Jisun
Q45551203,6000000075499623880,Ouyang Si
Q45551266,6000000075499604846,Ouyang Bing
Q45551328,6000000075499191097,Ouyang Hui
Q45551369,6000000075482879930,Xu Daoming
Q45551392,6000000075499671830,Ouyang Wen
Q45551431,6000000075482981897,Xu Daotai
Q45551453,6000000075499403004,Ouyang Tong
Q45551555,6000000075482669117,Xu Daoguang
Q45551575,6000000075499184065,Ouyang Chun
Q45551617,6000000075483121835,Xu Leikai
Q45551638,6000000075499667838,Ouyang Zhan
Q45551699,6000000075499679825,Ouyang Jing
Q45551761,6000000075499167096,Ouyang Xian
Q45551803,6000000075482719057,Xu Chunnian
Q45551824,6000000075499572891,Ouyang Pi
Q45551866,6000000075482410401,Xu Yuanlao
Q45551887,6000000075499412025,Ouyang Hong
Q45551929,6000000075483048900,Xu Jiawen
Q45551951,6000000075499613898,Ouyang Zihuai
Q45551992,6000000075482882966,Xu Shouqing
Q45552056,6000000075482367251,Xu Chaoqing
Q45552076,6000000075499579872,Ouyang Guangzu
Q45552118,6000000075482965932,Xu Wenshi
Q45552140,6000000075499454952,Ouyang Chenghou
Q45552202,6000000075499340095,Ouyang Bangji
Q45552243,6000000075482428240,Xu Mengfa
Q45552265,6000000075499643850,Ouyang Zhiqing
Q45552304,6000000075483108857,Xu Mengkui
Q45552326,6000000075499575915,Ouyang Qingqing
Q45552367,6000000075483130866,Xu Shunian
Q45552387,6000000075499341045,Ouyang Chuweng
Q45552451,6000000075499387996,Ouyang Qianzhi
Q45552491,6000000075482971921,Xu Weizha
Q45552512,6000000075499708826,Lvqiu Xiao
Q45552554,6000000075482822012,Xu Guinian
Q45552576,6000000075499360079,Lvqiu Qing
Q45552616,6000000075482899984,Xu Yingzhong
Q45552638,6000000075499653853,Lvqiu Xiang
Q45552700,6000000075498653581,Lvqiu Xiucai
Q45552743,6000000075482881937,Xu Yanfu
Q45552761,6000000075499253064,Lvqiu Chongsun
Q45552803,6000000075483137831,Xu Xianke
Q45552866,6000000075483178822,Xu Yunxing
Q45552887,6000000075499017336,Jiang Shan
Q45552928,6000000075482738079,Xu Yanfu
Q45552948,6000000075499357052,Jiang Jie
Q45552992,6000000075482751071,Shi Min
Q45553012,6000000075499356100,Jiang Bai
Q45553054,6000000075483140846,Shi Yan
Q45553073,6000000075499714838,Jiang Zhi
Q45553115,6000000075482822018,Shi Yongxi
Q45553135,6000000075499452041,Jiang Yu
Q45553178,6000000075482440251,Shi Hunfu
Q45553244,6000000075482964919,Shi Weifan
Q45553307,6000000075482738084,Shi Xianxing
Q45553325,6000000075499534035,Jiang Jin
Q45553371,6000000075482425272,Yin Chun
Q45553388,6000000075499575949,Jiang Ting
Q45553449,6000000075499452060,Jiang Xie
Q45553495,6000000075482863942,Xi Qi
Q45553513,6000000075499496976,Jiang Wei
Q45553621,6000000075483074879,Xi Muqing
Q45553643,6000000075499224140,Jiang Fu
Q45553686,6000000075483185825,Neng Chengfu
Q45553706,6000000075499452071,Jiang Yu
Q45553749,6000000075483029956,Chunyu Quan
Q45553768,6000000075499701856,Jiang Jin
Q45553812,6000000075483059895,Liang Jie
Q45553831,6000000075499422089,Jiang Gai
Q45553875,6000000075483059900,Liang Bing
Q45553894,6000000075499479068,Jiang Yi
Q45553939,6000000075482739098,Liang Fen
Q45553958,6000000075499690863,Jiang Wei
Q45554000,6000000075482465362,Liang Hong
Q45554018,6000000075499213096,Jiang Jing
Q45554063,6000000075483079894,Liang Fu
Q45554082,6000000075499548881,Jiang Ye
Q45554124,6000000075482641140,Liang Gu
Q45554143,6000000075498853256,Jiang Heng
Q45554185,6000000075481966578,Liang Zuo
Q45554203,6000000075499428043,Jiang Kuai
Q45554249,6000000075482805980,Liang Yi
Q45554266,6000000075499594924,Jiang Yong
Q45554310,6000000075482966920,Liang Song
Q45554372,6000000075483135867,Liang He
Q45554390,6000000075499372057,Jiang Zichun
Q45554434,6000000075481927588,Liang Ke
Q45554452,6000000075499744846,Jiang Zhihan
Q45554515,6000000075498718404,Jiang Wensu
Q45554577,6000000075499482975,Jiang Yuanfu
Q45554622,6000000075483118878,Liang Zao
Q45554684,6000000075483173852,Liang Shan
Q45554703,6000000075499715894,Jiang Taiwei
Q45554747,6000000075483100854,Liang Dun
Q45554768,6000000075499312058,Jiang Gongshun
Q45554809,6000000075483114861,Liang Kui
Q45554830,6000000075499557986,Jiang Gongdi
Q45554874,6000000075483059911,Liang Yi
Q45554893,6000000075499724875,Jiang Shizhen
Q45554937,6000000075482936953,Liang Yi
Q45555000,6000000075482628083,Liang Chu
Q45555020,6000000075499709868,Jiang Ruyi
Q45555062,6000000075482853053,Liang Man
Q45555082,6000000075499708840,Jiang Youqiu
Q45555125,6000000075482837126,Liang Shi
Q45555145,6000000075499646856,Jiang Tingyu
Q45555187,6000000075482733145,Liang Mao
Q45555207,6000000075498440726,Jiang Laisou
Q45555253,6000000075483039926,Liang Zhuan
Q45555272,6000000075499509059,Jiang Changdao
Q45555316,6000000075483224853,Liang Gou
Q45555377,6000000075483170865,Liang Yi
Q45555400,6000000075498855381,Jiang Shijian
Q45555443,6000000075483141834,Liang Zhang
Q45555463,6000000075498653610,Jiang Shiyan
Q45555504,6000000075482888974,Liang De
Q45555526,6000000075499593921,Jiang Kangguo
Q45555566,6000000075482746013,Liang Wei
Q45555588,6000000075499792857,Jiang Huazi
Q45555626,6000000075483206861,Liang Xu
Q45555652,6000000075499403102,Jiang Mengyan
Q45555690,6000000075482765048,Liang Yun
Q45555714,6000000075499522967,Cai Li
Q45555753,6000000075483152865,Liang Zong
Q45555777,6000000075499660898,Cai Ren
Q45555817,6000000075483210874,Liang Jian
Q45555840,6000000075499825834,Cai Li
Q45555879,6000000075483030028,Liang Ziqiang
Q45555944,6000000075481749616,Liang Ziqiang
Q45555965,6000000075499693897,Cai Ren
Q45556004,6000000075483240826,Liang Ziye
Q45556070,6000000075482485255,Liang Dayong
Q45556091,6000000075499771849,Cai Qing
Q45556131,6000000075483269824,Liang Shiheng
Q45556151,6000000075499689884,Cai Nan
Q45556193,6000000075483140877,Liang Baikui
Q45556214,6000000075499066411,Cai Hong
Q45556257,6000000075483248852,Liang Zhongmin
Q45556277,6000000075499702879,Cai Xiang
Q45556319,6000000075483106919,Liang Zhongqin
Q45556340,6000000075499753855,Cai Tian
Q45556443,6000000075482505203,Liang Yansi
Q45556466,6000000075499390066,Cai Zi
Q45556506,6000000075483276835,Liang Zongfan
Q45556528,6000000075499818846,Cai Gui
Q45556568,6000000075483224893,Liang Zhongxin
Q45556595,6000000075499775850,Cai Ceng
Q45556718,6000000075499566073,Cai Dan
Q45556764,6000000075483210887,Liang Heshu
Q45556782,6000000075499751938,Cai Jing
Q45556826,6000000075483285824,Liang Chunxuan
Q45556843,6000000075499577981,Cai Wu
Q45556889,6000000075482964986,Liang Zhaoqing
Q45556907,6000000075499457140,Cai Zhuang
Q45556952,6000000075482719116,Liang Tailai
Q45556969,6000000075499610946,Nan Gong
Q45557014,6000000075483103863,Liang Shimin
Q45557033,6000000075499615982,Cai Shuo
Q45557078,6000000075483281839,Liang Weiyi
Q45557096,6000000075499407125,Cai Run
Q45557142,6000000075482948986,Liang Weiji
Q45557205,6000000075483220846,Liang Guolin
Q45557224,6000000075499712903,Cai Gong
Q45557269,6000000075482679138,Liang Guobin
Q45557333,6000000075482966046,Liang Congji
Q45557354,6000000075499759907,Cai Yi
Q45557396,6000000075481974598,Liang Shunju
Q45557419,6000000075499566090,Cai Xing
Q45557459,6000000075482733206,Liang Shunsun
Q45557480,6000000075499525092,Cai Zeng
Q45557521,6000000075483101901,Liang Yifu
Q45557543,6000000075499712919,Cai Meng
Q45557587,6000000075482318385,Liang Yangzu
Q45557605,6000000075499882822,Cai Yi
Q45557650,6000000075482847035,Liang Chunxuan
Q45557669,6000000075499793871,Cai Jian
Q45557712,6000000075483247877,Liang Jiasou
Q45557732,6000000075499876841,Cai Yuanfang
Q45557775,6000000075482984023,Liang Yuqing
Q45557795,6000000075499885825,Cai Yuanding
Q45557837,6000000075483246849,Liang Yinggeng
Q45557859,6000000075499847845,Cai Bisheng
Q45557899,6000000075482937935,Liang Yinglong
Q45557962,6000000075483319822,Liang Yanlao
Q45557982,6000000075499619023,Cai Yongzhi
Q45558021,6000000075483224904,Liang Guanguo
Q45558043,6000000075499197182,Cai Rukui
Q45558084,6000000075483322822,Shang Xun
Q45558105,6000000075499843869,Cai Zhongshu
Q45558148,6000000075483246854,Shang Tai
Q45558168,6000000075499779882,Cai Zhonglong
Q45558212,6000000075483030055,Shang Yuan
Q45558231,6000000075499890835,Cai Yanshi
Q45558293,6000000075499370138,Cai Xidian
Q45558338,6000000075483327829,Shang Lingwen
Q45558356,6000000075499398075,Cai Boxi
Q45558400,6000000075483328828,Shang Yijian
Q45558420,6000000075499398080,Cai Niancheng
Q45558464,6000000075483318829,Shang Tiren
Q45558528,6000000075482618270,Zhang Yong
Q45558549,6000000075499796889,Cai Ruoshui
Q45558591,6000000075483322827,Zhang Jiong
Q45558613,6000000075499701947,Cai Zhenxian
Q45558674,6000000075499787890,Cai Fengjia
Q45558717,6000000075483252873,Kang Mengji
Q45558739,6000000075499801890,Cai Qigu
Q45558781,6000000075483239865,Kang Menggeng
Q45558802,6000000075499895828,Cai Qiji
Q45558906,6000000075483279851,Kang Yingbi
Q45558995,6000000075499931823,Cai Desheng
Q45559060,6000000075499423159,Cai Mishao
Q45559124,6000000075499912847,Murong Hui
Q45559188,6000000075499315193,Lu Jiao
Q45559222,6000000075483046000,Lu Kai
Q45559250,6000000075499886891,Lu Bing
Q45559285,6000000075481974629,Mi You
Q45559313,6000000075499458129,Lu Zhuang
Q45559348,6000000075483112934,Mi Sang
Q45559379,6000000075499736895,Lu Qiong
Q45559412,6000000075482959032,Kou Hong
Q45559443,6000000075499884894,Lu Shineng
Q45559475,6000000075482919012,Kou Pi
Q45559507,6000000075499898839,Lu Anren
Q45559539,6000000075483324850,Kou Wei
Q45559572,6000000075499582071,Lu Zonggui
Q45559603,6000000075482367324,Kou Ning
Q45559636,6000000075499738882,Li Ming
Q45559667,6000000075483195877,Kou Yuanbi
Q45559701,6000000075499923837,Li Yan
Q45559731,6000000075483239896,Kou Zhongwen
Q45559762,6000000075499296209,Li Ziyun
Q45559794,6000000075482775099,Kou Yanming
Q45559827,6000000075499730016,Li Anchao
Q45559857,6000000075483315878,Kou Yanqing
Q45559890,6000000075499807870,Li Zizhao
Q45559919,6000000075483328840,Kou Guobao
Q45559954,6000000075499880895,Li Bodeng
Q45559985,6000000075483030983,Guo Wen
Q45560016,6000000075499876895,Li Chizheng
Q45560048,6000000075483185906,Guo Ji
Q45560077,6000000075499498200,Li Guichen
Q45560112,6000000075483050946,Guo Yong
Q45560141,6000000075499845897,Li Daohua
Q45560177,6000000075482895037,Guo Dan
Q45560206,6000000075499923842,Le Cai
Q45560241,6000000075482798104,Guo Xing
Q45560304,6000000075483108946,Guo Hang
Q45560332,6000000075499846894,Le Hong
Q45560368,6000000075482848053,Guo Heng
Q45560394,6000000075498156811,Le Xian
Q45560430,6000000075482949049,Guo Hong
Q45560457,6000000075499760936,Le Bei
Q45560521,6000000075499946862,Le Shixuan
Q45560582,6000000075499407206,Le Tianxi
Q45560616,6000000075483348824,Guo Qi
Q45560644,6000000075499859897,Le Sizhong
Q45560704,6000000075499982840,Teng Cen
Q45560737,6000000075481754629,Guo Gu
Q45560796,6000000075483115923,Guo Chang
Q45560825,6000000075499893891,Teng Ke
Q45560888,6000000075499993833,Teng Li
Q45560918,6000000075483135961,Guo Ang
Q45560981,6000000075482641249,Guo Ang
Q45561044,6000000075483370823,Guo Shou
Q45561072,6000000075499576113,Teng Tian
Q45561105,6000000075482857026,Guo Xi
Q45561136,6000000075499253211,Teng Qiao
Q45561169,6000000075482410471,Guo Yi
Q45561206,6000000075499898868,Teng Yu
Q45561231,6000000075482738185,Guo Yan
Q45561356,6000000075483367847,Guo Si
Q45561396,6000000075500019832,Lian Lei
Q45561420,6000000075483074931,Guo Yu
Q45561456,6000000075499502200,Lian Ding
Q45561483,6000000075483058940,Guo Hou
Q45561525,6000000075499963878,Lian Bi
Q45561547,6000000075483247926,Guo Xin
Q45561587,6000000075500033822,Lian Hui
Q45561610,6000000075483177954,Guo You
Q45561670,6000000075482965083,Guo Zuo
Q45561713,6000000075499946883,Liu Yun
Q45561733,6000000075483108952,Guo Zhen
Q45561777,6000000075499741005,Liu Yong
Q45561797,6000000075483210982,Guo Ting
Q45561841,6000000075500037849,Liu Dan
Q45561860,6000000075483262856,Guo En
Q45561904,6000000075500051822,Liu Shen
Q45561923,6000000075483274892,Guo Ni
Q45562055,6000000075482949064,Guo Lun
Q45562094,6000000075499465149,Liu Yu
Q45562118,6000000075482857054,Guo Shu
Q45562158,6000000075499753979,Liu Ji
Q45562181,6000000075483340911,Guo Zhang
Q45562221,6000000075499562076,Liu Guang
Q45562243,6000000075482875067,Guo Mi
Q45562283,6000000075499807923,Liu Guang
Q45562306,6000000075483323883,Guo Xiang
Q45562414,6000000075499760983,Liu Quan
Q45562432,6000000075483279874,Guo Jun
Q45562478,6000000075499853948,Liu Mu
Q45562496,6000000075482806089,Guo Fei
Q45562558,6000000075483253860,Guo Feng
Q45562622,6000000075483294894,Guo Wei
Q45562670,6000000075498653758,Liu Ke
Q45562687,6000000075482279569,Guo Wei
Q45562749,6000000075482972032,Guo Ping
Q45562798,6000000075499825976,Liu Cheng
Q45562814,6000000075483361851,Guo Cong
Q45562861,6000000075499851961,Liu Jie
Q45562876,6000000075483365851,Guo Di
Q45562926,6000000075499820990,Liu Yu
Q45562941,6000000075482341472,Guo Gui
Q45562990,6000000075499336222,Liu Qi
Q45563005,6000000075483185937,Guo Ji
Q45563053,6000000075499458223,Liu Bi
Q45563133,6000000075483088003,Guo Yi
Q45563180,6000000075499423237,Liu Zuo
Q45563195,6000000075482806112,Guo Xin
Q45563260,6000000075482733270,Guo Jing
Q45563311,6000000075500047910,Liu Fa
Q45563323,6000000075483421866,Guo Huan
Q45563387,6000000075483164954,Guo Ben
Q45563439,6000000075500097834,Liu Bing
Q45563514,6000000075483346877,Guo Zai
Q45563566,6000000075499315324,Liu Ya
Q45563578,6000000075483406873,Guo Yuan
Q45563628,6000000075499932940,Liu Cheng
Q45563641,6000000075483426856,Guo Zhao
Q45563692,6000000075499932945,Liu Jie
Q45563705,6000000075483428831,Guo Jing
Q45563756,6000000075499558212,Liu Tan
Q45563769,6000000075483415856,Guo Hu
Q45563820,6000000075499684053,Liu Hu
Q45563833,6000000075482835153,Guo Shi
Q45563883,6000000075500071855,Liu Zhuo
Q45563897,6000000075482933078,Guo Shou
Q45563947,6000000075499996882,Liu Yi
Q45564012,6000000075500105828,Liu Min
Q45564024,6000000075482665224,Guo Feng
Q45564075,6000000075499877965,Liu Fang
Q45564087,6000000075483274936,Guo Zhuan
Q45564138,6000000075498850553,Liu Fang
Q45564150,6000000075483152993,Guo Gang
Q45564214,6000000075483255932,Guo Wei
Q45564265,6000000075500103839,Liu Zhu
Q45564278,6000000075483440847,Guo Chao
Q45564329,6000000075499728056,Liu Qia
Q45564342,6000000075483333915,Guo Qing
Q45564392,6000000075500080856,Liu Yan
Q45564406,6000000075483042044,Guo Zhen
Q45564456,6000000075499683137,Liu Xuan
Q45564473,6000000075482685147,Guo Zhen
Q45564520,6000000075500141823,Liu Bing
Q45564584,6000000075500067862,Liu Bing
Q45564600,6000000075483341878,Guo Xu
Q45564646,6000000075500142840,Liu Bing
Q45564663,6000000075481695741,Guo Zi
Q45564710,6000000075500087870,Liu Yu
Q45564726,6000000075483203031,Guo Chang
Q45564774,6000000075500125864,Liu Jing
Q45564789,6000000075482320647,Guo Hong
Q45564837,6000000075499644020,Liu Hao
Q45564854,6000000075483187956,Guo Yu
Q45564903,6000000075500034913,Liu Hao
Q45564966,6000000075499373351,Liu Hao
Q45564979,6000000075482777179,Guo Zhigao
Q45565043,6000000075482740191,Guo Chengfan
Q45565092,6000000075500048883,Liu Yi
Q45565159,6000000075500157839,Liu Yi
Q45565221,6000000075500153836,Liu Mi
Q45565238,6000000075482651291,Guo Yanqing
Q45565285,6000000075500069911,Liu Tai
Q45565303,6000000075483400887,Guo Yanqing
Q45565349,6000000075499765016,Liu Gong
Q45565413,6000000075499784047,Liu Qi
Q45565432,6000000075483406942,Guo Youxian
Q45565476,6000000075500053889,Liu Gui
Q45565560,6000000075482625204,Guo Zongli
Q45565603,6000000075500206825,Liu Yan
Q45565623,6000000075482324572,Guo Changji
Q45565667,6000000075499566200,Liu Tan
Q45565688,6000000075483347897,Guo Juren
Q45565730,6000000075499833992,Liu Zhuo
Q45565752,6000000075483158964,Guo Juan
Q45565794,6000000075499804993,Liu Neng
Q45565815,6000000075483246998,Guo Chengzuo
Q45565857,6000000075500092909,Liu Yuan
Q45565876,6000000075483164068,Guo Chengxu
Q45565920,6000000075499219355,Liu Yuan
Q45565939,6000000075483220974,Guo Fengshi
Q45565984,6000000075500178844,Liu Zhang
Q45566003,6000000075481950675,Guo Zhongshun
Q45566046,6000000075500102898,Liu Yin
Q45566109,6000000075499283235,Liu Cai
Q45566129,6000000075483438898,Guo Shuyun
Q45566174,6000000075499931944,Liu Yi
Q45566192,6000000075483244044,Guo Zhiyun
Q45566255,6000000075482430432,Guo Daizhao
Q45566301,6000000075500180868,Liu Tan
Q45566319,6000000075482201533,Guo Yuchen
Q45566365,6000000075499821073,Liu Jian
Q45566381,6000000075483475880,Lian Xi
Q45566427,6000000075500243828,Liu Shuang
Q45566444,6000000075482641359,Lian Ao
Q45566491,6000000075500213839,Liu Chang
Q45566509,6000000075483469843,Lian Biyuan
Q45566555,6000000075500234834,Liu Tang
Q45566573,6000000075483113099,Lian Shiyu
Q45566638,6000000075483017134,Lian Zhongxuan
Q45566682,6000000075500248840,Liu Can
Q45566700,6000000075482026684,Lian Xiyuan
Q45566747,6000000075500031951,Liu Min
Q45566766,6000000075482073504,Lian Kangshi
Q45566819,6000000075499887112,Liu Huan
Q45566858,6000000075483115019,Qiang Yi
Q45566882,6000000075500253841,Liu Bo
Q45566922,6000000075482428428,Qiang Ni
Q45566947,6000000075500081972,Liu Wei
Q45566986,6000000075483437926,Qiang Yingwu
Q45567010,6000000075500268827,Liu Qi
Q45567052,6000000075482991155,Zhang Yu
Q45567074,6000000075500116871,Liu Shi
Q45567114,6000000075483234999,Zhang Yi
Q45567136,6000000075499422392,Liu Dun
Q45567180,6000000075482026706,Zhang Kang
Q45567199,6000000075500231837,Liu Xiang
Q45567243,6000000075483327979,Zhang Mu
Q45567327,6000000075500216867,Liu Fa
Q45567369,6000000075482857189,Zhang You
Q45567389,6000000075499759084,Liu Yue
Q45567433,6000000075483022139,Zhang Ji
Q45567454,6000000075499759089,Liu Run
Q45567498,6000000075482889163,Zhang Wu
Q45567518,6000000075500016983,Liu Jian
Q45567560,6000000075482816246,Zhang Jie
Q45567582,6000000075500044964,Liu Cong
Q45567624,6000000075483476877,Zhang Ren
Q45567646,6000000075500212882,Liu Hu
Q45567689,6000000075483218078,Zhang Li
Q45567711,6000000075499857058,Liu Zhuo
Q45567752,6000000075482026711,Zhang Zheng
Q45567773,6000000075500223869,Liu Qi
Q45567816,6000000075483046126,Zhang Yu
Q45567839,6000000075500269852,Liu Kui
Q45567883,6000000075483109052,Zhang Yu
Q45567906,6000000075500289847,Liu Ji
Q45568032,6000000075500178886,Liu Jing
Q45568095,6000000075500317822,Liu E
Q45568159,6000000075500274833,Liu Fei
Q45568201,6000000075483399928,Zhang Dan
Q45568222,6000000075499498440,Liu Qin
Q45568328,6000000075483514833,Zhang Ling
Q45568350,6000000075499312329,Liu Hao
Q45568391,6000000075482485422,Zhang Ling
Q45568414,6000000075500024970,Liu Tao
Q45568454,6000000075483367989,Zhang Bai
Q45568519,6000000075482194546,Zhang Yong
Q45568540,6000000075500232873,Liu Yuan
Q45568583,6000000075483165068,Zhang Yong
Q45568604,6000000075500229897,Liu Wei
Q45568669,6000000075500043000,Liu Ben
Q45568774,6000000075483509867,Zhang Ji
Q45568798,6000000075499936022,Liu Gan
Q45568861,6000000075500191903,Liu Yuan
Q45568900,6000000075483503849,Zhang Gong
Q45568927,6000000075500321846,Liu Yu
Q45568965,6000000075483479861,Zhang Hong
Q45568991,6000000075500096036,Liu Yu
Q45569028,6000000075483459907,Zhang Hong
Q45569055,6000000075500259870,Liu Wei
Q45569092,6000000075483536844,Zhang Dui
Q45569118,6000000075500332842,Liu Dong
Q45569155,6000000075482073535,Zhang Cai
Q45569219,6000000075483301007,Zhang You
Q45569243,6000000075500228877,Liu Dun
Q45569282,6000000075482962114,Zhang Mi
Q45569305,6000000075500288882,Liu Qie
Q45569345,6000000075483221012,Zhang Jing
Q45569369,6000000075500076026,Liu Jingchun
Q45569409,6000000075483074096,Zhang Geng
Q45569432,6000000075500080947,Liu Ge
Q45569474,6000000075483393012,Zhang Ding
Q45569498,6000000075500048997,Liu Yan
Q45569536,6000000075483018170,Zhang Yi
Q45569561,6000000075499739108,Liu Bin
Q45569600,6000000075483535842,Zhang Yue
Q45569623,6000000075500300865,Liu Hui
Q45569664,6000000075483580822,Zhang Ju
Q45569687,6000000075500178952,Liu Duan
Q45569729,6000000075483074110,Zhang Jie
Q45569751,6000000075500163974,Liu Fu
Q45569790,6000000075483400980,Zhang Jie
Q45569815,6000000075500150972,Liu Yuan
Q45569853,6000000075483509872,Zhang Lin
Q45569877,6000000075499706127,Liu Yuan
Q45569941,6000000075500205895,Liu Rong
Q45569981,6000000075483266030,Zhang Xi
Q45570006,6000000075500234897,Liu Jian
Q45570069,6000000075500217911,Liu Xian
Q45570131,6000000075500038038,Liu Quan
Q45570171,6000000075482625292,Zhang Zhong
Q45570196,6000000075499717171,Liu Gang
Q45570234,6000000075483339052,Zhang Zhong
Q45570319,6000000075500217916,Liu Cheng
Q45570359,6000000075482715400,Zhang Yi
Q45570390,6000000075500281891,Liu Bao
Q45570421,6000000075483446932,Zhang Guo
Q45570451,6000000075500040053,Liu Shi
Q45570484,6000000075482253736,Zhang Gao
Q45570514,6000000075500012997,Liu Zhen
Q45570546,6000000075482920158,Zhang Xin
Q45570578,6000000075500316864,Liu Chi
Q45570609,6000000075483375985,Zhang Ming
Q45570644,6000000075499923073,Liu Qiao
Q45570675,6000000075483486910,Zhang Ming
Q45570706,6000000075500245939,Liu Gai
Q45570740,6000000075483311044,Zhang Fang
Q45570768,6000000075499899119,Liu Gai
Q45570805,6000000075482367500,Zhang Shen
Q45570836,6000000075500359832,Liu Jie
Q45570868,6000000075483338051,Zhang Kan
Q45570898,6000000075500305911,Liu Fan
Q45570927,6000000075483397995,Zhang Kan
Q45571028,6000000075500083019,Liu Feng
Q45571048,6000000075483283145,Zhang Mu
Q45571110,6000000075483121067,Zhang Fu
Q45571154,6000000075500191970,Liu Wei
Q45571174,6000000075483211131,Zhang He
Q45571214,6000000075500212925,Liu Ze
Q45571235,6000000075483564845,Zhang Hong
Q45571251,6000000075500166018,Liu Zun
Q45571266,6000000075483413984,Zhang Dong
Q45571302,6000000075500337868,Liu Wei
Q45571331,6000000075483366999,Zhang Yi
Q45571364,6000000075499465416,Liu Qu
Q45571391,6000000075482625311,Zhang Yi
Q45571427,6000000075500399872,Liu Ji
Q45571456,6000000075483042193,Zhang Du
Q45571520,6000000075482816313,Zhang Du
Q45571555,6000000075500191976,Liu Tong
Q45571577,6000000075482428497,Zhang Xuan
Q45571613,6000000075500087993,Liu Heng
Q45571638,6000000075482510511,Zhang Bing
Q45571701,6000000075483311049,Zhang Bing
Q45571741,6000000075500131004,Liu Xi
Q45571766,6000000075482954193,Zhang Hong
Q45571805,6000000075498850717,Liu Xi
Q45571826,6000000075483415020,Zhang Hou
Q45571887,6000000075483578856,Zhang Rou
Q45571932,6000000075500259916,Liu Tao
Q45572017,6000000075482838191,Zhang Fu
Q45572076,6000000075483510874,Zhang Jue
Q45572121,6000000075500286911,Liu Qian
Q45572185,6000000075500450822,Liu Yi
Q45572205,6000000075482920184,Zhang Chi
Q45572268,6000000075483014144,Zhang Gong
Q45572311,6000000075499717214,Liu Zao
Q45572334,6000000075483186085,Zhang Gong
Q45572375,6000000075500232937,Liu Zhi
Q45572397,6000000075483561841,Zhang Ran
Q45572441,6000000075500347888,Liu Zhuan
Q45572466,6000000075483109105,Zhang Bing
Q45572528,6000000075482992267,Zhang Jie
Q45572566,6000000075500183980,Liu Yun
Q45572591,6000000075483500904,Zhang Si
Q45572628,6000000075500317905,Liu Pang
Q45572693,6000000075500401866,Liu Zan
Q45572736,6000000075500448851,Liu Jing
Q45572800,6000000075500456846,Liu Lan
Q45572847,6000000075483475976,Zhang Mao
Q45572875,6000000075488271039,Jia Yuqing
Q45572917,6000000075500458845,Liu Gui
Q45572963,6000000075483643831,Zhang Yan
Q45573027,6000000075483660836,Zhang Qiu
Q45573041,6000000075500387854,Liu Zao
Q45573087,6000000075483564863,Zhang Yu
Q45573095,6000000075499994033,Liu Zao
Q45573135,6000000075482877131,Zhang Ji
Q45573149,6000000075500192007,Liu Zao
Q45573193,6000000075483570908,Zhang Ji
Q45573213,6000000075499465471,Liu Zhen
Q45573260,6000000075482715475,Zhang Juan
Q45573322,6000000075482949245,Zhang Tang
Q45573341,6000000075500153007,Liu Duo
Q45573386,6000000075482972255,Zhang Yi
Q45573405,6000000075500461848,Liu Yan
Q45573450,6000000075483311087,Zhang Xun
Q45573469,6000000075500461853,Liu Jian
Q45573513,6000000075483324127,Zhang You
Q45573532,6000000075500013051,Liu Zhu
Q45573575,6000000075483153158,Zhang Zhe
Q45573596,6000000075500153012,Liu Erzu
Q45573638,6000000075483670823,Zhang Gui
Q45573659,6000000075500096106,Liu Renjie
Q45573701,6000000075483064164,Zhang Gui
Q45573722,6000000075500422855,Liu Jiugai
Q45573762,6000000075483470147,Zhang Heng
Q45573785,6000000075500347916,Liu Sanjie
Q45573825,6000000075483218142,Zhang Gui
Q45573848,6000000075500478844,Liu Zijie
Q45573887,6000000075483416012,Zhang Di
Q45573911,6000000075500427840,Liu Ziang
Q45573952,6000000075483533869,Zhang Xuan
Q45573975,6000000075498850772,Liu Zijun
Q45574014,6000000075483561909,Zhang Pu
Q45574037,6000000075500252959,Liu Zishi
Q45574079,6000000075482242582,Zhang En
Q45574106,6000000075500036137,Liu Zihuan
Q45574143,6000000075482938296,Zhang Shi
Q45574237,6000000075500298973,Liu Shiyan
Q45574271,6000000075483261106,Zhang Xiu
Q45574300,6000000075499851175,Liu Shizhao
Q45574334,6000000075483280090,Zhang Hong
Q45574363,6000000075500390895,Liu Shiying
Q45574463,6000000075482962164,Zhang Yuan
Q45574527,6000000075483511946,Zhang Shen
Q45574555,6000000075500415864,Liu Damo
Q45574592,6000000075482262811,Zhang Chun
Q45574620,6000000075500262948,Liu Zhishao
Q45574684,6000000075500386923,Liu Zhihan
Q45574722,6000000075482751415,Zhang Kang
Q45574750,6000000075500317939,Liu Fangyi
Q45574785,6000000075483115156,Zhang Yi
Q45574812,6000000075500408862,Liu Wenzheng
Q45574912,6000000075483698835,Zhang Bin
Q45574938,6000000075500368936,Liu Wenbo
Q45574976,6000000075483014185,Zhang Dun
Q45575001,6000000075500232983,Liu Wenbing
Q45575040,6000000075483211180,Zhang Jian
Q45575065,6000000075500386928,Liu Wenyu
Q45575103,6000000075483038247,Zhang Tong
Q45575128,6000000075500451852,Liu Wentong
Q45575167,6000000075483164228,Zhang Wen
Q45575196,6000000075500283935,Liu Wenhui
Q45575233,6000000075483679847,Zhang Li
Q45575260,6000000075500411880,Liu Wenhui
Q45575297,6000000075483311125,Zhang Lun
Q45575326,6000000075500512840,Liu Wenshun
Q45575360,6000000075483725823,Zhang Bin
Q45575388,6000000075500352936,Liu Wenrun
Q45575423,6000000075483329034,Zhang Chong
Q45575452,6000000075500220018,Liu Biangong
Q45575486,6000000075482961224,Zhang Mian
Q45575513,6000000075500335997,Liu Yuanheng
Q45575550,6000000075483670856,Zhang Chen
Q45575614,6000000075482961230,Zhang Xu
Q45575640,6000000075500426867,Liu Yuangang
Q45575679,6000000075483470197,Zhang Xi
Q45575704,6000000075500236039,Liu Tianding
Q45575743,6000000075483538929,Zhang He
Q45575806,6000000075483625102,Zhang Ti
Q45575869,6000000075483721839,Zhang Zao
Q45575896,6000000075500124998,Liu Shaoyi
Q45575929,6000000075483038276,Zhang Wei
Q45575994,6000000075483740822,Zhang Kan
Q45576022,6000000075500267967,Liu Yunwen
Q45576056,6000000075483570969,Zhang Xie
Q45576089,6000000075500244920,Liu Yunzhong
Q45576119,6000000075483381050,Zhang Min
Q45576152,6000000075500237926,Liu Yunsheng
Q45576182,6000000075482262817,Zhang Min
Q45576245,6000000075483698878,Zhang Min
Q45576341,6000000075500049125,Liu Gonggun
Q45576371,6000000075483280121,Zhang Shi
Q45576406,6000000075500038156,Liu Gongyan
Q45576434,6000000075483668852,Zhang Wei
Q45576467,6000000075500164030,Liu Gongyan
Q45576499,6000000075482665452,Zhang Zhan
Q45576531,6000000075500350975,Liu Gongyan
Q45576561,6000000075483550928,Zhang Yu
Q45576595,6000000075500464893,Liu Gongdu
Q45576660,6000000075500205964,Liu Gongfu
Q45576691,6000000075483311226,Zhang Zhao
Q45576723,6000000075500533852,Liu Huayuan
Q45576753,6000000075483663925,Zhang Tun
Q45576818,6000000075483755911,Zhang Tan
Q45576881,6000000075483689916,Zhang Yun
Q45576913,6000000075500423927,Liu Yongyi
Q45576977,6000000075500562846,Liu Yongshi
Q45577007,6000000075482625477,Zhang Deng
Q45577069,6000000075482931403,Zhang Kui
Q45577134,6000000075483808884,Zhang Su
Q45577168,6000000075500550840,Liu Yongqing
Q45577262,6000000075483630984,Zhang Su
Q45577296,6000000075500570854,Liu Zhengzhi
Q45577326,6000000075482425753,Zhang Sheng
Q45577358,6000000075500255047,Liu Guxin
Q45577390,6000000075483777896,Zhang Chao
Q45577453,6000000075483798881,Zhang Chao
Q45577518,6000000075483855904,Zhang Kang
Q45577581,6000000075483915832,Zhang Kai
Q45577645,6000000075483906827,Zhang Qi
Q45577708,6000000075483803853,Zhang Cong
Q45577739,6000000075500529851,Liu Anguo
Q45577771,6000000075483893860,Zhang Cong
Q45577803,6000000075500557841,Liu Shoujun
Q45577835,6000000075483660992,Zhang Yan
Q45577899,6000000075483585987,Zhang Yan
Q45577932,6000000075500283053,Liu Youfang
Q45577962,6000000075483790862,Zhang Wan
Q45577995,6000000075500139057,Liu Guangzu
Q45578023,6000000075483948837,Zhang Long
Q45578059,6000000075500572865,Liu Guangyi
Q45578087,6000000075483934869,Zhang Bi
Q45578124,6000000075500194989,Liu Zigui
Q45578153,6000000075483881901,Zhang Kui
Q45578187,6000000075500349982,Liu Mingshi
Q45578251,6000000075500554879,Liu Zhongxian
Q45578281,6000000075483551077,Zhang Di
Q45578315,6000000075500622822,Liu Zhongzhang
Q45578346,6000000075483938856,Zhang Di
Q45578379,6000000075500586859,Liu Zhongyuan
Q45578409,6000000075483936875,Zhang Xiong
Q45578441,6000000075500287025,Liu Zhongfu
Q45578504,6000000075500351028,Liu Zhonghuai
Q45578569,6000000075499859231,Liu Lianggui
Q45578598,6000000075483886896,Zhang Wei
Q45578633,6000000075500397877,Liu Zhixing
Q45578695,6000000075500618829,Liu Zhiyan
Q45578725,6000000075483755967,Zhang Shen
Q45578759,6000000075500246054,Liu Zhixue
Q45578790,6000000075482962287,Zhang Shun
Q45578824,6000000075500387946,Liu Xiaoquan
Q45578886,6000000075500036179,Liu Xiaozhong
Q45578916,6000000075482510719,Zhang Xuan
Q45578951,6000000075500624827,Liu Xiaowei
Q45578980,6000000075483853872,Zhang Tao
Q45579013,6000000075500374947,Liu Tingwei
Q45579044,6000000075482428714,Zhang Zi
Q45579108,6000000075483536079,Zhang Wen
Q45579172,6000000075483492164,Zhang Bing
Q45579204,6000000075500660828,Liu Yanshou
Q45579235,6000000075483014348,Zhang Yi
Q45579269,6000000075500601826,Liu Xisheng
Q45579299,6000000075483670933,Zhang Lian
Q45579334,6000000075500651838,Liu Bowen
Q45579363,6000000075483823926,Zhang Dao
Q45579426,6000000075483461140,Zhang Jing
Q45579459,6000000075499859258,Liu Boxiong
Q45579491,6000000075483897929,Zhang Huan
Q45579521,6000000075500560863,Liu Bozheng
Q45579646,6000000075500174044,Liu Bangmei
Q45579680,6000000075483280234,Zhang Yu
Q45579710,6000000075500449988,Liu Bangfeng
Q45579745,6000000075483823931,Zhang Qun
Q45579774,6000000075499706273,Liu Zonggu
Q45579807,6000000075483898907,Zhang Ben
Q45579871,6000000075483790888,Zhang Da
Q45579903,6000000075500276017,Liu Zongmeng
Q45579933,6000000075483883932,Zhang Ying
Q45579998,6000000075482345818,Zhang Jin
Q45580030,6000000075500076198,Liu Zongdao
Q45580061,6000000075484017822,Zhang Gou
Q45580097,6000000075499631513,Liu Zongliang
Q45580125,6000000075482715606,Zhang Mao
Q45580160,6000000075500184079,Liu Dingguo
Q45580187,6000000075483935855,Zhang Nan
Q45580223,6000000075500687825,Liu Yisun
Q45580253,6000000075483991836,Zhang Kai
Q45580288,6000000075500399998,Liu Changru
Q45580318,6000000075484022822,Zhang Xun
Q45580384,6000000075484006823,Zhang Xun
Q45580446,6000000075482962321,Zhang Kan
Q45580481,6000000075500451915,Liu Chengxu
Q45580512,6000000075483296156,Zhang Dang
Q45580547,6000000075500594863,Liu Mengjie
Q45580575,6000000075483881949,Zhang Ding
Q45580610,6000000075500400003,Liu Zhiwen
Q45580638,6000000075483834944,Zhang Ding
Q45580702,6000000075484007841,Zhang Xu
Q45580766,6000000075483689985,Zhang Hui
Q45580807,6000000075499356581,Liu Shangzhi
Q45580832,6000000075483716929,Zhang Zhe
Q45580871,6000000075500629837,Liu Zhongzheng
Q45580894,6000000075482367642,Zhang Zhe
Q45580935,6000000075500102140,Liu Mingzhong
Q45580957,6000000075483689990,Zhang Zhe
Q45581000,6000000075500406992,Liu Shuzi
Q45581024,6000000075484043822,Zhang Dun
Q45581127,6000000075500402916,Liu Shuwen
Q45581150,6000000075483476163,Zhang Song
Q45581192,6000000075500385020,Liu Fangrun
Q45581215,6000000075483638936,Zhang Song
Q45581255,6000000075500620891,Liu Zhiji
Q45581278,6000000075483904925,Zhang Song
Q45581342,6000000075483396289,Zhang Jing
Q45581383,6000000075500444000,Liu Zhiguo
Q45581404,6000000075484053824,Zhang Jing
Q45581450,6000000075500265113,Liu Hongdao
Q45581469,6000000075484042843,Zhang Han
Q45581513,6000000075500466930,Liu Yanzhang
Q45581533,6000000075483936946,Zhang Jian
Q45581598,6000000075483890940,Zhang Yan
Q45581642,6000000075500577888,Liu Nanfu
Q45581661,6000000075483591011,Zhang Ning
Q45581710,6000000075500497914,Liu Zhiyi
Q45581726,6000000075483367284,Zhang Shi
Q45581773,6000000075499834215,Liu Siyi
Q45581791,6000000075483883962,Zhang Shi
Q45581844,6000000075500404973,Liu Ruoji
Q45581857,6000000075484064822,Zhang Rong
Q45581906,6000000075500677844,Liu Zhongjin
Q45581970,6000000075500264028,Liu Yuxi
Q45581984,6000000075484033838,Zhang Cheng
Q45582034,6000000075500461977,Liu Baoxing
Q45582049,6000000075482751555,Zhang Yuan
Q45582099,6000000075500551870,Liu Tinglao
Q45582114,6000000075484031871,Zhang Xi
Q45582163,6000000075500620910,Liu Tingshi
Q45582176,6000000075483887943,Zhang Ge
Q45582241,6000000075484011856,Zhang Yao
Q45582290,6000000075500255121,Liu Jinzhi
Q45582305,6000000075483233232,Zhang Shuo
Q45582353,6000000075500678856,Liu Shike
Q45582368,6000000075483621023,Zhang Gou
Q45582419,6000000075500626830,Liu Shiju
Q45582435,6000000075484021864,Zhang Jian
Q45582483,6000000075500606860,Liu Gangzhong
Q45582500,6000000075483074368,Zhang Meng
Q45582555,6000000075500035183,Liu Shiyin
Q45582618,6000000075500423997,Liu Shiyong
Q45582681,6000000075500580900,Liu Shizhi
Q45582690,6000000075483480135,Zhang Zhuan
Q45582743,6000000075500727822,Liu Qingfu
Q45582753,6000000075483972877,Zhang Wei
Q45582809,6000000075500616922,Liu Hunkang
Q45582818,6000000075483543969,Zhang Shou
Q45582872,6000000075500116107,Liu Wangzhi
Q45582880,6000000075483672056,Zhang Cheng
Q45582936,6000000075500653896,Liu Weifu
Q45582944,6000000075483853932,Zhang Chao
Q45583000,6000000075500362037,Liu Weijian
Q45583008,6000000075484074829,Zhang Liang
Q45583064,6000000075500625905,Liu Chongqing
Q45583073,6000000075484009876,Zhang Liang
Q45583129,6000000075500411055,Liu Guoyong
Q45583138,6000000075483385294,Zhang Yi
Q45583258,6000000075500620931,Liu Fengyuan
Q45583265,6000000075484109822,Zhang Zhen
Q45583322,6000000075500694858,Liu Deyu
Q45583328,6000000075484051855,Zhang Shi
Q45583386,6000000075500513937,Liu Congyi
Q45583392,6000000075482751611,Zhang Shi
Q45583450,6000000075500276057,Liu Minqiu
Q45583457,6000000075483911904,Zhang Ao
Q45583514,6000000075500654914,Liu Wanyi
Q45583577,6000000075500205138,Liu Pouran
Q45583584,6000000075484060871,Zhang Jin
Q45583640,6000000075500265146,Liu Zunshi
Q45583648,6000000075483296207,Zhang Jin
Q45583707,6000000075500433022,Liu Dengchen
Q45583773,6000000075500297114,Liu Yaoqing
Q45583838,6000000075500208130,Liu Yangzu
Q45583842,6000000075483904957,Zhang Wei
Q45583902,6000000075500416034,Liu Xiongfei
Q45583907,6000000075483670991,Zhang Jie
Q45583966,6000000075499558592,Liu Jingshan
Q45584031,6000000075500586934,Liu Jingming
Q45584037,6000000075483734040,Zhang Pan
Q45584096,6000000075500701864,Liu Yiqing
Q45584101,6000000075483060336,Zhang Zheng
Q45584162,6000000075500753860,Liu Bozi
Q45584167,6000000075484070834,Zhang Zheng
Q45584229,6000000075483686044,Zhang Zhen
Q45584290,6000000075500250183,Liu Qingyue
Q45584295,6000000075483679040,Zhang Wei
Q45584352,6000000075500212100,Liu Wenrun
Q45584416,6000000075500416039,Liu Daoshi
Q45584422,6000000075483863935,Zhang Rui
Q45584478,6000000075500759845,Liu Ruilong
Q45584548,6000000075483594113,Zhang Lu
Q45584604,6000000075500773830,Liu Dingsun
Q45584609,6000000075483546166,Zhang Xian
Q45584667,6000000075500778822,Liu Siming
Q45584732,6000000075500731848,Liu Silong
Q45584737,6000000075483731008,Zhang E
Q45584794,6000000075500171091,Liu Hanjie
Q45584799,6000000075484125835,Zhang Yin
Q45584860,6000000075500756859,Liu Hanqing
Q45584926,6000000075483911922,Zhang Yu
Q45584927,6000000075500775830,Liu Rongzu
Q45584990,6000000075484128846,Zhang Tuo
Q45584991,6000000075500595906,Liu Duanyou
Q45585052,6000000075484081844,Zhang Zheng
Q45585115,6000000075484048928,Zhang Lin
Q45585117,6000000075499253554,Liu Mengshan
Q45585179,6000000075484155842,Zhang Sui
Q45585245,6000000075500450967,Liu Mengliang
Q45585307,6000000075483446308,Zhang Han
Q45585312,6000000075500171096,Liu Mengsong
Q45585378,6000000075500305105,Liu Mengying
Q45585435,6000000075483988942,Zhang Gui
Q45585504,6000000075500548982,Liu Qingfu
Q45585558,6000000075484145850,Zhang Mu
Q45585569,6000000075500205168,Liu Lvzhong
Q45585634,6000000075500803824,Liu Yifeng
Q45585686,6000000075483731024,Zhang Gang
Q45585698,6000000075500699891,Liu Dezhi
Q45585749,6000000075484032924,Zhang Ji
Q45585761,6000000075500803829,Liu Deze
Q45585815,6000000075484182822,Zhang Ji
Q45585827,6000000075500720869,Liu Xingzu
Q45585877,6000000075484054907,Zhang Ru
Q45585941,6000000075484118852,Zhang Xi
Q45585954,6000000075500313189,Liu Yuqing
Q45586068,6000000075483551171,Zhang Yi
Q45586135,6000000075483820045,Zhang Yi
Q45586199,6000000075483038429,Zhang Yu
Q45586221,6000000075500739922,Liu Yingqi
Q45586261,6000000075484125855,Zhang Pan
Q45586324,6000000075484159832,Zhang Zao
Q45586387,6000000075484179837,Zhang Kuai
Q45586453,6000000075484071883,Zhang Huan
Q45586518,6000000075483275335,Zhang Ji
Q45586581,6000000075483153342,Zhang Jian
Q45586606,6000000075500411108,Liu Yiru
Q45586645,6000000075483966921,Zhang Zong
Q45586709,6000000075484189832,Zhang Ji
Q45586739,6000000075500838831,Long Sheng
Q45586773,6000000075484213822,Zhang Mo
Q45586804,6000000075499582507,Long Ke
Q45586837,6000000075483614194,Zhang Ju
Q45586870,6000000075500677963,Long Zhang
Q45586903,6000000075484141861,Zhang Shu
Q45586932,6000000075500786888,Long Xiang
Q45586967,6000000075484161849,Zhang Shu
Q45586997,6000000075500502055,Long Fu
Q45587030,6000000075484064872,Zhang Jian
Q45587061,6000000075500630955,Long Chong
Q45587092,6000000075484079867,Zhang Jian
Q45587126,6000000075500233174,Long Miao
Q45587155,6000000075483972964,Zhang Jian
Q45587191,6000000075500617008,Long Wenming
Q45587219,6000000075484227822,Zhang Xia
Q45587282,6000000075483511119,Zhang Gao
Q45587317,6000000075500659907,Long Jingzhao
Q45587346,6000000075484060933,Zhang Yi
Q45587382,6000000075500189099,Long Zhenweng
Q45587412,6000000075483532052,Zhang Zhen
Q45587445,6000000075500630960,Zhuge Dian
Q45587547,6000000075484204835,Zhang Qiong
Q45587575,6000000075500047373,Zhuge Zhongwen
Q45587609,6000000075483546182,Zhang Yun
Q45587639,6000000075500573016,Huo Shi
Q45587706,6000000075500802851,Huo Su
Q45587737,6000000075484051895,Zhang Xian
Q45587768,6000000075500839861,Huo Wei
Q45587832,6000000075499562523,Huo Quan
Q45587893,6000000075500171153,Huo Baoan
Q45587957,6000000075500880822,Huo Tangchen
Q45588021,6000000075500264082,Yan Jie
Q45588085,6000000075500819859,Yan Da
Q45588119,6000000075483945001,Zhang Xu
Q45588151,6000000075500353136,Yan Wenji
Q45588217,6000000075500025298,Yan Zhaolin
Q45588248,6000000075483768024,Zhang Xian
Q45588281,6000000075500652977,Yan Mu
Q45588311,6000000075483945023,Zhang Hao
Q45588345,6000000075500844826,Yan An
Q45588375,6000000075483945028,Zhang Hao
Q45588470,6000000075500838857,Yan Zhong
Q45588499,6000000075484160884,Zhang Jiusi
Q45588534,6000000075500416087,Yan Ge
Q45588562,6000000075483722045,Zhang Ziyuan
Q45588596,6000000075500432056,Yan Qing
Q45588626,6000000075483059314,Zhang Zigeng
Q45588657,6000000075500217246,Yan Qi
Q45588686,6000000075483905039,Zhang Ziding
Q45588718,6000000075500025321,Yan Jin
Q45588746,6000000075482962382,Zhang Zihui
Q45588782,6000000075500516999,Yan Ding
Q45588810,6000000075484215846,Zhang Zishou
Q45588846,6000000075500650001,Yan Chen
Q45588871,6000000075483121420,Zhang Zijin
Q45588910,6000000075499756544,Yan Yu
Q45588935,6000000075483755004,Zhang Jizhi
Q45588971,6000000075500725915,Yan Yu
Q45588997,6000000075483797031,Zhang Shiming
Q45589034,6000000075500897822,Yan Shian
Q45589060,6000000075484032979,Zhang Shilian
Q45589165,6000000075500397150,Yan Wenxun
Q45589187,6000000075484268823,Zhang Shixie
Q45589226,6000000075500573034,Yan Wenxian
Q45589251,6000000075484274824,Zhang Shibian
Q45589314,6000000075483951972,Zhang Dayou
Q45589352,6000000075500776926,Yan Yonghe
Q45589377,6000000075484257824,Zhang Datong
Q45589481,6000000075500264108,Yan Ciping
Q45589503,6000000075482961545,Zhang Daheng
Q45589546,6000000075500441097,Yan Cian
Q45589567,6000000075484263832,Zhang Dazhong
Q45589612,6000000075500728939,Yan Anzhong
Q45589630,6000000075484161875,Zhang Dashou
Q45589693,6000000075484159870,Zhang Dayou
Q45589740,6000000075500264113,Yan Zhongqing
Q45589756,6000000075483862992,Zhang Dajing
Q45589805,6000000075500736972,Yan Xiaozhong
Q45589835,6000000075483511165,Zhang Caishu
Q45589866,6000000075500908844,Yan Bomin
Q45589896,6000000075484295827,Zhang Shanweng
Q45589930,6000000075500634031,Yan Wenren
Q45589962,6000000075483544018,Zhang Qianzai
Q45589994,6000000075500305238,Yan Yudao
Q45590024,6000000075484235845,Zhang Zhicai
Q45590057,6000000075500372077,Luo Yangzheng
Q45590089,6000000075483696076,Zhang Zhijian
Q45590154,6000000075483779115,Zhang Wendan
Q45590186,6000000075500909845,Lai Dong
Q45590217,6000000075484244840,Zhang Wengao
Q45590280,6000000075484158908,Zhang Wenbo
Q45590311,6000000075500761910,Lai Shaolie
Q45590345,6000000075483671062,Zhang Wenbiao
Q45590375,6000000075500502135,Lai Suiliang
Q45590408,6000000075484212852,Zhang Wenxiu
Q45590438,6000000075500250293,Ying Zhi
Q45590470,6000000075483826020,Zhang Wenyu
Q45590504,6000000075500898839,Lu Wen
Q45590534,6000000075484307827,Zhang Dounan
Q45590568,6000000075500918847,Lu Yi
Q45590599,6000000075483597220,Zhang Dounan
Q45590632,6000000075500792947,Lu Yan
Q45590661,6000000075484324822,Zhang Yuanlao
Q45590693,6000000075500724902,Lu Yan
Q45590723,6000000075484245837,Zhang Yuandu
Q45590757,6000000075500790897,Lu Zheng
Q45590819,6000000075500417156,Lu Zhi
Q45590885,6000000075500623014,Lu Yue
Q45590916,6000000075483544035,Zhang Yuanchang
Q45590947,6000000075500939844,Lu Dong
Q45590978,6000000075483339369,Zhang Yuanzhan
Q45591009,6000000075500206179,Lu Bing
Q45591041,6000000075484051928,Zhang Yuanjian
Q45591074,6000000075500889850,Lu Xian
Q45591106,6000000075483988991,Zhang Tianji
Q45591136,6000000075500025327,Lu Jue
Q45591169,6000000075483953003,Zhang Youren
Q45591199,6000000075500843925,Lu Ying
Q45591266,6000000075500264137,Lu Hang
Q45591329,6000000075500506029,Lu Zhang
Q45591394,6000000075500505086,Lu Ne
Q45591523,6000000075500397208,Lu Yong
Q45591551,6000000075484193870,Zhang Jisun
Q45591617,6000000075483489299,Zhang Gongxiu
Q45591652,6000000075500885862,Lu Ce
Q45591680,6000000075484144857,Zhang Gongshang
Q45591715,6000000075500799918,Lu Chu
Q45591780,6000000075500740006,Lu Gan
Q45591809,6000000075484223906,Zhang Gongjin
Q45591843,6000000075499982251,Lu Yue
Q45591875,6000000075484355835,Zhang Yunzhong
Q45591938,6000000075483967957,Zhang Yunzhao
Q45591973,6000000075500385217,Lu Zhen
Q45592001,6000000075483547145,Zhang Renhui
Q45592064,6000000075483888080,Zhang Renchao
Q45592101,6000000075500769915,Lu Rong
Q45592128,6000000075484095949,Zhang Renyu
Q45592166,6000000075500368173,Lu Xian
Q45592190,6000000075484130925,Zhang Huaji
Q45592228,6000000075500276227,Lu Zi
Q45592292,6000000075500417163,Lu Xiang
Q45592356,6000000075500911882,Lu Dian
Q45592382,6000000075484159895,Zhang Yongnian
Q45592419,6000000075500909895,Lu Dao
Q45592444,6000000075483953022,Zhang Yongnian
Q45592481,6000000075500714001,Lu Jian
Q45592544,6000000075500704041,Lu Shihong
Q45592607,6000000075500913840,Lu Fangchun
Q45592636,6000000075484190901,Zhang Lizhi
Q45592672,6000000075500448107,Lu Wenzheng
Q45592734,6000000075500517021,Lu Yuanliang
Q45592761,6000000075484081928,Zhang Zhengji
Q45592797,6000000075500880871,Lu Shiyan
Q45592826,6000000075483014487,Zhang Zhengzhong
Q45592860,6000000075500870864,Lu Yizhong
Q45592888,6000000075484244886,Zhang Kexiang
Q45592951,6000000075484045975,Zhang Juyuan
Q45592989,6000000075500829891,Lu Chenzhong
Q45593015,6000000075484199884,Zhang Juji
Q45593055,6000000075500351280,Lu Guangqian
Q45593078,6000000075484049971,Zhang Benzhong
Q45593119,6000000075500974847,Lu Tongfu
Q45593183,6000000075500459112,Lu Zhixian
Q45593266,6000000075483455203,Zhang Shichang
Q45593310,6000000075500206201,Lu Zhuangfu
Q45593330,6000000075483672206,Zhang Shichang
Q45593392,6000000075484318835,Zhang Shichang
Q45593433,6000000075500596034,Lu Yanda
Q45593456,6000000075484098947,Zhang Shiju
Q45593497,6000000075500975846,Lu Nanjin
Q45593518,6000000075484374826,Zhang Yongcheng
Q45593558,6000000075500907890,Lu Nanjin
Q45593875,6000000075500871881,Lu Xiangxian
Q45593939,6000000075500397248,Lu Fulin
Q45593960,6000000075484211876,Zhang Cili
Q45594002,6000000075500908923,Lu Daoning
Q45594026,6000000075484171900,Zhang Cixian
Q45594152,6000000075484076941,Zhang Ruming
Q45594193,6000000075500777022,Zhan Dechun
Q45594213,6000000075484338855,Zhang Rubi
Q45594261,6000000075500904890,Xiao Jie
Q45594278,6000000075484015971,Zhang Rulin
Q45594325,6000000075500047460,Xiao Zuo
Q45594341,6000000075483401292,Zhang Ansheng
Q45594390,6000000075500372137,Xiao Hong
Q45594406,6000000075484378871,Zhang Anguo
Q45594453,6000000075500989850,Xiao Zhuo
Q45594469,6000000075484416827,Zhang Anya
Q45594515,6000000075500387212,Xiao Chang
Q45594532,6000000075483590210,Zhang Shouzhong
Q45594578,6000000075500856954,Xiao Qi
Q45594641,6000000075500420180,Xiao Fu
Q45594704,6000000075501004857,Xiao Zi
Q45594722,6000000075484270883,Zhang Shouzhen
Q45594832,6000000075500997869,Xiao Xie
Q45594852,6000000075483935121,Zhang Yufa
Q45594894,6000000075500459141,Xiao Xun
Q45594919,6000000075483153439,Zhang Zhilong
Q45594957,6000000075500613074,Xiao Yi
Q45594981,6000000075484380843,Zhang Yuxiu
Q45595086,6000000075500871914,Xiao Shiyuan
Q45595110,6000000075483014503,Zhang Tongzhi
Q45595151,6000000075501016853,Xiao Yuanzhi
Q45595174,6000000075483945127,Zhang Tongwen
Q45595216,6000000075500730948,Xiao Taixu
Q45595239,6000000075483339435,Zhang Tongzhi
Q45595283,6000000075500040434,Xiao Jiefu
Q45595302,6000000075484051972,Zhang Ziming
Q45595347,6000000075500797994,Xiao Gongxiang
Q45595367,6000000075483755105,Zhang Ziming
Q45595410,6000000075500185302,Xiao Renjie
Q45595430,6000000075484356894,Zhang Quancao
Q45595494,6000000075483882137,Zhang Xianzhi
Q45595539,6000000075501004879,Xiao Lingxiu
Q45595556,6000000075484378884,Zhang Zhongyin
Q45595620,6000000075484395845,Zhang Zhongxian
Q45595664,6000000075501039849,Xiao Tingzhi
Q45595683,6000000075484059011,Zhang Zhongxuan
Q45595726,6000000075501033833,Xiao Mingzhe
Q45595747,6000000075483324665,Zhang Zhongrong
Q45595792,6000000075500954874,Xiao Zhijie
Q45595811,6000000075484039012,Zhang Zhonglong
Q45595854,6000000075500644110,Xiao Jiangong
Q45595872,6000000075484449848,Zhang Zhongqing
Q45595918,6000000075500954879,Xiao Guilin
Q45595934,6000000075483640173,Zhang Zhonggang
Q45595996,6000000075483912047,Zhang Zhongjie
Q45596043,6000000075500989877,Xiao Jingxiu
Q45596060,6000000075484318919,Zhang Xingcheng
Q45596104,6000000075500558086,Xiao Shunzi
Q45596121,6000000075483339464,Zhang Xingpo
Q45596165,6000000075501059860,Xiao Leilong
Q45596185,6000000075484140987,Zhang Xingjian
Q45596228,6000000075501048863,Xiao Jingfu
Q45596247,6000000075483935145,Zhang Ruyu
Q45596310,6000000075484386886,Zhang Rulun
Q45596353,6000000075500153373,Xiao Yingxin
Q45596374,6000000075483826124,Zhang Liangyi
Q45596418,6000000075500702072,Xiao Taofu
Q45596435,6000000075484463828,Zhang Songqing
Q45596498,6000000075484140994,Zhang Chuping
Q45596543,6000000075500391302,Wei Song
Q45596606,6000000075501068844,Wei Sheng
Q45596619,6000000075483799196,Zhang Zhixing
Q45596668,6000000075500947932,Wei Bing
Q45596682,6000000075484050038,Zhang Zhidao
Q45596746,6000000075483565251,Zhang Kegang
Q45596796,6000000075501081858,Wei Zhi
Q45596811,6000000075484016034,Zhang Kemin
Q45596860,6000000075501048880,Wei Shu
Q45596873,6000000075484169088,Zhang Kejian
Q45596921,6000000075500946973,Wei Pu
Q45596935,6000000075484017032,Zhang Xiaoyou
Q45596983,6000000075500305363,Wei Zhongda
Q45596998,6000000075483385523,Zhang Xiaozhi
Q45597044,6000000075500708015,Wei Guangyuan
Q45597060,6000000075483935162,Zhang Xiaozhong
Q45597123,6000000075483733178,Zhang Xiaowei
Q45597172,6000000075500551193,Wei Xidao
Q45597184,6000000075483494231,Zhang Xiaosi
Q45597301,6000000075500796990,Wei Jingshan
Q45597313,6000000075484336891,Zhang Chengzhao
Q45597364,6000000075501065861,Mu Xun
Q45597426,6000000075500826979,Mu Hui
Q45597489,6000000075500770982,Mu Bin
Q45597551,6000000075501106879,Mu Shenzhi
Q45597609,6000000075500713072,Mu Yanzu
Q45597625,6000000075484437841,Zhang Yanzhi
Q45597673,6000000075500796997,Mu Binzu
Q45597734,6000000075500354204,Bao Xun
Q45597750,6000000075483980068,Zhang Xiyuan
Q45597796,6000000075500558152,Bao Di
Q45597815,6000000075483980073,Zhang Xifu
Q45597860,6000000075500937944,Bao Zhuo
Q45597877,6000000075483844081,Zhang Xifang
Q45597922,6000000075500874960,Bao Yi
Q45597939,6000000075484211942,Zhang Xiliang
Q45597985,6000000075500174301,Bao Yi
Q45598002,6000000075484160005,Zhang Xiyan
Q45598067,6000000075483844086,Zhang Bozi
Q45598172,6000000075500798088,Bao Shulian
Q45598234,6000000075500606165,Bao Ruoyu
Q45598259,6000000075484447883,Zhang Botong
Q45598295,6000000075501072870,Bao Qinian
Q45598321,6000000075483844091,Zhang Bochang
Q45598357,6000000075500702125,Bao Weishi
Q45598382,6000000075484195971,Zhang Bolin
Q45598419,6000000075500620217,Bao Weiji
Q45598508,6000000075483686388,Zhang Bangyuan
Q45598543,6000000075500174338,Qian Shen
Q45598568,6000000075484160010,Zhang Bangxian
Q45598605,6000000075500821028,Qian Ji
Q45598631,6000000075484446871,Zhang Yanmin
Q45598731,6000000075501169858,Qian Qi
Q45598794,6000000075500385368,Qian Shao
Q45598823,6000000075484188928,Zhang Zongyong
Q45598857,6000000075501051917,Qian Ang
Q45598920,6000000075500217395,Qian Hou
Q45598950,6000000075484084988,Zhang Zonggu
Q45598980,6000000075500352277,Qian Kuo
Q45599015,6000000075484463871,Zhang Zongdan
Q45599043,6000000075500757093,Qian Yue
Q45599078,6000000075484447889,Zhang Zongchen
Q45599142,6000000075483863149,Zhang Zongchen
Q45599170,6000000075500491292,Qian Gun
Q45599205,6000000075484399931,Zhang Zongyan
Q45599270,6000000075484526822,Zhang Zongyi
Q45599295,6000000075501122915,Qian Shen
Q45599332,6000000075484237983,Zhang Zongmin
Q45599358,6000000075501176858,Qian Mian
Q45599396,6000000075484493852,Zhang Zongdao
Q45599421,6000000075500499188,Qian Bi
Q45599458,6000000075483861116,Zhang Zongyan
Q45599484,6000000075499465746,Qian Kui
Q45599544,6000000075484389961,Zhang Zongshuo
Q45599593,6000000075500385374,Qian Huan
Q45599608,6000000075483799214,Zhang Zongxian
Q45599655,6000000075500620243,Qian Ren
Q45599671,6000000075483888226,Zhang Zongyan
Q45599717,6000000075500354253,Qian Yue
Q45599733,6000000075484245984,Zhang Chengyan
Q45599795,6000000075484109081,Zhang Chengque
Q45599843,6000000075501225836,Qian Gai
Q45599860,6000000075484270948,Zhang Zhongxiao
Q45599905,6000000075500704207,Qian Shi
Q45599985,6000000075483378352,Zhang Gaozhi
Q45600029,6000000075500728135,Qian Mo
Q45600109,6000000075484323924,Zhang Shuyin
Q45600216,6000000075501009938,Qian Yu
Q45600278,6000000075500457289,Qian Mou
Q45600295,6000000075483912073,Zhang Zhizhi
Q45600341,6000000075500844116,Qian Dayou
Q45600357,6000000075484085002,Zhang Zhizhang
Q45600403,6000000075500965963,Qian Dachun
Q45600419,6000000075484454869,Zhang Zhichang
Q45600464,6000000075500954947,Qian Muzhi
Q45600480,6000000075483753129,Zhang Zhisun
Q45600526,6000000075501249822,Qian Tiangang
Q45600542,6000000075484162060,Zhang Yanming
Q45600587,6000000075501127895,Qian Yunwen
Q45600604,6000000075483697182,Zhang Yanqing
Q45600652,6000000075501050984,Qian Gongji
Q45600670,6000000075483894169,Zhang Yankuo
Q45600719,6000000075501224848,Qian Gongzhen
Q45600734,6000000075484190983,Zhang Xuanli
Q45600784,6000000075501168901,Qian Renlao
Q45600801,6000000075484052078,Zhang Feiyi
Q45600847,6000000075501160902,Qian Anguo
Q45600864,6000000075483696273,Zhang Nanzhong
Q45600910,6000000075500305421,Qian Guangfu
Q45600928,6000000075483547252,Zhang Jianzhong
Q45600974,6000000075501170850,Qian Zhongding
Q45600992,6000000075484508852,Zhang Jianhou
Q45601038,6000000075501147909,Qian Zhoucai
Q45601056,6000000075484535840,Zhang Jianfeng
Q45601167,6000000075500208442,Qian Shihui
Q45601184,6000000075483948111,Zhang Sizheng
Q45601229,6000000075500653140,Qian Shimeng
Q45601289,6000000075501250833,Qian Yuanlong
Q45601308,6000000075484017072,Zhang Siyi
Q45601372,6000000075484485878,Zhang Sidao
Q45601417,6000000075500558199,Qian Xianglong
Q45601435,6000000075484476862,Zhang Zhaowen
Q45601479,6000000075500526320,Qian Duanhui
Q45601498,6000000075484414900,Zhang Zhaoji
Q45601541,6000000075500217431,Qian Duancong
Q45601603,6000000075501232857,Qian Wenshi
Q45601624,6000000075483731188,Zhang Zhaoshi
Q45601687,6000000075484254982,Zhang Ruoshui
Q45601731,6000000075500620259,Pu Dounan
Q45601752,6000000075484225994,Zhang Maozong
Q45601794,6000000075501136944,Xie Yuanfu
Q45601813,6000000075483863161,Zhang Chuixiang
Q45601856,6000000075501224859,Ying Nan
Q45601876,6000000075483506417,Zhang Zhongde
Q45601920,6000000075501136951,Ying Zhu
Q45601939,6000000075484575822,Zhang Yugui
Q45602002,6000000075484335056,Zhang Yucheng
Q45602044,6000000075501304823,Ying Shu
Q45602064,6000000075484345921,Zhang Baohe
Q45602171,6000000075500757117,Ying Kuo
Q45602188,6000000075483653237,Zhang Tangying
Q45602236,6000000075501297846,Ying Yong
Q45602252,6000000075484521836,Zhang Xunli
Q45602361,6000000075501166870,Ying Wenwei
Q45602378,6000000075484458909,Zhang Lieliang
Q45602427,6000000075500781140,Ying Benren
Q45602441,6000000075484533857,Zhang Qiyan
Q45602489,6000000075501294837,Ying Yizhi
Q45602502,6000000075484475870,Zhang Zhengu
Q45602615,6000000075501309823,Ying Xiangsun
Q45602628,6000000075484378990,Zhang Shizhong
Q45602678,6000000075501242874,Ying Ruisun
Q45602742,6000000075501051014,Ying Jieyan
Q45602755,6000000075484578847,Zhang Shizheng
Q45602807,6000000075501241844,Ying Xizhi
Q45602820,6000000075484126142,Zhang Shimin
Q45602868,6000000075500798198,Ying Yisun
Q45602884,6000000075483844186,Zhang Shiliang
Q45602933,6000000075501312826,Ying Mizheng
Q45602998,6000000075500827084,Ying Maoshang
Q45603017,6000000075484535901,Zhang Shikui
Q45603063,6000000075501198911,Jian Ang
Q45603129,6000000075500125328,Jian Zhonggong
Q45603194,6000000075500448347,Jian Ruming
Q45603261,6000000075501035010,Jian Caiwang
Q45603279,6000000075484160090,Zhang Chonggu
Q45603324,6000000075500491350,Xie Shi
Q45603390,6000000075501181911,Xie Qi
Q45603454,6000000075500351473,Xie Sheng
Q45603472,6000000075484479930,Zhang Weixiao
Q45603519,6000000075500808164,Xie Ming
Q45603538,6000000075484607826,Zhang Weiqing
Q45603583,6000000075501306857,Xie Mu
Q45603599,6000000075484226026,Zhang Weide
Q45603648,6000000075501158886,Xie Hong
Q45603666,6000000075484418947,Zhang Weide
Q45603714,6000000075500531265,Xie Yan
Q45603731,6000000075483799259,Zhang Weie
Q45603778,6000000075501232890,Xie Ying
Q45603795,6000000075484308004,Zhang Zhizhong
Q45603841,6000000075500803165,Xie Jin
Q45603858,6000000075484188984,Zhang Chongliang
Q45603907,6000000075501127943,Xie Yun
Q45603923,6000000075484061157,Zhang Chongjun
Q45603972,6000000075501150954,Xie Fu
Q45603986,6000000075484400966,Zhang Chonggu
Q45604035,6000000075500618143,Xie Chun
Q45604100,6000000075500948989,Xie Shi
Q45604114,6000000075484551882,Zhang Dechen
Q45604164,6000000075501297881,Xie Kui
Q45604178,6000000075484378999,Zhang Congyi
Q45604241,6000000075484181046,Zhang Congzhi
Q45604291,6000000075500875066,Xie Gao
Q45604305,6000000075484608841,Zhang Congyi
Q45604355,6000000075501350825,Xie Da
Q45604368,6000000075483690267,Zhang Congge
Q45604420,6000000075501232901,Xie Rong
Q45604433,6000000075484384047,Zhang Sizong
Q45604482,6000000075501309834,Xie Shou
Q45604495,6000000075484591855,Zhang Congzu
Q45604546,6000000075501339828,Xie Xu
Q45604608,6000000075501222867,Xie Hong
Q45604625,6000000075484645822,Zhang Minshu
Q45604671,6000000075500709273,Xie Mao
Q45604731,6000000075501294860,Xie Chou
Q45604796,6000000075501221874,Xie Yi
Q45604818,6000000075484384055,Zhang Buzhi
Q45604860,6000000075501086987,Xie Yu
Q45604924,6000000075500770191,Xie Xu
Q45604946,6000000075484418966,Zhang Yunqing
Q45604988,6000000075500451290,Xie Xi
Q45605010,6000000075483882275,Zhang Yaozuo
Q45605052,6000000075501229908,Xie Yan
Q45605075,6000000075484200069,Zhang Hongzhong
Q45605179,6000000075500960027,Xie Ziqiang
Q45605201,6000000075484243091,Zhang Chaozong
Q45605242,6000000075501049973,Xie Dachang
Q45605264,6000000075484534916,Zhang Xiongfei
Q45605307,6000000075501206930,Xie Tianmin
Q45605330,6000000075484302046,Zhang Xubai
Q45605369,6000000075501376834,Xie Tianshen
Q45605393,6000000075484632831,Zhang Guihe
Q45605434,6000000075501017056,Xie Shengsun
Q45605456,6000000075484603848,Zhang Jingren
Q45605496,6000000075501139998,Xie Shengxian
Q45605519,6000000075484595895,Zhang Jingchun
Q45605559,6000000075501368837,Xie Shixiu
Q45605584,6000000075484217031,Zhang Jingyun
Q45605622,6000000075501295848,Xie Yongbin
Q45605647,6000000075483653307,Zhang Jingwen
Q45605712,6000000075484438996,Zhang Jingduan
Q45605750,6000000075501347849,Xie Shouhao
Q45605775,6000000075484399039,Zhang Shunyuan
Q45605813,6000000075501390822,Xie Songchen
Q45605838,6000000075484525952,Zhang Shunmin
Q45605877,6000000075501359848,Xie Lianghan
Q45605940,6000000075501222894,Xie Kegong
Q45605965,6000000075484623866,Zhang Shunchen
Q45606028,6000000075484591880,Zhang Shunchuan
Q45606066,6000000075501349841,Xie Xiqi
Q45606091,6000000075484279041,Zhang Wuhuo
Q45606129,6000000075501140016,Xie Ximeng
Q45606155,6000000075484652826,Zhang Zhichang
Q45606195,6000000075500984106,Xie Ximeng
Q45606220,6000000075484486893,Zhang Shunzhi
Q45606258,6000000075501295865,Xie Bogong
Q45606321,6000000075501246894,Xie Bangyan
Q45606345,6000000075484513883,Zhang Qinruo
Q45606411,6000000075484509899,Zhang Yilun
Q45606448,6000000075501276903,Xie Zongmeng
Q45606474,6000000075484229034,Zhang Daoqia
Q45606512,6000000075501411842,Xie Changyan
Q45606538,6000000075483624404,Zhang Daoqing
Q45606575,6000000075501415822,Xie Yuefu
Q45606638,6000000075500243538,Xie Bingzong
Q45606663,6000000075484052165,Zhang Shenxiu
Q45606701,6000000075501307881,Xie Zhiping
Q45606765,6000000075500744292,Xie Chuhou
Q45606792,6000000075483489534,Zhang Daming
Q45606829,6000000075500744297,Xie Guoguang
Q45606856,6000000075484396001,Zhang Daguan
Q45606892,6000000075501246926,Xie Yunxing
Q45606919,6000000075484616843,Zhang Sigu
Q45606956,6000000075500955014,Xie Yaoren
Q45606980,6000000075484069263,Zhang Siji
Q45607019,6000000075500517264,Xie Jingmi
Q45607081,6000000075500976104,Xie Shunbin
Q45607111,6000000075484677840,Zhang Wancheng
Q45607146,6000000075501322902,Xie Mengsheng
Q45607176,6000000075484216110,Zhang Huizong
Q45607210,6000000075501376875,Xie Huiqing
Q45607239,6000000075484597853,Zhang Yagui
Q45607341,6000000075501333865,Xie Deyu
Q45607368,6000000075483544233,Zhang Hanying
Q45607405,6000000075501169031,Xie Yisu
Q45607431,6000000075484261060,Zhang Qigu
Q45607468,6000000075501154980,Xie Huiming
Q45607496,6000000075484505890,Zhang Duanfu
Q45607531,6000000075501429846,Xie Xiechang
Q45607558,6000000075484692829,Zhang Duanbi
Q45607594,6000000075500420370,Xie Guanguo
Q45607655,6000000075501213942,Ju Gao
Q45607681,6000000075484282043,Zhang Duanheng
Q45607717,6000000075501235004,Ju Zheng
Q45607778,6000000075501228927,Ju Yan
Q45607810,6000000075484714822,Zhang Cuifeng
Q45607842,6000000075501358865,Ju Chengzhi
Q45607873,6000000075484474967,Zhang Jiayou
Q45607906,6000000075501457822,Ju Huashu
Q45607935,6000000075484362040,Zhang Jiabin
Q45607967,6000000075500760175,Ju Sifu
Q45607998,6000000075484252116,Zhang Yuanyou
Q45608155,6000000075501359874,Han Bing
Q45608184,6000000075484169226,Zhang Weishi
Q45608215,6000000075501468822,Han Yu
Q45608245,6000000075484729822,Zhang Weiwo
Q45608309,6000000075483473530,Zhang Chengsun
Q45608343,6000000075500976115,Han Gu
Q45608370,6000000075484447983,Zhang Runzhi
Q45608410,6000000075501231953,Han Jia
Q45608436,6000000075484542944,Zhang Qingzhi
Q45608472,6000000075501249888,Han He
Q45608499,6000000075483624442,Zhang Qingsui
Q45608539,6000000075500362436,Han Zai
Q45608565,6000000075484566929,Zhang Yingzhong
Q45608603,6000000075501374896,Han Wo
Q45608632,6000000075484454957,Zhang Tingzhen
Q45608736,6000000075501230930,Han Qiu
Q45608801,6000000075500430301,Han Chu
Q45608833,6000000075484737822,Zhang Lvweng
Q45608870,6000000075501230935,Han Qing
Q45609004,6000000075501391865,Han Chang
Q45609033,6000000075484438052,Zhang Jiefu
Q45609070,6000000075500717243,Han Ming
Q45609100,6000000075483511506,Zhang Dezhi
Q45609136,6000000075501448853,Han Ji
Q45609164,6000000075484543940,Zhang Xianchun
Q45609201,6000000075501422878,Han Kuo
Q45609231,6000000075484689861,Zhang Decong
Q45609268,6000000075500995113,Han Chi
Q45609297,6000000075484510969,Zhang Dewen
Q45609360,6000000075484387980,Zhang Deyun
Q45609392,6000000075501418893,Han You
Q45609421,6000000075484306091,Zhang Derong
Q45609454,6000000075501333901,Han Tui
Q45609486,6000000075483546454,Zhang Dexi
Q45609551,6000000075484396050,Zhang Deyuan
Q45609584,6000000075500953104,Han Xiang
Q45609616,6000000075484727851,Zhang Derun
Q45609649,6000000075501249924,Han Junzhou
Q45609678,6000000075484325040,Zhang Deyu
Q45609711,6000000075501382919,Han Pu
Q45609743,6000000075484761822,Zhang Xianwu
Q45609776,6000000075501437851,Han Sui
Q45609807,6000000075484232131,Zhang Yimu
Q45609840,6000000075501284973,Han Jun
Q45609871,6000000075484668857,Zhang Zeren
Q45609935,6000000075484471020,Zhang Zexing
Q45609969,6000000075500890183,Han Jian
Q45610000,6000000075483546470,Zhang Zeyan
Q45610033,6000000075501356907,Han Zhang
Q45610062,6000000075484689874,Zhang Hengsun
Q45610067,6000000075500351586,Han Biao
Q45610123,6000000075484252148,Zhang Xingzong
Q45610132,6000000075501429884,Han Ye
Q45610187,6000000075484109224,Zhang Xingzu
Q45610196,6000000075501222963,Han Li
Q45610251,6000000075484454966,Zhang Xianlong
Q45610260,6000000075500890188,Han Lin
Q45610314,6000000075484658864,Zhang Xinglong
Q45610324,6000000075500729234,Han Liu
Q45610388,6000000075501366918,Han Xi
Q45610441,6000000075484261097,Zhang Xuegu
Q45610450,6000000075501337931,Han Ji
Q45610502,6000000075484761828,Zhang Jizhi
Q45610512,6000000075501489833,Han Jin
Q45610567,6000000075484548968,Zhang Yingyuan
Q45610638,6000000075501512833,Han Kuang
Q45610693,6000000075484321102,Zhang Yingchen
Q45610702,6000000075501294911,Han Miao
Q45610757,6000000075484649835,Zhang Yingke
Q45610765,6000000075500949083,Han Yan
Q45610817,6000000075484306097,Zhang Yingfu
Q45610825,6000000075501288993,Han Dalun
Q45610880,6000000075483753236,Zhang Yingyun
Q45610951,6000000075501390915,Han Yuanli
Q45611014,6000000075500206442,Han Gongyi
Q45611066,6000000075484541951,Zhang Zongzhi
Q45611191,6000000075484666906,Zhang Huaize
Q45611200,6000000075501506849,Han Yongzhang
Q45611255,6000000075484438087,Zhang Xianmin
Q45611317,6000000075483894255,Zhang Xianzhong
Q45611325,6000000075501360973,Han Shouyun
Q45611379,6000000075484546914,Zhang Jiaomin
Q45611388,6000000075501551843,Han Shouying
Q45611503,6000000075484052209,Zhang Jimei
Q45611564,6000000075483059627,Zhang Jichang
Q45611628,6000000075484674881,Zhang Jilong
Q45611692,6000000075483536443,Zhang Jining
Q45611706,6000000075501501860,Han Bangguang
Q45611754,6000000075484077155,Zhang Xianfu
Q45611767,6000000075501212005,Han Zongzhe
Q45611818,6000000075484261106,Chen Li
Q45611880,6000000075483894265,Chen Si
Q45611895,6000000075501497859,Han Siyong
Q45611944,6000000075484569995,Chen Shan
Q45611959,6000000075501453870,Han Ruozhuo
Q45612007,6000000075484637909,Chen Kang
Q45612070,6000000075484658884,Chen Fang
Q45612132,6000000075484578924,Chen Mu
Q45612151,6000000075501103199,Han Qiuyan
Q45612195,6000000075484644854,Chen Yin
Q45612214,6000000075050057858,Han Jingrong
Q45612258,6000000075484543988,Chen Zhong
Q45612276,6000000075501063140,Han Zhizhou
Q45612319,6000000075484591949,Chen Jie
Q45612338,6000000075501369916,Han Yuanju
Q45612382,6000000075483935337,Chen Ji
Q45612401,6000000075501567840,Han Jiayan
Q45612444,6000000075484034139,Chen Gu
Q45612510,6000000075484454985,Chen Zuo
Q45612573,6000000075484255093,Chen Dan
Q45612636,6000000075484766827,Chen Dan
Q45612654,6000000075501169150,Han Guanguo
Q45612717,6000000075501481932,Xue Zhao
Q45612761,6000000075484596961,Chen Cun
Q45612779,6000000075501184001,Xue Shi
Q45612825,6000000075484829822,Chen Shi
Q45612841,6000000075501000183,Xue Zhi
Q45612888,6000000075484771860,Chen Pu
Q45612905,6000000075499899657,Xue Qiu
Q45612951,6000000075484644859,Chen Nian
Q45612968,6000000075501534881,Xue Yong
Q45613029,6000000075501295991,Xue Jing
Q45613076,6000000075484603952,Chen Xu
Q45613093,6000000075501592841,Xue Jiu
Q45613137,6000000075484765852,Chen Xu
Q45613154,6000000075501394935,Xue Mei
Q45613200,6000000075484785858,Chen Hao
Q45613216,6000000075501474851,Xue Zhao
Q45613264,6000000075484141184,Chen Shu
Q45613280,6000000075501525880,Xue Qiu
Q45613327,6000000075484034144,Chen Yi
Q45613343,6000000075500894261,Xue Gao
Q45613390,6000000075484757870,Chen Yi
Q45613406,6000000075500189472,Xue Mi
Q45613454,6000000075484216181,Chen Wo
Q45613468,6000000075501564860,Xue Fu
Q45613579,6000000075484848823,Chen Xu
Q45613596,6000000075501212041,Xue Qi
Q45613642,6000000075484765863,Chen Hong
Q45613658,6000000075501489905,Xue Yi
Q45613707,6000000075484515005,Chen Liang
Q45613723,6000000075501512910,Xue Zhi
Q45613769,6000000075483483496,Chen Fu
Q45613784,6000000075501502852,Xue Jing
Q45613833,6000000075484396148,Chen Cai
Q45613848,6000000075501545854,Xue Gai
Q45613911,6000000075501590872,Xue Huai
Q45613959,6000000075484325075,Chen Qi
Q45613975,6000000075501339035,Xue Meng
Q45614022,6000000075484376122,Chen Keng
Q45614037,6000000075501327034,Xue Lun
Q45614085,6000000075484869822,Chen Fu
Q45614100,6000000075501460986,Xue Cheng
Q45614132,6000000075483753289,Chen Zuo
Q45614157,6000000075501542855,Xue Qing
Q45614218,6000000074752910000,Zhao Yufu
Q45614258,6000000075484402070,Chen Mi
Q45614281,6000000074752744084,Zhao Yujie
Q45614319,6000000075483863278,Chen Jing
Q45614347,6000000075500997274,Xue Meng
Q45614410,6000000075501614852,Xue Zichang
Q45614536,6000000075501574843,Xue Zhongfu
Q45614572,6000000075484784862,Chen Ya
Q45614598,6000000075501334984,Xue Zhongjian
Q45614634,6000000075484830878,Chen Jie
Q45614698,6000000075484707963,Chen Qi
Q45614723,6000000075501076144,Xue Changbi
Q45614761,6000000075484262133,Chen Xie
Q45614787,6000000075501087185,Xue Changyi
Q45614824,6000000075484822858,Chen Tan
Q45614849,6000000075500206479,Xue Shuquan
Q45614888,6000000075484703907,Chen Hu
Q45614914,6000000075501523903,Xue Jizhao
Q45614953,6000000075484229126,Chen Shi
Q45614977,6000000075501650822,Xue Yanhui
Q45615040,6000000075500558321,Xue Yanbo
Q45615077,6000000075484319149,Chen Yi
Q45615105,6000000075501354025,Xue Shishao
Q45615140,6000000075484742908,Chen Yi
Q45615167,6000000075501051178,Xue Chongyu
Q45615266,6000000075484811854,Chen Fang
Q45615293,6000000075501534907,Xue Shunyu
Q45615328,6000000075484707972,Chen Fu
Q45615393,6000000075484370173,Chen She
Q45615420,6000000075501552903,Xue Menggui
Q45615455,6000000075484319160,Chen Fang
Q45615481,6000000075501521894,Xue Kuixiang
Q45615517,6000000075484905823,Chen Shen
Q45615541,6000000075501664822,Xue Yilao
Q45615579,6000000075484279130,Chen Gong
Q45615603,6000000075501465972,Zhong Zhai
Q45615643,6000000075484771926,Chen Zhu
Q45615666,6000000075501628824,Zhong Bu
Q45615706,6000000075484595969,Chen Zhu
Q45615771,6000000075484757885,Chen Qia
Q45615793,6000000075501408024,Zhong Bing
Q45615833,6000000075484905828,Chen Hong
Q45615857,6000000075501331990,Zhong Yin
Q45615921,6000000075501651824,Zhong Fei
Q45615961,6000000075484592990,Chen Du
Q45615985,6000000075500189516,Zhong Guo
Q45616025,6000000075483544317,Chen You
Q45616088,6000000075483935394,Chen Bing
Q45616108,6000000075501532875,Zhong Zhen
Q45616150,6000000075484560009,Chen Bing
Q45616171,6000000075501241045,Zhong Fu
Q45616209,6000000075484061278,Chen Bing
Q45616233,6000000075501585899,Zhong Xie
Q45616272,6000000075484921823,Chen Hui
Q45616295,6000000075501509919,Zhong Wenxiu
Q45616397,6000000075484685964,Chen Shu
Q45616422,6000000075501685822,Zhong Renqing
Q45616462,6000000075484016295,Chen Zhen
Q45616487,6000000075501375081,Zhong Ruyu
Q45616523,6000000075484656072,Chen Jue
Q45616549,6000000075500351691,Zhong Kejun
Q45616612,6000000075500803344,Zhong Xiaoguo
Q45616651,6000000075483511643,Chen Gong
Q45616673,6000000075501604884,Zhong Jizheng
Q45616713,6000000075484393155,Chen Bai
Q45616736,6000000075501123184,Zhong Jiyu
Q45616775,6000000075484807898,Chen Gai
Q45616798,6000000075501182105,Zhong Zhaozhi
Q45616839,6000000075484905860,Chen Mao
Q45616862,6000000075501363000,Zhong Junqing
Q45616903,6000000075484928823,Chen Yu
Q45616924,6000000075501161171,Zhong Huaide
Q45616964,6000000075484261199,Chen Di
Q45616987,6000000075501695833,Miao Zhao
Q45617051,6000000075501448968,Miao Lie
Q45617091,6000000075484588056,Chen Yu
Q45617115,6000000075501224045,Miao Yu
Q45617154,6000000075484288171,Chen Lv
Q45617177,6000000075501000257,Miao Zhiguang
Q45617217,6000000075484523004,Chen Lv
Q45617240,6000000075501583895,Miao Yuande
Q45617279,6000000075484533012,Chen Lv
Q45617342,6000000075484787912,Chen Ji
Q45617364,6000000075501583903,Miao Zhonggong
Q45617405,6000000075484604045,Chen Yue
Q45617427,6000000075501493919,Miao Chaozong
Q45617467,6000000075483378652,Chen Xun
Q45617489,6000000075501676845,Miao Mengda
Q45617553,6000000075501631887,Xianyu Guang
Q45617594,6000000075484946841,Chen Gao
Q45617616,6000000075500125559,Xianyu Han
Q45617657,6000000075484523011,Chen Yi
Q45617720,6000000075483624574,Chen Xiao
Q45617784,6000000075483378660,Chen Yue
Q45617805,6000000075500817303,Yan Xu
Q45617848,6000000075484766896,Chen Tai
Q45617869,6000000075501448974,Yan Bao
Q45617910,6000000075484937826,Chen Gui
Q45617972,6000000075484778917,Chen Gong
Q45617994,6000000075501279051,Yan Gonggun
Q45618034,6000000075484364153,Chen Gong
Q45618055,6000000075501722840,Yan Xikong
Q45618096,6000000075484539987,Chen Heng
Q45618119,6000000075500351717,Yan Zhizhi
Q45618156,6000000075484658976,Chen Geng
Q45618182,6000000075501673847,Yan Qiyan
Q45619412,6000000075484927869,Chen Jian
Q45619435,6000000075501309058,Dai Wan
Q45619481,6000000075484598975,Chen Cheng
Q45619502,6000000075501586921,Dai Jing
Q45619562,6000000075501419097,Dai Zhilao
Q45619670,6000000075484768942,Chen Gui
Q45619689,6000000075501553947,Dai Ying
Q45619733,6000000075484596013,Chen Chang
Q45619754,6000000075501761836,Dai Yi
Q45619798,6000000075484644935,Chen Biao
Q45619817,6000000075501384049,Dai Yi
Q45619864,6000000075483799357,Chen Zhuang
Q45619882,6000000075501735861,Dai Gui
Q45619927,6000000075484890944,Chen Hui
Q45619944,6000000075501588909,Dai Yu
Q45620007,6000000075501195119,Dai Shixian
Q45620056,6000000075485006830,Chen Zao
Q45620069,6000000075501343036,Dai Rubai
Q45620118,6000000075484399169,Chen Kan
Q45620132,6000000075501666874,Dai Zhongbi
Q45620180,6000000075484644945,Chen Xie
Q45620193,6000000075501279062,Dai Liangqi
Q45620253,6000000075501617901,Dai Donglao
Q45620306,6000000075483624624,Chen Shi
Q45620318,6000000075501294070,Dai Shiyu
Q45620371,6000000075485003840,Chen Shi
Q45620382,6000000075501483058,Dai Yiyu
Q45620434,6000000075483935456,Chen Huan
Q45620445,6000000075501565970,Dai Guozhong
Q45620496,6000000075484920869,Chen Shan
Q45620507,6000000075501746850,Dai Jingwei
Q45620571,6000000075501739825,Dai Yiqing
Q45620696,6000000075501812822,Que Sheng
Q45620749,6000000075484914863,Chen Xiang
Q45620762,6000000075501755838,Que Li
Q45620815,6000000075484742960,Chen Tan
Q45620827,6000000075500845392,Feng Yuan
Q45620877,6000000075484858918,Chen Yun
Q45620889,6000000075501726846,Feng Jian
Q45620938,6000000075484938884,Chen Deng
Q45620950,6000000075500531506,Feng Youfu
Q45621000,6000000075484918894,Chen Xun
Q45621015,6000000075501472978,Feng Youzhang
Q45621065,6000000075484893874,Chen Xi
Q45621079,6000000075501437122,Feng Xingzu
Q45621128,6000000075483882498,Chen Kui
Q45621144,6000000075501467053,Lan Kui
Q45621189,6000000075484442120,Chen Kai
Q45621315,6000000075484745007,Chen Yan
Q45621379,6000000075485018845,Chen Yan
Q45621395,6000000075501420019,Lan Anmin
Q45621439,6000000075484931908,Chen Qi
Q45621460,6000000075501511002,Lan Shikui
Q45621501,6000000075484323154,Chen Qi
Q45621520,6000000075501808833,Jian Xiu
Q45621583,6000000075501818844,Jian Keji
Q45621629,6000000075484596040,Chen Hu
Q45621645,6000000075501385072,Jian Shijie
Q45621694,6000000075484801003,Chen Ju
Q45621709,6000000075501279081,Chu Yong
Q45621757,6000000075484974845,Chen Xiong
Q45621772,6000000075501629924,Chu Ju
Q45621822,6000000075484966900,Chen Kui
Q45621837,6000000075501484989,Chu Dayou
Q45621883,6000000075484961848,Chen Sen
Q45621901,6000000075501777828,Chu Dunxu
Q45621948,6000000075484515123,Chen Zhi
Q45621965,6000000075501309091,Chu Guoxiu
Q45622008,6000000075484943890,Chen Zhi
Q45622071,6000000075484819942,Chen Dong
Q45622092,6000000075501370029,Wei Jing
Q45622135,6000000075484943895,Chen Jing
Q45622158,6000000075501608004,Wei Hong
Q45622197,6000000075484757997,Chen Zui
Q45622260,6000000075484601079,Chen Xian
Q45622284,6000000075501439034,Wei Ang
Q45622323,6000000075484574084,Chen Kuang
Q45622346,6000000075501794838,Wei Qi
Q45622386,6000000075484559158,Chen Gao
Q45622449,6000000075483799384,Chen Ce
Q45622471,6000000075501383124,Wei Qing
Q45622535,6000000075501369114,Wei Kang
Q45622575,6000000075484126451,Chen Fu
Q45622598,6000000075501661851,Wei Tong
Q45622639,6000000075484069526,Chen Fu
Q45622662,6000000075501220083,Wei Zhuang
Q45622700,6000000075484758004,Chen Jie
Q45622722,6000000075501553989,Wei Jing
Q45622765,6000000075483882528,Chen Tong
Q45622787,6000000075501182228,Wei Ji
Q45622951,6000000075484738052,Chen Jing
Q45622977,6000000075501574990,Wei Chun
Q45623013,6000000075483863394,Chen Xun
Q45623041,6000000075501804840,Wei Ji
Q45623077,6000000075485073822,Chen Huan
Q45623136,6000000075501871830,Wei Ju
Q45623140,6000000075484442148,Chen Huan
Q45623199,6000000075501338129,Wei Xu
Q45623203,6000000075484738064,Chen Shen
Q45623266,6000000075485074825,Chen Yu
Q45623324,6000000075501444048,Wei Zhang
Q45623328,6000000075484817973,Chen Shi
Q45623456,6000000075484969876,Chen Chun
Q45623513,6000000075501450043,Wei Xie
Q45623521,6000000075485034871,Chen Ji
Q45623581,6000000075501566980,Wei Chong
Q45623643,6000000075501513069,Wei Dazhong
Q45623649,6000000075484061388,Chen Yuan
Q45623706,6000000075501856830,Wei Tianying
Q45623771,6000000075501572937,Wei Yunzhong
Q45623832,6000000075500531535,Wei Gongdan
Q45623840,6000000075485072837,Chen Gai
Q45623895,6000000075501746893,Wei Anshi
Q45623904,6000000075484861912,Chen Kui
Q45623957,6000000075501285152,Wei Xiaoyou
Q45623966,6000000075485017912,Chen Kui
Q45624020,6000000075501444068,Wei Zongne
Q45624083,6000000075501840838,Wei Yanming
Q45624092,6000000075484601095,Chen Wan
Q45624156,6000000075484858980,Chen Jing
Q45624207,6000000075501874829,Wei Zhaoyong
Q45624217,6000000075484990882,Chen Chuan
Q45624269,6000000075501776858,Wei Tingyu
Q45624332,6000000075501831885,Wei Guoliang
Q45624400,6000000075501507074,Wei Qinxu
Q45624526,6000000075501366164,Wei Hanjin
Q45624531,6000000075483473695,Chen Bin
Q45624588,6000000075501572958,Wei Qingzhi
Q45624595,6000000075484893907,Chen Bin
Q45624652,6000000075501182267,Wei Qianguang
Q45624658,6000000075484593076,Chen Bin
Q45624717,6000000075501903822,Wei Guancha
Q45624785,6000000075484703041,Chen Zao
Q45624844,6000000075501788879,Pang Yuan
Q45624848,6000000075484872962,Chen Yuan
Q45624907,6000000075501710902,Pang Wenji
Q45624911,6000000075484329189,Chen Xi
Q45624970,6000000075501865848,Pang Tianyou
Q45624972,6000000075484728036,Chen Xi
Q45625032,6000000075501850869,Pang Anren
Q45625034,6000000075484046429,Chen Shou
Q45625096,6000000075485100839,Chen Yuan
Q45625097,6000000075501803895,Pang Qichang
Q45625157,6000000075501916837,Pang Jian
Q45625219,6000000075484789003,Chen Jing
Q45625220,6000000075500845446,Pang Yanhai
Q45625282,6000000075484975981,Chen Fu
Q45625283,6000000075501133366,Pang Chongmu
Q45625343,6000000075484442173,Chen Feng
Q45625347,6000000075501715999,Tan Hong
Q45625406,6000000075484209219,Chen Feng
Q45625412,6000000075501630006,Tan Zhu
Q45625473,6000000075501739933,Tan Fa
Q45625533,6000000075485069842,Chen Ming
Q45625537,6000000075501572967,Tan Kai
Q45625597,6000000075484896974,Chen Wan
Q45625601,6000000075500928257,Tan Cui
Q45625661,6000000075484945939,Chen Wan
Q45625724,6000000075485137834,Chen Qi
Q45625728,6000000075501928842,Tan Zhongli
Q45625787,6000000075484216320,Chen Gang
Q45625790,6000000075501184136,Tan Shixuan
Q45625853,6000000075501817935,Tan Zhongyan
Q45625914,6000000075484821974,Chen Hao
Q45625917,6000000075501787893,Tan Zhongtong
Q45625977,6000000075485010953,Chen Guang
Q45625981,6000000075501885845,Tan Jixiao
Q45626040,6000000075485027925,Chen Shi
Q45626047,6000000075501730944,Tan Zhiyan
Q45626106,6000000075485006917,Chen Shi
Q45626115,6000000075501730949,Tan Zhili
Q45626169,6000000075484768996,Chen Zhen
Q45626178,6000000075501836885,Tan Zhaobao
Q45626230,6000000075485063873,Chen Zhen
Q45626240,6000000075501182322,Tan Yaosou
Q45626295,6000000075485126832,Chen Zhen
Q45626304,6000000075501954834,Tan Jingxian
Q45626367,6000000075500728454,Tan Duanbo
Q45626421,6000000075484769001,Chen Qian
Q45626431,6000000075501840885,Tan Jiayan
Q45626493,6000000075501774941,Tan Derun
Q45626546,6000000075484550121,Chen Que
Q45626610,6000000075485158822,Chen You
Q45626673,6000000075484522246,Chen Gai
Q45626683,6000000075501824912,Huai Min
Q45626734,6000000075485161822,Chen Mo
Q45626746,6000000075501891886,Guan Gui
Q45626799,6000000075484544126,Chen Nai
Q45626810,6000000075501486092,Guan Yong
Q45626859,6000000075484912970,Chen Fan
Q45626871,6000000075501591056,Guan Jin
Q45626922,6000000075485006922,Chen Jia
Q45626984,6000000075484419285,Chen De
Q45626997,6000000075501597018,Guan Qisun
Q45627047,6000000075485166823,Chen Rui
Q45627059,6000000075501532063,Guan Shigu
Q45627109,6000000075484126522,Chen Wei
Q45627125,6000000075501232250,Luo You
Q45627174,6000000075484131422,Chen Ze
Q45627189,6000000075501908858,Luo Cun
Q45627298,6000000075483679588,Chen E
Q45627317,6000000075501461151,Luo Jun
Q45627381,6000000075501910876,Luo Zhu
Q45627426,6000000075484976010,Chen Dan
Q45627510,6000000075501788944,Luo Yu
Q45627553,6000000075484707070,Chen Lin
Q45627571,6000000075501223211,Luo Lie
Q45627616,6000000075484684087,Chen Qian
Q45627635,6000000075501931875,Luo Geng
Q45627696,6000000075501675054,Luo Jie
Q45627759,6000000075501996824,Luo Wei
Q45627820,6000000075501609975,Luo Fu
Q45627869,6000000075484846990,Chen Jin
Q45627881,6000000075501912884,Luo Kai
Q45627945,6000000075501755952,Luo Chun
Q45627996,6000000075484475171,Chen Fan
Q45628008,6000000075501814962,Luo Rong
Q45628060,6000000075485073861,Chen Pu
Q45628072,6000000075501507154,Luo Ziyou
Q45628122,6000000075484794039,Chen Xing
Q45628185,6000000075484947942,Chen Ye
Q45628247,6000000075484638061,Chen Heng
Q45628323,6000000075501600023,Luo Zhiji
Q45628374,6000000075485122868,Chen Zhen
Q45628385,6000000075501914897,Luo Tianyou
Q45628435,6000000075485063883,Chen Hong
Q45628447,6000000075501963853,Luo Taiheng
Q45628499,6000000075485199822,Chen Xi
Q45628509,6000000075501966853,Luo Taijie
Q45628571,6000000075501988852,Luo Zhongyan
Q45628635,6000000075501545124,Luo Gongsheng
Q45628695,6000000075501536987,Luo Shinian
Q45628750,6000000075484349227,Chen Zhong
Q45628759,6000000075502042822,Luo Zhongtong
Q45628813,6000000075484854019,Chen E
Q45628823,6000000075502014857,Luo Zhongshu
Q45628877,6000000075485112885,Chen Mo
Q45628887,6000000075501332298,Luo Rusong
Q45628940,6000000075485144830,Chen Mo
Q45628950,6000000075501755961,Luo Junwen
Q45629002,6000000075484858038,Chen Mo
Q45629013,6000000075501934895,Luo Zhichong
Q45629067,6000000075484995976,Chen Bi
Q45629077,6000000075502019846,Luo Xiyang
Q45629131,6000000075485150882,Chen Shu
Q45629141,6000000075501630046,Luo Zongli
Q45629194,6000000075485214822,Chen 0
Q45629203,6000000075502042829,Luo Mengjiao
Q45629257,6000000075485090892,Chen Feng
Q45629266,6000000075501992851,Luo Mengjiao
Q45629318,6000000075484815069,Chen Shu
Q45629327,6000000075502048826,Luo Jutong
Q45629381,6000000075484939973,Chen Zhan
Q45629392,6000000075502009859,Luo Shangyou
Q45629445,6000000075484900020,Chen Jian
Q45629457,6000000075501565014,Luo Zhigu
Q45629509,6000000075484738180,Chen Long
Q45629521,6000000075501948899,Luo Yanfu
Q45629573,6000000075585529870,Chen Qiong
Q45629634,6000000075485237872,Chen Pi
Q45629647,6000000075501980853,Luo Zhigong
Q45629700,6000000075485091923,Chen Yan
Q45629711,6000000075501996859,Luo Qizong
Q45629764,6000000075485044937,Chen Xiang
Q45629776,6000000075501702978,Luo Weiyi
Q45629829,6000000075485046029,Chen Zhou
Q45629894,6000000075485128938,Chen Chan
Q45629906,6000000075501184263,Luo Shantong
Q45629956,6000000075484913065,Chen Yan
Q45629968,6000000075501866949,Luo Huidi
Q45630019,6000000075484574239,Chen Yun
Q45630031,6000000075501537028,Luo Kaili
Q45630084,6000000075485150964,Chen Zao
Q45630097,6000000075501988881,Luo Shengxian
Q45630144,6000000075485093987,Chen Kui
Q45630209,6000000075485280892,Chen Hao
Q45630224,6000000075501618041,Luo Rongzu
Q45630286,6000000075501756964,Luo Yuzhi
Q45630350,6000000075501123332,Luo Jianke
Q45630412,6000000075501998845,Luo Zhufu
Q45630459,6000000075485199932,Chen Yan
Q45630477,6000000075501921910,Yao Yuanfu
Q45630539,6000000075502077839,Yao Jineng
Q45630709,6000000075485318846,Chen Yifa
Q45630727,6000000075501883923,Bian Juyi
Q45630774,6000000075485353835,Chen Yixin
Q45630835,6000000075485305863,Chen Yijian
Q45630851,6000000075502022857,Dou Ping
Q45630914,6000000075501332343,Dou Fu
Q45630962,6000000075484446225,Chen Jiuling
Q45630976,6000000075501959942,Dou Mingyuan
Q45631024,6000000075483679693,Chen Jiuyan
Q45631087,6000000075484888021,Chen Sansheng
Q45631148,6000000075485376822,Chen Sanpin
Q45631162,6000000075502099846,Dou Shunqing
Q45631211,6000000075484913091,Chen Ziyuan
Q45631225,6000000075501662035,Yan Jie
Q45631274,6000000075485333901,Chen Zichong
Q45631338,6000000075485022016,Chen Zishi
Q45631352,6000000075501866963,Yan Wu
Q45631400,6000000075485042017,Chen Ziqiang
Q45631414,6000000075501925971,Yan Song
Q45631460,6000000075485022023,Chen Zijing
Q45631478,6000000075501507199,Yan Wei
Q45631523,6000000075485105961,Chen Ziyi
Q45631588,6000000075484085523,Chen Shiyuan
Q45631650,6000000075485026061,Chen Shiyin
Q45631666,6000000075501383294,Yan Su
Q45631716,6000000075485382838,Chen Shihong
Q45631729,6000000075501882928,Yan Zi
Q45631778,6000000075485357850,Chen Shibiao
Q45631792,6000000075502023856,Yan Jing
Q45631840,6000000075485099981,Chen Shibiao
Q45631854,6000000075502123822,Yan Geng
Q45631904,6000000075485333930,Chen Shiying
Q45631916,6000000075501911972,Yan Chu
Q45631979,6000000075501902934,Yan Dayou
Q45632043,6000000075501044344,Yan Douyan
Q45632093,6000000075484974033,Chen Shijie
Q45632105,6000000075501712037,Yan Shiwen
Q45632155,6000000075485042022,Chen Dafang
Q45632230,6000000075501632156,Yan Ximeng
Q45632282,6000000075484400483,Chen Dazhong
Q45632299,6000000075501461214,Yan Zhiyao
Q45632344,6000000075485291930,Chen Dayong
Q45632407,6000000075484825169,Chen Daheng
Q45632423,6000000075501985944,Yan Gangzhong
Q45632467,6000000075484738271,Chen Dahe
Q45632485,6000000075501764966,Yan Shikui
Q45632548,6000000075502123854,Yan Pijiang
Q45632592,6000000075485230998,Chen Dajie
Q45632609,6000000075501736091,Yan Qingsun
Q45632654,6000000075484542299,Chen Damou
Q45632670,6000000075502002873,Lin Minxiu
Q45632717,6000000075484085583,Chen Qianyun
Q45632735,6000000075502094882,Su Shi
Q45632779,6000000075485435827,Chen Zhishao
Q45632799,6000000075501467333,Su Pi
Q45632842,6000000075485004177,Chen Zhimei
Q45632904,6000000075485378877,Chen Zhisun
Q45632923,6000000075502067921,Su Xu
Q45632968,6000000075485221986,Chen Wenshu
Q45632985,6000000075502134857,Su Yong
Q45633030,6000000075484480469,Chen Wenchang
Q45633048,6000000075501573174,Su Tian
Q45633093,6000000075484730293,Chen Wensun
Q45633110,6000000075501971894,Su Huan
Q45633155,6000000075485406850,Chen Wenshou
Q45633172,6000000075501926004,Su Zi
Q45633216,6000000075484061588,Chen Wenguang
Q45633235,6000000075501694112,Su Tong
Q45633279,6000000075484825211,Chen Wenying
Q45633343,6000000075484480480,Chen Dazeng
Q45633362,6000000075502125858,Su Feng
Q45633427,6000000075502116871,Su Song
Q45633535,6000000075485397908,Chen Douying
Q45633558,6000000075501494153,Su Wei
Q45633597,6000000075484968158,Chen Yuanliang
Q45633621,6000000075501918000,Su Jie
Q45633660,6000000075484954093,Chen Yuangui
Q45633685,6000000075501893954,Su Pu
Q45633748,6000000075501773040,Su Ye
Q45633785,6000000075485026113,Chen Yuankai
Q45633811,6000000075502194822,Su Ji
Q45633848,6000000075485218983,Chen Yuanying
Q45633874,6000000075502197822,Yang Jinchan
Q45633911,6000000075485290976,Chen Yuanli
Q45633937,6000000075501993941,Su Shineng
Q45633975,6000000075484061594,Chen Tianyu
Q45634038,6000000075485251993,Chen Tianfu
Q45634066,6000000075502186846,Su Wensi
Q45634103,6000000075485241936,Chen Tianze
Q45634195,6000000075501633132,Su Taigu
Q45634233,6000000075485302944,Chen Tianxi
Q45634260,6000000075501573185,Su Taichu
Q45634296,6000000075483679756,Chen Tianyin
Q45634328,6000000075501912019,Su Youxue
Q45634361,6000000075485420870,Chen Taichu
Q45634389,6000000075501791080,Su Anjing
Q45634452,6000000075502008929,Su Zairong
Q45634519,6000000075500845594,Su Lishe
Q45634551,6000000075485079076,Chen Zhongfu
Q45634582,6000000075502031984,Su Bocai
Q45634615,6000000075485457848,Chen Shaoying
Q45634676,6000000075484480511,Chen Shengqing
Q45634708,6000000075501507242,Su Shuhe
Q45634739,6000000075484693240,Chen Yunwen
Q45634772,6000000075501987950,Su Sigong
Q45634935,6000000075485291036,Chen Yungong
Q45634962,6000000075502061918,Su Shaowei
Q45635025,6000000075502173854,Su Huangzhong
Q45635061,6000000075485158027,Chen Gongliang
Q45635087,6000000075501753120,Su Yunqing
Q45635214,6000000075501971923,Su Shunju
Q45635275,6000000075501804093,Su Shouyuan
Q45635339,6000000075501926035,Su Weiyue
Q45635399,6000000075502072883,Su Qingwen
Q45635438,6000000075484923115,Chen Gongxie
Q45635500,6000000075485445835,Chen Gongkui
Q45635622,6000000075483679761,Chen Yongcheng
Q45635647,6000000075501962006,Su Xianzu
Q45635685,6000000075485431862,Chen Yongling
Q45635713,6000000075501876043,Shi Da
Q45635778,6000000075501382321,Shi Wen
Q45635809,6000000075485283968,Chen Bifu
Q45635841,6000000075502199857,Shi Yuan
Q45635877,6000000075485183116,Chen Keda
Q45635878,6000000075502103940,Shi Tai
Q45635939,6000000075485475857,Chen Kejiu
Q45635944,6000000075502145880,Shi Yong
Q45636002,6000000075485155038,Chen Zhengyong
Q45636009,6000000075502128909,Shi Bai
Q45636063,6000000075484837113,Chen Juzhong
Q45636074,6000000075501813980,Shi Yin
Q45636126,6000000075485469839,Chen Guyu
Q45636138,6000000075502002912,Shi Jie
Q45636188,6000000075485045094,Chen Pixian
Q45636203,6000000075502228852,Shi Yan
Q45636250,6000000075485373952,Chen Quhua
Q45636268,6000000075501965973,Shi Fu
Q45636311,6000000075485037100,Chen Shishou
Q45636331,6000000075501949982,Shi Chong
Q45636373,6000000075485083128,Chen Shijing
Q45636394,6000000075501573218,Shi Zong
Q45636434,6000000075484542345,Chen Shichang
Q45636457,6000000075502260823,Shi Kong
Q45636494,6000000075484730347,Chen Tianfu
Q45636519,6000000075502128914,Shi Ding
Q45636567,6000000075502198880,Shi Tan
Q45636579,6000000075485135066,Chen Yizhuang
Q45636633,6000000075502032047,Shi Gao
Q45636641,6000000075485254001,Chen Yongzhong
Q45636698,6000000075501577099,Shi Gao
Q45636704,6000000075485281046,Chen Yongzhi
Q45636761,6000000075501936986,Shi Ming
Q45636767,6000000075485526822,Chen Yonggeng
Q45636825,6000000075502204869,Shi Ming
Q45636886,6000000075502125887,Shi Yue
Q45636891,6000000075484854251,Chen Ruyu
Q45636950,6000000075501867031,Shi Yue
Q45636953,6000000075485046179,Chen Rushi
Q45637013,6000000075502274822,Shi Yi
Q45637014,6000000075485140076,Chen Ruda
Q45637074,6000000075485058100,Chen Ruji
Q45637076,6000000075502250865,Shi Chi
Q45637136,6000000075485508836,Chen Anshang
Q45637140,6000000075500618645,Shi Sheng
Q45637203,6000000075502275822,Shi Ji
Q45637259,6000000075485173019,Chen Anshi
Q45637266,6000000075502103951,Shi Gui
Q45637322,6000000075485539822,Chen Anqing
Q45637331,6000000075501444224,Shi Neng
Q45637384,6000000075485433894,Chen Anjing
Q45637395,6000000075502280831,Shi Neng
Q45637460,6000000075502244839,Shi Qing
Q45637524,6000000075502117931,Shi Shen
Q45637586,6000000075502101960,Shi Lin
Q45637632,6000000075485550835,Chen Youzong
Q45637655,6000000075501537153,Shi Ran
Q45637693,6000000075485083152,Chen Cuntian
Q45637718,6000000075501962070,Shi Shun
Q45637785,6000000075501687147,Shi Yuan
Q45637818,6000000075485539834,Chen Guangyuan
Q45637849,6000000075501929042,Shi Rui
Q45637881,6000000075485094108,Chen Zizhong
Q45637918,6000000075502226879,Shi Shi
Q45637981,6000000075502262826,Shi Qin
Q45638005,6000000075485520879,Chen Ziren
Q45638046,6000000075502293823,Shi Cheng
Q45638067,6000000075485033121,Chen Zixiu
Q45638109,6000000075501565137,Shi Cheng
Q45638129,6000000075485392054,Chen Ziran
Q45638172,6000000075501777100,Shi Shou
Q45638192,6000000075485428941,Chen Zixin
Q45638236,6000000075501903052,Shi Yuan
Q45638253,6000000075485264082,Chen Zhongping
Q45638299,6000000075501886071,Shi Wen
Q45638314,6000000075484061639,Chen Zhongcheng
Q45638362,6000000075501918048,Shi Quan
Q45638377,6000000075485542842,Chen Zhongfang
Q45638425,6000000075502113975,Shi Xian
Q45638437,6000000075484913175,Chen Zhongyi
Q45638489,6000000075502245861,Shi Cheng
Q45638499,6000000075485327047,Chen Zhongqiu
Q45638553,6000000075502130889,Shi Ci
Q45638616,6000000075502226898,Shi Liang
Q45638625,6000000075485191098,Chen Zhongtong
Q45638680,6000000075502306822,Shi Tan
Q45638687,6000000075485469914,Chen Zhongwei
Q45638744,6000000075502250878,Shi Mo
Q45638748,6000000075485580822,Chen Zhongmin
Q45638806,6000000075502163890,Shi Ju
Q45638809,6000000075485383974,Chen Zhongxi
Q45638869,6000000075502268848,Shi Ze
Q45638870,6000000075485295996,Chen Zhongshu
Q45638932,6000000075502135918,Shi Cang
Q45638995,6000000075485593822,Chen Zhongmu
Q45638997,6000000075502171883,Shi Jiao
Q45639060,6000000075502281851,Shi Xian
Q45639117,6000000075485493892,Chen Xingxian
Q45639123,6000000075502067004,Shi Jian
Q45639179,6000000075485031203,Chen Hengzu
Q45639186,6000000075502183867,Shi Jian
Q45639240,6000000075485233124,Chen Hengdao
Q45639252,6000000075502097947,Shi Jian
Q45639303,6000000075485012237,Chen Hengyun
Q45639315,6000000075502193965,Shi Liaoyi
Q45639364,6000000075485454980,Chen Hengqu
Q45639427,6000000075485450943,Chen Liangsun
Q45639443,6000000075501537163,Shi Liaoru
Q45639507,6000000075502198916,Shi Liaoxing
Q45639571,6000000075501993999,Shi Liaoju
Q45639610,6000000075484945279,Chen Songfu
Q45639631,6000000075502244902,Shi Liaoming
Q45639670,6000000075485049150,Chen Junyi
Q45639696,6000000075502200887,Shi Liaoxuan
Q45639729,6000000075485140127,Chen Junmo
Q45639758,6000000075501917008,Shi Liaoxin
Q45639788,6000000075485345996,Chen Keyi
Q45639822,6000000075502280862,Shi Liaowu
Q45639851,6000000075485416957,Chen Xiaoxian
Q45639885,6000000075502311827,Shi Liaobin
Q45639945,6000000075502081993,Shi Liaoran
Q45639972,6000000075485521879,Chen Xiaoyan
Q45640010,6000000075502130918,Shi Liaoyi
Q45640034,6000000075485582830,Chen Qiulu
Q45640073,6000000075501969098,Shi Liaojing
Q45640100,6000000075485586850,Chen Zhitong
Q45640116,6000000075501764146,Shi Liaoyan
Q45640179,6000000075501911028,Shi Liaoyuan
Q45640219,6000000075485622822,Chen Xiaoyuan
Q45640243,6000000075501926079,Shi Liaopu
Q45640281,6000000075485550859,Chen Xiaosun
Q45640305,6000000075502288859,Shi Liaoxing
Q45640369,6000000075501723204,Shi Liaocong
Q45640403,6000000075485600848,Chen Tingjie
Q45640431,6000000075502259889,Shi Liaocan
Q45640462,6000000075485195131,Chen Yanshang
Q45640493,6000000075502211912,Shi Liaozheng
Q45640524,6000000075485462961,Chen Xiji
Q45640557,6000000075502334835,Shi Liaojian
Q45640622,6000000075502301826,Shi Ziyuan
Q45640648,6000000075485522885,Chen Xiwei
Q45640688,6000000075501962113,Shi Zixin
Q45640751,6000000075501807056,Shi Ziying
Q45640772,6000000075485471919,Chen Xian
Q45640815,6000000075502338824,Shi Ziyuan
Q45640832,6000000075485485880,Chen Bojiang
Q45640876,6000000075502032095,Shi Ziyuan
Q45640892,6000000075485596834,Chen Bangheng
Q45640954,6000000075485254102,Chen Zhian
Q45641003,6000000075502193999,Shi Ziguo
Q45641015,6000000075485620838,Chen Gengsheng
Q45641069,6000000075502086944,Shi Ziqi
Q45641080,6000000075484684310,Chen Zongren
Q45641134,6000000075502196974,Shi Zilin
Q45641142,6000000075485598830,Chen Zonggu
Q45641205,6000000075485426977,Chen Zonggu
Q45641262,6000000075501889083,Shi Ziyou
Q45641265,6000000075484947286,Chen Zongxun
Q45641328,6000000075502333838,Shi Ziqin
Q45641331,6000000075485639824,Chen Zongwei
Q45641392,6000000075501806145,Shi Zizheng
Q45641393,6000000075485182207,Chen Zongdao
Q45641520,6000000075485303049,Chen Zongshuo
Q45641523,6000000075502069917,Shi Dacai
Q45641582,6000000075485433942,Chen Zongshi
Q45641587,6000000075502258905,Shi Dacheng
Q45641644,6000000075485323043,Chen Zonge
Q45641652,6000000075501984018,Shi Dachun
Q45641706,6000000075485263067,Chen Zongru
Q45641719,6000000075502280882,Shi Dade
Q45641768,6000000075485508907,Chen Zongli
Q45641783,6000000075502183878,Shi Xiaoshou
Q45641831,6000000075485334103,Chen Dingguo
Q45641847,6000000075502275869,Shi Zhishan
Q45641912,6000000075502194011,Shi Xindao
Q45641955,6000000075485291163,Chen Yaqing
Q45641974,6000000075501662197,Shi Fanghui
Q45642019,6000000075485384009,Chen Yaqing
Q45642039,6000000075501937052,Shi Wenzhao
Q45642081,6000000075485045191,Chen Chengzhao
Q45642104,6000000075502356836,Shi Wenzheng
Q45642168,6000000075502346825,Shi Wengao
Q45642205,6000000075485569908,Chen Zhigong
Q45642233,6000000075502072964,Shi Wenxuan
Q45642270,6000000075485669822,Chen Dongzhi
Q45642299,6000000075502067035,Shi Wenying
Q45642330,6000000075484746468,Chen Wuling
Q45642360,6000000075502263851,Shi Wenxin
Q45642453,6000000075485517905,Chen Songlong
Q45642489,6000000075502327830,Shi Wenyue
Q45642513,6000000075485671834,Chen Tanran
Q45642554,6000000075502348880,Shi Wenyu
Q45642575,6000000075485337046,Chen Zhonghou
Q45642617,6000000075501223392,Shi Wengang
Q45642635,6000000075483697686,Chen Gaoqing
Q45642683,6000000075502213954,Shi Wenya
Q45642701,6000000075485591853,Chen Changyan
Q45642747,6000000075501332462,Shi Wenya
Q45642762,6000000075485497959,Chen Changzu
Q45642814,6000000075501952017,Shi Wensheng
Q45642824,6000000075485640854,Chen Yicong
Q45642877,6000000075502368853,Shi Wenzhun
Q45642885,6000000075484061685,Chen Yijian
Q45642939,6000000075501908150,Shi Wenzhao
Q45643001,6000000075502250935,Shi Wener
Q45643007,6000000075485262089,Chen Shudu
Q45643064,6000000075502082005,Shi Wenqing
Q45643068,6000000075485474017,Chen Shuxian
Q45643127,6000000075502135044,Shi Wenli
Q45643129,6000000075484061690,Chen Jiya
Q45643190,6000000075485422016,Chen Jiyuan
Q45643191,6000000075501777165,Shi Wenju
Q45643250,6000000075484670469,Chen Zhouhan
Q45643253,6000000075502268905,Shi Budong
Q45643311,6000000075485059249,Chen Zhichang
Q45643319,6000000075502186972,Shi Yuanzheng
Q45643375,6000000075485259137,Chen Zhihui
Q45643382,6000000075502054025,Shi Yuanzhi
Q45643435,6000000075485079174,Chen Zhixin
Q45643443,6000000075502260962,Shi Yuanyi
Q45643506,6000000075502362839,Shi Yuanyou
Q45643556,6000000075485666832,Chen Zhizhi
Q45643567,6000000075502281932,Shi Yuanzang
Q45643616,6000000075485557948,Chen Zhide
Q45643630,6000000075502227909,Shi Yuanjing
Q45643678,6000000075485264186,Chen Hongzhong
Q45643693,6000000075501342353,Shi Yuanjing
Q45643735,6000000075502275911,Shi Yuanzhan
Q45643764,6000000075485591872,Chen Yanbi
Q45643798,6000000075502249940,Shi Yuanpu
Q45643826,6000000075485428999,Chen Nanyi
Q45643858,6000000075502329854,Shi Yuanzhi
Q45643920,6000000075502348886,Shi Yuanxi
Q45643947,6000000075485696834,Chen Nanmei
Q45643983,6000000075501565191,Shi Yuanzhao
Q45644007,6000000075485306118,Chen Chizhi
Q45644046,6000000075502242920,Shi Yuanzhao
Q45644068,6000000075485422033,Chen Siwen
Q45644110,6000000075501220293,Shi Yuancui
Q45644128,6000000075485707822,Chen Sidao
Q45644174,6000000075502180923,Shi Yuanlian
Q45644189,6000000075485598862,Chen Sizhai
Q45644235,6000000075502395832,Shi Yuancong
Q45644249,6000000075485608876,Chen Siqian
Q45644300,6000000075501908169,Shi Yuanli
Q45644310,6000000075485395017,Chen Zeweng
Q45644364,6000000075502241908,Shi Yuanjian
Q45644370,6000000075485055227,Chen Zhaodu
Q45644425,6000000075502307900,Shi Yuanai
Q45644431,6000000075485622870,Chen Zhaoyu
Q45644489,6000000075501989028,Shi Tianshi
Q45644494,6000000075485545960,Chen Zhaosi
Q45644551,6000000075501332508,Shi Tianyou
Q45644554,6000000075485381057,Chen Maolian
Q45644617,6000000075501687218,Shi Tianxi
Q45644618,6000000075485645867,Chen Ruoshui
Q45644677,6000000075484542501,Chen Ruochong
Q45644679,6000000075501444347,Shi Taichu
Q45644740,6000000075485677875,Chen Ruozhuo
Q45644744,6000000075501223458,Shi Taixu
Q45644804,6000000075502143006,Shi Taiwei
Q45644860,6000000075485434002,Chen Yingzhun
Q45644869,6000000075501986056,Shi Rizhi
Q45644921,6000000075485447990,Chen Yuchen
Q45644931,6000000075502354892,Shi Risun
Q45644981,6000000075485432008,Chen Baohe
Q45644994,6000000075502332876,Shi Zhongjie
Q45645056,6000000075502382835,Shi Zhongwei
Q45645121,6000000075502163926,Shi Shaokang
Q45645169,6000000075484670502,Chen Haoran
Q45645230,6000000075485272112,Chen Tangyou
Q45645248,6000000075502145973,Shi Yunxian
Q45645309,6000000075502037031,Shi Yunqin
Q45645354,6000000075485622894,Chen Zuyin
Q45645374,6000000075502281951,Shi Yunxi
Q45645416,6000000075484738473,Chen Zuyan
Q45645440,6000000075502387858,Shi Yuepeng
Q45645476,6000000075484837290,Chen Jinxi
Q45645506,6000000075502197917,Shi Yueyan
Q45645570,6000000075502230971,Shi Jieshi
Q45645632,6000000075502211957,Shi Jieran
Q45645659,6000000075485485968,Chen Gangzhong
Q45645695,6000000075501573307,Shi Renmei
Q45645756,6000000075502345856,Shi Renji
Q45645780,6000000075485351093,Chen Shiyin
Q45645821,6000000075501753249,Shi Huazhi
Q45645838,6000000075485731827,Chen Shikong
Q45645880,6000000075501614321,Shi Huaseng
Q45645899,6000000075485747846,Chen Shili
Q45645946,6000000075501573312,Shi Yongya
Q45645959,6000000075485264239,Chen Shisong
Q45646006,6000000075502356851,Shi Yongdao
Q45646019,6000000075485508001,Chen Chunfu
Q45646069,6000000075502414851,Shi Yongqing
Q45646081,6000000075485077197,Chen Nengqian
Q45646130,6000000075501384349,Shi Yonglin
Q45646139,6000000075485552993,Chen Qingbo
Q45646193,6000000075501343500,Shi Yongyi
Q45646201,6000000075485724889,Chen Chunlao
Q45646257,6000000075502379868,Shi Yongcong
Q45646261,6000000075485771840,Chen Chunbo
Q45646319,6000000075502451839,Shi Kejiu
Q45646321,6000000075485522963,Chen Chunzu
Q45646379,6000000075502273911,Shi Kejiu
Q45646440,6000000075485195238,Chen Kangnian
Q45646443,6000000075502438868,Shi Kewen
Q45646499,6000000075485623924,Chen Kangxi
Q45646504,6000000075502383890,Shi Keyong
Q45646560,6000000075485546947,Chen Xiangfu
Q45646569,6000000075501491321,Shi Kechen
Q45646631,6000000075502473843,Shi Kezong
Q45646677,6000000075485743863,Chen Weixin
Q45646693,6000000075502398862,Shi Kezhong
Q45646738,6000000075485750875,Chen Weigang
Q45646754,6000000075502187052,Shi Kedu
Q45646797,6000000075485077225,Chen Weide
Q45646816,6000000075502250021,Shi Kedu
Q45646858,6000000075485627906,Chen Chongde
Q45646879,6000000075502409950,Shi Kexuan
Q45646916,6000000075485623933,Chen Guocai
Q45646938,6000000075502116064,Shi Kexuan
Q45647035,6000000075485448031,Chen Guoqing
Q45647063,6000000075502133029,Shi Kechun
Q45647096,6000000075485708873,Chen Guoning
Q45647125,6000000075502445868,Shi Keqi
Q45647188,6000000075501614407,Shi Keduan
Q45647219,6000000075485803822,Chen Shaonian
Q45647251,6000000075502173110,Shi Kebian
Q45647283,6000000075485785844,Chen Shaoshu
Q45647313,6000000075502067118,Shi Keguan
Q45647375,6000000075501950214,Shi Zhengyi
Q45647437,6000000075502102106,Shi Zhengzong
Q45647498,6000000075501342462,Shi Zhengshou
Q45647560,6000000075501926158,Shi Zhengdai
Q45647583,6000000075485644956,Chen Yaozuo
Q45647622,6000000075502435890,Shi Zhengxin
Q45647643,6000000075485824822,Chen Yaoze
Q45647684,6000000075502474835,Shi Zhengshao
Q45647703,6000000075485237174,Chen Yaoying
Q45647746,6000000075502246033,Shi Zhengdao
Q45647808,6000000075502140021,Shi Zhengjiao
Q45647881,6000000075485265262,Chen Yaoju
Q45647941,6000000075485638953,Chen Longzhi
Q45647996,6000000075502451892,Shi Benyi
Q45647999,6000000075485035305,Chen Bogu
Q45648059,6000000075502025176,Shi Benxian
Q45648062,6000000075485676915,Chen Xuzhong
Q45648119,6000000075485192315,Chen Jingyuan
Q45648122,6000000075502363920,Shi Benru
Q45648184,6000000075501936210,Shi Benquan
Q45648240,6000000075485251161,Chen Jingyi
Q45648246,6000000075502481852,Shi Bencheng
Q45648299,6000000075485771885,Chen Jingdong
Q45648309,6000000075502466874,Shi Benhui
Q45648359,6000000075485411169,Chen Jingcan
Q45648371,6000000075501723336,Shi Benjiao
Q45648421,6000000075485192320,Chen Jingsu
Q45648434,6000000075502239050,Shi Zuoshen
Q45648480,6000000075485835835,Chen Xiangzhi
Q45648496,6000000075502371940,Shi Buna
Q45648540,6000000075485775888,Chen Xiangzu
Q45648559,6000000075500928589,Shi Shiqi
Q45648622,6000000075502173121,Shi Yibi
Q45648659,6000000075485721899,Chen Shunchen
Q45648686,6000000075502250039,Shi Lingzong
Q45648751,6000000075502421920,Shi Lingguan
Q45648781,6000000075485627928,Chen Shundao
Q45648813,6000000075502432905,Shi Yongliang
Q45648841,6000000075485721904,Chen Jidao
Q45648874,6000000075502510834,Shi Yongqin
Q45648899,6000000075485788889,Chen Zhifu
Q45648937,6000000075502411912,Shi Zaifu
Q45648961,6000000075485303148,Chen Yifu
Q45649002,6000000075502375926,Shi Youzong
Q45649021,6000000075485035333,Chen Yimin
Q45649065,6000000075501294403,Shi Youmin
Q45649082,6000000075485618912,Chen Daogu
Q45649142,6000000075485174170,Chen Daozhou
Q45649188,6000000075502525822,Shi Chongyi
Q45649202,6000000075485766870,Chen Daweng
Q45649252,6000000075502186026,Shi Chong?
Q45649263,6000000075485880822,Chen Yuzhi
Q45649313,6000000075502211032,Shi Ruming
Q45649322,6000000075484902444,Chen Yangshu
Q45649375,6000000075502483862,Shi Anfen
Q45649384,6000000075484738534,Chen Wannian
Q45649436,6000000075501766331,Shi Anyong
Q45649498,6000000075501984141,Shi Anju
Q45649504,6000000075484897456,Chen Baoxian
Q45649559,6000000075502543822,Shi Shouzhi
Q45649622,6000000075501573410,Shi Shouxun
Q45649625,6000000075485522994,Chen Chuanzu
Q45649681,6000000075501357411,Shi Shoujing
Q45649741,6000000075501999104,Shi Shoune
Q45649743,6000000075485868853,Chen Jingbang
Q45649801,6000000075485830853,Chen Jingguo
Q45649802,6000000075501764235,Shi Shoune
Q45649860,6000000075485680909,Chen Qichong
Q45649864,6000000075502342998,Shi Shouhui
Q45649919,6000000075485535011,Chen Binqing
Q45649925,6000000075502337929,Shi Shouchao
Q45649986,6000000075502508836,Shi Shouzhi
Q45650039,6000000075485868858,Chen Ruizhong
Q45650049,6000000075502422916,Shi Shouquan
Q45650097,6000000075484536592,Chen Shoupeng
Q45650158,6000000075485899822,Chen Shousun
Q45650172,6000000075502555823,Shi Shouzhang
Q45650217,6000000075485738931,Chen Jiayan
Q45650233,6000000075502133049,Shi Shoupu
Q45650295,6000000075502208993,Shi Shouzhao
Q45650335,6000000075485735907,Chen Jiayou
Q45650358,6000000075501168535,Shi Zhiye
Q45650422,6000000075502354978,Shi Jixiang
Q45650455,6000000075485270187,Chen Yujing
Q45650480,6000000075502140048,Shi Jixiang
Q45650514,6000000075485893827,Chen Yugui
Q45650542,6000000075502463891,Shi Youming
Q45650574,6000000075485816885,Chen Huaiqing
Q45650604,6000000075501044597,Shi Youpeng
Q45650667,6000000075502449917,Shi Youpeng
Q45650693,6000000075484965479,Chen Mengdou
Q45650726,6000000075502313976,Shi Youpeng
Q45650752,6000000075485797865,Chen Mengliang
Q45650786,6000000075502252081,Shi Younan
Q45650813,6000000075485422129,Chen Menglie
Q45650846,6000000075502248117,Shi Youji
Q45650873,6000000075485456025,Chen Mengyi
Q45650908,6000000075502252973,Shi Yougui
Q45650932,6000000075485767895,Chen Mengling
Q45650970,6000000075502407946,Shi Youkai
Q45650991,6000000075485270199,Chen Cangshu
Q45651030,6000000075501753369,Shi Youxu
Q45651049,6000000075485683949,Chen Chengqi
Q45651095,6000000075501969266,Shi Youxian
Q45651110,6000000075485473061,Chen Shiyong
Q45651155,6000000075502424953,Shi Youyan
Q45651171,6000000075485059388,Chen Shidao
Q45651219,6000000075502242023,Shi Youquan
Q45651232,6000000075485784897,Chen Tingfa
Q45651279,6000000075502285013,Shi Ziyong
Q45651342,6000000075501241497,Shi Zihui
Q45651352,6000000075485785881,Chen Dezhi
Q45651406,6000000075502023132,Shi Ziyuan
Q45651412,6000000075485775931,Chen Dezhi
Q45651469,6000000075502152064,Shi Zixun
Q45651472,6000000075485360144,Chen Dewu
Q45651530,6000000075502538865,Shi Zibao
Q45651531,6000000075485895836,Chen Dexiao
Q45651589,6000000075485927828,Chen Degao
Q45651593,6000000075502515859,Shi Ziyan
Q45651650,6000000075485862859,Chen Deyu
Q45651655,6000000075502355900,Shi Zijue
Q45651711,6000000075485422147,Chen Yisun
Q45651718,6000000075502343018,Shi Quanzong
Q45651771,6000000075485141308,Chen Zemin
Q45651780,6000000075502376934,Shi Quanliao
Q45651829,6000000075485504065,Chen Xianchen
Q45651841,6000000075501525393,Shi Quanju
Q45651904,6000000075502343028,Shi Quanyi
Q45651949,6000000075485481123,Chen Xingzhi
Q45651964,6000000075502464939,Shi Yangan
Q45652010,6000000075485306228,Chen Xingzong
Q45652068,6000000075485702913,Chen Guinian
Q45652091,6000000075502357958,Shi Zhongxiu
Q45652154,6000000075502487855,Shi Qiuqi
Q45652188,6000000075485896858,Chen Jizhong
Q45652215,6000000075502370006,Shi Zhongxun
Q45652247,6000000075485862868,Chen Yingdou
Q45652306,6000000075485857891,Chen Yingshen
Q45652341,6000000075502366005,Shi Zhongyuan
Q45652365,6000000075485352253,Chen Yingchen
Q45652392,6000000075502209025,Shi Zhongcan
Q45652453,6000000075502067203,Shi Zhongjiao
Q45652480,6000000075485460089,Chen Yingxiang
Q45652514,6000000075502585829,Shi Zhongxian
Q45652540,6000000075485911869,Chen Yinglong
Q45652599,6000000075485951824,Chen Yinglong
Q45652638,6000000075502343051,Shi Xingming
Q45652661,6000000075485349214,Chen Yingbi
Q45652701,6000000075502619825,Shi Xingchong
Q45652762,6000000075502535865,Shi Xingwei
Q45652785,6000000075485506044,Chen Maoqin
Q45652822,6000000075502491878,Shi Xingshao
Q45652845,6000000075485921848,Chen Maojian
Q45652884,6000000075502301057,Shi Xingqin
Q45652904,6000000075485731983,Chen Migao
Q45652948,6000000075502321015,Shi Xingshen
Q45652968,6000000075485923859,Chen Huiqing
Q45653010,6000000075501601408,Shi Xingying
Q45653028,6000000075485295267,Chen Zonggui
Q45653070,6000000075502608834,Shi Xingzhao
Q45653137,6000000075501537429,Shi Xingbiao
Q45653145,6000000075485826929,Chen Huaigu
Q45653197,6000000075501890240,Shi Xingning
Q45653204,6000000075485192371,Chen Huaixun
Q45653259,6000000075502037167,Shi Xingji
Q45653264,6000000075485805939,Chen Pengfei
Q45653323,6000000075502559840,Shi Ruji
Q45653384,6000000075485472191,Chen Jiaomin
Q45653385,6000000075502410103,Shi Rujie
Q45653445,6000000075502562851,Shi Rushang
Q45653508,6000000075501385500,Shi Ruxun
Q45653562,6000000075485752941,Chen Jianzhi
Q45653568,6000000075502641822,Shi Rujue
Q45653621,6000000075485265378,Chen Yanfu
Q45653629,6000000075502385000,Shi Rubao
Q45653681,6000000075485895884,Chen Xiangong
Q45653695,6000000075501940238,Shi Ruzhan
Q45653757,6000000075502364955,Shi Ruzhan
Q45653819,6000000075502529865,Shi Ruyan
Q45653859,6000000075485885877,Lu Fu
Q45653881,6000000075502528901,Shi Rulin
Q45653919,6000000075485762955,Lu Qing
Q45653941,6000000075502442969,Shi Rujing
Q45653980,6000000075485868949,Lu Bing
Q45654006,6000000075502032237,Shi Ruwen
Q45654041,6000000075485751001,Lu Hou
Q45654066,6000000075501940243,Shi Rujie
Q45654126,6000000075502420933,Shi Ruying
Q45654164,6000000075502070064,Shi Rubi
Q45654176,6000000075486057822,Lu Qi
Q45654228,6000000075502558886,Shi Rubao
Q45654236,6000000075485966878,Lu Jun
Q45654292,6000000075502412052,Shi Ruyan
Q45654354,6000000075502239100,Shi Liangyu
Q45654355,6000000075485031424,Lu Cong
Q45654415,6000000075485270248,Lu Yan
Q45654417,6000000075502549871,Shi Liangbi
Q45654474,6000000075485894861,Lu Tao
Q45654479,6000000075502330040,Shi Liangce
Q45654534,6000000075485774046,Lu Jing
Q45654539,6000000075502366013,Shi Zhiyi
Q45654595,6000000075485100331,Lu Meng
Q45654602,6000000075502476925,Shi Zhiyan
Q45654654,6000000075485447197,Lu Wan
Q45654664,6000000075502511875,Shi Zhihuai
Q45654715,6000000075486009844,Lu Jin
Q45654727,6000000075501936301,Shi Zhitian
Q45654773,6000000075485910894,Lu Mo
Q45654787,6000000075502173179,Shi Zhijian
Q45654833,6000000075485797962,Lu He
Q45654849,6000000075501687367,Shi Zhifeng
Q45654892,6000000075486029836,Lu Chan
Q45654910,6000000075501565290,Shi Zhiduan
Q45654969,6000000075502520859,Shi Zhiyuan
Q45655013,6000000075485875994,Lu Yan
Q45655031,6000000075502584864,Shi Zhimeng
Q45655132,6000000075485659026,Lu Ziju
Q45655192,6000000075485953879,Lu Wentong
Q45655217,6000000075502276111,Shi Chengjiao
Q45655253,6000000075485431127,Lu Yuanguang
Q45655279,6000000075502503897,Shi Jiekong
Q45655314,6000000075485291348,Lu Tianji
Q45655343,6000000075502653857,Shi Jiequan
Q45655373,6000000075485930879,Lu Shengyu
Q45655404,6000000075502583876,Shi Jiehuan
Q45655434,6000000075485903913,Lu Youchang
Q45655466,6000000075502401013,Shi Xinan
Q45655495,6000000075485447211,Lu Zhongming
Q45655528,6000000075502116121,Shi Guquan
Q45655556,6000000075485998826,Lu Zhongxi
Q45655590,6000000075502680834,Shi Guquan
Q45655616,6000000075485612063,Lu Yanhui
Q45655676,6000000075485944928,Lu Weizhong
Q45655714,6000000075502343118,Shi Yanmei
Q45655778,6000000075501962332,Shi Yanxun
Q45655796,6000000075486098822,Lu Ruoji
Q45655841,6000000075502684829,Shi Yanyu
Q45655853,6000000075485352330,Lu Shiyong
Q45655913,6000000075486036861,Lu Weizhong
Q45655966,6000000075502364977,Shi Yanshou
Q45656028,6000000075502260158,Shi Xibai
Q45656034,6000000075485314416,Lu Yaochen
Q45656091,6000000075502551869,Shi Xiyi
Q45656095,6000000075485323275,Lu Wanyou
Q45656153,6000000075502623911,Shi Xibiao
Q45656155,6000000075485752964,Lu Weizhi
Q45656213,6000000075485701021,Lu Zhenfa
Q45656214,6000000075502639886,Shi Xihua
Q45656273,6000000075502632850,Shi Xiwen
Q45656332,6000000075485693043,Lu Deguang
Q45656335,6000000075502303078,Shi Xizui
Q45656393,6000000075485874943,Lu Deyu
Q45656398,6000000075502345041,Shi Xiguang
Q45656453,6000000075484900409,Lu Huizhi
Q45656461,6000000075502639895,Shi Xijiao
Q45656514,6000000075484703551,Lu Huaidao
Q45656523,6000000075502591913,Shi Liyan
Q45656576,6000000075485934960,Lu Pengsheng
Q45656584,6000000075502204108,Shi Miaosheng
Q45656634,6000000075484601571,Tao Mu
Q45656643,6000000075502410128,Shi Miaoyin
Q45656697,6000000075486095836,Tao Zhong
Q45656707,6000000075502529918,Shi Miaopu
Q45656768,6000000075501241561,Shi Miaofeng
Q45656833,6000000075502560882,Shi Miaolun
Q45656878,6000000075485219323,Tao Ceng
Q45656894,6000000075502475936,Shi Miaosong
Q45656939,6000000075486027851,Tao Yi
Q45656958,6000000075502164135,Shi Miaopu
Q45657001,6000000075484900415,Tao Zhen
Q45657022,6000000075502669837,Shi Miaoshan
Q45657062,6000000075485686978,Tao Xun
Q45657086,6000000075502614854,Shi Miaoyun
Q45657128,6000000075485745004,Tao Jian
Q45657146,6000000075502710840,Shi Miaoxi
Q45657187,6000000075486073870,Tao Juren
Q45657207,6000000075501384500,Shi Miaohui
Q45657272,6000000075502526890,Shi Miaokan
Q45657307,6000000075485381175,Tao Shuxian
Q45657367,6000000075485033337,Tao Zaoyuan
Q45657396,6000000075502648852,Shi Miaoyan
Q45657427,6000000075485525206,Tao Chunqing
Q45657457,6000000075502239132,Shi Miaolian
Q45657519,6000000075502718826,Shi Miaoji
Q45657549,6000000075485735996,Tao Menggui
Q45657580,6000000075502258149,Shi Miaoying
Q45657608,6000000075485146362,Yin Yie
Q45657645,6000000075502653888,Shi Miaoqiong
Q45657669,6000000075485506112,Yin Youda
Q45657706,6000000075502583929,Shi Fayi
Q45657727,6000000075486154822,Yin Youyu
Q45657766,6000000075502529924,Shi Fajiu
Q45657787,6000000075486148828,Mei Qi
Q45657827,6000000075502289071,Shi Fawen
Q45657845,6000000075485718047,Mei Pan
Q45657904,6000000075486073887,Mei Xingsi
Q45657949,6000000075502010300,Shi Fayong
Q45658010,6000000075502721824,Shi Faping
Q45658025,6000000075486036903,Mei Shiju
Q45658069,6000000075502473976,Shi Faben
Q45658088,6000000075486137852,Mei Kuanfu
Q45658132,6000000075502385050,Shi Fayin
Q45658148,6000000075486022865,Mei Yingqi
Q45658195,6000000075502589885,Shi Faan
Q45658208,6000000075486059890,Chang Ming
Q45658255,6000000075501369612,Shi Fayin
Q45658267,6000000075485817057,Chang Jian
Q45658317,6000000075502608887,Shi Fayin
Q45658379,6000000075502621865,Shi Faquan
Q45658385,6000000075485694094,Chang Ting
Q45658440,6000000075502639909,Shi Fayan
Q45658501,6000000075502273131,Shi Facheng
Q45658505,6000000075485239345,Chang Yu
Q45658563,6000000075502532892,Shi Faxiu
Q45658565,6000000075486128878,Chang Yuanshao
Q45658624,6000000075486109868,Chang Yongzhi
Q45658625,6000000075502341982,Shi Faxiu
Q45658688,6000000075502239150,Shi Fazong
Q45658741,6000000075486116886,Chang Yanxin
Q45658746,6000000075502520916,Shi Falin
Q45658809,6000000075502601900,Shi Faju
Q45658860,6000000075486086913,Chong Danian
Q45658872,6000000075502475941,Shi Fazhong
Q45658981,6000000075485705034,Cui Tong
Q45658994,6000000075502638894,Shi Fazhou
Q45659041,6000000075485681072,Cui Quan
Q45659056,6000000075502632880,Shi Fachi
Q45659100,6000000075485893914,Cui Wan
Q45659119,6000000075502602890,Shi Faquan
Q45659160,6000000075486145837,Cui Yi
Q45659180,6000000075502243053,Shi Fahai
Q45659219,6000000075486183833,Cui Gong
Q45659242,6000000075502429965,Shi Fatai
Q45659282,6000000075486054912,Cui Zhi
Q45659302,6000000075502715844,Shi Fatai
Q45659343,6000000075485195399,Cui Geng
Q45659365,6000000075501867223,Shi Faneng
Q45659401,6000000075485753038,Cui Bao
Q45659428,6000000075502366037,Shi Faqing
Q45659460,6000000075484703595,Cui Huan
Q45659491,6000000075502704852,Shi Faqing
Q45659519,6000000075485711162,Cui Fa
Q45659552,6000000075501537506,Shi Fachang
Q45659579,6000000075485535141,Cui Qi
Q45659641,6000000075485830005,Cui Xian
Q45659681,6000000075502355967,Shi Fazhan
Q45659699,6000000075485930017,Cui Kuang
Q45659743,6000000075502321111,Shi Fayuan
Q45659760,6000000075485920957,Cui Gao
Q45659803,6000000075502355073,Shi Fazhao
Q45659819,6000000075485991910,Cui Fu
Q45659866,6000000075502531947,Shi Fahui
Q45659879,6000000075486078889,Cui Yu
Q45659930,6000000075502654892,Shi Fahui
Q45659937,6000000075486004940,Cui Shi
Q45659991,6000000075502644849,Shi Faning
Q45659998,6000000075485414231,Cui Fu
Q45660059,6000000075485953919,Cui Liang
Q45660115,6000000075502212163,Shi Faci
Q45660120,6000000075486186848,Cui Que
Q45660174,6000000075501867238,Shi Fahui
Q45660181,6000000075485980981,Cui Qiu
Q45660237,6000000075502364053,Shi Fahui
Q45660301,6000000075502376029,Shi Fayuan
Q45660304,6000000075485681089,Cui Hong
Q45660361,6000000075502660899,Shi Fadeng
Q45660426,6000000075502510042,Shi Faqian
Q45660483,6000000075485685063,Cui Zifang
Q45660487,6000000075502602910,Shi Faji
Q45660542,6000000075485100444,Cui Zhicai
Q45660548,6000000075502623958,Shi Faxun
Q45660604,6000000075486135887,Cui Youliang
Q45660613,6000000075502343210,Shi Fazheng
Q45660665,6000000075486176836,Cui Zhongli
Q45660674,6000000075502503948,Shi Fabao
Q45660724,6000000075485314458,Cui Zhongzheng
Q45660735,6000000075501981330,Shi Fayun
Q45660783,6000000075486197839,Cui Gongdu
Q45660798,6000000075502669900,Shi Fahu
Q45660863,6000000075502521956,Shi Fazan
Q45660907,6000000075485680086,Cui Zhongan
Q45660925,6000000075502665894,Shi Zongyuan
Q45660966,6000000075486152868,Cui Zhiheng
Q45660987,6000000075502273154,Shi Zongyin
Q45661025,6000000075485381215,Cui Bangbi
Q45661050,6000000075502741859,Shi Zongyin
Q45661085,6000000075486091931,Cui Xifu
Q45661113,6000000075502589906,Shi Zongshi
Q45661146,6000000075486165850,Cui Zongdan
Q45661175,6000000075501962389,Shi Zongxiu
Q45661207,6000000075485506160,Cui Zhigong
Q45661238,6000000075501890325,Shi Zongli
Q45661301,6000000075502774822,Shi Zongtan
Q45661327,6000000075485324357,Cui Zhaoming
Q45661362,6000000075502733847,Shi Zongmei
Q45661388,6000000075485887014,Cui Ruozhou
Q45661424,6000000075502300136,Shi Zongyao
Q45661448,6000000075485712046,Cui Ruoliang
Q45661506,6000000075485411389,Cui Ruoli
Q45661546,6000000075502615931,Shi Zongzhi
Q45661565,6000000075486118884,Cui Tangchen
Q45661606,6000000075502645956,Shi Zongfu
Q45661624,6000000075486017937,Cui Qizhi
Q45661666,6000000075502580978,Shi Zongda
Q45661683,6000000075485552285,Cui Guoyin
Q45661729,6000000075502683913,Shi Zonghui
Q45661790,6000000075502723848,Shi Zongyan
Q45661852,6000000075502786822,Shi Zongyan
Q45661861,6000000075485530241,Cui Huangchen
Q45661913,6000000075502785823,Shi Zonghui
Q45661920,6000000075485970985,Cui Xiangming
Q45661975,6000000075502140191,Shi Zongfan
Q45661980,6000000075486183865,Cui Duanchun
Q45662036,6000000075502648887,Shi Zongxiao
Q45662098,6000000075501986272,Shi Zongchan
Q45662099,6000000075486248838,Cui Yizheng
Q45662156,6000000075486259822,Cui Huaizhong
Q45662158,6000000075501704463,Shi Zongyi
Q45662217,6000000075502687871,Shi Zongyi
Q45662277,6000000075502748870,Shi Zongxi
Q45662331,6000000075486172905,Guo Jing
Q45662337,6000000075502798822,Shi Zongxian
Q45662393,6000000075485525275,Guo Hezhong
Q45662402,6000000075501777411,Shi Dingzhu
Q45662451,6000000075485174396,Bi Tian
Q45662464,6000000075502713909,Shi Dinghuan
Q45662513,6000000075485596176,Bi Sheng
Q45662526,6000000075502708934,Shi Xiaochang
Q45662572,6000000075486202832,Bi Zan
Q45662585,6000000075502401078,Shi Juyu
Q45662632,6000000075485431202,Bi Yunsheng
Q45662646,6000000075502689890,Shi Juze
Q45662705,6000000075502425027,Shi June
Q45662768,6000000075502515946,Shi Juhui
Q45662828,6000000075502334159,Shi Jushi
Q45662860,6000000075485677107,Bi Xianfu
Q45662949,6000000075502791840,Shi Jukuan
Q45662973,6000000075485323364,Lou Yuan
Q45663009,6000000075502742866,Shi Juhui
Q45663031,6000000075486226850,Lou Xuan
Q45663069,6000000075501889365,Shi Jujing
Q45663087,6000000075486285822,Lou Zhu
Q45663127,6000000075502576916,Shi Chenggu
Q45663184,6000000075502679898,Shi Chenghao
Q45663241,6000000075502269178,Shi Biaozi
Q45663259,6000000075485509181,Lou Yinliang
Q45663301,6000000075502726898,Shi Fengying
Q45663315,6000000075485935085,Lou Qianxia
Q45663357,6000000075502434086,Shi Fengzhen
Q45663371,6000000075485930984,Lou Kuanfu
Q45663416,6000000075502793845,Shi Changji
Q45663428,6000000075486294822,Lou Tiren
Q45663472,6000000075502814827,Shi Zhongxin
Q45663532,6000000075502697906,Shi Huyan
Q45663590,6000000075502188175,Shi Shangxian
Q45663648,6000000075502741875,Shi Mingyi
Q45663706,6000000075502686874,Shi Bingyong
Q45663762,6000000075502073207,Shi Zhibai
Q45663820,6000000075502674913,Shi Zhihe
Q45663822,6000000075486297838,Mo Meng
Q45663880,6000000075502477016,Shi Zhixin
Q45663934,6000000075486325822,Mo Ziwen
Q45663939,6000000075502607975,Shi Zhixi
Q45663989,6000000075486310831,Mo Zicai
Q45664044,6000000075486315827,Mo Shiren
Q45664052,6000000075502329119,Shi Zhize
Q45664108,6000000075502355176,Shi Hongying
Q45664151,6000000075486268834,Mo Qianzhi
Q45664164,6000000075501662605,Shi Hongzhun
Q45664207,6000000075486207844,Zhuang Fang
Q45664221,6000000075502446000,Shi Hongyin
Q45664262,6000000075485645277,Zhuang Guang
Q45664318,6000000075485840128,Zhuang Xu
Q45664334,6000000075502826827,Shi Yanchong
Q45664391,6000000075502412175,Shi Yanshen
Q45664453,6000000075502797872,Shi Yankang
Q45664483,6000000075486283855,Zhuang Fu
Q45664509,6000000075502790832,Shi Yanyuan
Q45664536,6000000075485969984,Zhuang Xingcheng
Q45664624,6000000075502624011,Mian Xianjie
Q45664647,6000000075485599168,Zhuang Tongsun
Q45664682,6000000075502364099,Shi Xianrun
Q45664737,6000000075502788867,Shi Qizheng
Q45664756,6000000075485619180,Zhuang Rouzheng
Q45664792,6000000075502845822,Shi Qiyi
Q45664809,6000000075486138900,Zhuang Shixiong
Q45664847,6000000075502825841,Shi Gongchen
Q45664863,6000000075486152937,Zhuang Mida
Q45664903,6000000075502424084,Shi Shengqi
Q45664917,6000000075486093929,Zhuang Mishao
Q45664971,6000000075485146433,Yu Qian
Q45665015,6000000075502755907,Shi Shengcong
Q45665024,6000000075486252868,Yu Zhongxiu
Q45665071,6000000075502651936,Shi Shenghuai
Q45665078,6000000075485949025,Yu Zhouwu
Q45665125,6000000075502805858,Shi Enyun
Q45665131,6000000075486331828,Yu Chongliang
Q45665181,6000000075502758922,Shi Sigu
Q45665185,6000000075486241899,Fu Zai
Q45665238,6000000075502708994,Shi Siwu
Q45665240,6000000075486362845,Fu Gongzhi
Q45665291,6000000075485751167,Fu Daoyin
Q45665292,6000000075502815836,Shi Sijing
Q45665349,6000000075502345154,Shi Simin
Q45665400,6000000075485722087,Feng Jie
Q45665404,6000000075502581019,Shi Siyi
Q45665459,6000000075502646017,Shi Siyi
Q45665510,6000000075486258917,Feng Xiu
Q45665517,6000000075502430078,Shi Sizhao
Q45665564,6000000075485906133,Feng Yuan
Q45665573,6000000075501890352,Shi Sicong
Q45665619,6000000075486301881,Feng Hang
Q45665629,6000000075502858822,Shi Sicong
Q45665686,6000000075502840826,Shi Zhaoqing
Q45665726,6000000075486103966,Feng Kuang
Q45665741,6000000075502555986,Shi Zhaojiao
Q45665796,6000000075502670940,Shi Zezhi
Q45665824,6000000075502693937,Shi Ruoshui
Q45665878,6000000075502531979,Shi Ruofen
Q45665907,6000000075486366863,Feng Xiang
Q45665931,6000000075501917359,Shi Ruone
Q45665962,6000000075486395855,Feng Ya
Q45665987,6000000075501384612,Shi Ruone
Q45666015,6000000075485360381,Feng Cheng
Q45666043,6000000075502421044,Shi Ruoyu
Q45666069,6000000075485970058,Feng Jie
Q45666098,6000000075502836847,Shi Ruoguan
Q45666153,6000000075502670945,Shi Zhongxuan
Q45666174,6000000075486148999,Feng Zhi
Q45666208,6000000075502539048,Shi Zhongxi
Q45666228,6000000075486070078,Feng Qia
Q45666263,6000000075502841850,Shi Zhongbian
Q45666280,6000000075486021033,Feng Bing
Q45666319,6000000075502711931,Shi Baoxian
Q45666375,6000000075502747900,Shi Baocong
Q45666389,6000000075486353879,Feng Zhen
Q45666442,6000000075486445829,Feng Shu
Q45666485,6000000075502741895,Shi Zuyuan
Q45666495,6000000075486074021,Feng Qing
Q45666541,6000000075502687970,Shi Zuri
Q45666597,6000000075502689970,Shi Zuxian
Q45666605,6000000075485552381,Feng Yi
Q45666652,6000000075502710943,Shi Zunan
Q45666658,6000000075485377404,Feng Hua
Q45666707,6000000075502783879,Shi Zuzhen
Q45666717,6000000075485599251,Feng Hui
Q45666763,6000000075502854862,Shi Zuxin
Q45666775,6000000075485693233,Feng Can
Q45666819,6000000075502809881,Shi Zuxiang
Q45666829,6000000075486144977,Feng Zhan
Q45666874,6000000075502711936,Shi Zutang
Q45666929,6000000075502776892,Shi Zushao
Q45666985,6000000075502868859,Shi Zuzhi
Q45667044,6000000075486305943,Feng Jing
Q45667094,6000000075502739906,Shi Zuyuan
Q45667097,6000000075486481830,Feng Gao
Q45667147,6000000075502865828,Shi Zuyi
Q45667149,6000000075485430472,Feng Xi
Q45667202,6000000075486391888,Feng Shou
Q45667203,6000000075502805945,Shi Zudao
Q45667253,6000000075486194982,Feng Cheng
Q45667257,6000000075502897822,Shi Zuxian
Q45667305,6000000075485606325,Feng Shi
Q45667311,6000000075502832840,Shi Zubiao
Q45667359,6000000075486237956,Feng Lv
Q45667367,6000000075501889400,Shi Zuhui
Q45667420,6000000075502599926,Shi Zujiao
Q45667462,6000000075485645387,Feng Zun
Q45667474,6000000075502822850,Shi Zujian
Q45667512,6000000075486381909,Feng Zhen
Q45667526,6000000075502861841,Shi Miyan
Q45667562,6000000075486304963,Feng Li
Q45667580,6000000075502729015,Shi Shenji
Q45667634,6000000075502892838,Shi Wuxin
Q45667686,6000000075502844876,Shi Wuben
Q45667715,6000000075486032134,Feng Jin
Q45667740,6000000075502811899,Shi Wuming
Q45667767,6000000075485929124,Feng Kuang
Q45667793,6000000075502188218,Shi Wuchun
Q45667820,6000000075486172115,Feng Duo
Q45667844,6000000075502543999,Shi Wuli
Q45667870,6000000075485929129,Feng Su
Q45667897,6000000075502740928,Shi Wuchao
Q45667923,6000000075485869244,Feng Guan
Q45667951,6000000075502446016,Shi Wuquan
Q45667975,6000000075486091070,Feng Ji
Q45668004,6000000075502329158,Shi Yuanzhao
Q45668023,6000000075485973174,Feng Yide
Q45668059,6000000075502668953,Shi Zhenxiu
Q45668075,6000000075486533825,Feng Dayou
Q45668114,6000000075502343285,Shi Zhenjing
Q45668125,6000000075486235983,Feng Dajun
Q45668165,6000000075502341270,Shi Zhenci
Q45668176,6000000075485840310,Feng Jiuzhao
Q45668219,6000000075502915822,Shi Zhenhui
Q45668275,6000000075502508074,Shi Zhenbao
Q45668277,6000000075486486897,Feng Wenzhi
Q45668329,6000000075502330229,Shi Yuanjiao
Q45668377,6000000075486034052,Feng Yuanbu
Q45668378,6000000075502102412,Shi Taiqin
Q45668427,6000000075486417906,Feng Tianyou
Q45668431,6000000075502106341,Shi Yiyu
Q45668478,6000000075486011174,Feng Rixuan
Q45668483,6000000075502140273,Shi Xiuxian
Q45668529,6000000075486114150,Feng Yunzhong
Q45668537,6000000075502805963,Shi Xiuguang
Q45668589,6000000075502685050,Shi Xiufan
Q45668629,6000000075486362985,Feng Quji
Q45668646,6000000075502188234,Shi Shiyi
Q45668680,6000000075486165101,Feng Shining
Q45668697,6000000075502905845,Shi Shiyu
Q45668749,6000000075502212309,Shi Shian
Q45668782,6000000075486438957,Feng Anguo
Q45668799,6000000075502714917,Shi Shixu
Q45668858,6000000075502786924,Shi Shixun
Q45668884,6000000075486316024,Feng Youshuo
Q45668908,6000000075502921839,Shi Shishao
Q45668933,6000000075486568834,Feng Zhongye
Q45668960,6000000075502901851,Shi Shishan
Q45668983,6000000075486287042,Feng Ruyu
Q45669009,6000000075502574957,Shi Shirui
Q45669031,6000000075486391955,Feng Yanxi
Q45669062,6000000075502926822,Shi Shishou
Q45669082,6000000075486306011,Feng Bogui
Q45669132,6000000075486409954,Feng Bangzuo
Q45669164,6000000075502913826,Shi Shijian
Q45669180,6000000075486298012,Feng Zongdao
Q45669214,6000000075502899856,Shi Shiti
Q45669228,6000000075486483920,Feng Chengyong
Q45669262,6000000075502797933,Shi Nengshi
Q45669274,6000000075486431941,Feng Chengxu
Q45669312,6000000075502711970,Shi Chunbai
Q45669360,6000000075501662657,Shi Chuncui
Q45669368,6000000075486601822,Feng Yijian
Q45669415,6000000075486473928,Feng Yanjie
Q45669461,6000000075502740987,Shi Qingji
Q45669510,6000000075502906851,Shi Qingdan
Q45669512,6000000075485855093,Feng Xinke
Q45669560,6000000075502840870,Shi Qingxiu
Q45669563,6000000075486521868,Feng Tingjian
Q45669608,6000000075502620022,Shi Qingyan
Q45669610,6000000075486284033,Feng Shizhong
Q45669703,6000000075486555862,Feng Xunzhi
Q45669706,6000000075502936858,Shi Qingliang
Q45669750,6000000075485959168,Feng Yaofu
Q45669755,6000000075502822892,Shi Qingfan
Q45669799,6000000075486570850,Feng Yueshi
Q45669806,6000000075502685097,Shi Qingjiao
Q45669846,6000000075486162089,Feng Boya
Q45669856,6000000075502688032,Shi Qingshun
Q45669893,6000000075485053648,Feng Pengnian
Q45669907,6000000075502936863,Shi Qingshun
Q45669941,6000000075485808190,Feng Doutong
Q45669955,6000000075502674015,Shi Qingyuan
Q45669990,6000000075486324009,Feng Jincheng
Q45670006,6000000075502692936,Shi Qingbing
Q45670038,6000000075486114168,Feng Duanrong
Q45670106,6000000075502907865,Shi Qingche
Q45670155,6000000075502476114,Shi Qinghuo
Q45670177,6000000075486575872,Feng Yingzhi
Q45670202,6000000075502809971,Shi Qingsong
Q45670250,6000000075502867874,Shi Qingjiao
Q45670270,6000000075486527919,Feng Guanguo
Q45670297,6000000075502347114,Shi Jingquan
Q45670315,6000000075485481567,You Yuan
Q45670347,6000000075501952358,Shi Jingwu
Q45670361,6000000075486553890,You Jiang
Q45670396,6000000075502729078,Shi Jingzhen
Q45670407,6000000075485100728,You Bing
Q45670443,6000000075502732967,Shi Jingfan
Q45670454,6000000075486048107,You Zhao
Q45670490,6000000075502631055,Shi Jinghui
Q45670502,6000000075486271052,You Gui
Q45670539,6000000075502495078,Shi Jingye
Q45670548,6000000075485239666,You Ni
Q45670595,6000000075502706032,Shi Jingduan
Q45670609,6000000075485751279,You Bin
Q45670641,6000000075502830900,Shi Jingtan
Q45670658,6000000075486234035,You Kai
Q45670689,6000000075501890402,Shi Jingxian
Q45670738,6000000075502956833,Shi Jinghuan
Q45670752,6000000075486486975,You Sun
Q45670786,6000000075502412264,Shi Jingqin
Q45670797,6000000075486480899,You Fu
Q45670835,6000000075502786944,Shi Mayi
Q45670843,6000000075486278100,You Yi
Q45670885,6000000075501926499,Shi Weiyi
Q45670890,6000000075486591882,You Jing
Q45670933,6000000075502661058,Shi Weiyi
Q45670981,6000000075502869898,Shi Weizhong
Q45670985,6000000075486612922,You Zhongfu
Q45671029,6000000075486650852,You Zhongfu
Q45671030,6000000075502522163,Shi Weiyue
Q45671077,6000000075486605901,You Shaoyou
Q45671080,6000000075502604138,Shi Weizheng
Q45671123,6000000075486744839,You Cigong
Q45671133,6000000075502646036,Shi Weizhong
Q45671183,6000000075502556029,Shi Weizheng
Q45671217,6000000075486493937,You Baikui
Q45671232,6000000075502164294,Shi Weidi
Q45671263,6000000075486432073,You Kejing
Q45671281,6000000075502575023,Shi Weize
Q45671309,6000000075486521988,You Guanqing
Q45671379,6000000075502563102,Shi Weijing
Q45671402,6000000075485481641,Tang Qi
Q45671428,6000000075502656029,Shi Weiwo
Q45671448,6000000075486219165,Tang Hui
Q45671477,6000000075502646041,Shi Weishi
Q45671495,6000000075486294115,Tang Jian
Q45671525,6000000075502781990,Shi Weishan
Q45671544,6000000075486591943,Tang Zhi
Q45671573,6000000075502871886,Shi Weisheng
Q45671618,6000000075502864878,Shi Weijing
Q45671633,6000000075486701876,Tang Mo
Q45671665,6000000075502862891,Shi Weiyin
Q45671680,6000000075486429089,Tang Xu
Q45671713,6000000075502797954,Shi Weifeng
Q45671762,6000000075502581999,Shi Weijin
Q45671775,6000000075486769831,Tang Lu
Q45671810,6000000075502857875,Shi Weijian
Q45671818,6000000075486631896,Tang Zisheng
Q45671860,6000000075502482082,Shi Weiyan
Q45671866,6000000075486690871,Tang Dafang
Q45671906,6000000075502440160,Shi Huashu
Q45671951,6000000075502796943,Shi Fancai
Q45671998,6000000075502706037,Shi Fanguang
Q45672046,6000000075502092334,Shi Fanzhen
Q45672047,6000000075486631918,Tang Xiaoxin
Q45672091,6000000075485887398,Tang Boyang
Q45672093,6000000075502901910,Shi Tonghui
Q45672141,6000000075502771947,Shi Wuben
Q45672182,6000000075486639961,Tang Shuyong
Q45672189,6000000075502965840,Shi Qiankang
Q45672242,6000000075502329237,Shi Zongzhen
Q45672288,6000000075502955842,Shi Chuyuan
Q45672321,6000000075486377055,Tang Shensou
Q45672335,6000000075502971830,Shi Chuliang
Q45672369,6000000075486822836,Zhan Cun
Q45672386,6000000075502164317,Shi Chuxian
Q45672415,6000000075485888505,Zhan Heng
Q45672433,6000000075502575039,Shi Chuqian
Q45672460,6000000075486754872,Zhan Ruo
Q45672484,6000000075502740997,Shi Changcong
Q45672508,6000000075486786858,Zhan Ruo
Q45672533,6000000075502956878,Shi Xizhan
Q45672554,6000000075486752877,Zhan Zhizhong
Q45672580,6000000075503002834,Shi Xiyan
Q45672600,6000000075486581037,Zhan Gangzhong
Q45672645,6000000075486627029,Tong Sheng
Q45672679,6000000075503019822,Shi Congmi
Q45672728,6000000075501917437,Shi Congdeng
Q45672739,6000000075486474052,Tong Can
Q45672777,6000000075502888875,Shi Congya
Q45672784,6000000075486832841,Tong Fei
Q45672824,6000000075502521053,Shi Congyi
Q45672829,6000000075486817876,Tong Chao
Q45672874,6000000075502632131,Shi Congyan
Q45672877,6000000075485888538,Tong Yi
Q45672920,6000000075502864900,Shi Congyu
Q45672921,6000000075486250105,Tong Ying
Q45672965,6000000075486609998,Tong Baniang
Q45672966,6000000075502782007,Shi Jiaoyuan
Q45673011,6000000075486516042,Tong Renyi
Q45673015,6000000075502376150,Shi Minxing
Q45673057,6000000075486872822,Tong Bida
Q45673063,6000000075502946877,Shi Minchuan
Q45673103,6000000075486837841,Tong Boyu
Q45673111,6000000075502995850,Shi Shaoyuan
Q45673158,6000000075502690064,Shi Shaoyue
Q45673203,6000000075502669049,Shi Shaozong
Q45673240,6000000075486753897,Fu Gun
Q45673249,6000000075502690074,Shi Shaozong
Q45673286,6000000075486815856,Fu Xie
Q45673297,6000000075501894461,Shi Shaozhong
Q45673330,6000000075486311179,Ning Can
Q45673344,6000000075501537704,Shi Shaonan
Q45673372,6000000075486790876,Ning Jun
Q45673387,6000000075502983847,Shi Shaozu
Q45673479,6000000075502321323,Shi Jilong
Q45673504,6000000075486906822,Ning Shifeng
Q45673522,6000000075502482112,Shi Shaolong
Q45673549,6000000075485599546,Ning Zhixian
Q45673568,6000000075502840905,Shi Shaosong
Q45673591,6000000075486471016,Zeng Dan
Q45673616,6000000075502966873,Shi Shaoxi
Q45673635,6000000075486329227,Zeng Cun
Q45673662,6000000075502692948,Shi Shaode
Q45673678,6000000075485879394,Zeng Guang
Q45673706,6000000075502939855,Shi Shaojiao
Q45673720,6000000075486412131,Zeng Xian
Q45673749,6000000075502973855,Shi Shaojian
Q45673760,6000000075486522088,Zeng Ji
Q45673793,6000000075501890477,Shi Pujiao
Q45673802,6000000075486888849,Zeng Hong
Q45673837,6000000075503028837,Shi Puming
Q45673845,6000000075486690906,Zeng Yuan
Q45673880,6000000075502766020,Shi Pudu
Q45673886,6000000075486835858,Zeng Bing
Q45673924,6000000075502023349,Shi Puji
Q45673965,6000000075502102489,Shi Puji
Q45673967,6000000075485908361,Zeng Yi
Q45674006,6000000075486925836,Zeng Ji
Q45674009,6000000075502813960,Shi Puxuan
Q45674047,6000000075485908367,Zeng Ban
Q45674051,6000000075502574053,Shi Shanyue
Q45674094,6000000075501662704,Shi Shanben
Q45674128,6000000075486768886,Zeng Chun
Q45674136,6000000075502952883,Shi Shansheng
Q45674180,6000000075503050822,Shi Shanxiu
Q45674224,6000000075502329285,Shi Shanzhen
Q45674252,6000000075486841875,Zeng Li
Q45674291,6000000075486798925,Zeng Hua
Q45674308,6000000075502856939,Shi Shanxin
Q45674333,6000000075486670904,Zeng Fu
Q45674353,6000000075502575059,Shi Shanwu
Q45674394,6000000075502734007,Shi Shanneng
Q45674410,6000000075486815880,Zeng Huan
Q45674436,6000000075502685130,Shi Shanneng
Q45674451,6000000075486219282,Zeng Kai
Q45674479,6000000075502886940,Shi Shantong
Q45674491,6000000075486513070,Zeng Xun
Q45674523,6000000075503020858,Shi Shanbin
Q45674532,6000000075486761013,Zeng Rong
Q45674565,6000000075503041833,Shi Shanchong
Q45674609,6000000075502412335,Shi Shanrong
Q45674613,6000000075486742953,Zeng Feng
Q45674649,6000000075501890496,Shi Shanhui
Q45674651,6000000075486787944,Zeng Yi
Q45674692,6000000075485705518,Zeng Yu
Q45674693,6000000075502387236,Shi Shanxi
Q45674731,6000000075486952850,Zeng Lv
Q45674736,6000000075503060835,Shi Shanxian
Q45674771,6000000075486723918,Zeng E
Q45674778,6000000075502719062,Shi Shanying
Q45674809,6000000075486581122,Zeng Ji
Q45674817,6000000075501867392,Shi Shanquan
Q45674849,6000000075486810920,Zeng Yi
Q45674860,6000000075503012881,Shi Dunzhao
Q45674887,6000000075486866858,Zeng Xun
Q45674903,6000000075502619030,Shi Yunlin
Q45674926,6000000075486590041,Zeng Jiao
Q45674943,6000000075503068825,Shi Yunda
Q45674953,6000000075502450206,Shi Yunbian
Q45674971,6000000075503074824,Shi Huili
Q45675009,6000000075502367255,Shi Huixing
Q45675021,6000000075486739968,Zeng Ziyuan
Q45675051,6000000075502797991,Shi Huiyan
Q45675061,6000000075486723930,Ceng Shizhuo
Q45675094,6000000075502616176,Shi Huiding
Q45675101,6000000075486592105,Zeng Shixian
Q45675132,6000000075503083824,Shi Huiming
Q45675140,6000000075486932850,Zeng Zhijin
Q45675177,6000000075502937895,Shi Huiquan
Q45675180,6000000075485869480,Zeng Wenzhong
Q45675218,6000000075486807944,Zeng Wenzhao
Q45675221,6000000075503090822,Shi Huizhen
Q45675257,6000000075486866866,Zeng Yuangui
Q45675261,6000000075502612138,Shi Huizhen
Q45675295,6000000075486624091,Zeng Yuanzhong
Q45675301,6000000075502788019,Shi Huishen
Q45675341,6000000075503020879,Shi Huiyuan
Q45675371,6000000075486683986,Zeng Minzhan
Q45675383,6000000075502711060,Shi Huikang
Q45675412,6000000075486436285,Zeng Yongliang
Q45675423,6000000075502851959,Shi Huiji
Q45675451,6000000075486795903,Zeng Rulin
Q45675461,6000000075503018864,Shi Huitong
Q45675486,6000000075486914875,Zeng Anzhong
Q45675501,6000000075503033848,Shi Huitong
Q45675540,6000000075503029900,Shi Huichong
Q45675560,6000000075486838893,Zeng Anqiang
Q45675584,6000000075502669106,Shi Huilong
Q45675600,6000000075487006823,Zeng Shouyue
Q45675623,6000000075502620161,Shi Huiqin
Q45675636,6000000075486905851,Zeng Shizhong
Q45675666,6000000075502727086,Shi Huiguang
Q45675703,6000000075502741072,Shi Huiqian
Q45675742,6000000075503032867,Shi Huixian
Q45675746,6000000075486621054,Zeng Ruji
Q45675781,6000000075502885997,Shi Huiyan
Q45675783,6000000075486903866,Zeng Jigu
Q45675819,6000000075486939870,Zeng Chengshu
Q45675821,6000000075502329304,Shi Huibian
Q45675854,6000000075486949878,Zeng Yangui
Q45675859,6000000075502688139,Shi Shengqin
Q45675896,6000000075502788038,Shi Chaoran
Q45675929,6000000075486425158,Zeng Zudao
Q45675966,6000000075486816926,Zeng Yuanyi
Q45675974,6000000075503121822,Shi Chaoxin
Q45676003,6000000075486618042,Zeng Yuanwu
Q45676011,6000000075503112836,Shi Sishou
Q45676039,6000000075486770976,Zeng Xiyan
Q45676076,6000000075486996845,Zeng Fengzhen
Q45676092,6000000075502616210,Shi Xuji
Q45676112,6000000075485928434,Zeng Fenglong
Q45676134,6000000075503019881,Shi Jingyuan
Q45676173,6000000075501704634,Shi Jingchun
Q45676212,6000000075503039863,Shi Jingchun
Q45676251,6000000075502847034,Shi Jingjian
Q45676263,6000000075486771990,Zeng Xingzong
Q45676292,6000000075503132822,Shi Jingxian
Q45676300,6000000075487034838,Zeng Yingzhang
Q45676331,6000000075502620166,Shi Weicai
Q45676335,6000000075487016856,Zeng Yuelin
Q45676370,6000000075502688165,Shi Wuyong
Q45676372,6000000075486708022,Tan Qingyuan
Q45676407,6000000075485928445,Huang Kang
Q45676408,6000000075502847039,Shi Yongmian
Q45676442,6000000075487041823,Huang You
Q45676477,6000000075487051822,Huang Zhong
Q45676482,6000000075502690165,Shi Wuyan
Q45676519,6000000075502482148,Shi Wujin
Q45676546,6000000075486250192,Huang Jie
Q45676558,6000000075502424235,Shi Zhicai
Q45676595,6000000075502983907,Shi Zhiri
Q45676616,6000000075486763942,Huang Shi
Q45676631,6000000075501687656,Shi Zhiyong
Q45676649,6000000075487050825,Huang Zha
Q45676668,6000000075501565499,Shi Zhiping
Q45676707,6000000075503050859,Shi Zhiben
Q45676724,6000000075485855318,Huang Shen
Q45676743,6000000075503099831,Shi Zhiben
Q45676759,6000000075487068828,Huang Shen
Q45676780,6000000075502907933,Shi Zhiye
Q45676795,6000000075486984883,Huang Tai
Q45676819,6000000075502194417,Shi Zhixian
Q45676830,6000000075487055836,Huang Pu
Q45676853,6000000075501565504,Shi Zhiquan
Q45676864,6000000075486901884,Huang Tong
Q45676889,6000000075503134849,Shi Zhizi
Q45676898,6000000075486649990,Huang Yan
Q45676929,6000000075503070833,Shi Zhijing
Q45676932,6000000075486993857,Huang Fen
Q45676963,6000000075503065851,Shi Zhixing
Q45676965,6000000075486539191,Huang Hong
Q45676997,6000000075503047877,Shi Zhilin
Q45677000,6000000075487043866,Huang Chen
Q45677034,6000000075503125830,Shi Zhiming
Q45677035,6000000075486947899,Huang Jun
Q45677068,6000000075502759135,Shi Zhihai
Q45677103,6000000075503089883,Shi Zhizhu
Q45677139,6000000075503023871,Shi Zhiqing
Q45677174,6000000075502869027,Shi Zhishen
Q45677211,6000000075502964966,Shi Zhichun
Q45677238,6000000075486753209,Huang Yu
Q45677246,6000000075502413240,Shi Zhine
Q45677271,6000000075487255878,Huang Zhou
Q45677280,6000000075501537776,Shi Zhitong
Q45677303,6000000075487074004,Huang Zhuo
Q45677316,6000000075502482154,Shi Zhilian
Q45677340,6000000075487383828,Huang Hu
Q45677351,6000000075502925974,Shi Zhizhen
Q45677386,6000000075502023389,Shi Zhiqing
Q45677405,6000000075487367854,Huang Shi
Q45677424,6000000075502560140,Shi Zhiyuan
Q45677440,6000000075487364843,Huang Mu
Q45677464,6000000075502907956,Shi Zhilian
Q45677474,6000000075485705746,Huang Hong
Q45677533,6000000075503129867,Xutang Zhiyu
Q45677539,6000000075487023010,Huang Qia
Q45677568,6000000075503174837,Shi Zhifu
Q45677572,6000000075487282925,Huang Zhu
Q45677603,6000000075502586120,Shi Zhixian
Q45677605,6000000075487310890,Huang Yi
Q45677638,6000000075487387835,Huang Xuan
Q45677639,6000000075502905957,Shi Zhixian
Q45677670,6000000075486927159,Huang Mei
Q45677674,6000000075503054880,Shi Zhiyuan
Q45677702,6000000075487382835,Huang Bing
Q45677709,6000000075502814058,Shi Zhideng
Q45677736,6000000075487191936,Huang Bing
Q45677745,6000000075503058891,Shi Zhirong
Q45677769,6000000075487165961,Huang Ge
Q45677784,6000000075502785069,Shi Zhitan
Q45677803,6000000075486920081,Huang Ji
Q45677818,6000000075501867425,Shi Zhixian
Q45677835,6000000075487430827,Huang Gong
Q45677853,6000000075503032938,Shi Zhiyan
Q45677869,6000000075487182946,Huang Si
Q45677887,6000000075502903036,Shi Zhiguan
Q45677899,6000000075487400827,Huang Di
Q45677921,6000000075503000962,Shi Jinying
Q45677931,6000000075487111993,Huang Jun
Q45677958,6000000075503123864,Shi Fuji
Q45677964,6000000075486250390,Huang Yi
Q45677993,6000000075503102861,Shi Shunwan
Q45678000,6000000075486702222,Huang Xun
Q45678028,6000000075503142883,Shi Yuanzhi
Q45678033,6000000075486382400,Huang Yu
Q45678066,6000000075487112006,Huang Lie
Q45678067,6000000075502610141,Shi Yingke
Q45678130,6000000075486613218,Huang Pou
Q45678140,6000000075502843936,Shi Yiguang
Q45678164,6000000075487460822,Huang Ti
Q45678197,6000000075487456834,Huang Chu
Q45678209,6000000075502983917,Shi Yishen
Q45678230,6000000075487364861,Huang Lun
Q45678245,6000000075503043886,Shi Yiyun
Q45678281,6000000075502413269,Shi Yilong
Q45678298,6000000075487453824,Huang Zhang
Q45678317,6000000075502428183,Shi Yicheng
Q45678332,6000000075487270934,Huang Yin
Q45678351,6000000075502341376,Shi Yixia
Q45678387,6000000075502957003,Shi Daoyuan
Q45678422,6000000075502887967,Shi Daoyuan
Q45678456,6000000075502610150,Shi Daoyue
Q45678464,6000000075487049962,Huang Yan
Q45678492,6000000075501894545,Shi Daosheng
Q45678498,6000000075487400868,Huang Cong
Q45678526,6000000075502698081,Shi Daoxian
Q45678562,6000000075503128872,Shi Daoan
Q45678597,6000000075487060981,Huang Xun
Q45678599,6000000075503207840,Shi Daoguang
Q45678630,6000000075487053996,Huang Deng
Q45678634,6000000075502364297,Shi Daoyin
Q45678667,6000000075503057899,Shi Daoquan
Q45678694,6000000075487425844,Huang Lun
Q45678700,6000000075503143859,Shi Daoquan
Q45678727,6000000075487371877,Huang Ji
Q45678733,6000000075502023411,Shi Daoru
Q45678758,6000000075486668171,Huang Ji
Q45678769,6000000075502376242,Shi Daochong
Q45678793,6000000075487425849,Huang Di
Q45678806,6000000075503054923,Shi Daoyan
Q45678825,6000000075487026952,Huang Jing
Q45678840,6000000075503217840,Shi Daoheng
Q45678857,6000000075487068060,Huang Jing
Q45678874,6000000075501740547,Shi Daohong
Q45678889,6000000075486987045,Huang Chang
Q45678913,6000000075503190859,Shi Daocheng
Q45678923,6000000075485952645,Huang Miao
Q45678947,6000000075503070847,Shi Daoguo
Q45678955,6000000075487466832,Huang Kai
Q45678982,6000000075503122894,Shi Daoguo
Q45678988,6000000075487283971,Huang Fu
Q45679017,6000000075502129549,Shi Daomin
Q45679022,6000000075487126951,Huang Yong
Q45679051,6000000075502898953,Shi Daochang
Q45679086,6000000075502913020,Shi Daoying
Q45679088,6000000075487049986,Huang Tao
Q45679120,6000000075487478856,Huang Bu
Q45679121,6000000075503052929,Shi Daomao
Q45679153,6000000075487321947,Huang Bian
Q45679155,6000000075501867464,Shi Daorong
Q45679190,6000000075502140414,Shi Daogong
Q45679220,6000000075486743233,Huang Qun
Q45679226,6000000075503203838,Shi Daoyuan
Q45679261,6000000075503158902,Shi Daoqing
Q45679297,6000000075502944938,Shi Daoqing
Q45679322,6000000075486947102,Huang Chun
Q45679336,6000000075502949994,Shi Daojian
Q45679369,6000000075502446156,Shi Daochang
Q45679406,6000000075503128894,Shi Daoyun
Q45679423,6000000075486382469,Huang Zhao
Q45679443,6000000075502909033,Shi Daochen
Q45679459,6000000075487421868,Huang Tui
Q45679479,6000000075503112906,Shi Daolong
Q45679495,6000000075487489840,Huang Kui
Q45679514,6000000075502914015,Shi Daolong
Q45679527,6000000075487508873,Huang Yue
Q45679549,6000000075502575106,Shi Daoqing
Q45679562,6000000075486725212,Huang Hu
Q45679586,6000000075503052961,Shi Daoqin
Q45679595,6000000075487361953,Huang Qi
Q45679621,6000000075502864002,Shi Daoyuan
Q45679630,6000000075487243979,Huang Gao
Q45679692,6000000075503115914,Shi Daoquan
Q45679697,6000000075487163065,Huang Xi
Q45679729,6000000075503031938,Shi Daoquan
Q45679799,6000000075503218831,Shi Daosong
Q45679803,6000000075487546835,Huang Shang
Q45679833,6000000075503182886,Shi Daoyuan
Q45679835,6000000075486967147,Huang Chang
Q45679866,6000000075487104050,Huang Chang
Q45679902,6000000075503171908,Shi Daorong
Q45679936,6000000075503265825,Shi Daocheng
Q45679964,6000000075487198058,Huang Qian
Q45679971,6000000075502092489,Shi Daoyuan
Q45679996,6000000075486743286,Huang Guang
Q45680003,6000000075503097920,Shi Daozhen
Q45680029,6000000075486300511,Huang Yi
Q45680037,6000000075502841084,Shi Daoshu
Q45680060,6000000075487461886,Huang Zhen
Q45680071,6000000075503155960,Shi Daoyuan
Q45680095,6000000075487406931,Huang Yie
Q45680106,6000000075503213864,Shi Daoze
Q45680127,6000000075487534846,Huang Zhengsun
Q45680138,6000000075503070884,Shi Daozhen
Q45680158,6000000075487023070,Huang Jie
Q45680172,6000000075503205928,Shi Daoqian
Q45680191,6000000075485928710,Huang Xian
Q45680205,6000000075503001036,Shi Daoju
Q45680239,6000000075502957058,Shi Daoyan
Q45680254,6000000075487586834,Huang Hei
Q45680272,6000000075503139911,Shi Daobian
Q45680287,6000000075487230017,Huang Zhi
Q45680306,6000000075503146896,Shi Jingsu
Q45680320,6000000075487165056,Huang Chen
Q45680341,6000000075503013046,Shi Ruixian
Q45680353,6000000075487406938,Huang Lin
Q45680376,6000000075502886115,Shi Ruixin
Q45680411,6000000075503097937,Shi Chuan
Q45680417,6000000075487447949,Huang Ji
Q45680445,6000000075503021922,Shi Chujin
Q45680479,6000000075502872110,Shi Daguan
Q45680515,6000000075503027970,Shi Dingxu
Q45680548,6000000075487468921,Huang Ying
Q45680552,6000000075502239512,Shi Yuanwu
Q45680581,6000000075486725232,Huang Xun
Q45680589,6000000075503263879,Shi Yuanzhi
Q45680625,6000000075503249883,Shi Yuanji
Q45680644,6000000075485680819,Huang Tao
Q45680660,6000000075503143926,Shi Yuan
Q45680676,6000000075487298958,Huang Mao
Q45680694,6000000075502917055,Shi Yuan
Q45680709,6000000075487333938,Huang Mao
Q45680730,6000000075503137937,Shi Yuxian
Q45680742,6000000075486717264,Huang Lin
Q45680766,6000000075503284841,Shi Yuzhen
Q45680774,6000000075487355922,Huang Zhong
Q45680804,6000000075503297822,Shi Zhaobo
Q45680812,6000000075487163105,Huang Huan
Q45680839,6000000075502321453,Shi Zhaoji
Q45680873,6000000075502023484,Shi Sizong
Q45680876,6000000075487608822,Huang Wei
Q45680907,6000000075487512894,Huang Chun
Q45680908,6000000075503164931,Shi Sizu
Q45680940,6000000075487355927,Huang Yi
Q45680941,6000000075502919035,Shi Wanan
Q45680972,6000000075487295999,Huang Jian
Q45680974,6000000075503235852,Shi Chuangu
Q45681004,6000000075487270011,Huang Yi
Q45681011,6000000075503171930,Shi Chuanming
Q45681045,6000000075502957987,Shi Qiyue
Q45681067,6000000075487023105,Huang Yong
Q45681077,6000000075503184876,Shi Qiyu
Q45681099,6000000075487204040,Huang Zao
Q45681110,6000000075503239910,Shi Qiyue
Q45681145,6000000075503187918,Shi Duanyu
Q45681162,6000000075486920171,Huang Di
Q45681177,6000000075503313822,Shi Fushan
Q45681193,6000000075487614822,Huang Jian
Q45681211,6000000075503031992,Shi Fuyan
Q45681228,6000000075487534853,Huang Zhu
Q45681244,6000000075502957997,Shi Yuxian
Q45681258,6000000075487400942,Huang Zhu
Q45681277,6000000075502940062,Shi Cigan
Q45681288,6000000075487419953,Huang Zilin
Q45681308,6000000075502914110,Shi Cixian
Q45681319,6000000075487532849,Huang Hao
Q45681342,6000000075503180939,Shi Ciji
Q45681352,6000000075485981706,Huang Lixu
Q45681374,6000000075503262895,Shi Ciyan
Q45681382,6000000075487474890,Huang Zixing
Q45681405,6000000075502906045,Shi Menglin
Q45681411,6000000075487595833,Huang Zixin
Q45681442,6000000075503039954,Shi Sengga
Q45681443,6000000075487490925,Huang Ziheng
Q45681474,6000000075487199140,Huang Shiliang
Q45681476,6000000075503033105,Shi Senghui
Q45681505,6000000075487501899,Huang Shiqing
Q45681509,6000000075503186929,Shi Weiliang
Q45681545,6000000075502886134,Shi Weizhen
Q45681568,6000000075487609835,Huang Daren
Q45681578,6000000075503162930,Shi Weilin
Q45681598,6000000075486520469,Huang Dayu
Q45681613,6000000075503039963,Shi Weishu
Q45681630,6000000075487378022,Huang Sanyi
Q45681644,6000000075503221896,Shi Chengshi
Q45681660,6000000075486520477,Huang Qianli
Q45681678,6000000075503218900,Shi Qingzhen
Q45681690,6000000075487435947,Huang Qianneng
Q45681711,6000000075501740595,Shi Qingxian
Q45681721,6000000075487325931,Huang Zhijie
Q45681745,6000000075503302845,Shi Qingxian
Q45681752,6000000075486860178,Huang Liuyou
Q45681778,6000000075503309832,Shi Qingyu
Q45681784,6000000075487339031,Huang Wenzheng
Q45681813,6000000075503302850,Shi Qingxian
Q45681815,6000000075487497878,Huang Wendu
Q45681845,6000000075502772127,Shi Guangyan
Q45681847,6000000075487517929,Huang Wenruo
Q45681877,6000000075503341822,Shi Guanghui
Q45681878,6000000075487643832,Huang Yuangui
Q45681909,6000000075486618386,Huang Taihe
Q45681910,6000000075503269872,Shi Guangqin
Q45681939,6000000075487115040,Huang Rixin
Q45681943,6000000075502996017,Shi Guangyuan
Q45681970,6000000075487575915,Huang Zhongli
Q45681975,6000000075503187954,Shi Guangzhao
Q45682000,6000000075487329970,Huang Zhongyong
Q45682008,6000000075503258840,Shi Guangcheng
Q45682040,6000000075501704788,Yanxi Guangwen
Q45682073,6000000075503222877,Shi Guanghui
Q45682096,6000000075487453911,Huang Yunsheng
Q45682106,6000000075503352827,Shi Liangyuan
Q45682132,6000000075487294010,Huang Renhuan
Q45682138,6000000075503221937,Shi Huicai
Q45682163,6000000075487230049,Huang Yongqian
Q45682171,6000000075503166936,Shi Huiyuan
Q45682204,6000000075502140541,Shi Huiben
Q45682225,6000000075487356961,Huang Bichang
Q45682236,6000000075502539401,Shi Huiguang
Q45682257,6000000075487532869,Huang Bida
Q45682271,6000000075503251948,Shi Huiguang
Q45682304,6000000075503263925,Shi Huizhou
Q45682338,6000000075503117957,Shi Huizhou
Q45682351,6000000075487329982,Huang Jucheng
Q45682372,6000000075502996030,Shi Huiheng
Q45682382,6000000075487455924,Huang Benren
Q45682406,6000000075501894625,Shi Huizhong
Q45682414,6000000075487332027,Huang Quji
Q45682440,6000000075503323852,Shi Huichang
Q45682474,6000000075502888124,Shi Huiming
Q45682476,6000000075486622401,Huang Yiyi
Q45682508,6000000075503281875,Shi Huiming
Q45682538,6000000075487517948,Huang Ruji
Q45682542,6000000075503118961,Shi Huiming
Q45682575,6000000075503086010,Shi Huiwu
Q45682599,6000000075486952146,Huang Anchao
Q45682608,6000000075503347839,Shi Huigong
Q45682639,6000000075503218919,Shi Huiyuan
Q45682663,6000000075486561504,Huang Guangrui
Q45682673,6000000075502804136,Shi Huishen
Q45682696,6000000075487465977,Huang Ziming
Q45682707,6000000075503210943,Shi Huiji
Q45682726,6000000075487355978,Huang Zixin
Q45682739,6000000075502957121,Shi Huifan
Q45682756,6000000075487514953,Huang Ziran
Q45682772,6000000075502446228,Shi Huitong
Q45682788,6000000075487328059,Huang Zhongwen
Q45682806,6000000075503077975,Shi Huitong
Q45682819,6000000075487594889,Huang Shi
Q45682838,6000000075503019039,Shi Huichong
Q45682850,6000000075487694845,Huang Zhongben
Q45682873,6000000075502684308,Shi Huishi
Q45682880,6000000075487383983,Huang Zhongyan
Q45682912,6000000075487007287,Huang Zhongxuan
Q45682942,6000000075502951164,Shi Huiqin
Q45682944,6000000075487361030,Huang Zhongying
Q45682973,6000000075487169182,Huang Zhongkan
Q45682975,6000000075503180973,Shi Huiwen
Q45683005,6000000075487681835,Huang Ruyu
Q45683008,6000000075503144972,Shi Huicang
Q45683036,6000000075487453953,Huang Muzhi
Q45683041,6000000075503125012,Shi Huiyuan
Q45683097,6000000075487581890,Huang Songhan
Q45683129,6000000075487310046,Huang Junren
Q45683138,6000000075501929708,Shi Huichao
Q45683189,6000000075487334001,Huang Kerou
Q45683203,6000000075502914160,Shi Huili
Q45683221,6000000075487679832,Huang Xiaogong
Q45683252,6000000075487723834,Huang Zhuangyou
Q45683267,6000000075503286909,Shi Huijiao
Q45683284,6000000075487727822,Huang Xiwen
Q45683300,6000000075503336856,Shi Huibian
Q45683315,6000000075487622859,Huang Xidan
Q45683346,6000000075487420058,Huang Xisou
Q45683366,6000000075503159002,Shi Deyuan
Q45683377,6000000075487707860,Huang Tingrui
Q45683400,6000000075502935037,Shi Dezhi
Q45683408,6000000075487616923,Huang Yannian
Q45683438,6000000075502804149,Shi Deguang
Q45683440,6000000075487244068,Huang Tingqing
Q45683471,6000000075487628870,Huang Bogu
Q45683472,6000000075502715180,Shi Decen
Q45683501,6000000075487733824,Huang Bohou
Q45683505,6000000075503314851,Shi Desheng
Q45683533,6000000075487198182,Huang Bangguang
Q45683539,6000000075503202997,Shi Deming
Q45683563,6000000075487643885,Huang Bangda
Q45683572,6000000075503228022,Shi Deming
Q45683603,6000000075502889128,Shi Dexiu
Q45683623,6000000075487401019,Huang Zongdao
Q45683636,6000000075503267894,Shi Dechun
Q45683652,6000000075487332092,Huang Changyu
Q45683668,6000000075502321523,Shi Dezhang
Q45683682,6000000075487528932,Huang Chengwu
Q45683702,6000000075502940116,Shi Dezhuang
Q45683736,6000000075503427823,Shi Huaibi
Q45683745,6000000075486867228,Huang Shumei
Q45683769,6000000075502917147,Yue Jing
Q45683776,6000000075487692852,Huang Changling
Q45683800,6000000075503267899,Yue Wei
Q45683805,6000000075487050162,Huang Feixiong
Q45683831,6000000075502440354,Yue Ji
Q45683862,6000000075503381849,Yue Gang
Q45683867,6000000075487594924,Huang Zhiwei
Q45683892,6000000075503444827,Huang Te
Q45683923,6000000075503432879,Yang Duo
Q45683929,6000000075487440999,Huang Yuchang
Q45683954,6000000075503419880,Yang Yao
Q45683959,6000000075487514002,Huang Tangzuo
Q45683986,6000000075503030320,Yang Qin
Q45683990,6000000075487689850,Huang Tangjun
Q45684016,6000000075503133043,Dong Cheng
Q45684021,6000000075487736825,Huang Tangchuan
Q45684051,6000000075487327028,Huang Tinghao
Q45684084,6000000075487717828,Huang Zurun
Q45684116,6000000075487628891,Huang Xiaqing
Q45684148,6000000075487625928,Huang Zhenyuan
Q45684180,6000000075486387493,Huang Zhenlong
Q45684211,6000000075487049205,Huang Kangmin
Q45684242,6000000075487311073,Huang Binlao
Q45684275,6000000075487749827,Huang Weixiao
Q45684306,6000000075486387504,Huang Weizhi
Q45684339,6000000075487317057,Huang Weishen
Q45684369,6000000075487587921,Huang Zhiju
Q45684400,6000000075487460069,Huang Chongyi
Q45684464,6000000075487746837,Huang Conglong
Q45684555,6000000075486999295,Huang Minqiu
Q45684587,6000000075487457017,Huang Minqiu
Q45684618,6000000075487483967,Huang Minde
Q45684647,6000000075486972275,Huang Xianglong
Q45684677,6000000075487357008,Huang Yunlong
Q45684709,6000000075487401034,Huang Chaoshu
Q45684805,6000000075487026135,Huang Fugu
Q45684835,6000000075487792822,Huang Shunzhi
Q45684867,6000000075487594951,Huang Yiming
Q45684898,6000000075487744853,Huang Yiyong
Q45684960,6000000075487007328,Huang Daoyuan
Q45684992,6000000075487466009,Huang Daru
Q45685022,6000000075487764848,Huang Zhaolin
Q45685082,6000000075487163217,Huang Duanmian
Q45685114,6000000075486997350,Huang Jiahui
Q45685146,6000000075487594963,Huang Yudi
Q45685179,6000000075487743845,Huang Mengyou
Q45685212,6000000075487782868,Huang Mengsong
Q45685276,6000000075487783845,Huang Mengde
Q45685339,6000000075486382646,Huang Mengying
Q45685404,6000000075487724886,Huang Tingfa
Q45685435,6000000075487806855,Huang Lvweng
Q45685466,6000000075487246174,Huang Lixian
Q45685496,6000000075487713916,Huang Deyu
Q45685528,6000000075487469957,Huang Youran
Q45685558,6000000075487665933,Huang Qiaozhong
Q45685620,6000000075487817857,Huang Jihou
Q45685651,6000000075486725385,Huang Xuegao
Q45685718,6000000075487127171,Huang Yingchun
Q45685750,6000000075487026168,Huang Jianke
Q45685781,6000000075487845838,Huang Yanrong
Q45685812,6000000075487330098,Huang Huaiyu
Q45685845,6000000075487773857,Huang Pengfei
Q45685875,6000000075487483033,Huang Jishan
Q45685908,6000000075487749893,Huang Ximing
Q45685942,6000000075487687965,Huang Yansou
Q45685972,6000000075487765880,Huang Xianzi
Q45686035,6000000075487873829,Hui Congshun
Q45686065,6000000075487008324,Hui Buzhi
Q45686095,6000000075487861831,Yao Yungong
Q45686128,6000000075487842877,Fei Pei
Q45686159,6000000075487868837,Fei Su
Q45686220,6000000075487559011,Fei Yuanzhi
Q45686252,6000000075487822902,Fei Xiaoxian
Q45686284,6000000075486470337,Fei Zongdao
Q45686315,6000000075487384073,Fei Shigu
Q45686349,6000000075486997400,Fei Daoning
Q45686380,6000000075487891844,Tu Guangyuan
Q45686445,6000000075487893825,Sheng Qi
Q45686475,6000000075487578024,Sheng Kuang
Q45686507,6000000075487804915,Sheng Zichong
Q45686539,6000000075487705926,Sheng Xingfu
Q45686571,6000000075486618569,Sheng Nanzhong
Q45686601,6000000075487045249,Sheng Xiuji
Q45686633,6000000075487662891,Sheng Shiyan
Q45686697,6000000075487902827,Sheng Wenru
Q45686726,6000000075487281147,He Liu
Q45686758,6000000075487270180,He Yuan
Q45686789,6000000075487779929,He Shan
Q45686819,6000000075487787898,He Shier
Q45686849,6000000075487914823,He Wenzhen
Q45686880,6000000075487542044,He Yingji
Q45686939,6000000075487606010,He Chengda
Q45687038,6000000075487949822,He Daocheng
Q45687101,6000000075487924833,Helan Qizhen
Q45687131,6000000075487749956,Chao Shi
Q45687162,6000000075487049276,Kai Zhao
Q45687193,6000000075487842891,Xiang Chong
Q45687223,6000000075487932843,Xiang Cai
Q45687254,6000000075487849881,Xiang Fu
Q45687285,6000000075487901863,Xiang Fu
Q45687315,6000000075487599107,Xiang Mo
Q45687346,6000000075487783004,Xiang De
Q45687377,6000000075487939835,Xiang Ji
Q45687446,6000000075487967847,Xiang Gongze
Q45687506,6000000075487319180,Xiang Lizhou
Q45687537,6000000075487817920,Xiang Liyong
Q45687568,6000000075487805923,Xiang Yinbin
Q45687597,6000000075487967859,Xiang Bowen
Q45687658,6000000075487834929,Xiang Weiyin
Q45687689,6000000075487617993,Xiang Juzhi
Q45687749,6000000075487457120,Yang Nai
Q45687810,6000000075487950848,Yang Shouyi
Q45687839,6000000075487941847,Yang Xiaoben
Q45687868,6000000075487381242,Yang Qingsou
Q45687928,6000000075487065320,Yang Dong
Q45687997,6000000075487639965,Yang Jiheng
Q45688027,6000000075487681987,Peng Ji
Q45688060,6000000075487281198,Peng Zhi
Q45688090,6000000075487539053,Peng Lv
Q45688119,6000000075487621082,Peng Ya
Q45688149,6000000075487879910,Peng Ke
Q45688181,6000000075487536086,Peng Yu
Q45688212,6000000075487849902,Peng Bao
Q45688241,6000000075487169354,Peng Sun
Q45688269,6000000075487714007,Peng Tong
Q45688297,6000000075487787940,Peng Zhan
Q45688325,6000000075487865900,Peng Qi
Q45688355,6000000075487712946,Peng Jin
Q45688384,6000000075487831928,Peng Cheng
Q45688412,6000000075487811990,Peng Yu
Q45688440,6000000075487881901,Peng Wei
Q45688498,6000000075487378293,Peng Lu
Q45688527,6000000075487925853,Peng Yan
Q45688556,6000000075487714024,Peng Zao
Q45688585,6000000075487362267,Peng Yu
Q45688615,6000000075487698004,Peng Gou
Q45688644,6000000075487199311,Peng Yi
Q45688672,6000000075487746943,Peng Yi
Q45688701,6000000075487465211,Peng Yue
Q45688759,6000000075487477179,Peng Zifu
Q45688789,6000000075487876925,Peng Shifang
Q45688819,6000000075487835018,Peng Qianli
Q45688877,6000000075488064822,Peng Wenchang
Q45688905,6000000075487990870,Peng Wenji
Q45688933,6000000075487599144,Peng Wensi
Q45688962,6000000075487903906,Peng Yuanheng
Q45688993,6000000075487339248,Peng Yuanda
Q45689023,6000000075487937879,Peng Yuanxun
Q45689051,6000000075487349134,Peng Tianyi
Q45689081,6000000075487491147,Peng Tianlin
Q45689111,6000000075487559095,Peng Yunzong
Q45689139,6000000075487961881,Peng Shichang
Q45689167,6000000075487705992,Peng Zongmao
Q45689197,6000000075488106822,Peng Shudu
Q45689227,6000000075487621121,Peng Zhiyi
Q45689256,6000000075487841997,Peng Shizheng
Q45689284,6000000075486470406,Peng Shijiao
Q45689314,6000000075488109828,Peng Shizan
Q45689343,6000000075487738993,Peng Weixiao
Q45689372,6000000075486997517,Peng Chongren
Q45689402,6000000075488108827,Peng Fengda
Q45689430,6000000075487582175,Peng Fuchu
Q45689456,6000000075487688063,Peng Yibin
Q45689486,6000000075487939878,Peng Yuncheng
Q45689516,6000000075487876975,Peng Tunan
Q45689543,6000000075487317204,Peng Mengyu
Q45689573,6000000075487893911,Peng Zhenlong
Q45689603,6000000075487787019,Peng Lvdao
Q45689632,6000000075487947958,Peng Xingzong
Q45689660,6000000075488000881,Peng Ruwu
Q45689690,6000000075486920471,Peng Yinglong
Q45689718,6000000075487559133,Jing Rong
Q45689747,6000000075487929906,Jing Yuanyi
Q45689777,6000000075486717526,Dan Zheng
Q45689806,6000000075488064887,Dan Fa
Q45689834,6000000075487835055,Dan Wei
Q45689867,6000000075487906968,Dan Xu
Q45689925,6000000075488049870,Dan Xiaozhong
Q45689955,6000000075488049875,Dan Bangxian
Q45689986,6000000075487944959,Dan Cuiming
Q45690015,6000000075487895950,Yu Gui
Q45690044,6000000075487405221,Yu Zhi
Q45690072,6000000075488158822,Yu Yun
Q45690132,6000000075487946923,Yu Zhongke
Q45690161,6000000075487884993,Yu Zhongqian
Q45690218,6000000075488014893,Hua Tang
Q45690247,6000000075487824982,Qiao Shu
Q45690282,6000000075488068873,Qiao Chang
Q45690310,6000000075487317224,Qiao Cha
Q45690338,6000000075487730077,Qiao Sanjiao
Q45690365,6000000075488137837,Qiao Dalin
Q45690396,6000000075487826017,Qiao Zhongchang
Q45690425,6000000075488084862,Qiao Zhongfu
Q45690453,6000000075488024942,Qiao Bohu
Q45690483,6000000075488070895,Qiao Zhongkui
Q45690514,6000000075487542165,Jiao Yong
Q45690545,6000000075487018385,Jiao Sheng
Q45690573,6000000075487714097,Jiao Huan
Q45690602,6000000075486997536,Jiao Xi
Q45690631,6000000075487654175,Jiao Dao
Q45690660,6000000075487974972,Jiao Dayou
Q45690689,6000000075486830577,Jiao Yongcheng
Q45690749,6000000075488056889,Jiao Zongyue
Q45690836,6000000075487812065,Zhi Bo
Q45690865,6000000075488098919,Zhi Yuan
Q45690895,6000000075488208859,Zhi Cheng
Q45690924,6000000075488233822,Fu Bian
Q45690953,6000000075487621195,Fu Chong
Q45690981,6000000075487975009,Fu Gong
Q45691012,6000000075488110886,Fu Guang
Q45691040,6000000075488035905,Fu Guang
Q45691068,6000000075487787069,Fu Zhi
Q45691098,6000000074692218870,Fu Liang
Q45691126,6000000075488200840,Fu Gao
Q45691155,6000000075488250834,Fu Qi
Q45691223,6000000075487688123,Fu Su
Q45691281,6000000075488200845,Fu Zhu
Q45691311,6000000075487928019,Fu Pang
Q45691398,6000000075488129886,Fu Su
Q45691458,6000000075488146873,Fu Xiao
Q45691488,6000000075486997580,Fu Jin
Q45691516,6000000075487980927,Fu Lin
Q45691544,6000000075487536223,Fu Zhi
Q45691573,6000000075487846079,Fu Yan
Q45691631,6000000075487928026,Fu Quan
Q45691658,6000000075488055862,Fu Yan
Q45691771,6000000075487860046,Fu Daxun
Q45691799,6000000075487941005,Fu Wenyong
Q45691824,6000000075488183872,Fu Tianyi
Q45691851,6000000075488263849,Fu Tianji
Q45691908,6000000075488254880,Fu Shichang
Q45691939,6000000075488211875,Fu Xianglao
Q45691965,6000000075487860051,Fu Rusong
Q45691993,6000000075487899025,Fu Botong
Q45692021,6000000075488068919,Fu Yizhong
Q45692048,6000000075487618113,Fu Hefu
Q45692076,6000000075487995022,Fu Sizhai
Q45692104,6000000075488273830,Fu Sirang
Q45692189,6000000075488283852,Fu Songzhi
Q45692216,6000000075488260845,Fu Weidong
Q45692246,6000000075488181883,Fu Mengquan
Q45692276,6000000075487953977,Fu Jidao
Q45692305,6000000075488275836,Cheng Yuan
Q45692332,6000000075488137888,Cheng Jie
Q45692361,6000000075488124892,Cheng Yin
Q45692391,6000000075487911022,Cheng Xun
Q45692416,6000000075487714197,Cheng Jia
Q45692444,6000000075487984999,Cheng Yan
Q45692472,6000000075486622714,Cheng Yan
Q45692500,6000000075487465328,Cheng Tan
Q45692529,6000000075487925959,Cheng Gu
Q45692611,6000000075488153920,Cheng Yuan
Q45692665,6000000075488130941,Cheng Jun
Q45692693,6000000075487895001,Cheng Jun
Q45692721,6000000075488034006,Cheng Gao
Q45692749,6000000075487503237,Cheng Gong
Q45692777,6000000075488173915,Cheng Chun
Q45692862,6000000075488253892,Cheng Tang
Q45692894,6000000075488337847,Cheng Ti
Q45692928,6000000075487982987,Cheng Yi
Q45693012,6000000075488275867,Cheng Rui
Q45693069,6000000075488297853,Cheng Shouxiang
Q45693096,6000000075488389822,Cheng Rong
Q45693124,6000000075487998014,Cheng Shuo
Q45693152,6000000075488200890,Cheng Chu
Q45693237,6000000075488372849,Cheng Long
Q45693266,6000000075488246881,Cheng Yi
Q45693295,6000000075486717643,Cheng Lin
Q45693323,6000000075488410822,Cheng Peng
Q45693441,6000000075488205973,Cheng Dayuan
Q45693468,6000000075488008042,Cheng Qianqiu
Q45693497,6000000075487503284,Cheng Yuanding
Q45693525,6000000075488200918,Cheng Zhonghang
Q45693553,6000000075488276965,Cheng Rensun
Q45693581,6000000075488060995,Cheng Licheng
Q45693609,6000000075488270878,Cheng Keda
Q45693636,6000000075488425834,Cheng Zhengze
Q45693664,6000000075488417854,Cheng Yilin
Q45693697,6000000075488324906,Cheng Yiqian
Q45693723,6000000075487918988,Cheng Yongzhi
Q45693807,6000000075488310868,Cheng Guangting
Q45693862,6000000075487835191,Cheng Keyi
Q45693890,6000000075487470254,Cheng Keji
Q45693918,6000000075488048032,Cheng Boyou
Q45693944,6000000075487491290,Cheng Boqiang
Q45693973,6000000075488051950,Cheng Borong
Q45694002,6000000075488065013,Cheng Yanzi
Q45694057,6000000075487899110,Cheng Changyan
Q45694084,6000000075488150002,Cheng Changyi
Q45694139,6000000075488461827,Cheng Jianyong
Q45694166,6000000075488465826,Cheng Ruozhong
Q45694192,6000000075487470271,Cheng Ruojun
Q45694299,6000000075488277895,Cheng Weixiang
Q45694328,6000000075488109996,Cheng Xiyin
Q45694355,6000000075487823150,Cheng Shaokai
Q45694384,6000000075487765219,Cheng Xinen
Q45694439,6000000075488199959,Cheng Chuweng
Q45694465,6000000075488471835,Cheng Yusun
Q45694491,6000000075488201942,Cheng Shizhi
Q45694600,6000000075488012103,Cheng Decui
Q45694629,6000000075487941124,Cheng Dejiang
Q45694654,6000000075488436873,Cheng Zunyan
Q45694708,6000000075488386869,Cheng Yingshen
Q45694735,6000000075487826136,Cheng Huaizhi
Q45694789,6000000075488186982,Cheng Jiaomin
Q45694818,6000000075488261907,Cheng Xianbo
Q45694873,6000000075488212910,Ji Song
Q45694925,6000000075488253960,Shu Gao
Q45694953,6000000075488371944,Shu Yi
Q45694981,6000000075486773587,Shu Ya
Q45695006,6000000075488118996,Shu Yang
Q45695033,6000000075488308879,Shu Xiong
Q45695060,6000000075487880210,Shu Huan
Q45695088,6000000075488041053,Shu Wei
Q45695121,6000000075488536822,Shu Junqiang
Q45695148,6000000075488506846,Shu Yijian
Q45695256,6000000075488048077,Shu Zhaoliang
Q45695308,6000000075488388946,Shu Qingguo
Q45695335,6000000075487916225,Shu Tongmin
Q45695361,6000000075488120079,Shu Binwang
Q45695415,6000000075488559822,Shu Defu
Q45695443,6000000075488119023,Wen Wan
Q45695471,6000000075488238963,Wen Ruochun
Q45695498,6000000075488305019,Wen Junyi
Q45695523,6000000075488434872,Yuan Hu
Q45695636,6000000075488491839,Tu Bingxiu
Q45695689,6000000075488178994,Lian Jie
Q45695714,6000000075488012140,Lian Weide
Q45695766,6000000075488131108,Yong Jian
Q45695792,6000000075488488883,Yong Gui
Q45695817,6000000075487985151,Yong Yan
Q45695847,6000000075486830763,Yong Zifang
Q45695871,6000000075488506886,Yong Xiaowen
Q45695898,6000000075488477861,Yong Xiucai
Q45695925,6000000075488310955,Yi Taichu
Q45695952,6000000075488386944,Lu Jianzhi
Q45695978,6000000075488342945,Lu Jianfu
Q45696003,6000000075487388510,Shen Dongmei
Q45696034,6000000075488172078,Jia Tong
Q45696059,6000000075488383941,Jia Chen
Q45696084,6000000075487941215,Jia Xiu
Q45696109,6000000075488334913,Jia He
Q45696137,6000000075488561835,Jia Lin
Q45696163,6000000075488337994,Jia Zhen
Q45696188,6000000075487696209,Jia Xiang
Q45696245,6000000075488358972,Jia Sen
Q45696269,6000000075488290024,Jia Kui
Q45696295,6000000075488615848,Jia Yan
Q45696320,6000000075488577877,Jia Meng
Q45696348,6000000075487788270,Jia Xuan
Q45696374,6000000075488179034,Jia Zhu
Q45696452,6000000075488475931,Jia Zishi
Q45696477,6000000075488638855,Jia Taichong
Q45696500,6000000075488239931,Jia Shaochong
Q45696550,6000000075488204045,Jia Zhonghe
Q45696575,6000000075488388990,Jia Xinggong
Q45696600,6000000075488279995,Jia Xiaoyou
Q45696626,6000000075488474936,Jia Tingzuo
Q45696706,6000000075488120136,Jia Fangzhi
Q45696731,6000000075488683822,Jia Nanjin
Q45696755,6000000075488187039,Jia Ruosi
Q45696781,6000000075488130028,Jia Shigu
Q45696810,6000000075488666835,Jia Shixiong
Q45696835,6000000075488550886,Jia Chunxiao
Q45696888,6000000075487882185,Jia Yizu
Q45696916,6000000075488590835,Jia Duanlao
Q45696940,6000000075488415977,Jia Desheng
Q45696966,6000000075488666846,Jia Desheng
Q45696991,6000000075488465959,Jia Deming
Q45697017,6000000075487882190,Jia Zunzu
Q45697068,6000000075487818236,Jia Linzhi
Q45697094,6000000075488204055,Lei Xie
Q45697122,6000000075488284085,Lei Du
Q45697148,6000000075488723822,Lei Xuan
Q45697174,6000000075488378952,Lei Yao
Q45697200,6000000075488519938,Lei Sheng
Q45697224,6000000075487627374,Lei Zong
Q45697250,6000000075488034199,Lei Zhen
Q45697275,6000000075488600921,Lei Zhen
Q45697302,6000000075487983104,Lei Zhen
Q45697327,6000000075488544869,Lei Dazhen
Q45697408,6000000075488372056,Lei Zongdao
Q45697436,6000000075488620885,Lei Sizhai
Q45697461,6000000075487765367,Lei Dianzhi
Q45697488,6000000075488744838,Lei Longji
Q45697514,6000000075487199615,Lei Yingchun
Q45697540,6000000075488292048,Lei Yinweng
Q45697567,6000000075488637878,Qiu Chengxun
Q45697595,6000000075488200100,Chu Zhen
Q45697637,6000000075488693865,Chu Tai
Q45697663,6000000075487505394,Chu Jing
Q45697688,6000000075487388565,Chu Qian
Q45697714,6000000075487185650,Chu Yonghe
Q45697764,6000000075488478956,Chu □zhong
Q45697865,6000000075488677947,Yang Me
Q45697892,6000000075488569991,Yang Yuan
Q45697917,6000000075487925289,Yang You
Q45697943,6000000075488883875,Yang Jie
Q45697972,6000000075488849873,Yang Yong
Q45697997,6000000075488597975,Yang Li
Q45698023,6000000075488623983,Yang Zuo
Q45698049,6000000075488735966,Yang Chong
Q45698075,6000000075488858864,Yang Gui
Q45698103,6000000075488590985,Yang Ji
Q45698129,6000000075488819902,Yang Pu
Q45698153,6000000075488902858,Yang Dui
Q45698180,6000000075487460661,Yang Ke
Q45698206,6000000075488985832,Yang Zhi
Q45698233,6000000075487539617,Yang Zhi
Q45698258,6000000075488620992,Yang Fu
Q45698286,6000000075488868903,Yang Cheng
Q45698313,6000000075488900876,Yang Zi
Q45698338,6000000075489011822,Yang Qi
Q45698361,6000000075488621002,Yang Fu
Q45698388,6000000075488881900,Yang Yan
Q45698414,6000000075488475166,Yang Ding
Q45698439,6000000075489020828,Yang Qi
Q45698465,6000000075488915939,Yang Zheng
Q45698597,6000000075488940853,Yang Ji
Q45698622,6000000075488481120,Yang Kan
Q45698647,6000000075488912936,Yang Hui
Q45698675,6000000075488338272,Yang Chun
Q45698700,6000000075488164199,Yang Wei
Q45698727,6000000075488477136,Yang Jue
Q45698752,6000000075488941858,Yang Di
Q45698778,6000000075489047843,Yang Ruo
Q45698829,6000000075488854935,Yang Qiu
Q45698855,6000000075488912942,Yang Ku
Q45698883,6000000075488966887,Yang Ji
Q45698907,6000000075489019861,Yang Guan
Q45698934,6000000075488855965,Yang Ji
Q45699013,6000000075488738044,Yang Qi
Q45699038,6000000075488577159,Yang Qi
Q45699062,6000000075489062853,Yang Geng
Q45699115,6000000075488302232,Yang Shu
Q45699139,6000000075488700044,Yang Shi
Q45699165,6000000075488997882,Yang Neng
Q45699193,6000000075488483095,Yang Yin
Q45699219,6000000075488956943,Yang Chong
Q45699244,6000000075488985926,Yang Yan
Q45699273,6000000075489100832,Yang Xian
Q45699299,6000000075488998909,Yang Song
Q45699324,6000000075488909947,Yang Yi
Q45699348,6000000075489039851,Yang Sheng
Q45699374,6000000075488836977,Yang Cong
Q45699398,6000000075489048893,Yang Shao
Q45699423,6000000075488833946,Yang Shao
Q45699450,6000000075489134822,Yang Ceng
Q45699475,6000000075489020868,Yang Bin
Q45699500,6000000075488554126,Yang Yun
Q45699524,6000000075489038857,Yang Xun
Q45699548,6000000075489033862,Yang Kai
Q45699574,6000000075489099860,Yang Fa
Q45699599,6000000075488591049,Yang Long
Q45699649,6000000075489154834,Yang Kui
Q45699777,6000000075488914001,Yang Ji
Q45699804,6000000075488628016,Yang Zhen
Q45699829,6000000075489180832,Yang Jing
Q45699854,6000000075489082867,Yang Fei
Q45699880,6000000075488913019,Yang Jin
Q45699905,6000000075489165834,Yang Jie
Q45699932,6000000075488475293,Yang Jie
Q45699960,6000000075488636004,Yang Hao
Q45699990,6000000075488686055,Yang Zhi
Q45700014,6000000075488975973,Yang Xun
Q45700039,6000000075489103854,Yang Gai
Q45700065,6000000075488829049,Yang Wei
Q45700091,6000000075488761001,Yang Hui
Q45700115,6000000075489123856,Yang Sun
Q45700167,6000000075488302311,Yang Xun
Q45700195,6000000075488227283,Yang Yun
Q45700249,6000000075489354833,Yang Zhao
Q45700275,6000000075489218871,Yang Hui
Q45700301,6000000075488601202,Yang Hui
Q45700356,6000000075488412266,Yang Yu
Q45700382,6000000075488820070,Yang Chuan
Q45700407,6000000075489234867,Yang Jing
Q45700433,6000000075489134973,Yang Ning
Q45700459,6000000075489108909,Yang Rong
Q45700482,6000000075489077949,Yang Duan
Q45700508,6000000075489318860,Yang Gan
Q45700558,6000000075488885033,Yang Shen
Q45700607,6000000075489413832,Yang Qian
Q45700632,6000000075489391847,Yang Qing
Q45700682,6000000075489051029,Yang Zhun
Q45700705,6000000075488830073,Yang Que
Q45700741,6000000075488913154,Yang Mian
Q45700792,6000000075489459822,Yang Pu
Q45700816,6000000075489194915,Yang Lin
Q45700840,6000000075489349878,Yang Ying
Q45700865,6000000075489432854,Yang Xing
Q45700890,6000000075489369843,Yang Ji
Q45700915,6000000075489428836,Yang Yi
Q45700940,6000000075488618161,Yang Ji
Q45701089,6000000075489416838,Yang Jian
Q45701112,6000000075489349883,Yang Mai
Q45701136,6000000075489419827,Yang Mai
Q45701186,6000000075488412296,Yang Zong
Q45701235,6000000075489524822,Yang Jian
Q45701285,6000000075488577365,Yang Chong
Q45701312,6000000075489488842,Yang Hui
Q45701338,6000000075489434853,Yang Zan
Q45701362,6000000075488727315,Yang Yun
Q45701387,6000000075489228947,Yang Hao
Q45701410,6000000075488878032,Yang Xiang
Q45701434,6000000075488850105,Yang Zixiang
Q45701461,6000000075489318905,Yang Zimo
Q45701510,6000000075489544822,Yang Daguang
Q45701534,6000000075488793193,Yang Daquan
Q45701558,6000000075489114036,Yang Daming
Q45701605,6000000075489197973,Yang Wenzhong
Q45701629,6000000075488554279,Yang Wenxu
Q45701653,6000000075488605165,Yang Wenju
Q45701730,6000000075488271469,Yang Tianni
Q45701757,6000000075489569822,Yang Youzhi
Q45701780,6000000075489412893,Yang Youyi
Q45701804,6000000075489400900,Yang Zhonghe
Q45701829,6000000075489429884,Yang Riyan
Q45701856,6000000075489407890,Yang Yungong
Q45701878,6000000075489246988,Yang Jieru
Q45701901,6000000075488591257,Yang Gongjie
Q45701947,6000000075489562840,Yang Gongjie
Q45701968,6000000075489495899,Yang Yongjie
Q45701991,6000000075488793239,Yang Juqing
Q45702012,6000000075489562857,Yang Benran
Q45702035,6000000075489246995,Yang Shichang
Q45702062,6000000075488877085,Yang Shiyi
Q45702085,6000000075489592825,Yang Shenzhi
Q45702109,6000000075489183056,Yang Lingwang
Q45702131,6000000075489105050,Yang Lingwen
Q45702154,6000000075489597833,Yang Youdu
Q45702179,6000000075489161043,Yang Youyu
Q45702225,6000000075489560850,Yang Runan
Q45702269,6000000075489455870,Yang Anguo
Q45702292,6000000075488782284,Yang Andao
Q45702314,6000000075489363977,Yang Ancheng
Q45702338,6000000075489635834,Yang Anjie
Q45702427,6000000075489525899,Yang Jilao
Q45702475,6000000075489674822,Yang Guangqian
Q45702498,6000000075489490916,Yang Zizhou
Q45702520,6000000075489160063,Yang Xianjin
Q5158780,6000000075430809939,Ma Hezhi
Q5221403,6000000075502044977,Danxia Zichun
Q5509699,6000000075502715091,Furong Daokai
Q5974461,6000000075488997123,Yang Zaixing
Q625179,6000000075429614833,Liu Yong
Q632765,6000000075502732952,Wuzhun Shifan
Q6539077,6000000075425474919,Li Shishi
Q6769910,6000000075426972830,Wu Zongyuan
Q709216,6000000075419770994,Cui Bai
Q716237,6000000075423963916,Song Jiang
Q716331,6000000075424335983,Li Tang
Q716876,6000000074727200026,Chen Tuan
Q7268210,6000000075426952822,Qu Ding
Q740332,6000000074768665970,Liang Kai
Q740673,6000000075422028007,Gu Hongzhong
Q7800247,6000000075502475011,Tiantong Zongjue
Q7829443,6000000075502722113,Touzi Yiqing
Q7991321,6000000075503389836,Wumen Huikai
Q8048362,6000000075489055003,Yang Buzhi
Q8070248,6000000075422825961,Zhang Junfang
Q8070800,6000000075502935822,Zhenxie Qingliao
Q835924,6000000075425388247,Zhou Wenju
Q837459,6000000074750847323,Li Di
Q86008240,6000000075502787885,Huitang Zuxin
Q877224,6000000075405769822,Guo Zhongshu
Q9200796,6000000075502912973,Dahong Bao'en
Q9258231,6000000075502264884,Qingliang Wenyi
Q9258896,6000000075502681823,Fengxue Yanzhao
Q9262009,6000000075502102461,Fóyǎn Qīngyuǎn
Q9336084,6000000075424538919,Shishuang Chuyuan
Q9358642,6000000075426336989,Tiantai Deshao
Q9383261,6000000075405074943,Xuedou Chongxian
Q9383605,6000000075502483903,Yun'an Kewen
Q9390893,6000000075501875083,Zhu'an Shigui
Q9391330,6000000075502656089,Zishou Miaozong
Q9396527,6000000075427151843,Fu Xingjian
Q9397104,6000000075501491420,Shi Zhongshu
Q9436266,6000000075431148867,Ling Tangzuo
Q9449332,6000000075500349945,Liu Bicheng
Q9469833,6000000075500230882,Liu Han
Q9511226,6000000075326763867,Yue Hua
Q951585,6000000075500596151,Qian Xuan
Q9593054,6000000074727917873,Shi Shengzu
Q9594338,6000000074706136951,Ye Kangzhi
Q9621895,6000000074771591857,Wu Chuhou
Q9625707,6000000075425972979,Wu Sui
Q9626931,6000000074751570860,Lv Nangong
Q9632859,6000000074746140000,Zhou Chang
Q9652573,6000000074704059999,Tang Ke
Q9652737,6000000074727205033,Tang Shenwei
Q9654403,6000000074758710944,Tang Lin
Q9661907,6000000074768506119,Yu Shu
Q9666494,6000000075501918966,Yan Can
