1077590
1077592
1077692
1077697
1312227
1341991
1350415
1415237
1549945
2186128
2433762
283077976790001036
283157258880005868
283163048380005890
284143581860005978
2852356
287616355090002968
287620114100006364
290458573020002572
290459821900001444
290460696890002594
290640787220001509
291011464460007572
292346345950008551
294505619910001663
294505796020003642
297898016850003658
298732052860003667
300373742270008098
302329770210002882
303017853050005647
305505408250004454
305976324250005669
310795735510001425
311731497930005744
312092994390004595
313670929900002772
3137536
3137692
3137997
314509167280001262
315331424140002728
315704712390006463
316665486200008333
317671909630001390
317708579610001391
318696605220006609
321047597580002316
321249986350006345
322112186500007391
322122353900004992
3249363
3250235
328003699320004652
328058257770004654
328064865480001109
328147886880005469
328148159350004655
332687512640014941
333550262480011868
335848880110006014
336530723230014235
336530813020014239
336540115720011832
339446815790012895
340820289410001358
340831793700006589
341670938620011531
342024963440013580
342026151920011851
345496394600005298
346135213720014797
347217641430012561
347657700690011265
352411058120003159
356601173070003496
359279068060001896
361089647570003508
361239376580007703
361239904280001373
361240244600012699
361246584430007702
361247784740007621
361249243780011638
361255292390013563
361885454580013913
361889592490004752
361899168470007979
363459300950013490
363466680820005860
363554498970006647
363883666190011719
363920011020004040
364546996610002449
365372056200006257
365411847800006405
367115010670011049
368483634080002549
368713820640003185
368714154710012201
3696730
370166216450011194
373825433260012185
373825948450007046
374702604860007088
375693712960012610
375743294250004675
375771159210012562
375784738310012619
376406918790013422
376411602640013414
376456844520011080
376460534500005789
376461877660013431
377256097400012303
377633143710013804
377633663810013807
377649183480004232
377663071280012351
378271468310013093
3784382
380055202660012955
383205592810012430
384070862300011689
384745660540013670
384957042050004258
3869085
387982253800007385
388714070460007453
388793565870003237
389789863260004418
3929061297010049751
3985322
4015183362770034969
4028933255290011118
4047727089520079185
4059558
4076929673010124126
4083563
4085335
4085368611040124960
4093676309000010109
4093711337850033819
4102602
4127785360220059581
4179623622700125728
4189058181370041848
4207878
4224136108080121326
4225312789020057152
4229810402330033993
4240537919610035130
4246764
4246765
4250296231220063485
4250306164680049781
4256705952020039745
4256719696270064351
4258867
4258970970100070152
4259042
4259064
4259374
4264137824880038907
4265302014980128122
4268988
4269521
4285434
4301208601180054964
4309959632010067721
4309976041010067293
4321098567160010617
4322668
4342753987680065165
4349450
4363152365890123437
4363165195640021509
4363184995560049059
4363245702860036902
4369107
4369463
4372078941100029399
4377269
4379734831610069360
4379737901000069623
4419737840620030736
4419737899550021662
4419771655010030488
4419771697210021677
4419784885600127318
4419784919120021680
4419816435970068562
4420665020940030271
4442868391570026354
4474758689980023559
4475084324010076168
4479332664060024502
4510922817560034706
4510970565170055851
4522575
4535864
4543755
4568525560870129898
4584795
4591227
4592389579890053526
4614492462350078376
4622833911900028174
4631992
4644828
4645001
4649799
4650216
4659985
4692391
4694677
4696016
4696530377970012596
4721915103510026677
4722083112690060786
4722085825290038085
4722085853270026698
4732226613930039269
4733427815130029056
4733470215610038730
4733470251380029064
4773593109790065621
4774053172420033191
4776106
4781121412330052301
4781121438920028540
4795812192730081018
4828686162140083265
4837650136270040359
4860673239570066980
4864676887370088420
4874150227790013836
4876774528290014023
4880891073850057158
4913726906610024668
4913735229900074272
4924436745430137489
4924448933160137503
4925425003710087812
4927821250240067090
4929707544500026387
4929797533790067987
4929797544120067993
4932557422030107014
4932952221030036762
4934403662550077264
4943319012480111251
4947248545210089938
4948464926690019696
4950441393430028157
4951698942010027956
4953777140640042113
4953924217750131248
4956074856530028188
4956197313950089851
4958047653390077861
4958306130180027976
4972589563730038769
4972615116410039416
4974585825530029115
4992488967940044073
4994184628330134042
4994272588560101934
5001540482550082932
5002422000440063513
5002841002530047022
5029010246940051089
5042461071610069323
5048031898480132130
5048031910610132136
5053835865540039447
5090833952240053741
5099757972810062889
5101278049640043917
5105724221060128725
5106195884670114511
5122257738570083618
5122422525060045462
5127142750810035157
5127249366530106277
5127249379030106283
5129459882500045150
5149096265050047141
5149096314280047148
5149550446320139742
5149696527850139761
5149696546690139767
5156433950030119321
5162596157650107309
5167685659070038226
5167685718320038232
5190884585660088175
5202009888810053546
5227336465080081295
5227347554150029113
5233416830080054925
5233537874200043084
5242096688600116304
5259505688330057544
5259638785100119928
5259798506330057422
5259804936550084244
5260084573350057404
5260091777100138655
5262671343820045568
5266885271690139524
5269498957060121279
5271489675500023723
5271608185130057937
5272432907750102178
5284543506520122688
5294781477310117337
5294781535060117343
5304572722780119951
5307140059760076734
5308499222270132861
5308513564910076625
5311926837990077645
5321257379830120004
5321265586910039303
5327737682960022955
5335285446680122596
5340168820130025215
5340218948890122884
5341333863140104281
5341333886480104287
5341955501990047310
5380257516540081329
5423138981990118357
5423269005420118556
5424917371870068252
5432713922350048692
5441313740220126371
5441518333640020031
5473645767850120136
5473900875460120094
5477503367560083505
5478155610770039297
5494181389660103998
5500097278300105364
5500373168130069230
5500378196590086015
5500382297870116966
5500561413610117694
5501867237950074875
5501878090180047616
5502897679640085924
5508648457330119210
5508684470320086533
5542816611280080763
5542933444820063488
5543077901920079131
5544231254350042383
5549506211080036645
5561768073410026332
5563637057610026936
5578344951040067302
5581077582440027755
5585928797380086234
5589116626230112295
5603008316480087616
5604890545140087665
5604964914300127913
5620659842590034492
5620814643950034262
5630093992950081663
5630189594750081580
5630431836100135067
5642503985940037579
5664419771790120683
5666828475910069680
5669785925040109695
5679885256540101421
5692173213210051829
5707418577360042186
5710557875020135721
5719051086100070647
5719101546310114253
5719119784800054714
5719344226700137352
6000000000001286378
6000000000001305379
6000000000001532008
6000000000001542051
6000000000011272094
6000000000019972451
6000000000023277080
6000000000033253489
6000000000034814822
6000000000035665655
6000000000036543575
6000000000037765147
6000000000037900147
6000000000040540200
6000000000041472701
6000000000044517995
6000000000045507540
6000000000046979908
6000000000047260007
6000000000047442182
6000000000052045155
6000000000052669269
6000000000053076254
6000000000053397225
6000000000064294716
6000000000064412280
6000000000064485653
6000000000065628638
6000000000066958164
6000000000066969238
6000000000075221862
6000000000075362317
6000000000075479007
6000000000075498067
6000000000077296433
6000000000081312200
6000000000090690691
6000000000090846142
6000000000090846149
6000000000090846182
6000000000090846229
6000000000090846275
6000000000093305675
6000000000099769739
6000000000099902669
6000000000099959618
6000000000100856879
6000000000100859815
6000000000101041204
6000000000105236652
6000000000105239559
6000000000108632932
6000000000108872118
6000000000109921491
6000000000109930732
6000000000109963810
6000000000112638306
6000000000113714608
6000000000114627350
6000000000114647480
6000000000114653280
6000000000114656112
6000000000114684333
6000000000119280899
6000000000119295074
6000000000119593014
6000000000120179673
6000000000123350430
6000000000123436166
6000000000124082015
6000000000125362235
6000000000125793641
6000000000127834170
6000000000127939770
6000000000128732566
6000000000128773458
6000000000128787052
6000000000128853516
6000000000128857055
6000000000129346032
6000000000129362703
6000000000129419215
6000000000131563186
6000000000135924403
6000000000138385269
6000000000138678323
6000000000138881981
6000000000138914693
6000000000139648597
6000000000142373105
6000000000144275582
6000000000144483119
6000000000144667027
6000000000146784512
6000000000146859401
6000000000147220961
6000000000151718860
6000000000151813693
6000000000154060862
6000000000155383032
6000000000157099135
6000000000160947334
6000000000160986426
6000000000162100284
6000000000164601413
6000000000166026628
6000000000167187911
6000000000172348087
6000000000172354467
6000000000172355667
6000000000172769147
6000000000174420430
6000000000176523567
6000000000177347291
6000000000182600420
6000000000186324525
6000000000186456686
6000000000186469135
6000000000187695664
6000000000190305765
6000000000192596446
6000000000196235833
6000000000196425114
6000000000196880703
6000000000196961141
6000000000211912995
6000000000212328756
6000000000216071213
6000000000216571401
6000000000232595630
6000000000232595640
6000000000232604556
6000000000232604693
6000000000232615323
6000000000233957945
6000000000234233490
6000000000234429846
6000000000234806650
6000000000236577040
6000000000242495856
6000000000243362131
6000000000249890508
6000000000250474120
6000000000250802347
6000000000274988385
6000000000276137551
6000000000276145109
6000000000276146663
6000000000276153205
6000000000276154744
6000000000276655969
6000000000294492252
6000000000295374050
6000000000295944235
6000000000297440514
6000000000305256085
6000000000307247672
6000000000307256993
6000000000307274178
6000000000307280238
6000000000309983564
6000000000310540958
6000000000310566256
6000000000310641480
6000000000310679991
6000000000311697359
6000000000314922113
6000000000316658332
6000000000316744021
6000000000318631516
6000000000321786244
6000000000325088020
6000000000329509641
6000000000331964413
6000000000332147584
6000000000333911909
6000000000335714346
6000000000337202370
6000000000337405327
6000000000337421442
6000000000337439500
6000000000337440467
6000000000340523826
6000000000342346906
6000000000343934010
6000000000348784442
6000000000348826717
6000000000348850434
6000000000348861377
6000000000349703560
6000000000349745231
6000000000350871478
6000000000350890660
6000000000350897168
6000000000350936177
6000000000350950476
6000000000350970479
6000000000350982395
6000000000350989532
6000000000351011289
6000000000351064723
6000000000352555925
6000000000363235000
6000000000364821159
6000000000368061568
6000000000381294169
6000000000382695871
6000000000383448009
6000000000406549504
6000000000410502869
6000000000410527402
6000000000410558676
6000000000410600770
6000000000410613682
6000000000410635833
6000000000410689230
6000000000419656015
6000000000424583790
6000000000424634530
6000000000424645939
6000000000424667200
6000000000424678797
6000000000424678903
6000000000424683032
6000000000424686458
6000000000424693532
6000000000424703516
6000000000424707234
6000000000424707620
6000000000424732334
6000000000424732452
6000000000424760295
6000000000424767738
6000000000424894960
6000000000424912155
6000000000424953543
6000000000424969583
6000000000425045040
6000000000426570427
6000000000430097060
6000000000430192029
6000000000436429336
6000000000436532156
6000000000436596482
6000000000436898727
6000000000436954608
6000000000437008616
6000000000437032028
6000000000437032060
6000000000437050264
6000000000437053441
6000000000437081116
6000000000437081406
6000000000437100264
6000000000437135640
6000000000437327060
6000000000437382594
6000000000437594534
6000000000437794119
6000000000437968153
6000000000438190141
6000000000440064763
6000000000440321162
6000000000445520013
6000000000455107817
6000000000455165606
6000000000459676609
6000000000460347904
6000000000462423906
6000000000465542042
6000000000466289816
6000000000467305771
6000000000467542216
6000000000469292724
6000000000474020487
6000000000474021020
6000000000475054137
6000000000477285316
6000000000484731104
6000000000487056600
6000000000487492431
6000000000489933079
6000000000490086729
6000000000493419378
6000000000497919902
6000000000498370708
6000000000501703818
6000000000501864000
6000000000506115567
6000000000506368644
6000000000508474079
6000000000518194432
6000000000520453339
6000000000522325456
6000000000522505003
6000000000523228128
6000000000529077941
6000000000531148722
6000000000531791504
6000000000533539177
6000000000533781763
6000000000541990499
6000000000550108438
6000000000550492763
6000000000551628797
6000000000551689522
6000000000551916444
6000000000555452729
6000000000560132997
6000000000571783849
6000000000572198595
6000000000572210496
6000000000572428039
6000000000572844078
6000000000572871088
6000000000574567645
6000000000574898826
6000000000581186204
6000000000581201763
6000000000582878990
6000000000591496174
6000000000595794863
6000000000602461474
6000000000602550396
6000000000609971926
6000000000618765348
6000000000620057923
6000000000620695488
6000000000622862982
6000000000624546267
6000000000624774219
6000000000624795275
6000000000626823747
6000000000626986320
6000000000628798041
6000000000628861709
6000000000631666052
6000000000637332931
6000000000637995504
6000000000640277488
6000000000641012049
6000000000641016100
6000000000641022075
6000000000641022085
6000000000641034413
6000000000641075560
6000000000641967484
6000000000642020325
6000000000642063511
6000000000642082925
6000000000646068093
6000000000651679313
6000000000651913482
6000000000653125587
6000000000653288115
6000000000657051023
6000000000664965867
6000000000665232496
6000000000666572727
6000000000666700561
6000000000669194044
6000000000670948767
6000000000671054153
6000000000671822547
6000000000675541182
6000000000677194492
6000000000679344754
6000000000681295359
6000000000682018080
6000000000682293561
6000000000682370307
6000000000683643086
6000000000686318225
6000000000687202972
6000000000688300441
6000000000688349242
6000000000693950444
6000000000695580826
6000000000700891605
6000000000700912476
6000000000700917022
6000000000701001474
6000000000701073762
6000000000701073807
6000000000701219929
6000000000701222071
6000000000701231991
6000000000703075519
6000000000711466176
6000000000711511065
6000000000717229053
6000000000721390809
6000000000722232334
6000000000725251273
6000000000725251281
6000000000728247095
6000000000732125704
6000000000732300706
6000000000732404227
6000000000735972498
6000000000736000368
6000000000736166183
6000000000736768413
6000000000742788611
6000000000743335131
6000000000743372033
6000000000743414023
6000000000743955206
6000000000748066266
6000000000748079261
6000000000759221347
6000000000759890348
6000000000759893323
6000000000761639165
6000000000768173367
6000000000768957873
6000000000769174075
6000000000769386615
6000000000769520666
6000000000769560303
6000000000769722749
6000000000769743924
6000000000769880888
6000000000769890622
6000000000769891479
6000000000769891489
6000000000769899901
6000000000769899945
6000000000769899955
6000000000769914171
6000000000769914999
6000000000769920068
6000000000769920440
6000000000769973234
6000000000769973327
6000000000769996633
6000000000769996983
6000000000770078169
6000000000772779081
6000000000774650887
6000000000795068398
6000000000796819061
6000000000796819389
6000000000796830276
6000000000796834108
6000000000796835599
6000000000796840008
6000000000796840269
6000000000796840899
6000000000796842181
6000000000796842681
6000000000796849178
6000000000796850241
6000000000796862667
6000000000796884387
6000000000796888612
6000000000796888623
6000000000796897304
6000000000796897540
6000000000803988858
6000000000804907642
6000000000812943370
6000000000813179174
6000000000813921234
6000000000813929473
6000000000813986254
6000000000831060653
6000000000831222922
6000000000834266815
6000000000839811133
6000000000840029693
6000000000840435002
6000000000849394138
6000000000852934828
6000000000855403344
6000000000855447487
6000000000855618243
6000000000857016008
6000000000864049064
6000000000864362671
6000000000865518088
6000000000882773121
6000000000883332237
6000000000894077128
6000000000897104416
6000000000897265147
6000000000900889388
6000000000905014194
6000000000905212220
6000000000908056992
6000000000922833009
6000000000929355322
6000000000937329305
6000000000944947381
6000000000944948696
6000000000944958312
6000000000945038319
6000000000954079569
6000000000954119760
6000000000955327387
6000000000955356334
6000000000961695313
6000000000966157341
6000000000975400956
6000000000975599633
6000000000976947983
6000000001001313356
6000000001009244901
6000000001009256198
6000000001013085939
6000000001013093567
6000000001013098002
6000000001019157079
6000000001034485341
6000000001034695091
6000000001036055652
6000000001037795854
6000000001038487031
6000000001041441773
6000000001042517123
6000000001043391898
6000000001044369371
6000000001045266891
6000000001045459542
6000000001052386360
6000000001054451006
6000000001061869741
6000000001062599699
6000000001062958477
6000000001062969490
6000000001063194930
6000000001063327687
6000000001063331071
6000000001063370043
6000000001074275300
6000000001075186052
6000000001095341361
6000000001107642774
6000000001113004923
6000000001116944664
6000000001117003612
6000000001126498796
6000000001126874688
6000000001140143471
6000000001140277254
6000000001142127731
6000000001142143368
6000000001142200835
6000000001142225962
6000000001142238712
6000000001142495182
6000000001142564337
6000000001148027348
6000000001149373100
6000000001149396140
6000000001156811632
6000000001156994090
6000000001156994345
6000000001156994355
6000000001164726740
6000000001169094604
6000000001169157426
6000000001169174345
6000000001169221318
6000000001169229798
6000000001177106110
6000000001180225952
6000000001180329995
6000000001180386750
6000000001180676541
6000000001182741167
6000000001186171027
6000000001188871893
6000000001190075110
6000000001199993264
6000000001200506171
6000000001209100724
6000000001209188278
6000000001209626897
6000000001210444666
6000000001210512138
6000000001210537431
6000000001219636503
6000000001220309028
6000000001226966872
6000000001229814635
6000000001230046163
6000000001230082152
6000000001230280088
6000000001231336113
6000000001232636839
6000000001247071898
6000000001247136350
6000000001253056595
6000000001254293481
6000000001254662239
6000000001264690039
6000000001265205671
6000000001272001347
6000000001275312399
6000000001275466109
6000000001287315183
6000000001287902866
6000000001288589416
6000000001297308261
6000000001299287798
6000000001299392981
6000000001299788566
6000000001300715021
6000000001306355579
6000000001306392423
6000000001306522491
6000000001306542013
6000000001312123664
6000000001315058101
6000000001317317467
6000000001317345335
6000000001317841000
6000000001318443316
6000000001319649216
6000000001322123141
6000000001322502107
6000000001329458514
6000000001334601101
6000000001341100478
6000000001343078033
6000000001343307048
6000000001353737533
6000000001353860591
6000000001354338841
6000000001354488907
6000000001363640693
6000000001368708321
6000000001369760330
6000000001370024415
6000000001378295126
6000000001381395280
6000000001383530588
6000000001389315253
6000000001397950212
6000000001408859993
6000000001408871740
6000000001412873288
6000000001412873961
6000000001412885635
6000000001412894618
6000000001412926027
6000000001412935037
6000000001412937510
6000000001412949016
6000000001412951156
6000000001412951167
6000000001412951620
6000000001420784441
6000000001421914609
6000000001422548420
6000000001434852334
6000000001435528101
6000000001435528108
6000000001440355582
6000000001440637359
6000000001448439174
6000000001457725334
6000000001457778263
6000000001460046108
6000000001466539404
6000000001472147299
6000000001472560078
6000000001475110150
6000000001477445663
6000000001477584011
6000000001500239507
6000000001500824977
6000000001500828980
6000000001500832294
6000000001500832520
6000000001500832829
6000000001500841088
6000000001500841097
6000000001500841253
6000000001500841620
6000000001500846590
6000000001500854028
6000000001500872832
6000000001500872848
6000000001500881643
6000000001500886177
6000000001500886194
6000000001500890958
6000000001500899319
6000000001500916216
6000000001500916576
6000000001500916668
6000000001500916764
6000000001500928259
6000000001500929879
6000000001500947385
6000000001500958995
6000000001500964003
6000000001500971114
6000000001500973093
6000000001500984868
6000000001500984890
6000000001500992534
6000000001501020539
6000000001501020568
6000000001501026484
6000000001501052357
6000000001501065572
6000000001501069340
6000000001501069542
6000000001501644488
6000000001504201103
6000000001504201180
6000000001504209227
6000000001504214169
6000000001504228378
6000000001504232472
6000000001504248252
6000000001504248653
6000000001504248661
6000000001504248686
6000000001504268009
6000000001504296924
6000000001504314081
6000000001504336784
6000000001504347561
6000000001504361269
6000000001504367716
6000000001504383291
6000000001504425539
6000000001504445398
6000000001504447266
6000000001504447899
6000000001504523909
6000000001504525061
6000000001504528096
6000000001504528258
6000000001504532040
6000000001504532867
6000000001504533000
6000000001504537318
6000000001504580485
6000000001504592393
6000000001504598239
6000000001504598252
6000000001504605440
6000000001504621782
6000000001504666774
6000000001504673249
6000000001504689107
6000000001504718118
6000000001504723577
6000000001504732198
6000000001504741564
6000000001504743082
6000000001504810464
6000000001504812362
6000000001504812536
6000000001504824902
6000000001504827024
6000000001504844057
6000000001504844989
6000000001504846129
6000000001504893879
6000000001504893892
6000000001504897760
6000000001504965587
6000000001504971404
6000000001504971480
6000000001504974236
6000000001504979686
6000000001504983220
6000000001504983398
6000000001504983596
6000000001504983759
6000000001504987588
6000000001504991307
6000000001504993360
6000000001504993688
6000000001508080438
6000000001511843037
6000000001515079915
6000000001515146463
6000000001515228463
6000000001517344681
6000000001517866371
6000000001526952099
6000000001529617385
6000000001531193802
6000000001531282463
6000000001531288456
6000000001531294840
6000000001531309883
6000000001531309949
6000000001542433894
6000000001542433942
6000000001543487593
6000000001544453863
6000000001544501897
6000000001544505169
6000000001544577533
6000000001545757653
6000000001545773046
6000000001545773100
6000000001545793194
6000000001545863177
6000000001548261121
6000000001550288478
6000000001551112652
6000000001559532369
6000000001561141410
6000000001562928994
6000000001563200627
6000000001563248849
6000000001563258822
6000000001563350714
6000000001574078889
6000000001576712851
6000000001580713615
6000000001580934837
6000000001581032234
6000000001582669220
6000000001584382648
6000000001588362960
6000000001588388988
6000000001588408089
6000000001588440396
6000000001588526562
6000000001588545574
6000000001588548186
6000000001588553706
6000000001588558027
6000000001594051535
6000000001594514070
6000000001594808768
6000000001594995619
6000000001599919033
6000000001606349437
6000000001606733137
6000000001608781277
6000000001610448055
6000000001615077348
6000000001621328724
6000000001622728075
6000000001633180382
6000000001633978291
6000000001634843651
6000000001639343750
6000000001644776831
6000000001645852738
6000000001654465278
6000000001664963389
6000000001666124428
6000000001669286583
6000000001669607623
6000000001669649063
6000000001669649301
6000000001669654269
6000000001669658581
6000000001677793980
6000000001678924544
6000000001678976729
6000000001679084556
6000000001686362241
6000000001687831155
6000000001700071842
6000000001700184176
6000000001701035908
6000000001710141184
6000000001710601004
6000000001711091993
6000000001713328470
6000000001720524892
6000000001722690298
6000000001735746394
6000000001744806176
6000000001744810203
6000000001744815012
6000000001744815307
6000000001744815789
6000000001744821523
6000000001744835871
6000000001744837976
6000000001744846220
6000000001744855616
6000000001744855708
6000000001744858581
6000000001744861180
6000000001744873862
6000000001744889453
6000000001744889539
6000000001744898533
6000000001744948519
6000000001744982595
6000000001744982887
6000000001744991259
6000000001744991499
6000000001745028784
6000000001745033284
6000000001745038375
6000000001745043247
6000000001745058195
6000000001745092153
6000000001745092779
6000000001745096712
6000000001745445540
6000000001748382730
6000000001748661095
6000000001749883334
6000000001751551064
6000000001752794134
6000000001753122352
6000000001753229214
6000000001753932209
6000000001754175218
6000000001756124195
6000000001760470709
6000000001770216084
6000000001772898279
6000000001777586275
6000000001777664885
6000000001782217264
6000000001783373138
6000000001783406459
6000000001783427782
6000000001783474468
6000000001783504071
6000000001783523550
6000000001783686848
6000000001784140013
6000000001789016114
6000000001798416508
6000000001799769002
6000000001800855967
6000000001801158032
6000000001801334669
6000000001804461560
6000000001811275864
6000000001816269582
6000000001820029972
6000000001821187530
6000000001825268940
6000000001827300886
6000000001827575240
6000000001829353551
6000000001836147260
6000000001836379848
6000000001840582934
6000000001841099388
6000000001842580141
6000000001842614063
6000000001842897861
6000000001846085083
6000000001849154063
6000000001849230305
6000000001849269016
6000000001849703932
6000000001849802095
6000000001851639186
6000000001857968477
6000000001861334969
6000000001865474645
6000000001866383637
6000000001872992425
6000000001873687164
6000000001874410357
6000000001874459384
6000000001874486213
6000000001875320051
6000000001877509735
6000000001881638269
6000000001882580286
6000000001889982546
6000000001892025404
6000000001892137550
6000000001892439063
6000000001892741001
6000000001893799145
6000000001893802086
6000000001893849055
6000000001893854010
6000000001896703385
6000000001897828328
6000000001907678309
6000000001916774819
6000000001917076539
6000000001919812645
6000000001920499659
6000000001921445859
6000000001922162428
6000000001924940991
6000000001925047004
6000000001931748904
6000000001932064076
6000000001933350513
6000000001934280872
6000000001934571395
6000000001934768081
6000000001935232199
6000000001935440284
6000000001947211337
6000000001950833725
6000000001951072240
6000000001951168720
6000000001959231175
6000000001964675374
6000000001965836915
6000000001966007997
6000000001966042098
6000000001980621449
6000000001994779327
6000000001998436373
6000000002005795572
6000000002005885424
6000000002005898591
6000000002005925988
6000000002005971888
6000000002006077690
6000000002006141847
6000000002006177935
6000000002006346059
6000000002006380972
6000000002006394803
6000000002006462797
6000000002006476983
6000000002012960004
6000000002027340469
6000000002032088481
6000000002032127301
6000000002032240141
6000000002035261013
6000000002037832193
6000000002040918194
6000000002041979346
6000000002042605213
6000000002043178059
6000000002043184330
6000000002043184703
6000000002043186152
6000000002043186317
6000000002043186946
6000000002043192166
6000000002043192241
6000000002043192285
6000000002043192326
6000000002043192840
6000000002043192961
6000000002043193692
6000000002043193973
6000000002043195252
6000000002043201116
6000000002043204087
6000000002043204130
6000000002043208985
6000000002043208992
6000000002043214660
6000000002043214699
6000000002043214826
6000000002043214910
6000000002043232424
6000000002043232480
6000000002043232552
6000000002043252415
6000000002043258261
6000000002043260887
6000000002043263103
6000000002043263445
6000000002043263697
6000000002045087601
6000000002045238090
6000000002048018567
6000000002048053250
6000000002056931413
6000000002057425562
6000000002057869434
6000000002063115439
6000000002063666472
6000000002065701616
6000000002065863283
6000000002081326221
6000000002106077816
6000000002106131629
6000000002106146504
6000000002106206712
6000000002106208023
6000000002106239063
6000000002106275821
6000000002106409332
6000000002112733897
6000000002114073346
6000000002115464562
6000000002115929571
6000000002116013091
6000000002116065187
6000000002116068283
6000000002116074197
6000000002116079736
6000000002116095745
6000000002116129259
6000000002116129856
6000000002116129883
6000000002116140505
6000000002116164237
6000000002116164243
6000000002116190542
6000000002133673900
6000000002134224443
6000000002134778785
6000000002134815439
6000000002134845934
6000000002134850430
6000000002134972526
6000000002135149996
6000000002135188337
6000000002135188345
6000000002135546760
6000000002137313247
6000000002142035742
6000000002142791054
6000000002143186115
6000000002152952321
6000000002154297114
6000000002160065116
6000000002164125989
6000000002168353049
6000000002172738206
6000000002172838952
6000000002172855257
6000000002173042224
6000000002173080951
6000000002174415141
6000000002174688133
6000000002174918494
6000000002176345049
6000000002176509248
6000000002176556116
6000000002176608795
6000000002176641626
6000000002176658327
6000000002176661888
6000000002176677784
6000000002181368497
6000000002181957104
6000000002184459182
6000000002186211880
6000000002187298826
6000000002187588552
6000000002187588619
6000000002187588706
6000000002187592101
6000000002187599790
6000000002187608792
6000000002187608811
6000000002187617530
6000000002187639067
6000000002187639492
6000000002187639500
6000000002187639519
6000000002187639569
6000000002187639909
6000000002187651717
6000000002187651732
6000000002187656126
6000000002187656492
6000000002187684147
6000000002187684590
6000000002187699043
6000000002187699572
6000000002187699688
6000000002187712904
6000000002187720024
6000000002187720035
6000000002187757413
6000000002187757796
6000000002187768562
6000000002187771287
6000000002187788709
6000000002187788810
6000000002187798500
6000000002187805531
6000000002187814242
6000000002187818297
6000000002187820277
6000000002187820456
6000000002187821458
6000000002187823190
6000000002187823205
6000000002187823529
6000000002187823791
6000000002187823799
6000000002187825609
6000000002187825642
6000000002187826416
6000000002187826719
6000000002187828621
6000000002187828634
6000000002187834025
6000000002187834912
6000000002187837098
6000000002187837668
6000000002187845293
6000000002187851473
6000000002187851484
6000000002187851701
6000000002187855362
6000000002187857348
6000000002187857356
6000000002187868660
6000000002187888470
6000000002187891981
6000000002187893247
6000000002187894109
6000000002187894750
6000000002187894758
6000000002187894940
6000000002187911224
6000000002187911988
6000000002187923905
6000000002187952677
6000000002187974126
6000000002187982465
6000000002187992932
6000000002188001810
6000000002188002341
6000000002188002474
6000000002188002489
6000000002188002551
6000000002188002562
6000000002188002842
6000000002188002872
6000000002188002948
6000000002188002956
6000000002188005065
6000000002188005367
6000000002188005610
6000000002188005849
6000000002188008020
6000000002188008287
6000000002188021209
6000000002188021457
6000000002188021538
6000000002188040083
6000000002188043948
6000000002188045991
6000000002188050047
6000000002188050174
6000000002188050222
6000000002188056957
6000000002188059168
6000000002188081547
6000000002188088486
6000000002188088804
6000000002188095835
6000000002188099881
6000000002188101001
6000000002188101055
6000000002188101188
6000000002188101355
6000000002188101438
6000000002188110606
6000000002188118296
6000000002188162687
6000000002188166366
6000000002188182390
6000000002188195181
6000000002188195229
6000000002188195776
6000000002188195900
6000000002188195955
6000000002188289500
6000000002188292350
6000000002188292432
6000000002188307715
6000000002188320486
6000000002188320972
6000000002188327899
6000000002188383167
6000000002188395775
6000000002188399444
6000000002188409398
6000000002188409864
6000000002188424227
6000000002188436607
6000000002188436747
6000000002188436755
6000000002188445600
6000000002188458238
6000000002188461618
6000000002188461634
6000000002188468175
6000000002188468225
6000000002188470206
6000000002188470212
6000000002188510317
6000000002188536728
6000000002188542178
6000000002188546075
6000000002188556750
6000000002188559091
6000000002188559127
6000000002188559148
6000000002188559260
6000000002188559353
6000000002188559400
6000000002188563336
6000000002188563342
6000000002188563689
6000000002188563750
6000000002188563954
6000000002188569799
6000000002188572238
6000000002188578334
6000000002188578732
6000000002188578769
6000000002188579271
6000000002188640497
6000000002188651689
6000000002188662322
6000000002188674203
6000000002191542293
6000000002197369635
6000000002197609159
6000000002197782815
6000000002197928430
6000000002198200607
6000000002198392157
6000000002198398242
6000000002198790315
6000000002204090596
6000000002204465217
6000000002205507182
6000000002214147382
6000000002214283343
6000000002214462518
6000000002228883916
6000000002231122138
6000000002235950530
6000000002236412009
6000000002238577722
6000000002239092893
6000000002240745840
6000000002240753260
6000000002240774496
6000000002240801938
6000000002240804441
6000000002240804449
6000000002240822537
6000000002240822592
6000000002244380726
6000000002244391295
6000000002244423853
6000000002245078990
6000000002245256428
6000000002246029006
6000000002248177181
6000000002252416403
6000000002254858143
6000000002262903367
6000000002263822292
6000000002274643322
6000000002274745467
6000000002278354427
6000000002278888556
6000000002290062220
6000000002294724459
6000000002294859611
6000000002298863806
6000000002299087535
6000000002299190377
6000000002302500868
6000000002304359678
6000000002304363933
6000000002307929164
6000000002310083456
6000000002310369009
6000000002311622834
6000000002315754835
6000000002315764663
6000000002315770064
6000000002315771288
6000000002315775736
6000000002315825794
6000000002315826000
6000000002322157602
6000000002322286169
6000000002324850790
6000000002325798321
6000000002325842230
6000000002325859388
6000000002334308324
6000000002348309254
6000000002350131746
6000000002350285253
6000000002356045054
6000000002358367490
6000000002360107690
6000000002367123026
6000000002369644939
6000000002369917829
6000000002370202679
6000000002370627270
6000000002370765298
6000000002374473351
6000000002377350844
6000000002378503396
6000000002384454069
6000000002385143137
6000000002389893491
6000000002390465965
6000000002399945022
6000000002400180669
6000000002401032449
6000000002403893919
6000000002403896507
6000000002404155217
6000000002404247239
6000000002407425265
6000000002411739019
6000000002415964471
6000000002416067384
6000000002416276234
6000000002419472418
6000000002419885422
6000000002422362117
6000000002422806528
6000000002428793929
6000000002434073593
6000000002434099128
6000000002434114228
6000000002440605566
6000000002441723192
6000000002443462548
6000000002447103086
6000000002447118587
6000000002447118766
6000000002447185492
6000000002447185585
6000000002447199544
6000000002447212525
6000000002447247668
6000000002447247676
6000000002447257896
6000000002447264655
6000000002447388495
6000000002447405135
6000000002447405872
6000000002447405878
6000000002447405890
6000000002447410108
6000000002447410115
6000000002447424939
6000000002447429231
6000000002450185944
6000000002455376437
6000000002459913855
6000000002459917510
6000000002464391312
6000000002483997242
6000000002501896109
6000000002505754363
6000000002512346178
6000000002514189929
6000000002514748909
6000000002517608337
6000000002525282827
6000000002525331691
6000000002536921723
6000000002541166209
6000000002541665115
6000000002544997113
6000000002545032014
6000000002550402415
6000000002553688769
6000000002553705181
6000000002566610371
6000000002576603046
6000000002576603313
6000000002576603716
6000000002576731664
6000000002576772299
6000000002576781657
6000000002576805430
6000000002576833652
6000000002588283727
6000000002588331017
6000000002588972293
6000000002595386494
6000000002601894005
6000000002602775978
6000000002603390302
6000000002603651074
6000000002603651549
6000000002603661739
6000000002603676392
6000000002610132843
6000000002610316523
6000000002613667605
6000000002615989696
6000000002623610605
6000000002626804396
6000000002632429078
6000000002632708244
6000000002640501087
6000000002642814013
6000000002644696115
6000000002645126506
6000000002649103931
6000000002649980114
6000000002665368667
6000000002665387787
6000000002665426645
6000000002665460338
6000000002667568141
6000000002676162063
6000000002676344966
6000000002677191512
6000000002690518458
6000000002694748735
6000000002699171921
6000000002699238648
6000000002702620229
6000000002702668453
6000000002712772561
6000000002713782836
6000000002713859419
6000000002713892743
6000000002717498267
6000000002717622265
6000000002718653970
6000000002718980786
6000000002725912954
6000000002727399757
6000000002734683252
6000000002737237578
6000000002738882440
6000000002739594906
6000000002745307588
6000000002748861747
6000000002754025509
6000000002754410308
6000000002763662362
6000000002764501771
6000000002764502904
6000000002764672940
6000000002764672949
6000000002764677255
6000000002764681217
6000000002764860200
6000000002765065910
6000000002765122180
6000000002765580259
6000000002765642951
6000000002765826927
6000000002766488352
6000000002766618285
6000000002775306168
6000000002782887405
6000000002788145755
6000000002788196209
6000000002788253059
6000000002788658334
6000000002797621769
6000000002797753112
6000000002799144160
6000000002800809969
6000000002802407838
6000000002802957675
6000000002803148890
6000000002809896723
6000000002813209746
6000000002818454733
6000000002819937088
6000000002822956999
6000000002824575285
6000000002827629032
6000000002827694776
6000000002827882946
6000000002832198800
6000000002832231778
6000000002832444215
6000000002833110277
6000000002833191342
6000000002834314762
6000000002834384543
6000000002834940732
6000000002835563724
6000000002836964568
6000000002837049030
6000000002837396239
6000000002837438841
6000000002838031111
6000000002838974324
6000000002843734726
6000000002846970506
6000000002858499457
6000000002860158739
6000000002860696257
6000000002860908069
6000000002862081440
6000000002864889723
6000000002873282470
6000000002881657984
6000000002888054722
6000000002889734339
6000000002889734635
6000000002890270426
6000000002893017593
6000000002893366727
6000000002896447533
6000000002896832037
6000000002897086594
6000000002899270120
6000000002900550093
6000000002902229057
6000000002905008805
6000000002905198464
6000000002906343968
6000000002906457633
6000000002906954937
6000000002908612692
6000000002908682285
6000000002909621567
6000000002915266336
6000000002916812069
6000000002916836425
6000000002919968780
6000000002920907471
6000000002925061979
6000000002928643253
6000000002930107318
6000000002930827853
6000000002930992609
6000000002931156059
6000000002933557025
6000000002934660014
6000000002935046345
6000000002936013389
6000000002936296372
6000000002936528955
6000000002948698421
6000000002949293219
6000000002949643087
6000000002950926330
6000000002954953008
6000000002955253234
6000000002960482301
6000000002962512997
6000000002967282990
6000000002968662186
6000000002973705925
6000000002979745655
6000000002979822616
6000000002979830687
6000000002979892336
6000000002979930748
6000000002980014179
6000000002980056753
6000000002980095765
6000000002980118124
6000000002980129603
6000000002980137334
6000000002985519875
6000000002986501302
6000000002988907240
6000000002991797665
6000000002995255297
6000000002996974688
6000000002997957567
6000000002999793047
6000000003000914714
6000000003000969384
6000000003001092098
6000000003004153810
6000000003004976755
6000000003005036951
6000000003005119116
6000000003005248691
6000000003005254500
6000000003005271046
6000000003005286020
6000000003005410306
6000000003005455005
6000000003006964537
6000000003009042370
6000000003011750325
6000000003012468747
6000000003014111845
6000000003025207487
6000000003025266324
6000000003026320667
6000000003029793892
6000000003034847277
6000000003035926837
6000000003036462650
6000000003036785649
6000000003036880947
6000000003039970580
6000000003041005869
6000000003041201894
6000000003042226162
6000000003043352416
6000000003048294183
6000000003049548759
6000000003051146604
6000000003051159079
6000000003051159795
6000000003051177357
6000000003051190009
6000000003051219675
6000000003051240545
6000000003051245269
6000000003051255891
6000000003051292494
6000000003051298283
6000000003051319958
6000000003051570658
6000000003054448680
6000000003055249866
6000000003062948620
6000000003067000469
6000000003072003501
6000000003075700066
6000000003076238678
6000000003076376661
6000000003081207122
6000000003081924005
6000000003085099579
6000000003085916580
6000000003086332874
6000000003086690861
6000000003086729391
6000000003086734913
6000000003086946405
6000000003086991351
6000000003087077389
6000000003087080306
6000000003087110552
6000000003087186297
6000000003087955559
6000000003096390829
6000000003097834830
6000000003097841339
6000000003097871490
6000000003097891610
6000000003098054173
6000000003098100093
6000000003098238497
6000000003099041600
6000000003102523398
6000000003104814757
6000000003112353151
6000000003122318046
6000000003122340199
6000000003122340696
6000000003122346525
6000000003122380683
6000000003122415930
6000000003122417431
6000000003122417727
6000000003122417747
6000000003122417840
6000000003122417846
6000000003122417939
6000000003122422483
6000000003122422488
6000000003122422864
6000000003122431625
6000000003122431641
6000000003122459319
6000000003125122695
6000000003125729049
6000000003133670452
6000000003139820399
6000000003141401848
6000000003146938406
6000000003146938979
6000000003146946278
6000000003146948304
6000000003146960183
6000000003146970550
6000000003146970753
6000000003147071533
6000000003149238324
6000000003149590211
6000000003149612334
6000000003157332332
6000000003158895109
6000000003159031610
6000000003159040420
6000000003162583837
6000000003164187033
6000000003166139147
6000000003168569087
6000000003169545362
6000000003175649423
6000000003177905048
6000000003182032885
6000000003184752153
6000000003193821252
6000000003193877365
6000000003193930114
6000000003194170320
6000000003204913916
6000000003206876167
6000000003210296512
6000000003210360073
6000000003210371910
6000000003210376505
6000000003212220385
6000000003216046507
6000000003216078393
6000000003216093040
6000000003216108333
6000000003216108573
6000000003216145148
6000000003216145222
6000000003216145702
6000000003218986183
6000000003219681997
6000000003219688241
6000000003219694303
6000000003219694863
6000000003219704356
6000000003219709345
6000000003219746208
6000000003219753357
6000000003219753374
6000000003219779620
6000000003220295347
6000000003221138548
6000000003222440660
6000000003227407838
6000000003230909579
6000000003232543495
6000000003232550622
6000000003232558589
6000000003232714442
6000000003235887317
6000000003243079601
6000000003243106048
6000000003243181857
6000000003243213152
6000000003243290614
6000000003243294006
6000000003243294016
6000000003243294269
6000000003243309212
6000000003243309472
6000000003243318255
6000000003243328930
6000000003243328937
6000000003243389217
6000000003243404734
6000000003243404901
6000000003243404915
6000000003243418415
6000000003243427312
6000000003243427815
6000000003243429656
6000000003243429663
6000000003243439507
6000000003243441650
6000000003243447496
6000000003243483210
6000000003243526679
6000000003243537190
6000000003244814327
6000000003251725930
6000000003254628411
6000000003258948721
6000000003260899509
6000000003262082354
6000000003266026096
6000000003266330052
6000000003266330063
6000000003266371571
6000000003273401286
6000000003273401293
6000000003273404861
6000000003274238035
6000000003275588215
6000000003278739001
6000000003279483072
6000000003281416419
6000000003285211232
6000000003293303841
6000000003294866621
6000000003295008350
6000000003295664915
6000000003298502949
6000000003298993750
6000000003301743075
6000000003307302194
6000000003318525381
6000000003320368386
6000000003320368392
6000000003320572226
6000000003321884217
6000000003323015118
6000000003332379842
6000000003343488225
6000000003343667750
6000000003343750746
6000000003349243920
6000000003349982019
6000000003353049175
6000000003355320934
6000000003363258254
6000000003365164356
6000000003366838592
6000000003369294709
6000000003369438003
6000000003375986730
6000000003382488591
6000000003389294519
6000000003389310955
6000000003392287548
6000000003406776592
6000000003408334765
6000000003409035410
6000000003410470097
6000000003410663065
6000000003417413783
6000000003417416241
6000000003420164243
6000000003421938424
6000000003423203044
6000000003432307140
6000000003436150071
6000000003440661620
6000000003443355948
6000000003443386980
6000000003443446387
6000000003443482103
6000000003443594323
6000000003446378748
6000000003446531719
6000000003446559780
6000000003446630538
6000000003462503464
6000000003463689273
6000000003466454695
6000000003472358740
6000000003478679330
6000000003479455708
6000000003481080298
6000000003481828848
6000000003481830010
6000000003481830016
6000000003481830022
6000000003481830028
6000000003481830052
6000000003481830058
6000000003481830160
6000000003483663078
6000000003484264362
6000000003484293276
6000000003484295791
6000000003484295805
6000000003484306919
6000000003487664314
6000000003491948782
6000000003492068120
6000000003492415063
6000000003493089677
6000000003493098519
6000000003493098526
6000000003493098560
6000000003493135478
6000000003493138717
6000000003493392003
6000000003493392082
6000000003493396031
6000000003493396117
6000000003493476163
6000000003494760155
6000000003494765080
6000000003494770682
6000000003495280294
6000000003495280408
6000000003495291125
6000000003495291159
6000000003495291716
6000000003495296708
6000000003495325605
6000000003495384814
6000000003495389288
6000000003495391016
6000000003495391046
6000000003495391930
6000000003495391945
6000000003495409715
6000000003503676462
6000000003508591911
6000000003513109857
6000000003513191421
6000000003513256285
6000000003513712175
6000000003513940659
6000000003513940666
6000000003515703368
6000000003515792476
6000000003520630089
6000000003521266933
6000000003522036482
6000000003524262535
6000000003524503476
6000000003525171315
6000000003541275940
6000000003549032281
6000000003550481441
6000000003569012547
6000000003571396225
6000000003572237434
6000000003573455718
6000000003577683616
6000000003579256955
6000000003580315902
6000000003580928225
6000000003582605334
6000000003587927652
6000000003587948825
6000000003601184398
6000000003611861221
6000000003615441509
6000000003615466120
6000000003615512541
6000000003615653077
6000000003615703150
6000000003615703230
6000000003615712536
6000000003615721268
6000000003615754949
6000000003615788611
6000000003615836727
6000000003615864255
6000000003615868971
6000000003615927699
6000000003615931244
6000000003615936734
6000000003616518558
6000000003622777758
6000000003624266916
6000000003628370636
6000000003637255742
6000000003637261490
6000000003637725849
6000000003645697517
6000000003645716503
6000000003645724209
6000000003645724693
6000000003645746452
6000000003645760916
6000000003645772949
6000000003645782754
6000000003645782768
6000000003645797161
6000000003645801726
6000000003645811176
6000000003645811364
6000000003645818905
6000000003645825196
6000000003645859926
6000000003645859936
6000000003645864031
6000000003645864037
6000000003645864073
6000000003645864216
6000000003645870199
6000000003645877313
6000000003645877457
6000000003645877507
6000000003645882921
6000000003645890323
6000000003645908301
6000000003645908622
6000000003645908810
6000000003645908840
6000000003645919739
6000000003645923083
6000000003645929130
6000000003645929281
6000000003645966120
6000000003645966336
6000000003645997033
6000000003646008377
6000000003646041241
6000000003646057200
6000000003646057379
6000000003646057844
6000000003648048157
6000000003648612202
6000000003648758291
6000000003648869737
6000000003649344087
6000000003649630083
6000000003649647347
6000000003649647911
6000000003649663493
6000000003649663961
6000000003649687323
6000000003649692082
6000000003649701054
6000000003649718627
6000000003649742160
6000000003649751672
6000000003649777800
6000000003649784730
6000000003650774481
6000000003658137566
6000000003658385258
6000000003658542554
6000000003658612196
6000000003658774967
6000000003659307966
6000000003659504596
6000000003681364639
6000000003682987744
6000000003697525277
6000000003698531257
6000000003699223344
6000000003710431377
6000000003722050883
6000000003726379301
6000000003732643830
6000000003734754014
6000000003743740755
6000000003747936001
6000000003748788718
6000000003758059907
6000000003758236315
6000000003769781746
6000000003769897803
6000000003769917354
6000000003770421312
6000000003772264436
6000000003772347425
6000000003772396356
6000000003772887097
6000000003773262363
6000000003784317157
6000000003791687474
6000000003791757266
6000000003791757773
6000000003796084949
6000000003796353583
6000000003796454425
6000000003802818028
6000000003807601040
6000000003820968464
6000000003827043273
6000000003827147867
6000000003827151872
6000000003827153040
6000000003827153521
6000000003827153546
6000000003827153608
6000000003827153654
6000000003827153874
6000000003827153881
6000000003827167442
6000000003827181413
6000000003827181979
6000000003827191071
6000000003827232251
6000000003827246108
6000000003827263396
6000000003827280482
6000000003827280792
6000000003827280827
6000000003827294571
6000000003827305326
6000000003827305535
6000000003827305543
6000000003827305605
6000000003827305841
6000000003827324370
6000000003827324405
6000000003827328200
6000000003827328992
6000000003827335971
6000000003827339709
6000000003827344393
6000000003827355907
6000000003827355977
6000000003827359277
6000000003827359526
6000000003827359630
6000000003827359914
6000000003827359988
6000000003827359995
6000000003827363002
6000000003827363118
6000000003827363154
6000000003827363425
6000000003827363536
6000000003827363543
6000000003827363615
6000000003827363750
6000000003827363859
6000000003827363999
6000000003827368048
6000000003827368111
6000000003827368137
6000000003827368573
6000000003827368730
6000000003827374365
6000000003827374413
6000000003827400041
6000000003827400123
6000000003827400262
6000000003827400365
6000000003827400471
6000000003827400632
6000000003827400761
6000000003827402280
6000000003827409090
6000000003827409117
6000000003827409138
6000000003827409144
6000000003827409172
6000000003827409207
6000000003827424296
6000000003827429306
6000000003827429993
6000000003827435018
6000000003827435109
6000000003827435441
6000000003827435478
6000000003827435597
6000000003827435663
6000000003827435680
6000000003827435879
6000000003827438334
6000000003827438452
6000000003827438586
6000000003827438753
6000000003827445075
6000000003827445398
6000000003827445416
6000000003827451251
6000000003827451292
6000000003827451459
6000000003827451790
6000000003827451815
6000000003827455008
6000000003827455128
6000000003827455154
6000000003827455221
6000000003827455234
6000000003827455566
6000000003827464637
6000000003827464717
6000000003827464724
6000000003827467045
6000000003827467183
6000000003827467189
6000000003827467257
6000000003827467423
6000000003827470062
6000000003827470435
6000000003827470441
6000000003827470535
6000000003827470541
6000000003827470843
6000000003827470861
6000000003827474182
6000000003827477182
6000000003827477200
6000000003827477557
6000000003827477596
6000000003827477652
6000000003827477859
6000000003827484110
6000000003827484406
6000000003827484424
6000000003827484442
6000000003827484613
6000000003827484657
6000000003827484912
6000000003827488945
6000000003827488951
6000000003827496021
6000000003827496053
6000000003827496356
6000000003827496988
6000000003827497025
6000000003827497270
6000000003827497986
6000000003827512040
6000000003827512064
6000000003827512408
6000000003827512416
6000000003827512460
6000000003827512789
6000000003827520561
6000000003827521490
6000000003827521693
6000000003827527176
6000000003827527811
6000000003827527817
6000000003827529046
6000000003827529052
6000000003827529095
6000000003827529224
6000000003827529231
6000000003827529354
6000000003827529444
6000000003827529588
6000000003827529728
6000000003827529735
6000000003827535263
6000000003827535428
6000000003827535971
6000000003827535977
6000000003827542022
6000000003827542058
6000000003827542070
6000000003827542082
6000000003827542089
6000000003827542096
6000000003827542574
6000000003827545816
6000000003827551358
6000000003827551958
6000000003827561254
6000000003827564914
6000000003827573260
6000000003827576097
6000000003827576447
6000000003827576454
6000000003827579073
6000000003827579080
6000000003827579173
6000000003827583515
6000000003827583565
6000000003827583729
6000000003827583736
6000000003827583907
6000000003827587642
6000000003827587654
6000000003827587729
6000000003827606109
6000000003827611226
6000000003827611232
6000000003827611644
6000000003827611650
6000000003827611831
6000000003827612597
6000000003827612609
6000000003827612711
6000000003827612749
6000000003827612756
6000000003827618041
6000000003827618235
6000000003827618267
6000000003827618339
6000000003827618345
6000000003827618672
6000000003827618690
6000000003827618863
6000000003827624858
6000000003827635673
6000000003827661014
6000000003827661851
6000000003827663183
6000000003827663475
6000000003827671440
6000000003827671468
6000000003827671474
6000000003827674326
6000000003827674344
6000000003827674401
6000000003827675446
6000000003827675653
6000000003827681284
6000000003827681519
6000000003827681881
6000000003827685081
6000000003827685149
6000000003827685783
6000000003827688043
6000000003827701919
6000000003827701926
6000000003827703152
6000000003827708369
6000000003827711346
6000000003827727674
6000000003827727716
6000000003827737281
6000000003827737287
6000000003827737577
6000000003827746597
6000000003827746624
6000000003827746817
6000000003827746907
6000000003827746925
6000000003827755017
6000000003827755035
6000000003827763493
6000000003827765640
6000000003827765652
6000000003827765771
6000000003827765777
6000000003827781765
6000000003827792055
6000000003827795741
6000000003827799148
6000000003827799227
6000000003827835110
6000000003827852757
6000000003827864109
6000000003827864189
6000000003827876396
6000000003827889411
6000000003827890353
6000000003827890785
6000000003827902117
6000000003827909706
6000000003827924513
6000000003827924928
6000000003827928374
6000000003827937661
6000000003827963052
6000000003827963838
6000000003828018933
6000000003828021155
6000000003828038220
6000000003828041379
6000000003828110354
6000000003828175232
6000000003828180136
6000000003828196707
6000000003828196897
6000000003828224118
6000000003828245091
6000000003828245708
6000000003828248329
6000000003828248336
6000000003828254600
6000000003828261193
6000000003828268931
6000000003828302153
6000000003828330751
6000000003828335643
6000000003828335657
6000000003828371646
6000000003828371681
6000000003828371940
6000000003828371961
6000000003828382719
6000000003828385245
6000000003828385888
6000000003828392167
6000000003828396008
6000000003828396015
6000000003828396650
6000000003828401816
6000000003828418602
6000000003828425560
6000000003828671281
6000000003830388613
6000000003833442597
6000000003833507385
6000000003836831494
6000000003845430999
6000000003845631204
6000000003847835904
6000000003848978573
6000000003858505123
6000000003858543513
6000000003858547342
6000000003858554421
6000000003858556451
6000000003858585368
6000000003858585633
6000000003858589110
6000000003858589577
6000000003858589760
6000000003858604746
6000000003858613413
6000000003858613536
6000000003858624058
6000000003858668528
6000000003858668623
6000000003858676512
6000000003858686681
6000000003858695434
6000000003858704536
6000000003858710348
6000000003858710537
6000000003858720692
6000000003858725085
6000000003858725514
6000000003858725783
6000000003858731034
6000000003858731296
6000000003858737774
6000000003858737894
6000000003858739820
6000000003858746204
6000000003858746697
6000000003858749700
6000000003858766059
6000000003858766329
6000000003858771852
6000000003858771895
6000000003858776209
6000000003858776479
6000000003858776676
6000000003858776691
6000000003858786767
6000000003858793462
6000000003858799578
6000000003858805710
6000000003858827587
6000000003858831865
6000000003866136713
6000000003867967628
6000000003868113349
6000000003868967539
6000000003869084065
6000000003877177392
6000000003881721241
6000000003883345592
6000000003883549023
6000000003887771512
6000000003887903628
6000000003887909555
6000000003888152911
6000000003889126034
6000000003891272255
6000000003895091781
6000000003897292957
6000000003897426330
6000000003897426336
6000000003897426429
6000000003897426529
6000000003897431973
6000000003897513842
6000000003897519131
6000000003897519143
6000000003897526339
6000000003897531120
6000000003897531264
6000000003897531289
6000000003897534181
6000000003897534416
6000000003897534667
6000000003897541274
6000000003897541303
6000000003897541552
6000000003899313470
6000000003901031667
6000000003902740999
6000000003913900648
6000000003923071811
6000000003923156808
6000000003923246477
6000000003923317443
6000000003923428586
6000000003925650276
6000000003926000139
6000000003936894150
6000000003937168812
6000000003938684980
6000000003939720804
6000000003940505555
6000000003940567305
6000000003948371045
6000000003949735656
6000000003949863728
6000000003949917419
6000000003957623427
6000000003957694169
6000000003979034810
6000000003983314953
6000000003983314960
6000000003983924311
6000000003988462604
6000000003989867315
6000000003989871280
6000000003997660624
6000000003997747377
6000000003999583795
6000000004009577896
6000000004009590861
6000000004010969769
6000000004015697630
6000000004024942938
6000000004025877428
6000000004028287194
6000000004028406185
6000000004033532263
6000000004041140484
6000000004041169157
6000000004043024484
6000000004043024491
6000000004043716047
6000000004047046450
6000000004056356279
6000000004058800000
6000000004058810675
6000000004064427120
6000000004066662310
6000000004066782781
6000000004071113940
6000000004073939901
6000000004078776501
6000000004078920346
6000000004089079896
6000000004089110042
6000000004089151161
6000000004089168940
6000000004093135189
6000000004094854764
6000000004094990257
6000000004095526559
6000000004095669337
6000000004097094441
6000000004097276697
6000000004113099711
6000000004117577132
6000000004119127129
6000000004119938046
6000000004122198949
6000000004122511040
6000000004129915175
6000000004139321838
6000000004139464394
6000000004139583444
6000000004139888268
6000000004145008253
6000000004145990791
6000000004147125284
6000000004147730221
6000000004148901828
6000000004148910111
6000000004148923307
6000000004148946177
6000000004148953168
6000000004148977344
6000000004148978545
6000000004148982567
6000000004148984190
6000000004149394365
6000000004152599849
6000000004157772101
6000000004160985221
6000000004160997719
6000000004164938430
6000000004165295168
6000000004171055382
6000000004171090875
6000000004171162098
6000000004173332418
6000000004173409466
6000000004178183584
6000000004180293740
6000000004188526531
6000000004188586393
6000000004190005756
6000000004190549580
6000000004191139185
6000000004191434970
6000000004201956713
6000000004202052551
6000000004202062983
6000000004212385613
6000000004213173316
6000000004213633938
6000000004227063612
6000000004238993110
6000000004241616298
6000000004241616307
6000000004245536232
6000000004251327826
6000000004257154057
6000000004259833501
6000000004267544178
6000000004268040479
6000000004268267616
6000000004269445788
6000000004269586733
6000000004269801994
6000000004271557737
6000000004283806409
6000000004286819080
6000000004287066261
6000000004287448743
6000000004287490622
6000000004289858346
6000000004294649864
6000000004303404649
6000000004305244134
6000000004309680857
6000000004313804007
6000000004323532223
6000000004336814462
6000000004339589184
6000000004343473997
6000000004343575617
6000000004344255636
6000000004344340204
6000000004348364866
6000000004349714832
6000000004350410970
6000000004361864514
6000000004368620555
6000000004368837905
6000000004377298032
6000000004382495282
6000000004382727482
6000000004382736522
6000000004382744491
6000000004390887552
6000000004392256503
6000000004396350296
6000000004400558624
6000000004400659715
6000000004402201209
6000000004402473166
6000000004439784044
6000000004454415017
6000000004458495001
6000000004458806033
6000000004482610009
6000000004483220013
6000000004506465023
6000000004526270002
6000000004526385004
6000000004532600932
6000000004533031237
6000000004533048828
6000000004533150728
6000000004533150734
6000000004533156312
6000000004533156860
6000000004533169092
6000000004533169415
6000000004533173616
6000000004533176833
6000000004533182456
6000000004533182670
6000000004533185474
6000000004533185487
6000000004533196039
6000000004533196407
6000000004533196483
6000000004533196731
6000000004533200033
6000000004533200150
6000000004533200207
6000000004533200390
6000000004533200416
6000000004533200514
6000000004533200881
6000000004533200962
6000000004533205384
6000000004533205429
6000000004533205796
6000000004533239075
6000000004533239110
6000000004533242523
6000000004533255885
6000000004533255975
6000000004533274060
6000000004533274523
6000000004533283075
6000000004533283082
6000000004533305594
6000000004533305614
6000000004533305917
6000000004533450142
6000000004533503201
6000000004533503253
6000000004533503379
6000000004533503541
6000000004533510232
6000000004533510395
6000000004533522212
6000000004533522361
6000000004533535122
6000000004533535425
6000000004533625152
6000000004533625159
6000000004533625967
6000000004533630082
6000000004533643315
6000000004533643468
6000000004533664635
6000000004533672090
6000000004533679295
6000000004533690420
6000000004533699174
6000000004533709443
6000000004533762548
6000000004533765962
6000000004533774243
6000000004533783437
6000000004533918945
6000000004539888461
6000000004543860129
6000000004548321013
6000000004549903632
6000000004555549095
6000000004556835744
6000000004565283198
6000000004566839967
6000000004571342520
6000000004571348868
6000000004574507384
6000000004576011650
6000000004577966933
6000000004580252633
6000000004581478776
6000000004581487480
6000000004586535724
6000000004586535733
6000000004586565260
6000000004586606685
6000000004588130374
6000000004641965432
6000000004646373673
6000000004646509835
6000000004648014948
6000000004657088822
6000000004657219018
6000000004668905786
6000000004674021249
6000000004680457860
6000000004774370007
6000000004826191417
6000000004827150892
6000000004828956170
6000000004831260572
6000000004839304936
6000000004839749189
6000000004840750234
6000000004841753908
6000000004842017147
6000000004846438509
6000000004847605729
6000000004847633636
6000000004848913637
6000000004850543054
6000000004852469767
6000000004853537051
6000000004853562683
6000000004867293201
6000000004868768993
6000000004868779922
6000000004868865551
6000000004868902258
6000000004868902305
6000000004868902314
6000000004868907203
6000000004868910232
6000000004868910678
6000000004868910704
6000000004868978061
6000000004868995922
6000000004869003557
6000000004869017546
6000000004869017574
6000000004869045168
6000000004869049528
6000000004869073952
6000000004869193413
6000000004869200369
6000000004871112477
6000000004871932134
6000000004879490381
6000000004879577549
6000000004880720712
6000000004880970096
6000000004884976588
6000000004887076121
6000000004887253001
6000000004947001002
6000000004957383653
6000000004969602540
6000000004969608873
6000000004974276593
6000000004974648050
6000000004979086290
6000000004979777552
6000000004990807011
6000000004993062877
6000000004993528543
6000000004998941157
6000000005006755606
6000000005017983373
6000000005033863383
6000000005035166996
6000000005037418645
6000000005049052200
6000000005049052310
6000000005049705321
6000000005049745686
6000000005049845709
6000000005052397118
6000000005052748374
6000000005060030934
6000000005060298119
6000000005060350224
6000000005060692479
6000000005065410349
6000000005065424238
6000000005071579046
6000000005072749060
6000000005073101033
6000000005076474301
6000000005076742255
6000000005076911250
6000000005076951634
6000000005076951641
6000000005089056660
6000000005103054785
6000000005222715671
6000000005222940225
6000000005223609276
6000000005229581969
6000000005229586837
6000000005229632645
6000000005229712625
6000000005229750431
6000000005229778918
6000000005231407107
6000000005232128734
6000000005232195993
6000000005232224422
6000000005241130709
6000000005241374978
6000000005241563616
6000000005242942232
6000000005248396522
6000000005248586217
6000000005250752283
6000000005250779965
6000000005250795061
6000000005256431302
6000000005264351012
6000000005267526019
6000000005268561001
6000000005321606001
6000000005380738826
6000000005380808740
6000000005383008240
6000000005393641057
6000000005395259852
6000000005406630017
6000000005417076176
6000000005417327409
6000000005423948701
6000000005431421568
6000000005436379174
6000000005436379454
6000000005436379526
6000000005436379867
6000000005436379875
6000000005436454039
6000000005436454091
6000000005436471835
6000000005436732426
6000000005442039242
6000000005442236638
6000000005475721003
6000000005480611017
6000000005553862004
6000000005559708008
6000000005559823494
6000000005561124675
6000000005562957978
6000000005563180487
6000000005566669474
6000000005573714485
6000000005573736668
6000000005573779404
6000000005576313687
6000000005576602065
6000000005577158936
6000000005578148295
6000000005588266259
6000000005588538629
6000000005597706841
6000000005597849712
6000000005597860801
6000000005598755788
6000000005598808593
6000000005598851433
6000000005598851872
6000000005598867088
6000000005598872029
6000000005598872449
6000000005598888561
6000000005598897143
6000000005599001115
6000000005599183349
6000000005599194481
6000000005607918426
6000000005608037031
6000000005608250140
6000000005608740360
6000000005609212036
6000000005619727117
6000000005620846754
6000000005621142100
6000000005621357074
6000000005644459010
6000000005645102014
6000000005645412001
6000000005645493010
6000000005646825306
6000000005647822001
6000000005650390001
6000000005653565002
6000000005653593001
6000000005657228013
6000000005677861001
6000000005678303015
6000000005685375027
6000000005686286001
6000000005687298002
6000000005687535001
6000000005704400010
6000000005705768014
6000000005736115301
6000000005739816003
6000000005741439172
6000000005746123751
6000000005746574022
6000000005747654250
6000000005747740533
6000000005758568903
6000000005768276739
6000000005768761797
6000000005771058023
6000000005781728751
6000000005784536054
6000000005785596137
6000000005790485053
6000000005790760245
6000000005791930741
6000000005794085315
6000000005806138008
6000000005841888006
6000000005845069031
6000000005861973018
6000000005865639005
6000000005869553008
6000000005874352030
6000000005895908004
6000000005912110182
6000000005913940193
6000000005919718809
6000000005919782649
6000000005920352169
6000000005930105664
6000000005931058360
6000000005931327454
6000000005936863007
6000000005936931116
6000000005953297192
6000000005953845689
6000000005954403496
6000000005956039079
6000000005958730118
6000000005959040087
6000000005962059600
6000000005962059604
6000000005962059614
6000000005962062845
6000000005962073151
6000000005964003205
6000000005966365671
6000000005970354136
6000000005988552002
6000000005996939014
6000000006007552003
6000000006019981001
6000000006026602016
6000000006036670007
6000000006078900556
6000000006078993589
6000000006079317279
6000000006079729887
6000000006081768576
6000000006083724146
6000000006083976219
6000000006090851156
6000000006098393265
6000000006098968921
6000000006099243206
6000000006099394223
6000000006099394368
6000000006099405035
6000000006100530672
6000000006100879727
6000000006101038160
6000000006101170335
6000000006101234761
6000000006101240591
6000000006101317188
6000000006101317546
6000000006101322372
6000000006101322416
6000000006101354400
6000000006101354639
6000000006101354667
6000000006101378706
6000000006101378854
6000000006101381794
6000000006101381799
6000000006101401670
6000000006101401741
6000000006101404594
6000000006101404598
6000000006101404670
6000000006101404710
6000000006101404831
6000000006101415543
6000000006101423357
6000000006101423534
6000000006101423552
6000000006101423746
6000000006101430421
6000000006101430437
6000000006101469125
6000000006109078541
6000000006111837173
6000000006112091343
6000000006119813255
6000000006119946287
6000000006121636113
6000000006121954069
6000000006125420277
6000000006125813004
6000000006126959363
6000000006126968157
6000000006127013372
6000000006127037181
6000000006127097419
6000000006127097504
6000000006127147310
6000000006127159470
6000000006127159739
6000000006127159768
6000000006127159905
6000000006127174375
6000000006127174519
6000000006127174709
6000000006127193215
6000000006127193628
6000000006127193922
6000000006127214460
6000000006127214489
6000000006127214583
6000000006127214592
6000000006127223221
6000000006127223821
6000000006127231374
6000000006127231383
6000000006127239131
6000000006127255797
6000000006127272107
6000000006127272141
6000000006127272962
6000000006127284557
6000000006127291190
6000000006127291546
6000000006127291653
6000000006127291812
6000000006127307137
6000000006127307152
6000000006127307161
6000000006127307263
6000000006127322318
6000000006127334248
6000000006127334265
6000000006127334270
6000000006127355578
6000000006127355585
6000000006127355736
6000000006127381113
6000000006127381120
6000000006127381247
6000000006127381394
6000000006127401615
6000000006127409064
6000000006127409660
6000000006127409893
6000000006127409911
6000000006127417399
6000000006127417435
6000000006127417930
6000000006127434165
6000000006127453542
6000000006127453659
6000000006127453708
6000000006127473494
6000000006127473833
6000000006127484093
6000000006127484638
6000000006127496430
6000000006127496847
6000000006127517420
6000000006127517518
6000000006127517525
6000000006127523202
6000000006127523210
6000000006127523222
6000000006127523585
6000000006127529405
6000000006127529558
6000000006127542092
6000000006127550687
6000000006127557407
6000000006127557840
6000000006127564317
6000000006127564327
6000000006127570073
6000000006127570569
6000000006127570704
6000000006127576348
6000000006127576609
6000000006127576868
6000000006127594073
6000000006127594457
6000000006127601883
6000000006127621645
6000000006127645236
6000000006127645963
6000000006127651229
6000000006127651336
6000000006127651347
6000000006127682283
6000000006127682614
6000000006127682922
6000000006127688977
6000000006127705791
6000000006127713592
6000000006127713775
6000000006127713822
6000000006127719581
6000000006127719595
6000000006127719806
6000000006127726422
6000000006127726925
6000000006127732116
6000000006127732124
6000000006127732211
6000000006127732302
6000000006127732774
6000000006127736006
6000000006127737061
6000000006127737463
6000000006127737871
6000000006127737912
6000000006127758660
6000000006127758668
6000000006127758745
6000000006127783163
6000000006127783580
6000000006127783693
6000000006127792532
6000000006127792985
6000000006127793000
6000000006127808591
6000000006127808597
6000000006127817703
6000000006127830565
6000000006127836951
6000000006127859967
6000000006127907643
6000000006127928526
6000000006127985647
6000000006127985657
6000000006127985915
6000000006127996626
6000000006128036203
6000000006128072437
6000000006128111060
6000000006128193232
6000000006128193453
6000000006128269799
6000000006128279592
6000000006128299096
6000000006128321039
6000000006128321561
6000000006128354706
6000000006128354717
6000000006129804781
6000000006130127140
6000000006131047120
6000000006135539095
6000000006160920009
6000000006167856607
6000000006180435776
6000000006180483550
6000000006180689289
6000000006185272550
6000000006185578794
6000000006187087744
6000000006187648324
6000000006188806256
6000000006196213956
6000000006197190216
6000000006198441714
6000000006198920238
6000000006200548184
6000000006210203413
6000000006231021686
6000000006231056973
6000000006231368471
6000000006231569249
6000000006231574546
6000000006231602689
6000000006232138170
6000000006233984544
6000000006240544619
6000000006241548688
6000000006241607051
6000000006241787303
6000000006242428065
6000000006242449081
6000000006243681588
6000000006252628060
6000000006252852276
6000000006263399117
6000000006266532197
6000000006267059185
6000000006267585457
6000000006268149616
6000000006273678850
6000000006277530783
6000000006277541570
6000000006277556378
6000000006280124368
6000000006281737300
6000000006282630411
6000000006287065271
6000000006290206325
6000000006290219229
6000000006294594631
6000000006296799111
6000000006321433426
6000000006322721848
6000000006323182161
6000000006323429018
6000000006325954488
6000000006329386313
6000000006338423141
6000000006338449274
6000000006350277002
6000000006355720542
6000000006357958730
6000000006365407973
6000000006366324666
6000000006366689095
6000000006368710660
6000000006373201247
6000000006373245327
6000000006373516015
6000000006376446567
6000000006378114022
6000000006378405308
6000000006378413602
6000000006378626609
6000000006380597167
6000000006380807010
6000000006404266080
6000000006404773009
6000000006405101490
6000000006410604817
6000000006412186503
6000000006419684385
6000000006420169365
6000000006420605447
6000000006420670682
6000000006421016497
6000000006421099169
6000000006421241142
6000000006422137649
6000000006422214851
6000000006423360587
6000000006426226093
6000000006426234038
6000000006426328052
6000000006428477266
6000000006440686564
6000000006442583351
6000000006443785337
6000000006444063707
6000000006444068418
6000000006444068445
6000000006444068478
6000000006444072069
6000000006444081312
6000000006444086966
6000000006444092236
6000000006444092273
6000000006444092283
6000000006444092580
6000000006444092680
6000000006444092776
6000000006444092879
6000000006444097446
6000000006444099232
6000000006444099302
6000000006444099399
6000000006444099811
6000000006444102542
6000000006444102554
6000000006444119727
6000000006444123457
6000000006444123598
6000000006444125088
6000000006444128391
6000000006444128527
6000000006444128967
6000000006444130138
6000000006444130321
6000000006444130334
6000000006444130480
6000000006444130591
6000000006444130777
6000000006444130826
6000000006444130864
6000000006444136135
6000000006444136650
6000000006444136702
6000000006444136983
6000000006444139383
6000000006444139545
6000000006444139578
6000000006444154632
6000000006444159340
6000000006444171265
6000000006444171476
6000000006444171652
6000000006444174547
6000000006444176461
6000000006444180968
6000000006444183520
6000000006444205243
6000000006444205597
6000000006444207510
6000000006444207566
6000000006444207736
6000000006444207772
6000000006444209088
6000000006444209389
6000000006444209442
6000000006444209448
6000000006444211103
6000000006444211255
6000000006444211657
6000000006444211952
6000000006444214394
6000000006444214524
6000000006444214664
6000000006444214984
6000000006444223100
6000000006444223385
6000000006444223617
6000000006444232496
6000000006444232502
6000000006444232525
6000000006444235208
6000000006444240164
6000000006444267839
6000000006444270599
6000000006444272222
6000000006444278362
6000000006444283100
6000000006444290405
6000000006444298698
6000000006444299213
6000000006444299283
6000000006444328048
6000000006444331600
6000000006444339379
6000000006444353248
6000000006444353932
6000000006444353961
6000000006444357850
6000000006444357910
6000000006444360030
6000000006444360034
6000000006444391900
6000000006444391927
6000000006444395777
6000000006444402258
6000000006444402264
6000000006444413842
6000000006444422088
6000000006444422251
6000000006444441526
6000000006444490603
6000000006444493674
6000000006444496080
6000000006444496579
6000000006444496614
6000000006444537449
6000000006444545366
6000000006444557353
6000000006444594462
6000000006444602378
6000000006444602505
6000000006444635738
6000000006444637100
6000000006444637977
6000000006444665472
6000000006444665578
6000000006444672316
6000000006444679064
6000000006444679206
6000000006444679212
6000000006444711336
6000000006444730618
6000000006444735122
6000000006444741805
6000000006444746010
6000000006444746067
6000000006444746138
6000000006444746670
6000000006444750481
6000000006444755219
6000000006444755777
6000000006444755813
6000000006444762178
6000000006444774935
6000000006444777266
6000000006444777684
6000000006444780147
6000000006444780255
6000000006444780840
6000000006444780862
6000000006444798390
6000000006444798418
6000000006445640069
6000000006451819259
6000000006452671109
6000000006454368499
6000000006454657243
6000000006507872001
6000000006537152001
6000000006537159004
6000000006565331728
6000000006568712910
6000000006574287702
6000000006574965051
6000000006575228798
6000000006584637310
6000000006588947700
6000000006589406117
6000000006590065599
6000000006590065603
6000000006590117866
6000000006595591727
6000000006595600508
6000000006596558501
6000000006597082025
6000000006597091433
6000000006597096263
6000000006597116394
6000000006597124843
6000000006597144202
6000000006598723237
6000000006598973944
6000000006599719377
6000000006600451134
6000000006600589112
6000000006600602121
6000000006602653847
6000000006603755928
6000000006604102320
6000000006604709050
6000000006605840379
6000000006607119351
6000000006703703524
6000000006705082195
6000000006705245388
6000000006712911740
6000000006713778572
6000000006714512302
6000000006714532048
6000000006715021475
6000000006719140385
6000000006719155445
6000000006719752691
6000000006721024152
6000000006721891155
6000000006724736318
6000000006726249547
6000000006727737451
6000000006727746410
6000000006727749416
6000000006727749423
6000000006727749694
6000000006727749864
6000000006727749945
6000000006727750000
6000000006727753233
6000000006727753469
6000000006727753743
6000000006727757026
6000000006727757107
6000000006727757132
6000000006727757354
6000000006727757361
6000000006727757459
6000000006727757638
6000000006727757713
6000000006727757725
6000000006727764004
6000000006727764167
6000000006727764375
6000000006727764385
6000000006727770045
6000000006727770069
6000000006727770116
6000000006727770125
6000000006727770689
6000000006727770832
6000000006727770987
6000000006727778053
6000000006727778063
6000000006727778190
6000000006727778388
6000000006727778404
6000000006727778690
6000000006727778698
6000000006727778713
6000000006727778846
6000000006727778910
6000000006727778951
6000000006727781306
6000000006727781386
6000000006727781694
6000000006727781710
6000000006727785044
6000000006727785683
6000000006727785869
6000000006727790076
6000000006727790173
6000000006727790223
6000000006727790665
6000000006727790815
6000000006727794050
6000000006727794470
6000000006727794627
6000000006727794694
6000000006727794857
6000000006727794881
6000000006727796017
6000000006727796062
6000000006727796194
6000000006727796742
6000000006727800197
6000000006727800204
6000000006727800755
6000000006727800785
6000000006727800834
6000000006727805061
6000000006727805183
6000000006727805239
6000000006727805847
6000000006727805911
6000000006727805921
6000000006727810119
6000000006727810170
6000000006727810675
6000000006727810825
6000000006727817022
6000000006727817062
6000000006727817857
6000000006727820286
6000000006727820301
6000000006727820421
6000000006727820484
6000000006727820645
6000000006727820653
6000000006727820728
6000000006727820809
6000000006727820816
6000000006727820852
6000000006727821321
6000000006727821486
6000000006727821546
6000000006727821563
6000000006727821759
6000000006727823484
6000000006727823813
6000000006727823903
6000000006727826380
6000000006727826704
6000000006727826711
6000000006727826813
6000000006727827005
6000000006727827673
6000000006727827758
6000000006727830109
6000000006727832325
6000000006727832332
6000000006727832775
6000000006727832846
6000000006727838322
6000000006727838358
6000000006727838766
6000000006727839700
6000000006727839960
6000000006727840002
6000000006727845011
6000000006727849038
6000000006727849062
6000000006727849111
6000000006727849900
6000000006727853450
6000000006727853675
6000000006727853720
6000000006727853775
6000000006727855040
6000000006727855045
6000000006727855105
6000000006727855155
6000000006727858340
6000000006727858580
6000000006727862030
6000000006727862245
6000000006727862805
6000000006727863215
6000000006727863710
6000000006727863925
6000000006727863930
6000000006727863950
6000000006727867660
6000000006727867674
6000000006727869091
6000000006727871031
6000000006727871574
6000000006727871963
6000000006727873141
6000000006727873467
6000000006727873891
6000000006727876600
6000000006727876881
6000000006727878810
6000000006727880274
6000000006727885898
6000000006727902633
6000000006727913630
6000000006727915122
6000000006727920488
6000000006727931003
6000000006727936936
6000000006727944542
6000000006727944590
6000000006727944769
6000000006727944778
6000000006727945289
6000000006727945341
6000000006727945348
6000000006727945871
6000000006727956231
6000000006727956918
6000000006727958158
6000000006727965306
6000000006733672169
6000000006759960125
6000000006762449470
6000000006762898827
6000000006764023309
6000000006768507211
6000000006769280276
6000000006769354583
6000000006777578893
6000000006783308381
6000000006789642036
6000000006790436253
6000000006795777412
6000000006796070337
6000000006797137732
6000000006797471148
6000000006803850848
6000000006804834808
6000000006806744528
6000000006808706112
6000000006813574355
6000000006815244628
6000000006819539410
6000000006821288916
6000000006822535719
6000000006828391336
6000000006828657011
6000000006836151722
6000000006843762484
6000000006845838309
6000000006853244069
6000000006858341479
6000000006858757121
6000000006858830060
6000000006862330154
6000000006864285953
6000000006869943404
6000000006869947230
6000000006870085654
6000000006870125218
6000000006870170223
6000000006870272099
6000000006871582733
6000000006877411130
6000000006897169084
6000000006897337018
6000000006900553987
6000000006905935999
6000000006906100402
6000000006906294761
6000000006906412491
6000000006906428932
6000000006906506405
6000000006906517236
6000000006906543427
6000000006906550173
6000000006906605978
6000000006906614042
6000000006906640730
6000000006906647944
6000000006906676716
6000000006906706835
6000000006906715458
6000000006906769805
6000000006906769813
6000000006906805399
6000000006906827118
6000000006906868610
6000000006906876286
6000000006906884808
6000000006907931948
6000000006910963300
6000000006911137060
6000000006911473220
6000000006917506672
6000000006929158250
6000000006936280466
6000000006945953861
6000000006947563626
6000000006953008210
6000000006953009167
6000000006953053214
6000000006954844755
6000000006959723828
6000000006963892442
6000000006964061151
6000000006971357246
6000000006977349377
6000000006979060394
6000000006980191079
6000000006989617193
6000000006993834140
6000000006998189368
6000000007005366912
6000000007015116238
6000000007016668173
6000000007021711716
6000000007023689697
6000000007024076223
6000000007025824186
6000000007025913284
6000000007026089133
6000000007026151052
6000000007036832770
6000000007037161255
6000000007037308033
6000000007037369475
6000000007037746014
6000000007038068001
6000000007038272790
6000000007040744781
6000000007043308813
6000000007048749006
6000000007058193896
6000000007058378429
6000000007061932401
6000000007069116381
6000000007079832221
6000000007079953080
6000000007085005382
6000000007086803438
6000000007087224284
6000000007087918235
6000000007090653215
6000000007090942276
6000000007093992140
6000000007094892111
6000000007095332291
6000000007096723410
6000000007099472533
6000000007103485616
6000000007103611425
6000000007103611430
6000000007104114544
6000000007104698561
6000000007105284472
6000000007105636875
6000000007105997609
6000000007106175341
6000000007116252247
6000000007117060407
6000000007121575142
6000000007123060794
6000000007130861524
6000000007141651300
6000000007142796651
6000000007150827728
6000000007150899413
6000000007151013109
6000000007151199993
6000000007151361260
6000000007151444424
6000000007151556104
6000000007151766150
6000000007151910134
6000000007151943238
6000000007151944038
6000000007158512933
6000000007158562367
6000000007158583803
6000000007158694113
6000000007159015288
6000000007159073343
6000000007159091990
6000000007159178997
6000000007162912281
6000000007162912294
6000000007164894439
6000000007165196350
6000000007167514905
6000000007171048676
6000000007175560747
6000000007182710798
6000000007191398255
6000000007193836336
6000000007196068618
6000000007196580673
6000000007196998391
6000000007205113341
6000000007208625277
6000000007210779299
6000000007211674203
6000000007213140224
6000000007216968508
6000000007219540254
6000000007219885558
6000000007223746745
6000000007225775783
6000000007226431511
6000000007226538183
6000000007233718961
6000000007235808624
6000000007237395312
6000000007238209420
6000000007241771892
6000000007248003183
6000000007248243436
6000000007250514418
6000000007255394450
6000000007257117036
6000000007265661547
6000000007265794201
6000000007271068796
6000000007271405950
6000000007272507672
6000000007272531314
6000000007277905457
6000000007280536058
6000000007285895335
6000000007286110282
6000000007287816370
6000000007289863298
6000000007289894286
6000000007294282072
6000000007294498240
6000000007294654215
6000000007296303663
6000000007296798811
6000000007299527725
6000000007300905347
6000000007305492646
6000000007305665652
6000000007305672988
6000000007305722450
6000000007305770702
6000000007309368511
6000000007311831371
6000000007312533167
6000000007314101475
6000000007316238334
6000000007317419255
6000000007318139606
6000000007320330868
6000000007320495661
6000000007320896789
6000000007321803307
6000000007327546532
6000000007328366345
6000000007328366350
6000000007329033040
6000000007329057179
6000000007329105813
6000000007329383039
6000000007329643116
6000000007329867150
6000000007330217637
6000000007330743718
6000000007330939065
6000000007331144280
6000000007331622581
6000000007331640433
6000000007334156256
6000000007335366199
6000000007335906459
6000000007337177563
6000000007337210208
6000000007337220254
6000000007338141623
6000000007343898358
6000000007344348843
6000000007345003986
6000000007345219759
6000000007345667631
6000000007345723540
6000000007345818438
6000000007350409239
6000000007353091724
6000000007353584504
6000000007355902264
6000000007356131219
6000000007356140213
6000000007356184275
6000000007361352517
6000000007361365363
6000000007361407306
6000000007362121355
6000000007366667011
6000000007369880557
6000000007372447249
6000000007372545385
6000000007373561245
6000000007376607096
6000000007376610290
6000000007376920835
6000000007376934082
6000000007377233243
6000000007384576439
6000000007385208411
6000000007385258726
6000000007385420123
6000000007393763007
6000000007393770499
6000000007396277255
6000000007396308369
6000000007396348242
6000000007398424348
6000000007398857661
6000000007398909451
6000000007398940291
6000000007399863113
6000000007400214013
6000000007400293799
6000000007400660824
6000000007406852242
6000000007408238116
6000000007409964349
6000000007410576424
6000000007412324404
6000000007416469961
6000000007424025257
6000000007427927262
6000000007431571258
6000000007431770562
6000000007433599436
6000000007436488271
6000000007450185556
6000000007451927085
6000000007456333287
6000000007458398667
6000000007460832349
6000000007463839886
6000000007463857776
6000000007464133558
6000000007464309273
6000000007472402649
6000000007472648218
6000000007472914258
6000000007473614567
6000000007482529002
6000000007483605409
6000000007484036461
6000000007498195798
6000000007498290544
6000000007498447335
6000000007498866024
6000000007499251986
6000000007509570928
6000000007510043633
6000000007510799277
6000000007511564057
6000000007511657023
6000000007511657081
6000000007511906430
6000000007511906450
6000000007511906640
6000000007511906647
6000000007511954820
6000000007511965790
6000000007511974722
6000000007511982387
6000000007512031554
6000000007512031589
6000000007512031603
6000000007512031982
6000000007512745054
6000000007512812452
6000000007512949991
6000000007513078577
6000000007513195369
6000000007513235418
6000000007513370423
6000000007513474650
6000000007513652267
6000000007513911370
6000000007519516648
6000000007521175163
6000000007522631255
6000000007524025270
6000000007525116037
6000000007531697339
6000000007533853503
6000000007538697312
6000000007538793307
6000000007538989758
6000000007547848572
6000000007548056402
6000000007550368525
6000000007551237515
6000000007551284478
6000000007551326332
6000000007564120594
6000000007571888608
6000000007574067721
6000000007574272324
6000000007575114685
6000000007589105419
6000000007589212979
6000000007598076234
6000000007600301237
6000000007601543329
6000000007602060023
6000000007602245312
6000000007602850104
6000000007602857711
6000000007604301977
6000000007605160742
6000000007605314010
6000000007605771085
6000000007605940821
6000000007605953647
6000000007606027239
6000000007606027251
6000000007606027348
6000000007606311618
6000000007606744873
6000000007616309219
6000000007618278614
6000000007618351978
6000000007618623898
6000000007621797608
6000000007621895321
6000000007622043040
6000000007632181789
6000000007634261463
6000000007644729198
6000000007652021331
6000000007652106629
6000000007661139285
6000000007661883216
6000000007664006350
6000000007664092234
6000000007664630833
6000000007664834431
6000000007665462377
6000000007672519554
6000000007672709382
6000000007676699705
6000000007685011239
6000000007690169594
6000000007690316399
6000000007694074413
6000000007694215126
6000000007706327390
6000000007707958609
6000000007707958614
6000000007710742258
6000000007711582016
6000000007717897215
6000000007723609254
6000000007743782418
6000000007744368447
6000000007744705380
6000000007750613255
6000000007753308375
6000000007755407668
6000000007759030493
6000000007759612707
6000000007759612712
6000000007760543606
6000000007763989784
6000000007771742337
6000000007773862977
6000000007776218029
6000000007777245372
6000000007782302849
6000000007787563524
6000000007787712139
6000000007792022683
6000000007798643226
6000000007802197293
6000000007807902464
6000000007817437134
6000000007819611222
6000000007822147521
6000000007822333415
6000000007832357362
6000000007833965837
6000000007875553890
6000000007876037112
6000000007876218395
6000000007878001774
6000000007885175961
6000000007907946255
6000000007914834440
6000000007914966947
6000000007915283422
6000000007915729523
6000000007915930554
6000000007934738051
6000000007939168297
6000000007947855612
6000000007948266424
6000000007949056229
6000000007950298772
6000000007951073336
6000000007951369403
6000000007951566399
6000000007952007605
6000000007959973088
6000000007960129940
6000000007960350261
6000000007960665479
6000000007960793918
6000000007960985076
6000000007962752083
6000000007963388035
6000000007963659697
6000000007965776443
6000000007968139521
6000000007977583175
6000000007980285778
6000000007980453987
6000000007980466691
6000000007980604226
6000000007980605089
6000000007980630648
6000000007980630655
6000000007980759036
6000000007980759041
6000000007981027286
6000000007981027290
6000000007981027329
6000000007981560317
6000000007982319511
6000000007984616966
6000000007991213397
6000000008004671280
6000000008005697901
6000000008005859314
6000000008007267443
6000000008007435358
6000000008007454254
6000000008007635686
6000000008011078694
6000000008018997063
6000000008021505316
6000000008022073562
6000000008023729341
6000000008024133707
6000000008024168627
6000000008024278549
6000000008024343440
6000000008024385273
6000000008033992803
6000000008034233918
6000000008041115899
6000000008041185755
6000000008047204297
6000000008050700069
6000000008050986230
6000000008053325806
6000000008054136174
6000000008059782741
6000000008078233568
6000000008078990204
6000000008090131741
6000000008090325442
6000000008090500533
6000000008100728972
6000000008114788993
6000000008121436216
6000000008128352288
6000000008142433371
6000000008151349039
6000000008152787226
6000000008152814982
6000000008154848800
6000000008155057204
6000000008160407918
6000000008166829170
6000000008169676831
6000000008170347276
6000000008175814214
6000000008176795162
6000000008177522557
6000000008178227622
6000000008188439759
6000000008188508080
6000000008188730698
6000000008189011781
6000000008192300224
6000000008199110146
6000000008199184742
6000000008199188444
6000000008199273913
6000000008199415647
6000000008199859471
6000000008199880415
6000000008200026228
6000000008200762208
6000000008201111652
6000000008201695332
6000000008206890127
6000000008209157832
6000000008209181098
6000000008209370354
6000000008211565823
6000000008212552153
6000000008212868413
6000000008223531816
6000000008223611632
6000000008232030152
6000000008232183521
6000000008244587579
6000000008248160118
6000000008248188631
6000000008248262784
6000000008248381212
6000000008248391690
6000000008248421599
6000000008248430260
6000000008248430400
6000000008248528380
6000000008248533174
6000000008248647027
6000000008248664316
6000000008248665161
6000000008248665164
6000000008249504022
6000000008250988033
6000000008251200999
6000000008266544349
6000000008269690809
6000000008269802532
6000000008269915234
6000000008269934190
6000000008276231967
6000000008280176733
6000000008285947807
6000000008286558312
6000000008288845108
6000000008289156151
6000000008294011764
6000000008298641613
6000000008300352142
6000000008300530070
6000000008300614612
6000000008303408009
6000000008309732285
6000000008317148273
6000000008318834614
6000000008320616281
6000000008323850800
6000000008333013549
6000000008338039929
6000000008339184016
6000000008340360670
6000000008340862470
6000000008341287195
6000000008342323319
6000000008353239644
6000000008353704922
6000000008354244204
6000000008365400736
6000000008365818150
6000000008375987266
6000000008381546890
6000000008384102573
6000000008385481085
6000000008386147753
6000000008392189123
6000000008394473773
6000000008395084275
6000000008395473048
6000000008396479856
6000000008404729735
6000000008408394497
6000000008416337526
6000000008419056437
6000000008419445356
6000000008419522207
6000000008425033467
6000000008427171213
6000000008428622398
6000000008429168775
6000000008429213990
6000000008429352557
6000000008433667286
6000000008435428322
6000000008439159131
6000000008439518240
6000000008439616916
6000000008439738271
6000000008444443551
6000000008459642631
6000000008461901412
6000000008462656178
6000000008467554009
6000000008470591324
6000000008481121166
6000000008481176741
6000000008481458843
6000000008482928423
6000000008489081526
6000000008489236485
6000000008492280357
6000000008492283591
6000000008496890939
6000000008496898132
6000000008496913563
6000000008496913568
6000000008496919240
6000000008496940926
6000000008496951906
6000000008496964358
6000000008500969980
6000000008506567848
6000000008506694917
6000000008507681593
6000000008507931697
6000000008509681019
6000000008510154373
6000000008510581064
6000000008510783714
6000000008516116524
6000000008517951667
6000000008518454300
6000000008518493228
6000000008518501925
6000000008519893788
6000000008520003216
6000000008520042279
6000000008521761380
6000000008522201740
6000000008528496737
6000000008529620579
6000000008531822228
6000000008532795970
6000000008532959033
6000000008534577293
6000000008537579083
6000000008538116147
6000000008538124195
6000000008538306614
6000000008541754867
6000000008549179752
6000000008559256483
6000000008559480046
6000000008559545430
6000000008563123684
6000000008563681850
6000000008567666686
6000000008568503948
6000000008572969380
6000000008575245445
6000000008575928428
6000000008576204041
6000000008578924985
6000000008591504960
6000000008591813597
6000000008595651956
6000000008596720383
6000000008599406341
6000000008601969828
6000000008603865503
6000000008624492603
6000000008624910233
6000000008627454249
6000000008628205667
6000000008628819934
6000000008630356355
6000000008630635932
6000000008630638275
6000000008630657313
6000000008630657341
6000000008630657908
6000000008630789475
6000000008630789485
6000000008630789709
6000000008630801446
6000000008630801718
6000000008630858607
6000000008630987637
6000000008638428024
6000000008638431382
6000000008638796706
6000000008638927982
6000000008638933636
6000000008639098642
6000000008639720294
6000000008640413262
6000000008640414008
6000000008640414027
6000000008640446405
6000000008640464512
6000000008649719701
6000000008649943111
6000000008649959916
6000000008650265851
6000000008650285629
6000000008650374005
6000000008650384885
6000000008653645691
6000000008656413931
6000000008657116736
6000000008659258932
6000000008659473731
6000000008661263440
6000000008666545565
6000000008666643440
6000000008671413346
6000000008673471019
6000000008673853378
6000000008678920963
6000000008679164034
6000000008679317189
6000000008682014764
6000000008689932031
6000000008690215742
6000000008690566385
6000000008690703652
6000000008708483039
6000000008716405133
6000000008734179157
6000000008737078733
6000000008737237569
6000000008753867642
6000000008758630400
6000000008761519434
6000000008768951444
6000000008778292502
6000000008779457360
6000000008779468668
6000000008780067073
6000000008780393250
6000000008787043512
6000000008787179248
6000000008788456195
6000000008788936550
6000000008798015175
6000000008799851672
6000000008799860782
6000000008799884985
6000000008803714206
6000000008806616403
6000000008806951044
6000000008809914157
6000000008810797969
6000000008812362190
6000000008826709048
6000000008830654894
6000000008831106227
6000000008840975651
6000000008841179321
6000000008844611185
6000000008847604706
6000000008850019174
6000000008851768704
6000000008851935563
6000000008857442593
6000000008858884656
6000000008861365430
6000000008863020059
6000000008863211195
6000000008863518257
6000000008863681676
6000000008865740566
6000000008866012988
6000000008866597519
6000000008869351112
6000000008871376753
6000000008872735988
6000000008875946755
6000000008877426357
6000000008877854689
6000000008879730008
6000000008880345581
6000000008880361665
6000000008881777692
6000000008883056624
6000000008889776014
6000000008889872098
6000000008889998142
6000000008890109344
6000000008890202921
6000000008896190153
6000000008896669464
6000000008899534492
6000000008899550780
6000000008899601765
6000000008901104459
6000000008907098283
6000000008907589148
6000000008907831628
6000000008907852711
6000000008908006594
6000000008908061070
6000000008908477824
6000000008932658783
6000000008933827746
6000000008934448406
6000000008935291612
6000000008938162390
6000000008941371309
6000000008947212350
6000000008951079029
6000000008962271638
6000000008963081015
6000000008967008790
6000000008969223639
6000000008969935278
6000000008970296600
6000000008971715921
6000000008976335662
6000000008979112162
6000000008979335046
6000000008987223854
6000000008987269397
6000000008987305206
6000000008988187223
6000000008988526370
6000000008988775900
6000000009004933414
6000000009005877505
6000000009005955383
6000000009006445498
6000000009014627733
6000000009015811223
6000000009016125603
6000000009025970491
6000000009027930582
6000000009034010510
6000000009036702751
6000000009043935958
6000000009049122377
6000000009054476328
6000000009056631757
6000000009057653367
6000000009086566373
6000000009108641704
6000000009115140731
6000000009115952463
6000000009117282162
6000000009117409257
6000000009126055472
6000000009126679273
6000000009127769452
6000000009130163705
6000000009130581157
6000000009131653710
6000000009132443642
6000000009133279559
6000000009134239046
6000000009134992437
6000000009144010507
6000000009161557389
6000000009161583357
6000000009164167770
6000000009166283855
6000000009168316812
6000000009168988422
6000000009169935875
6000000009178763157
6000000009186569641
6000000009187480048
6000000009197183638
6000000009214924920
6000000009215342399
6000000009216194325
6000000009217450213
6000000009217540331
6000000009223282891
6000000009224003723
6000000009224112542
6000000009224395437
6000000009226382254
6000000009241396382
6000000009242361305
6000000009245560183
6000000009246069841
6000000009246169415
6000000009246267284
6000000009246497235
6000000009246699693
6000000009247045436
6000000009257090986
6000000009277624908
6000000009300814073
6000000009301790306
6000000009301847335
6000000009304927105
6000000009304954003
6000000009304958398
6000000009304961902
6000000009304961936
6000000009304961964
6000000009304969182
6000000009305008561
6000000009305076483
6000000009305326913
6000000009305809555
6000000009314195104
6000000009316011034
6000000009316127495
6000000009333237656
6000000009334595375
6000000009340153674
6000000009341941289
6000000009368729865
6000000009375272382
6000000009382608781
6000000009393452702
6000000009401513008
6000000009401706934
6000000009402073279
6000000009411658233
6000000009420748215
6000000009431183746
6000000009432461618
6000000009441020929
6000000009459384559
6000000009467017699
6000000009474926396
6000000009479193350
6000000009485256924
6000000009485278723
6000000009485535761
6000000009493722894
6000000009494070775
6000000009498849935
6000000009499167397
6000000009503496107
6000000009504533644
6000000009510712891
6000000009515492555
6000000009523091693
6000000009524445777
6000000009530908410
6000000009530908414
6000000009533282611
6000000009541806703
6000000009541869238
6000000009544283078
6000000009544305194
6000000009544606382
6000000009544686505
6000000009544861357
6000000009544902295
6000000009546576788
6000000009546630640
6000000009553988849
6000000009554685939
6000000009562010862
6000000009573532083
6000000009590877323
6000000009600105776
6000000009600279707
6000000009617281584
6000000009627515574
6000000009627728211
6000000009628185297
6000000009636621970
6000000009637158297
6000000009637193122
6000000009639315375
6000000009644869087
6000000009648460130
6000000009649641345
6000000009649641350
6000000009653909880
6000000009656195589
6000000009656247300
6000000009657983666
6000000009665899373
6000000009678655226
6000000009680299861
6000000009683996520
6000000009687252316
6000000009687902964
6000000009688798558
6000000009689074146
6000000009689440443
6000000009693821507
6000000009693938328
6000000009696394534
6000000009704790136
6000000009707217347
6000000009707241361
6000000009718686430
6000000009724411290
6000000009726660856
6000000009735547583
6000000009744503426
6000000009745390993
6000000009756433107
6000000009762255462
6000000009763720574
6000000009766833807
6000000009767178830
6000000009767475932
6000000009772363950
6000000009772731552
6000000009776832029
6000000009777244662
6000000009785796787
6000000009787084958
6000000009787143856
6000000009791294739
6000000009793637917
6000000009794615401
6000000009795327572
6000000009800688338
6000000009801963679
6000000009801977616
6000000009815792814
6000000009820059330
6000000009823339712
6000000009823895383
6000000009824617355
6000000009826070297
6000000009847499508
6000000009875398936
6000000009885942969
6000000009886104692
6000000009886129821
6000000009887897284
6000000009899319937
6000000009913930383
6000000009924730560
6000000009925812475
6000000009927846310
6000000009927916857
6000000009936831260
6000000009944675094
6000000009946084437
6000000009955977758
6000000009956585254
6000000009959849883
6000000009960032857
6000000009964326934
6000000009965727848
6000000009965786615
6000000009965850702
6000000009966037439
6000000009966159651
6000000009969208687
6000000009969529088
6000000009974351402
6000000009974365941
6000000009974540561
6000000009976716625
6000000009984196006
6000000009985760916
6000000009986610977
6000000009987682412
6000000009990939313
6000000009991268316
6000000010018784061
6000000010018994260
6000000010020016420
6000000010020399967
6000000010023701315
6000000010030450923
6000000010034710853
6000000010038501988
6000000010039651217
6000000010040030120
6000000010041911831
6000000010048729122
6000000010049813453
6000000010058038304
6000000010060961353
6000000010072298964
6000000010072794579
6000000010079515169
6000000010079527625
6000000010079768780
6000000010081187244
6000000010082399733
6000000010094943325
6000000010103755336
6000000010112344346
6000000010113215792
6000000010120623046
6000000010123408368
6000000010123907639
6000000010128885593
6000000010131088218
6000000010132548527
6000000010141794540
6000000010141925657
6000000010154485497
6000000010154504999
6000000010164181294
6000000010181891083
6000000010182150159
6000000010187777208
6000000010191536161
6000000010191847603
6000000010191901928
6000000010192356960
6000000010200601543
6000000010208841371
6000000010234688109
6000000010234726229
6000000010234793261
6000000010243337650
6000000010244675280
6000000010251734181
6000000010258884580
6000000010260485924
6000000010282053054
6000000010282070992
6000000010282078071
6000000010282571812
6000000010290354241
6000000010293451687
6000000010299957837
6000000010318323809
6000000010331651915
6000000010371359105
6000000010375703651
6000000010384436280
6000000010408244623
6000000010408627238
6000000010424997264
6000000010431145634
6000000010444330411
6000000010444393392
6000000010452661431
6000000010454914262
6000000010455043218
6000000010459795393
6000000010461820030
6000000010462706299
6000000010463529059
6000000010472007777
6000000010476147700
6000000010476382761
6000000010481785277
6000000010492313608
6000000010493303347
6000000010494666167
6000000010494814418
6000000010495011097
6000000010502231935
6000000010507015987
6000000010512056768
6000000010512381699
6000000010512929798
6000000010530010321
6000000010534017451
6000000010534344649
6000000010539542248
6000000010543242297
6000000010543513560
6000000010554169569
6000000010563694755
6000000010570865178
6000000010571843352
6000000010573777066
6000000010585044401
6000000010593390980
6000000010597997235
6000000010598433817
6000000010598683653
6000000010598767465
6000000010616737771
6000000010617527144
6000000010624911366
6000000010627961299
6000000010646052427
6000000010646172298
6000000010648489174
6000000010655946828
6000000010660668273
6000000010665023581
6000000010674713168
6000000010678121077
6000000010686338222
6000000010696163562
6000000010696322727
6000000010704760716
6000000010713424146
6000000010713512335
6000000010713603858
6000000010714839830
6000000010714940608
6000000010715332520
6000000010741235884
6000000010741608669
6000000010742379238
6000000010742401224
6000000010742449081
6000000010744819527
6000000010750887862
6000000010778365120
6000000010780618115
6000000010780951277
6000000010782152055
6000000010786394445
6000000010789954660
6000000010789987559
6000000010793082341
6000000010795573742
6000000010800923744
6000000010801039129
6000000010801040068
6000000010801213418
6000000010801237168
6000000010801331887
6000000010801381528
6000000010801393457
6000000010801406769
6000000010801495047
6000000010801623795
6000000010801635352
6000000010801685870
6000000010802231519
6000000010810262876
6000000010815053877
6000000010816905947
6000000010821867444
6000000010824235270
6000000010829382703
6000000010829929660
6000000010830930539
6000000010831441448
6000000010837512080
6000000010837520339
6000000010839924399
6000000010846578248
6000000010874861384
6000000010885656865
6000000010886028390
6000000010895894563
6000000010896059507
6000000010897306136
6000000010897841902
6000000010897904613
6000000010907174822
6000000010919150568
6000000010922063674
6000000010923734499
6000000010934387089
6000000010935887631
6000000010936026383
6000000010945768832
6000000010961004668
6000000010963140794
6000000010963393213
6000000010975823349
6000000010977003731
6000000010983405802
6000000010984036473
6000000010987590200
6000000010992187467
6000000010994066843
6000000010994178138
6000000011015185651
6000000011016954757
6000000011017497386
6000000011025871571
6000000011049664389
6000000011050165276
6000000011051100655
6000000011056345986
6000000011068893277
6000000011072409310
6000000011074558110
6000000011080185965
6000000011080512337
6000000011080597375
6000000011082119237
6000000011087040276
6000000011087584784
6000000011087780201
6000000011103046508
6000000011115929762
6000000011116043585
6000000011117297958
6000000011130849467
6000000011137934342
6000000011137940291
6000000011139546368
6000000011145900385
6000000011146065285
6000000011157233963
6000000011160254307
6000000011160411373
6000000011161688540
6000000011169273490
6000000011169335473
6000000011171803555
6000000011184541518
6000000011189785653
6000000011191273695
6000000011198853783
6000000011198967094
6000000011208653998
6000000011208871597
6000000011213645661
6000000011218270271
6000000011218295358
6000000011218323254
6000000011218943131
6000000011218994344
6000000011220199137
6000000011222757801
6000000011229561077
6000000011232313787
6000000011241512649
6000000011241515657
6000000011242484140
6000000011242594971
6000000011245203444
6000000011249197105
6000000011249957617
6000000011255811912
6000000011260547938
6000000011263231463
6000000011264700430
6000000011274931343
6000000011276020107
6000000011281813147
6000000011292317496
6000000011324116647
6000000011329710398
6000000011331587868
6000000011331601803
6000000011332221051
6000000011334477884
6000000011343299354
6000000011344832343
6000000011350259492
6000000011350719892
6000000011351354870
6000000011353829497
6000000011357871378
6000000011365291845
6000000011367279282
6000000011367279404
6000000011376823495
6000000011379895588
6000000011384852967
6000000011386486847
6000000011389616015
6000000011390313684
6000000011390377439
6000000011390613106
6000000011399221611
6000000011425728207
6000000011425846352
6000000011435190440
6000000011446970728
6000000011450649368
6000000011456805386
6000000011462022186
6000000011471847913
6000000011471955205
6000000011481675319
6000000011483413635
6000000011483423445
6000000011490688545
6000000011490807457
6000000011491558309
6000000011494479001
6000000011494753485
6000000011498710988
6000000011503561690
6000000011504099034
6000000011513985989
6000000011514614540
6000000011515797630
6000000011515910483
6000000011516689242
6000000011533077050
6000000011533226330
6000000011536589369
6000000011537266669
6000000011539022692
6000000011539660403
6000000011549961912
6000000011556420491
6000000011566125825
6000000011568169088
6000000011568547454
6000000011577413013
6000000011579331593
6000000011579386592
6000000011580113757
6000000011580300447
6000000011580309320
6000000011580434789
6000000011584110909
6000000011584187454
6000000011589002241
6000000011592017005
6000000011593892747
6000000011605001389
6000000011621144770
6000000011621797816
6000000011621821810
6000000011623680626
6000000011624123446
6000000011626627782
6000000011626767508
6000000011626877598
6000000011627019431
6000000011627026983
6000000011627034389
6000000011627068106
6000000011627090974
6000000011627127368
6000000011627136443
6000000011627175582
6000000011627187989
6000000011628465098
6000000011629241896
6000000011629557114
6000000011630330725
6000000011631311743
6000000011631622292
6000000011632700504
6000000011633734102
6000000011633913753
6000000011634529810
6000000011635058218
6000000011635373395
6000000011637291315
6000000011643306157
6000000011657190041
6000000011657364257
6000000011660493986
6000000011661161427
6000000011661349374
6000000011696624717
6000000011697378890
6000000011697764866
6000000011700523031
6000000011702844258
6000000011713042906
6000000011714053165
6000000011714588237
6000000011714961527
6000000011715190533
6000000011723180630
6000000011726560938
6000000011734999765
6000000011738047915
6000000011739086964
6000000011739290047
6000000011740796045
6000000011747676744
6000000011774721952
6000000011798104095
6000000011799606402
6000000011802611778
6000000011810751712
6000000011811042211
6000000011811159536
6000000011812558654
6000000011820093546
6000000011830244752
6000000011830481494
6000000011830675570
6000000011830814416
6000000011833549597
6000000011835080899
6000000011835113767
6000000011835207917
6000000011836251504
6000000011836369409
6000000011836725343
6000000011839180259
6000000011839413553
6000000011851454732
6000000011851554953
6000000011851581406
6000000011851638339
6000000011851759434
6000000011852486565
6000000011859662547
6000000011861639869
6000000011888161701
6000000011893823971
6000000011902435119
6000000011935358260
6000000011939051821
6000000011952674929
6000000011956183511
6000000011997678795
6000000011997974290
6000000011998114402
6000000012000423373
6000000012001279962
6000000012006566996
6000000012008857081
6000000012010061394
6000000012011531942
6000000012011698330
6000000012012871479
6000000012016453307
6000000012018040189
6000000012026075752
6000000012032980193
6000000012033640416
6000000012041271449
6000000012046749117
6000000012046753124
6000000012050619214
6000000012056186029
6000000012056592734
6000000012056688348
6000000012056844223
6000000012098196350
6000000012101342025
6000000012118013124
6000000012118538549
6000000012118844421
6000000012118890985
6000000012118892581
6000000012119109526
6000000012120496352
6000000012120500394
6000000012124599633
6000000012126822831
6000000012133523012
6000000012135980961
6000000012168235334
6000000012181625075
6000000012209768597
6000000012209874338
6000000012210914721
6000000012223964644
6000000012267030870
6000000012272863546
6000000012287725589
6000000012288590066
6000000012300970198
6000000012313927606
6000000012314029339
6000000012314105248
6000000012317978742
6000000012318033196
6000000012318130153
6000000012328261279
6000000012328583538
6000000012334430486
6000000012334494357
6000000012345008606
6000000012348097980
6000000012348420894
6000000012348691639
6000000012348808251
6000000012348999122
6000000012349012606
6000000012349291307
6000000012360773044
6000000012361287944
6000000012364449930
6000000012364536342
6000000012368177851
6000000012368659230
6000000012381563742
6000000012388007557
6000000012388176315
6000000012390615552
6000000012400355926
6000000012400539452
6000000012407025621
6000000012412048164
6000000012412658718
6000000012418785643
6000000012419145960
6000000012419449786
6000000012419511276
6000000012421742929
6000000012422599997
6000000012431102986
6000000012432111719
6000000012437302009
6000000012437336620
6000000012444158333
6000000012446146205
6000000012448742478
6000000012448924459
6000000012449584598
6000000012449687247
6000000012450310718
6000000012460614118
6000000012460744504
6000000012460944344
6000000012461347465
6000000012479412833
6000000012479509764
6000000012479542701
6000000012479853575
6000000012499847576
6000000012501472837
6000000012506930773
6000000012508417843
6000000012513489640
6000000012536650979
6000000012536651166
6000000012546787252
6000000012560069447
6000000012561739526
6000000012565017393
6000000012565584269
6000000012566545457
6000000012566638313
6000000012568263701
6000000012568331721
6000000012569296127
6000000012569402995
6000000012569474705
6000000012570909589
6000000012570979220
6000000012577666190
6000000012580157830
6000000012580185185
6000000012580315768
6000000012580385251
6000000012580407449
6000000012581007931
6000000012581597189
6000000012587936505
6000000012587945660
6000000012588026366
6000000012588422372
6000000012588454609
6000000012592118612
6000000012594004667
6000000012597226425
6000000012600755089
6000000012602351600
6000000012612003391
6000000012616535049
6000000012617393921
6000000012619980254
6000000012619999935
6000000012621519452
6000000012621586629
6000000012623500057
6000000012623879677
6000000012624040302
6000000012624464513
6000000012632753193
6000000012633096850
6000000012634455603
6000000012634468407
6000000012634564281
6000000012634689188
6000000012640406848
6000000012640838674
6000000012641137497
6000000012641171021
6000000012641605107
6000000012641674386
6000000012641674834
6000000012644894805
6000000012645747603
6000000012653246282
6000000012654213193
6000000012654301555
6000000012656177553
6000000012665097221
6000000012668021369
6000000012672593869
6000000012674358373
6000000012678469221
6000000012687489720
6000000012690380874
6000000012690455112
6000000012691447665
6000000012693987231
6000000012718000410
6000000012719711212
6000000012726193790
6000000012734285538
6000000012734367386
6000000012736619268
6000000012739894230
6000000012743533226
6000000012746751727
6000000012749106056
6000000012749380608
6000000012752518528
6000000012756116800
6000000012759489605
6000000012762280523
6000000012767608632
6000000012773896597
6000000012773999463
6000000012786625391
6000000012786723237
6000000012797359662
6000000012797416040
6000000012797572419
6000000012802441490
6000000012810904530
6000000012813914468
6000000012819145549
6000000012819676325
6000000012819903231
6000000012820812914
6000000012820856593
6000000012821114761
6000000012821409314
6000000012827234676
6000000012827447629
6000000012827604404
6000000012828063350
6000000012841241913
6000000012841465268
6000000012847874000
6000000012851822899
6000000012873801321
6000000012875573275
6000000012876837353
6000000012877539639
6000000012877979371
6000000012885624239
6000000012887958196
6000000012901690333
6000000012918633186
6000000012920198104
6000000012920710671
6000000012920739743
6000000012920854298
6000000012922754402
6000000012924353343
6000000012924446248
6000000012930902865
6000000012931033927
6000000012931350301
6000000012931391368
6000000012941078834
6000000012941190205
6000000012941409453
6000000012945471288
6000000012946485699
6000000012959953951
6000000012959992080
6000000012960432296
6000000012966079926
6000000012967303075
6000000012977321409
6000000012978328641
6000000012979680006
6000000012979801839
6000000012982814026
6000000012988767643
6000000012988902502
6000000012993358982
6000000012993382496
6000000012995838690
6000000012999364732
6000000013007809177
6000000013008658351
6000000013009068580
6000000013009634026
6000000013009857799
6000000013014356503
6000000013019075408
6000000013019287351
6000000013019296269
6000000013019478361
6000000013020632588
6000000013020969736
6000000013026670438
6000000013038339201
6000000013042218251
6000000013049983794
6000000013060948689
6000000013082637925
6000000013102515597
6000000013104220304
6000000013143974529
6000000013152005062
6000000013154918224
6000000013157063808
6000000013157402279
6000000013163398913
6000000013175410922
6000000013182979284
6000000013192497438
6000000013193485074
6000000013193488379
6000000013193759142
6000000013193790021
6000000013193790032
6000000013193883351
6000000013196348988
6000000013215504163
6000000013216159497
6000000013217356155
6000000013218637832
6000000013227282778
6000000013227327610
6000000013230121591
6000000013253015694
6000000013253018834
6000000013254454571
6000000013254666416
6000000013255485815
6000000013255932944
6000000013257070935
6000000013266007036
6000000013270639387
6000000013273194801
6000000013280309275
6000000013289318612
6000000013291463119
6000000013294673097
6000000013294751872
6000000013295376170
6000000013296507730
6000000013296788468
6000000013297033276
6000000013302448210
6000000013302506574
6000000013310795859
6000000013311107764
6000000013322367157
6000000013329491416
6000000013333366687
6000000013338208452
6000000013344659670
6000000013344773888
6000000013344839263
6000000013345175491
6000000013347476891
6000000013352959474
6000000013374980381
6000000013375058123
6000000013380644797
6000000013382178933
6000000013382492431
6000000013385706240
6000000013397856067
6000000013400548938
6000000013401050327
6000000013401808353
6000000013402027084
6000000013402833286
6000000013427134209
6000000013429073366
6000000013429094794
6000000013429130276
6000000013429138560
6000000013429232224
6000000013429715304
6000000013429915281
6000000013430214210
6000000013430267231
6000000013431989281
6000000013440191822
6000000013446125614
6000000013460326307
6000000013463063312
6000000013472304277
6000000013472350639
6000000013477581006
6000000013482370887
6000000013482384819
6000000013482854614
6000000013487137710
6000000013488505914
6000000013492626054
6000000013499596740
6000000013500031386
6000000013501078805
6000000013501123204
6000000013502213966
6000000013502803868
6000000013510698729
6000000013514604897
6000000013514881819
6000000013517308470
6000000013524282188
6000000013528667755
6000000013528912284
6000000013529066260
6000000013531205201
6000000013537774387
6000000013544962900
6000000013545353703
6000000013548336239
6000000013574678394
6000000013586122511
6000000013592371602
6000000013601123514
6000000013611104985
6000000013624340530
6000000013640394771
6000000013641880301
6000000013642469480
6000000013654957542
6000000013655827683
6000000013673316180
6000000013689085493
6000000013694314213
6000000013700725451
6000000013701629138
6000000013724029004
6000000013734177692
6000000013735548825
6000000013737727872
6000000013739602107
6000000013752976229
6000000013754652789
6000000013754707837
6000000013755107076
6000000013763688531
6000000013763801721
6000000013766131859
6000000013778850803
6000000013778856792
6000000013781603349
6000000013782248918
6000000013788795397
6000000013791044368
6000000013791318762
6000000013791633256
6000000013805992498
6000000013806419546
6000000013807194868
6000000013814225275
6000000013814239531
6000000013821208973
6000000013821365787
6000000013821465227
6000000013821465681
6000000013821734339
6000000013832542863
6000000013837310512
6000000013864972765
6000000013869080145
6000000013875254323
6000000013901559131
6000000013915376832
6000000013938289487
6000000013939752111
6000000013939942059
6000000013961336912
6000000013967300697
6000000013967355441
6000000014001356554
6000000014001429056
6000000014023341911
6000000014024467267
6000000014024644179
6000000014024808964
6000000014025049468
6000000014025165058
6000000014030864521
6000000014031351685
6000000014046641179
6000000014048873314
6000000014048912756
6000000014051423935
6000000014055635902
6000000014056525746
6000000014065081308
6000000014082098200
6000000014102577202
6000000014102877625
6000000014114458220
6000000014117599915
6000000014119000341
6000000014119002472
6000000014121141108
6000000014123800727
6000000014124372798
6000000014124591958
6000000014126068520
6000000014126321681
6000000014126804281
6000000014127508619
6000000014127541455
6000000014127589922
6000000014127796801
6000000014150343139
6000000014156999112
6000000014157008271
6000000014159287615
6000000014159350525
6000000014159962022
6000000014162368334
6000000014162368732
6000000014162498119
6000000014162573885
6000000014162764696
6000000014162951302
6000000014163172543
6000000014163260999
6000000014163314942
6000000014163408640
6000000014163634470
6000000014163638700
6000000014163733114
6000000014163954075
6000000014163954164
6000000014169255318
6000000014198168726
6000000014200182141
6000000014206530604
6000000014228862291
6000000014279007065
6000000014279090065
6000000014280180318
6000000014294784153
6000000014312677662
6000000014339290483
6000000014349012451
6000000014387171822
6000000014387338758
6000000014387538322
6000000014409276342
6000000014409286483
6000000014417864914
6000000014418047838
6000000014429760814
6000000014441108918
6000000014452902149
6000000014453119155
6000000014513115189
6000000014515330346
6000000014532109601
6000000014532453043
6000000014538402790
6000000014589385891
6000000014611591792
6000000014631695565
6000000014642294092
6000000014653410276
6000000014653939774
6000000014681441160
6000000014710505960
6000000014710723845
6000000014710848243
6000000014711042875
6000000014740465323
6000000014741764290
6000000014746324453
6000000014746409278
6000000014760456272
6000000014761615700
6000000014783854710
6000000014783990505
6000000014803583929
6000000014803587609
6000000014803594888
6000000014803664573
6000000014816434822
6000000014827331372
6000000014835624190
6000000014842090735
6000000014847702721
6000000014848876325
6000000014848913247
6000000014886902485
6000000014894265607
6000000014897341457
6000000014902746744
6000000014911501583
6000000014912988335
6000000014919857201
6000000014925078329
6000000014926709328
6000000014935091760
6000000014938070967
6000000014946938175
6000000014948742347
6000000014984234698
6000000014984372027
6000000015035582924
6000000015049059182
6000000015051883867
6000000015073295459
6000000015091639888
6000000015093544748
6000000015094606064
6000000015094770806
6000000015098603737
6000000015101733541
6000000015103489302
6000000015103609275
6000000015109747983
6000000015110080304
6000000015118367162
6000000015127640740
6000000015128333571
6000000015128377489
6000000015130300273
6000000015131261949
6000000015132400550
6000000015132413081
6000000015136578685
6000000015136670171
6000000015143608853
6000000015144038895
6000000015144135331
6000000015147495839
6000000015151703516
6000000015153559371
6000000015160511196
6000000015160638038
6000000015163874349
6000000015166553474
6000000015166583152
6000000015168165970
6000000015168165983
6000000015168641991
6000000015170877778
6000000015171038191
6000000015171109047
6000000015171425615
6000000015180041429
6000000015180557804
6000000015180864901
6000000015186672867
6000000015194507891
6000000015194551809
6000000015194607888
6000000015194766932
6000000015194771996
6000000015194870564
6000000015194907877
6000000015195036177
6000000015200230925
6000000015201790089
6000000015203894685
6000000015210293047
6000000015210479362
6000000015211178776
6000000015214141459
6000000015214177434
6000000015214356415
6000000015214378094
6000000015214467487
6000000015214685451
6000000015216298337
6000000015227517056
6000000015228127384
6000000015249340727
6000000015256751943
6000000015257417038
6000000015258868111
6000000015260087428
6000000015262784806
6000000015264953596
6000000015264955974
6000000015271128509
6000000015271261861
6000000015271697245
6000000015272730182
6000000015275081699
6000000015275081732
6000000015275561822
6000000015275672596
6000000015275905314
6000000015276453116
6000000015286822612
6000000015287963344
6000000015288035662
6000000015290648792
6000000015290763685
6000000015291508345
6000000015292139652
6000000015301822147
6000000015301850051
6000000015301962399
6000000015306455350
6000000015307926945
6000000015308415421
6000000015309052289
6000000015317032840
6000000015318299092
6000000015319161536
6000000015319377418
6000000015325393647
6000000015325469797
6000000015326408040
6000000015326530279
6000000015326699768
6000000015326743487
6000000015327349057
6000000015327654046
6000000015343048013
6000000015348858694
6000000015349494778
6000000015350196529
6000000015350311505
6000000015350511768
6000000015353012202
6000000015356717558
6000000015367254611
6000000015367385872
6000000015367425535
6000000015367498198
6000000015373978194
6000000015386814867
6000000015387078011
6000000015387138867
6000000015388342613
6000000015388474880
6000000015393964376
6000000015405653863
6000000015406780287
6000000015406817245
6000000015407884362
6000000015432727134
6000000015438548092
6000000015465490712
6000000015488934951
6000000015493631321
6000000015497956540
6000000015499064622
6000000015509715689
6000000015515903210
6000000015518557071
6000000015518684068
6000000015521175714
6000000015521590083
6000000015521591455
6000000015532046823
6000000015540206537
6000000015540352478
6000000015543499173
6000000015550454377
6000000015550460138
6000000015555617801
6000000015584808971
6000000015585228201
6000000015594773193
6000000015594847410
6000000015601346167
6000000015601498450
6000000015610642124
6000000015610689222
6000000015610740065
6000000015615113529
6000000015617225778
6000000015625166693
6000000015628073035
6000000015635848067
6000000015639430583
6000000015639441085
6000000015639964088
6000000015641235004
6000000015652984021
6000000015663876167
6000000015678894338
6000000015678982362
6000000015684657950
6000000015684657955
6000000015685347617
6000000015685579020
6000000015703837470
6000000015703949073
6000000015709124896
6000000015714883604
6000000015715237403
6000000015729794898
6000000015730257816
6000000015731594675
6000000015731686611
6000000015735303994
6000000015735616480
6000000015736187885
6000000015736595371
6000000015736812586
6000000015738036752
6000000015738831358
6000000015743350270
6000000015743373233
6000000015744648352
6000000015745021093
6000000015746306698
6000000015748591119
6000000015748610834
6000000015748619617
6000000015754561273
6000000015754786902
6000000015755278814
6000000015764143757
6000000015764180193
6000000015764594112
6000000015766360691
6000000015773861497
6000000015774828741
6000000015775611713
6000000015780164484
6000000015780376151
6000000015786618472
6000000015788456658
6000000015788616842
6000000015799168081
6000000015801119426
6000000015801133639
6000000015808639579
6000000015808648944
6000000015808909246
6000000015813058103
6000000015831037158
6000000015835772814
6000000015836553589
6000000015836769460
6000000015844446866
6000000015861006321
6000000015862343290
6000000015878108564
6000000015878265526
6000000015878286926
6000000015878340549
6000000015878428168
6000000015888086181
6000000015888936998
6000000015889123468
6000000015896075706
6000000015905064307
6000000015905429229
6000000015906214611
6000000015906659703
6000000015906826632
6000000015909878849
6000000015910035322
6000000015910360676
6000000015913841085
6000000015913849904
6000000015930057742
6000000015930364517
6000000015953840505
6000000015957459947
6000000015957647126
6000000015957698185
6000000015965884288
6000000015973193055
6000000015975173991
6000000015990554107
6000000015992053857
6000000016009509432
6000000016010104097
6000000016035498036
6000000016055560545
6000000016055906084
6000000016074712101
6000000016097298522
6000000016107314744
6000000016130144875
6000000016144429497
6000000016162185523
6000000016163275205
6000000016165025989
6000000016165611990
6000000016170168811
6000000016170197595
6000000016176162678
6000000016176357551
6000000016186327739
6000000016224972248
6000000016225620583
6000000016225639441
6000000016234021587
6000000016234486723
6000000016246046215
6000000016258195444
6000000016262236179
6000000016262326008
6000000016268819822
6000000016268896429
6000000016269016848
6000000016269086297
6000000016269307718
6000000016300737274
6000000016301802046
6000000016301840223
6000000016303117224
6000000016322989623
6000000016328099029
6000000016328179692
6000000016328252270
6000000016328828226
6000000016331384119
6000000016359573154
6000000016366260384
6000000016369550327
6000000016369566662
6000000016372748413
6000000016379108186
6000000016392480523
6000000016394099960
6000000016420544705
6000000016420962020
6000000016425569646
6000000016425697133
6000000016426580160
6000000016429746843
6000000016430431291
6000000016436366487
6000000016457633726
6000000016466559079
6000000016466581888
6000000016469873592
6000000016473887681
6000000016475545914
6000000016475580660
6000000016476617534
6000000016476689035
6000000016485256778
6000000016498953519
6000000016519143448
6000000016522494120
6000000016524672292
6000000016524697799
6000000016525074253
6000000016539222406
6000000016581762668
6000000016581830487
6000000016599859342
6000000016614091874
6000000016614203534
6000000016634239813
6000000016647986464
6000000016648152369
6000000016648211781
6000000016648298615
6000000016648305393
6000000016658770435
6000000016670144161
6000000016670600444
6000000016680231736
6000000016688894007
6000000016699487575
6000000016703523449
6000000016707209998
6000000016707399491
6000000016707567089
6000000016707577162
6000000016707599305
6000000016710709755
6000000016742466362
6000000016752318357
6000000016761621501
6000000016763618033
6000000016766048642
6000000016773713493
6000000016773731253
6000000016781491930
6000000016811860245
6000000016811863485
6000000016811976048
6000000016813007365
6000000016830529674
6000000016830542593
6000000016830593991
6000000016831353327
6000000016860245481
6000000016877969888
6000000016895677056
6000000016901348810
6000000016911915987
6000000016912773022
6000000016930528569
6000000016977087922
6000000016980410003
6000000016992256567
6000000017001724854
6000000017004680082
6000000017017686859
6000000017065226819
6000000017068551744
6000000017073701191
6000000017078366609
6000000017081202822
6000000017102484932
6000000017102570222
6000000017136890213
6000000017164413123
6000000017183753542
6000000017184392185
6000000017215336570
6000000017226926765
6000000017231221125
6000000017236961848
6000000017253764264
6000000017253909577
6000000017255551825
6000000017316034819
6000000017322552058
6000000017338253213
6000000017345781879
6000000017359025076
6000000017365371368
6000000017410853408
6000000017411061633
6000000017411090730
6000000017415828827
6000000017425559123
6000000017445181982
6000000017455163358
6000000017477968338
6000000017495987825
6000000017497939930
6000000017498081589
6000000017510216540
6000000017513834769
6000000017518246086
6000000017522960733
6000000017523105057
6000000017527108490
6000000017538130708
6000000017538450842
6000000017538492205
6000000017538528275
6000000017547137209
6000000017553341262
6000000017553644693
6000000017553753538
6000000017554932711
6000000017557092288
6000000017562622159
6000000017566967433
6000000017566997592
6000000017588798607
6000000017589006553
6000000017591395562
6000000017596662293
6000000017597646921
6000000017598606925
6000000017598651886
6000000017602641366
6000000017615042100
6000000017615206156
6000000017615255109
6000000017626519375
6000000017626640115
6000000017637918218
6000000017638183296
6000000017641951645
6000000017660990299
6000000017664297909
6000000017665014739
6000000017665110222
6000000017684824478
6000000017686314888
6000000017687055159
6000000017687692040
6000000017688040855
6000000017689292060
6000000017689365967
6000000017690783291
6000000017703634965
6000000017723308532
6000000017726475950
6000000017726932564
6000000017727856416
6000000017744540581
6000000017745340281
6000000017772767942
6000000017773765142
6000000017817769894
6000000017820191687
6000000017834263277
6000000017838423602
6000000017846646447
6000000017846746688
6000000017847764353
6000000017849451738
6000000017852799984
6000000017853203166
6000000017885534037
6000000017914659277
6000000017914752606
6000000017917237051
6000000017925607453
6000000017933773433
6000000017947157281
6000000017961842093
6000000017972843492
6000000017975460742
6000000017992836303
6000000018012237239
6000000018020830280
6000000018030385640
6000000018030973726
6000000018031431133
6000000018052539285
6000000018052893081
6000000018057598256
6000000018117514403
6000000018136887439
6000000018136893438
6000000018145628151
6000000018146278542
6000000018163335777
6000000018163465559
6000000018163850934
6000000018167676072
6000000018171428362
6000000018172061157
6000000018179695423
6000000018190765889
6000000018207651344
6000000018214839860
6000000018220963708
6000000018221794683
6000000018221871621
6000000018221988469
6000000018222093486
6000000018222161201
6000000018222178062
6000000018230661609
6000000018236924559
6000000018254476353
6000000018254734116
6000000018268004010
6000000018268388937
6000000018270777470
6000000018291439474
6000000018291825446
6000000018417210542
6000000018427580947
6000000018427699981
6000000018435747798
6000000018443416981
6000000018464035156
6000000018497497791
6000000018499517108
6000000018512634526
6000000018515550127
6000000018558785679
6000000018569951559
6000000018570084385
6000000018587912310
6000000018596387618
6000000018610336409
6000000018615147571
6000000018625238474
6000000018625507007
6000000018629658215
6000000018636540873
6000000018639995492
6000000018657751746
6000000018658034829
6000000018660627990
6000000018661376446
6000000018685263883
6000000018697546483
6000000018697647255
6000000018711926669
6000000018712940343
6000000018726139799
6000000018737519666
6000000018766091777
6000000018766127137
6000000018769634407
6000000018780736230
6000000018791155061
6000000018797365874
6000000018808405951
6000000018813376333
6000000018813536253
6000000018819084373
6000000018825717441
6000000018826830005
6000000018833258590
6000000018837253935
6000000018842875909
6000000018843515626
6000000018856830151
6000000018856979027
6000000018872210256
6000000018891021026
6000000018953357012
6000000018972696729
6000000018975161458
6000000018975168244
6000000018975222424
6000000018976083617
6000000018976445171
6000000018985056084
6000000018985534304
6000000019004912927
6000000019007464696
6000000019024131398
6000000019028295248
6000000019038943343
6000000019040627053
6000000019045045622
6000000019054758930
6000000019056886574
6000000019059467461
6000000019078517269
6000000019117725796
6000000019120269269
6000000019120308001
6000000019126318248
6000000019127736489
6000000019137636050
6000000019137790464
6000000019181966266
6000000019189444992
6000000019189543440
6000000019189597082
6000000019189604047
6000000019189622503
6000000019206077994
6000000019206420570
6000000019215886019
6000000019218132261
6000000019260211590
6000000019260548322
6000000019266411640
6000000019304031708
6000000019304897184
6000000019317045254
6000000019317045259
6000000019323402702
6000000019328584127
6000000019328584134
6000000019328649022
6000000019329482198
6000000019333390363
6000000019333393062
6000000019335360571
6000000019351676089
6000000019359530042
6000000019390380922
6000000019391257363
6000000019393533570
6000000019398043116
6000000019398152015
6000000019409129322
6000000019436693521
6000000019467310888
6000000019474710207
6000000019498528520
6000000019508723362
6000000019514406932
6000000019514680157
6000000019528016132
6000000019544336001
6000000019549923176
6000000019551020029
6000000019555796367
6000000019555908232
6000000019579055097
6000000019583224446
6000000019585668364
6000000019611933861
6000000019617888534
6000000019636836365
6000000019644385279
6000000019648247141
6000000019658820120
6000000019671526514
6000000019681276819
6000000019728333235
6000000019728792025
6000000019735042347
6000000019737269256
6000000019737502103
6000000019764875455
6000000019765821874
6000000019766300524
6000000019771878146
6000000019771998828
6000000019772056024
6000000019772393416
6000000019791786478
6000000019805817789
6000000019806044495
6000000019806665700
6000000019853346578
6000000019867800453
6000000019887409565
6000000019898259071
6000000019899991561
6000000019900257122
6000000019910705693
6000000019911182443
6000000019911777054
6000000019928138684
6000000019933609341
6000000019935535234
6000000019939826835
6000000019980561050
6000000019981302594
6000000019990324695
6000000020013896452
6000000020020482927
6000000020038325390
6000000020052914106
6000000020075041753
6000000020102551521
6000000020107671899
6000000020108455335
6000000020111470517
6000000020113259085
6000000020113281065
6000000020142815379
6000000020144139142
6000000020146627030
6000000020147034005
6000000020164682408
6000000020168562609
6000000020258980157
6000000020264349467
6000000020264853059
6000000020264958047
6000000020266042615
6000000020266528065
6000000020266536834
6000000020335415093
6000000020336653853
6000000020341173294
6000000020346851715
6000000020348326538
6000000020351064138
6000000020355284503
6000000020359710242
6000000020388894381
6000000020388904383
6000000020389536815
6000000020393995501
6000000020394079179
6000000020398061357
6000000020408104912
6000000020435014743
6000000020435063199
6000000020444607898
6000000020446028826
6000000020446923778
6000000020504918591
6000000020515489097
6000000020533548106
6000000020544533777
6000000020599250268
6000000020599254446
6000000020601867750
6000000020626568764
6000000020652301120
6000000020654978252
6000000020655060875
6000000020663642909
6000000020663901700
6000000020677573452
6000000020690351637
6000000020693836798
6000000020704032981
6000000020720160289
6000000020732127016
6000000020732528411
6000000020737267059
6000000020759872754
6000000020789933796
6000000020792867406
6000000020803123464
6000000020839870171
6000000020847778859
6000000020857709825
6000000020921762427
6000000020985906917
6000000020999780678
6000000021024654853
6000000021051816648
6000000021077717323
6000000021077800433
6000000021089751834
6000000021118990268
6000000021119567382
6000000021121855797
6000000021121860687
6000000021121968099
6000000021122122090
6000000021122165842
6000000021122204904
6000000021122302991
6000000021123634105
6000000021130211200
6000000021138103485
6000000021138265594
6000000021138344860
6000000021139261213
6000000021147061800
6000000021147074476
6000000021150246178
6000000021150257443
6000000021151039635
6000000021151069399
6000000021151182078
6000000021151483149
6000000021151511978
6000000021153344260
6000000021153539181
6000000021158754171
6000000021163939327
6000000021163973241
6000000021164063986
6000000021164121834
6000000021187008020
6000000021193311246
6000000021235198892
6000000021237601688
6000000021237607693
6000000021237634758
6000000021237687242
6000000021237743601
6000000021237748431
6000000021238047074
6000000021238070919
6000000021240229776
6000000021240323533
6000000021240804155
6000000021241129998
6000000021241255070
6000000021241451843
6000000021241557940
6000000021252414345
6000000021289706561
6000000021289863161
6000000021303421125
6000000021304587145
6000000021325054320
6000000021329411592
6000000021330449150
6000000021373037797
6000000021380914313
6000000021388479850
6000000021393346094
6000000021412167572
6000000021423870891
6000000021437857181
6000000021440082986
6000000021441741585
6000000021468183677
6000000021473080190
6000000021489832207
6000000021494538354
6000000021528729991
6000000021561695282
6000000021570749652
6000000021571371137
6000000021578979622
6000000021579326948
6000000021579385314
6000000021593162460
6000000021597090313
6000000021615133684
6000000021617264265
6000000021674018105
6000000021674956844
6000000021675121247
6000000021676334676
6000000021688780300
6000000021705971411
6000000021706455716
6000000021707230360
6000000021770641819
6000000021800622878
6000000021801511644
6000000021802567826
6000000021850614224
6000000021850655132
6000000021852628680
6000000021852662494
6000000021943107269
6000000022017902249
6000000022074958315
6000000022080557312
6000000022149707242
6000000022149912144
6000000022150155898
6000000022150845267
6000000022190522129
6000000022191799661
6000000022197988079
6000000022219353691
6000000022361800781
6000000022379782323
6000000022379790463
6000000022380814653
6000000022381045223
6000000022396865975
6000000022447879529
6000000022450741433
6000000022470622574
6000000022514820186
6000000022528705039
6000000022528736085
6000000022529661296
6000000022542614760
6000000022542965983
6000000022560781786
6000000022569622434
6000000022587109295
6000000022587262912
6000000022588413404
6000000022597403827
6000000022613753361
6000000022613909090
6000000022617342646
6000000022627373063
6000000022636420494
6000000022636974143
6000000022657652217
6000000022687011894
6000000022687011900
6000000022706277131
6000000022710683442
6000000022807442723
6000000022811553526
6000000022838032966
6000000022852877541
6000000022853030047
6000000022881095792
6000000022885303952
6000000022888457140
6000000022905706441
6000000022917665910
6000000022986139364
6000000022990772056
6000000022991426576
6000000023013120977
6000000023024127836
6000000023025260921
6000000023047910916
6000000023066696124
6000000023067679861
6000000023089657197
6000000023135141280
6000000023140541858
6000000023177133414
6000000023205832555
6000000023205945951
6000000023210268955
6000000023222240640
6000000023249804496
6000000023268909743
6000000023287660577
6000000023297125307
6000000023299594160
6000000023313051728
6000000023320891069
6000000023359578931
6000000023359626850
6000000023376175766
6000000023414995781
6000000023415452673
6000000023415563924
6000000023415917911
6000000023485778309
6000000023485933529
6000000023489245684
6000000023501643394
6000000023512732302
6000000023512811625
6000000023512944582
6000000023513747930
6000000023531408329
6000000023531415621
6000000023531496132
6000000023531497291
6000000023531671364
6000000023552336317
6000000023605262697
6000000023615654668
6000000023615664654
6000000023619052092
6000000023619753955
6000000023619941951
6000000023684621118
6000000023701397238
6000000023701469192
6000000023701473182
6000000023701528026
6000000023701548172
6000000023724565705
6000000023724604499
6000000023724694371
6000000023724881527
6000000023724917740
6000000023745790763
6000000023753678929
6000000023773924274
6000000023809756689
6000000023809764252
6000000023812024943
6000000023856836578
6000000023897721131
6000000023904325933
6000000023921912720
6000000023969260447
6000000023991964291
6000000023996711309
6000000023996967065
6000000024079476482
6000000024116072462
6000000024142383936
6000000024144178482
6000000024161876529
6000000024184280804
6000000024184446607
6000000024196460543
6000000024196894058
6000000024197015197
6000000024236325301
6000000024278894481
6000000024278922649
6000000024278931390
6000000024279022933
6000000024279164861
6000000024279178805
6000000024280121132
6000000024280297907
6000000024280716213
6000000024280928169
6000000024304432211
6000000024334304148
6000000024334325099
6000000024334479646
6000000024335493098
6000000024336408037
6000000024344914872
6000000024347412562
6000000024347818010
6000000024365266740
6000000024418730256
6000000024445071910
6000000024447954611
6000000024451513645
6000000024451923236
6000000024477089325
6000000024506093871
6000000024517382727
6000000024517468123
6000000024638156548
6000000024638414350
6000000024639156088
6000000024651614633
6000000024657144768
6000000024683130759
6000000024683824964
6000000024739510991
6000000024792798499
6000000024809168177
6000000024822035443
6000000024823806743
6000000024854499000
6000000024860671071
6000000024875888516
6000000024887166705
6000000024889039687
6000000024902478637
6000000024902708910
6000000024944146832
6000000024957693146
6000000024976497744
6000000024976720440
6000000025029989899
6000000025031190388
6000000025053394921
6000000025055013525
6000000025065760850
6000000025081607993
6000000025081860941
6000000025115545952
6000000025126067333
6000000025169424306
6000000025208293047
6000000025225031278
6000000025264979759
6000000025270311847
6000000025286144011
6000000025307631867
6000000025308371805
6000000025324719978
6000000025330422571
6000000025341513099
6000000025357332410
6000000025378348955
6000000025412052680
6000000025412304675
6000000025425775304
6000000025438274042
6000000025438543126
6000000025453810610
6000000025511662693
6000000025514532858
6000000025526585223
6000000025572215179
6000000025583646241
6000000025583850041
6000000025583937169
6000000025610775999
6000000025611566467
6000000025612334908
6000000025616354048
6000000025637443107
6000000025676913805
6000000025679406459
6000000025684826071
6000000025686676333
6000000025688032290
6000000025707686859
6000000025710146154
6000000025771099087
6000000025771297850
6000000025794768435
6000000025845684733
6000000025875711970
6000000025875838957
6000000025899827128
6000000025902091507
6000000025925796200
6000000025926149195
6000000025926298110
6000000025942756023
6000000025960609803
6000000025975632023
6000000025982477555
6000000025985044372
6000000026026511304
6000000026027493490
6000000026028251576
6000000026028553270
6000000026037289763
6000000026037382421
6000000026037457179
6000000026037712858
6000000026054639545
6000000026108697539
6000000026145403622
6000000026145593202
6000000026145911204
6000000026149722895
6000000026173708969
6000000026189993277
6000000026201091055
6000000026226368016
6000000026227586122
6000000026311856904
6000000026371606853
6000000026393620401
6000000026393906932
6000000026429030905
6000000026438370909
6000000026466297954
6000000026520331911
6000000026600198784
6000000026618004308
6000000026663259740
6000000026664213033
6000000026796184478
6000000026830553385
6000000026856001509
6000000026866364033
6000000026886890957
6000000026886935873
6000000026942195632
6000000026976905684
6000000027061888320
6000000027082047535
6000000027086395873
6000000027131394834
6000000027145703179
6000000027157550899
6000000027175411167
6000000027175498283
6000000027191956651
6000000027192709862
6000000027212007715
6000000027214639182
6000000027268531706
6000000027270925071
6000000027287105338
6000000027287144534
6000000027291826970
6000000027345931366
6000000027404084312
6000000027417878223
6000000027434896560
6000000027443308939
6000000027492882091
6000000027492948908
6000000027492985890
6000000027540034019
6000000027540096888
6000000027573049076
6000000027611632209
6000000027684736698
6000000027686227661
6000000027693605463
6000000027704939770
6000000027705548085
6000000027723580226
6000000027816522473
6000000027877734379
6000000027896801361
6000000027911235269
6000000027941692042
6000000028000360909
6000000028015703141
6000000028019955980
6000000028032121556
6000000028173119450
6000000028203370110
6000000028246126724
6000000028246460026
6000000028283279998
6000000028298148619
6000000028324058488
6000000028402538978
6000000028429223821
6000000028475780607
6000000028527517398
6000000028587595884
6000000028638988118
6000000028648678303
6000000028658630010
6000000028732148223
6000000028765722858
6000000028878914538
6000000028932335084
6000000028932850015
6000000028974269025
6000000028979368396
6000000028999617626
6000000029000004360
6000000029019829595
6000000029020221770
6000000029055980896
6000000029078162970
6000000029247327107
6000000029259362119
6000000029412186619
6000000029466854137
6000000029480006218
6000000029557594394
6000000029562005300
6000000029562239029
6000000029578829454
6000000029598650119
6000000029601222957
6000000029601293854
6000000029683026367
6000000029760074471
6000000029787200183
6000000029854634179
6000000029858445972
6000000029947091655
6000000030004194071
6000000030128969163
6000000030145758761
6000000030192750410
6000000030271305835
6000000030278544940
6000000030279802822
6000000030287902485
6000000030304583912
6000000030330340219
6000000030350158320
6000000030393955054
6000000030394180893
6000000030413916133
6000000030413936479
6000000030416466096
6000000030600290813
6000000030613236630
6000000030639325823
6000000030662437081
6000000030671835764
6000000030672268920
6000000030727636831
6000000030779887515
6000000030897830492
6000000030898191968
6000000030908199041
6000000030972080923
6000000031001378326
6000000031006399233
6000000031007026797
6000000031007638010
6000000031017043184
6000000031036555065
6000000031045320307
6000000031070663838
6000000031113226750
6000000031113282528
6000000031153844634
6000000031349122596
6000000031393087759
6000000031450713060
6000000031505625577
6000000031528142916
6000000031529779827
6000000031544214022
6000000031547354464
6000000031590699263
6000000031614283969
6000000031648227447
6000000031660584091
6000000031862122180
6000000031871594228
6000000031871828824
6000000031908714346
6000000031909326063
6000000031928221957
6000000031938381725
6000000032170895928
6000000032224223487
6000000032224244385
6000000032466802584
6000000032513710965
6000000032574200314
6000000032588195205
6000000032589298467
6000000032625519749
6000000032625766068
6000000032668180601
6000000032668355208
6000000032768807671
6000000032771305050
6000000032788895855
6000000032791992450
6000000032796355880
6000000032803276317
6000000032810312932
6000000032837117190
6000000032850119641
6000000032879859227
6000000032941093384
6000000033011810019
6000000033071098322
6000000033116689378
6000000033194660900
6000000033220175806
6000000033241928940
6000000033246807096
6000000033246821114
6000000033276562075
6000000033303356371
6000000033547075516
6000000033609592153
6000000033958145828
6000000034012204382
6000000034255327598
6000000034367231658
6000000034415982874
6000000034440478772
6000000034440877305
6000000034508487429
6000000034543434809
6000000034563802084
6000000034566304637
6000000034688810591
6000000034713172290
6000000034713302304
6000000034713632993
6000000034713692892
6000000034754966108
6000000034828813521
6000000034934391284
6000000034999113914
6000000035017580401
6000000035019674040
6000000035038971454
6000000035043137051
6000000035045222867
6000000035172599102
6000000035172781936
6000000035236572939
6000000035278692056
6000000035302864837
6000000035341981926
6000000035552495443
6000000035569563145
6000000035571066629
6000000035576319923
6000000035615279369
6000000035615696866
6000000035751322764
6000000035751812384
6000000035941451733
6000000036204475374
6000000036492346742
6000000036531703364
6000000036532046064
6000000036635922892
6000000036738363064
6000000036738563833
6000000036765870945
6000000036890413498
6000000037060134079
6000000037064536892
6000000037090742919
6000000037091620063
6000000037101639987
6000000037209998028
6000000037220431992
6000000037259458193
6000000037282163985
6000000037402960419
6000000037405335422
6000000037579649757
6000000037591065886
6000000037679146448
6000000037688388509
6000000037849783095
6000000037849786015
6000000037859200680
6000000037870058649
6000000037893564582
6000000037894979022
6000000037940862226
6000000037941492016
6000000038046867833
6000000038071402594
6000000038093464655
6000000038103633821
6000000038200744990
6000000038225013563
6000000038329918858
6000000038379748466
6000000038440982889
6000000038518148094
6000000038650093974
6000000038671835011
6000000038880338484
6000000038918393193
6000000038940720465
6000000039074567045
6000000039147034680
6000000039194429349
6000000039211426261
6000000039253512470
6000000039338702536
6000000039338984058
6000000039427618047
6000000039450288503
6000000039450967823
6000000039450984887
6000000039488647235
6000000039488819945
6000000039667807078
6000000039787575224
6000000039788557870
6000000039849167968
6000000039878875895
6000000039878877008
6000000039890480371
6000000039995800142
6000000040085134308
6000000040283522095
6000000040283699958
6000000040347695603
6000000040430445175
6000000040632937795
6000000040633302897
6000000040876291045
6000000040899956075
6000000041109411249
6000000041134790552
6000000041149825311
6000000041178118628
6000000041215742425
6000000041216713127
6000000041254914715
6000000041261225338
6000000041264800186
6000000041282141611
6000000041303323820
6000000041303413447
6000000041323710647
6000000041323911373
6000000041324037053
6000000041325754478
6000000041683163874
6000000042010956597
6000000042028214507
6000000042028245067
6000000042039494860
6000000042084314353
6000000042096358269
6000000042179962000
6000000042180555030
6000000042187958759
6000000042576494544
6000000042679829050
6000000042871380830
6000000042925560789
6000000043261542740
6000000043261855162
6000000043325827792
6000000043340922469
6000000043342339143
6000000043575968872
6000000043744376085
6000000043909684867
6000000044042275379
6000000044042894865
6000000044054425329
6000000044149916186
6000000044717009944
6000000045048040832
6000000045171401876
6000000045940267107
6000000045958769071
6000000045963095305
6000000046119152372
6000000046300049846
6000000046523762854
6000000046631331005
6000000046633891882
6000000046741827727
6000000046791294907
6000000046853752118
6000000047006804821
6000000047131673001
6000000047578307997
6000000047578525833
6000000047773610982
6000000047943638883
6000000047961046821
6000000048523519546
6000000048525631295
6000000048539962128
6000000048562685952
6000000048733419880
6000000048734240821
6000000048734622821
6000000048739135909
6000000048739461832
6000000048840958018
6000000048892662833
6000000049073359019
6000000049073643824
6000000049310352265
6000000049343150823
6000000049534369012
6000000049679034821
6000000049953892186
6000000049953892895
6000000049954988028
6000000049955240924
6000000049955346864
6000000050311193943
6000000050720215936
6000000050766719048
6000000050812248899
6000000051427829821
6000000051445306095
6000000051445570915
6000000051448208079
6000000051524540352
6000000051629438845
6000000051853992319
6000000051853999236
6000000051968222123
6000000051968396108
6000000051968463979
6000000052002353269
6000000052002762929
6000000052003730054
6000000052003785920
6000000052003841204
6000000052004029904
6000000052061994000
6000000052063969879
6000000052103157846
6000000052114798068
6000000052115290015
6000000052116464869
6000000052130325927
6000000052130449828
6000000052130613871
6000000052164808155
6000000052215809962
6000000052522165190
6000000052534336067
6000000052582423525
6000000052622099924
6000000052889814950
6000000053054958081
6000000053238175821
6000000053367214213
6000000053400715161
6000000053401156309
6000000053972553871
6000000054029050054
6000000054111376866
6000000054111889986
6000000054120671900
6000000054550644828
6000000054566981980
6000000054693698878
6000000054784839878
6000000055016613833
6000000055207868942
6000000055300651842
6000000055689075927
6000000055689217861
6000000055762501602
6000000055769289018
6000000055769535900
6000000055770017038
6000000055770117919
6000000055770265889
6000000055770528571
6000000055770575329
6000000055770720123
6000000055770853867
6000000055771779086
6000000055775357255
6000000055799272853
6000000055804384823
6000000055804524105
6000000055804985849
6000000055805136913
6000000055814444128
6000000055909030855
6000000055957964887
6000000055958018865
6000000056061055988
6000000056095649052
6000000056151207835
6000000056187417871
6000000056211541849
6000000056239454107
6000000056483615838
6000000056591010950
6000000056634887008
6000000056635820050
6000000056644682019
6000000056704877828
6000000057033854851
6000000057049865868
6000000057049965904
6000000057108249870
6000000057114711840
6000000057183683353
6000000057236991838
6000000057264791907
6000000057294243191
6000000057323812009
6000000057382367947
6000000057405797821
6000000057405884821
6000000057599883293
6000000057599940245
6000000057600458865
6000000057600647371
6000000057600703025
6000000057602803872
6000000057634573215
6000000057635558909
6000000057653138930
6000000057653360863
6000000057660105902
6000000057677324163
6000000057677324208
6000000057677779878
6000000057677841886
6000000057799257042
6000000058190505095
6000000058353999857
6000000059709803117
6000000059710053130
6000000059941117213
6000000059941809028
6000000059942061845
6000000060196076831
6000000060225343924
6000000060225590840
6000000060486319948
6000000061173656280
6000000061719930195
6000000062327062081
6000000062361178955
6000000062549669919
6000000063110933943
6000000063114021985
6000000063321379923
6000000063637300903
6000000063819544901
6000000063931502201
6000000064611635026
6000000064680550975
6000000065046890825
6000000065914105918
6000000066262961833
6000000066585561009
6000000067475510852
6000000067819095059
6000000068014279866
6000000068903518954
6000000068980011969
6000000069125241023
6000000069506697021
6000000069506892821
6000000069766874084
6000000069941144629
6000000070001225005
6000000070262327940
6000000071015838828
6000000071022091859
6000000071343692821
6000000071343750823
6000000071476588607
6000000071477219069
6000000071655263849
6000000071764880648
6000000071765478383
6000000071765769147
6000000071766614013
6000000072089905893
6000000072439712006
6000000072439999841
6000000072628243999
6000000072735563034
6000000072916505940
6000000073149588839
6000000073364501977
6000000073591543925
6000000073591589881
6000000073618039919
6000000073774593866
6000000073774624094
6000000073855638833
6000000074316161979
6000000074392369837
6000000074473300872
6000000074702511805
6000000074711900083
6000000074712665984
6000000074712880841
6000000074716132107
6000000074717053914
6000000074717077025
6000000074717087870
6000000074717129936
6000000074717184876
6000000074717277825
6000000074717421141
6000000074730521900
6000000074733211860
6000000074733283142
6000000074733413973
6000000074733511158
6000000074733751884
6000000074733766828
6000000074733774367
6000000074733877841
6000000074733927577
6000000074734597824
6000000074734618849
6000000074734917970
6000000074735059038
6000000074735329020
6000000074735405960
6000000074739248829
6000000074744534878
6000000074747743378
6000000074747981248
6000000074748427891
6000000074750078383
6000000074750127359
6000000074750197952
6000000074750258266
6000000074750539955
6000000074750585860
6000000074759780899
6000000074759949830
6000000074760021847
6000000074767273172
6000000074767350004
6000000074767411943
6000000074767612830
6000000074788356861
6000000074788367110
6000000074788721899
6000000074831170927
6000000075060123320
6000000075060332170
6000000075060771886
6000000075060870891
6000000075060896873
6000000075060956830
6000000075061019879
6000000075061054834
6000000075061080860
6000000075061502982
6000000075328350353
6000000075328576045
6000000075328595822
6000000075328623075
6000000075328751168
6000000075328760066
6000000075328771218
6000000075329016910
6000000075329196923
6000000075335269021
6000000075343743818
6000000075344066079
6000000075344174145
6000000075344333907
6000000075344381857
6000000075344434140
6000000075344434170
6000000075344522834
6000000075344536930
6000000075344595909
6000000075344600405
6000000075344705411
6000000075344776932
6000000075344818978
6000000075344919904
6000000075344928901
6000000075345008860
6000000075345023337
6000000075345116853
6000000075345188024
6000000075345303046
6000000075345372883
6000000075345494967
6000000075345503073
6000000075345575907
6000000075345603378
6000000075345655951
6000000075345662004
6000000075345705975
6000000075345714902
6000000075345717886
6000000075345717923
6000000075345767882
6000000075345769950
6000000075345786858
6000000075345831829
6000000075345837882
6000000075345842860
6000000075345865872
6000000075345902821
6000000075345904906
6000000075346003830
6000000075346004896
6000000075346014822
6000000075346171106
6000000075346570863
6000000075368197833
6000000075369283821
6000000075371847875
6000000075372791830
6000000075372911821
6000000075374273859
6000000075375057821
6000000075375069838
6000000075375640865
6000000075375875826
6000000075376244821
6000000075376561821
6000000075377495821
6000000075380121821
6000000075395967765
6000000075397832458
6000000075398164259
6000000075398411133
6000000075398508066
6000000075398519541
6000000075398825893
6000000075398844872
6000000075398898371
6000000075398909844
6000000075399365942
6000000075399390064
6000000075399421858
6000000075399423943
6000000075399513875
6000000075399528865
6000000075399531898
6000000075399644994
6000000075399652898
6000000075399679845
6000000075399794822
6000000075399796821
6000000075400687804
6000000075401285359
6000000075401426172
6000000075401576947
6000000075401963018
6000000075402173906
6000000075402387848
6000000075402445597
6000000075402623942
6000000075403273233
6000000075403276122
6000000075403282003
6000000075403282885
6000000075403330023
6000000075403332098
6000000075403381138
6000000075403395077
6000000075403460961
6000000075403509012
6000000075403733891
6000000075403824224
6000000075404592825
6000000075426191490
6000000075426731016
6000000075429023827
6000000075468683844
6000000075473098994
6000000075475942835
6000000075482345641
6000000075574299974
6000000075882583965
6000000075952808828
6000000075992605855
6000000076237655606
6000000076545243977
6000000076725085899
6000000076920185307
6000000076920238165
6000000077232309150
6000000077401738192
6000000077403149176
6000000077996300057
6000000078144525581
6000000078192216968
6000000078192677834
6000000078223835998
6000000078313394541
6000000078313402365
6000000078425514876
6000000078528382080
6000000078562269983
6000000078644723396
6000000078885805227
6000000078950852922
6000000078951052889
6000000078951236891
6000000078951253975
6000000078951568835
6000000078955300203
6000000078955430017
6000000079036395109
6000000079062766174
6000000079236060881
6000000079374511913
6000000079395395823
6000000079825984887
6000000080002744704
6000000080566881876
6000000080658734894
6000000080795374822
6000000081113232861
6000000081116632726
6000000081279664210
6000000081362084942
6000000081432650359
6000000081454156006
6000000081491560232
6000000081552824235
6000000081554813030
6000000081748160854
6000000081748961568
6000000081780920991
6000000081786734142
6000000081847113882
6000000082375278838
6000000082433032321
6000000082435259822
6000000082495416901
6000000082707256176
6000000082922741153
6000000083314404195
6000000083419558813
6000000083442162402
6000000083442276103
6000000083695874305
6000000083696331959
6000000083696478876
6000000083767532831
6000000084816960847
6000000084919945901
6000000084962417196
6000000085054237031
6000000085054578876
6000000085668615853
6000000085699964868
6000000086393400249
6000000086437348270
6000000086483658879
6000000086691914821
6000000086733110175
6000000087146074880
6000000087147212828
6000000088151944910
6000000089009893117
6000000089481488057
6000000089882924018
6000000091348541970
6000000091361087876
6000000094521348105
6000000095357872005
6000000095439798909
6000000096412258828
6000000099209667855
6000000103921062823
6000000104609380822
6000000104647931976
6000000106067927831
6000000106540126821
6000000106993028878
6000000107321718833
6000000107785227850
6000000108322400841
6000000110500057853
6000000113735076866
6000000113735190854
6000000113742215904
6000000115336721841
6000000115420073925
6000000115604658832
6000000117172710865
6000000117179914848
6000000117182543914
6000000119407605834
6000000121052840859
6000000121403703882
6000000123078099866
6000000123509397837
6000000123660056862
6000000124085948980
6000000125199352888
6000000126455075874
6000000129563692871
6000000129803385821
6000000130220732873
6000000130310253012
6000000131002426025
6000000131296693878
6000000131431529821
6000000131728037951
6000000132405473870
6000000132502507829
6000000132559208848
6000000134767998835
6000000134973886823
6000000135097568898
6000000135688584889
6000000135688994960
6000000135693871917
6000000135726088903
6000000135726138872
6000000136924525273
6000000136977358888
6000000137997760932
6000000138001932176
6000000138516916828
6000000138755587213
6000000138923532885
6000000139199011821
6000000139199122838
6000000139199345833
6000000139428208879
6000000139517542851
6000000139608217010
6000000141911934869
6000000141912017901
6000000142106995839
6000000142115083860
6000000143819097280
6000000143834110086
6000000143878140202
6000000143879433834
6000000144661545346
6000000144662763031
6000000144788232888
6000000144789402153
6000000144849592841
6000000144982747821
6000000145008112825
6000000145209460200
6000000145342247824
6000000145851313022
6000000145995512018
6000000146010673880
6000000146710998838
6000000148108495976
6000000148156766030
6000000148158650875
6000000148532576834
6000000149438768994
6000000149538115888
6000000149615161880
6000000157090068822
6000000157935603038
6000000161369560821
6000000162654010855
6000000164473280291
6000000166549780084
6000000167042807821
6000000168920067178
6000000169063942836
6000000169820541828
6000000170848296867
6000000171522439728
6000000172268627903
6000000172492341585
6000000172720987000
6000000172778694648
6000000173139788139
6000000173483533910
6000000173614598911
6000000173647404319
6000000173737828023
6000000174715567023
6000000174715747957
6000000175216041886
6000000175330200881
6000000175699687853
6000000175882538930
6000000175914423884
6000000176313152856
6000000176721151876
6000000176757703845
6000000176758153825
6000000177095891831
6000000177319329853
6000000177654675821
6000000177655134908
6000000178325457828
6000000178378839863
6000000178379645821
6000000178455824826
6000000178470241104
6000000178738978834
6000000179491563835
6000000179697104858
6000000180225015885
6000000180464776843
6000000180566653840
6000000180772182825
6000000181343257840
6000000181457016850
6000000182881599829
6000000182881683823
6000000183052366870
6000000183568878839
6000000184147983854
6000000184244793846
6000000184365475890
6000000184485873847
6000000184485876836
6000000185129150821
6000000185363088822
6000000185454028933
6000000185454275909
6000000185694300967
6000000185914561839
6000000185941659839
6000000186045336932
6000000186130687864
6000000186285688286
6000000186927268915
6000000187858111841
6000000188291991845
6000000188933179841
6000000188939207823
6000000189160702845
6000000189299194833
6000000189802723867
6000000189850302861
6000000189902678850
6000000189902692850
6000000190932890846
6000000191652399910
6000000191652399917
6000000191799147821
6000000192799979867
6000000192800144833
6000000192800233824
6000000192801087821
6000000193291753832
6000000193346376855
6000000193347169848
6000000193355597861
6000000193374854832
6000000193381010822
6000000193491361822
6000000193508565828
6000000193515232824
6000000194006399837
6000000194336218823
6000000194605491821
6000000194723318834
6000000195099193822
6000000195598510821
6000000195788621823
6000000196282195908
6000000197064083859
6000000198108125830
6000000199323858824
6000000201450099829
6000000204624207830
6000000204624639823
6000000204790929885
6000000204933311872
6000000204934304871
6000000205026801821
6000000205372097847
6000000205423041905
6000000205543005870
6000000205711278830
6000000206290406909
6000000207345108168
6000000207635576846
6000000207712118821
6000000207747567824
6000000208155088821
6000000208240955841
6000000208722084836
6000000208778955831
6000000208925716052
6000000208950644841
6000000209125111825
6000000209494714864
6000000210407123827
6000000211607340843
6000000212119218825
6000000213031866825
6000000213517801828
6000000213576797823
6000000213662721821
6000000214022174856
6000000214891980857
6000000215483414831
6000000215483531867
6000000215605897822
6000000217057347886
6000000218336564871
6000000218366187822
6000000218366242821
6000000218447361854
6000000218454322933
6000000218888534831
6000000219816595827
6000000220020503909
6000000222558054825
6000000222593734824
6000000223524555848
6000000223734385003
6000000224051306828
6000000224086116847
6000000224486489192
6000000224924109929
6000000224924503836
6000000225021514890
6000000226378853864
6000000227245553985
6000000227258314174
6000000227295142836
6000000227315871857
6000000227355091826
852106
9995000000000000006
9995000000000000007
9995000000000000008
9995000000000000009
9995000000000000056
9995000000000000057
9995000000000000060
9995000000000000061
9995000000000000062
9995000000000000066
9995000000000000068
9995000000000000069
9995000000000000074
9995000000000000075
9995000000000000090
9995000000000000092
9995000000000000096
9995000000000000097
9995000000000000098
9995000000000000108
9995000000000000109
9995000000000000110
9995000000000000111
9995000000000000120
9995000000000000121
9995000000000000122
9995000000000000123
9995000000000000126
9995000000000000127
9995000000000000130
9995000000000000131
9995000000000000132
9995000000000000133
9995000000000000134
9995000000000000135
9995000000000000136
9995000000000000142
9995000000000000143
9995000000000000166
9995000000000000167
9995000000000000172
9995000000000000173
9995000000000000174
9995000000000000200
9995000000000000201
9995000000000000202
9995000000000000203
9995000000000000204
9995000000000000205
9995000000000000212
9995000000000000213
9995000000000000214
9995000000000000215
9995000000000000216
9995000000000000217
9995000000000000218
9995000000000000219
9995000000000000220
9995000000000000221
9995000000000000222
9995000000000000223
9995000000000000252
9995000000000000260
9995000000000000262
9995000000000000264
9995000000000000276
9995000000000000277
9995000000000000288
9995000000000000289
9995000000000000290
9995000000000000291
9995000000000000292
9995000000000000293
9995000000000000302
9995000000000000303
9995000000000000304
9995000000000000305
9995000000000000306
9995000000000000307
9995000000000000312
9995000000000000314
9995000000000000315
9995000000000000316
9995000000000000317
9995000000000000326
9995000000000000327
9995000000000000344
9995000000000000345
9995000000000000346
9995000000000000347
9995000000000000356
9995000000000000357
9995000000000000368
9995000000000000369
9995000000000000380
9995000000000000381
9995000000000000392
9995000000000000393
9995000000000000400
9995000000000000408
9995000000000000409
9995000000000000410
9995000000000000411
9995000000000000412
9995000000000000413
9995000000000000414
9995000000000000415
9995000000000000418
9995000000000000419
9995000000000000420
9995000000000000421
9995000000000000422
9995000000000000423
9995000000000000424
9995000000000000425
9995000000000000427
9995000000000000428
9995000000000000429
9995000000000000448
9995000000000000449
9995000000000000450
9995000000000000451
9995000000000000456
9995000000000000458
9995000000000000459
9995000000000000473
9995000000000000474
9995000000000000475
9995000000000000486
9995000000000000487
9995000000000000488
9995000000000000489
9995000000000000494
9995000000000000495
9995000000000000508
9995000000000000512
9995000000000000513
9995000000000000514
9995000000000000515
9995000000000000516
9995000000000000517
9995000000000000518
9995000000000000519
9995000000000000528
9995000000000000529
9995000000000000552
9995000000000000556
9995000000000000557
9995000000000000566
9995000000000000567
9995000000000000574
9995000000000000577
9995000000000000588
9995000000000000589
9995000000000000608
9995000000000000612
9995000000000000613
9995000000000000616
9995000000000000617
9995000000000000644
9995000000000000645
9995000000000000646
9995000000000000647
9995000000000000658
9995000000000000659
9995000000000000660
9995000000000000661
9995000000000000666
9995000000000000667
9995000000000000668
9995000000000000669
9995000000000000670
9995000000000000671
9995000000000000696
9995000000000000697
9995000000000000702
9995000000000000718
9995000000000000719
9995000000000000728
9995000000000000736
9995000000000000740
9995000000000000741
9995000000000000750
9995000000000000751
9995000000000000794
9995000000000000795
9995000000000000804
9995000000000000805
9995000000000000806
9995000000000000807
9995000000000000814
9995000000000000820
9995000000000000821
9995000000000000834
9995000000000000835
9995000000000000838
9995000000000000839
9995000000000000851
9995000000000000852
9995000000000000854
9995000000000000855
9995000000000000856
9995000000000000857
9995000000000000862
9995000000000000863
9995000000000000864
9995000000000000865
9995000000000000866
9995000000000000867
9995000000000000872
9995000000000000873
9995000000000000886
9995000000000000887
9995000000000000902
9995000000000000906
9995000000000000907
9995000000000000918
9995000000000000919
9995000000000000926
9995000000000000927
9995000000000001020
9995000000000001048
9995000000000001049
9995000000000001050
9995000000000001051
9995000000000001064
9995000000000001065
9995000000000001068
9995000000000001078
9995000000000001079
9995000000000001088
9995000000000001089
9995000000000001090
9995000000000001091
9995000000000001104
9995000000000001106
9995000000000001110
9995000000000001111
9995000000000001168
9995000000000001192
9995000000000001198
9995000000000001199
9995000000000001210
9995000000000001214
9995000000000001230
9995000000000001231
9995000000000001239
9995000000000001242
9995000000000001243
9995000000000001250
9995000000000001264
9995000000000001265
9995000000000001266
9995000000000001276
9995000000000001278
9995000000000001279
9995000000000001296
9995000000000001298
9995000000000001310
9995000000000001316
9995000000000001317
9995000000000001320
9995000000000001321
9995000000000001325
9995000000000001346
9995000000000001347
9995000000000001352
9995000000000001353
9995000000000001390
9995000000000001391
9995000000000001402
9995000000000001408
9995000000000001409
9995000000000001410
9995000000000001411
9995000000000001412
9995000000000001413
9995000000000001414
9995000000000001415
9995000000000001420
9995000000000001440
9995000000000001441
9995000000000001500
9995000000000001504
9995000000000001505
9995000000000001534
9995000000000001535
9995000000000001538
9995000000000001539
9995000000000001542
9995000000000001543
9995000000000001582
9995000000000001590
9995000000000001614
9995000000000001632
9995000000000001644
9995000000000001662
9995000000000001663
9995000000000001684
9995000000000001685
9995000000000001692
9995000000000001693
9995000000000001694
9995000000000001695
9995000000000001716
9995000000000001717
9995000000000001722
9995000000000001738
9995000000000001739
9995000000000001750
9995000000000001756
9995000000000001757
9995000000000001758
9995000000000001759
9995000000000001760
9995000000000001764
9995000000000001765
9995000000000001788
9995000000000001808
9995000000000001865
9995000000000001868
9995000000000001869
9995000000000001878
9995000000000001879
9995000000000001880
9995000000000001881
9995000000000001888
9995000000000001938
9995000000000001939
9995000000000001942
9995000000000001943
9995000000000001948
9995000000000001970
9995000000000002014
9995000000000002015
9995000000000002032
9995000000000002033
9995000000000002034
9995000000000002038
9995000000000002039
9995000000000002040
9995000000000002041
9995000000000002042
9995000000000002043
9995000000000002044
9995000000000002045
9995000000000002068
9995000000000002069
9995000000000002114
9995000000000002115
9995000000000002242
9995000000000100014
9995000000000100016
9995000000000100018
9995000000000100040
9995000000000100041
9995000000000100050
9995000000000100060
9995000000000100061
9995000000000100062
9995000000000100063
9995000000000100066
9995000000000100067
9995000000000100068
9995000000000100069
9995000000000100072
9995000000000100073
9995000000000100114
9995000000000100115
9995000000000100130
9995000000000100131
9995000000000100134
9995000000000100135
9995000000000100142
9995000000000100143
9995000000000100194
9995000000000100195
9995000000000100224
9995000000000100228
9995000000000100242
9995000000000100243
9995000000000100252
9995000000000100268
9995000000000100269
9995000000000100270
9995000000000100271
9995000000000100282
9995000000000100283
9995000000000100306
9995000000000100308
9995000000000100309
9995000000000100328
9995000000000100329
9995000000000100334
9995000000000100335
9995000000000100384
9995000000000100385
9995000000000100402
9995000000000100403
9995000000000100404
9995000000000100405
9995000000000100438
9995000000000100470
9995000000000100494
9995000000000100496
9995000000000100512
9995000000000100566
9995000000000100567
9995000000000100570
9995000000000100571
9995000000000100572
9995000000000100573
9995000000000100590
9995000000000100591
9995000000000100593
9995000000000100634
9995000000000100636
9995000000000100646
9995000000000100647
9995000000000100648
9995000000000100657
9995000000000100698
9995000000000100699
9995000000000100712
9995000000000100713
9995000000000100714
9995000000000100715
9995000000000100722
9995000000000100723
9995000000000100724
9995000000000100725
9995000000000100730
9995000000000100806
9995000000000100818
9995000000000100819
9995000000000100860
9995000000000100861
9995000000000100878
9995000000000100879
9995000000000100940
9995000000000100941
9995000000000100970
9995000000000100972
9995000000000100973
9995000000000100974
9995000000000100975
9995000000000100986
9995000000000100987
9995000000000100990
9995000000000101012
9995000000000101013
9995000000000101024
9995000000000101038
9995000000000101039
9995000000000101058
9995000000000101059
9995000000000101060
9995000000000101061
9995000000000101066
9995000000000101067
9995000000000101070
9995000000000101112
9995000000000101130
9995000000000101150
9995000000000101152
9995000000000101153
9995000000000101158
9995000000000101159
9995000000000101162
9995000000000101163
9995000000000101170
9995000000000101171
9995000000000101176
9995000000000101180
9995000000000101182
9995000000000101183
9995000000000101186
9995000000000101187
9995000000000101202
9995000000000101203
9995000000000101210
9995000000000101211
9995000000000101212
9995000000000101230
9995000000000101231
9995000000000101244
9995000000000101245
9995000000000101274
9995000000000101275
9995000000000101298
9995000000000101299
9995000000000101302
9995000000000101303
9995000000000101320
9995000000000101321
9995000000000101362
9995000000000101382
9995000000000101472
9995000000000101473
9995000000000101476
9995000000000101494
9995000000000101496
9995000000000101544
9995000000000101562
9995000000000101568
9995000000000101574
9995000000000101586
9995000000000101606
9995000000000101622
9995000000000101623
9995000000000101624
9995000000000101628
9995000000000101629
9995000000000101656
9995000000000101658
9995000000000101659
9995000000000101704
9995000000000101705
9995000000000101706
9995000000000101707
9995000000000101782
9995000000000101858
9995000000000101859
9995000000000101860
9995000000000101862
9995000000000101863
9995000000000101868
9995000000000101869
9995000000000101878
9995000000000101879
9995000000000101880
9995000000000101881
9995000000000101924
9995000000000101925
9995000000000101926
9995000000000101946
9995000000000101947
9995000000000101952
9995000000000101970
9995000000000101971
9995000000000102048
9995000000000102062
9995000000000102063
9995000000000102160
9995000000000102161
9995000000000102178
9995000000000102179
9995000000000102196
9995000000000102197
9995000000000102218
9995000000000102228
9995000000000102229
9995000000000102246
9995000000000102247
9995000000000102248
9995000000000102250
9995000000000102278
9995000000000102300
9995000000000102301
9995000000000102306
9995000000000102307
9995000000000102320
9995000000000102321
9995000000000102340
9995000000000102341
9995000000000102352
9995000000000102353
9995000000000102354
9995000000000102355
9995000000000102386
9995000000000102387
9995000000000102404
9995000000000102432
9995000000000102440
9995000000000102441
9995000000000102492
9995000000000102500
9995000000000102548
9995000000000102549
9995000000000102552
9995000000000102553
9995000000000102582
9995000000000102586
9995000000000102587
9995000000000102594
9995000000000102595
9995000000000102606
9995000000000102607
9995000000000102610
9995000000000102611
9995000000000102612
9995000000000102613
9995000000000102618
9995000000000102619
9995000000000102622
9995000000000102623
9995000000000102640
9995000000000102642