1278644
1278645
1278680
1278681
2429511
2430192
283098248700005875
283181900190003966
284198049640004987
2844982
285601342810004065
288390320120001964
291327660090003160
2915061
294414873430006408
2951554
297307091240005455
297765202210006393
297765423800001728
298290050720007917
298303118230001741
298690114040003640
298732052860003667
300155700390007964
301668422000006473
3021086
3021096
302182119970008198
302186426600008221
302187122240008197
304145473050001763
304668398100008252
304855247150008288
305473276070007137
305976324250005669
3137735
3137740
3137810
3137997
3138183
3138252
3138260
315253981270003195
315618264230005621
315618442010001545
315618695420005608
317900501850008853
318588958010001063
3198221
320375065860006353
320375827050004728
320376158770001450
320409655330003474
320410866960003492
320411597160004714
320411665340006348
320427221540003528
320428491250006368
320428919340002264
320429126120002276
320431706040003487
320432134220005000
320432630510005984
322588069380005202
322605640390002385
322978194190001084
324213628700006382
324214511590007813
324491849840007977
324807843790001589
325426540960005693
326163228990002345
326163807270005857
3267382
3267393
328580052830002086
328953400710001351
329278277070007431
329280113540001465
330101477800006157
330102193960004113
330407298640006148
330409068710007547
330409410430004158
330411214130007600
330467058280007666
330470881880006149
330472770460001922
331002690560005194
331724215530011386
332693684730012709
332829789300011146
332830054520005776
332838296500005765
332839019070012735
332917464940003316
332918147510011494
334213600540011954
334483154010013601
334483256640014544
334761353540003391
335031980330005282
335034279240011186
335047925860005536
335119093660003059
335614944860001274
335614999270007038
335615367910004379
335985541440013433
335986754530011720
336496356860002655
3381345
3381394
3381441
3381491
3381535
3381543
3381734
3381765
3381870
3383072
3383173
3383175
3383183
338454634040014924
338809572600011897
341263185660011596
341264492540013246
341745943800012844
341943311480011665
341943641410013334
341943737380004198
344380931600006665
347655337870012697
347657700690011265
347692369460001282
347692624890001329
347693008870001274
347693175430001279
347693365910012629
347693523550013475
347693803190010237
347693943120010203
347694085400010207
347774029580003520
347812287200006062
348101875910005782
348790047830013491
348790356880011454
348790478600003717
348791248990007148
348791501320007161
348883823330007190
348889594040013469
348902048170005826
348989271720012699
350073993520001998
350536342590001145
350544000870001173
350714536100001153
350717079040001176
350727195040001314
350727445100001331
350740757050005199
352303361790001567
352303632270011929
352303844910013913
352313488750012959
352314910490011904
352564363980006479
352916260140002613
353643325550013071
353875187360013114
3542767
354490212390004504
354633801860002733
354838552150004567
355912846110002937
356601173070003496
356648135780001258
358242310870003906
359279068060001896
360520370310001313
360520517140011526
360739905840011638
360740216930013478
361043261500011657
361899168470007979
361958397270003680
362156517910013935
362185222750011958
362420467570007122
3624768
363150838330012974
363151114820012001
363152442300006362
363152915210013243
363175768980005708
363175865380002056
363176036240011322
363176132260011352
363176864760010563
363177105990010585
363177435770013249
363178373960002127
363179447990012916
363182651570011313
363183246070011375
363183717100012002
363522095810013495
363522534250012329
363522997030002306
363523295270010521
363524176400004036
363645547840010520
363646495400006632
363871132870012262
363920011020004040
364130852250001376
364130976500001366
364131312670001370
364131705200005895
364132183890003245
364132319010003275
364408738850013706
364475496000012534
364563434470012530
364669209190010569
364669558810006162
364669882970006177
364672206250004330
364685234100006173
365124898240006242
365125029680011222
365125175710006235
365341749860003432
366236902900013413
367844937350013728
367845032310011204
367850986040012758
367972467880002240
368063286700013811
368371089520004278
368371721980013945
368372310940011320
368372427170013904
368373474500002430
368373606510005324
3696730
369926508360007572
369926903040003252
369927119440005759
369927765490012953
369929401780005733
371383033520011121
371394805660005595
372150942950002826
373531411000002556
374141649510012045
374151683850013651
374333610790004389
375693712960012610
375783977160004715
375784306260002721
375784738310012619
376147127120002731
376298089210013354
377621253150007585
377622873940013790
377634818590005791
377636293660013868
377637833550005778
377638187800005782
377640491110013841
377641109500013801
377649183480004232
377661791800005806
377662173460007528
377663071280012351
377667004310013809
377668543960002149
377669409960002187
3784382
378439154810012050
378494555930004483
379814567780012889
379814820420002080
380735350820013266
380736178140007583
380736349730011337
381326698410012204
381329039650006560
381330655950006583
381331645830003157
381650165960013399
383512208400002243
383702722290003247
383963001260013568
383981671760011471
383983175310005918
384091490410011651
384135887890012543
384140206910012510
384141044900012481
384193464770013684
384193863740013678
384196775050011679
384197992500012544
384198351320012507
384222670810011678
384929692650004264
384933685670013778
384948968860013796
385035064430011809
3858227
385880058560010090
385880218660003929
385884094200012043
385884285370010111
385889726690010068
385913140580010136
385920972470003999
385953397470012188
386639408610006240
386639982440011419
386640433000011439
386640662910010336
386653597320004995
386654858960004937
386655853960001395
386656216760006235
386656555390012255
386656998370005657
386657257080010369
386657544810010300
387982253800007385
387983002490012406
387985996880002858
387994469540005723
388632003410003262
388635721510012451
388651316590011634
388714070460007453
388782473030003250
388782983020003240
388783134450004210
388783574200012462
388783905310012488
388793565870003237
389107159060003282
389108592750011580
389110429780006376
390345923920001362
390346530300005904
390346657730012703
390347814750004521
390852027630002207
391017930360010721
3914281777690071760
3915955572940125389
3926416308080038918
3926420619140120228
3926422264990120086
3926437895240024270
3926469189610120429
3926969818650030022
3926982182950043845
3926983372890043737
3926988554730115862
3937484325120075383
3950516705030063754
3953135291130122872
3967262167710039627
3967310096870123297
3970714729430045179
3980185221680123417
3980733543170122520
4014813609060023198
4016741055470036119
4042335043060037308
4042823543780044475
4055262962990021132
4066963975270059933
4067382333200010352
4067492479730010389
4067618057490010326
4067643140000010333
4067651000740031062
4067654475340010335
4067667659280010339
4067672355700123117
4067680158210010342
4067682592610020441
4067717446420047925
4067728911500031175
4067732326590010350
4067745628940010353
4067750978230071574
4067761494620010355
4067768262980071392
4068078558290123221
4068084227010048440
4068099193130010323
4069026975390010312
4069076529180010318
4069355645200020817
4075257942460031957
4085346784660032814
4098914407000083917
4098917756480084766
4098919964000085021
4102602
4102701
4102767
4109231870470067749
4109314821310055112
4109324888180055505
4109326795230027562
4109328385970128959
4110493404380027586
4111939245250068258
4115754332530070755
4121953358700061747
4127288428870050022
4127344820300026505
4129523906020033754
4129568267230073701
4129627026610124706
4129627046960021200
4129655224770040509
4169309791820025850
4179186754290040655
4179305190990036243
4179621947050073407
4179621973270034928
4179732132180059855
4179946460940064007
4181224148270010809
4181250114820035915
4181398917600034950
4181406139250050999
4181406153150034954
4187795124890037263
4194863017010128979
4194887957440076070
4195082387770067939
4196307377250062152
4202780705000039134
4202797373630036356
4217879750730128190
4217887479830128284
4224136108080121326
4225312789020057152
4237980776910047859
4237983620580061345
4241412441070062076
4246444
4246515
4246764
4246765
4248190966260028036
4249724094000050647
4255285605760040512
4258970970100070152
4259124
4265302014980128122
4286118427370035651
4286197383520035619
4293237
4293339
4294404046250042543
4296981596420026848
4309768802110020118
4309963072370030141
4313843691060020504
4313940056430030044
4320857407310022246
4320895910700022259
4321093289530030615
4321098567160010617
4350799974880038022
4361275106030031074
4361277620310029878
4367946411990063951
4367959496500014505
4386407337160057781
4396587762320018352
4396617843440123010
4403591718480019728
4405490457310037214
4411753852160042163
4422128726060068429
4422163225890074651
4422192535590030377
4422205420550055772
4422207089950030301
4422217370240022380
4427951076610075093
4431600504640023786
4434175567100024739
4434387867690031414
4435440
4438103444470016054
4439929994570031920
4440124399650056935
4440166769100069995
4440207356100031885
4440207399350025463
4444198998680026902
4444414873460026285
4479332664060024502
4480040785460076785
4480143338260024543
4483899782600025327
4485516288400026063
4486071881120129873
4487967036540047085
4490595440860022183
4490683927370061689
4493479063190120225
4493481104410058513
4498767975690062292
4499436561890059567
4503630342200037149
4503635419750050151
4503641179770059723
4503692582210024849
4503696489870037528
4503700614660083482
4503701989650083628
4503713525210050319
4503718971030049657
4504267151240079234
4504286673460079446
4511750059990089569
4515752354550089485
4515756557850057128
4516880034320057423
4534153389650080062
4534175580120071045
4538854927640053254
4538867688710081591
4538867743640011545
4538880477870022264
4538880491660011547
4538888334490011549
4538895564240011551
4538914240710064310
4538914255540011555
4539109721550011587
4539258499870064658
4539351
4539361186940072347
4551511456130013694
4561923293540025025
4567460667240129713
4570267
4573114
4584713916540041947
4586638806290042344
4586672963060030544
4586675393360052538
4586677869360071984
4586922366430125819
4597282
4607470847010068683
4607482077790077482
4607511647950058135
4607524300500058067
4613540682210058642
4614165679970060023
4614165778600036789
4614492462350078376
4615364525630058469
4631263501690020736
4631263519510030031
4631551877970072597
4635537774070073496
4638983581180073767
4639011550990020947
4639018693100012052
4639031304920031449
4639099203270120578
4639101658620031450
4639108520980031622
4639136525600020830
4639138315760082145
4639140412850020946
4639142783930120600
4639145379080073319
4639147148350064748
4639148915190073593
4639152088020073331
4639163355510031529
4644828
4645001
4645641114540033176
4647274
4654133840890125669
4656832281480026628
4673283785760128331
4687427039910030320
4687876937190089947
4688402854760011325
4694677
4703843788720034081
4715152859000080294
4715219175520026586
4715222824770026671
4715225956980078424
4720001979250078659
4720133489990026820
4720136557250026822
4728418
4729378410310079935
4729599979470126532
4729782856380028421
4734721640270029130
4742052302620080262
4742076779920010651
4742136
4742154
4743165
4743215
4743222
4743223
4743225
4743231
4743239
4743247
4743250
4743295
4743688170560039178
4743841189400127924
4744738752710039225
4744743051520039683
4744746040500080277
4746146836030029189
4750046
4750705
4751300
4764222
4765201
4773485104760032685
4773489198230074521
4773492537510121753
4773501861130065755
4773509068210121663
4773510717010065800
4773514716040121366
4773517764430022394
4773525451490081573
4773570251790052260
4773579188990065451
4773579219540026750
4773589113640022790
4773593109790065621
4774053172420033191
4776106
4777614
4780696560120027912
4786136463460024221
4787035
4813507381930080993
4813519012680026550
4815866939850026583
4815871921640078239
4816194881980069717
4820678427830081686
4820686703330082259
4820708282110082338
4820716737690052757
4820726154250127244
4820734545710042405
4820743771770053323
4820753513380035114
4820769168630028251
4820802752980027674
4820813241940042878
4820846764410042976
4820861505150043074
4820870572080061061
4821628772810061070
4821632678580082296
4821653273640042509
4822417456990028357
4822428690590079857
4839805402710023111
4864676887370088420
4867697351110031788
4867704970810089764
4867711942230046457
4876286332070131106
4876305128960126062
4876305139330126068
4876333060490131136
4876333121950131142
4876349803630131587
4876363136530081239
4876424486070060110
4876437781970014475
4876447526440032824
4876458932250080778
4876463263710013919
4876490577550079149
4876490590550079155
4876632757330125828
4876709487680081308
4876716933670046790
4876729152710013892
4876774528290014023
4879200175480032209
4879430965030047317
4880891073850057158
4880903518780047045
4882605542100070778
4882605560200070784
4882636405170071076
4882708727310058135
4882708798950058141
4888392318680083375
4911190372270064557
4916516819460047567
4916976022510136549
4921273998360102568
4921285889400035515
4921462169810138161
4921475735990122504
4922464856720066618
4924448917970137597
4924448933160137503
4924516366970059873
4924524160660049048
4924724809730114324
4924870419470035934
4927683959580122814
4927794328070059657
4927821238910067084
4927821250240067090
4932522491620040585
4932557422030107014
4932952221030036762
4946518870490042172
4947248545210089938
4950928906290042156
4951476631580041873
4951911868150125164
4956208161120069190
4956689915380130680
4956806082660028398
4957925890120125479
4957925920090125485
4958047653390077861
4958306130180027976
4966601616470103323
4978128656090106634
4978373501600039973
4984283770700133124
4984293712440061792
4984296089540061416
4984299097830127591
4984301545030100472
4984307245450110809
4984321009080043938
4984378690600054607
4984385750530044196
4984388462410100701
4984392896650133377
4984397783180079548
4992478552950133912
4992488967940044073
4992526501010127680
4993451657540044045
4993505357350102116
4998541970800071020
4998562971840021802
5001540482550082932
5002396333100102646
5002422000440063513
5002427492020021124
5004262722430121049
5004371781920121073
5004417223890117491
5004464045310117000
5004464116060117006
5004468568290116895
5004469775180107064
5004531427990024909
5004531488100024915
5004545338820034004
5004552233240034178
5004567605240058490
5004567670750058496
5004573237740074262
5004670726100034697
5004783064510024588
5004783129860024594
5004913151230106311
5017029661450138445
5020155500120110724
5020177483010087236
5020469289250100933
5020588832990036045
5028536638810040398
5028916486000105688
5029010246940051089
5035805631400027332
5036051517250069493
5050635554390041613
5063026742350061457
5063518899600042026
5069975047770039885
5095444445840081561
5095495599080081838
5095509947460053783
5095664458470070770
5095682045890100564
5095712665410026782
5095717113140101148
5095722400930081721
5095790476830062970
5095863840190028033
5096010198730109069
5096010210420109075
5104803485940063952
5113128893840129787
5122426352730083107
5122449583210103935
5122451151660083249
5129459882500045150
5129562407040072358
5146327067380058022
5146327080000058028
5146345283010118906
5146404188860074015
5151725692980066993
5151808264270046878
5151808278570046884
5151829937250121390
5151879191710084903
5151879203030084909
5151916129860047251
5151978117140066757
5152010913000139165
5152010929870139171
5152031459430067024
5152034876330057981
5152034886860057987
5152059381690139597
5152059396280139503
5152199604560047374
5152220457910119673
5152220480860119679
5153035963070106413
5153039062300023752
5153067382200073653
5153237919510106313
5161011533190104073
5167204065210119923
5193574366810061895
5202197794320041624
5203619525290088777
5216747488870063564
5216833708520135961
5217302088620113030
5217315435320135487
5217319793950110976
5217343222620025644
5217811749220135321
5218041944680062987
5218041963700062993
5218097137030042873
5219375917510080489
5219646747690031688
5219757795910031759
5219954918700079706
5233386757510064451
5233537874200043084
5233552473010064570
5233598181900029993
5234818062140033220
5235605714220070458
5235860125300033694
5241291548560027376
5259798506330057422
5259804936550084244
5259832366410021053
5260144234950036745
5260701176060036795
5266032366920110981
5266300140300102257
5266885271690139524
5266896858730139860
5270677255870120970
5270725448370102328
5271092889090073453
5271092910610073459
5271145313650073447
5271489662630023717
5271489675500023723
5271608185130057937
5271808767040058181
5272432907750102178
5272436741770139479
5272520516350112941
5272520585870112947
5280728383000047097
5284387432270069479
5284543506520122688
5285425595620115767
5285554091820047827
5285964076010086318
5287530087430075153
5294234492220123454
5294407234080117004
5297192288750075692
5297201927660108683
5297261382250060790
5297266083970048683
5297267970560123353
5297290099010030493
5297313524020132195
5297319937450087345
5297337223700108357
5297372442240116971
5297379087550048546
5297380567670118165
5297382046060050748
5297485645990020414
5297564561410020977
5297586050970087259
5297590428140060603
5297611858170075982
5302756261700049783
5302999052940133250
5303003621400133047
5303895849690076612
5305294636990124817
5331531548620110966
5331531620140110972
5331544754900110796
5332444257210046403
5332741786190022972
5332810693860046806
5333709543190111279
5333717605100130173
5334412327220023472
5335624117080086267
5335624145180086273
5335638665550031523
5335641198340086526
5340134799390024855
5340218948890122884
5348387843010048347
5348437959610117370
5353666757910087668
5356676304410101743
5356698532960133688
5357189867110051563
5363883374310034514
5364727704040113461
5364799820620051631
5364815546680023364
5364836886260113340
5364836916570113346
5365308074870051638
5381202464070053447
5383354448610036615
5395101622940042997
5405903272180113463
5406067539320083175
5407580657940045099
5407594009510083417
5408167532130138080
5408342471620044981
5408763162930044365
5411162182100027072
5411162384740027078
5415284983270084814
5419638380660046647
5423269005420118556
5423733095190121629
5425282242470058619
5430801840610087473
5432707656870033217
5432713922350048692
5432897975010108995
5441266921810062407
5467016637000043164
5467050497710136684
5467103038060065040
5473882692080138743
5473900875460120094
5473900890130120000
5475229225590045386
5475363828490111452
5477986759650138256
5478035846340021798
5479437866250083432
5483325185970073190
5483388118060073242
5492781333880030796
5497174748840030830
5497270035750121492
5497294077320022708
5497328448800130453
5508648457330119210
5508684470320086533
5512856942950122824
5520907214190023615
5520939039600033343
5520939052220033349
5520961122310123688
5521028873780109593
5521028902730109599
5522320867850060430
5524182723070060568
5535353244920040751
5535400391550125499
5543873214050042343
5545424768030026162
5547505078420042154
5549600265550129584
5549772381560104706
5549799300220079190
5555823130580037577
5555982345640054073
5562966815820108020
5562972034840108603
5562999883600043582
5566580638230026755
5567210765850038195
5597271884650100378
5597380726000028489
5604233735830047570
5604538931200102339
5604890545140087665
5604946580450117771
5604954309240087415
5604964914300127913
5604964938260127919
5604974187140087939
5604974216430087945
5604981270600103134
5604981311270103140
5604988456670127983
5604995726450058939
5605002104740069204
5605575857030117371
5607132972010028238
5607149825970069010
5607165831040074820
5607165871520074826
5612799936660069813
5613208920440110050
5613458649990048914
5620645112580020100
5620645208310020106
5620659842590034492
5620730465330062045
5620764032290123026
5620778200760077477
5620814643950034262
5621360343390114039
5621423870110100976
5621487493390051701
5621895665330114523
5622011640720034761
5622011688610034767
5622076289410089854
5623572178240051600
5624606243540035685
5625092920270078319
5625167063930134476
5625229909380062806
5625264223350021109
5625264248090021115
5625289620290113243
5625693347300080816
5625693387980080822
5630093992950081663
5630189594750081580
5630431836100135067
5630621361400021711
5633298860550079969
5633304577770123123
5638964166770128414
5642412347040083550
5649603873810084142
5649604036400084148
5658233238140139099
5665970332140110758
5666804980580048343
5666828475910069680
5666856869970026974
5669785925040109695
5669819785720109638
5669911970030087709
5669918429220032923
5669923554660069775
5669928107260032700
5675071925000101615
6000000000008083868
6000000000008085683
6000000000008124439
6000000000008140311
6000000000008148520
6000000000008176421
6000000000008770128
6000000000010004928
6000000000010026860
6000000000010030674
6000000000010050899
6000000000010059888
6000000000010092448
6000000000010129446
6000000000010307115
6000000000010384898
6000000000010388589
6000000000010414995
6000000000010460453
6000000000010527647
6000000000010553030
6000000000010590100
6000000000010678591
6000000000011075006
6000000000011272094
6000000000011284066
6000000000011333058
6000000000011361541
6000000000012085084
6000000000012602183
6000000000013017126
6000000000013313680
6000000000013704274
6000000000014435062
6000000000014435458
6000000000018237490
6000000000021881705
6000000000023930647
6000000000024008449
6000000000024105720
6000000000024252250
6000000000027588704
6000000000027904226
6000000000028908393
6000000000028916715
6000000000028920413
6000000000028958124
6000000000030756952
6000000000030826539
6000000000031481953
6000000000031549680
6000000000031639512
6000000000032134937
6000000000032263664
6000000000032498501
6000000000032512489
6000000000032558002
6000000000032568022
6000000000032569033
6000000000032853822
6000000000032874707
6000000000032892473
6000000000032911726
6000000000032918804
6000000000032925537
6000000000032954947
6000000000033077129
6000000000033088140
6000000000033100078
6000000000033187732
6000000000033235630
6000000000033253489
6000000000033288277
6000000000033298652
6000000000033381061
6000000000033480178
6000000000033687086
6000000000034734538
6000000000034814044
6000000000034814156
6000000000034814822
6000000000034920231
6000000000034930234
6000000000035142137
6000000000035665655
6000000000037486302
6000000000037765147
6000000000037773272
6000000000037900147
6000000000038447397
6000000000040005452
6000000000040005591
6000000000040025635
6000000000040034365
6000000000040034594
6000000000040036266
6000000000040036626
6000000000040037468
6000000000040037842
6000000000040037892
6000000000040038434
6000000000040038492
6000000000040038612
6000000000040039600
6000000000040046223
6000000000040046382
6000000000040046570
6000000000040046759
6000000000040046808
6000000000040046862
6000000000040048209
6000000000040048422
6000000000040048613
6000000000040050487
6000000000040050657
6000000000043350480
6000000000043353439
6000000000043353878
6000000000043488193
6000000000043496800
6000000000043501644
6000000000043525230
6000000000043632663
6000000000043752519
6000000000043756717
6000000000043804433
6000000000043815372
6000000000043825128
6000000000043825444
6000000000044092371
6000000000044331364
6000000000045500984
6000000000045546956
6000000000045614128
6000000000045679421
6000000000046033345
6000000000046041189
6000000000046128142
6000000000047598870
6000000000047609875
6000000000047619651
6000000000047868106
6000000000055864628
6000000000055959628
6000000000056834705
6000000000057743620
6000000000057896232
6000000000057903474
6000000000057947687
6000000000058069138
6000000000058238026
6000000000061040608
6000000000061076718
6000000000061080973
6000000000061178302
6000000000061255028
6000000000061317127
6000000000061317252
6000000000061940576
6000000000061960553
6000000000062077268
6000000000065187287
6000000000072418242
6000000000074017019
6000000000076101832
6000000000076261245
6000000000078496632
6000000000081312985
6000000000082814977
6000000000082842894
6000000000082867724
6000000000082952745
6000000000082982591
6000000000083066475
6000000000083088330
6000000000083126224
6000000000084598690
6000000000090690691
6000000000091554610
6000000000092350382
6000000000092355703
6000000000093669853
6000000000093801827
6000000000093834678
6000000000093984346
6000000000093996214
6000000000098719593
6000000000106251266
6000000000106261286
6000000000106293684
6000000000106303299
6000000000106330150
6000000000109919576
6000000000109921491
6000000000109930732
6000000000109941736
6000000000109943404
6000000000109963810
6000000000110000695
6000000000110269571
6000000000110278928
6000000000110281452
6000000000110281555
6000000000110306100
6000000000110332246
6000000000110395050
6000000000110411105
6000000000110958821
6000000000111086524
6000000000111122332
6000000000111884074
6000000000112086823
6000000000112088056
6000000000112088890
6000000000112090599
6000000000112096049
6000000000112099069
6000000000112112364
6000000000112117861
6000000000112124373
6000000000112128654
6000000000112128690
6000000000112130519
6000000000112131000
6000000000112131470
6000000000112131489
6000000000112131568
6000000000112133457
6000000000112134992
6000000000112140572
6000000000112140588
6000000000114257798
6000000000114360346
6000000000114627350
6000000000114647480
6000000000114653280
6000000000114656112
6000000000114684333
6000000000114944434
6000000000115499926
6000000000115617983
6000000000115658521
6000000000115658866
6000000000115680739
6000000000119130926
6000000000119216046
6000000000119259039
6000000000119271176
6000000000119295074
6000000000120326597
6000000000123057197
6000000000123350430
6000000000123436166
6000000000123850731
6000000000124012386
6000000000124082015
6000000000124168210
6000000000125308523
6000000000125362235
6000000000125394145
6000000000125517845
6000000000125565519
6000000000125596647
6000000000125674313
6000000000125706140
6000000000125793641
6000000000125816242
6000000000125864381
6000000000128186257
6000000000128212493
6000000000128221491
6000000000128240182
6000000000128732566
6000000000128773458
6000000000128842251
6000000000128853516
6000000000128857055
6000000000129435686
6000000000130072204
6000000000130213365
6000000000130820351
6000000000131266496
6000000000131310416
6000000000131334847
6000000000131397120
6000000000131404602
6000000000131469439
6000000000131511412
6000000000131563186
6000000000134496318
6000000000134665152
6000000000135568896
6000000000135801287
6000000000135911140
6000000000135911615
6000000000135924403
6000000000135947063
6000000000137148107
6000000000137491845
6000000000137960977
6000000000137981735
6000000000138341138
6000000000138342103
6000000000138385269
6000000000138391120
6000000000138415297
6000000000138418705
6000000000138420343
6000000000138433509
6000000000138678323
6000000000138688134
6000000000138705143
6000000000138721614
6000000000138722743
6000000000138731409
6000000000138732748
6000000000138741416
6000000000138748715
6000000000138843245
6000000000138881981
6000000000138914693
6000000000139025227
6000000000139539963
6000000000139594622
6000000000139694227
6000000000139720122
6000000000139926287
6000000000140659738
6000000000140660657
6000000000140727738
6000000000140806040
6000000000141490482
6000000000141496916
6000000000141497726
6000000000141500093
6000000000141505389
6000000000141507598
6000000000141521998
6000000000146198741
6000000000146368622
6000000000146388320
6000000000146450453
6000000000146835485
6000000000146840744
6000000000146859959
6000000000146871610
6000000000146885567
6000000000146892685
6000000000146894691
6000000000146907587
6000000000146907986
6000000000147013444
6000000000147035788
6000000000147058919
6000000000147070914
6000000000147082749
6000000000147104681
6000000000147126633
6000000000147212841
6000000000147213640
6000000000147219674
6000000000147220620
6000000000147225261
6000000000147225270
6000000000147235435
6000000000147237373
6000000000147239170
6000000000147239486
6000000000147242506
6000000000147244204
6000000000147246153
6000000000147246616
6000000000147256131
6000000000147258116
6000000000147263270
6000000000147263299
6000000000147264039
6000000000147272299
6000000000147289164
6000000000149625824
6000000000149683853
6000000000149687805
6000000000149687945
6000000000149691938
6000000000149695673
6000000000149695754
6000000000149707669
6000000000149707723
6000000000149707749
6000000000149718715
6000000000149718957
6000000000149730717
6000000000149737659
6000000000149742596
6000000000149742727
6000000000149746497
6000000000149746773
6000000000149748478
6000000000149749627
6000000000149765591
6000000000149779819
6000000000149802414
6000000000149818471
6000000000149828864
6000000000149896340
6000000000149896379
6000000000149901356
6000000000149901439
6000000000149962298
6000000000149962354
6000000000149962379
6000000000149962391
6000000000149962435
6000000000149977645
6000000000150007235
6000000000150016292
6000000000150020298
6000000000150026620
6000000000150030100
6000000000150033219
6000000000150034201
6000000000150046404
6000000000150052141
6000000000150098090
6000000000151869439
6000000000153309431
6000000000153344904
6000000000153391275
6000000000154060862
6000000000154158007
6000000000154279554
6000000000155383032
6000000000155703115
6000000000155795201
6000000000155904830
6000000000155929943
6000000000155955743
6000000000155992433
6000000000156061271
6000000000156065401
6000000000156099202
6000000000156099243
6000000000156191066
6000000000156317517
6000000000156761484
6000000000156768519
6000000000156978511
6000000000157044029
6000000000157075199
6000000000157099135
6000000000157109915
6000000000157247753
6000000000157250397
6000000000157250973
6000000000157266301
6000000000157276157
6000000000157278272
6000000000157279202
6000000000157280075
6000000000157283439
6000000000157291212
6000000000157311079
6000000000157315098
6000000000157358561
6000000000157378164
6000000000157584682
6000000000157584946
6000000000157680293
6000000000157684101
6000000000157757375
6000000000160876318
6000000000160916140
6000000000160916161
6000000000160959410
6000000000161001437
6000000000161097536
6000000000161230827
6000000000162100284
6000000000162314682
6000000000162318926
6000000000162825524
6000000000162825533
6000000000162833262
6000000000162833271
6000000000162833316
6000000000162835957
6000000000164280974
6000000000164601413
6000000000166026628
6000000000166141228
6000000000166150229
6000000000166832371
6000000000166901316
6000000000166902711
6000000000167046969
6000000000167700965
6000000000167869299
6000000000170705951
6000000000172047739
6000000000172343681
6000000000172348087
6000000000172348471
6000000000172349777
6000000000172349857
6000000000172354467
6000000000172355919
6000000000172363255
6000000000172370412
6000000000172370423
6000000000172370432
6000000000172370468
6000000000172370806
6000000000172371130
6000000000172371596
6000000000172371709
6000000000172371762
6000000000172371773
6000000000172371804
6000000000172374203
6000000000172374214
6000000000172374223
6000000000172374334
6000000000172374427
6000000000172377293
6000000000172377302
6000000000172377311
6000000000172377336
6000000000172382015
6000000000172382024
6000000000172382033
6000000000172382040
6000000000172382056
6000000000172382063
6000000000172382072
6000000000172382166
6000000000172382519
6000000000172382530
6000000000172382645
6000000000172515121
6000000000172750514
6000000000172769147
6000000000172794330
6000000000172796036
6000000000172800062
6000000000172814010
6000000000172821945
6000000000172830019
6000000000172833094
6000000000172841572
6000000000173962053
6000000000175417426
6000000000176523567
6000000000176627184
6000000000177347291
6000000000181661175
6000000000181987824
6000000000183188387
6000000000183235215
6000000000183272221
6000000000183275147
6000000000183305004
6000000000186324525
6000000000186410898
6000000000186421249
6000000000186456686
6000000000186468901
6000000000186469135
6000000000186511827
6000000000187278800
6000000000187291937
6000000000187418516
6000000000187695664
6000000000191983296
6000000000192123242
6000000000192494657
6000000000192533574
6000000000192573342
6000000000192637760
6000000000192737854
6000000000192750513
6000000000193253172
6000000000193825080
6000000000196218118
6000000000196235833
6000000000197215318
6000000000202115160
6000000000203345531
6000000000203345740
6000000000204477842
6000000000207859767
6000000000208958909
6000000000208978730
6000000000213379760
6000000000218014973
6000000000218174280
6000000000219754439
6000000000220099790
6000000000220471967
6000000000220706553
6000000000222222800
6000000000222677079
6000000000224980442
6000000000228549487
6000000000228811508
6000000000229962057
6000000000232597777
6000000000232607152
6000000000232618899
6000000000234806650
6000000000235783104
6000000000235787209
6000000000235814097
6000000000237544690
6000000000237551643
6000000000237801021
6000000000241269545
6000000000241331371
6000000000241378348
6000000000241388254
6000000000241398333
6000000000241398349
6000000000241437294
6000000000241437347
6000000000241472176
6000000000241508846
6000000000243893346
6000000000244792941
6000000000244816524
6000000000244821599
6000000000244827959
6000000000244845635
6000000000244898413
6000000000244943281
6000000000245046086
6000000000245060945
6000000000245079990
6000000000245095919
6000000000245098802
6000000000245101891
6000000000245120542
6000000000245171661
6000000000245188578
6000000000245202447
6000000000245249001
6000000000245249234
6000000000249464283
6000000000249688362
6000000000249826020
6000000000261090276
6000000000264285347
6000000000269787574
6000000000275136775
6000000000275262729
6000000000275273411
6000000000276146663
6000000000276153205
6000000000276333793
6000000000276340729
6000000000276394397
6000000000276411469
6000000000276495018
6000000000276500146
6000000000276521780
6000000000276574376
6000000000277307462
6000000000277389373
6000000000277457222
6000000000284815615
6000000000294391509
6000000000295374050
6000000000295541515
6000000000295651721
6000000000295751963
6000000000295931583
6000000000295944235
6000000000296129608
6000000000296151480
6000000000296152181
6000000000296153390
6000000000296155660
6000000000296186291
6000000000296246864
6000000000296286774
6000000000296395952
6000000000296421914
6000000000296441732
6000000000296474045
6000000000296536429
6000000000296539280
6000000000296709903
6000000000296832657
6000000000297258935
6000000000297289825
6000000000297316210
6000000000297321711
6000000000297342713
6000000000297347948
6000000000297352682
6000000000297440514
6000000000297486462
6000000000297487207
6000000000305000404
6000000000307258557
6000000000307262703
6000000000307262728
6000000000307264071
6000000000307810169
6000000000307810283
6000000000307810614
6000000000307810776
6000000000307810931
6000000000307812013
6000000000307812231
6000000000307812397
6000000000307812795
6000000000307813039
6000000000307813536
6000000000307813544
6000000000307813882
6000000000307813989
6000000000307813996
6000000000307815178
6000000000307815370
6000000000307815381
6000000000307815395
6000000000307815533
6000000000307815752
6000000000307815830
6000000000307817124
6000000000307817965
6000000000307818140
6000000000307819356
6000000000307819403
6000000000307819683
6000000000307819766
6000000000307821172
6000000000307821397
6000000000310637766
6000000000314922113
6000000000314926795
6000000000314930135
6000000000314930151
6000000000314930399
6000000000315812902
6000000000315909566
6000000000315924762
6000000000315926587
6000000000315932615
6000000000316021509
6000000000320051830
6000000000321774092
6000000000321778345
6000000000321786244
6000000000321793295
6000000000321800186
6000000000321804141
6000000000321804204
6000000000321804410
6000000000321810201
6000000000321810376
6000000000321821436
6000000000321824226
6000000000321825231
6000000000321825316
6000000000321848172
6000000000321852446
6000000000321856539
6000000000321865284
6000000000321866437
6000000000321872321
6000000000322328501
6000000000323287739
6000000000323478430
6000000000333911909
6000000000334080495
6000000000334477469
6000000000334484615
6000000000337158694
6000000000337208069
6000000000337208078
6000000000337400222
6000000000337405327
6000000000337421442
6000000000337439500
6000000000337781267
6000000000343934415
6000000000343947101
6000000000347520217
6000000000348782759
6000000000348782795
6000000000348782881
6000000000348786083
6000000000348786099
6000000000348786112
6000000000348786317
6000000000348786358
6000000000348791142
6000000000348791164
6000000000348791173
6000000000348791183
6000000000348795510
6000000000348795868
6000000000348795885
6000000000348795895
6000000000348799800
6000000000348799876
6000000000348802220
6000000000348802949
6000000000348804323
6000000000348804392
6000000000348804448
6000000000348804494
6000000000348804540
6000000000348807185
6000000000348807306
6000000000348807313
6000000000348813702
6000000000348813924
6000000000348817075
6000000000348817822
6000000000348817839
6000000000348817848
6000000000348823088
6000000000348823124
6000000000348835314
6000000000348837931
6000000000348837938
6000000000348840128
6000000000348842152
6000000000348842160
6000000000348842175
6000000000348842427
6000000000348848511
6000000000348848518
6000000000348848579
6000000000348851171
6000000000348852792
6000000000348861323
6000000000348864773
6000000000348864919
6000000000348876486
6000000000348876503
6000000000348876527
6000000000348876537
6000000000348876551
6000000000348876558
6000000000348876565
6000000000348876605
6000000000348876622
6000000000348876650
6000000000348876662
6000000000348876704
6000000000348876758
6000000000348876768
6000000000348876779
6000000000348876789
6000000000348881570
6000000000348889168
6000000000348889183
6000000000348889192
6000000000348889199
6000000000348889228
6000000000348889235
6000000000348889242
6000000000348889249
6000000000348889256
6000000000348889265
6000000000348889277
6000000000348889286
6000000000348889294
6000000000348889302
6000000000348889317
6000000000348889329
6000000000350890610
6000000000350890660
6000000000350956694
6000000000350964573
6000000000351011235
6000000000351011289
6000000000351089207
6000000000351089516
6000000000351094629
6000000000351094637
6000000000351096502
6000000000351183996
6000000000351389954
6000000000351504653
6000000000351504821
6000000000351776099
6000000000351810041
6000000000355137134
6000000000359152804
6000000000359901281
6000000000361052707
6000000000368095758
6000000000374052550
6000000000374518482
6000000000374545725
6000000000374545732
6000000000374563204
6000000000378535942
6000000000379746481
6000000000380058406
6000000000380078234
6000000000380451093
6000000000382863888
6000000000383052907
6000000000383682561
6000000000383880810
6000000000383945714
6000000000384048429
6000000000384048592
6000000000384071787
6000000000384094450
6000000000384186229
6000000000385259880
6000000000385265682
6000000000386371266
6000000000386726880
6000000000390280881
6000000000392429148
6000000000398400609
6000000000398425473
6000000000398441417
6000000000398500267
6000000000398513690
6000000000398533146
6000000000398765703
6000000000398799132
6000000000398895357
6000000000400731113
6000000000400731205
6000000000400763335
6000000000400773111
6000000000400773884
6000000000400805458
6000000000401576283
6000000000401585790
6000000000401585942
6000000000401585963
6000000000401585970
6000000000401594112
6000000000401596179
6000000000401596293
6000000000401596300
6000000000401596324
6000000000402837616
6000000000406003678
6000000000406026968
6000000000406061881
6000000000406086365
6000000000406093974
6000000000406157238
6000000000406178272
6000000000406193329
6000000000406262170
6000000000406288635
6000000000406334064
6000000000406379717
6000000000406383861
6000000000406471471
6000000000412569101
6000000000412569137
6000000000412569182
6000000000412569227
6000000000412569236
6000000000412569254
6000000000412569497
6000000000412569515
6000000000412569569
6000000000412569578
6000000000412569587
6000000000412569677
6000000000412569686
6000000000412569713
6000000000412569740
6000000000412569785
6000000000412569812
6000000000412571235
6000000000412571244
6000000000412571487
6000000000412571647
6000000000412571656
6000000000416351288
6000000000420341047
6000000000422399990
6000000000422590943
6000000000424570082
6000000000424572235
6000000000424583699
6000000000424586295
6000000000424624017
6000000000424624719
6000000000424626222
6000000000424629314
6000000000424629902
6000000000424634530
6000000000424636521
6000000000424636547
6000000000424636707
6000000000424637456
6000000000424637932
6000000000424640138
6000000000424642900
6000000000424645659
6000000000424645801
6000000000424645939
6000000000424646976
6000000000424646987
6000000000424667183
6000000000424667200
6000000000424667214
6000000000424667561
6000000000424667895
6000000000424673304
6000000000424673320
6000000000424673332
6000000000424673344
6000000000424678273
6000000000424678797
6000000000424678903
6000000000424680664
6000000000424683032
6000000000424683178
6000000000424683366
6000000000424685255
6000000000424686284
6000000000424686458
6000000000424686470
6000000000424691173
6000000000424693000
6000000000424695242
6000000000424702247
6000000000424702295
6000000000424703516
6000000000424703563
6000000000424703572
6000000000424703590
6000000000424703634
6000000000424703643
6000000000424707217
6000000000424707234
6000000000424707319
6000000000424707367
6000000000424707374
6000000000424707604
6000000000424707620
6000000000424707718
6000000000424707760
6000000000424709091
6000000000424709262
6000000000424709283
6000000000424709290
6000000000424732334
6000000000424732419
6000000000424732452
6000000000424732510
6000000000424760295
6000000000424765030
6000000000424765142
6000000000424767738
6000000000424802400
6000000000424802416
6000000000424802839
6000000000424802891
6000000000424805888
6000000000424810067
6000000000424810286
6000000000424810444
6000000000424812865
6000000000424845830
6000000000424851316
6000000000424875913
6000000000424888017
6000000000424894960
6000000000424904289
6000000000424907977
6000000000424909634
6000000000424920263
6000000000425008069
6000000000426439299
6000000000426443855
6000000000426446350
6000000000426449771
6000000000426449780
6000000000426449807
6000000000426449816
6000000000426453298
6000000000426776707
6000000000430097060
6000000000436304740
6000000000436323013
6000000000436362258
6000000000436369285
6000000000436386803
6000000000436390161
6000000000436411008
6000000000436416239
6000000000436421360
6000000000436426463
6000000000436429187
6000000000436429336
6000000000436442811
6000000000436444716
6000000000436551685
6000000000436836320
6000000000436947441
6000000000437004105
6000000000437008616
6000000000437010462
6000000000437013521
6000000000437013704
6000000000437013714
6000000000437013724
6000000000437013734
6000000000437016471
6000000000437016503
6000000000437016513
6000000000437016526
6000000000437016536
6000000000437016575
6000000000437030686
6000000000437032028
6000000000437032060
6000000000437032665
6000000000437032705
6000000000437032718
6000000000437032765
6000000000437042452
6000000000437042896
6000000000437044109
6000000000437047906
6000000000437050044
6000000000437050264
6000000000437053441
6000000000437064603
6000000000437081116
6000000000437081406
6000000000437081430
6000000000437083129
6000000000437088000
6000000000437088180
6000000000437089104
6000000000437097980
6000000000437100264
6000000000437100887
6000000000437107594
6000000000437107670
6000000000437107945
6000000000437115455
6000000000437119267
6000000000437119373
6000000000437130447
6000000000437130460
6000000000437135640
6000000000437136008
6000000000437136028
6000000000437136145
6000000000437140180
6000000000437140190
6000000000437140715
6000000000437142272
6000000000437150261
6000000000437154527
6000000000437162014
6000000000437169972
6000000000437174196
6000000000437178654
6000000000437187226
6000000000437189601
6000000000437189924
6000000000437189974
6000000000437190651
6000000000437192256
6000000000437192432
6000000000437316601
6000000000437327174
6000000000437339826
6000000000437343077
6000000000437343092
6000000000437343166
6000000000437348457
6000000000437348772
6000000000437362906
6000000000437366775
6000000000437366795
6000000000437366845
6000000000437372739
6000000000437376360
6000000000437378264
6000000000437378301
6000000000437378311
6000000000437382122
6000000000437382594
6000000000437385272
6000000000437385329
6000000000437389491
6000000000437398335
6000000000437398754
6000000000437400073
6000000000437400083
6000000000437406869
6000000000437411913
6000000000437413037
6000000000437413152
6000000000437413801
6000000000437415400
6000000000437438150
6000000000437438881
6000000000437464390
6000000000437474196
6000000000437507557
6000000000437546093
6000000000437562403
6000000000437562516
6000000000437592566
6000000000437592877
6000000000437592890
6000000000437592940
6000000000437594534
6000000000437594732
6000000000437605339
6000000000437605826
6000000000437608015
6000000000437608918
6000000000437612237
6000000000437615749
6000000000437615826
6000000000437626004
6000000000437669135
6000000000437669873
6000000000437882680
6000000000437929828
6000000000438160041
6000000000440064763
6000000000444676198
6000000000446306972
6000000000446427697
6000000000446487396
6000000000446513444
6000000000446523409
6000000000446620038
6000000000446682069
6000000000446702024
6000000000447310989
6000000000448161748
6000000000448288243
6000000000448403128
6000000000448593758
6000000000448611455
6000000000448839881
6000000000448959551
6000000000449336980
6000000000449436401
6000000000449474445
6000000000452602421
6000000000452686437
6000000000453738366
6000000000453748382
6000000000454697418
6000000000454786519
6000000000455101412
6000000000459385964
6000000000459573714
6000000000459817552
6000000000460245937
6000000000460348880
6000000000460494100
6000000000460726610
6000000000460790288
6000000000460839161
6000000000460873682
6000000000460880149
6000000000460957316
6000000000461501872
6000000000461712521
6000000000462112257
6000000000462127170
6000000000462488283
6000000000462491267
6000000000462661075
6000000000462671548
6000000000462674113
6000000000462675819
6000000000462681442
6000000000462713383
6000000000462726642
6000000000462873997
6000000000463059534
6000000000463175969
6000000000463212260
6000000000463222164
6000000000463241996
6000000000463253077
6000000000463288917
6000000000463293718
6000000000463304904
6000000000463388688
6000000000463901046
6000000000467305771
6000000000467461198
6000000000467485268
6000000000467542216
6000000000469292724
6000000000469455971
6000000000469888989
6000000000471176865
6000000000474012434
6000000000474021020
6000000000474104338
6000000000474162649
6000000000474162658
6000000000474162821
6000000000474162830
6000000000474162839
6000000000474169556
6000000000474917165
6000000000475063599
6000000000475305148
6000000000476984803
6000000000477003725
6000000000477401764
6000000000477457505
6000000000477509650
6000000000477697060
6000000000477712086
6000000000477761572
6000000000477825316
6000000000477907228
6000000000484956612
6000000000485134552
6000000000485360139
6000000000485372187
6000000000485389027
6000000000485654877
6000000000485813576
6000000000486080064
6000000000486292720
6000000000490564196
6000000000490615573
6000000000490867656
6000000000490867663
6000000000492186183
6000000000492270258
6000000000494796825
6000000000494810751
6000000000496752005
6000000000496907039
6000000000498370708
6000000000498433774
6000000000498713156
6000000000498986237
6000000000499853862
6000000000501021489
6000000000507003478
6000000000507302960
6000000000507413514
6000000000507538484
6000000000507580198
6000000000507603272
6000000000507655089
6000000000508329070
6000000000515214098
6000000000522977268
6000000000522980376
6000000000523015943
6000000000523228128
6000000000523594353
6000000000525354778
6000000000525578424
6000000000525586280
6000000000529077941
6000000000529625823
6000000000529775111
6000000000529776234
6000000000531148722
6000000000531580778
6000000000531627997
6000000000531704637
6000000000531791504
6000000000531807761
6000000000533539177
6000000000535294938
6000000000535349951
6000000000535403717
6000000000536230092
6000000000536954872
6000000000536954883
6000000000536954952
6000000000536954963
6000000000536954974
6000000000536956012
6000000000536956043
6000000000536956627
6000000000536956636
6000000000536960714
6000000000537041906
6000000000537043368
6000000000537065746
6000000000537065755
6000000000537065807
6000000000537218162
6000000000537742791
6000000000540055053
6000000000542234841
6000000000543024718
6000000000543056502
6000000000543360018
6000000000543601990
6000000000544556753
6000000000545620681
6000000000546331893
6000000000547181787
6000000000548946222
6000000000548952459
6000000000549195936
6000000000549293502
6000000000549305497
6000000000549317466
6000000000549399213
6000000000549401366
6000000000549937047
6000000000551572367
6000000000559404221
6000000000559573962
6000000000565480264
6000000000569059355
6000000000571454625
6000000000571756568
6000000000571761309
6000000000571768821
6000000000571783849
6000000000571786072
6000000000571786969
6000000000571789644
6000000000577377169
6000000000577457286
6000000000577466511
6000000000577527362
6000000000577598137
6000000000579619347
6000000000582877858
6000000000582878990
6000000000582880122
6000000000583232638
6000000000583439390
6000000000583441911
6000000000583516065
6000000000584208991
6000000000584924829
6000000000589354921
6000000000594182912
6000000000594353320
6000000000595794863
6000000000595940091
6000000000596051410
6000000000596503208
6000000000598754025
6000000000599365568
6000000000600005765
6000000000600070414
6000000000604364744
6000000000604555164
6000000000604875212
6000000000608202281
6000000000612305400
6000000000614910056
6000000000620057923
6000000000620741371
6000000000621990233
6000000000624774219
6000000000625514535
6000000000627474493
6000000000627486573
6000000000628842070
6000000000628858581
6000000000629539465
6000000000629578057
6000000000632007001
6000000000632008496
6000000000632030029
6000000000638864894
6000000000639114076
6000000000639291857
6000000000639380549
6000000000640277488
6000000000640385057
6000000000640391267
6000000000640482990
6000000000640493673
6000000000640845760
6000000000640926734
6000000000640926753
6000000000640930134
6000000000640931229
6000000000640977134
6000000000641004629
6000000000641004639
6000000000641008175
6000000000641010132
6000000000641010142
6000000000641011525
6000000000641013460
6000000000641013480
6000000000641029183
6000000000641029996
6000000000641030086
6000000000641030186
6000000000641030206
6000000000641043460
6000000000641057547
6000000000641057611
6000000000641057829
6000000000641057839
6000000000641057849
6000000000641070527
6000000000641070567
6000000000641070666
6000000000641104324
6000000000641365774
6000000000641389935
6000000000641502199
6000000000641522226
6000000000641939711
6000000000641942419
6000000000642015406
6000000000647100798
6000000000648177790
6000000000651502709
6000000000651502720
6000000000651679313
6000000000651913482
6000000000651994464
6000000000652037365
6000000000653125587
6000000000653288115
6000000000656721506
6000000000656813883
6000000000656886819
6000000000656950354
6000000000657051023
6000000000657476595
6000000000661306654
6000000000661490966
6000000000664965867
6000000000665131865
6000000000665232496
6000000000665380375
6000000000665490559
6000000000665544437
6000000000666780234
6000000000668386334
6000000000668486020
6000000000670389262
6000000000671822547
6000000000674099841
6000000000674296381
6000000000674448669
6000000000674547127
6000000000674547243
6000000000674583294
6000000000674793428
6000000000674825812
6000000000675046267
6000000000675077337
6000000000675111492
6000000000675116218
6000000000675137665
6000000000675148293
6000000000675187116
6000000000675534014
6000000000675541182
6000000000675565500
6000000000675601038
6000000000675608081
6000000000675665884
6000000000675672342
6000000000675789129
6000000000675902857
6000000000676856258
6000000000677137759
6000000000677194492
6000000000677330061
6000000000679664945
6000000000679714851
6000000000680695598
6000000000680775477
6000000000681295359
6000000000682018110
6000000000682293561
6000000000682370307
6000000000682385616
6000000000682391584
6000000000682812378
6000000000682909923
6000000000682918956
6000000000683579442
6000000000683643086
6000000000683788699
6000000000683984110
6000000000684003151
6000000000684063453
6000000000685205542
6000000000685763088
6000000000686067806
6000000000686318225
6000000000686760053
6000000000687202972
6000000000687840538
6000000000687860380
6000000000693906353
6000000000693950444
6000000000694856177
6000000000700865954
6000000000700873631
6000000000700878140
6000000000700891456
6000000000700903066
6000000000700917510
6000000000700920399
6000000000700923287
6000000000700924411
6000000000700931769
6000000000700947740
6000000000700952054
6000000000700952394
6000000000700963462
6000000000700972962
6000000000700974996
6000000000701001250
6000000000701059661
6000000000701095173
6000000000701099882
6000000000701103077
6000000000701118077
6000000000701119941
6000000000701127312
6000000000701127473
6000000000701171280
6000000000701212199
6000000000701212215
6000000000701212352
6000000000701212407
6000000000701212421
6000000000701224426
6000000000701224748
6000000000701225368
6000000000701225390
6000000000701225901
6000000000701653915
6000000000702438472
6000000000704132260
6000000000704139276
6000000000704176063
6000000000704504061
6000000000705393897
6000000000705642323
6000000000706313069
6000000000709109211
6000000000709188309
6000000000709206737
6000000000709209810
6000000000709223072
6000000000709239782
6000000000709332242
6000000000709334357
6000000000709359087
6000000000709541555
6000000000710016864
6000000000714646103
6000000000716998561
6000000000717229053
6000000000717697109
6000000000717776836
6000000000717877042
6000000000720420100
6000000000720957240
6000000000721010187
6000000000721070008
6000000000725379202
6000000000728299766
6000000000728482972
6000000000728588023
6000000000728657032
6000000000728689157
6000000000733189883
6000000000733274479
6000000000733469168
6000000000734852344
6000000000734877470
6000000000736166183
6000000000736563560
6000000000736699116
6000000000736768413
6000000000742332169
6000000000742985436
6000000000743061914
6000000000743245024
6000000000743335131
6000000000743372033
6000000000743401942
6000000000743413001
6000000000743414023
6000000000743500449
6000000000748050499
6000000000748051590
6000000000748054238
6000000000748055395
6000000000748062109
6000000000748064430
6000000000748072198
6000000000748083311
6000000000748084651
6000000000748116184
6000000000748126188
6000000000748132169
6000000000748192069
6000000000749943553
6000000000750014778
6000000000750165300
6000000000750235562
6000000000750261051
6000000000750268219
6000000000750271022
6000000000750339671
6000000000750559193
6000000000750582051
6000000000750619071
6000000000750946964
6000000000751966877
6000000000751966916
6000000000752036538
6000000000752120431
6000000000752123239
6000000000752137451
6000000000752175059
6000000000759614642
6000000000759796872
6000000000759879489
6000000000759890348
6000000000759893323
6000000000759975320
6000000000760616399
6000000000760704435
6000000000761639165
6000000000761701017
6000000000765100226
6000000000765645327
6000000000768236392
6000000000768261782
6000000000768261793
6000000000768271011
6000000000768282653
6000000000768611512
6000000000768617491
6000000000768630901
6000000000768707125
6000000000768711368
6000000000768711379
6000000000768724138
6000000000768727555
6000000000768736187
6000000000768762163
6000000000768782123
6000000000768782134
6000000000768857361
6000000000768917054
6000000000768942057
6000000000768957873
6000000000768959047
6000000000769119163
6000000000769135454
6000000000769174075
6000000000769386615
6000000000769470073
6000000000769531454
6000000000769560303
6000000000769654031
6000000000769891469
6000000000769891479
6000000000769891489
6000000000769891509
6000000000769899870
6000000000769899901
6000000000769899922
6000000000769899932
6000000000769899945
6000000000769899955
6000000000769899965
6000000000769902407
6000000000769902583
6000000000769905441
6000000000769920068
6000000000769920440
6000000000769993869
6000000000769996541
6000000000770092002
6000000000771167458
6000000000771264415
6000000000771264432
6000000000774643875
6000000000774650887
6000000000774665477
6000000000774676597
6000000000774740005
6000000000774768189
6000000000774784779
6000000000774884576
6000000000781281162
6000000000781403858
6000000000781618112
6000000000781743080
6000000000781747065
6000000000781771052
6000000000781819331
6000000000781839012
6000000000782781239
6000000000782957036
6000000000782970211
6000000000783951528
6000000000792343618
6000000000792343805
6000000000792349180
6000000000795068398
6000000000795550634
6000000000795553508
6000000000795569798
6000000000795642215
6000000000795671253
6000000000795676188
6000000000795687204
6000000000796819061
6000000000796819984
6000000000796820170
6000000000796830953
6000000000796834346
6000000000796840008
6000000000796842681
6000000000796852054
6000000000796862667
6000000000796862686
6000000000796862731
6000000000796884387
6000000000796886787
6000000000796886861
6000000000796888612
6000000000796888623
6000000000796888717
6000000000796891248
6000000000798385365
6000000000802429286
6000000000802548351
6000000000802583215
6000000000802594245
6000000000802700021
6000000000802702003
6000000000802725083
6000000000802776009
6000000000802879019
6000000000802916013
6000000000803837330
6000000000803912169
6000000000803923036
6000000000804160871
6000000000804208938
6000000000804228765
6000000000804241845
6000000000804279813
6000000000804284678
6000000000804284740
6000000000804290938
6000000000804402273
6000000000804408308
6000000000804409308
6000000000804415783
6000000000804428237
6000000000804887413
6000000000804907642
6000000000812943370
6000000000816280268
6000000000820999601
6000000000822205151
6000000000825212631
6000000000825423709
6000000000825425754
6000000000825430320
6000000000825437776
6000000000825444799
6000000000825446451
6000000000830244922
6000000000831222922
6000000000832121154
6000000000833461292
6000000000833518165
6000000000833727344
6000000000835043259
6000000000835155142
6000000000840999162
6000000000841085004
6000000000843471264
6000000000843584110
6000000000843610007
6000000000860259173
6000000000864049064
6000000000868533337
6000000000868533350
6000000000868533361
6000000000868536322
6000000000868536500
6000000000868536632
6000000000868536643
6000000000868536654
6000000000868536665
6000000000868536676
6000000000868536900
6000000000868537580
6000000000868537592
6000000000868540052
6000000000868540260
6000000000868540310
6000000000868540647
6000000000868541228
6000000000868543302
6000000000868543657
6000000000868544821
6000000000868547735
6000000000868547747
6000000000868550764
6000000000868550773
6000000000868550781
6000000000868551972
6000000000868555214
6000000000868555396
6000000000868555504
6000000000869440139
6000000000879348556
6000000000879830238
6000000000879852110
6000000000882299333
6000000000882607249
6000000000894017358
6000000000894794311
6000000000896882581
6000000000897604991
6000000000897737992
6000000000897979327
6000000000898069208
6000000000899169105
6000000000899942202
6000000000900889388
6000000000902198580
6000000000902335093
6000000000904661585
6000000000905031154
6000000000906482130
6000000000907435538
6000000000907435562
6000000000907726408
6000000000908088464
6000000000908088530
6000000000908246737
6000000000914509899
6000000000914694058
6000000000914696044
6000000000914697046
6000000000914718020
6000000000914723006
6000000000915644339
6000000000915853245
6000000000915903133
6000000000924192646
6000000000930944231
6000000000936840801
6000000000937329305
6000000000938419938
6000000000938774161
6000000000943981387
6000000000944055419
6000000000944084267
6000000000944148261
6000000000944160067
6000000000944203027
6000000000945065547
6000000000945068466
6000000000945068492
6000000000945068506
6000000000945071204
6000000000945074775
6000000000957287491
6000000000957287512
6000000000957298502
6000000000957327205
6000000000957338253
6000000000957338629
6000000000961693812
6000000000961693966
6000000000961695121
6000000000961695280
6000000000961695458
6000000000961695469
6000000000961695479
6000000000961695488
6000000000961695842
6000000000961700315
6000000000961700323
6000000000961700331
6000000000961700342
6000000000961700598
6000000000961700617
6000000000961703622
6000000000961704850
6000000000961704956
6000000000961705005
6000000000961705097
6000000000961705146
6000000000961705153
6000000000961705181
6000000000961705188
6000000000961705216
6000000000961705288
6000000000961705359
6000000000961705375
6000000000961705384
6000000000961705395
6000000000961705402
6000000000961705467
6000000000961705515
6000000000961705576
6000000000961705609
6000000000961705639
6000000000966157341
6000000000969667305
6000000000970342399
6000000000973611600
6000000000973642242
6000000000973703561
6000000000973732167
6000000000973772260
6000000000978702307
6000000000978742324
6000000000979304026
6000000000980013821
6000000000980013853
6000000000980047809
6000000000980147010
6000000000991617023
6000000000991706416
6000000001006658393
6000000001009919622
6000000001013106998
6000000001014646556
6000000001030542525
6000000001030639306
6000000001030755260
6000000001034485341
6000000001034695091
6000000001038149570
6000000001041441773
6000000001041459819
6000000001041559796
6000000001041617210
6000000001042436439
6000000001043618868
6000000001043990078
6000000001044369371
6000000001044775728
6000000001044827584
6000000001044886640
6000000001044886700
6000000001044925060
6000000001044925167
6000000001045491041
6000000001046231589
6000000001053445721
6000000001053457689
6000000001053524194
6000000001054697159
6000000001059203432
6000000001059388725
6000000001065785453
6000000001066179151
6000000001068387165
6000000001074275300
6000000001080873888
6000000001081041802
6000000001081175053
6000000001084786832
6000000001084906154
6000000001085279900
6000000001085303408
6000000001085379026
6000000001085437093
6000000001085462842
6000000001088519030
6000000001088848284
6000000001089048126
6000000001089523001
6000000001091888589
6000000001091888596
6000000001091889788
6000000001091890666
6000000001091918130
6000000001092127705
6000000001092127714
6000000001092127721
6000000001092127732
6000000001092127739
6000000001092127746
6000000001092127753
6000000001092127760
6000000001092127768
6000000001092127775
6000000001092127786
6000000001092127795
6000000001092127802
6000000001092127851
6000000001092128603
6000000001094739253
6000000001094867358
6000000001094892771
6000000001094907699
6000000001094931481
6000000001094951573
6000000001094972410
6000000001094977006
6000000001094983308
6000000001095058535
6000000001095059001
6000000001095067045
6000000001095067078
6000000001095643277
6000000001096256553
6000000001099964099
6000000001101740245
6000000001102431618
6000000001107642774
6000000001112962857
6000000001112983911
6000000001116943503
6000000001116944664
6000000001117003612
6000000001117090463
6000000001119785651
6000000001120089414
6000000001120236031
6000000001126486976
6000000001126515902
6000000001127302498
6000000001127322273
6000000001140577793
6000000001141145118
6000000001142106968
6000000001142141323
6000000001142236549
6000000001142245959
6000000001142272766
6000000001142564337
6000000001142714835
6000000001143110607
6000000001147673864
6000000001147683384
6000000001147716580
6000000001147917547
6000000001147917568
6000000001147999778
6000000001148027348
6000000001148048686
6000000001148048714
6000000001148048799
6000000001148048813
6000000001148197812
6000000001148211467
6000000001148211488
6000000001148214669
6000000001148214676
6000000001148214683
6000000001148214690
6000000001148214734
6000000001148214741
6000000001148214749
6000000001148214756
6000000001148214763
6000000001148214773
6000000001152834493
6000000001156149953
6000000001156514944
6000000001156548017
6000000001156548028
6000000001156702639
6000000001156811632
6000000001156994090
6000000001156994345
6000000001156994355
6000000001157007026
6000000001165874346
6000000001167380053
6000000001167500075
6000000001169088079
6000000001169157385
6000000001169157426
6000000001169174965
6000000001169174983
6000000001169186866
6000000001169229879
6000000001171406783
6000000001171610681
6000000001171690372
6000000001172213829
6000000001172352035
6000000001173418946
6000000001173418960
6000000001173418994
6000000001173419033
6000000001173424434
6000000001173424441
6000000001173424483
6000000001173424497
6000000001173426573
6000000001173426580
6000000001173426587
6000000001173426594
6000000001173431036
6000000001173531306
6000000001173542543
6000000001173860005
6000000001177962220
6000000001177984071
6000000001177984080
6000000001183913030
6000000001183968441
6000000001184035610
6000000001184040598
6000000001188805988
6000000001193531493
6000000001194034809
6000000001194064238
6000000001194143246
6000000001194186778
6000000001196257237
6000000001196707179
6000000001199631627
6000000001199633826
6000000001199728382
6000000001199728631
6000000001199765001
6000000001199794561
6000000001199825771
6000000001199877648
6000000001199930926
6000000001199930937
6000000001199930947
6000000001199952528
6000000001199993264
6000000001200014120
6000000001200023579
6000000001200028258
6000000001200091331
6000000001200100841
6000000001200187654
6000000001200208116
6000000001200412771
6000000001200495470
6000000001200506171
6000000001200522996
6000000001200529198
6000000001205071868
6000000001205118569
6000000001205129184
6000000001205206213
6000000001205324797
6000000001208248027
6000000001209100724
6000000001209109374
6000000001209115547
6000000001209188278
6000000001209415397
6000000001209426947
6000000001209857715
6000000001209951455
6000000001210371267
6000000001210371385
6000000001210380997
6000000001210401095
6000000001210401775
6000000001210412053
6000000001210412680
6000000001210422424
6000000001210427854
6000000001210438292
6000000001210444666
6000000001210492768
6000000001210505101
6000000001210512138
6000000001210528003
6000000001210528558
6000000001212718106
6000000001212718126
6000000001212718193
6000000001212718215
6000000001212718339
6000000001212718386
6000000001212718457
6000000001212718480
6000000001212718499
6000000001212718582
6000000001212718604
6000000001214171927
6000000001214360113
6000000001214509821
6000000001214627137
6000000001214714020
6000000001219636503
6000000001233379149
6000000001234956027
6000000001234964485
6000000001234964649
6000000001235125270
6000000001235191568
6000000001235205483
6000000001235296176
6000000001237507172
6000000001238438053
6000000001244187742
6000000001244332469
6000000001246558894
6000000001246567561
6000000001246626181
6000000001246707144
6000000001246709052
6000000001246720022
6000000001256650510
6000000001257444591
6000000001258751247
6000000001259149601
6000000001259257525
6000000001259316980
6000000001259432612
6000000001260271377
6000000001260311832
6000000001260459057
6000000001262892380
6000000001262949003
6000000001263043349
6000000001263102021
6000000001263198929
6000000001266578142
6000000001272026560
6000000001272831610
6000000001276575046
6000000001278249848
6000000001278355616
6000000001278385040
6000000001278446032
6000000001278610141
6000000001280977373
6000000001281091083
6000000001281097094
6000000001281392853
6000000001281430548
6000000001284016688
6000000001284176070
6000000001284188057
6000000001287970346
6000000001288063190
6000000001288076071
6000000001288155067
6000000001288296458
6000000001288370396
6000000001288397755
6000000001289908150
6000000001297264977
6000000001297878034
6000000001297904083
6000000001299396536
6000000001300715021
6000000001301184189
6000000001301230521
6000000001301496658
6000000001314401546
6000000001315058101
6000000001315238207
6000000001315252642
6000000001315271064
6000000001318530881
6000000001322150068
6000000001323012803
6000000001323226039
6000000001323231241
6000000001323259228
6000000001323467883
6000000001323506976
6000000001324096521
6000000001324377153
6000000001324402011
6000000001326679613
6000000001334029021
6000000001337608113
6000000001337611432
6000000001337617517
6000000001337630086
6000000001337634645
6000000001337643325
6000000001337643334
6000000001338193719
6000000001340075094
6000000001343303247
6000000001351712009
6000000001351719002
6000000001351719505
6000000001351739261
6000000001351739282
6000000001351755864
6000000001351760995
6000000001351784334
6000000001353854035
6000000001353854695
6000000001353854936
6000000001353860591
6000000001353860902
6000000001353866433
6000000001353889239
6000000001353901839
6000000001353905608
6000000001353905636
6000000001353905770
6000000001353905777
6000000001353905784
6000000001353905798
6000000001353905805
6000000001353905826
6000000001353905888
6000000001353907644
6000000001353928160
6000000001353929697
6000000001353932085
6000000001353932092
6000000001353932237
6000000001353933396
6000000001353933886
6000000001353956908
6000000001354419384
6000000001354425410
6000000001354452638
6000000001354452659
6000000001354452729
6000000001354452743
6000000001354452786
6000000001354452814
6000000001354454509
6000000001354454530
6000000001354488757
6000000001354488907
6000000001354491073
6000000001354491294
6000000001354491504
6000000001354493652
6000000001354495819
6000000001354499420
6000000001354499448
6000000001354517334
6000000001355636606
6000000001355641630
6000000001355641705
6000000001355643008
6000000001355760060
6000000001355760066
6000000001355763116
6000000001355763205
6000000001355763327
6000000001355764462
6000000001355764483
6000000001362605832
6000000001363032625
6000000001363032631
6000000001370667847
6000000001374192809
6000000001374258247
6000000001380522159
6000000001380530451
6000000001380828716
6000000001380983518
6000000001381046535
6000000001381063554
6000000001381114215
6000000001381123265
6000000001381274001
6000000001381395280
6000000001381812517
6000000001391856400
6000000001393195478
6000000001393431130
6000000001395308799
6000000001395361096
6000000001395362681
6000000001396762627
6000000001396981076
6000000001397856950
6000000001404145691
6000000001404852420
6000000001404871378
6000000001408859993
6000000001408871740
6000000001409023478
6000000001409107184
6000000001409111229
6000000001409339120
6000000001412838029
6000000001412838050
6000000001412838503
6000000001412838510
6000000001412870549
6000000001412870564
6000000001412870575
6000000001412870631
6000000001412870797
6000000001412870805
6000000001412870832
6000000001412870869
6000000001412870878
6000000001412870900
6000000001412873288
6000000001412873322
6000000001412873961
6000000001412875155
6000000001412875177
6000000001412875184
6000000001412875198
6000000001412875205
6000000001412875219
6000000001412875292
6000000001412875300
6000000001412875403
6000000001412875414
6000000001412875445
6000000001412875461
6000000001412875471
6000000001412875513
6000000001412875551
6000000001412875558
6000000001412875565
6000000001412875580
6000000001412875594
6000000001412875622
6000000001412875629
6000000001412875744
6000000001412875756
6000000001412875911
6000000001412881746
6000000001412881786
6000000001412885635
6000000001412885834
6000000001412894618
6000000001412900128
6000000001412900167
6000000001412900494
6000000001412900558
6000000001412900567
6000000001412900576
6000000001412900601
6000000001412900610
6000000001412900697
6000000001412900705
6000000001412900724
6000000001412900801
6000000001412904570
6000000001412904658
6000000001412904706
6000000001412909311
6000000001412909502
6000000001412909509
6000000001412909956
6000000001412911042
6000000001412911828
6000000001412918158
6000000001412918489
6000000001412918574
6000000001412918601
6000000001412918616
6000000001412918691
6000000001412918715
6000000001412918732
6000000001412918740
6000000001412918749
6000000001412918765
6000000001412918781
6000000001412918813
6000000001412918821
6000000001412918830
6000000001412918838
6000000001412918968
6000000001412918976
6000000001412918992
6000000001412919000
6000000001412921041
6000000001412921049
6000000001412921067
6000000001412921121
6000000001412921129
6000000001412921205
6000000001412921215
6000000001412921225
6000000001412921234
6000000001412921289
6000000001412921297
6000000001412921330
6000000001412921355
6000000001412921372
6000000001412921381
6000000001412921427
6000000001412921435
6000000001412921531
6000000001412921823
6000000001412921831
6000000001412926007
6000000001412926027
6000000001412926572
6000000001412926593
6000000001412926603
6000000001412929140
6000000001412929181
6000000001412929190
6000000001412929252
6000000001412929312
6000000001412929320
6000000001412929328
6000000001412929336
6000000001412929344
6000000001412929352
6000000001412929360
6000000001412929376
6000000001412929505
6000000001412929513
6000000001412929521
6000000001412929715
6000000001412929740
6000000001412929788
6000000001412929806
6000000001412929815
6000000001412929833
6000000001412929851
6000000001412929860
6000000001412929958
6000000001412933079
6000000001412933204
6000000001412933228
6000000001412933245
6000000001412933605
6000000001412933812
6000000001412935037
6000000001412935350
6000000001412935976
6000000001412935986
6000000001412937040
6000000001412937087
6000000001412937257
6000000001412937266
6000000001412937275
6000000001412937284
6000000001412937309
6000000001412937510
6000000001412937598
6000000001412938886
6000000001412938911
6000000001412940111
6000000001412940184
6000000001412940807
6000000001412942498
6000000001412942849
6000000001412945126
6000000001412949016
6000000001412951156
6000000001412951167
6000000001412951572
6000000001412951620
6000000001412951818
6000000001412951827
6000000001412952494
6000000001412952663
6000000001412952704
6000000001412952853
6000000001412952912
6000000001412960639
6000000001412960739
6000000001412968098
6000000001412968114
6000000001412968122
6000000001412968233
6000000001412968290
6000000001413452473
6000000001413461267
6000000001421958647
6000000001421981749
6000000001421982882
6000000001422093657
6000000001422275097
6000000001422278852
6000000001422514345
6000000001422583227
6000000001422628244
6000000001422705229
6000000001431327678
6000000001431458248
6000000001435226422
6000000001435361848
6000000001435361860
6000000001435366077
6000000001435366302
6000000001435366313
6000000001435388609
6000000001435397035
6000000001435397098
6000000001435397107
6000000001435397116
6000000001435397134
6000000001435397143
6000000001435397401
6000000001435415570
6000000001435415581
6000000001435415656
6000000001435415803
6000000001435415815
6000000001435417551
6000000001435426309
6000000001435528073
6000000001435528087
6000000001435528094
6000000001435528101
6000000001435528108
6000000001435528115
6000000001435528122
6000000001435528129
6000000001435528136
6000000001435528142
6000000001435528148
6000000001435528154
6000000001435528160
6000000001435528178
6000000001435528208
6000000001435528222
6000000001441138527
6000000001441184437
6000000001441225516
6000000001441498155
6000000001441509684
6000000001446542148
6000000001452856681
6000000001452856689
6000000001455792905
6000000001455982151
6000000001456297310
6000000001456339997
6000000001456341006
6000000001456341018
6000000001456341026
6000000001456341050
6000000001462706010
6000000001462712746
6000000001464102372
6000000001466485935
6000000001466539404
6000000001467754626
6000000001467770200
6000000001468086147
6000000001468102184
6000000001468599323
6000000001468743288
6000000001468903556
6000000001469198199
6000000001469430108
6000000001469733136
6000000001472398410
6000000001472560078
6000000001472945371
6000000001475110150
6000000001477206244
6000000001481176044
6000000001497939588
6000000001498067887
6000000001500369237
6000000001500709379
6000000001500722027
6000000001500722044
6000000001500722052
6000000001500722060
6000000001500722077
6000000001500738170
6000000001500738344
6000000001500750015
6000000001500750045
6000000001500750069
6000000001500750079
6000000001500775577
6000000001500784903
6000000001500784911
6000000001500784927
6000000001500784943
6000000001500794031
6000000001500799568
6000000001500799607
6000000001500799640
6000000001500799673
6000000001500799690
6000000001500799696
6000000001500799709
6000000001500799742
6000000001500799766
6000000001500799818
6000000001500799836
6000000001500799844
6000000001500799873
6000000001500799902
6000000001500799912
6000000001500803503
6000000001500803511
6000000001500803527
6000000001500803536
6000000001500803587
6000000001500803593
6000000001500803649
6000000001500803697
6000000001500803731
6000000001500806649
6000000001500806833
6000000001500806873
6000000001500807165
6000000001500807384
6000000001500807391
6000000001500807398
6000000001500807407
6000000001500807415
6000000001500807494
6000000001500807531
6000000001500807563
6000000001500807571
6000000001500807609
6000000001500807745
6000000001500807761
6000000001500807786
6000000001500813261
6000000001500813360
6000000001500813366
6000000001500813500
6000000001500813836
6000000001500817096
6000000001500817215
6000000001500817346
6000000001500817358
6000000001500817364
6000000001500817384
6000000001500817392
6000000001500817441
6000000001500817472
6000000001500817488
6000000001500820205
6000000001500820357
6000000001500820366
6000000001500820432
6000000001500820938
6000000001500820995
6000000001500824212
6000000001500824345
6000000001500824361
6000000001500824605
6000000001500824613
6000000001500828016
6000000001500828030
6000000001500828037
6000000001500828764
6000000001500832030
6000000001500832315
6000000001500832520
6000000001500832969
6000000001500835390
6000000001500835821
6000000001500841088
6000000001500842000
6000000001500847472
6000000001500847862
6000000001500850848
6000000001500854028
6000000001500854376
6000000001500854394
6000000001500854419
6000000001500866576
6000000001500870186
6000000001500872245
6000000001500872352
6000000001500872832
6000000001500872848
6000000001500872856
6000000001500881725
6000000001500884462
6000000001500886177
6000000001500886194
6000000001500886224
6000000001500886349
6000000001500890965
6000000001500893373
6000000001500907100
6000000001500907600
6000000001500907607
6000000001500911205
6000000001500916576
6000000001500916764
6000000001500916916
6000000001500928203
6000000001500928259
6000000001500928296
6000000001500928519
6000000001500928754
6000000001500928874
6000000001500929000
6000000001500929374
6000000001500933126
6000000001500933553
6000000001500947329
6000000001500947385
6000000001500947879
6000000001500951460
6000000001500958352
6000000001500958358
6000000001500958995
6000000001500964003
6000000001500964116
6000000001500964164
6000000001500964189
6000000001500971114
6000000001500971844
6000000001500971945
6000000001500981235
6000000001500981366
6000000001500981514
6000000001500984349
6000000001500984587
6000000001500989071
6000000001500992057
6000000001500992091
6000000001500992534
6000000001500996052
6000000001501000003
6000000001501000813
6000000001501010534
6000000001501020568
6000000001501026484
6000000001501026778
6000000001501029955
6000000001501032093
6000000001501032222
6000000001501032228
6000000001501038027
6000000001501038846
6000000001501038907
6000000001501047029
6000000001501047102
6000000001501047118
6000000001501047159
6000000001501052357
6000000001501057010
6000000001501057062
6000000001501057101
6000000001501057114
6000000001501057280
6000000001501062059
6000000001501062089
6000000001501062796
6000000001501062917
6000000001501065025
6000000001501065106
6000000001501065423
6000000001501065522
6000000001501069255
6000000001501073741
6000000001503816068
6000000001503906263
6000000001503924269
6000000001503924275
6000000001503934547
6000000001504965624
6000000001504979129
6000000001504983220
6000000001504983759
6000000001504987119
6000000001507718842
6000000001507725897
6000000001507833591
6000000001507917614
6000000001507997353
6000000001508018503
6000000001510611291
6000000001510650092
6000000001512248288
6000000001514999918
6000000001514999942
6000000001516179600
6000000001517866371
6000000001519026227
6000000001522835393
6000000001526952099
6000000001527833425
6000000001529617385
6000000001529617955
6000000001531200843
6000000001531200878
6000000001531202412
6000000001531202421
6000000001531202519
6000000001531202546
6000000001531202635
6000000001531202644
6000000001531205518
6000000001531309598
6000000001531309686
6000000001531309883
6000000001531309932
6000000001531309940
6000000001531309949
6000000001531309981
6000000001531314034
6000000001531323155
6000000001539054855
6000000001539115622
6000000001539624721
6000000001539813637
6000000001540242114
6000000001542433894
6000000001542433907
6000000001542433942
6000000001542435104
6000000001542794873
6000000001542889122
6000000001544414723
6000000001544431739
6000000001544446082
6000000001544446481
6000000001544453863
6000000001544473926
6000000001544486289
6000000001544486768
6000000001544491104
6000000001544491726
6000000001544502336
6000000001544505169
6000000001544517055
6000000001544554402
6000000001544566618
6000000001544577533
6000000001544578967
6000000001544590571
6000000001544596977
6000000001544600421
6000000001544606222
6000000001544623612
6000000001549430491
6000000001551112652
6000000001552666115
6000000001553720851
6000000001553720859
6000000001553724253
6000000001553724289
6000000001553724296
6000000001553724345
6000000001553724530
6000000001553724537
6000000001553730019
6000000001553730544
6000000001553730666
6000000001553800399
6000000001563248087
6000000001563258822
6000000001563293216
6000000001563350697
6000000001563350714
6000000001565704443
6000000001578856844
6000000001578912888
6000000001578953401
6000000001586559347
6000000001587193265
6000000001587258621
6000000001587410946
6000000001587472044
6000000001588362960
6000000001588363339
6000000001588363511
6000000001588372513
6000000001588386554
6000000001588388449
6000000001588414303
6000000001588423802
6000000001588440396
6000000001588444082
6000000001588452922
6000000001588461811
6000000001588464379
6000000001588479580
6000000001588479640
6000000001588517287
6000000001588526876
6000000001588537217
6000000001588539263
6000000001588548186
6000000001588553706
6000000001588553797
6000000001588558027
6000000001588558532
6000000001593637951
6000000001593928046
6000000001593947330
6000000001593972605
6000000001593991258
6000000001594051535
6000000001594086076
6000000001594962115
6000000001595814236
6000000001598971185
6000000001599490659
6000000001599527098
6000000001599696823
6000000001599855039
6000000001599858347
6000000001599919033
6000000001600060051
6000000001608531050
6000000001608587249
6000000001608642212
6000000001608644210
6000000001610389741
6000000001610448055
6000000001612365083
6000000001623717001
6000000001624977289
6000000001625377656
6000000001625543412
6000000001631291699
6000000001634658251
6000000001634840301
6000000001634975055
6000000001636325877
6000000001636386225
6000000001643397812
6000000001645583663
6000000001651629109
6000000001655916144
6000000001655916762
6000000001655918039
6000000001655922838
6000000001655927866
6000000001655934229
6000000001655934611
6000000001655942715
6000000001655942739
6000000001655948982
6000000001655951155
6000000001655951377
6000000001655951497
6000000001655957584
6000000001655964160
6000000001655964251
6000000001655964992
6000000001655967018
6000000001655967632
6000000001655972366
6000000001656751001
6000000001656780682
6000000001656803861
6000000001656863372
6000000001660241143
6000000001660299428
6000000001660299518
6000000001660299537
6000000001660299923
6000000001660301978
6000000001662182551
6000000001662198283
6000000001662487401
6000000001662491345
6000000001662496354
6000000001662500394
6000000001662590723
6000000001662634010
6000000001662651231
6000000001669615758
6000000001669618957
6000000001669620081
6000000001669620130
6000000001669620409
6000000001669640393
6000000001669640401
6000000001669640454
6000000001669640549
6000000001669640632
6000000001669649063
6000000001669649691
6000000001669649864
6000000001669654269
6000000001669654419
6000000001669654764
6000000001669654771
6000000001669654777
6000000001669658069
6000000001669658581
6000000001669660462
6000000001669660492
6000000001669660515
6000000001669660583
6000000001669660591
6000000001669660660
6000000001669662405
6000000001669662426
6000000001669662786
6000000001669662792
6000000001669662856
6000000001672679357
6000000001676826482
6000000001676833434
6000000001676887270
6000000001676897215
6000000001676914057
6000000001688156023
6000000001690758707
6000000001699415751
6000000001699415807
6000000001699447820
6000000001699450239
6000000001699478771
6000000001699478779
6000000001699478785
6000000001699478791
6000000001699478833
6000000001699478840
6000000001699478852
6000000001699485107
6000000001699485318
6000000001699485324
6000000001699485355
6000000001699485361
6000000001699485385
6000000001699485966
6000000001699485992
6000000001699492817
6000000001703184496
6000000001704006610
6000000001710646607
6000000001710651465
6000000001710681746
6000000001710796162
6000000001710911002
6000000001710912835
6000000001711091993
6000000001712703292
6000000001713118232
6000000001713315788
6000000001713373574
6000000001716865064
6000000001722690298
6000000001725833217
6000000001728253352
6000000001728253416
6000000001728253423
6000000001728253430
6000000001728253536
6000000001728253548
6000000001728253789
6000000001728253811
6000000001728253817
6000000001728253903
6000000001728253915
6000000001728257391
6000000001728257521
6000000001728257527
6000000001728257533
6000000001728257703
6000000001728257709
6000000001728257715
6000000001728257721
6000000001728257958
6000000001728257983
6000000001728264043
6000000001730326079
6000000001732072216
6000000001732102196
6000000001734411153
6000000001736399824
6000000001736464155
6000000001737670342
6000000001744804830
6000000001744806176
6000000001744806659
6000000001744810203
6000000001744815012
6000000001744815307
6000000001744821523
6000000001744821945
6000000001744822344
6000000001744822410
6000000001744822462
6000000001744822677
6000000001744825392
6000000001744830823
6000000001744835014
6000000001744835621
6000000001744835639
6000000001744835871
6000000001744837661
6000000001744837976
6000000001744842862
6000000001744843694
6000000001744846220
6000000001744846335
6000000001744855616
6000000001744855708
6000000001744855744
6000000001744855801
6000000001744855935
6000000001744858581
6000000001744861180
6000000001744861722
6000000001744871132
6000000001744871682
6000000001744871718
6000000001744871756
6000000001744871859
6000000001744871876
6000000001744871992
6000000001744873862
6000000001744877108
6000000001744877320
6000000001744877429
6000000001744877442
6000000001744877462
6000000001744877478
6000000001744877823
6000000001744877840
6000000001744880606
6000000001744886712
6000000001744889453
6000000001744889539
6000000001744889855
6000000001744891286
6000000001744894808
6000000001744898194
6000000001744898212
6000000001744898359
6000000001744898533
6000000001744902183
6000000001744902391
6000000001744902441
6000000001744902450
6000000001744902477
6000000001744902607
6000000001744908320
6000000001744915229
6000000001744915539
6000000001744974942
6000000001744977554
6000000001744991050
6000000001744991259
6000000001744991593
6000000001745009000
6000000001745028273
6000000001745028728
6000000001745028784
6000000001745028799
6000000001745033051
6000000001745033064
6000000001745033167
6000000001745033284
6000000001745033558
6000000001745033813
6000000001745038010
6000000001745038086
6000000001745038142
6000000001745038434
6000000001745038590
6000000001745043247
6000000001745048340
6000000001745058195
6000000001745058525
6000000001745096693
6000000001745096712
6000000001745103321
6000000001745348629
6000000001748609379
6000000001748671490
6000000001749021761
6000000001749069257
6000000001756108202
6000000001758859465
6000000001758878122
6000000001758878129
6000000001758946015
6000000001758946021
6000000001758946045
6000000001758949464
6000000001759012764
6000000001759017182
6000000001759046627
6000000001761108729
6000000001764155776
6000000001764314227
6000000001764345109
6000000001764376126
6000000001764427029
6000000001765099723
6000000001765135665
6000000001765191417
6000000001765664346
6000000001765726557
6000000001777750342
6000000001777917985
6000000001783180514
6000000001783181304
6000000001783271719
6000000001783287863
6000000001783502141
6000000001783502550
6000000001784668083
6000000001784668343
6000000001784670612
6000000001784719920
6000000001784844760
6000000001788400575
6000000001788400583
6000000001788400591
6000000001788400599
6000000001788400607
6000000001788646541
6000000001788685327
6000000001788730210
6000000001788730220
6000000001788730238
6000000001788730248
6000000001788730256
6000000001788730264
6000000001788730272
6000000001788730279
6000000001788730286
6000000001788730293
6000000001788730300
6000000001788730307
6000000001788730314
6000000001788730322
6000000001788730329
6000000001788730337
6000000001788730345
6000000001788760248
6000000001788760264
6000000001788760272
6000000001789016029
6000000001789016114
6000000001789016245
6000000001789016287
6000000001789022853
6000000001789100432
6000000001789100447
6000000001789100454
6000000001789100461
6000000001789100468
6000000001789100475
6000000001789100482
6000000001789100489
6000000001795295167
6000000001795343671
6000000001799294004
6000000001818477766
6000000001818496744
6000000001818588423
6000000001818628579
6000000001818640191
6000000001818650117
6000000001818652073
6000000001818683085
6000000001818689001
6000000001821102369
6000000001821187530
6000000001827562083
6000000001827562107
6000000001827562115
6000000001827575240
6000000001828950711
6000000001842551452
6000000001845187870
6000000001853067648
6000000001853082834
6000000001853264312
6000000001853280901
6000000001853287157
6000000001853287187
6000000001853297050
6000000001853304071
6000000001853344616
6000000001853412329
6000000001853420407
6000000001853424425
6000000001853441330
6000000001853514274
6000000001853525113
6000000001857158574
6000000001857213599
6000000001857216399
6000000001857216438
6000000001857216902
6000000001857238549
6000000001857272304
6000000001857273105
6000000001857283206
6000000001857286699
6000000001857286849
6000000001857286941
6000000001857292769
6000000001857312797
6000000001857318499
6000000001857362238
6000000001857363191
6000000001857365079
6000000001857381263
6000000001857410033
6000000001857418004
6000000001857434121
6000000001859508192
6000000001864316890
6000000001864317742
6000000001864335110
6000000001864335124
6000000001864340286
6000000001864340363
6000000001864340369
6000000001864350166
6000000001864350178
6000000001864350618
6000000001864350625
6000000001864350632
6000000001864350639
6000000001864350664
6000000001864350670
6000000001864350677
6000000001864350734
6000000001864350849
6000000001864350862
6000000001864353008
6000000001864353134
6000000001864353189
6000000001864353207
6000000001864353226
6000000001864353277
6000000001864353301
6000000001864353307
6000000001864353319
6000000001864353361
6000000001864353367
6000000001864353385
6000000001864353406
6000000001864356234
6000000001864356240
6000000001864356379
6000000001864356409
6000000001864356415
6000000001864356498
6000000001864356504
6000000001864356511
6000000001864356517
6000000001864356524
6000000001864356537
6000000001864356544
6000000001864356551
6000000001864356564
6000000001864356626
6000000001864356633
6000000001864356752
6000000001864356758
6000000001864356770
6000000001864356776
6000000001864370036
6000000001864370043
6000000001864370050
6000000001864370138
6000000001864370144
6000000001864370163
6000000001864370175
6000000001864370182
6000000001864370392
6000000001864370436
6000000001864370548
6000000001864370560
6000000001864370566
6000000001864370578
6000000001864370584
6000000001864370598
6000000001864370725
6000000001864370767
6000000001864370818
6000000001864373484
6000000001864373491
6000000001864373498
6000000001864373505
6000000001864373629
6000000001864373635
6000000001864373690
6000000001864373732
6000000001864373744
6000000001867425629
6000000001868498051
6000000001868695040
6000000001876217249
6000000001877747213
6000000001891813980
6000000001892023859
6000000001892025404
6000000001892137550
6000000001893569835
6000000001893608603
6000000001893799145
6000000001896459321
6000000001896512676
6000000001903392183
6000000001903931655
6000000001909464738
6000000001912801629
6000000001921445859
6000000001926350117
6000000001926362168
6000000001926362305
6000000001926363037
6000000001926373746
6000000001926377257
6000000001926381051
6000000001926388187
6000000001926388200
6000000001926388346
6000000001926388410
6000000001926390218
6000000001926390513
6000000001926390797
6000000001926396261
6000000001930216548
6000000001934674984
6000000001935232199
6000000001935232668
6000000001935440284
6000000001935619159
6000000001946405222
6000000001950745513
6000000001950907250
6000000001951027816
6000000001955768296
6000000001957244951
6000000001957244975
6000000001957248250
6000000001958097316
6000000001966007997
6000000001966042098
6000000001967665319
6000000001971604121
6000000001974571813
6000000001976884495
6000000001976895401
6000000001980621449
6000000001982191351
6000000001982191368
6000000001983276400
6000000001992119771
6000000001992123062
6000000001992125390
6000000001992125969
6000000001992127060
6000000001992127988
6000000001992130079
6000000001992130724
6000000001992174869
6000000001994565687
6000000001994779327
6000000002005795572
6000000002005852025
6000000002005880537
6000000002005898591
6000000002005937389
6000000002006128806
6000000002006128816
6000000002006130483
6000000002006137280
6000000002006154433
6000000002006214596
6000000002006413825
6000000002006462248
6000000002006507112
6000000002007031134
6000000002008021582
6000000002008024030
6000000002008024520
6000000002008032829
6000000002009941770
6000000002010067545
6000000002010133365
6000000002011013782
6000000002019568829
6000000002022153112
6000000002022187011
6000000002022514035
6000000002032473749
6000000002032814812
6000000002032827834
6000000002041979038
6000000002041979157
6000000002041979346
6000000002041979470
6000000002042605213
6000000002043178059
6000000002043178550
6000000002043178578
6000000002043178604
6000000002043182579
6000000002043184119
6000000002043184330
6000000002043184703
6000000002043186152
6000000002043186310
6000000002043186317
6000000002043186380
6000000002043186469
6000000002043186737
6000000002043186800
6000000002043192045
6000000002043192150
6000000002043192158
6000000002043192166
6000000002043192241
6000000002043192249
6000000002043192285
6000000002043192318
6000000002043192326
6000000002043192638
6000000002043192718
6000000002043192961
6000000002043193415
6000000002043193973
6000000002043195252
6000000002043195284
6000000002043195323
6000000002043195442
6000000002043195487
6000000002043195793
6000000002043195811
6000000002043195829
6000000002043195964
6000000002043201116
6000000002043201684
6000000002043201878
6000000002043201894
6000000002043204044
6000000002043204073
6000000002043204079
6000000002043204087
6000000002043204130
6000000002043204311
6000000002043204377
6000000002043204486
6000000002043204669
6000000002043204677
6000000002043208413
6000000002043208882
6000000002043208890
6000000002043208922
6000000002043208930
6000000002043208938
6000000002043208985
6000000002043208992
6000000002043214100
6000000002043214524
6000000002043214614
6000000002043214660
6000000002043214699
6000000002043214910
6000000002043219667
6000000002043219697
6000000002043219896
6000000002043225106
6000000002043232362
6000000002043232424
6000000002043232432
6000000002043232480
6000000002043232552
6000000002043241697
6000000002043246196
6000000002043258261
6000000002043258285
6000000002043258381
6000000002043258387
6000000002043258537
6000000002043258741
6000000002043258825
6000000002043258831
6000000002043260221
6000000002043260623
6000000002043260887
6000000002043263103
6000000002043263223
6000000002043263403
6000000002043263445
6000000002043263529
6000000002043263697
6000000002043263901
6000000002044567415
6000000002048439278
6000000002060345557
6000000002060440407
6000000002060669348
6000000002060768421
6000000002061633624
6000000002061639741
6000000002063250998
6000000002067057748
6000000002067170181
6000000002070175346
6000000002070203177
6000000002071341413
6000000002080654919
6000000002080947954
6000000002082113861
6000000002084307643
6000000002097267521
6000000002097389858
6000000002100456773
6000000002104256095
6000000002106021492
6000000002106194792
6000000002106275821
6000000002109219083
6000000002116320466
6000000002119029860
6000000002119173118
6000000002119248024
6000000002121971556
6000000002122855531
6000000002123050763
6000000002123075677
6000000002123129520
6000000002129559199
6000000002129664435
6000000002129703532
6000000002129983335
6000000002131803922
6000000002132197672
6000000002134224443
6000000002134695206
6000000002134737791
6000000002134762341
6000000002134762390
6000000002134845934
6000000002134850430
6000000002134933722
6000000002134952259
6000000002135079868
6000000002135149848
6000000002135149996
6000000002135173282
6000000002135181390
6000000002135188321
6000000002135194540
6000000002135367903
6000000002141526577
6000000002141552561
6000000002141571449
6000000002141637159
6000000002141639343
6000000002142035742
6000000002142070034
6000000002142178772
6000000002142188519
6000000002142247689
6000000002142248176
6000000002142373595
6000000002152926811
6000000002154297114
6000000002161894090
6000000002166216453
6000000002166216577
6000000002172384621
6000000002172441049
6000000002172770826
6000000002172773641
6000000002172825668
6000000002172825674
6000000002172825882
6000000002172871855
6000000002172871874
6000000002172889611
6000000002172915806
6000000002172923759
6000000002173003569
6000000002173003685
6000000002174132466
6000000002174221414
6000000002174688278
6000000002176654174
6000000002176661683
6000000002176661888
6000000002176664000
6000000002183983282
6000000002185987452
6000000002186000055
6000000002186000070
6000000002187567877
6000000002187567896
6000000002187567943
6000000002187567977
6000000002187570152
6000000002187570336
6000000002187580665
6000000002187580673
6000000002187580684
6000000002187580716
6000000002187580727
6000000002187580735
6000000002187580992
6000000002187582156
6000000002187582696
6000000002187582929
6000000002187588281
6000000002187588314
6000000002187588344
6000000002187588671
6000000002187588706
6000000002187596688
6000000002187597092
6000000002187597106
6000000002187597122
6000000002187597138
6000000002187597295
6000000002187597333
6000000002187600333
6000000002187600466
6000000002187600708
6000000002187600716
6000000002187613904
6000000002187613924
6000000002187613932
6000000002187613948
6000000002187613956
6000000002187614028
6000000002187614055
6000000002187614073
6000000002187614287
6000000002187614336
6000000002187614511
6000000002187614571
6000000002187614598
6000000002187614616
6000000002187614640
6000000002187617530
6000000002187617608
6000000002187622153
6000000002187622161
6000000002187622252
6000000002187622479
6000000002187622519
6000000002187622928
6000000002187624247
6000000002187624295
6000000002187624818
6000000002187624890
6000000002187624897
6000000002187624914
6000000002187624929
6000000002187624947
6000000002187631028
6000000002187631036
6000000002187631059
6000000002187631067
6000000002187631090
6000000002187631105
6000000002187631121
6000000002187631129
6000000002187631136
6000000002187631144
6000000002187639067
6000000002187645132
6000000002187645700
6000000002187645865
6000000002187651481
6000000002187651602
6000000002187651717
6000000002187651732
6000000002187651739
6000000002187651747
6000000002187651818
6000000002187651872
6000000002187651950
6000000002187651984
6000000002187656156
6000000002187656452
6000000002187684147
6000000002187684559
6000000002187684590
6000000002187684606
6000000002187684775
6000000002187684923
6000000002187690247
6000000002187696186
6000000002187696194
6000000002187696499
6000000002187696507
6000000002187699043
6000000002187700303
6000000002187700313
6000000002187700366
6000000002187700669
6000000002187700696
6000000002187705541
6000000002187705560
6000000002187705592
6000000002187705611
6000000002187718673
6000000002187721530
6000000002187721757
6000000002187723026
6000000002187723086
6000000002187723102
6000000002187723148
6000000002187723203
6000000002187723219
6000000002187723243
6000000002187723256
6000000002187723292
6000000002187723324
6000000002187723758
6000000002187723822
6000000002187723831
6000000002187734483
6000000002187742159
6000000002187746905
6000000002187746913
6000000002187747454
6000000002187750791
6000000002187757413
6000000002187757944
6000000002187763253
6000000002187764877
6000000002187768221
6000000002187796082
6000000002187796666
6000000002187796704
6000000002187796770
6000000002187796778
6000000002187796802
6000000002187796818
6000000002187798266
6000000002187798551
6000000002187805203
6000000002187805531
6000000002187812629
6000000002187812637
6000000002187812645
6000000002187814112
6000000002187814242
6000000002187814471
6000000002187814689
6000000002187814722
6000000002187814730
6000000002187814738
6000000002187814955
6000000002187818042
6000000002187818133
6000000002187818674
6000000002187820269
6000000002187821018
6000000002187821213
6000000002187821362
6000000002187821414
6000000002187821458
6000000002187821508
6000000002187821519
6000000002187821530
6000000002187821537
6000000002187823050
6000000002187823083
6000000002187823149
6000000002187823175
6000000002187823183
6000000002187823190
6000000002187823368
6000000002187823382
6000000002187823743
6000000002187823791
6000000002187823799
6000000002187823837
6000000002187823845
6000000002187823867
6000000002187823875
6000000002187823883
6000000002187823891
6000000002187823898
6000000002187823906
6000000002187823913
6000000002187823921
6000000002187823929
6000000002187825122
6000000002187825221
6000000002187825229
6000000002187825237
6000000002187825867
6000000002187825996
6000000002187826041
6000000002187826230
6000000002187826245
6000000002187826253
6000000002187826260
6000000002187826290
6000000002187826932
6000000002187828032
6000000002187828062
6000000002187828621
6000000002187828634
6000000002187828679
6000000002187828702
6000000002187828833
6000000002187829749
6000000002187834025
6000000002187834061
6000000002187834150
6000000002187834415
6000000002187834708
6000000002187834771
6000000002187834793
6000000002187834912
6000000002187837090
6000000002187837098
6000000002187837113
6000000002187837165
6000000002187837317
6000000002187837353
6000000002187837360
6000000002187837432
6000000002187837512
6000000002187837607
6000000002187837668
6000000002187837843
6000000002187837960
6000000002187840447
6000000002187840489
6000000002187845082
6000000002187845246
6000000002187845278
6000000002187845293
6000000002187845813
6000000002187851230
6000000002187851473
6000000002187851484
6000000002187855061
6000000002187855131
6000000002187855139
6000000002187855362
6000000002187855392
6000000002187855797
6000000002187857272
6000000002187857364
6000000002187857372
6000000002187857379
6000000002187857591
6000000002187857840
6000000002187857855
6000000002187857902
6000000002187858000
6000000002187876133
6000000002187876141
6000000002187876149
6000000002187876157
6000000002187876441
6000000002187876456
6000000002187876471
6000000002187876939
6000000002187881612
6000000002187881620
6000000002187881702
6000000002187881710
6000000002187881724
6000000002187881732
6000000002187881843
6000000002187881865
6000000002187881873
6000000002187881968
6000000002187881997
6000000002187887019
6000000002187887553
6000000002187887953
6000000002187887986
6000000002187888225
6000000002187888319
6000000002187888470
6000000002187891981
6000000002187893033
6000000002187893088
6000000002187893099
6000000002187893140
6000000002187893147
6000000002187893183
6000000002187903890
6000000002187905841
6000000002187911224
6000000002187911561
6000000002187911610
6000000002187911647
6000000002187913405
6000000002187913661
6000000002187914912
6000000002187918913
6000000002187920019
6000000002187920079
6000000002187920094
6000000002187920192
6000000002187927465
6000000002187927896
6000000002187931479
6000000002187947278
6000000002187947312
6000000002187947382
6000000002187947405
6000000002187947510
6000000002187947526
6000000002187947771
6000000002187947818
6000000002187951220
6000000002187951284
6000000002187951302
6000000002187951309
6000000002187951332
6000000002187951903
6000000002187951958
6000000002187952243
6000000002187952251
6000000002187952259
6000000002187952267
6000000002187952349
6000000002187952357
6000000002187952365
6000000002187952380
6000000002187952735
6000000002187952742
6000000002187952983
6000000002187952991
6000000002187974653
6000000002187974661
6000000002187978444
6000000002187978452
6000000002187982523
6000000002187982538
6000000002187982545
6000000002187982553
6000000002187982569
6000000002187988126
6000000002187988139
6000000002187988147
6000000002187988181
6000000002187988186
6000000002187988220
6000000002187988237
6000000002187988243
6000000002187988258
6000000002187988266
6000000002187988272
6000000002187988280
6000000002187988287
6000000002187988295
6000000002187988322
6000000002187988340
6000000002187988353
6000000002187988392
6000000002187988408
6000000002187988416
6000000002187988424
6000000002187988429
6000000002188001629
6000000002188002211
6000000002188002226
6000000002188002234
6000000002188002241
6000000002188002256
6000000002188002576
6000000002188002590
6000000002188002606
6000000002188002842
6000000002188002894
6000000002188002918
6000000002188002948
6000000002188005065
6000000002188005106
6000000002188005576
6000000002188005584
6000000002188005800
6000000002188005833
6000000002188005849
6000000002188005864
6000000002188005888
6000000002188008020
6000000002188008028
6000000002188008632
6000000002188017157
6000000002188017479
6000000002188018778
6000000002188018862
6000000002188021178
6000000002188021209
6000000002188021217
6000000002188021222
6000000002188021230
6000000002188021546
6000000002188026158
6000000002188026402
6000000002188026644
6000000002188035661
6000000002188035950
6000000002188050174
6000000002188050196
6000000002188050222
6000000002188059935
6000000002188062164
6000000002188089376
6000000002188089383
6000000002188089628
6000000002188097952
6000000002188097960
6000000002188097967
6000000002188097975
6000000002188097982
6000000002188097990
6000000002188099018
6000000002188099034
6000000002188099088
6000000002188099096
6000000002188099103
6000000002188099860
6000000002188099881
6000000002188099903
6000000002188099945
6000000002188101188
6000000002188101206
6000000002188101235
6000000002188101243
6000000002188101257
6000000002188101265
6000000002188101273
6000000002188101280
6000000002188101295
6000000002188101302
6000000002188101355
6000000002188101385
6000000002188101400
6000000002188101407
6000000002188101415
6000000002188101423
6000000002188101438
6000000002188101453
6000000002188101468
6000000002188104337
6000000002188104375
6000000002188104390
6000000002188108981
6000000002188108988
6000000002188110002
6000000002188110554
6000000002188110606
6000000002188110824
6000000002188113678
6000000002188113878
6000000002188118088
6000000002188118147
6000000002188118211
6000000002188118233
6000000002188140029
6000000002188140044
6000000002188140311
6000000002188140346
6000000002188140552
6000000002188140599
6000000002188140606
6000000002188140614
6000000002188140876
6000000002188140884
6000000002188140891
6000000002188140900
6000000002188144141
6000000002188144190
6000000002188144198
6000000002188144320
6000000002188144328
6000000002188144335
6000000002188144343
6000000002188144454
6000000002188144504
6000000002188144512
6000000002188144604
6000000002188144615
6000000002188144705
6000000002188144713
6000000002188149612
6000000002188149991
6000000002188162005
6000000002188162013
6000000002188162344
6000000002188162507
6000000002188162559
6000000002188162687
6000000002188166366
6000000002188170971
6000000002188179809
6000000002188179817
6000000002188179833
6000000002188182390
6000000002188261550
6000000002188261579
6000000002188261587
6000000002188261594
6000000002188261607
6000000002188261622
6000000002188261630
6000000002188271098
6000000002188271124
6000000002188271139
6000000002188271163
6000000002188271200
6000000002188271240
6000000002188271272
6000000002188271278
6000000002188271394
6000000002188271621
6000000002188271662
6000000002188271670
6000000002188271678
6000000002188271686
6000000002188289492
6000000002188289500
6000000002188289560
6000000002188289620
6000000002188289643
6000000002188289659
6000000002188289908
6000000002188290043
6000000002188290072
6000000002188290079
6000000002188290103
6000000002188290118
6000000002188290134
6000000002188290147
6000000002188290160
6000000002188290188
6000000002188290199
6000000002188290213
6000000002188290297
6000000002188290310
6000000002188290318
6000000002188290339
6000000002188290347
6000000002188290358
6000000002188290366
6000000002188292350
6000000002188294092
6000000002188294102
6000000002188294145
6000000002188294161
6000000002188294172
6000000002188294179
6000000002188294190
6000000002188294196
6000000002188294202
6000000002188294210
6000000002188294327
6000000002188294335
6000000002188294388
6000000002188294449
6000000002188294464
6000000002188294479
6000000002188294494
6000000002188294509
6000000002188294524
6000000002188294539
6000000002188294546
6000000002188294554
6000000002188294569
6000000002188294584
6000000002188294591
6000000002188294599
6000000002188294614
6000000002188294629
6000000002188294637
6000000002188294645
6000000002188294661
6000000002188294668
6000000002188294676
6000000002188294681
6000000002188294689
6000000002188294711
6000000002188294719
6000000002188294726
6000000002188294734
6000000002188294742
6000000002188294749
6000000002188294757
6000000002188294764
6000000002188294772
6000000002188294779
6000000002188294787
6000000002188294794
6000000002188294802
6000000002188294809
6000000002188294817
6000000002188294832
6000000002188294847
6000000002188294854
6000000002188294862
6000000002188294869
6000000002188294877
6000000002188294884
6000000002188294892
6000000002188294899
6000000002188294907
6000000002188294914
6000000002188294922
6000000002188294929
6000000002188294937
6000000002188294944
6000000002188294952
6000000002188294967
6000000002188294978
6000000002188294986
6000000002188303650
6000000002188304126
6000000002188304134
6000000002188304160
6000000002188304178
6000000002188304379
6000000002188305555
6000000002188305594
6000000002188305864
6000000002188305869
6000000002188305881
6000000002188305905
6000000002188305988
6000000002188305995
6000000002188307136
6000000002188307143
6000000002188307441
6000000002188314974
6000000002188320107
6000000002188320215
6000000002188320547
6000000002188320775
6000000002188320782
6000000002188320844
6000000002188320972
6000000002188327094
6000000002188327119
6000000002188327126
6000000002188327139
6000000002188327899
6000000002188329376
6000000002188329388
6000000002188334818
6000000002188364514
6000000002188364585
6000000002188364675
6000000002188376664
6000000002188383292
6000000002188383463
6000000002188389387
6000000002188389661
6000000002188395192
6000000002188395775
6000000002188395831
6000000002188409438
6000000002188409864
6000000002188412119
6000000002188461038
6000000002188461055
6000000002188461060
6000000002188461076
6000000002188508805
6000000002188526082
6000000002188546075
6000000002188546152
6000000002188546196
6000000002188548790
6000000002188556750
6000000002188559212
6000000002188559778
6000000002188559898
6000000002188569518
6000000002188569685
6000000002188578334
6000000002188578431
6000000002188579198
6000000002188623103
6000000002188640497
6000000002188640585
6000000002188640614
6000000002188640620
6000000002188640658
6000000002188640778
6000000002188644132
6000000002188644140
6000000002188644148
6000000002188644185
6000000002188644414
6000000002188644455
6000000002188644470
6000000002188644483
6000000002188644498
6000000002188644580
6000000002188644668
6000000002188644758
6000000002188651689
6000000002188658436
6000000002188678243
6000000002188684575
6000000002188689053
6000000002189062356
6000000002195014829
6000000002196135874
6000000002196721057
6000000002197369635
6000000002197609159
6000000002197782815
6000000002197813080
6000000002198200607
6000000002198257381
6000000002198362511
6000000002198384724
6000000002198387189
6000000002198392157
6000000002198392736
6000000002198398242
6000000002198398249
6000000002198400507
6000000002198421001
6000000002198739364
6000000002198790315
6000000002198946285
6000000002200709001
6000000002204090596
6000000002204465217
6000000002205613665
6000000002210797621
6000000002212152431
6000000002212535092
6000000002213340177
6000000002214101629
6000000002214355256
6000000002214462518
6000000002214625732
6000000002215326285
6000000002215910533
6000000002215910870
6000000002215910883
6000000002215910894
6000000002215910910
6000000002215910917
6000000002215910927
6000000002215910937
6000000002215910948
6000000002215910959
6000000002215910966
6000000002215910975
6000000002215910995
6000000002215913002
6000000002215913013
6000000002215913023
6000000002215913032
6000000002215913042
6000000002215913058
6000000002215913066
6000000002215956646
6000000002215956655
6000000002215956677
6000000002215956694
6000000002215956699
6000000002215970953
6000000002215972859
6000000002215972891
6000000002215984239
6000000002215984246
6000000002215984253
6000000002215984274
6000000002215991537
6000000002215991570
6000000002215991575
6000000002215991580
6000000002215991586
6000000002215991591
6000000002216670765
6000000002224010720
6000000002224166476
6000000002224215278
6000000002224347508
6000000002224457876
6000000002231018223
6000000002231122138
6000000002231130109
6000000002235165607
6000000002236747331
6000000002236872569
6000000002237097312
6000000002238577722
6000000002240373697
6000000002240414540
6000000002240512862
6000000002240567296
6000000002240703591
6000000002240753260
6000000002240790426
6000000002240801301
6000000002240801354
6000000002240801938
6000000002240804240
6000000002240804384
6000000002240804430
6000000002240804441
6000000002240804449
6000000002240810096
6000000002241006790
6000000002241070071
6000000002244370573
6000000002244423853
6000000002245256428
6000000002245279564
6000000002245794809
6000000002246029006
6000000002247834869
6000000002250820522
6000000002253465789
6000000002254858143
6000000002265514179
6000000002266209421
6000000002266231326
6000000002266243417
6000000002267655245
6000000002267701247
6000000002274534030
6000000002274610910
6000000002274643322
6000000002274745467
6000000002275040410
6000000002275122205
6000000002275316103
6000000002275525871
6000000002277151794
6000000002277199907
6000000002277230905
6000000002278883206
6000000002280300102
6000000002287241774
6000000002287358754
6000000002287485132
6000000002288008174
6000000002290062220
6000000002290445635
6000000002290827232
6000000002290827454
6000000002290867232
6000000002290874853
6000000002290907506
6000000002294664410
6000000002294678588
6000000002294692848
6000000002294701623
6000000002294721931
6000000002294724459
6000000002294729415
6000000002294735791
6000000002303785646
6000000002304345688
6000000002304359012
6000000002304359761
6000000002304378830
6000000002304385911
6000000002311622834
6000000002313423848
6000000002313437334
6000000002313441745
6000000002313556153
6000000002314662740
6000000002315770064
6000000002315771288
6000000002315825794
6000000002315826000
6000000002317815933
6000000002318533609
6000000002320869425
6000000002322298231
6000000002322305236
6000000002322305307
6000000002322305318
6000000002325801401
6000000002325801413
6000000002325801622
6000000002325859388
6000000002326142527
6000000002326557312
6000000002335706074
6000000002336762453
6000000002336817873
6000000002347929539
6000000002350831759
6000000002351154284
6000000002351179300
6000000002354820589
6000000002361626759
6000000002361917144
6000000002361917155
6000000002361943004
6000000002361943009
6000000002361943014
6000000002361953806
6000000002361956216
6000000002361956350
6000000002361956361
6000000002361956433
6000000002361956445
6000000002361956484
6000000002361956495
6000000002361956522
6000000002363192047
6000000002364051563
6000000002364324413
6000000002364351827
6000000002364405049
6000000002364484005
6000000002364563692
6000000002364603677
6000000002364651398
6000000002372640120
6000000002372843490
6000000002374473351
6000000002377977487
6000000002384454507
6000000002389893491
6000000002390465965
6000000002394718968
6000000002394871137
6000000002394964385
6000000002400751999
6000000002400782615
6000000002400899638
6000000002401041923
6000000002401218202
6000000002409980939
6000000002410328253
6000000002410403355
6000000002411895654
6000000002411897407
6000000002411959567
6000000002411962710
6000000002411996264
6000000002412019251
6000000002412041573
6000000002412064157
6000000002412064441
6000000002412092419
6000000002412123046
6000000002412137016
6000000002413565595
6000000002413653739
6000000002413683239
6000000002413764866
6000000002413929924
6000000002413935403
6000000002414190571
6000000002415448137
6000000002419848818
6000000002426077698
6000000002430220372
6000000002430349152
6000000002433994667
6000000002434073593
6000000002434099128
6000000002434114228
6000000002434214184
6000000002441590664
6000000002441720163
6000000002441723192
6000000002442771476
6000000002444013586
6000000002444370499
6000000002444603148
6000000002447103086
6000000002447103414
6000000002447112218
6000000002447112225
6000000002447112231
6000000002447114415
6000000002447151255
6000000002447151342
6000000002447151495
6000000002447151501
6000000002447151507
6000000002447185479
6000000002447185492
6000000002447185585
6000000002447201187
6000000002447201212
6000000002447216903
6000000002447226022
6000000002447226027
6000000002447226037
6000000002447238260
6000000002447238266
6000000002447256925
6000000002447285385
6000000002451668143
6000000002451856672
6000000002451917215
6000000002452040360
6000000002452054472
6000000002452275206
6000000002452349858
6000000002452597437
6000000002452606001
6000000002453715498
6000000002455220066
6000000002457013227
6000000002459854209
6000000002459898566
6000000002459898762
6000000002459911959
6000000002459917510
6000000002459920044
6000000002459921196
6000000002459921501
6000000002459923049
6000000002461246164
6000000002462627020
6000000002463572172
6000000002463599358
6000000002466110291
6000000002469127338
6000000002474813579
6000000002481253260
6000000002481254239
6000000002482512144
6000000002482597149
6000000002482624200
6000000002482753648
6000000002483035415
6000000002483175849
6000000002483416193
6000000002483972309
6000000002484026683
6000000002484210033
6000000002484210040
6000000002486815631
6000000002486878863
6000000002486878870
6000000002486960851
6000000002487050265
6000000002487050272
6000000002487105553
6000000002487171769
6000000002487174304
6000000002487226402
6000000002487226409
6000000002487237609
6000000002487912490
6000000002487912497
6000000002491901093
6000000002502492239
6000000002512264965
6000000002512272005
6000000002512272407
6000000002512272644
6000000002512275448
6000000002512346178
6000000002512619756
6000000002516887127
6000000002516948021
6000000002517095903
6000000002517214344
6000000002517277135
6000000002517328114
6000000002517478779
6000000002517526271
6000000002517586322
6000000002517596849
6000000002517608452
6000000002517709679
6000000002517716512
6000000002517730432
6000000002517869069
6000000002517881160
6000000002524286926
6000000002527618911
6000000002527704657
6000000002527719897
6000000002527827214
6000000002527867003
6000000002531702901
6000000002531838996
6000000002531842672
6000000002531865430
6000000002531925658
6000000002532004077
6000000002537218978
6000000002543179010
6000000002543211227
6000000002543244556
6000000002543475272
6000000002543710922
6000000002543845267
6000000002544357469
6000000002553595095
6000000002553626711
6000000002553629374
6000000002553674429
6000000002553678303
6000000002553705181
6000000002553705439
6000000002553705444
6000000002555618854
6000000002566610371
6000000002567636720
6000000002567706157
6000000002573173223
6000000002573825014
6000000002574112716
6000000002574194585
6000000002576524196
6000000002576524733
6000000002576545224
6000000002576565303
6000000002576567322
6000000002576593155
6000000002576598419
6000000002576598559
6000000002576603716
6000000002576690316
6000000002576749321
6000000002576754400
6000000002576762562
6000000002576772299
6000000002576776270
6000000002576781657
6000000002576795488
6000000002577032099
6000000002577042648
6000000002577236533
6000000002578070212
6000000002578070235
6000000002578070242
6000000002580313631
6000000002580421483
6000000002580574495
6000000002580624712
6000000002598892743
6000000002603390302
6000000002603403656
6000000002603403806
6000000002603656225
6000000002603662038
6000000002603663840
6000000002606652260
6000000002609705858
6000000002609898158
6000000002612124257
6000000002613667605
6000000002614652459
6000000002615989696
6000000002615989703
6000000002634082703
6000000002634235493
6000000002634347389
6000000002634423034
6000000002638396104
6000000002638396109
6000000002638396114
6000000002638396119
6000000002638769862
6000000002638833316
6000000002638883344
6000000002638976205
6000000002639067642
6000000002639072428
6000000002639080096
6000000002639125362
6000000002639173229
6000000002639179149
6000000002639335062
6000000002644652306
6000000002649068894
6000000002649251276
6000000002652045181
6000000002658223353
6000000002665380834
6000000002665385190
6000000002665387117
6000000002665387787
6000000002665395177
6000000002665402337
6000000002665426645
6000000002665435687
6000000002665454322
6000000002665460338
6000000002666077548
6000000002667382661
6000000002667568141
6000000002675883647
6000000002675988223
6000000002683156552
6000000002683191395
6000000002684141517
6000000002684751198
6000000002690518458
6000000002691393529
6000000002698489333
6000000002702564658
6000000002702566641
6000000002702579023
6000000002702583351
6000000002702592568
6000000002702618897
6000000002702681865
6000000002702686350
6000000002710448664
6000000002713142517
6000000002714891907
6000000002715001561
6000000002715036670
6000000002715082777
6000000002715094693
6000000002715188670
6000000002715192907
6000000002717615805
6000000002717622970
6000000002717707338
6000000002717747339
6000000002717753142
6000000002717758218
6000000002717760373
6000000002717858914
6000000002719833027
6000000002724237537
6000000002724430109
6000000002725912954
6000000002725916207
6000000002734209702
6000000002734309041
6000000002734369194
6000000002738578723
6000000002738882440
6000000002748925349
6000000002749071924
6000000002749368380
6000000002749397199
6000000002750141103
6000000002750545795
6000000002760503826
6000000002760782380
6000000002760869083
6000000002763662362
6000000002764417869
6000000002764519787
6000000002764523668
6000000002764523673
6000000002764534514
6000000002764534528
6000000002764559142
6000000002764662946
6000000002764709252
6000000002764717774
6000000002764719634
6000000002764722819
6000000002764722843
6000000002764722850
6000000002764722862
6000000002764724606
6000000002764724627
6000000002764724703
6000000002764724713
6000000002764724733
6000000002764724770
6000000002764724810
6000000002764724818
6000000002764724823
6000000002764724828
6000000002764724835
6000000002764724847
6000000002764724865
6000000002764724877
6000000002764724884
6000000002764724916
6000000002764724923
6000000002764724930
6000000002764724935
6000000002764724948
6000000002764724960
6000000002764728018
6000000002764728052
6000000002764728064
6000000002764728829
6000000002764736117
6000000002764736149
6000000002764736156
6000000002764736163
6000000002764736175
6000000002764752175
6000000002764856281
6000000002764856446
6000000002764856476
6000000002764856507
6000000002764856512
6000000002764856517
6000000002764856529
6000000002764856568
6000000002764856635
6000000002764856764
6000000002764856819
6000000002764858553
6000000002764921096
6000000002764961058
6000000002764967191
6000000002764979814
6000000002764979857
6000000002765074831
6000000002765167046
6000000002765212332
6000000002765276148
6000000002765571798
6000000002765585765
6000000002765587966
6000000002766295079
6000000002766622028
6000000002766622277
6000000002774361183
6000000002775306168
6000000002784995641
6000000002788526737
6000000002788573513
6000000002788652380
6000000002788680894
6000000002788862927
6000000002791771362
6000000002792676037
6000000002795191002
6000000002795191365
6000000002798957018
6000000002802422237
6000000002802436164
6000000002802439009
6000000002802439023
6000000002802622669
6000000002802622718
6000000002802638103
6000000002802644287
6000000002802648093
6000000002802648120
6000000002802648134
6000000002802648168
6000000002802648175
6000000002802648200
6000000002802648219
6000000002802648227
6000000002802648234
6000000002802648281
6000000002802648375
6000000002802648388
6000000002802648419
6000000002802648492
6000000002802682881
6000000002802774771
6000000002802781001
6000000002802781022
6000000002802781029
6000000002802781238
6000000002802781288
6000000002802781308
6000000002802781353
6000000002803099590
6000000002803189682
6000000002819203262
6000000002819260759
6000000002820141298
6000000002823957312
6000000002824553068
6000000002827882946
6000000002828570984
6000000002828658772
6000000002833110277
6000000002833191342
6000000002835563724
6000000002836075198
6000000002836752273
6000000002836907243
6000000002837351971
6000000002837396239
6000000002837400709
6000000002837428616
6000000002837428638
6000000002837428936
6000000002837431849
6000000002837440699
6000000002837444716
6000000002837444731
6000000002837444739
6000000002837444930
6000000002837446630
6000000002837446636
6000000002837446642
6000000002837461009
6000000002837817879
6000000002837950523
6000000002838974324
6000000002850272079
6000000002857833400
6000000002858243157
6000000002858954507
6000000002859127222
6000000002859161410
6000000002859177255
6000000002859243084
6000000002860158739
6000000002861407445
6000000002868613244
6000000002869876309
6000000002872652959
6000000002876141661
6000000002876252499
6000000002876258135
6000000002876299717
6000000002876308365
6000000002876315288
6000000002876347353
6000000002876428367
6000000002876447557
6000000002876493159
6000000002876493282
6000000002876513226
6000000002877786657
6000000002879460309
6000000002881477002
6000000002882233045
6000000002888912311
6000000002889162728
6000000002889219669
6000000002889242591
6000000002889380984
6000000002889422335
6000000002889527878
6000000002889731178
6000000002889763029
6000000002889806119
6000000002889896573
6000000002890026515
6000000002893017593
6000000002893322873
6000000002893327899
6000000002893363529
6000000002894173317
6000000002899075104
6000000002899084056
6000000002903625978
6000000002903773792
6000000002904946068
6000000002905028643
6000000002905041149
6000000002905414370
6000000002906954937
6000000002908093903
6000000002908093959
6000000002908203502
6000000002908350106
6000000002908353759
6000000002908398545
6000000002908401402
6000000002908405372
6000000002908422794
6000000002908457303
6000000002908460122
6000000002908462085
6000000002908503077
6000000002908558226
6000000002909177734
6000000002909191795
6000000002909191840
6000000002916822985
6000000002916836425
6000000002916836500
6000000002919168070
6000000002921258508
6000000002921266788
6000000002921367155
6000000002931154851
6000000002931156059
6000000002936528955
6000000002936957256
6000000002938350506
6000000002938810414
6000000002941305140
6000000002941472775
6000000002941484402
6000000002941526819
6000000002941633144
6000000002946595651
6000000002946791354
6000000002947577496
6000000002957518468
6000000002958047781
6000000002967932346
6000000002968500195
6000000002968624707
6000000002968662186
6000000002968821579
6000000002969607763
6000000002969619741
6000000002969646694
6000000002969655632
6000000002969666358
6000000002969674941
6000000002969772108
6000000002976460830
6000000002977598935
6000000002978835544
6000000002979868893
6000000002979875042
6000000002979879011
6000000002979913200
6000000002979930748
6000000002979969991
6000000002980014649
6000000002980019814
6000000002980028871
6000000002980044449
6000000002980072447
6000000002980095957
6000000002980118124
6000000002980191996
6000000002980211013
6000000002993010659
6000000002993330029
6000000003000364602
6000000003000510164
6000000003008514344
6000000003008707305
6000000003013249979
6000000003013686121
6000000003015133826
6000000003016490022
6000000003024037744
6000000003024337817
6000000003024339622
6000000003024344900
6000000003024377692
6000000003024405533
6000000003024521524
6000000003024521712
6000000003024575223
6000000003024837560
6000000003024837590
6000000003026002824
6000000003026008879
6000000003026034126
6000000003026106673
6000000003026118982
6000000003026129951
6000000003026161221
6000000003026172382
6000000003026179304
6000000003026201822
6000000003026202046
6000000003026232158
6000000003026235279
6000000003026236112
6000000003026259127
6000000003036826248
6000000003036846037
6000000003036846286
6000000003036884911
6000000003041005869
6000000003041009007
6000000003041445917
6000000003041737234
6000000003041749135
6000000003041774076
6000000003041814017
6000000003042583004
6000000003042780354
6000000003042836306
6000000003043074471
6000000003043144156
6000000003049156212
6000000003051103282
6000000003051103667
6000000003051103712
6000000003051103794
6000000003051107313
6000000003051107855
6000000003051111414
6000000003051111570
6000000003051111784
6000000003051111805
6000000003051111819
6000000003051115873
6000000003051119749
6000000003051119805
6000000003051119930
6000000003051129728
6000000003051138305
6000000003051138424
6000000003051138960
6000000003051152306
6000000003051152338
6000000003051152696
6000000003051155925
6000000003051162476
6000000003051169265
6000000003051169280
6000000003051169829
6000000003051174055
6000000003051174231
6000000003051177088
6000000003051177357
6000000003051184265
6000000003051188019
6000000003051190009
6000000003051190183
6000000003051190270
6000000003051193758
6000000003051199594
6000000003051199794
6000000003051199817
6000000003051208075
6000000003051221357
6000000003051222217
6000000003051222308
6000000003051227292
6000000003051240105
6000000003051240485
6000000003051240533
6000000003051240545
6000000003051245269
6000000003051245360
6000000003051267140
6000000003051267152
6000000003051267193
6000000003051267456
6000000003051269509
6000000003051269589
6000000003051269601
6000000003051273715
6000000003051286591
6000000003051292460
6000000003051292494
6000000003051295083
6000000003051298283
6000000003051298770
6000000003051298876
6000000003051314749
6000000003051319923
6000000003051322583
6000000003051332299
6000000003051336798
6000000003056522441
6000000003060990627
6000000003061466563
6000000003061553260
6000000003062994857
6000000003073089673
6000000003076376661
6000000003077884337
6000000003078465244
6000000003078497332
6000000003078518128
6000000003079310177
6000000003079345038
6000000003079352237
6000000003086732914
6000000003086734979
6000000003086744188
6000000003086787266
6000000003086787577
6000000003086795212
6000000003086798187
6000000003086812448
6000000003086822697
6000000003086822722
6000000003086822730
6000000003086822746
6000000003086822762
6000000003086822770
6000000003086822786
6000000003086822811
6000000003086822906
6000000003086828004
6000000003086828193
6000000003086832778
6000000003086844445
6000000003086858851
6000000003086879965
6000000003086882540
6000000003086890618
6000000003086914752
6000000003086962615
6000000003086964439
6000000003086991707
6000000003087068393
6000000003087080306
6000000003087087241
6000000003087125859
6000000003087154137
6000000003087173165
6000000003087173515
6000000003093970307
6000000003094903728
6000000003097838126
6000000003097871490
6000000003097884850
6000000003097891610
6000000003097933445
6000000003098013944
6000000003098031833
6000000003098039131
6000000003098078015
6000000003098090354
6000000003098100093
6000000003098118211
6000000003098118619
6000000003098134905
6000000003098256598
6000000003101836534
6000000003111533668
6000000003111609932
6000000003111815364
6000000003112447162
6000000003112512353
6000000003112595234
6000000003112708544
6000000003112731602
6000000003112794945
6000000003113283096
6000000003113324832
6000000003117534778
6000000003120636568
6000000003122311912
6000000003122311972
6000000003122311977
6000000003122311996
6000000003122318803
6000000003122318809
6000000003122340199
6000000003122340228
6000000003122340696
6000000003122365056
6000000003122365394
6000000003122380683
6000000003122380689
6000000003122415919
6000000003122415925
6000000003122415930
6000000003122417431
6000000003122417525
6000000003122417727
6000000003122417747
6000000003122417939
6000000003122417973
6000000003122422021
6000000003122422071
6000000003122422077
6000000003122422092
6000000003122422116
6000000003122422802
6000000003122422812
6000000003122422922
6000000003122422950
6000000003122422955
6000000003122422971
6000000003122422977
6000000003122427191
6000000003122427196
6000000003122427255
6000000003122429890
6000000003122429896
6000000003122431379
6000000003122431625
6000000003122431641
6000000003122431695
6000000003122431752
6000000003122442698
6000000003122442973
6000000003122446437
6000000003122453417
6000000003122459488
6000000003122459498
6000000003122483260
6000000003122483655
6000000003122483668
6000000003124940977
6000000003126229831
6000000003126323391
6000000003132694254
6000000003132720103
6000000003132861103
6000000003132861109
6000000003132861114
6000000003146107101
6000000003146115119
6000000003146136754
6000000003146930329
6000000003146930404
6000000003146938428
6000000003146938979
6000000003146946278
6000000003146948079
6000000003146948304
6000000003146957164
6000000003146957188
6000000003146957658
6000000003146960002
6000000003146960055
6000000003146960183
6000000003146960249
6000000003146960279
6000000003146960462
6000000003146963469
6000000003146963485
6000000003146963492
6000000003146965229
6000000003146970443
6000000003146970753
6000000003147191246
6000000003147191461
6000000003150103996
6000000003150239507
6000000003150747344
6000000003151941079
6000000003152354706
6000000003152410248
6000000003152425037
6000000003152511225
6000000003163569395
6000000003163597464
6000000003163612452
6000000003163617049
6000000003163646162
6000000003163652304
6000000003163659183
6000000003163659989
6000000003163661393
6000000003163663948
6000000003163702778
6000000003163706915
6000000003163720482
6000000003163765013
6000000003163809385
6000000003163811145
6000000003163813604
6000000003163813719
6000000003163821813
6000000003163881171
6000000003163967565
6000000003164609360
6000000003166349540
6000000003166417414
6000000003171498734
6000000003176940942
6000000003176981778
6000000003177885248
6000000003177926716
6000000003184517734
6000000003184571495
6000000003187702844
6000000003187728773
6000000003187817221
6000000003188071238
6000000003194276505
6000000003194554278
6000000003194554299
6000000003196370591
6000000003199297829
6000000003199297881
6000000003199405179
6000000003199427641
6000000003199428589
6000000003199428716
6000000003199536582
6000000003199536731
6000000003199536817
6000000003199605825
6000000003199605864
6000000003199640327
6000000003199643395
6000000003199644879
6000000003199645068
6000000003199659506
6000000003199691014
6000000003199700500
6000000003199701229
6000000003199705493
6000000003199706357
6000000003199714005
6000000003199719633
6000000003199728452
6000000003199774219
6000000003199776788
6000000003199780471
6000000003199780537
6000000003199783681
6000000003199786247
6000000003199802177
6000000003199803064
6000000003199823202
6000000003199833027
6000000003199836428
6000000003199842317
6000000003204433619
6000000003204913916
6000000003206352927
6000000003206875154
6000000003206876147
6000000003206911318
6000000003209538678
6000000003209888140
6000000003210257574
6000000003210287860
6000000003210301052
6000000003210322251
6000000003210322639
6000000003210414577
6000000003217897625
6000000003217908711
6000000003217921972
6000000003217935922
6000000003218534512
6000000003219686363
6000000003219688241
6000000003219688293
6000000003219690437
6000000003219690637
6000000003219700799
6000000003219704356
6000000003219709345
6000000003219772291
6000000003219862251
6000000003220313434
6000000003220314873
6000000003220550113
6000000003222440660
6000000003230348505
6000000003232499851
6000000003232501726
6000000003232505936
6000000003232509164
6000000003232509397
6000000003232509458
6000000003232509478
6000000003232509607
6000000003232561048
6000000003232579507
6000000003240817840
6000000003242819650
6000000003242899850
6000000003242899865
6000000003242903091
6000000003243001370
6000000003243017717
6000000003243041531
6000000003243079601
6000000003243095127
6000000003243112291
6000000003243181857
6000000003243181864
6000000003243181928
6000000003243185408
6000000003243197306
6000000003243197327
6000000003243197392
6000000003243207119
6000000003243213054
6000000003243213152
6000000003243318114
6000000003243318197
6000000003243318225
6000000003243318232
6000000003243318255
6000000003243318293
6000000003243367319
6000000003243378592
6000000003243378715
6000000003243378877
6000000003243395372
6000000003243400214
6000000003243400291
6000000003243400326
6000000003243400873
6000000003243418415
6000000003243429224
6000000003243439507
6000000003243439624
6000000003243441045
6000000003243441055
6000000003243441105
6000000003243441451
6000000003243447118
6000000003243447188
6000000003243447414
6000000003243447496
6000000003243447534
6000000003243483198
6000000003243483210
6000000003243483251
6000000003243483277
6000000003243489454
6000000003243493411
6000000003243493433
6000000003243493460
6000000003243493509
6000000003243493530
6000000003243493538
6000000003244012172
6000000003251725930
6000000003253083052
6000000003253221444
6000000003253231975
6000000003256451849
6000000003265385465
6000000003265389645
6000000003265432515
6000000003268059646
6000000003268106570
6000000003273401322
6000000003273401469
6000000003273404861
6000000003273414061
6000000003273849245
6000000003273921067
6000000003274446261
6000000003275047400
6000000003277741502
6000000003277842791
6000000003277859702
6000000003277971089
6000000003277992045
6000000003278029331
6000000003284370287
6000000003285093567
6000000003285161266
6000000003285211232
6000000003287731866
6000000003287810968
6000000003294473117
6000000003296904115
6000000003296909013
6000000003299251866
6000000003299268661
6000000003299275112
6000000003299280458
6000000003299310465
6000000003299316148
6000000003299380626
6000000003299385326
6000000003299392737
6000000003299401201
6000000003300394986
6000000003300400465
6000000003301862845
6000000003301975018
6000000003302337846
6000000003308363620
6000000003308403483
6000000003308500150
6000000003308558635
6000000003310538849
6000000003310618661
6000000003310725016
6000000003317437763
6000000003318435827
6000000003318485680
6000000003318525381
6000000003318546921
6000000003318663004
6000000003322648493
6000000003327798812
6000000003327803044
6000000003328784479
6000000003328890156
6000000003338960716
6000000003341415472
6000000003342027899
6000000003342035410
6000000003342036831
6000000003342061623
6000000003342180520
6000000003342233015
6000000003342295232
6000000003343963830
6000000003344032910
6000000003344050719
6000000003344146334
6000000003344152177
6000000003344187038
6000000003344198252
6000000003344209898
6000000003344209998
6000000003344413245
6000000003345219305
6000000003345263234
6000000003345275484
6000000003345295098
6000000003345544563
6000000003345613196
6000000003345776268
6000000003345822071
6000000003346840239
6000000003353888961
6000000003363958831
6000000003364132298
6000000003366838592
6000000003370384980
6000000003370387140
6000000003370387345
6000000003370390223
6000000003370390338
6000000003370390443
6000000003370392183
6000000003370392440
6000000003370392561
6000000003370392581
6000000003377663665
6000000003377765947
6000000003377892391
6000000003378437823
6000000003378492645
6000000003379304675
6000000003396991638
6000000003396994659
6000000003400067002
6000000003403245880
6000000003408501480
6000000003411936482
6000000003413353678
6000000003413439886
6000000003417413783
6000000003423203044
6000000003433879374
6000000003452041601
6000000003452417033
6000000003452758986
6000000003454722631
6000000003454722670
6000000003454724961
6000000003454724969
6000000003454727018
6000000003454727025
6000000003454727336
6000000003454727388
6000000003459454912
6000000003459553147
6000000003461736005
6000000003463545474
6000000003463689273
6000000003464423745
6000000003464499235
6000000003465656291
6000000003466257348
6000000003472274918
6000000003472734379
6000000003472754347
6000000003478386805
6000000003478592449
6000000003478679330
6000000003480044271
6000000003480138129
6000000003480138412
6000000003480431119
6000000003481830052
6000000003481830058
6000000003481830064
6000000003481830208
6000000003481830220
6000000003481830669
6000000003484293258
6000000003484293276
6000000003484293288
6000000003484293306
6000000003484293312
6000000003485844586
6000000003485919405
6000000003491193955
6000000003493011547
6000000003493011579
6000000003493056813
6000000003493086515
6000000003493086593
6000000003493089144
6000000003493089182
6000000003493089903
6000000003493098560
6000000003493098685
6000000003493098691
6000000003493098697
6000000003493098703
6000000003493107260
6000000003493116038
6000000003493116045
6000000003493116167
6000000003493116393
6000000003493116446
6000000003493116576
6000000003493116583
6000000003493116657
6000000003493116831
6000000003493116897
6000000003493116968
6000000003493116975
6000000003493121303
6000000003493121364
6000000003493155443
6000000003493155588
6000000003493155609
6000000003493162831
6000000003493169597
6000000003493171093
6000000003493174689
6000000003493174696
6000000003493174798
6000000003493174859
6000000003493176030
6000000003493176275
6000000003493176370
6000000003493176397
6000000003493176454
6000000003493176462
6000000003493243271
6000000003493243529
6000000003493243536
6000000003493243566
6000000003493243662
6000000003493243697
6000000003493243724
6000000003493243730
6000000003493243744
6000000003493243807
6000000003493255655
6000000003493255793
6000000003493255977
6000000003493266121
6000000003493277975
6000000003493284208
6000000003493284216
6000000003493284645
6000000003493284681
6000000003493287333
6000000003493292995
6000000003493301431
6000000003493301633
6000000003493396354
6000000003493473993
6000000003493476048
6000000003493476055
6000000003493476122
6000000003493476129
6000000003493476136
6000000003493476163
6000000003494694473
6000000003494694500
6000000003494695157
6000000003494695545
6000000003494697312
6000000003494698496
6000000003494698599
6000000003494707637
6000000003494707647
6000000003494715786
6000000003494724074
6000000003494734403
6000000003494740586
6000000003494757665
6000000003494757809
6000000003494761631
6000000003494762156
6000000003494765080
6000000003494769835
6000000003494769900
6000000003494770004
6000000003494770047
6000000003494770090
6000000003494770314
6000000003494770356
6000000003494770588
6000000003494770673
6000000003494770682
6000000003494774580
6000000003494774759
6000000003494774947
6000000003494774957
6000000003494774978
6000000003494777105
6000000003494777697
6000000003495300745
6000000003495312813
6000000003495315312
6000000003495315961
6000000003495320179
6000000003495320909
6000000003495325510
6000000003495325605
6000000003495348447
6000000003495348827
6000000003495367551
6000000003495371529
6000000003495391046
6000000003495391376
6000000003495391396
6000000003495393534
6000000003495393952
6000000003495402013
6000000003495402182
6000000003495402214
6000000003495409715
6000000003495414198
6000000003495414261
6000000003495414717
6000000003506548107
6000000003507107781
6000000003513088730
6000000003513155538
6000000003513191421
6000000003513370805
6000000003513602927
6000000003513651138
6000000003513731372
6000000003513731919
6000000003513749928
6000000003513940659
6000000003513940666
6000000003514004594
6000000003514004600
6000000003514004607
6000000003514004613
6000000003514212018
6000000003514212025
6000000003514384470
6000000003514600596
6000000003514600603
6000000003514672721
6000000003514717336
6000000003514789843
6000000003521266933
6000000003523986134
6000000003524014679
6000000003531090432
6000000003531113316
6000000003535524621
6000000003537956153
6000000003539610500
6000000003541275940
6000000003541275955
6000000003542370460
6000000003550413625
6000000003562021303
6000000003570375945
6000000003570382568
6000000003570382580
6000000003570382603
6000000003570388001
6000000003570388021
6000000003570388031
6000000003570388046
6000000003570388980
6000000003570398165
6000000003570398395
6000000003570398925
6000000003570398985
6000000003570398990
6000000003570406010
6000000003570406030
6000000003570406040
6000000003570406060
6000000003570406230
6000000003570406235
6000000003570406425
6000000003570406543
6000000003570757906
6000000003571336676
6000000003572237554
6000000003572841726
6000000003573310436
6000000003573405366
6000000003573455718
6000000003573457199
6000000003573490143
6000000003573917389
6000000003574049805
6000000003578848967
6000000003582502504
6000000003588745269
6000000003588779471
6000000003588893167
6000000003589069943
6000000003589069950
6000000003589098659
6000000003589231271
6000000003589270190
6000000003589272124
6000000003589272131
6000000003589285015
6000000003589450839
6000000003589506974
6000000003589742141
6000000003589751558
6000000003589751562
6000000003589792063
6000000003593194718
6000000003593722552
6000000003593750913
6000000003593758424
6000000003593822183
6000000003601184168
6000000003601184376
6000000003601184398
6000000003602165145
6000000003603024090
6000000003603024097
6000000003603098054
6000000003605615728
6000000003605806538
6000000003614102983
6000000003615712536
6000000003615721196
6000000003615724945
6000000003615807137
6000000003616316987
6000000003616397724
6000000003616412507
6000000003616518558
6000000003616762507
6000000003619227847
6000000003619258267
6000000003622777758
6000000003629167131
6000000003629167138
6000000003635705648
6000000003635727790
6000000003635746575
6000000003637312051
6000000003637312351
6000000003637320571
6000000003637320576
6000000003637326421
6000000003637326509
6000000003637326569
6000000003637338721
6000000003637342101
6000000003637342146
6000000003637342160
6000000003637342418
6000000003637342779
6000000003637342831
6000000003637345011
6000000003637345331
6000000003637345618
6000000003637345654
6000000003637345781
6000000003637345792
6000000003637361339
6000000003637361350
6000000003637361355
6000000003637361534
6000000003637361593
6000000003637361641
6000000003637361647
6000000003637361652
6000000003637361801
6000000003637361887
6000000003637365337
6000000003637367921
6000000003637367931
6000000003637367950
6000000003637367977
6000000003637369102
6000000003637371036
6000000003637371901
6000000003637377188
6000000003637377193
6000000003637377332
6000000003637377373
6000000003637377473
6000000003637377615
6000000003637377815
6000000003637377825
6000000003637377831
6000000003637377847
6000000003637381284
6000000003637381289
6000000003637383639
6000000003637388752
6000000003645671786
6000000003645672658
6000000003645672670
6000000003645683166
6000000003645683201
6000000003645683213
6000000003645683220
6000000003645683251
6000000003645683278
6000000003645683288
6000000003645683308
6000000003645683322
6000000003645692144
6000000003645692292
6000000003645697062
6000000003645697077
6000000003645697313
6000000003645697319
6000000003645707918
6000000003645712292
6000000003645724209
6000000003645724693
6000000003645724700
6000000003645765375
6000000003645775298
6000000003645782588
6000000003645782595
6000000003645782754
6000000003645782768
6000000003645782783
6000000003645788750
6000000003645797682
6000000003645797689
6000000003645797757
6000000003645797856
6000000003645825784
6000000003645832206
6000000003645832264
6000000003645847615
6000000003645847638
6000000003645847650
6000000003645847670
6000000003645847693
6000000003645847714
6000000003645847749
6000000003645847827
6000000003645853602
6000000003645853615
6000000003645853628
6000000003645853635
6000000003645853653
6000000003645853666
6000000003645853688
6000000003645853693
6000000003645853699
6000000003645853704
6000000003645853743
6000000003645859156
6000000003645859178
6000000003645859280
6000000003645859300
6000000003645859311
6000000003645859344
6000000003645859795
6000000003645859805
6000000003645870055
6000000003645870070
6000000003645870789
6000000003645870795
6000000003645870800
6000000003645870815
6000000003645870912
6000000003645870917
6000000003645870922
6000000003645870927
6000000003645896177
6000000003645896605
6000000003645908101
6000000003645908106
6000000003645908111
6000000003645908141
6000000003645908243
6000000003645908266
6000000003645908276
6000000003645908291
6000000003645908381
6000000003645908452
6000000003645908512
6000000003645908552
6000000003645908602
6000000003645908622
6000000003645908999
6000000003645912083
6000000003645912098
6000000003645912103
6000000003645912369
6000000003645912444
6000000003645912449
6000000003645912454
6000000003645912459
6000000003645912464
6000000003645915181
6000000003645919259
6000000003645919420
6000000003645919492
6000000003645919544
6000000003645919625
6000000003645919739
6000000003645919933
6000000003645919948
6000000003645929130
6000000003645977045
6000000003645977975
6000000003645985053
6000000003645989767
6000000003646057180
6000000003646057185
6000000003646057190
6000000003646057200
6000000003646057808
6000000003646354030
6000000003646354035
6000000003646354040
6000000003649101088
6000000003649630147
6000000003649630493
6000000003649638204
6000000003649638716
6000000003649663347
6000000003649666694
6000000003649683533
6000000003649687777
6000000003649687931
6000000003649692023
6000000003649701076
6000000003649701667
6000000003649715986
6000000003649728934
6000000003649734134
6000000003649784642
6000000003649784890
6000000003649784924
6000000003654208976
6000000003654213936
6000000003654478041
6000000003654527702
6000000003654581141
6000000003654705814
6000000003654721567
6000000003654832299
6000000003654832306
6000000003659008877
6000000003659008937
6000000003659008943
6000000003659014389
6000000003659014407
6000000003659827365
6000000003659887082
6000000003660469168
6000000003661352770
6000000003665048100
6000000003670065549
6000000003671000998
6000000003671142348
6000000003675058346
6000000003680130388
6000000003681515180
6000000003682621090
6000000003683679920
6000000003684097114
6000000003685558843
6000000003685628675
6000000003685895479
6000000003685912412
6000000003685955699
6000000003688058509
6000000003690688519
6000000003690689362
6000000003690729300
6000000003690755075
6000000003690773049
6000000003693995109
6000000003697525277
6000000003699723182
6000000003700107883
6000000003700107932
6000000003701267899
6000000003701474351
6000000003710431377
6000000003711172251
6000000003711172258
6000000003711172270
6000000003714562119
6000000003714576466
6000000003714580449
6000000003715297695
6000000003715297906
6000000003715319299
6000000003715341310
6000000003716990578
6000000003717196378
6000000003717809449
6000000003717955510
6000000003718067267
6000000003718255188
6000000003722545963
6000000003722704396
6000000003726054418
6000000003726141100
6000000003726334365
6000000003726379301
6000000003726476051
6000000003734936399
6000000003736739418
6000000003736751234
6000000003736812278
6000000003737429175
6000000003741916756
6000000003742093806
6000000003742102823
6000000003742743461
6000000003742796909
6000000003747936001
6000000003748720870
6000000003748795548
6000000003748804867
6000000003748885357
6000000003748885364
6000000003748960079
6000000003748960086
6000000003749003238
6000000003749258160
6000000003749268309
6000000003754531992
6000000003754762311
6000000003754767522
6000000003754857119
6000000003761143027
6000000003761389504
6000000003761694375
6000000003761700243
6000000003768386624
6000000003768392839
6000000003769443228
6000000003769716126
6000000003770124369
6000000003771781380
6000000003772369252
6000000003772396356
6000000003772404490
6000000003772993409
6000000003773899334
6000000003774471997
6000000003774668190
6000000003774709416
6000000003774709423
6000000003774717487
6000000003780168451
6000000003783147229
6000000003783277043
6000000003784165959
6000000003784251716
6000000003784264646
6000000003784264703
6000000003795440235
6000000003795473559
6000000003795775682
6000000003796084949
6000000003796205260
6000000003796205291
6000000003796205428
6000000003796205452
6000000003796342273
6000000003796353583
6000000003796421534
6000000003796454425
6000000003796459628
6000000003796498990
6000000003796618137
6000000003802574644
6000000003802659389
6000000003802818028
6000000003805722261
6000000003807557357
6000000003816210091
6000000003816916461
6000000003820948892
6000000003820953038
6000000003820953148
6000000003820968553
6000000003820968814
6000000003820968955
6000000003820968965
6000000003826380980
6000000003826482905
6000000003826814612
6000000003827018968
6000000003827043273
6000000003827138223
6000000003827138372
6000000003827138392
6000000003827147216
6000000003827147258
6000000003827147277
6000000003827151318
6000000003827151573
6000000003827151872
6000000003827153004
6000000003827153040
6000000003827153047
6000000003827153762
6000000003827158093
6000000003827158200
6000000003827158317
6000000003827158388
6000000003827158402
6000000003827158783
6000000003827158902
6000000003827161816
6000000003827181035
6000000003827181172
6000000003827188641
6000000003827217451
6000000003827217663
6000000003827225491
6000000003827225773
6000000003827234781
6000000003827237317
6000000003827237365
6000000003827237744
6000000003827237758
6000000003827246108
6000000003827246936
6000000003827252189
6000000003827252635
6000000003827258013
6000000003827258990
6000000003827258997
6000000003827260192
6000000003827263149
6000000003827263396
6000000003827263685
6000000003827263846
6000000003827270977
6000000003827270984
6000000003827270991
6000000003827274019
6000000003827274145
6000000003827274193
6000000003827274351
6000000003827274762
6000000003827274768
6000000003827280439
6000000003827280453
6000000003827280468
6000000003827280482
6000000003827280772
6000000003827280792
6000000003827280827
6000000003827288074
6000000003827288095
6000000003827288540
6000000003827294480
6000000003827294571
6000000003827294636
6000000003827294753
6000000003827294829
6000000003827300347
6000000003827305179
6000000003827305200
6000000003827305221
6000000003827305227
6000000003827305266
6000000003827305326
6000000003827305354
6000000003827305535
6000000003827305543
6000000003827305565
6000000003827305605
6000000003827305685
6000000003827305841
6000000003827305904
6000000003827309346
6000000003827309628
6000000003827315463
6000000003827315746
6000000003827315938
6000000003827315945
6000000003827315951
6000000003827315957
6000000003827315969
6000000003827320312
6000000003827320390
6000000003827320396
6000000003827320456
6000000003827324882
6000000003827328078
6000000003827328200
6000000003827328227
6000000003827328276
6000000003827328830
6000000003827328896
6000000003827330467
6000000003827335903
6000000003827339229
6000000003827339236
6000000003827339924
6000000003827342056
6000000003827342068
6000000003827342386
6000000003827346894
6000000003827355788
6000000003827355907
6000000003827359277
6000000003827359914
6000000003827359969
6000000003827363615
6000000003827363949
6000000003827368020
6000000003827368048
6000000003827368448
6000000003827368455
6000000003827368462
6000000003827368538
6000000003827368566
6000000003827368613
6000000003827368620
6000000003827384413
6000000003827384449
6000000003827384456
6000000003827384814
6000000003827384826
6000000003827384930
6000000003827384937
6000000003827387107
6000000003827387521
6000000003827387528
6000000003827394145
6000000003827394180
6000000003827400041
6000000003827400235
6000000003827400343
6000000003827400350
6000000003827400357
6000000003827400365
6000000003827400471
6000000003827400478
6000000003827400485
6000000003827400498
6000000003827414453
6000000003827424214
6000000003827424296
6000000003827424393
6000000003827424467
6000000003827424680
6000000003827424809
6000000003827424816
6000000003827424830
6000000003827424837
6000000003827424858
6000000003827424865
6000000003827424872
6000000003827424914
6000000003827424921
6000000003827424928
6000000003827429306
6000000003827429603
6000000003827429610
6000000003827429630
6000000003827429664
6000000003827429684
6000000003827429691
6000000003827429698
6000000003827429726
6000000003827429733
6000000003827429741
6000000003827429755
6000000003827429761
6000000003827429822
6000000003827429829
6000000003827435832
6000000003827435846
6000000003827435853
6000000003827435963
6000000003827438001
6000000003827438029
6000000003827438055
6000000003827445021
6000000003827445075
6000000003827445193
6000000003827445550
6000000003827445574
6000000003827445600
6000000003827445607
6000000003827445621
6000000003827445735
6000000003827445916
6000000003827445923
6000000003827451613
6000000003827451712
6000000003827451758
6000000003827451764
6000000003827451776
6000000003827451783
6000000003827451790
6000000003827451893
6000000003827451934
6000000003827451959
6000000003827455093
6000000003827455128
6000000003827455154
6000000003827455161
6000000003827455168
6000000003827455175
6000000003827455182
6000000003827455241
6000000003827455437
6000000003827464200
6000000003827464327
6000000003827467045
6000000003827467105
6000000003827467642
6000000003827467734
6000000003827467740
6000000003827470038
6000000003827470062
6000000003827470068
6000000003827470075
6000000003827470081
6000000003827470351
6000000003827470358
6000000003827470365
6000000003827470372
6000000003827470378
6000000003827470582
6000000003827470788
6000000003827474438
6000000003827474532
6000000003827474538
6000000003827474873
6000000003827474887
6000000003827477652
6000000003827477658
6000000003827484002
6000000003827484171
6000000003827484244
6000000003827484657
6000000003827484669
6000000003827484942
6000000003827488296
6000000003827488324
6000000003827488338
6000000003827488345
6000000003827488509
6000000003827497025
6000000003827497080
6000000003827497114
6000000003827497126
6000000003827505069
6000000003827505076
6000000003827505478
6000000003827505499
6000000003827505511
6000000003827505517
6000000003827512007
6000000003827512040
6000000003827512238
6000000003827512244
6000000003827512865
6000000003827512893
6000000003827512899
6000000003827512920
6000000003827512946
6000000003827512960
6000000003827512967
6000000003827512974
6000000003827512981
6000000003827520046
6000000003827520067
6000000003827520215
6000000003827521373
6000000003827521380
6000000003827521386
6000000003827521393
6000000003827521595
6000000003827521667
6000000003827521948
6000000003827524864
6000000003827524876
6000000003827524882
6000000003827524894
6000000003827524906
6000000003827524912
6000000003827527279
6000000003827527871
6000000003827529809
6000000003827542432
6000000003827545933
6000000003827545939
6000000003827545985
6000000003827551377
6000000003827551390
6000000003827551422
6000000003827551429
6000000003827551666
6000000003827551803
6000000003827551847
6000000003827551944
6000000003827551951
6000000003827561095
6000000003827561102
6000000003827561121
6000000003827561129
6000000003827561150
6000000003827564381
6000000003827564401
6000000003827564447
6000000003827564535
6000000003827564541
6000000003827564569
6000000003827564575
6000000003827564657
6000000003827564914
6000000003827564920
6000000003827564926
6000000003827564938
6000000003827564962
6000000003827568262
6000000003827568268
6000000003827568437
6000000003827568443
6000000003827568461
6000000003827568504
6000000003827573083
6000000003827573739
6000000003827573787
6000000003827576271
6000000003827576285
6000000003827576292
6000000003827576299
6000000003827576496
6000000003827576608
6000000003827579073
6000000003827579080
6000000003827579110
6000000003827579117
6000000003827579124
6000000003827579152
6000000003827579159
6000000003827579173
6000000003827579194
6000000003827579238
6000000003827579638
6000000003827579644
6000000003827579752
6000000003827583466
6000000003827583695
6000000003827583702
6000000003827583715
6000000003827583722
6000000003827583729
6000000003827583736
6000000003827583914
6000000003827583921
6000000003827583942
6000000003827583956
6000000003827583963
6000000003827583977
6000000003827587026
6000000003827587033
6000000003827587039
6000000003827587047
6000000003827587054
6000000003827587075
6000000003827587103
6000000003827587110
6000000003827587131
6000000003827587143
6000000003827587217
6000000003827587223
6000000003827587624
6000000003827587642
6000000003827587750
6000000003827587770
6000000003827587796
6000000003827587818
6000000003827587825
6000000003827590704
6000000003827590747
6000000003827590754
6000000003827590761
6000000003827590768
6000000003827590803
6000000003827590810
6000000003827590824
6000000003827590858
6000000003827590865
6000000003827590872
6000000003827590879
6000000003827590900
6000000003827590937
6000000003827590991
6000000003827590997
6000000003827599105
6000000003827599140
6000000003827599150
6000000003827599165
6000000003827599194
6000000003827599374
6000000003827599381
6000000003827599409
6000000003827599416
6000000003827599591
6000000003827599597
6000000003827599626
6000000003827599667
6000000003827599673
6000000003827599699
6000000003827599740
6000000003827599753
6000000003827599767
6000000003827599828
6000000003827599835
6000000003827599862
6000000003827599934
6000000003827599962
6000000003827599983
6000000003827606026
6000000003827606047
6000000003827606054
6000000003827606089
6000000003827606096
6000000003827606102
6000000003827606109
6000000003827606116
6000000003827606123
6000000003827606130
6000000003827606248
6000000003827606262
6000000003827606268
6000000003827606302
6000000003827606309
6000000003827606344
6000000003827606350
6000000003827606399
6000000003827606406
6000000003827606413
6000000003827606420
6000000003827606427
6000000003827606434
6000000003827606564
6000000003827606592
6000000003827606599
6000000003827606613
6000000003827606655
6000000003827606697
6000000003827606718
6000000003827606740
6000000003827606747
6000000003827606754
6000000003827606808
6000000003827606830
6000000003827606837
6000000003827606871
6000000003827611206
6000000003827611219
6000000003827611506
6000000003827611512
6000000003827611720
6000000003827612256
6000000003827612423
6000000003827612430
6000000003827612437
6000000003827612711
6000000003827618982
6000000003827618989
6000000003827618996
6000000003827635673
6000000003827650119
6000000003827650146
6000000003827650152
6000000003827650158
6000000003827650308
6000000003827650314
6000000003827650899
6000000003827650905
6000000003827650911
6000000003827650949
6000000003827650955
6000000003827650961
6000000003827650994
6000000003827651000
6000000003827657018
6000000003827657086
6000000003827657098
6000000003827657105
6000000003827657293
6000000003827657299
6000000003827657624
6000000003827657631
6000000003827657652
6000000003827657659
6000000003827657666
6000000003827657673
6000000003827657777
6000000003827657797
6000000003827657830
6000000003827661073
6000000003827661201
6000000003827661215
6000000003827661222
6000000003827661257
6000000003827661285
6000000003827661292
6000000003827661299
6000000003827661334
6000000003827661341
6000000003827661418
6000000003827661466
6000000003827661493
6000000003827661499
6000000003827661511
6000000003827661539
6000000003827661560
6000000003827661567
6000000003827661581
6000000003827661588
6000000003827661650
6000000003827661670
6000000003827661719
6000000003827661747
6000000003827661775
6000000003827661789
6000000003827661796
6000000003827661811
6000000003827661844
6000000003827661851
6000000003827661879
6000000003827661893
6000000003827661931
6000000003827661937
6000000003827661958
6000000003827661972
6000000003827661979
6000000003827663308
6000000003827663314
6000000003827663321
6000000003827663327
6000000003827663333
6000000003827663340
6000000003827663727
6000000003827663734
6000000003827663769
6000000003827663784
6000000003827663805
6000000003827671326
6000000003827671440
6000000003827671447
6000000003827671454
6000000003827671461
6000000003827671468
6000000003827671474
6000000003827671513
6000000003827671541
6000000003827671716
6000000003827671723
6000000003827671736
6000000003827671743
6000000003827671750
6000000003827671797
6000000003827671804
6000000003827674326
6000000003827674344
6000000003827674376
6000000003827674401
6000000003827674708
6000000003827675466
6000000003827681327
6000000003827681334
6000000003827681540
6000000003827681546
6000000003827681552
6000000003827681558
6000000003827681564
6000000003827681576
6000000003827681588
6000000003827681594
6000000003827681910
6000000003827701878
6000000003827703127
6000000003827703159
6000000003827703220
6000000003827708362
6000000003827708369
6000000003827708436
6000000003827708714
6000000003827708742
6000000003827708920
6000000003827711270
6000000003827711277
6000000003827711284
6000000003827711312
6000000003827711319
6000000003827711673
6000000003827711679
6000000003827711864
6000000003827711870
6000000003827711876
6000000003827711882
6000000003827711888
6000000003827711894
6000000003827727674
6000000003827727681
6000000003827727688
6000000003827727695
6000000003827727702
6000000003827727709
6000000003827727716
6000000003827727744
6000000003827727751
6000000003827737023
6000000003827737058
6000000003827737065
6000000003827737072
6000000003827737577
6000000003827737590
6000000003827737642
6000000003827737649
6000000003827737774
6000000003827737781
6000000003827737788
6000000003827737875
6000000003827746187
6000000003827746194
6000000003827746201
6000000003827746522
6000000003827746560
6000000003827746881
6000000003827746887
6000000003827746965
6000000003827751615
6000000003827751627
6000000003827755017
6000000003827755023
6000000003827755029
6000000003827755035
6000000003827781034
6000000003827781067
6000000003827781074
6000000003827781081
6000000003827781088
6000000003827781109
6000000003827781116
6000000003827781123
6000000003827781137
6000000003827781198
6000000003827781303
6000000003827781310
6000000003827781324
6000000003827787029
6000000003827787815
6000000003827787829
6000000003827787858
6000000003827787866
6000000003827791584
6000000003827791615
6000000003827791823
6000000003827791830
6000000003827791844
6000000003827791851
6000000003827791865
6000000003827791872
6000000003827791886
6000000003827791893
6000000003827791900
6000000003827792001
6000000003827792022
6000000003827792247
6000000003827795060
6000000003827795067
6000000003827795073
6000000003827795658
6000000003827799100
6000000003827799114
6000000003827799354
6000000003827799361
6000000003827799368
6000000003827799375
6000000003827799382
6000000003827799415
6000000003827818491
6000000003827818822
6000000003827818828
6000000003827818834
6000000003827826486
6000000003827837448
6000000003827847978
6000000003827890353
6000000003827890366
6000000003827890737
6000000003827890744
6000000003827890751
6000000003827890785
6000000003827894240
6000000003827894246
6000000003827894420
6000000003827894450
6000000003827894534
6000000003827894869
6000000003827894905
6000000003827894911
6000000003827894929
6000000003827894997
6000000003827902027
6000000003827902033
6000000003827902039
6000000003827902051
6000000003827902069
6000000003827902087
6000000003827902093
6000000003827902099
6000000003827902105
6000000003827902117
6000000003827902123
6000000003827902129
6000000003827902683
6000000003827904355
6000000003827918985
6000000003827921144
6000000003827921151
6000000003827921524
6000000003827922397
6000000003827922411
6000000003827922417
6000000003827922431
6000000003827922511
6000000003827922532
6000000003827922546
6000000003827922553
6000000003827924006
6000000003827924336
6000000003827924342
6000000003827924457
6000000003827924469
6000000003827924475
6000000003827924591
6000000003827924928
6000000003827928559
6000000003827928779
6000000003827937082
6000000003827937088
6000000003827937094
6000000003827937107
6000000003827937113
6000000003827937535
6000000003827937626
6000000003827940352
6000000003827940366
6000000003827953210
6000000003827953630
6000000003827953636
6000000003827953796
6000000003827957208
6000000003827957214
6000000003827957221
6000000003827957241
6000000003827957293
6000000003827957300
6000000003827957349
6000000003827957415
6000000003827957493
6000000003827957499
6000000003827957505
6000000003827957511
6000000003827957559
6000000003827957565
6000000003827957589
6000000003827957935
6000000003827957970
6000000003827957984
6000000003827957990
6000000003827963381
6000000003827963746
6000000003827994244
6000000003827994431
6000000003828002180
6000000003828002297
6000000003828002386
6000000003828009063
6000000003828009503
6000000003828009545
6000000003828009581
6000000003828009990
6000000003828011014
6000000003828011110
6000000003828011116
6000000003828011290
6000000003828011296
6000000003828011375
6000000003828011431
6000000003828011473
6000000003828011494
6000000003828011506
6000000003828011808
6000000003828011872
6000000003828015016
6000000003828015791
6000000003828018184
6000000003828018366
6000000003828018373
6000000003828018380
6000000003828018597
6000000003828018618
6000000003828018954
6000000003828018961
6000000003828021100
6000000003828021106
6000000003828021593
6000000003828021599
6000000003828021605
6000000003828021611
6000000003828021760
6000000003828058112
6000000003828058140
6000000003828058154
6000000003828061260
6000000003828061279
6000000003828061362
6000000003828061401
6000000003828064487
6000000003828071011
6000000003828071018
6000000003828071066
6000000003828071080
6000000003828071093
6000000003828071099
6000000003828071105
6000000003828071112
6000000003828071827
6000000003828074620
6000000003828078073
6000000003828078085
6000000003828078104
6000000003828078140
6000000003828078147
6000000003828083025
6000000003828083401
6000000003828083865
6000000003828083911
6000000003828092120
6000000003828092228
6000000003828092234
6000000003828092255
6000000003828100833
6000000003828105078
6000000003828105117
6000000003828105183
6000000003828105219
6000000003828107062
6000000003828107069
6000000003828107076
6000000003828107083
6000000003828107090
6000000003828107379
6000000003828107386
6000000003828107649
6000000003828107656
6000000003828110347
6000000003828110375
6000000003828110382
6000000003828110403
6000000003828110410
6000000003828110552
6000000003828110559
6000000003828125045
6000000003828125052
6000000003828125094
6000000003828125101
6000000003828125405
6000000003828151866
6000000003828154965
6000000003828160655
6000000003828164136
6000000003828171797
6000000003828175064
6000000003828175071
6000000003828175078
6000000003828179737
6000000003828180045
6000000003828190498
6000000003828193736
6000000003828196060
6000000003828196067
6000000003828196081
6000000003828196212
6000000003828196377
6000000003828196449
6000000003828196455
6000000003828228980
6000000003828228987
6000000003828232369
6000000003828232460
6000000003828232499
6000000003828232513
6000000003828236151
6000000003828236165
6000000003828236172
6000000003828236179
6000000003828236186
6000000003828236193
6000000003828236228
6000000003828236235
6000000003828236249
6000000003828236275
6000000003828236282
6000000003828236289
6000000003828236303
6000000003828236324
6000000003828236331
6000000003828236338
6000000003828236345
6000000003828236352
6000000003828236359
6000000003828236365
6000000003828236371
6000000003828236377
6000000003828236390
6000000003828236397
6000000003828236403
6000000003828236409
6000000003828236487
6000000003828236563
6000000003828236570
6000000003828236577
6000000003828236597
6000000003828236603
6000000003828236609
6000000003828236615
6000000003828236621
6000000003828236627
6000000003828239537
6000000003828239543
6000000003828239549
6000000003828239555
6000000003828239561
6000000003828239573
6000000003828239591
6000000003828239603
6000000003828239652
6000000003828239658
6000000003828239664
6000000003828239670
6000000003828239676
6000000003828239776
6000000003828239790
6000000003828245077
6000000003828245091
6000000003828245105
6000000003828245112
6000000003828245119
6000000003828245125
6000000003828245158
6000000003828245165
6000000003828245243
6000000003828245256
6000000003828245276
6000000003828245330
6000000003828245342
6000000003828245366
6000000003828245372
6000000003828245378
6000000003828245384
6000000003828245390
6000000003828245396
6000000003828245402
6000000003828245408
6000000003828245414
6000000003828245444
6000000003828245468
6000000003828245652
6000000003828245848
6000000003828245862
6000000003828248155
6000000003828248204
6000000003828248211
6000000003828248253
6000000003828248260
6000000003828250277
6000000003828250899
6000000003828250921
6000000003828250964
6000000003828250971
6000000003828250985
6000000003828254153
6000000003828254160
6000000003828254238
6000000003828254245
6000000003828254266
6000000003828254370
6000000003828254391
6000000003828254405
6000000003828254412
6000000003828254419
6000000003828254426
6000000003828254582
6000000003828254600
6000000003828256230
6000000003828256244
6000000003828256298
6000000003828256432
6000000003828256439
6000000003828256446
6000000003828256522
6000000003828256528
6000000003828256559
6000000003828256573
6000000003828256618
6000000003828256849
6000000003828256856
6000000003828256863
6000000003828256870
6000000003828256905
6000000003828261350
6000000003828265122
6000000003828265157
6000000003828265164
6000000003828265171
6000000003828265185
6000000003828265220
6000000003828265262
6000000003828265269
6000000003828265276
6000000003828265290
6000000003828265451
6000000003828265459
6000000003828265559
6000000003828265997
6000000003828268051
6000000003828268058
6000000003828268087
6000000003828268858
6000000003828268865
6000000003828268889
6000000003828268896
6000000003828268903
6000000003828268924
6000000003828268931
6000000003828268958
6000000003828274620
6000000003828287409
6000000003828302048
6000000003828302139
6000000003828302266
6000000003828302273
6000000003828313246
6000000003828313253
6000000003828326860
6000000003828330112
6000000003828330119
6000000003828330217
6000000003828330238
6000000003828330260
6000000003828330267
6000000003828330612
6000000003828330619
6000000003828330751
6000000003828330870
6000000003828330898
6000000003828332144
6000000003828332158
6000000003828332165
6000000003828332172
6000000003828332179
6000000003828332186
6000000003828332788
6000000003828332795
6000000003828335017
6000000003828335024
6000000003828335031
6000000003828335038
6000000003828335045
6000000003828335052
6000000003828335059
6000000003828335066
6000000003828335073
6000000003828335080
6000000003828335087
6000000003828335094
6000000003828335101
6000000003828335108
6000000003828335143
6000000003828335150
6000000003828335157
6000000003828335164
6000000003828335171
6000000003828335332
6000000003828335804
6000000003828335811
6000000003828335825
6000000003828335832
6000000003828335922
6000000003828338301
6000000003828338308
6000000003828338406
6000000003828338455
6000000003828345285
6000000003828345473
6000000003828345550
6000000003828345564
6000000003828345620
6000000003828345655
6000000003828345662
6000000003828345669
6000000003828345725
6000000003828345837
6000000003828353299
6000000003828353306
6000000003828353706
6000000003828353741
6000000003828356203
6000000003828356251
6000000003828356293
6000000003828356812
6000000003828356826
6000000003828356833
6000000003828356861
6000000003828361085
6000000003828361158
6000000003828361192
6000000003828361241
6000000003828361262
6000000003828361302
6000000003828361363
6000000003828361450
6000000003828361520
6000000003828361643
6000000003828361657
6000000003828361722
6000000003828361760
6000000003828361794
6000000003828362000
6000000003828367006
6000000003828367019
6000000003828367025
6000000003828367031
6000000003828367253
6000000003828367291
6000000003828367415
6000000003828367421
6000000003828367427
6000000003828367705
6000000003828367934
6000000003828367941
6000000003828371011
6000000003828371060
6000000003828371067
6000000003828371074
6000000003828371081
6000000003828371088
6000000003828371095
6000000003828371479
6000000003828371646
6000000003828371681
6000000003828371765
6000000003828371772
6000000003828371779
6000000003828427229
6000000003828427253
6000000003828427259
6000000003828427265
6000000003828427325
6000000003828427331
6000000003828671281
6000000003831085297
6000000003831258077
6000000003832564049
6000000003835558415
6000000003847715149
6000000003849459086
6000000003851164924
6000000003851171936
6000000003851397187
6000000003851465188
6000000003851552080
6000000003851552119
6000000003851864038
6000000003852076897
6000000003852586563
6000000003852698447
6000000003852730222
6000000003852864012
6000000003853078164
6000000003854179796
6000000003854191986
6000000003854233791
6000000003854400441
6000000003858466381
6000000003858470155
6000000003858478325
6000000003858489341
6000000003858502952
6000000003858505123
6000000003858523994
6000000003858543513
6000000003858547082
6000000003858547342
6000000003858547566
6000000003858551414
6000000003858551777
6000000003858556451
6000000003858556727
6000000003858563213
6000000003858563330
6000000003858572515
6000000003858572826
6000000003858579100
6000000003858579403
6000000003858589110
6000000003858589577
6000000003858589760
6000000003858595154
6000000003858595872
6000000003858600747
6000000003858604635
6000000003858604945
6000000003858613413
6000000003858624547
6000000003858632042
6000000003858632285
6000000003858632613
6000000003858640457
6000000003858640771
6000000003858668623
6000000003858676995
6000000003858683664
6000000003858686813
6000000003858690189
6000000003858690611
6000000003858704239
6000000003858704278
6000000003858704817
6000000003858708460
6000000003858708471
6000000003858710522
6000000003858710537
6000000003858710950
6000000003858716735
6000000003858716758
6000000003858725514
6000000003858725894
6000000003858731296
6000000003858739820
6000000003858746204
6000000003858746515
6000000003858746697
6000000003858749064
6000000003858749700
6000000003858754204
6000000003858759837
6000000003858762171
6000000003858762807
6000000003858762929
6000000003858766059
6000000003858771852
6000000003858771969
6000000003858776006
6000000003858776372
6000000003858776789
6000000003858776885
6000000003858782247
6000000003858782720
6000000003858786767
6000000003858786798
6000000003858786875
6000000003858793340
6000000003858793416
6000000003858793462
6000000003858805100
6000000003858805710
6000000003858812164
6000000003858812485
6000000003858812492
6000000003858815508
6000000003858815785
6000000003858820021
6000000003858820069
6000000003858827436
6000000003858827707
6000000003858831053
6000000003862825068
6000000003862842476
6000000003863519481
6000000003863566556
6000000003863566563
6000000003863595190
6000000003863620378
6000000003864691249
6000000003865476608
6000000003865794618
6000000003866006703
6000000003866136965
6000000003866156478
6000000003866181661
6000000003868952367
6000000003869084065
6000000003869762006
6000000003876011725
6000000003876025498
6000000003876040821
6000000003876109717
6000000003876218248
6000000003876244103
6000000003882336713
6000000003882336720
6000000003883047294
6000000003885092967
6000000003885414460
6000000003887607263
6000000003887607517
6000000003887624556
6000000003887642521
6000000003887649679
6000000003887680380
6000000003888253971
6000000003888685572
6000000003889047420
6000000003889323729
6000000003889398784
6000000003889738741
6000000003889788604
6000000003890277026
6000000003893265398
6000000003893357197
6000000003893364246
6000000003894860010
6000000003896286934
6000000003896299978
6000000003896530119
6000000003896572008
6000000003896577202
6000000003896586589
6000000003896625013
6000000003897426330
6000000003897426336
6000000003897526195
6000000003897526333
6000000003897526339
6000000003897526345
6000000003897526357
6000000003897531035
6000000003897531120
6000000003897531264
6000000003897531276
6000000003897531283
6000000003897531289
6000000003897531325
6000000003897531331
6000000003897531458
6000000003897531464
6000000003897531808
6000000003897531814
6000000003897531916
6000000003897531922
6000000003897534054
6000000003897534060
6000000003897534181
6000000003897534217
6000000003897534240
6000000003897534246
6000000003897534251
6000000003897534257
6000000003897534416
6000000003897534439
6000000003897534629
6000000003897534660
6000000003897534667
6000000003897534673
6000000003897534751
6000000003897541119
6000000003897541274
6000000003897541280
6000000003897541297
6000000003897541303
6000000003897541552
6000000003897541577
6000000003897541628
6000000003897541674
6000000003897541752
6000000003897541851
6000000003897549117
6000000003897549170
6000000003897549177
6000000003897549326
6000000003897549600
6000000003897549776
6000000003897569425
6000000003897579596
6000000003897579687
6000000003897579982
6000000003897590336
6000000003897590594
6000000003900734402
6000000003902455177
6000000003902457261
6000000003902463181
6000000003910137240
6000000003910294059
6000000003914240581
6000000003914347093
6000000003914489214
6000000003919008154
6000000003919034108
6000000003924288481
6000000003926000139
6000000003926696659
6000000003926696664
6000000003926704373
6000000003933480146
6000000003933499315
6000000003935484952
6000000003937129048
6000000003937168812
6000000003937192913
6000000003937192930
6000000003937192949
6000000003937220101
6000000003937334608
6000000003937442235
6000000003937464057
6000000003945852813
6000000003945923233
6000000003948146691
6000000003948146698
6000000003948371045
6000000003948401571
6000000003949711151
6000000003949733856
6000000003949742135
6000000003949767239
6000000003949789940
6000000003949789947
6000000003949801025
6000000003949801061
6000000003949801518
6000000003949801752
6000000003949803274
6000000003949823754
6000000003949823868
6000000003949839567
6000000003949863728
6000000003949879854
6000000003949879932
6000000003949902858
6000000003949917419
6000000003949957979
6000000003949957986
6000000003949970192
6000000003950815381
6000000003950887415
6000000003956627834
6000000003956823277
6000000003956828024
6000000003962328571
6000000003962980836
6000000003965861069
6000000003966716148
6000000003967030443
6000000003967933470
6000000003968047096
6000000003972383924
6000000003972624073
6000000003974816428
6000000003975250632
6000000003977369202
6000000003977421400
6000000003978298813
6000000003978749772
6000000003978875970
6000000003978957273
6000000003979445674
6000000003979550274
6000000003979630054
6000000003979637099
6000000003979860846
6000000003980678544
6000000003980972256
6000000003981074906
6000000003982965831
6000000003982965838
6000000003983065967
6000000003983314953
6000000003983314960
6000000003983345887
6000000003983414674
6000000003983557511
6000000003983559795
6000000003983647397
6000000003983711638
6000000003983755091
6000000003983855600
6000000003985124471
6000000003998829486
6000000003998829500
6000000004002438959
6000000004002612584
6000000004005980627
6000000004006012229
6000000004006139924
6000000004009726976
6000000004009856786
6000000004010123698
6000000004014770238
6000000004015507665
6000000004016126057
6000000004018220361
6000000004018489010
6000000004022703992
6000000004022716923
6000000004022892576
6000000004022928845
6000000004023035234
6000000004023097065
6000000004027480774
6000000004027512383
6000000004027554855
6000000004027575224
6000000004027579543
6000000004027618518
6000000004027627158
6000000004027702164
6000000004027828222
6000000004027901487
6000000004027909474
6000000004027979402
6000000004028011310
6000000004028038028
6000000004031814027
6000000004032256496
6000000004036252525
6000000004036463613
6000000004036479514
6000000004037731346
6000000004037792206
6000000004042864982
6000000004043024484
6000000004043024491
6000000004043081492
6000000004043097252
6000000004045046003
6000000004045532001
6000000004045685126
6000000004045685139
6000000004045821353
6000000004052699411
6000000004052772407
6000000004052772413
6000000004054600299
6000000004054970276
6000000004055331434
6000000004055350526
6000000004055434050
6000000004055490006
6000000004056062837
6000000004056595167
6000000004056680231
6000000004056791182
6000000004058800000
6000000004058810675
6000000004058953728
6000000004064112943
6000000004064318896
6000000004064318903
6000000004064398550
6000000004064398557
6000000004064445528
6000000004064467894
6000000004064467901
6000000004065608412
6000000004065623188
6000000004066250112
6000000004067691930
6000000004067965081
6000000004081783364
6000000004084559147
6000000004085591308
6000000004089042013
6000000004089049136
6000000004089057865
6000000004089072249
6000000004089072850
6000000004089073043
6000000004089079896
6000000004089086258
6000000004089137964
6000000004089143454
6000000004089149045
6000000004089151161
6000000004089172362
6000000004089172703
6000000004089183711
6000000004089193647
6000000004089197046
6000000004089761255
6000000004093513448
6000000004093845048
6000000004093871270
6000000004094465924
6000000004094613305
6000000004095669337
6000000004096940136
6000000004098178359
6000000004099064858
6000000004099975305
6000000004100058919
6000000004110119785
6000000004111598767
6000000004111848877
6000000004112468363
6000000004119127129
6000000004119938046
6000000004120020238
6000000004124368470
6000000004124467581
6000000004124485921
6000000004124784084
6000000004124800524
6000000004125467907
6000000004125530664
6000000004125721282
6000000004128051749
6000000004131819438
6000000004148923307
6000000004148953168
6000000004148966484
6000000004148977344
6000000004148977548
6000000004148978545
6000000004148982567
6000000004148984190
6000000004148984904
6000000004148987446
6000000004148992304
6000000004148992320
6000000004149021049
6000000004157608187
6000000004166297704
6000000004166302861
6000000004167822768
6000000004172014319
6000000004172079146
6000000004173151815
6000000004173279686
6000000004173298796
6000000004173315226
6000000004173332418
6000000004173358316
6000000004173409466
6000000004173412338
6000000004173414047
6000000004173854087
6000000004179282017
6000000004179502370
6000000004179545315
6000000004179595177
6000000004197544895
6000000004205689599
6000000004205801821
6000000004205801828
6000000004205842830
6000000004210149695
6000000004210165436
6000000004210220619
6000000004210262222
6000000004210262331
6000000004210265168
6000000004210324557
6000000004210339094
6000000004210351071
6000000004210360913
6000000004210423808
6000000004223487832
6000000004241400060
6000000004249262608
6000000004249275131
6000000004249309392
6000000004249464173
6000000004250352313
6000000004250425294
6000000004250458441
6000000004250468052
6000000004250582050
6000000004250678067
6000000004250708386
6000000004250708393
6000000004250793260
6000000004250856033
6000000004250856040
6000000004250858860
6000000004250858867
6000000004250873011
6000000004251428481
6000000004256859955
6000000004257574335
6000000004259142301
6000000004259295115
6000000004259810431
6000000004262219556
6000000004262219786
6000000004262272658
6000000004262283309
6000000004262299912
6000000004262299924
6000000004262323150
6000000004262353841
6000000004268267616
6000000004269709370
6000000004269794118
6000000004270563407
6000000004271557737
6000000004271970657
6000000004272904704
6000000004282916954
6000000004283028432
6000000004283167081
6000000004283167088
6000000004283193362
6000000004284828886
6000000004285618635
6000000004285651299
6000000004285797825
6000000004286199184
6000000004286743764
6000000004286796652
6000000004286872599
6000000004287155704
6000000004287405442
6000000004287490622
6000000004288954624
6000000004290479914
6000000004290611400
6000000004290770085
6000000004294649864
6000000004303586351
6000000004304723931
6000000004306450650
6000000004306626215
6000000004306652099
6000000004306661170
6000000004306725569
6000000004306764102
6000000004313804007
6000000004315244900
6000000004316053217
6000000004318178341
6000000004324678769
6000000004325427789
6000000004333375349
6000000004333649789
6000000004334669776
6000000004335287604
6000000004335337720
6000000004336747003
6000000004339504530
6000000004339542289
6000000004339621448
6000000004339667571
6000000004339674881
6000000004339705495
6000000004339724882
6000000004343473997
6000000004343575617
6000000004343575642
6000000004343746948
6000000004344528746
6000000004349714832
6000000004349946276
6000000004351585805
6000000004351629107
6000000004351821229
6000000004351821912
6000000004351884856
6000000004351915411
6000000004360793405
6000000004370089235
6000000004370245656
6000000004370325082
6000000004370378435
6000000004376727612
6000000004378323201
6000000004378330179
6000000004382680602
6000000004382714125
6000000004382714196
6000000004382738909
6000000004382744674
6000000004382755830
6000000004382755932
6000000004383043944
6000000004383200035
6000000004388424748
6000000004397805952
6000000004404422467
6000000004414721009
6000000004415143007
6000000004453207002
6000000004454065002
6000000004526533002
6000000004526559011
6000000004526603037
6000000004526669032
6000000004531774732
6000000004532537004
6000000004532600932
6000000004533040365
6000000004533048343
6000000004533048351
6000000004533048673
6000000004533071096
6000000004533071778
6000000004533118932
6000000004533118944
6000000004533138023
6000000004533138274
6000000004533138317
6000000004533138341
6000000004533138548
6000000004533150728
6000000004533150734
6000000004533156312
6000000004533156860
6000000004533159335
6000000004533159341
6000000004533159572
6000000004533159593
6000000004533173128
6000000004533173415
6000000004533173484
6000000004533173571
6000000004533173610
6000000004533173616
6000000004533173677
6000000004533173689
6000000004533173761
6000000004533173832
6000000004533176050
6000000004533176162
6000000004533176176
6000000004533176191
6000000004533176327
6000000004533176333
6000000004533176387
6000000004533176419
6000000004533176431
6000000004533176457
6000000004533176554
6000000004533176560
6000000004533176578
6000000004533176640
6000000004533182195
6000000004533182213
6000000004533182238
6000000004533182251
6000000004533182257
6000000004533182271
6000000004533182399
6000000004533182456
6000000004533182470
6000000004533182543
6000000004533182670
6000000004533185245
6000000004533185330
6000000004533185374
6000000004533185440
6000000004533185454
6000000004533185468
6000000004533185474
6000000004533185487
6000000004533185508
6000000004533185794
6000000004533185856
6000000004533185950
6000000004533185957
6000000004533185964
6000000004533196039
6000000004533196100
6000000004533196167
6000000004533196174
6000000004533196182
6000000004533196189
6000000004533196407
6000000004533196483
6000000004533196497
6000000004533196548
6000000004533196555
6000000004533196565
6000000004533200881
6000000004533200962
6000000004533205907
6000000004533205981
6000000004533205987
6000000004533205994
6000000004533221116
6000000004533221195
6000000004533221202
6000000004533221248
6000000004533221340
6000000004533233392
6000000004533233412
6000000004533233446
6000000004533233453
6000000004533239075
6000000004533239082
6000000004533239089
6000000004533239110
6000000004533239291
6000000004533239298
6000000004533242324
6000000004533242441
6000000004533242523
6000000004533242537
6000000004533242737
6000000004533242898
6000000004533242918
6000000004533250080
6000000004533250087
6000000004533250419
6000000004533250650
6000000004533250657
6000000004533250712
6000000004533250767
6000000004533250810
6000000004533250817
6000000004533255520
6000000004533255527
6000000004533255541
6000000004533255589
6000000004533255595
6000000004533255885
6000000004533255892
6000000004533255899
6000000004533255906
6000000004533255925
6000000004533255940
6000000004533255954
6000000004533255975
6000000004533266161
6000000004533266631
6000000004533266649
6000000004533274488
6000000004533274516
6000000004533274523
6000000004533274562
6000000004533274806
6000000004533274825
6000000004533274832
6000000004533274851
6000000004533274904
6000000004533283075
6000000004533283082
6000000004533283096
6000000004533283290
6000000004533283305
6000000004533283312
6000000004533283471
6000000004533283913
6000000004533283926
6000000004533294018
6000000004533294031
6000000004533294171
6000000004533294198
6000000004533294217
6000000004533294507
6000000004533294537
6000000004533294558
6000000004533294564
6000000004533294663
6000000004533294709
6000000004533305664
6000000004533305917
6000000004533321345
6000000004533361818
6000000004533384157
6000000004533384241
6000000004533391846
6000000004533401102
6000000004533469792
6000000004533469861
6000000004533503066
6000000004533503102
6000000004533503201
6000000004533503214
6000000004533503221
6000000004533503290
6000000004533503311
6000000004533503379
6000000004533503483
6000000004533503541
6000000004533503829
6000000004533503890
6000000004533510121
6000000004533510128
6000000004533510141
6000000004533510222
6000000004533510232
6000000004533510247
6000000004533510261
6000000004533510289
6000000004533510295
6000000004533510342
6000000004533510348
6000000004533510369
6000000004533510375
6000000004533510381
6000000004533510388
6000000004533510395
6000000004533510413
6000000004533510440
6000000004533510445
6000000004533510450
6000000004533510455
6000000004533510465
6000000004533510511
6000000004533510517
6000000004533510523
6000000004533510528
6000000004533510644
6000000004533510674
6000000004533510686
6000000004533510751
6000000004533510757
6000000004533510777
6000000004533510784
6000000004533510887
6000000004533510893
6000000004533522186
6000000004533522212
6000000004533522361
6000000004533522373
6000000004533522465
6000000004533522524
6000000004533522578
6000000004533535122
6000000004533535150
6000000004533535401
6000000004533535425
6000000004533535600
6000000004533535763
6000000004533544430
6000000004533544511
6000000004533544517
6000000004533589977
6000000004533589984
6000000004533604580
6000000004533604619
6000000004533604973
6000000004533613035
6000000004533613060
6000000004533613148
6000000004533613519
6000000004533613642
6000000004533613698
6000000004533620269
6000000004533625152
6000000004533625159
6000000004533625542
6000000004533625918
6000000004533625940
6000000004533625954
6000000004533625967
6000000004533630082
6000000004533630730
6000000004533630883
6000000004533630910
6000000004533630991
6000000004533635453
6000000004533643468
6000000004533643738
6000000004533643996
6000000004533651003
6000000004533651163
6000000004533651416
6000000004533664122
6000000004533664148
6000000004533664166
6000000004533664172
6000000004533664301
6000000004533664314
6000000004533664320
6000000004533664326
6000000004533664376
6000000004533664395
6000000004533664521
6000000004533664635
6000000004533664681
6000000004533664733
6000000004533664800
6000000004533664872
6000000004533664956
6000000004533672046
6000000004533672090
6000000004533672231
6000000004533690441
6000000004533690448
6000000004533699347
6000000004533699409
6000000004533699565
6000000004533699739
6000000004533699752
6000000004533699758
6000000004533709130
6000000004533709443
6000000004533709565
6000000004533709571
6000000004533709577
6000000004533709583
6000000004533709603
6000000004533725383
6000000004533735090
6000000004533735641
6000000004533735647
6000000004533735654
6000000004533735729
6000000004533752211
6000000004533752216
6000000004533765543
6000000004533765549
6000000004533765556
6000000004533765610
6000000004533774225
6000000004533774279
6000000004533774826
6000000004533812563
6000000004533872782
6000000004533872788
6000000004533872794
6000000004533872801
6000000004533944690
6000000004533944932
6000000004533948143
6000000004538800287
6000000004539260204
6000000004543138179
6000000004543860129
6000000004545929704
6000000004548680406
6000000004548680413
6000000004548680419
6000000004548717765
6000000004549020407
6000000004550162508
6000000004550185678
6000000004550487069
6000000004550490385
6000000004550494138
6000000004550600550
6000000004550771287
6000000004551666670
6000000004551997367
6000000004552034259
6000000004552104289
6000000004554200147
6000000004554776665
6000000004555078076
6000000004555466226
6000000004555549095
6000000004556835744
6000000004559785731
6000000004559865516
6000000004559929425
6000000004560035264
6000000004570543627
6000000004570543634
6000000004570606628
6000000004570618214
6000000004570704255
6000000004570846702
6000000004570846709
6000000004570936489
6000000004570936496
6000000004571011376
6000000004581478776
6000000004585975199
6000000004585975204
6000000004585975418
6000000004585975603
6000000004585975613
6000000004585975618
6000000004586546893
6000000004586557447
6000000004586565238
6000000004586565260
6000000004586565434
6000000004587992160
6000000004588054533
6000000004588054615
6000000004588074489
6000000004588296767
6000000004588296774
6000000004588296999
6000000004588409025
6000000004588409031
6000000004588409336
6000000004588409342
6000000004588422730
6000000004589706086
6000000004589706569
6000000004589816855
6000000004589861169
6000000004589930012
6000000004611995009
6000000004612226018
6000000004612315016
6000000004630873041
6000000004638041474
6000000004638125065
6000000004640286847
6000000004645896271
6000000004645999036
6000000004648710071
6000000004656739050
6000000004656739426
6000000004656739464
6000000004656739499
6000000004656754798
6000000004660213991
6000000004660526012
6000000004660526351
6000000004660592409
6000000004660592415
6000000004660592737
6000000004660646432
6000000004660751427
6000000004668151640
6000000004668270505
6000000004668430381
6000000004668577328
6000000004669249966
6000000004669537193
6000000004669819753
6000000004672953014
6000000004673207320
6000000004673697650
6000000004674021249
6000000004679749824
6000000004680157968
6000000004680282254
6000000004680457860
6000000004680595668
6000000004680787142
6000000004689568515
6000000004692381168
6000000004692537382
6000000004692680668
6000000004692755807
6000000004692772298
6000000004692780639
6000000004692862708
6000000004714538009
6000000004714811001
6000000004717762023
6000000004719175019
6000000004725172002
6000000004746806041
6000000004747052010
6000000004774370007
6000000004774518008
6000000004826967987
6000000004827083958
6000000004827115508
6000000004827128731
6000000004827130761
6000000004827150892
6000000004827241068
6000000004827271034
6000000004827276873
6000000004828308499
6000000004828956170
6000000004831596402
6000000004831596409
6000000004831597880
6000000004831613586
6000000004838081617
6000000004838388133
6000000004839268609
6000000004839304936
6000000004839405750
6000000004840750234
6000000004840794314
6000000004840809205
6000000004840999361
6000000004841067384
6000000004841287265
6000000004846930902
6000000004846930928
6000000004847923376
6000000004849366847
6000000004850433566
6000000004850543054
6000000004850667392
6000000004850712687
6000000004852812605
6000000004859589412
6000000004867420884
6000000004867595767
6000000004867649372
6000000004867760276
6000000004867818204
6000000004867824125
6000000004867867127
6000000004867879030
6000000004868605978
6000000004868786477
6000000004868794127
6000000004868805911
6000000004868820301
6000000004868825160
6000000004868825307
6000000004868825363
6000000004868825370
6000000004868825377
6000000004868825686
6000000004868825693
6000000004868825755
6000000004868825762
6000000004868825768
6000000004868825775
6000000004868825781
6000000004868825790
6000000004868829561
6000000004868829581
6000000004868837171
6000000004868837771
6000000004868846355
6000000004868851005
6000000004868851014
6000000004868851195
6000000004868851834
6000000004868851987
6000000004868858091
6000000004868858516
6000000004868858524
6000000004868858538
6000000004868858547
6000000004868858554
6000000004868858564
6000000004868858571
6000000004868858580
6000000004868858843
6000000004868858850
6000000004868858857
6000000004868858991
6000000004868865009
6000000004868865030
6000000004868865580
6000000004868879425
6000000004868879436
6000000004868879716
6000000004868879805
6000000004868879819
6000000004868879826
6000000004868879855
6000000004868918415
6000000004868918822
6000000004868946110
6000000004868946117
6000000004868946349
6000000004868946389
6000000004868946396
6000000004868946956
6000000004868946970
6000000004868958110
6000000004868970668
6000000004868982278
6000000004868982682
6000000004868982696
6000000004868982704
6000000004868989063
6000000004868989574
6000000004868989609
6000000004868989617
6000000004868995358
6000000004868995393
6000000004868995400
6000000004868995922
6000000004869003557
6000000004869003765
6000000004869003877
6000000004869003884
6000000004869003892
6000000004869003907
6000000004869003921
6000000004869003929
6000000004869003981
6000000004869014683
6000000004869014690
6000000004869014830
6000000004869014858
6000000004869014886
6000000004869014928
6000000004869014985
6000000004869017013
6000000004869021724
6000000004869037306
6000000004869037313
6000000004869037447
6000000004869049152
6000000004869049159
6000000004869049166
6000000004869049173
6000000004869049181
6000000004869049188
6000000004869049195
6000000004869049322
6000000004869049343
6000000004869049514
6000000004869049528
6000000004869049569
6000000004869049636
6000000004869049708
6000000004869064462
6000000004869064943
6000000004869064950
6000000004869064957
6000000004869064964
6000000004869073667
6000000004869073952
6000000004869084151
6000000004869093009
6000000004869093016
6000000004869146851
6000000004869150099
6000000004869150127
6000000004869150134
6000000004869150169
6000000004869150176
6000000004869157604
6000000004869157611
6000000004869157618
6000000004869157626
6000000004869157633
6000000004869157641
6000000004869164349
6000000004869164356
6000000004869186684
6000000004869186698
6000000004869186756
6000000004869186766
6000000004869186773
6000000004869186780
6000000004869186808
6000000004869186815
6000000004869193413
6000000004869193434
6000000004869193637
6000000004869193644
6000000004869200369
6000000004869200391
6000000004869208933
6000000004869208941
6000000004869217795
6000000004869217803
6000000004869217852
6000000004869225115
6000000004869225171
6000000004871360856
6000000004871394240
6000000004871411278
6000000004876372322
6000000004876375993
6000000004883187509
6000000004887156398
6000000004928923001
6000000004953348031
6000000004953348133
6000000004953348178
6000000004953348448
6000000004953348977
6000000004954958423
6000000004957016884
6000000004957074106
6000000004957679597
6000000004957690942
6000000004965041297
6000000004967011431
6000000004970417848
6000000004971061816
6000000004972361184
6000000004973861668
6000000004974327334
6000000004978940813
6000000004978967700
6000000004979118138
6000000004979664757
6000000004979777552
6000000004988344492
6000000004988735770
6000000004988963148
6000000004988963154
6000000004988963168
6000000004988963185
6000000004990387956
6000000004990785568
6000000004990791216
6000000004990825062
6000000004990855080
6000000004990870621
6000000004990885297
6000000004990902758
6000000004990919055
6000000004990919390
6000000004990923262
6000000004990928098
6000000004990938164
6000000004995028707
6000000004995290692
6000000004995458367
6000000004995593956
6000000004995683567
6000000004995687609
6000000004996208829
6000000004996208836
6000000004996244962
6000000004996304370
6000000004996569451
6000000004996651154
6000000004997211434
6000000004998941157
6000000004999097855
6000000004999097862
6000000005002217707
6000000005004225581
6000000005004701677
6000000005005007689
6000000005005188189
6000000005006049388
6000000005006227919
6000000005006374142
6000000005011864691
6000000005012134163
6000000005013089190
6000000005013520418
6000000005013520425
6000000005015845266
6000000005016727590
6000000005017983373
6000000005018067052
6000000005023125986
6000000005024488005
6000000005024488026
6000000005024494891
6000000005024502001
6000000005024502379
6000000005024527055
6000000005029367221
6000000005035166996
6000000005035172783
6000000005035275562
6000000005037530650
6000000005037689063
6000000005038481512
6000000005039077080
6000000005039088371
6000000005045650865
6000000005045856581
6000000005046076290
6000000005048706601
6000000005049052482
6000000005049061681
6000000005049061707
6000000005049061712
6000000005049061722
6000000005049169266
6000000005049387058
6000000005049421000
6000000005049570690
6000000005049709800
6000000005049766696
6000000005049966397
6000000005049997287
6000000005052762483
6000000005058504636
6000000005058515863
6000000005058568692
6000000005058582750
6000000005058686415
6000000005058695553
6000000005058698373
6000000005058820024
6000000005060692479
6000000005060707656
6000000005062427898
6000000005063557395
6000000005063960178
6000000005067976578
6000000005068539735
6000000005072749060
6000000005073101033
6000000005076474146
6000000005076474301
6000000005076700501
6000000005076736656
6000000005076742255
6000000005076905322
6000000005076930664
6000000005086186583
6000000005093679998
6000000005094536958
6000000005094543992
6000000005094614640
6000000005094700846
6000000005094841252
6000000005095091419
6000000005095199713
6000000005095479024
6000000005098890813
6000000005103054785
6000000005103094403
6000000005103729725
6000000005103843557
6000000005103867637
6000000005103871447
6000000005103976191
6000000005106428523
6000000005106504115
6000000005106597003
6000000005106782088
6000000005134336003
6000000005154005003
6000000005219978683
6000000005222293166
6000000005222293173
6000000005222302586
6000000005222341077
6000000005222341084
6000000005222341104
6000000005222364034
6000000005222364041
6000000005222492129
6000000005223993571
6000000005224158154
6000000005226765491
6000000005229750431
6000000005232129757
6000000005241028746
6000000005241646924
6000000005241706738
6000000005248835643
6000000005250752283
6000000005250944982
6000000005250994199
6000000005251103756
6000000005251124863
6000000005251159017
6000000005268561001
6000000005336931001
6000000005380210617
6000000005380316394
6000000005380329693
6000000005380549011
6000000005391985684
6000000005392030075
6000000005392030080
6000000005392030292
6000000005392032205
6000000005392032219
6000000005392037002
6000000005392037027
6000000005392037033
6000000005392037113
6000000005392037134
6000000005392211528
6000000005394982455
6000000005395699562
6000000005402248731
6000000005404438661
6000000005404471344
6000000005406581101
6000000005406630017
6000000005406819728
6000000005406862960
6000000005407291287
6000000005413111373
6000000005414590318
6000000005416616842
6000000005417076176
6000000005440058476
6000000005440204203
6000000005478923248
6000000005517038003
6000000005517747001
6000000005560948730
6000000005566016639
6000000005566050884
6000000005566109312
6000000005566111889
6000000005566121444
6000000005566124300
6000000005566149572
6000000005566185064
6000000005566186131
6000000005566193234
6000000005566351597
6000000005566669474
6000000005566692200
6000000005570449997
6000000005570811049
6000000005572458779
6000000005572469194
6000000005576511080
6000000005576511140
6000000005576998291
6000000005577143480
6000000005577150405
6000000005577158936
6000000005578154214
6000000005584359578
6000000005585060837
6000000005585704284
6000000005586856920
6000000005587011087
6000000005587789441
6000000005587855694
6000000005588538629
6000000005588616059
6000000005588774140
6000000005597662049
6000000005597706401
6000000005597728020
6000000005597989197
6000000005598088056
6000000005598112048
6000000005598113568
6000000005598120631
6000000005598770170
6000000005598839041
6000000005598839181
6000000005598847685
6000000005598847840
6000000005598851006
6000000005598851255
6000000005598851327
6000000005598851433
6000000005598851643
6000000005598851872
6000000005598859165
6000000005598859189
6000000005598867088
6000000005598867316
6000000005598867737
6000000005598867760
6000000005598872029
6000000005598872233
6000000005598872449
6000000005598872880
6000000005598882201
6000000005598888440
6000000005598888561
6000000005598897132
6000000005598904003
6000000005599009107
6000000005599044675
6000000005599052968
6000000005599062003
6000000005599062023
6000000005599062062
6000000005599062084
6000000005599062094
6000000005599062253
6000000005599062446
6000000005599087707
6000000005599098019
6000000005599098534
6000000005599098885
6000000005599098959
6000000005599105351
6000000005599129555
6000000005599151339
6000000005599151568
6000000005599170844
6000000005599194558
6000000005599209525
6000000005599209693
6000000005599447055
6000000005603866318
6000000005604081289
6000000005604329549
6000000005604416301
6000000005604557389
6000000005604595177
6000000005604621312
6000000005604661702
6000000005604714151
6000000005604756048
6000000005605322168
6000000005608796797
6000000005608881439
6000000005609249046
6000000005609384911
6000000005609384919
6000000005609384957
6000000005609384982
6000000005609387002
6000000005609387009
6000000005609387056
6000000005622785343
6000000005633007002
6000000005638365019
6000000005671470806
6000000005675112860
6000000005676269605
6000000005678701014
6000000005681987006
6000000005682034042
6000000005682036012
6000000005687639365
6000000005692828001
6000000005694538013
6000000005703890001
6000000005704400010
6000000005705768014
6000000005730549003
6000000005732552252
6000000005737049161
6000000005738009388
6000000005738438489
6000000005738593444
6000000005738601446
6000000005739079393
6000000005739084218
6000000005739181918
6000000005739230155
6000000005739230804
6000000005741439172
6000000005747693254
6000000005747693279
6000000005747693299
6000000005747693309
6000000005747693324
6000000005747693329
6000000005747693334
6000000005747717823
6000000005747740533
6000000005747744909
6000000005747744914
6000000005747744919
6000000005747744934
6000000005758041019
6000000005767797351
6000000005767888778
6000000005768410363
6000000005768410404
6000000005768410731
6000000005768415171
6000000005784199697
6000000005784469124
6000000005784536054
6000000005784613052
6000000005788959827
6000000005789112209
6000000005789135437
6000000005789329209
6000000005789365172
6000000005789438199
6000000005790658979
6000000005790986904
6000000005791174546
6000000005791540221
6000000005791677093
6000000005791707018
6000000005791896564
6000000005791900593
6000000005791930741
6000000005791943640
6000000005792904234
6000000005794085315
6000000005796966019
6000000005811088010
6000000005811199001
6000000005811262018
6000000005811306006
6000000005859245001
6000000005861973018
6000000005863198667
6000000005864637017
6000000005869553008
6000000005870356001
6000000005873541019
6000000005874352030
6000000005874387003
6000000005881528561
6000000005895908004
6000000005910721929
6000000005911742635
6000000005911895391
6000000005912110182
6000000005913940193
6000000005913941106
6000000005920000922
6000000005922890529
6000000005924906190
6000000005930105664
6000000005930677988
6000000005931058360
6000000005931147613
6000000005931149698
6000000005931229140
6000000005931450615
6000000005931632199
6000000005931691377
6000000005931710162
6000000005931815165
6000000005932105197
6000000005934294182
6000000005934887877
6000000005936551695
6000000005936841091
6000000005936863007
6000000005936931116
6000000005936962165
6000000005937127057
6000000005939276220
6000000005939716536
6000000005940172199
6000000005946324308
6000000005946368472
6000000005951117348
6000000005951658109
6000000005953523490
6000000005953529656
6000000005953557679
6000000005954948055
6000000005956039079
6000000005965530995
6000000005987293003
6000000005990411008
6000000005999822001
6000000006000292008
6000000006007855001
6000000006009035001
6000000006011320007
6000000006018220006
6000000006018596002
6000000006019021001
6000000006019314001
6000000006019691008
6000000006019981001
6000000006026602016
6000000006036670007
6000000006077957709
6000000006078153724
6000000006078785713
6000000006079286768
6000000006079317279
6000000006079317319
6000000006079492556
6000000006079782831
6000000006079790328
6000000006079916148
6000000006080010470
6000000006080019451
6000000006090058905
6000000006090182957
6000000006090280647
6000000006090437341
6000000006090480551
6000000006090521585
6000000006092066072
6000000006092090205
6000000006092149172
6000000006092153019
6000000006092166085
6000000006092186241
6000000006092186261
6000000006093322184
6000000006096044564
6000000006098393265
6000000006100983062
6000000006100983068
6000000006100983073
6000000006100983380
6000000006101180186
6000000006101180751
6000000006101180957
6000000006101234761
6000000006101246396
6000000006101322830
6000000006101348547
6000000006101354384
6000000006101354388
6000000006101354400
6000000006101354412
6000000006101354469
6000000006101354564
6000000006101354589
6000000006101354604
6000000006101354608
6000000006101354612
6000000006101354617
6000000006101354623
6000000006101354628
6000000006101354639
6000000006101354653
6000000006101354658
6000000006101354662
6000000006101354667
6000000006101354687
6000000006101354693
6000000006101354712
6000000006101354745
6000000006101354780
6000000006101354786
6000000006101354791
6000000006101354833
6000000006101354838
6000000006101354877
6000000006101354883
6000000006101354887
6000000006101354893
6000000006101354905
6000000006101354910
6000000006101354926
6000000006101354978
6000000006101358003
6000000006101358616
6000000006101378991
6000000006101381220
6000000006101381478
6000000006101381611
6000000006101404871
6000000006101415430
6000000006101415532
6000000006101430231
6000000006101430311
6000000006101430326
6000000006101430330
6000000006101430335
6000000006101430339
6000000006101430344
6000000006101430348
6000000006101430360
6000000006101430364
6000000006101430368
6000000006101430374
6000000006101430380
6000000006101430384
6000000006101430389
6000000006101430394
6000000006101430399
6000000006101430412
6000000006101430416
6000000006101430421
6000000006101430426
6000000006101430432
6000000006101430437
6000000006101430441
6000000006101430463
6000000006101430490
6000000006103059273
6000000006103447029
6000000006103516025
6000000006103949345
6000000006103967287
6000000006103971265
6000000006104043208
6000000006110788739
6000000006111890476
6000000006114288324
6000000006114394198
6000000006119428862
6000000006119946287
6000000006120209725
6000000006120622450
6000000006120701110
6000000006120786110
6000000006120812143
6000000006120872045
6000000006120902003
6000000006121674170
6000000006123813097
6000000006124028786
6000000006124205509
6000000006124378492
6000000006125157073
6000000006125352102
6000000006125420277
6000000006125448136
6000000006125609239
6000000006125813004
6000000006127938104
6000000006128315972
6000000006128411604
6000000006128971586
6000000006129390166
6000000006130127140
6000000006131014605
6000000006131047120
6000000006131105658
6000000006131345848
6000000006131352470
6000000006131366241
6000000006131369851
6000000006131491053
6000000006131531097
6000000006131567298
6000000006134944581
6000000006143704003
6000000006146232904
6000000006146952792
6000000006147837662
6000000006147871354
6000000006147901345
6000000006151784592
6000000006165808127
6000000006166186694
6000000006167856177
6000000006170948305
6000000006171100207
6000000006171116120
6000000006174275230
6000000006174331130
6000000006174872773
6000000006174872994
6000000006175152646
6000000006175282418
6000000006175282468
6000000006175404311
6000000006175568510
6000000006175746012
6000000006175853094
6000000006187584476
6000000006194836014
6000000006196458559
6000000006197763557
6000000006202656582
6000000006203511397
6000000006204327035
6000000006204413102
6000000006206887948
6000000006207578859
6000000006207752838
6000000006207801615
6000000006207808535
6000000006208035394
6000000006208045321
6000000006208064199
6000000006208132192
6000000006208257685
6000000006208882253
6000000006209646776
6000000006209726376
6000000006209764570
6000000006209953129
6000000006209960107
6000000006209978636
6000000006210203413
6000000006210215414
6000000006210796399
6000000006211120330
6000000006211793351
6000000006212461552
6000000006212710584
6000000006212954397
6000000006213021419
6000000006213189279
6000000006213867017
6000000006231590878
6000000006231713937
6000000006231762843
6000000006232149445
6000000006232185179
6000000006232191396
6000000006232215517
6000000006232248524
6000000006232254132
6000000006232326262
6000000006232328174
6000000006232328903
6000000006232563041
6000000006232633093
6000000006232643724
6000000006232933635
6000000006232933655
6000000006232933659
6000000006233104490
6000000006233198170
6000000006236274527
6000000006237388961
6000000006237664757
6000000006238265442
6000000006238783132
6000000006239102039
6000000006239123023
6000000006239236544
6000000006239853928
6000000006240097504
6000000006240114528
6000000006240544619
6000000006240762109
6000000006242293627
6000000006242445833
6000000006242560469
6000000006246231244
6000000006250333608
6000000006250482371
6000000006250792091
6000000006251326364
6000000006252852276
6000000006255847237
6000000006257206008
6000000006265079045
6000000006265079057
6000000006266532197
6000000006271194025
6000000006272467155
6000000006274579773
6000000006275273405
6000000006275514388
6000000006275514426
6000000006275899033
6000000006275953110
6000000006276064025
6000000006276991515
6000000006277450036
6000000006277454096
6000000006277454334
6000000006277454509
6000000006277456066
6000000006277458978
6000000006277467384
6000000006277477609
6000000006277481815
6000000006277488391
6000000006277488501
6000000006277488521
6000000006277488555
6000000006277490567
6000000006277490715
6000000006277494323
6000000006277496927
6000000006277501852
6000000006277511164
6000000006277529030
6000000006277530783
6000000006277535119
6000000006277535355
6000000006277535391
6000000006277537540
6000000006277541701
6000000006277556378
6000000006277572061
6000000006277572649
6000000006277577034
6000000006277577274
6000000006277577397
6000000006277772039
6000000006277812007
6000000006277869048
6000000006278937912
6000000006279882343
6000000006280417013
6000000006280646501
6000000006281002268
6000000006281091263
6000000006281205099
6000000006281224211
6000000006281257161
6000000006281290006
6000000006281330010
6000000006281386116
6000000006290690807
6000000006290698601
6000000006290701556
6000000006290701729
6000000006290716901
6000000006290723442
6000000006290731061
6000000006290731130
6000000006290731839
6000000006290731843
6000000006290748620
6000000006290773071
6000000006292211799
6000000006292243777
6000000006292433719
6000000006292441731
6000000006292530919
6000000006292686426
6000000006292748202
6000000006292783201
6000000006292809347
6000000006292859080
6000000006292925065
6000000006292939126
6000000006292939562
6000000006292954040
6000000006293262267
6000000006294594631
6000000006296799111
6000000006321320508
6000000006321433426
6000000006321464612
6000000006321476639
6000000006322772024
6000000006323182161
6000000006323365059
6000000006332418252
6000000006333343399
6000000006333498268
6000000006333498290
6000000006345135821
6000000006345746945
6000000006345876909
6000000006346445176
6000000006346570086
6000000006355720542
6000000006356426171
6000000006357958730
6000000006358099267
6000000006358179885
6000000006358957087
6000000006365407973
6000000006365429953
6000000006365545217
6000000006365561709
6000000006365596303
6000000006366027491
6000000006366033661
6000000006366038164
6000000006366177606
6000000006366221216
6000000006367379694
6000000006367521619
6000000006367704307
6000000006367763402
6000000006367764277
6000000006367856093
6000000006367935031
6000000006367945174
6000000006374266198
6000000006378114022
6000000006386710007
6000000006403062437
6000000006403131266
6000000006403533310
6000000006405273744
6000000006405330421
6000000006405339324
6000000006405365159
6000000006405432264
6000000006405693020
6000000006410990497
6000000006411312185
6000000006411574769
6000000006411732572
6000000006411928510
6000000006412156065
6000000006417079440
6000000006419665999
6000000006420053747
6000000006420704264
6000000006420711150
6000000006420792286
6000000006420936026
6000000006420955056
6000000006421013012
6000000006421192755
6000000006421338583
6000000006421380692
6000000006422125713
6000000006422183306
6000000006422194686
6000000006422214851
6000000006426214696
6000000006426226093
6000000006426240320
6000000006426249395
6000000006426485562
6000000006426732402
6000000006426732785
6000000006426838394
6000000006426896257
6000000006426969666
6000000006426971350
6000000006427032204
6000000006427280197
6000000006428477266
6000000006428899898
6000000006428928703
6000000006428947762
6000000006429022689
6000000006429022774
6000000006429061474
6000000006429072689
6000000006429091594
6000000006429092560
6000000006429099501
6000000006429131705
6000000006429160920
6000000006429185618
6000000006429212329
6000000006429222222
6000000006429237377
6000000006429243294
6000000006429393133
6000000006429530210
6000000006429569019
6000000006429609009
6000000006431757289
6000000006438009043
6000000006442486534
6000000006442576107
6000000006442583351
6000000006444099811
6000000006444130826
6000000006444207566
6000000006444207606
6000000006444211652
6000000006444211657
6000000006444270409
6000000006444302718
6000000006444328048
6000000006444328055
6000000006444331600
6000000006444331614
6000000006444597314
6000000006444746010
6000000006444746021
6000000006444746042
6000000006444746047
6000000006444762178
6000000006445909058
6000000006451577913
6000000006451955612
6000000006455405281
6000000006455579515
6000000006456150096
6000000006456172940
6000000006456183392
6000000006456185367
6000000006456326002
6000000006456366213
6000000006457461002
6000000006457563001
6000000006458150002
6000000006458177004
6000000006462619006
6000000006467287002
6000000006502989726
6000000006509204013
6000000006510179001
6000000006513568001
6000000006515983001
6000000006568712910
6000000006568776789
6000000006569110713
6000000006569185248
6000000006569555544
6000000006574729702
6000000006575861049
6000000006580370431
6000000006580565103
6000000006581058988
6000000006581093136
6000000006581093182
6000000006581093237
6000000006581093602
6000000006581093679
6000000006581093948
6000000006581100129
6000000006581111670
6000000006582852027
6000000006582994318
6000000006589075895
6000000006591165821
6000000006591263683
6000000006591438787
6000000006591514748
6000000006591545591
6000000006591583687
6000000006591868087
6000000006591877138
6000000006591901100
6000000006591947092
6000000006591976147
6000000006591978194
6000000006592346785
6000000006593699319
6000000006594579046
6000000006594704008
6000000006596578757
6000000006596628946
6000000006596757510
6000000006596898308
6000000006596984132
6000000006597111678
6000000006597149232
6000000006597409399
6000000006597659093
6000000006597783062
6000000006602628669
6000000006603069835
6000000006603284595
6000000006605656009
6000000006605696667
6000000006605739610
6000000006605845187
6000000006605851563
6000000006605855251
6000000006605860257
6000000006606094452
6000000006606539094
6000000006606928030
6000000006607033020
6000000006607219021
6000000006694918162
6000000006705245388
6000000006706643334
6000000006709474252
6000000006709474304
6000000006709474358
6000000006709474364
6000000006709474915
6000000006709488424
6000000006709488755
6000000006709488891
6000000006709501064
6000000006709501278
6000000006709501873
6000000006712117411
6000000006712117447
6000000006712124914
6000000006712150677
6000000006712152025
6000000006712152464
6000000006712152479
6000000006712159601
6000000006712167617
6000000006712188334
6000000006712206672
6000000006712206911
6000000006712206961
6000000006712207000
6000000006712214989
6000000006712217045
6000000006712217050
6000000006712217055
6000000006712217060
6000000006712217066
6000000006712220091
6000000006712220115
6000000006712220224
6000000006712220287
6000000006712220866
6000000006712220988
6000000006712220993
6000000006712225156
6000000006712225201
6000000006712225347
6000000006712225363
6000000006712225464
6000000006712225479
6000000006712225514
6000000006712229689
6000000006712229694
6000000006712245529
6000000006712251828
6000000006712251834
6000000006712276348
6000000006712287081
6000000006712287091
6000000006712287101
6000000006712287106
6000000006712287111
6000000006712659528
6000000006712918218
6000000006712955097
6000000006713618935
6000000006713684723
6000000006713723210
6000000006713778572
6000000006713819793
6000000006713833575
6000000006713835621
6000000006713883443
6000000006713942214
6000000006714099182
6000000006714532048
6000000006714534494
6000000006718751474
6000000006719288582
6000000006719428320
6000000006719430340
6000000006719607027
6000000006719774273
6000000006719808183
6000000006720015447
6000000006720037413
6000000006721893593
6000000006727698258
6000000006727706329
6000000006727748289
6000000006727748299
6000000006727748324
6000000006727748331
6000000006727748347
6000000006727748385
6000000006727748415
6000000006727748447
6000000006727748465
6000000006727748476
6000000006727748494
6000000006727748504
6000000006727748512
6000000006727748518
6000000006727748528
6000000006727748532
6000000006727748540
6000000006727748555
6000000006727748583
6000000006727748590
6000000006727748607
6000000006727748625
6000000006727748636
6000000006727748650
6000000006727748656
6000000006727748663
6000000006727750363
6000000006727750378
6000000006727750384
6000000006727755610
6000000006727755902
6000000006727755909
6000000006727755926
6000000006727755933
6000000006727755939
6000000006727755947
6000000006727755956
6000000006727755960
6000000006727755977
6000000006727755984
6000000006727755988
6000000006727755992
6000000006727760008
6000000006727760012
6000000006727760742
6000000006727760747
6000000006727760752
6000000006727766046
6000000006727766075
6000000006727766088
6000000006727766324
6000000006727766333
6000000006727766342
6000000006727766358
6000000006727766362
6000000006727766366
6000000006727766371
6000000006727766380
6000000006727766384
6000000006727766392
6000000006727766396
6000000006727766407
6000000006727766412
6000000006727766432
6000000006727766437
6000000006727766442
6000000006727766452
6000000006727766457
6000000006727766464
6000000006727766485
6000000006727766490
6000000006727766495
6000000006727766508
6000000006727766514
6000000006727766525
6000000006727766531
6000000006727766537
6000000006727766549
6000000006727766582
6000000006727766595
6000000006727766608
6000000006727766612
6000000006727766620
6000000006727766625
6000000006727766629
6000000006727766637
6000000006727766642
6000000006727766647
6000000006727766657
6000000006727766661
6000000006727766666
6000000006727766679
6000000006727766711
6000000006727766715
6000000006727766723
6000000006727766728
6000000006727766733
6000000006727766737
6000000006727766745
6000000006727766749
6000000006727766757
6000000006727766770
6000000006727766778
6000000006727766782
6000000006727766790
6000000006727766798
6000000006727766802
6000000006727780505
6000000006727780778
6000000006727783179
6000000006727783200
6000000006727794050
6000000006727804460
6000000006727821721
6000000006727821728
6000000006727821749
6000000006727823308
6000000006727827824
6000000006727832747
6000000006727832846
6000000006727845120
6000000006727845134
6000000006727863795
6000000006727867660
6000000006727867674
6000000006727867688
6000000006727867908
6000000006727867983
6000000006727869011
6000000006727869236
6000000006727869428
6000000006727869435
6000000006727871031
6000000006727871181
6000000006727871663
6000000006727871800
6000000006727871858
6000000006727871963
6000000006727873134
6000000006727873141
6000000006727873371
6000000006727873467
6000000006727873475
6000000006727873559
6000000006727873891
6000000006727873998
6000000006727876600
6000000006727876701
6000000006727876736
6000000006727876881
6000000006727878120
6000000006727878243
6000000006727878375
6000000006727878435
6000000006727878440
6000000006727878465
6000000006727878490
6000000006727880274
6000000006727880382
6000000006727885898
6000000006727888172
6000000006727888417
6000000006727888646
6000000006727888669
6000000006727895068
6000000006727897970
6000000006727897985
6000000006727902278
6000000006727902633
6000000006727915303
6000000006727915313
6000000006727915740
6000000006727915839
6000000006727915849
6000000006727915854
6000000006727915995
6000000006727917510
6000000006727920904
6000000006727922137
6000000006727922574
6000000006727924302
6000000006727945289
6000000006727954721
6000000006727959511
6000000006731380168
6000000006731703026
6000000006733646797
6000000006733737629
6000000006733863253
6000000006733899521
6000000006733909423
6000000006733932331
6000000006734063120
6000000006735483316
6000000006735548889
6000000006735606730
6000000006735697304
6000000006740812253
6000000006741208328
6000000006757263321
6000000006758394928
6000000006758403643
6000000006758427915
6000000006758471892
6000000006758473690
6000000006759264455
6000000006759584442
6000000006759662294
6000000006759700801
6000000006759912192
6000000006759985356
6000000006760001408
6000000006760178280
6000000006760304154
6000000006760346362
6000000006760576256
6000000006760691014
6000000006762806998
6000000006763230515
6000000006763237565
6000000006763263902
6000000006763424307
6000000006763508268
6000000006763568151
6000000006763598175
6000000006763647063
6000000006774504549
6000000006774632152
6000000006774704069
6000000006775335561
6000000006775337542
6000000006775445502
6000000006775527271
6000000006775575141
6000000006775928585
6000000006776331618
6000000006783008048
6000000006783279617
6000000006783308591
6000000006783430554
6000000006783515223
6000000006783520581
6000000006783575928
6000000006783639478
6000000006783706584
6000000006783710804
6000000006783734987
6000000006783735567
6000000006783803767
6000000006783803776
6000000006783880503
6000000006783887495
6000000006783928270
6000000006783933412
6000000006784000160
6000000006784110054
6000000006784143033
6000000006784151163
6000000006784190103
6000000006784211061
6000000006784281059
6000000006784294033
6000000006784412086
6000000006788972615
6000000006789133513
6000000006789298848
6000000006789327015
6000000006789602342
6000000006792546007
6000000006796167203
6000000006802793668
6000000006803084798
6000000006803156915
6000000006803174710
6000000006803245555
6000000006803350389
6000000006803712071
6000000006809885647
6000000006810047524
6000000006810172375
6000000006810236112
6000000006810325016
6000000006810350803
6000000006810544823
6000000006810570718
6000000006810581444
6000000006810639197
6000000006810639412
6000000006810639566
6000000006810790144
6000000006812995423
6000000006815975265
6000000006815993369
6000000006816011104
6000000006816102200
6000000006816594689
6000000006816700328
6000000006816739430
6000000006816781407
6000000006816808313
6000000006816844228
6000000006816856065
6000000006816915069
6000000006816937076
6000000006816971014
6000000006820844039
6000000006826385044
6000000006831823543
6000000006837258682
6000000006842879105
6000000006847090177
6000000006847245330
6000000006851763542
6000000006853091053
6000000006864196194
6000000006864204830
6000000006864212124
6000000006864217573
6000000006865703890
6000000006870085654
6000000006880491517
6000000006882977275
6000000006883250034
6000000006885597027
6000000006886381819
6000000006887151262
6000000006897670347
6000000006904294096
6000000006905895228
6000000006905998531
6000000006905998786
6000000006906038573
6000000006906038788
6000000006906082545
6000000006906122964
6000000006906208607
6000000006906224300
6000000006906294761
6000000006906319108
6000000006906341870
6000000006906341951
6000000006906358038
6000000006906358050
6000000006906358062
6000000006906358126
6000000006906358150
6000000006906358240
6000000006906358298
6000000006906358364
6000000006906358387
6000000006906358393
6000000006906358399
6000000006906358485
6000000006906358557
6000000006906358676
6000000006906358909
6000000006906358945
6000000006906358969
6000000006906376127
6000000006906376338
6000000006906376356
6000000006906376656
6000000006906376819
6000000006906376959
6000000006906396100
6000000006906396112
6000000006906396145
6000000006906396815
6000000006906412348
6000000006906412491
6000000006906412508
6000000006906412678
6000000006906428333
6000000006906428932
6000000006906447277
6000000006906447443
6000000006906464210
6000000006906495353
6000000006906495864
6000000006906506088
6000000006906506120
6000000006906506387
6000000006906517236
6000000006906517836
6000000006906526596
6000000006906534035
6000000006906534335
6000000006906543427
6000000006906543684
6000000006906543961
6000000006906550173
6000000006906550197
6000000006906550416
6000000006906563318
6000000006906563398
6000000006906563934
6000000006906570375
6000000006906578140
6000000006906578280
6000000006906614042
6000000006906624674
6000000006906640457
6000000006906647110
6000000006906647944
6000000006906655766
6000000006906665043
6000000006906665142
6000000006906665314
6000000006906676716
6000000006906697113
6000000006906697171
6000000006906715592
6000000006906769813
6000000006906787270
6000000006906799262
6000000006906805701
6000000006908819443
6000000006910311513
6000000006910550924
6000000006911137060
6000000006911489831
6000000006911684428
6000000006921354150
6000000006924788090
6000000006926425312
6000000006927809505
6000000006929078096
6000000006929968676
6000000006930605572
6000000006935620696
6000000006935717673
6000000006937368694
6000000006937521500
6000000006945293694
6000000006945477764
6000000006945493836
6000000006945686542
6000000006945793288
6000000006945919188
6000000006946629116
6000000006946771637
6000000006951577615
6000000006951577621
6000000006951577624
6000000006951577627
6000000006951577630
6000000006951577633
6000000006951577636
6000000006951629328
6000000006954831488
6000000006955024525
6000000006955328062
6000000006959579132
6000000006959784014
6000000006963883084
6000000006963884155
6000000006963892442
6000000006963953359
6000000006963953420
6000000006964001859
6000000006964026189
6000000006964027522
6000000006964032752
6000000006964041394
6000000006964046239
6000000006966043024
6000000006968986647
6000000006969071691
6000000006970030370
6000000006970940899
6000000006971101504
6000000006971153259
6000000006971256586
6000000006971357246
6000000006971477022
6000000006971626120
6000000006971674088
6000000006971891137
6000000006977339144
6000000006977349377
6000000006978348319
6000000006978538048
6000000006988048964
6000000006988203922
6000000006988277433
6000000006988277451
6000000006988297553
6000000006988332452
6000000006988340843
6000000006988416823
6000000006988481419
6000000006988492120
6000000006988514328
6000000006988532127
6000000006988549183
6000000006988568013
6000000006988634143
6000000006988706172
6000000006988758746
6000000006988965155
6000000006989509411
6000000006989617193
6000000006990590476
6000000006990735353
6000000006991246155
6000000006993827541
6000000006994133416
6000000006994281260
6000000006994282176
6000000006994290305
6000000006994999074
6000000006995788403
6000000006997357124
6000000006997472376
6000000006998816386
6000000006998861430
6000000006999030219
6000000006999855756
6000000007000972259
6000000007001178097
6000000007005746972
6000000007005982778
6000000007006497039
6000000007013506147
6000000007014054306
6000000007016138768
6000000007016226606
6000000007016425641
6000000007016579387
6000000007016668173
6000000007016733239
6000000007016735004
6000000007016830846
6000000007016980039
6000000007017279935
6000000007017413574
6000000007017758077
6000000007018508166
6000000007021312882
6000000007022201866
6000000007022210486
6000000007022461275
6000000007022543268
6000000007022561109
6000000007025334841
6000000007025559649
6000000007025824186
6000000007026096031
6000000007026124028
6000000007031149199
6000000007031643650
6000000007032279184
6000000007032303503
6000000007032429648
6000000007032495521
6000000007032533689
6000000007034386068
6000000007034386075
6000000007034420001
6000000007035788440
6000000007041379411
6000000007041409270
6000000007041485135
6000000007042359238
6000000007042481899
6000000007042665732
6000000007042743388
6000000007042775500
6000000007043007101
6000000007043482057
6000000007044315335
6000000007048515168
6000000007048749006
6000000007051737905
6000000007057206263
6000000007057735234
6000000007057784035
6000000007057966845
6000000007058193896
6000000007058378429
6000000007058430981
6000000007058571761
6000000007058571963
6000000007058719011
6000000007058745828
6000000007058819877
6000000007058854753
6000000007058978064
6000000007058988050
6000000007059054092
6000000007059069239
6000000007059092099
6000000007060705339
6000000007060931064
6000000007061984364
6000000007062125217
6000000007068022165
6000000007068521484
6000000007068522384
6000000007068708192
6000000007069244332
6000000007074885293
6000000007075340210
6000000007078767466
6000000007079214226
6000000007079832221
6000000007079953080
6000000007086528162
6000000007086577488
6000000007086614548
6000000007086662766
6000000007086799142
6000000007086803438
6000000007086825325
6000000007087011118
6000000007087011123
6000000007087224258
6000000007087224270
6000000007087224284
6000000007087224288
6000000007095800229
6000000007105218345
6000000007114253414
6000000007117060407
6000000007130606991
6000000007130793210
6000000007134311546
6000000007141651300
6000000007142792499
6000000007150774373
6000000007150774919
6000000007150774959
6000000007150815865
6000000007150824240
6000000007150827754
6000000007150835585
6000000007150835678
6000000007150836101
6000000007150861989
6000000007150865725
6000000007150865900
6000000007150869626
6000000007150889075
6000000007150899257
6000000007150899697
6000000007150906456
6000000007150919378
6000000007150940630
6000000007150950294
6000000007150950849
6000000007151018800
6000000007151025332
6000000007151025583
6000000007151025719
6000000007151066816
6000000007151074579
6000000007151075189
6000000007151099425
6000000007151112923
6000000007151138969
6000000007151138986
6000000007151166308
6000000007151244463
6000000007151244692
6000000007151245035
6000000007151251247
6000000007151252193
6000000007151257772
6000000007151297723
6000000007151316257
6000000007151316586
6000000007151316986
6000000007151322733
6000000007151327775
6000000007151334697
6000000007151361260
6000000007151374532
6000000007151404634
6000000007151415493
6000000007151460153
6000000007151472333
6000000007151472634
6000000007151472952
6000000007151473094
6000000007151509527
6000000007151522815
6000000007151555328
6000000007151587832
6000000007151587870
6000000007151604743
6000000007151604799
6000000007151604906
6000000007151614226
6000000007151640930
6000000007151674287
6000000007151675195
6000000007151702098
6000000007151702153
6000000007151724706
6000000007151730632
6000000007151750224
6000000007151766150
6000000007151785822
6000000007151786603
6000000007151786794
6000000007151798615
6000000007151803604
6000000007151823690
6000000007151852239
6000000007151852553
6000000007151890635
6000000007151890921
6000000007151891110
6000000007151909804
6000000007151927394
6000000007151927412
6000000007151943238
6000000007151980579
6000000007152014225
6000000007152031444
6000000007152092205
6000000007152097436
6000000007152129568
6000000007152159319
6000000007152166394
6000000007152232364
6000000007152235217
6000000007152833600
6000000007153111495
6000000007153116755
6000000007153271602
6000000007153271607
6000000007153271616
6000000007153472209
6000000007153646266
6000000007153667236
6000000007158317181
6000000007158491988
6000000007158512933
6000000007158556871
6000000007158773350
6000000007158955898
6000000007159015355
6000000007159091990
6000000007159152823
6000000007159178997
6000000007159201467
6000000007159201865
6000000007159358779
6000000007159407883
6000000007159434970
6000000007159504846
6000000007159516157
6000000007159540301
6000000007159575947
6000000007159604788
6000000007159669623
6000000007159683481
6000000007159692263
6000000007159731839
6000000007160041228
6000000007160176211
6000000007161356474
6000000007161358419
6000000007161365878
6000000007161373496
6000000007161406498
6000000007161503201
6000000007161505211
6000000007161506208
6000000007161513237
6000000007165964518
6000000007166209522
6000000007166320333
6000000007166417374
6000000007166486207
6000000007166510276
6000000007166510298
6000000007167705951
6000000007169716855
6000000007169798667
6000000007171629271
6000000007175052771
6000000007175170913
6000000007175673322
6000000007175754295
6000000007175756336
6000000007175786227
6000000007176713157
6000000007176892629
6000000007176909706
6000000007177013341
6000000007177425549
6000000007177486846
6000000007177490851
6000000007177618613
6000000007177777542
6000000007177791864
6000000007177853683
6000000007177935621
6000000007177954808
6000000007177971808
6000000007177976262
6000000007177991418
6000000007178012940
6000000007178085294
6000000007178086212
6000000007178114860
6000000007178121265
6000000007178201225
6000000007178205323
6000000007178255359
6000000007178268218
6000000007178287593
6000000007178302265
6000000007178327850
6000000007178328224
6000000007178350211
6000000007178395547
6000000007178621922
6000000007178978204
6000000007180417366
6000000007183279647
6000000007185428279
6000000007185622035
6000000007186271392
6000000007186344294
6000000007186364367
6000000007186376295
6000000007186404253
6000000007186417318
6000000007186435218
6000000007186471201
6000000007186471271
6000000007190239235
6000000007190454203
6000000007190573413
6000000007190576330
6000000007190748446
6000000007190751289
6000000007191113212
6000000007191398255
6000000007191415972
6000000007191918707
6000000007192013315
6000000007208478772
6000000007209070059
6000000007209082108
6000000007213183226
6000000007215687165
6000000007218908325
6000000007218965239
6000000007223539181
6000000007223746745
6000000007223902100
6000000007224216898
6000000007224439457
6000000007224471381
6000000007224488329
6000000007224517301
6000000007224517343
6000000007225671263
6000000007225817026
6000000007228090997
6000000007232003012
6000000007232192644
6000000007233295515
6000000007233412296
6000000007233430272
6000000007233641797
6000000007233788471
6000000007235808624
6000000007237395312
6000000007240331205
6000000007240768475
6000000007240824388
6000000007240843378
6000000007240873233
6000000007240898483
6000000007241237658
6000000007241262485
6000000007241283792
6000000007243782368
6000000007243988219
6000000007244287240
6000000007244376077
6000000007248628259
6000000007248988839
6000000007249226008
6000000007249389502
6000000007249499326
6000000007249954457
6000000007250051617
6000000007255826761
6000000007255839205
6000000007255845695
6000000007255856215
6000000007255872077
6000000007255886106
6000000007255907239
6000000007255907258
6000000007255915744
6000000007255938465
6000000007255972602
6000000007255980618
6000000007255980837
6000000007258637367
6000000007260115527
6000000007260250269
6000000007264355619
6000000007265083885
6000000007265252867
6000000007274283215
6000000007277827729
6000000007297348944
6000000007297979815
6000000007298407223
6000000007300427379
6000000007300473389
6000000007303656848
6000000007305154103
6000000007305230792
6000000007305333439
6000000007305676823
6000000007305676841
6000000007305676917
6000000007305676936
6000000007305677087
6000000007316403023
6000000007321093474
6000000007329359470
6000000007329368699
6000000007329368929
6000000007329369069
6000000007329369151
6000000007329382852
6000000007329382857
6000000007329383086
6000000007329503253
6000000007329643116
6000000007329714942
6000000007329725483
6000000007329867150
6000000007329875388
6000000007329914826
6000000007330038349
6000000007330223786
6000000007330732472
6000000007330736458
6000000007330741307
6000000007330743718
6000000007330811201
6000000007330939065
6000000007331031347
6000000007331144280
6000000007331144311
6000000007331145321
6000000007331177218
6000000007331622581
6000000007332394452
6000000007332694351
6000000007335484017
6000000007335906838
6000000007335981362
6000000007336888279
6000000007337035804
6000000007337162704
6000000007337177563
6000000007337182569
6000000007337183645
6000000007337261308
6000000007338667580
6000000007338753527
6000000007338979252
6000000007345388521
6000000007345555913
6000000007345564269
6000000007345667631
6000000007345716842
6000000007345723540
6000000007345818438
6000000007345823447
6000000007347974421
6000000007348536787
6000000007348711540
6000000007353584504
6000000007355319799
6000000007355772440
6000000007355860351
6000000007355902264
6000000007355913208
6000000007357923464
6000000007360223893
6000000007360549770
6000000007360583984
6000000007360681888
6000000007360872802
6000000007360875527
6000000007360939224
6000000007360977697
6000000007361002701
6000000007361054747
6000000007361074586
6000000007361084226
6000000007361102207
6000000007361139408
6000000007361143654
6000000007361178569
6000000007361285243
6000000007361352517
6000000007361365363
6000000007361407306
6000000007363447605
6000000007369851958
6000000007369880557
6000000007370141910
6000000007370175678
6000000007370211940
6000000007370284470
6000000007370343451
6000000007370351447
6000000007370433466
6000000007370465360
6000000007370492712
6000000007372269548
6000000007372736542
6000000007373728437
6000000007376207986
6000000007376234140
6000000007376492703
6000000007376612710
6000000007376783807
6000000007376819364
6000000007377067414
6000000007377084456
6000000007377094526
6000000007377148524
6000000007377151717
6000000007377159393
6000000007377213718
6000000007377232723
6000000007377299625
6000000007377315413
6000000007377345788
6000000007377440374
6000000007377453286
6000000007377454354
6000000007377482324
6000000007383469879
6000000007383527377
6000000007383978909
6000000007384385901
6000000007384473603
6000000007384550134
6000000007384592527
6000000007384676788
6000000007384755357
6000000007384777401
6000000007384786331
6000000007384790310
6000000007385419119
6000000007385419136
6000000007385420123
6000000007385429088
6000000007385467079
6000000007385588835
6000000007385600747
6000000007385605773
6000000007385644071
6000000007385687754
6000000007385688935
6000000007385723086
6000000007385751489
6000000007385763321
6000000007385781976
6000000007385797425
6000000007385804376
6000000007385806139
6000000007385811472
6000000007385814564
6000000007385846941
6000000007385868365
6000000007385895781
6000000007385908493
6000000007385946307
6000000007385956220
6000000007386158661
6000000007386344262
6000000007386410167
6000000007386692192
6000000007386852974
6000000007386881233
6000000007386927659
6000000007386934705
6000000007386995526
6000000007386995918
6000000007387011652
6000000007387018987
6000000007387096731
6000000007387106218
6000000007387136841
6000000007387160612
6000000007387160702
6000000007387164617
6000000007387195735
6000000007387195991
6000000007387255344
6000000007387264577
6000000007387276400
6000000007387303479
6000000007387319811
6000000007387319838
6000000007387325320
6000000007387334201
6000000007387336237
6000000007387380336
6000000007387392346
6000000007387409218
6000000007387458269
6000000007387506405
6000000007387709280
6000000007388667793
6000000007388892932
6000000007388931141
6000000007389262584
6000000007389363369
6000000007389427607
6000000007389493725
6000000007389864581
6000000007390165391
6000000007390250234
6000000007390261296
6000000007390369213
6000000007390390211
6000000007391051017
6000000007392481531
6000000007392498726
6000000007392551887
6000000007392576300
6000000007393225573
6000000007393260516
6000000007393282593
6000000007393312645
6000000007393379736
6000000007393389612
6000000007393452431
6000000007393499251
6000000007393509207
6000000007394719242
6000000007394738448
6000000007394785319
6000000007394808250
6000000007394889209
6000000007394895215
6000000007394963376
6000000007395253815
6000000007395889481
6000000007398909436
6000000007398909446
6000000007398909451
6000000007400544452
6000000007400564349
6000000007404104027
6000000007404104172
6000000007404418226
6000000007404460016
6000000007404483909
6000000007404582415
6000000007404585307
6000000007404654237
6000000007404658419
6000000007404761490
6000000007404791794
6000000007404821626
6000000007404873378
6000000007404876494
6000000007404888416
6000000007404897371
6000000007404897374
6000000007404902446
6000000007404949258
6000000007404949346
6000000007404953440
6000000007404975317
6000000007405004252
6000000007408323180
6000000007408425432
6000000007408759264
6000000007410119822
6000000007410250867
6000000007410868784
6000000007413548175
6000000007416745166
6000000007417018085
6000000007417141707
6000000007417266484
6000000007417281604
6000000007425076586
6000000007425219456
6000000007425314623
6000000007427191859
6000000007427366483
6000000007427508274
6000000007427665201
6000000007427915422
6000000007427965254
6000000007436894218
6000000007436918201
6000000007437920930
6000000007438034858
6000000007438244433
6000000007438260391
6000000007438565259
6000000007438611276
6000000007438625216
6000000007438630244
6000000007442119232
6000000007442137271
6000000007442188206
6000000007446351275
6000000007451200655
6000000007452690791
6000000007452977459
6000000007453576073
6000000007453720795
6000000007453766619
6000000007453861791
6000000007453868294
6000000007453949814
6000000007455865508
6000000007455965639
6000000007456047874
6000000007456125236
6000000007456135552
6000000007456183532
6000000007456288331
6000000007456333287
6000000007462278739
6000000007462741918
6000000007462870097
6000000007462904783
6000000007463116370
6000000007463347384
6000000007463374622
6000000007465424145
6000000007465653287
6000000007467706060
6000000007467989897
6000000007469306490
6000000007469328386
6000000007472051048
6000000007489046924
6000000007490487411
6000000007491114176
6000000007497267872
6000000007497466404
6000000007497635290
6000000007499545881
6000000007502747736
6000000007502792297
6000000007510043633
6000000007510081879
6000000007510081995
6000000007510090247
6000000007512887719
6000000007512954111
6000000007513185369
6000000007513336281
6000000007513339285
6000000007513364768
6000000007513370423
6000000007513385612
6000000007513401606
6000000007513405389
6000000007513435091
6000000007513504587
6000000007513519248
6000000007513525267
6000000007513539897
6000000007513546203
6000000007513579276
6000000007513627580
6000000007513653926
6000000007513701446
6000000007513711631
6000000007513742949
6000000007513772653
6000000007513783025
6000000007513793289
6000000007513839354
6000000007513858514
6000000007513895370
6000000007513920771
6000000007513934259
6000000007513941263
6000000007514022296
6000000007514058349
6000000007514077309
6000000007520262237
6000000007522729674
6000000007529122061
6000000007529131374
6000000007529142547
6000000007529143060
6000000007532037361
6000000007533423940
6000000007533579910
6000000007533621674
6000000007533622623
6000000007533626911
6000000007533818665
6000000007533819561
6000000007533843341
6000000007533882559
6000000007533882775
6000000007533895653
6000000007537382593
6000000007540280642
6000000007540491273
6000000007548814131
6000000007553187362
6000000007553223684
6000000007553285401
6000000007553350357
6000000007553936369
6000000007553937389
6000000007562668133
6000000007562782882
6000000007562998869
6000000007566148508
6000000007566157680
6000000007566186648
6000000007575333928
6000000007575558541
6000000007575690227
6000000007576330496
6000000007577961246
6000000007578783922
6000000007578928484
6000000007584617218
6000000007584661312
6000000007593862015
6000000007603881234
6000000007607735677
6000000007607750419
6000000007607882212
6000000007626052177
6000000007626120155
6000000007626293686
6000000007626385063
6000000007626602378
6000000007630601130
6000000007630722060
6000000007630847300
6000000007630851679
6000000007630866437
6000000007641335648
6000000007658087041
6000000007658406552
6000000007658436511
6000000007658514511
6000000007658525343
6000000007658535480
6000000007658633235
6000000007658655231
6000000007658665350
6000000007658671218
6000000007662254986
6000000007664714420
6000000007665914356
6000000007665918998
6000000007676090483
6000000007677455945
6000000007679424847
6000000007679492851
6000000007679519122
6000000007679545077
6000000007679722639
6000000007679813913
6000000007679887674
6000000007680229625
6000000007680362395
6000000007680364437
6000000007685011239
6000000007690972801
6000000007692795726
6000000007713525260
6000000007713589823
6000000007728125080
6000000007728477677
6000000007728655276
6000000007728736354
6000000007728817336
6000000007741285789
6000000007741552334
6000000007742585804
6000000007742609737
6000000007742631634
6000000007743053350
6000000007743366559
6000000007743985851
6000000007744085342
6000000007745096329
6000000007753024526
6000000007753024535
6000000007753024542
6000000007753994217
6000000007753994221
6000000007753994238
6000000007753994288
6000000007753994294
6000000007753994306
6000000007753994513
6000000007753994518
6000000007753994527
6000000007753994545
6000000007753994554
6000000007753994558
6000000007753994563
6000000007753994567
6000000007753994649
6000000007753994653
6000000007753994659
6000000007753994807
6000000007753994822
6000000007753995107
6000000007754008288
6000000007754008292
6000000007754008296
6000000007754008539
6000000007754008551
6000000007754008596
6000000007754008622
6000000007754008640
6000000007754008644
6000000007754008648
6000000007754008652
6000000007754008854
6000000007754008859
6000000007754008864
6000000007754008868
6000000007754008886
6000000007754008944
6000000007754037461
6000000007754037899
6000000007754037915
6000000007754038153
6000000007754038169
6000000007754038173
6000000007754038181
6000000007754053222
6000000007754053434
6000000007754053439
6000000007754053595
6000000007754211136
6000000007754211140
6000000007754293310
6000000007754293314
6000000007754293330
6000000007754293336
6000000007754293340
6000000007754293346
6000000007754293484
6000000007754293488
6000000007754293492
6000000007754293513
6000000007754293518
6000000007754293522
6000000007754293526
6000000007754293560
6000000007754293581
6000000007754293615
6000000007754293691
6000000007754293791
6000000007754293932
6000000007754293964
6000000007761163335
6000000007764169228
6000000007764441699
6000000007764501260
6000000007774020518
6000000007774194521
6000000007774306528
6000000007774398413
6000000007776485640
6000000007778714948
6000000007778825533
6000000007778856577
6000000007791597349
6000000007792559049
6000000007792903664
6000000007793001138
6000000007793266641
6000000007793316058
6000000007793397239
6000000007793451408
6000000007793486741
6000000007793562990
6000000007793652262
6000000007793661476
6000000007793710443
6000000007793780623
6000000007805670626
6000000007805714522
6000000007805896284
6000000007806817439
6000000007808085830
6000000007808176674
6000000007818561061
6000000007818737070
6000000007818789797
6000000007818790141
6000000007818815046
6000000007818873404
6000000007818894577
6000000007818897614
6000000007818951638
6000000007819077385
6000000007819140327
6000000007819155230
6000000007819158265
6000000007819177260
6000000007820516241
6000000007821686289
6000000007823201627
6000000007823574572
6000000007823618238
6000000007823665230
6000000007836998334
6000000007839677203
6000000007847453842
6000000007847541840
6000000007847569803
6000000007847625669
6000000007847670836
6000000007848537521
6000000007849908245
6000000007860968480
6000000007861533388
6000000007861533394
6000000007861533413
6000000007862769875
6000000007863298198
6000000007863333055
6000000007868534560
6000000007868682336
6000000007871342554
6000000007872097184
6000000007872136450
6000000007872159689
6000000007872224224
6000000007872334406
6000000007872445231
6000000007878195769
6000000007878381314
6000000007886925671
6000000007886932813
6000000007887039233
6000000007887046205
6000000007898581909
6000000007901795412
6000000007911423200
6000000007911721483
6000000007912625526
6000000007912698452
6000000007912788360
6000000007914966947
6000000007915208588
6000000007915222427
6000000007915222432
6000000007915283422
6000000007915298090
6000000007915334543
6000000007915348606
6000000007915348639
6000000007915351764
6000000007915388240
6000000007915389702
6000000007915412431
6000000007915429361
6000000007915455367
6000000007915460465
6000000007915505577
6000000007915539616
6000000007915729523
6000000007915975712
6000000007922625130
6000000007922635151
6000000007922641924
6000000007922780674
6000000007925767921
6000000007925943554
6000000007926052549
6000000007926071387
6000000007926143400
6000000007926156818
6000000007926228816
6000000007926329398
6000000007926342467
6000000007926375384
6000000007926471336
6000000007950946278
6000000007951060259
6000000007958767639
6000000007963388035
6000000007974321632
6000000007974327545
6000000007978011079
6000000007978011138
6000000007978029268
6000000007978030051
6000000007978030054
6000000007979202134
6000000007979445285
6000000007981242542
6000000007981465964
6000000007981557267
6000000007981623216
6000000007981879224
6000000007989249295
6000000007989574359
6000000007989584819
6000000007990529711
6000000007990688220
6000000007991213397
6000000007995951697
6000000007996218201
6000000008003624026
6000000008003666637
6000000008003802360
6000000008003898211
6000000008004334043
6000000008004418918
6000000008004518667
6000000008004518685
6000000008004671255
6000000008007946298
6000000008009285998
6000000008009383780
6000000008010025730
6000000008010117294
6000000008011078694
6000000008011386308
6000000008011446752
6000000008011456573
6000000008011535497
6000000008011547369
6000000008011568375
6000000008011653680
6000000008011668307
6000000008011683396
6000000008011777317
6000000008017979485
6000000008021020173
6000000008021170635
6000000008021369565
6000000008021369582
6000000008021470468
6000000008021477466
6000000008021505316
6000000008021557209
6000000008023729341
6000000008023757388
6000000008023777421
6000000008024856179
6000000008025009422
6000000008025013696
6000000008025065986
6000000008025123769
6000000008025155390
6000000008025210314
6000000008025303418
6000000008025311227
6000000008025413980
6000000008025517989
6000000008025596154
6000000008025617745
6000000008025733491
6000000008025862415
6000000008026051233
6000000008027865615
6000000008033628398
6000000008050425078
6000000008050509389
6000000008050700069
6000000008050728033
6000000008050917580
6000000008050941443
6000000008050986230
6000000008051006406
6000000008051032314
6000000008052065469
6000000008052392949
6000000008052442665
6000000008052587389
6000000008052642281
6000000008053578152
6000000008058210198
6000000008058355123
6000000008058368146
6000000008058371192
6000000008058374795
6000000008058423791
6000000008058442044
6000000008058458691
6000000008058468686
6000000008058522355
6000000008058570325
6000000008058571493
6000000008058597328
6000000008058613427
6000000008058630287
6000000008058659451
6000000008058664445
6000000008058678340
6000000008058688233
6000000008061373199
6000000008062269710
6000000008064143164
6000000008064311792
6000000008064987051
6000000008075818748
6000000008075841617
6000000008075921189
6000000008076059385
6000000008076061424
6000000008078631258
6000000008078990204
6000000008079877112
6000000008080081209
6000000008089758444
6000000008090482782
6000000008090573470
6000000008090598532
6000000008090616643
6000000008090689202
6000000008101369051
6000000008101537539
6000000008102538809
6000000008102562404
6000000008102835620
6000000008112460783
6000000008112494525
6000000008112627262
6000000008112651096
6000000008112754397
6000000008112761943
6000000008112765917
6000000008112804941
6000000008112845056
6000000008112879946
6000000008112904489
6000000008112968250
6000000008112984321
6000000008112985209
6000000008113004506
6000000008113005870
6000000008113024236
6000000008113115407
6000000008113137279
6000000008113184155
6000000008113200294
6000000008113297227
6000000008113344252
6000000008113351094
6000000008113552528
6000000008113554508
6000000008113605302
6000000008113618214
6000000008113627581
6000000008113638863
6000000008113647216
6000000008113744337
6000000008113768477
6000000008113780738
6000000008113783869
6000000008113819071
6000000008113936665
6000000008113946447
6000000008113948763
6000000008113980514
6000000008113980782
6000000008113987852
6000000008114029293
6000000008114105722
6000000008114111556
6000000008114148749
6000000008114167750
6000000008114208671
6000000008114210133
6000000008114213185
6000000008114307280
6000000008114334460
6000000008114392546
6000000008114439303
6000000008114439489
6000000008114474295
6000000008114483531
6000000008114493239
6000000008114505373
6000000008114513304
6000000008114533357
6000000008117547683
6000000008117614264
6000000008117640259
6000000008117704941
6000000008117728574
6000000008123783874
6000000008127500943
6000000008127502447
6000000008127523493
6000000008127596262
6000000008127608536
6000000008127640201
6000000008127646739
6000000008127677144
6000000008127686725
6000000008127765261
6000000008127809264
6000000008128039115
6000000008128203312
6000000008141115829
6000000008141118544
6000000008142176896
6000000008150148561
6000000008151238638
6000000008151444988
6000000008151528217
6000000008151674214
6000000008151874763
6000000008151921453
6000000008151978067
6000000008151984395
6000000008152187322
6000000008152198021
6000000008152322755
6000000008160460824
6000000008166829170
6000000008176866639
6000000008177264675
6000000008177289950
6000000008177297050
6000000008177322888
6000000008177323005
6000000008177323130
6000000008177323133
6000000008177323137
6000000008177323140
6000000008177419585
6000000008177419782
6000000008177457384
6000000008177457464
6000000008177465898
6000000008177465916
6000000008177465957
6000000008177465997
6000000008177466006
6000000008177466035
6000000008177466043
6000000008177466052
6000000008177466060
6000000008177466065
6000000008177466074
6000000008177466078
6000000008177466083
6000000008177466091
6000000008177466096
6000000008177466105
6000000008177466110
6000000008177466118
6000000008177466133
6000000008177466147
6000000008177466162
6000000008177466166
6000000008177466179
6000000008177466192
6000000008177466199
6000000008177475209
6000000008177475219
6000000008177475223
6000000008177475226
6000000008177475234
6000000008177475249
6000000008177475276
6000000008177475289
6000000008177475292
6000000008177475298
6000000008177475301
6000000008177475307
6000000008177510021
6000000008190115888
6000000008190193859
6000000008190217695
6000000008190422760
6000000008192122953
6000000008192256076
6000000008192337350
6000000008197040743
6000000008197048898
6000000008197492978
6000000008198641024
6000000008199415647
6000000008200119127
6000000008200195062
6000000008200349454
6000000008200380508
6000000008200387454
6000000008200407668
6000000008200419852
6000000008200419919
6000000008200445365
6000000008200689133
6000000008200927492
6000000008200929392
6000000008206890127
6000000008207492099
6000000008212113376
6000000008218383173
6000000008218481961
6000000008218772976
6000000008221987905
6000000008222099198
6000000008222190578
6000000008222199577
6000000008222292351
6000000008222310790
6000000008222349306
6000000008246829280
6000000008246856201
6000000008246874207
6000000008248123480
6000000008248123847
6000000008248123866
6000000008248136261
6000000008248136587
6000000008248147331
6000000008248147373
6000000008248165238
6000000008248165320
6000000008248165386
6000000008248165485
6000000008248174600
6000000008248183477
6000000008248188271
6000000008248188278
6000000008248206405
6000000008248206507
6000000008248206524
6000000008248299023
6000000008248363443
6000000008248363481
6000000008248363487
6000000008248363792
6000000008248363844
6000000008248363913
6000000008248363916
6000000008248372365
6000000008248391690
6000000008248421599
6000000008248430260
6000000008248430400
6000000008248436781
6000000008248466827
6000000008248641692
6000000008248641698
6000000008248641801
6000000008248664316
6000000008248939764
6000000008250258163
6000000008250277565
6000000008250385063
6000000008250886933
6000000008251162850
6000000008260020376
6000000008261431711
6000000008264669961
6000000008264866569
6000000008266000023
6000000008266067033
6000000008266252169
6000000008266296763
6000000008266526258
6000000008266544349
6000000008266620467
6000000008266789358
6000000008267486007
6000000008268244687
6000000008268294846
6000000008269433946
6000000008269730491
6000000008271461661
6000000008272095338
6000000008276531908
6000000008277237018
6000000008277327163
6000000008277381205
6000000008277598663
6000000008277759278
6000000008278105490
6000000008278263221
6000000008278469777
6000000008278621622
6000000008278681556
6000000008278691625
6000000008279356422
6000000008279362094
6000000008279925832
6000000008279996965
6000000008280082122
6000000008280116728
6000000008280157326
6000000008280178235
6000000008280514375
6000000008280559520
6000000008289847966
6000000008289908571
6000000008291728355
6000000008296546702
6000000008296661890
6000000008299239042
6000000008299516448
6000000008299534816
6000000008301308909
6000000008301377974
6000000008301390803
6000000008301468990
6000000008301486970
6000000008301519650
6000000008301527994
6000000008301563211
6000000008301609481
6000000008301619837
6000000008311588939
6000000008311593860
6000000008313904945
6000000008316124870
6000000008316276220
6000000008316400664
6000000008318834614
6000000008318933282
6000000008321580730
6000000008321639790
6000000008321658282
6000000008321677140
6000000008321715896
6000000008321752527
6000000008321802659
6000000008321826659
6000000008325622796
6000000008326262248
6000000008331501412
6000000008333004307
6000000008352115934
6000000008363694104
6000000008366282051
6000000008369461633
6000000008369553400
6000000008370026190
6000000008370334197
6000000008370998983
6000000008380275542
6000000008380626031
6000000008380901019
6000000008384492590
6000000008394636934
6000000008394773867
6000000008394795743
6000000008395084275
6000000008395909530
6000000008395947277
6000000008395970430
6000000008396336903
6000000008397962729
6000000008403587645
6000000008403696428
6000000008403696643
6000000008403760871
6000000008404401714
6000000008407098549
6000000008407736607
6000000008408065585
6000000008413907091
6000000008413995316
6000000008417121934
6000000008417193840
6000000008417271102
6000000008417530851
6000000008417710721
6000000008417753641
6000000008417896557
6000000008419404923
6000000008419411427
6000000008419426508
6000000008419457669
6000000008419468471
6000000008419503226
6000000008425629157
6000000008425678071
6000000008425708073
6000000008425746914
6000000008425797834
6000000008425884594
6000000008425893093
6000000008425914096
6000000008425918048
6000000008425924688
6000000008425950977
6000000008426056482
6000000008426075784
6000000008426098415
6000000008426129407
6000000008426513012
6000000008426593158
6000000008426650766
6000000008436595980
6000000008444443551
6000000008444720754
6000000008444756418
6000000008444875397
6000000008447116601
6000000008447233717
6000000008447260540
6000000008450273692
6000000008450357096
6000000008450368409
6000000008450577851
6000000008451109422
6000000008458963933
6000000008460531915
6000000008460694572
6000000008460814552
6000000008460842682
6000000008460859430
6000000008461166126
6000000008461200843
6000000008461271809
6000000008461340698
6000000008461369112
6000000008461396927
6000000008461422504
6000000008461530474
6000000008461539544
6000000008462437731
6000000008462451859
6000000008462456097
6000000008462507955
6000000008462535615
6000000008462563695
6000000008462672311
6000000008462702879
6000000008462726780
6000000008462728872
6000000008462740693
6000000008462749677
6000000008462763214
6000000008462771805
6000000008462787422
6000000008462800259
6000000008462813912
6000000008462818542
6000000008462837508
6000000008462851458
6000000008462869221
6000000008462872220
6000000008462896268
6000000008463025320
6000000008463383255
6000000008467388175
6000000008467423836
6000000008468653939
6000000008469756742
6000000008477543238
6000000008481458843
6000000008481999147
6000000008482030472
6000000008482219301
6000000008482892635
6000000008482904946
6000000008485965384
6000000008489345902
6000000008489639194
6000000008489639200
6000000008490040390
6000000008491847925
6000000008491852776
6000000008491893076
6000000008491914749
6000000008491980181
6000000008492008715
6000000008492033851
6000000008492052572
6000000008492080382
6000000008492100214
6000000008492280357
6000000008492283591
6000000008492296794
6000000008498184002
6000000008498533792
6000000008500066864
6000000008500188072
6000000008500577421
6000000008500949604
6000000008500985810
6000000008500995305
6000000008501150395
6000000008501164725
6000000008501190546
6000000008501745022
6000000008501880547
6000000008501994389
6000000008505396227
6000000008506390832
6000000008506694917
6000000008506714711
6000000008508015600
6000000008508091853
6000000008508101537
6000000008508101549
6000000008508136391
6000000008509721672
6000000008510049735
6000000008510142216
6000000008510747584
6000000008510935667
6000000008511129345
6000000008511537393
6000000008512632830
6000000008516083946
6000000008516133579
6000000008517951667
6000000008518113379
6000000008518115269
6000000008522578894
6000000008527989211
6000000008531206412
6000000008534611793
6000000008534642500
6000000008535575802
6000000008535640556
6000000008536657146
6000000008537422614
6000000008537579083
6000000008537611560
6000000008541487688
6000000008541521503
6000000008541581785
6000000008541614347
6000000008541663779
6000000008541673510
6000000008541754867
6000000008541796767
6000000008541840311
6000000008542366357
6000000008542431295
6000000008549429082
6000000008549433925
6000000008549433930
6000000008550691720
6000000008550742984
6000000008550767648
6000000008550792001
6000000008550860174
6000000008550916423
6000000008550992274
6000000008551290929
6000000008551538760
6000000008551611977
6000000008552562483
6000000008552564658
6000000008552660665
6000000008552799394
6000000008553018726
6000000008553070297
6000000008558642186
6000000008559046606
6000000008559242040
6000000008559256256
6000000008559256483
6000000008559273151
6000000008559443834
6000000008559452338
6000000008560577575
6000000008568503948
6000000008568510482
6000000008568510486
6000000008569066305
6000000008575245445
6000000008575928428
6000000008576298585
6000000008578858495
6000000008578924985
6000000008580589848
6000000008592343633
6000000008592659705
6000000008593407315
6000000008594324959
6000000008594391782
6000000008594513154
6000000008594522670
6000000008594599419
6000000008594643367
6000000008594654448
6000000008594663349
6000000008594718522
6000000008594718608
6000000008594757213
6000000008594824969
6000000008595166759
6000000008596626487
6000000008597509291
6000000008615639004
6000000008616446591
6000000008627520807
6000000008627678874
6000000008627690454
6000000008627708164
6000000008627740128
6000000008627905542
6000000008628043956
6000000008628205667
6000000008628285368
6000000008628326100
6000000008628390481
6000000008629741178
6000000008629950738
6000000008629983854
6000000008630135551
6000000008630137717
6000000008630159904
6000000008630176790
6000000008630206503
6000000008630272260
6000000008630302227
6000000008630340234
6000000008630376320
6000000008630394273
6000000008630395334
6000000008630399288
6000000008630424202
6000000008630437353
6000000008630455215
6000000008630537270
6000000008630612975
6000000008630612979
6000000008630612999
6000000008630613094
6000000008630613100
6000000008630613117
6000000008630613169
6000000008630617422
6000000008630617453
6000000008630617676
6000000008630618186
6000000008630618191
6000000008630618197
6000000008630623545
6000000008630623636
6000000008630623947
6000000008630624019
6000000008630628437
6000000008630628552
6000000008630628557
6000000008630628563
6000000008630628568
6000000008630628585
6000000008630635519
6000000008630635827
6000000008630635932
6000000008630636063
6000000008630636069
6000000008630638275
6000000008630638313
6000000008630638338
6000000008630638398
6000000008630638510
6000000008630638999
6000000008630655188
6000000008630655776
6000000008630655863
6000000008630655893
6000000008630657211
6000000008630657229
6000000008630657234
6000000008630657241
6000000008630657265
6000000008630657268
6000000008630657341
6000000008630657908
6000000008630658047
6000000008630666201
6000000008630666206
6000000008630666266
6000000008630676939
6000000008630676955
6000000008630680320
6000000008630680406
6000000008630680435
6000000008630680440
6000000008630680449
6000000008630680453
6000000008630680457
6000000008630680461
6000000008630680464
6000000008630701538
6000000008630728491
6000000008630909326
6000000008630909408
6000000008636268768
6000000008636357059
6000000008636558623
6000000008636827679
6000000008636832831
6000000008639368479
6000000008640426888
6000000008640434422
6000000008640434812
6000000008640434825
6000000008640446265
6000000008640446422
6000000008640464512
6000000008640472913
6000000008640493155
6000000008640512646
6000000008640513165
6000000008640619159
6000000008640674891
6000000008640674909
6000000008640992126
6000000008641220530
6000000008641299651
6000000008641363651
6000000008641872122
6000000008642046821
6000000008642398214
6000000008642404445
6000000008643258069
6000000008643949504
6000000008650265851
6000000008650285629
6000000008652440125
6000000008652544579
6000000008660473146
6000000008660558776
6000000008660852489
6000000008662165696
6000000008662283725
6000000008673136524
6000000008673137022
6000000008673141555
6000000008673471019
6000000008673853378
6000000008677699768
6000000008677917733
6000000008680575571
6000000008681836720
6000000008682082142
6000000008682088188
6000000008682089092
6000000008682090058
6000000008682111673
6000000008682115694
6000000008682168733
6000000008682179144
6000000008682194575
6000000008682207187
6000000008682219513
6000000008682224576
6000000008682246791
6000000008682248089
6000000008682255885
6000000008682260915
6000000008682262079
6000000008682262155
6000000008682262436
6000000008682264464
6000000008682273117
6000000008682284029
6000000008682317418
6000000008682353699
6000000008682405235
6000000008682449963
6000000008682452713
6000000008682463711
6000000008682485625
6000000008682490946
6000000008682531254
6000000008682531787
6000000008682544372
6000000008682580378
6000000008682603214
6000000008682834661
6000000008689372643
6000000008689435006
6000000008690156724
6000000008690210634
6000000008690288283
6000000008690577004
6000000008690744146
6000000008690757359
6000000008690826806
6000000008690879691
6000000008690928799
6000000008690971415
6000000008691252315
6000000008692093722
6000000008692120874
6000000008692184759
6000000008699542651
6000000008700603413
6000000008708312513
6000000008708421722
6000000008708590555
6000000008708754390
6000000008709011505
6000000008709068305
6000000008716856921
6000000008717088848
6000000008717147922
6000000008722790143
6000000008722970904
6000000008722970909
6000000008723151872
6000000008723208578
6000000008723260321
6000000008726762016
6000000008727038470
6000000008727110638
6000000008727143435
6000000008727962927
6000000008736435432
6000000008742204683
6000000008742263430
6000000008742265381
6000000008742309701
6000000008743744197
6000000008743890670
6000000008743982665
6000000008744031636
6000000008744063692
6000000008744115340
6000000008744161257
6000000008744189247
6000000008745458623
6000000008752194816
6000000008752406964
6000000008753335470
6000000008753636127
6000000008753750458
6000000008755327481
6000000008755327888
6000000008755460229
6000000008761263017
6000000008761432139
6000000008761979956
6000000008762073785
6000000008762284512
6000000008762517359
6000000008762526331
6000000008762528090
6000000008762547437
6000000008763353126
6000000008763405125
6000000008763903462
6000000008763933487
6000000008764018012
6000000008764025120
6000000008764068847
6000000008764135350
6000000008764167297
6000000008764373452
6000000008764444373
6000000008764594915
6000000008764687862
6000000008772658021
6000000008772757132
6000000008772781005
6000000008772805557
6000000008772812145
6000000008772882635
6000000008772916298
6000000008772929595
6000000008772982393
6000000008772989524
6000000008772998539
6000000008773020563
6000000008773030435
6000000008773054333
6000000008773066208
6000000008773107423
6000000008773122236
6000000008776835676
6000000008777254213
6000000008777265242
6000000008778359769
6000000008778445551
6000000008778888662
6000000008778929625
6000000008778938092
6000000008779038917
6000000008779051483
6000000008779139414
6000000008779168205
6000000008779273871
6000000008781361433
6000000008786632927
6000000008788074765
6000000008788189393
6000000008788194432
6000000008788936550
6000000008788978661
6000000008789624608
6000000008796537021
6000000008796583770
6000000008796822725
6000000008796880327
6000000008796980203
6000000008798121002
6000000008798208950
6000000008798523475
6000000008799224110
6000000008799357531
6000000008799621112
6000000008799704718
6000000008799818438
6000000008799825540
6000000008799837188
6000000008799851672
6000000008799856218
6000000008799860782
6000000008799872309
6000000008799874555
6000000008799884985
6000000008799898061
6000000008799903886
6000000008799917724
6000000008799945132
6000000008799947442
6000000008799985387
6000000008799986678
6000000008800010229
6000000008800308027
6000000008815370107
6000000008815443077
6000000008815604428
6000000008815628000
6000000008815746530
6000000008815752064
6000000008818005279
6000000008818310864
6000000008818323359
6000000008818338549
6000000008818340880
6000000008818397601
6000000008818410687
6000000008818996837
6000000008820076717
6000000008820136222
6000000008821061697
6000000008821892527
6000000008822136423
6000000008822771075
6000000008825639018
6000000008825937435
6000000008826073508
6000000008826187376
6000000008826190263
6000000008826215451
6000000008826308024
6000000008827890661
6000000008833711602
6000000008836451102
6000000008836681418
6000000008836697329
6000000008836698277
6000000008851713203
6000000008852080779
6000000008858884656
6000000008861833558
6000000008863414797
6000000008863617046
6000000008863629606
6000000008863712722
6000000008863750356
6000000008871165554
6000000008871331656
6000000008872567348
6000000008874007529
6000000008879261558
6000000008879280593
6000000008879292300
6000000008879406529
6000000008879445170
6000000008879508462
6000000008879669818
6000000008879719476
6000000008879758530
6000000008879789248
6000000008881594183
6000000008881968821
6000000008882590518
6000000008883142515
6000000008891030149
6000000008899534492
6000000008899601765
6000000008899881082
6000000008900906232
6000000008905633109
6000000008908727870
6000000008908790561
6000000008908826057
6000000008908885747
6000000008908898493
6000000008908902358
6000000008908903364
6000000008908910322
6000000008908910751
6000000008908916671
6000000008908924337
6000000008908979962
6000000008909004927
6000000008909008267
6000000008909055987
6000000008909111842
6000000008909114337
6000000008909125390
6000000008909125873
6000000008909157808
6000000008909169291
6000000008909199280
6000000008909200102
6000000008909202880
6000000008909224402
6000000008909253425
6000000008909294506
6000000008909332277
6000000008909339233
6000000008909343285
6000000008909351307
6000000008909365215
6000000008909372434
6000000008909391214
6000000008913931664
6000000008913931669
6000000008913931674
6000000008913931679
6000000008913931689
6000000008913987003
6000000008914000379
6000000008914017929
6000000008914364706
6000000008914381601
6000000008914396273
6000000008916072054
6000000008916877188
6000000008916906972
6000000008916939932
6000000008917163642
6000000008917196937
6000000008917201622
6000000008917281574
6000000008917827820
6000000008917920625
6000000008922626819
6000000008922760328
6000000008925659741
6000000008925745394
6000000008927200525
6000000008927233745
6000000008927238070
6000000008927536881
6000000008931789797
6000000008933309505
6000000008934114087
6000000008934242801
6000000008934582673
6000000008934653761
6000000008935020838
6000000008935160754
6000000008935177871
6000000008936186376
6000000008943482598
6000000008943832276
6000000008944688974
6000000008944710787
6000000008947306016
6000000008951935288
6000000008954020159
6000000008954356091
6000000008954383129
6000000008954434185
6000000008954603850
6000000008954694532
6000000008954718328
6000000008954751149
6000000008954751390
6000000008955664508
6000000008957867094
6000000008959166268
6000000008971429952
6000000008971701521
6000000008971729828
6000000008971744029
6000000008971764290
6000000008971770596
6000000008971826638
6000000008971829504
6000000008971876282
6000000008971946448
6000000008972004386
6000000008972028271
6000000008978200945
6000000008978245683
6000000008978269618
6000000008978353289
6000000008978360248
6000000008979180174
6000000008980868744
6000000008980990396
6000000008981068219
6000000008997931127
6000000008998324057
6000000008998670458
6000000008998683366
6000000008998684278
6000000009002671998
6000000009002757900
6000000009005231524
6000000009006884587
6000000009007081399
6000000009007151257
6000000009013314711
6000000009013415443
6000000009013417387
6000000009013437425
6000000009015497492
6000000009025256723
6000000009025893077
6000000009025970491
6000000009029323222
6000000009035919441
6000000009038175521
6000000009049122377
6000000009064768294
6000000009073780761
6000000009075681902
6000000009085257295
6000000009085578370
6000000009085591304
6000000009085613336
6000000009085819611
6000000009093810532
6000000009093819460
6000000009093868371
6000000009097288101
6000000009098293863
6000000009098851287
6000000009101791509
6000000009110468637
6000000009111957182
6000000009112016033
6000000009112057030
6000000009112147872
6000000009112149793
6000000009112253835
6000000009112306936
6000000009112366366
6000000009112373426
6000000009112411331
6000000009112423688
6000000009112460332
6000000009112461016
6000000009112504301
6000000009112518213
6000000009112592238
6000000009112630061
6000000009112735460
6000000009113021746
6000000009114010894
6000000009114031413
6000000009117227972
6000000009117409257
6000000009119254934
6000000009119355111
6000000009119720329
6000000009119728390
6000000009119958397
6000000009119967544
6000000009120175857
6000000009120231251
6000000009120316448
6000000009120336320
6000000009128042999
6000000009128304526
6000000009128545172
6000000009128553816
6000000009134853024
6000000009134934503
6000000009134968833
6000000009134991508
6000000009135014446
6000000009135648812
6000000009135763416
6000000009141285024
6000000009141329963
6000000009141338827
6000000009142036442
6000000009144532724
6000000009146206317
6000000009146365998
6000000009148350117
6000000009148838085
6000000009149144908
6000000009149641952
6000000009150249394
6000000009150569606
6000000009150707233
6000000009150723640
6000000009152586086
6000000009153271359
6000000009153364401
6000000009153566101
6000000009153660626
6000000009164249198
6000000009164538512
6000000009178763157
6000000009179059478
6000000009182101839
6000000009182584824
6000000009182725523
6000000009183619337
6000000009189860312
6000000009196224671
6000000009196541883
6000000009196558969
6000000009196591720
6000000009196613693
6000000009200164178
6000000009203670684
6000000009205412040
6000000009207343408
6000000009208410084
6000000009214504835
6000000009214755609
6000000009214888459
6000000009216574937
6000000009216680629
6000000009227120494
6000000009227342874
6000000009227741563
6000000009227842401
6000000009232806925
6000000009232850191
6000000009233269478
6000000009233343127
6000000009233384310
6000000009234211604
6000000009235661594
6000000009235912102
6000000009236149918
6000000009236227198
6000000009236247729
6000000009236453821
6000000009236474171
6000000009236565375
6000000009236567496
6000000009236942462
6000000009238197363
6000000009238649730
6000000009242201320
6000000009242284405
6000000009242930847
6000000009242979790
6000000009243174015
6000000009243294296
6000000009246497235
6000000009246780291
6000000009247421063
6000000009247531491
6000000009247881169
6000000009253730262
6000000009255133002
6000000009255430158
6000000009255567515
6000000009256074767
6000000009256091329
6000000009256416009
6000000009256729180
6000000009256822677
6000000009257090986
6000000009258502995
6000000009263115164
6000000009264266193
6000000009264317743
6000000009264749250
6000000009264766360
6000000009266110630
6000000009266126598
6000000009266300607
6000000009269609939
6000000009275527320
6000000009276373696
6000000009276398433
6000000009279270189
6000000009280332256
6000000009280761536
6000000009286222672
6000000009290091199
6000000009290190166
6000000009290306725
6000000009298600014
6000000009298657716
6000000009298798496
6000000009298833123
6000000009298935521
6000000009298972365
6000000009299049576
6000000009299174230
6000000009300271095
6000000009300385178
6000000009304845823
6000000009304846198
6000000009304854202
6000000009304854380
6000000009304854480
6000000009304854752
6000000009304854790
6000000009304855108
6000000009304855190
6000000009304860258
6000000009304860485
6000000009304861130
6000000009304872846
6000000009304881090
6000000009304884633
6000000009304893203
6000000009304893610
6000000009304894095
6000000009304903524
6000000009304903592
6000000009304903937
6000000009304903959
6000000009304903990
6000000009304907774
6000000009304907780
6000000009304919647
6000000009304919667
6000000009304926610
6000000009304927105
6000000009304936558
6000000009304936561
6000000009304936568
6000000009304936575
6000000009304938773
6000000009304945811
6000000009304948584
6000000009304948591
6000000009304948908
6000000009304948957
6000000009304949022
6000000009304949027
6000000009304949100
6000000009304951218
6000000009304951361
6000000009304951643
6000000009304951693
6000000009304954003
6000000009304954294
6000000009304954398
6000000009304954590
6000000009304954659
6000000009304955095
6000000009304958394
6000000009304958398
6000000009304958402
6000000009304958406
6000000009304958513
6000000009304958546
6000000009304961809
6000000009304961892
6000000009304961897
6000000009304961902
6000000009304961936
6000000009304961940
6000000009304961946
6000000009304961955
6000000009304961959
6000000009304961964
6000000009304961968
6000000009304962181
6000000009304968395
6000000009304968595
6000000009304968849
6000000009304969182
6000000009304976391
6000000009304976560
6000000009304979600
6000000009304979605
6000000009304984346
6000000009304984387
6000000009304984472
6000000009304985069
6000000009304988357
6000000009304988364
6000000009304988384
6000000009304988845
6000000009304988849
6000000009304988854
6000000009304988864
6000000009304988867
6000000009304988871
6000000009304988982
6000000009304989010
6000000009304989015
6000000009304990250
6000000009304996264
6000000009304996333
6000000009305003305
6000000009305003309
6000000009305003341
6000000009305003559
6000000009305003889
6000000009305008241
6000000009305008322
6000000009305008326
6000000009305008374
6000000009305008381
6000000009305008391
6000000009305008397
6000000009305008475
6000000009305008486
6000000009305008498
6000000009305008505
6000000009305008556
6000000009305008561
6000000009305008571
6000000009305008605
6000000009305008642
6000000009305008654
6000000009305008690
6000000009305008722
6000000009305009133
6000000009305017348
6000000009305017365
6000000009305017441
6000000009305017444
6000000009305017450
6000000009305022366
6000000009305022384
6000000009305022695
6000000009305022804
6000000009305022817
6000000009305022867
6000000009305022872
6000000009305022875
6000000009305022879
6000000009305023071
6000000009305023095
6000000009305030325
6000000009305036314
6000000009305036318
6000000009305036333
6000000009305036346
6000000009305036351
6000000009305036402
6000000009305036442
6000000009305036450
6000000009305036459
6000000009305036464
6000000009305044607
6000000009305044646
6000000009305044658
6000000009305044848
6000000009305045031
6000000009305060376
6000000009305060380
6000000009305060383
6000000009305060569
6000000009305060572
6000000009305060577
6000000009305060620
6000000009305060800
6000000009305060804
6000000009305060819
6000000009305060823
6000000009305060827
6000000009305060830
6000000009305060835
6000000009305060838
6000000009305060842
6000000009305060845
6000000009305060852
6000000009305061101
6000000009305061109
6000000009305061113
6000000009305061117
6000000009305061129
6000000009305061134
6000000009305067496
6000000009305067500
6000000009305067504
6000000009305067508
6000000009305067532
6000000009305067536
6000000009305067565
6000000009305067655
6000000009305067689
6000000009305067734
6000000009305067754
6000000009305067758
6000000009305067808
6000000009305067811
6000000009305068144
6000000009305068147
6000000009305068174
6000000009305068177
6000000009305076209
6000000009305076374
6000000009305076378
6000000009305076382
6000000009305076385
6000000009305076388
6000000009305076760
6000000009305076808
6000000009305076812
6000000009305076816
6000000009305076821
6000000009305076825
6000000009305076829
6000000009305076917
6000000009305076922
6000000009305076984
6000000009305076996
6000000009305077000
6000000009305077004
6000000009305082700
6000000009305082755
6000000009305086371
6000000009305086376
6000000009305086394
6000000009305087062
6000000009305087076
6000000009305090578
6000000009305090668
6000000009305090835
6000000009305091117
6000000009305095543
6000000009305095921
6000000009305095965
6000000009305095977
6000000009305095990
6000000009305095993
6000000009305095997
6000000009305096042
6000000009305101324
6000000009305101330
6000000009305101335
6000000009305101400
6000000009305101923
6000000009305101927
6000000009305101937
6000000009305101947
6000000009305101954
6000000009305101961
6000000009305101968
6000000009305101981
6000000009305101985
6000000009305101989
6000000009305101993
6000000009305102000
6000000009305102012
6000000009305102021
6000000009305102112
6000000009305106549
6000000009305134013
6000000009305134028
6000000009305161675
6000000009305161682
6000000009305161865
6000000009305162197
6000000009305166743
6000000009305166785
6000000009305166791
6000000009305166796
6000000009305166807
6000000009305166812
6000000009305166816
6000000009305166822
6000000009305166842
6000000009305166856
6000000009305166863
6000000009305166870
6000000009305166877
6000000009305166884
6000000009305166890
6000000009305166897
6000000009305166910
6000000009305166922
6000000009305166928
6000000009305166933
6000000009305166955
6000000009305166961
6000000009305166967
6000000009305166973
6000000009305166980
6000000009305166986
6000000009305166999
6000000009305167018
6000000009305167025
6000000009305167031
6000000009305167037
6000000009305167051
6000000009305167076
6000000009305167082
6000000009305167095
6000000009305167109
6000000009305167121
6000000009305167135
6000000009305167152
6000000009305167192
6000000009305167197
6000000009305175207
6000000009305175213
6000000009305175266
6000000009305175272
6000000009305175277
6000000009305175283
6000000009305175288
6000000009305175294
6000000009305175490
6000000009305175496
6000000009305175501
6000000009305175506
6000000009305175522
6000000009305175526
6000000009305175541
6000000009305175547
6000000009305175566
6000000009305175571
6000000009305181734
6000000009305181740
6000000009305181747
6000000009305181765
6000000009305181986
6000000009305181992
6000000009305181998
6000000009305182004
6000000009305182010
6000000009305182073
6000000009305182081
6000000009305182086
6000000009305182099
6000000009305182105
6000000009305182110
6000000009305182115
6000000009305182164
6000000009305182176
6000000009305182181
6000000009305182186
6000000009305182193
6000000009305189325
6000000009305189342
6000000009305189536
6000000009305189614
6000000009305189685
6000000009305189691
6000000009305189698
6000000009305189732
6000000009305189740
6000000009305189744
6000000009305189748
6000000009305189756
6000000009305189760
6000000009305189822
6000000009305189827
6000000009305189830
6000000009305189841
6000000009305189845
6000000009305189862
6000000009305189866
6000000009305189869
6000000009305189872
6000000009305189876
6000000009305189885
6000000009305189928
6000000009305190162
6000000009308097540
6000000009308833987
6000000009310255941
6000000009315167939
6000000009315171799
6000000009315245246
6000000009317454738
6000000009321015247
6000000009324110392
6000000009324284939
6000000009324721743
6000000009325710531
6000000009326504138
6000000009326965983
6000000009327060421
6000000009327823160
6000000009327865937
6000000009327929706
6000000009327998977
6000000009328014610
6000000009328040001
6000000009328120880
6000000009328135247
6000000009335540459
6000000009336117755
6000000009336277856
6000000009336445374
6000000009336630235
6000000009341470377
6000000009341865112
6000000009341957393
6000000009343329285
6000000009354224671
6000000009367399756
6000000009367399765
6000000009367450600
6000000009369674418
6000000009376290752
6000000009376442742
6000000009376734169
6000000009377225413
6000000009395592414
6000000009395827056
6000000009405512833
6000000009405755606
6000000009411807733
6000000009415478781
6000000009415485424
6000000009429533084
6000000009429681750
6000000009429686413
6000000009429704980
6000000009429759546
6000000009429770683
6000000009429843423
6000000009429912221
6000000009429968480
6000000009429978054
6000000009430446959
6000000009430495742
6000000009430499936
6000000009430545666
6000000009430705713
6000000009430723237
6000000009430785306
6000000009431821725
6000000009431853793
6000000009432056296
6000000009432092256
6000000009432254322
6000000009432259678
6000000009432292623
6000000009432292928
6000000009432292934
6000000009432315864
6000000009432318518
6000000009432336662
6000000009432340059
6000000009432348321
6000000009432364977
6000000009432461618
6000000009432470359
6000000009432494909
6000000009432519616
6000000009432528863
6000000009432535049
6000000009432603851
6000000009432604175
6000000009437210537
6000000009437210646
6000000009437417980
6000000009437627813
6000000009437628134
6000000009437628200
6000000009437636308
6000000009437636314
6000000009437636320
6000000009437636338
6000000009437636356
6000000009437636857
6000000009437649048
6000000009437759585
6000000009437837324
6000000009437883403
6000000009437884120
6000000009437889210
6000000009437997026
6000000009438007527
6000000009438007766
6000000009438279868
6000000009438297698
6000000009438313077
6000000009438358163
6000000009438413420
6000000009440111686
6000000009440143485
6000000009440179255
6000000009440257013
6000000009440697502
6000000009440761902
6000000009440832018
6000000009446578324
6000000009449375331
6000000009449429350
6000000009450749064
6000000009450990912
6000000009451293762
6000000009451513243
6000000009457878081
6000000009457920593
6000000009458060257
6000000009458103424
6000000009465650248
6000000009467922681
6000000009485250537
6000000009485413928
6000000009493722894
6000000009494070775
6000000009494663156
6000000009494780671
6000000009494855634
6000000009497725815
6000000009498002218
6000000009513619122
6000000009525092155
6000000009525415567
6000000009525551274
6000000009525609234
6000000009525609287
6000000009533282611
6000000009533454573
6000000009534626433
6000000009536076336
6000000009544612769
6000000009544686505
6000000009550593233
6000000009553082643
6000000009553122259
6000000009563208638
6000000009567209145
6000000009570197500
6000000009570266254
6000000009572244526
6000000009572272477
6000000009572283437
6000000009573495100
6000000009573533487
6000000009573554456
6000000009579696842
6000000009579803272
6000000009579828901
6000000009580023719
6000000009582629069
6000000009582988180
6000000009589046181
6000000009589124924
6000000009589373093
6000000009589457446
6000000009592736366
6000000009593129986
6000000009593191937
6000000009602077168
6000000009602172784
6000000009609465336
6000000009609691952
6000000009609721987
6000000009609737415
6000000009609920456
6000000009609933329
6000000009617231501
6000000009617497650
6000000009637751626
6000000009639503470
6000000009652111653
6000000009654743775
6000000009655987352
6000000009657499091
6000000009657981028
6000000009658420032
6000000009658444158
6000000009658570365
6000000009658597616
6000000009658657851
6000000009664090031
6000000009664448480
6000000009665630037
6000000009665696585
6000000009665712570
6000000009665905231
6000000009666477988
6000000009667859681
6000000009669016249
6000000009669063012
6000000009670865674
6000000009676708695
6000000009680143787
6000000009687723074
6000000009688091900
6000000009688464215
6000000009689602611
6000000009698792225
6000000009699051501
6000000009699074424
6000000009699089484
6000000009699641042
6000000009704790136
6000000009705528068
6000000009707541539
6000000009707566545
6000000009708211755
6000000009708220049
6000000009708327149
6000000009708369560
6000000009708372923
6000000009708392369
6000000009708429519
6000000009708476278
6000000009708502383
6000000009709132309
6000000009721029827
6000000009726599869
6000000009726660856
6000000009731518511
6000000009738559298
6000000009738668790
6000000009738888218
6000000009738888224
6000000009739554259
6000000009742616995
6000000009748020104
6000000009748119905
6000000009748368074
6000000009751525878
6000000009751578555
6000000009754425543
6000000009755402218
6000000009755592009
6000000009755930206
6000000009756433107
6000000009756527212
6000000009757848478
6000000009761989987
6000000009762220699
6000000009763023570
6000000009763100414
6000000009763145405
6000000009764310304
6000000009767245879
6000000009770606286
6000000009772269857
6000000009776361960
6000000009777028433
6000000009782507443
6000000009783557218
6000000009785942406
6000000009786015406
6000000009795931530
6000000009800427994
6000000009803103848
6000000009803108086
6000000009803264546
6000000009804055740
6000000009804366952
6000000009804410464
6000000009804429603
6000000009804441484
6000000009804461335
6000000009804512219
6000000009804890637
6000000009805255711
6000000009805323377
6000000009811203754
6000000009815777337
6000000009822562561
6000000009824294751
6000000009825361841
6000000009825720471
6000000009826495904
6000000009836383667
6000000009836418667
6000000009836718519
6000000009836767411
6000000009838320128
6000000009838691620
6000000009838812541
6000000009839059374
6000000009850391291
6000000009856971750
6000000009857169858
6000000009857369994
6000000009857390599
6000000009858091276
6000000009860206722
6000000009861256956
6000000009861774211
6000000009868701837
6000000009874130110
6000000009877385123
6000000009877698433
6000000009877830505
6000000009877847071
6000000009877870229
6000000009879073440
6000000009879631286
6000000009880047932
6000000009880370496
6000000009880594961
6000000009880875711
6000000009880922758
6000000009881616272
6000000009887431776
6000000009888659116
6000000009889183950
6000000009889224559
6000000009889251707
6000000009889269669
6000000009889406202
6000000009890006762
6000000009891098919
6000000009905432691
6000000009905682553
6000000009905729674
6000000009905780438
6000000009909505293
6000000009915577309
6000000009915682642
6000000009918314368
6000000009926637135
6000000009927800578
6000000009927846310
6000000009927847346
6000000009936336838
6000000009936663133
6000000009936924234
6000000009938291937
6000000009938891660
6000000009947635966
6000000009948071231
6000000009957196517
6000000009959468629
6000000009959575254
6000000009959585278
6000000009959617099
6000000009959849883
6000000009965693964
6000000009966092640
6000000009966103692
6000000009966146618
6000000009966188821
6000000009966432552
6000000009966489393
6000000009966877529
6000000009967802867
6000000009969425812
6000000009969779820
6000000009974540561
6000000009976716625
6000000009977885431
6000000009978989468
6000000009979119852
6000000009986410725
6000000009986493523
6000000009987257533
6000000009987260836
6000000009987365636
6000000009987418437
6000000009990179259
6000000009998145322
6000000010000451507
6000000010000488630
6000000010009950267
6000000010011073025
6000000010011384542
6000000010022093650
6000000010028214104
6000000010028425511
6000000010032333709
6000000010043170958
6000000010048295773
6000000010050163513
6000000010050197995
6000000010050321380
6000000010050354367
6000000010051171203
6000000010052054635
6000000010057983970
6000000010058038304
6000000010060173752
6000000010060961353
6000000010063020590
6000000010072044571
6000000010073252720
6000000010073316573
6000000010073377986
6000000010073384879
6000000010073406456
6000000010073503328
6000000010094273380
6000000010095386648
6000000010096226267
6000000010102590717
6000000010102793496
6000000010103051818
6000000010107772824
6000000010109831006
6000000010110336261
6000000010120948699
6000000010121246448
6000000010121466554
6000000010123140207
6000000010128885593
6000000010132173972
6000000010134018120
6000000010134455447
6000000010134605438
6000000010134621165
6000000010134624671
6000000010134815320
6000000010134829323
6000000010137291420
6000000010137291426
6000000010145156129
6000000010145159383
6000000010145164785
6000000010159963096
6000000010164181294
6000000010164861581
6000000010165206648
6000000010165374730
6000000010173686604
6000000010180436139
6000000010181176184
6000000010181432509
6000000010181436178
6000000010181805482
6000000010189918929
6000000010189982393
6000000010190020100
6000000010190341315
6000000010190363242
6000000010191901928
6000000010191917882
6000000010192356960
6000000010192397477
6000000010197438370
6000000010198894438
6000000010199922149
6000000010200368562
6000000010200477406
6000000010200510536
6000000010200554254
6000000010203474844
6000000010204394410
6000000010206539837
6000000010208029018
6000000010208157016
6000000010208787599
6000000010208794314
6000000010208818392
6000000010208833657
6000000010208834277
6000000010208841371
6000000010211396295
6000000010211558649
6000000010213507976
6000000010216040111
6000000010218558380
6000000010219635688
6000000010219805450
6000000010222371441
6000000010226740465
6000000010233673801
6000000010234320271
6000000010235257022
6000000010242375171
6000000010242805804
6000000010243261416
6000000010258062346
6000000010258093420
6000000010258173400
6000000010258173414
6000000010259090960
6000000010259447830
6000000010262735448
6000000010265663994
6000000010266948655
6000000010267554450
6000000010271633872
6000000010273670514
6000000010279672880
6000000010288940688
6000000010289029396
6000000010289110432
6000000010289136104
6000000010290354241
6000000010293499459
6000000010300404005
6000000010300416316
6000000010310078044
6000000010310106998
6000000010310127968
6000000010312277548
6000000010313339861
6000000010313516739
6000000010313657583
6000000010313699514
6000000010317996836
6000000010318208710
6000000010318285286
6000000010318313238
6000000010319006070
6000000010319534041
6000000010319536572
6000000010321252560
6000000010321370609
6000000010321925974
6000000010329040183
6000000010329495004
6000000010329536787
6000000010329678107
6000000010329776820
6000000010329935866
6000000010330029579
6000000010330327430
6000000010331236152
6000000010331432922
6000000010331651915
6000000010342912263
6000000010354297043
6000000010354739125
6000000010354870008
6000000010360482072
6000000010361137304
6000000010361984390
6000000010371511818
6000000010372183684
6000000010373047690
6000000010373088529
6000000010373114749
6000000010373168871
6000000010375557475
6000000010375645528
6000000010375746059
6000000010375764021
6000000010375959492
6000000010407676349
6000000010409879267
6000000010411110068
6000000010424145728
6000000010432375932
6000000010432568600
6000000010433782869
6000000010434661886
6000000010435205635
6000000010442547330
6000000010442614110
6000000010443080983
6000000010443503481
6000000010444330411
6000000010444379359
6000000010444393392
6000000010444967012
6000000010444994471
6000000010445235990
6000000010453618648
6000000010455043218
6000000010458514188
6000000010458881812
6000000010458918831
6000000010459010066
6000000010459154505
6000000010463343582
6000000010463529059
6000000010467110856
6000000010485431988
6000000010492313608
6000000010493719226
6000000010502037051
6000000010502067558
6000000010502069585
6000000010502202411
6000000010502368127
6000000010504478104
6000000010505013656
6000000010505053090
6000000010506987053
6000000010507015987
6000000010511743787
6000000010521965469
6000000010521981845
6000000010522624671
6000000010522780510
6000000010523452306
6000000010523452310
6000000010530152877
6000000010534502240
6000000010534502244
6000000010534502248
6000000010535477522
6000000010535617423
6000000010542455574
6000000010542455578
6000000010553924665
6000000010554282027
6000000010556906140
6000000010558864661
6000000010559910387
6000000010564384001
6000000010564605589
6000000010564756476
6000000010565873041
6000000010567243260
6000000010570865178
6000000010571174159
6000000010571262869
6000000010571345575
6000000010571551908
6000000010574736282
6000000010575053781
6000000010575186740
6000000010575485813
6000000010578537789
6000000010579692378
6000000010579784275
6000000010579866894
6000000010579868971
6000000010580266447
6000000010580295453
6000000010594288223
6000000010599443469
6000000010599589238
6000000010609589578
6000000010611002400
6000000010618133373
6000000010620666179
6000000010621054101
6000000010621087687
6000000010621270815
6000000010621276279
6000000010621528501
6000000010621542324
6000000010626509672
6000000010629123746
6000000010631771176
6000000010642344985
6000000010644992217
6000000010646172298
6000000010649454349
6000000010649677325
6000000010650333834
6000000010655878165
6000000010655965017
6000000010656027829
6000000010656241785
6000000010656275894
6000000010656299783
6000000010656307831
6000000010657027568
6000000010664149827
6000000010667918576
6000000010668513983
6000000010668639917
6000000010669428008
6000000010670079886
6000000010670549731
6000000010671354763
6000000010675567619
6000000010678121077
6000000010678339311
6000000010678656469
6000000010704760716
6000000010716922906
6000000010730950158
6000000010731683315
6000000010733914512
6000000010737160998
6000000010737364855
6000000010738613517
6000000010739133626
6000000010739161494
6000000010741940175
6000000010741972073
6000000010741989123
6000000010742002837
6000000010742055956
6000000010742059895
6000000010742108137
6000000010742184194
6000000010742219827
6000000010742242754
6000000010742256141
6000000010742258775
6000000010742298674
6000000010742323356
6000000010742323532
6000000010742344564
6000000010742355467
6000000010742371360
6000000010742397257
6000000010742416328
6000000010742458033
6000000010742601115
6000000010742738751
6000000010742756085
6000000010742825162
6000000010742825858
6000000010743070331
6000000010744785348
6000000010744819527
6000000010744821182
6000000010745012118
6000000010745062511
6000000010745209435
6000000010751606590
6000000010751837763
6000000010751930607
6000000010752039411
6000000010752065838
6000000010752427026
6000000010753697846
6000000010753780766
6000000010753791732
6000000010753845125
6000000010753854556
6000000010753883608
6000000010754120212
6000000010755828005
6000000010755958722
6000000010755975129
6000000010756611367
6000000010759857564
6000000010760095247
6000000010761884885
6000000010762278345
6000000010764339276
6000000010764379352
6000000010764413383
6000000010769278650
6000000010769374815
6000000010769377881
6000000010769393408
6000000010769396570
6000000010769594226
6000000010770342364
6000000010770492643
6000000010770561253
6000000010772851761
6000000010781471856
6000000010782427706
6000000010784298026
6000000010784387364
6000000010787155837
6000000010788954079
6000000010789954660
6000000010789987559
6000000010790162772
6000000010790306669
6000000010790377381
6000000010793082341
6000000010793482444
6000000010799166401
6000000010800867099
6000000010801237168
6000000010801428651
6000000010801495047
6000000010801664345
6000000010809651116
6000000010810955418
6000000010811214005
6000000010811218809
6000000010811307780
6000000010811444442
6000000010811512423
6000000010811592299
6000000010811622248
6000000010811633248
6000000010816479096
6000000010816618158
6000000010816792549
6000000010817019215
6000000010817021222
6000000010821867444
6000000010822997245
6000000010826858619
6000000010826926481
6000000010826948396
6000000010826950462
6000000010829867931
6000000010829929660
6000000010830033490
6000000010832436074
6000000010832882316
6000000010832886303
6000000010832906445
6000000010832931352
6000000010832931406
6000000010837340039
6000000010838847633
6000000010842463260
6000000010846439788
6000000010850724385
6000000010865865009
6000000010866352326
6000000010867911906
6000000010869450379
6000000010874973892
6000000010875021244
6000000010877099763
6000000010877623119
6000000010878133537
6000000010878139582
6000000010878231012
6000000010878282944
6000000010878361335
6000000010878437189
6000000010878466906
6000000010878475393
6000000010878585421
6000000010882725796
6000000010883227232
6000000010893318867
6000000010893734250
6000000010894448949
6000000010894533002
6000000010894622102
6000000010894740811
6000000010894803959
6000000010894833043
6000000010895059662
6000000010895566375
6000000010895752062
6000000010895987926
6000000010896062497
6000000010896190351
6000000010896340367
6000000010897865727
6000000010898072069
6000000010898083727
6000000010898193377
6000000010898234354
6000000010898433641
6000000010898538386
6000000010898657327
6000000010898669248
6000000010898669266
6000000010898796231
6000000010898897858
6000000010899012271
6000000010899253240
6000000010904164987
6000000010904285598
6000000010904293775
6000000010904694426
6000000010905075233
6000000010905492606
6000000010905618525
6000000010905945626
6000000010908850452
6000000010910812387
6000000010911213594
6000000010911560928
6000000010911910447
6000000010913311498
6000000010913388433
6000000010913954497
6000000010915333451
6000000010915687999
6000000010917613073
6000000010917779359
6000000010918297983
6000000010918349077
6000000010918663510
6000000010918684425
6000000010918756703
6000000010918810372
6000000010918880215
6000000010918897767
6000000010919150568
6000000010922063674
6000000010923283882
6000000010923734499
6000000010926075218
6000000010926338159
6000000010926438957
6000000010934641542
6000000010935129940
6000000010935314667
6000000010935887631
6000000010935897977
6000000010936026383
6000000010936610733
6000000010936614385
6000000010936629691
6000000010945031615
6000000010945039609
6000000010945066601
6000000010945073177
6000000010945081562
6000000010945091551
6000000010945157254
6000000010945263624
6000000010945670548
6000000010948374446
6000000010954113125
6000000010954191129
6000000010954212117
6000000010954479358
6000000010964364067
6000000010964439759
6000000010964532055
6000000010964599882
6000000010964664199
6000000010964821641
6000000010964832320
6000000010964838964
6000000010964843653
6000000010964932235
6000000010964935604
6000000010965020251
6000000010968122653
6000000010968785560
6000000010968931682
6000000010969670526
6000000010970244214
6000000010971472258
6000000010971486205
6000000010972686506
6000000010973844195
6000000010973887044
6000000010973993946
6000000010976530796
6000000010977261129
6000000010981279662
6000000010986670165
6000000010986790234
6000000010987005764
6000000010987191593
6000000010987244535
6000000010987286690
6000000010987344360
6000000010987376252
6000000010987385209
6000000010987848646
6000000010989434274
6000000010993088631
6000000010993476467
6000000010993482742
6000000010993561332
6000000010993844455
6000000010993872719
6000000010993888632
6000000010994066843
6000000010994178138
6000000010994470906
6000000010994565092
6000000010994892356
6000000010995111859
6000000010995204353
6000000010995321437
6000000010995364021
6000000010995449445
6000000010995476243
6000000011000835746
6000000011001917302
6000000011015980952
6000000011016365380
6000000011016400248
6000000011016430710
6000000011016546109
6000000011016846485
6000000011016910379
6000000011016918054
6000000011019582030
6000000011020623893
6000000011020878497
6000000011021128310
6000000011021298650
6000000011021371363
6000000011021431598
6000000011021437521
6000000011021619314
6000000011021626391
6000000011025638854
6000000011027185596
6000000011027272403
6000000011027701068
6000000011027701192
6000000011027719164
6000000011027878114
6000000011028180580
6000000011028326396
6000000011028335290
6000000011028354331
6000000011028399388
6000000011028460939
6000000011028566861
6000000011029153351
6000000011029213304
6000000011029366439
6000000011034116630
6000000011039626324
6000000011039649340
6000000011042139567
6000000011044789511
6000000011045068058
6000000011045492366
6000000011045585873
6000000011046247101
6000000011046396790
6000000011047869520
6000000011047951397
6000000011048446458
6000000011049373254
6000000011049951415
6000000011049984216
6000000011051100655
6000000011051541793
6000000011054329988
6000000011055789280
6000000011056312852
6000000011056361693
6000000011056372740
6000000011056378755
6000000011056580468
6000000011059465847
6000000011059478998
6000000011059484918
6000000011059672705
6000000011059828339
6000000011059845432
6000000011059986537
6000000011060297870
6000000011060604430
6000000011060630429
6000000011060632312
6000000011060753194
6000000011061005781
6000000011061276710
6000000011063051262
6000000011063280381
6000000011071406734
6000000011071521954
6000000011071586653
6000000011071650640
6000000011071704481
6000000011071777415
6000000011071795351
6000000011071918552
6000000011072152946
6000000011078459498
6000000011078877873
6000000011079191575
6000000011079275910
6000000011081304061
6000000011081473780
6000000011081931765
6000000011082960548
6000000011083102215
6000000011083155695
6000000011083346475
6000000011083491987
6000000011093381904
6000000011093429649
6000000011093522872
6000000011093658879
6000000011093675390
6000000011093731295
6000000011093732604
6000000011093875751
6000000011094242965
6000000011094557568
6000000011094649692
6000000011094802469
6000000011094837286
6000000011099132925
6000000011099674877
6000000011099915323
6000000011099982240
6000000011101770652
6000000011102791134
6000000011103028015
6000000011103300225
6000000011104439890
6000000011104740800
6000000011105070237
6000000011105084734
6000000011105702969
6000000011105800356
6000000011105844544
6000000011106016362
6000000011106387119
6000000011106666955
6000000011106717665
6000000011106815437
6000000011107211560
6000000011107211717
6000000011107217624
6000000011107224425
6000000011107413922
6000000011107533727
6000000011107574772
6000000011108028150
6000000011108439036
6000000011109809614
6000000011114874946
6000000011114937544
6000000011115222098
6000000011115583134
6000000011115626077
6000000011115877325
6000000011117297958
6000000011120329391
6000000011120489244
6000000011125409187
6000000011125449573
6000000011126241072
6000000011126387021
6000000011127068773
6000000011127560142
6000000011127612921
6000000011127692023
6000000011127757831
6000000011127812759
6000000011127860415
6000000011127861710
6000000011127904160
6000000011127919981
6000000011127922888
6000000011127923060
6000000011127926359
6000000011127930521
6000000011127939873
6000000011127967075
6000000011127997272
6000000011127998383
6000000011128003772
6000000011128009264
6000000011128016599
6000000011128030993
6000000011128066036
6000000011128066039
6000000011128066045
6000000011128071670
6000000011128120839
6000000011128122226
6000000011128153839
6000000011128255338
6000000011128301162
6000000011128306672
6000000011128317381
6000000011129263591
6000000011129868524
6000000011136193799
6000000011136664201
6000000011139710177
6000000011139839532
6000000011144677954
6000000011145303286
6000000011146613707
6000000011146679136
6000000011146864853
6000000011146865705
6000000011147240078
6000000011147438944
6000000011147548437
6000000011147552226
6000000011147576578
6000000011147634302
6000000011147679938
6000000011147701343
6000000011147851808
6000000011147899550
6000000011147981254
6000000011148054202
6000000011148060801
6000000011148064672
6000000011148133453
6000000011148176317
6000000011148188490
6000000011150038191
6000000011150348883
6000000011151831115
6000000011151911069
6000000011151911793
6000000011151934430
6000000011152007754
6000000011152051920
6000000011152276590
6000000011152341468
6000000011152461664
6000000011152756219
6000000011152756225
6000000011153009629
6000000011153212967
6000000011153331145
6000000011157233963
6000000011158513831
6000000011158782423
6000000011158914217
6000000011160906014
6000000011161207863
6000000011161555722
6000000011161818510
6000000011161890703
6000000011162204188
6000000011162480772
6000000011162501079
6000000011162542821
6000000011162818400
6000000011163207399
6000000011163321383
6000000011163534133
6000000011163688137
6000000011163937847
6000000011163946885
6000000011163964716
6000000011163964725
6000000011164072137
6000000011164088689
6000000011164102523
6000000011164130595
6000000011164130616
6000000011164186840
6000000011164240108
6000000011164313923
6000000011164343044
6000000011164382429
6000000011164398610
6000000011164398768
6000000011164430899
6000000011164537310
6000000011164562193
6000000011164565539
6000000011164612324
6000000011164619447
6000000011164691827
6000000011164839274
6000000011164997375
6000000011173265458
6000000011174144363
6000000011174894537
6000000011174903363
6000000011175071682
6000000011175611454
6000000011175697220
6000000011181089166
6000000011181607757
6000000011181701831
6000000011186365610
6000000011186365642
6000000011187168435
6000000011187853171
6000000011188182841
6000000011188217703
6000000011188377223
6000000011194072885
6000000011194448107
6000000011194661567
6000000011194688280
6000000011196263183
6000000011196505118
6000000011196522957
6000000011196549854
6000000011196563062
6000000011196638698
6000000011196683793
6000000011196721325
6000000011196748568
6000000011196756023
6000000011196766711
6000000011196793448
6000000011196811307
6000000011196888838
6000000011196896974
6000000011197319768
6000000011198616859
6000000011198806897
6000000011198831054
6000000011198833109
6000000011198833115
6000000011198871678
6000000011198887159
6000000011198948887
6000000011198966729
6000000011198967094
6000000011199121362
6000000011199134417
6000000011199228281
6000000011199639027
6000000011205496992
6000000011205828361
6000000011208332500
6000000011208672255
6000000011217058131
6000000011217471319
6000000011217504371
6000000011232868153
6000000011233003758
6000000011233040701
6000000011233053645
6000000011233099467
6000000011233257252
6000000011233257437
6000000011233258413
6000000011233280334
6000000011240920854
6000000011251493744
6000000011251641264
6000000011254509451
6000000011254608374
6000000011254633289
6000000011260547938
6000000011260574714
6000000011260936136
6000000011262007670
6000000011262580883
6000000011262609573
6000000011266130449
6000000011266554892
6000000011266739116
6000000011266776893
6000000011266820861
6000000011266893390
6000000011268290303
6000000011268290308
6000000011275477139
6000000011278738296
6000000011278760487
6000000011278779383
6000000011278786216
6000000011278802309
6000000011278808430
6000000011278844269
6000000011278862303
6000000011278872267
6000000011278893217
6000000011278910204
6000000011278910287
6000000011281813147
6000000011282458405
6000000011290586353
6000000011291145474
6000000011301203526
6000000011301349600
6000000011304932659
6000000011305915597
6000000011306814157
6000000011307264575
6000000011319589440
6000000011322239508
6000000011325895627
6000000011330838529
6000000011330908815
6000000011331184023
6000000011331409809
6000000011331435227
6000000011331609731
6000000011331702895
6000000011331788314
6000000011335131586
6000000011335563652
6000000011335825241
6000000011342832452
6000000011346010380
6000000011358283759
6000000011358577436
6000000011359060622
6000000011360512692
6000000011360539537
6000000011360539542
6000000011360552507
6000000011360552512
6000000011360574562
6000000011360574567
6000000011360807427
6000000011360866272
6000000011361173042
6000000011361205367
6000000011361323334
6000000011361370423
6000000011361426353
6000000011361432256
6000000011361462336
6000000011366868024
6000000011367483397
6000000011367541661
6000000011368352928
6000000011377786023
6000000011378119429
6000000011378184307
6000000011378347965
6000000011378568308
6000000011389835102
6000000011393963078
6000000011394102016
6000000011398930368
6000000011399221611
6000000011404803910
6000000011410187997
6000000011410307017
6000000011416284846
6000000011418224721
6000000011427790640
6000000011428008345
6000000011428850169
6000000011439937409
6000000011448527962
6000000011448722113
6000000011448858281
6000000011451912668
6000000011451927612
6000000011451988680
6000000011452223755
6000000011452264883
6000000011452336444
6000000011458057827
6000000011458167295
6000000011459182752
6000000011459330280
6000000011473060979
6000000011483491860
6000000011483904935
6000000011483954689
6000000011484024503
6000000011484056381
6000000011484323008
6000000011484525037
6000000011485672698
6000000011486904458
6000000011495841874
6000000011495893514
6000000011508133217
6000000011511042860
6000000011511237764
6000000011511306547
6000000011513383211
6000000011515797630
6000000011515910483
6000000011516514869
6000000011516723772
6000000011516760580
6000000011516793604
6000000011520008114
6000000011521844758
6000000011522923770
6000000011528867079
6000000011528910125
6000000011529099175
6000000011529203863
6000000011529401220
6000000011535951800
6000000011536253175
6000000011536465369
6000000011536540657
6000000011547764690
6000000011548107347
6000000011548129217
6000000011557252656
6000000011560288962
6000000011566179806
6000000011567267487
6000000011567658243
6000000011567882104
6000000011568052846
6000000011570523346
6000000011579011634
6000000011579331593
6000000011579386592
6000000011580300447
6000000011583990452
6000000011585198422
6000000011589726214
6000000011591180942
6000000011593707136
6000000011595393870
6000000011600216671
6000000011604373558
6000000011605489532
6000000011605550425
6000000011605575658
6000000011606333291
6000000011610239928
6000000011613556984
6000000011614071093
6000000011614073366
6000000011614108286
6000000011621089464
6000000011631131912
6000000011633114963
6000000011633446755
6000000011633605330
6000000011634346242
6000000011635224232
6000000011635372024
6000000011635945929
6000000011636191681
6000000011636223953
6000000011637005692
6000000011637061627
6000000011642465237
6000000011647666686
6000000011649736777
6000000011649858742
6000000011655600496
6000000011655975530
6000000011657190041
6000000011660642743
6000000011662014728
6000000011662110388
6000000011662209216
6000000011662233253
6000000011665161089
6000000011670787027
6000000011673527628
6000000011673693338
6000000011673738610
6000000011673745450
6000000011682324123
6000000011682422643
6000000011684702074
6000000011690505375
6000000011690764587
6000000011690771537
6000000011690795221
6000000011690812782
6000000011690908296
6000000011691048284
6000000011702504261
6000000011702679229
6000000011706769918
6000000011706798980
6000000011706822566
6000000011706829840
6000000011706872581
6000000011706874500
6000000011707368096
6000000011713544632
6000000011715919276
6000000011716622713
6000000011716980863
6000000011717010773
6000000011717074419
6000000011717100516
6000000011725105699
6000000011727031605
6000000011727084960
6000000011727231848
6000000011727382292
6000000011727532274
6000000011733173874
6000000011733208985
6000000011733264419
6000000011733284547
6000000011733653442
6000000011733661932
6000000011736992884
6000000011737117411
6000000011737164348
6000000011737520874
6000000011737786644
6000000011737825036
6000000011738062691
6000000011738074522
6000000011738227880
6000000011738255288
6000000011738443377
6000000011739301829
6000000011742665584
6000000011742714833
6000000011745193072
6000000011745394351
6000000011745409441
6000000011745409447
6000000011746048726
6000000011749043301
6000000011749928314
6000000011750076136
6000000011750707664
6000000011751586320
6000000011755044733
6000000011757203792
6000000011757283499
6000000011757355481
6000000011758368940
6000000011758657234
6000000011758657237
6000000011760679128
6000000011760794487
6000000011760933262
6000000011764232653
6000000011765373318
6000000011766711029
6000000011768736961
6000000011768940449
6000000011770810067
6000000011770840288
6000000011771101457
6000000011777235611
6000000011777377237
6000000011777377723
6000000011777470416
6000000011777600934
6000000011777897621
6000000011778884631
6000000011779127431
6000000011781966687
6000000011782003177
6000000011782297469
6000000011783017895
6000000011788211749
6000000011788244061
6000000011796875771
6000000011797771723
6000000011797974522
6000000011800851163
6000000011800911344
6000000011801305454
6000000011810469439
6000000011812526857
6000000011812551151
6000000011813220352
6000000011819004918
6000000011819838754
6000000011819997235
6000000011820536896
6000000011820612828
6000000011822179639
6000000011822574229
6000000011823698668
6000000011830244763
6000000011830284701
6000000011830295477
6000000011830395550
6000000011830487455
6000000011832455710
6000000011832466444
6000000011832547323
6000000011833406677
6000000011835207917
6000000011836702810
6000000011840676772
6000000011842335437
6000000011842769725
6000000011845406254
6000000011845491303
6000000011854991246
6000000011855024217
6000000011861476454
6000000011861639869
6000000011870629601
6000000011870776576
6000000011873061612
6000000011873172319
6000000011873179281
6000000011873230211
6000000011880474718
6000000011884451149
6000000011884849195
6000000011886828744
6000000011894369244
6000000011895445294
6000000011895460242
6000000011895497310
6000000011896885384
6000000011907466365
6000000011912821238
6000000011921184581
6000000011925086487
6000000011925086492
6000000011926990323
6000000011927175372
6000000011928063260
6000000011934148672
6000000011941657586
6000000011944635924
6000000011970117656
6000000011972518267
6000000011973338946
6000000011997472066
6000000011997791264
6000000011999863813
6000000011999863819
6000000012000403202
6000000012000607953
6000000012000708663
6000000012000710310
6000000012000856460
6000000012000877045
6000000012002444297
6000000012012639991
6000000012014158189
6000000012015724447
6000000012018040189
6000000012018109006
6000000012018594042
6000000012018742829
6000000012018742835
6000000012018918731
6000000012019038766
6000000012019364937
6000000012027520923
6000000012027717829
6000000012027742705
6000000012027794641
6000000012028027205
6000000012028169692
6000000012028231423
6000000012033329848
6000000012033363754
6000000012042716995
6000000012042941567
6000000012044189072
6000000012045389628
6000000012046037850
6000000012049237967
6000000012049745640
6000000012049788196
6000000012050112651
6000000012050337094
6000000012050371607
6000000012050556227
6000000012050619214
6000000012057787284
6000000012058684257
6000000012063110773
6000000012073501006
6000000012092951666
6000000012102513353
6000000012125701039
6000000012135364286
6000000012135488333
6000000012135963674
6000000012135980961
6000000012136187885
6000000012136228634
6000000012136259853
6000000012136391984
6000000012136471017
6000000012136540530
6000000012136604205
6000000012136633375
6000000012136666282
6000000012136666419
6000000012137044255
6000000012140477746
6000000012148479817
6000000012148615646
6000000012148910676
6000000012148910682
6000000012149287209
6000000012149386414
6000000012149386420
6000000012149684759
6000000012150113251
6000000012150462823
6000000012150869524
6000000012152573868
6000000012152573873
6000000012152596426
6000000012152843449
6000000012154830425
6000000012176710121
6000000012176741070
6000000012176764112
6000000012176856400
6000000012177384035
6000000012178810592
6000000012179011750
6000000012180947732
6000000012181528015
6000000012181528020
6000000012181568650
6000000012181624847
6000000012181625075
6000000012182415753
6000000012182524964
6000000012182705320
6000000012196595888
6000000012207829848
6000000012208081694
6000000012208198233
6000000012208312246
6000000012208475294
6000000012213230832
6000000012213605435
6000000012214069966
6000000012214245971
6000000012214252928
6000000012214433418
6000000012214691587
6000000012222034062
6000000012224621046
6000000012225278608
6000000012225391357
6000000012225590473
6000000012228770195
6000000012228785164
6000000012228859731
6000000012229531831
6000000012229568060
6000000012229568069
6000000012229576319
6000000012229605711
6000000012229658487
6000000012229677506
6000000012229684610
6000000012229738344
6000000012229795277
6000000012245137859
6000000012257515414
6000000012259599544
6000000012270726011
6000000012270927959
6000000012271607370
6000000012274036429
6000000012283335968
6000000012287588994
6000000012287865926
6000000012292272251
6000000012332003502
6000000012332158451
6000000012333184985
6000000012334049032
6000000012334290327
6000000012344078041
6000000012344402895
6000000012349064830
6000000012359867208
6000000012359979222
6000000012362675075
6000000012363664367
6000000012363767547
6000000012367910021
6000000012368022078
6000000012368063897
6000000012368499276
6000000012377624367
6000000012385416229
6000000012391246189
6000000012391466392
6000000012391491232
6000000012391623237
6000000012396594448
6000000012396780923
6000000012397062411
6000000012397071021
6000000012397140348
6000000012397163909
6000000012397225326
6000000012397382592
6000000012397659562
6000000012397730409
6000000012398356822
6000000012399225068
6000000012399327163
6000000012399511596
6000000012399563507
6000000012399686146
6000000012400355926
6000000012400448942
6000000012400456532
6000000012401070464
6000000012407025621
6000000012407255826
6000000012407541856
6000000012413619207
6000000012418366790
6000000012418495675
6000000012418522309
6000000012418549238
6000000012418594260
6000000012418783137
6000000012418974097
6000000012419601531
6000000012419893370
6000000012421513844
6000000012422202347
6000000012422599997
6000000012423022000
6000000012428824706
6000000012436281929
6000000012437302009
6000000012444542031
6000000012445033063
6000000012446146205
6000000012452966942
6000000012453010973
6000000012453028524
6000000012453151420
6000000012459897565
6000000012460149507
6000000012461894223
6000000012462922882
6000000012462952703
6000000012463229282
6000000012463328643
6000000012463358390
6000000012463496251
6000000012464733438
6000000012468581950
6000000012468900779
6000000012468954535
6000000012469030707
6000000012469454652
6000000012472387035
6000000012479846377
6000000012479853575
6000000012481826389
6000000012489874665
6000000012505960251
6000000012506175344
6000000012514136568
6000000012515393157
6000000012516919154
6000000012518279472
6000000012522765743
6000000012524989855
6000000012525334295
6000000012525345306
6000000012525958211
6000000012526410012
6000000012528120315
6000000012528126297
6000000012528348264
6000000012538424871
6000000012543856736
6000000012546372647
6000000012546385996
6000000012546427837
6000000012546452358
6000000012546462225
6000000012546538224
6000000012546787252
6000000012546928704
6000000012548544368
6000000012548563268
6000000012555430848
6000000012555933269
6000000012558279075
6000000012558635366
6000000012558762405
6000000012559231110
6000000012559307765
6000000012559310686
6000000012559438754
6000000012559600296
6000000012559610638
6000000012559627688
6000000012559684501
6000000012559689495
6000000012559769232
6000000012560205909
6000000012560289197
6000000012560470851
6000000012560503801
6000000012560517125
6000000012560517179
6000000012560517745
6000000012560539493
6000000012560568222
6000000012560578232
6000000012560595425
6000000012560863216
6000000012561023558
6000000012565017393
6000000012565229089
6000000012566196463
6000000012567393043
6000000012567409819
6000000012567997834
6000000012568231295
6000000012568251913
6000000012568263701
6000000012569430661
6000000012569576042
6000000012569850858
6000000012569948393
6000000012601431995
6000000012621984040
6000000012622337555
6000000012641101835
6000000012641290692
6000000012644009247
6000000012654162485
6000000012654173870
6000000012654236026
6000000012654274028
6000000012656177553
6000000012656404622
6000000012657938501
6000000012658121055
6000000012658197943
6000000012658408382
6000000012658485347
6000000012658599323
6000000012659258148
6000000012659406568
6000000012663982218
6000000012664455239
6000000012664636946
6000000012670933786
6000000012671645714
6000000012672593869
6000000012679331350
6000000012685433842
6000000012685441042
6000000012685685295
6000000012685718300
6000000012686235048
6000000012686347747
6000000012687180631
6000000012687355714
6000000012687386455
6000000012687389305
6000000012687475488
6000000012687487340
6000000012687488549
6000000012687498441
6000000012687508434
6000000012687525450
6000000012687758603
6000000012687803441
6000000012687852789
6000000012687887571
6000000012687934232
6000000012687947264
6000000012687952216
6000000012687992823
6000000012688053923
6000000012688075887
6000000012688092831
6000000012688096967
6000000012688100850
6000000012688102428
6000000012688162728
6000000012688170589
6000000012688176219
6000000012688234235
6000000012688278225
6000000012688462577
6000000012688583355
6000000012688620424
6000000012688623761
6000000012688671996
6000000012688707980
6000000012688749018
6000000012688764185
6000000012688790621
6000000012688802479
6000000012688807587
6000000012688807863
6000000012688837352
6000000012688846326
6000000012688857618
6000000012688864426
6000000012688874336
6000000012688885210
6000000012693409841
6000000012693920248
6000000012695554070
6000000012695790045
6000000012695997919
6000000012696010455
6000000012696082877
6000000012696112569
6000000012696183531
6000000012696187542
6000000012696194542
6000000012696224510
6000000012696250625
6000000012696253271
6000000012696253426
6000000012696254012
6000000012696268227
6000000012696294640
6000000012696294912
6000000012696300313
6000000012696313204
6000000012696314506
6000000012696331279
6000000012696382424
6000000012696402367
6000000012696457339
6000000012696484201
6000000012696491614
6000000012696516531
6000000012696532340
6000000012696602278
6000000012696678306
6000000012696708415
6000000012696719274
6000000012697669733
6000000012697860316
6000000012699236802
6000000012699354299
6000000012699379296
6000000012701377268
6000000012701405660
6000000012701779058
6000000012702004240
6000000012703761596
6000000012709535023
6000000012723040450
6000000012723930574
6000000012724003067
6000000012724120815
6000000012724606795
6000000012724727290
6000000012726205079
6000000012726364958
6000000012733177572
6000000012733301161
6000000012733580359
6000000012734551564
6000000012734734358
6000000012737494004
6000000012737597444
6000000012737811354
6000000012738065429
6000000012738071474
6000000012738158290
6000000012738183636
6000000012738236391
6000000012739894230
6000000012745244066
6000000012745391405
6000000012745420610
6000000012745469359
6000000012748380704
6000000012748472502
6000000012748641378
6000000012748658470
6000000012748660413
6000000012748745119
6000000012748857758
6000000012748919694
6000000012748963406
6000000012749094826
6000000012749115101
6000000012749141768
6000000012749228560
6000000012749278682
6000000012749345292
6000000012749387204
6000000012759569030
6000000012771055274
6000000012771112463
6000000012773904702
6000000012782135447
6000000012786646837
6000000012786874373
6000000012786909460
6000000012801851579
6000000012802441490
6000000012803728669
6000000012810215467
6000000012812136706
6000000012813816608
6000000012813884794
6000000012813884799
6000000012813955655
6000000012813955660
6000000012814025224
6000000012814025229
6000000012821470996
6000000012821909866
6000000012821948715
6000000012822017726
6000000012822098862
6000000012835466372
6000000012848464460
6000000012852760213
6000000012854781781
6000000012854782183
6000000012854993331
6000000012858253462
6000000012862596005
6000000012862674652
6000000012862739108
6000000012862825514
6000000012862861368
6000000012863188281
6000000012868570257
6000000012873816565
6000000012876437261
6000000012888621510
6000000012888805532
6000000012889484734
6000000012891768004
6000000012894196719
6000000012894236717
6000000012894725373
6000000012906942033
6000000012907116351
6000000012907516636
6000000012907516642
6000000012907997707
6000000012907997713
6000000012909054210
6000000012909298192
6000000012909298198
6000000012909627713
6000000012910115647
6000000012910135463
6000000012910194214
6000000012911007904
6000000012913339911
6000000012913344186
6000000012913607877
6000000012913702220
6000000012913725283
6000000012913725289
6000000012913867866
6000000012914039408
6000000012914039414
6000000012919396450
6000000012919410779
6000000012919969743
6000000012920089858
6000000012920287342
6000000012920307489
6000000012920466252
6000000012922672318
6000000012923629964
6000000012923779297
6000000012923899288
6000000012924353343
6000000012935373649
6000000012935388494
6000000012935401993
6000000012935420802
6000000012935496482
6000000012935544683
6000000012935544929
6000000012935817795
6000000012935823849
6000000012935908115
6000000012935916907
6000000012935917019
6000000012935935601
6000000012935947555
6000000012936065764
6000000012936095660
6000000012936109939
6000000012936152634
6000000012936244862
6000000012936286208
6000000012936293282
6000000012939548986
6000000012944251722
6000000012944251728
6000000012944316050
6000000012944466671
6000000012944508983
6000000012944624654
6000000012944624660
6000000012944663946
6000000012944668262
6000000012944691392
6000000012948052489
6000000012948791217
6000000012948923346
6000000012949794233
6000000012951840014
6000000012952050322
6000000012952294348
6000000012953581051
6000000012953797167
6000000012955015694
6000000012955126512
6000000012955126517
6000000012960150581
6000000012960280372
6000000012963531618
6000000012963559348
6000000012965681164
6000000012965699801
6000000012966079926
6000000012973985646
6000000012974067195
6000000012974226083
6000000012974498746
6000000012974518625
6000000012974518784
6000000012974606965
6000000012974628784
6000000012974669322
6000000012974670464
6000000012974704336
6000000012974710022
6000000012974745522
6000000012974795571
6000000012974840245
6000000012978084555
6000000012982816823
6000000012983999371
6000000012988767643
6000000012988832881
6000000012988902502
6000000012988902544
6000000012995894746
6000000012995899135
6000000012995933639
6000000012995972856
6000000012996014510
6000000012996142683
6000000012996160740
6000000012996178230
6000000012996178662
6000000012996180313
6000000012996225526
6000000012996575818
6000000012996575824
6000000012996667643
6000000012996751262
6000000012996774986
6000000012996845810
6000000012996857239
6000000012996869421
6000000012996889204
6000000012996950827
6000000012996961740
6000000012996981570
6000000012998466615
6000000013003314172
6000000013003358583
6000000013008490990
6000000013008799828
6000000013008849507
6000000013008916731
6000000013008922902
6000000013008924841
6000000013008953690
6000000013009026270
6000000013009053836
6000000013009068580
6000000013009182172
6000000013009187769
6000000013009276781
6000000013009310731
6000000013009338761
6000000013009342637
6000000013009358740
6000000013009857799
6000000013010355905
6000000013010502763
6000000013010593545
6000000013010663207
6000000013014831347
6000000013015882850
6000000013016181742
6000000013016198457
6000000013016203335
6000000013016208547
6000000013016265227
6000000013018655788
6000000013018657491
6000000013018688482
6000000013018779537
6000000013019020651
6000000013019022048
6000000013019096802
6000000013019739945
6000000013019742873
6000000013020632588
6000000013026165075
6000000013026211197
6000000013026326504
6000000013026332009
6000000013026335899
6000000013026338388
6000000013026377337
6000000013027037063
6000000013027086884
6000000013027224183
6000000013027253876
6000000013027369246
6000000013027458203
6000000013028106950
6000000013029389401
6000000013029648455
6000000013029769216
6000000013031053953
6000000013031448376
6000000013031940243
6000000013035228525
6000000013035801160
6000000013036402176
6000000013036965928
6000000013037185495
6000000013037195088
6000000013037406527
6000000013037409390
6000000013037493526
6000000013037671138
6000000013037749949
6000000013037997755
6000000013038339201
6000000013041801774
6000000013042053896
6000000013042053902
6000000013042111597
6000000013042215291
6000000013042218251
6000000013042311618
6000000013042831252
6000000013051880848
6000000013052289489
6000000013055105447
6000000013060388620
6000000013060566086
6000000013060610226
6000000013073054633
6000000013075334235
6000000013082036128
6000000013082077589
6000000013084079762
6000000013084119175
6000000013084274523
6000000013085925995
6000000013086057803
6000000013086262403
6000000013086421235
6000000013086628791
6000000013087610393
6000000013087674945
6000000013087748808
6000000013087749754
6000000013087813447
6000000013087962335
6000000013091230459
6000000013095328948
6000000013097783884
6000000013105062445
6000000013105143881
6000000013105489546
6000000013105500734
6000000013105503397
6000000013105536375
6000000013105647226
6000000013123746010
6000000013123761837
6000000013123813895
6000000013123839741
6000000013123847083
6000000013123925643
6000000013123945832
6000000013123964752
6000000013123973956
6000000013123974825
6000000013124024569
6000000013127367142
6000000013130161225
6000000013132300112
6000000013135801108
6000000013135925263
6000000013135931270
6000000013136524662
6000000013136655912
6000000013136724264
6000000013136743255
6000000013138496491
6000000013141108136
6000000013142687849
6000000013142927085
6000000013143010817
6000000013143329509
6000000013143479433
6000000013143519473
6000000013143555613
6000000013143587825
6000000013143743282
6000000013143816794
6000000013143943632
6000000013143984334
6000000013144618151
6000000013144905657
6000000013145038986
6000000013145042493
6000000013145048860
6000000013145062444
6000000013145108653
6000000013145166254
6000000013145275994
6000000013146158167
6000000013146250106
6000000013146451072
6000000013146523159
6000000013146563883
6000000013146617944
6000000013146678366
6000000013146723232
6000000013146763714
6000000013146782040
6000000013146815007
6000000013146824212
6000000013146842757
6000000013146844452
6000000013146851569
6000000013146851922
6000000013146852664
6000000013146856889
6000000013146863553
6000000013146863572
6000000013146870068
6000000013146882462
6000000013146893673
6000000013146899696
6000000013146908454
6000000013146917288
6000000013146941434
6000000013147041387
6000000013153205958
6000000013153455767
6000000013153615710
6000000013153670907
6000000013153733071
6000000013153779167
6000000013153780941
6000000013153805819
6000000013153821128
6000000013153843370
6000000013153953998
6000000013154038322
6000000013154263311
6000000013154744371
6000000013154787375
6000000013157724343
6000000013162578902
6000000013163159983
6000000013163168990
6000000013163379886
6000000013163398913
6000000013163502797
6000000013163534341
6000000013163634429
6000000013163773794
6000000013163802487
6000000013163836144
6000000013163860078
6000000013163877905
6000000013163907093
6000000013163909083
6000000013163925315
6000000013163963556
6000000013163993747
6000000013165150689
6000000013166135360
6000000013166390334
6000000013172188581
6000000013172749062
6000000013172831604
6000000013172900595
6000000013172929368
6000000013175463200
6000000013175608036
6000000013175651596
6000000013175852300
6000000013185115050
6000000013185338043
6000000013185438789
6000000013185481835
6000000013185528040
6000000013185531341
6000000013185650204
6000000013185677492
6000000013185711271
6000000013185730240
6000000013185734304
6000000013185734480
6000000013187892591
6000000013188194332
6000000013188218172
6000000013189645947
6000000013189645953
6000000013193206026
6000000013193485074
6000000013193499778
6000000013193736060
6000000013193759142
6000000013193790021
6000000013193790032
6000000013193903406
6000000013196298916
6000000013196519341
6000000013197091949
6000000013200273364
6000000013208411485
6000000013209115868
6000000013215504163
6000000013218132186
6000000013218569834
6000000013218569840
6000000013218637832
6000000013218658912
6000000013218734275
6000000013240165242
6000000013240192478
6000000013250776871
6000000013250866333
6000000013251043456
6000000013259347490
6000000013259370535
6000000013259377852
6000000013259436246
6000000013261141618
6000000013262733149
6000000013262800864
6000000013262800870
6000000013262861661
6000000013262887127
6000000013262976621
6000000013262979711
6000000013268120477
6000000013268795610
6000000013268898010
6000000013269053103
6000000013269462815
6000000013269505202
6000000013280700736
6000000013280726585
6000000013280757894
6000000013280821009
6000000013280929574
6000000013280946937
6000000013280966601
6000000013281007260
6000000013282483206
6000000013290532619
6000000013290566364
6000000013300553872
6000000013300884260
6000000013302168601
6000000013304558372
6000000013314263575
6000000013319483221
6000000013319500202
6000000013319649458
6000000013319654333
6000000013321346129
6000000013321696501
6000000013321786572
6000000013321788577
6000000013321802507
6000000013321820302
6000000013321844390
6000000013321845046
6000000013321859241
6000000013321996258
6000000013322758387
6000000013330400117
6000000013331622646
6000000013332973197
6000000013342295173
6000000013342370541
6000000013342403453
6000000013342465232
6000000013343133868
6000000013344198446
6000000013344521569
6000000013354868719
6000000013356908030
6000000013362915843
6000000013366302480
6000000013366332262
6000000013375522321
6000000013382178933
6000000013382492431
6000000013383530876
6000000013383543832
6000000013383609682
6000000013383690652
6000000013383690747
6000000013383747615
6000000013383776775
6000000013383788443
6000000013383789529
6000000013383845773
6000000013383855319
6000000013383864858
6000000013383867574
6000000013383872596
6000000013383872627
6000000013383873659
6000000013383882697
6000000013383899389
6000000013383941230
6000000013400076942
6000000013401059365
6000000013404042776
6000000013404183456
6000000013404984967
6000000013414719793
6000000013414855611
6000000013414953713
6000000013415064223
6000000013416518124
6000000013432765192
6000000013432817124
6000000013432863961
6000000013433100929
6000000013433189627
6000000013433224145
6000000013433312324
6000000013433966878
6000000013441239333
6000000013444793357
6000000013446125614
6000000013460326307
6000000013462864432
6000000013462985806
6000000013463051621
6000000013463980407
6000000013465835637
6000000013478281157
6000000013486314017
6000000013486739972
6000000013487646686
6000000013488516808
6000000013503420799
6000000013503650017
6000000013503880083
6000000013503946568
6000000013505610685
6000000013505832450
6000000013505838847
6000000013505845799
6000000013505855793
6000000013505861706
6000000013506094432
6000000013506133538
6000000013506138919
6000000013506170603
6000000013506170823
6000000013506179028
6000000013506194264
6000000013506197227
6000000013506211686
6000000013506225145
6000000013506254098
6000000013508370817
6000000013508428422
6000000013514330479
6000000013514444520
6000000013514802274
6000000013514870697
6000000013515019379
6000000013515043972
6000000013515083437
6000000013515244016
6000000013515267144
6000000013515543318
6000000013515675480
6000000013516465649
6000000013517196574
6000000013523717668
6000000013523984446
6000000013524020503
6000000013524042400
6000000013524042427
6000000013524980645
6000000013525029668
6000000013525269508
6000000013526442050
6000000013526551013
6000000013526641143
6000000013526650055
6000000013526702068
6000000013526722035
6000000013527328013
6000000013529441123
6000000013530263466
6000000013548687662
6000000013550567022
6000000013561698660
6000000013561709931
6000000013561786543
6000000013561815303
6000000013561887156
6000000013568307578
6000000013568317706
6000000013568519836
6000000013568542923
6000000013568556677
6000000013568566887
6000000013568771307
6000000013568780250
6000000013568798043
6000000013568861009
6000000013569095743
6000000013569488700
6000000013569945135
6000000013583024785
6000000013583164017
6000000013583233059
6000000013583235069
6000000013585897307
6000000013586122511
6000000013590453290
6000000013598149785
6000000013598747494
6000000013601123514
6000000013612564156
6000000013613884627
6000000013617381892
6000000013617781200
6000000013617895354
6000000013618114131
6000000013621057197
6000000013621057202
6000000013621057217
6000000013624366522
6000000013624748340
6000000013632919762
6000000013633054364
6000000013657477963
6000000013657830582
6000000013658223768
6000000013658571453
6000000013658580237
6000000013658640090
6000000013659335615
6000000013660613897
6000000013668518983
6000000013668590476
6000000013668605252
6000000013668674007
6000000013677915086
6000000013678750085
6000000013679250327
6000000013679339063
6000000013686492556
6000000013686545851
6000000013686604646
6000000013686616443
6000000013686792909
6000000013688410522
6000000013688427124
6000000013688450200
6000000013688561137
6000000013689085493
6000000013689162274
6000000013689333615
6000000013689442750
6000000013695089690
6000000013698413154
6000000013699794344
6000000013708115240
6000000013710387336
6000000013710800849
6000000013710951254
6000000013712583837
6000000013712771768
6000000013716422426
6000000013717061164
6000000013717611931
6000000013718119001
6000000013725179333
6000000013732802597
6000000013734369394
6000000013743836337
6000000013744629443
6000000013744750167
6000000013744843107
6000000013744892523
6000000013745165530
6000000013745241388
6000000013745311356
6000000013745329227
6000000013745440821
6000000013751183939
6000000013752458980
6000000013752464922
6000000013752514904
6000000013752602141
6000000013752857377
6000000013752912155
6000000013752958029
6000000013754387723
6000000013754449464
6000000013754545097
6000000013754957164
6000000013758362129
6000000013760881355
6000000013760958192
6000000013763579994
6000000013763581724
6000000013763688531
6000000013763801721
6000000013766131859
6000000013766900244
6000000013766987028
6000000013782248918
6000000013790320092
6000000013790337370
6000000013804873913
6000000013806031409
6000000013806126994
6000000013810349589
6000000013810508424
6000000013813778498
6000000013813982291
6000000013819245437
6000000013837256304
6000000013837297631
6000000013837310512
6000000013837340205
6000000013837832151
6000000013839119741
6000000013839205476
6000000013839230144
6000000013839231487
6000000013841565516
6000000013842098923
6000000013842138610
6000000013842336783
6000000013842381317
6000000013842449685
6000000013842525371
6000000013843212279
6000000013852461946
6000000013852491901
6000000013852517768
6000000013852793346
6000000013853994652
6000000013855379871
6000000013858364821
6000000013872544980
6000000013872612516
6000000013872691689
6000000013872697887
6000000013872774021
6000000013884115187
6000000013884225961
6000000013884237230
6000000013884405797
6000000013884663025
6000000013885193328
6000000013885243343
6000000013885942348
6000000013885949535
6000000013886044831
6000000013886066189
6000000013886344422
6000000013886561520
6000000013886610547
6000000013886634377
6000000013886653899
6000000013886693541
6000000013886698494
6000000013888852662
6000000013898237997
6000000013898304905
6000000013898749103
6000000013899625852
6000000013899671433
6000000013900138798
6000000013900301487
6000000013900557257
6000000013900557510
6000000013900606328
6000000013900685710
6000000013908520738
6000000013912676526
6000000013914970955
6000000013914970960
6000000013915015079
6000000013915376832
6000000013925279078
6000000013927095722
6000000013927427447
6000000013938289487
6000000013938297420
6000000013950924771
6000000013953413034
6000000013968033994
6000000013968178922
6000000013968242524
6000000013968934512
6000000013968974484
6000000013969097125
6000000013970985843
6000000013984064985
6000000013984824781
6000000013984892302
6000000013985070107
6000000013985092006
6000000013986227446
6000000013988640285
6000000013991825894
6000000013992277810
6000000013996510620
6000000013996516774
6000000013996763072
6000000013998629523
6000000013999082694
6000000013999153197
6000000013999344498
6000000013999422010
6000000013999426334
6000000014001333526
6000000014001356554
6000000014001429056
6000000014004036652
6000000014004117443
6000000014004122901
6000000014004131425
6000000014004211224
6000000014004436195
6000000014004451160
6000000014007214284
6000000014012844693
6000000014013021643
6000000014013152479
6000000014013164881
6000000014044047906
6000000014044474260
6000000014044480320
6000000014054933815
6000000014054946624
6000000014055081300
6000000014055632627
6000000014055633954
6000000014055635902
6000000014055711653
6000000014055724723
6000000014055743200
6000000014055774662
6000000014055828580
6000000014056040985
6000000014056180070
6000000014056248088
6000000014056525746
6000000014082705465
6000000014082779849
6000000014083968122
6000000014085455744
6000000014085529733
6000000014085916332
6000000014085970028
6000000014085979023
6000000014090745632
6000000014117768195
6000000014120784450
6000000014120848554
6000000014128192273
6000000014131259119
6000000014131379071
6000000014139601086
6000000014148129108
6000000014153206795
6000000014156880752
6000000014157300892
6000000014157565644
6000000014160448653
6000000014160873254
6000000014160931093
6000000014168485108
6000000014170572042
6000000014193872382
6000000014199935607
6000000014200944005
6000000014201759006
6000000014202316275
6000000014202497615
6000000014209012742
6000000014209403388
6000000014209496105
6000000014209860863
6000000014210043003
6000000014211294191
6000000014223678280
6000000014235476319
6000000014243704175
6000000014243715417
6000000014245744315
6000000014252080244
6000000014252769370
6000000014255368650
6000000014255378560
6000000014255378597
6000000014255403389
6000000014255516605
6000000014266397728
6000000014266779253
6000000014266784093
6000000014271503685
6000000014273251313
6000000014274410101
6000000014275649040
6000000014277913358
6000000014282970502
6000000014290999430
6000000014293604552
6000000014293632986
6000000014293707968
6000000014293711811
6000000014293711926
6000000014293722975
6000000014293724990
6000000014293954396
6000000014293984697
6000000014294018697
6000000014294062404
6000000014294095886
6000000014294104646
6000000014294113587
6000000014294130527
6000000014294130535
6000000014294133702
6000000014294143226
6000000014294150867
6000000014294165359
6000000014294169984
6000000014294229133
6000000014294241467
6000000014294243195
6000000014294273520
6000000014294279024
6000000014294280038
6000000014294282585
6000000014294300827
6000000014294309260
6000000014294318765
6000000014294358966
6000000014294370826
6000000014294411111
6000000014294412649
6000000014294422524
6000000014294437102
6000000014294450460
6000000014294455052
6000000014294456328
6000000014294491286
6000000014294510247
6000000014294515187
6000000014294520035
6000000014294544029
6000000014294589872
6000000014294595824
6000000014294597945
6000000014294605022
6000000014294605731
6000000014294609001
6000000014294618039
6000000014294631096
6000000014294641567
6000000014294661021
6000000014294661530
6000000014294663660
6000000014294672729
6000000014294679062
6000000014294689911
6000000014294708769
6000000014294714856
6000000014294721555
6000000014294730986
6000000014294731788
6000000014294738914
6000000014294749017
6000000014294751830
6000000014294772802
6000000014294776633
6000000014294796558
6000000014294804084
6000000014294806640
6000000014294807004
6000000014294808710
6000000014294817918
6000000014294820879
6000000014294995806
6000000014295005472
6000000014295010271
6000000014295054324
6000000014295054371
6000000014295075726
6000000014295099344
6000000014295099751
6000000014295103009
6000000014295104210
6000000014295104426
6000000014295109044
6000000014295117657
6000000014295149080
6000000014295176813
6000000014295183003
6000000014295185817
6000000014295203283
6000000014295211286
6000000014295266278
6000000014295266283
6000000014295280962
6000000014295366705
6000000014295378304
6000000014295385638
6000000014295398358
6000000014295399458
6000000014295399791
6000000014295400244
6000000014295414525
6000000014295416020
6000000014295438275
6000000014295475159
6000000014295527501
6000000014295543583
6000000014295543590
6000000014295581252
6000000014295605593
6000000014295622529
6000000014295798293
6000000014295885248
6000000014295912198
6000000014295942973
6000000014295951380
6000000014295957631
6000000014295988708
6000000014296042109
6000000014296089047
6000000014296133710
6000000014296133743
6000000014296297113
6000000014296369011
6000000014296435072
6000000014296455106
6000000014297264411
6000000014297434060
6000000014301161763
6000000014301235217
6000000014301242329
6000000014301256655
6000000014301273625
6000000014301338593
6000000014301348177
6000000014301742158
6000000014301755430
6000000014302010193
6000000014302376299
6000000014302384385
6000000014302421356
6000000014302523026
6000000014302728185
6000000014303430851
6000000014303474424
6000000014303494366
6000000014303498509
6000000014303519227
6000000014303519250
6000000014303548219
6000000014303767067
6000000014303773076
6000000014303774753
6000000014303774854
6000000014303814326
6000000014303829314
6000000014303836657
6000000014303849874
6000000014303889772
6000000014304264601
6000000014312671609
6000000014312677662
6000000014312747225
6000000014312747933
6000000014312919521
6000000014312991604
6000000014313369606
6000000014313584416
6000000014313698036
6000000014314037951
6000000014314403653
6000000014314758535
6000000014315203608
6000000014315685125
6000000014315685155
6000000014315979410
6000000014316102263
6000000014316106136
6000000014318422870
6000000014326523421
6000000014328708524
6000000014332588587
6000000014332816753
6000000014338352670
6000000014339720235
6000000014341468523
6000000014341489336
6000000014341538707
6000000014341594054
6000000014349107220
6000000014350594410
6000000014350617381
6000000014350761556
6000000014350764625
6000000014351039273
6000000014351192183
6000000014351198125
6000000014351289594
6000000014352081823
6000000014352105435
6000000014352188692
6000000014352220288
6000000014352283202
6000000014352298748
6000000014352344396
6000000014352359990
6000000014352555517
6000000014352645179
6000000014352781125
6000000014352914886
6000000014353086616
6000000014354289704
6000000014354428838
6000000014354499977
6000000014355183512
6000000014355410200
6000000014355647080
6000000014355994555
6000000014361405344
6000000014362122981
6000000014362398253
6000000014362471875
6000000014362498727
6000000014362544354
6000000014362585750
6000000014362596569
6000000014362597884
6000000014362640574
6000000014362656174
6000000014362677058
6000000014362680047
6000000014362881250
6000000014363629980
6000000014363901840
6000000014364003777
6000000014364039362
6000000014364074325
6000000014364149895
6000000014364172592
6000000014364172600
6000000014364257233
6000000014364257252
6000000014364364207
6000000014364372896
6000000014364392763
6000000014364403404
6000000014364417808
6000000014364440089
6000000014364502557
6000000014364518823
6000000014364533737
6000000014364597272
6000000014364756567
6000000014364790968
6000000014364874574
6000000014365047792
6000000014365209479
6000000014365216549
6000000014365217250
6000000014365246314
6000000014365265373
6000000014365284459
6000000014374680313
6000000014375899212
6000000014375917186
6000000014375937149
6000000014377777294
6000000014379067249
6000000014379103221
6000000014380697747
6000000014381156078
6000000014382126947
6000000014382518027
6000000014385512680
6000000014395125345
6000000014395609434
6000000014395857081
6000000014398027949
6000000014398158149
6000000014398190118
6000000014398840820
6000000014398911629
6000000014398945645
6000000014399032634
6000000014399044423
6000000014399071967
6000000014399119880
6000000014399156591
6000000014399226696
6000000014399276815
6000000014399330956
6000000014399389362
6000000014399390021
6000000014399408105
6000000014399450278
6000000014399460653
6000000014399597089
6000000014399604871
6000000014399606124
6000000014399643615
6000000014400488653
6000000014401160963
6000000014401288430
6000000014401693046
6000000014406353702
6000000014406470663
6000000014406527232
6000000014407003007
6000000014408312182
6000000014408402153
6000000014408610295
6000000014410309648
6000000014410369411
6000000014410586995
6000000014410747735
6000000014410856957
6000000014410888738
6000000014410894655
6000000014410894717
6000000014410908875
6000000014410974671
6000000014410994596
6000000014411034052
6000000014411056318
6000000014411093510
6000000014411100747
6000000014411121844
6000000014411128281
6000000014411129151
6000000014411148607
6000000014411242161
6000000014411359292
6000000014411562738
6000000014411632877
6000000014411635361
6000000014411777338
6000000014411806654
6000000014411955271
6000000014411955295
6000000014411994722
6000000014416365803
6000000014416401990
6000000014417211506
6000000014417223814
6000000014417230746
6000000014417476871
6000000014419044326
6000000014420419363
6000000014420432172
6000000014420435531
6000000014420460526
6000000014420579091
6000000014421364552
6000000014421379668
6000000014421441773
6000000014421944710
6000000014422053172
6000000014422066503
6000000014422263109
6000000014422481093
6000000014425134610
6000000014429537198
6000000014429746809
6000000014430137824
6000000014432280646
6000000014432282596
6000000014432463813
6000000014432847873
6000000014432955563
6000000014439037986
6000000014439202715
6000000014439224530
6000000014439340575
6000000014439346721
6000000014439408650
6000000014439488240
6000000014439527308
6000000014439610068
6000000014439960381
6000000014440005407
6000000014440351250
6000000014441204194
6000000014441222532
6000000014441241585
6000000014441259284
6000000014441263447
6000000014441325192
6000000014441342143
6000000014441347165
6000000014441392935
6000000014441562705
6000000014441615301
6000000014441636837
6000000014441639293
6000000014441640963
6000000014441682979
6000000014441698695
6000000014441698953
6000000014441744726
6000000014441747717
6000000014441797233
6000000014441798112
6000000014441806148
6000000014441806234
6000000014441900007
6000000014441908022
6000000014441929130
6000000014442076865
6000000014442115458
6000000014442126532
6000000014442126671
6000000014442173546
6000000014442177364
6000000014442278543
6000000014442380565
6000000014442435927
6000000014442485716
6000000014442559980
6000000014442582950
6000000014442603145
6000000014442670009
6000000014442696306
6000000014442696340
6000000014442725585
6000000014442770902
6000000014442780842
6000000014442789099
6000000014442841114
6000000014442841562
6000000014442896380
6000000014442938653
6000000014442946107
6000000014442951229
6000000014442953388
6000000014442958097
6000000014442959210
6000000014442962099
6000000014446849669
6000000014446862611
6000000014447483021
6000000014450156756
6000000014450166456
6000000014451252633
6000000014453039628
6000000014453168474
6000000014453384405
6000000014453454683
6000000014453654587
6000000014453737968
6000000014456537338
6000000014462629273
6000000014462995246
6000000014463856394
6000000014464162522
6000000014464226200
6000000014464254107
6000000014466519979
6000000014466527925
6000000014466558849
6000000014466569550
6000000014466577739
6000000014466598892
6000000014466630497
6000000014466644578
6000000014466660540
6000000014466672430
6000000014466779942
6000000014466793227
6000000014466795928
6000000014466828581
6000000014466871157
6000000014466880764
6000000014466945004
6000000014466957241
6000000014466957291
6000000014467003602
6000000014467084934
6000000014467110206
6000000014467297869
6000000014467387317
6000000014467419862
6000000014467444359
6000000014467554378
6000000014467630015
6000000014467706751
6000000014475076950
6000000014475148969
6000000014475183779
6000000014475217469
6000000014475290959
6000000014475371553
6000000014475510088
6000000014475513077
6000000014475540151
6000000014475565189
6000000014496501437
6000000014496802264
6000000014504075159
6000000014505937787
6000000014505972798
6000000014506262619
6000000014506313172
6000000014506461762
6000000014506496742
6000000014506508392
6000000014506555465
6000000014506663075
6000000014507964126
6000000014516265413
6000000014516406818
6000000014516431874
6000000014516437718
6000000014516450388
6000000014516476624
6000000014516666391
6000000014516667063
6000000014516687334
6000000014516732177
6000000014516766020
6000000014536837729
6000000014537765927
6000000014546491400
6000000014546496775
6000000014547100603
6000000014547441737
6000000014558135034
6000000014558191098
6000000014568239628
6000000014568845871
6000000014568943810
6000000014569184859
6000000014571752875
6000000014571897602
6000000014572091212
6000000014575213979
6000000014575605951
6000000014575687654
6000000014595336277
6000000014595447760
6000000014595647234
6000000014596910976
6000000014597477007
6000000014598618198
6000000014598841162
6000000014607998680
6000000014608020262
6000000014608053600
6000000014608086619
6000000014608138147
6000000014608941118
6000000014613742236
6000000014617729737
6000000014617892915
6000000014618198971
6000000014618594142
6000000014618634004
6000000014618725087
6000000014619835544
6000000014622925273
6000000014632022110
6000000014632055801
6000000014632062558
6000000014632243269
6000000014632251028
6000000014632320003
6000000014632543979
6000000014632583436
6000000014632605003
6000000014632613200
6000000014632738677
6000000014632799504
6000000014633066213
6000000014633224188
6000000014636193929
6000000014643116787
6000000014643445680
6000000014643530327
6000000014645243853
6000000014645348789
6000000014645550014
6000000014651762846
6000000014676960474
6000000014677046623
6000000014677126153
6000000014677151134
6000000014682364939
6000000014682487936
6000000014682708855
6000000014683290311
6000000014683482654
6000000014683484682
6000000014683484726
6000000014683522630
6000000014683535145
6000000014683538551
6000000014683635224
6000000014683637176
6000000014683637234
6000000014683643295
6000000014683646239
6000000014683655364
6000000014683704119
6000000014683741053
6000000014683751295
6000000014683775323
6000000014686650983
6000000014686680967
6000000014686846159
6000000014688413910
6000000014688755904
6000000014690160559
6000000014690585629
6000000014691255389
6000000014693567500
6000000014693711420
6000000014693731633
6000000014693879734
6000000014693929449
6000000014693994743
6000000014694042247
6000000014694073039
6000000014694511745
6000000014694728908
6000000014694734483
6000000014694749861
6000000014694810970
6000000014694813315
6000000014694814831
6000000014694815346
6000000014694870884
6000000014694873239
6000000014694884149
6000000014694885886
6000000014694902254
6000000014694932574
6000000014694960292
6000000014694967292
6000000014695771668
6000000014697419597
6000000014704361710
6000000014704498182
6000000014706372393
6000000014706840653
6000000014709675496
6000000014709879030
6000000014709892123
6000000014709913005
6000000014709948335
6000000014713659279
6000000014713701181
6000000014713712881
6000000014714081299
6000000014714192155
6000000014715548773
6000000014715637286
6000000014722816582
6000000014723002905
6000000014723763639
6000000014726957998
6000000014727035630
6000000014727130109
6000000014727719824
6000000014727739750
6000000014733028444
6000000014734527727
6000000014734777824
6000000014734843634
6000000014734847884
6000000014734978683
6000000014735047253
6000000014736323957
6000000014736700844
6000000014736840376
6000000014736840382
6000000014736941078
6000000014736954716
6000000014737005035
6000000014737016206
6000000014737019656
6000000014737089858
6000000014737191269
6000000014737194751
6000000014737234060
6000000014737265678
6000000014737304276
6000000014737327637
6000000014737345042
6000000014737345048
6000000014737409922
6000000014737424008
6000000014738222960
6000000014738385491
6000000014738449085
6000000014738530433
6000000014738739200
6000000014739631722
6000000014739661738
6000000014739661828
6000000014739916472
6000000014740823578
6000000014741045842
6000000014741049556
6000000014741191441
6000000014741243810
6000000014741387260
6000000014741425001
6000000014741529524
6000000014741549196
6000000014741737509
6000000014741740276
6000000014741753692
6000000014741764290
6000000014744950569
6000000014745057430
6000000014745158380
6000000014745694918
6000000014745741907
6000000014745866999
6000000014745880897
6000000014745880902
6000000014745880906
6000000014745924327
6000000014745924331
6000000014745953620
6000000014745990827
6000000014745990832
6000000014745990840
6000000014745990844
6000000014746058375
6000000014746165705
6000000014746173925
6000000014746173930
6000000014746188850
6000000014746188856
6000000014746228916
6000000014746243707
6000000014746271223
6000000014746271229
6000000014746271234
6000000014746306024
6000000014746327335
6000000014746327340
6000000014746336428
6000000014746358064
6000000014746358077
6000000014746371187
6000000014746371192
6000000014746371197
6000000014746501228
6000000014746501465
6000000014746501707
6000000014746512321
6000000014746624186
6000000014746643137
6000000014746643143
6000000014746643148
6000000014746650328
6000000014746671085
6000000014747722991
6000000014747845872
6000000014748202909
6000000014755067889
6000000014755559914
6000000014755571615
6000000014755613295
6000000014756079202
6000000014756188481
6000000014756376224
6000000014756402766
6000000014756427423
6000000014756513373
6000000014756541377
6000000014756541551
6000000014756558132
6000000014756569231
6000000014756584338
6000000014756617271
6000000014756623219
6000000014756688039
6000000014756700561
6000000014756804472
6000000014756897044
6000000014757173096
6000000014759808007
6000000014766362895
6000000014766362902
6000000014766362906
6000000014766586934
6000000014766586938
6000000014766625948
6000000014766644256
6000000014766648227
6000000014766808528
6000000014766832150
6000000014768409981
6000000014774489336
6000000014774757045
6000000014774781007
6000000014774860668
6000000014775057040
6000000014775072029
6000000014775113142
6000000014775122101
6000000014776474773
6000000014776523451
6000000014776555526
6000000014776642360
6000000014776667068
6000000014777229077
6000000014783417715
6000000014783485266
6000000014783987383
6000000014784061444
6000000014784149448
6000000014784184706
6000000014784233070
6000000014784272636
6000000014784326128
6000000014784702474
6000000014784761168
6000000014784778111
6000000014784797422
6000000014784812087
6000000014787401706
6000000014795562961
6000000014795881482
6000000014796143018
6000000014796161624
6000000014799047698
6000000014807501538
6000000014807530496
6000000014807788517
6000000014807882996
6000000014808712856
6000000014808821058
6000000014808944834
6000000014810311509
6000000014815644440
6000000014815669772
6000000014815805192
6000000014816013344
6000000014816046100
6000000014816149156
6000000014816279673
6000000014816398279
6000000014816491095
6000000014816701159
6000000014816993100
6000000014818113350
6000000014818143651
6000000014818153228
6000000014818181370
6000000014818249193
6000000014818250560
6000000014818609280
6000000014818731298
6000000014818817192
6000000014819076055
6000000014827258131
6000000014837827344
6000000014846954907
6000000014846965873
6000000014852172375
6000000014852865055
6000000014855231885
6000000014856228798
6000000014857023747
6000000014857343844
6000000014858082584
6000000014858307097
6000000014859703836
6000000014859840975
6000000014859842584
6000000014859993654
6000000014860340662
6000000014860412312
6000000014860454776
6000000014860455587
6000000014860467848
6000000014860471526
6000000014860520346
6000000014860722595
6000000014860784630
6000000014860840184
6000000014861083190
6000000014862073377
6000000014862783707
6000000014862995485
6000000014863051590
6000000014863061279
6000000014863087172
6000000014863098256
6000000014863174476
6000000014863191128
6000000014863212136
6000000014863232091
6000000014863240212
6000000014866087395
6000000014873400567
6000000014876066272
6000000014876279863
6000000014876496636
6000000014876618025
6000000014878253857
6000000014882732701
6000000014886350405
6000000014886362421
6000000014886501139
6000000014886645447
6000000014886757524
6000000014886789533
6000000014886902485
6000000014886939200
6000000014887434285
6000000014888004568
6000000014888004571
6000000014888004574
6000000014888527278
6000000014896292917
6000000014896334965
6000000014896438795
6000000014896478306
6000000014896520243
6000000014896901260
6000000014897271990
6000000014902660659
6000000014913046823
6000000014913455963
6000000014913939117
6000000014913986572
6000000014914049338
6000000014914054226
6000000014916189183
6000000014916378179
6000000014917352316
6000000014917453254
6000000014917655086
6000000014917700029
6000000014918128701
6000000014925917937
6000000014927703674
6000000014928561880
6000000014928743231
6000000014928781024
6000000014928795709
6000000014928798400
6000000014928800618
6000000014928819311
6000000014928857713
6000000014928864599
6000000014928880303
6000000014928881578
6000000014928893796
6000000014928897584
6000000014928903633
6000000014928904720
6000000014928928952
6000000014928934443
6000000014928947243
6000000014928949702
6000000014928950236
6000000014928957336
6000000014928963246
6000000014928971428
6000000014928973452
6000000014928985182
6000000014929025197
6000000014929036088
6000000014929104772
6000000014929177756
6000000014929203610
6000000014929234557
6000000014929314831
6000000014929380555
6000000014929392736
6000000014929400594
6000000014929451550
6000000014929472301
6000000014929478538
6000000014929500514
6000000014929563117
6000000014929607025
6000000014929607341
6000000014929634200
6000000014929764199
6000000014929892116
6000000014929907018
6000000014930015030
6000000014930015327
6000000014931735953
6000000014931953908
6000000014932285509
6000000014932568514
6000000014932665068
6000000014932711177
6000000014933287948
6000000014933658285
6000000014933665442
6000000014933668307
6000000014933676871
6000000014933677329
6000000014933682340
6000000014937886595
6000000014937946134
6000000014939700787
6000000014940045029
6000000014946007900
6000000014946599922
6000000014947204306
6000000014948906169
6000000014950534816
6000000014950711335
6000000014950825166
6000000014956271746
6000000014956992834
6000000014958657791
6000000014962024308
6000000014973390819
6000000014973455735
6000000014974772676
6000000014974895890
6000000014974914461
6000000014974936527
6000000014974970074
6000000014975001078
6000000014990319623
6000000015005655776
6000000015006029323
6000000015014075663
6000000015014539006
6000000015019085762
6000000015019163306
6000000015024970110
6000000015038326791
6000000015038713016
6000000015039757893
6000000015039757897
6000000015039905644
6000000015040466723
6000000015040470841
6000000015051883867
6000000015069801803
6000000015069801849
6000000015069879262
6000000015069888221
6000000015100145855
6000000015100244798
6000000015100593607
6000000015100840926
6000000015100919711
6000000015101267012
6000000015120493174
6000000015120521607
6000000015120658206
6000000015120662375
6000000015120686543
6000000015120738227
6000000015120743089
6000000015120748044
6000000015120749101
6000000015120758451
6000000015120809096
6000000015127375222
6000000015128329804
6000000015128503368
6000000015128712631
6000000015132400550
6000000015132549918
6000000015132758421
6000000015137472530
6000000015137592098
6000000015137632050
6000000015143124993
6000000015143590661
6000000015143596400
6000000015144008623
6000000015144038895
6000000015144135331
6000000015144186715
6000000015144187655
6000000015144262224
6000000015144316369
6000000015144358059
6000000015144402023
6000000015152536331
6000000015156796919
6000000015157694594
6000000015160333805
6000000015160410495
6000000015160410506
6000000015160666423
6000000015161398463
6000000015161467307
6000000015164701160
6000000015165037049
6000000015165110561
6000000015165278325
6000000015165413862
6000000015165484642
6000000015165504651
6000000015165520295
6000000015165712201
6000000015165736101
6000000015165846287
6000000015165961915
6000000015165982153
6000000015166038244
6000000015166050342
6000000015166056201
6000000015166069015
6000000015166194937
6000000015166362092
6000000015166440088
6000000015168213975
6000000015170512064
6000000015172607627
6000000015172687211
6000000015172742096
6000000015180854011
6000000015185075299
6000000015185094518
6000000015185137170
6000000015188549304
6000000015190570077
6000000015191729496
6000000015191825663
6000000015192415305
6000000015192431453
6000000015192601831
6000000015192955315
6000000015199747430
6000000015199771648
6000000015199829434
6000000015200106236
6000000015200120273
6000000015200133237
6000000015200148392
6000000015200148411
6000000015200173571
6000000015200246287
6000000015200254154
6000000015200255198
6000000015200265335
6000000015200266210
6000000015200355001
6000000015200394228
6000000015200396753
6000000015200400643
6000000015200478037
6000000015200507633
6000000015200527911
6000000015200590765
6000000015201790089
6000000015204381777
6000000015204424489
6000000015204724275
6000000015205274863
6000000015205956238
6000000015206186112
6000000015211178776
6000000015211504825
6000000015211606226
6000000015212208636
6000000015212249570
6000000015212264540
6000000015212279774
6000000015213053130
6000000015213093296
6000000015213109036
6000000015213126038
6000000015215559535
6000000015215682338
6000000015221185888
6000000015221313125
6000000015222778756
6000000015224858192
6000000015231504530
6000000015231682835
6000000015231690664
6000000015231701176
6000000015231747566
6000000015231785712
6000000015231797170
6000000015231813261
6000000015231829147
6000000015231861050
6000000015232457981
6000000015232521618
6000000015232897278
6000000015233040071
6000000015233057010
6000000015237944336
6000000015237990988
6000000015251332429
6000000015254167876
6000000015254569570
6000000015259361487
6000000015259513175
6000000015259513463
6000000015259578885
6000000015259663495
6000000015259767969
6000000015259901575
6000000015259904815
6000000015259943521
6000000015259989309
6000000015260034187
6000000015260044169
6000000015260075092
6000000015261012273
6000000015261128134
6000000015264398834
6000000015265159703
6000000015265421524
6000000015265461681
6000000015265573516
6000000015265912244
6000000015267726408
6000000015267827021
6000000015270499623
6000000015270671748
6000000015270701665
6000000015270822437
6000000015270928443
6000000015272448907
6000000015273665424
6000000015273674160
6000000015273680141
6000000015274624586
6000000015275081732
6000000015276043335
6000000015278393977
6000000015278831541
6000000015278888557
6000000015279261806
6000000015279910874
6000000015279927576
6000000015280050267
6000000015280140406
6000000015280220536
6000000015280263606
6000000015280321110
6000000015280342384
6000000015280350219
6000000015280365762
6000000015280367023
6000000015280367126
6000000015281338809
6000000015281535801
6000000015281600159
6000000015281712046
6000000015282591127
6000000015282811137
6000000015284956310
6000000015285890987
6000000015286583879
6000000015286636710
6000000015286871905
6000000015286974730
6000000015287045498
6000000015287165542
6000000015287165693
6000000015287197228
6000000015287219589
6000000015287250147
6000000015287311260
6000000015287364175
6000000015287412081
6000000015287413063
6000000015289092727
6000000015289493106
6000000015289493361
6000000015289820388
6000000015299754916
6000000015299796343
6000000015299896776
6000000015300249001
6000000015300351913
6000000015301449062
6000000015301520002
6000000015301532032
6000000015301839790
6000000015302191718
6000000015304681631
6000000015304832902
6000000015304871662
6000000015304912740
6000000015304926696
6000000015304933835
6000000015305070965
6000000015305117296
6000000015305157727
6000000015305168325
6000000015305239142
6000000015305245266
6000000015305249027
6000000015305262226
6000000015305263226
6000000015305263599
6000000015305271227
6000000015305293063
6000000015305337001
6000000015305341042
6000000015305341120
6000000015305364017
6000000015305955377
6000000015306315549
6000000015306664158
6000000015306899025
6000000015306986324
6000000015311629826
6000000015311724407
6000000015311728974
6000000015311753669
6000000015311845868
6000000015311913427
6000000015314070149
6000000015314087299
6000000015319810478
6000000015319836466
6000000015319854736
6000000015319972597
6000000015321259962
6000000015321343826
6000000015323644392
6000000015323732227
6000000015324333575
6000000015330363677
6000000015332947910
6000000015332996367
6000000015333654617
6000000015339706789
6000000015339965664
6000000015340347867
6000000015340778705
6000000015340917193
6000000015342663368
6000000015342785614
6000000015342809206
6000000015343048013
6000000015343234711
6000000015343392494
6000000015343426013
6000000015344630682
6000000015344642466
6000000015344645367
6000000015344652334
6000000015344682427
6000000015344698828
6000000015344704181
6000000015344767145
6000000015344776102
6000000015350284755
6000000015350511768
6000000015351398579
6000000015351456876
6000000015351547877
6000000015351563358
6000000015351686516
6000000015351718511
6000000015351724392
6000000015351868471
6000000015351957213
6000000015352208339
6000000015352492132
6000000015352526348
6000000015352637082
6000000015352757865
6000000015352894495
6000000015352950203
6000000015352958172
6000000015355270621
6000000015355530754
6000000015356429988
6000000015356434818
6000000015356556003
6000000015356559398
6000000015356579186
6000000015357223888
6000000015357319422
6000000015357359225
6000000015357420335
6000000015357549198
6000000015357693661
6000000015357707513
6000000015357714499
6000000015357857621
6000000015358251846
6000000015358333577
6000000015358459396
6000000015361523724
6000000015361691601
6000000015361826650
6000000015361876441
6000000015361882247
6000000015361915799
6000000015361949063
6000000015361953874
6000000015362190159
6000000015363685545
6000000015363699871
6000000015363817154
6000000015363916664
6000000015364043224
6000000015364044064
6000000015364156168
6000000015364162559
6000000015364180312
6000000015364246098
6000000015372523006
6000000015373978194
6000000015386406810
6000000015386412888
6000000015386638955
6000000015387063452
6000000015387078011
6000000015387138867
6000000015387154668
6000000015387879280
6000000015388074806
6000000015388342613
6000000015388425454
6000000015388475541
6000000015388486687
6000000015388492345
6000000015388531085
6000000015390532964
6000000015390623827
6000000015391080605
6000000015391131437
6000000015391663480
6000000015391752763
6000000015391779622
6000000015391860632
6000000015391957154
6000000015391960235
6000000015392007265
6000000015392036179
6000000015392050951
6000000015392100031
6000000015402129765
6000000015402306852
6000000015402455234
6000000015404369494
6000000015404369505
6000000015408541246
6000000015408720185
6000000015411561759
6000000015415571382
6000000015418652861
6000000015422200634
6000000015423554110
6000000015423698677
6000000015424044039
6000000015424146991
6000000015424519397
6000000015426203349
6000000015426256114
6000000015426264032
6000000015429025743
6000000015429878202
6000000015431303976
6000000015431368802
6000000015432093289
6000000015432218467
6000000015432834583
6000000015432934564
6000000015432951756
6000000015432981490
6000000015433097297
6000000015433104040
6000000015433113146
6000000015433133191
6000000015434732710
6000000015434783685
6000000015434843715
6000000015434975777
6000000015435024931
6000000015435042866
6000000015435066616
6000000015436178450
6000000015436213504
6000000015436236417
6000000015436324323
6000000015436379460
6000000015442833477
6000000015443030131
6000000015445720778
6000000015452390849
6000000015452583427
6000000015452609304
6000000015452641373
6000000015456577858
6000000015458097981
6000000015458156803
6000000015458394484
6000000015482810672
6000000015509697007
6000000015512664290
6000000015512999068
6000000015518557071
6000000015520673564
6000000015520959332
6000000015522017930
6000000015523232646
6000000015523388431
6000000015523432405
6000000015523593206
6000000015523670605
6000000015524182568
6000000015524280290
6000000015528107939
6000000015529044032
6000000015530158718
6000000015530319695
6000000015530396748
6000000015530444476
6000000015530530077
6000000015534796019
6000000015536309588
6000000015536386873
6000000015536574648
6000000015537131986
6000000015537187349
6000000015537383001
6000000015537389227
6000000015537897726
6000000015538101028
6000000015538549719
6000000015538598582
6000000015539163012
6000000015539599891
6000000015549652962
6000000015549711798
6000000015549747925
6000000015550058647
6000000015550083256
6000000015550557317
6000000015550634455
6000000015550652677
6000000015550792033
6000000015551144461
6000000015551256682
6000000015565536487
6000000015583119043
6000000015595404306
6000000015606427444
6000000015606524176
6000000015606569106
6000000015608311405
6000000015608807215
6000000015608855536
6000000015613069808
6000000015613443613
6000000015613590455
6000000015615857390
6000000015620868795
6000000015620969058
6000000015620993748
6000000015621109072
6000000015625071045
6000000015625573010
6000000015625587627
6000000015626455388
6000000015626523110
6000000015626792851
6000000015626928958
6000000015628825667
6000000015648622597
6000000015651240510
6000000015652687301
6000000015653002041
6000000015657549274
6000000015663551131
6000000015666645510
6000000015666745947
6000000015666745991
6000000015666747818
6000000015666753430
6000000015666771475
6000000015666865971
6000000015666887179
6000000015667638180
6000000015675487213
6000000015681231655
6000000015681535203
6000000015681696846
6000000015681779650
6000000015682193220
6000000015683013930
6000000015684235660
6000000015684259944
6000000015684285779
6000000015684356329
6000000015684358303
6000000015685385818
6000000015699609564
6000000015699769084
6000000015703587279
6000000015703644030
6000000015710203382
6000000015712192971
6000000015712288623
6000000015712562723
6000000015712594472
6000000015712598655
6000000015712622853
6000000015712629252
6000000015712642876
6000000015712656239
6000000015712671838
6000000015712705197
6000000015712722056
6000000015712821025
6000000015716807984
6000000015717419200
6000000015717429157
6000000015717433736
6000000015720952854
6000000015721267485
6000000015721336344
6000000015721357804
6000000015721494250
6000000015721507382
6000000015730857767
6000000015731015280
6000000015733320853
6000000015733475028
6000000015739958487
6000000015740344646
6000000015741134004
6000000015741683829
6000000015741831955
6000000015741880970
6000000015741927680
6000000015742001682
6000000015742007734
6000000015742096826
6000000015742110919
6000000015742302830
6000000015742305015
6000000015742353789
6000000015742365986
6000000015742387527
6000000015742401863
6000000015742443474
6000000015742487076
6000000015742494826
6000000015742504818
6000000015742530259
6000000015742547993
6000000015742572321
6000000015742577369
6000000015742578366
6000000015742597283
6000000015742598148
6000000015742612425
6000000015742613139
6000000015742613584
6000000015742616526
6000000015742658057
6000000015742721145
6000000015742752030
6000000015743397952
6000000015744697036
6000000015761730863
6000000015762489030
6000000015763140650
6000000015763243763
6000000015763266492
6000000015763343046
6000000015763382858
6000000015763383540
6000000015763398886
6000000015763447525
6000000015763469140
6000000015763497274
6000000015763524793
6000000015763599238
6000000015763628433
6000000015763632278
6000000015763633334
6000000015763634288
6000000015763681138
6000000015765603661
6000000015766249200
6000000015766396768
6000000015782524111
6000000015786587477
6000000015786597702
6000000015786618472
6000000015797148601
6000000015797199497
6000000015797260088
6000000015810752976
6000000015810794709
6000000015810795845
6000000015810949888
6000000015811035328
6000000015811058529
6000000015811062839
6000000015811075508
6000000015811079837
6000000015811096587
6000000015811102334
6000000015811132853
6000000015811220065
6000000015811276237
6000000015814513708
6000000015819781730
6000000015820795974
6000000015820805811
6000000015820867641
6000000015820983286
6000000015820984514
6000000015821188915
6000000015821371104
6000000015821386473
6000000015821413588
6000000015821427093
6000000015821450364
6000000015821452882
6000000015821465224
6000000015822064806
6000000015822095387
6000000015822126637
6000000015822170903
6000000015822181363
6000000015822297065
6000000015822306076
6000000015822313647
6000000015822646437
6000000015824652936
6000000015832668372
6000000015835113999
6000000015835181450
6000000015835966977
6000000015843949312
6000000015843949337
6000000015843978571
6000000015843985336
6000000015844042894
6000000015844043256
6000000015844051909
6000000015844173331
6000000015844317998
6000000015844440835
6000000015844448871
6000000015844462354
6000000015844475737
6000000015844485943
6000000015844495676
6000000015844504355
6000000015844511879
6000000015844556791
6000000015844566843
6000000015844578228
6000000015844580286
6000000015844580601
6000000015844632498
6000000015844650057
6000000015844693151
6000000015844710190
6000000015850425057
6000000015863392432
6000000015863556087
6000000015864978889
6000000015864993038
6000000015865402678
6000000015865469138
6000000015865477310
6000000015865523588
6000000015865601736
6000000015865611111
6000000015865683019
6000000015866805378
6000000015868199971
6000000015868217761
6000000015868383244
6000000015868454061
6000000015868487278
6000000015868517167
6000000015872994129
6000000015874523350
6000000015877344725
6000000015877430889
6000000015877465674
6000000015877502163
6000000015877569972
6000000015877691203
6000000015877748102
6000000015878454737
6000000015878455916
6000000015878556959
6000000015878577554
6000000015878597951
6000000015878613557
6000000015878624959
6000000015878628682
6000000015878654791
6000000015878659930
6000000015878660718
6000000015878665613
6000000015878675395
6000000015878719431
6000000015878742630
6000000015878746091
6000000015878760288
6000000015878763841
6000000015878835127
6000000015878844064
6000000015878864038
6000000015878864229
6000000015879086112
6000000015879175150
6000000015879241190
6000000015886537264
6000000015894911526
6000000015895262958
6000000015896605726
6000000015896679682
6000000015896867173
6000000015896918270
6000000015896958729
6000000015897136260
6000000015897193096
6000000015897195073
6000000015901158252
6000000015903080185
6000000015903124157
6000000015908323686
6000000015908379949
6000000015908484669
6000000015908524454
6000000015908753649
6000000015912533904
6000000015912567479
6000000015912688465
6000000015912688639
6000000015912698331
6000000015912929182
6000000015914275370
6000000015914942520
6000000015918721486
6000000015918983050
6000000015926418091
6000000015927395628
6000000015927437627
6000000015927613410
6000000015927619730
6000000015961050943
6000000015961141467
6000000015961147953
6000000015961198892
6000000015961216355
6000000015961223283
6000000015961226334
6000000015961234146
6000000015972988746
6000000015973024592
6000000015973056813
6000000015973058548
6000000015973070193
6000000015973127225
6000000015973149189
6000000015973155377
6000000015973158244
6000000015973193055
6000000015981113367
6000000015981225181
6000000015987575324
6000000015987693539
6000000015987731226
6000000015988282222
6000000015997158956
6000000015997203871
6000000015997464126
6000000015999267984
6000000015999341360
6000000016000810176
6000000016000889226
6000000016000924678
6000000016013058277
6000000016013247871
6000000016013489428
6000000016022741293
6000000016022798074
6000000016022836458
6000000016022845121
6000000016022892179
6000000016023215388
6000000016023255614
6000000016023357040
6000000016023371114
6000000016023394400
6000000016026733689
6000000016057453707
6000000016057617546
6000000016057788558
6000000016057877537
6000000016057885076
6000000016057897024
6000000016057941009
6000000016070161394
6000000016070224566
6000000016070236842
6000000016071047409
6000000016071343539
6000000016071436107
6000000016072464889
6000000016072573741
6000000016073050199
6000000016073438602
6000000016074071184
6000000016074142250
6000000016074175052
6000000016093022420
6000000016093069108
6000000016097129505
6000000016097347597
6000000016116566153
6000000016117749445
6000000016117933608
6000000016126007881
6000000016127662021
6000000016130176241
6000000016139968645
6000000016143051063
6000000016145443482
6000000016145861486
6000000016145865165
6000000016146765324
6000000016147015602
6000000016157870784
6000000016158335411
6000000016158865798
6000000016159129540
6000000016159351963
6000000016159555469
6000000016162995616
6000000016163289010
6000000016164227371
6000000016164478783
6000000016164575253
6000000016164871461
6000000016168611631
6000000016168711784
6000000016168743463
6000000016168761612
6000000016168852137
6000000016168955334
6000000016170135645
6000000016170405203
6000000016170474055
6000000016170503139
6000000016170670442
6000000016171010706
6000000016171070191
6000000016171106045
6000000016187189578
6000000016191875868
6000000016192107765
6000000016192203396
6000000016208474998
6000000016223394402
6000000016237168159
6000000016239332784
6000000016240581953
6000000016240805291
6000000016272929720
6000000016273096351
6000000016273215047
6000000016273247038
6000000016274761054
6000000016299070671
6000000016319163441
6000000016319422789
6000000016321091976
6000000016321828717
6000000016335651996
6000000016335835753
6000000016335883782
6000000016335926327
6000000016335942800
6000000016335945813
6000000016335959573
6000000016336052298
6000000016336086097
6000000016336112019
6000000016336142225
6000000016359409366
6000000016359573154
6000000016359740808
6000000016359987887
6000000016360042741
6000000016386527959
6000000016386592463
6000000016417692512
6000000016417949796
6000000016420525658
6000000016421089484
6000000016423061664
6000000016429184252
6000000016442728036
6000000016465465677
6000000016465621240
6000000016465628491
6000000016472903799
6000000016476263646
6000000016518764700
6000000016520595731
6000000016521545655
6000000016521651173
6000000016530519981
6000000016531349890
6000000016531672995
6000000016531679941
6000000016533140502
6000000016541067600
6000000016544531014
6000000016545954016
6000000016557068857
6000000016557368126
6000000016557429018
6000000016567764524
6000000016568078932
6000000016568298700
6000000016568345909
6000000016568369561
6000000016568392118
6000000016568420568
6000000016568428292
6000000016568451676
6000000016568459478
6000000016568461935
6000000016568481922
6000000016568513339
6000000016568522439
6000000016568524516
6000000016568537614
6000000016568539739
6000000016568565585
6000000016568613441
6000000016568842356
6000000016568992044
6000000016569060001
6000000016572963891
6000000016573134824
6000000016573574596
6000000016573711842
6000000016573765969
6000000016573899811
6000000016574057697
6000000016574091633
6000000016574112454
6000000016574268972
6000000016574484948
6000000016574524562
6000000016574537330
6000000016574633455
6000000016574639156
6000000016574677302
6000000016574723398
6000000016574736180
6000000016574767077
6000000016577135985
6000000016577165398
6000000016577338481
6000000016577345142
6000000016577375076
6000000016577421104
6000000016578965692
6000000016579128735
6000000016579200457
6000000016579276895
6000000016579309813
6000000016579327655
6000000016579370928
6000000016579505768
6000000016579898180
6000000016579950167
6000000016579980162
6000000016580007029
6000000016580020673
6000000016580024257
6000000016580055282
6000000016580224227
6000000016580265047
6000000016580392053
6000000016580431056
6000000016580434060
6000000016585154134
6000000016598720508
6000000016598728386
6000000016605165840
6000000016605330713
6000000016608337287
6000000016613877570
6000000016625163704
6000000016625235035
6000000016625268019
6000000016625503081
6000000016628279467
6000000016631684491
6000000016631811156
6000000016631816319
6000000016631878025
6000000016649765247
6000000016650365425
6000000016659517698
6000000016659897455
6000000016662777576
6000000016679299957
6000000016681261869
6000000016699160646
6000000016717964723
6000000016718331313
6000000016729644963
6000000016730110195
6000000016739019473
6000000016745797281
6000000016752081897
6000000016752753338
6000000016752957174
6000000016753004161
6000000016753018295
6000000016753019058
6000000016753089017
6000000016753118326
6000000016753200141
6000000016753206069
6000000016753293123
6000000016753472161
6000000016765696674
6000000016765908226
6000000016766029461
6000000016766048642
6000000016766178049
6000000016776009610
6000000016792452593
6000000016792916070
6000000016795354609
6000000016795403641
6000000016795441292
6000000016811166951
6000000016814312068
6000000016821570783
6000000016831356386
6000000016831371324
6000000016831380288
6000000016831411145
6000000016833299157
6000000016856370327
6000000016878055839
6000000016894131977
6000000016898427601
6000000016912251891
6000000016912274322
6000000016912328315
6000000016912369398
6000000016912441144
6000000016912496222
6000000016915430918
6000000016922622241
6000000016937935980
6000000016937991171
6000000016938027077
6000000016950110671
6000000016950688493
6000000016951460753
6000000016960343520
6000000016960481676
6000000016960523198
6000000016960565587
6000000016960713897
6000000016960746133
6000000016960767446
6000000016960969512
6000000016963187786
6000000016963218577
6000000016963286287
6000000016963352683
6000000016973936662
6000000016974655579
6000000016974801722
6000000016975444767
6000000016975621276
6000000017004949732
6000000017005427143
6000000017008963024
6000000017012010642
6000000017017508778
6000000017017689657
6000000017018188642
6000000017018378012
6000000017018485275
6000000017018488185
6000000017034285959
6000000017034543266
6000000017041057625
6000000017051956505
6000000017052028793
6000000017052063714
6000000017052282402
6000000017052345125
6000000017052385246
6000000017052457003
6000000017056005088
6000000017063652001
6000000017068551744
6000000017069829672
6000000017072293992
6000000017078366609
6000000017081365723
6000000017081441787
6000000017081503218
6000000017081510638
6000000017089292696
6000000017097526232
6000000017097956293
6000000017098048278
6000000017098270457
6000000017098599655
6000000017098662206
6000000017099271006
6000000017103356073
6000000017107057457
6000000017107115427
6000000017107296539
6000000017107362221
6000000017107838775
6000000017108065569
6000000017108128121
6000000017115609089
6000000017116184486
6000000017116813048
6000000017136180071
6000000017137226970
6000000017137520384
6000000017137545608
6000000017137633725
6000000017139285191
6000000017139492787
6000000017139510860
6000000017139692415
6000000017139701103
6000000017139727158
6000000017139765759
6000000017139774472
6000000017139778003
6000000017139822356
6000000017139825086
6000000017139852481
6000000017139883079
6000000017139902261
6000000017139960030
6000000017143040871
6000000017144539853
6000000017144561672
6000000017144873475
6000000017144884415
6000000017144889180
6000000017144894242
6000000017144904393
6000000017144943122
6000000017144982037
6000000017144992176
6000000017145006202
6000000017145014269
6000000017145020132
6000000017145035071
6000000017146028689
6000000017146045220
6000000017146805760
6000000017149922898
6000000017152496732
6000000017152515715
6000000017152566581
6000000017152664752
6000000017152725693
6000000017152744153
6000000017152911049
6000000017153554235
6000000017153605780
6000000017153774801
6000000017153819854
6000000017153888539
6000000017153950556
6000000017153986470
6000000017154178814
6000000017154201146
6000000017154214122
6000000017154230451
6000000017154232969
6000000017154295727
6000000017154366430
6000000017160145872
6000000017160383759
6000000017160419808
6000000017160426815
6000000017160764672
6000000017160837424
6000000017160860790
6000000017160861791
6000000017160865418
6000000017160939184
6000000017161053445
6000000017161191913
6000000017161234268
6000000017161246719
6000000017161300508
6000000017161481953
6000000017161489603
6000000017161493622
6000000017161666144
6000000017161719046
6000000017161733148
6000000017161736134
6000000017161958902
6000000017161960483
6000000017162070088
6000000017162091171
6000000017162110508
6000000017162202398
6000000017177537870
6000000017177597547
6000000017177599333
6000000017177656688
6000000017177684917
6000000017177761816
6000000017177766072
6000000017177786351
6000000017177829795
6000000017177855925
6000000017177984329
6000000017178028146
6000000017184170347
6000000017185795660
6000000017185819851
6000000017185836659
6000000017185911689
6000000017185932819
6000000017185965346
6000000017185976183
6000000017185976561
6000000017186091786
6000000017186478259
6000000017186484969
6000000017186487271
6000000017186542326
6000000017186580823
6000000017186613784
6000000017186613791
6000000017186680106
6000000017186762384
6000000017186762464
6000000017187192495
6000000017189582133
6000000017192068302
6000000017192085973
6000000017192215543
6000000017192279025
6000000017193119340
6000000017197621703
6000000017197773860
6000000017198010586
6000000017198280337
6000000017198280402
6000000017198339274
6000000017198346279
6000000017199361619
6000000017200395737
6000000017207557498
6000000017207872424
6000000017207872442
6000000017207884134
6000000017208005361
6000000017208054680
6000000017208099790
6000000017208248066
6000000017208754828
6000000017209180805
6000000017209185404
6000000017209351512
6000000017209387457
6000000017209408408
6000000017209408442
6000000017209429284
6000000017209437140
6000000017213190456
6000000017213939962
6000000017214084761
6000000017214170619
6000000017214354753
6000000017214440548
6000000017214460622
6000000017214528043
6000000017214535003
6000000017214544101
6000000017214551512
6000000017215038213
6000000017215074857
6000000017215134444
6000000017215153101
6000000017215228218
6000000017224565745
6000000017226057286
6000000017226130237
6000000017226139338
6000000017226248264
6000000017226473142
6000000017233116572
6000000017235674835
6000000017235840007
6000000017243897836
6000000017243972630
6000000017244005620
6000000017244289597
6000000017244331390
6000000017251906370
6000000017252379230
6000000017260978565
6000000017272645379
6000000017272727061
6000000017280213764
6000000017307444629
6000000017308741229
6000000017308742640
6000000017308891870
6000000017309403244
6000000017309407852
6000000017309584135
6000000017316058112
6000000017320307492
6000000017320498477
6000000017327833829
6000000017341174222
6000000017344938708
6000000017345012956
6000000017345060906
6000000017345240556
6000000017345251963
6000000017345307809
6000000017345308861
6000000017345336741
6000000017345350700
6000000017345388443
6000000017345447075
6000000017345476021
6000000017345477010
6000000017359880366
6000000017359932135
6000000017359938110
6000000017359942363
6000000017359979068
6000000017360762587
6000000017360987440
6000000017361324683
6000000017361409716
6000000017361721229
6000000017361852134
6000000017368989215
6000000017369033979
6000000017384362828
6000000017384914236
6000000017384995073
6000000017386285842
6000000017389491444
6000000017415825753
6000000017419736502
6000000017419737356
6000000017420197568
6000000017420213631
6000000017420261535
6000000017420360417
6000000017423377424
6000000017424692768
6000000017424768895
6000000017424769920
6000000017424919203
6000000017424931439
6000000017424939398
6000000017424952375
6000000017424970117
6000000017425016028
6000000017425034015
6000000017441167007
6000000017445768109
6000000017448056016
6000000017473966098
6000000017473993513
6000000017478668168
6000000017486369418
6000000017487622443
6000000017487901080
6000000017518197934
6000000017519078390
6000000017519217723
6000000017542821317
6000000017547295723
6000000017552759438
6000000017555555563
6000000017559595899
6000000017560893252
6000000017561001504
6000000017561152537
6000000017561237119
6000000017561240224
6000000017561241117
6000000017561567018
6000000017561577708
6000000017561623356
6000000017561823554
6000000017561831363
6000000017564526318
6000000017564588176
6000000017566087141
6000000017569891843
6000000017574105489
6000000017574910472
6000000017575010151
6000000017577708043
6000000017584232643
6000000017592542953
6000000017595202888
6000000017595536941
6000000017595576539
6000000017595589726
6000000017595652746
6000000017595769614
6000000017595780710
6000000017595785762
6000000017595824430
6000000017596110440
6000000017605731312
6000000017607567204
6000000017607746477
6000000017629455757
6000000017630173229
6000000017632121755
6000000017633204800
6000000017633621847
6000000017633633919
6000000017633689530
6000000017633743139
6000000017633752313
6000000017633780127
6000000017633866150
6000000017637124123
6000000017637199281
6000000017640806941
6000000017640872078
6000000017651241264
6000000017660552203
6000000017663054612
6000000017663365841
6000000017664185726
6000000017673279269
6000000017679336193
6000000017680738983
6000000017681865874
6000000017681934837
6000000017681958757
6000000017681962801
6000000017682119760
6000000017682232934
6000000017682323403
6000000017682400064
6000000017682414226
6000000017682414233
6000000017682414829
6000000017682439547
6000000017682568038
6000000017682568088
6000000017682580128
6000000017682587099
6000000017682590131
6000000017689875353
6000000017690859623
6000000017690930100
6000000017691069176
6000000017691083109
6000000017692014749
6000000017696381973
6000000017696552470
6000000017702955893
6000000017711056434
6000000017720046695
6000000017720310101
6000000017720365032
6000000017728103831
6000000017736050830
6000000017737257517
6000000017737299485
6000000017737409538
6000000017737479008
6000000017737516015
6000000017756780696
6000000017756815600
6000000017756874330
6000000017762890421
6000000017767561873
6000000017773030648
6000000017773852268
6000000017773906013
6000000017776239253
6000000017806882807
6000000017806908661
6000000017807056466
6000000017807133182
6000000017807283028
6000000017807298152
6000000017807345058
6000000017808037857
6000000017808066520
6000000017808840717
6000000017817710262
6000000017817942896
6000000017817966938
6000000017845915868
6000000017845925778
6000000017846254227
6000000017852850713
6000000017853223921
6000000017854124931
6000000017854411415
6000000017854411444
6000000017857727516
6000000017859923778
6000000017861004368
6000000017861346885
6000000017861882243
6000000017862055060
6000000017862105011
6000000017875686841
6000000017876084121
6000000017876143463
6000000017876218270
6000000017898256023
6000000017898259106
6000000017906851635
6000000017906855294
6000000017907278363
6000000017907409003
6000000017916326765
6000000017916676598
6000000017928555183
6000000017944849239
6000000017947444466
6000000017947462575
6000000017947559164
6000000017962489722
6000000017962553172
6000000017962806846
6000000017962842347
6000000017963028402
6000000017973586616
6000000017973630657
6000000017973724218
6000000018002838697
6000000018013012200
6000000018013139282
6000000018013140166
6000000018050631013
6000000018060343422
6000000018060428624
6000000018060482914
6000000018060510861
6000000018060528642
6000000018060542189
6000000018060548358
6000000018060576127
6000000018060576133
6000000018060635178
6000000018060673038
6000000018069980087
6000000018070130163
6000000018095886963
6000000018096369233
6000000018096514694
6000000018107486545
6000000018118240207
6000000018136163441
6000000018136392257
6000000018136454580
6000000018138409405
6000000018138443766
6000000018138773675
6000000018138789519
6000000018138897466
6000000018138942515
6000000018139147271
6000000018139345044
6000000018171549604
6000000018171570272
6000000018171966262
6000000018172026013
6000000018210770383
6000000018211201416
6000000018214662642
6000000018239657815
6000000018239793903
6000000018240145977
6000000018240245600
6000000018240316077
6000000018244649532
6000000018248050202
6000000018273560536
6000000018274142536
6000000018274163466
6000000018274297918
6000000018336567063
6000000018339464990
6000000018339539525
6000000018339744689
6000000018339861266
6000000018340669357
6000000018347602415
6000000018349663007
6000000018357544027
6000000018389810981
6000000018389812795
6000000018389929977
6000000018390076995
6000000018390112905
6000000018390155628
6000000018390192596
6000000018390217699
6000000018390247445
6000000018390247528
6000000018390252127
6000000018390256407
6000000018390273034
6000000018390283061
6000000018390284159
6000000018390298061
6000000018444223763
6000000018444286456
6000000018444312438
6000000018444345095
6000000018457950170
6000000018458063497
6000000018459143339
6000000018485232865
6000000018485338435
6000000018485402541
6000000018526943568
6000000018527081171
6000000018532459029
6000000018542445035
6000000018555324114
6000000018560921683
6000000018591172867
6000000018595123310
6000000018602756897
6000000018603824851
6000000018603827952
6000000018604147623
6000000018606102970
6000000018612591843
6000000018614294879
6000000018639743819
6000000018639793794
6000000018639845912
6000000018639994531
6000000018640081657
6000000018640100775
6000000018640110820
6000000018640190323
6000000018640194359
6000000018640195429
6000000018640272370
6000000018640311071
6000000018640314083
6000000018640820065
6000000018644124872
6000000018644747883
6000000018644803969
6000000018644804911
6000000018645239173
6000000018645491020
6000000018660756099
6000000018671188748
6000000018671458672
6000000018671617391
6000000018671639424
6000000018671998303
6000000018672257001
6000000018679654086
6000000018690723046
6000000018693026463
6000000018694160068
6000000018701146310
6000000018701180371
6000000018701193289
6000000018701221232
6000000018707229966
6000000018707313694
6000000018708397876
6000000018709767102
6000000018712536971
6000000018713309915
6000000018713380664
6000000018713782265
6000000018713782490
6000000018713820552
6000000018713861061
6000000018713914156
6000000018728303002
6000000018738214286
6000000018738259064
6000000018740179585
6000000018740185546
6000000018740209185
6000000018768358007
6000000018776060167
6000000018790558410
6000000018790722273
6000000018796744361
6000000018800267846
6000000018800396402
6000000018800553557
6000000018800604202
6000000018801029328
6000000018801076643
6000000018801326007
6000000018802757698
6000000018802846969
6000000018806469001
6000000018807200005
6000000018807713976
6000000018809918687
6000000018810154122
6000000018810826111
6000000018813376333
6000000018813536253
6000000018814000611
6000000018814167571
6000000018814365848
6000000018814483230
6000000018814910037
6000000018815807697
6000000018816470031
6000000018817125811
6000000018817278001
6000000018817443434
6000000018817630132
6000000018817835545
6000000018817845503
6000000018817849254
6000000018817855906
6000000018817863572
6000000018817949036
6000000018818047177
6000000018818529293
6000000018818548446
6000000018818603043
6000000018818639092
6000000018818682764
6000000018830483235
6000000018831179441
6000000018832085528
6000000018832570698
6000000018832623523
6000000018832710395
6000000018832790462
6000000018832896078
6000000018833666755
6000000018833752065
6000000018833764374
6000000018837809970
6000000018837838950
6000000018838213273
6000000018838406470
6000000018838515453
6000000018838693145
6000000018838694048
6000000018838699119
6000000018838718116
6000000018842889435
6000000018843020699
6000000018843057934
6000000018843746042
6000000018845002887
6000000018845535028
6000000018867977196
6000000018869718678
6000000018875384991
6000000018891105972
6000000018891322750
6000000018891484755
6000000018891510381
6000000018891588257
6000000018894090509
6000000018904163602
6000000018904417408
6000000018906539146
6000000018906971706
6000000018907077666
6000000018907527094
6000000018907597016
6000000018912415337
6000000018916496856
6000000018917553546
6000000018918040229
6000000018920238047
6000000018922119846
6000000018928829921
6000000018930038154
6000000018930045436
6000000018930178659
6000000018930355366
6000000018930489301
6000000018930698144
6000000018930925760
6000000018931132064
6000000018931148056
6000000018931259048
6000000018931260846
6000000018931342945
6000000018932443692
6000000018932522341
6000000018932580624
6000000018932968384
6000000018933052056
6000000018933197127
6000000018933428026
6000000018933476007
6000000018934411198
6000000018934786026
6000000018936123359
6000000018936273200
6000000018936465819
6000000018936481001
6000000018936650980
6000000018936679352
6000000018936844187
6000000018936899546
6000000018936951231
6000000018937190021
6000000018937198848
6000000018937256801
6000000018937305423
6000000018937325236
6000000018937331434
6000000018937333861
6000000018937398263
6000000018937433703
6000000018937443428
6000000018937461027
6000000018937501470
6000000018937613172
6000000018937746015
6000000018938129523
6000000018938183219
6000000018938739622
6000000018938812493
6000000018940996174
6000000018944419869
6000000018945455877
6000000018946237593
6000000018946704028
6000000018947137321
6000000018962357362
6000000018962540053
6000000018963480057
6000000018963488026
6000000018963680723
6000000018964558242
6000000018966751403
6000000018968323057
6000000018970228313
6000000018970611468
6000000018971152185
6000000018971346969
6000000018971353831
6000000018971460578
6000000018971861675
6000000018972623505
6000000018972630285
6000000018972743410
6000000018973227101
6000000018973738175
6000000018973859634
6000000018974122104
6000000018985520604
6000000018986901513
6000000018987066693
6000000018987079893
6000000018987120257
6000000018987187285
6000000018987548001
6000000018991099847
6000000018992477310
6000000018993335629
6000000018994529122
6000000018994664084
6000000018994804816
6000000018994845036
6000000018995331371
6000000018995448190
6000000018995673056
6000000018995691043
6000000018995770048
6000000018995801256
6000000018999018417
6000000018999039796
6000000018999053808
6000000018999114547
6000000018999121562
6000000018999276398
6000000018999563521
6000000018999731328
6000000018999880351
6000000018999884290
6000000018999938315
6000000018999960152
6000000018999973298
6000000019000216922
6000000019000358787
6000000019000402493
6000000019000641115
6000000019003772297
6000000019003772316
6000000019003772322
6000000019003772328
6000000019003772334
6000000019003780496
6000000019003939610
6000000019003987641
6000000019004122892
6000000019004130700
6000000019004350358
6000000019004363325
6000000019004385889
6000000019004388586
6000000019004407329
6000000019004428776
6000000019004433134
6000000019004433145
6000000019004457185
6000000019004459261
6000000019004502303
6000000019004518853
6000000019004527184
6000000019004555045
6000000019004636156
6000000019004651133
6000000019004747220
6000000019004808542
6000000019004915598
6000000019005037325
6000000019005044362
6000000019005074921
6000000019005079566
6000000019005085229
6000000019005085389
6000000019005096710
6000000019005129231
6000000019005235164
6000000019005307437
6000000019005323063
6000000019005323148
6000000019005369165
6000000019005576732
6000000019005818395
6000000019005818735
6000000019005915301
6000000019006117267
6000000019006137236
6000000019006369822
6000000019006737791
6000000019006847325
6000000019006881519
6000000019006977288
6000000019006999508
6000000019007220528
6000000019007547254
6000000019007610011
6000000019008072528
6000000019008313540
6000000019008420274
6000000019008553205
6000000019008786519
6000000019009133208
6000000019009187012
6000000019009263141
6000000019009567571
6000000019009755323
6000000019009870139
6000000019009908651
6000000019009908688
6000000019010479505
6000000019010660832
6000000019010751080
6000000019010761324
6000000019010798181
6000000019010884478
6000000019010989395
6000000019026273588
6000000019044586397
6000000019044975314
6000000019045045065
6000000019045045622
6000000019045328532
6000000019045480001
6000000019046096562
6000000019046410064
6000000019046928025
6000000019047616230
6000000019048668773
6000000019049129888
6000000019049210640
6000000019049314712
6000000019049337171
6000000019049342439
6000000019049350559
6000000019049405334
6000000019049418164
6000000019049632096
6000000019049711093
6000000019050470359
6000000019051185840
6000000019051669531
6000000019052397305
6000000019052964067
6000000019053668992
6000000019053749901
6000000019053822591
6000000019054497100
6000000019054515090
6000000019054607016
6000000019055299984
6000000019055310482
6000000019055436803
6000000019055712491
6000000019056396610
6000000019057354978
6000000019057788130
6000000019059467461
6000000019059533911
6000000019059554979
6000000019059562900
6000000019059590394
6000000019059966004
6000000019060045115
6000000019060325096
6000000019060358437
6000000019060362038
6000000019060700091
6000000019062320754
6000000019062322718
6000000019067483577
6000000019067511217
6000000019069009162
6000000019072029582
6000000019073930032
6000000019074543128
6000000019079522641
6000000019079946502
6000000019080307361
6000000019080829796
6000000019081355145
6000000019081544968
6000000019081739989
6000000019081775951
6000000019081884913
6000000019082005648
6000000019082024385
6000000019082116252
6000000019082148151
6000000019082148388
6000000019082775687
6000000019082893739
6000000019083028137
6000000019083306289
6000000019083446520
6000000019083468368
6000000019083817003
6000000019085108886
6000000019085344598
6000000019085494544
6000000019085646280
6000000019085958161
6000000019085982463
6000000019087701327
6000000019117561997
6000000019118013259
6000000019118320087
6000000019128810417
6000000019128847309
6000000019128873593
6000000019128939782
6000000019128942626
6000000019128957519
6000000019128980533
6000000019129084862
6000000019129091833
6000000019129118607
6000000019129135495
6000000019129186607
6000000019129193734
6000000019129303521
6000000019129308465
6000000019129352320
6000000019129366275
6000000019129375528
6000000019129389626
6000000019129398595
6000000019129400596
6000000019129424507
6000000019129449142
6000000019129479075
6000000019129493046
6000000019129552124
6000000019129560297
6000000019129583021
6000000019130213265
6000000019139046742
6000000019140024848
6000000019140399078
6000000019140673087
6000000019144270755
6000000019149112495
6000000019149449215
6000000019149651025
6000000019149705123
6000000019160575705
6000000019160612902
6000000019160780347
6000000019161236154
6000000019161545853
6000000019162013544
6000000019162021393
6000000019162158117
6000000019163160040
6000000019163255762
6000000019174824800
6000000019175833105
6000000019175868962
6000000019176021636
6000000019176021733
6000000019176031344
6000000019176107264
6000000019176198068
6000000019176287206
6000000019176304192
6000000019176366386
6000000019176368236
6000000019176616335
6000000019176681161
6000000019176695819
6000000019176927038
6000000019186475598
6000000019195147689
6000000019198633819
6000000019214447900
6000000019215165997
6000000019215202650
6000000019215248380
6000000019215487127
6000000019215516222
6000000019215523655
6000000019215563976
6000000019216968418
6000000019217988358
6000000019221834346
6000000019226813894
6000000019226834311
6000000019226953800
6000000019226973274
6000000019227093396
6000000019227141366
6000000019227370994
6000000019227432206
6000000019227446796
6000000019227490763
6000000019227501146
6000000019227590234
6000000019227602344
6000000019227644103
6000000019227707244
6000000019227774558
6000000019227786451
6000000019227825703
6000000019227861079
6000000019227877659
6000000019227963395
6000000019227990394
6000000019228004290
6000000019228034487
6000000019228167110
6000000019228302054
6000000019228580290
6000000019241571834
6000000019241858510
6000000019242096920
6000000019242161402
6000000019242238143
6000000019242278521
6000000019242290097
6000000019242385756
6000000019242533554
6000000019250145444
6000000019250258614
6000000019252631964
6000000019252661285
6000000019252763270
6000000019253817001
6000000019253979227
6000000019255268667
6000000019260088503
6000000019260094489
6000000019260120670
6000000019260457052
6000000019260542994
6000000019260830184
6000000019264140826
6000000019264864885
6000000019265257006
6000000019268067581
6000000019269269543
6000000019276056180
6000000019276339960
6000000019276933043
6000000019277036017
6000000019277193214
6000000019281263407
6000000019286342998
6000000019296261934
6000000019296590252
6000000019296704343
6000000019303871845
6000000019304079064
6000000019308605686
6000000019308744629
6000000019308837446
6000000019309295401
6000000019309320106
6000000019309323095
6000000019309866670
6000000019310317566
6000000019310402301
6000000019311753206
6000000019311757339
6000000019311902129
6000000019312089837
6000000019312353001
6000000019312380062
6000000019312394141
6000000019328228152
6000000019328458121
6000000019328584127
6000000019328584134
6000000019329383966
6000000019329457968
6000000019329527871
6000000019329824667
6000000019329872554
6000000019329872561
6000000019329901407
6000000019329966731
6000000019330033151
6000000019330136572
6000000019330424276
6000000019330593287
6000000019338932280
6000000019342165314
6000000019342370105
6000000019342808765
6000000019344792912
6000000019344812616
6000000019344979951
6000000019345000274
6000000019345193073
6000000019345772102
6000000019348778673
6000000019355536502
6000000019355798600
6000000019355924174
6000000019358701819
6000000019362063879
6000000019362623999
6000000019382881742
6000000019383449310
6000000019384497395
6000000019384596154
6000000019388845436
6000000019398904843
6000000019399038932
6000000019399285896
6000000019399285902
6000000019399285908
6000000019399354574
6000000019399579145
6000000019401724009
6000000019404134884
6000000019404249016
6000000019404319604
6000000019404463158
6000000019404491371
6000000019408317065
6000000019445883570
6000000019453658530
6000000019454315623
6000000019454651188
6000000019457314840
6000000019458368954
6000000019458449590
6000000019458605293
6000000019458772625
6000000019458848122
6000000019459319275
6000000019459395210
6000000019459680063
6000000019461610567
6000000019464672646
6000000019467310888
6000000019468312012
6000000019482780691
6000000019497241083
6000000019505229909
6000000019507331921
6000000019507453307
6000000019507743060
6000000019507948539
6000000019511741569
6000000019513266906
6000000019514406932
6000000019514680157
6000000019515042410
6000000019519709522
6000000019519712198
6000000019519957284
6000000019520068667
6000000019520191177
6000000019520227255
6000000019520317011
6000000019600391500
6000000019600431144
6000000019607841510
6000000019648247141
6000000019658820120
6000000019684510083
6000000019693461941
6000000019693961517
6000000019694283875
6000000019694774058
6000000019725153813
6000000019725636153
6000000019749360628
6000000019753456488
6000000019753573294
6000000019753611574
6000000019753780016
6000000019769961753
6000000019770167860
6000000019771878146
6000000019772056024
6000000019774088407
6000000019774270695
6000000019776485089
6000000019778580123
6000000019787665981
6000000019788418024
6000000019788418035
6000000019789277523
6000000019789624728
6000000019789671362
6000000019791984214
6000000019802347071
6000000019802859170
6000000019815068263
6000000019829287953
6000000019829440952
6000000019829444915
6000000019829777317
6000000019829782140
6000000019829824121
6000000019829900065
6000000019832853107
6000000019854991825
6000000019860489531
6000000019883727534
6000000019884073036
6000000019884114003
6000000019908080124
6000000019911485857
6000000019918044878
6000000019919301157
6000000019934230830
6000000019934611443
6000000019939351195
6000000019952356670
6000000019952665404
6000000019952756338
6000000019953429650
6000000019971331588
6000000019971440851
6000000019972080504
6000000019972997868
6000000019975787724
6000000019979181668
6000000020012498048
6000000020014344484
6000000020014886130
6000000020020523781
6000000020022748339
6000000020024606432
6000000020025172423
6000000020025815669
6000000020063837477
6000000020065290618
6000000020072699978
6000000020080092829
6000000020080219832
6000000020080280715
6000000020080296319
6000000020080347820
6000000020080484218
6000000020080519393
6000000020080631831
6000000020080633189
6000000020080845253
6000000020081022465
6000000020081057184
6000000020081085189
6000000020081133187
6000000020081451167
6000000020081488034
6000000020081733018
6000000020081756044
6000000020081759112
6000000020081807047
6000000020081854161
6000000020081868140
6000000020081977005
6000000020082539659
6000000020082625794
6000000020083042263
6000000020083389419
6000000020084521039
6000000020089024613
6000000020089479283
6000000020089519070
6000000020089822285
6000000020090074244
6000000020090086259
6000000020090112164
6000000020107122663
6000000020113270257
6000000020125526024
6000000020126075013
6000000020134623856
6000000020134658366
6000000020146112126
6000000020149494746
6000000020149855033
6000000020149936100
6000000020150085013
6000000020150242929
6000000020150263358
6000000020150673328
6000000020150720781
6000000020153793188
6000000020153847305
6000000020181139781
6000000020182576187
6000000020194932047
6000000020195316679
6000000020196491450
6000000020200544742
6000000020200841623
6000000020203289810
6000000020203466785
6000000020211474546
6000000020222856050
6000000020237294286
6000000020253683901
6000000020296029454
6000000020296204805
6000000020310639861
6000000020317800740
6000000020409117716
6000000020409825893
6000000020409846401
6000000020422922067
6000000020444607898
6000000020451442660
6000000020488839849
6000000020506271504
6000000020506348481
6000000020514143794
6000000020514414098
6000000020520032506
6000000020532035916
6000000020533257790
6000000020533302781
6000000020547595470
6000000020547752444
6000000020560547709
6000000020560556293
6000000020560690910
6000000020560690915
6000000020560690920
6000000020561688581
6000000020561714606
6000000020561913085
6000000020573318382
6000000020575072032
6000000020575075265
6000000020575108001
6000000020589583414
6000000020600195691
6000000020663642909
6000000020693176037
6000000020693836798
6000000020704593473
6000000020705021818
6000000020705327662
6000000020705422315
6000000020705651653
6000000020705656434
6000000020705810885
6000000020707891712
6000000020708429137
6000000020708522120
6000000020708658954
6000000020709658300
6000000020719825649
6000000020732051287
6000000020732071622
6000000020732133782
6000000020732151679
6000000020732177423
6000000020732562759
6000000020732648610
6000000020732769233
6000000020746315424
6000000020746494293
6000000020785336731
6000000020785337785
6000000020785339576
6000000020785422759
6000000020798072507
6000000020802741514
6000000020827432424
6000000020827568632
6000000020828528170
6000000020828564145
6000000020840785145
6000000020840835043
6000000020840861859
6000000020840895168
6000000020841428406
6000000020841635827
6000000020841738278
6000000020841804265
6000000020841812230
6000000020841824021
6000000020841828298
6000000020841839345
6000000020841841366
6000000020841892535
6000000020841946349
6000000020842034974
6000000020842041955
6000000020842104033
6000000020855941893
6000000020868522860
6000000020896150628
6000000020921126806
6000000020921150645
6000000020921323288
6000000020921367997
6000000020921397892
6000000020921803629
6000000020933724788
6000000020934651297
6000000020934858255
6000000020947576228
6000000020947655521
6000000020948027317
6000000020948163263
6000000020948221174
6000000020948231447
6000000020948277243
6000000020948519753
6000000020948549200
6000000020948714279
6000000020959035168
6000000020985906917
6000000020989504736
6000000020989764681
6000000020989788389
6000000020993059053
6000000021025748234
6000000021059954742
6000000021059954748
6000000021059954754
6000000021059954759
6000000021062265568
6000000021062699956
6000000021065660938
6000000021077846711
6000000021077892125
6000000021087080602
6000000021108526645
6000000021118537257
6000000021118595337
6000000021121860687
6000000021122011439
6000000021122131361
6000000021122204904
6000000021122207261
6000000021122217214
6000000021122419004
6000000021135703509
6000000021136322946
6000000021150760328
6000000021151067539
6000000021151069399
6000000021151161515
6000000021151556917
6000000021231343363
6000000021232206980
6000000021236660145
6000000021236679841
6000000021240544207
6000000021247287428
6000000021266090383
6000000021274381997
6000000021303144496
6000000021303240203
6000000021303386824
6000000021304268556
6000000021304460668
6000000021304587145
6000000021317930051
6000000021330310027
6000000021330393043
6000000021337230425
6000000021337508229
6000000021339873898
6000000021342373587
6000000021354184665
6000000021356526611
6000000021356655473
6000000021356864271
6000000021356881144
6000000021356884083
6000000021366231955
6000000021371582470
6000000021374566965
6000000021376328691
6000000021377705971
6000000021378003040
6000000021401689638
6000000021406764531
6000000021407603696
6000000021408996956
6000000021425043083
6000000021426048306
6000000021426144926
6000000021427556715
6000000021427637218
6000000021432168674
6000000021434978395
6000000021437752625
6000000021441985578
6000000021442208692
6000000021492261158
6000000021492487228
6000000021492505649
6000000021492506694
6000000021492511477
6000000021492520710
6000000021492528698
6000000021492540471
6000000021492564292
6000000021492569174
6000000021492574601
6000000021492635215
6000000021492635288
6000000021492637247
6000000021492660068
6000000021492674696
6000000021492681453
6000000021492699174
6000000021492750155
6000000021492788819
6000000021492813367
6000000021492848171
6000000021492890956
6000000021492894109
6000000021492894967
6000000021492898130
6000000021492898991
6000000021492957939
6000000021492997175
6000000021493061053
6000000021514805508
6000000021514940942
6000000021516604646
6000000021516758079
6000000021517028058
6000000021531307766
6000000021531362808
6000000021568764752
6000000021568775395
6000000021568818506
6000000021568844497
6000000021568851612
6000000021568877623
6000000021568882053
6000000021568889149
6000000021568904672
6000000021568947250
6000000021569015882
6000000021569038377
6000000021569068567
6000000021569105363
6000000021569114798
6000000021569143326
6000000021569148237
6000000021569180228
6000000021569202101
6000000021569242535
6000000021569245959
6000000021569248158
6000000021569269947
6000000021569316056
6000000021569327230
6000000021569329329
6000000021569330236
6000000021569339988
6000000021569420884
6000000021593679854
6000000021607926113
6000000021622330553
6000000021650368593
6000000021662448203
6000000021664395950
6000000021673813730
6000000021673852672
6000000021673852678
6000000021673854680
6000000021673854686
6000000021674519319
6000000021674599002
6000000021676964168
6000000021676973408
6000000021684521174
6000000021688080194
6000000021697714095
6000000021698713865
6000000021700237372
6000000021703301816
6000000021703867843
6000000021709618332
6000000021717077433
6000000021717330930
6000000021717872581
6000000021731942181
6000000021734287358
6000000021749899567
6000000021749924466
6000000021749924472
6000000021750034059
6000000021750112790
6000000021750288747
6000000021750404240
6000000021750419156
6000000021750422258
6000000021755753318
6000000021762741123
6000000021763007224
6000000021763091116
6000000021775979899
6000000021785439711
6000000021785605472
6000000021785613534
6000000021785779573
6000000021785884203
6000000021785910859
6000000021786557580
6000000021790524835
6000000021795417963
6000000021795421125
6000000021801820504
6000000021807226730
6000000021807490838
6000000021810820326
6000000021813420376
6000000021827305822
6000000021833577469
6000000021833580789
6000000021833596146
6000000021833622295
6000000021856333525
6000000021866140240
6000000021868475344
6000000021885314092
6000000021888013012
6000000021888065995
6000000021909632788
6000000021910246200
6000000021910305014
6000000021910474891
6000000021930058544
6000000021934571783
6000000021934631506
6000000021934697879
6000000021939210268
6000000021952395963
6000000021955787602
6000000021955999916
6000000021964648642
6000000021968711124
6000000021969030640
6000000021969346866
6000000021970432872
6000000021972593638
6000000021978981964
6000000021981470289
6000000021982237902
6000000021986584036
6000000022030060162
6000000022080557312
6000000022094546833
6000000022119400396
6000000022119686080
6000000022141279966
6000000022155174797
6000000022156730330
6000000022157086599
6000000022174333062
6000000022190831813
6000000022247871311
6000000022251811405
6000000022251811411
6000000022252159282
6000000022276347232
6000000022276347237
6000000022276430112
6000000022276457067
6000000022276920870
6000000022277083245
6000000022277450036
6000000022279721820
6000000022292767797
6000000022292939703
6000000022292946471
6000000022293191896
6000000022293221370
6000000022293221383
6000000022293229693
6000000022293234666
6000000022293266515
6000000022293271660
6000000022293322605
6000000022293334375
6000000022293338387
6000000022293343354
6000000022293344583
6000000022293376508
6000000022293431421
6000000022293441297
6000000022293469084
6000000022293471117
6000000022293525369
6000000022293548472
6000000022293552965
6000000022293555013
6000000022293560452
6000000022293562073
6000000022293578833
6000000022293618877
6000000022293619915
6000000022293629918
6000000022293639062
6000000022293652292
6000000022293665835
6000000022293683970
6000000022293700810
6000000022293714165
6000000022293742443
6000000022293744083
6000000022305886580
6000000022305889101
6000000022306022060
6000000022335815822
6000000022336486708
6000000022336758689
6000000022350616736
6000000022350956620
6000000022351245963
6000000022351339160
6000000022364022559
6000000022365819273
6000000022365840470
6000000022367810665
6000000022382544574
6000000022382587741
6000000022389867469
6000000022391713029
6000000022392095238
6000000022394545704
6000000022394580720
6000000022394617954
6000000022395071180
6000000022395250917
6000000022395260897
6000000022395270996
6000000022395313891
6000000022395403774
6000000022395523657
6000000022395556794
6000000022395604745
6000000022395641760
6000000022396141620
6000000022396231179
6000000022396231198
6000000022396231204
6000000022396231210
6000000022396231222
6000000022396231228
6000000022396231234
6000000022396865975
6000000022406990472
6000000022408925796
6000000022408995337
6000000022409044368
6000000022409143998
6000000022409205239
6000000022409234875
6000000022409719747
6000000022409846700
6000000022419860756
6000000022419905697
6000000022419930794
6000000022419981739
6000000022420041769
6000000022420062387
6000000022420086507
6000000022420103714
6000000022420120433
6000000022420130338
6000000022420131509
6000000022420192409
6000000022420201736
6000000022420221432
6000000022420249333
6000000022420249598
6000000022420255142
6000000022420294354
6000000022420306291
6000000022420308073
6000000022420311261
6000000022420317141
6000000022420322895
6000000022420325083
6000000022420328293
6000000022420332102
6000000022420338999
6000000022420339747
6000000022420371889
6000000022420372890
6000000022420380833
6000000022420390070
6000000022420399869
6000000022420423987
6000000022420431927
6000000022420457606
6000000022420556784
6000000022420564776
6000000022420582565
6000000022420582747
6000000022420593608
6000000022420601684
6000000022420614497
6000000022420622801
6000000022420623622
6000000022420635491
6000000022420643603
6000000022420652605
6000000022420652643
6000000022420672729
6000000022420682819
6000000022420684685
6000000022420703658
6000000022420704726
6000000022420726807
6000000022420731573
6000000022420734667
6000000022420735407
6000000022420743785
6000000022420755397
6000000022420757372
6000000022420760448
6000000022420764670
6000000022420765796
6000000022420766545
6000000022420770508
6000000022420784573
6000000022420784579
6000000022420786157
6000000022420792483
6000000022420793559
6000000022420808228
6000000022420808445
6000000022420812697
6000000022420821240
6000000022420827261
6000000022420836201
6000000022420840276
6000000022420840706
6000000022420866484
6000000022420866582
6000000022420869040
6000000022420872989
6000000022420874141
6000000022420875022
6000000022420875028
6000000022420875107
6000000022420875359
6000000022420875648
6000000022420876612
6000000022420884139
6000000022420886487
6000000022420889289
6000000022420890102
6000000022420890319
6000000022420893266
6000000022420895003
6000000022420897393
6000000022420897527
6000000022420899651
6000000022420903905
6000000022420904223
6000000022420906446
6000000022420909670
6000000022420912186
6000000022420912274
6000000022420919057
6000000022420919065
6000000022420925754
6000000022420926467
6000000022420935956
6000000022420936637
6000000022420937361
6000000022420939990
6000000022420940961
6000000022420941059
6000000022420946292
6000000022420946854
6000000022420948033
6000000022420958666
6000000022420959873
6000000022420961209
6000000022420961865
6000000022420964176
6000000022420967110
6000000022420967612
6000000022420968858
6000000022420969966
6000000022420970229
6000000022420970616
6000000022420970887
6000000022420971354
6000000022420982858
6000000022420985534
6000000022420994234
6000000022420997821
6000000022420999696
6000000022421002008
6000000022421005087
6000000022421005749
6000000022421015455
6000000022421015468
6000000022421017298
6000000022421018960
6000000022421019653
6000000022421023282
6000000022421024002
6000000022421029311
6000000022421034861
6000000022421034880
6000000022421046171
6000000022421050953
6000000022421056021
6000000022421057538
6000000022421059157
6000000022421066446
6000000022421066681
6000000022421069854
6000000022421070587
6000000022421075256
6000000022421078636
6000000022421079122
6000000022421082482
6000000022421082785
6000000022421095347
6000000022421096037
6000000022421104016
6000000022421112318
6000000022421117697
6000000022421119583
6000000022421126943
6000000022421126951
6000000022421153044
6000000022421153072
6000000022421159337
6000000022421164359
6000000022421165983
6000000022421171985
6000000022421172333
6000000022421175032
6000000022421201527
6000000022421212312
6000000022421214194
6000000022421216453
6000000022421224119
6000000022421226835
6000000022421232348
6000000022421233970
6000000022421239856
6000000022421255476
6000000022421288181
6000000022421289829
6000000022421292076
6000000022421293444
6000000022421297251
6000000022421313320
6000000022421337059
6000000022421337822
6000000022421338262
6000000022421345104
6000000022421345257
6000000022421348852
6000000022421349132
6000000022421377148
6000000022421381454
6000000022421393105
6000000022421429034
6000000022421436103
6000000022421439946
6000000022421442838
6000000022421501917
6000000022421534859
6000000022425356777
6000000022425551078
6000000022425559119
6000000022453861337
6000000022453877385
6000000022453877614
6000000022453898247
6000000022453905028
6000000022453945754
6000000022454113231
6000000022454342371
6000000022464036259
6000000022466764254
6000000022466879384
6000000022466884667
6000000022469409599
6000000022469705112
6000000022469818096
6000000022470851818
6000000022484692362
6000000022496936538
6000000022500504233
6000000022501047396
6000000022501725589
6000000022501728548
6000000022503027812
6000000022505417300
6000000022507313729
6000000022507656814
6000000022509022754
6000000022509638101
6000000022509720194
6000000022509735954
6000000022509736174
6000000022510095586
6000000022510674017
6000000022510679475
6000000022510747193
6000000022514055667
6000000022514172716
6000000022514211381
6000000022514232653
6000000022514270799
6000000022514285710
6000000022514320785
6000000022514348830
6000000022514497324
6000000022514552060
6000000022514625195
6000000022514641892
6000000022514790937
6000000022527256291
6000000022527477838
6000000022528730420
6000000022528735215
6000000022528736085
6000000022540465881
6000000022540475874
6000000022555460826
6000000022556548020
6000000022556649178
6000000022556688125
6000000022566159850
6000000022568041356
6000000022587109295
6000000022587262912
6000000022590632439
6000000022590916955
6000000022600539913
6000000022616663735
6000000022617119312
6000000022628309549
6000000022628346456
6000000022628760122
6000000022644773357
6000000022658403227
6000000022668631615
6000000022673800995
6000000022698618399
6000000022698800200
6000000022699153662
6000000022722912435
6000000022723188580
6000000022723541689
6000000022723605036
6000000022723617248
6000000022723712277
6000000022724096930
6000000022724191854
6000000022725999437
6000000022726447826
6000000022726542455
6000000022726934364
6000000022755085403
6000000022755505041
6000000022784959542
6000000022785259898
6000000022810232484
6000000022810388241
6000000022810391383
6000000022810465509
6000000022810550384
6000000022810840477
6000000022810855890
6000000022810858559
6000000022811121390
6000000022811256018
6000000022815764833
6000000022834288427
6000000022836040009
6000000022836108837
6000000022836847815
6000000022836867793
6000000022843708406
6000000022851598987
6000000022853233341
6000000022858497052
6000000022858615406
6000000022860990118
6000000022870301704
6000000022871690631
6000000022872563936
6000000022872595002
6000000022884217787
6000000022905307808
6000000022905603249
6000000022905706441
6000000022905714653
6000000022905727382
6000000022905742449
6000000022905803041
6000000022905860392
6000000022909540805
6000000022910802008
6000000022910922903
6000000022938560319
6000000022951365968
6000000022953641224
6000000022976601273
6000000022976918167
6000000023032974913
6000000023040876878
6000000023060498575
6000000023060597516
6000000023060599376
6000000023093808106
6000000023104456494
6000000023105020096
6000000023105105461
6000000023105323244
6000000023105513899
6000000023109987927
6000000023111224823
6000000023175961678
6000000023176331966
6000000023185123102
6000000023185195115
6000000023186133184
6000000023186753791
6000000023191721019
6000000023204988036
6000000023207434248
6000000023218147532
6000000023223273548
6000000023223519277
6000000023223637115
6000000023272631966
6000000023272640929
6000000023301585951
6000000023301875022
6000000023456323669
6000000023456571414
6000000023456780299
6000000023456803298
6000000023456952053
6000000023473183423
6000000023487595837
6000000023496337640
6000000023545137583
6000000023545269780
6000000023546119469
6000000023546435006
6000000023546486963
6000000023546811891
6000000023666466509
6000000023666478175
6000000023672674444
6000000023683609204
6000000023683620998
6000000023683633206
6000000023683634675
6000000023683666367
6000000023683667306
6000000023683682445
6000000023683682735
6000000023683709150
6000000023683716258
6000000023683719145
6000000023683734025
6000000023683750042
6000000023683773125
6000000023683783544
6000000023685052840
6000000023685444986
6000000023696896274
6000000023698087725
6000000023698304058
6000000023698430992
6000000023700134929
6000000023709422054
6000000023710971902
6000000023728875162
6000000023729287953
6000000023795338343
6000000023811399231
6000000023811692102
6000000023856784189
6000000023856836578
6000000023870814282
6000000023896235420
6000000023896444056
6000000023900530030
6000000023923866877
6000000023923875861
6000000023926421002
6000000023951981647
6000000023955479828
6000000024022321035
6000000024022396355
6000000024022419100
6000000024022499854
6000000024022606951
6000000024064195007
6000000024064289981
6000000024065672911
6000000024091604015
6000000024118286693
6000000024131137201
6000000024199231686
6000000024199364537
6000000024199392469
6000000024199433745
6000000024199544461
6000000024206039840
6000000024210265065
6000000024226223263
6000000024239619388
6000000024239633551
6000000024239741958
6000000024240200571
6000000024278810400
6000000024278894481
6000000024278922649
6000000024278931390
6000000024279034106
6000000024279164861
6000000024279410137
6000000024280057117
6000000024280121132
6000000024280297907
6000000024323476074
6000000024324193438
6000000024325060844
6000000024327286853
6000000024331115359
6000000024331453963
6000000024331455894
6000000024348206546
6000000024365266740
6000000024378667170
6000000024403356658
6000000024403384730
6000000024403684045
6000000024408526803
6000000024409847440
6000000024411990014
6000000024412285863
6000000024412285907
6000000024421555987
6000000024422260917
6000000024434707423
6000000024434932199
6000000024435249843
6000000024447486388
6000000024447703206
6000000024476289758
6000000024476343584
6000000024476361747
6000000024476413707
6000000024476496306
6000000024476502505
6000000024476528414
6000000024476559026
6000000024476585203
6000000024476595088
6000000024476621257
6000000024476669262
6000000024476728943
6000000024476758424
6000000024476867041
6000000024476932007
6000000024477011871
6000000024477020829
6000000024477032905
6000000024490360055
6000000024490363118
6000000024490394006
6000000024490416918
6000000024490804570
6000000024492086679
6000000024492614184
6000000024492804097
6000000024492825970
6000000024501531276
6000000024501773922
6000000024552621810
6000000024553053140
6000000024557993689
6000000024558133745
6000000024558216789
6000000024567291514
6000000024567392021
6000000024567443076
6000000024567475903
6000000024567484886
6000000024579263160
6000000024579508252
6000000024579924809
6000000024580220184
6000000024580249138
6000000024582116244
6000000024582200653
6000000024582229532
6000000024582277238
6000000024582281547
6000000024582335495
6000000024582362261
6000000024582403521
6000000024582413282
6000000024582422104
6000000024582429144
6000000024582431341
6000000024582435108
6000000024582489881
6000000024582490028
6000000024582530903
6000000024582571987
6000000024582601868
6000000024582606850
6000000024582929678
6000000024583079793
6000000024611854819
6000000024612184004
6000000024612234051
6000000024630927870
6000000024668895728
6000000024669260461
6000000024669495576
6000000024669981553
6000000024670273383
6000000024670316999
6000000024670603270
6000000024671217830
6000000024699848289
6000000024700056981
6000000024700103852
6000000024710911329
6000000024713770862
6000000024729311660
6000000024729754533
6000000024729864551
6000000024730000979
6000000024730054305
6000000024730083022
6000000024730180095
6000000024730338833
6000000024747688988
6000000024801153966
6000000024862267114
6000000024920270968
6000000024957580056
6000000024973062521
6000000025005220640
6000000025005403299
6000000025053550391
6000000025054948077
6000000025055013525
6000000025055106331
6000000025055301338
6000000025087025711
6000000025101175724
6000000025101740329
6000000025104052941
6000000025105329984
6000000025105891970
6000000025108136111
6000000025108173821
6000000025130303876
6000000025167364899
6000000025182700932
6000000025190102242
6000000025219616866
6000000025251011233
6000000025258912260
6000000025259168136
6000000025283430567
6000000025293063051
6000000025307339749
6000000025307585176
6000000025307627145
6000000025307658563
6000000025307692346
6000000025307703179
6000000025307875864
6000000025309173751
6000000025309650152
6000000025309708443
6000000025310094960
6000000025331595956
6000000025346603995
6000000025371159991
6000000025373930272
6000000025388108798
6000000025396909576
6000000025402765524
6000000025403068949
6000000025428942449
6000000025429004229
6000000025429180426
6000000025439929275
6000000025440107191
6000000025440517003
6000000025445302708
6000000025482396784
6000000025501941657
6000000025502456497
6000000025509575658
6000000025509760711
6000000025510344483
6000000025510746982
6000000025513982639
6000000025514163725
6000000025514490427
6000000025514556045
6000000025514585057
6000000025514684144
6000000025514791264
6000000025527604698
6000000025529250931
6000000025537491994
6000000025539943362
6000000025571297982
6000000025597718712
6000000025598128258
6000000025598172531
6000000025599207903
6000000025600148902
6000000025604526380
6000000025604620501
6000000025620422875
6000000025620607602
6000000025620608806
6000000025621262541
6000000025621391075
6000000025622244583
6000000025622809259
6000000025622867514
6000000025645357633
6000000025645691391
6000000025645957431
6000000025645983955
6000000025663891751
6000000025679406459
6000000025713247605
6000000025742576488
6000000025742807509
6000000025743195305
6000000025744376838
6000000025756153315
6000000025782846235
6000000025783660941
6000000025792589304
6000000025793068014
6000000025793387829
6000000025793388172
6000000025805309228
6000000025818846654
6000000025818869479
6000000025819030928
6000000025819061037
6000000025863822740
6000000025864584484
6000000025864626351
6000000025864704275
6000000025864706542
6000000025864713626
6000000025864722292
6000000025864746384
6000000025864789975
6000000025864932663
6000000025864974449
6000000025864987868
6000000025864989494
6000000025865014392
6000000025865036317
6000000025865038076
6000000025865052149
6000000025865114212
6000000025865152135
6000000025865167874
6000000025889170236
6000000025890921369
6000000025905132760
6000000025905140782
6000000025915133093
6000000025915205161
6000000025930269632
6000000025930528324
6000000025930528369
6000000025930650058
6000000025930692266
6000000025930785874
6000000025931008138
6000000025931925781
6000000025932425168
6000000025932428563
6000000025944714203
6000000025946952503
6000000025987492932
6000000025998858775
6000000025998938458
6000000025999043534
6000000025999336312
6000000025999435075
6000000025999473860
6000000026015362247
6000000026027713284
6000000026027750988
6000000026027863927
6000000026028553270
6000000026035783439
6000000026036155365
6000000026036439210
6000000026042358419
6000000026051872929
6000000026052834972
6000000026054085272
6000000026065791402
6000000026065871935
6000000026066646205
6000000026069954311
6000000026070132430
6000000026070301681
6000000026070994421
6000000026072098303
6000000026073080470
6000000026081078518
6000000026081132659
6000000026081413504
6000000026081574387
6000000026081671172
6000000026081931939
6000000026092134582
6000000026092153580
6000000026092349375
6000000026092449360
6000000026092475961
6000000026094311527
6000000026101922059
6000000026102458967
6000000026106932801
6000000026107067712
6000000026107367659
6000000026107395596
6000000026107504286
6000000026107602017
6000000026107611819
6000000026107650210
6000000026107690093
6000000026107703204
6000000026107783268
6000000026107919855
6000000026108076821
6000000026108838111
6000000026109388786
6000000026111378098
6000000026111418882
6000000026112803826
6000000026116979362
6000000026117103346
6000000026117838006
6000000026117847028
6000000026122573687
6000000026122963819
6000000026123038121
6000000026123048118
6000000026123133325
6000000026123191856
6000000026123325932
6000000026163240858
6000000026165526195
6000000026175507804
6000000026175930152
6000000026176051179
6000000026188365804
6000000026206297235
6000000026206638951
6000000026239344411
6000000026239885814
6000000026239889991
6000000026240466050
6000000026240517543
6000000026241122585
6000000026241302805
6000000026241370098
6000000026241385084
6000000026258335459
6000000026258617910
6000000026261235500
6000000026267109035
6000000026273611460
6000000026274218249
6000000026274271314
6000000026274389598
6000000026274470147
6000000026274675843
6000000026283310674
6000000026283310679
6000000026283462474
6000000026283462479
6000000026283874595
6000000026286803399
6000000026287131857
6000000026311211780
6000000026311472453
6000000026311742594
6000000026311814169
6000000026312321453
6000000026312372017
6000000026327024909
6000000026380915616
6000000026380964694
6000000026381096464
6000000026381198100
6000000026381287171
6000000026381499962
6000000026381586886
6000000026392409106
6000000026406767827
6000000026407008633
6000000026438091616
6000000026439317242
6000000026441670402
6000000026443246109
6000000026443435344
6000000026479687612
6000000026480555800
6000000026480937133
6000000026482833172
6000000026483034556
6000000026483478390
6000000026487735893
6000000026487805130
6000000026487919865
6000000026488079848
6000000026489372834
6000000026490112829
6000000026494433778
6000000026494791475
6000000026494926790
6000000026495325045
6000000026495663850
6000000026521959596
6000000026522171658
6000000026522309563
6000000026522465321
6000000026522487183
6000000026522552312
6000000026522556364
6000000026522622075
6000000026522722003
6000000026522745869
6000000026522778851
6000000026531816396
6000000026548303926
6000000026548860573
6000000026548963690
6000000026548964494
6000000026548995758
6000000026560034018
6000000026560166878
6000000026560184853
6000000026566135156
6000000026620389360
6000000026620848530
6000000026621065230
6000000026633022172
6000000026637257009
6000000026698760180
6000000026709996368
6000000026710006171
6000000026710142295
6000000026713012161
6000000026715304362
6000000026715304385
6000000026731553189
6000000026749067772
6000000026749070723
6000000026749299810
6000000026749325713
6000000026749413266
6000000026749484167
6000000026749522995
6000000026749609832
6000000026749622844
6000000026749635823
6000000026763498773
6000000026763854106
6000000026764677596
6000000026765016537
6000000026765449131
6000000026765452004
6000000026765527077
6000000026854095454
6000000026854203799
6000000026854286280
6000000026854320992
6000000026870981394
6000000026871806409
6000000026872200840
6000000026872443830
6000000026875246473
6000000026875274806
6000000026875692711
6000000026876433166
6000000026876510332
6000000026877216040
6000000026877458927
6000000026877500921
6000000026877944924
6000000026878228874
6000000026888254427
6000000026909882598
6000000026910541198
6000000026912210553
6000000026914135044
6000000026921331355
6000000026940096948
6000000026943582265
6000000026958412722
6000000026958762318
6000000026958940091
6000000026958978019
6000000026959061259
6000000026959155582
6000000026959247137
6000000026959261940
6000000026963802568
6000000026963873606
6000000026964271624
6000000026964619935
6000000026977697140
6000000026979610847
6000000027003548127
6000000027041340000
6000000027046714344
6000000027061107872
6000000027067967883
6000000027068857505
6000000027091282817
6000000027110921527
6000000027131390044
6000000027131481593
6000000027152844543
6000000027153673523
6000000027153685079
6000000027153985914
6000000027154012832
6000000027172165754
6000000027176142557
6000000027176492494
6000000027176601409
6000000027193854427
6000000027194714108
6000000027194721117
6000000027209393575
6000000027209900349
6000000027212869463
6000000027213302092
6000000027213838379
6000000027213904797
6000000027213970562
6000000027214138658
6000000027214240840
6000000027214649606
6000000027214667721
6000000027214670471
6000000027214712581
6000000027214821266
6000000027214831070
6000000027214856128
6000000027214932376
6000000027214979170
6000000027214997988
6000000027215091821
6000000027215091965
6000000027215119851
6000000027215360083
6000000027231565498
6000000027237133575
6000000027237133580
6000000027237507065
6000000027268621440
6000000027271928399
6000000027296089352
6000000027308111795
6000000027343307306
6000000027343450980
6000000027345611742
6000000027345611750
6000000027345619235
6000000027345755419
6000000027345757937
6000000027345931366
6000000027345973454
6000000027346043585
6000000027346165415
6000000027346213834
6000000027346272606
6000000027346272632
6000000027346467804
6000000027346507633
6000000027346580387
6000000027346670027
6000000027346672012
6000000027358131109
6000000027360818322
6000000027360970008
6000000027361012437
6000000027376186308
6000000027377156508
6000000027401173140
6000000027419566649
6000000027419761132
6000000027420636450
6000000027420715202
6000000027420870606
6000000027420870622
6000000027420920203
6000000027420926711
6000000027421082118
6000000027432305614
6000000027453499656
6000000027453577686
6000000027453597089
6000000027453644239
6000000027453652137
6000000027453656146
6000000027453681176
6000000027453688190
6000000027453705969
6000000027453726136
6000000027453728875
6000000027453797822
6000000027487717133
6000000027487833099
6000000027487841180
6000000027491793549
6000000027492007564
6000000027492123297
6000000027492194041
6000000027492201090
6000000027505708535
6000000027521715642
6000000027521734576
6000000027526737333
6000000027535639560
6000000027546355721
6000000027546823492
6000000027578413437
6000000027578632080
6000000027578938237
6000000027579067830
6000000027596366328
6000000027596481786
6000000027596483032
6000000027596597174
6000000027596687043
6000000027611335355
6000000027611455885
6000000027612543662
6000000027630396632
6000000027630585706
6000000027630614629
6000000027630876194
6000000027630934030
6000000027631492961
6000000027632770246
6000000027634849071
6000000027634902962
6000000027651172389
6000000027651515135
6000000027666217048
6000000027673181642
6000000027673231533
6000000027673564530
6000000027673564681
6000000027673751725
6000000027673775543
6000000027673930865
6000000027673945992
6000000027674005053
6000000027674550590
6000000027676448190
6000000027676458730
6000000027679488277
6000000027680019941
6000000027680207981
6000000027680577605
6000000027680645057
6000000027680694106
6000000027682218878
6000000027722138307
6000000027722434984
6000000027722439487
6000000027722633290
6000000027726820176
6000000027726910639
6000000027726976334
6000000027726982028
6000000027726988106
6000000027727030588
6000000027727328119
6000000027755857062
6000000027772604375
6000000027772766094
6000000027822180800
6000000027822522979
6000000027822553382
6000000027854379708
6000000027869130720
6000000027872052572
6000000027872089338
6000000027876343383
6000000027876799248
6000000027877298559
6000000027893199550
6000000027893218243
6000000027900856824
6000000027911235269
6000000027918051332
6000000027945136387
6000000027946701204
6000000027946782430
6000000027946890285
6000000027947056754
6000000027969131198
6000000027969266212
6000000028001401104
6000000028006588416
6000000028024471838
6000000028049242687
6000000028049527070
6000000028049582014
6000000028049605122
6000000028049610034
6000000028049610040
6000000028049644031
6000000028065056507
6000000028068736295
6000000028082485788
6000000028082718449
6000000028082909166
6000000028082960254
6000000028083263838
6000000028085287757
6000000028085551071
6000000028085592095
6000000028089010520
6000000028089025677
6000000028107023316
6000000028144710713
6000000028145809164
6000000028166508618
6000000028166688366
6000000028171953602
6000000028173119450
6000000028173994138
6000000028174139946
6000000028190694202
6000000028190752058
6000000028261706514
6000000028261755523
6000000028262582614
6000000028262894047
6000000028279165225
6000000028283236789
6000000028323698428
6000000028341097656
6000000028414050257
6000000028414281335
6000000028414286172
6000000028416242413
6000000028440421204
6000000028440514126
6000000028440689476
6000000028478585864
6000000028486849423
6000000028503240222
6000000028544392906
6000000028568816478
6000000028589306552
6000000028589494890
6000000028606400210
6000000028606713263
6000000028606920826
6000000028610681507
6000000028627779953
6000000028628099879
6000000028628160035
6000000028628571538
6000000028646381511
6000000028646484446
6000000028646615258
6000000028646681018
6000000028646681899
6000000028691444609
6000000028714728390
6000000028794990429
6000000028877756281
6000000028878957249
6000000028958072481
6000000028958452800
6000000028958549290
6000000028958618338
6000000028958657314
6000000028958691175
6000000028958722168
6000000028958757296
6000000028958763097
6000000028979368396
6000000028979410219
6000000028979445614
6000000028979572949
6000000028981930843
6000000028989016626
6000000028998160398
6000000028998708587
6000000028998761173
6000000028998995077
6000000028999181985
6000000029000213265
6000000029000471754
6000000029001887382
6000000029011180210
6000000029012655002
6000000029019683605
6000000029019749348
6000000029019829595
6000000029020027522
6000000029020095045
6000000029020120863
6000000029020210821
6000000029020221770
6000000029020408260
6000000029020433750
6000000029085832316
6000000029138596037
6000000029138675087
6000000029138726358
6000000029138825173
6000000029139136922
6000000029139145096
6000000029154054249
6000000029154060146
6000000029176281657
6000000029176348766
6000000029176492789
6000000029176534165
6000000029176561021
6000000029176575657
6000000029176612531
6000000029176650224
6000000029176729285
6000000029176741484
6000000029176792940
6000000029176816046
6000000029176823159
6000000029176828101
6000000029176830986
6000000029176837368
6000000029176840459
6000000029176853970
6000000029176891394
6000000029176893037
6000000029176898980
6000000029176914332
6000000029176921011
6000000029176921019
6000000029176921789
6000000029176944961
6000000029176947841
6000000029176951839
6000000029176960006
6000000029176960856
6000000029177010863
6000000029177037578
6000000029177117464
6000000029177150138
6000000029177156653
6000000029177174333
6000000029177187441
6000000029177250366
6000000029177263023
6000000029177290512
6000000029177304424
6000000029177353120
6000000029177364300
6000000029177372099
6000000029177409946
6000000029177410291
6000000029177436240
6000000029177444260
6000000029177509198
6000000029177512900
6000000029177539269
6000000029177542215
6000000029177548848
6000000029177549303
6000000029177566178
6000000029177576030
6000000029177642169
6000000029177643362
6000000029177650328
6000000029177656912
6000000029177702973
6000000029177708143
6000000029177710132
6000000029177715832
6000000029177741026
6000000029177765951
6000000029177771141
6000000029177773924
6000000029177783879
6000000029177827844
6000000029177827873
6000000029178028134
6000000029178040234
6000000029178060037
6000000029178070009
6000000029178074251
6000000029178080900
6000000029178081787
6000000029178085482
6000000029178093892
6000000029178094043
6000000029178096901
6000000029178097128
6000000029178098909
6000000029178099014
6000000029178101138
6000000029178104022
6000000029178109113
6000000029178112547
6000000029178113907
6000000029178119504
6000000029178145800
6000000029178157203
6000000029178162185
6000000029178162727
6000000029178170974
6000000029178180605
6000000029178183366
6000000029178190379
6000000029178191815
6000000029178199133
6000000029178220082
6000000029178220807
6000000029178221912
6000000029178232092
6000000029178234104
6000000029178235232
6000000029178248973
6000000029178249895
6000000029178253120
6000000029178286960
6000000029178357925
6000000029178369194
6000000029178376281
6000000029178397069
6000000029178426118
6000000029178449869
6000000029178467990
6000000029178481301
6000000029178491184
6000000029178492187
6000000029178511996
6000000029178539548
6000000029178543961
6000000029178571860
6000000029178577009
6000000029178581005
6000000029178585056
6000000029178589095
6000000029178596228
6000000029178606623
6000000029178614295
6000000029178632237
6000000029178666916
6000000029178720478
6000000029178720568
6000000029178732245
6000000029178744878
6000000029178749820
6000000029178765698
6000000029178769557
6000000029178775847
6000000029178780307
6000000029178822270
6000000029178830650
6000000029178839966
6000000029178841125
6000000029178843102
6000000029178847271
6000000029178850311
6000000029178873360
6000000029178895223
6000000029178896045
6000000029178901068
6000000029178910184
6000000029178912001
6000000029178928841
6000000029178950907
6000000029178957126
6000000029178968906
6000000029178989726
6000000029179003685
6000000029179005840
6000000029179018836
6000000029179027737
6000000029179046727
6000000029179051873
6000000029179106850
6000000029179142825
6000000029179155772
6000000029179200507
6000000029179294645
6000000029179321290
6000000029179380314
6000000029179381201
6000000029179390759
6000000029179423197
6000000029179448505
6000000029179454191
6000000029179475774
6000000029179476443
6000000029179495286
6000000029179496081
6000000029179508645
6000000029179536597
6000000029179577514
6000000029179580080
6000000029179592029
6000000029179597945
6000000029179601946
6000000029179604675
6000000029179618265
6000000029179626948
6000000029179638762
6000000029179648162
6000000029179681373
6000000029179725358
6000000029179779950
6000000029179792430
6000000029179808286
6000000029179814123
6000000029179854016
6000000029179855505
6000000029179861429
6000000029179898033
6000000029179966293
6000000029179986009
6000000029180046022
6000000029180577039
6000000029180814846
6000000029180819821
6000000029180849845
6000000029180873904
6000000029180889876
6000000029180895881
6000000029180939847
6000000029180977826
6000000029181022837
6000000029181219871
6000000029181296010
6000000029181297899
6000000029181297987
6000000029181329892
6000000029181341141
6000000029181342059
6000000029181347271
6000000029181354126
6000000029181362914
6000000029181369868
6000000029181372080
6000000029181374029
6000000029181377189
6000000029181390117
6000000029181399066
6000000029181422246
6000000029181425508
6000000029181438922
6000000029181445001
6000000029181446231
6000000029181447203
6000000029181470349
6000000029181471775
6000000029181476335
6000000029181496883
6000000029181499237
6000000029181543008
6000000029181587019
6000000029181593870
6000000029181793983
6000000029181831024
6000000029181861929
6000000029181874920
6000000029181876076
6000000029181914892
6000000029183812477
6000000029183901243
6000000029262127804
6000000029262723336
6000000029262741170
6000000029280371790
6000000029280852080
6000000029286228588
6000000029286569984
6000000029288980201
6000000029322160980
6000000029326466970
6000000029327339454
6000000029367917162
6000000029368196962
6000000029423203585
6000000029423205766
6000000029423277757
6000000029423295444
6000000029423339115
6000000029423481141
6000000029423594685
6000000029423664958
6000000029423671310
6000000029423720246
6000000029423865050
6000000029444107514
6000000029446896138
6000000029452977376
6000000029485962588
6000000029487497925
6000000029489396417
6000000029489862212
6000000029489987007
6000000029494500014
6000000029495788374
6000000029515610549
6000000029515739783
6000000029515795236
6000000029516029053
6000000029554370238
6000000029554535010
6000000029575811789
6000000029575948982
6000000029576285086
6000000029577911261
6000000029578806959
6000000029581314273
6000000029602574206
6000000029619503929
6000000029620239427
6000000029621243220
6000000029638576280
6000000029665505328
6000000029680706885
6000000029683026367
6000000029702429505
6000000029726766619
6000000029767540707
6000000029782997265
6000000029783214404
6000000029786772769
6000000029788459971
6000000029804661902
6000000029817601669
6000000029884612762
6000000029884942818
6000000029887458096
6000000029887480183
6000000029887507007
6000000029896949729
6000000029897227645
6000000029897333141
6000000029903762182
6000000029903804090
6000000029926231043
6000000029926332958
6000000029947091655
6000000030023931665
6000000030023939251
6000000030024222478
6000000030024225123
6000000030024361833
6000000030040432751
6000000030040872409
6000000030040909511
6000000030041422378
6000000030041662864
6000000030069569445
6000000030069637358
6000000030069790991
6000000030069865507
6000000030069891910
6000000030139383987
6000000030145858618
6000000030146612038
6000000030190431232
6000000030191451241
6000000030191612258
6000000030192750410
6000000030209641713
6000000030210311430
6000000030216131445
6000000030227287985
6000000030228421323
6000000030285015014
6000000030311759028
6000000030312523911
6000000030313228699
6000000030392012893
6000000030411755645
6000000030412300674
6000000030412467096
6000000030412549413
6000000030429417189
6000000030451681388
6000000030451688913
6000000030451747215
6000000030451778053
6000000030451837184
6000000030471255684
6000000030471561104
6000000030471654008
6000000030471659054
6000000030471677036
6000000030471879839
6000000030525273253
6000000030545084372
6000000030545280845
6000000030548080797
6000000030548353871
6000000030604192307
6000000030604416846
6000000030615382121
6000000030620045206
6000000030620311778
6000000030620529580
6000000030625422574
6000000030638928885
6000000030639038595
6000000030639153196
6000000030645258072
6000000030688452321
6000000030688569294
6000000030688637102
6000000030688754875
6000000030692561357
6000000030692799902
6000000030693975765
6000000030727308672
6000000030747761805
6000000030752756917
6000000030756111359
6000000030756362928
6000000030768119996
6000000030774902982
6000000030774920940
6000000030774943910
6000000030775005944
6000000030775124912
6000000030775927672
6000000030788371606
6000000030788462573
6000000030788733230
6000000030788763094
6000000030788812890
6000000030788822842
6000000030788837876
6000000030788849043
6000000030796016274
6000000030812107260
6000000030816513526
6000000030816838949
6000000030829740982
6000000030835757937
6000000030838536743
6000000030855715448
6000000030862918171
6000000030863044955
6000000030863393200
6000000030904922588
6000000030919534495
6000000030923665530
6000000030924332865
6000000030924604707
6000000030925026937
6000000030950580596
6000000030950626562
6000000030950649515
6000000030950691426
6000000030950830224
6000000030950905882
6000000030950935865
6000000030962801525
6000000030963013191
6000000030963062063
6000000030963067041
6000000030984095077
6000000030990934113
6000000031010946486
6000000031011085287
6000000031011304890
6000000031033665594
6000000031035604550
6000000031036101849
6000000031036680903
6000000031053618689
6000000031089751628
6000000031113930920
6000000031122270690
6000000031124981788
6000000031125157741
6000000031125284213
6000000031125324926
6000000031125363116
6000000031125363984
6000000031125379035
6000000031125520249
6000000031125782995
6000000031126013904
6000000031126662907
6000000031131567222
6000000031131822826
6000000031158871521
6000000031160392776
6000000031177839933
6000000031184804754
6000000031184933369
6000000031185222072
6000000031185276008
6000000031185331851
6000000031185544588
6000000031185713455
6000000031185916056
6000000031185920181
6000000031209430450
6000000031232852489
6000000031294904202
6000000031295248851
6000000031296004145
6000000031296069788
6000000031297434030
6000000031323889869
6000000031347271240
6000000031379024213
6000000031384193790
6000000031393087759
6000000031395896966
6000000031408503802
6000000031408660543
6000000031413560327
6000000031413660287
6000000031413769972
6000000031416483656
6000000031418346270
6000000031456385314
6000000031470711306
6000000031508753738
6000000031526653690
6000000031526887340
6000000031574675150
6000000031574735905
6000000031574857910
6000000031575042900
6000000031575054818
6000000031575165035
6000000031575215853
6000000031575274865
6000000031575302977
6000000031575641146
6000000031575647163
6000000031575787922
6000000031575845201
6000000031576017011
6000000031578515258
6000000031590902375
6000000031590976300
6000000031596283842
6000000031600975338
6000000031619060876
6000000031636747004
6000000031641646075
6000000031661842871
6000000031662222478
6000000031662498033
6000000031662575169
6000000031664313389
6000000031666119275
6000000031666277068
6000000031685218442
6000000031691137656
6000000031691241160
6000000031691304255
6000000031691534834
6000000031712411107
6000000031712465327
6000000031736793397
6000000031736934065
6000000031789695423
6000000031790035995
6000000031790040982
6000000031790620710
6000000031790639479
6000000031790727312
6000000031808159822
6000000031824578058
6000000031828700222
6000000031829424475
6000000031829689903
6000000031853827448
6000000031854143905
6000000031854207092
6000000031854257932
6000000031859179867
6000000031870968913
6000000031871569821
6000000031872296006
6000000031874257098
6000000031874333095
6000000031879330322
6000000031879528274
6000000031879750033
6000000031879884658
6000000031894979331
6000000031900867431
6000000031926292965
6000000031928221957
6000000031945504141
6000000031945525057
6000000031970615516
6000000031970686463
6000000031970909069
6000000031970950148
6000000031972450352
6000000031972619063
6000000031973207989
6000000031974729205
6000000031981294379
6000000031981954902
6000000031987082444
6000000031987763160
6000000031987825920
6000000031987825927
6000000031988154892
6000000032007318056
6000000032007547939
6000000032035642932
6000000032041291385
6000000032041634026
6000000032062377222
6000000032065063550
6000000032082421261
6000000032102245670
6000000032104267515
6000000032104500086
6000000032104527912
6000000032129351000
6000000032151149426
6000000032154702025
6000000032154714501
6000000032154800043
6000000032155374871
6000000032156438028
6000000032178502911
6000000032178869882
6000000032201968837
6000000032209000219
6000000032217581901
6000000032283199275
6000000032283328175
6000000032298334842
6000000032306321799
6000000032306671212
6000000032307841819
6000000032317226740
6000000032317961509
6000000032318268972
6000000032327148877
6000000032342813538
6000000032342862282
6000000032343047114
6000000032343149895
6000000032398404656
6000000032411090336
6000000032411186276
6000000032411293754
6000000032411330022
6000000032411349660
6000000032411393972
6000000032411414871
6000000032411446928
6000000032411479869
6000000032411484846
6000000032412057984
6000000032421658831
6000000032453101123
6000000032490626596
6000000032490876336
6000000032491098001
6000000032491144824
6000000032491178821
6000000032491187821
6000000032529618689
6000000032529745751
6000000032529987468
6000000032530034317
6000000032530105370
6000000032530172100
6000000032530210231
6000000032575187191
6000000032585210658
6000000032585500466
6000000032585572220
6000000032585586357
6000000032585597295
6000000032585620601
6000000032585650079
6000000032585771917
6000000032587227797
6000000032587437536
6000000032587465398
6000000032587473564
6000000032587696063
6000000032587696183
6000000032587721958
6000000032587767048
6000000032588342033
6000000032629805970
6000000032654229553
6000000032654560137
6000000032654564578
6000000032654630487
6000000032654662222
6000000032654674858
6000000032654694007
6000000032654695111
6000000032654751762
6000000032654802363
6000000032654860197
6000000032654877102
6000000032654918232
6000000032654929238
6000000032654931409
6000000032654943333
6000000032654962058
6000000032654997024
6000000032655002029
6000000032655003949
6000000032655097890
6000000032656254475
6000000032667538384
6000000032681111191
6000000032683690667
6000000032772500064
6000000032775073427
6000000032793969617
6000000032794357883
6000000032799601846
6000000032800469895
6000000032801280821
6000000032811784212
6000000032812018653
6000000032812208578
6000000032812474533
6000000032812510586
6000000032812834033
6000000032812903945
6000000032813002854
6000000032841493097
6000000032841541460
6000000032843137979
6000000032844604340
6000000032844667395
6000000032844697310
6000000032844707306
6000000032844851078
6000000032844860138
6000000032845218029
6000000032870976575
6000000032929608314
6000000032942360923
6000000033002241491
6000000033020830775
6000000033021192176
6000000033021388044
6000000033075260580
6000000033080253124
6000000033096911541
6000000033102226762
6000000033102765830
6000000033102765836
6000000033102765842
6000000033102765848
6000000033136093108
6000000033139556923
6000000033139557828
6000000033140223862
6000000033160323736
6000000033160468611
6000000033160530540
6000000033160826037
6000000033169645715
6000000033182720244
6000000033182730039
6000000033192767056
6000000033193023600
6000000033193101545
6000000033193515070
6000000033193604147
6000000033193620205
6000000033193699889
6000000033197284833
6000000033212647356
6000000033222836929
6000000033225808127
6000000033244662476
6000000033247011294
6000000033295314732
6000000033295694243
6000000033295945928
6000000033296016925
6000000033296499869
6000000033332986085
6000000033377965559
6000000033378363931
6000000033378405956
6000000033388904641
6000000033388997633
6000000033389382568
6000000033389832558
6000000033389934424
6000000033389956076
6000000033390075033
6000000033390606169
6000000033390691049
6000000033390755829
6000000033390766916
6000000033390777071
6000000033390923020
6000000033398347229
6000000033398874865
6000000033398875858
6000000033399379466
6000000033399649987
6000000033411767811
6000000033412177417
6000000033413129590
6000000033431038778
6000000033431077519
6000000033431113733
6000000033431179188
6000000033431370263
6000000033431427026
6000000033431430174
6000000033431497985
6000000033431557890
6000000033431634969
6000000033431678910
6000000033431692881
6000000033431741018
6000000033435432627
6000000033457702728
6000000033525652537
6000000033546352844
6000000033546809357
6000000033585110566
6000000033596794035
6000000033598768085
6000000033603255457
6000000033603561564
6000000033603869147
6000000033626442540
6000000033626453353
6000000033626479728
6000000033626606044
6000000033626657355
6000000033626709338
6000000033647172459
6000000033647365092
6000000033647472932
6000000033647601881
6000000033653682456
6000000033654150121
6000000033654168560
6000000033654238590
6000000033654326655
6000000033654335517
6000000033654367440
6000000033654368187
6000000033654384282
6000000033654423934
6000000033654507267
6000000033654545947
6000000033654565438
6000000033654655256
6000000033654682302
6000000033654692474
6000000033654746405
6000000033654767128
6000000033654850031
6000000033654956531
6000000033655068211
6000000033658919132
6000000033667541103
6000000033669450599
6000000033669578369
6000000033674868486
6000000033674899517
6000000033674964247
6000000033675001513
6000000033675008739
6000000033676274162
6000000033677248548
6000000033677305603
6000000033677362762
6000000033677393562
6000000033677475662
6000000033677495566
6000000033677519195
6000000033677547486
6000000033677593206
6000000033677595141
6000000033677602404
6000000033677638310
6000000033677655253
6000000033677737059
6000000033696743648
6000000033718136998
6000000033726174335
6000000033726199276
6000000033748488745
6000000033749126026
6000000033749183337
6000000033749453104
6000000033763015520
6000000033763081210
6000000033763258216
6000000033763521949
6000000033763941979
6000000033764205878
6000000033795521698
6000000033795725039
6000000033795728600
6000000033795774035
6000000033795895418
6000000033795917884
6000000033796279083
6000000033796571904
6000000033807934677
6000000033808281397
6000000033808524080
6000000033843151671
6000000033864946011
6000000033887321862
6000000033935645047
6000000033935821471
6000000033936838544
6000000034014382728
6000000034017206881
6000000034017206886
6000000034017243632
6000000034018296906
6000000034018296911
6000000034019204050
6000000034060796147
6000000034061059980
6000000034085585651
6000000034097699630
6000000034098924927
6000000034099011016
6000000034111791430
6000000034111868371
6000000034121088654
6000000034126268100
6000000034140137535
6000000034140293342
6000000034140672007
6000000034140949949
6000000034144481976
6000000034144605836
6000000034144660831
6000000034149533089
6000000034171399451
6000000034171487325
6000000034171714042
6000000034171815918
6000000034214392077
6000000034214404988
6000000034237929573
6000000034238193518
6000000034255327598
6000000034296269295
6000000034296283411
6000000034296399308
6000000034296631209
6000000034296698999
6000000034297357372
6000000034297648019
6000000034297925892
6000000034305272511
6000000034305384866
6000000034305610396
6000000034305843997
6000000034305858144
6000000034306086840
6000000034306119872
6000000034306270295
6000000034306753041
6000000034307481329
6000000034309017250
6000000034320747778
6000000034321405270
6000000034321410710
6000000034321579999
6000000034321614123
6000000034321616084
6000000034364257906
6000000034538201311
6000000034543434809
6000000034563233717
6000000034563233723
6000000034590754631
6000000034590789251
6000000034591015259
6000000034591174013
6000000034627051928
6000000034682194678
6000000034704132150
6000000034741385263
6000000034741385268
6000000034742000187
6000000034742521056
6000000034743241908
6000000034779112422
6000000034779823323
6000000034844450680
6000000034848798951
6000000034848881022
6000000034848910795
6000000034848995832
6000000034848997686
6000000034848998724
6000000034849182705
6000000034849363316
6000000034849378397
6000000034849557914
6000000034849645025
6000000034849754835
6000000034850252927
6000000034850491881
6000000034850539874
6000000034852034680
6000000034866532297
6000000034867020192
6000000034872798152
6000000034879911855
6000000034879926883
6000000034889390140
6000000034917653437
6000000034919088289
6000000034957165453
6000000034978385241
6000000034987244019
6000000034998590028
6000000034998728924
6000000035003976103
6000000035006785198
6000000035011760169
6000000035050769680
6000000035051591329
6000000035051680972
6000000035051823917
6000000035062626970
6000000035132848146
6000000035137271314
6000000035137681994
6000000035139314741
6000000035156321455
6000000035157379845
6000000035157654404
6000000035157869355
6000000035157964133
6000000035158282967
6000000035172499101
6000000035203674467
6000000035203822476
6000000035203844322
6000000035204076223
6000000035204138148
6000000035204292176
6000000035204450980
6000000035217390054
6000000035223038493
6000000035236572939
6000000035239962926
6000000035290820692
6000000035302535441
6000000035307846754
6000000035308257484
6000000035337442485
6000000035337795227
6000000035338514865
6000000035338619830
6000000035350449869
6000000035511023197
6000000035511347901
6000000035543712714
6000000035547609063
6000000035549150136
6000000035552970044
6000000035571580671
6000000035572171829
6000000035573113547
6000000035573175384
6000000035582605490
6000000035595284454
6000000035595553258
6000000035606618843
6000000035619765227
6000000035619959024
6000000035620071927
6000000035653198431
6000000035662459557
6000000035662462667
6000000035708647481
6000000035709050255
6000000035709055144
6000000035709230222
6000000035714187299
6000000035841890078
6000000035992602532
6000000035993631425
6000000035993830046
6000000035993904164
6000000035997984457
6000000035998642583
6000000035998734091
6000000036000234869
6000000036011130307
6000000036015060883
6000000036135977783
6000000036136852892
6000000036144933331
6000000036146531868
6000000036162243178
6000000036184787945
6000000036225365758
6000000036270456683
6000000036270504512
6000000036271265094
6000000036271340841
6000000036277599613
6000000036290500228
6000000036290768189
6000000036290790136
6000000036290933107
6000000036338127607
6000000036344845225
6000000036437854821
6000000036441039459
6000000036471656404
6000000036492523661
6000000036492774225
6000000036497522314
6000000036521892022
6000000036602121110
6000000036602932190
6000000036693001312
6000000036745384987
6000000036750507083
6000000036769478700
6000000036789077380
6000000036789179318
6000000036789453228
6000000036789644889
6000000036798613098
6000000036850725175
6000000036904397269
6000000036904449284
6000000036950501769
6000000036950986395
6000000036951157044
6000000037090031794
6000000037090162790
6000000037090198656
6000000037090224507
6000000037090272651
6000000037090405439
6000000037090410359
6000000037090516359
6000000037090537472
6000000037090542434
6000000037090597315
6000000037090611359
6000000037090649232
6000000037090742919
6000000037090753149
6000000037090877234
6000000037090924017
6000000037090929826
6000000037090998960
6000000037091035842
6000000037091073687
6000000037091117521
6000000037091143839
6000000037091155723
6000000037091237789
6000000037091250587
6000000037091390516
6000000037091392434
6000000037091432418
6000000037091435553
6000000037091501382
6000000037091526248
6000000037091570176
6000000037091609074
6000000037091617160
6000000037091620063
6000000037091660068
6000000037091673961
6000000037091701078
6000000037091723101
6000000037091724024
6000000037091724919
6000000037091756952
6000000037091803974
6000000037091813926
6000000037091818822
6000000037091939870
6000000037108112523
6000000037108340180
6000000037140070729
6000000037140228624
6000000037149310960
6000000037151324296
6000000037155960090
6000000037156294914
6000000037212544622
6000000037220216008
6000000037220350172
6000000037220385053
6000000037220459018
6000000037220553094
6000000037220751011
6000000037220800964
6000000037252835287
6000000037261602831
6000000037342796805
6000000037343838594
6000000037343899434
6000000037344039185
6000000037344057239
6000000037344141986
6000000037363772524
6000000037448442598
6000000037449366119
6000000037469449654
6000000037469572813
6000000037469684713
6000000037469803443
6000000037469959232
6000000037469994958
6000000037470061040
6000000037470066128
6000000037470178923
6000000037473056095
6000000037473314423
6000000037473334345
6000000037473905144
6000000037494175273
6000000037504355609
6000000037504490385
6000000037513635353
6000000037513789106
6000000037514711051
6000000037521180154
6000000037521772926
6000000037521787940
6000000037522376123
6000000037536568615
6000000037537067500
6000000037542581452
6000000037564535656
6000000037565852632
6000000037566190051
6000000037566201101
6000000037566211141
6000000037566297936
6000000037569874043
6000000037588595214
6000000037604639918
6000000037604695858
6000000037618004193
6000000037624537323
6000000037624878338
6000000037690884582
6000000037774271286
6000000037774710050
6000000037776854037
6000000037777239192
6000000037786479041
6000000037808405036
6000000037808565218
6000000037810234918
6000000037883118302
6000000037885647007
6000000037908344298
6000000037997172878
6000000038030812292
6000000038033870991
6000000038108845108
6000000038109076634
6000000038109196114
6000000038109307014
6000000038109404539
6000000038109743789
6000000038109803474
6000000038109807199
6000000038109908431
6000000038110084207
6000000038110089199
6000000038110114256
6000000038110146313
6000000038110172205
6000000038110175202
6000000038110196935
6000000038110214192
6000000038110275911
6000000038110291881
6000000038110320969
6000000038110378825
6000000038122639454
6000000038123270032
6000000038123420459
6000000038123494414
6000000038123561103
6000000038123680053
6000000038123774862
6000000038125310945
6000000038126145429
6000000038126275359
6000000038126378053
6000000038126511007
6000000038129253794
6000000038130384588
6000000038130384613
6000000038130396571
6000000038130436669
6000000038130438396
6000000038130552437
6000000038130754058
6000000038130774885
6000000038152690361
6000000038194912329
6000000038196068164
6000000038196204208
6000000038196341360
6000000038196425488
6000000038196603027
6000000038222124923
6000000038242580550
6000000038243216455
6000000038262467192
6000000038293652388
6000000038293657254
6000000038294626257
6000000038294628097
6000000038294773007
6000000038294844842
6000000038301808551
6000000038302634963
6000000038485133385
6000000038485151404
6000000038485616970
6000000038485697891
6000000038485754854
6000000038503716238
6000000038588420267
6000000038588862888
6000000038589664949
6000000038609013705
6000000038609039004
6000000038609221500
6000000038609337238
6000000038609603842
6000000038609604895
6000000038638970198
6000000038639065936
6000000038650093974
6000000038663817673
6000000038665000562
6000000038691325869
6000000038729025220
6000000038769635125
6000000038769657083
6000000038769836218
6000000038769889248
6000000038769944247
6000000038770026070
6000000038770100932
6000000038785873136
6000000038785948167
6000000038786076172
6000000038786774845
6000000038790586427
6000000038791433005
6000000038791778045
6000000038792060824
6000000038794145486
6000000038794547886
6000000038807007960
6000000038807109935
6000000038807114942
6000000038807136895
6000000038807183857
6000000038912670152
6000000038912901552
6000000038920406789
6000000038920497645
6000000038920759454
6000000038920769194
6000000038920866789
6000000038920909654
6000000038921043177
6000000038921199327
6000000038921215465
6000000038921251144
6000000038921365933
6000000038921451917
6000000038949751243
6000000038949936981
6000000038949975877
6000000038958293021
6000000038958726063
6000000038958757911
6000000038959313834
6000000038966381947
6000000038999588127
6000000039099698869
6000000039132536481
6000000039132735576
6000000039133011128
6000000039138710160
6000000039182794204
6000000039184609023
6000000039184725783
6000000039184901764
6000000039209648462
6000000039209934962
6000000039250714071
6000000039253041803
6000000039253169521
6000000039253391048
6000000039253456270
6000000039253500111
6000000039253579870
6000000039306886946
6000000039338402687
6000000039338507571
6000000039338537662
6000000039338616897
6000000039338744437
6000000039338851618
6000000039338918838
6000000039338960953
6000000039339006922
6000000039339187843
6000000039387017776
6000000039387175108
6000000039402969693
6000000039403234351
6000000039438853659
6000000039439126931
6000000039439154888
6000000039454000713
6000000039454329132
6000000039454467946
6000000039454550821
6000000039465825953
6000000039550666838
6000000039562852999
6000000039567674940
6000000039568198400
6000000039571596217
6000000039571649734
6000000039571652520
6000000039571708399
6000000039571771790
6000000039571978276
6000000039599931365
6000000039600156913
6000000039631362722
6000000039631519629
6000000039634655367
6000000039635529933
6000000039641179255
6000000039643610616
6000000039643758402
6000000039644590033
6000000039648887870
6000000039659766263
6000000039659844226
6000000039660540103
6000000039660985780
6000000039661245353
6000000039690366211
6000000039706038950
6000000039740056379
6000000039740418017
6000000039750327325
6000000039795190165
6000000039816261043
6000000039840633184
6000000039890431031
6000000039890480371
6000000039900864594
6000000039915547221
6000000039916131409
6000000039916368100
6000000039916495253
6000000039920175226
6000000039920239757
6000000039920686091
6000000039954859466
6000000040075557106
6000000040088146791
6000000040088273375
6000000040088442344
6000000040088574298
6000000040088698338
6000000040088742014
6000000040088804964
6000000040089348544
6000000040089350482
6000000040089509157
6000000040089732864
6000000040114942065
6000000040116163068
6000000040134316040
6000000040136958401
6000000040203571394
6000000040210110280
6000000040210221219
6000000040231752566
6000000040231956233
6000000040236886381
6000000040237058515
6000000040251322229
6000000040286588085
6000000040296863120
6000000040316316891
6000000040326231051
6000000040386325836
6000000040409096148
6000000040565827872
6000000040565874867
6000000040588894065
6000000040589307899
6000000040591872798
6000000040592356901
6000000040592627009
6000000040594327433
6000000040610065889
6000000040613628315
6000000040632261036
6000000040633578912
6000000040676472239
6000000040739546216
6000000040754208363
6000000040754252228
6000000040754375160
6000000040764576563
6000000040764597402
6000000040764719276
6000000040764797063
6000000040783513774
6000000040783569088
6000000040783963205
6000000040807091205
6000000040813456770
6000000040838531940
6000000040885040440
6000000040885201360
6000000040885275327
6000000040885277204
6000000040885311308
6000000040885402157
6000000040885508904
6000000040885530976
6000000040885567889
6000000040885568861
6000000040885604843
6000000040885634821
6000000040885645827
6000000040886450932
6000000040904793661
6000000040927999013
6000000040933158601
6000000040933248445
6000000040933404138
6000000040937358870
6000000040993593850
6000000040997282255
6000000040997710196
6000000041000507271
6000000041000552092
6000000041008826593
6000000041010154895
6000000041010182139
6000000041010694716
6000000041010724262
6000000041010993604
6000000041011044532
6000000041011061122
6000000041011062446
6000000041011095575
6000000041011148463
6000000041011258838
6000000041011301221
6000000041011315097
6000000041011385044
6000000041011401041
6000000041011493234
6000000041011582021
6000000041022393730
6000000041022746092
6000000041022853958
6000000041044307224
6000000041045064907
6000000041051828570
6000000041051828635
6000000041051828715
6000000041051828777
6000000041051839971
6000000041052515756
6000000041052515763
6000000041052515814
6000000041057795744
6000000041072904534
6000000041094743812
6000000041095687173
6000000041095846316
6000000041096024049
6000000041099313780
6000000041099322868
6000000041099322872
6000000041099322888
6000000041099322894
6000000041099322939
6000000041099322963
6000000041099322968
6000000041099323015
6000000041099323051
6000000041099323100
6000000041099323122
6000000041099323128
6000000041099323155
6000000041099323164
6000000041099323169
6000000041099323284
6000000041099323310
6000000041099323404
6000000041099323444
6000000041099323457
6000000041099323511
6000000041099323524
6000000041099323672
6000000041099323676
6000000041099323708
6000000041099330023
6000000041099330081
6000000041099330128
6000000041099330297
6000000041099330302
6000000041099330329
6000000041099367838
6000000041099367843
6000000041099368416
6000000041099376221
6000000041114103436
6000000041119068070
6000000041119199950
6000000041164525925
6000000041173072424
6000000041173258031
6000000041173665745
6000000041173856441
6000000041175302490
6000000041175467556
6000000041175535083
6000000041175771491
6000000041175846360
6000000041193114381
6000000041193272455
6000000041194363606
6000000041194372196
6000000041194468351
6000000041194517433
6000000041194540510
6000000041196163491
6000000041272724788
6000000041273006561
6000000041273079433
6000000041273133465
6000000041273210414
6000000041273253377
6000000041273278158
6000000041273289160
6000000041273369329
6000000041273380995
6000000041273382056
6000000041273393458
6000000041273397115
6000000041273399149
6000000041273406367
6000000041273433086
6000000041273441058
6000000041273452069
6000000041273477203
6000000041273498900
6000000041273519101
6000000041273590960
6000000041273598031
6000000041273618036
6000000041273619895
6000000041273630946
6000000041273651917
6000000041273653889
6000000041273667850
6000000041277666197
6000000041277727858
6000000041293551853
6000000041338303648
6000000041369850887
6000000041371065503
6000000041378171420
6000000041378784415
6000000041379040421
6000000041380268901
6000000041387407800
6000000041387717336
6000000041387822133
6000000041387835113
6000000041424277358
6000000041424485081
6000000041467894905
6000000041469921876
6000000041502530233
6000000041503144886
6000000041503325171
6000000041503425851
6000000041503501896
6000000041509646863
6000000041523637113
6000000041523690993
6000000041525078187
6000000041525277001
6000000041526013173
6000000041550053297
6000000041550571866
6000000041619605902
6000000041620632218
6000000041670621573
6000000041670806138
6000000041671248316
6000000041677530304
6000000041678328695
6000000041678355061
6000000041678355699
6000000041678477976
6000000041678492985
6000000041679046133
6000000041679073919
6000000041696987281
6000000041721075832
6000000041734648091
6000000041749251414
6000000041769479578
6000000041786721100
6000000041791590643
6000000041831416717
6000000041831910965
6000000041863486430
6000000041863625625
6000000041863649661
6000000041863666057
6000000041863897916
6000000041863971903
6000000041864118842
6000000041881680816
6000000041882017132
6000000041886132001
6000000041887937186
6000000041888202840
6000000041914193238
6000000041935202643
6000000041935654092
6000000041935710978
6000000041949679485
6000000041955833829
6000000041978772745
6000000041997061698
6000000041997499101
6000000042011921990
6000000042024942244
6000000042045293549
6000000042045583022
6000000042060281722
6000000042060334480
6000000042060454439
6000000042060492860
6000000042060569856
6000000042060729885
6000000042060743260
6000000042060861372
6000000042060989133
6000000042061066754
6000000042061070557
6000000042061151901
6000000042061159139
6000000042061166724
6000000042061213575
6000000042061388249
6000000042061402102
6000000042061465269
6000000042061470252
6000000042061493014
6000000042061690888
6000000042071122181
6000000042071371885
6000000042071377140
6000000042071380495
6000000042071669003
6000000042072408035
6000000042082511213
6000000042083006411
6000000042083108480
6000000042088276543
6000000042088519016
6000000042089468508
6000000042089691522
6000000042089992190
6000000042090040170
6000000042107585989
6000000042107933008
6000000042108092863
6000000042108497844
6000000042108652800
6000000042108843532
6000000042108927060
6000000042109010948
6000000042109042376
6000000042109101061
6000000042109125710
6000000042109236015
6000000042109380569
6000000042109423485
6000000042109443340
6000000042109854828
6000000042109940956
6000000042110086889
6000000042110097856
6000000042110610013
6000000042110659114
6000000042112578572
6000000042113270856
6000000042121767484
6000000042121785373
6000000042121806420
6000000042122283913
6000000042125738322
6000000042131307414
6000000042131357324
6000000042131538955
6000000042131590898
6000000042131660962
6000000042136112554
6000000042145953194
6000000042146017003
6000000042146021258
6000000042146122247
6000000042155698572
6000000042156964591
6000000042162462996
6000000042162599932
6000000042177795179
6000000042196132485
6000000042197307613
6000000042198628186
6000000042198902971
6000000042199307883
6000000042208762240
6000000042208775298
6000000042208937994
6000000042209015879
6000000042209022865
6000000042209139074
6000000042232255574
6000000042232461217
6000000042258841299
6000000042286507061
6000000042302821403
6000000042303148944
6000000042308762418
6000000042308886112
6000000042308910066
6000000042308916249
6000000042317107874
6000000042349417297
6000000042359623296
6000000042359841202
6000000042359898881
6000000042363984169
6000000042364077056
6000000042364148909
6000000042364188849
6000000042401969017
6000000042445712992
6000000042451664055
6000000042461714806
6000000042461809445
6000000042461905530
6000000042461950201
6000000042462009077
6000000042462034943
6000000042462050880
6000000042462076076
6000000042462092621
6000000042462120165
6000000042462140109
6000000042470140048
6000000042511288917
6000000042511341838
6000000042539514738
6000000042539975131
6000000042539981975
6000000042540030844
6000000042541589493
6000000042541720453
6000000042541762436
6000000042541900202
6000000042555961635
6000000042556070639
6000000042556102526
6000000042556304121
6000000042556778381
6000000042556833334
6000000042578017494
6000000042578329952
6000000042600141210
6000000042600344310
6000000042600670203
6000000042600763610
6000000042600808532
6000000042600913832
6000000042600924824
6000000042600949145
6000000042601000252
6000000042601071024
6000000042601117037
6000000042684835208
6000000042715948890
6000000042730981925
6000000042732191363
6000000042734976303
6000000042755282716
6000000042755448421
6000000042806181629
6000000042812263373
6000000042813253696
6000000042813391669
6000000042813615099
6000000042825304934
6000000042836124035
6000000042871380830
6000000042889429240
6000000042912118643
6000000042912442999
6000000042912505953
6000000042921102170
6000000042921270861
6000000042928448923
6000000043073656900
6000000043073845896
6000000043152914420
6000000043153343826
6000000043156475463
6000000043177367367
6000000043177397508
6000000043180970277
6000000043181174341
6000000043236919206
6000000043237179916
6000000043259178027
6000000043352307659
6000000043361538074
6000000043375473038
6000000043431277840
6000000043434404992
6000000043448914453
6000000043451229955
6000000043483301520
6000000043483407440
6000000043483563127
6000000043483698003
6000000043535731246
6000000043585642573
6000000043585891604
6000000043585966240
6000000043585983300
6000000043600926592
6000000043757263479
6000000043757263498
6000000043757495247
6000000043757773045
6000000043757895870
6000000043757910941
6000000043757967855
6000000043767741347
6000000043815150026
6000000043884508443
6000000043885425998
6000000043909290413
6000000043909523220
6000000043909777373
6000000043909824320
6000000043910012177
6000000043910119083
6000000043910134891
6000000043910208936
6000000043910259876
6000000043937116853
6000000043947961289
6000000043948035327
6000000043948265935
6000000043957118144
6000000043957282027
6000000043957877128
6000000043961094932
6000000043970318660
6000000043971115824
6000000044038312703
6000000044038469576
6000000044038731244
6000000044038817972
6000000044039991695
6000000044040961772
6000000044042695995
6000000044070758513
6000000044071068053
6000000044071239934
6000000044090507152
6000000044090754871
6000000044097587613
6000000044098148836
6000000044151345990
6000000044153299417
6000000044153440266
6000000044153696897
6000000044153748846
6000000044165450067
6000000044165564900
6000000044215778406
6000000044304200396
6000000044341918957
6000000044360495875
6000000044377113754
6000000044377580072
6000000044431322731
6000000044432230325
6000000044432551883
6000000044432648821
6000000044493704355
6000000044516012009
6000000044522848333
6000000044522851205
6000000044522968934
6000000044523081844
6000000044531557113
6000000044531627043
6000000044562428935
6000000044594419858
6000000044640503888
6000000044643785945
6000000044667445825
6000000044741913821
6000000044741947851
6000000044750724153
6000000044823286086
6000000044823408880
6000000044823900922
6000000044823934846
6000000044827022890
6000000044827574837
6000000044925256922
6000000045042894183
6000000045042976000
6000000045043077827
6000000045171401876
6000000045196626874
6000000045210662979
6000000045210778868
6000000045210889832
6000000045219523053
6000000045219658119
6000000045219974918
6000000045220175409
6000000045220771290
6000000045220891869
6000000045441799823
6000000045466851882
6000000045559636035
6000000045559689164
6000000045560136841
6000000045603739949
6000000045603751895
6000000045652025246
6000000045711527875
6000000045723801607
6000000045883861005
6000000045884451658
6000000045930212006
6000000045930284903
6000000045996955232
6000000045997266920
6000000046011440821
6000000046054285833
6000000046054603464
6000000046081535232
6000000046081716085
6000000046081774863
6000000046082314202
6000000046088788977
6000000046202013070
6000000046202013100
6000000046238613866
6000000046242378772
6000000046242724503
6000000046458404060
6000000046464251822
6000000046466469830
6000000046471024076
6000000046478745946
6000000046478759931
6000000046529393321
6000000046556821958
6000000046655504034
6000000046677789391
6000000046678073041
6000000046680352298
6000000046680611674
6000000046709523559
6000000046710050136
6000000046710743926
6000000046739626066
6000000046791721241
6000000046791879990
6000000046793718890
6000000046797986215
6000000046804035001
6000000046808191022
6000000046816556993
6000000046863179552
6000000046863722077
6000000046863789964
6000000046864844142
6000000046873821238
6000000046878780423
6000000046883463950
6000000046883796985
6000000046883941928
6000000046889555946
6000000046896751320
6000000046897416863
6000000046900637917
6000000046902180005
6000000046903962342
6000000046905412021
6000000046928501923
6000000046939943259
6000000046941506825
6000000046977745187
6000000046978112858
6000000046988814866
6000000046988837917
6000000047028501857
6000000047028749901
6000000047041531018
6000000047053122246
6000000047061669843
6000000047364453810
6000000047364842314
6000000047394791291
6000000047395592896
6000000047450557933
6000000047463925025
6000000047502419062
6000000047505418377
6000000047506164920
6000000047516581149
6000000047546735944
6000000047546758938
6000000047554004061
6000000047707837943
6000000047711236205
6000000047716057960
6000000047717908851
6000000047725920821
6000000047735296853
6000000047755369018
6000000047765946831
6000000047786893885
6000000047828485528
6000000047829514896
6000000047829897249
6000000047830309845
6000000047830328910
6000000047830428926
6000000047830433982
6000000047830643857
6000000047850147971
6000000047856937067
6000000047859381951
6000000047859442853
6000000047870186244
6000000047871132928
6000000047885684885
6000000047890573217
6000000047890809066
6000000047901280520
6000000047901466538
6000000047901682110
6000000047902130372
6000000047938069324
6000000047943378054
6000000047945996156
6000000047946018959
6000000047946310948
6000000047968541912
6000000047977463859
6000000047977590868
6000000047977741821
6000000047980776072
6000000047981173365
6000000047981523837
6000000047981931549
6000000047982516882
6000000047986281198
6000000048007650493
6000000048007693331
6000000048007979035
6000000048008602942
6000000048008609860
6000000048008946187
6000000048010481982
6000000048062588061
6000000048077687984
6000000048111997283
6000000048112446003
6000000048118871213
6000000048121828302
6000000048157147274
6000000048157162870
6000000048172523025
6000000048172579883
6000000048175445255
6000000048213916055
6000000048213976054
6000000048233050992
6000000048233319033
6000000048233328337
6000000048233554963
6000000048233669045
6000000048233749898
6000000048238772232
6000000048238825344
6000000048239171119
6000000048239279112
6000000048239314006
6000000048239586006
6000000048239618885
6000000048278080531
6000000048278417197
6000000048289000983
6000000048293035821
6000000048349292210
6000000048374360000
6000000048376561565
6000000048377624847
6000000048379092430
6000000048480260130
6000000048480418994
6000000048480550917
6000000048480616060
6000000048480671964
6000000048480697227
6000000048480949829
6000000048480992934
6000000048482412600
6000000048482603985
6000000048482632261
6000000048482710826
6000000048483039145
6000000048483407092
6000000048488204905
6000000048504762125
6000000048505246821
6000000048505337832
6000000048525631295
6000000048529368877
6000000048555813285
6000000048555813303
6000000048557248967
6000000048557359912
6000000048557539399
6000000048557673831
6000000048557705019
6000000048557802049
6000000048557840850
6000000048557860888
6000000048558012156
6000000048558299889
6000000048585875041
6000000048642351935
6000000048706113838
6000000048706662834
6000000048740649310
6000000048743148153
6000000048743299120
6000000048744755914
6000000048745025065
6000000048745140064
6000000048745248068
6000000048745387841
6000000048745554976
6000000048745892124
6000000048745972093
6000000048746074125
6000000048746124856
6000000048746171892
6000000048746200910
6000000048750938871
6000000048771968849
6000000048930228992
6000000048930335836
6000000048930361851
6000000048932755877
6000000048934431175
6000000049085239962
6000000049131181084
6000000049132090872
6000000049132309855
6000000049175971901
6000000049191571010
6000000049246214952
6000000049246304884
6000000049320435957
6000000049320805827
6000000049320859836
6000000049332683833
6000000049332822015
6000000049333310828
6000000049516829112
6000000049517017885
6000000049517127839
6000000049535753108
6000000049535878044
6000000049536048945
6000000049536068931
6000000049536221861
6000000049536362847
6000000049536589155
6000000049536725221
6000000049536780902
6000000049536781193
6000000049536812190
6000000049536864405
6000000049536963513
6000000049537079998
6000000049537174137
6000000049537174195
6000000049537279401
6000000049537432867
6000000049537443253
6000000049537463401
6000000049537500934
6000000049537555168
6000000049537603972
6000000049537650832
6000000049537784821
6000000049537802040
6000000049537835927
6000000049537852986
6000000049537874048
6000000049537881824
6000000049537889026
6000000049537889185
6000000049537892845
6000000049537901871
6000000049537909914
6000000049537917880
6000000049537918905
6000000049537954969
6000000049537969931
6000000049537997825
6000000049538016837
6000000049538069881
6000000049538070999
6000000049538077994
6000000049538115975
6000000049538218896
6000000049538229949
6000000049538248940
6000000049538275920
6000000049538299848
6000000049538347906
6000000049538411821
6000000049654268888
6000000049694384209
6000000049694613105
6000000049694623180
6000000049695105884
6000000049695251863
6000000049695269841
6000000049695957821
6000000049705161970
6000000049705240328
6000000049705343965
6000000049705358904
6000000049705536854
6000000049705785891
6000000049705818932
6000000049705818958
6000000049705882846
6000000049705910896
6000000049744873138
6000000049745238020
6000000049745564925
6000000049745567964
6000000049745633844
6000000049745895019
6000000049746101898
6000000049746118898
6000000049756645843
6000000049823322166
6000000049823437092
6000000049823669949
6000000049865157925
6000000049873763990
6000000049878664044
6000000049887273639
6000000049887759178
6000000049887844055
6000000049888049002
6000000049890670683
6000000049891108042
6000000049891381193
6000000049891521970
6000000049891633017
6000000049891743855
6000000049891854841
6000000049893097624
6000000049893974998
6000000049894107940
6000000049894199915
6000000049906661604
6000000049907302058
6000000049907722837
6000000049925178650
6000000049926007101
6000000049926064939
6000000049926069056
6000000049926205872
6000000049933604878
6000000049945531512
6000000049945608249
6000000049945622859
6000000049946081835
6000000049946130943
6000000049946376894
6000000049968979272
6000000050005020821
6000000050081822073
6000000050131461921
6000000050141582955
6000000050143101199
6000000050152790401
6000000050152976210
6000000050152998138
6000000050153103060
6000000050153117910
6000000050220817021
6000000050220963897
6000000050221058829
6000000050278912343
6000000050279329982
6000000050279395864
6000000050279456828
6000000050279457852
6000000050279669259
6000000050279821313
6000000050279914136
6000000050279960188
6000000050280008123
6000000050280151920
6000000050280225872
6000000050283415455
6000000050284353842
6000000050285728925
6000000050285806181
6000000050286404012
6000000050286507841
6000000050286636849
6000000050286680955
6000000050288583926
6000000050288743928
6000000050288971863
6000000050289795914
6000000050290397821
6000000050334505149
6000000050334842935
6000000050410633941
6000000050465938879
6000000050506069059
6000000050510243916
6000000050523203931
6000000050563660840
6000000050565115384
6000000050565153324
6000000050565502147
6000000050565800013
6000000050565815948
6000000050565852857
6000000050565996834
6000000050567037034
6000000050567456358
6000000050589823907
6000000050590732263
6000000050691525900
6000000050691662091
6000000050692166924
6000000050692268824
6000000050692281839
6000000050692917833
6000000050693355927
6000000050693481831
6000000050710053953
6000000050762808520
6000000050762934454
6000000050763413200
6000000050763472069
6000000050763639967
6000000050772755834
6000000050792017927
6000000050811405995
6000000050811494186
6000000050811714143
6000000050812156958
6000000050812248899
6000000050812452206
6000000050812510877
6000000050812727168
6000000050812912100
6000000050813333833
6000000050813576650
6000000050825521028
6000000050863052922
6000000050863145022
6000000050920908045
6000000050936462856
6000000050937634173
6000000050937653129
6000000050937751042
6000000050937874291
6000000050937874299
6000000050937956018
6000000050937989912
6000000050938071939
6000000050938081910
6000000050938174852
6000000050938178917
6000000050938246852
6000000050938269905
6000000050938397871
6000000050938499837
6000000050940028912
6000000050952309304
6000000050953313886
6000000050953553760
6000000050954009901
6000000050954016172
6000000050954026965
6000000050954190174
6000000050954222119
6000000050954259384
6000000050954363219
6000000050954616993
6000000050956727029
6000000050964328951
6000000050978171854
6000000050978298823
6000000050980253962
6000000051000538108
6000000051015180937
6000000051037112441
6000000051038892964
6000000051039864215
6000000051040029993
6000000051040238061
6000000051040813821
6000000051043061218
6000000051043240141
6000000051043774902
6000000051048484822
6000000051081691892
6000000051081752979
6000000051084366898
6000000051084371937
6000000051084468939
6000000051084488878
6000000051084525889
6000000051084545896
6000000051084626903
6000000051084838824
6000000051086810821
6000000051089906033
6000000051116472832
6000000051132830118
6000000051133172058
6000000051133418904
6000000051133566845
6000000051134947067
6000000051142238950
6000000051145495001
6000000051147351962
6000000051147368932
6000000051222951446
6000000051231247978
6000000051234262930
6000000051338419958
6000000051366521885
6000000051366830826
6000000051384599845
6000000051460390913
6000000051476617000
6000000051490667185
6000000051519892733
6000000051558525883
6000000051561504917
6000000051561657909
6000000051612628827
6000000051652112848
6000000051654061826
6000000051797071886
6000000051798033829
6000000051825195479
6000000051826409963
6000000051826543084
6000000051853413071
6000000051877132891
6000000051979398840
6000000051979500833
6000000051979893864
6000000051980037838
6000000051980175875
6000000052031186909
6000000052031380916
6000000052055097824
6000000052064452033
6000000052064784850
6000000052065408911
6000000052099423841
6000000052109108939
6000000052109562081
6000000052109757891
6000000052116696845
6000000052119172914
6000000052119855092
6000000052120459834
6000000052122445926
6000000052122457887
6000000052122811846
6000000052122833822
6000000052122836926
6000000052122886833
6000000052123499997
6000000052159343041
6000000052219564093
6000000052219622827
6000000052223563064
6000000052268163279
6000000052268283062
6000000052268784930
6000000052270668256
6000000052271322045
6000000052271328880
6000000052306780977
6000000052321383895
6000000052326861857
6000000052350433075
6000000052352020028
6000000052368076903
6000000052378697008
6000000052379103882
6000000052695024965
6000000052738026970
6000000052738057053
6000000052820266846
6000000052820420888
6000000052930108927
6000000052945111849
6000000052945317822
6000000053043155132
6000000053061168102
6000000053105633963
6000000053113483960
6000000053113690892
6000000053123508104
6000000053127712882
6000000053128662954
6000000053128824966
6000000053155552827
6000000053156318922
6000000053179334468
6000000053192386257
6000000053193045920
6000000053300657862
6000000053300952916
6000000053301028935
6000000053326162821
6000000053371791022
6000000053385953234
6000000053386347858
6000000053386655848
6000000053398757262
6000000053400922956
6000000053413719867
6000000053453210122
6000000053453286051
6000000053551198129
6000000053552985850
6000000053573763886
6000000053577450998
6000000053578048951
6000000053578149956
6000000053578182828
6000000053579498821
6000000053594369182
6000000053613272933
6000000053671495849
6000000053674609851
6000000053674622877
6000000053706698035
6000000053706925096
6000000053707038235
6000000053707520975
6000000053708846014
6000000053708990947
6000000053709162955
6000000053738910996
6000000053757553556
6000000053758265824
6000000053758292925
6000000053758333922
6000000053758436869
6000000053759041847
6000000053780105074
6000000053780168937
6000000053780274001
6000000053780369961
6000000053856457009
6000000053868555943
6000000053869197891
6000000053869508835
6000000053982002876
6000000053983860840
6000000054012502946
6000000054018187837
6000000054039463857
6000000054041960017
6000000054042170902
6000000054042346891
6000000054042397875
6000000054042411822
6000000054042438830
6000000054042523856
6000000054042538827
6000000054042836876
6000000054069069916
6000000054069381009
6000000054069701848
6000000054069767837
6000000054082402440
6000000054083084900
6000000054083439107
6000000054083490893
6000000054083541827
6000000054083616958
6000000054083688030
6000000054083766859
6000000054084200823
6000000054138780932
6000000054138823002
6000000054138877949
6000000054138985838
6000000054139117864
6000000054139240941
6000000054139373088
6000000054139414823
6000000054139501825
6000000054139692887
6000000054139883849
6000000054175954959
6000000054175957894
6000000054176029875
6000000054209048953
6000000054209879838
6000000054210266821
6000000054213073827
6000000054213099824
6000000054315550823
6000000054325364907
6000000054349869839
6000000054350254834
6000000054480587131
6000000054512575271
6000000054561316004
6000000054679567057
6000000054679699022
6000000054680084069
6000000054680594849
6000000054687310150
6000000054775494040
6000000054988802023
6000000054988833025
6000000054988856890
6000000054988935854
6000000054988944833
6000000054989171917
6000000054989182016
6000000054989557839
6000000055029595279
6000000055029777069
6000000055030175875
6000000055035740121
6000000055068230909
6000000055068301881
6000000055077545992
6000000055092186075
6000000055092251959
6000000055092262029
6000000055092295897
6000000055092439882
6000000055092479836
6000000055106958827
6000000055154726142
6000000055164751103
6000000055259208868
6000000055481787001
6000000055492237875
6000000055540275353
6000000055545638279
6000000055545783041
6000000055665835002
6000000055681021356
6000000055681531281
6000000055681540757
6000000055681947958
6000000055681972833
6000000055682640909
6000000055683382884
6000000055888430239
6000000055889647850
6000000055916851888
6000000055957964887
6000000055958018865
6000000056071485061
6000000056071623848
6000000056151207835
6000000056203163117
6000000056205482832
6000000056205614894
6000000056206321837
6000000056209523845
6000000056209610829
6000000056211541849
6000000056251353033
6000000056251733858
6000000056251778832
6000000056252764821
6000000056273344824
6000000056273498909
6000000056322145438
6000000056389373710
6000000056389872322
6000000056390910871
6000000056392555192
6000000056393410059
6000000056393494560
6000000056394093948
6000000056394961950
6000000056395074057
6000000056398148896
6000000056398346821
6000000056402037929
6000000056402279022
6000000056402509942
6000000056405308867
6000000056433088842
6000000056500892875
6000000056500986923
6000000056501029859
6000000056501062975
6000000056501610851
6000000056501730821
6000000056515433902
6000000056515583830
6000000056532388278
6000000056535464946
6000000056591010950
6000000056597824874
6000000056607757590
6000000056608336873
6000000056608456985
6000000056608657857
6000000056608975503
6000000056635820050
6000000056648581208
6000000056648842069
6000000056671088837
6000000056671694833
6000000056696088215
6000000056704877828
6000000056738523667
6000000056738728691
6000000056749455030
6000000056749750909
6000000056810045944
6000000056813824851
6000000056919377950
6000000056919499871
6000000056943678856
6000000057098746822
6000000057099117863
6000000057105436799
6000000057129369846
6000000057306689884
6000000057306870821
6000000057307082990
6000000057307263937
6000000057307294924
6000000057307526840
6000000057307613852
6000000057323812009
6000000057325498833
6000000057348246821
6000000057348919928
6000000057370273070
6000000057370392938
6000000057370850949
6000000057371068853
6000000057371078874
6000000057371426862
6000000057371450003
6000000057371867833
6000000057372018840
6000000057372088903
6000000057372571862
6000000057373905901
6000000057374671913
6000000057375376367
6000000057376145234
6000000057376545912
6000000057391885891
6000000057397464092
6000000057418469942
6000000057420590992
6000000057420949049
6000000057421477878
6000000057436076028
6000000057437605864
6000000057546216874
6000000057546758821
6000000057549093840
6000000057576014931
6000000057576044878
6000000057576074990
6000000057576252918
6000000057576254942
6000000057576361844
6000000057576455821
6000000057598991914
6000000057599056829
6000000057622197821
6000000057638402042
6000000057696362928
6000000057699726902
6000000057699848891
6000000057903625960
6000000057930351959
6000000057980162881
6000000058155621847
6000000058156016216
6000000058174863960
6000000058357332513
6000000058357766032
6000000058376628866
6000000058405013007
6000000058405357821
6000000058419179446
6000000058421850060
6000000058423711930
6000000058504134134
6000000058598594047
6000000058598977879
6000000058713207890
6000000058713228928
6000000058713389826
6000000058726589168
6000000058730932629
6000000058731165330
6000000058777488143
6000000058813364112
6000000058813496821
6000000058813637888
6000000058813910067
6000000058836783805
6000000058836950057
6000000058838392035
6000000058838427181
6000000058838725929
6000000058864357876
6000000058866422861
6000000059133625886
6000000059149258972
6000000059152532028
6000000059154861040
6000000059155143881
6000000059201290864
6000000059367269899
6000000059373770825
6000000059373787899
6000000059458201825
6000000059461280143
6000000059461954958
6000000059462982956
6000000059463319841
6000000059484306897
6000000059487260994
6000000059646518534
6000000059728533850
6000000059774716857
6000000059777152859
6000000059783007030
6000000059783124810
6000000059784404434
6000000059816311829
6000000059828546510
6000000059829513836
6000000059866332105
6000000059866464872
6000000059866520355
6000000059866983970
6000000059867029941
6000000059867113908
6000000059889433105
6000000059889502042
6000000059899745318
6000000059900748068
6000000059934267974
6000000059937585923
6000000059956208155
6000000059956381159
6000000059956711997
6000000059956971857
6000000060001809033
6000000060114699977
6000000060141734002
6000000060144711844
6000000060189145833
6000000060189782959
6000000060260088872
6000000060271448381
6000000060271715230
6000000060271759143
6000000060271822070
6000000060274705979
6000000060422264873
6000000060494850075
6000000060819192223
6000000060934790821
6000000061082980112
6000000061087285845
6000000061155373866
6000000061217949848
6000000061225445833
6000000061227719891
6000000061273975033
6000000061304482995
6000000061304736845
6000000061304837854
6000000061304905865
6000000061305573828
6000000061305730827
6000000061305969834
6000000061306001979
6000000061306092854
6000000061306225822
6000000061306397821
6000000061306536922
6000000061306725821
6000000061372644871
6000000061374903948
6000000061383358864
6000000061389710216
6000000061393436821
6000000061543887834
6000000061609864259
6000000061609864337
6000000061609937262
6000000061610121357
6000000061610274940
6000000061610317991
6000000061610366153
6000000061610396498
6000000061610467869
6000000061610829879
6000000061610983876
6000000061611089821
6000000061625262903
6000000061702401946
6000000061702435917
6000000061702519867
6000000061718301229
6000000061735716108
6000000061922015828
6000000062028871833
6000000062109584198
6000000062109677112
6000000062109695232
6000000062110104924
6000000062110108010
6000000062110218241
6000000062111468236
6000000062186784886
6000000062191292130
6000000062247412821
6000000062247543821
6000000062291948387
6000000062307917266
6000000062310978542
6000000062311186414
6000000062311417242
6000000062311951950
6000000062311957990
6000000062312075847
6000000062325037323
6000000062325584958
6000000062325601110
6000000062325621964
6000000062325650865
6000000062327316934
6000000062389053840
6000000062389401834
6000000062447429293
6000000062447824056
6000000062448114892
6000000062450564438
6000000062457174277
6000000062457645919
6000000062457779833
6000000062599744962
6000000062615805163
6000000062616286825
6000000062624197965
6000000062649837336
6000000062650478983
6000000062650492918
6000000062650553925
6000000062650559003
6000000062650588830
6000000062655661909
6000000062655713928
6000000062668523831
6000000062698483335
6000000062709352716
6000000062750658000
6000000062905776916
6000000062905844870
6000000063006087071
6000000063021714859
6000000063136599871
6000000063193974954
6000000063204779935
6000000063204938837
6000000063341153202
6000000063342276854
6000000063342451065
6000000063342634975
6000000063342728998
6000000063342748035
6000000063342753284
6000000063342818176
6000000063342895908
6000000063343410924
6000000063356859185
6000000063356944957
6000000063534680029
6000000063534700116
6000000063535101903
6000000063551750847
6000000063551864825
6000000063554968912
6000000063651691053
6000000063651885119
6000000063652100051
6000000063652307871
6000000063652363835
6000000063652371836
6000000063654334110
6000000063788530082
6000000064122126387
6000000064172523282
6000000064172752222
6000000064173000133
6000000064225861229
6000000064322699596
6000000064525684882
6000000064525921950
6000000064526403824
6000000064587404825
6000000064626872900
6000000064680550975
6000000064833789036
6000000064833935940
6000000064834463851
6000000065056045990
6000000065056306963
6000000065056377902
6000000065327289878
6000000065327387843
6000000065353504048
6000000065496762935
6000000065496864910
6000000065548197832
6000000065566777992
6000000065777214898
6000000065913564845
6000000065981143821
6000000065981261822
6000000066070448821
6000000066070572822
6000000066084448385
6000000066085754149
6000000066086169053
6000000066086725821
6000000066201211952
6000000066201537849
6000000066202253850
6000000066263754251
6000000066264516851
6000000066264526835
6000000066264650876
6000000066363050119
6000000066363483067
6000000066363788970
6000000066363910871
6000000066363965955
6000000066364059862
6000000066364071823
6000000066376990871
6000000066377026821
6000000066377115928
6000000066377148897
6000000066377267849
6000000066377267883
6000000066377272877
6000000066377613922
6000000066378283893
6000000066378530859
6000000066378823828
6000000066388750241
6000000066388945089
6000000066389251934
6000000066389356993
6000000066389430867
6000000066389763879
6000000066389780833
6000000066389801835
6000000066494926821
6000000066593665312
6000000066601548838
6000000066603015909
6000000066603126935
6000000066603474857
6000000066609341855
6000000066626894822
6000000066855199850
6000000067045743836
6000000067089073917
6000000067089397823
6000000067089436884
6000000067095097861
6000000067120881007
6000000067121293831
6000000067127548163
6000000067127906830
6000000067127911907
6000000067252071854
6000000067340956821
6000000067382010019
6000000067383139937
6000000067387269845
6000000067387398845
6000000067387480960
6000000067387828850
6000000067387934046
6000000067388524882
6000000067392200836
6000000067393601833
6000000067398291875
6000000067475341262
6000000067475950954
6000000067535829821
6000000067648104886
6000000067650061829
6000000067650408821
6000000067652277944
6000000067757364834
6000000067773526177
6000000067819609969
6000000067822335866
6000000067856826846
6000000067880043187
6000000067962260279
6000000067963354933
6000000067963481899
6000000067966482838
6000000067973805882
6000000068086888838
6000000068086966870
6000000068087025830
6000000068087128835
6000000068087454821
6000000068134341877
6000000068139140982
6000000068140488078
6000000068140555977
6000000068141757821
6000000068151961070
6000000068152046848
6000000068152519859
6000000068152714831
6000000068229075956
6000000068229353847
6000000068230026845
6000000068319998234
6000000068320439837
6000000068320507092
6000000068320608888
6000000068320615846
6000000068320652890
6000000068449912914
6000000068451265884
6000000068507415031
6000000068507786939
6000000068544446905
6000000068648486856
6000000068825773924
6000000068865549914
6000000068913365062
6000000069137121876
6000000069147502949
6000000069147953879
6000000069210791960
6000000069210905897
6000000069211029850
6000000069211055860
6000000069211074844
6000000069245886105
6000000069266968907
6000000069267179852
6000000069372082079
6000000069374574841
6000000069441374911
6000000069496766405
6000000069540512345
6000000069543895956
6000000069545253921
6000000069557772097
6000000069557821049
6000000069675528822
6000000069676516835
6000000069677016862
6000000069677301821
6000000069677378858
6000000069719944860
6000000069793922020
6000000069795077714
6000000069795519821
6000000069796196025
6000000069796302852
6000000069796366835
6000000069931062879
6000000070156017821
6000000070156020864
6000000070160541989
6000000070187380828
6000000070238328826
6000000070293927954
6000000070311399902
6000000070321855972
6000000070488304902
6000000070588134383
6000000070621971729
6000000070670326910
6000000070789875827
6000000070789978821
6000000070997420859
6000000070999921326
6000000070999975122
6000000071000169038
6000000071000211888
6000000071021700845
6000000071021736859
6000000071034844453
6000000071035314022
6000000071035362210
6000000071076668837
6000000071114210258
6000000071465829307
6000000071508974839
6000000071512161825
6000000071542011009
6000000071542062007
6000000071542448850
6000000071542538822
6000000071548950879
6000000071548963890
6000000071552149300
6000000071572885874
6000000071575145846
6000000071620824296
6000000071620834400
6000000071621441827
6000000071630659683
6000000071651821665
6000000071652108992
6000000071653140901
6000000071653542852
6000000071653728195
6000000071654134878
6000000071659423297
6000000071661279313
6000000071663020871
6000000071671619058
6000000071672035922
6000000071672179864
6000000071672380821
6000000071723182820
6000000071723392447
6000000071740221261
6000000071740273018
6000000071741329877
6000000071760133845
6000000071760451847
6000000071764880648
6000000071765208979
6000000071765333914
6000000071765478383
6000000071765495825
6000000071765769147
6000000071766352929
6000000071766360240
6000000071766410880
6000000071766614013
6000000071766853826
6000000071767019859
6000000071767092935
6000000071767125232
6000000071767347968
6000000071767398845
6000000071767643830
6000000071768187852
6000000071768342914
6000000071768584821
6000000071770038821
6000000071785459414
6000000071785671373
6000000071785715006
6000000071785742585
6000000071785749931
6000000071785918910
6000000071785950003
6000000071785950898
6000000071785955001
6000000071785979923
6000000071785991828
6000000071786033964
6000000071786217898
6000000071791063482
6000000071792386950
6000000071794039863
6000000071794076870
6000000071794300916
6000000072421013062
6000000072421225886
6000000072421335937
6000000072472865821
6000000072473554927
6000000072474688821
6000000072629760666
6000000072629900603
6000000072630934851
6000000072631343900
6000000072638170017
6000000072646048929
6000000072716947961
6000000072717168574
6000000072727998858
6000000072795718399
6000000072796327008
6000000072818732092
6000000072834971825
6000000072879026166
6000000072879365908
6000000072887834115
6000000072899835952
6000000072900031889
6000000072963018045
6000000072963604900
6000000072963809823
6000000072963870898
6000000072981384673
6000000072982800935
6000000072983167822
6000000072983308849
6000000072984461096
6000000072984787954
6000000072984828017
6000000072984858972
6000000072985951219
6000000072986510062
6000000072986791849
6000000073115232381
6000000073219242500
6000000073225847113
6000000073342032963
6000000073400613303
6000000073415273056
6000000073415434338
6000000073415602148
6000000073415953929
6000000073416225837
6000000073430892144
6000000073523998841
6000000073525687874
6000000073555622860
6000000073555735859
6000000073749128993
6000000073807525378
6000000074074486937
6000000074261618083
6000000074300723511
6000000074333315862
6000000074333375837
6000000074352511355
6000000074353129836
6000000074353174032
6000000074353201907
6000000074353454283
6000000074353605993
6000000074353823193
6000000074353870937
6000000074353996948
6000000074354220276
6000000074354383086
6000000074354571531
6000000074355001965
6000000074355104858
6000000074355105006
6000000074355168151
6000000074355591991
6000000074355707956
6000000074355724999
6000000074365294018
6000000074365580861
6000000074367443939
6000000074374008912
6000000074391024823
6000000074440389963
6000000074441035010
6000000074442434904
6000000074449149916
6000000074450307914
6000000074450982834
6000000074451150861
6000000074587626916
6000000074683286447
6000000074683459251
6000000074683727004
6000000074711573025
6000000074727889983
6000000074728035889
6000000074732534884
6000000074746875003
6000000074747843066
6000000074748214848
6000000074771065974
6000000074783609313
6000000074800756802
6000000074805492527
6000000074805692616
6000000074805934226
6000000074806097077
6000000074806122207
6000000074806282964
6000000074806309003
6000000074806317898
6000000074806413876
6000000074806436863
6000000074806903839
6000000074806929864
6000000074808598941
6000000074808828833
6000000074808903845
6000000074808971847
6000000074809037837
6000000074831170927
6000000074850585854
6000000074857104881
6000000074904369868
6000000074908748029
6000000075006640927
6000000075006858821
6000000075012066010
6000000075037361168
6000000075037768855
6000000075039911214
6000000075055621985
6000000075055831860
6000000075064482878
6000000075145917101
6000000075145918122
6000000075146007153
6000000075146193014
6000000075146243007
6000000075146421001
6000000075146426912
6000000075146528902
6000000075146595857
6000000075146635946
6000000075146674866
6000000075146804908
6000000075146836952
6000000075151264840
6000000075151295874
6000000075207799836
6000000075245538089
6000000075246152053
6000000075320513135
6000000075320771002
6000000075321796231
6000000075322111008
6000000075325716857
6000000075327286466
6000000075327456459
6000000075328021088
6000000075328455914
6000000075328506865
6000000075328527844
6000000075328531871
6000000075333145082
6000000075333527838
6000000075333564821
6000000075333963836
6000000075337633126
6000000075337931944
6000000075344571068
6000000075344936942
6000000075345167839
6000000075345197833
6000000075345602836
6000000075367837896
6000000075368013857
6000000075368107880
6000000075368771850
6000000075368822831
6000000075372508837
6000000075372548844
6000000075425126283
6000000075425192847
6000000075589304018
6000000075602050930
6000000075608362121
6000000075610423826
6000000075617133984
6000000075617214871
6000000075617555836
6000000075617806839
6000000075617923904
6000000075618117828
6000000075618174865
6000000075618230873
6000000075618416853
6000000075618479840
6000000075618488856
6000000075651817522
6000000075652455911
6000000075652544871
6000000075652649848
6000000075672424987
6000000075672775875
6000000075683952945
6000000075707504850
6000000075710004006
6000000075710197846
6000000075710804854
6000000075714868993
6000000075715197877
6000000075715237858
6000000075715452825
6000000075715544873
6000000075715646999
6000000075715752844
6000000075716410880
6000000075716410886
6000000075716868833
6000000075716983821
6000000075864366561
6000000075864551292
6000000075865111899
6000000075865229845
6000000075866739576
6000000075867604836
6000000075885201291
6000000075931950207
6000000075940351821
6000000075982101013
6000000076006736848
6000000076106597045
6000000076217387837
6000000076237655606
6000000076247821913
6000000076247961863
6000000076259772837
6000000076262990856
6000000076263043273
6000000076263365972
6000000076290916821
6000000076291104850
6000000076293888292
6000000076304201855
6000000076304231851
6000000076337509093
6000000076337882902
6000000076338426893
6000000076340196221
6000000076340368551
6000000076340533318
6000000076340756890
6000000076374486908
6000000076374988352
6000000076375485969
6000000076376239962
6000000076376318869
6000000076376376947
6000000076376399826
6000000076376508823
6000000076376609062
6000000076376844993
6000000076377003026
6000000076377368822
6000000076378045866
6000000076378699859
6000000076385165845
6000000076392974160
6000000076393260830
6000000076393575940
6000000076393684917
6000000076393911878
6000000076393988925
6000000076394769303
6000000076394909196
6000000076395818013
6000000076396233081
6000000076396435212
6000000076396999976
6000000076397209875
6000000076398503904
6000000076399122024
6000000076399323855
6000000076399501866
6000000076399600913
6000000076400043014
6000000076400261907
6000000076400944576
6000000076402692290
6000000076405775294
6000000076406802004
6000000076406821906
6000000076406905014
6000000076406988860
6000000076407388822
6000000076431876823
6000000076463318111
6000000076464378101
6000000076464514961
6000000076476162829
6000000076483404438
6000000076483548054
6000000076484025869
6000000076484044967
6000000076501555848
6000000076501579963
6000000076513568830
6000000076515037868
6000000076515068853
6000000076515239860
6000000076515350821
6000000076515510821
6000000076515567821
6000000076545243977
6000000076546883956
6000000076572565866
6000000076637154034
6000000076637363927
6000000076638037849
6000000076638165858
6000000076646654100
6000000076669163336
6000000076670812042
6000000076676264411
6000000076708376012
6000000076715835236
6000000076721267786
6000000076721689787
6000000076722531359
6000000076723656943
6000000076734708745
6000000076735916260
6000000076735960241
6000000076736762255
6000000076740609391
6000000076743966480
6000000076746851581
6000000076780705515
6000000076781346915
6000000076789844130
6000000076790007279
6000000076790185193
6000000076796577863
6000000076797266970
6000000076841362537
6000000076841574322
6000000076842867681
6000000076843516061
6000000076887240476
6000000076900250282
6000000076902369953
6000000076902712619
6000000076903269540
6000000076903517132
6000000076903695298
6000000076903839149
6000000076904015804
6000000076904189814
6000000076904461138
6000000076904539903
6000000076904616472
6000000076905222860
6000000076905236016
6000000076908134258
6000000076909823844
6000000076910611204
6000000076910798826
6000000076910864193
6000000076911081054
6000000076929582346
6000000076930028003
6000000076931104491
6000000076931270305
6000000076943211175
6000000076958487905
6000000076958576854
6000000076964140822
6000000076968181823
6000000077068851053
6000000077068859085
6000000077069062912
6000000077070995629
6000000077071130379
6000000077071130415
6000000077071612078
6000000077071618164
6000000077072043854
6000000077072665475
6000000077073529238
6000000077077470185
6000000077077969895
6000000077079995717
6000000077080881896
6000000077139183645
6000000077139606243
6000000077166300990
6000000077199905704
6000000077254738064
6000000077254846138
6000000077254868243
6000000077255087014
6000000077255208914
6000000077255280890
6000000077299641530
6000000077302047669
6000000077303384317
6000000077303524071
6000000077313844604
6000000077313993571
6000000077314395192
6000000077314509043
6000000077319266581
6000000077319293538
6000000077452449783
6000000077514387824
6000000077609938662
6000000077679444305
6000000077742715813
6000000077742739708
6000000077742849361
6000000077742890514
6000000077743057402
6000000077743624344
6000000077743887055
6000000077744091127
6000000077773613293
6000000077830652696
6000000077857173891
6000000077857558132
6000000077857610187
6000000077857697193
6000000077857704101
6000000077857751077
6000000077857754092
6000000077857825082
6000000077857884978
6000000077857980023
6000000077857981077
6000000077858026916
6000000077861674664
6000000077861753636
6000000077861791624
6000000077861857339
6000000077861872423
6000000077862028284
6000000077862049455
6000000077862101586
6000000077862107462
6000000077862140424
6000000077862306291
6000000077862347341
6000000077862494141
6000000077862594214
6000000077862746132
6000000077862746138
6000000077862922864
6000000077862929941
6000000077862973905
6000000077863008965
6000000077863088863
6000000077863092907
6000000077876962799
6000000077878800435
6000000077893827939
6000000077908138509
6000000077917260337
6000000077917317624
6000000077917400440
6000000077917425404
6000000077917446201
6000000077917783872
6000000077917954027
6000000077918107838
6000000077918693419
6000000077918714432
6000000077918804286
6000000077918884348
6000000077919071252
6000000077919165915
6000000077919193407
6000000077919233247
6000000077919244936
6000000077919282365
6000000077919400827
6000000077919716887
6000000077922246812
6000000077922534520
6000000077922603124
6000000077922606754
6000000077922666523
6000000077922674775
6000000077922813488
6000000077922828627
6000000077922853318
6000000077922894865
6000000077922939176
6000000077922971860
6000000077923097189
6000000077923212110
6000000077923343005
6000000077923389922
6000000077923440910
6000000077923461842
6000000077923501158
6000000077923615075
6000000077923657823
6000000077923700990
6000000077923858851
6000000077923887840
6000000077923929847
6000000077947263842
6000000077949653544
6000000077956011207
6000000077987737572
6000000077988090704
6000000077989293854
6000000078003447918
6000000078005212177
6000000078006145810
6000000078006319507
6000000078009109794
6000000078009119794
6000000078009370089
6000000078009535344
6000000078009843105
6000000078009859157
6000000078009874263
6000000078010005331
6000000078010261969
6000000078010352984
6000000078010452860
6000000078013492090
6000000078013522196
6000000078013623072
6000000078013646039
6000000078013692088
6000000078013717886
6000000078013738934
6000000078013857025
6000000078013938165
6000000078013950202
6000000078014060842
6000000078037329608
6000000078039902863
6000000078046300966
6000000078051658240
6000000078053527287
6000000078060745000
6000000078079929441
6000000078105439904
6000000078106714643
6000000078107098225
6000000078110382637
6000000078110911379
6000000078110990377
6000000078112115913
6000000078112133910
6000000078112239922
6000000078112376919
6000000078112399956
6000000078112721388
6000000078119606047
6000000078122350404
6000000078122848904
6000000078130114167
6000000078130144178
6000000078130232274
6000000078130257203
6000000078131661420
6000000078132032052
6000000078144525581
6000000078149623173
6000000078149838312
6000000078149972803
6000000078152489560
6000000078166054921
6000000078167620414
6000000078168868403
6000000078169022849
6000000078169033835
6000000078171454221
6000000078174858434
6000000078175727851
6000000078175937985
6000000078203225216
6000000078203315943
6000000078203380958
6000000078203514844
6000000078207827212
6000000078223054838
6000000078223829265
6000000078224547955
6000000078225233742
6000000078225368271
6000000078225996071
6000000078226775937
6000000078226882884
6000000078252645933
6000000078255452920
6000000078255485802
6000000078256842116
6000000078256931076
6000000078257345296
6000000078257392995
6000000078257412906
6000000078257558996
6000000078257659840
6000000078257725884
6000000078257751853
6000000078258306889
6000000078258441928
6000000078258708835
6000000078280140887
6000000078280200867
6000000078282111027
6000000078289048664
6000000078290846876
6000000078309999183
6000000078340531118
6000000078341054033
6000000078341413014
6000000078341970887
6000000078342355864
6000000078342421898
6000000078363074783
6000000078369690038
6000000078394047035
6000000078402253666
6000000078402787136
6000000078402890940
6000000078403224914
6000000078403315833
6000000078403523276
6000000078403719947
6000000078403773931
6000000078403909857
6000000078404903425
6000000078405056870
6000000078411623451
6000000078412435402
6000000078412435622
6000000078417864045
6000000078430630954
6000000078430782870
6000000078482035635
6000000078485130733
6000000078485617450
6000000078486075085
6000000078486147006
6000000078486165980
6000000078486306933
6000000078486360859
6000000078486366849
6000000078507587240
6000000078525210430
6000000078525354261
6000000078525540323
6000000078527288838
6000000078549008498
6000000078549229620
6000000078549279439
6000000078549500740
6000000078549529096
6000000078549606938
6000000078549609963
6000000078549848439
6000000078550028276
6000000078550123449
6000000078550125709
6000000078550562439
6000000078550875023
6000000078551029262
6000000078551060971
6000000078551094171
6000000078551744858
6000000078551835861
6000000078552000985
6000000078566579857
6000000078578943245
6000000078595241074
6000000078638810109
6000000078639298868
6000000078644723396
6000000078645497565
6000000078646048964
6000000078707564326
6000000078708136984
6000000078712129969
6000000078779584919
6000000078807098529
6000000078823372968
6000000078840532036
6000000078847545046
6000000078847779913
6000000078847826874
6000000078882930826
6000000078926524038
6000000078926558054
6000000078926632966
6000000078926776434
6000000078926982239
6000000078927206003
6000000078927311982
6000000078927370028
6000000078927393966
6000000078927815829
6000000078928833836
6000000078930811208
6000000078950852922
6000000078951052889
6000000078951236891
6000000078951253975
6000000078951568835
6000000079029694168
6000000079054355150
6000000079066564554
6000000079068275120
6000000079078748774
6000000079078873371
6000000079079564247
6000000079080069043
6000000079080237821
6000000079086575023
6000000079186414501
6000000079186621661
6000000079187347875
6000000079218123374
6000000079218678034
6000000079218865001
6000000079219007499
6000000079219031667
6000000079219242510
6000000079219920827
6000000079219961821
6000000079250592882
6000000079262672273
6000000079285102030
6000000079286144850
6000000079290729987
6000000079322683057
6000000079370657931
6000000079406551211
6000000079406612284
6000000079407249921
6000000079407640549
6000000079407681226
6000000079408059984
6000000079411734349
6000000079412499263
6000000079413236958
6000000079413291903
6000000079413370927
6000000079413496827
6000000079417828413
6000000079423003989
6000000079423041508
6000000079428772093
6000000079451210072
6000000079460476012
6000000079463132541
6000000079478119401
6000000079478937883
6000000079503383240
6000000079527820822
6000000079623525688
6000000079623743562
6000000079623839364
6000000079624136183
6000000079624775909
6000000079624954839
6000000079666960488
6000000079666966040
6000000079669289781
6000000079670109423
6000000079671050058
6000000079671346085
6000000079671699927
6000000079671888445
6000000079675063969
6000000079675245074
6000000079675779915
6000000079675813049
6000000079676574113
6000000079677118950
6000000079677425843
6000000079737465898
6000000079772643622
6000000079799524244
6000000079846017150
6000000079846288011
6000000079847813835
6000000079890113003
6000000079932445829
6000000079941156640
6000000079942964829
6000000079943397968
6000000080003501639
6000000080003680412
6000000080003810730
6000000080004331330
6000000080005099821
6000000080009329688
6000000080010464110
6000000080010923889
6000000080016663097
6000000080056271695
6000000080075491578
6000000080076914234
6000000080077163067
6000000080077197108
6000000080077394057
6000000080077584102
6000000080078069007
6000000080078159884
6000000080078411849
6000000080078440861
6000000080078514829
6000000080091670787
6000000080092818898
6000000080092970957
6000000080092977870
6000000080132418990
6000000080132837038
6000000080187678220
6000000080208579117
6000000080208629822
6000000080208742089
6000000080209151853
6000000080284072188
6000000080284910987
6000000080285088004
6000000080302431860
6000000080303596911
6000000080304819858
6000000080333039634
6000000080333727903
6000000080343316845
6000000080343366846
6000000080343406822
6000000080343424926
6000000080343515969
6000000080343544843
6000000080343680842
6000000080351812376
6000000080352218237
6000000080352531413
6000000080352805867
6000000080352826316
6000000080353355005
6000000080353573849
6000000080389402120
6000000080403828833
6000000080465813128
6000000080591551897
6000000080591585875
6000000080626900655
6000000080653463197
6000000080757061289
6000000080757542993
6000000080757759949
6000000080763863721
6000000080776811908
6000000080776947843
6000000080811913270
6000000080812258136
6000000080812445958
6000000080812503023
6000000080839029042
6000000080867733225
6000000080868172660
6000000080869878951
6000000080870003368
6000000080870235257
6000000080870765943
6000000080871310092
6000000080872247045
6000000080872663652
6000000080872763924
6000000080872778960
6000000080872825857
6000000080873771125
6000000080873880871
6000000080874279055
6000000080874546821
6000000080874822874
6000000080884621821
6000000080887508804
6000000080887936330
6000000080888150446
6000000080888226993
6000000080888521094
6000000080888607979
6000000080888749365
6000000080889045905
6000000080891198964
6000000080891346972
6000000080912166960
6000000080938069548
6000000080938509555
6000000080940445511
6000000080941080152
6000000080941200084
6000000080941395273
6000000080952089741
6000000080953574260
6000000080953606271
6000000080953859046
6000000080954141997
6000000080954274973
6000000080985336333
6000000080988343980
6000000080988350185
6000000080989957954
6000000080990735935
6000000080990968164
6000000080992352849
6000000080992913883
6000000081012512960
6000000081020530672
6000000081021019394
6000000081021383201
6000000081021592968
6000000081022808862
6000000081025379119
6000000081025491034
6000000081025518958
6000000081025711471
6000000081025803537
6000000081025970050
6000000081026249639
6000000081027280968
6000000081027450918
6000000081027647845
6000000081031472078
6000000081031840936
6000000081032158998
6000000081032208900
6000000081032552829
6000000081032573833
6000000081032584840
6000000081032752856
6000000081033681843
6000000081042575626
6000000081043907097
6000000081043985989
6000000081044263828
6000000081047225892
6000000081064139325
6000000081064397347
6000000081064704689
6000000081064770178
6000000081064956172
6000000081065330907
6000000081065784019
6000000081066330084
6000000081066493971
6000000081066553662
6000000081066681959
6000000081066743127
6000000081066886590
6000000081066904056
6000000081066961950
6000000081067017894
6000000081067024350
6000000081067217152
6000000081067253468
6000000081067554885
6000000081067685892
6000000081067704998
6000000081067754170
6000000081067887848
6000000081067912491
6000000081068045237
6000000081068065524
6000000081068314276
6000000081068405842
6000000081068561032
6000000081068638290
6000000081068884433
6000000081069077046
6000000081069077879
6000000081070618875
6000000081071428259
6000000081073069855
6000000081073393045
6000000081074088828
6000000081074860544
6000000081075065531
6000000081075947890
6000000081076095070
6000000081076217694
6000000081076456980
6000000081076758237
6000000081076896157
6000000081077174076
6000000081077305916
6000000081077584946
6000000081077733846
6000000081077810283
6000000081078080908
6000000081078171382
6000000081078264073
6000000081078511080
6000000081078561889
6000000081078643929
6000000081078833872
6000000081079202750
6000000081079392841
6000000081079486271
6000000081079518449
6000000081080167894
6000000081080303904
6000000081086975239
6000000081096712983
6000000081098706882
6000000081099073845
6000000081100411826
6000000081106143349
6000000081106299234
6000000081106843861
6000000081106923825
6000000081106968828
6000000081108797867
6000000081128715263
6000000081134215139
6000000081136410023
6000000081180682438
6000000081181204775
6000000081182101224
6000000081182425000
6000000081182581968
6000000081190080086
6000000081190417892
6000000081197951021
6000000081200113926
6000000081214122903
6000000081215306862
6000000081243398698
6000000081244579944
6000000081254192160
6000000081271595944
6000000081271728823
6000000081277444994
6000000081277587114
6000000081277822148
6000000081283661468
6000000081286678013
6000000081286708926
6000000081288106834
6000000081294103445
6000000081294117440
6000000081294264292
6000000081295679179
6000000081295889352
6000000081295911832
6000000081296119860
6000000081296135198
6000000081296608885
6000000081297682875
6000000081298369074
6000000081300264866
6000000081300355838
6000000081300507840
6000000081300621850
6000000081306450510
6000000081307173095
6000000081307403963
6000000081307669907
6000000081313871954
6000000081314286048
6000000081314331050
6000000081314602022
6000000081315127823
6000000081317277384
6000000081317633002
6000000081319771024
6000000081321575787
6000000081322471238
6000000081322706890
6000000081322891988
6000000081323201094
6000000081323341691
6000000081323558291
6000000081323591075
6000000081324091178
6000000081324135042
6000000081324243017
6000000081324392916
6000000081324396864
6000000081325824832
6000000081327506016
6000000081327940022
6000000081359727662
6000000081359912118
6000000081360093350
6000000081360721240
6000000081360732998
6000000081382683039
6000000081382996824
6000000081386341646
6000000081388810273
6000000081389532823
6000000081391561149
6000000081413093882
6000000081413099849
6000000081413369832
6000000081413534860
6000000081413941869
6000000081416929194
6000000081421586070
6000000081423045118
6000000081423589825
6000000081423604950
6000000081429609250
6000000081429991439
6000000081448907945
6000000081449294868
6000000081450968010
6000000081450987371
6000000081450995950
6000000081451276104
6000000081451749891
6000000081452626478
6000000081452794467
6000000081469922785
6000000081472892436
6000000081473022510
6000000081473159996
6000000081473321022
6000000081473532078
6000000081474843895
6000000081475116857
6000000081475198329
6000000081475261849
6000000081476449539
6000000081477106955
6000000081478091957
6000000081478105868
6000000081478253625
6000000081478266847
6000000081478744975
6000000081478864854
6000000081478972955
6000000081479130914
6000000081480711604
6000000081480795475
6000000081480944028
6000000081481096932
6000000081481103170
6000000081481793191
6000000081481930373
6000000081481966349
6000000081481969843
6000000081482078362
6000000081482083254
6000000081482396889
6000000081482421823
6000000081482471844
6000000081483420201
6000000081483505409
6000000081483704856
6000000081484054004
6000000081484068879
6000000081484117961
6000000081484465995
6000000081484509070
6000000081484708095
6000000081485537995
6000000081485640630
6000000081485756730
6000000081485802779
6000000081485888279
6000000081486011441
6000000081486022905
6000000081486054509
6000000081486191478
6000000081486211120
6000000081486219321
6000000081486511090
6000000081486624153
6000000081486636274
6000000081486808052
6000000081486874872
6000000081487047031
6000000081487081913
6000000081487093006
6000000081487114850
6000000081487463018
6000000081488199232
6000000081488538983
6000000081488653872
6000000081494421831
6000000081501854912
6000000081509799211
6000000081529013691
6000000081530092937
6000000081563602908
6000000081598760211
6000000081605033101
6000000081608204038
6000000081609098833
6000000081655821286
6000000081703365032
6000000081703474314
6000000081703489974
6000000081703594913
6000000081703766863
6000000081703793868
6000000081703923969
6000000081705765940
6000000081705889189
6000000081705972063
6000000081706057947
6000000081706214276
6000000081706308106
6000000081706428155
6000000081706807838
6000000081706810821
6000000081707123979
6000000081709616443
6000000081712706716
6000000081729286896
6000000081730836875
6000000081731880246
6000000081737624760
6000000081775808834
6000000081799777436
6000000081811656207
6000000081847113882
6000000081873785475
6000000081874539022
6000000081917518070
6000000081917674926
6000000081924146593
6000000081925502930
6000000081930858853
6000000081937747821
6000000081956175968
6000000081959022836
6000000081959411156
6000000081960551751
6000000081961311887
6000000081962007178
6000000081962152093
6000000081963599712
6000000081963897936
6000000081965075871
6000000081965595825
6000000081966649934
6000000081967760211
6000000081967800131
6000000081968142297
6000000081968376882
6000000081968617006
6000000081968671916
6000000081968830867
6000000081968984134
6000000081969042292
6000000081969607292
6000000081969803169
6000000081971001825
6000000081971372614
6000000081971453048
6000000081972968040
6000000081973143897
6000000081983866330
6000000081993264294
6000000081993573055
6000000081993733175
6000000081994590892
6000000081994595961
6000000082002188999
6000000082008428981
6000000082009159923
6000000082009473596
6000000082010254855
6000000082057880340
6000000082057942521
6000000082059062915
6000000082059179358
6000000082059281397
6000000082059521905
6000000082059578059
6000000082059606854
6000000082059835067
6000000082060072135
6000000082060093859
6000000082060364840
6000000082060446847
6000000082062579047
6000000082065244146
6000000082136128821
6000000082139636065
6000000082139790989
6000000082139799881
6000000082140473013
6000000082148860207
6000000082149563905
6000000082149880943
6000000082150140899
6000000082150250117
6000000082151647426
6000000082153391821
6000000082153830975
6000000082154117859
6000000082154191830
6000000082154259821
6000000082154976014
6000000082155026026
6000000082155166930
6000000082156321949
6000000082156385857
6000000082156639845
6000000082157083992
6000000082157604841
6000000082160330091
6000000082161131882
6000000082161698823
6000000082161715834
6000000082162409882
6000000082163187942
6000000082163640821
6000000082165118941
6000000082165389821
6000000082165888821
6000000082166897546
6000000082168886821
6000000082171488868
6000000082172913821
6000000082175616850
6000000082176045821
6000000082176334828
6000000082176541821
6000000082176559122
6000000082181969821
6000000082182852821
6000000082185873821
6000000082187050833
6000000082188454832
6000000082191551822
6000000082233814048
6000000082234697151
6000000082235138191
6000000082235312968
6000000082235381990
6000000082235603137
6000000082235648436
6000000082235742082
6000000082236019970
6000000082236344876
6000000082240374116
6000000082240453002
6000000082240853868
6000000082240963899
6000000082241066079
6000000082241212151
6000000082241269136
6000000082241411868
6000000082249393961
6000000082263537821
6000000082315044049
6000000082331010079
6000000082331212050
6000000082337159259
6000000082349514998
6000000082361580047
6000000082363000834
6000000082363271821
6000000082365402567
6000000082365714229
6000000082365900361
6000000082366164127
6000000082366210085
6000000082366594823
6000000082366628851
6000000082366703007
6000000082366814939
6000000082366971915
6000000082410426881
6000000082526084655
6000000082558087156
6000000082663076869
6000000082664864347
6000000082664898242
6000000082665426978
6000000082679140591
6000000082679631524
6000000082680087918
6000000082680240950
6000000082680354881
6000000082680450921
6000000082680980345
6000000082681099378
6000000082681526275
6000000082681692993
6000000082681694075
6000000082682373828
6000000082682612901
6000000082697384161
6000000082758826862
6000000082764119072
6000000082810315025
6000000082834486995
6000000082866528998
6000000082879589130
6000000082913801021
6000000082936550780
6000000082939997272
6000000082940614826
6000000083007722946
6000000083042254006
6000000083042384011
6000000083042397002
6000000083042487898
6000000083042559821
6000000083050853425
6000000083051591863
6000000083060550024
6000000083064629124
6000000083065410188
6000000083072935969
6000000083125669623
6000000083125897676
6000000083126304028
6000000083126322283
6000000083126528207
6000000083126724048
6000000083126769139
6000000083126788014
6000000083126939979
6000000083127034936
6000000083127144092
6000000083127190203
6000000083127272088
6000000083127416248
6000000083127593832
6000000083127601837
6000000083127730831
6000000083127814821
6000000083141416932
6000000083162155459
6000000083162557117
6000000083162821913
6000000083163014857
6000000083168050976
6000000083181856275
6000000083181874142
6000000083182081997
6000000083182437367
6000000083182502641
6000000083182804122
6000000083183073800
6000000083183205407
6000000083183344113
6000000083184002939
6000000083184073837
6000000083302341963
6000000083305488165
6000000083305551270
6000000083305651075
6000000083305799076
6000000083356553022
6000000083356877828
6000000083356893498
6000000083357479368
6000000083357548471
6000000083357695895
6000000083357845169
6000000083357903967
6000000083357906047
6000000083416314288
6000000083416774627
6000000083417066486
6000000083500872086
6000000083500895083
6000000083500927103
6000000083500956501
6000000083501784891
6000000083502462557
6000000083502517513
6000000083502558497
6000000083502923153
6000000083505970232
6000000083559310721
6000000083559465628
6000000083560037047
6000000083560218868
6000000083560618923
6000000083606461462
6000000083646409727
6000000083646888399
6000000083647262062
6000000083647308971
6000000083647417853
6000000083647447839
6000000083647456108
6000000083647674988
6000000083748028344
6000000083748779199
6000000083749534898
6000000083766068379
6000000083775154501
6000000083778482990
6000000083783469702
6000000083783606869
6000000083783809391
6000000083783944387
6000000083784613121
6000000083784927927
6000000083785202848
6000000083799644158
6000000083842797473
6000000083842979502
6000000083844104863
6000000083849444868
6000000083850824865
6000000083922393897
6000000083964869897
6000000083999036193
6000000084005243960
6000000084076331117
6000000084098537452
6000000084100985140
6000000084103278945
6000000084105780406
6000000084107432029
6000000084107473962
6000000084108245099
6000000084109174536
6000000084112617992
6000000084112731112
6000000084112863150
6000000084113279918
6000000084114137199
6000000084114772832
6000000084115197260
6000000084115386355
6000000084115392042
6000000084115431140
6000000084115442968
6000000084115457990
6000000084115587934
6000000084115739833
6000000084117056052
6000000084117259009
6000000084117263196
6000000084131374381
6000000084131955288
6000000084132154882
6000000084132259029
6000000084132464924
6000000084132615846
6000000084132647871
6000000084169088491
6000000084180616103
6000000084181891918
6000000084181962844
6000000084188541489
6000000084189768909
6000000084244766840
6000000084317561902
6000000084332952045
6000000084358134944
6000000084372403251
6000000084395968687
6000000084396237778
6000000084396909269
6000000084407434986
6000000084428637959
6000000084433553159
6000000084472921340
6000000084591322269
6000000084725458408
6000000084727570901
6000000084765942836
6000000084830599099
6000000084876539938
6000000084931342054
6000000084931569046
6000000084931684158
6000000084931830961
6000000084932026976
6000000084932449844
6000000084932534862
6000000084996356938
6000000085080070967
6000000085140077936
6000000085161024008
6000000085161992984
6000000085203430851
6000000085211256849
6000000085267100461
6000000085285515124
6000000085306499973
6000000085306499977
6000000085306499981
6000000085306787968
6000000085310036467
6000000085310142233
6000000085310142239
6000000085310142243
6000000085310142247
6000000085310208091
6000000085310208096
6000000085310208100
6000000085310208104
6000000085310853939
6000000085310853943
6000000085310853947
6000000085311115961
6000000085311115966
6000000085311115970
6000000085311323841
6000000085311546842
6000000085311546847
6000000085311546852
6000000085311589012
6000000085312135031
6000000085312594015
6000000085312749931
6000000085313756931
6000000085314198848
6000000085314198852
6000000085314198856
6000000085314198860
6000000085314198864
6000000085314198868
6000000085314198872
6000000085314198876
6000000085314198880
6000000085316972824
6000000085318839009
6000000085318873858
6000000085318873862
6000000085318918960
6000000085318958920
6000000085318958924
6000000085319173821
6000000085319416821
6000000085319416824
6000000085319416827
6000000085319416830
6000000085319416833
6000000085325968378
6000000085326427236
6000000085326823842
6000000085326823850
6000000085326823854
6000000085326823858
6000000085326823862
6000000085326823866
6000000085326967929
6000000085326967934
6000000085326984930
6000000085326984934
6000000085326984938
6000000085326984942
6000000085327101873
6000000085327194104
6000000085327194109
6000000085327194113
6000000085327194117
6000000085327194121
6000000085327388928
6000000085327388937
6000000085327388941
6000000085327388945
6000000085327461862
6000000085327461867
6000000085327851851
6000000085364704897
6000000085415164089
6000000085438045022
6000000085438140011
6000000085438168995
6000000085444953837
6000000085448714915
6000000085452504962
6000000085456576044
6000000085457728882
6000000085481822170
6000000085500773016
6000000085561822874
6000000085599889991
6000000085600389104
6000000085601205861
6000000085602543187
6000000085603479949
6000000085603673902
6000000085603877041
6000000085604817556
6000000085627005919
6000000085628497272
6000000085689742502
6000000085690613905
6000000085691045828
6000000085691564821
6000000085691688840
6000000085775799044
6000000085775799048
6000000085775799052
6000000085776069097
6000000085776371853
6000000085776371857
6000000085776371861
6000000085776371865
6000000085776371874
6000000085776550245
6000000085776990177
6000000085776990181
6000000085776990185
6000000085776990189
6000000085776990193
6000000085776990197
6000000085776990201
6000000085776990205
6000000085777839895
6000000085777839899
6000000085777839903
6000000085778322915
6000000085778478894
6000000085778478898
6000000085778478902
6000000085778478906
6000000085778478910
6000000085818557824
6000000085818616918
6000000085819077879
6000000085819323864
6000000085880327866
6000000085880365976
6000000085880365980
6000000085880365984
6000000085880365988
6000000085880365992
6000000085880365996
6000000085880807821
6000000085880807825
6000000085881031822
6000000085881763002
6000000085887058921
6000000086110807981
6000000086131208854
6000000086249198838
6000000086249251858
6000000086249251863
6000000086249251872
6000000086251178828
6000000086251178833
6000000086251178842
6000000086298534190
6000000086328913842
6000000086329092920
6000000086329092924
6000000086329092928
6000000086329092932
6000000086332801837
6000000086357055984
6000000086357431850
6000000086364347847
6000000086364347851
6000000086364347855
6000000086364347859
6000000086364347863
6000000086432066042
6000000086437350989
6000000086437350998
6000000086505800858
6000000086505929923
6000000086513412993
6000000086513413002
6000000086513550940
6000000086597627987
6000000086618163822
6000000086691580896
6000000086794543166
6000000086809353325
6000000086810063900
6000000086811565862
6000000086822390598
6000000086824319975
6000000086824510868
6000000086824628089
6000000086904754954
6000000086905006909
6000000086905015894
6000000087025211950
6000000087025247900
6000000087025584838
6000000087067377821
6000000087082899967
6000000087091359942
6000000087093240905
6000000087093257821
6000000087093442887
6000000087093490871
6000000087176743974
6000000087176922975
6000000087176929099
6000000087177139895
6000000087177215877
6000000087177298872
6000000087177589869
6000000087186671994
6000000087252944821
6000000087323729905
6000000087324058874
6000000087404416837
6000000087405525821
6000000087428640012
6000000087429856840
6000000087453090977
6000000087595931023
6000000087596019010
6000000087596161013
6000000087596382929
6000000087596535872
6000000087596725833
6000000087627137934
6000000087627141894
6000000087674257958
6000000087674474054
6000000087689196318
6000000087689251272
6000000087741214926
6000000087781176954
6000000087783152912
6000000087784291821
6000000087784470821
6000000087812776176
6000000087899342200
6000000087899849064
6000000087899888009
6000000087900467870
6000000088003999910
6000000088515639151
6000000088516333907
6000000088580951823
6000000088662543834
6000000088750204421
6000000088752217821
6000000088795586622
6000000088796913415
6000000088797404120
6000000088798313828
6000000088798362873
6000000088842902967
6000000088863521977
6000000088957574333
6000000088959358875
6000000088959360878
6000000089090761975
6000000089091015839
6000000089091123006
6000000089091230833
6000000089096852008
6000000089096865952
6000000089097027997
6000000089097306913
6000000089098035826
6000000089098405901
6000000089098789097
6000000089099181834
6000000089099192971
6000000089099368898
6000000089099865840
6000000089100914906
6000000089101311883
6000000089101491833
6000000089101608919
6000000089101876089
6000000089101929944
6000000089102025945
6000000089102259935
6000000089102286875
6000000089116730682
6000000089116730688
6000000089116730700
6000000089116730703
6000000089116730709
6000000089116730713
6000000089116755834
6000000089116755862
6000000089116756160
6000000089116756166
6000000089116756273
6000000089133837511
6000000089135924945
6000000089136159959
6000000089153852884
6000000089154021857
6000000089155051884
6000000089171704992
6000000089171988019
6000000089211774370
6000000089306118840
6000000089337807852
6000000089337924821
6000000089417896976
6000000089418311903
6000000089481478891
6000000089481629821
6000000089482885269
6000000089484051073
6000000089484108973
6000000089484371984
6000000089486677904
6000000089600787026
6000000089625853866
6000000089625853875
6000000089693238906
6000000089693505988
6000000089694848822
6000000089694848852
6000000089694848858
6000000089694848864
6000000089694848870
6000000089694848888
6000000089694848894
6000000089694848912
6000000089694848918
6000000089694848923
6000000089694848931
6000000089772181894
6000000089902433883
6000000089902670887
6000000089902894723
6000000089902894739
6000000089903090988
6000000089903091158
6000000089903091164
6000000089903091171
6000000089903091174
6000000089903091177
6000000089903091181
6000000089903091187
6000000089903091190
6000000089903091202
6000000089903091205
6000000089903091211
6000000089903091214
6000000089903091220
6000000089903091223
6000000089903091228
6000000089903091231
6000000089903091234
6000000089903091237
6000000090019441086
6000000090033720194
6000000090284170848
6000000090284170853
6000000090284170857
6000000090284523826
6000000090411855821
6000000090412375881
6000000090439721822
6000000090439721828
6000000090439721838
6000000090439721857
6000000090439721861
6000000090439721865
6000000090439721869
6000000090439721873
6000000090439721877
6000000090439947822
6000000090439947827
6000000090439947833
6000000090439947842
6000000090439947851
6000000090440054873
6000000090440054911
6000000090440054923
6000000090440054929
6000000090440054935
6000000090440054941
6000000090440054947
6000000090440054953
6000000090440055126
6000000090447389910
6000000090449025850
6000000090449785834
6000000090450425986
6000000090450425994
6000000090450426002
6000000090450426006
6000000090450426009
6000000090450426013
6000000090450426017
6000000090450426021
6000000090450426025
6000000090450426029
6000000090450426037
6000000090450489826
6000000090450489830
6000000090450489838
6000000090450489862
6000000090450489866
6000000090450516846
6000000090450516850
6000000090450516884
6000000090450620827
6000000090451127829
6000000090521088844
6000000090654415125
6000000090723929875
6000000090759680880
6000000090868025079
6000000090870992032
6000000090871678064
6000000090872077853
6000000090872313960
6000000090872629842
6000000090977641888
6000000090979529842
6000000090979611834
6000000091017636828
6000000091020289868
6000000091078501821
6000000091078725831
6000000091081167821
6000000091081204829
6000000091113808821
6000000091144449101
6000000091144687919
6000000091144716982
6000000091144996834
6000000091186939848
6000000091186939852
6000000091228965439
6000000091231858303
6000000091252963856
6000000091253377861
6000000091255500821
6000000091345663829
6000000091350636959
6000000091377621049
6000000091377990038
6000000091387347000
6000000091526322958
6000000091526339970
6000000091526612901
6000000091601992357
6000000091604096360
6000000091604756821
6000000091605379281
6000000091606712077
6000000091608083032
6000000091608814928
6000000091609869945
6000000091610255175
6000000091643013841
6000000091647066005
6000000091647066013
6000000091647066021
6000000091647066335
6000000091727967007
6000000091738561836
6000000091740663980
6000000091742108857
6000000091743381822
6000000091744178821
6000000091764243305
6000000091764324119
6000000091765028194
6000000091853420993
6000000091853689008
6000000091853863849
6000000091854076826
6000000091984109317
6000000092113532060
6000000092127766155
6000000092129865007
6000000092274090810
6000000092296248874
6000000092344258769
6000000092348317827
6000000092371545821
6000000092376458832
6000000092524663821
6000000092555806969
6000000092558391104
6000000092559846909
6000000092563352847
6000000092566071917
6000000092566105176
6000000092566990821
6000000092573747994
6000000092573843036
6000000092581236024
6000000092583061854
6000000092583162834
6000000092625553891
6000000092739942171
6000000092741033020
6000000092741200996
6000000092742295862
6000000092742330821
6000000092742360030
6000000092742474950
6000000093131998833
6000000093392372132
6000000093393485835
6000000093460062849
6000000093499935146
6000000093517192009
6000000093549123864
6000000093671018821
6000000093692525416
6000000093692667437
6000000093693756289
6000000093695415001
6000000093695532042
6000000093726737829
6000000093726935822
6000000093727038821
6000000093756309828
6000000093833960965
6000000093845152876
6000000093888707261
6000000093890463936
6000000093890932907
6000000093890938893
6000000093891064889
6000000093991023906
6000000094071223118
6000000094110834046
6000000094112175030
6000000094112185934
6000000094167297890
6000000094167514822
6000000094167613829
6000000094167613833
6000000094167613837
6000000094167613841
6000000094167613845
6000000094167613849
6000000094167613853
6000000094167613899
6000000094167613909
6000000094167613913
6000000094167613917
6000000094167613925
6000000094167613929
6000000094167613937
6000000094167613940
6000000094215258891
6000000094215504855
6000000094314539014
6000000094315245234
6000000094315638194
6000000094449483247
6000000094449623600
6000000094450674278
6000000094451992125
6000000094452133321
6000000094452558958
6000000094452741839
6000000094452986016
6000000094453191833
6000000094521348105
6000000094522510821
6000000094524333845
6000000094524423864
6000000094524543821
6000000094524723821
6000000094525426839
6000000094529526821
6000000094578532835
6000000094640682983
6000000094758909832
6000000094891551876
6000000095079102821
6000000095411644837
6000000095411692853
6000000095411692859
6000000095411692865
6000000095411692871
6000000095411692877
6000000095411692883
6000000095411692889
6000000095411692895
6000000095411692901
6000000095411692907
6000000095411692911
6000000095411692915
6000000095411692919
6000000095411692923
6000000095411692929
6000000095411692935
6000000095411692938
6000000095411692941
6000000095411692944
6000000095411692947
6000000095412634822
6000000095412634825
6000000095412634831
6000000095412634839
6000000095412634847
6000000095412634851
6000000095412634855
6000000095412634859
6000000095412634863
6000000095412634867
6000000095412634875
6000000095412634879
6000000095412634885
6000000095468508858
6000000095618095350
6000000095618686293
6000000095619471019
6000000095619693916
6000000095619846921
6000000095620135896
6000000095783148821
6000000096204927028
6000000096525860840
6000000096666274822
6000000096666274827
6000000096666274832
6000000096714156124
6000000096833002874
6000000096833253855
6000000096833411828
6000000096986804298
6000000096986978249
6000000096989389834
6000000097031234976
6000000097046355884
6000000097161608003
6000000097161967981
6000000097236360839
6000000097298904897
6000000097391593828
6000000097762038504
6000000097762554104
6000000097763216066
6000000097763874039
6000000097764048975
6000000097764124855
6000000097908618998
6000000097910553859
6000000097910553871
6000000097910553878
6000000097910553894
6000000097910553944
6000000097910554032
6000000097910554043
6000000097910554049
6000000097910554066
6000000097910554113
6000000097910554166
6000000097911196822
6000000097911196826
6000000097911196832
6000000097911196838
6000000097911196849
6000000097911196852
6000000097911196859
6000000097911196862
6000000097911196868
6000000097911196871
6000000097911196875
6000000097911196878
6000000097911196884
6000000097911196887
6000000097911196890
6000000097911196893
6000000097911196900
6000000097911196903
6000000097911196907
6000000097911196913
6000000097911196916
6000000098099104837
6000000098155560836
6000000098155560843
6000000098155560846
6000000098155587827
6000000098155587831
6000000098155601830
6000000098155636822
6000000098155636828
6000000098155636842
6000000098155636845
6000000098155654822
6000000098155654832
6000000098155654853
6000000098155654856
6000000098155654859
6000000098155654862
6000000098155673822
6000000098155673826
6000000098155673830
6000000098155673841
6000000098155673850
6000000098155673853
6000000098155692822
6000000098155692830
6000000098155692838
6000000098155692842
6000000098155692846
6000000098155706822
6000000098155706826
6000000098155706837
6000000098155706840
6000000098155719822
6000000098155719826
6000000098155719837
6000000098155719840
6000000098155719843
6000000098155719846
6000000098155719855
6000000098155760825
6000000098231096932
6000000098272624873
6000000098495579945
6000000098523679895
6000000098523774833
6000000098848901896
6000000098849248855
6000000098858178359
6000000098902040821
6000000098972824895
6000000098982229946
6000000099470691904
6000000099476538864
6000000099477275821
6000000099477378821
6000000099608340872
6000000099608340875
6000000099608340878
6000000099608340881
6000000099747138258
6000000099748391868
6000000099748618844
6000000099748638948
6000000099917613067
6000000099960202833
6000000099969598840
6000000099970126841
6000000100251481277
6000000100252752965
6000000100382742864
6000000100714276824
6000000100760881882
6000000100760925854
6000000100959114937
6000000101043788890
6000000101265680832
6000000102067529848
6000000102072900971
6000000102073825872
6000000102076013838
6000000102204704826
6000000102222545832
6000000102223376892
6000000102223413821
6000000102223979845
6000000102224822840
6000000102227354828
6000000102370619161
6000000102370619247
6000000102382238904
6000000102382238910
6000000102382238916
6000000102382238929
6000000102412310839
6000000102487014005
6000000102493200822
6000000102493200836
6000000102493200848
6000000102493200867
6000000102493200873
6000000102493200885
6000000102493200893
6000000102493200901
6000000102493200906
6000000102493200914
6000000102493200928
6000000102493200936
6000000102497708937
6000000102497709112
6000000102497709118
6000000102497709211
6000000102499690975
6000000102534153833
6000000102538904010
6000000102539413840
6000000102540630975
6000000102541898891
6000000102542054859
6000000102574381075
6000000102575409880
6000000102576257843
6000000102634970012
6000000102686551940
6000000102743364051
6000000102785516939
6000000102785615830
6000000102785878830
6000000102795922943
6000000102805014949
6000000102805315845
6000000102814447988
6000000102817470885
6000000102817553081
6000000102817829942
6000000102820180863
6000000102820606831
6000000102842055171
6000000102992457868
6000000102994674610
6000000102997840124
6000000102997917961
6000000102998745886
6000000102998905825
6000000102999183833
6000000103147703823
6000000103148124830
6000000103148485189
6000000103149167867
6000000103150087088
6000000103151300831
6000000103157548098
6000000103172857071
6000000103185426266
6000000103186216829
6000000103186261829
6000000103205511859
6000000103206071984
6000000103262809532
6000000103264048394
6000000103264965568
6000000103265772854
6000000103265811023
6000000103266088016
6000000103266113237
6000000103266869857
6000000103288711022
6000000103297531867
6000000103297531889
6000000103297531897
6000000103297630857
6000000103297630898
6000000103297766875
6000000103297871822
6000000103298010826
6000000103298010834
6000000103298010850
6000000103298247822
6000000103298325836
6000000103298325853
6000000103298325860
6000000103298325872
6000000103298325887
6000000103298325891
6000000103299538862
6000000103299594822
6000000103299649861
6000000103299649868
6000000103299816822
6000000103299816838
6000000103299871855
6000000103300391847
6000000103300391853
6000000103331561357
6000000103332254098
6000000103332635904
6000000103436553918
6000000103512992875
6000000103512992880
6000000103512992913
6000000103519837822
6000000103519837876
6000000103519837970
6000000103550593829
6000000103635159933
6000000103635511823
6000000103650434037
6000000103681947821
6000000103730522229
6000000103730852175
6000000103731794934
6000000103731813911
6000000103733789981
6000000103743381923
6000000103743381931
6000000103743381939
6000000103792762858
6000000103793100846
6000000103793145822
6000000103793663821
6000000103848610171
6000000103848703041
6000000103848772027
6000000103849156854
6000000103852348144
6000000103861200987
6000000103861812117
6000000103862408822
6000000103862479981
6000000103862670878
6000000103862944841
6000000103863094839
6000000103863095860
6000000103863099891
6000000103863152054
6000000103864010863
6000000103864313835
6000000103864395828
6000000103896275154
6000000103896570344
6000000103896624468
6000000103896985186
6000000103897372086
6000000103897372111
6000000103897409154
6000000103897450118
6000000103897473089
6000000103897684043
6000000103897990044
6000000103898186909
6000000103898367874
6000000103898493945
6000000103914655248
6000000103915011124
6000000103921043870
6000000103921559902
6000000103922994002
6000000103923405853
6000000103924022026
6000000103947129073
6000000103968773963
6000000103969536902
6000000103969559922
6000000103969718892
6000000103970492974
6000000103971263929
6000000103971363823
6000000103976295222
6000000103977196883
6000000103978404678
6000000103980104070
6000000103980275877
6000000103980618905
6000000103982818259
6000000103983937850
6000000103984132862
6000000103984463821
6000000103991915918
6000000104003320873
6000000104003410846
6000000104004041833
6000000104031744885
6000000104032364826
6000000104032911826
6000000104051248823
6000000104051937830
6000000104052740821
6000000104053444821
6000000104054328821
6000000104058667831
6000000104059022841
6000000104060333821
6000000104061237821
6000000104062651821
6000000104063077821
6000000104169437926
6000000104169727843
6000000104170080827
6000000104171514844
6000000104171676829
6000000104197177821
6000000104198537821
6000000104198597833
6000000104334062866
6000000104522952671
6000000104524091165
6000000104524387031
6000000104524673232
6000000104524765905
6000000104524989004
6000000104525224987
6000000104525240932
6000000104525457869
6000000104525574960
6000000104525782871
6000000104548718827
6000000104595009076
6000000104595014008
6000000104595043902
6000000104595222864
6000000104595445971
6000000104595478837
6000000104595563875
6000000104595715973
6000000104595724858
6000000104595889929
6000000104596177823
6000000104606691262
6000000104607372417
6000000104607957850
6000000104608726973
6000000104609266961
6000000104609278021
6000000104609897864
6000000104609974893
6000000104610076898
6000000104639951239
6000000104639952106
6000000104640409054
6000000104640465935
6000000104640973980
6000000104642899968
6000000104643877919
6000000104643982945
6000000104644066871
6000000104644522867
6000000104644669024
6000000104676171898
6000000104676761878
6000000104677263821
6000000104677311822
6000000104687919996
6000000104688252031
6000000104689052873
6000000104689606845
6000000104693795316
6000000104694252070
6000000104694501111
6000000104703404838
6000000104703404862
6000000104703404882
6000000104703404888
6000000104703404894
6000000104703404898
6000000104703404902
6000000104703404906
6000000104703404912
6000000104703404916
6000000104703404922
6000000104703404926
6000000104703821858
6000000104703821870
6000000104703821888
6000000104703821892
6000000104703821898
6000000104703821984
6000000104703821993
6000000104703821997
6000000104703822003
6000000104703822009
6000000104704160834
6000000104704160931
6000000104704160934
6000000104704160937
6000000104704160940
6000000104704160944
6000000104704160947
6000000104704160951
6000000104704160955
6000000104704160959
6000000104704160962
6000000104704160973
6000000104761357880
6000000104840416870
6000000104840806822
6000000104841099865
6000000104841288831
6000000104841590852
6000000104841658833
6000000104894191970
6000000104967342829
6000000104967505824
6000000104967507900
6000000104980402084
6000000104980402089
6000000105085608892
6000000105178186821
6000000105187417365
6000000105392834826
6000000105393180836
6000000105776713946
6000000105796148842
6000000106000940526
6000000106062142856
6000000106068398821
6000000106261976945
6000000106263393907
6000000106266565893
6000000106266635895
6000000106266805833
6000000106385921821
6000000106431425835
6000000106439125938
6000000106540126821
6000000106669311905
6000000106933735176
6000000106935583171
6000000106937158017
6000000107003715840
6000000107003715844
6000000107052481943
6000000107052481957
6000000107274168846
6000000107274168859
6000000107274168868
6000000107274168876
6000000107551796059
6000000107552885946
6000000107555410874
6000000107555441843
6000000107690662846
6000000107839921854
6000000107840333885
6000000107843026821
6000000107843934821
6000000107947055882
6000000108560877835
6000000108611924043
6000000108695050165
6000000108705662077
6000000108707343948
6000000108874789980
6000000108879323840
6000000108889752857
6000000109024116883
6000000109089255829
6000000109108609850
6000000109108659876
6000000109116519823
6000000109149325961
6000000109150227983
6000000109150484827
6000000109264707020
6000000109268201975
6000000109354930998
6000000109356846184
6000000109359134957
6000000109388862842
6000000109506373004
6000000109724568984
6000000109725492821
6000000109874290942
6000000109896322095
6000000110050713821
6000000110059395875
6000000110237529922
6000000110500057853
6000000110506964875
6000000110507656824
6000000110541669828
6000000110558933926
6000000110562235822
6000000110563087821
6000000110581306224
6000000110581307337
6000000110583823970
6000000110584221958
6000000110584449877
6000000110588670843
6000000110591950853
6000000110591976831
6000000110591976841
6000000110592000843
6000000110592000862
6000000110592022848
6000000110592051831
6000000110592090822
6000000110807188980
6000000110808012847
6000000110973720836
6000000111074233844
6000000111074604871
6000000111074674821
6000000111101152963
6000000111129243350
6000000111144191967
6000000111147011847
6000000111213096849
6000000111325200885
6000000111333444821
6000000111600659833
6000000111767337842
6000000111818589899
6000000111825364975
6000000111825847904
6000000111835586935
6000000111917636968
6000000111917643988
6000000111918004116
6000000111933473573
6000000111934108172
6000000111934170996
6000000111934776934
6000000111935595848
6000000111935788837
6000000111935885057
6000000111936813922
6000000111941741306
6000000111942697139
6000000111942843078
6000000111943124106
6000000111943365129
6000000111943628943
6000000112065569821
6000000112268820899
6000000112329572850
6000000112390922025
6000000112465865929
6000000112469405978
6000000112470237839
6000000112470296852
6000000112470336920
6000000112470338858
6000000112470384833
6000000112470477822
6000000112470495822
6000000112524750870
6000000112729698837
6000000112730040821
6000000112831758135
6000000112831833955
6000000112831858931
6000000112832260845
6000000112832441026
6000000112832662888
6000000112849876954
6000000112850094964
6000000112850275891
6000000112865257865
6000000112865533851
6000000112865778827
6000000112867536639
6000000112870345217
6000000112870345221
6000000112889684899
6000000112891014080
6000000112891410982
6000000112891620910
6000000112899752024
6000000112902399894
6000000112926958689
6000000112927015097
6000000112927015101
6000000112927658841
6000000112927658845
6000000112927680032
6000000112927739958
6000000112927917182
6000000112927932106
6000000112929715847
6000000112947277028
6000000112947969083
6000000112948164917
6000000112948642836
6000000112951641822
6000000113162198904
6000000113162231832
6000000113373017821
6000000114101504834
6000000114123926987
6000000114124702831
6000000114343982883
6000000114348445017
6000000114349879824
6000000114392021822
6000000114498900826
6000000114500799924
6000000114500828828
6000000114501703824
6000000114502319833
6000000114527459742
6000000114553953827
6000000114554682821
6000000114555692821
6000000114586492862
6000000114621175179
6000000114621429841
6000000114621543987
6000000114621617839
6000000114621632838
6000000114645008905
6000000114645943948
6000000114645943987
6000000114645944002
6000000114645944019
6000000114645944107
6000000114645944123
6000000114645944128
6000000114645944164
6000000114645944180
6000000114646998859
6000000114646998863
6000000114646998867
6000000114646998899
6000000114646998910
6000000114646998914
6000000114646998919
6000000114646998975
6000000114646998988
6000000114646998992
6000000114646999002
6000000114646999022
6000000114646999026
6000000114646999049
6000000114646999058
6000000114646999068
6000000114646999073
6000000114646999080
6000000114646999097
6000000114646999102
6000000114646999118
6000000114646999146
6000000114646999154
6000000114646999162
6000000114646999167
6000000114646999176
6000000114646999187
6000000114647383957
6000000114647384008
6000000114647384014
6000000114647384071
6000000114647384078
6000000114647542885
6000000114647817891
6000000114648132110
6000000114648132122
6000000114648255843
6000000114648255852
6000000114648255875
6000000114648255879
6000000114648346883
6000000114648447880
6000000114648447900
6000000114648831822
6000000114648991905
6000000114648991986
6000000114648991991
6000000114648991996
6000000114648992001
6000000114648992006
6000000114689221988
6000000114689931878
6000000114690237023
6000000114690315822
6000000114690315866
6000000114690456946
6000000114690532822
6000000114690532831
6000000114690694894
6000000114690694912
6000000114690694918
6000000114690744822
6000000114690744828
6000000114690744841
6000000114690744851
6000000114690744861
6000000114690831822
6000000114690831827
6000000114690927891
6000000114691213822
6000000114691283929
6000000114691283941
6000000114691283948
6000000114691283955
6000000114691284072
6000000114691284080
6000000114691284092
6000000114691422865
6000000114691576822
6000000114691703838
6000000114706074843
6000000114706074849
6000000114706074872
6000000114706074881
6000000114706180017
6000000114706180027
6000000114706615822
6000000114706615834
6000000114706615865
6000000114706722822
6000000114706722828
6000000114706722835
6000000114706722846
6000000114706722856
6000000114706722866
6000000114706722877
6000000114708246940
6000000114708246944
6000000114708402838
6000000114708402844
6000000114708402855
6000000114708402867
6000000114708402879
6000000114708594859
6000000114709177857
6000000114709177895
6000000114709177917
6000000114709178013
6000000114709178023
6000000114709178032
6000000114709178085
6000000114768318860
6000000114768400840
6000000114768400896
6000000114768400916
6000000114768400926
6000000114768400936
6000000114768400946
6000000114768400956
6000000114768400966
6000000114811976954
6000000114812158854
6000000114812199823
6000000114812518867
6000000114812645834
6000000114812645857
6000000114812645868
6000000114812690902
6000000114812690914
6000000114812690934
6000000114812690949
6000000114812690977
6000000114812935214
6000000114812935224
6000000114812935247
6000000114813425870
6000000114813425906
6000000114813854002
6000000114814402870
6000000114815517977
6000000114815518008
6000000114815518019
6000000114835039911
6000000114835039917
6000000114835039922
6000000114837282322
6000000114840154822
6000000114840154830
6000000114840154838
6000000114840154842
6000000114840439822
6000000114840439831
6000000114840439841
6000000114840439846
6000000114840450823
6000000114862408093
6000000114863771883
6000000114872807036
6000000114872967834
6000000114872986840
6000000114873188821
6000000114873494878
6000000114873942835
6000000114874568921
6000000114919806897
6000000114919884821
6000000114920201821
6000000114920528821
6000000114921018821
6000000114921324821
6000000114921649821
6000000114922010821
6000000114922078877
6000000114922695852
6000000114951755844
6000000115154999895
6000000115155122896
6000000115155370902
6000000115186431824
6000000115186431833
6000000115186656822
6000000115186656828
6000000115186740822
6000000115187255844
6000000115187255859
6000000115187255864
6000000115187255879
6000000115187255889
6000000115187255902
6000000115187255912
6000000115227830965
6000000115229692867
6000000115229692879
6000000115229692902
6000000115229692942
6000000115229692951
6000000115229692960
6000000115229776838
6000000115229776862
6000000115229776873
6000000115229914822
6000000115229914829
6000000115229914842
6000000115229963865
6000000115229963882
6000000115229963887
6000000115229963892
6000000115229963902
6000000115327027918
6000000115328324835
6000000115407313864
6000000115407313892
6000000115407313898
6000000115413541854
6000000115413541862
6000000115413541879
6000000115413541889
6000000115413541895
6000000115413541905
6000000115413541915
6000000115413541918
6000000115413709888
6000000115413709897
6000000115413709906
6000000115413842828
6000000115413982958
6000000115415431822
6000000115415431827
6000000115415567822
6000000115415709830
6000000115415986970
6000000115416163822
6000000115416620822
6000000115416620829
6000000115417049822
6000000115417315854
6000000115417315913
6000000115417486010
6000000115418956869
6000000115418956888
6000000115418956990
6000000115418957002
6000000115418957014
6000000115418957058
6000000115420461829
6000000115420461998
6000000115420462018
6000000115420462110
6000000115420462122
6000000115420462128
6000000115420462151
6000000115420462163
6000000115775045822
6000000115775045838
6000000115775045848
6000000115775045858
6000000115775045868
6000000115775045878
6000000115775739892
6000000115775739928
6000000115775739934
6000000115775739940
6000000115775739945
6000000115775739950
6000000115775739992
6000000115775740006
6000000115775740013
6000000115775740019
6000000115775740028
6000000115775740047
6000000115775740124
6000000115775740146
6000000115775740173
6000000115775740226
6000000115778524861
6000000115778524866
6000000115778524871
6000000115778524876
6000000115778524881
6000000115778524899
6000000115778524950
6000000115778524957
6000000115778524964
6000000115778524970
6000000115778524993
6000000115778525025
6000000115778525044
6000000115778525065
6000000115778525079
6000000115778525091
6000000115779504968
6000000115782061010
6000000115782061144
6000000115784744822
6000000115790718831
6000000115792077919
6000000115792077930
6000000115792077959
6000000115792077971
6000000115792077982
6000000115792077993
6000000115792077999
6000000115792078012
6000000115792078022
6000000115803924822
6000000115803924847
6000000115824765822
6000000115825068838
6000000115825068867
6000000115825068873
6000000115825068883
6000000115825068893
6000000115825068903
6000000115825068932
6000000115825146165
6000000115825349869
6000000115825484302
6000000115825484386
6000000115825484414
6000000115825484430
6000000115825718844
6000000115825718881
6000000115825840928
6000000115825864871
6000000115825864883
6000000115825864893
6000000115825864903
6000000115825864913
6000000115825864923
6000000115826039933
6000000115826039952
6000000115826039993
6000000115826729827
6000000115826942822
6000000115904149837
6000000115904552833
6000000115912044833
6000000115919120845
6000000115919120868
6000000115919120878
6000000115919120886
6000000115921577831
6000000115921831827
6000000115921993844
6000000115922240821
6000000115927653822
6000000115931245821
6000000115931385824
6000000115932170826
6000000115932794821
6000000115933135833
6000000115933518847
6000000115933948833
6000000115935995843
6000000115936455821
6000000115936680830
6000000115937465833
6000000115937846821
6000000115938493821
6000000115939077821
6000000115939875821
6000000116219738826
6000000116219800822
6000000116219800844
6000000116219800856
6000000116219800868
6000000116219800880
6000000116219800890
6000000116219800900
6000000116219800911
6000000116219800922
6000000116219800944
6000000116219800959
6000000116219800969
6000000116219800974
6000000116219800980
6000000116219800990
6000000116222236828
6000000116222499862
6000000116222728822
6000000116332631843
6000000116352367317
6000000116353463850
6000000116354293868
6000000116354412947
6000000116357061339
6000000116358513855
6000000116358723896
6000000116367945176
6000000116369443053
6000000116404075935
6000000116404087936
6000000116404657912
6000000116404731972
6000000116404800897
6000000116405097862
6000000116436989016
6000000116438267875
6000000116438758853
6000000116856239961
6000000116939391822
6000000117366223872
6000000117626078026
6000000117628262886
6000000117629198111
6000000117629598025
6000000117629866741
6000000117632074821
6000000117632643014
6000000117632893015
6000000117715484864
6000000117716156846
6000000117730498025
6000000117730542822
6000000117736819834
6000000117736819841
6000000117738716851
6000000117791321864
6000000117840418857
6000000117841739834
6000000117841908828
6000000117911755844
6000000117912030821
6000000117912423821
6000000117912718821
6000000117912733832
6000000117912822821
6000000117913145854
6000000117913682824
6000000117914192847
6000000117914210831
6000000118240329849
6000000118402179068
6000000118458664869
6000000118621501904
6000000118831069906
6000000118847091857
6000000118865276828
6000000118877679833
6000000119122850850
6000000119138940851
6000000119527945918
6000000119556432833
6000000119776424821
6000000119783747841
6000000120078998844
6000000120078998855
6000000120078998867
6000000120130168827
6000000120632681898
6000000120689704896
6000000120690349873
6000000120692984821
6000000120693550821
6000000120739290124
6000000120739290130
6000000120739290139
6000000120739290148
6000000120739290157
6000000120739290166
6000000120739290175
6000000120739290182
6000000120739290191
6000000120739290207
6000000120739290216
6000000120860586837
6000000120956970106
6000000121126333856
6000000121129140979
6000000121129695965
6000000121129738915
6000000121130089821
6000000121130139915
6000000121202360869
6000000121216615840
6000000121376525924
6000000121396145844
6000000121574040822
6000000121866827891
6000000121866828949
6000000121878371914
6000000121951854503
6000000122051553863
6000000122412915821
6000000122453716915
6000000122453956840
6000000122507038920
6000000122508468889
6000000122508538924
6000000122542544188
6000000122543444823
6000000122557647069
6000000122559283875
6000000122637154114
6000000122637877352
6000000122638000108
6000000122638036029
6000000122638074087
6000000122638348068
6000000122638370946
6000000122638399902
6000000122638588854
6000000122638724889
6000000122638761829
6000000122721719969
6000000122721961875
6000000122725258074
6000000122725640844
6000000123047170838
6000000123192659821
6000000123252037052
6000000123253432854
6000000123253519870
6000000123281454846
6000000123456443911
6000000123456443945
6000000123456443952
6000000123456443972
6000000123456443986
6000000123456443993
6000000123456444009
6000000123456444018
6000000123456444034
6000000123467807068
6000000123731579065
6000000123745045923
6000000124211153841
6000000124234864855
6000000124241794319
6000000124252807015
6000000124256799944
6000000124369641009
6000000124601549142
6000000124612701822
6000000124614089821
6000000124660539835
6000000124800239045
6000000124801302931
6000000124802044880
6000000124802375862
6000000125029643988
6000000125170898852
6000000125185996950
6000000125186874861
6000000125199352888
6000000125317566978
6000000125318001846
6000000125318663837
6000000125320582845
6000000125321020866
6000000125324252081
6000000125324995827
6000000125373733925
6000000125865914909
6000000125870693884
6000000125870693928
6000000125870693950
6000000125870693968
6000000125870694204
6000000125870694208
6000000125870694235
6000000125870694244
6000000125870694255
6000000125870694266
6000000125875159847
6000000126031041862
6000000126031334822
6000000126032075821
6000000126090041873
6000000126132067889
6000000126189135956
6000000126189345906
6000000126203987072
6000000126484077821
6000000127071646822
6000000127071646829
6000000127071740845
6000000127071859822
6000000127071859842
6000000127071859869
6000000127071859873
6000000127071859877
6000000127071859882
6000000127071859885
6000000127071859890
6000000127072299832
6000000127072299840
6000000127072299851
6000000127072299861
6000000127072561822
6000000127072561871
6000000127072561888
6000000127072561893
6000000127072561918
6000000127072924993
6000000127072925003
6000000127072925013
6000000127072925019
6000000127072925027
6000000127072925034
6000000127072925038
6000000127073079833
6000000127073079840
6000000127073079847
6000000127073079870
6000000127073079875
6000000127073079882
6000000127073079887
6000000127073079893
6000000127073079897
6000000127073079904
6000000127137418868
6000000127208892828
6000000127208895831
6000000127320216161
6000000127360885887
6000000127654472918
6000000127704209994
6000000127761933841
6000000127762416822
6000000127763244821
6000000127763544821
6000000127763687821
6000000127888864821
6000000127889031821
6000000127912028033
6000000127914162822
6000000128486793926
6000000128550146840
6000000128550222828
6000000129021887869
6000000129045194932
6000000129048001381
6000000129049480124
6000000129049838464
6000000129050905862
6000000129050947902
6000000129052086884
6000000129318369100
6000000129325616902
6000000129557901945
6000000129557926908
6000000129562486879
6000000129562981070
6000000129563692871
6000000129563890855
6000000129872674917
6000000129872842954
6000000129873083834
6000000129873499941
6000000129873778020
6000000129873964940
6000000129874087827
6000000129894489821
6000000129935236957
6000000129939880831
6000000129940332858
6000000129941237824
6000000129942577849
6000000129947475822
6000000130103254874
6000000130104429822
6000000130104827871
6000000130190932131
6000000130191415893
6000000130191495876
6000000130191651883
6000000130191678854
6000000130191739835
6000000130191833833
6000000130192073908
6000000130226903866
6000000130264365862
6000000130784783833
6000000130785878925
6000000130868290822
6000000130871591821
6000000131056086945
6000000131279868848
6000000131280534881
6000000131280569837
6000000131280657826
6000000131473971969
6000000131482224077
6000000131483082969
6000000131483218946
6000000131483510460
6000000131483664975
6000000131485582821
6000000131494051829
6000000131494522842
6000000131494848821
6000000131545016933
6000000131545053947
6000000131545466821
6000000131705132318
6000000131705343187
6000000131705730155
6000000131706279056
6000000131706635846
6000000131708644885
6000000131708810969
6000000131708945823
6000000131754244879
6000000131755476969
6000000131756364846
6000000131756739897
6000000131758449877
6000000131775401846
6000000131776951847
6000000132021329995
6000000132268552872
6000000132268578886
6000000132268869829
6000000132268926857
6000000132334979080
6000000132403496866
6000000132428144179
6000000132428809006
6000000132429197861
6000000132429530824
6000000132455858008
6000000132607138885
6000000132607651834
6000000132843297315
6000000132844350149
6000000132844486158
6000000132844868975
6000000132844992911
6000000133028952821
6000000133432001259
6000000133898764822
6000000133898764833
6000000134548358981
6000000134679700821
6000000134767998835
6000000134768446948
6000000134883070832
6000000134970957848
6000000134970975848
6000000135068971881
6000000135070390879
6000000135070706950
6000000135071006837
6000000135085525917
6000000135085906849
6000000135191087840
6000000135294679895
6000000135307508849
6000000135392479054
6000000135393299892
6000000135393299896
6000000135393299902
6000000135393299905
6000000135393299929
6000000135393299951
6000000135396276831
6000000135396276842
6000000135451043821
6000000135537685091
6000000135538409113
6000000135538697052
6000000135539393904
6000000135539773831
6000000135539797873
6000000135539866843
6000000135540114899
6000000135540158877
6000000135540463833
6000000135540482868
6000000135541036821
6000000135541094824
6000000135541114911
6000000135541172822
6000000135541601859
6000000135541682867
6000000135541705888
6000000135559011899
6000000135560414465
6000000135561715012
6000000135561996992
6000000135562050953
6000000135562548856
6000000135562853847
6000000135565064851
6000000135565188848
6000000135566126019
6000000135566880903
6000000135615503972
6000000135666090180
6000000135667362028
6000000135728004169
6000000135728101141
6000000135728204025
6000000135728342947
6000000135728435995
6000000135728661006
6000000135729127855
6000000135729381835
6000000135768432119
6000000135769462021
6000000135769504962
6000000135770029029
6000000135770473922
6000000135770666822
6000000135770778897
6000000135770794887
6000000135770887859
6000000135771010891
6000000135771062937
6000000135771509945
6000000135771588866
6000000135771887829
6000000135794465878
6000000135794608837
6000000135839029901
6000000136064214925
6000000136206298821
6000000136275504850
6000000136275504859
6000000136275504868
6000000136275504875
6000000136275504882
6000000136275504889
6000000136275504898
6000000136275504990
6000000136326376878
6000000136338510954
6000000136340051821
6000000136516183286
6000000136652638485
6000000136694716822
6000000136753645821
6000000136753854825
6000000136803068171
6000000136808394976
6000000136809648898
6000000136860176828
6000000136884259914
6000000136917056822
6000000136924525273
6000000136942308902
6000000136960378869
6000000136974799043
6000000136974866022
6000000136975146932
6000000136975261825
6000000136977358888
6000000136978537130
6000000136978702872
6000000136979485917
6000000136979488092
6000000136980143850
6000000136980200827
6000000137017134397
6000000137020598998
6000000137021057847
6000000137021147821
6000000137021929866
6000000137022021850
6000000137022149869
6000000137022606876
6000000137022762886
6000000137022823822
6000000137022946911
6000000137023104914
6000000137023612880
6000000137023871897
6000000137024007821
6000000137024319821
6000000137024522844
6000000137024565872
6000000137024575910
6000000137024639839
6000000137024652846
6000000137024760821
6000000137024841849
6000000137025309836
6000000137033738215
6000000137037266850
6000000137037405851
6000000137037606821
6000000137037614824
6000000137037793838
6000000137037816829
6000000137038068821
6000000137050794821
6000000137157070825
6000000137157462874
6000000137161913060
6000000137163856847
6000000137164210840
6000000137164434901
6000000137164765919
6000000137164992825
6000000137165459821
6000000137166046855
6000000137166494861
6000000137166522830
6000000137166718834
6000000137167183821
6000000137340494970
6000000137340750965
6000000137340772969
6000000137340798928
6000000137341524821
6000000137415412821
6000000137415489831
6000000137435259821
6000000137435567821
6000000137549801821
6000000137561226853
6000000137561226903
6000000137566019883
6000000137566878850
6000000137567302855
6000000137585905271
6000000137587288834
6000000137587292866
6000000137609014943
6000000137624629075
6000000137625828895
6000000137626044903
6000000137626136829
6000000137626288847
6000000137626298841
6000000137626431821
6000000137626460957
6000000137626468821
6000000137626485844
6000000137626655853
6000000137627717892
6000000137627958936
6000000137628039827
6000000137628381867
6000000137628448860
6000000137628466869
6000000137628680821
6000000137628728826
6000000137628758822
6000000137651907821
6000000137652463835
6000000137653021849
6000000137653547825
6000000137665950845
6000000137666738831
6000000137666837821
6000000137666994851
6000000137667229821
6000000137667379821
6000000137667622843
6000000137667816822
6000000137668089821
6000000137668156853
6000000137668338822
6000000137669056824
6000000137669791922
6000000137669807837
6000000137686295829
6000000137686641069
6000000137687443821
6000000137687465845
6000000137687566828
6000000137687656843
6000000137689745821
6000000137690529823
6000000137691171833
6000000137691642834
6000000137693948874
6000000137695293857
6000000137696198832
6000000137696631844
6000000137696991841
6000000137697056821
6000000137697476839
6000000137697799821
6000000137697826836
6000000137705230846
6000000137705766821
6000000137814783821
6000000137817221925
6000000137817481831
6000000137818125880
6000000137818751833
6000000137855747821
6000000137998686822
6000000137998741829
6000000137998741840
6000000137998847822
6000000137998847828
6000000137998847832
6000000138020817911
6000000138218090822
6000000138218381840
6000000138221722821
6000000138232217840
6000000138235468821
6000000138235555821
6000000138235690825
6000000138332545821
6000000138525666919
6000000138528723272
6000000138531037822
6000000138531713991
6000000138531852821
6000000138532164167
6000000138534138932
6000000138750013927
6000000138955474329
6000000138956521031
6000000139140889821
6000000139198812861
6000000139199011821
6000000139199122838
6000000139199327838
6000000139199345833
6000000139319319890
6000000139328394828
6000000139328394837
6000000139328394846
6000000139329172822
6000000139329172829
6000000139425979341
6000000139427828868
6000000139446803141
6000000139447867842
6000000139448042834
6000000139520512838
6000000139620939889
6000000139626223054
6000000139628285821
6000000139822190821
6000000139839318842
6000000139840240821
6000000139885460180
6000000139893912229
6000000139910506854
6000000139912602833
6000000140026859821
6000000140100127537
6000000140101194179
6000000140102995821
6000000140112056832
6000000140112056904
6000000140112297850
6000000140112297986
6000000140112297992
6000000140112298058
6000000140112298119
6000000140112298125
6000000140132692141
6000000140132692150
6000000140132692157
6000000140132692164
6000000140132692171
6000000140132692180
6000000140132692187
6000000140185508100
6000000140186871895
6000000140186875929
6000000140223000978
6000000140223076946
6000000140223930859
6000000140223999865
6000000140245164014
6000000140245851821
6000000140250606993
6000000140250665931
6000000140311024856
6000000140434694878
6000000140469303833
6000000140551191821
6000000140755224927
6000000140769743872
6000000141038342133
6000000141041657878
6000000141043231901
6000000141045235104
6000000141045949960
6000000141046348839
6000000141047665829
6000000141072154498
6000000141073158931
6000000141073168927
6000000141073184911
6000000141073490835
6000000141073841173
6000000141074473879
6000000141074597829
6000000141074675824
6000000141075028904
6000000141075392898
6000000141075440843
6000000141075455835
6000000141075561821
6000000141142393031
6000000141143323895
6000000141353213659
6000000141356216910
6000000141356428884
6000000141374521084
6000000141736498823
6000000141809917839
6000000141947074937
6000000142019015828
6000000142094314906
6000000142094538537
6000000142095863045
6000000142096063041
6000000142096202898
6000000142126902826
6000000142126902832
6000000142126902854
6000000142439911903
6000000142444319932
6000000142505224821
6000000142506181821
6000000142506657821
6000000142507534821
6000000142508571835
6000000142818643111
6000000142832767824
6000000142836263827
6000000142893464835
6000000143160738994
6000000143161283864
6000000143176404858
6000000143197590950
6000000143197960899
6000000143203951033
6000000143242586920
6000000143316134860
6000000143322696232
6000000143565488995
6000000143704034821
6000000143818019904
6000000143818134873
6000000143818362822
6000000143818593908
6000000143819079871
6000000143819097280
6000000143819170829
6000000143820068061
6000000143820279972
6000000143820703833
6000000143942873864
6000000143976123107
6000000144039604829
6000000144039604856
6000000144162299716
6000000144163309124
6000000144164624857
6000000144164756075
6000000144164780842
6000000144164849938
6000000144164953930
6000000144164994830
6000000144165361098
6000000144165695960
6000000144165832976
6000000144166168915
6000000144166192006
6000000144166463897
6000000144166463940
6000000144166777867
6000000144166839906
6000000144166839911
6000000144166855874
6000000144167004859
6000000144167076876
6000000144167129832
6000000144167214865
6000000144167320867
6000000144167476835
6000000144167505831
6000000144167582821
6000000144167585830
6000000144500405648
6000000144530899822
6000000144531240827
6000000144532572821
6000000144610930830
6000000144612359821
6000000144613479821
6000000144613759821
6000000144613887821
6000000144613978821
6000000144630850851
6000000144632820832
6000000144656519330
6000000144658001122
6000000144658107916
6000000144662201041
6000000144662763031
6000000144663401889
6000000144663435022
6000000144663473926
6000000144663612902
6000000144663826853
6000000144663912873
6000000144664236978
6000000144664759835
6000000144725974195
6000000144726674041
6000000144727249127
6000000144727574946
6000000144728005832
6000000144745778920
6000000144746274849
6000000144746456821
6000000144786650028
6000000144787744960
6000000144788232888
6000000144788301878
6000000144788399911
6000000144788576860
6000000144814223930
6000000145359805838
6000000145516612541
6000000145791184832
6000000145851253874
6000000145851848963
6000000145852054969
6000000145852120051
6000000145852541833
6000000145871337870
6000000145887359855
6000000145929873934
6000000145930111837
6000000145959729074
6000000146007804835
6000000146026766056
6000000146026980011
6000000146027000085
6000000146027105964
6000000146027532843
6000000146027609826
6000000146027722823
6000000146147268833
6000000146147268946
6000000146147269047
6000000146224393921
6000000146225843916
6000000146308510860
6000000146308516972
6000000146310321821
6000000146366200821
6000000146782459821
6000000146786747871
6000000146796020914
6000000146807627873
6000000146819817305
6000000146999134952
6000000146999358862
6000000146999433846
6000000146999755853
6000000147121329863
6000000147136949014
6000000147137226906
6000000147513814821
6000000147514808857
6000000147515071833
6000000147516567833
6000000147516949821
6000000147517131834
6000000147517709823
6000000147559057821
6000000147568601821
6000000147635318840
6000000147798365860
6000000147829857864
6000000148345422883
6000000148345606872
6000000148532576834
6000000148784814858
6000000148803889821
6000000148804006822
6000000148860981474
6000000148862397970
6000000148862669877
6000000148862789178
6000000148864653586
6000000148865368171
6000000148865493081
6000000148866058895
6000000148866328859
6000000148866397821
6000000148890293892
6000000148890442838
6000000148908386941
6000000148908862918
6000000148982258835
6000000149531612978
6000000149531698919
6000000149531717871
6000000149544096451
6000000149547734843
6000000149547744941
6000000149547896824
6000000149553869828
6000000149588453851
6000000149610045163
6000000149640194864
6000000149640496834
6000000149776856822
6000000149881770863
6000000150122736821
6000000150190739826
6000000150191216821
6000000150392166878
6000000150392184878
6000000150401906873
6000000150522621825
6000000150581073822
6000000150583690882
6000000150584687927
6000000150585907822
6000000150586076895
6000000150586821821
6000000150646355832
6000000150646746934
6000000150647080884
6000000150647188871
6000000150647295862
6000000150647511826
6000000150770872100
6000000150770885116
6000000150770923013
6000000150770979000
6000000150770986158
6000000150771026092
6000000150771028138
6000000150771079077
6000000150771104071
6000000150771136053
6000000150771190096
6000000150771195134
6000000150771196072
6000000150771216025
6000000150771222072
6000000150771312050
6000000150771325148
6000000150771408063
6000000150771441980
6000000150771610991
6000000150771610996
6000000150771620988
6000000150771703951
6000000150771711941
6000000150771765934
6000000150771798860
6000000150771805889
6000000150771874854
6000000150771891865
6000000150771943896
6000000150771977822
6000000150772004847
6000000150772005828
6000000150772076821
6000000150772165821
6000000150781422888
6000000150782426847
6000000150782534828
6000000150977977853
6000000150977986894
6000000150978280984
6000000150979238823
6000000150979449831
6000000150979491822
6000000150980075824
6000000150980308821
6000000151135996868
6000000151136442849
6000000151136965066
6000000151137298043
6000000151137927870
6000000151137974835
6000000151138180904
6000000151331230849
6000000151528382048
6000000151528883114
6000000151529602882
6000000151532980945
6000000151542577821
6000000151634085068
6000000151634200981
6000000151636277875
6000000151655562344
6000000151656093205
6000000151656740885
6000000151656960872
6000000151658272158
6000000151658875863
6000000151659007927
6000000151659069921
6000000151659099888
6000000151659116822
6000000151659460937
6000000151659624879
6000000151659632922
6000000151670337901
6000000151969459829
6000000151969821829
6000000152295929821
6000000152302800875
6000000152303141874
6000000152330571864
6000000152352636076
6000000152353337011
6000000152353717901
6000000152353808869
6000000152353966873
6000000152354142870
6000000152669660822
6000000152669660843
6000000152669660888
6000000152669660901
6000000152669660911
6000000152669660922
6000000152669660933
6000000152669660960
6000000152669660967
6000000152669660974
6000000152669660981
6000000152669660987
6000000152669660995
6000000152669661006
6000000152669740822
6000000152670044965
6000000152711256852
6000000152711287939
6000000152788282837
6000000152958473822
6000000153230684859
6000000153262885960
6000000153262885970
6000000153262886003
6000000153262886012
6000000153262886118
6000000153262886127
6000000153636384832
6000000153641908833
6000000153707258902
6000000153929142983
6000000154016583830
6000000154019714842
6000000154156222833
6000000154156468837
6000000154156818821
6000000154558759875
6000000154595233821
6000000154646732827
6000000154647110821
6000000154655406000
6000000154656489927
6000000154665817958
6000000154666746835
6000000154668456969
6000000154669345981
6000000154669815822
6000000154672930967
6000000154685984879
6000000154738467884
6000000154805249833
6000000154815930821
6000000154818034821
6000000154825138822
6000000154850253056
6000000154850316850
6000000154850445939
6000000154851863875
6000000154853918842
6000000155597416823
6000000155610048864
6000000156550448828
6000000156551568826
6000000156551580823
6000000156557587878
6000000156558083954
6000000156561540822
6000000156589145824
6000000156856323057
6000000156856323066
6000000156856323072
6000000156856323090
6000000157026228969
6000000157026228997
6000000157026229006
6000000157049410926
6000000157049410935
6000000157049410944
6000000157049410953
6000000157062530842
6000000157062530850
6000000157079165026
6000000157634478899
6000000157636715912
6000000157637016856
6000000157637186837
6000000157637544929
6000000157877794894
6000000158201088821
6000000158203851821
6000000158204316821
6000000158205515821
6000000158205719830
6000000158209984821
6000000158272277921
6000000158272974852
6000000158272974876
6000000158272974884
6000000158835908821
6000000158846024855
6000000158846334827
6000000158872350822
6000000158872586821
6000000158900553870
6000000158900553877
6000000159551760859
6000000159831123830
6000000159942902877
6000000159943310865
6000000159944326841
6000000159948710828
6000000159954411830
6000000159956966835
6000000159956993821
6000000160185032826
6000000160186525845
6000000160209706823
6000000160210959835
6000000160258016821
6000000160258103890
6000000160258165827
6000000160258192861
6000000160259142821
6000000160259882833
6000000160259930821
6000000160262585848
6000000160262716823
6000000160262974826
6000000160265038824
6000000160265146832
6000000160346991821
6000000160347356823
6000000160361429829
6000000160492942823
6000000160925475839
6000000160942538832
6000000160943329833
6000000160944324825
6000000160951860821
6000000160958782821
6000000160959611833
6000000160963137840
6000000160964524829
6000000160966825823
6000000160967000841
6000000161146122821
6000000161214885821
6000000161216103821
6000000161223986821
6000000161242134844
6000000161297027821
6000000161297607822
6000000161313386821
6000000161317780824
6000000161319060833
6000000161320258821
6000000161321270821
6000000161322009821
6000000161322524825
6000000161323364821
6000000161323840831
6000000161327958828
6000000161330378953
6000000161330438855
6000000161330539837
6000000161395357857
6000000161419232822
6000000161485833918
6000000161485890955
6000000161487113829
6000000161510684902
6000000161512422882
6000000161538769877
6000000161539137854
6000000161539366823
6000000161539399875
6000000161539514844
6000000161547961940
6000000161548228827
6000000161548466881
6000000161548734937
6000000161549099870
6000000161549304852
6000000161549419887
6000000161549431822
6000000161550403857
6000000161553595848
6000000161554750878
6000000161624201834
6000000161948885832
6000000161949631842
6000000161949661946
6000000161950752821
6000000161952850843
6000000161952952821
6000000161953255833
6000000161953281839
6000000161958353841
6000000161985121013
6000000161985709855
6000000161987150894
6000000162106548821
6000000162112558854
6000000162153892833
6000000162158351821
6000000162159749822
6000000162173235826
6000000162173307846
6000000162173612821
6000000162182146821
6000000162184075821
6000000162202310821
6000000162202597821
6000000162227230822
6000000162230395821
6000000162231629821
6000000162275033949
6000000162303356833
6000000162307129867
6000000162320355836
6000000162321222824
6000000162360170821
6000000162367790821
6000000162373300827
6000000162418475825
6000000162422172821
6000000162428940821
6000000163441491887
6000000163484928821
6000000163560921978
6000000163564515946
6000000163594846822
6000000163594846829
6000000163729885821
6000000163853540931
6000000164012239823
6000000164012622821
6000000164294675230
6000000164299045051
6000000164300589992
6000000164302312839
6000000164435621835
6000000164461817010
6000000164557736833
6000000164699597833
6000000164922896066
6000000164923246047
6000000164924658886
6000000164924711862
6000000164924917844
6000000164924928872
6000000164924969919
6000000164925088829
6000000164925113904
6000000164925144852
6000000164925162821
6000000164925169845
6000000164925190896
6000000164925411842
6000000164925457836
6000000164925477826
6000000164925608825
6000000164925721824
6000000164925776825
6000000164925843876
6000000164925863879
6000000164925906821
6000000164925955882
6000000164926148834
6000000164926154828
6000000164926187824
6000000164926529821
6000000164981391331
6000000164985631983
6000000164990089847
6000000164990093834
6000000164990139821
6000000164990196832
6000000164990224821
6000000164990715831
6000000165134153656
6000000165166546034
6000000165166706973
6000000165166872929
6000000165166970933
6000000165168308017
6000000165168516982
6000000165168652883
6000000165168828853
6000000165168899840
6000000165174507994
6000000165174931941
6000000165174978932
6000000165175105899
6000000165175146894
6000000165175247878
6000000165175463906
6000000165200311827
6000000165200453822
6000000165241198821
6000000165241432839
6000000165241546821
6000000165241903825
6000000165245604827
6000000165246650829
6000000165247459821
6000000165249180841
6000000165249260821
6000000165249450828
6000000165250160821
6000000165250412822
6000000165250631821
6000000165250783821
6000000165263459832
6000000165263471822
6000000165263521830
6000000165264028821
6000000165266242834
6000000165266706829
6000000165266831822
6000000165268585822
6000000165275444825
6000000165275519836
6000000165275671832
6000000165276068821
6000000165278968821
6000000165279167821
6000000165352428063
6000000165358226102
6000000165358866997
6000000165358992963
6000000165359438835
6000000165360099835
6000000165445194821
6000000165530404161
6000000165532118248
6000000165534078914
6000000165548828018
6000000165554657837
6000000165620072304
6000000165625523953
6000000165625689975
6000000165625711993
6000000165625734964
6000000165626240846
6000000165784738840
6000000166019359827
6000000166019989864
6000000166197652199
6000000166199009886
6000000166200180843
6000000166200245840
6000000166359873823
6000000166692337862
6000000166772362890
6000000167138584829
6000000167187250821
6000000167372829010
6000000167446987826
6000000167565954829
6000000167579200874
6000000167579700825
6000000167600756822
6000000167600756833
6000000167965051247
6000000167966377970
6000000167967112878
6000000167967316827
6000000167968128821
6000000168040199845
6000000168040460821
6000000168041617844
6000000168044926821
6000000168045921826
6000000168047111829
6000000168055104822
6000000168497048822
6000000168497048825
6000000168612823834
6000000168613936821
6000000168862921883
6000000168884475870
6000000168920067178
6000000168951099020
6000000168987225495
6000000169296503099
6000000169296943003
6000000169597476946
6000000169597634823
6000000169608820038
6000000169609038117
6000000169609312913
6000000169800643194
6000000169800707194
6000000169801068882
6000000169803198998
6000000170010636857
6000000170273684821
6000000170343079856
6000000170405870960
6000000170406053966
6000000170406061107
6000000170406072038
6000000170406657831
6000000170406672860
6000000170406867870
6000000170406869870
6000000170426433903
6000000170676096941
6000000170676311843
6000000170676432916
6000000170676771902
6000000170677926199
6000000170679618867
6000000170683544455
6000000170684731880
6000000170821771141
6000000170821940010
6000000171057969893
6000000171058268960
6000000171306281872
6000000171308788838
6000000171720264126
6000000171735195276
6000000171737311898
6000000171737856833
6000000171738346824
6000000171836831423
6000000171838612153
6000000171871967204
6000000171932337972
6000000171932774892
6000000171936177097
6000000171936636363
6000000171937339983
6000000171937572868
6000000171938494254
6000000171962063931
6000000172365436695
6000000172367033069
6000000172374371048
6000000172651060821
6000000172653252089
6000000172654998357
6000000172655646118
6000000172655919945
6000000172720987000
6000000172722752869
6000000172723046290
6000000172789054949
6000000172871863123
6000000172872185305
6000000172872283943
6000000172872780844
6000000173035518346
6000000173036739950
6000000173037075918
6000000173139788139
6000000173212483011
6000000173218831331
6000000173331643111
6000000173398495863
6000000173423391097
6000000173572807927
6000000173585096543
6000000173586036221
6000000173611846238
6000000173611856201
6000000173612107098
6000000173612392965
6000000173634921429
6000000173636143037
6000000173645320834
6000000173660294588
6000000173661935593
6000000173663463972
6000000173674222921
6000000173674799348
6000000173675527035
6000000173675856019
6000000173675911104
6000000173675919946
6000000173675941887
6000000173676501976
6000000173677619854
6000000173678137511
6000000173678559357
6000000173678803335
6000000173680843846
6000000173681045910
6000000173706890931
6000000173713743961
6000000173720932551
6000000173727668743
6000000173729401933
6000000173729544918
6000000173729757959
6000000173729911881
6000000173746380144
6000000173746425203
6000000173779219055
6000000173779615927
6000000173779974889
6000000173795727667
6000000173796341184
6000000173863540445
6000000173907762193
6000000173908605114
6000000173908626017
6000000173909085831
6000000173918333849
6000000173931060239
6000000173963495585
6000000173965149927
6000000173965175484
6000000173983409732
6000000173984460451
6000000173996184792
6000000173996404215
6000000173997880982
6000000173998190025
6000000173998264828
6000000174035178853
6000000174046132004
6000000174057232260
6000000174058091904
6000000174058250275
6000000174071744273
6000000174071826342
6000000174072065001
6000000174072243952
6000000174072639976
6000000174072650852
6000000174103744150
6000000174103800767
6000000174104034588
6000000174104036330
6000000174104318656
6000000174104432185
6000000174104781213
6000000174104809349
6000000174105004090
6000000174105052193
6000000174105183860
6000000174105322821
6000000174105375034
6000000174105405007
6000000174105497138
6000000174105632913
6000000174162804152
6000000174162905043
6000000174163132993
6000000174163279015
6000000174163421876
6000000174239616663
6000000174240774195
6000000174241032086
6000000174241099164
6000000174241259037
6000000174246833350
6000000174246980168
6000000174247452132
6000000174247562194
6000000174247611357
6000000174247707193
6000000174247851824
6000000174247917073
6000000174247972102
6000000174247980997
6000000174248418887
6000000174248725832
6000000174257640010
6000000174302264395
6000000174302506257
6000000174303875024
6000000174307154865
6000000174335369913
6000000174356433822
6000000174356565822
6000000174356565825
6000000174356565829
6000000174356565832
6000000174356565835
6000000174356565838
6000000174356565848
6000000174356587839
6000000174356587855
6000000174356607822
6000000174356607826
6000000174356607831
6000000174356607835
6000000174356607848
6000000174356607852
6000000174356625848
6000000174356625851
6000000174356625862
6000000174356819950
6000000174385589759
6000000174387489053
6000000174387626958
6000000174405523297
6000000174418410498
6000000174419154252
6000000174419652165
6000000174419810055
6000000174419967873
6000000174420138821
6000000174424871281
6000000174425143175
6000000174425249061
6000000174425429296
6000000174425583943
6000000174425763302
6000000174425986189
6000000174426080993
6000000174426397924
6000000174494266714
6000000174495223323
6000000174495997888
6000000174575414002
6000000174597420020
6000000174598163062
6000000174632077881
6000000174632154841
6000000174632215839
6000000174632798158
6000000174632915899
6000000174651266827
6000000174657567784
6000000174659285935
6000000174659326085
6000000174659570930
6000000174659579274
6000000174659633851
6000000174659888108
6000000174660495833
6000000174661762651
6000000174662448553
6000000174662589305
6000000174662780408
6000000174663423855
6000000174663689099
6000000174663716006
6000000174663742984
6000000174663760107
6000000174663770066
6000000174663779968
6000000174663908846
6000000174663911005
6000000174664100842
6000000174664178873
6000000174665706822
6000000174665706828
6000000174665706849
6000000174665789828
6000000174683759057
6000000174684156892
6000000174691610143
6000000174693530149
6000000174754133844
6000000174759149999
6000000174760238823
6000000174770572475
6000000174771264080
6000000174771969176
6000000174772061370
6000000174772095404
6000000174772348176
6000000174772939928
6000000174773050825
6000000174773112940
6000000174773262833
6000000174827550315
6000000174827894012
6000000174828199879
6000000174828331050
6000000174828660032
6000000174829650392
6000000174829757538
6000000174830535915
6000000174830688001
6000000174830738949
6000000174830760931
6000000174830801957
6000000174834953277
6000000174865741819
6000000174865745739
6000000174867218567
6000000174867301436
6000000174867420630
6000000174867632519
6000000174867692380
6000000174867738430
6000000174867791189
6000000174867878336
6000000174867886238
6000000174868094068
6000000174868111081
6000000174868213921
6000000174868258201
6000000174868282028
6000000174868322088
6000000174868395933
6000000174868463002
6000000174868536904
6000000174868691890
6000000174893190386
6000000174893500157
6000000174893595162
6000000174893860301
6000000174893998456
6000000174894325844
6000000174894545914
6000000174894681948
6000000174894930104
6000000174894933973
6000000174895056857
6000000174897676347
6000000174898156797
6000000174898468352
6000000174898480166
6000000174898528176
6000000174898651838
6000000174898719067
6000000174898750239
6000000174898818467
6000000174899026821
6000000174899158821
6000000174899311117
6000000174899408074
6000000174899413985
6000000174899433090
6000000174899453822
6000000174899536079
6000000174899552869
6000000174899582910
6000000174899614937
6000000174899667957
6000000174899751873
6000000174899843425
6000000174899860988
6000000174900049847
6000000174900081735
6000000174900092278
6000000174900101567
6000000174900175835
6000000174900214272
6000000174900433397
6000000174900515254
6000000174900595370
6000000174900635471
6000000174900683112
6000000174900719036
6000000174900798242
6000000174900806221
6000000174900930206
6000000174901142076
6000000174901484066
6000000174901633906
6000000174901900099
6000000174902044821
6000000174932596342
6000000174940747359
6000000174940759284
6000000174941043498
6000000174941166322
6000000174941486743
6000000174941707937
6000000174941770511
6000000174941943526
6000000174942988874
6000000174943080878
6000000174943167954
6000000174943263872
6000000174966213412
6000000174977859262
6000000174978149173
6000000174978969036
6000000175016953624
6000000175020455983
6000000175097348058
6000000175104520748
6000000175105674625
6000000175106233292
6000000175107301090
6000000175140659928
6000000175140663964
6000000175140668051
6000000175140723842
6000000175140960849
6000000175158741467
6000000175159643137
6000000175159910992
6000000175159956238
6000000175159996994
6000000175160452829
6000000175161027589
6000000175161635893
6000000175162136393
6000000175162557096
6000000175162682959
6000000175162765474
6000000175163076883
6000000175163843892
6000000175163847948
6000000175164024891
6000000175164089892
6000000175164262867
6000000175172321746
6000000175188692900
6000000175191110139
6000000175191352174
6000000175191645232
6000000175191766053
6000000175191967025
6000000175192007088
6000000175192396443
6000000175192571477
6000000175192868205
6000000175192979056
6000000175193106254
6000000175193192144
6000000175193315093
6000000175193318096
6000000175193384889
6000000175193501834
6000000175193616823
6000000175193745856
6000000175194414225
6000000175194434603
6000000175194684840
6000000175195018007
6000000175261523715
6000000175273864743
6000000175326899283
6000000175329488891
6000000175366381268
6000000175369032898
6000000175399901036
6000000175403411929
6000000175433355076
6000000175433992821
6000000175457426834
6000000175457426858
6000000175457426890
6000000175457426914
6000000175465834827
6000000175465834833
6000000175465887878
6000000175550077824
6000000175554283821
6000000175592413875
6000000175592665878
6000000175621965839
6000000175630646870
6000000175667948840
6000000175668347828
6000000175686582954
6000000175689071836
6000000175699687853
6000000175710346043
6000000175758113821
6000000175801435934
6000000175803048852
6000000175803755836
6000000175804626028
6000000175804644831
6000000175898578933
6000000175916276474
6000000175916276498
6000000175916276504
6000000175916276524
6000000175916276592
6000000175976748850
6000000176025964864
6000000176040874832
6000000176041303832
6000000176041598826
6000000176254833821
6000000176313732903
6000000176315383833
6000000176335706833
6000000176354972900
6000000176357010837
6000000176357284822
6000000176357346823
6000000176379474896
6000000176384713845
6000000176384713860
6000000176384713899
6000000176384713920
6000000176519015907
6000000176520617856
6000000176527344835
6000000176538647837
6000000176538914840
6000000176540206881
6000000176540640837
6000000176540656848
6000000176540848838
6000000176541038829
6000000176541298821
6000000176541408821
6000000176544817851
6000000176570652889
6000000176571149889
6000000176580997905
6000000176593777893
6000000176756949864
6000000176789914897
6000000176790574842
6000000176792087858
6000000176816059888
6000000176817942822
6000000176819886872
6000000176841920888
6000000176845453829
6000000176896556859
6000000176901012828
6000000176910677857
6000000176911604839
6000000176923344822
6000000176930641834
6000000176948785871
6000000176972592051
6000000176976410850
6000000176976458869
6000000176976602861
6000000176976709833
6000000176976859842
6000000176977006884
6000000176977106850
6000000176977281837
6000000176977333821
6000000176977333838
6000000176977466842
6000000176977505874
6000000176977507821
6000000176977581848
6000000176977600830
6000000176977647822
6000000176977828830
6000000176978616827
6000000176978649834
6000000176978747860
6000000176980169837
6000000176980511821
6000000176991319823
6000000177006265857
6000000177006284856
6000000177062482900
6000000177070553821
6000000177072118911
6000000177110213864
6000000177131796014
6000000177131796020
6000000177146249824
6000000177165389830
6000000177165487828
6000000177239662839
6000000177290417824
6000000177307749832
6000000177387217828
6000000177387217840
6000000177465501831
6000000177501900893
6000000177502322899
6000000177502380883
6000000177502935847
6000000177503594828
6000000177503617828
6000000177503879821
6000000177503881834
6000000177503947821
6000000177503967822
6000000177524980865
6000000177587150840
6000000177632440827
6000000177639707887
6000000177639707895
6000000177639707903
6000000177639707911
6000000177639707919
6000000177639707927
6000000177639707935
6000000177639707959
6000000177639708031
6000000177639708663
6000000177690957830
6000000177702241823
6000000177741748857
6000000177780386881
6000000177860328822
6000000177877672941
6000000177877673093
6000000177895836851
6000000177907364899
6000000177908326833
6000000177908327843
6000000177908511822
6000000177908626821
6000000177943343906
6000000177944484960
6000000177944754840
6000000177945014827
6000000177947204933
6000000177992358866
6000000177993317846
6000000177993670848
6000000177994053823
6000000177994076827
6000000177994116835
6000000177994242822
6000000177994268821
6000000177994272823
6000000178004177886
6000000178004354882
6000000178004545854
6000000178004726836
6000000178004793881
6000000178010389029
6000000178010389036
6000000178010389051
6000000178010389059
6000000178010389067
6000000178010389079
6000000178010389087
6000000178010389108
6000000178010389116
6000000178010389124
6000000178010389136
6000000178010389144
6000000178010389178
6000000178016472868
6000000178129566860
6000000178129585832
6000000178148555824
6000000178277273821
6000000178311092888
6000000178326983925
6000000178328907824
6000000178332932848
6000000178379404859
6000000178379417887
6000000178379701840
6000000178379960844
6000000178380766823
6000000178380766843
6000000178386298836
6000000178421546847
6000000178442374833
6000000178442714823
6000000178465014835
6000000178465322847
6000000178549565843
6000000178571588900
6000000178572826845
6000000178572845845
6000000178572960857
6000000178573326824
6000000178573399823
6000000178573467828
6000000178604750959
6000000178612041932
6000000178613454898
6000000178627999851
6000000178650692863
6000000178707374965
6000000178707774894
6000000178708581863
6000000178709038863
6000000178709220821
6000000178710016826
6000000178710183827
6000000178778456889
6000000178780967821
6000000178781220864
6000000178781220919
6000000178781220922
6000000178781220925
6000000178781220928
6000000178785731878
6000000178788928822
6000000178788930825
6000000178788930828
6000000178841117911
6000000178843070829
6000000178843072821
6000000178864470830
6000000178864961823
6000000178864971821
6000000178887755828
6000000178900501830
6000000178900531827
6000000178916962835
6000000179044985870
6000000179081376846
6000000179085552829
6000000179121296822
6000000179127137858
6000000179138126822
6000000179162380845
6000000179213098914
6000000179214249919
6000000179214554863
6000000179307883823
6000000179351867848
6000000179401271873
6000000179404334821
6000000179442353843
6000000179647020821
6000000179665039878
6000000179665154839
6000000179665196831
6000000179679611838
6000000179871756869
6000000179871756877
6000000179967626846
6000000179968577831
6000000180101695911
6000000180103757900
6000000180103797908
6000000180105037869
6000000180105120823
6000000180105121823
6000000180105212825
6000000180105225836
6000000180105356821
6000000180105377821
6000000180105419830
6000000180106019822
6000000180316958875
6000000180316965903
6000000180317164861
6000000180317553847
6000000180317727844
6000000180318044860
6000000180318177827
6000000180318218834
6000000180318303828
6000000180318361834
6000000180318488821
6000000180334613868
6000000180380668877
6000000180381227842
6000000180381707821
6000000180382312897
6000000180382357882
6000000180382582905
6000000180382729878
6000000180382794879
6000000180383029845
6000000180383233840
6000000180383620823
6000000180383936872
6000000180384121831
6000000180384258841
6000000180384410837
6000000180393227917
6000000180393308888
6000000180393811872
6000000180395857822
6000000180536271986
6000000180540719841
6000000180547365826
6000000180577670944
6000000180577956933
6000000180578556890
6000000180578649864
6000000180578668875
6000000180579404828
6000000180579432825
6000000180580250821
6000000180601944889
6000000180602745842
6000000180602885852
6000000180603259842
6000000180603370839
6000000180603410828
6000000180632281865
6000000180632626842
6000000180723359805
6000000180723359816
6000000180723379827
6000000180723379836
6000000180723379845
6000000180725047822
6000000180769779831
6000000180772133829
6000000180772182825
6000000180823378951
6000000180824406005
6000000180856288859
6000000180870244866
6000000180870508852
6000000180980061838
6000000181081467900
6000000181082638832
6000000181147325830
6000000181192397840
6000000181261750870
6000000181261987841
6000000181295932902
6000000181295982847
6000000181296168837
6000000181296856839
6000000181297049887
6000000181297878824
6000000181355911843
6000000181409117870
6000000181409914855
6000000181486279830
6000000181486418839
6000000181497306856
6000000181702008829
6000000181762397829
6000000181762764821
6000000181790597881
6000000181818665845
6000000181830758825
6000000181845828858
6000000181882376822
6000000181882418821
6000000181908147821
6000000181921948878
6000000181922928831
6000000181923248832
6000000181923321828
6000000181923354821
6000000182036027868
6000000182076189872
6000000182076486883
6000000182077156823
6000000182077285821
6000000182077361834
6000000182077588824
6000000182077768829
6000000182372616857
6000000182467264842
6000000182516671856
6000000182522114822
6000000182548464882
6000000182756702830
6000000182792096929
6000000182807404826
6000000182825854839
6000000182831862912
6000000182852384847
6000000182866789896
6000000182867343847
6000000182867432825
6000000182867481888
6000000182911654823
6000000182920773826
6000000182955117821
6000000182963611936
6000000182963611944
6000000182963611977
6000000182963612155
6000000182963612161
6000000182963612169
6000000182963612176
6000000182964415467
6000000182964419359
6000000182964419373
6000000182964419385
6000000182964419393
6000000182964419403
6000000182964419412
6000000182964419421
6000000182964419443
6000000182964419452
6000000182964499915
6000000182964500031
6000000182964500039
6000000182964500129
6000000182964500135
6000000182964500216
6000000182964500223
6000000182964626179
6000000182964626185
6000000182964626191
6000000182964626197
6000000182964718016
6000000182964718022
6000000182964718118
6000000182964718125
6000000182964718133
6000000182964718141
6000000182964718155
6000000182964718161
6000000182964718177
6000000182964718184
6000000182964718216
6000000182964718222
6000000182964795823
6000000182964795835
6000000182964795844
6000000182964795852
6000000182964795860
6000000182964795870
6000000182964795879
6000000182964795888
6000000182964795897
6000000182964795902
6000000182964795908
6000000182964795914
6000000182964795920
6000000182964795926
6000000182964795934
6000000182964795942
6000000182964795949
6000000182964795955
6000000182964795962
6000000182964795970
6000000182964795978
6000000182964842844
6000000182964842983
6000000182964842991
6000000182964843005
6000000182964843011
6000000182964843018
6000000182964843115
6000000182964863953
6000000182964864098
6000000182964864120
6000000182964864225
6000000182965021231
6000000182965021344
6000000182965021351
6000000182965021358
6000000182965021366
6000000182965086832
6000000182965086978
6000000182965087077
6000000182965087085
6000000182965087091
6000000182965087099
6000000182965087111
6000000182965087117
6000000182965087126
6000000182965087135
6000000182965087145
6000000182965087154
6000000182965087163
6000000182965087170
6000000182965087183
6000000182965087292
6000000182965242020
6000000182965242028
6000000182965242036
6000000182965242052
6000000182965242058
6000000182965242066
6000000182965242076
6000000182965242084
6000000182965242092
6000000182965242100
6000000182965242108
6000000182965242116
6000000182965439849
6000000182965439867
6000000182965439883
6000000182965439889
6000000182965439925
6000000182965439933
6000000182965439941
6000000182965440015
6000000182965440038
6000000182965440044
6000000182965440062
6000000182965440109
6000000182965440290
6000000182965529878
6000000182965529884
6000000182965530011
6000000182965530017
6000000182965530023
6000000182965530029
6000000182965530035
6000000182965530042
6000000182965530049
6000000182965530055
6000000182965660937
6000000182965661020
6000000182965661054
6000000182965899822
6000000182965899830
6000000182965899837
6000000182965899866
6000000182965900114
6000000182965900131
6000000182965900171
6000000182965900187
6000000182965900204
6000000182965900212
6000000182965900219
6000000182965900225
6000000182965900233
6000000182965900247
6000000182965900254
6000000182967306971
6000000182967307040
6000000182967307061
6000000182967307068
6000000182967307075
6000000182967307083
6000000182967307097
6000000182967351826
6000000182967351834
6000000182967351840
6000000182967351848
6000000182967351863
6000000182967351871
6000000182967351879
6000000182967351887
6000000182967351901
6000000182967351908
6000000182967351916
6000000182967351929
6000000182967351937
6000000182967351945
6000000182967351971
6000000182967352056
6000000182967352242
6000000182967352383
6000000182967352435
6000000182967352463
6000000182967352498
6000000182967809830
6000000182967809869
6000000182967809918
6000000182967810031
6000000182967810053
6000000182967810068
6000000182967810082
6000000182967810096
6000000182967810102
6000000182967810116
6000000182967810122
6000000182967810128
6000000182967810137
6000000182967810148
6000000182967810158
6000000182967810166
6000000182967810172
6000000182968158886
6000000182968158919
6000000182968223014
6000000182968223085
6000000182968223097
6000000182968235015
6000000182968235021
6000000182968235027
6000000182968235040
6000000182968235046
6000000182968235058
6000000182968235077
6000000182971313822
6000000182972209828
6000000182972209835
6000000182972209842
6000000182972209848
6000000182972209855
6000000182972209863
6000000182972209871
6000000182972209878
6000000182972209885
6000000182972209893
6000000183066214844
6000000183066833825
6000000183101380858
6000000183208615836
6000000183208911823
6000000183212924836
6000000183362090847
6000000183429172853
6000000183439901872
6000000183488183825
6000000183520682822
6000000183520682832
6000000183568184908
6000000183569047887
6000000183698653822
6000000183799720874
6000000183839797013
6000000183843172909
6000000183843186839
6000000183843326838
6000000183843337864
6000000183843487821
6000000183844280847
6000000183845486827
6000000183845605824
6000000183857009831
6000000183857968823
6000000183912513929
6000000183945428868
6000000184030870923
6000000184036275900
6000000184052492981
6000000184142674936
6000000184142674942
6000000184142674954
6000000184285548856
6000000184449316841
6000000184461195827
6000000184463155895
6000000184463242872
6000000184464739864
6000000184465062835
6000000184465318829
6000000184465817821
6000000184853679835
6000000184853844827
6000000184854152828
6000000184903523839
6000000184996900917
6000000185018546838
6000000185018667834
6000000185018914832
6000000185048613869
6000000185048840838
6000000185063530029
6000000185063553868
6000000185064248835
6000000185064264831
6000000185064510824
6000000185064697823
6000000185064736822
6000000185067941833
6000000185067976832
6000000185068078827
6000000185068327830
6000000185088813846
6000000185126263908
6000000185129150821
6000000185130919821
6000000185138746236
6000000185138746248
6000000185138746263
6000000185138746269
6000000185140287998
6000000185140436021
6000000185140436076
6000000185140436264
6000000185140436310
6000000185140436382
6000000185140436391
6000000185140436409
6000000185140436457
6000000185140436463
6000000185140710128
6000000185140978947
6000000185140978975
6000000185140978981
6000000185140978993
6000000185140979013
6000000185140979025
6000000185140979051
6000000185141154822
6000000185141154828
6000000185141154873
6000000185141154879
6000000185141154891
6000000185141154922
6000000185141154945
6000000185141516853
6000000185141608846
6000000185143231822
6000000185143231842
6000000185143231849
6000000185143231855
6000000185143231881
6000000185143231888
6000000185143231916
6000000185143290930
6000000185143290936
6000000185143290948
6000000185143395852
6000000185143396011
6000000185143396104
6000000185143396114
6000000185143396124
6000000185143396132
6000000185143396141
6000000185143396155
6000000185143396164
6000000185143396184
6000000185143396193
6000000185143396202
6000000185143396209
6000000185143396237
6000000185143396249
6000000185143396259
6000000185143396269
6000000185143396284
6000000185143396294
6000000185143556869
6000000185143556911
6000000185143556944
6000000185143557030
6000000185143557049
6000000185143557055
6000000185143557061
6000000185143557079
6000000185143557122
6000000185143557181
6000000185143557193
6000000185143557314
6000000185143557371
6000000185143557385
6000000185143557407
6000000185143557413
6000000185143557444
6000000185143805857
6000000185143805863
6000000185143805881
6000000185143805897
6000000185143805903
6000000185143805911
6000000185143805917
6000000185143805925
6000000185143806033
6000000185143806067
6000000185143806081
6000000185143873896
6000000185143873958
6000000185143873985
6000000185143873995
6000000185143874011
6000000185143874026
6000000185143928828
6000000185143985837
6000000185143985987
6000000185143986064
6000000185143986105
6000000185144399822
6000000185144399907
6000000185144399915
6000000185144399936
6000000185165616912
6000000185165616918
6000000185188609893
6000000185214732829
6000000185256886874
6000000185256886877
6000000185263277893
6000000185281891834
6000000185329963927
6000000185329963933
6000000185334628845
6000000185363088822
6000000185378667998
6000000185513571826
6000000185513571918
6000000185513571926
6000000185513571933
6000000185513571941
6000000185513571948
6000000185552256824
6000000185577869977
6000000185577869983
6000000185629123961
6000000185629833872
6000000185725251878
6000000185726561821
6000000185735833885
6000000185765429849
6000000185865408861
6000000185865968903
6000000185866454828
6000000185866678872
6000000185866933848
6000000185915755845
6000000185948477044
6000000185949767942
6000000185950134922
6000000185950436901
6000000186092653600
6000000186109193292
6000000186109734251
6000000186110546095
6000000186111552915
6000000186121812919
6000000186126068885
6000000186126585205
6000000186126736028
6000000186126866169
6000000186127176942
6000000186127975994
6000000186128074002
6000000186128338897
6000000186128507821
6000000186128507826
6000000186128697853
6000000186128723859
6000000186128769824
6000000186129040825
6000000186130687864
6000000186149447714
6000000186149467782
6000000186149467814
6000000186149941686
6000000186149941714
6000000186149941720
6000000186149941726
6000000186149941733
6000000186149941738
6000000186149941756
6000000186150341301
6000000186150341307
6000000186150341313
6000000186150341318
6000000186150354851
6000000186150354859
6000000186150354867
6000000186150354888
6000000186150354909
6000000186150448857
6000000186150448880
6000000186158328244
6000000186160144030
6000000186160720981
6000000186161027832
6000000186184895679
6000000186184895687
6000000186184895693
6000000186184895700
6000000186185793825
6000000186187443826
6000000186244914662
6000000186247181045
6000000186247258992
6000000186248112832
6000000186248622948
6000000186248622955
6000000186248636941
6000000186270102092
6000000186276339130
6000000186277036037
6000000186307324210
6000000186308270061
6000000186311326283
6000000186312468968
6000000186314441010
6000000186325896708
6000000186325896760
6000000186325954502
6000000186325954516
6000000186325954526
6000000186336265994
6000000186359137883
6000000186405688876
6000000186445433853
6000000186553608821
6000000186554892918
6000000186556069907
6000000186560541826
6000000186560685824
6000000186560934821
6000000186560963822
6000000186603422913
6000000186604498821
6000000186614819835
6000000186622269828
6000000186623149838
6000000186631416836
6000000186638457860
6000000186639636851
6000000186639912823
6000000186642106898
6000000186642539895
6000000186644526925
6000000186644914851
6000000186645556845
6000000186645648842
6000000186645720828
6000000186650371842
6000000186650855824
6000000186650984821
6000000186653829964
6000000186654408874
6000000186654697849
6000000186654812834
6000000186656077857
6000000186656193827
6000000186716337835
6000000186716533841
6000000186716603845
6000000186724299972
6000000186734582864
6000000186734848829
6000000186735119864
6000000186740515868
6000000186758230849
6000000186767029472
6000000186768017094
6000000186768352969
6000000186768352986
6000000186768353013
6000000186768595902
6000000186781627864
6000000186781801862
6000000186785083826
6000000186786813823
6000000186787390828
6000000186816799845
6000000186825869837
6000000186843710943
6000000186844219906
6000000186844226876
6000000186845210824
6000000186846671827
6000000186871541863
6000000186871839853
6000000186872462825
6000000186872476824
6000000186872819823
6000000186889090880
6000000186889300903
6000000186890508852
6000000186894234837
6000000186900299821
6000000186954850838
6000000186955090830
6000000186969859868
6000000186971942857
6000000186972157845
6000000186972450873
6000000186972619829
6000000186973015853
6000000186973046897
6000000186973402870
6000000186973408874
6000000186973444845
6000000186973487827
6000000186973554822
6000000186973602821
6000000186973692860
6000000186973932845
6000000186973989826
6000000186974032821
6000000186974560851
6000000186974705823
6000000186986488030
6000000186986488131
6000000186986488138
6000000186986488146
6000000186986488154
6000000186986488170
6000000186986488178
6000000186986488185
6000000186986488193
6000000186990547856
6000000186990854826
6000000186990855843
6000000186990937833
6000000187002750843
6000000187048051893
6000000187054654845
6000000187054795841
6000000187081689858
6000000187082059838
6000000187082319833
6000000187082493825
6000000187083828863
6000000187083983858
6000000187084365835
6000000187084380828
6000000187084424821
6000000187107584822
6000000187107602821
6000000187179547838
6000000187179818865
6000000187180146845
6000000187186255964
6000000187187173839
6000000187187219827
6000000187187429821
6000000187194192825
6000000187194233834
6000000187194295853
6000000187194356825
6000000187194439825
6000000187239123902
6000000187245190878
6000000187245979885
6000000187246464833
6000000187246750821
6000000187246942825
6000000187247522828
6000000187264488868
6000000187266624961
6000000187307036821
6000000187309550888
6000000187326051836
6000000187380957849
6000000187414982849
6000000187415134825
6000000187438753823
6000000187459034862
6000000187459101855
6000000187474459849
6000000187478462831
6000000187507157826
6000000187507158844
6000000187521054855
6000000187551203886
6000000187579413832
6000000187584154063
6000000187638278877
6000000187638323877
6000000187638545829
6000000187846974843
6000000187847051821
6000000187858101836
6000000187858111841
6000000187860539906
6000000187860899830
6000000187861107843
6000000187900518893
6000000187900797821
6000000187900817829
6000000187900865845
6000000187901702864
6000000187901804822
6000000187902060839
6000000187973079908
6000000187973232883
6000000187973564851
6000000187973587849
6000000187973593858
6000000187973775825
6000000187973871825
6000000187985426867
6000000187992743846
6000000187992941895
6000000187993051821
6000000187993466836
6000000187993507825
6000000187993582821
6000000188174909198
6000000188175862825
6000000188176209850
6000000188176603822
6000000188301373840
6000000188306973081
6000000188484867834
6000000188485522838
6000000188499913858
6000000188529877843
6000000188567227831
6000000188572007827
6000000188616782892
6000000188617504826
6000000188708422825
6000000188708442840
6000000188708517821
6000000188708543822
6000000188708563821
6000000188734338824
6000000188864200876
6000000188973631836
6000000188973664832
6000000188982175842
6000000188982207835
6000000188982290822
6000000188982450878
6000000188983047837
6000000189019179837
6000000189033472863
6000000189038935839
6000000189062652839
6000000189062865823
6000000189095790827
6000000189095909823
6000000189139782833
6000000189141307845
6000000189260227832
6000000189260328845
6000000189260487828
6000000189292665840
6000000189299194833
6000000189470702852
6000000189768408851
6000000189929777829
6000000189936918825
6000000189957324863
6000000189957880978
6000000189959348848
6000000189959386821
6000000189959768821
6000000189971447824
6000000189971521821
6000000189974589841
6000000190037118852
6000000190105551851
6000000190105598827
6000000190116593967
6000000190139594831
6000000190168750837
6000000190168800829
6000000190171134855
6000000190185064848
6000000190278656822
6000000190278656830
6000000190278656834
6000000190278656838
6000000190278656842
6000000190278656846
6000000190278656850
6000000190278656854
6000000190311832875
6000000190312020848
6000000190312144822
6000000190318478853
6000000190318685830
6000000190319271839
6000000190319404839
6000000190319497822
6000000190332410863
6000000190333049826
6000000190333050830
6000000190402981831
6000000190411534828
6000000190411534834
6000000190435724855
6000000190547808834
6000000190631683864
6000000190705640855
6000000190705751844
6000000190705813832
6000000190705824830
6000000190705838821
6000000190706011822
6000000190706035821
6000000190711264872
6000000190711620863
6000000190711661827
6000000190711667825
6000000190736124007
6000000190736587861
6000000190736885905
6000000190737030864
6000000190737244839
6000000190742802923
6000000190743276833
6000000190743741855
6000000190768773824
6000000190769323821
6000000190814048843
6000000190814226837
6000000190815197823
6000000190823826831
6000000190824111836
6000000190928021858
6000000190928480835
6000000190928492844
6000000190928558824
6000000190928656833
6000000190928669826
6000000191041828741
6000000191041828745
6000000191042279867
6000000191042426860
6000000191042591859
6000000191042730828
6000000191042751823
6000000191042764831
6000000191042790823
6000000191042824821
6000000191099879839
6000000191099902824
6000000191100599861
6000000191112542840
6000000191127446827
6000000191127493825
6000000191146812823
6000000191183457821
6000000191219172821
6000000191219345842
6000000191317286849
6000000191317286854
6000000191317286859
6000000191317286864
6000000191317286869
6000000191317286874
6000000191317706832
6000000191373020839
6000000191468513861
6000000191514428846
6000000191527789861
6000000191527920831
6000000191535584270
6000000191535584274
6000000191542098868
6000000191542122966
6000000191543086849
6000000191584751847
6000000191586146870
6000000191586696829
6000000191586936848
6000000191587192831
6000000191587352842
6000000191595078858
6000000191622584869
6000000191623070832
6000000191623970845
6000000191625056821
6000000191643815929
6000000191643921846
6000000191644057858
6000000191644158829
6000000191644346883
6000000191644503837
6000000191664860821
6000000191699506844
6000000191699604851
6000000191707267821
6000000191719357851
6000000191845844878
6000000191890143824
6000000191931994867
6000000191932188857
6000000191932690906
6000000191933451843
6000000191934209870
6000000191942523873
6000000191942805837
6000000191977501838
6000000191977533833
6000000191978733821
6000000191980907835
6000000192008699893
6000000192008769877
6000000192009037879
6000000192009653821
6000000192009979833
6000000192051619821
6000000192159129836
6000000192162064846
6000000192166549947
6000000192167142863
6000000192167399821
6000000192168241867
6000000192168336830
6000000192168959827
6000000192169242840
6000000192169972828
6000000192193175896
6000000192324107864
6000000192356630848
6000000192356691833
6000000192356731821
6000000192488399833
6000000192488685844
6000000192488695830
6000000192488881821
6000000192488888833
6000000192488948821
6000000192519898839
6000000192535405821
6000000192574102833
6000000192601558831
6000000192601686825
6000000192612465837
6000000192618313894
6000000192618790842
6000000192618818834
6000000192618870835
6000000192716652855
6000000192776733833
6000000192776856823
6000000192792427914
6000000192795866831
6000000192795902851
6000000192795958824
6000000192886959824
6000000192919999821
6000000192920363910
6000000192920527913
6000000192994161822
6000000193004264849
6000000193008993821
6000000193038875836
6000000193049731824
6000000193049778829
6000000193050196823
6000000193082060821
6000000193134323827
6000000193244695880
6000000193252012940
6000000193252599837
6000000193258906835
6000000193260285821
6000000193280047864
6000000193309878821
6000000193325946909
6000000193326398834
6000000193326514835
6000000193326628831
6000000193327368883
6000000193327617829
6000000193327855822
6000000193327986833
6000000193368010890
6000000193368590843
6000000193368603850
6000000193368722842
6000000193368893821
6000000193394186834
6000000193394250847
6000000193458754826
6000000193536122852
6000000193536240828
6000000193643192276
6000000193643192282
6000000193643192288
6000000193691633942
6000000193692733822
6000000193736904826
6000000193742811863
6000000193764003910
6000000193766205831
6000000193766376855
6000000193831185923
6000000193964941859
6000000193967169845
6000000193967197834
6000000193969065896
6000000193969386829
6000000194038620862
6000000194038940831
6000000194047262823
6000000194049847839
6000000194058020873
6000000194164764843
6000000194204374831
6000000194234509836
6000000194234714822
6000000194234721821
6000000194284252831
6000000194284538821
6000000194306853914
6000000194307137904
6000000194307483862
6000000194307524842
6000000194307525862
6000000194307587842
6000000194307662831
6000000194307747825
6000000194307771829
6000000194309676895
6000000194310391837
6000000194310520842
6000000194310574838
6000000194310584828
6000000194409656831
6000000194410310858
6000000194501384902
6000000194502500844
6000000194528662920
6000000194528837873
6000000194528996854
6000000194569069894
6000000194569562835
6000000194569976835
6000000194584606869
6000000194585076834
6000000194588167860
6000000194588560834
6000000194588631829
6000000194590433838
6000000194593386910
6000000194593477836
6000000194619752907
6000000194632525846
6000000194634490828
6000000194655078955
6000000194675713860
6000000194676809856
6000000194677809821
6000000194677822821
6000000194677884822
6000000194678775863
6000000194678819832
6000000194720170828
6000000194723318834
6000000194835153821
6000000194844786559
6000000194855082828
6000000194866484834
6000000194866784848
6000000194867078863
6000000194867224829
6000000194972103831
6000000194974174855
6000000194974265840
6000000194974307854
6000000194974522824
6000000194974553823
6000000194999566825
6000000194999734821
6000000195041653909
6000000195124890967
6000000195125465847
6000000195125488864
6000000195125550831
6000000195125673825
6000000195125847822
6000000195142272840
6000000195142431833
6000000195144639906
6000000195145122889
6000000195145150863
6000000195145460832
6000000195145489821
6000000195145508844
6000000195148656902
6000000195148714889
6000000195148788900
6000000195148931849
6000000195149141853
6000000195149142838
6000000195149174838
6000000195149203856
6000000195149298838
6000000195149369823
6000000195164649855
6000000195164743826
6000000195329025853
6000000195331934833
6000000195332202825
6000000195464369842
6000000195474600822
6000000195520128826
6000000195520178829
6000000195558154831
6000000195578814863
6000000195588613972
6000000195589154839
6000000195589341860
6000000195589419861
6000000195589451886
6000000195589491869
6000000195589716847
6000000195589734838
6000000195589794833
6000000195589870827
6000000195589885821
6000000195688558826
6000000195688627826
6000000195751771832
6000000195788621823
6000000195835230831
6000000195835380854
6000000195851374826
6000000195851603825
6000000195851719823
6000000195869492891
6000000195892754969
6000000195893195885
6000000195893500863
6000000195893794827
6000000195893810849
6000000195893848836
6000000195893856832
6000000195893879822
6000000195923362861
6000000195943375897
6000000195970210848
6000000195970300859
6000000195970490924
6000000195970490933
6000000195970563885
6000000195970644836
6000000195972845878
6000000195973007841
6000000195973040821
6000000195985880831
6000000195985959824
6000000196036767857
6000000196144661849
6000000196144709824
6000000196144855822
6000000196144969821
6000000196184521822
6000000196271408839
6000000196271856855
6000000196271894829
6000000196282195908
6000000196301490992
6000000196314606836
6000000196433956842
6000000196434077844
6000000196461524821
6000000196513753836
6000000196513806824
6000000196513860841
6000000196513886821
6000000196533793888
6000000196534043827
6000000196585972822
6000000196655930847
6000000196704065843
6000000196704311856
6000000196704607834
6000000196706856871
6000000196706961844
6000000196707171833
6000000196707421821
6000000196707541977
6000000196708367874
6000000196711463822
6000000196777584865
6000000196777960821
6000000196830130352
6000000196831630933
6000000196831630938
6000000196831630951
6000000196831630958
6000000196831633915
6000000196831633925
6000000196831633937
6000000196831633944
6000000196831633951
6000000196831633962
6000000196831633967
6000000196831633972
6000000196831633977
6000000196831633991
6000000196831633997
6000000196831634001
6000000196831634012
6000000196892354264
6000000196892372381
6000000196892372516
6000000196892372556
6000000196892372569
6000000196892372590
6000000196892889753
6000000196892889786
6000000196892889800
6000000196892889808
6000000196892889816
6000000196893548986
6000000196893755823
6000000196893755899
6000000196893755905
6000000196893755974
6000000196893755998
6000000196893756009
6000000196893756019
6000000196893756027
6000000196893756032
6000000196893756038
6000000196893756045
6000000196893756052
6000000197199492861
6000000197200075842
6000000197211723838
6000000197211888822
6000000197212781837
6000000197212932860
6000000197216074871
6000000197216431829
6000000197216583859
6000000197216665833
6000000197216737821
6000000197216745825
6000000197273146824
6000000197381608825
6000000197771697928
6000000197772065845
6000000197772318845
6000000197772424821
6000000197787296822
6000000197798696859
6000000197798767833
6000000197799163910
6000000197799503837
6000000197799653827
6000000197799766841
6000000197799768831
6000000197818450895
6000000197818635859
6000000197818687843
6000000197818790832
6000000197819044825
6000000197819047835
6000000197819153822
6000000197829635821
6000000197847475365
6000000197848563102
6000000198031358001
6000000198031358041
6000000198031358046
6000000198031358098
6000000198031358116
6000000198031358121
6000000198031475492
6000000198031475574
6000000198031475580
6000000198034928231
6000000198037087962
6000000198039887076
6000000198039887106
6000000198039887149
6000000198039887417
6000000198069483829
6000000198069601822
6000000198080644825
6000000198085905843
6000000198086809855
6000000198086917876
6000000198234609865
6000000198234914840
6000000198235004849
6000000198257022606
6000000198257022625
6000000198257022639
6000000198257022647
6000000198257022660
6000000198257022675
6000000198257022701
6000000198257022779
6000000198257470958
6000000198257748860
6000000198257748872
6000000198308524832
6000000198308538821
6000000198309328825
6000000198380981894
6000000198381002900
6000000198381391836
6000000198381479829
6000000198436036830
6000000198661474832
6000000198697400884
6000000198697534909
6000000198697920832
6000000198863246849
6000000198917963825
6000000198948489821
6000000198981763822
6000000199081375998
6000000199083513860
6000000199084413850
6000000199084585840
6000000199092583900
6000000199092847841
6000000199092926844
6000000199093143839
6000000199093331856
6000000199093482821
6000000199095249903
6000000199095518901
6000000199095884825
6000000199095926821
6000000199195563891
6000000199195575928
6000000199196054844
6000000199196240821
6000000199196248821
6000000199196252830
6000000199196255830
6000000199196285825
6000000199196304828
6000000199196325822
6000000199196384821
6000000199197496839
6000000199197787821
6000000199283315821
6000000199293019863
6000000199293987839
6000000199308909823
6000000199369527844
6000000199370051866
6000000199370333883
6000000199430987828
6000000199528568835
6000000199530457899
6000000199554171823
6000000199583504821
6000000199631389889
6000000199657309991
6000000199657309994
6000000199657963260
6000000199657963264
6000000199657963267
6000000199657963272
6000000199657963275
6000000199657963278
6000000199776390919
6000000199776833906
6000000199776881896
6000000199777148843
6000000199928046856
6000000199966515879
6000000199972991851
6000000200044801868
6000000200044901860
6000000200044926852
6000000200045098842
6000000200045110829
6000000200045110842
6000000200045233821
6000000200045239825
6000000200143429836
6000000200144413853
6000000200269910836
6000000200295588986
6000000200296074821
6000000200296769854
6000000200296971846
6000000200296979822
6000000200297192822
6000000200300786853
6000000200304607832
6000000200306694826
6000000200395473863
6000000200444614055
6000000200604502833
6000000200604895826
6000000200605128840
6000000200605141836
6000000200605376824
6000000200605398828
6000000200605423821
6000000200809197899
6000000200894396840
6000000201018578899
6000000201018987887
6000000201019260852
6000000201019366821
6000000201019373821
6000000201019435829
6000000201020376938
6000000201154984835
6000000201174299832
6000000201188178886
6000000201196465830
6000000201197855842
6000000201211074822
6000000201211271821
6000000201211516821
6000000201287909836
6000000201560309821
6000000201653223821
6000000201791967839
6000000201792155822
6000000201792260845
6000000202011427986
6000000202011627921
6000000202012080842
6000000202012219840
6000000202012326824
6000000202029365827
6000000202044322838
6000000202129810856
6000000202141544864
6000000202165883889
6000000202193745846
6000000202214584821
6000000202215270873
6000000202215536829
6000000202355946821
6000000202471011824
6000000202516063842
6000000202520755821
6000000202521136858
6000000202521674827
6000000202521699837
6000000202624509826
6000000202752481909
6000000202752780857
6000000202752827876
6000000202752980850
6000000202840550863
6000000202862929831
6000000202863026828
6000000202981525822
6000000202994658944
6000000202995657822
6000000203162614909
6000000203257174837
6000000203258023841
6000000203258203874
6000000203258501822
6000000203265243865
6000000203265330827
6000000203266562823
6000000203540792821
6000000203588754821
6000000203595483902
6000000203611379856
6000000203810748877
6000000203810994826
6000000203810998835
6000000203811146825
6000000203811178838
6000000203811252821
6000000203823548868
6000000203824006823
6000000203827541829
6000000203864994900
6000000203936837837
6000000204023360821
6000000204341682856
6000000204341944836
6000000204342124880
6000000204342323822
6000000204404038824
6000000204522265237
6000000204557983826
6000000204558162882
6000000204558537858
6000000204580105973
6000000204580332870
6000000204580332875
6000000204580332880
6000000204580332890
6000000204580332896
6000000204580332901
6000000204580332906
6000000204580332911
6000000204580333020
6000000204661077037
6000000204661077045
6000000204848210918
6000000204872352846
6000000204872496854
6000000204872601825
6000000204872705823
6000000204896370868
6000000204941231826
6000000204972408821
6000000205012981823
6000000205058295014
6000000205059406838
6000000205059459836
6000000205059583823
6000000205059668881
6000000205060383847
6000000205084111026
6000000205084111238
6000000205084111254
6000000205084111262
6000000205099699668
6000000205101055448
6000000205101055460
6000000205101055472
6000000205101055480
6000000205101055488
6000000205101055498
6000000205101055508
6000000205101055518
6000000205101055528
6000000205101055540
6000000205101055550
6000000205101055560
6000000205101055568
6000000205101055620
6000000205101055630
6000000205101055640
6000000205101055650
6000000205101055658
6000000205101055668
6000000205101055676
6000000205101055686
6000000205101055696
6000000205101055706
6000000205109046841
6000000205109152860
6000000205109189834
6000000205109472822
6000000205126777845
6000000205160054835
6000000205169809316
6000000205169809324
6000000205169809331
6000000205169809336
6000000205169809341
6000000205169809352
6000000205169809359
6000000205169809365
6000000205169809373
6000000205169809381
6000000205169809391
6000000205169809398
6000000205169809404
6000000205169809409
6000000205169916089
6000000205169916094
6000000205169916099
6000000205169916111
6000000205169916133
6000000205169916138
6000000205169916148
6000000205170052854
6000000205170152847
6000000205170233853
6000000205170381865
6000000205170493817
6000000205170662126
6000000205170662173
6000000205170662273
6000000205170903266
6000000205171153832
6000000205172822896
6000000205173242865
6000000205173269821
6000000205173292876
6000000205173348848
6000000205173352876
6000000205173376856
6000000205173377851
6000000205173454861
6000000205173569853
6000000205173669821
6000000205173685821
6000000205173783911
6000000205173793930
6000000205173804822
6000000205173812843
6000000205173819843
6000000205173895835
6000000205173903824
6000000205174017825
6000000205174075851
6000000205174130829
6000000205174154823
6000000205174186823
6000000205174244821
6000000205174265821
6000000205174326821
6000000205200405880
6000000205200437903
6000000205200507766
6000000205200827852
6000000205201123851
6000000205201147833
6000000205201304831
6000000205216828849
6000000205221625892
6000000205236830890
6000000205236831074
6000000205236831086
6000000205236831100
6000000205236831110
6000000205236831122
6000000205236831132
6000000205242266629
6000000205242266640
6000000205242266646
6000000205246388876
6000000205307073481
6000000205323308852
6000000205323969903
6000000205327125987
6000000205328286878
6000000205328878822
6000000205328941821
6000000205330903804
6000000205332020959
6000000205332020975
6000000205332020989
6000000205339353769
6000000205339353783
6000000205339353792
6000000205339353797
6000000205339353810
6000000205339583522
6000000205341164823
6000000205343661633
6000000205343661805
6000000205343661811
6000000205343661819
6000000205344524827
6000000205344524833
6000000205344524841
6000000205344524848
6000000205344524855
6000000205344524862
6000000205344524869
6000000205344524876
6000000205352571697
6000000205352864766
6000000205352864769
6000000205352864791
6000000205352864803
6000000205352864808
6000000205352864820
6000000205363589874
6000000205363994838
6000000205364328854
6000000205364438857
6000000205364577821
6000000205373033382
6000000205373033404
6000000205373033411
6000000205373033425
6000000205377325509
6000000205379195054
6000000205407304832
6000000205423041905
6000000205499485863
6000000205521676840
6000000205521681833
6000000205526769821
6000000205554041951
6000000205555858857
6000000205610809006
6000000205610809034
6000000205610809068
6000000205610809084
6000000205610809089
6000000205611040107
6000000205611040139
6000000205611040302
6000000205611040346
6000000205611040359
6000000205611040363
6000000205611040516
6000000205611318852
6000000205611318878
6000000205611318890
6000000205611318896
6000000205662589843
6000000205669859873
6000000205670473830
6000000205670745821
6000000205671378848
6000000205671557855
6000000205827624838
6000000205835926827
6000000205900286851
6000000205992675010
6000000205993049948
6000000205993049961
6000000205993049966
6000000206011349022
6000000206011349028
6000000206011349037
6000000206152578825
6000000206156519652
6000000206156519658
6000000206156519664
6000000206156519670
6000000206156519682
6000000206156519688
6000000206156519694
6000000206156519699
6000000206156519712
6000000206171141875
6000000206223716885
6000000206223774828
6000000206223809846
6000000206224874880
6000000206224907881
6000000206224952914
6000000206224989830
6000000206224993825
6000000206225006836
6000000206225012847
6000000206225018826
6000000206225024887
6000000206225027856
6000000206225027891
6000000206225036847
6000000206225045839
6000000206225055832
6000000206225065896
6000000206225082825
6000000206225084841
6000000206225092826
6000000206225098851
6000000206225101828
6000000206225101843
6000000206225117837
6000000206225130827
6000000206225152821
6000000206225160821
6000000206244899844
6000000206254274012
6000000206375277831
6000000206375312822
6000000206555975898
6000000206612686874
6000000206644308097
6000000206644308106
6000000206644308112
6000000206644308118
6000000206644328069
6000000206644557124
6000000206734347239
6000000206764328827
6000000206791068830
6000000206791068841
6000000206791068852
6000000206791068859
6000000206791068873
6000000206791068884
6000000206791068897
6000000206791068904
6000000206791068915
6000000206797156704
6000000206797156739
6000000206906427865
6000000206964017833
6000000207109035825
6000000207121398821
6000000207131757854
6000000207207671825
6000000207214298913
6000000207214713850
6000000207214724845
6000000207214729839
6000000207214883824
6000000207214898826
6000000207224260726
6000000207224802712
6000000207224802722
6000000207224892879
6000000207225419829
6000000207225419846
6000000207307509824
6000000207307586822
6000000207398490849
6000000207531451823
6000000207661971833
6000000207706347562
6000000207706347577
6000000207706347600
6000000207706347613
6000000207706347624
6000000207706347629
6000000207706347642
6000000207706347655
6000000207706347668
6000000207706347680
6000000207709052094
6000000207709052107
6000000207710230266
6000000207710230312
6000000207710230330
6000000207710230342
6000000207710230348
6000000207710426806
6000000207711311824
6000000207717725701
6000000207717725783
6000000207730623888
6000000207739534813
6000000207739534819
6000000207741782829
6000000207741782836
6000000207741782843
6000000207741782850
6000000207741782859
6000000207741782868
6000000207770024856
6000000207770229822
6000000207770773821
6000000207771023838
6000000207784190855
6000000207810269850
6000000207856403823
6000000207871545064
6000000207871545070
6000000207871545076
6000000207871545129
6000000207910953045
6000000207910953081
6000000207910953086
6000000207910953092
6000000207910953099
6000000207910953107
6000000207910953112
6000000207910953117
6000000207911485101
6000000207916232843
6000000207916321835
6000000207951100876
6000000207951126867
6000000207951373821
6000000207952405887
6000000207952405953
6000000207963200479
6000000207963506588
6000000207963506615
6000000207963506629
6000000207963506641
6000000207999165623
6000000207999165626
6000000207999165639
6000000207999194312
6000000207999194317
6000000207999194322
6000000208000940237
6000000208013649555
6000000208013649563
6000000208013649570
6000000208013649577
6000000208013649583
6000000208013649591
6000000208013649598
6000000208013649608
6000000208013649615
6000000208013649620
6000000208013649627
6000000208013649633
6000000208014583186
6000000208015004168
6000000208105318836
6000000208240955841
6000000208303159855
6000000208313582836
6000000208326813576
6000000208328748305
6000000208328985280
6000000208328985286
6000000208328985292
6000000208328985317
6000000208328985323
6000000208328985329
6000000208328985336
6000000208328985343
6000000208328985352
6000000208328985361
6000000208328985370
6000000208329444719
6000000208460300832
6000000208460300844
6000000208460300856
6000000208462566869
6000000208462566885
6000000208462566890
6000000208462566895
6000000208462566900
6000000208462609911
6000000208462609921
6000000208462609934
6000000208469949515
6000000208469949534
6000000208469949575
6000000208490614631
6000000208490614654
6000000208490614663
6000000208490614679
6000000208490614696
6000000208490614726
6000000208490949821
6000000208491410887
6000000208491748855
6000000208491791821
6000000208491838821
6000000208492058046
6000000208492058055
6000000208492058065
6000000208492058074
6000000208492058081
6000000208492058090
6000000208492058099
6000000208492058117
6000000208492058126
6000000208492058144
6000000208492114826
6000000208492124822
6000000208492448338
6000000208492448348
6000000208492448366
6000000208492448386
6000000208492448394
6000000208492448405
6000000208492448465
6000000208492448480
6000000208492448500
6000000208492448508
6000000208492448517
6000000208492448527
6000000208492448537
6000000208492448546
6000000208492448555
6000000208492448565
6000000208492448574
6000000208492448578
6000000208492448682
6000000208492448692
6000000208492448721
6000000208492448750
6000000208493300894
6000000208493301017
6000000208493301046
6000000208493301055
6000000208493301119
6000000208493301129
6000000208493345852
6000000208493345927
6000000208493445934
6000000208493445939
6000000208493445954
6000000208493445961
6000000208493445966
6000000208493445972
6000000208493446022
6000000208493446054
6000000208542727796
6000000208542727804
6000000208542727820
6000000208542734205
6000000208542734217
6000000208542734234
6000000208542904051
6000000208543308864
6000000208543465828
6000000208543465839
6000000208543465845
6000000208543465853
6000000208543465879
6000000208543465887
6000000208543465900
6000000208543465906
6000000208585257825
6000000208634324838
6000000208634443825
6000000208634477836
6000000208634500822
6000000208646511848
6000000208646564822
6000000208668314846
6000000208670749831
6000000208670760833
6000000208718133985
6000000208718584822
6000000208719922840
6000000208721137826
6000000208721180830
6000000208721275824
6000000208722084836
6000000208729681859
6000000208765047824
6000000208768721830
6000000208778955831
6000000208850051846
6000000209240748840
6000000209309777834
6000000209320140860
6000000209329930828
6000000209595340830
6000000209606329827
6000000209606329831
6000000209616367848
6000000209631204821
6000000209655085851
6000000209700705987
6000000209721822822
6000000209721868822
6000000209722644926
6000000209722707839
6000000209722720844
6000000209722739837
6000000209722751822
6000000209722751919
6000000209722755824
6000000209722770849
6000000209722783831
6000000209722783860
6000000209722783886
6000000209722799826
6000000209722816864
6000000209722837848
6000000209722840832
6000000209722857829
6000000209771419840
6000000209771727825
6000000209794239856
6000000209826422860
6000000209826600821
6000000209901659848
6000000209902046840
6000000209902175827
6000000209902253823
6000000209903971020
6000000209904103850
6000000209904112848
6000000209904113838
6000000209904154855
6000000209904286827
6000000209911876821
6000000209934800837
6000000209990756841
6000000210070273826
6000000210187692830
6000000210192983868
6000000210271469827
6000000210273401934
6000000210273802842
6000000210273842821
6000000210273887847
6000000210274136843
6000000210306659829
6000000210306772828
6000000210306927832
6000000210306959821
6000000210347019857
6000000210387665830
6000000210392023839
6000000210435407862
6000000210435440824
6000000210435526834
6000000210439050834
6000000210439176831
6000000210481196825
6000000210501663880
6000000210501685872
6000000210534614840
6000000210534646849
6000000210534670828
6000000210534677822
6000000210534681828
6000000210534684825
6000000210534696827
6000000210534704822
6000000210534710821
6000000210534711821
6000000210534712821
6000000210534713821
6000000210535155851
6000000210685779831
6000000210721954829
6000000210723499822
6000000210723545822
6000000210723594821
6000000210732529851
6000000210732644833
6000000210850315821
6000000210850419834
6000000211005979842
6000000211064369840
6000000211064448824
6000000211064472840
6000000211064477827
6000000211064513881
6000000211064525821
6000000211064536827
6000000211064537847
6000000211064542835
6000000211064614824
6000000211240091839
6000000211240116839
6000000211261547846
6000000211261587829
6000000211261779830
6000000211300255821
6000000211300821827
6000000211300835823
6000000211300838826
6000000211300908845
6000000211300953821
6000000211300957838
6000000211321469875
6000000211332415823
6000000211404077886
6000000211404219821
6000000211404305850
6000000211404450830
6000000211405684821
6000000211405893834
6000000211406594830
6000000211406760821
6000000211541841843
6000000211542953821
6000000211607340843
6000000211797561839
6000000211797637821
6000000211824350853
6000000211888832824
6000000211976605821
6000000211987119821
6000000212017169834
6000000212017307822
6000000212063886831
6000000212064037823
6000000212119218825
6000000212123535826
6000000212123592835
6000000212123749831
6000000212195049165
6000000212195049171
6000000212195049177
6000000212195049182
6000000212195049199
6000000212195049204
6000000212234483823
6000000212257411830
6000000212319512821
6000000212328359867
6000000212402945828
6000000212432933883
6000000212476681826
6000000212537286821
6000000212537305821
6000000212661022824
6000000212662720870
6000000212662720904
6000000212662955823
6000000212709290842
6000000212709336827
6000000212759973822
6000000212760172830
6000000212777027830
6000000212777052824
6000000212808452833
6000000212853999821
6000000212854134821
6000000213149202842
6000000213149315828
6000000213426027822
6000000213426053821
6000000213528327836
6000000213535452821
6000000213872065821
6000000213892604838
6000000213892707833
6000000213892769823
6000000213942146823
6000000213942242840
6000000213942326833
6000000213942512824
6000000213942629825
6000000213942718824
6000000213942742827
6000000213942812831
6000000214031011101
6000000214031011141
6000000214031011149
6000000214031011157
6000000214031011164
6000000214031011171
6000000214032492960
6000000214032492968
6000000214032492976
6000000214032492984
6000000214032492991
6000000214032492999
6000000214032493007
6000000214032493014
6000000214032493026
6000000214032493048
6000000214032493055
6000000214112932831
6000000214136871821
6000000214425380828
6000000214615345835
6000000214769969822
6000000214771084840
6000000214786838833
6000000214867438845
6000000214891910832
6000000214909424823
6000000214909536821
6000000214956507823
6000000215087969886
6000000215125153821
6000000215406508856
6000000215406581825
6000000215406716841
6000000215406721847
6000000215406798821
6000000215406829821
6000000215479388836
6000000215479650829
6000000215483272822
6000000215483414831
6000000215483531867
6000000215493641829
6000000215850379846
6000000215850992832
6000000215932374825
6000000215932446831
6000000215934550846
6000000215935301822
6000000216013094821
6000000216030118832
6000000216072056834
6000000216072123841
6000000216072745834
6000000216169091824
6000000216169170834
6000000216169270842
6000000216169333845
6000000216315533845
6000000216342110831
6000000216342198843
6000000216342207833
6000000216342258823
6000000216475569821
6000000216713281825
6000000216766144824
6000000216806930304
6000000216806930310
6000000216841971845
6000000216935082829
6000000216935083847
6000000217017091824
6000000217027749825
6000000217055843824
6000000217057347886
6000000217229436888
6000000217229837823
6000000217288613841
6000000217288758824
6000000217363408821
6000000217363782849
6000000217363831831
6000000217363845822
6000000217364007821
6000000217364403821
6000000217364472821
6000000217371665830
6000000217371670840
6000000217371674821
6000000217434565823
6000000217434769834
6000000217434857828
6000000217435096821
6000000217435205841
6000000217435372873
6000000217435497871
6000000217435671842
6000000217435920843
6000000217435925824
6000000217435962862
6000000217526871845
6000000217565480832
6000000217675468830
6000000217738808927
6000000217841967833
6000000217904721873
6000000217904888876
6000000217904967827
6000000217928632825
6000000217932355887
6000000217932480877
6000000217932727830
6000000217992278840
6000000217992458821
6000000218047461825
6000000218284776855
6000000218284836849
6000000218465124827
6000000218579879938
6000000218580001836
6000000218580069827
6000000218580112825
6000000218580169841
6000000218580202847
6000000218580229831
6000000218580250821
6000000218597375849
6000000218608114828
6000000218638264559
6000000218638408167
6000000218638408203
6000000218638408214
6000000218638408218
6000000218638408226
6000000218638408239
6000000218638408251
6000000218638408273
6000000218638903296
6000000218638903332
6000000218659212844
6000000218733835003
6000000218767834838
6000000218767977824
6000000218767992831
6000000218794613827
6000000218887176186
6000000218888192024
6000000218888192039
6000000218888192106
6000000218995818301
6000000219089307804
6000000219089307810
6000000219089307816
6000000219105411905
6000000219105411930
6000000219197657886
6000000219276217843
6000000219294452877
6000000219294999862
6000000219309536974
6000000219309582880
6000000219309599863
6000000219309674858
6000000219344969826
6000000219400112841
6000000219400125859
6000000219400513821
6000000219486180856
6000000219497565823
6000000219560099830
6000000219560173835
6000000219582657843
6000000219620203865
6000000219620203869
6000000219621867957
6000000219622048890
6000000219767660843
6000000219767660848
6000000219773423861
6000000219773425861
6000000219776342824
6000000219810824832
6000000219810882836
6000000219899191868
6000000219899688841
6000000219899760827
6000000219899905848
6000000219906192874
6000000219906650823
6000000219961654857
6000000219961656852
6000000219961792828
6000000220005973877
6000000220006013862
6000000220006044864
6000000220006088854
6000000220006105870
6000000220006123836
6000000220006132859
6000000220006146850
6000000220006153891
6000000220006185824
6000000220006203844
6000000220006232865
6000000220006244840
6000000220025912930
6000000220030814839
6000000220030817824
6000000220030834839
6000000220030853827
6000000220030881832
6000000220030910824
6000000220030947850
6000000220030955821
6000000220074038863
6000000220183952834
6000000220205914891
6000000220206162871
6000000220355317885
6000000220448652824
6000000220563831900
6000000220642732909
6000000220667156909
6000000220669408854
6000000220831824868
6000000220832199880
6000000220833308828
6000000220910013828
6000000220935679824
6000000220940021065
6000000220940047058
6000000220942348872
6000000220981716936
6000000221023212918
6000000221023323870
6000000221023363825
6000000221052050062
6000000221052346975
6000000221052398862
6000000221052399896
6000000221052411856
6000000221052420869
6000000221052476874
6000000221052645943
6000000221052677850
6000000221052699883
6000000221052782836
6000000221052785836
6000000221054754904
6000000221097232945
6000000221097236955
6000000221097305850
6000000221097316849
6000000221097401830
6000000221097411828
6000000221097433837
6000000221097454830
6000000221097484822
6000000221097484852
6000000221138725919
6000000221138735884
6000000221138786863
6000000221139189892
6000000221139340841
6000000221169458126
6000000221169526092
6000000221169593041
6000000221180275884
6000000221217430891
6000000221228034875
6000000221229632925
6000000221281371821
6000000221286240851
6000000221288242822
6000000221289492888
6000000221299262018
6000000221299904839
6000000221299967014
6000000221300004858
6000000221338151895
6000000221340565821
6000000221473491949
6000000221473997006
6000000221474252827
6000000221502864302
6000000221506965936
6000000221507008849
6000000221532254842
6000000221619664968
6000000221639679938
6000000221767217922
6000000221767311824
6000000221789324853
6000000221830803868
6000000221869700949
6000000221891715878
6000000221891934890
6000000221892193874
6000000221892352834
6000000221892376823
6000000221922423917
6000000221922638976
6000000221922690910
6000000221922883875
6000000221922957865
6000000221923099843
6000000221936351830
6000000221980465828
6000000222001067848
6000000222002443826
6000000222030261938
6000000222030350888
6000000222030406026
6000000222030417974
6000000222030471871
6000000222030619822
6000000222030658826
6000000222030661822
6000000222062726852
6000000222104572890
6000000222138866812
6000000222138866818
6000000222140796830
6000000222140796839
6000000222140796845
6000000222140796848
6000000222140859860
6000000222140968260
6000000222140968266
6000000222140968276
6000000222140968287
6000000222140968293
6000000222140968296
6000000222140968299
6000000222140968378
6000000222193146970
6000000222193158888
6000000222193325905
6000000222193370900
6000000222193635821
6000000222198085890
6000000222198087853
6000000222198101834
6000000222198186847
6000000222274271870
6000000222296158880
6000000222308065996
6000000222308146890
6000000222308292092
6000000222308346823
6000000222308378842
6000000222308633835
6000000222309671895
6000000222309704859
6000000222310489841
6000000222310817884
6000000222374386135
6000000222376869914
6000000222445688825
6000000222447401841
6000000222447517823
6000000222449075005
6000000222518878006
6000000222519000009
6000000222519204970
6000000222519499858
6000000222519633856
6000000222558054825
6000000222567328031
6000000222567521877
6000000222567557851
6000000222567562893
6000000222575077846
6000000222703720889
6000000222703827822
6000000222704322845
6000000222711197149
6000000222711706951
6000000222711833032
6000000222712036831
6000000222749133982
6000000222800190036
6000000222800190172
6000000222800190234
6000000222835885947
6000000222836194824
6000000222836254822
6000000222836320850
6000000222864849857
6000000222867809934
6000000222868470897
6000000222868636861
6000000222868671852
6000000222873092939
6000000222916740914
6000000222916817897
6000000222930110831
6000000222930110849
6000000222930126837
6000000222930128837
6000000223055879950
6000000223056027828
6000000223118272006
6000000223118329890
6000000223118768856
6000000223118899839
6000000223153246852
6000000223207002867
6000000223229970727
6000000223230788581
6000000223230953918
6000000223231251065
6000000223231322790
6000000223231322798
6000000223231333246
6000000223231333270
6000000223231333576
6000000223231340255
6000000223231340375
6000000223231340501
6000000223231340516
6000000223231340531
6000000223231341716
6000000223231341761
6000000223231341773
6000000223231341783
6000000223231341819
6000000223231355124
6000000223231374275
6000000223231374292
6000000223231374303
6000000223231374550
6000000223231376046
6000000223231383607
6000000223231403580
6000000223231417091
6000000223231428026
6000000223231431687
6000000223231431704
6000000223231431712
6000000223231431720
6000000223231431731
6000000223231431740
6000000223231431748
6000000223231431761
6000000223231431768
6000000223231431783
6000000223231431802
6000000223231431811
6000000223231441974
6000000223231441979
6000000223231442031
6000000223231459721
6000000223231459763
6000000223231459773
6000000223231472456
6000000223231472529
6000000223231472647
6000000223231478243
6000000223231478265
6000000223231478292
6000000223231478394
6000000223231482716
6000000223231490393
6000000223231490406
6000000223231490430
6000000223231490438
6000000223231490445
6000000223231490452
6000000223231490477
6000000223231490492
6000000223231490515
6000000223231490524
6000000223231492301
6000000223231492309
6000000223231496269
6000000223231513174
6000000223231513182
6000000223231513190
6000000223231513365
6000000223231513552
6000000223231518069
6000000223231528051
6000000223231528222
6000000223231528295
6000000223231528311
6000000223231531479
6000000223231542569
6000000223231542621
6000000223231542629
6000000223231544473
6000000223231546311
6000000223231546322
6000000223231546340
6000000223231546350
6000000223231573304
6000000223231573442
6000000223231573461
6000000223231573523
6000000223231573531
6000000223231618201
6000000223231618565
6000000223231618588
6000000223231618614
6000000223231618626
6000000223231618643
6000000223231618655
6000000223231618678
6000000223231655693
6000000223231670293
6000000223231670588
6000000223231670598
6000000223231670619
6000000223231670632
6000000223231670640
6000000223231670653
6000000223231670671
6000000223231693360
6000000223231693374
6000000223231693384
6000000223231693401
6000000223231693410
6000000223231693420
6000000223231693438
6000000223231693446
6000000223231693547
6000000223231725001
6000000223231734376
6000000223231734460
6000000223231734488
6000000223231734572
6000000223231734597
6000000223231734605
6000000223231734626
6000000223231737102
6000000223231737123
6000000223231737131
6000000223231737139
6000000223231737148
6000000223231754949
6000000223231755278
6000000223231781687
6000000223231786485
6000000223231793006
6000000223231793017
6000000223231793031
6000000223231793042
6000000223231793052
6000000223231798737
6000000223231798750
6000000223231798762
6000000223231824460
6000000223231824468
6000000223231824531
6000000223231841000
6000000223231841008
6000000223231841025
6000000223231841033
6000000223231841041
6000000223231841049
6000000223231841125
6000000223231841161
6000000223231841170
6000000223231841187
6000000223231841203
6000000223231841216
6000000223231841232
6000000223231841262
6000000223231841270
6000000223231841278
6000000223231841286
6000000223231841294
6000000223231841310
6000000223231869125
6000000223231869135
6000000223231869144
6000000223231869173
6000000223231869193
6000000223231881568
6000000223231881581
6000000223231881750
6000000223231928981
6000000223231928992
6000000223231929015
6000000223231962046
6000000223232091965
6000000223232091990
6000000223232092004
6000000223232092012
6000000223232092041
6000000223232092103
6000000223232107980
6000000223232132097
6000000223232132253
6000000223232170442
6000000223232170454
6000000223232170474
6000000223232170485
6000000223232170491
6000000223232170497
6000000223232170503
6000000223232203999
6000000223232204041
6000000223232204068
6000000223232204086
6000000223232244109
6000000223232244117
6000000223232244149
6000000223232244173
6000000223232244213
6000000223232244233
6000000223232244637
6000000223232244646
6000000223232244671
6000000223232244689
6000000223232244702
6000000223232244709
6000000223232246821
6000000223232246829
6000000223232246840
6000000223232246853
6000000223232246869
6000000223232247368
6000000223232247383
6000000223232247394
6000000223232247411
6000000223232247419
6000000223232247427
6000000223232247435
6000000223232247467
6000000223232247475
6000000223232255545
6000000223232255561
6000000223232255602
6000000223232255630
6000000223232255667
6000000223232255777
6000000223232255798
6000000223232255806
6000000223232255814
6000000223232269809
6000000223232270677
6000000223232317836
6000000223232331540
6000000223232425738
6000000223232436013
6000000223232436049
6000000223232457978
6000000223232458350
6000000223232458360
6000000223232458422
6000000223232458439
6000000223232458617
6000000223232458804
6000000223232458822
6000000223232458836
6000000223232458852
6000000223232458871
6000000223232458883
6000000223232458894
6000000223232458903
6000000223232458917
6000000223232459157
6000000223232459273
6000000223232459745
6000000223232461982
6000000223232461995
6000000223232462395
6000000223232462482
6000000223232482896
6000000223232483031
6000000223232491756
6000000223232491763
6000000223232491776
6000000223232491815
6000000223232504267
6000000223232544137
6000000223232544186
6000000223232544202
6000000223232544263
6000000223232544274
6000000223232544285
6000000223232544304
6000000223232544316
6000000223232544352
6000000223232544365
6000000223232544435
6000000223232544445
6000000223232544452
6000000223232544486
6000000223232544494
6000000223232544505
6000000223232544513
6000000223232544528
6000000223232544554
6000000223232544611
6000000223232544634
6000000223232560638
6000000223232560715
6000000223232560728
6000000223232560741
6000000223232560749
6000000223232560758
6000000223232560775
6000000223232560793
6000000223232595007
6000000223232595034
6000000223232595045
6000000223232595075
6000000223232595090
6000000223232595101
6000000223232595124
6000000223232595142
6000000223232595155
6000000223232595176
6000000223232595184
6000000223232595198
6000000223232595207
6000000223232595217
6000000223232595411
6000000223232595435
6000000223232684997
6000000223232685005
6000000223232685016
6000000223232685065
6000000223232696476
6000000223232710958
6000000223232714032
6000000223232714255
6000000223232714263
6000000223232714276
6000000223232714417
6000000223232719944
6000000223232720168
6000000223232720183
6000000223232720193
6000000223232720211
6000000223232720225
6000000223232720235
6000000223232720240
6000000223232720251
6000000223232720331
6000000223232720342
6000000223232738245
6000000223232738264
6000000223232805996
6000000223232817832
6000000223232844858
6000000223232844903
6000000223232844913
6000000223232844953
6000000223232844961
6000000223232844976
6000000223232845010
6000000223232845027
6000000223232845036
6000000223232845047
6000000223232845056
6000000223232855721
6000000223232855732
6000000223232859050
6000000223232908436
6000000223232908469
6000000223232940868
6000000223232948391
6000000223232948430
6000000223232948439
6000000223232948454
6000000223232958316
6000000223232958323
6000000223232958330
6000000223233030265
6000000223233030314
6000000223233030328
6000000223233038911
6000000223233038933
6000000223233065600
6000000223233065630
6000000223233077089
6000000223233077106
6000000223233077119
6000000223233077133
6000000223233077143
6000000223233077480
6000000223233077677
6000000223233145862
6000000223233145879
6000000223233145888
6000000223233145897
6000000223233146008
6000000223233146211
6000000223233146397
6000000223233146441
6000000223233146708
6000000223233149852
6000000223233149916
6000000223233149926
6000000223233149944
6000000223233149956
6000000223233150000
6000000223233150020
6000000223233150032
6000000223233150045
6000000223233150053
6000000223233150066
6000000223233150374
6000000223233150930
6000000223233155951
6000000223233157899
6000000223233157965
6000000223233157978
6000000223233158002
6000000223233158032
6000000223233188599
6000000223233200939
6000000223233201125
6000000223233232879
6000000223233232893
6000000223233232917
6000000223233232953
6000000223233232963
6000000223233233012
6000000223233306824
6000000223233306834
6000000223233306851
6000000223233330298
6000000223233330339
6000000223233330358
6000000223233330376
6000000223233330389
6000000223233330399
6000000223233330412
6000000223233330430
6000000223233330449
6000000223233330458
6000000223233330468
6000000223233330495
6000000223233330508
6000000223233330519
6000000223233330580
6000000223233330597
6000000223233330608
6000000223233330615
6000000223233342148
6000000223233342173
6000000223233342222
6000000223233382188
6000000223233382229
6000000223233382248
6000000223233382261
6000000223233382304
6000000223233382335
6000000223233382351
6000000223233452318
6000000223233452330
6000000223233452347
6000000223233452363
6000000223233522311
6000000223233522318
6000000223233522326
6000000223233522342
6000000223233522355
6000000223233522363
6000000223233540249
6000000223233540267
6000000223233540345
6000000223233540367
6000000223233627119
6000000223233627249
6000000223233627274
6000000223233627283
6000000223233627301
6000000223233627314
6000000223233627324
6000000223233627358
6000000223233627372
6000000223233627384
6000000223233627397
6000000223233747060
6000000223233747095
6000000223233747104
6000000223233747112
6000000223233747121
6000000223233747139
6000000223233747157
6000000223233747173
6000000223233776824
6000000223233776841
6000000223233776856
6000000223233776899
6000000223233776916
6000000223233942101
6000000223233942154
6000000223233942192
6000000223233942209
6000000223234005953
6000000223234074966
6000000223234186855
6000000223234186894
6000000223234187315
6000000223234187328
6000000223234217878
6000000223234322998
6000000223234587902
6000000223234633971
6000000223234633982
6000000223234634012
6000000223234634019
6000000223234634026
6000000223234634033
6000000223234634047
6000000223234634054
6000000223234634066
6000000223234634077
6000000223311413980
6000000223311526031
6000000223311526034
6000000223321652913
6000000223350838649
6000000223352379358
6000000223352955786
6000000223353051194
6000000223353051210
6000000223353051219
6000000223353051229
6000000223353051242
6000000223353067261
6000000223353067268
6000000223353154024
6000000223353361621
6000000223353361665
6000000223353361673
6000000223353361681
6000000223353361692
6000000223353361700
6000000223353361708
6000000223353361716
6000000223353361724
6000000223353361732
6000000223355420819
6000000223355816708
6000000223355816762
6000000223355832167
6000000223355865392
6000000223355865416
6000000223355865434
6000000223355865445
6000000223355865566
6000000223356191204
6000000223356371673
6000000223356371695
6000000223356371733
6000000223356717274
6000000223356717338
6000000223356717359
6000000223356759765
6000000223356759802
6000000223356897393
6000000223356909921
6000000223356909934
6000000223356909942
6000000223356909956
6000000223356909968
6000000223356909997
6000000223356910005
6000000223356910025
6000000223356910087
6000000223356910121
6000000223356910132
6000000223357315827
6000000223357315871
6000000223357315967
6000000223357315980
6000000223357351830
6000000223357351860
6000000223357351895
6000000223357454852
6000000223399225859
6000000223399353867
6000000223422505821
6000000223428513363
6000000223428513407
6000000223428513423
6000000223428513444
6000000223428513457
6000000223428513465
6000000223428513476
6000000223429314907
6000000223429314928
6000000223429314935
6000000223429314943
6000000223429314951
6000000223429314958
6000000223429506094
6000000223429506116
6000000223431905926
6000000223431929857
6000000223432063836
6000000223432095884
6000000223432506881
6000000223432522835
6000000223432570850
6000000223433266001
6000000223433433957
6000000223433520950
6000000223433532898
6000000223433593889
6000000223433608874
6000000223433608881
6000000223433619893
6000000223433653823
6000000223433655882
6000000223433727835
6000000223433787875
6000000223433802874
6000000223433808842
6000000223433816834
6000000223433881824
6000000223433900827
6000000223433903849
6000000223434118825
6000000223452593907
6000000223452651874
6000000223452737821
6000000223456824847
6000000223463683953
6000000223463766854
6000000223463780846
6000000223508490907
6000000223540379308
6000000223540379319
6000000223540379332
6000000223540379342
6000000223540379350
6000000223540900935
6000000223540900958
6000000223540900978
6000000223540900996
6000000223540901004
6000000223540901012
6000000223540901021
6000000223540901028
6000000223547146903
6000000223649521895
6000000223649521977
6000000223649521985
6000000223649522009
6000000223649522020
6000000223649522033
6000000223658222860
6000000223663737823
6000000223673927395
6000000223674738754
6000000223674738773
6000000223676861839
6000000223676861928
6000000223676861937
6000000223676861945
6000000223676861961
6000000223676861969
6000000223676861977
6000000223676862117
6000000223676862129
6000000223676862136
6000000223676862147
6000000223676862155
6000000223676862162
6000000223676862421
6000000223676862432
6000000223676862448
6000000223676862464
6000000223676862480
6000000223676862490
6000000223676862508
6000000223688167879
6000000223688195877
6000000223688250848
6000000223688293825
6000000223688425828
6000000223691701701
6000000223691701709
6000000223691701722
6000000223691701731
6000000223691701741
6000000223691701756
6000000223692363131
6000000223692363139
6000000223692363170
6000000223692363178
6000000223692363192
6000000223692363220
6000000223692363228
6000000223692363236
6000000223692551349
6000000223692551447
6000000223692551467
6000000223692551484
6000000223692551491
6000000223692551502
6000000223692551515
6000000223692594449
6000000223692928021
6000000223692928110
6000000223692928124
6000000223692928249
6000000223692928258
6000000223692928295
6000000223692928320
6000000223692928348
6000000223692930495
6000000223692930607
6000000223692930622
6000000223692946979
6000000223692946990
6000000223692947001
6000000223692947011
6000000223692947052
6000000223692947075
6000000223692947114
6000000223692947125
6000000223692947148
6000000223692947222
6000000223692947245
6000000223692947259
6000000223692947272
6000000223692947281
6000000223692947316
6000000223692947324
6000000223693351940
6000000223693351950
6000000223693352008
6000000223697455006
6000000223697699827
6000000223697895849
6000000223697895861
6000000223697895880
6000000223697895903
6000000223697895914
6000000223697895955
6000000223697895977
6000000223697895987
6000000223697930833
6000000223697930913
6000000223697930930
6000000223697930984
6000000223697930996
6000000223697931009
6000000223697931022
6000000223697931083
6000000223697931091
6000000223697931098
6000000223698133799
6000000223698133814
6000000223699738924
6000000223699738944
6000000223699738959
6000000223699738968
6000000223699839825
6000000223699839838
6000000223699839846
6000000223710501623
6000000223710501638
6000000223710501647
6000000223710501668
6000000223710501685
6000000223710501696
6000000223710501705
6000000223710501716
6000000223710501740
6000000223710501752
6000000223710501766
6000000223711593299
6000000223711719315
6000000223711719334
6000000223711719344
6000000223711719357
6000000223711719365
6000000223711719379
6000000223711788082
6000000223711788092
6000000223711788118
6000000223711788268
6000000223712090957
6000000223712090965
6000000223712090980
6000000223712090995
6000000223713684800
6000000223713684814
6000000223714942250
6000000223714942261
6000000223715169659
6000000223715683039
6000000223715848825
6000000223715848837
6000000223715848851
6000000223716176931
6000000223716176967
6000000223716176983
6000000223716176991
6000000223724554420
6000000223724554442
6000000223725024405
6000000223725066065
6000000223725066072
6000000223725328404
6000000223725328416
6000000223734385003
6000000223764689964
6000000223764689982
6000000223764689992
6000000223764690019
6000000223764690037
6000000223764690045
6000000223764690053
6000000223764690068
6000000223764690076
6000000223764690092
6000000223764690105
6000000223764690115
6000000223764690127
6000000223769369837
6000000223775162480
6000000223775162498
6000000223775162508
6000000223775162520
6000000223775162532
6000000223775162542
6000000223775162551
6000000223775162558
6000000223775162566
6000000223775162572
6000000223775162582
6000000223775162591
6000000223775162596
6000000223775162601
6000000223775162606
6000000223775162611
6000000223775162617
6000000223775162626
6000000223775162636
6000000223775162645
6000000223775162651
6000000223775162657
6000000223775162666
6000000223775162671
6000000223775162700
6000000223775162706
6000000223775162720
6000000223775162726
6000000223775162753
6000000223775162759
6000000223775162785
6000000223775162791
6000000223775162816
6000000223775200264
6000000223775200279
6000000223775200287
6000000223775504948
6000000223775504955
6000000223775505484
6000000223775505533
6000000223775505590
6000000223775505608
6000000223775508012
6000000223775536918
6000000223775536937
6000000223775773860
6000000223775848961
6000000223776188833
6000000223776188848
6000000223776188858
6000000223776789413
6000000223780729588
6000000223781465255
6000000223781465264
6000000223781597081
6000000223788217781
6000000223788334665
6000000223788334682
6000000223788520156
6000000223788520159
6000000223788561419
6000000223788561424
6000000223789023304
6000000223789023317
6000000223789490894
6000000223789672941
6000000223789764821
6000000223789764850
6000000223789764865
6000000223789764924
6000000223790169879
6000000223790169905
6000000223790169915
6000000223790169936
6000000223790169962
6000000223790169970
6000000223790169977
6000000223790169984
6000000223790169991
6000000223790170004
6000000223790170013
6000000223790290353
6000000223790290426
6000000223790290440
6000000223790290449
6000000223790387629
6000000223790387671
6000000223790387695
6000000223790535669
6000000223792586862
6000000223792586918
6000000223794421149
6000000223794421160
6000000223794421171
6000000223794430442
6000000223794460128
6000000223794460143
6000000223794460150
6000000223795922300
6000000223795922311
6000000223795993213
6000000223795993221
6000000223795993229
6000000223796149625
6000000223796149633
6000000223796149679
6000000223797016238
6000000223797016248
6000000223797016261
6000000223797053953
6000000223797116142
6000000223797382939
6000000223797382969
6000000223797382976
6000000223797688960
6000000223797688972
6000000223797688985
6000000223799687718
6000000223800708166
6000000223800708203
6000000223800708211
6000000223801329096
6000000223801329155
6000000223803725129
6000000223803725144
6000000223803725156
6000000223803725181
6000000223803725189
6000000223803725197
6000000223803725205
6000000223803725213
6000000223803725221
6000000223804809876
6000000223804809884
6000000223804809892
6000000223804809902
6000000223804809910
6000000223804809922
6000000223806391387
6000000223806398899
6000000223806398910
6000000223806401017
6000000223806401032
6000000223806404196
6000000223806404220
6000000223806440967
6000000223806440998
6000000223806441006
6000000223806441014
6000000223806441021
6000000223806441028
6000000223806441036
6000000223806459419
6000000223806459425
6000000223806467869
6000000223806467881
6000000223806467933
6000000223806467943
6000000223806467974
6000000223806468000
6000000223806468021
6000000223806468040
6000000223806468054
6000000223806494444
6000000223806501082
6000000223806501093
6000000223806501105
6000000223806518159
6000000223806518170
6000000223806595787
6000000223806595802
6000000223806595812
6000000223806596594
6000000223806596608
6000000223806596620
6000000223806637978
6000000223806637991
6000000223806638000
6000000223806638007
6000000223806638015
6000000223806666433
6000000223806666492
6000000223806666504
6000000223806680895
6000000223806748468
6000000223806748477
6000000223806748486
6000000223806748496
6000000223806748505
6000000223806748513
6000000223806748526
6000000223806797404
6000000223806797412
6000000223806919940
6000000223806921862
6000000223806956019
6000000223807062877
6000000223807062881
6000000223807062886
6000000223807062891
6000000223807062896
6000000223807083012
6000000223807083019
6000000223807083030
6000000223807083038
6000000223807126016
6000000223807302839
6000000223807302872
6000000223807302882
6000000223807302894
6000000223807302901
6000000223807302909
6000000223807302929
6000000223807302937
6000000223807302946
6000000223807302956
6000000223807320771
6000000223807378989
6000000223807378997
6000000223807379005
6000000223807483986
6000000223807564780
6000000223807564802
6000000223807564809
6000000223807564816
6000000223807570399
6000000223807570437
6000000223807570449
6000000223807570460
6000000223807667858
6000000223807667873
6000000223807667897
6000000223807667941
6000000223807667958
6000000223807667966
6000000223807667988
6000000223807667997
6000000223807798577
6000000223807798599
6000000223807871945
6000000223807871975
6000000223807871997
6000000223807872005
6000000223807872013
6000000223807872021
6000000223807872029
6000000223807872043
6000000223807872062
6000000223807895991
6000000223807960024
6000000223807988043
6000000223807988055
6000000223808087211
6000000223808399470
6000000223808399537
6000000223808399552
6000000223808399560
6000000223808399573
6000000223808530776
6000000223808530799
6000000223808544502
6000000223808544530
6000000223808568090
6000000223808568112
6000000223808602332
6000000223808662631
6000000223808662678
6000000223808662689
6000000223808760084
6000000223808901045
6000000223808931837
6000000223808931851
6000000223808932032
6000000223808932042
6000000223808932064
6000000223808932086
6000000223808932098
6000000223808932110
6000000223808932124
6000000223809263049
6000000223809814834
6000000223809814846
6000000223809814859
6000000223809814936
6000000223809814943
6000000223809999055
6000000223809999063
6000000223809999071
6000000223809999079
6000000223809999096
6000000223809999108
6000000223809999133
6000000223822417480
6000000223822428188
6000000223822428195
6000000223822428202
6000000223822428210
6000000223822428218
6000000223822428226
6000000223822428235
6000000223822428243
6000000223822428252
6000000223822751796
6000000223822751804
6000000223822751812
6000000223822804965
6000000223822891148
6000000223822891218
6000000223822891250
6000000223822891274
6000000223822978296
6000000223822978299
6000000223822978302
6000000223822978305
6000000223822978308
6000000223822978316
6000000223822978324
6000000223822978332
6000000223822978342
6000000223822978350
6000000223822978367
6000000223822978373
6000000223823004822
6000000223823149947
6000000223823149959
6000000223823243182
6000000223823243191
6000000223823243199
6000000223823243211
6000000223823243223
6000000223823243235
6000000223823243249
6000000223823243264
6000000223823243281
6000000223823243288
6000000223823243296
6000000223823243309
6000000223823243318
6000000223823243336
6000000223823279064
6000000223823301884
6000000223823413973
6000000223823575905
6000000223824080266
6000000223824152840
6000000223824179083
6000000223824179111
6000000223824179129
6000000223824179154
6000000223824315196
6000000223824700822
6000000223838975852
6000000223843052140
6000000223843052149
6000000223843052158
6000000223843052167
6000000223843052180
6000000223843052190
6000000223843052205
6000000223843052216
6000000223843052224
6000000223843052233
6000000223846826885
6000000223847017847
6000000223847240857
6000000223868269709
6000000223869309149
6000000223869309179
6000000223869309184
6000000223869309189
6000000223869309195
6000000223869309201
6000000223869309216
6000000223869309222
6000000223869309257
6000000223869309266
6000000223869309280
6000000223869309416
6000000223869309437
6000000223869309445
6000000223869309454
6000000223871059018
6000000223899636303
6000000223899636310
6000000223899636317
6000000223910093847
6000000223920386864
6000000223920399858
6000000223920518843
6000000223945252885
6000000223945446853
6000000223959196951
6000000223979526827
6000000224010004860
6000000224010132879
6000000224035624606
6000000224035624630
6000000224035624638
6000000224070095842
6000000224070136829
6000000224070231821
6000000224070900821
6000000224070901946
6000000224071940993
6000000224071973910
6000000224071973916
6000000224071982926
6000000224072002824
6000000224087845840
6000000224088828821
6000000224089239908
6000000224089282933
6000000224101838840
6000000224156625852
6000000224157247823
6000000224157285850
6000000224190904081
6000000224209621821
6000000224216752903
6000000224216773938
6000000224254319949
6000000224254319953
6000000224254319957
6000000224254319961
6000000224318715033
6000000224318715045
6000000224332381864
6000000224332664843
6000000224351468805
6000000224351468815
6000000224351838825
6000000224351838833
6000000224367039723
6000000224368888228
6000000224374820842
6000000224375199866
6000000224375353851
6000000224375368865
6000000224375375822
6000000224375414824
6000000224375419833
6000000224379513913
6000000224379513917
6000000224379745887
6000000224379745891
6000000224436508003
6000000224437049826
6000000224437085850
6000000224437282821
6000000224451299218
6000000224462860858
6000000224473800916
6000000224476087104
6000000224476238949
6000000224476325841
6000000224476325897
6000000224476359848
6000000224476359864
6000000224476360910
6000000224476386859
6000000224476454829
6000000224476496855
6000000224487037743
6000000224487037764
6000000224502438821
6000000224502522256
6000000224502522282
6000000224502522315
6000000224502522345
6000000224579755869
6000000224579892838
6000000224711243827
6000000224812087130
6000000224812087139
6000000224812087152
6000000224812087163
6000000224812087174
6000000224812087183
6000000224812087201
6000000224812087210
6000000224812087219
6000000224812087228
6000000224812087237
6000000224812087246
6000000224812087257
6000000224812087263
6000000224812087272
6000000224812087283
6000000224812087290
6000000224812087299
6000000224812087310
6000000224812087321
6000000224812087330
6000000224812087340
6000000224812103238
6000000224812103243
6000000224812203130
6000000224812300150
6000000224812300160
6000000224812300168
6000000224812300173
6000000224812300184
6000000224812300192
6000000224812300200
6000000224812393950
6000000224812393969
6000000224812394032
6000000224812394042
6000000224812394089
6000000224812394099
6000000224812394144
6000000224812394154
6000000224812394196
6000000224846437829
6000000224846693838
6000000224847778880
6000000224880463901
6000000224880473867
6000000224880515842
6000000224880621825
6000000224990451415
6000000225021514890
6000000225084036825
6000000225088228901
6000000225088228905
6000000225088228909
6000000225131861952
6000000225131972888
6000000225132030829
6000000225132030845
6000000225146300852
6000000225148643849
6000000225148769903
6000000225148898832
6000000225149150821
6000000225155807915
6000000225156142834
6000000225281354843
6000000225281411833
6000000225353791938
6000000225353993864
6000000225354412835
6000000225394090864
6000000225395719942
6000000225395903852
6000000225396035827
6000000225396056825
6000000225420288841
6000000225433337861
6000000225433542868
6000000225433711912
6000000225437816881
6000000225437845853
6000000225448674942
6000000225448674946
6000000225448871839
6000000225448871843
6000000225495939185
6000000225496204027
6000000225496460049
6000000225496471058
6000000225496517967
6000000225496584977
6000000225496613960
6000000225496635089
6000000225496667010
6000000225496676869
6000000225496678921
6000000225496694833
6000000225496817933
6000000225496837893
6000000225496889867
6000000225496977822
6000000225497067821
6000000225497271842
6000000225497353822
6000000225497473823
6000000225522897123
6000000225542897968
6000000225543093864
6000000225543154870
6000000225543159921
6000000225543164921
6000000225543170838
6000000225543181828
6000000225543189836
6000000225543358821
6000000225563898922
6000000225563999830
6000000225564132847
6000000225564207821
6000000225587638884
6000000225587726853
6000000225661238839
6000000225675802994
6000000225706632890
6000000225706760852
6000000225706853821
6000000225707462821
6000000225725190845
6000000225732435916
6000000225732461864
6000000225732533841
6000000225732570838
6000000225751563824
6000000225779340845
6000000225791409965
6000000225793606916
6000000225793763832
6000000225862256980
6000000225953477052
6000000225953754955
6000000225971852821
6000000225972892821
6000000225973360824
6000000225974070827
6000000225974090035
6000000225974507841
6000000226023154844
6000000226031398924
6000000226070080908
6000000226167364934
6000000226167522822
6000000226205002974
6000000226205166029
6000000226205166032
6000000226271156009
6000000226284245016
6000000226284453828
6000000226284580844
6000000226285255842
6000000226285416847
6000000226294778883
6000000226309756909
6000000226310040821
6000000226334850867
6000000226334896845
6000000226353655851
6000000226360785884
6000000226360870845
6000000226378726948
6000000226378853864
6000000226437706952
6000000226437852871
6000000226457622886
6000000226457670011
6000000226457729853
6000000226708804857
6000000226708896825
6000000226833761835
6000000226857061050
6000000226925792842
6000000227008757864
6000000227008813843
6000000227032643899
6000000227032755906
6000000227036719829
6000000227039926826
6000000227040338177
6000000227040496843
6000000227040514839
6000000227040519867
6000000227040553824
6000000227040626876
6000000227040642831
6000000227064566838
6000000227086244080
6000000227086380915
6000000227086455824
6000000227086506866
6000000227204402855
6000000227223123884
6000000227225487992
6000000227225628908
6000000227225654852
6000000227226850980
6000000227226937013
6000000227226958932
6000000227226963946
6000000227226971913
6000000227226974923
6000000227227016909
6000000227227016919
6000000227227035828
6000000227227039845
6000000227227041063
6000000227227041840
6000000227227092862
6000000227227104853
6000000227227132960
6000000227227190927
6000000227227274837
6000000227227278828
6000000227227295846
6000000227227320831
6000000227228618082
6000000227228845895
6000000227258314142
6000000227258314174
6000000227289185918
6000000227291886826
6000000227293218831
6000000227295719853
6000000227296447925
6000000227297393968
6000000227297512829
6000000227297762830
6000000227297843999
6000000227298315838
6000000227298391886
6000000227313486929
6000000227326510857
6000000227326680842
6000000227327789838
6000000227331117833
6000000227380109838
6000000227380247996
6000000227398313824
6000000227405180821
6000000227443969880
6000000227460160863
6000000227460263873
6000000227460697832
6000000227601895821
6000000227676658979
6000000227676661960
6000000227676734863
6000000227676802897
6000000227683654853
6000000227707628871
6000000227708968860
6000000227710397834
6000000227710647857
6000000227710978823
6000000227712700862
6000000227714686873
6000000227715260898
6000000227715319837
6000000227715436831
6000000227715492839
6000000227716736847
6000000227717534826
6000000227720080850
6000000227723403845
6000000227725063822
6000000227725118843
6000000227725168838
6000000227725569897
6000000227725578964
6000000227727097862
6000000227730506824
6000000227730970826
6000000227735175860
6000000227735855842
6000000227738961944
6000000227739183868
6000000227741680915
6000000227741840051
959765
979118
