335866979610006042
335868465010007053
3772016
377496851930012371
377498087570013800
377526213270012313
377527192520012366
377528808670002145
377529186550011176
377529972470007568
4066768008900031356
4066815126050048187
4074620
4075981
4076012
4076042
4076057
4076069
4076162
4076215
4076247
4136240630600065724
4136882663250032704
4136900836310064854
4139456136780076239
4139456965300028079
4139457923750028251
4139458901300035101
4139461388000033439
4139464930740074734
4139465881190029271
4139538163250065843
4139541217600065375
4139542255430086535
4139546453580085022
4139592371350076515
4139593540680020307
4139594464200127901
4139595469780127706
4139599355430077106
4139600143410020113
4139600822890127611
4139601623220076544
4139602362340052613
4139633723490127421
4179068061100074163
4179078379150034997
4196409949420047611
4196409967730038260
4196414071880123403
4196424583110032105
4196425582060032788
4196427177490033079
4196429383810033086
4196430676370058027
4196440578240032980
4196441482500047492
4196449901970047814
4196451000090122687
4196493456010071126
4196506332090032106
4196509859740071531
4196510812050070812
4196513632570059455
4196514522800061631
4196520970830032904
4196542938210071047
4196544065550031005
4196582137580059504
4196585545850032140
4196586917190033035
4196601719970059058
4196603456100032828
4196614663060070845
4196620766460057294
4196621941500061954
4196624075300061962
4196625192680123950
4196626301060123957
4196627456220047234
4196628718860046817
4196629690520059605
4196689241470122928
4196748004650047854
4196768732930071190
4196816988670047855
4196834435800058018
4196842409880032113
4196862366050061460
4196864706380123918
4196868382820062013
4196872428890033122
4196874563850033134
4196883493450059569
4210295855580052975
4210297113640126119
4210298706770052566
4210300042090038547
4210517329200126851
4210537695430125347
4241137919500062017
4294225238070054673
4299198681300043246
4299199581210068528
4320572831580129180
4320961675340044229
4325672669100031572
4325683492170010704
4325781619510045393
4325820501100120356
4325911434800069206
4367549349370048814
4367554244690064128
4367556745500051128
4367559368720029299
4367561757010072856
4367565555590050711
4367570693420088471
4367573898680123477
4367578851280063926
4367581235720028965
4367584011550050537
4367588944050014302
4367593523730063640
4367596406730072634
4367599498460088311
4367604502840051100
4367609425930072648
4367614194510122873
4367617083260072827
4367622393300088525
4367627566350063997
4367630022810064284
4367632720620049202
4367636069120122805
4367641863210014163
4367647196480051004
4367649966710072993
4367653294920088176
4367659721400014637
4367664817430028632
4367668303790029126
4367673772950050610
4367677010220050445
4367686251610014630
4367689716970088486
4367696633560050566
4367702168130073092
4367705074270048982
4367720359130050547
4367726375240072708
4367731664240049052
4367735194370088101
4367741406530123181
4367746879700014418
4367752975240088126
4367799027120088577
4367806361940088429
4367811448850072829
4367813910820028641
4367817762920088126
4367823696530029180
4367831129870051198
4367836969510123202
4367843319620028861
4367849529660028609
4367852778420088353
4367859247280063538
4367862615040050600
4367869147100123247
4367872321890063557
4367878377590035155
4367884018170049523
4367887145010035791
4367890111090064154
4367892713910035040
4367895710950123642
4367898244960123552
4367900916370035527
4367908839000014329
4367911737050014525
4367914676290123740
4367921425350064097
4367925489970035269
4367928252130063882
4367931290840029397
4367937257320049612
4367943317830050602
4367946411990063951
4367959496500014505
4389929954390047371
4389943426990079031
4389956350270047824
4389989363970059254
4390000374760034192
4390021100910083266
4394913811740083983
4394935550460035682
4394940046850083920
4395034974650048913
4395045066600048823
4395053211900035668
4395168921210083408
4395187749970023777
4395233410730023977
4395256045240023537
4395307355060070735
4395350095050023711
4395397674260023684
4395879415120083450
4395898341220070342
4395945748160123292
4396025687100122938
4396037662380049109
4396065529090122755
4396183850080123069
4396221019740048882
4396233898500050943
4396278498310123350
4396311082370083430
4396343923260064238
4402448805080052312
4402453102710052569
4402457961780066269
4402459029450037165
4402461477310052779
4402462668570065926
4483526694520060435
4483536631740081781
4493964003710077550
4497195242790121146
4497264234910062600
4497269540750058739
4497274972370059453
4497598217860121746
4497600119700022075
4497605869150078170
4532446797520051635
4534712374910040949
4534773876420039444
4572537901100068986
4572539695390068700
4576978551460048307
4576990429420048166
4577014056230082604
4577016222310058847
4577017988150048006
4577022495480069703
4577024491320078434
4577027872660058685
4577033696000121325
4577037270660082898
4577044618170078680
4577056136420027495
4577067981000083214
4577073346610048348
4577304047100121390
4577313584670027236
4577315361630078447
4577317171590078277
4577335807520027303
4577389455420077921
4577391560920069789
4577393772120027216
4577518497710069540
4577551324140069831
4577557088000121763
4577689824780069779
4577692041240036802
4577700761000121669
4577703810260078684
4577706226620121599
4577708458470027421
4577711332200082823
4577718389190036770
4577721575720048219
4577724470910047864
4577726485510048319
4577780796060069821
4577783794530037192
4577786207170048417
4577790417760069642
4577823706900048054
4578033567740027660
4578035947800027221
4578037702330121497
4578052155930037159
4578054815050121450
4578057896620058810
4578060505760082788
4578062273290060204
4578482576250058399
4582306251400040076
4582339355590040013
4582367903550070293
4582394909580049618
4617120613180078966
4617121988810089212
4617123372590079014
4617129681670127477
4617131082140048605
4702929348520023885
4813792306400078233
4813802831320081144
4813807532610052051
4813816066270052165
4813819205170041999
4813823207240069780
4813826872890041773
4813828579840081453
4813836936870026651
4813837842550078358
4813839538670081207
4813842636300081168
4813845552340026219
4813847442710069733
4813853303180052282
4813901788540069802
4834353704910080249
4834386343610080112
4834518527640069616
4834571857040069440
4834647575400049130
4834695930690133425
4834720629110049277
4834723615520077986
4834726953950133682
5034389902140050888
5034402841100037479
5034407960570123464
5259526931300072590
5526158592420034075
6000000000032217822
6000000000032272824
6000000000032319880
6000000000032533493
6000000000032542713
6000000000032545216
6000000000032556160
6000000000032560325
6000000000032572201
6000000000035623990
6000000000035757522
6000000000035785218
6000000000035785991
6000000000035802784
6000000000035803423
6000000000035807708
6000000000035831436
6000000000035834308
6000000000035849538
6000000000035861072
6000000000035862155
6000000000035900055
6000000000035979360
6000000000035979427
6000000000036056012
6000000000037097922
6000000000037189174
6000000000037189473
6000000000037248081
6000000000037685865
6000000000037713863
6000000000037714810
6000000000037776924
6000000000037784600
6000000000037819390
6000000000037826229
6000000000037868931
6000000000037887303
6000000000037894087
6000000000037904163
6000000000037912252
6000000000037917859
6000000000037919752
6000000000037922242
6000000000037940096
6000000000037951471
6000000000037964444
6000000000038063114
6000000000053695768
6000000000053753990
6000000000053878393
6000000000054086027
6000000000071471571
6000000000088611427
6000000000089080927
6000000000089108804
6000000000089161496
6000000000089204623
6000000000089216248
6000000000089301139
6000000000090003702
6000000000090025494
6000000000090054541
6000000000090074605
6000000000090081500
6000000000090081572
6000000000093385139
6000000000098518870
6000000000098634962
6000000000098644784
6000000000098646947
6000000000098656940
6000000000098668740
6000000000098676533
6000000000098682979
6000000000098706477
6000000000098716469
6000000000098721852
6000000000098724375
6000000000098724567
6000000000098729477
6000000000098768546
6000000000098768757
6000000000098770462
6000000000098774599
6000000000098788548
6000000000098799537
6000000000098804872
6000000000098806942
6000000000098825146
6000000000098829535
6000000000098845183
6000000000098846175
6000000000098880630
6000000000098895492
6000000000098898705
6000000000098904397
6000000000098924801
6000000000098935030
6000000000098943151
6000000000099015603
6000000000099019122
6000000000099046911
6000000000099078119
6000000000099101022
6000000000099136412
6000000000099166194
6000000000099173402
6000000000099185753
6000000000099199139
6000000000099222057
6000000000099222766
6000000000099224596
6000000000099228756
6000000000099229937
6000000000099233710
6000000000099234789
6000000000099244079
6000000000099249779
6000000000099254036
6000000000099254595
6000000000099259945
6000000000099293420
6000000000099293793
6000000000099324192
6000000000099346777
6000000000099346808
6000000000099413868
6000000000099423044
6000000000099439994
6000000000099442110
6000000000099442846
6000000000099449661
6000000000099458049
6000000000099473865
6000000000099529130
6000000000099535478
6000000000099622243
6000000000099626043
6000000000099633335
6000000000099639642
6000000000099754927
6000000000099782075
6000000000099783543
6000000000099887455
6000000000099898282
6000000000099898763
6000000000099901032
6000000000099901916
6000000000099921566
6000000000099929224
6000000000099929739
6000000000099959205
6000000000099973189
6000000000099998061
6000000000100001028
6000000000100607790
6000000000100675961
6000000000100690776
6000000000100694784
6000000000100700627
6000000000100727885
6000000000100732775
6000000000100734748
6000000000100736655
6000000000100767799
6000000000100853086
6000000000100856308
6000000000100858203
6000000000100902118
6000000000101115326
6000000000103935948
6000000000104035781
6000000000104056579
6000000000104132532
6000000000104210392
6000000000104251063
6000000000107054739
6000000000111565849
6000000000111575921
6000000000111611963
6000000000111616776
6000000000111633789
6000000000111675807
6000000000111701856
6000000000111907323
6000000000112089261
6000000000112101603
6000000000112111067
6000000000112121262
6000000000112129040
6000000000112135229
6000000000112144196
6000000000112154648
6000000000112155105
6000000000112159127
6000000000112161110
6000000000112162187
6000000000112312076
6000000000112333576
6000000000112413109
6000000000118366681
6000000000118855287
6000000000120567604
6000000000120593131
6000000000131486803
6000000000131587515
6000000000133355380
6000000000135773735
6000000000139615941
6000000000146380658
6000000000146438314
6000000000146441468
6000000000146465346
6000000000148993436
6000000000148999748
6000000000149005588
6000000000211897857
6000000000211910741
6000000000211982974
6000000000212006527
6000000000212039671
6000000000212054246
6000000000212077256
6000000000212171217
6000000000212178016
6000000000212191982
6000000000212210885
6000000000212213083
6000000000212220884
6000000000212229911
6000000000212239448
6000000000212240588
6000000000212255243
6000000000212263425
6000000000212264399
6000000000212264820
6000000000212280572
6000000000212283399
6000000000212312659
6000000000212328453
6000000000212338635
6000000000212338721
6000000000212343187
6000000000212373601
6000000000212384583
6000000000212402528
6000000000212578107
6000000000222366159
6000000000222366166
6000000000222366173
6000000000222366313
6000000000222417473
6000000000222417482
6000000000222440518
6000000000222447950
6000000000222447970
6000000000222447977
6000000000222447993
6000000000224847456
6000000000224883186
6000000000224935003
6000000000227971982
6000000000228006998
6000000000234329268
6000000000234358380
6000000000234388105
6000000000254474161
6000000000254744472
6000000000254941973
6000000000255076245
6000000000255182195
6000000000261261537
6000000000265802854
6000000000266193898
6000000000266215176
6000000000266470024
6000000000266971909
6000000000267137995
6000000000267161585
6000000000267222439
6000000000267280291
6000000000267310172
6000000000267813179
6000000000270742972
6000000000280440506
6000000000280936667
6000000000280936901
6000000000281023826
6000000000282194493
6000000000282494134
6000000000284640709
6000000000284891145
6000000000285288577
6000000000285752363
6000000000285768454
6000000000289241970
6000000000292938586
6000000000295376734
6000000000295492774
6000000000295571028
6000000000295779956
6000000000295799498
6000000000295882336
6000000000296074137
6000000000296090933
6000000000296153331
6000000000296219403
6000000000297024941
6000000000297081939
6000000000297086779
6000000000297126768
6000000000297145429
6000000000297145699
6000000000297175385
6000000000297203307
6000000000297207904
6000000000297242256
6000000000297263825
6000000000297266310
6000000000297289090
6000000000297301421
6000000000297312545
6000000000297323326
6000000000297333058
6000000000297359975
6000000000297373044
6000000000297386646
6000000000297395345
6000000000297395797
6000000000297401222
6000000000297406766
6000000000297408983
6000000000297409856
6000000000297446473
6000000000297458367
6000000000297473489
6000000000297504350
6000000000297512734
6000000000297519757
6000000000297529300
6000000000297534197
6000000000297560358
6000000000297589352
6000000000297611004
6000000000297631220
6000000000297653441
6000000000297719173
6000000000297734045
6000000000297748073
6000000000298632884
6000000000300212989
6000000000300379496
6000000000300403589
6000000000302337882
6000000000302457498
6000000000302470340
6000000000302472494
6000000000302501295
6000000000304249913
6000000000304766972
6000000000304985713
6000000000305006403
6000000000305737351
6000000000309372463
6000000000309495491
6000000000310203807
6000000000310569909
6000000000310590208
6000000000310663693
6000000000310823237
6000000000314986858
6000000000315156400
6000000000315932886
6000000000315986864
6000000000316055618
6000000000316118152
6000000000316531874
6000000000316559893
6000000000316562902
6000000000316603652
6000000000316668429
6000000000316673973
6000000000316690158
6000000000316757126
6000000000316766638
6000000000316832585
6000000000316875335
6000000000316909431
6000000000316910101
6000000000316922345
6000000000316924028
6000000000316928377
6000000000316941097
6000000000316949205
6000000000316950204
6000000000322567545
6000000000322911369
6000000000327094843
6000000000327159816
6000000000327195666
6000000000327208866
6000000000327214875
6000000000327292665
6000000000327297752
6000000000327322545
6000000000327376586
6000000000327381828
6000000000327384433
6000000000327396306
6000000000327452345
6000000000327465340
6000000000327505192
6000000000327511813
6000000000327519130
6000000000327520189
6000000000327614661
6000000000327625899
6000000000327704305
6000000000327756874
6000000000327832265
6000000000327848113
6000000000327972042
6000000000328552101
6000000000328554331
6000000000328561066
6000000000328572169
6000000000328574142
6000000000328606033
6000000000328619186
6000000000328878552
6000000000328879197
6000000000328883389
6000000000328896350
6000000000328900450
6000000000328902180
6000000000328907204
6000000000328907418
6000000000328907765
6000000000328910223
6000000000328917435
6000000000328919547
6000000000328920394
6000000000328921455
6000000000328922264
6000000000328924200
6000000000328930353
6000000000328931506
6000000000328939390
6000000000328939473
6000000000328941358
6000000000328945400
6000000000328945552
6000000000328947459
6000000000329973256
6000000000329975622
6000000000329976498
6000000000329979085
6000000000329981370
6000000000329984080
6000000000329985130
6000000000329986460
6000000000329997405
6000000000329998439
6000000000329999067
6000000000330008327
6000000000330008354
6000000000330009682
6000000000330010415
6000000000330012685
6000000000330022598
6000000000330024062
6000000000330025409
6000000000330042134
6000000000330138475
6000000000330174818
6000000000330180128
6000000000330242506
6000000000330248478
6000000000330426080
6000000000330724039
6000000000330732005
6000000000330752211
6000000000330771343
6000000000330772003
6000000000330783058
6000000000330869298
6000000000335084984
6000000000335214983
6000000000335226525
6000000000335226943
6000000000335276790
6000000000335287854
6000000000335296642
6000000000335302459
6000000000335303954
6000000000335312871
6000000000335317395
6000000000335327496
6000000000335327574
6000000000335328504
6000000000335332621
6000000000335344382
6000000000335347556
6000000000335353402
6000000000335355582
6000000000335362796
6000000000335372546
6000000000335391655
6000000000335402506
6000000000335413418
6000000000335429243
6000000000335439214
6000000000335451328
6000000000335530008
6000000000335541002
6000000000335855914
6000000000335918987
6000000000336029860
6000000000336040671
6000000000336055973
6000000000336062919
6000000000336070802
6000000000336079853
6000000000336108561
6000000000336149758
6000000000336158587
6000000000336176555
6000000000336191376
6000000000336199700
6000000000336209695
6000000000336283309
6000000000336320286
6000000000336324507
6000000000336337313
6000000000336402370
6000000000336438309
6000000000336438978
6000000000336484014
6000000000336484127
6000000000336484428
6000000000336491466
6000000000336495444
6000000000336495508
6000000000336521416
6000000000336526245
6000000000336560168
6000000000336586994
6000000000336626777
6000000000336640489
6000000000336659716
6000000000336662647
6000000000336662690
6000000000336759634
6000000000336761684
6000000000336883044
6000000000337028636
6000000000337035759
6000000000337047463
6000000000337131286
6000000000337134693
6000000000337237057
6000000000337278863
6000000000337280117
6000000000337580483
6000000000337621140
6000000000337652476
6000000000337655584
6000000000337689221
6000000000337713446
6000000000337714625
6000000000337730188
6000000000338127076
6000000000338151177
6000000000338477023
6000000000344252562
6000000000359702108
6000000000379988868
6000000000380006786
6000000000380164613
6000000000396188945
6000000000396196912
6000000000396226965
6000000000396240686
6000000000396245902
6000000000396259903
6000000000396269643
6000000000396273947
6000000000396276679
6000000000396303549
6000000000396338460
6000000000396358412
6000000000396358519
6000000000396434383
6000000000396440172
6000000000396440296
6000000000396470161
6000000000396514378
6000000000396635151
6000000000396732068
6000000000396753375
6000000000396758086
6000000000396764055
6000000000396764120
6000000000396804060
6000000000417358754
6000000000417446465
6000000000417446492
6000000000417545888
6000000000417661332
6000000000417901092
6000000000528788718
6000000000531984112
6000000000532035081
6000000000551241882
6000000000551424219
6000000000551531074
6000000000566174131
6000000000566216054
6000000000566222190
6000000000571957435
6000000000572128389
6000000000583133930
6000000000583238341
6000000000590893973
6000000000591150861
6000000000591256696
6000000000591411642
6000000000593307342
6000000000617060385
6000000000618747380
6000000000635261899
6000000000635313394
6000000000640178855
6000000000640306047
6000000000641508419
6000000000646790220
6000000000646954297
6000000000646987092
6000000000657296554
6000000000657310844
6000000000657340385
6000000000657345388
6000000000657386629
6000000000657391092
6000000000657394848
6000000000657399053
6000000000657400292
6000000000657418639
6000000000657422634
6000000000657441338
6000000000657442314
6000000000657465111
6000000000657472479
6000000000657555139
6000000000700963900
6000000000749943553
6000000000750161058
6000000000757953323
6000000000757965135
6000000000758195596
6000000000758373313
6000000000782590477
6000000000782677509
6000000000792308564
6000000000798165945
6000000000798329413
6000000000798432292
6000000000799312729
6000000000816837474
6000000000817315640
6000000000823129086
6000000000823264016
6000000000823265008
6000000000824962955
6000000000825105363
6000000000825166533
6000000000825269589
6000000000825289264
6000000000825343048
6000000000825343179
6000000000849384218
6000000000849487039
6000000000850678679
6000000000850678791
6000000000850678798
6000000000850678814
6000000000850785962
6000000000850785971
6000000000850785982
6000000000850785993
6000000000850789004
6000000000850789015
6000000000850789026
6000000000850789033
6000000000850789048
6000000000888109670
6000000000906029010
6000000000909705134
6000000000910546062
6000000000911200719
6000000000913069903
6000000000933075448
6000000000953202648
6000000000954708814
6000000000980136376
6000000001015166667
6000000001015253270
6000000001125993320
6000000001126196434
6000000001126206443
6000000001136394028
6000000001149454411
6000000001153761177
6000000001183999023
6000000001215943298
6000000001215943316
6000000001215943341
6000000001215943348
6000000001215943564
6000000001215943572
6000000001215943579
6000000001215943586
6000000001215943593
6000000001215943670
6000000001215943740
6000000001215943823
6000000001215946048
6000000001215951047
6000000001215951054
6000000001215951061
6000000001215966196
6000000001216186155
6000000001216189594
6000000001216191838
6000000001216191852
6000000001216198557
6000000001216198892
6000000001216199132
6000000001216199146
6000000001216199153
6000000001216199166
6000000001216199173
6000000001216199180
6000000001216199187
6000000001216199201
6000000001216199208
6000000001216199215
6000000001216199222
6000000001216199236
6000000001216199243
6000000001216199309
6000000001216199327
6000000001216199334
6000000001216199341
6000000001216199362
6000000001216199369
6000000001216199376
6000000001216199383
6000000001216199390
6000000001216199397
6000000001216199404
6000000001216199411
6000000001216199418
6000000001216199425
6000000001216199432
6000000001216199474
6000000001216199481
6000000001216199500
6000000001216199508
6000000001216199515
6000000001216199522
6000000001216199536
6000000001216199550
6000000001216199557
6000000001216199564
6000000001216199572
6000000001216199579
6000000001216199586
6000000001216199593
6000000001216199670
6000000001216199677
6000000001216199684
6000000001216199691
6000000001216199698
6000000001216199705
6000000001216199712
6000000001216199719
6000000001216199726
6000000001216199740
6000000001216199898
6000000001216199906
6000000001216199913
6000000001216199920
6000000001216199927
6000000001216199934
6000000001216199941
6000000001216199948
6000000001216199956
6000000001216199963
6000000001216199970
6000000001216199991
6000000001216203011
6000000001216203019
6000000001216203026
6000000001216206138
6000000001216216580
6000000001216229206
6000000001216229214
6000000001216230613
6000000001270355034
6000000001272595407
6000000001272682899
6000000001272705703
6000000001272721233
6000000001272759032
6000000001272800222
6000000001272830155
6000000001272831610
6000000001272843065
6000000001272854603
6000000001273733421
6000000001297479280
6000000001297580405
6000000001297625177
6000000001297648355
6000000001297661166
6000000001297665095
6000000001297675365
6000000001297680154
6000000001297703117
6000000001297703307
6000000001297723005
6000000001309550516
6000000001333981783
6000000001333981798
6000000001337608071
6000000001337608719
6000000001337611817
6000000001337611851
6000000001337611929
6000000001337630017
6000000001337637331
6000000001337643325
6000000001337643334
6000000001380828716
6000000001380983518
6000000001381002781
6000000001381046535
6000000001381063554
6000000001381114215
6000000001381123265
6000000001381159246
6000000001381274001
6000000001381331583
6000000001381352444
6000000001398845185
6000000001402544580
6000000001412838724
6000000001430527099
6000000001435344499
6000000001435344517
6000000001435344537
6000000001435344569
6000000001435344587
6000000001435344608
6000000001435345371
6000000001435345861
6000000001435345885
6000000001435345897
6000000001435345909
6000000001435345925
6000000001435345936
6000000001435345952
6000000001435345965
6000000001435347030
6000000001435347041
6000000001435347100
6000000001435347174
6000000001435347199
6000000001435347210
6000000001435347222
6000000001435347238
6000000001435347268
6000000001435347279
6000000001435347290
6000000001435347314
6000000001435347327
6000000001435347351
6000000001435347364
6000000001435347435
6000000001435347446
6000000001435347459
6000000001435347473
6000000001435347484
6000000001435347500
6000000001435347529
6000000001435347543
6000000001435347554
6000000001435347577
6000000001435347602
6000000001435347640
6000000001435347720
6000000001435347741
6000000001435347752
6000000001435347779
6000000001435347791
6000000001435347802
6000000001435347813
6000000001435347860
6000000001435347871
6000000001435347974
6000000001435347998
6000000001435349014
6000000001435349037
6000000001435349062
6000000001435349082
6000000001435349108
6000000001435349121
6000000001435349135
6000000001435349149
6000000001435349161
6000000001435349174
6000000001435349187
6000000001435349201
6000000001435349213
6000000001435349226
6000000001435349236
6000000001435349259
6000000001435349270
6000000001435349286
6000000001435349303
6000000001435349318
6000000001435349331
6000000001435349346
6000000001435349358
6000000001435349386
6000000001435349399
6000000001435349409
6000000001435349427
6000000001435349454
6000000001435349662
6000000001435349758
6000000001435349776
6000000001435349795
6000000001435349877
6000000001435349891
6000000001435349909
6000000001435349981
6000000001435349997
6000000001435355063
6000000001435355150
6000000001435355160
6000000001435355170
6000000001435355183
6000000001435355197
6000000001435355293
6000000001435355313
6000000001435355333
6000000001435355344
6000000001435355406
6000000001435355420
6000000001435355442
6000000001435355472
6000000001435355487
6000000001435355513
6000000001435355525
6000000001435355575
6000000001435355850
6000000001435355861
6000000001435355872
6000000001435355895
6000000001435355907
6000000001435355916
6000000001435355926
6000000001435355948
6000000001435355959
6000000001435355974
6000000001435355984
6000000001435361030
6000000001435361045
6000000001435361071
6000000001435361087
6000000001435361098
6000000001435361127
6000000001435361141
6000000001435361156
6000000001435361327
6000000001435361337
6000000001435361368
6000000001435361378
6000000001435361398
6000000001435361412
6000000001435361499
6000000001435361510
6000000001435361554
6000000001435361570
6000000001435361582
6000000001435361592
6000000001435361603
6000000001435361614
6000000001435361645
6000000001435361655
6000000001435361676
6000000001435361686
6000000001435361696
6000000001435361706
6000000001435361740
6000000001435361772
6000000001435361782
6000000001435361993
6000000001435362348
6000000001435362441
6000000001435362483
6000000001435364099
6000000001435364112
6000000001435364136
6000000001435364168
6000000001435364182
6000000001435364194
6000000001435364224
6000000001435364482
6000000001435364492
6000000001435364515
6000000001435364527
6000000001435364549
6000000001435364593
6000000001435364690
6000000001435364937
6000000001435365595
6000000001435365605
6000000001435365620
6000000001435365631
6000000001435365642
6000000001435365666
6000000001435365680
6000000001435365690
6000000001435365720
6000000001435365733
6000000001435365756
6000000001435365774
6000000001435365792
6000000001435370446
6000000001435370469
6000000001435370515
6000000001435370535
6000000001435370549
6000000001435370564
6000000001435372001
6000000001435372015
6000000001435372032
6000000001435372046
6000000001435372136
6000000001435372179
6000000001435372192
6000000001435372225
6000000001435372253
6000000001435372265
6000000001435372276
6000000001435372288
6000000001435372311
6000000001435372341
6000000001435372357
6000000001435372378
6000000001435372394
6000000001435375535
6000000001435376160
6000000001435379530
6000000001435379550
6000000001435379561
6000000001435379572
6000000001435379583
6000000001435379637
6000000001435397080
6000000001435397098
6000000001435397116
6000000001435397134
6000000001435397492
6000000001435397508
6000000001435397995
6000000001435398007
6000000001435408570
6000000001435408584
6000000001435408596
6000000001435408609
6000000001435408621
6000000001435408635
6000000001435408655
6000000001435408692
6000000001435408811
6000000001435408850
6000000001435415260
6000000001435421653
6000000001435421664
6000000001435421692
6000000001435421733
6000000001435421762
6000000001435421781
6000000001435421829
6000000001435421840
6000000001435421917
6000000001435421927
6000000001435421994
6000000001435422007
6000000001435422018
6000000001435422032
6000000001435422046
6000000001435422058
6000000001435422068
6000000001435422077
6000000001435422217
6000000001435422230
6000000001435422249
6000000001435422304
6000000001435422418
6000000001435422429
6000000001435422461
6000000001435422556
6000000001435422567
6000000001435422578
6000000001435422589
6000000001435422600
6000000001435422611
6000000001435422623
6000000001435422662
6000000001435422700
6000000001435422709
6000000001435422721
6000000001435422732
6000000001435422745
6000000001435422764
6000000001435422784
6000000001435426024
6000000001435426035
6000000001435426046
6000000001435426058
6000000001435426146
6000000001435426196
6000000001435426207
6000000001435426226
6000000001435426246
6000000001435426264
6000000001435426291
6000000001435426309
6000000001435426319
6000000001435426330
6000000001435426341
6000000001435426352
6000000001435427672
6000000001435427701
6000000001435427752
6000000001435427858
6000000001435434411
6000000001435434492
6000000001435434531
6000000001435440094
6000000001435440192
6000000001435440291
6000000001435440305
6000000001435443574
6000000001435443583
6000000001435443732
6000000001435458665
6000000001435458685
6000000001435458707
6000000001435458719
6000000001435458766
6000000001435462216
6000000001435462236
6000000001435462301
6000000001435462311
6000000001435462330
6000000001435487385
6000000001435487394
6000000001435487403
6000000001435487486
6000000001435487506
6000000001435487515
6000000001435487562
6000000001435487622
6000000001435487749
6000000001435487760
6000000001435487778
6000000001435487836
6000000001435487857
6000000001435487869
6000000001435487881
6000000001435487900
6000000001435487912
6000000001435487923
6000000001435487933
6000000001435487952
6000000001435487962
6000000001435487990
6000000001435488000
6000000001435491012
6000000001435491022
6000000001435491035
6000000001435491049
6000000001435491062
6000000001435491075
6000000001435491112
6000000001435491131
6000000001435491151
6000000001435491994
6000000001435495012
6000000001435495031
6000000001435495041
6000000001435495052
6000000001435495063
6000000001435499815
6000000001435499824
6000000001435507965
6000000001435507992
6000000001435513299
6000000001435513308
6000000001435513328
6000000001435513338
6000000001435513348
6000000001435513357
6000000001435513473
6000000001436709484
6000000001449360857
6000000001449447730
6000000001449528329
6000000001457281249
6000000001457320169
6000000001461515146
6000000001485959203
6000000001485973085
6000000001487441020
6000000001488293399
6000000001488469450
6000000001488702287
6000000001488788041
6000000001489141304
6000000001489779696
6000000001489967143
6000000001490131246
6000000001523634595
6000000001532952729
6000000001532954962
6000000001533289347
6000000001546168205
6000000001553720028
6000000001553720042
6000000001553720057
6000000001559353217
6000000001559402022
6000000001560033000
6000000001560167192
6000000001560168211
6000000001560219137
6000000001560335097
6000000001566400105
6000000001583009181
6000000001601792029
6000000001636922838
6000000001636973561
6000000001637104501
6000000001637127469
6000000001637144401
6000000001637154298
6000000001637246150
6000000001655916762
6000000001655934229
6000000001655964251
6000000001655964992
6000000001655967632
6000000001686103159
6000000001686114404
6000000001686114524
6000000001686135628
6000000001728220688
6000000001728220696
6000000001728220732
6000000001728220741
6000000001728220750
6000000001728220759
6000000001728220768
6000000001728220795
6000000001728220804
6000000001728220813
6000000001728243243
6000000001728243257
6000000001728244930
6000000001728267258
6000000001728267264
6000000001728267270
6000000001728267464
6000000001728267473
6000000001728272040
6000000001752447732
6000000001760326506
6000000001809638693
6000000001809964559
6000000001809971318
6000000001809995181
6000000001823035493
6000000001952141266
6000000001952141310
6000000001952191609
6000000001952210960
6000000001952212937
6000000001952235913
6000000001952258452
6000000001952258521
6000000001952260956
6000000001952265441
6000000001952265691
6000000001952282190
6000000001952315276
6000000001952344268
6000000001952385089
6000000001952389248
6000000001952395155
6000000001952446005
6000000001952453063
6000000001952465197
6000000002014410864
6000000002014620068
6000000002014681015
6000000002014794699
6000000002014826288
6000000002015363539
6000000002015452053
6000000002023203975
6000000002023311981
6000000002023745209
6000000002023774563
6000000002024043551
6000000002024053882
6000000002024074091
6000000002024106635
6000000002024117360
6000000002024160080
6000000002024161394
6000000002024250001
6000000002024266083
6000000002024277172
6000000002030647041
6000000002030848967
6000000002030944937
6000000002030995845
6000000002031024423
6000000002031076834
6000000002031088722
6000000002031114385
6000000002031115831
6000000002031134205
6000000002031156220
6000000002031168142
6000000002031168477
6000000002031171675
6000000002031192136
6000000002031198187
6000000002031198924
6000000002031206005
6000000002031234490
6000000002031236292
6000000002031245431
6000000002031253500
6000000002031262679
6000000002031291370
6000000002031317055
6000000002031317276
6000000002041104892
6000000002041157871
6000000002041181767
6000000002041181985
6000000002041197549
6000000002041740358
6000000002042250833
6000000002042326645
6000000002042443353
6000000002042522774
6000000002042706055
6000000002042727076
6000000002050914703
6000000002051966252
6000000002052250522
6000000002052291170
6000000002053577345
6000000002053679588
6000000002053687751
6000000002053728408
6000000002053738251
6000000002053766008
6000000002053766046
6000000002053784047
6000000002053784111
6000000002053789832
6000000002054256462
6000000002054447778
6000000002054615379
6000000002054642592
6000000002054683162
6000000002054703176
6000000002054708089
6000000002054722230
6000000002054746541
6000000002054747167
6000000002054946646
6000000002054946982
6000000002054949776
6000000002054971560
6000000002054983575
6000000002055050316
6000000002055059217
6000000002055156353
6000000002055168857
6000000002055180425
6000000002055190398
6000000002055253337
6000000002055260332
6000000002055274366
6000000002055284603
6000000002055301599
6000000002055319062
6000000002055324087
6000000002055327199
6000000002055329385
6000000002055335153
6000000002055339634
6000000002055344035
6000000002055370299
6000000002055526364
6000000002055528685
6000000002055529514
6000000002055532675
6000000002055532782
6000000002055538131
6000000002055546266
6000000002055551675
6000000002055611749
6000000002055621801
6000000002055665313
6000000002055665586
6000000002055678938
6000000002055702943
6000000002055706349
6000000002055707201
6000000002055707349
6000000002055712126
6000000002055733239
6000000002055740970
6000000002055741474
6000000002055881220
6000000002055885103
6000000002055929821
6000000002056019574
6000000002056031991
6000000002056052786
6000000002056106467
6000000002056107314
6000000002056116174
6000000002056183632
6000000002056227147
6000000002056299741
6000000002062655209
6000000002062870431
6000000002063194427
6000000002063224659
6000000002063294313
6000000002063394859
6000000002063409096
6000000002063484244
6000000002063490146
6000000002063506072
6000000002063506210
6000000002063755189
6000000002063758137
6000000002063872005
6000000002065927505
6000000002065939622
6000000002066064354
6000000002066085450
6000000002066096036
6000000002066101355
6000000002066111125
6000000002067586174
6000000002067687139
6000000002067702149
6000000002067727655
6000000002067768650
6000000002068021674
6000000002068190784
6000000002070536450
6000000002070579237
6000000002070592182
6000000002070602090
6000000002076096641
6000000002076144270
6000000002077375595
6000000002077530133
6000000002077537377
6000000002077623210
6000000002077670300
6000000002077671209
6000000002077674118
6000000002077714155
6000000002077721059
6000000002077735131
6000000002077788607
6000000002078025510
6000000002078153093
6000000002078170339
6000000002078185139
6000000002078196172
6000000002078202260
6000000002078210063
6000000002078257150
6000000002078277075
6000000002083959208
6000000002084234654
6000000002084250811
6000000002084340839
6000000002084349857
6000000002084359559
6000000002084364786
6000000002084425793
6000000002084459037
6000000002084464074
6000000002084468878
6000000002084470335
6000000002084474560
6000000002084478298
6000000002084521079
6000000002084521903
6000000002084527037
6000000002084531010
6000000002084589284
6000000002084632178
6000000002084633797
6000000002084638409
6000000002084654341
6000000002084678289
6000000002084681261
6000000002084709066
6000000002084969601
6000000002085622811
6000000002085675159
6000000002085736086
6000000002089050452
6000000002089159335
6000000002089282695
6000000002089345967
6000000002089375267
6000000002089389316
6000000002089428696
6000000002089436072
6000000002089467657
6000000002089475517
6000000002089565114
6000000002089603096
6000000002095204987
6000000002095336704
6000000002097608659
6000000002097687725
6000000002101518038
6000000002109758148
6000000002109761536
6000000002109825485
6000000002128652110
6000000002138338593
6000000002139844573
6000000002160737765
6000000002160768781
6000000002160804411
6000000002165412536
6000000002165444911
6000000002165526046
6000000002165542045
6000000002165586179
6000000002171089210
6000000002171166067
6000000002185987452
6000000002186907640
6000000002187103060
6000000002188099837
6000000002188099845
6000000002188099860
6000000002188099881
6000000002188099903
6000000002188099914
6000000002188099924
6000000002188099961
6000000002188099977
6000000002188101001
6000000002188101037
6000000002188101043
6000000002188101049
6000000002188101055
6000000002188101061
6000000002188101067
6000000002188101080
6000000002188101086
6000000002188101092
6000000002188101098
6000000002188101104
6000000002188101110
6000000002188101116
6000000002188101122
6000000002188101128
6000000002188101134
6000000002188101140
6000000002188101146
6000000002188101152
6000000002188101158
6000000002188101164
6000000002188101170
6000000002188101176
6000000002188101182
6000000002188101188
6000000002188101235
6000000002188101251
6000000002188101257
6000000002188101265
6000000002188101302
6000000002188101415
6000000002188101423
6000000002188101438
6000000002188101453
6000000002188101468
6000000002188140809
6000000002188140876
6000000002188140891
6000000002188140907
6000000002188140935
6000000002188140941
6000000002188140976
6000000002188140988
6000000002188140994
6000000002188144089
6000000002188144736
6000000002188193842
6000000002188303314
6000000002188303330
6000000002199690855
6000000002199763988
6000000002199921463
6000000002200006059
6000000002200018781
6000000002200018810
6000000002200101886
6000000002200142986
6000000002200160530
6000000002200179404
6000000002200201904
6000000002200221230
6000000002200235355
6000000002200247368
6000000002200277225
6000000002200289554
6000000002200292102
6000000002200319375
6000000002200319674
6000000002200337618
6000000002200337671
6000000002200361467
6000000002200362561
6000000002200377370
6000000002200411167
6000000002200416188
6000000002200422012
6000000002200430079
6000000002200431820
6000000002200451312
6000000002200451371
6000000002200458141
6000000002200463066
6000000002200482183
6000000002200489100
6000000002200489220
6000000002200489883
6000000002200598045
6000000002200639171
6000000002205090357
6000000002205178375
6000000002205227267
6000000002205299066
6000000002205814397
6000000002210132989
6000000002210185571
6000000002210306123
6000000002210999617
6000000002211015366
6000000002211028622
6000000002211030852
6000000002211049421
6000000002211049520
6000000002211059891
6000000002211065169
6000000002211096278
6000000002211107782
6000000002211117221
6000000002211120385
6000000002211127115
6000000002211225059
6000000002213805344
6000000002213963601
6000000002213969323
6000000002214024059
6000000002214030241
6000000002214054018
6000000002214070071
6000000002214264583
6000000002214293775
6000000002214333410
6000000002214541079
6000000002214552604
6000000002214563762
6000000002214581008
6000000002214592077
6000000002214691688
6000000002214695595
6000000002214815298
6000000002214895106
6000000002218906780
6000000002219086631
6000000002219091080
6000000002219234318
6000000002220523835
6000000002220594048
6000000002220615042
6000000002220619114
6000000002220627036
6000000002220681075
6000000002222530948
6000000002222580490
6000000002222582650
6000000002222798193
6000000002222933068
6000000002222939057
6000000002222988058
6000000002223548487
6000000002223708597
6000000002223854068
6000000002234536646
6000000002234541648
6000000002234573863
6000000002234599563
6000000002234654252
6000000002234658318
6000000002234667410
6000000002234679216
6000000002234715303
6000000002234720283
6000000002234765110
6000000002235338151
6000000002259696850
6000000002281042341
6000000002281059726
6000000002281382238
6000000002281824109
6000000002285073755
6000000002285165927
6000000002285214570
6000000002285968883
6000000002286014556
6000000002286043196
6000000002286068260
6000000002286126135
6000000002286152816
6000000002286192654
6000000002286194139
6000000002308931465
6000000002309037551
6000000002312450192
6000000002317156986
6000000002317216759
6000000002317240952
6000000002317263395
6000000002317370586
6000000002317417244
6000000002317453007
6000000002317469049
6000000002318365538
6000000002323247606
6000000002325538697
6000000002332938920
6000000002333654561
6000000002333932747
6000000002335397938
6000000002335434610
6000000002335464876
6000000002335560488
6000000002335653299
6000000002335657135
6000000002335713212
6000000002335717617
6000000002335718732
6000000002335738621
6000000002335747020
6000000002335749566
6000000002335751554
6000000002335766536
6000000002335767699
6000000002335784087
6000000002335792233
6000000002335842125
6000000002335937138
6000000002336016012
6000000002359786211
6000000002360479935
6000000002360533856
6000000002360637401
6000000002360685181
6000000002360691118
6000000002360833169
6000000002372640546
6000000002376940932
6000000002376971628
6000000002377058708
6000000002377064851
6000000002377102652
6000000002377195099
6000000002377211942
6000000002377233708
6000000002377238524
6000000002377253986
6000000002377288558
6000000002377302319
6000000002377302496
6000000002377305365
6000000002377383066
6000000002377446077
6000000002385046561
6000000002385061905
6000000002385077852
6000000002385109883
6000000002385124795
6000000002385143528
6000000002385189951
6000000002385217427
6000000002385256763
6000000002385276679
6000000002385285392
6000000002385291143
6000000002385291661
6000000002385305560
6000000002385347285
6000000002385397909
6000000002385436368
6000000002385456346
6000000002385641014
6000000002389420974
6000000002389620839
6000000002389690458
6000000002389726199
6000000002389727273
6000000002389752035
6000000002389753072
6000000002389755010
6000000002389778267
6000000002389803061
6000000002389849428
6000000002395206189
6000000002395264253
6000000002410193584
6000000002416967466
6000000002420261332
6000000002420733506
6000000002420782420
6000000002420881036
6000000002426993546
6000000002427074131
6000000002427136242
6000000002427204129
6000000002429883700
6000000002439044519
6000000002439142367
6000000002439370010
6000000002439546710
6000000002442536344
6000000002451625211
6000000002451681767
6000000002451686622
6000000002451838834
6000000002451878565
6000000002451878609
6000000002451955651
6000000002455502936
6000000002455678511
6000000002456669246
6000000002457682266
6000000002457897645
6000000002460747713
6000000002460785392
6000000002467677171
6000000002469016785
6000000002469030023
6000000002469354473
6000000002469432296
6000000002469439805
6000000002469486521
6000000002469496981
6000000002470120066
6000000002470238496
6000000002470308499
6000000002470530392
6000000002471770353
6000000002473820718
6000000002478870787
6000000002479232015
6000000002479399133
6000000002480122344
6000000002480176041
6000000002480244220
6000000002480284026
6000000002480465814
6000000002480659653
6000000002480691686
6000000002480715172
6000000002480771842
6000000002480803450
6000000002481253260
6000000002481254239
6000000002481432715
6000000002481531239
6000000002481580049
6000000002484094380
6000000002484381067
6000000002486169582
6000000002509957818
6000000002510289739
6000000002510860963
6000000002510965409
6000000002510983351
6000000002511011263
6000000002511062078
6000000002511265425
6000000002515390234
6000000002528284564
6000000002528580744
6000000002528589240
6000000002532515372
6000000002532515378
6000000002533200144
6000000002534664889
6000000002534854217
6000000002535809966
6000000002536331629
6000000002536374542
6000000002536427109
6000000002536477119
6000000002536597242
6000000002536620169
6000000002536687146
6000000002536692476
6000000002536748047
6000000002536771580
6000000002536776004
6000000002537574469
6000000002537800379
6000000002540825699
6000000002562289367
6000000002563725924
6000000002563889984
6000000002564007245
6000000002564013251
6000000002564022002
6000000002573304568
6000000002573425738
6000000002573457089
6000000002573581216
6000000002576632395
6000000002576635554
6000000002580738007
6000000002581516152
6000000002581516250
6000000002581573369
6000000002581727119
6000000002587032575
6000000002593506210
6000000002594143279
6000000002594187550
6000000002594256196
6000000002613821352
6000000002668193837
6000000002668265389
6000000002670739634
6000000002670989088
6000000002671380587
6000000002672772279
6000000002680336631
6000000002680612078
6000000002680614313
6000000002683353785
6000000002684951257
6000000002685003140
6000000002685080020
6000000002689813495
6000000002690220056
6000000002690595323
6000000002690712161
6000000002692096310
6000000002692973878
6000000002693043089
6000000002697029878
6000000002697157813
6000000002697186878
6000000002697268905
6000000002697279778
6000000002697317848
6000000002697370443
6000000002697440091
6000000002697450554
6000000002697455589
6000000002697508124
6000000002697512265
6000000002697528273
6000000002697556317
6000000002697585352
6000000002700713968
6000000002700814872
6000000002700867352
6000000002700883521
6000000002700906444
6000000002701004157
6000000002701009184
6000000002713130654
6000000002714323970
6000000002714577062
6000000002714719571
6000000002714721248
6000000002714747478
6000000002714751854
6000000002714790885
6000000002714806160
6000000002714810536
6000000002714822367
6000000002714833366
6000000002714833411
6000000002714840344
6000000002714845375
6000000002714871131
6000000002721334925
6000000002721502191
6000000002721686056
6000000002728736507
6000000002728887395
6000000002728902340
6000000002728951124
6000000002735471499
6000000002794697536
6000000002794697795
6000000002794739503
6000000002794747591
6000000002794792760
6000000002794818976
6000000002794846402
6000000002794897023
6000000002794964218
6000000002795307219
6000000002796596455
6000000002825149771
6000000002825908533
6000000002837428920
6000000002837428928
6000000002837428936
6000000002837428953
6000000002840284572
6000000002843675794
6000000002843809958
6000000002843956569
6000000002847993387
6000000002848005463
6000000002848055920
6000000002848068107
6000000002848077585
6000000002848078484
6000000002874425367
6000000002887199021
6000000002892159744
6000000002892287443
6000000002910624506
6000000002934660014
6000000002937689229
6000000002937689364
6000000002937693501
6000000002956552604
6000000002956981502
6000000002957025261
6000000002960859429
6000000002987495189
6000000003016247602
6000000003016360123
6000000003067631540
6000000003073572355
6000000003080317933
6000000003080322690
6000000003080369520
6000000003080463162
6000000003080463182
6000000003080482334
6000000003080549150
6000000003085222830
6000000003085308169
6000000003085317383
6000000003085371604
6000000003107810955
6000000003107862548
6000000003107904946
6000000003107927563
6000000003107927913
6000000003107993290
6000000003108007646
6000000003108008638
6000000003108016730
6000000003108018633
6000000003108020323
6000000003108040535
6000000003108079510
6000000003108082162
6000000003108086213
6000000003108115816
6000000003108117448
6000000003108171409
6000000003108198217
6000000003108198707
6000000003108200063
6000000003108211835
6000000003108211853
6000000003108229267
6000000003108232904
6000000003108246379
6000000003108247961
6000000003108250519
6000000003108255370
6000000003108259456
6000000003108273696
6000000003108280437
6000000003108319023
6000000003108329658
6000000003108387049
6000000003108393809
6000000003108397921
6000000003108437664
6000000003108454227
6000000003108468837
6000000003108469458
6000000003108470429
6000000003108501379
6000000003108511561
6000000003108514415
6000000003108515162
6000000003108528260
6000000003108594135
6000000003108627126
6000000003108628073
6000000003112087436
6000000003112235030
6000000003112266354
6000000003112281382
6000000003112337942
6000000003112354222
6000000003112590112
6000000003125397874
6000000003125458366
6000000003127289374
6000000003138190926
6000000003165537759
6000000003165677307
6000000003167563765
6000000003171828759
6000000003171970418
6000000003172043364
6000000003172094048
6000000003172094812
6000000003172128218
6000000003172176324
6000000003172451710
6000000003172567438
6000000003172605083
6000000003172612517
6000000003175403331
6000000003175421693
6000000003175488458
6000000003175506923
6000000003175515396
6000000003187812413
6000000003212050055
6000000003242505747
6000000003242527451
6000000003242557591
6000000003242563317
6000000003242644712
6000000003242681145
6000000003246011941
6000000003246140188
6000000003246151236
6000000003246155246
6000000003246156167
6000000003246167137
6000000003246174335
6000000003250742606
6000000003250791318
6000000003250804173
6000000003253609415
6000000003260922261
6000000003260934794
6000000003260952295
6000000003260985020
6000000003261046198
6000000003261073368
6000000003261114295
6000000003302315776
6000000003303746514
6000000003304025080
6000000003306300819
6000000003323402006
6000000003323414414
6000000003326562173
6000000003328170998
6000000003328216340
6000000003344514806
6000000003344718512
6000000003344744172
6000000003344757362
6000000003390601837
6000000003390792615
6000000003390906244
6000000003405886473
6000000003459553147
6000000003463545474
6000000003463689273
6000000003474166572
6000000003485829232
6000000003485847175
6000000003493121046
6000000003493121053
6000000003493121065
6000000003493121098
6000000003496513494
6000000003566932933
6000000003567138473
6000000003567999584
6000000003597167065
6000000003629801264
6000000003629841279
6000000003631818171
6000000003645919259
6000000003645919279
6000000003645919299
6000000003645919304
6000000003645919354
6000000003645919364
6000000003645919369
6000000003645919379
6000000003645919395
6000000003645919400
6000000003645919410
6000000003645919420
6000000003795372950
6000000003806714715
6000000003806832640
6000000003806894146
6000000003806916346
6000000003806926501
6000000003807002142
6000000003807015911
6000000003807701841
6000000003807707490
6000000003807773312
6000000003858553605
6000000003858565769
6000000003858647187
6000000003858707218
6000000003858857348
6000000003859872179
6000000003918811762
6000000003918842665
6000000003918900937
6000000003918906528
6000000003918940714
6000000003918973813
6000000003919004938
6000000003919007903
6000000003919018684
6000000003919028729
6000000003919045849
6000000003919059783
6000000003919060078
6000000003919062274
6000000003919062664
6000000003919077392
6000000003919077696
6000000003919085168
6000000003919096522
6000000003919099520
6000000003919105056
6000000003919109342
6000000003919111032
6000000003919114975
6000000003919119247
6000000003919167229
6000000003919270167
6000000003919298003
6000000003919354412
6000000003919393333
6000000003919511089
6000000003919538019
6000000003921796107
6000000003926460181
6000000003936031924
6000000003961690237
6000000003961751120
6000000003973094958
6000000004048149753
6000000004058265891
6000000004059665475
6000000004060858193
6000000004060868093
6000000004060913246
6000000004061022079
6000000004082804814
6000000004094184877
6000000004094287708
6000000004099653488
6000000004116180955
6000000004116228506
6000000004116282712
6000000004116287926
6000000004116417222
6000000004116466037
6000000004157367129
6000000004160959442
6000000004160980570
6000000004161080255
6000000004161086276
6000000004168384897
6000000004168412779
6000000004168581847
6000000004168586244
6000000004168728209
6000000004168971185
6000000004200553085
6000000004201248166
6000000004211113898
6000000004211378612
6000000004218273522
6000000004250191763
6000000004250284902
6000000004250290673
6000000004250320989
6000000004250484386
6000000004250582032
6000000004251403311
6000000004264504041
6000000004277663433
6000000004277667565
6000000004277758394
6000000004277789271
6000000004277874022
6000000004277947047
6000000004278121630
6000000004278147447
6000000004278287328
6000000004278392673
6000000004278403435
6000000004278606770
6000000004280122840
6000000004280520425
6000000004289272184
6000000004302502916
6000000004338478246
6000000004338530571
6000000004338561476
6000000004339085585
6000000004344051825
6000000004344207243
6000000004344277069
6000000004351134295
6000000004351321220
6000000004351341262
6000000004351756017
6000000004360957674
6000000004372205567
6000000004387743846
6000000004387849448
6000000004387851909
6000000004387978695
6000000004388089371
6000000004388213282
6000000004388236283
6000000004388239168
6000000004388259045
6000000004388266629
6000000004388339467
6000000004392176427
6000000004392214952
6000000004392222766
6000000004392262481
6000000004392262785
6000000004392293794
6000000004392360299
6000000004392366429
6000000004392479338
6000000004392502820
6000000004392503803
6000000004392518327
6000000004392528969
6000000004392532935
6000000004392536863
6000000004392538127
6000000004392579548
6000000004392584151
6000000004392586086
6000000004392599280
6000000004392606195
6000000004392618966
6000000004392629153
6000000004392639197
6000000004392665575
6000000004392670039
6000000004392677346
6000000004392716195
6000000004539435635
6000000004566236756
6000000004566299973
6000000004566304891
6000000004566372421
6000000004566393989
6000000004566396463
6000000004566407313
6000000004630301234
6000000004645524972
6000000004645751313
6000000004645862260
6000000004645863491
6000000004645869490
6000000004645884800
6000000004645886296
6000000004645912148
6000000004645916112
6000000004645921524
6000000004645972056
6000000004653522738
6000000004653550446
6000000004668647969
6000000004668691541
6000000004668747931
6000000004668782525
6000000004668811321
6000000004668814536
6000000004668882562
6000000004668892191
6000000004668959682
6000000004668971031
6000000004668991008
6000000004668993020
6000000004669018423
6000000004669055331
6000000004834882441
6000000004834882455
6000000004835170633
6000000004838586535
6000000004841538985
6000000004853089976
6000000004863481012
6000000004863758471
6000000004866116148
6000000004873166415
6000000004873322205
6000000004880033868
6000000004882343799
6000000004882505581
6000000004882553115
6000000004882604659
6000000004882620384
6000000004882622568
6000000004882633040
6000000004882873878
6000000004883114079
6000000004883208393
6000000004979137666
6000000004984594496
6000000004985659363
6000000004990776439
6000000004990841450
6000000004990860940
6000000004990891091
6000000004990909288
6000000004990950526
6000000004991240175
6000000004992937552
6000000004993033681
6000000004993279810
6000000004993574125
6000000004995458326
6000000004995498249
6000000005006396876
6000000005006396996
6000000005006554565
6000000005006597036
6000000005017078052
6000000005017663568
6000000005018477634
6000000005018524245
6000000005022098276
6000000005022692492
6000000005023472788
6000000005027930454
6000000005028036490
6000000005028077692
6000000005028233123
6000000005029012126
6000000005029030277
6000000005029372438
6000000005029413592
6000000005029422546
6000000005029463719
6000000005029608042
6000000005033984683
6000000005034091841
6000000005034130921
6000000005034132736
6000000005034204490
6000000005034211953
6000000005034220589
6000000005034290752
6000000005034294100
6000000005034325114
6000000005034365162
6000000005034376379
6000000005034383862
6000000005034387604
6000000005034388626
6000000005034415161
6000000005034423107
6000000005034454374
6000000005034454881
6000000005034481173
6000000005034581141
6000000005035209238
6000000005035214602
6000000005035325445
6000000005035326220
6000000005035334540
6000000005035363465
6000000005035416244
6000000005035416292
6000000005035431114
6000000005035562127
6000000005038884942
6000000005038905472
6000000005038906875
6000000005038944982
6000000005039035574
6000000005039040106
6000000005039041119
6000000005039046519
6000000005039046830
6000000005039064169
6000000005039100488
6000000005039102989
6000000005039137021
6000000005039162312
6000000005039193515
6000000005039238340
6000000005039321113
6000000005039544003
6000000005040798598
6000000005041308239
6000000005041365440
6000000005041439925
6000000005041587863
6000000005041944876
6000000005042747993
6000000005042951280
6000000005042975219
6000000005043053662
6000000005043387372
6000000005043690904
6000000005043698312
6000000005043890072
6000000005043963849
6000000005044176039
6000000005044964713
6000000005045206694
6000000005045377530
6000000005045418537
6000000005045428746
6000000005045511287
6000000005045629733
6000000005045734241
6000000005045830257
6000000005046140438
6000000005046582259
6000000005047024233
6000000005052725448
6000000005052766576
6000000005052933055
6000000005052966801
6000000005053343394
6000000005053492329
6000000005053691974
6000000005055308550
6000000005055806014
6000000005057452774
6000000005057642224
6000000005057734026
6000000005057829470
6000000005057964607
6000000005058001930
6000000005058017411
6000000005058075052
6000000005058190443
6000000005058466526
6000000005058670161
6000000005062791603
6000000005062903691
6000000005062903765
6000000005062927378
6000000005062945909
6000000005062955902
6000000005062963647
6000000005062988439
6000000005063056362
6000000005063072942
6000000005063135245
6000000005063144068
6000000005063188103
6000000005063817808
6000000005063830193
6000000005063883044
6000000005063883289
6000000005063889170
6000000005063910428
6000000005063911478
6000000005063931049
6000000005063931141
6000000005063933128
6000000005063945492
6000000005063960154
6000000005064069027
6000000005066065698
6000000005066111838
6000000005066424555
6000000005066515213
6000000005066835137
6000000005074105272
6000000005075862303
6000000005088139434
6000000005088194039
6000000005092071923
6000000005092071928
6000000005092071933
6000000005092071938
6000000005092257044
6000000005093375584
6000000005093430089
6000000005093442281
6000000005095071608
6000000005217015208
6000000005217049118
6000000005218442598
6000000005218519920
6000000005218526764
6000000005218532658
6000000005218549727
6000000005218599137
6000000005218668325
6000000005218966274
6000000005219036144
6000000005234051204
6000000005234084279
6000000005234122802
6000000005234124136
6000000005234144943
6000000005234152788
6000000005234253965
6000000005234294507
6000000005234346054
6000000005236298555
6000000005244600141
6000000005244775117
6000000005245561650
6000000005247815977
6000000005247831834
6000000005247933919
6000000005247986645
6000000005248047734
6000000005248159636
6000000005248163280
6000000005248198406
6000000005248203244
6000000005248255216
6000000005248258454
6000000005248309129
6000000005248325108
6000000005250849566
6000000005250923900
6000000005251103756
6000000005251163565
6000000005252446789
6000000005252528325
6000000005380810677
6000000005380959047
6000000005390770452
6000000005390846255
6000000005390895727
6000000005401830414
6000000005401866705
6000000005401897092
6000000005401914569
6000000005401921057
6000000005402067256
6000000005402255978
6000000005402282542
6000000005402365539
6000000005402455579
6000000005404482077
6000000005429139604
6000000005429187151
6000000005438923060
6000000005445367008
6000000005445625007
6000000005446270012
6000000005448735001
6000000005448863004
6000000005448979001
6000000005449102001
6000000005456156001
6000000005463224005
6000000005464157641
6000000005464192009
6000000005464344138
6000000005465007015
6000000005465972006
6000000005466469012
6000000005470211013
6000000005470261047
6000000005559950796
6000000005561535903
6000000005566151567
6000000005566388138
6000000005566411365
6000000005570766643
6000000005570883463
6000000005571009222
6000000005571095476
6000000005571095514
6000000005572252606
6000000005577824831
6000000005577923041
6000000005578944197
6000000005588590716
6000000005588641788
6000000005588739211
6000000005588765131
6000000005588774164
6000000005588783646
6000000005588832112
6000000005588880205
6000000005588939238
6000000005588948486
6000000005588961047
6000000005588961693
6000000005588970232
6000000005589009005
6000000005589026025
6000000005589132071
6000000005589320009
6000000005593702902
6000000005593739808
6000000005594032270
6000000005594144148
6000000005594153260
6000000005594160073
6000000005594160657
6000000005594181577
6000000005594194094
6000000005594252006
6000000005594524329
6000000005600884573
6000000005610160488
6000000005610253610
6000000005610383544
6000000005610458359
6000000005610548285
6000000005610583180
6000000005610653026
6000000005610658107
6000000005610697002
6000000005610713062
6000000005610717026
6000000005610727001
6000000005618019511
6000000005621952301
6000000005621992402
6000000005621997207
6000000005622072286
6000000005622150253
6000000005622150270
6000000005622167034
6000000005622193142
6000000005646637060
6000000005647426003
6000000005647767016
6000000005647834004
6000000005653593001
6000000005653770001
6000000005710472001
6000000005757317280
6000000005757603033
6000000005768907698
6000000005775285125
6000000005794742536
6000000005795319455
6000000005796548008
6000000005908421395
6000000005908696036
6000000005950322063
6000000005958358294
6000000006007217008
6000000006007222025
6000000006007293008
6000000006007379003
6000000006007581001
6000000006077908970
6000000006078039861
6000000006078118902
6000000006078372278
6000000006078642024
6000000006101354118
6000000006143691004
6000000006143704003
6000000006143785001
6000000006143853002
6000000006190526775
6000000006191158005
6000000006204191247
6000000006204407013
6000000006232506560
6000000006232506613
6000000006232521926
6000000006232539857
6000000006232643724
6000000006232934492
6000000006233206206
6000000006233331099
6000000006233374034
6000000006234134456
6000000006234271331
6000000006234390100
6000000006234456109
6000000006238350035
6000000006250639992
6000000006261534896
6000000006261834793
6000000006261890521
6000000006262340184
6000000006271576232
6000000006277496927
6000000006277541701
6000000006279884001
6000000006285929109
6000000006286139069
6000000006289078011
6000000006289269205
6000000006289985294
6000000006299396018
6000000006354062526
6000000006354140361
6000000006414488610
6000000006449139500
6000000006449139536
6000000006449139543
6000000006449149533
6000000006449149540
6000000006449149547
6000000006450106935
6000000006450113069
6000000006450113079
6000000006450113084
6000000006450113089
6000000006450113166
6000000006450113184
6000000006450113201
6000000006450113207
6000000006450113256
6000000006450113363
6000000006450113369
6000000006450113374
6000000006450113379
6000000006450113419
6000000006450113430
6000000006450113455
6000000006450113470
6000000006450113486
6000000006450113491
6000000006450113501
6000000006450113519
6000000006450472482
6000000006450474753
6000000006450474760
6000000006450474805
6000000006450474813
6000000006450474839
6000000006450480227
6000000006450480344
6000000006452612766
6000000006452628720
6000000006452657856
6000000006452666540
6000000006452666665
6000000006452702658
6000000006452719731
6000000006452852335
6000000006452856481
6000000006452907324
6000000006452918349
6000000006452977260
6000000006453017058
6000000006453021662
6000000006453064449
6000000006453076091
6000000006453079081
6000000006453081484
6000000006453237305
6000000006453249293
6000000006453250209
6000000006453279115
6000000006453284300
6000000006453323349
6000000006453350069
6000000006453474281
6000000006507424001
6000000006566866830
6000000006566892535
6000000006566918545
6000000006566936561
6000000006566986532
6000000006567002478
6000000006567257087
6000000006579930144
6000000006579930179
6000000006579930222
6000000006579930236
6000000006579930259
6000000006579930267
6000000006579930274
6000000006579930295
6000000006579930309
6000000006579930323
6000000006579930358
6000000006579930372
6000000006579930379
6000000006579930400
6000000006579930414
6000000006579930435
6000000006579930442
6000000006579930456
6000000006579930463
6000000006579930477
6000000006579930491
6000000006579930505
6000000006579930512
6000000006579930526
6000000006579930541
6000000006579930562
6000000006579930585
6000000006579930608
6000000006579930623
6000000006579930630
6000000006579930651
6000000006579930673
6000000006579930680
6000000006579930687
6000000006579930701
6000000006579930716
6000000006579930724
6000000006579930731
6000000006579930738
6000000006579930752
6000000006579930766
6000000006579930780
6000000006579930787
6000000006579930794
6000000006579930801
6000000006579930821
6000000006579930835
6000000006579930849
6000000006579930863
6000000006579930877
6000000006579930891
6000000006579930905
6000000006582025058
6000000006582025066
6000000006582025080
6000000006582025087
6000000006582025094
6000000006582025101
6000000006582025115
6000000006582025123
6000000006582025130
6000000006582025137
6000000006582025144
6000000006582025158
6000000006582025172
6000000006582025179
6000000006582025210
6000000006582025217
6000000006582025231
6000000006582025245
6000000006582025259
6000000006582025266
6000000006582025273
6000000006582025280
6000000006582025294
6000000006582025315
6000000006582025322
6000000006582025336
6000000006582025350
6000000006582025357
6000000006582025378
6000000006582025399
6000000006582025413
6000000006582025427
6000000006582025448
6000000006582025463
6000000006582025477
6000000006582025484
6000000006582025499
6000000006582025507
6000000006582025521
6000000006582025529
6000000006582025545
6000000006582025566
6000000006582025573
6000000006582025587
6000000006582025595
6000000006582025623
6000000006582025637
6000000006582025674
6000000006582025688
6000000006582025702
6000000006582025743
6000000006582025757
6000000006582025771
6000000006582025785
6000000006582025799
6000000006582025813
6000000006582025827
6000000006582605318
6000000006582620308
6000000006596757827
6000000006596823869
6000000006596981447
6000000006597012460
6000000006597174190
6000000006597200196
6000000006597229094
6000000006597251064
6000000006616898001
6000000006707834379
6000000006714724435
6000000006715106519
6000000006719556047
6000000006732597381
6000000006732714396
6000000006732761330
6000000006742372422
6000000006757293461
6000000006757322440
6000000006757418036
6000000006757433016
6000000006767766838
6000000006767803905
6000000006768249174
6000000006775445502
6000000006775527271
6000000006778258007
6000000006783150746
6000000006796167203
6000000006804155451
6000000006804193508
6000000006838560425
6000000006859120510
6000000006859130305
6000000006859380103
6000000006859425110
6000000006859485098
6000000006862691989
6000000006862844536
6000000006862967388
6000000006862985377
6000000006863128233
6000000006863131185
6000000006863200042
6000000006873956164
6000000006874095054
6000000006887650114
6000000006891904580
6000000006926239630
6000000006926358456
6000000006926361547
6000000006926374346
6000000006926405321
6000000006926406327
6000000006926429422
6000000006926603028
6000000006938287662
6000000006938565113
6000000006938769219
6000000006938795034
6000000006938805022
6000000006938829067
6000000006959607796
6000000006960131219
6000000007021312882
6000000007022092732
6000000007022201866
6000000007022210486
6000000007022281450
6000000007022425175
6000000007022461275
6000000007031405510
6000000007031986096
6000000007031986484
6000000007032357299
6000000007032386120
6000000007106439722
6000000007106538852
6000000007106600623
6000000007106600685
6000000007106657579
6000000007106787653
6000000007106865286
6000000007106896455
6000000007106903388
6000000007106935366
6000000007106989260
6000000007106991549
6000000007107023225
6000000007107154220
6000000007124674060
6000000007125086290
6000000007125120477
6000000007125142231
6000000007125203821
6000000007125275616
6000000007137219552
6000000007137300606
6000000007137526458
6000000007137526614
6000000007137544835
6000000007137557421
6000000007137653517
6000000007137690556
6000000007137853453
6000000007137894264
6000000007137902836
6000000007137946634
6000000007137948420
6000000007137989462
6000000007138148236
6000000007138148325
6000000007138148448
6000000007138160348
6000000007138170428
6000000007138310218
6000000007138324475
6000000007138356204
6000000007138359357
6000000007138359420
6000000007138363425
6000000007138374521
6000000007138383370
6000000007138488233
6000000007138503320
6000000007138565376
6000000007138570290
6000000007138748359
6000000007138748380
6000000007138757425
6000000007138777268
6000000007138815339
6000000007138978222
6000000007138979201
6000000007138980204
6000000007139066210
6000000007139071231
6000000007139105220
6000000007140191012
6000000007140223467
6000000007140223681
6000000007140327520
6000000007140358961
6000000007140359063
6000000007140410341
6000000007140411917
6000000007140433571
6000000007140468115
6000000007140471293
6000000007140478938
6000000007140515879
6000000007140516503
6000000007140548896
6000000007140572237
6000000007140576302
6000000007140577317
6000000007140595735
6000000007140595928
6000000007140602236
6000000007140611252
6000000007140626297
6000000007140633744
6000000007140651328
6000000007140652330
6000000007140652798
6000000007140655258
6000000007140658561
6000000007140662353
6000000007140680562
6000000007140680717
6000000007140720475
6000000007140723215
6000000007140728708
6000000007140731287
6000000007140734344
6000000007140742259
6000000007140743249
6000000007140753377
6000000007140774327
6000000007140779355
6000000007140818446
6000000007140820417
6000000007140823303
6000000007140827461
6000000007140830414
6000000007140838206
6000000007140841525
6000000007140854204
6000000007140858416
6000000007140874526
6000000007140900233
6000000007140906351
6000000007199751303
6000000007208647001
6000000007212122081
6000000007212227158
6000000007212252679
6000000007212262838
6000000007212303436
6000000007212315359
6000000007212367461
6000000007212369560
6000000007212369661
6000000007212370326
6000000007212371860
6000000007212381678
6000000007212390527
6000000007212392835
6000000007212394497
6000000007212402252
6000000007212408671
6000000007212409289
6000000007212409307
6000000007212409526
6000000007212426545
6000000007212429316
6000000007212429732
6000000007212439540
6000000007212440535
6000000007212471482
6000000007212473713
6000000007212478240
6000000007212480358
6000000007212480479
6000000007212500239
6000000007212500676
6000000007212513229
6000000007212519366
6000000007212534254
6000000007212538424
6000000007212547259
6000000007212554340
6000000007212554383
6000000007212554684
6000000007212587240
6000000007212596510
6000000007212596620
6000000007212596663
6000000007212597567
6000000007212603414
6000000007212604441
6000000007212604514
6000000007212604529
6000000007212614537
6000000007212623306
6000000007212629245
6000000007212632610
6000000007212635446
6000000007212635453
6000000007212642249
6000000007212642352
6000000007212642744
6000000007212642998
6000000007212644299
6000000007212670641
6000000007212670716
6000000007212679251
6000000007212685202
6000000007212687271
6000000007212689395
6000000007212690586
6000000007212695296
6000000007212695303
6000000007212697297
6000000007212697505
6000000007212711330
6000000007212716404
6000000007212717486
6000000007212721238
6000000007212725389
6000000007212731344
6000000007212732254
6000000007212735361
6000000007212739710
6000000007212744340
6000000007212744371
6000000007212744390
6000000007212751230
6000000007212752293
6000000007212752509
6000000007212760334
6000000007212775246
6000000007212776900
6000000007212812204
6000000007212812273
6000000007212816393
6000000007212816478
6000000007212817673
6000000007212820268
6000000007212820337
6000000007212822404
6000000007212824288
6000000007212832226
6000000007212833394
6000000007212841359
6000000007212845209
6000000007212846264
6000000007212846380
6000000007212848730
6000000007212861759
6000000007212879248
6000000007212880510
6000000007212899355
6000000007212907205
6000000007212909410
6000000007212914399
6000000007212915489
6000000007212928456
6000000007212932314
6000000007212946312
6000000007212958265
6000000007212962230
6000000007212970241
6000000007212973476
6000000007212973651
6000000007212973809
6000000007212974265
6000000007212974359
6000000007212974740
6000000007212977242
6000000007212980211
6000000007212980261
6000000007212996254
6000000007212996417
6000000007212999978
6000000007213001269
6000000007213001303
6000000007213003519
6000000007213015201
6000000007213017219
6000000007213018269
6000000007213037296
6000000007213066428
6000000007213100330
6000000007213103522
6000000007213104406
6000000007213106292
6000000007213111240
6000000007213132207
6000000007213140224
6000000007213183226
6000000007213186247
6000000007213271247
6000000007223283468
6000000007235431056
6000000007238520578
6000000007238881091
6000000007239385377
6000000007239472414
6000000007250042914
6000000007250126612
6000000007264492219
6000000007280226075
6000000007280444027
6000000007287299520
6000000007307581616
6000000007309656561
6000000007310065430
6000000007310325321
6000000007310985245
6000000007316741974
6000000007316849124
6000000007317126361
6000000007317164434
6000000007355709319
6000000007356532842
6000000007356635800
6000000007356699884
6000000007356789654
6000000007356854590
6000000007356856592
6000000007356944447
6000000007356966419
6000000007357050549
6000000007357056301
6000000007357056342
6000000007357087463
6000000007357091538
6000000007357119570
6000000007357126846
6000000007357127485
6000000007357131305
6000000007357142320
6000000007357146339
6000000007357150375
6000000007357150417
6000000007357157406
6000000007357165360
6000000007357165724
6000000007357166350
6000000007357183261
6000000007357189414
6000000007357194334
6000000007357207848
6000000007357225319
6000000007357230243
6000000007357234284
6000000007357245334
6000000007357259671
6000000007357267209
6000000007357278320
6000000007357294687
6000000007357296243
6000000007357296268
6000000007357296588
6000000007357298231
6000000007357302201
6000000007357304287
6000000007357305266
6000000007357329794
6000000007357341705
6000000007357364397
6000000007357426358
6000000007357441506
6000000007357457459
6000000007357506404
6000000007357521686
6000000007357535575
6000000007357545607
6000000007357545752
6000000007357575462
6000000007357684429
6000000007357690249
6000000007357705214
6000000007357724419
6000000007357735301
6000000007357752231
6000000007357752441
6000000007357776382
6000000007357842268
6000000007357847276
6000000007357847292
6000000007357882253
6000000007357898314
6000000007357898407
6000000007357936259
6000000007357940201
6000000007357952242
6000000007358027286
6000000007358046224
6000000007358060223
6000000007358100214
6000000007362351109
6000000007362483138
6000000007362483144
6000000007362573041
6000000007362636743
6000000007362670816
6000000007362752704
6000000007362786953
6000000007362791110
6000000007362845470
6000000007362849402
6000000007362882508
6000000007364728761
6000000007364736678
6000000007364771449
6000000007364842979
6000000007364873370
6000000007364890008
6000000007364959250
6000000007364975210
6000000007430348498
6000000007431343242
6000000007431558202
6000000007512887719
6000000007512954111
6000000007513037088
6000000007513185369
6000000007513195369
6000000007513227501
6000000007513336281
6000000007513339285
6000000007513364768
6000000007513370423
6000000007513385612
6000000007513401606
6000000007513405389
6000000007513435091
6000000007513450753
6000000007513504587
6000000007513519248
6000000007513525267
6000000007513539897
6000000007513546203
6000000007513579276
6000000007513618267
6000000007513627580
6000000007513653926
6000000007513701446
6000000007513711631
6000000007513712323
6000000007513739135
6000000007513742949
6000000007513754322
6000000007513772653
6000000007513783025
6000000007513793289
6000000007513797404
6000000007513839354
6000000007513858514
6000000007513895370
6000000007513897341
6000000007513920771
6000000007513934259
6000000007513941263
6000000007514004319
6000000007514013218
6000000007514022296
6000000007514038317
6000000007514058349
6000000007514077309
6000000007553223684
6000000007553285401
6000000007553350357
6000000007560652249
6000000007637855985
6000000007637873043
6000000007639502712
6000000007639658303
6000000007639848201
6000000007668607557
6000000007668684515
6000000007683635907
6000000007683695583
6000000007683709379
6000000007683903660
6000000007683967303
6000000007683996242
6000000007756399616
6000000007756553465
6000000007763722928
6000000007763878507
6000000007764066255
6000000007779424538
6000000007805714522
6000000007828544097
6000000007844698498
6000000007844761343
6000000007859166097
6000000007859254097
6000000007859272039
6000000007859301941
6000000007859383629
6000000007859432410
6000000007859465681
6000000007859481507
6000000007859560257
6000000007860045833
6000000007903803870
6000000007903894756
6000000007915729523
6000000007915819416
6000000007915829154
6000000007915930554
6000000007915975712
6000000007916087585
6000000007966643483
6000000007969761565
6000000007969878545
6000000007969892343
6000000007969920676
6000000007969987331
6000000007970079861
6000000007970268622
6000000007970483511
6000000007974327545
6000000007975180091
6000000007975400619
6000000007975790905
6000000007975937291
6000000007975956309
6000000007977064459
6000000007997299270
6000000007997332591
6000000007997355467
6000000007997389541
6000000007997418398
6000000007997426506
6000000007997449353
6000000008002593940
6000000008003077411
6000000008003081616
6000000008003137617
6000000008003197394
6000000008003202330
6000000008003232796
6000000008003280351
6000000008003310378
6000000008003315201
6000000008003321278
6000000008003329346
6000000008003348480
6000000008003356300
6000000008003453048
6000000008003454327
6000000008003456240
6000000008003470840
6000000008003499262
6000000008003518254
6000000008003569333
6000000008003620942
6000000008003624026
6000000008003631024
6000000008003666637
6000000008003802360
6000000008003898211
6000000008004334043
6000000008004418918
6000000008004518667
6000000008004518685
6000000008004637673
6000000008004671255
6000000008004734229
6000000008005460740
6000000008005593237
6000000008011363137
6000000008011386308
6000000008011446752
6000000008011456573
6000000008011469585
6000000008011535497
6000000008011547369
6000000008011562530
6000000008011568375
6000000008011575356
6000000008011589456
6000000008011653680
6000000008011668307
6000000008011683396
6000000008011777317
6000000008027901149
6000000008045409396
6000000008053910655
6000000008058210198
6000000008058355123
6000000008058368146
6000000008058371192
6000000008058374795
6000000008058423791
6000000008058442044
6000000008058458691
6000000008058468686
6000000008058522355
6000000008058570325
6000000008058571493
6000000008058597328
6000000008058613427
6000000008058630287
6000000008058659451
6000000008058664445
6000000008058678340
6000000008058688233
6000000008068023011
6000000008069357975
6000000008171307407
6000000008173199541
6000000008177465765
6000000008177465769
6000000008177465859
6000000008177465863
6000000008177465868
6000000008177465873
6000000008177465878
6000000008177465883
6000000008177465888
6000000008177465893
6000000008177465898
6000000008177465997
6000000008177466006
6000000008177466035
6000000008177466043
6000000008177466052
6000000008177466065
6000000008177466083
6000000008177466096
6000000008177466110
6000000008177466162
6000000008177466171
6000000008177466179
6000000008177466182
6000000008177466192
6000000008177475204
6000000008177475219
6000000008177475223
6000000008177475239
6000000008177475249
6000000008177475281
6000000008177475284
6000000008177475289
6000000008177475298
6000000008177475301
6000000008177475316
6000000008181258717
6000000008187160933
6000000008187169674
6000000008187210374
6000000008187251808
6000000008187378781
6000000008207194807
6000000008207606379
6000000008207652697
6000000008247501930
6000000008247610161
6000000008285076641
6000000008285296089
6000000008285315916
6000000008285361395
6000000008285401263
6000000008296205635
6000000008306439914
6000000008333587856
6000000008333597896
6000000008333625787
6000000008333702883
6000000008333703140
6000000008333713104
6000000008333713117
6000000008333716014
6000000008333780921
6000000008333876089
6000000008333924712
6000000008333956165
6000000008333964116
6000000008334008794
6000000008334027986
6000000008334083750
6000000008334083953
6000000008334105466
6000000008334110316
6000000008334124376
6000000008334185307
6000000008334278903
6000000008334279151
6000000008334315871
6000000008334337989
6000000008334349055
6000000008334350404
6000000008334400835
6000000008334466625
6000000008334472623
6000000008334503554
6000000008334531787
6000000008334567211
6000000008334576291
6000000008334600070
6000000008334697528
6000000008334730223
6000000008334733285
6000000008334770328
6000000008334808611
6000000008334814968
6000000008334855527
6000000008334857261
6000000008334895259
6000000008335452168
6000000008335751713
6000000008335908924
6000000008335940897
6000000008335941038
6000000008336255844
6000000008336537978
6000000008336753933
6000000008336826713
6000000008336843288
6000000008336881904
6000000008336902478
6000000008336915233
6000000008336949014
6000000008336955896
6000000008336975326
6000000008337016356
6000000008337038365
6000000008337277329
6000000008337278382
6000000008337302569
6000000008337332590
6000000008337421556
6000000008337524277
6000000008337525779
6000000008337542442
6000000008337547312
6000000008337791296
6000000008337826326
6000000008337847464
6000000008337852700
6000000008337886243
6000000008355743885
6000000008355867910
6000000008355935304
6000000008358442171
6000000008358690161
6000000008359067925
6000000008359069689
6000000008359073898
6000000008359090782
6000000008359094739
6000000008359140938
6000000008359168037
6000000008359190847
6000000008359218132
6000000008359227529
6000000008359227678
6000000008359266890
6000000008359282112
6000000008359293023
6000000008359293162
6000000008359305846
6000000008359325680
6000000008359365050
6000000008359400511
6000000008359405312
6000000008359409732
6000000008359430684
6000000008359433572
6000000008359438306
6000000008359449447
6000000008359477374
6000000008359492568
6000000008359492908
6000000008359493066
6000000008359500486
6000000008359500777
6000000008359504668
6000000008359524277
6000000008359557372
6000000008359557526
6000000008359620659
6000000008359629551
6000000008359645829
6000000008359656416
6000000008359663587
6000000008359664572
6000000008359708448
6000000008359718266
6000000008359745959
6000000008359754384
6000000008359754450
6000000008359851358
6000000008359855513
6000000008359959255
6000000008360041820
6000000008360112259
6000000008360149318
6000000008360189595
6000000008360210506
6000000008360223324
6000000008360243298
6000000008360429001
6000000008360751806
6000000008396732951
6000000008396781446
6000000008396862351
6000000008420482672
6000000008463635643
6000000008463664836
6000000008463755635
6000000008492032123
6000000008492052949
6000000008492766773
6000000008492783393
6000000008544976887
6000000008547285368
6000000008552832680
6000000008553092004
6000000008553111877
6000000008553115059
6000000008553116055
6000000008553134950
6000000008553140866
6000000008553175804
6000000008553189878
6000000008553195720
6000000008553196863
6000000008553213907
6000000008553227123
6000000008553229888
6000000008553273139
6000000008553283988
6000000008553401922
6000000008553407744
6000000008553426620
6000000008553446173
6000000008553466860
6000000008553496428
6000000008553498619
6000000008553595349
6000000008553652179
6000000008553677381
6000000008553703729
6000000008553827225
6000000008553868674
6000000008553972305
6000000008554058288
6000000008554077325
6000000008554198272
6000000008554212236
6000000008554306713
6000000008554368489
6000000008554368620
6000000008554373314
6000000008556690952
6000000008557158147
6000000008557310768
6000000008557515809
6000000008557608304
6000000008557618228
6000000008557641223
6000000008559312193
6000000008559578880
6000000008559700901
6000000008559921237
6000000008559994263
6000000008563018054
6000000008563082643
6000000008563158944
6000000008563405799
6000000008576794305
6000000008585191769
6000000008585467693
6000000008585547081
6000000008585621359
6000000008585672204
6000000008586947194
6000000008587924523
6000000008588462234
6000000008596309717
6000000008596406677
6000000008596483264
6000000008596548017
6000000008596601717
6000000008596642746
6000000008596643823
6000000008596663082
6000000008596761109
6000000008596796825
6000000008596844755
6000000008596927383
6000000008597133239
6000000008597432921
6000000008597433981
6000000008597703487
6000000008597703493
6000000008597718747
6000000008597957213
6000000008607268782
6000000008630612875
6000000008643342158
6000000008643483096
6000000008643495936
6000000008643585147
6000000008643621801
6000000008643661942
6000000008643723850
6000000008643752696
6000000008643755897
6000000008643778001
6000000008643855167
6000000008643858722
6000000008643897557
6000000008643898173
6000000008643924679
6000000008643950329
6000000008644001752
6000000008644023382
6000000008644024346
6000000008644038172
6000000008644056220
6000000008644070856
6000000008644078602
6000000008644177288
6000000008644571237
6000000008664479133
6000000008664773012
6000000008664805929
6000000008665884058
6000000008665954415
6000000008666153269
6000000008686171973
6000000008686326793
6000000008686902051
6000000008686939420
6000000008687127286
6000000008688058115
6000000008688159346
6000000008688159350
6000000008688159354
6000000008709287475
6000000008726356933
6000000008726367454
6000000008726544324
6000000008726556475
6000000008726563525
6000000008726655205
6000000008735952080
6000000008736240045
6000000008736254447
6000000008736261563
6000000008736296873
6000000008736319109
6000000008736478297
6000000008736522351
6000000008736601318
6000000008736607029
6000000008736646744
6000000008746187881
6000000008746212782
6000000008746248764
6000000008746324607
6000000008746341628
6000000008746374775
6000000008746412400
6000000008746448338
6000000008746474148
6000000008746525782
6000000008746536225
6000000008746570289
6000000008746922892
6000000008746955198
6000000008747028434
6000000008747080260
6000000008747085792
6000000008755651855
6000000008755673598
6000000008755675797
6000000008755698688
6000000008755808404
6000000008773237044
6000000008777466888
6000000008777475038
6000000008777622413
6000000008777659694
6000000008777662352
6000000008777697307
6000000008782817990
6000000008783927578
6000000008784121907
6000000008784207736
6000000008784292571
6000000008784624439
6000000008784665275
6000000008785490743
6000000008785791394
6000000008790454808
6000000008790634810
6000000008790694957
6000000008793151113
6000000008799408923
6000000008799537026
6000000008799548950
6000000008799612287
6000000008799613268
6000000008799648912
6000000008800142852
6000000008800354671
6000000008808844714
6000000008819546876
6000000008827954457
6000000008954212244
6000000008954468899
6000000008981325635
6000000009032626993
6000000009032742891
6000000009032917301
6000000009111855027
6000000009112063527
6000000009114326486
6000000009149850003
6000000009150864559
6000000009182296321
6000000009209479245
6000000009315193934
6000000009317092031
6000000009317187921
6000000009317260626
6000000009317472653
6000000009317478347
6000000009317518142
6000000009322990448
6000000009324032168
6000000009324174851
6000000009324231392
6000000009349772350
6000000009411306528
6000000009411379263
6000000009467576709
6000000009477389030
6000000009477441108
6000000009477442956
6000000009477543859
6000000009477552806
6000000009477756200
6000000009477786908
6000000009477886309
6000000009477890228
6000000009477890271
6000000009477898312
6000000009478858315
6000000009588371096
6000000009588415893
6000000009588446628
6000000009588566142
6000000009588669870
6000000009647616410
6000000009648277714
6000000009670578020
6000000009670609751
6000000009670626675
6000000009670647579
6000000009670650772
6000000009670685443
6000000009670710572
6000000009670841478
6000000009670841509
6000000009670842487
6000000009670843426
6000000009710524885
6000000009824111955
6000000009904956011
6000000009905455299
6000000009939745969
6000000009939861421
6000000009940053318
6000000010007500474
6000000010007614599
6000000010008069426
6000000010017312476
6000000010033010132
6000000010034247687
6000000010034542862
6000000010034683128
6000000010035292546
6000000010035389159
6000000010035399753
6000000010035637919
6000000010035643705
6000000010035644461
6000000010035673417
6000000010036067430
6000000010036100441
6000000010036157260
6000000010036179272
6000000010036202233
6000000010036219245
6000000010036223257
6000000010039185335
6000000010040794027
6000000010040841420
6000000010040862072
6000000010041064109
6000000010041094996
6000000010041147964
6000000010041193990
6000000010041194005
6000000010041234442
6000000010041235978
6000000010041254798
6000000010041256639
6000000010041267714
6000000010041272948
6000000010041274114
6000000010041284730
6000000010041306288
6000000010041319118
6000000010041339242
6000000010041339967
6000000010041344392
6000000010041361556
6000000010041404176
6000000010041440810
6000000010041443448
6000000010041460018
6000000010041470798
6000000010041471765
6000000010041477954
6000000010041479610
6000000010041479627
6000000010041498916
6000000010041518560
6000000010041525329
6000000010041581078
6000000010041584708
6000000010041616705
6000000010041621528
6000000010041654643
6000000010041692737
6000000010041713867
6000000010041730048
6000000010041775248
6000000010041802283
6000000010041828000
6000000010042069157
6000000010042102003
6000000010042192012
6000000010042255887
6000000010042371933
6000000010042458529
6000000010042459015
6000000010042494020
6000000010042622105
6000000010042635125
6000000010042777958
6000000010042777985
6000000010042850639
6000000010042946742
6000000010042947088
6000000010042988800
6000000010043057867
6000000010043069906
6000000010043173888
6000000010043288887
6000000010043316781
6000000010043316998
6000000010043357586
6000000010043358129
6000000010043404144
6000000010043407050
6000000010043695163
6000000010043758600
6000000010043785235
6000000010043833235
6000000010043852915
6000000010043871141
6000000010043943764
6000000010043943991
6000000010043983196
6000000010044176149
6000000010044191150
6000000010044214709
6000000010044270457
6000000010044273147
6000000010044332556
6000000010044417810
6000000010044417907
6000000010044443644
6000000010044467621
6000000010044467865
6000000010044482295
6000000010044560419
6000000010044564333
6000000010044577062
6000000010044606900
6000000010044782885
6000000010044851507
6000000010044851560
6000000010044915732
6000000010044960059
6000000010044965767
6000000010044979656
6000000010044979893
6000000010045031440
6000000010045055949
6000000010045072000
6000000010045092361
6000000010045092556
6000000010045103353
6000000010045167287
6000000010045238844
6000000010045248871
6000000010045263723
6000000010045280526
6000000010045311671
6000000010045319264
6000000010045327446
6000000010045386604
6000000010045404409
6000000010045444574
6000000010045482225
6000000010045482623
6000000010045482788
6000000010045483216
6000000010045520342
6000000010045534431
6000000010045561299
6000000010045599521
6000000010045697359
6000000010045756480
6000000010045756863
6000000010045765290
6000000010045771372
6000000010045774735
6000000010045846158
6000000010045892520
6000000010045898340
6000000010045928967
6000000010046006437
6000000010046006547
6000000010046025230
6000000010046043443
6000000010046102587
6000000010046102891
6000000010046130969
6000000010046137540
6000000010046138449
6000000010046149478
6000000010046159117
6000000010046165548
6000000010046183559
6000000010046269393
6000000010046343502
6000000010046345285
6000000010046385445
6000000010046397492
6000000010046452579
6000000010050652134
6000000010050857181
6000000010050885166
6000000010050901643
6000000010050933969
6000000010050936722
6000000010051075382
6000000010051095826
6000000010051147289
6000000010051154589
6000000010051168454
6000000010051211770
6000000010051211869
6000000010051212270
6000000010051249728
6000000010051272764
6000000010051285786
6000000010051287165
6000000010051331597
6000000010051393888
6000000010051401228
6000000010051419452
6000000010051421323
6000000010051423576
6000000010051435184
6000000010051444323
6000000010051456364
6000000010051496653
6000000010051514533
6000000010051573543
6000000010051603407
6000000010051620456
6000000010051632907
6000000010051678499
6000000010051699647
6000000010051746310
6000000010051780624
6000000010051782769
6000000010051829220
6000000010051836587
6000000010051892242
6000000010051911837
6000000010051922727
6000000010051939844
6000000010051958815
6000000010051996872
6000000010052100978
6000000010052112435
6000000010052156005
6000000010053584883
6000000010053946244
6000000010054905233
6000000010055137408
6000000010055246804
6000000010055589319
6000000010055635476
6000000010057630077
6000000010057677479
6000000010059897168
6000000010060262702
6000000010060452475
6000000010060474666
6000000010060486619
6000000010060560628
6000000010060560658
6000000010061802077
6000000010061806561
6000000010061817924
6000000010061822907
6000000010061827547
6000000010061832566
6000000010061841340
6000000010061847687
6000000010061848952
6000000010061902047
6000000010061909563
6000000010061952669
6000000010062218247
6000000010062264397
6000000010062519450
6000000010062636291
6000000010065797522
6000000010066174390
6000000010067382941
6000000010067852021
6000000010068011352
6000000010068109256
6000000010094082578
6000000010124062574
6000000010124606536
6000000010125446362
6000000010127062964
6000000010128009653
6000000010128101190
6000000010128291633
6000000010129223355
6000000010129773078
6000000010129984327
6000000010135415563
6000000010155245091
6000000010169254312
6000000010174108153
6000000010174158837
6000000010174265757
6000000010174279524
6000000010174358394
6000000010174393556
6000000010174423369
6000000010174475414
6000000010174551476
6000000010181736538
6000000010181828371
6000000010181838639
6000000010182021238
6000000010182029879
6000000010182033033
6000000010203032082
6000000010204074647
6000000010220558198
6000000010220686160
6000000010220788110
6000000010220878649
6000000010220920051
6000000010220920067
6000000010221032289
6000000010221069255
6000000010221073835
6000000010221250308
6000000010221411303
6000000010253038690
6000000010272728934
6000000010312250091
6000000010312849663
6000000010312891519
6000000010312946998
6000000010313117493
6000000010313162534
6000000010313245352
6000000010313790071
6000000010313947651
6000000010314051224
6000000010340815078
6000000010340996002
6000000010341160044
6000000010341258081
6000000010341323404
6000000010341331574
6000000010341351464
6000000010341353445
6000000010341399349
6000000010346096883
6000000010349902622
6000000010349947631
6000000010350158548
6000000010353646654
6000000010354053740
6000000010409820732
6000000010414384542
6000000010414458710
6000000010414479863
6000000010414505831
6000000010415146677
6000000010415233002
6000000010415240484
6000000010415245589
6000000010415661408
6000000010415782270
6000000010430320934
6000000010430483728
6000000010430504424
6000000010430517681
6000000010434982188
6000000010435087886
6000000010435151872
6000000010435166125
6000000010435199167
6000000010435251745
6000000010435304656
6000000010435308949
6000000010435367784
6000000010435373815
6000000010435385108
6000000010435390589
6000000010435403561
6000000010435411976
6000000010435418379
6000000010435437729
6000000010435499108
6000000010435556841
6000000010435696270
6000000010435696308
6000000010435809628
6000000010436003011
6000000010436119282
6000000010436132290
6000000010436204545
6000000010436204981
6000000010436273737
6000000010436319930
6000000010436393858
6000000010436560451
6000000010436560672
6000000010436803642
6000000010436874823
6000000010436898883
6000000010436935876
6000000010436937726
6000000010437029612
6000000010437029693
6000000010437101760
6000000010437138861
6000000010437139044
6000000010437139091
6000000010437241154
6000000010437255066
6000000010437554755
6000000010437554759
6000000010437675562
6000000010437693375
6000000010437693412
6000000010437719339
6000000010437741864
6000000010437750926
6000000010437782428
6000000010437791556
6000000010437791921
6000000010437846874
6000000010437916421
6000000010437960608
6000000010438063345
6000000010438078253
6000000010438180734
6000000010438190342
6000000010438192232
6000000010438208384
6000000010438225396
6000000010438268414
6000000010438277498
6000000010438279287
6000000010438281302
6000000010438283769
6000000010438361230
6000000010438407288
6000000010438407777
6000000010438422776
6000000010438457815
6000000010438508508
6000000010438508542
6000000010438570974
6000000010438589510
6000000010438640325
6000000010438661207
6000000010438745201
6000000010438753237
6000000010438841212
6000000010438841447
6000000010438907414
6000000010438925449
6000000010438931885
6000000010438946882
6000000010438948528
6000000010439013494
6000000010439018997
6000000010439096440
6000000010439135275
6000000010439145897
6000000010439161828
6000000010439229913
6000000010439235803
6000000010439265658
6000000010439289303
6000000010445418040
6000000010445475916
6000000010446234937
6000000010446249688
6000000010446260197
6000000010446564050
6000000010446632041
6000000010446687997
6000000010447039051
6000000010447139795
6000000010447170137
6000000010447231608
6000000010447358887
6000000010447489710
6000000010447489740
6000000010447489923
6000000010447707718
6000000010447860161
6000000010447929463
6000000010448004439
6000000010448253661
6000000010448254043
6000000010448340714
6000000010448475662
6000000010448511105
6000000010448526789
6000000010448604370
6000000010448754437
6000000010448754861
6000000010448755235
6000000010448803266
6000000010448831593
6000000010448877689
6000000010448882103
6000000010448886276
6000000010448905268
6000000010448918212
6000000010448960343
6000000010448961378
6000000010448961454
6000000010448986680
6000000010449005289
6000000010449039399
6000000010449049121
6000000010449081824
6000000010449098090
6000000010449110263
6000000010449130802
6000000010449180308
6000000010449181950
6000000010449182299
6000000010449186201
6000000010449192316
6000000010449227572
6000000010449329510
6000000010449334766
6000000010449349615
6000000010449432318
6000000010449467250
6000000010449471840
6000000010449479225
6000000010449484284
6000000010449496235
6000000010449499291
6000000010449505582
6000000010449520327
6000000010449527338
6000000010449528455
6000000010449637294
6000000010463454284
6000000010465444173
6000000010465610764
6000000010465908359
6000000010465978735
6000000010466016488
6000000010590094486
6000000010590434036
6000000010592835207
6000000010592838410
6000000010592856252
6000000010592861344
6000000010592896202
6000000010592898352
6000000010592914258
6000000010592921218
6000000010592927262
6000000010592963308
6000000010593029977
6000000010593442683
6000000010596033415
6000000010597116250
6000000010602583698
6000000010605937009
6000000010636599719
6000000010636834438
6000000010642226910
6000000010642432777
6000000010642886835
6000000010643107835
6000000010644480504
6000000010644505362
6000000010645058614
6000000010656732103
6000000010656845076
6000000010656942166
6000000010657016079
6000000010657147884
6000000010657262880
6000000010657354950
6000000010657385636
6000000010657413581
6000000010657425400
6000000010657505917
6000000010657546366
6000000010657579781
6000000010657629281
6000000010657632207
6000000010657654784
6000000010657658293
6000000010657660854
6000000010657664258
6000000010657723641
6000000010657735933
6000000010657744061
6000000010657815695
6000000010657894309
6000000010657912460
6000000010657944326
6000000010657971204
6000000010697983635
6000000010698009820
6000000010698026158
6000000010698171591
6000000010698195719
6000000010725158137
6000000010725175909
6000000010725176031
6000000010725182988
6000000010725291089
6000000010725302860
6000000010725397129
6000000010725712486
6000000010725752522
6000000010725764922
6000000010725784781
6000000010725809461
6000000010725845307
6000000010770220884
6000000010770345013
6000000010801428651
6000000010801469277
6000000010801495047
6000000010801552269
6000000010851555672
6000000010914812806
6000000010914911402
6000000010923370086
6000000010924050368
6000000010924071364
6000000010942063293
6000000011006356425
6000000011006956206
6000000011033608705
6000000011033664520
6000000011039318771
6000000011039434106
6000000011039780359
6000000011046247101
6000000011056412876
6000000011141642520
6000000011209028476
6000000011249640031
6000000011249866679
6000000011249892406
6000000011314295761
6000000011360493575
6000000011399029081
6000000011489181960
6000000011489260007
6000000011489279055
6000000011489352721
6000000011489360653
6000000011493602659
6000000011493725310
6000000011502854977
6000000011502892043
6000000011502946891
6000000011503018905
6000000011503134721
6000000011503307530
6000000011503330237
6000000011532706901
6000000011533116272
6000000011579846480
6000000011677868252
6000000011720402005
6000000011721009254
6000000011721013324
6000000011722963132
6000000011725363245
6000000011726768889
6000000011726797087
6000000011726894725
6000000011726900034
6000000011726934362
6000000011726935396
6000000011732631038
6000000011732687916
6000000011733173874
6000000011733176605
6000000011733180687
6000000011733208985
6000000011733264419
6000000011733284547
6000000011733653442
6000000011734156388
6000000011801298874
6000000011801311763
6000000011801449320
6000000011812585506
6000000011812634799
6000000011812647697
6000000011812783290
6000000011818217059
6000000011818271839
6000000011843903293
6000000011873205299
6000000011915098868
6000000011915423080
6000000011918650581
6000000011938746181
6000000012041351487
6000000012041658450
6000000012041679322
6000000012041774294
6000000012041794250
6000000012548939655
6000000012549517108
6000000012549559805
6000000012549596511
6000000012549672413
6000000012569677391
6000000012569778117
6000000012581597189
6000000012581993501
6000000012644201763
6000000012664533943
6000000012664542926
6000000012664543451
6000000012664636626
6000000012664784779
6000000012665068359
6000000012665097221
6000000012665102286
6000000012675295184
6000000012675326881
6000000012675444149
6000000012675486128
6000000012675581602
6000000012675631695
6000000012675638340
6000000012675643747
6000000012675649485
6000000012675653537
6000000012675677496
6000000012675750713
6000000012675770885
6000000012675790548
6000000012675811835
6000000012675823392
6000000012675825397
6000000012675837274
6000000012675858315
6000000012675915224
6000000012675945205
6000000012675946221
6000000012675970214
6000000012676056109
6000000012676100097
6000000012676179925
6000000012676359309
6000000012676528172
6000000012676615160
6000000012676644395
6000000012676675566
6000000012676720321
6000000012676739865
6000000012676744515
6000000012676767419
6000000012676843120
6000000012676874805
6000000012676906696
6000000012676927099
6000000012676947073
6000000012676976939
6000000012676979077
6000000012676992969
6000000012677045659
6000000012677057720
6000000012677070821
6000000012677088448
6000000012677088869
6000000012677092594
6000000012677127724
6000000012677135509
6000000012677135733
6000000012677141500
6000000012677159582
6000000012677180302
6000000012677190594
6000000012677194261
6000000012677203786
6000000012677205410
6000000012677207418
6000000012677211710
6000000012677231214
6000000012677256281
6000000012677279059
6000000012677286207
6000000012677350379
6000000012677382331
6000000012677385305
6000000012677393280
6000000012677393461
6000000012677396265
6000000012677671897
6000000012680232799
6000000012686180261
6000000012686918390
6000000012687011940
6000000012687146944
6000000012687152815
6000000012687180631
6000000012687224465
6000000012687271444
6000000012687355714
6000000012687386455
6000000012687389305
6000000012687426513
6000000012687447172
6000000012687467402
6000000012687471723
6000000012687480385
6000000012687487340
6000000012687488549
6000000012687488893
6000000012687489720
6000000012687498441
6000000012687507864
6000000012687508434
6000000012687525450
6000000012687535697
6000000012687539292
6000000012687542646
6000000012687549093
6000000012687559414
6000000012687560158
6000000012687597307
6000000012687675772
6000000012687719854
6000000012687728980
6000000012687741137
6000000012687749459
6000000012687756399
6000000012687758603
6000000012687798452
6000000012687800357
6000000012687803441
6000000012687844268
6000000012687852789
6000000012687876162
6000000012687880253
6000000012687881990
6000000012687887571
6000000012687887959
6000000012687913882
6000000012687917733
6000000012687932275
6000000012687934232
6000000012687947264
6000000012687952216
6000000012687987574
6000000012688000330
6000000012688011531
6000000012688021167
6000000012688021171
6000000012688024215
6000000012688037359
6000000012688096414
6000000012688109459
6000000012688110442
6000000012688208164
6000000012688254966
6000000012688410704
6000000012688468958
6000000012688483941
6000000012688486548
6000000012688503742
6000000012688565691
6000000012688620424
6000000012688620557
6000000012688623761
6000000012688647111
6000000012688671996
6000000012688707980
6000000012688712959
6000000012688749018
6000000012688773806
6000000012688790621
6000000012688797932
6000000012688800900
6000000012688802479
6000000012688807587
6000000012688807863
6000000012688813846
6000000012688819033
6000000012688821468
6000000012688837352
6000000012688838546
6000000012688846326
6000000012688848191
6000000012688850513
6000000012688857618
6000000012688862774
6000000012688864426
6000000012688868396
6000000012688874336
6000000012688885210
6000000012688901239
6000000012688903318
6000000012688904177
6000000012688939656
6000000012688950868
6000000012688964962
6000000012688980367
6000000012688987489
6000000012688988226
6000000012688990371
6000000012688993628
6000000012689004276
6000000012689009436
6000000012689041435
6000000012689047470
6000000012689072416
6000000012689072632
6000000012689078372
6000000012689104244
6000000012689107225
6000000012689120202
6000000012689163243
6000000012689164224
6000000012695215361
6000000012695554070
6000000012695790045
6000000012695857971
6000000012695997919
6000000012696010455
6000000012696082877
6000000012696112569
6000000012696156920
6000000012696160439
6000000012696167350
6000000012696183531
6000000012696187542
6000000012696194542
6000000012696224510
6000000012696235539
6000000012696242215
6000000012696250625
6000000012696253271
6000000012696253426
6000000012696254012
6000000012696268227
6000000012696285460
6000000012696294640
6000000012696294912
6000000012696300313
6000000012696313204
6000000012696314506
6000000012696331279
6000000012696382424
6000000012696402367
6000000012696457339
6000000012696472332
6000000012696484201
6000000012696491614
6000000012696507126
6000000012696532340
6000000012696602278
6000000012696622375
6000000012696678306
6000000012696708415
6000000012696739547
6000000012712979596
6000000012760000634
6000000012809452650
6000000012809487051
6000000012809730479
6000000012809730707
6000000012809878232
6000000012810014683
6000000012810061525
6000000012810202201
6000000012822228567
6000000012822353492
6000000012822386779
6000000012822403622
6000000012822451201
6000000012822482683
6000000012822493206
6000000012822548167
6000000012822600559
6000000012822657309
6000000012822691302
6000000012822702358
6000000012822709218
6000000012823089963
6000000012823108442
6000000012823140212
6000000012823143208
6000000012823252522
6000000012823955310
6000000012824050891
6000000012824190559
6000000012824224005
6000000012824254311
6000000012824316312
6000000012824364295
6000000012824414323
6000000012835033460
6000000012835409885
6000000012835751708
6000000012888121742
6000000012888210654
6000000012935302004
6000000012935373649
6000000012935388494
6000000012935401993
6000000012935420802
6000000012935472192
6000000012935483929
6000000012935492123
6000000012935496482
6000000012935508078
6000000012935544683
6000000012935544929
6000000012935655157
6000000012935749294
6000000012935817795
6000000012935823849
6000000012935908115
6000000012935916907
6000000012935917019
6000000012935938630
6000000012935947555
6000000012936051285
6000000012936065764
6000000012936074269
6000000012936080374
6000000012936094226
6000000012936095660
6000000012936109939
6000000012936137214
6000000012936141234
6000000012936152634
6000000012936286334
6000000012936293282
6000000012967226176
6000000012967243028
6000000012967245121
6000000012967245138
6000000012967245778
6000000012967251172
6000000012967253131
6000000012967255967
6000000012967260028
6000000012967273121
6000000012967275156
6000000012967276191
6000000012967278186
6000000012967280756
6000000012967284489
6000000012967288091
6000000012967297010
6000000012967300599
6000000012967304091
6000000012967305625
6000000012967326556
6000000012967332540
6000000012967334777
6000000012967336646
6000000012967336680
6000000012967350093
6000000012967351909
6000000012967352005
6000000012967352765
6000000012967356967
6000000012967356972
6000000012967359906
6000000012967382732
6000000012967383673
6000000012967390663
6000000012967395630
6000000012967402827
6000000012967402833
6000000012967408609
6000000012967408690
6000000012967410661
6000000012967576987
6000000012967580754
6000000012967608603
6000000012967608937
6000000012967609176
6000000012967665804
6000000012967668576
6000000012967671413
6000000012967671460
6000000012967673715
6000000012967677450
6000000012967677817
6000000012967684426
6000000012967686435
6000000012967687548
6000000012967687688
6000000012967691717
6000000012967695428
6000000012967698299
6000000012967698304
6000000012967700665
6000000012967705264
6000000012967714391
6000000012967714477
6000000012967717254
6000000012967719467
6000000012967722241
6000000012967728224
6000000012967751261
6000000012967752304
6000000012967771224
6000000012967875562
6000000012968031479
6000000012973339197
6000000012973765818
6000000012973828865
6000000012973833056
6000000012973841590
6000000012973846063
6000000012973847199
6000000012973862100
6000000012973888828
6000000012973899975
6000000012973919083
6000000012973923711
6000000012973934493
6000000012973955024
6000000012973958065
6000000012973958896
6000000012973971409
6000000012973977037
6000000012973985816
6000000012973988060
6000000012973991100
6000000012974013391
6000000012974025042
6000000012974027091
6000000012974028653
6000000012974029027
6000000012974037778
6000000012974047739
6000000012974070182
6000000012974071042
6000000012974073784
6000000012974075911
6000000012974120615
6000000012974122312
6000000012974132173
6000000012974148354
6000000012974151818
6000000012974181955
6000000012974190504
6000000012974199738
6000000012974199933
6000000012974205614
6000000012974217291
6000000012974223415
6000000012974223904
6000000012974223918
6000000012974231253
6000000012974243474
6000000012974260218
6000000012974260347
6000000012974261698
6000000012974307080
6000000012974307261
6000000012974307795
6000000012974310348
6000000012974314837
6000000012974315867
6000000012974321190
6000000012974325705
6000000012974357984
6000000012974358651
6000000012974370618
6000000012974394197
6000000012974411928
6000000012974412107
6000000012974414882
6000000012974424846
6000000012974425090
6000000012974431863
6000000012974432331
6000000012974433780
6000000012974447712
6000000012974461535
6000000012974461572
6000000012974512730
6000000012974514609
6000000012974526565
6000000012974527313
6000000012974529507
6000000012974540584
6000000012974542505
6000000012974559626
6000000012974569854
6000000012974583184
6000000012974588244
6000000012974597425
6000000012974598089
6000000012974598224
6000000012974599894
6000000012974600121
6000000012974604049
6000000012974606240
6000000012974606401
6000000012974608509
6000000012974613675
6000000012974614081
6000000012974618151
6000000012974618371
6000000012974619366
6000000012974620254
6000000012974621324
6000000012974628690
6000000012974628711
6000000012974633024
6000000012974638152
6000000012974638782
6000000012974649710
6000000012974662980
6000000012974666369
6000000012974672305
6000000012974672564
6000000012974684560
6000000012974688620
6000000012974706389
6000000012974709540
6000000012974716599
6000000012974718817
6000000012974736520
6000000012974743068
6000000012974752426
6000000012974752629
6000000012974757428
6000000012974761266
6000000012974770586
6000000012974774163
6000000012974805314
6000000012974828654
6000000012974832381
6000000012974843376
6000000012974864333
6000000012974872223
6000000012974890065
6000000012974954070
6000000012974955108
6000000012974962131
6000000012975036919
6000000012975039782
6000000012975039962
6000000012975048806
6000000012975077018
6000000012975085062
6000000012975092156
6000000012975093727
6000000012975102502
6000000012975109161
6000000012975114164
6000000012975120493
6000000012975120849
6000000012975125597
6000000012975126159
6000000012975126390
6000000012975133533
6000000012975136338
6000000012975140683
6000000012975147981
6000000012975155308
6000000012975167527
6000000012975170933
6000000012975182276
6000000012975206626
6000000012975211183
6000000012975211332
6000000012975232887
6000000012975235122
6000000012975235603
6000000012975235607
6000000012975235611
6000000012975235615
6000000012975235619
6000000012975237184
6000000012975237475
6000000012975238114
6000000012975241399
6000000012975241861
6000000012975250321
6000000012975252773
6000000012975256702
6000000012975260676
6000000012975292107
6000000012975295352
6000000012975296353
6000000012975302975
6000000012975305302
6000000012975306101
6000000012975312142
6000000012975319247
6000000012975322331
6000000012975324152
6000000012975327972
6000000012975361937
6000000012975362089
6000000012975369273
6000000012975370078
6000000012975373988
6000000012975376440
6000000012975382826
6000000012975387906
6000000012975393694
6000000012975394511
6000000012975401558
6000000012975410246
6000000012975410999
6000000012975429934
6000000012975432804
6000000012975439514
6000000012975451835
6000000012975455875
6000000012975457807
6000000012975459745
6000000012975460859
6000000012975462921
6000000012975472369
6000000012975473947
6000000012975476413
6000000012975478160
6000000012975501756
6000000012975505759
6000000012975521343
6000000012975560887
6000000012975573683
6000000012975576437
6000000012975595688
6000000012975596286
6000000012975603850
6000000012975613563
6000000012975626963
6000000012975636356
6000000012975636372
6000000012975643011
6000000012975650789
6000000012975661349
6000000012975663225
6000000012975698523
6000000012975698629
6000000012975703080
6000000012975713750
6000000012975714060
6000000012975721747
6000000012975725340
6000000012975734611
6000000012975748851
6000000012975759410
6000000012975762552
6000000012975780070
6000000012975781665
6000000012975791611
6000000012975793248
6000000012975819075
6000000012975820373
6000000012975824969
6000000012975825536
6000000012975830449
6000000012975838298
6000000012975839729
6000000012975852286
6000000012975854599
6000000012975854886
6000000012975855420
6000000012975855427
6000000012975855431
6000000012975871797
6000000012975874692
6000000012975899415
6000000012975901900
6000000012975902410
6000000012975905788
6000000012975906430
6000000012975913315
6000000012975927533
6000000012975929524
6000000012975936274
6000000012975936702
6000000012975940458
6000000012975940630
6000000012975947798
6000000012975953735
6000000012975958228
6000000012975963286
6000000012975964295
6000000012975968937
6000000012975972201
6000000012975977549
6000000012975984236
6000000012976005293
6000000012976010384
6000000012976043775
6000000012976045269
6000000012976046493
6000000012976050697
6000000012976051295
6000000012976053236
6000000012976057370
6000000012976058225
6000000012976089420
6000000012976102782
6000000012976108226
6000000012976187965
6000000012976217173
6000000012976238887
6000000012976245470
6000000012976275506
6000000012976294844
6000000012976294898
6000000012976316478
6000000012976335811
6000000012976335898
6000000012976349640
6000000012976349794
6000000012976350986
6000000012976361611
6000000012976366314
6000000012976367483
6000000012976382715
6000000012976415483
6000000012976432223
6000000012976547001
6000000012976547005
6000000012976572047
6000000012976661532
6000000012976674821
6000000012976687827
6000000012976724592
6000000012976746610
6000000012976776389
6000000012976803323
6000000012976812477
6000000012976926487
6000000012977003793
6000000012977011855
6000000012977014408
6000000012977028940
6000000012977053493
6000000012977120367
6000000012977129271
6000000012998746112
6000000012998916029
6000000012998967686
6000000012998984186
6000000012999037707
6000000012999090563
6000000012999118797
6000000012999130982
6000000012999142658
6000000012999172491
6000000012999180570
6000000012999184345
6000000012999186354
6000000012999210232
6000000012999210447
6000000012999215359
6000000012999221239
6000000012999233276
6000000013005435723
6000000013019385061
6000000013019478361
6000000013019515303
6000000013019690071
6000000013030411740
6000000013041152237
6000000013056826316
6000000013071311998
6000000013071373208
6000000013071458786
6000000013085412833
6000000013116428135
6000000013143579005
6000000013143904332
6000000013153698576
6000000013185115050
6000000013185338043
6000000013185438789
6000000013185481835
6000000013185528040
6000000013185531341
6000000013185650204
6000000013185677492
6000000013185679355
6000000013185711271
6000000013185730240
6000000013185734304
6000000013185734480
6000000013218112986
6000000013335166593
6000000013395138423
6000000013395163064
6000000013395192668
6000000013395278325
6000000013403514118
6000000013403587098
6000000013403617955
6000000013567302988
6000000013567421999
6000000013567576377
6000000013567653171
6000000013567666036
6000000013567681047
6000000013567684089
6000000013590206488
6000000013590211917
6000000013590231648
6000000013590232341
6000000013590262651
6000000013590291739
6000000013590293320
6000000013590298317
6000000013590300597
6000000013590311322
6000000013590424257
6000000013590549183
6000000013590564085
6000000013634063502
6000000013680085394
6000000013714059960
6000000013751069293
6000000013751282410
6000000013761221148
6000000013805871030
6000000013859106000
6000000013859176661
6000000013859203857
6000000013859204790
6000000013859213357
6000000013859218327
6000000013859218482
6000000013859236874
6000000013859239606
6000000013859242648
6000000013859243734
6000000013859252675
6000000013859255876
6000000013859263377
6000000013859280837
6000000013859287697
6000000013859289236
6000000013859293402
6000000013859294665
6000000013859324394
6000000013859335446
6000000013859336644
6000000013859339485
6000000013859340456
6000000013859341526
6000000013859342023
6000000013859344766
6000000013859347584
6000000013859351579
6000000013859359602
6000000013859367184
6000000013859369231
6000000013859380065
6000000013859380300
6000000013859387376
6000000013859400209
6000000013859413128
6000000013859423999
6000000013859436093
6000000013859439041
6000000013859487695
6000000013859528527
6000000013859533655
6000000013859585657
6000000013859587339
6000000013859620796
6000000013859620915
6000000013859622602
6000000013859631579
6000000013859638496
6000000013859641740
6000000013859646004
6000000013859648365
6000000013859652290
6000000013859661025
6000000013859668010
6000000013859668439
6000000013859669772
6000000013859671374
6000000013859671996
6000000013859683237
6000000013859685114
6000000013859686730
6000000013859695472
6000000013859699406
6000000013859700425
6000000013859702564
6000000013859702574
6000000013859743612
6000000013859757467
6000000013859765122
6000000013859771163
6000000013859773357
6000000013859775116
6000000013859775153
6000000013859783044
6000000013859786800
6000000013859789420
6000000013859794533
6000000013859794812
6000000013859800462
6000000013859805417
6000000013859806347
6000000013859817938
6000000013859832935
6000000013859857595
6000000013859878673
6000000013859884150
6000000013859888343
6000000013859898821
6000000013859905068
6000000013859933406
6000000013859955205
6000000013859973098
6000000013859996157
6000000013860064667
6000000013860089278
6000000013874455946
6000000013874610689
6000000013874653874
6000000013883467488
6000000013883595579
6000000013883665990
6000000013883694671
6000000013883760113
6000000013885630848
6000000013886688899
6000000013886694850
6000000013886753394
6000000013886762308
6000000013886776441
6000000013898464497
6000000013899164061
6000000013904558360
6000000013907869167
6000000013908363260
6000000013908363267
6000000013908363274
6000000013908765431
6000000013936214595
6000000013936308389
6000000013952640107
6000000013952642096
6000000014055081300
6000000014055287478
6000000014055609184
6000000014102259985
6000000014102429654
6000000014102674987
6000000014102714552
6000000014102747274
6000000014102761980
6000000014102803508
6000000014102809409
6000000014102823611
6000000014102848900
6000000014102870323
6000000014102874853
6000000014102892599
6000000014102952131
6000000014102969502
6000000014102985036
6000000014103056110
6000000014330468175
6000000014340252590
6000000014340618904
6000000014341380105
6000000014348360986
6000000014348965880
6000000014348992659
6000000014349044578
6000000014349079249
6000000014349111090
6000000014349210091
6000000014407705607
6000000014408149349
6000000014408185142
6000000014430630486
6000000014430696893
6000000014430786807
6000000014430801839
6000000014430837580
6000000014430893104
6000000014430923960
6000000014431002945
6000000014431004558
6000000014431025325
6000000014431028603
6000000014431041692
6000000014431052516
6000000014431058510
6000000014431068842
6000000014431082540
6000000014431128445
6000000014431138339
6000000014431156985
6000000014431158957
6000000014431217319
6000000014431227375
6000000014431228734
6000000014431228879
6000000014431302063
6000000014431398113
6000000014438803224
6000000014505145414
6000000014517083283
6000000014546614071
6000000014641148043
6000000014641251085
6000000014641536440
6000000014641749462
6000000014642137785
6000000014653979062
6000000014713075287
6000000014713138222
6000000014713224309
6000000014713236551
6000000014713264490
6000000014713274214
6000000014713485174
6000000014713813731
6000000014714019131
6000000014714049371
6000000014714116746
6000000014714198216
6000000014714210262
6000000014714261070
6000000014714284759
6000000014714308109
6000000014714333886
6000000014736463868
6000000014753852747
6000000014753956872
6000000014753981606
6000000014755764860
6000000014755837799
6000000014755855802
6000000014756006765
6000000014756027868
6000000014756089914
6000000014756092503
6000000014756178400
6000000014756179217
6000000014756190671
6000000014756191143
6000000014756202400
6000000014756212278
6000000014756212808
6000000014756214269
6000000014756218556
6000000014756225137
6000000014756255053
6000000014756350192
6000000014756378499
6000000014756403475
6000000014756406149
6000000014756410223
6000000014756422123
6000000014756456130
6000000014756458053
6000000014756475105
6000000014756488073
6000000014776482511
6000000014776574206
6000000014776842858
6000000014776931362
6000000014776971091
6000000014776972530
6000000014776983449
6000000014776994042
6000000014777086288
6000000014777107444
6000000014777129514
6000000014777167535
6000000014777184717
6000000014777203702
6000000014777226505
6000000014777252057
6000000014777252206
6000000014777254348
6000000014777282138
6000000014777282731
6000000014777322476
6000000014777341002
6000000014785948311
6000000014785988758
6000000014786002954
6000000014786048190
6000000014786616654
6000000014786700526
6000000014786728505
6000000014786744009
6000000014786769373
6000000014786770680
6000000014786782543
6000000014786785691
6000000014786839592
6000000014786849369
6000000014786884418
6000000014804331271
6000000014806228794
6000000014806263497
6000000014806286287
6000000014851662611
6000000014851662935
6000000014851663137
6000000014851678814
6000000014851690069
6000000014851696466
6000000014851731532
6000000014851734333
6000000014851741654
6000000014872381260
6000000014882732701
6000000014886477884
6000000014886517339
6000000014886525677
6000000014886529861
6000000014886531775
6000000014886643734
6000000014886717160
6000000014892950261
6000000014893009653
6000000014893147752
6000000014893208572
6000000014893223657
6000000014893258967
6000000014893287303
6000000014893345176
6000000014893349286
6000000014893963860
6000000014894198578
6000000014894264372
6000000014894301205
6000000014894325279
6000000014894327162
6000000014894350105
6000000014936304628
6000000014955830806
6000000014956159595
6000000014956405234
6000000014956549892
6000000014956554680
6000000014956559377
6000000014956846046
6000000014993996932
6000000014994006600
6000000014994031811
6000000014994198582
6000000014994264252
6000000014994390373
6000000014994794959
6000000015004314929
6000000015004464188
6000000015004500510
6000000015004569147
6000000015004696777
6000000015004703793
6000000015004732705
6000000015004781401
6000000015004789270
6000000015004809240
6000000015004811890
6000000015004817232
6000000015004823509
6000000015004853191
6000000015004894276
6000000015004918646
6000000015005003446
6000000015005049333
6000000015007957871
6000000015007986762
6000000015008057576
6000000015008096322
6000000015008105454
6000000015008108305
6000000015008185806
6000000015008383906
6000000015008396595
6000000015008410691
6000000015008417467
6000000015008454232
6000000015017276670
6000000015017289493
6000000015017506739
6000000015030904456
6000000015031049798
6000000015031089516
6000000015031125156
6000000015031175156
6000000015037455314
6000000015097625733
6000000015097781331
6000000015097815218
6000000015104822776
6000000015104900283
6000000015105061667
6000000015105130204
6000000015105161082
6000000015105420880
6000000015105532954
6000000015105589119
6000000015105598033
6000000015114278943
6000000015114326835
6000000015115566869
6000000015115597077
6000000015115948303
6000000015159338687
6000000015159401350
6000000015159424733
6000000015159505855
6000000015201719477
6000000015201761055
6000000015230551858
6000000015230607287
6000000015230624406
6000000015230709358
6000000015230774419
6000000015230812160
6000000015230830081
6000000015231079989
6000000015231086840
6000000015231137786
6000000015231174787
6000000015231194484
6000000015231295298
6000000015231307428
6000000015231408455
6000000015231429824
6000000015231581100
6000000015231668713
6000000015280272734
6000000015280280590
6000000015280280595
6000000015280280603
6000000015280280607
6000000015280280611
6000000015280280615
6000000015280280619
6000000015280412784
6000000015280412788
6000000015280412792
6000000015280412796
6000000015280412800
6000000015280412804
6000000015280457121
6000000015280457125
6000000015280545529
6000000015280715739
6000000015280715752
6000000015280715756
6000000015280715759
6000000015280715763
6000000015280715767
6000000015281264749
6000000015284702618
6000000015284702667
6000000015284956872
6000000015284971930
6000000015284975539
6000000015285111523
6000000015285158057
6000000015285272894
6000000015285323773
6000000015285346943
6000000015285420996
6000000015285463356
6000000015285480529
6000000015285665101
6000000015285773691
6000000015285888187
6000000015285900100
6000000015285946342
6000000015285946676
6000000015286005616
6000000015286222219
6000000015286229001
6000000015292449558
6000000015292620295
6000000015292651044
6000000015322603772
6000000015322610350
6000000015322627366
6000000015322636175
6000000015322780544
6000000015322793561
6000000015322855148
6000000015322868075
6000000015322910910
6000000015322935299
6000000015322990964
6000000015323015366
6000000015323033662
6000000015323044435
6000000015323060661
6000000015323097090
6000000015323143024
6000000015323148965
6000000015323177490
6000000015323182569
6000000015323201233
6000000015323250440
6000000015323261529
6000000015323272233
6000000015352558228
6000000015352613025
6000000015357298447
6000000015642296837
6000000015655560157
6000000015669472173
6000000015673539724
6000000015740599324
6000000015743829251
6000000015744073004
6000000015744076007
6000000015794152436
6000000015838535043
6000000015873764471
6000000015874765283
6000000015892582375
6000000015904866613
6000000015904945980
6000000015910360432
6000000015918191634
6000000015918192358
6000000015918242966
6000000015918247152
6000000015918342710
6000000015918453421
6000000015918491631
6000000015918495326
6000000015918520563
6000000015918580340
6000000015918598400
6000000015918622220
6000000015918638099
6000000015945068877
6000000015957442798
6000000015957459947
6000000015957694048
6000000016026551735
6000000016034599587
6000000016035071868
6000000016043997777
6000000016044374774
6000000016044376866
6000000016044406565
6000000016044414482
6000000016044599072
6000000016044603300
6000000016044607440
6000000016044641440
6000000016044666327
6000000016044695038
6000000016045430792
6000000016045479797
6000000016045658012
6000000016054621210
6000000016072369473
6000000016072433096
6000000016072496605
6000000016072833470
6000000016073136857
6000000016073181310
6000000016073244313
6000000016093307686
6000000016104291317
6000000016104304473
6000000016111641465
6000000016111726004
6000000016125833590
6000000016125838504
6000000016132303589
6000000016132561755
6000000016132575337
6000000016132581461
6000000016140816335
6000000016143900994
6000000016143991376
6000000016144129472
6000000016144136496
6000000016144252837
6000000016144400654
6000000016144423923
6000000016144424065
6000000016144426641
6000000016144436085
6000000016144450036
6000000016144463368
6000000016144481719
6000000016144537216
6000000016144600142
6000000016144607289
6000000016145004434
6000000016147734911
6000000016147960190
6000000016154488588
6000000016154690918
6000000016154932298
6000000016155215550
6000000016156798158
6000000016156820442
6000000016156857412
6000000016156883225
6000000016156905600
6000000016156924020
6000000016156949156
6000000016159090641
6000000016159106788
6000000016159375771
6000000016159417243
6000000016159428172
6000000016173252860
6000000016173258848
6000000016173834959
6000000016173933928
6000000016174291900
6000000016175064487
6000000016175082602
6000000016175165096
6000000016176968596
6000000016179620062
6000000016183864849
6000000016183946607
6000000016184137048
6000000016184172056
6000000016186408573
6000000016187447672
6000000016188112330
6000000016188181021
6000000016188322166
6000000016188361179
6000000016189896575
6000000016189966802
6000000016190109816
6000000016190167563
6000000016190285124
6000000016190314852
6000000016190340519
6000000016190470484
6000000016190589637
6000000016190646185
6000000016190753023
6000000016191871397
6000000016196603525
6000000016196611285
6000000016196649208
6000000016196653650
6000000016196666964
6000000016196701663
6000000016196829267
6000000016198016737
6000000016210062483
6000000016211258690
6000000016211504828
6000000016211567324
6000000016211929221
6000000016212089370
6000000016212147174
6000000016217491850
6000000016217982098
6000000016218210110
6000000016223394402
6000000016224308923
6000000016224743726
6000000016224777896
6000000016224906382
6000000016224944527
6000000016224945410
6000000016225053158
6000000016225054338
6000000016225147032
6000000016225147128
6000000016229747378
6000000016238830765
6000000016241243169
6000000016241246090
6000000016241386820
6000000016246014101
6000000016262944720
6000000016263254458
6000000016263297221
6000000016298528733
6000000016300864189
6000000016300917127
6000000016301760844
6000000016301823899
6000000016301834700
6000000016302059998
6000000016302263203
6000000016302908616
6000000016303000796
6000000016303062988
6000000016303094393
6000000016303112372
6000000016303222406
6000000016304723214
6000000016308218774
6000000016308652441
6000000016308706618
6000000016308894415
6000000016332593721
6000000016332914755
6000000016333337375
6000000016337351667
6000000016399615871
6000000016399660222
6000000016399688378
6000000016411261654
6000000016411737893
6000000016414092781
6000000016414501285
6000000016414665977
6000000016414723352
6000000016414744726
6000000016414810272
6000000016415085373
6000000016415992432
6000000016422337839
6000000016432721556
6000000016434968217
6000000016435348241
6000000016443413435
6000000016445550596
6000000016446092631
6000000016446134487
6000000016446146452
6000000016446158278
6000000016446170618
6000000016446190611
6000000016446193601
6000000016446279513
6000000016446341399
6000000016446602141
6000000016446793002
6000000016483760075
6000000016484062573
6000000016484179947
6000000016520193543
6000000016542424174
6000000016542467181
6000000016543717141
6000000016543786130
6000000016582575836
6000000016582598724
6000000016582603564
6000000016582658506
6000000016582733917
6000000016582753924
6000000016582769911
6000000016582782401
6000000016582792724
6000000016582836564
6000000016582892362
6000000016582904534
6000000016582919781
6000000016582981161
6000000016583078846
6000000016583158815
6000000016583159391
6000000016583252213
6000000016583252527
6000000016583262043
6000000016583286436
6000000016583323050
6000000016583323155
6000000016583343693
6000000016583435379
6000000016583577441
6000000016583594036
6000000016583597133
6000000016583625410
6000000016583672321
6000000016583853420
6000000016583877339
6000000016583885552
6000000016583942291
6000000016603358361
6000000016603369189
6000000016603401114
6000000016603404105
6000000016603411667
6000000016603479106
6000000016603505194
6000000016606755446
6000000016606774436
6000000016606884429
6000000016607086352
6000000016607200116
6000000016607378812
6000000016607464821
6000000016607554707
6000000016607614620
6000000016607631718
6000000016607771979
6000000016607834652
6000000016607890222
6000000016607957156
6000000016607969154
6000000016608016031
6000000016608019001
6000000016616025303
6000000016616187093
6000000016616241795
6000000016616306818
6000000016616453028
6000000016633722779
6000000016633843220
6000000016658138154
6000000016659270407
6000000016659336313
6000000016659399133
6000000016659421264
6000000016662268476
6000000016662488227
6000000016669190019
6000000016672739558
6000000016682143892
6000000016682166467
6000000016682404071
6000000016682404387
6000000016682425259
6000000016682620120
6000000016688232750
6000000016688232945
6000000016688232950
6000000016688232954
6000000016688232958
6000000016688262818
6000000016688298999
6000000016688330792
6000000016688348757
6000000016688355926
6000000016688396835
6000000016688462771
6000000016688468944
6000000016688475252
6000000016688507672
6000000016688518758
6000000016688519899
6000000016688541653
6000000016688544966
6000000016688555000
6000000016688598985
6000000016688603831
6000000016688619850
6000000016688688543
6000000016688714485
6000000016688718540
6000000016688721517
6000000016688722416
6000000016688733307
6000000016688740525
6000000016688741429
6000000016688751661
6000000016688781218
6000000016688784323
6000000016688784659
6000000016688799800
6000000016688800817
6000000016688800996
6000000016688807296
6000000016688807772
6000000016688808177
6000000016688811170
6000000016688813834
6000000016688823188
6000000016688833199
6000000016688833266
6000000016688843270
6000000016688843277
6000000016688849293
6000000016688865804
6000000016688869261
6000000016688870218
6000000016688870261
6000000016688878796
6000000016688880364
6000000016688883618
6000000016688894007
6000000016688906019
6000000016688915622
6000000016688915627
6000000016688915631
6000000016688915635
6000000016688915639
6000000016688926694
6000000016688930332
6000000016688956120
6000000016688957038
6000000016688959135
6000000016688977296
6000000016688985337
6000000016689004203
6000000016689005562
6000000016689030105
6000000016689039121
6000000016689039126
6000000016689039130
6000000016689039134
6000000016689039138
6000000016689056273
6000000016689070740
6000000016689072036
6000000016689072041
6000000016689072045
6000000016689072433
6000000016689073134
6000000016689075104
6000000016689079165
6000000016689085044
6000000016689085140
6000000016689085145
6000000016689085149
6000000016689091230
6000000016689109124
6000000016689156303
6000000016689237021
6000000016689270013
6000000016689284092
6000000016689355025
6000000016689428001
6000000016689474003
6000000016689554012
6000000016689555102
6000000016689555107
6000000016689555111
6000000016689555115
6000000016689555119
6000000016689568005
6000000016689582009
6000000016689613099
6000000016689652002
6000000016689669005
6000000016689699045
6000000016689700012
6000000016689738045
6000000016689760036
6000000016689772025
6000000016689772030
6000000016689772034
6000000016689772038
6000000016689784026
6000000016689790001
6000000016689805007
6000000016689848004
6000000016689849018
6000000016689877001
6000000016689909005
6000000016691564749
6000000016691582784
6000000016691582885
6000000016691616777
6000000016691634943
6000000016691645914
6000000016691651787
6000000016691657809
6000000016691659801
6000000016691670822
6000000016691671719
6000000016691672687
6000000016691672775
6000000016691677971
6000000016691680508
6000000016691680541
6000000016691682999
6000000016691693961
6000000016691808455
6000000016691818930
6000000016691856867
6000000016691857852
6000000016691892750
6000000016691894595
6000000016691894600
6000000016691894604
6000000016691894608
6000000016691895665
6000000016691895966
6000000016691898613
6000000016691900613
6000000016691900742
6000000016691904701
6000000016691905960
6000000016691906511
6000000016691910712
6000000016691920531
6000000016691920608
6000000016691926540
6000000016691926719
6000000016691928725
6000000016691929398
6000000016691945764
6000000016691953537
6000000016691954507
6000000016691967244
6000000016691975444
6000000016691989378
6000000016691996238
6000000016691996627
6000000016692002411
6000000016692013392
6000000016692036327
6000000016692036830
6000000016692040193
6000000016692042017
6000000016692042081
6000000016692068189
6000000016692073008
6000000016692096198
6000000016692115452
6000000016692123299
6000000016692144160
6000000016692157259
6000000016692205100
6000000016692215092
6000000016695947926
6000000016696127835
6000000016696130714
6000000016697088706
6000000016697088711
6000000016697088715
6000000016697088719
6000000016697095787
6000000016697095892
6000000016697200818
6000000016697200938
6000000016697323599
6000000016697329606
6000000016697340557
6000000016697376483
6000000016697537425
6000000016697564009
6000000016697621489
6000000016697621538
6000000016697661740
6000000016697683076
6000000016697695793
6000000016697721801
6000000016697764837
6000000016697809789
6000000016697828364
6000000016697862719
6000000016697899113
6000000016698079628
6000000016698125616
6000000016698185590
6000000016698209349
6000000016698213235
6000000016698216279
6000000016698216284
6000000016698216288
6000000016698216292
6000000016698216296
6000000016698247337
6000000016698257165
6000000016698259219
6000000016698263786
6000000016698270157
6000000016698273192
6000000016698290378
6000000016698290457
6000000016698290515
6000000016698304456
6000000016698304634
6000000016698304639
6000000016698304643
6000000016698334466
6000000016698354089
6000000016698365010
6000000016698369219
6000000016698372407
6000000016698373117
6000000016698373533
6000000016698376299
6000000016698376303
6000000016698376307
6000000016698376311
6000000016698400423
6000000016698401012
6000000016698401555
6000000016698438229
6000000016698457065
6000000016698458099
6000000016698464012
6000000016698469012
6000000016698469016
6000000016698469020
6000000016698469024
6000000016698469028
6000000016698469032
6000000016698475859
6000000016698518487
6000000016698539204
6000000016698566040
6000000016698593547
6000000016698649325
6000000016698699098
6000000016698709116
6000000016698712033
6000000016699096853
6000000016699191842
6000000016699211601
6000000016699247761
6000000016699301869
6000000016699330576
6000000016699345844
6000000016699351577
6000000016699377821
6000000016699391648
6000000016699391658
6000000016699425468
6000000016699446709
6000000016699461795
6000000016699487575
6000000016699517261
6000000016699526948
6000000016699572911
6000000016699576925
6000000016699588440
6000000016699589916
6000000016699589965
6000000016699592863
6000000016699640939
6000000016699662882
6000000016699665816
6000000016699671328
6000000016699671749
6000000016699674328
6000000016699674482
6000000016699674535
6000000016699681781
6000000016699687671
6000000016699699370
6000000016699699990
6000000016699699994
6000000016699699998
6000000016699706407
6000000016699706523
6000000016699706903
6000000016699712283
6000000016699713760
6000000016699714175
6000000016699715317
6000000016699718210
6000000016699728304
6000000016699728421
6000000016699730479
6000000016699731579
6000000016699736197
6000000016699741076
6000000016699741153
6000000016699742220
6000000016699742364
6000000016699744207
6000000016699744735
6000000016699746684
6000000016699765081
6000000016699772286
6000000016699772891
6000000016699779159
6000000016699779213
6000000016699781527
6000000016699787796
6000000016699787800
6000000016699787804
6000000016699787808
6000000016699795989
6000000016699807132
6000000016699807263
6000000016699809099
6000000016699809158
6000000016699809661
6000000016699825215
6000000016699830068
6000000016699835036
6000000016699835094
6000000016699835984
6000000016699852349
6000000016699858521
6000000016699859312
6000000016699859320
6000000016699859571
6000000016699860346
6000000016699860741
6000000016699865061
6000000016699865419
6000000016699873233
6000000016699873635
6000000016699873657
6000000016699873703
6000000016699884018
6000000016699887634
6000000016699893409
6000000016699907409
6000000016699910694
6000000016699911124
6000000016699930111
6000000016699950175
6000000016699951007
6000000016699951019
6000000016699951297
6000000016699951767
6000000016699956148
6000000016699961940
6000000016699962074
6000000016699972345
6000000016699972449
6000000016699976111
6000000016699986653
6000000016699991873
6000000016699991885
6000000016700008907
6000000016700009561
6000000016700010125
6000000016700022051
6000000016700026536
6000000016700027435
6000000016700028029
6000000016700029759
6000000016700030215
6000000016700031323
6000000016700052574
6000000016700052777
6000000016700053620
6000000016700053904
6000000016700056595
6000000016700074497
6000000016700077514
6000000016700080445
6000000016700080564
6000000016700080909
6000000016700087751
6000000016700088206
6000000016700091904
6000000016700094310
6000000016700094625
6000000016700096152
6000000016700096861
6000000016700109243
6000000016700111198
6000000016700111429
6000000016700114502
6000000016700116553
6000000016700119103
6000000016700120386
6000000016700123387
6000000016700135127
6000000016700135533
6000000016700152492
6000000016700159049
6000000016700162828
6000000016700196094
6000000016700201157
6000000016700203186
6000000016700215624
6000000016700231046
6000000016700231159
6000000016700237192
6000000016700248097
6000000016700248202
6000000016700250609
6000000016700253033
6000000016700279023
6000000016700296868
6000000016700332268
6000000016700336347
6000000016700340618
6000000016700373793
6000000016700394420
6000000016700402389
6000000016700402483
6000000016700410485
6000000016700434313
6000000016700488196
6000000016700528438
6000000016700554281
6000000016700607139
6000000016700607191
6000000016700610067
6000000016700611073
6000000016700639100
6000000016704345987
6000000016704597787
6000000016704603947
6000000016705566974
6000000016705582776
6000000016705715702
6000000016705715948
6000000016705719560
6000000016705723991
6000000016705724578
6000000016705726521
6000000016705803905
6000000016705815925
6000000016705847640
6000000016705860546
6000000016705913574
6000000016705998368
6000000016706003178
6000000016706015809
6000000016706041831
6000000016706049290
6000000016706049901
6000000016706087944
6000000016706097014
6000000016706123524
6000000016706161657
6000000016706161670
6000000016706169195
6000000016706184182
6000000016706211438
6000000016706211684
6000000016706219861
6000000016706219900
6000000016706231442
6000000016706245208
6000000016706247504
6000000016706253233
6000000016706265333
6000000016706276079
6000000016706283203
6000000016706309220
6000000016706312479
6000000016706313191
6000000016706316045
6000000016706328153
6000000016706336210
6000000016706338083
6000000016706348167
6000000016706348241
6000000016706349244
6000000016706358045
6000000016706358156
6000000016706361256
6000000016706373048
6000000016706383092
6000000016706385890
6000000016706390997
6000000016706400050
6000000016706432728
6000000016706678887
6000000016706703999
6000000016706734920
6000000016706755496
6000000016706764777
6000000016706781916
6000000016706803986
6000000016706837917
6000000016706843662
6000000016706849901
6000000016706852764
6000000016706868782
6000000016706911949
6000000016706922285
6000000016706927827
6000000016706929317
6000000016706940163
6000000016706940716
6000000016706945412
6000000016706947703
6000000016706947778
6000000016706948251
6000000016706957794
6000000016706964053
6000000016706964090
6000000016706975193
6000000016706975780
6000000016706978893
6000000016706981500
6000000016706982375
6000000016706994051
6000000016706994085
6000000016706994744
6000000016706995825
6000000016706997899
6000000016706998087
6000000016707001423
6000000016707002523
6000000016707002644
6000000016707002648
6000000016707002652
6000000016707003939
6000000016707012260
6000000016707012535
6000000016707015408
6000000016707019256
6000000016707035271
6000000016707038176
6000000016707041585
6000000016707043169
6000000016707047466
6000000016707056733
6000000016707066941
6000000016707066950
6000000016707078948
6000000016707092995
6000000016707093592
6000000016707099308
6000000016707100297
6000000016707100900
6000000016707123056
6000000016707125004
6000000016707128955
6000000016707130958
6000000016707131688
6000000016707135853
6000000016707149650
6000000016707149711
6000000016707150022
6000000016707162611
6000000016707162737
6000000016707165721
6000000016707174770
6000000016707177370
6000000016707187376
6000000016707206128
6000000016707207812
6000000016707209998
6000000016707212775
6000000016707215683
6000000016707218447
6000000016707224595
6000000016707229387
6000000016707231211
6000000016707233423
6000000016707238756
6000000016707251491
6000000016707273209
6000000016707273261
6000000016707273306
6000000016707273446
6000000016707281413
6000000016707284901
6000000016707286418
6000000016707292946
6000000016707293157
6000000016707299285
6000000016707302751
6000000016707313284
6000000016707315058
6000000016707323344
6000000016707323778
6000000016707327327
6000000016707328291
6000000016707338644
6000000016707338797
6000000016707343466
6000000016707349927
6000000016707351479
6000000016707361199
6000000016707361673
6000000016707372449
6000000016707373835
6000000016707382245
6000000016707382387
6000000016707390546
6000000016707399461
6000000016707399491
6000000016707400730
6000000016707400788
6000000016707402447
6000000016707402894
6000000016707405565
6000000016707405569
6000000016707417357
6000000016707417402
6000000016707430843
6000000016707439809
6000000016707453453
6000000016707453527
6000000016707467533
6000000016707470580
6000000016707484668
6000000016707516891
6000000016707531134
6000000016707536244
6000000016707567089
6000000016707567718
6000000016707568333
6000000016707568341
6000000016707568505
6000000016707573579
6000000016707575097
6000000016707575744
6000000016707577162
6000000016707584237
6000000016707599305
6000000016707604555
6000000016707609614
6000000016707619621
6000000016707625031
6000000016707625241
6000000016707626393
6000000016707627390
6000000016707629812
6000000016707634240
6000000016707637545
6000000016707647809
6000000016707661696
6000000016707679190
6000000016707680120
6000000016707685379
6000000016707693344
6000000016707695001
6000000016707697015
6000000016707698566
6000000016707704713
6000000016707706949
6000000016707713493
6000000016707713580
6000000016707730737
6000000016707739865
6000000016707739890
6000000016707739993
6000000016707749797
6000000016707751800
6000000016707758346
6000000016707767133
6000000016707767807
6000000016707769081
6000000016707776134
6000000016707776303
6000000016707795015
6000000016707797449
6000000016707812402
6000000016707821107
6000000016707834582
6000000016707841153
6000000016707853222
6000000016707887202
6000000016707887254
6000000016707896183
6000000016707908083
6000000016707909183
6000000016707953285
6000000016707964003
6000000016707967010
6000000016707979019
6000000016707980030
6000000016708048223
6000000016786294933
6000000016786445981
6000000016802163211
6000000016854093868
6000000016854098765
6000000016854121924
6000000016854192680
6000000016854353775
6000000016854357746
6000000016854358815
6000000016854387929
6000000016854399724
6000000016854451906
6000000016854467317
6000000016854468418
6000000016854478234
6000000016854480314
6000000016854480635
6000000016854487244
6000000016854491099
6000000016854493088
6000000016854504077
6000000016854504180
6000000016854505053
6000000016854509128
6000000016854509731
6000000016854511031
6000000016857752980
6000000016857822214
6000000016869635819
6000000016869995042
6000000016870025852
6000000016870292419
6000000016871340354
6000000016871407547
6000000016871408812
6000000016871445800
6000000016871493284
6000000016871498074
6000000016871521286
6000000016871549278
6000000016871553003
6000000016894146962
6000000016894229093
6000000016894266507
6000000016894590698
6000000016894591786
6000000016894828187
6000000016908465187
6000000016908480284
6000000016908494297
6000000016908505265
6000000016908505720
6000000016908558408
6000000016908564101
6000000016908651533
6000000016909026672
6000000016909342072
6000000016909345138
6000000016913574916
6000000016913782993
6000000016913809634
6000000016913810353
6000000016913868112
6000000016913868325
6000000016913874077
6000000016913882182
6000000016913898185
6000000016913926525
6000000016925094726
6000000016925159411
6000000016925288584
6000000016925289847
6000000016925305633
6000000016925327306
6000000016925340381
6000000016925348031
6000000016925390411
6000000016925394642
6000000016925407537
6000000016925422854
6000000016925433518
6000000016925447297
6000000016925464168
6000000016925467044
6000000016925474001
6000000016925603228
6000000016935119481
6000000016936738291
6000000016936938644
6000000016937512298
6000000016950325469
6000000016950386082
6000000016960343520
6000000016960481676
6000000016960523198
6000000016960548923
6000000016960612575
6000000016960648447
6000000016960675245
6000000016960713897
6000000016960746133
6000000016960774581
6000000016960818641
6000000016960825763
6000000016960835952
6000000016960864126
6000000016960892355
6000000016960892432
6000000016960910392
6000000016960929999
6000000016960946693
6000000016960995697
6000000016961014725
6000000016961050267
6000000016961050832
6000000016961055696
6000000016961063762
6000000016961081145
6000000016961122855
6000000016961127376
6000000016961139959
6000000016961193892
6000000016961209608
6000000016961255213
6000000016961256560
6000000016961275566
6000000016961301937
6000000016961353289
6000000016961392487
6000000016961394356
6000000016961410937
6000000016961420614
6000000016961426043
6000000016961449147
6000000016961464246
6000000016961479439
6000000016961480781
6000000016961490587
6000000016961518517
6000000016961522931
6000000016961539698
6000000016961547267
6000000016961562041
6000000016961567112
6000000016961585015
6000000016961631783
6000000016961644476
6000000016961667811
6000000016961673019
6000000016961695557
6000000016961695732
6000000016961709380
6000000016961710620
6000000016961738286
6000000016961776044
6000000016961840396
6000000016961865039
6000000016961896006
6000000016963177510
6000000016963187786
6000000016963213956
6000000016963218577
6000000016963219648
6000000016963262633
6000000016963286287
6000000016963303395
6000000016963322100
6000000016963351646
6000000016963388029
6000000016963475511
6000000016963665301
6000000016976271790
6000000016976375564
6000000016976463446
6000000016976539503
6000000016976599022
6000000016985050498
6000000016985096645
6000000016985180397
6000000016985279242
6000000016985340993
6000000016985355334
6000000016985440662
6000000016985443171
6000000016985456444
6000000017000493168
6000000017000558057
6000000017000627727
6000000017000628688
6000000017000678748
6000000017000946809
6000000017001014286
6000000017001053442
6000000017001078081
6000000017001161080
6000000017009307965
6000000017009531668
6000000017009570532
6000000017009610428
6000000017009615542
6000000017009641388
6000000017009651385
6000000017009663852
6000000017009668742
6000000017009671670
6000000017009691484
6000000017009716725
6000000017009745609
6000000017009762361
6000000017009775325
6000000017009831094
6000000017009850106
6000000017009854029
6000000017013844681
6000000017013924581
6000000017013973456
6000000017014834961
6000000017016726524
6000000017017027716
6000000017017177849
6000000017017377120
6000000017017869341
6000000017017918072
6000000017017927202
6000000017017967083
6000000017018317823
6000000017018317923
6000000017018347328
6000000017018513309
6000000017018644959
6000000017018691630
6000000017018750098
6000000017018754168
6000000017021845861
6000000017023770553
6000000017023771417
6000000017023822432
6000000017027636321
6000000017027701617
6000000017027881820
6000000017027908855
6000000017027910366
6000000017027971334
6000000017028013271
6000000017037476511
6000000017053002979
6000000017053573129
6000000017063709723
6000000017063715232
6000000017063730588
6000000017063758477
6000000017063799123
6000000017072366266
6000000017080642258
6000000017086973952
6000000017087090810
6000000017087094744
6000000017087637954
6000000017087815194
6000000017089092617
6000000017089344621
6000000017089650417
6000000017089687758
6000000017089692628
6000000017089736992
6000000017089757792
6000000017089768697
6000000017089793120
6000000017089806905
6000000017089811248
6000000017089880220
6000000017089881132
6000000017089881442
6000000017089881501
6000000017089883229
6000000017089977029
6000000017090041133
6000000017099985511
6000000017102415573
6000000017106452929
6000000017108255256
6000000017108311069
6000000017124015503
6000000017124219411
6000000017124251319
6000000017124902577
6000000017125019534
6000000017125255453
6000000017125262357
6000000017125374786
6000000017125375663
6000000017125441335
6000000017125489420
6000000017125538286
6000000017125538302
6000000017130263304
6000000017130758602
6000000017130852257
6000000017130942647
6000000017130942766
6000000017130949901
6000000017130975261
6000000017130976493
6000000017130978572
6000000017131045191
6000000017131068107
6000000017131139368
6000000017147828490
6000000017148378373
6000000017148436115
6000000017148605996
6000000017148905653
6000000017149206162
6000000017149992995
6000000017150479240
6000000017150558007
6000000017151844379
6000000017152706875
6000000017152772661
6000000017152825623
6000000017152869889
6000000017152885564
6000000017152967615
6000000017152969351
6000000017153011075
6000000017153029259
6000000017153033743
6000000017153075135
6000000017153175002
6000000017161310406
6000000017167667738
6000000017167720744
6000000017182560918
6000000017182587944
6000000017182926495
6000000017182931971
6000000017183002641
6000000017183046349
6000000017183093219
6000000017183116301
6000000017183127291
6000000017183183091
6000000017183233276
6000000017183275173
6000000017183330072
6000000017236924890
6000000017238112784
6000000017281999829
6000000017308244462
6000000017316406770
6000000017316524620
6000000017316802834
6000000017316963131
6000000017368782442
6000000017368858120
6000000017369314107
6000000017378203669
6000000017378286564
6000000017378318367
6000000017380250817
6000000017380763879
6000000017381012850
6000000017381044582
6000000017381098943
6000000017381119368
6000000017381171974
6000000017381234975
6000000017381552404
6000000017381566930
6000000017381574603
6000000017381581534
6000000017381581981
6000000017381595629
6000000017381636609
6000000017381743888
6000000017381743979
6000000017381752392
6000000017381823290
6000000017381829754
6000000017381880591
6000000017381962644
6000000017381962862
6000000017381979591
6000000017381984782
6000000017381990260
6000000017382001048
6000000017382023123
6000000017382037014
6000000017382037332
6000000017382076604
6000000017382157994
6000000017382254602
6000000017382267202
6000000017382388090
6000000017382389036
6000000017382507130
6000000017382523091
6000000017382638095
6000000017382719060
6000000017382729079
6000000017382860055
6000000017382860931
6000000017382893296
6000000017383104092
6000000017383104167
6000000017383112873
6000000017383147861
6000000017383229592
6000000017383335696
6000000017383373782
6000000017383399598
6000000017383449456
6000000017383467085
6000000017383483814
6000000017383497432
6000000017383523163
6000000017383549187
6000000017383631038
6000000017383658145
6000000017383719325
6000000017383752046
6000000017383776034
6000000017383958956
6000000017383960879
6000000017383963847
6000000017383971703
6000000017384255416
6000000017384298098
6000000017384314201
6000000017384361183
6000000017384381156
6000000017384393244
6000000017384476738
6000000017384476745
6000000017384606447
6000000017384762091
6000000017389449895
6000000017394190745
6000000017396153527
6000000017396305413
6000000017399980601
6000000017402168671
6000000017402338181
6000000017411453287
6000000017411484282
6000000017411641267
6000000017411832409
6000000017411832493
6000000017411965639
6000000017412229096
6000000017413347874
6000000017414167617
6000000017416270946
6000000017416625814
6000000017416926758
6000000017417593367
6000000017417669185
6000000017417762083
6000000017418178882
6000000017418249964
6000000017418364488
6000000017418395375
6000000017418395398
6000000017418559151
6000000017418794048
6000000017418943008
6000000017419023008
6000000017421621462
6000000017425736207
6000000017425766498
6000000017425795882
6000000017426067018
6000000017426067816
6000000017428235365
6000000017428375478
6000000017428811110
6000000017430564300
6000000017436442486
6000000017437970503
6000000017438180107
6000000017440195594
6000000017440428585
6000000017440769923
6000000017441030624
6000000017453515727
6000000017457759565
6000000017457780945
6000000017458155912
6000000017458997104
6000000017459557097
6000000017463219686
6000000017463276685
6000000017463372488
6000000017463568178
6000000017463851959
6000000017464162236
6000000017465027401
6000000017465103993
6000000017465196750
6000000017465420890
6000000017466290659
6000000017467339381
6000000017467698532
6000000017469035411
6000000017471085744
6000000017471158993
6000000017471516049
6000000017471551016
6000000017471630650
6000000017471647652
6000000017472514865
6000000017472636084
6000000017472637416
6000000017472897311
6000000017472904075
6000000017522820282
6000000017522863228
6000000017522960733
6000000017523105057
6000000017524092766
6000000017524128057
6000000017547950177
6000000017548000120
6000000017548147823
6000000017553391422
6000000017553436878
6000000017553644693
6000000017553753538
6000000017553941246
6000000017554017307
6000000017554042131
6000000017554351446
6000000017554354336
6000000017554466119
6000000017554932711
6000000017554981685
6000000017555103727
6000000017555129002
6000000017555175202
6000000017555310150
6000000017555633601
6000000017556251279
6000000017556441111
6000000017584488964
6000000017585097337
6000000017586987517
6000000017586993473
6000000017587002308
6000000017587026292
6000000017587026491
6000000017587730941
6000000017587940511
6000000017588112468
6000000017588177451
6000000017588183506
6000000017588190078
6000000017588248086
6000000017593213399
6000000017593320085
6000000017601227496
6000000017601715434
6000000017602004147
6000000017602034256
6000000017615619562
6000000017615696182
6000000017615775048
6000000017616518125
6000000017619002916
6000000017619466988
6000000017619732124
6000000017635418840
6000000017635568552
6000000017636163760
6000000017636525598
6000000017636687173
6000000017636854012
6000000017636859026
6000000017640886611
6000000017661700871
6000000017673871706
6000000017690265069
6000000017707544645
6000000017707566517
6000000017707703003
6000000017707703307
6000000017711107133
6000000017711113170
6000000017718840636
6000000017737636967
6000000017738015855
6000000017738087516
6000000017738091515
6000000017738125059
6000000017767390522
6000000017767469522
6000000017767782145
6000000017771850753
6000000017771998236
6000000017776241601
6000000017777776714
6000000017786659741
6000000017787060353
6000000017799150964
6000000017799345832
6000000017799371515
6000000017799468184
6000000017806855760
6000000017806941994
6000000017807286144
6000000017826408237
6000000017827068078
6000000017827135046
6000000017849907144
6000000017917406391
6000000017917419368
6000000017917446410
6000000017917473829
6000000017917484658
6000000017917487381
6000000017917547319
6000000017917676440
6000000017917676483
6000000017917695196
6000000017917695397
6000000017917697302
6000000017917697313
6000000017917697388
6000000017917704209
6000000017917709319
6000000017917721079
6000000017917722258
6000000017917724182
6000000017917728330
6000000017917734187
6000000017917772088
6000000017917811054
6000000017917811844
6000000017917814097
6000000017917820290
6000000017917829058
6000000017917829246
6000000017917830029
6000000017917830508
6000000017917831035
6000000017917831110
6000000017917832175
6000000017917836020
6000000017917836123
6000000017917839011
6000000017917841264
6000000017917849267
6000000017917862033
6000000017917864008
6000000017917871028
6000000017917872084
6000000017917873806
6000000017917877056
6000000017917879721
6000000017917881024
6000000017917901635
6000000017917906117
6000000017917907790
6000000017917909074
6000000017917919033
6000000017917920031
6000000017917922025
6000000017917922054
6000000017917934099
6000000017917934227
6000000017917940313
6000000017917944386
6000000017917949245
6000000017917950080
6000000017917952772
6000000017917956195
6000000017917959152
6000000017917969696
6000000017917978658
6000000017917982293
6000000017917991167
6000000017918011256
6000000017918015668
6000000017918045377
6000000017918145267
6000000017918196014
6000000017918197006
6000000017918199834
6000000017918217680
6000000017918217954
6000000017918235856
6000000017918235883
6000000017918238762
6000000017918256998
6000000017918273508
6000000017918294523
6000000017918295402
6000000017918296671
6000000017918298603
6000000017918299338
6000000017918301686
6000000017918301875
6000000017918302720
6000000017918321391
6000000017918335421
6000000017918339519
6000000017918360233
6000000017918360383
6000000017918361462
6000000017918366762
6000000017918371563
6000000017918374266
6000000017918391289
6000000017918406403
6000000017918406507
6000000017918418167
6000000017918433249
6000000017918438127
6000000017918465034
6000000017926235696
6000000017926422403
6000000017926588225
6000000017926694602
6000000017926749866
6000000017926888177
6000000017926893207
6000000017926898501
6000000017926981994
6000000017926988031
6000000017926995558
6000000017927011005
6000000017927032353
6000000017927119363
6000000017927643345
6000000017928064253
6000000017936616263
6000000017939086797
6000000017972796551
6000000017973271654
6000000017973512015
6000000017985064593
6000000018003501885
6000000018004003182
6000000018004116013
6000000018011809816
6000000018012204751
6000000018012233492
6000000018012317541
6000000018012468930
6000000018012489779
6000000018012516166
6000000018012587583
6000000018012596210
6000000018012668327
6000000018013039811
6000000018013299984
6000000018013359794
6000000018013461101
6000000018013470064
6000000018030294862
6000000018030312738
6000000018030535441
6000000018030557398
6000000018030579595
6000000018030579601
6000000018030584433
6000000018030699752
6000000018030708346
6000000018032956653
6000000018032978902
6000000018033258099
6000000018071663924
6000000018071700957
6000000018071979581
6000000018072236692
6000000018072399074
6000000018078817470
6000000018079127388
6000000018128700788
6000000018128708741
6000000018128721755
6000000018128790620
6000000018128956453
6000000018129019331
6000000018129024375
6000000018129050919
6000000018129062991
6000000018129095592
6000000018129118158
6000000018129125531
6000000018129129655
6000000018129131491
6000000018129132631
6000000018129154210
6000000018129178520
6000000018129209081
6000000018129219033
6000000018129219207
6000000018129248084
6000000018138368929
6000000018139558680
6000000018187651919
6000000018187743694
6000000018188815682
6000000018189249725
6000000018189828582
6000000018189835773
6000000018189848740
6000000018189868600
6000000018189868709
6000000018189869664
6000000018189997142
6000000018190511603
6000000018190754686
6000000018190859879
6000000018190867732
6000000018191118198
6000000018191147332
6000000018191266099
6000000018191266497
6000000018191275118
6000000018191311575
6000000018221656389
6000000018221697718
6000000018221699922
6000000018221762507
6000000018221790705
6000000018221819735
6000000018221836168
6000000018221846176
6000000018221850228
6000000018221904039
6000000018221924049
6000000018258585798
6000000018259303761
6000000018389987908
6000000018455611145
6000000018455842389
6000000018455954320
6000000018526652229
6000000018554141246
6000000018556202495
6000000018566198582
6000000018566784120
6000000018566806139
6000000018567352633
6000000018572897961
6000000018573049669
6000000018573147711
6000000018573561785
6000000018573866560
6000000018574328920
6000000018574380903
6000000018574446751
6000000018574788505
6000000018574965671
6000000018575211314
6000000018575323116
6000000018575415051
6000000018575511089
6000000018575553292
6000000018575684027
6000000018575863004
6000000018622445226
6000000018635595476
6000000018635709646
6000000018635783113
6000000018637015293
6000000018637180036
6000000018651220773
6000000018662725846
6000000018663233547
6000000018664172378
6000000018664283790
6000000018664326652
6000000018664825170
6000000018668228630
6000000018668301460
6000000018668430770
6000000018668431144
6000000018668723019
6000000018670476631
6000000018670639872
6000000018670720113
6000000018670817535
6000000018670881537
6000000018670907373
6000000018671034444
6000000018671104572
6000000018671117622
6000000018671125324
6000000018674993124
6000000018675452392
6000000018675819164
6000000018675887183
6000000018677480136
6000000018677548026
6000000018681035178
6000000018681132108
6000000018681164049
6000000018722896550
6000000018777518434
6000000018777518444
6000000018777518449
6000000018796251239
6000000018824453221
6000000018824481294
6000000018824571009
6000000018882446342
6000000018882446346
6000000018882505922
6000000018882544623
6000000018887069875
6000000018889176562
6000000018889346486
6000000018889486384
6000000018889681204
6000000018889688188
6000000018889760170
6000000018889768272
6000000018889798142
6000000018889821124
6000000018889869050
6000000018889875699
6000000018889992521
6000000018890525369
6000000018892260658
6000000018892336502
6000000018892462632
6000000018894576686
6000000018904839212
6000000018904978387
6000000018911026735
6000000018918102590
6000000018950873698
6000000019007490140
6000000019085391734
6000000019098839862
6000000019100426519
6000000019159722390
6000000019159745108
6000000019199634402
6000000019291596464
6000000019291601880
6000000019291714465
6000000019292019653
6000000019292374071
6000000019325367406
6000000019325383840
6000000019325422483
6000000019325483469
6000000019325561657
6000000019325586506
6000000019325587438
6000000019325627151
6000000019325673417
6000000019325723368
6000000019325727279
6000000019325729239
6000000019325732090
6000000019325747032
6000000019325754050
6000000019325777063
6000000019325848001
6000000019325853060
6000000019325938057
6000000019325940869
6000000019325950378
6000000019325961181
6000000019326064345
6000000019326108081
6000000019326275043
6000000019328685854
6000000019328704769
6000000019328717839
6000000019328778389
6000000019328860470
6000000019328892863
6000000019328902526
6000000019329068102
6000000019329397072
6000000019349314304
6000000019349368181
6000000019349888063
6000000019349936846
6000000019374342942
6000000019374599147
6000000019427930140
6000000019466272833
6000000019466278647
6000000019466341595
6000000019466355701
6000000019466375702
6000000019466401352
6000000019466473476
6000000019466478461
6000000019466488662
6000000019466507507
6000000019466552224
6000000019466559523
6000000019466586183
6000000019466594163
6000000019466609197
6000000019473018427
6000000019593900860
6000000019626250222
6000000019630926046
6000000019678424424
6000000019684439193
6000000019708667325
6000000019741907974
6000000019743057134
6000000019743087051
6000000019743094025
6000000019752045840
6000000019752416129
6000000019752530385
6000000019752559841
6000000019752653295
6000000019752686235
6000000019752689263
6000000019752724012
6000000019752784092
6000000019767087194
6000000019781423469
6000000019804452974
6000000019816759980
6000000019816936498
6000000019816967597
6000000019817135929
6000000019817400320
6000000019817525175
6000000019817536022
6000000019910573215
6000000019931877411
6000000019932131228
6000000019932131254
6000000019932272309
6000000019932316602
6000000019932366925
6000000019932536584
6000000019932603596
6000000019932676548
6000000019932678581
6000000019932823583
6000000019932840249
6000000019932843323
6000000019932867991
6000000019932894607
6000000019932971265
6000000019933002593
6000000019933017133
6000000019933040149
6000000019933139987
6000000019933145712
6000000019933189985
6000000019933203023
6000000019933208032
6000000019933217156
6000000019933228093
6000000019933231004
6000000019933231354
6000000019933270171
6000000019933276496
6000000019933277917
6000000019933284659
6000000019933309588
6000000019933309607
6000000019933419524
6000000019933422607
6000000019933422786
6000000019933444558
6000000019933456583
6000000019933480347
6000000019933480641
6000000019933509899
6000000019933520648
6000000019933569162
6000000019933569276
6000000019933582228
6000000019933587139
6000000019933587349
6000000019933610272
6000000019933615345
6000000019933621146
6000000019933637202
6000000019933699036
6000000019933710425
6000000019933730041
6000000019933735004
6000000019933757279
6000000019933771037
6000000019933778011
6000000019933803081
6000000019933814021
6000000019933816109
6000000019933843095
6000000019933854201
6000000019933921089
6000000019935037505
6000000020007566472
6000000020078056872
6000000020079826086
6000000020079838058
6000000020080039831
6000000020080219832
6000000020080280715
6000000020080296319
6000000020080347820
6000000020080519393
6000000020080543560
6000000020080631831
6000000020080633189
6000000020080703787
6000000020080845253
6000000020081057184
6000000020081064866
6000000020081171284
6000000020081451167
6000000020081454246
6000000020081460163
6000000020081488034
6000000020081733018
6000000020081756044
6000000020081759112
6000000020081807047
6000000020081830076
6000000020081854161
6000000020081868140
6000000020081977005
6000000020098435534
6000000020098630701
6000000020102325262
6000000020105782775
6000000020106408951
6000000020107025139
6000000020107122387
6000000020107122663
6000000020107547518
6000000020107566260
6000000020107952161
6000000020108067101
6000000020108310993
6000000020108819120
6000000020108826858
6000000020109251310
6000000020109293067
6000000020109324212
6000000020109343673
6000000020109382119
6000000020109443726
6000000020109508756
6000000020109548697
6000000020109712045
6000000020109768276
6000000020109782011
6000000020109818038
6000000020109848180
6000000020109850034
6000000020109863221
6000000020109981003
6000000020110213292
6000000020110289076
6000000020110310103
6000000020110327082
6000000020110387112
6000000020110435128
6000000020110474033
6000000020110479011
6000000020150373716
6000000020150373722
6000000020150622342
6000000020150708032
6000000020152085179
6000000020152183029
6000000020178760463
6000000020194743494
6000000020194892034
6000000020194960501
6000000020196654509
6000000020196722767
6000000020196746637
6000000020197150618
6000000020197262337
6000000020197331944
6000000020197476192
6000000020197517465
6000000020197583554
6000000020197605050
6000000020197882866
6000000020197894841
6000000020206606517
6000000020206610468
6000000020206824596
6000000020207166504
6000000020207262604
6000000020207279856
6000000020207291151
6000000020207295887
6000000020207312944
6000000020207340884
6000000020207349815
6000000020207364861
6000000020207394063
6000000020207395072
6000000020210825501
6000000020211112394
6000000020211122344
6000000020211314573
6000000020211374186
6000000020211378418
6000000020211437507
6000000020211527937
6000000020211638908
6000000020211663203
6000000020211778427
6000000020211854232
6000000020211975227
6000000020211999211
6000000020212009048
6000000020212053148
6000000020212102182
6000000020212102283
6000000020212147957
6000000020212173810
6000000020212173839
6000000020212818040
6000000020220988227
6000000020221133775
6000000020221185375
6000000020221213286
6000000020221256101
6000000020221304203
6000000020221308253
6000000020221310183
6000000020221322213
6000000020221332162
6000000020223042728
6000000020223299784
6000000020223395675
6000000020223493367
6000000020223630657
6000000020223767910
6000000020223830869
6000000020223838959
6000000020223858160
6000000020225394756
6000000020225828443
6000000020225845341
6000000020226120081
6000000020226142873
6000000020226173097
6000000020227395529
6000000020231621487
6000000020233210631
6000000020233248657
6000000020233704455
6000000020233769325
6000000020233886141
6000000020233892948
6000000020233927292
6000000020234057869
6000000020234068799
6000000020249312556
6000000020249399032
6000000020253058259
6000000020254473171
6000000020254509183
6000000020254649265
6000000020254670039
6000000020254714936
6000000020254748862
6000000020268366775
6000000020276848231
6000000020276888436
6000000020280593011
6000000020291947999
6000000020305335257
6000000020339687960
6000000020341171623
6000000020341574694
6000000020341935714
6000000020342258593
6000000020342263474
6000000020342468048
6000000020342530170
6000000020471655760
6000000020472233721
6000000020472263730
6000000020472274633
6000000020472304774
6000000020472345530
6000000020472352532
6000000020472386715
6000000020472395337
6000000020472396574
6000000020472399073
6000000020472410516
6000000020472435077
6000000020472454266
6000000020472462268
6000000020472464056
6000000020472465019
6000000020472475215
6000000020472478257
6000000020472480262
6000000020472497289
6000000020472504601
6000000020472509049
6000000020472511255
6000000020472520292
6000000020472521220
6000000020472529068
6000000020472551171
6000000020472565101
6000000020472571986
6000000020472583141
6000000020472583147
6000000020472587160
6000000020472591069
6000000020472593171
6000000020472606975
6000000020472611141
6000000020472617143
6000000020472633966
6000000020472634039
6000000020472636060
6000000020472648040
6000000020472666021
6000000020472684882
6000000020472708941
6000000020472719957
6000000020472720002
6000000020472720899
6000000020472735929
6000000020472771814
6000000020472779839
6000000020472787861
6000000020472911872
6000000020473002136
6000000020516065491
6000000020516069510
6000000020516172420
6000000020519919610
6000000020519964444
6000000020519995699
6000000020519997120
6000000020520004412
6000000020520071441
6000000020520091433
6000000020520230048
6000000020520340044
6000000020520383022
6000000020531129713
6000000020531344396
6000000020531356342
6000000020531371052
6000000020531453517
6000000020531476982
6000000020547803579
6000000020547847445
6000000020547921961
6000000020575304872
6000000020652290654
6000000020652383552
6000000020652472028
6000000020653494011
6000000020654413765
6000000020654529184
6000000020654571095
6000000020654625978
6000000020692271820
6000000020692917952
6000000020707128759
6000000020761049348
6000000020761300105
6000000020796285102
6000000020796390093
6000000020799653681
6000000020841349018
6000000020842439405
6000000020854955787
6000000020866424653
6000000020866659124
6000000020866751958
6000000020868723276
6000000020876284862
6000000020882317597
6000000020897567305
6000000020897826521
6000000020897907375
6000000020918632674
6000000020918654690
6000000020918684662
6000000020918799544
6000000020918872142
6000000020918933975
6000000020920567319
6000000020971007880
6000000021065699674
6000000021065824291
6000000021075751116
6000000021078864806
6000000021079062215
6000000021092000301
6000000021092002145
6000000021092026437
6000000021092034925
6000000021092043931
6000000021092057882
6000000021092151278
6000000021092183303
6000000021092197016
6000000021092209224
6000000021092975439
6000000021093028432
6000000021093055344
6000000021093081483
6000000021106683406
6000000021121744751
6000000021121860687
6000000021121916598
6000000021122008569
6000000021122026603
6000000021122027349
6000000021122048591
6000000021122061225
6000000021122082057
6000000021122118014
6000000021122204904
6000000021122218170
6000000021122221259
6000000021122274883
6000000021122302991
6000000021122404963
6000000021122405956
6000000021137144758
6000000021137941578
6000000021138018409
6000000021138024415
6000000021138225693
6000000021138265594
6000000021138285099
6000000021138290871
6000000021138401891
6000000021138409469
6000000021138478189
6000000021138612128
6000000021151067452
6000000021151068307
6000000021151137776
6000000021151156365
6000000021151181326
6000000021151467937
6000000021151478069
6000000021151501959
6000000021151561831
6000000021163783779
6000000021163842701
6000000021163937388
6000000021163939327
6000000021163968290
6000000021163973241
6000000021163984041
6000000021164021985
6000000021164063986
6000000021164064849
6000000021164096923
6000000021164121834
6000000021209822086
6000000021237743601
6000000021237894121
6000000021240229776
6000000021240323533
6000000021240332174
6000000021240348519
6000000021240650308
6000000021240804155
6000000021241129998
6000000021241208140
6000000021241319146
6000000021241557940
6000000021241633930
6000000021241815828
6000000021259910290
6000000021260013541
6000000021260171235
6000000021260824567
6000000021260957419
6000000021261013292
6000000021261055543
6000000021261146379
6000000021263120767
6000000021263256063
6000000021263341077
6000000021289709577
6000000021289744649
6000000021289766491
6000000021289809497
6000000021289863161
6000000021290033374
6000000021290048102
6000000021290124960
6000000021290139973
6000000021290262021
6000000021317492642
6000000021317519158
6000000021317698171
6000000021336039623
6000000021340052015
6000000021411869487
6000000021411873808
6000000021411922229
6000000021412076732
6000000021412293525
6000000021412323713
6000000021412448482
6000000021412557002
6000000021412641822
6000000021412646866
6000000021412746714
6000000021412996799
6000000021413087423
6000000021413185244
6000000021413783427
6000000021414089319
6000000021424683189
6000000021425150308
6000000021426132186
6000000021426162274
6000000021426451480
6000000021426485811
6000000021426486712
6000000021426581710
6000000021426587445
6000000021426704572
6000000021426857350
6000000021426890975
6000000021426907991
6000000021426939515
6000000021427000328
6000000021427060111
6000000021427155900
6000000021427159608
6000000021427182905
6000000021427263430
6000000021427357665
6000000021427362709
6000000021427488194
6000000021427531820
6000000021427584047
6000000021427637218
6000000021427853880
6000000021428075694
6000000021428165962
6000000021428190503
6000000021428209543
6000000021428212048
6000000021428226717
6000000021428262659
6000000021428311550
6000000021428317257
6000000021428332328
6000000021428339484
6000000021428377641
6000000021428430145
6000000021428449018
6000000021428450002
6000000021428471246
6000000021428495971
6000000021428514928
6000000021428537840
6000000021428567955
6000000021428585885
6000000021428585896
6000000021431118458
6000000021437929765
6000000021438127457
6000000021438136341
6000000021438264922
6000000021439057709
6000000021439386406
6000000021439405399
6000000021439795265
6000000021439808672
6000000021439899478
6000000021439957429
6000000021440097004
6000000021440122824
6000000021440207661
6000000021440303683
6000000021440395581
6000000021440505143
6000000021440515587
6000000021440519769
6000000021440546674
6000000021440572407
6000000021440572492
6000000021440575703
6000000021440577988
6000000021440593819
6000000021440613440
6000000021440614318
6000000021440632575
6000000021440659320
6000000021440683552
6000000021440686563
6000000021440696159
6000000021440710169
6000000021440732269
6000000021440803890
6000000021440835003
6000000021440888011
6000000021440889873
6000000021440940609
6000000021441079850
6000000021441093085
6000000021441111988
6000000021441140895
6000000021441168284
6000000021454815878
6000000021455828665
6000000021455869608
6000000021455995492
6000000021456056074
6000000021456091503
6000000021456238271
6000000021456584822
6000000021476553601
6000000021476620600
6000000021476667677
6000000021476924060
6000000021476926519
6000000021476931275
6000000021476940530
6000000021476974278
6000000021477099923
6000000021477100016
6000000021478253123
6000000021480594472
6000000021490787514
6000000021491388226
6000000021491927377
6000000021492050345
6000000021492167896
6000000021492788779
6000000021503061549
6000000021503686412
6000000021503806830
6000000021504317503
6000000021504446713
6000000021504500375
6000000021504505516
6000000021504575070
6000000021504595106
6000000021504806624
6000000021504828557
6000000021504839515
6000000021504840466
6000000021504942994
6000000021504993002
6000000021505010503
6000000021505010995
6000000021505098830
6000000021505230432
6000000021505231904
6000000021513877749
6000000021515459524
6000000021515788330
6000000021515823767
6000000021515833726
6000000021515861707
6000000021515979317
6000000021516001336
6000000021516008307
6000000021516018337
6000000021516040112
6000000021516050157
6000000021516122918
6000000021516139866
6000000021516197031
6000000021516211879
6000000021517121635
6000000021517169628
6000000021517186598
6000000021517336634
6000000021517391633
6000000021517399801
6000000021517487340
6000000021517555924
6000000021541814801
6000000021542184820
6000000021542256679
6000000021542374505
6000000021542426857
6000000021542484874
6000000021542599643
6000000021542698121
6000000021542704060
6000000021542706270
6000000021554546555
6000000021554747330
6000000021554933900
6000000021566067692
6000000021567614306
6000000021567629433
6000000021567770578
6000000021568432067
6000000021568466152
6000000021580583437
6000000021580720987
6000000021617806628
6000000021617862749
6000000021617876536
6000000021617888663
6000000021617901650
6000000021617917068
6000000021617928558
6000000021617972436
6000000021617998143
6000000021618013094
6000000021618086135
6000000021618211409
6000000021618357151
6000000021618365519
6000000021618392898
6000000021618408361
6000000021618411440
6000000021618449877
6000000021618460413
6000000021618601863
6000000021618990513
6000000021619204911
6000000021619431665
6000000021619495779
6000000021619514661
6000000021619553571
6000000021619642144
6000000021619644198
6000000021619654016
6000000021619730886
6000000021619766842
6000000021620531232
6000000021649291645
6000000021649434693
6000000021649538707
6000000021649559434
6000000021649572444
6000000021649597385
6000000021649759032
6000000021649766925
6000000021649813844
6000000021662942650
6000000021662958732
6000000021662965625
6000000021663052562
6000000021663064966
6000000021663238615
6000000021663347398
6000000021663403288
6000000021663424366
6000000021663445326
6000000021663459233
6000000021663459240
6000000021663498105
6000000021663500064
6000000021663504121
6000000021663556940
6000000021663613877
6000000021663629821
6000000021688726413
6000000021698612777
6000000021699326808
6000000021699904220
6000000021699906229
6000000021699922173
6000000021705925259
6000000021705941809
6000000021706400948
6000000021718207004
6000000021869110300
6000000021869272461
6000000021869319140
6000000021914194920
6000000021975677683
6000000021975690748
6000000021975744710
6000000021975807655
6000000021975822395
6000000021975828200
6000000021975847355
6000000021975881262
6000000021975918007
6000000021975959154
6000000021975968014
6000000021975980855
6000000021976016832
6000000022084922388
6000000022084933116
6000000022084945106
6000000022100085556
6000000022100306249
6000000022108580422
6000000022143952755
6000000022144014448
6000000022148852632
6000000022148917625
6000000022149030700
6000000022149063278
6000000022149068294
6000000022149094662
6000000022149106507
6000000022149138586
6000000022149148665
6000000022149151067
6000000022149924445
6000000022150039767
6000000022150348093
6000000022163000028
6000000022163000063
6000000022163024965
6000000022173788487
6000000022173901191
6000000022173906603
6000000022173906799
6000000022173950381
6000000022186752061
6000000022200738970
6000000022229489722
6000000022236487493
6000000022236747253
6000000022236795062
6000000022257524645
6000000022259772972
6000000022260070697
6000000022260316561
6000000022260347706
6000000022260522962
6000000022304095437
6000000022332009820
6000000022351121175
6000000022367403748
6000000022367418460
6000000022367534349
6000000022367627467
6000000022367706523
6000000022367742050
6000000022367759615
6000000022367760019
6000000022367768005
6000000022367810056
6000000022417355890
6000000022417612890
6000000022420363429
6000000022420561683
6000000022420562058
6000000022420594645
6000000022420597505
6000000022420622903
6000000022479970686
6000000022481762364
6000000022481767468
6000000022481776358
6000000022481786369
6000000022481789736
6000000022481812639
6000000022481829698
6000000022481832651
6000000022481851586
6000000022481853562
6000000022481857543
6000000022481873386
6000000022482138427
6000000022482165160
6000000022482201874
6000000022494675562
6000000022494754550
6000000022494755302
6000000022494764434
6000000022494851111
6000000022494976575
6000000022494987623
6000000022495004101
6000000022495008559
6000000022495057904
6000000022496109021
6000000022496236957
6000000022496415057
6000000022496458881
6000000022496492040
6000000022496560993
6000000022496812831
6000000022496866846
6000000022496877821
6000000022496879981
6000000022496912959
6000000022496957834
6000000022516222486
6000000022528382706
6000000022528567685
6000000022528683416
6000000022528688214
6000000022528705039
6000000022528730420
6000000022528732189
6000000022528735215
6000000022528736085
6000000022528739011
6000000022528808933
6000000022528855036
6000000022542459886
6000000022554115748
6000000022554151372
6000000022554172618
6000000022554210820
6000000022577860995
6000000022617119312
6000000022617695740
6000000022617941447
6000000022618072285
6000000022618321109
6000000022618458833
6000000022627112458
6000000022627174624
6000000022635989515
6000000022635991411
6000000022635997206
6000000022636004618
6000000022636024617
6000000022636178141
6000000022636181547
6000000022636190228
6000000022636197329
6000000022636197343
6000000022636223302
6000000022636237065
6000000022636237258
6000000022636244315
6000000022636348495
6000000022636361418
6000000022636413526
6000000022636434740
6000000022636444309
6000000022636449069
6000000022636459344
6000000022636471131
6000000022636471219
6000000022636528296
6000000022636963999
6000000022636966400
6000000022636984893
6000000022637388191
6000000022637572280
6000000022637612062
6000000022637775887
6000000022637894902
6000000022700202836
6000000022772277597
6000000022772370715
6000000022772504731
6000000022772878779
6000000022773050266
6000000022773118069
6000000022784062635
6000000022784697786
6000000022784816405
6000000022784841753
6000000022784862709
6000000022784871569
6000000022784914735
6000000022784916705
6000000022784941989
6000000022784971453
6000000022784997321
6000000022785000248
6000000022785033075
6000000022785061113
6000000022785087865
6000000022785166397
6000000022785282037
6000000023026841136
6000000023176014238
6000000023176124245
6000000023176202324
6000000023176305979
6000000023199006167
6000000023205783728
6000000023206004224
6000000023206054160
6000000023206082164
6000000023421801743
6000000023421801749
6000000023421804359
6000000023421804428
6000000023421818770
6000000023421820577
6000000023421878303
6000000023421921223
6000000023422040153
6000000023422054296
6000000023422055239
6000000023422074188
6000000023422075141
6000000023422090068
6000000023422090112
6000000023422093198
6000000023422094045
6000000023422099977
6000000023422106189
6000000023422119225
6000000023422123246
6000000023422188946
6000000023422198935
6000000023422199073
6000000023422225867
6000000023422226888
6000000023422308822
6000000023455107069
6000000023470726614
6000000023515247194
6000000023524345216
6000000023545269780
6000000023545323452
6000000023545726044
6000000023546119469
6000000023546199216
6000000023546435006
6000000023546486963
6000000023546620911
6000000023546621875
6000000023546811891
6000000023605291679
6000000023605334770
6000000023605523594
6000000023608977217
6000000023609345842
6000000023615693495
6000000023615729629
6000000023615749369
6000000023615907378
6000000023616038192
6000000023623682987
6000000023701010819
6000000023701024475
6000000023701103686
6000000023701142622
6000000023701142715
6000000023701247323
6000000023701338230
6000000023701355682
6000000023701372210
6000000023701380265
6000000023701384256
6000000023701417136
6000000023701448125
6000000023701448144
6000000023701470118
6000000023701473343
6000000023701474092
6000000023701482134
6000000023701525018
6000000023701528155
6000000023701549192
6000000023701549199
6000000023701575201
6000000023701596086
6000000023701612980
6000000023701621057
6000000023701627021
6000000023701630979
6000000023701632072
6000000023701632081
6000000023701636005
6000000023701649914
6000000023701675936
6000000023701681904
6000000023701681909
6000000023701690863
6000000023701691851
6000000023701701870
6000000023701725825
6000000023723937693
6000000023724122786
6000000023724493372
6000000023724535326
6000000023724576554
6000000023724580404
6000000023724589362
6000000023724599191
6000000023724602122
6000000023724804207
6000000023724818023
6000000023725073038
6000000023798786721
6000000023798887450
6000000023799097062
6000000023799135153
6000000023799265865
6000000023800747306
6000000023809756689
6000000023809794796
6000000023809795567
6000000023809804635
6000000023809837729
6000000023809902692
6000000023809957347
6000000023810020175
6000000023810027155
6000000023810097439
6000000023810115125
6000000023810131217
6000000023810133106
6000000023810240987
6000000023810244956
6000000023810270949
6000000023810281878
6000000023954715150
6000000024088209671
6000000024088407615
6000000024088638946
6000000024263074680
6000000024263274890
6000000024278684860
6000000024278901690
6000000024279126229
6000000024437392286
6000000024463592708
6000000024463604325
6000000024463618479
6000000024463734619
6000000024463773393
6000000024463952092
6000000024464150906
6000000024500020871
6000000024544585855
6000000024579402471
6000000024668060217
6000000024914736030
6000000024919794738
6000000024920172943
6000000024933490520
6000000024933912111
6000000024933991944
6000000024934092965
6000000024975540771
6000000024975764586
6000000024975924112
6000000024975946683
6000000024976078286
6000000024976239974
6000000024976258867
6000000024976393147
6000000024976479983
6000000025057198648
6000000025057262276
6000000025455600452
6000000025455600576
6000000025455623127
6000000025455656174
6000000025455656178
6000000025455656182
6000000025455656495
6000000025481818970
6000000025488289113
6000000025488411017
6000000025497350552
6000000025502324262
6000000025502717209
6000000025503099911
6000000025537347579
6000000025537749489
6000000025537803244
6000000025537915503
6000000025537983311
6000000025538136984
6000000025538158053
6000000025538218045
6000000025538330828
6000000025609576705
6000000025609687706
6000000025609713740
6000000025609974779
6000000025610043656
6000000025610073550
6000000025610073749
6000000025610110677
6000000025610293491
6000000025610297055
6000000025610507588
6000000025610516477
6000000025610570549
6000000025610574588
6000000025610633775
6000000025610671709
6000000025610730339
6000000025610748618
6000000025610755452
6000000025610782266
6000000025610782328
6000000025610813547
6000000025610839229
6000000025610874127
6000000025610881375
6000000025610899038
6000000025610955180
6000000025610966047
6000000025610968081
6000000025610978146
6000000025610994631
6000000025611252033
6000000025611257180
6000000025611566659
6000000025611731858
6000000025611820027
6000000025612249058
6000000025612327330
6000000025612334908
6000000025612835119
6000000025613268983
6000000025613382882
6000000025613481109
6000000025613732958
6000000025613759872
6000000025619946246
6000000025620261979
6000000025620300907
6000000025622244583
6000000025725295060
6000000025741865277
6000000025818846654
6000000025819030928
6000000025904303914
6000000025933729729
6000000026010508386
6000000026010784963
6000000026010810925
6000000026010912798
6000000026011775222
6000000026011820315
6000000026012109522
6000000026012216617
6000000026012619879
6000000026012637863
6000000026012651839
6000000026027982679
6000000026028316516
6000000026028471164
6000000026028480040
6000000026068600203
6000000026068662205
6000000026272133508
6000000026301919913
6000000026311472453
6000000026311473609
6000000026311517573
6000000026311618157
6000000026382048126
6000000026384265590
6000000026398425368
6000000026427351352
6000000026427368438
6000000026427430219
6000000026427434259
6000000026437263245
6000000026439996792
6000000026440261592
6000000026440496647
6000000026440719293
6000000026440963923
6000000026440973888
6000000026448179419
6000000026448847658
6000000026449437635
6000000026449470233
6000000026449677334
6000000026449904863
6000000026453574591
6000000026453992803
6000000026454000566
6000000026454142738
6000000026454167217
6000000026454221050
6000000026454221520
6000000026454318891
6000000026462579622
6000000026463122462
6000000026463153662
6000000026463153667
6000000026463153672
6000000026463153677
6000000026463153682
6000000026463248146
6000000026463257324
6000000026463339099
6000000026463365317
6000000026463367168
6000000026463372083
6000000026463427208
6000000026463458146
6000000026463484087
6000000026463489205
6000000026463497076
6000000026463517929
6000000026463517948
6000000026463519951
6000000026463523975
6000000026463548843
6000000026466638043
6000000026495881261
6000000026521959596
6000000026522171658
6000000026522204586
6000000026522221542
6000000026522309563
6000000026522373606
6000000026522409649
6000000026522465321
6000000026522487183
6000000026522552312
6000000026522556364
6000000026522622075
6000000026522656120
6000000026522665971
6000000026522668095
6000000026522683079
6000000026522722003
6000000026522730105
6000000026522745869
6000000026522749103
6000000026522778851
6000000026522778893
6000000026522800858
6000000026536787835
6000000026548911324
6000000026549158225
6000000026573734824
6000000026587446614
6000000026588047623
6000000026600651846
6000000026680042040
6000000026680471301
6000000026680780938
6000000026682703574
6000000026711658647
6000000026712127259
6000000026776413161
6000000026853282137
6000000026853318190
6000000026940278568
6000000026985663217
6000000027089358230
6000000027197194075
6000000027232324168
6000000027269324311
6000000027381933935
6000000027382225426
6000000027382239069
6000000027382332001
6000000027421081724
6000000027455728274
6000000027502911512
6000000027503119468
6000000027526690250
6000000027540134666
6000000027541022302
6000000027578316734
6000000027578580575
6000000027578829448
6000000027578851255
6000000027578868795
6000000027578897760
6000000027578965322
6000000027578975432
6000000027578997098
6000000027579014318
6000000027579066382
6000000027579120329
6000000027579191017
6000000027880296488
6000000027880363371
6000000027880429368
6000000027880473344
6000000027880475925
6000000027880477266
6000000027880478120
6000000027880506266
6000000027880512339
6000000027880636013
6000000027881606508
6000000027883596815
6000000027883669668
6000000027885111482
6000000027885355220
6000000027885570505
6000000027885971581
6000000027886322322
6000000027887389861
6000000027887445840
6000000027891203590
6000000027891209623
6000000027891389106
6000000027891447021
6000000027899713738
6000000027899780802
6000000027899903507
6000000027899959474
6000000027899969339
6000000027900114949
6000000027900885107
6000000027918051332
6000000027918227759
6000000027918264457
6000000027918431586
6000000028036919212
6000000028037006978
6000000028037789980
6000000028123433365
6000000028184844681
6000000028184973360
6000000028245608220
6000000028245681979
6000000028322546648
6000000028359727932
6000000028359856273
6000000028359856293
6000000028405976255
6000000028411459895
6000000028411620731
6000000028475757125
6000000028475805902
6000000028483356785
6000000028484242221
6000000028484244263
6000000028484303640
6000000028485751566
6000000028488183297
6000000028850961847
6000000029018447493
6000000029161663068
6000000029162365042
6000000029229233666
6000000029229699855
6000000029261129023
6000000029390029503
6000000029390434823
6000000029517667766
6000000029518039985
6000000029518113304
6000000029766815509
6000000029799461336
6000000029807021893
6000000029947091655
6000000029959298703
6000000029963282089
6000000029963631181
6000000029963821821
6000000029963835644
6000000030003166469
6000000030003232973
6000000030003942381
6000000030018016813
6000000030024849753
6000000030025400565
6000000030025525062
6000000030025550979
6000000030025564754
6000000030025589120
6000000030025595983
6000000030025601929
6000000030025674930
6000000030025686151
6000000030025713617
6000000030025759808
6000000030025768220
6000000030025811020
6000000030025822875
6000000030026009653
6000000030026027453
6000000030026178658
6000000030026205543
6000000030026275523
6000000030026304284
6000000030026312037
6000000030026316139
6000000030026371680
6000000030026375250
6000000030026379826
6000000030026383386
6000000030026387222
6000000030026401549
6000000030026408584
6000000030026448277
6000000030026460112
6000000030026498078
6000000030026506082
6000000030026515868
6000000030026529171
6000000030026574283
6000000030026593896
6000000030026625962
6000000030026627379
6000000030026646923
6000000030026702178
6000000030026711873
6000000030026938631
6000000030027069659
6000000030027210236
6000000030027313111
6000000030027354215
6000000030027366649
6000000030027408020
6000000030027437084
6000000030027462833
6000000030027467327
6000000030027477235
6000000030228639868
6000000030370823843
6000000030433267732
6000000030436265622
6000000030457225422
6000000030471646451
6000000030507412567
6000000030507591989
6000000030525786926
6000000030526638454
6000000030569437919
6000000030578431076
6000000030586927597
6000000030588424720
6000000030588500171
6000000030588763072
6000000030588941142
6000000030588964252
6000000030588990199
6000000030588998912
6000000030588998929
6000000030589117954
6000000030589432858
6000000030671021169
6000000030687461143
6000000030779357918
6000000031159405174
6000000031159508204
6000000031159755862
6000000031161933810
6000000031166712310
6000000031166875112
6000000031269347645
6000000031269782490
6000000031270141981
6000000031270181883
6000000031385304803
6000000031387218344
6000000031387318108
6000000031388362876
6000000031585516557
6000000031585549323
6000000031585740597
6000000031585745565
6000000031586138429
6000000031586241193
6000000031586346221
6000000031586876908
6000000031586961892
6000000031586982869
6000000031587078851
6000000031692735654
6000000031692759438
6000000031692761632
6000000031692789467
6000000031692812541
6000000031692835444
6000000031692843434
6000000031692907736
6000000031693037092
6000000031693078890
6000000031742518421
6000000031742555368
6000000031945129812
6000000031945638535
6000000031945791197
6000000031946052953
6000000031946066897
6000000031948424084
6000000031948486116
6000000031948574931
6000000032035142821
6000000032035387857
6000000032066194567
6000000032066457987
6000000032075323353
6000000032152638736
6000000032152917151
6000000032152962220
6000000032227281258
6000000032227627293
6000000032228526629
6000000032228555610
6000000032228738539
6000000032228747631
6000000032229214293
6000000032229253386
6000000032229396758
6000000032229451359
6000000032229489392
6000000032229695716
6000000032229703735
6000000032229818039
6000000032229875136
6000000032229937444
6000000032230250892
6000000032230251061
6000000032230251220
6000000032230267299
6000000032230274494
6000000032230431841
6000000032230556859
6000000032230876145
6000000032231033961
6000000032231161243
6000000032381009670
6000000032422909516
6000000032469321519
6000000032489917929
6000000032489936949
6000000032743356189
6000000032743603945
6000000032882612133
6000000032883295263
6000000032883643898
6000000032900841607
6000000032901386768
6000000032902004518
6000000032903236986
6000000032963123473
6000000033102023343
6000000033102111547
6000000033102157229
6000000033102180398
6000000033102185428
6000000033102236321
6000000033102304978
6000000033102372900
6000000033102416821
6000000033148614765
6000000033149203952
6000000033150267202
6000000033150428057
6000000033150465061
6000000033188328254
6000000033188676265
6000000033199539062
6000000033398040434
6000000033398066217
6000000033398070418
6000000033398245045
6000000033398319969
6000000033398333895
6000000033398344939
6000000033398368022
6000000033398936936
6000000033449040773
6000000033478320997
6000000033544149353
6000000033544216667
6000000033544365561
6000000033544635092
6000000033544766900
6000000033585618761
6000000033586060665
6000000033586142245
6000000033586228030
6000000033586242967
6000000033586257098
6000000033586284199
6000000033586290185
6000000033586311872
6000000033586344099
6000000033586352220
6000000033586500086
6000000033810669205
6000000033810971190
6000000033810971196
6000000033810971202
6000000033811029036
6000000033811049172
6000000033811049179
6000000033811049185
6000000033873080766
6000000033873286686
6000000033873791214
6000000033873975054
6000000033873982102
6000000033874060007
6000000033874067032
6000000033874129002
6000000033874258951
6000000033956210310
6000000034081555385
6000000034081933869
6000000034082932238
6000000034083433453
6000000034083433457
6000000034083433461
6000000034083433465
6000000034083433470
6000000034083433474
6000000034083668898
6000000034083668903
6000000034083668907
6000000034083668912
6000000034083668917
6000000034127880589
6000000034128116481
6000000034209183809
6000000034209357419
6000000034209404617
6000000034209763185
6000000034210154956
6000000034210221866
6000000034210229895
6000000034210309958
6000000034210317888
6000000034210349873
6000000034210373908
6000000034210407957
6000000034210503955
6000000034210535890
6000000034210613848
6000000034210643857
6000000034216542678
6000000034216548533
6000000034216569446
6000000034216579504
6000000034216875181
6000000034216982054
6000000034216995951
6000000034217020970
6000000034217065865
6000000034217087831
6000000034429614297
6000000034432042852
6000000034478722197
6000000034493125067
6000000034587985282
6000000034588485247
6000000034681182657
6000000034681618539
6000000034699712659
6000000034699730459
6000000034699783972
6000000034700314983
6000000034700359823
6000000034700439274
6000000034700478237
6000000034700567079
6000000034700605957
6000000034700767870
6000000034709141076
6000000034718532561
6000000034720630876
6000000034828089750
6000000034828334802
6000000034828431474
6000000034828552453
6000000034828555859
6000000034828731108
6000000034828937852
6000000034828978837
6000000034829542456
6000000034829639384
6000000034829753200
6000000034829932998
6000000034988815639
6000000034988920738
6000000034989102375
6000000034989329235
6000000034989377121
6000000034989462098
6000000035047575852
6000000035203674467
6000000035203822476
6000000035203844322
6000000035204076223
6000000035204138148
6000000035204292176
6000000035204450980
6000000035238083052
6000000035278396711
6000000035278543592
6000000035278826134
6000000035278877178
6000000035278890017
6000000035279067884
6000000035348086914
6000000035492160699
6000000035492672230
6000000035494431198
6000000035666807889
6000000035746923092
6000000035807388662
6000000035809531389
6000000035819893574
6000000035819989384
6000000035820212220
6000000035821290185
6000000035822281971
6000000035827164759
6000000035827211766
6000000035828717464
6000000035828740484
6000000035828896389
6000000035828925481
6000000035828928271
6000000035828985377
6000000035829013179
6000000035829119182
6000000035829127960
6000000035829247099
6000000035829327711
6000000035829399660
6000000035829430894
6000000035829444834
6000000035829459948
6000000035829468005
6000000035829573568
6000000035829607669
6000000035829625840
6000000035829627738
6000000035829629894
6000000035829669509
6000000035829713480
6000000035829746322
6000000035829748510
6000000035829772378
6000000035829795705
6000000035829836252
6000000035829862298
6000000035829888238
6000000035829891447
6000000035829909640
6000000035830004310
6000000035830018475
6000000035830076422
6000000035830137994
6000000035830258111
6000000035830330130
6000000035830359991
6000000035830373843
6000000035830441930
6000000035830442877
6000000035830454869
6000000035830476822
6000000035830478856
6000000035830531828
6000000035830654748
6000000035830944478
6000000035830972524
6000000035831060564
6000000035831113212
6000000035831204291
6000000035831258262
6000000035831345100
6000000035831384105
6000000035838685572
6000000035864828416
6000000035897861760
6000000035897936499
6000000035900883665
6000000035903797560
6000000035904020611
6000000035904190025
6000000036135934254
6000000036155901471
6000000036451538134
6000000036486350844
6000000036532704850
6000000036704737444
6000000036767984978
6000000036854608623
6000000036988692635
6000000037091243748
6000000037091251675
6000000037091265650
6000000037091296519
6000000037091320731
6000000037091363367
6000000037091380358
6000000037091397574
6000000037091407185
6000000037091499266
6000000037091546431
6000000037091747109
6000000037091939932
6000000037091988883
6000000037091991865
6000000037091991898
6000000037092015853
6000000037092024860
6000000037092039838
6000000037092075832
6000000037130628755
6000000037131066658
6000000037131237206
6000000037131610133
6000000037131811898
6000000037132168692
6000000037132319685
6000000037133055877
6000000037133547204
6000000037133628225
6000000037134069116
6000000037134261861
6000000037134368911
6000000037175293735
6000000037180019792
6000000037180904312
6000000037181449061
6000000037191409769
6000000037191700932
6000000037192075276
6000000037192118437
6000000037192304288
6000000037192633973
6000000037192987903
6000000037193094983
6000000037199978320
6000000037200306197
6000000037200539025
6000000037200946062
6000000037338833111
6000000037344556580
6000000037632688552
6000000037840679500
6000000038068138190
6000000038068912970
6000000038068976903
6000000038069028868
6000000038069032821
6000000038141275005
6000000038224666429
6000000038225013563
6000000038225175333
6000000038245255347
6000000038245415074
6000000038245497381
6000000038263987066
6000000038411661593
6000000038411664669
6000000038411701430
6000000038532376612
6000000038728573174
6000000038915769740
6000000038915774577
6000000038915789599
6000000038916170015
6000000038916277961
6000000039185056498
6000000039209054009
6000000039335044664
6000000039335282929
6000000039335411875
6000000039336380424
6000000039438243561
6000000039452637585
6000000039453224001
6000000039490923619
6000000039491425062
6000000039491738888
6000000039493095197
6000000039493097641
6000000039493152307
6000000039509467612
6000000039509518614
6000000039509578511
6000000039509699517
6000000039509855171
6000000039509858033
6000000039509965898
6000000039510013990
6000000039510055916
6000000039600531743
6000000039600595783
6000000039677932018
6000000039712565003
6000000039712706441
6000000039714315413
6000000039799388709
6000000039848318382
6000000039848338352
6000000039848359222
6000000039848363114
6000000039848504960
6000000039848504987
6000000039848516936
6000000039848560901
6000000039848563837
6000000039848722890
6000000039871051868
6000000039953991727
6000000040112434600
6000000040163503679
6000000040163688794
6000000040163711543
6000000040163853863
6000000040164165876
6000000040187388268
6000000040227325782
6000000040258588821
6000000040258627624
6000000040258915061
6000000040259862705
6000000040292335236
6000000040350100216
6000000040350325904
6000000040449671783
6000000040449765442
6000000040449948645
6000000040450070118
6000000040450164876
6000000040450259037
6000000040450330939
6000000040555158110
6000000040576577904
6000000040580116473
6000000040580485758
6000000040580937232
6000000040581003009
6000000040581065920
6000000040581068854
6000000040640162748
6000000040641189114
6000000040642692987
6000000040642759955
6000000040713182550
6000000040756352830
6000000040778919691
6000000040779113471
6000000040841992695
6000000040844484949
6000000040885040440
6000000040885201360
6000000040885275327
6000000040885277204
6000000040885311308
6000000040885402157
6000000040885508904
6000000040885530976
6000000040885567889
6000000040885568861
6000000040885604843
6000000040885634821
6000000040885645827
6000000040886450932
6000000040950017160
6000000041000020322
6000000041000027517
6000000041000066159
6000000041000105412
6000000041000143999
6000000041052572403
6000000041052881857
6000000041068559401
6000000041111226725
6000000041111382307
6000000041114195680
6000000041175394917
6000000041217866702
6000000041219957302
6000000041220007169
6000000041220082070
6000000041220154980
6000000041234809846
6000000041373471066
6000000041457978811
6000000041458180804
6000000041458508243
6000000041458522328
6000000041458650358
6000000041458769043
6000000041523991642
6000000041524253053
6000000041524294979
6000000041547331338
6000000041547508148
6000000041547516224
6000000041547572064
6000000041688793420
6000000041724868917
6000000041813899962
6000000042011046338
6000000042011085278
6000000042011303042
6000000042012408625
6000000042012666002
6000000042081266664
6000000042081269540
6000000042381338421
6000000042503057420
6000000042503506235
6000000042503605857
6000000042508276763
6000000042870916538
6000000043050303750
6000000043050713059
6000000043051532816
6000000043075660061
6000000043138856885
6000000043431277840
6000000043431547825
6000000043592724500
6000000043594974337
6000000043595325098
6000000043595337192
6000000043595882959
6000000043631264887
6000000043668061037
6000000043668069035
6000000043668694877
6000000043668822881
6000000043669092823
6000000043802033908
6000000043852419558
6000000043852846074
6000000043852994855
6000000043853037837
6000000043910557779
6000000043910901539
6000000043910930318
6000000043911128269
6000000043911321939
6000000043911327958
6000000043911348875
6000000043911433906
6000000043911481855
6000000043924992413
6000000043971281671
6000000043975852283
6000000044134274580
6000000044256928233
6000000044403516454
6000000044969383169
6000000045204999227
6000000045290228247
6000000045296112821
6000000045626698959
6000000045721124636
6000000045721503632
6000000045722155230
6000000045791587958
6000000045909039463
6000000046192153949
6000000046251415530
6000000046530015881
6000000046531050975
6000000046531129068
6000000046531220850
6000000046531224006
6000000046531406852
6000000046531564184
6000000046531829261
6000000046531943979
6000000046532213833
6000000046532361902
6000000046532487899
6000000046532614821
6000000046554977760
6000000046928118021
6000000046981962600
6000000046982619181
6000000046982874956
6000000046983405863
6000000047447490728
6000000047621996135
6000000047867063022
6000000048044723914
6000000048214481776
6000000048232474605
6000000048232474609
6000000048232474617
6000000048525631295
6000000048526106106
6000000048526267079
6000000048526370071
6000000048526426079
6000000048526655842
6000000048541919896
6000000048543731202
6000000048567480311
6000000048567517047
6000000048569549444
6000000048569852187
6000000048570136924
6000000048570450821
6000000048641427591
6000000048642455944
6000000048642655227
6000000048642942857
6000000048643136007
6000000048659010460
6000000048659724125
6000000048659747068
6000000048660080851
6000000048660199833
6000000048874232822
6000000048890712949
6000000049222460882
6000000049222500834
6000000049222505861
6000000049317141261
6000000049317523840
6000000049317699925
6000000049317759924
6000000049317881844
6000000049317948827
6000000049542782631
6000000049543809006
6000000049543921821
6000000049544015859
6000000049544863872
6000000049545442930
6000000049545442940
6000000049546002835
6000000049546968846
6000000049546968851
6000000049546968856
6000000049585562247
6000000049585874140
6000000049585998123
6000000049586238017
6000000049586388038
6000000049586461075
6000000049586667021
6000000049586713004
6000000049586760013
6000000049586906076
6000000049586935976
6000000049587321847
6000000049587344825
6000000049587355836
6000000049588310966
6000000049588315943
6000000049588479859
6000000049588625918
6000000049588654837
6000000049588654840
6000000049588854838
6000000049588964865
6000000049588964869
6000000049588964873
6000000049588964877
6000000049588964881
6000000049588964889
6000000049588964893
6000000049663567029
6000000049663567034
6000000049663567039
6000000049663567044
6000000049663567049
6000000049663567054
6000000049663567059
6000000049663567064
6000000049663567069
6000000049747569982
6000000049828591163
6000000049856669504
6000000049857489985
6000000049857698865
6000000050010172240
6000000050015772967
6000000050016958865
6000000050036037003
6000000050036127879
6000000050065012933
6000000050282199850
6000000050316728883
6000000050316890821
6000000050406258454
6000000050462875880
6000000050462875884
6000000050462875888
6000000050462875892
6000000050469347891
6000000050469347900
6000000050469347904
6000000050469445958
6000000050469445963
6000000050469445967
6000000050469445971
6000000050469445975
6000000050469445979
6000000050469445983
6000000050469445991
6000000050469445995
6000000050469496062
6000000050556000903
6000000050587638939
6000000050604485605
6000000050677085025
6000000050677613870
6000000050678173964
6000000050678420959
6000000050678431973
6000000050678472938
6000000050761405138
6000000050761824899
6000000050762415942
6000000050825795998
6000000050842124250
6000000050842195236
6000000050842268091
6000000050842337134
6000000050842341156
6000000050842384454
6000000050842883853
6000000050842929832
6000000050842965071
6000000050843147836
6000000050904249637
6000000050983369056
6000000050983670903
6000000050983905847
6000000051133714047
6000000051944571884
6000000051968222123
6000000051968396108
6000000051968463979
6000000052003730054
6000000052003785920
6000000052003841204
6000000052004029904
6000000052074283119
6000000052102247014
6000000052102498934
6000000052102521908
6000000052102650832
6000000052114785232
6000000052115290015
6000000052115384020
6000000052115492880
6000000052115579965
6000000052126012983
6000000052126138022
6000000052126184037
6000000052126192108
6000000052126373833
6000000052126397881
6000000052128277868
6000000052128327889
6000000052159091105
6000000052159091110
6000000052159091115
6000000052162443822
6000000052163037030
6000000052166211076
6000000052166211080
6000000052166211084
6000000052166211088
6000000052169067022
6000000052169293925
6000000052169293930
6000000052169293934
6000000052520172870
6000000052520656985
6000000052520866967
6000000052812837957
6000000052838384859
6000000052866059401
6000000052866809916
6000000052867100843
6000000052961257397
6000000053054564073
6000000053364755162
6000000053449895833
6000000053449895837
6000000053449895846
6000000053476050836
6000000053476050841
6000000053476132829
6000000053476132838
6000000053479114833
6000000053479114837
6000000053535015823
6000000053535118822
6000000053971615358
6000000053971921238
6000000053972130212
6000000053972463010
6000000053972466895
6000000053972500034
6000000053972553871
6000000053972747877
6000000053972760872
6000000053972772869
6000000054035385072
6000000054035570157
6000000054035570163
6000000054035570168
6000000054035570173
6000000054035751907
6000000054035751943
6000000054035751948
6000000054035798865
6000000054035798869
6000000054036157961
6000000054036157966
6000000054036157970
6000000054036157974
6000000054036157982
6000000054036253877
6000000054036253890
6000000054036253894
6000000054036253898
6000000054036253902
6000000054036253906
6000000054036322860
6000000054042523856
6000000054042836876
6000000054062972196
6000000054063607829
6000000054108569195
6000000054108706099
6000000054108868046
6000000054116965916
6000000054116969903
6000000054167097824
6000000054218481874
6000000054383867058
6000000054383869376
6000000054384034021
6000000054384047946
6000000054384163861
6000000054391137886
6000000054391400937
6000000054391940843
6000000054407342903
6000000054407353157
6000000054407484847
6000000054407486834
6000000054407612966
6000000054407686886
6000000054407711907
6000000054714755001
6000000055035467843
6000000055423503970
6000000055423588053
6000000055423878841
6000000055529170984
6000000055529824889
6000000055529842287
6000000055529894958
6000000055529915136
6000000055529950912
6000000055529968924
6000000055529988868
6000000055530124924
6000000055530406842
6000000055726130280
6000000055726252116
6000000055726445845
6000000055726502841
6000000055758906526
6000000055759329361
6000000055759347908
6000000055759377136
6000000055759501826
6000000055760029011
6000000055760045915
6000000055760080260
6000000055760126923
6000000055760213900
6000000055760462967
6000000055762383387
6000000055762501602
6000000055762866312
6000000055763268965
6000000055763351964
6000000055763423823
6000000055768723417
6000000055768788441
6000000055768807196
6000000055768998173
6000000055769073046
6000000055769090102
6000000055769158273
6000000055769344013
6000000055769345936
6000000055769369980
6000000055769424866
6000000055769483939
6000000055769513026
6000000055769535900
6000000055769576075
6000000055769712179
6000000055769715279
6000000055769755884
6000000055769797052
6000000055769860921
6000000055770017038
6000000055770072921
6000000055770117919
6000000055770143966
6000000055770231975
6000000055770265889
6000000055770320852
6000000055770342859
6000000055770410470
6000000055770491208
6000000055770575329
6000000055770661558
6000000055770730140
6000000055770992941
6000000055771013964
6000000055771062980
6000000055771203843
6000000055771299511
6000000055771447982
6000000055771461433
6000000055771579286
6000000055771598198
6000000055771635179
6000000055771779086
6000000055771793980
6000000055771915956
6000000055772133891
6000000055772152834
6000000055772309344
6000000055772537337
6000000055772542241
6000000055772727192
6000000055772887895
6000000055772996982
6000000055773106990
6000000055773421114
6000000055773482992
6000000055773604068
6000000055773646263
6000000055775088429
6000000055775357255
6000000055776237873
6000000055776248874
6000000055776270898
6000000055776347955
6000000055776391834
6000000055776449824
6000000055776451925
6000000055776503963
6000000055776513830
6000000055776522914
6000000055776537044
6000000055776615021
6000000055776623949
6000000055776672832
6000000055776737861
6000000055776744874
6000000055776806849
6000000055776833876
6000000055776878846
6000000055776921821
6000000055776973828
6000000055776973890
6000000055776979836
6000000055777117853
6000000055803674199
6000000055803731099
6000000055803758055
6000000055803874916
6000000055803972940
6000000055804025957
6000000055804048130
6000000055804121846
6000000055804143828
6000000055804145854
6000000055804160995
6000000055804162949
6000000055804243926
6000000055804250924
6000000055804251019
6000000055804267053
6000000055804270892
6000000055804358866
6000000055804362965
6000000055804384823
6000000055804386824
6000000055804463941
6000000055804463957
6000000055804687946
6000000055804752825
6000000055804858823
6000000055804985849
6000000055805019865
6000000055814233065
6000000055814283096
6000000055814411346
6000000055814421937
6000000055814570860
6000000055814594831
6000000055814603826
6000000055814741193
6000000055814762124
6000000055815307891
6000000055815311859
6000000055815370862
6000000055815453821
6000000055818272080
6000000055819283257
6000000055819436056
6000000055819469978
6000000055819540064
6000000055819764038
6000000055819860896
6000000055819879919
6000000055819896913
6000000055819905877
6000000055819981852
6000000055819988842
6000000055832811392
6000000055832890338
6000000055833092093
6000000055833257090
6000000055833312172
6000000055833333068
6000000055833365020
6000000055833496908
6000000055833502976
6000000055833555990
6000000055833556889
6000000055833621884
6000000055833679906
6000000055833683963
6000000055833685950
6000000055833762822
6000000055833842008
6000000055833847915
6000000055833918836
6000000055833929976
6000000055833929980
6000000055833936893
6000000055833936899
6000000055833942964
6000000055833944006
6000000055834023870
6000000055834076885
6000000055834083821
6000000055834424821
6000000055863439639
6000000055864352102
6000000055864416917
6000000055864446852
6000000055864511929
6000000055864521895
6000000055864563906
6000000055864590998
6000000055864704850
6000000056055455963
6000000056055465892
6000000056096377924
6000000056232445948
6000000056245297895
6000000056308716937
6000000056308716942
6000000056308716946
6000000056309040929
6000000056309315841
6000000056309527868
6000000056309527873
6000000056309598824
6000000056309598830
6000000056309684986
6000000056309684990
6000000056309684995
6000000056309684999
6000000056309685008
6000000056309817060
6000000056310169939
6000000056310742930
6000000056314156239
6000000056400376864
6000000056458048984
6000000056458222177
6000000056535422875
6000000056541544182
6000000056542632075
6000000056542896917
6000000056542996829
6000000056580995912
6000000056594829186
6000000056659441082
6000000056677787316
6000000056709766946
6000000056710897842
6000000056711488004
6000000056712766844
6000000056712766849
6000000056946552153
6000000057058246221
6000000057058597078
6000000057058659994
6000000057058672150
6000000057058739079
6000000057058789006
6000000057058799070
6000000057058804859
6000000057058894966
6000000057058911967
6000000057058913986
6000000057058931890
6000000057058939925
6000000057059020823
6000000057059044895
6000000057059058865
6000000057059069834
6000000057059092880
6000000057059158838
6000000057193093876
6000000057193161990
6000000057193266864
6000000057206455097
6000000057220132821
6000000057264717985
6000000057264742923
6000000057265033880
6000000057265137860
6000000057265162898
6000000057265163927
6000000057265211867
6000000057265414826
6000000057282356110
6000000057389355914
6000000057600647223
6000000057600904075
6000000057600907053
6000000057601002111
6000000057601010996
6000000057601126008
6000000057601208857
6000000057601214914
6000000057601272825
6000000057601292821
6000000057601307917
6000000057601535994
6000000057636484106
6000000057677143889
6000000057677229924
6000000057677324163
6000000057677324208
6000000057677612969
6000000057677622961
6000000057677759845
6000000057677779878
6000000057677812848
6000000057677841886
6000000057753447033
6000000057758816951
6000000057955396392
6000000057967374985
6000000057967626867
6000000058072185901
6000000058126232943
6000000058126746026
6000000058127233860
6000000058161503867
6000000058280749855
6000000058356704425
6000000058357132111
6000000058357612864
6000000058866804967
6000000058921440967
6000000058921570893
6000000058940163087
6000000058940183875
6000000058940821884
6000000058941136932
6000000058943062892
6000000059049929945
6000000059050256839
6000000059063886057
6000000059063893852
6000000059064410834
6000000059093978174
6000000059097179907
6000000059318525846
6000000059318608852
6000000059378662835
6000000059408117839
6000000059432698021
6000000059471944034
6000000059482260831
6000000059486824989
6000000059487507161
6000000059511744030
6000000059511952858
6000000059575650943
6000000059578425914
6000000059588719910
6000000059609870015
6000000059622972821
6000000059626683144
6000000059643135874
6000000059667784902
6000000059670171862
6000000059774716857
6000000059935155895
6000000059937711903
6000000060228600113
6000000060228896904
6000000060233932193
6000000060273341831
6000000060274307828
6000000060321818240
6000000060322171111
6000000060322349955
6000000060736708183
6000000060737062878
6000000060737071825
6000000060737279190
6000000060737862032
6000000060738501869
6000000060738736873
6000000060764177248
6000000060777244925
6000000060796611705
6000000060797443843
6000000060830401893
6000000060830484965
6000000060830527911
6000000060830695855
6000000060830695860
6000000060830695865
6000000060830695870
6000000060834943861
6000000060837376833
6000000060895404340
6000000060895945917
6000000060895945968
6000000060895982063
6000000060896004934
6000000060896053970
6000000060896135917
6000000060896196821
6000000060896198835
6000000060896212008
6000000060896248821
6000000060896268882
6000000060896697051
6000000060896987939
6000000060897071029
6000000060897956844
6000000060897969822
6000000060897988876
6000000060900040006
6000000060990284293
6000000060990694921
6000000060990774898
6000000061096405109
6000000061097275824
6000000061166794976
6000000061207964950
6000000061207964956
6000000061306684076
6000000061307061878
6000000061541600464
6000000061542720021
6000000061543038917
6000000061543201864
6000000061606692172
6000000061606976926
6000000061607510897
6000000061608387612
6000000061608648145
6000000061628642079
6000000061729031113
6000000061729316962
6000000061730692056
6000000061730961909
6000000061730983876
6000000062015932112
6000000062016282823
6000000062251362821
6000000062315481876
6000000062342584050
6000000062448349851
6000000062449465166
6000000062449533231
6000000062450136865
6000000062450840875
6000000062581020256
6000000062581773863
6000000062740072194
6000000062740792955
6000000062903394965
6000000062903414973
6000000062903585913
6000000063005803411
6000000063006551969
6000000063129557330
6000000063137993994
6000000063138152964
6000000063188832821
6000000063218096865
6000000063292221316
6000000063292623125
6000000063292665196
6000000063292716962
6000000063293003983
6000000063293065016
6000000063293113866
6000000063293438850
6000000063331425573
6000000063332313884
6000000063441094006
6000000063554499037
6000000063556169846
6000000063569730899
6000000063570234821
6000000063749821824
6000000063786925904
6000000063847055979
6000000064151449950
6000000064198949390
6000000064201891990
6000000064366455901
6000000064367088904
6000000064367373877
6000000064404649846
6000000064426443838
6000000064426746821
6000000064426823848
6000000064427106842
6000000064427238965
6000000064427487827
6000000064427659838
6000000064427713821
6000000064428050828
6000000064428171835
6000000064428443821
6000000064585607116
6000000064585750029
6000000064628659059
6000000064628659063
6000000064628659067
6000000064628659071
6000000064628659075
6000000064629279882
6000000064629279886
6000000064802154535
6000000064802864158
6000000064802864162
6000000064802864166
6000000064802864170
6000000064803444886
6000000064803602822
6000000064803602826
6000000064803602830
6000000064803602834
6000000064840342991
6000000065044187005
6000000065484828829
6000000065569549860
6000000065619545031
6000000065790078833
6000000065790288846
6000000065790870821
6000000065790937821
6000000065900301953
6000000065900363839
6000000065928326887
6000000065936377937
6000000066008116152
6000000066009175844
6000000066276234868
6000000066658546944
6000000066986091821
6000000067181752163
6000000067356405237
6000000067841413518
6000000067847048123
6000000067847086048
6000000067847273975
6000000067847474866
6000000067847725822
6000000067958077922
6000000067958232909
6000000068422694884
6000000068472555872
6000000068632729859
6000000069054399962
6000000069059283821
6000000069189526824
6000000069189591840
6000000069241022250
6000000069241319867
6000000069241358838
6000000069241370004
6000000069241473944
6000000069241687821
6000000069309048841
6000000069309121827
6000000069321034944
6000000069342064859
6000000069342569823
6000000069369242128
6000000069369403053
6000000069378174010
6000000069378336881
6000000069378381897
6000000069378490880
6000000069378527832
6000000070577592843
6000000070697615939
6000000070877780963
6000000070877870934
6000000070982973167
6000000070983231870
6000000070983290889
6000000070989004061
6000000070989121978
6000000070989313032
6000000070989860005
6000000070989963019
6000000070990081917
6000000070990310828
6000000070990360545
6000000070997323242
6000000070997380334
6000000070997442248
6000000070999080430
6000000070999228437
6000000070999633975
6000000070999685024
6000000070999709871
6000000070999804874
6000000070999827870
6000000070999865824
6000000071003385157
6000000071003523424
6000000071004467821
6000000071016870097
6000000071017019844
6000000071054820929
6000000071056621171
6000000071056872857
6000000071056996007
6000000071057129854
6000000071058069066
6000000071058170116
6000000071058174059
6000000071058208053
6000000071058462821
6000000071058471833
6000000071058490846
6000000071113052033
6000000071113471912
6000000071114064955
6000000071395438390
6000000071543079869
6000000071633187506
6000000071763764224
6000000071763898135
6000000071763989898
6000000071764152925
6000000071764253897
6000000071764262908
6000000071874455238
6000000072029975942
6000000072062050381
6000000072062668011
6000000072337288987
6000000072337781963
6000000072337783852
6000000072337871868
6000000072452799295
6000000072524272049
6000000072571390942
6000000072575207401
6000000072576102922
6000000072576122851
6000000072576122884
6000000073258180859
6000000073258800821
6000000073312484034
6000000073314587131
6000000073314606194
6000000073315067106
6000000073315293931
6000000073315336834
6000000073315446822
6000000073322967878
6000000073323080057
6000000073323299960
6000000073349843589
6000000073351495901
6000000073353666169
6000000073356989177
6000000073357050960
6000000073384997165
6000000073385127983
6000000073748557935
6000000073748788093
6000000073749137838
6000000073754442083
6000000073754546826
6000000073754610996
6000000073754626944
6000000073754717875
6000000073867759339
6000000073867881230
6000000073868112154
6000000073868372010
6000000073959274963
6000000073959505822
6000000073959505828
6000000074093916054
6000000074101636887
6000000074135630868
6000000074135718821
6000000074325160850
6000000074329747981
6000000074447934911
6000000074698754839
6000000074698760902
6000000074702876632
6000000074703627034
6000000074703668938
6000000074705371494
6000000074705706180
6000000074705833003
6000000074705853020
6000000074705964994
6000000074706037951
6000000074706161848
6000000074706190870
6000000074711095386
6000000074711095391
6000000074711095399
6000000074711450231
6000000074711450238
6000000074711450243
6000000074711574142
6000000074711601236
6000000074711664244
6000000074711693222
6000000074711720235
6000000074711754203
6000000074711798229
6000000074711799233
6000000074711841256
6000000074711841260
6000000074711853110
6000000074711869083
6000000074711869137
6000000074711900083
6000000074711900088
6000000074711944185
6000000074711949012
6000000074711955104
6000000074711956148
6000000074711966093
6000000074711973125
6000000074711973166
6000000074711978023
6000000074712004050
6000000074712010191
6000000074712027036
6000000074712027041
6000000074712027084
6000000074712038045
6000000074712069127
6000000074712079041
6000000074712083017
6000000074712087944
6000000074712091020
6000000074712094111
6000000074712109983
6000000074712135117
6000000074712145920
6000000074712145972
6000000074712149072
6000000074712157995
6000000074712169935
6000000074712169990
6000000074712210023
6000000074712230944
6000000074712230958
6000000074712231940
6000000074712234882
6000000074712239951
6000000074712243992
6000000074712243998
6000000074712267895
6000000074712287925
6000000074712289921
6000000074712297986
6000000074712317938
6000000074712320953
6000000074712324955
6000000074712332860
6000000074712343905
6000000074712348917
6000000074712349859
6000000074712349896
6000000074712354884
6000000074712360906
6000000074712366884
6000000074712367885
6000000074712374855
6000000074712378962
6000000074712389896
6000000074712392848
6000000074712392902
6000000074712397855
6000000074712402898
6000000074712403889
6000000074712404866
6000000074712411898
6000000074712415832
6000000074712417830
6000000074712419838
6000000074712436879
6000000074712437841
6000000074712438826
6000000074712442848
6000000074712455848
6000000074712467833
6000000074712469853
6000000074712473826
6000000074712473839
6000000074712495868
6000000074712509837
6000000074712522850
6000000074712545821
6000000074712556837
6000000074712559822
6000000074712880841
6000000074714363295
6000000074714632129
6000000074715058981
6000000074715073945
6000000074715136902
6000000074715205898
6000000074715244886
6000000074715287846
6000000074715315842
6000000074715354834
6000000074715370821
6000000074729986956
6000000074730178926
6000000074730240925
6000000074730369897
6000000074730518825
6000000074730531839
6000000074732188199
6000000074732463011
6000000074732536302
6000000074732736008
6000000074732782077
6000000074732791140
6000000074733774367
6000000074733774373
6000000074733774399
6000000074733865348
6000000074733899342
6000000074734177286
6000000074734187262
6000000074734313223
6000000074734399397
6000000074734419267
6000000074734439382
6000000074734451183
6000000074734465137
6000000074734480117
6000000074734494144
6000000074734497121
6000000074734526045
6000000074734564078
6000000074734566061
6000000074734588018
6000000074734614176
6000000074734626067
6000000074734671178
6000000074734757119
6000000074734774120
6000000074734774212
6000000074734792960
6000000074734812018
6000000074734820047
6000000074734824981
6000000074734832149
6000000074734832176
6000000074734883050
6000000074734898927
6000000074734899004
6000000074734907966
6000000074734908904
6000000074734918065
6000000074734925021
6000000074734932877
6000000074734932914
6000000074734933970
6000000074734937913
6000000074734940948
6000000074734950933
6000000074734954900
6000000074735001940
6000000074735001944
6000000074735023866
6000000074735031880
6000000074735041880
6000000074735042947
6000000074735054901
6000000074735057925
6000000074735057934
6000000074735059038
6000000074735060896
6000000074735070889
6000000074735076898
6000000074735081069
6000000074735083888
6000000074735086861
6000000074735088825
6000000074735095868
6000000074735097051
6000000074735098001
6000000074735105904
6000000074735111856
6000000074735116893
6000000074735124970
6000000074735131038
6000000074735134821
6000000074735134844
6000000074735143903
6000000074735148982
6000000074735149010
6000000074735158949
6000000074735160839
6000000074735160881
6000000074735163833
6000000074735168825
6000000074735192935
6000000074735206954
6000000074735215823
6000000074735216851
6000000074735220836
6000000074735223943
6000000074735239925
6000000074735241824
6000000074735242950
6000000074735244989
6000000074735273949
6000000074735288859
6000000074735292912
6000000074735304930
6000000074735317910
6000000074735329020
6000000074735329037
6000000074735329898
6000000074735330887
6000000074735334881
6000000074735344890
6000000074735369892
6000000074735381854
6000000074735384847
6000000074735422852
6000000074735422902
6000000074735425865
6000000074735433843
6000000074735437914
6000000074735447865
6000000074735460860
6000000074735471832
6000000074735476857
6000000074735477871
6000000074735480914
6000000074735485847
6000000074735490890
6000000074735494876
6000000074735508858
6000000074735508908
6000000074735519894
6000000074735561821
6000000074735576863
6000000074735594884
6000000074735603821
6000000074735645862
6000000074735650828
6000000074735660821
6000000074735683839
6000000074735692825
6000000074736863510
6000000074737725285
6000000074737852279
6000000074737949228
6000000074738002160
6000000074738003256
6000000074738003287
6000000074738212195
6000000074738255018
6000000074738377136
6000000074738405055
6000000074738405133
6000000074738406026
6000000074738450126
6000000074738450130
6000000074738484050
6000000074738572069
6000000074738573015
6000000074738574070
6000000074738574164
6000000074738574200
6000000074738584091
6000000074738591015
6000000074738591020
6000000074738663000
6000000074738671010
6000000074738690072
6000000074738701036
6000000074738711002
6000000074738712010
6000000074738719006
6000000074738751987
6000000074738801020
6000000074738801035
6000000074738832882
6000000074738832945
6000000074738864923
6000000074738864977
6000000074738865007
6000000074738867903
6000000074738867921
6000000074738873990
6000000074738875927
6000000074738877957
6000000074738886965
6000000074738887012
6000000074738896138
6000000074738896929
6000000074738911038
6000000074738912957
6000000074738913904
6000000074738938873
6000000074738939939
6000000074738946894
6000000074738955980
6000000074738980893
6000000074739006900
6000000074739022994
6000000074739042893
6000000074739051949
6000000074739062969
6000000074739074925
6000000074739091918
6000000074739093875
6000000074739094864
6000000074739094974
6000000074739104930
6000000074739124902
6000000074739124999
6000000074739125977
6000000074739137919
6000000074739146884
6000000074739146930
6000000074739148854
6000000074739158937
6000000074739169862
6000000074739171873
6000000074739179862
6000000074739187920
6000000074739187936
6000000074739192836
6000000074739197891
6000000074739197934
6000000074739197995
6000000074739207889
6000000074739211919
6000000074739217844
6000000074739224893
6000000074739224982
6000000074739227901
6000000074739227906
6000000074739234850
6000000074739234911
6000000074739234919
6000000074739235843
6000000074739237856
6000000074739238831
6000000074739243937
6000000074739248829
6000000074739258906
6000000074739274878
6000000074739293841
6000000074739294845
6000000074739297841
6000000074739301831
6000000074739310848
6000000074739310913
6000000074739312847
6000000074739329945
6000000074739339899
6000000074739340828
6000000074739340859
6000000074739340876
6000000074739347830
6000000074739347847
6000000074739361835
6000000074739364876
6000000074739366925
6000000074739371837
6000000074739371880
6000000074739376821
6000000074739378828
6000000074739389825
6000000074739391872
6000000074739405952
6000000074739409840
6000000074739410868
6000000074739411848
6000000074739417835
6000000074739417894
6000000074739417942
6000000074739420836
6000000074739423822
6000000074739424821
6000000074739428847
6000000074739430844
6000000074739430873
6000000074739432821
6000000074739432830
6000000074739437936
6000000074739442822
6000000074739443859
6000000074739446830
6000000074739454851
6000000074739456833
6000000074739458821
6000000074739458881
6000000074739464847
6000000074739472833
6000000074739475822
6000000074739476886
6000000074739484876
6000000074739499833
6000000074739502821
6000000074739503914
6000000074739514821
6000000074739515888
6000000074739520889
6000000074739521836
6000000074739522883
6000000074739534911
6000000074739536863
6000000074739557821
6000000074739560863
6000000074739579821
6000000074739583847
6000000074739614868
6000000074739627828
6000000074739629890
6000000074739633857
6000000074739640842
6000000074739640875
6000000074739665843
6000000074739706835
6000000074739720845
6000000074739722833
6000000074739732855
6000000074739735821
6000000074739736823
6000000074739743833
6000000074739760845
6000000074739771827
6000000074739788821
6000000074739809862
6000000074739828845
6000000074739859847
6000000074739904821
6000000074739928822
6000000074743774347
6000000074744284034
6000000074744476069
6000000074744501961
6000000074744509963
6000000074744607929
6000000074744650151
6000000074744665934
6000000074744667979
6000000074744671892
6000000074744685065
6000000074744712914
6000000074744724874
6000000074744732898
6000000074744745847
6000000074744746860
6000000074744768859
6000000074744793051
6000000074744795875
6000000074744815886
6000000074744832843
6000000074744868846
6000000074744876034
6000000074744906983
6000000074744951998
6000000074744965995
6000000074745154871
6000000074745193844
6000000074745208848
6000000074745259828
6000000074745261842
6000000074745274857
6000000074745292821
6000000074745742008
6000000074745835184
6000000074745899873
6000000074749760850
6000000074750147183
6000000074750325380
6000000074750388230
6000000074750415954
6000000074750424242
6000000074750756050
6000000074750788964
6000000074750826956
6000000074750830955
6000000074750858951
6000000074750859969
6000000074750951895
6000000074750988833
6000000074751000835
6000000074752868408
6000000074752868447
6000000074752927427
6000000074752990327
6000000074752996435
6000000074753008318
6000000074753088303
6000000074753102171
6000000074753102200
6000000074753123325
6000000074753209288
6000000074753213170
6000000074753221224
6000000074753223235
6000000074753223274
6000000074753312150
6000000074753355001
6000000074753363018
6000000074753373964
6000000074753387986
6000000074753398048
6000000074753398057
6000000074753398094
6000000074753408095
6000000074753411089
6000000074753452033
6000000074753453078
6000000074753458045
6000000074753501954
6000000074753514086
6000000074753516924
6000000074753517002
6000000074753532907
6000000074753540949
6000000074753543935
6000000074753545952
6000000074753545970
6000000074753548920
6000000074753549895
6000000074753550927
6000000074753552911
6000000074753557911
6000000074753571877
6000000074753571943
6000000074753575903
6000000074753589969
6000000074753606891
6000000074753623887
6000000074753636878
6000000074753638872
6000000074753639821
6000000074753640886
6000000074753641896
6000000074753645836
6000000074753646867
6000000074753656904
6000000074753656913
6000000074753664829
6000000074753664892
6000000074753670854
6000000074753698821
6000000074753705842
6000000074753706821
6000000074753706838
6000000074753715823
6000000074753722821
6000000074753724821
6000000074753724859
6000000074753741843
6000000074753749830
6000000074753757849
6000000074757977889
6000000074758026854
6000000074758101847
6000000074758107930
6000000074758937549
6000000074758956431
6000000074759194238
6000000074759457073
6000000074759462136
6000000074759465207
6000000074759481162
6000000074759574093
6000000074759632046
6000000074759683026
6000000074759702905
6000000074759745013
6000000074759748034
6000000074759838004
6000000074759919857
6000000074759949830
6000000074759976834
6000000074759980821
6000000074766551768
6000000074766619670
6000000074766619674
6000000074766702711
6000000074766717720
6000000074766717788
6000000074766791587
6000000074766810329
6000000074766876663
6000000074766892459
6000000074766900377
6000000074766944462
6000000074766956543
6000000074767005419
6000000074767005450
6000000074767054266
6000000074767054364
6000000074767055414
6000000074767064379
6000000074767067507
6000000074767093163
6000000074767103404
6000000074767159144
6000000074767159204
6000000074767178309
6000000074767199426
6000000074767210211
6000000074767212177
6000000074767219258
6000000074767235118
6000000074767242126
6000000074767283100
6000000074767292340
6000000074767297123
6000000074767308107
6000000074767312057
6000000074767314245
6000000074767326175
6000000074767336197
6000000074767336235
6000000074767336239
6000000074767340049
6000000074767346114
6000000074767346123
6000000074767362122
6000000074767370126
6000000074767375914
6000000074767390096
6000000074767399000
6000000074767404140
6000000074767404210
6000000074767420313
6000000074767424094
6000000074767429083
6000000074767446041
6000000074767450017
6000000074767453147
6000000074767464979
6000000074767468972
6000000074767490075
6000000074767492999
6000000074767499967
6000000074767502109
6000000074767506018
6000000074767507093
6000000074767515969
6000000074767524001
6000000074767540982
6000000074767546911
6000000074767547840
6000000074767548999
6000000074767549911
6000000074767549957
6000000074767550941
6000000074767563958
6000000074767565004
6000000074767566920
6000000074767567901
6000000074767577897
6000000074767578990
6000000074767580939
6000000074767580979
6000000074767582899
6000000074767582943
6000000074767582948
6000000074767584056
6000000074767586037
6000000074767605860
6000000074767607984
6000000074767608029
6000000074767617912
6000000074767623936
6000000074767623951
6000000074767624929
6000000074767634856
6000000074767636987
6000000074767646891
6000000074767647007
6000000074767648863
6000000074767648867
6000000074767648896
6000000074767648951
6000000074767653827
6000000074767659878
6000000074767663846
6000000074767670885
6000000074767677852
6000000074767682828
6000000074767683860
6000000074767688904
6000000074767691824
6000000074767693968
6000000074767694831
6000000074767719903
6000000074767720933
6000000074767724988
6000000074767725831
6000000074767725855
6000000074767730895
6000000074767731955
6000000074767732888
6000000074767733840
6000000074767734907
6000000074767736902
6000000074767744901
6000000074767749833
6000000074767755823
6000000074767755875
6000000074767758876
6000000074767761827
6000000074767762831
6000000074767762857
6000000074767763877
6000000074767767824
6000000074767771878
6000000074767774841
6000000074767774880
6000000074767782833
6000000074767782842
6000000074767791888
6000000074767793847
6000000074767795823
6000000074767796848
6000000074767810841
6000000074767812833
6000000074767812896
6000000074767815822
6000000074767829821
6000000074767840854
6000000074767840858
6000000074767847870
6000000074767860837
6000000074767863830
6000000074767883825
6000000074767884841
6000000074768393105
6000000074787082448
6000000074787280137
6000000074787280142
6000000074787282562
6000000074787451643
6000000074787584512
6000000074787605451
6000000074787612413
6000000074787612552
6000000074787612584
6000000074787612662
6000000074787612805
6000000074787671518
6000000074787676328
6000000074787702452
6000000074787732420
6000000074787752453
6000000074787768335
6000000074787790433
6000000074787791316
6000000074787807492
6000000074787808589
6000000074787811339
6000000074787816286
6000000074787816340
6000000074787853215
6000000074787914224
6000000074787915060
6000000074787916198
6000000074787932142
6000000074787933420
6000000074787946207
6000000074787946225
6000000074787946277
6000000074787948216
6000000074787950226
6000000074787950267
6000000074787966061
6000000074787966197
6000000074787976225
6000000074787981100
6000000074787989066
6000000074787995293
6000000074788014215
6000000074788016066
6000000074788036967
6000000074788042110
6000000074788070110
6000000074788080198
6000000074788100092
6000000074788105996
6000000074788124050
6000000074788131006
6000000074788149124
6000000074788149953
6000000074788150098
6000000074788150970
6000000074788158148
6000000074788165015
6000000074788166173
6000000074788168966
6000000074788170090
6000000074788181276
6000000074788183041
6000000074788192131
6000000074788192137
6000000074788194134
6000000074788194155
6000000074788197994
6000000074788202071
6000000074788202922
6000000074788217999
6000000074788222137
6000000074788222179
6000000074788226886
6000000074788237237
6000000074788237273
6000000074788240041
6000000074788240155
6000000074788245049
6000000074788245101
6000000074788245105
6000000074788248882
6000000074788249070
6000000074788250284
6000000074788257873
6000000074788259944
6000000074788259996
6000000074788267124
6000000074788267153
6000000074788267918
6000000074788269076
6000000074788272989
6000000074788273044
6000000074788280909
6000000074788283961
6000000074788284009
6000000074788289275
6000000074788301015
6000000074788301988
6000000074788308836
6000000074788311823
6000000074788324827
6000000074788325884
6000000074788330833
6000000074788332261
6000000074788332906
6000000074788336857
6000000074788346918
6000000074788353831
6000000074788356022
6000000074788356856
6000000074788364821
6000000074788367080
6000000074788371984
6000000074788372821
6000000074788375847
6000000074788388918
6000000074788391972
6000000074788393890
6000000074788396848
6000000074788396951
6000000074788407897
6000000074788412829
6000000074788415899
6000000074788416899
6000000074788418884
6000000074788419946
6000000074788420836
6000000074788429852
6000000074788439821
6000000074788439909
6000000074788440848
6000000074788440983
6000000074788441997
6000000074788448889
6000000074788450897
6000000074788454907
6000000074788464936
6000000074788468126
6000000074788469018
6000000074788469828
6000000074788470849
6000000074788474821
6000000074788475835
6000000074788476825
6000000074788477039
6000000074788478821
6000000074788478846
6000000074788483838
6000000074788487827
6000000074788487839
6000000074788488841
6000000074788489973
6000000074788491130
6000000074788494109
6000000074788495991
6000000074788497951
6000000074788502821
6000000074788503874
6000000074788511821
6000000074788515862
6000000074788516871
6000000074788522021
6000000074788525875
6000000074788529915
6000000074788535024
6000000074788540992
6000000074788543039
6000000074788550866
6000000074788551996
6000000074788552848
6000000074788554821
6000000074788572878
6000000074788581055
6000000074788598855
6000000074788601842
6000000074788605025
6000000074788607831
6000000074788607848
6000000074788623843
6000000074788625821
6000000074788629821
6000000074788646821
6000000074788669890
6000000074788672892
6000000074788675913
6000000074788678972
6000000074788680888
6000000074788702900
6000000074788755890
6000000074788758829
6000000074788775892
6000000074788836835
6000000074799308999
6000000074801251878
6000000075058182065
6000000075059069334
6000000075059969325
6000000075060123253
6000000075060123320
6000000075060133134
6000000075060142093
6000000075060197080
6000000075060210145
6000000075060254140
6000000075060318079
6000000075060332218
6000000075060354066
6000000075060389050
6000000075060389069
6000000075060390119
6000000075060436164
6000000075060473128
6000000075060491026
6000000075060579018
6000000075060581092
6000000075060612019
6000000075060617130
6000000075060679964
6000000075060680154
6000000075060690066
6000000075060703026
6000000075060709975
6000000075060742903
6000000075060745991
6000000075060765938
6000000075060771892
6000000075060788097
6000000075060840955
6000000075060841900
6000000075060845895
6000000075060849863
6000000075060849902
6000000075060850990
6000000075060861914
6000000075060868987
6000000075060869861
6000000075060870921
6000000075060879042
6000000075060885268
6000000075060894930
6000000075060895920
6000000075060903878
6000000075060905909
6000000075060915894
6000000075060918917
6000000075060921966
6000000075060923880
6000000075060926843
6000000075060939028
6000000075060939841
6000000075060939845
6000000075060939898
6000000075060943948
6000000075060947846
6000000075060950856
6000000075060953885
6000000075060966836
6000000075060991823
6000000075060994854
6000000075060997975
6000000075060997984
6000000075061000900
6000000075061001852
6000000075061004828
6000000075061019879
6000000075061023033
6000000075061024836
6000000075061025854
6000000075061041895
6000000075061042849
6000000075061042958
6000000075061050977
6000000075061061865
6000000075061064829
6000000075061066881
6000000075061069836
6000000075061079838
6000000075061079965
6000000075061080860
6000000075061083837
6000000075061100866
6000000075061100883
6000000075061103821
6000000075061116845
6000000075061121821
6000000075061126939
6000000075061139832
6000000075061143833
6000000075061150883
6000000075061153821
6000000075061154993
6000000075061157935
6000000075061163822
6000000075061163836
6000000075061168821
6000000075061168881
6000000075061178874
6000000075061190821
6000000075061209881
6000000075061212865
6000000075061214870
6000000075061218887
6000000075061223888
6000000075061224852
6000000075061226849
6000000075061227841
6000000075061227859
6000000075061260868
6000000075061275842
6000000075061286853
6000000075061292860
6000000075061296850
6000000075061299846
6000000075061303855
6000000075061340834
6000000075061346846
6000000075061358857
6000000075061403942
6000000075061410821
6000000075061421874
6000000075061437918
6000000075061509867
6000000075061532850
6000000075061550836
6000000075061606822
6000000075062219821
6000000075327025576
6000000075327286466
6000000075327456459
6000000075327680335
6000000075327800363
6000000075327821184
6000000075327872192
6000000075327963267
6000000075328021088
6000000075328054061
6000000075328100121
6000000075328151070
6000000075328173155
6000000075328214005
6000000075328233022
6000000075328247982
6000000075328268084
6000000075328325981
6000000075328344948
6000000075328348965
6000000075328350353
6000000075328416928
6000000075328428941
6000000075328434922
6000000075328438909
6000000075328452875
6000000075328455899
6000000075328456921
6000000075328459920
6000000075328496910
6000000075328496922
6000000075328506865
6000000075328507886
6000000075328511877
6000000075328511887
6000000075328511906
6000000075328522861
6000000075328526096
6000000075328531149
6000000075328531871
6000000075328532882
6000000075328534836
6000000075328559876
6000000075328585293
6000000075328595822
6000000075328601832
6000000075328614839
6000000075328617822
6000000075328617826
6000000075328636840
6000000075328653214
6000000075328709972
6000000075328751168
6000000075328764089
6000000075328771218
6000000075328772963
6000000075328847067
6000000075328868110
6000000075328876030
6000000075328897077
6000000075328904945
6000000075328928108
6000000075328943139
6000000075328948874
6000000075328961092
6000000075328996994
6000000075329004990
6000000075329022920
6000000075329034024
6000000075329034043
6000000075329035874
6000000075329062998
6000000075329066010
6000000075329074998
6000000075329092832
6000000075329104980
6000000075329106925
6000000075329110941
6000000075329120821
6000000075329125835
6000000075329125938
6000000075329132984
6000000075329133896
6000000075329149907
6000000075329150950
6000000075329153854
6000000075329153920
6000000075329157914
6000000075329157929
6000000075329163877
6000000075329170968
6000000075329181911
6000000075329196923
6000000075329217821
6000000075329217856
6000000075329222940
6000000075329232907
6000000075329232923
6000000075329236843
6000000075329243834
6000000075329243838
6000000075329244839
6000000075329252874
6000000075329271847
6000000075329289828
6000000075329295821
6000000075329328843
6000000075329368843
6000000075329376821
6000000075329391831
6000000075331904273
6000000075333803050
6000000075333909901
6000000075334815357
6000000075334817090
6000000075335042088
6000000075335067249
6000000075335121057
6000000075335334980
6000000075335483970
6000000075335522894
6000000075335571842
6000000075335627871
6000000075335652846
6000000075335673840
6000000075336395816
6000000075336455553
6000000075336687534
6000000075336770473
6000000075336971443
6000000075336971469
6000000075337068084
6000000075337080352
6000000075337176341
6000000075337479236
6000000075337493358
6000000075337493414
6000000075337493441
6000000075337493463
6000000075337494190
6000000075337494236
6000000075337503121
6000000075337598267
6000000075337631126
6000000075337633126
6000000075337665144
6000000075337732085
6000000075337732089
6000000075337750999
6000000075337755046
6000000075337755074
6000000075337758968
6000000075337768132
6000000075337796070
6000000075337796100
6000000075337805001
6000000075337823010
6000000075337825102
6000000075337841056
6000000075337849056
6000000075337867042
6000000075337876050
6000000075337877939
6000000075337877970
6000000075337881037
6000000075337914961
6000000075337931944
6000000075337932066
6000000075337949998
6000000075337951917
6000000075337965969
6000000075337966923
6000000075337978969
6000000075337990914
6000000075338004950
6000000075338010926
6000000075338011939
6000000075338012884
6000000075338027884
6000000075338027915
6000000075338029933
6000000075338034923
6000000075338037874
6000000075338049891
6000000075338049956
6000000075338053875
6000000075338057955
6000000075338060992
6000000075338068888
6000000075338076911
6000000075338102846
6000000075338108887
6000000075338120878
6000000075338150860
6000000075338156843
6000000075338157876
6000000075338162825
6000000075338167882
6000000075338168836
6000000075338172839
6000000075338176868
6000000075338185821
6000000075338185851
6000000075338185875
6000000075338187844
6000000075338189900
6000000075338193826
6000000075338195864
6000000075338197850
6000000075338202860
6000000075338208841
6000000075338211914
6000000075338215915
6000000075338226862
6000000075338231846
6000000075338239861
6000000075338259828
6000000075338259875
6000000075338263827
6000000075338263834
6000000075338280878
6000000075338281838
6000000075338282871
6000000075338303863
6000000075338307829
6000000075338310836
6000000075338317847
6000000075338319916
6000000075338328860
6000000075342425572
6000000075342655698
6000000075342845577
6000000075343172513
6000000075343273381
6000000075343397335
6000000075343397352
6000000075343444674
6000000075343448293
6000000075343475381
6000000075343475428
6000000075343479339
6000000075343580349
6000000075343583172
6000000075343584265
6000000075343636123
6000000075343636314
6000000075343672438
6000000075343675338
6000000075343692150
6000000075343713470
6000000075343735214
6000000075343743818
6000000075343829069
6000000075343829085
6000000075343829369
6000000075343960636
6000000075343961016
6000000075343965135
6000000075343999143
6000000075343999187
6000000075344057129
6000000075344082183
6000000075344083250
6000000075344122945
6000000075344123121
6000000075344123147
6000000075344132007
6000000075344133217
6000000075344158168
6000000075344174042
6000000075344174049
6000000075344174145
6000000075344178911
6000000075344180996
6000000075344181027
6000000075344182064
6000000075344183084
6000000075344184319
6000000075344186994
6000000075344198903
6000000075344200061
6000000075344204069
6000000075344208417
6000000075344208559
6000000075344208572
6000000075344214993
6000000075344219006
6000000075344227025
6000000075344249988
6000000075344253083
6000000075344273946
6000000075344275016
6000000075344281051
6000000075344308987
6000000075344309979
6000000075344310154
6000000075344317913
6000000075344318821
6000000075344328983
6000000075344329068
6000000075344339995
6000000075344344043
6000000075344360943
6000000075344366033
6000000075344373992
6000000075344376090
6000000075344381922
6000000075344387147
6000000075344388104
6000000075344403878
6000000075344403900
6000000075344403932
6000000075344404044
6000000075344428853
6000000075344433901
6000000075344434930
6000000075344436876
6000000075344438853
6000000075344439001
6000000075344440923
6000000075344440927
6000000075344440932
6000000075344443902
6000000075344444874
6000000075344445928
6000000075344445964
6000000075344449999
6000000075344450872
6000000075344469877
6000000075344470859
6000000075344473995
6000000075344483890
6000000075344490914
6000000075344491853
6000000075344496926
6000000075344498859
6000000075344501867
6000000075344503880
6000000075344512844
6000000075344518839
6000000075344522834
6000000075344523856
6000000075344525893
6000000075344527946
6000000075344530876
6000000075344532872
6000000075344536930
6000000075344541843
6000000075344542571
6000000075344544858
6000000075344549896
6000000075344551860
6000000075344562892
6000000075344563884
6000000075344580898
6000000075344581827
6000000075344589505
6000000075344590525
6000000075344595909
6000000075344595913
6000000075344605821
6000000075344611821
6000000075344611864
6000000075344612821
6000000075344614920
6000000075344615821
6000000075344620821
6000000075344631829
6000000075344633929
6000000075344640850
6000000075344642853
6000000075344644378
6000000075344644534
6000000075344646836
6000000075344656872
6000000075344656979
6000000075344660828
6000000075344660870
6000000075344672919
6000000075344676046
6000000075344685229
6000000075344692833
6000000075344701821
6000000075344702854
6000000075344705411
6000000075344705481
6000000075344705821
6000000075344716821
6000000075344719952
6000000075344726247
6000000075344728213
6000000075344731833
6000000075344734320
6000000075344746843
6000000075344753859
6000000075344792827
6000000075344794174
6000000075344795824
6000000075344818978
6000000075344822957
6000000075344836846
6000000075344840849
6000000075344841830
6000000075344842855
6000000075344847854
6000000075344856338
6000000075344883836
6000000075344891369
6000000075344891378
6000000075344919904
6000000075344928083
6000000075344929163
6000000075344934191
6000000075344944252
6000000075344954894
6000000075344974297
6000000075344975099
6000000075344975104
6000000075345017012
6000000075345023337
6000000075345042336
6000000075345042347
6000000075345117034
6000000075345117070
6000000075345159250
6000000075345159307
6000000075345159580
6000000075345180056
6000000075345188024
6000000075345194061
6000000075345233107
6000000075345244003
6000000075345244008
6000000075345244012
6000000075345244049
6000000075345253992
6000000075345282998
6000000075345303046
6000000075345303133
6000000075345311987
6000000075345314030
6000000075345315975
6000000075345329154
6000000075345333990
6000000075345357053
6000000075345366075
6000000075345376043
6000000075345381974
6000000075345387023
6000000075345393056
6000000075345408976
6000000075345434924
6000000075345434937
6000000075345443019
6000000075345443986
6000000075345444996
6000000075345460898
6000000075345464062
6000000075345466000
6000000075345468910
6000000075345468914
6000000075345472997
6000000075345473089
6000000075345475960
6000000075345483050
6000000075345494967
6000000075345496031
6000000075345500917
6000000075345500922
6000000075345503073
6000000075345505881
6000000075345517929
6000000075345518044
6000000075345518082
6000000075345543984
6000000075345554981
6000000075345564940
6000000075345568128
6000000075345575907
6000000075345585966
6000000075345590864
6000000075345590918
6000000075345601886
6000000075345603378
6000000075345609947
6000000075345630895
6000000075345637865
6000000075345655951
6000000075345659886
6000000075345659914
6000000075345661875
6000000075345662004
6000000075345669829
6000000075345674874
6000000075345679002
6000000075345687037
6000000075345697821
6000000075345697850
6000000075345697855
6000000075345704923
6000000075345705975
6000000075345714902
6000000075345714942
6000000075345717834
6000000075345717886
6000000075345717923
6000000075345719842
6000000075345723003
6000000075345732856
6000000075345732947
6000000075345733004
6000000075345736358
6000000075345739875
6000000075345741845
6000000075345741885
6000000075345751834
6000000075345753848
6000000075345755874
6000000075345755879
6000000075345762862
6000000075345768838
6000000075345768856
6000000075345769950
6000000075345775849
6000000075345775956
6000000075345780835
6000000075345781870
6000000075345782844
6000000075345788905
6000000075345790923
6000000075345794881
6000000075345795901
6000000075345797920
6000000075345800821
6000000075345803821
6000000075345803952
6000000075345808902
6000000075345820934
6000000075345827830
6000000075345831829
6000000075345837882
6000000075345838835
6000000075345842830
6000000075345846900
6000000075345850886
6000000075345855846
6000000075345856924
6000000075345859821
6000000075345871853
6000000075345872833
6000000075345882889
6000000075345897881
6000000075345899828
6000000075345901829
6000000075345902821
6000000075345902849
6000000075345904868
6000000075345909894
6000000075345910875
6000000075345922844
6000000075345928846
6000000075345928851
6000000075345937839
6000000075345938873
6000000075345946832
6000000075345946845
6000000075345957858
6000000075345961862
6000000075345964864
6000000075345969823
6000000075345979116
6000000075345986826
6000000075345990825
6000000075345996824
6000000075346009821
6000000075346010848
6000000075346030829
6000000075346035821
6000000075346043821
6000000075346055823
6000000075346098144
6000000075346147076
6000000075346165085
6000000075346171106
6000000075346358945
6000000075346685850
6000000075366607927
6000000075367625899
6000000075368185856
6000000075368276884
6000000075368456903
6000000075368544908
6000000075368670891
6000000075368679844
6000000075368734840
6000000075368766869
6000000075368771850
6000000075368791825
6000000075368814825
6000000075368895825
6000000075368910833
6000000075368912835
6000000075368983828
6000000075368995821
6000000075369011855
6000000075369021833
6000000075369034835
6000000075369048849
6000000075369058843
6000000075369082844
6000000075369085821
6000000075369121828
6000000075369130847
6000000075369145830
6000000075369155821
6000000075369170834
6000000075369180839
6000000075369187834
6000000075369194821
6000000075369217837
6000000075369239832
6000000075369283821
6000000075369283849
6000000075369332871
6000000075369437822
6000000075369481821
6000000075369566825
6000000075369627821
6000000075369627825
6000000075370939251
6000000075371213848
6000000075371847875
6000000075371911833
6000000075371930823
6000000075372030827
6000000075372100859
6000000075372110824
6000000075372317848
6000000075372348904
6000000075372354824
6000000075372403837
6000000075372404880
6000000075372419902
6000000075372426831
6000000075372440832
6000000075372508837
6000000075372508841
6000000075372719846
6000000075372774837
6000000075372779838
6000000075372791830
6000000075372814829
6000000075372853857
6000000075372856822
6000000075372858824
6000000075372904834
6000000075372911821
6000000075372932827
6000000075372948839
6000000075372992833
6000000075372999827
6000000075373007830
6000000075373029821
6000000075373061834
6000000075373070821
6000000075373083822
6000000075373092831
6000000075373109835
6000000075373124830
6000000075373136833
6000000075373145824
6000000075373157840
6000000075373176823
6000000075373215821
6000000075379936839
6000000075379939833
6000000075380104821
6000000075380121821
6000000075380141821
6000000075380234822
6000000075380266835
6000000075380271822
6000000075380371823
6000000075380407821
6000000075380421821
6000000075398411532
6000000075398424742
6000000075398486752
6000000075398631418
6000000075398656530
6000000075398798363
6000000075398829237
6000000075398856333
6000000075398864959
6000000075398901204
6000000075398911407
6000000075398973966
6000000075399054208
6000000075399054225
6000000075399054258
6000000075399055150
6000000075399098156
6000000075399110163
6000000075399242101
6000000075399303982
6000000075399319968
6000000075399372934
6000000075399384959
6000000075399384965
6000000075399387939
6000000075399392948
6000000075399402975
6000000075399411916
6000000075399421858
6000000075399446896
6000000075399456915
6000000075399477893
6000000075399498967
6000000075399507885
6000000075399513875
6000000075399519872
6000000075399528861
6000000075399536836
6000000075399547842
6000000075399549828
6000000075399562852
6000000075399565888
6000000075399571843
6000000075399578884
6000000075399581835
6000000075399592862
6000000075399608824
6000000075399612848
6000000075399674840
6000000075399704829
6000000075399705888
6000000075399721844
6000000075399745879
6000000075399746933
6000000075399796821
6000000075399820879
6000000075399927865
6000000075400071678
6000000075400204590
6000000075400223657
6000000075400373461
6000000075400687267
6000000075400740459
6000000075400841241
6000000075400925156
6000000075400993093
6000000075401153106
6000000075401153267
6000000075401153553
6000000075401159008
6000000075401168065
6000000075401170033
6000000075401211344
6000000075401228991
6000000075401230155
6000000075401231921
6000000075401261513
6000000075401275947
6000000075401285359
6000000075401290888
6000000075401300940
6000000075401349929
6000000075401361289
6000000075401366174
6000000075401385881
6000000075401410289
6000000075401413859
6000000075401430880
6000000075401436323
6000000075401452956
6000000075401466887
6000000075401482026
6000000075401487837
6000000075401491872
6000000075401584059
6000000075401630249
6000000075401630301
6000000075401631207
6000000075401648247
6000000075401666893
6000000075401671111
6000000075401705047
6000000075401711077
6000000075401783868
6000000075401794854
6000000075401864002
6000000075401876970
6000000075401897224
6000000075401937068
6000000075401943064
6000000075401949079
6000000075401953861
6000000075401967040
6000000075401975100
6000000075401977130
6000000075401996914
6000000075402028995
6000000075402040953
6000000075402094983
6000000075402115882
6000000075402128905
6000000075402155483
6000000075402160959
6000000075402165892
6000000075402171116
6000000075402173906
6000000075402190951
6000000075402203904
6000000075402205925
6000000075402210857
6000000075402226877
6000000075402249932
6000000075402256340
6000000075402256945
6000000075402276918
6000000075402288237
6000000075402305863
6000000075402313869
6000000075402328883
6000000075402353837
6000000075402353871
6000000075402356889
6000000075402358881
6000000075402371838
6000000075402380822
6000000075402380899
6000000075402387848
6000000075402387883
6000000075402397841
6000000075402422859
6000000075402445597
6000000075402470824
6000000075402584298
6000000075402666308
6000000075402666371
6000000075402688496
6000000075402700480
6000000075402713867
6000000075402716888
6000000075402735352
6000000075402739209
6000000075402743390
6000000075403011147
6000000075403029050
6000000075403033085
6000000075403068064
6000000075403068126
6000000075403088951
6000000075403090218
6000000075403095135
6000000075403097077
6000000075403109092
6000000075403117094
6000000075403165005
6000000075403165028
6000000075403213965
6000000075403213981
6000000075403216012
6000000075403216134
6000000075403217140
6000000075403222926
6000000075403226044
6000000075403227046
6000000075403231137
6000000075403231233
6000000075403239092
6000000075403244126
6000000075403257241
6000000075403258081
6000000075403259901
6000000075403263180
6000000075403264917
6000000075403265033
6000000075403273233
6000000075403275947
6000000075403276045
6000000075403279967
6000000075403282003
6000000075403282956
6000000075403284996
6000000075403312058
6000000075403330023
6000000075403331971
6000000075403335147
6000000075403336998
6000000075403345953
6000000075403345959
6000000075403347087
6000000075403350870
6000000075403361920
6000000075403362000
6000000075403366909
6000000075403375906
6000000075403377923
6000000075403406889
6000000075403421952
6000000075403427880
6000000075403436015
6000000075403442046
6000000075403460961
6000000075403463945
6000000075403464884
6000000075403465864
6000000075403467080
6000000075403470987
6000000075403475938
6000000075403492951
6000000075403493004
6000000075403493020
6000000075403495981
6000000075403497873
6000000075403499957
6000000075403501884
6000000075403501897
6000000075403507827
6000000075403509012
6000000075403514960
6000000075403516979
6000000075403517851
6000000075403537830
6000000075403542824
6000000075403543844
6000000075403554892
6000000075403561957
6000000075403565821
6000000075403565866
6000000075403568864
6000000075403577863
6000000075403586924
6000000075403586958
6000000075403592821
6000000075403607893
6000000075403614915
6000000075403619871
6000000075403630847
6000000075403636923
6000000075403645880
6000000075403657857
6000000075403661821
6000000075403673866
6000000075403674307
6000000075403675906
6000000075403677851
6000000075403686862
6000000075403688859
6000000075403689821
6000000075403694892
6000000075403698920
6000000075403716909
6000000075403718887
6000000075403723856
6000000075403733891
6000000075403737870
6000000075403739851
6000000075403739868
6000000075403755840
6000000075403756834
6000000075403769821
6000000075403787821
6000000075403788822
6000000075403791856
6000000075403792822
6000000075403794824
6000000075403796830
6000000075403815839
6000000075403824224
6000000075403868821
6000000075403873821
6000000075404082066
6000000075404133121
6000000075404200059
6000000075404227039
6000000075404446949
6000000075404553865
6000000075404617830
6000000075405016473
6000000075405217823
6000000075405767118
6000000075405961063
6000000075406010047
6000000075406015020
6000000075406093978
6000000075406144956
6000000075406227916
6000000075406262867
6000000075406362887
6000000075406366849
6000000075406368850
6000000075406377835
6000000075406386862
6000000075419363203
6000000075419742916
6000000075419891847
6000000075576905295
6000000075648593832
6000000075649404033
6000000075649833852
6000000075649919910
6000000075651550146
6000000075964165166
6000000075964786915
6000000075964911826
6000000076033871839
6000000076325721544
6000000076326591986
6000000076326668898
6000000076326835845
6000000076391819222
6000000076392014269
6000000076392169968
6000000076392350971
6000000076392416951
6000000076392432942
6000000076392573847
6000000076392595821
6000000076392767017
6000000076392912887
6000000076446822499
6000000076447588039
6000000076447798872
6000000076447912906
6000000076475121913
6000000076475302912
6000000076475374844
6000000076477098967
6000000076477372903
6000000076477808822
6000000076482646901
6000000076482676600
6000000076483285110
6000000076483483045
6000000076483751909
6000000076483841834
6000000076500802381
6000000076501241231
6000000076501450077
6000000076501538073
6000000076501579963
6000000076501593869
6000000076501666000
6000000076501679228
6000000076501729914
6000000076501741944
6000000076501792833
6000000076501813887
6000000076501821873
6000000076501863823
6000000076501908821
6000000076501924831
6000000076502007352
6000000076502332013
6000000076502363240
6000000076502408012
6000000076502582821
6000000076502586152
6000000076502670151
6000000076502717925
6000000076502767043
6000000076502771874
6000000076502800850
6000000076502802004
6000000076502880844
6000000076502903882
6000000076503114926
6000000076503280879
6000000076503344821
6000000076503950125
6000000076503966113
6000000076504079225
6000000076504125179
6000000076504134064
6000000076504161147
6000000076504167191
6000000076504260090
6000000076504281320
6000000076504281400
6000000076504337828
6000000076504361875
6000000076504446895
6000000076504541822
6000000076504603862
6000000076504633918
6000000076504717823
6000000076504722057
6000000076504724241
6000000076504797836
6000000076504808238
6000000076504821822
6000000076504880034
6000000076505052900
6000000076505108916
6000000076505115145
6000000076505152828
6000000076505154887
6000000076505189053
6000000076505216992
6000000076505232112
6000000076505282964
6000000076505298932
6000000076505408910
6000000076505422827
6000000076505468906
6000000076505581833
6000000076505654874
6000000076505709858
6000000076542305495
6000000076543065594
6000000076544631152
6000000076544659259
6000000076544725990
6000000076544731023
6000000076544731058
6000000076544850010
6000000076544872946
6000000076544953831
6000000076544971932
6000000076544989921
6000000076544992862
6000000076545062844
6000000076545246916
6000000076545332841
6000000076545460946
6000000076545665851
6000000076565348272
6000000076565413137
6000000076565506155
6000000076609005862
6000000076610572869
6000000076726584605
6000000076726782703
6000000076727727275
6000000076728878275
6000000076729065111
6000000076729973968
6000000076731409887
6000000076747744040
6000000076771190934
6000000076771445369
6000000076790163962
6000000076802922541
6000000076803679200
6000000076803839084
6000000076803891167
6000000076920600463
6000000076940040657
6000000076940088292
6000000076940134809
6000000076940210354
6000000076940273717
6000000076940610034
6000000076940731233
6000000076940929821
6000000076941080090
6000000076941083016
6000000076941102895
6000000076941216872
6000000076941272872
6000000076941277843
6000000076941288844
6000000076941314822
6000000076956725013
6000000076964038586
6000000076964079746
6000000076964387427
6000000076964938569
6000000076965105181
6000000076971495448
6000000076972065607
6000000076972134597
6000000076972137557
6000000076972273519
6000000076972401907
6000000076972574262
6000000076972759029
6000000076972801126
6000000076972827116
6000000076972970941
6000000076973234876
6000000077060595824
6000000077077941571
6000000077281979242
6000000077321586138
6000000077321997172
6000000077339523540
6000000077339681753
6000000077339695770
6000000077340023388
6000000077340160272
6000000077340205372
6000000077340210338
6000000077340234325
6000000077340244094
6000000077340324304
6000000077340327116
6000000077340329117
6000000077340350009
6000000077340418223
6000000077340441141
6000000077340446138
6000000077340454055
6000000077340532926
6000000077340547204
6000000077340611272
6000000077340618008
6000000077340650277
6000000077340667345
6000000077340703210
6000000077340710101
6000000077340728115
6000000077340744206
6000000077340757003
6000000077340805018
6000000077340809990
6000000077340810098
6000000077340830245
6000000077340849030
6000000077340924885
6000000077340930931
6000000077340938822
6000000077340939055
6000000077340947077
6000000077340957996
6000000077340974829
6000000077340975074
6000000077340977990
6000000077340982045
6000000077341004939
6000000077341097903
6000000077341130906
6000000077341151950
6000000077341155907
6000000077341228933
6000000077341238821
6000000077341239903
6000000077341316856
6000000077344854725
6000000077349714151
6000000077350302171
6000000077350599873
6000000077350732953
6000000077350742953
6000000077350810870
6000000077351072829
6000000077351127844
6000000077351195845
6000000077351223842
6000000077351243848
6000000077351393833
6000000077351401845
6000000077351523872
6000000077351653840
6000000077351698840
6000000077351731833
6000000077351922018
6000000077352135877
6000000077352142821
6000000077352158863
6000000077352405821
6000000077352908830
6000000077353027834
6000000077353176834
6000000077353192871
6000000077353281821
6000000077353400859
6000000077353416843
6000000077353494874
6000000077353506889
6000000077353507823
6000000077353578821
6000000077353817832
6000000077354320829
6000000077354385843
6000000077354838822
6000000077354940840
6000000077354966835
6000000077358927822
6000000077359438839
6000000077360198821
6000000077374215461
6000000077436808691
6000000077436877777
6000000077437447220
6000000077437664941
6000000077437832855
6000000077438479815
6000000077438550725
6000000077439506189
6000000077439548271
6000000077439592145
6000000077439953894
6000000077440021918
6000000077440053830
6000000077440130924
6000000077440232821
6000000077440242840
6000000077440254841
6000000077582749984
6000000077628862979
6000000077640435177
6000000077913954737
6000000077925829986
6000000077925983878
6000000077943588363
6000000077988878561
6000000077989201075
6000000078085567897
6000000078355133670
6000000078356092058
6000000078356304985
6000000078356511855
6000000078356583873
6000000078371721068
6000000078371865930
6000000078372302161
6000000078588323907
6000000078626325539
6000000078626479108
6000000078628608058
6000000078853081179
6000000078887429899
6000000078922829059
6000000078922891888
6000000078922958892
6000000078996660332
6000000078997732543
6000000078998330059
6000000078998376115
6000000078998434995
6000000078998538956
6000000079035530982
6000000079043158423
6000000079240833725
6000000079249964080
6000000079249964092
6000000079249964097
6000000079262185168
6000000079404196017
6000000079404638377
6000000079406697961
6000000079406805984
6000000079460335690
6000000079460941770
6000000079461791003
6000000079463122787
6000000079573966982
6000000079654004796
6000000079655554054
6000000079655655979
6000000079835260018
6000000079835582051
6000000079858523447
6000000079859870086
6000000079860547118
6000000079860650952
6000000079904955854
6000000079937093417
6000000079937125168
6000000079937181145
6000000079937244064
6000000079937535930
6000000079938265069
6000000080090756199
6000000080090802300
6000000080091092983
6000000080091248853
6000000080091249838
6000000080091272821
6000000080092235995
6000000080092261900
6000000080092299152
6000000080092308974
6000000080098855801
6000000080099382427
6000000080099605179
6000000080099672251
6000000080100247157
6000000080100320018
6000000080100531851
6000000080115568852
6000000080594055782
6000000080614767322
6000000080626062013
6000000080626853973
6000000080626855861
6000000080626885872
6000000080626943926
6000000080626964997
6000000080627171875
6000000080860423882
6000000080860435910
6000000080860582000
6000000080860716945
6000000080868407424
6000000080869111947
6000000080869137945
6000000080878802257
6000000080901863159
6000000080987788015
6000000081003297286
6000000081003741106
6000000081037235556
6000000081038475934
6000000081038576948
6000000081038681839
6000000081065217082
6000000081091033842
6000000081230117852
6000000081295779668
6000000081404431945
6000000081429551237
6000000081430052993
6000000081430647124
6000000081433809712
6000000081433950445
6000000081434060130
6000000081434125288
6000000081434157255
6000000081434271981
6000000081434282389
6000000081434397105
6000000081434416163
6000000081434450047
6000000081434575023
6000000081434588200
6000000081434613992
6000000081434875868
6000000081437602930
6000000081455770821
6000000081460731980
6000000081467695870
6000000081483722028
6000000081489302493
6000000081518735840
6000000081518810920
6000000081548551465
6000000081725940830
6000000081757251983
6000000081772830005
6000000082311627076
6000000082312626877
6000000082312708841
6000000082391526621
6000000082391750007
6000000082391839409
6000000082391987265
6000000082392178481
6000000082392583382
6000000082392949962
6000000082393254828
6000000082393380936
6000000082393924030
6000000082394221859
6000000082399926074
6000000082400829821
6000000082407284732
6000000082510422183
6000000082510561048
6000000082510879891
6000000082512387164
6000000082512904821
6000000082515336793
6000000082516693001
6000000082516840966
6000000082516906857
6000000082516916937
6000000082517016878
6000000082531931966
6000000082549917179
6000000082550362152
6000000082550851882
6000000082560918183
6000000082640469085
6000000082649065639
6000000082650887994
6000000082650898016
6000000082651361892
6000000082651440870
6000000082655662038
6000000082655662043
6000000082656924243
6000000082673803631
6000000082673881796
6000000082674619488
6000000082674622669
6000000082674875195
6000000082674953142
6000000082674980223
6000000082675083275
6000000082675101062
6000000082675456862
6000000082675558880
6000000082675645962
6000000082675699921
6000000082675797885
6000000082678379576
6000000082679978238
6000000082734591200
6000000082735538396
6000000082735727348
6000000082735777242
6000000082735795392
6000000082736280490
6000000082736488373
6000000082736505821
6000000082746012972
6000000082781100966
6000000082782183552
6000000082782865132
6000000082783421868
6000000082783437897
6000000082874482354
6000000082874563589
6000000082874576335
6000000082874707064
6000000082874725089
6000000082874830965
6000000082889801142
6000000082890338838
6000000083052996896
6000000083063599130
6000000083063742023
6000000083064396261
6000000083079943994
6000000083237147018
6000000083257626937
6000000083257663144
6000000083286119862
6000000083568611957
6000000083570078858
6000000083570379034
6000000083571120363
6000000083571317108
6000000083572584172
6000000083672387356
6000000083687163483
6000000083777092103
6000000083784523085
6000000083834921453
6000000083875740382
6000000083876146081
6000000083876575902
6000000084161544054
6000000084279255546
6000000084406415538
6000000084406892142
6000000084407072066
6000000084407176946
6000000084407289920
6000000084407432821
6000000084407434847
6000000084407505871
6000000084485069222
6000000084510245128
6000000084526012162
6000000084526476851
6000000084641397173
6000000084641453275
6000000084641632044
6000000084641807038
6000000084641934874
6000000084698865296
6000000084699246869
6000000084699664562
6000000084702488004
6000000084702488009
6000000084702488013
6000000084724649420
6000000084903905825
6000000085006547923
6000000085006698889
6000000085006898866
6000000085143473995
6000000085244783361
6000000085248020954
6000000085248167933
6000000085248377966
6000000085248426905
6000000085280935864
6000000085368057862
6000000085691045828
6000000086023273944
6000000086152442915
6000000086253607060
6000000086254065972
6000000086254356967
6000000086254373949
6000000086254589937
6000000086254694896
6000000086254711876
6000000086254725913
6000000086254859932
6000000086254956902
6000000086255091883
6000000086255258833
6000000086347311992
6000000086347311996
6000000086368477909
6000000086379486832
6000000086410346829
6000000086626294852
6000000086728819075
6000000086729687883
6000000086730551848
6000000086734024221
6000000086875286678
6000000087108373895
6000000087109005485
6000000087118779004
6000000087119121867
6000000087172080218
6000000087198016910
6000000087288178992
6000000087288368869
6000000087288674852
6000000087288715856
6000000087289017839
6000000087289212868
6000000087399955847
6000000087428640012
6000000087429856840
6000000087446308917
6000000087565771848
6000000087581370926
6000000087581738872
6000000087581758904
6000000087581986869
6000000087582265821
6000000087582382875
6000000087582707853
6000000087582755887
6000000087590126199
6000000087892643928
6000000087999824710
6000000088003233843
6000000088008815851
6000000088008937926
6000000088009107874
6000000088011374836
6000000088074753966
6000000088085768081
6000000088086035993
6000000088094775040
6000000088098972821
6000000088178117866
6000000088181665285
6000000088182904091
6000000088183517885
6000000088183671879
6000000088183735885
6000000088183738879
6000000088183880825
6000000088183967834
6000000088184466871
6000000088184818826
6000000088208903838
6000000088303584039
6000000088327160021
6000000088327174825
6000000088395164920
6000000088455622821
6000000088507719849
6000000088509981856
6000000088520949850
6000000088686554862
6000000088722125333
6000000088728828822
6000000089124722303
6000000089124722307
6000000089124722311
6000000089126013062
6000000089126013067
6000000089126013071
6000000089126013075
6000000089126013079
6000000089126509864
6000000089126509868
6000000089126707847
6000000089172746821
6000000089210774012
6000000089238941067
6000000089244102976
6000000089293111961
6000000089293644854
6000000089293774854
6000000089318626826
6000000089322123251
6000000089322337232
6000000089329286941
6000000089585206965
6000000089585206971
6000000089585206974
6000000089735450869
6000000090098820821
6000000090100227939
6000000090101169187
6000000090102310045
6000000090102310052
6000000090102441925
6000000090102744048
6000000090102912857
6000000090103013929
6000000090103022831
6000000090103221821
6000000090103378835
6000000090103666876
6000000090103879849
6000000090104803900
6000000090106416923
6000000090158596946
6000000090159235945
6000000090159766019
6000000090160089064
6000000090160159821
6000000090160502019
6000000090160522925
6000000090160706893
6000000090160973869
6000000090161029845
6000000090161276897
6000000090161387844
6000000090162172971
6000000090162520878
6000000090162711916
6000000090162751823
6000000090163300845
6000000090164241947
6000000090164246012
6000000090164910889
6000000090165016992
6000000090165875035
6000000090166399869
6000000090166515821
6000000090166515825
6000000090166558821
6000000090168085936
6000000090170149043
6000000090170558885
6000000090170766860
6000000090170973823
6000000090171434884
6000000090171506879
6000000090171510893
6000000090171624882
6000000090171652844
6000000090177212086
6000000090177864015
6000000090178797831
6000000090178998869
6000000090179065888
6000000090179088893
6000000090179472833
6000000090179530821
6000000090179651889
6000000090180031852
6000000090180159849
6000000090180245826
6000000090180334829
6000000090180415828
6000000090180533845
6000000090180602876
6000000090233627355
6000000090277087168
6000000090277123120
6000000090278185847
6000000090278327872
6000000090278552821
6000000090280715693
6000000090281196575
6000000090281442287
6000000090282096115
6000000090282341082
6000000090282341173
6000000090282374073
6000000090282374125
6000000090282521160
6000000090282757961
6000000090282934948
6000000090283042868
6000000090283287959
6000000090283297923
6000000090283388833
6000000090283397936
6000000090283791858
6000000090327571847
6000000090327596100
6000000090327662875
6000000090327889827
6000000090327889831
6000000090327889835
6000000090327889839
6000000090327889843
6000000090327949007
6000000090335852257
6000000090337621415
6000000090338232811
6000000090338607841
6000000090338663969
6000000090338697048
6000000090338697056
6000000090338697060
6000000090338697064
6000000090338697068
6000000090338880384
6000000090338910856
6000000090339755470
6000000090340700057
6000000090340876159
6000000090341074912
6000000090341202860
6000000090341531940
6000000090341554845
6000000090341619945
6000000090341662965
6000000090341691893
6000000090341691897
6000000090341691901
6000000090341691905
6000000090341735855
6000000090341735859
6000000090341735868
6000000090341735872
6000000090341735876
6000000090342030856
6000000090342092858
6000000090342827885
6000000090370095530
6000000090371544037
6000000090372005026
6000000090372111891
6000000090372326872
6000000090372574959
6000000090464500902
6000000090694796834
6000000090926572864
6000000091125740057
6000000091126785829
6000000091128123216
6000000091128691178
6000000091128802061
6000000091129153130
6000000091129154865
6000000091129422881
6000000091130724268
6000000091131935035
6000000091132156227
6000000091154662940
6000000091154833865
6000000091154895866
6000000091155023840
6000000091207751917
6000000091209778366
6000000091209876167
6000000091210238630
6000000091210271152
6000000091210276931
6000000091210450941
6000000091210521222
6000000091210868009
6000000091210999929
6000000091211133895
6000000091211182846
6000000091211253844
6000000091211762201
6000000091211884025
6000000091211908098
6000000091211938243
6000000091211939307
6000000091212012969
6000000091212012973
6000000091212012977
6000000091212079122
6000000091212159886
6000000091212183996
6000000091212201070
6000000091212201074
6000000091212201078
6000000091212201082
6000000091212201086
6000000091212201090
6000000091212230136
6000000091212265919
6000000091212370902
6000000091212500846
6000000091212626926
6000000091213495828
6000000091715813458
6000000091717268961
6000000091717520876
6000000091766195645
6000000091768649887
6000000091781775294
6000000091782148236
6000000091782562174
6000000091783167982
6000000091783366888
6000000092149231052
6000000092149925913
6000000092150204937
6000000092150620875
6000000092258480282
6000000092810281003
6000000092837014862
6000000092837014866
6000000092837156858
6000000092837156861
6000000092922557860
6000000092922621848
6000000093322192826
6000000093339224171
6000000093435768211
6000000093435781093
6000000093436367114
6000000093436562186
6000000093437696978
6000000093438031838
6000000093438031848
6000000093438031853
6000000093438031858
6000000093438031863
6000000093438219855
6000000093438235007
6000000093438695826
6000000093439147896
6000000093441141017
6000000093441463966
6000000093441816833
6000000093442124005
6000000093442186849
6000000093442269939
6000000093442269944
6000000093442269949
6000000093442269954
6000000093442333890
6000000093442524848
6000000093901454080
6000000093902684027
6000000093902869062
6000000093902878062
6000000093903934872
6000000093904171833
6000000093904208846
6000000093904247825
6000000093912187027
6000000093913515821
6000000093913515829
6000000093913515833
6000000093913819868
6000000093913819872
6000000093913819876
6000000093913819880
6000000093913961998
6000000093913962002
6000000093913962006
6000000093914139204
6000000093914356851
6000000093914648962
6000000093914768843
6000000093914768847
6000000093914887853
6000000093973246938
6000000093973246942
6000000093973246946
6000000093973246950
6000000093973742261
6000000093973759847
6000000093974725134
6000000093974847220
6000000093974873058
6000000093974889051
6000000093975032077
6000000093975265095
6000000093975656946
6000000093975952975
6000000093975952979
6000000093976062824
6000000093976104824
6000000093976135885
6000000093976147860
6000000093976183964
6000000093976204821
6000000093976332944
6000000093976729854
6000000093976743891
6000000093976815835
6000000094025555149
6000000094025849971
6000000094025990904
6000000094062809885
6000000094314539014
6000000094449483329
6000000094450674809
6000000094452167972
6000000094452167977
6000000094452167982
6000000094452167987
6000000094453837341
6000000094453837345
6000000094455252129
6000000094455425070
6000000094455568109
6000000094455568113
6000000094455568117
6000000094455568121
6000000094455568125
6000000094455568133
6000000094455652129
6000000094455664078
6000000094455722903
6000000094455843887
6000000094456098026
6000000094456199912
6000000094456468933
6000000094456724192
6000000094456801917
6000000094456988953
6000000094456988957
6000000094457216881
6000000094457513971
6000000094457798918
6000000094458097830
6000000094458097834
6000000094458235954
6000000094458452833
6000000094458750821
6000000094459818860
6000000094464333026
6000000094464514077
6000000094465374845
6000000094465374850
6000000094465374855
6000000094465374860
6000000094465374865
6000000094465462849
6000000094481480839
6000000094611828085
6000000094612459171
6000000094612762092
6000000094612908260
6000000094613504989
6000000094613788099
6000000094614281927
6000000094614566015
6000000094614688891
6000000094614824885
6000000094614956854
6000000094615020089
6000000094615511104
6000000094615631884
6000000094615774021
6000000094616068874
6000000094616075944
6000000094616221967
6000000094616236877
6000000094616286873
6000000094616357980
6000000094616427889
6000000094616494899
6000000094616679936
6000000094616881870
6000000094616933828
6000000094617097822
6000000094623730015
6000000094623957973
6000000094624171962
6000000094624192858
6000000094624278958
6000000094624336980
6000000094624363991
6000000094624363996
6000000094624376023
6000000094624528926
6000000094624681905
6000000094624705921
6000000094624733903
6000000094624744870
6000000094624762225
6000000094624819957
6000000094624851849
6000000094625153866
6000000094630274935
6000000094632745152
6000000094635302898
6000000094764248236
6000000094765138997
6000000094766493838
6000000094766541839
6000000094766654864
6000000094766654868
6000000094766654872
6000000094766654876
6000000094766654880
6000000094766690919
6000000094766690923
6000000094766690927
6000000094766690931
6000000094766690935
6000000094766690939
6000000094766690943
6000000094766780835
6000000094767038823
6000000094767634013
6000000094767724966
6000000094767724970
6000000094767724974
6000000094767724978
6000000094767724982
6000000094767724986
6000000094767724990
6000000094767724994
6000000094767737852
6000000094767737856
6000000094767737870
6000000094767737878
6000000094767799068
6000000094767882872
6000000094768040821
6000000094768040825
6000000094768040829
6000000094768040833
6000000094768040837
6000000094768040841
6000000094768040845
6000000094768040849
6000000094768040853
6000000094768112829
6000000094768206383
6000000094768351061
6000000094768374358
6000000094768716936
6000000094768738100
6000000094768771910
6000000094768962902
6000000094769047908
6000000094769202866
6000000094769209187
6000000094769418841
6000000094769442178
6000000094769602823
6000000094770766977
6000000094770769033
6000000094770977931
6000000094770977936
6000000094770977940
6000000094771057968
6000000094771221879
6000000094771296955
6000000094771448870
6000000094771975880
6000000094771992847
6000000094772036827
6000000094772113835
6000000094772319821
6000000094772497837
6000000094772567844
6000000094772583850
6000000094772643821
6000000094772918130
6000000094772918135
6000000094772918140
6000000094772918145
6000000094772918150
6000000094772934204
6000000094773759994
6000000094773863994
6000000094774226018
6000000094775218833
6000000094776352829
6000000094777377931
6000000094778356843
6000000094778356847
6000000094778356855
6000000094778356863
6000000094778461904
6000000094810557932
6000000094871610990
6000000094873472840
6000000094873476823
6000000094924631042
6000000094924729182
6000000094925430994
6000000094926061871
6000000094926172883
6000000094926332867
6000000094926468821
6000000094926556821
6000000095337501169
6000000095340696060
6000000095342605002
6000000095342725951
6000000095342729984
6000000095342801913
6000000095342852901
6000000095342864908
6000000095342864913
6000000095343016936
6000000095343044839
6000000095343136874
6000000095343194956
6000000095343263844
6000000095343430039
6000000095343496843
6000000095343989914
6000000095344169137
6000000095344169141
6000000095344169145
6000000095344169149
6000000095344393933
6000000095344498875
6000000095344556847
6000000095344945903
6000000095345037015
6000000095345475946
6000000095348831857
6000000095353911306
6000000095355568973
6000000095420023022
6000000095420337104
6000000095420999987
6000000095421330913
6000000095421625825
6000000095421625829
6000000095421834851
6000000095421964825
6000000095422353847
6000000095422561942
6000000095422779890
6000000095423121878
6000000095425724227
6000000095425938176
6000000095426380918
6000000095426888447
6000000095428558108
6000000095429406891
6000000095429497966
6000000095429598963
6000000095430332884
6000000095430395843
6000000095430502826
6000000095432251093
6000000095433183970
6000000095433294047
6000000095433866919
6000000095433896821
6000000095433911821
6000000095433941902
6000000095434419871
6000000095435092821
6000000095474992786
6000000095475241781
6000000095475533295
6000000095475533442
6000000095475779184
6000000095475781775
6000000095475943173
6000000095475974258
6000000095476025197
6000000095476116121
6000000095476172372
6000000095476298180
6000000095476322066
6000000095476350692
6000000095476363225
6000000095476589472
6000000095476602101
6000000095476615418
6000000095476664961
6000000095477069049
6000000095477181830
6000000095478142994
6000000095479994207
6000000095480197133
6000000095480675018
6000000095481525923
6000000095481744890
6000000095481801967
6000000095481809894
6000000095481858934
6000000095481872031
6000000095481954960
6000000095482050878
6000000095482085925
6000000095482122860
6000000095482155878
6000000095482217207
6000000095482228953
6000000095482263824
6000000095482556013
6000000095482582017
6000000095482767824
6000000095482769911
6000000095482775867
6000000095483092937
6000000095483338851
6000000095483366911
6000000095483959821
6000000095484539934
6000000095485793632
6000000095486591307
6000000095487414246
6000000095487480679
6000000095487499490
6000000095487668874
6000000095488082088
6000000095488233220
6000000095488298040
6000000095488446076
6000000095488466224
6000000095488539282
6000000095488638987
6000000095488639110
6000000095488640938
6000000095488735951
6000000095488845027
6000000095488845031
6000000095488845035
6000000095488957954
6000000095489058925
6000000095489108978
6000000095489114943
6000000095489320096
6000000095489321052
6000000095489417834
6000000095489448883
6000000095489472019
6000000095489688943
6000000095489728915
6000000095489808906
6000000095489832954
6000000095490083881
6000000095490271855
6000000095490391824
6000000095491380144
6000000095491695078
6000000095492337839
6000000095492400966
6000000095492592930
6000000095492730930
6000000095492738909
6000000095493086861
6000000095493128169
6000000095493160853
6000000095493187842
6000000095493191821
6000000095493299154
6000000095493305821
6000000095493793970
6000000095493853924
6000000095493987865
6000000095494213821
6000000095494941821
6000000095515977821
6000000095516039821
6000000095630728383
6000000095631075344
6000000095631399356
6000000095631399569
6000000095632254346
6000000095632769318
6000000095633090144
6000000095633347322
6000000095633380365
6000000095633444340
6000000095633463221
6000000095633661202
6000000095633951093
6000000095633981999
6000000095634000987
6000000095634023954
6000000095634071032
6000000095634246852
6000000095634277988
6000000095634443945
6000000095634490081
6000000095634556136
6000000095634581920
6000000095634627942
6000000095634700071
6000000095634814899
6000000095634875942
6000000095634916885
6000000095635097121
6000000095635133004
6000000095635165006
6000000095635213836
6000000095654157993
6000000095654240071
6000000095655435918
6000000095655754821
6000000095655782867
6000000095655782876
6000000095655782880
6000000095655782884
6000000095656120872
6000000095656395896
6000000095656549822
6000000095656603824
6000000095656614822
6000000095656637876
6000000095656900855
6000000095656989827
6000000095691423142
6000000095691423146
6000000095691423150
6000000095691423154
6000000095691485340
6000000095691711084
6000000095692258057
6000000095692881061
6000000095692912106
6000000095693243868
6000000095693566055
6000000095693604007
6000000095693669270
6000000095693772833
6000000095693942839
6000000095694192821
6000000095694598203
6000000095694630839
6000000095695225241
6000000095695696030
6000000095695696035
6000000095696278047
6000000095696840942
6000000095696845960
6000000095697378821
6000000095697403869
6000000095697403875
6000000095697403880
6000000095697595821
6000000095697733852
6000000095697775821
6000000095697784823
6000000095697784828
6000000095697784833
6000000095697784838
6000000095697884829
6000000095697913988
6000000095697939829
6000000095698500137
6000000095698702117
6000000095699084873
6000000095699307147
6000000095699444948
6000000095699655907
6000000095699673869
6000000095699684951
6000000095704856959
6000000095707991880
6000000095708146821
6000000095873904011
6000000096369625007
6000000096370758883
6000000096378775105
6000000096381724869
6000000096381852128
6000000096382015846
6000000096946789821
6000000097036737202
6000000097192470887
6000000097193210827
6000000097598670962
6000000097607521841
6000000098066209821
6000000098258137483
6000000098511569079
6000000100281940872
6000000100282162905
6000000100846837937
6000000100847625854
6000000100890874863
6000000101283703242
6000000101548082821
6000000101638841176
6000000101639786874
6000000101639986910
6000000101640459826
6000000101640501821
6000000101823158842
6000000102182237966
6000000102182907821
6000000102520367846
6000000102534426031
6000000102535298902
6000000102535303861
6000000102535485841
6000000102535995821
6000000102568166350
6000000102569951222
6000000102570593821
6000000102570943097
6000000102571304910
6000000102571441037
6000000102572296891
6000000102573290842
6000000102844521821
6000000102844963833
6000000102903173821
6000000102905175841
6000000102905688839
6000000103007888445
6000000103008108368
6000000103292429845
6000000103293339857
6000000103293492821
6000000103347805821
6000000103427757879
6000000103721199856
6000000103721380065
6000000103722063865
6000000103722913837
6000000103723355824
6000000103734060207
6000000103736105835
6000000103736772823
6000000103737067846
6000000103737926981
6000000103738452855
6000000103738625980
6000000103739012963
6000000103739031888
6000000103739930016
6000000103740598388
6000000103740619254
6000000103746238396
6000000103746585269
6000000103747702337
6000000103747711245
6000000103748086236
6000000103748319134
6000000103748483942
6000000103748573990
6000000103748646866
6000000104040189860
6000000104514321946
6000000104579060425
6000000105104102821
6000000105389333835
6000000105734262857
6000000105741000029
6000000105801916868
6000000105865750938
6000000105865941935
6000000105866106885
6000000105866366845
6000000105866477847
6000000105866554872
6000000105951700316
6000000105955347035
6000000106179980962
6000000106203716844
6000000106219832090
6000000106426795857
6000000106621401823
6000000106623518836
6000000106638439116
6000000106645052291
6000000106645641104
6000000106647193858
6000000106647435831
6000000106706716980
6000000106706991907
6000000106707186823
6000000106707218851
6000000106707273821
6000000106707503011
6000000106707520991
6000000106707637899
6000000106707695922
6000000106708097833
6000000106898396991
6000000106899251829
6000000106899487826
6000000106927632901
6000000106927700886
6000000106928149048
6000000106928208963
6000000106991542996
6000000106992598885
6000000106992633838
6000000106992703848
6000000106992709864
6000000106992756858
6000000106992841877
6000000106992916860
6000000106993028878
6000000106993047895
6000000107033522318
6000000107034024040
6000000107034102889
6000000107034307281
6000000107034340894
6000000107034426948
6000000107034590936
6000000107034695847
6000000107034791845
6000000107035950955
6000000107036334050
6000000107036971984
6000000107037083922
6000000107037159945
6000000107037172225
6000000107037177110
6000000107037318935
6000000107037399241
6000000107037404099
6000000107037404887
6000000107037409024
6000000107037475930
6000000107037626022
6000000107037673853
6000000107037835051
6000000107037915955
6000000107037977974
6000000107038177907
6000000107038368844
6000000107038533994
6000000107038541821
6000000107038571821
6000000107038621821
6000000107038635041
6000000107038653821
6000000107038755826
6000000107038800829
6000000107038864839
6000000107039261866
6000000107039348843
6000000107039398858
6000000107055619992
6000000107480584838
6000000107549629875
6000000107549956078
6000000107550097026
6000000107550383933
6000000107550702090
6000000107550792879
6000000107552379899
6000000107552557832
6000000107730626961
6000000107755886822
6000000107757117864
6000000107757966902
6000000107758031833
6000000107758693827
6000000107765860897
6000000107766069946
6000000107766091906
6000000107766268927
6000000107843119825
6000000107895773827
6000000107895953821
6000000107917197827
6000000109090873936
6000000109091366826
6000000109280061908
6000000109327406061
6000000109660789886
6000000109874955879
6000000109875561049
6000000109884426859
6000000111052941838
6000000111085097119
6000000111607246830
6000000111823576989
6000000112054165188
6000000112295547857
6000000112295885890
6000000112296104832
6000000112446286821
6000000113319426886
6000000113324760984
6000000113325321861
6000000115296904972
6000000115297263919
6000000115297532845
6000000115297706845
6000000115297790823
6000000115311439955
6000000115311622874
6000000115312653996
6000000115313276887
6000000115420073925
6000000115602735865
6000000115602933839
6000000115603064871
6000000115603383821
6000000115604555821
6000000116364358870
6000000116373165891
6000000116505411003
6000000116509056848
6000000116512566825
6000000116515170849
6000000116524653843
6000000116533652892
6000000116664651934
6000000116732840026
6000000116733552110
6000000116734317887
6000000116734344865
6000000116734347857
6000000116734546838
6000000116734584828
6000000116754805083
6000000116755150142
6000000116755593114
6000000116755623999
6000000116755940041
6000000116755996962
6000000116756121936
6000000116756201917
6000000116756248913
6000000116756256018
6000000116756335929
6000000116756391968
6000000116756412840
6000000116756446949
6000000116756525881
6000000116756556868
6000000116756652944
6000000116759579867
6000000116760323889
6000000116760360183
6000000116760571861
6000000116760734821
6000000116760914897
6000000116760984125
6000000116761017874
6000000116761275873
6000000116761301875
6000000116761358897
6000000116761481966
6000000116761561854
6000000116761903866
6000000116761918870
6000000116762058848
6000000116762145830
6000000116762226952
6000000116762329838
6000000116762497831
6000000116762651830
6000000116762739829
6000000116762781849
6000000116770576057
6000000116770612983
6000000116770704832
6000000116770822940
6000000116770884870
6000000116771286882
6000000116771298108
6000000116771380981
6000000116771535861
6000000116771747892
6000000116771943055
6000000116772687828
6000000116863138214
6000000116863213204
6000000116863520996
6000000116863609904
6000000116864012825
6000000116864218921
6000000116864240939
6000000116864518829
6000000116865192992
6000000116865644886
6000000116865981896
6000000116867325964
6000000116867472937
6000000116867595849
6000000116867794832
6000000116868058881
6000000116868414080
6000000116868430821
6000000116868709877
6000000116869017868
6000000116869150832
6000000116869215842
6000000116869588964
6000000116869729960
6000000116870022897
6000000116871035966
6000000116871541893
6000000116871947912
6000000116872205851
6000000116872251845
6000000116872845887
6000000116876511836
6000000116876549869
6000000116876633935
6000000116876672844
6000000116876853860
6000000116876920848
6000000116877798919
6000000116878254929
6000000116878296828
6000000116878419847
6000000116878763003
6000000116879138004
6000000116879343874
6000000116879344902
6000000116879534916
6000000116913661691
6000000116914340409
6000000116914340450
6000000116915002168
6000000116915036467
6000000116915242260
6000000116915390454
6000000116915633428
6000000116915933146
6000000116916114055
6000000116917509360
6000000116917595197
6000000116917714827
6000000116917722834
6000000116918143245
6000000116918152913
6000000116918208956
6000000116918240897
6000000116918468042
6000000116918664894
6000000116918705832
6000000116918774868
6000000116918827942
6000000116918830881
6000000116925135124
6000000116926238921
6000000116945583231
6000000116945730145
6000000116945766045
6000000116946070215
6000000116946458162
6000000116946609852
6000000116946774229
6000000116946777821
6000000116946951881
6000000116947260054
6000000116947405821
6000000116948124941
6000000116948374010
6000000116948539868
6000000116948840931
6000000116948991873
6000000116949090828
6000000116949129842
6000000116950870868
6000000116951251836
6000000116954123843
6000000116954145866
6000000116954536853
6000000116954739821
6000000116955377050
6000000116956040938
6000000117127278082
6000000117127810916
6000000117127968862
6000000117128052841
6000000117128072821
6000000117128327998
6000000117128618841
6000000117131161122
6000000117131828821
6000000117132750970
6000000117133139007
6000000117133208890
6000000117133555911
6000000117133558975
6000000117133655836
6000000117133950995
6000000117134673844
6000000117134757851
6000000117135001887
6000000117137611837
6000000117137618837
6000000117231948854
6000000117248664821
6000000117257994837
6000000117265257821
6000000117269897821
6000000117274941821
6000000117281267821
6000000117286395821
6000000117293725829
6000000117302731821
6000000117305942835
6000000118207884821
6000000119737901013
6000000119739294821
6000000120398892833
6000000120597885955
6000000120619038244
6000000120650824898
6000000120897605038
6000000120897670918
6000000120898018824
6000000120898108995
6000000120898764884
6000000120898771951
6000000120899081879
6000000120899215114
6000000120899462948
6000000120900942834
6000000120901030824
6000000121026226130
6000000121026363893
6000000121533452821
6000000121548259821
6000000121548718832
6000000121556934986
6000000121557675886
6000000121557789919
6000000121801312821
6000000121824704297
6000000122455473995
6000000122455500926
6000000122455723825
6000000123674380918
6000000124085912871
6000000124086119897
6000000124086246840
6000000124086761832
6000000124087042889
6000000124204555878
6000000124242010872
6000000124245452833
6000000124301829143
6000000124303284822
6000000124585003821
6000000124586428821
6000000124586589822
6000000124587530821
6000000124587727833
6000000124826703821
6000000124994000843
6000000125044517850
6000000125047696129
6000000125048417919
6000000125048775899
6000000125048788851
6000000125048879915
6000000125048936927
6000000125049153881
6000000125049381842
6000000125049540826
6000000125049579821
6000000125200311839
6000000125243842862
6000000125421399854
6000000125620331884
6000000125873993826
6000000126008186461
6000000126012148940
6000000126013771886
6000000126019008860
6000000126055401346
6000000127075908303
6000000127076065255
6000000127076261261
6000000127076683089
6000000127076795033
6000000127076816976
6000000127076826061
6000000127076830035
6000000127077080844
6000000127077123008
6000000127077152092
6000000127077173083
6000000127077392966
6000000127077426981
6000000127077510889
6000000127077512980
6000000127077627939
6000000127077650964
6000000127077784934
6000000127077885901
6000000127077971901
6000000127077992869
6000000127078016931
6000000127078018877
6000000127078047905
6000000127078051110
6000000127078093917
6000000127078106836
6000000127078120964
6000000127078163853
6000000127078356885
6000000127078359860
6000000127078404821
6000000127078689823
6000000127078740984
6000000127078969880
6000000127079214075
6000000127079492860
6000000127079576884
6000000127079680896
6000000127079906019
6000000127080585910
6000000127080748874
6000000127080766829
6000000127080963861
6000000127082625858
6000000127083297828
6000000127566993897
6000000129562064388
6000000129563864890
6000000129563869938
6000000129563961883
6000000129564083851
6000000129564184835
6000000129572931912
6000000129573299873
6000000129573305922
6000000129573317887
6000000129573487833
6000000129573756904
6000000129573912099
6000000129573950864
6000000129574161822
6000000129575486906
6000000129575896873
6000000129576168855
6000000129578262007
6000000129579185855
6000000129658428870
6000000129658992826
6000000129658999830
6000000129802084916
6000000129803912821
6000000129825649824
6000000129826010830
6000000129826387824
6000000129826419821
6000000129826584821
6000000129826698838
6000000129828396956
6000000129828881821
6000000129830600837
6000000129831125830
6000000129886073855
6000000130086135976
6000000130086419035
6000000130090955881
6000000130091302910
6000000130091888870
6000000130189231265
6000000130189679205
6000000130189705991
6000000130190040147
6000000130190286989
6000000130190364088
6000000130190711905
6000000130190753822
6000000130190905913
6000000130190932131
6000000130190956919
6000000130190992881
6000000130191172850
6000000130191383847
6000000130191415893
6000000130191495876
6000000130191589821
6000000130191602822
6000000130191651883
6000000130191653088
6000000130191678854
6000000130191739835
6000000130191833833
6000000130192002822
6000000130192680821
6000000130195254232
6000000130196146014
6000000130196552911
6000000130196553845
6000000130196726846
6000000130196756987
6000000130196882830
6000000130196903848
6000000130197612115
6000000130198833870
6000000130198907873
6000000130199060923
6000000130199143882
6000000130199411824
6000000130199644849
6000000130199755821
6000000130199759899
6000000130199870904
6000000130209560993
6000000130210345924
6000000130210491947
6000000130211033869
6000000130211161851
6000000130211311831
6000000130211361859
6000000130218464974
6000000130218510891
6000000130218603861
6000000130218606853
6000000130219101832
6000000130219279050
6000000130219293020
6000000130219882845
6000000130220334965
6000000130220732873
6000000130220733897
6000000130220742868
6000000130220988859
6000000130221164864
6000000130235366847
6000000130235664833
6000000130236357971
6000000130310253012
6000000131431529821
6000000131468975893
6000000131674387159
6000000131988475132
6000000131988503129
6000000131988917989
6000000131988947018
6000000131989030008
6000000131989167967
6000000131989307900
6000000131989467031
6000000131989499939
6000000131989644011
6000000132303530821
6000000132304600095
6000000132308754848
6000000132394895887
6000000132404530336
6000000132404707196
6000000132404916064
6000000132405174046
6000000132405473870
6000000132405507000
6000000132405659836
6000000132428667287
6000000132429530824
6000000132429662833
6000000132429678966
6000000132433299843
6000000132467718524
6000000132476608315
6000000132477301154
6000000132498652018
6000000132499043213
6000000132499102866
6000000132499438833
6000000132499876057
6000000132500241859
6000000132563065165
6000000132563586984
6000000132563989857
6000000132567863006
6000000132568641854
6000000132568857839
6000000132568934848
6000000132886639822
6000000133497602821
6000000134606484945
6000000134606683851
6000000134643276846
6000000134763197198
6000000134832481985
6000000134834476836
6000000134899985937
6000000134900296829
6000000135004414984
6000000135004760913
6000000135004804893
6000000135004951905
6000000135005704868
6000000135005729833
6000000135005790865
6000000135005800839
6000000135005953822
6000000135006013821
6000000135006020833
6000000135006167822
6000000135006321821
6000000135265403998
6000000135265743955
6000000135266832863
6000000135267702834
6000000135270124867
6000000135270135822
6000000135284950909
6000000135526232547
6000000135528386898
6000000135528481829
6000000135665415043
6000000135666727821
6000000135694341856
6000000135696303979
6000000135696440857
6000000135721182950
6000000135783428924
6000000135783468995
6000000135783732948
6000000135783789908
6000000135783926097
6000000135793030932
6000000135793539832
6000000135795792953
6000000136523578866
6000000136573943829
6000000136829027040
6000000136829114062
6000000136829711855
6000000137025903942
6000000137125511862
6000000137958963826
6000000138250545828
6000000138373224882
6000000138731645084
6000000138731763930
6000000138732561858
6000000138734646985
6000000138735606821
6000000138735606826
6000000138735620849
6000000138769261933
6000000138781619381
6000000138786557927
6000000138786793906
6000000138787213830
6000000138787428851
6000000138787702846
6000000138956590938
6000000139164216049
6000000139164911874
6000000139291253821
6000000139291295821
6000000139320934202
6000000139324103855
6000000139324601888
6000000139324825851
6000000139331687835
6000000139336443885
6000000139337718837
6000000139337751843
6000000139338099826
6000000139338698829
6000000139353591846
6000000139366540901
6000000139398123890
6000000139478968918
6000000139518880879
6000000139552962821
6000000140005737849
6000000140068096883
6000000140069876851
6000000140070257995
6000000140070491874
6000000140440898098
6000000140441810929
6000000140442304873
6000000140739042278
6000000140739338942
6000000140760879880
6000000141040818921
6000000141541775821
6000000141799670226
6000000141799768385
6000000141799988191
6000000141800687980
6000000141800824882
6000000141801161840
6000000141824867858
6000000141825074833
6000000141825303843
6000000143173062982
6000000143173320939
6000000143204084833
6000000143818398084
6000000143818609971
6000000143818610105
6000000143818696911
6000000143818759003
6000000143819027868
6000000143819121925
6000000143819153237
6000000143819167928
6000000143819206900
6000000143819212993
6000000143819287925
6000000143819417944
6000000143819489851
6000000143819536860
6000000143830136078
6000000143830282929
6000000143830327189
6000000143830592936
6000000143830605943
6000000143830797940
6000000143830942877
6000000143831016875
6000000143831035864
6000000143831083855
6000000143831184869
6000000143831197864
6000000143831341903
6000000143831435844
6000000143831480822
6000000143831486059
6000000143831642829
6000000143831915983
6000000143831916835
6000000143831916946
6000000143832197905
6000000143832266972
6000000143832299039
6000000143832349900
6000000143832369826
6000000143832379869
6000000143832567821
6000000143832592890
6000000143832768831
6000000143833267841
6000000143833450168
6000000143833791070
6000000143833797066
6000000143833942955
6000000143834110086
6000000143834126901
6000000143834231821
6000000143834236928
6000000143834237901
6000000143834258863
6000000143834353904
6000000143945229981
6000000143945324985
6000000143945566916
6000000143945647855
6000000143945856884
6000000143945999835
6000000143946030859
6000000143946052834
6000000143946098837
6000000143946119826
6000000144156352035
6000000144161662094
6000000144185895173
6000000144187174025
6000000144187457916
6000000144187567909
6000000144187574880
6000000144187576904
6000000144187857874
6000000144187899887
6000000144187980876
6000000144188094914
6000000144188360858
6000000144188672823
6000000144188842821
6000000144369944821
6000000144370312821
6000000144370792821
6000000144370925821
6000000144371083821
6000000144372405821
6000000144372520821
6000000144418419187
6000000144418640280
6000000144418783330
6000000144418842219
6000000144419477995
6000000144419534292
6000000144419824857
6000000144419831972
6000000144419833894
6000000144419931871
6000000144420175853
6000000144420532908
6000000144420541087
6000000144420548868
6000000144421385896
6000000144614452833
6000000144630198831
6000000144631801821
6000000144632525822
6000000144675888876
6000000144676045848
6000000144676056823
6000000144676276839
6000000144717731661
6000000144717791494
6000000144718462323
6000000144718684237
6000000144719043156
6000000144719114131
6000000144719442963
6000000144719815844
6000000144719916920
6000000144720029850
6000000144720586049
6000000144720601951
6000000144720934876
6000000144721027933
6000000144721320221
6000000144722180901
6000000144722906856
6000000144723031822
6000000144723088833
6000000144742421382
6000000144742944520
6000000144743786098
6000000144744348037
6000000144744454123
6000000144744611193
6000000144744739955
6000000144744820034
6000000144744859028
6000000144744991941
6000000144745012952
6000000144745073916
6000000144745080895
6000000144745247821
6000000144745294963
6000000144745363832
6000000144745490828
6000000144745667898
6000000144745747878
6000000144745823833
6000000144745999821
6000000144813291261
6000000144815595846
6000000144838445821
6000000144838524829
6000000145013260961
6000000145014631821
6000000145016295404
6000000145017789954
6000000145017927913
6000000145017999901
6000000145018078043
6000000145018786835
6000000145023239239
6000000145024301925
6000000145024314888
6000000145024347906
6000000145024517889
6000000145024623891
6000000145024735843
6000000145024863862
6000000145025151824
6000000145222274099
6000000145223038045
6000000145224510883
6000000145225068847
6000000145225196839
6000000145225251821
6000000145227232821
6000000145240298837
6000000145245019222
6000000145245778896
6000000145245966966
6000000145246207963
6000000145246610841
6000000145247557872
6000000145247915821
6000000145254162915
6000000145255217869
6000000145255625829
6000000145256453881
6000000145257783870
6000000145257846880
6000000145257870854
6000000145257897825
6000000145258238821
6000000145262449094
6000000145262523930
6000000145263671835
6000000145263672834
6000000145263849836
6000000145263982974
6000000145264011821
6000000145264754880
6000000145264953844
6000000145265295821
6000000145277883342
6000000145290801823
6000000145291344893
6000000145291435830
6000000145291665821
6000000145291774821
6000000145292111821
6000000145292522821
6000000145305059821
6000000145305202826
6000000145305213821
6000000145305462831
6000000145306041837
6000000145306067821
6000000145306213823
6000000145306433822
6000000145306477821
6000000145306503822
6000000145306631821
6000000145306704823
6000000145306925821
6000000145306994821
6000000145307828821
6000000145308126821
6000000145327715843
6000000145327986824
6000000145328105917
6000000145329603099
6000000145330204977
6000000145331644025
6000000145331953940
6000000145332099852
6000000145332230850
6000000145333030881
6000000145334024829
6000000145338378965
6000000145339781833
6000000145342247824
6000000145346061911
6000000145346321854
6000000145346377823
6000000145346421846
6000000145478888833
6000000145479173821
6000000145542173836
6000000145723139821
6000000145723319821
6000000145761380996
6000000145762008931
6000000145762558867
6000000145762741829
6000000145762898848
6000000145762958830
6000000145762996839
6000000145763566929
6000000145764048928
6000000145764827864
6000000145764947828
6000000145764986821
6000000145823615877
6000000145826209821
6000000145826395821
6000000145826616868
6000000145826733822
6000000145827130842
6000000145849343433
6000000145849963223
6000000145850529877
6000000145851013946
6000000145851316914
6000000145851617826
6000000145855925395
6000000145856565566
6000000145858444160
6000000145858794824
6000000145859069288
6000000145859236838
6000000145860259870
6000000145860268833
6000000145860306893
6000000145860428846
6000000145951934222
6000000145952234058
6000000145952480190
6000000145952666114
6000000145952673118
6000000145952848078
6000000145953347971
6000000145953451959
6000000145953583253
6000000145953594898
6000000145953780218
6000000145953797910
6000000145953921878
6000000145954044852
6000000145954047835
6000000145954150841
6000000145954210845
6000000145954464948
6000000145954499966
6000000145954555921
6000000145954603866
6000000145954621068
6000000145954703939
6000000145954715974
6000000145954719863
6000000145954817884
6000000145954906015
6000000145954970857
6000000145954990899
6000000145955467831
6000000145955698851
6000000145955998837
6000000146010269062
6000000146010900898
6000000146016651089
6000000146017445115
6000000146019684849
6000000146281575145
6000000146282025917
6000000146282414849
6000000146282607845
6000000146288399236
6000000146288501221
6000000146289582882
6000000146290463830
6000000146292937122
6000000146294058942
6000000146443941822
6000000146446291821
6000000146451586824
6000000146451961824
6000000146451994833
6000000146452239821
6000000146452420821
6000000146453905831
6000000146454761821
6000000146454975822
6000000146454977833
6000000146455026833
6000000146455344824
6000000146455427824
6000000146455455822
6000000146461654826
6000000146461755821
6000000146462697836
6000000146462705844
6000000146462944821
6000000146463032824
6000000146463134821
6000000146486602940
6000000146651470829
6000000146651980831
6000000146654455821
6000000146659363822
6000000146661840838
6000000146662145833
6000000146666198823
6000000146666515821
6000000146740231876
6000000146807230996
6000000146807235998
6000000146807853926
6000000146807909887
6000000146807956821
6000000146808271833
6000000146970340821
6000000146971408821
6000000146971569821
6000000146971882833
6000000146974457821
6000000146974962834
6000000146975868821
6000000146976531825
6000000146976557821
6000000146983631821
6000000146983764821
6000000147052183825
6000000147052415821
6000000147055021860
6000000147153485956
6000000147254016008
6000000147692935846
6000000147727213967
6000000147727363841
6000000147728183821
6000000148178272834
6000000148402271826
6000000148444460821
6000000148444907828
6000000148445214821
6000000148488283821
6000000148491310827
6000000148505141833
6000000148516169829
6000000148520330822
6000000148532576834
6000000148569525083
6000000148634261090
6000000148986066835
6000000148986124866
6000000148986147821
6000000149222616930
6000000149342355821
6000000149345544822
6000000149536854060
6000000149537025100
6000000149537324847
6000000149537546044
6000000149537807897
6000000149537861876
6000000149538060836
6000000149538115888
6000000149538792835
6000000149538909908
6000000149623512824
6000000149826590943
6000000149834199874
6000000149848559090
6000000150592387928
6000000150592544834
6000000150645645362
6000000150647540991
6000000150647772900
6000000150648046846
6000000150648061944
6000000150648127878
6000000150648328821
6000000150648741833
6000000150669517902
6000000150682124839
6000000153296165856
6000000153297875821
6000000153299047833
6000000153882067941
6000000153882357847
6000000153883112846
6000000153883147832
6000000153883148842
6000000153883152839
6000000153883165853
6000000153883657821
6000000153883674827
6000000153883791833
6000000156321651904
6000000156323418866
6000000156808808911
6000000156809849831
6000000161235265821
6000000161249094833
6000000161370677870
6000000163088391821
6000000163088737821
6000000163089090833
6000000163089321824
6000000164079840875
6000000164656957883
6000000164659811893
6000000164659951395
6000000164660094970
6000000164660609859
6000000164661727970
6000000164665309853
6000000164893477956
6000000165053005835
6000000165159665370
6000000166871193120
6000000167368483120
6000000167369241840
6000000167611887222
6000000167615512869
6000000167616470017
6000000167616832846
6000000167770998821
6000000167771261827
6000000167771348821
6000000167772276821
6000000167772454842
6000000167773955821
6000000168871907964
6000000168872264829
6000000168875303822
6000000168875992849
6000000168876206821
6000000169021927963
6000000169569508764
6000000169572060318
6000000169573004136
6000000169573185227
6000000169573274954
6000000169573341097
6000000169573460992
6000000169573625915
6000000169573695943
6000000169573775960
6000000169573823838
6000000169574147821
6000000169574672368
6000000169575408321
6000000169577096007
6000000169577354970
6000000169577806908
6000000169578005834
6000000169690048960
6000000169743672973
6000000170235790834
6000000170237672821
6000000170239088822
6000000170240547833
6000000170242717829
6000000170243741821
6000000170678627156
6000000170678735025
6000000170679328888
6000000171039489821
6000000172143625846
6000000172446183979
6000000172459065219
6000000172459666967
6000000172518716161
6000000172519414831
6000000172749159010
6000000172749285822
6000000172774763147
6000000172775260952
6000000172775331939
6000000172775488022
6000000172776930509
6000000172778234842
6000000172782302270
6000000172782748364
6000000172782947290
6000000172785246837
6000000172790293821
6000000173344571912
6000000173452441937
6000000173452520920
6000000173454138822
6000000173454526897
6000000173454615835
6000000173456956824
6000000173626354640
6000000173626639574
6000000173627129301
6000000173627343220
6000000173627494663
6000000173627890338
6000000173628115699
6000000173628287076
6000000173628377065
6000000173628748261
6000000173628974462
6000000173629790924
6000000173630143953
6000000173691463784
6000000173769689860
6000000173897818382
6000000173902158980
6000000173902380868
6000000173922453293
6000000173922808013
6000000173929624020
6000000173929974877
6000000173929975964
6000000173929980917
6000000174037541833
6000000174336390503
6000000174339651934
6000000174419360482
6000000174511419227
6000000174511754160
6000000174511786114
6000000174511816361
6000000174511906065
6000000174511917090
6000000174513040830
6000000174513156868
6000000174623034205
6000000174623673947
6000000174727344094
6000000174727612034
6000000174756341091
6000000174757418010
6000000174757491062
6000000174757610821
6000000174757614839
6000000174757782083
6000000174816578075
6000000175035120014
6000000175035230892
6000000175035396821
6000000175263294060
6000000175263600466
6000000175263946914
6000000175712131863
6000000175712131869
6000000175712987898
6000000175713106894
6000000175714308842
6000000175714497824
6000000175956694955
6000000176050562854
6000000176050861821
6000000176084384919
6000000176085756890
6000000176085759878
6000000176086159857
6000000176086667842
6000000176087162830
6000000176087402821
6000000176628602845
6000000176662605825
6000000176981200901
6000000176982389838
6000000177006284856
6000000177082932826
6000000177277519826
6000000177666031921
6000000177666609864
6000000177667281851
6000000177668008829
6000000177668019822
6000000177668053825
6000000177677046852
6000000177677909821
6000000177677948821
6000000177832576903
6000000177832870939
6000000177833052875
6000000177834684837
6000000177834945821
6000000177934496848
6000000177934687821
6000000178085581853
6000000178100280852
6000000178126014846
6000000178126732827
6000000178167579821
6000000178243410886
6000000178244103873
6000000178244648825
6000000178244883849
6000000178245333833
6000000178413418849
6000000178414073866
6000000178415250836
6000000178415354833
6000000178605992868
6000000178606374867
6000000178695947845
6000000178696405821
6000000178721127824
6000000178772793876
6000000178774777929
6000000178774908831
6000000178776672838
6000000178811689955
6000000178812901852
6000000178813295833
6000000178813669859
6000000178813893821
6000000178814112850
6000000178814342824
6000000178814367827
6000000179117587843
6000000179118621827
6000000179123169854
6000000179123274823
6000000179235911946
6000000179238102867
6000000179238296865
6000000180035068853
6000000180035671821
6000000180175937822
6000000180176201821
6000000180176280821
6000000180283593830
6000000180384437821
6000000180465132846
6000000180535116879
6000000180535533857
6000000180536015843
6000000180536035834
6000000180536266837
6000000180536385823
6000000180536427843
6000000180735336838
6000000180797401868
6000000180797401903
6000000180905686821
6000000181089683850
6000000181607627959
6000000181609126840
6000000181609126846
6000000181609126851
6000000181609126858
6000000181609126903
6000000181609126917
6000000181609126925
6000000181609126993
6000000181609127014
6000000181616928848
6000000181616928856
6000000181616928863
6000000181616928929
6000000181815919907
6000000181816593829
6000000181827815855
6000000181827895837
6000000181828386821
6000000181936913854
6000000181936913876
6000000181936913883
6000000181936913888
6000000182381261007
6000000182572208826
6000000183290924826
6000000183342421831
6000000183342659833
6000000183594618879
6000000183779391842
6000000183808376821
6000000184328989837
6000000184344020861
6000000184344302870
6000000184344947825
6000000184560776848
6000000184645632165
6000000184645659165
6000000184849163875
6000000184849704829
6000000184849824821
6000000184849833839
6000000184850134829
6000000184956405915
6000000185029706829
6000000185045355831
6000000185051665827
6000000185107624842
6000000185357114822
6000000185484071000
6000000185485353828
6000000185523369601
6000000185523422500
6000000185553671831
6000000185565261553
6000000185600474704
6000000185600603687
6000000185600901580
6000000185601020301
6000000185645266054
6000000185645515038
6000000185647056907
6000000185688584893
6000000185688625887
6000000185689033863
6000000185689299831
6000000185778181953
6000000186020983824
6000000186061089832
6000000186062293483
6000000186063270247
6000000186065173929
6000000186073513346
6000000186107041913
6000000186142062416
6000000186146918835
6000000186168477440
6000000186168562198
6000000186169070277
6000000186172446832
6000000186577361848
6000000186629972823
6000000186724299972
6000000186775933005
6000000186777669829
6000000186777720864
6000000186788949834
6000000186798295822
6000000186856611831
6000000186901073858
6000000186916931848
6000000186939690823
6000000186972105824
6000000186990376859
6000000187159450902
6000000187160717821
6000000187162384824
6000000187202611823
6000000187213337856
6000000187308353876
6000000187308619838
6000000187308769826
6000000187343490828
6000000187385647824
6000000187389097823
6000000187484131837
6000000187629731827
6000000187644670828
6000000187644905826
6000000187692261822
6000000187692298864
6000000187716537941
6000000187820555844
6000000187973079908
6000000187973232883
6000000187973564851
6000000187973587849
6000000187973593858
6000000187973775825
6000000187973871825
6000000187984843857
6000000187984998845
6000000187998368000
6000000187999138873
6000000187999154888
6000000187999351879
6000000187999372839
6000000187999407869
6000000187999546836
6000000187999580823
6000000187999587830
6000000187999639822
6000000187999648834
6000000188137938925
6000000188138400821
6000000188138462821
6000000188155078841
6000000188155306831
6000000188196363858
6000000188196380835
6000000188196429825
6000000188196460823
6000000188196542827
6000000188196563821
6000000188216753835
6000000188245453851
6000000188245609834
6000000188245779832
6000000188250341831
6000000188251006829
6000000188256593893
6000000188264207859
6000000188264340822
6000000188264406837
6000000188311073863
6000000188311269857
6000000188311337864
6000000188311564825
6000000188311574832
6000000188311586829
6000000188311596823
6000000188337291852
6000000188337555841
6000000188405610823
6000000188535347834
6000000188535616823
6000000188536042822
6000000188712377833
6000000188712386829
6000000188767542830
6000000188767813826
6000000188767899821
6000000188843949891
6000000188843985880
6000000188844144866
6000000188844354837
6000000188844411823
6000000189066938879
6000000189067257885
6000000189123385936
6000000189123552924
6000000189123805918
6000000189123948831
6000000189124131844
6000000189124399881
6000000189124767843
6000000189124776875
6000000189124956860
6000000189125212924
6000000189126001831
6000000189126010886
6000000189126107865
6000000189126180835
6000000189126195889
6000000189126207865
6000000189126211858
6000000189126625826
6000000189126638823
6000000189126728829
6000000189134698889
6000000189134945828
6000000189135162824
6000000189137948826
6000000189186702905
6000000189187174827
6000000189187189827
6000000189191177847
6000000189251250862
6000000189251662837
6000000189251758821
6000000189406796834
6000000189406824854
6000000189409838881
6000000189410097868
6000000189410315837
6000000189410338830
6000000189410346849
6000000189410356839
6000000189410420860
6000000189410580821
6000000189461994829
6000000189462136861
6000000189462231897
6000000189462884825
6000000189463084821
6000000189463143824
6000000189463181865
6000000189463203833
6000000189463267821
6000000189463271837
6000000189463281855
6000000189463448831
6000000189463615844
6000000189466291830
6000000189466714821
6000000189466877834
6000000189466954821
6000000189467080844
6000000189467140846
6000000189483087840
6000000189518383835
6000000189519713846
6000000189520091822
6000000189541271891
6000000189541344868
6000000189541386885
6000000189541392871
6000000189541454886
6000000189541466831
6000000189541774850
6000000189542286825
6000000189542856850
6000000189543255874
6000000189543971831
6000000189549815831
6000000189549829859
6000000189551537867
6000000189552078821
6000000189552360831
6000000189553302838
6000000189553426875
6000000189553548848
6000000189563263859
6000000189566955837
6000000189566993839
6000000189567239822
6000000189567346837
6000000189567367831
6000000189567560841
6000000189571616903
6000000189571640843
6000000189571892827
6000000189571977824
6000000189572364824
6000000189573839844
6000000189574177825
6000000189574619825
6000000189574846848
6000000189575054837
6000000189575214828
6000000189575308856
6000000189575613831
6000000189575638822
6000000189575776879
6000000189576122863
6000000189576534841
6000000189576536825
6000000189576691821
6000000189576720839
6000000189636137831
6000000189665006842
6000000189665050821
6000000189665378823
6000000189884901866
6000000189885220884
6000000189889914029
6000000189891177837
6000000189891227848
6000000189891502834
6000000189923961833
6000000189960074826
6000000189960169823
6000000189962931876
6000000190007156848
6000000190007182845
6000000190007194851
6000000190007208844
6000000190007302852
6000000190007340844
6000000190007439828
6000000190007457844
6000000190007472837
6000000190007507836
6000000190007571835
6000000190007576823
6000000190007595828
6000000190266799831
6000000190266799839
6000000190402559889
6000000190466005862
6000000190467515905
6000000190467515913
6000000190468208867
6000000190468506827
6000000190584310852
6000000190584670843
6000000190586131830
6000000190711096905
6000000190711281980
6000000190711995871
6000000190712298860
6000000190712319825
6000000190712363830
6000000190712384851
6000000190712493826
6000000190712528822
6000000190712608821
6000000190712902857
6000000190725997866
6000000190726233823
6000000190728601868
6000000190738726836
6000000190964145843
6000000191119801863
6000000191119899861
6000000191119970835
6000000191120305843
6000000191120430827
6000000191121002852
6000000191155928873
6000000191191480868
6000000191191579859
6000000191191799845
6000000191197005865
6000000191197752840
6000000191198294864
6000000191198437833
6000000191198565821
6000000191198601844
6000000191198664830
6000000191198762821
6000000191198837832
6000000191478726821
6000000191731001852
6000000191731681821
6000000191749802840
6000000191856852885
6000000191857194877
6000000191857437830
6000000191883351825
6000000191914890833
6000000191942506883
6000000191991446853
6000000192042267821
6000000192052744861
6000000192092330821
6000000192269382877
6000000192269399853
6000000192269445845
6000000192269582829
6000000192269684824
6000000192310659829
6000000192322729848
6000000192322827860
6000000192322906839
6000000192322913834
6000000192322924860
6000000192322943832
6000000192322971842
6000000192322988828
6000000192323118827
6000000192323208821
6000000192412625859
6000000192441398931
6000000192441415834
6000000192441445858
6000000192441777847
6000000192441881899
6000000192441983868
6000000192442016832
6000000192442119823
6000000192462845823
6000000192464983828
6000000192465085826
6000000192468370904
6000000192468739937
6000000192468798821
6000000192469693830
6000000192469962831
6000000192470214847
6000000192470373859
6000000192525069834
6000000192529384822
6000000192529388833
6000000192529846841
6000000192529848821
6000000192696442847
6000000192696468824
6000000192849061853
6000000192849524822
6000000192849627825
6000000192849695823
6000000192855327905
6000000192855562853
6000000192856306871
6000000192856624821
6000000192981041824
6000000192981689830
6000000193043914921
6000000193044211855
6000000193046902836
6000000193048194825
6000000193116358870
6000000193116391827
6000000193116768837
6000000193116788821
6000000193116797821
6000000193501040875
6000000193715790836
6000000194021058827
6000000194046924827
6000000194087719912
6000000194088047840
6000000194088254824
6000000194088264843
6000000194088315821
6000000194114697870
6000000194262371853
6000000194264168908
6000000194265089821
6000000194267780861
6000000194268037824
6000000194284856868
6000000194314604834
6000000194323636821
6000000194325157894
6000000194325367838
6000000194347029863
6000000194399725830
6000000194399818822
6000000194400896822
6000000194458648849
6000000194458776827
6000000194468852837
6000000194468887824
6000000194511319838
6000000194556220838
6000000194714262831
6000000194714283821
6000000194886070826
6000000194911214833
6000000194911525834
6000000194911557839
6000000194911694821
6000000194921170907
6000000195146512876
6000000195146599913
6000000195146664849
6000000195148656902
6000000195148714889
6000000195148931849
6000000195149121836
6000000195149141853
6000000195149142838
6000000195149174838
6000000195149203856
6000000195149284833
6000000195149298838
6000000195149352834
6000000195149369823
6000000195149374844
6000000195149385827
6000000195149405823
6000000195149428824
6000000195149441836
6000000195149449823
6000000195149451825
6000000195149479821
6000000195149486832
6000000195149538823
6000000195149542825
6000000195149542835
6000000195149685829
6000000195149713826
6000000195181236823
6000000195181242822
6000000195181265828
6000000195238998882
6000000195391202822
6000000195391236821
6000000195391285821
6000000195724577823
6000000196091978841
6000000196092059843
6000000196092214825
6000000196393375885
6000000196394383865
6000000196394617867
6000000196394636841
6000000196394766849
6000000196394855829
6000000196394891837
6000000196394964868
6000000196395121842
6000000196395184827
6000000196395206822
6000000196395211840
6000000196395239823
6000000196395277822
6000000196395446887
6000000196395598906
6000000196395642879
6000000196395766832
6000000196395856848
6000000196395916843
6000000196395920837
6000000196395932828
6000000196395989860
6000000196396009847
6000000196396020823
6000000196396023821
6000000196396034830
6000000196396061826
6000000196396219856
6000000196396232830
6000000196396253822
6000000196396266826
6000000196396509859
6000000196396518899
6000000196396524859
6000000196396628842
6000000196396635892
6000000196396772830
6000000196396853831
6000000196396900822
6000000196396941861
6000000196397167833
6000000196397282822
6000000196397321825
6000000196397371830
6000000196465570835
6000000196465584831
6000000196465618825
6000000196465686821
6000000196471311894
6000000196737025840
6000000196737056824
6000000196747894821
6000000196870659902
6000000196871038875
6000000196871948821
6000000196873456822
6000000197204959849
6000000197262491850
6000000197423195821
6000000197453335855
6000000197543660828
6000000197546983825
6000000197546998830
6000000197547416838
6000000197637917832
6000000197637920839
6000000197638002824
6000000197715601907
6000000197715968852
6000000197716820821
6000000197857188837
6000000197858676890
6000000197859417823
6000000197859421826
6000000197859506826
6000000197859541838
6000000198164794831
6000000198166847849
6000000198167131848
6000000198167176859
6000000198167346828
6000000198167908838
6000000198537477834
6000000198538402832
6000000198538511831
6000000198538632847
6000000198538683822
6000000198564878870
6000000198581146831
6000000198767252826
6000000198858195903
6000000198984460865
6000000199004262865
6000000199004708869
6000000199004831844
6000000199004971829
6000000199005024830
6000000199005108838
6000000199053975827
6000000199059570841
6000000199060036832
6000000199060347821
6000000199099732826
6000000199107734843
6000000199107830829
6000000199107867823
6000000199107918822
6000000199113888964
6000000199114887876
6000000199192099972
6000000199192995833
6000000199193093843
6000000199193547838
6000000199193653826
6000000199193697836
6000000199194685857
6000000199195294856
6000000199195317845
6000000199195317870
6000000199195377825
6000000199195425837
6000000199195546821
6000000199195582824
6000000199196702870
6000000199197158821
6000000199254797843
6000000199481975861
6000000199528269832
6000000199699665827
6000000200163323846
6000000200163824830
6000000200164042821
6000000200442574845
6000000200442574855
6000000200442574870
6000000200522418821
6000000200586537821
6000000200793399874
6000000200929747940
6000000200930711848
6000000200946694834
6000000200947028828
6000000201140327831
6000000201140379842
6000000201140467830
6000000201150013823
6000000201154283835
6000000201154393823
6000000201154428822
6000000201220811822
6000000201221125858
6000000201221641826
6000000201222805844
6000000201222919849
6000000201222977882
6000000201276683875
6000000201277025839
6000000201277369879
6000000201277910828
6000000201277983823
6000000201277988831
6000000201278118833
6000000201282713831
6000000201283126891
6000000201283312863
6000000201285424822
6000000201305712849
6000000201305755832
6000000201305771846
6000000201308516867
6000000201387001884
6000000201387332836
6000000201672763849
6000000201704428827
6000000202457174837
6000000202887035848
6000000202887399821
6000000203042162842
6000000203142986821
6000000203275506855
6000000203276101827
6000000203276176821
6000000203614215863
6000000203614231845
6000000203614349843
6000000203614480847
6000000203614504853
6000000203614537821
6000000203614537836
6000000203614727836
6000000203614806827
6000000203614810825
6000000203614816828
6000000203614842829
6000000203743682902
6000000203744013863
6000000203744236829
6000000203782162855
6000000203782432834
6000000203782436830
6000000203782451829
6000000203782459823
6000000204151362826
6000000204882656869
6000000204882870828
6000000204882964821
6000000205031044955
6000000205031590850
6000000205031783827
6000000205031996877
6000000205032053830
6000000205033814825
6000000205395715870
6000000205459629824
6000000205603891846
6000000205716340872
6000000205801447010
6000000205801447016
6000000205865861837
6000000205865884935
6000000205866082846
6000000205866211823
6000000206041802848
6000000206042394824
6000000206042421838
6000000206042506891
6000000206167989871
6000000206779439833
6000000206810182897
6000000206856397883
6000000207025260860
6000000207025350831
6000000207025468827
6000000207056187854
6000000207056490827
6000000207056553823
6000000207056648826
6000000207106639928
6000000207106963944
6000000207107568838
6000000207107580840
6000000207107611841
6000000207107639830
6000000207107700826
6000000207107850821
6000000207108371821
6000000207110426850
6000000207110441829
6000000207110565822
6000000207112106863
6000000207112211831
6000000207112266860
6000000207112331841
6000000207113067921
6000000207113259857
6000000207113356851
6000000207113356877
6000000207113361833
6000000207113434851
6000000207113434863
6000000207113446857
6000000207113456823
6000000207113456829
6000000207113515827
6000000207113581834
6000000207113582841
6000000207138408891
6000000207138441849
6000000207138493842
6000000207138974872
6000000207139006857
6000000207139143895
6000000207139356892
6000000207139463830
6000000207139609827
6000000207139807822
6000000207139878826
6000000207139933822
6000000207148920970
6000000207455385859
6000000207580784279
6000000207740778826
6000000207741114821
6000000207747260825
6000000207748305822
6000000207810605823
6000000207876403849
6000000207927936826
6000000207927943829
6000000207927959844
6000000207928034836
6000000208115584829
6000000208633136853
6000000208633403825
6000000208634855876
6000000208634975826
6000000208673839821
6000000208709864920
6000000208710446827
6000000208950005849
6000000208950014856
6000000208950178827
6000000208972077872
6000000209073079835
6000000209073100830
6000000209144802897
6000000209145282821
6000000209498250828
6000000209595340830
6000000209624076842
6000000209624187886
6000000209624309851
6000000209624385821
6000000209627109824
6000000209758189833
6000000209758272867
6000000209758356829
6000000209969489856
6000000210470160857
6000000210475297821
6000000210475392885
6000000210475417853
6000000210475473863
6000000210475697836
6000000210475719822
6000000210475738822
6000000210475751830
6000000210475857821
6000000210617892873
6000000210618050821
6000000210625225827
6000000210625248837
6000000210625250823
6000000210625268839
6000000210625451824
6000000210625471835
6000000210625804821
6000000210626446846
6000000210626500851
6000000210626761837
6000000210626894827
6000000210627015850
6000000210627522849
6000000210627533837
6000000210627748834
6000000210627790821
6000000210627798828
6000000211175582834
6000000211850721824
6000000211850899824
6000000211850947821
6000000216954491827
6000000217035485821
6000000217043711873
6000000217043756853
6000000217856512850
6000000217856549842
6000000217856596829
6000000217856599822
6000000217856610829
6000000217939212874
6000000217940842919
6000000217941012864
6000000217991284842
6000000217991326842
6000000217991369868
6000000217991369885
6000000217991463837
6000000217991486836
6000000217991488866
6000000217991499845
6000000217991525821
6000000217991561841
6000000217991609823
6000000218073703935
6000000218073955833
6000000218187543823
6000000218217875823
6000000218218171896
6000000218218197832
6000000218218283860
6000000218218283869
6000000218218302830
6000000218218338821
6000000218911671846
6000000218912210887
6000000218970922873
6000000219058982861
6000000219058995872
6000000219087009857
6000000219087110825
6000000219087115837
6000000219486180856
6000000219513167911
6000000219513189826
6000000219513198834
6000000219626914879
6000000219668113849
6000000219668492825
6000000219887474978
6000000219887474985
6000000219887508954
6000000219887529840
6000000219887597849
6000000219887602842
6000000219887604879
6000000219887606856
6000000219887667826
6000000219887691821
6000000219887695821
6000000219888007859
6000000219888098860
6000000219888113899
6000000219888118861
6000000219888153845
6000000219888172847
6000000219888183852
6000000219888200824
6000000219888204827
6000000219888226822
6000000219888372848
6000000219888425831
6000000219992026919
6000000220076078886
6000000220076094905
6000000220076124878
6000000220076130873
6000000220076163827
6000000220076169835
6000000220076195823
6000000220076196826
6000000220076196847
6000000220076198830
6000000220076210822
6000000220407417858
6000000220526331871
6000000220969759945
6000000220969902864
6000000221037885870
6000000221095692902
6000000221095693952
6000000221152339945
6000000221166283851
6000000221166366896
6000000221166445837
6000000221166452870
6000000221279712829
6000000221502494903
6000000221504399892
6000000221512264112
6000000221512264177
6000000221512264204
6000000221512264260
6000000221512264266
6000000221512264339
6000000221512264347
6000000221681517921
6000000222084678077
6000000222084788900
6000000222086283879
6000000222166573908
6000000222384912853
6000000222794713823
6000000222794756865
6000000222983266868
6000000222984251837
6000000222984928874
6000000222985332901
6000000223143511030
6000000223143511047
6000000223144012857
6000000223422159900
6000000223422159926
6000000223422190866
6000000223422250881
6000000223422293854
6000000223422345829
6000000223422505821
6000000223431905926
6000000223431929857
6000000223432063836
6000000223432095884
6000000223432506881
6000000223432522835
6000000223432570850
6000000223433266001
6000000223433433957
6000000223433520950
6000000223433532898
6000000223433593889
6000000223433608874
6000000223433608881
6000000223433619893
6000000223433653823
6000000223433655882
6000000223433727835
6000000223433787875
6000000223433802874
6000000223433808842
6000000223433816834
6000000223433881824
6000000223433900827
6000000223433903849
6000000223434118825
6000000223438953086
6000000223438953102
6000000223439255837
6000000223439289859
6000000223439297845
6000000223439298845
6000000223439320831
6000000223439366866
6000000223439372852
6000000223439390828
6000000223439396821
6000000223594180885
6000000223594186925
6000000223594228888
6000000223594466830
6000000223594538821
6000000224205792943
6000000224381990873
6000000224512354878
6000000224624862941
6000000224624901905
6000000224624902887
6000000224624907854
6000000224624908871
6000000224624925875
6000000224624926871
6000000224624943903
6000000224624956876
6000000224624966832
6000000224624970828
6000000224624976937
6000000224625033900
6000000224625033908
6000000224625120822
6000000224625198878
6000000224625235850
6000000224625255833
6000000224625276854
6000000224625308826
6000000224625336822
6000000224727981956
6000000225005260028
6000000225005487853
6000000225005490834
6000000225005491831
6000000226248399843
6000000226265240821
6000000226346702949
6000000226346839905
6000000226347035832
6000000226475223857
6000000226512360988
6000000226532785847
6000000227036278829
6000000227036719829
6000000227099530834
6000000227144585945
6000000227144625836
6000000227144768892
6000000227159989966
6000000227160218845
6000000227160435963
6000000227160666831
6000000227392482859
6000000227507007850
6000000227544618916
6000000227576211855
6000000227686050948
6000000227686111877
6000000227722412975
6000000227727097862
