299077224220007970
300372611270008118
300372958340002567
301294743270001625
3024117
304430340510004215
304435320540004195
304458746140005709
311725150020002642
311726124930005771
3144850
3145148
3145451
3145760
321887025890005127
321892103160005134
321892528310002340
329701056720007585
3356153
3413201
3413279
3415249
342309748130006153
345280605240003101
3543069
3543076
3543082
3543089
3543094
3543105
359282141180013088
359282548040006278
361088850870011645
361088998770012651
361089507860011643
361244423510011619
361246584430007702
361246792660007630
361248587300001388
361249243780011638
361249577580001353
361250787660004588
361294506280011622
361298880640003460
361872255810006908
364546674660002455
367568186940002971
367568451740006562
367569056090011115
367569685710012560
367570029420002975
367570860480002947
367571920550003856
367574441710002974
367577807530012553
367585192160006590
367783112250012624
367783343770005174
367784284660002105
367784867700005151
367785924970005138
367786388910006634
367787288710006625
367787887990004147
367788202450003967
367788482230003981
367793606500003997
367793941240007394
367794161490012685
367794521940005201
367794789490012658
367795070310007387
367795289130012648
367795492730013743
367796200360003983
367796295150002104
367798636610006644
367798729210013747
367817667660012734
367825496880012729
367825724410004136
367826121200013833
370822999470007686
373956113060012176
373956211030011414
373956299550004387
373957410930013571
373957562010013549
373958264020011412
374572796950012476
374574014480004486
376340655760013373
377691812420012492
383586223410013523
385009468900013757
385009776400013752
390385157050012739
390385654220011857
4181075003290125696
4181086260680010857
4311657199340067455
4311678705320053683
4311687742030041711
4311691085770053887
4324894795410010946
4324900377970031348
4345907827450064942
4345910619610041011
4345919548630038290
4413892
4414082
4475388546570056101
4475429459570069684
4494499918220022834
4494502062940032903
4494503665280082067
4498828
4501729
4511750059990089569
4517241923820020739
4534541
4534570
4534600
4534626
4598783049470064380
4598785984240126160
4598788477910053233
4639018693100012052
4639163355510031529
4695498
4696016
4696264
4741008834280020973
4764891625930034514
4789994477670075921
4798758416010021277
4798764912020124160
4834865660860019115
4834873097100089896
4834895982000077783
4835152359840133551
4835363402200059420
4835364849010133453
4835366600030133276
4835377458050124805
4838364046090135593
4838396078630070280
4846381850630023494
4872052386230126187
4914222018090058168
4914390446680065242
4914415446210024322
4961617969430042156
4961624250010077649
4961658410300125483
5004464116060117006
5005650117650073943
5005923368620024700
5006642617230121551
5006675544850120942
5011306860760048167
5044713967260028073
5044714012680028079
5044803570800109279
5044806855110131404
5058693742290113469
5062765000170079266
5063043001000080048
5070405486480052906
5070582851170020902
5070618364440061895
5070630624670103300
5070641792290039637
5070664763290103981
5095540034930100781
5105181411030114899
5105231591850129198
5105248443610082824
5105283357780063789
5105326511380128750
5105367003030054230
5105376088880082559
5105396409390103177
5105398910210031913
5105420553180044872
5114643724270064649
5114647562340072302
5129087897520072687
5129132324450083091
5149226098290139313
5167029154860074420
5167035790980047641
5167427332910131249
5173816084750059308
5203807832570079021
5210003864260053714
5214986457170054397
5215015016770032209
5215069300390063371
5215071353020135774
5215074963280025272
5215075000090025278
5215077065930126985
5215079665330106037
5215092738500127672
5215097123150111860
5216082820490062836
5218811648840135507
5227222191690029308
5227336465080081295
5294705825110117665
5294726780490132221
5294781477310117337
5294796818400123982
5294796839380123988
5294809831620132193
5318340685370041549
5326648104210121832
5407580657940045099
5407594009510083417
5442828208050118621
5491939163290084953
5491940488400046775
5491942105640046919
5602983891220027915
5645202797240102093
5690493741180112690
6000000000043953664
6000000000043986801
6000000000044016561
6000000000045588270
6000000000045817907
6000000000045857394
6000000000053293857
6000000000069924788
6000000000129356093
6000000000129356104
6000000000129356113
6000000000129362295
6000000000129362313
6000000000129362703
6000000000129362802
6000000000129386566
6000000000129390453
6000000000129400085
6000000000129400159
6000000000138844979
6000000000138928544
6000000000138948482
6000000000138962298
6000000000148727116
6000000000172348087
6000000000196844689
6000000000196854600
6000000000196966254
6000000000196966689
6000000000197040207
6000000000197326865
6000000000211423845
6000000000215611090
6000000000286519771
6000000000286588691
6000000000286703434
6000000000286779194
6000000000286819065
6000000000293367254
6000000000305898642
6000000000306015080
6000000000307249541
6000000000307249620
6000000000307249760
6000000000307252693
6000000000307271726
6000000000307271844
6000000000307280059
6000000000307280073
6000000000307280238
6000000000307280247
6000000000307812013
6000000000307813536
6000000000307813996
6000000000307815370
6000000000307821172
6000000000307821397
6000000000319396066
6000000000319396110
6000000000319448032
6000000000319494049
6000000000319499099
6000000000319520074
6000000000321802760
6000000000337130731
6000000000337283058
6000000000337283672
6000000000350865321
6000000000351107622
6000000000384538906
6000000000384538932
6000000000384729862
6000000000384779646
6000000000384915386
6000000000384993338
6000000000385004261
6000000000385084162
6000000000446306972
6000000000446427697
6000000000446513444
6000000000459385964
6000000000460348880
6000000000460494100
6000000000490888067
6000000000496752005
6000000000496907039
6000000000505640707
6000000000505665724
6000000000505678382
6000000000505699915
6000000000505738296
6000000000505879286
6000000000505937196
6000000000512198281
6000000000512521332
6000000000512719135
6000000000538398214
6000000000541939759
6000000000551147201
6000000000551169676
6000000000551169697
6000000000551169741
6000000000551169777
6000000000551169794
6000000000551169811
6000000000551169855
6000000000551169883
6000000000624534542
6000000000628768481
6000000000628768680
6000000000628780199
6000000000628796178
6000000000628798005
6000000000628798016
6000000000628798048
6000000000628813005
6000000000628817165
6000000000628843233
6000000000628845099
6000000000628854063
6000000000628854411
6000000000628861661
6000000000632013655
6000000000632027759
6000000000640927318
6000000000640930594
6000000000640937017
6000000000640975401
6000000000640989019
6000000000640989029
6000000000640989186
6000000000640989195
6000000000640989204
6000000000640989252
6000000000640989283
6000000000640989330
6000000000640989349
6000000000640989385
6000000000640989394
6000000000640989403
6000000000640989415
6000000000640989433
6000000000640989442
6000000000640989453
6000000000640989494
6000000000640989583
6000000000640989603
6000000000640989707
6000000000640989746
6000000000640989764
6000000000640989785
6000000000640990050
6000000000640990068
6000000000640990077
6000000000640990086
6000000000640990116
6000000000640990358
6000000000640990385
6000000000640990447
6000000000640990916
6000000000640990934
6000000000640991162
6000000000640991372
6000000000640991408
6000000000640991417
6000000000640991426
6000000000640991444
6000000000640991453
6000000000640991464
6000000000640991473
6000000000640991491
6000000000640991509
6000000000640991609
6000000000640991639
6000000000640991697
6000000000640991759
6000000000640991788
6000000000640991797
6000000000640992603
6000000000640992874
6000000000640992883
6000000000640992948
6000000000640992957
6000000000640993497
6000000000640993869
6000000000640994521
6000000000640994532
6000000000640994553
6000000000640994592
6000000000640994613
6000000000640994642
6000000000640994651
6000000000640994660
6000000000640994807
6000000000640994816
6000000000640995456
6000000000640995465
6000000000640995502
6000000000640995553
6000000000640995861
6000000000640995952
6000000000640996200
6000000000640996892
6000000000640997219
6000000000640997344
6000000000640997365
6000000000640997374
6000000000640997383
6000000000640997406
6000000000640997435
6000000000640997444
6000000000640997463
6000000000640997472
6000000000640997483
6000000000640997494
6000000000640997608
6000000000640997644
6000000000640997707
6000000000640997734
6000000000640997743
6000000000640997770
6000000000640997797
6000000000640997824
6000000000640997833
6000000000640998121
6000000000640998139
6000000000640998189
6000000000640998227
6000000000640998265
6000000000640998274
6000000000640998409
6000000000640998438
6000000000640998467
6000000000640998535
6000000000640998564
6000000000640998593
6000000000640998980
6000000000640999892
6000000000640999901
6000000000640999910
6000000000641000368
6000000000641000378
6000000000641000388
6000000000641000428
6000000000641004750
6000000000641005293
6000000000641005343
6000000000641005354
6000000000641005365
6000000000641005416
6000000000641007220
6000000000641007268
6000000000641007277
6000000000641007286
6000000000641007553
6000000000641008651
6000000000641008660
6000000000641008940
6000000000641009167
6000000000641009176
6000000000641009194
6000000000641009212
6000000000641011628
6000000000641011774
6000000000641011820
6000000000641011867
6000000000641011939
6000000000641012085
6000000000641012552
6000000000641016563
6000000000641020817
6000000000641021141
6000000000641021171
6000000000641021280
6000000000641022265
6000000000641022274
6000000000641022293
6000000000641022332
6000000000641022341
6000000000641022350
6000000000641022405
6000000000641025369
6000000000641029036
6000000000641029113
6000000000641029662
6000000000641030272
6000000000641030314
6000000000641030910
6000000000641031593
6000000000641033225
6000000000641033372
6000000000641033528
6000000000641033556
6000000000641033567
6000000000641033597
6000000000641033627
6000000000641033750
6000000000641033797
6000000000641034230
6000000000641034584
6000000000641034871
6000000000641043093
6000000000641043129
6000000000641043864
6000000000641044032
6000000000641044621
6000000000641044648
6000000000641048183
6000000000641048192
6000000000641048201
6000000000641063041
6000000000641063051
6000000000641063620
6000000000641063672
6000000000641082869
6000000000641082889
6000000000641085511
6000000000641085531
6000000000641086002
6000000000641086012
6000000000641086022
6000000000641094468
6000000000641094549
6000000000641094568
6000000000641094838
6000000000641095178
6000000000641095458
6000000000641095822
6000000000641100823
6000000000641100841
6000000000641101649
6000000000641107268
6000000000641107288
6000000000641107298
6000000000669984837
6000000000670055831
6000000000670173610
6000000000670279300
6000000000698197888
6000000000698523841
6000000000698682152
6000000000698805737
6000000000699474892
6000000000746493508
6000000000746523797
6000000000750946565
6000000000751062284
6000000000751675327
6000000000751760004
6000000000752035582
6000000000752036538
6000000000752120431
6000000000752175059
6000000000769939251
6000000000769939272
6000000000769939283
6000000000769939304
6000000000769939337
6000000000769939369
6000000000769939380
6000000000769939601
6000000000770001102
6000000000770001124
6000000000770001135
6000000000770001251
6000000000770001263
6000000000770001331
6000000000770001342
6000000000770001409
6000000000770001420
6000000000770001441
6000000000770001773
6000000000770001784
6000000000836350499
6000000000841388071
6000000000842131607
6000000000842395017
6000000000842892424
6000000000843042071
6000000000843049128
6000000000843313272
6000000000846826030
6000000000846868421
6000000000846872251
6000000000851678345
6000000000856408220
6000000000857016008
6000000000865347178
6000000000865448037
6000000000865532038
6000000000865548009
6000000000879830238
6000000000882299333
6000000000883254898
6000000000883304840
6000000000883334967
6000000000883338447
6000000000883399328
6000000000883502040
6000000000883626680
6000000000883637534
6000000000883747168
6000000000883752116
6000000000883757224
6000000000883790003
6000000000883831185
6000000000883841241
6000000000883851097
6000000000883881028
6000000000883963087
6000000000905010305
6000000000905018424
6000000000905085347
6000000000906504975
6000000000906782092
6000000000906792190
6000000000906799114
6000000000933739127
6000000000978702307
6000000000978742324
6000000000979304026
6000000000985769189
6000000000986509350
6000000000986613201
6000000000990729927
6000000000990759280
6000000000990784694
6000000000990784992
6000000000990791213
6000000000990795392
6000000000990796390
6000000000990809699
6000000000990810430
6000000000990847735
6000000000990953264
6000000000990990365
6000000000991034636
6000000000991058009
6000000000995374951
6000000000995404957
6000000000995481741
6000000000995684650
6000000000995918274
6000000000995921295
6000000000996027214
6000000000996051655
6000000000996189570
6000000000996242516
6000000000996278469
6000000000996379004
6000000000999539185
6000000000999555601
6000000001000190358
6000000001000196606
6000000001000238732
6000000001000239240
6000000001000301326
6000000001000310156
6000000001000316287
6000000001000355097
6000000001042071191
6000000001074474155
6000000001121942662
6000000001166103712
6000000001166175522
6000000001174187372
6000000001235125270
6000000001235191568
6000000001235296176
6000000001235612590
6000000001284016688
6000000001284176070
6000000001284188057
6000000001294598996
6000000001294787800
6000000001294828878
6000000001294888017
6000000001319323403
6000000001319413078
6000000001323878378
6000000001338972115
6000000001339449427
6000000001343069313
6000000001379204104
6000000001382092506
6000000001388904193
6000000001395361096
6000000001395362681
6000000001421981749
6000000001421982882
6000000001422093657
6000000001422267243
6000000001422275097
6000000001422278852
6000000001422514345
6000000001422583227
6000000001435344198
6000000001435345980
6000000001435355223
6000000001435364505
6000000001435365181
6000000001435365220
6000000001435366077
6000000001435366127
6000000001435366187
6000000001435366302
6000000001435366324
6000000001435366455
6000000001435366465
6000000001435366475
6000000001435366490
6000000001435366502
6000000001435367932
6000000001435367958
6000000001435372934
6000000001435504434
6000000001435507697
6000000001435818282
6000000001441138527
6000000001441225516
6000000001444232002
6000000001468340138
6000000001469355416
6000000001470268600
6000000001470564363
6000000001470670204
6000000001479508039
6000000001479578007
6000000001500866583
6000000001500872752
6000000001500872760
6000000001500872768
6000000001500872816
6000000001500872856
6000000001500907457
6000000001500907536
6000000001500907543
6000000001500907550
6000000001500907558
6000000001500907566
6000000001500907600
6000000001500964101
6000000001500964109
6000000001500964124
6000000001500964244
6000000001500964252
6000000001501047229
6000000001501047236
6000000001504230188
6000000001504371751
6000000001513231897
6000000001513245053
6000000001513378305
6000000001513439539
6000000001513451204
6000000001513473132
6000000001513541186
6000000001539182843
6000000001539182883
6000000001539182890
6000000001541026489
6000000001541178803
6000000001541325245
6000000001541362206
6000000001541786311
6000000001541792257
6000000001573653856
6000000001573883013
6000000001587497254
6000000001645304321
6000000001645435645
6000000001645466663
6000000001645515398
6000000001645566295
6000000001707063424
6000000001748609379
6000000001767637600
6000000001777061041
6000000001777160938
6000000001777323448
6000000001777536029
6000000001782850345
6000000001782993071
6000000001827509664
6000000001827509686
6000000001827509701
6000000001827509982
6000000001827513274
6000000001827513280
6000000001837949285
6000000001838022335
6000000001841472088
6000000001841495783
6000000001841619252
6000000001842442210
6000000001842471516
6000000001842544359
6000000001842551175
6000000001842580141
6000000001842614063
6000000001842762576
6000000001842851360
6000000001842873597
6000000001849187050
6000000001849188528
6000000001849400415
6000000001849478364
6000000001849536031
6000000001850562498
6000000001861612793
6000000001861670703
6000000001861689239
6000000001861724291
6000000001861741306
6000000001861757160
6000000001875312777
6000000001875351616
6000000001878892626
6000000001878928968
6000000001879036080
6000000001881371427
6000000001881446504
6000000001881459991
6000000001881520257
6000000001881543345
6000000001881564111
6000000001881573381
6000000001881714440
6000000001881847455
6000000001881865353
6000000001881866068
6000000001893103526
6000000001893375118
6000000001893414125
6000000001916284084
6000000001916293038
6000000001916294146
6000000001916324013
6000000001919749153
6000000001924538181
6000000001924773868
6000000001925063196
6000000001946405222
6000000001956348839
6000000001956368707
6000000001975565188
6000000001985051015
6000000001987007872
6000000002009192096
6000000002022153112
6000000002108653870
6000000002115720540
6000000002115961662
6000000002115961700
6000000002115961706
6000000002176641710
6000000002180978779
6000000002181368497
6000000002185016741
6000000002185145271
6000000002187911279
6000000002188395768
6000000002188416171
6000000002188445776
6000000002188445805
6000000002188445916
6000000002188450056
6000000002188450096
6000000002188450102
6000000002188450108
6000000002188450116
6000000002188450123
6000000002188450197
6000000002188450203
6000000002188450211
6000000002188450219
6000000002188450235
6000000002188450243
6000000002188450251
6000000002188450265
6000000002188453140
6000000002188453637
6000000002188456018
6000000002188456048
6000000002188458114
6000000002188458128
6000000002188458292
6000000002188458300
6000000002188466189
6000000002188466196
6000000002188466209
6000000002188466231
6000000002188466299
6000000002188466329
6000000002188502034
6000000002188504627
6000000002188612064
6000000002188612156
6000000002188612911
6000000002188616740
6000000002188616843
6000000002188616849
6000000002188616859
6000000002188616870
6000000002188616939
6000000002188619040
6000000002240844678
6000000002244435319
6000000002288365492
6000000002322323932
6000000002322328873
6000000002322337149
6000000002397401181
6000000002398945602
6000000002398972975
6000000002399101296
6000000002404514826
6000000002404586491
6000000002404640491
6000000002427894074
6000000002431971645
6000000002432086681
6000000002447405119
6000000002447405127
6000000002452409564
6000000002455362519
6000000002457089844
6000000002496868882
6000000002497116372
6000000002497133168
6000000002507989314
6000000002508214286
6000000002520994377
6000000002529482322
6000000002529545042
6000000002562808393
6000000002574139639
6000000002574266829
6000000002574271371
6000000002574376078
6000000002574479139
6000000002589530856
6000000002589559933
6000000002589606988
6000000002589623531
6000000002589635613
6000000002589661737
6000000002589676444
6000000002589690883
6000000002589690982
6000000002589720541
6000000002589732152
6000000002589732269
6000000002589733447
6000000002589745768
6000000002589758627
6000000002589772055
6000000002589776436
6000000002589782527
6000000002589785264
6000000002589785455
6000000002589787139
6000000002589787324
6000000002589788548
6000000002589802203
6000000002589813735
6000000002589824536
6000000002589825131
6000000002589828107
6000000002589829413
6000000002589838967
6000000002589843450
6000000002589862976
6000000002589865257
6000000002589878175
6000000002589880341
6000000002589888264
6000000002589888600
6000000002589894928
6000000002589897023
6000000002589897466
6000000002589905483
6000000002589935767
6000000002589942577
6000000002589945427
6000000002589956791
6000000002589961361
6000000002589963574
6000000002589965014
6000000002589965124
6000000002589966957
6000000002589967016
6000000002589968292
6000000002589969022
6000000002589969381
6000000002589972906
6000000002589975521
6000000002589987489
6000000002589995019
6000000002589995501
6000000002590001050
6000000002590001951
6000000002590003330
6000000002590009177
6000000002590011042
6000000002590011114
6000000002590011383
6000000002590019034
6000000002590019096
6000000002590024498
6000000002590036585
6000000002590056620
6000000002590059024
6000000002590060253
6000000002590062003
6000000002590063465
6000000002590064077
6000000002590066174
6000000002590069015
6000000002590073052
6000000002590073161
6000000002590113172
6000000002590113618
6000000002590136858
6000000002590152037
6000000002590180809
6000000002590216383
6000000002590217699
6000000002590217975
6000000002590225061
6000000002590227392
6000000002590229541
6000000002590230010
6000000002590240579
6000000002590314744
6000000002590336078
6000000002590340373
6000000002590350514
6000000002590370103
6000000002590375753
6000000002590422085
6000000002590430665
6000000002590430722
6000000002590432499
6000000002590432566
6000000002590444523
6000000002590444562
6000000002590444598
6000000002590453379
6000000002590454789
6000000002590454828
6000000002590480672
6000000002590498586
6000000002590506131
6000000002590512580
6000000002590514269
6000000002590514946
6000000002590529336
6000000002590539940
6000000002590540517
6000000002590542099
6000000002590543243
6000000002590549439
6000000002590553728
6000000002590555198
6000000002590579044
6000000002590586499
6000000002590586715
6000000002590590036
6000000002590590383
6000000002590591114
6000000002590593076
6000000002590594967
6000000002590597151
6000000002590598004
6000000002590617037
6000000002590643639
6000000002590643735
6000000002590650943
6000000002590657273
6000000002590665912
6000000002590700021
6000000002590730218
6000000002590732171
6000000002590741230
6000000002590745063
6000000002590745117
6000000002590759012
6000000002594403822
6000000002621784047
6000000002634082703
6000000002634235493
6000000002634347389
6000000002634713031
6000000002636407799
6000000002637852375
6000000002648373692
6000000002656576463
6000000002657718202
6000000002657891069
6000000002658063694
6000000002658106391
6000000002658211619
6000000002658232003
6000000002658245576
6000000002658398969
6000000002658403370
6000000002658438858
6000000002658442326
6000000002658452357
6000000002658522467
6000000002658539405
6000000002658547818
6000000002658552525
6000000002658649333
6000000002658676165
6000000002658751925
6000000002658776109
6000000002658802411
6000000002658802624
6000000002658840067
6000000002658840575
6000000002658850778
6000000002658877692
6000000002658878627
6000000002658922577
6000000002658936394
6000000002658944286
6000000002658978182
6000000002658991267
6000000002659014004
6000000002659032085
6000000002659059331
6000000002659110122
6000000002659113026
6000000002659190200
6000000002659822310
6000000002659841302
6000000002659863111
6000000002659867312
6000000002662785872
6000000002662818964
6000000002662868753
6000000002662894545
6000000002662904833
6000000002662956756
6000000002663006287
6000000002663068147
6000000002663072091
6000000002663090161
6000000002667489701
6000000002667491473
6000000002667513593
6000000002667566251
6000000002667584222
6000000002667588099
6000000002667619202
6000000002667633255
6000000002667646297
6000000002667680041
6000000002674346487
6000000002688296133
6000000002702341096
6000000002714039137
6000000002715037235
6000000002725797698
6000000002725806498
6000000002778438622
6000000002842974997
6000000002843162319
6000000002843236343
6000000002845231403
6000000002915140855
6000000002948174689
6000000002956549406
6000000002956580334
6000000002964201086
6000000002964201124
6000000002964201130
6000000002964201581
6000000002964201598
6000000002964201708
6000000002964201713
6000000002964201726
6000000002964201744
6000000002964201750
6000000002964201756
6000000002964201813
6000000002964201819
6000000002964201825
6000000002964201843
6000000002964201873
6000000003003872009
6000000003040651343
6000000003040838913
6000000003041286396
6000000003041478887
6000000003041547683
6000000003041599178
6000000003047659421
6000000003055498767
6000000003071839226
6000000003086509510
6000000003094721300
6000000003094779448
6000000003094805100
6000000003095019526
6000000003106896458
6000000003107192596
6000000003107192601
6000000003110705459
6000000003116590248
6000000003116668541
6000000003116752539
6000000003117883335
6000000003122317723
6000000003122317808
6000000003122317826
6000000003122317837
6000000003122317858
6000000003122319829
6000000003122319844
6000000003122319864
6000000003122340536
6000000003122340655
6000000003122346868
6000000003122380919
6000000003122380924
6000000003122380935
6000000003122380941
6000000003122380947
6000000003122380953
6000000003122380959
6000000003122384007
6000000003122384013
6000000003122384019
6000000003122384026
6000000003122384032
6000000003122384038
6000000003122384044
6000000003122384050
6000000003122384057
6000000003122384064
6000000003122384076
6000000003122384400
6000000003122427549
6000000003122477416
6000000003123252825
6000000003123800179
6000000003124767789
6000000003132012065
6000000003132981228
6000000003137456212
6000000003138859204
6000000003138945737
6000000003138952073
6000000003139037531
6000000003139041980
6000000003139103127
6000000003139111841
6000000003139132076
6000000003139134965
6000000003139146601
6000000003139155634
6000000003139161703
6000000003139166214
6000000003139166758
6000000003139171340
6000000003139222066
6000000003139265009
6000000003141784799
6000000003141797709
6000000003141846477
6000000003141866790
6000000003141954407
6000000003142002417
6000000003142035167
6000000003142054037
6000000003142100143
6000000003146970482
6000000003147444312
6000000003147583002
6000000003172481936
6000000003174763916
6000000003210249162
6000000003210292699
6000000003219727451
6000000003219759618
6000000003219759626
6000000003219792467
6000000003232545902
6000000003232579010
6000000003232579017
6000000003232579946
6000000003234018546
6000000003237614597
6000000003237614609
6000000003237804675
6000000003237804681
6000000003237804685
6000000003252914692
6000000003253033903
6000000003253855441
6000000003253882318
6000000003253983044
6000000003253998073
6000000003254442548
6000000003274405876
6000000003274473750
6000000003274564729
6000000003274590631
6000000003274621171
6000000003274624690
6000000003274653256
6000000003275585827
6000000003276198556
6000000003285472970
6000000003285553237
6000000003285572645
6000000003306282722
6000000003309293163
6000000003311986861
6000000003319112811
6000000003320572226
6000000003366097066
6000000003403254598
6000000003406553612
6000000003406588726
6000000003407135854
6000000003407137847
6000000003407187565
6000000003407329833
6000000003407402390
6000000003407450210
6000000003407468375
6000000003407468509
6000000003407481349
6000000003410388857
6000000003410449765
6000000003410456914
6000000003410483628
6000000003410500359
6000000003410595236
6000000003410619142
6000000003410621184
6000000003410630278
6000000003412919626
6000000003426959916
6000000003455163079
6000000003481828848
6000000003481828861
6000000003481828867
6000000003481828874
6000000003481828915
6000000003481828921
6000000003481830022
6000000003481830046
6000000003481830052
6000000003481830058
6000000003481830064
6000000003493135636
6000000003493171505
6000000003493171533
6000000003493171560
6000000003493171581
6000000003493171588
6000000003493176482
6000000003493176544
6000000003493218891
6000000003493218905
6000000003493218919
6000000003493218954
6000000003493220220
6000000003493220228
6000000003493220235
6000000003493220260
6000000003493396385
6000000003495760550
6000000003496767507
6000000003496987004
6000000003507990672
6000000003508047208
6000000003510673956
6000000003510673962
6000000003510710784
6000000003510784451
6000000003510866571
6000000003510866577
6000000003510918126
6000000003510918131
6000000003510918136
6000000003510918141
6000000003510918146
6000000003510992475
6000000003510992479
6000000003511119091
6000000003512281801
6000000003512315922
6000000003512317951
6000000003512372786
6000000003512376424
6000000003512377819
6000000003512382922
6000000003512388596
6000000003512416908
6000000003512423628
6000000003512437916
6000000003512438670
6000000003512460327
6000000003512481213
6000000003512485815
6000000003512494671
6000000003512497353
6000000003512504602
6000000003512504644
6000000003512509536
6000000003512521154
6000000003512522293
6000000003512522442
6000000003512525485
6000000003512528395
6000000003512535614
6000000003512552573
6000000003512559210
6000000003512562497
6000000003512568304
6000000003512580211
6000000003512596264
6000000003512601406
6000000003512601931
6000000003512606002
6000000003512628120
6000000003512677278
6000000003512704605
6000000003512704609
6000000003512738308
6000000003512885698
6000000003512885704
6000000003512894627
6000000003512894633
6000000003512894637
6000000003512894641
6000000003512947734
6000000003512947740
6000000003512947744
6000000003512947748
6000000003512947752
6000000003512947756
6000000003513575244
6000000003513889970
6000000003513947591
6000000003513947595
6000000003514015691
6000000003514054125
6000000003514054131
6000000003514054135
6000000003514054139
6000000003514056300
6000000003514056304
6000000003514056308
6000000003514135016
6000000003514135022
6000000003515021714
6000000003523333965
6000000003523450729
6000000003533575873
6000000003533575877
6000000003533657515
6000000003533768216
6000000003533768220
6000000003533813127
6000000003533813131
6000000003533813582
6000000003537717580
6000000003538942878
6000000003538942882
6000000003538942886
6000000003538942890
6000000003545362139
6000000003574033709
6000000003574235264
6000000003574264133
6000000003580928225
6000000003615927484
6000000003649101088
6000000003659008443
6000000003666127926
6000000003666281120
6000000003666312029
6000000003682632338
6000000003695602736
6000000003695843572
6000000003696065270
6000000003696065448
6000000003696158386
6000000003784237528
6000000003784248890
6000000003784344887
6000000003784346124
6000000003784370557
6000000003784428066
6000000003792888067
6000000003802409417
6000000003805982473
6000000003807738700
6000000003807901489
6000000003813145770
6000000003820112238
6000000003827384234
6000000003827529322
6000000003827561325
6000000003827561331
6000000003827573260
6000000003827573267
6000000003827650119
6000000003827650747
6000000003827650754
6000000003827650760
6000000003827650905
6000000003827657974
6000000003845478484
6000000003845495674
6000000003845707346
6000000003846023168
6000000003846076006
6000000003855900492
6000000003859391449
6000000003868210364
6000000003875372660
6000000003879438150
6000000003885198846
6000000003904567299
6000000003934869924
6000000003934965072
6000000003934993090
6000000003935033242
6000000003935120180
6000000003935484952
6000000003935906048
6000000003936136250
6000000003945084867
6000000003945784592
6000000003945903183
6000000003946158015
6000000003950581545
6000000003950715105
6000000003950822853
6000000003952460301
6000000003974229932
6000000003974248754
6000000003974275891
6000000003974331567
6000000003974490996
6000000003974512161
6000000003974568009
6000000003974690148
6000000003978639254
6000000003979033691
6000000003979051871
6000000003979130845
6000000004033608056
6000000004033608061
6000000004041806746
6000000004047354577
6000000004082907343
6000000004094974286
6000000004095556854
6000000004095901670
6000000004095945128
6000000004096346144
6000000004097241520
6000000004097311109
6000000004097311497
6000000004097311537
6000000004097311544
6000000004097311554
6000000004097337981
6000000004097637067
6000000004097637501
6000000004097637508
6000000004097637515
6000000004097637522
6000000004097637535
6000000004097637541
6000000004097657709
6000000004097657756
6000000004097766424
6000000004097796076
6000000004097796082
6000000004097796088
6000000004097796093
6000000004097796098
6000000004097796103
6000000004097796109
6000000004097796115
6000000004097923170
6000000004106626509
6000000004120195518
6000000004138386551
6000000004139464394
6000000004139515934
6000000004140655524
6000000004145280433
6000000004149387921
6000000004149563019
6000000004150889590
6000000004154417178
6000000004154417190
6000000004157990702
6000000004158154191
6000000004158437159
6000000004165295168
6000000004170723627
6000000004170779771
6000000004170855373
6000000004170863465
6000000004170936006
6000000004170936235
6000000004171011249
6000000004171045127
6000000004174937484
6000000004175578608
6000000004175606509
6000000004175711144
6000000004176823693
6000000004176944447
6000000004178183584
6000000004179584975
6000000004183474846
6000000004224122543
6000000004224221939
6000000004225401117
6000000004226758228
6000000004226801233
6000000004226857275
6000000004227097115
6000000004237457566
6000000004238397464
6000000004238476401
6000000004238505184
6000000004238525166
6000000004238550116
6000000004259167824
6000000004336732681
6000000004336841042
6000000004370245656
6000000004379370686
6000000004391463549
6000000004391562022
6000000004391563520
6000000004391581477
6000000004391596020
6000000004391653320
6000000004391703654
6000000004391818247
6000000004391965577
6000000004431105012
6000000004431208001
6000000004457544003
6000000004458391001
6000000004458610001
6000000004530036013
6000000004530042009
6000000004540210557
6000000004540395580
6000000004540423617
6000000004540483575
6000000004540689493
6000000004541020865
6000000004541223099
6000000004541268016
6000000004543709568
6000000004543725514
6000000004543742979
6000000004543784807
6000000004543799655
6000000004543826243
6000000004543833413
6000000004543889473
6000000004543914136
6000000004543954184
6000000004543957123
6000000004543964307
6000000004543977019
6000000004544064300
6000000004561784913
6000000004563308022
6000000004563668701
6000000004563679920
6000000004563679954
6000000004566498915
6000000004566564529
6000000004566864353
6000000004567907368
6000000004568716131
6000000004568744436
6000000004575729913
6000000004577556686
6000000004578414425
6000000004591607914
6000000004642151514
6000000004642336776
6000000004642359785
6000000004642462264
6000000004642462304
6000000004642501143
6000000004653707669
6000000004653732441
6000000004654890984
6000000004664070667
6000000004664240997
6000000004664285619
6000000004664331754
6000000004664357477
6000000004664424381
6000000004664463852
6000000004664511014
6000000004665124853
6000000004665889513
6000000004666572132
6000000004666757525
6000000004666881500
6000000004674285716
6000000004674373527
6000000004674463116
6000000004674900871
6000000004675326591
6000000004675910256
6000000004676851642
6000000004677047399
6000000004677492049
6000000004684182730
6000000004684284309
6000000004684334126
6000000004684480496
6000000004684520253
6000000004684553069
6000000004684909639
6000000004684937393
6000000004684937671
6000000004685144401
6000000004685150108
6000000004685161903
6000000004685219565
6000000004685328565
6000000004685340783
6000000004685396274
6000000004685571014
6000000004685885232
6000000004685952008
6000000004691053266
6000000004692292049
6000000004693222137
6000000004818030009
6000000004832099079
6000000004832107356
6000000004832181526
6000000004832216824
6000000004832313011
6000000004832579176
6000000004834220357
6000000004834242619
6000000004834457126
6000000004869051438
6000000004869156816
6000000004869204763
6000000004869212824
6000000004869250543
6000000004869285956
6000000004869324617
6000000004869325932
6000000004869335001
6000000004869339521
6000000004869352146
6000000004869400153
6000000004869423111
6000000004869573266
6000000004869671294
6000000004892814016
6000000004892997003
6000000004893131001
6000000004893203021
6000000004893343003
6000000004893453022
6000000004893548056
6000000004953368897
6000000004954273854
6000000004954810929
6000000004954818928
6000000004954843311
6000000004955016930
6000000004955020772
6000000004955103017
6000000004955164099
6000000004960270764
6000000004960419349
6000000004960423263
6000000004960475869
6000000004960480553
6000000004960490008
6000000004960492577
6000000004960526199
6000000004960686370
6000000004962812751
6000000005033706476
6000000005061178461
6000000005061221418
6000000005061287529
6000000005062536963
6000000005062596951
6000000005062613809
6000000005062692717
6000000005062778475
6000000005062802240
6000000005062831274
6000000005062883672
6000000005062914835
6000000005062923062
6000000005062955839
6000000005063017811
6000000005063085593
6000000005063111290
6000000005063143323
6000000005063210110
6000000005063336811
6000000005063365632
6000000005063390560
6000000005063390568
6000000005063398598
6000000005063399526
6000000005063433409
6000000005063454269
6000000005063457178
6000000005063482478
6000000005063532382
6000000005063553083
6000000005063560005
6000000005064208780
6000000005064221790
6000000005064356725
6000000005064463845
6000000005065410349
6000000005065424238
6000000005065443285
6000000005065443858
6000000005065453564
6000000005065505395
6000000005065579103
6000000005065611087
6000000005065663086
6000000005065709703
6000000005065914146
6000000005066084145
6000000005066116839
6000000005066388425
6000000005066393165
6000000005066777873
6000000005067000389
6000000005067009859
6000000005067056723
6000000005067386202
6000000005074051339
6000000005099201871
6000000005099377649
6000000005099556014
6000000005100352942
6000000005100781186
6000000005223993675
6000000005224032449
6000000005229178387
6000000005230827440
6000000005230828709
6000000005230878846
6000000005230952474
6000000005230953348
6000000005230968360
6000000005230994200
6000000005230995094
6000000005231002086
6000000005231002291
6000000005231057160
6000000005231060012
6000000005440902490
6000000005441428212
6000000005441428218
6000000005441763528
6000000005441763536
6000000005441763543
6000000005441763550
6000000005446009006
6000000005446555011
6000000005446632001
6000000005446654025
6000000005489408016
6000000005607957168
6000000005644622005
6000000005644700019
6000000005747547252
6000000005765829889
6000000005768779077
6000000005772652290
6000000005777715043
6000000005778694733
6000000005778905620
6000000005794346021
6000000005947951006
6000000005951658109
6000000006075515324
6000000006076944180
6000000006077004200
6000000006077013337
6000000006077100078
6000000006077256091
6000000006078557108
6000000006078677313
6000000006078790153
6000000006078888030
6000000006085274084
6000000006087639405
6000000006088076037
6000000006094007352
6000000006094206334
6000000006094251083
6000000006094267119
6000000006094268065
6000000006094282021
6000000006094285236
6000000006094360226
6000000006094386220
6000000006094604124
6000000006094607043
6000000006095270022
6000000006095628011
6000000006097307200
6000000006097322097
6000000006097891864
6000000006097928861
6000000006097988680
6000000006098058522
6000000006098276488
6000000006098280372
6000000006098571153
6000000006098613127
6000000006098628252
6000000006098654083
6000000006098688223
6000000006098726108
6000000006098727029
6000000006098953139
6000000006099118839
6000000006099189519
6000000006099377480
6000000006099435977
6000000006100082112
6000000006100107239
6000000006101254832
6000000006101254838
6000000006101254844
6000000006101254960
6000000006101312718
6000000006101312794
6000000006101312798
6000000006101312802
6000000006101312806
6000000006101312811
6000000006101348166
6000000006101354384
6000000006101354388
6000000006101354494
6000000006101354499
6000000006101354564
6000000006101354569
6000000006101354573
6000000006101354589
6000000006101354608
6000000006101354612
6000000006101354617
6000000006101354628
6000000006101354639
6000000006101354644
6000000006101354649
6000000006101354653
6000000006101354658
6000000006101354662
6000000006101354667
6000000006101354678
6000000006101354683
6000000006101354687
6000000006101354702
6000000006101354707
6000000006101354712
6000000006101354717
6000000006101354726
6000000006101354731
6000000006101354736
6000000006101354745
6000000006101354766
6000000006101354780
6000000006101354797
6000000006101354801
6000000006101354807
6000000006101354813
6000000006101354819
6000000006101354824
6000000006101354828
6000000006101354833
6000000006101354838
6000000006101354844
6000000006101354848
6000000006101354852
6000000006101354883
6000000006101354887
6000000006101354905
6000000006101354910
6000000006101354916
6000000006101354920
6000000006101354926
6000000006101381936
6000000006101404847
6000000006101415836
6000000006101430311
6000000006101430416
6000000006101430421
6000000006101430426
6000000006101430432
6000000006101430446
6000000006101430458
6000000006101430463
6000000006101430490
6000000006101430495
6000000006109201186
6000000006114729018
6000000006127682204
6000000006127682211
6000000006240984969
6000000006241416281
6000000006241607051
6000000006257546733
6000000006257550536
6000000006257575654
6000000006257602333
6000000006257602369
6000000006257606525
6000000006257683233
6000000006257742380
6000000006257753257
6000000006257758288
6000000006257776162
6000000006257780437
6000000006257821073
6000000006257859109
6000000006257885007
6000000006257970103
6000000006318820006
6000000006325813243
6000000006347414474
6000000006348819866
6000000006349204388
6000000006349569006
6000000006365302655
6000000006377497551
6000000006377986027
6000000006383248010
6000000006404681723
6000000006404915389
6000000006405031247
6000000006410575766
6000000006410758296
6000000006410901048
6000000006412354543
6000000006412365455
6000000006412515173
6000000006420358940
6000000006420440641
6000000006420641372
6000000006420692242
6000000006420692444
6000000006420711150
6000000006420721111
6000000006421013012
6000000006428370888
6000000006428419376
6000000006428491389
6000000006428590101
6000000006429228717
6000000006435592832
6000000006436359683
6000000006436413760
6000000006436641118
6000000006444086851
6000000006444099404
6000000006444205651
6000000006444272490
6000000006444272842
6000000006444307207
6000000006444307222
6000000006444307257
6000000006444422097
6000000006444422102
6000000006444422467
6000000006444711394
6000000006444746709
6000000006444753224
6000000006444762285
6000000006451209985
6000000006451369773
6000000006451403719
6000000006451608453
6000000006451693425
6000000006451796150
6000000006451828146
6000000006451831121
6000000006451831140
6000000006452048278
6000000006456114459
6000000006456150386
6000000006459691005
6000000006496358950
6000000006508205018
6000000006509540001
6000000006525681915
6000000006535665067
6000000006536822011
6000000006537172013
6000000006537253008
6000000006537297002
6000000006537360007
6000000006537361006
6000000006537388007
6000000006537455001
6000000006576797514
6000000006577195008
6000000006583345588
6000000006586437007
6000000006591586020
6000000006595813201
6000000006595813205
6000000006595813225
6000000006596670807
6000000006596712758
6000000006599077034
6000000006599208055
6000000006599247003
6000000006599903742
6000000006602051062
6000000006602122122
6000000006603883504
6000000006604490155
6000000006605798653
6000000006605845595
6000000006606248701
6000000006606310636
6000000006606682588
6000000006608547167
6000000006608928140
6000000006610909001
6000000006610921001
6000000006705799233
6000000006706037170
6000000006706137529
6000000006706372714
6000000006719557298
6000000006721857089
6000000006725548864
6000000006726234707
6000000006726262583
6000000006726361763
6000000006726397281
6000000006726499123
6000000006727746824
6000000006727746841
6000000006727746848
6000000006727746865
6000000006727746872
6000000006727746887
6000000006727746903
6000000006727753826
6000000006727785569
6000000006727820407
6000000006727849698
6000000006727853050
6000000006727853745
6000000006727855670
6000000006727858380
6000000006727876826
6000000006734852355
6000000006741556892
6000000006746358500
6000000006747483001
6000000006748254010
6000000006755266039
6000000006755291168
6000000006755547909
6000000006755699733
6000000006755790339
6000000006757706139
6000000006761016763
6000000006761901992
6000000006763424307
6000000006763568151
6000000006763598175
6000000006764269412
6000000006764326717
6000000006764489541
6000000006764585698
6000000006764609595
6000000006765782025
6000000006765945007
6000000006766199048
6000000006767568903
6000000006767572645
6000000006767748360
6000000006767776667
6000000006767878881
6000000006767878887
6000000006767924252
6000000006767946640
6000000006768514307
6000000006768555358
6000000006772115293
6000000006781162544
6000000006781174538
6000000006781179864
6000000006781265565
6000000006781271556
6000000006781382686
6000000006781417432
6000000006781436304
6000000006781963580
6000000006782011266
6000000006782136431
6000000006782325048
6000000006782591132
6000000006782613125
6000000006782623067
6000000006782623073
6000000006787854686
6000000006788256743
6000000006788315587
6000000006788349674
6000000006788401430
6000000006788536610
6000000006788550197
6000000006788609332
6000000006788763050
6000000006795425934
6000000006795760315
6000000006797646030
6000000006808584866
6000000006808647522
6000000006809452563
6000000006809498534
6000000006809550435
6000000006815460668
6000000006851299254
6000000006851401669
6000000006861386657
6000000006861546438
6000000006861620416
6000000006861628411
6000000006861659331
6000000006866901646
6000000006868227042
6000000006875137282
6000000006881408663
6000000006881680310
6000000006891788862
6000000006895166933
6000000006896244606
6000000006897053200
6000000006897744054
6000000006899397923
6000000006899558740
6000000006900032319
6000000006900056189
6000000006900096450
6000000006900169061
6000000006900263007
6000000006900334092
6000000006900423094
6000000006901240419
6000000006901413298
6000000006901501143
6000000006901827592
6000000006901827612
6000000006901836466
6000000006901840042
6000000006901919461
6000000006901999570
6000000006902031321
6000000006902134213
6000000006902194204
6000000006902212253
6000000006902261087
6000000006902264060
6000000006902275146
6000000006902322015
6000000006902363144
6000000006902363148
6000000006926629894
6000000006926636708
6000000006926921661
6000000006926954908
6000000006926989483
6000000006927031413
6000000006927035480
6000000006927106136
6000000006927121044
6000000006927125166
6000000006927134071
6000000006927193241
6000000006927193304
6000000006927214215
6000000006927221055
6000000006927235132
6000000006927268077
6000000006928467615
6000000006931010781
6000000006931155414
6000000006931224827
6000000006931276705
6000000006931432200
6000000006936202006
6000000006944091701
6000000006944175756
6000000006944378598
6000000006944503281
6000000006944555245
6000000006944555990
6000000006944688103
6000000006944715141
6000000006945058742
6000000006945076833
6000000006945330339
6000000006945506040
6000000006945525036
6000000006971295711
6000000006973480613
6000000006973866797
6000000006974381376
6000000006975381552
6000000006975381585
6000000006975491504
6000000006975540524
6000000006975541214
6000000006975615692
6000000006975809298
6000000006975927022
6000000006976068173
6000000006976170012
6000000006976170045
6000000006976894359
6000000006977052199
6000000006977070330
6000000006977145043
6000000006977145048
6000000006977145074
6000000006990272207
6000000006990301106
6000000006990415134
6000000007086577488
6000000007086614548
6000000007086662766
6000000007086799142
6000000007103443860
6000000007103452979
6000000007103452983
6000000007103452987
6000000007103485616
6000000007103611425
6000000007103611430
6000000007106167545
6000000007106263432
6000000007113643963
6000000007113780745
6000000007153378417
6000000007153378432
6000000007153398423
6000000007153418956
6000000007153459508
6000000007153469292
6000000007153521584
6000000007153522344
6000000007153532423
6000000007153534454
6000000007153535587
6000000007153542262
6000000007153565311
6000000007153569342
6000000007153573251
6000000007153576556
6000000007153582327
6000000007153587376
6000000007153596417
6000000007153606425
6000000007153612207
6000000007153616321
6000000007153622504
6000000007153622576
6000000007153622582
6000000007153639332
6000000007153645448
6000000007153646488
6000000007153646492
6000000007153664327
6000000007153680329
6000000007153729297
6000000007153729340
6000000007153730299
6000000007153734225
6000000007153744307
6000000007153748208
6000000007153752257
6000000007153777249
6000000007153777281
6000000007153850219
6000000007153866210
6000000007153890202
6000000007156199582
6000000007157016523
6000000007157225483
6000000007157225487
6000000007157373467
6000000007157492213
6000000007157499253
6000000007162236769
6000000007162313733
6000000007162350761
6000000007162517592
6000000007162650312
6000000007162658480
6000000007162697267
6000000007162741426
6000000007162763297
6000000007162779232
6000000007168991625
6000000007169411451
6000000007169507300
6000000007175331426
6000000007184109020
6000000007192138446
6000000007202988733
6000000007226008360
6000000007228810119
6000000007228903924
6000000007228933760
6000000007229018845
6000000007229387532
6000000007229449440
6000000007230117391
6000000007240712120
6000000007240719074
6000000007240775991
6000000007240846060
6000000007240910735
6000000007241110885
6000000007241145338
6000000007241159660
6000000007241414417
6000000007273295799
6000000007273301741
6000000007273418655
6000000007307052391
6000000007307273501
6000000007319664761
6000000007319673800
6000000007319762293
6000000007319826280
6000000007319905205
6000000007321313128
6000000007325793213
6000000007325793231
6000000007326837469
6000000007328237457
6000000007329627633
6000000007329627651
6000000007329627706
6000000007329628012
6000000007329991665
6000000007330164271
6000000007336586390
6000000007336627094
6000000007336866596
6000000007337390586
6000000007359007262
6000000007359079619
6000000007359359246
6000000007359565252
6000000007359701245
6000000007359715365
6000000007372480257
6000000007373630731
6000000007374078718
6000000007374147483
6000000007374258493
6000000007384676788
6000000007384755357
6000000007384777401
6000000007385644071
6000000007385763321
6000000007394938990
6000000007395315362
6000000007395323305
6000000007417117848
6000000007434757809
6000000007434757814
6000000007434814761
6000000007434927576
6000000007434929026
6000000007434955897
6000000007435116295
6000000007435128865
6000000007442059709
6000000007443415956
6000000007443521807
6000000007443553827
6000000007443669149
6000000007443912591
6000000007444014776
6000000007444045296
6000000007444048973
6000000007444185406
6000000007444303459
6000000007447190369
6000000007453144969
6000000007459807343
6000000007466362469
6000000007466595321
6000000007466628299
6000000007471403188
6000000007472416179
6000000007472599254
6000000007498407604
6000000007499080232
6000000007509634761
6000000007509675624
6000000007509896309
6000000007510758693
6000000007511741535
6000000007520906251
6000000007520911209
6000000007522028712
6000000007540381403
6000000007540491273
6000000007540511289
6000000007549853389
6000000007562728030
6000000007585731323
6000000007585857687
6000000007588516402
6000000007588561286
6000000007589063398
6000000007592441445
6000000007603061484
6000000007603102373
6000000007605227167
6000000007605262305
6000000007605342409
6000000007605460277
6000000007605705166
6000000007605887073
6000000007606332445
6000000007606332450
6000000007606332461
6000000007606332483
6000000007606332489
6000000007606332494
6000000007606332499
6000000007606332521
6000000007606332549
6000000007606332660
6000000007607663517
6000000007610979360
6000000007646664051
6000000007664858090
6000000007665462377
6000000007665528232
6000000007674470974
6000000007674824504
6000000007674960426
6000000007707003204
6000000007743525994
6000000007743580908
6000000007743804623
6000000007791685621
6000000007791794904
6000000007792136661
6000000007792176081
6000000007792253908
6000000007792270424
6000000007792384984
6000000007792544901
6000000007792585056
6000000007792696841
6000000007792771651
6000000007792784227
6000000007792793483
6000000007792828859
6000000007792871927
6000000007792876527
6000000007792913266
6000000007793130203
6000000007793140267
6000000007793390896
6000000007793401403
6000000007793431531
6000000007819331265
6000000007831757178
6000000007832123585
6000000007832246488
6000000007832249486
6000000007832331249
6000000007832357362
6000000007833247234
6000000007841176184
6000000007852131621
6000000007852134895
6000000007852228363
6000000007852249498
6000000007852261512
6000000007852274651
6000000007852300831
6000000007852318301
6000000007852323569
6000000007852332670
6000000007852342519
6000000007852358440
6000000007852384406
6000000007852395530
6000000007852438201
6000000007852440264
6000000007852465645
6000000007852486347
6000000007852492448
6000000007852499226
6000000007852517210
6000000007852521613
6000000007852540296
6000000007852573230
6000000007871861192
6000000007872042075
6000000007872135332
6000000007872135924
6000000007872178200
6000000007872201206
6000000007872233144
6000000007872247663
6000000007872334406
6000000007872371844
6000000007872445231
6000000007872468957
6000000007872469908
6000000007872590969
6000000007872710188
6000000007872748240
6000000007872896986
6000000007872975339
6000000007873065614
6000000007873105941
6000000007873143144
6000000007873236620
6000000007873373238
6000000007873395246
6000000007873480320
6000000007877840545
6000000007877849235
6000000007879449829
6000000007879477584
6000000007880267238
6000000007880589358
6000000007880593402
6000000007880597324
6000000007880652692
6000000007881203377
6000000007881613278
6000000007887614633
6000000007891237054
6000000007891241402
6000000007891288298
6000000007891309371
6000000007891325484
6000000007891336630
6000000007891363339
6000000007891408285
6000000007891410631
6000000007891468418
6000000007891527467
6000000007891706323
6000000007891785229
6000000007891825443
6000000007891946787
6000000007891998019
6000000007892081401
6000000007892089474
6000000007892235769
6000000007892627388
6000000007896181161
6000000007896266130
6000000007896399168
6000000007896434863
6000000007896519447
6000000007896683585
6000000007896731586
6000000007896732895
6000000007896772379
6000000007896781806
6000000007896802795
6000000007896806582
6000000007896861244
6000000007897038513
6000000007897061429
6000000007947489857
6000000007947744434
6000000007948039276
6000000007948054460
6000000007948731482
6000000007949043978
6000000007949054335
6000000007949056229
6000000007949349873
6000000007950931464
6000000007951073336
6000000007951369403
6000000007951910569
6000000007960129940
6000000007960350261
6000000007960434327
6000000007975359569
6000000007980201344
6000000007985365662
6000000007995192783
6000000007995673421
6000000008009146219
6000000008010175894
6000000008010248463
6000000008010371409
6000000008018892870
6000000008018900992
6000000008018991833
6000000008018997063
6000000008019105593
6000000008019107442
6000000008019159202
6000000008019216356
6000000008020992573
6000000008021100514
6000000008021169405
6000000008024070894
6000000008024133707
6000000008024168627
6000000008024207441
6000000008024303241
6000000008031815804
6000000008032090520
6000000008032149360
6000000008032391721
6000000008032443455
6000000008032447712
6000000008032488560
6000000008032491564
6000000008036168750
6000000008049080226
6000000008050917580
6000000008062772167
6000000008090331855
6000000008090464834
6000000008090560796
6000000008090578579
6000000008090587849
6000000008090725243
6000000008091983321
6000000008092041322
6000000008100890923
6000000008101048312
6000000008101051463
6000000008101892913
6000000008102120368
6000000008102127244
6000000008102509048
6000000008104677107
6000000008112460783
6000000008112494525
6000000008112904489
6000000008112985209
6000000008113948763
6000000008113987852
6000000008114105722
6000000008114111556
6000000008114167750
6000000008114210133
6000000008114213185
6000000008114307280
6000000008114334460
6000000008114392546
6000000008114439489
6000000008114474295
6000000008114483531
6000000008114493239
6000000008114505373
6000000008115021475
6000000008115212866
6000000008130674896
6000000008130762773
6000000008142333298
6000000008154791008
6000000008154848800
6000000008155003397
6000000008155003843
6000000008155039419
6000000008155059218
6000000008211111927
6000000008211205552
6000000008211206670
6000000008211208275
6000000008211382257
6000000008235381690
6000000008235461942
6000000008235715032
6000000008235730426
6000000008236137479
6000000008249474890
6000000008250495507
6000000008251412595
6000000008251538432
6000000008262011906
6000000008262617721
6000000008262941290
6000000008265874856
6000000008266043781
6000000008267870092
6000000008268066660
6000000008269958481
6000000008277258052
6000000008277789061
6000000008303480371
6000000008310164814
6000000008311458087
6000000008316510104
6000000008317529982
6000000008321677140
6000000008345389102
6000000008345914624
6000000008345922587
6000000008346271398
6000000008351579436
6000000008379186746
6000000008379186889
6000000008379272218
6000000008383977191
6000000008383986578
6000000008384001982
6000000008384003915
6000000008384024462
6000000008384075400
6000000008384102573
6000000008384169515
6000000008395473048
6000000008412537060
6000000008412763489
6000000008412850463
6000000008412850599
6000000008412866467
6000000008413047936
6000000008413078609
6000000008413363765
6000000008413383505
6000000008415553952
6000000008415565707
6000000008415678736
6000000008415722429
6000000008415775537
6000000008415892311
6000000008418787794
6000000008419015505
6000000008419118285
6000000008419125317
6000000008420217119
6000000008420292627
6000000008420333733
6000000008420359457
6000000008420422375
6000000008420441414
6000000008420455287
6000000008420477327
6000000008428728826
6000000008436408759
6000000008436497662
6000000008436553807
6000000008436738292
6000000008437693892
6000000008437828293
6000000008446945967
6000000008447086656
6000000008447165104
6000000008447231170
6000000008447234466
6000000008447240284
6000000008447259275
6000000008447439664
6000000008447550408
6000000008447605677
6000000008447638207
6000000008447715866
6000000008447731021
6000000008447858974
6000000008447918128
6000000008447998626
6000000008448042998
6000000008448127581
6000000008448315830
6000000008448325735
6000000008448342132
6000000008448363352
6000000008448497730
6000000008448604760
6000000008448694869
6000000008448735651
6000000008448769649
6000000008448770424
6000000008448873336
6000000008448987047
6000000008449019906
6000000008449058356
6000000008449058912
6000000008449136092
6000000008449169881
6000000008449220943
6000000008449259182
6000000008449326269
6000000008449332099
6000000008449348173
6000000008449358817
6000000008449387263
6000000008449460657
6000000008449491244
6000000008449495536
6000000008449511995
6000000008449580681
6000000008449611088
6000000008449652295
6000000008449750824
6000000008449761604
6000000008449806809
6000000008449818127
6000000008449826562
6000000008449845216
6000000008449861502
6000000008449885614
6000000008449895903
6000000008449927816
6000000008450026741
6000000008450117772
6000000008450147037
6000000008450150938
6000000008450159678
6000000008450254110
6000000008450261906
6000000008450380775
6000000008450382984
6000000008450444443
6000000008450500050
6000000008450532076
6000000008450554236
6000000008450568184
6000000008450598286
6000000008450637373
6000000008450675366
6000000008467548795
6000000008467694955
6000000008467712710
6000000008468591496
6000000008469749499
6000000008476398351
6000000008477433293
6000000008477489082
6000000008477489086
6000000008477489090
6000000008487434196
6000000008488094172
6000000008488372829
6000000008488372835
6000000008488426117
6000000008488448529
6000000008489096160
6000000008489345902
6000000008489489603
6000000008489496922
6000000008489668536
6000000008491982930
6000000008495096027
6000000008495096130
6000000008495200036
6000000008495872607
6000000008495937741
6000000008496014954
6000000008496060304
6000000008496144580
6000000008496150654
6000000008496153404
6000000008496153627
6000000008496168847
6000000008496183426
6000000008496363222
6000000008496367209
6000000008496391230
6000000008497338066
6000000008497344027
6000000008497347835
6000000008497404347
6000000008497550073
6000000008497608976
6000000008497647041
6000000008497723073
6000000008497857319
6000000008498030438
6000000008498039607
6000000008498083497
6000000008498094262
6000000008500721346
6000000008500807216
6000000008506981493
6000000008506994135
6000000008507734667
6000000008507818779
6000000008510357137
6000000008510783714
6000000008510794007
6000000008511108662
6000000008511144356
6000000008511157206
6000000008521686371
6000000008521689490
6000000008521691340
6000000008521761380
6000000008521823512
6000000008521840258
6000000008527795054
6000000008527904245
6000000008528029042
6000000008528074136
6000000008528326285
6000000008528496737
6000000008528686507
6000000008531100673
6000000008552506086
6000000008561149281
6000000008572115768
6000000008572155580
6000000008572276138
6000000008572302899
6000000008572476354
6000000008572505207
6000000008572733237
6000000008580578636
6000000008583927525
6000000008593755418
6000000008595406548
6000000008606724959
6000000008606879724
6000000008606971917
6000000008607097678
6000000008607142320
6000000008630789222
6000000008630789980
6000000008630790179
6000000008630790191
6000000008630790199
6000000008630797216
6000000008630797220
6000000008630797779
6000000008650800225
6000000008651401607
6000000008651471815
6000000008651498792
6000000008651499028
6000000008651623491
6000000008660465549
6000000008660473146
6000000008661852799
6000000008664473601
6000000008664474195
6000000008665875106
6000000008665970211
6000000008666993649
6000000008667065806
6000000008672832110
6000000008673138086
6000000008673176268
6000000008673259842
6000000008673292013
6000000008673375829
6000000008673385993
6000000008673396712
6000000008673449070
6000000008673457270
6000000008673470567
6000000008679208163
6000000008679335163
6000000008679335168
6000000008679335173
6000000008679335178
6000000008679465004
6000000008679650726
6000000008681815194
6000000008688576560
6000000008689959405
6000000008690016307
6000000008701425997
6000000008701437063
6000000008708234185
6000000008716234060
6000000008716282950
6000000008716362071
6000000008716373536
6000000008716390339
6000000008716412044
6000000008716477538
6000000008731176537
6000000008760035514
6000000008773746999
6000000008777280822
6000000008777380032
6000000008777464956
6000000008779404728
6000000008779479474
6000000008779505790
6000000008779555053
6000000008779628553
6000000008779651184
6000000008779695711
6000000008781861739
6000000008782138557
6000000008782151565
6000000008782331479
6000000008782444343
6000000008782452277
6000000008782669208
6000000008799529854
6000000008799806492
6000000008805724383
6000000008813142266
6000000008815633013
6000000008824665969
6000000008826187376
6000000008826215451
6000000008826548841
6000000008826672401
6000000008826743264
6000000008845145750
6000000008845153112
6000000008845654535
6000000008845713819
6000000008845937842
6000000008845962406
6000000008846176215
6000000008846254303
6000000008846299228
6000000008849515408
6000000008850996059
6000000008851276069
6000000008851295871
6000000008851470234
6000000008853239147
6000000008853458149
6000000008853481630
6000000008853482843
6000000008853484906
6000000008853522830
6000000008853572396
6000000008853576273
6000000008853627319
6000000008853658864
6000000008853670623
6000000008853670685
6000000008853705593
6000000008854065807
6000000008854066103
6000000008854134893
6000000008854192132
6000000008854215672
6000000008854217823
6000000008854224723
6000000008854237807
6000000008854282342
6000000008854338778
6000000008854359206
6000000008854377803
6000000008854400006
6000000008854400921
6000000008854401939
6000000008854414374
6000000008854414401
6000000008854438424
6000000008854441216
6000000008854454994
6000000008854482296
6000000008854486231
6000000008854486262
6000000008854492428
6000000008854502363
6000000008854564702
6000000008854862795
6000000008855025672
6000000008855119470
6000000008855176470
6000000008855219466
6000000008855686258
6000000008855741231
6000000008855786245
6000000008858411539
6000000008862026009
6000000008862351668
6000000008864160100
6000000008864198062
6000000008864316032
6000000008864353135
6000000008864369620
6000000008864393391
6000000008864408397
6000000008864423453
6000000008864447210
6000000008864447923
6000000008864497116
6000000008864532891
6000000008864540832
6000000008864554677
6000000008864586032
6000000008864608395
6000000008864637334
6000000008864649553
6000000008864689245
6000000008864693384
6000000008864938495
6000000008864996860
6000000008865166325
6000000008865282515
6000000008865349667
6000000008865370446
6000000008865532468
6000000008865872874
6000000008867168701
6000000008867252884
6000000008867333533
6000000008867333895
6000000008867382463
6000000008867413093
6000000008867486613
6000000008867518086
6000000008867612516
6000000008867749333
6000000008867804489
6000000008867819541
6000000008868121409
6000000008868123432
6000000008868130295
6000000008868130494
6000000008868134227
6000000008868141745
6000000008873027696
6000000008873107678
6000000008873201392
6000000008873225461
6000000008873763178
6000000008873789139
6000000008873841029
6000000008873851004
6000000008874060776
6000000008874060787
6000000008874090582
6000000008874113040
6000000008874127651
6000000008874151412
6000000008874155449
6000000008874167327
6000000008874167360
6000000008874181313
6000000008877742057
6000000008877811957
6000000008877890819
6000000008877967824
6000000008878229708
6000000008878259206
6000000008887369959
6000000008887372965
6000000008887656750
6000000008887765806
6000000008887787081
6000000008887812476
6000000008887837349
6000000008887905532
6000000008888980434
6000000008891819953
6000000008891866846
6000000008891888167
6000000008891905809
6000000008891979059
6000000008892008987
6000000008892095658
6000000008892102531
6000000008892240222
6000000008892280260
6000000008908790561
6000000008908826057
6000000008908903364
6000000008908910751
6000000008908979962
6000000008909004927
6000000008909008267
6000000008909055987
6000000008909111842
6000000008909114337
6000000008909125390
6000000008909125873
6000000008909157808
6000000008909169291
6000000008909200102
6000000008909202880
6000000008909224402
6000000008909253425
6000000008909294506
6000000008909332277
6000000008909339233
6000000008909343285
6000000008909351307
6000000008909365215
6000000008909372434
6000000008909391214
6000000008970361615
6000000008970384407
6000000008971380151
6000000008971626567
6000000008971660290
6000000008971764290
6000000008981068219
6000000009025304520
6000000009026840804
6000000009026868818
6000000009026959414
6000000009056907667
6000000009056931305
6000000009077619858
6000000009080475569
6000000009083539921
6000000009084000239
6000000009099725089
6000000009104653983
6000000009128263245
6000000009128889991
6000000009128980923
6000000009128997637
6000000009129114456
6000000009129184894
6000000009129238135
6000000009129304769
6000000009129318098
6000000009129343172
6000000009129453318
6000000009129455270
6000000009129477305
6000000009130536890
6000000009145854096
6000000009145917702
6000000009146070324
6000000009146347720
6000000009147828470
6000000009147874143
6000000009147893933
6000000009155615106
6000000009164338954
6000000009176644630
6000000009178056402
6000000009178085271
6000000009178184292
6000000009182931724
6000000009183020578
6000000009188983842
6000000009189243986
6000000009189346638
6000000009226763602
6000000009226763931
6000000009237863003
6000000009238216329
6000000009243471193
6000000009243606680
6000000009243628925
6000000009243680638
6000000009243685554
6000000009243685847
6000000009243689980
6000000009243805626
6000000009243839975
6000000009243974742
6000000009244009029
6000000009244028022
6000000009244032716
6000000009244069285
6000000009244072597
6000000009244096480
6000000009244139451
6000000009244144537
6000000009244168553
6000000009244168586
6000000009244201267
6000000009244208882
6000000009244406903
6000000009247045436
6000000009301772264
6000000009301847335
6000000009318575084
6000000009318697947
6000000009318763952
6000000009318840628
6000000009318918853
6000000009318931067
6000000009318937423
6000000009318967776
6000000009318986360
6000000009359067532
6000000009359918903
6000000009360202569
6000000009360432418
6000000009360442018
6000000009360466400
6000000009360517396
6000000009360559400
6000000009361129842
6000000009361286067
6000000009367489176
6000000009367923459
6000000009368006326
6000000009368010125
6000000009368079710
6000000009368111111
6000000009368122560
6000000009368231329
6000000009368237452
6000000009368392449
6000000009377439730
6000000009429759546
6000000009429783636
6000000009429843423
6000000009429905830
6000000009429912221
6000000009430446959
6000000009430495742
6000000009430705713
6000000009430785306
6000000009457728130
6000000009457866043
6000000009457950519
6000000009461776972
6000000009461999766
6000000009462306516
6000000009462687357
6000000009465672664
6000000009501023493
6000000009503496107
6000000009522117357
6000000009524445777
6000000009524802456
6000000009525069321
6000000009525450236
6000000009572156839
6000000009572335890
6000000009576525891
6000000009576614897
6000000009576664873
6000000009577209540
6000000009577256091
6000000009577257192
6000000009577260042
6000000009577260916
6000000009577278109
6000000009577409449
6000000009577477387
6000000009577561289
6000000009582988180
6000000009602073004
6000000009602350686
6000000009602388512
6000000009602449274
6000000009618709506
6000000009628883681
6000000009629322270
6000000009678928856
6000000009678960362
6000000009679234491
6000000009679261416
6000000009679336331
6000000009684261632
6000000009685705797
6000000009685997400
6000000009689748191
6000000009689834576
6000000009689949524
6000000009725876088
6000000009744818522
6000000009755592009
6000000009755930206
6000000009796094100
6000000009796108140
6000000009796423191
6000000009796434089
6000000009796525041
6000000009796698635
6000000009796698640
6000000009796701797
6000000009796721173
6000000009796741428
6000000009796818789
6000000009796835818
6000000009796860580
6000000009796874114
6000000009796929492
6000000009796974055
6000000009796980270
6000000009796983248
6000000009796995206
6000000009797049232
6000000009797090644
6000000009797140353
6000000009797153607
6000000009797155281
6000000009797173282
6000000009797183320
6000000009861774211
6000000009910123258
6000000009918079304
6000000009936446217
6000000009964270896
6000000009964326934
6000000009965113296
6000000009965401953
6000000009965449321
6000000009965590931
6000000009965727848
6000000009965781308
6000000009965786615
6000000009968796089
6000000009969319244
6000000009969408387
6000000009969529088
6000000009969636966
6000000009976915481
6000000009976975504
6000000009977073456
6000000009977074458
6000000009977136418
6000000009977272211
6000000009977405497
6000000010021628993
6000000010040499078
6000000010040944678
6000000010040951977
6000000010040956791
6000000010040970773
6000000010041003458
6000000010041076453
6000000010083463939
6000000010083484450
6000000010083516886
6000000010083532651
6000000010083627236
6000000010090862109
6000000010091199038
6000000010091257033
6000000010091264837
6000000010091328698
6000000010091334516
6000000010091400932
6000000010091432360
6000000010091441520
6000000010129239296
6000000010129848045
6000000010130301773
6000000010130346393
6000000010132223871
6000000010132384460
6000000010199458069
6000000010199540404
6000000010259440969
6000000010260332878
6000000010260726071
6000000010260947239
6000000010261231434
6000000010261340311
6000000010271235884
6000000010294192329
6000000010294271397
6000000010299380561
6000000010300057482
6000000010300185221
6000000010303874801
6000000010313776224
6000000010325789838
6000000010325971976
6000000010326476772
6000000010326539558
6000000010326720148
6000000010329140516
6000000010329257423
6000000010334886125
6000000010336230457
6000000010336278592
6000000010336283123
6000000010336386530
6000000010336751202
6000000010339552098
6000000010339780223
6000000010339808417
6000000010339821747
6000000010339826811
6000000010339834528
6000000010339835869
6000000010340216422
6000000010361137304
6000000010381350797
6000000010382615082
6000000010404672885
6000000010432747625
6000000010442563083
6000000010443281209
6000000010469486044
6000000010494736119
6000000010503212851
6000000010503650858
6000000010513805631
6000000010522203120
6000000010522211073
6000000010522376583
6000000010522441875
6000000010522474656
6000000010522518360
6000000010522541274
6000000010522580665
6000000010522730291
6000000010522734348
6000000010522958624
6000000010523505593
6000000010523574095
6000000010526348162
6000000010527079890
6000000010527807984
6000000010528514394
6000000010528581472
6000000010528841459
6000000010528999339
6000000010529026731
6000000010529130308
6000000010532989954
6000000010533418462
6000000010533437253
6000000010626400329
6000000010661206651
6000000010672042363
6000000010673986593
6000000010712216032
6000000010731293755
6000000010734841980
6000000010735137519
6000000010735520641
6000000010740495247
6000000010742219827
6000000010742298674
6000000010742379238
6000000010742397257
6000000010753243951
6000000010762730942
6000000010762955383
6000000010769655583
6000000010775046145
6000000010775055653
6000000010775109879
6000000010775757479
6000000010775825373
6000000010785501562
6000000010791601618
6000000010791679635
6000000010793573828
6000000010793674777
6000000010816644977
6000000010838847633
6000000010852445201
6000000010875021244
6000000010893734250
6000000010894347689
6000000010894380997
6000000010894692051
6000000010894703320
6000000010894751227
6000000010894872258
6000000010895566375
6000000010896040422
6000000010905184636
6000000010905531409
6000000010905884208
6000000010905942669
6000000010918348571
6000000010918431385
6000000010926264734
6000000010926312551
6000000010935129940
6000000010941840335
6000000010941894151
6000000010942468401
6000000010945031615
6000000010945039609
6000000010945073177
6000000010945081562
6000000010955142482
6000000010994409065
6000000011015980952
6000000011016365380
6000000011016400248
6000000011016910379
6000000011017790764
6000000011020878497
6000000011021431598
6000000011021437521
6000000011021619314
6000000011021626391
6000000011027185596
6000000011027272403
6000000011027701192
6000000011028460939
6000000011036404515
6000000011036556222
6000000011039626324
6000000011039649340
6000000011045492366
6000000011048446458
6000000011049951415
6000000011050675449
6000000011058406777
6000000011058578381
6000000011060297870
6000000011060630429
6000000011060784789
6000000011060828888
6000000011060844500
6000000011060873383
6000000011071521954
6000000011071650640
6000000011071777415
6000000011071795351
6000000011078459498
6000000011078877873
6000000011081473780
6000000011091914293
6000000011091979289
6000000011092337926
6000000011115583134
6000000011115626077
6000000011115877325
6000000011116440089
6000000011135693274
6000000011146865705
6000000011148176317
6000000011151911793
6000000011152007754
6000000011152276590
6000000011152341468
6000000011152756219
6000000011152756225
6000000011162501079
6000000011181089166
6000000011181607757
6000000011181701831
6000000011185456408
6000000011185550317
6000000011187853171
6000000011188182841
6000000011188217703
6000000011196549854
6000000011196638698
6000000011196748568
6000000011196793448
6000000011196811307
6000000011199697578
6000000011205884055
6000000011205965575
6000000011206057735
6000000011206109498
6000000011208695341
6000000011217058131
6000000011217504371
6000000011219856932
6000000011221613253
6000000011242102128
6000000011242401144
6000000011242532340
6000000011242609259
6000000011266130449
6000000011278786216
6000000011278802309
6000000011278862303
6000000011278893217
6000000011278910204
6000000011294308787
6000000011294415879
6000000011294484164
6000000011294502657
6000000011294726741
6000000011294875339
6000000011308786410
6000000011308933246
6000000011310220586
6000000011310429390
6000000011310780558
6000000011310834497
6000000011310852338
6000000011310902617
6000000011330838529
6000000011330908815
6000000011331435227
6000000011344893263
6000000011365720021
6000000011366808209
6000000011367483397
6000000011367541661
6000000011368342041
6000000011368915571
6000000011369044376
6000000011383275133
6000000011388639166
6000000011389001261
6000000011415121079
6000000011424208953
6000000011428922104
6000000011429610327
6000000011429749844
6000000011429779616
6000000011429967281
6000000011434402111
6000000011434482124
6000000011434559043
6000000011434578675
6000000011434718609
6000000011434837269
6000000011434882480
6000000011435219411
6000000011435263725
6000000011435264778
6000000011435549824
6000000011435569613
6000000011435688487
6000000011435714813
6000000011435757180
6000000011435777170
6000000011435880123
6000000011436055456
6000000011436122256
6000000011436238634
6000000011436439339
6000000011436451136
6000000011436662646
6000000011445239765
6000000011445425315
6000000011445602315
6000000011458057827
6000000011459297374
6000000011468545969
6000000011468812923
6000000011469222647
6000000011469944465
6000000011483491860
6000000011483954689
6000000011484056381
6000000011484326596
6000000011484536035
6000000011495893514
6000000011629962958
6000000011631540516
6000000011631792637
6000000011631999235
6000000011632151852
6000000011635945929
6000000011636160156
6000000011636280889
6000000011636291448
6000000011636371064
6000000011636404598
6000000011636459351
6000000011636543249
6000000011643151279
6000000011643162743
6000000011643178809
6000000011643617688
6000000011643752415
6000000011643779621
6000000011643822826
6000000011643834043
6000000011643853553
6000000011643860559
6000000011643861006
6000000011643944372
6000000011644189254
6000000011646361294
6000000011655537499
6000000011655607639
6000000011655671337
6000000011655681768
6000000011655851690
6000000011655853804
6000000011655879022
6000000011655975852
6000000011655999712
6000000011656105591
6000000011656281446
6000000011656331298
6000000011656344537
6000000011656407691
6000000011656480361
6000000011669747666
6000000011682324123
6000000011767619717
6000000011779939016
6000000011796060252
6000000011796516216
6000000011796813509
6000000011796846098
6000000011796982941
6000000011797045890
6000000011797202678
6000000011797205420
6000000011797216042
6000000011797216390
6000000011797243195
6000000011797261913
6000000011797269559
6000000011797327211
6000000011797341477
6000000011797404226
6000000011798303641
6000000011828409187
6000000011829827986
6000000011829988545
6000000011830494288
6000000011839115423
6000000011839698277
6000000011839730232
6000000011854261201
6000000011934148672
6000000011958407032
6000000011969026656
6000000011978938041
6000000011980115859
6000000011980268778
6000000011980450778
6000000011980487057
6000000011980629326
6000000011980676228
6000000012032707982
6000000012032980193
6000000012033147891
6000000012033259013
6000000012033329848
6000000012033363754
6000000012033654469
6000000012033654635
6000000012033678711
6000000012033678721
6000000012033766537
6000000012033813461
6000000012034604055
6000000012035678134
6000000012035678137
6000000012036192227
6000000012036192230
6000000012036577661
6000000012036965232
6000000012041260851
6000000012042263080
6000000012060700309
6000000012077039523
6000000012088496139
6000000012088793092
6000000012089185707
6000000012089587678
6000000012089662452
6000000012090896684
6000000012092936973
6000000012093251134
6000000012104828034
6000000012105057967
6000000012108617475
6000000012132670069
6000000012133026230
6000000012133099510
6000000012136666282
6000000012195988895
6000000012196072080
6000000012196213780
6000000012196713802
6000000012226710512
6000000012226746919
6000000012226758520
6000000012226835529
6000000012226868558
6000000012226879343
6000000012239172061
6000000012239571958
6000000012239635192
6000000012239656359
6000000012239840812
6000000012239961293
6000000012239985249
6000000012240033380
6000000012240040344
6000000012241936223
6000000012255039657
6000000012271001324
6000000012271842122
6000000012271936797
6000000012272069861
6000000012272588421
6000000012277100083
6000000012277392762
6000000012277392850
6000000012277841835
6000000012278753513
6000000012278847388
6000000012278977109
6000000012279325257
6000000012279397432
6000000012279729325
6000000012287865926
6000000012334310961
6000000012378670597
6000000012398638131
6000000012398638141
6000000012398638144
6000000012398638147
6000000012398638150
6000000012399565905
6000000012402156355
6000000012407452223
6000000012408401481
6000000012408750343
6000000012408785312
6000000012408819281
6000000012411807439
6000000012419037024
6000000012430084437
6000000012432712388
6000000012448742478
6000000012451302386
6000000012479333316
6000000012490864111
6000000012556007143
6000000012562267187
6000000012569296127
6000000012569430661
6000000012576985459
6000000012579720731
6000000012598129982
6000000012598138005
6000000012603046743
6000000012603208587
6000000012604137632
6000000012604247879
6000000012604380413
6000000012604465736
6000000012609707919
6000000012612557501
6000000012612683172
6000000012639651318
6000000012644036538
6000000012644171411
6000000012644228519
6000000012667682767
6000000012667707377
6000000012667862245
6000000012668063568
6000000012687740289
6000000012696337070
6000000012716991954
6000000012717903468
6000000012718067249
6000000012718209528
6000000012726364958
6000000012780294371
6000000012780862366
6000000012780862398
6000000012786874373
6000000012803955749
6000000012805056569
6000000012805062577
6000000012807117034
6000000012807329106
6000000012808241290
6000000012827924352
6000000012828021493
6000000012832397278
6000000012841241913
6000000012848846745
6000000012850370360
6000000012864186754
6000000012864380647
6000000012864422970
6000000012864554639
6000000012864596510
6000000012864685669
6000000012864716239
6000000012864969301
6000000012865559487
6000000012865988227
6000000012866192717
6000000012876437261
6000000012884049290
6000000012886154258
6000000012886436867
6000000012886711509
6000000012886759484
6000000012886809386
6000000012900903609
6000000012901136209
6000000012921855923
6000000012922171909
6000000012922191162
6000000012922227636
6000000012922344268
6000000012932448006
6000000012932621974
6000000012932953781
6000000012932954985
6000000012933064303
6000000012935725527
6000000012935905306
6000000012936177143
6000000012936292942
6000000012941069512
6000000012941453953
6000000012941840776
6000000012945463354
6000000012948174548
6000000012952599557
6000000012952631916
6000000012952677033
6000000012952730374
6000000012952789462
6000000012952835217
6000000012953072405
6000000012953073617
6000000012953097717
6000000012953142481
6000000012953184340
6000000012953216410
6000000012955729048
6000000012955933419
6000000012955959087
6000000012955959093
6000000012955969360
6000000012956309229
6000000012956351701
6000000012956433815
6000000012956584217
6000000012998137018
6000000013009634026
6000000013009736448
6000000013009836254
6000000013010502763
6000000013017083444
6000000013018790934
6000000013018865938
6000000013018997657
6000000013019003632
6000000013019050829
6000000013019075408
6000000013019078783
6000000013019103091
6000000013019107574
6000000013019117526
6000000013019118827
6000000013019159496
6000000013019190312
6000000013019203291
6000000013029959097
6000000013032929695
6000000013036163350
6000000013036357290
6000000013038216130
6000000013038690528
6000000013042340778
6000000013052289489
6000000013053583152
6000000013054435903
6000000013054549921
6000000013054643766
6000000013054651337
6000000013054763684
6000000013054780562
6000000013054828643
6000000013055095655
6000000013056089567
6000000013061779725
6000000013071257310
6000000013083019193
6000000013083482316
6000000013085475399
6000000013085490449
6000000013113762758
6000000013113795568
6000000013124558074
6000000013125978658
6000000013126037433
6000000013163502797
6000000013165697478
6000000013173427777
6000000013173693646
6000000013173814124
6000000013173876777
6000000013175053920
6000000013175080776
6000000013175153819
6000000013194278428
6000000013217484110
6000000013217640451
6000000013227349344
6000000013227460236
6000000013227554288
6000000013227753304
6000000013236082221
6000000013242419486
6000000013243314891
6000000013248112965
6000000013248290371
6000000013248408221
6000000013260156360
6000000013260192394
6000000013260627711
6000000013268896170
6000000013269033810
6000000013269033815
6000000013269124866
6000000013269124871
6000000013269406626
6000000013269408558
6000000013269414977
6000000013269705053
6000000013270529721
6000000013272564758
6000000013272574120
6000000013272688796
6000000013272928762
6000000013272932935
6000000013272969658
6000000013272971564
6000000013273083298
6000000013276024276
6000000013279212949
6000000013279362022
6000000013279400970
6000000013279743475
6000000013287500324
6000000013297225680
6000000013300563212
6000000013300915679
6000000013301604186
6000000013301665451
6000000013326629855
6000000013326644862
6000000013327039139
6000000013327113199
6000000013327181586
6000000013327219881
6000000013327241007
6000000013327287588
6000000013327356687
6000000013328396023
6000000013328494040
6000000013328846180
6000000013329162788
6000000013329293968
6000000013329310233
6000000013329369785
6000000013329369891
6000000013329370437
6000000013329382967
6000000013329383256
6000000013329396841
6000000013331596630
6000000013331626975
6000000013332973197
6000000013341759167
6000000013342073371
6000000013343818315
6000000013344107314
6000000013344152247
6000000013344157386
6000000013345209466
6000000013376609880
6000000013376965616
6000000013426544165
6000000013426569496
6000000013426569499
6000000013426569502
6000000013426569505
6000000013426577254
6000000013426940280
6000000013426940290
6000000013426940293
6000000013426940302
6000000013427040247
6000000013427040254
6000000013427459706
6000000013429929284
6000000013430078203
6000000013430369363
6000000013437232224
6000000013437232227
6000000013438068028
6000000013438068031
6000000013438904902
6000000013438904905
6000000013438949612
6000000013439334332
6000000013439440231
6000000013439440234
6000000013439440238
6000000013439440241
6000000013439440244
6000000013440479524
6000000013440611187
6000000013440611190
6000000013441170262
6000000013441170265
6000000013441220423
6000000013441220426
6000000013441448266
6000000013442068663
6000000013442089853
6000000013442147572
6000000013444877866
6000000013452377689
6000000013452401786
6000000013453164205
6000000013453291660
6000000013453291665
6000000013453456434
6000000013456821163
6000000013460060895
6000000013460123814
6000000013474921866
6000000013475182565
6000000013475283096
6000000013475389037
6000000013505610685
6000000013505855793
6000000013506179028
6000000013514004486
6000000013523124969
6000000013523560947
6000000013523814776
6000000013523858427
6000000013523866416
6000000013523964235
6000000013523979971
6000000013524205388
6000000013524383702
6000000013524383705
6000000013524383708
6000000013524383711
6000000013538338215
6000000013544962900
6000000013545353703
6000000013546470518
6000000013547746135
6000000013548406774
6000000013548621879
6000000013548621883
6000000013548621887
6000000013548621891
6000000013548621899
6000000013548621903
6000000013548624688
6000000013548648905
6000000013548823322
6000000013558176238
6000000013567213946
6000000013567715963
6000000013567905183
6000000013567950052
6000000013568180171
6000000013568187057
6000000013601777809
6000000013601825785
6000000013601909347
6000000013619270951
6000000013619609112
6000000013630566584
6000000013630615727
6000000013632009926
6000000013632054822
6000000013632105470
6000000013632305604
6000000013632391048
6000000013639699111
6000000013648999954
6000000013648999973
6000000013649435348
6000000013649550256
6000000013649580639
6000000013658636544
6000000013658790607
6000000013658847971
6000000013658861875
6000000013658947498
6000000013658986164
6000000013659000184
6000000013659011282
6000000013669247155
6000000013716660129
6000000013716667079
6000000013743920129
6000000013743993091
6000000013743994168
6000000013751549502
6000000013799049696
6000000013841490348
6000000013888303440
6000000013898303304
6000000013909650848
6000000013922224936
6000000013933363085
6000000013934798844
6000000013935135688
6000000013935207039
6000000013935256730
6000000013936473951
6000000013936482835
6000000013942882658
6000000013942968186
6000000013943062677
6000000013982728764
6000000013982916468
6000000013983008169
6000000013983079059
6000000013984862503
6000000013984864177
6000000013984878132
6000000013985045548
6000000013985463817
6000000013985584979
6000000013985759056
6000000014022322431
6000000014026459379
6000000014040068430
6000000014072658736
6000000014072788615
6000000014073434842
6000000014081823982
6000000014081986661
6000000014082339141
6000000014082649121
6000000014084366034
6000000014091475778
6000000014094061814
6000000014094409404
6000000014094522114
6000000014098795122
6000000014101947262
6000000014117776743
6000000014122182516
6000000014123375805
6000000014123653322
6000000014123866712
6000000014138509690
6000000014139170692
6000000014142009833
6000000014142252988
6000000014142405381
6000000014142445463
6000000014142516308
6000000014142600026
6000000014142662691
6000000014142767148
6000000014142822254
6000000014158870752
6000000014159287850
6000000014159415725
6000000014159608070
6000000014159626062
6000000014159813564
6000000014159844106
6000000014159852217
6000000014159855323
6000000014161552440
6000000014193118635
6000000014199866669
6000000014220795569
6000000014224655665
6000000014232633433
6000000014272908652
6000000014274297460
6000000014274950624
6000000014274958981
6000000014275087519
6000000014275110748
6000000014275384506
6000000014275414951
6000000014275452064
6000000014275620106
6000000014275652158
6000000014278499431
6000000014279467164
6000000014279585063
6000000014281926878
6000000014289816763
6000000014290426102
6000000014292112528
6000000014293711926
6000000014293722975
6000000014293724990
6000000014293984697
6000000014294095886
6000000014294104646
6000000014294113587
6000000014294130527
6000000014294130535
6000000014294133702
6000000014294143226
6000000014294150867
6000000014294165359
6000000014294169984
6000000014294229133
6000000014294241467
6000000014294243195
6000000014294273520
6000000014294279024
6000000014294280038
6000000014294282585
6000000014294300827
6000000014294318765
6000000014294358966
6000000014294411111
6000000014294412649
6000000014294422524
6000000014294437102
6000000014294450460
6000000014294455052
6000000014294456328
6000000014294491286
6000000014294510247
6000000014294515187
6000000014294520035
6000000014294544029
6000000014294589872
6000000014294597945
6000000014294605022
6000000014294605731
6000000014294609001
6000000014294618039
6000000014294631096
6000000014294641567
6000000014294661530
6000000014294663660
6000000014294672729
6000000014294679062
6000000014294689911
6000000014294714856
6000000014294719543
6000000014294721555
6000000014294730986
6000000014294731788
6000000014294738914
6000000014294749017
6000000014294751830
6000000014294772802
6000000014294776633
6000000014294784153
6000000014294794550
6000000014294796558
6000000014294804084
6000000014294806640
6000000014294807004
6000000014294808710
6000000014294817918
6000000014294820879
6000000014294995806
6000000014295005472
6000000014295010271
6000000014295035296
6000000014295054324
6000000014295054371
6000000014295075726
6000000014295099344
6000000014295103009
6000000014295104210
6000000014295104426
6000000014295109044
6000000014295117657
6000000014295149080
6000000014295183003
6000000014295185817
6000000014295203283
6000000014295211286
6000000014295266278
6000000014295266283
6000000014295280962
6000000014295289536
6000000014295336791
6000000014295366705
6000000014295385638
6000000014295398358
6000000014295399458
6000000014295399791
6000000014295400244
6000000014295414525
6000000014295416020
6000000014295527501
6000000014295543583
6000000014295543590
6000000014295581252
6000000014295591126
6000000014295605593
6000000014295622529
6000000014295798293
6000000014295885248
6000000014295912198
6000000014295942973
6000000014295951380
6000000014295957631
6000000014295962666
6000000014295988708
6000000014296042109
6000000014296089047
6000000014296121395
6000000014296133710
6000000014296133743
6000000014296297113
6000000014296369011
6000000014296435072
6000000014296455106
6000000014297434060
6000000014297500403
6000000014297918219
6000000014298566243
6000000014301161763
6000000014301235217
6000000014301242329
6000000014301256655
6000000014301273625
6000000014301348177
6000000014301742158
6000000014301755430
6000000014301774337
6000000014302010193
6000000014302392874
6000000014302464508
6000000014302490738
6000000014302507224
6000000014303474424
6000000014303519227
6000000014303548219
6000000014303774753
6000000014303774854
6000000014303814326
6000000014303836657
6000000014303849874
6000000014303889772
6000000014312677662
6000000014312747225
6000000014312919521
6000000014313369606
6000000014313584416
6000000014314758535
6000000014315203608
6000000014315685125
6000000014315685155
6000000014315979410
6000000014316102263
6000000014324941431
6000000014332203713
6000000014332359207
6000000014332588587
6000000014334209601
6000000014334308515
6000000014334442629
6000000014334443107
6000000014334488128
6000000014334902797
6000000014335063368
6000000014335096228
6000000014337763606
6000000014339977281
6000000014340329187
6000000014340576502
6000000014352344396
6000000014354289704
6000000014354428838
6000000014354499977
6000000014355183512
6000000014358705004
6000000014361108772
6000000014361405344
6000000014361651371
6000000014362122981
6000000014362585750
6000000014362596569
6000000014362640574
6000000014362677058
6000000014362680047
6000000014363901840
6000000014364003777
6000000014364149895
6000000014364172592
6000000014364172600
6000000014364257233
6000000014364257252
6000000014364364207
6000000014364392763
6000000014364417808
6000000014364502557
6000000014364518823
6000000014364874574
6000000014377777294
6000000014380697747
6000000014385512680
6000000014395857081
6000000014398027949
6000000014398158149
6000000014398190118
6000000014398840820
6000000014398945645
6000000014399032634
6000000014399044423
6000000014399071967
6000000014399119880
6000000014399156591
6000000014399226696
6000000014399276815
6000000014399389362
6000000014399390021
6000000014399450278
6000000014399460653
6000000014399597089
6000000014399604871
6000000014399643615
6000000014400488653
6000000014401160963
6000000014401288430
6000000014401693046
6000000014405071777
6000000014405071782
6000000014405862217
6000000014405867562
6000000014406470663
6000000014408394846
6000000014410309648
6000000014410369411
6000000014410586995
6000000014410747735
6000000014410856957
6000000014410888738
6000000014410894717
6000000014410908875
6000000014410974671
6000000014410994596
6000000014411034052
6000000014411056318
6000000014411093510
6000000014411100747
6000000014411121844
6000000014411128281
6000000014411129151
6000000014411148607
6000000014411242161
6000000014411359292
6000000014411562738
6000000014411632877
6000000014411635361
6000000014411777338
6000000014411806654
6000000014411955271
6000000014411955295
6000000014411994722
6000000014419044326
6000000014420419363
6000000014420435531
6000000014420460526
6000000014420579091
6000000014421364552
6000000014421379668
6000000014421441773
6000000014421944710
6000000014422053172
6000000014422066503
6000000014422263109
6000000014422481093
6000000014429537198
6000000014430137824
6000000014432282596
6000000014432463813
6000000014432847873
6000000014439224530
6000000014439527308
6000000014439960381
6000000014440005407
6000000014440351250
6000000014441204194
6000000014441241585
6000000014441263447
6000000014441347165
6000000014441392935
6000000014441615301
6000000014441640963
6000000014441682979
6000000014441698953
6000000014441744726
6000000014441747717
6000000014441797233
6000000014441900007
6000000014441908022
6000000014441929130
6000000014442076865
6000000014442126532
6000000014442126671
6000000014442173546
6000000014442177364
6000000014442278543
6000000014442380565
6000000014442435927
6000000014442485716
6000000014442559980
6000000014442582950
6000000014442603145
6000000014442670009
6000000014442696306
6000000014442696340
6000000014442770902
6000000014442780842
6000000014442789099
6000000014442841114
6000000014442841562
6000000014442938653
6000000014442951229
6000000014442958097
6000000014450551184
6000000014450785544
6000000014450791716
6000000014450810272
6000000014450876491
6000000014450938149
6000000014450938414
6000000014450990245
6000000014451054189
6000000014453454683
6000000014453737968
6000000014464304111
6000000014466880764
6000000014466957291
6000000014467084934
6000000014467297869
6000000014467444359
6000000014467554378
6000000014475217469
6000000014486685082
6000000014495953749
6000000014496185459
6000000014496282557
6000000014496302422
6000000014496543029
6000000014516274105
6000000014516401369
6000000014516401379
6000000014516401382
6000000014516863862
6000000014517481107
6000000014519568903
6000000014519888684
6000000014524868424
6000000014529408269
6000000014541029869
6000000014541482140
6000000014548697325
6000000014548717995
6000000014548721763
6000000014548862207
6000000014548862212
6000000014548926368
6000000014548960459
6000000014549049091
6000000014551955225
6000000014551959662
6000000014551988586
6000000014552017573
6000000014552023179
6000000014552058631
6000000014553453031
6000000014568702032
6000000014587398144
6000000014607998680
6000000014608020262
6000000014608053600
6000000014608086619
6000000014608138147
6000000014651771706
6000000014663637817
6000000014663938300
6000000014706493226
6000000014706521119
6000000014706840653
6000000014724806140
6000000014734777824
6000000014737265678
6000000014737409922
6000000014738222960
6000000014738449085
6000000014738530433
6000000014738739200
6000000014739631722
6000000014744950569
6000000014756541377
6000000014756700561
6000000014756804472
6000000014757173096
6000000014786226574
6000000014793754484
6000000014793907153
6000000014793907158
6000000014807530496
6000000014815644440
6000000014815805192
6000000014816046100
6000000014816279673
6000000014816398279
6000000014816491095
6000000014816701159
6000000014872942797
6000000014906874670
6000000014910831423
6000000014916189183
6000000014926004277
6000000014926019174
6000000014928249462
6000000014928544038
6000000014928561880
6000000014928795709
6000000014928798400
6000000014928800618
6000000014928819311
6000000014928857713
6000000014928880303
6000000014928881578
6000000014928893796
6000000014928897584
6000000014928903633
6000000014928904720
6000000014928928952
6000000014928934443
6000000014928947243
6000000014928949702
6000000014928950236
6000000014928957336
6000000014928963246
6000000014928971428
6000000014929025197
6000000014929036088
6000000014929177756
6000000014929234557
6000000014929314831
6000000014929392736
6000000014929451550
6000000014929500514
6000000014929607025
6000000014929607341
6000000014929634200
6000000014929764199
6000000014929892116
6000000014929907018
6000000014930015030
6000000014930015327
6000000014934987909
6000000014935329212
6000000014950048890
6000000014950128060
6000000015004238596
6000000015005228510
6000000015005278405
6000000015005304347
6000000015005363107
6000000015092991908
6000000015094565204
6000000015110781293
6000000015110950365
6000000015110950375
6000000015110950383
6000000015110950409
6000000015110950417
6000000015111182916
6000000015111917326
6000000015112552138
6000000015112552150
6000000015112844432
6000000015114338808
6000000015114338869
6000000015114853727
6000000015114916997
6000000015114974964
6000000015115174147
6000000015115175263
6000000015115201963
6000000015115202151
6000000015115210137
6000000015115276832
6000000015115501549
6000000015115568518
6000000015115642637
6000000015115670442
6000000015115734755
6000000015115741820
6000000015115742722
6000000015115774941
6000000015115812600
6000000015115816633
6000000015115822720
6000000015115826510
6000000015115827576
6000000015115859881
6000000015115949059
6000000015115966235
6000000015115966371
6000000015119079161
6000000015120493174
6000000015120521607
6000000015120658206
6000000015120662375
6000000015120686543
6000000015120738227
6000000015120743089
6000000015120748044
6000000015120749101
6000000015120758451
6000000015120809096
6000000015132549918
6000000015134355440
6000000015134704702
6000000015134805793
6000000015134821315
6000000015134842691
6000000015134889363
6000000015135046037
6000000015137497696
6000000015137887009
6000000015160166354
6000000015160173422
6000000015161724132
6000000015161761026
6000000015162080915
6000000015162280069
6000000015162302004
6000000015163979178
6000000015164701160
6000000015165110561
6000000015165278325
6000000015165413862
6000000015165484642
6000000015165572317
6000000015165736101
6000000015165846287
6000000015166328873
6000000015166330203
6000000015166345474
6000000015166393247
6000000015166467175
6000000015167569986
6000000015167666731
6000000015167745926
6000000015167762973
6000000015168098033
6000000015168198123
6000000015186672867
6000000015199227983
6000000015200143030
6000000015200185090
6000000015201953253
6000000015208210614
6000000015210293427
6000000015210293454
6000000015211330999
6000000015211453068
6000000015214141459
6000000015214164705
6000000015214169481
6000000015214177434
6000000015214199992
6000000015214231345
6000000015214249646
6000000015214313503
6000000015214320410
6000000015214336090
6000000015214356415
6000000015214378037
6000000015214485434
6000000015214515822
6000000015214567362
6000000015214599926
6000000015214631471
6000000015216191129
6000000015216227143
6000000015216315200
6000000015219774944
6000000015220386483
6000000015220405249
6000000015221304802
6000000015221352787
6000000015227975777
6000000015253311661
6000000015259513175
6000000015264953596
6000000015264955974
6000000015270866965
6000000015270967772
6000000015271163985
6000000015271168251
6000000015271260361
6000000015275699344
6000000015276073614
6000000015279928822
6000000015280050267
6000000015280155364
6000000015282029607
6000000015282029610
6000000015301980094
6000000015310253530
6000000015310440311
6000000015310598271
6000000015310750243
6000000015311031591
6000000015311164259
6000000015322332187
6000000015322738558
6000000015325355702
6000000015325612388
6000000015327071515
6000000015327654046
6000000015339108769
6000000015339221347
6000000015339706789
6000000015339965664
6000000015340347867
6000000015340734639
6000000015340791541
6000000015341001647
6000000015341003638
6000000015342353934
6000000015342663368
6000000015342771193
6000000015342876908
6000000015342892443
6000000015343048013
6000000015350151251
6000000015350311505
6000000015350503911
6000000015352742167
6000000015356429988
6000000015356434818
6000000015356579186
6000000015357569830
6000000015357823951
6000000015358092732
6000000015358458188
6000000015358488049
6000000015360255339
6000000015360300353
6000000015361699728
6000000015361893594
6000000015361921240
6000000015361951400
6000000015367406265
6000000015368231862
6000000015368719150
6000000015382664438
6000000015392049851
6000000015392271245
6000000015392298983
6000000015392561511
6000000015392658117
6000000015393898483
6000000015434818293
6000000015434823429
6000000015434987099
6000000015435159119
6000000015437716511
6000000015442833477
6000000015485802310
6000000015505992356
6000000015507447504
6000000015511100059
6000000015511829361
6000000015513700314
6000000015513986302
6000000015514989455
6000000015522848914
6000000015528241436
6000000015528454477
6000000015531731377
6000000015531741266
6000000015532103388
6000000015532406251
6000000015532471056
6000000015532540121
6000000015532550172
6000000015535430243
6000000015536081641
6000000015536192633
6000000015536989424
6000000015537032916
6000000015537447837
6000000015537671870
6000000015537829358
6000000015543529405
6000000015543537452
6000000015544075032
6000000015549549781
6000000015556294090
6000000015556330855
6000000015556883012
6000000015561209533
6000000015561354114
6000000015561560195
6000000015561572363
6000000015561700147
6000000015563174467
6000000015563453003
6000000015563473032
6000000015563486064
6000000015579237009
6000000015579237837
6000000015582249609
6000000015584560795
6000000015584963816
6000000015585072426
6000000015585153138
6000000015591851824
6000000015591928346
6000000015592005270
6000000015592038301
6000000015592042161
6000000015592075877
6000000015593044001
6000000015601828452
6000000015601894443
6000000015602217364
6000000015602276547
6000000015602353005
6000000015603532636
6000000015605310927
6000000015605598055
6000000015606524176
6000000015606569106
6000000015608942564
6000000015609034406
6000000015613384584
6000000015613501681
6000000015613627040
6000000015614329770
6000000015627551613
6000000015627617654
6000000015627688825
6000000015627750816
6000000015628911730
6000000015629398892
6000000015633226273
6000000015633331146
6000000015634676267
6000000015636472061
6000000015639367948
6000000015645951538
6000000015646572861
6000000015646603809
6000000015647948256
6000000015648134353
6000000015648140902
6000000015648482275
6000000015651644837
6000000015651774713
6000000015651774718
6000000015651785843
6000000015651869807
6000000015651951509
6000000015651998652
6000000015652029049
6000000015652076028
6000000015665022996
6000000015685623847
6000000015686023098
6000000015689892717
6000000015690434088
6000000015692395497
6000000015700913463
6000000015701133901
6000000015701247153
6000000015703639550
6000000015703825796
6000000015703837470
6000000015703840381
6000000015703949073
6000000015705313459
6000000015715291847
6000000015715526759
6000000015715782533
6000000015716095681
6000000015716513775
6000000015716521900
6000000015716554509
6000000015716716019
6000000015717072027
6000000015738036752
6000000015738077677
6000000015738197178
6000000015739351257
6000000015739521115
6000000015743100825
6000000015743150908
6000000015743527925
6000000015743529581
6000000015743551846
6000000015743724400
6000000015743818463
6000000015743925161
6000000015744008983
6000000015746510337
6000000015746654214
6000000015746688153
6000000015747090924
6000000015747610334
6000000015748310358
6000000015749245668
6000000015749465982
6000000015749492603
6000000015749554245
6000000015749554969
6000000015749586381
6000000015749720026
6000000015749725724
6000000015752549444
6000000015754605079
6000000015755102503
6000000015765820752
6000000015766283471
6000000015766452155
6000000015766614213
6000000015768103234
6000000015768271062
6000000015768308007
6000000015770746606
6000000015770952038
6000000015771215813
6000000015771428914
6000000015771636553
6000000015771738695
6000000015771809199
6000000015771882224
6000000015771912084
6000000015776825306
6000000015777039535
6000000015777244303
6000000015789709198
6000000015797029421
6000000015797069039
6000000015797546772
6000000015802707734
6000000015803002402
6000000015803154393
6000000015803160627
6000000015803248338
6000000015803389099
6000000015803478060
6000000015803523169
6000000015803620032
6000000015807803777
6000000015807882752
6000000015808087254
6000000015812589795
6000000015812615654
6000000015812626629
6000000015812642191
6000000015812648445
6000000015812656590
6000000015812656610
6000000015814865768
6000000015814894035
6000000015815236686
6000000015815295476
6000000015815371000
6000000015815375668
6000000015815439960
6000000015815450732
6000000015815658016
6000000015815742094
6000000015818186512
6000000015818190468
6000000015825942257
6000000015840015102
6000000015865714298
6000000015870547860
6000000015871097985
6000000015871153179
6000000015871297688
6000000015871373186
6000000015871431158
6000000015871436066
6000000015872052095
6000000015878665613
6000000015878719431
6000000015878742630
6000000015878763841
6000000015878972752
6000000015879086112
6000000015879171075
6000000015879202188
6000000015879244082
6000000015879324167
6000000015888047853
6000000015888155537
6000000015888156405
6000000015888173484
6000000015888434397
6000000015888463053
6000000015888505085
6000000015888568869
6000000015888679666
6000000015888737447
6000000015888961231
6000000015888980637
6000000015888997109
6000000015889006077
6000000015889474860
6000000015889639576
6000000015896314882
6000000015896493827
6000000015896630025
6000000015901647810
6000000015902581379
6000000015908958881
6000000015908958941
6000000015908968759
6000000015908983941
6000000015909291247
6000000015909340149
6000000015909448138
6000000015909511157
6000000015921386168
6000000015921514198
6000000015924484311
6000000015940783277
6000000015940811643
6000000015940897174
6000000015944586782
6000000015945205747
6000000015945444279
6000000015975089702
6000000015975295472
6000000015975383220
6000000015991142403
6000000015998819453
6000000015998829761
6000000015998885481
6000000015998928740
6000000015998932452
6000000015998937516
6000000015998962880
6000000015998967871
6000000015998967913
6000000015998971366
6000000015998978251
6000000015998985295
6000000015999006758
6000000015999013647
6000000015999022301
6000000015999089251
6000000015999106302
6000000015999131035
6000000015999209857
6000000015999314971
6000000015999434096
6000000015999436472
6000000015999458307
6000000015999500933
6000000015999510244
6000000015999533363
6000000015999566343
6000000015999566573
6000000015999569339
6000000015999574251
6000000015999582613
6000000015999588842
6000000015999590507
6000000015999592191
6000000015999625091
6000000015999626524
6000000015999658402
6000000015999670881
6000000015999672572
6000000015999675840
6000000015999691392
6000000015999698846
6000000015999699796
6000000015999725122
6000000015999731332
6000000015999739169
6000000015999754150
6000000015999777472
6000000015999783174
6000000015999802083
6000000015999805299
6000000015999947064
6000000016000810506
6000000016000910328
6000000016000936213
6000000016000971011
6000000016051548389
6000000016051665057
6000000016052339938
6000000016052373848
6000000016092228602
6000000016092427876
6000000016096908745
6000000016103215354
6000000016103520182
6000000016117436673
6000000016117478667
6000000016117486823
6000000016117672960
6000000016117735767
6000000016117738310
6000000016117739794
6000000016117756826
6000000016117760152
6000000016117792825
6000000016117808263
6000000016117818533
6000000016117831068
6000000016129127960
6000000016149198086
6000000016150209374
6000000016154339481
6000000016164528083
6000000016170563521
6000000016170672200
6000000016170686088
6000000016171486292
6000000016171515928
6000000016171642798
6000000016171716446
6000000016171865371
6000000016171936793
6000000016172019754
6000000016172088342
6000000016172099280
6000000016172154610
6000000016172169557
6000000016172275040
6000000016172297306
6000000016172393127
6000000016172393720
6000000016172444050
6000000016172460216
6000000016172683086
6000000016178305085
6000000016178823913
6000000016178832921
6000000016178875744
6000000016178878698
6000000016179120232
6000000016179127240
6000000016190882114
6000000016191330007
6000000016192621756
6000000016192689036
6000000016192689488
6000000016192697229
6000000016192700447
6000000016192704310
6000000016192750149
6000000016192750348
6000000016192760086
6000000016192819635
6000000016192861362
6000000016192876836
6000000016192888779
6000000016192908722
6000000016192986778
6000000016192997547
6000000016193038456
6000000016193066144
6000000016203640292
6000000016203666692
6000000016203707160
6000000016203812844
6000000016203894166
6000000016203980426
6000000016204229210
6000000016204243033
6000000016211021070
6000000016219468385
6000000016221770718
6000000016236895891
6000000016256911805
6000000016257354618
6000000016258247521
6000000016261061751
6000000016262512782
6000000016262512794
6000000016262910605
6000000016264953875
6000000016265052781
6000000016271823755
6000000016282361909
6000000016282625882
6000000016290329613
6000000016291832744
6000000016293489881
6000000016293687483
6000000016297257012
6000000016318305531
6000000016318305658
6000000016318453097
6000000016347541772
6000000016373930575
6000000016384622248
6000000016420962020
6000000016435903023
6000000016437562199
6000000016437882772
6000000016438425083
6000000016442010389
6000000016442110251
6000000016471025540
6000000016480988273
6000000016481420223
6000000016481505208
6000000016481547472
6000000016484806467
6000000016486060933
6000000016497950882
6000000016498227675
6000000016498312514
6000000016498329541
6000000016500231955
6000000016500347931
6000000016500354385
6000000016500371974
6000000016500493145
6000000016500531057
6000000016504057533
6000000016504329084
6000000016504464432
6000000016509187186
6000000016521671405
6000000016524359572
6000000016524970415
6000000016526576510
6000000016526889001
6000000016529223612
6000000016543072345
6000000016555560879
6000000016565712568
6000000016572220956
6000000016572769665
6000000016584972708
6000000016594415477
6000000016594593046
6000000016601692421
6000000016619181437
6000000016624779737
6000000016631684491
6000000016631811156
6000000016631878025
6000000016638991563
6000000016647829329
6000000016648305393
6000000016650514466
6000000016658127509
6000000016658127512
6000000016658127515
6000000016658127518
6000000016658777532
6000000016659117538
6000000016686009917
6000000016698616172
6000000016698641432
6000000016705541332
6000000016710331537
6000000016713231615
6000000016713678896
6000000016713789699
6000000016714267464
6000000016714689928
6000000016714761277
6000000016714887399
6000000016714912168
6000000016714915176
6000000016714948164
6000000016714977626
6000000016715118026
6000000016715132070
6000000016715142215
6000000016715148036
6000000016715324271
6000000016716403863
6000000016716454515
6000000016716761667
6000000016716934620
6000000016716952231
6000000016716958135
6000000016717146536
6000000016719507875
6000000016719797542
6000000016719897746
6000000016720007613
6000000016720226172
6000000016720518175
6000000016720616542
6000000016727212659
6000000016727548595
6000000016734845841
6000000016735251214
6000000016736562561
6000000016740831843
6000000016746940688
6000000016759019795
6000000016759200704
6000000016760475359
6000000016760538677
6000000016760543397
6000000016760671773
6000000016760863177
6000000016761440643
6000000016761528337
6000000016761686222
6000000016762153137
6000000016764363357
6000000016764494698
6000000016764571476
6000000016764582469
6000000016765416676
6000000016774180811
6000000016774497052
6000000016774692246
6000000016777210605
6000000016792417330
6000000016793310471
6000000016805544670
6000000016815389176
6000000016815601271
6000000016818568932
6000000016829119945
6000000016833443886
6000000016833819150
6000000016834227763
6000000016834474904
6000000016834519687
6000000016834720624
6000000016835030878
6000000016835073041
6000000016835288727
6000000016835474358
6000000016835580987
6000000016835675030
6000000016836370835
6000000016836604764
6000000016836624453
6000000016836840677
6000000016838749822
6000000016839211828
6000000016847599999
6000000016848036789
6000000016848097640
6000000016848467044
6000000016848558074
6000000016848905355
6000000016882072785
6000000016910769345
6000000016925373164
6000000016936050659
6000000016936079909
6000000016936250214
6000000016936268106
6000000016936297094
6000000016945912842
6000000016951963796
6000000016957210351
6000000016960270569
6000000016960294793
6000000016961452679
6000000016982058839
6000000016995661940
6000000016997937443
6000000017002247645
6000000017005269271
6000000017005409252
6000000017019419940
6000000017019433121
6000000017049450640
6000000017049877827
6000000017050078452
6000000017050209563
6000000017050356534
6000000017050814455
6000000017050871138
6000000017050964101
6000000017050969165
6000000017050981423
6000000017052345125
6000000017052450055
6000000017052525383
6000000017052530004
6000000017062317869
6000000017062353816
6000000017062524708
6000000017062560792
6000000017062633679
6000000017062931848
6000000017097181344
6000000017097377943
6000000017097424066
6000000017097488143
6000000017117748960
6000000017120800873
6000000017120995993
6000000017121032610
6000000017121300709
6000000017121314814
6000000017121558955
6000000017121626270
6000000017121628205
6000000017121655419
6000000017121661606
6000000017121688752
6000000017121771165
6000000017121820762
6000000017121859438
6000000017121859703
6000000017122007312
6000000017122028715
6000000017122032669
6000000017122055502
6000000017122075742
6000000017122086885
6000000017122120703
6000000017122248003
6000000017122257939
6000000017122262054
6000000017122262305
6000000017122275863
6000000017122403554
6000000017122484290
6000000017122693314
6000000017122703254
6000000017122711246
6000000017122773066
6000000017122814183
6000000017122884057
6000000017123041542
6000000017123050471
6000000017123084748
6000000017123125149
6000000017123131099
6000000017123137257
6000000017123175196
6000000017132488385
6000000017135646746
6000000017136317312
6000000017137322701
6000000017137348830
6000000017137694803
6000000017138858171
6000000017138962265
6000000017138982120
6000000017141065557
6000000017141263589
6000000017141263626
6000000017141407469
6000000017141829026
6000000017145712382
6000000017145759021
6000000017145834892
6000000017145949392
6000000017145951096
6000000017148291887
6000000017148948933
6000000017149777040
6000000017150113595
6000000017157994155
6000000017158214313
6000000017159196707
6000000017159419787
6000000017159445761
6000000017159660830
6000000017159934842
6000000017159952960
6000000017159973578
6000000017160003715
6000000017160006910
6000000017160019926
6000000017160019983
6000000017160048874
6000000017160062508
6000000017160063934
6000000017160078754
6000000017160080353
6000000017160084780
6000000017160094679
6000000017160103563
6000000017160104697
6000000017160159764
6000000017160170684
6000000017160191795
6000000017160298687
6000000017160300928
6000000017160300934
6000000017160315628
6000000017160317723
6000000017160318765
6000000017160323557
6000000017160324890
6000000017160330441
6000000017160332665
6000000017160333741
6000000017160336788
6000000017160336839
6000000017160340662
6000000017160346639
6000000017160349580
6000000017160382376
6000000017160386024
6000000017160387202
6000000017160403745
6000000017160403839
6000000017160405393
6000000017160414793
6000000017160417136
6000000017160430296
6000000017160435607
6000000017160435649
6000000017160435722
6000000017160447400
6000000017160458665
6000000017160462533
6000000017160479106
6000000017160481052
6000000017160485336
6000000017160492634
6000000017160506070
6000000017160506383
6000000017160506526
6000000017160506562
6000000017160507540
6000000017160508160
6000000017160509226
6000000017160510103
6000000017160515057
6000000017160518070
6000000017160518321
6000000017160539003
6000000017160571103
6000000017160571250
6000000017160574301
6000000017160581139
6000000017160619056
6000000017183428952
6000000017183514125
6000000017183536112
6000000017183548001
6000000017188023158
6000000017190367487
6000000017190376356
6000000017190649129
6000000017190703425
6000000017190974277
6000000017190984237
6000000017193235783
6000000017193359958
6000000017193661422
6000000017197393808
6000000017197589442
6000000017197853179
6000000017197864161
6000000017198577488
6000000017198698168
6000000017206846102
6000000017206969864
6000000017207090024
6000000017209364421
6000000017210630539
6000000017210867054
6000000017225255539
6000000017225684467
6000000017226081107
6000000017227127445
6000000017227172325
6000000017227272213
6000000017227353674
6000000017227390650
6000000017227604451
6000000017234863311
6000000017235274530
6000000017235374767
6000000017235422704
6000000017235581798
6000000017235595933
6000000017235706856
6000000017235773983
6000000017235824971
6000000017235866611
6000000017235892021
6000000017236902919
6000000017238537410
6000000017272645379
6000000017284208517
6000000017284992694
6000000017286224210
6000000017307750052
6000000017314549142
6000000017326407158
6000000017338330367
6000000017338795729
6000000017338812863
6000000017339460052
6000000017339659057
6000000017339714064
6000000017355214697
6000000017355214704
6000000017355359440
6000000017357002255
6000000017357090726
6000000017359996002
6000000017364839998
6000000017367764406
6000000017368989215
6000000017369033979
6000000017371576420
6000000017374555025
6000000017377209247
6000000017377784289
6000000017380999625
6000000017383182475
6000000017396728658
6000000017402910965
6000000017404992009
6000000017405652169
6000000017408466703
6000000017408577469
6000000017408609428
6000000017414702764
6000000017415141517
6000000017416137985
6000000017418023548
6000000017418023668
6000000017418120354
6000000017418402287
6000000017418540004
6000000017421080778
6000000017422277083
6000000017432249495
6000000017440153794
6000000017441050653
6000000017441269117
6000000017441292148
6000000017441342965
6000000017441539666
6000000017441744192
6000000017441861888
6000000017442876044
6000000017443908780
6000000017443951952
6000000017444309607
6000000017445601198
6000000017447420428
6000000017448787525
6000000017450260943
6000000017450794657
6000000017460165664
6000000017477932044
6000000017478024079
6000000017505707962
6000000017506219392
6000000017506627393
6000000017506785088
6000000017507086410
6000000017507686059
6000000017519078892
6000000017519736344
6000000017534279561
6000000017534838083
6000000017534877351
6000000017534881297
6000000017534888225
6000000017534904590
6000000017534928364
6000000017534930104
6000000017534961507
6000000017534967151
6000000017534994171
6000000017536352892
6000000017536468210
6000000017548086011
6000000017564754351
6000000017576375305
6000000017579492502
6000000017579909372
6000000017580002426
6000000017580249664
6000000017580903022
6000000017585837481
6000000017586157007
6000000017601322560
6000000017601464125
6000000017602323276
6000000017602326319
6000000017602331848
6000000017602363867
6000000017602410210
6000000017602424315
6000000017602449365
6000000017602458237
6000000017602477246
6000000017602477535
6000000017602588168
6000000017602588548
6000000017602631388
6000000017602641366
6000000017602688086
6000000017602837096
6000000017603409800
6000000017603472132
6000000017604115805
6000000017604184745
6000000017604192585
6000000017604225604
6000000017604252836
6000000017604261322
6000000017604261365
6000000017604274448
6000000017604297436
6000000017604315746
6000000017604328751
6000000017604328856
6000000017604344527
6000000017604368581
6000000017604417468
6000000017604418289
6000000017604428559
6000000017604448215
6000000017604455131
6000000017604467188
6000000017604482154
6000000017604482338
6000000017604492267
6000000017604498183
6000000017604506174
6000000017604512103
6000000017604531101
6000000017604545006
6000000017604556075
6000000017606318968
6000000017606319532
6000000017606334670
6000000017606368760
6000000017606702172
6000000017606975104
6000000017616334999
6000000017616373848
6000000017616689406
6000000017616787449
6000000017616878578
6000000017617023926
6000000017617085684
6000000017617183658
6000000017617191075
6000000017617246362
6000000017617247495
6000000017617258711
6000000017617258733
6000000017617297342
6000000017617348338
6000000017617359293
6000000017617368208
6000000017617368219
6000000017617399126
6000000017617440003
6000000017634047694
6000000017637979604
6000000017637987597
6000000017638184503
6000000017638285500
6000000017638553012
6000000017640286847
6000000017640673848
6000000017640864721
6000000017641114539
6000000017641175038
6000000017641367144
6000000017641387078
6000000017641648581
6000000017641940728
6000000017642112730
6000000017642159210
6000000017650031752
6000000017650057741
6000000017650088816
6000000017650339448
6000000017650362524
6000000017650424922
6000000017650462528
6000000017650535006
6000000017650542283
6000000017650548276
6000000017650652031
6000000017656354822
6000000017656525364
6000000017656625644
6000000017656634364
6000000017656736976
6000000017656751286
6000000017656800431
6000000017656846156
6000000017656927591
6000000017656938304
6000000017656945295
6000000017657200138
6000000017657242043
6000000017657347262
6000000017660552203
6000000017661534373
6000000017661534383
6000000017661690866
6000000017661736848
6000000017661737841
6000000017661777410
6000000017668273289
6000000017669060626
6000000017669676685
6000000017669757048
6000000017671276690
6000000017671282505
6000000017671308806
6000000017671400708
6000000017671551762
6000000017671559951
6000000017671687135
6000000017685162999
6000000017685416912
6000000017685581648
6000000017685940095
6000000017686319647
6000000017686497098
6000000017686702056
6000000017689774740
6000000017689997286
6000000017690029796
6000000017690039718
6000000017690057253
6000000017690076381
6000000017692411813
6000000017692419137
6000000017692552604
6000000017692720442
6000000017692950948
6000000017693076839
6000000017693484658
6000000017693700113
6000000017693842683
6000000017693843315
6000000017693972327
6000000017694225049
6000000017694405044
6000000017694881475
6000000017696748592
6000000017697104485
6000000017697218572
6000000017697482939
6000000017708717539
6000000017708796838
6000000017708816367
6000000017709462553
6000000017709577497
6000000017709741061
6000000017709754051
6000000017709793410
6000000017715796238
6000000017716028118
6000000017716078252
6000000017719501210
6000000017719588370
6000000017719960409
6000000017720023218
6000000017720364800
6000000017720660189
6000000017720754772
6000000017720891519
6000000017747264404
6000000017747849564
6000000017747857593
6000000017747937293
6000000017750959429
6000000017754990269
6000000017755104767
6000000017762307151
6000000017762912675
6000000017763350181
6000000017765763649
6000000017766345928
6000000017766606685
6000000017766695539
6000000017766700462
6000000017766701558
6000000017766712271
6000000017766713348
6000000017766716517
6000000017766736879
6000000017766763464
6000000017766777200
6000000017766786913
6000000017766814094
6000000017766838300
6000000017766862339
6000000017766869114
6000000017766870710
6000000017766959734
6000000017766987380
6000000017767030198
6000000017767033032
6000000017767107163
6000000017767118047
6000000017771087435
6000000017772376625
6000000017772498888
6000000017772744930
6000000017772799957
6000000017772856819
6000000017772889812
6000000017772963945
6000000017773039874
6000000017773607160
6000000017773729178
6000000017773741133
6000000017773748968
6000000017773779960
6000000017773808329
6000000017773844719
6000000017773852698
6000000017773855767
6000000017773870153
6000000017773890085
6000000017773906229
6000000017773909361
6000000017773911275
6000000017773932020
6000000017773961002
6000000017773977461
6000000017774001164
6000000017774003122
6000000017774113044
6000000017774114125
6000000017777699681
6000000017792483850
6000000017799577139
6000000017806792259
6000000017817088784
6000000017817586166
6000000017817792627
6000000017817906411
6000000017817912123
6000000017819374485
6000000017820133851
6000000017821582854
6000000017821656698
6000000017821704479
6000000017822174647
6000000017822525189
6000000017822626227
6000000017822774100
6000000017823047035
6000000017823108001
6000000017823656297
6000000017823661834
6000000017823821299
6000000017823890672
6000000017823905769
6000000017823912919
6000000017823928971
6000000017823956518
6000000017824004734
6000000017824020191
6000000017824021540
6000000017824021867
6000000017824044668
6000000017824079214
6000000017824640263
6000000017824646967
6000000017824705639
6000000017824815192
6000000017824862033
6000000017824876001
6000000017827176371
6000000017848507977
6000000017854876849
6000000017855567079
6000000017862352454
6000000017865928109
6000000017875127959
6000000017875203967
6000000017875305038
6000000017875637644
6000000017875700492
6000000017875714932
6000000017875753252
6000000017875776813
6000000017876332666
6000000017876596655
6000000017876626368
6000000017876665226
6000000017876676965
6000000017876790088
6000000017876840000
6000000017876924067
6000000017876928190
6000000017877032363
6000000017877122090
6000000017878811725
6000000017881147181
6000000017881147477
6000000017881476213
6000000017881813656
6000000017881995133
6000000017882122107
6000000017882249540
6000000017882467806
6000000017882506285
6000000017882669407
6000000017882726286
6000000017882807862
6000000017882814625
6000000017882827717
6000000017882895690
6000000017882918223
6000000017883168141
6000000017884413959
6000000017884414231
6000000017884419982
6000000017884432945
6000000017884443857
6000000017884481618
6000000017884657043
6000000017896337440
6000000017896340921
6000000017896351880
6000000017896473685
6000000017896542712
6000000017896574550
6000000017896579483
6000000017896587227
6000000017896612868
6000000017896613647
6000000017896662453
6000000017896666431
6000000017896667914
6000000017896696455
6000000017896702838
6000000017896723634
6000000017896726516
6000000017896758247
6000000017896758797
6000000017896760631
6000000017896760843
6000000017896785679
6000000017896796784
6000000017896801628
6000000017896808434
6000000017896810106
6000000017896821539
6000000017896823212
6000000017896825330
6000000017896825653
6000000017896828544
6000000017896828626
6000000017896838364
6000000017896840596
6000000017896841746
6000000017896841786
6000000017896859816
6000000017896862299
6000000017896877360
6000000017896892639
6000000017896892813
6000000017896911632
6000000017896911743
6000000017896912896
6000000017896926670
6000000017896927283
6000000017896930194
6000000017896944749
6000000017896952515
6000000017896954733
6000000017896958557
6000000017896964337
6000000017896964857
6000000017896968259
6000000017896970168
6000000017896970227
6000000017896970350
6000000017896979675
6000000017896983289
6000000017896988100
6000000017896993380
6000000017896997524
6000000017896997937
6000000017897007069
6000000017897022114
6000000017897033152
6000000017897035059
6000000017897048976
6000000017897063369
6000000017897067430
6000000017897070269
6000000017897079059
6000000017897113932
6000000017897140124
6000000017897146702
6000000017897153355
6000000017897154017
6000000017897158520
6000000017897166488
6000000017897189363
6000000017897215131
6000000017897217075
6000000017897273057
6000000017897283175
6000000017897322191
6000000017897327570
6000000017897334053
6000000017897356516
6000000017897401928
6000000017897405008
6000000017897436518
6000000017897446608
6000000017897447616
6000000017897492764
6000000017897513422
6000000017897515378
6000000017897527454
6000000017897528836
6000000017897530570
6000000017897535722
6000000017897540999
6000000017897546172
6000000017897551903
6000000017897584364
6000000017897594702
6000000017897599176
6000000017897635438
6000000017897636405
6000000017897638390
6000000017897650154
6000000017897659167
6000000017897679230
6000000017897697314
6000000017897721284
6000000017897721604
6000000017897722424
6000000017897786835
6000000017897791254
6000000017897802172
6000000017897859061
6000000017897861342
6000000017897872362
6000000017897922377
6000000017897923445
6000000017897924158
6000000017897937104
6000000017897938307
6000000017897982543
6000000017897992018
6000000017898020326
6000000017898035449
6000000017898041425
6000000017898083265
6000000017898104248
6000000017898105212
6000000017898114041
6000000017898129018
6000000017898131054
6000000017898643865
6000000017899212852
6000000017899963841
6000000017900205641
6000000017900231757
6000000017900278096
6000000017900285664
6000000017900410295
6000000017900417155
6000000017900522297
6000000017900559387
6000000017900590562
6000000017900642655
6000000017900748771
6000000017900756655
6000000017900889091
6000000017900889232
6000000017901218099
6000000017901227180
6000000017901324118
6000000017901340146
6000000017901440140
6000000017901983411
6000000017902095691
6000000017902307024
6000000017902578689
6000000017902798384
6000000017902971138
6000000017902973185
6000000017903026576
6000000017903143317
6000000017903173089
6000000017903250357
6000000017903267890
6000000017904021796
6000000017904148530
6000000017904397112
6000000017904960271
6000000017904977791
6000000017905005614
6000000017905031506
6000000017905184612
6000000017905199111
6000000017906750118
6000000017906931303
6000000017907094012
6000000017907110275
6000000017907167243
6000000017907216024
6000000017915448631
6000000017915532795
6000000017915656324
6000000017916002021
6000000017916409377
6000000017919185917
6000000017919304808
6000000017919438365
6000000017920089406
6000000017920275850
6000000017920630425
6000000017920897825
6000000017921038233
6000000017921118148
6000000017921751772
6000000017921757042
6000000017921923852
6000000017921925875
6000000017922017367
6000000017922113582
6000000017922612231
6000000017926879694
6000000017934512570
6000000017934862906
6000000017935311806
6000000017935348977
6000000017935421306
6000000017935447330
6000000017935472194
6000000017935617007
6000000017936742625
6000000017937366855
6000000017937635014
6000000017939089538
6000000017939491548
6000000017939512709
6000000017939544035
6000000017939653023
6000000017939820149
6000000017944860080
6000000017944922833
6000000017945066989
6000000017945798236
6000000017945830039
6000000017945889410
6000000017946065212
6000000017946339929
6000000017946673890
6000000017946717857
6000000017946724836
6000000017946796847
6000000017946807388
6000000017947136463
6000000017947163500
6000000017947171810
6000000017947174536
6000000017947234277
6000000017947243202
6000000017947254146
6000000017947319010
6000000017953808373
6000000017954219283
6000000017954286975
6000000017954405632
6000000017954407296
6000000017954437620
6000000017954535527
6000000017954594087
6000000017961643979
6000000017961675263
6000000017962386869
6000000017962394979
6000000017962408688
6000000017962422326
6000000017962425353
6000000017962543325
6000000017962547904
6000000017962605206
6000000017962647473
6000000017962649779
6000000017962684171
6000000017962703173
6000000017962717450
6000000017962745159
6000000017962776139
6000000017962804285
6000000017962806846
6000000017962822729
6000000017962834407
6000000017962918782
6000000017963007424
6000000017963074101
6000000017964222927
6000000017964405671
6000000017964506825
6000000017964652849
6000000017964660328
6000000017964709413
6000000017964765859
6000000017964901285
6000000017964901358
6000000017964905324
6000000017965206196
6000000017965244063
6000000017967581633
6000000017970397188
6000000017970460187
6000000017970488370
6000000017970628366
6000000017978455364
6000000017978563454
6000000017978856250
6000000017982098548
6000000017982239980
6000000017982619159
6000000017992213298
6000000017992612372
6000000018000951622
6000000018001166894
6000000018001329079
6000000018001347278
6000000018001694369
6000000018002541994
6000000018002568868
6000000018002733009
6000000018002749007
6000000018011096365
6000000018011443067
6000000018011524883
6000000018011544276
6000000018011593715
6000000018011695929
6000000018011697790
6000000018011794488
6000000018011814330
6000000018012657956
6000000018012781755
6000000018012816084
6000000018012839680
6000000018012842613
6000000018012909112
6000000018012946112
6000000018012975047
6000000018012979022
6000000018013578730
6000000018013687348
6000000018013770036
6000000018015407891
6000000018015642684
6000000018017588350
6000000018017634044
6000000018020751633
6000000018020755545
6000000018022101517
6000000018022140181
6000000018036240751
6000000018036800848
6000000018037275120
6000000018038371921
6000000018038537407
6000000018038649311
6000000018038683123
6000000018038702795
6000000018038812277
6000000018039430999
6000000018039590066
6000000018039718059
6000000018039798311
6000000018048541846
6000000018049162718
6000000018049182818
6000000018049508522
6000000018049519256
6000000018049519277
6000000018049605798
6000000018049662433
6000000018049675194
6000000018049823200
6000000018050017123
6000000018050020089
6000000018050025025
6000000018050045182
6000000018050205197
6000000018050230376
6000000018050243199
6000000018050257355
6000000018050270093
6000000018050271185
6000000018050303141
6000000018050329317
6000000018050331739
6000000018050355170
6000000018050526247
6000000018050597215
6000000018050620173
6000000018050633146
6000000018050665286
6000000018050698134
6000000018050704476
6000000018050735144
6000000018057510500
6000000018057528906
6000000018057576596
6000000018057648385
6000000018057660225
6000000018057688686
6000000018057692612
6000000018057704955
6000000018058036062
6000000018058373298
6000000018058398009
6000000018058736071
6000000018059214875
6000000018059368773
6000000018059620971
6000000018059761401
6000000018059765201
6000000018059827373
6000000018060214756
6000000018060310548
6000000018060318533
6000000018060482126
6000000018064708544
6000000018076591096
6000000018076770969
6000000018077179237
6000000018077419574
6000000018077493414
6000000018077520689
6000000018077592844
6000000018077608410
6000000018077627938
6000000018077877660
6000000018082869962
6000000018083815646
6000000018084612239
6000000018084675188
6000000018084773262
6000000018085404038
6000000018093974281
6000000018107768710
6000000018107792550
6000000018108182275
6000000018115272414
6000000018115300986
6000000018115331984
6000000018115338570
6000000018115433735
6000000018115467594
6000000018115556470
6000000018115646616
6000000018115743210
6000000018115747198
6000000018115753355
6000000018115774004
6000000018115983250
6000000018116266960
6000000018116418721
6000000018116661206
6000000018116688137
6000000018116700134
6000000018116771104
6000000018116891659
6000000018117777847
6000000018118076981
6000000018118178385
6000000018118202124
6000000018120963581
6000000018122788587
6000000018122855831
6000000018123012667
6000000018126130774
6000000018126148269
6000000018126261512
6000000018126330063
6000000018126491266
6000000018126722329
6000000018126766885
6000000018126935057
6000000018126941058
6000000018127084808
6000000018128385648
6000000018128482165
6000000018128542057
6000000018135899960
6000000018136646542
6000000018136726161
6000000018136860300
6000000018137131168
6000000018142612158
6000000018142851452
6000000018142855468
6000000018142943231
6000000018143619297
6000000018144286700
6000000018144391100
6000000018144459208
6000000018144500205
6000000018144591310
6000000018144772304
6000000018144776248
6000000018144803173
6000000018145786903
6000000018145789210
6000000018145814484
6000000018145936753
6000000018145957333
6000000018145961164
6000000018145965479
6000000018145975537
6000000018146006166
6000000018146016558
6000000018146045969
6000000018146121488
6000000018146140680
6000000018146144812
6000000018146170230
6000000018146229737
6000000018146246337
6000000018146248885
6000000018146351738
6000000018146358891
6000000018146360144
6000000018146360166
6000000018146384574
6000000018146404777
6000000018146407326
6000000018146424266
6000000018146492937
6000000018146498851
6000000018146501178
6000000018146501452
6000000018146502313
6000000018146504916
6000000018146510298
6000000018146530103
6000000018146546954
6000000018146558462
6000000018146578658
6000000018146579338
6000000018146582702
6000000018146587486
6000000018146617247
6000000018146618656
6000000018146624260
6000000018146677114
6000000018146681229
6000000018146706089
6000000018146750349
6000000018146754042
6000000018146771482
6000000018146927063
6000000018146995309
6000000018147020081
6000000018147123063
6000000018149031676
6000000018149180557
6000000018149459586
6000000018150245970
6000000018150536411
6000000018150536588
6000000018150573830
6000000018150722162
6000000018150774205
6000000018151772584
6000000018151774438
6000000018151897344
6000000018151918081
6000000018151969953
6000000018152101217
6000000018152163206
6000000018152205587
6000000018152215721
6000000018152226730
6000000018152246740
6000000018152249490
6000000018152253361
6000000018152268139
6000000018152284210
6000000018152303570
6000000018152320142
6000000018152346299
6000000018152456657
6000000018152468523
6000000018152468564
6000000018152501078
6000000018152782004
6000000018153465267
6000000018153690019
6000000018153733896
6000000018162926500
6000000018162928610
6000000018163868458
6000000018163965889
6000000018183277112
6000000018191783250
6000000018192625119
6000000018192663175
6000000018193952777
6000000018194098010
6000000018194234253
6000000018201996644
6000000018202200826
6000000018202249453
6000000018204235015
6000000018223075162
6000000018223075166
6000000018223240154
6000000018228923014
6000000018231205311
6000000018231374707
6000000018231455692
6000000018232569492
6000000018232894599
6000000018232969076
6000000018234055611
6000000018234367776
6000000018234431588
6000000018234854992
6000000018234914702
6000000018234980542
6000000018235413034
6000000018235434011
6000000018235672635
6000000018235888618
6000000018236801422
6000000018236866093
6000000018247915031
6000000018279730536
6000000018281426275
6000000018283251488
6000000018283434650
6000000018291134516
6000000018291339680
6000000018305083080
6000000018327238650
6000000018327295761
6000000018338352431
6000000018339170428
6000000018339183573
6000000018339320677
6000000018359103409
6000000018366148520
6000000018366242169
6000000018366380166
6000000018366414403
6000000018377674906
6000000018377710776
6000000018377976563
6000000018377990775
6000000018378005525
6000000018378016694
6000000018378172101
6000000018378172368
6000000018385193629
6000000018385448309
6000000018400197767
6000000018400308263
6000000018400336742
6000000018400370597
6000000018405315747
6000000018405611642
6000000018405814343
6000000018416799373
6000000018417516407
6000000018425698246
6000000018425904839
6000000018425957461
6000000018425979434
6000000018426389667
6000000018426487160
6000000018426511108
6000000018429503196
6000000018429936663
6000000018431518413
6000000018432254698
6000000018432455265
6000000018432515112
6000000018432606257
6000000018432854746
6000000018432894277
6000000018433380009
6000000018433391024
6000000018433521648
6000000018433570923
6000000018433758725
6000000018434133505
6000000018434182718
6000000018434308013
6000000018434311079
6000000018434336262
6000000018434351086
6000000018434424676
6000000018434425616
6000000018434434656
6000000018434471586
6000000018434607541
6000000018434691549
6000000018434731976
6000000018434776166
6000000018434834920
6000000018435025544
6000000018435075762
6000000018435169605
6000000018435312180
6000000018435314172
6000000018435467838
6000000018435496929
6000000018435680327
6000000018435693441
6000000018435715181
6000000018435793963
6000000018435880989
6000000018435907634
6000000018435914537
6000000018435938312
6000000018435998063
6000000018436005777
6000000018436012621
6000000018436014345
6000000018436018310
6000000018436018752
6000000018436023980
6000000018436082340
6000000018436096796
6000000018436124114
6000000018436170493
6000000018436173286
6000000018436199221
6000000018436276713
6000000018436332289
6000000018436376449
6000000018436382358
6000000018436420932
6000000018436442268
6000000018436447710
6000000018436497053
6000000018436590141
6000000018439578465
6000000018440056034
6000000018440387682
6000000018440566679
6000000018441120458
6000000018441146225
6000000018442698085
6000000018442916491
6000000018442927403
6000000018443417826
6000000018443771116
6000000018443890724
6000000018443907684
6000000018443950833
6000000018443994595
6000000018444001720
6000000018444009200
6000000018444069677
6000000018444111655
6000000018444125025
6000000018444135396
6000000018444298560
6000000018444376089
6000000018446109294
6000000018446133689
6000000018446141639
6000000018446246055
6000000018448024787
6000000018448598796
6000000018450815535
6000000018450818448
6000000018451062095
6000000018451489995
6000000018451519581
6000000018451680994
6000000018451708194
6000000018451737545
6000000018451791807
6000000018451829043
6000000018451837438
6000000018451841109
6000000018451841720
6000000018451848113
6000000018451860104
6000000018451944801
6000000018451989396
6000000018452049029
6000000018452130214
6000000018452193024
6000000018452233210
6000000018452240283
6000000018452332644
6000000018452333825
6000000018452370333
6000000018452601547
6000000018452679293
6000000018452778120
6000000018452792216
6000000018452881036
6000000018452888479
6000000018452916259
6000000018453045072
6000000018453258402
6000000018453526365
6000000018453684033
6000000018457929943
6000000018460868565
6000000018462739849
6000000018463059124
6000000018463878390
6000000018464012625
6000000018464313056
6000000018465401269
6000000018471084723
6000000018471128949
6000000018472925263
6000000018485980328
6000000018493341540
6000000018493449704
6000000018493535799
6000000018493825070
6000000018494320759
6000000018495767465
6000000018496148706
6000000018496234575
6000000018497627954
6000000018498026951
6000000018498908090
6000000018499168018
6000000018500652354
6000000018501695862
6000000018502016293
6000000018507340927
6000000018507866775
6000000018508803341
6000000018508825243
6000000018509227362
6000000018514283080
6000000018527675225
6000000018534784848
6000000018543001914
6000000018544443164
6000000018544462337
6000000018554449058
6000000018554655360
6000000018554797240
6000000018554801862
6000000018554837626
6000000018554840462
6000000018554900356
6000000018555158092
6000000018556004696
6000000018556248064
6000000018557043848
6000000018557200533
6000000018557544216
6000000018567672734
6000000018567756599
6000000018567866506
6000000018567869525
6000000018567937304
6000000018568057381
6000000018568067416
6000000018568086306
6000000018568189006
6000000018579632170
6000000018579695830
6000000018579704042
6000000018579719773
6000000018579769458
6000000018579773223
6000000018579865487
6000000018579874830
6000000018579892550
6000000018579936589
6000000018580025355
6000000018580025378
6000000018580027795
6000000018580045163
6000000018580052204
6000000018580065394
6000000018580109358
6000000018580241428
6000000018580263251
6000000018580326063
6000000018606102970
6000000018613307567
6000000018613778810
6000000018613784575
6000000018613838346
6000000018613870370
6000000018613884704
6000000018614323181
6000000018614471142
6000000018625899766
6000000018625952817
6000000018626022307
6000000018626022323
6000000018626023450
6000000018626298858
6000000018626614555
6000000018626667355
6000000018626700132
6000000018636502075
6000000018636508204
6000000018639824821
6000000018668069864
6000000018687019997
6000000018688424819
6000000018688704768
6000000018689159000
6000000018689288614
6000000018689394395
6000000018689585812
6000000018689770482
6000000018689792839
6000000018689803119
6000000018689809120
6000000018689847051
6000000018689851690
6000000018689868034
6000000018689888010
6000000018689954489
6000000018690143043
6000000018694424319
6000000018694424325
6000000018694424329
6000000018699585164
6000000018700960719
6000000018701731242
6000000018701752801
6000000018701829051
6000000018701918595
6000000018708107774
6000000018708290627
6000000018708760272
6000000018708865512
6000000018708977779
6000000018709005332
6000000018709033182
6000000018709158637
6000000018709305391
6000000018709305441
6000000018709385843
6000000018709594024
6000000018710120818
6000000018710124048
6000000018710149792
6000000018710462287
6000000018710482165
6000000018710498324
6000000018710506534
6000000018710511104
6000000018710581292
6000000018742236535
6000000018747387917
6000000018747988129
6000000018749814943
6000000018749998778
6000000018750010487
6000000018756756000
6000000018756758959
6000000018757737090
6000000018758313155
6000000018764960170
6000000018765051188
6000000018773183994
6000000018776952214
6000000018787283894
6000000018787483977
6000000018787810026
6000000018802494667
6000000018803269155
6000000018803346023
6000000018803602363
6000000018803887217
6000000018804074858
6000000018805028276
6000000018806469001
6000000018807200005
6000000018815807697
6000000018817278001
6000000018826875340
6000000018832570698
6000000018832623523
6000000018832710395
6000000018832790462
6000000018832896078
6000000018837809970
6000000018837838950
6000000018838213273
6000000018838406470
6000000018838515453
6000000018838693145
6000000018838694048
6000000018838699119
6000000018838718116
6000000018841804679
6000000018841861590
6000000018842639214
6000000018842889435
6000000018858052816
6000000018858065964
6000000018858203771
6000000018858333653
6000000018858475965
6000000018858493542
6000000018858494339
6000000018882860400
6000000018884964927
6000000018885550661
6000000018885670436
6000000018885740387
6000000018885952412
6000000018886110179
6000000018886157098
6000000018886205212
6000000018889642527
6000000018890076746
6000000018890126452
6000000018890137638
6000000018890354667
6000000018890466839
6000000018890529410
6000000018890575185
6000000018891105972
6000000018891322750
6000000018891484755
6000000018891510381
6000000018891588257
6000000018898104341
6000000018907077666
6000000018907597016
6000000018909148610
6000000018909155670
6000000018909512047
6000000018910831067
6000000018910836074
6000000018910845145
6000000018910856247
6000000018910871412
6000000018910887070
6000000018910909454
6000000018910913017
6000000018910935509
6000000018910966234
6000000018910985304
6000000018911002423
6000000018911028090
6000000018911064432
6000000018911087008
6000000018915348848
6000000018915837827
6000000018915889748
6000000018916331635
6000000018916437466
6000000018916590747
6000000018916656375
6000000018916840473
6000000018916950503
6000000018916961236
6000000018917534152
6000000018918057588
6000000018919990338
6000000018928829921
6000000018930178659
6000000018930355366
6000000018930489301
6000000018930698144
6000000018930925760
6000000018931132064
6000000018931148056
6000000018931259048
6000000018931260846
6000000018931342945
6000000018932443692
6000000018932522341
6000000018932968384
6000000018933052056
6000000018933197127
6000000018933428026
6000000018933476007
6000000018934353041
6000000018936123359
6000000018936273200
6000000018936481001
6000000018937461027
6000000018938183219
6000000018938739622
6000000018938812493
6000000018941718510
6000000018941938281
6000000018962540053
6000000018963480057
6000000018964558242
6000000018967874084
6000000018968225161
6000000018970228313
6000000018970611468
6000000018971152185
6000000018971346969
6000000018971353831
6000000018971460578
6000000018971861675
6000000018972743410
6000000018973227101
6000000018973738175
6000000018973859634
6000000018974122104
6000000018985520604
6000000018986901513
6000000018987066693
6000000018987079893
6000000018987120257
6000000018987187285
6000000018987548001
6000000018989044665
6000000018989105888
6000000018989197558
6000000018989383328
6000000018989387517
6000000018989388319
6000000018989447366
6000000018989453467
6000000018989458203
6000000018989480384
6000000018989533298
6000000018989586060
6000000018989602143
6000000018992477310
6000000018993335629
6000000018994529122
6000000018994664084
6000000018994804816
6000000018994845036
6000000018995331371
6000000018995448190
6000000018995673056
6000000018995691043
6000000018995770048
6000000018995801256
6000000018999018417
6000000018999039796
6000000018999053808
6000000018999114547
6000000018999121562
6000000018999276398
6000000018999563521
6000000018999731328
6000000018999880351
6000000018999884290
6000000018999938315
6000000018999960152
6000000018999973298
6000000019000104933
6000000019000216922
6000000019000358787
6000000019000402493
6000000019000549486
6000000019000591557
6000000019000591580
6000000019000641115
6000000019000716099
6000000019001833219
6000000019003987641
6000000019004122892
6000000019004130700
6000000019004363325
6000000019004385889
6000000019004388586
6000000019004407329
6000000019004433134
6000000019004433145
6000000019004459261
6000000019004502303
6000000019004518853
6000000019004527184
6000000019004555045
6000000019004636156
6000000019004651133
6000000019004808542
6000000019005037325
6000000019005044362
6000000019005074921
6000000019005079566
6000000019005085229
6000000019005085389
6000000019005096710
6000000019005129231
6000000019005235164
6000000019005323063
6000000019005323148
6000000019005369165
6000000019005818395
6000000019005915301
6000000019006117267
6000000019006137236
6000000019007464696
6000000019007835150
6000000019007840185
6000000019008009221
6000000019008297925
6000000019011557769
6000000019012093796
6000000019012127887
6000000019012246437
6000000019012246482
6000000019012246498
6000000019012295292
6000000019012302441
6000000019012353272
6000000019012434040
6000000019012479385
6000000019012728204
6000000019019974691
6000000019021514298
6000000019021529838
6000000019021881333
6000000019022026982
6000000019022277381
6000000019022277387
6000000019029178759
6000000019034805680
6000000019044242827
6000000019044268869
6000000019044275777
6000000019044307743
6000000019044440482
6000000019044475865
6000000019044476816
6000000019044809242
6000000019044841227
6000000019044874132
6000000019044886093
6000000019045280534
6000000019045545281
6000000019045709118
6000000019053725882
6000000019053922743
6000000019053966819
6000000019054408539
6000000019054471136
6000000019054488053
6000000019054515179
6000000019054609377
6000000019054670068
6000000019054672303
6000000019054712021
6000000019054724262
6000000019054831074
6000000019056936136
6000000019057248507
6000000019057272867
6000000019057473315
6000000019061441518
6000000019061855504
6000000019061929394
6000000019064551347
6000000019067511217
6000000019074543128
6000000019076636516
6000000019078362035
6000000019079522641
6000000019087701327
6000000019127050612
6000000019127176179
6000000019156893017
6000000019158019437
6000000019158410794
6000000019159277948
6000000019159736106
6000000019173640006
6000000019198671841
6000000019199128213
6000000019217988358
6000000019220569079
6000000019221834346
6000000019230537182
6000000019230889393
6000000019231100432
6000000019231118418
6000000019231123359
6000000019231166412
6000000019231429345
6000000019231482198
6000000019255268667
6000000019260088503
6000000019260094489
6000000019260120670
6000000019260239297
6000000019260335559
6000000019260542994
6000000019260830184
6000000019261230767
6000000019261291864
6000000019264364538
6000000019276056180
6000000019276933043
6000000019278068908
6000000019278291976
6000000019278466714
6000000019278591664
6000000019278614928
6000000019278622228
6000000019278698700
6000000019278720257
6000000019278720967
6000000019278807193
6000000019278916165
6000000019279023133
6000000019279227182
6000000019279330860
6000000019279594922
6000000019279773599
6000000019279784240
6000000019279868294
6000000019280046099
6000000019283285177
6000000019296261934
6000000019296704343
6000000019309295401
6000000019309320106
6000000019309866670
6000000019310317566
6000000019310402301
6000000019327346411
6000000019332218983
6000000019335937936
6000000019341465777
6000000019341985188
6000000019346778242
6000000019347416557
6000000019347709946
6000000019347881547
6000000019348666096
6000000019350772040
6000000019352307388
6000000019352715434
6000000019352769029
6000000019384497395
6000000019388918543
6000000019389259817
6000000019389267976
6000000019389353588
6000000019401457024
6000000019406782721
6000000019407039598
6000000019409125334
6000000019414561054
6000000019414787357
6000000019414837322
6000000019423148539
6000000019424706397
6000000019424738463
6000000019424837939
6000000019425065307
6000000019425336324
6000000019425346774
6000000019425346867
6000000019425353526
6000000019425598057
6000000019426735917
6000000019427116280
6000000019442392696
6000000019445887754
6000000019445960952
6000000019446251403
6000000019446447520
6000000019454199650
6000000019458082815
6000000019458148639
6000000019458368954
6000000019458515482
6000000019458515492
6000000019458515497
6000000019458581772
6000000019458604423
6000000019458605293
6000000019458689484
6000000019458706387
6000000019458772231
6000000019458908238
6000000019458929166
6000000019459057394
6000000019459138182
6000000019459168339
6000000019459217213
6000000019459325013
6000000019464730492
6000000019464953642
6000000019464997342
6000000019495161893
6000000019499408858
6000000019499418060
6000000019508462984
6000000019560211499
6000000019560211522
6000000019560482256
6000000019580701990
6000000019580756786
6000000019583671013
6000000019592082913
6000000019592102887
6000000019592806760
6000000019593473000
6000000019593478899
6000000019593509717
6000000019593509837
6000000019593687838
6000000019593758402
6000000019593761646
6000000019593764048
6000000019593770464
6000000019593771387
6000000019593781196
6000000019593903268
6000000019593943178
6000000019593980187
6000000019594032230
6000000019594390566
6000000019623041214
6000000019623175059
6000000019643069290
6000000019666104180
6000000019666340052
6000000019750083716
6000000019818392537
6000000019818513533
6000000019839555055
6000000019864968502
6000000019865073989
6000000019866253595
6000000019866353269
6000000019866441480
6000000019866677018
6000000019867398332
6000000019867720293
6000000019867770073
6000000019867808001
6000000019881619269
6000000019881820173
6000000019881845825
6000000019882107048
6000000019887542911
6000000019898073552
6000000019965542958
6000000019965598973
6000000019965817415
6000000019965831402
6000000019965894204
6000000019965967307
6000000019966266167
6000000019975245236
6000000019989397015
6000000019993842143
6000000019994258808
6000000019994524287
6000000019994618098
6000000020005407137
6000000020005431242
6000000020019374746
6000000020019490315
6000000020020487060
6000000020022054610
6000000020022338153
6000000020022705568
6000000020069628296
6000000020069874459
6000000020069942662
6000000020091854024
6000000020093607717
6000000020093879324
6000000020191884211
6000000020196695345
6000000020208207003
6000000020218144100
6000000020238004520
6000000020278141730
6000000020278240883
6000000020278440302
6000000020278543962
6000000020278588100
6000000020278598675
6000000020278666089
6000000020278668294
6000000020278673866
6000000020288876834
6000000020289779852
6000000020290679802
6000000020292399219
6000000020310176279
6000000020317707739
6000000020318076167
6000000020350089017
6000000020350091118
6000000020350878945
6000000020350878949
6000000020351055794
6000000020351055798
6000000020358999771
6000000020359809320
6000000020369520223
6000000020369543899
6000000020369543903
6000000020369710362
6000000020369805494
6000000020369819346
6000000020369849690
6000000020369925300
6000000020369975749
6000000020369987880
6000000020379221526
6000000020379324478
6000000020379346481
6000000020379446501
6000000020379485379
6000000020379491389
6000000020379510424
6000000020379514181
6000000020379718906
6000000020379732818
6000000020399035803
6000000020413096816
6000000020422969904
6000000020505479726
6000000020505685059
6000000020505824614
6000000020505955692
6000000020514105640
6000000020514337079
6000000020549755021
6000000020573405650
6000000020574089880
6000000020574319060
6000000020574326941
6000000020574391167
6000000020574744275
6000000020574936354
6000000020574977886
6000000020575009829
6000000020576224945
6000000020576943131
6000000020577072081
6000000020623432820
6000000020623775425
6000000020623813163
6000000020623923918
6000000020626422769
6000000020626463491
6000000020626657921
6000000020639105704
6000000020639867224
6000000020666290866
6000000020679345104
6000000020704355216
6000000020708795785
6000000020708879209
6000000020708892490
6000000020709234086
6000000020709302105
6000000020720153908
6000000020721559150
6000000020735400820
6000000020735435679
6000000020735567543
6000000020735782368
6000000020735787062
6000000020735851189
6000000020735891526
6000000020735897936
6000000020735916460
6000000020735942164
6000000020736056970
6000000020736067942
6000000020736514759
6000000020736619181
6000000020736651094
6000000020736686914
6000000020736707890
6000000020748348118
6000000020762807622
6000000020762979609
6000000020762991399
6000000020763153679
6000000020771218586
6000000020771439163
6000000020771653011
6000000020771662962
6000000020772079185
6000000020772101152
6000000020816581797
6000000020816628588
6000000020816643581
6000000020816841962
6000000020816855201
6000000020816856318
6000000020817712705
6000000020818299208
6000000020820087821
6000000020820618560
6000000020822016315
6000000020824569674
6000000020827008106
6000000020833072674
6000000020833519532
6000000020834815072
6000000020835423966
6000000020867367079
6000000020867547938
6000000020867953388
6000000020867977434
6000000020868044107
6000000020868232327
6000000020870973403
6000000020881275554
6000000020881573059
6000000020888385472
6000000020898236503
6000000020906722379
6000000020906803080
6000000020906881858
6000000020919045157
6000000020931546785
6000000020932580338
6000000020932704459
6000000020934651297
6000000020934858255
6000000020945113080
6000000020946309443
6000000021024299702
6000000021024359578
6000000021024382473
6000000021024454662
6000000021024463278
6000000021024496504
6000000021024562805
6000000021024580481
6000000021024613185
6000000021024636875
6000000021024667923
6000000021024673850
6000000021024688869
6000000021024773422
6000000021024805274
6000000021024840237
6000000021024851204
6000000021024922843
6000000021027990177
6000000021036569653
6000000021036588705
6000000021036588733
6000000021036781924
6000000021036881858
6000000021040892486
6000000021040914420
6000000021041069129
6000000021041174969
6000000021042423671
6000000021042749398
6000000021042777733
6000000021042909311
6000000021042938733
6000000021043129233
6000000021043153384
6000000021043198216
6000000021043778926
6000000021043916437
6000000021044200963
6000000021079150297
6000000021079205513
6000000021079242114
6000000021079266225
6000000021079299955
6000000021101388804
6000000021119673557
6000000021119960627
6000000021120039632
6000000021120068500
6000000021120177050
6000000021120270244
6000000021120272918
6000000021131945321
6000000021135821644
6000000021135882944
6000000021136317151
6000000021150978462
6000000021151149413
6000000021151236629
6000000021151358482
6000000021151594900
6000000021187397984
6000000021187673650
6000000021187684553
6000000021200671587
6000000021210963409
6000000021211582494
6000000021211709174
6000000021234138673
6000000021236679841
6000000021237514535
6000000021237796378
6000000021239729616
6000000021239810525
6000000021240296349
6000000021240694181
6000000021240872979
6000000021248389362
6000000021261689153
6000000021261865878
6000000021273041015
6000000021273330367
6000000021286603107
6000000021335091386
6000000021339677918
6000000021340981724
6000000021341086181
6000000021343432771
6000000021343547669
6000000021344402078
6000000021357804717
6000000021367276816
6000000021367465424
6000000021367572979
6000000021367623913
6000000021377576892
6000000021394180561
6000000021398419099
6000000021398449226
6000000021398494046
6000000021398512024
6000000021398532920
6000000021398547118
6000000021398585137
6000000021398630044
6000000021398639125
6000000021398642996
6000000021398646182
6000000021398661114
6000000021398751437
6000000021402596551
6000000021402643594
6000000021402720005
6000000021402855091
6000000021402933138
6000000021403030997
6000000021411219573
6000000021411479630
6000000021411527513
6000000021412448577
6000000021412459285
6000000021412733827
6000000021413197944
6000000021465363262
6000000021465375565
6000000021476848260
6000000021476940693
6000000021476983638
6000000021476986721
6000000021477027443
6000000021482227047
6000000021505156794
6000000021505383351
6000000021517050737
6000000021517291979
6000000021517471861
6000000021527962622
6000000021531672749
6000000021532110612
6000000021532563271
6000000021532732017
6000000021540356581
6000000021540494590
6000000021540561314
6000000021540646055
6000000021540705883
6000000021559608052
6000000021575983131
6000000021577258203
6000000021582063764
6000000021582544658
6000000021582681401
6000000021582838001
6000000021585002693
6000000021595751242
6000000021595922978
6000000021596046793
6000000021596050754
6000000021596101621
6000000021596155778
6000000021596275326
6000000021596312245
6000000021596378374
6000000021596406196
6000000021596521263
6000000021601363911
6000000021606381465
6000000021609603237
6000000021610667669
6000000021610814186
6000000021610865770
6000000021610977357
6000000021611205225
6000000021611403011
6000000021611591971
6000000021612272793
6000000021612967442
6000000021613008321
6000000021613834608
6000000021613965415
6000000021614270422
6000000021614418167
6000000021615229916
6000000021615493877
6000000021615739991
6000000021617876785
6000000021618027378
6000000021618149126
6000000021618185198
6000000021618221543
6000000021618227441
6000000021618351197
6000000021618421192
6000000021618428024
6000000021618454067
6000000021618915459
6000000021618984605
6000000021662477072
6000000021665614025
6000000021670919521
6000000021674717797
6000000021674834181
6000000021674915285
6000000021674961431
6000000021674999393
6000000021675166880
6000000021675355100
6000000021679746339
6000000021679963266
6000000021684791651
6000000021687294790
6000000021687660708
6000000021687979019
6000000021688017242
6000000021688140976
6000000021698783012
6000000021698794068
6000000021698821881
6000000021699054960
6000000021711905259
6000000021790547547
6000000021790703019
6000000021798532458
6000000021798840285
6000000021799188086
6000000021799606016
6000000021811286286
6000000021818167072
6000000021837559492
6000000021838106489
6000000021838161228
6000000021838424068
6000000021838622308
6000000021838856477
6000000021839019195
6000000021839080018
6000000021839374888
6000000021847505644
6000000021847863467
6000000021847895348
6000000021848125057
6000000021848529727
6000000021848814095
6000000021849316673
6000000021849438706
6000000021849515765
6000000021849525330
6000000021849548417
6000000021849643876
6000000021884091646
6000000021884153364
6000000021884216514
6000000021884225479
6000000021884352114
6000000021884356507
6000000021884377008
6000000021884427926
6000000021884487110
6000000021911367870
6000000021929109082
6000000021996107347
6000000022015060604
6000000022015151410
6000000022015222245
6000000022072719738
6000000022129149516
6000000022135453336
6000000022135521849
6000000022135610773
6000000022135811724
6000000022135830147
6000000022135832038
6000000022135837088
6000000022135871404
6000000022135874911
6000000022135931424
6000000022144138750
6000000022144338446
6000000022144357749
6000000022144360318
6000000022144366417
6000000022144481631
6000000022144501802
6000000022144621068
6000000022146623590
6000000022147041998
6000000022147516800
6000000022147605589
6000000022147783284
6000000022147793903
6000000022150456141
6000000022175511937
6000000022175564861
6000000022187449894
6000000022191950272
6000000022200554260
6000000022260348391
6000000022275223894
6000000022279726708
6000000022279854307
6000000022279966060
6000000022280320512
6000000022280868255
6000000022281014952
6000000022318907976
6000000022328490231
6000000022329594164
6000000022329597031
6000000022330207737
6000000022331649283
6000000022336758689
6000000022348396457
6000000022357932543
6000000022358441464
6000000022360053390
6000000022360752973
6000000022364362262
6000000022364373350
6000000022364435084
6000000022364474125
6000000022396141620
6000000022396231179
6000000022396231198
6000000022396231204
6000000022396231210
6000000022396231222
6000000022396231228
6000000022396231234
6000000022420386983
6000000022420435052
6000000022420612195
6000000022420705105
6000000022421392586
6000000022421439215
6000000022421467984
6000000022421485036
6000000022421510003
6000000022421566972
6000000022421579951
6000000022422644602
6000000022422717383
6000000022422866012
6000000022424420810
6000000022424679734
6000000022425169974
6000000022425294567
6000000022425339493
6000000022425346294
6000000022425484433
6000000022425559119
6000000022426251044
6000000022429931981
6000000022430556860
6000000022449832924
6000000022449867942
6000000022449958020
6000000022449969919
6000000022570774341
6000000022570994425
6000000022571105907
6000000022574758939
6000000022575223855
6000000022599357528
6000000022606843152
6000000022607651936
6000000022618363638
6000000022618440078
6000000022618679117
6000000022618694307
6000000022618745604
6000000022626766457
6000000022628217588
6000000022628459690
6000000022632010577
6000000022632294959
6000000022632539832
6000000022634527444
6000000022635999485
6000000022636209275
6000000022638387700
6000000022642629329
6000000022642883872
6000000022642932298
6000000022643009392
6000000022643064774
6000000022643066221
6000000022643093961
6000000022643335899
6000000022644686516
6000000022644968274
6000000022645164643
6000000022645187336
6000000022645479898
6000000022645546108
6000000022645573923
6000000022645582836
6000000022645583635
6000000022645672262
6000000022669433418
6000000022698618399
6000000022698800200
6000000022699151381
6000000022699153662
6000000022699381836
6000000022755085403
6000000022755505041
6000000022760671536
6000000022761543474
6000000022762343893
6000000022762436150
6000000022762907969
6000000022763255857
6000000022763292848
6000000022770474416
6000000022775977614
6000000022783835280
6000000022785186486
6000000022785330413
6000000022785356238
6000000022785366221
6000000022785451227
6000000022794594597
6000000022794940872
6000000022795071171
6000000022796141258
6000000022798379943
6000000022799176491
6000000022803632181
6000000022823275939
6000000022826182502
6000000022826203391
6000000022826805350
6000000022826907186
6000000022836847815
6000000022849578372
6000000022870301704
6000000022871690631
6000000022872563936
6000000022872595002
6000000022880478116
6000000022890781960
6000000022892980210
6000000022893030181
6000000022893101038
6000000022904753274
6000000022905097516
6000000022905455681
6000000022905851977
6000000022917187175
6000000022928365322
6000000022929504890
6000000022929684822
6000000022934034050
6000000022944679922
6000000022967509755
6000000022967949890
6000000022969052910
6000000022975135948
6000000022975199017
6000000022995566581
6000000022996499238
6000000023024442574
6000000023025550865
6000000023050814998
6000000023050816010
6000000023050878272
6000000023051158904
6000000023051202891
6000000023051225887
6000000023072018384
6000000023072135719
6000000023072203490
6000000023073996550
6000000023074441256
6000000023074463501
6000000023074842058
6000000023074900036
6000000023075020874
6000000023075585904
6000000023098243947
6000000023105941726
6000000023122191907
6000000023123244638
6000000023154480501
6000000023154525452
6000000023154722274
6000000023154824258
6000000023154826042
6000000023185123102
6000000023186133184
6000000023235563469
6000000023235605517
6000000023236372291
6000000023236548763
6000000023263812233
6000000023263905934
6000000023272631966
6000000023312170628
6000000023322486948
6000000023357372710
6000000023361954264
6000000023375988439
6000000023376002063
6000000023376032690
6000000023376065188
6000000023380709226
6000000023386719211
6000000023431852702
6000000023431964924
6000000023432041637
6000000023432229306
6000000023432265019
6000000023432384915
6000000023452463574
6000000023452748137
6000000023452983992
6000000023453001923
6000000023453093821
6000000023473183423
6000000023513320378
6000000023516602956
6000000023529460959
6000000023601194792
6000000023602911663
6000000023695834493
6000000023710087990
6000000023725696044
6000000023726586007
6000000023728897349
6000000023743335019
6000000023753634494
6000000023768427281
6000000023768991937
6000000023769810658
6000000023781785763
6000000023781787372
6000000023781939490
6000000023782056508
6000000023782090525
6000000023782126148
6000000023882026897
6000000023899934292
6000000023903333478
6000000023906488842
6000000023907578875
6000000023910105127
6000000023923356075
6000000023935107463
6000000023935595291
6000000023950990745
6000000023951223149
6000000023951569407
6000000023951727942
6000000023951735013
6000000023993552761
6000000023993850209
6000000023993949513
6000000023994042021
6000000023994048449
6000000023994096492
6000000023994124932
6000000023994284010
6000000024003973207
6000000024004478958
6000000024006295521
6000000024033496664
6000000024033674983
6000000024038472307
6000000024042314857
6000000024051538938
6000000024053693505
6000000024055332316
6000000024093868489
6000000024106118999
6000000024117075140
6000000024118261330
6000000024128000879
6000000024128045173
6000000024128055863
6000000024128649821
6000000024128658825
6000000024132650121
6000000024157129821
6000000024168588582
6000000024207092250
6000000024211685066
6000000024212231322
6000000024227058434
6000000024227058537
6000000024227203304
6000000024227284349
6000000024227327507
6000000024227331749
6000000024227347413
6000000024227347421
6000000024227347425
6000000024227347429
6000000024227347433
6000000024230742929
6000000024233085423
6000000024233251753
6000000024233339509
6000000024233606171
6000000024233643275
6000000024233643285
6000000024233662337
6000000024233700151
6000000024233711116
6000000024233757032
6000000024233811369
6000000024233879829
6000000024233926146
6000000024233926151
6000000024233926156
6000000024234049643
6000000024234057677
6000000024234057681
6000000024234057685
6000000024234104721
6000000024234236411
6000000024234236415
6000000024234236419
6000000024234236423
6000000024234285980
6000000024234306461
6000000024234434455
6000000024234528874
6000000024234736875
6000000024234762937
6000000024239633551
6000000024239741958
6000000024276444916
6000000024303248098
6000000024336072401
6000000024336193415
6000000024359920140
6000000024360003498
6000000024383089954
6000000024386665336
6000000024386936209
6000000024386997509
6000000024387052095
6000000024387064072
6000000024387068109
6000000024387136955
6000000024387283279
6000000024387464915
6000000024393200294
6000000024402049626
6000000024410029451
6000000024410069232
6000000024410569486
6000000024410693293
6000000024411334540
6000000024411705111
6000000024412006651
6000000024412703816
6000000024414115858
6000000024414369899
6000000024414407019
6000000024414539848
6000000024414561865
6000000024414569890
6000000024416186382
6000000024416402655
6000000024416509007
6000000024418800520
6000000024418995114
6000000024419001331
6000000024419055175
6000000024419250890
6000000024422643322
6000000024422748660
6000000024422843109
6000000024422948362
6000000024422990079
6000000024423036977
6000000024423085953
6000000024430197129
6000000024430207994
6000000024430299287
6000000024430336969
6000000024430507013
6000000024445020235
6000000024445031089
6000000024445069079
6000000024445119995
6000000024445140006
6000000024447497792
6000000024447581231
6000000024447832146
6000000024451602220
6000000024451617626
6000000024451689146
6000000024451740474
6000000024451865087
6000000024451865093
6000000024452446823
6000000024476289758
6000000024476343584
6000000024476496306
6000000024476502505
6000000024476528414
6000000024476559026
6000000024476585203
6000000024476595088
6000000024476621257
6000000024476728943
6000000024490360055
6000000024490363118
6000000024501773922
6000000024502212561
6000000024502237764
6000000024502528441
6000000024502587234
6000000024502693945
6000000024507859301
6000000024510733357
6000000024513658234
6000000024515601413
6000000024515668498
6000000024515672690
6000000024525652733
6000000024525846483
6000000024526078065
6000000024529686549
6000000024530013981
6000000024530017052
6000000024530029941
6000000024531414985
6000000024537652694
6000000024538073503
6000000024538170997
6000000024538215425
6000000024538695327
6000000024545487566
6000000024552043472
6000000024552054350
6000000024558415351
6000000024558507156
6000000024559037662
6000000024559504149
6000000024560394874
6000000024561460094
6000000024561737867
6000000024567253342
6000000024582116244
6000000024596254568
6000000024596531032
6000000024596718457
6000000024624964752
6000000024625002253
6000000024625225892
6000000024625292868
6000000024630927870
6000000024654075406
6000000024654099447
6000000024657601775
6000000024668895728
6000000024669260461
6000000024669495576
6000000024669981553
6000000024670273383
6000000024670316999
6000000024670603270
6000000024671217830
6000000024729754533
6000000024729864551
6000000024730054305
6000000024730083022
6000000024730180095
6000000024730338833
6000000024760830377
6000000024764900636
6000000024766129363
6000000024800085656
6000000024800218186
6000000024800361197
6000000024800383077
6000000024845735980
6000000024845739585
6000000024845821076
6000000024845892301
6000000024846064329
6000000024846178013
6000000024859633603
6000000024887792905
6000000024910504993
6000000024948121730
6000000024948207813
6000000024948408653
6000000024948571097
6000000024948627398
6000000024948720176
6000000024948782278
6000000025031554233
6000000025065057845
6000000025065695195
6000000025101175724
6000000025101740329
6000000025104052941
6000000025105329984
6000000025105891970
6000000025108136111
6000000025108173821
6000000025112381904
6000000025130303876
6000000025139830489
6000000025169965686
6000000025170142460
6000000025170165192
6000000025170326320
6000000025170480968
6000000025216997057
6000000025306319050
6000000025306558130
6000000025306959047
6000000025307010822
6000000025307585176
6000000025307875864
6000000025307879060
6000000025334547230
6000000025334650482
6000000025335355258
6000000025337461111
6000000025337997906
6000000025339630187
6000000025359585649
6000000025360251255
6000000025360327885
6000000025374138176
6000000025374149575
6000000025374178282
6000000025374279337
6000000025374336298
6000000025374401193
6000000025374403346
6000000025374415094
6000000025374434937
6000000025374483708
6000000025374557567
6000000025374654838
6000000025374672130
6000000025374723999
6000000025374762832
6000000025374907999
6000000025375047106
6000000025375152177
6000000025398880687
6000000025399243617
6000000025399265520
6000000025440885395
6000000025440917146
6000000025447236785
6000000025455484797
6000000025455976373
6000000025456506339
6000000025501040731
6000000025502483891
6000000025502536849
6000000025509575658
6000000025509760711
6000000025510344483
6000000025510746982
6000000025512569374
6000000025513072883
6000000025516095281
6000000025516203795
6000000025522516206
6000000025523248658
6000000025523474335
6000000025523544271
6000000025523638159
6000000025523677030
6000000025523775997
6000000025523859499
6000000025523884834
6000000025524148290
6000000025524240856
6000000025524396840
6000000025524451847
6000000025525958576
6000000025526787836
6000000025526820842
6000000025556118526
6000000025556667562
6000000025563732578
6000000025564282661
6000000025564294959
6000000025569035161
6000000025569642872
6000000025570041888
6000000025571027658
6000000025571253276
6000000025571651951
6000000025571731866
6000000025571739035
6000000025571801862
6000000025581465774
6000000025582360036
6000000025594141815
6000000025594617600
6000000025594980201
6000000025595033178
6000000025595036289
6000000025595041264
6000000025595165543
6000000025595206176
6000000025595274337
6000000025595293027
6000000025595473869
6000000025596054461
6000000025596071725
6000000025596201574
6000000025596376493
6000000025596454482
6000000025596909558
6000000025596988178
6000000025597941936
6000000025607130528
6000000025621156515
6000000025643988661
6000000025645024255
6000000025645122010
6000000025661476751
6000000025662020950
6000000025711366632
6000000025711563426
6000000025716618888
6000000025718384534
6000000025718512523
6000000025754752402
6000000025755494110
6000000025766023690
6000000025766306711
6000000025769919708
6000000025783660941
6000000025797511391
6000000025822143575
6000000025822596254
6000000025822596260
6000000025823266728
6000000025823292807
6000000025823696239
6000000025824027962
6000000025834491425
6000000025834758529
6000000025837983590
6000000025837983594
6000000025837983598
6000000025846205934
6000000025852078812
6000000025863822740
6000000025864584484
6000000025864626351
6000000025864706542
6000000025864713626
6000000025864722292
6000000025864746384
6000000025864974449
6000000025864987868
6000000025864989494
6000000025865014392
6000000025865036317
6000000025865052149
6000000025865167874
6000000025905404462
6000000025905591263
6000000025905673276
6000000025905676271
6000000025905756738
6000000025906045953
6000000025906095261
6000000025908212826
6000000025911782498
6000000025912293164
6000000025912389253
6000000025912606994
6000000025912672172
6000000025913184272
6000000025913227025
6000000025913230921
6000000025913239021
6000000025913247484
6000000025913263509
6000000025913277507
6000000025913546828
6000000025927875569
6000000025975128441
6000000026028488569
6000000026035693693
6000000026036014668
6000000026036527396
6000000026036634922
6000000026036710574
6000000026037136886
6000000026063705724
6000000026063869738
6000000026064072482
6000000026064361244
6000000026064393266
6000000026064395554
6000000026064571572
6000000026064604479
6000000026064701521
6000000026064753339
6000000026064754115
6000000026064807011
6000000026064954869
6000000026069498135
6000000026089299530
6000000026089512454
6000000026090090300
6000000026090102369
6000000026090216143
6000000026093026466
6000000026093059551
6000000026093167814
6000000026093260585
6000000026093332123
6000000026093334209
6000000026093504931
6000000026101922700
6000000026101993038
6000000026102564821
6000000026102600887
6000000026102632322
6000000026117459450
6000000026118380749
6000000026123913342
6000000026124985512
6000000026125810988
6000000026127840974
6000000026133271651
6000000026133559206
6000000026133598008
6000000026133671210
6000000026133844365
6000000026133866826
6000000026133911526
6000000026133927454
6000000026133961483
6000000026134068303
6000000026134136275
6000000026134368309
6000000026134465027
6000000026148161765
6000000026185751596
6000000026188004196
6000000026188118865
6000000026188882721
6000000026189427431
6000000026189901478
6000000026189920299
6000000026199442438
6000000026199769675
6000000026201989128
6000000026213564183
6000000026213719794
6000000026213747759
6000000026214010768
6000000026214027488
6000000026214087691
6000000026214112283
6000000026214117761
6000000026214262011
6000000026214302342
6000000026214312543
6000000026214348006
6000000026214395133
6000000026214451861
6000000026214455853
6000000026214455885
6000000026214482861
6000000026257322636
6000000026257912323
6000000026258617910
6000000026269225514
6000000026273726392
6000000026273984771
6000000026274675843
6000000026283310674
6000000026283310679
6000000026286803399
6000000026287131857
6000000026309847333
6000000026309892229
6000000026309893249
6000000026309970102
6000000026310063908
6000000026323237455
6000000026323525345
6000000026323849848
6000000026335384024
6000000026335443932
6000000026338029532
6000000026338622195
6000000026338670525
6000000026338720448
6000000026338734445
6000000026338823261
6000000026339035150
6000000026339041438
6000000026339073084
6000000026339224895
6000000026344335698
6000000026344535348
6000000026346055083
6000000026346550649
6000000026347810854
6000000026349789099
6000000026349821044
6000000026350661957
6000000026350678736
6000000026350697898
6000000026350729821
6000000026350766659
6000000026350787821
6000000026350803586
6000000026350805654
6000000026350808682
6000000026351410837
6000000026351764735
6000000026352059638
6000000026352137537
6000000026352269754
6000000026352350767
6000000026352408605
6000000026352523501
6000000026352523762
6000000026352534328
6000000026352553181
6000000026352587281
6000000026352603360
6000000026352611312
6000000026352645887
6000000026352649584
6000000026352662156
6000000026352680658
6000000026352707016
6000000026352708945
6000000026352737671
6000000026352746599
6000000026352770147
6000000026352824107
6000000026352852186
6000000026352861451
6000000026352864125
6000000026352867857
6000000026352872010
6000000026352882177
6000000026352919967
6000000026352994927
6000000026353007928
6000000026353043906
6000000026363931833
6000000026370229997
6000000026370273954
6000000026370368902
6000000026380265236
6000000026380468174
6000000026380484843
6000000026380505973
6000000026380542839
6000000026389187238
6000000026394654131
6000000026394826928
6000000026419132631
6000000026419704068
6000000026419876381
6000000026420060341
6000000026420149996
6000000026422931170
6000000026423168491
6000000026423292856
6000000026435674283
6000000026436373835
6000000026436477674
6000000026436530175
6000000026436559787
6000000026436895721
6000000026436966993
6000000026436996995
6000000026437033716
6000000026437208223
6000000026437293201
6000000026437499908
6000000026441578998
6000000026452027151
6000000026504059832
6000000026518742106
6000000026518979003
6000000026519039887
6000000026540246404
6000000026541508409
6000000026543030092
6000000026547062548
6000000026547070236
6000000026547150131
6000000026547872631
6000000026579111388
6000000026579128247
6000000026603259191
6000000026603300812
6000000026603302277
6000000026603413428
6000000026603516290
6000000026603553155
6000000026603614961
6000000026603784889
6000000026603809229
6000000026614897797
6000000026615331280
6000000026615332227
6000000026616150448
6000000026616417928
6000000026627571547
6000000026631818025
6000000026631827126
6000000026647728776
6000000026648216155
6000000026653422505
6000000026653488760
6000000026653858973
6000000026681207867
6000000026725854691
6000000026729545758
6000000026744936808
6000000026745145345
6000000026745156232
6000000026745200686
6000000026745253047
6000000026745276215
6000000026745473973
6000000026745568839
6000000026745601832
6000000026763447333
6000000026763503121
6000000026783298111
6000000026813422661
6000000026813487541
6000000026813542721
6000000026813732388
6000000026813778197
6000000026813801956
6000000026813843992
6000000026813848935
6000000026813907302
6000000026813960917
6000000026814019844
6000000026814036981
6000000026872332988
6000000026878278045
6000000026884183582
6000000026884294790
6000000026884369608
6000000026887086906
6000000026887204929
6000000026887285921
6000000026887320914
6000000026889425033
6000000026892328177
6000000026892389699
6000000026892403405
6000000026892436047
6000000026897837529
6000000026899185313
6000000026900606967
6000000026908972642
6000000026909324497
6000000026909485514
6000000026909546276
6000000026909600305
6000000026909838296
6000000026909857446
6000000026909935402
6000000026910069072
6000000026910102921
6000000026910107218
6000000026910187089
6000000026910289858
6000000026933303834
6000000026933331821
6000000026950063352
6000000026950065192
6000000026996835742
6000000026997345611
6000000026997706039
6000000026999417485
6000000026999573563
6000000026999681171
6000000027018707790
6000000027018784785
6000000027018981448
6000000027019177242
6000000027019210238
6000000027019211424
6000000027019362945
6000000027019385989
6000000027019428677
6000000027019624855
6000000027019653721
6000000027019950926
6000000027019983144
6000000027020021110
6000000027020025058
6000000027020040934
6000000027022032392
6000000027022077383
6000000027040911702
6000000027044441877
6000000027090501279
6000000027090957648
6000000027104534631
6000000027105062355
6000000027105159336
6000000027105749250
6000000027105953773
6000000027106156983
6000000027106241027
6000000027106333165
6000000027106464031
6000000027106548361
6000000027106636370
6000000027121519664
6000000027122279588
6000000027122365103
6000000027122806635
6000000027125524398
6000000027127209358
6000000027127463623
6000000027142639301
6000000027143615141
6000000027149096412
6000000027179553426
6000000027180916456
6000000027181119412
6000000027209341390
6000000027247402432
6000000027248281365
6000000027249412950
6000000027253482177
6000000027270963465
6000000027320569820
6000000027323465031
6000000027327155119
6000000027338591417
6000000027340413515
6000000027340806933
6000000027343184289
6000000027361083729
6000000027361116176
6000000027364627811
6000000027364808301
6000000027364897986
6000000027372409271
6000000027372532459
6000000027372557206
6000000027372597690
6000000027375912337
6000000027376339154
6000000027378197789
6000000027379892617
6000000027380006512
6000000027380017520
6000000027380582143
6000000027385476747
6000000027394800463
6000000027395040960
6000000027400191814
6000000027400321576
6000000027400341506
6000000027400463812
6000000027400497277
6000000027400579119
6000000027400651200
6000000027400657508
6000000027400766230
6000000027400767584
6000000027400816903
6000000027400890892
6000000027420715202
6000000027420870622
6000000027421859277
6000000027434081802
6000000027470552830
6000000027487833099
6000000027487841180
6000000027491652570
6000000027492096551
6000000027494060163
6000000027504275678
6000000027504663013
6000000027504663889
6000000027504725848
6000000027510124595
6000000027510228544
6000000027520096463
6000000027520195737
6000000027521715642
6000000027521734576
6000000027539235784
6000000027539351707
6000000027539360734
6000000027539492487
6000000027539511247
6000000027539520383
6000000027539560526
6000000027539587471
6000000027539606414
6000000027539606762
6000000027539658173
6000000027539704320
6000000027539716199
6000000027539740916
6000000027539756998
6000000027539762006
6000000027539786220
6000000027539798010
6000000027539814980
6000000027539830103
6000000027539842974
6000000027539937223
6000000027575354370
6000000027575420049
6000000027578938237
6000000027579067830
6000000027580180168
6000000027607506759
6000000027607562346
6000000027607577559
6000000027607647266
6000000027607815139
6000000027607924430
6000000027607957890
6000000027607996268
6000000027608160836
6000000027608220361
6000000027610962593
6000000027611106375
6000000027635222482
6000000027635383751
6000000027635383787
6000000027635401412
6000000027645337799
6000000027645569785
6000000027645675500
6000000027645771039
6000000027645790982
6000000027645812136
6000000027645854089
6000000027654795355
6000000027654915617
6000000027655014066
6000000027655016159
6000000027657317836
6000000027657751343
6000000027664658731
6000000027707319045
6000000027709309404
6000000027716828042
6000000027717002742
6000000027719012930
6000000027719773440
6000000027720005942
6000000027720024630
6000000027720156131
6000000027722490408
6000000027722806417
6000000027724994928
6000000027731685509
6000000027740519942
6000000027740599622
6000000027754792615
6000000027754824540
6000000027754974496
6000000027754988709
6000000027754999588
6000000027755001213
6000000027755039434
6000000027755081440
6000000027755085125
6000000027755095209
6000000027755127226
6000000027755219225
6000000027755225870
6000000027755373903
6000000027755381828
6000000027758149678
6000000027795502716
6000000027795757926
6000000027805319113
6000000027805715708
6000000027807202950
6000000027833330334
6000000027840034340
6000000027840078261
6000000027842815067
6000000027842919350
6000000027843084070
6000000027843206057
6000000027876875791
6000000027877663916
6000000027877677876
6000000027895816893
6000000027912897673
6000000027913104964
6000000027913636344
6000000027913766982
6000000027914356920
6000000027918109442
6000000027932201075
6000000027932331917
6000000027937454312
6000000027947919067
6000000027947963416
6000000027948155953
6000000027948537720
6000000027948774626
6000000027949065079
6000000027949070226
6000000027949093071
6000000027949096040
6000000027949100159
6000000027965266489
6000000027965878605
6000000027966112257
6000000027973837741
6000000027988223001
6000000028043961737
6000000028044027722
6000000028044342547
6000000028044625934
6000000028044681168
6000000028057583247
6000000028089010520
6000000028089025677
6000000028104324550
6000000028104399342
6000000028104548512
6000000028104618080
6000000028104769898
6000000028107306587
6000000028117296485
6000000028117946600
6000000028118459402
6000000028120159889
6000000028121146383
6000000028121534971
6000000028150388753
6000000028183449352
6000000028201741654
6000000028202209622
6000000028204717941
6000000028224497342
6000000028229188303
6000000028229203512
6000000028229242186
6000000028239429000
6000000028239450958
6000000028242929483
6000000028243024321
6000000028243104450
6000000028243200929
6000000028252652007
6000000028257027327
6000000028261706514
6000000028278386770
6000000028278644305
6000000028278766722
6000000028278796369
6000000028278849468
6000000028278882976
6000000028278902001
6000000028278930856
6000000028279005341
6000000028284516602
6000000028284518528
6000000028284613781
6000000028284695764
6000000028284840568
6000000028284885475
6000000028284930692
6000000028284960758
6000000028285024924
6000000028285051976
6000000028285062266
6000000028285095932
6000000028295800814
6000000028330844989
6000000028336303163
6000000028337227411
6000000028354712112
6000000028403555375
6000000028418914022
6000000028429441781
6000000028429523292
6000000028429942944
6000000028430217267
6000000028430227365
6000000028430364583
6000000028430434998
6000000028430440204
6000000028430479350
6000000028430493041
6000000028430533919
6000000028430581824
6000000028430819201
6000000028430909374
6000000028430948257
6000000028430948287
6000000028430980191
6000000028432571312
6000000028432735484
6000000028432984850
6000000028447332940
6000000028463031339
6000000028463186856
6000000028463851493
6000000028464078890
6000000028480632189
6000000028486005438
6000000028489337420
6000000028522915307
6000000028527310461
6000000028527731935
6000000028648244063
6000000028705228250
6000000028705550436
6000000028735963669
6000000028737065924
6000000028737615827
6000000028746707289
6000000028746726468
6000000028746933344
6000000028747181870
6000000028766480067
6000000028766614910
6000000028788700610
6000000028788747612
6000000028789074200
6000000028789216988
6000000028811156244
6000000028832872234
6000000028838311264
6000000028838576839
6000000028847769079
6000000028849632435
6000000028852219171
6000000028853311151
6000000028863345493
6000000028864144567
6000000028865127250
6000000028865164906
6000000028865184111
6000000028865374941
6000000028890023638
6000000028929193682
6000000028929193724
6000000028929298385
6000000028929506186
6000000028929616823
6000000028948137947
6000000028953774396
6000000028954698827
6000000029056309452
6000000029097285935
6000000029097298007
6000000029098665493
6000000029114799221
6000000029136752940
6000000029138596037
6000000029138675087
6000000029138726358
6000000029138825173
6000000029139136922
6000000029139145096
6000000029155756775
6000000029155773567
6000000029155804596
6000000029156102196
6000000029165528771
6000000029165532700
6000000029166152890
6000000029175638476
6000000029175895444
6000000029207128768
6000000029208605779
6000000029209203794
6000000029229029107
6000000029238252476
6000000029238782884
6000000029239310854
6000000029259082815
6000000029295165191
6000000029313400088
6000000029327339454
6000000029330394524
6000000029330775890
6000000029340053838
6000000029346806181
6000000029347322728
6000000029347422708
6000000029347495950
6000000029347514858
6000000029347534832
6000000029361854053
6000000029364730443
6000000029365097088
6000000029365231966
6000000029365352268
6000000029365393173
6000000029365401293
6000000029365516005
6000000029365685848
6000000029368352174
6000000029369458735
6000000029378976992
6000000029379097621
6000000029439060962
6000000029439559864
6000000029439562953
6000000029443555029
6000000029443623842
6000000029445866995
6000000029445899092
6000000029445908010
6000000029445968038
6000000029446032095
6000000029453461681
6000000029453735642
6000000029454044148
6000000029454061416
6000000029454134161
6000000029454167473
6000000029454172050
6000000029454189149
6000000029454213329
6000000029454273123
6000000029454374048
6000000029454450120
6000000029454487017
6000000029473006301
6000000029473147046
6000000029474494581
6000000029486717753
6000000029488034591
6000000029488172451
6000000029488228444
6000000029488331959
6000000029488362008
6000000029520775175
6000000029530752993
6000000029532398563
6000000029532845012
6000000029532861129
6000000029532876076
6000000029532928174
6000000029532991899
6000000029535559260
6000000029535704854
6000000029548871882
6000000029548931833
6000000029576251311
6000000029590611622
6000000029590619079
6000000029590930577
6000000029592085650
6000000029593194297
6000000029593425221
6000000029593562852
6000000029593577842
6000000029593815175
6000000029618248147
6000000029618322916
6000000029618407086
6000000029618614197
6000000029644426558
6000000029644443175
6000000029644448418
6000000029644597027
6000000029644613861
6000000029671486689
6000000029672051265
6000000029672266065
6000000029672678325
6000000029672866098
6000000029673374048
6000000029674502403
6000000029674563412
6000000029702643135
6000000029715187305
6000000029715347149
6000000029715500079
6000000029759952303
6000000029792180399
6000000029797367629
6000000029811449883
6000000029816455811
6000000029820579372
6000000029877938537
6000000029878139329
6000000029878264215
6000000029878400921
6000000029888186196
6000000029894313111
6000000029903804090
6000000029906853080
6000000029909543976
6000000029912876461
6000000029915177825
6000000029916654898
6000000029927444888
6000000029934662273
6000000029993730504
6000000029994952061
6000000029995154159
6000000029995155209
6000000029995164153
6000000030009222467
6000000030018701472
6000000030019142572
6000000030028689623
6000000030064005152
6000000030067928032
6000000030100522544
6000000030101402765
6000000030101600286
6000000030101626427
6000000030101762456
6000000030101880049
6000000030104543158
6000000030170863611
6000000030185334537
6000000030185689204
6000000030205806679
6000000030228986361
6000000030268911788
6000000030269842155
6000000030282455159
6000000030284894521
6000000030285179782
6000000030285245393
6000000030285281271
6000000030285287147
6000000030285328345
6000000030285359361
6000000030285373338
6000000030285454934
6000000030285472879
6000000030285649783
6000000030308703102
6000000030311723403
6000000030312264915
6000000030312545821
6000000030347233174
6000000030387533940
6000000030387613940
6000000030387632829
6000000030387636843
6000000030389576352
6000000030390329311
6000000030390418156
6000000030390427631
6000000030390552468
6000000030415635269
6000000030438213651
6000000030440108984
6000000030440329143
6000000030483254183
6000000030543504569
6000000030544094281
6000000030544382709
6000000030548931563
6000000030549096530
6000000030549137459
6000000030549226450
6000000030549462099
6000000030568752619
6000000030569028992
6000000030569037083
6000000030575674650
6000000030586047515
6000000030594204893
6000000030616800361
6000000030616995382
6000000030620550611
6000000030626335778
6000000030668750313
6000000030699141453
6000000030707994779
6000000030708307111
6000000030708337156
6000000030708541148
6000000030731893000
6000000030813322241
6000000030813327295
6000000030835844953
6000000030836098513
6000000030836483935
6000000030836492934
6000000030850913146
6000000030851172937
6000000030851585831
6000000030870880383
6000000030871224291
6000000030871275376
6000000030871925080
6000000030871939138
6000000030872010918
6000000030872061867
6000000030872095822
6000000030899604640
6000000030901594839
6000000030929190190
6000000030971152421
6000000030971343940
6000000030983071763
6000000030991363722
6000000030991374799
6000000030991557754
6000000030991705411
6000000030991727213
6000000030991746432
6000000030991759165
6000000030991826046
6000000030991849088
6000000030992011834
6000000030992038944
6000000030992094074
6000000031010199921
6000000031010443445
6000000031010946486
6000000031011085287
6000000031011304890
6000000031019509440
6000000031019945149
6000000031031582372
6000000031031750273
6000000031031762117
6000000031031897963
6000000031031923143
6000000031032000942
6000000031032043922
6000000031032053909
6000000031032637793
6000000031032676359
6000000031032803749
6000000031032847759
6000000031032876771
6000000031032998812
6000000031033042632
6000000031033049474
6000000031033123132
6000000031033156821
6000000031033162358
6000000031033212990
6000000031033252223
6000000031033267855
6000000031048456104
6000000031066344163
6000000031100438555
6000000031102881963
6000000031106252541
6000000031124981788
6000000031125324926
6000000031125363116
6000000031125363984
6000000031125379035
6000000031125520249
6000000031125782995
6000000031126013904
6000000031126662907
6000000031133466185
6000000031133487773
6000000031133519075
6000000031133617009
6000000031134175030
6000000031137273738
6000000031137504087
6000000031137641977
6000000031137654078
6000000031137682945
6000000031149657862
6000000031153443924
6000000031154068311
6000000031154118147
6000000031154238012
6000000031154269831
6000000031154944415
6000000031155131178
6000000031155241962
6000000031159366978
6000000031272157326
6000000031275185073
6000000031283933043
6000000031283949017
6000000031284452770
6000000031284485875
6000000031284573865
6000000031284634270
6000000031284683235
6000000031285325981
6000000031289259133
6000000031311764894
6000000031312289999
6000000031312509899
6000000031316540734
6000000031317324146
6000000031317382558
6000000031317643134
6000000031317689129
6000000031323682904
6000000031323713002
6000000031353762166
6000000031362526641
6000000031362934923
6000000031366777882
6000000031377455704
6000000031377852273
6000000031400032298
6000000031431737321
6000000031448750274
6000000031449399668
6000000031449719612
6000000031450465032
6000000031450706836
6000000031465735340
6000000031488851537
6000000031508718125
6000000031509140891
6000000031527300474
6000000031533690066
6000000031533804908
6000000031542665758
6000000031542751689
6000000031543077351
6000000031543313990
6000000031543549547
6000000031543897008
6000000031546458518
6000000031546613378
6000000031546643205
6000000031546887817
6000000031546896844
6000000031546901444
6000000031547031062
6000000031547128680
6000000031547135203
6000000031547207098
6000000031547335821
6000000031547354464
6000000031547405921
6000000031547479878
6000000031567384555
6000000031567475347
6000000031567617195
6000000031567640273
6000000031567739950
6000000031567746020
6000000031567827836
6000000031592307254
6000000031592307266
6000000031598324581
6000000031598687894
6000000031598862918
6000000031636660853
6000000031637102494
6000000031637190990
6000000031646875034
6000000031662994977
6000000031663160856
6000000031663396862
6000000031671412501
6000000031671555632
6000000031733664561
6000000031733897263
6000000031776299262
6000000031791199587
6000000031798348929
6000000031798410252
6000000031798712984
6000000031798815074
6000000031799503841
6000000031800124060
6000000031800364234
6000000031801260009
6000000031813650294
6000000031829483987
6000000031830007946
6000000031830198864
6000000031898283985
6000000031913649310
6000000031913751591
6000000031918918790
6000000031949887818
6000000031950580226
6000000031974390858
6000000031985285852
6000000031998365978
6000000032026586840
6000000032103101548
6000000032103111521
6000000032103499844
6000000032112782320
6000000032112934034
6000000032113045824
6000000032128376745
6000000032128510265
6000000032128526285
6000000032128544276
6000000032128654033
6000000032128763979
6000000032150422998
6000000032159787341
6000000032160122060
6000000032160138958
6000000032163228899
6000000032166752443
6000000032167006308
6000000032167186895
6000000032167345974
6000000032177163528
6000000032177596922
6000000032187311561
6000000032187870149
6000000032188211029
6000000032198684306
6000000032200698369
6000000032275297187
6000000032302968647
6000000032324140709
6000000032324140742
6000000032324371368
6000000032324544124
6000000032324718892
6000000032327207506
6000000032334332905
6000000032362873353
6000000032443933345
6000000032458778024
6000000032459099316
6000000032480968539
6000000032481224185
6000000032483579885
6000000032483659294
6000000032483686883
6000000032485731534
6000000032485886447
6000000032486128025
6000000032486199242
6000000032487346157
6000000032487428071
6000000032502980017
6000000032505218596
6000000032505407452
6000000032530775721
6000000032531303101
6000000032531332979
6000000032531337922
6000000032532584560
6000000032560081009
6000000032565759703
6000000032566603421
6000000032567937907
6000000032573687466
6000000032581103543
6000000032581143063
6000000032588836281
6000000032600151786
6000000032602892948
6000000032605365711
6000000032606532148
6000000032636361258
6000000032636705903
6000000032672386067
6000000032786027922
6000000032790783522
6000000032793375399
6000000032793540215
6000000032793554212
6000000032793804833
6000000032793827892
6000000032794014483
6000000032794387856
6000000032795701789
6000000032815828084
6000000032829736753
6000000032831615005
6000000032832087870
6000000032834498811
6000000032835326870
6000000032835356833
6000000032837000640
6000000032885139137
6000000032888713935
6000000032888884143
6000000032889003858
6000000032889015914
6000000032889210858
6000000032909049485
6000000032909064164
6000000032909097914
6000000032909107287
6000000032909147387
6000000032909203869
6000000032931467659
6000000032931522321
6000000032931531579
6000000032931533541
6000000032931765332
6000000032931785917
6000000032931821108
6000000032931842920
6000000032959203810
6000000032959310594
6000000032959413626
6000000032959465267
6000000032959478440
6000000032959551177
6000000032959595027
6000000032959623084
6000000032959623102
6000000032986520917
6000000032987560324
6000000032987707258
6000000032988012861
6000000032994795747
6000000032995927957
6000000032995932429
6000000032996277186
6000000032996470894
6000000032996668065
6000000033001810006
6000000033014853429
6000000033015477396
6000000033015745900
6000000033015805837
6000000033017485663
6000000033017627970
6000000033018434177
6000000033019848345
6000000033020005608
6000000033020091297
6000000033020173109
6000000033020274231
6000000033020467895
6000000033020467961
6000000033020469694
6000000033020502639
6000000033020515827
6000000033020617416
6000000033020703281
6000000033020781170
6000000033020841077
6000000033026231773
6000000033064639419
6000000033073676144
6000000033075605189
6000000033087058475
6000000033088516873
6000000033114732181
6000000033141681292
6000000033143030177
6000000033143275069
6000000033143646860
6000000033154059084
6000000033161265107
6000000033186104747
6000000033186200463
6000000033186421732
6000000033186438794
6000000033186460820
6000000033186505682
6000000033186648180
6000000033186694969
6000000033186818338
6000000033187091006
6000000033188605059
6000000033189593346
6000000033189691968
6000000033189697126
6000000033200015803
6000000033200459155
6000000033200682911
6000000033214437023
6000000033227880015
6000000033228157860
6000000033228337840
6000000033229038856
6000000033247399634
6000000033247778423
6000000033248139178
6000000033248761878
6000000033255295468
6000000033255295558
6000000033255482361
6000000033255674027
6000000033279621428
6000000033279721872
6000000033283977438
6000000033303614065
6000000033349998239
6000000033357249862
6000000033370401225
6000000033379888871
6000000033427429313
6000000033431354211
6000000033449620598
6000000033450731636
6000000033450753942
6000000033450782141
6000000033450805503
6000000033450954123
6000000033451042098
6000000033451270838
6000000033451294408
6000000033451304026
6000000033451308071
6000000033451326035
6000000033451367899
6000000033451578870
6000000033451618395
6000000033451820898
6000000033451998086
6000000033452043886
6000000033453103749
6000000033468152477
6000000033469221760
6000000033469352223
6000000033469464555
6000000033469568033
6000000033469599289
6000000033469615543
6000000033469717110
6000000033469739310
6000000033469884328
6000000033469895986
6000000033469957379
6000000033469961286
6000000033470233352
6000000033470379019
6000000033470422138
6000000033470456289
6000000033470469855
6000000033470540080
6000000033470601328
6000000033470690055
6000000033470836104
6000000033470855315
6000000033470915862
6000000033471027945
6000000033471632836
6000000033471728070
6000000033471807822
6000000033471847833
6000000033472606479
6000000033472797977
6000000033472816106
6000000033473355752
6000000033473573404
6000000033473583113
6000000033473650115
6000000033473745098
6000000033473970870
6000000033477402663
6000000033477771000
6000000033477859960
6000000033477864825
6000000033477871886
6000000033477908834
6000000033562358814
6000000033562730634
6000000033562841354
6000000033563943241
6000000033564960347
6000000033587181725
6000000033587607871
6000000033641582205
6000000033649704324
6000000033656288831
6000000033682164955
6000000033687471968
6000000033690444690
6000000033690736039
6000000033690754118
6000000033691628213
6000000033692174613
6000000033692364671
6000000033692404597
6000000033698287953
6000000033698427901
6000000033710436233
6000000033710820173
6000000033745563744
6000000033745687729
6000000033746050800
6000000033746204714
6000000033746668141
6000000033746691043
6000000033746789011
6000000033746806920
6000000033746999833
6000000033750216048
6000000033750265095
6000000033762816771
6000000033795521698
6000000033795728600
6000000033795895418
6000000033795917884
6000000033807934677
6000000033808281397
6000000033808524080
6000000033835714924
6000000033843151671
6000000033878605721
6000000033878815684
6000000033938240792
6000000033941502882
6000000033968546292
6000000033969186835
6000000033972675249
6000000033972765951
6000000033983568669
6000000033984604701
6000000033984742681
6000000033984930278
6000000033991091534
6000000033991116497
6000000033995617537
6000000033997381597
6000000034001119892
6000000034001185885
6000000034035969779
6000000034035992640
6000000034036286760
6000000034036481362
6000000034036500246
6000000034036621124
6000000034037573833
6000000034047436870
6000000034052208764
6000000034052266569
6000000034052877138
6000000034076492394
6000000034076938861
6000000034097314573
6000000034097363514
6000000034097411430
6000000034097459299
6000000034097971845
6000000034116061442
6000000034161665334
6000000034161758249
6000000034183296463
6000000034205009474
6000000034207219195
6000000034209375368
6000000034209537070
6000000034209701971
6000000034209776953
6000000034212977274
6000000034214210452
6000000034214255152
6000000034214560011
6000000034230810388
6000000034231311019
6000000034246022689
6000000034246701337
6000000034247868016
6000000034247922064
6000000034247955010
6000000034248352936
6000000034251340586
6000000034252076064
6000000034252749857
6000000034253089954
6000000034253145837
6000000034253216132
6000000034255167109
6000000034262262581
6000000034262384374
6000000034262806904
6000000034263000006
6000000034263073228
6000000034263115082
6000000034265656136
6000000034271586923
6000000034277564550
6000000034279831814
6000000034280024758
6000000034299481369
6000000034299505724
6000000034300037406
6000000034300215189
6000000034300435960
6000000034305272511
6000000034306270295
6000000034306753041
6000000034307481329
6000000034309017250
6000000034313611248
6000000034314072011
6000000034337364662
6000000034368514595
6000000034411071184
6000000034412106333
6000000034445014779
6000000034445093699
6000000034446144612
6000000034446513273
6000000034446549499
6000000034447100413
6000000034447552128
6000000034447637126
6000000034447679096
6000000034482421994
6000000034482591569
6000000034482785269
6000000034540194398
6000000034551858585
6000000034554689004
6000000034557508262
6000000034557689142
6000000034557807555
6000000034557983319
6000000034558297927
6000000034558346848
6000000034558384282
6000000034559115938
6000000034559131899
6000000034559413844
6000000034624828469
6000000034649763049
6000000034649870055
6000000034649925986
6000000034650060970
6000000034680996194
6000000034714021061
6000000034723673172
6000000034772572222
6000000034772917877
6000000034817263745
6000000034817303474
6000000034817522130
6000000034817545077
6000000034817565972
6000000034817665311
6000000034817679888
6000000034817766125
6000000034895065082
6000000034936253555
6000000034942568155
6000000034956334515
6000000034956631219
6000000034956753075
6000000034958225586
6000000034958358652
6000000034958382176
6000000034958567661
6000000034958723191
6000000034958737366
6000000034958818127
6000000034958894262
6000000034965301379
6000000034966822584
6000000034966921772
6000000034967005551
6000000034967035717
6000000034967905938
6000000034967944870
6000000034968008853
6000000034969681044
6000000034970172894
6000000034970173159
6000000034977325764
6000000034977440607
6000000034977476738
6000000034977536385
6000000034977639302
6000000034977742557
6000000034977841075
6000000034977902399
6000000034977903829
6000000034978115091
6000000034978288369
6000000034978306569
6000000034978430533
6000000034978459487
6000000034978522244
6000000034978585996
6000000034978625962
6000000034978659390
6000000034978758065
6000000034978960896
6000000034978969921
6000000034991195975
6000000034996014773
6000000035023113771
6000000035031625977
6000000035097278183
6000000035110337817
6000000035263093563
6000000035263267538
6000000035263419268
6000000035290670527
6000000035305612741
6000000035306501821
6000000035369131547
6000000035420971712
6000000035421981172
6000000035422009080
6000000035423371931
6000000035438682259
6000000035438974886
6000000035454950466
6000000035457738347
6000000035468336887
6000000035502895611
6000000035503137351
6000000035503349176
6000000035503449836
6000000035504872971
6000000035525592374
6000000035526186527
6000000035526548182
6000000035565210824
6000000035566116260
6000000035566774482
6000000035571580671
6000000035572171829
6000000035607937413
6000000035615176558
6000000035615181385
6000000035615245623
6000000035615279369
6000000035615387778
6000000035615409218
6000000035615416169
6000000035615470070
6000000035615578133
6000000035615584891
6000000035615604111
6000000035615768990
6000000035619162701
6000000035619341500
6000000035619403497
6000000035619545357
6000000035619869831
6000000035620375159
6000000035621839319
6000000035625660103
6000000035627106403
6000000035627359179
6000000035627770216
6000000035628063037
6000000035628144042
6000000035628230957
6000000035628505166
6000000035628577408
6000000035629535973
6000000035629652862
6000000035632624581
6000000035632624648
6000000035632689423
6000000035632802364
6000000035632924076
6000000035632947073
6000000035633059605
6000000035633079122
6000000035633089735
6000000035633105040
6000000035633207254
6000000035633234922
6000000035633253601
6000000035633255913
6000000035633297380
6000000035633323592
6000000035633388648
6000000035633397902
6000000035633401195
6000000035633432988
6000000035633461818
6000000035633502114
6000000035633565542
6000000035633603033
6000000035633679794
6000000035633693378
6000000035633774722
6000000035633786830
6000000035633830298
6000000035633847528
6000000035633849457
6000000035633883927
6000000035633884297
6000000035633919448
6000000035633968982
6000000035633986888
6000000035634033842
6000000035634060965
6000000035634072232
6000000035634103240
6000000035634186151
6000000035634193204
6000000035634295426
6000000035634793238
6000000035634860136
6000000035634983976
6000000035635116966
6000000035635286062
6000000035635523859
6000000035642385801
6000000035662462667
6000000035680901924
6000000035690200523
6000000035691116052
6000000035697166982
6000000035709055144
6000000035709230222
6000000035745246529
6000000035745655833
6000000035745951938
6000000035751204385
6000000035759888791
6000000035760592965
6000000035768586976
6000000035774609833
6000000035789835254
6000000035790574014
6000000035853727399
6000000035853743234
6000000035854274213
6000000035861992456
6000000035917870073
6000000035982246330
6000000035982330197
6000000035982585004
6000000035982837887
6000000036011202923
6000000036028513984
6000000036032918899
6000000036041120257
6000000036041433914
6000000036058267919
6000000036095586069
6000000036118295353
6000000036131849261
6000000036166284428
6000000036166633987
6000000036166760910
6000000036167886026
6000000036170746252
6000000036171072506
6000000036171323821
6000000036171848328
6000000036172102131
6000000036172214256
6000000036172426990
6000000036175172798
6000000036184787945
6000000036195851665
6000000036197592900
6000000036198987796
6000000036205241582
6000000036205452048
6000000036205464340
6000000036205506152
6000000036205562230
6000000036205799860
6000000036227179045
6000000036233243069
6000000036318324569
6000000036318540447
6000000036318611310
6000000036318710155
6000000036319895210
6000000036336746712
6000000036338267250
6000000036342700925
6000000036355195044
6000000036361215637
6000000036361294500
6000000036362165715
6000000036400052840
6000000036413943296
6000000036414491889
6000000036414637821
6000000036421944820
6000000036432090905
6000000036432564996
6000000036433719546
6000000036435854812
6000000036437915004
6000000036451619322
6000000036452344949
6000000036452412869
6000000036467240289
6000000036470890178
6000000036479042051
6000000036492523661
6000000036492711535
6000000036510169102
6000000036520706716
6000000036520834939
6000000036520986470
6000000036522291893
6000000036532301559
6000000036532367522
6000000036532882243
6000000036533123949
6000000036533483823
6000000036534328378
6000000036534440251
6000000036534543813
6000000036534560201
6000000036534655095
6000000036534760927
6000000036534798418
6000000036535140407
6000000036535143381
6000000036535582975
6000000036535587874
6000000036541514631
6000000036553472709
6000000036553619338
6000000036554084844
6000000036554376500
6000000036554857479
6000000036573621124
6000000036601948344
6000000036602131096
6000000036602176040
6000000036617931581
6000000036619652386
6000000036624655289
6000000036635130088
6000000036635640083
6000000036636136209
6000000036637663102
6000000036637663148
6000000036645826568
6000000036646332970
6000000036648452131
6000000036651238076
6000000036651346016
6000000036651376342
6000000036651654237
6000000036652378030
6000000036659284149
6000000036659488920
6000000036692841165
6000000036715479036
6000000036715520240
6000000036745250824
6000000036783133844
6000000036800132286
6000000036800321448
6000000036811478359
6000000036825793780
6000000036826154565
6000000036827938879
6000000036837315780
6000000036837546704
6000000036838246322
6000000036838331058
6000000036838422913
6000000036855770155
6000000036860998219
6000000036861256879
6000000036882618370
6000000036890823676
6000000036890971431
6000000036891037700
6000000036891096525
6000000036891159804
6000000036891242149
6000000036891305240
6000000036891418366
6000000036891658575
6000000036891843656
6000000036891918073
6000000036891964007
6000000036891996841
6000000036892202976
6000000036892227300
6000000036892334511
6000000036892488872
6000000036892618754
6000000036893177446
6000000036893507977
6000000036893691076
6000000036893728856
6000000036894348036
6000000036894399929
6000000036894666933
6000000036894762298
6000000036894845901
6000000036894863883
6000000036894996822
6000000036895138824
6000000036895200953
6000000036895697833
6000000036902718001
6000000036943865942
6000000036945176764
6000000036946203255
6000000036947560837
6000000036967456361
6000000036967706444
6000000036967898129
6000000036976105911
6000000036981289585
6000000036985015290
6000000037011667805
6000000037012032547
6000000037012410163
6000000037012617013
6000000037012629991
6000000037012792914
6000000037013488236
6000000037022339271
6000000037022874233
6000000037023077050
6000000037033351127
6000000037054697590
6000000037055354049
6000000037055572852
6000000037070408652
6000000037074053563
6000000037087520495
6000000037088424180
6000000037088541155
6000000037088715908
6000000037089201972
6000000037089312822
6000000037104280855
6000000037105099595
6000000037105739917
6000000037108875500
6000000037109008535
6000000037109018205
6000000037109175126
6000000037117600223
6000000037123025071
6000000037148793801
6000000037184534778
6000000037185326646
6000000037185472080
6000000037185605429
6000000037185672441
6000000037186109172
6000000037186265838
6000000037186345839
6000000037186415855
6000000037198101849
6000000037214960633
6000000037214975618
6000000037215958734
6000000037216425694
6000000037216553594
6000000037216820422
6000000037216988415
6000000037217023279
6000000037217272176
6000000037217357233
6000000037217527020
6000000037217619055
6000000037217716894
6000000037217898919
6000000037217989852
6000000037218027041
6000000037256277818
6000000037257011944
6000000037259031675
6000000037330828911
6000000037335162840
6000000037337167812
6000000037337267679
6000000037337348389
6000000037337412349
6000000037337419356
6000000037337430305
6000000037337507085
6000000037337530157
6000000037337542244
6000000037337611387
6000000037338203821
6000000037340132403
6000000037381507375
6000000037382517717
6000000037382868996
6000000037382922040
6000000037408575243
6000000037409164584
6000000037409227217
6000000037409443587
6000000037409466545
6000000037409600326
6000000037409667073
6000000037409677453
6000000037409740925
6000000037409858870
6000000037409954130
6000000037410041938
6000000037410047883
6000000037410111821
6000000037452657355
6000000037460279728
6000000037470730551
6000000037471529460
6000000037471590253
6000000037471670355
6000000037471726162
6000000037471793060
6000000037471859936
6000000037471991967
6000000037472036924
6000000037502685664
6000000037514442566
6000000037514492686
6000000037514802234
6000000037514804978
6000000037515099498
6000000037515129393
6000000037517141405
6000000037517189938
6000000037517379355
6000000037517513079
6000000037517618909
6000000037528554914
6000000037535438045
6000000037539964439
6000000037560805951
6000000037561356027
6000000037561429076
6000000037561671204
6000000037561694273
6000000037570585464
6000000037572908063
6000000037573249941
6000000037573267136
6000000037573322945
6000000037573370135
6000000037582235355
6000000037582406624
6000000037582521097
6000000037582772181
6000000037721020980
6000000037721061032
6000000037763566327
6000000037765216700
6000000037766496199
6000000037766508193
6000000037766533077
6000000037778389522
6000000037778410693
6000000037783156503
6000000037803003554
6000000037803021077
6000000037805689106
6000000037805892107
6000000037808569666
6000000037809108677
6000000037809328111
6000000037809549841
6000000037809561149
6000000037809795748
6000000037810287002
6000000037810317975
6000000037811410953
6000000037831821044
6000000037831893315
6000000037832017327
6000000037832287960
6000000037832402042
6000000037832784944
6000000037832789832
6000000037832817853
6000000037863128704
6000000037863246392
6000000037863413514
6000000037868365723
6000000037868470186
6000000037868636510
6000000037868659258
6000000037868884937
6000000037932922867
6000000037932965063
6000000037996960452
6000000038011940114
6000000038023399472
6000000038023527821
6000000038057358170
6000000038058605821
6000000038058779073
6000000038058977417
6000000038060375381
6000000038062106935
6000000038065664885
6000000038065986126
6000000038094736030
6000000038137905919
6000000038174730215
6000000038196204208
6000000038196341360
6000000038225388977
6000000038256858801
6000000038277585902
6000000038325719714
6000000038327129547
6000000038329918858
6000000038360914271
6000000038360981056
6000000038373532049
6000000038381649797
6000000038381892385
6000000038381959109
6000000038382095023
6000000038382110985
6000000038400701028
6000000038400813893
6000000038400836940
6000000038400865834
6000000038440116818
6000000038440199673
6000000038440398996
6000000038440624968
6000000038440767979
6000000038450070480
6000000038450281117
6000000038455468477
6000000038455766178
6000000038484985739
6000000038485151404
6000000038537400868
6000000038546079023
6000000038552225440
6000000038552506909
6000000038553110882
6000000038554008354
6000000038554288119
6000000038558286213
6000000038560704472
6000000038560780594
6000000038561724937
6000000038561732943
6000000038561829900
6000000038571997313
6000000038572144803
6000000038572152790
6000000038572226939
6000000038572287904
6000000038572346364
6000000038572355341
6000000038596193986
6000000038670426834
6000000038736057790
6000000038736901512
6000000038753755335
6000000038841372355
6000000038841963035
6000000038841975036
6000000038849222301
6000000038849227999
6000000038891207072
6000000038891286873
6000000038891313948
6000000038891317219
6000000038891515881
6000000038913947864
6000000038918545083
6000000038926713292
6000000038971249413
6000000039098413519
6000000039098604391
6000000039098814184
6000000039098914000
6000000039118886412
6000000039140062214
6000000039140572263
6000000039140765359
6000000039141241886
6000000039155910594
6000000039156113285
6000000039156234349
6000000039156262073
6000000039157465736
6000000039157718184
6000000039157908024
6000000039158035869
6000000039171070124
6000000039183103483
6000000039195780225
6000000039253041803
6000000039253169521
6000000039253391048
6000000039253456270
6000000039253500111
6000000039253579870
6000000039257290437
6000000039257375450
6000000039257391424
6000000039257667858
6000000039257805172
6000000039257930176
6000000039258806172
6000000039265378588
6000000039265772116
6000000039265819289
6000000039265838897
6000000039274543760
6000000039274973959
6000000039312600757
6000000039314366033
6000000039327525775
6000000039327789799
6000000039327966389
6000000039346745813
6000000039347460866
6000000039361372247
6000000039361372251
6000000039361372255
6000000039361372259
6000000039361372263
6000000039361372267
6000000039361372271
6000000039378083366
6000000039403234351
6000000039405762924
6000000039405975039
6000000039406365867
6000000039406405877
6000000039428257780
6000000039428358713
6000000039428402500
6000000039428729042
6000000039439584604
6000000039439887350
6000000039441379757
6000000039441395571
6000000039441474045
6000000039441492408
6000000039441549430
6000000039441831886
6000000039478179140
6000000039478401446
6000000039487598276
6000000039487760126
6000000039487979902
6000000039488922225
6000000039551069547
6000000039551177170
6000000039551479162
6000000039551479166
6000000039554888859
6000000039591081370
6000000039609462952
6000000039633393112
6000000039636860325
6000000039637463899
6000000039644590033
6000000039660540103
6000000039660985780
6000000039661245353
6000000039689498877
6000000039690366211
6000000039694128135
6000000039788536865
6000000039788658336
6000000039788683726
6000000039789147961
6000000039798057956
6000000039798312624
6000000039798808834
6000000039801398431
6000000039801483440
6000000039801670274
6000000039801913903
6000000039820824033
6000000039842720194
6000000039886949621
6000000039887469604
6000000039887481562
6000000039887639337
6000000039887890962
6000000039887917918
6000000039900864594
6000000039938657706
6000000039948601274
6000000039962176648
6000000040075557106
6000000040076414160
6000000040106261012
6000000040114911707
6000000040114942065
6000000040129106669
6000000040129314197
6000000040129392144
6000000040129458873
6000000040129722518
6000000040134520172
6000000040134548965
6000000040177564479
6000000040177996924
6000000040205092508
6000000040205099240
6000000040205123540
6000000040205161972
6000000040205170103
6000000040205196425
6000000040205368917
6000000040206155274
6000000040206222031
6000000040207253043
6000000040207333325
6000000040207398573
6000000040207560080
6000000040207570074
6000000040207579199
6000000040207791669
6000000040207876808
6000000040208012473
6000000040208283350
6000000040208550051
6000000040208864954
6000000040210923611
6000000040211544329
6000000040211589418
6000000040211629966
6000000040212524808
6000000040212643759
6000000040212884105
6000000040212932717
6000000040213124285
6000000040213201192
6000000040213222810
6000000040213258537
6000000040213377471
6000000040213421884
6000000040213426253
6000000040213527740
6000000040213555857
6000000040213679984
6000000040213820176
6000000040214711952
6000000040214790156
6000000040214847453
6000000040215202202
6000000040215257799
6000000040215311593
6000000040215327309
6000000040215409620
6000000040215487389
6000000040215520421
6000000040215551370
6000000040215614891
6000000040215737204
6000000040215771854
6000000040215777041
6000000040215803123
6000000040225173162
6000000040225427253
6000000040225474900
6000000040225540963
6000000040225550328
6000000040225757192
6000000040227250398
6000000040227260253
6000000040228325966
6000000040231752566
6000000040263074311
6000000040289082327
6000000040316316891
6000000040319020481
6000000040319370455
6000000040350188628
6000000040350591991
6000000040386476203
6000000040392435728
6000000040393190839
6000000040438448417
6000000040438578391
6000000040438601474
6000000040438639349
6000000040438925843
6000000040439111411
6000000040439624881
6000000040439705838
6000000040446627823
6000000040463652244
6000000040463986883
6000000040486199726
6000000040486773839
6000000040486962181
6000000040487142992
6000000040539578671
6000000040539990990
6000000040540168149
6000000040540200926
6000000040540544866
6000000040560292646
6000000040560307558
6000000040560452240
6000000040584859027
6000000040586841300
6000000040586988198
6000000040591872798
6000000040592356901
6000000040592627009
6000000040632261036
6000000040724700237
6000000040756688604
6000000040757812963
6000000040769075876
6000000040772950392
6000000040774562519
6000000040775680735
6000000040775975575
6000000040779191038
6000000040798682955
6000000040806717777
6000000040806858576
6000000040807085491
6000000040807136240
6000000040807150464
6000000040807168602
6000000040812404265
6000000040814011004
6000000040819341141
6000000040821215830
6000000040822394578
6000000040851199067
6000000040864848999
6000000040896793998
6000000040904310326
6000000040904458063
6000000040923303039
6000000040923382179
6000000040978566964
6000000040978569372
6000000040978661002
6000000040978806934
6000000040978819844
6000000041000507271
6000000041003526594
6000000041012234465
6000000041015023523
6000000041015030641
6000000041015428865
6000000041015453963
6000000041015464141
6000000041015485070
6000000041015524105
6000000041015595137
6000000041015598036
6000000041015630952
6000000041015633977
6000000041015700847
6000000041015728989
6000000041016902987
6000000041022712493
6000000041031742418
6000000041032020275
6000000041032154845
6000000041048868339
6000000041051828715
6000000041051828777
6000000041052515814
6000000041053028392
6000000041053193136
6000000041072522034
6000000041072522045
6000000041072522078
6000000041078924199
6000000041091107079
6000000041094743812
6000000041099322872
6000000041099323015
6000000041099323051
6000000041099323122
6000000041099323164
6000000041099323310
6000000041099323404
6000000041099323444
6000000041099323511
6000000041099323524
6000000041099323672
6000000041099323676
6000000041099330297
6000000041099330329
6000000041108885333
6000000041108885357
6000000041109873646
6000000041109890786
6000000041109973660
6000000041109973696
6000000041110021468
6000000041110022506
6000000041111422501
6000000041111426381
6000000041111956019
6000000041113656911
6000000041115801488
6000000041116022970
6000000041116059877
6000000041117552706
6000000041133010528
6000000041133909845
6000000041171830959
6000000041187419775
6000000041188162905
6000000041190395204
6000000041191754152
6000000041192081962
6000000041294938532
6000000041294953633
6000000041295444890
6000000041299861985
6000000041300462704
6000000041303183844
6000000041315133487
6000000041315553845
6000000041340514497
6000000041340720310
6000000041340861105
6000000041340869164
6000000041341417029
6000000041341443346
6000000041342039507
6000000041342499399
6000000041343665519
6000000041344066349
6000000041344398863
6000000041345217821
6000000041362473659
6000000041362669414
6000000041362812127
6000000041374973491
6000000041375260948
6000000041375389079
6000000041375492922
6000000041375650072
6000000041381715224
6000000041382991103
6000000041383112921
6000000041385620711
6000000041388306833
6000000041388498171
6000000041406893229
6000000041407992130
6000000041408056774
6000000041409835701
6000000041411920139
6000000041458124224
6000000041463093241
6000000041466086921
6000000041469923875
6000000041491004487
6000000041491956704
6000000041494493818
6000000041502530233
6000000041503325171
6000000041503501896
6000000041517256896
6000000041526013173
6000000041541473414
6000000041541628221
6000000041541647770
6000000041541948085
6000000041542086979
6000000041549080350
6000000041558320659
6000000041597967994
6000000041609007212
6000000041611781234
6000000041612244879
6000000041615503695
6000000041620632218
6000000041635451739
6000000041651506732
6000000041651731443
6000000041651758637
6000000041651877440
6000000041651886314
6000000041651983495
6000000041651990365
6000000041652323878
6000000041652791392
6000000041657838779
6000000041671248316
6000000041688325027
6000000041696987281
6000000041715075402
6000000041728116086
6000000041729830890
6000000041729886018
6000000041729991058
6000000041732868292
6000000041734851532
6000000041735026962
6000000041749251414
6000000041750369726
6000000041751375429
6000000041757560603
6000000041765400119
6000000041773274830
6000000041782831898
6000000041807839557
6000000041809491981
6000000041831647076
6000000041840322398
6000000041841082489
6000000041841627869
6000000041841664854
6000000041841690651
6000000041841702845
6000000041842088163
6000000041842127401
6000000041842235918
6000000041842349326
6000000041842459285
6000000041842476887
6000000041842970961
6000000041843189926
6000000041843230907
6000000041843250838
6000000041843259951
6000000041843470842
6000000041873483744
6000000041886132001
6000000041914193238
6000000041931043215
6000000041952693337
6000000042001116749
6000000042012488492
6000000042012496673
6000000042012556241
6000000042012627265
6000000042012705551
6000000042012707467
6000000042012913068
6000000042012981024
6000000042012990026
6000000042020332939
6000000042045583022
6000000042056777554
6000000042056865538
6000000042056885496
6000000042057134056
6000000042070377879
6000000042079983463
6000000042091803820
6000000042096076902
6000000042096317998
6000000042103283956
6000000042135836280
6000000042136030923
6000000042136084250
6000000042136101609
6000000042136445092
6000000042136516154
6000000042136581975
6000000042145688032
6000000042146460628
6000000042149162626
6000000042149194677
6000000042149401270
6000000042149463204
6000000042149484244
6000000042149551116
6000000042149568806
6000000042149661852
6000000042150116000
6000000042156964591
6000000042164002476
6000000042172300109
6000000042199307883
6000000042207111409
6000000042223880516
6000000042252593402
6000000042265856036
6000000042265894125
6000000042266056848
6000000042282302187
6000000042282330063
6000000042282601887
6000000042283795993
6000000042283801948
6000000042307259213
6000000042307434582
6000000042307464623
6000000042307647821
6000000042307776032
6000000042307787008
6000000042317107874
6000000042325376803
6000000042326180573
6000000042326206505
6000000042326334100
6000000042326413061
6000000042326521949
6000000042326548834
6000000042343243100
6000000042346135953
6000000042347195565
6000000042347446225
6000000042348099231
6000000042348445921
6000000042348478467
6000000042348645366
6000000042351760738
6000000042352559081
6000000042364244144
6000000042364293982
6000000042364449867
6000000042364480895
6000000042364489012
6000000042364565900
6000000042377290818
6000000042394897078
6000000042396007509
6000000042405610819
6000000042405718313
6000000042406040029
6000000042406105957
6000000042417468152
6000000042417567035
6000000042418161821
6000000042429900417
6000000042437693477
6000000042437755490
6000000042437782522
6000000042437867855
6000000042438476163
6000000042438497568
6000000042438583077
6000000042438680833
6000000042438830834
6000000042438863823
6000000042442635702
6000000042460319758
6000000042460836370
6000000042460984018
6000000042467421883
6000000042477902946
6000000042513701075
6000000042538992098
6000000042548380530
6000000042558348579
6000000042558586163
6000000042558670080
6000000042578329952
6000000042627728922
6000000042655512716
6000000042655731456
6000000042655806989
6000000042656059928
6000000042659041572
6000000042659456884
6000000042672435878
6000000042688562524
6000000042751661606
6000000042751680508
6000000042751817171
6000000042751865299
6000000042752926609
6000000042785914579
6000000042786395380
6000000042789790719
6000000042790210174
6000000042790247188
6000000042810216354
6000000042831961774
6000000042832189216
6000000042856565339
6000000042880925425
6000000042882721990
6000000042883520327
6000000042883567410
6000000042890372561
6000000042890511929
6000000042892321012
6000000042892354952
6000000042896125274
6000000042912823686
6000000042928448923
6000000042942125093
6000000042966340526
6000000042969309391
6000000042994363012
6000000042996131303
6000000042996154303
6000000042996264069
6000000043020252887
6000000043024498725
6000000043024593577
6000000043024856135
6000000043025054827
6000000043047511199
6000000043072814473
6000000043073092848
6000000043129195540
6000000043129366219
6000000043175926389
6000000043176100859
6000000043178312800
6000000043178386503
6000000043178508381
6000000043178587256
6000000043178686369
6000000043178738125
6000000043178913821
6000000043191160323
6000000043234801711
6000000043235015335
6000000043235058189
6000000043235221969
6000000043237179916
6000000043239861561
6000000043239892507
6000000043239974615
6000000043240146211
6000000043240187177
6000000043240314057
6000000043264395347
6000000043264471128
6000000043264722135
6000000043264742010
6000000043264774120
6000000043264830918
6000000043264832921
6000000043264940841
6000000043265055218
6000000043279994092
6000000043326816200
6000000043338365549
6000000043338813997
6000000043338869834
6000000043352307659
6000000043375931983
6000000043381913228
6000000043462628256
6000000043462703212
6000000043475985138
6000000043545247335
6000000043569666427
6000000043574014269
6000000043574093265
6000000043574342132
6000000043574565919
6000000043574754823
6000000043591767920
6000000043591943068
6000000043591983995
6000000043592320008
6000000043592369821
6000000043592545953
6000000043592614864
6000000043605863068
6000000043606481350
6000000043606710929
6000000043653683156
6000000043653875951
6000000043655030766
6000000043655435878
6000000043655765967
6000000043680318328
6000000043680687020
6000000043681143478
6000000043681840057
6000000043683537848
6000000043683537854
6000000043683537859
6000000043684644064
6000000043684742018
6000000043684862962
6000000043684870125
6000000043696441211
6000000043731227881
6000000043735028531
6000000043735319329
6000000043736665445
6000000043737290841
6000000043775780393
6000000043811431902
6000000043847277350
6000000043847445237
6000000043931481854
6000000044002246353
6000000044002950225
6000000044090754871
6000000044121506583
6000000044200429115
6000000044222310210
6000000044230199821
6000000044232669216
6000000044281725177
6000000044281846017
6000000044289098972
6000000044431322731
6000000044473539962
6000000044541287821
6000000044549391665
6000000044550320136
6000000044550326449
6000000044550357498
6000000044550537117
6000000044550564965
6000000044550609012
6000000044550711992
6000000044550723411
6000000044550741195
6000000044550756867
6000000044551174823
6000000044551176865
6000000044552223294
6000000044554181779
6000000044554716184
6000000044554963060
6000000044554984222
6000000044555383305
6000000044555549430
6000000044555564252
6000000044586255854
6000000044600225962
6000000044600473821
6000000044827022890
6000000044827574837
6000000044860640876
6000000044928730891
6000000044931778217
6000000044932228890
6000000044934006556
6000000044943999918
6000000044944136083
6000000044944603853
6000000045038154410
6000000045038468888
6000000045038492872
6000000045038533853
6000000045038564851
6000000045215258902
6000000045254434481
6000000045338691877
6000000045338761835
6000000045534823900
6000000045657173881
6000000045756513193
6000000045825626960
6000000045840395821
6000000045864177620
6000000045864986642
6000000045911128869
6000000045911149875
6000000045911747871
6000000045911819858
6000000045969650320
6000000046088788977
6000000046204682334
6000000046326227237
6000000046515863019
6000000046516183261
6000000046516614833
6000000046556821958
6000000046612269947
6000000046613696977
6000000046900637917
6000000046903962342
6000000046928501923
6000000047187651998
6000000047273775090
6000000047277329892
6000000047278656897
6000000047279100856
6000000047279114106
6000000047279255863
6000000047279592848
6000000047279633832
6000000047279677897
6000000047279695016
6000000047279877872
6000000047279957856
6000000047280063927
6000000047280416840
6000000047360322821
6000000047362359128
6000000047410816013
6000000047459999122
6000000047502329835
6000000047507205133
6000000047507759059
6000000047507906923
6000000047507910876
6000000047508070874
6000000047508251457
6000000047508855920
6000000047508951103
6000000047508969092
6000000047508995845
6000000047509214054
6000000047509348821
6000000047509401991
6000000047509437286
6000000047509437306
6000000047509472860
6000000047509474247
6000000047509525358
6000000047509548140
6000000047509589361
6000000047509629821
6000000047509737168
6000000047509967880
6000000047509997854
6000000047510174821
6000000047510392847
6000000047510464826
6000000047510530847
6000000047510861928
6000000047511068851
6000000047511724138
6000000047511790881
6000000047512028917
6000000047512182924
6000000047515473224
6000000047515504096
6000000047516025828
6000000047516145904
6000000047516171862
6000000047516193973
6000000047516224922
6000000047516273830
6000000047516305915
6000000047516667201
6000000047516883992
6000000047516913039
6000000047517055886
6000000047517070875
6000000047524930858
6000000047602913090
6000000047603300839
6000000047661839113
6000000047734172979
6000000047746622167
6000000047746933864
6000000047762893910
6000000047763076938
6000000047779743126
6000000047849515230
6000000047851045194
6000000047856122144
6000000047857288828
6000000047858209924
6000000047858222917
6000000047910116174
6000000047922802118
6000000047922825894
6000000047922883965
6000000047923395839
6000000047923428877
6000000047943378054
6000000047945996156
6000000047946310948
6000000047968541912
6000000047980776072
6000000047981173365
6000000047981523837
6000000048007693331
6000000048007979035
6000000048008609860
6000000048041437173
6000000048051913593
6000000048062588061
6000000048111997283
6000000048112446003
6000000048138874030
6000000048138904903
6000000048138920914
6000000048139419867
6000000048157162870
6000000048172579883
6000000048175445255
6000000048191255653
6000000048191824576
6000000048192127894
6000000048192390930
6000000048201175998
6000000048201223060
6000000048201311934
6000000048201348956
6000000048202514588
6000000048202643448
6000000048213916055
6000000048232742106
6000000048233035924
6000000048239229352
6000000048241738374
6000000048242844839
6000000048243569971
6000000048243751936
6000000048282725234
6000000048334908984
6000000048335041022
6000000048335323912
6000000048343193913
6000000048343301825
6000000048343584887
6000000048445688405
6000000048446497905
6000000048447006206
6000000048447261862
6000000048462638351
6000000048462984003
6000000048463238867
6000000048471620979
6000000048471901923
6000000048477205146
6000000048481359885
6000000048481604011
6000000048529138163
6000000048529633969
6000000048529908955
6000000048530259839
6000000048539947338
6000000048539962128
6000000048540045083
6000000048540064418
6000000048540091072
6000000048540096101
6000000048540192062
6000000048540215194
6000000048540269186
6000000048540274887
6000000048540283061
6000000048540306833
6000000048540383015
6000000048540426821
6000000048540427943
6000000048540506907
6000000048540522874
6000000048540551857
6000000048540597821
6000000048544703142
6000000048545256193
6000000048545524203
6000000048545606381
6000000048545799082
6000000048545932821
6000000048546594058
6000000048546707910
6000000048546802171
6000000048547031040
6000000048547156873
6000000048550063248
6000000048550541389
6000000048551704449
6000000048553311037
6000000048553340093
6000000048554113926
6000000048557418072
6000000048557491061
6000000048558011895
6000000048560777983
6000000048570108187
6000000048570379908
6000000048570444929
6000000048582608101
6000000048582986897
6000000048583002895
6000000048583087856
6000000048583126853
6000000048606468567
6000000048608446975
6000000048608508264
6000000048608855134
6000000048608906082
6000000048608914821
6000000048608993000
6000000048609051918
6000000048609088052
6000000048609257856
6000000048609412874
6000000048609771857
6000000048631578916
6000000048635253850
6000000048636082023
6000000048639600075
6000000048639875830
6000000048662153179
6000000048751820029
6000000048770594852
6000000048788082032
6000000048788284828
6000000048788330825
6000000048788437829
6000000048867746858
6000000048873385958
6000000048881218875
6000000048925806049
6000000048978999018
6000000048979181991
6000000048979623931
6000000048979962872
6000000049012527831
6000000049028054944
6000000049184307841
6000000049348770021
6000000049348915054
6000000049349352842
6000000049375303855
6000000049393404891
6000000049393455830
6000000049393591821
6000000049394121281
6000000049395828862
6000000049395956883
6000000049495144898
6000000049517692084
6000000049517886910
6000000049517903861
6000000049578079844
6000000049581009100
6000000049581390051
6000000049581495942
6000000049581566860
6000000049581572884
6000000049581627886
6000000049581672900
6000000049581741828
6000000049581755862
6000000049581777948
6000000049581831829
6000000049581836821
6000000049581909835
6000000049581935860
6000000049581950878
6000000049581982847
6000000049582008945
6000000049582185824
6000000049582266946
6000000049582352821
6000000049582955902
6000000049583075041
6000000049583366942
6000000049583436877
6000000049583625873
6000000049583706883
6000000049591222906
6000000049591435847
6000000049592146028
6000000049592534908
6000000049593061256
6000000049594160133
6000000049594212513
6000000049594368004
6000000049594818047
6000000049595433833
6000000049596131084
6000000049596528347
6000000049596807117
6000000049596967832
6000000049597389884
6000000049597938951
6000000049691154012
6000000049848478424
6000000049848871495
6000000049849419502
6000000049849868951
6000000049850263217
6000000049850591904
6000000049885415522
6000000049887890524
6000000049889534044
6000000049889562997
6000000049889639034
6000000049930875857
6000000050007966168
6000000050008066204
6000000050008327936
6000000050036899917
6000000050037565952
6000000050081822073
6000000050088885962
6000000050088967906
6000000050088996861
6000000050089111836
6000000050089223852
6000000050089623853
6000000050139935735
6000000050141254899
6000000050141315954
6000000050141382893
6000000050193898440
6000000050195291874
6000000050231138140
6000000050237598380
6000000050238492988
6000000050239103032
6000000050239232002
6000000050283415455
6000000050284353842
6000000050285728925
6000000050288971863
6000000050289795914
6000000050290397821
6000000050311875140
6000000050311939203
6000000050312058103
6000000050312155898
6000000050312211855
6000000050312525968
6000000050312589926
6000000050312604830
6000000050312804836
6000000050334505149
6000000050334842935
6000000050355898155
6000000050356113072
6000000050356248092
6000000050356353944
6000000050356466889
6000000050356468870
6000000050356490835
6000000050408026199
6000000050408666909
6000000050443413821
6000000050479438066
6000000050502607921
6000000050530621972
6000000050530789896
6000000050552608985
6000000050582116932
6000000050592278165
6000000050634742139
6000000050645755368
6000000050663353883
6000000050670585908
6000000050670996855
6000000050737197034
6000000050772755834
6000000050778106888
6000000050953313886
6000000050953553760
6000000050954009901
6000000050954016172
6000000050954026965
6000000050954190174
6000000050954222119
6000000050954259384
6000000050954363219
6000000050954616993
6000000050978171854
6000000050978298823
6000000050980253962
6000000051010304871
6000000051015180937
6000000051037112441
6000000051043240141
6000000051043774902
6000000051048484822
6000000051069911868
6000000051078127988
6000000051078481886
6000000051078562862
6000000051078744832
6000000051092453919
6000000051142238950
6000000051261700173
6000000051332179975
6000000051358198833
6000000051388474880
6000000051388612829
6000000051409113851
6000000051426039148
6000000051427781091
6000000051454424161
6000000051462295196
6000000051464393953
6000000051483267954
6000000051495575907
6000000051523782026
6000000051523782044
6000000051523971980
6000000051524177941
6000000051525837000
6000000051527512950
6000000051527940879
6000000051528155835
6000000051528663098
6000000051556311840
6000000051626418947
6000000051703921941
6000000051757333966
6000000051796790002
6000000051802415860
6000000051914916992
6000000051971750038
6000000052061830218
6000000052070297107
6000000052070389118
6000000052080480435
6000000052081890001
6000000052081975872
6000000052082046821
6000000052088271908
6000000052094121868
6000000052103886910
6000000052164987904
6000000052170691841
6000000052178149930
6000000052188463068
6000000052188494090
6000000052188624956
6000000052188708967
6000000052188730025
6000000052207055897
6000000052207524992
6000000052212978029
6000000052213173911
6000000052213896863
6000000052275901853
6000000052290835849
6000000052291561835
6000000052354599821
6000000052372703846
6000000052377060868
6000000052481260520
6000000052485188296
6000000052485388005
6000000052486028899
6000000052486303851
6000000052543692193
6000000052622926878
6000000052622931862
6000000052623465988
6000000052623813928
6000000052624059838
6000000052624545020
6000000052627078264
6000000052654004821
6000000052654304821
6000000052654955911
6000000052685501027
6000000052685832846
6000000052797462220
6000000052797479833
6000000052815004821
6000000052854939043
6000000052856412864
6000000052856448889
6000000052894363890
6000000053008342217
6000000053008762937
6000000053024990835
6000000053025126837
6000000053038860922
6000000053046547952
6000000053052511872
6000000053071521084
6000000053075959853
6000000053079153975
6000000053094020845
6000000053113483960
6000000053113690892
6000000053128662954
6000000053128824966
6000000053143353793
6000000053155552827
6000000053156318922
6000000053223337836
6000000053294752071
6000000053494903892
6000000053544737848
6000000053544848896
6000000053674609851
6000000053674622877
6000000053783556870
6000000053835055961
6000000053904155926
6000000053904166909
6000000053978161860
6000000053978597867
6000000054019145897
6000000054047775895
6000000054062220560
6000000054063251128
6000000054063376895
6000000054069767837
6000000054122196896
6000000054138780932
6000000054138823002
6000000054138877949
6000000054138985838
6000000054139117864
6000000054139240941
6000000054139373088
6000000054139414823
6000000054139501825
6000000054139692887
6000000054139883849
6000000054179571238
6000000054180986920
6000000054209048953
6000000054209879838
6000000054210266821
6000000054261115979
6000000054307866959
6000000054407071209
6000000054407749821
6000000054564132043
6000000054564351957
6000000054564435855
6000000054615631911
6000000054691627935
6000000054819415933
6000000054895812832
6000000055029595279
6000000055030175875
6000000055065169833
6000000055065634845
6000000055069591834
6000000055080065927
6000000055080135951
6000000055080321902
6000000055082505838
6000000055252943180
6000000055253715941
6000000055348174064
6000000055360124555
6000000055360392126
6000000055360471077
6000000055360640922
6000000055360937968
6000000055363472084
6000000055364196861
6000000055393669986
6000000055396879166
6000000055466752211
6000000055466973050
6000000055580712874
6000000055681021356
6000000055682640909
6000000055709822883
6000000055709880081
6000000055710078868
6000000055746504821
6000000055754471882
6000000055921433519
6000000055922089980
6000000055922189883
6000000055965290178
6000000055980176856
6000000055980270822
6000000056003013946
6000000056004292830
6000000056097564007
6000000056103079231
6000000056104649922
6000000056114929341
6000000056115335031
6000000056115356939
6000000056115474937
6000000056115487935
6000000056115531876
6000000056115564995
6000000056115565013
6000000056115597988
6000000056115601853
6000000056115614839
6000000056115623920
6000000056115736828
6000000056115738853
6000000056115756857
6000000056226446896
6000000056251353033
6000000056251733858
6000000056252764821
6000000056264093959
6000000056265534837
6000000056273498909
6000000056390910871
6000000056394093948
6000000056394961950
6000000056398346821
6000000056474177858
6000000056502077004
6000000056519418866
6000000056548963118
6000000056548998025
6000000056549062990
6000000056644049841
6000000056801349886
6000000056813824851
6000000056822291884
6000000056847365886
6000000056849612889
6000000056850878875
6000000056862447044
6000000056862852919
6000000056863060867
6000000056931419325
6000000056932079973
6000000056932277854
6000000056932885932
6000000056932951836
6000000056933043857
6000000057024015050
6000000057063482979
6000000057099117863
6000000057105398011
6000000057180399890
6000000057180909958
6000000057180964040
6000000057181329940
6000000057200945882
6000000057201055848
6000000057285478115
6000000057285605960
6000000057307082990
6000000057307263937
6000000057307294924
6000000057307526840
6000000057307613852
6000000057354463970
6000000057355964848
6000000057370438990
6000000057370851872
6000000057373862857
6000000057375376367
6000000057376545912
6000000057418469942
6000000057419401306
6000000057419543161
6000000057419693033
6000000057419725857
6000000057420052107
6000000057420949049
6000000057463584995
6000000057552010007
6000000057595499453
6000000057598991914
6000000057599056829
6000000057788432833
6000000057968016903
6000000058099942952
6000000058102704850
6000000058105512119
6000000058105756911
6000000058105768274
6000000058105778007
6000000058105785085
6000000058105842005
6000000058105851849
6000000058105888953
6000000058105920194
6000000058105954902
6000000058105974846
6000000058106038977
6000000058106101051
6000000058106204836
6000000058106294859
6000000058106562120
6000000058106742867
6000000058106744859
6000000058106897868
6000000058106914864
6000000058161837110
6000000058162358928
6000000058162627040
6000000058162861864
6000000058304737827
6000000058304898840
6000000058305986842
6000000058309424719
6000000058310063347
6000000058310537219
6000000058310697984
6000000058310731958
6000000058310794957
6000000058310795926
6000000058310859886
6000000058310860166
6000000058311160923
6000000058311595074
6000000058311940314
6000000058312152181
6000000058312317008
6000000058321683214
6000000058322305842
6000000058357681837
6000000058367657889
6000000058373184919
6000000058679278988
6000000058679302943
6000000058679334966
6000000058679392002
6000000058679630856
6000000058726589168
6000000058740483821
6000000058775146945
6000000058928057849
6000000058934164055
6000000058934426980
6000000058934442833
6000000058940629925
6000000059102353628
6000000059103223190
6000000059103232019
6000000059103233089
6000000059103239828
6000000059103330210
6000000059103484861
6000000059103539921
6000000059103699821
6000000059103775398
6000000059103825953
6000000059103949248
6000000059103980846
6000000059104235186
6000000059104314073
6000000059104370963
6000000059104565458
6000000059104586839
6000000059104924994
6000000059105032918
6000000059142995975
6000000059143262891
6000000059155143881
6000000059229681924
6000000059230725990
6000000059363695655
6000000059543148320
6000000059543736035
6000000059543788891
6000000059543850860
6000000059543875860
6000000059543949970
6000000059544065950
6000000059544244866
6000000059544719062
6000000059545336884
6000000059545440876
6000000059588454392
6000000059589646915
6000000059605648010
6000000059608997191
6000000059609185090
6000000059620324010
6000000059620548088
6000000059646398970
6000000059752714050
6000000059752938919
6000000059753391888
6000000059754565848
6000000059754623877
6000000059755398980
6000000059796987020
6000000059797196016
6000000059798187919
6000000059798211915
6000000059803941888
6000000059810428010
6000000059810768821
6000000059827040842
6000000059829513836
6000000059955080848
6000000059956208155
6000000059956239969
6000000059956381159
6000000059956384871
6000000059956412947
6000000059956711997
6000000059956971857
6000000059988321858
6000000059989468026
6000000060145679029
6000000060172620937
6000000060173191875
6000000060174494295
6000000060174597292
6000000060174867977
6000000060189145833
6000000060189782959
6000000060205750931
6000000060207382049
6000000060207710088
6000000060207727880
6000000060207768835
6000000060207952029
6000000060207978829
6000000060208017856
6000000060208064940
6000000060208065823
6000000060214543039
6000000060231097866
6000000060312686886
6000000060312690864
6000000060312695870
6000000060313669828
6000000060316748874
6000000060316890044
6000000060317181011
6000000060400559111
6000000060401008942
6000000060401073872
6000000060489311858
6000000060489974841
6000000060494850075
6000000060667548823
6000000060668037821
6000000060668433824
6000000060668804822
6000000060693258821
6000000060722607833
6000000060745534189
6000000060746013888
6000000060746476984
6000000060747401823
6000000060747511851
6000000060752054171
6000000060752912847
6000000060753698937
6000000060760150565
6000000060760694040
6000000060760707049
6000000060760749969
6000000060760951017
6000000060761029839
6000000060761694127
6000000060778367952
6000000060779562947
6000000060810607113
6000000060811190911
6000000060811460929
6000000060811477127
6000000060811655912
6000000060811659821
6000000060989273124
6000000060989521945
6000000061098684092
6000000061099447918
6000000061174176919
6000000061174235874
6000000061174244833
6000000061198578925
6000000061199113178
6000000061199154124
6000000061210440975
6000000061210479967
6000000061210638841
6000000061262240928
6000000061272734998
6000000061281145310
6000000061304736845
6000000061304837854
6000000061305730827
6000000061306001979
6000000061306092854
6000000061306225822
6000000061306397821
6000000061306536922
6000000061306725821
6000000061374903948
6000000061393436821
6000000061644956821
6000000061718301229
6000000061726888834
6000000061741765834
6000000061746856907
6000000061748092041
6000000061815832000
6000000061818001868
6000000061826378953
6000000061830872973
6000000061847617849
6000000062086179824
6000000062171355710
6000000062286065072
6000000062286329953
6000000062286386967
6000000062286623115
6000000062286665864
6000000062318402863
6000000062318467988
6000000062330947939
6000000062336801188
6000000062376607887
6000000062447429293
6000000062447824056
6000000062451086902
6000000062451106906
6000000062458597938
6000000062458620899
6000000062458755876
6000000062542976827
6000000062543434830
6000000062543861821
6000000062547798821
6000000062570873921
6000000062641645886
6000000062658457877
6000000062658553890
6000000062739101833
6000000062742271979
6000000062864760821
6000000062866064821
6000000062866903845
6000000062867366888
6000000062867597884
6000000062908839094
6000000062909024940
6000000062909416822
6000000062912936115
6000000062913676869
6000000062913730830
6000000063144275847
6000000063148160649
6000000063152736834
6000000063295235089
6000000063295666859
6000000063303996871
6000000063427064285
6000000063437823839
6000000063437976829
6000000063534700116
6000000063535101903
6000000063577614992
6000000063582718891
6000000063587242822
6000000063589686821
6000000063780411837
6000000063780772821
6000000063781355997
6000000063815780073
6000000063819051026
6000000063819544901
6000000063819632885
6000000063819768958
6000000063829961821
6000000063833022929
6000000063833241822
6000000063833273827
6000000063920621975
6000000064172523282
6000000064172752222
6000000064173000133
6000000064349340959
6000000064349490931
6000000064377970992
6000000064379720821
6000000064800554081
6000000065009363885
6000000065346529879
6000000065451165862
6000000065451379887
6000000065451586996
6000000065451693122
6000000065452075859
6000000065452297821
6000000065452702944
6000000065452834822
6000000065452940861
6000000065460574970
6000000065460802824
6000000065461738942
6000000065461831980
6000000065462095858
6000000065462205868
6000000065480598113
6000000065563576927
6000000065593879123
6000000065595082999
6000000065596017821
6000000065596073891
6000000065664416833
6000000065711147833
6000000065712231833
6000000066092380869
6000000066110950982
6000000066111085945
6000000066155737890
6000000066155740003
6000000066155925878
6000000066155972882
6000000066156236821
6000000066284816886
6000000066284912825
6000000066286405900
6000000066287024825
6000000066359644823
6000000066361144822
6000000066369526006
6000000066369618952
6000000066594778910
6000000066595985821
6000000066602716889
6000000066602793825
6000000066723024822
6000000066723025837
6000000066757368856
6000000066761374946
6000000066761888876
6000000066762867890
6000000066763146911
6000000066763149826
6000000066765711127
6000000066765717883
6000000066766062963
6000000066795195841
6000000066833645206
6000000066833767216
6000000066833893017
6000000066834207892
6000000066834266821
6000000066970423990
6000000066973498029
6000000066988784941
6000000066989973832
6000000066991829907
6000000067002333069
6000000067145184979
6000000067145229030
6000000067145245017
6000000067145400966
6000000067145459940
6000000067145559908
6000000067145578821
6000000067145709881
6000000067145950830
6000000067146227821
6000000067174152901
6000000067174423012
6000000067249567845
6000000067250068832
6000000067357581044
6000000067357798887
6000000067499849094
6000000067501138036
6000000067947022013
6000000067962260279
6000000067963354933
6000000067973805882
6000000068030455860
6000000068036522056
6000000068140543272
6000000068140622028
6000000068360435851
6000000068412335859
6000000068412791869
6000000068413345858
6000000068489448233
6000000068507415031
6000000068507786939
6000000068525675368
6000000068738243253
6000000068755185086
6000000068756447864
6000000068771540855
6000000068859553878
6000000068859880824
6000000068860300962
6000000068860644967
6000000068860766919
6000000068860797852
6000000068861181896
6000000068861403833
6000000069259457330
6000000069259831992
6000000069291126154
6000000069291497977
6000000069291643870
6000000069295909268
6000000069297096840
6000000069297114822
6000000069304813051
6000000069306552833
6000000069308364864
6000000069308775833
6000000069319057264
6000000069319280078
6000000069319635823
6000000069320110330
6000000069320137297
6000000069320177204
6000000069320620013
6000000069320635052
6000000069320690987
6000000069320733926
6000000069321176005
6000000069321392930
6000000069360682925
6000000069366164368
6000000069366574089
6000000069366628565
6000000069366791359
6000000069367150012
6000000069367297976
6000000069367366090
6000000069367439853
6000000069367485834
6000000069367848889
6000000069367935855
6000000069367994851
6000000069368037877
6000000069368065861
6000000069372983920
6000000069374406879
6000000069374612917
6000000069374613003
6000000069374640924
6000000069374684989
6000000069374883929
6000000069374975952
6000000069374984872
6000000069375048222
6000000069375067914
6000000069375180961
6000000069375275978
6000000069377745823
6000000069487109180
6000000069488339821
6000000069532170911
6000000069532251948
6000000069532338834
6000000069532364848
6000000069535075949
6000000069535258923
6000000069535667968
6000000069545099326
6000000069546959859
6000000069681375851
6000000069681511833
6000000069682028823
6000000069682074832
6000000069682119821
6000000069682737821
6000000069682985838
6000000069790453837
6000000069814194594
6000000069814465038
6000000069814528074
6000000069939390929
6000000069939628838
6000000069962266067
6000000069962440941
6000000069990769227
6000000070087883211
6000000070087938081
6000000070088156905
6000000070132535821
6000000070132926830
6000000070199296259
6000000070199742130
6000000070200107937
6000000070310077329
6000000070310654003
6000000070357219931
6000000070358363825
6000000070368094860
6000000070403127824
6000000070558159164
6000000070558342081
6000000070558453095
6000000070558620935
6000000070558722881
6000000070558748123
6000000070558871052
6000000070615468821
6000000070639261044
6000000070678375135
6000000070678438117
6000000070678563014
6000000070678628938
6000000070722659935
6000000070722995896
6000000070723116870
6000000070723191827
6000000070788866939
6000000070947642129
6000000070999921326
6000000070999975122
6000000071000169038
6000000071000211888
6000000071019544267
6000000071019874077
6000000071020271121
6000000071020323179
6000000071020473974
6000000071020476885
6000000071127022898
6000000071130202975
6000000071258547862
6000000071258957822
6000000071259832082
6000000071260480936
6000000071260623840
6000000071265494849
6000000071274158061
6000000071274408834
6000000071287234579
6000000071287864007
6000000071292987834
6000000071336558835
6000000071336939845
6000000071369403270
6000000071426700965
6000000071443704116
6000000071443863962
6000000071444035916
6000000071508974839
6000000071512161825
6000000071548537401
6000000071572885874
6000000071575145846
6000000071577844821
6000000071583090840
6000000071583090846
6000000071618683905
6000000071630659683
6000000071651821665
6000000071652108992
6000000071652493447
6000000071653249848
6000000071669634068
6000000071678630549
6000000071678738478
6000000071679001289
6000000071679034388
6000000071679107135
6000000071679246967
6000000071679368916
6000000071679371948
6000000071679428893
6000000071679471875
6000000071679619036
6000000071679666054
6000000071741090260
6000000071741329877
6000000071741591926
6000000071742186052
6000000071742445946
6000000071742464939
6000000071764019665
6000000071774651937
6000000071774848828
6000000071798316615
6000000071798808821
6000000071798869001
6000000071837440852
6000000071837747872
6000000071838044843
6000000071842321822
6000000071843003824
6000000071843454821
6000000071871089471
6000000071871367357
6000000071871842060
6000000071871885075
6000000071871999971
6000000071890995834
6000000071891122867
6000000071998802935
6000000071999243859
6000000072010576821
6000000072038935920
6000000072057781980
6000000072058166885
6000000072058249850
6000000072178484925
6000000072186302282
6000000072186693923
6000000072186708886
6000000072351796062
6000000072353067972
6000000072405135044
6000000072406219992
6000000072406639261
6000000072599745835
6000000072599862992
6000000072658259835
6000000072729789273
6000000072747098824
6000000072762168864
6000000072795718287
6000000072818124160
6000000072818379959
6000000072818456243
6000000072818779897
6000000072818799870
6000000072818909825
6000000072822363821
6000000072834971825
6000000073024263821
6000000073028727833
6000000073031921831
6000000073055178903
6000000073055410848
6000000073117846181
6000000073118748081
6000000073129767990
6000000073185150137
6000000073186544225
6000000073304065900
6000000073304170827
6000000073304408138
6000000073304515367
6000000073304532859
6000000073304609129
6000000073304872896
6000000073304884853
6000000073304987934
6000000073311455887
6000000073401420657
6000000073419600846
6000000073495653283
6000000073545029957
6000000073550918828
6000000073584162732
6000000073584496833
6000000073584760918
6000000073622921788
6000000073712807072
6000000073712855360
6000000073713438869
6000000073713577191
6000000073713625155
6000000073713712848
6000000073713878822
6000000073714124866
6000000073714500453
6000000073836302076
6000000073847431836
6000000073851163371
6000000073851837945
6000000073965802926
6000000074068670135
6000000074068702932
6000000074068917049
6000000074069131838
6000000074069243847
6000000074069285821
6000000074069408897
6000000074070223932
6000000074070343825
6000000074070608450
6000000074070757909
6000000074071356015
6000000074275603286
6000000074277111122
6000000074277259150
6000000074277415951
6000000074277562930
6000000074277610879
6000000074277721931
6000000074277881880
6000000074277913198
6000000074278250861
6000000074278396946
6000000074278537839
6000000074302769537
6000000074303521204
6000000074304031949
6000000074352511355
6000000074353129836
6000000074353174032
6000000074353201907
6000000074354220276
6000000074354383086
6000000074450307914
6000000074450982834
6000000074451150861
6000000074805492527
6000000074806097077
6000000074806122207
6000000074806317898
6000000074806413876
6000000074806436863
6000000074823513256
6000000074824684821
6000000074831608895
6000000074908748029
6000000074983758828
6000000074984404821
6000000075009107034
6000000075009128914
6000000075009666375
6000000075010122865
6000000075010336197
6000000075010527859
6000000075010628094
6000000075050915419
6000000075223762210
6000000075224034986
6000000075224095876
6000000075228590847
6000000075248775213
6000000075248843141
6000000075249234939
6000000075254023062
6000000075254322868
6000000075279010901
6000000075299185889
6000000075303107928
6000000075303152835
6000000075303876511
6000000075303888388
6000000075304316911
6000000075304327834
6000000075308985157
6000000075310330920
6000000075310587883
6000000075310699911
6000000075310702828
6000000075425126283
6000000075425192847
6000000075428285846
6000000075428297999
6000000075428471879
6000000075429136842
6000000075431365840
6000000075433223822
6000000075433339850
6000000075433725821
6000000075433804879
6000000075433861822
6000000075437131844
6000000075439754824
6000000075471603821
6000000075472393821
6000000075472747821
6000000075473278104
6000000075479879048
6000000075480043306
6000000075480317302
6000000075480437249
6000000075480885117
6000000075481010932
6000000075481051884
6000000075496457990
6000000075496574963
6000000075497120863
6000000075497120868
6000000075497178073
6000000075497192029
6000000075497726893
6000000075498103874
6000000075581166054
6000000075581333961
6000000075588713839
6000000075622551884
6000000075622821821
6000000075622993842
6000000075651817522
6000000075652455911
6000000075652544871
6000000075652649848
6000000075665918938
6000000075666045850
6000000075671135005
6000000075671300972
6000000075671444875
6000000075671489839
6000000075671740858
6000000075675128204
6000000075676978903
6000000075677035847
6000000075677201845
6000000075688517911
6000000075688562833
6000000075708053936
6000000075709566917
6000000075727310866
6000000075727797821
6000000075742402938
6000000075742688845
6000000075745694978
6000000075746224860
6000000075746381849
6000000075802092909
6000000075866739576
6000000075867604836
6000000075921758838
6000000075983214075
6000000075983335135
6000000075984118038
6000000075995216194
6000000076030408130
6000000076031609003
6000000076032125991
6000000076032296864
6000000076051105833
6000000076051144006
6000000076102779864
6000000076102822023
6000000076103048821
6000000076160666395
6000000076161393061
6000000076165466875
6000000076165809821
6000000076236742159
6000000076238789905
6000000076260227889
6000000076317907296
6000000076318027217
6000000076318041224
6000000076318614865
6000000076330871097
6000000076330935034
6000000076333316160
6000000076456441952
6000000076456906950
6000000076498468841
6000000076498745005
6000000076499918259
6000000076500062213
6000000076500633203
6000000076500899902
6000000076500982838
6000000076501038846
6000000076502915929
6000000076503082873
6000000076503162829
6000000076503394830
6000000076524842841
6000000076526462821
6000000076526792857
6000000076527796837
6000000076544337048
6000000076544794000
6000000076545240825
6000000076545291971
6000000076545307868
6000000076546228895
6000000076547294003
6000000076548050241
6000000076548104003
6000000076548762140
6000000076548764863
6000000076688659604
6000000076689937693
6000000076703390594
6000000076706321027
6000000076706709127
6000000076707358934
6000000076707978876
6000000076712007370
6000000076717033262
6000000076719198928
6000000076719438012
6000000076719979953
6000000076720292623
6000000076720396733
6000000076721342382
6000000076721713996
6000000076721992931
6000000076722260195
6000000076726150036
6000000076726875863
6000000076727694994
6000000076749252434
6000000076776227303
6000000076776331267
6000000076776389276
6000000076776434358
6000000076776564419
6000000076776632278
6000000076776927115
6000000076776954293
6000000076777279862
6000000076777762988
6000000076794232324
6000000076797266970
6000000076838031738
6000000076838210736
6000000076838510721
6000000076838550678
6000000076839177361
6000000076839186200
6000000076839342379
6000000076839351234
6000000076839404249
6000000076839467158
6000000076839554988
6000000076839742917
6000000076952980182
6000000076952980186
6000000076952980190
6000000076978597944
6000000076979499394
6000000077004071833
6000000077036691824
6000000077047887049
6000000077047899894
6000000077047903947
6000000077049506048
6000000077079995717
6000000077087907828
6000000077099384153
6000000077099407027
6000000077156090373
6000000077163930102
6000000077230398023
6000000077230400466
6000000077230461558
6000000077230637515
6000000077231128948
6000000077244743857
6000000077244755871
6000000077245102876
6000000077246882445
6000000077247068207
6000000077247081063
6000000077248173384
6000000077249994498
6000000077250636107
6000000077250962399
6000000077279063644
6000000077279675020
6000000077279757910
6000000077279828827
6000000077279930945
6000000077294208663
6000000077294428509
6000000077294645126
6000000077294657254
6000000077295866658
6000000077296634128
6000000077298162518
6000000077313031652
6000000077313297768
6000000077313473304
6000000077313785061
6000000077313878152
6000000077314068171
6000000077314494768
6000000077314793658
6000000077314884505
6000000077314963499
6000000077314975519
6000000077315263252
6000000077315661871
6000000077316429386
6000000077316613321
6000000077317027961
6000000077321223934
6000000077321399942
6000000077372072441
6000000077442102317
6000000077448873417
6000000077521713753
6000000077522762133
6000000077522914160
6000000077555401020
6000000077742261225
6000000077818741439
6000000077846035663
6000000077849657989
6000000077857704101
6000000077857981077
6000000077858026916
6000000077861791624
6000000077861872423
6000000077862107462
6000000077862306291
6000000077862594214
6000000077862746132
6000000077862746138
6000000077862922864
6000000077862929941
6000000077863008965
6000000077863088863
6000000077863092907
6000000077908138509
6000000077917400440
6000000077917446201
6000000077917783872
6000000077918107838
6000000077918714432
6000000077919233247
6000000077919282365
6000000077919716887
6000000077921205506
6000000077921966912
6000000077922534520
6000000077922603124
6000000077922606754
6000000077922674775
6000000077922894865
6000000077923343005
6000000077923461842
6000000077923700990
6000000077923929847
6000000077987737572
6000000077988090704
6000000078002330683
6000000078028887322
6000000078029181130
6000000078029226179
6000000078109937693
6000000078110407522
6000000078110911379
6000000078115481468
6000000078126732394
6000000078175727851
6000000078175937985
6000000078204143398
6000000078204641094
6000000078204829953
6000000078223762911
6000000078223822974
6000000078224169897
6000000078224428821
6000000078229189088
6000000078230156942
6000000078230714964
6000000078231802873
6000000078232208843
6000000078259943213
6000000078284060865
6000000078289048664
6000000078313968707
6000000078314393305
6000000078314502067
6000000078314797155
6000000078314823078
6000000078315336013
6000000078315371900
6000000078316102881
6000000078316121886
6000000078316266868
6000000078346346079
6000000078348397537
6000000078348436731
6000000078348593365
6000000078349458670
6000000078349639066
6000000078349794353
6000000078349942079
6000000078350092100
6000000078350126927
6000000078353871801
6000000078354959204
6000000078355375202
6000000078355514135
6000000078355523247
6000000078355909911
6000000078356198872
6000000078356262925
6000000078356542871
6000000078356708855
6000000078357027580
6000000078358011932
6000000078358760928
6000000078358807929
6000000078359613968
6000000078359971875
6000000078360981025
6000000078362415515
6000000078363089160
6000000078363191052
6000000078368745933
6000000078387427017
6000000078387501821
6000000078394047035
6000000078406894241
6000000078407258076
6000000078407434075
6000000078472298872
6000000078472352833
6000000078481540327
6000000078481915133
6000000078481944075
6000000078482105192
6000000078482492231
6000000078482547351
6000000078482696168
6000000078482794359
6000000078482834988
6000000078482926141
6000000078482932156
6000000078482950041
6000000078482983176
6000000078483010220
6000000078483165004
6000000078483272057
6000000078483307074
6000000078483596982
6000000078483609996
6000000078483767832
6000000078483821825
6000000078489119868
6000000078490130084
6000000078490355906
6000000078490449856
6000000078499187939
6000000078573612505
6000000078615385627
6000000078619679070
6000000078621152815
6000000078621879944
6000000078623316958
6000000078623516107
6000000078626289991
6000000078626432709
6000000078630784600
6000000078630784604
6000000078630912120
6000000078631014382
6000000078631380028
6000000078631698930
6000000078632106899
6000000078638073036
6000000078655423955
6000000078667680342
6000000078685066484
6000000078691294833
6000000078734311760
6000000078809484106
6000000078809533183
6000000078809939833
6000000078810020884
6000000078868601831
6000000078957403587
6000000078957943175
6000000078958307853
6000000078971173855
6000000078971649853
6000000079000299368
6000000079000938903
6000000079001403717
6000000079001525127
6000000079001772128
6000000079027349214
6000000079027671827
6000000079030534050
6000000079036800902
6000000079037382096
6000000079047277024
6000000079093415855
6000000079102727099
6000000079104179102
6000000079111011181
6000000079111160025
6000000079111166945
6000000079111306971
6000000079111486877
6000000079147213183
6000000079147712948
6000000079147888886
6000000079160355878
6000000079160728969
6000000079161391895
6000000079197110833
6000000079197806994
6000000079197856848
6000000079199992978
6000000079216473726
6000000079216994213
6000000079217573945
6000000079217600962
6000000079224883878
6000000079225200846
6000000079242481709
6000000079243230159
6000000079243245171
6000000079263838436
6000000079276310138
6000000079276781129
6000000079479976168
6000000079480088562
6000000079480901172
6000000079480938035
6000000079498347549
6000000079498477611
6000000079498879391
6000000079498914187
6000000079499055947
6000000079499329845
6000000079500153560
6000000079500174685
6000000079500565385
6000000079500646223
6000000079500746013
6000000079500760263
6000000079500886129
6000000079500946955
6000000079500993944
6000000079501013130
6000000079501082014
6000000079501118020
6000000079501147904
6000000079501197937
6000000079601903048
6000000079601976873
6000000079602052950
6000000079603392949
6000000079603836889
6000000079608051822
6000000079669289781
6000000079671346085
6000000079671699927
6000000079775133856
6000000079779266821
6000000079795831165
6000000079796790904
6000000079797897838
6000000079799168528
6000000079799779994
6000000079799779998
6000000079799780002
6000000079799780006
6000000079816912556
6000000079819257868
6000000079826008908
6000000079826170867
6000000079846017150
6000000079847813835
6000000079862541508
6000000080055401907
6000000080056147093
6000000080059958102
6000000080060261827
6000000080060444903
6000000080064099932
6000000080087972823
6000000080118076363
6000000080186761383
6000000080186984940
6000000080207147015
6000000080284072188
6000000080285088004
6000000080302431860
6000000080321848847
6000000080322681049
6000000080322947821
6000000080323663991
6000000080323891821
6000000080324117832
6000000080324353824
6000000080332325120
6000000080333039634
6000000080341476323
6000000080341873098
6000000080342267003
6000000080343316845
6000000080343366846
6000000080343406822
6000000080343424926
6000000080343515969
6000000080343544843
6000000080343649249
6000000080343680842
6000000080345217051
6000000080389402120
6000000080403221144
6000000080403276205
6000000080403776030
6000000080403888937
6000000080403891013
6000000080412012905
6000000080495145916
6000000080536837339
6000000080537340924
6000000080537355939
6000000080541718007
6000000080542481074
6000000080542483837
6000000080543249901
6000000080543438142
6000000080543455887
6000000080543543891
6000000080551489936
6000000080551609903
6000000080551658873
6000000080551663888
6000000080551706913
6000000080551820843
6000000080551826857
6000000080617359115
6000000080658040968
6000000080847407004
6000000080848804840
6000000080900853821
6000000080906271952
6000000080945822042
6000000081001128938
6000000081001306233
6000000081039573507
6000000081039922221
6000000081040738547
6000000081040895528
6000000081041045057
6000000081041062500
6000000081041572931
6000000081041727059
6000000081041885934
6000000081042014902
6000000081069068167
6000000081069267085
6000000081127558125
6000000081128240173
6000000081222566829
6000000081293023260
6000000081293704916
6000000081295285549
6000000081295424071
6000000081296525890
6000000081326351308
6000000081327768845
6000000081467655758
6000000081501905734
6000000081503607051
6000000081503680930
6000000081503861897
6000000081528812391
6000000081529039762
6000000081529181624
6000000081529498221
6000000081529666236
6000000081529684204
6000000081529755121
6000000081529850113
6000000081529861057
6000000081529918022
6000000081530092937
6000000081550326136
6000000081550373196
6000000081550403904
6000000081550448235
6000000081550530976
6000000081550677049
6000000081563555960
6000000081599641091
6000000081605033101
6000000081662807834
6000000081663313914
6000000081663424822
6000000081663777860
6000000081666397821
6000000081773703358
6000000081775130924
6000000081775192908
6000000081776394220
6000000081776882860
6000000081777652170
6000000081777713841
6000000081777789174
6000000081778218821
6000000081778307038
6000000081787391664
6000000081787418432
6000000081788802993
6000000081801573280
6000000081801735429
6000000081872921288
6000000081873309989
6000000081873556832
6000000081933429821
6000000081993264294
6000000081993573055
6000000081993733175
6000000081994590892
6000000081994595961
6000000082019058670
6000000082048426821
6000000082048743974
6000000082048841842
6000000082048943839
6000000082049507838
6000000082049802880
6000000082049846055
6000000082050111901
6000000082050189882
6000000082050770855
6000000082051585872
6000000082051715853
6000000082071371944
6000000082073560352
6000000082074372009
6000000082074890879
6000000082074944989
6000000082075516845
6000000082075624871
6000000082075974831
6000000082076559933
6000000082076602863
6000000082077146851
6000000082214119821
6000000082323534022
6000000082323646862
6000000082323969284
6000000082360379100
6000000082368851380
6000000082371367980
6000000082371685938
6000000082371959910
6000000082408415599
6000000082409416357
6000000082409930978
6000000082410076894
6000000082410228839
6000000082410238821
6000000082415124877
6000000082416030313
6000000082417054963
6000000082417117889
6000000082417277851
6000000082436308334
6000000082436684248
6000000082437010147
6000000082437122063
6000000082437194314
6000000082437332993
6000000082437432933
6000000082437445010
6000000082437564859
6000000082437628923
6000000082437641082
6000000082437694836
6000000082437770833
6000000082459136375
6000000082460212930
6000000082468077336
6000000082476069204
6000000082476237654
6000000082476468329
6000000082476834830
6000000082477053862
6000000082477078411
6000000082477657091
6000000082477692080
6000000082477811884
6000000082477934942
6000000082477986908
6000000082531560667
6000000082560960705
6000000082567339956
6000000082574023952
6000000082602256922
6000000082641999478
6000000082642238426
6000000082643768018
6000000082644155922
6000000082644266833
6000000082644302844
6000000082661197847
6000000082749190374
6000000082776552983
6000000082814726935
6000000082823770392
6000000082825638831
6000000082825669852
6000000082834486995
6000000082866528998
6000000082917079120
6000000082917286928
6000000083003295825
6000000083058987612
6000000083059649003
6000000083092529881
6000000083100478906
6000000083136882823
6000000083162926001
6000000083163327877
6000000083202657318
6000000083206698036
6000000083266208551
6000000083267935099
6000000083268679875
6000000083271343714
6000000083283455111
6000000083448395252
6000000083541328799
6000000083541584682
6000000083542029866
6000000083542222821
6000000083542406109
6000000083603049877
6000000083643580524
6000000083682496045
6000000083684973907
6000000083697376191
6000000083698817381
6000000083710021326
6000000083713094662
6000000083713417682
6000000083713834155
6000000083714331953
6000000083727353044
6000000083727502051
6000000083728170821
6000000083735733428
6000000083735773329
6000000083736005260
6000000083736257982
6000000083736466034
6000000083736664831
6000000083736845174
6000000083737158116
6000000083737160032
6000000083737530890
6000000083744454831
6000000083744554884
6000000083744588027
6000000083744630131
6000000083744674215
6000000083744869117
6000000083744915824
6000000083744938160
6000000083745141922
6000000083747112861
6000000083747559243
6000000083747661104
6000000083747972007
6000000083748327916
6000000083763107436
6000000083763298179
6000000083763326385
6000000083763921047
6000000083763923209
6000000083764253130
6000000083764322034
6000000083764483080
6000000083764574924
6000000083764756957
6000000083764842899
6000000083765359036
6000000083766257626
6000000083766373784
6000000083766459814
6000000083766734060
6000000083766836196
6000000083766864232
6000000083766864341
6000000083766871249
6000000083767029162
6000000083767115056
6000000083767139794
6000000083767150002
6000000083767232938
6000000083767246099
6000000083767275964
6000000083767284075
6000000083767330877
6000000083767387945
6000000083767417956
6000000083767443821
6000000083767532831
6000000083767552933
6000000083767585699
6000000083767780866
6000000083768023629
6000000083768038183
6000000083768099429
6000000083768113499
6000000083768188277
6000000083768212319
6000000083768234365
6000000083768281490
6000000083768379415
6000000083768532390
6000000083768566127
6000000083768609061
6000000083768659625
6000000083768686318
6000000083768686365
6000000083768732973
6000000083768739389
6000000083768762901
6000000083768798861
6000000083768806529
6000000083768826487
6000000083768897881
6000000083768937435
6000000083769001850
6000000083769063980
6000000083769135432
6000000083769283983
6000000083769303832
6000000083769335999
6000000083769360202
6000000083769381913
6000000083769443102
6000000083769446164
6000000083769448141
6000000083769462925
6000000083769502379
6000000083769520189
6000000083769538061
6000000083769584057
6000000083769739958
6000000083769757910
6000000083769776945
6000000083769823891
6000000083769866871
6000000083769896119
6000000083769971353
6000000083770016450
6000000083770024055
6000000083770057937
6000000083770061018
6000000083770142853
6000000083770200334
6000000083770201305
6000000083770243864
6000000083770322949
6000000083770355207
6000000083770408849
6000000083770411862
6000000083770455911
6000000083770491924
6000000083770495055
6000000083770618971
6000000083770622844
6000000083770690055
6000000083770707262
6000000083770712120
6000000083770777871
6000000083770867988
6000000083770881121
6000000083770892073
6000000083770896484
6000000083770903003
6000000083770911908
6000000083770920992
6000000083770924917
6000000083770932029
6000000083770940926
6000000083770978266
6000000083770994147
6000000083770998959
6000000083771014101
6000000083771035020
6000000083771055856
6000000083771100032
6000000083771116833
6000000083771194902
6000000083771198026
6000000083771232081
6000000083771265821
6000000083771330876
6000000083771345885
6000000083771422057
6000000083771465864
6000000083771480908
6000000083771486841
6000000083771585057
6000000083771594110
6000000083771601624
6000000083771668850
6000000083771822521
6000000083772292652
6000000083772536166
6000000083772606593
6000000083772611475
6000000083772718032
6000000083772791968
6000000083772799015
6000000083772801088
6000000083772885051
6000000083772900937
6000000083772964330
6000000083772999950
6000000083773037044
6000000083773046947
6000000083773060918
6000000083773110826
6000000083773121381
6000000083773135846
6000000083773141897
6000000083773142846
6000000083773262858
6000000083773272100
6000000083773295113
6000000083773338837
6000000083773346214
6000000083773367839
6000000083773374171
6000000083773408077
6000000083773410893
6000000083773432998
6000000083773562941
6000000083773565936
6000000083773574090
6000000083773654950
6000000083773837000
6000000083773942971
6000000083773997870
6000000083774078906
6000000083774096902
6000000083774369872
6000000083774387821
6000000083774452839
6000000083774601863
6000000083774673834
6000000083774727846
6000000083774908211
6000000083774939987
6000000083775020592
6000000083775024664
6000000083775117407
6000000083775156208
6000000083775705351
6000000083775896182
6000000083777356514
6000000083777413764
6000000083777634469
6000000083777656424
6000000083778056307
6000000083778234179
6000000083778331079
6000000083778456180
6000000083778461005
6000000083778480009
6000000083778676889
6000000083781741634
6000000083782027186
6000000083782270579
6000000083782433436
6000000083782435344
6000000083782510275
6000000083782510326
6000000083782780120
6000000083782936117
6000000083783022024
6000000083783110034
6000000083783268860
6000000083783480824
6000000083783606869
6000000083787266487
6000000083789074194
6000000083792373566
6000000083792415631
6000000083792640425
6000000083792825256
6000000083792869177
6000000083793393975
6000000083793444135
6000000083793627931
6000000083793677870
6000000083795074177
6000000083795111269
6000000083795468026
6000000083797154869
6000000083800655109
6000000083800950966
6000000083802439821
6000000083802541852
6000000083818177804
6000000083819907040
6000000083819965999
6000000083821300374
6000000083821318323
6000000083821556359
6000000083821631355
6000000083821664377
6000000083821919069
6000000083821944299
6000000083822192903
6000000083822229830
6000000083822812099
6000000083823047836
6000000083824490540
6000000083824962200
6000000083825078138
6000000083825514353
6000000083825535933
6000000083825751828
6000000083826044992
6000000083826294149
6000000083826735872
6000000083840932063
6000000083841276984
6000000083851152856
6000000083853242855
6000000083853629945
6000000083862762902
6000000083863381378
6000000083875085645
6000000083898912037
6000000083937693833
6000000083948506511
6000000083949456254
6000000083949984136
6000000083954007607
6000000083954054131
6000000083954326775
6000000083955835608
6000000083977876287
6000000083977881527
6000000083978377856
6000000083978398581
6000000083978745932
6000000083979239175
6000000083979344124
6000000083997708999
6000000083997933939
6000000083998124886
6000000084000459420
6000000084021296935
6000000084022415738
6000000084023303307
6000000084041091520
6000000084074590448
6000000084075342984
6000000084075598930
6000000084207728260
6000000084209242541
6000000084210386937
6000000084233064134
6000000084233229980
6000000084236009685
6000000084236802983
6000000084236960847
6000000084237290871
6000000084237309851
6000000084240243871
6000000084309428267
6000000084310074951
6000000084310135938
6000000084349135056
6000000084349144055
6000000084349249111
6000000084349478898
6000000084367678562
6000000084368220296
6000000084409791709
6000000084409870744
6000000084410113622
6000000084410244512
6000000084410380400
6000000084410680166
6000000084410894321
6000000084410994167
6000000084411142315
6000000084411326829
6000000084411889822
6000000084416968330
6000000084417034212
6000000084438521821
6000000084457558821
6000000084468729389
6000000084471357200
6000000084510823600
6000000084511024290
6000000084511242012
6000000084567424958
6000000084568041885
6000000084573720985
6000000084575302907
6000000084579507971
6000000084580463089
6000000084580888266
6000000084581529090
6000000084582573894
6000000084595623372
6000000084596670032
6000000084610335018
6000000084610471854
6000000084611103554
6000000084612586234
6000000084613270977
6000000084613319889
6000000084616562126
6000000084619981270
6000000084621653043
6000000084621711938
6000000084622187920
6000000084646765922
6000000084646822856
6000000084647846508
6000000084648044421
6000000084650059922
6000000084672752216
6000000084673293821
6000000084816046863
6000000084839941743
6000000084844777968
6000000084844801024
6000000084884237813
6000000084887744899
6000000084936203873
6000000084962426839
6000000084971704838
6000000084985990982
6000000084986113066
6000000084996263626
6000000084996356938
6000000084999021876
6000000085013505253
6000000085013626169
6000000085013829043
6000000085013901881
6000000085047358986
6000000085049702886
6000000085088951844
6000000085089071870
6000000085089132850
6000000085089149824
6000000085089261821
6000000085114758522
6000000085115339008
6000000085115463892
6000000085116231987
6000000085116311105
6000000085116361954
6000000085118236204
6000000085118435112
6000000085118547706
6000000085118607954
6000000085118858667
6000000085118894773
6000000085118915114
6000000085119178928
6000000085119594231
6000000085120077836
6000000085131282112
6000000085131366031
6000000085132114893
6000000085132446006
6000000085133624021
6000000085133978882
6000000085134029882
6000000085136190821
6000000085140088991
6000000085144774911
6000000085144802130
6000000085145423158
6000000085145477903
6000000085145872873
6000000085145876284
6000000085145896248
6000000085146005821
6000000085146039921
6000000085146246865
6000000085146424847
6000000085147461034
6000000085147565907
6000000085147686857
6000000085147846841
6000000085154223992
6000000085161702886
6000000085202899612
6000000085203401382
6000000085204119100
6000000085204326077
6000000085207435270
6000000085208507935
6000000085218669476
6000000085219147822
6000000085219472103
6000000085220576864
6000000085220600830
6000000085220600854
6000000085242134875
6000000085242271825
6000000085247724986
6000000085252170887
6000000085290868091
6000000085291951858
6000000085292065979
6000000085292123852
6000000085292456906
6000000085292715861
6000000085293656994
6000000085294006878
6000000085294028896
6000000085294078859
6000000085294357821
6000000085297248179
6000000085297686101
6000000085297746023
6000000085297853056
6000000085298943059
6000000085299697851
6000000085299740869
6000000085306011043
6000000085306025105
6000000085306443031
6000000085309576141
6000000085310077069
6000000085310794854
6000000085310926821
6000000085311720018
6000000085312507879
6000000085312722821
6000000085314468997
6000000085314700885
6000000085314951842
6000000085315066836
6000000085317762945
6000000085318109856
6000000085318111860
6000000085380015075
6000000085380068869
6000000085380635955
6000000085381309851
6000000085381426821
6000000085398237098
6000000085398296115
6000000085398642000
6000000085398803856
6000000085398913943
6000000085401486864
6000000085536190084
6000000085604867999
6000000085707457968
6000000085710559905
6000000085710746851
6000000085759989022
6000000085760074918
6000000085760138823
6000000085760292831
6000000085818237856
6000000085818376849
6000000085826092266
6000000085826438004
6000000085827060952
6000000085827345835
6000000085872106974
6000000085872253920
6000000085872442845
6000000085908983977
6000000085909227887
6000000085909282929
6000000085909307903
6000000085909423915
6000000085910772090
6000000085910877040
6000000085911045010
6000000085911260856
6000000085911262053
6000000085911301880
6000000085911438840
6000000086030204174
6000000086030514914
6000000086068976966
6000000086069383877
6000000086069546881
6000000086220943853
6000000086226831068
6000000086227200865
6000000086227390863
6000000086304533256
6000000086304599138
6000000086305222862
6000000086305331949
6000000086308374836
6000000086459077907
6000000086462592848
6000000086465025974
6000000086471887847
6000000086474906193
6000000086475567165
6000000086475814905
6000000086476001911
6000000086476143833
6000000086476239876
6000000086476469869
6000000086476493877
6000000086485366878
6000000086502180821
6000000086545660997
6000000086582163216
6000000086583514864
6000000086583516016
6000000086667034857
6000000086713903052
6000000086856512948
6000000086892454936
6000000086895973163
6000000086897018947
6000000086900564859
6000000086908605836
6000000086915826967
6000000086916097176
6000000086916368853
6000000086916963920
6000000086917038030
6000000086917195853
6000000086931496894
6000000086942162941
6000000086944219893
6000000086944562903
6000000086944578972
6000000086950374906
6000000087025802881
6000000087025854911
6000000087098288957
6000000087098405944
6000000087116582200
6000000087140772841
6000000087267985068
6000000087305191839
6000000087453090977
6000000087462224918
6000000087462456002
6000000087462685947
6000000087463091822
6000000087463187851
6000000087463372870
6000000087464433839
6000000087465541854
6000000087465550846
6000000087468065821
6000000087468139880
6000000087468301861
6000000087468779940
6000000087468806844
6000000087473897162
6000000087474989943
6000000087475232875
6000000087475359834
6000000087475382885
6000000087475383882
6000000087475475835
6000000087475546828
6000000087475598825
6000000087475697906
6000000087475758843
6000000087475995902
6000000087476089867
6000000087476154826
6000000087476205839
6000000087476606827
6000000087477632821
6000000087478941901
6000000087479115880
6000000087479194821
6000000087479309882
6000000087479645858
6000000087479653871
6000000087479834825
6000000087484186826
6000000087484214855
6000000087484530873
6000000087484681868
6000000087484738870
6000000087484856821
6000000087488042884
6000000087496150933
6000000087503931984
6000000087504374823
6000000087596140080
6000000087700654298
6000000087709368904
6000000087710313822
6000000087784470821
6000000087812776176
6000000087855738927
6000000087857813068
6000000087899342200
6000000087899888009
6000000087900467870
6000000087903356316
6000000087903806240
6000000087904702857
6000000087904765910
6000000087905084885
6000000088009958970
6000000088010536834
6000000088010647821
6000000088089650030
6000000088090195832
6000000088090262821
6000000088194363827
6000000088195222847
6000000088195399847
6000000088371400911
6000000088371570858
6000000088372900821
6000000088482982832
6000000088483562891
6000000088560147280
6000000088561060078
6000000088674536864
6000000088860394848
6000000088860452836
6000000088935866858
6000000089048164821
6000000089134813916
6000000089139097827
6000000089142843821
6000000089232141843
6000000089232612835
6000000089243295882
6000000089244178954
6000000089473807344
6000000089625405842
6000000089625793884
6000000089753798851
6000000089824051242
6000000089825860878
6000000089825945964
6000000089826021891
6000000089826035933
6000000089850135089
6000000089924036860
6000000089924464842
6000000089930170145
6000000090027405020
6000000090027611889
6000000090027613894
6000000090027620885
6000000090080428076
6000000090311716022
6000000090312748919
6000000090446444869
6000000090549366939
6000000090550730897
6000000090612245908
6000000090613285232
6000000090614117055
6000000090614696890
6000000090657286997
6000000090659739891
6000000090726275370
6000000090726622204
6000000090727188072
6000000090727323022
6000000090727824072
6000000090728188833
6000000090728202837
6000000090728472866
6000000090811993356
6000000090870992032
6000000090872629842
6000000090996566607
6000000090997984943
6000000091000819243
6000000091001256994
6000000091001518840
6000000091022919004
6000000091026399060
6000000091141020844
6000000091185732089
6000000091186042866
6000000091212211498
6000000091212781621
6000000091214666202
6000000091377417541
6000000091377522408
6000000091378000115
6000000091378131264
6000000091378388117
6000000091378532104
6000000091378534085
6000000091378691935
6000000091378865002
6000000091378983863
6000000091402221856
6000000091500941957
6000000091500983009
6000000091501713949
6000000091502984907
6000000091503190889
6000000091503308828
6000000091632453181
6000000091634114365
6000000091634480821
6000000091634553878
6000000091635323204
6000000091636532100
6000000091636927899
6000000091657757239
6000000091658789876
6000000091659048881
6000000091659073888
6000000091672849942
6000000091672894979
6000000091673025878
6000000091706348869
6000000091706378943
6000000091768192201
6000000091796726860
6000000091833585982
6000000091833857861
6000000091838932182
6000000091839093309
6000000091840020945
6000000091840320835
6000000091841182970
6000000091841487924
6000000091842396844
6000000091852810055
6000000091986594915
6000000091987589002
6000000092114374363
6000000092114830872
6000000092176914070
6000000092273372957
6000000092273515248
6000000092274236996
6000000092274950813
6000000092275356364
6000000092276589945
6000000092276722842
6000000092276743848
6000000092276842870
6000000092288467171
6000000092445470918
6000000092559846909
6000000092563814937
6000000092582113590
6000000092583162834
6000000092629364457
6000000092632794945
6000000092665187598
6000000092666227956
6000000092666435319
6000000092667051073
6000000092671027504
6000000092684175310
6000000092688335916
6000000092735708886
6000000092736155821
6000000092909848159
6000000092912776834
6000000093049225911
6000000093348544966
6000000093392372132
6000000093393485835
6000000093562423457
6000000093563288948
6000000093563533868
6000000093565091014
6000000093586209853
6000000093599019896
6000000093810420823
6000000093811616821
6000000093813069821
6000000093887571729
6000000093888004696
6000000093893865887
6000000093910840968
6000000093950252338
6000000094098484849
6000000094167613899
6000000094167613909
6000000094167613913
6000000094167613917
6000000094167613925
6000000094167613929
6000000094167613937
6000000094167613940
6000000094197630857
6000000094317656956
6000000094444826040
6000000094445531931
6000000094606422982
6000000094638364895
6000000094640643845
6000000095094150931
6000000095095246821
6000000095369457833
6000000095394906821
6000000095721927034
6000000095745157020
6000000095746314881
6000000095897287169
6000000095899510847
6000000096053728515
6000000096198302787
6000000096200822003
6000000096338169893
6000000096569594847
6000000096678281034
6000000096679043960
6000000096679488942
6000000096999149834
6000000097059864914
6000000097127576974
6000000097128186821
6000000097128233831
6000000097133292825
6000000097503508836
6000000097503550873
6000000097700568276
6000000097701492468
6000000097702131278
6000000097702480143
6000000097703961867
6000000097787455821
6000000097787472825
6000000097789205838
6000000097789447828
6000000098047137658
6000000098166457835
6000000099053695832
6000000099058736822
6000000099058860832
6000000099059186834
6000000099060235838
6000000099060391823
6000000099061773826
6000000099071820830
6000000099071991823
6000000099073004821
6000000099073596821
6000000099193890848
6000000099195110031
6000000099269819025
6000000099271212878
6000000099271224934
6000000099271515869
6000000099284742850
6000000099715627112
6000000099715627136
6000000099715627160
6000000099715627188
6000000099788823887
6000000099928965895
6000000099929644964
6000000099929870031
6000000099929878993
6000000099930029895
6000000099930051862
6000000099930133866
6000000099930168838
6000000099958977822
6000000099958977828
6000000099958977843
6000000099958977910
6000000099958977924
6000000099958977965
6000000100147232534
6000000100147712184
6000000100148171101
6000000100148975863
6000000100149897837
6000000100232343979
6000000100233626909
6000000100296408844
6000000100297783887
6000000100714284397
6000000100718210912
6000000100731429882
6000000100747968016
6000000100748233893
6000000100748710875
6000000100749358839
6000000100749573877
6000000100753848851
6000000100753902824
6000000100808341873
6000000100809930917
6000000100977576076
6000000101032835973
6000000101033059023
6000000101045988830
6000000101087429869
6000000101143876849
6000000101144758824
6000000101320104872
6000000101475729911
6000000101476121847
6000000101613069012
6000000101614727825
6000000101624064944
6000000101624587844
6000000101839393020
6000000101882631835
6000000102044720894
6000000102045075130
6000000102045388833
6000000102045770006
6000000102046263899
6000000102046554091
6000000102047837857
6000000102331883068
6000000102332974946
6000000102334395833
6000000102338347142
6000000102339122969
6000000102339202961
6000000102339631109
6000000102493200822
6000000102497708937
6000000102497709211
6000000102659646836
6000000102674727862
6000000102674862833
6000000102677727877
6000000102685432947
6000000102709885153
6000000102735011986
6000000102735904950
6000000102746594041
6000000102747360893
6000000102751565946
6000000102751576079
6000000102752051027
6000000102753549889
6000000102839711379
6000000102849544921
6000000103215348853
6000000103226866213
6000000103228567171
6000000103228964184
6000000103229343022
6000000103229472821
6000000103229705915
6000000103288711022
6000000103297347850
6000000103298010834
6000000103298010850
6000000103298325872
6000000103298325887
6000000103299594822
6000000103299649861
6000000103299816822
6000000103299816838
6000000103300391853
6000000103396426928
6000000103396427048
6000000103396427059
6000000103396427065
6000000103396757833
6000000103421046341
6000000103465917821
6000000103482215933
6000000103484463939
6000000103484914864
6000000103487481961
6000000103629863914
6000000103631775087
6000000103633312857
6000000103633804903
6000000103658047832
6000000103658089899
6000000103835382616
6000000103837819845
6000000103963093125
6000000103963134976
6000000103964468821
6000000103964892986
6000000103964934143
6000000104006434848
6000000104022874821
6000000104128941866
6000000104130435821
6000000104607544822
6000000104607544837
6000000104607957878
6000000104610472071
6000000104629345211
6000000104696627859
6000000104703404862
6000000104703821858
6000000104703821870
6000000104703821888
6000000104703821892
6000000104703821898
6000000104703821984
6000000104703821993
6000000104703821997
6000000104703822003
6000000104703822009
6000000104704160834
6000000104704160931
6000000104704160934
6000000104704160937
6000000104704160940
6000000104704160944
6000000104704160947
6000000104704160951
6000000104704160955
6000000104704160959
6000000104704160962
6000000104704160973
6000000104904073013
6000000104904298976
6000000104905412880
6000000104905643828
6000000104911010887
6000000104911102845
6000000104911277854
6000000104945661043
6000000104947206942
6000000104947377995
6000000104948109951
6000000104948309843
6000000104956307907
6000000104956595832
6000000105299002892
6000000105414786157
6000000105423670254
6000000105429503900
6000000105429807135
6000000105431516016
6000000105431595967
6000000105432138921
6000000105432158020
6000000105432319881
6000000105432794895
6000000105432832939
6000000105432992917
6000000105440290043
6000000105440541994
6000000105497604190
6000000105545426851
6000000105780299038
6000000105781566938
6000000105783552112
6000000105787994841
6000000105792646996
6000000105793974821
6000000105794546899
6000000105796916844
6000000105798749392
6000000105799832278
6000000105800580327
6000000105801362062
6000000105801469093
6000000105802061923
6000000105848250525
6000000105848794155
6000000105850190632
6000000105850912012
6000000105851256885
6000000105851720830
6000000105851776971
6000000105852233858
6000000105854017911
6000000105854333854
6000000105855087826
6000000105855104829
6000000105856674945
6000000105896268054
6000000105896914950
6000000105929895922
6000000105989947132
6000000106458450850
6000000106656703382
6000000106658955874
6000000106675532225
6000000106677940858
6000000106935583171
6000000106937158017
6000000106944602837
6000000106949575837
6000000107064891248
6000000107066393026
6000000107316009821
6000000107325503836
6000000107326686877
6000000107337054833
6000000107453860105
6000000107454684027
6000000107455104038
6000000107561971040
6000000107599011234
6000000107602247868
6000000107798040849
6000000107813075882
6000000107813247865
6000000107928276102
6000000107929886884
6000000107942678037
6000000107943097932
6000000107943920940
6000000108131214865
6000000108375747886
6000000108378526821
6000000108378530837
6000000108383594871
6000000108384148945
6000000108384735821
6000000108384904912
6000000108385133978
6000000108386278841
6000000108401905847
6000000108663261821
6000000108664878886
6000000108731851911
6000000108765513853
6000000108869312843
6000000108869312859
6000000108869312865
6000000108869312870
6000000108869312875
6000000108869312912
6000000108869312927
6000000108876241821
6000000108876363823
6000000109042844827
6000000109042844838
6000000109042844843
6000000109042844861
6000000109042844872
6000000109042844877
6000000109042844883
6000000109042844895
6000000109042844900
6000000109042844920
6000000109042844925
6000000109042844929
6000000109042844934
6000000109042844938
6000000109042844947
6000000109042844951
6000000109042844955
6000000109042844960
6000000109042897822
6000000109042897826
6000000109042897829
6000000109042897836
6000000109042897839
6000000109042912822
6000000109042912825
6000000109042912828
6000000109042923825
6000000109042923831
6000000109042923834
6000000109042923839
6000000109042923842
6000000109042923852
6000000109042930822
6000000109042930829
6000000109042930832
6000000109042930835
6000000109042930841
6000000109117216894
6000000109117216922
6000000109121074897
6000000109132952877
6000000109132952882
6000000109132952913
6000000109132952918
6000000109132952923
6000000109132952928
6000000109135777970
6000000109153172822
6000000109252344829
6000000109266356944
6000000109268086897
6000000109268201975
6000000109279055920
6000000109279055955
6000000109279055960
6000000109279055965
6000000109293774898
6000000109293774904
6000000109296103995
6000000109296727892
6000000109296727898
6000000109296727904
6000000109296727929
6000000109296727945
6000000109296727951
6000000109489051834
6000000109670288842
6000000109791627853
6000000109791627857
6000000109791627873
6000000109791627877
6000000109816670845
6000000109840728234
6000000109841669116
6000000109841937923
6000000109847863946
6000000109848021875
6000000109848114821
6000000110034841833
6000000110034841853
6000000110034841864
6000000110034841872
6000000110034841880
6000000110034841888
6000000110034841896
6000000110034841921
6000000110034841932
6000000110034841937
6000000110034841942
6000000110067530947
6000000110227501922
6000000110227595841
6000000110455678833
6000000110456086845
6000000110456268974
6000000110456308847
6000000110456702833
6000000110457256821
6000000110555710842
6000000110555797848
6000000110556354821
6000000110591976841
6000000110592000862
6000000110592090822
6000000111115040918
6000000111124812968
6000000111124821934
6000000111124991872
6000000111128895011
6000000111175965837
6000000111188528071
6000000111188801117
6000000111189165908
6000000111198829843
6000000111243941001
6000000111244389950
6000000111248543082
6000000111743175884
6000000111746003821
6000000111746171990
6000000111746303823
6000000111750695028
6000000111808740895
6000000111809895866
6000000111815192914
6000000111815300906
6000000111867954831
6000000111869479862
6000000111869520873
6000000111869520886
6000000111869520892
6000000111869520898
6000000111954044019
6000000111954044025
6000000111954044171
6000000111954044177
6000000111954044182
6000000111954044188
6000000111954044194
6000000111954044317
6000000111955383822
6000000112135429866
6000000112318123831
6000000112318307863
6000000112318313850
6000000112318592822
6000000112573007837
6000000112680945862
6000000112830550670
6000000112859817976
6000000112860820863
6000000112861971893
6000000112862483106
6000000112862486967
6000000112862689855
6000000112862838912
6000000112863177893
6000000112911628039
6000000112926958689
6000000112927917182
6000000112927932106
6000000113063592832
6000000113089636867
6000000113150037097
6000000113150045532
6000000113150249035
6000000113151991821
6000000113152192862
6000000113152196895
6000000113158730090
6000000113161650963
6000000113164681836
6000000113182673087
6000000113183327083
6000000113183618396
6000000113185129024
6000000113185344943
6000000113185709855
6000000113185741892
6000000113185840849
6000000113186121903
6000000113186159821
6000000113186204838
6000000113186344825
6000000113186364833
6000000113189787879
6000000113190144821
6000000113305081836
6000000113330861855
6000000113331258833
6000000113331529851
6000000113331732825
6000000113332574890
6000000113332740908
6000000113559991114
6000000113599659314
6000000113599956936
6000000113601146848
6000000113723606255
6000000113742215904
6000000113777026092
6000000113777483846
6000000113779061852
6000000113880554837
6000000113885937182
6000000113886782914
6000000113890793096
6000000113890977086
6000000113891156081
6000000113892347821
6000000114072631776
6000000114074196118
6000000114074407890
6000000114074670860
6000000114075136023
6000000114218741961
6000000114298757874
6000000114346476067
6000000114444619873
6000000114451841913
6000000114452373835
6000000114452390854
6000000114452393915
6000000114452424846
6000000114452496842
6000000114452833849
6000000114452900874
6000000114452973931
6000000114457156389
6000000114457469191
6000000114458435982
6000000114458689951
6000000114458741843
6000000114458891863
6000000114459121851
6000000114459125884
6000000114459158869
6000000114459193874
6000000114459485036
6000000114460048837
6000000114460081888
6000000114462116888
6000000114464003989
6000000114464462840
6000000114527459742
6000000114555692821
6000000114621175179
6000000114621429841
6000000114621617839
6000000114645943948
6000000114645943987
6000000114645944002
6000000114645944019
6000000114645944107
6000000114645944123
6000000114645944128
6000000114645944164
6000000114646998859
6000000114646998863
6000000114646998867
6000000114646998899
6000000114646998910
6000000114646998914
6000000114646998919
6000000114646998975
6000000114646998988
6000000114646998992
6000000114646999002
6000000114646999022
6000000114646999026
6000000114646999049
6000000114646999058
6000000114646999068
6000000114646999073
6000000114646999080
6000000114646999097
6000000114646999102
6000000114646999118
6000000114646999146
6000000114646999154
6000000114646999162
6000000114646999167
6000000114646999176
6000000114646999187
6000000114647383957
6000000114647384014
6000000114647384071
6000000114647384078
6000000114647542885
6000000114647542893
6000000114648255843
6000000114648255852
6000000114648255875
6000000114648255879
6000000114648346883
6000000114648831822
6000000114648991986
6000000114648991991
6000000114648991996
6000000114648992001
6000000114648992006
6000000114690237023
6000000114690315822
6000000114690315866
6000000114690532831
6000000114690744822
6000000114690744828
6000000114690831822
6000000114691213822
6000000114691283941
6000000114691283948
6000000114691283955
6000000114704304860
6000000114706074881
6000000114706615834
6000000114706615865
6000000114706722822
6000000114706722828
6000000114706722835
6000000114706722846
6000000114706722856
6000000114706722866
6000000114706722877
6000000114708246940
6000000114708246944
6000000114709178013
6000000114709178085
6000000114768400840
6000000114768400896
6000000114769849954
6000000114770530843
6000000114811976954
6000000114812158854
6000000114812518867
6000000114812645834
6000000114812645857
6000000114812645868
6000000114812690977
6000000114812935214
6000000114812935224
6000000114812935247
6000000114813425870
6000000114817839845
6000000114821709876
6000000114856846131
6000000114872807036
6000000114872967834
6000000114872986840
6000000114873188821
6000000114873494878
6000000114873942835
6000000114899545838
6000000114900243821
6000000114904524842
6000000114908796828
6000000114912335822
6000000114913897965
6000000114915365878
6000000115012756829
6000000115186656828
6000000115219538942
6000000115229692867
6000000115229692879
6000000115229692902
6000000115229776838
6000000115229776862
6000000115229776873
6000000115229914822
6000000115229914829
6000000115229914842
6000000115229963865
6000000115229963882
6000000115229963887
6000000115229963892
6000000115229963902
6000000115251750178
6000000115252954861
6000000115253853875
6000000115294811407
6000000115294834584
6000000115296692908
6000000115310403892
6000000115310521849
6000000115311122831
6000000115413541854
6000000115413541862
6000000115413541879
6000000115413541889
6000000115413541895
6000000115413541905
6000000115413541915
6000000115413541918
6000000115413709888
6000000115413709897
6000000115413709906
6000000115413842828
6000000115413982958
6000000115415431822
6000000115415431827
6000000115415567822
6000000115415709830
6000000115416163822
6000000115416620822
6000000115416620829
6000000115418956990
6000000115418957002
6000000115418957014
6000000115420027973
6000000115420180885
6000000115420461998
6000000115420462110
6000000115420462122
6000000115420462128
6000000115420462151
6000000115420462163
6000000115420765849
6000000115420812895
6000000115421353875
6000000115423291995
6000000115423529001
6000000115423586928
6000000115423719855
6000000115430050061
6000000115430071104
6000000115430235821
6000000115430330835
6000000115430601862
6000000115431164866
6000000115431323880
6000000115431383836
6000000115431608962
6000000115431784821
6000000115431871834
6000000115432265878
6000000115432379036
6000000115432726824
6000000115534714457
6000000115535869956
6000000115540143862
6000000115567624862
6000000115567914829
6000000115568095821
6000000115568334848
6000000115570182844
6000000115698486856
6000000115771219840
6000000115771219873
6000000115771219883
6000000115771219893
6000000115771219903
6000000115772846896
6000000115775045822
6000000115775045838
6000000115775045848
6000000115775045858
6000000115775045868
6000000115775045878
6000000115775739892
6000000115778524861
6000000115778524866
6000000115778524871
6000000115778524876
6000000115778524881
6000000115778524899
6000000115778524993
6000000115778525025
6000000115778525044
6000000115778525065
6000000115778525079
6000000115778525091
6000000115824765822
6000000115825068838
6000000115825068867
6000000115825068873
6000000115825068883
6000000115825068893
6000000115825068903
6000000115825521170
6000000115825840928
6000000115826039933
6000000115826039952
6000000115828480821
6000000115828531821
6000000115833731881
6000000115904149837
6000000115921577831
6000000115921831827
6000000115921993844
6000000115922240821
6000000115932170826
6000000115932794821
6000000115933135833
6000000115933518847
6000000115933948833
6000000115935995843
6000000115936455821
6000000115936680830
6000000115937465833
6000000115937846821
6000000115938493821
6000000115939077821
6000000115939875821
6000000115955310825
6000000116219738826
6000000116219800844
6000000116219800856
6000000116219800868
6000000116219800890
6000000116219800900
6000000116219800911
6000000116219800922
6000000116219800959
6000000116219800969
6000000116219800974
6000000116219800980
6000000116219800990
6000000116222499862
6000000116222728822
6000000116314177012
6000000116314402964
6000000116314777833
6000000116321857101
6000000116322734944
6000000116322797864
6000000116326130207
6000000116326139090
6000000116678972159
6000000116679552835
6000000116679675896
6000000116763568850
6000000116764068824
6000000116764136836
6000000116798889835
6000000116851021027
6000000116851332009
6000000116852599866
6000000116886646962
6000000116886689837
6000000116887082859
6000000116887345881
6000000116887428016
6000000116887507830
6000000116887912833
6000000116888179827
6000000116888297906
6000000116888363860
6000000116890393930
6000000116890625887
6000000116939391822
6000000116939999858
6000000116987925860
6000000117141270897
6000000117141761993
6000000117143098194
6000000117143583887
6000000117158550830
6000000117159278838
6000000117163625834
6000000117168705897
6000000117197819936
6000000117197820193
6000000117197820211
6000000117197820229
6000000117624482924
6000000117624729838
6000000117625041829
6000000117625208854
6000000117625216822
6000000117625226874
6000000117625276841
6000000117625518827
6000000117625968143
6000000117636584876
6000000117636754081
6000000117638785880
6000000117639746994
6000000117640067021
6000000117640354928
6000000117730542822
6000000117736819834
6000000117736819841
6000000117739363844
6000000117748196046
6000000117748799848
6000000117823479863
6000000117835573271
6000000117836359938
6000000117836396981
6000000117836481935
6000000117836662030
6000000117836880947
6000000117836975884
6000000117837117841
6000000117837526902
6000000117837845916
6000000117838101942
6000000117838165920
6000000117840418857
6000000117841739834
6000000117841908828
6000000118002529821
6000000118207411916
6000000118208983991
6000000118209393853
6000000118209514877
6000000118209930891
6000000118210004823
6000000118372291138
6000000118372453981
6000000118372470939
6000000118372689892
6000000118373401824
6000000118373485842
6000000118373762896
6000000118373796856
6000000118374528956
6000000118375284935
6000000118545874845
6000000118823800701
6000000118974471821
6000000119751034821
6000000120102432863
6000000120383910238
6000000120385944848
6000000120387095905
6000000120387492845
6000000120387502850
6000000120387571828
6000000120598293845
6000000120650294467
6000000120650516098
6000000120650614954
6000000120652059821
6000000120668002859
6000000120674543850
6000000121395191936
6000000121558725939
6000000121560335891
6000000121560686223
6000000121560718977
6000000121560871978
6000000121561015979
6000000121561033882
6000000121561177863
6000000121561251921
6000000121561388927
6000000121561618938
6000000121561670824
6000000121561720978
6000000121561779899
6000000121561898826
6000000121562118860
6000000121562215826
6000000121562306843
6000000121562404843
6000000121562465956
6000000121562581866
6000000121562738946
6000000121563077853
6000000121563419833
6000000121577388215
6000000121582374849
6000000121582502844
6000000121591966899
6000000121593221832
6000000121601697975
6000000121602679822
6000000121602758880
6000000121603901080
6000000121734639915
6000000121738796823
6000000121739920845
6000000121740478821
6000000121740935839
6000000121741924821
6000000121744673821
6000000121745632833
6000000122027900009
6000000122213809833
6000000122216732965
6000000122216827865
6000000122494815893
6000000122513003344
6000000122529736914
6000000122768616012
6000000122768976916
6000000122769710821
6000000122769787826
6000000122769940822
6000000122802558182
6000000123013022049
6000000123013504996
6000000123239001813
6000000123461932876
6000000123689262108
6000000123689794911
6000000123942235856
6000000123950791848
6000000124256282845
6000000124318814767
6000000124321753092
6000000124321958893
6000000124322089966
6000000124322423870
6000000124322864880
6000000124322901968
6000000124323134944
6000000124434380112
6000000124434770934
6000000124435214899
6000000124483205863
6000000124483782929
6000000124483797835
6000000124559393477
6000000124574020843
6000000124574655821
6000000124647758914
6000000124647833905
6000000124647841870
6000000124647879822
6000000124683118966
6000000124684496871
6000000124684720855
6000000124685519823
6000000124685558836
6000000124685669822
6000000124978842381
6000000124979378601
6000000124979642122
6000000124980924906
6000000124981075871
6000000124981291852
6000000124981387012
6000000124981608822
6000000124982034875
6000000125042481219
6000000125042733386
6000000125042945172
6000000125043475908
6000000125043482609
6000000125043789005
6000000125043829859
6000000125043885838
6000000125044048507
6000000125044163924
6000000125044262821
6000000125044432006
6000000125044478879
6000000125044500851
6000000125044504831
6000000125044505034
6000000125044721889
6000000125044836024
6000000125044877903
6000000125045007911
6000000125045050908
6000000125045438821
6000000125045524832
6000000125045533880
6000000125045585911
6000000125045729853
6000000125045774901
6000000125045947876
6000000125046285840
6000000125046459114
6000000125046563875
6000000125046581830
6000000125046748027
6000000125046895896
6000000125046899862
6000000125047083925
6000000125047152848
6000000125047171989
6000000125047183822
6000000125047387914
6000000125047399880
6000000125047644882
6000000125047742821
6000000125047831886
6000000125047838841
6000000125048388999
6000000125048493908
6000000125048815843
6000000125049204875
6000000125049247824
6000000125049515821
6000000125051658821
6000000125190386009
6000000125190449911
6000000125190567901
6000000125190629914
6000000125190679974
6000000125190831869
6000000125190839907
6000000125190846869
6000000125190856841
6000000125190905887
6000000125190929888
6000000125191133942
6000000125268211421
6000000125268897150
6000000125269691106
6000000125269860073
6000000125269969231
6000000125270022177
6000000125270108060
6000000125270324995
6000000125270591050
6000000125270680974
6000000125270778844
6000000125270849051
6000000125270860827
6000000125271047825
6000000125271083863
6000000125271122821
6000000125345917365
6000000125350646905
6000000125351213891
6000000125351215989
6000000125351260996
6000000125351350855
6000000125351501821
6000000125351742821
6000000125351856857
6000000125351866839
6000000125352125841
6000000125352136822
6000000125352524835
6000000125352724864
6000000125353469821
6000000125353485857
6000000125354738821
6000000125373733925
6000000125434943923
6000000125436885824
6000000125437837884
6000000125438856840
6000000125439389827
6000000125440060833
6000000125440510821
6000000125440824836
6000000125442973826
6000000125443213826
6000000125460314837
6000000125600275022
6000000125628133841
6000000125659986246
6000000125667272119
6000000125671097826
6000000125672032843
6000000125672968833
6000000125674152834
6000000125679514067
6000000125680305968
6000000125681377831
6000000125682205821
6000000125682832821
6000000125685726826
6000000125687043821
6000000125688863822
6000000125689322821
6000000125690287829
6000000125690648829
6000000125692073821
6000000125692793836
6000000125731306833
6000000125731374827
6000000125965967893
6000000126132067889
6000000126134314155
6000000126169972892
6000000126170696842
6000000126171809050
6000000126189135956
6000000126189345906
6000000126338836826
6000000126441364845
6000000126441390871
6000000126473201050
6000000126474150842
6000000126474350821
6000000126474686209
6000000126475000026
6000000126475499940
6000000126476063833
6000000126476424851
6000000126476770832
6000000126476890857
6000000126476892821
6000000126476941845
6000000126477227821
6000000126478845848
6000000126478869843
6000000126479126872
6000000126490810907
6000000126492435829
6000000126493136833
6000000126497547911
6000000126499568826
6000000126501040825
6000000126644378275
6000000126645024200
6000000126646584016
6000000126647100955
6000000126647185082
6000000126647234969
6000000126647277864
6000000126647296034
6000000126647380874
6000000126647386880
6000000126647516973
6000000126647553002
6000000126647656999
6000000126647686890
6000000126647717837
6000000126647807881
6000000126647821934
6000000126647922823
6000000126647947853
6000000126648192858
6000000126648524843
6000000126671097128
6000000126671590893
6000000126671781885
6000000126671791881
6000000126671854828
6000000126705730197
6000000126707087854
6000000126707272973
6000000126707860844
6000000126708029827
6000000126708042828
6000000126708080891
6000000126708337846
6000000126708429844
6000000126708436879
6000000126864915890
6000000127071646822
6000000127071646829
6000000127071740845
6000000127071859822
6000000127071859842
6000000127071859869
6000000127071859873
6000000127071859877
6000000127071859882
6000000127071859885
6000000127071859890
6000000127072299832
6000000127072299840
6000000127072299851
6000000127072299861
6000000127112940318
6000000127115679590
6000000127116847979
6000000127118521156
6000000127118930101
6000000127120248845
6000000127120507831
6000000127120715936
6000000127120742909
6000000127121623823
6000000127121946840
6000000127122216823
6000000127123041846
6000000127123465836
6000000127123544162
6000000127123547928
6000000127124053868
6000000127124459912
6000000127125419967
6000000127125532821
6000000127125553858
6000000127126209821
6000000127126413821
6000000127126571844
6000000127126635878
6000000127126727108
6000000127127178821
6000000127127718833
6000000127127843032
6000000127127996856
6000000127128056821
6000000127128723836
6000000127128737822
6000000127128793827
6000000127129765852
6000000127129921840
6000000127130691841
6000000127130801821
6000000127131170825
6000000127131909821
6000000127132017844
6000000127132810821
6000000127133054821
6000000127379511821
6000000127380532867
6000000127380741821
6000000127382212866
6000000127383032880
6000000127478301887
6000000127479497827
6000000127479834821
6000000127482820833
6000000127612264890
6000000127628674623
6000000127629283080
6000000127629614076
6000000127629848922
6000000127629998920
6000000127630232911
6000000127630311955
6000000127630340942
6000000127630382902
6000000127630433875
6000000127630645016
6000000127630662191
6000000127630947821
6000000127631059908
6000000127631184865
6000000127631207934
6000000127631251822
6000000127631294858
6000000127631295841
6000000127631380031
6000000127631702858
6000000127631762947
6000000127631789883
6000000127631832909
6000000127631862871
6000000127631869854
6000000127631901885
6000000127631939884
6000000127631940885
6000000127632078976
6000000127632370892
6000000127632536928
6000000127632952919
6000000127632968992
6000000127633211856
6000000127633277850
6000000127633385000
6000000127633517147
6000000127633566895
6000000127633635009
6000000127633783884
6000000127633933840
6000000127633941344
6000000127634007993
6000000127634205841
6000000127634308997
6000000127634337871
6000000127634348939
6000000127634376101
6000000127634392823
6000000127634644039
6000000127634788962
6000000127634836845
6000000127634981928
6000000127635105833
6000000127635185099
6000000127635207833
6000000127635211141
6000000127635261928
6000000127635347043
6000000127635441859
6000000127635442872
6000000127635489821
6000000127635525827
6000000127635537833
6000000127635640099
6000000127635697962
6000000127635751905
6000000127635809850
6000000127635931832
6000000127636079870
6000000127636189851
6000000127636316838
6000000127636811875
6000000127636930945
6000000127636952906
6000000127637004900
6000000127637040905
6000000127637042113
6000000127637068821
6000000127637160822
6000000127637239993
6000000127637287319
6000000127637370857
6000000127637498829
6000000127637675906
6000000127637695898
6000000127637742823
6000000127637765914
6000000127637814870
6000000127637958837
6000000127638057821
6000000127638105847
6000000127638144834
6000000127638662863
6000000127639423766
6000000127641277191
6000000127641757533
6000000127642229340
6000000127642262035
6000000127642605486
6000000127642683549
6000000127642683650
6000000127642779050
6000000127642826150
6000000127642894028
6000000127643004427
6000000127643119920
6000000127643246855
6000000127643286017
6000000127643409940
6000000127643416906
6000000127643517877
6000000127643563940
6000000127643621185
6000000127643641873
6000000127643657088
6000000127643672821
6000000127643701038
6000000127643975866
6000000127644306949
6000000127644307860
6000000127644386925
6000000127644391913
6000000127644546822
6000000127644973887
6000000127645163848
6000000127645241883
6000000127645243899
6000000127645299975
6000000127645309878
6000000127645404967
6000000127645583867
6000000127645744889
6000000127645775942
6000000127645857821
6000000127645993898
6000000127646007857
6000000127646147936
6000000127646147949
6000000127646339938
6000000127646485885
6000000127646701844
6000000127647779973
6000000127648125823
6000000127648195827
6000000127806835007
6000000127807872868
6000000127911889885
6000000127914426834
6000000127927769940
6000000127928245839
6000000127928404853
6000000127928483134
6000000127928496918
6000000127928616999
6000000127928730858
6000000127929263828
6000000127929266887
6000000127929475845
6000000127929719868
6000000127930370821
6000000127930398841
6000000127930417828
6000000127930525844
6000000127931043834
6000000127931124834
6000000127931960826
6000000127931962839
6000000127932282821
6000000127932469821
6000000127932740871
6000000127933013865
6000000127933024824
6000000127933117853
6000000127933416823
6000000127933512862
6000000127933792821
6000000128127410864
6000000128128399821
6000000128128706821
6000000128595601908
6000000128671326832
6000000128671499823
6000000128671499907
6000000128671499918
6000000128671499929
6000000128671499940
6000000128671499947
6000000128671499958
6000000128671499969
6000000128671500001
6000000128671500011
6000000128671500021
6000000128671500033
6000000128671500043
6000000128982308896
6000000128982755827
6000000129142082891
6000000129268064968
6000000129381298961
6000000130104429822
6000000130104827871
6000000130237899863
6000000130238650914
6000000130239509853
6000000130431378856
6000000130543798843
6000000130996451823
6000000131266492849
6000000131317049903
6000000131343634902
6000000131344377079
6000000131344700848
6000000131567750864
6000000131647307954
6000000131647307960
6000000131698278343
6000000133098724951
6000000133174177844
6000000133373988006
6000000133374785869
6000000133388274875
6000000133389367976
6000000133765598244
6000000134327878193
6000000134328565033
6000000134328688123
6000000134328688169
6000000134328771960
6000000134328882321
6000000134329299874
6000000134329459974
6000000134329580863
6000000134329638868
6000000134329694836
6000000134329694963
6000000134329934862
6000000134329973850
6000000134547754160
6000000134646272226
6000000134647382945
6000000134647466836
6000000134647732036
6000000134647832823
6000000134647892880
6000000134647998917
6000000134648140882
6000000134664308051
6000000134664367037
6000000134665075913
6000000134670292036
6000000134670793011
6000000135023570031
6000000135257191294
6000000135290707839
6000000135291754826
6000000135392479054
6000000135393299929
6000000135396276831
6000000135537685091
6000000135538409113
6000000135538697052
6000000135539393904
6000000135539773831
6000000135539797873
6000000135539866843
6000000135540114899
6000000135540158877
6000000135540463833
6000000135541114911
6000000135541601859
6000000135541682867
6000000135541705888
6000000135545348937
6000000135561715012
6000000135561996992
6000000135562050953
6000000135562853847
6000000135565064851
6000000135565188848
6000000135566126019
6000000135566880903
6000000135588901921
6000000135589557982
6000000135589844839
6000000135615832863
6000000135616605827
6000000135616661897
6000000135618979066
6000000135666090180
6000000135748392076
6000000135768432119
6000000135769462021
6000000135769479887
6000000135770029029
6000000135770778897
6000000135771010891
6000000135771509945
6000000135771887829
6000000135829116912
6000000135829872908
6000000135880606835
6000000136196649821
6000000136198370821
6000000136206298821
6000000136273324102
6000000136289561408
6000000136291952886
6000000136292191879
6000000136293980320
6000000136294624997
6000000136295023899
6000000136295150845
6000000136295156944
6000000136297715850
6000000136300458920
6000000136385846832
6000000136526045822
6000000136526080835
6000000136532702840
6000000136533746868
6000000136533868883
6000000136533968846
6000000136533969879
6000000136534140824
6000000136537192873
6000000136537528874
6000000136820064860
6000000136852257824
6000000136892452821
6000000136912373283
6000000136917056822
6000000136925570515
6000000136960378869
6000000136974866022
6000000136975261825
6000000136978702872
6000000137021057847
6000000137021147821
6000000137022021850
6000000137022606876
6000000137022762886
6000000137022823822
6000000137023104914
6000000137024007821
6000000137033738215
6000000137037266850
6000000137037352868
6000000137037353824
6000000137037405851
6000000137037505822
6000000137037606821
6000000137037614824
6000000137037793838
6000000137037816829
6000000137038068821
6000000137039913845
6000000137039955843
6000000137040915860
6000000137041239821
6000000137122019927
6000000137123045821
6000000137163856847
6000000137242357840
6000000137340031838
6000000137534452434
6000000137538432889
6000000137538438868
6000000137538702823
6000000137561226853
6000000137561226903
6000000137565756947
6000000137572037825
6000000137586510073
6000000137586998938
6000000137587288834
6000000137587292866
6000000137624629075
6000000137625828895
6000000137626044903
6000000137626136829
6000000137626288847
6000000137626298841
6000000137626431821
6000000137626468821
6000000137626485844
6000000137626655853
6000000137627717892
6000000137627958936
6000000137628039827
6000000137628381867
6000000137628448860
6000000137628466869
6000000137628680821
6000000137628728826
6000000137628758822
6000000137653547825
6000000137668156853
6000000137668338822
6000000137669056824
6000000137669791922
6000000137669807837
6000000137686295829
6000000137686641069
6000000137687443821
6000000137687465845
6000000137687566828
6000000137687656843
6000000137691642834
6000000137693948874
6000000137695293857
6000000137696198832
6000000137696991841
6000000137697056821
6000000137697476839
6000000137697799821
6000000137697826836
6000000137705230846
6000000137705766821
6000000137811120288
6000000137855747821
6000000138105420825
6000000138397429867
6000000138402509870
6000000138402768834
6000000138403595821
6000000138536532010
6000000138552152952
6000000138584663417
6000000138584697612
6000000138611685349
6000000138613564010
6000000138613600024
6000000138613753861
6000000138614025892
6000000138614102899
6000000138747883887
6000000138750013927
6000000139109851949
6000000139214590881
6000000139327235829
6000000139330242833
6000000139395814950
6000000139446438891
6000000139447071892
6000000139447269884
6000000139447322860
6000000139447867842
6000000139508142188
6000000139510846968
6000000139511626006
6000000139517293056
6000000139526563832
6000000139620939889
6000000139628285821
6000000139628733884
6000000139753271842
6000000139755865821
6000000139780996126
6000000139912602833
6000000140026904326
6000000140029666879
6000000140029711965
6000000140185361926
6000000140198349206
6000000140198990829
6000000140199010007
6000000140199269010
6000000140199332932
6000000140199535942
6000000140199977850
6000000140200020845
6000000140200075841
6000000140200108852
6000000140200150850
6000000140200206895
6000000140200268841
6000000140200288845
6000000140200295824
6000000140200298844
6000000140200301821
6000000140200403833
6000000140456908140
6000000140458952890
6000000140552229835
6000000140554402824
6000000140671344473
6000000140712840845
6000000140712910874
6000000140713096871
6000000140713322825
6000000140733660882
6000000140749727018
6000000140753510945
6000000140756475882
6000000140758170160
6000000140999521921
6000000140999573897
6000000141000401400
6000000141002696047
6000000141003125853
6000000141003424824
6000000141013611939
6000000141346650882
6000000141347023830
6000000141556338294
6000000141556533821
6000000141557292984
6000000141557414977
6000000141557846908
6000000141564770861
6000000141564912841
6000000141570151822
6000000141580330111
6000000141795102540
6000000141808066908
6000000141859407227
6000000141862431896
6000000141862559824
6000000141863401831
6000000141931759889
6000000141932288831
6000000141932288843
6000000141932288861
6000000141932288865
6000000141932288873
6000000141932288877
6000000141932288885
6000000141932288957
6000000141932288969
6000000141932288974
6000000141932288980
6000000141932288984
6000000141932288994
6000000141932288997
6000000141932289000
6000000141932289007
6000000141932289010
6000000141932289013
6000000141932289174
6000000141932289182
6000000141932289187
6000000141932289192
6000000141932289196
6000000141932585825
6000000141932585828
6000000141932585831
6000000141932585834
6000000141932614859
6000000141932774822
6000000141932774829
6000000141932774834
6000000141932774838
6000000141933059822
6000000141933059829
6000000141933059837
6000000141933059841
6000000141933059845
6000000141933189822
6000000141933189829
6000000141933189833
6000000141933189836
6000000141933189842
6000000141933189848
6000000141933189857
6000000141933189860
6000000141933271823
6000000141933271829
6000000141933271835
6000000141933271838
6000000141933271841
6000000141933271846
6000000141933271852
6000000141933271855
6000000141933271861
6000000141933271864
6000000141933271867
6000000141933337822
6000000141933337828
6000000141933517821
6000000141934145911
6000000141934145915
6000000141934476822
6000000141934476831
6000000141934476838
6000000141934476846
6000000141934476849
6000000141934476852
6000000141934476855
6000000141934476858
6000000141934476864
6000000141934476868
6000000141934476872
6000000141934476876
6000000141934476879
6000000141934476882
6000000141934476885
6000000141934476888
6000000141934476894
6000000141934476897
6000000141934476903
6000000141934476906
6000000141934476909
6000000141934476915
6000000141934476918
6000000141934476921
6000000141934476927
6000000141934555822
6000000141934555826
6000000141934555829
6000000141934555836
6000000141934555841
6000000141934555844
6000000141934555847
6000000141934555850
6000000141934555853
6000000141934555857
6000000141934555860
6000000141934555866
6000000141934555872
6000000141934555875
6000000141934555878
6000000141934555884
6000000141934555891
6000000141934555894
6000000141934555897
6000000141934555903
6000000141934555906
6000000141934555912
6000000141934555915
6000000141934555924
6000000141934555927
6000000141934634822
6000000141934634830
6000000141934634833
6000000141934634840
6000000141934634846
6000000141935177832
6000000141935177837
6000000141935177854
6000000141935177874
6000000141935177910
6000000141935177921
6000000141935177925
6000000141935177932
6000000141935177936
6000000141935863834
6000000141936106822
6000000141936169822
6000000141936169828
6000000141936204822
6000000141936204828
6000000141936263822
6000000141936263828
6000000141936286822
6000000141936325822
6000000141936325828
6000000141936367822
6000000141936401822
6000000141936401828
6000000141936787831
6000000141938293822
6000000141938293827
6000000141938293832
6000000141938293836
6000000141938293840
6000000141938293844
6000000141938293848
6000000141938810821
6000000141939176927
6000000141939181886
6000000141939285896
6000000141939494862
6000000141939548847
6000000141939743083
6000000141939823833
6000000141939892085
6000000141942706221
6000000141943255025
6000000142033847838
6000000142033847842
6000000142056811031
6000000142099320989
6000000142099608027
6000000142099797912
6000000142099875965
6000000142100239867
6000000142100313823
6000000142100378834
6000000142113609887
6000000142114072918
6000000142120722898
6000000142126902832
6000000142126902854
6000000142239953823
6000000142240832872
6000000142241458825
6000000142409166888
6000000142412523088
6000000142412991016
6000000142413802884
6000000142413832877
6000000142413942832
6000000142414097849
6000000142433787905
6000000142437608845
6000000142437778906
6000000142437792948
6000000142437856895
6000000142437978835
6000000142439378912
6000000142439742007
6000000142440425917
6000000142440855928
6000000142441011821
6000000142441221869
6000000142441424837
6000000142445358096
6000000142445679989
6000000142447433823
6000000142480793821
6000000142614076822
6000000142615628821
6000000142641674945
6000000142681382846
6000000142714696822
6000000142715487834
6000000142886234875
6000000142886469876
6000000142893450949
6000000142894144834
6000000142947229821
6000000142947489057
6000000142948012821
6000000142950306845
6000000143116972306
6000000143117377341
6000000143117460051
6000000143117663991
6000000143117889046
6000000143118342005
6000000143118471830
6000000143118899845
6000000143118946846
6000000143119403858
6000000143121533351
6000000143743496821
6000000143754383925
6000000143800276293
6000000143831099046
6000000143831343007
6000000143831850904
6000000143832164001
6000000143832281856
6000000143832320935
6000000143832444997
6000000143832578826
6000000143832633867
6000000143834607168
6000000143840494892
6000000143979220855
6000000144033403896
6000000144039604856
6000000144050312973
6000000144056373851
6000000144109851831
6000000144134084821
6000000144137637821
6000000144392787891
6000000144487156827
6000000144488149854
6000000144546366830
6000000144723983839
6000000144729921015
6000000144731284848
6000000144777535262
6000000144779397873
6000000144779499889
6000000144779611865
6000000144779992871
6000000144780025857
6000000144780310845
6000000144780312846
6000000144780341822
6000000144780341862
6000000145016074838
6000000145017488065
6000000145018537821
6000000145024758824
6000000145774991899
6000000145775495843
6000000145851253874
6000000146307612110
6000000146308031906
6000000146308407821
6000000146308633870
6000000146309075827
6000000146472243821
6000000146583242825
6000000146583752828
6000000146583752840
6000000146583752845
6000000146583752850
6000000146583752854
6000000146583752858
6000000146583752866
6000000146583752871
6000000146583752875
6000000146583752879
6000000146583752883
6000000146583752887
6000000146583752891
6000000146583752895
6000000146583752899
6000000146583752904
6000000146583752908
6000000146583752927
6000000146583752931
6000000146583752941
6000000146583752945
6000000146583752949
6000000146583752953
6000000146583752957
6000000146583752961
6000000146583752969
6000000146583752981
6000000146583752985
6000000146583753009
6000000146583753013
6000000146583753017
6000000146583753021
6000000146583753025
6000000146583753031
6000000146583753041
6000000146583753046
6000000146583753054
6000000146583753058
6000000146583753062
6000000146583753066
6000000146583753070
6000000146583753075
6000000146583753079
6000000146583753084
6000000146583753089
6000000146583753094
6000000146583753098
6000000146583753102
6000000146583753106
6000000146583753110
6000000146583753114
6000000146583753118
6000000146583753122
6000000146583753126
6000000146583753130
6000000146583753134
6000000146583753138
6000000146583753142
6000000146583753146
6000000146583753150
6000000146583753154
6000000146583753158
6000000146583753162
6000000146583753166
6000000146583753171
6000000146583753175
6000000146583753179
6000000146583753183
6000000146583753187
6000000146583753191
6000000146583753195
6000000146584121822
6000000146584121826
6000000146584121830
6000000146584121835
6000000146584121843
6000000146584121847
6000000146584121851
6000000146584121855
6000000146584121862
6000000146584121866
6000000146584121870
6000000146584121875
6000000146584121879
6000000146584121884
6000000146584121889
6000000146584121893
6000000146584121898
6000000146584121903
6000000146584121908
6000000146584121921
6000000146584121926
6000000146584121930
6000000146584121934
6000000146584217836
6000000146584217841
6000000146584217854
6000000146584217858
6000000146584217863
6000000146584217869
6000000146584217874
6000000146584217879
6000000146584217884
6000000146584217888
6000000146584217892
6000000146584306822
6000000146584340822
6000000146584340826
6000000146584340830
6000000146584340834
6000000146584340838
6000000146584340842
6000000146584340846
6000000146584340850
6000000146584340854
6000000146584340858
6000000146584340862
6000000146584340866
6000000146584340870
6000000146584340874
6000000146584340878
6000000146584340882
6000000146584340886
6000000146584340890
6000000146584340894
6000000146584340898
6000000146584340906
6000000146584340910
6000000146584340914
6000000146584340918
6000000146584340923
6000000146584340927
6000000146584340931
6000000146584340935
6000000146584340939
6000000146584340944
6000000146584340948
6000000146584340952
6000000146584340956
6000000146584340965
6000000146584340969
6000000146584340973
6000000146584340977
6000000146584340981
6000000146584340985
6000000146584531822
6000000146584559822
6000000146584588822
6000000146584609826
6000000146584649822
6000000146584649826
6000000146584649830
6000000146584692822
6000000146584730822
6000000146584730826
6000000146584730830
6000000146584773822
6000000146584773826
6000000146584773830
6000000146584773834
6000000146584773838
6000000146584773842
6000000146584773846
6000000146584773850
6000000146584773854
6000000146584856822
6000000146584856828
6000000146584856833
6000000146584856837
6000000146584856841
6000000146584907822
6000000146584907826
6000000146584907830
6000000146584907834
6000000146584956822
6000000146584996822
6000000146585037822
6000000146585079827
6000000146585079831
6000000147126373940
6000000147156358938
6000000147168020909
6000000147168175968
6000000147176433866
6000000147176433870
6000000147176433874
6000000147176433880
6000000147176433885
6000000147176433890
6000000147176433895
6000000147182665914
6000000147271776821
6000000147447354951
6000000147447528880
6000000147448261821
6000000147627871821
6000000147641206861
6000000147650776824
6000000147701006086
6000000147701308093
6000000147701521933
6000000147701572994
6000000147701741977
6000000147701847964
6000000147708195004
6000000147709248019
6000000147709765873
6000000147710195891
6000000147710248824
6000000147710334834
6000000147710405879
6000000147710495832
6000000147710512832
6000000147710517845
6000000147710785821
6000000148111171914
6000000148327721825
6000000148354009827
6000000148362398864
6000000148585362217
6000000148586240998
6000000148586337981
6000000148586533845
6000000148586643995
6000000148586737833
6000000148586919836
6000000148586984880
6000000148587069845
6000000148587773844
6000000148588291863
6000000148588490846
6000000148692668082
6000000148694447113
6000000148695748027
6000000148740651871
6000000148752890023
6000000148908358825
6000000148991134976
6000000149231045823
6000000149471808880
6000000149555438480
6000000149558686845
6000000149610597915
6000000149612349862
6000000149614059887
6000000149615868006
6000000149621759987
6000000149627800854
6000000149846400911
6000000149846406823
6000000149862521891
6000000149892982821
6000000150111737821
6000000150138787937
6000000150138899920
6000000150139132876
6000000150139134932
6000000150177573844
6000000150177592847
6000000150680601877
6000000150686554892
6000000150856775012
6000000150859589969
6000000150860015848
6000000150865485912
6000000150866158821
6000000150866258830
6000000150883546897
6000000151386190169
6000000151386833949
6000000151386996954
6000000151387020987
6000000151387281883
6000000151387289954
6000000151387292886
6000000151387365832
6000000151440785114
6000000151441736917
6000000151441783850
6000000151520982029
6000000151521739961
6000000151655895416
6000000151657673925
6000000151657770863
6000000151673995892
6000000151675368883
6000000151675978947
6000000151676045826
6000000151676173893
6000000151676325847
6000000151676651978
6000000151676697821
6000000151677011836
6000000151678265859
6000000151678629845
6000000151678671891
6000000151767448831
6000000151963393822
6000000151963480874
6000000152439877825
6000000152522206110
6000000152523212865
6000000152523441827
6000000152523596839
6000000152524340872
6000000152723111925
6000000153185774821
6000000153187910836
6000000153188069827
6000000153188170833
6000000153188430821
6000000154685984879
6000000154815930821
6000000154818034821
6000000155018400149
6000000155018400211
6000000155018400236
6000000155018400280
6000000155601689821
6000000155960619889
6000000155964012841
6000000155996055829
6000000156136197821
6000000156375175821
6000000156376995846
6000000156432981826
6000000156433001823
6000000156505421876
6000000156541412869
6000000156541412874
6000000156541412880
6000000156541412885
6000000156550448828
6000000156551568826
6000000156557587878
6000000156558083954
6000000157044680824
6000000157634449021
6000000157635649876
6000000157644062869
6000000157644148858
6000000157644749845
6000000157644981836
6000000157645246834
6000000157670412822
6000000157986667840
6000000158520200841
6000000158846024855
6000000158846334827
6000000158872350822
6000000158872586821
6000000159198507838
6000000159198508318
6000000159588079856
6000000159631987852
6000000159633130821
6000000159633344829
6000000159634148822
6000000159634414836
6000000159634525821
6000000159777988821
6000000159943310865
6000000159944326841
6000000159948710828
6000000159954411830
6000000159956966835
6000000159956993821
6000000160186525845
6000000160210959835
6000000160463919836
6000000160464443821
6000000160464952833
6000000160887158821
6000000160887951833
6000000160888381833
6000000160925475839
6000000160942538832
6000000160943329833
6000000160944324825
6000000160951860821
6000000160958782821
6000000160959611833
6000000160963137840
6000000160964524829
6000000160966825823
6000000160967000841
6000000160975715821
6000000160977639826
6000000160978579821
6000000160978840821
6000000160979166821
6000000161011892821
6000000161146122821
6000000161214885821
6000000161216103821
6000000161242134844
6000000161297027821
6000000161297607822
6000000161313386821
6000000161317780824
6000000161319060833
6000000161320258821
6000000161321270821
6000000161322009821
6000000161322524825
6000000161323364821
6000000161323840831
6000000161327958828
6000000161330438855
6000000161330539837
6000000161334983828
6000000161334983851
6000000161336437870
6000000161337815959
6000000161337815963
6000000161337815967
6000000161337815973
6000000161337815980
6000000161337815984
6000000161337815991
6000000161337815998
6000000161337816001
6000000161337872831
6000000161337872857
6000000161337872861
6000000161338013968
6000000161338032826
6000000161338032835
6000000161338032844
6000000161338032852
6000000161338032856
6000000161338032862
6000000161338032867
6000000161338032873
6000000161338283825
6000000161338289822
6000000161338289829
6000000161338496822
6000000161338496829
6000000161338496833
6000000161338788822
6000000161338788826
6000000161338788830
6000000161338799822
6000000161338799831
6000000161338799836
6000000161338799840
6000000161338799844
6000000161338799848
6000000161338799852
6000000161338799860
6000000161338799868
6000000161338799873
6000000161338799876
6000000161338799881
6000000161339157032
6000000161339638831
6000000161539137854
6000000161539366823
6000000161539399875
6000000161539514844
6000000161547961940
6000000161548228827
6000000161548466881
6000000161548734937
6000000161549099870
6000000161549304852
6000000161549419887
6000000161549431822
6000000161550403857
6000000161554750878
6000000161644383876
6000000161871422846
6000000161871746822
6000000161872388827
6000000161872447867
6000000161877602885
6000000161877624908
6000000161878277827
6000000161879920905
6000000161880355844
6000000161948885832
6000000161985121013
6000000161985709855
6000000161999551823
6000000162014816155
6000000162018874832
6000000162025288822
6000000162029504872
6000000162029614907
6000000162029734917
6000000162029755834
6000000162029783890
6000000162029794846
6000000162030054842
6000000162030156821
6000000162030174836
6000000162030341821
6000000162089041831
6000000162090064831
6000000162230395821
6000000162231629821
6000000162418475825
6000000162674057863
6000000162726330848
6000000162727895821
6000000162728954829
6000000162729521858
6000000162782907821
6000000162889787868
6000000162889911839
6000000162890049822
6000000162916411002
6000000162917257834
6000000162928374849
6000000162953989852
6000000163425716101
6000000163426109898
6000000163426119845
6000000163426129885
6000000164022332168
6000000164234478005
6000000164234955904
6000000164235217836
6000000164270799777
6000000164271140509
6000000164271419459
6000000164271554402
6000000164272429070
6000000164272561007
6000000164276386030
6000000164281395919
6000000164362091827
6000000164435621835
6000000164475706924
6000000164480599901
6000000164493563868
6000000164494301839
6000000164557736833
6000000164560488846
6000000164561402837
6000000164562235821
6000000164592172827
6000000164713019982
6000000164723835289
6000000164890297821
6000000164914041015
6000000164922896066
6000000164925843876
6000000164925863879
6000000164925955882
6000000164926148834
6000000164926154828
6000000164926187824
6000000164926529821
6000000164942419953
6000000164943054835
6000000164944582969
6000000164945190870
6000000164945202038
6000000164945265874
6000000164947947864
6000000164951022898
6000000164951277925
6000000164963525855
6000000164965414020
6000000164966000878
6000000164967466924
6000000164967702078
6000000164967933040
6000000164968502823
6000000164970171878
6000000164975060842
6000000164975721821
6000000164975964834
6000000165047879828
6000000165168308017
6000000165168516982
6000000165168652883
6000000165168828853
6000000165168899840
6000000165174507994
6000000165174931941
6000000165174978932
6000000165175105899
6000000165175146894
6000000165175247878
6000000165175463906
6000000165178633861
6000000165245604827
6000000165246650829
6000000165247459821
6000000165263459832
6000000165263471822
6000000165263521830
6000000165264028821
6000000165266242834
6000000165266706829
6000000165266831822
6000000165268585822
6000000165275444825
6000000165275519836
6000000165275671832
6000000165276068821
6000000165337745036
6000000165352851931
6000000165358226102
6000000165359438835
6000000165618424215
6000000165625523953
6000000165625689975
6000000165625711993
6000000165625734964
6000000165626240846
6000000165638506888
6000000165830542176
6000000165834010844
6000000165839000884
6000000165839526822
6000000166197652199
6000000166200180843
6000000166200245840
6000000166202684973
6000000166203387821
6000000166386723829
6000000166410928961
6000000166410951845
6000000166410956027
6000000166410973011
6000000166411125948
6000000166411231861
6000000166411289934
6000000166411417930
6000000166411475907
6000000166873153168
6000000166873810166
6000000166873882096
6000000166874844156
6000000166874905898
6000000166874978947
6000000167047302687
6000000167050326026
6000000167066686918
6000000167073250950
6000000167073671871
6000000167073695845
6000000167073700038
6000000167116963821
6000000167123024822
6000000167242966111
6000000167244418828
6000000167252942878
6000000167328176865
6000000167328181821
6000000167329275048
6000000167329674861
6000000167340054012
6000000167340135912
6000000167340381868
6000000167562729921
6000000167562854111
6000000168127890916
6000000168132840012
6000000168135037169
6000000168135707914
6000000168135713226
6000000168137647067
6000000168149304845
6000000168149589898
6000000168149703885
6000000168150553854
6000000168150698821
6000000168150964833
6000000168151118892
6000000168151133821
6000000168151187838
6000000168151531822
6000000168151594846
6000000168151891821
6000000168337678537
6000000168491392846
6000000168491800009
6000000168511983881
6000000168613936821
6000000168815518983
6000000168936744922
6000000168957509950
6000000168970205821
6000000168976520847
6000000168980167926
6000000169078859877
6000000169078940870
6000000169311275338
6000000169312472902
6000000169312472940
6000000169590685029
6000000169591546856
6000000169594897957
6000000169598607985
6000000169598686935
6000000169611599304
6000000169612368380
6000000169612594062
6000000169612697947
6000000169612742055
6000000169613098081
6000000169613337994
6000000169613680904
6000000169620507321
6000000169620730302
6000000169651622918
6000000169659637864
6000000169680014176
6000000169680465400
6000000169680583012
6000000169680802554
6000000169681668822
6000000169682144342
6000000169682213975
6000000169682266082
6000000169682313956
6000000169682342854
6000000169682436835
6000000169682618866
6000000169682974916
6000000169729175998
6000000169750023873
6000000169750051952
6000000169798588853
6000000169801288908
6000000169806017551
6000000169811278144
6000000170010636857
6000000170019331092
6000000170426433903
6000000170727541966
6000000170804762631
6000000170804931293
6000000170805023541
6000000170805158610
6000000170805749127
6000000170805855035
6000000170806184854
6000000171058268960
6000000171308788838
6000000171668476453
6000000171724978949
6000000171728193325
6000000171728699373
6000000171728906214
6000000171729405367
6000000171738412487
6000000171955453067
6000000171955539985
6000000171999856760
6000000172000364359
6000000172000639333
6000000172056070231
6000000172056484873
6000000172061921395
6000000172062512138
6000000172063593821
6000000172117292979
6000000172197402256
6000000172198659903
6000000172198753902
6000000172198865850
6000000172207855783
6000000172209406987
6000000172209828649
6000000172211599260
6000000172212849996
6000000172212856945
6000000172213871892
6000000172213977829
6000000172214331852
6000000172238792553
6000000172255057342
6000000172258051398
6000000172258772891
6000000172260381906
6000000172272778225
6000000172274548882
6000000172319835629
6000000172329283030
6000000172345559876
6000000172365158234
6000000172365250236
6000000172365400441
6000000172365544079
6000000172365749001
6000000172365767984
6000000172366075870
6000000172366129899
6000000172373214093
6000000172660075771
6000000172697946663
6000000172738910126
6000000172755215847
6000000172756027228
6000000172756195099
6000000172756409023
6000000172756763910
6000000172761512821
6000000172788303171
6000000172788317135
6000000172788577080
6000000172788925889
6000000172789054949
6000000172789125915
6000000172789583967
6000000172813401371
6000000172868260862
6000000172869805062
6000000172874965058
6000000172922588980
6000000172979418094
6000000172984130227
6000000172984353297
6000000173012857691
6000000173014335020
6000000173076138392
6000000173076149545
6000000173099468514
6000000173100095041
6000000173129632758
6000000173130302021
6000000173176873892
6000000173185838235
6000000173188962838
6000000173198249987
6000000173198526213
6000000173210865417
6000000173212608838
6000000173213014885
6000000173213018895
6000000173222987422
6000000173227489082
6000000173233854013
6000000173235163845
6000000173238887330
6000000173246948948
6000000173247163958
6000000173247608865
6000000173247983821
6000000173248018940
6000000173317189145
6000000173317463913
6000000173326554043
6000000173331643111
6000000173341587142
6000000173356685146
6000000173357886866
6000000173515928334
6000000173521988923
6000000173596354564
6000000173605365843
6000000173614598911
6000000173618274189
6000000173618908220
6000000173619478893
6000000173619989903
6000000173621132129
6000000173621367914
6000000173627140846
6000000173644000967
6000000173644750898
6000000173673136997
6000000173681245845
6000000173709216613
6000000173727798659
6000000173728343087
6000000173728848850
6000000173728866848
6000000173729757959
6000000173729911881
6000000173741938636
6000000173742112723
6000000173742331642
6000000173742357155
6000000173742440940
6000000173743551050
6000000173743960132
6000000173747229004
6000000173748497081
6000000173755496035
6000000173755580321
6000000173765643540
6000000173767593173
6000000173767710065
6000000173767805171
6000000173768116914
6000000173768173068
6000000173768453902
6000000173768697925
6000000173768891862
6000000173769034821
6000000173769075966
6000000173779407947
6000000173781181412
6000000173783976967
6000000173787459318
6000000173787790889
6000000173789654827
6000000173832286607
6000000173845596070
6000000173886318933
6000000173893779756
6000000173894151377
6000000173894314383
6000000173894366253
6000000173894821029
6000000173895343966
6000000173901980829
6000000173906051347
6000000173912123122
6000000173912916086
6000000173922617822
6000000173928496939
6000000173929269752
6000000173930410043
6000000173930446032
6000000173931111935
6000000173951104250
6000000174016499061
6000000174038667837
6000000174046048583
6000000174063964247
6000000174065158821
6000000174109980035
6000000174120265312
6000000174120611916
6000000174120817854
6000000174121346843
6000000174130710739
6000000174158515779
6000000174219392788
6000000174220212484
6000000174220491398
6000000174220966290
6000000174221249914
6000000174221476919
6000000174221670922
6000000174249170887
6000000174255734842
6000000174261242573
6000000174261373992
6000000174262650830
6000000174262686762
6000000174262748804
6000000174262881209
6000000174262957821
6000000174263183838
6000000174263742250
6000000174263863304
6000000174263950826
6000000174264453958
6000000174264468951
6000000174264515986
6000000174264724213
6000000174264953822
6000000174265274828
6000000174268735518
6000000174270477976
6000000174270936894
6000000174273718850
6000000174274013872
6000000174291290137
6000000174312311287
6000000174315776369
6000000174316449212
6000000174316858821
6000000174319702423
6000000174335303110
6000000174400298581
6000000174400670962
6000000174401811590
6000000174402147435
6000000174402581200
6000000174403086003
6000000174403146069
6000000174403346129
6000000174403472022
6000000174408519812
6000000174413541062
6000000174413946289
6000000174414197082
6000000174414371841
6000000174458033993
6000000174458866415
6000000174509476910
6000000174516060808
6000000174517960867
6000000174519188833
6000000174519228838
6000000174638478693
6000000174638799705
6000000174645522101
6000000174665429896
6000000174667317520
6000000174667887393
6000000174669010865
6000000174669223840
6000000174713426731
6000000174715086184
6000000174715851874
6000000174777281427
6000000174788615024
6000000174809813865
6000000174810314834
6000000174828731592
6000000174830116953
6000000174830206866
6000000174838753443
6000000174838762462
6000000174838937131
6000000174839404465
6000000174839589198
6000000174840695140
6000000174840751834
6000000174840885855
6000000174841030038
6000000174935539696
6000000174947477470
6000000174947738264
6000000174947859317
6000000174948055566
6000000174948455276
6000000174948495053
6000000174948752870
6000000174957380922
6000000174964722260
6000000174964856264
6000000174965073990
6000000174965247323
6000000174965477852
6000000174965531886
6000000174965690847
6000000174998619994
6000000175001318994
6000000175022595187
6000000175022833225
6000000175080536702
6000000175104535560
6000000175131658007
6000000175184789889
6000000175252585458
6000000175349794775
6000000175350565999
6000000175374460560
6000000175376488007
6000000175376538078
6000000175404943662
6000000175427200521
6000000175427339041
6000000175427609017
6000000175428641886
6000000175428738922
6000000175433992821
6000000175446515822
6000000175457426858
6000000175464216230
6000000175464679988
6000000175464912895
6000000175464942930
6000000175465008858
6000000175475568843
6000000175530100821
6000000175558648876
6000000175566864843
6000000175568787821
6000000175618248842
6000000175623991893
6000000175625386870
6000000175625657837
6000000175627674853
6000000175628085832
6000000175629908822
6000000175629943831
6000000175629976821
6000000175629985826
6000000175629988821
6000000175648745822
6000000175667948840
6000000175668347828
6000000175687183902
6000000175717144921
6000000175718444837
6000000175718617826
6000000175722350868
6000000175743834894
6000000175745950839
6000000175770784844
6000000175773585838
6000000175774731873
6000000175784215871
6000000175817425840
6000000175823932868
6000000175833134828
6000000175839481861
6000000175846817870
6000000175846864857
6000000175943959931
6000000175958972860
6000000175960125828
6000000175960125854
6000000175960125865
6000000175961518847
6000000175961518852
6000000175962959822
6000000175965625866
6000000175965751832
6000000175965849840
6000000175966125821
6000000175966422821
6000000175974104822
6000000175974104828
6000000175974104834
6000000175974104840
6000000175974104846
6000000175974104852
6000000175974104858
6000000175974104863
6000000175974104875
6000000175974104881
6000000175982927821
6000000175996669891
6000000176019285897
6000000176020623831
6000000176039991823
6000000176041521873
6000000176041521879
6000000176077386844
6000000176077509827
6000000176094462888
6000000176112686826
6000000176144536905
6000000176144537343
6000000176144537349
6000000176144537355
6000000176153255860
6000000176184529948
6000000176189740903
6000000176239897833
6000000176247087823
6000000176249432859
6000000176249611901
6000000176274726861
6000000176275556853
6000000176275728849
6000000176276059821
6000000176295644833
6000000176308024883
6000000176315383833
6000000176327020870
6000000176328000822
6000000176407014828
6000000176407131821
6000000176512104830
6000000176512166821
6000000176520617856
6000000176521110860
6000000176574537875
6000000176574584822
6000000176574584825
6000000176574584828
6000000176574584834
6000000176574626831
6000000176697892921
6000000176699397836
6000000176745406826
6000000176779754860
6000000176780165823
6000000176826483921
6000000176827128854
6000000176827169829
6000000176827541821
6000000176968705835
6000000176969350833
6000000176971041824
6000000176971080830
6000000177010173842
6000000177011124821
6000000177012157887
6000000177139464848
6000000177182524823
6000000177182641930
6000000177183643849
6000000177183730924
6000000177184561867
6000000177184994841
6000000177185556828
6000000177237901870
6000000177239034825
6000000177295007909
6000000177295203883
6000000177296148848
6000000177296590827
6000000177300653884
6000000177301132862
6000000177301216844
6000000177301912867
6000000177302287857
6000000177303757837
6000000177326848860
6000000177326985842
6000000177327029824
6000000177340262860
6000000177340759845
6000000177348812848
6000000177349937846
6000000177371889856
6000000177387217840
6000000177390108853
6000000177390801858
6000000177454280908
6000000177465325852
6000000177470976830
6000000177475762999
6000000177476802870
6000000177476895904
6000000177484687985
6000000177486556849
6000000177487113831
6000000177487296825
6000000177487762823
6000000177488190826
6000000177489886854
6000000177490310843
6000000177542476862
6000000177542629844
6000000177542641846
6000000177542987837
6000000177557101854
6000000177558200834
6000000177562840867
6000000177565569843
6000000177602554833
6000000177651727886
6000000177652427900
6000000177667132821
6000000177667196829
6000000177674727824
6000000177674880829
6000000177696447880
6000000177698299851
6000000177706066827
6000000177706505842
6000000177706631825
6000000177707341837
6000000177707494821
6000000177707656947
6000000177708258873
6000000177709386837
6000000177709540821
6000000177710368835
6000000177710527824
6000000177743236876
6000000177749979823
6000000177753017859
6000000177753023844
6000000177753189855
6000000177753878827
6000000177753907872
6000000177754098830
6000000177762495910
6000000177771649833
6000000177780981869
6000000177781073848
6000000177781696829
6000000177782482827
6000000177792539824
6000000177810739895
6000000177811123857
6000000177837678885
6000000177837721914
6000000177838573867
6000000177838647880
6000000177839173838
6000000177852373838
6000000177852400841
6000000177852464823
6000000177857333821
6000000177864337853
6000000177865652848
6000000177865740838
6000000177865867833
6000000177865876828
6000000177866249821
6000000177873422838
6000000177914940830
6000000177922041874
6000000177922477853
6000000177922962846
6000000177974270866
6000000177988030824
6000000177988378824
6000000177998460869
6000000177998612821
6000000177999654835
6000000178023484823
6000000178023523825
6000000178023602827
6000000178023863821
6000000178025818827
6000000178026889883
6000000178027211907
6000000178027312852
6000000178027637821
6000000178027821838
6000000178028213832
6000000178028519821
6000000178035091823
6000000178044191824
6000000178044410824
6000000178049297864
6000000178059447821
6000000178065167961
6000000178069903833
6000000178072430836
6000000178076557834
6000000178078038901
6000000178078168881
6000000178090028836
6000000178094384854
6000000178094680821
6000000178097997869
6000000178098083865
6000000178098230827
6000000178098432831
6000000178149636891
6000000178151016833
6000000178209601821
6000000178212893954
6000000178216213833
6000000178223047914
6000000178239457893
6000000178239913841
6000000178240820840
6000000178243388853
6000000178243823821
6000000178244267821
6000000178249327852
6000000178296580981
6000000178297147825
6000000178298846888
6000000178299457875
6000000178389213822
6000000178389228822
6000000178389228839
6000000178389228852
6000000178389228864
6000000178389228876
6000000178389228902
6000000178389228915
6000000178389228927
6000000178389228939
6000000178389228976
6000000178389228988
6000000178389386822
6000000178427000863
6000000178427125876
6000000178427392829
6000000178428697822
6000000178428820821
6000000178442374833
6000000178474901853
6000000178481326861
6000000178502246850
6000000178503349834
6000000178506584910
6000000178508038852
6000000178533299835
6000000178549573832
6000000178576584895
6000000178577524822
6000000178579252856
6000000178595027823
6000000178596745851
6000000178600371835
6000000178600464838
6000000178617065821
6000000178625139861
6000000178625968841
6000000178642778863
6000000178669489821
6000000178676657875
6000000178677729951
6000000178679125889
6000000178679343853
6000000178679674855
6000000178680066847
6000000178680256824
6000000178689315826
6000000178700011860
6000000178700803830
6000000178701065823
6000000178701072833
6000000178701668839
6000000178701940822
6000000178713829830
6000000178713833846
6000000178732502851
6000000178733539838
6000000178734678821
6000000178737704868
6000000178749884011
6000000178788905888
6000000178798167824
6000000178798270821
6000000178846404905
6000000178847237891
6000000178847359872
6000000178847463886
6000000178847794829
6000000178848587824
6000000178865414829
6000000178865439830
6000000178865535821
6000000178865714840
6000000178865741832
6000000178897400872
6000000178918061929
6000000178919020883
6000000178919264860
6000000178940011861
6000000178940478850
6000000178946583869
6000000178948479973
6000000178960065821
6000000178965806822
6000000179005505872
6000000179005790863
6000000179005945868
6000000179007284821
6000000179007303821
6000000179026200822
6000000179039951839
6000000179043383851
6000000179043884834
6000000179053821907
6000000179063003864
6000000179079908840
6000000179080246829
6000000179085790840
6000000179110169861
6000000179113623821
6000000179115966860
6000000179123657841
6000000179124567827
6000000179126977936
6000000179128871845
6000000179129150824
6000000179143638822
6000000179197463881
6000000179221013881
6000000179237051863
6000000179260623884
6000000179262179821
6000000179262704821
6000000179289340850
6000000179306486826
6000000179326662826
6000000179345106828
6000000179345210822
6000000179345836834
6000000179351614850
6000000179351722845
6000000179352192839
6000000179353557874
6000000179359169910
6000000179399917885
6000000179400679833
6000000179400953860
6000000179401386821
6000000179401389831
6000000179435135287
6000000179437629821
6000000179443915867
6000000179463775849
6000000179464120821
6000000179471746829
6000000179473088840
6000000179493141849
6000000179503291824
6000000179511787823
6000000179511926821
6000000179512407822
6000000179569103829
6000000179593712856
6000000179594594825
6000000179594666830
6000000179594810841
6000000179605125829
6000000179627466913
6000000179642725862
6000000179642819860
6000000179643736823
6000000179668707828
6000000179684511821
6000000179688632838
6000000179688689826
6000000179688915821
6000000179689086829
6000000179689149832
6000000179689382821
6000000179689410821
6000000179692115858
6000000179739355878
6000000179831800828
6000000179850492829
6000000179906793869
6000000179906871924
6000000179907905846
6000000179926014886
6000000179927122847
6000000179998671837
6000000179998979858
6000000179999187834
6000000179999201837
6000000179999218849
6000000179999263840
6000000179999594842
6000000179999649826
6000000179999861831
6000000180000091830
6000000180051562860
6000000180053607864
6000000180056817841
6000000180057673821
6000000180077057834
6000000180089620845
6000000180129360889
6000000180141766044
6000000180145423835
6000000180146756822
6000000180159720823
6000000180163845872
6000000180167198878
6000000180169445874
6000000180170106857
6000000180248674832
6000000180249345836
6000000180249374882
6000000180249431829
6000000180249590831
6000000180250068823
6000000180251256860
6000000180280634989
6000000180282765874
6000000180321113864
6000000180322224829
6000000180340466861
6000000180349138855
6000000180376386889
6000000180379246949
6000000180383395840
6000000180383493872
6000000180383774883
6000000180383856837
6000000180384100829
6000000180391954871
6000000180392558823
6000000180437078850
6000000180438848821
6000000180534630859
6000000180535050835
6000000180535439826
6000000180653890844
6000000180654041829
6000000180654212840
6000000180654413826
6000000180697481979
6000000180697481990
6000000180697482371
6000000180697482376
6000000180697482381
6000000180697482386
6000000180697482391
6000000180697482396
6000000180697482401
6000000180697482406
6000000180697482411
6000000180697482416
6000000180697482421
6000000180697482426
6000000180699786842
6000000180699898888
6000000180699898968
6000000180699898972
6000000180699898990
6000000180699898994
6000000180700063907
6000000180700063915
6000000180700063919
6000000180700063923
6000000180700063927
6000000180700063931
6000000180700160852
6000000180700160856
6000000180701015854
6000000180701061850
6000000180701061865
6000000180701061869
6000000180701061873
6000000180701061885
6000000180701061890
6000000180701061894
6000000180701061899
6000000180701594861
6000000180701594876
6000000180701594921
6000000180701810847
6000000180701810851
6000000180701810855
6000000180701810859
6000000180701810869
6000000180701881849
6000000180701881896
6000000180701881917
6000000180701881921
6000000180701881925
6000000180701881929
6000000180702109868
6000000180702594853
6000000180702594858
6000000180702594874
6000000180702594878
6000000180703112828
6000000180703139826
6000000180703181847
6000000180703181933
6000000180703181963
6000000180703181968
6000000180703181978
6000000180703181982
6000000180703182002
6000000180703182011
6000000180703182016
6000000180704343923
6000000180708272827
6000000180710434833
6000000180710576858
6000000180711560898
6000000180711560902
6000000180711936847
6000000180711936855
6000000180711936892
6000000180751521853
6000000180753282823
6000000180753706882
6000000180755184822
6000000180758571825
6000000180758571833
6000000180758687826
6000000180758687831
6000000180783239825
6000000180785299827
6000000180787116826
6000000180787116829
6000000180787116833
6000000180787116837
6000000180787116841
6000000180787227832
6000000180787227852
6000000180787252945
6000000180787252979
6000000180792872823
6000000180807647827
6000000180808636823
6000000180808976877
6000000180809053844
6000000180809990823
6000000180812639833
6000000180822900839
6000000180830008831
6000000180839000949
6000000180841959821
6000000180842032822
6000000180894100888
6000000180914874821
6000000180914921821
6000000180948313853
6000000180949534822
6000000180957782853
6000000180982454822
6000000180987858835
6000000180989671824
6000000180989813825
6000000180997169846
6000000181005939848
6000000181005944924
6000000181010305892
6000000181038359822
6000000181041222874
6000000181042041821
6000000181049746826
6000000181050363827
6000000181062118868
6000000181062331887
6000000181062442846
6000000181062450848
6000000181062612866
6000000181062683840
6000000181062888821
6000000181063119838
6000000181063174825
6000000181063256823
6000000181063301821
6000000181063661836
6000000181076387880
6000000181077168873
6000000181077513846
6000000181077819822
6000000181077948828
6000000181119278859
6000000181133521821
6000000181144411854
6000000181224801856
6000000181225497837
6000000181267630823
6000000181280479836
6000000181410945852
6000000181428626841
6000000181439949838
6000000181467079836
6000000181484028993
6000000181502585826
6000000181599919985
6000000181600544887
6000000181601856860
6000000181604214904
6000000181636217821
6000000181708506856
6000000181709046835
6000000181710134828
6000000181775565960
6000000181804046893
6000000181814893884
6000000181815710846
6000000181816095859
6000000181816416822
6000000181816416826
6000000181818824825
6000000181818824829
6000000181869232861
6000000181908818826
6000000181922779821
6000000181923104843
6000000181923312832
6000000181923329836
6000000182008290824
6000000182008614885
6000000182009386823
6000000182033516822
6000000182033543829
6000000182033543833
6000000182033543841
6000000182033543845
6000000182037413900
6000000182053664996
6000000182058085840
6000000182069412848
6000000182134806930
6000000182134806936
6000000182134806944
6000000182134806951
6000000182134806957
6000000182134806965
6000000182134806975
6000000182134806979
6000000182134806991
6000000182134807014
6000000182134807124
6000000182134807152
6000000182134807166
6000000182134807196
6000000182134807333
6000000182186151842
6000000182211354977
6000000182212705916
6000000182213407880
6000000182214438827
6000000182253060838
6000000182267237822
6000000182276351822
6000000182276351826
6000000182276351830
6000000182276497836
6000000182276497848
6000000182276497858
6000000182279075833
6000000182301597831
6000000182343234929
6000000182344974848
6000000182389246830
6000000182389246840
6000000182389246853
6000000182389246863
6000000182389246873
6000000182389246880
6000000182389342827
6000000182389342839
6000000182389342847
6000000182389342851
6000000182389622827
6000000182390545854
6000000182402935835
6000000182439493823
6000000182440679823
6000000182454242837
6000000182465205826
6000000182465205838
6000000182465264844
6000000182465264849
6000000182465264870
6000000182465264874
6000000182465264882
6000000182492553850
6000000182514541837
6000000182514644856
6000000182516671856
6000000182518657833
6000000182518657845
6000000182518657849
6000000182518657858
6000000182518657866
6000000182518657873
6000000182518657880
6000000182519112839
6000000182519112848
6000000182519112856
6000000182519112864
6000000182519112877
6000000182519112892
6000000182519112896
6000000182519112909
6000000182519112922
6000000182519112929
6000000182519112933
6000000182519112937
6000000182519112948
6000000182519112956
6000000182519112968
6000000182519112972
6000000182522114822
6000000182525456856
6000000182529683850
6000000182532298828
6000000182541466827
6000000182567135858
6000000182567613821
6000000182573968848
6000000182574468825
6000000182574638821
6000000182609685856
6000000182609896827
6000000182610181821
6000000182611752874
6000000182611983849
6000000182612289846
6000000182612925838
6000000182612985828
6000000182638037928
6000000182639180949
6000000182640010869
6000000182640153853
6000000182640227867
6000000182640357848
6000000182640747833
6000000182640861829
6000000182655866842
6000000182656613821
6000000182669137823
6000000182692575830
6000000182692575835
6000000182692575853
6000000182720448906
6000000182721112875
6000000182759430832
6000000182759430836
6000000182759430851
6000000182759452827
6000000182794144821
6000000182811047961
6000000182813366831
6000000182813557821
6000000182871797955
6000000182873319825
6000000182873368822
6000000182873657828
6000000182873690821
6000000182873967823
6000000182876066822
6000000182891389892
6000000182931839821
6000000182941950829
6000000182941998823
6000000182942628823
6000000182964419359
6000000182964500129
6000000182964718016
6000000182964718022
6000000182964718118
6000000182964718125
6000000182964718133
6000000182964718141
6000000182964718155
6000000182964718161
6000000182964718177
6000000182964718184
6000000182964718216
6000000182964718222
6000000182964795823
6000000182964795835
6000000182964795844
6000000182964795852
6000000182964795860
6000000182964795870
6000000182964795879
6000000182964795888
6000000182964795897
6000000182964795902
6000000182964795908
6000000182964795914
6000000182964795920
6000000182964795926
6000000182964795934
6000000182964795942
6000000182964795949
6000000182964795955
6000000182964795962
6000000182964795970
6000000182964795978
6000000182964843115
6000000182964864098
6000000182965087077
6000000182965087292
6000000182965242020
6000000182965242028
6000000182965242036
6000000182965242052
6000000182965242058
6000000182965242066
6000000182965242076
6000000182965242084
6000000182965242092
6000000182965242100
6000000182965242108
6000000182965242116
6000000182965439849
6000000182965439867
6000000182965439883
6000000182965439889
6000000182965439925
6000000182965439933
6000000182965439941
6000000182965440015
6000000182965440038
6000000182965440044
6000000182965440062
6000000182965440109
6000000182965440290
6000000182965661020
6000000182965661054
6000000182965661112
6000000182965661124
6000000182965899866
6000000182965900131
6000000182967333860
6000000182967351834
6000000182967351929
6000000182967351937
6000000182967351945
6000000182967351971
6000000182967352056
6000000182967352242
6000000182967352383
6000000182967352435
6000000182967352463
6000000182967809830
6000000182967809869
6000000182967809918
6000000182967810031
6000000182967810053
6000000182967810068
6000000182967810082
6000000182967810096
6000000182967810102
6000000182967810116
6000000182967810122
6000000182967810128
6000000182967810137
6000000182967810148
6000000182967810158
6000000182967810166
6000000182967810172
6000000182968235077
6000000182969789846
6000000183072310855
6000000183100818842
6000000183411934822
6000000183411993823
6000000183412019827
6000000183412019836
6000000183471472844
6000000183488183825
6000000183490038846
6000000183490072890
6000000183520682832
6000000183612504841
6000000183612799829
6000000183613564828
6000000183629636824
6000000183654192848
6000000183855660876
6000000183856165871
6000000183856677821
6000000183856721821
6000000183905500843
6000000183925731824
6000000184025208821
6000000184035675843
6000000184046629851
6000000184049361863
6000000184052701843
6000000184065140836
6000000184123766822
6000000184135854834
6000000184136177840
6000000184143187838
6000000184149781840
6000000184159456841
6000000184160064834
6000000184160064866
6000000184160064886
6000000184160064908
6000000184160064917
6000000184160064922
6000000184160064926
6000000184160064930
6000000184160064934
6000000184160064938
6000000184160064966
6000000184160064972
6000000184160064978
6000000184160087822
6000000184160087829
6000000184160087833
6000000184174113857
6000000184174616855
6000000184174903843
6000000184175216843
6000000184175350825
6000000184175468822
6000000184184086853
6000000184184648831
6000000184198891831
6000000184255540850
6000000184256364854
6000000184256584821
6000000184258230824
6000000184258765822
6000000184258782843
6000000184259820823
6000000184276942883
6000000184306009881
6000000184364713910
6000000184365703882
6000000184365864846
6000000184366527830
6000000184371372844
6000000184389010832
6000000184399194879
6000000184401641873
6000000184409524831
6000000184409524844
6000000184409524856
6000000184409524870
6000000184409524881
6000000184409524887
6000000184409535828
6000000184409535836
6000000184409535839
6000000184409535842
6000000184431786844
6000000184431987834
6000000184569668836
6000000184594476009
6000000184610466828
6000000184665336243
6000000184665959878
6000000184666959826
6000000184681714934
6000000184698933825
6000000184744775895
6000000184809475826
6000000184862276839
6000000184884701837
6000000184888521831
6000000184888803838
6000000184922909912
6000000184925396827
6000000184994441822
6000000185034299821
6000000185052874845
6000000185063330873
6000000185106458999
6000000185111595827
6000000185112319852
6000000185138746236
6000000185138746248
6000000185138746263
6000000185138746269
6000000185139895822
6000000185140625855
6000000185140633847
6000000185140978947
6000000185140978975
6000000185140978981
6000000185140978993
6000000185140979013
6000000185140979025
6000000185140979051
6000000185141154822
6000000185141154828
6000000185141154873
6000000185141154879
6000000185141154891
6000000185141154922
6000000185141154945
6000000185141608846
6000000185142911910
6000000185143231842
6000000185143231849
6000000185143231855
6000000185143231881
6000000185143231888
6000000185143231916
6000000185143290930
6000000185143290936
6000000185143290948
6000000185143375901
6000000185143396104
6000000185143396237
6000000185143396249
6000000185143396259
6000000185143396269
6000000185143396284
6000000185143396294
6000000185143556869
6000000185143556911
6000000185143556944
6000000185143557030
6000000185143557049
6000000185143557055
6000000185143557061
6000000185143557079
6000000185143557122
6000000185143557181
6000000185143557193
6000000185143557314
6000000185143557371
6000000185143557385
6000000185143557407
6000000185143557413
6000000185143557444
6000000185143805857
6000000185143805863
6000000185143805881
6000000185143805897
6000000185143805903
6000000185143805911
6000000185143805917
6000000185143805925
6000000185143806033
6000000185143806067
6000000185143806081
6000000185143873958
6000000185143873985
6000000185143873995
6000000185143874011
6000000185143874026
6000000185143986105
6000000185144399822
6000000185144399907
6000000185144399915
6000000185144399936
6000000185144614831
6000000185145463871
6000000185145978833
6000000185146156821
6000000185146274821
6000000185146298821
6000000185151973893
6000000185152182836
6000000185152253869
6000000185152630827
6000000185153130828
6000000185153426822
6000000185153602842
6000000185153639821
6000000185153837862
6000000185153915831
6000000185153945835
6000000185154421861
6000000185154617836
6000000185155102834
6000000185155400854
6000000185155963837
6000000185157385832
6000000185158067825
6000000185214025825
6000000185217081885
6000000185217405968
6000000185246456825
6000000185258430821
6000000185316176821
6000000185322822860
6000000185329963927
6000000185329963933
6000000185334194991
6000000185335661822
6000000185337482821
6000000185367006878
6000000185376118038
6000000185378149867
6000000185380391821
6000000185391014833
6000000185397583856
6000000185411068821
6000000185420515912
6000000185421088906
6000000185421333912
6000000185422946841
6000000185430397037
6000000185431929879
6000000185433663823
6000000185443074239
6000000185443280874
6000000185447274885
6000000185450681828
6000000185465895848
6000000185467548925
6000000185470018827
6000000185479321399
6000000185494417884
6000000185500795829
6000000185500805829
6000000185501040825
6000000185501053822
6000000185501105160
6000000185501123289
6000000185501177822
6000000185501183831
6000000185501186821
6000000185501312279
6000000185501892185
6000000185505714838
6000000185505857945
6000000185513385860
6000000185550321925
6000000185550728896
6000000185551283899
6000000185570894367
6000000185571478264
6000000185580822821
6000000185601330204
6000000185601722006
6000000185601849020
6000000185621893984
6000000185625262899
6000000185717747833
6000000185729065850
6000000185735448117
6000000185735471008
6000000185735585007
6000000185736146953
6000000185736940968
6000000185737014924
6000000185737022961
6000000185737030912
6000000185737345905
6000000185737430921
6000000185737514896
6000000185738156856
6000000185738612871
6000000185738645849
6000000185738700852
6000000185738700859
6000000185738895852
6000000185739010847
6000000185739194866
6000000185739470861
6000000185739613825
6000000185739679838
6000000185739695845
6000000185739760831
6000000185739808835
6000000185739822826
6000000185739835844
6000000185739896822
6000000185739921823
6000000185739947822
6000000185739966860
6000000185739968830
6000000185739976837
6000000185739986823
6000000185740170832
6000000185740310822
6000000185740316823
6000000185753446849
6000000185759481870
6000000185773270917
6000000185773553889
6000000185773729889
6000000185773816892
6000000185773931903
6000000185774106893
6000000185774205852
6000000185774784838
6000000185775100824
6000000185790950832
6000000185792176845
6000000185798848851
6000000185883168887
6000000185884136870
6000000185884421878
6000000185884881883
6000000185884989841
6000000185885080828
6000000185901904831
6000000185913585877
6000000185923243855
6000000185923532827
6000000185924381892
6000000185925506885
6000000185925685864
6000000185925724833
6000000185925890825
6000000185925991836
6000000185926045831
6000000185933980827
6000000185934881827
6000000185934995840
6000000185936884823
6000000185937767821
6000000185940347873
6000000185941457835
6000000185941580943
6000000185941636850
6000000185941659839
6000000185941776853
6000000185942047848
6000000185942269829
6000000185942295864
6000000185942532926
6000000185942560845
6000000185942712824
6000000185942807920
6000000185942982870
6000000185943124854
6000000185943126874
6000000185943393879
6000000185943415917
6000000185943551848
6000000185943688830
6000000185943701844
6000000185943914832
6000000185944067822
6000000185944068821
6000000185986379936
6000000185987494883
6000000185987934838
6000000186008893896
6000000186043772952
6000000186056466210
6000000186062928983
6000000186084679833
6000000186084706829
6000000186084781835
6000000186084908843
6000000186149523918
6000000186149941686
6000000186149941714
6000000186149941720
6000000186149941726
6000000186149941733
6000000186149941738
6000000186149941756
6000000186150354909
6000000186162578232
6000000186163164995
6000000186163543872
6000000186184895679
6000000186197711888
6000000186227589866
6000000186249114134
6000000186267392971
6000000186267658951
6000000186278755822
6000000186290335734
6000000186290335740
6000000186290335744
6000000186290335763
6000000186290335773
6000000186290335777
6000000186290335781
6000000186290335800
6000000186290450600
6000000186290450606
6000000186290450611
6000000186290696357
6000000186290696394
6000000186290813148
6000000186290847173
6000000186290847179
6000000186290847192
6000000186290847252
6000000186290847265
6000000186290963488
6000000186290963498
6000000186291054183
6000000186291054187
6000000186291054195
6000000186291054199
6000000186291054203
6000000186291054207
6000000186291054211
6000000186291054215
6000000186291054219
6000000186291054223
6000000186291054227
6000000186291054231
6000000186291054235
6000000186291091051
6000000186291091055
6000000186291091059
6000000186291091063
6000000186291091067
6000000186291091071
6000000186291091075
6000000186291123568
6000000186291156199
6000000186291318061
6000000186291333947
6000000186291333978
6000000186291333998
6000000186291334027
6000000186291334043
6000000186291334049
6000000186291347877
6000000186291376899
6000000186291378901
6000000186291378905
6000000186291378925
6000000186291378929
6000000186291378976
6000000186291378981
6000000186291378986
6000000186291378990
6000000186291378994
6000000186291378998
6000000186291379002
6000000186291379006
6000000186291379012
6000000186291402868
6000000186291434824
6000000186291434832
6000000186328405180
6000000186328634048
6000000186328700017
6000000186334668866
6000000186417306841
6000000186417714843
6000000186417781837
6000000186417888828
6000000186445494821
6000000186504934855
6000000186578601824
6000000186584042905
6000000186584600826
6000000186633166980
6000000186633868932
6000000186634130876
6000000186634352876
6000000186634368888
6000000186634385910
6000000186634392851
6000000186634496845
6000000186634598866
6000000186634602838
6000000186634617828
6000000186634646856
6000000186641479970
6000000186641479975
6000000186641535900
6000000186642196919
6000000186642206942
6000000186642206960
6000000186642578884
6000000186642719872
6000000186643092837
6000000186643302822
6000000186643383842
6000000186643414844
6000000186643573847
6000000186648179822
6000000186648524851
6000000186659242914
6000000186659928857
6000000186660082875
6000000186660287859
6000000186660530824
6000000186660623823
6000000186661790833
6000000186661827821
6000000186661880865
6000000186668113902
6000000186670777823
6000000186672206840
6000000186672255832
6000000186672257829
6000000186672367827
6000000186672425822
6000000186672619878
6000000186672916855
6000000186673081831
6000000186673117828
6000000186673457843
6000000186676205827
6000000186676257824
6000000186676257873
6000000186676305823
6000000186676305829
6000000186676517837
6000000186680634842
6000000186681016931
6000000186681368863
6000000186681409844
6000000186681411875
6000000186681434823
6000000186681518837
6000000186681617839
6000000186681624850
6000000186681709853
6000000186681859822
6000000186681873831
6000000186681880828
6000000186682059853
6000000186684711843
6000000186697419878
6000000186697700876
6000000186698210841
6000000186698604915
6000000186698897863
6000000186699166854
6000000186699237838
6000000186699257830
6000000186699329829
6000000186699428837
6000000186699463833
6000000186699507825
6000000186699572830
6000000186699881831
6000000186700260870
6000000186700297961
6000000186700526859
6000000186700812849
6000000186700848837
6000000186707781878
6000000186708350847
6000000186709955838
6000000186709996834
6000000186710063826
6000000186710091827
6000000186710183821
6000000186710196821
6000000186710726880
6000000186711238861
6000000186711292839
6000000186711413828
6000000186711509915
6000000186711624846
6000000186711711836
6000000186711852837
6000000186711979949
6000000186712410924
6000000186712412841
6000000186712468821
6000000186712484821
6000000186712604892
6000000186712626915
6000000186712770874
6000000186712814829
6000000186713010839
6000000186713104821
6000000186713121827
6000000186716857035
6000000186717270923
6000000186717550890
6000000186717596852
6000000186717755870
6000000186717887835
6000000186721490968
6000000186722973830
6000000186726594036
6000000186729171831
6000000186729210940
6000000186729428823
6000000186729607863
6000000186730372823
6000000186732838824
6000000186756054906
6000000186759793822
6000000186761889822
6000000186761975846
6000000186761991823
6000000186768352969
6000000186774335843
6000000186774367830
6000000186774663824
6000000186774870828
6000000186774921841
6000000186774982822
6000000186774984823
6000000186775095827
6000000186775128821
6000000186775906270
6000000186775906288
6000000186775906298
6000000186776082339
6000000186776798863
6000000186776841862
6000000186776915836
6000000186776993822
6000000186777000823
6000000186777013850
6000000186777034777
6000000186777034811
6000000186777034820
6000000186777057846
6000000186777328821
6000000186777368821
6000000186777380828
6000000186777987593
6000000186777987605
6000000186778524821
6000000186779024873
6000000186779024877
6000000186779024883
6000000186779024959
6000000186779024965
6000000186779152838
6000000186779699824
6000000186779699828
6000000186781801862
6000000186796001877
6000000186796855601
6000000186796855612
6000000186800227854
6000000186803202824
6000000186804156827
6000000186807229897
6000000186807309851
6000000186807836841
6000000186808251821
6000000186808741825
6000000186812915833
6000000186813079821
6000000186813945873
6000000186816482865
6000000186816556855
6000000186816602837
6000000186816629837
6000000186821602822
6000000186821815841
6000000186821865854
6000000186821911833
6000000186831294843
6000000186831325843
6000000186831490834
6000000186834607824
6000000186834671821
6000000186839636882
6000000186839646875
6000000186839709867
6000000186839882879
6000000186839963852
6000000186840016834
6000000186840111853
6000000186840209834
6000000186840483822
6000000186840549821
6000000186840649831
6000000186841409846
6000000186860364857
6000000186861590846
6000000186862232837
6000000186884302826
6000000186886629827
6000000186889300903
6000000186892203856
6000000186892507830
6000000186919934837
6000000186923030847
6000000186923161855
6000000186923432832
6000000186923462826
6000000186923478828
6000000186923547822
6000000186923564821
6000000186923565823
6000000186923577821
6000000186928826838
6000000186966797830
6000000187037264960
6000000187037861848
6000000187041191899
6000000187059490908
6000000187060325826
6000000187060417838
6000000187109728834
6000000187159585879
6000000187175050847
6000000187245293821
6000000187269401902
6000000187274984824
6000000187275046822
6000000187277287824
6000000187289604865
6000000187290232821
6000000187290320833
6000000187290358864
6000000187290448822
6000000187290506822
6000000187290525836
6000000187290590822
6000000187290629821
6000000187290632844
6000000187297646919
6000000187312794840
6000000187400047848
6000000187409788904
6000000187410381823
6000000187419309834
6000000187628538828
6000000187628612893
6000000187629698831
6000000187629759833
6000000187633305854
6000000187633413861
6000000187671730862
6000000187671783833
6000000187690070591
6000000187690070594
6000000187751093887
6000000187751234852
6000000187751246877
6000000187751673854
6000000187752252841
6000000187752272841
6000000187764864836
6000000187817056920
6000000187817355835
6000000187817745876
6000000187817965844
6000000187818059845
6000000187818306836
6000000187818753821
6000000187866913850
6000000187867556821
6000000187867677861
6000000187867680828
6000000187867946832
6000000187881823847
6000000187897156827
6000000187977354859
6000000187977585843
6000000187979709833
6000000187994444854
6000000188009761821
6000000188079710840
6000000188079977821
6000000188087556838
6000000188160484863
6000000188174478846
6000000188174715822
6000000188205657826
6000000188216123837
6000000188219357831
6000000188219638879
6000000188220215852
6000000188251182827
6000000188285000994
6000000188286095834
6000000188332730846
6000000188335427821
6000000188336643846
6000000188336644874
6000000188380815851
6000000188398367847
6000000188401539998
6000000188403306917
6000000188403977833
6000000188494434823
6000000188496534836
6000000188499913858
6000000188567227831
6000000188580348835
6000000188594153828
6000000188603212874
6000000188603648821
6000000188605091939
6000000188611490851
6000000188615737865
6000000188616847822
6000000188616890823
6000000188617034826
6000000188617195849
6000000188624455847
6000000188645541828
6000000188654013871
6000000188654187821
6000000188654336837
6000000188654509854
6000000188654634883
6000000188654722835
6000000188654868843
6000000188655190871
6000000188655196849
6000000188655518822
6000000188655911850
6000000188656262845
6000000188656756919
6000000188657304840
6000000188657660942
6000000188657916889
6000000188657946822
6000000188658150821
6000000188658507859
6000000188658687828
6000000188658781866
6000000188659028830
6000000188660418860
6000000188660870830
6000000188664234850
6000000188672917847
6000000188673557852
6000000188674647842
6000000188674964841
6000000188675286846
6000000188687804864
6000000188688655839
6000000188689026831
6000000188692865874
6000000188693114869
6000000188693240856
6000000188694023914
6000000188703776825
6000000188703952831
6000000188704088833
6000000188704099866
6000000188704768825
6000000188704880835
6000000188705408821
6000000188705746828
6000000188706654844
6000000188725093824
6000000188728005870
6000000188732050989
6000000188732144836
6000000188734792905
6000000188735790859
6000000188755474840
6000000188755520835
6000000188755750822
6000000188755773821
6000000188755850835
6000000188769280834
6000000188769504868
6000000188769597837
6000000188769615829
6000000188769774849
6000000188769805831
6000000188769844831
6000000188774122873
6000000188774132879
6000000188774260873
6000000188774297827
6000000188774450830
6000000188774524828
6000000188774864941
6000000188775153821
6000000188775186821
6000000188789068835
6000000188789241843
6000000188789487827
6000000188789540845
6000000188791634825
6000000188792308854
6000000188801605836
6000000188801783828
6000000188801836860
6000000188802096872
6000000188802106834
6000000188802319864
6000000188809250841
6000000188809410821
6000000188843280835
6000000188853977863
6000000188861975848
6000000188870435849
6000000188884702825
6000000188896510994
6000000188922939850
6000000188948222886
6000000188948493856
6000000188948748835
6000000188948952824
6000000188949116825
6000000188949130821
6000000188972401831
6000000188979108871
6000000188986875911
6000000188991307934
6000000189020653822
6000000189051399833
6000000189120410834
6000000189120512850
6000000189120523839
6000000189142465855
6000000189142797852
6000000189146022848
6000000189146078843
6000000189146263824
6000000189221385821
6000000189221781839
6000000189229165825
6000000189256655874
6000000189257357825
6000000189257381840
6000000189257815851
6000000189354670857
6000000189354700836
6000000189357648844
6000000189357702845
6000000189357727827
6000000189378853827
6000000189379194835
6000000189379636821
6000000189380390823
6000000189380391826
6000000189389783844
6000000189428579925
6000000189428820881
6000000189429493835
6000000189430839870
6000000189431176831
6000000189442434974
6000000189442693845
6000000189442887847
6000000189454369823
6000000189454699832
6000000189458241821
6000000189533983826
6000000189553047851
6000000189603404861
6000000189622844829
6000000189623415834
6000000189623482834
6000000189653191831
6000000189658738823
6000000189672119867
6000000189672868825
6000000189672871824
6000000189676238856
6000000189703136853
6000000189703398839
6000000189703408853
6000000189704870849
6000000189715766833
6000000189724536865
6000000189724711829
6000000189724865834
6000000189804944847
6000000189824227889
6000000189824686821
6000000189852525836
6000000189872847825
6000000189925687853
6000000190020800874
6000000190026387944
6000000190046219413
6000000190046219437
6000000190046219447
6000000190046236750
6000000190046550482
6000000190046550510
6000000190046550514
6000000190046550521
6000000190046550524
6000000190047207908
6000000190048405011
6000000190087709072
6000000190100295825
6000000190171134855
6000000190209677854
6000000190228006830
6000000190375033929
6000000190376015832
6000000190376173831
6000000190388347850
6000000190388499843
6000000190391998834
6000000190393669825
6000000190433368952
6000000190433782898
6000000190434110845
6000000190434223821
6000000190434239823
6000000190454180386
6000000190454180392
6000000190454180514
6000000190454180604
6000000190454180619
6000000190454180628
6000000190454180632
6000000190454180636
6000000190454180641
6000000190454180647
6000000190454180664
6000000190454180674
6000000190454180678
6000000190463630823
6000000190493368847
6000000190493641843
6000000190494219879
6000000190494284863
6000000190559050829
6000000190571944850
6000000190577485824
6000000190679906833
6000000190680137821
6000000190695500852
6000000190709326826
6000000190710987843
6000000190729488823
6000000190769357908
6000000190781202914
6000000190792008892
6000000190837620877
6000000190850580369
6000000190850580374
6000000190851025623
6000000190851025642
6000000190851025701
6000000190852775522
6000000190852775636
6000000190853229580
6000000190854564958
6000000190854564965
6000000190854565032
6000000190854704025
6000000190854704029
6000000190855043840
6000000190856978830
6000000190889844881
6000000190904666831
6000000190940299863
6000000190952756870
6000000190952794837
6000000190957396865
6000000191042279867
6000000191042426860
6000000191042591859
6000000191042730828
6000000191042751823
6000000191042764831
6000000191042790823
6000000191042824821
6000000191063799862
6000000191078173866
6000000191078589837
6000000191078616826
6000000191078746828
6000000191100376821
6000000191132559824
6000000191164843833
6000000191182530828
6000000191192986862
6000000191212564889
6000000191212754838
6000000191217241827
6000000191219643940
6000000191220931845
6000000191277605824
6000000191284062851
6000000191284743827
6000000191335163823
6000000191411998830
6000000191418517824
6000000191531587838
6000000191540889160
6000000191589057821
6000000191603893874
6000000191604734823
6000000191643815929
6000000191644057858
6000000191644503837
6000000191707267821
6000000191714382965
6000000191786071833
6000000191821827843
6000000191828899826
6000000191861649823
6000000191900443868
6000000191955136827
6000000191960649857
6000000191960755852
6000000192004962881
6000000192009414832
6000000192009475821
6000000192063130823
6000000192081908876
6000000192082285854
6000000192082654821
6000000192094839848
6000000192109614842
6000000192117484837
6000000192117484841
6000000192118185887
6000000192118185891
6000000192118185899
6000000192118185903
6000000192119374840
6000000192119374844
6000000192119374848
6000000192119374852
6000000192119374856
6000000192119374860
6000000192120245863
6000000192120279894
6000000192120391860
6000000192120578859
6000000192120683840
6000000192120710827
6000000192120782822
6000000192125192838
6000000192143192821
6000000192207873830
6000000192219646834
6000000192220053826
6000000192231717842
6000000192234001824
6000000192272783826
6000000192272961821
6000000192298913843
6000000192299211828
6000000192315756824
6000000192316026836
6000000192316092832
6000000192334027842
6000000192339462869
6000000192339558851
6000000192349750975
6000000192351587867
6000000192351857824
6000000192352813836
6000000192391854840
6000000192391965827
6000000192392162821
6000000192392442822
6000000192402959823
6000000192403227824
6000000192462429867
6000000192463486836
6000000192463507974
6000000192471779821
6000000192476373839
6000000192476623838
6000000192476717850
6000000192476825854
6000000192477364824
6000000192480479830
6000000192480711831
6000000192492500822
6000000192493270882
6000000192494002853
6000000192495326832
6000000192509506821
6000000192516445874
6000000192518869845
6000000192519778831
6000000192520525831
6000000192520819849
6000000192534888862
6000000192534888894
6000000192614142917
6000000192614741002
6000000192822655858
6000000192837849821
6000000192878784829
6000000192941798825
6000000192960395894
6000000192972560845
6000000192972817825
6000000192972841823
6000000192980211898
6000000192981486821
6000000193007812821
6000000193013178834
6000000193059395888
6000000193080580861
6000000193090031837
6000000193090464823
6000000193156567824
6000000193166601823
6000000193169364854
6000000193174084832
6000000193198992826
6000000193236715856
6000000193237297877
6000000193238025828
6000000193238124878
6000000193238201839
6000000193238272831
6000000193238275821
6000000193238341829
6000000193238481835
6000000193238510826
6000000193280047864
6000000193314382853
6000000193314828907
6000000193319352824
6000000193321309821
6000000193327393871
6000000193327718826
6000000193328367841
6000000193329611901
6000000193332337870
6000000193333039826
6000000193333570823
6000000193334254827
6000000193334632825
6000000193349953825
6000000193349994867
6000000193350034865
6000000193350438821
6000000193354032831
6000000193354305878
6000000193354573832
6000000193355027824
6000000193355625851
6000000193355831844
6000000193356076844
6000000193356390826
6000000193365338825
6000000193378205831
6000000193395374821
6000000193395954881
6000000193396955827
6000000193428666009
6000000193457699889
6000000193457699900
6000000193458525851
6000000193459409826
6000000193460231840
6000000193460638821
6000000193461013821
6000000193461823851
6000000193461902877
6000000193462521834
6000000193463967829
6000000193484244823
6000000193500871841
6000000193501576829
6000000193501605840
6000000193501904822
6000000193504447902
6000000193505348830
6000000193509513823
6000000193509744823
6000000193514258826
6000000193514621821
6000000193514650822
6000000193519174828
6000000193605864822
6000000193607382920
6000000193607411887
6000000193607526863
6000000193607603863
6000000193643192282
6000000193643192288
6000000193657353829
6000000193666352843
6000000193668123862
6000000193672044850
6000000193675091852
6000000193688177837
6000000193688376821
6000000193728205822
6000000193728489848
6000000193731618844
6000000193743738857
6000000193745716828
6000000193765372821
6000000193766312831
6000000193766373849
6000000193766773825
6000000193779649833
6000000193779649837
6000000193779649841
6000000193779649845
6000000193779649849
6000000193779649853
6000000193779649862
6000000193779821828
6000000193779821832
6000000193813489826
6000000193814151862
6000000193814665853
6000000193815503844
6000000193817056868
6000000193819996867
6000000193822863880
6000000193824168887
6000000193826513825
6000000193827552825
6000000193828104886
6000000193828382900
6000000193829961822
6000000193831073822
6000000193832001827
6000000193832015822
6000000193832688848
6000000193833325920
6000000193833823838
6000000193834396821
6000000193834626885
6000000193834876822
6000000193835228821
6000000193835455823
6000000193840229927
6000000193840417878
6000000193840444851
6000000193840840823
6000000193841218822
6000000193841325826
6000000193841407829
6000000193841560833
6000000193842465821
6000000193843451825
6000000193844285877
6000000193844529876
6000000193844831824
6000000193851761923
6000000193853975848
6000000193854289902
6000000193857912821
6000000193875866856
6000000193876129880
6000000193876453822
6000000193876460892
6000000193876669839
6000000193877438821
6000000193877682858
6000000193877829841
6000000193887903958
6000000193887922841
6000000193888255954
6000000193888376872
6000000193888563900
6000000193888999839
6000000193889353884
6000000193889751878
6000000193890298835
6000000193891146840
6000000193903894837
6000000193904308821
6000000193904469860
6000000193904652829
6000000193916276906
6000000193916346878
6000000193916679852
6000000193916785894
6000000193916847832
6000000193916949823
6000000193918724826
6000000193922739876
6000000193923169872
6000000193923328823
6000000193924556847
6000000193925112821
6000000193926496846
6000000193926526821
6000000193926597822
6000000193928044850
6000000193928051839
6000000193928110850
6000000193932799835
6000000193945113833
6000000193945754889
6000000193945758835
6000000193946771909
6000000193947309931
6000000193947727914
6000000193947773882
6000000193952164836
6000000193953184892
6000000193953356867
6000000193953809832
6000000193954416876
6000000193955888909
6000000193955888926
6000000193964604939
6000000193965782858
6000000193966531834
6000000193973176859
6000000193973235834
6000000193973680824
6000000193973775937
6000000193975643824
6000000193975742834
6000000193975894845
6000000193976173821
6000000193976757830
6000000193977141824
6000000193978564845
6000000193979827836
6000000193979894835
6000000193980594847
6000000193980743880
6000000194008311869
6000000194008545843
6000000194008664822
6000000194008732827
6000000194028114823
6000000194037985947
6000000194038452824
6000000194038681866
6000000194040157824
6000000194045284838
6000000194045691835
6000000194046468829
6000000194046797874
6000000194046807824
6000000194046975824
6000000194047005875
6000000194047350821
6000000194047600822
6000000194053677829
6000000194053877919
6000000194054731829
6000000194056470919
6000000194057616840
6000000194060331938
6000000194060769821
6000000194060956836
6000000194060962831
6000000194070347841
6000000194072354849
6000000194072675827
6000000194073978909
6000000194073998821
6000000194074080878
6000000194074333843
6000000194074560854
6000000194076385896
6000000194076531860
6000000194077074823
6000000194077457845
6000000194077551843
6000000194077763829
6000000194078705823
6000000194078743821
6000000194114116832
6000000194114133856
6000000194114280823
6000000194114404848
6000000194122881821
6000000194122978854
6000000194123076846
6000000194123138823
6000000194124501880
6000000194124612875
6000000194163758825
6000000194171848844
6000000194182673851
6000000194184293860
6000000194184585846
6000000194184789832
6000000194184877856
6000000194185938830
6000000194186074824
6000000194186115828
6000000194186680823
6000000194202747850
6000000194202917835
6000000194202948822
6000000194244439821
6000000194246662868
6000000194315696836
6000000194322614843
6000000194322723839
6000000194323083836
6000000194343892821
6000000194401638864
6000000194401948865
6000000194403697840
6000000194403904836
6000000194404036833
6000000194499699908
6000000194524127822
6000000194532171840
6000000194643296863
6000000194677299821
6000000194694808834
6000000194695540919
6000000194714095835
6000000194751361843
6000000194849479821
6000000194850997826
6000000194903050855
6000000194904367821
6000000194942233911
6000000194958495835
6000000194958711832
6000000194962420825
6000000195000556825
6000000195016943916
6000000195068547821
6000000195319214841
6000000195328052821
6000000195335345849
6000000195335541900
6000000195336432835
6000000195337229872
6000000195348958823
6000000195356825868
6000000195395303855
6000000195398402823
6000000195425424851
6000000195436028833
6000000195504881869
6000000195505386876
6000000195505507831
6000000195600929834
6000000195600935826
6000000195600953825
6000000195600973842
6000000195601076824
6000000195680956823
6000000195681127862
6000000195688558826
6000000195730894900
6000000195733226854
6000000195939975841
6000000195949845896
6000000196056775855
6000000196056824843
6000000196056974838
6000000196135576869
6000000196137561850
6000000196143352833
6000000196143924823
6000000196519160851
6000000196519488826
6000000196519567821
6000000196550067845
6000000196550631821
6000000196550759834
6000000196611342884
6000000196612167827
6000000196679776874
6000000196681255821
6000000196717367822
6000000196722441821
6000000196724199830
6000000196740544868
6000000196741097840
6000000196741110842
6000000196742929892
6000000196743266840
6000000196743341833
6000000196743489840
6000000196743626821
6000000196785096962
6000000196844882872
6000000196844972825
6000000196845150856
6000000196845198845
6000000196845213827
6000000196845319827
6000000196846730856
6000000196851423885
6000000196851583856
6000000196851762854
6000000196851791865
6000000196851810867
6000000196851815857
6000000196851900840
6000000196851956890
6000000196852092846
6000000196852105821
6000000196852113827
6000000196852147825
6000000196852367821
6000000196856517821
6000000196859380857
6000000196859490849
6000000196859565861
6000000196859582824
6000000196859603869
6000000196859620823
6000000196859729821
6000000196859788821
6000000196859935822
6000000196859940846
6000000196860289828
6000000196869757834
6000000196870301886
6000000196870659859
6000000196870926842
6000000196871028825
6000000196871100821
6000000196871100840
6000000196871377832
6000000196871618889
6000000196872080899
6000000196872265841
6000000196872318829
6000000196872327828
6000000196872487864
6000000196872654826
6000000196872722826
6000000196872733838
6000000196872734824
6000000196892372516
6000000196892889753
6000000196892889786
6000000196892889800
6000000196892889808
6000000196892889816
6000000196893755823
6000000196893755974
6000000196893755998
6000000196893756009
6000000196893756019
6000000196893756027
6000000196893756032
6000000196897375858
6000000196898046833
6000000196898131832
6000000196920596544
6000000196964708842
6000000197067848892
6000000197068312871
6000000197069007832
6000000197069104836
6000000197069140842
6000000197069176821
6000000197069263821
6000000197071044878
6000000197071403823
6000000197071571832
6000000197072143822
6000000197072198824
6000000197101263916
6000000197108231834
6000000197131138861
6000000197150063063
6000000197151750841
6000000197198110860
6000000197198179869
6000000197198326850
6000000197198340848
6000000197198463853
6000000197198474829
6000000197198563856
6000000197209119828
6000000197219275900
6000000197219724828
6000000197219751845
6000000197242877870
6000000197250339831
6000000197250412828
6000000197448967822
6000000197480252833
6000000197517788824
6000000197536864908
6000000197642952926
6000000197643556869
6000000197643567866
6000000197643583863
6000000197643760823
6000000197643915822
6000000197644087829
6000000197656307866
6000000197656872851
6000000197656930878
6000000197657279826
6000000197657328840
6000000197658180875
6000000197682809831
6000000197682839830
6000000197683105836
6000000197767531865
6000000197767633844
6000000197792827862
6000000197793239828
6000000197793336828
6000000197793990944
6000000197794000898
6000000197794024875
6000000197794193866
6000000197794198892
6000000197794338846
6000000197794441845
6000000197794441862
6000000197794473838
6000000197794477850
6000000197794573823
6000000197794595824
6000000197794687821
6000000197809046844
6000000197809098824
6000000197836313827
6000000197844863834
6000000197847475365
6000000197848563102
6000000197900320019
6000000197931497822
6000000197931581829
6000000197935350887
6000000197935448903
6000000197935480873
6000000197935802879
6000000197935897821
6000000197936204832
6000000197956523838
6000000198031358001
6000000198031358098
6000000198031358116
6000000198031358121
6000000198069526863
6000000198101732593
6000000198117286006
6000000198118095909
6000000198118114874
6000000198118114906
6000000198118181890
6000000198118248847
6000000198118328836
6000000198118355913
6000000198118419823
6000000198118491834
6000000198118529838
6000000198118720821
6000000198118821833
6000000198119044825
6000000198119122869
6000000198119155821
6000000198119190839
6000000198119258851
6000000198119509821
6000000198195555869
6000000198195803842
6000000198199380876
6000000198199833830
6000000198199870835
6000000198199876822
6000000198199890857
6000000198199899830
6000000198209681843
6000000198211244869
6000000198211272842
6000000198211409842
6000000198211512856
6000000198211512878
6000000198211686822
6000000198211867828
6000000198211903825
6000000198211962850
6000000198212009828
6000000198212146829
6000000198212192824
6000000198212206843
6000000198212276821
6000000198212302825
6000000198212381823
6000000198212453821
6000000198212470955
6000000198212566821
6000000198212880822
6000000198213069842
6000000198213260869
6000000198213371887
6000000198213435823
6000000198213584822
6000000198213630924
6000000198213632838
6000000198213636828
6000000198213897864
6000000198214001847
6000000198214024829
6000000198214026821
6000000198214075838
6000000198214238824
6000000198214316844
6000000198214513821
6000000198214562821
6000000198214820821
6000000198214836823
6000000198214872832
6000000198214880826
6000000198215123826
6000000198215148822
6000000198257022779
6000000198257748860
6000000198257748872
6000000198279321901
6000000198280291857
6000000198280353857
6000000198280369872
6000000198280427838
6000000198280430836
6000000198280435849
6000000198280457855
6000000198280499849
6000000198280508829
6000000198280509851
6000000198280562822
6000000198280586837
6000000198280598850
6000000198280618821
6000000198280618838
6000000198280639822
6000000198280668821
6000000198280681823
6000000198280703821
6000000198287910831
6000000198287987832
6000000198319090903
6000000198319485850
6000000198319694848
6000000198320798841
6000000198320922862
6000000198322271844
6000000198323045871
6000000198323349837
6000000198323389940
6000000198323699895
6000000198324273825
6000000198327611864
6000000198327972872
6000000198328125847
6000000198328223841
6000000198331999824
6000000198332058821
6000000198335942828
6000000198336420858
6000000198336510823
6000000198661141824
6000000198661166822
6000000198674715958
6000000198676529860
6000000198676547853
6000000198676593828
6000000198676692843
6000000198676698834
6000000198676700821
6000000198676708830
6000000198676710837
6000000198676771843
6000000198676771850
6000000198676797828
6000000198676900823
6000000198677124834
6000000198677502831
6000000198712172824
6000000198712365821
6000000198796593856
6000000198848153835
6000000198848375866
6000000198848404832
6000000198848409831
6000000198848444822
6000000198848478828
6000000198848558823
6000000198848600821
6000000198848699821
6000000198848738826
6000000198848748821
6000000198863481833
6000000198914931857
6000000198915537865
6000000198955332956
6000000198955535830
6000000199070055855
6000000199070367825
6000000199108085828
6000000199109881825
6000000199110643821
6000000199120149880
6000000199142798847
6000000199142925822
6000000199174328821
6000000199294876825
6000000199304245899
6000000199348858848
6000000199371510934
6000000199371698859
6000000199371898881
6000000199372008870
6000000199500006867
6000000199504518826
6000000199504772831
6000000199510241830
6000000199534579853
6000000199534681821
6000000199555791859
6000000199594460853
6000000199598617826
6000000199598724850
6000000199598865821
6000000199664365830
6000000199693306821
6000000199704363829
6000000199704451833
6000000199704488832
6000000199704692821
6000000199785806866
6000000199848955833
6000000199909539870
6000000199984604859
6000000200019475855
6000000200110905830
6000000200253736861
6000000200258805882
6000000200259350843
6000000200274665860
6000000200274747824
6000000200326311985
6000000200354823849
6000000200355729824
6000000200355951822
6000000200356393868
6000000200444614055
6000000200514359836
6000000200617125824
6000000200618356828
6000000200618474823
6000000200633408841
6000000200707311840
6000000200707569822
6000000200708240836
6000000200718887850
6000000200811058821
6000000200930048847
6000000200946793946
6000000200947772838
6000000201030102876
6000000201032346824
6000000201115301829
6000000201119128830
6000000201119130863
6000000201119145827
6000000201119451837
6000000201119474825
6000000201119483839
6000000201119502836
6000000201119588821
6000000201119612822
6000000201119633861
6000000201119643824
6000000201119695839
6000000201119719824
6000000201119796824
6000000201119821821
6000000201119864825
6000000201119947846
6000000201121727826
6000000201121782866
6000000201122019836
6000000201122060832
6000000201124283874
6000000201144759821
6000000201200198956
6000000201222987878
6000000201277901829
6000000201305549839
6000000201353542821
6000000201375663832
6000000201376840834
6000000201397647829
6000000201405578821
6000000201406347834
6000000201406634859
6000000201407164851
6000000201411308880
6000000201487850950
6000000201619352821
6000000201653568824
6000000201657145921
6000000201657440825
6000000201668308822
6000000201819379851
6000000201829939821
6000000201862218831
6000000201862772821
6000000201912424830
6000000201912544821
6000000201975519843
6000000201975550845
6000000201975817823
6000000201981881869
6000000202022943858
6000000202051345834
6000000202051856845
6000000202052260831
6000000202052262850
6000000202058564821
6000000202063513822
6000000202170830821
6000000202187433927
6000000202187921895
6000000202204234822
6000000202208266824
6000000202220735849
6000000202220799835
6000000202220804846
6000000202238426821
6000000202355576829
6000000202355642821
6000000202355711821
6000000202356777821
6000000202356888832
6000000202394935843
6000000202481345836
6000000202481384826
6000000202626942824
6000000202628999864
6000000202681499323
6000000202681499330
6000000202681499344
6000000202681499350
6000000202682643567
6000000202693733331
6000000202693733337
6000000202693733373
6000000202714007569
6000000202716356353
6000000202716356359
6000000202716356365
6000000202716356371
6000000202716356377
6000000202717291000
6000000202760826822
6000000202768749856
6000000202768770836
6000000202768819832
6000000202768933852
6000000202769457829
6000000202772319823
6000000202772380827
6000000202792362822
6000000202836765833
6000000202905091844
6000000202905133844
6000000202905153828
6000000202905206849
6000000202905301821
6000000202905403822
6000000202972642874
6000000202973299821
6000000202981525822
6000000203016179879
6000000203016701822
6000000203174431836
6000000203187294920
6000000203187591913
6000000203324635061
6000000203335876833
6000000203344041854
6000000203344156834
6000000203345536823
6000000203357098843
6000000203357642821
6000000203413524094
6000000203413524108
6000000203413524112
6000000203413524125
6000000203413524129
6000000203413524136
6000000203413767075
6000000203413767084
6000000203413767092
6000000203413899137
6000000203413899152
6000000203413899162
6000000203413899169
6000000203456452317
6000000203456452323
6000000203456452329
6000000203456452335
6000000203456452347
6000000203456452353
6000000203456452365
6000000203460191828
6000000203462386123
6000000203462386147
6000000203462386153
6000000203462386158
6000000203462386188
6000000203464190948
6000000203464190952
6000000203465538878
6000000203466177837
6000000203474108129
6000000203474108133
6000000203485373847
6000000203485844826
6000000203485855821
6000000203488380798
6000000203489990204
6000000203532767822
6000000203593480839
6000000203596739835
6000000203623679127
6000000203628591822
6000000203628592822
6000000203655787829
6000000203655787841
6000000203655787847
6000000203655787942
6000000203738880824
6000000203739002822
6000000203807571855
6000000203809272835
6000000203809300821
6000000203809337821
6000000203849781866
6000000203852228821
6000000203852514822
6000000203852655831
6000000203858197835
6000000203867247824
6000000203891231835
6000000203892714821
6000000203944278841
6000000203949376842
6000000203949477850
6000000203959946822
6000000203969873894
6000000203987000842
6000000204128296852
6000000204128363837
6000000204129005844
6000000204142254821
6000000204143532867
6000000204160592835
6000000204161650854
6000000204169149838
6000000204169159830
6000000204184315840
6000000204365592835
6000000204365715821
6000000204365731823
6000000204387068825
6000000204387083821
6000000204395895837
6000000204396273825
6000000204396300828
6000000204402694849
6000000204429574821
6000000204450541822
6000000204522265237
6000000204580333020
6000000204661077037
6000000204661077045
6000000204716850840
6000000204717245823
6000000204717290821
6000000204732088842
6000000204802442836
6000000204802645825
6000000204906984826
6000000204948181824
6000000204976260864
6000000204977399825
6000000204985040843
6000000205002027857
6000000205002031908
6000000205090503896
6000000205091146879
6000000205091244840
6000000205091298842
6000000205091700823
6000000205092417878
6000000205092642826
6000000205094399851
6000000205099699668
6000000205101055448
6000000205101055460
6000000205101055472
6000000205101055480
6000000205101055488
6000000205101055498
6000000205101055508
6000000205101055518
6000000205101055528
6000000205101055540
6000000205101055550
6000000205101055560
6000000205101055568
6000000205164267887
6000000205164331880
6000000205169809316
6000000205169809324
6000000205169809331
6000000205169809336
6000000205169809341
6000000205169809352
6000000205169809359
6000000205169809365
6000000205169809373
6000000205169809381
6000000205169809391
6000000205169809398
6000000205169809404
6000000205169809409
6000000205169916089
6000000205169916094
6000000205169916099
6000000205169916111
6000000205169916133
6000000205169916138
6000000205169916148
6000000205170662126
6000000205170662173
6000000205170662273
6000000205172181838
6000000205187641833
6000000205309133834
6000000205309298850
6000000205327732840
6000000205327752823
6000000205330073838
6000000205340173862
6000000205340189857
6000000205340418842
6000000205352571697
6000000205352864766
6000000205352864769
6000000205352864791
6000000205352864803
6000000205352864808
6000000205352864820
6000000205363589874
6000000205377325509
6000000205458369837
6000000205473495836
6000000205473625823
6000000205516528856
6000000205528036824
6000000205556743868
6000000205564712834
6000000205564974830
6000000205565036828
6000000205577572845
6000000205577615838
6000000205577959841
6000000205578001823
6000000205580228839
6000000205597113836
6000000205597537823
6000000205610809006
6000000205610809034
6000000205610809068
6000000205610809084
6000000205610809089
6000000205611040516
6000000205611318852
6000000205611318878
6000000205611318890
6000000205611318896
6000000205680353844
6000000205680482846
6000000205700830850
6000000205701013823
6000000205701051827
6000000205730356821
6000000205741652832
6000000205746516878
6000000205746948828
6000000205753181823
6000000205775807837
6000000205866461832
6000000205866604824
6000000205866650852
6000000205866677821
6000000205867864828
6000000205867894830
6000000205868080821
6000000205868080848
6000000205868305854
6000000205889748824
6000000205947745842
6000000205967684907
6000000205967882826
6000000205967905858
6000000205983913833
6000000205984034846
6000000205984046823
6000000205984111833
6000000206005279822
6000000206011349022
6000000206027417833
6000000206027566825
6000000206029508840
6000000206029580822
6000000206029718843
6000000206122497843
6000000206122620821
6000000206132803913
6000000206132861824
6000000206156519658
6000000206156519664
6000000206156519670
6000000206164593897
6000000206164593922
6000000206164611886
6000000206164681823
6000000206167323828
6000000206172069927
6000000206172286835
6000000206172324842
6000000206205331834
6000000206205491824
6000000206205846852
6000000206205911847
6000000206205976832
6000000206235691836
6000000206240762821
6000000206279791958
6000000206279877879
6000000206307176834
6000000206308270833
6000000206308619838
6000000206308702823
6000000206329929833
6000000206330046824
6000000206330207876
6000000206330385826
6000000206331657823
6000000206336901837
6000000206340108554
6000000206340108565
6000000206340108588
6000000206341928101
6000000206341928113
6000000206341928118
6000000206341928124
6000000206341928130
6000000206341928135
6000000206341928151
6000000206403944844
6000000206416259923
6000000206429438874
6000000206511039029
6000000206512604830
6000000206533875858
6000000206621751863
6000000206644557124
6000000206645723886
6000000206645919826
6000000206652275918
6000000206652275927
6000000206652386942
6000000206652408926
6000000206652466830
6000000206652499835
6000000206652530833
6000000206652558850
6000000206652559829
6000000206652569836
6000000206652623841
6000000206702218851
6000000206724861859
6000000206791068830
6000000206791068841
6000000206791068852
6000000206791068859
6000000206791068873
6000000206791068884
6000000206791068897
6000000206791068904
6000000206791068915
6000000206832461978
6000000206870580862
6000000206963018830
6000000207018289826
6000000207022746848
6000000207028613845
6000000207028693856
6000000207028824821
6000000207028831821
6000000207043810866
6000000207051562920
6000000207052003827
6000000207080797862
6000000207090545909
6000000207117040839
6000000207121398821
6000000207132302835
6000000207132401851
6000000207132622839
6000000207132631823
6000000207132715822
6000000207132756822
6000000207132769833
6000000207132900828
6000000207137268825
6000000207137642831
6000000207178350832
6000000207224802712
6000000207224802722
6000000207224892879
6000000207225419829
6000000207225419846
6000000207244804871
6000000207272996833
6000000207315224947
6000000207323780874
6000000207323807851
6000000207324175848
6000000207324289839
6000000207324400835
6000000207324650822
6000000207325075895
6000000207325415854
6000000207325566831
6000000207325693822
6000000207337967825
6000000207338116825
6000000207463207841
6000000207509263830
6000000207568298862
6000000207568364839
6000000207568373824
6000000207568395868
6000000207568410833
6000000207568425824
6000000207568452821
6000000207568453840
6000000207706347562
6000000207706347577
6000000207706347600
6000000207706347613
6000000207706347624
6000000207706347629
6000000207706347642
6000000207706347655
6000000207706347668
6000000207706347680
6000000207709052094
6000000207710426806
6000000207711311824
6000000207712737821
6000000207717725701
6000000207717725783
6000000207778966823
6000000207778991821
6000000207842808839
6000000207844087837
6000000207844253821
6000000207874609870
6000000207904775873
6000000207904910856
6000000207904983857
6000000207904987835
6000000207905031827
6000000207905107824
6000000207905126822
6000000207905132823
6000000207905156821
6000000207910953045
6000000207910953081
6000000207910953086
6000000207910953092
6000000207910953099
6000000207910953107
6000000207910953112
6000000207910953117
6000000207911485101
6000000207917918855
6000000207952405887
6000000207952405953
6000000207957941918
6000000207963200479
6000000207963506588
6000000207999165626
6000000207999165639
6000000207999194312
6000000207999194317
6000000207999194322
6000000208007883893
6000000208008831880
6000000208008904823
6000000208008905839
6000000208008918861
6000000208008990832
6000000208009008836
6000000208009057856
6000000208009107838
6000000208009121825
6000000208014583186
6000000208249247874
6000000208328985280
6000000208328985286
6000000208328985292
6000000208400179827
6000000208402501821
6000000208437958869
6000000208438025841
6000000208438079835
6000000208438131848
6000000208438153821
6000000208440472837
6000000208469949534
6000000208469949575
6000000208490614631
6000000208490614654
6000000208490614663
6000000208490614679
6000000208490614696
6000000208490614726
6000000208492448338
6000000208492448348
6000000208492448366
6000000208492448386
6000000208492448394
6000000208492448405
6000000208492448682
6000000208492448692
6000000208493300894
6000000208493301017
6000000208493301046
6000000208493301055
6000000208493301129
6000000208493445934
6000000208493445939
6000000208493445954
6000000208493445961
6000000208493445966
6000000208493445972
6000000208493446022
6000000208493446054
6000000208542734205
6000000208542734217
6000000208542734234
6000000208596317846
6000000208781183875
6000000208781239843
6000000208781391868
6000000208835343928
6000000208835734835
6000000209007787856
6000000209024279838
6000000209024400821
6000000209026281821
6000000209031926886
6000000209032398834
6000000209085936828
6000000209086454823
6000000209086639838
6000000209103455853
6000000209103496834
6000000209103514837
6000000209103568827
6000000209111320822
6000000209139795844
6000000209215238831
6000000209219636850
6000000209222139845
6000000209246511909
6000000209260580863
6000000209305783825
6000000209313291834
6000000209374554827
6000000209375490833
6000000209405873823
6000000209416425821
6000000209450407895
6000000209450686872
6000000209537042821
6000000209589240824
6000000209631204821
6000000209758762844
6000000209758808827
6000000209758851852
6000000209771727825
6000000209779109904
6000000209779150875
6000000209779415823
6000000209779453821
6000000209785486851
6000000209786822830
6000000209786863840
6000000209787220824
6000000209789439022
6000000209789471848
6000000209789475857
6000000209807166827
6000000209813835846
6000000209813931824
6000000209895113831
6000000209898672874
6000000209902046840
6000000209902175827
6000000209902253823
6000000209903971020
6000000209904103850
6000000209904112848
6000000209904113838
6000000209904154855
6000000209904286827
6000000209933314843
6000000209976723825
6000000210195540821
6000000210348041823
6000000210444296828
6000000210481196825
6000000210481906829
6000000210482927824
6000000210483023822
6000000210483216837
6000000210534614840
6000000210534670828
6000000210534677822
6000000210534681828
6000000210535155851
6000000210590742832
6000000210726963869
6000000210782435829
6000000210782474821
6000000210815899851
6000000210816121821
6000000210816170821
6000000210966287880
6000000211014030822
6000000211014030826
6000000211014030830
6000000211096242827
6000000211152932830
6000000211177534834
6000000211177534847
6000000211600366821
6000000211600675827
6000000211627180822
6000000211780118843
6000000211816312828
6000000211855101830
6000000211860183821
6000000211861350826
6000000211861371825
6000000211861466859
6000000211861745836
6000000211862906843
6000000212132505825
6000000212133631850
6000000212195049199
6000000212195049204
6000000212297887845
6000000212297943830
6000000212298026829
6000000212316175838
6000000212358064852
6000000212358136840
6000000212358325855
6000000212358379829
6000000212682441839
6000000212682527826
6000000212683220826
6000000212683238821
6000000212683453826
6000000212759973822
6000000212760172830
6000000213036378821
6000000213145610822
6000000213182800830
6000000213199882824
6000000213200331825
6000000213200434821
6000000213315893823
6000000213404932821
6000000213432603831
6000000213432641823
6000000213475511837
6000000213519716834
6000000213590940822
6000000213737535880
6000000213871672823
6000000214080136873
6000000214080263821
6000000214080334830
6000000214092237831
6000000214112932831
6000000214159408821
6000000214205508825
6000000214212454828
6000000214212558821
6000000214252866866
6000000214253320832
6000000214258610839
6000000214258959821
6000000214294122825
6000000214326997823
6000000214454135851
6000000214584630826
6000000214623238822
6000000214727175841
6000000214780620829
6000000214803547823
6000000214819613850
6000000214873991821
6000000214874624825
6000000214875082834
6000000214875157829
6000000214876687832
6000000214877169837
6000000214877350970
6000000214877350974
6000000214877350978
6000000214877351052
6000000214877351171
6000000214890335843
6000000214890957821
6000000214891053830
6000000214972181821
6000000215006389829
6000000215006491824
6000000215006797839
6000000215006976860
6000000215007249821
6000000215007256833
6000000215007441836
6000000215007614826
6000000215007740821
6000000215007869829
6000000215007879821
6000000215007955827
6000000215008082835
6000000215008215828
6000000215008242825
6000000215008311828
6000000215070652841
6000000215070727821
6000000215071370859
6000000215071940823
6000000215107203830
6000000215142816822
6000000215215209825
6000000215215252833
6000000215215276821
6000000215240266821
6000000215254443822
6000000215300537823
6000000215319625821
6000000215339989835
6000000215362023909
6000000215416956824
6000000215416969821
6000000215417020822
6000000215417049833
6000000215417098821
6000000215417144828
6000000215417838834
6000000215417899833
6000000215456456839
6000000215456573828
6000000215457094848
6000000215457133822
6000000215457723821
6000000215470511824
6000000215480409865
6000000215480475821
6000000215480590829
6000000215480702823
6000000215480754834
6000000215480992833
6000000215481023821
6000000215481144821
6000000215481206822
6000000215504691823
6000000215508382828
6000000215533824822
6000000215628533825
6000000215631430823
6000000215764367870
6000000215764435831
6000000215764514836
6000000215764719821
6000000215765173837
6000000215789859830
6000000215806578832
6000000215824796822
6000000215838167824
6000000215838210838
6000000215840508832
6000000215840550838
6000000215840594826
6000000215841576843
6000000215841667828
6000000215863017830
6000000215889457852
6000000215903502826
6000000215910743827
6000000215940492834
6000000215943531835
6000000215943666821
6000000215947836821
6000000215952116821
6000000215952135825
6000000215962829826
6000000215962902841
6000000215968674844
6000000215968717827
6000000215968930821
6000000215968930836
6000000215976519821
6000000216014650823
6000000216061104857
6000000216061296827
6000000216062489864
6000000216062599882
6000000216080280827
6000000216105320858
6000000216105365822
6000000216122852839
6000000216134177829
6000000216135721824
6000000216287524889
6000000216288472857
6000000216288670839
6000000216288710833
6000000216288735828
6000000216288738845
6000000216288813834
6000000216288844842
6000000216288899832
6000000216288961821
6000000216340900835
6000000216506369923
6000000216506802841
6000000216506893829
6000000216506938823
6000000216506959822
6000000216506966821
6000000216506967821
6000000216557651841
6000000216565940832
6000000216567877843
6000000216568067827
6000000216568075869
6000000216568077848
6000000216568104834
6000000216568301823
6000000216568305822
6000000216576407847
6000000216576462836
6000000216630713822
6000000216630718827
6000000216630860867
6000000216631517822
6000000216772114883
6000000216800075821
6000000216800881918
6000000216801107913
6000000216801228854
6000000216801363851
6000000216801425827
6000000216801436830
6000000216801513824
6000000216801571822
6000000216809478828
6000000216810373872
6000000216988808835
6000000217011133830
6000000217098324826
6000000217165026841
6000000217190425821
6000000217295146915
6000000217295200837
6000000217295258834
6000000217295276832
6000000217295362822
6000000217297103826
6000000217297125841
6000000217297159821
6000000217313821828
6000000217318736881
6000000217328655975
6000000217328936891
6000000217328992853
6000000217329041827
6000000217329093825
6000000217329126831
6000000217344944926
6000000217345064858
6000000217345188843
6000000217345283821
6000000217403512822
6000000217410327826
6000000217410334832
6000000217427880823
6000000217511757845
6000000217511778831
6000000217550869828
6000000217570622821
6000000217570667838
6000000217571161822
6000000217571205821
6000000217590320823
6000000217590392832
6000000217590598832
6000000217658317833
6000000217693724076
6000000217706031871
6000000217753668938
6000000217754572891
6000000217754731833
6000000217754762840
6000000217754922821
6000000217858501823
6000000217877588830
6000000217898235862
6000000217898402824
6000000217968554823
6000000218030788831
6000000218040803070
6000000218040981872
6000000218041037836
6000000218065716836
6000000218065750825
6000000218065816838
6000000218068525826
6000000218093656835
6000000218093700833
6000000218100187917
6000000218101518827
6000000218162129886
6000000218162159863
6000000218162274842
6000000218162311832
6000000218162484836
6000000218162668821
6000000218183872843
6000000218184081821
6000000218184158841
6000000218184237841
6000000218184722893
6000000218184857831
6000000218230719980
6000000218231023895
6000000218231038856
6000000218234392868
6000000218234736839
6000000218234755843
6000000218234763841
6000000218235119861
6000000218235217839
6000000218235263926
6000000218235354821
6000000218235409823
6000000218235483824
6000000218235507871
6000000218235720847
6000000218235864872
6000000218235865829
6000000218235886833
6000000218236009822
6000000218242911901
6000000218243000839
6000000218244373831
6000000218260939873
6000000218261303852
6000000218261374826
6000000218290841838
6000000218325976860
6000000218326052876
6000000218326386830
6000000218326388823
6000000218358874823
6000000218391841831
6000000218456158854
6000000218474857823
6000000218536248884
6000000218536248909
6000000218536248912
6000000218579879938
6000000218580069827
6000000218580112825
6000000218580169841
6000000218580229831
6000000218604915836
6000000218681781883
6000000218702139872
6000000218702183947
6000000218702247826
6000000218702314123
6000000218707002039
6000000218707323931
6000000218707519853
6000000218707519856
6000000218707562833
6000000218733835003
6000000218832862829
6000000218900285903
6000000218936890881
6000000218936891832
6000000218936941825
6000000218936941839
6000000218936945842
6000000218936974845
6000000218936991831
6000000218937090826
6000000218953628822
6000000218970116868
6000000218970155865
6000000218977349056
6000000218977349070
6000000218989356961
6000000218989541869
6000000218989639829
6000000219089128843
6000000219112367821
6000000219113041878
6000000219113531862
6000000219114369845
6000000219114508823
6000000219116259837
6000000219145812863
6000000219146619821
6000000219148719829
6000000219164653833
6000000219164653837
6000000219164653841
6000000219164653845
6000000219177186829
6000000219183709863
6000000219223343824
6000000219226335865
6000000219232649830
6000000219251965863
6000000219252048827
6000000219252071829
6000000219270780821
6000000219327408825
6000000219355461899
6000000219355654836
6000000219355741822
6000000219400272845
6000000219453170860
6000000219457961845
6000000219496164843
6000000219516934839
6000000219517624618
6000000219517624624
6000000219517624628
6000000219517982788
6000000219518004438
6000000219518004441
6000000219518259425
6000000219518259429
6000000219518259437
6000000219518259444
6000000219518259447
6000000219518259454
6000000219518259458
6000000219518274318
6000000219518274321
6000000219518274327
6000000219518274330
6000000219518274333
6000000219518393567
6000000219518393571
6000000219519279959
6000000219519279962
6000000219519470921
6000000219519470925
6000000219519594834
6000000219519594837
6000000219525436891
6000000219525569856
6000000219526377886
6000000219535256871
6000000219535411872
6000000219540910830
6000000219542331885
6000000219542364948
6000000219543836843
6000000219544034856
6000000219544094840
6000000219550746821
6000000219553306824
6000000219560173835
6000000219584473821
6000000219611671860
6000000219611675882
6000000219611758829
6000000219611785823
6000000219639065827
6000000219639154822
6000000219643614867
6000000219643732832
6000000219652487862
6000000219652584824
6000000219731642846
6000000219767660843
6000000219767660848
6000000219772332933
6000000219786988821
6000000219787590832
6000000219787622848
6000000219811486821
6000000219821240897
6000000219835606829
6000000219911900859
6000000219912599851
6000000219922065821
6000000219964735856
6000000219972407828
6000000219985402928
6000000219985562942
6000000219985676867
6000000219985703868
6000000219985703873
6000000219985763824
6000000219994660823
6000000219994677837
6000000219994679822
6000000219994696835
6000000219994696852
6000000219994713821
6000000219997240835
6000000219997251823
6000000220031113845
6000000220034673829
6000000220043202842
6000000220061694892
6000000220061908910
6000000220061937832
6000000220062114840
6000000220110460837
6000000220140719821
6000000220141091840
6000000220141115855
6000000220164795941
6000000220164795945
6000000220164795949
6000000220164795953
6000000220164795957
6000000220167394834
6000000220167401825
6000000220177801850
6000000220177901821
6000000220186491877
6000000220186675867
6000000220186751822
6000000220186755855
6000000220186756855
6000000220186768883
6000000220186780839
6000000220186786858
6000000220186826824
6000000220186826889
6000000220186858860
6000000220186900880
6000000220208416868
6000000220208457828
6000000220208467860
6000000220326217849
6000000220335922904
6000000220357914849
6000000220357915867
6000000220372235852
6000000220381582825
6000000220382817843
6000000220382834836
6000000220390257833
6000000220390265837
6000000220390387841
6000000220406753810
6000000220431617915
6000000220431621887
6000000220431639893
6000000220431646843
6000000220431698844
6000000220529075830
6000000220529627843
6000000220530059832
6000000220530095822
6000000220563701821
6000000220580144840
6000000220580230847
6000000220580337821
6000000220580394856
6000000220580415950
6000000220602508826
6000000220617449832
6000000220617824947
6000000220618794841
6000000220618808825
6000000220618834957
6000000220618961826
6000000220619187825
6000000220619411862
6000000220619710897
6000000220620077841
6000000220620297868
6000000220630554880
6000000220630687894
6000000220630714933
6000000220630725837
6000000220630771854
6000000220630784879
6000000220630851821
6000000220649226839
6000000220663139844
6000000220716511960
6000000220717429914
6000000220717762830
6000000220717819852
6000000220739719857
6000000220739740849
6000000220855404821
6000000220855442822
6000000220855577821
6000000220855861852
6000000220856082833
6000000220856326844
6000000220856489824
6000000220856634825
6000000220856999840
6000000220916182856
6000000220916319841
6000000220953897830
6000000220959664856
6000000220973430882
6000000220976223946
6000000220984783859
6000000220993136994
6000000220993359862
6000000220993412827
6000000220993418841
6000000220993449821
6000000220993485923
6000000220993647833
6000000221001533858
6000000221001572848
6000000221012813940
6000000221045694821
6000000221046113881
6000000221046673963
6000000221111495988
6000000221150285218
6000000221150285223
6000000221150285240
6000000221150285545
6000000221150285553
6000000221150285561
6000000221150285566
6000000221150285572
6000000221150285577
6000000221150834911
6000000221154459911
6000000221167761828
6000000221168101875
6000000221168299901
6000000221168403865
6000000221168456927
6000000221168886953
6000000221168901827
6000000221168902826
6000000221180829849
6000000221180859846
6000000221215612878
6000000221302021897
6000000221302031903
6000000221302062872
6000000221302074838
6000000221302100837
6000000221350351919
6000000221484255823
6000000221528252821
6000000221531328876
6000000221541886867
6000000221568243848
6000000221568362822
6000000221568563821
6000000221568694888
6000000221600572943
6000000221600595907
6000000221644106835
6000000221644143871
6000000221644276841
6000000221644282852
6000000221644378827
6000000221661466884
6000000221661633825
6000000221661872997
6000000221661911901
6000000221662050856
6000000221669934845
6000000221670126212
6000000221671287939
6000000221671600844
6000000221671835129
6000000221729504925
6000000221737919867
6000000221757667098
6000000221758096909
6000000221758225890
6000000221758281828
6000000221758361869
6000000221758432834
6000000221759292823
6000000221780256919
6000000221780453872
6000000221780540872
6000000221780694823
6000000221780738822
6000000221780859839
6000000221781154829
6000000221787661011
6000000221787885933
6000000221787937875
6000000221787940896
6000000221892568829
6000000221906129062
6000000221906187992
6000000221906694860
6000000221906773849
6000000221929072999
6000000221958836274
6000000221960078853
6000000221960094935
6000000221960306872
6000000221960385907
6000000221960533837
6000000221960615823
6000000221960621831
6000000221975218875
6000000221984524877
6000000222035617022
6000000222036000823
6000000222036104087
6000000222036128908
6000000222036347840
6000000222036438821
6000000222043243822
6000000222075201954
6000000222076030871
6000000222122240019
6000000222122742868
6000000222123026860
6000000222123079822
6000000222123338847
6000000222146876830
6000000222190209952
6000000222190439943
6000000222245001838
6000000222250051935
6000000222250388867
6000000222250532854
6000000222320902608
6000000222320902617
6000000222332919823
6000000222332983890
6000000222333953917
6000000222369207829
6000000222373709985
6000000222373740032
6000000222373923904
6000000222373989873
6000000222374273841
6000000222374543929
6000000222374685869
6000000222376579911
6000000222376600944
6000000222376681920
6000000222376746034
6000000222376817863
6000000222376822956
6000000222376882861
6000000222376889877
6000000222400097848
6000000222400366851
6000000222453497961
6000000222453761860
6000000222483576859
6000000222483830846
6000000222627305824
6000000222628558855
6000000222635224880
6000000222751800838
6000000222762639834
6000000222861980822
6000000222892263888
6000000223111558926
6000000223112290834
6000000223119009216
6000000223119009222
6000000223119009287
6000000223127460850
6000000223127663847
6000000223144507896
6000000223146009830
6000000223202926877
6000000223231333576
6000000223231340255
6000000223231340501
6000000223231341773
6000000223231341819
6000000223231376046
6000000223231431687
6000000223231441974
6000000223231441979
6000000223231442031
6000000223231459721
6000000223231472647
6000000223231478243
6000000223231478265
6000000223231478394
6000000223231490393
6000000223231490406
6000000223231490430
6000000223231490438
6000000223231490445
6000000223231490452
6000000223231492301
6000000223231492309
6000000223231496269
6000000223231513174
6000000223231513182
6000000223231513190
6000000223231513365
6000000223231513552
6000000223231528222
6000000223231528295
6000000223231528311
6000000223231542621
6000000223231542629
6000000223231618565
6000000223231618588
6000000223231725001
6000000223231734376
6000000223231734460
6000000223231734488
6000000223231734572
6000000223231734597
6000000223231734605
6000000223231734626
6000000223231737102
6000000223231737123
6000000223231737131
6000000223231737139
6000000223231737148
6000000223231798737
6000000223231824460
6000000223231824468
6000000223231824531
6000000223231841161
6000000223231841170
6000000223231841187
6000000223231841203
6000000223231841216
6000000223231841232
6000000223231841262
6000000223231841270
6000000223231841278
6000000223231841286
6000000223231841294
6000000223231841310
6000000223232091965
6000000223232091990
6000000223232092004
6000000223232092012
6000000223232092041
6000000223232092103
6000000223232170503
6000000223232204041
6000000223232244109
6000000223232244117
6000000223232244149
6000000223232244173
6000000223232244213
6000000223232244233
6000000223232244637
6000000223232244646
6000000223232244671
6000000223232244689
6000000223232244702
6000000223232244709
6000000223232255667
6000000223232255777
6000000223232255798
6000000223232255806
6000000223232255814
6000000223232270677
6000000223232436013
6000000223232436049
6000000223232457978
6000000223232458804
6000000223232461982
6000000223232491815
6000000223232544137
6000000223232544186
6000000223232544202
6000000223232544528
6000000223232560715
6000000223232696476
6000000223232710958
6000000223232714032
6000000223232714255
6000000223232714263
6000000223232714276
6000000223232720331
6000000223232817832
6000000223232844903
6000000223232844913
6000000223232844953
6000000223232844961
6000000223232844976
6000000223232845010
6000000223232845027
6000000223232845036
6000000223232845047
6000000223232845056
6000000223232859050
6000000223232948439
6000000223233030328
6000000223233077480
6000000223233150020
6000000223233157899
6000000223233157965
6000000223233157978
6000000223233158002
6000000223233158032
6000000223233232879
6000000223233232893
6000000223233232917
6000000223233232953
6000000223233232963
6000000223233306824
6000000223233306834
6000000223233306851
6000000223233330339
6000000223233330458
6000000223233330468
6000000223233330495
6000000223233330508
6000000223233330580
6000000223233342148
6000000223233342173
6000000223233342222
6000000223233452330
6000000223233540249
6000000223233540267
6000000223233540345
6000000223233540367
6000000223233627249
6000000223233627358
6000000223233627372
6000000223233627384
6000000223233627397
6000000223234186855
6000000223234217878
6000000223234587902
6000000223234634077
6000000223287756898
6000000223287828850
6000000223288063975
6000000223343677829
6000000223350838649
6000000223352955786
6000000223353051194
6000000223353051210
6000000223353051219
6000000223353051229
6000000223353051242
6000000223353154024
6000000223355420819
6000000223355865392
6000000223355865416
6000000223355865434
6000000223355865445
6000000223356717338
6000000223356717359
6000000223356909921
6000000223356909997
6000000223356910005
6000000223356910025
6000000223356910087
6000000223356910121
6000000223356910132
6000000223357315827
6000000223357315871
6000000223357315967
6000000223357315980
6000000223357351830
6000000223357351860
6000000223357351895
6000000223358164830
6000000223358170873
6000000223358192828
6000000223361754863
6000000223361912908
6000000223362265831
6000000223428513407
6000000223428513423
6000000223428513444
6000000223429506094
6000000223429506116
6000000223447947860
6000000223452700895
6000000223452793852
6000000223452917821
6000000223470443920
6000000223470609914
6000000223470712840
6000000223483037829
6000000223483037857
6000000223528519830
6000000223528589870
6000000223528595891
6000000223528686868
6000000223540900935
6000000223540900958
6000000223563716897
6000000223611270997
6000000223611367825
6000000223611417864
6000000223634902910
6000000223634926875
6000000223649522009
6000000223649522020
6000000223649522033
6000000223655733952
6000000223656589830
6000000223659790824
6000000223659925832
6000000223670775904
6000000223673927395
6000000223674738754
6000000223674738773
6000000223676861839
6000000223678091879
6000000223678256857
6000000223678327821
6000000223691701701
6000000223691701709
6000000223691701722
6000000223691701731
6000000223691701741
6000000223691701756
6000000223692363131
6000000223692363139
6000000223692363170
6000000223692363178
6000000223692363192
6000000223692363220
6000000223692363228
6000000223692363236
6000000223692551349
6000000223692551447
6000000223692551467
6000000223692551484
6000000223692551491
6000000223692551502
6000000223692551515
6000000223692594449
6000000223692928021
6000000223692928110
6000000223692928124
6000000223692928249
6000000223692928258
6000000223692928295
6000000223692928320
6000000223692928348
6000000223692930495
6000000223692930607
6000000223692930622
6000000223692946979
6000000223692946990
6000000223692947001
6000000223692947011
6000000223692947052
6000000223692947075
6000000223692947114
6000000223692947125
6000000223692947148
6000000223692947245
6000000223692947259
6000000223692947272
6000000223692947281
6000000223692947316
6000000223692947324
6000000223693351940
6000000223693351950
6000000223693352008
6000000223697895849
6000000223697895861
6000000223697895880
6000000223697895903
6000000223697895914
6000000223697895955
6000000223697895977
6000000223697895987
6000000223697930833
6000000223697930913
6000000223697930930
6000000223697930984
6000000223697930996
6000000223697931009
6000000223697931022
6000000223697931083
6000000223697931091
6000000223697931098
6000000223710501716
6000000223710501740
6000000223710501752
6000000223710501766
6000000223711788082
6000000223711788092
6000000223712090957
6000000223712090965
6000000223712090980
6000000223714942250
6000000223715169659
6000000223715683039
6000000223716176931
6000000223716176967
6000000223716176983
6000000223716176991
6000000223717071887
6000000223717077905
6000000223717213872
6000000223717349833
6000000223725328404
6000000223725328416
6000000223732605823
6000000223764689964
6000000223764689982
6000000223764689992
6000000223764690019
6000000223764690037
6000000223764690045
6000000223764690053
6000000223764690068
6000000223764690076
6000000223764690092
6000000223764690105
6000000223764690115
6000000223764690127
6000000223775162480
6000000223775162498
6000000223775162508
6000000223775162520
6000000223775162532
6000000223775162542
6000000223775162551
6000000223775162566
6000000223775162572
6000000223775162582
6000000223775162591
6000000223775162596
6000000223775162601
6000000223775162606
6000000223775162611
6000000223775162617
6000000223775162626
6000000223775162636
6000000223775162645
6000000223775162651
6000000223775162657
6000000223775162666
6000000223775162671
6000000223775505484
6000000223775505533
6000000223775505590
6000000223775505608
6000000223776188833
6000000223788217781
6000000223788561419
6000000223788561424
6000000223789764821
6000000223790169879
6000000223790169962
6000000223790169970
6000000223790169977
6000000223790169984
6000000223790169991
6000000223790170004
6000000223790170013
6000000223792586918
6000000223794460128
6000000223795922300
6000000223795993213
6000000223795993221
6000000223795993229
6000000223796149625
6000000223796149633
6000000223797016238
6000000223797016248
6000000223797016261
6000000223797382939
6000000223797688960
6000000223800708166
6000000223800708203
6000000223800708211
6000000223803725156
6000000223804809876
6000000223804809884
6000000223804809892
6000000223804809902
6000000223804809910
6000000223804809922
6000000223806441006
6000000223806441014
6000000223806441021
6000000223806441028
6000000223806441036
6000000223806467943
6000000223806595787
6000000223806595802
6000000223806595812
6000000223806680895
6000000223806748477
6000000223806748496
6000000223806748505
6000000223806748513
6000000223806748526
6000000223807083012
6000000223807083019
6000000223807083030
6000000223807083038
6000000223807302839
6000000223807302929
6000000223807302937
6000000223807302946
6000000223807302956
6000000223807504822
6000000223807564780
6000000223807564816
6000000223807667858
6000000223807667873
6000000223807988043
6000000223808662678
6000000223808760084
6000000223809814846
6000000223809814859
6000000223809814936
6000000223809814943
6000000223822891148
6000000223822978296
6000000223822978299
6000000223822978302
6000000223822978305
6000000223822978308
6000000223822978316
6000000223822978324
6000000223822978332
6000000223822978342
6000000223822978350
6000000223822978367
6000000223822978373
6000000223823149947
6000000223823149959
6000000223823243191
6000000223823243199
6000000223823243211
6000000223823243223
6000000223823243235
6000000223823243249
6000000223823243264
6000000223823413973
6000000223843052140
6000000223843052149
6000000223843052158
6000000223843052167
6000000223843052180
6000000223843052190
6000000223843052205
6000000223843052216
6000000223843052224
6000000223843052233
6000000223852851903
6000000223852924962
6000000223859438021
6000000223859536869
6000000223859557831
6000000223859563826
6000000223868269709
6000000223869309149
6000000223869309179
6000000223869309184
6000000223869309189
6000000223869309195
6000000223869309201
6000000223869309216
6000000223869309222
6000000223869309257
6000000223869309266
6000000223869309280
6000000223870935821
6000000223871473839
6000000223871544932
6000000223888131914
6000000223888131943
6000000223888182909
6000000223888185871
6000000223899636303
6000000223899636310
6000000223899636317
6000000223906593880
6000000223907201824
6000000223907301823
6000000223907347932
6000000223907425825
6000000223935655029
6000000223936201836
6000000223946813835
6000000223955332835
6000000223955404839
6000000223955666822
6000000224008190859
6000000224057380837
6000000224098625827
6000000224150184839
6000000224155426138
6000000224155856833
6000000224155904835
6000000224155942823
6000000224175930906
6000000224176058844
6000000224176066843
6000000224176069873
6000000224176114841
6000000224178390840
6000000224204115917
6000000224303993930
6000000224351468815
6000000224351838825
6000000224379513913
6000000224379513917
6000000224379745887
6000000224379745891
6000000224435046972
6000000224435115875
6000000224435149868
6000000224435310849
6000000224435323833
6000000224435515841
6000000224435632832
6000000224487037764
6000000224502522256
6000000224502522282
6000000224569073826
6000000224575306859
6000000224575420821
6000000224644458921
6000000224644680852
6000000224661987822
6000000224663769835
6000000224703790836
6000000224703837830
6000000224812087130
6000000224812087139
6000000224812087152
6000000224812087163
6000000224812087174
6000000224812087183
6000000224812087201
6000000224812087210
6000000224812087219
6000000224812087228
6000000224812087237
6000000224812087246
6000000224812087257
6000000224812087263
6000000224812087272
6000000224812087283
6000000224812087290
6000000224812087299
6000000224812087310
6000000224812087321
6000000224812087330
6000000224812087340
6000000224812203130
6000000224812300150
6000000224812300160
6000000224812300168
6000000224812300173
6000000224812300184
6000000224812300192
6000000224812300200
6000000224863102874
6000000224906546822
6000000224921916903
6000000224922028847
6000000224922044825
6000000224933661003
6000000224981182769
6000000225021448913
6000000225021887854
6000000225049371861
6000000225049371869
6000000225049617830
6000000225049883827
6000000225049898829
6000000225088228901
6000000225088228905
6000000225088228909
6000000225142124503
6000000225144947020
6000000225156818837
6000000225157365838
6000000225158778836
6000000225159061957
6000000225159981854
6000000225181334863
6000000225181904914
6000000225197520842
6000000225226648821
6000000225257786860
6000000225258078836
6000000225258177821
6000000225292714960
6000000225308506011
6000000225308677942
6000000225308856872
6000000225308920836
6000000225332260889
6000000225349552821
6000000225376068872
6000000225413721844
6000000225413751829
6000000225426635846
6000000225426643831
6000000225448674942
6000000225448674946
6000000225453829861
6000000225462397877
6000000225462622842
6000000225462654843
6000000225483328870
6000000225571194833
6000000225588936053
6000000225589309862
6000000225589456915
6000000225589673855
6000000225590881821
6000000225598783877
6000000225598985943
6000000225599062828
6000000225624324475
6000000225624324479
6000000225624324486
6000000225624847309
6000000225624847319
6000000225624847328
6000000225624847336
6000000225652503884
6000000225668949829
6000000225669100869
6000000225669161935
6000000225677305838
6000000225677745368
6000000225680987831
6000000225680987841
6000000225680987876
6000000225721321930
6000000225725190845
6000000225756554668
6000000225757478908
6000000225795288959
6000000225795368062
6000000225795469896
6000000225796687920
6000000225796974834
6000000225851724932
6000000225851823934
6000000225851978828
6000000225877151889
6000000225877326907
6000000225877515821
6000000225877554936
6000000225877589908
6000000225953477052
6000000225972892821
6000000225973360824
6000000225974070827
6000000226028770897
6000000226051532883
6000000226051536956
6000000226051646876
6000000226051682868
6000000226051694866
6000000226051703839
6000000226066846881
6000000226066856917
6000000226066934864
6000000226067252861
6000000226079914965
6000000226091586888
6000000226091586933
6000000226091850837
6000000226091880849
6000000226091896842
6000000226091957835
6000000226108629947
6000000226108668852
6000000226108810974
6000000226108991853
6000000226183433947
6000000226183838851
6000000226200447871
6000000226248920887
6000000226277028833
6000000226360596852
6000000226363634826
6000000226408644846
6000000226408828863
6000000226409063874
6000000226412001926
6000000226471356961
6000000226472620263
6000000226724369000
6000000226724369174
6000000226724448026
6000000226724470936
6000000226724563931
6000000226724604854
6000000226724625944
6000000226724724858
6000000226724724874
6000000226724733869
6000000226724796845
6000000226724837929
6000000226724899855
6000000226724956846
6000000226725013882
6000000226725039824
6000000226725042879
6000000226725048878
6000000226725061862
6000000226725078875
6000000226725117821
6000000226725203821
6000000226726858934
6000000226728662915
6000000226962097995
6000000226968975901
6000000226978041821
6000000227002343955
6000000227002791862
6000000227004623932
6000000227004926898
6000000227004928830
6000000227004956886
6000000227005031892
6000000227005090891
6000000227005466832
6000000227005740930
6000000227005743821
6000000227005754866
6000000227006077821
6000000227006541844
6000000227045898842
6000000227045940875
6000000227045974849
6000000227070286265
6000000227070286272
6000000227070463005
6000000227070463024
6000000227074143840
6000000227107624898
6000000227160104931
6000000227171849945
6000000227259275844
6000000227259398975
6000000227353973827
6000000227390015829
6000000227390165834
6000000227397020897
6000000227397169844
6000000227402973864
6000000227406689854
6000000227406878839
6000000227406896822
6000000227407425881
6000000227407540835
6000000227408663877
6000000227408675876
6000000227408789841
6000000227409100922
6000000227409154926
6000000227409262968
6000000227409414901
6000000227409452862
6000000227409472893
6000000227409646841
6000000227409727826
6000000227440666852
6000000227441247821
6000000227470363906
6000000227491286914
6000000227511917880
6000000227511917885
6000000227544490893
6000000227544603878
6000000227592348872
6000000227595956984
6000000227595966930
6000000227596073874
6000000227596125949
6000000227605593851
6000000227605619879
6000000227605657856
6000000227605667925
6000000227605720849
6000000227609268856
6000000227611373892
6000000227620630970
6000000227620965862
6000000227621008836
6000000227621063829
6000000227621068839
6000000227621101821
6000000227621682967
6000000227621953983
6000000227622069877
6000000227622250823
6000000227676257067
6000000227676362934
6000000227676384979
6000000227676392008
6000000227676454008
6000000227676582856
6000000227676617890
6000000227676658979
6000000227676677869
6000000227676697827
6000000227676704828
6000000227676704858
6000000227676728821
6000000227676750829
6000000227676790821
6000000227676802897
6000000227682266003
6000000227682805928
6000000227682842840
6000000227711143943
6000000227711294908
6000000227711339822
