2670765
2965019
2965024
2965135
2965142
3004206
315674398080002706
315681363920006479
315684694580004659
315686428620006426
315857583170008059
3320396
3320750
3320805
3320969
3320984
3320989
3321001
3321144
3321229
3321244
3321283
3321310
3321317
3321330
335301390280001287
339018880620002676
343193417440012195
343193918580006208
343194335290012163
343194840310006177
343195138580013963
343195824120011108
343196328270006196
343196724640006181
343197160090006218
343197544770012265
343197878770006207
343199173690001777
343199546950012197
343199866090001736
343200173900001786
343200446410012145
343200740010013961
343201417880006173
343201817560011115
343202298500012148
343203080650012148
343203446830006198
344008978270011409
348512339030013516
348519474680013533
3543772
356628474710006780
356630677060012457
356631460930004771
356633369660007964
356636221010013470
356638102640004763
360606220340001318
360636487070013281
361141065770007660
361324047730004602
361324418330013559
361492044320004652
361493362090011607
366614793850012360
366689933490004831
366757854200002960
366758313680013586
366758824340013572
366758986280012460
366766085720011048
366801178850012437
366802033120012479
367101726380011997
367502361180003816
367502579090013578
367506103680011979
367506360060003828
367522480900003831
367522709760003852
367522840620013716
367523038440003824
367523196790013629
367523360190003819
367523728900003865
367523972510002029
367524236430012508
367524514630013571
367524652970013684
367574407590002021
367575313760003867
367623395520004097
368487621930013007
368597316940003144
368599095970013013
368599625280005336
368601210390011345
368601879990011359
369153010000013254
369153317650013299
369195688180012320
372938299760011585
372938716720012735
372939871570003577
383516186790006526
383642924720012409
383655126150012408
387974922460010433
387976171790002883
387979187640002863
387980533900006255
387980919830003123
387983002490012406
387994469540005723
4061804844780020006
4066337630970030656
4066567726160048130
4104905465850020952
4109296398410045066
4150684149880070311
4150687415140039135
4151003899200120935
4151011564120055896
4151013393290039894
4151016643240045713
4162625886710044836
4165621197740030842
4165625522950070717
4165626544310082198
4165629079770024524
4165631553060082109
4165640422950048058
4165642689310081793
4174006412460124345
4174059216600049165
4174073182410073197
4174087754130063268
4174094560550062885
4191625469710042138
4191733964140126840
4194778223920036950
4196941969980047876
4196965441430061951
4196992194420028659
4199389127710072848
4209973732710064669
4214926916590041793
4214956262880021972
4218905
4218943
4219808428790022115
4219940194760054507
4219994805680042983
4220038824980036769
4231628240100060102
4231654768250016976
4252212085740050703
4285910460860017311
4298616377890026746
4337651
4337807
4373029867550088185
4397944816380037104
4399057758640037709
4399178026930036092
4399180826680084328
4399183881530051339
4399189389570071550
4399193539890084719
4399194822600123412
4399228603570084309
4399374113380071231
4423886903320021924
4423915138960021929
4511750059990089569
4560941173110045723
4568021454770027171
4571155482920026681
4584598864250020929
4584688105970125346
4584691621470031055
4584697646140125407
4584704094790125826
4584708837290086552
4584725709620126041
4584727407100042224
4585316340960041859
4596252178150033929
4607470847010068683
4607511647950058135
4607524300500058067
4611057549460048078
4611082057000036828
4611100325630047942
4614061500580058439
4631263501690020736
4631263519510030031
4631395502380082161
4640799403040021340
4640810744420031323
4648472886390024249
4649927320170035123
4655210
4655952
4655980
4655999
4673776908130071870
4678339
4678397
4681580
4681604
4681648
4698908404800013078
4728473
4777190
4812483753230069815
4834353704910080249
4861245753540066976
4862359709900123074
4890526291730128592
4903819069990033185
4929368678820105574
4929368690130105580
4931973808380105223
4992215867270127004
4992372053810079957
4993327952730054614
4993590540930054452
5004983335880074679
5005070297940034022
5005081633030034668
5005091865430086166
5005117132780117156
5005151048670058255
5005299090810121238
5005306379460034300
5009837727410066114
5009837820770066120
5009844120310058405
5009855846520074474
5011332512690137895
5017029661450138445
5034635169300027038
5034889252110050539
5036413456270123519
5038186917470089001
5062954219220114436
5063518899600042026
5063884297620029284
5064636691210080460
5064645944120126537
5065026316690029877
5065034565680061413
5069834352470021145
5069894914650021172
5069975047770039885
5072827479080080006
5072987543550089897
5140856463960120213
5140864138780046191
5140887612180138857
5147736108500023890
5148100607150084568
5150262788080119592
5150262810750119598
5158144534940074521
5180577160210109022
5181221064340114161
5182225636810109196
5183022471400068936
5183050836420075565
5201077449930135178
5207550426010106399
5211572407180106758
5211578754080106502
5219358411200026211
5223833095270101305
5233134061820116384
5233149564190117451
5246183375590082857
5266239807240120957
5266917535680058284
5266920568320111942
5302961342020132738
5302979655890051645
5303021673000031070
5304427411390109554
5304442010140133242
5304761562660119157
5304772208150061273
5313189658050040815
5335371025180074934
5335420141680031753
5335425433170024255
5347822713580131855
5347879836240032735
5375295473070078440
5396494364060128814
5396497468190025248
5408167532130138080
5423474697360130576
5434792413010115616
5435017325300102807
5467016637000043164
5467103038060065040
5474198001290129813
5483325185970073190
5483388118060073242
5497946816140104332
5563322074470055283
5563331420060082553
5563938473650026311
5564222474890054911
5564996889370071189
5569833887080026952
5571622648070084535
5571630184070038889
5571633951280114873
5571637327430101797
5571640860060044965
5571647752330101606
5571655799420055784
5571830182960055699
5588016293220130093
5588028224900107890
5588050559190086031
5588118925540067871
5588124559630046092
5589125262930057965
5589142349620122420
5606694748860032429
5606711563510058897
5628383039820077825
5628410053840052236
5642412347040083550
5651173427090138585
5651180237150056306
5654251264600084557
5674431039170033295
5700261202730135166
5700267739880126456
5700273075840078767
5701141177330029038
5701588776590025134
5701591983220014192
5701594790360036273
5701644336050036330
5701677788710036652
5701684513820036663
5701690846180024824
5709132973710063404
5709704002890036353
5709720636460028657
5709725858170082001
5709728796870028951
5709734079460042496
5709738135090079019
5709747818800129276
5709751764500028741
5709774237870042483
5709776887240106407
5709779222420028517
5709785249680063981
5709808630820119483
5709813480080028579
5709828490220129258
5709883644310053308
5709891370900129664
5709900216650079473
5709905392060119415
5709926690660082225
5709935338430029104
5709942414730029120
5709949297110128014
5709953758150042440
5709989188010081995
5710191147620119116
5710424974480028660
5710439692210110239
5710483860260135210
5710493284830042202
5710497286820053485
5710501549440036559
5710507072500081748
5711230028490036591
6000000000006811552
6000000000006832748
6000000000006848608
6000000000006860404
6000000000006926156
6000000000007841596
6000000000010716206
6000000000011258956
6000000000011260080
6000000000011303716
6000000000011310064
6000000000011335630
6000000000011504248
6000000000011517232
6000000000011525251
6000000000011527242
6000000000011558120
6000000000011568125
6000000000011603070
6000000000013164817
6000000000013227869
6000000000013343364
6000000000013410215
6000000000015068147
6000000000015115698
6000000000015343480
6000000000015369535
6000000000015385889
6000000000015396667
6000000000015421534
6000000000015421615
6000000000015441281
6000000000015459965
6000000000015510012
6000000000015535897
6000000000015594769
6000000000015600742
6000000000015613509
6000000000015635482
6000000000015640613
6000000000015646485
6000000000015653276
6000000000015653640
6000000000015667343
6000000000015676215
6000000000015677518
6000000000015680846
6000000000015683875
6000000000015697527
6000000000015697905
6000000000015699227
6000000000015712882
6000000000015714715
6000000000015718468
6000000000015720061
6000000000015720488
6000000000015720821
6000000000015722317
6000000000015722675
6000000000015722867
6000000000015726187
6000000000015727159
6000000000015728672
6000000000015733828
6000000000015736567
6000000000015742430
6000000000015744312
6000000000015749049
6000000000015759022
6000000000015783059
6000000000016858934
6000000000023082232
6000000000023243273
6000000000023261080
6000000000023602577
6000000000045754468
6000000000068941416
6000000000068993217
6000000000078604486
6000000000078605085
6000000000078882064
6000000000106844507
6000000000107045279
6000000000107134031
6000000000111045939
6000000000111193183
6000000000111193202
6000000000114935978
6000000000115119370
6000000000117418949
6000000000117496622
6000000000117822008
6000000000117852006
6000000000117871016
6000000000123282843
6000000000123315887
6000000000123445114
6000000000123472023
6000000000123764249
6000000000125725883
6000000000125726985
6000000000125765089
6000000000125898312
6000000000131121240
6000000000131791830
6000000000171705883
6000000000171898316
6000000000171986046
6000000000176377278
6000000000185166799
6000000000185367268
6000000000185523047
6000000000192744788
6000000000193145185
6000000000196682451
6000000000196705613
6000000000196813079
6000000000198282327
6000000000198352351
6000000000198404100
6000000000200044094
6000000000203345531
6000000000203345740
6000000000203423714
6000000000203560163
6000000000203718618
6000000000204975845
6000000000205008719
6000000000205049291
6000000000205076647
6000000000205088531
6000000000205108437
6000000000205253222
6000000000205270221
6000000000210021853
6000000000210336245
6000000000210721211
6000000000215488480
6000000000220099790
6000000000220850841
6000000000220965460
6000000000222347030
6000000000222364854
6000000000222364914
6000000000222366476
6000000000222417570
6000000000222436678
6000000000222436687
6000000000222436694
6000000000222436756
6000000000222436765
6000000000222436774
6000000000222436794
6000000000222436808
6000000000222436815
6000000000222436969
6000000000222436976
6000000000222436983
6000000000222436990
6000000000222436997
6000000000222437004
6000000000222437919
6000000000222447688
6000000000222447702
6000000000222447709
6000000000222447723
6000000000222447730
6000000000222447748
6000000000222447762
6000000000222447769
6000000000222447776
6000000000222447783
6000000000222447790
6000000000222449340
6000000000222449347
6000000000222449430
6000000000222449448
6000000000222449455
6000000000222471222
6000000000222497590
6000000000222497740
6000000000222497782
6000000000225045266
6000000000225062216
6000000000225150283
6000000000225166306
6000000000230464278
6000000000243807848
6000000000243928190
6000000000257081582
6000000000261922694
6000000000262216595
6000000000262248566
6000000000262342364
6000000000264385732
6000000000264503325
6000000000264718230
6000000000267492967
6000000000272664210
6000000000275452807
6000000000276861928
6000000000277017963
6000000000277066934
6000000000277083981
6000000000277121900
6000000000277138720
6000000000277155755
6000000000277191425
6000000000277213541
6000000000277230426
6000000000277237483
6000000000277273743
6000000000277275371
6000000000277299166
6000000000277478591
6000000000277574358
6000000000277821635
6000000000287186478
6000000000307810169
6000000000307810614
6000000000307813467
6000000000307813544
6000000000307813576
6000000000307815370
6000000000307815395
6000000000307815752
6000000000307815830
6000000000307817124
6000000000307817348
6000000000307817965
6000000000307818270
6000000000307819683
6000000000307821084
6000000000309744235
6000000000309771187
6000000000314440912
6000000000314750248
6000000000314786073
6000000000319468337
6000000000321680225
6000000000321778345
6000000000321786244
6000000000321789062
6000000000321789107
6000000000321800186
6000000000321804141
6000000000321805059
6000000000321810201
6000000000321810376
6000000000321821436
6000000000321824226
6000000000321825231
6000000000321848172
6000000000321851433
6000000000321872321
6000000000351504653
6000000000357913510
6000000000368010813
6000000000368111417
6000000000368111942
6000000000368435180
6000000000394260974
6000000000394303801
6000000000398400609
6000000000398513690
6000000000398799132
6000000000398895357
6000000000398939307
6000000000400692583
6000000000400710828
6000000000400731870
6000000000400742289
6000000000400742302
6000000000400742828
6000000000400752808
6000000000400758211
6000000000400758239
6000000000400758272
6000000000400758465
6000000000400773384
6000000000400773626
6000000000400773640
6000000000400773733
6000000000400773842
6000000000400773849
6000000000400787362
6000000000400787510
6000000000400787526
6000000000400787539
6000000000400787925
6000000000400798362
6000000000400798375
6000000000400798390
6000000000400798419
6000000000400798432
6000000000400798445
6000000000400805226
6000000000400805519
6000000000400805547
6000000000400805573
6000000000400805588
6000000000400813233
6000000000400813727
6000000000401574913
6000000000401574928
6000000000401574943
6000000000401574962
6000000000401576171
6000000000401576961
6000000000401578017
6000000000401578111
6000000000401578213
6000000000401578226
6000000000401580390
6000000000401580707
6000000000401580747
6000000000401580760
6000000000401580773
6000000000401580788
6000000000401580798
6000000000401580835
6000000000401580842
6000000000401580849
6000000000401580892
6000000000401580913
6000000000401580941
6000000000401580970
6000000000401583310
6000000000401583326
6000000000401583522
6000000000401583808
6000000000401583819
6000000000401585301
6000000000401585495
6000000000401585597
6000000000401585628
6000000000401588283
6000000000401588345
6000000000401588432
6000000000401588441
6000000000401588582
6000000000401594291
6000000000401594355
6000000000401594371
6000000000401594378
6000000000401594586
6000000000401594699
6000000000401594735
6000000000401594986
6000000000401596021
6000000000406003678
6000000000406026968
6000000000406061881
6000000000406093974
6000000000406157238
6000000000406178272
6000000000406262170
6000000000406379717
6000000000406467223
6000000000409666928
6000000000409688958
6000000000412569101
6000000000412569137
6000000000412569182
6000000000412569209
6000000000412569227
6000000000412569236
6000000000412569254
6000000000412569497
6000000000412569515
6000000000412569686
6000000000412569740
6000000000412569785
6000000000417344981
6000000000417417883
6000000000422580934
6000000000422626796
6000000000422716812
6000000000422868295
6000000000422868306
6000000000423024008
6000000000433428834
6000000000433606323
6000000000437031785
6000000000437072882
6000000000442947875
6000000000443282580
6000000000443326133
6000000000443340663
6000000000443370176
6000000000443437485
6000000000443473081
6000000000443473956
6000000000443475137
6000000000443503394
6000000000443511352
6000000000443517694
6000000000443577434
6000000000443696182
6000000000443702523
6000000000443721720
6000000000443855707
6000000000443890348
6000000000443977043
6000000000444934053
6000000000446513444
6000000000446620038
6000000000448046859
6000000000449266889
6000000000452703955
6000000000456782771
6000000000458613940
6000000000459219076
6000000000460149060
6000000000461501872
6000000000461712521
6000000000462726642
6000000000465943645
6000000000466253490
6000000000477534453
6000000000478728032
6000000000480768527
6000000000486723671
6000000000490661061
6000000000491275143
6000000000491342097
6000000000492859310
6000000000493726470
6000000000505336645
6000000000505345572
6000000000506022494
6000000000506131311
6000000000506256297
6000000000506261227
6000000000506326052
6000000000506345020
6000000000506420906
6000000000506584716
6000000000506628136
6000000000506634294
6000000000506671467
6000000000506820191
6000000000506870021
6000000000506872088
6000000000513973337
6000000000514695819
6000000000514805969
6000000000514931893
6000000000514934590
6000000000515068581
6000000000515073078
6000000000515095494
6000000000515110667
6000000000515177298
6000000000515232444
6000000000515233323
6000000000515234410
6000000000515259179
6000000000519859751
6000000000519876923
6000000000520278460
6000000000520280297
6000000000520458265
6000000000520484174
6000000000522112500
6000000000523438874
6000000000523444875
6000000000523467730
6000000000523476719
6000000000523564764
6000000000523638236
6000000000523770106
6000000000523770127
6000000000530183907
6000000000530208894
6000000000530225667
6000000000530299936
6000000000530300512
6000000000530333519
6000000000530341176
6000000000530431382
6000000000530435392
6000000000530467585
6000000000530467635
6000000000530506202
6000000000530521449
6000000000530600144
6000000000530621650
6000000000530645118
6000000000530649145
6000000000530667587
6000000000530670593
6000000000530704632
6000000000530719334
6000000000530732428
6000000000530736401
6000000000530738356
6000000000530782024
6000000000530822020
6000000000536122359
6000000000536987378
6000000000536990576
6000000000537003506
6000000000537013506
6000000000537060431
6000000000537122102
6000000000537184928
6000000000537219458
6000000000537247085
6000000000537318201
6000000000537334207
6000000000537393302
6000000000537400591
6000000000537431188
6000000000537434080
6000000000537440560
6000000000537446053
6000000000537453668
6000000000537495787
6000000000537527916
6000000000541824806
6000000000549963750
6000000000550039542
6000000000550114460
6000000000550160062
6000000000550253109
6000000000567647991
6000000000567684996
6000000000567694927
6000000000567733717
6000000000567772881
6000000000567840482
6000000000567845691
6000000000567913365
6000000000567936507
6000000000568011304
6000000000568067183
6000000000568135140
6000000000568158172
6000000000568162124
6000000000568205050
6000000000568205194
6000000000574114861
6000000000574135694
6000000000574186898
6000000000574199793
6000000000574454087
6000000000574473946
6000000000574493644
6000000000574522720
6000000000574602644
6000000000574613505
6000000000574629463
6000000000574646694
6000000000574691319
6000000000574703466
6000000000574775253
6000000000574785134
6000000000574949968
6000000000575022680
6000000000575022796
6000000000575198905
6000000000575220660
6000000000575230617
6000000000575230746
6000000000575344633
6000000000575398781
6000000000575448144
6000000000583072740
6000000000583127754
6000000000583161789
6000000000583168501
6000000000583184405
6000000000583185316
6000000000583194219
6000000000583208239
6000000000583233441
6000000000583235384
6000000000583243365
6000000000583249211
6000000000583250208
6000000000583261487
6000000000583272161
6000000000593871623
6000000000593902629
6000000000593903934
6000000000593945724
6000000000593949569
6000000000594002552
6000000000594008907
6000000000594009351
6000000000594015505
6000000000594040480
6000000000594042056
6000000000594048628
6000000000594060480
6000000000594078146
6000000000594078296
6000000000594099178
6000000000594140175
6000000000594260037
6000000000594291774
6000000000594317801
6000000000594487726
6000000000594641105
6000000000596393363
6000000000598754621
6000000000598801483
6000000000600007445
6000000000600041394
6000000000605471451
6000000000605478643
6000000000605568365
6000000000616592307
6000000000619227829
6000000000627394754
6000000000630460919
6000000000633383533
6000000000633391646
6000000000639824950
6000000000641482409
6000000000648875942
6000000000661490966
6000000000667498952
6000000000672346758
6000000000686930621
6000000000687058225
6000000000687100047
6000000000687143043
6000000000688452762
6000000000689696046
6000000000703896320
6000000000704095075
6000000000704132086
6000000000704139276
6000000000708654659
6000000000708670333
6000000000708712084
6000000000723017279
6000000000736051320
6000000000746357783
6000000000746760034
6000000000746951570
6000000000747128523
6000000000747244237
6000000000747296031
6000000000750187995
6000000000750195190
6000000000750236262
6000000000750290429
6000000000750434008
6000000000750460702
6000000000750488170
6000000000750508104
6000000000750523021
6000000000750730926
6000000000750915376
6000000000758414542
6000000000758433825
6000000000797948410
6000000000802824095
6000000000807305137
6000000000815141181
6000000000833525675
6000000000863892191
6000000000868532432
6000000000868532771
6000000000868532813
6000000000868533680
6000000000868533695
6000000000868533892
6000000000868533903
6000000000868533914
6000000000868533925
6000000000868533995
6000000000868534009
6000000000868534023
6000000000868534050
6000000000868534064
6000000000868534078
6000000000868534288
6000000000868534303
6000000000868534318
6000000000868534333
6000000000868534348
6000000000868534363
6000000000868534747
6000000000868535169
6000000000868535221
6000000000868537231
6000000000868537349
6000000000868537358
6000000000868537367
6000000000868537376
6000000000868537385
6000000000868537394
6000000000868537403
6000000000868537412
6000000000868537421
6000000000868537439
6000000000868537448
6000000000868537457
6000000000868537487
6000000000868537496
6000000000868537505
6000000000868537514
6000000000868537523
6000000000868544199
6000000000868544790
6000000000868544834
6000000000868544861
6000000000868544873
6000000000868544885
6000000000868545046
6000000000868547615
6000000000868550152
6000000000868550596
6000000000882290333
6000000000882352375
6000000000907391282
6000000000907432026
6000000000907433961
6000000000907463666
6000000000907501113
6000000000907501120
6000000000907501127
6000000000907501134
6000000000907501143
6000000000907501150
6000000000907501159
6000000000907502463
6000000000907502474
6000000000907508871
6000000000907544738
6000000000907564967
6000000000907581019
6000000000916486390
6000000000918445535
6000000000918454750
6000000000918479692
6000000000918481911
6000000000918485835
6000000000941614335
6000000000941717109
6000000000943048452
6000000000943062587
6000000000976458296
6000000000981735058
6000000000997494314
6000000001000896029
6000000001000903326
6000000001000917106
6000000001000987168
6000000001001019018
6000000001014646556
6000000001015063084
6000000001023174795
6000000001023417665
6000000001023600632
6000000001023636011
6000000001023735228
6000000001045557279
6000000001077476067
6000000001081141311
6000000001116863015
6000000001116865057
6000000001116886023
6000000001133582495
6000000001148203188
6000000001171690372
6000000001180486923
6000000001180676541
6000000001180725082
6000000001187977103
6000000001194692791
6000000001194773752
6000000001194791343
6000000001194901068
6000000001216161718
6000000001216225932
6000000001216225939
6000000001216225947
6000000001216225961
6000000001216225968
6000000001260194658
6000000001260271377
6000000001260292454
6000000001260310623
6000000001275570383
6000000001275679781
6000000001275682001
6000000001275769517
6000000001275779171
6000000001275895152
6000000001277112346
6000000001278460165
6000000001283306021
6000000001283399401
6000000001283461248
6000000001283515160
6000000001283520902
6000000001283598179
6000000001285956588
6000000001291451004
6000000001293304184
6000000001293304191
6000000001293304198
6000000001296311202
6000000001296329089
6000000001298640540
6000000001298653397
6000000001306832834
6000000001307414455
6000000001324096521
6000000001324135716
6000000001358193713
6000000001358193758
6000000001358224651
6000000001358241586
6000000001358347322
6000000001358351227
6000000001358354312
6000000001358382139
6000000001358409133
6000000001358414178
6000000001358423656
6000000001358477153
6000000001358486005
6000000001358519044
6000000001358535012
6000000001358593223
6000000001358595158
6000000001364071732
6000000001366269263
6000000001368067328
6000000001368100087
6000000001368180073
6000000001368225001
6000000001368244014
6000000001392198901
6000000001414987091
6000000001415414571
6000000001415443613
6000000001415751125
6000000001415773053
6000000001425914775
6000000001425934849
6000000001426004484
6000000001426012665
6000000001426131809
6000000001426137204
6000000001426204869
6000000001426353368
6000000001426361688
6000000001426407874
6000000001426476212
6000000001427977670
6000000001428688388
6000000001428689926
6000000001428738665
6000000001428771830
6000000001428829014
6000000001428892318
6000000001429040905
6000000001429040955
6000000001429077101
6000000001429107248
6000000001429116852
6000000001429280040
6000000001432855836
6000000001432912901
6000000001432917913
6000000001433005940
6000000001433022980
6000000001433086400
6000000001433092847
6000000001433103303
6000000001433109438
6000000001433116125
6000000001433116417
6000000001433118389
6000000001433122460
6000000001433162526
6000000001433163040
6000000001433187447
6000000001433193354
6000000001433198571
6000000001433229091
6000000001433264096
6000000001433287142
6000000001441138527
6000000001441225516
6000000001447428091
6000000001464668821
6000000001464749001
6000000001464759033
6000000001464784921
6000000001465298326
6000000001465363195
6000000001465780383
6000000001465896061
6000000001468257876
6000000001468269725
6000000001468286533
6000000001468319178
6000000001475750394
6000000001475768312
6000000001475819510
6000000001485490902
6000000001485516966
6000000001485862491
6000000001485935216
6000000001487504601
6000000001487685695
6000000001487726639
6000000001487801867
6000000001487935375
6000000001487955698
6000000001487961753
6000000001487962155
6000000001487980133
6000000001487980234
6000000001488035659
6000000001488169501
6000000001488182511
6000000001488188330
6000000001488197173
6000000001488293399
6000000001488298503
6000000001488324038
6000000001488330590
6000000001488370762
6000000001488469450
6000000001488496290
6000000001488512099
6000000001488512129
6000000001488646908
6000000001488662315
6000000001488702287
6000000001488752505
6000000001488780377
6000000001488788041
6000000001488925392
6000000001488926243
6000000001489085660
6000000001489092101
6000000001489133088
6000000001489141040
6000000001489141304
6000000001489223267
6000000001489232263
6000000001489520750
6000000001500722863
6000000001500729628
6000000001500729636
6000000001500729652
6000000001500731045
6000000001500731352
6000000001500731409
6000000001500731416
6000000001500731430
6000000001500731466
6000000001500731478
6000000001500731509
6000000001500731575
6000000001500736578
6000000001500738344
6000000001500738360
6000000001500738790
6000000001500738995
6000000001500743173
6000000001500743208
6000000001500743222
6000000001500743269
6000000001500743301
6000000001500743340
6000000001500743415
6000000001500743440
6000000001500743451
6000000001500743893
6000000001500750015
6000000001500750045
6000000001500750069
6000000001500750079
6000000001500760026
6000000001500760034
6000000001500760050
6000000001500760090
6000000001500764088
6000000001500764096
6000000001500764121
6000000001500764145
6000000001500764211
6000000001500768163
6000000001500768437
6000000001500768477
6000000001500768485
6000000001500768493
6000000001500768548
6000000001500768615
6000000001500768679
6000000001500768687
6000000001500768704
6000000001500768712
6000000001500768720
6000000001500768744
6000000001500768752
6000000001500768780
6000000001500768984
6000000001500768992
6000000001500774002
6000000001500774012
6000000001500774020
6000000001500774028
6000000001500774038
6000000001500774523
6000000001500774531
6000000001500774587
6000000001500774603
6000000001500774751
6000000001500774759
6000000001500774793
6000000001500774809
6000000001500775643
6000000001500781170
6000000001500781213
6000000001500781244
6000000001500781971
6000000001500784856
6000000001500784903
6000000001500784911
6000000001500784927
6000000001500784943
6000000001500789433
6000000001500789465
6000000001500789489
6000000001500789800
6000000001500789816
6000000001500789951
6000000001500789973
6000000001500789998
6000000001500792075
6000000001500792102
6000000001500792118
6000000001500792134
6000000001500792140
6000000001500792146
6000000001500792175
6000000001500792203
6000000001500792300
6000000001500792329
6000000001500792442
6000000001500792572
6000000001500792643
6000000001500792732
6000000001500794015
6000000001500794031
6000000001500794528
6000000001500794536
6000000001500797369
6000000001500797469
6000000001500797731
6000000001500797741
6000000001500797752
6000000001500797803
6000000001500799239
6000000001500799279
6000000001500799295
6000000001500799301
6000000001500799307
6000000001500799331
6000000001500799524
6000000001500799568
6000000001500799607
6000000001500799640
6000000001500799673
6000000001500799690
6000000001500799696
6000000001500799709
6000000001500799742
6000000001500799766
6000000001500799818
6000000001500800226
6000000001500800522
6000000001500800530
6000000001500800553
6000000001500800596
6000000001500800657
6000000001500800712
6000000001500800720
6000000001500800728
6000000001500800736
6000000001500800821
6000000001500800837
6000000001500800931
6000000001500803083
6000000001500803229
6000000001500803259
6000000001500803268
6000000001500803326
6000000001500806119
6000000001500806459
6000000001500806525
6000000001500806573
6000000001500806774
6000000001500806780
6000000001500806994
6000000001500807081
6000000001500807144
6000000001500807165
6000000001500813058
6000000001500813151
6000000001500813372
6000000001500813378
6000000001500813477
6000000001500813484
6000000001500813515
6000000001500813925
6000000001500813933
6000000001500817013
6000000001500817037
6000000001500817063
6000000001500817169
6000000001500817616
6000000001500817624
6000000001500817666
6000000001500817730
6000000001500817746
6000000001500817770
6000000001500817810
6000000001500817827
6000000001500817835
6000000001500817867
6000000001500817935
6000000001500820048
6000000001500820054
6000000001500820060
6000000001500820090
6000000001500820113
6000000001500820153
6000000001500820477
6000000001500820526
6000000001500824361
6000000001500824492
6000000001501401668
6000000001501492164
6000000001501506345
6000000001501523177
6000000001510278373
6000000001510379028
6000000001511009197
6000000001514999942
6000000001532901330
6000000001532952729
6000000001574677452
6000000001580316471
6000000001580945871
6000000001582568270
6000000001583552787
6000000001583785128
6000000001584922370
6000000001585009367
6000000001585151651
6000000001660297863
6000000001660299578
6000000001660301638
6000000001660301753
6000000001660301767
6000000001672275008
6000000001678963394
6000000001681451359
6000000001689247623
6000000001689302431
6000000001689422784
6000000001689554309
6000000001689597123
6000000001698864149
6000000001699370570
6000000001699404821
6000000001699434324
6000000001699434330
6000000001699434504
6000000001699434534
6000000001699434834
6000000001699447066
6000000001699451002
6000000001699451010
6000000001699465048
6000000001699465056
6000000001699465069
6000000001699471400
6000000001699472708
6000000001699492961
6000000001699492968
6000000001699492974
6000000001699496970
6000000001699509131
6000000001699525466
6000000001699545053
6000000001699554891
6000000001699560312
6000000001699565786
6000000001699565801
6000000001699565808
6000000001699565944
6000000001699573515
6000000001699576777
6000000001699576849
6000000001699576881
6000000001699581096
6000000001699584641
6000000001699584648
6000000001699584655
6000000001699584669
6000000001699584720
6000000001699584734
6000000001699584756
6000000001699584763
6000000001699584783
6000000001712643724
6000000001726638949
6000000001726820511
6000000001737052154
6000000001742254888
6000000001742439522
6000000001748533664
6000000001748551785
6000000001748654436
6000000001748654696
6000000001748660102
6000000001748661095
6000000001748670212
6000000001748672602
6000000001748691943
6000000001748694008
6000000001748694840
6000000001748699599
6000000001748757438
6000000001748794464
6000000001748815632
6000000001748837458
6000000001748867302
6000000001748879082
6000000001748915234
6000000001748929408
6000000001748935230
6000000001748945395
6000000001748963097
6000000001748980084
6000000001748980326
6000000001748981833
6000000001749009043
6000000001749027060
6000000001749034091
6000000001749044133
6000000001749058207
6000000001749775130
6000000001749799095
6000000001749849221
6000000001749883334
6000000001749895042
6000000001749926124
6000000001750037624
6000000001750072092
6000000001750082027
6000000001751566356
6000000001751715788
6000000001751728613
6000000001751782068
6000000001751888428
6000000001751947378
6000000001752000637
6000000001752013482
6000000001752046615
6000000001752066502
6000000001752118236
6000000001752140473
6000000001752159295
6000000001752203019
6000000001752203408
6000000001752206010
6000000001752217564
6000000001752233235
6000000001752271472
6000000001752364286
6000000001752454070
6000000001752454194
6000000001752468029
6000000001752586990
6000000001752747520
6000000001752845602
6000000001752845726
6000000001752880391
6000000001752933327
6000000001752935449
6000000001752943342
6000000001752945193
6000000001752962180
6000000001753018848
6000000001753034204
6000000001753074118
6000000001753128055
6000000001753199387
6000000001753313498
6000000001753314855
6000000001753416750
6000000001753450689
6000000001753460708
6000000001753468000
6000000001753541363
6000000001753541538
6000000001753554653
6000000001753564082
6000000001753565477
6000000001753594285
6000000001753597346
6000000001753597471
6000000001753607961
6000000001753616391
6000000001753636055
6000000001753648195
6000000001753659190
6000000001753662072
6000000001753663837
6000000001753670057
6000000001753670133
6000000001753691152
6000000001753704019
6000000001753704110
6000000001753706023
6000000001753721868
6000000001753723505
6000000001753726108
6000000001753758963
6000000001753786336
6000000001753805709
6000000001753834360
6000000001753835996
6000000001753858599
6000000001753860760
6000000001753880728
6000000001753920265
6000000001753926346
6000000001753926727
6000000001753962214
6000000001753971014
6000000001754005258
6000000001754007421
6000000001754055165
6000000001754078153
6000000001754146077
6000000001754150109
6000000001754175218
6000000001754185261
6000000001754202102
6000000001754209695
6000000001754215618
6000000001754313007
6000000001754716551
6000000001757544980
6000000001758376766
6000000001758580408
6000000001758627423
6000000001758642410
6000000001758657554
6000000001758676342
6000000001758729159
6000000001758784200
6000000001758798398
6000000001758798413
6000000001758803009
6000000001758852630
6000000001758873055
6000000001758873061
6000000001758933075
6000000001758933663
6000000001758935902
6000000001758955042
6000000001758955216
6000000001758955761
6000000001758955773
6000000001758955791
6000000001758965762
6000000001758966447
6000000001758993350
6000000001759000095
6000000001759000164
6000000001759002043
6000000001759006003
6000000001759017182
6000000001759023781
6000000001759025839
6000000001759035142
6000000001759035229
6000000001759046031
6000000001759046081
6000000001759046150
6000000001759046157
6000000001759046393
6000000001759046400
6000000001759046407
6000000001759046414
6000000001759046421
6000000001759046428
6000000001759046435
6000000001759046463
6000000001759046477
6000000001759046484
6000000001759046498
6000000001759050776
6000000001759050785
6000000001759050792
6000000001759050800
6000000001759050808
6000000001759050822
6000000001759050848
6000000001759050855
6000000001759050862
6000000001759050904
6000000001759050912
6000000001759050919
6000000001759050947
6000000001759050961
6000000001759050968
6000000001759059055
6000000001759071726
6000000001759114331
6000000001759545608
6000000001759574723
6000000001759687030
6000000001759829682
6000000001759887557
6000000001759890644
6000000001759946636
6000000001760004171
6000000001760060260
6000000001760126070
6000000001760353856
6000000001760826653
6000000001760902465
6000000001760966473
6000000001760977412
6000000001761022253
6000000001761131104
6000000001761148080
6000000001761398206
6000000001761519617
6000000001761954702
6000000001761993261
6000000001762012397
6000000001762023350
6000000001762029166
6000000001762037612
6000000001762118310
6000000001762123064
6000000001765368974
6000000001765543599
6000000001765699830
6000000001765715603
6000000001765740308
6000000001765765813
6000000001765782399
6000000001765832241
6000000001765843612
6000000001765862594
6000000001765864351
6000000001765917476
6000000001765982223
6000000001766018508
6000000001766024152
6000000001770593916
6000000001770605546
6000000001770611848
6000000001770646640
6000000001770749189
6000000001770754714
6000000001770780960
6000000001770791433
6000000001770795257
6000000001770807123
6000000001770836486
6000000001770853299
6000000001770856290
6000000001770863021
6000000001770982124
6000000001770992142
6000000001771175600
6000000001771510740
6000000001771525154
6000000001771594420
6000000001771639277
6000000001771647497
6000000001771689248
6000000001771690350
6000000001771718023
6000000001771731180
6000000001771761082
6000000001771763019
6000000001771770520
6000000001771774043
6000000001772373906
6000000001772589004
6000000001772598107
6000000001772616109
6000000001772652084
6000000001773293043
6000000001773302284
6000000001773305172
6000000001773332170
6000000001773343021
6000000001773344199
6000000001773345127
6000000001773358038
6000000001773362036
6000000001773363019
6000000001773364073
6000000001773367026
6000000001773370035
6000000001773370109
6000000001773378032
6000000001773378108
6000000001773861856
6000000001773939859
6000000001773951722
6000000001774135676
6000000001774161721
6000000001774185093
6000000001774196955
6000000001774268453
6000000001774317296
6000000001774368800
6000000001774436572
6000000001774436657
6000000001774464382
6000000001774468511
6000000001774486431
6000000001774604031
6000000001774801025
6000000001774822106
6000000001775354756
6000000001775652773
6000000001775699216
6000000001775699263
6000000001775780062
6000000001775842179
6000000001775907020
6000000001776674390
6000000001776767264
6000000001777834816
6000000001778135316
6000000001778135502
6000000001778140618
6000000001778144262
6000000001778167433
6000000001778175700
6000000001778184424
6000000001778222281
6000000001778233276
6000000001778253063
6000000001778298009
6000000001778302082
6000000001782713633
6000000001782763384
6000000001782776469
6000000001782785771
6000000001782793376
6000000001782797590
6000000001782852233
6000000001782852630
6000000001782863613
6000000001782890443
6000000001782936244
6000000001782955223
6000000001782978992
6000000001782993115
6000000001783016637
6000000001783016758
6000000001783016792
6000000001783017010
6000000001783057791
6000000001783068787
6000000001783092589
6000000001783093570
6000000001783107537
6000000001783108386
6000000001783111735
6000000001783124308
6000000001783130225
6000000001783213157
6000000001783220954
6000000001783220993
6000000001783221428
6000000001783249099
6000000001783267069
6000000001783268632
6000000001783273339
6000000001783310583
6000000001783357630
6000000001783379671
6000000001783387930
6000000001783526076
6000000001783548204
6000000001783553010
6000000001783592190
6000000001783662195
6000000001783675111
6000000001784107037
6000000001798416508
6000000001798469446
6000000001798503164
6000000001798550486
6000000001800819002
6000000001800895151
6000000001806523500
6000000001806576165
6000000001806619139
6000000001807247520
6000000001807294821
6000000001807312721
6000000001807481147
6000000001807525080
6000000001809382646
6000000001809389841
6000000001809447573
6000000001809537336
6000000001809557155
6000000001809578097
6000000001809708308
6000000001809778138
6000000001809849072
6000000001810899059
6000000001811366631
6000000001820934968
6000000001821155233
6000000001821307147
6000000001821311132
6000000001821327083
6000000001821457168
6000000001821884192
6000000001822098384
6000000001824108913
6000000001824155477
6000000001824162608
6000000001824203465
6000000001864313766
6000000001868127969
6000000001868198926
6000000001868245667
6000000001868245707
6000000001868245727
6000000001868276976
6000000001868311109
6000000001868340613
6000000001868361778
6000000001868395803
6000000001868402228
6000000001870526382
6000000001870605288
6000000001870631542
6000000001870642035
6000000001870642470
6000000001870724660
6000000001870748414
6000000001870762256
6000000001870771617
6000000001870781312
6000000001870882288
6000000001870891109
6000000001870905068
6000000001870979773
6000000001871018069
6000000001871100640
6000000001871100726
6000000001871326126
6000000001876538565
6000000001880575515
6000000001881847905
6000000001882081793
6000000001882086900
6000000001882094627
6000000001882099623
6000000001882100174
6000000001882100280
6000000001882152178
6000000001882152337
6000000001882160372
6000000001882193085
6000000001882199023
6000000001882204014
6000000001882217152
6000000001882241605
6000000001882286028
6000000001882299125
6000000001882377026
6000000001882445156
6000000001882455092
6000000001882791044
6000000001884009010
6000000001885922595
6000000001885940763
6000000001886024014
6000000001886099427
6000000001889085058
6000000001891192789
6000000001891281658
6000000001891328153
6000000001891331831
6000000001891426398
6000000001892006756
6000000001892047496
6000000001892060193
6000000001892132335
6000000001892179473
6000000001892188481
6000000001892188525
6000000001892190223
6000000001892226293
6000000001892239083
6000000001892239268
6000000001892241142
6000000001892241224
6000000001892244150
6000000001892245006
6000000001892247014
6000000001892248095
6000000001892312023
6000000001892313058
6000000001892416083
6000000001892423086
6000000001892434038
6000000001892452145
6000000001893848910
6000000001893949682
6000000001893988451
6000000001893988990
6000000001894299151
6000000001894397019
6000000001896427656
6000000001896480244
6000000001896483141
6000000001896519026
6000000001896603395
6000000001896683400
6000000001896715682
6000000001896811089
6000000001896860886
6000000001896895561
6000000001897030322
6000000001901731941
6000000001901967862
6000000001902012815
6000000001902055309
6000000001902075136
6000000001902079369
6000000001902084695
6000000001902133043
6000000001902157917
6000000001902165376
6000000001902166194
6000000001902172205
6000000001902175491
6000000001902176920
6000000001902197340
6000000001902236187
6000000001902240226
6000000001902245188
6000000001902256016
6000000001902262085
6000000001902262186
6000000001905352718
6000000001906073925
6000000001906509596
6000000001906650377
6000000001906654396
6000000001906667316
6000000001906667883
6000000001906821016
6000000001906842475
6000000001906858217
6000000001906862042
6000000001906867060
6000000001906889011
6000000001906889050
6000000001907132105
6000000001907187127
6000000001907266843
6000000001907385002
6000000001907392996
6000000001907464766
6000000001907491490
6000000001907501974
6000000001907607135
6000000001907614031
6000000001907618171
6000000001907646044
6000000001907658088
6000000001908342174
6000000001908342267
6000000001908346056
6000000001908419547
6000000001908484250
6000000001908509086
6000000001908528229
6000000001908545007
6000000001908560960
6000000001908563013
6000000001908570768
6000000001908572106
6000000001908616805
6000000001908643929
6000000001908803333
6000000001908869321
6000000001908875469
6000000001913848626
6000000001913876918
6000000001913880790
6000000001913937076
6000000001913943599
6000000001914004714
6000000001914026453
6000000001914041294
6000000001914053100
6000000001914054327
6000000001914071654
6000000001914072191
6000000001914073076
6000000001914114564
6000000001914129464
6000000001914132156
6000000001914165631
6000000001914228099
6000000001914309038
6000000001914568843
6000000001914786875
6000000001914806004
6000000001914821710
6000000001917140547
6000000001917253457
6000000001917436151
6000000001917595065
6000000001917647079
6000000001917649875
6000000001917661030
6000000001919331800
6000000001919719394
6000000001919725349
6000000001919828127
6000000001919918186
6000000001919954208
6000000001919974094
6000000001919976092
6000000001919978185
6000000001919982169
6000000001919983047
6000000001919993008
6000000001920093044
6000000001920913986
6000000001921116264
6000000001921155302
6000000001921160531
6000000001921204342
6000000001921278364
6000000001921290183
6000000001921306054
6000000001921437027
6000000001921738423
6000000001921746630
6000000001921907057
6000000001922162428
6000000001922187874
6000000001922487294
6000000001922541111
6000000001925004051
6000000001930216548
6000000001930319770
6000000001930374908
6000000001930616232
6000000001930653288
6000000001930764450
6000000001930817523
6000000001930833484
6000000001930859182
6000000001930859825
6000000001930899784
6000000001930960032
6000000001930963883
6000000001930972370
6000000001930975613
6000000001930976606
6000000001931019520
6000000001931082330
6000000001931091279
6000000001931107302
6000000001931140356
6000000001931157201
6000000001931182278
6000000001931183724
6000000001931201141
6000000001931237071
6000000001931282107
6000000001931392124
6000000001931435027
6000000001931435056
6000000001931443010
6000000001932455937
6000000001932927768
6000000001933010271
6000000001933062679
6000000001933152190
6000000001933182517
6000000001933195172
6000000001933207147
6000000001933289206
6000000001933440156
6000000001933446325
6000000001933539084
6000000001933589004
6000000001934208556
6000000001934397906
6000000001934427547
6000000001934528373
6000000001934537856
6000000001934543162
6000000001934551042
6000000001934664118
6000000001934715122
6000000001934946355
6000000001934991207
6000000001935233128
6000000001948870679
6000000001949053986
6000000001949065362
6000000001949292041
6000000001949696500
6000000001950120775
6000000001950141295
6000000001950491131
6000000001950545259
6000000001950547212
6000000001950557106
6000000001950564107
6000000001950627133
6000000001950745193
6000000001950746082
6000000001950766196
6000000001951984663
6000000001952021595
6000000001952071291
6000000001952073807
6000000001952102881
6000000001952129341
6000000001957656581
6000000001957747353
6000000001957747803
6000000001957798118
6000000001957809250
6000000001957876016
6000000001957950526
6000000001957968330
6000000001958069156
6000000001958108174
6000000001958109174
6000000001958158027
6000000001976109481
6000000001976122780
6000000001976255607
6000000001976349196
6000000001976402540
6000000001976425445
6000000001976507328
6000000001976527338
6000000001976549667
6000000001976557624
6000000001976563359
6000000001976570028
6000000001976574431
6000000001976587634
6000000001976700029
6000000001976792005
6000000001976993982
6000000001977331557
6000000001977395469
6000000001977402968
6000000001977513319
6000000001977538715
6000000001977540355
6000000001977671479
6000000001977698410
6000000001977716421
6000000001977787242
6000000001977787282
6000000001977850653
6000000001978480232
6000000001978851051
6000000001980087195
6000000001984921766
6000000001984936088
6000000001984940140
6000000001984940160
6000000001984950031
6000000001984989082
6000000001985038622
6000000001985107443
6000000001985168484
6000000001985336274
6000000001985596285
6000000001987513251
6000000001987554230
6000000001987563202
6000000001987590335
6000000001987828876
6000000001987901419
6000000001987936250
6000000001988011919
6000000001988019108
6000000001988348207
6000000001989496422
6000000001989563352
6000000001989604160
6000000001989699050
6000000001989703068
6000000001990178412
6000000001991369925
6000000001991487824
6000000001991511517
6000000001991546571
6000000001991547584
6000000001991595352
6000000001991626336
6000000001991647330
6000000001991652334
6000000001991657562
6000000001991684044
6000000001991688228
6000000001991689753
6000000001991692306
6000000001991800201
6000000001991801040
6000000001991814159
6000000001996420695
6000000001996607285
6000000001996621323
6000000001996656284
6000000001996662792
6000000001996687020
6000000001997489836
6000000001997573982
6000000001997595431
6000000001997610760
6000000001997610848
6000000001997654836
6000000001997656774
6000000001997662480
6000000001997704646
6000000001997743506
6000000001997743724
6000000001997745533
6000000001997747320
6000000001997758549
6000000001997830183
6000000001997832040
6000000001997832372
6000000001997833292
6000000001997842023
6000000001997842092
6000000001997860124
6000000001997871077
6000000001997871098
6000000001997873018
6000000001997875010
6000000001997891264
6000000001997891311
6000000001997893071
6000000001997893685
6000000001997919004
6000000001997979473
6000000001998237692
6000000001998394324
6000000001998394481
6000000001998416229
6000000001998431191
6000000001998436039
6000000001998440040
6000000001998440066
6000000001998467064
6000000001998468065
6000000001998481295
6000000001998515947
6000000001998610309
6000000001998670330
6000000001998723809
6000000001998818060
6000000001998909980
6000000001998950996
6000000001998956677
6000000001998956764
6000000001998968947
6000000001998981690
6000000001998999596
6000000001999000261
6000000001999026152
6000000001999027181
6000000001999034314
6000000001999055759
6000000001999059146
6000000001999108244
6000000001999115083
6000000001999115246
6000000001999134332
6000000001999153596
6000000001999153848
6000000001999158184
6000000001999404215
6000000001999404466
6000000001999415090
6000000001999415132
6000000001999422157
6000000001999422299
6000000001999465450
6000000001999470281
6000000001999473079
6000000001999500147
6000000001999503188
6000000001999508221
6000000001999517288
6000000001999532727
6000000001999556566
6000000001999592033
6000000002003880399
6000000002003985410
6000000002003993923
6000000002004005215
6000000002004005824
6000000002004182640
6000000002010821602
6000000002015778185
6000000002015863199
6000000002023749520
6000000002023852240
6000000002023884260
6000000002023909538
6000000002027214547
6000000002027242819
6000000002027469343
6000000002027583284
6000000002027583322
6000000002031134205
6000000002072467401
6000000002072666162
6000000002091635593
6000000002105211210
6000000002115436108
6000000002115438418
6000000002115600266
6000000002115641657
6000000002115693278
6000000002115693295
6000000002115751441
6000000002115754549
6000000002115825238
6000000002115977657
6000000002116035176
6000000002116775442
6000000002116778500
6000000002116833884
6000000002116910350
6000000002116948196
6000000002116974024
6000000002117004245
6000000002117097302
6000000002132197672
6000000002132390777
6000000002145996755
6000000002146004953
6000000002146063209
6000000002146087361
6000000002146112049
6000000002146150076
6000000002148992191
6000000002150140293
6000000002150648915
6000000002150650583
6000000002150708691
6000000002150709279
6000000002150711620
6000000002150717435
6000000002150763219
6000000002150764219
6000000002150764260
6000000002150780334
6000000002150799241
6000000002150842195
6000000002150856592
6000000002150867028
6000000002150882205
6000000002150897117
6000000002150982078
6000000002153084633
6000000002157419183
6000000002157422611
6000000002157427157
6000000002157489205
6000000002157561083
6000000002157693162
6000000002157766175
6000000002157830050
6000000002157907030
6000000002175902836
6000000002175912846
6000000002175936490
6000000002175951669
6000000002175965945
6000000002176060555
6000000002176091230
6000000002176168835
6000000002176262771
6000000002176306010
6000000002176425870
6000000002176448438
6000000002176478231
6000000002176625369
6000000002176640106
6000000002176667357
6000000002176704339
6000000002176776124
6000000002176965802
6000000002177074519
6000000002177114502
6000000002177197597
6000000002177258977
6000000002177270080
6000000002177282133
6000000002177475704
6000000002177534448
6000000002177574521
6000000002177649260
6000000002178744996
6000000002178861529
6000000002178897995
6000000002179303346
6000000002179414251
6000000002179472596
6000000002180095733
6000000002180119396
6000000002180230519
6000000002180281625
6000000002180441051
6000000002180602039
6000000002180669123
6000000002180805430
6000000002181397179
6000000002181402050
6000000002181539486
6000000002181652189
6000000002181653479
6000000002181699030
6000000002182090290
6000000002182150771
6000000002182228549
6000000002182253049
6000000002182332985
6000000002182410554
6000000002182426302
6000000002182456940
6000000002182465339
6000000002182526199
6000000002182539548
6000000002182595628
6000000002182699955
6000000002182721025
6000000002182805500
6000000002187989735
6000000002188161351
6000000002188173518
6000000002188173541
6000000002188175658
6000000002188234668
6000000002188264604
6000000002188291149
6000000002188331099
6000000002188369982
6000000002188580253
6000000002188590328
6000000002188961562
6000000002188982281
6000000002189013412
6000000002189044073
6000000002189063272
6000000002189066266
6000000002189074772
6000000002189113199
6000000002189129084
6000000002189191133
6000000002189209042
6000000002189252829
6000000002189272203
6000000002189277819
6000000002189325160
6000000002189355441
6000000002189389950
6000000002189422977
6000000002189441795
6000000002189451454
6000000002189472124
6000000002189549004
6000000002189557453
6000000002189590553
6000000002189593625
6000000002189665174
6000000002190045599
6000000002190110167
6000000002190110572
6000000002190139870
6000000002190151208
6000000002190200061
6000000002190206913
6000000002190216287
6000000002190218368
6000000002190257046
6000000002190285046
6000000002190300023
6000000002190420864
6000000002190440822
6000000002190454022
6000000002190629534
6000000002190640682
6000000002190670019
6000000002190716252
6000000002190802375
6000000002190865086
6000000002190892097
6000000002190902175
6000000002190916383
6000000002190920335
6000000002191114005
6000000002191738396
6000000002192065509
6000000002193199352
6000000002202011824
6000000002202258451
6000000002202297573
6000000002202302540
6000000002202553261
6000000002202568094
6000000002202599045
6000000002202599186
6000000002202608016
6000000002202608207
6000000002203797878
6000000002204041453
6000000002204067380
6000000002204129489
6000000002204170256
6000000002204242094
6000000002204712346
6000000002210376049
6000000002211223586
6000000002211274371
6000000002211284091
6000000002211292089
6000000002211335074
6000000002211350023
6000000002211354065
6000000002213481472
6000000002213749714
6000000002213792081
6000000002213840336
6000000002213845367
6000000002213862111
6000000002213875198
6000000002213876054
6000000002213887266
6000000002216421526
6000000002230414108
6000000002230433647
6000000002231041862
6000000002231192309
6000000002231231438
6000000002231241832
6000000002231250802
6000000002231287594
6000000002231362102
6000000002231382125
6000000002231390032
6000000002231412943
6000000002231418481
6000000002231447401
6000000002231504154
6000000002231523824
6000000002231539034
6000000002231545527
6000000002231545620
6000000002231902525
6000000002231972437
6000000002231972495
6000000002232023145
6000000002232101280
6000000002232112061
6000000002232119149
6000000002232310385
6000000002232334625
6000000002232365764
6000000002232468766
6000000002232482822
6000000002232493424
6000000002232498765
6000000002232596306
6000000002232663446
6000000002232697236
6000000002232706547
6000000002232717960
6000000002232732649
6000000002232875239
6000000002232925571
6000000002232963326
6000000002232975225
6000000002232978085
6000000002232984373
6000000002238864725
6000000002238994248
6000000002239050112
6000000002239358175
6000000002239373694
6000000002239412202
6000000002239779341
6000000002239882215
6000000002239895183
6000000002239978031
6000000002240107727
6000000002240211706
6000000002240225353
6000000002240230729
6000000002240256463
6000000002240280145
6000000002240373487
6000000002240521350
6000000002241113802
6000000002241140583
6000000002241196378
6000000002241339056
6000000002241357006
6000000002241380071
6000000002241413673
6000000002241506611
6000000002241638024
6000000002241639331
6000000002241648156
6000000002241746394
6000000002241880955
6000000002241923685
6000000002241948258
6000000002241972850
6000000002242088106
6000000002242088291
6000000002242095137
6000000002242134035
6000000002242137263
6000000002242177978
6000000002242370310
6000000002242382620
6000000002242487242
6000000002242551178
6000000002242551360
6000000002242558018
6000000002242720268
6000000002243336183
6000000002243360253
6000000002266224688
6000000002266301458
6000000002266341949
6000000002266401930
6000000002266470640
6000000002266519717
6000000002266657155
6000000002266705285
6000000002266707311
6000000002266717089
6000000002266814233
6000000002266821263
6000000002266973146
6000000002266997089
6000000002267004176
6000000002267733615
6000000002267773255
6000000002267817765
6000000002267982150
6000000002268600140
6000000002268806424
6000000002269767492
6000000002269771605
6000000002269870008
6000000002270116912
6000000002271038945
6000000002271322607
6000000002271347708
6000000002272224073
6000000002272254031
6000000002278794253
6000000002279028139
6000000002279054340
6000000002279417360
6000000002279616916
6000000002279616923
6000000002279616930
6000000002279616937
6000000002279616944
6000000002279616956
6000000002282050667
6000000002297272000
6000000002297397220
6000000002297438371
6000000002297448275
6000000002297560128
6000000002297560222
6000000002300467648
6000000002300467661
6000000002300467675
6000000002300467681
6000000002300522370
6000000002300522381
6000000002300531104
6000000002300531114
6000000002300531774
6000000002300531779
6000000002300542002
6000000002300542016
6000000002300542030
6000000002309626990
6000000002316315982
6000000002316472622
6000000002316505383
6000000002316523976
6000000002316623011
6000000002316641955
6000000002316734328
6000000002316761754
6000000002316812217
6000000002316830114
6000000002316835236
6000000002316965378
6000000002317069615
6000000002317071041
6000000002317111514
6000000002317128038
6000000002317219235
6000000002317312001
6000000002333654561
6000000002335169692
6000000002335271800
6000000002335409205
6000000002344138392
6000000002344479564
6000000002344870069
6000000002367726800
6000000002367766209
6000000002367772229
6000000002367873201
6000000002367958478
6000000002368275130
6000000002369272005
6000000002369291590
6000000002369313614
6000000002369324194
6000000002369337223
6000000002369357075
6000000002369384092
6000000002369400187
6000000002369402125
6000000002369465629
6000000002369538046
6000000002369564139
6000000002371901592
6000000002371964146
6000000002371964635
6000000002372010391
6000000002372084336
6000000002372084597
6000000002372112350
6000000002385189554
6000000002385234530
6000000002393568556
6000000002394051648
6000000002394246336
6000000002394374201
6000000002394376336
6000000002401680773
6000000002401731700
6000000002401760394
6000000002402008160
6000000002402080556
6000000002402118221
6000000002407437381
6000000002413910772
6000000002413920596
6000000002413986448
6000000002414110559
6000000002414119758
6000000002414139760
6000000002414201129
6000000002414213504
6000000002414223041
6000000002414235244
6000000002414308286
6000000002414330146
6000000002414330160
6000000002414354300
6000000002414705137
6000000002414732208
6000000002414758193
6000000002414763162
6000000002414891682
6000000002414952643
6000000002415026874
6000000002415075217
6000000002415081732
6000000002415085351
6000000002415087796
6000000002415105655
6000000002415127989
6000000002415140200
6000000002415144630
6000000002415144974
6000000002415177442
6000000002415200713
6000000002415209791
6000000002415210630
6000000002415223128
6000000002415235824
6000000002415243761
6000000002415275264
6000000002415292369
6000000002415299558
6000000002415314098
6000000002415337238
6000000002415402139
6000000002415408015
6000000002415418202
6000000002415420031
6000000002415453038
6000000002415458212
6000000002415493066
6000000002415664562
6000000002415810357
6000000002415813106
6000000002415873277
6000000002415878347
6000000002415927396
6000000002415951496
6000000002415960060
6000000002415964471
6000000002415994961
6000000002416020672
6000000002416030104
6000000002416033374
6000000002416037608
6000000002416067384
6000000002416099481
6000000002416105763
6000000002416128495
6000000002416143186
6000000002416148765
6000000002416174208
6000000002416194520
6000000002416215479
6000000002416217634
6000000002416224737
6000000002416224839
6000000002416227162
6000000002416231190
6000000002416239180
6000000002416247373
6000000002416274210
6000000002416276234
6000000002416330829
6000000002416344212
6000000002416350296
6000000002416358404
6000000002416362313
6000000002416362744
6000000002416373711
6000000002416377200
6000000002416379610
6000000002416431387
6000000002416431524
6000000002416431635
6000000002416434382
6000000002416434399
6000000002416448145
6000000002416448803
6000000002416461164
6000000002416461241
6000000002416461671
6000000002416461898
6000000002416479066
6000000002416482159
6000000002416488577
6000000002416500073
6000000002416500120
6000000002416524102
6000000002416528464
6000000002416532761
6000000002416533126
6000000002416534163
6000000002416536141
6000000002416537219
6000000002416539083
6000000002416568045
6000000002416607024
6000000002416619310
6000000002416643453
6000000002416653004
6000000002416687620
6000000002416695353
6000000002416695600
6000000002416702056
6000000002416703483
6000000002416709209
6000000002416710248
6000000002416741297
6000000002417035923
6000000002417051799
6000000002417066958
6000000002417095332
6000000002417102258
6000000002417105819
6000000002417118384
6000000002417146960
6000000002417198463
6000000002417207266
6000000002417207621
6000000002417207983
6000000002417281109
6000000002417394228
6000000002417445200
6000000002417484861
6000000002417495208
6000000002417499741
6000000002417539001
6000000002417539520
6000000002417549521
6000000002417575019
6000000002417631426
6000000002417645337
6000000002417651251
6000000002417655069
6000000002417717766
6000000002417735610
6000000002417747168
6000000002417823136
6000000002417834787
6000000002417835278
6000000002417858174
6000000002417897005
6000000002418096774
6000000002418161302
6000000002418311245
6000000002418390022
6000000002421303820
6000000002421391715
6000000002421415704
6000000002421521831
6000000002421525629
6000000002421535299
6000000002421550147
6000000002421701002
6000000002421729001
6000000002440251920
6000000002440474568
6000000002440487375
6000000002440561454
6000000002440591934
6000000002440605566
6000000002440605943
6000000002440709717
6000000002440758984
6000000002440762195
6000000002440783432
6000000002440818651
6000000002440828435
6000000002440875509
6000000002440887230
6000000002440889805
6000000002440965465
6000000002441035713
6000000002441038840
6000000002441041881
6000000002441078451
6000000002441160019
6000000002441163802
6000000002441164008
6000000002441225480
6000000002441259329
6000000002441268458
6000000002441363417
6000000002441366823
6000000002441367694
6000000002441377017
6000000002441391639
6000000002441399342
6000000002441400178
6000000002441425438
6000000002441436113
6000000002441454311
6000000002441484021
6000000002441484473
6000000002441575236
6000000002441581246
6000000002441722028
6000000002442091583
6000000002442104643
6000000002442130654
6000000002442173325
6000000002442214190
6000000002442267152
6000000002442322201
6000000002442322770
6000000002442324085
6000000002442343329
6000000002442352042
6000000002442356112
6000000002442394187
6000000002442407405
6000000002442442080
6000000002442447917
6000000002442509795
6000000002442554571
6000000002442564070
6000000002442573342
6000000002442618802
6000000002442686023
6000000002442759086
6000000002445466486
6000000002445567760
6000000002445675707
6000000002445898811
6000000002446334716
6000000002446471431
6000000002446472236
6000000002446578798
6000000002446619751
6000000002446676131
6000000002446688316
6000000002446693053
6000000002446702404
6000000002446705044
6000000002446729259
6000000002454835086
6000000002456276473
6000000002456318352
6000000002456324537
6000000002456339328
6000000002456346342
6000000002456381399
6000000002469830633
6000000002469885536
6000000002469912716
6000000002469931332
6000000002469964129
6000000002469964943
6000000002469968978
6000000002470000430
6000000002470043217
6000000002470155308
6000000002470156594
6000000002470263041
6000000002470283012
6000000002470293242
6000000002470370311
6000000002470429778
6000000002470440662
6000000002470511863
6000000002470547321
6000000002470675081
6000000002470779509
6000000002470792099
6000000002471021725
6000000002471027843
6000000002471105726
6000000002471126634
6000000002471306463
6000000002471308728
6000000002471316502
6000000002471329350
6000000002471334419
6000000002471411164
6000000002471552008
6000000002471567023
6000000002471567919
6000000002471696950
6000000002471912276
6000000002472526795
6000000002472664248
6000000002472896264
6000000002472904242
6000000002473196902
6000000002473233217
6000000002473246496
6000000002473274067
6000000002473274538
6000000002473830969
6000000002474337420
6000000002474371229
6000000002474421239
6000000002474430451
6000000002479135651
6000000002480303024
6000000002482621650
6000000002482623706
6000000002482676077
6000000002482699063
6000000002482745096
6000000002482760242
6000000002482826641
6000000002482957285
6000000002484469558
6000000002484486365
6000000002485052552
6000000002485114921
6000000002485189439
6000000002485209177
6000000002485261968
6000000002485299685
6000000002485355667
6000000002485486409
6000000002485548631
6000000002485690002
6000000002485721148
6000000002485728436
6000000002485752138
6000000002485772150
6000000002485802236
6000000002492247791
6000000002492259133
6000000002492319108
6000000002492337980
6000000002492375137
6000000002492528651
6000000002492640963
6000000002492691459
6000000002492696009
6000000002492708765
6000000002492742131
6000000002492752630
6000000002492863368
6000000002493325334
6000000002493382022
6000000002493414307
6000000002493417103
6000000002493468031
6000000002493647638
6000000002493686431
6000000002493870164
6000000002493873321
6000000002493898466
6000000002493906359
6000000002493906547
6000000002493927895
6000000002493951500
6000000002493968121
6000000002493969301
6000000002493996183
6000000002494011151
6000000002494012073
6000000002494069423
6000000002494111247
6000000002494112110
6000000002494327365
6000000002494561440
6000000002494570239
6000000002494653001
6000000002495193905
6000000002495223363
6000000002505104904
6000000002506382520
6000000002506432634
6000000002506435834
6000000002506435907
6000000002506453164
6000000002506454811
6000000002506530250
6000000002506531140
6000000002506554257
6000000002506562068
6000000002506582350
6000000002506610367
6000000002506613265
6000000002506614254
6000000002507207235
6000000002507382081
6000000002507582332
6000000002510973487
6000000002511055827
6000000002511064301
6000000002511205820
6000000002511312366
6000000002511357244
6000000002511395480
6000000002511445175
6000000002520356485
6000000002520432490
6000000002520432564
6000000002520466211
6000000002520476558
6000000002520483221
6000000002520495174
6000000002520507200
6000000002520508077
6000000002520512131
6000000002520530088
6000000002520558458
6000000002520559565
6000000002520603591
6000000002530538967
6000000002530676445
6000000002530681309
6000000002530726252
6000000002530734347
6000000002530758214
6000000002533351073
6000000002533376344
6000000002533558094
6000000002535404020
6000000002536921723
6000000002537218978
6000000002539974177
6000000002540106680
6000000002540226646
6000000002540597680
6000000002540626580
6000000002540718003
6000000002548872800
6000000002549020626
6000000002549068669
6000000002549123110
6000000002549126280
6000000002549139261
6000000002549162514
6000000002549169052
6000000002549220253
6000000002549294008
6000000002549317006
6000000002573837738
6000000002573855206
6000000002578989154
6000000002579203631
6000000002579246927
6000000002581413771
6000000002581439537
6000000002581472689
6000000002581477612
6000000002581477634
6000000002581526273
6000000002581537159
6000000002581550214
6000000002581553090
6000000002581566269
6000000002581569270
6000000002581573209
6000000002583956577
6000000002586770801
6000000002591049887
6000000002592916009
6000000002593234962
6000000002595909910
6000000002596182389
6000000002596394914
6000000002600647461
6000000002603230411
6000000002603244670
6000000002603284775
6000000002603371209
6000000002603426734
6000000002603504814
6000000002603536759
6000000002603570193
6000000002603647004
6000000002603905714
6000000002603912330
6000000002603956348
6000000002603956423
6000000002607586600
6000000002607753343
6000000002607801859
6000000002607809801
6000000002607833791
6000000002607874459
6000000002607934255
6000000002608110029
6000000002610012593
6000000002610079560
6000000002610202127
6000000002616299320
6000000002621201709
6000000002622815399
6000000002627689814
6000000002627768768
6000000002627821564
6000000002627836512
6000000002627847479
6000000002627939885
6000000002627965468
6000000002628007823
6000000002628052003
6000000002628083024
6000000002628234451
6000000002628235112
6000000002628248663
6000000002628253179
6000000002631232113
6000000002631267972
6000000002631274374
6000000002631311324
6000000002631352494
6000000002631353365
6000000002631397273
6000000002631399146
6000000002635447520
6000000002635547515
6000000002640488811
6000000002640553457
6000000002640612420
6000000002640641636
6000000002640669897
6000000002640745073
6000000002643436812
6000000002643436891
6000000002643454933
6000000002643482389
6000000002643489543
6000000002643497877
6000000002643539318
6000000002643570187
6000000002643571315
6000000002643591185
6000000002643591252
6000000002643607840
6000000002643609199
6000000002643613173
6000000002643619648
6000000002643626446
6000000002643637176
6000000002643686599
6000000002643722957
6000000002643829524
6000000002643866523
6000000002643984186
6000000002644125007
6000000002645644172
6000000002645644226
6000000002645992065
6000000002646053060
6000000002646101007
6000000002646425501
6000000002646471448
6000000002646559304
6000000002646707019
6000000002646873182
6000000002646912032
6000000002647469731
6000000002647485871
6000000002647538363
6000000002647641007
6000000002649905823
6000000002659413608
6000000002659491360
6000000002659517255
6000000002659681044
6000000002659787511
6000000002659822621
6000000002659915317
6000000002659953258
6000000002660897614
6000000002667184412
6000000002667203487
6000000002667322211
6000000002667382124
6000000002667408040
6000000002667711530
6000000002667713926
6000000002667732759
6000000002667785495
6000000002667807743
6000000002667812417
6000000002667822924
6000000002667848222
6000000002667851466
6000000002667852460
6000000002667854977
6000000002667865292
6000000002667874516
6000000002667888338
6000000002667892519
6000000002667944004
6000000002667957267
6000000002667968117
6000000002667978008
6000000002667978154
6000000002668068001
6000000002668079067
6000000002668712539
6000000002668738282
6000000002670125479
6000000002677990073
6000000002678228030
6000000002678408855
6000000002678722233
6000000002678774667
6000000002683544588
6000000002683613070
6000000002690217876
6000000002690412536
6000000002690545198
6000000002690772418
6000000002691209555
6000000002691248258
6000000002696395100
6000000002696944379
6000000002698489333
6000000002701525575
6000000002706540480
6000000002706943275
6000000002707011364
6000000002707110113
6000000002707157061
6000000002707198070
6000000002715706895
6000000002715861515
6000000002725806984
6000000002730044387
6000000002734825909
6000000002741638984
6000000002741887014
6000000002742632249
6000000002742687080
6000000002742860958
6000000002749397199
6000000002751313329
6000000002752317139
6000000002755038432
6000000002755095032
6000000002768564793
6000000002778408975
6000000002778495866
6000000002778497631
6000000002778502705
6000000002778512785
6000000002778537318
6000000002778597904
6000000002778732210
6000000002778734211
6000000002778935599
6000000002778956817
6000000002778969422
6000000002779056529
6000000002779111164
6000000002779197240
6000000002779244097
6000000002779274874
6000000002797490564
6000000002824794624
6000000002825117452
6000000002825235761
6000000002825761954
6000000002825904857
6000000002826050570
6000000002826071080
6000000002826109979
6000000002826179556
6000000002826256744
6000000002826287080
6000000002826291662
6000000002826317814
6000000002826322004
6000000002826331889
6000000002826342572
6000000002826354380
6000000002826356496
6000000002826381014
6000000002826393274
6000000002826437052
6000000002826438017
6000000002826451013
6000000002826482284
6000000002826482739
6000000002826488004
6000000002827388736
6000000002827433754
6000000002827552638
6000000002827652492
6000000002827694776
6000000002828148460
6000000002830728863
6000000002830729894
6000000002831047537
6000000002831788093
6000000002836524698
6000000002836578597
6000000002836581069
6000000002837551893
6000000002838347930
6000000002838456392
6000000002838456864
6000000002838496813
6000000002838515121
6000000002838518762
6000000002838522652
6000000002838548162
6000000002838562054
6000000002838564040
6000000002838567104
6000000002838571088
6000000002838589375
6000000002838657036
6000000002838659267
6000000002843204969
6000000002844039502
6000000002844294350
6000000002844297561
6000000002848713696
6000000002848745523
6000000002848830448
6000000002848872048
6000000002848953126
6000000002848963132
6000000002849692844
6000000002849728346
6000000002849739404
6000000002849798052
6000000002849806017
6000000002849863811
6000000002849872105
6000000002851031686
6000000002862126119
6000000002862229375
6000000002862330380
6000000002862347134
6000000002879899923
6000000002891335768
6000000002891335970
6000000002891484535
6000000002896101756
6000000002903023717
6000000002903216320
6000000002908972708
6000000002908992600
6000000002910402716
6000000002920739145
6000000002923093898
6000000002929431260
6000000002929469328
6000000002932163648
6000000002932439885
6000000002932766826
6000000002932818640
6000000002933559058
6000000002933568869
6000000002934580717
6000000002934795982
6000000002934801002
6000000002934890996
6000000002935104933
6000000002935176480
6000000002935176782
6000000002935257329
6000000002935289430
6000000002935395128
6000000002935462614
6000000002935539099
6000000002939873629
6000000002939874732
6000000002939939237
6000000002939945143
6000000002940008240
6000000002945757621
6000000002945762604
6000000002945790597
6000000002945805514
6000000002945815869
6000000002945849171
6000000002945853773
6000000002945854119
6000000002945864133
6000000002945871021
6000000002945872841
6000000002945876050
6000000002945888187
6000000002945902012
6000000002945902407
6000000002945905338
6000000002945955062
6000000002946807908
6000000002946956600
6000000002947213028
6000000002949475705
6000000002957357803
6000000002957944654
6000000002957956347
6000000002958047555
6000000002960210791
6000000002960325317
6000000002960354033
6000000002960436966
6000000002960566846
6000000002960764587
6000000002967976670
6000000002967989981
6000000002968003707
6000000002968012396
6000000002968012673
6000000002968412285
6000000002968430223
6000000002968740082
6000000002968929525
6000000002968949334
6000000002968972592
6000000002968988242
6000000002969302843
6000000002969415351
6000000002969415506
6000000002969479064
6000000002969496973
6000000002969520682
6000000002969525823
6000000002969543568
6000000002969557722
6000000002969590067
6000000002969619476
6000000002969652567
6000000002969652877
6000000002969658159
6000000002969671353
6000000002969699234
6000000002969708015
6000000002969734018
6000000002969773072
6000000002969797953
6000000002969821227
6000000002969918724
6000000002970037116
6000000002970043684
6000000002970052437
6000000002970060553
6000000002970077122
6000000002970089234
6000000002970090025
6000000002970090256
6000000002970113023
6000000002970124068
6000000002970779540
6000000002970870183
6000000002970873219
6000000002970884108
6000000002970889049
6000000002970902005
6000000002970904183
6000000002970937011
6000000002971003491
6000000002971054886
6000000002980271975
6000000002980389924
6000000002980406656
6000000002980470299
6000000002980923597
6000000002981024615
6000000002981278396
6000000002981292172
6000000002981295804
6000000002982407319
6000000002982456815
6000000002982467257
6000000002982563674
6000000002982568063
6000000002982612203
6000000002982669852
6000000002983210117
6000000002995226834
6000000002996710323
6000000003002959910
6000000003003132797
6000000003003740660
6000000003003892795
6000000003004002374
6000000003004017711
6000000003004066833
6000000003004102440
6000000003004279253
6000000003004773595
6000000003007052850
6000000003007170847
6000000003007563633
6000000003007612541
6000000003007867693
6000000003007875015
6000000003007963337
6000000003011499426
6000000003012106659
6000000003012246829
6000000003012380606
6000000003012397205
6000000003012406128
6000000003012415025
6000000003013874847
6000000003013977546
6000000003017628196
6000000003017682276
6000000003018366949
6000000003018386302
6000000003018405313
6000000003018414395
6000000003018423269
6000000003018423759
6000000003018427089
6000000003018431200
6000000003018446300
6000000003018477021
6000000003020246115
6000000003028852891
6000000003029034172
6000000003034105667
6000000003034388682
6000000003034610033
6000000003041140084
6000000003046231653
6000000003046281257
6000000003046369456
6000000003046396318
6000000003046407250
6000000003046666088
6000000003056775953
6000000003056775999
6000000003056801501
6000000003056804529
6000000003056807854
6000000003056835507
6000000003056883256
6000000003056918664
6000000003056951018
6000000003057564055
6000000003058841855
6000000003058890019
6000000003066290693
6000000003066305370
6000000003066326133
6000000003066327517
6000000003066353939
6000000003066400575
6000000003066470826
6000000003066500465
6000000003066506578
6000000003066523430
6000000003066645060
6000000003066645564
6000000003066647484
6000000003066686021
6000000003068374670
6000000003068384844
6000000003068397533
6000000003068401718
6000000003068418919
6000000003068433419
6000000003068465037
6000000003068476209
6000000003068477579
6000000003068480575
6000000003068482299
6000000003068487741
6000000003068493268
6000000003068511277
6000000003068520643
6000000003068525388
6000000003068526179
6000000003068573560
6000000003068619653
6000000003068628575
6000000003068714064
6000000003068773478
6000000003068954147
6000000003070245020
6000000003070250376
6000000003073709017
6000000003077663391
6000000003077685407
6000000003079635768
6000000003080692402
6000000003080758812
6000000003080799657
6000000003080868289
6000000003080868315
6000000003080904125
6000000003080956054
6000000003081017176
6000000003081113013
6000000003082014653
6000000003082187261
6000000003083263995
6000000003083651434
6000000003088837455
6000000003091077381
6000000003091229156
6000000003091230182
6000000003094066593
6000000003094175314
6000000003094258733
6000000003094264619
6000000003094269208
6000000003094273591
6000000003094403282
6000000003094450348
6000000003094467062
6000000003094478259
6000000003094496605
6000000003094624067
6000000003094707249
6000000003096256722
6000000003096278338
6000000003096315861
6000000003096362718
6000000003096370427
6000000003096430168
6000000003096517836
6000000003096542996
6000000003096705026
6000000003102358178
6000000003102535314
6000000003102572229
6000000003102574163
6000000003102594313
6000000003102598126
6000000003102659044
6000000003102987699
6000000003104633341
6000000003104675159
6000000003104688067
6000000003104814848
6000000003104940722
6000000003105235236
6000000003105235344
6000000003106932743
6000000003107171769
6000000003108987815
6000000003114740743
6000000003114788452
6000000003114792611
6000000003114825609
6000000003114834644
6000000003114844503
6000000003114867294
6000000003114879603
6000000003114880619
6000000003114892522
6000000003114898853
6000000003114923127
6000000003115821160
6000000003116556624
6000000003116565671
6000000003116732077
6000000003125570876
6000000003125813080
6000000003125822155
6000000003125827185
6000000003125840066
6000000003125844121
6000000003125878208
6000000003125884195
6000000003125884451
6000000003125960851
6000000003126042314
6000000003126376673
6000000003126382228
6000000003126387051
6000000003126447700
6000000003126479150
6000000003126488345
6000000003126517426
6000000003126545263
6000000003126637970
6000000003126650873
6000000003126672884
6000000003126721616
6000000003126812056
6000000003127377577
6000000003127443945
6000000003127452500
6000000003127468974
6000000003127473361
6000000003127503015
6000000003127553096
6000000003127585050
6000000003127997191
6000000003128075427
6000000003128090156
6000000003128109582
6000000003128114934
6000000003128281916
6000000003128417117
6000000003129281273
6000000003130197070
6000000003130938414
6000000003156428985
6000000003156467900
6000000003156845434
6000000003156872013
6000000003157064047
6000000003167563765
6000000003170295661
6000000003170431033
6000000003171148638
6000000003171738348
6000000003175574324
6000000003175728548
6000000003175865440
6000000003176857119
6000000003177556797
6000000003177728996
6000000003177777365
6000000003177799031
6000000003177829246
6000000003177838261
6000000003177869206
6000000003177896006
6000000003177902064
6000000003178622249
6000000003179540689
6000000003185966808
6000000003186031763
6000000003186046440
6000000003186118447
6000000003186277964
6000000003186385291
6000000003186431158
6000000003186520108
6000000003187009817
6000000003187047248
6000000003187066828
6000000003187081962
6000000003187090426
6000000003187090706
6000000003187117308
6000000003187155290
6000000003187186012
6000000003187711635
6000000003187821231
6000000003187822549
6000000003187850088
6000000003187856211
6000000003187880274
6000000003187947294
6000000003187959011
6000000003187970114
6000000003188002562
6000000003188018407
6000000003188048785
6000000003188056806
6000000003188058205
6000000003188083356
6000000003188085192
6000000003188088057
6000000003188114111
6000000003188117292
6000000003188132268
6000000003188135116
6000000003188137013
6000000003188146748
6000000003188249001
6000000003188272089
6000000003188277434
6000000003188598015
6000000003190476997
6000000003190589689
6000000003190658765
6000000003190760555
6000000003190863640
6000000003190868512
6000000003190875082
6000000003190898377
6000000003190942296
6000000003190963134
6000000003191089533
6000000003193745170
6000000003198215493
6000000003198216804
6000000003198298898
6000000003198311217
6000000003198340149
6000000003198350031
6000000003198374042
6000000003198382269
6000000003198746863
6000000003198812880
6000000003198873375
6000000003198880671
6000000003198886729
6000000003198896075
6000000003199003110
6000000003199211534
6000000003199549060
6000000003202026189
6000000003202063127
6000000003202490158
6000000003211520709
6000000003212606196
6000000003213572015
6000000003213693337
6000000003218314799
6000000003218490506
6000000003218534512
6000000003218566129
6000000003218595201
6000000003224214473
6000000003224480245
6000000003225766835
6000000003238977354
6000000003239089658
6000000003239111395
6000000003239240257
6000000003244883640
6000000003245579775
6000000003245678413
6000000003245828426
6000000003246397823
6000000003246448577
6000000003246470446
6000000003246486610
6000000003246490646
6000000003246491111
6000000003246499071
6000000003246519864
6000000003246522364
6000000003246525471
6000000003246541084
6000000003246541811
6000000003246546596
6000000003246556878
6000000003246563363
6000000003246572193
6000000003246583409
6000000003246598288
6000000003246613206
6000000003246616095
6000000003246619120
6000000003246635015
6000000003246641246
6000000003246653290
6000000003246653379
6000000003246706489
6000000003246722079
6000000003246725001
6000000003246759101
6000000003251172491
6000000003251211834
6000000003251211839
6000000003253069475
6000000003257078243
6000000003257107678
6000000003257110128
6000000003257114470
6000000003257150489
6000000003257159391
6000000003257194891
6000000003257233035
6000000003257243921
6000000003257276069
6000000003257276533
6000000003257282506
6000000003257306321
6000000003257324896
6000000003257325664
6000000003257342295
6000000003257346726
6000000003257350356
6000000003257422026
6000000003257482430
6000000003257785624
6000000003257798330
6000000003257873223
6000000003257885765
6000000003257958168
6000000003257969887
6000000003258024155
6000000003258076292
6000000003258081021
6000000003258133075
6000000003258146740
6000000003258199671
6000000003258201697
6000000003264652623
6000000003266276686
6000000003266312375
6000000003266344683
6000000003266359075
6000000003266403441
6000000003266425126
6000000003266431561
6000000003266446495
6000000003266450248
6000000003266453061
6000000003266457113
6000000003266482465
6000000003266542475
6000000003266552077
6000000003266563680
6000000003266580774
6000000003266600423
6000000003266655013
6000000003267033604
6000000003267072594
6000000003267146127
6000000003269270363
6000000003272524335
6000000003278156475
6000000003278225111
6000000003279394383
6000000003279415256
6000000003279498064
6000000003285523107
6000000003297328419
6000000003297473014
6000000003311686790
6000000003329615708
6000000003356947734
6000000003358847669
6000000003358962523
6000000003366998473
6000000003370193030
6000000003389815015
6000000003412595078
6000000003420072549
6000000003472973653
6000000003473017751
6000000003473400149
6000000003473457048
6000000003473523038
6000000003484800636
6000000003493012136
6000000003493243191
6000000003493243239
6000000003493243901
6000000003493243953
6000000003493243966
6000000003493243979
6000000003493243985
6000000003493250527
6000000003493250600
6000000003493250613
6000000003493250708
6000000003493250719
6000000003493250724
6000000003493250750
6000000003493250828
6000000003493250844
6000000003493263792
6000000003493263816
6000000003493263873
6000000003493266058
6000000003493266079
6000000003493266084
6000000003493266102
6000000003493266132
6000000003493266147
6000000003493266152
6000000003493266157
6000000003493266172
6000000003493266208
6000000003493266215
6000000003493266222
6000000003493266229
6000000003493266236
6000000003493266243
6000000003493266251
6000000003493266276
6000000003493266282
6000000003493266287
6000000003493266292
6000000003493266297
6000000003493266312
6000000003493266318
6000000003493283799
6000000003531117521
6000000003565299242
6000000003565542006
6000000003573522102
6000000003573524113
6000000003574172403
6000000003574193759
6000000003578079386
6000000003583958995
6000000003584610328
6000000003584770312
6000000003584830623
6000000003584830627
6000000003584830631
6000000003584830635
6000000003584830647
6000000003584830651
6000000003584830655
6000000003584855691
6000000003584855715
6000000003584855719
6000000003584867336
6000000003584867340
6000000003584867344
6000000003584867364
6000000003584867372
6000000003589043981
6000000003589264245
6000000003589264249
6000000003589264253
6000000003589264257
6000000003589264261
6000000003589412489
6000000003589669768
6000000003589950543
6000000003604300849
6000000003604485532
6000000003605314351
6000000003605342044
6000000003605812638
6000000003606995565
6000000003616412507
6000000003627725450
6000000003629366162
6000000003629451317
6000000003629469180
6000000003637361801
6000000003637769508
6000000003638106443
6000000003638419851
6000000003638486150
6000000003638582162
6000000003639158431
6000000003646456233
6000000003646456249
6000000003646456254
6000000003646456259
6000000003646456264
6000000003650286090
6000000003664148738
6000000003664148746
6000000003664148752
6000000003666077372
6000000003666138417
6000000003666310007
6000000003666920497
6000000003668315298
6000000003672029160
6000000003672183232
6000000003689877197
6000000003689923317
6000000003689955643
6000000003689963437
6000000003690680313
6000000003691463004
6000000003701739075
6000000003714249017
6000000003723294647
6000000003723357314
6000000003723508818
6000000003723573298
6000000003724317601
6000000003724419666
6000000003724519105
6000000003724537394
6000000003724672457
6000000003734843857
6000000003736884545
6000000003736966142
6000000003736966147
6000000003736966152
6000000003758501858
6000000003758611755
6000000003793360818
6000000003805349733
6000000003805351737
6000000003805441480
6000000003805560201
6000000003805560270
6000000003805572476
6000000003805593114
6000000003805622017
6000000003805903463
6000000003814928966
6000000003814951763
6000000003815135038
6000000003847694003
6000000003896286934
6000000003896300947
6000000003896586589
6000000003914216222
6000000003914245163
6000000003926510359
6000000003935484952
6000000003949289806
6000000003949477257
6000000003949958820
6000000003976700937
6000000003977052377
6000000004018410340
6000000004018411856
6000000004018658739
6000000004018664700
6000000004018738424
6000000004018764134
6000000004035974879
6000000004036178883
6000000004036298605
6000000004036298756
6000000004036391230
6000000004036413119
6000000004036448192
6000000004036448246
6000000004036484001
6000000004037461776
6000000004037544700
6000000004037546340
6000000004037552909
6000000004037619143
6000000004037633114
6000000004037639168
6000000004037755155
6000000004037760155
6000000004037766970
6000000004037768072
6000000004037842655
6000000004037882682
6000000004037892820
6000000004037906551
6000000004037984703
6000000004038010077
6000000004038039046
6000000004046657924
6000000004046771983
6000000004046825401
6000000004046890588
6000000004046923767
6000000004046935798
6000000004046974747
6000000004046993023
6000000004046999389
6000000004047147161
6000000004047166194
6000000004047190037
6000000004047260001
6000000004049141687
6000000004049329631
6000000004049390573
6000000004049665369
6000000004050013843
6000000004050050323
6000000004068198878
6000000004068327266
6000000004068327366
6000000004068412656
6000000004068438251
6000000004068465196
6000000004068465410
6000000004068642403
6000000004068674092
6000000004068677702
6000000004068837373
6000000004069084414
6000000004069207094
6000000004080412229
6000000004080423763
6000000004080495292
6000000004081821957
6000000004082063634
6000000004082104933
6000000004082250279
6000000004082261663
6000000004082278523
6000000004082326167
6000000004082329122
6000000004082421584
6000000004082424012
6000000004082431087
6000000004082431134
6000000004089177857
6000000004089438957
6000000004089516696
6000000004089621069
6000000004089817380
6000000004089839056
6000000004096195171
6000000004099207388
6000000004099338272
6000000004100777131
6000000004100800251
6000000004100913415
6000000004101070307
6000000004102829312
6000000004105523887
6000000004105592238
6000000004109470568
6000000004109537975
6000000004109552078
6000000004109590559
6000000004110260198
6000000004110348250
6000000004110391060
6000000004110413510
6000000004110488040
6000000004114027113
6000000004122059400
6000000004122562024
6000000004122634441
6000000004122990456
6000000004123438373
6000000004123912560
6000000004124462624
6000000004142507185
6000000004142522896
6000000004154641200
6000000004155218686
6000000004155218804
6000000004158643311
6000000004158738136
6000000004162204967
6000000004162381345
6000000004162650542
6000000004162738521
6000000004162874121
6000000004162897237
6000000004162906050
6000000004162996205
6000000004163272281
6000000004163296725
6000000004163338828
6000000004163374150
6000000004165627364
6000000004165629480
6000000004166019139
6000000004166198156
6000000004197690569
6000000004245723991
6000000004245890885
6000000004245990884
6000000004246032770
6000000004246157813
6000000004246164661
6000000004246194815
6000000004246196236
6000000004246256958
6000000004246266561
6000000004246301203
6000000004246311977
6000000004246333651
6000000004246349445
6000000004246350076
6000000004246353223
6000000004246370237
6000000004246374923
6000000004246383425
6000000004246491136
6000000004246506729
6000000004246514809
6000000004246516569
6000000004246521781
6000000004246530363
6000000004246543899
6000000004246545092
6000000004246568575
6000000004246581911
6000000004246589790
6000000004246595163
6000000004246604830
6000000004246608724
6000000004246608752
6000000004246612779
6000000004246639702
6000000004246693504
6000000004246744345
6000000004254623722
6000000004254721884
6000000004255017078
6000000004255034141
6000000004255037488
6000000004255104182
6000000004255113197
6000000004255121035
6000000004255175049
6000000004255175094
6000000004255185182
6000000004271557332
6000000004274839715
6000000004287622788
6000000004287819963
6000000004288105310
6000000004288469432
6000000004288501213
6000000004288505247
6000000004288556077
6000000004288566610
6000000004288610427
6000000004288649251
6000000004288656084
6000000004288731296
6000000004288788825
6000000004288790350
6000000004288801015
6000000004288812001
6000000004288818409
6000000004288822751
6000000004288829957
6000000004288831139
6000000004288853121
6000000004288861399
6000000004288863236
6000000004288938055
6000000004288944710
6000000004288989012
6000000004288999519
6000000004289014840
6000000004289047341
6000000004289050275
6000000004289057423
6000000004289059198
6000000004289076016
6000000004289095433
6000000004290399629
6000000004290434880
6000000004290484438
6000000004290528626
6000000004290759568
6000000004290868689
6000000004296723952
6000000004296790405
6000000004296819386
6000000004296859695
6000000004296869374
6000000004296958743
6000000004296961415
6000000004296962071
6000000004298410167
6000000004298420070
6000000004298435503
6000000004298451143
6000000004298744863
6000000004298821091
6000000004298893891
6000000004299128143
6000000004299131290
6000000004299144048
6000000004299217154
6000000004299230539
6000000004299240195
6000000004299363416
6000000004299592003
6000000004299713200
6000000004299780822
6000000004299839154
6000000004299948180
6000000004300031566
6000000004300131639
6000000004300519516
6000000004300522655
6000000004300522873
6000000004300672007
6000000004300747399
6000000004301723758
6000000004301761234
6000000004301879943
6000000004301883477
6000000004301927481
6000000004301949688
6000000004301955104
6000000004301959278
6000000004301989150
6000000004302098608
6000000004302122232
6000000004302190362
6000000004302197568
6000000004302965873
6000000004303020969
6000000004303056043
6000000004303123169
6000000004307144402
6000000004307243217
6000000004313984176
6000000004319730897
6000000004319767792
6000000004319785758
6000000004319808491
6000000004319901697
6000000004319913737
6000000004319951761
6000000004319977772
6000000004320006073
6000000004320014601
6000000004320020204
6000000004320037246
6000000004320046708
6000000004320058146
6000000004320066912
6000000004320069092
6000000004320085239
6000000004320085890
6000000004320103099
6000000004320116265
6000000004320119215
6000000004320122033
6000000004320131833
6000000004320167519
6000000004320177230
6000000004320179649
6000000004320182675
6000000004320192057
6000000004320200273
6000000004320206496
6000000004320211167
6000000004320217164
6000000004320227658
6000000004320237241
6000000004320281050
6000000004320659127
6000000004320756093
6000000004328000350
6000000004328265910
6000000004328465373
6000000004328471968
6000000004328537684
6000000004328582766
6000000004328589304
6000000004328594389
6000000004328652435
6000000004328661581
6000000004328665567
6000000004328679770
6000000004328727160
6000000004328783111
6000000004329178591
6000000004329197415
6000000004329263544
6000000004329345711
6000000004329359956
6000000004329401387
6000000004329433461
6000000004329561692
6000000004329952957
6000000004330083996
6000000004330341659
6000000004330346982
6000000004330481496
6000000004330581522
6000000004330672118
6000000004330680194
6000000004330818052
6000000004330831836
6000000004330839667
6000000004330844621
6000000004330976218
6000000004331001202
6000000004331017045
6000000004331117015
6000000004331144064
6000000004331184312
6000000004331232374
6000000004331270447
6000000004331279303
6000000004331306182
6000000004331355685
6000000004331357034
6000000004331357603
6000000004331360022
6000000004338747070
6000000004370503082
6000000004384977052
6000000004390936833
6000000004510537001
6000000004513794004
6000000004538740205
6000000004539972867
6000000004560854212
6000000004560913643
6000000004560920171
6000000004563308921
6000000004563429973
6000000004563621265
6000000004563667124
6000000004563747407
6000000004563782380
6000000004563883210
6000000004563946168
6000000004563977262
6000000004564003164
6000000004564014041
6000000004564035009
6000000004566365668
6000000004574105087
6000000004575547592
6000000004575556129
6000000004575559186
6000000004575579097
6000000004575597305
6000000004575664033
6000000004575669057
6000000004576125049
6000000004576491288
6000000004589954748
6000000004590331720
6000000004590407439
6000000004590447575
6000000004590490594
6000000004590501937
6000000004590502390
6000000004590503576
6000000004590517378
6000000004590520431
6000000004590521643
6000000004590528843
6000000004590542490
6000000004590552592
6000000004590589557
6000000004590591942
6000000004590615202
6000000004590615259
6000000004590622485
6000000004590626509
6000000004590638424
6000000004590650400
6000000004590654046
6000000004590657048
6000000004590667083
6000000004590679867
6000000004590722209
6000000004590723894
6000000004590725824
6000000004590731270
6000000004590759195
6000000004590796387
6000000004590820199
6000000004590858120
6000000004591266242
6000000004591449933
6000000004591886602
6000000004596649002
6000000004629282978
6000000004631103981
6000000004631141544
6000000004631195850
6000000004641576454
6000000004641644309
6000000004641654254
6000000004641659210
6000000004641714031
6000000004654969049
6000000004657117372
6000000004659892422
6000000004682824741
6000000004691017753
6000000004691030231
6000000004691090590
6000000004691135152
6000000004840189720
6000000004840293132
6000000004840333011
6000000004840342017
6000000004848405525
6000000004851524413
6000000004877941249
6000000004880987187
6000000004990719801
6000000004990758346
6000000005022550449
6000000005023912572
6000000005023964603
6000000005024481600
6000000005024488134
6000000005024494891
6000000005024502113
6000000005024511093
6000000005024511747
6000000005024519463
6000000005024519469
6000000005024519958
6000000005024521032
6000000005024521469
6000000005024521480
6000000005024521486
6000000005024521492
6000000005024521498
6000000005024521504
6000000005024521528
6000000005024521546
6000000005024521552
6000000005024525335
6000000005027930454
6000000005028036490
6000000005028233123
6000000005029012126
6000000005034091841
6000000005048719473
6000000005048788089
6000000005049023352
6000000005049083186
6000000005049122123
6000000005049150192
6000000005049150399
6000000005049153538
6000000005049182167
6000000005049357179
6000000005061084485
6000000005061172792
6000000005070629515
6000000005072790154
6000000005074970968
6000000005075565708
6000000005075710309
6000000005075831311
6000000005075942496
6000000005076038076
6000000005092257088
6000000005101996442
6000000005102130257
6000000005102158065
6000000005102167153
6000000005124797001
6000000005125245001
6000000005125576001
6000000005130347001
6000000005130593011
6000000005170620033
6000000005170652001
6000000005391944167
6000000005391960676
6000000005391964375
6000000005391964383
6000000005391964388
6000000005391985769
6000000005391997806
6000000005391997822
6000000005391997830
6000000005392022552
6000000005392022951
6000000005392022979
6000000005392044206
6000000005392067575
6000000005403944762
6000000005404091409
6000000005406606381
6000000005425032730
6000000005439561517
6000000005455064002
6000000005574522071
6000000005582398747
6000000005582726440
6000000005582753100
6000000005582793363
6000000005582808562
6000000005582828008
6000000005582919925
6000000005591243346
6000000005594520372
6000000005594524329
6000000005598767470
6000000005598767937
6000000005598767965
6000000005598770081
6000000005598770151
6000000005598770251
6000000005598770296
6000000005598770370
6000000005598770481
6000000005598770494
6000000005598770557
6000000005598770562
6000000005598770574
6000000005598770586
6000000005598770659
6000000005598770716
6000000005598770728
6000000005598770732
6000000005598770820
6000000005598776439
6000000005598808421
6000000005598808428
6000000005598808441
6000000005598831658
6000000005598839115
6000000005598839213
6000000005598839339
6000000005598839382
6000000005598839415
6000000005598839530
6000000005598839590
6000000005598859165
6000000005598859183
6000000005598859189
6000000005598859198
6000000005598859209
6000000005598867328
6000000005598867348
6000000005598872177
6000000005598872486
6000000005598882475
6000000005598882661
6000000005598882688
6000000005598882704
6000000005598882709
6000000005598882772
6000000005598888467
6000000005598904150
6000000005598904168
6000000005598904267
6000000005598904276
6000000005598904286
6000000005598904357
6000000005598904394
6000000005598904449
6000000005598904461
6000000005598936869
6000000005598936982
6000000005598942321
6000000005598942831
6000000005598962345
6000000005598962694
6000000005598973877
6000000005599001825
6000000005599001830
6000000005599001861
6000000005599001870
6000000005599019768
6000000005599019776
6000000005599019819
6000000005599019844
6000000005599019856
6000000005599019863
6000000005599019876
6000000005599019883
6000000005599019906
6000000005599019923
6000000005599019931
6000000005599025396
6000000005599025474
6000000005599044230
6000000005599052374
6000000005599062262
6000000005599062349
6000000005599062446
6000000005599075264
6000000005599075480
6000000005599075537
6000000005599075716
6000000005599129593
6000000005599129712
6000000005599151532
6000000005599175087
6000000005599175303
6000000005599183500
6000000005599199182
6000000005599199204
6000000005599199324
6000000005599209114
6000000005599209156
6000000005599209247
6000000005599209285
6000000005599209609
6000000005599219339
6000000005599219526
6000000005599219732
6000000005599219784
6000000005599219877
6000000005599219895
6000000005600313203
6000000005600326069
6000000005601554393
6000000005601898269
6000000005602622015
6000000005602952012
6000000005720727002
6000000005720757001
6000000005720796001
6000000005740186836
6000000005740290621
6000000005768345451
6000000005768410627
6000000005768415348
6000000005768428497
6000000006090218341
6000000006099360388
6000000006128971892
6000000006129618190
6000000006129618201
6000000006129618205
6000000006129618330
6000000006129618350
6000000006129618475
6000000006129620137
6000000006129620440
6000000006129620984
6000000006131345631
6000000006131379881
6000000006182503710
6000000006183625912
6000000006183890087
6000000006183948335
6000000006184045474
6000000006184068549
6000000006184146048
6000000006184156093
6000000006184173550
6000000006184226356
6000000006184907504
6000000006185167159
6000000006195916676
6000000006196531199
6000000006201793746
6000000006202057463
6000000006202179876
6000000006202529480
6000000006203350158
6000000006203387195
6000000006203603004
6000000006203795034
6000000006205996666
6000000006206045066
6000000006209330890
6000000006209423458
6000000006209423487
6000000006209528483
6000000006209605640
6000000006209605964
6000000006209646693
6000000006209649472
6000000006209652740
6000000006209693390
6000000006209693443
6000000006209693593
6000000006209693662
6000000006209722597
6000000006209723312
6000000006209747262
6000000006209753395
6000000006209753649
6000000006209753866
6000000006209783655
6000000006209783691
6000000006209822020
6000000006209822271
6000000006209822369
6000000006209822387
6000000006209844433
6000000006209871447
6000000006209878708
6000000006209891401
6000000006209893562
6000000006209905122
6000000006209911195
6000000006209920268
6000000006209929140
6000000006209931145
6000000006209935537
6000000006209953188
6000000006209953261
6000000006209957273
6000000006209960052
6000000006209968232
6000000006209970227
6000000006209978490
6000000006209978690
6000000006209986254
6000000006209986366
6000000006209993175
6000000006209993498
6000000006209999089
6000000006210016390
6000000006210020468
6000000006210023027
6000000006210038063
6000000006210038274
6000000006210040040
6000000006210042308
6000000006210042515
6000000006210042531
6000000006210052018
6000000006210052055
6000000006210059101
6000000006210079513
6000000006210091495
6000000006210106176
6000000006210114162
6000000006210125058
6000000006210126003
6000000006210127177
6000000006210134036
6000000006210137039
6000000006210151013
6000000006210152336
6000000006210177323
6000000006210178056
6000000006210179273
6000000006210209034
6000000006210214159
6000000006210215003
6000000006210215019
6000000006210250082
6000000006210256123
6000000006210264011
6000000006210302256
6000000006210326025
6000000006236433297
6000000006236433991
6000000006238229175
6000000006238265022
6000000006238387045
6000000006245243969
6000000006245955852
6000000006246508651
6000000006246603521
6000000006246629470
6000000006257438596
6000000006257551014
6000000006257853057
6000000006258001090
6000000006260088795
6000000006260849284
6000000006260902240
6000000006260911291
6000000006261028052
6000000006261039140
6000000006261123984
6000000006261158094
6000000006261174018
6000000006261207049
6000000006261212816
6000000006261444879
6000000006261768301
6000000006262123023
6000000006266529701
6000000006266695832
6000000006267111765
6000000006267115752
6000000006267138708
6000000006267281274
6000000006267281291
6000000006267370341
6000000006267378391
6000000006267424133
6000000006267433159
6000000006267433208
6000000006267486303
6000000006267543101
6000000006267554095
6000000006267556093
6000000006267921202
6000000006267961177
6000000006267961187
6000000006267998097
6000000006268024001
6000000006268113564
6000000006268134563
6000000006268152274
6000000006268224237
6000000006268263233
6000000006268500148
6000000006268687270
6000000006268894403
6000000006269080114
6000000006276531261
6000000006276803487
6000000006276809320
6000000006276815318
6000000006276829217
6000000006276880074
6000000006276880145
6000000006277032022
6000000006277224017
6000000006277491496
6000000006277715554
6000000006277842716
6000000006277954396
6000000006277975230
6000000006278086226
6000000006278638056
6000000006280712101
6000000006280835085
6000000006285739337
6000000006286183404
6000000006286185701
6000000006333598572
6000000006333719507
6000000006334188287
6000000006334949025
6000000006337551808
6000000006337671928
6000000006337716936
6000000006337826784
6000000006337992467
6000000006338080383
6000000006338144069
6000000006351582316
6000000006356785574
6000000006357484926
6000000006358137382
6000000006358164039
6000000006363079068
6000000006405755709
6000000006435861570
6000000006435866343
6000000006435883600
6000000006436128065
6000000006449905211
6000000006459753008
6000000006460157001
6000000006588673900
6000000006588800464
6000000006588800468
6000000006588800472
6000000006588800476
6000000006588800480
6000000006588800484
6000000006588832363
6000000006589487488
6000000006590279058
6000000006590314034
6000000006591223749
6000000006591265870
6000000006591283632
6000000006591572596
6000000006591909105
6000000006593810543
6000000006598191365
6000000006598191370
6000000006598191380
6000000006598191385
6000000006598191390
6000000006598191395
6000000006603017851
6000000006603017856
6000000006603017861
6000000006603017866
6000000006603017871
6000000006603017876
6000000006603094738
6000000006603197695
6000000006603205412
6000000006603212504
6000000006603251414
6000000006603255647
6000000006603333240
6000000006603379128
6000000006603399847
6000000006603399852
6000000006603399857
6000000006603401110
6000000006604666072
6000000006707251612
6000000006707343394
6000000006711519892
6000000006718519995
6000000006720015447
6000000006720037413
6000000006722861012
6000000006732714396
6000000006732720433
6000000006732761330
6000000006757155397
6000000006757182249
6000000006757440126
6000000006763508268
6000000006763647063
6000000006767882807
6000000006781486380
6000000006789682528
6000000006790260984
6000000006790309428
6000000006790633138
6000000006790699076
6000000006790710102
6000000006790774166
6000000006790811170
6000000006790841114
6000000006790854021
6000000006794006013
6000000006795227509
6000000006795241594
6000000006795280667
6000000006795437411
6000000006795519086
6000000006795530231
6000000006795540151
6000000006799876534
6000000006804808701
6000000006805015286
6000000006805142084
6000000006805287108
6000000006805345026
6000000006823670752
6000000006823670778
6000000006823726733
6000000006823913277
6000000006823913322
6000000006823919325
6000000006823923291
6000000006828371528
6000000006837069726
6000000006837355931
6000000006840005152
6000000006840062066
6000000006845695916
6000000006845696650
6000000006845727769
6000000006845838348
6000000006845847370
6000000006846287824
6000000006846530315
6000000006846623064
6000000006846642026
6000000006847041203
6000000006850758497
6000000006850780550
6000000006850848367
6000000006855657330
6000000006855687440
6000000006856007103
6000000006859380103
6000000006867924506
6000000006873956164
6000000006874095054
6000000006885903106
6000000006885922031
6000000006891904580
6000000006894914564
6000000006894956685
6000000006895373161
6000000006895492041
6000000006897023109
6000000006897214409
6000000006898384046
6000000006902774172
6000000006902816098
6000000006902881135
6000000006903697218
6000000006903818355
6000000006903875319
6000000006903885053
6000000006903913132
6000000006903950201
6000000006903959179
6000000006903989150
6000000006904031001
6000000006904066042
6000000006904091020
6000000006904112004
6000000006904117015
6000000006904118010
6000000006904466261
6000000006904544453
6000000006905551038
6000000006911553106
6000000006912443386
6000000006912508214
6000000006912621089
6000000006912856749
6000000006912887436
6000000006912922289
6000000006912927527
6000000006912993179
6000000006913093255
6000000006913232058
6000000006913394136
6000000006913395183
6000000006928990079
6000000006946791145
6000000006947916564
6000000006948702260
6000000006949318042
6000000006951335102
6000000006951336099
6000000006955210513
6000000006955331369
6000000006955430167
6000000006955513016
6000000006955532050
6000000006955609277
6000000006955635401
6000000006955697309
6000000006955724273
6000000006955745184
6000000006955761148
6000000006955856011
6000000006956083385
6000000006956094380
6000000006956507074
6000000006956537089
6000000006956691010
6000000006956834066
6000000006956926161
6000000006957005194
6000000006957490009
6000000006960333457
6000000006964645240
6000000006971300792
6000000006971568513
6000000006971817015
6000000006971830068
6000000006971831228
6000000006972093555
6000000006980826577
6000000006990064985
6000000006990320514
6000000006990430441
6000000006990618280
6000000006991007009
6000000006993840911
6000000006993991940
6000000006994216932
6000000006994281841
6000000006994328742
6000000006994328836
6000000006994338707
6000000006994398688
6000000006994473517
6000000006994573289
6000000006994658050
6000000006994676119
6000000006994725030
6000000006995544580
6000000006995742785
6000000006998851499
6000000006999763622
6000000006999946188
6000000007000093531
6000000007000158019
6000000007000565291
6000000007001076103
6000000007007134179
6000000007007268085
6000000007007508953
6000000007008015974
6000000007008270798
6000000007008322611
6000000007008473172
6000000007008480179
6000000007008498221
6000000007008534182
6000000007008601047
6000000007008623038
6000000007008668012
6000000007017849358
6000000007017885668
6000000007017953190
6000000007018008609
6000000007018022024
6000000007018194450
6000000007018327333
6000000007018463157
6000000007018545283
6000000007018704038
6000000007018764211
6000000007018938528
6000000007018958240
6000000007019173155
6000000007019300066
6000000007019673078
6000000007019726053
6000000007019736034
6000000007019741031
6000000007020906109
6000000007025129682
6000000007025864406
6000000007025872152
6000000007025895262
6000000007025915099
6000000007025939054
6000000007025948184
6000000007026205073
6000000007026278158
6000000007026863258
6000000007026889392
6000000007026964225
6000000007027019250
6000000007027075190
6000000007027082290
6000000007027211056
6000000007027602211
6000000007027998059
6000000007028096351
6000000007028171016
6000000007030939194
6000000007031227030
6000000007031400241
6000000007034938687
6000000007035076739
6000000007035076746
6000000007035249120
6000000007035251218
6000000007035296230
6000000007035334077
6000000007036273420
6000000007036316922
6000000007036347547
6000000007036360542
6000000007036450637
6000000007036519331
6000000007036561139
6000000007036724004
6000000007036726409
6000000007036743639
6000000007036790127
6000000007036850027
6000000007036857591
6000000007036965053
6000000007037169115
6000000007037232142
6000000007037299048
6000000007037382048
6000000007037391025
6000000007037414007
6000000007039548088
6000000007039636060
6000000007044282592
6000000007045888183
6000000007054389158
6000000007054667010
6000000007061512061
6000000007061637135
6000000007061943437
6000000007061953298
6000000007062022366
6000000007062865510
6000000007062931706
6000000007062988207
6000000007063005153
6000000007063027236
6000000007063046134
6000000007063107077
6000000007063109036
6000000007063119333
6000000007063311284
6000000007063420399
6000000007064430242
6000000007064986520
6000000007065063579
6000000007065302672
6000000007065431148
6000000007065687103
6000000007065687136
6000000007066086282
6000000007066272173
6000000007066361022
6000000007066413159
6000000007070730046
6000000007070736003
6000000007070744018
6000000007070779067
6000000007080975730
6000000007088660575
6000000007088773499
6000000007089126374
6000000007089192366
6000000007089219314
6000000007089767530
6000000007089811337
6000000007089811342
6000000007089816458
6000000007089872260
6000000007089994209
6000000007090092800
6000000007090269490
6000000007090269494
6000000007090269497
6000000007090327270
6000000007090327274
6000000007090327277
6000000007090327280
6000000007090399630
6000000007090509597
6000000007090683210
6000000007090937263
6000000007091058228
6000000007091081224
6000000007095423969
6000000007096411829
6000000007097187205
6000000007097895352
6000000007098301359
6000000007098447346
6000000007098676610
6000000007099614416
6000000007100224278
6000000007103882468
6000000007103935396
6000000007106551932
6000000007106820712
6000000007106881462
6000000007106892541
6000000007106987399
6000000007107034445
6000000007107184230
6000000007107915036
6000000007108454945
6000000007108877711
6000000007109925305
6000000007110070389
6000000007110089343
6000000007110267307
6000000007110328325
6000000007110425226
6000000007111098750
6000000007111265699
6000000007111345562
6000000007111353615
6000000007111488030
6000000007114253414
6000000007115283652
6000000007125697349
6000000007126208450
6000000007126269652
6000000007126283371
6000000007126378319
6000000007126767236
6000000007127198377
6000000007127327234
6000000007127637237
6000000007127707227
6000000007127719209
6000000007127900149
6000000007128217386
6000000007136332230
6000000007137230716
6000000007137854497
6000000007137981293
6000000007137981315
6000000007138061206
6000000007138135247
6000000007142931600
6000000007146317854
6000000007146600618
6000000007147875655
6000000007151674429
6000000007152526326
6000000007154508357
6000000007154809438
6000000007154821271
6000000007154866420
6000000007154916308
6000000007154962382
6000000007154966218
6000000007155060453
6000000007155288397
6000000007155629405
6000000007155744629
6000000007155754209
6000000007155936703
6000000007156854482
6000000007156945262
6000000007157122210
6000000007158603873
6000000007161067663
6000000007161102791
6000000007161102815
6000000007161106632
6000000007161116051
6000000007161170400
6000000007161208521
6000000007161214483
6000000007161220662
6000000007161222656
6000000007161243461
6000000007161318367
6000000007161319400
6000000007161357282
6000000007161363396
6000000007161373298
6000000007161385263
6000000007161395291
6000000007161427218
6000000007161427230
6000000007161497639
6000000007161503555
6000000007161552880
6000000007161592447
6000000007161612556
6000000007161622633
6000000007161654874
6000000007161676417
6000000007161735390
6000000007161743441
6000000007161768265
6000000007161776477
6000000007161776485
6000000007161793334
6000000007161822211
6000000007161822557
6000000007161860237
6000000007161863251
6000000007161918481
6000000007161924564
6000000007161967479
6000000007161998447
6000000007162050914
6000000007162067362
6000000007162083269
6000000007162084345
6000000007162104277
6000000007162104355
6000000007162129575
6000000007162203222
6000000007162237265
6000000007162238682
6000000007162285354
6000000007162289335
6000000007162299376
6000000007162334367
6000000007162364222
6000000007162372230
6000000007162386308
6000000007162396373
6000000007162412406
6000000007162413276
6000000007162427342
6000000007162432235
6000000007162435207
6000000007162438287
6000000007162893996
6000000007163594554
6000000007163658492
6000000007163667369
6000000007163743498
6000000007163834374
6000000007163838287
6000000007163899677
6000000007163912391
6000000007163920224
6000000007163944250
6000000007163950254
6000000007164184390
6000000007164407323
6000000007164530269
6000000007170332145
6000000007170562725
6000000007170580029
6000000007170598558
6000000007170624473
6000000007170624479
6000000007170707215
6000000007170742522
6000000007170746762
6000000007170809432
6000000007170824861
6000000007170838222
6000000007170852329
6000000007170878363
6000000007170880427
6000000007170909544
6000000007170954233
6000000007170963283
6000000007170981225
6000000007171113420
6000000007171125323
6000000007171196313
6000000007171222209
6000000007171225274
6000000007171277476
6000000007171289537
6000000007171299692
6000000007171316529
6000000007171373669
6000000007171378917
6000000007171397392
6000000007171445623
6000000007171518234
6000000007171601249
6000000007171758081
6000000007171764588
6000000007171811483
6000000007172266113
6000000007172388367
6000000007172486453
6000000007172572384
6000000007172634427
6000000007172766294
6000000007172931654
6000000007172961371
6000000007173087427
6000000007173101426
6000000007173293278
6000000007173333288
6000000007173386254
6000000007173481310
6000000007173936420
6000000007173990810
6000000007174221297
6000000007174238985
6000000007174316677
6000000007174496457
6000000007174547622
6000000007174603335
6000000007174606447
6000000007179118731
6000000007179224352
6000000007179410228
6000000007179621254
6000000007179929981
6000000007180127546
6000000007180240352
6000000007180381330
6000000007180401211
6000000007180410201
6000000007180753282
6000000007181015359
6000000007181103928
6000000007181258307
6000000007181349475
6000000007181527423
6000000007181598343
6000000007181673254
6000000007181681479
6000000007181915441
6000000007182041244
6000000007185761501
6000000007185875426
6000000007185896304
6000000007185912326
6000000007186142448
6000000007186786274
6000000007188529384
6000000007188554335
6000000007189534440
6000000007196212976
6000000007196254505
6000000007196342323
6000000007196366474
6000000007196402359
6000000007196409270
6000000007196415328
6000000007196436305
6000000007196499210
6000000007196500210
6000000007196512201
6000000007196806287
6000000007202751015
6000000007202751025
6000000007202891535
6000000007202918387
6000000007203013492
6000000007203013522
6000000007203028250
6000000007203458439
6000000007204758345
6000000007205019255
6000000007205289371
6000000007211248332
6000000007211942918
6000000007212058369
6000000007212103289
6000000007212146260
6000000007212318288
6000000007212885310
6000000007213024311
6000000007218908325
6000000007220908814
6000000007221454233
6000000007283622034
6000000007284061102
6000000007284126539
6000000007284295251
6000000007284313202
6000000007289797949
6000000007290521769
6000000007291177337
6000000007291182455
6000000007291209265
6000000007291219277
6000000007291239237
6000000007295046372
6000000007296303663
6000000007297736665
6000000007297756090
6000000007298226397
6000000007298258368
6000000007305657262
6000000007317558288
6000000007323388705
6000000007323592264
6000000007323660273
6000000007323679227
6000000007323681216
6000000007323982113
6000000007324124701
6000000007324248274
6000000007330935847
6000000007331109745
6000000007331379518
6000000007331404320
6000000007331463393
6000000007331481441
6000000007331504311
6000000007331504318
6000000007331541286
6000000007331550215
6000000007331642182
6000000007331692959
6000000007331709882
6000000007331755607
6000000007331834341
6000000007331842527
6000000007331843584
6000000007331893354
6000000007331931469
6000000007331939537
6000000007331939703
6000000007331968408
6000000007331968468
6000000007331968487
6000000007331972659
6000000007331974541
6000000007331986506
6000000007331988347
6000000007331997457
6000000007332005399
6000000007332007318
6000000007332017487
6000000007332027295
6000000007332043226
6000000007332050305
6000000007332055273
6000000007332057265
6000000007332060233
6000000007332060307
6000000007332067213
6000000007332068212
6000000007332068333
6000000007332072220
6000000007332072352
6000000007332074230
6000000007332084203
6000000007332113203
6000000007332126207
6000000007338787993
6000000007339067288
6000000007339067293
6000000007339067297
6000000007339067301
6000000007339111684
6000000007339148351
6000000007348677568
6000000007348940346
6000000007348961634
6000000007349224215
6000000007363215636
6000000007363323351
6000000007363362638
6000000007380122268
6000000007380154221
6000000007384550134
6000000007385751489
6000000007385804376
6000000007386410167
6000000007386995526
6000000007408238116
6000000007428284592
6000000007428387346
6000000007428491348
6000000007428532275
6000000007428629223
6000000007428633231
6000000007436167582
6000000007436435418
6000000007437078086
6000000007437161793
6000000007446227483
6000000007446283351
6000000007446283363
6000000007446283367
6000000007453510955
6000000007453576073
6000000007453720795
6000000007453766619
6000000007453861791
6000000007453868294
6000000007453919267
6000000007455541938
6000000007455722476
6000000007455865508
6000000007455884444
6000000007455965639
6000000007456047874
6000000007456135552
6000000007456288331
6000000007456333287
6000000007462741918
6000000007462870097
6000000007463116370
6000000007463864514
6000000007463911746
6000000007466363464
6000000007487360569
6000000007487676360
6000000007490401338
6000000007490450360
6000000007490487411
6000000007490506909
6000000007490535579
6000000007490572323
6000000007490853228
6000000007498552304
6000000007511433201
6000000007513507876
6000000007513507881
6000000007513507885
6000000007515343844
6000000007528900729
6000000007528901004
6000000007529113422
6000000007529113669
6000000007529114073
6000000007529121874
6000000007529122061
6000000007529122154
6000000007529129244
6000000007529129297
6000000007529129621
6000000007529130127
6000000007529131391
6000000007529131784
6000000007529137830
6000000007529142247
6000000007529142299
6000000007529142371
6000000007529142395
6000000007529143039
6000000007529143060
6000000007529145468
6000000007529145667
6000000007529153247
6000000007529153335
6000000007529153877
6000000007529153945
6000000007529161265
6000000007529161761
6000000007529166198
6000000007529170282
6000000007529170887
6000000007535277260
6000000007540280642
6000000007540491273
6000000007576605887
6000000007576605892
6000000007576847449
6000000007576857297
6000000007576857302
6000000007576876315
6000000007576878378
6000000007576915388
6000000007576944552
6000000007576944557
6000000007576944562
6000000007576944567
6000000007576944572
6000000007576944577
6000000007576944582
6000000007576944587
6000000007576944592
6000000007576944597
6000000007576944602
6000000007576944607
6000000007576984225
6000000007577104267
6000000007577104272
6000000007577104277
6000000007577104282
6000000007577104292
6000000007577104297
6000000007577104302
6000000007587017905
6000000007587367325
6000000007600598113
6000000007602199166
6000000007603075575
6000000007605856108
6000000007608126572
6000000007624588227
6000000007624705941
6000000007624847343
6000000007625030722
6000000007625114394
6000000007625146258
6000000007633751135
6000000007636428571
6000000007651448252
6000000007651639754
6000000007651785317
6000000007664660390
6000000007664714420
6000000007667431306
6000000007673897400
6000000007691718578
6000000007692779470
6000000007693601453
6000000007711689925
6000000007711689931
6000000007711689941
6000000007711689946
6000000007711689951
6000000007711689956
6000000007711689961
6000000007712019352
6000000007712047227
6000000007721993728
6000000007722074372
6000000007727265732
6000000007729371514
6000000007729472271
6000000007730543736
6000000007730719661
6000000007730770376
6000000007730785318
6000000007730790457
6000000007730820670
6000000007730848501
6000000007730934944
6000000007730961531
6000000007730995239
6000000007731049348
6000000007731073351
6000000007731076202
6000000007731124233
6000000007731342370
6000000007731435816
6000000007731856352
6000000007731925227
6000000007732136426
6000000007732147624
6000000007732237351
6000000007738913192
6000000007753024493
6000000007753994499
6000000007754008854
6000000007754008864
6000000007754008868
6000000007754008874
6000000007754009088
6000000007754037750
6000000007754037756
6000000007754037770
6000000007754037808
6000000007754037996
6000000007754038013
6000000007754038017
6000000007754038027
6000000007754038031
6000000007754038039
6000000007754038043
6000000007754210305
6000000007754210364
6000000007754210368
6000000007754210372
6000000007754210376
6000000007754210384
6000000007754210689
6000000007754210698
6000000007754302587
6000000007754302591
6000000007754302595
6000000007754302599
6000000007754302603
6000000007754302607
6000000007754302611
6000000007763989920
6000000007774101759
6000000007774115470
6000000007774194521
6000000007774306528
6000000007788723679
6000000007788809876
6000000007788833450
6000000007792773021
6000000007796153112
6000000007796567035
6000000007796716840
6000000007796759791
6000000007796807731
6000000007797079618
6000000007797123664
6000000007797138365
6000000007797182315
6000000007797185611
6000000007797383443
6000000007797421334
6000000007797481288
6000000007797628405
6000000007797750282
6000000007797876201
6000000007825749009
6000000007826003828
6000000007826003886
6000000007826003907
6000000007826058505
6000000007826103898
6000000007826117717
6000000007826117872
6000000007826157806
6000000007826176797
6000000007826186615
6000000007826196475
6000000007826225740
6000000007826231787
6000000007826241444
6000000007826250400
6000000007826261895
6000000007826265538
6000000007826304467
6000000007826331382
6000000007826495572
6000000007826567693
6000000007826621203
6000000007826646264
6000000007826659301
6000000007826667384
6000000007826693144
6000000007826702150
6000000007826706973
6000000007826753245
6000000007826985498
6000000007827065823
6000000007827334871
6000000007827407671
6000000007827427939
6000000007827468531
6000000007827488908
6000000007827502435
6000000007827551403
6000000007827664261
6000000007827705421
6000000007827728391
6000000007827733357
6000000007827806286
6000000007827826286
6000000007827840335
6000000007827929218
6000000007827950219
6000000007833005743
6000000007838665331
6000000007838665336
6000000007839823990
6000000007839878529
6000000007840156556
6000000007840192376
6000000007841226722
6000000007841532317
6000000007884400369
6000000007884479228
6000000007884495609
6000000007889524517
6000000007889908550
6000000007912384136
6000000007912441888
6000000007912525616
6000000007912787199
6000000007912869615
6000000007912879789
6000000007912901620
6000000007912922759
6000000007912962724
6000000007912970887
6000000007912993155
6000000007913003811
6000000007913012404
6000000007913030275
6000000007913030502
6000000007913037520
6000000007913054228
6000000007913060495
6000000007913069235
6000000007913069414
6000000007913074321
6000000007913082471
6000000007913101283
6000000007913202967
6000000007913202995
6000000007913258113
6000000007913282971
6000000007913302559
6000000007913306800
6000000007913331717
6000000007913374873
6000000007913405498
6000000007913451763
6000000007913472463
6000000007913472592
6000000007913496349
6000000007913500320
6000000007913505545
6000000007913523550
6000000007913532257
6000000007913538467
6000000007913572318
6000000007915200317
6000000007915209283
6000000007981121519
6000000007992375197
6000000007992413496
6000000007997106245
6000000007999902782
6000000008000504560
6000000008000614256
6000000008000723265
6000000008001056279
6000000008008632836
6000000008008667517
6000000008008674116
6000000008008690082
6000000008008720043
6000000008008729099
6000000008008746560
6000000008008799449
6000000008008811600
6000000008008820379
6000000008008826282
6000000008008840335
6000000008008846416
6000000008008873208
6000000008008929240
6000000008008929259
6000000008009042695
6000000008009061391
6000000008010658249
6000000008010811960
6000000008010913709
6000000008011161080
6000000008011198019
6000000008011198049
6000000008011266776
6000000008011339327
6000000008011350854
6000000008011376341
6000000008011381401
6000000008011381418
6000000008011402716
6000000008019749036
6000000008019797425
6000000008019864362
6000000008019889374
6000000008019959205
6000000008020878624
6000000008020928446
6000000008020983933
6000000008021003927
6000000008021013592
6000000008021039896
6000000008021052118
6000000008021125212
6000000008021138534
6000000008021178301
6000000008021290578
6000000008023182787
6000000008023252894
6000000008023261335
6000000008023319303
6000000008023320070
6000000008023330210
6000000008023374286
6000000008023398605
6000000008023445553
6000000008024085123
6000000008024266476
6000000008025193989
6000000008025216650
6000000008025252074
6000000008025252704
6000000008025328200
6000000008025332401
6000000008025339841
6000000008025348054
6000000008025360785
6000000008025411201
6000000008025413412
6000000008025423459
6000000008025467716
6000000008025472752
6000000008025472767
6000000008025497225
6000000008025540505
6000000008025545226
6000000008025573261
6000000008027901149
6000000008045209100
6000000008045229805
6000000008045336065
6000000008045362615
6000000008045426505
6000000008045436774
6000000008045439620
6000000008045458088
6000000008045505591
6000000008045506439
6000000008045542756
6000000008045547285
6000000008045565294
6000000008045574282
6000000008045579351
6000000008045587421
6000000008045597253
6000000008045599344
6000000008045600229
6000000008045605237
6000000008045687151
6000000008045729170
6000000008045778700
6000000008045782979
6000000008045816687
6000000008045858917
6000000008045890423
6000000008045902373
6000000008052392949
6000000008052431814
6000000008052442665
6000000008052587389
6000000008052625204
6000000008092203386
6000000008092665224
6000000008112526398
6000000008112707284
6000000008112838360
6000000008113889518
6000000008113936665
6000000008118314784
6000000008118431939
6000000008118664448
6000000008118784394
6000000008118885210
6000000008131424081
6000000008131516751
6000000008131893533
6000000008133099922
6000000008133382502
6000000008133409811
6000000008133670710
6000000008133670824
6000000008137543193
6000000008137546379
6000000008137634931
6000000008137736949
6000000008137798515
6000000008137800377
6000000008137905345
6000000008141366419
6000000008141560129
6000000008141648952
6000000008141978455
6000000008153770077
6000000008153792618
6000000008171183936
6000000008171528972
6000000008171700337
6000000008171788248
6000000008171837378
6000000008171839357
6000000008191480342
6000000008191488448
6000000008191489451
6000000008191534264
6000000008191555542
6000000008193052072
6000000008193231298
6000000008193234277
6000000008193253243
6000000008201549933
6000000008201784919
6000000008201843041
6000000008201910836
6000000008201989052
6000000008202074354
6000000008202256003
6000000008202540835
6000000008202615161
6000000008202715743
6000000008212624175
6000000008218383173
6000000008218772976
6000000008237817959
6000000008242067019
6000000008261026303
6000000008261513710
6000000008261722224
6000000008261723206
6000000008264399246
6000000008270083359
6000000008282105342
6000000008282169496
6000000008286574964
6000000008299334853
6000000008299516448
6000000008301120624
6000000008311445622
6000000008311593860
6000000008320614138
6000000008321553530
6000000008321616472
6000000008321706860
6000000008321717438
6000000008325019710
6000000008329417582
6000000008329439035
6000000008332299237
6000000008332424218
6000000008332958694
6000000008333004583
6000000008333063281
6000000008343545986
6000000008343629693
6000000008343797446
6000000008344873153
6000000008352189071
6000000008352189075
6000000008352357688
6000000008352357693
6000000008352357697
6000000008352389701
6000000008352470338
6000000008352470343
6000000008365684584
6000000008365786231
6000000008366282051
6000000008369911461
6000000008371220926
6000000008371258823
6000000008371331653
6000000008371383324
6000000008371566182
6000000008383986032
6000000008384735147
6000000008384761916
6000000008385446814
6000000008386434304
6000000008390867520
6000000008391851211
6000000008395530197
6000000008395656676
6000000008395776149
6000000008395898695
6000000008395908710
6000000008408425829
6000000008419411427
6000000008419426508
6000000008419457669
6000000008419489321
6000000008419503226
6000000008424407677
6000000008426487768
6000000008426599852
6000000008430616907
6000000008430803596
6000000008430837897
6000000008479119741
6000000008479329673
6000000008491762194
6000000008491979233
6000000008492184192
6000000008492296997
6000000008492341102
6000000008492458867
6000000008492464935
6000000008492473840
6000000008492544272
6000000008492551154
6000000008492667670
6000000008492689519
6000000008492691283
6000000008493203976
6000000008493208454
6000000008498361098
6000000008498556237
6000000008498767888
6000000008498769180
6000000008498938217
6000000008499004269
6000000008499052342
6000000008499062362
6000000008500699837
6000000008500844803
6000000008500857369
6000000008500922279
6000000008501144134
6000000008501355099
6000000008501368101
6000000008501372149
6000000008501540723
6000000008501562967
6000000008501577877
6000000008501580049
6000000008501641040
6000000008501641175
6000000008501642968
6000000008501651910
6000000008501654623
6000000008501658561
6000000008501662876
6000000008501679120
6000000008501688445
6000000008501691785
6000000008501772216
6000000008501774130
6000000008501781841
6000000008501790415
6000000008501791744
6000000008501798563
6000000008501804991
6000000008501805827
6000000008501809216
6000000008501819326
6000000008508111546
6000000008512658168
6000000008512905804
6000000008513083577
6000000008513362764
6000000008513486409
6000000008513555787
6000000008513821090
6000000008514001464
6000000008514127339
6000000008514151490
6000000008514205296
6000000008514301425
6000000008521710105
6000000008521769955
6000000008521802873
6000000008521860036
6000000008521876081
6000000008522029733
6000000008522029744
6000000008522033114
6000000008522037700
6000000008522047850
6000000008522112205
6000000008522194024
6000000008522269842
6000000008522292861
6000000008522357019
6000000008522433114
6000000008522489527
6000000008522495330
6000000008522513217
6000000008522986309
6000000008529068805
6000000008529875256
6000000008530339088
6000000008531603646
6000000008531680703
6000000008551346128
6000000008551568026
6000000008551945301
6000000008553110800
6000000008553372771
6000000008553703261
6000000008554473589
6000000008560058758
6000000008560187132
6000000008560211844
6000000008562674419
6000000008563796043
6000000008564895999
6000000008564985865
6000000008565425266
6000000008565425564
6000000008565479843
6000000008566001356
6000000008566088238
6000000008571956554
6000000008573629149
6000000008574059404
6000000008574106798
6000000008586846913
6000000008588313760
6000000008588868265
6000000008593414203
6000000008598775754
6000000008598849788
6000000008599333951
6000000008599861237
6000000008601159445
6000000008605573655
6000000008605685268
6000000008605712277
6000000008607568019
6000000008613258890
6000000008613889208
6000000008615183982
6000000008617959182
6000000008618052953
6000000008618090943
6000000008618178716
6000000008618195122
6000000008618228818
6000000008618282695
6000000008618300679
6000000008618352731
6000000008618360281
6000000008618375405
6000000008618378797
6000000008618423062
6000000008618464515
6000000008618464631
6000000008618484624
6000000008618485087
6000000008618490294
6000000008618498556
6000000008618514368
6000000008618515304
6000000008618519501
6000000008618564696
6000000008619563323
6000000008620020932
6000000008620084897
6000000008620088184
6000000008620089775
6000000008620137186
6000000008620138598
6000000008620149610
6000000008620182962
6000000008620337247
6000000008620429678
6000000008620477652
6000000008620477828
6000000008620519075
6000000008620521728
6000000008620525825
6000000008620536500
6000000008620541773
6000000008620599220
6000000008620619192
6000000008620619877
6000000008620621370
6000000008620649523
6000000008620654016
6000000008620656819
6000000008620679851
6000000008620686597
6000000008620699353
6000000008620703145
6000000008620717538
6000000008620745529
6000000008620771578
6000000008620786067
6000000008620796526
6000000008620824424
6000000008620829771
6000000008620863032
6000000008620867290
6000000008620941664
6000000008620944517
6000000008620944658
6000000008620955445
6000000008620982745
6000000008620989473
6000000008621023459
6000000008621026540
6000000008621079352
6000000008621176236
6000000008621176354
6000000008621187852
6000000008621200762
6000000008621203523
6000000008621259235
6000000008621380307
6000000008621405702
6000000008621415494
6000000008621502079
6000000008621527187
6000000008621536405
6000000008621540485
6000000008621573538
6000000008621903358
6000000008622305873
6000000008622462811
6000000008622950412
6000000008622964643
6000000008623046249
6000000008623066647
6000000008623074415
6000000008623206544
6000000008623354240
6000000008623474419
6000000008624996610
6000000008625016902
6000000008625102107
6000000008625176990
6000000008625189829
6000000008625250815
6000000008625270450
6000000008625356242
6000000008625399833
6000000008625516999
6000000008625519017
6000000008625547196
6000000008625642712
6000000008625663492
6000000008625679755
6000000008625680585
6000000008625702648
6000000008625703190
6000000008625722157
6000000008625740889
6000000008625779958
6000000008625780191
6000000008625818040
6000000008625826900
6000000008625860640
6000000008625889078
6000000008625898672
6000000008625981319
6000000008626003865
6000000008626073968
6000000008626106703
6000000008626107911
6000000008626108777
6000000008626117325
6000000008626133036
6000000008626157711
6000000008626173607
6000000008626198866
6000000008626199321
6000000008626220490
6000000008626221497
6000000008626221771
6000000008626226313
6000000008626227440
6000000008626257250
6000000008626257529
6000000008626303400
6000000008626336839
6000000008626364610
6000000008626379656
6000000008626380516
6000000008626383561
6000000008626443236
6000000008626468273
6000000008626504230
6000000008626662935
6000000008626751916
6000000008626863180
6000000008626878606
6000000008626920575
6000000008627008547
6000000008627043929
6000000008627145384
6000000008627153248
6000000008627208385
6000000008629983854
6000000008630091998
6000000008630116942
6000000008630159904
6000000008632300042
6000000008632590777
6000000008632830486
6000000008632931195
6000000008633012384
6000000008633052527
6000000008633064471
6000000008633082161
6000000008633180847
6000000008633188291
6000000008633334808
6000000008633398436
6000000008633480408
6000000008633577475
6000000008642119084
6000000008642260755
6000000008642262966
6000000008642267110
6000000008642295838
6000000008642343693
6000000008642415871
6000000008642417488
6000000008642506201
6000000008642535534
6000000008642564808
6000000008642569374
6000000008642623553
6000000008642682141
6000000008642685646
6000000008642685917
6000000008642749635
6000000008642781879
6000000008642793449
6000000008642838271
6000000008642838545
6000000008642874820
6000000008642993231
6000000008643004512
6000000008643008962
6000000008643042193
6000000008643084276
6000000008643089315
6000000008643111327
6000000008643142506
6000000008643142539
6000000008643184905
6000000008643259054
6000000008643290916
6000000008643332020
6000000008643381927
6000000008643393192
6000000008643400767
6000000008643418693
6000000008643434813
6000000008643495713
6000000008643506413
6000000008643584053
6000000008643599816
6000000008643631861
6000000008643647543
6000000008643657464
6000000008643682786
6000000008643744564
6000000008643783202
6000000008643799569
6000000008643826753
6000000008643896275
6000000008643905214
6000000008643922238
6000000008643959364
6000000008652428789
6000000008652468680
6000000008652575451
6000000008652774301
6000000008653320491
6000000008653340918
6000000008653493689
6000000008653573218
6000000008660473146
6000000008660558776
6000000008660604713
6000000008660852489
6000000008672279937
6000000008672285922
6000000008672927300
6000000008672962202
6000000008673108801
6000000008673114945
6000000008673177106
6000000008673248826
6000000008673264580
6000000008673326394
6000000008673351272
6000000008682691717
6000000008682794116
6000000008682975806
6000000008692067022
6000000008692071941
6000000008692093663
6000000008692141116
6000000008692151046
6000000008692156519
6000000008692158345
6000000008692182968
6000000008692183051
6000000008692280201
6000000008693056120
6000000008699612072
6000000008700233415
6000000008701727687
6000000008703686332
6000000008706522142
6000000008706565541
6000000008706616374
6000000008709140814
6000000008709189721
6000000008710199339
6000000008717059134
6000000008717288486
6000000008717299837
6000000008717968158
6000000008718031156
6000000008718086592
6000000008718168688
6000000008718250585
6000000008718258681
6000000008718264655
6000000008718296342
6000000008726432160
6000000008726665023
6000000008726717515
6000000008727568988
6000000008736899211
6000000008746925448
6000000008756042883
6000000008772973182
6000000008778362978
6000000008778466591
6000000008778483850
6000000008778563892
6000000008778706747
6000000008779713087
6000000008779798965
6000000008779952047
6000000008779955127
6000000008779999930
6000000008780017004
6000000008780090609
6000000008780101689
6000000008780161792
6000000008780188472
6000000008781024990
6000000008781220874
6000000008781264708
6000000008781344291
6000000008781683518
6000000008790120728
6000000008790151795
6000000008796799455
6000000008799771009
6000000008800241750
6000000008804279265
6000000008809387657
6000000008809575041
6000000008809617705
6000000008815248107
6000000008815475373
6000000008819213304
6000000008819274461
6000000008819332220
6000000008819919381
6000000008819952640
6000000008827927601
6000000008828058932
6000000008830812299
6000000008836500092
6000000008836624701
6000000008842125742
6000000008842260143
6000000008842944979
6000000008843824945
6000000008843851014
6000000008843857670
6000000008843869741
6000000008843946728
6000000008843986681
6000000008844055084
6000000008844080259
6000000008844115068
6000000008844125887
6000000008844306358
6000000008844868922
6000000008844960953
6000000008854475692
6000000008874413540
6000000008875006290
6000000008875057655
6000000008875064267
6000000008875160224
6000000008879500431
6000000008883181866
6000000008883887999
6000000008884354274
6000000008884534201
6000000008891608178
6000000008891707947
6000000008891752331
6000000008891848937
6000000008891854750
6000000008893403799
6000000008893693983
6000000008900264168
6000000008900406684
6000000008900432014
6000000008900451188
6000000008900475722
6000000008900575579
6000000008900597317
6000000008900609548
6000000008900681206
6000000008900857023
6000000008900859697
6000000008900952687
6000000008900963092
6000000008901026915
6000000008901041664
6000000008901050853
6000000008901074189
6000000008901102572
6000000008901117114
6000000008901136556
6000000008901156352
6000000008901203369
6000000008901207947
6000000008901211308
6000000008901215258
6000000008901235313
6000000008901236254
6000000008901271698
6000000008901289784
6000000008901298076
6000000008901460850
6000000008901558673
6000000008901564421
6000000008901684535
6000000008902042366
6000000008902084399
6000000008902109401
6000000008902122622
6000000008902219364
6000000008902225658
6000000008902226642
6000000008902244461
6000000008902511250
6000000008907459023
6000000008907626062
6000000008907762154
6000000008908499318
6000000008908738904
6000000008908886795
6000000008908919369
6000000008909053497
6000000008934164689
6000000008934164694
6000000008934164699
6000000008937163820
6000000008937164071
6000000008937265094
6000000008937270574
6000000008938327708
6000000008939270970
6000000008939588895
6000000008962787315
6000000008963651981
6000000008963680767
6000000008963815459
6000000008967763021
6000000008968110196
6000000008968297208
6000000008971309736
6000000008971429952
6000000008986065878
6000000008990617832
6000000008990637063
6000000008990838798
6000000008990926800
6000000008990936432
6000000008990947152
6000000008991009805
6000000008991209529
6000000008991235737
6000000008999869439
6000000009000786574
6000000009000956704
6000000009002227390
6000000009009241884
6000000009029156812
6000000009029368527
6000000009038175924
6000000009038287268
6000000009038597870
6000000009038778157
6000000009039211269
6000000009039241220
6000000009043900466
6000000009045665184
6000000009045773565
6000000009046235110
6000000009046306431
6000000009046494547
6000000009047178111
6000000009047362415
6000000009047665667
6000000009047729242
6000000009060295635
6000000009061133654
6000000009067462197
6000000009067652310
6000000009067678248
6000000009081022640
6000000009082478882
6000000009082627678
6000000009082662229
6000000009085101746
6000000009085355372
6000000009085591304
6000000009093395819
6000000009093594450
6000000009093598006
6000000009093613670
6000000009093721759
6000000009093793620
6000000009093820552
6000000009093866486
6000000009093890036
6000000009093929488
6000000009093938510
6000000009093976288
6000000009094092684
6000000009094105807
6000000009094205131
6000000009094244023
6000000009094262953
6000000009094407903
6000000009094416993
6000000009094517527
6000000009094528776
6000000009094535199
6000000009094629571
6000000009094634480
6000000009094660275
6000000009094671185
6000000009095470929
6000000009103276150
6000000009103294033
6000000009103452164
6000000009103457479
6000000009103497696
6000000009103602654
6000000009103659041
6000000009103698845
6000000009103819434
6000000009103915326
6000000009103938991
6000000009103977367
6000000009104257639
6000000009104663383
6000000009107334089
6000000009107718796
6000000009107780989
6000000009107955454
6000000009107970701
6000000009108009921
6000000009108020032
6000000009108145237
6000000009108166527
6000000009109259828
6000000009109385749
6000000009109435626
6000000009109656426
6000000009109661299
6000000009130017086
6000000009130068877
6000000009130166087
6000000009130228818
6000000009130268559
6000000009130294325
6000000009130400235
6000000009131856001
6000000009132903627
6000000009140426981
6000000009142036442
6000000009147565757
6000000009147585626
6000000009152259990
6000000009153566101
6000000009156365703
6000000009156371466
6000000009156398672
6000000009156420564
6000000009163723923
6000000009164015802
6000000009164060899
6000000009164222620
6000000009164236487
6000000009164272403
6000000009164367412
6000000009164381077
6000000009164411954
6000000009164474925
6000000009164534011
6000000009164634095
6000000009164645531
6000000009164647899
6000000009164693375
6000000009165006882
6000000009192253453
6000000009210748837
6000000009217110200
6000000009217996190
6000000009218196829
6000000009218323553
6000000009218785824
6000000009219110964
6000000009219128864
6000000009219130919
6000000009219131584
6000000009219252960
6000000009219574488
6000000009219763398
6000000009220063735
6000000009220129465
6000000009220129642
6000000009220163501
6000000009220283263
6000000009220314240
6000000009226582150
6000000009226783910
6000000009226794100
6000000009226799915
6000000009226908828
6000000009227063627
6000000009227096842
6000000009227097687
6000000009227112141
6000000009227131830
6000000009227146064
6000000009227157442
6000000009227183462
6000000009227224680
6000000009227241382
6000000009227849023
6000000009228072748
6000000009228139620
6000000009228144925
6000000009228262141
6000000009228329152
6000000009228332363
6000000009228341415
6000000009228348416
6000000009228363560
6000000009228568980
6000000009229004861
6000000009229256719
6000000009229353417
6000000009229369774
6000000009229389753
6000000009229628639
6000000009229709544
6000000009229746932
6000000009230012204
6000000009230526026
6000000009230661441
6000000009230692795
6000000009231396240
6000000009231400270
6000000009246219120
6000000009246296998
6000000009246305845
6000000009246333734
6000000009246545411
6000000009246607399
6000000009275835084
6000000009301685569
6000000009302927276
6000000009306584936
6000000009309359803
6000000009309400696
6000000009309586078
6000000009309671579
6000000009309706721
6000000009309706920
6000000009309742393
6000000009309789338
6000000009309802530
6000000009309843330
6000000009309963560
6000000009318761615
6000000009319154878
6000000009319272063
6000000009319280904
6000000009319694145
6000000009319783741
6000000009319922078
6000000009320038879
6000000009320192404
6000000009320208599
6000000009320355280
6000000009320415215
6000000009320477700
6000000009320844390
6000000009321051420
6000000009321130311
6000000009324202251
6000000009332551143
6000000009332560111
6000000009332572643
6000000009332668626
6000000009332809876
6000000009332823848
6000000009334916912
6000000009338894926
6000000009340213930
6000000009340501624
6000000009340516820
6000000009340518018
6000000009340545602
6000000009340578686
6000000009340594137
6000000009340621570
6000000009340621605
6000000009340685611
6000000009340692794
6000000009340710007
6000000009340716639
6000000009340724464
6000000009340748319
6000000009340769383
6000000009340784640
6000000009340785656
6000000009340787416
6000000009340795411
6000000009340800398
6000000009340801659
6000000009340814349
6000000009340820541
6000000009340827345
6000000009340844344
6000000009340859415
6000000009340902220
6000000009345190042
6000000009345448900
6000000009345738726
6000000009345861631
6000000009345986863
6000000009346243578
6000000009346334685
6000000009346992762
6000000009353346740
6000000009353412275
6000000009353412335
6000000009353418422
6000000009353418874
6000000009353424967
6000000009353436238
6000000009353771669
6000000009353775897
6000000009353802561
6000000009353827545
6000000009353845504
6000000009353865952
6000000009363014052
6000000009364201592
6000000009369123381
6000000009369674418
6000000009371306750
6000000009371422786
6000000009371629708
6000000009371804057
6000000009371839687
6000000009371949151
6000000009372020544
6000000009372021199
6000000009372108490
6000000009372394747
6000000009376290752
6000000009429444969
6000000009429533084
6000000009429681750
6000000009429704980
6000000009429759546
6000000009429770683
6000000009429843423
6000000009429883612
6000000009429912221
6000000009429968480
6000000009430457398
6000000009430470476
6000000009430499936
6000000009430545666
6000000009430678295
6000000009431853793
6000000009432101172
6000000009440388680
6000000009440388847
6000000009440544709
6000000009440589509
6000000009459028531
6000000009459130384
6000000009485250537
6000000009485909440
6000000009487831726
6000000009487877523
6000000009488030958
6000000009488115739
6000000009494638975
6000000009496334252
6000000009508664153
6000000009508914456
6000000009509103286
6000000009509369251
6000000009510703296
6000000009515803874
6000000009522539596
6000000009527262581
6000000009527538196
6000000009527640386
6000000009528118897
6000000009529523326
6000000009537809486
6000000009538546138
6000000009543591795
6000000009544612769
6000000009545352880
6000000009545717664
6000000009545867330
6000000009545877866
6000000009545881377
6000000009545885422
6000000009546039249
6000000009553394033
6000000009553441906
6000000009553475194
6000000009553478149
6000000009553532151
6000000009553634773
6000000009553699867
6000000009553771417
6000000009553786416
6000000009553796278
6000000009553810694
6000000009553812631
6000000009553814236
6000000009553816359
6000000009579386781
6000000009584414811
6000000009584594694
6000000009586929291
6000000009589046181
6000000009589290974
6000000009589373093
6000000009589389663
6000000009594588449
6000000009594783276
6000000009600347474
6000000009600372812
6000000009600428352
6000000009609465336
6000000009611700398
6000000009612372371
6000000009621148358
6000000009629287860
6000000009629805097
6000000009629876723
6000000009629882989
6000000009629912892
6000000009629918883
6000000009630775772
6000000009631298538
6000000009677448440
6000000009679773161
6000000009680082324
6000000009680520405
6000000009686757567
6000000009689399288
6000000009689624946
6000000009689746958
6000000009689770679
6000000009689961806
6000000009689977656
6000000009690039810
6000000009690097839
6000000009690706684
6000000009691750543
6000000009691750571
6000000009691796393
6000000009698079815
6000000009698205784
6000000009698427344
6000000009698439348
6000000009698758404
6000000009698764645
6000000009698971105
6000000009699101629
6000000009708611388
6000000009711763099
6000000009739257700
6000000009744072200
6000000009795931530
6000000009801780826
6000000009803631571
6000000009807552140
6000000009808611478
6000000009811319035
6000000009811544164
6000000009811803730
6000000009812023341
6000000009812059452
6000000009812148255
6000000009812175774
6000000009812286218
6000000009812474917
6000000009813148025
6000000009815304524
6000000009815363640
6000000009815376452
6000000009815503345
6000000009815538492
6000000009815538519
6000000009815936486
6000000009816564164
6000000009816950994
6000000009817027363
6000000009817122312
6000000009817127966
6000000009817134772
6000000009817159407
6000000009817159689
6000000009817338889
6000000009817391640
6000000009817391763
6000000009817419695
6000000009817421622
6000000009817525426
6000000009817590487
6000000009817673032
6000000009817743782
6000000009817823851
6000000009817974749
6000000009818412587
6000000009818515757
6000000009818618451
6000000009818618516
6000000009818654335
6000000009818703738
6000000009819097391
6000000009820168341
6000000009826491797
6000000009832798251
6000000009840600398
6000000009840800242
6000000009849975850
6000000009849999751
6000000009853096449
6000000009857370001
6000000009860244072
6000000009860924316
6000000009860968244
6000000009861041802
6000000009861055119
6000000009861166353
6000000009861168506
6000000009861215871
6000000009861307855
6000000009861308246
6000000009861322689
6000000009861480502
6000000009866604523
6000000009866636562
6000000009866639587
6000000009866711561
6000000009866734062
6000000009869240749
6000000009869312616
6000000009869330645
6000000009869349590
6000000009869525516
6000000009869553712
6000000009869560786
6000000009869566519
6000000009869619880
6000000009869802397
6000000009869944603
6000000009870067746
6000000009870068203
6000000009870202203
6000000009870279691
6000000009870384242
6000000009870845581
6000000009879973346
6000000009880095594
6000000009880107476
6000000009880113631
6000000009880139347
6000000009880160327
6000000009888567681
6000000009888569646
6000000009889859849
6000000009889865032
6000000009889876465
6000000009889899818
6000000009889901731
6000000009889990802
6000000009889998328
6000000009890032312
6000000009890231586
6000000009893950960
6000000009894136928
6000000009894147770
6000000009894178780
6000000009894184764
6000000009894184942
6000000009894273568
6000000009894277760
6000000009894285754
6000000009894344462
6000000009894355450
6000000009894359932
6000000009894362125
6000000009894383546
6000000009894387646
6000000009894395395
6000000009894433841
6000000009894535548
6000000009894566485
6000000009897684864
6000000009897780621
6000000009897810518
6000000009897992652
6000000009898063236
6000000009898939734
6000000009899107191
6000000009899834611
6000000009900441060
6000000009900764446
6000000009900848426
6000000009901090222
6000000009907689638
6000000009907796095
6000000009907916846
6000000009908023703
6000000009921059065
6000000009926066932
6000000009929710107
6000000009929778603
6000000009929789662
6000000009938805541
6000000009938928609
6000000009949029200
6000000009949492194
6000000009949562865
6000000009958355400
6000000009958364029
6000000009958735388
6000000009969208598
6000000009969316401
6000000009978871308
6000000009979070869
6000000009990624571
6000000009990770694
6000000010007530637
6000000010007530660
6000000010008286079
6000000010008306293
6000000010008862247
6000000010010326254
6000000010010332421
6000000010019640378
6000000010019697414
6000000010019785258
6000000010021708799
6000000010024577859
6000000010025479710
6000000010046867815
6000000010047038462
6000000010047227892
6000000010049824359
6000000010050239209
6000000010072625392
6000000010074039191
6000000010076265041
6000000010076914375
6000000010076930889
6000000010077279008
6000000010077339974
6000000010077347013
6000000010077382243
6000000010077523406
6000000010077690867
6000000010077930827
6000000010077937922
6000000010078048945
6000000010078089713
6000000010078137306
6000000010078146495
6000000010078162881
6000000010078178277
6000000010078203239
6000000010078231291
6000000010078325533
6000000010078618833
6000000010078646893
6000000010078716355
6000000010081992536
6000000010082153712
6000000010082160292
6000000010082263265
6000000010082271206
6000000010083140457
6000000010083292729
6000000010083358220
6000000010083711377
6000000010089892576
6000000010094809131
6000000010094816438
6000000010097124420
6000000010099475517
6000000010102783505
6000000010102783554
6000000010112571156
6000000010112645961
6000000010112683840
6000000010112727889
6000000010112782820
6000000010112872138
6000000010112891103
6000000010112924098
6000000010112930700
6000000010112939835
6000000010113036362
6000000010113037585
6000000010113055427
6000000010113071613
6000000010113098324
6000000010113099894
6000000010113102312
6000000010113108399
6000000010113108770
6000000010113122384
6000000010113129270
6000000010113140484
6000000010113175253
6000000010113178589
6000000010113211302
6000000010113227252
6000000010122420754
6000000010132264962
6000000010132290454
6000000010132407459
6000000010132484334
6000000010132605390
6000000010133021267
6000000010133039235
6000000010163661476
6000000010164640558
6000000010173608712
6000000010173766459
6000000010173910155
6000000010173942498
6000000010173958543
6000000010173969435
6000000010174008288
6000000010180703506
6000000010180807612
6000000010202118607
6000000010202438227
6000000010206539837
6000000010278393707
6000000010313169929
6000000010313420738
6000000010331471310
6000000010341246165
6000000010341281989
6000000010341969245
6000000010343693555
6000000010354832891
6000000010355041447
6000000010364148243
6000000010384496261
6000000010400338817
6000000010401702601
6000000010403943138
6000000010404613249
6000000010404632251
6000000010414036470
6000000010414434916
6000000010414719337
6000000010414822236
6000000010423173574
6000000010424099054
6000000010424174403
6000000010424343012
6000000010425160768
6000000010443041141
6000000010444331874
6000000010444353351
6000000010444393392
6000000010444455325
6000000010458632109
6000000010463132987
6000000010463454284
6000000010466989581
6000000010467019408
6000000010467037041
6000000010467073279
6000000010467139335
6000000010467160262
6000000010483493800
6000000010483775572
6000000010483788830
6000000010491285025
6000000010491729792
6000000010505443938
6000000010505466895
6000000010505487978
6000000010505708964
6000000010505820024
6000000010505904341
6000000010505980388
6000000010506016455
6000000010506060458
6000000010513615800
6000000010521193213
6000000010541404754
6000000010561726932
6000000010561880520
6000000010562888348
6000000010563180136
6000000010563218611
6000000010571319436
6000000010575380144
6000000010577107327
6000000010580266447
6000000010580705641
6000000010609321762
6000000010609692332
6000000010611269204
6000000010611679379
6000000010631771176
6000000010653987256
6000000010667588393
6000000010668551803
6000000010668742650
6000000010672263539
6000000010674803828
6000000010674807900
6000000010674828189
6000000010675094074
6000000010675095060
6000000010675104643
6000000010675273360
6000000010675273377
6000000010702306018
6000000010702765665
6000000010733907509
6000000010734084202
6000000010741255407
6000000010753630129
6000000010753647033
6000000010753787177
6000000010753965548
6000000010762826929
6000000010763188441
6000000010772058059
6000000010772636344
6000000010774060163
6000000010774089495
6000000010783608157
6000000010783795050
6000000010783854920
6000000010783914747
6000000010783993561
6000000010788363443
6000000010789322931
6000000010789425431
6000000010789498235
6000000010790621235
6000000010817974210
6000000010819699780
6000000010835209087
6000000010837310640
6000000010837589451
6000000010877263292
6000000010877623119
6000000010878133537
6000000010878139582
6000000010884661683
6000000010894740811
6000000010894833043
6000000010895657111
6000000010895830421
6000000010895879371
6000000010896006247
6000000010896066301
6000000010898150652
6000000010933178148
6000000010944892025
6000000010945027940
6000000010945074520
6000000010954246304
6000000010954306208
6000000010954368435
6000000010962431327
6000000010962715337
6000000010973772898
6000000010973887044
6000000010986772397
6000000010991596110
6000000010991971903
6000000010991983874
6000000010992650320
6000000010992675299
6000000011006159092
6000000011015980952
6000000011016365380
6000000011016918054
6000000011028566861
6000000011028627715
6000000011028720731
6000000011028966309
6000000011029152769
6000000011029179230
6000000011029213304
6000000011029405293
6000000011045083016
6000000011045116162
6000000011045585873
6000000011045597406
6000000011049984216
6000000011071521954
6000000011071650640
6000000011072110705
6000000011072114020
6000000011072338342
6000000011078459498
6000000011079082747
6000000011079178412
6000000011081304061
6000000011083483322
6000000011094172093
6000000011094303965
6000000011094803409
6000000011103244973
6000000011106387119
6000000011106717665
6000000011106815437
6000000011107211717
6000000011107217624
6000000011107224425
6000000011107413922
6000000011107574772
6000000011115626077
6000000011115665570
6000000011126432353
6000000011127068773
6000000011133740370
6000000011147058002
6000000011147215768
6000000011147240078
6000000011147276800
6000000011147290019
6000000011147296978
6000000011147415138
6000000011147425728
6000000011147488062
6000000011147515190
6000000011147516400
6000000011147548437
6000000011147552226
6000000011147576578
6000000011147630364
6000000011147679938
6000000011147701343
6000000011147737701
6000000011147747993
6000000011147763828
6000000011147793713
6000000011147851808
6000000011147864871
6000000011147899550
6000000011147900190
6000000011147900941
6000000011147901750
6000000011147959799
6000000011147961504
6000000011147974737
6000000011147981254
6000000011147981667
6000000011147998874
6000000011148001584
6000000011148010750
6000000011148025534
6000000011148027662
6000000011148056283
6000000011148060246
6000000011148064672
6000000011148079422
6000000011148079642
6000000011148090320
6000000011148090559
6000000011148094278
6000000011148133453
6000000011148142224
6000000011148176317
6000000011148182227
6000000011148188490
6000000011164088689
6000000011164130595
6000000011164130616
6000000011164565539
6000000011164839274
6000000011188317553
6000000011188377223
6000000011196263183
6000000011196381073
6000000011196505118
6000000011196522957
6000000011196548833
6000000011196549854
6000000011196555557
6000000011196563062
6000000011196586824
6000000011196638698
6000000011196659465
6000000011196683510
6000000011196683793
6000000011196705478
6000000011196721116
6000000011196721325
6000000011196721381
6000000011196728409
6000000011196748568
6000000011196756023
6000000011196764248
6000000011196766711
6000000011196793448
6000000011196811307
6000000011196888838
6000000011196896974
6000000011196917545
6000000011208332500
6000000011208345748
6000000011208672255
6000000011217471319
6000000011220185216
6000000011220583551
6000000011220762270
6000000011220805642
6000000011222085258
6000000011222200287
6000000011265890851
6000000011266739116
6000000011266776893
6000000011266893390
6000000011277304170
6000000011277940508
6000000011277960513
6000000011277962431
6000000011277987804
6000000011278048871
6000000011278081592
6000000011278087669
6000000011290991518
6000000011306814157
6000000011308183060
6000000011319589440
6000000011322942731
6000000011324393711
6000000011336026200
6000000011349508566
6000000011349746584
6000000011360011669
6000000011366868024
6000000011394031538
6000000011394068935
6000000011404803910
6000000011439058783
6000000011446309702
6000000011446766475
6000000011583181061
6000000011602863289
6000000011623256655
6000000011623280804
6000000011626554771
6000000011626573108
6000000011626574126
6000000011626767474
6000000011626768086
6000000011626774036
6000000011626825815
6000000011626857554
6000000011626883169
6000000011626889084
6000000011626971003
6000000011626980739
6000000011626980811
6000000011626998929
6000000011627012029
6000000011627054163
6000000011627068106
6000000011627068449
6000000011627068734
6000000011627083509
6000000011627084028
6000000011627090974
6000000011627097643
6000000011627101338
6000000011627101706
6000000011627106008
6000000011627107576
6000000011627107617
6000000011627126557
6000000011627126576
6000000011627129173
6000000011627136443
6000000011627158870
6000000011627161171
6000000011627175582
6000000011627187989
6000000011627191870
6000000011627192804
6000000011627217415
6000000011627221583
6000000011627223669
6000000011627224453
6000000011627248393
6000000011627264219
6000000011627264565
6000000011627278817
6000000011627281508
6000000011627302075
6000000011627307439
6000000011627318600
6000000011627382320
6000000011627411247
6000000011627427325
6000000011627494233
6000000011627506286
6000000011627546224
6000000011629241896
6000000011630038736
6000000011630124423
6000000011630495224
6000000011631400041
6000000011638213696
6000000011649764812
6000000011650204377
6000000011650208140
6000000011650227241
6000000011650557957
6000000011650668524
6000000011674806268
6000000011678920714
6000000011678927709
6000000011679013251
6000000011692875262
6000000011706774650
6000000011706962502
6000000011707129276
6000000011727034610
6000000011727663443
6000000011734819288
6000000011734899755
6000000011734906212
6000000011760336673
6000000011760522113
6000000011760612455
6000000011834511370
6000000011938603999
6000000011939024947
6000000011939186995
6000000011939643347
6000000012017407066
6000000012018041823
6000000012018068036
6000000012018083896
6000000012018261017
6000000012018277710
6000000012018315307
6000000012018358440
6000000012018361640
6000000012018594042
6000000012019038766
6000000012019608666
6000000012034389141
6000000012034590582
6000000012035091653
6000000012035397230
6000000012042790174
6000000012046037850
6000000012046623403
6000000012049745640
6000000012049788196
6000000012049841175
6000000012050047948
6000000012050064823
6000000012050107829
6000000012050108008
6000000012050112651
6000000012050337094
6000000012050432065
6000000012050432095
6000000012050542725
6000000012050553480
6000000012050619214
6000000012051083426
6000000012051338196
6000000012051525845
6000000012051721506
6000000012051746695
6000000012051746778
6000000012051861320
6000000012051903155
6000000012051931144
6000000012052050314
6000000012052119332
6000000012052138495
6000000012052858972
6000000012053060814
6000000012053742323
6000000012053763657
6000000012054664149
6000000012054694908
6000000012054917198
6000000012055006047
6000000012055158887
6000000012055315437
6000000012055674592
6000000012055695284
6000000012055964225
6000000012055967201
6000000012055991308
6000000012060506669
6000000012060878096
6000000012060883805
6000000012060906193
6000000012060933749
6000000012060991160
6000000012061523118
6000000012061695789
6000000012061776479
6000000012061909765
6000000012062122208
6000000012062276633
6000000012062296668
6000000012062312609
6000000012062316029
6000000012062330459
6000000012062482721
6000000012062710701
6000000012062735858
6000000012062770114
6000000012062779946
6000000012062794898
6000000012062823540
6000000012063056250
6000000012063552616
6000000012077958804
6000000012105099634
6000000012105227925
6000000012105414519
6000000012118274867
6000000012119039749
6000000012119173300
6000000012132085795
6000000012132189679
6000000012133534444
6000000012135963674
6000000012136187885
6000000012136228634
6000000012136259853
6000000012136391984
6000000012136418918
6000000012136540530
6000000012136604205
6000000012136633375
6000000012137196257
6000000012148479817
6000000012148479825
6000000012148615646
6000000012148910682
6000000012148920527
6000000012149386420
6000000012149417511
6000000012150013497
6000000012214439039
6000000012214691587
6000000012229586662
6000000012259988320
6000000012260245536
6000000012287588994
6000000012302202740
6000000012302244967
6000000012319481179
6000000012320066567
6000000012320485342
6000000012380859105
6000000012381152965
6000000012381258798
6000000012381445618
6000000012382504310
6000000012382995544
6000000012400355926
6000000012400448942
6000000012400456532
6000000012400479084
6000000012428619899
6000000012462276651
6000000012464237073
6000000012464733438
6000000012467286585
6000000012467440018
6000000012468022842
6000000012468461202
6000000012485590097
6000000012502875000
6000000012503140250
6000000012508449539
6000000012508694620
6000000012508702308
6000000012508969418
6000000012525325119
6000000012525632496
6000000012528201114
6000000012528491749
6000000012528576722
6000000012528692066
6000000012528889920
6000000012529108383
6000000012560138517
6000000012560153001
6000000012560184606
6000000012560202932
6000000012560222045
6000000012560225785
6000000012560226029
6000000012560237135
6000000012560240161
6000000012560242014
6000000012560245616
6000000012560281530
6000000012560294449
6000000012560298124
6000000012560313319
6000000012560359291
6000000012560918751
6000000012560966162
6000000012560979499
6000000012560979585
6000000012561005031
6000000012561014967
6000000012561055143
6000000012561084756
6000000012561087156
6000000012561106004
6000000012561166837
6000000012561172109
6000000012561204034
6000000012561210538
6000000012561217439
6000000012561224377
6000000012561231289
6000000012561270801
6000000012561281824
6000000012561304191
6000000012561358794
6000000012561389908
6000000012561538441
6000000012561547838
6000000012561555796
6000000012561575227
6000000012561614723
6000000012561636276
6000000012561671691
6000000012561732211
6000000012561739526
6000000012561783059
6000000012561784778
6000000012561787368
6000000012561802624
6000000012561837509
6000000012561855726
6000000012561925341
6000000012561960462
6000000012561983354
6000000012562003952
6000000012562003977
6000000012562042555
6000000012562117778
6000000012562119721
6000000012562122021
6000000012562127252
6000000012562147201
6000000012562170728
6000000012562182881
6000000012562261673
6000000012562269316
6000000012562269809
6000000012562284390
6000000012562335594
6000000012562483474
6000000012562863284
6000000012570909577
6000000012577356063
6000000012580918642
6000000012580977351
6000000012592118612
6000000012592351467
6000000012592351471
6000000012592351475
6000000012592351479
6000000012592351483
6000000012592351487
6000000012592351491
6000000012592351495
6000000012601928948
6000000012602057079
6000000012602239889
6000000012602377081
6000000012609955026
6000000012611731800
6000000012612003391
6000000012619445188
6000000012619812893
6000000012619948812
6000000012619954458
6000000012619962733
6000000012619983302
6000000012621731171
6000000012621799909
6000000012621851947
6000000012621916074
6000000012622043044
6000000012622071902
6000000012622110958
6000000012622166590
6000000012622194432
6000000012622198653
6000000012622212320
6000000012622223827
6000000012622251404
6000000012622296220
6000000012622320214
6000000012623500057
6000000012623564421
6000000012623587014
6000000012623725897
6000000012623786051
6000000012624116448
6000000012624215058
6000000012628692092
6000000012629222120
6000000012629396248
6000000012629458362
6000000012633052587
6000000012633219331
6000000012634079473
6000000012634118651
6000000012634121918
6000000012634202547
6000000012634209475
6000000012634226481
6000000012634241729
6000000012634314670
6000000012634443491
6000000012634455603
6000000012634456352
6000000012634468407
6000000012634496730
6000000012634501241
6000000012634564281
6000000012634753101
6000000012634764260
6000000012634771213
6000000012640074158
6000000012640145521
6000000012640397644
6000000012645941070
6000000012646196622
6000000012646555341
6000000012647192827
6000000012647482800
6000000012648040029
6000000012648244642
6000000012648590489
6000000012648651532
6000000012648754710
6000000012648843365
6000000012648875405
6000000012648876315
6000000012649141348
6000000012649288261
6000000012667369329
6000000012667425618
6000000012667631380
6000000012667702302
6000000012667704324
6000000012667757319
6000000012668717655
6000000012668735601
6000000012668751404
6000000012668850465
6000000012668934442
6000000012668979505
6000000012669021539
6000000012669156491
6000000012669164576
6000000012700849106
6000000012701341063
6000000012701481630
6000000012701877325
6000000012702100368
6000000012720871434
6000000012721805500
6000000012763761085
6000000012764418692
6000000012764514774
6000000012764524050
6000000012764527983
6000000012764588168
6000000012764661623
6000000012764887592
6000000012765231787
6000000012765338232
6000000012765346213
6000000012765360308
6000000012765371325
6000000012765371474
6000000012765379584
6000000012765382408
6000000012765383226
6000000012765384383
6000000012765384678
6000000012765398386
6000000012765400209
6000000012765446406
6000000012765447250
6000000012765487417
6000000012765501324
6000000012765514304
6000000012765526242
6000000012765588295
6000000012765609245
6000000012786947542
6000000012788031332
6000000012788075516
6000000012788079612
6000000012788344206
6000000012800999247
6000000012802634496
6000000012814222143
6000000012829737033
6000000012830315737
6000000012830501647
6000000012830689829
6000000012831065998
6000000012831590770
6000000012831600953
6000000012831601040
6000000012831619519
6000000012831719261
6000000012831734344
6000000012831779704
6000000012831786434
6000000012831883582
6000000012831919423
6000000012832027246
6000000012832048209
6000000012832048240
6000000012832056261
6000000012871558216
6000000012877757189
6000000012877804568
6000000012878037736
6000000012878076837
6000000012878083555
6000000012878158309
6000000012878170338
6000000012878178526
6000000012878208419
6000000012878228824
6000000012878231686
6000000012878246229
6000000012878262490
6000000012878268217
6000000012878268341
6000000012878304299
6000000012878319517
6000000012878335218
6000000012878354217
6000000012889019456
6000000012890886207
6000000012890886505
6000000012890921473
6000000012891069217
6000000012919127842
6000000012919269410
6000000012919408225
6000000012919492795
6000000012919630063
6000000012919638118
6000000012919640058
6000000012919647935
6000000012920110213
6000000012925049153
6000000012925349320
6000000012949780174
6000000012955547105
6000000012955851925
6000000012956278563
6000000012956348663
6000000012956362936
6000000012956393466
6000000012956399483
6000000012956399807
6000000012956574256
6000000012972875760
6000000013009751673
6000000013010164257
6000000013010197662
6000000013010349282
6000000013010355905
6000000013010620738
6000000013019494640
6000000013022331380
6000000013022449769
6000000013023140203
6000000013027863132
6000000013027973280
6000000013032125597
6000000013032310484
6000000013032410546
6000000013042311618
6000000013061050006
6000000013061147943
6000000013061435710
6000000013061481452
6000000013061488075
6000000013061511578
6000000013061547346
6000000013061594429
6000000013072436599
6000000013073674856
6000000013073751919
6000000013073866694
6000000013073887670
6000000013085178130
6000000013094556574
6000000013104085342
6000000013104646836
6000000013104733685
6000000013104759508
6000000013104774540
6000000013117546612
6000000013117650764
6000000013117656055
6000000013117695549
6000000013118104723
6000000013118299493
6000000013118303455
6000000013118335436
6000000013126572129
6000000013126624193
6000000013126695736
6000000013126723030
6000000013128098768
6000000013129266028
6000000013129739331
6000000013129779335
6000000013138496491
6000000013139055368
6000000013143768828
6000000013143784441
6000000013143803986
6000000013143866914
6000000013143950308
6000000013147219099
6000000013147446158
6000000013147784239
6000000013156657136
6000000013156860062
6000000013156989299
6000000013165811429
6000000013165822428
6000000013166207950
6000000013166390188
6000000013166596805
6000000013166597456
6000000013166614615
6000000013166634495
6000000013166752843
6000000013166858723
6000000013166858852
6000000013173414177
6000000013173894524
6000000013175366799
6000000013175761361
6000000013176821986
6000000013176884859
6000000013176977174
6000000013207183254
6000000013208634182
6000000013209558144
6000000013216255901
6000000013218109689
6000000013218119324
6000000013218253220
6000000013219253691
6000000013230668807
6000000013230683685
6000000013260158291
6000000013268782663
6000000013268936478
6000000013268939574
6000000013269026389
6000000013304558372
6000000013335008681
6000000013354972144
6000000013355537407
6000000013366974184
6000000013375430341
6000000013384736956
6000000013395184035
6000000013395202902
6000000013395205907
6000000013395208358
6000000013395237693
6000000013396477687
6000000013402831629
6000000013403303805
6000000013433736995
6000000013434271557
6000000013440452670
6000000013440745759
6000000013440839707
6000000013441744539
6000000013442075454
6000000013442082353
6000000013443246829
6000000013462697914
6000000013463680426
6000000013488516808
6000000013492380656
6000000013492530609
6000000013492648860
6000000013492670477
6000000013494285472
6000000013505861706
6000000013507326931
6000000013507396258
6000000013507467731
6000000013507674319
6000000013507707007
6000000013507734116
6000000013509705355
6000000013517530972
6000000013538172800
6000000013540823245
6000000013572781462
6000000013600587802
6000000013600643363
6000000013600808449
6000000013600835150
6000000013623614196
6000000013625038827
6000000013625127614
6000000013626596365
6000000013627130545
6000000013627145464
6000000013627269616
6000000013627496389
6000000013627557115
6000000013627638027
6000000013640116610
6000000013640128742
6000000013640131861
6000000013640153737
6000000013640182131
6000000013640197191
6000000013640294019
6000000013671203371
6000000013688409068
6000000013688410512
6000000013688450200
6000000013688495066
6000000013688515063
6000000013688516096
6000000013688561137
6000000013721405576
6000000013726768538
6000000013735161663
6000000013735203964
6000000013735444359
6000000013735471585
6000000013761329716
6000000013795454165
6000000013812494782
6000000013829721149
6000000013873303905
6000000013912037638
6000000013912115988
6000000013914403745
6000000013941819414
6000000013952708773
6000000013971148807
6000000013971210602
6000000013971254578
6000000013971262324
6000000013971356049
6000000013971612313
6000000013971684007
6000000013971762414
6000000014014893000
6000000014015156412
6000000014015212396
6000000014015216201
6000000014015304040
6000000014018247886
6000000014018364904
6000000014018406377
6000000014018603163
6000000014018641900
6000000014024976652
6000000014025256772
6000000014025339390
6000000014025384032
6000000014035944148
6000000014044690084
6000000014057227816
6000000014075553657
6000000014075611027
6000000014075909062
6000000014093623729
6000000014093790557
6000000014093865655
6000000014093872328
6000000014093906588
6000000014093940189
6000000014093940246
6000000014094024024
6000000014102598251
6000000014201759006
6000000014202316275
6000000014231897088
6000000014231897091
6000000014231897094
6000000014231897097
6000000014244397466
6000000014245824794
6000000014245914500
6000000014245946255
6000000014293671945
6000000014293711811
6000000014294062404
6000000014295335931
6000000014295438275
6000000014295839107
6000000014303720790
6000000014303823321
6000000014341468523
6000000014348620722
6000000014349107220
6000000014350423727
6000000014350428537
6000000014350491666
6000000014350511251
6000000014350594410
6000000014350617381
6000000014350764625
6000000014351010820
6000000014351039273
6000000014351192183
6000000014351198125
6000000014351289594
6000000014351723822
6000000014352081823
6000000014352105435
6000000014352188692
6000000014352220288
6000000014352256920
6000000014352322600
6000000014352344396
6000000014352359990
6000000014352645179
6000000014352781125
6000000014355410200
6000000014360130024
6000000014360346056
6000000014362544354
6000000014362656174
6000000014364533737
6000000014364597272
6000000014372638964
6000000014372646930
6000000014372659945
6000000014372784914
6000000014373017874
6000000014373021853
6000000014373095691
6000000014373163373
6000000014373199036
6000000014379067249
6000000014381156078
6000000014382126947
6000000014382224028
6000000014382518027
6000000014383280352
6000000014395125345
6000000014395500894
6000000014395609434
6000000014397847841
6000000014398840820
6000000014398911629
6000000014398997837
6000000014406340213
6000000014406353702
6000000014406426274
6000000014406458427
6000000014406469530
6000000014406470663
6000000014406527232
6000000014407003007
6000000014408312182
6000000014408409712
6000000014408610295
6000000014408649087
6000000014408649255
6000000014408663057
6000000014416410743
6000000014439037986
6000000014439202715
6000000014439408650
6000000014439933045
6000000014440000056
6000000014440525652
6000000014441342143
6000000014442959210
6000000014442962099
6000000014452712865
6000000014452901939
6000000014452904091
6000000014453069905
6000000014453074356
6000000014453105374
6000000014453175638
6000000014453209306
6000000014453282033
6000000014466513977
6000000014466519979
6000000014466550785
6000000014466553975
6000000014466569550
6000000014466598892
6000000014466630497
6000000014466644578
6000000014466656612
6000000014466672430
6000000014466793227
6000000014466795928
6000000014466828581
6000000014466838373
6000000014466850816
6000000014466871157
6000000014466880372
6000000014466907066
6000000014466957241
6000000014473936762
6000000014475148969
6000000014475371553
6000000014475510088
6000000014475513077
6000000014475540151
6000000014475565189
6000000014544870249
6000000014550063340
6000000014550326599
6000000014577518394
6000000014579403393
6000000014579427205
6000000014579427492
6000000014579554675
6000000014587839332
6000000014588006365
6000000014605468005
6000000014608010949
6000000014611761511
6000000014611782567
6000000014612043397
6000000014612326229
6000000014613742236
6000000014613748151
6000000014643559825
6000000014644092581
6000000014655383642
6000000014655391465
6000000014655605343
6000000014655732862
6000000014655749593
6000000014655816034
6000000014655817302
6000000014677126153
6000000014677151134
6000000014686612146
6000000014686650983
6000000014686670162
6000000014686680967
6000000014706840653
6000000014714479375
6000000014727719824
6000000014727739750
6000000014734527727
6000000014735789273
6000000014746463641
6000000014746501439
6000000014756402766
6000000014756427423
6000000014756479315
6000000014756541551
6000000014756558132
6000000014756569231
6000000014756584338
6000000014756617271
6000000014756623219
6000000014756628355
6000000014756664090
6000000014756897044
6000000014756904496
6000000014757090923
6000000014757173096
6000000014757235155
6000000014786801767
6000000014788368869
6000000014789051504
6000000014789990263
6000000014790230011
6000000014790576592
6000000014790587337
6000000014790705388
6000000014790790563
6000000014790834319
6000000014790834486
6000000014790995504
6000000014794755305
6000000014794851658
6000000014795535775
6000000014795581562
6000000014796351025
6000000014799265096
6000000014807248668
6000000014807313299
6000000014807374126
6000000014807390531
6000000014807501538
6000000014807756744
6000000014807779197
6000000014807788517
6000000014807982906
6000000014808398602
6000000014808509212
6000000014808517807
6000000014808552406
6000000014808561475
6000000014808604867
6000000014808668451
6000000014808751074
6000000014808821058
6000000014808944834
6000000014809051394
6000000014809494777
6000000014810311509
6000000014811015133
6000000014815644440
6000000014817766313
6000000014833309680
6000000014854194160
6000000014862261677
6000000014862534842
6000000014866004482
6000000014866047295
6000000014866159319
6000000014866925953
6000000014883810283
6000000014925619055
6000000014929272850
6000000014929485619
6000000014929502484
6000000014929548511
6000000014929635511
6000000014953978925
6000000014954671741
6000000014954757343
6000000014954903598
6000000014955018231
6000000014955044213
6000000014973679264
6000000015031488203
6000000015040410009
6000000015041174748
6000000015054435362
6000000015054476671
6000000015054505717
6000000015054548653
6000000015054646079
6000000015069877699
6000000015072392695
6000000015093574251
6000000015093595436
6000000015119760843
6000000015120370227
6000000015128712631
6000000015130528525
6000000015130698162
6000000015143776800
6000000015149014589
6000000015151521304
6000000015221018814
6000000015221133065
6000000015221141107
6000000015221230029
6000000015221337372
6000000015221349733
6000000015288245543
6000000015356559398
6000000015360263796
6000000015361280071
6000000015361280100
6000000015363609514
6000000015364744089
6000000015384346642
6000000015406977662
6000000015408630937
6000000015422356446
6000000015433345875
6000000015456361341
6000000015456539128
6000000015456776090
6000000015490185463
6000000015490190204
6000000015490251402
6000000015490887105
6000000015530671283
6000000015530761242
6000000015562506603
6000000015563999879
6000000015579480660
6000000015601242214
6000000015640132525
6000000015640188967
6000000015640587563
6000000015655922945
6000000015655977522
6000000015656199501
6000000015672992634
6000000015673423111
6000000015702124953
6000000015702271007
6000000015703744934
6000000015703755935
6000000015704383521
6000000015704383613
6000000015704433152
6000000015704442040
6000000015704458283
6000000015734196183
6000000015761783280
6000000015761797710
6000000015774191885
6000000015774379434
6000000015779093053
6000000015830054456
6000000015865007418
6000000015865160203
6000000015865192037
6000000015865497999
6000000015865500800
6000000015865610072
6000000015866651490
6000000015874278304
6000000015877088463
6000000015877402859
6000000015877512052
6000000015877541002
6000000015887966686
6000000015897720797
6000000015897932099
6000000015905153208
6000000015905193002
6000000015915598872
6000000015927225903
6000000015927353361
6000000015927456161
6000000015927933633
6000000015928075202
6000000015929951866
6000000015939666096
6000000015974805364
6000000015997044955
6000000015997094723
6000000015997166828
6000000015997368939
6000000015997419432
6000000016130285760
6000000016130429382
6000000016146113222
6000000016157322937
6000000016157463535
6000000016157578843
6000000016157583836
6000000016157596832
6000000016157610661
6000000016159611801
6000000016159741394
6000000016159787540
6000000016179472802
6000000016203425682
6000000016204182632
6000000016204595851
6000000016205016069
6000000016218882335
6000000016219086808
6000000016266976601
6000000016273256658
6000000016280373785
6000000016280774830
6000000016292106148
6000000016292187787
6000000016292256022
6000000016292445271
6000000016302890477
6000000016336446646
6000000016336452695
6000000016336566452
6000000016336573989
6000000016336659691
6000000016336672012
6000000016336716144
6000000016351914691
6000000016351925390
6000000016351943180
6000000016420962302
6000000016436738199
6000000016457865823
6000000016465567525
6000000016465658984
6000000016465700842
6000000016465754328
6000000016499628741
6000000016509672215
6000000016510510872
6000000016510588673
6000000016520595731
6000000016520606807
6000000016521311668
6000000016521545655
6000000016521651173
6000000016521671062
6000000016521689001
6000000016531249967
6000000016531714625
6000000016531943024
6000000016532014985
6000000016532597195
6000000016542997395
6000000016543041278
6000000016543042217
6000000016543060538
6000000016543063101
6000000016543072257
6000000016543108048
6000000016543363556
6000000016543616311
6000000016545977241
6000000016577288137
6000000016577423511
6000000016577425284
6000000016585786371
6000000016631816319
6000000016643223936
6000000016664489050
6000000016672230887
6000000016673401276
6000000016673781563
6000000016676060788
6000000016676811898
6000000016681045656
6000000016755831881
6000000016755839756
6000000016755995142
6000000016775678071
6000000016785470941
6000000016785755065
6000000016840944642
6000000016841005367
6000000016855341287
6000000016855363670
6000000016855393570
6000000016855427641
6000000016855466348
6000000016855470336
6000000016855712044
6000000016856336041
6000000016856370327
6000000016856398209
6000000016894770876
6000000016894922203
6000000016913545296
6000000016939444717
6000000016939514580
6000000016951635972
6000000017001074050
6000000017006900991
6000000017056005145
6000000017064354539
6000000017064918209
6000000017065172073
6000000017065245015
6000000017089963214
6000000017090031167
6000000017090039172
6000000017090505515
6000000017090604538
6000000017090604541
6000000017090604544
6000000017090604547
6000000017090695044
6000000017090993377
6000000017103759558
6000000017105633577
6000000017105956478
6000000017106014509
6000000017106046203
6000000017123963779
6000000017124323534
6000000017124459773
6000000017124734182
6000000017124746214
6000000017139288449
6000000017154647567
6000000017157325514
6000000017157603658
6000000017157744170
6000000017157815259
6000000017167641338
6000000017168025719
6000000017168110547
6000000017168676096
6000000017168691123
6000000017183826294
6000000017183914640
6000000017183978078
6000000017215114829
6000000017215319605
6000000017223255844
6000000017251261882
6000000017251265894
6000000017266829980
6000000017267061794
6000000017267257051
6000000017268050508
6000000017272624163
6000000017272645379
6000000017272727061
6000000017273091297
6000000017273283047
6000000017274139588
6000000017274208807
6000000017274455089
6000000017280213764
6000000017286913188
6000000017316472706
6000000017317156771
6000000017317221210
6000000017328116906
6000000017345005982
6000000017345240858
6000000017345322942
6000000017345367874
6000000017345367924
6000000017345382784
6000000017345427739
6000000017345462794
6000000017345481881
6000000017345483341
6000000017345491806
6000000017345499594
6000000017345526470
6000000017345527137
6000000017345531315
6000000017345542354
6000000017345552222
6000000017345559189
6000000017345563234
6000000017345576376
6000000017345592270
6000000017345592316
6000000017345614182
6000000017345617094
6000000017345637220
6000000017345667060
6000000017345669014
6000000017345724038
6000000017368354981
6000000017368501606
6000000017368780307
6000000017368941856
6000000017369088444
6000000017369173311
6000000017371358531
6000000017371728765
6000000017395536132
6000000017399378555
6000000017400542210
6000000017408086057
6000000017518630825
6000000017518798537
6000000017519088805
6000000017519364435
6000000017548386276
6000000017548529455
6000000017548581271
6000000017548669366
6000000017549072777
6000000017549298217
6000000017577651726
6000000017577715397
6000000017577852280
6000000017578848403
6000000017578985265
6000000017579041058
6000000017604434419
6000000017607053134
6000000017609489319
6000000017618274904
6000000017619145342
6000000017637178231
6000000017643128426
6000000017643334019
6000000017666587821
6000000017667048531
6000000017667331082
6000000017710447088
6000000017710753101
6000000017710995623
6000000017719682610
6000000017719983809
6000000017720099033
6000000017720270852
6000000017720431963
6000000017720506557
6000000017720577343
6000000017720697647
6000000017720968667
6000000017721602042
6000000017739093706
6000000017739607446
6000000017768727977
6000000017768982321
6000000017787994749
6000000017787995925
6000000017788012661
6000000017788100761
6000000017788344914
6000000017788403613
6000000017788405597
6000000017788525222
6000000017788525324
6000000017788539224
6000000017788565418
6000000017788589336
6000000017826775576
6000000017830707723
6000000017832259395
6000000017835669315
6000000017836987750
6000000017845019793
6000000017853496072
6000000017857157232
6000000017857727516
6000000017877840480
6000000017878111414
6000000017899486457
6000000017900231218
6000000017907193551
6000000017907620183
6000000017908676482
6000000017938403812
6000000017938446608
6000000017938537380
6000000017938538848
6000000017938662569
6000000017938967515
6000000017946074456
6000000017947709180
6000000017947719648
6000000017953898850
6000000017954054433
6000000017954090576
6000000017954336173
6000000017954550468
6000000017962275989
6000000017962940231
6000000017964482796
6000000017964731987
6000000017964809475
6000000017964979358
6000000017964994223
6000000017965148000
6000000017966974194
6000000018004839045
6000000018005434336
6000000018005621248
6000000018011537799
6000000018012324378
6000000018021631171
6000000018051998366
6000000018052191080
6000000018052247208
6000000018087787975
6000000018115994936
6000000018116037820
6000000018116098857
6000000018116181692
6000000018116184635
6000000018116207604
6000000018116233546
6000000018116354547
6000000018116432651
6000000018116456261
6000000018116456341
6000000018116477157
6000000018204296568
6000000018204545510
6000000018204568417
6000000018221807243
6000000018221930054
6000000018252248994
6000000018252767491
6000000018252782300
6000000018253035037
6000000018300990628
6000000018305203645
6000000018306215235
6000000018306267295
6000000018316413406
6000000018349238366
6000000018398366229
6000000018417219351
6000000018521932817
6000000018522794332
6000000018523071087
6000000018523083267
6000000018523335128
6000000018523630070
6000000018545960729
6000000018547589618
6000000018614661205
6000000018634451986
6000000018635607644
6000000018635637712
6000000018635708600
6000000018650095540
6000000018664997694
6000000018665220439
6000000018665485118
6000000018671362920
6000000018740548036
6000000018792580243
6000000018792783257
6000000018806025398
6000000018807746711
6000000018807977981
6000000018807990525
6000000018814000611
6000000018814274917
6000000018814365848
6000000018814483230
6000000018816470031
6000000018818654515
6000000018819610777
6000000018822114656
6000000018822388719
6000000018822661335
6000000018822734370
6000000018824694336
6000000018842379138
6000000018842419799
6000000018843020699
6000000018843057934
6000000018843364768
6000000018843746042
6000000018845002887
6000000018861033447
6000000018861085165
6000000018861479964
6000000018861511219
6000000018891510381
6000000018891579521
6000000018891625410
6000000018891655400
6000000018901260343
6000000018906539146
6000000018906971706
6000000018907597016
6000000018916496856
6000000018920238047
6000000018922105921
6000000018922119846
6000000018930038154
6000000018938129523
6000000018945455877
6000000018946237593
6000000018946704028
6000000018947137321
6000000018959746320
6000000018963349722
6000000018968058816
6000000018979040682
6000000019003939610
6000000019004350358
6000000019004428776
6000000019004457185
6000000019023961245
6000000019034775650
6000000019034805673
6000000019034946551
6000000019035021172
6000000019035216096
6000000019056174549
6000000019056590074
6000000019060215290
6000000019060231252
6000000019060271158
6000000019060320348
6000000019060323222
6000000019060351295
6000000019067738980
6000000019068095498
6000000019072583876
6000000019072659265
6000000019072720570
6000000019072740457
6000000019072824145
6000000019072997968
6000000019073013862
6000000019073296739
6000000019073514331
6000000019073552213
6000000019082722998
6000000019105542258
6000000019105555455
6000000019157892607
6000000019160508651
6000000019160728134
6000000019164354558
6000000019214111121
6000000019221400975
6000000019221400985
6000000019221420875
6000000019242181996
6000000019242284354
6000000019242834382
6000000019242862980
6000000019242944738
6000000019243007211
6000000019243031515
6000000019243091145
6000000019243149112
6000000019243229041
6000000019251854810
6000000019252387603
6000000019252656356
6000000019252763151
6000000019252763270
6000000019255414513
6000000019269244782
6000000019269380659
6000000019269382413
6000000019269612468
6000000019269923059
6000000019282443216
6000000019296205854
6000000019310914824
6000000019325955761
6000000019326195306
6000000019327350837
6000000019328228152
6000000019328458121
6000000019334216348
6000000019342165314
6000000019342808765
6000000019344792912
6000000019344812616
6000000019344979951
6000000019345000274
6000000019345193073
6000000019345772102
6000000019352803767
6000000019356957848
6000000019358340267
6000000019358701819
6000000019402400142
6000000019402410185
6000000019402466940
6000000019402469260
6000000019402474960
6000000019402494760
6000000019402499419
6000000019402503489
6000000019402515857
6000000019402542392
6000000019402554851
6000000019402565613
6000000019402568917
6000000019402568938
6000000019402610526
6000000019402617501
6000000019402619527
6000000019402619546
6000000019402626529
6000000019402633506
6000000019402649349
6000000019402656695
6000000019402673642
6000000019402702522
6000000019402753983
6000000019402754833
6000000019402801381
6000000019402802326
6000000019402805192
6000000019402805608
6000000019402808207
6000000019402815988
6000000019402819273
6000000019402829069
6000000019402829634
6000000019402829762
6000000019402847192
6000000019402852113
6000000019402859315
6000000019402862063
6000000019402863363
6000000019402866091
6000000019402874047
6000000019402881030
6000000019402882368
6000000019402920194
6000000019402925048
6000000019402946019
6000000019444836286
6000000019450627334
6000000019453658530
6000000019454068325
6000000019454351351
6000000019454362786
6000000019458449590
6000000019458965685
6000000019459238863
6000000019459319275
6000000019459424477
6000000019459552759
6000000019459680063
6000000019459698488
6000000019459756746
6000000019459756758
6000000019459773306
6000000019459854230
6000000019459878161
6000000019459919097
6000000019459924115
6000000019459943726
6000000019460038897
6000000019460068090
6000000019460072018
6000000019460357141
6000000019460397876
6000000019460597914
6000000019460619356
6000000019460767332
6000000019460989028
6000000019461008029
6000000019461015034
6000000019461408514
6000000019461610567
6000000019461789235
6000000019462428835
6000000019462879382
6000000019464700508
6000000019465855250
6000000019465968041
6000000019472200917
6000000019472200921
6000000019472200925
6000000019472287844
6000000019472287849
6000000019472304568
6000000019472304579
6000000019472304584
6000000019472335010
6000000019472354809
6000000019472354820
6000000019472383005
6000000019472383011
6000000019472383016
6000000019484955789
6000000019485111295
6000000019508602929
6000000019538732767
6000000019568419645
6000000019568419712
6000000019574471496
6000000019576189091
6000000019578773171
6000000019578933047
6000000019587379470
6000000019590582660
6000000019590652536
6000000019590831102
6000000019592741952
6000000019596984669
6000000019597002614
6000000019597062418
6000000019610711054
6000000019616115709
6000000019657745364
6000000019657892087
6000000019658252274
6000000019674674894
6000000019678753694
6000000019678791223
6000000019679154012
6000000019679529235
6000000019680519083
6000000019709170594
6000000019709220659
6000000019711811501
6000000019735222461
6000000019751078014
6000000019762632430
6000000019762640931
6000000019762816082
6000000019762902787
6000000019792760639
6000000019807027265
6000000019819914585
6000000019822702376
6000000019822750738
6000000019824074771
6000000019824150299
6000000019868232952
6000000019868664046
6000000019869178260
6000000019883480767
6000000019893401369
6000000019893624288
6000000019952546249
6000000019952665404
6000000019953883919
6000000019965206878
6000000019965224733
6000000019965598438
6000000019965617185
6000000019965661079
6000000019965709471
6000000019971228921
6000000019971331588
6000000019971440851
6000000019972080504
6000000019972091259
6000000019972997868
6000000019975787724
6000000019979181668
6000000019988086689
6000000019988115743
6000000019988319502
6000000019989484154
6000000019990373565
6000000019993940010
6000000020006082359
6000000020006561038
6000000020014344484
6000000020014673134
6000000020014886130
6000000020017962925
6000000020018855398
6000000020018877678
6000000020019088494
6000000020020997012
6000000020021396668
6000000020021473487
6000000020021493612
6000000020021527475
6000000020021685155
6000000020021702025
6000000020021707047
6000000020021747020
6000000020021850328
6000000020021902999
6000000020021965233
6000000020022021312
6000000020022150011
6000000020023075182
6000000020023123018
6000000020023154024
6000000020028973887
6000000020031184414
6000000020031317083
6000000020090894938
6000000020094485164
6000000020113447838
6000000020124725544
6000000020125526024
6000000020128148622
6000000020153293120
6000000020154306284
6000000020166940435
6000000020167119361
6000000020167287312
6000000020170701871
6000000020173983776
6000000020174880382
6000000020175299358
6000000020175644584
6000000020175940297
6000000020176145954
6000000020176409405
6000000020176662792
6000000020176824104
6000000020179594646
6000000020179720840
6000000020179773892
6000000020179867904
6000000020180039208
6000000020180148835
6000000020197717837
6000000020205014034
6000000020212239891
6000000020212239896
6000000020212239901
6000000020212239907
6000000020212239917
6000000020212239922
6000000020212400079
6000000020219751418
6000000020219844960
6000000020219857005
6000000020219912837
6000000020220251467
6000000020220380162
6000000020220405002
6000000020220485249
6000000020220715868
6000000020220749576
6000000020221330381
6000000020221450352
6000000020221796301
6000000020241095028
6000000020243108656
6000000020243653841
6000000020243684303
6000000020243725101
6000000020248695448
6000000020248767148
6000000020248929826
6000000020249240140
6000000020249348608
6000000020249413743
6000000020249549512
6000000020249577206
6000000020249719953
6000000020249755987
6000000020267510570
6000000020267875679
6000000020268466890
6000000020272666685
6000000020276848231
6000000020276888436
6000000020277177978
6000000020330301542
6000000020330415744
6000000020330439551
6000000020330463534
6000000020330549393
6000000020330552404
6000000020330593281
6000000020330596078
6000000020330625254
6000000020330626319
6000000020330703803
6000000020337367649
6000000020337551749
6000000020337559268
6000000020337964232
6000000020338005124
6000000020338041895
6000000020338053410
6000000020338066820
6000000020338115857
6000000020359550620
6000000020359561272
6000000020359563657
6000000020359564519
6000000020359710242
6000000020359886765
6000000020359956967
6000000020359993521
6000000020360140818
6000000020372922489
6000000020372962815
6000000020373095234
6000000020373484164
6000000020373556044
6000000020445546842
6000000020445755216
6000000020455111569
6000000020455137135
6000000020455668198
6000000020457910267
6000000020457963146
6000000020519919571
6000000020519937768
6000000020546933118
6000000020576958944
6000000020577112587
6000000020577170580
6000000020577189374
6000000020581873909
6000000020589713449
6000000020589813538
6000000020589961034
6000000020624330969
6000000020624362190
6000000020624523833
6000000020628495220
6000000020785761426
6000000020868456997
6000000020920785813
6000000020947655521
6000000020948027317
6000000020948163263
6000000020948221174
6000000020948231447
6000000020948277243
6000000020948519753
6000000020948714279
6000000020958260844
6000000020958266830
6000000020975419768
6000000020989504736
6000000020989764681
6000000020989788389
6000000021177906906
6000000021178532880
6000000021236660145
6000000021237218426
6000000021237356739
6000000021237415393
6000000021237446575
6000000021237459510
6000000021237536458
6000000021237569246
6000000021237575431
6000000021237732837
6000000021247287428
6000000021288522412
6000000021288889873
6000000021317711301
6000000021412765269
6000000021438831557
6000000021439098253
6000000021484968813
6000000021486918190
6000000021486927544
6000000021488493284
6000000021492916494
6000000021493216895
6000000021503638564
6000000021503638572
6000000021503638576
6000000021504001534
6000000021504532904
6000000021504742159
6000000021505057439
6000000021505064335
6000000021505267159
6000000021505285308
6000000021505334178
6000000021505346050
6000000021505349103
6000000021505377006
6000000021505419976
6000000021505452860
6000000021505465899
6000000021532561777
6000000021548800374
6000000021549742552
6000000021554847811
6000000021555527697
6000000021557088404
6000000021557139449
6000000021595787985
6000000021595919277
6000000021606615430
6000000021637463086
6000000021661075484
6000000021661098644
6000000021661654826
6000000021665410212
6000000021675201639
6000000021675467228
6000000021675719921
6000000021702337582
6000000021745593559
6000000021745748271
6000000021745983960
6000000021746086821
6000000021753295843
6000000021834635260
6000000021877533070
6000000021878149294
6000000021878788978
6000000021932957877
6000000021939031579
6000000021939210268
6000000021939499538
6000000021991055564
6000000021996977379
6000000022019349070
6000000022019401967
6000000022019609547
6000000022040317623
6000000022040592365
6000000022040626288
6000000022040635146
6000000022173175688
6000000022278403653
6000000022278522085
6000000022305110349
6000000022333030325
6000000022350574277
6000000022350658397
6000000022351448836
6000000022362864995
6000000022365348644
6000000022365402569
6000000022365408510
6000000022365446624
6000000022365454564
6000000022365633979
6000000022365658087
6000000022365659895
6000000022377468553
6000000022377468558
6000000022377468569
6000000022392979295
6000000022396231186
6000000022453623160
6000000022454330478
6000000022454379013
6000000022454518934
6000000022468854381
6000000022468867681
6000000022469245983
6000000022501298752
6000000022501512865
6000000022501543045
6000000022501552991
6000000022501567152
6000000022554316405
6000000022642350937
6000000022700621687
6000000022700703332
6000000022700750126
6000000022700800637
6000000022700812491
6000000022705245196
6000000022758387732
6000000022781443633
6000000022781564501
6000000022781799960
6000000022781859853
6000000022810232484
6000000022810388241
6000000022810391383
6000000022810465509
6000000022810550384
6000000022810840477
6000000022810855890
6000000022810858559
6000000022811121390
6000000022811256018
6000000022905211030
6000000022932138827
6000000023076229752
6000000023076463583
6000000023076800097
6000000023076872201
6000000023076912060
6000000023077062092
6000000023077102977
6000000023077135844
6000000023112241763
6000000023176205419
6000000023176682876
6000000023184991051
6000000023187312804
6000000023187507792
6000000023187758550
6000000023187983149
6000000023188088146
6000000023188180151
6000000023188370823
6000000023188393941
6000000023206004850
6000000023209439834
6000000023214526022
6000000023228365154
6000000023237487845
6000000023237731456
6000000023237987121
6000000023238042302
6000000023238042308
6000000023238218906
6000000023252297479
6000000023262827738
6000000023263355338
6000000023263654271
6000000023358790808
6000000023496780429
6000000023555129153
6000000023555374912
6000000023623001338
6000000023686514235
6000000023686909854
6000000023699723620
6000000023700106531
6000000023700289621
6000000023700319255
6000000023728837815
6000000023757524456
6000000023777594717
6000000023785593781
6000000023785676713
6000000023785711886
6000000023785717956
6000000023785757615
6000000023785758358
6000000023785771466
6000000023785821492
6000000023785828981
6000000023785831404
6000000023785937574
6000000023786055870
6000000023786061978
6000000023786076985
6000000023786109000
6000000023786199841
6000000023813074081
6000000023827226705
6000000023827922887
6000000023883576552
6000000023883737690
6000000023884095316
6000000023896472652
6000000023896594650
6000000023896633373
6000000023896701452
6000000023896806151
6000000023896815386
6000000023896842919
6000000023910787488
6000000023910851923
6000000023910854111
6000000023910867944
6000000023911146102
6000000023911241078
6000000023911322660
6000000023911858679
6000000023911922439
6000000023937986594
6000000023966727871
6000000023979687905
6000000024050136636
6000000024050283684
6000000024050305641
6000000024050476390
6000000024050555174
6000000024050718051
6000000024050756977
6000000024050801124
6000000024050818893
6000000024064538044
6000000024064629448
6000000024064647998
6000000024089926869
6000000024105821132
6000000024106042987
6000000024145270770
6000000024146014018
6000000024146197873
6000000024160127110
6000000024184498402
6000000024184529712
6000000024198350685
6000000024212130548
6000000024212231182
6000000024212277724
6000000024212354234
6000000024212393158
6000000024239768107
6000000024282042484
6000000024282359381
6000000024294437781
6000000024294746242
6000000024294759295
6000000024294764493
6000000024294853506
6000000024294948795
6000000024295001993
6000000024295063467
6000000024295226050
6000000024295291030
6000000024332914679
6000000024333059442
6000000024333071008
6000000024333144948
6000000024333200043
6000000024333240848
6000000024333241901
6000000024333243824
6000000024374846787
6000000024374877681
6000000024374890682
6000000024375006785
6000000024375080386
6000000024375158970
6000000024375229932
6000000024375272910
6000000024375302856
6000000024389775810
6000000024389942631
6000000024389987568
6000000024390364976
6000000024420210994
6000000024420235762
6000000024420333493
6000000024420352634
6000000024420377920
6000000024420587060
6000000024447372936
6000000024476559026
6000000024476585203
6000000024568797124
6000000024570603548
6000000024570723795
6000000024570744317
6000000024570759297
6000000024570887291
6000000024570960255
6000000024570962290
6000000024570967033
6000000024570978012
6000000024570988518
6000000024571002502
6000000024571007253
6000000024571042854
6000000024571061196
6000000024571063848
6000000024571073973
6000000024571089828
6000000024571102352
6000000024571109097
6000000024571128916
6000000024571167220
6000000024571276199
6000000024571277027
6000000024571299902
6000000024598031929
6000000024629840108
6000000024630218101
6000000024666673833
6000000024669438711
6000000024669658976
6000000024669931875
6000000024685098929
6000000024685116066
6000000024685381186
6000000024729311660
6000000024730000979
6000000024787864780
6000000024802690210
6000000024951001542
6000000024961162621
6000000024961162625
6000000024961299157
6000000024962200207
6000000025036359848
6000000025036386957
6000000025036395928
6000000025036464929
6000000025036538821
6000000025083546554
6000000025086415904
6000000025140522481
6000000025157612780
6000000025167130993
6000000025171519552
6000000025203997294
6000000025204738951
6000000025219616866
6000000025228103805
6000000025228335660
6000000025228350808
6000000025228365448
6000000025228404591
6000000025228412535
6000000025228502388
6000000025228726043
6000000025228736474
6000000025228820149
6000000025228934925
6000000025228951154
6000000025228958967
6000000025229065872
6000000025258720745
6000000025258912260
6000000025259168136
6000000025293063051
6000000025312925127
6000000025329438633
6000000025329584072
6000000025329596295
6000000025329848262
6000000025329936865
6000000025330072932
6000000025350213564
6000000025350394036
6000000025357901823
6000000025358346311
6000000025364039149
6000000025387602200
6000000025387772186
6000000025403046111
6000000025415900464
6000000025416168817
6000000025416261305
6000000025416619421
6000000025438102812
6000000025439191499
6000000025439469386
6000000025440365024
6000000025440517003
6000000025455445675
6000000025455673757
6000000025456174546
6000000025456337406
6000000025456466932
6000000025498703561
6000000025498834445
6000000025498984953
6000000025513861237
6000000025514079376
6000000025514183305
6000000025514303218
6000000025514535217
6000000025514585033
6000000025550560045
6000000025567488016
6000000025567509632
6000000025567520278
6000000025567550162
6000000025567577405
6000000025567581515
6000000025567592311
6000000025567613772
6000000025567624424
6000000025567643440
6000000025567651125
6000000025567662296
6000000025567674139
6000000025567702176
6000000025567713067
6000000025567757096
6000000025567761107
6000000025567778090
6000000025568314872
6000000025568467898
6000000025570250802
6000000025570252950
6000000025580190759
6000000025584152259
6000000025598172531
6000000025599207903
6000000025600148902
6000000025606142796
6000000025606409533
6000000025609542975
6000000025620261856
6000000025620422875
6000000025620455735
6000000025652947243
6000000025672994105
6000000025673395076
6000000025673804003
6000000025673836110
6000000025673926824
6000000025708788603
6000000025739182624
6000000025739719288
6000000025739819685
6000000025739903438
6000000025740069996
6000000025757252640
6000000025757508075
6000000025757541104
6000000025757579394
6000000025768392352
6000000025769635939
6000000025793915744
6000000025794625995
6000000025795176894
6000000025863822740
6000000025864584484
6000000025864626351
6000000025864703421
6000000025864706542
6000000025864722292
6000000025864746384
6000000025864752314
6000000025864789975
6000000025864987868
6000000025903244374
6000000025903981482
6000000025904071988
6000000025905054727
6000000025915404464
6000000025915653261
6000000025915695169
6000000025915965823
6000000025916231644
6000000025927190538
6000000025927719629
6000000025928240013
6000000025928324823
6000000026041975885
6000000026042900373
6000000026050296876
6000000026054411155
6000000026054447295
6000000026054529040
6000000026054578072
6000000026054625701
6000000026054639545
6000000026054650064
6000000026054882461
6000000026070043004
6000000026078177501
6000000026078345047
6000000026078368957
6000000026106675590
6000000026130338786
6000000026130397399
6000000026130595627
6000000026130604750
6000000026130920333
6000000026131151774
6000000026131153742
6000000026131173744
6000000026131208772
6000000026131208777
6000000026131208787
6000000026131208792
6000000026131208797
6000000026131228972
6000000026131280696
6000000026131322112
6000000026131363951
6000000026131432904
6000000026131447990
6000000026131470970
6000000026131515886
6000000026151392508
6000000026151402758
6000000026151505691
6000000026151525435
6000000026151550188
6000000026151550235
6000000026151576341
6000000026151690143
6000000026151698034
6000000026151759159
6000000026151791862
6000000026152594747
6000000026152750289
6000000026152785420
6000000026152823661
6000000026152824443
6000000026153034521
6000000026154824157
6000000026155724242
6000000026156636190
6000000026157029939
6000000026157369853
6000000026159299388
6000000026159466066
6000000026175763574
6000000026175866548
6000000026179048303
6000000026179082471
6000000026179105594
6000000026179437470
6000000026179461914
6000000026179748220
6000000026186993230
6000000026192915355
6000000026193112322
6000000026200350857
6000000026200490309
6000000026258335459
6000000026261714334
6000000026262060786
6000000026263744123
6000000026263921224
6000000026267109035
6000000026269840635
6000000026269916524
6000000026270061156
6000000026270139136
6000000026270246400
6000000026270262376
6000000026270303165
6000000026270402096
6000000026270446941
6000000026272828786
6000000026280942745
6000000026286803399
6000000026310852014
6000000026313012210
6000000026313012216
6000000026313102471
6000000026313102477
6000000026313102519
6000000026313136230
6000000026313136235
6000000026313136240
6000000026313136245
6000000026327768338
6000000026328224062
6000000026377879621
6000000026381203775
6000000026381804373
6000000026381822478
6000000026381948901
6000000026382349343
6000000026382431513
6000000026382487003
6000000026392346541
6000000026392573617
6000000026392844620
6000000026392884379
6000000026392904892
6000000026392959377
6000000026393011022
6000000026393066983
6000000026393110850
6000000026504793790
6000000026504875775
6000000026504913696
6000000026504924798
6000000026505018402
6000000026505076237
6000000026505283711
6000000026505303098
6000000026505360908
6000000026505367193
6000000026505369488
6000000026505446960
6000000026523663479
6000000026537463398
6000000026537817256
6000000026537960848
6000000026538262420
6000000026587446614
6000000026615932074
6000000026617238579
6000000026621352415
6000000026621575532
6000000026636713576
6000000026636774639
6000000026636826178
6000000026636888384
6000000026637246904
6000000026637318907
6000000026680471301
6000000026680780938
6000000026730367295
6000000026732392629
6000000026732675500
6000000026733142801
6000000026733195452
6000000026733240715
6000000026733261454
6000000026733428201
6000000026733451683
6000000026733485455
6000000026733502501
6000000026733560326
6000000026733565122
6000000026733565550
6000000026733603145
6000000026733613665
6000000026733679956
6000000026733730175
6000000026748857592
6000000026749009727
6000000026749010785
6000000026749696915
6000000026749731877
6000000026763384502
6000000026763828070
6000000026797463219
6000000026854414657
6000000026854553722
6000000026854624518
6000000026854626753
6000000026892533663
6000000026939211483
6000000026956670177
6000000026956675682
6000000026956729218
6000000026956744158
6000000026956779454
6000000026956875291
6000000026956964324
6000000026957032152
6000000026983863667
6000000026996819337
6000000026996931113
6000000026997081391
6000000026997122968
6000000026997131954
6000000026997206014
6000000026997308942
6000000027005106586
6000000027005208204
6000000027005933524
6000000027006001298
6000000027006085763
6000000027087492587
6000000027103823809
6000000027104666877
6000000027105811434
6000000027106071927
6000000027146604647
6000000027146863758
6000000027146894486
6000000027146944779
6000000027146951298
6000000027147013535
6000000027147051302
6000000027147069292
6000000027147082818
6000000027147090092
6000000027147102743
6000000027147147183
6000000027147151435
6000000027147157912
6000000027147179126
6000000027147211962
6000000027147234693
6000000027147261842
6000000027147263186
6000000027147322023
6000000027147457254
6000000027147512694
6000000027147585396
6000000027147627775
6000000027147770277
6000000027147972858
6000000027195614997
6000000027195689102
6000000027211181813
6000000027211402304
6000000027211458173
6000000027211545484
6000000027211825479
6000000027211861182
6000000027211920722
6000000027211969930
6000000027212007715
6000000027212044411
6000000027212320901
6000000027215956648
6000000027216291550
6000000027216373516
6000000027216413057
6000000027216468436
6000000027216553177
6000000027216557351
6000000027216566138
6000000027216569636
6000000027216630140
6000000027216689013
6000000027216805993
6000000027216814844
6000000027217149357
6000000027217372883
6000000027217373627
6000000027217433089
6000000027217496987
6000000027218444906
6000000027218462339
6000000027218499099
6000000027218535440
6000000027218575054
6000000027218588092
6000000027218622174
6000000027218626440
6000000027218631067
6000000027218631097
6000000027218647006
6000000027218679001
6000000027259371462
6000000027313602751
6000000027329419250
6000000027329605236
6000000027334673222
6000000027345755419
6000000027346213834
6000000027346467804
6000000027347038318
6000000027347307047
6000000027347398515
6000000027347518920
6000000027362159807
6000000027362331206
6000000027365360455
6000000027365825823
6000000027368605899
6000000027371437644
6000000027371534470
6000000027371566756
6000000027372511328
6000000027372880630
6000000027373067506
6000000027373427532
6000000027374402231
6000000027374403198
6000000027374473034
6000000027374498037
6000000027374546853
6000000027375918161
6000000027376087794
6000000027413747069
6000000027413768153
6000000027420870622
6000000027420986251
6000000027421161887
6000000027470714131
6000000027470769950
6000000027491487554
6000000027510019362
6000000027510058905
6000000027510500032
6000000027520586379
6000000027520586384
6000000027520778315
6000000027524866128
6000000027544023264
6000000027544134343
6000000027556843599
6000000027557209550
6000000027558095647
6000000027558403653
6000000027558647968
6000000027595872124
6000000027596813110
6000000027611970648
6000000027613576671
6000000027613705436
6000000027613742380
6000000027613841954
6000000027626979522
6000000027627091198
6000000027630396632
6000000027630598669
6000000027630614629
6000000027646408946
6000000027646471473
6000000027646999914
6000000027710846190
6000000027710936143
6000000027710936149
6000000027720867953
6000000027725681799
6000000027726668459
6000000027746343154
6000000027757046974
6000000027822553382
6000000027988788077
6000000028010509677
6000000028010684340
6000000028010684345
6000000028010684350
6000000028010684355
6000000028010684360
6000000028010684365
6000000028010684370
6000000028010684375
6000000028010684380
6000000028010807397
6000000028010807402
6000000028010807407
6000000028010807412
6000000028041909016
6000000028084225299
6000000028084374011
6000000028085287757
6000000028085551071
6000000028098260360
6000000028098307983
6000000028098880139
6000000028171400454
6000000028171953602
6000000028173994138
6000000028174139946
6000000028189369376
6000000028189437431
6000000028206321411
6000000028216114348
6000000028228747552
6000000028228936955
6000000028228993006
6000000028263295704
6000000028263477808
6000000028264975371
6000000028396273589
6000000028396487684
6000000028396656863
6000000028483190378
6000000028504936893
6000000028525530069
6000000028543441733
6000000028543676044
6000000028545804161
6000000028589661346
6000000028612056716
6000000028627779953
6000000028628160035
6000000028628571538
6000000028779090522
6000000028837820984
6000000028853765507
6000000028854151703
6000000028854194223
6000000028854307357
6000000028871161922
6000000028871171161
6000000028871235641
6000000028871287025
6000000028871314934
6000000028871332916
6000000028871352924
6000000028871375899
6000000028871407916
6000000028891656034
6000000028938887695
6000000028948357329
6000000028948519140
6000000028973282089
6000000028995789749
6000000028996359242
6000000029081585551
6000000029108801129
6000000029206730404
6000000029245441268
6000000029245734880
6000000029247057122
6000000029247179842
6000000029247548501
6000000029247704016
6000000029247795921
6000000029247837862
6000000029248875054
6000000029266395589
6000000029266553406
6000000029266575424
6000000029266622520
6000000029266716825
6000000029266767906
6000000029266807857
6000000029267272618
6000000029267364080
6000000029278750175
6000000029283707823
6000000029283763165
6000000029286618835
6000000029288877647
6000000029289865859
6000000029303723296
6000000029307231675
6000000029341790145
6000000029342094195
6000000029343140054
6000000029343192956
6000000029367702998
6000000029494718410
6000000029494778927
6000000029496809862
6000000029512414934
6000000029512753047
6000000029512881643
6000000029512927173
6000000029517406030
6000000029538903467
6000000029539217165
6000000029559595756
6000000029576516116
6000000029582253478
6000000029603441520
6000000029603557343
6000000029663874044
6000000029664099962
6000000029761937806
6000000029762641104
6000000029882055758
6000000029906360958
6000000029939269261
6000000029941723488
6000000029941866765
6000000030027620786
6000000030027840799
6000000030027876648
6000000030027972482
6000000030027992189
6000000030028144981
6000000030028157020
6000000030028180000
6000000030028527615
6000000030068172942
6000000030068218100
6000000030068245880
6000000030103022301
6000000030103097182
6000000030142464767
6000000030165662657
6000000030191856699
6000000030209130443
6000000030209303984
6000000030209821391
6000000030210090841
6000000030212487253
6000000030228545248
6000000030231117997
6000000030255838138
6000000030258592569
6000000030263911622
6000000030264426464
6000000030394180893
6000000030459133319
6000000030468467857
6000000030476259583
6000000030488358994
6000000030512883125
6000000030549395785
6000000030549632148
6000000030550009854
6000000030572502991
6000000030578133541
6000000030579246964
6000000030579295823
6000000030598839968
6000000030598963289
6000000030603271725
6000000030603422723
6000000030603639676
6000000030603656606
6000000030603752198
6000000030603931245
6000000030603971120
6000000030604192307
6000000030662044073
6000000030662072038
6000000030662099907
6000000030663559955
6000000030672128086
6000000030687460847
6000000030692525805
6000000030694117075
6000000030694533616
6000000030694650250
6000000030694699733
6000000030694736543
6000000030695077043
6000000030695983044
6000000030755971725
6000000030756025742
6000000030756087785
6000000030756198719
6000000030756215733
6000000030756231932
6000000030756253190
6000000030756380180
6000000030756401992
6000000030762561892
6000000030778386253
6000000030778393257
6000000030778420149
6000000030778475005
6000000030778538869
6000000030848611252
6000000030848935130
6000000030849265049
6000000030849361045
6000000030849405923
6000000030854815093
6000000030883686460
6000000030883794190
6000000030883878003
6000000030883915023
6000000030885998376
6000000030886177367
6000000030886188062
6000000030886362931
6000000030908657596
6000000030908724459
6000000030908748381
6000000030908853255
6000000030908907304
6000000030908984998
6000000030909035941
6000000030909077879
6000000030909091927
6000000030999511768
6000000031000308389
6000000031000432978
6000000031000542889
6000000031000657837
6000000031004419055
6000000031011304890
6000000031011866757
6000000031013729732
6000000031023214838
6000000031033870980
6000000031034635418
6000000031052103910
6000000031052243607
6000000031052375348
6000000031052400486
6000000031052420166
6000000031052469113
6000000031052624830
6000000031053112554
6000000031055248992
6000000031100758511
6000000031101029135
6000000031125284213
6000000031125409033
6000000031126430949
6000000031126524888
6000000031162063726
6000000031162178605
6000000031162253593
6000000031162330301
6000000031162563190
6000000031164441772
6000000031164729182
6000000031164964524
6000000031181856698
6000000031185642590
6000000031185642601
6000000031185914068
6000000031186032245
6000000031186073037
6000000031186787393
6000000031186792230
6000000031186897158
6000000031186927156
6000000031186931841
6000000031186991018
6000000031187007969
6000000031187035961
6000000031187053872
6000000031201412817
6000000031201549380
6000000031208885256
6000000031208895198
6000000031208897185
6000000031208916212
6000000031208955979
6000000031209092833
6000000031209114342
6000000031209254198
6000000031209377138
6000000031246813355
6000000031246923207
6000000031246950466
6000000031247152889
6000000031321583978
6000000031322154844
6000000031324685271
6000000031351136439
6000000031353434439
6000000031353827001
6000000031355580252
6000000031356358016
6000000031367953458
6000000031370587600
6000000031370835186
6000000031371262716
6000000031371603197
6000000031371760880
6000000031371764867
6000000031393756214
6000000031393785119
6000000031393820210
6000000031394330541
6000000031394428203
6000000031394453203
6000000031395026557
6000000031395176290
6000000031395308929
6000000031399085661
6000000031399133735
6000000031399427318
6000000031399568153
6000000031399713965
6000000031402623487
6000000031404328833
6000000031404552847
6000000031404815884
6000000031404824894
6000000031440782183
6000000031440930927
6000000031441125517
6000000031639026150
6000000031679278555
6000000031685873722
6000000031685968489
6000000031756528249
6000000031756558400
6000000031756579250
6000000031756620219
6000000031756773520
6000000031756785887
6000000031756792112
6000000031756963355
6000000031756996156
6000000031757214883
6000000031757306867
6000000031780033172
6000000031810347895
6000000031828246287
6000000031828613395
6000000031828633120
6000000031828700222
6000000031854419523
6000000031879023799
6000000031879330322
6000000031879464070
6000000031879503119
6000000031879623280
6000000031879638898
6000000031879750033
6000000031879884658
6000000031926292965
6000000031937667550
6000000031992929155
6000000032013416735
6000000032014081189
6000000032014128890
6000000032014211001
6000000032014243871
6000000032015457780
6000000032016294900
6000000032065978124
6000000032170006618
6000000032170128401
6000000032170308111
6000000032170611840
6000000032202529908
6000000032202547356
6000000032376005914
6000000032380953870
6000000032399738388
6000000032400321455
6000000032436793421
6000000032446424593
6000000032467442226
6000000032480527304
6000000032480674264
6000000032579280606
6000000032588033026
6000000032588056871
6000000032608418709
6000000032608456584
6000000032608640163
6000000032608795821
6000000032608831966
6000000032649436639
6000000032678404258
6000000032704197577
6000000032705558481
6000000032705845932
6000000032706371877
6000000032753828751
6000000032753888737
6000000032754104084
6000000032754110248
6000000032754132053
6000000032754290829
6000000032796816734
6000000032796931424
6000000032796931434
6000000032796931444
6000000032796931449
6000000032797111469
6000000032797111474
6000000032797111479
6000000032797111484
6000000032797111489
6000000032797111494
6000000032797111499
6000000032797187148
6000000032797205228
6000000032797205233
6000000032797205243
6000000032797205248
6000000032798518995
6000000032799636809
6000000032799802432
6000000032800021178
6000000032800192992
6000000032800305927
6000000032800307927
6000000032800381478
6000000032800469895
6000000032800782408
6000000032800854269
6000000032801280821
6000000032804066460
6000000032804299130
6000000032822827982
6000000032822827992
6000000032822828002
6000000032823182114
6000000032823214271
6000000032823900532
6000000032823972776
6000000032824274122
6000000032916738247
6000000032916895136
6000000032916895141
6000000032941593835
6000000032955814397
6000000032978044454
6000000032978070307
6000000032979681275
6000000032982396734
6000000032982768597
6000000032982904973
6000000032982965366
6000000032983068055
6000000032983101957
6000000032983105313
6000000032983145054
6000000032983164914
6000000032983244928
6000000032983382378
6000000033018349065
6000000033067169864
6000000033082036064
6000000033132493362
6000000033133090843
6000000033139079064
6000000033146194887
6000000033197938977
6000000033199539062
6000000033248172638
6000000033248332548
6000000033248674516
6000000033248807357
6000000033249419066
6000000033249529924
6000000033249542942
6000000033249721835
6000000033267928791
6000000033267945083
6000000033267952303
6000000033268099596
6000000033268162491
6000000033268166413
6000000033268280286
6000000033268316072
6000000033268374877
6000000033268621821
6000000033294458083
6000000033294616918
6000000033294950417
6000000033295331822
6000000033295396941
6000000033304950784
6000000033312068348
6000000033337125238
6000000033357420243
6000000033357988847
6000000033390129550
6000000033390410465
6000000033390422671
6000000033391038920
6000000033391612891
6000000033400370905
6000000033400579845
6000000033442267501
6000000033443060047
6000000033443409940
6000000033444385446
6000000033444932296
6000000033467214989
6000000033471147894
6000000033473320454
6000000033473329348
6000000033473355745
6000000033473528106
6000000033473695136
6000000033473793087
6000000033473882046
6000000033474625571
6000000033475014297
6000000033475217270
6000000033475411132
6000000033476988451
6000000033524882000
6000000033570997149
6000000033571247923
6000000033643592377
6000000033643612350
6000000033643858954
6000000033643886965
6000000033643906965
6000000033644549702
6000000033668380860
6000000033675845237
6000000033676274162
6000000033678334024
6000000033795931117
6000000033805720327
6000000033806124364
6000000033832956758
6000000033838962052
6000000033864946011
6000000033920019774
6000000033920188584
6000000033920340401
6000000033920885139
6000000033920993912
6000000033930750281
6000000033943903287
6000000033946964622
6000000034021357429
6000000034022385502
6000000034022545753
6000000034022594007
6000000034022725201
6000000034022749247
6000000034022858871
6000000034022921359
6000000034023196849
6000000034024657487
6000000034024692665
6000000034025327084
6000000034033465262
6000000034033767074
6000000034084084804
6000000034084506788
6000000034084524431
6000000034084574255
6000000034084630389
6000000034084746564
6000000034085313979
6000000034085323832
6000000034122649690
6000000034143249455
6000000034165707194
6000000034189668955
6000000034196362003
6000000034218893472
6000000034219026426
6000000034219320075
6000000034219326211
6000000034225372535
6000000034225494142
6000000034225494147
6000000034225494152
6000000034226975069
6000000034227464856
6000000034271200033
6000000034273560370
6000000034273687036
6000000034273710192
6000000034273737097
6000000034273856963
6000000034302457576
6000000034303371081
6000000034314493306
6000000034320042328
6000000034374154016
6000000034374301844
6000000034461238942
6000000034501838504
6000000034501959524
6000000034502251157
6000000034502432908
6000000034563316474
6000000034563474153
6000000034597718154
6000000034599383844
6000000034609948699
6000000034610976911
6000000034610999906
6000000034611070844
6000000034611070863
6000000034635168941
6000000034647166903
6000000034682411500
6000000034732087153
6000000034734441536
6000000034734537045
6000000034734539264
6000000034734669113
6000000034734783067
6000000034734868013
6000000034931324412
6000000035083208529
6000000035083699965
6000000035083699970
6000000035083899536
6000000035084711997
6000000035084858024
6000000035091306444
6000000035094106583
6000000035094106588
6000000035107259673
6000000035107259678
6000000035107864991
6000000035108276117
6000000035117284372
6000000035117284378
6000000035117284384
6000000035120483499
6000000035120819936
6000000035121146321
6000000035121242355
6000000035121292894
6000000035121317844
6000000035121317849
6000000035121317854
6000000035121317859
6000000035121317864
6000000035121365103
6000000035121365108
6000000035121365113
6000000035121365118
6000000035121365123
6000000035121779931
6000000035121874558
6000000035122099577
6000000035122220389
6000000035122290465
6000000035122490014
6000000035122490019
6000000035122490024
6000000035122490029
6000000035122532358
6000000035122808091
6000000035141448075
6000000035194470749
6000000035195371999
6000000035200911156
6000000035225729807
6000000035229023961
6000000035230555513
6000000035236709710
6000000035246000051
6000000035246006168
6000000035246063036
6000000035293205404
6000000035294508571
6000000035294634372
6000000035303006530
6000000035303119454
6000000035311295625
6000000035311405231
6000000035311428301
6000000035311662883
6000000035312247759
6000000035312381648
6000000035312645279
6000000035325908596
6000000035326151242
6000000035329752056
6000000035369226267
6000000035369252476
6000000035399931105
6000000035400739427
6000000035404914881
6000000035420985385
6000000035445317313
6000000035461596450
6000000035462330826
6000000035463127245
6000000035464066653
6000000035464208526
6000000035464497043
6000000035464639705
6000000035464767324
6000000035478040168
6000000035478268953
6000000035478284925
6000000035481724879
6000000035502639212
6000000035502802039
6000000035524647076
6000000035530030698
6000000035540395963
6000000035541048230
6000000035551209373
6000000035552544175
6000000035571797583
6000000035664947077
6000000035683298955
6000000035686120582
6000000035686506069
6000000035686511037
6000000035686611955
6000000035686654916
6000000035734395087
6000000035746923092
6000000035845342748
6000000035845727172
6000000035874552302
6000000035874748099
6000000035875694113
6000000035948566131
6000000035992602532
6000000035992602648
6000000035993074088
6000000036004656873
6000000036004784703
6000000036004836971
6000000036006887393
6000000036006941174
6000000036006970673
6000000036007267394
6000000036007428142
6000000036008017833
6000000036008571911
6000000036008955027
6000000036011882132
6000000036024780142
6000000036024822212
6000000036024885906
6000000036091781695
6000000036093148411
6000000036094640997
6000000036097439975
6000000036103274518
6000000036103636211
6000000036103787413
6000000036103885426
6000000036104069440
6000000036104647967
6000000036104653136
6000000036104653915
6000000036104794821
6000000036104814887
6000000036104868916
6000000036104981888
6000000036174875685
6000000036175170381
6000000036175347762
6000000036184180770
6000000036184787945
6000000036220466615
6000000036220575511
6000000036220791040
6000000036220957377
6000000036220979074
6000000036221039961
6000000036221094586
6000000036221195517
6000000036221336224
6000000036221496168
6000000036221763858
6000000036221804852
6000000036222583468
6000000036222699164
6000000036222730204
6000000036222819225
6000000036222833282
6000000036222866884
6000000036222880139
6000000036223587262
6000000036231679116
6000000036459631785
6000000036459838793
6000000036459879790
6000000036460112591
6000000036460219170
6000000036460376482
6000000036460385319
6000000036460407217
6000000036460417165
6000000036460432087
6000000036460495044
6000000036460514093
6000000036493040117
6000000036539239038
6000000036592386031
6000000036724023413
6000000036724120197
6000000036724358089
6000000036724436979
6000000036724439958
6000000036724489898
6000000036848477968
6000000036854759557
6000000036855552848
6000000036888806735
6000000037037986696
6000000037038928871
6000000037135708870
6000000037172822060
6000000037174853471
6000000037174915166
6000000037175320014
6000000037176714380
6000000037177281441
6000000037177757041
6000000037185415778
6000000037185641463
6000000037186244487
6000000037186687386
6000000037187060016
6000000037187515562
6000000037188063564
6000000037325889374
6000000037343899434
6000000037344039185
6000000037344141986
6000000037359478751
6000000037360041103
6000000037360190860
6000000037362706162
6000000037365300057
6000000037366095990
6000000037421855396
6000000037422106006
6000000037422144862
6000000037424796748
6000000037425055198
6000000037425331919
6000000037425874915
6000000037426051845
6000000037543189513
6000000037543338253
6000000037543524998
6000000037543570919
6000000037543587669
6000000037551888132
6000000037552015093
6000000037571718990
6000000037651020393
6000000037651186097
6000000037808382510
6000000037811128394
6000000037811236952
6000000037907920977
6000000037925511014
6000000037989108788
6000000037993136479
6000000038123270032
6000000038123569162
6000000038141168084
6000000038152511712
6000000038179485469
6000000038179586334
6000000038179588326
6000000038179666271
6000000038179793998
6000000038179890913
6000000038179911882
6000000038188277789
6000000038188560715
6000000038189112883
6000000038225401300
6000000038225675121
6000000038225676190
6000000038237230547
6000000038363464994
6000000038363504949
6000000038363682873
6000000038405524151
6000000038477663176
6000000038504682123
6000000038545434520
6000000038546042906
6000000038557921661
6000000038558015510
6000000038558086289
6000000038558309945
6000000038558355237
6000000038558521873
6000000038558617736
6000000038558690021
6000000038602663382
6000000038602831437
6000000038635830490
6000000038635993888
6000000038636229269
6000000038636367044
6000000038691147486
6000000038719681536
6000000038720140010
6000000038720603854
6000000038740831702
6000000038741252048
6000000038741593105
6000000038768806800
6000000038769900854
6000000038795816640
6000000038815976400
6000000038855891188
6000000038856924904
6000000038857031821
6000000038880476910
6000000038880551843
6000000038924286118
6000000038924295925
6000000038924395911
6000000038982104511
6000000038982494541
6000000038982683353
6000000038982844257
6000000038983263833
6000000038983336857
6000000039037305936
6000000039062473241
6000000039077649432
6000000039131285805
6000000039131957045
6000000039132010013
6000000039132063016
6000000039132071995
6000000039203253107
6000000039212442605
6000000039224480725
6000000039224720145
6000000039262308613
6000000039262684172
6000000039262718137
6000000039262947838
6000000039264312938
6000000039275047639
6000000039275505887
6000000039308451954
6000000039308697878
6000000039308850028
6000000039308872737
6000000039309019959
6000000039309028934
6000000039309039478
6000000039309174120
6000000039309191225
6000000039309708090
6000000039310532958
6000000039313853564
6000000039329411368
6000000039333878110
6000000039334124973
6000000039334526841
6000000039379365752
6000000039379437398
6000000039379444354
6000000039379471277
6000000039379550210
6000000039381403147
6000000039403200550
6000000039616129433
6000000039616185275
6000000039642977924
6000000039652433376
6000000039653077926
6000000039654060831
6000000039655945898
6000000039741001133
6000000039764254647
6000000039862989163
6000000039863123551
6000000039869907760
6000000039897871506
6000000039898077300
6000000039904433074
6000000039917963815
6000000039921764691
6000000039921837505
6000000039922231883
6000000039997551641
6000000039997962851
6000000039998628434
6000000039998713398
6000000040001702163
6000000040020441748
6000000040059448151
6000000040059537017
6000000040059555950
6000000040059586863
6000000040059730490
6000000040077017922
6000000040109634512
6000000040110085852
6000000040163508694
6000000040163939081
6000000040163962794
6000000040164101845
6000000040164131348
6000000040164204190
6000000040164257549
6000000040164367791
6000000040164375847
6000000040164377745
6000000040164622741
6000000040164650233
6000000040164655317
6000000040164696812
6000000040164710682
6000000040164734593
6000000040164737681
6000000040164737732
6000000040164746763
6000000040164767453
6000000040164768539
6000000040164787715
6000000040164811482
6000000040164811734
6000000040164812401
6000000040164817661
6000000040164824295
6000000040164864560
6000000040164865187
6000000040164870535
6000000040164881680
6000000040164910619
6000000040164911621
6000000040164924217
6000000040164924679
6000000040164931308
6000000040164931849
6000000040164943450
6000000040164944506
6000000040164945438
6000000040164971006
6000000040164972425
6000000040164979347
6000000040164996836
6000000040165001383
6000000040165006341
6000000040165020045
6000000040165020176
6000000040165030357
6000000040165036088
6000000040165055844
6000000040165060844
6000000040165070132
6000000040165073225
6000000040165088330
6000000040165095924
6000000040165097023
6000000040165099952
6000000040165105137
6000000040165107034
6000000040165128064
6000000040165134876
6000000040165141844
6000000040165146910
6000000040165175834
6000000040165178827
6000000040165188989
6000000040165213074
6000000040165226973
6000000040165229890
6000000040165247951
6000000040165248886
6000000040165905601
6000000040173229537
6000000040173261371
6000000040173407081
6000000040173455991
6000000040174748798
6000000040174808759
6000000040175032498
6000000040175140277
6000000040175184062
6000000040175280871
6000000040175297032
6000000040175339865
6000000040367888648
6000000040368415125
6000000040398671840
6000000040408107388
6000000040408805252
6000000040408831204
6000000040408952991
6000000040408963986
6000000040410034806
6000000040411610438
6000000040412518741
6000000040412615409
6000000040424977308
6000000040426332746
6000000040426875225
6000000040435877802
6000000040436034724
6000000040436320478
6000000040436328388
6000000040436611118
6000000040436655172
6000000040436659060
6000000040436698927
6000000040436744992
6000000040436908539
6000000040436910153
6000000040437169263
6000000040437290867
6000000040437486998
6000000040438040810
6000000040438524010
6000000040442063431
6000000040447540594
6000000040448020502
6000000040448323106
6000000040448359890
6000000040448387936
6000000040448400847
6000000040453959052
6000000040489465149
6000000040508581323
6000000040572905475
6000000040573247235
6000000040573419046
6000000040585646249
6000000040586027845
6000000040586078127
6000000040590166988
6000000040597955113
6000000040612106203
6000000040652025637
6000000040652447690
6000000040653007035
6000000040664006834
6000000040673223031
6000000040726014794
6000000040807238772
6000000040898017479
6000000040922049483
6000000040958124219
6000000040960890801
6000000040961128602
6000000040961256164
6000000040997190219
6000000040998499439
6000000040998607713
6000000040998774330
6000000040999844384
6000000041000297146
6000000041000419251
6000000041000494900
6000000041000505968
6000000041000887201
6000000041000893080
6000000041001016766
6000000041001145674
6000000041001198806
6000000041001256537
6000000041001286446
6000000041001299373
6000000041001301597
6000000041001310365
6000000041001335427
6000000041001344244
6000000041001349303
6000000041001363366
6000000041001368112
6000000041001423289
6000000041001425338
6000000041001426470
6000000041001438496
6000000041001457683
6000000041001469238
6000000041001473272
6000000041001477005
6000000041001482860
6000000041001501134
6000000041001507092
6000000041001570940
6000000041001627497
6000000041001779486
6000000041001849658
6000000041001987200
6000000041001994193
6000000041002157897
6000000041002172980
6000000041002508108
6000000041009780777
6000000041009815764
6000000041009867799
6000000041009920633
6000000041009922496
6000000041009928490
6000000041009955496
6000000041009959512
6000000041009975788
6000000041009976517
6000000041010006514
6000000041010035407
6000000041010059538
6000000041010063312
6000000041010082265
6000000041010084758
6000000041010090228
6000000041010115298
6000000041010120332
6000000041010126115
6000000041010142742
6000000041010148214
6000000041010160104
6000000041010173149
6000000041010220037
6000000041010228989
6000000041010229168
6000000041010249889
6000000041010251431
6000000041010251635
6000000041010252687
6000000041010265359
6000000041010265592
6000000041010274950
6000000041010278010
6000000041010280433
6000000041010293875
6000000041010311609
6000000041010350573
6000000041010380453
6000000041010389417
6000000041010426166
6000000041010428530
6000000041010447160
6000000041010459082
6000000041010510125
6000000041010511965
6000000041010520266
6000000041010526966
6000000041010539929
6000000041010567995
6000000041010568992
6000000041010580059
6000000041010584833
6000000041010586184
6000000041010598939
6000000041010608886
6000000041010650957
6000000041010657836
6000000041010673861
6000000041010676854
6000000041010695841
6000000041010707867
6000000041010709869
6000000041010721860
6000000041010746899
6000000041020938837
6000000041021291437
6000000041021644983
6000000041022505745
6000000041022560410
6000000041042133877
6000000041048889570
6000000041049138146
6000000041049154840
6000000041049155399
6000000041094743779
6000000041099367843
6000000041099368416
6000000041099376221
6000000041117454475
6000000041117614450
6000000041122069182
6000000041127870230
6000000041132370225
6000000041152450251
6000000041152450289
6000000041168146274
6000000041190561953
6000000041196163491
6000000041198739970
6000000041198781913
6000000041200419077
6000000041200419107
6000000041200435105
6000000041200677031
6000000041200717047
6000000041201155954
6000000041201548124
6000000041201560883
6000000041202527958
6000000041202841850
6000000041204793807
6000000041206695442
6000000041207018982
6000000041218853097
6000000041221678792
6000000041226623345
6000000041234080115
6000000041305388989
6000000041338558406
6000000041390197032
6000000041390200355
6000000041390200359
6000000041390200363
6000000041390200367
6000000041390200375
6000000041390251305
6000000041391422857
6000000041414101680
6000000041503119192
6000000041550053297
6000000041550571866
6000000041550617328
6000000041554867157
6000000041606144152
6000000041606174058
6000000041606174073
6000000041606758533
6000000041639075897
6000000041639087705
6000000041639299403
6000000041639306101
6000000041696764483
6000000041696927158
6000000041697886910
6000000041744934720
6000000041745323340
6000000041829451791
6000000041829579428
6000000041829621402
6000000041829734271
6000000041829787973
6000000041856894592
6000000041857350291
6000000041857620873
6000000041858989045
6000000041876900856
6000000041884630268
6000000041907947707
6000000041908261331
6000000041908489985
6000000041932758073
6000000041933570510
6000000041937133157
6000000041954859905
6000000041954876114
6000000041954920112
6000000041954993469
6000000041955053595
6000000041955129559
6000000041976884798
6000000042024942244
6000000042045293549
6000000042071377140
6000000042082511213
6000000042113481691
6000000042113521534
6000000042166756419
6000000042196217919
6000000042196224965
6000000042197307613
6000000042197779195
6000000042198902971
6000000042245184777
6000000042245581970
6000000042291630223
6000000042291727777
6000000042291748479
6000000042291779565
6000000042291804384
6000000042291809977
6000000042291842013
6000000042291850119
6000000042291858405
6000000042291881404
6000000042291909218
6000000042291909951
6000000042291917272
6000000042291918125
6000000042291918508
6000000042291924585
6000000042291942162
6000000042292018939
6000000042292026878
6000000042292132897
6000000042292159029
6000000042317107874
6000000042375672631
6000000042378895220
6000000042379078944
6000000042466834997
6000000042466917011
6000000042466931085
6000000042493629893
6000000042671794310
6000000042673966832
6000000042814462825
6000000042838466585
6000000042838564214
6000000042838566068
6000000042838628322
6000000042838703054
6000000042838797858
6000000042996989216
6000000043156475463
6000000043159875315
6000000043212346990
6000000043232234378
6000000043241434090
6000000043241461996
6000000043302547640
6000000043305606763
6000000043305753345
6000000043437615713
6000000043437657497
6000000043437825225
6000000043437903080
6000000043437918112
6000000043464589232
6000000043464589237
6000000043574257411
6000000043575121918
6000000043578519270
6000000043578791528
6000000043579243211
6000000043594974337
6000000043595325098
6000000043595337192
6000000043595542055
6000000043595882959
6000000043618890792
6000000043620117014
6000000043620617966
6000000043620759957
6000000043655340096
6000000043685989413
6000000043686180881
6000000043689193821
6000000043799681095
6000000043864446132
6000000043905803821
6000000043905803825
6000000043905803829
6000000043905803833
6000000043905803841
6000000043905803845
6000000043956113898
6000000043956723197
6000000043957282027
6000000043958220948
6000000043958332898
6000000043958517836
6000000043969374381
6000000043975054731
6000000043975063814
6000000043975467240
6000000043975618033
6000000043975619103
6000000043975637007
6000000044007264833
6000000044007522902
6000000044060967198
6000000044063735324
6000000044064508855
6000000044064537994
6000000044095797906
6000000044097472771
6000000044102928000
6000000044229316261
6000000044318041755
6000000044318684133
6000000044318852028
6000000044318960918
6000000044319004876
6000000044348221365
6000000044348835149
6000000044391896639
6000000044431322731
6000000044495139202
6000000044495227061
6000000044552748061
6000000044594419858
6000000044803633882
6000000045157472926
6000000045342624146
6000000045344699034
6000000045379581876
6000000045394721935
6000000045394808835
6000000045468123902
6000000045468168150
6000000045468724998
6000000045472815100
6000000045472855821
6000000045472890047
6000000045472915103
6000000045473288832
6000000045475742516
6000000045482249159
6000000045482515938
6000000045482700821
6000000045483071892
6000000045483269946
6000000045535470923
6000000045535506821
6000000045535543967
6000000045535603916
6000000045535692890
6000000045535843863
6000000045616018697
6000000045616330280
6000000045675986768
6000000045676134779
6000000045676360764
6000000045676477480
6000000045676738994
6000000045676748011
6000000045676848842
6000000045676906846
6000000045676918904
6000000045677123860
6000000045677310922
6000000045677326003
6000000045679190863
6000000045770570889
6000000046036135093
6000000046036229112
6000000046233750872
6000000046246545058
6000000046246652864
6000000046246877066
6000000046246932837
6000000046247419161
6000000046349610432
6000000046514051147
6000000046523525912
6000000046565218024
6000000046674084888
6000000046681972483
6000000046682070108
6000000046863722077
6000000046928501923
6000000047060018518
6000000047061669843
6000000047229378172
6000000047229674982
6000000047506455893
6000000047506879848
6000000047507750131
6000000047508366903
6000000047564083834
6000000047639406227
6000000047639521019
6000000047814726172
6000000047822797340
6000000047823050067
6000000047823226019
6000000047823327934
6000000047828558826
6000000047850704398
6000000047851824026
6000000047864435831
6000000047899483158
6000000047901401951
6000000047901567173
6000000047901624371
6000000047902098005
6000000048008602942
6000000048172523025
6000000048189900836
6000000048345600018
6000000048481632443
6000000048878629924
6000000048930816822
6000000048959859339
6000000048960294255
6000000048961930821
6000000049077948866
6000000049142726861
6000000049475820821
6000000049476024972
6000000049518197545
6000000049518719999
6000000049577222826
6000000049816765171
6000000049823870200
6000000049824698864
6000000049861135133
6000000049861937856
6000000049907276180
6000000049907332157
6000000049908050613
6000000050005020821
6000000050221007203
6000000050221260889
6000000050221305845
6000000050221371836
6000000050221376843
6000000050256029971
6000000050259288867
6000000050285388826
6000000050762415942
6000000050762808520
6000000050762934454
6000000050763472069
6000000050763639967
6000000050862122045
6000000050863052922
6000000050863075045
6000000050863179941
6000000050952309304
6000000050952952917
6000000050953313886
6000000050969006765
6000000050969467280
6000000050969709171
6000000050969724091
6000000050969753207
6000000050969779225
6000000050969801015
6000000050969847121
6000000050969853092
6000000050969890821
6000000050969896917
6000000050969920840
6000000050969960887
6000000050969962907
6000000050970064829
6000000050970080911
6000000050985837920
6000000051000538108
6000000051001367862
6000000051004115349
6000000051008323833
6000000051040011897
6000000051048484822
6000000051086210973
6000000051153581306
6000000051154879827
6000000051154990866
6000000051213304489
6000000051213861952
6000000051213874066
6000000051214087833
6000000051654061826
6000000051660224146
6000000051703948345
6000000051705266857
6000000051705568880
6000000051707789821
6000000051748131863
6000000051748368981
6000000051750931206
6000000051754108895
6000000051763985845
6000000051820862042
6000000051821190060
6000000051821569517
6000000051821619947
6000000051950112971
6000000051951946832
6000000051952103080
6000000051953047221
6000000051953117093
6000000051962842470
6000000051963170386
6000000051963242828
6000000051963707154
6000000051964047905
6000000051964225821
6000000051973561909
6000000052005068903
6000000052008427973
6000000052015713337
6000000052015939881
6000000052017936970
6000000052054524931
6000000052055288921
6000000052056018941
6000000052058837070
6000000052059163000
6000000052059762062
6000000052059986034
6000000052060286908
6000000052060455868
6000000052060776822
6000000052068158942
6000000052119712099
6000000052121397195
6000000052121679821
6000000052219622827
6000000052261953828
6000000052264599841
6000000052266019059
6000000052266787879
6000000052325205017
6000000052325667056
6000000052325723849
6000000052352469003
6000000052359229823
6000000052359956876
6000000052360098185
6000000052360265940
6000000052360848857
6000000052362411978
6000000052436096889
6000000052477389821
6000000052478176845
6000000052516277064
6000000052524350239
6000000052525878087
6000000052539747895
6000000052540242794
6000000052540302515
6000000052567295316
6000000052567851822
6000000052568944006
6000000052569187085
6000000052581664873
6000000052583634224
6000000052620466158
6000000052620669840
6000000052620713885
6000000052620979985
6000000052622019849
6000000052622088870
6000000052700388922
6000000052711586852
6000000052807935522
6000000052810966884
6000000052813108916
6000000052814515945
6000000052815935905
6000000052823561095
6000000052823592963
6000000052824267092
6000000052826732870
6000000052826902950
6000000052859495020
6000000053049966399
6000000053050365355
6000000053085269843
6000000053085431845
6000000053095553967
6000000053122915922
6000000053182704932
6000000053204784836
6000000053276823905
6000000053296551885
6000000053298071887
6000000053316095221
6000000053316229946
6000000053316437900
6000000053316592922
6000000053316606851
6000000053670090051
6000000053841496081
6000000053841557956
6000000053841606841
6000000053841623060
6000000053841808858
6000000053841856887
6000000053842024171
6000000053842133858
6000000053842149827
6000000053842415144
6000000053842457867
6000000053842654958
6000000053842851896
6000000054209048953
6000000054209879838
6000000054210266821
6000000054213073827
6000000054232780922
6000000054313357835
6000000054313375821
6000000054367130026
6000000054367556863
6000000054374034888
6000000054416838838
6000000054561045866
6000000054561164853
6000000054575750942
6000000054787894862
6000000054792912864
6000000054792973843
6000000054793293865
6000000054793303823
6000000054793323834
6000000054793414854
6000000054903275890
6000000054981743959
6000000055009763929
6000000055009909842
6000000055010524821
6000000055017406068
6000000055017885921
6000000055018158821
6000000055030621330
6000000055036441860
6000000055164308216
6000000055164932035
6000000055398914156
6000000055399121956
6000000055403669077
6000000055536398264
6000000055536839142
6000000055668530839
6000000055681972833
6000000055683382884
6000000055889463015
6000000055889558929
6000000055889652840
6000000056034428821
6000000056100815864
6000000056160842246
6000000056161015908
6000000056244055823
6000000056245465567
6000000056245599141
6000000056245599145
6000000056245599149
6000000056305308856
6000000056322145438
6000000056393525278
6000000056398148896
6000000056466178843
6000000056595202312
6000000056637653981
6000000056639115699
6000000056640441926
6000000056683620949
6000000056683883889
6000000056683963845
6000000057030106876
6000000057111559978
6000000057111612050
6000000057151522215
6000000057152093905
6000000057152154872
6000000057283250110
6000000057297912844
6000000057375376367
6000000057376145234
6000000057376725899
6000000057426668467
6000000057484111863
6000000057484418832
6000000057529261013
6000000057529743836
6000000057637870141
6000000057650151918
6000000057651248916
6000000057689407209
6000000057696362928
6000000057697923969
6000000057698450854
6000000057930351959
6000000058155621847
6000000058202947847
6000000058261805129
6000000058518212823
6000000058518256902
6000000058518345880
6000000058518401909
6000000058518928971
6000000058519174838
6000000058540239827
6000000058550051246
6000000058550469973
6000000058602989198
6000000058603489979
6000000058603606870
6000000058604993960
6000000058606124044
6000000058653225048
6000000058853373881
6000000058853887886
6000000058854012987
6000000058855186875
6000000058878568885
6000000058878591856
6000000058878662013
6000000058888706275
6000000058889508821
6000000058937419053
6000000058937782176
6000000058937979880
6000000059045308821
6000000059201290864
6000000059336066002
6000000059336099952
6000000059449203832
6000000059724354388
6000000059724445636
6000000059724528896
6000000059725088022
6000000059725147914
6000000059725248235
6000000059779848688
6000000059780763239
6000000059780818275
6000000059780980954
6000000059781186821
6000000059781280867
6000000059785027935
6000000060001809033
6000000060270962165
6000000060274098453
6000000060274397214
6000000060274705979
6000000060422264873
6000000060496284007
6000000060496452918
6000000060496565894
6000000060496639894
6000000060704308161
6000000060704599071
6000000060704710169
6000000060704782826
6000000060704819979
6000000060705000833
6000000060705184831
6000000060793264987
6000000060813016916
6000000060813334821
6000000060818057949
6000000060818068162
6000000060818233989
6000000060818261526
6000000060818270305
6000000060818619849
6000000060818654908
6000000060818731928
6000000060818753910
6000000060818777985
6000000060818794941
6000000060818804065
6000000060818813829
6000000060818818850
6000000060818835049
6000000060818951977
6000000060819048902
6000000060819051027
6000000060819119024
6000000060819317881
6000000060819394949
6000000061469679821
6000000061629173829
6000000061816758874
6000000061817769975
6000000061817784943
6000000061847526865
6000000062443716942
6000000062443939840
6000000062447429293
6000000062448114892
6000000062664662035
6000000062665153976
6000000062840944113
6000000062906308829
6000000063221973173
6000000063310597872
6000000063460148909
6000000063657920075
6000000063821487944
6000000063844138224
6000000064349382690
6000000064350704960
6000000065176681193
6000000065187419938
6000000065237813862
6000000065237859872
6000000065269538834
6000000065471467865
6000000065471936705
6000000065472824919
6000000065472906170
6000000065472953931
6000000065472971887
6000000065473094930
6000000065473235858
6000000065473441826
6000000065496209039
6000000065496597874
6000000065496706824
6000000065650385200
6000000065651720855
6000000065658651828
6000000065660832843
6000000065932113857
6000000065937554821
6000000065938146830
6000000066015486821
6000000066651158824
6000000066651195971
6000000066651393860
6000000066651741821
6000000066651770829
6000000066652132850
6000000066652304863
6000000067081367857
6000000067081727971
6000000067082891092
6000000067083071890
6000000067083283893
6000000067677285862
6000000067754601976
6000000067819609969
6000000067842852544
6000000067843025266
6000000067843812870
6000000068153970989
6000000068154146939
6000000068154222908
6000000068154306917
6000000068154331846
6000000068154354834
6000000068154377847
6000000068154435861
6000000068154479844
6000000068440177244
6000000068506531968
6000000068586384857
6000000068586384861
6000000068586384865
6000000068586730821
6000000068586730825
6000000068664546885
6000000068855359898
6000000068858529131
6000000068862713852
6000000068862806851
6000000069242551965
6000000069304184920
6000000069508878973
6000000069551703337
6000000069551956365
6000000069552169172
6000000069552171060
6000000069552219179
6000000069552278039
6000000069552533854
6000000069552545938
6000000069707238193
6000000069708937601
6000000069708947934
6000000069709738882
6000000069776308158
6000000069776308166
6000000069776308170
6000000069776883989
6000000069776883993
6000000069776883997
6000000069776884001
6000000069776884005
6000000069776884009
6000000069776884013
6000000069776884017
6000000069776884021
6000000069776884025
6000000069795077714
6000000069796302852
6000000069834909404
6000000069836035854
6000000069856660063
6000000069857171835
6000000069913743120
6000000069915538839
6000000069915539030
6000000069928687283
6000000069931062879
6000000069940324011
6000000069940587846
6000000069940824828
6000000069979579349
6000000070008179957
6000000070008377030
6000000070008471858
6000000070008792849
6000000070293909925
6000000070294396981
6000000070298066853
6000000070298170858
6000000070347860977
6000000070597970726
6000000070618974143
6000000070619830054
6000000070619992841
6000000070956357863
6000000070958549858
6000000070999921326
6000000070999975122
6000000071000169038
6000000071000211888
6000000071259668076
6000000071260033887
6000000071260047011
6000000071260133853
6000000071262919335
6000000071262964400
6000000071263418052
6000000071263699140
6000000071264193849
6000000071370705161
6000000071371212864
6000000071371216856
6000000071371216917
6000000071412500939
6000000071472973105
6000000071473188830
6000000071473201876
6000000071473260015
6000000071555882821
6000000071556690470
6000000071557016066
6000000071557259133
6000000071557393956
6000000071558055869
6000000071616923298
6000000071617644046
6000000071617822833
6000000071617989037
6000000071618230957
6000000071619681833
6000000071619721937
6000000071620143096
6000000071620176869
6000000071649771068
6000000071650241190
6000000071801982011
6000000072042295789
6000000072042898833
6000000072050178141
6000000072063334822
6000000072237386840
6000000072421429145
6000000072421461174
6000000072421681900
6000000072884784118
6000000072885725838
6000000072889638551
6000000072890051001
6000000072890176990
6000000072890627980
6000000072891468926
6000000072891513866
6000000072911213842
6000000072911551858
6000000072921946857
6000000072922744833
6000000072922867874
6000000072922988947
6000000072923525821
6000000072926050833
6000000072942136821
6000000072980649703
6000000073302214194
6000000073302666144
6000000073302685903
6000000073302734920
6000000073302742502
6000000073302759368
6000000073302877859
6000000073303708955
6000000073303791876
6000000073303976981
6000000073317893920
6000000073353658853
6000000073364290140
6000000073400613303
6000000073415273056
6000000073415434338
6000000073415602148
6000000073415953929
6000000073416225837
6000000073418129952
6000000073433876125
6000000073434257001
6000000073434536859
6000000073434857853
6000000074302054733
6000000074303439131
6000000074303493063
6000000074303657015
6000000074303917923
6000000074304806971
6000000074305004916
6000000074305095840
6000000074374008912
6000000074450307914
6000000074586557078
6000000074710302821
6000000074710302890
6000000074900302833
6000000074907154966
6000000074907344832
6000000074914408956
6000000074933037857
6000000075012765908
6000000075012840968
6000000075013011899
6000000075013202821
6000000075126122868
6000000075143491821
6000000075208949826
6000000075234133672
6000000075234555598
6000000075235346081
6000000075235455003
6000000075235704937
6000000075235796822
6000000075341758481
6000000075342261161
6000000075342356195
6000000075342407053
6000000075367688821
6000000075368015824
6000000075421402891
6000000075574560930
6000000075756983152
6000000075758936022
6000000075759026296
6000000075759109208
6000000075759295433
6000000075759392951
6000000075759590984
6000000075759609998
6000000075759760013
6000000075759766832
6000000075759826889
6000000075759874822
6000000075760018842
6000000075770261821
6000000075862859949
6000000075895609823
6000000075900795410
6000000075902609146
6000000076299494851
6000000076972805875
6000000077051452148
6000000077051630893
6000000077079435422
6000000077316799659
6000000077317324346
6000000077317466169
6000000077317675333
6000000077317902055
6000000077422982110
6000000077492530348
6000000077493491465
6000000077493762383
6000000077493781147
6000000077494172552
6000000077494176081
6000000077494220970
6000000077494244981
6000000077660113802
6000000077741255990
6000000077751921244
6000000077956011207
6000000078008606474
6000000078009291863
6000000078045468661
6000000078046300966
6000000078156459199
6000000078175937985
6000000078202113709
6000000078253136996
6000000078254739942
6000000078705712989
6000000078705908908
6000000078729712161
6000000078780378128
6000000079188681077
6000000079189076821
6000000079189812691
6000000079237426863
6000000079276302869
6000000079276324950
6000000079302001984
6000000079306952335
6000000079306978520
6000000079307265346
6000000079307680114
6000000079307850102
6000000079308005856
6000000079308043824
6000000079308099949
6000000079308255041
6000000079319934128
6000000079328026150
6000000079328226016
6000000079328456024
6000000079328531005
6000000079328861827
6000000079329193219
6000000079329921968
6000000079401167281
6000000079401965823
6000000079595913520
6000000079596611110
6000000079596740108
6000000079615384515
6000000079663584938
6000000079663814956
6000000079663915909
6000000079664237821
6000000079664292825
6000000079664531868
6000000079664820827
6000000079670724736
6000000079682482982
6000000079690994889
6000000079691055150
6000000079692231833
6000000079692429821
6000000079692873144
6000000079693617875
6000000079737844703
6000000079738151605
6000000079739527932
6000000079739599939
6000000079739650898
6000000079784465989
6000000079888224919
6000000079888250168
6000000079888268969
6000000079888316017
6000000079888328963
6000000079888602391
6000000079888621260
6000000079888687176
6000000079889015119
6000000079889399946
6000000079943778821
6000000080205296858
6000000080213856079
6000000080213965023
6000000080333039634
6000000080352083157
6000000080536280336
6000000080536294412
6000000080536305631
6000000080536809072
6000000080536942959
6000000080582744000
6000000080595449445
6000000080814775154
6000000080948736989
6000000081026798048
6000000081028104797
6000000081030111993
6000000081030528899
6000000081046438899
6000000081064766876
6000000081064806897
6000000081119837102
6000000081254492558
6000000081285519648
6000000081286123083
6000000081467801357
6000000081468178076
6000000081468229080
6000000081527349844
6000000082263537821
6000000082345608821
6000000082389386844
6000000082410426881
6000000082419863217
6000000082420853895
6000000082454202879
6000000082454228825
6000000082512687840
6000000082545099120
6000000082545139237
6000000082545631944
6000000082545730981
6000000082547481088
6000000082599482513
6000000082600818063
6000000082667636207
6000000082680135919
6000000082684786542
6000000082702619894
6000000082787673888
6000000082810054217
6000000083051950609
6000000083052818127
6000000083060747965
6000000083084515557
6000000083084662330
6000000083085030021
6000000083085179917
6000000083085247865
6000000083132166408
6000000083133148939
6000000083133211043
6000000083133253929
6000000083133581863
6000000083183073800
6000000083183620374
6000000083184002939
6000000083184073837
6000000083261406814
6000000083273210335
6000000083305488165
6000000083305551270
6000000083305651075
6000000083305799076
6000000083305999037
6000000083312537709
6000000083313929481
6000000083314281158
6000000083314320191
6000000083314935877
6000000083314946898
6000000083315026866
6000000083606586066
6000000083619227545
6000000083639360074
6000000083639777127
6000000083639848038
6000000083639878151
6000000083639907075
6000000083640027955
6000000083640357821
6000000083645159017
6000000083656242044
6000000083656507209
6000000083656835961
6000000083657065921
6000000083657121836
6000000083657991381
6000000083677634872
6000000083678694023
6000000083679655210
6000000083679686196
6000000083679729821
6000000083680339164
6000000083680352284
6000000083681017821
6000000083681630241
6000000083681649929
6000000083682583068
6000000083682885898
6000000083682940875
6000000083847029660
6000000083847586106
6000000083847681045
6000000083847767053
6000000083847890867
6000000083874637476
6000000083876575902
6000000083908013790
6000000083932831948
6000000083933015880
6000000083946130240
6000000083959388854
6000000083978887546
6000000084005243960
6000000084075185466
6000000084076676128
6000000084077170874
6000000084077247869
6000000084077280865
6000000084084218102
6000000084085489486
6000000084092807534
6000000084093280176
6000000084093624179
6000000084093911879
6000000084153935223
6000000084242502215
6000000084243191971
6000000084366282853
6000000084439216433
6000000084699632662
6000000084725458408
6000000084725709126
6000000084725721153
6000000084732779027
6000000084768987060
6000000084790818004
6000000084996248821
6000000085090881451
6000000085092219259
6000000085092637988
6000000085092855962
6000000085252635364
6000000085255204982
6000000085255854020
6000000085256014977
6000000086084227829
6000000086085271827
6000000086086281834
6000000086087259041
6000000086126360001
6000000086127720831
6000000086515710971
6000000086515733029
6000000086516363923
6000000086516452833
6000000086557050977
6000000086860243909
6000000086860300900
6000000086902394840
6000000087002996113
6000000087137930432
6000000087138442307
6000000087138591120
6000000087138680206
6000000087139113965
6000000087139321142
6000000087139342821
6000000087139429926
6000000087139750898
6000000087139763869
6000000087329474825
6000000087329596821
6000000087329828872
6000000087389162018
6000000087409022886
6000000087453090977
6000000087499926821
6000000087502373100
6000000087609997913
6000000087736173823
6000000087753456849
6000000087753476036
6000000087763869005
6000000087763870053
6000000087763936954
6000000087764274864
6000000087766332976
6000000087767636143
6000000087768784863
6000000087784291821
6000000087813298877
6000000087816056889
6000000087907017471
6000000087908377007
6000000087982055920
6000000088012621861
6000000088026996856
6000000088027261921
6000000088027461840
6000000088049980966
6000000088050288839
6000000088063232077
6000000088063682083
6000000088142744875
6000000088142763902
6000000088147614072
6000000088148077872
6000000088160842838
6000000088160865854
6000000088287732953
6000000088287755821
6000000088287790914
6000000088287796823
6000000088287896858
6000000088287906881
6000000088288009901
6000000088288160842
6000000088288209825
6000000088290874876
6000000088302915017
6000000088303767877
6000000088303884897
6000000088303890838
6000000088303893821
6000000088303944834
6000000088303959837
6000000088304217857
6000000088304320834
6000000088304335834
6000000088304536832
6000000088305976104
6000000088306279987
6000000088307767202
6000000088307910588
6000000088308095327
6000000088308279117
6000000088308438055
6000000088308441927
6000000088308509989
6000000088308628014
6000000088308728382
6000000088308833883
6000000088308860883
6000000088308895892
6000000088308980850
6000000088309130822
6000000088309332823
6000000088309340995
6000000088309387895
6000000088309390943
6000000088309596866
6000000088311528882
6000000088318493965
6000000088358109156
6000000088358648858
6000000088358857885
6000000088358948919
6000000088359029875
6000000088367867079
6000000088368182063
6000000088368580106
6000000088369306848
6000000088369376859
6000000088369677834
6000000088369748950
6000000088369801826
6000000088369813842
6000000088369841925
6000000088369842825
6000000088369887009
6000000088369903954
6000000088369956907
6000000088370082954
6000000088370126996
6000000088370208897
6000000088370323895
6000000088370516821
6000000088370549992
6000000088370616860
6000000088370638927
6000000088370652882
6000000088370698821
6000000088370789978
6000000088370840958
6000000088371036847
6000000088371060878
6000000088371075821
6000000088371095852
6000000088371214847
6000000088371322821
6000000088371408845
6000000088371437916
6000000088371449936
6000000088371626864
6000000088371656870
6000000088371738845
6000000088371930157
6000000088372210822
6000000088372396009
6000000088372741939
6000000088372761027
6000000088372812429
6000000088372959954
6000000088372965998
6000000088372983035
6000000088373004930
6000000088373081947
6000000088373166886
6000000088373283901
6000000088373411890
6000000088373733272
6000000088373766919
6000000088374323096
6000000088374554033
6000000088374863902
6000000088374927868
6000000088375016842
6000000088375033893
6000000088375034923
6000000088375062842
6000000088375615256
6000000088375626114
6000000088376047999
6000000088376113903
6000000088376334894
6000000088376593956
6000000088378634401
6000000088379276066
6000000088380006978
6000000088380019012
6000000088381186155
6000000088381756907
6000000088381869834
6000000088382333884
6000000088382442893
6000000088382659045
6000000088383119887
6000000088412991160
6000000088413166957
6000000088413894036
6000000088413953823
6000000088414314836
6000000088425090076
6000000088425558004
6000000088425676955
6000000088425856901
6000000088425911884
6000000088425952830
6000000088837921358
6000000088839158862
6000000088839160881
6000000088839284833
6000000088853631821
6000000088898241025
6000000088898721942
6000000088899062823
6000000088901742963
6000000088957574326
6000000088957574333
6000000089044838958
6000000089045836850
6000000089069077876
6000000089069238906
6000000089069506836
6000000089073496949
6000000089073549101
6000000089073680879
6000000089073698035
6000000089073955987
6000000089074176830
6000000089088881937
6000000089089444876
6000000089089572837
6000000089089611837
6000000089089809063
6000000089115980010
6000000089116602841
6000000089134099915
6000000089227984433
6000000089229553861
6000000089303345953
6000000089303726999
6000000089304301154
6000000089538648094
6000000089606934133
6000000089664509699
6000000089665842091
6000000089666205035
6000000089666725862
6000000089693505852
6000000089693505856
6000000089693505862
6000000089693506097
6000000089693506102
6000000089693506162
6000000089693506178
6000000089693506184
6000000089693506190
6000000089693506204
6000000089774345917
6000000089774346005
6000000089774516837
6000000089774569828
6000000089774569845
6000000089774569848
6000000089774569852
6000000089774569856
6000000089774569868
6000000089774569907
6000000089774569919
6000000089774569931
6000000089774569937
6000000089774569943
6000000089774569947
6000000089776467857
6000000089938995318
6000000089939052395
6000000089940393209
6000000089940618988
6000000089940736922
6000000089940790913
6000000089940884863
6000000089999603302
6000000090000593246
6000000090000707139
6000000090001042909
6000000090146962916
6000000090147857947
6000000090148838833
6000000090231579194
6000000090265678044
6000000090267080868
6000000090334684957
6000000090341155980
6000000090460359120
6000000090461615894
6000000091377270997
6000000091377405096
6000000091377422021
6000000091377490031
6000000091377541989
6000000091377557065
6000000091377677844
6000000091377766002
6000000091506627378
6000000091506838505
6000000091507075371
6000000091507548162
6000000091508313084
6000000091508437829
6000000091508768945
6000000091510194861
6000000091541235017
6000000091542090899
6000000091542164881
6000000091542260878
6000000091609448450
6000000091610255050
6000000091617170440
6000000091617748184
6000000091617753314
6000000091618968872
6000000091619151823
6000000091619662821
6000000091619711836
6000000091644195307
6000000091644195316
6000000091644195322
6000000091644195331
6000000091644195340
6000000091644195346
6000000091644195356
6000000091644195370
6000000091666388091
6000000091666554137
6000000091667326855
6000000091667446833
6000000091671954369
6000000091672844142
6000000091672930120
6000000091673055327
6000000091673373060
6000000091673595973
6000000091673630911
6000000091673807051
6000000091673942821
6000000091674261833
6000000091840846014
6000000091841224114
6000000091853308190
6000000091853770232
6000000091853822821
6000000091853855179
6000000091854026821
6000000091854951094
6000000091939350821
6000000091939916821
6000000091940717825
6000000091942666821
6000000091943464821
6000000091944025821
6000000092106038072
6000000092113532060
6000000092122089013
6000000092122227929
6000000092127766155
6000000092563023547
6000000092563352847
6000000092566990821
6000000092581236024
6000000092583162834
6000000092647643326
6000000092650307903
6000000092650885826
6000000092657121306
6000000092657850140
6000000092658038124
6000000092659009082
6000000092659525992
6000000092659588951
6000000092659686917
6000000092661019826
6000000093098956833
6000000093192640631
6000000093196924165
6000000093197081148
6000000093402307272
6000000093949398837
6000000093949398849
6000000093949485831
6000000093949485850
6000000093949518822
6000000093949518828
6000000093949518861
6000000093949555828
6000000093949555855
6000000093974661765
6000000093975314089
6000000093977539976
6000000093978314938
6000000093978362929
6000000093978368859
6000000093978819832
6000000094071100066
6000000094329474874
6000000094622163368
6000000094622453027
6000000094622708085
6000000094623137843
6000000094623441022
6000000094623456076
6000000094624522876
6000000094624710035
6000000094625047851
6000000094626577613
6000000094629516120
6000000094629525842
6000000094630278856
6000000094630648827
6000000094630696857
6000000094631081855
6000000094631975866
6000000094632857858
6000000094634226868
6000000094634318852
6000000094634363016
6000000094634404981
6000000094635348823
6000000094635565840
6000000094635940821
6000000094636002887
6000000094759005856
6000000094759005878
6000000094759005885
6000000094759005888
6000000094759005895
6000000094759005898
6000000094759005901
6000000094759005904
6000000095457217099
6000000095457217104
6000000095457217109
6000000095457217114
6000000095457217119
6000000095457217124
6000000095457217129
6000000095457217134
6000000095457217139
6000000096204927028
6000000096666723867
6000000096666864862
6000000096666864876
6000000096666864939
6000000096666864965
6000000096666864968
6000000096666864998
6000000096666865002
6000000096666865009
6000000096666865015
6000000096666865028
6000000096666865031
6000000096666865034
6000000096667040906
6000000096667713834
6000000096667713859
6000000096667713864
6000000096667713877
6000000096667713884
6000000096667713890
6000000096667713896
6000000096667713900
6000000096667713912
6000000096667713916
6000000096667713920
6000000096667713927
6000000096671372829
6000000096671372840
6000000096671372847
6000000096671372854
6000000096671372861
6000000096671372875
6000000096671372888
6000000096671372984
6000000096671372988
6000000096672204822
6000000096672204825
6000000096672857851
6000000096672857857
6000000096672857863
6000000096672857866
6000000096713796828
6000000096714155836
6000000096714155846
6000000096714155870
6000000096714155873
6000000096714155878
6000000096714155884
6000000096714155888
6000000096714155894
6000000096714155901
6000000096714155906
6000000096714155916
6000000096714155938
6000000096714155945
6000000096714156057
6000000096714156064
6000000096714156124
6000000096714892841
6000000096714892845
6000000096714892849
6000000096714892857
6000000096715438822
6000000096715438828
6000000096715438834
6000000096715438844
6000000096715438848
6000000096715438852
6000000096715438856
6000000096715438862
6000000096715646858
6000000096715646864
6000000096715646869
6000000096715646874
6000000096715646888
6000000096715646892
6000000096715801827
6000000096715801844
6000000096750727842
6000000096963739832
6000000096963739836
6000000096963739839
6000000096963739843
6000000096963739849
6000000096965090848
6000000096965090851
6000000096965090870
6000000096965090888
6000000096965090899
6000000096965090910
6000000096965090913
6000000096965090922
6000000096965091042
6000000096965091046
6000000096965091050
6000000096965091055
6000000097060143828
6000000097060143831
6000000097060143841
6000000097060143846
6000000097060143878
6000000097060143884
6000000097060143887
6000000097060143902
6000000097060143905
6000000097084015965
6000000097104590825
6000000097104590914
6000000097104590921
6000000097104590924
6000000097104590940
6000000097104590949
6000000097104590958
6000000097104590965
6000000097104590978
6000000097104591001
6000000097104591005
6000000097104591011
6000000097111311383
6000000097113727887
6000000097113805821
6000000097132096130
6000000097139440867
6000000097139440879
6000000097139440884
6000000097139440889
6000000097139440899
6000000097139440904
6000000097139440909
6000000097139670888
6000000097150113846
6000000097175557849
6000000097175741834
6000000097204034822
6000000097204034828
6000000097204034837
6000000097204034842
6000000097206776858
6000000097206776946
6000000097206776986
6000000097217513829
6000000097217513903
6000000097217513908
6000000097217513913
6000000097217513918
6000000097217513923
6000000097507487843
6000000097537772101
6000000097538817848
6000000097538921822
6000000097539478113
6000000097539546002
6000000097539786089
6000000097539966967
6000000097540136932
6000000097540158863
6000000097542161889
6000000097607521998
6000000097607522003
6000000097607917864
6000000097607917868
6000000097607917874
6000000097607917880
6000000097607917885
6000000097613348979
6000000097674428152
6000000097747685892
6000000097898116839
6000000098057659105
6000000098058294991
6000000098058944891
6000000098059079003
6000000098059319821
6000000098059478012
6000000098059819899
6000000098060515872
6000000098060780827
6000000098533534923
6000000098534736841
6000000099754760954
6000000100117603580
6000000100118711396
6000000100120464974
6000000100120494085
6000000100120881961
6000000100120950947
6000000100120973087
6000000100127011061
6000000100382642832
6000000100382642838
6000000100382642844
6000000100382642850
6000000100382642856
6000000100382642861
6000000100382642867
6000000100382642870
6000000100382642882
6000000100382642892
6000000100382642898
6000000100382642907
6000000100382642913
6000000100382642922
6000000100382642937
6000000100382642949
6000000100382642952
6000000100382642958
6000000100382642965
6000000100382642976
6000000100382642980
6000000100382642985
6000000100382642989
6000000100408964016
6000000100408964529
6000000100943809962
6000000100944071946
6000000101023238050
6000000101024183921
6000000101057180826
6000000101155277833
6000000101155687832
6000000101155990833
6000000101158165845
6000000101713014821
6000000102497708977
6000000102497708998
6000000102497709038
6000000102545851710
6000000102573860064
6000000102575659821
6000000102575689821
6000000102993814294
6000000102994006138
6000000102994828923
6000000102996714852
6000000103171809377
6000000103172598283
6000000103173083092
6000000103173815858
6000000103288711022
6000000103298010844
6000000103298085844
6000000103298247867
6000000103298247888
6000000103298661837
6000000103298715832
6000000103298715850
6000000103300391847
6000000103301295834
6000000103301584822
6000000103395029329
6000000103396002141
6000000103397258832
6000000103397337853
6000000103550593829
6000000103656467071
6000000103761446131
6000000103761938993
6000000103762386948
6000000103762430060
6000000103762888931
6000000103763343875
6000000103927484073
6000000103942050154
6000000104371036963
6000000104410716821
6000000104548718827
6000000104703821984
6000000104703821993
6000000104703821997
6000000104703822003
6000000104703822009
6000000104703822019
6000000104904395730
6000000105074563828
6000000105074563832
6000000105074563839
6000000105074563843
6000000105074563847
6000000105074563851
6000000105074563855
6000000105075159856
6000000105562615997
6000000105562616009
6000000105562616368
6000000105562616381
6000000106298672941
6000000106300430847
6000000106300594869
6000000106300859821
6000000106301054824
6000000106619113559
6000000106621159099
6000000106621179227
6000000106622365932
6000000106622539934
6000000106622755975
6000000106623107885
6000000106623294823
6000000106999785890
6000000107000196872
6000000107000214822
6000000107000214856
6000000107000214864
6000000107000214868
6000000107000241835
6000000107000241854
6000000107000803874
6000000107001194822
6000000107001194827
6000000107001194837
6000000107001194867
6000000107001334822
6000000107001334834
6000000107001334855
6000000107001334864
6000000107001387858
6000000107001418835
6000000107001418850
6000000107001418863
6000000107001418874
6000000107001418891
6000000107001578827
6000000107001607822
6000000107001607832
6000000107002006836
6000000107002006846
6000000107002035830
6000000107002035854
6000000107002035872
6000000107002064822
6000000107002064828
6000000107002064838
6000000107002064844
6000000107002064848
6000000107002064856
6000000107002064861
6000000107002064886
6000000107002176845
6000000107002176849
6000000107002176865
6000000107002514822
6000000107002721826
6000000107002721840
6000000107002751826
6000000107002751837
6000000107002892822
6000000107002892838
6000000107002892860
6000000107002947827
6000000107002947832
6000000107002947841
6000000107002985822
6000000107002985827
6000000107003037822
6000000107003037827
6000000107003037885
6000000107597935866
6000000107656392880
6000000107829145828
6000000108533948855
6000000108533948860
6000000108533948875
6000000108533948880
6000000108533948885
6000000108533948900
6000000108533948907
6000000108533948912
6000000108533948927
6000000108533948932
6000000108534060825
6000000108534060845
6000000108534134844
6000000108534134886
6000000109047878822
6000000109047878915
6000000109047878920
6000000109047878925
6000000109047878929
6000000109047878948
6000000109047878952
6000000109048370912
6000000109049469827
6000000109049469835
6000000109049469931
6000000109049559869
6000000109051841878
6000000109051841906
6000000109051841923
6000000109054291839
6000000109054398822
6000000109054398827
6000000110591935878
6000000110592016828
6000000110623035822
6000000110623035825
6000000110623035828
6000000110672006825
6000000110672006914
6000000110672007005
6000000110672007022
6000000110672007031
6000000110672007041
6000000110672007050
6000000110672007059
6000000111243023888
6000000111823543479
6000000111825771881
6000000111825847904
6000000112863129908
6000000112954167177
6000000112954167181
6000000112962726875
6000000112962726879
6000000113322331919
6000000113459134821
6000000113507664845
6000000113788537849
6000000114073185828
6000000114277807821
6000000114336995870
6000000114554682821
6000000114621543987
6000000114645008890
6000000114645943889
6000000114645943919
6000000114645943987
6000000114645944002
6000000114645944019
6000000114646646974
6000000114646647209
6000000114646647213
6000000114646647216
6000000114646847007
6000000114646847024
6000000114646998867
6000000114647383957
6000000114647384008
6000000114647384014
6000000114647384071
6000000114647384078
6000000114647817863
6000000114648132035
6000000114648447880
6000000114648447900
6000000114648832102
6000000114688121941
6000000114688269994
6000000114688305964
6000000114690080882
6000000114690080886
6000000114690356994
6000000114690406926
6000000114691330829
6000000114691330835
6000000114691422865
6000000114691422928
6000000114691422931
6000000114706451862
6000000114706451921
6000000114706451931
6000000114708247243
6000000114708672886
6000000114708672897
6000000114708672903
6000000114747707830
6000000114812481872
6000000114813282895
6000000114813282903
6000000114813282908
6000000114813282966
6000000114813425915
6000000114813425928
6000000114813425941
6000000114813425947
6000000114813425959
6000000114813425971
6000000114813425983
6000000114817870822
6000000115187255844
6000000115187255859
6000000115187255864
6000000115187255879
6000000115187255889
6000000115187255902
6000000115187255912
6000000115255393832
6000000115269347300
6000000115273276882
6000000115407104830
6000000115407418867
6000000115407418872
6000000115407533863
6000000115407533869
6000000115407533874
6000000115407533878
6000000115407533883
6000000115407533897
6000000115407534050
6000000115413842828
6000000115414681828
6000000115414681833
6000000115414681839
6000000115414681877
6000000115414681903
6000000115415614822
6000000115587633856
6000000115684778875
6000000115684951891
6000000115685031845
6000000115712059828
6000000115777240822
6000000115777240827
6000000115799546822
6000000115823658822
6000000115825718844
6000000115917260822
6000000116313266899
6000000116313266905
6000000116332631843
6000000116756067968
6000000116942003847
6000000117366211823
6000000117366211857
6000000117366650136
6000000117395104874
6000000117451168823
6000000117702209908
6000000117702228913
6000000117838975929
6000000117839317922
6000000117840091833
6000000119981069839
6000000120281621348
6000000120487113834
6000000120575332201
6000000121083301862
6000000121083301866
6000000121083301870
6000000121083301874
6000000121083301882
6000000121372616828
6000000121558134974
6000000121574040822
6000000121574064824
6000000121574064831
6000000121574064838
6000000121574064873
6000000121574064897
6000000121574064998
6000000121574065056
6000000121574065063
6000000121574065070
6000000121574065077
6000000121574159839
6000000121574159853
6000000121616793950
6000000121944704854
6000000122504764866
6000000122504848918
6000000122552122878
6000000122721961875
6000000123478413891
6000000123488396870
6000000124318507049
6000000124398281919
6000000124441829833
6000000124441829864
6000000124441895824
6000000124467104853
6000000124483919822
6000000124483919834
6000000124483919840
6000000124483919847
6000000124483919854
6000000124483919861
6000000124483919868
6000000125326041205
6000000125327548965
6000000126169618180
6000000126169996012
6000000126843112822
6000000126966994841
6000000127068557154
6000000127137418868
6000000127343252135
6000000127343408107
6000000127344448952
6000000127344676919
6000000127345047821
6000000127345097836
6000000127345668833
6000000127560911051
6000000127561347886
6000000127561687937
6000000127562031851
6000000127562313821
6000000127567464893
6000000128074379011
6000000128550146822
6000000128550146834
6000000128550146840
6000000128936608973
6000000129029619864
6000000129031103821
6000000129047372900
6000000129047433835
6000000129047821212
6000000129049001942
6000000129051353322
6000000129051479303
6000000129051479307
6000000129052418825
6000000129052485107
6000000129052731825
6000000129053010845
6000000129307738154
6000000129310142074
6000000129311838864
6000000129320136839
6000000129322595883
6000000129322780937
6000000129323068886
6000000129323320875
6000000129323407941
6000000129323449827
6000000129325576978
6000000129389109952
6000000129389960875
6000000129390016836
6000000129391548860
6000000129391727836
6000000129391855821
6000000129406418922
6000000129417584905
6000000129418788858
6000000129419611856
6000000129472670844
6000000129473617878
6000000129473639847
6000000129570022821
6000000129817396821
6000000129817746821
6000000129818298821
6000000129818449826
6000000129820297821
6000000129873083834
6000000129908187961
6000000130179682833
6000000130638434821
6000000130639458832
6000000130658324995
6000000130659849821
6000000130660029821
6000000130662267874
6000000130662341821
6000000130974240127
6000000130982287882
6000000130983425825
6000000130983582822
6000000130983639837
6000000130983664859
6000000130983868821
6000000131459911883
6000000132335811911
6000000132337795821
6000000132341452914
6000000132341567943
6000000132342195108
6000000132345328896
6000000132407414029
6000000132407581140
6000000132407940044
6000000132408053002
6000000132409352075
6000000132410452939
6000000132410933824
6000000132825654824
6000000132825837841
6000000133674238434
6000000133676114196
6000000133676581072
6000000133678038026
6000000133678216849
6000000133678390826
6000000133678604845
6000000133678908833
6000000133678944835
6000000133679149870
6000000133679254863
6000000133679487832
6000000133679555919
6000000133680279867
6000000133680736865
6000000133680863821
6000000133683059077
6000000133683999896
6000000133684390924
6000000133685752853
6000000134129691880
6000000134130224829
6000000134130985830
6000000134307629033
6000000134623919828
6000000134955346830
6000000135179582821
6000000135181412833
6000000135290998905
6000000135484801831
6000000135484801834
6000000135484801837
6000000135484801840
6000000135484801843
6000000135852607929
6000000136301051857
6000000136409213834
6000000136410477822
6000000136412458821
6000000136903593835
6000000136946446015
6000000136946489954
6000000136946666878
6000000136946802846
6000000136955381852
6000000136959079981
6000000136959705934
6000000136962118821
6000000136977490959
6000000136977755076
6000000136977760970
6000000136978217933
6000000136978592919
6000000136978714921
6000000136978726883
6000000137019412823
6000000137035699159
6000000137037692965
6000000137040645830
6000000137705230846
6000000137705766821
6000000138122751097
6000000138123421974
6000000138124139822
6000000139291479865
6000000139446803141
6000000139448112892
6000000139448587853
6000000139464031893
6000000139464886821
6000000139573193821
6000000139621556929
6000000139816687843
6000000139894401866
6000000140031330241
6000000140032299999
6000000140032553092
6000000140032732945
6000000140032976904
6000000140033461822
6000000140040811037
6000000140041981032
6000000140100127537
6000000140101194179
6000000140102938895
6000000140102995821
6000000140112056841
6000000140112056848
6000000140112056864
6000000140112056870
6000000140112056879
6000000140112056897
6000000140112056904
6000000140112056913
6000000140112056931
6000000140112056938
6000000140112056945
6000000140112056954
6000000140112056961
6000000140112056975
6000000140112056982
6000000140112056988
6000000140112056994
6000000140112057001
6000000140112057007
6000000140112057013
6000000140112057020
6000000140112057026
6000000140112057032
6000000140112057039
6000000140112057045
6000000140112057051
6000000140112057058
6000000140112057065
6000000140112112833
6000000140112112847
6000000140112112856
6000000140112112884
6000000140112112908
6000000140112112915
6000000140112112924
6000000140112112931
6000000140112112938
6000000140112112945
6000000140112112954
6000000140112112963
6000000140112113006
6000000140112113036
6000000140112151860
6000000140112151869
6000000140112227828
6000000140112227850
6000000140112264822
6000000140112264828
6000000140112264915
6000000140112264972
6000000140112297859
6000000140112297884
6000000140112297893
6000000140112297902
6000000140112297909
6000000140112297943
6000000140112298058
6000000140185193880
6000000140185256883
6000000140185448833
6000000141159105009
6000000141159594873
6000000142096930248
6000000142436266056
6000000142436869831
6000000142439601052
6000000142439601203
6000000142439601210
6000000142439601217
6000000142903927885
6000000142907178867
6000000143124675862
6000000143125219877
6000000143168974831
6000000143168974840
6000000143168974843
6000000143206047947
6000000143206950848
6000000143890502911
6000000143981612862
6000000143981790912
6000000143982751821
6000000143983075855
6000000144039851828
6000000144039851834
6000000144383338851
6000000144744068837
6000000145346091057
6000000145348654917
6000000145934419015
6000000145934748923
6000000146003440924
6000000146007292822
6000000146007292834
6000000146007292868
6000000146007292878
6000000146007292903
6000000146007292916
6000000146007292919
6000000146007292922
6000000146007292930
6000000146007292992
6000000146007293035
6000000146007293044
6000000146007293075
6000000146007691914
6000000146007765036
6000000146007765044
6000000146007765054
6000000146007804822
6000000146007804835
6000000146007804845
6000000146007804859
6000000146007804870
6000000146007804882
6000000146007804890
6000000146007804898
6000000146007804904
6000000146007804918
6000000146007804926
6000000146007804934
6000000146007804944
6000000146007804954
6000000146007804964
6000000146007804974
6000000146007827872
6000000146007908905
6000000146007909038
6000000148094792998
6000000148235932908
6000000148235932921
6000000148235932952
6000000148235932965
6000000150392166878
6000000151376347821
6000000151377905063
6000000151378954914
6000000151379060960
6000000151379257833
6000000151469095854
6000000151657161901
6000000151657197831
6000000151657197849
6000000151657197858
6000000151906347909
6000000152649934970
6000000152650256822
6000000152650256875
6000000152650256884
6000000152650256904
6000000152650256910
6000000152650256925
6000000152650256953
6000000152650256960
6000000152650256998
6000000152650257043
6000000152650257064
6000000152650257076
6000000152650257119
6000000152650406916
6000000152651287876
6000000152651555829
6000000152651555840
6000000152651555850
6000000152651555859
6000000152651555868
6000000152651555880
6000000152651555901
6000000152651555913
6000000152651555921
6000000152651555928
6000000152651555972
6000000152651556013
6000000152651556020
6000000152651556038
6000000152651556046
6000000152651556055
6000000152651556087
6000000152653514858
6000000152653514877
6000000152653514934
6000000152653515004
6000000152653515035
6000000152653515180
6000000152653515277
6000000152653515299
6000000152654713822
6000000152654713853
6000000152654713888
6000000152654793822
6000000152654793826
6000000152654793832
6000000152654793843
6000000152654793900
6000000152654793910
6000000152654793932
6000000152654793937
6000000152654793968
6000000152654794005
6000000152654794011
6000000152654794035
6000000152654794120
6000000152654794157
6000000152654794164
6000000152654794173
6000000152655582870
6000000152655983828
6000000152655983840
6000000152655983847
6000000152655983860
6000000152655983875
6000000152655983882
6000000152655983896
6000000152656280862
6000000152656280915
6000000152656280927
6000000152656280975
6000000152656280980
6000000152656281011
6000000152656281056
6000000152656281189
6000000152656943831
6000000152656943838
6000000152656943843
6000000152656943865
6000000152656943883
6000000152656943892
6000000152656943905
6000000152656943929
6000000152656943937
6000000152656943955
6000000152656943975
6000000152656944040
6000000152656944056
6000000152657074822
6000000152657074831
6000000152657074835
6000000152657074842
6000000152657074859
6000000152657074887
6000000152657074905
6000000152657074917
6000000152657074923
6000000152657074935
6000000152657074942
6000000152657074949
6000000152657074956
6000000152657209822
6000000152657209883
6000000152657209906
6000000152657209933
6000000152657278822
6000000152657278858
6000000152657278875
6000000152657278879
6000000152657278894
6000000152657278921
6000000152657278930
6000000152657278936
6000000152657278974
6000000152657278986
6000000152657279002
6000000152657279008
6000000152657279025
6000000152657279040
6000000152657279046
6000000152657279056
6000000152657279086
6000000152657279110
6000000152657347922
6000000152662785829
6000000152662785856
6000000152662785889
6000000152662785916
6000000152662785934
6000000152662785961
6000000152664076133
6000000152664257822
6000000152664257851
6000000152664257859
6000000152664257864
6000000152664257882
6000000152664257915
6000000152664257921
6000000152664257931
6000000152664257937
6000000152664257945
6000000152664257958
6000000152664257974
6000000152664258004
6000000152664258016
6000000152664258035
6000000152664258047
6000000152664258051
6000000152664258056
6000000152664258072
6000000152664258084
6000000152664258103
6000000152664258110
6000000152664258114
6000000152664258119
6000000152664258134
6000000152667644822
6000000152667644828
6000000152667644834
6000000152667644840
6000000152667644846
6000000152667644853
6000000152667644864
6000000152667802829
6000000152667802836
6000000152667802844
6000000152667802851
6000000152667802858
6000000152667802865
6000000152667802893
6000000152667802902
6000000152667802908
6000000152667802916
6000000152667802922
6000000152667802929
6000000152667802936
6000000152667802943
6000000152667802950
6000000152667802958
6000000152667802967
6000000152667802974
6000000152667802988
6000000152667802997
6000000152667803005
6000000152667803012
6000000152667803020
6000000152667803027
6000000152667803034
6000000152667803047
6000000152667803054
6000000152667803061
6000000152667803068
6000000152667803078
6000000152667803084
6000000152667803092
6000000152667803100
6000000152667803108
6000000152667803115
6000000152667803122
6000000152667803132
6000000152667803139
6000000152667803145
6000000152667803153
6000000152667803160
6000000152667803167
6000000152667803175
6000000152667803179
6000000152667803186
6000000152667803193
6000000152667803202
6000000152667803209
6000000152667803216
6000000152667803231
6000000152667803238
6000000152667803253
6000000152667803260
6000000152667803268
6000000152667803274
6000000152667803282
6000000152667803289
6000000152667957822
6000000152667957826
6000000152667957833
6000000152667957846
6000000152667957856
6000000152667957864
6000000152667957872
6000000152667957879
6000000152667957899
6000000152667957906
6000000152667957912
6000000152667957928
6000000152667957940
6000000152667957946
6000000152667957954
6000000152667957961
6000000152667957968
6000000152667957976
6000000152667957982
6000000152667958009
6000000152667958016
6000000152667958030
6000000152667958044
6000000152667958062
6000000152667958070
6000000152667958081
6000000152667958089
6000000152667958097
6000000152667958105
6000000152667958114
6000000152667958121
6000000152667958129
6000000152667958137
6000000152667958145
6000000152667958152
6000000152668378832
6000000152668378839
6000000152668378843
6000000152668378851
6000000152668378860
6000000152668378869
6000000152668378877
6000000152668378888
6000000152668378894
6000000152668378900
6000000152668378907
6000000152668378914
6000000152668378939
6000000152668378946
6000000152668378953
6000000152668378964
6000000152668378971
6000000152668378977
6000000152668378986
6000000152668378990
6000000152668379015
6000000152668379022
6000000152668379029
6000000152668379034
6000000152668379041
6000000152668379066
6000000152668379072
6000000152668379079
6000000152668379101
6000000152668379115
6000000152668379122
6000000152668379129
6000000152668379137
6000000152668379142
6000000152668379148
6000000152668379156
6000000152668379166
6000000152668379173
6000000152668379178
6000000152668379186
6000000152668379194
6000000152668379201
6000000152668379227
6000000152668379234
6000000152668379264
6000000152668379282
6000000152668379290
6000000152668379297
6000000152668379312
6000000152668379321
6000000152668379330
6000000152668379344
6000000152668379353
6000000152668379359
6000000152668379374
6000000152668379381
6000000152668379387
6000000152668379394
6000000152668379416
6000000152668379428
6000000152668379435
6000000152668379444
6000000152668379452
6000000152668379465
6000000152668379473
6000000152668379479
6000000152668379491
6000000152668467822
6000000152668467838
6000000152668467848
6000000152668467861
6000000152668467893
6000000152668467933
6000000152668467941
6000000152668467972
6000000152668467986
6000000152668467991
6000000152668467995
6000000152668468027
6000000152668468034
6000000152668557822
6000000152668557831
6000000152668557843
6000000152668557855
6000000152668557882
6000000152668615822
6000000152668615830
6000000152668615840
6000000152668615851
6000000152668615859
6000000152668615881
6000000152668615888
6000000152668615896
6000000152668615904
6000000152668615912
6000000152668615920
6000000152668615928
6000000152668615936
6000000152668675822
6000000152668675828
6000000152668675924
6000000152668748869
6000000152668748876
6000000152668748889
6000000152668748912
6000000152668748929
6000000152668748936
6000000152668748990
6000000152668749007
6000000152668749011
6000000152668749018
6000000152668763880
6000000152668909822
6000000152668909830
6000000152668909843
6000000152668909855
6000000152668909860
6000000152668909902
6000000152668909911
6000000152668909917
6000000152668909923
6000000152668909937
6000000152668909946
6000000152668909951
6000000152668909958
6000000152668909980
6000000152668909998
6000000152668910003
6000000152668910050
6000000152668910062
6000000152668910075
6000000152668910083
6000000152668910111
6000000152668910124
6000000152668910132
6000000152668910147
6000000152668910181
6000000152668960831
6000000152668960842
6000000152668960849
6000000152668960859
6000000152668960867
6000000152668960874
6000000152668960888
6000000152668960895
6000000152668960903
6000000152668960908
6000000152669014836
6000000152669014866
6000000152669014916
6000000152669014929
6000000152669014961
6000000152669015010
6000000152669015110
6000000152669015126
6000000152669015139
6000000152669015203
6000000152669015279
6000000152669015296
6000000152669015319
6000000152669015332
6000000152669015389
6000000152669015404
6000000152669015437
6000000152669015511
6000000152669015526
6000000152669015550
6000000152669015593
6000000152669015614
6000000152669015621
6000000152669015629
6000000152669015636
6000000152669015681
6000000152669015691
6000000152669015697
6000000152669015738
6000000152669015745
6000000152669015773
6000000152669015787
6000000152669015818
6000000152669036838
6000000152669660987
6000000152669787822
6000000152669787831
6000000152669787839
6000000152669787848
6000000152669787855
6000000152669787862
6000000152669787868
6000000152669787875
6000000152669787884
6000000152669787907
6000000152669787915
6000000152669787941
6000000152669787954
6000000152669787961
6000000152669787975
6000000152669787992
6000000152669788001
6000000152669788012
6000000152669788019
6000000152669788028
6000000152669788035
6000000152669788043
6000000152669788051
6000000152669788059
6000000152669788081
6000000152669788096
6000000152669788102
6000000152669788110
6000000152669788125
6000000152669788133
6000000152669788142
6000000152669788183
6000000152669788197
6000000152669788209
6000000152669788224
6000000152669788231
6000000152669788238
6000000152669788265
6000000152669788272
6000000152669788279
6000000152669788284
6000000152669788291
6000000152669788307
6000000152669788314
6000000152669788320
6000000152669788327
6000000152669788343
6000000152669788350
6000000152669788366
6000000152669963936
6000000152669963964
6000000152670044829
6000000152670044842
6000000152670044865
6000000152670044873
6000000152670044935
6000000152670044958
6000000152670562826
6000000152670841822
6000000152670841844
6000000152670841852
6000000152670841866
6000000152670841873
6000000152670841879
6000000152670841887
6000000152670841896
6000000152670841905
6000000152670841911
6000000152670841918
6000000152670841925
6000000152670841932
6000000152670841940
6000000152670841947
6000000152670841955
6000000152670841963
6000000152670841981
6000000152670841991
6000000152670841999
6000000152670842005
6000000152670842032
6000000152670842037
6000000152670842044
6000000152670842077
6000000152670842089
6000000152670842096
6000000152670842108
6000000152670842128
6000000152670842134
6000000152670842148
6000000152670842156
6000000152670842166
6000000152670842180
6000000152670842187
6000000152670842195
6000000152670842204
6000000152670842224
6000000152670842232
6000000152670842242
6000000152670842247
6000000152670842254
6000000152670842271
6000000152670842277
6000000152670842287
6000000152670842295
6000000152670842314
6000000152670842338
6000000152670842346
6000000152670842354
6000000152670842362
6000000152670842368
6000000152670842379
6000000152670842386
6000000152670842394
6000000152670842400
6000000152670842409
6000000152670842421
6000000152670842429
6000000152671466995
6000000152671467086
6000000152671467155
6000000152671467819
6000000152671508196
6000000152671508229
6000000152671508370
6000000152671508457
6000000152672165822
6000000152672165829
6000000152672165836
6000000152672165849
6000000152672165854
6000000152672165861
6000000152672165868
6000000152672446822
6000000152672446829
6000000152672446844
6000000152672446853
6000000152672446860
6000000152672446880
6000000152672446894
6000000152672446903
6000000152672446919
6000000152672446926
6000000152672446955
6000000152672446969
6000000152672446977
6000000152672446984
6000000152672446998
6000000152672447012
6000000152672447026
6000000152672447064
6000000152672447076
6000000152672447084
6000000152672447117
6000000152672447124
6000000152672447133
6000000152672447142
6000000152672447156
6000000152672447163
6000000152672802822
6000000152673014822
6000000152673014835
6000000152673014841
6000000152673014849
6000000152673014862
6000000152673014892
6000000152673014899
6000000152673014905
6000000152673014918
6000000152673014934
6000000152673014946
6000000152673014995
6000000152673015010
6000000152673015018
6000000152673015029
6000000152673015043
6000000152673015061
6000000152673015081
6000000152673015107
6000000152673015126
6000000152673015166
6000000152673015191
6000000152673015215
6000000152673015296
6000000152673015314
6000000152673015352
6000000152673015367
6000000152673015381
6000000152673015387
6000000152673015394
6000000152673015403
6000000152673015410
6000000152673510822
6000000152673510829
6000000152673510836
6000000152673510843
6000000152673510849
6000000152673510860
6000000152673510865
6000000152673510870
6000000152673510884
6000000152673510895
6000000152673510902
6000000152673510906
6000000152673658822
6000000152673658840
6000000152673658846
6000000152673658855
6000000152673658859
6000000152673658868
6000000152676576853
6000000152676576860
6000000152676576894
6000000152676576902
6000000152676828822
6000000152676828829
6000000152676828836
6000000152676828858
6000000152676828865
6000000152676828873
6000000152676828889
6000000152676828906
6000000152676828929
6000000152676828958
6000000152676828972
6000000152676829008
6000000152676829015
6000000152677278833
6000000152677278840
6000000152677278850
6000000152677278868
6000000152677278942
6000000152677278958
6000000152677278965
6000000152677482919
6000000152677483081
6000000152677611822
6000000152677866830
6000000152677866851
6000000152677866861
6000000152677866870
6000000152677866932
6000000152677866987
6000000152677866996
6000000152677867012
6000000152677867017
6000000152677867085
6000000152677867094
6000000152677867135
6000000152677867260
6000000152677867288
6000000152677867372
6000000152677867407
6000000152677867424
6000000152677867437
6000000152677867446
6000000152677867467
6000000152678286822
6000000152678286830
6000000152678286843
6000000152678286859
6000000152678286866
6000000152678286873
6000000152678286877
6000000152678286889
6000000152678286908
6000000152678286922
6000000152679614150
6000000152686439839
6000000152686439911
6000000152686439985
6000000152686439990
6000000152686439997
6000000152686974822
6000000152686974831
6000000152688433852
6000000152688433872
6000000152688433877
6000000152688433883
6000000152688433901
6000000152688433928
6000000152688433936
6000000152688433955
6000000152688433967
6000000152688433989
6000000152688434024
6000000152688434030
6000000152688434057
6000000152688727822
6000000152688727831
6000000152688727844
6000000152689955974
6000000152690097822
6000000152690097833
6000000152690984829
6000000152690984835
6000000152690984840
6000000152691233822
6000000152691233830
6000000152691233835
6000000152691233842
6000000152691233850
6000000152691233866
6000000152691233871
6000000152691233876
6000000152691431822
6000000152691431844
6000000152691513822
6000000152691513848
6000000152691513867
6000000152691513884
6000000152691513891
6000000152691513899
6000000152691513906
6000000152691513934
6000000152691614868
6000000152691683822
6000000152691683829
6000000152691683852
6000000152691683867
6000000152691683875
6000000152691683882
6000000152691683889
6000000152691683907
6000000152691683914
6000000152691683921
6000000152691683929
6000000152691683936
6000000152691683947
6000000152691683954
6000000152691683961
6000000152691683968
6000000152691683976
6000000152691683984
6000000152691683989
6000000152691683997
6000000152691684009
6000000152691684016
6000000152691684023
6000000152691684042
6000000152691684049
6000000152691684057
6000000152691684072
6000000152691684089
6000000152691684097
6000000152693526822
6000000152693526827
6000000152693526859
6000000152693526867
6000000152693526872
6000000152693526892
6000000152693671822
6000000152693671828
6000000152693671836
6000000152693671840
6000000152693671851
6000000152693671858
6000000152693671864
6000000152693671878
6000000152693671909
6000000152693671915
6000000152693671921
6000000152693671928
6000000152693671935
6000000152693671943
6000000152693671950
6000000152693671957
6000000152693671971
6000000152693671975
6000000152693671980
6000000152693671987
6000000152693671995
6000000152693672027
6000000152693672034
6000000152693672041
6000000152693672047
6000000152693838822
6000000152693838828
6000000152693838845
6000000152693838851
6000000152693985829
6000000152693985837
6000000152694160822
6000000152694160837
6000000152694266829
6000000152694266833
6000000152694266866
6000000152694266902
6000000152694266932
6000000152694266943
6000000152702150822
6000000152702150827
6000000152702612822
6000000152711965822
6000000152712929822
6000000152712929827
6000000152712929834
6000000152712929840
6000000152712929848
6000000152712929855
6000000152712929861
6000000152712929869
6000000152712929876
6000000152712929884
6000000152712929891
6000000152712929898
6000000152716703822
6000000152716703829
6000000152716703836
6000000152716703849
6000000152716703856
6000000152716703873
6000000153179172823
6000000153929142983
6000000154019714842
6000000154019837831
6000000154021223853
6000000154039955871
6000000154358400821
6000000154365826853
6000000154439954849
6000000154454201821
6000000154458463821
6000000154460486821
6000000154509781821
6000000154510792827
6000000154606018957
6000000154606760834
6000000154608721877
6000000154609791871
6000000154637156088
6000000154640671838
6000000154640902821
6000000154696070846
6000000154764302858
6000000154860487905
6000000155235156893
6000000155531325877
6000000155533455883
6000000155541136836
6000000155543677823
6000000155547867840
6000000155642533821
6000000158275380821
6000000159058661821
6000000159058980821
6000000160058721836
6000000161560623821
6000000163197870896
6000000163198263870
6000000163198643847
6000000164281914344
6000000164281914388
6000000164281914394
6000000164281914486
6000000164281914491
6000000164281914496
6000000164281914511
6000000164281914562
6000000164281914570
6000000164281914626
6000000164281914648
6000000164282008260
6000000164282008268
6000000164282008302
6000000164282008319
6000000164282008328
6000000164282008543
6000000164455541309
6000000164462975979
6000000164463076983
6000000164909246446
6000000164911267880
6000000164954636929
6000000165154904922
6000000165711979833
6000000166200281841
6000000166392702833
6000000166847069828
6000000166892745899
6000000167009304821
6000000167250725207
6000000167251941937
6000000167252136844
6000000167252347821
6000000167417222918
6000000167453669822
6000000167799523943
6000000168279683821
6000000168347239108
6000000168347613927
6000000168347674893
6000000168906332086
6000000168907268000
6000000168907497914
6000000169027420932
6000000169027421064
6000000169027421097
6000000169027421142
6000000169027421158
6000000169027421167
6000000169027421183
6000000171352689823
6000000171352689831
6000000171352689857
6000000171353120971
6000000171354486851
6000000171354486866
6000000171354486874
6000000171354486881
6000000171354486888
6000000171354486895
6000000171354486901
6000000171354486908
6000000171354486917
6000000171354486926
6000000171354486934
6000000171354486941
6000000171354486950
6000000171354850889
6000000171354850898
6000000171355121837
6000000171355121905
6000000171357696828
6000000171357696840
6000000172232234813
6000000172233149054
6000000172233922357
6000000172235250950
6000000172253660537
6000000172255298903
6000000172267180473
6000000172268155072
6000000172414656548
6000000172417744877
6000000172421954632
6000000172423005242
6000000172455103251
6000000172455206107
6000000173724249664
6000000173726155995
6000000173727669836
6000000174355490851
6000000174355490855
6000000174355490859
6000000174355490864
6000000174355490872
6000000174356265835
6000000174356265840
6000000174356502854
6000000174356518822
6000000174356565822
6000000174356565825
6000000174356565829
6000000174356565832
6000000174356565835
6000000174356565838
6000000174356565848
6000000174356565856
6000000174356565867
6000000174356565888
6000000174356565901
6000000174356587839
6000000174356587855
6000000174356587887
6000000174356587898
6000000174356587920
6000000174356607822
6000000174356607826
6000000174356607831
6000000174356607835
6000000174356607848
6000000174356607852
6000000174356607860
6000000174356607867
6000000174356607872
6000000174356607877
6000000174356607888
6000000174356607891
6000000174356607896
6000000174356625848
6000000174356625851
6000000174356625862
6000000174356625908
6000000174356625957
6000000174356625976
6000000174356625993
6000000174356819950
6000000174356819966
6000000174356819971
6000000174356819975
6000000174416667078
6000000174416787116
6000000174416956026
6000000174417127962
6000000174417260945
6000000174417306959
6000000174417424879
6000000174425050726
6000000174426647821
6000000174567701349
6000000174806274857
6000000174806274867
6000000174806339835
6000000174806554830
6000000174806554834
6000000174836675407
6000000175320920948
6000000175336394858
6000000175336658870
6000000175336658875
6000000175336658884
6000000175336658893
6000000175336658899
6000000175336658907
6000000175336658916
6000000175336658924
6000000175336658935
6000000175336658945
6000000175336658973
6000000175336658977
6000000175351252919
6000000175351426012
6000000175351426020
6000000175351426028
6000000175351426036
6000000175351426044
6000000175351426060
6000000175351426068
6000000175351426074
6000000175457426890
6000000175465635836
6000000175465635919
6000000175465635929
6000000175465635955
6000000175465635979
6000000175465790902
6000000175465790918
6000000175465790926
6000000175465790935
6000000175465790960
6000000175465790974
6000000175465790979
6000000175465834822
6000000175709783895
6000000175709783945
6000000175709783950
6000000175709783965
6000000175709783982
6000000175709783990
6000000175709783999
6000000175752190836
6000000175835835822
6000000175852025870
6000000175852025891
6000000175852025897
6000000175852025915
6000000175852025920
6000000175857858823
6000000175929541843
6000000175979063835
6000000175979108823
6000000175979289853
6000000176004798003
6000000176009029873
6000000176009871863
6000000176067751906
6000000176099710863
6000000176103424884
6000000176103865840
6000000176163203959
6000000176163638963
6000000176164400894
6000000176164896901
6000000176164947883
6000000176165239847
6000000176165932833
6000000176165988825
6000000176166416843
6000000176166847852
6000000176167495839
6000000176167530835
6000000176167649948
6000000176167940833
6000000176168181839
6000000176168342841
6000000176168572823
6000000176168660871
6000000176174447941
6000000176174975865
6000000176176540837
6000000176199267844
6000000176199493843
6000000176199848882
6000000176200242864
6000000176200408856
6000000176200766822
6000000176200794821
6000000176276127840
6000000176276229821
6000000176305331831
6000000176474470889
6000000176474470897
6000000176474470905
6000000176474470913
6000000176474470921
6000000176474470931
6000000176474470939
6000000176474470948
6000000176474470956
6000000176474470964
6000000176477127899
6000000176477797838
6000000176477866828
6000000176478085827
6000000176478146822
6000000176624309868
6000000176625446821
6000000177031940837
6000000177042144847
6000000177174370827
6000000177174487893
6000000177174552822
6000000177174552857
6000000177351609861
6000000177363013822
6000000177363049821
6000000177363651824
6000000177430557861
6000000177431392822
6000000177501651836
6000000177503323832
6000000177503617828
6000000177503879821
6000000177586232842
6000000177591999871
6000000177614293905
6000000177614863893
6000000177615296849
6000000177615737849
6000000177616043845
6000000177616074831
6000000177648207846
6000000177653236872
6000000177653267850
6000000177653538865
6000000177653949822
6000000177654556821
6000000177654675821
6000000177655134908
6000000177656059877
6000000177656643852
6000000177656672888
6000000177683702829
6000000177689222928
6000000177689739843
6000000177690025852
6000000177690341864
6000000177690645824
6000000177690907838
6000000177690909832
6000000177865711854
6000000177904358824
6000000178055478824
6000000178055478831
6000000178055478846
6000000178055478853
6000000178055478860
6000000178055478867
6000000178055478876
6000000178055478883
6000000178055478890
6000000178055478896
6000000178055478903
6000000178055478910
6000000178055478925
6000000178055478932
6000000178055478947
6000000178055478970
6000000178055478997
6000000178057079822
6000000178057079828
6000000178057079835
6000000178057079843
6000000178057079848
6000000178057079856
6000000178057102822
6000000178057102829
6000000178057102836
6000000178057102843
6000000178057102851
6000000178057102858
6000000178057102873
6000000178057102877
6000000178057102885
6000000178057102892
6000000178379404859
6000000178379960844
6000000178545485889
6000000178545486003
6000000178545754915
6000000178546234853
6000000178546248838
6000000178546523905
6000000178546550890
6000000178546607849
6000000178546886839
6000000178546984848
6000000178547018856
6000000178547035858
6000000178547044854
6000000178547429867
6000000178547498868
6000000178547519893
6000000178547776830
6000000178548066826
6000000178548391833
6000000178548482825
6000000178548664877
6000000178548833873
6000000178548927852
6000000178548934868
6000000178549083889
6000000178549183849
6000000178549287871
6000000178549384882
6000000178549396821
6000000178549509828
6000000178549636826
6000000178638922933
6000000178641114851
6000000178641856824
6000000178642081822
6000000178749387847
6000000178793554881
6000000178793727891
6000000178793768878
6000000178793980898
6000000178794018889
6000000178794082883
6000000178794141887
6000000178794287858
6000000178794353834
6000000178794440875
6000000178794668840
6000000178794680852
6000000178794683854
6000000178794687836
6000000178794757852
6000000178794831823
6000000178794921845
6000000178794932825
6000000178794973832
6000000178794999821
6000000178795028823
6000000178795067857
6000000178795086852
6000000178795177844
6000000178795218822
6000000178795253826
6000000178795360828
6000000178795370821
6000000178795554821
6000000178795567827
6000000178795709821
6000000178795717823
6000000178913798001
6000000178914959996
6000000178915186023
6000000178915542947
6000000178916323880
6000000178916412917
6000000178916459851
6000000178916543943
6000000178916547925
6000000178916677903
6000000178916715907
6000000178916898908
6000000178916923865
6000000178917049838
6000000178917140855
6000000178917172871
6000000178917191862
6000000178917217910
6000000178917225876
6000000178917237883
6000000178917243847
6000000178917247862
6000000178917285853
6000000178917322844
6000000178917328885
6000000178917357869
6000000178917369858
6000000178917376830
6000000178917412856
6000000178917468857
6000000178917492859
6000000178917506848
6000000178917506855
6000000178917508846
6000000178917533835
6000000178917534881
6000000178917576851
6000000178917618844
6000000178917661869
6000000178917662852
6000000178917703827
6000000178917722864
6000000178917729846
6000000178917733851
6000000178917735823
6000000178917740839
6000000178917758844
6000000178917816821
6000000178917872822
6000000178917880821
6000000178917883839
6000000178917888827
6000000178917895824
6000000178917966827
6000000178918011826
6000000178918011846
6000000178918015868
6000000178918016843
6000000178918023825
6000000178918027844
6000000178918035821
6000000178918040831
6000000178918056828
6000000178918090835
6000000178918132822
6000000178918134827
6000000178918141824
6000000178918192840
6000000178918207842
6000000178918212822
6000000178918216827
6000000178918232826
6000000178918239822
6000000178918246839
6000000178918285821
6000000178918316822
6000000178918374828
6000000178918375822
6000000178918422849
6000000178918428821
6000000178918443849
6000000178918444821
6000000178918494826
6000000178918520823
6000000178918529825
6000000178918541826
6000000178918560829
6000000178918571830
6000000178918574821
6000000178918614821
6000000179130654849
6000000179131681822
6000000179131695821
6000000179341457874
6000000179342372877
6000000179342674821
6000000179342685822
6000000179367069882
6000000179367165922
6000000179368408851
6000000179368525873
6000000179368634837
6000000179368669822
6000000179369263900
6000000179370478845
6000000179370799868
6000000179371053822
6000000179380171841
6000000179382679854
6000000179383461829
6000000179384365865
6000000179385485822
6000000179388671946
6000000179389494926
6000000179394039897
6000000179394695860
6000000179395754834
6000000179395799884
6000000179395891826
6000000179396115907
6000000179396972884
6000000179397047847
6000000179398084827
6000000179398129823
6000000179398263828
6000000179489873872
6000000179489936830
6000000179490053841
6000000179490125863
6000000179490129827
6000000179490153841
6000000179490393831
6000000179490574824
6000000179490802821
6000000179542750823
6000000179543051842
6000000179543488837
6000000179543712837
6000000179543830839
6000000179544117829
6000000179556988850
6000000179557127887
6000000179557385821
6000000179557386831
6000000179557589821
6000000179557725848
6000000179557762853
6000000179557897836
6000000179560801910
6000000179562131875
6000000179562284876
6000000179563653843
6000000179563790838
6000000179563949826
6000000179564420826
6000000179564558823
6000000179564690821
6000000179637866877
6000000179731044822
6000000179780727869
6000000179782019839
6000000179807488828
6000000179844513821
6000000179858087849
6000000179882317904
6000000179933617884
6000000180094055864
6000000180097215823
6000000180098688840
6000000180126830832
6000000180155875835
6000000180156300821
6000000180183155834
6000000180207009870
6000000180207077857
6000000180207110839
6000000180246615824
6000000180269652859
6000000180280036907
6000000180374874954
6000000180376562831
6000000180381312894
6000000180381879853
6000000180384082952
6000000180385669869
6000000180426583825
6000000180427180822
6000000180427180834
6000000180427180843
6000000180427180851
6000000180427180863
6000000180427180869
6000000180427180875
6000000180427247822
6000000180427247833
6000000180427247839
6000000180427247844
6000000180427247851
6000000180448055829
6000000180486587845
6000000180506708821
6000000180507450838
6000000180536154825
6000000180537262827
6000000180537529824
6000000180549898981
6000000180664811857
6000000180694070858
6000000180745116866
6000000180939987885
6000000180971754855
6000000181011153854
6000000181034732958
6000000181148173861
6000000181345911917
6000000181347739822
6000000181516159854
6000000181641884859
6000000181719498902
6000000181719846861
6000000181835089880
6000000181910211859
6000000181911457897
6000000181920830821
6000000181920852877
6000000182063151822
6000000182073582872
6000000182091444821
6000000182107913866
6000000182130070873
6000000182130342845
6000000182130674858
6000000182167097829
6000000182183203835
6000000182184751823
6000000182311642882
6000000182311933890
6000000182312278837
6000000182312596822
6000000182343654826
6000000182343850823
6000000182343850828
6000000182343850834
6000000182343850862
6000000182343850876
6000000182343850899
6000000182343850910
6000000182343850917
6000000182343937827
6000000182343937833
6000000182343937840
6000000182343937849
6000000182343937857
6000000182343937862
6000000182343937871
6000000182343984823
6000000182343984831
6000000182343984859
6000000182343984867
6000000182343984881
6000000182343984923
6000000182343984937
6000000182343984944
6000000182344074823
6000000182344074831
6000000182344074835
6000000182344152840
6000000182344152879
6000000182344152894
6000000182344155829
6000000182344155836
6000000182344155843
6000000182344155854
6000000182344155861
6000000182344155868
6000000182344155875
6000000182344155884
6000000182344155891
6000000182344155900
6000000182344155912
6000000182344155919
6000000182344155927
6000000182344155934
6000000182344214822
6000000182344214833
6000000182344214839
6000000182344369890
6000000182344668822
6000000182344668836
6000000182344668843
6000000182344668850
6000000182344810822
6000000182362671849
6000000182363726821
6000000182371517827
6000000182578074822
6000000182578074834
6000000182578074845
6000000182578074856
6000000182578094823
6000000182578094835
6000000182578094846
6000000182578094883
6000000182578094901
6000000182578094934
6000000182578156822
6000000182578156833
6000000182578156840
6000000182578156847
6000000182612818823
6000000182612818830
6000000182612818835
6000000182612818842
6000000182612818849
6000000182612818856
6000000182612818861
6000000182612818868
6000000182612818876
6000000182815079824
6000000182815106827
6000000182815106835
6000000182815106841
6000000182815229822
6000000182815229830
6000000182815229837
6000000182815229845
6000000182815229853
6000000182815229860
6000000182815229864
6000000182815229872
6000000182815229880
6000000182815229886
6000000182815323829
6000000182815432822
6000000182815432834
6000000182815432840
6000000182815572828
6000000182815572835
6000000182815572844
6000000182963261865
6000000182964130821
6000000182964499915
6000000182964500031
6000000182964500135
6000000182964500216
6000000182965021165
6000000182965529824
6000000182965529844
6000000182965529851
6000000182965529864
6000000182965529870
6000000182965529884
6000000182965529890
6000000182965529897
6000000182965529903
6000000182965529911
6000000182965529918
6000000182965529925
6000000182965529931
6000000182965529937
6000000182965529944
6000000182965529950
6000000182965529958
6000000182965529964
6000000182965529969
6000000182965530017
6000000182965530023
6000000182965530029
6000000182965530035
6000000182965530042
6000000182965530049
6000000182965530055
6000000182965899915
6000000182965899921
6000000182965900007
6000000182965900013
6000000182965900019
6000000182965900025
6000000182965900102
6000000182965900187
6000000182967994099
6000000182967994117
6000000182967994301
6000000182967994307
6000000182968223014
6000000182968223029
6000000182968223035
6000000182968223043
6000000182968223049
6000000182968223055
6000000182968223061
6000000182968223156
6000000182968223163
6000000182968223189
6000000182968223213
6000000182968223221
6000000182968223229
6000000182968223246
6000000182968234874
6000000182972380923
6000000182972380978
6000000182972381026
6000000182981027832
6000000182981027839
6000000182981027846
6000000182981027853
6000000182982842823
6000000182982842830
6000000183025553834
6000000183055188863
6000000183067366824
6000000183067520858
6000000183080843847
6000000183256924000
6000000183260103906
6000000183260375856
6000000183261143828
6000000183261709822
6000000183261724830
6000000183305315828
6000000183305315892
6000000183305315956
6000000183480838942
6000000183483106869
6000000183485393853
6000000183486308822
6000000183487928828
6000000183547871828
6000000183547871836
6000000183547890822
6000000183573079990
6000000183573079998
6000000183573080006
6000000183573080038
6000000183698740843
6000000183699798823
6000000183705947823
6000000183705947831
6000000183705947837
6000000183705947843
6000000183705947850
6000000183705947858
6000000183706344831
6000000183909836957
6000000183912560822
6000000184061480837
6000000184062271822
6000000184062732823
6000000184062840821
6000000184063098832
6000000184071809833
6000000184082221050
6000000184085039925
6000000184085859864
6000000184086746827
6000000184086925900
6000000184087008881
6000000184087351868
6000000184088072831
6000000184088074837
6000000184116163904
6000000184116168843
6000000184116315822
6000000184116321823
6000000184116373861
6000000184116514826
6000000184116587821
6000000184117386955
6000000184118158822
6000000184118359837
6000000184118528847
6000000184119273825
6000000184119825835
6000000184146985852
6000000184199770845
6000000184199778866
6000000184199894854
6000000184200163824
6000000184200495836
6000000184200529833
6000000184200573829
6000000184200599829
6000000184216077859
6000000184241829834
6000000184241830826
6000000184244367879
6000000184244686827
6000000184245328846
6000000184306476906
6000000184306883889
6000000184307507864
6000000184307625831
6000000184321922873
6000000184321922888
6000000184333804921
6000000184339957832
6000000184340035849
6000000184346430841
6000000184428632093
6000000184462481896
6000000184462555847
6000000184463037839
6000000184463155895
6000000184538348921
6000000184610862072
6000000184638419292
6000000184647238943
6000000184647330873
6000000184647577823
6000000184680021892
6000000184727384840
6000000184727619850
6000000184728136843
6000000184735697831
6000000184735962839
6000000184736303821
6000000184874728870
6000000184874728882
6000000184874728891
6000000184874728993
6000000184875804831
6000000184917476963
6000000185048840838
6000000185049193828
6000000185140287890
6000000185140287951
6000000185140287998
6000000185140435835
6000000185140435887
6000000185140435901
6000000185140435923
6000000185140435929
6000000185140435955
6000000185140436021
6000000185140436076
6000000185140436264
6000000185140436310
6000000185140436382
6000000185140436391
6000000185140436409
6000000185140436457
6000000185140436463
6000000185140436646
6000000185140436652
6000000185140436664
6000000185140436670
6000000185140436678
6000000185140436684
6000000185140436690
6000000185140436696
6000000185140436705
6000000185140436717
6000000185140664828
6000000185140757896
6000000185140757918
6000000185140757924
6000000185141509874
6000000185141516838
6000000185141516933
6000000185142790933
6000000185143557049
6000000185143557055
6000000185143557061
6000000185143557079
6000000185143557122
6000000185143557181
6000000185143557193
6000000185143557314
6000000185143806033
6000000185143806067
6000000185143806081
6000000185143932122
6000000185143986144
6000000185143986540
6000000185143986546
6000000185143986560
6000000185143986566
6000000185143986572
6000000185145015857
6000000185145055865
6000000185162874896
6000000185162874930
6000000185162874938
6000000185165478893
6000000185165478900
6000000185165478924
6000000185165478936
6000000185165478948
6000000185168996895
6000000185169558843
6000000185169867853
6000000185170032822
6000000185329963927
6000000185329963933
6000000185444283950
6000000185473800001
6000000185473927929
6000000185474243940
6000000185474392869
6000000185474971869
6000000185475041858
6000000185477782729
6000000185477888531
6000000185478588563
6000000185483699976
6000000185485149911
6000000185487967237
6000000185488493220
6000000185489724101
6000000185489958078
6000000185492366004
6000000185493014997
6000000185493190956
6000000185494112892
6000000185508350834
6000000185508443883
6000000185508637851
6000000185508662860
6000000185523417875
6000000185559796823
6000000185559834839
6000000185559835829
6000000185559858832
6000000185559865875
6000000185559882824
6000000185559884433
6000000185559970851
6000000185559977849
6000000185559985660
6000000185560068838
6000000185560103853
6000000185560238756
6000000185560567810
6000000185561220413
6000000185562900854
6000000185571352638
6000000185742788016
6000000185760936100
6000000185764334859
6000000185764534921
6000000185765397836
6000000185765429849
6000000185796580938
6000000185797685864
6000000185797904859
6000000185798275843
6000000185798543828
6000000185798548833
6000000185993252932
6000000185993957862
6000000185994141857
6000000186053132878
6000000186053160829
6000000186053173821
6000000186053181832
6000000186053200859
6000000186053201844
6000000186053233844
6000000186053243832
6000000186053262850
6000000186053351825
6000000186062870285
6000000186093832373
6000000186093836605
6000000186093888826
6000000186093945362
6000000186094670245
6000000186094670404
6000000186094873233
6000000186095175363
6000000186096303973
6000000186097956837
6000000186097991985
6000000186098349860
6000000186098385864
6000000186098469827
6000000186100382854
6000000186104947154
6000000186105064177
6000000186147685166
6000000186149467778
6000000186150448821
6000000186150448826
6000000186150448831
6000000186184791590
6000000186184791604
6000000186184791616
6000000186184791621
6000000186184791636
6000000186184791702
6000000186184791710
6000000186184791722
6000000186184791734
6000000186185793825
6000000186223389240
6000000186290715860
6000000186302055309
6000000186325896656
6000000186325896665
6000000186325896676
6000000186325896682
6000000186325896689
6000000186325896695
6000000186325896701
6000000186325896708
6000000186325896714
6000000186325896731
6000000186325896737
6000000186325896745
6000000186325896769
6000000186325896792
6000000186325954502
6000000186325954516
6000000186326543573
6000000186326799881
6000000186354378822
6000000186516045821
6000000186524300868
6000000186524715845
6000000186554247850
6000000186626085952
6000000186627084823
6000000186627332830
6000000186627390861
6000000186629681912
6000000186630100843
6000000186630144866
6000000186630400825
6000000186630471833
6000000186631416836
6000000186632577905
6000000186738054885
6000000186738281824
6000000186741377896
6000000186741422896
6000000186741527849
6000000186741564877
6000000186741965837
6000000186741978840
6000000186742008827
6000000186742009838
6000000186742030829
6000000186767606709
6000000186768017094
6000000186768241003
6000000186768352969
6000000186785083826
6000000187124424940
6000000187124547966
6000000187124991890
6000000187125554849
6000000187125610861
6000000187125656855
6000000187126139836
6000000187126369821
6000000187126935904
6000000187126996821
6000000187127219868
6000000187127356839
6000000187127463821
6000000187148381886
6000000187148391910
6000000187148892850
6000000187148915863
6000000187149065837
6000000187149160824
6000000187149167821
6000000187149234823
6000000187171200874
6000000187171292864
6000000187171640828
6000000187171651829
6000000187171660821
6000000187181980858
6000000187401047854
6000000187540560822
6000000187879052821
6000000187946081857
6000000187946670836
6000000187976256195
6000000188091450825
6000000188152075845
6000000188152202848
6000000188152324921
6000000188152998833
6000000188175413096
6000000188175413103
6000000188175413118
6000000188175413126
6000000188175413133
6000000188175413165
6000000188175413173
6000000188175413196
6000000188175413203
6000000188175413231
6000000188290955825
6000000188316367945
6000000188317643834
6000000188317673848
6000000188317899821
6000000188317908829
6000000188470376967
6000000188540864850
6000000188541136877
6000000188541196822
6000000188541215852
6000000188542235828
6000000188542556823
6000000188542733842
6000000188547773823
6000000189366475834
6000000189366660833
6000000189376253861
6000000189376513840
6000000189377813853
6000000189379285877
6000000189392026868
6000000189392882821
6000000189393009823
6000000189422691856
6000000189471881920
6000000189472342839
6000000189490631823
6000000189503198891
6000000189503997835
6000000189504111835
6000000189504202822
6000000189504329822
6000000189504816856
6000000189520768398
6000000189520768403
6000000189520768438
6000000189520768540
6000000189520768544
6000000189520768548
6000000189520768552
6000000189520768556
6000000189521558252
6000000189521558280
6000000189521558286
6000000189521558290
6000000189521558299
6000000189521558303
6000000189521558308
6000000189521620212
6000000189521620217
6000000189521620222
6000000189521620227
6000000189521620232
6000000189521620237
6000000189521620242
6000000189521620247
6000000189522540947
6000000189522540959
6000000189522540963
6000000189522540967
6000000189522541028
6000000189522541033
6000000189522541042
6000000189522541052
6000000189522541062
6000000189531146953
6000000189531624893
6000000189531898864
6000000189531998861
6000000189532273827
6000000189532302821
6000000189532560864
6000000189532565854
6000000189532595863
6000000189533106827
6000000189533156844
6000000189533306887
6000000189533367826
6000000189533582822
6000000189533660869
6000000189533763821
6000000189533768821
6000000189533834822
6000000189533836821
6000000189541800880
6000000189542182839
6000000189542359828
6000000189542365821
6000000189545896868
6000000189546052836
6000000189546176841
6000000189546196826
6000000189549099826
6000000189561010914
6000000189561082846
6000000189561108883
6000000189561194823
6000000189561223827
6000000189561232827
6000000189561438875
6000000189561975846
6000000189562134848
6000000189562196830
6000000189562914861
6000000189563565881
6000000189563776838
6000000189563860835
6000000189563909835
6000000189563935838
6000000189563945902
6000000189564189858
6000000189564205866
6000000189564658839
6000000189569648874
6000000189570076845
6000000189570088848
6000000189570549830
6000000189571174877
6000000189571485824
6000000189588313872
6000000189588709862
6000000189588843824
6000000189588909847
6000000189638165862
6000000189649231881
6000000189649440870
6000000189649509860
6000000189649727835
6000000189649739856
6000000189655416910
6000000189655437890
6000000189655701830
6000000189656037827
6000000189656829842
6000000189656841858
6000000189657165844
6000000189658431902
6000000189658461840
6000000189658925851
6000000189659247827
6000000189660795852
6000000189660888874
6000000189661389822
6000000189661473833
6000000189675887933
6000000189676611857
6000000189676914836
6000000189680157878
6000000189680279897
6000000189680280880
6000000189680530841
6000000189680597866
6000000189680638829
6000000189681724896
6000000189682235864
6000000189682414858
6000000189682924859
6000000189683149865
6000000189683190886
6000000189683195822
6000000189683205849
6000000189683321822
6000000189683345824
6000000189683347822
6000000189683482821
6000000189683530830
6000000189683643836
6000000189683728823
6000000189710416828
6000000189710861871
6000000189710905872
6000000189710958840
6000000189711126840
6000000189711329822
6000000189711899827
6000000189712021821
6000000189721430878
6000000189721438841
6000000189721768836
6000000189721869828
6000000189722023827
6000000189722284826
6000000189722602836
6000000189722659834
6000000189722788832
6000000189723268846
6000000189724597853
6000000189724788857
6000000189725093824
6000000189725193855
6000000189725202874
6000000189725710837
6000000189725848827
6000000189728435840
6000000189728575914
6000000189728639882
6000000189729343822
6000000189729427827
6000000189729429832
6000000189733031906
6000000189734977901
6000000189735018862
6000000189735268875
6000000189735339852
6000000189735426845
6000000189735595821
6000000189736752842
6000000189736911847
6000000189737156824
6000000189737207829
6000000189737282823
6000000189768386935
6000000189770277830
6000000189770500836
6000000189770532835
6000000189770669827
6000000189771073833
6000000189776250951
6000000189777198881
6000000189777412863
6000000189777464867
6000000189777848840
6000000189781865876
6000000189781938884
6000000189782348886
6000000189782414852
6000000189782569827
6000000189782590868
6000000189782600877
6000000189782615856
6000000189782640842
6000000189782653827
6000000189782659824
6000000189782686855
6000000189782740830
6000000189782754822
6000000189787749828
6000000189787791851
6000000189788188872
6000000189796871953
6000000189796922915
6000000189797169851
6000000189797177849
6000000189797235970
6000000189797386831
6000000189797387830
6000000189797408948
6000000189797630906
6000000189797740879
6000000189797798858
6000000189797979856
6000000189798002869
6000000189798081862
6000000189798082846
6000000189798115832
6000000189798130842
6000000189798173862
6000000189798357879
6000000189798438821
6000000189798445821
6000000189798475850
6000000189798594839
6000000189798657840
6000000189798704844
6000000189798800823
6000000189798804821
6000000189798832821
6000000189798845821
6000000189798846828
6000000189798877821
6000000189798877947
6000000189798889821
6000000189798924845
6000000189799094897
6000000189799780871
6000000189799956821
6000000189800198823
6000000189800214874
6000000189800219884
6000000189800316823
6000000189800330870
6000000189800558860
6000000189800697832
6000000189800774838
6000000189800861838
6000000189800942828
6000000189801046822
6000000189801123860
6000000189802985853
6000000189807626945
6000000189808086903
6000000189808143900
6000000189808688831
6000000189808962824
6000000189808979876
6000000189808991821
6000000189809000854
6000000189809004851
6000000189809140874
6000000189809414839
6000000189809436833
6000000189809448822
6000000189809472829
6000000189809479825
6000000189809508823
6000000189818922911
6000000189819392873
6000000189819419867
6000000189819792856
6000000189819800829
6000000189820121822
6000000189820385831
6000000189820441842
6000000189820451827
6000000189820493942
6000000189820842856
6000000189821549841
6000000189821772871
6000000189821832850
6000000189821871823
6000000189844848842
6000000189845099849
6000000189845247824
6000000189845287829
6000000189846086843
6000000189846188841
6000000189846235843
6000000189846269823
6000000189846301838
6000000189846428821
6000000189847145851
6000000189848171821
6000000189848537848
6000000189848578824
6000000189848638833
6000000189858908835
6000000189863383985
6000000189864057883
6000000189864208890
6000000189864337874
6000000189864341840
6000000189864406845
6000000189864435868
6000000189864488846
6000000189864506865
6000000189864517845
6000000189864596822
6000000189864683847
6000000189864758821
6000000189864765879
6000000189864793821
6000000189864802821
6000000189864831825
6000000189864835826
6000000189864877825
6000000189865207871
6000000189865330869
6000000189865374851
6000000189865396863
6000000189865513836
6000000189865564833
6000000189865647822
6000000189865676823
6000000189865764821
6000000189865767821
6000000189869116920
6000000189869832870
6000000189869850854
6000000189870148834
6000000189870170836
6000000189900702038
6000000189902646847
6000000189902780825
6000000189902816844
6000000189902869825
6000000189902981856
6000000189903081836
6000000189903083832
6000000189903202826
6000000189903278839
6000000189903333824
6000000189903346836
6000000189903390821
6000000189914909828
6000000189914999827
6000000189939851837
6000000189963979928
6000000189964799826
6000000189964917831
6000000189976384852
6000000190004368823
6000000190029806898
6000000190030814831
6000000190030822827
6000000190037539916
6000000190037939878
6000000190038227965
6000000190038328892
6000000190038758833
6000000190041921848
6000000190041991842
6000000190045577854
6000000190046064821
6000000190062554845
6000000190073697948
6000000190074267839
6000000190074278872
6000000190085837862
6000000190086008824
6000000190086145839
6000000190086160823
6000000190088996823
6000000190089068825
6000000190089394843
6000000190089519826
6000000190098370934
6000000190098399919
6000000190098930872
6000000190098967865
6000000190098998838
6000000190099377830
6000000190099397822
6000000190099400824
6000000190099440821
6000000190115536877
6000000190115711868
6000000190115809839
6000000190115899849
6000000190115995830
6000000190116026822
6000000190116069821
6000000190132016922
6000000190133248827
6000000190133262845
6000000190133497856
6000000190133657821
6000000190133697836
6000000190133728841
6000000190133782844
6000000190133804821
6000000190133845821
6000000190153404858
6000000190153464855
6000000190153574835
6000000190153598837
6000000190153698900
6000000190153810821
6000000190153927847
6000000190153944859
6000000190153977837
6000000190153984859
6000000190154013849
6000000190154134824
6000000190154137826
6000000190154280835
6000000190154367821
6000000190154443821
6000000190154644915
6000000190154700921
6000000190154846917
6000000190155010863
6000000190155025851
6000000190155025869
6000000190155177863
6000000190155345838
6000000190155382825
6000000190155490857
6000000190155491825
6000000190155498828
6000000190155535831
6000000190155889821
6000000190155899821
6000000190157677927
6000000190158227823
6000000190272068713
6000000190272068724
6000000190272068734
6000000190272068746
6000000190272068751
6000000190272068761
6000000190272068766
6000000190272068820
6000000190276162860
6000000190276162871
6000000190276162876
6000000190303478873
6000000190303661839
6000000190304131829
6000000190304245864
6000000190315708955
6000000190316384891
6000000190316838855
6000000190317055831
6000000190317499844
6000000190317504833
6000000190317586854
6000000190317709826
6000000190317738823
6000000190334373904
6000000190339457891
6000000190339758822
6000000190339917821
6000000190351072971
6000000190352972876
6000000190353095854
6000000190353232862
6000000190353239874
6000000190353445848
6000000190353464846
6000000190353484857
6000000190353560864
6000000190353596826
6000000190353633822
6000000190353695839
6000000190390179872
6000000190390516851
6000000190390523846
6000000190390769825
6000000190391915823
6000000190421401850
6000000190421446866
6000000190421561859
6000000190421629837
6000000190421633858
6000000190443238856
6000000190443360884
6000000190453231895
6000000190453286822
6000000190453293837
6000000190455272863
6000000190455533821
6000000190458900867
6000000190458998867
6000000190460940832
6000000190460997825
6000000190461032823
6000000190461093821
6000000190599677878
6000000190608041852
6000000190608401826
6000000190608418879
6000000190619130838
6000000190619296832
6000000190681795827
6000000190684704834
6000000190692060740
6000000190693480130
6000000190693480136
6000000190693480142
6000000190693480148
6000000190693480154
6000000190693480176
6000000190693480188
6000000190704650887
6000000190704650924
6000000190704829881
6000000190704854865
6000000190704855867
6000000190704897926
6000000190705072823
6000000190705092860
6000000190705170870
6000000190705184860
6000000190705319832
6000000190705378832
6000000190705502826
6000000190705543822
6000000190705821842
6000000190705835849
6000000190706026827
6000000190706915877
6000000190708083849
6000000190708892920
6000000190712902919
6000000190713440877
6000000190713474874
6000000190713793855
6000000190714092822
6000000190805871843
6000000190819739821
6000000190825514830
6000000190842839829
6000000190842911836
6000000190845044856
6000000190872728834
6000000190873828926
6000000190874142884
6000000190874533848
6000000190874676839
6000000190874684840
6000000190876487849
6000000190876522838
6000000190876524839
6000000190876671845
6000000190876707838
6000000190876756836
6000000190876880831
6000000190876923827
6000000190876939823
6000000190876952835
6000000190876959834
6000000190877027821
6000000190877040821
6000000190912412824
6000000190982115852
6000000190994650142
6000000190994650162
6000000191111540833
6000000191115146852
6000000191115279825
6000000191115358821
6000000191115456837
6000000191123724869
6000000191124193894
6000000191124227830
6000000191125698875
6000000191125931844
6000000191126113827
6000000191126197849
6000000191126392824
6000000191126572923
6000000191126872836
6000000191165362823
6000000191179429823
6000000191185718825
6000000191200642427
6000000191200642469
6000000191200642476
6000000191200642481
6000000191200642486
6000000191200642491
6000000191200642528
6000000191200642532
6000000191219073907
6000000191219185868
6000000191219432841
6000000191290698821
6000000191291001843
6000000191291073824
6000000191320200872
6000000191320397842
6000000191320604830
6000000191320990821
6000000191321154842
6000000191333108831
6000000191341716822
6000000191342951829
6000000191344591833
6000000191367805834
6000000191367817824
6000000191368015821
6000000191368059821
6000000191368069822
6000000191369194897
6000000191369454843
6000000191369571838
6000000191369612839
6000000191369717833
6000000191369759850
6000000191369778831
6000000191369839826
6000000191369847824
6000000191369851826
6000000191369875821
6000000191369893821
6000000191370063871
6000000191370165859
6000000191370207858
6000000191370491823
6000000191447043926
6000000191447251941
6000000191447648915
6000000191447690864
6000000191447758842
6000000191447779844
6000000191447782856
6000000191447836839
6000000191447836849
6000000191447872834
6000000191447939828
6000000191448130838
6000000191448158825
6000000191557382889
6000000191557728863
6000000191557994828
6000000191558073838
6000000191559890844
6000000191583194837
6000000191585017872
6000000191586505825
6000000191644066831
6000000191644158829
6000000191697080870
6000000191697231862
6000000191697322861
6000000191697630832
6000000191714562838
6000000191718114821
6000000191725049877
6000000191725216898
6000000191725718833
6000000191725855840
6000000191725972840
6000000191726031859
6000000191726057831
6000000191726061825
6000000191726091851
6000000191726146826
6000000191727297841
6000000191745514822
6000000191745557821
6000000191745626872
6000000191745725834
6000000191745735848
6000000191745815844
6000000191745815890
6000000191745859837
6000000191746330828
6000000191746465827
6000000191746487821
6000000191746494835
6000000191867303822
6000000191867418821
6000000191929439864
6000000191929943827
6000000191935259836
6000000191986436877
6000000191986627843
6000000191986913823
6000000191987263821
6000000191987364821
6000000192058008821
6000000192095509856
6000000192099255821
6000000192100323824
6000000192125659872
6000000192125733892
6000000192125858889
6000000192125930894
6000000192125930910
6000000192125978841
6000000192126149831
6000000192126162860
6000000192126175838
6000000192126251823
6000000192126298822
6000000192126323828
6000000192138126838
6000000192142160860
6000000192142387829
6000000192150495822
6000000192184298921
6000000192184298926
6000000192184612867
6000000192184923854
6000000192184957842
6000000192185084844
6000000192185086841
6000000192185152822
6000000192185165823
6000000192185246821
6000000192185804905
6000000192187664850
6000000192188052835
6000000192188211827
6000000192188512859
6000000192437490885
6000000192437527881
6000000192437700851
6000000192437946881
6000000192438133847
6000000192438137859
6000000192438237840
6000000192438251827
6000000192438283830
6000000192438289831
6000000192438345826
6000000192438398834
6000000192438407825
6000000192438476821
6000000192438483821
6000000192486788883
6000000192495393855
6000000192495524829
6000000192509948845
6000000192509982837
6000000192510046836
6000000192510083837
6000000192510098837
6000000192510154852
6000000192535397841
6000000192535565823
6000000192535867872
6000000192536986954
6000000192537120943
6000000192537701856
6000000192537747861
6000000192537751834
6000000192537862834
6000000192543042896
6000000192543261874
6000000192543330829
6000000192543359841
6000000192543433841
6000000192543444855
6000000192543502831
6000000192543622822
6000000192607798961
6000000192609225825
6000000192609225831
6000000192713109887
6000000192713109901
6000000192713109909
6000000192839428920
6000000192839568894
6000000192839798858
6000000192839880843
6000000192839914826
6000000192839955822
6000000192839966821
6000000192840153829
6000000192840333823
6000000192844727855
6000000192845041854
6000000192846551855
6000000192858237310
6000000192858237327
6000000192858584668
6000000192858584694
6000000192858584714
6000000192867989843
6000000192868043850
6000000192868393821
6000000192868588826
6000000192899391842
6000000192899399826
6000000192921864881
6000000192922115825
6000000192956695871
6000000192956986861
6000000192957244823
6000000192957250828
6000000192957270821
6000000192957726893
6000000192959738851
6000000192992597859
6000000192992744861
6000000192993056889
6000000192993185876
6000000192993207864
6000000192993372832
6000000192993401848
6000000192993447828
6000000192993482856
6000000192993493841
6000000192993612837
6000000192994104856
6000000192994217859
6000000192994261848
6000000192994309923
6000000192994748847
6000000192995347835
6000000192995619853
6000000192996861865
6000000192996879852
6000000192998208823
6000000193004264849
6000000193005989836
6000000193006351827
6000000193006547840
6000000193006600832
6000000193007106883
6000000193044359827
6000000193056740872
6000000193057116861
6000000193057139824
6000000193071191836
6000000193071197835
6000000193071518822
6000000193073024872
6000000193073109833
6000000193073197830
6000000193077852801
6000000193081636968
6000000193081636974
6000000193081636985
6000000193081637003
6000000193081637018
6000000193081637033
6000000193081637043
6000000193081637048
6000000193081637055
6000000193081637062
6000000193081637081
6000000193081637090
6000000193081637095
6000000193081637121
6000000193081637127
6000000193081637135
6000000193081637145
6000000193081637156
6000000193081637170
6000000193081637176
6000000193081637187
6000000193082763888
6000000193082763893
6000000193082763899
6000000193082763975
6000000193082764050
6000000193100777829
6000000193100878826
6000000193100908831
6000000193100921836
6000000193134246855
6000000193134268862
6000000193134509838
6000000193134526822
6000000193134592824
6000000193134593822
6000000193151592832
6000000193151617876
6000000193151626882
6000000193151655829
6000000193152286845
6000000193152291828
6000000193152548826
6000000193167964879
6000000193167968832
6000000193167968885
6000000193168027842
6000000193168303823
6000000193169580827
6000000193174805845
6000000193174934831
6000000193174941831
6000000193191620846
6000000193192409864
6000000193192603827
6000000193197016834
6000000193200513825
6000000193204955887
6000000193205362827
6000000193205362832
6000000193205510823
6000000193213091909
6000000193213300846
6000000193213300854
6000000193213444834
6000000193213494837
6000000193222287857
6000000193222824863
6000000193222854854
6000000193222897841
6000000193222954848
6000000193223175821
6000000193223562821
6000000193223719847
6000000193223911825
6000000193223934827
6000000193224069830
6000000193224200841
6000000193224248842
6000000193224272833
6000000193224277862
6000000193224332829
6000000193224474842
6000000193224486836
6000000193224528843
6000000193224571842
6000000193224774823
6000000193224878821
6000000193224880822
6000000193225503822
6000000193234564878
6000000193234777879
6000000193234968828
6000000193235215827
6000000193235314844
6000000193235369821
6000000193235378821
6000000193235389821
6000000193235398821
6000000193235438830
6000000193235780821
6000000193248030825
6000000193266756822
6000000193330537885
6000000193362972880
6000000193363096901
6000000193363161853
6000000193363449827
6000000193363508830
6000000193363830822
6000000193367694839
6000000193407484839
6000000193407655824
6000000193414995915
6000000193415117877
6000000193415602834
6000000193415622853
6000000193415628845
6000000193415643851
6000000193415648823
6000000193415659835
6000000193415677855
6000000193415689857
6000000193415736821
6000000193415791832
6000000193415815825
6000000193415861826
6000000193415880849
6000000193415917822
6000000193415928827
6000000193415936826
6000000193415978825
6000000193416136857
6000000193416382830
6000000193419703866
6000000193420047822
6000000193450256825
6000000193453191864
6000000193453335845
6000000193458365924
6000000193459588848
6000000193459950838
6000000193498649850
6000000193549864892
6000000193625860860
6000000193625878841
6000000193625936851
6000000193632155821
6000000193633388821
6000000193633507876
6000000193633793877
6000000193633822856
6000000193633832916
6000000193633841842
6000000193633884836
6000000193634088830
6000000193639945878
6000000193640220851
6000000193640568823
6000000193643192282
6000000193643192288
6000000193741209860
6000000193787123825
6000000193787694848
6000000193958131858
6000000193958192877
6000000193958535856
6000000193958580821
6000000193958617833
6000000194100894937
6000000194101590864
6000000194101895826
6000000194121857846
6000000194122312834
6000000194122457852
6000000194122461827
6000000194122480839
6000000194122493833
6000000194122534827
6000000194122640828
6000000194122704830
6000000194122739832
6000000194123540843
6000000194123587854
6000000194123588854
6000000194123591840
6000000194123701880
6000000194123702886
6000000194123718897
6000000194123742842
6000000194123744828
6000000194123744833
6000000194123804856
6000000194123824835
6000000194123892894
6000000194123936842
6000000194124003871
6000000194124131831
6000000194124134862
6000000194124193861
6000000194124481835
6000000194124484832
6000000194128466885
6000000194129216840
6000000194296317875
6000000194296553845
6000000194296672838
6000000194296807824
6000000194296833821
6000000194439264883
6000000194439582826
6000000194439624841
6000000194478775902
6000000194479192835
6000000194479408846
6000000194479413823
6000000194479439828
6000000194479469825
6000000194479473821
6000000194479477822
6000000194479506821
6000000194529575982
6000000194530935850
6000000194531285842
6000000194531290829
6000000194531440844
6000000194531495830
6000000194531557831
6000000194531577821
6000000194605461881
6000000194605474853
6000000194605767841
6000000194605900849
6000000194605925834
6000000194606012821
6000000194606234828
6000000194606602849
6000000194606676836
6000000194606706847
6000000194606815829
6000000194606849821
6000000194628705874
6000000194629024840
6000000194629046831
6000000194629058859
6000000194629090830
6000000194629097826
6000000194629145827
6000000194712065060
6000000194712065080
6000000194712065196
6000000194712065260
6000000194712065363
6000000194712220327
6000000194712220402
6000000194712220555
6000000194864964885
6000000194865374837
6000000194865439822
6000000194944230938
6000000194944230946
6000000194944230955
6000000194944230964
6000000194944230973
6000000194944230991
6000000194944231000
6000000194944231008
6000000194944231017
6000000194944231025
6000000194944231034
6000000195000532947
6000000195001633833
6000000195001809821
6000000195588411844
6000000195588438849
6000000195589582886
6000000195591858047
6000000195592158825
6000000195613189870
6000000195613295877
6000000195613368868
6000000195613527839
6000000195613582842
6000000195671619823
6000000195752675838
6000000195761394834
6000000195764853837
6000000195843595846
6000000195843876826
6000000195844265822
6000000195844613827
6000000195977192339
6000000195978343132
6000000195978343231
6000000195985959824
6000000196095948823
6000000196095976829
6000000196096035825
6000000196096039822
6000000196159251835
6000000196159412824
6000000196297954563
6000000196297954607
6000000196297954645
6000000196297954710
6000000196297954717
6000000196297954722
6000000196297954730
6000000196297954737
6000000196297954761
6000000196297954768
6000000196297954783
6000000196297954789
6000000196297954795
6000000196297954801
6000000196297954807
6000000196297954813
6000000196297954819
6000000196299509728
6000000196300403051
6000000196300430232
6000000196301490955
6000000196301490960
6000000196301490966
6000000196301562825
6000000196301562831
6000000196301562853
6000000196301562861
6000000196301562875
6000000196301562883
6000000196301562888
6000000196456483422
6000000196712540824
6000000196712584829
6000000196712601830
6000000196712640828
6000000196829547495
6000000196829547519
6000000196829547524
6000000196829547637
6000000196829547649
6000000196829547660
6000000196829547668
6000000196829634254
6000000196829634338
6000000196829634367
6000000196829634386
6000000196829634399
6000000196829634406
6000000196829634412
6000000196829634441
6000000196829634458
6000000196829634520
6000000196829634527
6000000196829634546
6000000196829634576
6000000196829634582
6000000196829634588
6000000196829634594
6000000196829634605
6000000196829634610
6000000196829634617
6000000196829634623
6000000196829634629
6000000196829634636
6000000196829634642
6000000196829634648
6000000196829634652
6000000196829634658
6000000196829634664
6000000196829634671
6000000196829634679
6000000196829634688
6000000196829865647
6000000196829865677
6000000196831312964
6000000196831313056
6000000196831453938
6000000196831453947
6000000196831453954
6000000196831453963
6000000196831453972
6000000196831453981
6000000196831453998
6000000196831454006
6000000196831454029
6000000196831454040
6000000196831454047
6000000196831454058
6000000196831454062
6000000196831454084
6000000196831474876
6000000196831474886
6000000196831474910
6000000196831474918
6000000196831474929
6000000196831474936
6000000196831474943
6000000196831474950
6000000196831474956
6000000196831474961
6000000196831474966
6000000196831474973
6000000196831474980
6000000196831474985
6000000196831475001
6000000196831475017
6000000196831475028
6000000196831475052
6000000196831475084
6000000196831475162
6000000196831475170
6000000196831475181
6000000196831475192
6000000196831475200
6000000196831475211
6000000196831475216
6000000196831475227
6000000196831475236
6000000196831475447
6000000196831475460
6000000196831475473
6000000196831475481
6000000196831475487
6000000196831475493
6000000196831475499
6000000196831475505
6000000196831475518
6000000196831475529
6000000196831479884
6000000196831479891
6000000196831479897
6000000196831479903
6000000196831479909
6000000196831479915
6000000196831479947
6000000196831479964
6000000196831479992
6000000196831480000
6000000196831630933
6000000196831630938
6000000196831630951
6000000196831630958
6000000196892372516
6000000196898830875
6000000196899122863
6000000196899497832
6000000196899600821
6000000196899633821
6000000196899654835
6000000196899805824
6000000196899884821
6000000196900834942
6000000196901260861
6000000196901440861
6000000196901469916
6000000196901669844
6000000196901768840
6000000196901830858
6000000196901896835
6000000196901903847
6000000196901933824
6000000197095934858
6000000197096206822
6000000197298276212
6000000197319690847
6000000197319917855
6000000197320353822
6000000197320562834
6000000197479031854
6000000197479442836
6000000197864907833
6000000197985745873
6000000197986066923
6000000198005787040
6000000198032413037
6000000198032413048
6000000198032413155
6000000198032413166
6000000198032413174
6000000198032413180
6000000198032413185
6000000198032413191
6000000198032413197
6000000198032413202
6000000198032413207
6000000198032413213
6000000198032413254
6000000198032413262
6000000198032413268
6000000198032413280
6000000198035546936
6000000198123517839
6000000198123646827
6000000198193436864
6000000198193670846
6000000198226480663
6000000198308586824
6000000198308765823
6000000198384621823
6000000198398799826
6000000198606608958
6000000198606764908
6000000198607570874
6000000198607682831
6000000198607781825
6000000198607938823
6000000198608045822
6000000198608258845
6000000198608436825
6000000198609505823
6000000198681416864
6000000198681581849
6000000198681600838
6000000198681783838
6000000198681854840
6000000198681892824
6000000198682024821
6000000198924729690
6000000199385462855
6000000199385618881
6000000199385828829
6000000199387799966
6000000199388557821
6000000199388670828
6000000199388739828
6000000199388811821
6000000199530911836
6000000199884783846
6000000200092956883
6000000200093180834
6000000200093219849
6000000200093235836
6000000200350458832
6000000200837377454
6000000200837377460
6000000200837377467
6000000200837377473
6000000200837377484
6000000200837377489
6000000200837377496
6000000200837377501
6000000200837377505
6000000200837377533
6000000200837377540
6000000200850983868
6000000201271795845
6000000201271968821
6000000201273731821
6000000201276683875
6000000201277025839
6000000201277369879
6000000201277910828
6000000201277983823
6000000201277988831
6000000201278118833
6000000201283597879
6000000201283742874
6000000201315598295
6000000201315598299
6000000201315598304
6000000201315598309
6000000201315598366
6000000201315598418
6000000201315598447
6000000201315598451
6000000201315598461
6000000201315598466
6000000201372072830
6000000201745542100
6000000201745542108
6000000201745542115
6000000201745542121
6000000201745542127
6000000201745542133
6000000201745542145
6000000201745542153
6000000201745542160
6000000201745542167
6000000201811452829
6000000201883202882
6000000201883558840
6000000201883572828
6000000201883598848
6000000201883810825
6000000201947063892
6000000201947186031
6000000202054158942
6000000202142852851
6000000202142873933
6000000202142982836
6000000202143460824
6000000202557018821
6000000202840760840
6000000202900043844
6000000202900219840
6000000202900239843
6000000202901380838
6000000203029649836
6000000203032327870
6000000203035442850
6000000203035684826
6000000203039960825
6000000203040011824
6000000203065292836
6000000203102020840
6000000203102026841
6000000203257113853
6000000203275171841
6000000203275219926
6000000203275325866
6000000203275438821
6000000203275714879
6000000203275752835
6000000203275843831
6000000203275918834
6000000203275993823
6000000203276022824
6000000203276077823
6000000203276080821
6000000203312136827
6000000203312205823
6000000203312307821
6000000203312341821
6000000203355311836
6000000203364089821
6000000203448478862
6000000203448478869
6000000203448478875
6000000203448478882
6000000203448478889
6000000203448802947
6000000203448802954
6000000203448802960
6000000203448802965
6000000203448802971
6000000203448802981
6000000203522213828
6000000203560731894
6000000203561297851
6000000203562079876
6000000203562334822
6000000203562363827
6000000203651412887
6000000203651707847
6000000203651806822
6000000203651854830
6000000203692901822
6000000203744400844
6000000203749331832
6000000203751412889
6000000203751817872
6000000203751946899
6000000203752000880
6000000203752049857
6000000203752098851
6000000203752332849
6000000203752471830
6000000203752483859
6000000203752512821
6000000203752542828
6000000203752571825
6000000203752586880
6000000203752608821
6000000203752942826
6000000203752960825
6000000203752977837
6000000203753175823
6000000203753221827
6000000203761570841
6000000203768239911
6000000203769524822
6000000203776751830
6000000203776767832
6000000203786632909
6000000203786952882
6000000203787261207
6000000203787261211
6000000203787266858
6000000203787287195
6000000203787287199
6000000203787287203
6000000203787287207
6000000203787287211
6000000203787287215
6000000203787287219
6000000203787287247
6000000203787287251
6000000203787287256
6000000203787287274
6000000203787287278
6000000203787287282
6000000203787287287
6000000203787288863
6000000203787610851
6000000203787738835
6000000203787914821
6000000203787956831
6000000203787976831
6000000203787999821
6000000203809927873
6000000203810071842
6000000203810109824
6000000203865201877
6000000203865632829
6000000203884409902
6000000203886770839
6000000203888112846
6000000203888499851
6000000203888887833
6000000203889027821
6000000203889202866
6000000203889621821
6000000203904921922
6000000203905157874
6000000203905281842
6000000203905530821
6000000203905543834
6000000203906737870
6000000203930541831
6000000203930580821
6000000203948542829
6000000203948571896
6000000203956601916
6000000203987295848
6000000203987304849
6000000203987306843
6000000203987314856
6000000203987331858
6000000204026532863
6000000204036965862
6000000204037258836
6000000204037422848
6000000204049874823
6000000204049901821
6000000204049943821
6000000204073310839
6000000204073402832
6000000204089345822
6000000204089611827
6000000204089689822
6000000204089863829
6000000204139789837
6000000204263321878
6000000204263782834
6000000204263789825
6000000204264066825
6000000204264109829
6000000204264137821
6000000204264141857
6000000204264334839
6000000204264386825
6000000204290816845
6000000204301844859
6000000204302144827
6000000204302794841
6000000204383875464
6000000204383875471
6000000204383875496
6000000204499377835
6000000204499643821
6000000204499659834
6000000204500314983
6000000204500369989
6000000204500370014
6000000204500370022
6000000204500370031
6000000204500370040
6000000204500370049
6000000204500370058
6000000204500370113
6000000204500370124
6000000204501864861
6000000204503181946
6000000204503181959
6000000204503181968
6000000204503181977
6000000204503181986
6000000204503182023
6000000204510336084
6000000204510336151
6000000204515589265
6000000204515589273
6000000204515589281
6000000204515589289
6000000204515589295
6000000204515589339
6000000204516222980
6000000204516222986
6000000204516222991
6000000204516222999
6000000204516223033
6000000204516223040
6000000204516223052
6000000204516223058
6000000204516223064
6000000204516223078
6000000204516223092
6000000204516223105
6000000204516223113
6000000204516223133
6000000204516223158
6000000204520652745
6000000204520652752
6000000204520652759
6000000204520652766
6000000204520652773
6000000204520652780
6000000204522083520
6000000204522083527
6000000204522324183
6000000204522324193
6000000204522324203
6000000204522324215
6000000204522324222
6000000204522324229
6000000204522324236
6000000204522927895
6000000204522927912
6000000204522927921
6000000204522927929
6000000204522927941
6000000204522927950
6000000204522927961
6000000204522927974
6000000204522928001
6000000204535794736
6000000204535794756
6000000204535794773
6000000204535794779
6000000204535794784
6000000204535794791
6000000204537329042
6000000204537329082
6000000204537329086
6000000204537329094
6000000204538221009
6000000204538221021
6000000204538221026
6000000204538221031
6000000204563479824
6000000204580333020
6000000204594910864
6000000204594968841
6000000204604036897
6000000204614196954
6000000204614196965
6000000204614196970
6000000204614196976
6000000204614213968
6000000204614213980
6000000204614213991
6000000204614213995
6000000204614214001
6000000204614214010
6000000204614214019
6000000204661077005
6000000204661077016
6000000204661077019
6000000204661077027
6000000204661077032
6000000204665644850
6000000204678423840
6000000204790326860
6000000204790929885
6000000204798928844
6000000204799577841
6000000204809803843
6000000204810184836
6000000204810256828
6000000204866820617
6000000204868463520
6000000204868463546
6000000204869928842
6000000204908275441
6000000204908275446
6000000204908275454
6000000204908275462
6000000204908723225
6000000204908723233
6000000204908723241
6000000204908723249
6000000204908723257
6000000204908723265
6000000204908723273
6000000204908723279
6000000204909437997
6000000204909438002
6000000204909438008
6000000204909438015
6000000204909438025
6000000204909438031
6000000204909438038
6000000204909438069
6000000204909438087
6000000204909438133
6000000204909438141
6000000204909438167
6000000204909438211
6000000204909438300
6000000204909438314
6000000204920797899
6000000204921913846
6000000204922023823
6000000204927766793
6000000204928246724
6000000204928246728
6000000204928246734
6000000204928246739
6000000204928246746
6000000204928246753
6000000204928480291
6000000204928480297
6000000204928480303
6000000204928480309
6000000204929094653
6000000204929094659
6000000204929094665
6000000204929094671
6000000204929094677
6000000204929094683
6000000204929094689
6000000204929094696
6000000204929777903
6000000204929777912
6000000204929777923
6000000204929777930
6000000204929777938
6000000204929777945
6000000204929777952
6000000204934304871
6000000204944275974
6000000204944354942
6000000204944376926
6000000204944650881
6000000204945016831
6000000204945121853
6000000204945160833
6000000204945188830
6000000204945196840
6000000204945201830
6000000204945265821
6000000204947508864
6000000204947710859
6000000204948810821
6000000204976517838
6000000204977120852
6000000205011700947
6000000205011786979
6000000205012162838
6000000205012167918
6000000205012274863
6000000205015131847
6000000205026906897
6000000205027326835
6000000205027354823
6000000205027356823
6000000205037274566
6000000205037274582
6000000205037274588
6000000205037274596
6000000205037274602
6000000205047651900
6000000205047909874
6000000205048273829
6000000205051996860
6000000205052663902
6000000205053043856
6000000205053191842
6000000205053337828
6000000205053375830
6000000205100465700
6000000205170493677
6000000205228659916
6000000205237944850
6000000205238049854
6000000205238162825
6000000205238262821
6000000205239462925
6000000205239971876
6000000205240140830
6000000205240599898
6000000205240832829
6000000205241432397
6000000205241578276
6000000205243931967
6000000205243994877
6000000205244223832
6000000205244260825
6000000205244309822
6000000205244514824
6000000205244709825
6000000205244843822
6000000205244861825
6000000205247383487
6000000205267913096
6000000205267913102
6000000205267913137
6000000205267913173
6000000205280484530
6000000205280484536
6000000205363589909
6000000205610809165
6000000205610809204
6000000205611040107
6000000205611040139
6000000205611040302
6000000205611040346
6000000205611040359
6000000205611040363
6000000205611318852
6000000205757507872
6000000205757717822
6000000205757729833
6000000205990644091
6000000205990644096
6000000205990644127
6000000205990644135
6000000205990900988
6000000205990901003
6000000205990901087
6000000205990901145
6000000205990901232
6000000205990901247
6000000205990901255
6000000205990901286
6000000206064176763
6000000206064176769
6000000206064176775
6000000206064176786
6000000206064176791
6000000206064176798
6000000206064176805
6000000206064176810
6000000206064667821
6000000206064667830
6000000206064667845
6000000206064667853
6000000206064667863
6000000206064667874
6000000206064667880
6000000206064667886
6000000206064667892
6000000206064667897
6000000206064667908
6000000206064667914
6000000206064667920
6000000206064667926
6000000206064667932
6000000206064667939
6000000206064667945
6000000206064667949
6000000206064667955
6000000206064667966
6000000206064667970
6000000206064667975
6000000206064667980
6000000206064667985
6000000206064667992
6000000206064667998
6000000206064668004
6000000206064668009
6000000206064668016
6000000206064668032
6000000206064668038
6000000206064668045
6000000206064668049
6000000206064668055
6000000206064668059
6000000206064668065
6000000206144823821
6000000206254704843
6000000206391310825
6000000206391375822
6000000206413951871
6000000206414088831
6000000206556942360
6000000206557352049
6000000206557845854
6000000206564929057
6000000206564929063
6000000206564929069
6000000206564929077
6000000206564929083
6000000206564929095
6000000206564929128
6000000206748897862
6000000206791068830
6000000206791068841
6000000206791068852
6000000206791068859
6000000206791068873
6000000206791068884
6000000206791068897
6000000206791068904
6000000206791068915
6000000206791068962
6000000206791069032
6000000206791069035
6000000206869882855
6000000206870040830
6000000206906302896
6000000206906440850
6000000206906444829
6000000206906519821
6000000207214746969
6000000207225558834
6000000207225584833
6000000207225752844
6000000207248604830
6000000207355230832
6000000207355459822
6000000207371186833
6000000207371234838
6000000207371251829
6000000207371421841
6000000207371538868
6000000207408830890
6000000207408830899
6000000207413709845
6000000207563826827
6000000207867414871
6000000207867810821
6000000207868073862
6000000207868109852
6000000207868117861
6000000207888364963
6000000207888492876
6000000207888759873
6000000207888826848
6000000207911485101
6000000207951262886
6000000207951362850
6000000207951419856
6000000207951456833
6000000207951493822
6000000208000940218
6000000208000940387
6000000208000940393
6000000208000940399
6000000208000940417
6000000208000940459
6000000208001413947
6000000208001414006
6000000208112176865
6000000208112183846
6000000208276439821
6000000208276517862
6000000208277117835
6000000208277138840
6000000208459433593
6000000208459433661
6000000208460341983
6000000208460342087
6000000208462231227
6000000208462231304
6000000208462231309
6000000208489264573
6000000208489264584
6000000208490423221
6000000208490423488
6000000208490423522
6000000208490423544
6000000208490423552
6000000208490854650
6000000208493280982
6000000208493280997
6000000208493281012
6000000208493281022
6000000208493281037
6000000208493281058
6000000208493281066
6000000208493346113
6000000208493346163
6000000208650132857
6000000208650237844
6000000208650294830
6000000208650355823
6000000208676171850
6000000208762466833
6000000208762474847
6000000208826521868
6000000208826910933
6000000208826924870
6000000208826935862
6000000208826995871
6000000208827106831
6000000208827124822
6000000208827162825
6000000208827205835
6000000208827446877
6000000208827544830
6000000209261641846
6000000209721822822
6000000209721868822
6000000209820850821
6000000209881897821
6000000209899755843
6000000209899900823
6000000209901295821
6000000209934711084
6000000209934711126
6000000209934711132
6000000209934711138
6000000209934711144
6000000209934711150
6000000209934711156
6000000210123094387
6000000210123094394
6000000210123094402
6000000210123094456
6000000210123094547
6000000210123094561
6000000210123094571
6000000210448015903
6000000210456384843
6000000210456662834
6000000210535155851
6000000210781183466
6000000211106471843
6000000212738538839
6000000212738568843
6000000212807521821
6000000212807882861
6000000212807979882
6000000212808048822
6000000212888184835
6000000212888617831
6000000213528327836
6000000213582052856
6000000214030384424
6000000214030384471
6000000214030384631
6000000214030753248
6000000214030753383
6000000214030753391
6000000214030753399
6000000214030753407
6000000214030753415
6000000214030753423
6000000214030753430
6000000214030753438
6000000214030753445
6000000214030753453
6000000214030753512
6000000214030753527
6000000214030753551
6000000214030753559
6000000214030753567
6000000214030753575
6000000214030866039
6000000214030866127
6000000214030866159
6000000214031011101
6000000214031011141
6000000214031011149
6000000214031011157
6000000214031011164
6000000214031011171
6000000214032492968
6000000214032492976
6000000214032492984
6000000214032492991
6000000214032492999
6000000214032493007
6000000214032493014
6000000214033104871
6000000214033104895
6000000214033104903
6000000214033104911
6000000214033104919
6000000214033104927
6000000214033104935
6000000214062671794
6000000214062671801
6000000214064637844
6000000214065266823
6000000214065324729
6000000214066112822
6000000214067929822
6000000214067929829
6000000214099988821
6000000214100850829
6000000214100994828
6000000214101204829
6000000214156254835
6000000214197682826
6000000214198453823
6000000214215055822
6000000214215106831
6000000214533059821
6000000214536006840
6000000214536219827
6000000214543945827
6000000214647643821
6000000214698379822
6000000214706868840
6000000214707233821
6000000214707420849
6000000214956073850
6000000214963825824
6000000215056878854
6000000215057197822
6000000215059072824
6000000215187552882
6000000215187552890
6000000215187552907
6000000215187552915
6000000215187552923
6000000215549350834
6000000216231982829
6000000216649781821
6000000216649827821
6000000216709638854
6000000216806930255
6000000217357095587
6000000217357095616
6000000217357095623
6000000217427451822
6000000217471915825
6000000217472000832
6000000217472061844
6000000217472092910
6000000217473062824
6000000217473113821
6000000217475495835
6000000217475787904
6000000217476836843
6000000217476995828
6000000217477044876
6000000217477171845
6000000217477194869
6000000217477296843
6000000217477333822
6000000217477405844
6000000217477481838
6000000217477491830
6000000217477600824
6000000217478029822
6000000217478085823
6000000217478135823
6000000217481342821
6000000217481704845
6000000217481812823
6000000217482090844
6000000217482109837
6000000217482188839
6000000217482377821
6000000217482480829
6000000217485713834
6000000217485784823
6000000217687993843
6000000217688014855
6000000217688136824
6000000217688206826
6000000217794417862
6000000217794727826
6000000217794796835
6000000217902792870
6000000218217717859
6000000218359712893
6000000218448173847
6000000218448284823
6000000218455761892
6000000218499487846
6000000218499537841
6000000218750678834
6000000219499775872
6000000219720660889
6000000219720709892
6000000219720713837
6000000219720714842
6000000219720931821
6000000219813924267
6000000219813924447
6000000219813924452
6000000219817358852
6000000219817386821
6000000219817486830
6000000219994752833
6000000220077855843
6000000220077875855
6000000220243105893
6000000220324512928
6000000220324593842
6000000220387790903
6000000220387798830
6000000220691712276
6000000220691712297
6000000220691712305
6000000220691712333
6000000220691712388
6000000220691712397
6000000221274744834
6000000221275516938
6000000221342257881
6000000221439936936
6000000221440003862
6000000221444444854
6000000221469212981
6000000221532860883
6000000221533237904
6000000221533439845
6000000221634653900
6000000221776274862
6000000221979153890
6000000222193649933
6000000222193746859
6000000222463193930
6000000222484189010
6000000222484231923
6000000222484328913
6000000222484374070
6000000222484443965
6000000222484445837
6000000222484497868
6000000222484498040
6000000222484503840
6000000222484525880
6000000222484543830
6000000222484551935
6000000222484552012
6000000222484554890
6000000222484559998
6000000222484562828
6000000222484567836
6000000222484575826
6000000222484622837
6000000222484677896
6000000222484688920
6000000222484696833
6000000222484700908
6000000222484702871
6000000222484706920
6000000222484740863
6000000222484744850
6000000222484848938
6000000222484861881
6000000222484904835
6000000222484941842
6000000222485181836
6000000222486227137
6000000222487078921
6000000222487086881
6000000222487241855
6000000222487506824
6000000222489330894
6000000222489424860
6000000222490247130
6000000222490398963
6000000222490425973
6000000222490562930
6000000222490562967
6000000222490572900
6000000222490655869
6000000222490767851
6000000222490772846
6000000222490803833
6000000222490863848
6000000222490869821
6000000222490974853
6000000222490976848
6000000222491061826
6000000222491068847
6000000222491108824
6000000222491115983
6000000222491159864
6000000222491209844
6000000222491212823
6000000222491251937
6000000222491255854
6000000222491289851
6000000222491299027
6000000222491305917
6000000222491344918
6000000222491367847
6000000222491370865
6000000222491370901
6000000222491374823
6000000222491391889
6000000222491468858
6000000222491507855
6000000222491507862
6000000222491545872
6000000222491572835
6000000222491586831
6000000222491625824
6000000222491635836
6000000222491642839
6000000222491658850
6000000222491661832
6000000222491662825
6000000222491751821
6000000222491751831
6000000222491797943
6000000222491803821
6000000222491858916
6000000222491891839
6000000222491891845
6000000222491908831
6000000222491960907
6000000222491976846
6000000222492002868
6000000222492068902
6000000222492072841
6000000222492082859
6000000222492095860
6000000222492097885
6000000222492128839
6000000222492130833
6000000222492159826
6000000222499888885
6000000222499967869
6000000222500033890
6000000222502167896
6000000222502302826
6000000222506875992
6000000222506901933
6000000222506966925
6000000222506993957
6000000222506996009
6000000222507031849
6000000222507069850
6000000222507132892
6000000222507210821
6000000222507230919
6000000222507285822
6000000222507315857
6000000222507348823
6000000222507403839
6000000222507413837
6000000222507416014
6000000222507483023
6000000222507622947
6000000222507666860
6000000222507713826
6000000222507749839
6000000222507840839
6000000222507900864
6000000222514888869
6000000222515098845
6000000222515133827
6000000222515153821
6000000222515183824
6000000222519646136
6000000222520052947
6000000222520194908
6000000222520257897
6000000222520426834
6000000222520469842
6000000222520515842
6000000222520532860
6000000222520543831
6000000222520627831
6000000222520631957
6000000222520634826
6000000222520660892
6000000222520767912
6000000222520776839
6000000222520841846
6000000222520910004
6000000222520923867
6000000222520955857
6000000222520988871
6000000222520991906
6000000222520993828
6000000222520993881
6000000222521009851
6000000222521012855
6000000222521042832
6000000222521046923
6000000222521073912
6000000222521078855
6000000222521078958
6000000222521122886
6000000222521131863
6000000222521150879
6000000222521174830
6000000222521186885
6000000222521197844
6000000222521205883
6000000222521205901
6000000222521205911
6000000222521208860
6000000222521214916
6000000222521236827
6000000222521247832
6000000222521257826
6000000222521266827
6000000222521275918
6000000222521295830
6000000222521353846
6000000222521353850
6000000222521376839
6000000222521398843
6000000222521410821
6000000222521479828
6000000222521765958
6000000222521804913
6000000222521917843
6000000222521953860
6000000222521990847
6000000222521992862
6000000222522105827
6000000222522367829
6000000222522428979
6000000222522677840
6000000222652055211
6000000222652575852
6000000222774623825
6000000222800190036
6000000222800190172
6000000222800190234
6000000222804187095
6000000222807615915
6000000222807637827
6000000222807983873
6000000222864913674
6000000222865672698
6000000222910045878
6000000223229970414
6000000223229970445
6000000223229970727
6000000223230771408
6000000223231355215
6000000223231355292
6000000223231355301
6000000223231355439
6000000223231423012
6000000223231423078
6000000223231423085
6000000223231427951
6000000223231427990
6000000223231428072
6000000223231428080
6000000223231428106
6000000223231428114
6000000223231428122
6000000223231428130
6000000223231428138
6000000223231431043
6000000223231431068
6000000223231431199
6000000223231431207
6000000223231431217
6000000223231447986
6000000223231473092
6000000223231473104
6000000223231473119
6000000223231508302
6000000223231508324
6000000223231508348
6000000223231517892
6000000223231517941
6000000223231517999
6000000223231518024
6000000223231518040
6000000223231518209
6000000223231518724
6000000223231593545
6000000223231618271
6000000223231618291
6000000223231618309
6000000223231618327
6000000223231618343
6000000223231618351
6000000223231618362
6000000223231618369
6000000223231618402
6000000223231618415
6000000223231618431
6000000223231618504
6000000223231725001
6000000223231754864
6000000223231754879
6000000223231754889
6000000223231754909
6000000223231754949
6000000223231754985
6000000223231755182
6000000223231755193
6000000223231755278
6000000223231755292
6000000223231755305
6000000223231755313
6000000223231759215
6000000223231790121
6000000223231793006
6000000223231793017
6000000223231793031
6000000223231793042
6000000223231793052
6000000223231793176
6000000223231793200
6000000223231793211
6000000223231793223
6000000223231793234
6000000223231793247
6000000223231793258
6000000223231793269
6000000223231793280
6000000223231841000
6000000223231841008
6000000223231841025
6000000223231841033
6000000223231841041
6000000223231841049
6000000223231842973
6000000223231843035
6000000223231843042
6000000223231843051
6000000223231870512
6000000223231928927
6000000223231961916
6000000223231961959
6000000223231962046
6000000223231962059
6000000223231962086
6000000223231962102
6000000223231962124
6000000223231962179
6000000223231962197
6000000223231962209
6000000223231974130
6000000223231974208
6000000223231974222
6000000223232000221
6000000223232000271
6000000223232000298
6000000223232461901
6000000223232482896
6000000223232482920
6000000223232482942
6000000223232482960
6000000223232482975
6000000223232482992
6000000223232483005
6000000223232483019
6000000223232483031
6000000223232483197
6000000223232711091
6000000223232711107
6000000223232711116
6000000223232720354
6000000223233038911
6000000223233038933
6000000223233342148
6000000223233342173
6000000223233342222
6000000223355865467
6000000223356072218
6000000223357369219
6000000223428513363
6000000223428513373
6000000223428513390
6000000223429314907
6000000223429314928
6000000223429314935
6000000223429314943
6000000223429314951
6000000223429314958
6000000223571244842
6000000223571543842
6000000223571548849
6000000223571608859
6000000223571617858
6000000223571704873
6000000223691841712
6000000223691841725
6000000223692928021
6000000223693010053
6000000223693010062
6000000223693010085
6000000223693010218
6000000223693010246
6000000223693010252
6000000223693010331
6000000223693010335
6000000223696253961
6000000223696253974
6000000223696253987
6000000223696253995
6000000223696254003
6000000223715649208
6000000223715649222
6000000223716024072
6000000223716176918
6000000223716176944
6000000223767552679
6000000223767552687
6000000223774781434
6000000223774847091
6000000223774847100
6000000223774847138
6000000223775504948
6000000223775504955
6000000223775661990
6000000223775662040
6000000223775662062
6000000223775773860
6000000223775848961
6000000223775848994
6000000223775849011
6000000223775849022
6000000223787520801
6000000223788334692
6000000223789114444
6000000223789114477
6000000223789114487
6000000223789426856
6000000223789477132
6000000223789477137
6000000223789477142
6000000223789477147
6000000223789477152
6000000223789477157
6000000223789477162
6000000223789477167
6000000223789477171
6000000223789477176
6000000223789477181
6000000223789703900
6000000223789703927
6000000223789703932
6000000223790239653
6000000223790321215
6000000223790337661
6000000223790517142
6000000223790517205
6000000223790913830
6000000223790913841
6000000223790913851
6000000223796454188
6000000223796454196
6000000223796454204
6000000223797977180
6000000223797977196
6000000223797977204
6000000223797977212
6000000223797977229
6000000223799155539
6000000223799155636
6000000223803380279
6000000223803380325
6000000223803380339
6000000223803380352
6000000223803380387
6000000223803380395
6000000223803380416
6000000223803380423
6000000223806398910
6000000223806398944
6000000223806429204
6000000223806429233
6000000223806429248
6000000223806521044
6000000223806521057
6000000223806521066
6000000223807022205
6000000223808087211
6000000223808503980
6000000223808504027
6000000223808504034
6000000223808530776
6000000223808530799
6000000223808931837
6000000223808931851
6000000223808931873
6000000223808931916
6000000223823260049
6000000223823260086
6000000223823260108
6000000223823371108
6000000223823417980
6000000223823468278
6000000223823468290
6000000223823468303
6000000223823468310
6000000223823468350
6000000223823773864
6000000223823773872
6000000223823773882
6000000223823773893
6000000223823773901
6000000223823773908
6000000223823849822
6000000223823849835
6000000223868876143
6000000223868973630
6000000223868973646
6000000223868973653
6000000223868973660
6000000223868973668
6000000223869962821
6000000223871059018
6000000223871101881
6000000223871101889
6000000223871101905
6000000223873382899
6000000223878925143
6000000224218549841
6000000224246776841
6000000224362952854
6000000224418455164
6000000224581717874
6000000224581717888
6000000224581893876
6000000224695827134
6000000224696628853
6000000224696682975
6000000224696682985
6000000224696682994
6000000224696683004
6000000224696683016
6000000224696683022
6000000224696683032
6000000224696683042
6000000224696683048
6000000224696683058
6000000224696683073
6000000224696683079
6000000224696683091
6000000224696683113
6000000224696683119
6000000224696683125
6000000224696683137
6000000224696683143
6000000224812103212
6000000224812103224
6000000224812103233
6000000224812203130
6000000224812300150
6000000224812300160
6000000224812300168
6000000224812300173
6000000224812300184
6000000224812300192
6000000224812300200
6000000224812300216
6000000224812300223
6000000224812300276
6000000224812300293
6000000224812393950
6000000224812393969
6000000224812394196
6000000224812394268
6000000224812394278
6000000224880284935
6000000224880663852
6000000224902217845
6000000225065765939
6000000225087558829
6000000225153421873
6000000225153598822
6000000225225578030
6000000225225723864
6000000225419306836
6000000225428573920
6000000225558492854
6000000225558746836
6000000225558749913
6000000225558979839
6000000225650362829
6000000225899080933
6000000225899177852
6000000226164675880
6000000226408788839
6000000226409121848
6000000226503747904
6000000227006352996
6000000227006538925
6000000227006643874
6000000227006651880
6000000227006684869
6000000227006836821
6000000227008451878
6000000227008569880
6000000227008610861
6000000227008706826
6000000227008757888
6000000227008775852
6000000227008802828
6000000227008813833
6000000227008832825
6000000227040426987
6000000227081023907
6000000227081023910
6000000227081023913
6000000227081023916
6000000227081023919
6000000227193748834
6000000227193748845
6000000227239842851
6000000227239999855
6000000227240634861
6000000227240673857
6000000227240691866
6000000227240700841
6000000227240714964
6000000227240717867
6000000227240732876
6000000227240746863
6000000227240792838
6000000227240862966
6000000227240889906
6000000227240889909
6000000227240900962
6000000227240985883
6000000227240985961
6000000227241021851
6000000227241026872
6000000227241037869
6000000227241038833
6000000227241055854
6000000227241056889
6000000227241062873
6000000227241069838
6000000227241070893
6000000227241136826
6000000227245553985
6000000227252355883
6000000227252822839
6000000227252824835
6000000227252888841
6000000227252900837
6000000227252965821
