1106315
1106317
1108959
1116365
1278644
1278645
1278680
1278681
1334540
1335487
1335488
1341991
1348257
1349939
1558246
2429511
2430192
2434135
2434187
2461584
2556895
2557249
2559121
283181900190003966
285556280470006082
285601342810004065
288390320120001964
291327660090003160
2915061
294414873430006408
297802659390002541
297898016850003658
298290050720007917
298303118230001741
298481126590001923
298487309450004249
298487590670007772
298732052860003667
298741096650002960
300372611270008118
300372757470005483
300372958340002567
300373742270008098
303641689860003787
304145473050001763
304430340510004215
304433105310001815
304855247150008288
304899972010001439
304900698260007172
304901643280005644
304903496180002973
304904364980001401
304906789780001381
305976324250005669
307486758910001934
3080341
3085286
309742972930005691
309752110320008250
309761166900008246
309762502890008181
310787864080006466
310818848820003860
310869269060003876
310869549760008257
310870261240004530
311695983200008268
311701678080003943
311731497930005744
311769067160005759
3137515
3137536
3137562
3137714
3137735
3137740
3137810
3137997
3138183
3138252
3138260
317651825030005113
320416339890006368
320419064480004695
321213429390005051
322978194190001084
324807843790001589
3248742
3248794
332693684730012709
332829789300011146
332830054520005776
332838296500005765
332839019070012735
332917464940003316
332918147510011494
333039306750005930
334213600540011954
334761353540003391
335880480420005407
335884632150007038
336178270510011716
338809572600011897
340324056590012630
340324484050012647
340326405210012886
340326683420011316
340327325060013983
340327809540013028
340328840240011319
340329119850013962
340342479380013975
342490703470003662
342491767090003666
342500598630013730
347655337870012697
347657700690011265
347774029580003520
347812287200006062
347832368550012620
348101875910005782
348889594040013469
348902048170005826
348963066590012626
348989271720012699
349364682420013503
349421660710010504
349440463640013536
349443968540012643
349444225000005056
349444398550013463
350073993520001998
352532098280005343
352564363980006479
353464201260013082
353875187360013114
356601173070003496
357145473090011700
358242310870003906
359279068060001896
359282141180013088
359296347560011021
3602282
3602493
361036765360006534
361043261500011657
361088630390012679
361088850870011645
361088998770012651
361089507860011643
361089647570003508
361239376580007703
361239904280001373
361240244600012699
361240461010012653
361240881420011659
361242720430013551
361247784740007621
361255292390013563
361302740110005394
361885079530012036
361885454580013913
361885795230005497
361889592490004752
361899168470007979
362156517910013935
3621639
362164304500001795
362185222750011958
3624178
3624768
363178373960002127
363465363220012336
363466680820005860
363469979760003235
363554498970006647
363871132870012262
363920011020004040
364408738850013706
366236902900013413
367376690680012513
367972467880002240
3696730
3699884
370012897020012141
370166216450011194
371063100010007727
371383033520011121
372709031250003467
372710057920013676
373956113060012176
373956211030011414
373956299550004387
373957410930013571
373957562010013549
373958264020011412
375693712960012610
375698003810012046
375698498910013226
375701837830005772
375702430490013197
375729629520007230
375730757820012617
375732740000012611
375732891600013185
375734886370012680
375736773940012637
375737821580012544
375771159210012562
375772641430013210
375783977160004715
375784306260002721
375784738310012619
376298089210013354
376299759140013431
376324806820003014
376456844520011080
376457021230007330
376462883480011094
376463100390013425
376464271010002728
377017522110007404
377254358920003208
377256097400012303
377257654630013695
377258157880013634
377258641830013695
377258997460012307
377259285000012201
377259658320002147
377260401250012347
377260811960002204
377261100520011211
377531908540012313
377532615070002133
377621253150007585
377622873940013790
377634818590005791
377636293660013868
377637833550005778
377638187800005782
377640491110013841
377641109500013801
377649183480004232
377661791800005806
377662173460007528
377663071280012351
377667004310013809
377668076680007587
377668543960002149
377669409960002187
3784382
379725800260013830
379726576550013846
379726854400006296
379727152960013837
379727559830013815
379727728850012884
379728262940011992
379728454400012912
379814567780012889
379814820420002080
380735350820013266
380736178140007583
380736349730011337
381326698410012204
381329039650006560
381330655950006583
381331645830003157
3820773
382365552280005357
3827693
383205592810012430
383586223410013523
383981671760011471
383983175310005918
384091490410011651
384135887890012543
384140206910012510
384141044900012481
384193464770013684
384193863740013678
384196775050011679
384197992500012544
384198351320012507
384222670810011678
384929692650004264
384933685670013778
384948968860013796
385035064430011809
3858227
385880058560010090
385880218660003929
385884094200012043
385884285370010111
385889726690010068
385912670890011224
385913140580010136
385920972470003999
385953397470012188
386639408610006240
386639982440011419
386640433000011439
386640662910010336
386653597320004995
386654858960004937
386655853960001395
386656216760006235
386656555390012255
386656998370005657
386657257080010369
386657544810010300
388644543110006392
388648228520007489
388714070460007453
388793565870003237
389107159060003282
389108592750011580
389110429780006376
390852027630002207
391017930360010721
3919012
3920013
3926416308080038918
3926420619140120228
3926422264990120086
3926437895240024270
3926469189610120429
3926969818650030022
3926982182950043845
3926983372890043737
3926988554730115862
3937484325120075383
3946472692820042796
3950516705030063754
3953135291130122872
3960876
3961547
3967262167710039627
3967416
3967586
3967634
3967845
3967949
3967958
3970714729430045179
3980185221680123417
3981195
4040216435970129981
4040221674860032328
4040372
4067382333200010352
4067492479730010389
4067618057490010326
4067643140000010333
4067651000740031062
4067654475340010335
4067667659280010339
4067672355700123117
4067680158210010342
4067682592610020441
4067717446420047925
4067728911500031175
4067732326590010350
4067745628940010353
4067750978230071574
4067761494620010355
4067768262980071392
4068078558290123221
4068084227010048440
4068099193130010323
4069026975390010312
4069076529180010318
4069355645200020817
4075180318310072363
4076388
4077210
4077390
4079111
4081167
4081196
4081817
4087038607800049893
4093676309000010109
4093711337850033819
4102602
4102701
4102767
4103327
4103872
4103927
4104041
4104101
4104280
4104286
4104318
4104333
4104372
4104411
4104482
4104524
4104540
4104556
4104601
4104662
4112011304930055529
4112031057620078469
4117527068020122146
4129523906020033754
4129568267230073701
4129627026610124706
4129627046960021200
4129655224770040509
4136709990190033290
4169309791820025850
4179186754290040655
4179305190990036243
4179621947050073407
4179621973270034928
4179732132180059855
4179946460940064007
4181224148270010809
4181250114820035915
4181398917600034950
4181406139250050999
4181406153150034954
4194863017010128979
4194887957440076070
4195082387770067939
4196128350220038579
4196241905310123227
4196278802320038547
4196307377250062152
4199551254550059770
4202780705000039134
4202797373630036356
4213700346270075444
4213961327330041687
4213961359040031541
4214000416300053987
4214000431050031547
4215182257130053771
4215374717130031557
4215402871660053888
4217879750730128190
4217887479830128284
4224136108080121326
4225312789020057152
4226922301370045350
4229916861440069622
4232275443940069827
4246444
4246515
4246764
4246765
4246895
4255285605760040512
4256545493770064385
4256579394210070288
4256582132540040354
4256705952020039745
4256719696270064351
4256846091050040376
4256851896900051957
4256851955360039759
4258867
4258970970100070152
4259042
4259048
4259064
4259124
4259143
4259146
4264137824880038907
4265302014980128122
4268988
4269521
4280348000680023795
4284282320910046581
4285434
4286118427370035651
4286197383520035619
4293217
4293237
4293339
4294404046250042543
4296981596420026848
4309768802110020118
4313843691060020504
4313940056430030044
4320857407310022246
4320895910700022259
4321093289530030615
4321098567160010617
4323738259400054910
4337850700030013267
4337996639930024845
4350799974880038022
4350825800140013384
4363152365890123437
4363165195640021509
4366030
4367946411990063951
4367959496500014505
4369107
4369969
4376103
4386407337160057781
4411753852160042163
4412865
4419784885600127318
4419784919120021680
4419797232530055363
4419797268180021684
4419816435970068562
4427946783920127689
4427951076610075093
4434175567100024739
4434387867690031414
4438103444470016054
4444198998680026902
4444414873460026285
4462693
4462761
4475388546570056101
4475429459570069684
4479332664060024502
4480040785460076785
4480143338260024543
4485516288400026063
4486071881120129873
4487967036540047085
4493479063190120225
4493481104410058513
4494499918220022834
4494502062940032903
4494503665280082067
4518985
4522459
4522575
4538854927640053254
4538867688710081591
4538867743640011545
4538880477870022264
4538880491660011547
4538888334490011549
4538895564240011551
4538914240710064310
4538914255540011555
4539109721550011587
4539258499870064658
4539351
4539361186940072347
4543755
4543843
4555856
4555899
4555944
4570267
4573114
4578695741500122504
4578704039270038291
4584795
4592505
4597282
4613540682210058642
4614165679970060023
4614165778600036789
4614492462350078376
4615364525630058469
4627273
4627285
4627292
4627339
4627346
4627479
4627727
4627752
4627755
4631992
4635537774070073496
4636448
4639011550990020947
4644828
4645001
4645641114540033176
4647274
4656832281480026628
4673283785760128331
4674507057700018269
4687427039910030320
4687876937190089947
4688402854760011325
4692391
4692546
4694265
4694677
4694693
4694751
4694952
4695029
4695498
4703817009760067257
4703843788720034081
4720001979250078659
4720133489990026820
4720136557250026822
4722071183680079912
4722083112690060786
4722083133660026696
4722085825290038085
4722085853270026698
4722088534830060608
4729378410310079935
4729599979470126532
4729782856380028421
4732720549550061194
4733427815130029056
4733445930230061690
4733470215610038730
4733470251380029064
4733485416640027817
4733485436190029067
4733597137590038576
4733597161080029015
4733606715950061055
4733606736980029017
4734721640270029130
4737406950660070149
4737434150110038497
4737626760230029912
4737633980140010204
4737646844610061605
4743688170560039178
4743841189400127924
4746146836030029189
4751633884700032465
4764222
4773485104760032685
4773489198230074521
4773492537510121753
4773501861130065755
4773509068210121663
4773510717010065800
4773514716040121366
4773517764430022394
4773525451490081573
4773570251790052260
4773579188990065451
4773579219540026750
4773589113640022790
4773593109790065621
4774053172420033191
4776106
4780696560120027912
4786136463460024221
4789962836170123339
4815866939850026583
4815871921640078239
4816194881980069717
4819810754900042161
4819973164380060483
4819973196190015974
4820013835940081459
4820678427830081686
4820686703330082259
4820708282110082338
4820716737690052757
4820726154250127244
4820734545710042405
4820743771770053323
4820753513380035114
4820763933450079914
4820769168630028251
4820802752980027674
4820813241940042878
4820846764410042976
4820861505150043074
4820870572080061061
4821628772810061070
4821632678580082296
4821653273640042509
4822417456990028357
4822428690590079857
4823845520740043069
4826655059980026622
4834873097100089896
4835152359840133551
4835363402200059420
4835377458050124805
4837650136270040359
4839805402710023111
4840241237810085207
4851230659730030160
4851879635040066846
4860259401580026066
4860265152580039892
4860265320910026070
4863354682080028024
4864459872570076468
4864676887370088420
4867697351110031788
4867704970810089764
4867711942230046457
4876305139330126068
4876333060490131136
4876333121950131142
4876349803630131587
4876363136530081239
4876514967110080970
4876524753080013762
4876524796020013768
4876532953790013992
4876536146840014221
4876538928620060859
4876632757330125828
4876709487680081308
4876716933670046790
4876729152710013892
4876774528290014023
4879200175480032209
4879430965030047317
4880891073850057158
4880903518780047045
4882349168930021172
4882605542100070778
4882605560200070784
4882636405170071076
4882708727310058135
4882708798950058141
4898270131620129215
4911190372270064557
4913767508740135984
4914222018090058168
4916976022510136549
4921273998360102568
4921285889400035515
4921462169810138161
4921475735990122504
4922464856720066618
4924436745430137489
4924448917970137597
4924448933160137503
4924516366970059873
4924524160660049048
4924724809730114324
4924870419470035934
4924875649300067216
4925425003710087812
4927683959580122814
4927794328070059657
4927821238910067084
4927821250240067090
4929655338500088334
4929707544500026387
4932522491620040585
4932557422030107014
4932952221030036762
4946518870490042172
4947248545210089938
4951476631580041873
4951911868150125164
4953576932870028622
4953643781750041900
4953777140640042113
4953924217750131248
4953926232780130809
4956208161120069190
4956689915380130680
4956806082660028398
4957883020510080233
4957925890120125479
4957925920090125485
4958047653390077861
4958306130180027976
4966601616470103323
4976573922110117540
4978128656090106634
4978373501600039973
4982890984490082253
4982922006040030712
4983000170270079201
4984086862270100347
4992478552950133912
4992488967940044073
4992526501010127680
4998562971840021802
5000172594240102463
5000330628650021439
5000342354350031222
5000342426820031228
5001540482550082932
5002339295200083323
5002357788950031467
5002396333100102646
5002422000440063513
5002427492020021124
5002831378480047766
5002841002530047022
5004262722430121049
5004371781920121073
5004417223890117491
5004464045310117000
5004464116060117006
5004468568290116895
5004469775180107064
5004492300770057959
5004573237740074262
5004605390570058208
5004670726100034697
5004783064510024588
5004783129860024594
5004913151230106311
5010318635100119312
5016639768770048095
5017913467730048404
5020155500120110724
5020177483010087236
5020469289250100933
5020588832990036045
5028536638810040398
5028850249730050581
5028916486000105688
5029010246940051089
5035805631400027332
5036051517250069493
5044714012680028079
5050635554390041613
5059366907170102189
5067799905750080056
5067834088120115431
5070083164050115694
5070405486480052906
5070582851170020902
5070618364440061895
5070630624670103300
5070641792290039637
5070664763290103981
5087513773010025915
5095444445840081561
5095495599080081838
5095509947460053783
5095664458470070770
5095682045890100564
5095712665410026782
5095717113140101148
5095722400930081721
5095790476830062970
5095863840190028033
5096010198730109069
5096010210420109075
5103146455040128455
5104803485940063952
5105181411030114899
5105231591850129198
5105248443610082824
5105283357780063789
5105326511380128750
5105367003030054230
5105376088880082559
5105398910210031913
5111879481690102566
5114070051290082444
5114070079450082450
5114075723800082254
5114086097510045127
5114126356340116124
5114171182350103651
5114238749230045479
5114240726860064750
5114242601320034155
5114643724270064649
5114647562340072302
5115949186740064372
5119671559010045041
5120526481760129920
5120532931670064099
5120539876050083627
5120545697460072399
5120579640750021900
5120587187450045657
5120728010220117071
5120736020190137451
5122463815800103542
5122517118000083353
5122520235710064577
5122596963140055519
5122602771070055245
5122715583450064043
5123353522830117153
5127170235570117787
5127249366530106277
5127249379030106283
5129087897520072687
5129205084230023533
5129459882500045150
5129562407040072358
5132829956720138378
5137033638730022528
5137037814840138979
5137046756290104512
5146327067380058022
5146327080000058028
5146345283010118906
5146404188860074015
5151808264270046878
5151808278570046884
5151829937250121390
5151879191710084903
5151879203030084909
5151916129860047251
5151978117140066757
5152005374550119803
5152005396750119809
5152010913000139165
5152010929870139171
5152031459430067024
5152034876330057981
5152034886860057987
5152059381690139597
5152059396280139503
5152171033820057944
5152171052100057950
5152199604560047374
5152220457910119673
5152220480860119679
5153035963070106413
5153039062300023752
5153067382200073653
5153237919510106313
5161011533190104073
5167204065210119923
5174077183350068763
5174081224810130632
5174082478260068096
5174083566110038251
5182816083610109355
5190165704780132662
5200542141210088659
5203606111550021095
5203606122950021001
5203619510260088771
5203619525290088777
5214986457170054397
5215015016770032209
5215069300390063371
5215071353020135774
5215074963280025272
5215075000090025278
5215077065930126985
5215079665330106037
5215092738500127672
5215097123150111860
5218673968020054433
5218782742890054384
5219301786390025586
5226676772130102452
5226678099470116355
5227336465080081295
5227347554150029113
5230713160650043541
5230784660820070501
5233386757510064451
5233537874200043084
5233552473010064570
5233598181900029993
5234818062140033220
5235605714220070458
5241291548560027376
5254396558260036011
5259798506330057422
5259804936550084244
5259832366410021053
5266032366920110981
5266300140300102257
5266873420470101703
5266885271690139524
5266896858730139860
5270725448370102328
5271489662630023717
5271489675500023723
5271608185130057937
5271808767040058181
5272432907750102178
5272436741770139479
5272520516350112941
5272520585870112947
5280728383000047097
5284387432270069479
5284543506520122688
5285964076010086318
5287530087430075153
5294781477310117337
5294781535060117343
5294796818400123982
5294796839380123988
5294809788890132187
5294809831620132193
5303895849690076612
5304611081740076756
5305294636990124817
5311850675380102735
5311926837990077645
5328189268700111491
5329378750330085741
5331531548620110966
5331531620140110972
5331544754900110796
5332444257210046403
5332741786190022972
5332810693860046806
5333709543190111279
5333717605100130173
5334412327220023472
5336697843790130528
5336710868310085958
5336724108230122658
5336763242260023723
5336782484500024661
5339914662840122324
5339914694660122330
5339953448320074849
5339953562020074855
5339996085780025183
5340003547600047648
5340110011440112693
5340134799390024855
5340218948890122884
5345873924380123621
5347967963690032318
5347967989960032324
5348015164050059320
5348387843010048347
5348437959610117370
5353666757910087668
5364727704040113461
5364799820620051631
5364815546680023364
5364836886260113340
5364836916570113346
5365308074870051638
5366053834650040358
5381159762450127210
5381202464070053447
5383354448610036615
5395072124840042760
5395089047110110491
5405903272180113463
5406067539320083175
5408763162930044365
5411162182100027072
5411162384740027078
5412584112360072891
5413393304250084700
5415284983270084814
5419638380660046647
5423138981990118357
5423269005420118556
5425282242470058619
5432351857220032926
5432707656870033217
5432713922350048692
5441266921810062407
5441313740220126371
5447343319320063261
5447505087810135067
5459269878320020104
5473614843280021556
5473668051880056556
5473882692080138743
5473900875460120094
5473900890130120000
5475229225590045386
5475363828490111452
5477986759650138256
5478035846340021798
5479437866250083432
5491939163290084953
5491940488400046775
5491942105640046919
5497174748840030830
5497270035750121492
5497294077320022708
5497328448800130453
5508648457330119210
5508684470320086533
5512359337980087028
5521923376800049086
5521965807730060370
5522009584780023415
5522231474490048929
5522231553360048935
5522265801180023798
5522320867850060430
5522421089650023859
5530182915090061552
5530201394040061503
5530274793920133592
5530274882470133598
5535353244920040751
5535400391550125499
5539547008520089205
5539547025070089211
5539562921170051875
5539572087290133828
5545424768030026162
5547505078420042154
5549600265550129584
5549772381560104706
5549799300220079190
5555823130580037577
5555982345640054073
5566580638230026755
5572253510990084583
5597271884650100378
5597380726000028489
5604233735830047570
5604890545140087665
5604946580450117771
5604954309240087415
5604964914300127913
5604964938260127919
5604974187140087939
5604974216430087945
5604981270600103134
5604981311270103140
5604988456670127983
5604995726450058939
5605002104740069204
5605575857030117371
5607132972010028238
5607149825970069010
5607165831040074820
5607165871520074826
5609223641450087385
5613208920440110050
5620645112580020100
5620645208310020106
5620659842590034492
5620730465330062045
5620764032290123026
5620778200760077477
5620814643950034262
5621360343390114039
5621423870110100976
5621487493390051701
5621895665330114523
5622011640720034761
5622011688610034767
5622076289410089854
5624606243540035685
5625092920270078319
5625167063930134476
5625229909380062806
5625264223350021109
5625264248090021115
5625289620290113243
5625693347300080816
5625693387980080822
5630093992950081663
5630189594750081580
5630431836100135067
5630621361400021711
5633298860550079969
5633304577770123123
5638069793880054627
5638069944960054633
5641186401780037646
5642503985940037579
5642529955650083402
5642654506130082888
5642692507970070666
5648953564570117864
5649603873810084142
5649604036400084148
5654692843460057188
5665970332140110758
5666804980580048343
5666828475910069680
5666856869970026974
5669785925040109695
5669819785720109638
5671689391980027024
5671712150470027316
5684136835470106925
5690247282990078168
5696946886710051715
5696963185700133701
5696963207690133707
5709972759930135327
6000000000008083868
6000000000008085683
6000000000008124439
6000000000008140311
6000000000008148520
6000000000008176421
6000000000008770128
6000000000010004928
6000000000010026860
6000000000010030674
6000000000010050899
6000000000010059888
6000000000010092448
6000000000010129446
6000000000010213608
6000000000010274596
6000000000010307115
6000000000010360396
6000000000010384898
6000000000010388589
6000000000010414995
6000000000010460453
6000000000010527647
6000000000010553030
6000000000010590100
6000000000010678591
6000000000011075006
6000000000011272094
6000000000011284066
6000000000011333058
6000000000011361541
6000000000012085084
6000000000012602183
6000000000013017126
6000000000013313680
6000000000014435062
6000000000014435458
6000000000019192037
6000000000021881705
6000000000023930647
6000000000024008449
6000000000025349056
6000000000030756952
6000000000030826539
6000000000032853822
6000000000032874707
6000000000032892473
6000000000032911726
6000000000032918804
6000000000032925537
6000000000032954947
6000000000033077129
6000000000033088140
6000000000033100078
6000000000033187732
6000000000033235630
6000000000033253489
6000000000033288277
6000000000033298652
6000000000033381061
6000000000033480178
6000000000033687086
6000000000034734538
6000000000034814044
6000000000034814156
6000000000034814822
6000000000034920231
6000000000034930234
6000000000035142137
6000000000035665655
6000000000037486302
6000000000037765147
6000000000037773272
6000000000037900147
6000000000040005452
6000000000040005591
6000000000040025635
6000000000040034365
6000000000040034594
6000000000040036266
6000000000040036626
6000000000040037468
6000000000040037842
6000000000040037892
6000000000040038434
6000000000040038492
6000000000040038612
6000000000040039600
6000000000040046223
6000000000040046382
6000000000040046570
6000000000040046759
6000000000040046808
6000000000040046862
6000000000040048209
6000000000040048422
6000000000040048613
6000000000040050487
6000000000040050657
6000000000043350480
6000000000043353439
6000000000043353878
6000000000043488193
6000000000043496800
6000000000043501644
6000000000043525230
6000000000043632663
6000000000043752519
6000000000043756717
6000000000043804433
6000000000043815372
6000000000043825128
6000000000043825444
6000000000043953664
6000000000043986801
6000000000044016561
6000000000044092371
6000000000044331364
6000000000045500984
6000000000045546956
6000000000045588270
6000000000045614128
6000000000045679421
6000000000046033345
6000000000046041189
6000000000046128142
6000000000047189049
6000000000047598870
6000000000047609875
6000000000047619651
6000000000047868106
6000000000055864628
6000000000055959628
6000000000056834705
6000000000057743620
6000000000057756232
6000000000057815071
6000000000057896232
6000000000057903474
6000000000057947687
6000000000058069138
6000000000058238026
6000000000059872901
6000000000060201977
6000000000061040608
6000000000061178302
6000000000061940576
6000000000061960553
6000000000061983628
6000000000062077268
6000000000065187287
6000000000073897494
6000000000076101832
6000000000076261245
6000000000077025025
6000000000077027220
6000000000078496632
6000000000081312985
6000000000082814977
6000000000082842894
6000000000082867724
6000000000082952745
6000000000082982591
6000000000083066475
6000000000083088330
6000000000083126224
6000000000090690691
6000000000090846101
6000000000090846142
6000000000090846149
6000000000090846182
6000000000090846275
6000000000090846322
6000000000090846524
6000000000090846531
6000000000090846597
6000000000090846613
6000000000090846620
6000000000090846796
6000000000091554610
6000000000093669853
6000000000093834678
6000000000109919576
6000000000109921491
6000000000109930732
6000000000109941736
6000000000109943404
6000000000109963810
6000000000109998854
6000000000110000695
6000000000110269571
6000000000110278928
6000000000110281452
6000000000110281555
6000000000110303606
6000000000110306100
6000000000110332246
6000000000110411105
6000000000111086524
6000000000111122332
6000000000111884074
6000000000112086823
6000000000112088056
6000000000112088890
6000000000112090599
6000000000112091244
6000000000112096049
6000000000112096314
6000000000112099069
6000000000112106639
6000000000112112364
6000000000112117568
6000000000112117861
6000000000112124335
6000000000112124373
6000000000112124972
6000000000112128654
6000000000112128690
6000000000112130386
6000000000112130519
6000000000112131000
6000000000112131470
6000000000112131489
6000000000112131568
6000000000112133457
6000000000112134992
6000000000112140572
6000000000112140588
6000000000113714608
6000000000113799252
6000000000114257798
6000000000114360346
6000000000114627350
6000000000114647480
6000000000114653280
6000000000114656112
6000000000114684333
6000000000114944434
6000000000115499926
6000000000115617983
6000000000115649772
6000000000115658521
6000000000115658620
6000000000115658866
6000000000115680739
6000000000119216046
6000000000119295074
6000000000120179673
6000000000120242269
6000000000120326597
6000000000123057197
6000000000123350430
6000000000123436166
6000000000123850731
6000000000124012386
6000000000124082015
6000000000124890646
6000000000125308523
6000000000125362235
6000000000125394145
6000000000125517845
6000000000125565519
6000000000125596647
6000000000125674313
6000000000125706140
6000000000125793641
6000000000125816242
6000000000125864381
6000000000128186257
6000000000128211779
6000000000128212493
6000000000128221491
6000000000128240182
6000000000128732566
6000000000128773458
6000000000128842251
6000000000128853516
6000000000128857055
6000000000129343893
6000000000129362613
6000000000129362703
6000000000129386138
6000000000129386326
6000000000129400159
6000000000129435686
6000000000130032742
6000000000130072204
6000000000130213365
6000000000131266496
6000000000131310416
6000000000131334847
6000000000131397120
6000000000131404602
6000000000131469439
6000000000131511412
6000000000131563186
6000000000134496318
6000000000134665152
6000000000135911615
6000000000135924403
6000000000135947063
6000000000136616524
6000000000136658266
6000000000136688085
6000000000136808542
6000000000136815420
6000000000136842571
6000000000136912059
6000000000137148107
6000000000137491845
6000000000137960977
6000000000137981735
6000000000138341138
6000000000138342103
6000000000138385269
6000000000138391120
6000000000138415297
6000000000138418705
6000000000138420343
6000000000138433509
6000000000138678323
6000000000138688134
6000000000138705143
6000000000138721614
6000000000138722743
6000000000138741416
6000000000138843245
6000000000138881981
6000000000138914693
6000000000139128390
6000000000139382132
6000000000139383141
6000000000139397209
6000000000139412053
6000000000139539963
6000000000139648597
6000000000139694227
6000000000139720122
6000000000139926287
6000000000140288155
6000000000140659738
6000000000140660657
6000000000140727738
6000000000140806040
6000000000141490482
6000000000141496916
6000000000141497726
6000000000141500093
6000000000141505389
6000000000141507598
6000000000141521998
6000000000146198741
6000000000146368622
6000000000146388320
6000000000146450453
6000000000151869439
6000000000152525150
6000000000153309431
6000000000153344904
6000000000153391275
6000000000154060862
6000000000154158007
6000000000154279554
6000000000155383032
6000000000155703115
6000000000155904830
6000000000155929943
6000000000155955743
6000000000155992433
6000000000156061271
6000000000156065401
6000000000156099202
6000000000156099243
6000000000156191066
6000000000156317517
6000000000156978511
6000000000157044029
6000000000157075199
6000000000157099135
6000000000157109915
6000000000157247753
6000000000157250397
6000000000157250973
6000000000157266301
6000000000157276157
6000000000157278272
6000000000157279202
6000000000157280075
6000000000157283439
6000000000157291212
6000000000157311079
6000000000157315098
6000000000157358561
6000000000157378164
6000000000157584682
6000000000157584946
6000000000157680293
6000000000157684101
6000000000157757375
6000000000160744978
6000000000160833345
6000000000160838263
6000000000160844437
6000000000160866853
6000000000160876318
6000000000160884769
6000000000160947334
6000000000160959410
6000000000160986426
6000000000161001437
6000000000161097536
6000000000161219866
6000000000161230827
6000000000161343538
6000000000162012247
6000000000162100284
6000000000162314682
6000000000162318926
6000000000162825524
6000000000162825533
6000000000162830875
6000000000162833262
6000000000162833271
6000000000162833316
6000000000162835957
6000000000164280974
6000000000164601413
6000000000165517560
6000000000166026628
6000000000166141228
6000000000166150229
6000000000166832371
6000000000166901316
6000000000166902711
6000000000167046969
6000000000167700965
6000000000167869299
6000000000170705951
6000000000170996982
6000000000172040136
6000000000172040444
6000000000172045672
6000000000172045679
6000000000172045687
6000000000172046101
6000000000172046112
6000000000172047739
6000000000172082325
6000000000172088245
6000000000172092392
6000000000172092402
6000000000172095492
6000000000172095508
6000000000172100154
6000000000172102804
6000000000172106470
6000000000172343681
6000000000172348087
6000000000172348471
6000000000172348669
6000000000172349777
6000000000172349857
6000000000172354100
6000000000172354362
6000000000172354371
6000000000172354380
6000000000172354429
6000000000172354467
6000000000172355279
6000000000172355667
6000000000172355919
6000000000172359796
6000000000172363255
6000000000172366278
6000000000172366287
6000000000172370412
6000000000172370423
6000000000172370432
6000000000172370468
6000000000172370806
6000000000172371130
6000000000172371447
6000000000172371458
6000000000172371596
6000000000172371709
6000000000172371762
6000000000172371773
6000000000172371804
6000000000172374203
6000000000172374214
6000000000172374223
6000000000172374334
6000000000172374398
6000000000172374427
6000000000172377204
6000000000172377211
6000000000172377220
6000000000172377229
6000000000172377259
6000000000172377268
6000000000172377293
6000000000172377302
6000000000172377311
6000000000172377336
6000000000172377381
6000000000172380545
6000000000172380896
6000000000172382015
6000000000172382024
6000000000172382033
6000000000172382040
6000000000172382056
6000000000172382063
6000000000172382072
6000000000172382083
6000000000172382092
6000000000172382166
6000000000172382186
6000000000172382193
6000000000172382202
6000000000172382209
6000000000172382216
6000000000172382223
6000000000172382230
6000000000172382246
6000000000172382262
6000000000172382519
6000000000172382530
6000000000172382645
6000000000172382763
6000000000172382770
6000000000172515121
6000000000172750514
6000000000172756370
6000000000172769147
6000000000172794330
6000000000172796036
6000000000172797324
6000000000172800062
6000000000172814010
6000000000172821945
6000000000172827835
6000000000172830019
6000000000172833094
6000000000172837428
6000000000172841572
6000000000173962053
6000000000174222887
6000000000174634160
6000000000175417426
6000000000176523567
6000000000176627184
6000000000177347291
6000000000181987824
6000000000182030406
6000000000182121111
6000000000183172774
6000000000183188387
6000000000186324525
6000000000186410898
6000000000186421249
6000000000186456686
6000000000186468901
6000000000186469135
6000000000186511827
6000000000187695664
6000000000189830522
6000000000191983296
6000000000192123242
6000000000192494657
6000000000192533574
6000000000192573342
6000000000192637760
6000000000192737854
6000000000192750513
6000000000193253172
6000000000193825080
6000000000196218118
6000000000196235833
6000000000196425114
6000000000196844689
6000000000196854600
6000000000196880703
6000000000196887298
6000000000196900186
6000000000196938133
6000000000196940005
6000000000196961141
6000000000196966254
6000000000197040207
6000000000202115160
6000000000204477842
6000000000206304213
6000000000207859767
6000000000213158662
6000000000213269420
6000000000213279439
6000000000213318469
6000000000213379760
6000000000213389806
6000000000215611090
6000000000218014973
6000000000218174280
6000000000219754439
6000000000222222800
6000000000222677079
6000000000228549487
6000000000228811508
6000000000229962057
6000000000232597777
6000000000232604693
6000000000232607152
6000000000232618899
6000000000234429846
6000000000234806650
6000000000235783104
6000000000235787209
6000000000235814097
6000000000237544690
6000000000237551643
6000000000237801021
6000000000240780494
6000000000241269545
6000000000241331371
6000000000241378348
6000000000241388254
6000000000241398333
6000000000241398349
6000000000241437294
6000000000241437347
6000000000241472176
6000000000241508846
6000000000243893346
6000000000244792941
6000000000244816524
6000000000244821599
6000000000244827959
6000000000244845635
6000000000244898413
6000000000244943281
6000000000245046086
6000000000245060945
6000000000245079990
6000000000245095919
6000000000245098802
6000000000245101891
6000000000245120542
6000000000245171661
6000000000245188578
6000000000245202447
6000000000245249001
6000000000245249234
6000000000249688362
6000000000249826020
6000000000256524603
6000000000256841252
6000000000261090276
6000000000264285347
6000000000269766653
6000000000269787574
6000000000269788178
6000000000269788187
6000000000275136775
6000000000275262729
6000000000275273411
6000000000276142079
6000000000276142093
6000000000276146663
6000000000276153205
6000000000276333793
6000000000276340729
6000000000276394397
6000000000276411469
6000000000276500146
6000000000276574376
6000000000277307462
6000000000277389373
6000000000277457222
6000000000285450364
6000000000286519771
6000000000286588691
6000000000286703434
6000000000286779194
6000000000286819065
6000000000293367254
6000000000294391509
6000000000295374050
6000000000295651721
6000000000295751963
6000000000295931583
6000000000295944235
6000000000296129608
6000000000296151480
6000000000296152181
6000000000296153390
6000000000296186291
6000000000296246864
6000000000296286774
6000000000296316921
6000000000296474045
6000000000296709903
6000000000296832657
6000000000297258935
6000000000297289825
6000000000297316210
6000000000297321711
6000000000297342713
6000000000297347948
6000000000297352682
6000000000297440514
6000000000297486462
6000000000297487207
6000000000300861265
6000000000300896853
6000000000305000404
6000000000305214127
6000000000305413766
6000000000307239489
6000000000307239990
6000000000307247672
6000000000307254652
6000000000307258195
6000000000307258557
6000000000307261273
6000000000307262542
6000000000307262703
6000000000307262728
6000000000307264071
6000000000307264552
6000000000307271844
6000000000307274596
6000000000307280052
6000000000307280186
6000000000307282489
6000000000307812231
6000000000307815381
6000000000310637766
6000000000312008327
6000000000314922113
6000000000314922185
6000000000314926795
6000000000314930135
6000000000314930151
6000000000314930399
6000000000320589184
6000000000322328501
6000000000323287739
6000000000323478430
6000000000328943300
6000000000328949578
6000000000333911909
6000000000334080495
6000000000334477469
6000000000334484615
6000000000334684728
6000000000335577632
6000000000335714346
6000000000337130731
6000000000337150126
6000000000337150136
6000000000337150166
6000000000337158694
6000000000337208069
6000000000337208078
6000000000337208922
6000000000337400222
6000000000337405327
6000000000337421442
6000000000337439500
6000000000337781267
6000000000340094202
6000000000343817546
6000000000343934415
6000000000343947101
6000000000344086007
6000000000345666785
6000000000346040605
6000000000347520217
6000000000350865321
6000000000350871478
6000000000350879162
6000000000350879192
6000000000350888826
6000000000350890339
6000000000350890610
6000000000350890660
6000000000350897136
6000000000350903117
6000000000350918346
6000000000350921883
6000000000350950466
6000000000350950476
6000000000350956694
6000000000350964573
6000000000351011235
6000000000351011289
6000000000351045913
6000000000351087662
6000000000351087690
6000000000351087701
6000000000351089193
6000000000351089207
6000000000351089516
6000000000351094629
6000000000351094637
6000000000351096502
6000000000351128377
6000000000351128438
6000000000355137134
6000000000359152804
6000000000361052707
6000000000374518482
6000000000378535942
6000000000379746481
6000000000380058406
6000000000380078234
6000000000380451093
6000000000382695871
6000000000382863888
6000000000382998622
6000000000383052907
6000000000383061513
6000000000383077548
6000000000383215456
6000000000383281303
6000000000383390626
6000000000383448009
6000000000383682561
6000000000383880810
6000000000383945714
6000000000384048429
6000000000384048592
6000000000384071787
6000000000384094450
6000000000384186229
6000000000385243577
6000000000385258245
6000000000385259880
6000000000385265682
6000000000386371266
6000000000386726880
6000000000387716957
6000000000390280881
6000000000392429148
6000000000402282601
6000000000402837616
6000000000406401431
6000000000406543166
6000000000414865200
6000000000417197720
6000000000417197737
6000000000420341047
6000000000424570082
6000000000424572235
6000000000424583699
6000000000424583790
6000000000424586295
6000000000424624017
6000000000424624719
6000000000424626222
6000000000424629314
6000000000424629902
6000000000424634530
6000000000424636521
6000000000424636547
6000000000424636707
6000000000424636888
6000000000424637456
6000000000424637932
6000000000424640138
6000000000424642900
6000000000424645659
6000000000424645801
6000000000424645939
6000000000424646430
6000000000424646976
6000000000424646987
6000000000424658577
6000000000424667183
6000000000424667200
6000000000424667214
6000000000424667561
6000000000424667895
6000000000424673304
6000000000424673320
6000000000424673332
6000000000424673344
6000000000424678273
6000000000424678797
6000000000424678903
6000000000424680664
6000000000424683032
6000000000424683178
6000000000424683366
6000000000424685255
6000000000424686284
6000000000424686458
6000000000424686470
6000000000424691173
6000000000424693000
6000000000424695172
6000000000424695242
6000000000424702247
6000000000424702295
6000000000424703516
6000000000424703563
6000000000424703572
6000000000424703590
6000000000424703634
6000000000424703643
6000000000424707217
6000000000424707234
6000000000424707319
6000000000424707367
6000000000424707374
6000000000424707604
6000000000424707620
6000000000424707718
6000000000424707760
6000000000424709091
6000000000424709262
6000000000424709283
6000000000424709290
6000000000424732334
6000000000424732419
6000000000424732452
6000000000424732510
6000000000424760295
6000000000424763673
6000000000424765030
6000000000424765142
6000000000424767738
6000000000424788318
6000000000424792061
6000000000424795473
6000000000424802400
6000000000424802416
6000000000424802839
6000000000424802891
6000000000424805888
6000000000424806681
6000000000424808653
6000000000424810067
6000000000424810286
6000000000424810444
6000000000424812099
6000000000424812865
6000000000424814787
6000000000424817611
6000000000424825972
6000000000424845830
6000000000424848932
6000000000424851316
6000000000424851399
6000000000424875913
6000000000424888017
6000000000424894960
6000000000424904289
6000000000424907977
6000000000424909611
6000000000424909634
6000000000424912155
6000000000424912219
6000000000424920263
6000000000425008069
6000000000426449807
6000000000426449816
6000000000426453298
6000000000426776707
6000000000430097060
6000000000435968674
6000000000435987496
6000000000436304740
6000000000436323013
6000000000436328266
6000000000436362258
6000000000436368226
6000000000436369285
6000000000436378898
6000000000436386803
6000000000436387189
6000000000436390161
6000000000436411008
6000000000436416239
6000000000436421360
6000000000436426463
6000000000436429187
6000000000436429336
6000000000436439263
6000000000436442811
6000000000436444716
6000000000436540405
6000000000436551685
6000000000436568573
6000000000436594036
6000000000436598255
6000000000436605213
6000000000436836320
6000000000436947441
6000000000436954608
6000000000437004105
6000000000437008616
6000000000437010462
6000000000437013704
6000000000437013714
6000000000437013724
6000000000437013734
6000000000437016402
6000000000437016442
6000000000437016461
6000000000437016471
6000000000437016503
6000000000437016513
6000000000437016526
6000000000437016536
6000000000437016575
6000000000437023351
6000000000437023361
6000000000437023423
6000000000437027691
6000000000437027951
6000000000437027964
6000000000437030686
6000000000437032028
6000000000437032060
6000000000437032665
6000000000437032705
6000000000437032718
6000000000437032765
6000000000437036143
6000000000437042452
6000000000437042896
6000000000437044109
6000000000437047906
6000000000437050044
6000000000437050264
6000000000437053441
6000000000437064603
6000000000437081116
6000000000437081406
6000000000437081430
6000000000437083129
6000000000437088000
6000000000437088180
6000000000437089104
6000000000437097980
6000000000437100264
6000000000437100887
6000000000437107594
6000000000437107670
6000000000437107945
6000000000437115455
6000000000437119267
6000000000437119373
6000000000437130447
6000000000437130460
6000000000437135640
6000000000437136008
6000000000437136028
6000000000437136145
6000000000437140180
6000000000437140190
6000000000437140715
6000000000437142272
6000000000437148369
6000000000437149374
6000000000437150261
6000000000437154527
6000000000437159726
6000000000437162014
6000000000437169972
6000000000437174196
6000000000437178654
6000000000437178768
6000000000437181888
6000000000437187226
6000000000437188281
6000000000437189601
6000000000437189924
6000000000437189974
6000000000437190030
6000000000437190651
6000000000437192256
6000000000437192409
6000000000437192432
6000000000437316601
6000000000437327060
6000000000437327174
6000000000437339826
6000000000437343077
6000000000437343092
6000000000437343166
6000000000437345851
6000000000437348457
6000000000437348772
6000000000437362906
6000000000437363641
6000000000437363651
6000000000437366775
6000000000437366795
6000000000437366845
6000000000437372739
6000000000437376360
6000000000437378264
6000000000437378301
6000000000437378311
6000000000437382122
6000000000437382594
6000000000437385272
6000000000437385329
6000000000437389491
6000000000437398335
6000000000437398754
6000000000437400073
6000000000437400083
6000000000437406869
6000000000437411913
6000000000437413037
6000000000437413152
6000000000437413801
6000000000437415400
6000000000437438150
6000000000437438881
6000000000437464390
6000000000437474196
6000000000437507557
6000000000437546093
6000000000437546836
6000000000437562403
6000000000437562516
6000000000437592566
6000000000437592877
6000000000437592890
6000000000437592940
6000000000437594534
6000000000437594732
6000000000437605339
6000000000437605826
6000000000437608015
6000000000437608918
6000000000437610195
6000000000437611989
6000000000437612237
6000000000437615749
6000000000437615826
6000000000437626004
6000000000437669135
6000000000437669873
6000000000437818497
6000000000437862747
6000000000437866303
6000000000437882680
6000000000437929828
6000000000438160041
6000000000440064763
6000000000440363134
6000000000444676198
6000000000445113430
6000000000445115500
6000000000445119845
6000000000445133891
6000000000445140415
6000000000445149914
6000000000445151481
6000000000445153446
6000000000445161516
6000000000445183988
6000000000445187539
6000000000445188752
6000000000445191497
6000000000445520013
6000000000445522922
6000000000445567626
6000000000445925021
6000000000447310989
6000000000448593758
6000000000448611455
6000000000448959551
6000000000449336980
6000000000449436401
6000000000449474445
6000000000452602421
6000000000452686437
6000000000453738366
6000000000453748382
6000000000455101412
6000000000460332123
6000000000460332141
6000000000460332150
6000000000460332160
6000000000460726610
6000000000460790288
6000000000460839161
6000000000460873682
6000000000460880149
6000000000460957316
6000000000462488283
6000000000462563431
6000000000462660269
6000000000462671548
6000000000462671749
6000000000462674113
6000000000462674121
6000000000462675819
6000000000462681442
6000000000462713383
6000000000463175969
6000000000463241996
6000000000467305771
6000000000467485268
6000000000467542216
6000000000469292724
6000000000469455971
6000000000469888989
6000000000471176865
6000000000473948596
6000000000473985906
6000000000473985978
6000000000473988096
6000000000474012362
6000000000474012380
6000000000474012434
6000000000474012488
6000000000474012533
6000000000474016154
6000000000474020110
6000000000474020119
6000000000474020128
6000000000474020137
6000000000474020185
6000000000474020268
6000000000474020378
6000000000474020460
6000000000474020487
6000000000474020559
6000000000474020568
6000000000474020777
6000000000474020786
6000000000474021020
6000000000474035769
6000000000474035805
6000000000474064040
6000000000474064049
6000000000474064067
6000000000474064328
6000000000474064373
6000000000474064445
6000000000474064454
6000000000474064968
6000000000474064988
6000000000474064997
6000000000474104110
6000000000474104338
6000000000474152493
6000000000474162631
6000000000474162649
6000000000474162658
6000000000474162667
6000000000474162821
6000000000474162830
6000000000474162839
6000000000474162884
6000000000474169023
6000000000474169033
6000000000474169079
6000000000474169139
6000000000474169556
6000000000474199687
6000000000474199696
6000000000474199900
6000000000474917165
6000000000475063599
6000000000477285316
6000000000477509650
6000000000477712086
6000000000485654877
6000000000485813576
6000000000486080064
6000000000490564196
6000000000490867656
6000000000490867663
6000000000492186183
6000000000492270258
6000000000494796825
6000000000494810751
6000000000496947130
6000000000496947141
6000000000496947150
6000000000496947160
6000000000496947244
6000000000496947493
6000000000496947634
6000000000496960006
6000000000496960795
6000000000496960902
6000000000496970632
6000000000496970735
6000000000496977750
6000000000496982295
6000000000496982753
6000000000496982764
6000000000496983281
6000000000496983309
6000000000496989334
6000000000496989746
6000000000498370708
6000000000498433774
6000000000498713156
6000000000498986237
6000000000501021489
6000000000505699915
6000000000505717984
6000000000505879286
6000000000505937196
6000000000506242789
6000000000506248852
6000000000506368644
6000000000507003478
6000000000512198281
6000000000512521698
6000000000512719135
6000000000515214098
6000000000518194432
6000000000522977268
6000000000522980376
6000000000523015943
6000000000523228128
6000000000523551913
6000000000523566628
6000000000529077941
6000000000529625823
6000000000529775111
6000000000529776234
6000000000531148722
6000000000531580778
6000000000531627997
6000000000531704637
6000000000531791504
6000000000531807761
6000000000533539177
6000000000535294938
6000000000535349951
6000000000535403717
6000000000536230092
6000000000536954872
6000000000536954883
6000000000536954952
6000000000536954963
6000000000536954974
6000000000536956012
6000000000536956043
6000000000536956627
6000000000536956636
6000000000536960714
6000000000536960735
6000000000537043034
6000000000537043043
6000000000537043050
6000000000537043368
6000000000537065746
6000000000537065755
6000000000537065807
6000000000537218162
6000000000537448228
6000000000537742791
6000000000540055053
6000000000541586091
6000000000541978818
6000000000541990499
6000000000542006723
6000000000542097375
6000000000542234841
6000000000542395365
6000000000542492503
6000000000542569338
6000000000543024718
6000000000543056502
6000000000543360018
6000000000543601990
6000000000545620681
6000000000545620984
6000000000545686668
6000000000545764335
6000000000545804371
6000000000545940890
6000000000545942456
6000000000546119256
6000000000546121375
6000000000546130215
6000000000546141217
6000000000546142202
6000000000546154183
6000000000546170218
6000000000546331893
6000000000547181787
6000000000549195936
6000000000549293502
6000000000549305497
6000000000549317466
6000000000549399213
6000000000549401366
6000000000549937047
6000000000550319999
6000000000550492423
6000000000551572367
6000000000559404221
6000000000559573962
6000000000560074228
6000000000565480264
6000000000569059355
6000000000571754259
6000000000571754266
6000000000571754300
6000000000571755366
6000000000571756432
6000000000571756568
6000000000571761309
6000000000571768821
6000000000571783849
6000000000571786072
6000000000571786969
6000000000571789644
6000000000571789664
6000000000571789671
6000000000573702000
6000000000573854738
6000000000574017208
6000000000574028558
6000000000574078388
6000000000574092524
6000000000574138150
6000000000574180222
6000000000574567645
6000000000579619347
6000000000581187536
6000000000581187553
6000000000581187590
6000000000582877858
6000000000582878990
6000000000582880122
6000000000583224968
6000000000583441911
6000000000584173599
6000000000584193804
6000000000585579726
6000000000591578523
6000000000591578535
6000000000595794863
6000000000595940091
6000000000596051410
6000000000596503208
6000000000598850973
6000000000599365568
6000000000600005765
6000000000600070414
6000000000602461474
6000000000602550396
6000000000604303780
6000000000604875212
6000000000604979515
6000000000608202281
6000000000609971926
6000000000612305400
6000000000614910056
6000000000619994838
6000000000620057923
6000000000620059862
6000000000621151695
6000000000621170104
6000000000621485999
6000000000621618160
6000000000624774219
6000000000628763020
6000000000628771629
6000000000628798048
6000000000628841483
6000000000628842070
6000000000628853162
6000000000628858581
6000000000628861532
6000000000628861709
6000000000629539465
6000000000629578057
6000000000632007001
6000000000632008496
6000000000632030029
6000000000640277488
6000000000640385057
6000000000640391267
6000000000640482990
6000000000640493673
6000000000640845760
6000000000640926734
6000000000640926753
6000000000640930134
6000000000640931229
6000000000640934817
6000000000640939782
6000000000640943678
6000000000640951484
6000000000640977134
6000000000640987821
6000000000640987830
6000000000640988213
6000000000640988231
6000000000640988268
6000000000640988554
6000000000640988839
6000000000640990619
6000000000640990853
6000000000640991192
6000000000640991863
6000000000640991872
6000000000640991890
6000000000640991926
6000000000640991953
6000000000640991998
6000000000640992074
6000000000640992093
6000000000640992180
6000000000640992207
6000000000640996641
6000000000640996773
6000000000640997133
6000000000640997923
6000000000640999482
6000000000640999493
6000000000641000537
6000000000641004629
6000000000641004639
6000000000641005510
6000000000641008175
6000000000641010132
6000000000641010142
6000000000641011525
6000000000641011858
6000000000641013460
6000000000641013480
6000000000641016100
6000000000641020126
6000000000641020136
6000000000641020146
6000000000641022035
6000000000641022075
6000000000641022085
6000000000641029183
6000000000641029577
6000000000641029996
6000000000641030086
6000000000641030186
6000000000641030206
6000000000641030353
6000000000641031986
6000000000641033071
6000000000641034413
6000000000641043460
6000000000641044365
6000000000641044375
6000000000641057547
6000000000641057611
6000000000641057829
6000000000641057839
6000000000641057849
6000000000641067430
6000000000641067442
6000000000641067452
6000000000641067464
6000000000641070527
6000000000641070567
6000000000641070666
6000000000641070975
6000000000641071003
6000000000641071118
6000000000641071217
6000000000641071492
6000000000641075560
6000000000641082655
6000000000641091002
6000000000641092586
6000000000641092596
6000000000641092726
6000000000641095018
6000000000641101344
6000000000641101467
6000000000641103041
6000000000641103051
6000000000641104324
6000000000641365774
6000000000641389935
6000000000641502199
6000000000641939711
6000000000641942419
6000000000642015406
6000000000642074632
6000000000642082925
6000000000647100798
6000000000648177790
6000000000648205466
6000000000651502709
6000000000651502720
6000000000651679313
6000000000651913482
6000000000651994464
6000000000652037365
6000000000653125587
6000000000653288115
6000000000656721506
6000000000656813883
6000000000656886819
6000000000656950354
6000000000657051023
6000000000657476595
6000000000661306654
6000000000664801584
6000000000664826244
6000000000664826273
6000000000664832184
6000000000664832309
6000000000664841991
6000000000664965867
6000000000665131865
6000000000665232496
6000000000665380375
6000000000665490559
6000000000665544437
6000000000666780234
6000000000669087363
6000000000669920682
6000000000670055831
6000000000670090891
6000000000670173610
6000000000670268006
6000000000670279300
6000000000670389262
6000000000671790465
6000000000671818264
6000000000671822547
6000000000671828681
6000000000671850343
6000000000671874700
6000000000672141254
6000000000672147196
6000000000674448669
6000000000674547127
6000000000674547243
6000000000674583294
6000000000674825812
6000000000675077337
6000000000675111492
6000000000675116218
6000000000675137665
6000000000675148293
6000000000675187116
6000000000675541182
6000000000675565500
6000000000675608081
6000000000675665884
6000000000675672342
6000000000675789129
6000000000676856258
6000000000677137759
6000000000677194492
6000000000677330061
6000000000679344754
6000000000679384443
6000000000679723667
6000000000679733140
6000000000679751359
6000000000680695598
6000000000680775477
6000000000681295359
6000000000682018110
6000000000682293561
6000000000682370307
6000000000682385616
6000000000682391584
6000000000682812378
6000000000682909923
6000000000682918956
6000000000683579442
6000000000683643086
6000000000684063453
6000000000685205542
6000000000685763088
6000000000686067806
6000000000686318225
6000000000687202972
6000000000688300441
6000000000688349242
6000000000690814897
6000000000691011587
6000000000693906353
6000000000693950444
6000000000694158525
6000000000694856177
6000000000695580826
6000000000696177711
6000000000699221919
6000000000699311329
6000000000699318282
6000000000699431271
6000000000699599197
6000000000700865954
6000000000700873631
6000000000700878140
6000000000700882872
6000000000700886383
6000000000700903066
6000000000700917510
6000000000700923287
6000000000700924411
6000000000700931769
6000000000700947740
6000000000700950953
6000000000700952394
6000000000700953201
6000000000700963462
6000000000700972962
6000000000700974273
6000000000700974996
6000000000700984390
6000000000701001250
6000000000701059661
6000000000701095173
6000000000701099882
6000000000701118077
6000000000701119941
6000000000701127312
6000000000701127473
6000000000701171280
6000000000701212199
6000000000701212215
6000000000701212352
6000000000701212407
6000000000701212421
6000000000701212444
6000000000701216181
6000000000701216197
6000000000701216478
6000000000701219068
6000000000701219088
6000000000701219929
6000000000701219945
6000000000701222057
6000000000701222071
6000000000701222091
6000000000701222098
6000000000701222114
6000000000701222146
6000000000701222268
6000000000701222855
6000000000701224257
6000000000701224330
6000000000701224426
6000000000701224595
6000000000701224620
6000000000701224748
6000000000701225123
6000000000701225130
6000000000701225153
6000000000701225368
6000000000701225390
6000000000701225901
6000000000701231235
6000000000701231704
6000000000701231928
6000000000701231984
6000000000701231991
6000000000701235019
6000000000701235026
6000000000701235159
6000000000702932936
6000000000703113081
6000000000703229014
6000000000704504061
6000000000705393897
6000000000705642323
6000000000709109211
6000000000709188309
6000000000709206737
6000000000709209810
6000000000709223072
6000000000709225886
6000000000709239782
6000000000709332242
6000000000709334357
6000000000709359087
6000000000709541555
6000000000709878499
6000000000710016864
6000000000712097393
6000000000712352500
6000000000714646103
6000000000714858288
6000000000716998561
6000000000717229053
6000000000717690363
6000000000717697109
6000000000717776836
6000000000717877042
6000000000718389713
6000000000720420100
6000000000720957240
6000000000721010187
6000000000721070008
6000000000721348306
6000000000721390809
6000000000721798016
6000000000721833015
6000000000722027727
6000000000722124788
6000000000725115972
6000000000727122578
6000000000727161781
6000000000727257747
6000000000727296106
6000000000727845797
6000000000727935900
6000000000728021079
6000000000728025183
6000000000728250898
6000000000728299766
6000000000728482972
6000000000728588023
6000000000728657032
6000000000728689157
6000000000732548154
6000000000733189883
6000000000733274479
6000000000733461316
6000000000733469168
6000000000734852344
6000000000734877470
6000000000735705369
6000000000735848449
6000000000735972498
6000000000736000368
6000000000736166183
6000000000736768413
6000000000740522647
6000000000741834713
6000000000742036243
6000000000742788611
6000000000743061914
6000000000743335131
6000000000743372033
6000000000743413001
6000000000743414023
6000000000743500449
6000000000743955206
6000000000744080154
6000000000750946964
6000000000751966877
6000000000751966916
6000000000752036538
6000000000752120431
6000000000752123239
6000000000752137451
6000000000752175059
6000000000756952602
6000000000757117027
6000000000757999620
6000000000758079676
6000000000758124033
6000000000759614642
6000000000759679062
6000000000759796872
6000000000759879489
6000000000759890348
6000000000759893323
6000000000759975320
6000000000760616399
6000000000761639165
6000000000761701017
6000000000765100226
6000000000765645327
6000000000767226677
6000000000768236392
6000000000768261782
6000000000768261793
6000000000768271011
6000000000768282653
6000000000768611512
6000000000768617491
6000000000768630901
6000000000768707125
6000000000768711368
6000000000768711379
6000000000768724138
6000000000768727555
6000000000768736187
6000000000768762163
6000000000768782123
6000000000768782134
6000000000768857361
6000000000768917054
6000000000768942057
6000000000768957873
6000000000768959047
6000000000769119163
6000000000769135454
6000000000769174075
6000000000769386615
6000000000769470073
6000000000769531454
6000000000769560303
6000000000769654031
6000000000769874015
6000000000769891469
6000000000769891479
6000000000769891489
6000000000769891509
6000000000769899870
6000000000769899901
6000000000769899922
6000000000769899932
6000000000769899945
6000000000769899955
6000000000769899965
6000000000769902407
6000000000769902583
6000000000769905441
6000000000769914003
6000000000769920068
6000000000769920440
6000000000769930116
6000000000769930180
6000000000769930210
6000000000769948445
6000000000769993869
6000000000769996541
6000000000769996633
6000000000769996736
6000000000769996983
6000000000769996993
6000000000770001473
6000000000770078169
6000000000770092002
6000000000771167458
6000000000771264210
6000000000771264408
6000000000771264415
6000000000771264432
6000000000771264665
6000000000771986019
6000000000772258651
6000000000774117903
6000000000774208742
6000000000774227792
6000000000774278878
6000000000774302390
6000000000774495647
6000000000774497612
6000000000774536275
6000000000774539107
6000000000774544809
6000000000774548087
6000000000774643875
6000000000774650887
6000000000774665477
6000000000774676597
6000000000774740005
6000000000774768189
6000000000774784779
6000000000774806638
6000000000774860274
6000000000774884576
6000000000778597208
6000000000778653244
6000000000782758395
6000000000782781239
6000000000782833144
6000000000782906012
6000000000782957036
6000000000782970211
6000000000783951528
6000000000792288293
6000000000792291226
6000000000792343570
6000000000792343618
6000000000792349180
6000000000795068398
6000000000796819061
6000000000796819984
6000000000796820170
6000000000796830953
6000000000796834108
6000000000796834346
6000000000796840008
6000000000796840269
6000000000796840789
6000000000796842681
6000000000796849178
6000000000796852054
6000000000796852558
6000000000796860925
6000000000796862250
6000000000796862330
6000000000796862667
6000000000796862686
6000000000796862731
6000000000796874512
6000000000796884387
6000000000796886787
6000000000796886861
6000000000796888188
6000000000796888612
6000000000796888623
6000000000796888717
6000000000796891248
6000000000796896697
6000000000796900261
6000000000798385365
6000000000803837330
6000000000803912169
6000000000803923036
6000000000804887413
6000000000804907642
6000000000804933430
6000000000805564419
6000000000812943370
6000000000816280268
6000000000822205151
6000000000825212631
6000000000830244922
6000000000831060653
6000000000831222922
6000000000831340779
6000000000840999162
6000000000841085004
6000000000843042071
6000000000843049128
6000000000851442057
6000000000853042335
6000000000855234614
6000000000855468076
6000000000856408220
6000000000856604272
6000000000857016008
6000000000860259173
6000000000861319730
6000000000861819061
6000000000861861048
6000000000864049064
6000000000865518088
6000000000866353020
6000000000868540052
6000000000868540260
6000000000868540310
6000000000868540647
6000000000868541228
6000000000868543657
6000000000868550764
6000000000868550773
6000000000868550781
6000000000868551972
6000000000868555214
6000000000869440139
6000000000890246444
6000000000891680343
6000000000893445364
6000000000893445566
6000000000893445702
6000000000893445810
6000000000894017358
6000000000894794311
6000000000895451543
6000000000896882581
6000000000897265147
6000000000897604991
6000000000897737992
6000000000897979327
6000000000898069208
6000000000899169105
6000000000899942202
6000000000900889388
6000000000901150478
6000000000902198580
6000000000902335093
6000000000904661585
6000000000904966517
6000000000905014194
6000000000905031154
6000000000905641744
6000000000905845445
6000000000906029010
6000000000906482130
6000000000908088464
6000000000908088530
6000000000908833705
6000000000909072084
6000000000915644339
6000000000915853245
6000000000915903133
6000000000920403620
6000000000922833009
6000000000924480093
6000000000924529666
6000000000924793400
6000000000928454000
6000000000929070378
6000000000929117261
6000000000930944231
6000000000936840801
6000000000937329305
6000000000940074084
6000000000940093102
6000000000943981387
6000000000944055419
6000000000944084267
6000000000944148261
6000000000944160067
6000000000944203027
6000000000944947195
6000000000944947381
6000000000944955663
6000000000945053014
6000000000945061958
6000000000945065547
6000000000945068466
6000000000945068492
6000000000945068506
6000000000945071204
6000000000945074775
6000000000945084716
6000000000954088839
6000000000954119760
6000000000954169394
6000000000954217421
6000000000954232250
6000000000954232339
6000000000954278164
6000000000955114937
6000000000955116830
6000000000955327387
6000000000955356334
6000000000955990248
6000000000956005549
6000000000957282293
6000000000957287491
6000000000957287512
6000000000957298502
6000000000957318394
6000000000957327205
6000000000957335739
6000000000957338253
6000000000957338629
6000000000966157341
6000000000970342399
6000000001006658393
6000000001009256086
6000000001009256177
6000000001009256198
6000000001013078522
6000000001013085939
6000000001013093567
6000000001013094009
6000000001013106998
6000000001023157027
6000000001024438875
6000000001024948055
6000000001025369657
6000000001025614267
6000000001025640244
6000000001034485341
6000000001034695091
6000000001035899285
6000000001035946024
6000000001036038012
6000000001036407053
6000000001036763081
6000000001038949823
6000000001041441773
6000000001041459819
6000000001041474621
6000000001041559796
6000000001041617210
6000000001042071191
6000000001044369371
6000000001044775728
6000000001044981876
6000000001045079246
6000000001045265093
6000000001045266891
6000000001045369865
6000000001045422816
6000000001045459542
6000000001045491041
6000000001046097064
6000000001046097197
6000000001046112243
6000000001046124130
6000000001046231589
6000000001050631452
6000000001051792325
6000000001052002306
6000000001052011900
6000000001052476194
6000000001052543006
6000000001054697159
6000000001059203432
6000000001059388725
6000000001062599699
6000000001062662217
6000000001062725047
6000000001062958477
6000000001062969490
6000000001063055862
6000000001063161411
6000000001063166988
6000000001063167523
6000000001063169161
6000000001063172991
6000000001063194930
6000000001063267058
6000000001063327687
6000000001063331071
6000000001063332892
6000000001063370043
6000000001063412048
6000000001065449177
6000000001065785453
6000000001066179151
6000000001068387165
6000000001069092412
6000000001069437500
6000000001072770295
6000000001074275300
6000000001075186052
6000000001083936486
6000000001084786832
6000000001084906154
6000000001085279900
6000000001085303408
6000000001085379026
6000000001085437093
6000000001085462842
6000000001088519030
6000000001088818564
6000000001088848284
6000000001088917123
6000000001089523001
6000000001091890666
6000000001091918130
6000000001094739253
6000000001094867358
6000000001094892771
6000000001094907699
6000000001094931481
6000000001094951573
6000000001094972410
6000000001094977006
6000000001094983308
6000000001095058535
6000000001095059001
6000000001095067045
6000000001095067078
6000000001095341361
6000000001095376277
6000000001095643277
6000000001096256553
6000000001102431618
6000000001107642774
6000000001111301028
6000000001111307056
6000000001111992405
6000000001112962857
6000000001112983911
6000000001119785651
6000000001120089414
6000000001120236031
6000000001126486976
6000000001126498796
6000000001126515902
6000000001126874688
6000000001127302498
6000000001127322273
6000000001130898363
6000000001136798072
6000000001138062176
6000000001138735296
6000000001138830586
6000000001139071013
6000000001139931822
6000000001140272001
6000000001140277254
6000000001140453852
6000000001140577793
6000000001141145118
6000000001142092329
6000000001142106968
6000000001142106980
6000000001142141323
6000000001142143368
6000000001142200835
6000000001142218720
6000000001142225962
6000000001142226490
6000000001142236549
6000000001142238712
6000000001142245959
6000000001142246618
6000000001142257057
6000000001142264637
6000000001142272766
6000000001142272940
6000000001142363908
6000000001142394521
6000000001142495182
6000000001142564337
6000000001142574046
6000000001142714835
6000000001143110607
6000000001143966322
6000000001144914191
6000000001144926106
6000000001144928065
6000000001147716580
6000000001147917547
6000000001147917568
6000000001148048799
6000000001148197812
6000000001156149953
6000000001156514944
6000000001156548017
6000000001156548028
6000000001156702639
6000000001156801591
6000000001156811632
6000000001156936455
6000000001156994090
6000000001156994345
6000000001156994355
6000000001157007026
6000000001163157435
6000000001164043708
6000000001164043723
6000000001164043927
6000000001164043937
6000000001164043944
6000000001164043951
6000000001164043961
6000000001164726740
6000000001164855134
6000000001164871112
6000000001165655151
6000000001165685066
6000000001167500075
6000000001169084883
6000000001169088079
6000000001169090995
6000000001169094604
6000000001169094797
6000000001169126886
6000000001169130560
6000000001169130656
6000000001169130795
6000000001169143193
6000000001169143209
6000000001169146145
6000000001169151943
6000000001169151953
6000000001169151963
6000000001169154015
6000000001169154590
6000000001169154735
6000000001169154793
6000000001169154865
6000000001169154976
6000000001169157001
6000000001169157120
6000000001169157385
6000000001169157426
6000000001169171714
6000000001169174151
6000000001169174345
6000000001169174487
6000000001169174965
6000000001169174983
6000000001169179958
6000000001169182305
6000000001169186866
6000000001169186893
6000000001169186902
6000000001169186947
6000000001169204216
6000000001169204330
6000000001169224183
6000000001169224783
6000000001169228992
6000000001169229879
6000000001169232235
6000000001169232267
6000000001169233297
6000000001169235026
6000000001169235035
6000000001169235042
6000000001169235389
6000000001169235574
6000000001169235592
6000000001169237263
6000000001169238159
6000000001169238166
6000000001169266129
6000000001169296643
6000000001169296726
6000000001169296802
6000000001169297162
6000000001169297770
6000000001169297881
6000000001169313832
6000000001169317363
6000000001169321712
6000000001169321908
6000000001169323655
6000000001169325489
6000000001169340539
6000000001169345035
6000000001171406783
6000000001172213829
6000000001172352035
6000000001173531306
6000000001173542543
6000000001173860005
6000000001175575081
6000000001177962220
6000000001177976070
6000000001177984071
6000000001177984080
6000000001183913030
6000000001183968441
6000000001184035610
6000000001184040598
6000000001186171027
6000000001188805988
6000000001193332584
6000000001195536539
6000000001195604575
6000000001196257237
6000000001196707179
6000000001198674853
6000000001198709343
6000000001198751004
6000000001198860794
6000000001198951480
6000000001199435516
6000000001199613094
6000000001199728382
6000000001199952528
6000000001199993264
6000000001200014120
6000000001200023579
6000000001200028258
6000000001200091331
6000000001200100841
6000000001200156499
6000000001200187654
6000000001200204262
6000000001200208116
6000000001200219073
6000000001200412771
6000000001200495470
6000000001200506171
6000000001200522996
6000000001200529198
6000000001201652787
6000000001201793305
6000000001205071868
6000000001205118569
6000000001205129184
6000000001205206213
6000000001205324797
6000000001205369626
6000000001205606328
6000000001208248027
6000000001209100724
6000000001209109374
6000000001209115547
6000000001209188278
6000000001209415397
6000000001209426947
6000000001209626897
6000000001209791197
6000000001209857715
6000000001209951455
6000000001210371267
6000000001210371385
6000000001210380997
6000000001210401095
6000000001210401775
6000000001210412053
6000000001210412680
6000000001210418490
6000000001210422424
6000000001210427854
6000000001210438292
6000000001210444666
6000000001210456367
6000000001210492768
6000000001210505101
6000000001210506430
6000000001210512138
6000000001210528003
6000000001210528558
6000000001219636503
6000000001229814635
6000000001229904356
6000000001229960975
6000000001230037346
6000000001230046163
6000000001230280088
6000000001232636839
6000000001232675103
6000000001232690155
6000000001233379149
6000000001237507172
6000000001238438053
6000000001242977486
6000000001243770281
6000000001246390835
6000000001246531671
6000000001246558894
6000000001246567561
6000000001246626181
6000000001246649213
6000000001246707144
6000000001246709052
6000000001246720022
6000000001251462995
6000000001251580171
6000000001256650510
6000000001257444591
6000000001258751247
6000000001259149601
6000000001259257525
6000000001259316980
6000000001259432612
6000000001262390395
6000000001262892380
6000000001263198929
6000000001266578142
6000000001272001347
6000000001272002522
6000000001272012477
6000000001272026560
6000000001272042673
6000000001272069278
6000000001272113006
6000000001272327312
6000000001272831610
6000000001273909665
6000000001275312399
6000000001275376809
6000000001275466109
6000000001275536567
6000000001275554325
6000000001275555428
6000000001275560422
6000000001275589346
6000000001275636076
6000000001275638659
6000000001275660005
6000000001275705189
6000000001278610141
6000000001287315183
6000000001288422241
6000000001288435072
6000000001288536821
6000000001299396536
6000000001300715021
6000000001301496658
6000000001306522491
6000000001306542013
6000000001306620995
6000000001306718753
6000000001306771194
6000000001307687897
6000000001307704837
6000000001307847408
6000000001311917463
6000000001314401546
6000000001314710686
6000000001314932621
6000000001315058101
6000000001315079035
6000000001317317467
6000000001317331213
6000000001317925402
6000000001318530881
6000000001319351116
6000000001319422295
6000000001319443398
6000000001319649216
6000000001322150068
6000000001322243541
6000000001322243555
6000000001322277684
6000000001323012803
6000000001323226039
6000000001323231241
6000000001323259228
6000000001323467883
6000000001323506976
6000000001323807469
6000000001323824143
6000000001323878378
6000000001326679613
6000000001329622158
6000000001330899240
6000000001336650473
6000000001337630086
6000000001337634645
6000000001337643325
6000000001337643334
6000000001338193719
6000000001339449427
6000000001340142235
6000000001340213001
6000000001340567024
6000000001349538049
6000000001351712009
6000000001351719002
6000000001351719505
6000000001351739261
6000000001351739282
6000000001351755864
6000000001351760995
6000000001351784334
6000000001353737222
6000000001353747968
6000000001353854035
6000000001353854695
6000000001353854936
6000000001353860591
6000000001353860902
6000000001353866433
6000000001353874511
6000000001353889239
6000000001353898393
6000000001353901839
6000000001353905608
6000000001353905636
6000000001353905770
6000000001353905777
6000000001353905784
6000000001353905798
6000000001353905805
6000000001353905826
6000000001353905888
6000000001353907644
6000000001353928160
6000000001353929104
6000000001353929118
6000000001353929697
6000000001353932085
6000000001353932092
6000000001353932237
6000000001353933396
6000000001353933886
6000000001353956908
6000000001354324165
6000000001354324226
6000000001354419384
6000000001354422610
6000000001354425410
6000000001354452638
6000000001354452659
6000000001354452729
6000000001354452743
6000000001354452786
6000000001354452814
6000000001354454509
6000000001354454530
6000000001354488757
6000000001354488907
6000000001354491073
6000000001354491294
6000000001354491504
6000000001354493652
6000000001354495819
6000000001354499420
6000000001354499448
6000000001354517334
6000000001354529494
6000000001355636606
6000000001355641630
6000000001355641705
6000000001355643008
6000000001355720467
6000000001355754674
6000000001355760060
6000000001355760066
6000000001355763116
6000000001355763205
6000000001355763327
6000000001355763501
6000000001355764462
6000000001355764483
6000000001361669297
6000000001362605832
6000000001363640693
6000000001368712384
6000000001369733240
6000000001369756398
6000000001369760330
6000000001370024415
6000000001370667847
6000000001374192809
6000000001374258247
6000000001374384141
6000000001378295126
6000000001380828716
6000000001380983518
6000000001381046535
6000000001381063554
6000000001381114215
6000000001381123265
6000000001381274001
6000000001381395280
6000000001381812517
6000000001382092506
6000000001383530588
6000000001391856400
6000000001397662703
6000000001397740992
6000000001397765915
6000000001397812864
6000000001397856950
6000000001397950212
6000000001398131432
6000000001398561082
6000000001404145691
6000000001404250576
6000000001404852420
6000000001404871378
6000000001408859993
6000000001408871740
6000000001409023478
6000000001409107184
6000000001409111229
6000000001409339120
6000000001412838029
6000000001412838050
6000000001412838503
6000000001412838510
6000000001412870549
6000000001412870564
6000000001412870575
6000000001412870631
6000000001412870797
6000000001412870805
6000000001412870832
6000000001412870869
6000000001412870878
6000000001412870900
6000000001412873288
6000000001412873322
6000000001412873961
6000000001412875088
6000000001412875103
6000000001412875155
6000000001412875177
6000000001412875184
6000000001412875198
6000000001412875205
6000000001412875219
6000000001412875292
6000000001412875300
6000000001412875403
6000000001412875414
6000000001412875445
6000000001412875461
6000000001412875471
6000000001412875513
6000000001412875551
6000000001412875558
6000000001412875565
6000000001412875580
6000000001412875594
6000000001412875622
6000000001412875629
6000000001412875744
6000000001412875756
6000000001412875911
6000000001412881746
6000000001412881786
6000000001412885635
6000000001412885834
6000000001412894618
6000000001412900128
6000000001412900167
6000000001412900494
6000000001412900558
6000000001412900567
6000000001412900576
6000000001412900601
6000000001412900610
6000000001412900697
6000000001412900705
6000000001412900724
6000000001412900801
6000000001412904570
6000000001412904658
6000000001412904706
6000000001412909311
6000000001412909502
6000000001412909509
6000000001412909956
6000000001412911042
6000000001412911828
6000000001412918158
6000000001412918489
6000000001412918574
6000000001412918601
6000000001412918616
6000000001412918691
6000000001412918715
6000000001412918732
6000000001412918740
6000000001412918749
6000000001412918765
6000000001412918781
6000000001412918813
6000000001412918821
6000000001412918830
6000000001412918838
6000000001412918857
6000000001412918868
6000000001412918968
6000000001412918976
6000000001412918992
6000000001412919000
6000000001412921041
6000000001412921049
6000000001412921067
6000000001412921121
6000000001412921129
6000000001412921205
6000000001412921215
6000000001412921225
6000000001412921234
6000000001412921289
6000000001412921297
6000000001412921330
6000000001412921355
6000000001412921372
6000000001412921381
6000000001412921427
6000000001412921435
6000000001412921531
6000000001412921823
6000000001412921831
6000000001412921936
6000000001412926007
6000000001412926027
6000000001412926572
6000000001412926593
6000000001412926603
6000000001412929140
6000000001412929181
6000000001412929190
6000000001412929252
6000000001412929312
6000000001412929320
6000000001412929328
6000000001412929336
6000000001412929344
6000000001412929352
6000000001412929360
6000000001412929376
6000000001412929505
6000000001412929513
6000000001412929521
6000000001412929715
6000000001412929740
6000000001412929788
6000000001412929806
6000000001412929815
6000000001412929833
6000000001412929851
6000000001412929860
6000000001412929958
6000000001412933079
6000000001412933204
6000000001412933228
6000000001412933245
6000000001412933605
6000000001412933812
6000000001412935037
6000000001412935350
6000000001412935976
6000000001412935986
6000000001412937040
6000000001412937087
6000000001412937257
6000000001412937266
6000000001412937275
6000000001412937284
6000000001412937309
6000000001412937510
6000000001412937598
6000000001412938886
6000000001412938911
6000000001412940111
6000000001412940184
6000000001412940807
6000000001412942498
6000000001412942849
6000000001412945126
6000000001412949016
6000000001412951156
6000000001412951167
6000000001412951572
6000000001412951620
6000000001412951818
6000000001412951827
6000000001412952494
6000000001412952663
6000000001412952704
6000000001412952853
6000000001412952912
6000000001412960639
6000000001412960739
6000000001412965333
6000000001412968098
6000000001412968114
6000000001412968122
6000000001412968233
6000000001412968290
6000000001413452473
6000000001413461267
6000000001416177551
6000000001416312174
6000000001416325390
6000000001416347026
6000000001434670985
6000000001435226422
6000000001435366077
6000000001435366302
6000000001435366313
6000000001435397035
6000000001435397098
6000000001435397107
6000000001435397116
6000000001435397125
6000000001435397401
6000000001435415475
6000000001435415495
6000000001435415505
6000000001435415523
6000000001435415560
6000000001435415570
6000000001435415581
6000000001435415590
6000000001435415599
6000000001435415610
6000000001435415656
6000000001435415803
6000000001435415815
6000000001435434478
6000000001435434492
6000000001435528073
6000000001435528087
6000000001435528094
6000000001435528101
6000000001435528108
6000000001435528115
6000000001435528122
6000000001435528129
6000000001435528136
6000000001435528142
6000000001435528148
6000000001435528154
6000000001435528160
6000000001435528178
6000000001435528208
6000000001435528222
6000000001437731307
6000000001437874038
6000000001438392838
6000000001441184437
6000000001441498155
6000000001441509684
6000000001446542148
6000000001448141608
6000000001448151252
6000000001448263075
6000000001449295063
6000000001449427127
6000000001450521371
6000000001450522826
6000000001452856681
6000000001452856689
6000000001454500276
6000000001455792905
6000000001455982151
6000000001458058448
6000000001459346066
6000000001459443083
6000000001459634872
6000000001459993025
6000000001460000194
6000000001460044102
6000000001460168227
6000000001462346818
6000000001462706010
6000000001462712746
6000000001463705788
6000000001465726777
6000000001465938224
6000000001466485935
6000000001466539404
6000000001467754626
6000000001467770200
6000000001467835221
6000000001467836381
6000000001468086147
6000000001468102184
6000000001468599323
6000000001468743288
6000000001468903556
6000000001469198199
6000000001469430108
6000000001469730334
6000000001469730343
6000000001469730448
6000000001469733136
6000000001469743163
6000000001469743190
6000000001469743198
6000000001469743204
6000000001469743212
6000000001469743219
6000000001469743226
6000000001469743259
6000000001471736338
6000000001471820131
6000000001471841421
6000000001472398410
6000000001472560078
6000000001472945371
6000000001475110150
6000000001476192734
6000000001476373365
6000000001476409065
6000000001477206244
6000000001477445663
6000000001479508039
6000000001479577848
6000000001479974048
6000000001479998258
6000000001480249149
6000000001480929116
6000000001481176044
6000000001488596227
6000000001493681386
6000000001493833197
6000000001493907157
6000000001498061776
6000000001498767635
6000000001499005705
6000000001500114529
6000000001500239507
6000000001500239587
6000000001500246498
6000000001500248316
6000000001500369237
6000000001500824787
6000000001500824810
6000000001500824850
6000000001500824858
6000000001500824956
6000000001500828764
6000000001500828828
6000000001500828947
6000000001500828971
6000000001500828980
6000000001500832315
6000000001500832520
6000000001500832569
6000000001500832617
6000000001500832829
6000000001500832839
6000000001500835390
6000000001500835821
6000000001500841088
6000000001500841097
6000000001500841571
6000000001500841620
6000000001500847862
6000000001500850212
6000000001500850848
6000000001500854028
6000000001500854063
6000000001500854419
6000000001500866576
6000000001500870186
6000000001500872245
6000000001500872352
6000000001500872832
6000000001500872848
6000000001500872856
6000000001500881725
6000000001500884093
6000000001500884454
6000000001500884462
6000000001500886177
6000000001500886194
6000000001500886224
6000000001500886349
6000000001500890958
6000000001500890965
6000000001500893373
6000000001500907100
6000000001500907457
6000000001500907600
6000000001500907607
6000000001500911205
6000000001500911847
6000000001500916576
6000000001500916668
6000000001500916728
6000000001500916764
6000000001500916916
6000000001500928203
6000000001500928210
6000000001500928224
6000000001500928259
6000000001500928296
6000000001500928519
6000000001500928754
6000000001500928874
6000000001500928922
6000000001500929000
6000000001500929374
6000000001500929879
6000000001500933126
6000000001500933553
6000000001500939132
6000000001500947329
6000000001500947385
6000000001500947879
6000000001500951460
6000000001500958352
6000000001500958358
6000000001500958936
6000000001500958995
6000000001500964003
6000000001500964109
6000000001500964116
6000000001500964164
6000000001500964189
6000000001500971114
6000000001500971138
6000000001500971163
6000000001500971844
6000000001500971945
6000000001500973069
6000000001500973093
6000000001500981235
6000000001500981366
6000000001500981514
6000000001500981614
6000000001500984325
6000000001500984349
6000000001500984587
6000000001500984868
6000000001500989071
6000000001500992057
6000000001500992091
6000000001500992534
6000000001500996052
6000000001501000003
6000000001501000813
6000000001501010534
6000000001501020539
6000000001501020568
6000000001501026484
6000000001501026778
6000000001501029955
6000000001501032093
6000000001501032222
6000000001501032228
6000000001501038027
6000000001501038846
6000000001501038907
6000000001501047037
6000000001501047102
6000000001501047118
6000000001501047159
6000000001501052195
6000000001501052357
6000000001501057010
6000000001501057062
6000000001501057101
6000000001501057114
6000000001501057135
6000000001501057280
6000000001501062059
6000000001501062089
6000000001501062796
6000000001501062803
6000000001501062846
6000000001501062917
6000000001501062940
6000000001501065025
6000000001501065106
6000000001501065381
6000000001501065423
6000000001501065522
6000000001501065572
6000000001501069123
6000000001501069132
6000000001501069164
6000000001501069210
6000000001501069226
6000000001501069255
6000000001501069542
6000000001501069795
6000000001501073741
6000000001501080263
6000000001501644488
6000000001503816068
6000000001503876674
6000000001503906263
6000000001503924269
6000000001503924275
6000000001503934547
6000000001504243383
6000000001504343227
6000000001504343251
6000000001504387635
6000000001504410642
6000000001504428445
6000000001504428900
6000000001504437876
6000000001504447266
6000000001504621689
6000000001504621695
6000000001504702150
6000000001504709374
6000000001504709429
6000000001504715031
6000000001504715786
6000000001504715942
6000000001504955560
6000000001504955692
6000000001504958354
6000000001504958369
6000000001504958377
6000000001504965587
6000000001504965624
6000000001504965960
6000000001504971300
6000000001504971307
6000000001504971364
6000000001504971371
6000000001504971404
6000000001504971435
6000000001504971480
6000000001504971753
6000000001504971930
6000000001504971938
6000000001504971945
6000000001504974009
6000000001504974016
6000000001504974023
6000000001504974142
6000000001504974149
6000000001504974157
6000000001504974201
6000000001504974236
6000000001504974523
6000000001504974673
6000000001504974807
6000000001504974955
6000000001504979045
6000000001504979129
6000000001504979346
6000000001504979686
6000000001504979693
6000000001504983220
6000000001504983398
6000000001504983596
6000000001504983759
6000000001504987119
6000000001504987580
6000000001504987588
6000000001504991250
6000000001504991257
6000000001504991265
6000000001504991279
6000000001504991585
6000000001504991621
6000000001504991928
6000000001504991988
6000000001504993688
6000000001506763855
6000000001506883754
6000000001506899998
6000000001507025206
6000000001507060141
6000000001507718842
6000000001507725897
6000000001507833591
6000000001507917614
6000000001507997353
6000000001508018503
6000000001510611291
6000000001510650092
6000000001510663407
6000000001512248288
6000000001513231897
6000000001513439539
6000000001513451204
6000000001513473132
6000000001513541186
6000000001517866371
6000000001519026227
6000000001520375930
6000000001521816731
6000000001522835393
6000000001523449247
6000000001526567662
6000000001526952099
6000000001529237435
6000000001529617385
6000000001529617955
6000000001531200843
6000000001531200878
6000000001531200950
6000000001531202412
6000000001531202421
6000000001531202519
6000000001531202546
6000000001531202635
6000000001531202644
6000000001531205518
6000000001531238748
6000000001531294980
6000000001531309598
6000000001531309625
6000000001531309686
6000000001531309883
6000000001531309932
6000000001531309940
6000000001531309949
6000000001531309981
6000000001531314034
6000000001531323155
6000000001531387401
6000000001534928000
6000000001534937306
6000000001534949474
6000000001534995483
6000000001535145026
6000000001536137982
6000000001540242114
6000000001542433894
6000000001542433907
6000000001542433942
6000000001542435104
6000000001542794873
6000000001542889122
6000000001543392939
6000000001543432544
6000000001543487593
6000000001543751090
6000000001543798015
6000000001543810037
6000000001543828703
6000000001544414723
6000000001544431739
6000000001544446082
6000000001544446481
6000000001544453863
6000000001544473926
6000000001544486289
6000000001544486768
6000000001544491104
6000000001544491726
6000000001544502254
6000000001544502336
6000000001544505169
6000000001544517055
6000000001544542384
6000000001544554402
6000000001544566618
6000000001544577533
6000000001544578967
6000000001544590571
6000000001544596977
6000000001544600421
6000000001544606222
6000000001544623612
6000000001550288478
6000000001552666115
6000000001552980413
6000000001553720851
6000000001553720859
6000000001553724253
6000000001553724289
6000000001553724296
6000000001553724345
6000000001553730019
6000000001553730544
6000000001553730666
6000000001553800399
6000000001560164054
6000000001563200627
6000000001563248087
6000000001563258822
6000000001563284517
6000000001563284549
6000000001563288338
6000000001563293216
6000000001563350697
6000000001563350714
6000000001565245147
6000000001578856844
6000000001578912888
6000000001578926329
6000000001578953401
6000000001580001188
6000000001580934837
6000000001581147047
6000000001584801190
6000000001586269647
6000000001586449474
6000000001586559347
6000000001586687550
6000000001586742615
6000000001586786315
6000000001587497254
6000000001588362960
6000000001588363339
6000000001588363511
6000000001588372513
6000000001588386554
6000000001588388449
6000000001588414303
6000000001588423802
6000000001588440396
6000000001588444082
6000000001588452922
6000000001588461161
6000000001588461811
6000000001588464379
6000000001588479580
6000000001588479640
6000000001588517287
6000000001588526562
6000000001588526876
6000000001588537217
6000000001588539263
6000000001588548186
6000000001588553706
6000000001588553797
6000000001588558027
6000000001588558532
6000000001593637951
6000000001593928046
6000000001593947330
6000000001593972605
6000000001593991258
6000000001594051535
6000000001594086076
6000000001594962115
6000000001595814236
6000000001598971185
6000000001599490659
6000000001599527098
6000000001599696823
6000000001599855039
6000000001599858347
6000000001599919033
6000000001600060051
6000000001610389741
6000000001610448055
6000000001612365083
6000000001614845574
6000000001614845637
6000000001615077348
6000000001623717001
6000000001624977289
6000000001625377656
6000000001625543412
6000000001631291699
6000000001634975055
6000000001636325877
6000000001636386225
6000000001643397812
6000000001645583663
6000000001651196441
6000000001651196484
6000000001651275385
6000000001651327133
6000000001651458191
6000000001651460598
6000000001651502714
6000000001651629109
6000000001655922838
6000000001655934611
6000000001655942715
6000000001655942739
6000000001655948982
6000000001655951155
6000000001655957584
6000000001656941388
6000000001662182551
6000000001662487401
6000000001662491345
6000000001662496354
6000000001662500394
6000000001662590723
6000000001662634010
6000000001662651231
6000000001662675323
6000000001662675374
6000000001662683210
6000000001668218324
6000000001669611233
6000000001669615758
6000000001669615869
6000000001669618142
6000000001669618279
6000000001669618325
6000000001669618957
6000000001669620081
6000000001669620123
6000000001669620130
6000000001669620409
6000000001669640393
6000000001669640401
6000000001669640454
6000000001669640549
6000000001669640632
6000000001669649063
6000000001669649301
6000000001669649691
6000000001669649864
6000000001669654269
6000000001669654419
6000000001669654764
6000000001669654771
6000000001669654777
6000000001669658069
6000000001669658581
6000000001669660462
6000000001669660492
6000000001669660515
6000000001669660583
6000000001669660591
6000000001669660660
6000000001669662405
6000000001669662426
6000000001669662786
6000000001669662792
6000000001669662856
6000000001675989039
6000000001678924544
6000000001678976729
6000000001688156023
6000000001690758707
6000000001699415807
6000000001699447820
6000000001699450239
6000000001699478852
6000000001699485318
6000000001699485324
6000000001699485355
6000000001699485361
6000000001699485385
6000000001699485966
6000000001699485992
6000000001699492817
6000000001701035908
6000000001704006610
6000000001708363985
6000000001710141184
6000000001710646607
6000000001710651465
6000000001710681746
6000000001710796162
6000000001710911002
6000000001710912835
6000000001711091993
6000000001712703292
6000000001713315788
6000000001713373574
6000000001713373908
6000000001713374434
6000000001713382550
6000000001720990147
6000000001721082980
6000000001721419086
6000000001721459003
6000000001722690298
6000000001725833217
6000000001728253352
6000000001728253416
6000000001728253423
6000000001728253430
6000000001728253536
6000000001728253548
6000000001728253789
6000000001728253811
6000000001728253817
6000000001728253903
6000000001728253915
6000000001728257391
6000000001728257521
6000000001728257527
6000000001728257533
6000000001728257703
6000000001728257709
6000000001728257715
6000000001728257721
6000000001728257958
6000000001728257983
6000000001730326079
6000000001734411153
6000000001736399824
6000000001736464155
6000000001737670342
6000000001744804830
6000000001744806176
6000000001744806659
6000000001744810203
6000000001744810504
6000000001744815012
6000000001744815186
6000000001744815205
6000000001744815245
6000000001744815307
6000000001744815789
6000000001744815904
6000000001744815980
6000000001744818601
6000000001744821523
6000000001744821945
6000000001744822344
6000000001744822410
6000000001744822462
6000000001744822677
6000000001744825392
6000000001744825617
6000000001744825876
6000000001744825938
6000000001744830823
6000000001744835014
6000000001744835621
6000000001744835639
6000000001744835871
6000000001744837661
6000000001744837976
6000000001744842862
6000000001744843694
6000000001744846220
6000000001744846335
6000000001744855616
6000000001744855708
6000000001744855744
6000000001744855801
6000000001744855935
6000000001744858581
6000000001744861180
6000000001744861722
6000000001744871132
6000000001744871682
6000000001744871718
6000000001744871756
6000000001744871859
6000000001744871876
6000000001744871992
6000000001744873862
6000000001744877108
6000000001744877163
6000000001744877320
6000000001744877429
6000000001744877442
6000000001744877462
6000000001744877478
6000000001744877823
6000000001744877840
6000000001744880606
6000000001744886712
6000000001744889453
6000000001744889539
6000000001744889855
6000000001744891286
6000000001744894808
6000000001744898194
6000000001744898212
6000000001744898359
6000000001744898533
6000000001744902183
6000000001744902380
6000000001744902391
6000000001744902441
6000000001744902450
6000000001744902477
6000000001744902607
6000000001744908320
6000000001744915229
6000000001744915539
6000000001744974942
6000000001744977554
6000000001744982414
6000000001744982502
6000000001744982694
6000000001744991050
6000000001744991259
6000000001744991294
6000000001744991305
6000000001744991456
6000000001744991593
6000000001744995580
6000000001745009000
6000000001745028273
6000000001745028728
6000000001745028784
6000000001745028799
6000000001745028827
6000000001745033051
6000000001745033064
6000000001745033167
6000000001745033284
6000000001745033558
6000000001745033813
6000000001745033960
6000000001745038010
6000000001745038086
6000000001745038142
6000000001745038177
6000000001745038434
6000000001745038590
6000000001745043247
6000000001745043401
6000000001745043413
6000000001745046232
6000000001745048340
6000000001745051519
6000000001745058195
6000000001745058525
6000000001745058666
6000000001745092153
6000000001745092743
6000000001745096477
6000000001745096693
6000000001745096712
6000000001745103321
6000000001745348629
6000000001745375645
6000000001755974960
6000000001756061146
6000000001756108202
6000000001756124195
6000000001757268344
6000000001758859465
6000000001758878122
6000000001758878129
6000000001758949464
6000000001759012764
6000000001770176883
6000000001770188397
6000000001770204598
6000000001770214435
6000000001770214443
6000000001770214920
6000000001770216084
6000000001770277395
6000000001770277407
6000000001770282783
6000000001772898279
6000000001777536029
6000000001777917985
6000000001778173667
6000000001782850345
6000000001782993071
6000000001783169632
6000000001783169717
6000000001783169725
6000000001783180514
6000000001783181304
6000000001783271719
6000000001783287863
6000000001783295398
6000000001783502141
6000000001783502550
6000000001783504045
6000000001783504071
6000000001789016029
6000000001789016114
6000000001789016245
6000000001789016287
6000000001789022797
6000000001789022853
6000000001801825070
6000000001814424522
6000000001814424668
6000000001818445637
6000000001818477766
6000000001818496744
6000000001818588423
6000000001818640191
6000000001818650117
6000000001818652073
6000000001818683085
6000000001818689001
6000000001821102369
6000000001821187530
6000000001823740415
6000000001827509664
6000000001827562083
6000000001827562107
6000000001827562115
6000000001827562398
6000000001827562649
6000000001827572132
6000000001827575240
6000000001827580067
6000000001827582117
6000000001827585415
6000000001828593786
6000000001828950711
6000000001831620082
6000000001831652474
6000000001834222588
6000000001834226304
6000000001834726248
6000000001836147260
6000000001836379848
6000000001838022335
6000000001838588451
6000000001838607806
6000000001838879990
6000000001841099388
6000000001841191557
6000000001841197415
6000000001841472088
6000000001841499218
6000000001841619252
6000000001841992452
6000000001842551452
6000000001842580141
6000000001842614063
6000000001845187870
6000000001846026759
6000000001846212371
6000000001846230557
6000000001846253144
6000000001849119443
6000000001849128737
6000000001849154063
6000000001849195435
6000000001849230305
6000000001849260350
6000000001849615582
6000000001849802095
6000000001851827666
6000000001857303364
6000000001857968477
6000000001860542030
6000000001864313832
6000000001864316915
6000000001864317742
6000000001864335110
6000000001864335124
6000000001864340286
6000000001864340363
6000000001864340369
6000000001864342916
6000000001864350166
6000000001864350178
6000000001864350618
6000000001864350625
6000000001864350632
6000000001864350639
6000000001864350664
6000000001864350670
6000000001864350677
6000000001864350734
6000000001864350849
6000000001864350862
6000000001864353008
6000000001864353134
6000000001864353189
6000000001864353207
6000000001864353226
6000000001864353277
6000000001864353301
6000000001864353307
6000000001864353319
6000000001864353361
6000000001864353367
6000000001864353385
6000000001864353406
6000000001864356234
6000000001864356240
6000000001864356379
6000000001864356409
6000000001864356415
6000000001864356440
6000000001864356498
6000000001864356504
6000000001864356511
6000000001864356517
6000000001864356524
6000000001864356537
6000000001864356544
6000000001864356551
6000000001864356564
6000000001864356626
6000000001864356633
6000000001864356752
6000000001864356758
6000000001864356770
6000000001864356776
6000000001864370036
6000000001864370043
6000000001864370050
6000000001864370138
6000000001864370144
6000000001864370163
6000000001864370175
6000000001864370182
6000000001864370436
6000000001864370548
6000000001864370560
6000000001864370566
6000000001864370578
6000000001864370584
6000000001864370598
6000000001864370725
6000000001864370767
6000000001864370818
6000000001864373419
6000000001864373425
6000000001864373432
6000000001864373484
6000000001864373491
6000000001864373498
6000000001864373505
6000000001864373629
6000000001864373635
6000000001864373690
6000000001864373732
6000000001864373744
6000000001867295158
6000000001867425629
6000000001868498051
6000000001868695040
6000000001872992425
6000000001886760694
6000000001886930123
6000000001886954800
6000000001889982546
6000000001891424394
6000000001891813980
6000000001891953234
6000000001892023859
6000000001892025404
6000000001892137550
6000000001892308841
6000000001892439063
6000000001892741029
6000000001893103526
6000000001893569835
6000000001893602506
6000000001893607236
6000000001893608603
6000000001893719099
6000000001893799145
6000000001893802086
6000000001893849055
6000000001893854010
6000000001896459321
6000000001896512676
6000000001897579898
6000000001897839679
6000000001897932411
6000000001903392183
6000000001903931655
6000000001909464738
6000000001916774819
6000000001916868267
6000000001917063248
6000000001917074427
6000000001917076539
6000000001921445859
6000000001922688330
6000000001924940991
6000000001925000259
6000000001925062483
6000000001925083586
6000000001934536583
6000000001934674984
6000000001934851468
6000000001934910815
6000000001935232199
6000000001935232668
6000000001935440284
6000000001935619159
6000000001936291374
6000000001937247084
6000000001937606198
6000000001947428066
6000000001950561785
6000000001950833725
6000000001950981568
6000000001951072240
6000000001951142201
6000000001951142228
6000000001951168720
6000000001951607461
6000000001951824216
6000000001951835678
6000000001951838149
6000000001951839151
6000000001951862100
6000000001957244951
6000000001957244975
6000000001962224550
6000000001962363103
6000000001962535536
6000000001963065039
6000000001963120254
6000000001963288048
6000000001964675374
6000000001964681604
6000000001965828944
6000000001965836915
6000000001965993042
6000000001966007997
6000000001966042098
6000000001967665319
6000000001974571813
6000000001976884495
6000000001976895401
6000000001980621449
6000000001992125390
6000000001992125969
6000000001992127060
6000000001992127988
6000000001992130079
6000000001992130724
6000000001992174869
6000000001994565687
6000000001994779327
6000000001995109345
6000000001995109887
6000000001995121452
6000000002005795572
6000000002005827208
6000000002005838424
6000000002005852025
6000000002005880537
6000000002005885424
6000000002005898591
6000000002005937389
6000000002005971888
6000000002006128806
6000000002006128816
6000000002006130483
6000000002006134382
6000000002006137280
6000000002006154433
6000000002006214596
6000000002006214650
6000000002006298745
6000000002006386304
6000000002006413825
6000000002006462248
6000000002006507112
6000000002006517141
6000000002009941770
6000000002010067545
6000000002010133365
6000000002012435145
6000000002017581317
6000000002018988015
6000000002019568829
6000000002022153112
6000000002022187011
6000000002022514035
6000000002029919769
6000000002032473749
6000000002041979038
6000000002041979157
6000000002041979346
6000000002041979470
6000000002042150283
6000000002042605213
6000000002043178059
6000000002043178550
6000000002043178570
6000000002043178578
6000000002043178604
6000000002043182579
6000000002043182790
6000000002043184119
6000000002043184330
6000000002043184703
6000000002043186152
6000000002043186310
6000000002043186317
6000000002043186380
6000000002043186469
6000000002043186737
6000000002043186800
6000000002043186946
6000000002043192045
6000000002043192150
6000000002043192158
6000000002043192166
6000000002043192241
6000000002043192249
6000000002043192285
6000000002043192318
6000000002043192326
6000000002043192638
6000000002043192718
6000000002043192961
6000000002043193415
6000000002043193657
6000000002043193666
6000000002043193692
6000000002043193717
6000000002043193726
6000000002043193776
6000000002043193973
6000000002043195252
6000000002043195284
6000000002043195323
6000000002043195442
6000000002043195487
6000000002043195793
6000000002043195811
6000000002043195829
6000000002043195964
6000000002043201116
6000000002043201668
6000000002043201684
6000000002043201878
6000000002043201885
6000000002043201894
6000000002043204044
6000000002043204073
6000000002043204079
6000000002043204087
6000000002043204130
6000000002043204311
6000000002043204377
6000000002043204486
6000000002043204669
6000000002043204677
6000000002043208413
6000000002043208882
6000000002043208890
6000000002043208922
6000000002043208930
6000000002043208938
6000000002043208985
6000000002043208992
6000000002043212109
6000000002043212703
6000000002043212710
6000000002043212717
6000000002043214100
6000000002043214524
6000000002043214614
6000000002043214660
6000000002043214675
6000000002043214699
6000000002043214910
6000000002043219667
6000000002043219697
6000000002043219896
6000000002043225106
6000000002043225943
6000000002043232180
6000000002043232362
6000000002043232424
6000000002043232432
6000000002043232480
6000000002043232552
6000000002043241697
6000000002043246196
6000000002043258207
6000000002043258261
6000000002043258285
6000000002043258381
6000000002043258387
6000000002043258537
6000000002043258741
6000000002043258825
6000000002043258831
6000000002043260221
6000000002043260623
6000000002043260887
6000000002043263103
6000000002043263223
6000000002043263403
6000000002043263445
6000000002043263529
6000000002043263697
6000000002043263901
6000000002044567415
6000000002048439278
6000000002060345557
6000000002060440407
6000000002060669348
6000000002060768421
6000000002061633624
6000000002061639741
6000000002063250998
6000000002070175346
6000000002070203177
6000000002071341413
6000000002078094635
6000000002078126382
6000000002078145156
6000000002080654919
6000000002080947954
6000000002082113861
6000000002084307643
6000000002084448513
6000000002090632584
6000000002090836914
6000000002092684088
6000000002104256095
6000000002105204474
6000000002105227321
6000000002105246123
6000000002105385667
6000000002106021492
6000000002106194792
6000000002106257156
6000000002106275821
6000000002111653475
6000000002116074197
6000000002116074210
6000000002116320466
6000000002119029860
6000000002119173118
6000000002119248024
6000000002121971556
6000000002122855531
6000000002123050763
6000000002123075677
6000000002123129520
6000000002125435659
6000000002131803922
6000000002134224443
6000000002134695206
6000000002134737791
6000000002134762341
6000000002134762390
6000000002134788717
6000000002134815439
6000000002134838477
6000000002134845380
6000000002134845934
6000000002134850430
6000000002134923802
6000000002134923866
6000000002134923874
6000000002134933722
6000000002134952259
6000000002134999492
6000000002135014784
6000000002135022288
6000000002135079623
6000000002135079868
6000000002135149848
6000000002135149996
6000000002135173282
6000000002135181390
6000000002135188321
6000000002135188337
6000000002135188345
6000000002135194540
6000000002135367903
6000000002135737061
6000000002140596727
6000000002141526577
6000000002141552561
6000000002141571449
6000000002141623547
6000000002141637159
6000000002141639343
6000000002142035742
6000000002142070034
6000000002142178772
6000000002142188519
6000000002142247689
6000000002142248176
6000000002142373595
6000000002144303917
6000000002144509782
6000000002152926811
6000000002154297114
6000000002161256824
6000000002161894090
6000000002163501132
6000000002163543379
6000000002166131976
6000000002166153752
6000000002166216453
6000000002166216577
6000000002166220506
6000000002171731783
6000000002172384621
6000000002172770826
6000000002172773641
6000000002172825668
6000000002172825674
6000000002172825882
6000000002172838952
6000000002172855257
6000000002172867545
6000000002172867555
6000000002172871855
6000000002172871874
6000000002172889611
6000000002172915206
6000000002172915806
6000000002172923759
6000000002173003569
6000000002173003685
6000000002173015709
6000000002174688278
6000000002176265383
6000000002176345049
6000000002176403170
6000000002176641421
6000000002176641626
6000000002176641747
6000000002176641784
6000000002176641789
6000000002176641840
6000000002176641850
6000000002176641875
6000000002176641883
6000000002176654174
6000000002176658157
6000000002176661683
6000000002176661888
6000000002176664000
6000000002181454037
6000000002184266852
6000000002184297964
6000000002184459182
6000000002186288135
6000000002187567877
6000000002187567896
6000000002187567943
6000000002187567977
6000000002187570152
6000000002187570336
6000000002187576521
6000000002187580665
6000000002187580673
6000000002187580684
6000000002187580716
6000000002187580727
6000000002187580735
6000000002187580992
6000000002187582156
6000000002187582172
6000000002187582696
6000000002187582929
6000000002187588281
6000000002187588314
6000000002187588344
6000000002187588537
6000000002187588552
6000000002187588560
6000000002187588579
6000000002187588603
6000000002187588611
6000000002187588619
6000000002187588655
6000000002187588671
6000000002187588690
6000000002187588706
6000000002187588756
6000000002187588826
6000000002187596688
6000000002187597092
6000000002187597106
6000000002187597122
6000000002187597138
6000000002187597295
6000000002187597333
6000000002187599755
6000000002187599782
6000000002187599790
6000000002187599883
6000000002187600025
6000000002187600052
6000000002187600063
6000000002187600071
6000000002187600088
6000000002187600099
6000000002187600108
6000000002187600124
6000000002187600141
6000000002187600147
6000000002187600167
6000000002187600184
6000000002187600225
6000000002187600242
6000000002187600333
6000000002187600466
6000000002187600708
6000000002187600716
6000000002187613904
6000000002187613924
6000000002187613932
6000000002187613948
6000000002187613956
6000000002187614028
6000000002187614055
6000000002187614073
6000000002187614287
6000000002187614336
6000000002187614511
6000000002187614571
6000000002187614598
6000000002187614616
6000000002187614640
6000000002187617530
6000000002187617608
6000000002187622153
6000000002187622161
6000000002187622252
6000000002187622479
6000000002187622519
6000000002187622928
6000000002187624247
6000000002187624295
6000000002187624818
6000000002187624890
6000000002187624897
6000000002187624914
6000000002187624929
6000000002187624947
6000000002187631028
6000000002187631036
6000000002187631059
6000000002187631067
6000000002187631090
6000000002187631105
6000000002187631121
6000000002187631129
6000000002187631136
6000000002187631144
6000000002187639067
6000000002187639480
6000000002187639492
6000000002187639500
6000000002187639519
6000000002187639527
6000000002187639535
6000000002187639569
6000000002187645132
6000000002187645700
6000000002187645865
6000000002187645980
6000000002187651481
6000000002187651566
6000000002187651602
6000000002187651717
6000000002187651732
6000000002187651739
6000000002187651747
6000000002187651818
6000000002187651872
6000000002187651950
6000000002187651984
6000000002187656156
6000000002187656162
6000000002187656452
6000000002187656492
6000000002187684147
6000000002187684155
6000000002187684162
6000000002187684559
6000000002187684567
6000000002187684590
6000000002187684606
6000000002187684751
6000000002187684775
6000000002187684923
6000000002187684960
6000000002187690247
6000000002187696186
6000000002187696194
6000000002187696224
6000000002187696379
6000000002187696499
6000000002187696507
6000000002187699043
6000000002187700303
6000000002187700313
6000000002187700366
6000000002187700669
6000000002187700696
6000000002187700954
6000000002187700979
6000000002187705541
6000000002187705560
6000000002187705592
6000000002187705611
6000000002187718673
6000000002187721530
6000000002187721712
6000000002187721757
6000000002187721879
6000000002187723026
6000000002187723086
6000000002187723102
6000000002187723148
6000000002187723203
6000000002187723219
6000000002187723243
6000000002187723256
6000000002187723292
6000000002187723324
6000000002187723364
6000000002187723758
6000000002187723822
6000000002187723831
6000000002187730880
6000000002187734483
6000000002187738420
6000000002187742159
6000000002187746311
6000000002187746905
6000000002187746913
6000000002187747454
6000000002187750791
6000000002187757413
6000000002187757796
6000000002187757944
6000000002187763253
6000000002187764877
6000000002187768221
6000000002187768562
6000000002187771918
6000000002187780513
6000000002187788362
6000000002187788709
6000000002187788741
6000000002187788751
6000000002187788775
6000000002187788810
6000000002187794775
6000000002187794860
6000000002187794866
6000000002187794921
6000000002187794933
6000000002187796007
6000000002187796082
6000000002187796127
6000000002187796250
6000000002187796266
6000000002187796274
6000000002187796282
6000000002187796298
6000000002187796314
6000000002187796322
6000000002187796542
6000000002187796550
6000000002187796666
6000000002187796704
6000000002187796770
6000000002187796778
6000000002187796802
6000000002187796818
6000000002187797000
6000000002187798266
6000000002187798500
6000000002187798551
6000000002187798650
6000000002187801612
6000000002187801657
6000000002187801746
6000000002187805203
6000000002187805531
6000000002187812584
6000000002187812591
6000000002187812629
6000000002187812637
6000000002187812645
6000000002187812738
6000000002187814112
6000000002187814195
6000000002187814242
6000000002187814471
6000000002187814494
6000000002187814510
6000000002187814689
6000000002187814722
6000000002187814730
6000000002187814738
6000000002187814793
6000000002187814819
6000000002187814947
6000000002187814955
6000000002187814963
6000000002187818042
6000000002187818133
6000000002187818297
6000000002187818499
6000000002187818674
6000000002187818765
6000000002187818794
6000000002187818802
6000000002187818810
6000000002187818960
6000000002187820156
6000000002187820192
6000000002187820269
6000000002187820277
6000000002187820426
6000000002187820434
6000000002187820456
6000000002187820571
6000000002187820638
6000000002187821018
6000000002187821213
6000000002187821274
6000000002187821341
6000000002187821362
6000000002187821414
6000000002187821458
6000000002187821508
6000000002187821519
6000000002187821530
6000000002187821537
6000000002187823050
6000000002187823083
6000000002187823149
6000000002187823175
6000000002187823183
6000000002187823190
6000000002187823205
6000000002187823368
6000000002187823382
6000000002187823529
6000000002187823544
6000000002187823616
6000000002187823623
6000000002187823743
6000000002187823791
6000000002187823799
6000000002187823821
6000000002187823837
6000000002187823845
6000000002187823867
6000000002187823875
6000000002187823883
6000000002187823891
6000000002187823898
6000000002187823906
6000000002187823913
6000000002187823921
6000000002187823929
6000000002187825122
6000000002187825190
6000000002187825221
6000000002187825229
6000000002187825237
6000000002187825609
6000000002187825867
6000000002187825996
6000000002187826026
6000000002187826041
6000000002187826230
6000000002187826245
6000000002187826253
6000000002187826260
6000000002187826290
6000000002187826312
6000000002187826681
6000000002187826689
6000000002187826697
6000000002187826719
6000000002187826916
6000000002187826925
6000000002187826932
6000000002187828032
6000000002187828062
6000000002187828621
6000000002187828634
6000000002187828650
6000000002187828679
6000000002187828702
6000000002187828833
6000000002187829049
6000000002187829749
6000000002187829941
6000000002187834025
6000000002187834061
6000000002187834150
6000000002187834200
6000000002187834354
6000000002187834415
6000000002187834708
6000000002187834748
6000000002187834771
6000000002187834793
6000000002187834808
6000000002187834912
6000000002187837002
6000000002187837090
6000000002187837098
6000000002187837106
6000000002187837113
6000000002187837165
6000000002187837317
6000000002187837353
6000000002187837360
6000000002187837432
6000000002187837512
6000000002187837607
6000000002187837668
6000000002187837772
6000000002187837843
6000000002187837960
6000000002187840447
6000000002187840489
6000000002187845082
6000000002187845246
6000000002187845278
6000000002187845293
6000000002187845632
6000000002187845639
6000000002187845732
6000000002187845813
6000000002187845876
6000000002187851111
6000000002187851207
6000000002187851230
6000000002187851473
6000000002187851484
6000000002187851701
6000000002187855061
6000000002187855123
6000000002187855131
6000000002187855139
6000000002187855362
6000000002187855392
6000000002187855399
6000000002187855797
6000000002187857272
6000000002187857364
6000000002187857372
6000000002187857379
6000000002187857591
6000000002187857656
6000000002187857840
6000000002187857855
6000000002187857902
6000000002187857910
6000000002187858000
6000000002187862038
6000000002187868238
6000000002187868545
6000000002187868553
6000000002187876077
6000000002187876133
6000000002187876141
6000000002187876149
6000000002187876157
6000000002187876194
6000000002187876441
6000000002187876456
6000000002187876471
6000000002187876939
6000000002187881612
6000000002187881620
6000000002187881702
6000000002187881710
6000000002187881724
6000000002187881732
6000000002187881843
6000000002187881865
6000000002187881873
6000000002187881968
6000000002187881997
6000000002187887019
6000000002187887132
6000000002187887161
6000000002187887169
6000000002187887205
6000000002187887212
6000000002187887227
6000000002187887280
6000000002187887398
6000000002187887421
6000000002187887443
6000000002187887450
6000000002187887458
6000000002187887553
6000000002187887583
6000000002187887590
6000000002187887598
6000000002187887626
6000000002187887663
6000000002187887671
6000000002187887693
6000000002187887714
6000000002187887722
6000000002187887765
6000000002187887825
6000000002187887867
6000000002187887875
6000000002187887953
6000000002187887986
6000000002187888225
6000000002187888319
6000000002187888470
6000000002187888478
6000000002187891021
6000000002187891028
6000000002187891036
6000000002187891103
6000000002187891112
6000000002187891120
6000000002187891128
6000000002187891144
6000000002187891152
6000000002187891948
6000000002187891965
6000000002187891981
6000000002187893009
6000000002187893033
6000000002187893088
6000000002187893099
6000000002187893140
6000000002187893147
6000000002187893183
6000000002187893391
6000000002187893398
6000000002187896531
6000000002187899072
6000000002187899080
6000000002187899095
6000000002187899334
6000000002187899802
6000000002187903890
6000000002187905841
6000000002187911224
6000000002187911561
6000000002187911610
6000000002187911647
6000000002187913180
6000000002187913405
6000000002187913661
6000000002187914912
6000000002187915698
6000000002187927465
6000000002187927896
6000000002187931479
6000000002187947278
6000000002187947312
6000000002187947342
6000000002187947382
6000000002187947405
6000000002187947510
6000000002187947526
6000000002187947771
6000000002187947818
6000000002187947999
6000000002187951220
6000000002187951284
6000000002187951302
6000000002187951309
6000000002187951332
6000000002187951903
6000000002187951958
6000000002187952243
6000000002187952251
6000000002187952259
6000000002187952267
6000000002187952349
6000000002187952357
6000000002187952365
6000000002187952380
6000000002187952677
6000000002187952735
6000000002187952742
6000000002187952983
6000000002187952991
6000000002187957340
6000000002187974653
6000000002187974661
6000000002187978444
6000000002187978452
6000000002187978528
6000000002187982523
6000000002187982538
6000000002187982545
6000000002187982553
6000000002187982569
6000000002187988126
6000000002187988139
6000000002187988147
6000000002187988181
6000000002187988186
6000000002187988220
6000000002187988237
6000000002187988243
6000000002187988258
6000000002187988266
6000000002187988272
6000000002187988280
6000000002187988287
6000000002187988295
6000000002187988322
6000000002187988340
6000000002187988353
6000000002187988392
6000000002187988408
6000000002187988416
6000000002187988424
6000000002187988429
6000000002187991757
6000000002187992199
6000000002187997797
6000000002188001136
6000000002188001629
6000000002188001810
6000000002188001818
6000000002188001826
6000000002188001969
6000000002188001977
6000000002188002015
6000000002188002211
6000000002188002219
6000000002188002226
6000000002188002234
6000000002188002241
6000000002188002256
6000000002188002311
6000000002188002341
6000000002188002458
6000000002188002466
6000000002188002474
6000000002188002489
6000000002188002576
6000000002188002590
6000000002188002606
6000000002188002614
6000000002188002820
6000000002188002842
6000000002188002850
6000000002188002872
6000000002188002894
6000000002188002918
6000000002188002948
6000000002188002956
6000000002188005065
6000000002188005106
6000000002188005257
6000000002188005367
6000000002188005424
6000000002188005576
6000000002188005584
6000000002188005610
6000000002188005800
6000000002188005826
6000000002188005833
6000000002188005849
6000000002188005864
6000000002188005888
6000000002188008020
6000000002188008028
6000000002188008079
6000000002188008123
6000000002188008632
6000000002188017102
6000000002188017157
6000000002188017479
6000000002188017843
6000000002188018199
6000000002188018322
6000000002188018382
6000000002188018778
6000000002188018856
6000000002188018862
6000000002188021019
6000000002188021103
6000000002188021178
6000000002188021209
6000000002188021217
6000000002188021222
6000000002188021230
6000000002188021251
6000000002188021309
6000000002188021349
6000000002188021388
6000000002188021418
6000000002188021457
6000000002188021538
6000000002188021546
6000000002188021562
6000000002188021695
6000000002188021703
6000000002188021718
6000000002188021726
6000000002188021734
6000000002188021939
6000000002188026158
6000000002188026402
6000000002188026644
6000000002188032604
6000000002188035006
6000000002188035014
6000000002188035021
6000000002188035661
6000000002188035766
6000000002188035856
6000000002188035950
6000000002188040367
6000000002188040587
6000000002188040603
6000000002188040875
6000000002188050053
6000000002188050174
6000000002188050196
6000000002188050222
6000000002188059749
6000000002188059935
6000000002188062164
6000000002188078664
6000000002188081857
6000000002188081873
6000000002188089376
6000000002188089383
6000000002188089628
6000000002188091715
6000000002188091828
6000000002188095726
6000000002188097687
6000000002188097862
6000000002188097878
6000000002188097952
6000000002188097960
6000000002188097967
6000000002188097975
6000000002188097982
6000000002188097990
6000000002188099018
6000000002188099034
6000000002188099088
6000000002188099096
6000000002188099103
6000000002188099398
6000000002188099406
6000000002188099414
6000000002188099422
6000000002188099430
6000000002188099438
6000000002188099445
6000000002188099453
6000000002188099460
6000000002188099468
6000000002188099475
6000000002188099483
6000000002188099860
6000000002188099881
6000000002188099903
6000000002188099945
6000000002188101188
6000000002188101206
6000000002188101235
6000000002188101243
6000000002188101257
6000000002188101265
6000000002188101273
6000000002188101280
6000000002188101295
6000000002188101302
6000000002188101355
6000000002188101385
6000000002188101400
6000000002188101407
6000000002188101415
6000000002188101423
6000000002188101438
6000000002188101453
6000000002188101468
6000000002188101485
6000000002188101493
6000000002188101508
6000000002188101524
6000000002188101532
6000000002188101547
6000000002188101554
6000000002188101570
6000000002188104337
6000000002188104375
6000000002188104390
6000000002188108981
6000000002188108988
6000000002188110002
6000000002188110554
6000000002188110562
6000000002188110606
6000000002188110824
6000000002188113678
6000000002188113773
6000000002188113788
6000000002188113814
6000000002188113878
6000000002188118088
6000000002188118147
6000000002188118211
6000000002188118233
6000000002188118377
6000000002188118439
6000000002188118476
6000000002188118590
6000000002188140029
6000000002188140044
6000000002188140311
6000000002188140346
6000000002188140552
6000000002188140599
6000000002188140606
6000000002188140614
6000000002188140876
6000000002188140884
6000000002188140891
6000000002188140900
6000000002188144141
6000000002188144190
6000000002188144198
6000000002188144320
6000000002188144328
6000000002188144335
6000000002188144343
6000000002188144454
6000000002188144504
6000000002188144512
6000000002188144604
6000000002188144615
6000000002188144705
6000000002188144713
6000000002188149612
6000000002188149991
6000000002188162005
6000000002188162013
6000000002188162344
6000000002188162507
6000000002188162559
6000000002188162687
6000000002188162970
6000000002188166081
6000000002188166366
6000000002188166446
6000000002188166603
6000000002188166652
6000000002188166756
6000000002188166792
6000000002188166807
6000000002188166856
6000000002188170128
6000000002188170179
6000000002188170194
6000000002188170209
6000000002188170232
6000000002188170260
6000000002188170267
6000000002188170275
6000000002188170334
6000000002188170341
6000000002188170971
6000000002188179284
6000000002188179780
6000000002188179795
6000000002188179809
6000000002188179817
6000000002188179833
6000000002188182390
6000000002188198204
6000000002188198222
6000000002188198246
6000000002188198264
6000000002188198289
6000000002188261550
6000000002188261579
6000000002188261587
6000000002188261594
6000000002188261607
6000000002188261622
6000000002188261630
6000000002188271098
6000000002188271124
6000000002188271139
6000000002188271163
6000000002188271200
6000000002188271240
6000000002188271272
6000000002188271278
6000000002188271394
6000000002188271493
6000000002188271501
6000000002188271621
6000000002188271662
6000000002188271670
6000000002188271678
6000000002188271686
6000000002188289146
6000000002188289154
6000000002188289159
6000000002188289187
6000000002188289192
6000000002188289492
6000000002188289500
6000000002188289560
6000000002188289620
6000000002188289643
6000000002188289659
6000000002188289680
6000000002188289908
6000000002188290043
6000000002188290072
6000000002188290079
6000000002188290103
6000000002188290118
6000000002188290134
6000000002188290147
6000000002188290160
6000000002188290188
6000000002188290199
6000000002188290213
6000000002188290297
6000000002188290310
6000000002188290318
6000000002188290339
6000000002188290347
6000000002188290358
6000000002188290366
6000000002188290710
6000000002188292170
6000000002188292199
6000000002188292350
6000000002188292404
6000000002188292425
6000000002188292439
6000000002188294092
6000000002188294097
6000000002188294102
6000000002188294145
6000000002188294161
6000000002188294172
6000000002188294179
6000000002188294190
6000000002188294196
6000000002188294202
6000000002188294210
6000000002188294327
6000000002188294335
6000000002188294388
6000000002188294449
6000000002188294464
6000000002188294479
6000000002188294494
6000000002188294509
6000000002188294524
6000000002188294539
6000000002188294546
6000000002188294554
6000000002188294569
6000000002188294584
6000000002188294591
6000000002188294599
6000000002188294614
6000000002188294629
6000000002188294637
6000000002188294645
6000000002188294661
6000000002188294668
6000000002188294676
6000000002188294681
6000000002188294689
6000000002188294711
6000000002188294719
6000000002188294726
6000000002188294734
6000000002188294742
6000000002188294749
6000000002188294757
6000000002188294764
6000000002188294772
6000000002188294779
6000000002188294787
6000000002188294794
6000000002188294802
6000000002188294809
6000000002188294817
6000000002188294832
6000000002188294847
6000000002188294854
6000000002188294862
6000000002188294869
6000000002188294877
6000000002188294884
6000000002188294892
6000000002188294899
6000000002188294907
6000000002188294914
6000000002188294922
6000000002188294929
6000000002188294937
6000000002188294944
6000000002188294952
6000000002188294967
6000000002188294978
6000000002188294986
6000000002188303024
6000000002188303124
6000000002188303562
6000000002188303635
6000000002188303643
6000000002188303650
6000000002188304126
6000000002188304134
6000000002188304160
6000000002188304178
6000000002188304379
6000000002188304407
6000000002188305555
6000000002188305594
6000000002188305864
6000000002188305869
6000000002188305881
6000000002188305905
6000000002188305988
6000000002188305995
6000000002188307136
6000000002188307143
6000000002188307149
6000000002188307156
6000000002188307161
6000000002188307169
6000000002188307184
6000000002188307225
6000000002188307261
6000000002188307441
6000000002188307463
6000000002188307934
6000000002188309480
6000000002188314974
6000000002188320107
6000000002188320215
6000000002188320547
6000000002188320775
6000000002188320782
6000000002188320844
6000000002188320972
6000000002188327094
6000000002188327119
6000000002188327126
6000000002188327139
6000000002188327899
6000000002188329233
6000000002188329240
6000000002188329376
6000000002188329388
6000000002188329531
6000000002188333874
6000000002188334818
6000000002188364514
6000000002188364585
6000000002188364675
6000000002188364998
6000000002188376664
6000000002188376669
6000000002188376675
6000000002188378793
6000000002188378805
6000000002188383167
6000000002188383292
6000000002188383463
6000000002188389387
6000000002188389661
6000000002188395192
6000000002188395454
6000000002188395768
6000000002188395775
6000000002188395831
6000000002188409398
6000000002188409438
6000000002188409864
6000000002188409922
6000000002188409975
6000000002188412119
6000000002188445171
6000000002188445179
6000000002188450265
6000000002188453338
6000000002188453346
6000000002188453396
6000000002188461038
6000000002188461055
6000000002188461060
6000000002188461076
6000000002188468481
6000000002188468487
6000000002188468495
6000000002188493371
6000000002188493376
6000000002188493381
6000000002188508678
6000000002188508700
6000000002188508805
6000000002188526082
6000000002188546075
6000000002188546152
6000000002188546196
6000000002188546218
6000000002188546225
6000000002188546754
6000000002188548775
6000000002188548790
6000000002188548834
6000000002188548855
6000000002188552860
6000000002188554396
6000000002188554404
6000000002188554457
6000000002188554538
6000000002188554898
6000000002188556104
6000000002188556110
6000000002188556282
6000000002188556714
6000000002188556736
6000000002188556750
6000000002188556922
6000000002188559105
6000000002188559120
6000000002188559127
6000000002188559200
6000000002188559212
6000000002188559260
6000000002188559353
6000000002188559392
6000000002188559400
6000000002188559408
6000000002188559437
6000000002188559472
6000000002188559524
6000000002188559532
6000000002188559722
6000000002188559778
6000000002188559877
6000000002188559898
6000000002188559983
6000000002188563071
6000000002188563115
6000000002188563123
6000000002188563166
6000000002188563201
6000000002188563336
6000000002188563342
6000000002188563689
6000000002188563735
6000000002188563750
6000000002188563802
6000000002188563818
6000000002188563860
6000000002188563912
6000000002188563940
6000000002188563954
6000000002188563975
6000000002188569055
6000000002188569134
6000000002188569149
6000000002188569191
6000000002188569206
6000000002188569274
6000000002188569332
6000000002188569518
6000000002188569685
6000000002188569792
6000000002188569799
6000000002188578171
6000000002188578334
6000000002188578431
6000000002188578725
6000000002188578732
6000000002188578738
6000000002188578769
6000000002188579198
6000000002188579271
6000000002188579378
6000000002188579386
6000000002188579410
6000000002188612911
6000000002188616843
6000000002188616849
6000000002188616859
6000000002188616870
6000000002188619093
6000000002188619506
6000000002188623103
6000000002188623519
6000000002188623569
6000000002188625129
6000000002188625293
6000000002188625317
6000000002188625324
6000000002188625338
6000000002188625349
6000000002188625529
6000000002188640497
6000000002188640585
6000000002188640614
6000000002188640620
6000000002188640658
6000000002188640778
6000000002188644117
6000000002188644132
6000000002188644140
6000000002188644148
6000000002188644185
6000000002188644414
6000000002188644455
6000000002188644470
6000000002188644483
6000000002188644498
6000000002188644580
6000000002188644668
6000000002188644758
6000000002188648298
6000000002188648333
6000000002188648384
6000000002188648434
6000000002188648477
6000000002188648498
6000000002188648514
6000000002188648529
6000000002188648537
6000000002188648545
6000000002188648742
6000000002188648750
6000000002188648986
6000000002188651689
6000000002188658436
6000000002188678243
6000000002188684427
6000000002188684442
6000000002188684457
6000000002188684472
6000000002188684487
6000000002188684575
6000000002188684944
6000000002188684974
6000000002188689053
6000000002192078283
6000000002195014829
6000000002196135874
6000000002196721057
6000000002197369635
6000000002197609159
6000000002197782815
6000000002197813080
6000000002198200607
6000000002198257381
6000000002198362511
6000000002198384724
6000000002198387189
6000000002198392157
6000000002198392736
6000000002198398242
6000000002198398249
6000000002198400507
6000000002198421001
6000000002198739364
6000000002198790315
6000000002198946285
6000000002204090596
6000000002204465217
6000000002205613665
6000000002207797135
6000000002207897723
6000000002207897743
6000000002207903099
6000000002207903107
6000000002212152431
6000000002212535092
6000000002213340177
6000000002214101629
6000000002214355256
6000000002214462518
6000000002214625732
6000000002215326285
6000000002224010720
6000000002224166476
6000000002224215278
6000000002224347508
6000000002224457876
6000000002231018223
6000000002231077928
6000000002231077935
6000000002231122138
6000000002231130109
6000000002235165607
6000000002236747331
6000000002236872569
6000000002238577722
6000000002238778379
6000000002240373697
6000000002240512862
6000000002240567296
6000000002240703591
6000000002240753260
6000000002240770902
6000000002240774328
6000000002240774355
6000000002240774496
6000000002240775853
6000000002240778059
6000000002240790426
6000000002240794985
6000000002240801301
6000000002240801354
6000000002240801701
6000000002240801938
6000000002240804240
6000000002240804384
6000000002240804430
6000000002240804441
6000000002240804449
6000000002240806750
6000000002240806863
6000000002240810096
6000000002240813831
6000000002240822234
6000000002240822537
6000000002240822545
6000000002240822592
6000000002241006790
6000000002241070071
6000000002241697303
6000000002244370573
6000000002244380726
6000000002244382002
6000000002244382010
6000000002244382025
6000000002244382197
6000000002244423853
6000000002244430783
6000000002245256428
6000000002245279564
6000000002245794809
6000000002246029006
6000000002247834869
6000000002248215232
6000000002250820522
6000000002253465789
6000000002254858143
6000000002262185474
6000000002263822292
6000000002265514179
6000000002266209421
6000000002266231326
6000000002266243417
6000000002267057563
6000000002267057631
6000000002267057681
6000000002267060138
6000000002267060757
6000000002267060763
6000000002267104023
6000000002267655245
6000000002267701247
6000000002272712396
6000000002274534030
6000000002274610910
6000000002274643322
6000000002274745467
6000000002275040410
6000000002275122205
6000000002275316103
6000000002275525871
6000000002276876575
6000000002277151794
6000000002277199907
6000000002277230905
6000000002277472620
6000000002277862058
6000000002277957043
6000000002278883206
6000000002280769128
6000000002280842017
6000000002290062220
6000000002290445635
6000000002290827232
6000000002290827454
6000000002290867232
6000000002290874853
6000000002290907506
6000000002294664410
6000000002294668478
6000000002294673954
6000000002294678588
6000000002294678959
6000000002294682707
6000000002294685019
6000000002294692848
6000000002294701503
6000000002294701623
6000000002294714055
6000000002294724459
6000000002294729415
6000000002294729643
6000000002299087535
6000000002301258522
6000000002301437734
6000000002304345688
6000000002304359012
6000000002304359761
6000000002304385911
6000000002311035328
6000000002311282143
6000000002311622834
6000000002313423848
6000000002313437334
6000000002313441745
6000000002313556153
6000000002314662740
6000000002315770064
6000000002315771288
6000000002315771644
6000000002315825794
6000000002315826000
6000000002317815933
6000000002318533609
6000000002319607678
6000000002319618004
6000000002319637849
6000000002319651372
6000000002321047948
6000000002322286169
6000000002322286347
6000000002322298231
6000000002322305236
6000000002322305307
6000000002322305318
6000000002322325900
6000000002322337031
6000000002325801401
6000000002325801413
6000000002325801622
6000000002325812273
6000000002325842230
6000000002325844196
6000000002325844220
6000000002325844350
6000000002325851160
6000000002325859280
6000000002325859340
6000000002325859388
6000000002327787158
6000000002330809317
6000000002330980548
6000000002334824980
6000000002336762453
6000000002336817873
6000000002338814474
6000000002340583078
6000000002342409509
6000000002342416311
6000000002350088553
6000000002350536849
6000000002350707457
6000000002350777345
6000000002351154284
6000000002351179300
6000000002351225275
6000000002354820589
6000000002359878185
6000000002359980770
6000000002359982526
6000000002363192047
6000000002372843490
6000000002372871449
6000000002372938168
6000000002374473351
6000000002376475916
6000000002376687013
6000000002376915521
6000000002377977487
6000000002379328497
6000000002382266446
6000000002384454507
6000000002384754616
6000000002386726593
6000000002386755371
6000000002387058317
6000000002387871596
6000000002388712778
6000000002389882772
6000000002389893491
6000000002389949616
6000000002390465965
6000000002390825722
6000000002390972936
6000000002391043188
6000000002391120029
6000000002391730403
6000000002391761511
6000000002391786177
6000000002395369434
6000000002395383779
6000000002395389417
6000000002400751999
6000000002400782615
6000000002400899638
6000000002401041923
6000000002401218202
6000000002404247239
6000000002404586491
6000000002404786243
6000000002407042538
6000000002408076362
6000000002408647179
6000000002409980939
6000000002410580955
6000000002414190571
6000000002415448137
6000000002416344770
6000000002416554006
6000000002419491410
6000000002419848818
6000000002419868851
6000000002425194953
6000000002425517089
6000000002431971645
6000000002432086681
6000000002433994667
6000000002434073593
6000000002434099128
6000000002434114228
6000000002434151612
6000000002434214184
6000000002435383373
6000000002441590664
6000000002441720163
6000000002441723192
6000000002442771476
6000000002444013586
6000000002444222960
6000000002444370499
6000000002444603148
6000000002447085644
6000000002447103086
6000000002447103414
6000000002447111337
6000000002447112218
6000000002447112225
6000000002447112231
6000000002447114415
6000000002447118587
6000000002447118646
6000000002447118722
6000000002447118729
6000000002447118766
6000000002447151242
6000000002447151249
6000000002447151255
6000000002447151267
6000000002447151279
6000000002447151285
6000000002447151292
6000000002447151297
6000000002447151342
6000000002447151466
6000000002447151472
6000000002447151484
6000000002447151495
6000000002447151501
6000000002447151507
6000000002447173603
6000000002447185479
6000000002447185492
6000000002447185585
6000000002447199544
6000000002447201187
6000000002447201212
6000000002447216903
6000000002447226022
6000000002447226027
6000000002447226037
6000000002447238260
6000000002447238266
6000000002447249269
6000000002447256295
6000000002447256925
6000000002447285385
6000000002447300286
6000000002447300293
6000000002447300300
6000000002447405119
6000000002447405127
6000000002447405135
6000000002447405872
6000000002447405878
6000000002447405884
6000000002447405890
6000000002447405896
6000000002447405903
6000000002447405951
6000000002447405987
6000000002447410108
6000000002447410115
6000000002450185944
6000000002451668143
6000000002451856672
6000000002452040360
6000000002452054472
6000000002452105394
6000000002452275206
6000000002452349858
6000000002452474727
6000000002452584078
6000000002452597437
6000000002452606001
6000000002452652264
6000000002452749009
6000000002453715498
6000000002455220066
6000000002456935171
6000000002456938380
6000000002457013227
6000000002457089844
6000000002459818207
6000000002459854209
6000000002459898566
6000000002459898762
6000000002459902739
6000000002459911719
6000000002459911959
6000000002459913855
6000000002459917510
6000000002459917962
6000000002459920044
6000000002459921196
6000000002459921501
6000000002459923049
6000000002459929920
6000000002461246164
6000000002462627020
6000000002462984066
6000000002463510938
6000000002463572172
6000000002463599358
6000000002466110291
6000000002469127338
6000000002474813579
6000000002478972119
6000000002481253260
6000000002481254239
6000000002481819312
6000000002482084257
6000000002482165558
6000000002482240141
6000000002482512144
6000000002482597149
6000000002482624200
6000000002482753648
6000000002482808057
6000000002483035415
6000000002483175849
6000000002483416193
6000000002483972309
6000000002484026683
6000000002484210033
6000000002484210040
6000000002486815631
6000000002486878863
6000000002486878870
6000000002486893441
6000000002486960851
6000000002487050265
6000000002487050272
6000000002487105553
6000000002487171769
6000000002487174304
6000000002487226402
6000000002487226409
6000000002487237609
6000000002487912490
6000000002487912497
6000000002491901093
6000000002491966816
6000000002491976606
6000000002492037845
6000000002492175066
6000000002492854053
6000000002502492239
6000000002502604289
6000000002503690044
6000000002507989314
6000000002508214286
6000000002512230550
6000000002512230575
6000000002512230586
6000000002512230594
6000000002512252466
6000000002512252605
6000000002512264965
6000000002512272005
6000000002512272407
6000000002512272644
6000000002512272940
6000000002512272956
6000000002512275448
6000000002512346178
6000000002512619756
6000000002513087788
6000000002514748909
6000000002515736290
6000000002515749552
6000000002515809784
6000000002516491354
6000000002516887127
6000000002516948021
6000000002517095903
6000000002517214344
6000000002517277135
6000000002517328114
6000000002517478779
6000000002517526271
6000000002517586322
6000000002517596849
6000000002517608452
6000000002517709679
6000000002517716512
6000000002517730432
6000000002517869069
6000000002517881160
6000000002520994377
6000000002527461568
6000000002527615054
6000000002527618911
6000000002527704016
6000000002527704657
6000000002527719897
6000000002527827214
6000000002527867003
6000000002528697383
6000000002528811414
6000000002528986882
6000000002529027570
6000000002529074581
6000000002529111363
6000000002529226678
6000000002529253796
6000000002529294939
6000000002529338324
6000000002529388161
6000000002529483422
6000000002529556190
6000000002529567288
6000000002529848268
6000000002531702901
6000000002531838996
6000000002531842672
6000000002531865430
6000000002531925658
6000000002532004077
6000000002539642741
6000000002539682915
6000000002539695280
6000000002539742333
6000000002543179010
6000000002543211227
6000000002543244556
6000000002543475272
6000000002543710922
6000000002543845267
6000000002544230482
6000000002544357469
6000000002549584487
6000000002549684410
6000000002550040469
6000000002550047716
6000000002550047887
6000000002550085232
6000000002550093392
6000000002550225209
6000000002550253028
6000000002553595095
6000000002553595660
6000000002553626711
6000000002553629301
6000000002553629374
6000000002553674429
6000000002553678303
6000000002553678539
6000000002553688769
6000000002553705181
6000000002553705439
6000000002553705444
6000000002555618854
6000000002561941844
6000000002562065773
6000000002562148538
6000000002562227538
6000000002566610371
6000000002572569993
6000000002572699392
6000000002572701505
6000000002572728015
6000000002572783163
6000000002572920173
6000000002574112716
6000000002574194585
6000000002574331178
6000000002575846076
6000000002576524196
6000000002576524733
6000000002576540714
6000000002576543901
6000000002576545224
6000000002576554814
6000000002576561981
6000000002576565303
6000000002576567322
6000000002576582324
6000000002576593155
6000000002576598419
6000000002576598559
6000000002576603046
6000000002576603313
6000000002576603716
6000000002576615236
6000000002576630304
6000000002576638570
6000000002576683788
6000000002576690316
6000000002576731664
6000000002576733346
6000000002576737536
6000000002576749321
6000000002576754400
6000000002576762387
6000000002576762562
6000000002576762730
6000000002576772299
6000000002576776270
6000000002576781657
6000000002576795488
6000000002576805430
6000000002576807561
6000000002576820445
6000000002577032099
6000000002577042648
6000000002577100490
6000000002577236533
6000000002580313631
6000000002580421483
6000000002580574495
6000000002580624712
6000000002588347233
6000000002589530856
6000000002589559933
6000000002589606988
6000000002589623531
6000000002589635613
6000000002589661737
6000000002589676444
6000000002589690883
6000000002589690982
6000000002589720541
6000000002589732152
6000000002589732269
6000000002589733447
6000000002589745768
6000000002589758627
6000000002589772055
6000000002589776436
6000000002589782527
6000000002589785264
6000000002589785455
6000000002589787139
6000000002589787324
6000000002589788548
6000000002589802203
6000000002589813735
6000000002589824536
6000000002589825131
6000000002589828107
6000000002589829413
6000000002589838967
6000000002589843450
6000000002589862976
6000000002589865257
6000000002589878175
6000000002589880341
6000000002589888264
6000000002589888600
6000000002589894928
6000000002589897023
6000000002589897466
6000000002589905483
6000000002589935767
6000000002589942577
6000000002589945427
6000000002589956791
6000000002589961361
6000000002589963574
6000000002589965014
6000000002589965124
6000000002589966957
6000000002589967016
6000000002589968292
6000000002589969022
6000000002589969381
6000000002589972906
6000000002589975521
6000000002589987489
6000000002589995019
6000000002589995501
6000000002590001050
6000000002590001951
6000000002590003330
6000000002590009177
6000000002590011042
6000000002590011114
6000000002590011383
6000000002590019034
6000000002590019096
6000000002590024498
6000000002590036585
6000000002590056620
6000000002590059024
6000000002590060253
6000000002590062003
6000000002590063465
6000000002590064077
6000000002590066174
6000000002590069015
6000000002590073052
6000000002590073161
6000000002590113172
6000000002590113618
6000000002590136858
6000000002590152037
6000000002590180809
6000000002590216383
6000000002590217699
6000000002590217975
6000000002590225061
6000000002590227392
6000000002590229541
6000000002590230010
6000000002590240579
6000000002590314744
6000000002590336078
6000000002590340373
6000000002590350514
6000000002590370103
6000000002590375753
6000000002590422085
6000000002590430665
6000000002590430722
6000000002590432499
6000000002590432566
6000000002590444523
6000000002590444562
6000000002590444598
6000000002590453379
6000000002590454789
6000000002590454828
6000000002590480672
6000000002590498586
6000000002590506131
6000000002590512580
6000000002590514269
6000000002590514946
6000000002590529336
6000000002590539940
6000000002590540517
6000000002590542099
6000000002590543243
6000000002590549439
6000000002590553728
6000000002590555198
6000000002590579044
6000000002590586499
6000000002590586715
6000000002590590036
6000000002590590383
6000000002590591114
6000000002590593076
6000000002590594967
6000000002590597151
6000000002590598004
6000000002590617037
6000000002590643639
6000000002590643735
6000000002590650943
6000000002590657273
6000000002590665912
6000000002590700021
6000000002590730218
6000000002590732171
6000000002590741230
6000000002590745063
6000000002590745117
6000000002590759012
6000000002594403822
6000000002598312728
6000000002598892743
6000000002601672538
6000000002601866292
6000000002601894005
6000000002603390302
6000000002603403656
6000000002603403806
6000000002603656225
6000000002603661739
6000000002603662038
6000000002603662248
6000000002603663840
6000000002606652260
6000000002612124257
6000000002613667605
6000000002614652459
6000000002614898918
6000000002615031284
6000000002615040302
6000000002615250010
6000000002621242041
6000000002623496687
6000000002624291556
6000000002626239586
6000000002630415055
6000000002631658748
6000000002632052574
6000000002632175543
6000000002632690162
6000000002632708244
6000000002634082703
6000000002634235493
6000000002634347389
6000000002634423034
6000000002634713031
6000000002636407799
6000000002637852375
6000000002642317058
6000000002642414114
6000000002644652306
6000000002648373692
6000000002649971235
6000000002650015019
6000000002650030267
6000000002650204798
6000000002658223353
6000000002658539405
6000000002659190200
6000000002665380834
6000000002665385190
6000000002665387117
6000000002665387787
6000000002665395177
6000000002665402337
6000000002665426645
6000000002665435687
6000000002665454322
6000000002665460338
6000000002665576740
6000000002666068093
6000000002666077548
6000000002666086010
6000000002666086020
6000000002667382661
6000000002667568141
6000000002674346487
6000000002676162063
6000000002681692072
6000000002688296133
6000000002690518458
6000000002702566641
6000000002702579023
6000000002702592568
6000000002702618897
6000000002702686350
6000000002713142517
6000000002714891907
6000000002715001561
6000000002715036670
6000000002715082777
6000000002715094693
6000000002715188670
6000000002715192907
6000000002717447808
6000000002717661003
6000000002719833027
6000000002725470786
6000000002725912954
6000000002726523229
6000000002726563287
6000000002726949480
6000000002726994497
6000000002729907273
6000000002730016528
6000000002733964729
6000000002733969942
6000000002734209702
6000000002734309041
6000000002734369194
6000000002735003375
6000000002735003381
6000000002735003478
6000000002735003819
6000000002736481790
6000000002736885122
6000000002738578723
6000000002738796089
6000000002738796094
6000000002738878359
6000000002738882440
6000000002739594651
6000000002739594658
6000000002739594906
6000000002741676388
6000000002744891329
6000000002745307588
6000000002746326164
6000000002748554800
6000000002748736793
6000000002748852108
6000000002750141103
6000000002750545795
6000000002754410308
6000000002760503826
6000000002760782380
6000000002763662362
6000000002764005248
6000000002764035446
6000000002764055343
6000000002764097413
6000000002764138186
6000000002765585765
6000000002765587966
6000000002766613426
6000000002766622028
6000000002766622277
6000000002771116176
6000000002771142573
6000000002771147156
6000000002771483257
6000000002774361183
6000000002775306168
6000000002778438622
6000000002784995641
6000000002791716644
6000000002791771362
6000000002792676037
6000000002792855120
6000000002792928084
6000000002795191002
6000000002795191365
6000000002795200696
6000000002801145781
6000000002801145791
6000000002801145810
6000000002801147179
6000000002801147186
6000000002801150346
6000000002801150379
6000000002801150408
6000000002801150416
6000000002801150442
6000000002801153737
6000000002801159496
6000000002805980938
6000000002806742588
6000000002806802424
6000000002806824216
6000000002807001834
6000000002807373039
6000000002808620436
6000000002811486315
6000000002818346407
6000000002821520944
6000000002824553068
6000000002827882946
6000000002828658772
6000000002831925761
6000000002831952529
6000000002832054824
6000000002832115884
6000000002832155726
6000000002832198800
6000000002832231778
6000000002832379133
6000000002832390591
6000000002833110277
6000000002833191342
6000000002833890772
6000000002834048221
6000000002834940732
6000000002835563724
6000000002836075198
6000000002836313613
6000000002836363103
6000000002836752273
6000000002836907243
6000000002837347746
6000000002837347753
6000000002837351087
6000000002837351244
6000000002837351971
6000000002837365073
6000000002837365079
6000000002837365744
6000000002837365751
6000000002837369355
6000000002837369366
6000000002837369447
6000000002837369992
6000000002837385756
6000000002837396239
6000000002837400709
6000000002837428279
6000000002837428286
6000000002837428616
6000000002837428638
6000000002837428936
6000000002837431849
6000000002837440699
6000000002837444716
6000000002837444731
6000000002837444739
6000000002837444930
6000000002837446630
6000000002837446636
6000000002837446642
6000000002837461009
6000000002837817879
6000000002837950523
6000000002838779948
6000000002838846255
6000000002838930512
6000000002838974324
6000000002847155262
6000000002847165416
6000000002847939706
6000000002853714474
6000000002858243157
6000000002858503641
6000000002858954507
6000000002859127222
6000000002859161410
6000000002859177255
6000000002859243084
6000000002860158739
6000000002860966094
6000000002862154674
6000000002866077692
6000000002866078652
6000000002866211467
6000000002866300605
6000000002866301405
6000000002866336261
6000000002866367282
6000000002869876309
6000000002872652959
6000000002876141661
6000000002876252499
6000000002876258135
6000000002876299717
6000000002876308365
6000000002876315288
6000000002876347353
6000000002876428367
6000000002876447557
6000000002876493159
6000000002876493282
6000000002876513226
6000000002881477002
6000000002882233045
6000000002888912311
6000000002889162728
6000000002889219669
6000000002889242591
6000000002889380984
6000000002889422335
6000000002889527878
6000000002889731178
6000000002889763029
6000000002889771781
6000000002889806119
6000000002889896573
6000000002890026515
6000000002892968440
6000000002892972098
6000000002892972159
6000000002893017593
6000000002893299110
6000000002893299272
6000000002893299279
6000000002893299341
6000000002893299372
6000000002893309570
6000000002893316227
6000000002893316583
6000000002893319431
6000000002893322314
6000000002893322873
6000000002893327285
6000000002893327899
6000000002893330286
6000000002893335701
6000000002893346298
6000000002893354688
6000000002893354938
6000000002893363529
6000000002893375079
6000000002893375646
6000000002893470105
6000000002893633995
6000000002893714406
6000000002893736112
6000000002893736126
6000000002893736155
6000000002893736162
6000000002903625978
6000000002903773792
6000000002904946068
6000000002905008805
6000000002905028643
6000000002905041149
6000000002905414370
6000000002906120518
6000000002906259856
6000000002906954937
6000000002907724104
6000000002908093903
6000000002908093959
6000000002908203502
6000000002908350106
6000000002908353759
6000000002908398545
6000000002908401402
6000000002908405372
6000000002908422794
6000000002908457303
6000000002908460122
6000000002908462085
6000000002908503077
6000000002908558226
6000000002908682261
6000000002909177734
6000000002909191795
6000000002909191840
6000000002916189513
6000000002916822985
6000000002916836425
6000000002916836500
6000000002919168070
6000000002931039490
6000000002931154851
6000000002931156059
6000000002936528955
6000000002936957256
6000000002938350506
6000000002938810414
6000000002940877547
6000000002941305140
6000000002941472775
6000000002941484402
6000000002941526819
6000000002941633144
6000000002943515159
6000000002944116185
6000000002946595430
6000000002946595521
6000000002946595651
6000000002947577496
6000000002948174689
6000000002951191547
6000000002951235630
6000000002951333766
6000000002951384499
6000000002951400641
6000000002951416187
6000000002951439741
6000000002951451939
6000000002951550914
6000000002951552308
6000000002953796651
6000000002954159006
6000000002955939859
6000000002956079662
6000000002956105262
6000000002956549406
6000000002956580334
6000000002957518468
6000000002958047781
6000000002962882392
6000000002962891477
6000000002962959486
6000000002963007634
6000000002963018172
6000000002963019092
6000000002963090106
6000000002963102099
6000000002963116599
6000000002963278331
6000000002963776885
6000000002963778934
6000000002963848857
6000000002963897777
6000000002964033825
6000000002964036948
6000000002964097237
6000000002964166116
6000000002964311859
6000000002964340989
6000000002964341318
6000000002964352135
6000000002964580592
6000000002964602422
6000000002964631313
6000000002964690254
6000000002964731255
6000000002964741348
6000000002964854377
6000000002966657477
6000000002967445747
6000000002967932346
6000000002968624707
6000000002968662186
6000000002968821579
6000000002975802038
6000000002976460830
6000000002977087502
6000000002977598935
6000000002979740903
6000000002979820300
6000000002979868893
6000000002979875042
6000000002979879011
6000000002979881675
6000000002979913200
6000000002979923910
6000000002979930748
6000000002979969991
6000000002980008791
6000000002980014649
6000000002980019814
6000000002980028871
6000000002980044449
6000000002980048942
6000000002980066672
6000000002980072447
6000000002980095957
6000000002980118124
6000000002980191996
6000000002980211013
6000000002991797769
6000000003002362756
6000000003003872009
6000000003005036951
6000000003005168877
6000000003005254500
6000000003005391095
6000000003005410306
6000000003005455005
6000000003008514344
6000000003008707305
6000000003010831423
6000000003010908781
6000000003012468747
6000000003014833450
6000000003014912389
6000000003014915431
6000000003015015208
6000000003015133826
6000000003023465455
6000000003023584352
6000000003023612855
6000000003023644719
6000000003023838149
6000000003023846219
6000000003023856057
6000000003023941406
6000000003024037744
6000000003024337817
6000000003024339622
6000000003024344900
6000000003024377692
6000000003024405533
6000000003024521524
6000000003024521712
6000000003024575223
6000000003024837560
6000000003024837590
6000000003025246946
6000000003025548346
6000000003025725880
6000000003025779755
6000000003025813846
6000000003025824980
6000000003025832970
6000000003025853747
6000000003025866430
6000000003025958323
6000000003026002824
6000000003026008879
6000000003026034126
6000000003026106673
6000000003026118982
6000000003026129951
6000000003026161221
6000000003026172382
6000000003026179304
6000000003026201822
6000000003026202046
6000000003026232158
6000000003026235279
6000000003026236112
6000000003026259127
6000000003035926837
6000000003036073169
6000000003036664249
6000000003036826248
6000000003036846037
6000000003036846286
6000000003036884911
6000000003036922503
6000000003036989568
6000000003039970580
6000000003040651343
6000000003041005869
6000000003041009007
6000000003041445917
6000000003041478887
6000000003041547683
6000000003041599178
6000000003041737234
6000000003041749135
6000000003041774076
6000000003041777729
6000000003041814017
6000000003042226162
6000000003042583004
6000000003042780354
6000000003042836306
6000000003043074471
6000000003043144156
6000000003043806217
6000000003043868925
6000000003049156212
6000000003049548759
6000000003049728025
6000000003051103282
6000000003051103667
6000000003051103712
6000000003051103794
6000000003051107313
6000000003051107855
6000000003051111414
6000000003051111570
6000000003051111784
6000000003051111805
6000000003051111819
6000000003051115349
6000000003051115873
6000000003051119749
6000000003051119805
6000000003051119930
6000000003051129728
6000000003051138305
6000000003051138424
6000000003051138960
6000000003051146604
6000000003051146777
6000000003051152306
6000000003051152338
6000000003051152696
6000000003051155925
6000000003051159727
6000000003051162103
6000000003051162476
6000000003051169265
6000000003051169280
6000000003051169829
6000000003051174055
6000000003051174231
6000000003051177088
6000000003051177357
6000000003051184265
6000000003051188019
6000000003051188309
6000000003051188582
6000000003051190009
6000000003051190183
6000000003051190270
6000000003051193758
6000000003051193769
6000000003051199039
6000000003051199044
6000000003051199072
6000000003051199594
6000000003051199794
6000000003051199817
6000000003051199960
6000000003051208075
6000000003051221357
6000000003051222217
6000000003051222308
6000000003051227292
6000000003051240105
6000000003051240485
6000000003051240533
6000000003051240545
6000000003051245269
6000000003051245360
6000000003051250763
6000000003051255891
6000000003051263516
6000000003051267140
6000000003051267152
6000000003051267193
6000000003051267456
6000000003051269509
6000000003051269589
6000000003051269601
6000000003051273715
6000000003051280970
6000000003051286591
6000000003051292460
6000000003051292494
6000000003051295005
6000000003051295083
6000000003051298283
6000000003051298770
6000000003051298876
6000000003051310224
6000000003051314749
6000000003051319923
6000000003051322583
6000000003051332299
6000000003051336798
6000000003055249866
6000000003056506263
6000000003056513128
6000000003056522441
6000000003058887170
6000000003061930478
6000000003062994857
6000000003067000469
6000000003067185677
6000000003071839226
6000000003073089673
6000000003076221220
6000000003076238678
6000000003076376661
6000000003077884337
6000000003078465244
6000000003078497332
6000000003078518128
6000000003080547162
6000000003085916580
6000000003085995132
6000000003086729391
6000000003086732914
6000000003086734979
6000000003086741929
6000000003086744188
6000000003086787234
6000000003086787266
6000000003086787577
6000000003086787636
6000000003086787695
6000000003086795212
6000000003086797714
6000000003086798187
6000000003086812448
6000000003086822697
6000000003086822722
6000000003086822730
6000000003086822746
6000000003086822762
6000000003086822770
6000000003086822786
6000000003086822811
6000000003086822906
6000000003086828004
6000000003086828193
6000000003086832778
6000000003086844445
6000000003086858851
6000000003086879965
6000000003086882540
6000000003086890618
6000000003086914752
6000000003086962615
6000000003086964439
6000000003086967414
6000000003087068393
6000000003087080306
6000000003087080560
6000000003087087241
6000000003087125859
6000000003087151850
6000000003087154137
6000000003087154289
6000000003087173165
6000000003087173499
6000000003087173515
6000000003087193528
6000000003087847287
6000000003088649491
6000000003091034586
6000000003093970307
6000000003094902453
6000000003094916237
6000000003094916245
6000000003094916337
6000000003094916356
6000000003094916363
6000000003094919467
6000000003094919474
6000000003094919509
6000000003094919828
6000000003094919845
6000000003094925200
6000000003094925551
6000000003094925561
6000000003094925606
6000000003094925915
6000000003094932619
6000000003094932624
6000000003094932669
6000000003094932993
6000000003094935011
6000000003094935020
6000000003094935053
6000000003094935070
6000000003094936831
6000000003094936883
6000000003094936898
6000000003094936943
6000000003094939620
6000000003094941507
6000000003094941842
6000000003094941910
6000000003094941935
6000000003094941944
6000000003094941958
6000000003094949411
6000000003094949882
6000000003094949890
6000000003094956087
6000000003094956093
6000000003094956123
6000000003094961449
6000000003094961709
6000000003094961773
6000000003094967060
6000000003094967068
6000000003094967990
6000000003094971035
6000000003094971118
6000000003094982190
6000000003094982285
6000000003094982293
6000000003094982301
6000000003095003918
6000000003095003925
6000000003095006400
6000000003095006480
6000000003095033447
6000000003095033937
6000000003095033949
6000000003095047808
6000000003095060379
6000000003095060461
6000000003095060728
6000000003095060749
6000000003095063223
6000000003095080182
6000000003095089978
6000000003095115436
6000000003095115472
6000000003095137297
6000000003095166367
6000000003095174167
6000000003095195002
6000000003095195051
6000000003095195060
6000000003095195068
6000000003095237260
6000000003095255586
6000000003095255594
6000000003095255673
6000000003095260318
6000000003097838126
6000000003097871490
6000000003097884850
6000000003097891610
6000000003097933445
6000000003097933853
6000000003098013944
6000000003098031833
6000000003098039131
6000000003098078015
6000000003098090354
6000000003098100093
6000000003098118211
6000000003098118619
6000000003098134905
6000000003098256598
6000000003099027666
6000000003099041600
6000000003099062700
6000000003101836534
6000000003101980999
6000000003102077916
6000000003102253400
6000000003102295068
6000000003105668971
6000000003105754852
6000000003106496432
6000000003106526297
6000000003106538737
6000000003106622125
6000000003106896458
6000000003107192596
6000000003107192601
6000000003111153945
6000000003111182623
6000000003111229968
6000000003111273407
6000000003111295087
6000000003111295118
6000000003111312671
6000000003111412364
6000000003111412492
6000000003111472267
6000000003111533668
6000000003111609932
6000000003111815364
6000000003112447162
6000000003112512353
6000000003112541572
6000000003112595234
6000000003112708544
6000000003112731602
6000000003112794945
6000000003113283096
6000000003113324832
6000000003116926743
6000000003117056765
6000000003120636568
6000000003122311912
6000000003122311972
6000000003122311977
6000000003122311996
6000000003122317015
6000000003122317058
6000000003122317064
6000000003122317075
6000000003122317139
6000000003122317166
6000000003122317191
6000000003122317208
6000000003122317213
6000000003122317220
6000000003122317227
6000000003122317234
6000000003122317241
6000000003122317370
6000000003122317441
6000000003122317499
6000000003122317564
6000000003122318803
6000000003122318809
6000000003122340199
6000000003122340228
6000000003122340696
6000000003122346460
6000000003122346525
6000000003122354841
6000000003122365056
6000000003122365394
6000000003122380671
6000000003122380683
6000000003122380689
6000000003122415919
6000000003122415925
6000000003122415930
6000000003122417043
6000000003122417431
6000000003122417525
6000000003122417694
6000000003122417699
6000000003122417727
6000000003122417747
6000000003122417794
6000000003122417800
6000000003122417817
6000000003122417834
6000000003122417840
6000000003122417846
6000000003122417851
6000000003122417857
6000000003122417904
6000000003122417916
6000000003122417939
6000000003122417973
6000000003122422021
6000000003122422071
6000000003122422077
6000000003122422092
6000000003122422116
6000000003122422142
6000000003122422154
6000000003122422214
6000000003122422802
6000000003122422812
6000000003122422922
6000000003122422950
6000000003122422955
6000000003122422971
6000000003122422977
6000000003122427191
6000000003122427196
6000000003122427255
6000000003122427458
6000000003122427560
6000000003122429866
6000000003122429890
6000000003122429896
6000000003122431379
6000000003122431457
6000000003122431625
6000000003122431641
6000000003122431695
6000000003122431752
6000000003122442698
6000000003122442973
6000000003122446437
6000000003122446580
6000000003122450012
6000000003122453417
6000000003122459319
6000000003122459488
6000000003122459498
6000000003122483227
6000000003122483248
6000000003122483260
6000000003122483655
6000000003122483668
6000000003122556780
6000000003122611569
6000000003123252825
6000000003123800179
6000000003124940977
6000000003125099976
6000000003125391522
6000000003125438035
6000000003126775017
6000000003132012065
6000000003134469353
6000000003136577998
6000000003136693183
6000000003136710411
6000000003136829798
6000000003136883525
6000000003137456212
6000000003139041980
6000000003139146601
6000000003139155634
6000000003139171340
6000000003139222066
6000000003139804687
6000000003139948837
6000000003139988722
6000000003140127923
6000000003140274840
6000000003140444017
6000000003140444100
6000000003141784799
6000000003141797709
6000000003141846477
6000000003141866790
6000000003141911798
6000000003141954407
6000000003142002417
6000000003142054037
6000000003142100143
6000000003142197053
6000000003142197087
6000000003146107101
6000000003146115119
6000000003146136754
6000000003146930329
6000000003146930404
6000000003146938350
6000000003146938406
6000000003146938428
6000000003146938979
6000000003146946278
6000000003146948079
6000000003146948304
6000000003146957164
6000000003146957188
6000000003146957203
6000000003146957658
6000000003146960002
6000000003146960055
6000000003146960183
6000000003146960249
6000000003146960279
6000000003146960462
6000000003146963469
6000000003146963485
6000000003146963492
6000000003146965229
6000000003146970443
6000000003146970753
6000000003147113550
6000000003147191246
6000000003147191461
6000000003147444312
6000000003147583002
6000000003149169223
6000000003150225710
6000000003150347522
6000000003150391359
6000000003151159097
6000000003151508258
6000000003151941079
6000000003152354706
6000000003152410248
6000000003152425037
6000000003152511225
6000000003158711375
6000000003160902346
6000000003160924298
6000000003162452948
6000000003162606706
6000000003162666571
6000000003163569395
6000000003163597464
6000000003163612452
6000000003163617049
6000000003163646162
6000000003163652304
6000000003163659183
6000000003163659989
6000000003163661393
6000000003163663948
6000000003163702778
6000000003163706915
6000000003163720482
6000000003163765013
6000000003163809385
6000000003163811145
6000000003163813604
6000000003163813719
6000000003163821813
6000000003163881171
6000000003163967565
6000000003166139147
6000000003166148300
6000000003166349540
6000000003166417414
6000000003168965773
6000000003169545362
6000000003170939956
6000000003170976746
6000000003171498734
6000000003171686282
6000000003171945710
6000000003172069252
6000000003172481936
6000000003174763916
6000000003174773475
6000000003174783638
6000000003174784589
6000000003174872002
6000000003174929225
6000000003174982252
6000000003175010287
6000000003176940942
6000000003176981778
6000000003177635166
6000000003177832215
6000000003177885248
6000000003177905048
6000000003177926716
6000000003184752153
6000000003187702844
6000000003187728773
6000000003187817221
6000000003190446104
6000000003190503074
6000000003193805903
6000000003193955259
6000000003194035329
6000000003194170320
6000000003194276505
6000000003194396506
6000000003194402153
6000000003194716276
6000000003195477790
6000000003199738451
6000000003204433619
6000000003204913916
6000000003206352927
6000000003206875154
6000000003206876147
6000000003206911318
6000000003209438490
6000000003210257574
6000000003210287860
6000000003210301052
6000000003210322251
6000000003210322639
6000000003210346387
6000000003210376189
6000000003210414577
6000000003215053006
6000000003215138011
6000000003219686363
6000000003219688241
6000000003219688293
6000000003219690437
6000000003219690637
6000000003219700799
6000000003219704356
6000000003219709345
6000000003219712922
6000000003219727296
6000000003219727443
6000000003219727451
6000000003219746208
6000000003219749585
6000000003219753357
6000000003219753382
6000000003219768076
6000000003219768111
6000000003219772256
6000000003219772291
6000000003219788110
6000000003219788977
6000000003219862251
6000000003220313434
6000000003220313927
6000000003220314158
6000000003220314374
6000000003220314873
6000000003220491541
6000000003220550113
6000000003220670973
6000000003221138548
6000000003222440660
6000000003226679150
6000000003230348505
6000000003232499851
6000000003232501726
6000000003232505936
6000000003232509164
6000000003232509397
6000000003232509458
6000000003232509478
6000000003232509607
6000000003232538566
6000000003232558589
6000000003232561048
6000000003232563277
6000000003232579507
6000000003232579985
6000000003232583822
6000000003232678112
6000000003232678132
6000000003232678829
6000000003232678856
6000000003232683779
6000000003232683856
6000000003232699898
6000000003232714442
6000000003233882803
6000000003234018546
6000000003237614597
6000000003237614609
6000000003241821433
6000000003242376844
6000000003242431792
6000000003242497343
6000000003242498183
6000000003242524599
6000000003242540341
6000000003242618875
6000000003242693601
6000000003242819650
6000000003242858470
6000000003242867488
6000000003242899850
6000000003242899865
6000000003242903091
6000000003243001370
6000000003243001900
6000000003243017717
6000000003243041531
6000000003243063832
6000000003243074451
6000000003243079601
6000000003243087719
6000000003243087859
6000000003243095127
6000000003243103165
6000000003243103207
6000000003243106048
6000000003243112291
6000000003243167357
6000000003243181857
6000000003243181864
6000000003243181928
6000000003243184323
6000000003243185408
6000000003243197306
6000000003243197327
6000000003243197392
6000000003243207119
6000000003243210279
6000000003243213054
6000000003243213152
6000000003243247195
6000000003243309212
6000000003243318114
6000000003243318161
6000000003243318175
6000000003243318197
6000000003243318225
6000000003243318232
6000000003243318255
6000000003243318293
6000000003243367319
6000000003243378592
6000000003243378715
6000000003243378877
6000000003243400214
6000000003243400291
6000000003243400326
6000000003243400873
6000000003243418345
6000000003243418415
6000000003243429224
6000000003243439507
6000000003243439624
6000000003243441045
6000000003243441055
6000000003243441105
6000000003243441216
6000000003243441451
6000000003243441459
6000000003243447118
6000000003243447188
6000000003243447414
6000000003243447496
6000000003243447534
6000000003243483198
6000000003243483210
6000000003243483251
6000000003243483277
6000000003243489454
6000000003243489499
6000000003243493325
6000000003243493411
6000000003243493433
6000000003243493460
6000000003243493509
6000000003243493530
6000000003243493538
6000000003251725930
6000000003253083052
6000000003253089650
6000000003253221444
6000000003253231975
6000000003253261775
6000000003253373029
6000000003253385104
6000000003253460860
6000000003253466195
6000000003253539762
6000000003253601093
6000000003253726139
6000000003256451849
6000000003261687806
6000000003263105577
6000000003263170452
6000000003264490863
6000000003264494814
6000000003268059646
6000000003268106570
6000000003272727563
6000000003273013428
6000000003273047444
6000000003273401322
6000000003273401469
6000000003273404861
6000000003273414061
6000000003273414404
6000000003273414430
6000000003273414437
6000000003273414577
6000000003273849245
6000000003273921067
6000000003274095104
6000000003274238035
6000000003274446261
6000000003274543045
6000000003276542900
6000000003277299457
6000000003278739001
6000000003281256924
6000000003282478062
6000000003285093567
6000000003285161266
6000000003285211232
6000000003287668210
6000000003287810968
6000000003294866621
6000000003294927813
6000000003294993485
6000000003294995652
6000000003295008350
6000000003295072654
6000000003295084501
6000000003295092575
6000000003295110697
6000000003295143595
6000000003295144052
6000000003295153451
6000000003295153539
6000000003295167768
6000000003295184258
6000000003295359552
6000000003296821023
6000000003296904115
6000000003296909013
6000000003299251866
6000000003299268661
6000000003299275112
6000000003299280458
6000000003299310465
6000000003299316148
6000000003299380626
6000000003299385326
6000000003299392737
6000000003299401201
6000000003300394986
6000000003300400465
6000000003301862845
6000000003301975018
6000000003302337846
6000000003306282722
6000000003310538849
6000000003310618661
6000000003310725016
6000000003311986861
6000000003315775479
6000000003315892160
6000000003317425624
6000000003317437763
6000000003318435827
6000000003318485680
6000000003318525381
6000000003318546921
6000000003318663004
6000000003319269144
6000000003321884217
6000000003331926627
6000000003332585681
6000000003332614802
6000000003332684323
6000000003332684408
6000000003332696353
6000000003332737016
6000000003332793655
6000000003332799114
6000000003332823073
6000000003335757440
6000000003335892330
6000000003341415472
6000000003342027899
6000000003342180520
6000000003342295232
6000000003343488225
6000000003343963830
6000000003344032910
6000000003344050719
6000000003344146334
6000000003344152177
6000000003344187038
6000000003344198252
6000000003344209898
6000000003344209998
6000000003344256309
6000000003344297170
6000000003345219305
6000000003345263234
6000000003345275484
6000000003345295098
6000000003346840239
6000000003349243920
6000000003349295306
6000000003349367528
6000000003349637351
6000000003349733094
6000000003349982019
6000000003350059037
6000000003350115352
6000000003351586019
6000000003353148560
6000000003353888961
6000000003358162246
6000000003358192683
6000000003363837963
6000000003363957873
6000000003363958831
6000000003364132298
6000000003364739798
6000000003364892329
6000000003365164356
6000000003366097066
6000000003366838592
6000000003367011468
6000000003367644751
6000000003369194917
6000000003369294709
6000000003375343789
6000000003375986730
6000000003376377487
6000000003376442169
6000000003376453205
6000000003377563475
6000000003377660936
6000000003378081904
6000000003378142902
6000000003378492645
6000000003378670599
6000000003379098609
6000000003379304675
6000000003379709902
6000000003388808357
6000000003388821488
6000000003388846130
6000000003390264867
6000000003390436838
6000000003390696871
6000000003390698271
6000000003391134853
6000000003391184275
6000000003396991638
6000000003396994659
6000000003397003322
6000000003401838954
6000000003403245880
6000000003403980458
6000000003406553612
6000000003410470097
6000000003410663065
6000000003411936482
6000000003413353678
6000000003413439886
6000000003414518688
6000000003414711727
6000000003417413783
6000000003417416223
6000000003417416241
6000000003418420404
6000000003418900347
6000000003419004040
6000000003422289517
6000000003423203044
6000000003430625923
6000000003430625950
6000000003430650786
6000000003432521882
6000000003434950537
6000000003443415091
6000000003443594323
6000000003446378748
6000000003446421866
6000000003446499867
6000000003446531719
6000000003446559780
6000000003446630538
6000000003446636393
6000000003454383180
6000000003454836739
6000000003455608992
6000000003455773411
6000000003455862721
6000000003456051444
6000000003458293605
6000000003459454912
6000000003459553147
6000000003461736005
6000000003463545474
6000000003463610943
6000000003463689273
6000000003464423745
6000000003464499235
6000000003465656291
6000000003466257348
6000000003472274918
6000000003472446950
6000000003472734379
6000000003472754347
6000000003478386805
6000000003478592449
6000000003478679330
6000000003480044271
6000000003480138129
6000000003480138412
6000000003480431119
6000000003481828848
6000000003481828915
6000000003481828998
6000000003481830004
6000000003481830010
6000000003481830016
6000000003481830022
6000000003481830028
6000000003481830046
6000000003481830052
6000000003481830058
6000000003481830064
6000000003481830094
6000000003481830106
6000000003481830160
6000000003481830208
6000000003481830220
6000000003481830669
6000000003483571445
6000000003483590544
6000000003483609524
6000000003483631330
6000000003483640767
6000000003483647707
6000000003483666375
6000000003483689122
6000000003483699152
6000000003483741013
6000000003483749160
6000000003483750144
6000000003483783114
6000000003483825112
6000000003484264362
6000000003484264368
6000000003484265294
6000000003484293258
6000000003484293276
6000000003484293288
6000000003484293306
6000000003484293312
6000000003485711652
6000000003485828468
6000000003485844586
6000000003485919405
6000000003485948042
6000000003487761513
6000000003487836475
6000000003490571737
6000000003491193955
6000000003491933551
6000000003491940778
6000000003491940938
6000000003491940946
6000000003491940979
6000000003491940987
6000000003491944060
6000000003491944585
6000000003491944598
6000000003491944615
6000000003491944748
6000000003491944756
6000000003491944813
6000000003491944826
6000000003491944839
6000000003491944852
6000000003491944857
6000000003491944905
6000000003491944918
6000000003491944956
6000000003491947603
6000000003491947608
6000000003491947696
6000000003491954788
6000000003491954793
6000000003491958307
6000000003491976521
6000000003491998022
6000000003492007823
6000000003492007883
6000000003492033550
6000000003492033558
6000000003492033590
6000000003492033716
6000000003492033721
6000000003492033746
6000000003492033761
6000000003492037459
6000000003492037474
6000000003492037553
6000000003492037569
6000000003492037584
6000000003492037642
6000000003492037893
6000000003492037898
6000000003492037903
6000000003492045036
6000000003492045766
6000000003492045771
6000000003492045839
6000000003492045949
6000000003492045969
6000000003492045974
6000000003492049059
6000000003492049072
6000000003492049172
6000000003492049187
6000000003492049202
6000000003492049305
6000000003492049315
6000000003492049325
6000000003492049696
6000000003492049733
6000000003492049738
6000000003492049758
6000000003492049893
6000000003492049901
6000000003492049931
6000000003492055117
6000000003492057190
6000000003492057200
6000000003492057333
6000000003492057345
6000000003492057350
6000000003492057360
6000000003492057612
6000000003492057914
6000000003492064675
6000000003492068255
6000000003492072171
6000000003492072263
6000000003492074828
6000000003492077393
6000000003492093192
6000000003492877476
6000000003493056813
6000000003493086515
6000000003493086593
6000000003493086926
6000000003493086934
6000000003493089016
6000000003493089024
6000000003493089032
6000000003493089144
6000000003493089182
6000000003493089663
6000000003493089677
6000000003493089748
6000000003493089755
6000000003493089771
6000000003493089903
6000000003493092898
6000000003493098501
6000000003493098560
6000000003493098627
6000000003493098640
6000000003493098658
6000000003493098668
6000000003493098685
6000000003493098691
6000000003493098697
6000000003493098703
6000000003493107260
6000000003493116038
6000000003493116045
6000000003493116167
6000000003493116393
6000000003493116417
6000000003493116446
6000000003493116576
6000000003493116583
6000000003493116657
6000000003493116831
6000000003493116897
6000000003493116968
6000000003493116975
6000000003493121303
6000000003493121364
6000000003493143684
6000000003493155443
6000000003493155588
6000000003493155609
6000000003493162210
6000000003493162721
6000000003493162831
6000000003493169597
6000000003493171093
6000000003493174689
6000000003493174696
6000000003493174798
6000000003493176370
6000000003493176397
6000000003493176454
6000000003493176462
6000000003493191538
6000000003493243566
6000000003493243662
6000000003493243697
6000000003493243724
6000000003493243730
6000000003493243744
6000000003493243807
6000000003493243819
6000000003493255655
6000000003493255793
6000000003493263319
6000000003493283933
6000000003493284645
6000000003493284681
6000000003493287333
6000000003493292995
6000000003493301431
6000000003493301633
6000000003493396043
6000000003493396354
6000000003493396385
6000000003493476055
6000000003493476122
6000000003493476129
6000000003493476136
6000000003493476163
6000000003494646294
6000000003494660055
6000000003494689477
6000000003494689958
6000000003494694473
6000000003494694500
6000000003494694746
6000000003494695157
6000000003494695545
6000000003494697312
6000000003494698496
6000000003494698599
6000000003494707637
6000000003494707647
6000000003494715786
6000000003494724074
6000000003494734403
6000000003494740586
6000000003494757665
6000000003494757809
6000000003494761631
6000000003494762156
6000000003494762384
6000000003494765080
6000000003494769129
6000000003494769643
6000000003494769835
6000000003494769900
6000000003494770004
6000000003494770047
6000000003494770090
6000000003494770314
6000000003494770356
6000000003494770588
6000000003494770673
6000000003494770682
6000000003494774580
6000000003494774759
6000000003494774947
6000000003494774957
6000000003494774978
6000000003494777105
6000000003494777697
6000000003495278649
6000000003495278728
6000000003495280408
6000000003495280505
6000000003495300745
6000000003495312813
6000000003495315312
6000000003495315400
6000000003495315961
6000000003495320179
6000000003495320909
6000000003495325510
6000000003495325605
6000000003495325673
6000000003495348447
6000000003495348795
6000000003495348806
6000000003495348827
6000000003495367551
6000000003495371529
6000000003495384814
6000000003495389288
6000000003495389304
6000000003495391016
6000000003495391046
6000000003495391376
6000000003495391396
6000000003495393409
6000000003495393431
6000000003495393534
6000000003495393701
6000000003495393952
6000000003495402013
6000000003495402182
6000000003495402214
6000000003495409715
6000000003495414198
6000000003495414261
6000000003495414717
6000000003495760550
6000000003503676462
6000000003504974493
6000000003505812453
6000000003506548107
6000000003507990672
6000000003508047208
6000000003508576925
6000000003508591911
6000000003509153197
6000000003510673956
6000000003510673962
6000000003510710784
6000000003510784451
6000000003510866571
6000000003510866577
6000000003510918126
6000000003510918131
6000000003510918136
6000000003510918141
6000000003510918146
6000000003510992475
6000000003510992479
6000000003511119091
6000000003512281801
6000000003512315922
6000000003512317951
6000000003512372786
6000000003512376424
6000000003512377819
6000000003512382922
6000000003512388596
6000000003512416908
6000000003512423628
6000000003512437916
6000000003512438670
6000000003512460327
6000000003512481213
6000000003512485815
6000000003512494671
6000000003512497353
6000000003512504602
6000000003512504644
6000000003512509536
6000000003512521154
6000000003512522293
6000000003512522442
6000000003512525485
6000000003512528395
6000000003512535614
6000000003512552573
6000000003512559210
6000000003512562497
6000000003512568304
6000000003512580211
6000000003512596264
6000000003512601406
6000000003512601931
6000000003512606002
6000000003512628120
6000000003512677278
6000000003512704605
6000000003512704609
6000000003512738308
6000000003512885698
6000000003512885704
6000000003512894627
6000000003512894633
6000000003512894637
6000000003512894641
6000000003512947734
6000000003512947740
6000000003512947744
6000000003512947748
6000000003512947752
6000000003512947756
6000000003513052196
6000000003513088076
6000000003513088730
6000000003513145688
6000000003513155538
6000000003513191421
6000000003513219135
6000000003513370805
6000000003513575244
6000000003513602927
6000000003513651138
6000000003513731372
6000000003513731919
6000000003513749928
6000000003513889970
6000000003513940659
6000000003513940666
6000000003513947591
6000000003513947595
6000000003514004594
6000000003514004600
6000000003514004607
6000000003514015691
6000000003514054125
6000000003514054131
6000000003514054135
6000000003514054139
6000000003514056300
6000000003514056304
6000000003514056308
6000000003514135016
6000000003514135022
6000000003514212018
6000000003514212025
6000000003514384470
6000000003514600596
6000000003514600603
6000000003514672721
6000000003514717336
6000000003514789843
6000000003521266933
6000000003523333965
6000000003523450729
6000000003523986134
6000000003524014679
6000000003527576918
6000000003531090432
6000000003531113316
6000000003533575873
6000000003533575877
6000000003533657515
6000000003533768216
6000000003533768220
6000000003533813127
6000000003533813131
6000000003533813582
6000000003535524621
6000000003537956153
6000000003538942878
6000000003538942882
6000000003538942886
6000000003538942890
6000000003539392006
6000000003541275940
6000000003541275955
6000000003542370460
6000000003552628982
6000000003552702091
6000000003559734445
6000000003562237688
6000000003570049107
6000000003570095518
6000000003570375945
6000000003570382568
6000000003570382580
6000000003570382603
6000000003570388001
6000000003570388021
6000000003570388031
6000000003570388046
6000000003570388980
6000000003570398165
6000000003570398395
6000000003570398920
6000000003570398925
6000000003570398950
6000000003570398975
6000000003570398985
6000000003570398990
6000000003570406010
6000000003570406030
6000000003570406040
6000000003570406060
6000000003570406115
6000000003570406120
6000000003570406150
6000000003570406155
6000000003570406160
6000000003570406165
6000000003570406230
6000000003570406235
6000000003570406425
6000000003570406543
6000000003572237554
6000000003572841726
6000000003573235605
6000000003573310436
6000000003573405366
6000000003573455718
6000000003573457199
6000000003573490143
6000000003573917389
6000000003574033709
6000000003574049805
6000000003574235264
6000000003575290734
6000000003575836084
6000000003578848967
6000000003579256955
6000000003580744527
6000000003580928225
6000000003581437848
6000000003582502504
6000000003588779471
6000000003588893167
6000000003589069943
6000000003589069950
6000000003589098659
6000000003589231271
6000000003589270190
6000000003589272124
6000000003589272131
6000000003589285015
6000000003589450839
6000000003589506974
6000000003589539242
6000000003589742141
6000000003589792063
6000000003589833623
6000000003590563629
6000000003591953999
6000000003592211280
6000000003593722552
6000000003593750913
6000000003593758424
6000000003593822183
6000000003601184168
6000000003601184376
6000000003601184398
6000000003601698588
6000000003601807129
6000000003602165145
6000000003603098054
6000000003604943896
6000000003604972820
6000000003605293243
6000000003605615728
6000000003605806538
6000000003608919348
6000000003614102983
6000000003614420649
6000000003615007865
6000000003615309015
6000000003615405155
6000000003615417006
6000000003615569907
6000000003615712536
6000000003615721196
6000000003615724945
6000000003615788327
6000000003615807137
6000000003615836727
6000000003616518558
6000000003616757452
6000000003616762507
6000000003617917013
6000000003619227847
6000000003619258267
6000000003620958566
6000000003622777758
6000000003628047924
6000000003628133162
6000000003629167131
6000000003629167138
6000000003633557497
6000000003635705648
6000000003635727790
6000000003635746575
6000000003637312051
6000000003637312351
6000000003637326421
6000000003637326569
6000000003637342101
6000000003637342160
6000000003637342779
6000000003637342831
6000000003637345011
6000000003637345331
6000000003637345618
6000000003637345654
6000000003637361339
6000000003637361350
6000000003637361355
6000000003637361534
6000000003637361593
6000000003637361641
6000000003637361647
6000000003637361652
6000000003637361887
6000000003637365337
6000000003637367921
6000000003637367931
6000000003637367977
6000000003637371036
6000000003637371901
6000000003637377188
6000000003637377193
6000000003637377332
6000000003637377373
6000000003637377473
6000000003637377615
6000000003637377815
6000000003637377825
6000000003637377831
6000000003637377847
6000000003637381284
6000000003637381289
6000000003637383639
6000000003637388752
6000000003645671274
6000000003645671786
6000000003645672375
6000000003645672389
6000000003645672529
6000000003645672596
6000000003645672658
6000000003645672670
6000000003645672860
6000000003645672881
6000000003645683166
6000000003645683201
6000000003645683213
6000000003645683220
6000000003645683251
6000000003645683278
6000000003645683288
6000000003645683308
6000000003645683322
6000000003645683608
6000000003645683752
6000000003645692144
6000000003645692292
6000000003645697062
6000000003645697077
6000000003645697313
6000000003645697319
6000000003645707918
6000000003645712148
6000000003645712292
6000000003645712904
6000000003645716626
6000000003645716928
6000000003645724209
6000000003645724364
6000000003645724412
6000000003645724426
6000000003645724433
6000000003645724440
6000000003645724447
6000000003645724693
6000000003645724700
6000000003645734140
6000000003645734242
6000000003645734375
6000000003645734381
6000000003645734389
6000000003645734414
6000000003645734748
6000000003645734784
6000000003645734792
6000000003645746098
6000000003645746233
6000000003645746292
6000000003645746452
6000000003645746465
6000000003645746472
6000000003645746479
6000000003645746520
6000000003645746687
6000000003645746708
6000000003645753292
6000000003645753891
6000000003645753962
6000000003645760032
6000000003645760154
6000000003645760161
6000000003645760175
6000000003645760916
6000000003645760991
6000000003645765375
6000000003645765568
6000000003645765617
6000000003645772501
6000000003645772508
6000000003645772822
6000000003645772841
6000000003645772914
6000000003645772920
6000000003645772949
6000000003645772957
6000000003645775298
6000000003645782588
6000000003645782595
6000000003645782754
6000000003645782768
6000000003645782783
6000000003645788750
6000000003645797555
6000000003645797582
6000000003645797643
6000000003645797648
6000000003645797682
6000000003645797689
6000000003645797757
6000000003645797856
6000000003645801747
6000000003645801906
6000000003645811056
6000000003645811176
6000000003645811231
6000000003645811238
6000000003645811273
6000000003645811280
6000000003645811287
6000000003645811364
6000000003645811452
6000000003645811619
6000000003645818905
6000000003645825196
6000000003645825338
6000000003645825345
6000000003645825356
6000000003645825784
6000000003645825882
6000000003645832206
6000000003645832264
6000000003645832358
6000000003645832482
6000000003645832488
6000000003645839886
6000000003645847615
6000000003645847638
6000000003645847650
6000000003645847670
6000000003645847693
6000000003645847714
6000000003645847749
6000000003645847827
6000000003645853602
6000000003645853615
6000000003645853628
6000000003645853635
6000000003645853653
6000000003645853666
6000000003645853688
6000000003645853693
6000000003645853699
6000000003645853704
6000000003645853743
6000000003645859156
6000000003645859178
6000000003645859280
6000000003645859300
6000000003645859311
6000000003645859344
6000000003645859795
6000000003645859805
6000000003645870055
6000000003645870070
6000000003645870789
6000000003645870795
6000000003645870800
6000000003645870815
6000000003645870912
6000000003645870917
6000000003645870922
6000000003645870927
6000000003645877457
6000000003645877480
6000000003645877507
6000000003645890209
6000000003645890224
6000000003645890323
6000000003645896177
6000000003645896605
6000000003645906403
6000000003645906415
6000000003645906428
6000000003645906433
6000000003645906440
6000000003645906447
6000000003645906477
6000000003645908101
6000000003645908106
6000000003645908111
6000000003645908141
6000000003645908243
6000000003645908266
6000000003645908276
6000000003645908291
6000000003645908381
6000000003645908452
6000000003645908512
6000000003645908552
6000000003645908602
6000000003645908622
6000000003645908999
6000000003645912083
6000000003645912098
6000000003645912103
6000000003645912369
6000000003645912444
6000000003645912449
6000000003645912454
6000000003645912459
6000000003645912464
6000000003645915181
6000000003645919259
6000000003645919420
6000000003645919492
6000000003645919544
6000000003645919625
6000000003645919739
6000000003645919781
6000000003645919933
6000000003645919948
6000000003645923222
6000000003645929130
6000000003645940658
6000000003645966944
6000000003645977045
6000000003645977975
6000000003645985053
6000000003645985234
6000000003645989712
6000000003645989767
6000000003646004191
6000000003646004196
6000000003646023309
6000000003646023372
6000000003646023820
6000000003646023907
6000000003646023917
6000000003646023922
6000000003646023927
6000000003646032424
6000000003646032439
6000000003646057180
6000000003646057185
6000000003646057190
6000000003646057200
6000000003646057808
6000000003648612202
6000000003649630147
6000000003649630493
6000000003649630880
6000000003649638204
6000000003649638540
6000000003649638716
6000000003649663347
6000000003649666284
6000000003649666694
6000000003649673791
6000000003649677559
6000000003649683533
6000000003649687400
6000000003649687777
6000000003649687931
6000000003649692023
6000000003649701076
6000000003649701667
6000000003649715986
6000000003649728934
6000000003649734134
6000000003649742160
6000000003649777546
6000000003649784642
6000000003649784809
6000000003649784890
6000000003649784924
6000000003650774481
6000000003654208976
6000000003654213936
6000000003654478041
6000000003654527702
6000000003654581141
6000000003654705814
6000000003654721567
6000000003654832299
6000000003654832306
6000000003658774967
6000000003659008588
6000000003659008877
6000000003659008937
6000000003659008943
6000000003659827365
6000000003659887082
6000000003660469168
6000000003665048100
6000000003675058346
6000000003680130388
6000000003681515180
6000000003682621090
6000000003683679920
6000000003684097114
6000000003685558843
6000000003685628675
6000000003685895479
6000000003685912412
6000000003685955699
6000000003688058509
6000000003690471428
6000000003690689362
6000000003690773049
6000000003693995109
6000000003695602736
6000000003696065270
6000000003696122731
6000000003696318556
6000000003696396391
6000000003697285321
6000000003697393244
6000000003697525277
6000000003699723182
6000000003701757499
6000000003708521708
6000000003708611465
6000000003710431377
6000000003711172251
6000000003711172258
6000000003711172270
6000000003713654053
6000000003713749406
6000000003713837056
6000000003713879074
6000000003714562119
6000000003714576466
6000000003714580449
6000000003715297906
6000000003726054418
6000000003726141100
6000000003726334365
6000000003726379301
6000000003726476051
6000000003732806293
6000000003733095940
6000000003733576547
6000000003736739418
6000000003736751234
6000000003736812278
6000000003737429175
6000000003741916756
6000000003742093806
6000000003742102823
6000000003743377648
6000000003744582950
6000000003744610354
6000000003744619290
6000000003747936001
6000000003748720870
6000000003748795548
6000000003748804867
6000000003748885357
6000000003748885364
6000000003748960079
6000000003748960086
6000000003749003238
6000000003749258160
6000000003749268309
6000000003753906361
6000000003760873898
6000000003761389504
6000000003761694375
6000000003761700243
6000000003768386624
6000000003768392839
6000000003769443228
6000000003769716126
6000000003770124369
6000000003770209204
6000000003770454437
6000000003770962886
6000000003771072986
6000000003771245145
6000000003771781380
6000000003772047817
6000000003772363151
6000000003772369252
6000000003772378345
6000000003772396356
6000000003772404490
6000000003772887097
6000000003772993409
6000000003773262363
6000000003773268201
6000000003773899334
6000000003774471997
6000000003774668190
6000000003774709416
6000000003774709423
6000000003774717487
6000000003774828372
6000000003774828404
6000000003782918416
6000000003783022260
6000000003783023344
6000000003783146114
6000000003784251716
6000000003784264646
6000000003784264703
6000000003784317157
6000000003784400115
6000000003784435027
6000000003785131297
6000000003785930108
6000000003795416211
6000000003795440235
6000000003795473559
6000000003795775682
6000000003796084949
6000000003796163262
6000000003796167907
6000000003796205260
6000000003796205291
6000000003796205428
6000000003796205452
6000000003796342273
6000000003796353583
6000000003796454425
6000000003796459628
6000000003796498990
6000000003796618137
6000000003801656372
6000000003801815067
6000000003802574644
6000000003802659389
6000000003802818028
6000000003805720033
6000000003807557357
6000000003807598493
6000000003807601040
6000000003816916461
6000000003820112238
6000000003820929909
6000000003820948401
6000000003820948410
6000000003820948433
6000000003820948450
6000000003820948457
6000000003820948467
6000000003820948474
6000000003820948892
6000000003820951431
6000000003820953038
6000000003820953148
6000000003820968553
6000000003820968814
6000000003820968938
6000000003820968955
6000000003820968965
6000000003820968980
6000000003820968985
6000000003820968990
6000000003820973008
6000000003820973016
6000000003820973115
6000000003820973890
6000000003820980882
6000000003820985279
6000000003821039045
6000000003821039342
6000000003826380980
6000000003826482905
6000000003826814612
6000000003827018968
6000000003827043273
6000000003827136150
6000000003827136164
6000000003827138223
6000000003827138372
6000000003827138392
6000000003827147216
6000000003827147258
6000000003827147277
6000000003827147867
6000000003827151318
6000000003827151573
6000000003827151607
6000000003827151872
6000000003827153004
6000000003827153040
6000000003827153047
6000000003827153156
6000000003827153203
6000000003827153521
6000000003827153546
6000000003827153608
6000000003827153614
6000000003827153620
6000000003827153654
6000000003827153762
6000000003827153796
6000000003827153802
6000000003827153888
6000000003827153894
6000000003827153942
6000000003827153975
6000000003827153981
6000000003827158023
6000000003827158093
6000000003827158148
6000000003827158200
6000000003827158235
6000000003827158242
6000000003827158317
6000000003827158388
6000000003827158402
6000000003827158444
6000000003827158482
6000000003827158488
6000000003827158601
6000000003827158783
6000000003827158853
6000000003827158902
6000000003827167160
6000000003827167192
6000000003827167258
6000000003827167277
6000000003827167316
6000000003827167430
6000000003827167442
6000000003827167797
6000000003827167803
6000000003827167854
6000000003827181035
6000000003827181172
6000000003827181839
6000000003827181845
6000000003827181861
6000000003827181867
6000000003827181979
6000000003827188641
6000000003827188903
6000000003827191440
6000000003827191918
6000000003827217451
6000000003827217663
6000000003827225491
6000000003827225773
6000000003827234781
6000000003827237317
6000000003827237365
6000000003827237744
6000000003827237758
6000000003827246108
6000000003827246936
6000000003827252189
6000000003827252635
6000000003827258013
6000000003827258990
6000000003827258997
6000000003827260192
6000000003827263149
6000000003827263396
6000000003827263685
6000000003827263846
6000000003827270977
6000000003827270984
6000000003827270991
6000000003827274019
6000000003827274145
6000000003827274193
6000000003827274351
6000000003827274762
6000000003827274768
6000000003827280089
6000000003827280439
6000000003827280453
6000000003827280468
6000000003827280482
6000000003827280489
6000000003827280772
6000000003827280792
6000000003827280827
6000000003827288074
6000000003827288095
6000000003827288540
6000000003827294480
6000000003827294571
6000000003827294636
6000000003827294753
6000000003827294829
6000000003827300347
6000000003827305179
6000000003827305200
6000000003827305221
6000000003827305227
6000000003827305266
6000000003827305326
6000000003827305354
6000000003827305535
6000000003827305543
6000000003827305565
6000000003827305605
6000000003827305685
6000000003827305841
6000000003827305897
6000000003827305904
6000000003827309346
6000000003827309628
6000000003827315463
6000000003827315746
6000000003827315938
6000000003827315945
6000000003827315951
6000000003827315957
6000000003827315969
6000000003827320312
6000000003827320390
6000000003827320396
6000000003827320456
6000000003827324882
6000000003827328078
6000000003827328200
6000000003827328227
6000000003827328276
6000000003827328699
6000000003827328830
6000000003827328896
6000000003827328903
6000000003827328992
6000000003827330068
6000000003827330158
6000000003827330467
6000000003827330596
6000000003827335903
6000000003827339229
6000000003827339236
6000000003827339306
6000000003827339924
6000000003827342056
6000000003827342068
6000000003827342386
6000000003827346894
6000000003827355654
6000000003827355753
6000000003827355788
6000000003827355867
6000000003827355907
6000000003827355999
6000000003827359091
6000000003827359120
6000000003827359277
6000000003827359350
6000000003827359403
6000000003827359446
6000000003827359453
6000000003827359526
6000000003827359559
6000000003827359630
6000000003827359880
6000000003827359914
6000000003827359969
6000000003827359988
6000000003827359995
6000000003827363002
6000000003827363017
6000000003827363118
6000000003827363154
6000000003827363337
6000000003827363425
6000000003827363440
6000000003827363516
6000000003827363536
6000000003827363543
6000000003827363595
6000000003827363615
6000000003827363671
6000000003827363678
6000000003827363721
6000000003827363750
6000000003827363786
6000000003827363831
6000000003827363838
6000000003827363845
6000000003827363859
6000000003827363880
6000000003827363949
6000000003827363999
6000000003827368020
6000000003827368048
6000000003827368091
6000000003827368098
6000000003827368104
6000000003827368111
6000000003827368130
6000000003827368137
6000000003827368201
6000000003827368207
6000000003827368213
6000000003827368233
6000000003827368274
6000000003827368448
6000000003827368455
6000000003827368462
6000000003827368538
6000000003827368566
6000000003827368613
6000000003827368620
6000000003827368680
6000000003827368711
6000000003827368730
6000000003827374118
6000000003827374125
6000000003827374365
6000000003827374413
6000000003827384209
6000000003827384413
6000000003827384449
6000000003827384456
6000000003827384814
6000000003827384826
6000000003827384930
6000000003827384937
6000000003827387085
6000000003827387100
6000000003827387107
6000000003827387521
6000000003827387528
6000000003827394145
6000000003827394180
6000000003827400041
6000000003827400063
6000000003827400123
6000000003827400152
6000000003827400158
6000000003827400235
6000000003827400262
6000000003827400343
6000000003827400350
6000000003827400357
6000000003827400365
6000000003827400471
6000000003827400478
6000000003827400485
6000000003827400498
6000000003827400708
6000000003827400761
6000000003827409090
6000000003827409111
6000000003827409117
6000000003827409138
6000000003827409144
6000000003827409186
6000000003827409293
6000000003827414453
6000000003827424190
6000000003827424214
6000000003827424296
6000000003827424393
6000000003827424467
6000000003827424515
6000000003827424680
6000000003827424809
6000000003827424816
6000000003827424830
6000000003827424837
6000000003827424858
6000000003827424865
6000000003827424872
6000000003827424914
6000000003827424921
6000000003827424928
6000000003827429306
6000000003827429603
6000000003827429610
6000000003827429630
6000000003827429657
6000000003827429664
6000000003827429684
6000000003827429691
6000000003827429698
6000000003827429726
6000000003827429733
6000000003827429741
6000000003827429755
6000000003827429761
6000000003827429822
6000000003827429829
6000000003827429993
6000000003827435018
6000000003827435109
6000000003827435418
6000000003827435455
6000000003827435478
6000000003827435577
6000000003827435597
6000000003827435604
6000000003827435636
6000000003827435656
6000000003827435680
6000000003827435686
6000000003827435694
6000000003827435832
6000000003827435846
6000000003827435853
6000000003827435879
6000000003827435885
6000000003827435963
6000000003827435994
6000000003827438001
6000000003827438029
6000000003827438055
6000000003827438305
6000000003827438334
6000000003827438341
6000000003827438365
6000000003827438452
6000000003827438559
6000000003827438579
6000000003827438586
6000000003827438682
6000000003827438718
6000000003827438724
6000000003827438731
6000000003827438753
6000000003827438909
6000000003827438915
6000000003827438950
6000000003827438963
6000000003827445021
6000000003827445075
6000000003827445134
6000000003827445140
6000000003827445193
6000000003827445367
6000000003827445386
6000000003827445392
6000000003827445398
6000000003827445404
6000000003827445416
6000000003827445428
6000000003827445440
6000000003827445550
6000000003827445574
6000000003827445600
6000000003827445607
6000000003827445621
6000000003827445735
6000000003827445801
6000000003827445807
6000000003827445849
6000000003827445855
6000000003827445861
6000000003827445885
6000000003827445916
6000000003827445923
6000000003827451143
6000000003827451157
6000000003827451164
6000000003827451178
6000000003827451238
6000000003827451251
6000000003827451292
6000000003827451324
6000000003827451416
6000000003827451422
6000000003827451459
6000000003827451465
6000000003827451492
6000000003827451499
6000000003827451613
6000000003827451712
6000000003827451724
6000000003827451758
6000000003827451764
6000000003827451776
6000000003827451783
6000000003827451790
6000000003827451797
6000000003827451809
6000000003827451815
6000000003827451893
6000000003827451927
6000000003827451934
6000000003827451959
6000000003827455023
6000000003827455093
6000000003827455114
6000000003827455128
6000000003827455154
6000000003827455161
6000000003827455168
6000000003827455175
6000000003827455182
6000000003827455221
6000000003827455234
6000000003827455241
6000000003827455317
6000000003827455337
6000000003827455359
6000000003827455437
6000000003827455469
6000000003827455489
6000000003827455496
6000000003827455517
6000000003827455530
6000000003827455536
6000000003827455566
6000000003827455573
6000000003827455825
6000000003827464066
6000000003827464099
6000000003827464105
6000000003827464112
6000000003827464200
6000000003827464327
6000000003827464384
6000000003827464404
6000000003827464411
6000000003827464418
6000000003827464425
6000000003827464432
6000000003827464542
6000000003827464548
6000000003827464554
6000000003827464637
6000000003827464656
6000000003827464662
6000000003827464717
6000000003827464724
6000000003827464731
6000000003827464738
6000000003827464785
6000000003827464791
6000000003827464797
6000000003827464817
6000000003827464955
6000000003827464974
6000000003827467019
6000000003827467045
6000000003827467105
6000000003827467183
6000000003827467189
6000000003827467201
6000000003827467207
6000000003827467257
6000000003827467269
6000000003827467306
6000000003827467411
6000000003827467423
6000000003827467498
6000000003827467504
6000000003827467562
6000000003827467568
6000000003827467642
6000000003827467734
6000000003827467740
6000000003827467903
6000000003827467909
6000000003827467939
6000000003827467993
6000000003827468000
6000000003827470038
6000000003827470062
6000000003827470068
6000000003827470075
6000000003827470081
6000000003827470088
6000000003827470151
6000000003827470157
6000000003827470170
6000000003827470176
6000000003827470182
6000000003827470188
6000000003827470194
6000000003827470236
6000000003827470242
6000000003827470267
6000000003827470309
6000000003827470351
6000000003827470358
6000000003827470365
6000000003827470372
6000000003827470378
6000000003827470429
6000000003827470435
6000000003827470441
6000000003827470447
6000000003827470453
6000000003827470459
6000000003827470466
6000000003827470473
6000000003827470480
6000000003827470535
6000000003827470541
6000000003827470575
6000000003827470582
6000000003827470622
6000000003827470636
6000000003827470643
6000000003827470753
6000000003827470788
6000000003827470861
6000000003827470867
6000000003827474009
6000000003827474015
6000000003827474051
6000000003827474057
6000000003827474182
6000000003827474188
6000000003827474212
6000000003827474243
6000000003827474438
6000000003827474492
6000000003827474532
6000000003827474538
6000000003827474729
6000000003827474743
6000000003827474797
6000000003827474803
6000000003827474821
6000000003827474833
6000000003827474847
6000000003827474873
6000000003827474887
6000000003827477023
6000000003827477061
6000000003827477073
6000000003827477079
6000000003827477139
6000000003827477151
6000000003827477176
6000000003827477182
6000000003827477200
6000000003827477206
6000000003827477248
6000000003827477254
6000000003827477284
6000000003827477302
6000000003827477363
6000000003827477375
6000000003827477381
6000000003827477461
6000000003827477467
6000000003827477491
6000000003827477517
6000000003827477529
6000000003827477557
6000000003827477583
6000000003827477589
6000000003827477596
6000000003827477615
6000000003827477621
6000000003827477652
6000000003827477658
6000000003827477664
6000000003827477845
6000000003827477859
6000000003827484002
6000000003827484069
6000000003827484082
6000000003827484090
6000000003827484171
6000000003827484213
6000000003827484219
6000000003827484244
6000000003827484358
6000000003827484364
6000000003827484382
6000000003827484406
6000000003827484412
6000000003827484424
6000000003827484430
6000000003827484436
6000000003827484442
6000000003827484497
6000000003827484541
6000000003827484562
6000000003827484613
6000000003827484657
6000000003827484669
6000000003827484681
6000000003827484818
6000000003827484912
6000000003827484942
6000000003827488025
6000000003827488032
6000000003827488296
6000000003827488324
6000000003827488338
6000000003827488345
6000000003827488457
6000000003827488463
6000000003827488483
6000000003827488509
6000000003827488663
6000000003827488687
6000000003827488735
6000000003827488849
6000000003827488855
6000000003827488861
6000000003827488915
6000000003827488921
6000000003827488945
6000000003827488951
6000000003827488957
6000000003827488964
6000000003827488971
6000000003827496007
6000000003827496021
6000000003827496029
6000000003827496037
6000000003827496045
6000000003827496053
6000000003827496163
6000000003827496170
6000000003827496184
6000000003827496254
6000000003827496266
6000000003827496280
6000000003827496305
6000000003827496317
6000000003827496324
6000000003827496331
6000000003827496356
6000000003827496412
6000000003827496437
6000000003827496449
6000000003827496455
6000000003827496461
6000000003827496467
6000000003827496473
6000000003827496486
6000000003827496499
6000000003827496505
6000000003827496535
6000000003827496541
6000000003827496571
6000000003827496583
6000000003827496589
6000000003827496614
6000000003827496620
6000000003827496626
6000000003827496632
6000000003827496638
6000000003827496680
6000000003827496692
6000000003827496753
6000000003827496765
6000000003827496771
6000000003827496777
6000000003827496873
6000000003827496923
6000000003827496988
6000000003827497006
6000000003827497025
6000000003827497080
6000000003827497114
6000000003827497126
6000000003827497252
6000000003827497501
6000000003827497642
6000000003827497986
6000000003827505034
6000000003827505069
6000000003827505076
6000000003827505478
6000000003827505499
6000000003827505511
6000000003827505517
6000000003827512007
6000000003827512040
6000000003827512052
6000000003827512064
6000000003827512070
6000000003827512134
6000000003827512196
6000000003827512238
6000000003827512244
6000000003827512362
6000000003827512368
6000000003827512386
6000000003827512489
6000000003827512498
6000000003827512789
6000000003827512830
6000000003827512865
6000000003827512893
6000000003827512899
6000000003827512920
6000000003827512946
6000000003827512960
6000000003827512967
6000000003827512974
6000000003827512981
6000000003827520012
6000000003827520046
6000000003827520067
6000000003827520215
6000000003827520243
6000000003827520263
6000000003827520561
6000000003827520673
6000000003827520680
6000000003827520901
6000000003827520908
6000000003827521125
6000000003827521373
6000000003827521380
6000000003827521386
6000000003827521393
6000000003827521595
6000000003827521667
6000000003827521681
6000000003827521693
6000000003827521700
6000000003827521706
6000000003827521718
6000000003827521948
6000000003827524864
6000000003827524876
6000000003827524882
6000000003827524894
6000000003827524906
6000000003827524912
6000000003827527002
6000000003827527015
6000000003827527176
6000000003827527279
6000000003827527579
6000000003827527706
6000000003827527712
6000000003827527724
6000000003827527799
6000000003827527805
6000000003827527811
6000000003827527817
6000000003827527829
6000000003827527835
6000000003827527841
6000000003827527871
6000000003827527963
6000000003827527994
6000000003827529001
6000000003827529014
6000000003827529020
6000000003827529026
6000000003827529038
6000000003827529046
6000000003827529095
6000000003827529103
6000000003827529154
6000000003827529160
6000000003827529166
6000000003827529172
6000000003827529178
6000000003827529185
6000000003827529209
6000000003827529216
6000000003827529224
6000000003827529231
6000000003827529426
6000000003827529432
6000000003827529438
6000000003827529444
6000000003827529702
6000000003827529809
6000000003827535003
6000000003827535052
6000000003827535263
6000000003827535361
6000000003827535428
6000000003827535434
6000000003827535446
6000000003827535495
6000000003827535550
6000000003827535556
6000000003827535568
6000000003827535574
6000000003827535808
6000000003827535815
6000000003827535860
6000000003827535867
6000000003827535921
6000000003827535929
6000000003827535935
6000000003827535971
6000000003827535977
6000000003827535984
6000000003827542004
6000000003827542022
6000000003827542052
6000000003827542058
6000000003827542070
6000000003827542076
6000000003827542082
6000000003827542089
6000000003827542096
6000000003827542127
6000000003827542133
6000000003827542218
6000000003827542224
6000000003827542320
6000000003827542327
6000000003827542402
6000000003827542432
6000000003827545816
6000000003827545856
6000000003827545863
6000000003827545920
6000000003827545933
6000000003827545939
6000000003827545985
6000000003827551358
6000000003827551377
6000000003827551390
6000000003827551422
6000000003827551429
6000000003827551666
6000000003827551803
6000000003827551847
6000000003827551944
6000000003827551951
6000000003827561095
6000000003827561102
6000000003827561121
6000000003827561129
6000000003827561150
6000000003827561254
6000000003827561325
6000000003827561331
6000000003827561521
6000000003827561528
6000000003827564381
6000000003827564401
6000000003827564447
6000000003827564535
6000000003827564541
6000000003827564569
6000000003827564575
6000000003827564657
6000000003827564914
6000000003827564920
6000000003827564926
6000000003827564938
6000000003827564962
6000000003827568262
6000000003827568268
6000000003827568437
6000000003827568443
6000000003827568461
6000000003827568504
6000000003827573083
6000000003827573739
6000000003827573760
6000000003827573767
6000000003827573787
6000000003827573794
6000000003827573810
6000000003827573817
6000000003827576019
6000000003827576097
6000000003827576187
6000000003827576271
6000000003827576285
6000000003827576292
6000000003827576299
6000000003827576447
6000000003827576454
6000000003827576474
6000000003827576489
6000000003827576496
6000000003827576608
6000000003827576975
6000000003827576999
6000000003827579073
6000000003827579080
6000000003827579110
6000000003827579117
6000000003827579124
6000000003827579152
6000000003827579159
6000000003827579173
6000000003827579194
6000000003827579238
6000000003827579638
6000000003827579644
6000000003827579752
6000000003827579822
6000000003827583222
6000000003827583236
6000000003827583264
6000000003827583466
6000000003827583558
6000000003827583565
6000000003827583695
6000000003827583702
6000000003827583715
6000000003827583722
6000000003827583729
6000000003827583736
6000000003827583907
6000000003827583914
6000000003827583921
6000000003827583942
6000000003827583956
6000000003827583963
6000000003827583977
6000000003827587026
6000000003827587033
6000000003827587039
6000000003827587047
6000000003827587054
6000000003827587075
6000000003827587103
6000000003827587110
6000000003827587131
6000000003827587143
6000000003827587217
6000000003827587223
6000000003827587299
6000000003827587425
6000000003827587624
6000000003827587642
6000000003827587654
6000000003827587695
6000000003827587729
6000000003827587736
6000000003827587750
6000000003827587770
6000000003827587796
6000000003827587818
6000000003827587825
6000000003827590199
6000000003827590462
6000000003827590494
6000000003827590704
6000000003827590747
6000000003827590754
6000000003827590761
6000000003827590768
6000000003827590803
6000000003827590810
6000000003827590824
6000000003827590858
6000000003827590865
6000000003827590872
6000000003827590879
6000000003827590900
6000000003827590937
6000000003827590991
6000000003827590997
6000000003827599105
6000000003827599140
6000000003827599150
6000000003827599165
6000000003827599194
6000000003827599374
6000000003827599381
6000000003827599409
6000000003827599416
6000000003827599458
6000000003827599465
6000000003827599479
6000000003827599591
6000000003827599597
6000000003827599626
6000000003827599660
6000000003827599667
6000000003827599673
6000000003827599680
6000000003827599699
6000000003827599740
6000000003827599753
6000000003827599767
6000000003827599828
6000000003827599835
6000000003827599862
6000000003827599934
6000000003827599962
6000000003827599983
6000000003827606026
6000000003827606047
6000000003827606054
6000000003827606089
6000000003827606096
6000000003827606102
6000000003827606109
6000000003827606116
6000000003827606123
6000000003827606130
6000000003827606248
6000000003827606262
6000000003827606268
6000000003827606302
6000000003827606309
6000000003827606344
6000000003827606350
6000000003827606399
6000000003827606406
6000000003827606413
6000000003827606420
6000000003827606427
6000000003827606434
6000000003827606564
6000000003827606592
6000000003827606599
6000000003827606613
6000000003827606655
6000000003827606697
6000000003827606718
6000000003827606740
6000000003827606747
6000000003827606754
6000000003827606808
6000000003827606830
6000000003827606837
6000000003827606871
6000000003827606898
6000000003827611199
6000000003827611206
6000000003827611219
6000000003827611440
6000000003827611474
6000000003827611481
6000000003827611488
6000000003827611494
6000000003827611506
6000000003827611512
6000000003827611675
6000000003827611720
6000000003827611732
6000000003827611774
6000000003827611880
6000000003827611892
6000000003827612093
6000000003827612099
6000000003827612106
6000000003827612113
6000000003827612120
6000000003827612138
6000000003827612256
6000000003827612288
6000000003827612337
6000000003827612380
6000000003827612386
6000000003827612423
6000000003827612430
6000000003827612437
6000000003827612475
6000000003827612481
6000000003827612585
6000000003827612591
6000000003827612597
6000000003827612603
6000000003827612609
6000000003827612711
6000000003827612769
6000000003827612781
6000000003827612787
6000000003827612807
6000000003827612813
6000000003827612831
6000000003827612837
6000000003827612843
6000000003827612849
6000000003827612855
6000000003827612861
6000000003827612868
6000000003827612875
6000000003827612882
6000000003827612889
6000000003827612902
6000000003827618029
6000000003827618215
6000000003827618221
6000000003827618228
6000000003827618235
6000000003827618249
6000000003827618255
6000000003827618261
6000000003827618267
6000000003827618282
6000000003827618294
6000000003827618351
6000000003827618383
6000000003827618407
6000000003827618414
6000000003827618432
6000000003827618438
6000000003827618444
6000000003827618450
6000000003827618456
6000000003827618462
6000000003827618474
6000000003827618480
6000000003827618486
6000000003827618499
6000000003827618513
6000000003827618545
6000000003827618552
6000000003827618559
6000000003827618566
6000000003827618580
6000000003827618629
6000000003827618654
6000000003827618672
6000000003827618690
6000000003827618726
6000000003827618795
6000000003827618801
6000000003827618863
6000000003827618889
6000000003827618946
6000000003827618958
6000000003827618982
6000000003827618989
6000000003827618996
6000000003827624122
6000000003827624128
6000000003827624202
6000000003827624240
6000000003827624246
6000000003827624276
6000000003827624347
6000000003827624377
6000000003827624383
6000000003827624389
6000000003827624395
6000000003827624455
6000000003827624461
6000000003827624467
6000000003827624709
6000000003827624729
6000000003827624759
6000000003827624765
6000000003827624771
6000000003827624777
6000000003827624783
6000000003827624789
6000000003827624801
6000000003827624832
6000000003827624858
6000000003827624883
6000000003827624889
6000000003827624895
6000000003827624901
6000000003827635014
6000000003827635026
6000000003827635032
6000000003827635065
6000000003827635071
6000000003827635077
6000000003827635103
6000000003827635115
6000000003827635122
6000000003827635129
6000000003827635166
6000000003827635172
6000000003827635178
6000000003827635184
6000000003827635190
6000000003827635196
6000000003827635214
6000000003827635331
6000000003827635673
6000000003827643974
6000000003827650073
6000000003827650087
6000000003827650119
6000000003827650146
6000000003827650152
6000000003827650158
6000000003827650308
6000000003827650314
6000000003827650899
6000000003827650905
6000000003827650911
6000000003827650949
6000000003827650955
6000000003827650961
6000000003827650994
6000000003827651000
6000000003827657018
6000000003827657086
6000000003827657098
6000000003827657105
6000000003827657293
6000000003827657299
6000000003827657624
6000000003827657631
6000000003827657652
6000000003827657659
6000000003827657666
6000000003827657673
6000000003827657777
6000000003827657797
6000000003827657830
6000000003827657974
6000000003827657980
6000000003827657987
6000000003827657993
6000000003827661007
6000000003827661073
6000000003827661201
6000000003827661215
6000000003827661222
6000000003827661257
6000000003827661285
6000000003827661292
6000000003827661299
6000000003827661334
6000000003827661341
6000000003827661418
6000000003827661466
6000000003827661493
6000000003827661499
6000000003827661511
6000000003827661539
6000000003827661560
6000000003827661567
6000000003827661581
6000000003827661588
6000000003827661650
6000000003827661670
6000000003827661719
6000000003827661747
6000000003827661775
6000000003827661789
6000000003827661796
6000000003827661811
6000000003827661844
6000000003827661851
6000000003827661879
6000000003827661893
6000000003827661931
6000000003827661937
6000000003827661958
6000000003827661972
6000000003827661979
6000000003827663217
6000000003827663223
6000000003827663235
6000000003827663308
6000000003827663314
6000000003827663321
6000000003827663327
6000000003827663333
6000000003827663340
6000000003827663547
6000000003827663554
6000000003827663568
6000000003827663672
6000000003827663727
6000000003827663734
6000000003827663769
6000000003827663784
6000000003827663805
6000000003827663867
6000000003827663881
6000000003827663888
6000000003827663903
6000000003827671326
6000000003827671440
6000000003827671447
6000000003827671454
6000000003827671461
6000000003827671468
6000000003827671474
6000000003827671513
6000000003827671541
6000000003827671676
6000000003827671716
6000000003827671723
6000000003827671736
6000000003827671743
6000000003827671750
6000000003827671797
6000000003827671804
6000000003827674220
6000000003827674227
6000000003827674326
6000000003827674344
6000000003827674376
6000000003827674401
6000000003827674499
6000000003827674702
6000000003827674708
6000000003827674756
6000000003827674778
6000000003827674865
6000000003827674941
6000000003827674947
6000000003827675037
6000000003827675065
6000000003827675072
6000000003827675079
6000000003827675093
6000000003827675107
6000000003827675114
6000000003827675157
6000000003827675169
6000000003827675236
6000000003827675256
6000000003827675270
6000000003827675277
6000000003827675283
6000000003827675446
6000000003827675466
6000000003827675492
6000000003827675653
6000000003827675660
6000000003827675756
6000000003827675777
6000000003827675813
6000000003827675820
6000000003827675827
6000000003827675834
6000000003827675848
6000000003827675869
6000000003827675888
6000000003827675895
6000000003827675902
6000000003827675908
6000000003827675938
6000000003827675944
6000000003827675985
6000000003827681023
6000000003827681030
6000000003827681072
6000000003827681084
6000000003827681125
6000000003827681145
6000000003827681186
6000000003827681193
6000000003827681200
6000000003827681207
6000000003827681284
6000000003827681298
6000000003827681327
6000000003827681334
6000000003827681355
6000000003827681362
6000000003827681424
6000000003827681431
6000000003827681438
6000000003827681505
6000000003827681519
6000000003827681540
6000000003827681546
6000000003827681552
6000000003827681558
6000000003827681564
6000000003827681576
6000000003827681588
6000000003827681594
6000000003827681910
6000000003827681924
6000000003827685035
6000000003827685081
6000000003827685088
6000000003827685108
6000000003827685149
6000000003827685996
6000000003827701518
6000000003827701525
6000000003827701539
6000000003827701552
6000000003827701878
6000000003827701919
6000000003827701926
6000000003827701940
6000000003827701948
6000000003827701955
6000000003827701976
6000000003827703127
6000000003827703139
6000000003827703152
6000000003827703159
6000000003827703200
6000000003827703220
6000000003827703346
6000000003827708101
6000000003827708362
6000000003827708369
6000000003827708401
6000000003827708436
6000000003827708714
6000000003827708742
6000000003827708920
6000000003827711220
6000000003827711234
6000000003827711270
6000000003827711277
6000000003827711284
6000000003827711312
6000000003827711319
6000000003827711346
6000000003827711628
6000000003827711661
6000000003827711673
6000000003827711679
6000000003827711723
6000000003827711864
6000000003827711870
6000000003827711876
6000000003827711882
6000000003827711888
6000000003827711894
6000000003827719199
6000000003827719738
6000000003827719744
6000000003827719878
6000000003827719964
6000000003827719970
6000000003827719976
6000000003827719982
6000000003827719988
6000000003827727070
6000000003827727550
6000000003827727636
6000000003827727674
6000000003827727681
6000000003827727688
6000000003827727695
6000000003827727702
6000000003827727709
6000000003827727716
6000000003827727744
6000000003827727751
6000000003827727772
6000000003827727779
6000000003827727786
6000000003827727793
6000000003827727800
6000000003827727814
6000000003827727876
6000000003827727883
6000000003827727958
6000000003827731002
6000000003827731016
6000000003827731460
6000000003827731473
6000000003827731479
6000000003827731605
6000000003827731611
6000000003827731684
6000000003827731690
6000000003827737023
6000000003827737058
6000000003827737065
6000000003827737072
6000000003827737096
6000000003827737203
6000000003827737209
6000000003827737281
6000000003827737287
6000000003827737326
6000000003827737437
6000000003827737444
6000000003827737451
6000000003827737458
6000000003827737465
6000000003827737479
6000000003827737492
6000000003827737577
6000000003827737590
6000000003827737642
6000000003827737649
6000000003827737774
6000000003827737781
6000000003827737788
6000000003827737875
6000000003827746052
6000000003827746187
6000000003827746194
6000000003827746201
6000000003827746257
6000000003827746296
6000000003827746302
6000000003827746377
6000000003827746384
6000000003827746522
6000000003827746547
6000000003827746560
6000000003827746674
6000000003827746747
6000000003827746754
6000000003827746761
6000000003827746768
6000000003827746775
6000000003827746782
6000000003827746789
6000000003827746796
6000000003827746803
6000000003827746810
6000000003827746817
6000000003827746881
6000000003827746887
6000000003827746965
6000000003827751033
6000000003827751039
6000000003827751045
6000000003827751209
6000000003827751215
6000000003827751472
6000000003827751615
6000000003827751627
6000000003827755017
6000000003827755023
6000000003827755029
6000000003827755035
6000000003827755121
6000000003827755207
6000000003827755225
6000000003827755231
6000000003827755237
6000000003827755243
6000000003827755249
6000000003827755335
6000000003827755341
6000000003827755347
6000000003827755359
6000000003827755365
6000000003827755530
6000000003827755536
6000000003827755548
6000000003827755560
6000000003827755573
6000000003827755586
6000000003827755593
6000000003827755600
6000000003827755607
6000000003827755815
6000000003827755936
6000000003827763012
6000000003827763101
6000000003827763400
6000000003827763414
6000000003827763493
6000000003827763549
6000000003827763570
6000000003827763706
6000000003827763797
6000000003827763803
6000000003827763851
6000000003827763946
6000000003827763952
6000000003827765005
6000000003827765011
6000000003827765017
6000000003827765029
6000000003827765036
6000000003827765042
6000000003827765048
6000000003827765054
6000000003827765060
6000000003827765066
6000000003827765072
6000000003827765078
6000000003827765090
6000000003827765103
6000000003827765117
6000000003827765237
6000000003827765384
6000000003827765511
6000000003827765578
6000000003827765584
6000000003827765604
6000000003827765652
6000000003827765658
6000000003827765688
6000000003827767219
6000000003827767226
6000000003827767949
6000000003827774018
6000000003827774176
6000000003827774481
6000000003827774487
6000000003827781008
6000000003827781022
6000000003827781034
6000000003827781047
6000000003827781067
6000000003827781074
6000000003827781081
6000000003827781088
6000000003827781109
6000000003827781116
6000000003827781123
6000000003827781137
6000000003827781198
6000000003827781212
6000000003827781226
6000000003827781233
6000000003827781240
6000000003827781254
6000000003827781303
6000000003827781310
6000000003827781324
6000000003827781765
6000000003827781924
6000000003827787029
6000000003827787674
6000000003827787815
6000000003827787829
6000000003827787858
6000000003827787866
6000000003827791584
6000000003827791615
6000000003827791694
6000000003827791823
6000000003827791830
6000000003827791844
6000000003827791851
6000000003827791865
6000000003827791872
6000000003827791886
6000000003827791893
6000000003827791900
6000000003827791919
6000000003827791926
6000000003827791933
6000000003827791940
6000000003827791960
6000000003827791974
6000000003827792001
6000000003827792022
6000000003827792247
6000000003827792614
6000000003827792621
6000000003827792628
6000000003827792801
6000000003827792828
6000000003827792835
6000000003827792868
6000000003827792874
6000000003827792921
6000000003827795060
6000000003827795067
6000000003827795073
6000000003827795166
6000000003827795173
6000000003827795180
6000000003827795194
6000000003827795215
6000000003827795235
6000000003827795263
6000000003827795658
6000000003827795741
6000000003827795930
6000000003827799015
6000000003827799100
6000000003827799114
6000000003827799148
6000000003827799162
6000000003827799354
6000000003827799361
6000000003827799368
6000000003827799375
6000000003827799382
6000000003827799415
6000000003827804984
6000000003827809292
6000000003827809299
6000000003827809928
6000000003827818491
6000000003827818822
6000000003827818828
6000000003827818834
6000000003827821553
6000000003827826365
6000000003827826371
6000000003827826377
6000000003827826383
6000000003827826389
6000000003827826395
6000000003827826401
6000000003827826407
6000000003827826420
6000000003827826462
6000000003827826486
6000000003827835110
6000000003827835545
6000000003827837448
6000000003827847978
6000000003827850340
6000000003827852538
6000000003827855731
6000000003827855766
6000000003827855857
6000000003827855864
6000000003827859451
6000000003827859462
6000000003827868637
6000000003827890281
6000000003827890294
6000000003827890353
6000000003827890360
6000000003827890366
6000000003827890372
6000000003827890462
6000000003827890468
6000000003827890474
6000000003827890737
6000000003827890744
6000000003827890751
6000000003827890785
6000000003827894240
6000000003827894246
6000000003827894420
6000000003827894450
6000000003827894534
6000000003827894869
6000000003827894905
6000000003827894911
6000000003827894929
6000000003827894997
6000000003827902027
6000000003827902033
6000000003827902039
6000000003827902051
6000000003827902069
6000000003827902087
6000000003827902093
6000000003827902099
6000000003827902105
6000000003827902117
6000000003827902123
6000000003827902129
6000000003827902171
6000000003827902183
6000000003827902195
6000000003827902683
6000000003827904337
6000000003827904355
6000000003827904383
6000000003827904398
6000000003827918899
6000000003827918985
6000000003827921144
6000000003827921151
6000000003827921256
6000000003827921524
6000000003827922359
6000000003827922397
6000000003827922411
6000000003827922417
6000000003827922431
6000000003827922480
6000000003827922498
6000000003827922511
6000000003827922532
6000000003827922546
6000000003827922553
6000000003827922850
6000000003827922856
6000000003827922955
6000000003827924006
6000000003827924102
6000000003827924336
6000000003827924342
6000000003827924439
6000000003827924457
6000000003827924469
6000000003827924475
6000000003827924513
6000000003827924525
6000000003827924591
6000000003827924724
6000000003827924758
6000000003827924782
6000000003827924788
6000000003827924928
6000000003827928078
6000000003827928084
6000000003827928096
6000000003827928368
6000000003827928374
6000000003827928520
6000000003827928559
6000000003827928779
6000000003827937064
6000000003827937076
6000000003827937082
6000000003827937088
6000000003827937094
6000000003827937100
6000000003827937107
6000000003827937113
6000000003827937535
6000000003827937626
6000000003827940352
6000000003827940366
6000000003827940594
6000000003827940915
6000000003827953008
6000000003827953064
6000000003827953094
6000000003827953106
6000000003827953112
6000000003827953118
6000000003827953124
6000000003827953130
6000000003827953136
6000000003827953143
6000000003827953150
6000000003827953156
6000000003827953168
6000000003827953174
6000000003827953210
6000000003827953369
6000000003827953488
6000000003827953495
6000000003827953630
6000000003827953636
6000000003827953742
6000000003827953796
6000000003827957208
6000000003827957214
6000000003827957221
6000000003827957241
6000000003827957293
6000000003827957300
6000000003827957349
6000000003827957415
6000000003827957493
6000000003827957499
6000000003827957505
6000000003827957511
6000000003827957559
6000000003827957565
6000000003827957589
6000000003827957935
6000000003827957970
6000000003827957984
6000000003827957990
6000000003827963381
6000000003827963620
6000000003827963627
6000000003827963667
6000000003827963673
6000000003827963746
6000000003827974709
6000000003827987897
6000000003827994244
6000000003827994279
6000000003827994431
6000000003828002180
6000000003828002297
6000000003828002386
6000000003828002420
6000000003828002655
6000000003828009063
6000000003828009503
6000000003828009545
6000000003828009581
6000000003828009990
6000000003828011014
6000000003828011110
6000000003828011116
6000000003828011290
6000000003828011296
6000000003828011375
6000000003828011431
6000000003828011473
6000000003828011494
6000000003828011506
6000000003828011808
6000000003828011872
6000000003828015016
6000000003828015752
6000000003828015791
6000000003828015798
6000000003828015805
6000000003828016848
6000000003828016855
6000000003828016888
6000000003828018184
6000000003828018366
6000000003828018373
6000000003828018380
6000000003828018597
6000000003828018618
6000000003828018758
6000000003828018849
6000000003828018954
6000000003828018961
6000000003828021100
6000000003828021106
6000000003828021155
6000000003828021581
6000000003828021587
6000000003828021593
6000000003828021599
6000000003828021605
6000000003828021611
6000000003828021623
6000000003828021760
6000000003828031248
6000000003828038220
6000000003828038372
6000000003828052929
6000000003828058112
6000000003828058140
6000000003828058154
6000000003828061260
6000000003828061279
6000000003828061362
6000000003828061401
6000000003828061881
6000000003828064487
6000000003828064598
6000000003828064855
6000000003828071011
6000000003828071018
6000000003828071032
6000000003828071066
6000000003828071080
6000000003828071093
6000000003828071099
6000000003828071105
6000000003828071112
6000000003828071827
6000000003828071842
6000000003828071855
6000000003828071861
6000000003828074161
6000000003828074168
6000000003828074343
6000000003828074368
6000000003828074587
6000000003828074593
6000000003828074600
6000000003828074606
6000000003828074620
6000000003828074670
6000000003828074683
6000000003828074704
6000000003828074716
6000000003828074722
6000000003828078008
6000000003828078073
6000000003828078085
6000000003828078104
6000000003828078140
6000000003828078147
6000000003828078841
6000000003828083025
6000000003828083049
6000000003828083061
6000000003828083068
6000000003828083097
6000000003828083220
6000000003828083232
6000000003828083256
6000000003828083262
6000000003828083268
6000000003828083292
6000000003828083298
6000000003828083401
6000000003828083408
6000000003828083489
6000000003828083495
6000000003828083501
6000000003828083523
6000000003828083541
6000000003828083547
6000000003828083606
6000000003828083865
6000000003828083880
6000000003828083892
6000000003828083911
6000000003828083931
6000000003828083938
6000000003828083950
6000000003828083994
6000000003828092120
6000000003828092204
6000000003828092228
6000000003828092234
6000000003828092255
6000000003828092899
6000000003828100833
6000000003828105078
6000000003828105117
6000000003828105183
6000000003828105219
6000000003828107062
6000000003828107069
6000000003828107076
6000000003828107083
6000000003828107090
6000000003828107379
6000000003828107386
6000000003828107649
6000000003828107656
6000000003828107920
6000000003828110347
6000000003828110375
6000000003828110382
6000000003828110403
6000000003828110410
6000000003828110496
6000000003828110508
6000000003828110514
6000000003828110552
6000000003828110559
6000000003828110566
6000000003828110573
6000000003828110580
6000000003828110587
6000000003828110594
6000000003828110601
6000000003828110608
6000000003828110615
6000000003828110622
6000000003828110629
6000000003828110636
6000000003828110643
6000000003828110650
6000000003828110657
6000000003828110671
6000000003828110678
6000000003828110713
6000000003828110734
6000000003828116961
6000000003828116989
6000000003828125045
6000000003828125052
6000000003828125094
6000000003828125101
6000000003828125405
6000000003828151866
6000000003828154965
6000000003828160070
6000000003828160655
6000000003828171797
6000000003828175064
6000000003828175071
6000000003828175078
6000000003828179737
6000000003828179954
6000000003828179975
6000000003828180045
6000000003828180806
6000000003828180820
6000000003828182109
6000000003828182166
6000000003828182215
6000000003828182222
6000000003828182229
6000000003828190498
6000000003828193056
6000000003828193736
6000000003828196060
6000000003828196067
6000000003828196081
6000000003828196191
6000000003828196212
6000000003828196377
6000000003828196449
6000000003828196455
6000000003828196897
6000000003828228080
6000000003828228087
6000000003828228115
6000000003828228121
6000000003828228848
6000000003828228955
6000000003828228980
6000000003828228987
6000000003828232049
6000000003828232369
6000000003828232460
6000000003828232499
6000000003828232513
6000000003828232527
6000000003828232546
6000000003828232567
6000000003828232579
6000000003828232585
6000000003828232591
6000000003828232625
6000000003828232709
6000000003828236032
6000000003828236039
6000000003828236116
6000000003828236151
6000000003828236165
6000000003828236172
6000000003828236179
6000000003828236186
6000000003828236193
6000000003828236228
6000000003828236235
6000000003828236249
6000000003828236275
6000000003828236282
6000000003828236289
6000000003828236303
6000000003828236324
6000000003828236331
6000000003828236338
6000000003828236345
6000000003828236352
6000000003828236359
6000000003828236365
6000000003828236371
6000000003828236377
6000000003828236390
6000000003828236397
6000000003828236403
6000000003828236409
6000000003828236487
6000000003828236563
6000000003828236570
6000000003828236577
6000000003828236597
6000000003828236603
6000000003828236609
6000000003828236615
6000000003828236621
6000000003828236627
6000000003828236633
6000000003828236759
6000000003828239537
6000000003828239543
6000000003828239549
6000000003828239555
6000000003828239561
6000000003828239573
6000000003828239591
6000000003828239603
6000000003828239621
6000000003828239628
6000000003828239634
6000000003828239646
6000000003828239652
6000000003828239658
6000000003828239664
6000000003828239670
6000000003828239676
6000000003828239776
6000000003828239790
6000000003828239859
6000000003828239887
6000000003828239894
6000000003828239907
6000000003828239913
6000000003828239947
6000000003828239959
6000000003828245077
6000000003828245091
6000000003828245105
6000000003828245112
6000000003828245119
6000000003828245125
6000000003828245158
6000000003828245165
6000000003828245243
6000000003828245256
6000000003828245276
6000000003828245330
6000000003828245342
6000000003828245366
6000000003828245372
6000000003828245378
6000000003828245384
6000000003828245390
6000000003828245396
6000000003828245402
6000000003828245408
6000000003828245414
6000000003828245444
6000000003828245468
6000000003828245505
6000000003828245511
6000000003828245535
6000000003828245652
6000000003828245708
6000000003828245715
6000000003828245741
6000000003828245848
6000000003828245862
6000000003828245957
6000000003828245964
6000000003828245983
6000000003828248011
6000000003828248018
6000000003828248039
6000000003828248046
6000000003828248053
6000000003828248100
6000000003828248155
6000000003828248204
6000000003828248211
6000000003828248253
6000000003828248260
6000000003828248274
6000000003828248315
6000000003828248322
6000000003828248329
6000000003828248336
6000000003828248517
6000000003828248523
6000000003828248537
6000000003828248557
6000000003828248774
6000000003828248781
6000000003828248800
6000000003828248806
6000000003828248813
6000000003828248820
6000000003828248827
6000000003828248879
6000000003828248886
6000000003828248907
6000000003828250105
6000000003828250111
6000000003828250123
6000000003828250165
6000000003828250171
6000000003828250196
6000000003828250277
6000000003828250320
6000000003828250367
6000000003828250725
6000000003828250781
6000000003828250787
6000000003828250794
6000000003828250801
6000000003828250808
6000000003828250899
6000000003828250921
6000000003828250964
6000000003828250971
6000000003828250985
6000000003828254153
6000000003828254160
6000000003828254238
6000000003828254245
6000000003828254266
6000000003828254370
6000000003828254391
6000000003828254405
6000000003828254412
6000000003828254419
6000000003828254426
6000000003828254510
6000000003828254582
6000000003828254600
6000000003828254964
6000000003828254992
6000000003828254999
6000000003828256006
6000000003828256042
6000000003828256230
6000000003828256244
6000000003828256298
6000000003828256432
6000000003828256439
6000000003828256446
6000000003828256474
6000000003828256509
6000000003828256522
6000000003828256528
6000000003828256559
6000000003828256573
6000000003828256606
6000000003828256618
6000000003828256849
6000000003828256856
6000000003828256863
6000000003828256870
6000000003828256905
6000000003828256963
6000000003828256969
6000000003828256982
6000000003828256988
6000000003828256994
6000000003828261006
6000000003828261018
6000000003828261173
6000000003828261193
6000000003828261230
6000000003828261285
6000000003828261317
6000000003828261323
6000000003828261329
6000000003828261350
6000000003828261378
6000000003828261384
6000000003828261390
6000000003828261503
6000000003828265122
6000000003828265157
6000000003828265164
6000000003828265171
6000000003828265185
6000000003828265220
6000000003828265262
6000000003828265269
6000000003828265276
6000000003828265290
6000000003828265451
6000000003828265459
6000000003828268051
6000000003828268058
6000000003828268087
6000000003828268858
6000000003828268865
6000000003828268889
6000000003828268896
6000000003828268903
6000000003828268910
6000000003828268924
6000000003828268931
6000000003828268958
6000000003828274620
6000000003828283391
6000000003828283398
6000000003828283404
6000000003828283410
6000000003828287409
6000000003828287860
6000000003828302048
6000000003828302139
6000000003828302266
6000000003828302273
6000000003828313246
6000000003828313253
6000000003828326102
6000000003828326137
6000000003828326158
6000000003828326860
6000000003828330077
6000000003828330098
6000000003828330105
6000000003828330112
6000000003828330119
6000000003828330217
6000000003828330238
6000000003828330260
6000000003828330267
6000000003828330521
6000000003828330528
6000000003828330612
6000000003828330619
6000000003828330751
6000000003828330870
6000000003828330898
6000000003828332144
6000000003828332158
6000000003828332165
6000000003828332172
6000000003828332179
6000000003828332186
6000000003828332788
6000000003828332795
6000000003828335017
6000000003828335024
6000000003828335031
6000000003828335038
6000000003828335045
6000000003828335052
6000000003828335059
6000000003828335066
6000000003828335073
6000000003828335080
6000000003828335087
6000000003828335094
6000000003828335101
6000000003828335108
6000000003828335143
6000000003828335150
6000000003828335157
6000000003828335164
6000000003828335171
6000000003828335332
6000000003828335408
6000000003828335804
6000000003828335811
6000000003828335825
6000000003828335832
6000000003828335922
6000000003828338301
6000000003828338308
6000000003828338406
6000000003828338455
6000000003828345285
6000000003828345473
6000000003828345550
6000000003828345564
6000000003828345620
6000000003828345655
6000000003828345662
6000000003828345669
6000000003828345725
6000000003828345837
6000000003828353054
6000000003828353061
6000000003828353075
6000000003828353089
6000000003828353299
6000000003828353306
6000000003828353706
6000000003828353741
6000000003828353797
6000000003828353804
6000000003828353895
6000000003828353916
6000000003828353972
6000000003828356203
6000000003828356251
6000000003828356293
6000000003828356812
6000000003828356826
6000000003828356833
6000000003828356861
6000000003828361085
6000000003828361158
6000000003828361192
6000000003828361213
6000000003828361227
6000000003828361241
6000000003828361262
6000000003828361302
6000000003828361363
6000000003828361450
6000000003828361520
6000000003828361643
6000000003828361657
6000000003828361722
6000000003828361760
6000000003828361794
6000000003828361909
6000000003828362000
6000000003828367006
6000000003828367019
6000000003828367025
6000000003828367031
6000000003828367253
6000000003828367291
6000000003828367415
6000000003828367421
6000000003828367427
6000000003828367615
6000000003828367705
6000000003828367934
6000000003828367941
6000000003828371011
6000000003828371060
6000000003828371067
6000000003828371074
6000000003828371081
6000000003828371088
6000000003828371095
6000000003828371479
6000000003828371506
6000000003828371646
6000000003828371681
6000000003828371765
6000000003828371772
6000000003828371779
6000000003828405862
6000000003828413104
6000000003828425236
6000000003828425242
6000000003828425249
6000000003828425255
6000000003828425261
6000000003828425286
6000000003828425292
6000000003828425298
6000000003828425304
6000000003828425338
6000000003828425366
6000000003828425373
6000000003828425380
6000000003828425401
6000000003828425408
6000000003828425560
6000000003828427229
6000000003828427253
6000000003828427259
6000000003828427265
6000000003828427313
6000000003828427325
6000000003828427331
6000000003828671281
6000000003830468150
6000000003830830911
6000000003832564049
6000000003839516688
6000000003841524471
6000000003841691917
6000000003842085382
6000000003845115411
6000000003845322877
6000000003845430999
6000000003845478484
6000000003845495674
6000000003845631204
6000000003845707346
6000000003846023168
6000000003849459086
6000000003852076897
6000000003852586563
6000000003852698447
6000000003852730222
6000000003852864012
6000000003853078164
6000000003854179796
6000000003854191986
6000000003854233791
6000000003854400441
6000000003855900492
6000000003858466381
6000000003858466398
6000000003858470155
6000000003858478159
6000000003858478275
6000000003858478325
6000000003858489341
6000000003858496276
6000000003858502318
6000000003858502569
6000000003858502952
6000000003858505123
6000000003858517044
6000000003858517764
6000000003858523994
6000000003858531246
6000000003858535432
6000000003858543513
6000000003858543668
6000000003858543945
6000000003858547082
6000000003858547342
6000000003858547390
6000000003858547566
6000000003858547783
6000000003858551414
6000000003858551777
6000000003858554079
6000000003858554392
6000000003858554399
6000000003858554421
6000000003858554522
6000000003858554878
6000000003858556036
6000000003858556443
6000000003858556451
6000000003858556727
6000000003858563213
6000000003858563316
6000000003858563330
6000000003858572515
6000000003858572574
6000000003858572581
6000000003858572796
6000000003858572826
6000000003858579100
6000000003858579403
6000000003858585185
6000000003858585244
6000000003858585368
6000000003858585633
6000000003858589110
6000000003858589577
6000000003858589760
6000000003858595154
6000000003858595872
6000000003858600747
6000000003858604635
6000000003858604746
6000000003858604945
6000000003858613413
6000000003858613536
6000000003858613778
6000000003858624058
6000000003858624388
6000000003858624547
6000000003858624626
6000000003858632042
6000000003858632285
6000000003858632309
6000000003858632613
6000000003858632849
6000000003858640457
6000000003858640771
6000000003858645218
6000000003858645967
6000000003858656396
6000000003858661299
6000000003858661896
6000000003858668623
6000000003858668854
6000000003858676512
6000000003858676995
6000000003858683664
6000000003858683694
6000000003858686083
6000000003858686203
6000000003858686681
6000000003858686813
6000000003858690189
6000000003858690318
6000000003858690611
6000000003858695434
6000000003858695567
6000000003858704239
6000000003858704278
6000000003858704536
6000000003858704817
6000000003858708077
6000000003858708460
6000000003858708471
6000000003858710348
6000000003858710507
6000000003858710522
6000000003858710537
6000000003858710834
6000000003858710950
6000000003858716735
6000000003858716758
6000000003858716884
6000000003858720321
6000000003858720692
6000000003858725085
6000000003858725514
6000000003858725545
6000000003858725783
6000000003858725894
6000000003858731034
6000000003858731129
6000000003858731296
6000000003858737894
6000000003858739820
6000000003858746204
6000000003858746515
6000000003858746697
6000000003858749064
6000000003858749453
6000000003858749499
6000000003858749700
6000000003858749925
6000000003858754204
6000000003858754426
6000000003858754462
6000000003858754511
6000000003858759837
6000000003858759851
6000000003858762171
6000000003858762477
6000000003858762807
6000000003858762929
6000000003858766059
6000000003858766261
6000000003858766329
6000000003858771217
6000000003858771852
6000000003858771895
6000000003858771969
6000000003858776006
6000000003858776209
6000000003858776299
6000000003858776372
6000000003858776479
6000000003858776605
6000000003858776676
6000000003858776691
6000000003858776789
6000000003858776885
6000000003858782247
6000000003858782720
6000000003858786422
6000000003858786515
6000000003858786682
6000000003858786767
6000000003858786798
6000000003858786875
6000000003858793340
6000000003858793416
6000000003858793462
6000000003858799958
6000000003858805100
6000000003858805710
6000000003858812164
6000000003858812485
6000000003858812492
6000000003858815325
6000000003858815508
6000000003858815694
6000000003858815785
6000000003858815852
6000000003858820021
6000000003858820069
6000000003858820465
6000000003858820967
6000000003858827436
6000000003858827587
6000000003858827622
6000000003858827707
6000000003858831053
6000000003858831100
6000000003858831198
6000000003858831865
6000000003860275360
6000000003863519481
6000000003863566556
6000000003863566563
6000000003865794618
6000000003866006703
6000000003866025425
6000000003868967539
6000000003869084065
6000000003869084076
6000000003869622559
6000000003872883521
6000000003875568079
6000000003875720930
6000000003876051113
6000000003879438150
6000000003881721241
6000000003882102014
6000000003882336713
6000000003882336720
6000000003885013585
6000000003885415237
6000000003886660290
6000000003887607263
6000000003887607517
6000000003887624556
6000000003887642521
6000000003887649679
6000000003887663327
6000000003887680380
6000000003887729856
6000000003887729958
6000000003887903628
6000000003888034150
6000000003888253971
6000000003888685572
6000000003889008011
6000000003889047420
6000000003889323729
6000000003890906681
6000000003891728922
6000000003891739213
6000000003891753089
6000000003894073859
6000000003894077739
6000000003896625013
6000000003897353823
6000000003897406459
6000000003897410576
6000000003897410650
6000000003897410657
6000000003897410684
6000000003897410732
6000000003897416082
6000000003897416396
6000000003897426330
6000000003897426336
6000000003897426429
6000000003897426456
6000000003897426529
6000000003897431973
6000000003897490688
6000000003897513842
6000000003897513902
6000000003897513914
6000000003897513958
6000000003897513994
6000000003897519131
6000000003897519323
6000000003897519387
6000000003897519486
6000000003897519492
6000000003897519716
6000000003897519722
6000000003897519728
6000000003897519777
6000000003897519783
6000000003897519978
6000000003897526002
6000000003897526195
6000000003897526333
6000000003897526339
6000000003897526345
6000000003897526357
6000000003897526501
6000000003897526512
6000000003897526519
6000000003897526525
6000000003897526549
6000000003897526556
6000000003897526620
6000000003897526627
6000000003897531035
6000000003897531120
6000000003897531138
6000000003897531264
6000000003897531276
6000000003897531283
6000000003897531289
6000000003897531325
6000000003897531331
6000000003897531418
6000000003897531429
6000000003897531434
6000000003897531441
6000000003897531458
6000000003897531464
6000000003897531587
6000000003897531808
6000000003897531814
6000000003897531916
6000000003897531922
6000000003897534054
6000000003897534060
6000000003897534181
6000000003897534217
6000000003897534240
6000000003897534246
6000000003897534251
6000000003897534257
6000000003897534358
6000000003897534369
6000000003897534416
6000000003897534439
6000000003897534629
6000000003897534660
6000000003897534667
6000000003897534673
6000000003897534751
6000000003897541119
6000000003897541136
6000000003897541142
6000000003897541189
6000000003897541195
6000000003897541234
6000000003897541274
6000000003897541280
6000000003897541297
6000000003897541303
6000000003897541552
6000000003897541577
6000000003897541628
6000000003897541674
6000000003897541752
6000000003897541851
6000000003897549117
6000000003897549170
6000000003897549177
6000000003897549326
6000000003897549600
6000000003897549771
6000000003897549776
6000000003897563245
6000000003897563251
6000000003897569425
6000000003897579596
6000000003897579687
6000000003897579982
6000000003897585979
6000000003897590052
6000000003897590057
6000000003897590336
6000000003897590594
6000000003897632001
6000000003897689154
6000000003898167768
6000000003899216653
6000000003899313470
6000000003899518198
6000000003900292015
6000000003901031667
6000000003902455177
6000000003902457261
6000000003902463181
6000000003904017710
6000000003910137240
6000000003910294059
6000000003914181952
6000000003914240581
6000000003914347093
6000000003914489214
6000000003919008154
6000000003919034108
6000000003924288481
6000000003926000139
6000000003926696659
6000000003926696664
6000000003926704373
6000000003928786208
6000000003934869924
6000000003934965072
6000000003934993090
6000000003935033242
6000000003935120180
6000000003936136250
6000000003937085700
6000000003937129048
6000000003937168812
6000000003937192913
6000000003937192930
6000000003937192949
6000000003937220101
6000000003937334608
6000000003938552615
6000000003939720804
6000000003945084867
6000000003948071217
6000000003948123319
6000000003948146691
6000000003948146698
6000000003948163151
6000000003948371045
6000000003948401571
6000000003949656086
6000000003949704867
6000000003949711151
6000000003949713956
6000000003949713961
6000000003949713966
6000000003949713977
6000000003949713989
6000000003949720010
6000000003949731855
6000000003949731860
6000000003949731865
6000000003949731870
6000000003949731875
6000000003949731885
6000000003949733856
6000000003949742135
6000000003949749568
6000000003949767239
6000000003949783920
6000000003949783934
6000000003949789940
6000000003949789947
6000000003949801025
6000000003949801061
6000000003949801518
6000000003949801752
6000000003949803274
6000000003949823754
6000000003949823868
6000000003949839567
6000000003949839595
6000000003949863649
6000000003949863728
6000000003949871165
6000000003949871172
6000000003949871179
6000000003949879854
6000000003949879932
6000000003949897672
6000000003949902858
6000000003949905955
6000000003949917419
6000000003949957979
6000000003949957986
6000000003949970192
6000000003950815381
6000000003950887415
6000000003954703752
6000000003955069042
6000000003956627834
6000000003956823277
6000000003956828024
6000000003962328571
6000000003962980836
6000000003963789346
6000000003975703774
6000000003977369202
6000000003977421400
6000000003978749772
6000000003979034810
6000000003979445674
6000000003979550274
6000000003979637099
6000000003979848930
6000000003982965831
6000000003982965838
6000000003983065967
6000000003983314953
6000000003983314960
6000000003983345887
6000000003983414674
6000000003983557511
6000000003983559795
6000000003983647397
6000000003983711638
6000000003983755091
6000000003983855600
6000000003985124471
6000000003988189324
6000000003995207267
6000000003998829486
6000000003998829500
6000000004002438959
6000000004002612584
6000000004005980627
6000000004006012229
6000000004006139924
6000000004009856786
6000000004015507665
6000000004018220361
6000000004024942938
6000000004027977404
6000000004028731440
6000000004031814027
6000000004032256496
6000000004033532263
6000000004033608056
6000000004033608061
6000000004036252525
6000000004036463613
6000000004036479514
6000000004037731346
6000000004037792206
6000000004042864982
6000000004043021676
6000000004043022218
6000000004043024484
6000000004043024491
6000000004043081492
6000000004043097252
6000000004045046003
6000000004045532001
6000000004045685126
6000000004045685139
6000000004045821353
6000000004047046450
6000000004050259688
6000000004052699411
6000000004052772407
6000000004052772413
6000000004053280347
6000000004054600299
6000000004054970276
6000000004056595167
6000000004056680231
6000000004056791182
6000000004058800000
6000000004058810675
6000000004058953728
6000000004064112943
6000000004064318896
6000000004064318903
6000000004064398550
6000000004064398557
6000000004064427120
6000000004064445528
6000000004064467894
6000000004064467901
6000000004065608412
6000000004065623188
6000000004066243266
6000000004066243273
6000000004066243871
6000000004066250112
6000000004066293963
6000000004066544553
6000000004066662310
6000000004066782781
6000000004074266647
6000000004074270690
6000000004081783364
6000000004084559147
6000000004085024117
6000000004085591308
6000000004087632980
6000000004089042013
6000000004089049136
6000000004089057865
6000000004089072249
6000000004089072850
6000000004089073043
6000000004089079896
6000000004089086258
6000000004089137964
6000000004089143454
6000000004089149045
6000000004089151161
6000000004089172362
6000000004089172703
6000000004089183711
6000000004089193647
6000000004089197046
6000000004093135189
6000000004093513448
6000000004093845048
6000000004093871270
6000000004094458513
6000000004094462545
6000000004094465924
6000000004094613305
6000000004094879768
6000000004095669337
6000000004096346144
6000000004097115299
6000000004097274731
6000000004097526104
6000000004097766424
6000000004099064858
6000000004099975305
6000000004100058919
6000000004106626509
6000000004110119785
6000000004111549546
6000000004111598767
6000000004112101051
6000000004112468363
6000000004117518263
6000000004117577132
6000000004117632086
6000000004119127129
6000000004119938046
6000000004120020238
6000000004120195518
6000000004121611834
6000000004128051749
6000000004131116716
6000000004131819438
6000000004138841068
6000000004139511299
6000000004139515934
6000000004139583444
6000000004139850065
6000000004139873032
6000000004139888268
6000000004145879873
6000000004147782162
6000000004148901828
6000000004148910976
6000000004148923307
6000000004148927493
6000000004148943482
6000000004148946177
6000000004148946631
6000000004148953168
6000000004148966484
6000000004148977344
6000000004148977548
6000000004148978545
6000000004148982567
6000000004148984190
6000000004148984904
6000000004148987446
6000000004148992304
6000000004148992320
6000000004149021049
6000000004149884236
6000000004154417190
6000000004158154191
6000000004158437159
6000000004160546039
6000000004160546059
6000000004167822768
6000000004173854087
6000000004173966093
6000000004174937484
6000000004178183584
6000000004178657304
6000000004183474846
6000000004187978359
6000000004190005756
6000000004197544895
6000000004201669613
6000000004201898839
6000000004204256007
6000000004205689599
6000000004205801821
6000000004205801828
6000000004205842830
6000000004208148545
6000000004211630381
6000000004213963966
6000000004214055821
6000000004214433404
6000000004214503060
6000000004215869006
6000000004217634501
6000000004217685857
6000000004217715184
6000000004217921163
6000000004223487832
6000000004225216462
6000000004225241931
6000000004225269154
6000000004225276728
6000000004225286685
6000000004225301299
6000000004225342709
6000000004225347260
6000000004225368537
6000000004225418219
6000000004241400060
6000000004241616298
6000000004241616307
6000000004242180091
6000000004242180102
6000000004248640104
6000000004249275131
6000000004249309392
6000000004249464173
6000000004250256579
6000000004250352313
6000000004250425294
6000000004250458441
6000000004250582050
6000000004250678067
6000000004250708386
6000000004250708393
6000000004250793260
6000000004250856033
6000000004250856040
6000000004250858860
6000000004250858867
6000000004250873011
6000000004251327826
6000000004251428481
6000000004256859955
6000000004257154057
6000000004257574335
6000000004259810431
6000000004262219556
6000000004262219786
6000000004262272658
6000000004262283309
6000000004262299912
6000000004262299924
6000000004262323150
6000000004262353841
6000000004267544178
6000000004268040479
6000000004268081131
6000000004268267616
6000000004270489967
6000000004270533776
6000000004270563407
6000000004270579139
6000000004270785555
6000000004270866114
6000000004271557737
6000000004282916954
6000000004283028432
6000000004283167081
6000000004283167088
6000000004283193362
6000000004284828886
6000000004285618635
6000000004285651299
6000000004286199184
6000000004286743764
6000000004286796342
6000000004286796652
6000000004287155704
6000000004287405442
6000000004287490622
6000000004288954624
6000000004294649864
6000000004303398745
6000000004303404649
6000000004303404659
6000000004303586351
6000000004304723931
6000000004305244134
6000000004306450650
6000000004306626215
6000000004306652099
6000000004306661170
6000000004306725569
6000000004306764102
6000000004307457403
6000000004307839150
6000000004313804007
6000000004314288395
6000000004315244900
6000000004316053217
6000000004325427789
6000000004333375349
6000000004334566448
6000000004334669776
6000000004335151518
6000000004335287604
6000000004335337720
6000000004336747003
6000000004343473997
6000000004343575617
6000000004343575642
6000000004343746948
6000000004344528746
6000000004345764774
6000000004348364866
6000000004348487884
6000000004349714832
6000000004360793405
6000000004360867647
6000000004368350816
6000000004368396147
6000000004368884124
6000000004369229252
6000000004370050016
6000000004370074150
6000000004376727612
6000000004378323201
6000000004378330179
6000000004381777719
6000000004381834243
6000000004382180512
6000000004382568354
6000000004382659503
6000000004382680602
6000000004382714125
6000000004382714196
6000000004382738909
6000000004382744674
6000000004382755830
6000000004382755932
6000000004383043944
6000000004383200035
6000000004388424748
6000000004388761892
6000000004388952681
6000000004391463549
6000000004391895406
6000000004392256503
6000000004392402577
6000000004393003251
6000000004395299458
6000000004397805952
6000000004402092813
6000000004402109067
6000000004402201209
6000000004402473166
6000000004404422467
6000000004414721009
6000000004415143007
6000000004447178017
6000000004453207002
6000000004454065002
6000000004469287002
6000000004469724004
6000000004482610009
6000000004482617001
6000000004482753012
6000000004483220003
6000000004483220013
6000000004526270002
6000000004526295010
6000000004526380008
6000000004526385004
6000000004526533002
6000000004526559011
6000000004526603037
6000000004526669032
6000000004530036013
6000000004530042009
6000000004531774732
6000000004532046008
6000000004532257672
6000000004532537004
6000000004532600932
6000000004533031432
6000000004533040365
6000000004533048198
6000000004533048343
6000000004533048351
6000000004533048673
6000000004533048813
6000000004533048828
6000000004533048861
6000000004533048868
6000000004533048875
6000000004533071096
6000000004533071778
6000000004533104639
6000000004533104667
6000000004533104967
6000000004533108168
6000000004533114192
6000000004533118085
6000000004533118932
6000000004533118944
6000000004533138023
6000000004533138077
6000000004533138274
6000000004533138317
6000000004533138341
6000000004533138548
6000000004533138816
6000000004533145283
6000000004533145289
6000000004533145301
6000000004533145322
6000000004533150728
6000000004533150734
6000000004533156312
6000000004533156860
6000000004533156949
6000000004533156970
6000000004533156995
6000000004533159004
6000000004533159335
6000000004533159341
6000000004533159572
6000000004533159593
6000000004533169387
6000000004533169458
6000000004533169464
6000000004533169470
6000000004533169500
6000000004533169538
6000000004533169633
6000000004533173128
6000000004533173415
6000000004533173484
6000000004533173571
6000000004533173610
6000000004533173616
6000000004533173677
6000000004533173689
6000000004533173761
6000000004533173832
6000000004533176050
6000000004533176162
6000000004533176176
6000000004533176191
6000000004533176327
6000000004533176333
6000000004533176387
6000000004533176419
6000000004533176431
6000000004533176457
6000000004533176554
6000000004533176560
6000000004533176578
6000000004533176640
6000000004533176833
6000000004533176983
6000000004533176989
6000000004533182195
6000000004533182213
6000000004533182238
6000000004533182251
6000000004533182257
6000000004533182271
6000000004533182399
6000000004533182456
6000000004533182470
6000000004533182543
6000000004533182670
6000000004533185245
6000000004533185330
6000000004533185374
6000000004533185440
6000000004533185454
6000000004533185468
6000000004533185474
6000000004533185487
6000000004533185508
6000000004533185794
6000000004533185856
6000000004533185937
6000000004533185950
6000000004533185957
6000000004533185964
6000000004533196002
6000000004533196008
6000000004533196015
6000000004533196021
6000000004533196027
6000000004533196039
6000000004533196051
6000000004533196094
6000000004533196100
6000000004533196106
6000000004533196112
6000000004533196167
6000000004533196174
6000000004533196182
6000000004533196189
6000000004533196407
6000000004533196483
6000000004533196497
6000000004533196548
6000000004533196555
6000000004533196565
6000000004533196606
6000000004533196731
6000000004533196820
6000000004533196857
6000000004533196864
6000000004533196877
6000000004533196977
6000000004533200008
6000000004533200033
6000000004533200040
6000000004533200047
6000000004533200066
6000000004533200098
6000000004533200136
6000000004533200150
6000000004533200183
6000000004533200207
6000000004533200243
6000000004533200262
6000000004533200325
6000000004533200331
6000000004533200343
6000000004533200390
6000000004533200416
6000000004533200448
6000000004533200508
6000000004533200514
6000000004533200520
6000000004533200527
6000000004533200723
6000000004533200821
6000000004533200881
6000000004533200929
6000000004533200962
6000000004533205059
6000000004533205079
6000000004533205142
6000000004533205169
6000000004533205209
6000000004533205215
6000000004533205242
6000000004533205254
6000000004533205261
6000000004533205279
6000000004533205285
6000000004533205429
6000000004533205435
6000000004533205448
6000000004533205454
6000000004533205460
6000000004533205467
6000000004533205532
6000000004533205653
6000000004533205716
6000000004533205796
6000000004533205803
6000000004533205907
6000000004533205981
6000000004533205987
6000000004533205994
6000000004533221116
6000000004533221195
6000000004533221202
6000000004533221248
6000000004533221286
6000000004533221340
6000000004533221346
6000000004533221359
6000000004533221384
6000000004533221390
6000000004533221408
6000000004533221605
6000000004533221684
6000000004533221691
6000000004533221736
6000000004533221972
6000000004533221996
6000000004533233075
6000000004533233135
6000000004533233162
6000000004533233169
6000000004533233244
6000000004533233257
6000000004533233320
6000000004533233353
6000000004533233392
6000000004533233412
6000000004533233446
6000000004533233453
6000000004533233742
6000000004533233982
6000000004533239075
6000000004533239082
6000000004533239089
6000000004533239110
6000000004533239291
6000000004533239298
6000000004533242324
6000000004533242441
6000000004533242523
6000000004533242537
6000000004533242737
6000000004533242750
6000000004533242898
6000000004533242918
6000000004533250080
6000000004533250087
6000000004533250419
6000000004533250650
6000000004533250657
6000000004533250712
6000000004533250767
6000000004533250810
6000000004533250817
6000000004533255520
6000000004533255527
6000000004533255541
6000000004533255589
6000000004533255595
6000000004533255885
6000000004533255892
6000000004533255899
6000000004533255906
6000000004533255925
6000000004533255940
6000000004533255954
6000000004533255975
6000000004533266161
6000000004533266302
6000000004533266339
6000000004533266607
6000000004533266631
6000000004533266649
6000000004533274060
6000000004533274488
6000000004533274516
6000000004533274523
6000000004533274562
6000000004533274806
6000000004533274825
6000000004533274832
6000000004533274851
6000000004533274904
6000000004533283075
6000000004533283082
6000000004533283096
6000000004533283290
6000000004533283305
6000000004533283312
6000000004533283471
6000000004533283687
6000000004533283913
6000000004533283926
6000000004533294018
6000000004533294031
6000000004533294159
6000000004533294165
6000000004533294171
6000000004533294198
6000000004533294217
6000000004533294364
6000000004533294377
6000000004533294409
6000000004533294507
6000000004533294537
6000000004533294558
6000000004533294564
6000000004533294663
6000000004533294709
6000000004533305432
6000000004533305594
6000000004533305614
6000000004533305657
6000000004533305664
6000000004533305713
6000000004533305917
6000000004533321345
6000000004533361818
6000000004533361938
6000000004533374875
6000000004533384157
6000000004533384241
6000000004533384265
6000000004533384271
6000000004533384277
6000000004533384283
6000000004533384295
6000000004533384301
6000000004533384319
6000000004533384415
6000000004533384469
6000000004533384487
6000000004533384499
6000000004533384517
6000000004533384572
6000000004533384621
6000000004533384627
6000000004533384743
6000000004533384762
6000000004533384779
6000000004533384785
6000000004533384803
6000000004533384821
6000000004533384827
6000000004533384833
6000000004533384839
6000000004533384845
6000000004533391846
6000000004533401102
6000000004533401500
6000000004533401506
6000000004533414609
6000000004533450985
6000000004533469792
6000000004533469861
6000000004533503066
6000000004533503102
6000000004533503201
6000000004533503214
6000000004533503221
6000000004533503290
6000000004533503311
6000000004533503379
6000000004533503483
6000000004533503541
6000000004533503640
6000000004533503829
6000000004533503890
6000000004533510121
6000000004533510128
6000000004533510141
6000000004533510222
6000000004533510232
6000000004533510247
6000000004533510261
6000000004533510289
6000000004533510295
6000000004533510342
6000000004533510348
6000000004533510369
6000000004533510375
6000000004533510381
6000000004533510388
6000000004533510395
6000000004533510413
6000000004533510440
6000000004533510445
6000000004533510450
6000000004533510455
6000000004533510465
6000000004533510511
6000000004533510517
6000000004533510523
6000000004533510528
6000000004533510644
6000000004533510674
6000000004533510686
6000000004533510751
6000000004533510757
6000000004533510777
6000000004533510784
6000000004533510887
6000000004533510893
6000000004533522186
6000000004533522212
6000000004533522361
6000000004533522373
6000000004533522465
6000000004533522524
6000000004533522578
6000000004533535122
6000000004533535150
6000000004533535401
6000000004533535425
6000000004533535600
6000000004533535763
6000000004533544430
6000000004533544511
6000000004533544517
6000000004533589977
6000000004533589984
6000000004533604580
6000000004533604619
6000000004533604973
6000000004533613035
6000000004533613060
6000000004533613148
6000000004533613519
6000000004533613642
6000000004533613698
6000000004533620269
6000000004533625152
6000000004533625159
6000000004533625542
6000000004533625918
6000000004533625940
6000000004533625954
6000000004533625967
6000000004533630082
6000000004533630560
6000000004533630730
6000000004533630883
6000000004533630910
6000000004533630991
6000000004533635177
6000000004533635453
6000000004533635970
6000000004533643315
6000000004533643468
6000000004533643738
6000000004533643996
6000000004533651003
6000000004533651163
6000000004533651416
6000000004533664122
6000000004533664148
6000000004533664166
6000000004533664172
6000000004533664301
6000000004533664314
6000000004533664320
6000000004533664326
6000000004533664376
6000000004533664395
6000000004533664521
6000000004533664635
6000000004533664681
6000000004533664733
6000000004533664800
6000000004533664872
6000000004533664956
6000000004533672046
6000000004533672090
6000000004533672231
6000000004533672567
6000000004533679295
6000000004533690420
6000000004533690441
6000000004533690448
6000000004533690523
6000000004533690529
6000000004533699347
6000000004533699409
6000000004533699565
6000000004533699739
6000000004533699752
6000000004533699758
6000000004533709130
6000000004533709443
6000000004533709565
6000000004533709571
6000000004533709577
6000000004533709583
6000000004533709603
6000000004533725018
6000000004533725024
6000000004533725115
6000000004533725383
6000000004533725537
6000000004533725607
6000000004533725621
6000000004533735090
6000000004533735641
6000000004533735647
6000000004533735654
6000000004533735729
6000000004533735736
6000000004533735753
6000000004533752211
6000000004533752216
6000000004533762548
6000000004533762608
6000000004533762620
6000000004533762626
6000000004533762662
6000000004533765543
6000000004533765549
6000000004533765556
6000000004533765610
6000000004533765962
6000000004533765970
6000000004533774006
6000000004533774058
6000000004533774070
6000000004533774104
6000000004533774124
6000000004533774130
6000000004533774136
6000000004533774225
6000000004533774243
6000000004533774264
6000000004533774279
6000000004533774293
6000000004533774486
6000000004533774500
6000000004533774506
6000000004533774514
6000000004533774520
6000000004533774538
6000000004533774544
6000000004533774561
6000000004533774567
6000000004533774599
6000000004533774826
6000000004533812563
6000000004533866098
6000000004533866104
6000000004533866111
6000000004533872571
6000000004533872598
6000000004533872604
6000000004533872731
6000000004533872782
6000000004533872788
6000000004533872794
6000000004533872801
6000000004533883410
6000000004533918063
6000000004533918632
6000000004533918807
6000000004533918815
6000000004533918945
6000000004533926117
6000000004533926380
6000000004533941060
6000000004533941074
6000000004533944690
6000000004533944932
6000000004533948143
6000000004534275582
6000000004536770395
6000000004536881166
6000000004541020865
6000000004541268016
6000000004543138179
6000000004543860129
6000000004545074829
6000000004545929704
6000000004546311781
6000000004546438922
6000000004548680406
6000000004548680413
6000000004548680419
6000000004548717765
6000000004549020407
6000000004550162508
6000000004550185678
6000000004550600550
6000000004550771287
6000000004553992078
6000000004554776665
6000000004555002292
6000000004555078076
6000000004555466226
6000000004555549095
6000000004556835744
6000000004559785731
6000000004559865516
6000000004559929425
6000000004560035264
6000000004565526990
6000000004568272315
6000000004568744436
6000000004569139731
6000000004569305459
6000000004569322449
6000000004569345471
6000000004569609494
6000000004569616464
6000000004570543627
6000000004570543634
6000000004570606628
6000000004570618214
6000000004570704255
6000000004570846702
6000000004570846709
6000000004570936489
6000000004570936496
6000000004571011376
6000000004571348945
6000000004574507384
6000000004576011650
6000000004576195508
6000000004576407532
6000000004577556686
6000000004581478776
6000000004586546893
6000000004586557447
6000000004586565238
6000000004586565260
6000000004586565434
6000000004586612594
6000000004589706086
6000000004589706569
6000000004589816855
6000000004589861169
6000000004589930012
6000000004611995009
6000000004612226018
6000000004612315016
6000000004638041474
6000000004638125065
6000000004639828815
6000000004641103843
6000000004641234135
6000000004645401302
6000000004645896271
6000000004645999036
6000000004647506342
6000000004647506531
6000000004647526626
6000000004647567212
6000000004647605698
6000000004647676194
6000000004647678493
6000000004648037609
6000000004648044280
6000000004648710071
6000000004648710083
6000000004648710324
6000000004656739050
6000000004656739426
6000000004656739464
6000000004656739499
6000000004656754798
6000000004660213991
6000000004660526012
6000000004660526351
6000000004660592409
6000000004660592415
6000000004660592737
6000000004660646432
6000000004660751427
6000000004661569157
6000000004665290738
6000000004665688687
6000000004666525158
6000000004667959368
6000000004668151640
6000000004668270505
6000000004668430381
6000000004668577328
6000000004668905786
6000000004669475173
6000000004671044584
6000000004671382160
6000000004671542785
6000000004671739162
6000000004672953014
6000000004673207320
6000000004673697650
6000000004674021249
6000000004677617677
6000000004680457860
6000000004680595668
6000000004680787142
6000000004685602529
6000000004688087718
6000000004688260290
6000000004688314308
6000000004688440011
6000000004689568515
6000000004690032329
6000000004690106122
6000000004690122931
6000000004690159249
6000000004690324544
6000000004691008193
6000000004691053165
6000000004697849241
6000000004714538009
6000000004714811001
6000000004719175019
6000000004725172002
6000000004774370007
6000000004774518008
6000000004825180456
6000000004827150892
6000000004827157736
6000000004827276873
6000000004828308499
6000000004828956170
6000000004831596402
6000000004831596409
6000000004831597880
6000000004831613586
6000000004838081617
6000000004838388133
6000000004839268609
6000000004839304936
6000000004839405750
6000000004839749189
6000000004840106862
6000000004840180800
6000000004840267313
6000000004840316935
6000000004840460281
6000000004840750234
6000000004840794314
6000000004840809205
6000000004840999361
6000000004841067384
6000000004845266745
6000000004845497380
6000000004846930902
6000000004846930928
6000000004847863887
6000000004847923376
6000000004848913637
6000000004850667392
6000000004851138430
6000000004851337517
6000000004851516071
6000000004851521249
6000000004852812605
6000000004859589412
6000000004860581116
6000000004860760142
6000000004861553343
6000000004861652206
6000000004861652212
6000000004861652218
6000000004863275809
6000000004863453409
6000000004863611375
6000000004863726673
6000000004863761158
6000000004863823276
6000000004868779866
6000000004868779873
6000000004868779887
6000000004868779898
6000000004868779922
6000000004868779986
6000000004868786362
6000000004868786477
6000000004868786573
6000000004868786867
6000000004868786926
6000000004868794058
6000000004868794121
6000000004868794127
6000000004868794162
6000000004868805911
6000000004868817468
6000000004868817486
6000000004868817501
6000000004868820301
6000000004868820497
6000000004868820796
6000000004868820803
6000000004868820824
6000000004868820831
6000000004868820987
6000000004868825144
6000000004868825160
6000000004868825198
6000000004868825212
6000000004868825219
6000000004868825307
6000000004868825363
6000000004868825370
6000000004868825377
6000000004868825686
6000000004868825693
6000000004868825755
6000000004868825762
6000000004868825768
6000000004868825775
6000000004868825781
6000000004868825790
6000000004868829561
6000000004868829581
6000000004868829920
6000000004868829929
6000000004868837135
6000000004868837146
6000000004868837171
6000000004868837771
6000000004868846022
6000000004868846074
6000000004868846082
6000000004868846200
6000000004868846208
6000000004868846215
6000000004868846222
6000000004868846229
6000000004868846237
6000000004868846255
6000000004868846277
6000000004868846355
6000000004868846363
6000000004868846371
6000000004868846919
6000000004868846934
6000000004868846978
6000000004868846994
6000000004868851005
6000000004868851014
6000000004868851070
6000000004868851077
6000000004868851116
6000000004868851124
6000000004868851133
6000000004868851147
6000000004868851156
6000000004868851163
6000000004868851170
6000000004868851195
6000000004868851557
6000000004868851583
6000000004868851590
6000000004868851632
6000000004868851639
6000000004868851834
6000000004868851987
6000000004868858001
6000000004868858008
6000000004868858091
6000000004868858516
6000000004868858524
6000000004868858538
6000000004868858547
6000000004868858554
6000000004868858564
6000000004868858571
6000000004868858580
6000000004868858843
6000000004868858850
6000000004868858857
6000000004868858892
6000000004868858899
6000000004868858906
6000000004868858991
6000000004868865009
6000000004868865030
6000000004868865051
6000000004868865065
6000000004868865079
6000000004868865086
6000000004868865543
6000000004868865551
6000000004868865580
6000000004868879425
6000000004868879436
6000000004868879716
6000000004868879805
6000000004868879819
6000000004868879826
6000000004868879855
6000000004868902258
6000000004868902270
6000000004868902279
6000000004868902305
6000000004868902314
6000000004868902779
6000000004868902788
6000000004868910207
6000000004868910232
6000000004868910240
6000000004868910303
6000000004868910312
6000000004868910448
6000000004868910485
6000000004868910494
6000000004868910536
6000000004868910553
6000000004868910577
6000000004868910661
6000000004868910669
6000000004868910678
6000000004868910690
6000000004868910697
6000000004868910704
6000000004868910756
6000000004868910772
6000000004868910786
6000000004868910793
6000000004868910800
6000000004868910860
6000000004868910867
6000000004868910874
6000000004868910884
6000000004868910891
6000000004868910975
6000000004868910982
6000000004868910989
6000000004868910996
6000000004868918231
6000000004868918238
6000000004868918336
6000000004868918344
6000000004868918415
6000000004868918457
6000000004868918499
6000000004868918513
6000000004868918521
6000000004868918528
6000000004868918822
6000000004868942248
6000000004868942255
6000000004868942291
6000000004868942369
6000000004868942724
6000000004868942732
6000000004868946041
6000000004868946048
6000000004868946083
6000000004868946110
6000000004868946117
6000000004868946349
6000000004868946389
6000000004868946396
6000000004868946956
6000000004868946970
6000000004868958110
6000000004868970668
6000000004868982232
6000000004868982278
6000000004868982667
6000000004868982682
6000000004868982689
6000000004868982696
6000000004868982704
6000000004868982792
6000000004868989063
6000000004868989150
6000000004868989164
6000000004868989180
6000000004868989340
6000000004868989347
6000000004868989354
6000000004868989574
6000000004868989609
6000000004868989617
6000000004868995358
6000000004868995393
6000000004868995400
6000000004868995922
6000000004869003557
6000000004869003765
6000000004869003877
6000000004869003884
6000000004869003892
6000000004869003907
6000000004869003921
6000000004869003929
6000000004869003981
6000000004869014203
6000000004869014210
6000000004869014683
6000000004869014690
6000000004869014830
6000000004869014858
6000000004869014886
6000000004869014928
6000000004869014985
6000000004869017013
6000000004869021724
6000000004869037306
6000000004869037313
6000000004869037447
6000000004869045098
6000000004869045119
6000000004869045168
6000000004869045800
6000000004869045809
6000000004869049152
6000000004869049159
6000000004869049166
6000000004869049173
6000000004869049181
6000000004869049188
6000000004869049195
6000000004869049322
6000000004869049343
6000000004869049514
6000000004869049528
6000000004869049569
6000000004869049636
6000000004869049708
6000000004869051438
6000000004869064462
6000000004869064943
6000000004869064950
6000000004869064957
6000000004869064964
6000000004869073667
6000000004869073952
6000000004869084151
6000000004869084360
6000000004869084375
6000000004869093009
6000000004869093016
6000000004869097978
6000000004869097985
6000000004869127873
6000000004869146851
6000000004869150099
6000000004869150127
6000000004869150134
6000000004869150169
6000000004869150176
6000000004869156816
6000000004869157543
6000000004869157553
6000000004869164328
6000000004869164349
6000000004869164356
6000000004869186521
6000000004869186586
6000000004869186593
6000000004869186684
6000000004869186698
6000000004869186756
6000000004869186766
6000000004869186773
6000000004869186780
6000000004869186808
6000000004869186815
6000000004869193413
6000000004869193434
6000000004869193637
6000000004869193644
6000000004869200369
6000000004869200384
6000000004869200391
6000000004869204763
6000000004869208933
6000000004869208941
6000000004869212824
6000000004869217795
6000000004869217803
6000000004869217852
6000000004869225115
6000000004869225171
6000000004869250543
6000000004869285956
6000000004869324617
6000000004869325932
6000000004869335001
6000000004869339521
6000000004869352146
6000000004869400153
6000000004869423111
6000000004869573266
6000000004869671294
6000000004870612250
6000000004870648136
6000000004870702053
6000000004871404533
6000000004879647587
6000000004879718731
6000000004880378306
6000000004880524817
6000000004880541686
6000000004880681528
6000000004881184538
6000000004881389154
6000000004881413186
6000000004884976677
6000000004892814016
6000000004892997003
6000000004893131001
6000000004893203021
6000000004893343003
6000000004893453022
6000000004893548056
6000000004903076002
6000000004916081011
6000000004954810929
6000000004954958423
6000000004955020772
6000000004957679597
6000000004957690942
6000000004958210817
6000000004960013154
6000000004960475869
6000000004960480553
6000000004960686370
6000000004965041297
6000000004966835929
6000000004966904901
6000000004967011431
6000000004967049001
6000000004967065697
6000000004967118327
6000000004969608873
6000000004969848939
6000000004972842857
6000000004973008243
6000000004973861668
6000000004974088942
6000000004974276593
6000000004974327334
6000000004974372122
6000000004974399295
6000000004974648050
6000000004978756606
6000000004979194473
6000000004979596772
6000000004979664757
6000000004979777552
6000000004985721617
6000000004988344492
6000000004988635174
6000000004988735770
6000000004990387956
6000000004990919055
6000000004992353450
6000000004992848601
6000000004995290692
6000000004995458367
6000000004995593956
6000000004995683567
6000000004995687609
6000000004996208829
6000000004996208836
6000000004996244962
6000000004996304370
6000000004996569451
6000000004996651154
6000000004997211434
6000000004998906633
6000000004998941157
6000000004999097855
6000000004999097862
6000000004999133332
6000000004999212309
6000000004999500001
6000000005002217707
6000000005003286874
6000000005003347827
6000000005003359621
6000000005003438735
6000000005004371232
6000000005004701677
6000000005005449637
6000000005006049388
6000000005006227919
6000000005006374142
6000000005008686666
6000000005009389500
6000000005011864691
6000000005011910929
6000000005012044691
6000000005012114705
6000000005012134163
6000000005012159143
6000000005012163120
6000000005012596287
6000000005013089190
6000000005013520418
6000000005013520425
6000000005014851083
6000000005015845266
6000000005016080809
6000000005016114573
6000000005016122161
6000000005016520331
6000000005016625410
6000000005016727590
6000000005017983373
6000000005018067052
6000000005018842387
6000000005018904531
6000000005019344067
6000000005020683684
6000000005020980756
6000000005021069786
6000000005021134497
6000000005021220206
6000000005021467278
6000000005021544103
6000000005021568071
6000000005021583021
6000000005022222725
6000000005026341820
6000000005026363763
6000000005026403746
6000000005026425623
6000000005026655281
6000000005026655492
6000000005026656089
6000000005026671974
6000000005026681422
6000000005029367221
6000000005033832835
6000000005035166996
6000000005035373321
6000000005035436700
6000000005035483019
6000000005035606028
6000000005037358032
6000000005037530650
6000000005037689063
6000000005038481512
6000000005039077080
6000000005039088371
6000000005041598810
6000000005042069515
6000000005045650865
6000000005045856581
6000000005046076290
6000000005049052482
6000000005049061681
6000000005049061707
6000000005049061712
6000000005049061722
6000000005049169266
6000000005049570690
6000000005049709800
6000000005049766696
6000000005049966397
6000000005049997287
6000000005051659288
6000000005059424801
6000000005059632369
6000000005060692479
6000000005060707656
6000000005060755108
6000000005061178461
6000000005061221418
6000000005061287529
6000000005062536963
6000000005062613809
6000000005062692717
6000000005062771569
6000000005062778475
6000000005062778543
6000000005062802240
6000000005062831274
6000000005062883672
6000000005062891366
6000000005062914835
6000000005062923062
6000000005062955839
6000000005063017811
6000000005063085593
6000000005063101354
6000000005063111290
6000000005063143323
6000000005063210110
6000000005063336811
6000000005063365632
6000000005063390560
6000000005063390568
6000000005063398598
6000000005063399526
6000000005063401027
6000000005063433409
6000000005063454269
6000000005063457178
6000000005063482478
6000000005063530352
6000000005063532382
6000000005063553083
6000000005063557395
6000000005063560005
6000000005064208780
6000000005064221790
6000000005064356725
6000000005064463845
6000000005065410349
6000000005065424238
6000000005065443285
6000000005065443858
6000000005065453564
6000000005065505395
6000000005065579103
6000000005065611087
6000000005065623276
6000000005065663086
6000000005065709703
6000000005065914146
6000000005066084145
6000000005066116839
6000000005066388425
6000000005066393165
6000000005066512806
6000000005066777873
6000000005066881556
6000000005067000389
6000000005067009859
6000000005067056723
6000000005067173058
6000000005067386202
6000000005067396783
6000000005067976578
6000000005068539735
6000000005068988861
6000000005069056508
6000000005069172086
6000000005069178186
6000000005071432736
6000000005071579046
6000000005071810336
6000000005072749060
6000000005073101033
6000000005075343353
6000000005076474146
6000000005076474301
6000000005076700501
6000000005076736265
6000000005076736656
6000000005076742255
6000000005076756201
6000000005076892702
6000000005076892712
6000000005076905322
6000000005076930664
6000000005077083039
6000000005077208721
6000000005077208742
6000000005080817262
6000000005081323057
6000000005081497052
6000000005081515096
6000000005086161863
6000000005086186583
6000000005086306048
6000000005087460017
6000000005101417015
6000000005102427541
6000000005103054785
6000000005103094403
6000000005106428523
6000000005106504115
6000000005106597003
6000000005106782088
6000000005154005003
6000000005219511158
6000000005219978683
6000000005222293166
6000000005222293173
6000000005222341077
6000000005222341084
6000000005222341104
6000000005222364034
6000000005222364041
6000000005222808447
6000000005223350855
6000000005223609276
6000000005229586837
6000000005229750431
6000000005230037321
6000000005230099220
6000000005230268577
6000000005230642398
6000000005230893308
6000000005232105587
6000000005232128734
6000000005232129757
6000000005232195993
6000000005232224422
6000000005241028746
6000000005241646924
6000000005241706738
6000000005248835643
6000000005250288671
6000000005250752283
6000000005250849566
6000000005250923900
6000000005250944982
6000000005250994199
6000000005251103756
6000000005251124863
6000000005251159017
6000000005251163565
6000000005259952001
6000000005264351012
6000000005268561001
6000000005290935001
6000000005376664001
6000000005376965003
6000000005377818010
6000000005378044001
6000000005380754889
6000000005381077114
6000000005381475028
6000000005381721643
6000000005381737732
6000000005381918064
6000000005381933071
6000000005381997903
6000000005382096874
6000000005382299298
6000000005382438667
6000000005382999004
6000000005383008240
6000000005391128983
6000000005391380859
6000000005391985684
6000000005392767425
6000000005393550715
6000000005393571042
6000000005394256371
6000000005394467510
6000000005394508003
6000000005394982455
6000000005395259852
6000000005395699562
6000000005398287081
6000000005401527249
6000000005402047663
6000000005403471259
6000000005404438661
6000000005404471344
6000000005406581101
6000000005406630017
6000000005406819728
6000000005406862960
6000000005407291287
6000000005413111373
6000000005413176846
6000000005414189917
6000000005414590318
6000000005414930904
6000000005415158955
6000000005416616842
6000000005417076176
6000000005417327409
6000000005417759097
6000000005419036970
6000000005420097975
6000000005420481509
6000000005424332645
6000000005436371592
6000000005436447819
6000000005436454389
6000000005436458239
6000000005437703254
6000000005440058476
6000000005440204203
6000000005468792580
6000000005474735001
6000000005476790001
6000000005478846023
6000000005506110023
6000000005517038003
6000000005517747001
6000000005560948730
6000000005561108429
6000000005564554089
6000000005566351597
6000000005566669474
6000000005566692200
6000000005573375778
6000000005573375782
6000000005573681454
6000000005573721269
6000000005573729021
6000000005573729895
6000000005573729899
6000000005573763063
6000000005573764992
6000000005573779404
6000000005573779416
6000000005575128307
6000000005576074621
6000000005576148099
6000000005576511080
6000000005576511140
6000000005577158936
6000000005577645124
6000000005578154214
6000000005581573565
6000000005581573571
6000000005585060837
6000000005585650379
6000000005585704284
6000000005586856920
6000000005587011087
6000000005587789441
6000000005587855694
6000000005588538629
6000000005588616059
6000000005588774140
6000000005589782837
6000000005589937849
6000000005591056052
6000000005597656201
6000000005597662049
6000000005597688171
6000000005597706401
6000000005597728020
6000000005597798062
6000000005598113568
6000000005598120039
6000000005598120190
6000000005598120221
6000000005598120631
6000000005598755788
6000000005598755826
6000000005598801866
6000000005598801890
6000000005598803071
6000000005598803437
6000000005598803846
6000000005598803980
6000000005598847685
6000000005598847840
6000000005598851255
6000000005598851327
6000000005598851433
6000000005598851643
6000000005598851872
6000000005598859036
6000000005598867088
6000000005598867316
6000000005598872029
6000000005598872449
6000000005598872880
6000000005598888561
6000000005598897132
6000000005598897143
6000000005598904003
6000000005599009107
6000000005599009339
6000000005599009966
6000000005599009973
6000000005599062963
6000000005599098019
6000000005599098685
6000000005599105351
6000000005599137670
6000000005599165417
6000000005599170346
6000000005599170554
6000000005599170844
6000000005599194481
6000000005599214239
6000000005599214398
6000000005599214415
6000000005599447055
6000000005606855208
6000000005606855392
6000000005606855774
6000000005606855784
6000000005606873645
6000000005606886314
6000000005606886334
6000000005606886342
6000000005606886450
6000000005606886622
6000000005606886639
6000000005606886646
6000000005606886653
6000000005606928456
6000000005606971487
6000000005606971528
6000000005606976376
6000000005606983447
6000000005606986984
6000000005606994640
6000000005607000195
6000000005607000241
6000000005607007945
6000000005607012010
6000000005607081903
6000000005607081976
6000000005607082491
6000000005607082498
6000000005607082512
6000000005607089620
6000000005607092328
6000000005607099245
6000000005607123503
6000000005607123730
6000000005607128624
6000000005607133268
6000000005607150579
6000000005607268509
6000000005607268671
6000000005607282941
6000000005607296161
6000000005607311180
6000000005607335640
6000000005607353362
6000000005607365222
6000000005607365269
6000000005607365383
6000000005607373046
6000000005607373100
6000000005607373338
6000000005607373349
6000000005607377021
6000000005607397446
6000000005607402019
6000000005607402531
6000000005607411041
6000000005607411052
6000000005607432679
6000000005607439733
6000000005607449101
6000000005607506571
6000000005607506659
6000000005607524813
6000000005607524820
6000000005607527499
6000000005607527509
6000000005607549824
6000000005607549845
6000000005607599800
6000000005607599821
6000000005607599851
6000000005607672589
6000000005607679530
6000000005607679539
6000000005607685980
6000000005607694001
6000000005607701373
6000000005607803402
6000000005607854405
6000000005607861733
6000000005607884543
6000000005607909510
6000000005607909602
6000000005607918426
6000000005608873564
6000000005608888306
6000000005608888770
6000000005608888778
6000000005608888785
6000000005608888920
6000000005608892034
6000000005608927581
6000000005608927596
6000000005608927995
6000000005608934604
6000000005608945124
6000000005608945131
6000000005608945139
6000000005608945180
6000000005608945194
6000000005609113076
6000000005609113638
6000000005609113669
6000000005609113911
6000000005609113922
6000000005609202986
6000000005609207268
6000000005609211295
6000000005609211322
6000000005609211417
6000000005609211426
6000000005609211500
6000000005609211510
6000000005609211686
6000000005609226806
6000000005609236960
6000000005609239014
6000000005609239104
6000000005609239515
6000000005609239524
6000000005609239533
6000000005609239542
6000000005609265258
6000000005609265360
6000000005609265378
6000000005609265389
6000000005609265407
6000000005609265416
6000000005609265442
6000000005609265475
6000000005609265493
6000000005609265500
6000000005609278900
6000000005609278965
6000000005609278974
6000000005609278982
6000000005609278991
6000000005609304829
6000000005609304839
6000000005609325928
6000000005609325974
6000000005609333794
6000000005609338220
6000000005609361691
6000000005609364982
6000000005609367164
6000000005609367392
6000000005609367430
6000000005609367443
6000000005609367806
6000000005609384911
6000000005609384919
6000000005609384957
6000000005609384982
6000000005609387002
6000000005609387009
6000000005609387056
6000000005609387915
6000000005609392897
6000000005609392906
6000000005609398117
6000000005609398143
6000000005609398151
6000000005609398159
6000000005609398166
6000000005609398785
6000000005609398914
6000000005609398918
6000000005609398993
6000000005609399000
6000000005609403010
6000000005609403018
6000000005609403027
6000000005609403034
6000000005609403042
6000000005609403325
6000000005609403335
6000000005609406624
6000000005609418377
6000000005609418394
6000000005609418962
6000000005609425842
6000000005609425851
6000000005609425861
6000000005609425998
6000000005609428801
6000000005609443289
6000000005609443742
6000000005609443783
6000000005609443790
6000000005609451948
6000000005609451965
6000000005609451972
6000000005609458561
6000000005609466730
6000000005609484916
6000000005609484928
6000000005609488212
6000000005609488787
6000000005609508324
6000000005609508929
6000000005609508945
6000000005609513979
6000000005609518027
6000000005609518066
6000000005609518075
6000000005609539698
6000000005609543446
6000000005609547535
6000000005609547544
6000000005609547575
6000000005609547635
6000000005609547672
6000000005609547691
6000000005609547730
6000000005609547739
6000000005609557532
6000000005609557623
6000000005609557790
6000000005609557801
6000000005609557822
6000000005609557834
6000000005609557854
6000000005609557863
6000000005609557881
6000000005609557941
6000000005609557950
6000000005609575167
6000000005609575175
6000000005609575184
6000000005609575220
6000000005617102374
6000000005617319205
6000000005617686067
6000000005622785343
6000000005623054046
6000000005651107016
6000000005686286001
6000000005687403005
6000000005687535001
6000000005687577435
6000000005687639365
6000000005689140001
6000000005691165001
6000000005692828001
6000000005693587029
6000000005694538013
6000000005703890001
6000000005704400010
6000000005705768014
6000000005737049161
6000000005738009388
6000000005739079393
6000000005739084218
6000000005739181918
6000000005739230155
6000000005739230804
6000000005741439172
6000000005744912555
6000000005744994348
6000000005744994368
6000000005744994427
6000000005745191778
6000000005746685993
6000000005747717823
6000000005747740533
6000000005757895476
6000000005758041019
6000000005767797351
6000000005767888778
6000000005768265987
6000000005768596735
6000000005768761797
6000000005769167071
6000000005769205096
6000000005770162904
6000000005770730889
6000000005770730942
6000000005770751127
6000000005770751137
6000000005770801520
6000000005770813486
6000000005770856227
6000000005770948239
6000000005775396620
6000000005776094027
6000000005779765984
6000000005779781444
6000000005780275436
6000000005784199697
6000000005784469124
6000000005784536054
6000000005784613052
6000000005788959827
6000000005789112209
6000000005789135437
6000000005789210986
6000000005789329209
6000000005789365172
6000000005789438199
6000000005789540697
6000000005790017172
6000000005790658979
6000000005790986904
6000000005791174546
6000000005791540221
6000000005791677093
6000000005791707018
6000000005791896564
6000000005791900593
6000000005791930741
6000000005791943640
6000000005792904234
6000000005794085315
6000000005794346021
6000000005794732228
6000000005795638082
6000000005795638104
6000000005795647301
6000000005795647343
6000000005795647489
6000000005795647601
6000000005795647645
6000000005796966019
6000000005811088010
6000000005811199001
6000000005811262018
6000000005811306006
6000000005856163014
6000000005861973018
6000000005863198667
6000000005864637017
6000000005869553008
6000000005870356001
6000000005873541019
6000000005874352030
6000000005874387003
6000000005881528561
6000000005895908004
6000000005910134385
6000000005910721929
6000000005911742635
6000000005911895391
6000000005912110182
6000000005913940193
6000000005913941106
6000000005920000922
6000000005920352169
6000000005922890529
6000000005924906190
6000000005928215062
6000000005930105664
6000000005930677988
6000000005931017192
6000000005931058360
6000000005931147613
6000000005931149698
6000000005931159551
6000000005931229140
6000000005931327454
6000000005931450615
6000000005931579157
6000000005931632199
6000000005931666029
6000000005931691377
6000000005931710162
6000000005931815165
6000000005934528029
6000000005934727448
6000000005934887877
6000000005935244050
6000000005935385050
6000000005935845569
6000000005936551695
6000000005936841091
6000000005936863007
6000000005936931116
6000000005936962165
6000000005937127057
6000000005938849037
6000000005939276220
6000000005939716536
6000000005940172199
6000000005944438076
6000000005946097161
6000000005946324308
6000000005946368472
6000000005947826577
6000000005948039197
6000000005953500314
6000000005953623952
6000000005953767042
6000000005953845689
6000000005954084362
6000000005954178221
6000000005954403496
6000000005954948055
6000000005956039079
6000000005957086421
6000000005957559109
6000000005964003205
6000000005965530995
6000000005968133589
6000000005968762401
6000000005969143728
6000000005987293003
6000000005990411008
6000000005997274764
6000000005999822001
6000000006000292008
6000000006002322820
6000000006007855001
6000000006009035001
6000000006011320007
6000000006018017562
6000000006018220006
6000000006018596002
6000000006019021001
6000000006019314001
6000000006019691008
6000000006019981001
6000000006023149013
6000000006023666011
6000000006026602016
6000000006036670007
6000000006077957709
6000000006078785713
6000000006079286768
6000000006079317279
6000000006079317319
6000000006079492556
6000000006079782831
6000000006079790328
6000000006079916148
6000000006080010470
6000000006080019451
6000000006083976219
6000000006090058905
6000000006090182957
6000000006090280647
6000000006090437341
6000000006090480551
6000000006090521585
6000000006092066072
6000000006092090205
6000000006092149172
6000000006092153019
6000000006092166085
6000000006092186241
6000000006092186261
6000000006093087545
6000000006093322184
6000000006094317342
6000000006094373163
6000000006094423024
6000000006095628011
6000000006096044564
6000000006097307200
6000000006098276488
6000000006098280372
6000000006098393265
6000000006098571153
6000000006098613127
6000000006098628252
6000000006098654083
6000000006098688223
6000000006098726108
6000000006098727029
6000000006098953139
6000000006099189519
6000000006099456448
6000000006099706018
6000000006100786044
6000000006100790425
6000000006100839364
6000000006101180186
6000000006101180751
6000000006101180957
6000000006101215751
6000000006101234761
6000000006101246396
6000000006101254730
6000000006101286882
6000000006101312698
6000000006101312714
6000000006101312751
6000000006101312755
6000000006101322556
6000000006101322830
6000000006101340131
6000000006101340139
6000000006101348547
6000000006101354281
6000000006101354384
6000000006101354388
6000000006101354400
6000000006101354412
6000000006101354469
6000000006101354494
6000000006101354564
6000000006101354589
6000000006101354604
6000000006101354608
6000000006101354612
6000000006101354617
6000000006101354623
6000000006101354628
6000000006101354639
6000000006101354653
6000000006101354658
6000000006101354662
6000000006101354667
6000000006101354687
6000000006101354693
6000000006101354712
6000000006101354745
6000000006101354780
6000000006101354786
6000000006101354791
6000000006101354833
6000000006101354838
6000000006101354877
6000000006101354883
6000000006101354887
6000000006101354893
6000000006101354905
6000000006101354910
6000000006101354926
6000000006101354978
6000000006101358003
6000000006101358616
6000000006101378991
6000000006101381220
6000000006101381435
6000000006101381478
6000000006101381611
6000000006101381621
6000000006101381662
6000000006101381708
6000000006101381875
6000000006101381936
6000000006101404573
6000000006101404578
6000000006101404594
6000000006101404598
6000000006101404795
6000000006101404847
6000000006101404871
6000000006101415430
6000000006101415532
6000000006101415543
6000000006101415576
6000000006101423090
6000000006101430311
6000000006101430326
6000000006101430330
6000000006101430335
6000000006101430339
6000000006101430344
6000000006101430348
6000000006101430360
6000000006101430364
6000000006101430368
6000000006101430374
6000000006101430380
6000000006101430384
6000000006101430389
6000000006101430394
6000000006101430399
6000000006101430412
6000000006101430416
6000000006101430421
6000000006101430426
6000000006101430432
6000000006101430437
6000000006101430441
6000000006101430446
6000000006101430452
6000000006101430458
6000000006101430463
6000000006101430490
6000000006101430495
6000000006101430601
6000000006101430765
6000000006101430773
6000000006103059273
6000000006103447029
6000000006103516025
6000000006103949345
6000000006103967287
6000000006103971265
6000000006104043208
6000000006110241894
6000000006110448877
6000000006110779493
6000000006110788739
6000000006110804638
6000000006110815389
6000000006110882117
6000000006110979268
6000000006111020247
6000000006111099181
6000000006111152118
6000000006111890476
6000000006112091343
6000000006112178099
6000000006113405242
6000000006113467099
6000000006114394198
6000000006119428862
6000000006119816324
6000000006119946287
6000000006120209725
6000000006120622450
6000000006120701110
6000000006120786110
6000000006120812143
6000000006120872045
6000000006120902003
6000000006123813097
6000000006124028786
6000000006125420277
6000000006125448136
6000000006125609239
6000000006125813004
6000000006127159684
6000000006127159693
6000000006127159702
6000000006127159716
6000000006127159739
6000000006127214816
6000000006127214858
6000000006127255857
6000000006127291225
6000000006127322690
6000000006127381394
6000000006127484570
6000000006127494073
6000000006127494234
6000000006127494328
6000000006127621750
6000000006127657739
6000000006127668009
6000000006127668486
6000000006127682160
6000000006127682750
6000000006127859612
6000000006127938104
6000000006128168839
6000000006128279827
6000000006128291577
6000000006128299096
6000000006128315972
6000000006128411604
6000000006129390166
6000000006130127140
6000000006131014605
6000000006131047120
6000000006131105658
6000000006131359583
6000000006131361419
6000000006131361482
6000000006131369851
6000000006131491053
6000000006131531097
6000000006131567298
6000000006134944581
6000000006135844664
6000000006135895371
6000000006136191141
6000000006136389060
6000000006136607061
6000000006136667021
6000000006142204008
6000000006142281029
6000000006143704003
6000000006144196001
6000000006144220002
6000000006146232904
6000000006146749263
6000000006146952792
6000000006147871354
6000000006151784313
6000000006163201245
6000000006166186694
6000000006166211905
6000000006166239650
6000000006166991238
6000000006167041366
6000000006167077169
6000000006171215964
6000000006171242074
6000000006171259545
6000000006171302672
6000000006171302689
6000000006174275230
6000000006174331130
6000000006174872773
6000000006174872994
6000000006175152646
6000000006175282418
6000000006175282468
6000000006175404311
6000000006175568510
6000000006175746012
6000000006175853094
6000000006179297395
6000000006179574171
6000000006183866418
6000000006187087744
6000000006187584476
6000000006187648324
6000000006188427792
6000000006196458559
6000000006199949020
6000000006205215091
6000000006206887948
6000000006207789508
6000000006208662096
6000000006208694066
6000000006208882253
6000000006209646776
6000000006209726376
6000000006209764570
6000000006209953129
6000000006209960107
6000000006209978636
6000000006210203413
6000000006210215414
6000000006210796399
6000000006211793351
6000000006231039889
6000000006231602689
6000000006231668658
6000000006232244373
6000000006232319371
6000000006232415242
6000000006232462909
6000000006232506613
6000000006232521926
6000000006232539857
6000000006232643724
6000000006232739831
6000000006232933635
6000000006232933655
6000000006232933659
6000000006232934492
6000000006233104490
6000000006233198170
6000000006233234074
6000000006233331099
6000000006236274527
6000000006237388961
6000000006237664757
6000000006238265442
6000000006238783132
6000000006239102039
6000000006239123023
6000000006240097504
6000000006240114528
6000000006240544619
6000000006240762109
6000000006241455727
6000000006242293627
6000000006242445833
6000000006242560469
6000000006244006504
6000000006250333608
6000000006250482371
6000000006250792091
6000000006250934792
6000000006251326364
6000000006252011561
6000000006252628060
6000000006252852276
6000000006253635635
6000000006257436254
6000000006266532197
6000000006270447176
6000000006271194025
6000000006271560771
6000000006271932219
6000000006272170073
6000000006272467155
6000000006273678850
6000000006274579773
6000000006275514388
6000000006275953110
6000000006276991515
6000000006277450036
6000000006277454096
6000000006277454334
6000000006277454509
6000000006277458978
6000000006277467384
6000000006277477609
6000000006277481815
6000000006277488391
6000000006277488501
6000000006277488521
6000000006277488555
6000000006277490567
6000000006277490715
6000000006277494323
6000000006277496927
6000000006277501852
6000000006277511164
6000000006277529030
6000000006277530783
6000000006277535119
6000000006277535355
6000000006277535391
6000000006277537870
6000000006277541701
6000000006277556378
6000000006277572061
6000000006277577034
6000000006277577274
6000000006277577279
6000000006277577397
6000000006277772039
6000000006277812007
6000000006277869048
6000000006279466319
6000000006280124368
6000000006280646501
6000000006280667281
6000000006281002268
6000000006281091263
6000000006281205099
6000000006281224211
6000000006281257161
6000000006281290006
6000000006281330010
6000000006281386116
6000000006281737300
6000000006283701220
6000000006290605509
6000000006290649504
6000000006290680541
6000000006290680582
6000000006290680696
6000000006290680740
6000000006290680744
6000000006290680748
6000000006290684667
6000000006290684671
6000000006290690807
6000000006290698560
6000000006290698601
6000000006290698976
6000000006290701109
6000000006290701113
6000000006290701198
6000000006290701202
6000000006290701427
6000000006290701556
6000000006290701611
6000000006290701729
6000000006290716901
6000000006290723319
6000000006290723416
6000000006290723442
6000000006290723470
6000000006290731049
6000000006290731053
6000000006290731061
6000000006290731130
6000000006290731839
6000000006290731843
6000000006290748620
6000000006290773071
6000000006290773294
6000000006293820191
6000000006294594631
6000000006296799111
6000000006321320508
6000000006321433426
6000000006321464612
6000000006321476639
6000000006322772024
6000000006323182161
6000000006323365059
6000000006325813243
6000000006332418252
6000000006336710106
6000000006338979184
6000000006345135821
6000000006345876909
6000000006346445176
6000000006346570086
6000000006346811878
6000000006346834599
6000000006346873253
6000000006347414474
6000000006348819866
6000000006349204388
6000000006349569006
6000000006350148730
6000000006350458660
6000000006350945134
6000000006351173172
6000000006355720542
6000000006356426171
6000000006356645320
6000000006357958730
6000000006358099267
6000000006358179885
6000000006358957087
6000000006365036886
6000000006365314569
6000000006365407973
6000000006365429953
6000000006365522519
6000000006365545217
6000000006365596303
6000000006366027491
6000000006366033661
6000000006366177606
6000000006366221216
6000000006369525210
6000000006369852003
6000000006378114022
6000000006386710007
6000000006404266080
6000000006404633968
6000000006404884501
6000000006404970349
6000000006405101196
6000000006405101490
6000000006405132052
6000000006405693020
6000000006409280949
6000000006409389681
6000000006410198485
6000000006410410929
6000000006410990497
6000000006411312185
6000000006411928510
6000000006412156065
6000000006413253264
6000000006413316096
6000000006414187221
6000000006414578231
6000000006417079440
6000000006420053747
6000000006420704264
6000000006420711150
6000000006420792286
6000000006420936026
6000000006420955056
6000000006421013012
6000000006422125713
6000000006422183306
6000000006422194686
6000000006422214851
6000000006425920047
6000000006425957056
6000000006426226093
6000000006426337030
6000000006428477266
6000000006428491389
6000000006436624848
6000000006442486534
6000000006442576107
6000000006442583351
6000000006443839030
6000000006444063482
6000000006444086952
6000000006444086956
6000000006444086960
6000000006444086966
6000000006444092638
6000000006444099365
6000000006444099399
6000000006444099404
6000000006444099811
6000000006444102978
6000000006444108010
6000000006444119727
6000000006444130138
6000000006444130480
6000000006444130826
6000000006444139545
6000000006444159440
6000000006444207566
6000000006444207606
6000000006444211363
6000000006444211652
6000000006444211657
6000000006444214384
6000000006444214394
6000000006444214524
6000000006444214534
6000000006444232625
6000000006444270409
6000000006444283100
6000000006444283441
6000000006444283454
6000000006444302718
6000000006444328048
6000000006444331600
6000000006444331614
6000000006444357850
6000000006444413842
6000000006444422097
6000000006444422467
6000000006444422472
6000000006444422508
6000000006444422522
6000000006444493750
6000000006444496545
6000000006444496579
6000000006444496614
6000000006444496621
6000000006444496628
6000000006444585186
6000000006444585568
6000000006444585585
6000000006444597314
6000000006444700132
6000000006444745961
6000000006444745977
6000000006444746010
6000000006444746021
6000000006444746042
6000000006444746047
6000000006444746067
6000000006444746101
6000000006444746112
6000000006444746138
6000000006444746147
6000000006444746151
6000000006444746169
6000000006444746658
6000000006444746670
6000000006444746709
6000000006444746932
6000000006444746936
6000000006444746961
6000000006444746965
6000000006444755153
6000000006444762178
6000000006444780421
6000000006444798390
6000000006445909058
6000000006450334581
6000000006450656828
6000000006451577913
6000000006451955612
6000000006454267494
6000000006454785301
6000000006456114813
6000000006456183392
6000000006462578008
6000000006462619006
6000000006462778013
6000000006462828010
6000000006463513008
6000000006480254001
6000000006480375026
6000000006480405005
6000000006509204013
6000000006510078001
6000000006510095005
6000000006510146003
6000000006510179001
6000000006513568001
6000000006515983001
6000000006568712910
6000000006568776789
6000000006569110713
6000000006569185248
6000000006569555544
6000000006574729702
6000000006575228798
6000000006575335754
6000000006575365740
6000000006575491544
6000000006575942084
6000000006578977974
6000000006579076715
6000000006582545963
6000000006582585105
6000000006582663777
6000000006582766550
6000000006582852027
6000000006582994318
6000000006586437007
6000000006587230361
6000000006587531235
6000000006588947700
6000000006589049187
6000000006589049195
6000000006589049203
6000000006589049211
6000000006589072795
6000000006589072800
6000000006589075249
6000000006589075895
6000000006589092441
6000000006589092459
6000000006589101214
6000000006589101220
6000000006589101230
6000000006589406117
6000000006591165821
6000000006591263683
6000000006591438787
6000000006591514748
6000000006591545591
6000000006591583687
6000000006591868087
6000000006591877138
6000000006591901100
6000000006591947092
6000000006591976147
6000000006591978194
6000000006592017657
6000000006592340139
6000000006594579046
6000000006596578757
6000000006596628946
6000000006596757510
6000000006596898308
6000000006596984132
6000000006597091264
6000000006597091433
6000000006597096263
6000000006597096346
6000000006597096768
6000000006597109358
6000000006597111678
6000000006597112520
6000000006597124957
6000000006597149232
6000000006599247003
6000000006599903742
6000000006602051062
6000000006602122122
6000000006602628343
6000000006602628669
6000000006602653847
6000000006603883504
6000000006606539094
6000000006607966476
6000000006608203220
6000000006608928140
6000000006610909001
6000000006610921001
6000000006647244548
6000000006653861012
6000000006694918162
6000000006704882974
6000000006705245388
6000000006705663403
6000000006705799233
6000000006706137529
6000000006706372714
6000000006711565162
6000000006712629565
6000000006712659528
6000000006712918218
6000000006712955097
6000000006713618935
6000000006713778572
6000000006713833575
6000000006713835621
6000000006713883443
6000000006713894010
6000000006714099182
6000000006714384628
6000000006714512302
6000000006714532048
6000000006714534494
6000000006718751474
6000000006719161876
6000000006719213717
6000000006719231584
6000000006719236637
6000000006719263609
6000000006719288582
6000000006719344509
6000000006719428320
6000000006719430340
6000000006719433394
6000000006719491336
6000000006719607027
6000000006719774273
6000000006719808183
6000000006721857089
6000000006721893593
6000000006724843022
6000000006724864086
6000000006725548864
6000000006726234707
6000000006726262583
6000000006726397281
6000000006726499123
6000000006727737292
6000000006727741160
6000000006727741544
6000000006727741552
6000000006727741603
6000000006727741653
6000000006727741662
6000000006727746176
6000000006727746410
6000000006727746504
6000000006727746512
6000000006727746553
6000000006727746617
6000000006727746696
6000000006727746704
6000000006727746924
6000000006727749017
6000000006727749029
6000000006727749054
6000000006727749142
6000000006727749416
6000000006727749423
6000000006727749694
6000000006727749723
6000000006727749864
6000000006727749935
6000000006727749945
6000000006727750000
6000000006727753099
6000000006727753233
6000000006727753243
6000000006727753277
6000000006727753287
6000000006727753469
6000000006727753537
6000000006727753549
6000000006727753675
6000000006727753685
6000000006727753894
6000000006727753989
6000000006727753997
6000000006727757068
6000000006727757132
6000000006727757250
6000000006727757276
6000000006727757354
6000000006727757361
6000000006727757601
6000000006727757713
6000000006727757725
6000000006727757831
6000000006727764004
6000000006727764283
6000000006727764305
6000000006727764375
6000000006727764413
6000000006727764421
6000000006727764663
6000000006727764750
6000000006727764771
6000000006727764919
6000000006727770008
6000000006727770031
6000000006727770045
6000000006727770069
6000000006727770116
6000000006727770125
6000000006727770661
6000000006727770689
6000000006727770704
6000000006727770729
6000000006727770886
6000000006727770893
6000000006727770900
6000000006727770910
6000000006727778004
6000000006727778053
6000000006727778063
6000000006727778136
6000000006727778190
6000000006727778388
6000000006727778404
6000000006727778527
6000000006727778573
6000000006727778649
6000000006727778690
6000000006727778698
6000000006727778713
6000000006727778773
6000000006727778846
6000000006727778910
6000000006727778951
6000000006727781088
6000000006727781313
6000000006727781420
6000000006727781431
6000000006727781710
6000000006727781718
6000000006727781868
6000000006727781875
6000000006727781882
6000000006727781889
6000000006727781896
6000000006727785044
6000000006727785228
6000000006727785276
6000000006727785310
6000000006727785425
6000000006727785502
6000000006727785669
6000000006727785676
6000000006727785706
6000000006727785735
6000000006727785869
6000000006727785933
6000000006727790127
6000000006727790173
6000000006727790223
6000000006727790496
6000000006727790504
6000000006727790541
6000000006727790548
6000000006727790565
6000000006727790665
6000000006727790815
6000000006727790897
6000000006727794050
6000000006727794123
6000000006727794470
6000000006727794514
6000000006727794542
6000000006727794627
6000000006727794694
6000000006727794857
6000000006727796007
6000000006727796017
6000000006727796027
6000000006727796034
6000000006727796041
6000000006727796048
6000000006727796062
6000000006727796077
6000000006727796084
6000000006727796091
6000000006727796147
6000000006727796180
6000000006727796194
6000000006727796218
6000000006727796315
6000000006727796476
6000000006727796553
6000000006727796609
6000000006727796644
6000000006727796742
6000000006727796770
6000000006727800067
6000000006727800089
6000000006727800166
6000000006727800197
6000000006727800204
6000000006727800240
6000000006727800422
6000000006727800651
6000000006727800748
6000000006727800755
6000000006727800785
6000000006727800834
6000000006727800921
6000000006727800955
6000000006727800962
6000000006727805061
6000000006727805076
6000000006727805176
6000000006727805183
6000000006727805239
6000000006727805256
6000000006727805397
6000000006727805406
6000000006727805422
6000000006727805501
6000000006727805847
6000000006727805880
6000000006727805911
6000000006727805921
6000000006727810001
6000000006727810066
6000000006727810075
6000000006727810119
6000000006727810129
6000000006727810139
6000000006727810170
6000000006727810177
6000000006727810184
6000000006727810205
6000000006727810212
6000000006727810282
6000000006727810675
6000000006727810732
6000000006727810776
6000000006727810783
6000000006727810790
6000000006727810839
6000000006727810860
6000000006727810867
6000000006727810874
6000000006727810881
6000000006727810888
6000000006727810968
6000000006727817022
6000000006727817105
6000000006727817115
6000000006727817143
6000000006727817341
6000000006727817420
6000000006727817607
6000000006727817628
6000000006727817702
6000000006727817857
6000000006727820021
6000000006727820070
6000000006727820170
6000000006727820177
6000000006727820184
6000000006727820212
6000000006727820222
6000000006727820286
6000000006727820352
6000000006727820475
6000000006727820484
6000000006727820645
6000000006727820653
6000000006727820668
6000000006727820728
6000000006727820738
6000000006727820765
6000000006727820809
6000000006727820816
6000000006727820852
6000000006727820890
6000000006727821172
6000000006727821186
6000000006727821193
6000000006727821291
6000000006727821312
6000000006727821321
6000000006727821360
6000000006727821374
6000000006727821381
6000000006727821486
6000000006727821546
6000000006727821563
6000000006727821603
6000000006727821620
6000000006727821695
6000000006727821713
6000000006727821721
6000000006727821728
6000000006727821749
6000000006727821759
6000000006727821946
6000000006727823111
6000000006727823308
6000000006727823429
6000000006727823439
6000000006727823544
6000000006727823591
6000000006727823723
6000000006727823744
6000000006727823751
6000000006727823760
6000000006727823776
6000000006727823797
6000000006727823813
6000000006727823822
6000000006727823903
6000000006727823968
6000000006727823975
6000000006727826010
6000000006727826025
6000000006727826032
6000000006727826039
6000000006727826345
6000000006727826429
6000000006727826436
6000000006727826637
6000000006727826669
6000000006727826690
6000000006727826697
6000000006727826704
6000000006727826711
6000000006727826767
6000000006727826774
6000000006727826806
6000000006727826813
6000000006727826870
6000000006727826898
6000000006727826926
6000000006727826933
6000000006727826961
6000000006727826968
6000000006727827005
6000000006727827020
6000000006727827152
6000000006727827162
6000000006727827297
6000000006727827304
6000000006727827448
6000000006727827455
6000000006727827585
6000000006727827673
6000000006727827694
6000000006727827748
6000000006727827758
6000000006727827824
6000000006727827834
6000000006727827918
6000000006727827925
6000000006727827946
6000000006727830053
6000000006727830067
6000000006727830074
6000000006727830088
6000000006727830095
6000000006727830137
6000000006727830144
6000000006727830151
6000000006727830291
6000000006727830329
6000000006727830343
6000000006727830674
6000000006727830782
6000000006727830789
6000000006727830824
6000000006727830832
6000000006727830874
6000000006727830881
6000000006727830903
6000000006727832048
6000000006727832055
6000000006727832076
6000000006727832126
6000000006727832133
6000000006727832311
6000000006727832318
6000000006727832325
6000000006727832332
6000000006727832353
6000000006727832360
6000000006727832367
6000000006727832451
6000000006727832500
6000000006727832747
6000000006727832775
6000000006727832846
6000000006727832881
6000000006727838322
6000000006727838477
6000000006727838612
6000000006727838832
6000000006727838839
6000000006727839205
6000000006727839241
6000000006727839248
6000000006727839258
6000000006727839286
6000000006727839293
6000000006727839315
6000000006727839322
6000000006727839336
6000000006727839451
6000000006727839551
6000000006727839559
6000000006727839580
6000000006727839637
6000000006727839658
6000000006727839672
6000000006727839679
6000000006727839700
6000000006727839960
6000000006727840002
6000000006727840024
6000000006727840037
6000000006727840044
6000000006727840212
6000000006727840226
6000000006727840233
6000000006727840247
6000000006727840254
6000000006727840420
6000000006727840542
6000000006727840586
6000000006727840659
6000000006727840673
6000000006727840696
6000000006727840724
6000000006727840754
6000000006727840819
6000000006727840826
6000000006727840861
6000000006727840868
6000000006727840875
6000000006727840889
6000000006727840896
6000000006727840904
6000000006727840911
6000000006727840918
6000000006727840946
6000000006727845142
6000000006727845173
6000000006727845414
6000000006727845584
6000000006727845605
6000000006727845612
6000000006727845799
6000000006727845981
6000000006727849038
6000000006727849125
6000000006727849915
6000000006727853670
6000000006727853775
6000000006727853865
6000000006727853910
6000000006727855040
6000000006727855155
6000000006727855170
6000000006727855875
6000000006727858115
6000000006727858170
6000000006727858455
6000000006727858580
6000000006727862030
6000000006727862455
6000000006727862480
6000000006727862695
6000000006727862750
6000000006727862790
6000000006727863105
6000000006727863240
6000000006727863245
6000000006727863260
6000000006727863410
6000000006727863630
6000000006727863685
6000000006727863705
6000000006727863710
6000000006727863720
6000000006727863730
6000000006727863760
6000000006727863840
6000000006727863925
6000000006727863950
6000000006727867629
6000000006727867636
6000000006727867660
6000000006727867674
6000000006727867688
6000000006727867908
6000000006727867983
6000000006727869011
6000000006727869091
6000000006727869236
6000000006727869428
6000000006727869435
6000000006727871031
6000000006727871181
6000000006727871663
6000000006727871800
6000000006727871858
6000000006727871947
6000000006727871963
6000000006727873134
6000000006727873141
6000000006727873289
6000000006727873371
6000000006727873467
6000000006727873475
6000000006727873559
6000000006727873611
6000000006727873891
6000000006727873998
6000000006727876600
6000000006727876641
6000000006727876701
6000000006727876736
6000000006727876881
6000000006727878120
6000000006727878135
6000000006727878243
6000000006727878365
6000000006727878375
6000000006727878435
6000000006727878440
6000000006727878455
6000000006727878465
6000000006727878485
6000000006727878490
6000000006727878625
6000000006727878810
6000000006727878837
6000000006727880274
6000000006727880382
6000000006727885898
6000000006727885966
6000000006727888172
6000000006727888417
6000000006727888646
6000000006727888669
6000000006727895068
6000000006727897970
6000000006727897985
6000000006727902278
6000000006727902633
6000000006727913630
6000000006727915122
6000000006727915303
6000000006727915313
6000000006727915717
6000000006727915740
6000000006727915839
6000000006727915849
6000000006727915854
6000000006727915995
6000000006727917510
6000000006727917849
6000000006727917874
6000000006727920904
6000000006727922137
6000000006727922574
6000000006727924302
6000000006727931129
6000000006727931951
6000000006727940340
6000000006727940347
6000000006727942191
6000000006727944542
6000000006727944590
6000000006727944650
6000000006727944691
6000000006727944769
6000000006727944778
6000000006727944904
6000000006727945289
6000000006727945341
6000000006727945857
6000000006727947350
6000000006727947687
6000000006727947812
6000000006727947903
6000000006727954721
6000000006727956918
6000000006727957974
6000000006727957995
6000000006727958450
6000000006727959511
6000000006731380168
6000000006731703026
6000000006734756087
6000000006735483316
6000000006735548889
6000000006735606730
6000000006735697304
6000000006740220655
6000000006740534130
6000000006741208328
6000000006741689895
6000000006741778686
6000000006741906431
6000000006761016763
6000000006763325794
6000000006763359957
6000000006763643371
6000000006764269412
6000000006764609595
6000000006766199048
6000000006767748360
6000000006767776667
6000000006767878881
6000000006767924252
6000000006768432193
6000000006775928585
6000000006776171427
6000000006776171697
6000000006776171804
6000000006776171884
6000000006776171892
6000000006776171900
6000000006776171944
6000000006776176053
6000000006776180208
6000000006776180590
6000000006776180733
6000000006776180821
6000000006776180996
6000000006776185060
6000000006776185212
6000000006776185252
6000000006776185260
6000000006776185324
6000000006776185332
6000000006776185554
6000000006776185586
6000000006776185725
6000000006776185900
6000000006776187194
6000000006776187218
6000000006776187362
6000000006776187370
6000000006776187394
6000000006776187402
6000000006776187410
6000000006776187543
6000000006776187742
6000000006776331618
6000000006776835465
6000000006781162544
6000000006781174538
6000000006781179864
6000000006781417432
6000000006781436304
6000000006781998807
6000000006782263114
6000000006782591132
6000000006782613125
6000000006782623067
6000000006782623073
6000000006783031489
6000000006783520581
6000000006783575928
6000000006783639478
6000000006783706584
6000000006783710804
6000000006783734987
6000000006783735567
6000000006783803767
6000000006783803776
6000000006783880503
6000000006783887495
6000000006783928270
6000000006783933412
6000000006784000160
6000000006784110054
6000000006784143033
6000000006784151163
6000000006784159516
6000000006784190103
6000000006784211061
6000000006784281059
6000000006784294033
6000000006784412086
6000000006787341423
6000000006787547225
6000000006787562160
6000000006787656102
6000000006787661090
6000000006787667037
6000000006787739014
6000000006787742025
6000000006787742032
6000000006788256743
6000000006788763050
6000000006788972615
6000000006789133513
6000000006789327015
6000000006790436253
6000000006792272460
6000000006792546007
6000000006795425934
6000000006795691177
6000000006795760315
6000000006796167203
6000000006797045757
6000000006797471148
6000000006797819719
6000000006797899567
6000000006797934613
6000000006798090572
6000000006798368029
6000000006798436002
6000000006802375905
6000000006802499812
6000000006802589692
6000000006802738438
6000000006802815962
6000000006802871066
6000000006802907026
6000000006802947082
6000000006803000325
6000000006803069594
6000000006803084798
6000000006803103962
6000000006803113842
6000000006803156203
6000000006803156563
6000000006803156915
6000000006803159672
6000000006803174710
6000000006803179420
6000000006803201478
6000000006803210128
6000000006803220967
6000000006803223575
6000000006803245555
6000000006803350389
6000000006803418552
6000000006803425385
6000000006803435802
6000000006803447594
6000000006803460747
6000000006803464779
6000000006803464787
6000000006803576196
6000000006803630249
6000000006803692141
6000000006803712071
6000000006803756255
6000000006803765254
6000000006803786073
6000000006803788031
6000000006803795201
6000000006803817138
6000000006803841215
6000000006803847046
6000000006803853117
6000000006804155423
6000000006808647522
6000000006809231282
6000000006809236219
6000000006809300678
6000000006809331942
6000000006809430629
6000000006809452563
6000000006809510687
6000000006810570718
6000000006812995423
6000000006815993369
6000000006816739430
6000000006816781407
6000000006816808313
6000000006816844228
6000000006816915069
6000000006816937076
6000000006816971014
6000000006818333657
6000000006818507510
6000000006818880683
6000000006820368356
6000000006820728064
6000000006820730129
6000000006820831066
6000000006820844039
6000000006820953001
6000000006820955005
6000000006821315290
6000000006826385044
6000000006828575883
6000000006831823543
6000000006835051081
6000000006835094016
6000000006837258682
6000000006842879105
6000000006843567556
6000000006847090177
6000000006852726479
6000000006852916225
6000000006852924238
6000000006852930245
6000000006853091053
6000000006859413853
6000000006861129425
6000000006861179420
6000000006861370135
6000000006861376082
6000000006863691139
6000000006864196194
6000000006865703890
6000000006867849450
6000000006867966355
6000000006868924292
6000000006869582945
6000000006869614983
6000000006869780981
6000000006869943404
6000000006870085654
6000000006870095467
6000000006870125218
6000000006870170223
6000000006870219033
6000000006870219308
6000000006870244136
6000000006870272099
6000000006871110690
6000000006874552685
6000000006875137282
6000000006880491517
6000000006881408663
6000000006882532104
6000000006882977275
6000000006895166933
6000000006897670347
6000000006904294096
6000000006904294666
6000000006905895228
6000000006905998531
6000000006905998786
6000000006906038090
6000000006906038573
6000000006906038788
6000000006906066396
6000000006906082545
6000000006906122964
6000000006906208607
6000000006906224300
6000000006906279667
6000000006906294761
6000000006906319108
6000000006906341870
6000000006906341951
6000000006906358038
6000000006906358050
6000000006906358062
6000000006906358126
6000000006906358150
6000000006906358240
6000000006906358298
6000000006906358364
6000000006906358387
6000000006906358393
6000000006906358399
6000000006906358485
6000000006906358557
6000000006906358676
6000000006906358909
6000000006906358945
6000000006906358969
6000000006906376127
6000000006906376338
6000000006906376356
6000000006906376656
6000000006906376819
6000000006906376959
6000000006906396100
6000000006906396112
6000000006906396145
6000000006906396815
6000000006906412348
6000000006906412491
6000000006906412508
6000000006906412678
6000000006906428267
6000000006906428333
6000000006906428390
6000000006906428841
6000000006906428932
6000000006906447277
6000000006906447443
6000000006906447529
6000000006906464060
6000000006906464210
6000000006906464480
6000000006906495353
6000000006906495864
6000000006906506088
6000000006906506120
6000000006906506387
6000000006906517236
6000000006906517730
6000000006906517836
6000000006906526596
6000000006906534035
6000000006906534335
6000000006906543427
6000000006906543684
6000000006906543961
6000000006906550173
6000000006906550197
6000000006906550416
6000000006906563318
6000000006906563398
6000000006906563934
6000000006906570375
6000000006906578140
6000000006906578280
6000000006906587751
6000000006906614042
6000000006906624674
6000000006906640457
6000000006906640730
6000000006906647110
6000000006906647563
6000000006906647836
6000000006906647944
6000000006906655066
6000000006906655766
6000000006906665043
6000000006906665142
6000000006906665314
6000000006906665778
6000000006906676099
6000000006906676716
6000000006906684531
6000000006906697113
6000000006906697171
6000000006906706448
6000000006906706835
6000000006906715458
6000000006906715592
6000000006906738715
6000000006906769805
6000000006906769813
6000000006906769996
6000000006906787270
6000000006906787821
6000000006906799262
6000000006906805399
6000000006906805701
6000000006906839736
6000000006906959035
6000000006907037700
6000000006907072659
6000000006910311513
6000000006910430457
6000000006910546216
6000000006910550857
6000000006910550924
6000000006910563880
6000000006910963300
6000000006911137060
6000000006911194171
6000000006911194175
6000000006911199259
6000000006911489831
6000000006924788090
6000000006926085889
6000000006926425312
6000000006926921661
6000000006926954908
6000000006927031413
6000000006927035480
6000000006927125166
6000000006927193241
6000000006927193304
6000000006927214215
6000000006927221055
6000000006927235132
6000000006927268077
6000000006927809505
6000000006928467615
6000000006929968676
6000000006930605572
6000000006931010781
6000000006931155414
6000000006931224827
6000000006931276705
6000000006931432200
6000000006935568812
6000000006936202006
6000000006936280466
6000000006937079531
6000000006937375326
6000000006939249109
6000000006944378598
6000000006944555245
6000000006944688103
6000000006946629116
6000000006947563626
6000000006947631215
6000000006951629328
6000000006959579132
6000000006959784014
6000000006961806584
6000000006962547085
6000000006963883084
6000000006963884155
6000000006963892442
6000000006963922639
6000000006963953359
6000000006963953420
6000000006964001859
6000000006964026189
6000000006964027522
6000000006964032752
6000000006964041394
6000000006964046239
6000000006964229162
6000000006964312073
6000000006964530073
6000000006964530350
6000000006964561032
6000000006965307188
6000000006966715080
6000000006968986647
6000000006969071691
6000000006969583571
6000000006970940899
6000000006971101504
6000000006971208267
6000000006971256586
6000000006971357246
6000000006971419030
6000000006971477022
6000000006971626120
6000000006971674088
6000000006971891137
6000000006973480613
6000000006973866797
6000000006974381376
6000000006975381585
6000000006975540524
6000000006975541214
6000000006975927022
6000000006976068173
6000000006976170012
6000000006976170045
6000000006976894359
6000000006977145043
6000000006977145048
6000000006977145074
6000000006977339144
6000000006977349377
6000000006978348319
6000000006978538048
6000000006979611547
6000000006979611558
6000000006979611632
6000000006979615114
6000000006979615129
6000000006979615138
6000000006979624714
6000000006979640396
6000000006979640399
6000000006979640431
6000000006979640510
6000000006979663414
6000000006979663873
6000000006979663876
6000000006987454176
6000000006987545010
6000000006987586885
6000000006988048964
6000000006988203922
6000000006988277433
6000000006988277451
6000000006988297553
6000000006988332452
6000000006988340843
6000000006988416823
6000000006988481419
6000000006988492120
6000000006988514328
6000000006988532127
6000000006988549183
6000000006988568013
6000000006988634143
6000000006988706172
6000000006988758746
6000000006988965155
6000000006989509411
6000000006989617193
6000000006989717330
6000000006990272207
6000000006990301106
6000000006990415134
6000000006990590476
6000000006994999074
6000000006995536630
6000000006995584726
6000000006995629648
6000000006995686527
6000000006995788403
6000000006996038058
6000000006997358200
6000000006997472376
6000000006998816386
6000000006998861430
6000000006999030219
6000000007002925015
6000000007005746972
6000000007005982778
6000000007006053264
6000000007006497039
6000000007010902347
6000000007012112630
6000000007012443618
6000000007012577667
6000000007012891035
6000000007013306235
6000000007013329199
6000000007013347220
6000000007013624269
6000000007014054306
6000000007016138768
6000000007016226606
6000000007016298334
6000000007016425641
6000000007016579387
6000000007016668173
6000000007016733239
6000000007016735004
6000000007016980039
6000000007020763500
6000000007021312882
6000000007021313462
6000000007021340142
6000000007021375594
6000000007021652184
6000000007021709325
6000000007021711716
6000000007022201866
6000000007022210486
6000000007022461275
6000000007022543268
6000000007022561109
6000000007023442726
6000000007025334837
6000000007025334841
6000000007025559649
6000000007025824186
6000000007025933333
6000000007025933337
6000000007026096031
6000000007026124028
6000000007031149199
6000000007031643650
6000000007032279184
6000000007033373775
6000000007033373808
6000000007033520438
6000000007033835242
6000000007033906052
6000000007033986006
6000000007041379411
6000000007041409270
6000000007041485135
6000000007042359238
6000000007042421353
6000000007042481899
6000000007042665732
6000000007042743388
6000000007042775500
6000000007043007101
6000000007043259234
6000000007043307010
6000000007043482057
6000000007044315335
6000000007044558038
6000000007048515168
6000000007048749006
6000000007049530875
6000000007049576718
6000000007051737905
6000000007052168881
6000000007052382417
6000000007052433422
6000000007052456452
6000000007052529132
6000000007052530090
6000000007052556138
6000000007052575070
6000000007052582083
6000000007052588140
6000000007052629091
6000000007052696063
6000000007057206263
6000000007057447263
6000000007057735234
6000000007057772027
6000000007057784035
6000000007057966845
6000000007058193896
6000000007058378429
6000000007058430981
6000000007058571761
6000000007058571963
6000000007058719011
6000000007058745828
6000000007058802262
6000000007058819877
6000000007058854753
6000000007058978064
6000000007058988050
6000000007059054092
6000000007059069239
6000000007059092099
6000000007060705339
6000000007060931064
6000000007061365126
6000000007061760391
6000000007061984364
6000000007062125217
6000000007062656315
6000000007062807597
6000000007062931723
6000000007062931743
6000000007062987558
6000000007063037171
6000000007066980499
6000000007067301787
6000000007068521484
6000000007068522384
6000000007068708192
6000000007069244332
6000000007069901396
6000000007075932439
6000000007075933430
6000000007076068507
6000000007076225069
6000000007078767466
6000000007079214226
6000000007079832221
6000000007079953080
6000000007086528162
6000000007086577488
6000000007086614548
6000000007086662766
6000000007086799142
6000000007086803438
6000000007086825325
6000000007087011118
6000000007087011123
6000000007087224258
6000000007087224270
6000000007087224284
6000000007087224288
6000000007089811407
6000000007089842705
6000000007090191234
6000000007090455334
6000000007090475231
6000000007094892111
6000000007095401758
6000000007095800229
6000000007096179093
6000000007096808207
6000000007097705271
6000000007103398739
6000000007103398744
6000000007103443860
6000000007103443865
6000000007103452969
6000000007103452987
6000000007103485616
6000000007103611425
6000000007103611430
6000000007103673380
6000000007103887428
6000000007103887434
6000000007103935652
6000000007103935658
6000000007104027624
6000000007104027630
6000000007104114538
6000000007104114544
6000000007104160939
6000000007104317421
6000000007104640262
6000000007104640268
6000000007104698549
6000000007104698566
6000000007104725253
6000000007104776207
6000000007104949965
6000000007104949971
6000000007105121696
6000000007105218345
6000000007105274471
6000000007105274478
6000000007105284472
6000000007105284488
6000000007105784535
6000000007105784541
6000000007105938290
6000000007105948299
6000000007105948305
6000000007106167545
6000000007106263432
6000000007111969167
6000000007113643963
6000000007113780745
6000000007114003478
6000000007114444629
6000000007117021938
6000000007117060407
6000000007121362533
6000000007123597881
6000000007127604324
6000000007131205792
6000000007134311546
6000000007136117474
6000000007136237358
6000000007136351357
6000000007136563201
6000000007139980393
6000000007140194261
6000000007140207274
6000000007140208210
6000000007140228220
6000000007140233316
6000000007140720516
6000000007141651300
6000000007142796651
6000000007143085377
6000000007143230282
6000000007145636249
6000000007145787342
6000000007150774373
6000000007150774528
6000000007150774919
6000000007150815865
6000000007150824240
6000000007150827754
6000000007150835585
6000000007150835678
6000000007150836101
6000000007150846755
6000000007150861989
6000000007150865273
6000000007150869626
6000000007150874670
6000000007150881868
6000000007150889075
6000000007150899257
6000000007150899697
6000000007150900123
6000000007150906326
6000000007150906456
6000000007150919378
6000000007150919401
6000000007150940630
6000000007150950294
6000000007150950849
6000000007150962765
6000000007150970387
6000000007151003755
6000000007151013109
6000000007151018800
6000000007151025332
6000000007151025583
6000000007151066816
6000000007151074579
6000000007151075189
6000000007151083252
6000000007151084095
6000000007151099425
6000000007151112923
6000000007151123936
6000000007151138969
6000000007151166308
6000000007151233282
6000000007151233366
6000000007151244463
6000000007151244692
6000000007151244885
6000000007151245035
6000000007151251247
6000000007151251870
6000000007151252193
6000000007151257772
6000000007151269497
6000000007151287124
6000000007151297723
6000000007151316257
6000000007151316586
6000000007151316761
6000000007151322733
6000000007151327775
6000000007151334343
6000000007151334697
6000000007151334835
6000000007151361260
6000000007151374532
6000000007151374978
6000000007151404634
6000000007151415359
6000000007151415493
6000000007151460153
6000000007151472333
6000000007151472634
6000000007151472952
6000000007151473094
6000000007151509291
6000000007151522560
6000000007151522815
6000000007151555328
6000000007151573308
6000000007151587321
6000000007151587832
6000000007151587870
6000000007151588113
6000000007151604743
6000000007151604799
6000000007151614226
6000000007151640930
6000000007151674287
6000000007151675195
6000000007151702098
6000000007151720276
6000000007151724706
6000000007151730632
6000000007151750224
6000000007151766150
6000000007151785822
6000000007151786603
6000000007151786794
6000000007151798615
6000000007151803604
6000000007151823690
6000000007151834654
6000000007151852239
6000000007151890635
6000000007151890921
6000000007151891110
6000000007151909804
6000000007151927394
6000000007151927412
6000000007151943238
6000000007151944015
6000000007151980579
6000000007152014225
6000000007152031444
6000000007152092205
6000000007152097436
6000000007152129568
6000000007152159319
6000000007152166394
6000000007152232364
6000000007152235217
6000000007152833600
6000000007153084249
6000000007153111495
6000000007153116755
6000000007153271602
6000000007153271607
6000000007153271616
6000000007153472209
6000000007153646266
6000000007153667236
6000000007158317181
6000000007158491988
6000000007158512933
6000000007158529031
6000000007158556871
6000000007158583803
6000000007158651840
6000000007158773350
6000000007158928212
6000000007158955898
6000000007159015288
6000000007159015355
6000000007159091990
6000000007159145356
6000000007159178334
6000000007159178997
6000000007159201467
6000000007159201865
6000000007159358779
6000000007159407883
6000000007159434970
6000000007159504846
6000000007159516157
6000000007159540301
6000000007159575947
6000000007159604788
6000000007159669623
6000000007159692263
6000000007159731839
6000000007160041228
6000000007160041835
6000000007160176211
6000000007160248594
6000000007160279538
6000000007160320355
6000000007160330450
6000000007161356474
6000000007161358419
6000000007161365878
6000000007161373496
6000000007161406498
6000000007161503201
6000000007161505211
6000000007161506208
6000000007161513237
6000000007165964518
6000000007166209522
6000000007166320333
6000000007166417374
6000000007166510276
6000000007166510294
6000000007166510298
6000000007167705951
6000000007168215733
6000000007168951509
6000000007169080261
6000000007170459692
6000000007170562706
6000000007171166333
6000000007171367286
6000000007171427292
6000000007171629271
6000000007175052771
6000000007175170913
6000000007175673322
6000000007175754295
6000000007175756336
6000000007175786227
6000000007176713157
6000000007176892629
6000000007176909706
6000000007176913213
6000000007176922202
6000000007177013341
6000000007177486846
6000000007177490851
6000000007177618613
6000000007177777542
6000000007177791864
6000000007177853683
6000000007177935621
6000000007177954808
6000000007177971808
6000000007177976262
6000000007177991418
6000000007178012940
6000000007178085294
6000000007178086212
6000000007178114860
6000000007178121265
6000000007178201225
6000000007178205323
6000000007178255359
6000000007178268218
6000000007178302265
6000000007178328224
6000000007178350211
6000000007178621922
6000000007178978204
6000000007179395766
6000000007179396068
6000000007183279647
6000000007185428279
6000000007185622035
6000000007186271392
6000000007186344294
6000000007186364367
6000000007186376295
6000000007186404253
6000000007186417318
6000000007186435218
6000000007186471201
6000000007186471271
6000000007190239235
6000000007190454203
6000000007190573413
6000000007190576330
6000000007190748446
6000000007190751289
6000000007191113212
6000000007191398255
6000000007191415972
6000000007191918707
6000000007192013315
6000000007208478772
6000000007209070059
6000000007209082108
6000000007209834538
6000000007209902388
6000000007210779299
6000000007211275783
6000000007211674203
6000000007213183226
6000000007215687165
6000000007217840400
6000000007219540254
6000000007220297924
6000000007220506333
6000000007220578332
6000000007220632437
6000000007220645211
6000000007220941543
6000000007221095216
6000000007223483821
6000000007223492316
6000000007223539181
6000000007223574603
6000000007223606324
6000000007223642219
6000000007223746745
6000000007223776248
6000000007223867764
6000000007223902100
6000000007223985675
6000000007224055390
6000000007224151132
6000000007224158488
6000000007224161902
6000000007224161906
6000000007224180913
6000000007224180921
6000000007224216898
6000000007224278380
6000000007224439457
6000000007224471381
6000000007224488329
6000000007224517301
6000000007224517343
6000000007224533676
6000000007224544039
6000000007225423174
6000000007225678913
6000000007225772098
6000000007225974316
6000000007226222201
6000000007228090997
6000000007228325270
6000000007229277875
6000000007230117391
6000000007232003012
6000000007232192644
6000000007232744931
6000000007232750634
6000000007232808521
6000000007233295515
6000000007233430272
6000000007233641797
6000000007235808624
6000000007237395312
6000000007239694119
6000000007239826191
6000000007239915124
6000000007239918932
6000000007240168548
6000000007240267242
6000000007240712120
6000000007240719074
6000000007240824388
6000000007240843378
6000000007241145338
6000000007241159660
6000000007241237658
6000000007241262485
6000000007241283792
6000000007241414417
6000000007243988219
6000000007244287240
6000000007244376077
6000000007245448212
6000000007247902707
6000000007248628259
6000000007248988839
6000000007249000737
6000000007249053354
6000000007249226008
6000000007249389502
6000000007249499326
6000000007249954457
6000000007254412253
6000000007254412258
6000000007255359586
6000000007255368835
6000000007255394250
6000000007255394375
6000000007255394379
6000000007255856215
6000000007260115527
6000000007260250269
6000000007264355619
6000000007265083885
6000000007265252867
6000000007265845639
6000000007265846536
6000000007265865512
6000000007265870566
6000000007270866239
6000000007271029208
6000000007273099131
6000000007273295799
6000000007273413874
6000000007273625605
6000000007274283215
6000000007277827729
6000000007278934387
6000000007279395059
6000000007279735906
6000000007279827834
6000000007279913359
6000000007279962268
6000000007280298930
6000000007280432843
6000000007280726030
6000000007281071419
6000000007283504914
6000000007287631566
6000000007288687962
6000000007289139503
6000000007289165884
6000000007289370363
6000000007292659352
6000000007294797860
6000000007294928449
6000000007295010814
6000000007297857008
6000000007297979815
6000000007298202543
6000000007299527725
6000000007299712660
6000000007301005741
6000000007301226440
6000000007302676831
6000000007302772225
6000000007302828216
6000000007302873307
6000000007302896430
6000000007302917238
6000000007302977260
6000000007302997207
6000000007303005239
6000000007303926737
6000000007304061428
6000000007304150583
6000000007305154103
6000000007305230792
6000000007305333439
6000000007305593204
6000000007305672988
6000000007305676823
6000000007305676841
6000000007305676917
6000000007305676936
6000000007305677087
6000000007305690654
6000000007305690659
6000000007306640907
6000000007310854271
6000000007310919348
6000000007312404163
6000000007312523885
6000000007312819376
6000000007316238334
6000000007316403023
6000000007318350359
6000000007318377542
6000000007318523244
6000000007319664761
6000000007319673800
6000000007319762293
6000000007319905205
6000000007320018630
6000000007320145416
6000000007320330946
6000000007320577748
6000000007320714746
6000000007320751900
6000000007320795735
6000000007320857463
6000000007320864378
6000000007324386873
6000000007324607280
6000000007324649266
6000000007328839427
6000000007328839926
6000000007328850936
6000000007328881496
6000000007328882131
6000000007328895205
6000000007328928332
6000000007328933873
6000000007328955712
6000000007328963493
6000000007328963882
6000000007328981837
6000000007328981913
6000000007328999699
6000000007328999766
6000000007329000074
6000000007329007575
6000000007329033040
6000000007329033043
6000000007329050618
6000000007329057019
6000000007329105586
6000000007329105646
6000000007329105813
6000000007329105940
6000000007329114068
6000000007329114076
6000000007329146377
6000000007329146760
6000000007329350026
6000000007329350049
6000000007329350053
6000000007329350060
6000000007329359444
6000000007329359451
6000000007329359470
6000000007329359613
6000000007329359671
6000000007329359922
6000000007329359947
6000000007329360118
6000000007329360123
6000000007329360126
6000000007329368699
6000000007329368775
6000000007329368929
6000000007329369069
6000000007329369151
6000000007329382380
6000000007329382543
6000000007329382852
6000000007329382857
6000000007329383039
6000000007329383086
6000000007329393664
6000000007329503253
6000000007329643116
6000000007329714942
6000000007329725483
6000000007329867150
6000000007329875388
6000000007330223786
6000000007330743718
6000000007330939065
6000000007331031347
6000000007331084517
6000000007331108288
6000000007331144280
6000000007331144311
6000000007331145321
6000000007331177218
6000000007331622581
6000000007331641447
6000000007335484017
6000000007335656040
6000000007335891534
6000000007335906459
6000000007335906838
6000000007335909386
6000000007335955230
6000000007335965769
6000000007335981362
6000000007336221457
6000000007337035804
6000000007337083753
6000000007337162704
6000000007337177563
6000000007337182569
6000000007337183645
6000000007337244097
6000000007337261308
6000000007337273287
6000000007337596304
6000000007338667580
6000000007338753527
6000000007338979252
6000000007345045139
6000000007345079137
6000000007345119911
6000000007345271587
6000000007345404382
6000000007345555913
6000000007345667631
6000000007345716842
6000000007345723540
6000000007345818438
6000000007345823447
6000000007347747353
6000000007347782359
6000000007347853258
6000000007347974421
6000000007348713588
6000000007348780515
6000000007348849446
6000000007349012338
6000000007349214316
6000000007349247294
6000000007351784249
6000000007352562532
6000000007352740079
6000000007352999245
6000000007353017664
6000000007353076371
6000000007353089447
6000000007353584504
6000000007355319799
6000000007355772440
6000000007355860351
6000000007355902264
6000000007355913208
6000000007356394303
6000000007360872802
6000000007360939224
6000000007360977697
6000000007361002701
6000000007361054747
6000000007361074586
6000000007361143654
6000000007361178569
6000000007361186497
6000000007361285243
6000000007361352517
6000000007361365363
6000000007361407306
6000000007361936808
6000000007362048423
6000000007363076546
6000000007363447605
6000000007363869269
6000000007363914201
6000000007364772006
6000000007368480488
6000000007369197595
6000000007369851958
6000000007369880557
6000000007370141910
6000000007370175678
6000000007370211940
6000000007370284470
6000000007370343451
6000000007370351447
6000000007370433466
6000000007370465360
6000000007372151558
6000000007372509359
6000000007372664408
6000000007372668477
6000000007372682319
6000000007372682335
6000000007372736542
6000000007372750387
6000000007372768349
6000000007372780540
6000000007372854298
6000000007372858257
6000000007372879212
6000000007373056864
6000000007373273392
6000000007373354280
6000000007373368243
6000000007373484281
6000000007373509229
6000000007373534300
6000000007373557391
6000000007373561245
6000000007374258493
6000000007375971657
6000000007376207986
6000000007376492091
6000000007376492703
6000000007376607096
6000000007376627799
6000000007376753830
6000000007376783807
6000000007376819364
6000000007376869520
6000000007376895683
6000000007376920835
6000000007376934082
6000000007377013366
6000000007377026597
6000000007377067414
6000000007377084456
6000000007377094526
6000000007377148524
6000000007377151717
6000000007377153279
6000000007377159393
6000000007377162425
6000000007377189208
6000000007377205258
6000000007377213718
6000000007377232723
6000000007377233243
6000000007377299625
6000000007377315413
6000000007377345788
6000000007377375350
6000000007377440374
6000000007377453286
6000000007377454354
6000000007377482324
6000000007377566859
6000000007377611620
6000000007377617601
6000000007377675061
6000000007377712774
6000000007377718429
6000000007377762455
6000000007377782424
6000000007377863621
6000000007377893278
6000000007377901649
6000000007377904568
6000000007378088365
6000000007378114323
6000000007378147830
6000000007378260165
6000000007380924986
6000000007380963419
6000000007381773296
6000000007383469879
6000000007383486413
6000000007383527377
6000000007383740134
6000000007383798203
6000000007383870130
6000000007383955866
6000000007383978909
6000000007384023934
6000000007384125507
6000000007384129897
6000000007384129915
6000000007384364227
6000000007384364254
6000000007384385901
6000000007384473603
6000000007384786331
6000000007384851588
6000000007384965471
6000000007385419136
6000000007385420123
6000000007385688935
6000000007385806139
6000000007385846941
6000000007385895781
6000000007386566361
6000000007386692192
6000000007386881233
6000000007386934705
6000000007386995918
6000000007387018987
6000000007387096731
6000000007387136841
6000000007387160702
6000000007387164617
6000000007387195735
6000000007387195991
6000000007387264577
6000000007387276400
6000000007387303479
6000000007387319811
6000000007387319838
6000000007387325320
6000000007387334201
6000000007387336237
6000000007387380336
6000000007387392346
6000000007387409218
6000000007387458269
6000000007387506405
6000000007387709280
6000000007388889646
6000000007391051017
6000000007392745322
6000000007393312645
6000000007393379736
6000000007393452431
6000000007393499251
6000000007393509207
6000000007394039629
6000000007394293715
6000000007394310797
6000000007394875218
6000000007394963376
6000000007394966333
6000000007395253815
6000000007395300233
6000000007395435272
6000000007395438231
6000000007395491201
6000000007398417603
6000000007398420655
6000000007398568468
6000000007398633364
6000000007398909436
6000000007398909446
6000000007398909451
6000000007398990394
6000000007399863113
6000000007400544452
6000000007400564349
6000000007402977759
6000000007404418226
6000000007405276824
6000000007406852242
6000000007409531308
6000000007409866223
6000000007410119822
6000000007410250867
6000000007410281399
6000000007410315573
6000000007410375274
6000000007410868784
6000000007412336339
6000000007412721506
6000000007416435202
6000000007416469961
6000000007416479863
6000000007416745166
6000000007416760108
6000000007416792085
6000000007416811096
6000000007416879160
6000000007417141707
6000000007417266484
6000000007417279461
6000000007417335503
6000000007419630264
6000000007420343457
6000000007423696305
6000000007425380276
6000000007425935479
6000000007425999847
6000000007426408285
6000000007426473196
6000000007426641798
6000000007426649552
6000000007426663456
6000000007426709461
6000000007426789713
6000000007427191859
6000000007427366483
6000000007427508274
6000000007427665201
6000000007427915422
6000000007427965254
6000000007436382801
6000000007436539279
6000000007437866206
6000000007437920930
6000000007438034858
6000000007438171730
6000000007438244433
6000000007438260391
6000000007438565259
6000000007438586221
6000000007438611276
6000000007438625216
6000000007438630244
6000000007438911338
6000000007438911347
6000000007439063256
6000000007439148236
6000000007442119232
6000000007442137271
6000000007442188206
6000000007442715650
6000000007442817606
6000000007442829724
6000000007442944243
6000000007443327495
6000000007447774947
6000000007447944906
6000000007448474873
6000000007448698789
6000000007449275549
6000000007449613375
6000000007449709412
6000000007449732239
6000000007449772264
6000000007450145866
6000000007450515247
6000000007450515252
6000000007451652605
6000000007452028819
6000000007452690791
6000000007452977459
6000000007453204814
6000000007453268163
6000000007453469107
6000000007453647690
6000000007455410474
6000000007455561581
6000000007455640420
6000000007455717347
6000000007459807343
6000000007462278739
6000000007462904783
6000000007463317568
6000000007463475972
6000000007469604491
6000000007469633419
6000000007469903387
6000000007469910356
6000000007469910365
6000000007469925437
6000000007469925451
6000000007472051048
6000000007472526378
6000000007472526386
6000000007472672149
6000000007472738832
6000000007472954086
6000000007473049550
6000000007473197226
6000000007473215332
6000000007473220223
6000000007473227258
6000000007473365529
6000000007480923065
6000000007481041845
6000000007481083109
6000000007481105083
6000000007481150887
6000000007481252823
6000000007481455376
6000000007481512772
6000000007481535717
6000000007481564324
6000000007481582521
6000000007481606574
6000000007481658362
6000000007481730324
6000000007481767279
6000000007481876322
6000000007489046924
6000000007494593304
6000000007496532550
6000000007509277634
6000000007509567259
6000000007510043633
6000000007510081879
6000000007510081995
6000000007510090247
6000000007511733965
6000000007512147423
6000000007512887719
6000000007512954111
6000000007513185369
6000000007513336281
6000000007513339285
6000000007513364768
6000000007513370423
6000000007513385612
6000000007513401606
6000000007513405389
6000000007513435091
6000000007513504587
6000000007513519248
6000000007513525267
6000000007513539897
6000000007513546203
6000000007513579276
6000000007513627580
6000000007513653926
6000000007513701446
6000000007513711631
6000000007513742949
6000000007513772653
6000000007513783025
6000000007513793289
6000000007513839354
6000000007513858514
6000000007513895370
6000000007513920771
6000000007513934259
6000000007513941263
6000000007514022296
6000000007514058349
6000000007514077309
6000000007515757560
6000000007520262237
6000000007521806578
6000000007522437360
6000000007522552204
6000000007522729674
6000000007525324625
6000000007525428692
6000000007525465647
6000000007525526455
6000000007525536697
6000000007525551280
6000000007525555216
6000000007525557584
6000000007525577394
6000000007525602671
6000000007525634328
6000000007525680405
6000000007525755205
6000000007535893532
6000000007548814131
6000000007549091857
6000000007549309545
6000000007549309632
6000000007549360530
6000000007549758907
6000000007550082423
6000000007553223684
6000000007553285401
6000000007553350357
6000000007553936369
6000000007553937389
6000000007554105253
6000000007559278400
6000000007562668133
6000000007562782882
6000000007562998869
6000000007573165594
6000000007573171415
6000000007573626207
6000000007576330496
6000000007577961246
6000000007578783922
6000000007578928484
6000000007580387530
6000000007581050929
6000000007581296353
6000000007581397765
6000000007581583513
6000000007582536248
6000000007582694632
6000000007583144253
6000000007584617218
6000000007584661312
6000000007587146688
6000000007587174776
6000000007588054233
6000000007588176685
6000000007588176752
6000000007588187311
6000000007588187341
6000000007588187344
6000000007588187347
6000000007588187422
6000000007588187435
6000000007588187843
6000000007589212979
6000000007592730594
6000000007593862015
6000000007601544064
6000000007603049027
6000000007603061484
6000000007603102373
6000000007603719950
6000000007603881234
6000000007604827698
6000000007605227167
6000000007605391351
6000000007605460277
6000000007605579117
6000000007605626796
6000000007606027348
6000000007606027356
6000000007607686593
6000000007607735677
6000000007607750419
6000000007607767363
6000000007607816215
6000000007607882212
6000000007610732307
6000000007615345360
6000000007622461254
6000000007622463302
6000000007622481931
6000000007622505263
6000000007622603672
6000000007622745625
6000000007626052177
6000000007626120155
6000000007626293686
6000000007626385063
6000000007626602378
6000000007630669133
6000000007630906440
6000000007631081205
6000000007635596538
6000000007635630874
6000000007635630956
6000000007635630965
6000000007635631013
6000000007635631021
6000000007635631024
6000000007635631030
6000000007635644354
6000000007635644360
6000000007635644363
6000000007635644369
6000000007635644372
6000000007635644381
6000000007635644387
6000000007635644393
6000000007635644399
6000000007635644405
6000000007635644411
6000000007635644802
6000000007635997540
6000000007636213600
6000000007636498112
6000000007643739587
6000000007644037369
6000000007644113299
6000000007644462613
6000000007644554502
6000000007644729198
6000000007644798101
6000000007645117453
6000000007645149279
6000000007658087041
6000000007658406552
6000000007658436511
6000000007658514511
6000000007658525343
6000000007658535480
6000000007658633235
6000000007658655231
6000000007658665350
6000000007658671218
6000000007663554459
6000000007663672741
6000000007664630833
6000000007664834431
6000000007664858090
6000000007665462377
6000000007665528232
6000000007665914356
6000000007665918998
6000000007679424847
6000000007679492851
6000000007679519122
6000000007679545077
6000000007679722639
6000000007679813913
6000000007679887674
6000000007685011239
6000000007688249371
6000000007690972801
6000000007692644821
6000000007692795726
6000000007692795753
6000000007692858548
6000000007692877484
6000000007692917429
6000000007694290190
6000000007709925454
6000000007710110484
6000000007713525260
6000000007713589823
6000000007718466718
6000000007723609201
6000000007723609254
6000000007727145042
6000000007727817376
6000000007734104563
6000000007738083443
6000000007739185375
6000000007739406596
6000000007740839856
6000000007754053434
6000000007754053439
6000000007754293691
6000000007754293932
6000000007754293964
6000000007759612707
6000000007759800351
6000000007759800356
6000000007760543606
6000000007760702220
6000000007761163335
6000000007762210393
6000000007762238563
6000000007762598375
6000000007763878809
6000000007763945818
6000000007763989784
6000000007764025647
6000000007764169228
6000000007764173350
6000000007764441699
6000000007764501260
6000000007773355604
6000000007773419755
6000000007773511491
6000000007773654412
6000000007775636581
6000000007776440071
6000000007776813294
6000000007778714948
6000000007778825533
6000000007778856577
6000000007791685621
6000000007791794904
6000000007792585056
6000000007792771651
6000000007793130203
6000000007793316058
6000000007793397239
6000000007793486741
6000000007793562990
6000000007793652262
6000000007793661476
6000000007793710443
6000000007793780623
6000000007802706757
6000000007805601058
6000000007805670626
6000000007805714522
6000000007805896284
6000000007806061635
6000000007806817439
6000000007807958435
6000000007808085830
6000000007808176674
6000000007816340913
6000000007818561061
6000000007818631316
6000000007818737070
6000000007818789797
6000000007818790141
6000000007818815046
6000000007818873404
6000000007818894577
6000000007818897614
6000000007818951638
6000000007819077385
6000000007819140327
6000000007819155230
6000000007819158265
6000000007819177260
6000000007820516241
6000000007821686289
6000000007823201627
6000000007823256068
6000000007823574572
6000000007823618238
6000000007823665230
6000000007829176517
6000000007830571232
6000000007830674976
6000000007830771266
6000000007831757178
6000000007831793614
6000000007832357362
6000000007832830104
6000000007833377085
6000000007834871886
6000000007834999145
6000000007836267366
6000000007836503494
6000000007836575397
6000000007836724591
6000000007837023967
6000000007837028998
6000000007837029106
6000000007837421595
6000000007837428759
6000000007837507319
6000000007838586650
6000000007840182333
6000000007844245796
6000000007844727847
6000000007845406499
6000000007848537521
6000000007852134895
6000000007852228363
6000000007852249498
6000000007852261512
6000000007852274651
6000000007852318301
6000000007852384406
6000000007852395530
6000000007852440264
6000000007852517210
6000000007854900239
6000000007858672525
6000000007860968480
6000000007861533388
6000000007861533394
6000000007861533413
6000000007861775949
6000000007862383112
6000000007863298198
6000000007863333055
6000000007871130589
6000000007871197382
6000000007871257305
6000000007871342554
6000000007872097184
6000000007872159689
6000000007872201206
6000000007872334406
6000000007872445231
6000000007872710188
6000000007872745180
6000000007872896986
6000000007872975339
6000000007873065614
6000000007873236620
6000000007878195769
6000000007878381314
6000000007880589358
6000000007880593402
6000000007880597324
6000000007887402307
6000000007887499249
6000000007891527467
6000000007895808593
6000000007895860271
6000000007895877248
6000000007895883342
6000000007896519447
6000000007896683585
6000000007896772379
6000000007896806582
6000000007896861244
6000000007898825679
6000000007899962583
6000000007901795412
6000000007914966947
6000000007915208588
6000000007915222432
6000000007915283422
6000000007915298090
6000000007915334543
6000000007915348606
6000000007915348639
6000000007915351764
6000000007915388240
6000000007915389702
6000000007915412431
6000000007915429361
6000000007915455367
6000000007915460465
6000000007915505577
6000000007915539616
6000000007915729523
6000000007915975712
6000000007922625130
6000000007922635151
6000000007922641924
6000000007922658782
6000000007922780674
6000000007922797801
6000000007923495678
6000000007923827825
6000000007924205033
6000000007924467465
6000000007924550695
6000000007925767921
6000000007925943554
6000000007926052549
6000000007926071387
6000000007926143400
6000000007926228816
6000000007926329398
6000000007926342467
6000000007929127173
6000000007929213702
6000000007929219414
6000000007929494942
6000000007929605322
6000000007947489857
6000000007947647281
6000000007947744434
6000000007948026658
6000000007948039276
6000000007948054460
6000000007948731482
6000000007949043978
6000000007949054335
6000000007949056229
6000000007950298772
6000000007950931464
6000000007950946278
6000000007951060259
6000000007951073336
6000000007951369403
6000000007951566399
6000000007952452947
6000000007958767639
6000000007960129940
6000000007960350261
6000000007960434327
6000000007962950116
6000000007962965067
6000000007963388035
6000000007965097322
6000000007965116425
6000000007965776443
6000000007965818298
6000000007965870236
6000000007966617848
6000000007966807437
6000000007966886437
6000000007966928254
6000000007967192019
6000000007974321632
6000000007974327545
6000000007975359569
6000000007978011079
6000000007978011138
6000000007978029268
6000000007978030051
6000000007978030054
6000000007979202134
6000000007979641076
6000000007979874771
6000000007980020223
6000000007980338138
6000000007980445542
6000000007980445947
6000000007980520044
6000000007980534328
6000000007980589910
6000000007980604226
6000000007980617958
6000000007980643431
6000000007980656795
6000000007980672752
6000000007980672758
6000000007980672770
6000000007980672776
6000000007980673024
6000000007980728811
6000000007980728818
6000000007980729070
6000000007980729100
6000000007980729103
6000000007980729106
6000000007980739225
6000000007980739251
6000000007980739327
6000000007980739380
6000000007980739494
6000000007980739505
6000000007980739510
6000000007980760910
6000000007980957596
6000000007981027616
6000000007981028183
6000000007981242542
6000000007981465964
6000000007981557267
6000000007981623216
6000000007981799484
6000000007981879224
6000000007989249295
6000000007989574359
6000000007989584819
6000000007989881522
6000000007990529711
6000000007990688220
6000000007990913394
6000000007991213397
6000000007993337442
6000000007996221834
6000000008003624026
6000000008003666637
6000000008003802360
6000000008003898211
6000000008004334043
6000000008004418918
6000000008004518667
6000000008004518685
6000000008004671255
6000000008007267443
6000000008007435358
6000000008007454254
6000000008007946298
6000000008009146219
6000000008009285998
6000000008009383780
6000000008010025730
6000000008010117294
6000000008011078694
6000000008011386308
6000000008011446752
6000000008011456573
6000000008011535497
6000000008011547369
6000000008011568375
6000000008011653680
6000000008011668307
6000000008011683396
6000000008011777317
6000000008018892870
6000000008018900992
6000000008018953951
6000000008019016862
6000000008019107442
6000000008019352807
6000000008019610345
6000000008019682504
6000000008021020173
6000000008021169405
6000000008021170635
6000000008021369565
6000000008021369582
6000000008021470468
6000000008021477466
6000000008021505316
6000000008021557209
6000000008023552792
6000000008023596359
6000000008023621308
6000000008023664228
6000000008023685681
6000000008023729341
6000000008023754385
6000000008023754488
6000000008023757388
6000000008023767397
6000000008023777421
6000000008023822203
6000000008023962964
6000000008024070894
6000000008024133707
6000000008024168627
6000000008024173634
6000000008024183896
6000000008024207441
6000000008024278549
6000000008024303241
6000000008024314740
6000000008024328675
6000000008024343440
6000000008024376364
6000000008024385273
6000000008024421320
6000000008024856179
6000000008024879088
6000000008025009422
6000000008025013696
6000000008025054828
6000000008025065986
6000000008025123769
6000000008025155390
6000000008025167298
6000000008025210314
6000000008025303418
6000000008025311227
6000000008027865615
6000000008030116091
6000000008030523393
6000000008033628398
6000000008035056685
6000000008035184455
6000000008050425078
6000000008050700069
6000000008050728033
6000000008050917580
6000000008050941443
6000000008050986230
6000000008051006406
6000000008051032314
6000000008052642281
6000000008053552795
6000000008053578152
6000000008053594297
6000000008053659249
6000000008053682266
6000000008053704330
6000000008053968915
6000000008054136174
6000000008054320700
6000000008054483608
6000000008054591409
6000000008054648489
6000000008054720314
6000000008058210198
6000000008058355123
6000000008058368146
6000000008058371192
6000000008058374795
6000000008058423791
6000000008058442044
6000000008058458691
6000000008058468686
6000000008058522355
6000000008058570325
6000000008058571493
6000000008058597328
6000000008058613427
6000000008058630287
6000000008058659451
6000000008058664445
6000000008058678340
6000000008058688233
6000000008059608512
6000000008061373199
6000000008062269710
6000000008062492332
6000000008062601225
6000000008062795055
6000000008064143164
6000000008064311792
6000000008075353989
6000000008075842193
6000000008078990204
6000000008079877112
6000000008080081209
6000000008089758444
6000000008090282796
6000000008090500533
6000000008090587849
6000000008090739220
6000000008102835620
6000000008107292445
6000000008112851204
6000000008113408123
6000000008113558110
6000000008113644708
6000000008113729352
6000000008115020929
6000000008115048412
6000000008115119355
6000000008115171276
6000000008115770640
6000000008115778840
6000000008115810722
6000000008116134404
6000000008116170439
6000000008121241847
6000000008123783874
6000000008127500943
6000000008127502447
6000000008127523493
6000000008127596262
6000000008127608536
6000000008127640201
6000000008127646739
6000000008127677144
6000000008127686725
6000000008127765261
6000000008127809264
6000000008128039115
6000000008128137456
6000000008128203312
6000000008141918958
6000000008141953563
6000000008141977527
6000000008142176896
6000000008142182566
6000000008142333298
6000000008142433371
6000000008151843470
6000000008151874763
6000000008151984395
6000000008152198021
6000000008152322755
6000000008154848800
6000000008154875083
6000000008155003397
6000000008155003843
6000000008155039419
6000000008155057204
6000000008160460824
6000000008166829170
6000000008176866639
6000000008177259164
6000000008177264675
6000000008177270225
6000000008177270622
6000000008177271164
6000000008177274736
6000000008177289950
6000000008177296398
6000000008177296401
6000000008177296405
6000000008177296523
6000000008177296802
6000000008177296834
6000000008177296840
6000000008177296956
6000000008177297050
6000000008177322888
6000000008177323005
6000000008177323079
6000000008177323130
6000000008177323133
6000000008177323137
6000000008177323140
6000000008177335051
6000000008177335126
6000000008177335129
6000000008177335141
6000000008177390118
6000000008177390121
6000000008177419585
6000000008177419782
6000000008177427680
6000000008177457294
6000000008177457384
6000000008177457464
6000000008177457467
6000000008177457997
6000000008177465443
6000000008177465898
6000000008177465916
6000000008177465957
6000000008177465997
6000000008177466006
6000000008177466035
6000000008177466043
6000000008177466052
6000000008177466060
6000000008177466065
6000000008177466074
6000000008177466078
6000000008177466083
6000000008177466091
6000000008177466096
6000000008177466105
6000000008177466110
6000000008177466118
6000000008177466133
6000000008177466147
6000000008177466162
6000000008177466166
6000000008177466179
6000000008177466192
6000000008177466199
6000000008177475209
6000000008177475219
6000000008177475223
6000000008177475226
6000000008177475234
6000000008177475249
6000000008177475276
6000000008177475289
6000000008177475292
6000000008177475298
6000000008177475301
6000000008177475307
6000000008177510021
6000000008177522957
6000000008186044318
6000000008187506545
6000000008188439759
6000000008188511051
6000000008188593947
6000000008188630392
6000000008189412126
6000000008192122953
6000000008192256076
6000000008192337350
6000000008197040743
6000000008197048898
6000000008197305060
6000000008197492978
6000000008199415647
6000000008200119127
6000000008200195062
6000000008200349454
6000000008200380508
6000000008200387454
6000000008200407668
6000000008200419852
6000000008200419919
6000000008200445365
6000000008206890127
6000000008211205552
6000000008211206670
6000000008211382257
6000000008212113376
6000000008218357256
6000000008220656748
6000000008221987905
6000000008222099198
6000000008222190578
6000000008222199577
6000000008222292351
6000000008222310790
6000000008222349306
6000000008229426187
6000000008234013066
6000000008234062867
6000000008237149442
6000000008237255312
6000000008239561958
6000000008239612705
6000000008239679715
6000000008240343752
6000000008242035482
6000000008243123633
6000000008243302494
6000000008248123480
6000000008248123847
6000000008248123866
6000000008248136261
6000000008248136587
6000000008248147331
6000000008248147373
6000000008248165238
6000000008248165320
6000000008248165386
6000000008248165485
6000000008248174600
6000000008248183477
6000000008248183613
6000000008248183626
6000000008248183657
6000000008248183669
6000000008248183680
6000000008248183799
6000000008248183802
6000000008248184026
6000000008248184029
6000000008248184063
6000000008248184084
6000000008248188271
6000000008248188278
6000000008248188367
6000000008248188370
6000000008248188432
6000000008248200825
6000000008248200854
6000000008248206405
6000000008248206451
6000000008248206507
6000000008248206524
6000000008248206924
6000000008248272457
6000000008248272460
6000000008248283516
6000000008248298978
6000000008248298988
6000000008248299023
6000000008248299121
6000000008248363443
6000000008248363481
6000000008248363487
6000000008248363792
6000000008248363844
6000000008248363913
6000000008248363916
6000000008248363922
6000000008248363936
6000000008248372365
6000000008248391690
6000000008248421599
6000000008248430260
6000000008248430276
6000000008248430400
6000000008248436781
6000000008248466827
6000000008248528886
6000000008248603921
6000000008248606557
6000000008248621353
6000000008248641692
6000000008248641698
6000000008248641801
6000000008248664286
6000000008248664316
6000000008248904407
6000000008248939764
6000000008250258163
6000000008250277565
6000000008250385063
6000000008250495507
6000000008258664926
6000000008258770433
6000000008258817738
6000000008258878255
6000000008260252198
6000000008262011906
6000000008262617721
6000000008262941290
6000000008263089775
6000000008264669961
6000000008264795922
6000000008264866569
6000000008265118877
6000000008265874856
6000000008266000023
6000000008266043781
6000000008266067033
6000000008266172453
6000000008266252169
6000000008266296763
6000000008266526258
6000000008266544349
6000000008267486007
6000000008268244687
6000000008268294846
6000000008268355470
6000000008269433946
6000000008269468900
6000000008269523707
6000000008269730491
6000000008276531908
6000000008277237018
6000000008277327163
6000000008277598663
6000000008277759278
6000000008279356422
6000000008279925832
6000000008279996965
6000000008280082122
6000000008280116728
6000000008280157326
6000000008280178235
6000000008283958962
6000000008285917938
6000000008289716283
6000000008289847966
6000000008289908571
6000000008291728355
6000000008298247161
6000000008298409544
6000000008298512373
6000000008301308909
6000000008301377974
6000000008301390803
6000000008301468990
6000000008301486970
6000000008301519650
6000000008301527994
6000000008301563211
6000000008301609481
6000000008301619837
6000000008309040154
6000000008309191569
6000000008309287402
6000000008309332244
6000000008313904945
6000000008316124870
6000000008316276220
6000000008316510104
6000000008318834614
6000000008318845707
6000000008318933282
6000000008325622796
6000000008331501412
6000000008339978059
6000000008340259271
6000000008340373448
6000000008341688360
6000000008341828419
6000000008345255396
6000000008345384576
6000000008345389102
6000000008345886410
6000000008346029353
6000000008351979364
6000000008352115934
6000000008352146612
6000000008353704922
6000000008353862820
6000000008354077310
6000000008354254953
6000000008355199252
6000000008363694104
6000000008369461633
6000000008370026190
6000000008370334197
6000000008370998983
6000000008375987266
6000000008377420949
6000000008379186746
6000000008379186889
6000000008379272218
6000000008380275542
6000000008380626031
6000000008380901019
6000000008382360532
6000000008382360537
6000000008384069677
6000000008384075400
6000000008384102573
6000000008384129608
6000000008384169515
6000000008384492590
6000000008392189123
6000000008394636934
6000000008394773867
6000000008394795743
6000000008395084275
6000000008395473048
6000000008395909530
6000000008395947277
6000000008395970430
6000000008396336903
6000000008397962729
6000000008403587645
6000000008403696428
6000000008403696643
6000000008403760871
6000000008404258408
6000000008404401714
6000000008404499137
6000000008404669111
6000000008404802241
6000000008404917287
6000000008407098549
6000000008407736607
6000000008408065585
6000000008417121934
6000000008417193840
6000000008417271102
6000000008417530851
6000000008417710721
6000000008417753641
6000000008417896557
6000000008418787794
6000000008419015505
6000000008419118285
6000000008419125317
6000000008420217119
6000000008420292627
6000000008420333733
6000000008420359457
6000000008420422375
6000000008420441414
6000000008420455287
6000000008420477327
6000000008421831868
6000000008421990754
6000000008425629157
6000000008425678071
6000000008425708073
6000000008425746914
6000000008425797834
6000000008425884594
6000000008425893093
6000000008425914096
6000000008425918048
6000000008425924688
6000000008425950977
6000000008426056482
6000000008426075784
6000000008426098415
6000000008426129407
6000000008426513012
6000000008428728826
6000000008436408759
6000000008436497662
6000000008436553807
6000000008436595980
6000000008436738292
6000000008437693892
6000000008437828293
6000000008438841099
6000000008438928411
6000000008438928433
6000000008444443551
6000000008444720754
6000000008444756418
6000000008444875397
6000000008445167331
6000000008447116601
6000000008447233717
6000000008447260540
6000000008447715866
6000000008447731021
6000000008447858974
6000000008447918128
6000000008447998626
6000000008448694869
6000000008448769649
6000000008448873336
6000000008448987047
6000000008449058912
6000000008449136092
6000000008449169881
6000000008449259182
6000000008449326269
6000000008449332099
6000000008449348173
6000000008449358817
6000000008449460657
6000000008449491244
6000000008449495536
6000000008449522780
6000000008449580681
6000000008449611088
6000000008449652295
6000000008449845216
6000000008450026741
6000000008450147037
6000000008450261906
6000000008450273692
6000000008450357096
6000000008450368409
6000000008450568184
6000000008450577851
6000000008450598286
6000000008450637373
6000000008453111091
6000000008458963933
6000000008460531915
6000000008460694572
6000000008460814552
6000000008460842682
6000000008460859430
6000000008461166126
6000000008461200843
6000000008461271809
6000000008461340698
6000000008461369112
6000000008461396927
6000000008461422504
6000000008461530474
6000000008461539544
6000000008462437731
6000000008462451859
6000000008462456097
6000000008462535615
6000000008462563695
6000000008462672311
6000000008462702879
6000000008462726780
6000000008462728872
6000000008462740693
6000000008462749677
6000000008462771805
6000000008462787422
6000000008462800259
6000000008462813912
6000000008462818542
6000000008462837508
6000000008462851458
6000000008462869221
6000000008462872220
6000000008462896268
6000000008463025320
6000000008463383255
6000000008467388175
6000000008467423836
6000000008468653939
6000000008469364429
6000000008469749499
6000000008469756742
6000000008475066023
6000000008476369329
6000000008476398351
6000000008477433293
6000000008477489082
6000000008477489086
6000000008477489090
6000000008477543238
6000000008477768235
6000000008478214086
6000000008478698239
6000000008481458843
6000000008481999147
6000000008482030472
6000000008482219301
6000000008482892635
6000000008482904946
6000000008482928423
6000000008483825179
6000000008484318948
6000000008485290062
6000000008485487590
6000000008485747728
6000000008485844472
6000000008485870554
6000000008485881892
6000000008485965384
6000000008487905913
6000000008488094172
6000000008488281473
6000000008488372829
6000000008488372835
6000000008488397654
6000000008488419489
6000000008488426117
6000000008488431531
6000000008488448529
6000000008488493856
6000000008488509747
6000000008488510554
6000000008488524530
6000000008488598397
6000000008489639125
6000000008489639194
6000000008489639200
6000000008490040390
6000000008490257976
6000000008490510091
6000000008491847925
6000000008491852776
6000000008491893076
6000000008491914749
6000000008491980181
6000000008492008715
6000000008492033851
6000000008492052572
6000000008492080382
6000000008492100214
6000000008492280357
6000000008492283591
6000000008492296794
6000000008497347835
6000000008498030438
6000000008498136610
6000000008498184002
6000000008498533792
6000000008500066864
6000000008500188072
6000000008500434010
6000000008500516873
6000000008500577421
6000000008500721346
6000000008500807216
6000000008500949604
6000000008500985810
6000000008500995305
6000000008501150395
6000000008501164725
6000000008501190546
6000000008501588432
6000000008505396227
6000000008506283485
6000000008506390832
6000000008506694917
6000000008506714711
6000000008508015600
6000000008508091853
6000000008508101537
6000000008509159113
6000000008509505756
6000000008509721672
6000000008509919675
6000000008510049735
6000000008510142216
6000000008510581064
6000000008510747584
6000000008510783714
6000000008510794007
6000000008511129345
6000000008516083946
6000000008516133579
6000000008516953156
6000000008517951667
6000000008518113379
6000000008518115269
6000000008518454300
6000000008518501369
6000000008518501925
6000000008518519006
6000000008519893788
6000000008520003216
6000000008520042279
6000000008521744704
6000000008521761380
6000000008522201740
6000000008522578894
6000000008524686503
6000000008527795054
6000000008528029042
6000000008528074136
6000000008528168615
6000000008528228512
6000000008528326285
6000000008528496737
6000000008528686507
6000000008528711930
6000000008531206412
6000000008531592347
6000000008532795970
6000000008532959033
6000000008536657146
6000000008537422614
6000000008537579083
6000000008537611560
6000000008538116147
6000000008541487688
6000000008541521503
6000000008541581785
6000000008541614347
6000000008541663779
6000000008541673510
6000000008541754867
6000000008541796767
6000000008541840311
6000000008542366357
6000000008542431295
6000000008549429082
6000000008549433925
6000000008549433930
6000000008550691720
6000000008550767648
6000000008550792001
6000000008550992274
6000000008551290929
6000000008551538760
6000000008551611977
6000000008552562483
6000000008552564658
6000000008552660665
6000000008552799394
6000000008554686194
6000000008558642186
6000000008559046606
6000000008559242040
6000000008559256256
6000000008559256483
6000000008559273151
6000000008559443834
6000000008559452338
6000000008559480046
6000000008559545430
6000000008560483806
6000000008560577575
6000000008560817516
6000000008566850964
6000000008567666686
6000000008568503948
6000000008568510482
6000000008568510486
6000000008569066305
6000000008572115768
6000000008572476354
6000000008572505207
6000000008574334566
6000000008574395828
6000000008575245445
6000000008575928428
6000000008576204035
6000000008576204041
6000000008576298585
6000000008578858495
6000000008578924985
6000000008579461941
6000000008580589848
6000000008580637358
6000000008589035885
6000000008592343633
6000000008592659705
6000000008593751575
6000000008593755418
6000000008593800721
6000000008593876967
6000000008593946882
6000000008593959028
6000000008594027412
6000000008594053144
6000000008594057547
6000000008594063348
6000000008594324959
6000000008594391782
6000000008594513154
6000000008594522670
6000000008594599419
6000000008594643367
6000000008594654448
6000000008594663349
6000000008594718522
6000000008594718608
6000000008594757213
6000000008594824969
6000000008595166759
6000000008597538836
6000000008597680039
6000000008597744010
6000000008597759994
6000000008597785114
6000000008597859405
6000000008597860991
6000000008597957877
6000000008598753609
6000000008598857360
6000000008598950016
6000000008602073875
6000000008602073881
6000000008603551881
6000000008603551887
6000000008603933422
6000000008603933428
6000000008615639004
6000000008616271412
6000000008616446591
6000000008625933612
6000000008626722638
6000000008626941204
6000000008627678874
6000000008627740128
6000000008627905542
6000000008628043956
6000000008628205667
6000000008628285368
6000000008628326100
6000000008628390481
6000000008628684018
6000000008628719101
6000000008628921966
6000000008630302227
6000000008630577916
6000000008630612925
6000000008630612941
6000000008630612975
6000000008630612979
6000000008630612999
6000000008630613094
6000000008630613100
6000000008630613117
6000000008630613169
6000000008630617422
6000000008630617453
6000000008630617676
6000000008630617831
6000000008630618186
6000000008630618191
6000000008630618197
6000000008630623545
6000000008630623636
6000000008630623947
6000000008630624019
6000000008630628338
6000000008630628437
6000000008630628552
6000000008630628557
6000000008630628563
6000000008630628568
6000000008630628585
6000000008630635519
6000000008630635827
6000000008630635932
6000000008630636063
6000000008630636069
6000000008630637585
6000000008630637870
6000000008630637880
6000000008630637967
6000000008630637972
6000000008630638012
6000000008630638027
6000000008630638275
6000000008630638313
6000000008630638338
6000000008630638398
6000000008630638510
6000000008630638999
6000000008630655188
6000000008630655776
6000000008630655863
6000000008630655893
6000000008630657211
6000000008630657229
6000000008630657234
6000000008630657241
6000000008630657265
6000000008630657268
6000000008630657341
6000000008630657908
6000000008630658047
6000000008630664557
6000000008630666201
6000000008630666206
6000000008630666266
6000000008630676939
6000000008630676955
6000000008630676988
6000000008630680320
6000000008630680406
6000000008630680435
6000000008630680440
6000000008630680449
6000000008630680453
6000000008630680457
6000000008630680461
6000000008630680464
6000000008630696382
6000000008630701538
6000000008630728491
6000000008630797531
6000000008630858607
6000000008630909326
6000000008630909408
6000000008631008314
6000000008633452910
6000000008634800417
6000000008634961334
6000000008637404438
6000000008639368479
6000000008639467235
6000000008639674455
6000000008640413240
6000000008640413244
6000000008640413248
6000000008640413252
6000000008640413262
6000000008640426888
6000000008640434422
6000000008640434812
6000000008640434825
6000000008640446265
6000000008640446422
6000000008640455300
6000000008640455319
6000000008640455324
6000000008640455404
6000000008640464512
6000000008640472322
6000000008640472913
6000000008640480046
6000000008640493155
6000000008640512437
6000000008640512646
6000000008640513165
6000000008640618400
6000000008640619159
6000000008640625640
6000000008640674891
6000000008640674909
6000000008640726205
6000000008640726214
6000000008640992126
6000000008641220530
6000000008641299651
6000000008641363651
6000000008642739228
6000000008643258069
6000000008643949504
6000000008648869213
6000000008650265851
6000000008650285629
6000000008650291678
6000000008651210178
6000000008656413947
6000000008657376354
6000000008658288609
6000000008658774074
6000000008659036741
6000000008659076693
6000000008659123546
6000000008660279458
6000000008660675402
6000000008661069645
6000000008661852799
6000000008662170862
6000000008662181846
6000000008662220734
6000000008662283725
6000000008662385596
6000000008662472726
6000000008662486295
6000000008662608762
6000000008666644185
6000000008666761226
6000000008667031926
6000000008667065806
6000000008667170054
6000000008667303615
6000000008667304658
6000000008667305553
6000000008667306514
6000000008669575773
6000000008673471019
6000000008673853378
6000000008675964271
6000000008677699768
6000000008677917733
6000000008679145062
6000000008679164034
6000000008679205173
6000000008679206796
6000000008679208163
6000000008679243175
6000000008679279639
6000000008679283594
6000000008679317189
6000000008679407647
6000000008679479212
6000000008679483196
6000000008679538377
6000000008679596628
6000000008680575571
6000000008681836720
6000000008682082142
6000000008682088188
6000000008682089092
6000000008682090058
6000000008682100074
6000000008682111673
6000000008682115694
6000000008682150745
6000000008682150862
6000000008682168733
6000000008682194575
6000000008682207187
6000000008682219513
6000000008682223823
6000000008682224576
6000000008682246791
6000000008682248089
6000000008682255885
6000000008682260915
6000000008682262079
6000000008682262155
6000000008682262436
6000000008682264464
6000000008682265501
6000000008682273117
6000000008682284029
6000000008682285472
6000000008682317418
6000000008682344559
6000000008682353699
6000000008682405235
6000000008682449963
6000000008682452713
6000000008682485625
6000000008682490946
6000000008682531254
6000000008682531787
6000000008682544372
6000000008682580378
6000000008682603214
6000000008682834661
6000000008683975939
6000000008684164993
6000000008684200814
6000000008684393074
6000000008684399737
6000000008684417529
6000000008684427631
6000000008684545778
6000000008684560521
6000000008685139349
6000000008685151307
6000000008685300689
6000000008685688262
6000000008685698531
6000000008685727116
6000000008686047368
6000000008686109792
6000000008686141238
6000000008686142092
6000000008686159495
6000000008686159501
6000000008687267102
6000000008687414086
6000000008687627581
6000000008687640078
6000000008687768608
6000000008687836757
6000000008689817070
6000000008690002149
6000000008690016307
6000000008690045781
6000000008690109546
6000000008690156724
6000000008690162395
6000000008690170293
6000000008690171702
6000000008690176627
6000000008690210634
6000000008690211555
6000000008690213534
6000000008690288283
6000000008690341434
6000000008690378342
6000000008690566385
6000000008690577004
6000000008690744146
6000000008690757359
6000000008690826806
6000000008690879691
6000000008690928799
6000000008690971415
6000000008691252315
6000000008693471005
6000000008693698557
6000000008694274741
6000000008699542651
6000000008700386355
6000000008701425997
6000000008701437063
6000000008708234185
6000000008708312513
6000000008708421722
6000000008708467556
6000000008708483039
6000000008708493493
6000000008708541517
6000000008708571746
6000000008708590555
6000000008708647525
6000000008708688207
6000000008708699228
6000000008708724282
6000000008708754390
6000000008709011505
6000000008709068305
6000000008721916450
6000000008725486002
6000000008725561858
6000000008725767706
6000000008725782491
6000000008725835288
6000000008726762016
6000000008726927667
6000000008726935442
6000000008727038470
6000000008727110638
6000000008727143435
6000000008731176537
6000000008731934028
6000000008735220952
6000000008735547679
6000000008735574522
6000000008742204683
6000000008742263430
6000000008742265381
6000000008742309701
6000000008743744197
6000000008743982665
6000000008744063692
6000000008744115340
6000000008744161257
6000000008744189247
6000000008744642873
6000000008751655475
6000000008751773697
6000000008751827857
6000000008751875730
6000000008751936229
6000000008752112059
6000000008752194816
6000000008752406964
6000000008753636127
6000000008753750458
6000000008755327481
6000000008755327888
6000000008755460229
6000000008758386557
6000000008758424514
6000000008760172733
6000000008760255839
6000000008760274841
6000000008760299594
6000000008761263017
6000000008761979956
6000000008762073785
6000000008762284512
6000000008762517359
6000000008762526331
6000000008762528090
6000000008762547437
6000000008763353126
6000000008763405125
6000000008763903462
6000000008763933487
6000000008764018012
6000000008764025120
6000000008764068847
6000000008764135350
6000000008764167297
6000000008764373452
6000000008764444373
6000000008764594915
6000000008764687862
6000000008772658021
6000000008772757132
6000000008772781005
6000000008772805557
6000000008772812145
6000000008772916298
6000000008772929595
6000000008772989524
6000000008772998539
6000000008773020563
6000000008773030435
6000000008773054333
6000000008773066208
6000000008773122236
6000000008777254213
6000000008777265242
6000000008777364122
6000000008777663868
6000000008777751625
6000000008777767805
6000000008777798032
6000000008777806956
6000000008777808951
6000000008777824756
6000000008777861915
6000000008777962550
6000000008777963572
6000000008778359769
6000000008778445551
6000000008778531424
6000000008778888662
6000000008779009820
6000000008779145542
6000000008779172457
6000000008779231604
6000000008779271234
6000000008779273871
6000000008781986452
6000000008784042334
6000000008784078320
6000000008786632927
6000000008787043512
6000000008787047396
6000000008787179248
6000000008788936550
6000000008789624608
6000000008796279913
6000000008799224110
6000000008799357531
6000000008799818438
6000000008799825540
6000000008799837188
6000000008799851672
6000000008799856218
6000000008799860782
6000000008799872309
6000000008799884985
6000000008799903886
6000000008799945132
6000000008805467003
6000000008805859285
6000000008806337659
6000000008806951044
6000000008807071731
6000000008807277870
6000000008807359308
6000000008809948719
6000000008812565011
6000000008813154396
6000000008814114101
6000000008815370107
6000000008815551709
6000000008815559064
6000000008815584029
6000000008815746530
6000000008815752064
6000000008818005279
6000000008818338549
6000000008818397601
6000000008818410687
6000000008818996837
6000000008820076717
6000000008820136222
6000000008820353001
6000000008820472619
6000000008823816385
6000000008825639018
6000000008825937435
6000000008826012672
6000000008826073979
6000000008826123095
6000000008826123868
6000000008826160874
6000000008826172797
6000000008826226659
6000000008826260114
6000000008826272633
6000000008826308024
6000000008826352946
6000000008826354143
6000000008826501400
6000000008826532349
6000000008826534323
6000000008826548841
6000000008826743264
6000000008831620197
6000000008831640996
6000000008831869602
6000000008831963297
6000000008832032636
6000000008832038330
6000000008832131252
6000000008832142276
6000000008832472842
6000000008832574422
6000000008833711602
6000000008836202165
6000000008836451102
6000000008836681418
6000000008836697329
6000000008850019174
6000000008850243799
6000000008851243817
6000000008851353183
6000000008851405185
6000000008851543405
6000000008852021052
6000000008852088113
6000000008854066103
6000000008854119903
6000000008854134893
6000000008854192132
6000000008854215672
6000000008854282342
6000000008854359206
6000000008854369735
6000000008854400006
6000000008854400921
6000000008854401939
6000000008854414374
6000000008854441216
6000000008854482296
6000000008854486262
6000000008854862795
6000000008854868944
6000000008854887164
6000000008855164816
6000000008855176470
6000000008855219466
6000000008855289869
6000000008855356168
6000000008855686258
6000000008855727830
6000000008855741231
6000000008855766435
6000000008855786245
6000000008855968974
6000000008856056163
6000000008856196333
6000000008856237083
6000000008856259524
6000000008856353709
6000000008856411075
6000000008856627276
6000000008856661502
6000000008856669416
6000000008856877156
6000000008856891063
6000000008857288091
6000000008857358543
6000000008858411539
6000000008858884656
6000000008860523472
6000000008861833558
6000000008863020059
6000000008863089820
6000000008863177025
6000000008863211195
6000000008863297705
6000000008863376610
6000000008863414797
6000000008863436991
6000000008863437103
6000000008863533529
6000000008863552669
6000000008863563300
6000000008863583248
6000000008863584272
6000000008863616382
6000000008863617046
6000000008863629606
6000000008863712722
6000000008863750356
6000000008864022040
6000000008864160100
6000000008864248734
6000000008864274571
6000000008864358640
6000000008864363120
6000000008864367843
6000000008864369620
6000000008864387314
6000000008864423453
6000000008864439484
6000000008864447923
6000000008864477830
6000000008864563564
6000000008864586032
6000000008864608395
6000000008864637334
6000000008864661057
6000000008864693384
6000000008865310145
6000000008865370446
6000000008865656742
6000000008865680621
6000000008866012988
6000000008866788863
6000000008867168701
6000000008867333533
6000000008867413093
6000000008867558853
6000000008867578358
6000000008868134227
6000000008869197475
6000000008869458251
6000000008869753141
6000000008869841251
6000000008870234834
6000000008870407604
6000000008871165554
6000000008871331656
6000000008872158049
6000000008872194470
6000000008872253377
6000000008872265224
6000000008872284217
6000000008872301240
6000000008872735988
6000000008872736475
6000000008873895735
6000000008873953217
6000000008874003686
6000000008874007529
6000000008874068786
6000000008874153298
6000000008874192680
6000000008875207376
6000000008875946755
6000000008876308051
6000000008876704550
6000000008877426357
6000000008877741956
6000000008877854689
6000000008878196462
6000000008878743225
6000000008879227400
6000000008879550277
6000000008879606609
6000000008879608026
6000000008879692779
6000000008879712583
6000000008879917377
6000000008880345581
6000000008881594183
6000000008881968821
6000000008883056624
6000000008883349012
6000000008885265691
6000000008895658830
6000000008895799679
6000000008896018433
6000000008896021521
6000000008896226332
6000000008897390667
6000000008897819117
6000000008897900775
6000000008897932559
6000000008897961180
6000000008897973368
6000000008897984351
6000000008899534492
6000000008899601765
6000000008899881082
6000000008900550916
6000000008905633109
6000000008907587977
6000000008907849660
6000000008907883481
6000000008913255843
6000000008913560775
6000000008914281965
6000000008915422590
6000000008915497539
6000000008915501945
6000000008915629249
6000000008915654209
6000000008916072054
6000000008916348562
6000000008917827820
6000000008917920625
6000000008922626819
6000000008922760328
6000000008924668456
6000000008925659741
6000000008928599620
6000000008933309505
6000000008934458557
6000000008936186376
6000000008937594595
6000000008938162390
6000000008938438718
6000000008941767066
6000000008943832276
6000000008944688974
6000000008944710787
6000000008951935288
6000000008952270809
6000000008954020159
6000000008954751149
6000000008955664508
6000000008959166268
6000000008963033951
6000000008968038811
6000000008969782009
6000000008969782015
6000000008970296600
6000000008970401107
6000000008970422678
6000000008971729828
6000000008971744029
6000000008971770596
6000000008971826638
6000000008971829504
6000000008971876282
6000000008971946448
6000000008972004386
6000000008972028271
6000000008979180174
6000000008986927977
6000000008987220490
6000000008987269392
6000000008987269397
6000000008987278362
6000000008987305202
6000000008987305206
6000000009002671998
6000000009002757900
6000000009004933414
6000000009005944681
6000000009005955383
6000000009009354678
6000000009013314711
6000000009013415443
6000000009013417387
6000000009013437425
6000000009015497492
6000000009015703680
6000000009024504290
6000000009024546428
6000000009025256723
6000000009025893077
6000000009025970491
6000000009029323222
6000000009031606906
6000000009035917916
6000000009035919441
6000000009038175521
6000000009038217099
6000000009038517496
6000000009043878905
6000000009044031941
6000000009044140270
6000000009044421664
6000000009044574503
6000000009044584449
6000000009044616258
6000000009045812365
6000000009045817234
6000000009047884176
6000000009048061689
6000000009048139143
6000000009048281375
6000000009048464210
6000000009048960164
6000000009049122377
6000000009053555893
6000000009053555899
6000000009056616558
6000000009058468131
6000000009058877359
6000000009060250033
6000000009064768294
6000000009073780761
6000000009084000239
6000000009085257295
6000000009090288302
6000000009093810532
6000000009093819460
6000000009093868371
6000000009094583788
6000000009097288101
6000000009098293863
6000000009098851287
6000000009099056430
6000000009099725089
6000000009105752370
6000000009109484400
6000000009110468637
6000000009113632302
6000000009117409257
6000000009119254934
6000000009119355111
6000000009119720329
6000000009119728390
6000000009119958397
6000000009119967544
6000000009120175857
6000000009120231251
6000000009120316448
6000000009120336320
6000000009121140389
6000000009124657857
6000000009126055472
6000000009126726230
6000000009126752370
6000000009127769452
6000000009128263245
6000000009130581157
6000000009130851051
6000000009131653710
6000000009131855846
6000000009132118535
6000000009132443642
6000000009132462454
6000000009132730377
6000000009132998241
6000000009134239046
6000000009134853024
6000000009134934503
6000000009134958694
6000000009134968833
6000000009134991508
6000000009134992437
6000000009135014446
6000000009135648812
6000000009135763416
6000000009142138449
6000000009142787319
6000000009144010507
6000000009145959185
6000000009146315101
6000000009146347720
6000000009146365998
6000000009152546154
6000000009152586086
6000000009152980692
6000000009153058325
6000000009153219333
6000000009153271359
6000000009153513086
6000000009153580361
6000000009153580366
6000000009153622355
6000000009153622360
6000000009153659688
6000000009154195428
6000000009163641222
6000000009164124151
6000000009164167770
6000000009164453039
6000000009164472885
6000000009164636521
6000000009164650874
6000000009164727379
6000000009164768342
6000000009164804243
6000000009167126865
6000000009168146840
6000000009168988422
6000000009169126338
6000000009170017937
6000000009173045363
6000000009173045369
6000000009176081109
6000000009177497799
6000000009177567931
6000000009177680320
6000000009177717282
6000000009177813003
6000000009177871239
6000000009177956903
6000000009177967581
6000000009178056402
6000000009178184292
6000000009178763157
6000000009179059478
6000000009180169051
6000000009180346182
6000000009182101839
6000000009185297146
6000000009185297152
6000000009186285525
6000000009186710220
6000000009187042133
6000000009187475504
6000000009188621263
6000000009188806445
6000000009188846287
6000000009188908313
6000000009189140977
6000000009189346638
6000000009189860312
6000000009191837452
6000000009196224671
6000000009200164178
6000000009207535544
6000000009208410084
6000000009214504835
6000000009214755609
6000000009214888459
6000000009214924920
6000000009215342399
6000000009215600214
6000000009223611022
6000000009224193576
6000000009228793591
6000000009228867916
6000000009229081003
6000000009230099365
6000000009230210564
6000000009232806925
6000000009234354166
6000000009234909816
6000000009235101799
6000000009235108670
6000000009235134871
6000000009235261226
6000000009237318143
6000000009237342147
6000000009237581434
6000000009237640309
6000000009238197363
6000000009238727279
6000000009242201320
6000000009242284405
6000000009242324407
6000000009242361305
6000000009242920189
6000000009242930847
6000000009242979790
6000000009243174015
6000000009243294296
6000000009243628925
6000000009243757359
6000000009243762174
6000000009243903049
6000000009243957547
6000000009244023220
6000000009244069285
6000000009244144537
6000000009246497235
6000000009246780291
6000000009247045952
6000000009247225011
6000000009247395799
6000000009247421063
6000000009247531491
6000000009247561338
6000000009249232200
6000000009249342726
6000000009249879740
6000000009251048607
6000000009251285492
6000000009251409986
6000000009251421370
6000000009251708450
6000000009253730262
6000000009256416009
6000000009256729180
6000000009256822677
6000000009257090986
6000000009257439033
6000000009257503915
6000000009257676291
6000000009263115164
6000000009275527320
6000000009276558183
6000000009290306725
6000000009290937065
6000000009298600014
6000000009298833123
6000000009298935521
6000000009299049576
6000000009299174230
6000000009304845823
6000000009304846198
6000000009304854202
6000000009304854380
6000000009304854480
6000000009304854752
6000000009304854790
6000000009304855108
6000000009304855190
6000000009304860258
6000000009304860485
6000000009304861130
6000000009304872846
6000000009304881090
6000000009304884623
6000000009304884633
6000000009304893203
6000000009304893610
6000000009304894095
6000000009304903524
6000000009304903592
6000000009304903937
6000000009304903959
6000000009304903990
6000000009304907743
6000000009304907774
6000000009304907780
6000000009304919647
6000000009304919667
6000000009304926610
6000000009304926890
6000000009304927105
6000000009304936558
6000000009304936561
6000000009304936568
6000000009304936575
6000000009304938244
6000000009304938773
6000000009304945811
6000000009304948584
6000000009304948591
6000000009304948908
6000000009304948957
6000000009304949022
6000000009304949027
6000000009304949100
6000000009304951218
6000000009304951361
6000000009304951453
6000000009304951459
6000000009304951563
6000000009304951643
6000000009304951693
6000000009304951724
6000000009304953971
6000000009304954003
6000000009304954294
6000000009304954398
6000000009304954590
6000000009304954659
6000000009304954726
6000000009304955095
6000000009304958394
6000000009304958398
6000000009304958402
6000000009304958406
6000000009304958513
6000000009304958546
6000000009304961727
6000000009304961732
6000000009304961766
6000000009304961809
6000000009304961892
6000000009304961897
6000000009304961902
6000000009304961907
6000000009304961914
6000000009304961936
6000000009304961940
6000000009304961946
6000000009304961955
6000000009304961959
6000000009304961964
6000000009304961968
6000000009304962181
6000000009304968395
6000000009304968595
6000000009304968849
6000000009304969182
6000000009304976391
6000000009304976560
6000000009304979600
6000000009304979605
6000000009304984346
6000000009304984387
6000000009304984449
6000000009304984472
6000000009304985069
6000000009304988716
6000000009304988845
6000000009304988849
6000000009304988854
6000000009304988864
6000000009304988867
6000000009304988871
6000000009304988982
6000000009304989010
6000000009304989015
6000000009304990250
6000000009304990257
6000000009304990476
6000000009304996264
6000000009304996333
6000000009305003305
6000000009305003309
6000000009305003341
6000000009305003559
6000000009305003889
6000000009305003958
6000000009305008241
6000000009305008317
6000000009305008322
6000000009305008326
6000000009305008374
6000000009305008381
6000000009305008391
6000000009305008397
6000000009305008475
6000000009305008486
6000000009305008498
6000000009305008505
6000000009305008556
6000000009305008561
6000000009305008571
6000000009305008605
6000000009305008642
6000000009305008654
6000000009305008690
6000000009305008722
6000000009305009129
6000000009305009133
6000000009305017348
6000000009305017365
6000000009305017441
6000000009305017444
6000000009305017450
6000000009305017582
6000000009305017648
6000000009305017717
6000000009305017722
6000000009305017727
6000000009305017732
6000000009305017737
6000000009305017742
6000000009305017746
6000000009305017764
6000000009305017773
6000000009305017814
6000000009305018002
6000000009305022366
6000000009305022384
6000000009305022569
6000000009305022695
6000000009305022700
6000000009305022705
6000000009305022804
6000000009305022817
6000000009305022867
6000000009305022872
6000000009305022984
6000000009305023071
6000000009305023095
6000000009305030325
6000000009305030914
6000000009305030917
6000000009305030921
6000000009305030944
6000000009305030951
6000000009305030992
6000000009305036450
6000000009305036459
6000000009305036464
6000000009305044275
6000000009305044607
6000000009305044646
6000000009305044658
6000000009305044848
6000000009305045031
6000000009305060376
6000000009305060380
6000000009305060383
6000000009305060572
6000000009305060577
6000000009305060620
6000000009305060800
6000000009305060804
6000000009305060819
6000000009305060823
6000000009305060827
6000000009305060830
6000000009305060835
6000000009305060838
6000000009305060842
6000000009305060845
6000000009305060852
6000000009305061101
6000000009305061109
6000000009305061113
6000000009305061117
6000000009305061129
6000000009305061134
6000000009305067496
6000000009305067500
6000000009305067504
6000000009305067508
6000000009305067532
6000000009305067536
6000000009305067565
6000000009305067655
6000000009305067689
6000000009305067734
6000000009305067754
6000000009305067758
6000000009305067808
6000000009305067811
6000000009305068144
6000000009305068147
6000000009305068174
6000000009305068177
6000000009305076209
6000000009305076374
6000000009305076378
6000000009305076382
6000000009305076385
6000000009305076388
6000000009305076760
6000000009305076808
6000000009305076812
6000000009305076816
6000000009305076821
6000000009305076825
6000000009305076829
6000000009305076917
6000000009305076922
6000000009305076984
6000000009305076996
6000000009305077000
6000000009305077004
6000000009305082700
6000000009305082755
6000000009305082875
6000000009305086371
6000000009305086376
6000000009305086394
6000000009305087062
6000000009305087076
6000000009305090578
6000000009305090668
6000000009305090835
6000000009305091117
6000000009305095543
6000000009305095619
6000000009305095921
6000000009305095965
6000000009305095977
6000000009305095990
6000000009305095993
6000000009305095997
6000000009305096042
6000000009305096084
6000000009305101324
6000000009305101330
6000000009305101335
6000000009305101400
6000000009305101891
6000000009305101923
6000000009305101927
6000000009305101937
6000000009305101947
6000000009305101954
6000000009305101961
6000000009305101968
6000000009305101981
6000000009305101985
6000000009305101989
6000000009305101993
6000000009305102000
6000000009305102012
6000000009305102021
6000000009305102112
6000000009305106549
6000000009305106556
6000000009305134013
6000000009305134028
6000000009305134108
6000000009305146954
6000000009305161429
6000000009305161675
6000000009305161682
6000000009305161865
6000000009305161869
6000000009305162197
6000000009305166743
6000000009305166816
6000000009305166822
6000000009305166842
6000000009305166849
6000000009305166856
6000000009305166863
6000000009305166870
6000000009305166922
6000000009305166928
6000000009305166933
6000000009305166955
6000000009305166961
6000000009305166967
6000000009305166973
6000000009305166980
6000000009305166986
6000000009305166999
6000000009305167018
6000000009305167025
6000000009305167031
6000000009305167037
6000000009305167051
6000000009305167076
6000000009305167082
6000000009305167095
6000000009305167109
6000000009305167121
6000000009305167135
6000000009305167152
6000000009305167192
6000000009305167197
6000000009305175207
6000000009305175213
6000000009305175501
6000000009305175506
6000000009305175522
6000000009305175526
6000000009305175541
6000000009305175547
6000000009305175566
6000000009305175571
6000000009305181734
6000000009305181740
6000000009305181747
6000000009305181759
6000000009305181765
6000000009305181986
6000000009305181992
6000000009305181998
6000000009305182004
6000000009305182010
6000000009305182164
6000000009305182176
6000000009305182181
6000000009305182186
6000000009305189342
6000000009305189536
6000000009305189614
6000000009305189698
6000000009305189711
6000000009305189732
6000000009305189740
6000000009305189744
6000000009305189748
6000000009305189756
6000000009305189760
6000000009305189822
6000000009305189827
6000000009305189830
6000000009305189841
6000000009305189845
6000000009305189862
6000000009305189866
6000000009305189869
6000000009305189872
6000000009305189876
6000000009305189885
6000000009305189928
6000000009305190162
6000000009305565234
6000000009306937572
6000000009308833987
6000000009315167939
6000000009315171799
6000000009315245246
6000000009317454738
6000000009324110392
6000000009326617021
6000000009326727373
6000000009326761219
6000000009326833216
6000000009327667853
6000000009332985559
6000000009335540459
6000000009341865112
6000000009341957393
6000000009343941514
6000000009352412298
6000000009354224671
6000000009365755840
6000000009380526195
6000000009380589146
6000000009380591111
6000000009380930029
6000000009381651474
6000000009381691712
6000000009381880384
6000000009382216276
6000000009382216311
6000000009382278571
6000000009382299266
6000000009383397609
6000000009383602356
6000000009389002584
6000000009389113794
6000000009389133883
6000000009389237614
6000000009395592414
6000000009411776274
6000000009419635512
6000000009419840367
6000000009420422139
6000000009421607485
6000000009429686413
6000000009429978054
6000000009431215331
6000000009432056296
6000000009432092256
6000000009432259678
6000000009432292623
6000000009432292928
6000000009432292934
6000000009432315864
6000000009432318518
6000000009432336662
6000000009432340059
6000000009432348321
6000000009432364977
6000000009432427940
6000000009432427970
6000000009432427976
6000000009432427982
6000000009432461618
6000000009432470359
6000000009432478691
6000000009432494909
6000000009432519616
6000000009432528863
6000000009432535049
6000000009432603851
6000000009432604175
6000000009434303108
6000000009435466876
6000000009435783797
6000000009436475212
6000000009437210537
6000000009437210646
6000000009437417980
6000000009437556883
6000000009437570897
6000000009437627813
6000000009437628134
6000000009437628200
6000000009437636308
6000000009437636314
6000000009437636320
6000000009437636338
6000000009437636356
6000000009437636857
6000000009437649048
6000000009437759585
6000000009437794491
6000000009437837324
6000000009437883403
6000000009437884120
6000000009437889210
6000000009437934445
6000000009437934457
6000000009437934536
6000000009437997026
6000000009438007527
6000000009438007766
6000000009438061715
6000000009438279868
6000000009438297698
6000000009438313077
6000000009438358163
6000000009438371413
6000000009438413420
6000000009439815250
6000000009440111686
6000000009440143485
6000000009440179255
6000000009440257013
6000000009440697502
6000000009440761518
6000000009440761902
6000000009440832018
6000000009441553292
6000000009441810749
6000000009441818725
6000000009441884575
6000000009447821846
6000000009449375331
6000000009449429350
6000000009450196054
6000000009450749064
6000000009450990912
6000000009451293762
6000000009451513243
6000000009457878081
6000000009457920593
6000000009458060257
6000000009458103424
6000000009458775815
6000000009461776972
6000000009465627532
6000000009465650248
6000000009467922681
6000000009468080091
6000000009468312486
6000000009469242353
6000000009479193350
6000000009480173672
6000000009493722894
6000000009494070775
6000000009494663156
6000000009494780671
6000000009494855634
6000000009500863798
6000000009501023493
6000000009503269198
6000000009503496107
6000000009504460491
6000000009504533644
6000000009509080049
6000000009510712891
6000000009510712966
6000000009513619122
6000000009514147139
6000000009519249724
6000000009520182266
6000000009522117357
6000000009524445777
6000000009524495374
6000000009524660205
6000000009524802456
6000000009525069321
6000000009525450236
6000000009530908410
6000000009530908414
6000000009531343245
6000000009533282611
6000000009533454573
6000000009534466001
6000000009534626433
6000000009536545012
6000000009543836154
6000000009544283078
6000000009544305194
6000000009544336628
6000000009544358064
6000000009544393882
6000000009544535215
6000000009544686505
6000000009544754056
6000000009544861357
6000000009544902295
6000000009544950524
6000000009545914191
6000000009546167771
6000000009546508852
6000000009546576788
6000000009546630640
6000000009549459797
6000000009550593233
6000000009553082643
6000000009553122259
6000000009554685939
6000000009567209145
6000000009567697608
6000000009570197500
6000000009570266254
6000000009573495100
6000000009573533487
6000000009573554456
6000000009579696842
6000000009579803272
6000000009579828901
6000000009580023719
6000000009581744490
6000000009585608499
6000000009585795873
6000000009589143187
6000000009589658184
6000000009589758324
6000000009590128902
6000000009590136098
6000000009590281074
6000000009590533268
6000000009590578776
6000000009590665236
6000000009592236148
6000000009592688500
6000000009592736366
6000000009593783807
6000000009600256643
6000000009600288952
6000000009600672301
6000000009602077168
6000000009602172784
6000000009602241642
6000000009617064837
6000000009617231501
6000000009617497650
6000000009618709506
6000000009620003521
6000000009627764833
6000000009627765036
6000000009627780481
6000000009627780550
6000000009627786864
6000000009627800384
6000000009627834886
6000000009627834898
6000000009637264054
6000000009637751626
6000000009638723629
6000000009639315375
6000000009644010956
6000000009644108157
6000000009644869087
6000000009645128892
6000000009646165050
6000000009646261528
6000000009646279201
6000000009646445904
6000000009646449155
6000000009646725013
6000000009646781497
6000000009647528523
6000000009648237104
6000000009648396752
6000000009648777726
6000000009651851044
6000000009653120411
6000000009654743775
6000000009655252095
6000000009656502838
6000000009656543924
6000000009657034486
6000000009657564813
6000000009657635051
6000000009657862393
6000000009657980201
6000000009658152926
6000000009658444158
6000000009658657851
6000000009665500123
6000000009665630037
6000000009665653964
6000000009665696585
6000000009665697080
6000000009665708972
6000000009665712570
6000000009665771023
6000000009665839880
6000000009665873536
6000000009665899373
6000000009665905231
6000000009665951242
6000000009666556073
6000000009666600383
6000000009666658712
6000000009666834301
6000000009667859681
6000000009669016249
6000000009674065763
6000000009675126249
6000000009676708695
6000000009677455510
6000000009678357414
6000000009679261416
6000000009680143787
6000000009687123128
6000000009687488116
6000000009687525712
6000000009688091900
6000000009688260886
6000000009688445404
6000000009688464215
6000000009688756299
6000000009688798558
6000000009689074146
6000000009689365053
6000000009689608806
6000000009694455105
6000000009695342485
6000000009698792225
6000000009698889367
6000000009699051501
6000000009699074424
6000000009699089484
6000000009699641042
6000000009700122793
6000000009700270730
6000000009704790136
6000000009705113343
6000000009705151289
6000000009705239785
6000000009705325595
6000000009705483334
6000000009705528068
6000000009706010482
6000000009706835506
6000000009707174644
6000000009707541539
6000000009707566545
6000000009707868541
6000000009709078602
6000000009709208417
6000000009709489213
6000000009709494221
6000000009709517232
6000000009709761072
6000000009709773169
6000000009709781008
6000000009709888919
6000000009709907866
6000000009710031019
6000000009710032915
6000000009710072808
6000000009710117751
6000000009710138765
6000000009710175050
6000000009710175100
6000000009710213376
6000000009710276415
6000000009710278366
6000000009710301661
6000000009710326243
6000000009710330204
6000000009721029827
6000000009721195887
6000000009726599869
6000000009726660856
6000000009726846426
6000000009731518511
6000000009731986097
6000000009732419337
6000000009737315198
6000000009737991841
6000000009744520274
6000000009748020104
6000000009748119905
6000000009748368074
6000000009751525878
6000000009751578555
6000000009754425543
6000000009755402218
6000000009756433107
6000000009756527212
6000000009757645825
6000000009757848478
6000000009763023570
6000000009763100414
6000000009763145405
6000000009764346903
6000000009767245879
6000000009770606286
6000000009772699831
6000000009775942688
6000000009776361960
6000000009777028433
6000000009782507443
6000000009783557218
6000000009824528373
6000000009826495904
6000000009838320128
6000000009838691620
6000000009838699085
6000000009838812541
6000000009839059374
6000000009858091276
6000000009860206722
6000000009861256956
6000000009861774211
6000000009874130110
6000000009878540640
6000000009879042197
6000000009879073440
6000000009879992245
6000000009880594961
6000000009880875711
6000000009880922758
6000000009881616272
6000000009885942390
6000000009885942963
6000000009885942969
6000000009887431776
6000000009888659116
6000000009889183950
6000000009889224559
6000000009889251707
6000000009889269669
6000000009889406202
6000000009890006762
6000000009898362855
6000000009898380951
6000000009898625219
6000000009898680325
6000000009899319937
6000000009900582356
6000000009905432691
6000000009905682553
6000000009905729674
6000000009905780438
6000000009909505293
6000000009910123258
6000000009915577309
6000000009915682642
6000000009925324408
6000000009926637135
6000000009927800578
6000000009927846310
6000000009927847346
6000000009936336838
6000000009936663133
6000000009936871316
6000000009936924234
6000000009939679994
6000000009939817093
6000000009943329867
6000000009946935165
6000000009947635966
6000000009948071231
6000000009949028446
6000000009954666380
6000000009956045680
6000000009956269868
6000000009959468629
6000000009959575254
6000000009959617099
6000000009959700994
6000000009959849883
6000000009960032857
6000000009964270896
6000000009964326934
6000000009964860215
6000000009965693964
6000000009965727848
6000000009965786615
6000000009965850702
6000000009966092640
6000000009966103692
6000000009966877529
6000000009967802867
6000000009968368152
6000000009968908231
6000000009969425812
6000000009969779820
6000000009973689882
6000000009973689887
6000000009973745028
6000000009974351402
6000000009974540561
6000000009974717557
6000000009976716625
6000000009979119852
6000000009990179259
6000000009997085380
6000000010000623294
6000000010009383098
6000000010009765706
6000000010009950267
6000000010010615865
6000000010010854774
6000000010010947290
6000000010011073025
6000000010011384542
6000000010012314224
6000000010018784061
6000000010019532687
6000000010019677279
6000000010019730367
6000000010019731293
6000000010020272458
6000000010020310232
6000000010020651161
6000000010028214104
6000000010028425511
6000000010029317967
6000000010032333709
6000000010039793608
6000000010043170958
6000000010045754255
6000000010048295773
6000000010049246249
6000000010057341163
6000000010057983970
6000000010058038304
6000000010060173752
6000000010060961353
6000000010066953035
6000000010067024022
6000000010067024162
6000000010067203026
6000000010067324419
6000000010067347196
6000000010067379157
6000000010067389151
6000000010067397456
6000000010067414634
6000000010067466574
6000000010067479406
6000000010067509448
6000000010067526894
6000000010067581539
6000000010067585319
6000000010067608671
6000000010067657668
6000000010067733571
6000000010067752514
6000000010067927213
6000000010073660425
6000000010077696091
6000000010077954631
6000000010078079033
6000000010078136361
6000000010078325287
6000000010079882835
6000000010080592977
6000000010081043867
6000000010081163406
6000000010081229149
6000000010094273380
6000000010095386648
6000000010096089921
6000000010096226267
6000000010102590717
6000000010102793496
6000000010103051818
6000000010103670625
6000000010103755336
6000000010107772824
6000000010109831006
6000000010113955774
6000000010113983434
6000000010114547079
6000000010118653448
6000000010119800396
6000000010120948699
6000000010123140207
6000000010123408368
6000000010123487718
6000000010128885593
6000000010132145883
6000000010132173972
6000000010132223871
6000000010132384460
6000000010141586473
6000000010141634033
6000000010141794540
6000000010141925657
6000000010141950886
6000000010145156129
6000000010145159383
6000000010145164785
6000000010152729880
6000000010154652742
6000000010160508821
6000000010160609967
6000000010162170498
6000000010162295320
6000000010162302788
6000000010164181294
6000000010172871736
6000000010173015475
6000000010173040618
6000000010173168246
6000000010182124649
6000000010185894924
6000000010189918929
6000000010189982393
6000000010190020100
6000000010190341315
6000000010190363242
6000000010191066882
6000000010191901928
6000000010191917882
6000000010192356960
6000000010192397477
6000000010197438370
6000000010199922149
6000000010200368562
6000000010200477406
6000000010200510536
6000000010200554254
6000000010200797990
6000000010202984730
6000000010203474844
6000000010204394410
6000000010208029018
6000000010208157016
6000000010208787599
6000000010208794314
6000000010208818392
6000000010208833657
6000000010208834277
6000000010208841371
6000000010211396295
6000000010211558649
6000000010213507976
6000000010216040111
6000000010218040231
6000000010218351502
6000000010218393425
6000000010218443945
6000000010218456418
6000000010218547317
6000000010218558380
6000000010219635688
6000000010219805450
6000000010220659158
6000000010220878649
6000000010220920067
6000000010221069255
6000000010221411303
6000000010222365013
6000000010222371441
6000000010222372037
6000000010222372042
6000000010222372047
6000000010222375435
6000000010222375440
6000000010222375461
6000000010222375476
6000000010222375481
6000000010222375614
6000000010222375765
6000000010222381614
6000000010222381662
6000000010222381696
6000000010222381906
6000000010222381916
6000000010222410326
6000000010222435520
6000000010222654797
6000000010226740465
6000000010230484170
6000000010242375171
6000000010250384529
6000000010251213014
6000000010251734181
6000000010251739976
6000000010251740005
6000000010251822611
6000000010252022427
6000000010252765052
6000000010259447830
6000000010265663994
6000000010266948655
6000000010267554450
6000000010282053054
6000000010282070992
6000000010282078071
6000000010282571812
6000000010282725212
6000000010282961950
6000000010283054586
6000000010289136104
6000000010290354241
6000000010300404005
6000000010300416316
6000000010305941893
6000000010308071336
6000000010310078044
6000000010310106998
6000000010310127968
6000000010312277548
6000000010313339861
6000000010313516739
6000000010313518092
6000000010313657583
6000000010313665184
6000000010313699514
6000000010317996836
6000000010318208710
6000000010318285286
6000000010318313238
6000000010319006070
6000000010319534041
6000000010319536572
6000000010321252560
6000000010321370609
6000000010321644726
6000000010322188331
6000000010329040183
6000000010329257423
6000000010329723162
6000000010329935866
6000000010329936118
6000000010329936416
6000000010329936447
6000000010330029579
6000000010330035507
6000000010330073456
6000000010330180230
6000000010330327430
6000000010330967649
6000000010331236152
6000000010331432922
6000000010331651915
6000000010336170564
6000000010344241047
6000000010349788226
6000000010354297043
6000000010354739125
6000000010354751751
6000000010354870008
6000000010361984390
6000000010362495314
6000000010366518928
6000000010371511818
6000000010372183684
6000000010373995387
6000000010375438548
6000000010375557475
6000000010375645528
6000000010375666304
6000000010381393510
6000000010401523666
6000000010401544890
6000000010401577924
6000000010401638559
6000000010401658704
6000000010401703653
6000000010401754529
6000000010404672885
6000000010409879267
6000000010422236427
6000000010430109054
6000000010430470715
6000000010432375932
6000000010432568600
6000000010434661886
6000000010442547330
6000000010442614110
6000000010443080983
6000000010444330411
6000000010445170739
6000000010445235990
6000000010445410170
6000000010445436701
6000000010445761365
6000000010445882304
6000000010449499184
6000000010449780952
6000000010449972942
6000000010450072133
6000000010450239385
6000000010450296290
6000000010452584582
6000000010452653497
6000000010452792372
6000000010452810282
6000000010452893393
6000000010453618648
6000000010455043218
6000000010458918831
6000000010459873091
6000000010459891981
6000000010460708359
6000000010460725562
6000000010460784362
6000000010460837243
6000000010462690906
6000000010462801159
6000000010462879841
6000000010463159358
6000000010463163365
6000000010463343582
6000000010463529059
6000000010467110856
6000000010471320660
6000000010471501770
6000000010476137193
6000000010477088920
6000000010478680927
6000000010479781937
6000000010479856178
6000000010480210324
6000000010480274549
6000000010480824449
6000000010481331585
6000000010481509652
6000000010481532882
6000000010481682410
6000000010481785277
6000000010484605828
6000000010484772090
6000000010484783131
6000000010484803192
6000000010484910911
6000000010485127320
6000000010485431988
6000000010492313608
6000000010493719226
6000000010494357275
6000000010494666167
6000000010495011097
6000000010495206375
6000000010495488584
6000000010495938833
6000000010506987053
6000000010507015987
6000000010511728701
6000000010511743787
6000000010512002098
6000000010512699958
6000000010517937747
6000000010517996631
6000000010521965469
6000000010521981845
6000000010522624671
6000000010522780510
6000000010527807984
6000000010528514394
6000000010530152877
6000000010530479696
6000000010535477522
6000000010535617423
6000000010541899864
6000000010542345227
6000000010543208324
6000000010543242297
6000000010553924665
6000000010554282027
6000000010555728077
6000000010556906140
6000000010559910387
6000000010561623860
6000000010563690202
6000000010564384001
6000000010569988844
6000000010570136306
6000000010570865178
6000000010571174159
6000000010571262869
6000000010571345575
6000000010571551908
6000000010571735082
6000000010571843352
6000000010572015997
6000000010572107962
6000000010572308829
6000000010572328537
6000000010572447679
6000000010572505256
6000000010574736282
6000000010578537789
6000000010579692378
6000000010579784275
6000000010593572187
6000000010594288223
6000000010594571576
6000000010598622104
6000000010598683653
6000000010598756622
6000000010598779453
6000000010598856494
6000000010598918386
6000000010599118178
6000000010599293376
6000000010599350227
6000000010599386225
6000000010599443469
6000000010599589238
6000000010610554517
6000000010612314280
6000000010616737771
6000000010616927494
6000000010617527144
6000000010620666179
6000000010621054101
6000000010621087687
6000000010621270815
6000000010621276279
6000000010621528501
6000000010621542324
6000000010626509672
6000000010629123746
6000000010642344985
6000000010644992217
6000000010645583561
6000000010646172298
6000000010649454349
6000000010649677325
6000000010650333834
6000000010655878165
6000000010655965017
6000000010656027829
6000000010656241785
6000000010656275894
6000000010656299783
6000000010656307831
6000000010656666604
6000000010664149827
6000000010664421774
6000000010664719674
6000000010667918576
6000000010669307041
6000000010669308081
6000000010669428008
6000000010670079886
6000000010670549731
6000000010671354763
6000000010672042363
6000000010672818703
6000000010678121077
6000000010678339311
6000000010678656469
6000000010686065925
6000000010686590286
6000000010687462407
6000000010688552064
6000000010688872281
6000000010695245589
6000000010695332694
6000000010695633656
6000000010695805312
6000000010702316631
6000000010703524302
6000000010704760716
6000000010705300790
6000000010711937045
6000000010713171707
6000000010713603858
6000000010716922906
6000000010723498004
6000000010723945448
6000000010734182917
6000000010737160998
6000000010741972073
6000000010741989123
6000000010742002837
6000000010742055956
6000000010742059895
6000000010742106228
6000000010742108137
6000000010742184194
6000000010742219827
6000000010742242754
6000000010742256141
6000000010742258775
6000000010742298674
6000000010742323356
6000000010742323532
6000000010742344564
6000000010742355467
6000000010742371360
6000000010742397257
6000000010742416328
6000000010742540975
6000000010743208158
6000000010744785348
6000000010744819527
6000000010744846285
6000000010750887862
6000000010751606590
6000000010752427026
6000000010753697846
6000000010753780766
6000000010753791732
6000000010753845125
6000000010753854556
6000000010753883608
6000000010754120212
6000000010762703186
6000000010762955383
6000000010762989563
6000000010763041127
6000000010763322348
6000000010763371306
6000000010769655583
6000000010771380854
6000000010782427706
6000000010784298026
6000000010784314824
6000000010784387364
6000000010787155837
6000000010789954660
6000000010789987559
6000000010790162772
6000000010790377381
6000000010791500538
6000000010791635442
6000000010793082341
6000000010793482444
6000000010793573828
6000000010793674777
6000000010799166401
6000000010799834793
6000000010800385592
6000000010800867099
6000000010801237168
6000000010801428651
6000000010801495047
6000000010801664345
6000000010809651116
6000000010810955418
6000000010821867444
6000000010826792404
6000000010829867931
6000000010829929660
6000000010837245812
6000000010842463260
6000000010850771795
6000000010859543717
6000000010865886704
6000000010866067264
6000000010866352326
6000000010867911906
6000000010871831959
6000000010874706765
6000000010874778147
6000000010874861384
6000000010876102449
6000000010877099763
6000000010878231012
6000000010878282944
6000000010878437189
6000000010878466906
6000000010878581412
6000000010878585421
6000000010880898171
6000000010882170656
6000000010882725796
6000000010882725878
6000000010883061254
6000000010883206552
6000000010883227232
6000000010886957684
6000000010887133309
6000000010894380997
6000000010894692051
6000000010894822064
6000000010894872258
6000000010895752062
6000000010895987926
6000000010896028532
6000000010896038441
6000000010896062497
6000000010896079455
6000000010896168542
6000000010896190351
6000000010896340367
6000000010896401244
6000000010896414246
6000000010898897858
6000000010905492606
6000000010905618525
6000000010911213594
6000000010913015790
6000000010913388433
6000000010913954497
6000000010914745400
6000000010915333451
6000000010915367473
6000000010915463843
6000000010915687999
6000000010916142230
6000000010916294213
6000000010917087513
6000000010918297983
6000000010918349077
6000000010918663510
6000000010918684425
6000000010918756703
6000000010918810372
6000000010918880215
6000000010918897767
6000000010919150568
6000000010922063674
6000000010923283882
6000000010923734499
6000000010926075218
6000000010926338159
6000000010926438957
6000000010935887631
6000000010935897977
6000000010936026383
6000000010936614385
6000000010942093702
6000000010942153687
6000000010942203601
6000000010945670548
6000000010948374446
6000000010951366418
6000000010951417598
6000000010952699806
6000000010952894624
6000000010954113125
6000000010954191129
6000000010954212117
6000000010954479358
6000000010959358951
6000000010959628203
6000000010968122653
6000000010968785560
6000000010968931682
6000000010969670526
6000000010970244214
6000000010973844195
6000000010981279662
6000000010983392988
6000000010983405802
6000000010983479677
6000000010983487542
6000000010983499309
6000000010987286690
6000000010991814068
6000000010991914117
6000000010992034597
6000000010992075027
6000000010992104908
6000000010992138531
6000000010992158317
6000000010992187467
6000000010992195531
6000000010992195566
6000000010992251336
6000000010992301321
6000000010993872719
6000000010993888632
6000000010994066843
6000000010994178138
6000000010994565092
6000000010994892356
6000000010995111859
6000000010995204353
6000000011000835746
6000000011004531998
6000000011004715654
6000000011005035327
6000000011015676818
6000000011015728435
6000000011024193890
6000000011024247615
6000000011024300696
6000000011025638854
6000000011026025890
6000000011027701068
6000000011027707181
6000000011027814193
6000000011027908541
6000000011033919470
6000000011034116630
6000000011034872761
6000000011042139567
6000000011043803107
6000000011047869520
6000000011047951397
6000000011050106052
6000000011051100655
6000000011051541793
6000000011055789280
6000000011057074775
6000000011057373292
6000000011059986537
6000000011063051262
6000000011077074988
6000000011077090546
6000000011077211567
6000000011077240646
6000000011077242222
6000000011077365624
6000000011078549071
6000000011078617825
6000000011078726908
6000000011078744023
6000000011078760054
6000000011078807545
6000000011078829655
6000000011078832794
6000000011078886609
6000000011078918407
6000000011078927412
6000000011078954380
6000000011078975948
6000000011079026264
6000000011079033339
6000000011079076356
6000000011079248909
6000000011079271617
6000000011079343735
6000000011079386946
6000000011079388682
6000000011079392562
6000000011079403425
6000000011079437586
6000000011080081469
6000000011080112167
6000000011080273057
6000000011080430832
6000000011080555342
6000000011080597375
6000000011081541027
6000000011081666697
6000000011081999167
6000000011082017380
6000000011082119237
6000000011082129450
6000000011082411191
6000000011082960548
6000000011083038510
6000000011083102215
6000000011083155695
6000000011083491987
6000000011087739034
6000000011087960046
6000000011088574034
6000000011088795228
6000000011089056376
6000000011089102316
6000000011089923843
6000000011090045273
6000000011090087209
6000000011090631015
6000000011090842019
6000000011093381904
6000000011093675390
6000000011101340523
6000000011101770652
6000000011105070237
6000000011105084734
6000000011105844544
6000000011106016362
6000000011106666955
6000000011107211560
6000000011111254363
6000000011115890109
6000000011117297958
6000000011120329391
6000000011120489244
6000000011122436271
6000000011122828461
6000000011124912429
6000000011128030993
6000000011128301162
6000000011129263591
6000000011136193799
6000000011136459669
6000000011136664201
6000000011137934342
6000000011137940291
6000000011144677954
6000000011145303286
6000000011150038191
6000000011152912438
6000000011153212967
6000000011153331145
6000000011157233963
6000000011158513831
6000000011158782423
6000000011158914217
6000000011160173311
6000000011160906014
6000000011161088902
6000000011161207016
6000000011161207863
6000000011161555722
6000000011161688540
6000000011161890703
6000000011171822664
6000000011173265458
6000000011173296459
6000000011173365016
6000000011183696687
6000000011186365610
6000000011186365642
6000000011194072885
6000000011194448107
6000000011194661567
6000000011194688280
6000000011196847383
6000000011198967094
6000000011199893820
6000000011200092556
6000000011200216871
6000000011200278431
6000000011222756314
6000000011232611631
6000000011234149762
6000000011234752356
6000000011237740286
6000000011238099380
6000000011238099390
6000000011238712921
6000000011239201122
6000000011239545575
6000000011240920854
6000000011241011545
6000000011241591795
6000000011241866254
6000000011242102128
6000000011242398790
6000000011242532340
6000000011242594971
6000000011242609642
6000000011242807122
6000000011251493744
6000000011251641264
6000000011252113626
6000000011254509451
6000000011254608374
6000000011254633289
6000000011255273086
6000000011255811912
6000000011260547938
6000000011260574714
6000000011260936136
6000000011262007670
6000000011262418183
6000000011262524972
6000000011263095792
6000000011264572046
6000000011268290303
6000000011268290308
6000000011269240419
6000000011269651331
6000000011269808329
6000000011275477139
6000000011281813147
6000000011282458405
6000000011284638203
6000000011284712443
6000000011285308083
6000000011285623384
6000000011285705637
6000000011285879194
6000000011286698836
6000000011290586353
6000000011295610779
6000000011296351391
6000000011301203526
6000000011301349600
6000000011304932659
6000000011305915597
6000000011308786410
6000000011308933246
6000000011310220586
6000000011310852338
6000000011310902617
6000000011322239508
6000000011322849934
6000000011323146942
6000000011325895627
6000000011326036015
6000000011335131586
6000000011335563652
6000000011335825241
6000000011342832452
6000000011342855043
6000000011343093054
6000000011343237712
6000000011343256469
6000000011343422741
6000000011343552110
6000000011343553843
6000000011343599250
6000000011356034675
6000000011358283759
6000000011358577436
6000000011360444044
6000000011360512692
6000000011360539537
6000000011360539542
6000000011360552507
6000000011360552512
6000000011360574562
6000000011360574567
6000000011360687434
6000000011360807427
6000000011360866272
6000000011361173042
6000000011361205367
6000000011361323334
6000000011361370423
6000000011361426353
6000000011361432256
6000000011361462336
6000000011366372365
6000000011368352928
6000000011373628739
6000000011376706268
6000000011378184307
6000000011378347965
6000000011378568308
6000000011389095852
6000000011389835102
6000000011389885383
6000000011398930368
6000000011399221611
6000000011400211020
6000000011409211372
6000000011409229426
6000000011409644560
6000000011410187997
6000000011410307017
6000000011416146768
6000000011416330864
6000000011416429453
6000000011416466275
6000000011416949600
6000000011418224721
6000000011422656334
6000000011428008345
6000000011428850169
6000000011446888907
6000000011446977665
6000000011447379553
6000000011448117966
6000000011448527962
6000000011448722113
6000000011448858281
6000000011451133165
6000000011459182752
6000000011459330280
6000000011473060979
6000000011480224572
6000000011480232766
6000000011485672698
6000000011486904458
6000000011490198215
6000000011490745614
6000000011492947909
6000000011507355120
6000000011507540317
6000000011507875284
6000000011508133217
6000000011511042860
6000000011511237764
6000000011511306547
6000000011513383211
6000000011516202344
6000000011516574331
6000000011516574337
6000000011516689237
6000000011516689242
6000000011517733814
6000000011520008114
6000000011521844758
6000000011525286895
6000000011528867079
6000000011528910125
6000000011529099175
6000000011529203863
6000000011529401220
6000000011535239018
6000000011535951800
6000000011536253175
6000000011536465369
6000000011536540657
6000000011546819168
6000000011546841461
6000000011546871915
6000000011547764690
6000000011548107347
6000000011548129217
6000000011555054963
6000000011555143845
6000000011556306187
6000000011556420491
6000000011556670974
6000000011557007635
6000000011557252656
6000000011557660344
6000000011557681003
6000000011560477445
6000000011560561213
6000000011566179806
6000000011567267487
6000000011567658243
6000000011567882104
6000000011568052846
6000000011568169088
6000000011568229136
6000000011570523346
6000000011570921296
6000000011576873259
6000000011579011634
6000000011579331593
6000000011579386592
6000000011579710760
6000000011580098542
6000000011585198422
6000000011589726214
6000000011590912774
6000000011593707136
6000000011594881807
6000000011595091729
6000000011595125741
6000000011595393870
6000000011600216671
6000000011601467545
6000000011604373558
6000000011605575658
6000000011606333291
6000000011609535197
6000000011610239928
6000000011613556984
6000000011614071093
6000000011614073366
6000000011614108286
6000000011621089464
6000000011623185254
6000000011624179056
6000000011624569406
6000000011624623403
6000000011626175970
6000000011626537082
6000000011631131912
6000000011631989803
6000000011633114963
6000000011633446755
6000000011633584290
6000000011633605330
6000000011634346242
6000000011637403643
6000000011643151279
6000000011643617688
6000000011644189254
6000000011646221072
6000000011646496671
6000000011647666686
6000000011648683509
6000000011649858742
6000000011657190041
6000000011660642743
6000000011661090748
6000000011661116867
6000000011661204573
6000000011661234640
6000000011661299447
6000000011661317823
6000000011662014728
6000000011662110388
6000000011662209216
6000000011662233253
6000000011668711858
6000000011668821735
6000000011668890738
6000000011671029247
6000000011671617514
6000000011684702074
6000000011689036817
6000000011689529414
6000000011690805196
6000000011692207332
6000000011707368096
6000000011713544632
6000000011715919276
6000000011717100516
6000000011725360333
6000000011726020478
6000000011726177356
6000000011727084960
6000000011727231848
6000000011727382292
6000000011727532274
6000000011733173874
6000000011733208985
6000000011733264419
6000000011733284547
6000000011733653442
6000000011733661932
6000000011733844024
6000000011734710255
6000000011736992884
6000000011737117411
6000000011737164348
6000000011738227880
6000000011738255288
6000000011738443377
6000000011738471764
6000000011738517447
6000000011739301829
6000000011741004613
6000000011742665584
6000000011742714833
6000000011744524352
6000000011745193072
6000000011747632845
6000000011749043301
6000000011749928314
6000000011750076136
6000000011760679128
6000000011760794487
6000000011760933262
6000000011766711029
6000000011768513997
6000000011769042441
6000000011769419124
6000000011769552414
6000000011769587252
6000000011769607217
6000000011769770291
6000000011770840288
6000000011771101457
6000000011774721952
6000000011777377237
6000000011777377723
6000000011777600934
6000000011777897621
6000000011778884631
6000000011779127431
6000000011781966687
6000000011782003177
6000000011782297469
6000000011789897182
6000000011796846098
6000000011796875771
6000000011797202678
6000000011797243195
6000000011797341477
6000000011797404226
6000000011797974522
6000000011800081040
6000000011800851163
6000000011800911344
6000000011801114299
6000000011801163207
6000000011801240544
6000000011801305454
6000000011801362778
6000000011801477081
6000000011801509099
6000000011801519890
6000000011801625558
6000000011801655089
6000000011801696930
6000000011801717492
6000000011801731317
6000000011801733201
6000000011801756080
6000000011801795692
6000000011801812368
6000000011801821324
6000000011801848289
6000000011801869218
6000000011804080757
6000000011809644752
6000000011810247675
6000000011810469439
6000000011810751712
6000000011811042211
6000000011812526318
6000000011812551151
6000000011813386268
6000000011813717191
6000000011814309314
6000000011818271640
6000000011819761774
6000000011819838754
6000000011819997235
6000000011820536896
6000000011820612828
6000000011822179639
6000000011822574229
6000000011823698668
6000000011827176549
6000000011830003223
6000000011830244763
6000000011830284701
6000000011830295477
6000000011830395550
6000000011830487455
6000000011832455710
6000000011832466444
6000000011832547323
6000000011833406677
6000000011835207917
6000000011836702810
6000000011842769725
6000000011845406254
6000000011845428217
6000000011845491303
6000000011848137597
6000000011852487175
6000000011852709046
6000000011853333390
6000000011855024217
6000000011855096276
6000000011859662547
6000000011861707258
6000000011862446122
6000000011864469634
6000000011865030944
6000000011869508747
6000000011870629601
6000000011870776576
6000000011871425682
6000000011873061612
6000000011873172319
6000000011873179281
6000000011873230211
6000000011880474718
6000000011881007780
6000000011883342384
6000000011884451149
6000000011884849195
6000000011886828744
6000000011895124234
6000000011895445294
6000000011895460242
6000000011895497310
6000000011906260846
6000000011907016934
6000000011907466365
6000000011908694636
6000000011912123052
6000000011912821238
6000000011914952188
6000000011921184581
6000000011925086487
6000000011925086492
6000000011926990323
6000000011927175372
6000000011928063260
6000000011934148672
6000000011935076257
6000000011935270407
6000000011935535138
6000000011936711979
6000000011941093332
6000000011941657586
6000000011953740277
6000000011962121279
6000000011974225065
6000000011999863813
6000000011999863819
6000000012000403202
6000000012000403208
6000000012000607953
6000000012000708663
6000000012000710310
6000000012000856460
6000000012000877045
6000000012002444297
6000000012010726205
6000000012011702512
6000000012012639991
6000000012013811983
6000000012014158189
6000000012014650469
6000000012014654236
6000000012015724447
6000000012015831021
6000000012016563743
6000000012016821334
6000000012018040189
6000000012018109006
6000000012018742829
6000000012018742835
6000000012027520923
6000000012027717829
6000000012027742705
6000000012027794641
6000000012028027205
6000000012028169692
6000000012028231423
6000000012030912924
6000000012032707982
6000000012033259013
6000000012033329848
6000000012033363754
6000000012033498851
6000000012033654635
6000000012034386446
6000000012041260851
6000000012041274016
6000000012042121985
6000000012042371768
6000000012042604202
6000000012042941567
6000000012043064254
6000000012044189072
6000000012045389628
6000000012055960910
6000000012058119164
6000000012058684257
6000000012059617577
6000000012060155334
6000000012060201904
6000000012070565269
6000000012070692210
6000000012077410606
6000000012087078357
6000000012092951666
6000000012102513353
6000000012103988956
6000000012108249741
6000000012108566798
6000000012108835609
6000000012108877860
6000000012109257391
6000000012109259264
6000000012109780485
6000000012110265631
6000000012110414341
6000000012124618505
6000000012124678693
6000000012125701039
6000000012132670069
6000000012135364286
6000000012135488333
6000000012135980961
6000000012140477746
6000000012142337666
6000000012145889690
6000000012148778950
6000000012149554159
6000000012149684759
6000000012150462823
6000000012150869524
6000000012151603293
6000000012151787396
6000000012152026520
6000000012152573868
6000000012152573873
6000000012152596426
6000000012152707520
6000000012152843449
6000000012153684500
6000000012154233144
6000000012154363036
6000000012154391852
6000000012154830425
6000000012156658888
6000000012157175873
6000000012158253869
6000000012158667683
6000000012159254354
6000000012164988972
6000000012165095520
6000000012165134026
6000000012165296751
6000000012165321331
6000000012165512528
6000000012172076321
6000000012176710121
6000000012176741070
6000000012176764112
6000000012176856400
6000000012177384035
6000000012177927364
6000000012178810592
6000000012179011750
6000000012180399127
6000000012180465760
6000000012180947732
6000000012181528015
6000000012181528020
6000000012181568650
6000000012181624847
6000000012181625075
6000000012204619676
6000000012207317348
6000000012212995403
6000000012213230832
6000000012213605435
6000000012229738344
6000000012239635192
6000000012245154004
6000000012245669731
6000000012246167471
6000000012246508346
6000000012255039657
6000000012256854372
6000000012259599544
6000000012268669361
6000000012271160019
6000000012274036429
6000000012298132399
6000000012298408242
6000000012300970198
6000000012301103568
6000000012304614798
6000000012328261279
6000000012332003502
6000000012332158451
6000000012332859052
6000000012333184985
6000000012334049032
6000000012334290327
6000000012349064830
6000000012359867208
6000000012359979222
6000000012363664367
6000000012367910021
6000000012368022078
6000000012368063897
6000000012368499276
6000000012377624367
6000000012385416229
6000000012386947087
6000000012387448282
6000000012396594448
6000000012396780923
6000000012397062411
6000000012397071021
6000000012397140348
6000000012397163725
6000000012397302880
6000000012397315473
6000000012397382099
6000000012397516486
6000000012398356822
6000000012398494054
6000000012398638131
6000000012398638141
6000000012398638144
6000000012398638147
6000000012398638150
6000000012400129313
6000000012400539452
6000000012401716982
6000000012403033412
6000000012407025621
6000000012407255826
6000000012407452223
6000000012408401481
6000000012408516520
6000000012408650408
6000000012408667344
6000000012408690697
6000000012408750343
6000000012408785312
6000000012408819281
6000000012418366790
6000000012418522309
6000000012418549238
6000000012418594260
6000000012418974097
6000000012419601531
6000000012419893370
6000000012421507862
6000000012421513844
6000000012421522724
6000000012422202347
6000000012422599997
6000000012423339225
6000000012428374421
6000000012432080681
6000000012436281929
6000000012437143103
6000000012437302009
6000000012437336620
6000000012437607378
6000000012437873248
6000000012441038681
6000000012444542031
6000000012445033063
6000000012446146205
6000000012448742478
6000000012451302386
6000000012452966942
6000000012453010973
6000000012453028524
6000000012453151420
6000000012455272755
6000000012459897565
6000000012460149507
6000000012461503835
6000000012461894223
6000000012462922882
6000000012462952703
6000000012463229282
6000000012463328643
6000000012463358390
6000000012463496251
6000000012468581950
6000000012468900779
6000000012468954535
6000000012469030707
6000000012469454652
6000000012472387035
6000000012479333316
6000000012479672774
6000000012479846377
6000000012479853575
6000000012481826389
6000000012490864111
6000000012490967939
6000000012506175344
6000000012514955271
6000000012515393157
6000000012524989855
6000000012525334295
6000000012525345306
6000000012525958211
6000000012526410012
6000000012535274016
6000000012535666806
6000000012538424871
6000000012542863640
6000000012543856736
6000000012546787252
6000000012546844602
6000000012546903296
6000000012546928704
6000000012551247387
6000000012555430848
6000000012555933269
6000000012556007143
6000000012558279075
6000000012558529825
6000000012558828463
6000000012560205909
6000000012560289197
6000000012560470851
6000000012560503801
6000000012560517125
6000000012560517179
6000000012560517745
6000000012560539493
6000000012560568222
6000000012560578232
6000000012560595425
6000000012560863216
6000000012561023558
6000000012561896043
6000000012565017393
6000000012567780644
6000000012568251913
6000000012569296127
6000000012569402995
6000000012569430661
6000000012569474705
6000000012569576042
6000000012569850858
6000000012576532326
6000000012580458711
6000000012580557216
6000000012586204329
6000000012587664964
6000000012587690898
6000000012598091602
6000000012598129982
6000000012598138005
6000000012603046743
6000000012603208587
6000000012604137632
6000000012604380413
6000000012604465736
6000000012607957531
6000000012608135538
6000000012608209293
6000000012608307304
6000000012608308235
6000000012608311464
6000000012608443234
6000000012611368168
6000000012611454059
6000000012611580786
6000000012611687527
6000000012611770840
6000000012611830598
6000000012611867572
6000000012611963385
6000000012612000355
6000000012612065220
6000000012619093370
6000000012621984040
6000000012622253832
6000000012622337555
6000000012622425779
6000000012622428509
6000000012622441997
6000000012622460659
6000000012622603311
6000000012633552700
6000000012637359535
6000000012641101835
6000000012641290692
6000000012642837927
6000000012644036538
6000000012644171411
6000000012644228519
6000000012654213193
6000000012654301555
6000000012656177553
6000000012656404622
6000000012657938501
6000000012658121055
6000000012658197943
6000000012658408382
6000000012658485347
6000000012658599323
6000000012659174296
6000000012659258148
6000000012659406568
6000000012663748077
6000000012663805198
6000000012663902503
6000000012663982218
6000000012664389102
6000000012664455239
6000000012664636946
6000000012664945973
6000000012665002721
6000000012665068359
6000000012665097221
6000000012668590557
6000000012670311225
6000000012670933786
6000000012671645714
6000000012672593869
6000000012673316618
6000000012673513328
6000000012675486128
6000000012675506708
6000000012675631695
6000000012675790548
6000000012675811835
6000000012675915224
6000000012676100097
6000000012676644395
6000000012676675566
6000000012676720321
6000000012676744515
6000000012676753747
6000000012676767419
6000000012676789773
6000000012677350379
6000000012679331350
6000000012685685295
6000000012685691094
6000000012685718300
6000000012686235048
6000000012686238572
6000000012686263482
6000000012686347747
6000000012686816597
6000000012686821803
6000000012686821856
6000000012686860637
6000000012686918390
6000000012687180631
6000000012687355714
6000000012687386455
6000000012687389305
6000000012687475488
6000000012687487340
6000000012687488549
6000000012687498441
6000000012687508434
6000000012687525450
6000000012687758603
6000000012687803441
6000000012687852789
6000000012687887571
6000000012687934232
6000000012687947264
6000000012687952216
6000000012687992823
6000000012688053923
6000000012688075887
6000000012688092831
6000000012688096967
6000000012688100850
6000000012688102428
6000000012688162728
6000000012688170589
6000000012688176219
6000000012688234235
6000000012688278225
6000000012688583355
6000000012688620424
6000000012688623761
6000000012688671996
6000000012688707980
6000000012688749018
6000000012688764185
6000000012688790621
6000000012688802479
6000000012688807587
6000000012688807863
6000000012688837352
6000000012688846326
6000000012688857618
6000000012688864426
6000000012688874336
6000000012688885210
6000000012689002830
6000000012689025966
6000000012689047475
6000000012689075556
6000000012689098486
6000000012691447665
6000000012692279296
6000000012693409841
6000000012693920248
6000000012695554070
6000000012695790045
6000000012695997919
6000000012696010455
6000000012696082877
6000000012696112569
6000000012696183531
6000000012696187542
6000000012696194542
6000000012696224510
6000000012696250625
6000000012696253271
6000000012696253426
6000000012696254012
6000000012696268227
6000000012696294640
6000000012696294912
6000000012696300313
6000000012696313204
6000000012696314506
6000000012696331279
6000000012696382424
6000000012696402367
6000000012696457339
6000000012696484201
6000000012696491614
6000000012696516531
6000000012696532340
6000000012696602278
6000000012696678306
6000000012696708415
6000000012696719274
6000000012697669733
6000000012697860316
6000000012699236802
6000000012699354299
6000000012699379296
6000000012701377268
6000000012701405660
6000000012701779058
6000000012702004240
6000000012703761596
6000000012709535023
6000000012713820166
6000000012714251551
6000000012714308576
6000000012714407320
6000000012714421423
6000000012714426330
6000000012714466495
6000000012714470203
6000000012714678220
6000000012714687220
6000000012714688201
6000000012714689605
6000000012718117259
6000000012720997569
6000000012723040450
6000000012724604098
6000000012724606795
6000000012724727290
6000000012725460069
6000000012725745213
6000000012733058604
6000000012733177572
6000000012733301161
6000000012733429953
6000000012733511513
6000000012733535562
6000000012733580359
6000000012733615201
6000000012734551564
6000000012734734358
6000000012737494004
6000000012737597444
6000000012738065429
6000000012738071474
6000000012738158290
6000000012738183636
6000000012738236391
6000000012739146968
6000000012739894230
6000000012743369722
6000000012743533226
6000000012748380704
6000000012748472502
6000000012748641378
6000000012748658470
6000000012748660413
6000000012748857758
6000000012748919694
6000000012748963406
6000000012749094826
6000000012749278682
6000000012749345292
6000000012759569030
6000000012759628876
6000000012760598824
6000000012761065443
6000000012767608632
6000000012768061404
6000000012771055274
6000000012771112463
6000000012772280522
6000000012773904702
6000000012782135447
6000000012784439800
6000000012801851579
6000000012802441490
6000000012803728669
6000000012803737484
6000000012808241290
6000000012809065057
6000000012809427979
6000000012809452650
6000000012809552101
6000000012809709629
6000000012809730479
6000000012809730707
6000000012809878232
6000000012810217642
6000000012813038952
6000000012823843979
6000000012824035648
6000000012824050891
6000000012824056734
6000000012824065174
6000000012824155158
6000000012824173458
6000000012824190559
6000000012824190720
6000000012824195682
6000000012824224005
6000000012824245778
6000000012824316312
6000000012824325254
6000000012824357244
6000000012824357266
6000000012824364295
6000000012824527231
6000000012824667502
6000000012824757310
6000000012831696402
6000000012831991423
6000000012832397278
6000000012832416720
6000000012834985059
6000000012835283671
6000000012835337624
6000000012835409885
6000000012835466372
6000000012835551510
6000000012835660300
6000000012835663216
6000000012835734204
6000000012837011071
6000000012837227433
6000000012840520089
6000000012841241735
6000000012841241913
6000000012841267492
6000000012841415337
6000000012841439326
6000000012841465268
6000000012841619301
6000000012852760213
6000000012854781781
6000000012854782183
6000000012854993331
6000000012858253462
6000000012862596005
6000000012862674652
6000000012862739108
6000000012862825514
6000000012862861368
6000000012863188281
6000000012864422970
6000000012864685669
6000000012868569915
6000000012868570257
6000000012868797510
6000000012873172623
6000000012876837353
6000000012877081531
6000000012888621510
6000000012888805532
6000000012889484734
6000000012891768004
6000000012894196719
6000000012894236717
6000000012894725373
6000000012907516636
6000000012907516642
6000000012907997707
6000000012907997713
6000000012909054210
6000000012909298192
6000000012909298198
6000000012910135463
6000000012910194214
6000000012911007904
6000000012913339911
6000000012913344186
6000000012913607877
6000000012913702220
6000000012913725283
6000000012913725289
6000000012913867866
6000000012914039408
6000000012914039414
6000000012918633186
6000000012919396450
6000000012919410779
6000000012919532989
6000000012919648185
6000000012919763671
6000000012919811742
6000000012919969598
6000000012919969743
6000000012920089858
6000000012920092623
6000000012920198104
6000000012920287342
6000000012920307489
6000000012920330271
6000000012920361242
6000000012920394201
6000000012920466252
6000000012920709567
6000000012921034055
6000000012922344268
6000000012922672318
6000000012923899288
6000000012924353343
6000000012935373649
6000000012935388494
6000000012935401993
6000000012935420802
6000000012935496482
6000000012935544683
6000000012935544929
6000000012935817795
6000000012935823849
6000000012935908115
6000000012935916907
6000000012935917019
6000000012935935601
6000000012935947555
6000000012936065764
6000000012936095660
6000000012936109939
6000000012936137891
6000000012936152634
6000000012936244862
6000000012936286208
6000000012936293282
6000000012939548986
6000000012941453953
6000000012941840776
6000000012944251722
6000000012944251728
6000000012944316050
6000000012944624654
6000000012944624660
6000000012944663946
6000000012944688648
6000000012944691392
6000000012948052489
6000000012948323192
6000000012948791217
6000000012948923346
6000000012949794233
6000000012950859778
6000000012951204560
6000000012951840014
6000000012952050322
6000000012952262786
6000000012952286344
6000000012952294348
6000000012955015694
6000000012955126512
6000000012955126517
6000000012955729048
6000000012960150581
6000000012960280372
6000000012961002090
6000000012963509115
6000000012963531618
6000000012963532084
6000000012963559348
6000000012964130049
6000000012964146083
6000000012964278856
6000000012964286957
6000000012964528905
6000000012964531408
6000000012964586264
6000000012966079926
6000000012977536699
6000000012978084555
6000000012978128535
6000000012982816823
6000000012983999371
6000000012986024641
6000000012986421744
6000000012986534274
6000000012988767643
6000000012988832881
6000000012988902502
6000000012988902544
6000000012996142683
6000000012996160740
6000000012996178662
6000000012996575818
6000000012996575824
6000000012996667643
6000000012996751262
6000000012996857239
6000000012996858330
6000000012996889204
6000000013003314172
6000000013003358583
6000000013003968365
6000000013007192504
6000000013008235055
6000000013009068580
6000000013009857799
6000000013010593545
6000000013010663207
6000000013015882850
6000000013016181742
6000000013016198457
6000000013016203335
6000000013016208547
6000000013016265227
6000000013018655788
6000000013018657491
6000000013018688482
6000000013018779537
6000000013019020651
6000000013019022048
6000000013019096802
6000000013020090601
6000000013020632588
6000000013020969736
6000000013021111635
6000000013023750523
6000000013025172973
6000000013025174943
6000000013026165075
6000000013026211197
6000000013026326504
6000000013026332009
6000000013026335899
6000000013026338388
6000000013026377337
6000000013026648944
6000000013028106950
6000000013029389401
6000000013029425663
6000000013029504966
6000000013029555808
6000000013029648455
6000000013029769216
6000000013032244089
6000000013032268088
6000000013032290862
6000000013032609482
6000000013033098992
6000000013033780937
6000000013034944843
6000000013035228525
6000000013036402176
6000000013036965928
6000000013037195088
6000000013037406527
6000000013037493526
6000000013037671138
6000000013037749949
6000000013037997755
6000000013038339201
6000000013041801774
6000000013042053896
6000000013042053902
6000000013042111597
6000000013042215291
6000000013042218251
6000000013047615104
6000000013049869192
6000000013049892117
6000000013049964130
6000000013050010259
6000000013050463017
6000000013050563545
6000000013055105447
6000000013060388620
6000000013060486940
6000000013071251331
6000000013071257310
6000000013071307436
6000000013075334235
6000000013084079762
6000000013084119175
6000000013084274523
6000000013091230459
6000000013096479037
6000000013097783884
6000000013105143881
6000000013105500734
6000000013105536375
6000000013105647226
6000000013116383679
6000000013116537211
6000000013124401188
6000000013124558074
6000000013125978658
6000000013126037433
6000000013127367142
6000000013135801108
6000000013135925263
6000000013135931270
6000000013136494697
6000000013136524662
6000000013136655912
6000000013136724264
6000000013136743255
6000000013141108136
6000000013142687849
6000000013142927085
6000000013143010817
6000000013143329509
6000000013143479433
6000000013143519473
6000000013143587825
6000000013143743282
6000000013144618151
6000000013144905657
6000000013145038986
6000000013145042493
6000000013145048860
6000000013145062444
6000000013145108653
6000000013145166254
6000000013145275994
6000000013146782040
6000000013146856889
6000000013153205958
6000000013153805819
6000000013154744371
6000000013154787375
6000000013157724343
6000000013162892670
6000000013162978442
6000000013163043545
6000000013163168990
6000000013163502797
6000000013165150689
6000000013172157079
6000000013179420921
6000000013179458457
6000000013180025762
6000000013182926690
6000000013183397381
6000000013185115050
6000000013185338043
6000000013185438789
6000000013185481835
6000000013185528040
6000000013185531341
6000000013185650204
6000000013185677492
6000000013185711271
6000000013185730240
6000000013185734304
6000000013185734480
6000000013186790969
6000000013187892591
6000000013188194332
6000000013188218172
6000000013189645947
6000000013189645953
6000000013193206026
6000000013193485074
6000000013193499778
6000000013193736060
6000000013193759142
6000000013193790021
6000000013193790032
6000000013193903406
6000000013196298916
6000000013196519341
6000000013198948154
6000000013198948868
6000000013199416855
6000000013199613421
6000000013199806430
6000000013200273364
6000000013208411485
6000000013215504163
6000000013218132186
6000000013218569834
6000000013218569840
6000000013218627602
6000000013218637832
6000000013218637838
6000000013218658912
6000000013218734275
6000000013239668468
6000000013240165242
6000000013240192478
6000000013246928383
6000000013248112965
6000000013255855199
6000000013260627711
6000000013261141618
6000000013262733149
6000000013262800864
6000000013262800870
6000000013262861661
6000000013262887127
6000000013262976621
6000000013262979711
6000000013289101582
6000000013289217373
6000000013289301276
6000000013289307576
6000000013290532619
6000000013290566364
6000000013296740955
6000000013296787625
6000000013297225680
6000000013300563212
6000000013314263575
6000000013316336643
6000000013316574523
6000000013316574569
6000000013316849433
6000000013316982274
6000000013319483221
6000000013319500202
6000000013320516222
6000000013321696501
6000000013322758387
6000000013323484810
6000000013323489686
6000000013323599393
6000000013328846180
6000000013329293968
6000000013329369785
6000000013329369891
6000000013329370437
6000000013329382967
6000000013329396841
6000000013332420403
6000000013342499646
6000000013342502671
6000000013344677681
6000000013350109352
6000000013354249769
6000000013356908030
6000000013361536579
6000000013362915843
6000000013365601548
6000000013366302480
6000000013366332262
6000000013373537733
6000000013376609880
6000000013376965616
6000000013382178933
6000000013382492431
6000000013383490506
6000000013384666405
6000000013392405521
6000000013392492704
6000000013395333359
6000000013400076942
6000000013400570956
6000000013401045205
6000000013401051288
6000000013401055377
6000000013401059365
6000000013401063373
6000000013401208210
6000000013402833286
6000000013404042776
6000000013404183456
6000000013404984967
6000000013406288912
6000000013406644291
6000000013406752296
6000000013410254501
6000000013414719793
6000000013414855611
6000000013414855869
6000000013414933464
6000000013414942632
6000000013414953713
6000000013415064223
6000000013416518124
6000000013425814933
6000000013425819953
6000000013425820860
6000000013425821684
6000000013425829605
6000000013426205208
6000000013426544165
6000000013426569496
6000000013426569499
6000000013426569502
6000000013426569505
6000000013426577254
6000000013426940280
6000000013426940290
6000000013426940293
6000000013426940302
6000000013427040247
6000000013427040254
6000000013427459706
6000000013427459710
6000000013427918694
6000000013427918701
6000000013427918704
6000000013429715304
6000000013429719381
6000000013429854207
6000000013429915281
6000000013429929284
6000000013430078203
6000000013430214210
6000000013430267231
6000000013430364506
6000000013430369363
6000000013430411278
6000000013430458572
6000000013430479324
6000000013430517335
6000000013430534639
6000000013430806279
6000000013430852243
6000000013431312981
6000000013432461449
6000000013432545201
6000000013432810989
6000000013432863961
6000000013433100929
6000000013433224145
6000000013437232224
6000000013437232227
6000000013438068028
6000000013438068031
6000000013438904902
6000000013438904905
6000000013438949612
6000000013439334332
6000000013439440231
6000000013439440234
6000000013439440238
6000000013439440241
6000000013439440244
6000000013440611187
6000000013440611190
6000000013441117667
6000000013441131668
6000000013441149840
6000000013441170262
6000000013441170265
6000000013441178836
6000000013441220423
6000000013441220426
6000000013441235542
6000000013441239333
6000000013441448266
6000000013442068663
6000000013442089853
6000000013442147572
6000000013444793357
6000000013444877866
6000000013446125614
6000000013451650135
6000000013451655076
6000000013452377689
6000000013452401786
6000000013453164205
6000000013453291660
6000000013453291665
6000000013453456434
6000000013456821163
6000000013460123814
6000000013460326307
6000000013465835637
6000000013466034300
6000000013466129123
6000000013475638644
6000000013485400922
6000000013486314017
6000000013486739972
6000000013492670545
6000000013492814061
6000000013503946568
6000000013517196574
6000000013523814776
6000000013523858427
6000000013524205388
6000000013529441123
6000000013536613326
6000000013536669242
6000000013544962900
6000000013545353703
6000000013546153990
6000000013546304702
6000000013546470518
6000000013548222732
6000000013548520916
6000000013548606547
6000000013548621883
6000000013548621899
6000000013548687662
6000000013550567022
6000000013561698660
6000000013585645332
6000000013585703066
6000000013590453290
6000000013591617159
6000000013592943861
6000000013594411278
6000000013595040926
6000000013597167397
6000000013598903709
6000000013601123514
6000000013601195431
6000000013607077829
6000000013613884627
6000000013614127010
6000000013618082642
6000000013618793710
6000000013620363019
6000000013621026231
6000000013621318840
6000000013624340530
6000000013627256557
6000000013627483439
6000000013627573416
6000000013627749836
6000000013627844537
6000000013628007290
6000000013630547887
6000000013630690423
6000000013630889038
6000000013630903637
6000000013630930677
6000000013630931969
6000000013630983026
6000000013640618103
6000000013640618109
6000000013641988619
6000000013659335615
6000000013659978807
6000000013660001404
6000000013660151462
6000000013660613897
6000000013663646835
6000000013663830860
6000000013668518983
6000000013668590476
6000000013668605252
6000000013668674007
6000000013668949092
6000000013668991499
6000000013677915086
6000000013678750085
6000000013679339063
6000000013682176389
6000000013686492556
6000000013686545851
6000000013686604646
6000000013686616443
6000000013687851229
6000000013689085493
6000000013689162274
6000000013689333615
6000000013689442750
6000000013695089690
6000000013698413154
6000000013699794344
6000000013708115240
6000000013710387336
6000000013710800849
6000000013710951254
6000000013712583837
6000000013712771768
6000000013714591589
6000000013714611282
6000000013716051196
6000000013717061164
6000000013717611931
6000000013718119001
6000000013724102661
6000000013725179333
6000000013727471687
6000000013727578363
6000000013727783525
6000000013727949253
6000000013728273304
6000000013730077602
6000000013730744031
6000000013732802597
6000000013734177692
6000000013734369394
6000000013743836337
6000000013743920129
6000000013744046052
6000000013744629443
6000000013744750167
6000000013744843107
6000000013744892523
6000000013745165530
6000000013745241388
6000000013745311356
6000000013745329227
6000000013745440821
6000000013751183939
6000000013751549502
6000000013751916046
6000000013752401077
6000000013752458980
6000000013752464922
6000000013752514904
6000000013752602141
6000000013752857377
6000000013752912155
6000000013752958029
6000000013754387723
6000000013754400963
6000000013754449464
6000000013754545097
6000000013754957164
6000000013758362129
6000000013760881355
6000000013760958192
6000000013761105414
6000000013762356596
6000000013763579994
6000000013763581724
6000000013763688531
6000000013763801721
6000000013765885870
6000000013766120939
6000000013766131859
6000000013766464425
6000000013766599770
6000000013766900244
6000000013766987028
6000000013778901323
6000000013782248918
6000000013788792603
6000000013799049696
6000000013805143820
6000000013805204713
6000000013805206308
6000000013805346018
6000000013805346835
6000000013805406430
6000000013805414650
6000000013805414708
6000000013805506070
6000000013805554601
6000000013805556131
6000000013805569179
6000000013805592075
6000000013805609013
6000000013806031409
6000000013808816995
6000000013813778498
6000000013813982291
6000000013819245437
6000000013823935826
6000000013823949791
6000000013824165923
6000000013824202737
6000000013837256304
6000000013837297631
6000000013837310512
6000000013837340205
6000000013837832151
6000000013841129539
6000000013841565516
6000000013842098923
6000000013842138610
6000000013842188582
6000000013842215790
6000000013842323470
6000000013842333554
6000000013842336783
6000000013842369379
6000000013842381317
6000000013842449685
6000000013842512328
6000000013842525371
6000000013843212279
6000000013853994652
6000000013855347081
6000000013855379871
6000000013857922369
6000000013857959127
6000000013858364821
6000000013858396872
6000000013858481597
6000000013858526215
6000000013862168867
6000000013862399752
6000000013872544980
6000000013872599897
6000000013872612516
6000000013872691689
6000000013872697887
6000000013872774021
6000000013873011826
6000000013873049790
6000000013873096475
6000000013874144647
6000000013874182985
6000000013874251685
6000000013874279022
6000000013874448269
6000000013874455946
6000000013874610689
6000000013874653874
6000000013883503997
6000000013883602820
6000000013884115187
6000000013884225961
6000000013884405797
6000000013884663025
6000000013885193328
6000000013885243343
6000000013885942348
6000000013885949535
6000000013886044831
6000000013886066189
6000000013886344422
6000000013886504785
6000000013886561520
6000000013886610547
6000000013886634377
6000000013886653899
6000000013886693541
6000000013886698494
6000000013886833148
6000000013887004112
6000000013887029604
6000000013887938299
6000000013887953708
6000000013888114032
6000000013888232063
6000000013888303440
6000000013888852662
6000000013888935908
6000000013889046009
6000000013894773382
6000000013898237997
6000000013898303304
6000000013898304905
6000000013898495708
6000000013898684406
6000000013898684450
6000000013898728116
6000000013899625852
6000000013899671433
6000000013900138798
6000000013900301487
6000000013900372879
6000000013900412751
6000000013900557257
6000000013900557510
6000000013900606328
6000000013900619837
6000000013900685710
6000000013900887330
6000000013901559131
6000000013909650848
6000000013912676526
6000000013914970955
6000000013914970960
6000000013915015079
6000000013915376832
6000000013922224936
6000000013927095722
6000000013927427447
6000000013933363085
6000000013935135688
6000000013938289487
6000000013938297420
6000000013943062677
6000000013952404301
6000000013952423556
6000000013952443209
6000000013952543493
6000000013952551017
6000000013952672730
6000000013953413034
6000000013968811296
6000000013968827312
6000000013968861033
6000000013968934512
6000000013968974484
6000000013969097125
6000000013969107164
6000000013969156266
6000000013969410562
6000000013969796343
6000000013978962581
6000000013979016997
6000000013979125967
6000000013979232225
6000000013979387204
6000000013984064985
6000000013984097833
6000000013984233642
6000000013984249635
6000000013984432323
6000000013984824781
6000000013984892302
6000000013985070107
6000000013985092006
6000000013986227446
6000000013988640285
6000000013991825894
6000000013992277810
6000000013996510620
6000000013996516774
6000000013996763072
6000000013997447808
6000000013998629523
6000000013999082694
6000000013999153197
6000000013999728028
6000000014000940783
6000000014000995860
6000000014001029431
6000000014001333526
6000000014001356554
6000000014001429056
6000000014007214284
6000000014012844693
6000000014013021643
6000000014013152479
6000000014013164881
6000000014016878942
6000000014022322431
6000000014025309469
6000000014034797391
6000000014034799348
6000000014037857644
6000000014038107337
6000000014045440871
6000000014045481805
6000000014045631013
6000000014054933815
6000000014054946624
6000000014055081300
6000000014055632627
6000000014055633954
6000000014055635902
6000000014055660536
6000000014055711653
6000000014055724723
6000000014055743200
6000000014055774662
6000000014055828580
6000000014056040985
6000000014056180070
6000000014056525746
6000000014058656378
6000000014059205471
6000000014060221576
6000000014061473209
6000000014063289331
6000000014064458195
6000000014065051384
6000000014065081308
6000000014065096808
6000000014065230068
6000000014065233356
6000000014072658736
6000000014073301783
6000000014073434842
6000000014073772581
6000000014076051250
6000000014078192148
6000000014082339141
6000000014082705465
6000000014082779849
6000000014083505698
6000000014083949129
6000000014083968122
6000000014085455744
6000000014085529733
6000000014085916332
6000000014085970028
6000000014085979023
6000000014089295670
6000000014089448426
6000000014090745632
6000000014091475778
6000000014091907885
6000000014092285985
6000000014094156667
6000000014094300433
6000000014101947262
6000000014109270790
6000000014109452518
6000000014110233636
6000000014113456671
6000000014114520968
6000000014117120405
6000000014117250127
6000000014117437057
6000000014117599915
6000000014120784450
6000000014120848554
6000000014123594894
6000000014123774696
6000000014123779968
6000000014123800657
6000000014123800727
6000000014123864863
6000000014123914511
6000000014123931660
6000000014124372798
6000000014124421648
6000000014124708774
6000000014125032333
6000000014125963514
6000000014125988312
6000000014125991696
6000000014126007726
6000000014126103556
6000000014126177569
6000000014126196488
6000000014126222522
6000000014126231505
6000000014126233281
6000000014126742234
6000000014126794250
6000000014126804281
6000000014126838320
6000000014128192273
6000000014128720111
6000000014131259119
6000000014131379071
6000000014132641978
6000000014132707363
6000000014132923493
6000000014132957532
6000000014133004370
6000000014139170692
6000000014139171805
6000000014139472060
6000000014139887286
6000000014142009833
6000000014142203985
6000000014142252988
6000000014142405381
6000000014142445463
6000000014142516308
6000000014142600026
6000000014142624149
6000000014148287607
6000000014150343139
6000000014150434665
6000000014151646762
6000000014152404368
6000000014152534333
6000000014153206795
6000000014156880752
6000000014157300892
6000000014157565644
6000000014159844106
6000000014160448653
6000000014160521594
6000000014160619129
6000000014160873254
6000000014160931093
6000000014161028359
6000000014161080117
6000000014161130043
6000000014161236001
6000000014162368334
6000000014162368732
6000000014162573885
6000000014162764696
6000000014162795171
6000000014162806965
6000000014162914295
6000000014162951302
6000000014163032410
6000000014163172013
6000000014163229421
6000000014163260999
6000000014163314942
6000000014163408640
6000000014163412913
6000000014163492791
6000000014163634470
6000000014163638700
6000000014163682118
6000000014163720273
6000000014163733114
6000000014163770406
6000000014163837232
6000000014163865638
6000000014163954075
6000000014163954164
6000000014164192254
6000000014168465001
6000000014168485108
6000000014170572042
6000000014174173885
6000000014190869041
6000000014193872382
6000000014196617000
6000000014199866669
6000000014199935607
6000000014200944005
6000000014201008429
6000000014201059782
6000000014201158122
6000000014201172303
6000000014201208186
6000000014201244142
6000000014207986513
6000000014208462422
6000000014208472701
6000000014208511143
6000000014208559105
6000000014209012742
6000000014209403388
6000000014209496105
6000000014209860863
6000000014210043003
6000000014210319887
6000000014210458260
6000000014210460604
6000000014219277239
6000000014223004535
6000000014224378935
6000000014228287971
6000000014231702859
6000000014233418373
6000000014233464334
6000000014233507631
6000000014233676685
6000000014233679769
6000000014233697566
6000000014233808424
6000000014233835018
6000000014233837112
6000000014233858106
6000000014233869705
6000000014233913271
6000000014233992619
6000000014233998119
6000000014234009280
6000000014234029655
6000000014234235283
6000000014235476319
6000000014236843793
6000000014237270252
6000000014237551087
6000000014243118883
6000000014243476768
6000000014243518354
6000000014243704175
6000000014243715417
6000000014252769370
6000000014253130537
6000000014253173734
6000000014253216453
6000000014253269381
6000000014253291622
6000000014253309351
6000000014253349101
6000000014253375389
6000000014254008891
6000000014261094208
6000000014263457724
6000000014263537700
6000000014264912327
6000000014265035290
6000000014266397728
6000000014266779253
6000000014266784093
6000000014268931108
6000000014271442349
6000000014271444871
6000000014271503685
6000000014271729905
6000000014271813489
6000000014273423239
6000000014274410101
6000000014274748946
6000000014276241688
6000000014276546134
6000000014277913358
6000000014278115010
6000000014278497326
6000000014278592078
6000000014278915256
6000000014278925274
6000000014279007065
6000000014279039065
6000000014279090065
6000000014281277937
6000000014281642943
6000000014281916757
6000000014281926878
6000000014282129618
6000000014282157312
6000000014282664033
6000000014282970502
6000000014285854321
6000000014285997264
6000000014290124582
6000000014290468033
6000000014290999430
6000000014291411299
6000000014291460287
6000000014293604552
6000000014294679770
6000000014294784153
6000000014294794550
6000000014295962666
6000000014297993070
6000000014302376299
6000000014302384385
6000000014302386480
6000000014302523026
6000000014302568928
6000000014302643130
6000000014302645132
6000000014311812583
6000000014312090426
6000000014312140053
6000000014318422870
6000000014318623628
6000000014319620778
6000000014319787144
6000000014324941431
6000000014326523421
6000000014327500276
6000000014327527474
6000000014327623726
6000000014327716176
6000000014327785404
6000000014327787634
6000000014327924436
6000000014327958976
6000000014328708524
6000000014334209601
6000000014334902797
6000000014337994652
6000000014338132382
6000000014338174287
6000000014338352670
6000000014338684091
6000000014338998059
6000000014339032439
6000000014339035495
6000000014339195168
6000000014339224040
6000000014340197724
6000000014340252590
6000000014340572319
6000000014341973604
6000000014348876399
6000000014349012451
6000000014349084149
6000000014349092546
6000000014349103206
6000000014350800560
6000000014350974019
6000000014355994555
6000000014362919981
6000000014362939938
6000000014363199448
6000000014363270116
6000000014363478862
6000000014363534529
6000000014363555267
6000000014363598195
6000000014363631016
6000000014365099595
6000000014371403747
6000000014372373095
6000000014372500361
6000000014372757016
6000000014373120172
6000000014396048768
6000000014405071777
6000000014405071782
6000000014409019253
6000000014416482067
6000000014417417999
6000000014417520966
6000000014419548846
6000000014422470339
6000000014426174221
6000000014438803224
6000000014439905412
6000000014439928258
6000000014441108918
6000000014441138824
6000000014441562705
6000000014441639293
6000000014441698695
6000000014441798112
6000000014441806148
6000000014446849669
6000000014450156756
6000000014450166456
6000000014450275235
6000000014450785544
6000000014450810272
6000000014450938414
6000000014450990245
6000000014451054189
6000000014453119155
6000000014462629273
6000000014462995246
6000000014463856394
6000000014466567235
6000000014466608245
6000000014466660540
6000000014466779942
6000000014466945004
6000000014467003602
6000000014467004285
6000000014472395052
6000000014472412035
6000000014474669531
6000000014474809269
6000000014475423189
6000000014486748731
6000000014496282557
6000000014496543029
6000000014503354595
6000000014503554641
6000000014504046881
6000000014504191428
6000000014505588975
6000000014505666838
6000000014506461762
6000000014506496742
6000000014506555465
6000000014506663075
6000000014509960173
6000000014510810755
6000000014511177484
6000000014511568200
6000000014512537406
6000000014512975452
6000000014517101443
6000000014517201008
6000000014517732247
6000000014522158621
6000000014529408269
6000000014535866316
6000000014536092551
6000000014536354428
6000000014536603815
6000000014536837729
6000000014536872180
6000000014541482140
6000000014546491400
6000000014547100603
6000000014547441737
6000000014548721763
6000000014548960459
6000000014549712848
6000000014557833293
6000000014558135034
6000000014558191098
6000000014563457733
6000000014563587805
6000000014563654810
6000000014563661204
6000000014564781620
6000000014568239628
6000000014568845871
6000000014568943810
6000000014569184859
6000000014571752875
6000000014571897602
6000000014572091212
6000000014575213979
6000000014575422011
6000000014575605951
6000000014575687654
6000000014585857440
6000000014588238970
6000000014593836128
6000000014596414349
6000000014602199640
6000000014602385638
6000000014604476442
6000000014606057529
6000000014608941118
6000000014614463492
6000000014618546127
6000000014621597291
6000000014622925273
6000000014631826607
6000000014631875574
6000000014631927638
6000000014632150271
6000000014632150324
6000000014632182510
6000000014632543979
6000000014632583436
6000000014632589159
6000000014632738677
6000000014632747285
6000000014632799504
6000000014636193929
6000000014642577531
6000000014642577540
6000000014647402658
6000000014648278243
6000000014651762846
6000000014651771706
6000000014663637817
6000000014688172372
6000000014688755904
6000000014690160559
6000000014695771668
6000000014697419597
6000000014703927373
6000000014703931479
6000000014703966712
6000000014704018942
6000000014704091672
6000000014704092304
6000000014704141161
6000000014704147681
6000000014704177113
6000000014704177760
6000000014704251967
6000000014704279504
6000000014704293403
6000000014704331326
6000000014704336111
6000000014704386806
6000000014704403382
6000000014704404358
6000000014704406157
6000000014704441337
6000000014704490118
6000000014704507105
6000000014706231577
6000000014707242929
6000000014707491583
6000000014707491777
6000000014707491804
6000000014707699494
6000000014707706254
6000000014707738700
6000000014707786342
6000000014707802319
6000000014707821409
6000000014707835612
6000000014708409339
6000000014708562748
6000000014708660260
6000000014708704721
6000000014709311842
6000000014709791283
6000000014709948335
6000000014713276798
6000000014713531044
6000000014714081299
6000000014714192155
6000000014722874604
6000000014723763639
6000000014733028444
6000000014733870102
6000000014734546306
6000000014746224326
6000000014747406295
6000000014753956872
6000000014754189765
6000000014754248715
6000000014754282298
6000000014755837799
6000000014756006765
6000000014756027868
6000000014756141821
6000000014756179217
6000000014756222411
6000000014759808007
6000000014761615700
6000000014763581226
6000000014763831033
6000000014768409981
6000000014768652658
6000000014768701295
6000000014768899315
6000000014768919054
6000000014769094223
6000000014777229077
6000000014783417715
6000000014783485266
6000000014783696670
6000000014783990190
6000000014784184706
6000000014784272636
6000000014784326128
6000000014784405355
6000000014784605451
6000000014784627284
6000000014784702474
6000000014784761168
6000000014784778111
6000000014784812087
6000000014785635953
6000000014785676901
6000000014785926542
6000000014786092821
6000000014786093998
6000000014786098877
6000000014786153399
6000000014786224188
6000000014786673140
6000000014786744009
6000000014787401706
6000000014788820402
6000000014789019971
6000000014789051209
6000000014789071675
6000000014789444177
6000000014789586030
6000000014790325363
6000000014790508774
6000000014790530559
6000000014790638307
6000000014790670153
6000000014790686306
6000000014790709961
6000000014790907228
6000000014794051567
6000000014795562961
6000000014796021263
6000000014796143018
6000000014796161624
6000000014799047698
6000000014806159366
6000000014806207647
6000000014806334289
6000000014816993100
6000000014818894769
6000000014818911379
6000000014819442024
6000000014820091141
6000000014820776862
6000000014820951339
6000000014824953360
6000000014824959748
6000000014825032369
6000000014825045286
6000000014825478004
6000000014826705981
6000000014827331372
6000000014831488978
6000000014835622429
6000000014835624190
6000000014835656244
6000000014835681236
6000000014837827344
6000000014837904231
6000000014837996886
6000000014838348146
6000000014838363775
6000000014838808257
6000000014839318678
6000000014839509761
6000000014839809651
6000000014840087646
6000000014840136473
6000000014840214156
6000000014840350482
6000000014840652518
6000000014841125843
6000000014841125953
6000000014841194444
6000000014841207402
6000000014841214026
6000000014841252911
6000000014841299820
6000000014841313005
6000000014841445865
6000000014842540002
6000000014843517090
6000000014846915219
6000000014846941321
6000000014846954907
6000000014846965873
6000000014847692945
6000000014847702721
6000000014847790272
6000000014847996910
6000000014848876325
6000000014848913247
6000000014849033732
6000000014852401051
6000000014852865055
6000000014856228798
6000000014857023747
6000000014857343844
6000000014858082584
6000000014858307097
6000000014858369018
6000000014859800371
6000000014861884206
6000000014862783707
6000000014862995485
6000000014863051590
6000000014863061279
6000000014863087172
6000000014863098256
6000000014863174476
6000000014863191128
6000000014863212136
6000000014863232091
6000000014863240212
6000000014863302838
6000000014863385300
6000000014866940617
6000000014873400567
6000000014876279863
6000000014876496636
6000000014876618025
6000000014877820918
6000000014878005698
6000000014878015871
6000000014878177963
6000000014878253857
6000000014878280727
6000000014878348668
6000000014878360661
6000000014878797897
6000000014878801591
6000000014878824943
6000000014878900436
6000000014878920801
6000000014879024569
6000000014879058342
6000000014879111239
6000000014879181934
6000000014879259129
6000000014879419708
6000000014879458893
6000000014879474109
6000000014879672077
6000000014879693230
6000000014879787071
6000000014879787194
6000000014879829027
6000000014886757524
6000000014886789533
6000000014886902485
6000000014886939200
6000000014887125416
6000000014887140248
6000000014887174465
6000000014887180591
6000000014887183528
6000000014888527278
6000000014888845377
6000000014896901260
6000000014897319586
6000000014902291194
6000000014902660659
6000000014903120323
6000000014903122171
6000000014906491751
6000000014906911380
6000000014909939412
6000000014911517315
6000000014913046823
6000000014914074370
6000000014914287487
6000000014916378179
6000000014929036898
6000000014929380555
6000000014929392703
6000000014929400594
6000000014929472301
6000000014929563117
6000000014929604183
6000000014929677093
6000000014931735953
6000000014931953908
6000000014932285509
6000000014932568514
6000000014932665068
6000000014932711177
6000000014933287948
6000000014933658285
6000000014933665442
6000000014933668307
6000000014933676871
6000000014933677329
6000000014933682340
6000000014935483545
6000000014938070967
6000000014939700787
6000000014939768815
6000000014946014943
6000000014946183604
6000000014946196904
6000000014946215684
6000000014946599922
6000000014946777516
6000000014946938175
6000000014947014842
6000000014947067554
6000000014947099538
6000000014947105390
6000000014947194169
6000000014947204306
6000000014948906169
6000000014950048890
6000000014950128060
6000000014956271746
6000000014956992834
6000000014958272383
6000000014958287408
6000000014962024308
6000000014971406351
6000000014971430070
6000000014971524739
6000000014972090617
6000000014974772676
6000000014974895890
6000000014974914461
6000000014974936527
6000000014974970074
6000000014975001078
6000000014978095858
6000000014982600022
6000000014984234698
6000000014984312676
6000000014984372027
6000000014987970760
6000000014988955465
6000000015004238596
6000000015005655776
6000000015006029323
6000000015017276670
6000000015017289493
6000000015017506739
6000000015019085762
6000000015019163306
6000000015019959745
6000000015019968716
6000000015019992627
6000000015020060385
6000000015020104060
6000000015020106070
6000000015024970110
6000000015025488222
6000000015030401765
6000000015030564543
6000000015033006747
6000000015038326791
6000000015038713016
6000000015040466723
6000000015040470841
6000000015051883867
6000000015053328298
6000000015063657529
6000000015065172419
6000000015065616402
6000000015071225995
6000000015071275233
6000000015071628591
6000000015091355939
6000000015091486781
6000000015091639888
6000000015093544748
6000000015093583873
6000000015093736403
6000000015094190937
6000000015094647388
6000000015100013738
6000000015100145855
6000000015100244798
6000000015100593607
6000000015100758996
6000000015100840926
6000000015100919711
6000000015100988454
6000000015101121284
6000000015101267012
6000000015103489302
6000000015103609275
6000000015105473852
6000000015105710982
6000000015105714694
6000000015105877461
6000000015105930167
6000000015105986253
6000000015107696767
6000000015108271839
6000000015108345425
6000000015108487104
6000000015110071404
6000000015110129104
6000000015110133775
6000000015110781293
6000000015110950375
6000000015110950383
6000000015110950409
6000000015112844432
6000000015114338808
6000000015114338869
6000000015114525743
6000000015114853727
6000000015114916997
6000000015114974964
6000000015115174147
6000000015115175263
6000000015115201963
6000000015115202151
6000000015115210137
6000000015115276832
6000000015115501549
6000000015115568518
6000000015115642637
6000000015115670442
6000000015115734755
6000000015115742722
6000000015115812600
6000000015115816633
6000000015115822720
6000000015115826510
6000000015115827576
6000000015115859881
6000000015115949059
6000000015115966235
6000000015115966371
6000000015116287476
6000000015116371818
6000000015117052724
6000000015117490925
6000000015117958521
6000000015119079161
6000000015127375222
6000000015128329804
6000000015128503368
6000000015129936737
6000000015132400550
6000000015132549918
6000000015132758421
6000000015133327263
6000000015134355440
6000000015134704702
6000000015134805793
6000000015134889363
6000000015135046037
6000000015136458485
6000000015136630832
6000000015137126039
6000000015137887009
6000000015138366310
6000000015138570102
6000000015143124993
6000000015143432643
6000000015143590661
6000000015143596400
6000000015143608853
6000000015143965247
6000000015143991294
6000000015144008623
6000000015144038895
6000000015144135331
6000000015144169325
6000000015144186715
6000000015144187655
6000000015144262224
6000000015144291271
6000000015144316369
6000000015144358059
6000000015144402023
6000000015144413782
6000000015144796058
6000000015146960734
6000000015147360153
6000000015147392115
6000000015151703516
6000000015152536331
6000000015153436887
6000000015153506816
6000000015153559371
6000000015153794025
6000000015153815312
6000000015155323661
6000000015155570533
6000000015155639067
6000000015159533787
6000000015159936363
6000000015159974025
6000000015160166354
6000000015160173422
6000000015161724132
6000000015161761026
6000000015163979178
6000000015164383354
6000000015164429018
6000000015164701160
6000000015165037049
6000000015165110561
6000000015165278325
6000000015165413862
6000000015165484642
6000000015165504651
6000000015165520295
6000000015165712201
6000000015165736101
6000000015165811054
6000000015165846287
6000000015165961915
6000000015165982153
6000000015166038244
6000000015166050342
6000000015166056201
6000000015166069015
6000000015166124510
6000000015166194937
6000000015166226662
6000000015166234655
6000000015166328873
6000000015166330203
6000000015166362092
6000000015166393247
6000000015166440088
6000000015166467175
6000000015166528710
6000000015166529080
6000000015168037392
6000000015168165970
6000000015168165983
6000000015170512064
6000000015170734705
6000000015170774358
6000000015170777533
6000000015170778637
6000000015170811623
6000000015170868118
6000000015170877778
6000000015170885518
6000000015170887428
6000000015170978469
6000000015171000574
6000000015171003747
6000000015171015305
6000000015171038191
6000000015171109047
6000000015171425615
6000000015171497096
6000000015172607627
6000000015172687211
6000000015172742096
6000000015181759967
6000000015181848491
6000000015181919226
6000000015181961161
6000000015185075299
6000000015185094518
6000000015185137170
6000000015187287746
6000000015187963983
6000000015190570077
6000000015191729496
6000000015191825663
6000000015192415305
6000000015192431453
6000000015192533673
6000000015192601831
6000000015192788499
6000000015192867387
6000000015192933328
6000000015192955315
6000000015192956160
6000000015194551809
6000000015194607888
6000000015194679577
6000000015194771996
6000000015194870564
6000000015194907877
6000000015194914709
6000000015194933888
6000000015195008640
6000000015195009291
6000000015195036177
6000000015195050065
6000000015195091162
6000000015195146010
6000000015198899541
6000000015199187723
6000000015199225718
6000000015199227983
6000000015199508649
6000000015199682420
6000000015199728820
6000000015199747430
6000000015199771648
6000000015199829434
6000000015199966708
6000000015200075562
6000000015200085401
6000000015200090973
6000000015200120273
6000000015200143030
6000000015200161327
6000000015200170807
6000000015200172604
6000000015200185090
6000000015200188041
6000000015200205419
6000000015200230925
6000000015200246287
6000000015200247047
6000000015200248471
6000000015200248858
6000000015200254686
6000000015200259346
6000000015200275260
6000000015200277034
6000000015200277080
6000000015200277269
6000000015200292490
6000000015200321453
6000000015200355200
6000000015200360622
6000000015200394228
6000000015200396753
6000000015200400643
6000000015200478037
6000000015200480008
6000000015200507633
6000000015200882201
6000000015201160946
6000000015201389106
6000000015201397935
6000000015201633703
6000000015201666622
6000000015201674239
6000000015201689889
6000000015201690592
6000000015201732021
6000000015201785387
6000000015201790089
6000000015202520735
6000000015202676996
6000000015204381777
6000000015204424489
6000000015204724275
6000000015205274863
6000000015205881578
6000000015205956238
6000000015206147346
6000000015206186112
6000000015206192478
6000000015206214564
6000000015206237483
6000000015206365205
6000000015206498170
6000000015206887395
6000000015206987225
6000000015207053056
6000000015207931440
6000000015208135489
6000000015208210614
6000000015208506103
6000000015209586658
6000000015210027883
6000000015210293427
6000000015210293454
6000000015210453122
6000000015210479362
6000000015210480121
6000000015210515202
6000000015211178776
6000000015211504825
6000000015211606226
6000000015212208636
6000000015212249570
6000000015212264540
6000000015212279774
6000000015213053130
6000000015213069753
6000000015213093296
6000000015213109036
6000000015213126038
6000000015214141459
6000000015214159841
6000000015214177370
6000000015214177434
6000000015214356415
6000000015214378037
6000000015214378094
6000000015214457726
6000000015214467487
6000000015214485434
6000000015214587543
6000000015214599926
6000000015214667051
6000000015214685451
6000000015214723021
6000000015214898180
6000000015215559535
6000000015215682338
6000000015216136486
6000000015216315200
6000000015220933948
6000000015221185888
6000000015221313125
6000000015222778756
6000000015230635212
6000000015231504530
6000000015231701176
6000000015232457981
6000000015232824578
6000000015232897278
6000000015233040071
6000000015233057010
6000000015233578906
6000000015233824889
6000000015233912484
6000000015233995123
6000000015236767238
6000000015237635090
6000000015237944336
6000000015237990988
6000000015241358882
6000000015241583322
6000000015242289046
6000000015242982816
6000000015243130517
6000000015249340727
6000000015251332429
6000000015254167876
6000000015254569570
6000000015255995878
6000000015256371657
6000000015256400719
6000000015256751943
6000000015256907964
6000000015257109095
6000000015257239751
6000000015257262529
6000000015257269548
6000000015257417038
6000000015257483464
6000000015257927483
6000000015258183406
6000000015258394951
6000000015258448437
6000000015258502330
6000000015258868111
6000000015259361487
6000000015259513175
6000000015259513463
6000000015259578885
6000000015259663495
6000000015259767969
6000000015259901575
6000000015259904815
6000000015259943521
6000000015259989309
6000000015260034187
6000000015260044169
6000000015260075092
6000000015261012273
6000000015261128134
6000000015264398834
6000000015267726408
6000000015267827021
6000000015270967772
6000000015271168251
6000000015274926111
6000000015274965090
6000000015275081732
6000000015275940122
6000000015276043335
6000000015279887742
6000000015279910874
6000000015279927576
6000000015279958787
6000000015279993528
6000000015279998396
6000000015280012555
6000000015280033097
6000000015280050267
6000000015280052494
6000000015280127977
6000000015280140406
6000000015280155364
6000000015280165371
6000000015280169644
6000000015280190244
6000000015280220536
6000000015280245112
6000000015280263606
6000000015280279074
6000000015280294003
6000000015280321110
6000000015280342384
6000000015280350219
6000000015280365762
6000000015280367023
6000000015280367126
6000000015281338809
6000000015281535801
6000000015281600159
6000000015281712046
6000000015284956310
6000000015285890987
6000000015286583879
6000000015286636710
6000000015286855620
6000000015286862263
6000000015286871905
6000000015286912836
6000000015286974730
6000000015287009869
6000000015287045498
6000000015287165542
6000000015287165693
6000000015287197228
6000000015287219589
6000000015287250147
6000000015287311260
6000000015287341418
6000000015287361408
6000000015287364175
6000000015287370637
6000000015287412081
6000000015287413063
6000000015287479276
6000000015288726424
6000000015290648792
6000000015290763685
6000000015290869512
6000000015299754916
6000000015299796343
6000000015299896776
6000000015299922248
6000000015300249001
6000000015300351913
6000000015301449062
6000000015301455110
6000000015301488089
6000000015301520002
6000000015301532032
6000000015301839790
6000000015301850051
6000000015301980094
6000000015302191718
6000000015303274923
6000000015304681631
6000000015304713958
6000000015304832902
6000000015304871662
6000000015304872827
6000000015304912740
6000000015304926696
6000000015304933835
6000000015305070965
6000000015305117296
6000000015305157727
6000000015305168325
6000000015305239142
6000000015305245266
6000000015305249027
6000000015305262226
6000000015305263226
6000000015305263599
6000000015305271227
6000000015305293063
6000000015305337001
6000000015305341042
6000000015305341120
6000000015305364017
6000000015305416852
6000000015305437384
6000000015305714602
6000000015305834987
6000000015305955377
6000000015306203728
6000000015306203881
6000000015306273735
6000000015306307707
6000000015306307793
6000000015306315549
6000000015306359812
6000000015306373778
6000000015306451177
6000000015306455350
6000000015306470353
6000000015306480336
6000000015306511125
6000000015306664158
6000000015306807413
6000000015306828438
6000000015306899025
6000000015306917524
6000000015306953440
6000000015306954001
6000000015306986324
6000000015307068141
6000000015307132696
6000000015307171013
6000000015307172127
6000000015307203015
6000000015308050653
6000000015308168372
6000000015308199243
6000000015310896932
6000000015311629826
6000000015311724407
6000000015311728974
6000000015311753669
6000000015311845868
6000000015311913427
6000000015311997125
6000000015316125743
6000000015316351019
6000000015316534385
6000000015317032840
6000000015317069295
6000000015317213529
6000000015317213827
6000000015317770667
6000000015317784484
6000000015318111152
6000000015318128779
6000000015318299092
6000000015318404014
6000000015318479645
6000000015318518455
6000000015318552565
6000000015318678211
6000000015319377418
6000000015319810478
6000000015319836466
6000000015319854736
6000000015319972597
6000000015320458651
6000000015321016677
6000000015321259962
6000000015321343826
6000000015322285769
6000000015322365424
6000000015322606099
6000000015322658396
6000000015322741557
6000000015322756264
6000000015322756369
6000000015323026529
6000000015323644392
6000000015323732227
6000000015325470154
6000000015325483969
6000000015325599888
6000000015325654266
6000000015325814674
6000000015325895363
6000000015325955026
6000000015326268881
6000000015326408040
6000000015326554924
6000000015326687899
6000000015326699768
6000000015327022453
6000000015327071515
6000000015327228792
6000000015327237651
6000000015327289334
6000000015327494311
6000000015327561098
6000000015327654046
6000000015328185240
6000000015328432079
6000000015330069439
6000000015330108567
6000000015330111549
6000000015330123996
6000000015330316915
6000000015330325557
6000000015330363677
6000000015330363851
6000000015330380947
6000000015330412777
6000000015330509052
6000000015330516544
6000000015330556162
6000000015330561257
6000000015330636377
6000000015330645321
6000000015330652104
6000000015330665150
6000000015330686076
6000000015330692556
6000000015330703673
6000000015330705167
6000000015330710248
6000000015330752782
6000000015330868289
6000000015332947910
6000000015332996367
6000000015333654617
6000000015338008704
6000000015338211473
6000000015339084770
6000000015339140631
6000000015339221666
6000000015339346483
6000000015339430355
6000000015339575366
6000000015339655281
6000000015339706789
6000000015339965664
6000000015340122847
6000000015340143722
6000000015340200867
6000000015340338541
6000000015340347867
6000000015340473917
6000000015340623914
6000000015340686665
6000000015340734639
6000000015340743914
6000000015340778705
6000000015340791541
6000000015340818659
6000000015340839703
6000000015340847375
6000000015340917193
6000000015340979094
6000000015341001584
6000000015341001647
6000000015341001703
6000000015341003638
6000000015341007092
6000000015341011648
6000000015341032027
6000000015341067138
6000000015341117448
6000000015341133399
6000000015341145922
6000000015341146827
6000000015341159007
6000000015341175225
6000000015341187830
6000000015341359146
6000000015341431641
6000000015341481119
6000000015341488544
6000000015341615192
6000000015341688181
6000000015341743033
6000000015341795250
6000000015341806188
6000000015342663368
6000000015342785614
6000000015342809206
6000000015342873975
6000000015342876606
6000000015342876908
6000000015342892443
6000000015343048013
6000000015343083984
6000000015343112846
6000000015343172900
6000000015343234711
6000000015343371853
6000000015343390836
6000000015343392315
6000000015343392494
6000000015343426013
6000000015343433471
6000000015343460258
6000000015343532235
6000000015349494778
6000000015350123326
6000000015350196529
6000000015350284755
6000000015350311505
6000000015350499168
6000000015350511768
6000000015350522548
6000000015350535161
6000000015351373914
6000000015351398579
6000000015351436454
6000000015351456876
6000000015351547877
6000000015351563358
6000000015351686516
6000000015351718511
6000000015351724392
6000000015351753226
6000000015351804223
6000000015351809216
6000000015351815466
6000000015351868471
6000000015351877671
6000000015351883269
6000000015351883356
6000000015351951580
6000000015351951621
6000000015351955513
6000000015351957213
6000000015351992674
6000000015351992704
6000000015352002467
6000000015352017772
6000000015352045108
6000000015352056616
6000000015352058672
6000000015352076634
6000000015352147386
6000000015352154016
6000000015352208339
6000000015352244094
6000000015352274011
6000000015352293567
6000000015352293852
6000000015352358930
6000000015352373855
6000000015352451205
6000000015352459634
6000000015352484153
6000000015352492132
6000000015352526348
6000000015352547974
6000000015352584332
6000000015352611714
6000000015352637082
6000000015352669780
6000000015352690704
6000000015352695088
6000000015352707433
6000000015352711152
6000000015352712617
6000000015352724410
6000000015352742167
6000000015352757865
6000000015352758180
6000000015352772363
6000000015352788029
6000000015352791140
6000000015352822035
6000000015352894495
6000000015352950203
6000000015352958172
6000000015355270621
6000000015355530754
6000000015357223888
6000000015357319422
6000000015357359225
6000000015357397066
6000000015357420335
6000000015357549198
6000000015357565449
6000000015357693661
6000000015357704555
6000000015357707513
6000000015357714499
6000000015357811176
6000000015357823951
6000000015357829109
6000000015357857621
6000000015358092681
6000000015358120556
6000000015358251846
6000000015358322639
6000000015358333577
6000000015358459396
6000000015358488049
6000000015358567130
6000000015358768469
6000000015359843054
6000000015359922027
6000000015360255339
6000000015360300353
6000000015360390257
6000000015361409917
6000000015361523724
6000000015361691601
6000000015361699728
6000000015361804581
6000000015361812056
6000000015361826650
6000000015361876441
6000000015361882247
6000000015361885183
6000000015361893594
6000000015361915799
6000000015361921240
6000000015361949063
6000000015361953874
6000000015362171211
6000000015362190159
6000000015363685545
6000000015363699871
6000000015363817154
6000000015363916664
6000000015364043224
6000000015364044064
6000000015364152880
6000000015364156168
6000000015364162559
6000000015364162892
6000000015364180312
6000000015364189971
6000000015364193455
6000000015364245477
6000000015364246098
6000000015364248715
6000000015364260501
6000000015364383340
6000000015364451390
6000000015367741064
6000000015367750284
6000000015367755231
6000000015367756095
6000000015367902078
6000000015368245242
6000000015372523006
6000000015373978194
6000000015383389906
6000000015386638955
6000000015386814867
6000000015386971378
6000000015387078011
6000000015387138867
6000000015387507758
6000000015387879280
6000000015388074806
6000000015388342613
6000000015388425454
6000000015388474880
6000000015388475541
6000000015388486687
6000000015388492345
6000000015388531085
6000000015388586315
6000000015388767493
6000000015388972043
6000000015389006306
6000000015389052090
6000000015390532964
6000000015390623827
6000000015391080605
6000000015391131437
6000000015391589913
6000000015391597802
6000000015391651750
6000000015391663480
6000000015391667912
6000000015391752763
6000000015391779622
6000000015391859373
6000000015391860632
6000000015391957154
6000000015391960235
6000000015391960609
6000000015392007265
6000000015392036179
6000000015392037346
6000000015392050951
6000000015392072356
6000000015392100031
6000000015392100296
6000000015392162088
6000000015392211002
6000000015392524322
6000000015402129765
6000000015406466520
6000000015406797119
6000000015407007420
6000000015407299467
6000000015407884362
6000000015408146039
6000000015408380169
6000000015408520308
6000000015408541246
6000000015408720185
6000000015409918759
6000000015411561759
6000000015415571382
6000000015418652861
6000000015422200634
6000000015423554110
6000000015423698677
6000000015424044039
6000000015424079469
6000000015424146991
6000000015424519397
6000000015424793342
6000000015424916066
6000000015424916184
6000000015424968345
6000000015426203349
6000000015426256114
6000000015426264032
6000000015429025743
6000000015429878202
6000000015430274652
6000000015430290550
6000000015431303976
6000000015431368802
6000000015432093289
6000000015432185723
6000000015432218467
6000000015432303585
6000000015432588438
6000000015432834583
6000000015432934564
6000000015432951756
6000000015432981490
6000000015432993720
6000000015433086889
6000000015433097297
6000000015433104040
6000000015433113146
6000000015433133191
6000000015433568246
6000000015433660745
6000000015434126436
6000000015434469255
6000000015435554973
6000000015435665717
6000000015439403820
6000000015439603918
6000000015439677920
6000000015439828854
6000000015439852935
6000000015439951305
6000000015439955517
6000000015440121184
6000000015440134217
6000000015440145155
6000000015440182290
6000000015440205784
6000000015441110972
6000000015446830481
6000000015448962097
6000000015450891965
6000000015451024411
6000000015451353101
6000000015452390849
6000000015452583427
6000000015452609304
6000000015452641373
6000000015452856400
6000000015452985253
6000000015456577858
6000000015457750890
6000000015457932253
6000000015458097981
6000000015458156803
6000000015458394484
6000000015462302772
6000000015462366901
6000000015462366921
6000000015462474436
6000000015462599026
6000000015469103040
6000000015469525848
6000000015476541761
6000000015482810672
6000000015484851281
6000000015484979477
6000000015485124484
6000000015485231696
6000000015485354151
6000000015485449302
6000000015485582027
6000000015485596060
6000000015485596065
6000000015485621411
6000000015485800578
6000000015485902048
6000000015487439942
6000000015487727825
6000000015487786461
6000000015487836423
6000000015487842375
6000000015491392355
6000000015499229107
6000000015503693642
6000000015504131282
6000000015506270074
6000000015506293061
6000000015506461148
6000000015506754619
6000000015507447504
6000000015510942841
6000000015511829361
6000000015512664290
6000000015512999068
6000000015518386800
6000000015518429633
6000000015518440452
6000000015518557071
6000000015518602312
6000000015518620130
6000000015518633472
6000000015518649039
6000000015518649296
6000000015518684068
6000000015518685084
6000000015520062854
6000000015520147762
6000000015520431489
6000000015520641187
6000000015521070849
6000000015521175714
6000000015521203666
6000000015521370780
6000000015521418253
6000000015521464815
6000000015521559489
6000000015521590083
6000000015521591455
6000000015522017930
6000000015522816697
6000000015523232646
6000000015523388431
6000000015523432405
6000000015523455018
6000000015523563333
6000000015523593206
6000000015523670605
6000000015523878713
6000000015523986239
6000000015524105229
6000000015524143045
6000000015524182568
6000000015524280290
6000000015524534073
6000000015528107939
6000000015528241436
6000000015529044032
6000000015531469691
6000000015531901886
6000000015532406251
6000000015532471056
6000000015532540121
6000000015532550172
6000000015532735463
6000000015533319309
6000000015534796019
6000000015537125028
6000000015539163012
6000000015539599891
6000000015540206537
6000000015540352478
6000000015549652962
6000000015549711798
6000000015549747925
6000000015549902876
6000000015550058647
6000000015550083256
6000000015550557317
6000000015550634455
6000000015550652677
6000000015550701094
6000000015550792033
6000000015561700147
6000000015563174467
6000000015563453003
6000000015563473032
6000000015563486064
6000000015565536487
6000000015584560795
6000000015584963816
6000000015585072426
6000000015585153138
6000000015591851824
6000000015591928346
6000000015592005270
6000000015592341249
6000000015593629367
6000000015593854080
6000000015594597376
6000000015594611718
6000000015594630379
6000000015594655167
6000000015596114206
6000000015601540391
6000000015608311405
6000000015608807215
6000000015608855536
6000000015609453432
6000000015609521571
6000000015611161054
6000000015613069808
6000000015613443613
6000000015613590455
6000000015615857390
6000000015620868795
6000000015620969058
6000000015620993748
6000000015621109072
6000000015625573010
6000000015625587627
6000000015626455388
6000000015626523110
6000000015626691069
6000000015626792851
6000000015626928958
6000000015627264454
6000000015627290949
6000000015627505766
6000000015627520764
6000000015627551613
6000000015627556986
6000000015627565310
6000000015627576707
6000000015627585679
6000000015627609144
6000000015627617654
6000000015627661590
6000000015627661598
6000000015627688825
6000000015627750816
6000000015628073035
6000000015628543551
6000000015628582138
6000000015628825667
6000000015628911730
6000000015629582218
6000000015630475026
6000000015635806565
6000000015635848067
6000000015639118659
6000000015639271817
6000000015639271917
6000000015639367948
6000000015639430583
6000000015639453761
6000000015639461717
6000000015639607705
6000000015639766088
6000000015639830286
6000000015639830389
6000000015639933446
6000000015639964088
6000000015639967379
6000000015640118134
6000000015646198900
6000000015646275885
6000000015646572861
6000000015646603809
6000000015646678871
6000000015647186595
6000000015647194546
6000000015647264454
6000000015647272418
6000000015647599296
6000000015647785734
6000000015647852287
6000000015648147230
6000000015648622597
6000000015649083398
6000000015649115446
6000000015652064269
6000000015652101230
6000000015652303011
6000000015652355005
6000000015652595124
6000000015652662173
6000000015652687301
6000000015652729101
6000000015652754056
6000000015653002041
6000000015657549274
6000000015663551131
6000000015665022996
6000000015666645510
6000000015666745947
6000000015666745991
6000000015666747818
6000000015666753430
6000000015666771475
6000000015666865971
6000000015666887179
6000000015667638180
6000000015673430496
6000000015673549422
6000000015674377429
6000000015675487213
6000000015681231655
6000000015681535203
6000000015684805681
6000000015685113975
6000000015685385818
6000000015692311003
6000000015694518935
6000000015694782883
6000000015694805421
6000000015694837919
6000000015694850644
6000000015694920534
6000000015695012384
6000000015695042272
6000000015695091978
6000000015695106275
6000000015695204070
6000000015695293742
6000000015695320311
6000000015695361204
6000000015696048313
6000000015696134091
6000000015703647591
6000000015703837470
6000000015703949073
6000000015705426597
6000000015710203382
6000000015712460390
6000000015714883604
6000000015715164493
6000000015715709687
6000000015716807984
6000000015717429157
6000000015717433736
6000000015719192855
6000000015727837717
6000000015728929221
6000000015729358446
6000000015729414349
6000000015729543039
6000000015729610011
6000000015733320853
6000000015733475028
6000000015736812586
6000000015737465782
6000000015737490947
6000000015737609634
6000000015737821111
6000000015737851035
6000000015737906500
6000000015737909001
6000000015738362662
6000000015739011635
6000000015739297482
6000000015739442600
6000000015739521115
6000000015740344646
6000000015743397219
6000000015743397952
6000000015744364353
6000000015744613228
6000000015744697036
6000000015745140998
6000000015745662770
6000000015746306698
6000000015746688153
6000000015746797260
6000000015747610334
6000000015748307235
6000000015748447743
6000000015748619617
6000000015748840936
6000000015749016570
6000000015749026106
6000000015749124997
6000000015749407131
6000000015749554245
6000000015757355425
6000000015757667506
6000000015765297936
6000000015765531858
6000000015765702885
6000000015766021573
6000000015766048945
6000000015766132443
6000000015766358950
6000000015766360691
6000000015766452724
6000000015766778450
6000000015766801103
6000000015767313675
6000000015767317374
6000000015767340459
6000000015767418784
6000000015767437497
6000000015767464075
6000000015767483412
6000000015767529655
6000000015767535293
6000000015767648537
6000000015767651307
6000000015767670289
6000000015767684149
6000000015767829361
6000000015767984283
6000000015768142181
6000000015770174831
6000000015770746606
6000000015770776206
6000000015770897014
6000000015770900398
6000000015770952038
6000000015775079865
6000000015775378326
6000000015775451593
6000000015775456737
6000000015775474692
6000000015775498220
6000000015775546171
6000000015775748884
6000000015775886857
6000000015775888539
6000000015775888637
6000000015775901383
6000000015776021443
6000000015776024284
6000000015776033093
6000000015776113002
6000000015777239749
6000000015777253698
6000000015777345196
6000000015777531393
6000000015778116058
6000000015786587477
6000000015786597702
6000000015786618472
6000000015788456658
6000000015788616842
6000000015788867644
6000000015789097053
6000000015789133081
6000000015789709198
6000000015793586641
6000000015794190429
6000000015801167887
6000000015801218335
6000000015803248338
6000000015803520047
6000000015807803777
6000000015807882752
6000000015808087254
6000000015808434199
6000000015808596419
6000000015808639579
6000000015808648944
6000000015808848226
6000000015808849248
6000000015808886282
6000000015808909246
6000000015809383676
6000000015812615654
6000000015812626629
6000000015812656590
6000000015812664676
6000000015812770329
6000000015812877441
6000000015813082877
6000000015813124967
6000000015813230185
6000000015814513708
6000000015814865768
6000000015816611691
6000000015816635779
6000000015816705570
6000000015816941638
6000000015817010204
6000000015817239172
6000000015817298116
6000000015819781730
6000000015822064806
6000000015822095387
6000000015822126637
6000000015822170903
6000000015822181363
6000000015822297065
6000000015822306076
6000000015822312983
6000000015822313647
6000000015822646437
6000000015824423443
6000000015830218946
6000000015830241905
6000000015830293729
6000000015830435890
6000000015830624509
6000000015830705999
6000000015830771438
6000000015830771544
6000000015830816417
6000000015830858150
6000000015830887053
6000000015830921044
6000000015830937031
6000000015835782334
6000000015837548723
6000000015837562653
6000000015837706537
6000000015837752427
6000000015837794684
6000000015837837585
6000000015837837619
6000000015837840394
6000000015837899499
6000000015838075128
6000000015838127300
6000000015838128455
6000000015838130337
6000000015838134467
6000000015838409805
6000000015838542917
6000000015838557852
6000000015838727234
6000000015838845027
6000000015838884087
6000000015841563258
6000000015841588059
6000000015841603070
6000000015841611101
6000000015841626494
6000000015841626703
6000000015841631236
6000000015841664317
6000000015841668500
6000000015841669087
6000000015841678165
6000000015841679064
6000000015841684067
6000000015841751013
6000000015842223585
6000000015842243852
6000000015842288500
6000000015842347978
6000000015842447954
6000000015842525207
6000000015842574071
6000000015844614533
6000000015846351663
6000000015846432569
6000000015846453473
6000000015846460682
6000000015846542400
6000000015846630074
6000000015849321055
6000000015861006321
6000000015863392432
6000000015863809144
6000000015865270552
6000000015865398015
6000000015868199971
6000000015868217761
6000000015868297127
6000000015868383244
6000000015868454061
6000000015868487278
6000000015868517167
6000000015870547860
6000000015871012462
6000000015871297688
6000000015871421878
6000000015871431158
6000000015872052095
6000000015872095002
6000000015874523350
6000000015874707197
6000000015874934587
6000000015875159181
6000000015878454737
6000000015878455916
6000000015878518606
6000000015878556959
6000000015878564911
6000000015878564916
6000000015878577554
6000000015878597951
6000000015878613557
6000000015878624959
6000000015878628682
6000000015878644879
6000000015878654791
6000000015878659930
6000000015878660718
6000000015878665613
6000000015878675395
6000000015878719431
6000000015878742630
6000000015878746091
6000000015878760288
6000000015878763841
6000000015878835127
6000000015878844064
6000000015878864038
6000000015878864229
6000000015878875760
6000000015878972752
6000000015879086112
6000000015879171075
6000000015879175150
6000000015879202188
6000000015879241190
6000000015879244082
6000000015879249893
6000000015879310128
6000000015879324167
6000000015880230762
6000000015880574988
6000000015880837294
6000000015883277538
6000000015883793665
6000000015885630307
6000000015885687313
6000000015885879994
6000000015886537264
6000000015888086181
6000000015888144922
6000000015888300153
6000000015888381494
6000000015888414127
6000000015888434397
6000000015888778587
6000000015889703785
6000000015892652235
6000000015893165104
6000000015894086595
6000000015894911526
6000000015895262958
6000000015901158252
6000000015901647810
6000000015902535267
6000000015904641595
6000000015904714402
6000000015904814532
6000000015905064307
6000000015908971667
6000000015908983941
6000000015909233348
6000000015909511157
6000000015909580207
6000000015911994857
6000000015912567529
6000000015912924583
6000000015912928328
6000000015913085136
6000000015914275370
6000000015914731678
6000000015914827508
6000000015914935423
6000000015914942520
6000000015914964842
6000000015915010655
6000000015915217796
6000000015915258948
6000000015915424437
6000000015915565211
6000000015915571128
6000000015915580087
6000000015918721486
6000000015918732409
6000000015918807580
6000000015918849536
6000000015918851889
6000000015918983050
6000000015919012558
6000000015919038548
6000000015919053251
6000000015919086053
6000000015919244085
6000000015921826143
6000000015925389438
6000000015932845185
6000000015946965321
6000000015957442798
6000000015957455968
6000000015957459947
6000000015957647126
6000000015957694048
6000000015962425001
6000000015981113367
6000000015981225181
6000000015987575324
6000000015987693539
6000000015987731226
6000000016000810176
6000000016007511823
6000000016022892179
6000000016034654864
6000000016034743540
6000000016034814759
6000000016034951546
6000000016057453707
6000000016057885076
6000000016057897024
6000000016059524303
6000000016069351438
6000000016071047409
6000000016072441635
6000000016072464889
6000000016072573741
6000000016072888963
6000000016073050199
6000000016073557093
6000000016079409909
6000000016080352064
6000000016080389038
6000000016097129505
6000000016097347597
6000000016109394852
6000000016109555964
6000000016109751836
6000000016109803881
6000000016110222826
6000000016110230807
6000000016110241220
6000000016110358300
6000000016110390170
6000000016110406728
6000000016110419846
6000000016110465361
6000000016110506756
6000000016110523624
6000000016110526256
6000000016110563270
6000000016110593524
6000000016110612108
6000000016110652028
6000000016117739794
6000000016117756826
6000000016126007881
6000000016130176241
6000000016132303589
6000000016139968645
6000000016143051063
6000000016146765324
6000000016147015602
6000000016148209432
6000000016148338068
6000000016148565202
6000000016148702875
6000000016148702961
6000000016148916218
6000000016149049301
6000000016149119200
6000000016149302028
6000000016149385010
6000000016155465514
6000000016155763789
6000000016156679389
6000000016158181666
6000000016158865798
6000000016159129540
6000000016159351963
6000000016159555469
6000000016162995616
6000000016163289010
6000000016164266294
6000000016164369444
6000000016164871461
6000000016165011561
6000000016165110462
6000000016165173414
6000000016165180755
6000000016165215353
6000000016165234236
6000000016165244392
6000000016165282480
6000000016165309327
6000000016165364478
6000000016165366307
6000000016165420156
6000000016165434411
6000000016165478119
6000000016165546069
6000000016165621005
6000000016170563521
6000000016170670442
6000000016170672200
6000000016170683229
6000000016170686088
6000000016170776137
6000000016170780018
6000000016171010706
6000000016171070191
6000000016171106045
6000000016174291900
6000000016175033869
6000000016175064487
6000000016175082602
6000000016175141137
6000000016175165096
6000000016175430807
6000000016175848230
6000000016176295927
6000000016179346993
6000000016179553121
6000000016179620062
6000000016182297373
6000000016182399490
6000000016188978232
6000000016189817229
6000000016191330007
6000000016191875868
6000000016192107765
6000000016192203396
6000000016195893842
6000000016196078897
6000000016196398761
6000000016196483896
6000000016196649208
6000000016203213977
6000000016203250458
6000000016211021070
6000000016214928764
6000000016215206604
6000000016215612824
6000000016215854929
6000000016216045722
6000000016216131717
6000000016216307367
6000000016216316321
6000000016217982098
6000000016218032085
6000000016223335758
6000000016223367401
6000000016223533386
6000000016223621126
6000000016223701246
6000000016223712054
6000000016224733454
6000000016224759504
6000000016224837327
6000000016224961217
6000000016234486723
6000000016236895891
6000000016236924351
6000000016237168159
6000000016237354751
6000000016237355514
6000000016237489129
6000000016240020887
6000000016240392527
6000000016240393295
6000000016240581953
6000000016240805291
6000000016245296384
6000000016245331321
6000000016245354311
6000000016245651405
6000000016246443406
6000000016258149888
6000000016258195444
6000000016258247521
6000000016258419348
6000000016258452594
6000000016258551253
6000000016258555142
6000000016261747190
6000000016261753194
6000000016261817222
6000000016264406825
6000000016268896429
6000000016269016848
6000000016272482807
6000000016272532886
6000000016272573671
6000000016272608692
6000000016272875442
6000000016272882354
6000000016272892202
6000000016272905774
6000000016272905974
6000000016272926494
6000000016272929292
6000000016272929720
6000000016272952769
6000000016272956665
6000000016272963577
6000000016272963990
6000000016273004673
6000000016273016220
6000000016273031153
6000000016273096351
6000000016273165175
6000000016273215047
6000000016273216570
6000000016273245402
6000000016273247038
6000000016273269182
6000000016273350870
6000000016273679323
6000000016273984705
6000000016274310940
6000000016274344430
6000000016274356742
6000000016274391335
6000000016274761054
6000000016291151438
6000000016291608582
6000000016291816318
6000000016292677125
6000000016293378751
6000000016293530189
6000000016299070671
6000000016300000672
6000000016312938358
6000000016319163441
6000000016319422789
6000000016321091976
6000000016321828717
6000000016323914060
6000000016323959434
6000000016324976608
6000000016335350548
6000000016335410444
6000000016335966316
6000000016336608442
6000000016345317340
6000000016347572760
6000000016359409366
6000000016359573154
6000000016359740808
6000000016359839603
6000000016359987887
6000000016360042741
6000000016360070993
6000000016360132595
6000000016360191186
6000000016361167382
6000000016364635522
6000000016373146240
6000000016377094981
6000000016377911632
6000000016386934940
6000000016387042601
6000000016392396600
6000000016395417239
6000000016401311406
6000000016404777802
6000000016411261654
6000000016415504412
6000000016418281099
6000000016420544705
6000000016421263719
6000000016421316772
6000000016421347409
6000000016421401219
6000000016421502288
6000000016423061664
6000000016423413776
6000000016423527668
6000000016425364981
6000000016425685514
6000000016425694057
6000000016425697133
6000000016425918956
6000000016426141329
6000000016426156734
6000000016426580160
6000000016426694045
6000000016426764159
6000000016432980932
6000000016434968217
6000000016445550596
6000000016453550797
6000000016453917760
6000000016454084574
6000000016454170603
6000000016465465677
6000000016465621240
6000000016465628491
6000000016466559079
6000000016466581888
6000000016472903799
6000000016473887681
6000000016474341492
6000000016474482015
6000000016476263646
6000000016480932981
6000000016487585316
6000000016500231955
6000000016500347931
6000000016500371974
6000000016500493145
6000000016500531057
6000000016509132544
6000000016509138437
6000000016509238112
6000000016518764700
6000000016524424784
6000000016524672292
6000000016524888188
6000000016525054119
6000000016525100376
6000000016525103375
6000000016525555550
6000000016526524610
6000000016526533688
6000000016526590999
6000000016526610857
6000000016526707218
6000000016526750369
6000000016526776643
6000000016533140502
6000000016541562525
6000000016566471330
6000000016572963891
6000000016573134824
6000000016573574596
6000000016573711842
6000000016573961565
6000000016581762668
6000000016581830487
6000000016582087200
6000000016582276144
6000000016582279246
6000000016582436728
6000000016582934088
6000000016601692421
6000000016603476081
6000000016603487493
6000000016603512566
6000000016604857298
6000000016605165840
6000000016605330713
6000000016613877570
6000000016614091874
6000000016614203534
6000000016614291315
6000000016628279467
6000000016629424654
6000000016629464625
6000000016637754712
6000000016641770299
6000000016641874650
6000000016643963931
6000000016649765247
6000000016650365425
6000000016651454910
6000000016662777576
6000000016679299957
6000000016681261869
6000000016703523449
6000000016705733107
6000000016713678896
6000000016713789699
6000000016714267464
6000000016714689928
6000000016714761277
6000000016714887399
6000000016714912168
6000000016714915176
6000000016714948164
6000000016714977626
6000000016715142215
6000000016717964723
6000000016718331313
6000000016720007613
6000000016723256510
6000000016727548595
6000000016729644963
6000000016730110195
6000000016734845841
6000000016735251214
6000000016735682799
6000000016735872645
6000000016735890580
6000000016735999853
6000000016736176248
6000000016736541920
6000000016736631597
6000000016740831843
6000000016742466362
6000000016743440271
6000000016743664095
6000000016755492791
6000000016755934408
6000000016756043280
6000000016756056332
6000000016756060201
6000000016756082252
6000000016761638269
6000000016762133412
6000000016762156251
6000000016762562511
6000000016762579989
6000000016762781832
6000000016764250160
6000000016764255804
6000000016764262495
6000000016764349438
6000000016764467097
6000000016764643408
6000000016765352599
6000000016765696674
6000000016765751912
6000000016765766938
6000000016765775528
6000000016765849448
6000000016765856235
6000000016765866392
6000000016765908226
6000000016765918403
6000000016765953235
6000000016766029461
6000000016766033146
6000000016766042098
6000000016766048642
6000000016766178049
6000000016771285651
6000000016771623444
6000000016772051613
6000000016773226924
6000000016773591806
6000000016773982683
6000000016774107677
6000000016774133591
6000000016774180811
6000000016774216707
6000000016774338281
6000000016774365646
6000000016774370638
6000000016774497052
6000000016775452439
6000000016775458804
6000000016776009610
6000000016776215706
6000000016776251930
6000000016780434123
6000000016785979364
6000000016792452593
6000000016793310471
6000000016793748749
6000000016793999710
6000000016801599977
6000000016801911861
6000000016802586423
6000000016813007365
6000000016814312068
6000000016815389176
6000000016815601271
6000000016818613358
6000000016832969786
6000000016833299157
6000000016833443886
6000000016833819150
6000000016834227763
6000000016834474904
6000000016834519687
6000000016834720624
6000000016835030878
6000000016835073041
6000000016835288727
6000000016835474358
6000000016835580987
6000000016835675030
6000000016836370835
6000000016836604764
6000000016836624453
6000000016836840677
6000000016847599999
6000000016848467044
6000000016848558074
6000000016854130966
6000000016854365040
6000000016854365811
6000000016878055839
6000000016894131977
6000000016898427601
6000000016901348810
6000000016906677548
6000000016906721392
6000000016906792424
6000000016912251891
6000000016912274322
6000000016912328315
6000000016912369398
6000000016912441144
6000000016912496222
6000000016917960596
6000000016922228741
6000000016922601074
6000000016922620336
6000000016922624749
6000000016922790490
6000000016925005896
6000000016925011639
6000000016937991171
6000000016943830320
6000000016950688493
6000000016957210351
6000000016960343520
6000000016960481676
6000000016960523198
6000000016960565587
6000000016960713897
6000000016960746133
6000000016960767446
6000000016960969512
6000000016963187786
6000000016963218577
6000000016963286287
6000000016963352683
6000000016973114896
6000000016981350591
6000000016981415842
6000000016991499927
6000000016991536419
6000000017000493168
6000000017000558057
6000000017000587097
6000000017004949732
6000000017005427143
6000000017012010642
6000000017014798863
6000000017014834961
6000000017014955352
6000000017017689657
6000000017018485275
6000000017018488185
6000000017022151181
6000000017034701228
6000000017034778142
6000000017038363216
6000000017041057625
6000000017047997909
6000000017048035754
6000000017048073944
6000000017048078661
6000000017049596851
6000000017049751573
6000000017050043251
6000000017050056347
6000000017050246801
6000000017050463040
6000000017050575017
6000000017050882216
6000000017051956505
6000000017052028793
6000000017052063714
6000000017052282402
6000000017052345125
6000000017052385246
6000000017052457003
6000000017054740641
6000000017055024438
6000000017061325884
6000000017061396419
6000000017063746879
6000000017063758477
6000000017068551744
6000000017069829672
6000000017070932775
6000000017072293992
6000000017072428916
6000000017078366609
6000000017079071964
6000000017079200471
6000000017079204200
6000000017079204218
6000000017079214219
6000000017079278074
6000000017079462107
6000000017080431724
6000000017080812865
6000000017081365723
6000000017081441787
6000000017081503218
6000000017081510638
6000000017089292696
6000000017091966032
6000000017093875188
6000000017106014345
6000000017107296539
6000000017120800873
6000000017121820762
6000000017121859438
6000000017131079284
6000000017133002587
6000000017135646746
6000000017136317312
6000000017138163453
6000000017149883994
6000000017159660830
6000000017159934842
6000000017159952960
6000000017159973578
6000000017160003715
6000000017160006910
6000000017160019926
6000000017160019983
6000000017160048874
6000000017160062508
6000000017160063934
6000000017160078754
6000000017160080353
6000000017160084780
6000000017160094679
6000000017160103563
6000000017160104697
6000000017160159764
6000000017160170684
6000000017160191795
6000000017160298687
6000000017160300928
6000000017160300934
6000000017160315628
6000000017160317723
6000000017160318765
6000000017160323557
6000000017160324890
6000000017160330441
6000000017160332665
6000000017160333741
6000000017160336788
6000000017160336839
6000000017160340662
6000000017160346639
6000000017160349580
6000000017160382376
6000000017160386024
6000000017160387202
6000000017160403745
6000000017160403839
6000000017160405393
6000000017160414793
6000000017160417136
6000000017160430296
6000000017160435607
6000000017160435649
6000000017160435722
6000000017160447400
6000000017160458665
6000000017160462533
6000000017160479106
6000000017160481052
6000000017160485336
6000000017160492634
6000000017160506070
6000000017160506383
6000000017160506526
6000000017160506562
6000000017160507540
6000000017160508160
6000000017160509226
6000000017160510103
6000000017160515057
6000000017160518070
6000000017160518321
6000000017160539003
6000000017160571103
6000000017160571250
6000000017160574301
6000000017160581139
6000000017160619056
6000000017161326205
6000000017162354687
6000000017162408182
6000000017162413276
6000000017162441206
6000000017163421343
6000000017165587319
6000000017165888536
6000000017182562687
6000000017182975493
6000000017183262174
6000000017183330072
6000000017183548001
6000000017183753542
6000000017184461442
6000000017185795660
6000000017185819851
6000000017185836659
6000000017185911689
6000000017185932819
6000000017185965346
6000000017185976183
6000000017185976561
6000000017186055677
6000000017186057551
6000000017186091786
6000000017186246399
6000000017186478259
6000000017186484969
6000000017186487271
6000000017186542326
6000000017186580823
6000000017186613784
6000000017186613791
6000000017186680106
6000000017186762384
6000000017186762464
6000000017186770692
6000000017187192495
6000000017187220121
6000000017187293003
6000000017190703425
6000000017190974277
6000000017206846102
6000000017224565745
6000000017224724755
6000000017226057286
6000000017226081107
6000000017226130237
6000000017226139338
6000000017226248264
6000000017226473142
6000000017233116572
6000000017235674835
6000000017235840007
6000000017256504581
6000000017260688895
6000000017260978565
6000000017270112254
6000000017270113212
6000000017290495556
6000000017301653987
6000000017307444629
6000000017320307492
6000000017320498477
6000000017326407158
6000000017327833829
6000000017337197146
6000000017337680824
6000000017337900535
6000000017338330367
6000000017344125423
6000000017344230144
6000000017353248880
6000000017368436541
6000000017377514353
6000000017377784289
6000000017395826684
6000000017415141517
6000000017416137985
6000000017418023668
6000000017418120354
6000000017418402287
6000000017418540004
6000000017419944327
6000000017421080778
6000000017422277083
6000000017432249495
6000000017445108899
6000000017445666456
6000000017445768109
6000000017446282740
6000000017446593384
6000000017446716227
6000000017446914213
6000000017465688086
6000000017473966098
6000000017473993513
6000000017478668168
6000000017480681537
6000000017486369418
6000000017487622443
6000000017487901080
6000000017512785847
6000000017535915136
6000000017535961052
6000000017538642912
6000000017539245389
6000000017539281653
6000000017539348301
6000000017542232889
6000000017542821317
6000000017543301062
6000000017547041943
6000000017547271796
6000000017547588472
6000000017547598534
6000000017547636244
6000000017547667253
6000000017552752434
6000000017552759438
6000000017555555563
6000000017561152537
6000000017564526318
6000000017564588176
6000000017574105489
6000000017574910472
6000000017575010151
6000000017576968473
6000000017585939571
6000000017586031564
6000000017586112403
6000000017586136438
6000000017586166304
6000000017586183072
6000000017592278510
6000000017592542953
6000000017595202888
6000000017595536941
6000000017595576539
6000000017595589726
6000000017595652746
6000000017595769614
6000000017595780710
6000000017595785762
6000000017595824430
6000000017596110440
6000000017602326319
6000000017602363867
6000000017602375483
6000000017602449365
6000000017602458237
6000000017602477535
6000000017602588168
6000000017602588548
6000000017602631388
6000000017602641366
6000000017602688086
6000000017602837096
6000000017604115805
6000000017604184745
6000000017604192585
6000000017604225604
6000000017604252836
6000000017604261322
6000000017604261365
6000000017604274448
6000000017604297436
6000000017604315746
6000000017604328751
6000000017604328856
6000000017604344527
6000000017604368581
6000000017604417468
6000000017604418289
6000000017604428559
6000000017604448215
6000000017604455131
6000000017604467188
6000000017604482154
6000000017604482338
6000000017604492267
6000000017604498183
6000000017604506174
6000000017604512103
6000000017604531101
6000000017604545006
6000000017604556075
6000000017605731312
6000000017606313853
6000000017606319532
6000000017606616647
6000000017606702172
6000000017616373848
6000000017616878578
6000000017617023926
6000000017617085684
6000000017617183658
6000000017617191075
6000000017617246362
6000000017617247495
6000000017617258711
6000000017617258733
6000000017617297342
6000000017617348338
6000000017617359293
6000000017617368208
6000000017617368219
6000000017617399126
6000000017617440003
6000000017618654551
6000000017618918448
6000000017633634986
6000000017633664544
6000000017633753515
6000000017633805200
6000000017633831012
6000000017637124123
6000000017637199281
6000000017643883059
6000000017653716201
6000000017663054612
6000000017663365841
6000000017679336193
6000000017688587457
6000000017690783291
6000000017696381973
6000000017696552470
6000000017697104485
6000000017697218572
6000000017698191203
6000000017700789662
6000000017702955893
6000000017711056434
6000000017727152814
6000000017727184754
6000000017728103831
6000000017728333910
6000000017729882163
6000000017730870675
6000000017732586559
6000000017732795773
6000000017733259644
6000000017733727176
6000000017733806303
6000000017734057044
6000000017734128283
6000000017734213178
6000000017749885815
6000000017750296837
6000000017752164966
6000000017757081145
6000000017762457595
6000000017762890421
6000000017763009127
6000000017763041095
6000000017764445771
6000000017764467598
6000000017764545594
6000000017764549076
6000000017764619328
6000000017764766630
6000000017764862337
6000000017767255532
6000000017767295503
6000000017767527911
6000000017767561873
6000000017771087435
6000000017772376625
6000000017772744930
6000000017772799957
6000000017772856819
6000000017772889812
6000000017773030648
6000000017773039874
6000000017773607160
6000000017773729178
6000000017773741133
6000000017773748968
6000000017773808329
6000000017773844719
6000000017773852268
6000000017773852698
6000000017773870153
6000000017773890085
6000000017773906013
6000000017773906229
6000000017773909361
6000000017773911275
6000000017773932020
6000000017773961002
6000000017773977461
6000000017774001164
6000000017774003122
6000000017774113044
6000000017774114125
6000000017783819009
6000000017799492944
6000000017799612472
6000000017805788558
6000000017805882145
6000000017806084523
6000000017806882807
6000000017806908661
6000000017807056466
6000000017807133182
6000000017807283028
6000000017807298152
6000000017807345058
6000000017808037857
6000000017808066520
6000000017808840717
6000000017817912123
6000000017820870326
6000000017823656297
6000000017823821299
6000000017823956518
6000000017824020191
6000000017824021540
6000000017824487111
6000000017824646967
6000000017824815192
6000000017848507977
6000000017854876849
6000000017855567079
6000000017859923778
6000000017861004368
6000000017861346885
6000000017861882243
6000000017862055060
6000000017862105011
6000000017864288443
6000000017864648029
6000000017875305038
6000000017876408490
6000000017876489301
6000000017876503746
6000000017879866947
6000000017881147181
6000000017881147477
6000000017881325433
6000000017881476213
6000000017881564506
6000000017881813656
6000000017881995133
6000000017882122107
6000000017882918223
6000000017883168141
6000000017888958782
6000000017896758797
6000000017896825653
6000000017896892813
6000000017896911743
6000000017896964857
6000000017896997937
6000000017897140124
6000000017897154017
6000000017897401928
6000000017897515378
6000000017897528836
6000000017897594702
6000000017897679230
6000000017897982543
6000000017898020326
6000000017898035449
6000000017898041425
6000000017898083265
6000000017898104248
6000000017898105212
6000000017898114041
6000000017898129018
6000000017898131054
6000000017898256023
6000000017898259106
6000000017898643865
6000000017899963841
6000000017900278096
6000000017900293312
6000000017900590562
6000000017900642655
6000000017900748771
6000000017900889232
6000000017901218099
6000000017901227180
6000000017901324118
6000000017901340146
6000000017901440140
6000000017901631410
6000000017901983411
6000000017901989634
6000000017902307024
6000000017902973185
6000000017903026576
6000000017903267890
6000000017903658607
6000000017904021796
6000000017904148530
6000000017904960271
6000000017904977791
6000000017905005614
6000000017905031506
6000000017905193039
6000000017905199111
6000000017906851635
6000000017906855294
6000000017907278363
6000000017907409003
6000000017916002021
6000000017916409377
6000000017919185917
6000000017919304808
6000000017919438365
6000000017920047056
6000000017920089406
6000000017920275850
6000000017920630425
6000000017920897825
6000000017920933935
6000000017921038233
6000000017921118148
6000000017921221197
6000000017921295314
6000000017921646156
6000000017921654220
6000000017921688545
6000000017921757042
6000000017921839184
6000000017921875070
6000000017921893243
6000000017922113582
6000000017926879694
6000000017927144270
6000000017927211107
6000000017944849239
6000000017944860080
6000000017945282117
6000000017945282122
6000000017945889410
6000000017946673890
6000000017946717857
6000000017946724836
6000000017946796847
6000000017946807388
6000000017946980976
6000000017947136463
6000000017947163500
6000000017947171810
6000000017947174536
6000000017947234277
6000000017947243202
6000000017947254146
6000000017947319010
6000000017948259447
6000000017949713290
6000000017955046217
6000000017964222927
6000000017964405671
6000000017964652849
6000000017964765859
6000000017964901285
6000000017967581633
6000000017967582303
6000000017968430538
6000000017969053261
6000000017969056757
6000000017969395286
6000000017969524075
6000000017969552009
6000000017978039696
6000000017989348726
6000000017990302129
6000000017990892787
6000000018001694369
6000000018002074091
6000000018002106511
6000000018002249033
6000000018012842613
6000000018012975047
6000000018014494595
6000000018014716237
6000000018020751633
6000000018020755545
6000000018050631013
6000000018059827373
6000000018060214756
6000000018060310548
6000000018060318533
6000000018060482126
6000000018069980087
6000000018070130163
6000000018077419574
6000000018077493414
6000000018077592844
6000000018077608410
6000000018077627938
6000000018081570924
6000000018081720904
6000000018081720975
6000000018081937735
6000000018084773262
6000000018085018955
6000000018085404038
6000000018085437706
6000000018086389424
6000000018087249469
6000000018090895252
6000000018094340345
6000000018094949010
6000000018100400957
6000000018106549755
6000000018111415273
6000000018112031067
6000000018118240207
6000000018126130774
6000000018126261512
6000000018126330063
6000000018126491266
6000000018135899960
6000000018136786826
6000000018138377770
6000000018138409405
6000000018138443766
6000000018138773675
6000000018138789519
6000000018138897466
6000000018138922745
6000000018138934977
6000000018138942515
6000000018139137551
6000000018139147271
6000000018139345044
6000000018139378526
6000000018139463325
6000000018139985682
6000000018141802240
6000000018142851452
6000000018143459868
6000000018143461949
6000000018143619297
6000000018144159827
6000000018144326294
6000000018144500205
6000000018144652739
6000000018144682210
6000000018144725202
6000000018144812016
6000000018145814484
6000000018145834379
6000000018146006166
6000000018146142050
6000000018146248885
6000000018146278542
6000000018146351738
6000000018146358891
6000000018146360144
6000000018146579338
6000000018146618656
6000000018146750349
6000000018150856282
6000000018151969953
6000000018152226730
6000000018152265244
6000000018152268047
6000000018152359136
6000000018152456657
6000000018152468523
6000000018152468564
6000000018152637022
6000000018152782004
6000000018153733896
6000000018154414887
6000000018170752381
6000000018171966262
6000000018172026013
6000000018191783250
6000000018192706377
6000000018194963389
6000000018195034033
6000000018195122440
6000000018195139299
6000000018210770383
6000000018211201416
6000000018211217095
6000000018220427257
6000000018221066783
6000000018221506173
6000000018274142536
6000000018274163466
6000000018274297918
6000000018288467577
6000000018289921081
6000000018297575947
6000000018297698610
6000000018297819128
6000000018301786927
6000000018305083080
6000000018305159834
6000000018306356412
6000000018329271956
6000000018347602415
6000000018357167499
6000000018357544027
6000000018357870063
6000000018358844855
6000000018358948693
6000000018359009218
6000000018359050196
6000000018359103409
6000000018366148520
6000000018366242169
6000000018366380166
6000000018366414403
6000000018377976563
6000000018378016694
6000000018385193629
6000000018385448309
6000000018406918689
6000000018415649561
6000000018425698246
6000000018429936663
6000000018434834920
6000000018435467838
6000000018435496929
6000000018435914537
6000000018435998063
6000000018440056034
6000000018440387682
6000000018440566679
6000000018441120458
6000000018441146225
6000000018448055702
6000000018457929943
6000000018457950170
6000000018458063497
6000000018471128949
6000000018474161250
6000000018474280941
6000000018474440021
6000000018485232865
6000000018485338435
6000000018485402541
6000000018489055402
6000000018499324567
6000000018500652354
6000000018507340927
6000000018507866775
6000000018508803341
6000000018508825243
6000000018509227362
6000000018526943568
6000000018527081171
6000000018527817522
6000000018528235866
6000000018534388537
6000000018534690060
6000000018541033703
6000000018541230767
6000000018542445035
6000000018544432570
6000000018549333516
6000000018549412257
6000000018555158092
6000000018557043848
6000000018557200533
6000000018558039883
6000000018558074951
6000000018558273980
6000000018558513100
6000000018558608042
6000000018558725027
6000000018558739039
6000000018567866325
6000000018567923574
6000000018572492475
6000000018572814252
6000000018579782772
6000000018579865365
6000000018579921613
6000000018598470981
6000000018598946099
6000000018614294879
6000000018614471142
6000000018626805620
6000000018647683610
6000000018648144038
6000000018648170270
6000000018655159412
6000000018660627990
6000000018660756099
6000000018661376446
6000000018661782397
6000000018661790239
6000000018679654086
6000000018690723046
6000000018693026463
6000000018694682972
6000000018696524087
6000000018701918595
6000000018738037687
6000000018738123807
6000000018738214286
6000000018738259064
6000000018738282226
6000000018742236535
6000000018746143329
6000000018746342067
6000000018746919219
6000000018747387917
6000000018747988129
6000000018752060667
6000000018767464548
6000000018773183994
6000000018780680548
6000000018780736230
6000000018781112203
6000000018781339017
6000000018800080276
6000000018800267846
6000000018800396402
6000000018800553557
6000000018800604202
6000000018801029328
6000000018801076643
6000000018801326007
6000000018810826111
6000000018813376333
6000000018813536253
6000000018831179441
6000000018832085528
6000000018832794532
6000000018833019045
6000000018833752065
6000000018839562319
6000000018844423689
6000000018844559071
6000000018845218518
6000000018852312754
6000000018852403875
6000000018852404740
6000000018852567136
6000000018861227499
6000000018861533204
6000000018882860400
6000000018889642527
6000000018890228208
6000000018890466839
6000000018890575185
6000000018893239622
6000000018893371993
6000000018894090509
6000000018895485034
6000000018898104341
6000000018906242316
6000000018906627001
6000000018916840473
6000000018916961236
6000000018918057588
6000000018919990338
6000000018921887450
6000000018921887456
6000000018922350016
6000000018923410062
6000000018924622001
6000000018924637014
6000000018934353041
6000000018937045190
6000000018941718510
6000000018941938281
6000000019001331243
6000000019002468581
6000000019002976034
6000000019021529838
6000000019021881333
6000000019021935501
6000000019023420879
6000000019032360275
6000000019045045622
6000000019049699592
6000000019051185840
6000000019051669531
6000000019052397305
6000000019052964067
6000000019053440133
6000000019054758930
6000000019061441518
6000000019061855504
6000000019061929394
6000000019077587853
6000000019078362035
6000000019086969181
6000000019092784883
6000000019092804656
6000000019103827203
6000000019144270755
6000000019147457271
6000000019149077109
6000000019153209364
6000000019158410794
6000000019164779484
6000000019171688115
6000000019178569537
6000000019178738670
6000000019178967030
6000000019181488922
6000000019181626473
6000000019181832064
6000000019182753819
6000000019182872432
6000000019182875390
6000000019198633819
6000000019198671841
6000000019199128213
6000000019203313788
6000000019215886019
6000000019224011887
6000000019231841215
6000000019234056332
6000000019255947675
6000000019278068908
6000000019278291976
6000000019278466714
6000000019278591664
6000000019278622228
6000000019278698700
6000000019278916165
6000000019279023133
6000000019279227182
6000000019279330860
6000000019294752767
6000000019295540015
6000000019312592888
6000000019312692527
6000000019326992186
6000000019327064133
6000000019329383966
6000000019329457968
6000000019329527871
6000000019329824667
6000000019329872554
6000000019329872561
6000000019329901407
6000000019329966731
6000000019330033151
6000000019330136572
6000000019330424276
6000000019330593287
6000000019337305825
6000000019337374586
6000000019337402502
6000000019341904254
6000000019342364180
6000000019342381353
6000000019344873759
6000000019345178469
6000000019346086438
6000000019355798600
6000000019355924174
6000000019356122799
6000000019356196346
6000000019356204398
6000000019356250535
6000000019356483841
6000000019356485724
6000000019356685603
6000000019356812374
6000000019366226560
6000000019367301499
6000000019367532272
6000000019367773672
6000000019367793692
6000000019367859203
6000000019368329335
6000000019368426933
6000000019368871850
6000000019368879643
6000000019368892851
6000000019369138073
6000000019369138514
6000000019369184568
6000000019369218152
6000000019369218536
6000000019369304203
6000000019369344493
6000000019369542250
6000000019369561456
6000000019369578371
6000000019369596012
6000000019369627096
6000000019370602404
6000000019372307438
6000000019373373627
6000000019373477234
6000000019373533019
6000000019374761955
6000000019376266645
6000000019376482431
6000000019396092733
6000000019396737433
6000000019396779309
6000000019396831975
6000000019397550813
6000000019400362860
6000000019403862683
6000000019405203933
6000000019408773912
6000000019409776637
6000000019410035065
6000000019410166019
6000000019410183466
6000000019410300356
6000000019410370006
6000000019429265382
6000000019437612912
6000000019442474913
6000000019443181249
6000000019445883570
6000000019457314840
6000000019467310888
6000000019470295674
6000000019482780691
6000000019497241083
6000000019505229909
6000000019507948539
6000000019509842607
6000000019509871563
6000000019511741569
6000000019514098917
6000000019514406932
6000000019514680157
6000000019519171073
6000000019522324177
6000000019524155167
6000000019560077772
6000000019562653800
6000000019565215409
6000000019566316081
6000000019567149850
6000000019570191515
6000000019579055097
6000000019580282620
6000000019580575621
6000000019580683891
6000000019580699537
6000000019580701990
6000000019580756786
6000000019580935328
6000000019580959256
6000000019580970320
6000000019580982159
6000000019581005331
6000000019581113022
6000000019581717843
6000000019581868857
6000000019582064611
6000000019582820405
6000000019583616722
6000000019591436955
6000000019592016099
6000000019592082913
6000000019593478432
6000000019593509717
6000000019593660464
6000000019593764048
6000000019593771387
6000000019593779199
6000000019594145899
6000000019594390566
6000000019600391500
6000000019600431144
6000000019609345579
6000000019643069290
6000000019648247141
6000000019657535102
6000000019658638370
6000000019658820120
6000000019671427847
6000000019671526514
6000000019684510083
6000000019685165275
6000000019706469532
6000000019720754353
6000000019720945615
6000000019721001559
6000000019723571166
6000000019723607156
6000000019723682299
6000000019732566521
6000000019749360628
6000000019762113902
6000000019762236943
6000000019762639199
6000000019762712134
6000000019763996302
6000000019769961753
6000000019770167860
6000000019771037648
6000000019771878146
6000000019772056024
6000000019774088407
6000000019776855756
6000000019778580123
6000000019789277523
6000000019789624728
6000000019789671362
6000000019791984214
6000000019800959877
6000000019800967744
6000000019801205845
6000000019801339738
6000000019801451509
6000000019801532600
6000000019801532804
6000000019801599255
6000000019801626286
6000000019801651373
6000000019801682231
6000000019801812154
6000000019802065002
6000000019806519337
6000000019815068263
6000000019817070474
6000000019829287953
6000000019829440952
6000000019829444915
6000000019829777317
6000000019829782140
6000000019829824121
6000000019829900065
6000000019830007053
6000000019844993005
6000000019866253595
6000000019866353269
6000000019867046164
6000000019867085030
6000000019868732639
6000000019882685788
6000000019898073552
6000000019898320980
6000000019908080124
6000000019918044878
6000000019919301157
6000000019939351195
6000000019953429650
6000000019965798837
6000000019965894204
6000000019965967307
6000000019993105889
6000000020013234566
6000000020013277909
6000000020013329847
6000000020013338781
6000000020013767307
6000000020013960183
6000000020013988303
6000000020014087221
6000000020014088191
6000000020014192068
6000000020014201098
6000000020018799689
6000000020020523781
6000000020021811744
6000000020022705568
6000000020022748339
6000000020024606432
6000000020025172423
6000000020025815669
6000000020031093414
6000000020033352739
6000000020033601974
6000000020034124037
6000000020034124127
6000000020034134033
6000000020062030740
6000000020062091534
6000000020062231034
6000000020072699978
6000000020080092829
6000000020080219832
6000000020080280715
6000000020080296319
6000000020080347820
6000000020080484218
6000000020080519393
6000000020080631831
6000000020080633189
6000000020080845253
6000000020081022465
6000000020081057184
6000000020081085189
6000000020081133187
6000000020081451167
6000000020081488034
6000000020081733018
6000000020081756044
6000000020081759112
6000000020081807047
6000000020081854161
6000000020081868140
6000000020081977005
6000000020082539659
6000000020082625794
6000000020083042263
6000000020083389419
6000000020084521039
6000000020089024613
6000000020089479283
6000000020089519070
6000000020089822285
6000000020090074244
6000000020090086259
6000000020090112164
6000000020094773160
6000000020107000673
6000000020107122663
6000000020107615040
6000000020113270257
6000000020116784661
6000000020116891171
6000000020121658282
6000000020122306394
6000000020131294834
6000000020131932122
6000000020133317480
6000000020134623856
6000000020134658366
6000000020140464265
6000000020143117432
6000000020144139142
6000000020144535649
6000000020146112126
6000000020146240365
6000000020146440548
6000000020146576832
6000000020146662231
6000000020146931228
6000000020146972001
6000000020146982544
6000000020147123030
6000000020147449027
6000000020150720781
6000000020153793188
6000000020153847305
6000000020156699158
6000000020156749863
6000000020156783832
6000000020156792857
6000000020160102688
6000000020160466456
6000000020160834287
6000000020161442556
6000000020161484563
6000000020162109889
6000000020162243234
6000000020162281050
6000000020162349207
6000000020162651969
6000000020162701566
6000000020162718035
6000000020163011937
6000000020163150101
6000000020163842333
6000000020164362226
6000000020165527526
6000000020166054745
6000000020166335511
6000000020166746674
6000000020166751638
6000000020166952320
6000000020167237570
6000000020167268270
6000000020167368206
6000000020167532115
6000000020168040772
6000000020168117254
6000000020168600271
6000000020168651796
6000000020168897904
6000000020169211421
6000000020169524043
6000000020169526978
6000000020169727671
6000000020169864285
6000000020169936104
6000000020170003109
6000000020170093037
6000000020170122927
6000000020173940423
6000000020175644322
6000000020176425451
6000000020176808041
6000000020177092036
6000000020177171930
6000000020177243803
6000000020181139781
6000000020181771263
6000000020182576187
6000000020194932047
6000000020196479129
6000000020196491450
6000000020205416599
6000000020205504085
6000000020205773107
6000000020205785999
6000000020205812908
6000000020205853192
6000000020205918853
6000000020205955876
6000000020206008783
6000000020206980514
6000000020209914502
6000000020210265895
6000000020210331433
6000000020210371137
6000000020210461914
6000000020210563803
6000000020210885965
6000000020211474546
6000000020211602078
6000000020211695916
6000000020222398602
6000000020222659897
6000000020237294286
6000000020295485133
6000000020296029454
6000000020296204805
6000000020311183573
6000000020311236039
6000000020329991334
6000000020329991339
6000000020344732085
6000000020344842981
6000000020350878945
6000000020350878949
6000000020351055794
6000000020351055798
6000000020396564780
6000000020396924230
6000000020399035803
6000000020416322631
6000000020444607898
6000000020447090404
6000000020482561644
6000000020482561650
6000000020488839849
6000000020514105640
6000000020514143794
6000000020514337079
6000000020517181835
6000000020520032506
6000000020532035916
6000000020533257790
6000000020544965589
6000000020547595470
6000000020547752444
6000000020560704457
6000000020560704463
6000000020561688581
6000000020561714606
6000000020561913085
6000000020573846390
6000000020574089880
6000000020574391167
6000000020575072032
6000000020575075265
6000000020575108001
6000000020626568764
6000000020663642909
6000000020676640592
6000000020676938320
6000000020676968331
6000000020677518082
6000000020677536243
6000000020677557613
6000000020677577466
6000000020677635202
6000000020677700056
6000000020680216264
6000000020692969989
6000000020693836798
6000000020694209156
6000000020695221629
6000000020707891712
6000000020708429137
6000000020708522120
6000000020708658954
6000000020708827372
6000000020709229874
6000000020709658300
6000000020719825649
6000000020720153908
6000000020721912794
6000000020723582519
6000000020732051287
6000000020732071622
6000000020732133782
6000000020732151679
6000000020732177423
6000000020732562759
6000000020732648610
6000000020732769233
6000000020733967294
6000000020733988576
6000000020733991130
6000000020734121131
6000000020746315424
6000000020746494293
6000000020770064821
6000000020770956150
6000000020770968119
6000000020771218586
6000000020771439163
6000000020771653011
6000000020771662962
6000000020772079185
6000000020772101152
6000000020802741514
6000000020802746391
6000000020805974419
6000000020827330513
6000000020827432424
6000000020827568632
6000000020828528170
6000000020828564145
6000000020850255006
6000000020854463483
6000000020854610086
6000000020854914910
6000000020855941893
6000000020864976439
6000000020865102191
6000000020867977443
6000000020868646543
6000000020880468175
6000000020880468181
6000000020881127482
6000000020881383905
6000000020885157720
6000000020894068238
6000000020896150628
6000000020897381162
6000000020920615877
6000000020921329619
6000000020921397765
6000000020921477472
6000000020921477607
6000000020921515114
6000000020946309443
6000000020947576228
6000000020985625052
6000000020985906917
6000000020985957980
6000000020989463624
6000000020989593353
6000000020991482706
6000000020991656553
6000000020993059053
6000000021024359578
6000000021025748234
6000000021029264248
6000000021029464936
6000000021050534654
6000000021051402021
6000000021051511860
6000000021079407893
6000000021092974785
6000000021108526645
6000000021108670293
6000000021119291323
6000000021119471832
6000000021119489831
6000000021121860687
6000000021122011439
6000000021122131361
6000000021122204904
6000000021122207261
6000000021122217214
6000000021122419004
6000000021131945321
6000000021131950217
6000000021132011052
6000000021132026143
6000000021132549821
6000000021132668846
6000000021132831854
6000000021135703509
6000000021136322946
6000000021139261439
6000000021150760328
6000000021150978462
6000000021151067539
6000000021151069399
6000000021151161515
6000000021151556917
6000000021160768411
6000000021160801457
6000000021160844016
6000000021160860314
6000000021160924130
6000000021164570357
6000000021169199808
6000000021171802990
6000000021179661914
6000000021207357563
6000000021207606774
6000000021207954530
6000000021208016391
6000000021208023360
6000000021208037379
6000000021208057312
6000000021209338090
6000000021209427827
6000000021213837717
6000000021213921484
6000000021214154128
6000000021220151811
6000000021221251488
6000000021221278357
6000000021226672460
6000000021231343363
6000000021232206980
6000000021241451843
6000000021241732525
6000000021243117447
6000000021243300632
6000000021243336691
6000000021243676311
6000000021244361981
6000000021245466256
6000000021246189676
6000000021246724364
6000000021246747279
6000000021247118855
6000000021247199008
6000000021261689153
6000000021261865878
6000000021264512198
6000000021266090383
6000000021274381997
6000000021284312108
6000000021303144496
6000000021303240203
6000000021303386824
6000000021304268556
6000000021304460668
6000000021304587145
6000000021330999944
6000000021331047998
6000000021331048004
6000000021331048009
6000000021331531134
6000000021334342309
6000000021334692024
6000000021335988705
6000000021337230425
6000000021337508229
6000000021338422092
6000000021339873898
6000000021342462430
6000000021342594399
6000000021342753956
6000000021343428199
6000000021354690646
6000000021356526611
6000000021356655473
6000000021357804717
6000000021363704177
6000000021364777829
6000000021364817995
6000000021374566965
6000000021377576892
6000000021398419099
6000000021398494046
6000000021398512024
6000000021398532920
6000000021398547118
6000000021398585137
6000000021398630044
6000000021398639125
6000000021398642996
6000000021399540102
6000000021401689638
6000000021424248260
6000000021425043083
6000000021426048306
6000000021426144926
6000000021429555794
6000000021429599750
6000000021430571090
6000000021430598289
6000000021430648317
6000000021431527113
6000000021432168674
6000000021434978395
6000000021437752625
6000000021439906756
6000000021439982602
6000000021440757709
6000000021441530737
6000000021441741585
6000000021441752123
6000000021441806148
6000000021441819028
6000000021441835314
6000000021441893738
6000000021441985578
6000000021442208692
6000000021442287907
6000000021442378973
6000000021442678985
6000000021442680918
6000000021458519730
6000000021459741312
6000000021460358453
6000000021461242025
6000000021491207395
6000000021492261158
6000000021492487228
6000000021492505649
6000000021492506694
6000000021492511477
6000000021492520710
6000000021492528698
6000000021492540471
6000000021492564292
6000000021492569174
6000000021492574601
6000000021492635215
6000000021492635288
6000000021492637247
6000000021492660068
6000000021492674696
6000000021492681453
6000000021492699174
6000000021492750155
6000000021492788819
6000000021492813367
6000000021492848171
6000000021492890956
6000000021492894109
6000000021492894967
6000000021492898130
6000000021492898991
6000000021492957939
6000000021492997175
6000000021493061053
6000000021501902038
6000000021503061549
6000000021505156794
6000000021505187769
6000000021505215595
6000000021505319780
6000000021505366303
6000000021505383351
6000000021505566044
6000000021505589014
6000000021505598901
6000000021514805508
6000000021514940942
6000000021516604646
6000000021516758079
6000000021517028058
6000000021522048476
6000000021545425276
6000000021571531567
6000000021581087171
6000000021582063764
6000000021582544658
6000000021582610580
6000000021582681401
6000000021582838001
6000000021582985910
6000000021593679854
6000000021597136351
6000000021601363911
6000000021609603237
6000000021610667669
6000000021610814186
6000000021610865770
6000000021610977357
6000000021611205225
6000000021611403011
6000000021611591971
6000000021612272793
6000000021612965748
6000000021613008321
6000000021613965415
6000000021614270422
6000000021614418167
6000000021614591520
6000000021614808364
6000000021615133193
6000000021615133684
6000000021615229916
6000000021615493877
6000000021615739991
6000000021616145235
6000000021617876785
6000000021617976311
6000000021618027378
6000000021618149126
6000000021618185198
6000000021618221543
6000000021618227441
6000000021618351197
6000000021618421192
6000000021618428024
6000000021618454067
6000000021618469982
6000000021618915459
6000000021618984605
6000000021625185510
6000000021625861551
6000000021647492808
6000000021647845593
6000000021648182400
6000000021650368593
6000000021651776645
6000000021652410546
6000000021662448203
6000000021664244926
6000000021664395950
6000000021665614025
6000000021673813730
6000000021673852672
6000000021673852678
6000000021673854680
6000000021673854686
6000000021674519319
6000000021674580706
6000000021674599002
6000000021674717797
6000000021674796146
6000000021674915285
6000000021674961431
6000000021674999393
6000000021675166880
6000000021676964168
6000000021676973408
6000000021679963266
6000000021684521174
6000000021693852360
6000000021693852367
6000000021694806879
6000000021694806886
6000000021695876004
6000000021697714095
6000000021698713865
6000000021703301816
6000000021703867843
6000000021706588506
6000000021706619462
6000000021706866012
6000000021707199882
6000000021709618332
6000000021713148833
6000000021717077433
6000000021717330930
6000000021734810214
6000000021743767001
6000000021749721816
6000000021749899567
6000000021749924466
6000000021749924472
6000000021749966314
6000000021750034059
6000000021750288747
6000000021750404240
6000000021750419156
6000000021750422258
6000000021755187775
6000000021755753318
6000000021760583204
6000000021762741123
6000000021763007224
6000000021763091116
6000000021763916372
6000000021766594480
6000000021766597302
6000000021766606401
6000000021766652615
6000000021766729901
6000000021768951360
6000000021770641819
6000000021772173724
6000000021772471682
6000000021772851328
6000000021775979899
6000000021785439711
6000000021785605472
6000000021785613534
6000000021785779573
6000000021785884203
6000000021785910859
6000000021786557580
6000000021789873094
6000000021790524835
6000000021795417963
6000000021795421125
6000000021801820504
6000000021807226730
6000000021807490838
6000000021811286286
6000000021813420376
6000000021824188245
6000000021824267986
6000000021832803280
6000000021833577469
6000000021833580789
6000000021833596146
6000000021833622295
6000000021847466634
6000000021852081416
6000000021856333525
6000000021866140240
6000000021867339990
6000000021868475344
6000000021868705776
6000000021869825236
6000000021882040116
6000000021882098226
6000000021884470609
6000000021888013012
6000000021888065995
6000000021891332666
6000000021908704753
6000000021909119768
6000000021909246505
6000000021909296195
6000000021909301972
6000000021909391830
6000000021909632788
6000000021909707753
6000000021909741620
6000000021909922090
6000000021909941082
6000000021910180767
6000000021910246200
6000000021910305014
6000000021910419103
6000000021910474891
6000000021911052217
6000000021922822417
6000000021924085069
6000000021924129395
6000000021924421020
6000000021924605891
6000000021924710904
6000000021930849528
6000000021937141437
6000000021953768677
6000000021953987929
6000000021962879873
6000000021964648642
6000000021968711124
6000000021969030640
6000000021969346866
6000000021970432872
6000000021972593638
6000000021978981964
6000000021980541106
6000000021981470289
6000000021982237902
6000000021983280757
6000000021984285362
6000000021986584036
6000000021989506766
6000000021996107347
6000000022015060604
6000000022015151410
6000000022015222245
6000000022015242251
6000000022030060162
6000000022048869542
6000000022064388795
6000000022080557312
6000000022094546833
6000000022119400396
6000000022119686080
6000000022130800001
6000000022132475535
6000000022141279966
6000000022141563755
6000000022143956373
6000000022146835957
6000000022147041998
6000000022149857276
6000000022155174797
6000000022156730330
6000000022157086599
6000000022174333062
6000000022178607737
6000000022179148343
6000000022180090642
6000000022181890102
6000000022182182514
6000000022182544023
6000000022182959924
6000000022183437037
6000000022183440985
6000000022184067164
6000000022184888354
6000000022187449894
6000000022190831813
6000000022229172652
6000000022229342836
6000000022247871311
6000000022251811405
6000000022251811411
6000000022252159282
6000000022276247361
6000000022276639951
6000000022276920870
6000000022277083245
6000000022277381092
6000000022277450036
6000000022279721820
6000000022292710213
6000000022301176525
6000000022301176531
6000000022320643896
6000000022333084316
6000000022333352193
6000000022333450945
6000000022341639064
6000000022343172815
6000000022347521347
6000000022348396457
6000000022357932543
6000000022358441464
6000000022360053390
6000000022360752973
6000000022367810665
6000000022379682968
6000000022379701975
6000000022382544574
6000000022382587741
6000000022383014993
6000000022389867469
6000000022391713029
6000000022396551337
6000000022396565139
6000000022396662419
6000000022396746235
6000000022396779979
6000000022396796968
6000000022396865975
6000000022404855255
6000000022404855350
6000000022404932516
6000000022405003234
6000000022405003256
6000000022405012394
6000000022405089093
6000000022405092135
6000000022405092983
6000000022405132948
6000000022405187880
6000000022405192893
6000000022406990472
6000000022409892741
6000000022409892753
6000000022410040255
6000000022410053918
6000000022420705105
6000000022425356777
6000000022425551078
6000000022425559119
6000000022427869628
6000000022438873709
6000000022438896693
6000000022438906540
6000000022439005237
6000000022439016727
6000000022439018047
6000000022439236015
6000000022439287029
6000000022464036259
6000000022470851818
6000000022485924897
6000000022485938930
6000000022485958402
6000000022486253033
6000000022486253044
6000000022496236957
6000000022501725589
6000000022501728548
6000000022503027812
6000000022505417300
6000000022507313729
6000000022507656814
6000000022509022754
6000000022509638101
6000000022509720194
6000000022509735954
6000000022509736174
6000000022510095586
6000000022510674017
6000000022510679475
6000000022510747193
6000000022510807884
6000000022513581864
6000000022514448476
6000000022514581806
6000000022514918053
6000000022525892175
6000000022528730420
6000000022528735215
6000000022528736085
6000000022538487301
6000000022551998646
6000000022552201746
6000000022562223121
6000000022568041356
6000000022573061723
6000000022580535680
6000000022587109295
6000000022587262912
6000000022587894731
6000000022590632439
6000000022590916955
6000000022592287488
6000000022600539913
6000000022600757779
6000000022600795784
6000000022600948534
6000000022600962157
6000000022601144854
6000000022601224950
6000000022605766774
6000000022606050340
6000000022631688618
6000000022631699767
6000000022631746525
6000000022631755713
6000000022631778424
6000000022631779715
6000000022631780730
6000000022631796484
6000000022631837569
6000000022631863377
6000000022631893408
6000000022631893817
6000000022631901787
6000000022631921351
6000000022631924591
6000000022631945499
6000000022631956169
6000000022631959089
6000000022631974336
6000000022631989526
6000000022631993097
6000000022631993161
6000000022631993337
6000000022632010002
6000000022632029006
6000000022632030125
6000000022632046075
6000000022632064840
6000000022632066976
6000000022632071022
6000000022632073963
6000000022632131856
6000000022632139333
6000000022673800995
6000000022678766280
6000000022708806116
6000000022758199537
6000000022758419447
6000000022758538004
6000000022758664862
6000000022760671536
6000000022761022391
6000000022761543474
6000000022762343893
6000000022762436150
6000000022762907969
6000000022763255857
6000000022763292848
6000000022781391632
6000000022783872171
6000000022784959542
6000000022785259898
6000000022785434551
6000000022785451227
6000000022815764833
6000000022820219221
6000000022820297178
6000000022823275939
6000000022833258034
6000000022833578151
6000000022834288427
6000000022835929845
6000000022836040009
6000000022836056117
6000000022836108837
6000000022837070125
6000000022837077462
6000000022837096031
6000000022837192142
6000000022837257899
6000000022837849838
6000000022838032966
6000000022843708406
6000000022850719029
6000000022851598987
6000000022852736240
6000000022858497052
6000000022858615406
6000000022860990118
6000000022861048888
6000000022877993636
6000000022878210591
6000000022878369917
6000000022878402843
6000000022880735772
6000000022884217787
6000000022893644804
6000000022893699806
6000000022893740442
6000000022893899533
6000000022893926498
6000000022894042305
6000000022894043199
6000000022894057301
6000000022894153042
6000000022894236899
6000000022894313823
6000000022905307808
6000000022905487598
6000000022905603249
6000000022905660715
6000000022905706441
6000000022905714653
6000000022905727382
6000000022905742449
6000000022905803041
6000000022905851977
6000000022905860392
6000000022905941025
6000000022909540805
6000000022910802008
6000000022910922903
6000000022938560319
6000000022944145012
6000000022945157400
6000000022947889123
6000000022948491889
6000000022951365968
6000000022952148573
6000000022953641224
6000000022967509755
6000000022976601273
6000000022976918167
6000000022977199857
6000000022988483152
6000000022990612143
6000000022990612150
6000000022990772056
6000000023000403654
6000000023024154276
6000000023026432348
6000000023032974913
6000000023037020359
6000000023037199423
6000000023040876878
6000000023044642331
6000000023044670603
6000000023045185065
6000000023045224896
6000000023047456733
6000000023047524998
6000000023047704443
6000000023047737484
6000000023047744563
6000000023047937181
6000000023047959945
6000000023048005542
6000000023048116797
6000000023048213878
6000000023048457669
6000000023048513878
6000000023049794070
6000000023049817234
6000000023049858136
6000000023050007930
6000000023050443852
6000000023050471858
6000000023050814998
6000000023050878272
6000000023051158904
6000000023051202891
6000000023051225887
6000000023053515942
6000000023058346730
6000000023060206955
6000000023060498575
6000000023060597516
6000000023060599376
6000000023062756279
6000000023062951124
6000000023063043919
6000000023063045859
6000000023063062078
6000000023104456494
6000000023105020096
6000000023105105461
6000000023105323244
6000000023105513899
6000000023109987927
6000000023111224823
6000000023118216712
6000000023173413930
6000000023197161993
6000000023204771104
6000000023207434248
6000000023235563469
6000000023235605517
6000000023236372291
6000000023236548763
6000000023238736188
6000000023248019341
6000000023263812233
6000000023263905934
6000000023299594160
6000000023301250006
6000000023301585951
6000000023301875022
6000000023322486948
6000000023330330063
6000000023375988439
6000000023376002063
6000000023376032690
6000000023376065188
6000000023376175766
6000000023380709226
6000000023386719211
6000000023431964924
6000000023485593963
6000000023485820374
6000000023485951853
6000000023496337640
6000000023512787695
6000000023513048085
6000000023513061379
6000000023513154966
6000000023513320378
6000000023516602956
6000000023529460959
6000000023545137583
6000000023545269780
6000000023546119469
6000000023546435006
6000000023546486963
6000000023546811891
6000000023561856101
6000000023601194792
6000000023666472983
6000000023672674444
6000000023680996844
6000000023695834493
6000000023697503418
6000000023709422054
6000000023710034777
6000000023710355744
6000000023714936310
6000000023728688948
6000000023795338343
6000000023811399231
6000000023824905869
6000000023824970933
6000000023827204072
6000000023856784189
6000000023856836578
6000000023882026897
6000000023896907955
6000000023898738267
6000000023899934292
6000000023903333478
6000000023906488842
6000000023907578875
6000000023910105127
6000000023925367061
6000000023926421002
6000000023935107463
6000000023935595291
6000000023954415089
6000000023955479828
6000000023969260447
6000000023991349600
6000000023991538964
6000000023991541974
6000000023991651860
6000000024033496657
6000000024033496664
6000000024033674983
6000000024034904382
6000000024034937245
6000000024064195007
6000000024064289981
6000000024065426918
6000000024079918514
6000000024079918521
6000000024092467055
6000000024118286693
6000000024167000677
6000000024169339066
6000000024169401834
6000000024196248231
6000000024196277800
6000000024196460543
6000000024196894058
6000000024196898174
6000000024207860707
6000000024208273018
6000000024209935245
6000000024210265065
6000000024226223263
6000000024227203304
6000000024227284349
6000000024227331749
6000000024227347413
6000000024227347421
6000000024227347425
6000000024227347429
6000000024227347433
6000000024227375256
6000000024234528874
6000000024250734372
6000000024254457152
6000000024265335167
6000000024276444916
6000000024278810400
6000000024278894481
6000000024278922649
6000000024278931026
6000000024278931390
6000000024279034106
6000000024279164861
6000000024279410137
6000000024280057117
6000000024280121132
6000000024280297907
6000000024280656476
6000000024281015161
6000000024281051036
6000000024303248098
6000000024305903821
6000000024323476074
6000000024364073067
6000000024365266740
6000000024366086404
6000000024377049749
6000000024383089954
6000000024387308933
6000000024388300910
6000000024403356658
6000000024403384730
6000000024403684045
6000000024407434031
6000000024415902596
6000000024416186382
6000000024416402655
6000000024416509007
6000000024417527018
6000000024421555987
6000000024422260917
6000000024422643322
6000000024422748660
6000000024422843109
6000000024422948362
6000000024422990079
6000000024423036977
6000000024423085953
6000000024430207994
6000000024431232320
6000000024431361215
6000000024431392055
6000000024431403155
6000000024431753429
6000000024431778428
6000000024431997166
6000000024434707423
6000000024434932199
6000000024435249843
6000000024445020235
6000000024445031089
6000000024445069079
6000000024445119995
6000000024445140006
6000000024448238689
6000000024451513645
6000000024451602220
6000000024451617626
6000000024451689146
6000000024451740474
6000000024451865087
6000000024451865093
6000000024451923236
6000000024452076945
6000000024452446823
6000000024462570018
6000000024462984027
6000000024463090839
6000000024490804570
6000000024492086679
6000000024492614184
6000000024492804097
6000000024492825970
6000000024503515154
6000000024504442789
6000000024504703185
6000000024513658234
6000000024530751682
6000000024530921386
6000000024535877970
6000000024552568775
6000000024552719466
6000000024553246091
6000000024557411007
6000000024557993689
6000000024558133745
6000000024558216789
6000000024558325562
6000000024558415351
6000000024558415358
6000000024559037662
6000000024559504149
6000000024560394874
6000000024561737867
6000000024579263160
6000000024579508252
6000000024582929678
6000000024583079793
6000000024596531032
6000000024624964752
6000000024625002253
6000000024625225892
6000000024625292868
6000000024654075406
6000000024654099447
6000000024658026224
6000000024699848289
6000000024700056981
6000000024700103852
6000000024730011891
6000000024730240456
6000000024740454952
6000000024744140226
6000000024773019588
6000000024787702694
6000000024791012200
6000000024801153966
6000000024887792905
6000000024889552276
6000000024914239288
6000000024920270968
6000000024932903704
6000000024932922355
6000000024957580056
6000000024973814202
6000000024976299635
6000000024986476839
6000000024988402911
6000000024988642107
6000000024988642113
6000000024988723966
6000000024988723972
6000000025001800565
6000000025001818440
6000000025001948626
6000000025005220640
6000000025005403299
6000000025029989899
6000000025031554233
6000000025053394921
6000000025054948077
6000000025055013525
6000000025055106331
6000000025055301338
6000000025085582449
6000000025095752165
6000000025095992972
6000000025096114016
6000000025096281813
6000000025096739157
6000000025145389111
6000000025152752486
6000000025165662447
6000000025166389906
6000000025167006216
6000000025167364899
6000000025169401991
6000000025170379012
6000000025170500054
6000000025203967981
6000000025204277830
6000000025208994863
6000000025227650392
6000000025251011233
6000000025283430567
6000000025286144011
6000000025299914869
6000000025306179992
6000000025306319050
6000000025306558130
6000000025306959047
6000000025307010822
6000000025307627145
6000000025307879060
6000000025308288499
6000000025330375896
6000000025331595956
6000000025334650482
6000000025335355258
6000000025337461111
6000000025346152326
6000000025346300031
6000000025346346251
6000000025346381080
6000000025346603995
6000000025349344669
6000000025349700173
6000000025362676902
6000000025363509821
6000000025363514079
6000000025373930272
6000000025374178282
6000000025374336298
6000000025374403346
6000000025374483703
6000000025374483708
6000000025374557567
6000000025374654838
6000000025374776369
6000000025374907999
6000000025377946011
6000000025377979357
6000000025378115067
6000000025398880687
6000000025399243617
6000000025399265520
6000000025402765524
6000000025403068949
6000000025414274914
6000000025425775304
6000000025425778195
6000000025445302708
6000000025455608509
6000000025455976373
6000000025474175184
6000000025482396784
6000000025500764364
6000000025501391337
6000000025501445118
6000000025501941657
6000000025502456497
6000000025509619651
6000000025510869936
6000000025514516879
6000000025514532858
6000000025523859499
6000000025524240856
6000000025527604698
6000000025537491994
6000000025556746777
6000000025556769596
6000000025564294959
6000000025565454677
6000000025570164824
6000000025571297982
6000000025596071725
6000000025597941936
6000000025622244583
6000000025622809259
6000000025622867514
6000000025645357633
6000000025645691391
6000000025645957431
6000000025645983955
6000000025657469945
6000000025673230408
6000000025679406459
6000000025694151609
6000000025694837433
6000000025711366632
6000000025711563426
6000000025713247605
6000000025716618888
6000000025741343941
6000000025742509516
6000000025770168174
6000000025805309228
6000000025805839807
6000000025845033817
6000000025876537403
6000000025876589288
6000000025880787578
6000000025881068697
6000000025890007801
6000000025890064149
6000000025890648923
6000000025890654976
6000000025890792847
6000000025893529461
6000000025905591263
6000000025905673276
6000000025905676271
6000000025905756738
6000000025906045953
6000000025911782498
6000000025912293164
6000000025912389253
6000000025912606994
6000000025912672172
6000000025913184272
6000000025913227025
6000000025913230921
6000000025913239021
6000000025913247484
6000000025913263509
6000000025913277507
6000000025913546828
6000000025915205161
6000000025927875569
6000000025939821481
6000000025943135893
6000000025946952503
6000000025954778297
6000000025954846707
6000000025954971256
6000000025955541414
6000000025955734360
6000000025955774728
6000000025973144037
6000000025975632023
6000000025982717094
6000000025989587233
6000000025996907632
6000000026015362247
6000000026025945511
6000000026025973382
6000000026026270109
6000000026026387069
6000000026026415060
6000000026026455313
6000000026026511304
6000000026027713284
6000000026027750988
6000000026027863927
6000000026027899582
6000000026028255856
6000000026028553270
6000000026029927532
6000000026035693693
6000000026035695083
6000000026035783439
6000000026035996400
6000000026036155365
6000000026036240868
6000000026036304954
6000000026036439210
6000000026036480805
6000000026036527396
6000000026036634922
6000000026036710574
6000000026036883424
6000000026037091218
6000000026037123291
6000000026038476744
6000000026054085272
6000000026055499116
6000000026055765926
6000000026063705724
6000000026063869738
6000000026064072482
6000000026064361244
6000000026064393266
6000000026064395554
6000000026064571572
6000000026064604479
6000000026064701521
6000000026064753339
6000000026064754115
6000000026064807011
6000000026064954869
6000000026066646205
6000000026081078518
6000000026081132659
6000000026081413504
6000000026081574387
6000000026081671172
6000000026081931939
6000000026101922059
6000000026101922700
6000000026101993038
6000000026102458967
6000000026102495940
6000000026106384217
6000000026108838111
6000000026109388786
6000000026109766935
6000000026111378098
6000000026111418882
6000000026112803826
6000000026116979362
6000000026117103346
6000000026117838006
6000000026117847028
6000000026118917751
6000000026122573687
6000000026122963819
6000000026123038121
6000000026123048118
6000000026123133325
6000000026123191856
6000000026123325932
6000000026138596988
6000000026163985290
6000000026164686315
6000000026164892867
6000000026165526195
6000000026176907080
6000000026176934068
6000000026178982479
6000000026179051519
6000000026179267006
6000000026179632622
6000000026180521662
6000000026180982754
6000000026182627464
6000000026183320506
6000000026185379832
6000000026188004196
6000000026188118865
6000000026188365804
6000000026188824329
6000000026191425197
6000000026213719794
6000000026213747759
6000000026214010768
6000000026214027488
6000000026214087691
6000000026214112283
6000000026214117761
6000000026214262011
6000000026214302342
6000000026214312543
6000000026214348006
6000000026214395133
6000000026214451861
6000000026214455853
6000000026214455885
6000000026214482861
6000000026226517501
6000000026226697810
6000000026239889991
6000000026240466050
6000000026242734088
6000000026247911863
6000000026248522281
6000000026258097510
6000000026261235500
6000000026269225514
6000000026279993527
6000000026284373188
6000000026284459457
6000000026351019186
6000000026356961983
6000000026370171967
6000000026389187238
6000000026392409106
6000000026405496710
6000000026406767827
6000000026427168615
6000000026427226429
6000000026427254301
6000000026427290500
6000000026427445837
6000000026427575746
6000000026427597247
6000000026427785859
6000000026438091616
6000000026440571649
6000000026441670402
6000000026443246109
6000000026443435344
6000000026451664125
6000000026451674045
6000000026451907679
6000000026451976732
6000000026452027151
6000000026452371081
6000000026452727404
6000000026462401447
6000000026462817708
6000000026463372984
6000000026491767231
6000000026491894033
6000000026492110100
6000000026507271963
6000000026507853871
6000000026520158976
6000000026520182055
6000000026520241859
6000000026520329940
6000000026520331911
6000000026521959596
6000000026522171658
6000000026522309563
6000000026522465321
6000000026522487183
6000000026522552312
6000000026522556364
6000000026522622075
6000000026522695889
6000000026522722003
6000000026522745869
6000000026522778851
6000000026531660639
6000000026531816396
6000000026532265445
6000000026532435136
6000000026534693043
6000000026560034018
6000000026560166878
6000000026560184853
6000000026566135156
6000000026577406389
6000000026579111388
6000000026579128247
6000000026606133709
6000000026606531228
6000000026614897797
6000000026615331280
6000000026615332227
6000000026620389360
6000000026620848530
6000000026621065230
6000000026633022172
6000000026637257009
6000000026647728776
6000000026648216155
6000000026663259740
6000000026663910558
6000000026663982643
6000000026664030385
6000000026664213033
6000000026664257102
6000000026698760180
6000000026709996368
6000000026710006171
6000000026710142295
6000000026712691345
6000000026713012161
6000000026715304362
6000000026715304385
6000000026745200686
6000000026745276215
6000000026745473973
6000000026745568839
6000000026745601832
6000000026748175131
6000000026748263375
6000000026751441444
6000000026753099930
6000000026764677596
6000000026765016537
6000000026765167000
6000000026765252018
6000000026765449131
6000000026765452004
6000000026765527077
6000000026793850629
6000000026794395309
6000000026797893294
6000000026799105584
6000000026799623359
6000000026799765446
6000000026799891289
6000000026800366112
6000000026810710275
6000000026811186784
6000000026811327901
6000000026811329586
6000000026811537119
6000000026812109719
6000000026812356372
6000000026812533922
6000000026812544913
6000000026812849454
6000000026813221701
6000000026813399187
6000000026813422661
6000000026813487541
6000000026813542721
6000000026813732388
6000000026813778197
6000000026813801956
6000000026813843992
6000000026813848935
6000000026813907302
6000000026813960917
6000000026814019844
6000000026814036981
6000000026856001509
6000000026870119593
6000000026870152287
6000000026870981394
6000000026871806409
6000000026872200840
6000000026872443830
6000000026875093257
6000000026875177537
6000000026875246473
6000000026875274806
6000000026875692711
6000000026876433166
6000000026876510332
6000000026877216040
6000000026877458927
6000000026877500921
6000000026877944924
6000000026878228874
6000000026888254427
6000000026892642075
6000000026916325567
6000000026918902213
6000000026923876866
6000000026941027524
6000000026941291471
6000000026941623635
6000000026943582265
6000000026954586522
6000000026955037923
6000000026955186323
6000000026955225408
6000000026955341911
6000000026955535941
6000000026977697140
6000000026979610847
6000000027000093885
6000000027003548127
6000000027013808474
6000000027014715597
6000000027062948399
6000000027063333237
6000000027063351633
6000000027063436486
6000000027063476038
6000000027063580976
6000000027063595081
6000000027063671145
6000000027091282817
6000000027105062355
6000000027106329818
6000000027106387107
6000000027110921527
6000000027127209358
6000000027145344538
6000000027145703179
6000000027149523843
6000000027152844543
6000000027153673523
6000000027153685079
6000000027153985914
6000000027154012832
6000000027176142557
6000000027194714108
6000000027194721117
6000000027198400669
6000000027209393575
6000000027209900349
6000000027237133575
6000000027237133580
6000000027237507065
6000000027268621440
6000000027271409628
6000000027271584085
6000000027296089352
6000000027337989589
6000000027338274220
6000000027338300325
6000000027338557643
6000000027338574363
6000000027338694311
6000000027338696370
6000000027338699410
6000000027338746100
6000000027339540128
6000000027339853116
6000000027340228964
6000000027340292698
6000000027340430061
6000000027340471005
6000000027340505947
6000000027340518070
6000000027340528954
6000000027340595606
6000000027340677403
6000000027340779114
6000000027340790737
6000000027343891573
6000000027358131109
6000000027364897986
6000000027376339154
6000000027379892617
6000000027380006512
6000000027380017520
6000000027380582143
6000000027438892782
6000000027439215389
6000000027440818252
6000000027441090922
6000000027443996826
6000000027465594688
6000000027465971699
6000000027466078414
6000000027466093350
6000000027466327682
6000000027466360556
6000000027466411284
6000000027466426150
6000000027466451150
6000000027466529077
6000000027466864118
6000000027474458842
6000000027491652570
6000000027491706480
6000000027491793549
6000000027491993110
6000000027492007564
6000000027492123297
6000000027492125550
6000000027492159431
6000000027492194041
6000000027492201090
6000000027492217382
6000000027492242112
6000000027492333988
6000000027492337128
6000000027492344825
6000000027525731696
6000000027526140758
6000000027526306041
6000000027526316130
6000000027526358293
6000000027526378060
6000000027526737333
6000000027527510956
6000000027527958498
6000000027528460978
6000000027528490957
6000000027535639560
6000000027540096888
6000000027546272163
6000000027546355721
6000000027546823492
6000000027563110087
6000000027578413437
6000000027611335355
6000000027611455885
6000000027631492961
6000000027635040504
6000000027635196778
6000000027635381286
6000000027664658731
6000000027664661646
6000000027673181642
6000000027673564530
6000000027673564681
6000000027673930865
6000000027673945992
6000000027674005053
6000000027674550590
6000000027676448190
6000000027676458730
6000000027679062664
6000000027679488277
6000000027680016952
6000000027680019941
6000000027680207981
6000000027680577605
6000000027680645057
6000000027680694106
6000000027682218878
6000000027705548085
6000000027722490408
6000000027726982028
6000000027727030588
6000000027727328119
6000000027740599622
6000000027794882229
6000000027794908841
6000000027823050288
6000000027823075405
6000000027823265502
6000000027833102303
6000000027833297824
6000000027840034340
6000000027840078261
6000000027842815067
6000000027842953361
6000000027843036000
6000000027876110865
6000000027876343383
6000000027876738816
6000000027876767742
6000000027876799248
6000000027876925394
6000000027877066510
6000000027877165130
6000000027877298559
6000000027878432109
6000000027878510939
6000000027893199550
6000000027893218243
6000000027895816893
6000000027911235269
6000000027912897673
6000000027913104964
6000000027918051332
6000000027931072621
6000000027931272287
6000000027937454312
6000000027969131198
6000000027969266212
6000000028001401104
6000000028002805715
6000000028002911179
6000000028006588416
6000000028044027722
6000000028044342547
6000000028044681168
6000000028065056507
6000000028068736295
6000000028104324550
6000000028104399342
6000000028104548512
6000000028104618080
6000000028104769898
6000000028107306587
6000000028120772646
6000000028121103135
6000000028121146383
6000000028121534971
6000000028203508234
6000000028203625021
6000000028205315484
6000000028205413569
6000000028205682866
6000000028279165225
6000000028283236789
6000000028323698428
6000000028354712112
6000000028402538972
6000000028414050257
6000000028416242413
6000000028418914022
6000000028428422637
6000000028428512796
6000000028440421204
6000000028440514126
6000000028440689476
6000000028458102108
6000000028458273846
6000000028458562907
6000000028459142827
6000000028459195878
6000000028459209826
6000000028494707413
6000000028496912516
6000000028497248023
6000000028522706362
6000000028522887926
6000000028522915307
6000000028544392906
6000000028587410222
6000000028587495120
6000000028587530008
6000000028587588974
6000000028606400210
6000000028606492605
6000000028606713263
6000000028606920826
6000000028607631748
6000000028608771986
6000000028610681507
6000000028636155478
6000000028637446513
6000000028638988118
6000000028682440318
6000000028709457487
6000000028714728390
6000000028734849145
6000000028746553153
6000000028746689862
6000000028748541681
6000000028771604543
6000000028784488216
6000000028786046703
6000000028802085223
6000000028802217207
6000000028802281978
6000000028803285160
6000000028803749099
6000000028804218013
6000000028804325086
6000000028804356935
6000000028819067344
6000000028819201230
6000000028819524327
6000000028819842008
6000000028838311264
6000000028838576839
6000000028847769079
6000000028877756281
6000000028878957249
6000000028930044577
6000000028930320094
6000000028979368396
6000000028979410219
6000000028979445614
6000000028979572949
6000000028981930843
6000000028989016626
6000000028990576697
6000000028990688976
6000000028998160398
6000000028998257688
6000000028998708587
6000000028998761173
6000000028998995077
6000000028999181985
6000000028999617626
6000000029000213265
6000000029000471754
6000000029001457448
6000000029001887382
6000000029009410957
6000000029010000805
6000000029010245426
6000000029010873899
6000000029011123571
6000000029011180210
6000000029011218692
6000000029011629599
6000000029011801279
6000000029011890078
6000000029012655002
6000000029019683605
6000000029019749348
6000000029019829595
6000000029020027522
6000000029020095045
6000000029020120863
6000000029020210821
6000000029020221770
6000000029020408260
6000000029020433750
6000000029021155730
6000000029021394595
6000000029021536566
6000000029021648069
6000000029021689288
6000000029021897106
6000000029021959996
6000000029082551877
6000000029085832316
6000000029097285935
6000000029097298007
6000000029097437321
6000000029115611428
6000000029115645428
6000000029115664521
6000000029115838146
6000000029115856048
6000000029115865043
6000000029115871023
6000000029115879127
6000000029115879146
6000000029115997822
6000000029136752940
6000000029154054249
6000000029154060146
6000000029179933601
6000000029229233666
6000000029229699855
6000000029263787344
6000000029263930419
6000000029281206604
6000000029281638707
6000000029326466970
6000000029344188783
6000000029367917162
6000000029368196962
6000000029369217105
6000000029370638575
6000000029423203585
6000000029423205766
6000000029423277757
6000000029423295444
6000000029423339115
6000000029423481141
6000000029423594685
6000000029423664958
6000000029423671310
6000000029423720246
6000000029423865050
6000000029424208506
6000000029443621167
6000000029452977376
6000000029469750877
6000000029473006301
6000000029473147046
6000000029474494581
6000000029474897579
6000000029485962588
6000000029487497925
6000000029489396417
6000000029489862212
6000000029489987007
6000000029494500014
6000000029520775175
6000000029521243850
6000000029535559260
6000000029548931833
6000000029549338785
6000000029550168728
6000000029550223277
6000000029550647515
6000000029551518432
6000000029551957978
6000000029552164865
6000000029573086755
6000000029573345569
6000000029573493334
6000000029573514696
6000000029576251311
6000000029577911261
6000000029581314273
6000000029590645239
6000000029590991552
6000000029592575865
6000000029602574206
6000000029605283805
6000000029616485954
6000000029624355609
6000000029680706885
6000000029683026367
6000000029695044893
6000000029718992558
6000000029719182596
6000000029719494013
6000000029719743836
6000000029719777908
6000000029721590533
6000000029721631148
6000000029726463436
6000000029759127091
6000000029776699947
6000000029786772769
6000000029787058161
6000000029787200183
6000000029787221832
6000000029787344152
6000000029788459971
6000000029792317950
6000000029796458457
6000000029796687475
6000000029796739420
6000000029796858172
6000000029796891980
6000000029796997996
6000000029797367629
6000000029797386061
6000000029804661902
6000000029807560961
6000000029815587639
6000000029817037456
6000000029817601669
6000000029817755163
6000000029846596532
6000000029847240116
6000000029847553961
6000000029847999862
6000000029848866993
6000000029875382226
6000000029875421243
6000000029875427369
6000000029878627208
6000000029878648935
6000000029878705649
6000000029878796292
6000000029878806599
6000000029887315584
6000000029896949729
6000000029897227645
6000000029897333141
6000000029899736999
6000000029900217341
6000000029926231043
6000000029926332958
6000000029937762141
6000000029937984226
6000000029947091655
6000000030026594074
6000000030040432751
6000000030040872409
6000000030040909511
6000000030041662864
6000000030069262714
6000000030084893068
6000000030130523569
6000000030131471644
6000000030132246082
6000000030132429771
6000000030132644729
6000000030132699374
6000000030133199959
6000000030133324338
6000000030134163999
6000000030135304969
6000000030135661878
6000000030136353871
6000000030141462966
6000000030146612038
6000000030188907224
6000000030190431232
6000000030191451241
6000000030191612258
6000000030192187652
6000000030192224753
6000000030192750410
6000000030192830090
6000000030209641713
6000000030216131445
6000000030227287985
6000000030228421323
6000000030244224987
6000000030244337880
6000000030273659801
6000000030278283873
6000000030285015014
6000000030342679246
6000000030389576352
6000000030390329311
6000000030390418156
6000000030390427631
6000000030390552468
6000000030427685170
6000000030450162221
6000000030454975860
6000000030477829566
6000000030478073233
6000000030478287971
6000000030478339905
6000000030478360865
6000000030501421461
6000000030548080797
6000000030548353871
6000000030587698895
6000000030614906709
6000000030615382121
6000000030615429902
6000000030620045206
6000000030638928885
6000000030639038595
6000000030639153196
6000000030645258072
6000000030727049441
6000000030727308672
6000000030747761805
6000000030752756917
6000000030762581923
6000000030768119996
6000000030775611870
6000000030788371606
6000000030788462573
6000000030788733230
6000000030788763094
6000000030788812890
6000000030788822842
6000000030788837876
6000000030788849043
6000000030813322241
6000000030813327295
6000000030829740982
6000000030835757937
6000000030862918171
6000000030863044955
6000000030863393200
6000000030876120040
6000000030888232914
6000000030888340936
6000000030888382932
6000000030919534495
6000000030943584807
6000000030971152421
6000000030971343940
6000000030984095077
6000000030991363722
6000000030991374799
6000000030991557754
6000000030991705411
6000000030991727213
6000000030991826046
6000000031032637793
6000000031032728107
6000000031032945696
6000000031032950644
6000000031033156821
6000000031033665594
6000000031044974142
6000000031044982219
6000000031045320307
6000000031045442270
6000000031045566011
6000000031045568927
6000000031083037127
6000000031089751628
6000000031103617935
6000000031132438903
6000000031137688272
6000000031137717298
6000000031137791096
6000000031139047167
6000000031158871521
6000000031160392776
6000000031177839933
6000000031202181078
6000000031202372873
6000000031209430450
6000000031272157326
6000000031284485875
6000000031284573865
6000000031284634270
6000000031284683235
6000000031303235944
6000000031303256867
6000000031317562311
6000000031317625127
6000000031322407799
6000000031322514605
6000000031322814211
6000000031323399821
6000000031323889869
6000000031341239893
6000000031350268184
6000000031352021821
6000000031354436144
6000000031354613991
6000000031365845019
6000000031390458744
6000000031393087759
6000000031393884665
6000000031394313528
6000000031394766143
6000000031394875196
6000000031395896966
6000000031408503802
6000000031408660543
6000000031416483656
6000000031418346270
6000000031456385314
6000000031488851537
6000000031507337047
6000000031507405975
6000000031508753738
6000000031509147280
6000000031509327938
6000000031517789986
6000000031518175597
6000000031518234453
6000000031518375346
6000000031518929739
6000000031518939775
6000000031519128143
6000000031519187592
6000000031519192986
6000000031519203997
6000000031527441704
6000000031527707056
6000000031527768205
6000000031527770002
6000000031527770126
6000000031527846160
6000000031527891144
6000000031527925960
6000000031528058919
6000000031528077782
6000000031528142916
6000000031528190338
6000000031528209013
6000000031544214022
6000000031544337083
6000000031545109919
6000000031546901444
6000000031546997530
6000000031547128680
6000000031547354464
6000000031547479878
6000000031547603016
6000000031547720822
6000000031575054818
6000000031575641146
6000000031575647163
6000000031575787922
6000000031575845201
6000000031576017011
6000000031590902375
6000000031590976300
6000000031613868654
6000000031614238616
6000000031614566852
6000000031615587750
6000000031616122170
6000000031616197080
6000000031619595099
6000000031623099750
6000000031636747004
6000000031637498648
6000000031637917607
6000000031637985905
6000000031637990680
6000000031638039309
6000000031638071448
6000000031638167148
6000000031638181308
6000000031638282982
6000000031638337917
6000000031638356941
6000000031638443208
6000000031638493029
6000000031638499166
6000000031638653069
6000000031638657855
6000000031641646075
6000000031660050376
6000000031661435164
6000000031661842871
6000000031662222478
6000000031662354011
6000000031662498033
6000000031662575169
6000000031664313389
6000000031666119275
6000000031666277068
6000000031671469599
6000000031683769339
6000000031684287481
6000000031684531597
6000000031684543065
6000000031688844789
6000000031709119301
6000000031736793397
6000000031736934065
6000000031774992462
6000000031775735674
6000000031775855301
6000000031776017315
6000000031776165910
6000000031777127149
6000000031777192950
6000000031778821051
6000000031778845285
6000000031778983000
6000000031779016895
6000000031780184510
6000000031780289787
6000000031781324842
6000000031782788423
6000000031782914271
6000000031783017988
6000000031783073958
6000000031789695423
6000000031811651861
6000000031827746968
6000000031827771884
6000000031828755529
6000000031828865443
6000000031829145923
6000000031829415130
6000000031829511979
6000000031830202218
6000000031830434234
6000000031847152426
6000000031848759544
6000000031849325037
6000000031849344899
6000000031849489878
6000000031854866446
6000000031859179867
6000000031870968913
6000000031873939968
6000000031874257098
6000000031874333095
6000000031900867431
6000000031913649310
6000000031913751591
6000000031916292544
6000000031916467142
6000000031921720268
6000000031921788092
6000000031921937762
6000000031922042457
6000000031922206272
6000000031922331069
6000000031922467862
6000000031922505021
6000000031928221957
6000000031945504141
6000000031945525057
6000000031972450352
6000000031972619063
6000000031973207989
6000000031974729205
6000000031981294379
6000000031981954902
6000000031989694998
6000000032007318056
6000000032007547939
6000000032031423892
6000000032041291385
6000000032041634026
6000000032056053789
6000000032065162811
6000000032068841409
6000000032102245670
6000000032129351000
6000000032134764733
6000000032135391900
6000000032163228899
6000000032166752443
6000000032167006308
6000000032167186895
6000000032167345974
6000000032177002130
6000000032178502911
6000000032178869882
6000000032200698369
6000000032201968837
6000000032283199275
6000000032283328175
6000000032302968647
6000000032307841819
6000000032330541568
6000000032331207023
6000000032342813538
6000000032342862282
6000000032343047114
6000000032343149895
6000000032367834015
6000000032398404656
6000000032421658831
6000000032429574912
6000000032431411956
6000000032483579885
6000000032483659294
6000000032483686883
6000000032485731534
6000000032485886447
6000000032486128025
6000000032486199242
6000000032487346157
6000000032487428071
6000000032502980017
6000000032529618689
6000000032529745751
6000000032529987468
6000000032530034317
6000000032530105370
6000000032530172100
6000000032530210231
6000000032543066135
6000000032543098130
6000000032543684137
6000000032543684209
6000000032543871035
6000000032544388932
6000000032549490972
6000000032549626883
6000000032549639825
6000000032560081009
6000000032565789042
6000000032565907123
6000000032575187191
6000000032575352805
6000000032576002821
6000000032585210658
6000000032585221455
6000000032585500466
6000000032585572220
6000000032585586357
6000000032585597295
6000000032585620601
6000000032585650079
6000000032585771917
6000000032587018798
6000000032587227797
6000000032587404240
6000000032587473564
6000000032587696063
6000000032587696183
6000000032587721958
6000000032587767048
6000000032587860168
6000000032587958888
6000000032588342033
6000000032602422359
6000000032606194479
6000000032606258324
6000000032629420225
6000000032656254475
6000000032657866398
6000000032657909238
6000000032657987018
6000000032658013026
6000000032658147943
6000000032658417493
6000000032658576236
6000000032658740507
6000000032659104834
6000000032659107851
6000000032668355208
6000000032674202669
6000000032734939685
6000000032759116307
6000000032772500064
6000000032812018653
6000000032812208578
6000000032812474533
6000000032812834033
6000000032812903945
6000000032834498811
6000000032835326870
6000000032835356833
6000000032836206075
6000000032836226196
6000000032911930990
6000000032942360923
6000000032981895471
6000000033002241491
6000000033017627970
6000000033020830775
6000000033021192176
6000000033021388044
6000000033064639419
6000000033075034218
6000000033075035467
6000000033075260580
6000000033096911541
6000000033100541577
6000000033113750609
6000000033136093108
6000000033139556923
6000000033139557828
6000000033140223862
6000000033143646860
6000000033186104747
6000000033186200463
6000000033186421732
6000000033186438794
6000000033186460820
6000000033186505682
6000000033186648180
6000000033186694969
6000000033186818338
6000000033187091006
6000000033188605059
6000000033214437023
6000000033225808127
6000000033227241339
6000000033244662476
6000000033247011294
6000000033255295468
6000000033255295558
6000000033255482361
6000000033255674027
6000000033279621428
6000000033279721872
6000000033303614065
6000000033305465525
6000000033305530552
6000000033305899028
6000000033305981877
6000000033332986085
6000000033349998239
6000000033431354211
6000000033449620598
6000000033450731636
6000000033450753942
6000000033450782141
6000000033450805503
6000000033450954123
6000000033451042098
6000000033451270838
6000000033451294408
6000000033451304026
6000000033451308071
6000000033451326035
6000000033451367899
6000000033451578870
6000000033468152477
6000000033469221760
6000000033469352223
6000000033469464555
6000000033469568033
6000000033469599289
6000000033469615543
6000000033469717110
6000000033469739310
6000000033469884328
6000000033469895986
6000000033469957379
6000000033469961286
6000000033470233352
6000000033470379019
6000000033470422138
6000000033470456289
6000000033470469855
6000000033470540080
6000000033470601328
6000000033470690055
6000000033470836104
6000000033470855315
6000000033470915862
6000000033471027945
6000000033471632836
6000000033471728070
6000000033471807822
6000000033471847833
6000000033473355752
6000000033473573404
6000000033473583113
6000000033473650115
6000000033473745098
6000000033496081228
6000000033546352844
6000000033585110566
6000000033596794035
6000000033598768085
6000000033669096825
6000000033684588082
6000000033690444690
6000000033690736039
6000000033690754118
6000000033701822339
6000000033701865628
6000000033701993930
6000000033750067239
6000000033750269194
6000000033754814169
6000000033755267838
6000000033843947695
6000000033865116283
6000000033940833743
6000000033941320485
6000000033941496942
6000000033941702220
6000000033941753312
6000000033941791452
6000000033941830048
6000000033941942210
6000000034013672054
6000000034035751083
6000000034051207590
6000000034076492394
6000000034076938861
6000000034100344998
6000000034100612840
6000000034118979034
6000000034149533089
6000000034160240259
6000000034235811987
6000000034237929573
6000000034238193518
6000000034255211623
6000000034255211694
6000000034255327598
6000000034255489526
6000000034255774150
6000000034255962002
6000000034274972512
6000000034275460074
6000000034276331678
6000000034276956085
6000000034279958369
6000000034280183258
6000000034296269295
6000000034296283411
6000000034296399308
6000000034296631209
6000000034296698999
6000000034297148524
6000000034297357372
6000000034297648019
6000000034297677983
6000000034297925892
6000000034299302994
6000000034299441409
6000000034299458290
6000000034299470186
6000000034299481369
6000000034299805912
6000000034315850767
6000000034316725850
6000000034324653914
6000000034364089225
6000000034364257906
6000000034408065721
6000000034422677822
6000000034515385700
6000000034515582792
6000000034515738488
6000000034515743421
6000000034515810370
6000000034515911664
6000000034538201311
6000000034538798151
6000000034538888170
6000000034542314908
6000000034543434809
6000000034563233717
6000000034563233723
6000000034627051928
6000000034646437810
6000000034682194678
6000000034704132150
6000000034710469884
6000000034715641211
6000000034738775724
6000000034772572222
6000000034772917877
6000000034779048220
6000000034779112422
6000000034872798152
6000000034889390140
6000000034932752123
6000000034955442163
6000000034957165453
6000000034968008853
6000000034978335871
6000000034981633979
6000000034997636014
6000000034997728878
6000000034998590028
6000000034998728924
6000000035003976103
6000000035006005765
6000000035006785198
6000000035011760169
6000000035087657035
6000000035132848146
6000000035138004401
6000000035162672066
6000000035203674467
6000000035203822476
6000000035203844322
6000000035204076223
6000000035204138148
6000000035204292176
6000000035204450980
6000000035217656645
6000000035218147455
6000000035218337454
6000000035218400568
6000000035218532020
6000000035218532028
6000000035218564920
6000000035218595986
6000000035218690155
6000000035218736073
6000000035218754842
6000000035218756243
6000000035219804157
6000000035219876580
6000000035220309098
6000000035220453881
6000000035236572939
6000000035267621259
6000000035267824974
6000000035337687318
6000000035490284721
6000000035502895611
6000000035503137351
6000000035503349176
6000000035503449836
6000000035522555028
6000000035525387457
6000000035525393426
6000000035525469386
6000000035525833995
6000000035549150136
6000000035566774482
6000000035570924488
6000000035571066629
6000000035573113547
6000000035573175384
6000000035576319923
6000000035607937413
6000000035615181385
6000000035615279369
6000000035615416169
6000000035615437165
6000000035615470070
6000000035615578133
6000000035615632211
6000000035615696866
6000000035619162701
6000000035619341500
6000000035619632042
6000000035619765227
6000000035619869831
6000000035619959024
6000000035620071927
6000000035627106403
6000000035627359179
6000000035627770216
6000000035627870092
6000000035628063037
6000000035628144042
6000000035628144120
6000000035628230957
6000000035628505166
6000000035628577408
6000000035629165833
6000000035629535973
6000000035629652862
6000000035632624581
6000000035632624648
6000000035632689423
6000000035632802364
6000000035632924076
6000000035632947073
6000000035633059605
6000000035633079122
6000000035633089735
6000000035633105040
6000000035633207254
6000000035633234922
6000000035633253601
6000000035633255913
6000000035633297380
6000000035633323592
6000000035633388648
6000000035633397902
6000000035633401195
6000000035633432988
6000000035633461818
6000000035633502114
6000000035633565542
6000000035633603033
6000000035633679794
6000000035633693378
6000000035633774722
6000000035633786830
6000000035633830298
6000000035633847528
6000000035633849457
6000000035633883927
6000000035633884297
6000000035633919448
6000000035633968982
6000000035633986888
6000000035634033842
6000000035634060965
6000000035634072232
6000000035634103240
6000000035634135032
6000000035634186151
6000000035634193204
6000000035634282989
6000000035634295426
6000000035634793238
6000000035634860136
6000000035634983976
6000000035635116966
6000000035635286062
6000000035635523859
6000000035717063461
6000000035717692001
6000000035718118910
6000000035734302778
6000000035735275999
6000000035739246019
6000000035740212827
6000000035759124435
6000000035759888791
6000000035760592965
6000000035769326152
6000000035774609833
6000000035823797539
6000000035823958420
6000000035824008290
6000000035824242932
6000000035866730264
6000000035868908810
6000000035956804853
6000000035997984457
6000000035998642583
6000000035998734091
6000000035999230005
6000000035999282129
6000000036000234869
6000000036015060883
6000000036065036378
6000000036086246796
6000000036093264929
6000000036106645530
6000000036162243178
6000000036177278019
6000000036225365758
6000000036247703886
6000000036270456683
6000000036270504512
6000000036271265094
6000000036271340841
6000000036277599613
6000000036290500228
6000000036290768189
6000000036290790136
6000000036290933107
6000000036291820597
6000000036344845225
6000000036361294500
6000000036370422412
6000000036370516538
6000000036370676970
6000000036385161682
6000000036385439897
6000000036385746907
6000000036386279151
6000000036441039459
6000000036469603402
6000000036471656404
6000000036480123992
6000000036497522314
6000000036510070044
6000000036510078846
6000000036520384472
6000000036521368896
6000000036529532592
6000000036529937957
6000000036532575094
6000000036535596860
6000000036536082431
6000000036566411602
6000000036573621124
6000000036575867153
6000000036589347730
6000000036602131096
6000000036602176040
6000000036602932190
6000000036605512283
6000000036745384987
6000000036769478700
6000000036789077380
6000000036789179318
6000000036789453228
6000000036789644889
6000000036798613098
6000000036838829884
6000000036839411878
6000000036839936639
6000000036850725175
6000000036902718001
6000000036921228929
6000000036942047558
6000000036942552724
6000000036942879527
6000000036943018218
6000000036943020251
6000000036943360902
6000000036948002582
6000000036948058646
6000000036948436292
6000000036948847895
6000000036963118665
6000000036963478240
6000000036963668372
6000000036963801396
6000000036964131874
6000000036964214890
6000000036964324924
6000000036964853932
6000000036967706444
6000000036967898129
6000000036969544895
6000000036969935965
6000000037060375357
6000000037060601014
6000000037090031794
6000000037090162790
6000000037090198656
6000000037090224507
6000000037090272651
6000000037090405439
6000000037090410359
6000000037090516359
6000000037090537472
6000000037090542434
6000000037090597315
6000000037090611359
6000000037090649232
6000000037090742919
6000000037090753149
6000000037090877234
6000000037090924017
6000000037090929826
6000000037090998960
6000000037091035842
6000000037091073687
6000000037091117521
6000000037091143839
6000000037091155723
6000000037091237789
6000000037091250587
6000000037091390516
6000000037091392434
6000000037091432418
6000000037091435553
6000000037091501382
6000000037091526248
6000000037091570176
6000000037091609074
6000000037091617160
6000000037091620063
6000000037091660068
6000000037091673961
6000000037091701078
6000000037091723101
6000000037091724024
6000000037091724919
6000000037091756952
6000000037091803974
6000000037091813926
6000000037091818822
6000000037091939870
6000000037117600223
6000000037148674280
6000000037148793801
6000000037220216008
6000000037220350172
6000000037220385053
6000000037220459018
6000000037220553094
6000000037220751011
6000000037220800964
6000000037381507375
6000000037382517717
6000000037382868996
6000000037382922040
6000000037384045185
6000000037391435221
6000000037402960419
6000000037405335422
6000000037405575569
6000000037405882117
6000000037406076833
6000000037408575243
6000000037409164584
6000000037409227217
6000000037409443587
6000000037409466545
6000000037409600326
6000000037409667073
6000000037409677453
6000000037409740925
6000000037409858870
6000000037409954130
6000000037410041938
6000000037410047883
6000000037410111821
6000000037460279728
6000000037474216116
6000000037504355609
6000000037504490385
6000000037511932723
6000000037514442566
6000000037514802234
6000000037514804978
6000000037522376123
6000000037536568615
6000000037555251204
6000000037570148833
6000000037570794631
6000000037570828934
6000000037571305194
6000000037571364480
6000000037572908063
6000000037573017014
6000000037573267136
6000000037573322945
6000000037573370135
6000000037576388067
6000000037588595214
6000000037602562821
6000000037613535342
6000000037624537323
6000000037624878338
6000000037678161992
6000000037678674267
6000000037703441758
6000000037703565230
6000000037714529710
6000000037721020980
6000000037721061032
6000000037747685084
6000000037766508193
6000000037770346417
6000000037778389522
6000000037778410693
6000000037801897001
6000000037838600225
6000000037838719122
6000000037838981885
6000000037840034429
6000000037865005116
6000000037869168856
6000000037996960452
6000000037997172878
6000000038011940114
6000000038023399472
6000000038023527821
6000000038057358170
6000000038058605821
6000000038058779073
6000000038058977417
6000000038060375381
6000000038062045041
6000000038062106935
6000000038094736030
6000000038129253794
6000000038145479425
6000000038174730215
6000000038242580550
6000000038243216455
6000000038243383851
6000000038245360914
6000000038301808551
6000000038302634963
6000000038360914271
6000000038360981056
6000000038373532049
6000000038400813893
6000000038400865834
6000000038450070480
6000000038450281117
6000000038459044961
6000000038475458965
6000000038476557276
6000000038558286213
6000000038608919477
6000000038609013705
6000000038609039004
6000000038609221500
6000000038609337238
6000000038609603842
6000000038609604895
6000000038609657827
6000000038666013217
6000000038666253774
6000000038666262119
6000000038671835011
6000000038729025220
6000000038916636695
6000000038917282983
6000000038918100671
6000000038938122117
6000000038938291114
6000000038949751243
6000000038949975877
6000000038971249413
6000000038999588127
6000000039005852896
6000000039005876014
6000000039099698869
6000000039140062214
6000000039155910594
6000000039156113285
6000000039156234349
6000000039156262073
6000000039156691209
6000000039157465736
6000000039157718184
6000000039157908024
6000000039158035869
6000000039182794204
6000000039183103483
6000000039184609023
6000000039201660332
6000000039202003953
6000000039250605034
6000000039250714071
6000000039257290437
6000000039257375450
6000000039257391424
6000000039257667858
6000000039257805172
6000000039257930176
6000000039258806172
6000000039300861594
6000000039301271956
6000000039306886946
6000000039322542163
6000000039327525775
6000000039327789799
6000000039327966389
6000000039378687288
6000000039389901871
6000000039390656842
6000000039390659844
6000000039400918052
6000000039435778986
6000000039438853659
6000000039439126931
6000000039439154888
6000000039454000713
6000000039454329132
6000000039454467946
6000000039454550821
6000000039456617882
6000000039470839175
6000000039470905836
6000000039470976848
6000000039500905905
6000000039502049990
6000000039554888859
6000000039557945572
6000000039562852999
6000000039567674940
6000000039568198400
6000000039571596217
6000000039571649734
6000000039571652520
6000000039571708399
6000000039571771790
6000000039571978276
6000000039599931365
6000000039600156913
6000000039620719788
6000000039622000739
6000000039622139446
6000000039631362722
6000000039631519629
6000000039705026084
6000000039713275735
6000000039750327325
6000000039795190165
6000000039798057956
6000000039816261043
6000000039824881521
6000000039840633184
6000000039854891031
6000000039855045125
6000000039860713694
6000000039890431031
6000000039890480371
6000000039898401189
6000000039898416029
6000000039920175226
6000000039920239757
6000000039920686091
6000000039921034298
6000000039946989185
6000000039950646675
6000000039962176648
6000000039973906843
6000000040021470070
6000000040088146791
6000000040088273375
6000000040088442344
6000000040088574298
6000000040088698338
6000000040088742014
6000000040088804964
6000000040089348544
6000000040089350482
6000000040089509157
6000000040089732864
6000000040093054470
6000000040093181138
6000000040114911707
6000000040134316040
6000000040179684079
6000000040203571394
6000000040207342038
6000000040210110280
6000000040210221219
6000000040236886381
6000000040237058515
6000000040286588085
6000000040289082327
6000000040296863120
6000000040386325836
6000000040392370715
6000000040392600461
6000000040392733098
6000000040430445175
6000000040445650146
6000000040445706897
6000000040446627823
6000000040544781902
6000000040565827872
6000000040565874867
6000000040584859027
6000000040588894065
6000000040589307899
6000000040594327433
6000000040633559006
6000000040633578912
6000000040701314792
6000000040702571004
6000000040702768602
6000000040704172684
6000000040733578630
6000000040760707837
6000000040760740831
6000000040762313290
6000000040762532931
6000000040774562519
6000000040785076661
6000000040807091205
6000000040863440386
6000000040885040440
6000000040885201360
6000000040885275327
6000000040885277204
6000000040885311308
6000000040885402157
6000000040885508904
6000000040885530976
6000000040885567889
6000000040885568861
6000000040885604843
6000000040885634821
6000000040885645827
6000000040886450932
6000000040904793661
6000000040923303039
6000000040923382179
6000000040933158601
6000000040933248445
6000000040933404138
6000000040978566964
6000000040978569372
6000000040978661002
6000000040978806934
6000000040978819844
6000000040993593850
6000000040997282255
6000000040997710196
6000000041011102493
6000000041022712493
6000000041044307224
6000000041045064907
6000000041059910185
6000000041072904534
6000000041089498443
6000000041095687173
6000000041095846316
6000000041096024049
6000000041107578456
6000000041107752074
6000000041108083993
6000000041114650086
6000000041114650495
6000000041135157521
6000000041137782201
6000000041146037126
6000000041146214858
6000000041171186181
6000000041173665745
6000000041173856441
6000000041177653565
6000000041178118628
6000000041178178210
6000000041178278013
6000000041178287255
6000000041191754152
6000000041192081962
6000000041194363606
6000000041194372196
6000000041194468351
6000000041194517433
6000000041194540510
6000000041216606448
6000000041216658697
6000000041216713127
6000000041250085351
6000000041250686167
6000000041295444890
6000000041340514497
6000000041340720310
6000000041340861105
6000000041340869164
6000000041341417029
6000000041341443346
6000000041364678955
6000000041364803616
6000000041365058836
6000000041365953938
6000000041367277813
6000000041367360781
6000000041367413768
6000000041367498542
6000000041367746627
6000000041367843976
6000000041367876839
6000000041367901310
6000000041369850887
6000000041370195494
6000000041371065503
6000000041439558897
6000000041447185274
6000000041447258302
6000000041469921876
6000000041491004487
6000000041558320659
6000000041583151346
6000000041604951631
6000000041611781234
6000000041612244879
6000000041620703969
6000000041620738060
6000000041641873773
6000000041667210895
6000000041677530304
6000000041678328695
6000000041678355061
6000000041678355699
6000000041678477976
6000000041678492985
6000000041679046133
6000000041679073919
6000000041769479578
6000000041781701449
6000000041781819424
6000000041786374418
6000000041786721100
6000000041807839557
6000000041831416717
6000000041831910965
6000000041840322398
6000000041841082489
6000000041841627869
6000000041841664854
6000000041841690651
6000000041841702845
6000000041842088163
6000000041842127401
6000000041842235918
6000000041842349326
6000000041842459285
6000000041842476887
6000000041842970961
6000000041843189926
6000000041843230907
6000000041843250838
6000000041843259951
6000000041843470842
6000000041876874184
6000000041877015903
6000000041881680816
6000000041882017132
6000000041890645144
6000000041902632144
6000000041902719195
6000000041908863121
6000000041909013883
6000000041935202643
6000000041935654092
6000000041935710978
6000000041949679485
6000000041955833829
6000000041957505809
6000000041957591969
6000000041957765133
6000000041957787938
6000000041957961418
6000000041957963395
6000000041978745269
6000000041978793195
6000000041978816234
6000000041978868842
6000000042008487920
6000000042015411145
6000000042020332939
6000000042021220953
6000000042021255906
6000000042047925527
6000000042055937840
6000000042060281722
6000000042071380495
6000000042071669003
6000000042083108480
6000000042089691522
6000000042107585989
6000000042107933008
6000000042108092863
6000000042108497844
6000000042109854828
6000000042109940956
6000000042110086889
6000000042110097856
6000000042110610013
6000000042110659114
6000000042112578572
6000000042113270856
6000000042122879929
6000000042125738322
6000000042162462996
6000000042162599932
6000000042170868480
6000000042170878489
6000000042171199121
6000000042171242029
6000000042171304959
6000000042171324858
6000000042171376049
6000000042177795179
6000000042179547326
6000000042179962000
6000000042187252634
6000000042187630098
6000000042196132485
6000000042209139074
6000000042223880516
6000000042224066371
6000000042224244990
6000000042227096614
6000000042227998431
6000000042228153310
6000000042228173267
6000000042232255574
6000000042232461217
6000000042252593402
6000000042258841299
6000000042302821403
6000000042303148944
6000000042308762418
6000000042308886112
6000000042308910066
6000000042308916249
6000000042312699167
6000000042313167101
6000000042349417297
6000000042359623296
6000000042359841202
6000000042359898881
6000000042374406204
6000000042377290818
6000000042388767083
6000000042396007509
6000000042401969017
6000000042437693477
6000000042437782522
6000000042462092621
6000000042485343435
6000000042485678158
6000000042486666670
6000000042486951214
6000000042487112025
6000000042487146866
6000000042487218895
6000000042487221918
6000000042513701075
6000000042579273537
6000000042591965452
6000000042593356879
6000000042612556966
6000000042638906205
6000000042644926827
6000000042659041572
6000000042659456884
6000000042672435878
6000000042684835208
6000000042715948890
6000000042717334824
6000000042751661606
6000000042751680508
6000000042751817171
6000000042751865299
6000000042785327289
6000000042825304934
6000000042836124035
6000000042858567814
6000000042871380830
6000000042889429240
6000000042899943468
6000000042912118643
6000000042912442999
6000000042912505953
6000000042955361546
6000000042955777924
6000000042994363012
6000000043024498725
6000000043024856135
6000000043025054827
6000000043118573664
6000000043131090243
6000000043132348729
6000000043132599282
6000000043132780089
6000000043132783969
6000000043152914420
6000000043153343826
6000000043200107578
6000000043200248174
6000000043256095126
6000000043261542740
6000000043261855162
6000000043265443519
6000000043308394815
6000000043359013383
6000000043431277840
6000000043448914453
6000000043451229955
6000000043535731246
6000000043569666427
6000000043585729357
6000000043585942642
6000000043586159621
6000000043591767920
6000000043591943068
6000000043591983995
6000000043592320008
6000000043592369821
6000000043592545953
6000000043592614864
6000000043605863068
6000000043628965849
6000000043628980903
6000000043629002994
6000000043629025823
6000000043629712194
6000000043655435878
6000000043681143478
6000000043712845115
6000000043767741347
6000000043790522889
6000000043815150026
6000000043937116853
6000000043938734860
6000000044039991695
6000000044040961772
6000000044042695995
6000000044097587613
6000000044098148836
6000000044156801221
6000000044157207894
6000000044215778406
6000000044220362941
6000000044302835970
6000000044493704355
6000000044511123840
6000000044577574113
6000000044609563872
6000000044741913821
6000000044741947851
6000000044925256922
6000000045158864074
6000000045171401876
6000000045210662979
6000000045210778868
6000000045210889832
6000000045395223966
6000000045441799823
6000000045466851882
6000000045485613904
6000000045528734988
6000000045528843858
6000000045652025246
6000000045669548950
6000000045684416854
6000000045711527875
6000000045959424858
6000000045967595867
6000000045975201629
6000000045976860281
6000000045977071211
6000000045977104233
6000000045977180096
6000000045977310102
6000000045977353011
6000000045977569016
6000000045977653840
6000000045977845845
6000000045977918849
6000000046011440821
6000000046225596832
6000000046238613866
6000000046353812260
6000000046354191951
6000000046466469830
6000000046471024076
6000000046478745946
6000000046478759931
6000000046484941244
6000000046485116031
6000000046523762854
6000000046603144843
6000000046603241821
6000000046609029223
6000000046609202981
6000000046609560968
6000000046613473864
6000000046655504034
6000000046677789391
6000000046678073041
6000000046680352298
6000000046680611674
6000000046687805374
6000000046709126054
6000000046755293264
6000000046756019826
6000000046793718890
6000000046889555946
6000000046927188855
6000000046941506825
6000000046988814866
6000000046988837917
6000000047028501857
6000000047028749901
6000000047031968868
6000000047041531018
6000000047053122246
6000000047366484275
6000000047366520307
6000000047367101882
6000000047368933097
6000000047375282917
6000000047375461835
6000000047393377223
6000000047393676213
6000000047394369869
6000000047394791291
6000000047395592896
6000000047396475149
6000000047396521009
6000000047396534111
6000000047396558058
6000000047402774990
6000000047463925025
6000000047505418377
6000000047506164920
6000000047508251457
6000000047508855920
6000000047508951103
6000000047508969092
6000000047508995845
6000000047509214054
6000000047509348821
6000000047509401991
6000000047509437286
6000000047509437306
6000000047509472860
6000000047509474247
6000000047509589361
6000000047509629821
6000000047509967880
6000000047509997854
6000000047510174821
6000000047510392847
6000000047510861928
6000000047511724138
6000000047511790881
6000000047512028917
6000000047512182924
6000000047515473224
6000000047515504096
6000000047516025828
6000000047516145904
6000000047516171862
6000000047516193973
6000000047516224922
6000000047516273830
6000000047516305915
6000000047516667201
6000000047516883992
6000000047516913039
6000000047517055886
6000000047517070875
6000000047584731897
6000000047634706026
6000000047634777977
6000000047746622167
6000000047746933864
6000000047765946831
6000000047779743126
6000000047786893885
6000000047841030496
6000000047891809901
6000000047922802118
6000000047922825894
6000000047922883965
6000000047923395839
6000000047923428877
6000000047929086887
6000000047977463859
6000000047977590868
6000000047977741821
6000000047981079297
6000000047981931549
6000000047982516882
6000000048122805960
6000000048192390930
6000000048379834995
6000000048525631295
6000000048539549635
6000000048539962128
6000000048540045083
6000000048540096101
6000000048540248957
6000000048540274887
6000000048540283061
6000000048540306833
6000000048540426821
6000000048560777983
6000000048570108187
6000000048570379908
6000000048570444929
6000000048582986897
6000000048583126853
6000000048583147864
6000000048606468567
6000000048607634186
6000000048608508264
6000000048608707941
6000000048608855134
6000000048608906082
6000000048608993000
6000000048609051918
6000000048609088052
6000000048609257856
6000000048609412874
6000000048609771857
6000000048639600075
6000000048639875830
6000000048642351935
6000000048706113838
6000000048706662834
6000000048743148153
6000000048743299120
6000000048744755914
6000000048745025065
6000000048745058876
6000000048745140064
6000000048745248068
6000000048745387841
6000000048745554976
6000000048771968849
6000000048791316169
6000000048791999842
6000000048799331131
6000000048799362059
6000000048898551397
6000000048899115918
6000000048899228870
6000000048899496832
6000000048927481870
6000000048956592949
6000000048979962872
6000000049191571010
6000000049217114867
6000000049537463401
6000000049542079264
6000000049560184124
6000000049560276936
6000000049581009100
6000000049581390051
6000000049581495942
6000000049581572884
6000000049581627886
6000000049581672900
6000000049581741828
6000000049581755862
6000000049581777948
6000000049581831829
6000000049581836821
6000000049581909835
6000000049581935860
6000000049581950878
6000000049581982847
6000000049582008945
6000000049582185824
6000000049582266946
6000000049582352821
6000000049582955902
6000000049583075041
6000000049592146028
6000000049592993108
6000000049593061256
6000000049594008833
6000000049594160133
6000000049594212513
6000000049594368004
6000000049594818047
6000000049595433833
6000000049596131084
6000000049596528347
6000000049596807117
6000000049596967832
6000000049597389884
6000000049597655165
6000000049597938951
6000000049654268888
6000000049691154012
6000000049705161970
6000000049705240328
6000000049705343965
6000000049705358904
6000000049705536854
6000000049705785891
6000000049705818932
6000000049705818958
6000000049705882846
6000000049705910896
6000000049756645843
6000000049878664044
6000000049898568019
6000000049907722837
6000000049933604878
6000000049945622859
6000000049968979272
6000000050030080949
6000000050224027902
6000000050225876838
6000000050225962897
6000000050264023925
6000000050277921284
6000000050278040937
6000000050278179831
6000000050278183950
6000000050278229295
6000000050278259830
6000000050311875140
6000000050311939203
6000000050312058103
6000000050312155898
6000000050312211855
6000000050312525968
6000000050312589926
6000000050312604830
6000000050312804836
6000000050408899089
6000000050423073210
6000000050425647049
6000000050438990060
6000000050440556041
6000000050500669273
6000000050501434866
6000000050506069059
6000000050523203931
6000000050530621972
6000000050530789896
6000000050552608985
6000000050611051908
6000000050663353883
6000000050710053953
6000000050792017927
6000000050812248899
6000000050835979416
6000000050900911821
6000000050935947955
6000000050940028912
6000000051010304871
6000000051109831877
6000000051231247978
6000000051448208079
6000000051490667185
6000000051510221382
6000000051519892733
6000000051552021920
6000000051556311840
6000000051558525883
6000000051561504917
6000000051561657909
6000000051573245853
6000000051612628827
6000000051797071886
6000000051798033829
6000000051825195479
6000000051843671822
6000000051843771894
6000000051853413071
6000000051877132891
6000000051940827870
6000000051941059821
6000000051959350385
6000000051960200964
6000000051960394867
6000000051960429027
6000000051967346764
6000000051967542962
6000000051967604973
6000000051967731931
6000000051967771849
6000000051967828861
6000000051967965324
6000000051968413971
6000000051968696893
6000000051971750038
6000000051979398840
6000000051979500833
6000000051979893864
6000000051980037838
6000000051980175875
6000000052064452033
6000000052064784850
6000000052065408911
6000000052116696845
6000000052119172914
6000000052119855092
6000000052120459834
6000000052122445926
6000000052122457887
6000000052122811846
6000000052122833822
6000000052122836926
6000000052122886833
6000000052160723863
6000000052214484227
6000000052215030827
6000000052215047888
6000000052215224847
6000000052215334833
6000000052215500920
6000000052215809962
6000000052275901853
6000000052291561835
6000000052299455033
6000000052306780977
6000000052326861857
6000000052350433075
6000000052352020028
6000000052354599821
6000000052367684005
6000000052376608885
6000000052377408821
6000000052377834898
6000000052533150843
6000000052534336067
6000000052534646940
6000000052563778999
6000000052622926878
6000000052622931862
6000000052627078264
6000000052641541046
6000000052695024965
6000000052734094015
6000000052734275940
6000000052734458992
6000000052736782931
6000000052737125892
6000000052742080838
6000000052802832207
6000000052803322836
6000000052803392821
6000000052803591150
6000000052807311843
6000000052815004821
6000000052945111849
6000000052945317822
6000000052951248854
6000000052951607844
6000000052994345892
6000000053024990835
6000000053025126837
6000000053029246141
6000000053029344993
6000000053029433852
6000000053071521084
6000000053178244087
6000000053296723054
6000000053300657862
6000000053300952916
6000000053301028935
6000000053306877112
6000000053307160911
6000000053307297842
6000000053382464942
6000000053474612835
6000000053551039091
6000000053551156025
6000000053551166005
6000000053551198129
6000000053552985850
6000000053553628038
6000000053573763886
6000000053671495849
6000000053686716061
6000000053693847991
6000000053733525296
6000000053734902883
6000000053736691968
6000000053831604092
6000000053856457009
6000000053959180966
6000000053974665947
6000000053974927821
6000000054010871948
6000000054018187837
6000000054039463857
6000000054041960017
6000000054042170902
6000000054042346891
6000000054042397875
6000000054042411822
6000000054042438830
6000000054042523856
6000000054042538827
6000000054042836876
6000000054069381009
6000000054069701848
6000000054082402440
6000000054083084900
6000000054083439107
6000000054083490893
6000000054083541827
6000000054083616958
6000000054083688030
6000000054083766859
6000000054084200823
6000000054168793935
6000000054168811877
6000000054175954959
6000000054175957894
6000000054176029875
6000000054213099824
6000000054266091035
6000000054315550823
6000000054325364907
6000000054349869839
6000000054350254834
6000000054378314871
6000000054409966936
6000000054480587131
6000000054505516182
6000000054512575271
6000000054679567057
6000000054679699022
6000000054680084069
6000000054680594849
6000000054755271849
6000000054762139082
6000000054762173196
6000000054895812832
6000000055067732064
6000000055076025829
6000000055077545992
6000000055082505838
6000000055092186075
6000000055092251959
6000000055092262029
6000000055092295897
6000000055092439882
6000000055092479836
6000000055106958827
6000000055154726142
6000000055248390834
6000000055259208868
6000000055348174064
6000000055665835002
6000000055724056636
6000000055724538248
6000000055748271007
6000000055748530928
6000000055814994222
6000000055815243061
6000000055888430239
6000000055909030855
6000000055916851888
6000000055957964887
6000000055958018865
6000000056097564007
6000000056103079231
6000000056104649922
6000000056128768008
6000000056151207835
6000000056154654172
6000000056155320821
6000000056209523845
6000000056209610829
6000000056211541849
6000000056235078403
6000000056236950850
6000000056237410152
6000000056237546001
6000000056237804854
6000000056237899880
6000000056237984930
6000000056238247946
6000000056238387950
6000000056238401844
6000000056238497843
6000000056238557833
6000000056252542857
6000000056393410059
6000000056402037929
6000000056402279022
6000000056402509942
6000000056405308867
6000000056518859977
6000000056519117832
6000000056548963118
6000000056548998025
6000000056549062990
6000000056591010950
6000000056597824874
6000000056607757590
6000000056608336873
6000000056608456985
6000000056608657857
6000000056608975503
6000000056635820050
6000000056704877828
6000000056738523667
6000000056738728691
6000000056770116905
6000000056785275048
6000000056785446889
6000000056847365886
6000000056849612889
6000000056919377950
6000000056919499871
6000000057063482979
6000000057105436799
6000000057180399890
6000000057180909958
6000000057180964040
6000000057181329940
6000000057253603981
6000000057253672936
6000000057253879858
6000000057254908841
6000000057256543923
6000000057259055993
6000000057259138962
6000000057259553279
6000000057260013866
6000000057295750840
6000000057310697860
6000000057310723998
6000000057323812009
6000000057325242258
6000000057325498833
6000000057325562069
6000000057325731982
6000000057325736099
6000000057325973821
6000000057370438990
6000000057370851872
6000000057373862857
6000000057373905901
6000000057374134900
6000000057374671913
6000000057421477878
6000000057622197821
6000000057788432833
6000000057903625960
6000000058106562120
6000000058106742867
6000000058106744859
6000000058106897868
6000000058106914864
6000000058132835285
6000000058134774947
6000000058144641865
6000000058144835831
6000000058145034896
6000000058145673341
6000000058146143985
6000000058280470075
6000000058280721268
6000000058281021934
6000000058281790877
6000000058304737827
6000000058304898840
6000000058305986842
6000000058309424719
6000000058310063347
6000000058310537219
6000000058310697984
6000000058310731958
6000000058310794957
6000000058310795926
6000000058310859886
6000000058310860166
6000000058311160923
6000000058311595074
6000000058311940314
6000000058312152181
6000000058312317008
6000000058332290473
6000000058357681837
6000000058421850060
6000000058423711930
6000000058598594047
6000000058598977879
6000000058679278988
6000000058679302943
6000000058679334966
6000000058679392002
6000000058679630856
6000000058707889050
6000000058775146945
6000000058933149018
6000000059101170833
6000000059149258972
6000000059363695655
6000000059367269899
6000000059458201825
6000000059461280143
6000000059461954958
6000000059462982956
6000000059463319841
6000000059483186905
6000000059484044105
6000000059484142014
6000000059484164993
6000000059484203253
6000000059484249019
6000000059484306897
6000000059484578822
6000000059487260994
6000000059488004257
6000000059500038071
6000000059500489866
6000000059502018249
6000000059502421230
6000000059506090864
6000000059536548960
6000000059543148320
6000000059543736035
6000000059543788891
6000000059543850860
6000000059543875860
6000000059543949970
6000000059544065950
6000000059544244866
6000000059544719062
6000000059545336884
6000000059545440876
6000000059620324010
6000000059620548088
6000000059646398970
6000000059648780134
6000000059726235904
6000000059728533850
6000000059752714050
6000000059752938919
6000000059753391888
6000000059754565848
6000000059754623877
6000000059763681849
6000000059772480004
6000000059777152859
6000000059813177059
6000000059813515841
6000000059818350090
6000000059865563008
6000000059888596942
6000000059899745318
6000000059900748068
6000000059934267974
6000000059937585923
6000000060007055915
6000000060144711844
6000000060173191875
6000000060174494295
6000000060174597292
6000000060174867977
6000000060177777192
6000000060260088872
6000000060312686886
6000000060312690864
6000000060312695870
6000000060313669828
6000000060316748874
6000000060316890044
6000000060317181011
6000000060393458973
6000000060393624975
6000000060395598957
6000000060395744956
6000000060482326919
6000000060482352913
6000000060482353872
6000000060482363862
6000000060482595837
6000000060482682828
6000000060667548823
6000000060668037821
6000000060668433824
6000000060668804822
6000000060722607833
6000000060745534189
6000000060746013888
6000000060746476984
6000000060747401823
6000000060752054171
6000000060752912847
6000000060753698937
6000000060886311609
6000000060886970570
6000000060889710492
6000000060889777516
6000000060890028144
6000000060890128031
6000000060890207896
6000000060890232159
6000000060890241092
6000000060890331022
6000000060890399117
6000000060890417994
6000000060890418051
6000000060890544894
6000000060890607889
6000000060890630901
6000000060890688829
6000000060890721864
6000000061082980112
6000000061087285845
6000000061217949848
6000000061227719891
6000000061273975033
6000000061383358864
6000000061389710216
6000000061525336845
6000000061525431865
6000000061608990336
6000000061609217215
6000000061735716108
6000000061826378953
6000000062028871833
6000000062109584198
6000000062109677112
6000000062109695232
6000000062110104924
6000000062110108010
6000000062110218241
6000000062111468236
6000000062186784886
6000000062191292130
6000000062247412821
6000000062247543821
6000000062307917266
6000000062327062081
6000000062327316934
6000000062370192875
6000000062553473064
6000000062559790102
6000000062570873921
6000000062615805163
6000000062616286825
6000000062655661909
6000000062655713928
6000000062709352716
6000000062750658000
6000000063006087071
6000000063021714859
6000000063101664821
6000000063105633821
6000000063118569944
6000000063123766864
6000000063123793056
6000000063123811070
6000000063123853033
6000000063123936090
6000000063123966940
6000000063124005847
6000000063124014822
6000000063124083891
6000000063124116839
6000000063124120828
6000000063124160839
6000000063135623856
6000000063136599871
6000000063146776966
6000000063193974954
6000000063204779935
6000000063204938837
6000000063292148850
6000000063293174099
6000000063293599822
6000000063294891841
6000000063295235089
6000000063295273051
6000000063295445886
6000000063295666859
6000000063295801981
6000000063296154854
6000000063300979653
6000000063319526833
6000000063321531919
6000000063331272855
6000000063331295845
6000000063356859185
6000000063356944957
6000000063551750847
6000000063551864825
6000000063554968912
6000000063616775821
6000000063629142916
6000000063785314965
6000000063785337923
6000000063785427906
6000000063785447865
6000000063789514961
6000000063789623004
6000000063789633943
6000000063789836821
6000000063789944946
6000000063790007935
6000000063791367120
6000000063791380006
6000000063791434935
6000000063791537102
6000000063791647082
6000000063791673058
6000000063791679834
6000000063791737003
6000000063791737012
6000000063791870887
6000000063815388028
6000000063815780073
6000000063818784359
6000000063818793257
6000000063818886394
6000000063819051026
6000000063819384867
6000000063819544901
6000000063819632885
6000000063819675899
6000000063819730905
6000000063819868828
6000000063824546147
6000000063825469128
6000000063828656208
6000000063829223863
6000000063829961821
6000000063833022929
6000000063833241822
6000000063833273827
6000000063931502201
6000000064012615833
6000000064122126387
6000000064176064277
6000000064212671926
6000000064212711894
6000000064225861229
6000000064587404825
6000000064626872900
6000000064627541837
6000000064680550975
6000000064682065835
6000000064833411914
6000000064833587840
6000000064833789036
6000000064833935940
6000000064834463851
6000000065056045990
6000000065056306963
6000000065056377902
6000000065353504048
6000000065548197832
6000000065563576927
6000000065595082999
6000000065596017821
6000000065777214898
6000000065893527821
6000000065902627268
6000000065902866129
6000000065902928006
6000000065902928124
6000000065902986960
6000000065903015919
6000000065903221862
6000000065903229949
6000000065903320863
6000000065903580865
6000000065903676841
6000000065903798856
6000000065908110925
6000000065913564845
6000000065980662821
6000000065981036821
6000000065981143821
6000000065981261822
6000000065981660822
6000000065991527068
6000000065998117853
6000000066001141923
6000000066001286036
6000000066002183853
6000000066002199879
6000000066002329979
6000000066070448821
6000000066070572822
6000000066084448385
6000000066085754149
6000000066086169053
6000000066086725821
6000000066125216822
6000000066125923821
6000000066132092903
6000000066132331902
6000000066132483861
6000000066133149821
6000000066149296893
6000000066149843867
6000000066149893843
6000000066150026852
6000000066150221821
6000000066150248821
6000000066155981838
6000000066155982879
6000000066162188012
6000000066256570100
6000000066258513937
6000000066263754251
6000000066263901245
6000000066264217992
6000000066264487877
6000000066264516851
6000000066264526835
6000000066264650876
6000000066270482479
6000000066271014176
6000000066271015898
6000000066271302979
6000000066271562830
6000000066271625824
6000000066280223886
6000000066363050119
6000000066363483067
6000000066363788970
6000000066363910871
6000000066363965955
6000000066364059862
6000000066364071823
6000000066376990871
6000000066377026821
6000000066377115928
6000000066377148897
6000000066377267849
6000000066377267883
6000000066377272877
6000000066379069087
6000000066379504930
6000000066379611986
6000000066379615902
6000000066379619850
6000000066379633937
6000000066379693888
6000000066379698890
6000000066379752867
6000000066379865922
6000000066379879853
6000000066379888877
6000000066379931852
6000000066380249969
6000000066381361875
6000000066381498886
6000000066465175101
6000000066465273982
6000000066467239276
6000000066467995976
6000000066468585890
6000000066546190894
6000000066546237850
6000000066546311822
6000000066546325881
6000000066546418821
6000000066548574964
6000000066548722005
6000000066548821821
6000000066548851821
6000000066589103821
6000000066601548838
6000000066602202059
6000000066602716889
6000000066602793825
6000000066602973965
6000000066609341855
6000000067045743836
6000000067145184979
6000000067145229030
6000000067145245017
6000000067145400966
6000000067145459940
6000000067145559908
6000000067145578821
6000000067145709881
6000000067145950830
6000000067146227821
6000000067249567845
6000000067252071854
6000000067398291875
6000000067459324821
6000000067475341262
6000000067475510852
6000000067475950954
6000000067502097107
6000000067505401910
6000000067505532858
6000000067535829821
6000000067574444821
6000000067574563833
6000000067574799821
6000000067578656884
6000000067580812821
6000000067581226827
6000000067648104886
6000000067649370122
6000000067650061829
6000000067650408821
6000000067651684888
6000000067651797834
6000000067652277944
6000000067658253319
6000000067658358211
6000000067658584095
6000000067658622076
6000000067658718104
6000000067658932042
6000000067658940934
6000000067658951956
6000000067659050913
6000000067659065824
6000000067659071866
6000000067659097858
6000000067659126958
6000000067659146857
6000000067659183866
6000000067659213821
6000000067659343868
6000000067659361822
6000000067659733856
6000000067659760902
6000000067660758872
6000000067661140845
6000000067661200837
6000000067661207828
6000000067856826846
6000000068002417855
6000000068002630834
6000000068002954821
6000000068003074823
6000000068006837821
6000000068032458180
6000000068032470128
6000000068032478179
6000000068032675078
6000000068032892867
6000000068034392042
6000000068229075956
6000000068229353847
6000000068230026845
6000000068489448233
6000000068648486856
6000000068859553878
6000000068859880824
6000000068860300962
6000000068860766919
6000000068860797852
6000000068861181896
6000000068861403833
6000000068876758130
6000000069147502949
6000000069147953879
6000000069358235842
6000000069358400822
6000000069358476821
6000000069358801821
6000000069365122211
6000000069365299988
6000000069366164368
6000000069366574089
6000000069366628565
6000000069366791359
6000000069367121151
6000000069367150012
6000000069367297976
6000000069367366090
6000000069367439853
6000000069367485834
6000000069367545863
6000000069367848889
6000000069367935855
6000000069367994851
6000000069368037877
6000000069368065861
6000000069368292888
6000000069368493271
6000000069368863169
6000000069368897243
6000000069368919049
6000000069369063015
6000000069369207970
6000000069369314872
6000000069369315000
6000000069369504826
6000000069369642831
6000000069369655832
6000000069370204182
6000000069370275423
6000000069370362990
6000000069370591927
6000000069370602004
6000000069370712009
6000000069370751985
6000000069370822899
6000000069370823971
6000000069370891064
6000000069370920906
6000000069371062868
6000000069371067852
6000000069371126883
6000000069371130875
6000000069371176112
6000000069371188842
6000000069371193822
6000000069371230852
6000000069371290982
6000000069371430870
6000000069371462044
6000000069371463990
6000000069371474243
6000000069371500822
6000000069371578832
6000000069371730880
6000000069371822895
6000000069371983922
6000000069372046921
6000000069372165988
6000000069372983920
6000000069375180961
6000000069375272013
6000000069466362236
6000000069487109180
6000000069488339821
6000000069532170911
6000000069532251948
6000000069532338834
6000000069532364848
6000000069535075949
6000000069535258923
6000000069535667968
6000000069545253921
6000000069848255834
6000000069901132828
6000000069939390929
6000000069939628838
6000000069941144629
6000000069941440183
6000000069941824937
6000000069942218821
6000000069962440941
6000000070156017821
6000000070156020864
6000000070187380828
6000000070238328826
6000000070311399902
6000000070321855972
6000000070488106032
6000000070789875827
6000000070789978821
6000000070947642129
6000000070960751279
6000000070960996453
6000000070961153216
6000000070961278108
6000000070961530960
6000000070961543024
6000000070961545871
6000000070961637024
6000000070961754979
6000000070961773827
6000000070961793962
6000000070961802870
6000000070961964863
6000000070997420859
6000000071016729511
6000000071017594946
6000000071017617992
6000000071021700845
6000000071021736859
6000000071022346196
6000000071023274415
6000000071023354248
6000000071023417166
6000000071023425930
6000000071023773916
6000000071023819885
6000000071028837604
6000000071028996251
6000000071076668837
6000000071114210258
6000000071116278006
6000000071259132430
6000000071259832082
6000000071260138180
6000000071260540066
6000000071260618994
6000000071260717092
6000000071260747124
6000000071260827005
6000000071261069848
6000000071261105966
6000000071261490493
6000000071261664191
6000000071262198942
6000000071262222030
6000000071262259916
6000000071262382895
6000000071265209822
6000000071265494849
6000000071265518054
6000000071265762886
6000000071265891843
6000000071287234579
6000000071340829873
6000000071342743821
6000000071343692821
6000000071343750823
6000000071344042826
6000000071344124821
6000000071344378821
6000000071344470834
6000000071370755269
6000000071370970083
6000000071417923100
6000000071465829307
6000000071473170042
6000000071473248000
6000000071495658075
6000000071496868022
6000000071496972943
6000000071497032891
6000000071497259897
6000000071497293851
6000000071497298834
6000000071497360900
6000000071497464862
6000000071497470855
6000000071497717823
6000000071497832821
6000000071498527943
6000000071499230840
6000000071515644821
6000000071516683840
6000000071519060884
6000000071519121824
6000000071519363821
6000000071520848843
6000000071525168853
6000000071530054824
6000000071540357880
6000000071540365877
6000000071540978890
6000000071541295900
6000000071542011009
6000000071542062007
6000000071542448850
6000000071542538822
6000000071550355992
6000000071550487917
6000000071551795015
6000000071551797897
6000000071551856962
6000000071551865917
6000000071551998864
6000000071552149300
6000000071583090840
6000000071583090846
6000000071620824296
6000000071620834400
6000000071621441827
6000000071652764134
6000000071653542852
6000000071661279313
6000000071663020871
6000000071665551190
6000000071665618067
6000000071665748055
6000000071665817898
6000000071665818021
6000000071678630549
6000000071678738478
6000000071679001289
6000000071679034388
6000000071679107135
6000000071679246967
6000000071679368916
6000000071679371948
6000000071679428893
6000000071679471875
6000000071679619036
6000000071679666054
6000000071760133845
6000000071760451847
6000000071764880648
6000000071765019962
6000000071765080919
6000000071765113019
6000000071765208979
6000000071765333914
6000000071765478383
6000000071765495825
6000000071765769147
6000000071766352929
6000000071766360240
6000000071766402220
6000000071766410880
6000000071766614013
6000000071766853826
6000000071767019859
6000000071767092935
6000000071767125232
6000000071767347968
6000000071767398845
6000000071767643830
6000000071767876457
6000000071768149122
6000000071768173141
6000000071768187852
6000000071768342914
6000000071768376052
6000000071768584821
6000000071768748966
6000000071769506979
6000000071769599071
6000000071770038821
6000000071770298993
6000000071770324312
6000000071771019872
6000000071771140850
6000000071785459414
6000000071785671373
6000000071785715006
6000000071785742585
6000000071785749931
6000000071785918910
6000000071785950003
6000000071785950898
6000000071785955001
6000000071785979923
6000000071785991828
6000000071786033964
6000000071786217898
6000000071786357276
6000000071786884839
6000000071791063482
6000000071792386950
6000000071794039863
6000000071794076870
6000000071794300916
6000000071798316615
6000000071798808821
6000000071798869001
6000000071825577867
6000000071827374850
6000000071827376847
6000000071827442845
6000000071827714821
6000000071853885785
6000000071854073974
6000000071854602225
6000000071855226838
6000000071855934100
6000000071856039042
6000000071877035866
6000000072033907827
6000000072034118335
6000000072034195087
6000000072034229123
6000000072179033092
6000000072307475886
6000000072309692888
6000000072309905821
6000000072351796062
6000000072352706990
6000000072353053821
6000000072353067972
6000000072354136867
6000000072393912440
6000000072394231218
6000000072421013062
6000000072421225886
6000000072421335937
6000000072436600927
6000000072566966835
6000000072567301833
6000000072599862951
6000000072600305897
6000000072601271860
6000000072625269665
6000000072628243999
6000000072697675016
6000000072697914310
6000000072698597029
6000000072701638821
6000000072702788873
6000000072702964824
6000000072705493252
6000000072711162536
6000000072711529945
6000000072801392106
6000000072806840041
6000000072885107979
6000000072921969108
6000000072923917827
6000000072924440886
6000000072924717829
6000000072932647821
6000000072932723823
6000000072933968833
6000000072936930826
6000000072939214821
6000000072942195825
6000000072942412845
6000000072952337821
6000000072952461821
6000000072957662865
6000000072958276821
6000000072958752875
6000000072961607842
6000000072962073961
6000000072963018045
6000000072963604900
6000000072963809823
6000000072963870898
6000000072984461096
6000000072984828017
6000000072984858972
6000000073008113078
6000000073042487953
6000000073042737469
6000000073043440971
6000000073043613851
6000000073052195138
6000000073052243116
6000000073052354540
6000000073052370014
6000000073052433176
6000000073052515845
6000000073052580974
6000000073052620971
6000000073052771195
6000000073052819822
6000000073052851855
6000000073052947897
6000000073052999929
6000000073053017833
6000000073053055958
6000000073053504340
6000000073053657982
6000000073053659269
6000000073053697980
6000000073053747942
6000000073053845942
6000000073053934887
6000000073054555960
6000000073054556068
6000000073054651878
6000000073054710966
6000000073054991127
6000000073055178903
6000000073055410848
6000000073055414903
6000000073055614951
6000000073055788942
6000000073055818202
6000000073056037886
6000000073056081007
6000000073056092934
6000000073066460876
6000000073076559215
6000000073078405830
6000000073078545829
6000000073137579127
6000000073138617835
6000000073138691880
6000000073151532887
6000000073151703828
6000000073154061821
6000000073154187825
6000000073163847821
6000000073164021821
6000000073176367585
6000000073177237103
6000000073177304821
6000000073177589823
6000000073182035878
6000000073182728408
6000000073182945965
6000000073183271194
6000000073184105145
6000000073184193127
6000000073184781911
6000000073219242500
6000000073225847113
6000000073304065900
6000000073304170827
6000000073304408138
6000000073304515367
6000000073304532859
6000000073304609129
6000000073304872896
6000000073304884853
6000000073304987934
6000000073364010218
6000000073364162133
6000000073364413021
6000000073364501977
6000000073364534909
6000000073524419544
6000000073545029957
6000000073555622860
6000000073555735859
6000000073584496833
6000000073637952156
6000000073639210856
6000000073714500453
6000000073749128993
6000000073807525378
6000000074074486937
6000000074277111122
6000000074277721931
6000000074277881880
6000000074300723511
6000000074308038821
6000000074391024823
6000000074746875003
6000000074747843066
6000000074748214848
6000000074771065974
6000000074783609313
6000000074804050189
6000000074804175000
6000000074804204827
6000000074804289866
6000000074804326068
6000000074823513256
6000000074824684821
6000000074831170927
6000000074904369868
6000000074975402823
6000000074979609821
6000000074983442886
6000000074991229095
6000000074991446037
6000000074992121981
6000000075037361168
6000000075037768855
6000000075040330864
6000000075050915419
6000000075055621985
6000000075055831860
6000000075063914900
6000000075064008909
6000000075122398266
6000000075122947846
6000000075134833851
6000000075245538089
6000000075246152053
6000000075248775213
6000000075248843141
6000000075249234939
6000000075259285822
6000000075299185889
6000000075308798871
6000000075320513135
6000000075320771002
6000000075321796231
6000000075322111008
6000000075325716857
6000000075327286466
6000000075327456459
6000000075328021088
6000000075328455914
6000000075328506865
6000000075328527844
6000000075328531871
6000000075333145082
6000000075333527838
6000000075333564821
6000000075333963836
6000000075337633126
6000000075337931944
6000000075344571068
6000000075344936942
6000000075345167839
6000000075345197833
6000000075345602836
6000000075367837896
6000000075368013857
6000000075368107880
6000000075368771850
6000000075368822831
6000000075372508837
6000000075372548844
6000000075483884110
6000000075484455991
6000000075484493017
6000000075484526889
6000000075530553841
6000000075530644822
6000000075589304018
6000000075589374306
6000000075589510321
6000000075590023370
6000000075590125856
6000000075590310894
6000000075590547875
6000000075592249005
6000000075592675932
6000000075592787827
6000000075618117828
6000000075623732830
6000000075641023950
6000000075642948831
6000000075671135005
6000000075683952945
6000000075688517911
6000000075688532859
6000000075688562833
6000000075688710862
6000000075709539979
6000000075709566917
6000000075710004006
6000000075710197846
6000000075710344000
6000000075710804854
6000000075710947932
6000000075714868993
6000000075715197877
6000000075715237858
6000000075715452825
6000000075715544873
6000000075715646999
6000000075715752844
6000000075716410880
6000000075716410886
6000000075716868833
6000000075716983821
6000000075753505852
6000000075847903255
6000000075885201291
6000000075921758838
6000000075931950207
6000000075982101013
6000000076089736166
6000000076091457028
6000000076093486821
6000000076097382869
6000000076102779864
6000000076102822023
6000000076103048821
6000000076155972683
6000000076157801197
6000000076158360061
6000000076158537821
6000000076158541123
6000000076158804879
6000000076237655606
6000000076247821913
6000000076247961863
6000000076463318111
6000000076464378101
6000000076464514961
6000000076476162829
6000000076499918259
6000000076500062213
6000000076500633203
6000000076500899902
6000000076500982838
6000000076501038846
6000000076526792857
6000000076527796837
6000000076538834828
6000000076539128821
6000000076545243977
6000000076546883956
6000000076618361326
6000000076637154034
6000000076637363927
6000000076638037849
6000000076638165858
6000000076669163336
6000000076670812042
6000000076707358934
6000000076707978876
6000000076747744040
6000000076851578760
6000000076851637659
6000000076910611204
6000000076910792307
6000000076964140822
6000000077068851053
6000000077068859085
6000000077069062912
6000000077087907828
6000000077099384153
6000000077099407027
6000000077112133790
6000000077113070072
6000000077113517153
6000000077123496520
6000000077124588948
6000000077136989085
6000000077192120268
6000000077192228068
6000000077192628927
6000000077199905704
6000000077226208006
6000000077230398023
6000000077230400466
6000000077230461558
6000000077230637515
6000000077231128948
6000000077244743857
6000000077244755871
6000000077245102876
6000000077246882445
6000000077247068207
6000000077249994498
6000000077250636107
6000000077250962399
6000000077299641530
6000000077486667633
6000000077487842926
6000000077488738741
6000000077489382019
6000000077489431142
6000000077491051111
6000000077491362242
6000000077491510037
6000000077649625509
6000000077762121855
6000000077846035663
6000000077848202481
6000000077849307078
6000000077849547072
6000000077849657989
6000000077909839206
6000000077910760950
6000000078002330683
6000000078006145810
6000000078006319507
6000000078011203560
6000000078013416838
6000000078013492090
6000000078013522196
6000000078013623072
6000000078013646039
6000000078013692088
6000000078013717886
6000000078013738934
6000000078013857025
6000000078013938165
6000000078013950202
6000000078014060842
6000000078079929441
6000000078124543934
6000000078130114167
6000000078130144178
6000000078130232274
6000000078130257203
6000000078131661420
6000000078132032052
6000000078144525581
6000000078149623173
6000000078149838312
6000000078149972803
6000000078152489560
6000000078166054921
6000000078167620414
6000000078168868403
6000000078169022849
6000000078169033835
6000000078169401104
6000000078169721148
6000000078171454221
6000000078204143398
6000000078207827212
6000000078249381147
6000000078252774036
6000000078280140887
6000000078280200867
6000000078284060865
6000000078309999183
6000000078313784446
6000000078313879215
6000000078314414913
6000000078314529886
6000000078340531118
6000000078341054033
6000000078341413014
6000000078341970887
6000000078342355864
6000000078342421898
6000000078344978534
6000000078345268902
6000000078345943892
6000000078348578845
6000000078357027580
6000000078360485891
6000000078360981025
6000000078361677307
6000000078362231638
6000000078362938202
6000000078363074783
6000000078363089160
6000000078363331992
6000000078364247317
6000000078364363818
6000000078365234056
6000000078365292996
6000000078365307071
6000000078365710821
6000000078369690038
6000000078405832949
6000000078411623451
6000000078412435402
6000000078430630954
6000000078430782870
6000000078464410835
6000000078472298872
6000000078472352833
6000000078481540327
6000000078481915133
6000000078481944075
6000000078482035635
6000000078482105192
6000000078482492231
6000000078482547351
6000000078482696168
6000000078482794359
6000000078482834988
6000000078482926141
6000000078482932156
6000000078482950041
6000000078482983176
6000000078483010220
6000000078483165004
6000000078483272057
6000000078483307074
6000000078483596982
6000000078483609996
6000000078483767832
6000000078483821825
6000000078489119868
6000000078490355906
6000000078490449856
6000000078507587240
6000000078514135610
6000000078515919889
6000000078562269983
6000000078578943245
6000000078595241074
6000000078615385627
6000000078619291183
6000000078630784600
6000000078630784604
6000000078631698930
6000000078638789329
6000000078638810109
6000000078639298868
6000000078644723396
6000000078645497565
6000000078646048964
6000000078655423955
6000000078734311760
6000000078735308103
6000000078735800838
6000000078807708082
6000000078811318472
6000000078818831214
6000000078819245961
6000000078823372968
6000000078827710821
6000000078840532036
6000000078873859339
6000000078875140540
6000000078875165612
6000000078875849989
6000000078882930826
6000000078950852922
6000000078951052889
6000000078951236891
6000000078951253975
6000000078951568835
6000000079012652272
6000000079029694168
6000000079030534050
6000000079035905063
6000000079036999147
6000000079054355150
6000000079066564554
6000000079086113266
6000000079086392010
6000000079110552078
6000000079111011181
6000000079111160025
6000000079111166945
6000000079111306971
6000000079111486877
6000000079160728969
6000000079161391895
6000000079186414501
6000000079186621661
6000000079187347875
6000000079197110833
6000000079216473726
6000000079216994213
6000000079217573945
6000000079217600962
6000000079236060881
6000000079250592882
6000000079290729987
6000000079396321922
6000000079406551211
6000000079406612284
6000000079417828413
6000000079451210072
6000000079775133856
6000000079776945963
6000000079797897838
6000000079799524244
6000000079805103320
6000000079865301097
6000000079865489013
6000000079890113003
6000000079891165825
6000000079895607149
6000000079932445829
6000000079941156640
6000000079942964829
6000000079943397968
6000000080002744704
6000000080003501639
6000000080003680412
6000000080003810730
6000000080004331330
6000000080005099821
6000000080064099932
6000000080332159791
6000000080332325120
6000000080409645415
6000000080410442933
6000000080410507072
6000000080410560010
6000000080465813128
6000000080495145916
6000000080591551897
6000000080591585875
6000000080611693901
6000000080611763873
6000000080612527822
6000000080832779574
6000000080833170143
6000000080833216218
6000000080833480053
6000000080833711823
6000000080839029042
6000000080887936330
6000000080888150446
6000000080888226993
6000000080888521094
6000000080889045905
6000000080890949721
6000000080891198964
6000000080891346972
6000000080891933103
6000000080892068060
6000000080892118037
6000000080892274936
6000000080938557543
6000000080938701413
6000000080938943085
6000000080944196999
6000000080980106822
6000000080989957954
6000000080991214986
6000000081012512960
6000000081015794035
6000000081015796264
6000000081015950363
6000000081016123100
6000000081017606955
6000000081017674903
6000000081022808862
6000000081037327289
6000000081038033101
6000000081038115284
6000000081038222413
6000000081038606047
6000000081038766842
6000000081038904917
6000000081039370968
6000000081039489864
6000000081064397347
6000000081064770178
6000000081075969786
6000000081112066391
6000000081113044219
6000000081113148225
6000000081113232861
6000000081243398698
6000000081244579944
6000000081254192160
6000000081279664210
6000000081311861084
6000000081312137041
6000000081312330035
6000000081312478973
6000000081319615948
6000000081326351308
6000000081327768845
6000000081356996465
6000000081357363544
6000000081357635523
6000000081358369305
6000000081358425230
6000000081358458251
6000000081358490020
6000000081358520979
6000000081358533128
6000000081358819091
6000000081358853960
6000000081359037050
6000000081359120186
6000000081359215126
6000000081359430998
6000000081370250420
6000000081370978914
6000000081376759984
6000000081377003892
6000000081379792884
6000000081387628445
6000000081391561149
6000000081429991439
6000000081477568061
6000000081477935049
6000000081499590846
6000000081501854912
6000000081503607051
6000000081503680930
6000000081503861897
6000000081538286068
6000000081550290964
6000000081551053388
6000000081551947833
6000000081551963956
6000000081551982956
6000000081552824235
6000000081553289212
6000000081563602908
6000000081593880387
6000000081594324163
6000000081594337045
6000000081594595886
6000000081596766856
6000000081608204038
6000000081609098833
6000000081655821286
6000000081690680943
6000000081692114847
6000000081692769821
6000000081694016831
6000000081695316924
6000000081695382834
6000000081696426977
6000000081696477906
6000000081697052038
6000000081697279836
6000000081709616443
6000000081712706716
6000000081719607331
6000000081720181995
6000000081720339147
6000000081720508970
6000000081720794859
6000000081720983947
6000000081724122406
6000000081724444287
6000000081729286896
6000000081730836875
6000000081731880246
6000000081748910093
6000000081749000217
6000000081749306166
6000000081749447075
6000000081749785087
6000000081749809128
6000000081750115841
6000000081755798142
6000000081755881421
6000000081777652170
6000000081777789174
6000000081778218821
6000000081778307038
6000000081780920991
6000000081781448025
6000000081787391664
6000000081787418432
6000000081788802993
6000000081799697245
6000000081800320870
6000000081800715614
6000000081801534011
6000000081805487932
6000000081807139046
6000000081808113893
6000000081809429883
6000000081811656207
6000000081847113882
6000000081871108972
6000000081872921288
6000000081873309989
6000000081873556832
6000000081915923168
6000000081915993050
6000000081916054931
6000000081916161949
6000000081925267264
6000000081925768980
6000000081930858853
6000000081964108284
6000000081965405827
6000000081965433863
6000000081973006097
6000000081973734839
6000000081983296592
6000000081984148085
6000000081984578858
6000000081984593872
6000000081990203999
6000000081990221822
6000000081991886969
6000000081992032838
6000000082001994196
6000000082002188999
6000000082002379859
6000000082023345461
6000000082023869049
6000000082041550523
6000000082146376044
6000000082146592937
6000000082249393961
6000000082328190239
6000000082331010079
6000000082331212050
6000000082349514998
6000000082368851380
6000000082378500187
6000000082379583961
6000000082408415599
6000000082409416357
6000000082409930978
6000000082410076894
6000000082410228839
6000000082410238821
6000000082433032321
6000000082433174575
6000000082434110217
6000000082435057895
6000000082435261850
6000000082435353967
6000000082435779826
6000000082468077336
6000000082494627220
6000000082495416901
6000000082526084655
6000000082558087156
6000000082560674931
6000000082560920871
6000000082560960705
6000000082561048889
6000000082572395126
6000000082572675066
6000000082573014883
6000000082579956162
6000000082582014005
6000000082625968130
6000000082626114289
6000000082626510294
6000000082627017986
6000000082641999478
6000000082642238426
6000000082643768018
6000000082644155922
6000000082644266833
6000000082644302844
6000000082663076869
6000000082697384161
6000000082715277821
6000000082715396821
6000000082718890906
6000000082758826862
6000000082812967017
6000000082814420940
6000000082823770392
6000000082825638831
6000000082825669852
6000000082879351840
6000000082879589130
6000000082936550780
6000000082946295009
6000000083007722946
6000000083017321934
6000000083041835597
6000000083041852680
6000000083042036618
6000000083042254006
6000000083042271419
6000000083042300528
6000000083042384011
6000000083042397002
6000000083042414264
6000000083042470336
6000000083042487898
6000000083042559821
6000000083042841028
6000000083058987612
6000000083059649003
6000000083065410188
6000000083072935969
6000000083092529881
6000000083100478906
6000000083129729874
6000000083130837854
6000000083136882823
6000000083168050976
6000000083181569953
6000000083246893348
6000000083247398189
6000000083302341963
6000000083356553022
6000000083356877828
6000000083478499023
6000000083500956501
6000000083501784891
6000000083536457821
6000000083541328799
6000000083541584682
6000000083542029866
6000000083542222821
6000000083578691261
6000000083578807246
6000000083579039143
6000000083579266066
6000000083579922037
6000000083579993952
6000000083580121961
6000000083580681821
6000000083603049877
6000000083606461462
6000000083696454797
6000000083709032971
6000000083709193917
6000000083743699558
6000000083744221420
6000000083744356282
6000000083744454831
6000000083744554884
6000000083744588027
6000000083744630131
6000000083744637103
6000000083744674215
6000000083744868958
6000000083744869117
6000000083744915824
6000000083744938160
6000000083745141922
6000000083747112861
6000000083748327916
6000000083764253130
6000000083764483080
6000000083764756957
6000000083764839922
6000000083765359036
6000000083766257626
6000000083766373784
6000000083766459814
6000000083766734060
6000000083766864232
6000000083766864341
6000000083767029162
6000000083767139794
6000000083767150002
6000000083767232938
6000000083767246099
6000000083767330877
6000000083767387945
6000000083767417956
6000000083767443821
6000000083767532831
6000000083767552933
6000000083767585699
6000000083768023629
6000000083768038183
6000000083768099429
6000000083768212319
6000000083768234365
6000000083768379415
6000000083768404941
6000000083768532390
6000000083768566127
6000000083768609061
6000000083768686318
6000000083768732973
6000000083769001850
6000000083769063980
6000000083769283983
6000000083769303832
6000000083769335999
6000000083769381913
6000000083769443102
6000000083774897465
6000000083774968693
6000000083774986423
6000000083775020592
6000000083775024664
6000000083775054113
6000000083775117407
6000000083775156552
6000000083775333581
6000000083775355478
6000000083775362334
6000000083775476443
6000000083775705351
6000000083775845126
6000000083775896182
6000000083775941253
6000000083775974254
6000000083775987109
6000000083776067197
6000000083776103082
6000000083776137049
6000000083776223985
6000000083776227029
6000000083776315850
6000000083776324860
6000000083776328955
6000000083776335822
6000000083776362955
6000000083776398918
6000000083776421888
6000000083776472844
6000000083777356514
6000000083777413764
6000000083777634469
6000000083777656424
6000000083778056307
6000000083778234179
6000000083778331079
6000000083778456180
6000000083778461005
6000000083778480009
6000000083778676889
6000000083778840093
6000000083781741634
6000000083782027186
6000000083782270579
6000000083782433436
6000000083782435344
6000000083782510275
6000000083782510326
6000000083782780120
6000000083782936117
6000000083783022024
6000000083783110034
6000000083783268860
6000000083783480824
6000000083792373566
6000000083792415631
6000000083792640425
6000000083792825256
6000000083792869177
6000000083793393975
6000000083793627931
6000000083793677870
6000000083793771318
6000000083793880326
6000000083793984135
6000000083794209217
6000000083794432634
6000000083794475031
6000000083794543956
6000000083794655926
6000000083794691912
6000000083794718349
6000000083794806826
6000000083794858848
6000000083795074177
6000000083795111269
6000000083795361046
6000000083795468026
6000000083796049414
6000000083797154869
6000000083802439821
6000000083802541852
6000000083821300374
6000000083821556359
6000000083821664377
6000000083821919069
6000000083824490540
6000000083824962200
6000000083825078138
6000000083825514353
6000000083825535933
6000000083825751828
6000000083826044992
6000000083826294149
6000000083826735872
6000000083839087388
6000000083842636637
6000000083851638827
6000000083853242855
6000000083853629945
6000000083863381378
6000000083898912037
6000000083899725642
6000000083900261596
6000000083901138081
6000000083901253941
6000000083948506511
6000000083949456254
6000000083949984136
6000000083964869897
6000000083965615156
6000000083995490406
6000000083996149453
6000000083997620980
6000000083997708999
6000000083997933939
6000000083998124886
6000000083999036193
6000000084021296935
6000000084024809176
6000000084032305396
6000000084033033860
6000000084207728260
6000000084209242541
6000000084210386937
6000000084297326476
6000000084332952045
6000000084349135056
6000000084349144055
6000000084349249111
6000000084349478898
6000000084428637959
6000000084435067858
6000000084438521821
6000000084443872768
6000000084446617029
6000000084446835873
6000000084457558821
6000000084595623372
6000000084628782978
6000000084765942836
6000000084786003923
6000000084788219037
6000000084791019330
6000000084792835863
6000000084805909624
6000000084806284525
6000000084816046863
6000000084830599099
6000000085000528996
6000000085054829908
6000000085088951844
6000000085089071870
6000000085089132850
6000000085089149824
6000000085089261821
6000000085114758522
6000000085115339008
6000000085115463892
6000000085116231987
6000000085116311105
6000000085116361954
6000000085116481282
6000000085118236204
6000000085118435112
6000000085118547706
6000000085118607954
6000000085118769821
6000000085118858667
6000000085118894773
6000000085118915114
6000000085119178928
6000000085119594231
6000000085120077836
6000000085131282112
6000000085131366031
6000000085132114893
6000000085133624021
6000000085133978882
6000000085134029882
6000000085140077936
6000000085144774911
6000000085144802130
6000000085145423158
6000000085145477903
6000000085145872873
6000000085145876284
6000000085145896248
6000000085146005821
6000000085146039921
6000000085146246865
6000000085146424847
6000000085147461034
6000000085147565907
6000000085147686857
6000000085147846841
6000000085151086140
6000000085154223992
6000000085202899612
6000000085203401382
6000000085204119100
6000000085204326077
6000000085207435270
6000000085208507935
6000000085242134875
6000000085242271825
6000000085252170887
6000000085290868091
6000000085292065979
6000000085292456906
6000000085292715861
6000000085293656994
6000000085294006878
6000000085294028896
6000000085294357821
6000000085297686101
6000000085297746023
6000000085297853056
6000000085298943059
6000000085299697851
6000000085299740869
6000000085306011043
6000000085306025105
6000000085306443031
6000000085309576141
6000000085310077069
6000000085310794854
6000000085310926821
6000000085311720018
6000000085312507879
6000000085312722821
6000000085314468997
6000000085314700885
6000000085314951842
6000000085315066836
6000000085318109856
6000000085318111860
6000000085325210142
6000000085348849158
6000000085349433886
6000000085380015075
6000000085380068869
6000000085380635955
6000000085481822170
6000000085538313990
6000000085538342968
6000000085538541885
6000000085538608866
6000000085539187970
6000000085539336196
6000000085539616051
6000000085539855038
6000000085541074872
6000000085541597868
6000000085542937006
6000000085616069225
6000000085616633971
6000000085618814960
6000000085627554401
6000000085627893177
6000000085647650905
6000000085707457968
6000000085710559905
6000000085710746851
6000000085824132821
6000000085924076840
6000000085929566025
6000000085975975071
6000000085976593977
6000000085977642886
6000000085977670094
6000000085977932837
6000000085978226833
6000000085978259952
6000000085978344821
6000000086123133988
6000000086130041243
6000000086130143235
6000000086130200207
6000000086130377561
6000000086130755920
6000000086130847916
6000000086130908938
6000000086131079830
6000000086131149857
6000000086131171886
6000000086131221847
6000000086131622012
6000000086131656029
6000000086131875926
6000000086131989923
6000000086132117892
6000000086132208849
6000000086132287830
6000000086132298822
6000000086170441889
6000000086170953077
6000000086171392944
6000000086304533256
6000000086304599138
6000000086305222862
6000000086305331949
6000000086306171033
6000000086432066042
6000000086474906193
6000000086475567165
6000000086475814905
6000000086476001911
6000000086476143833
6000000086476239876
6000000086476469869
6000000086476493877
6000000086590938183
6000000086591161073
6000000086591450944
6000000086597627987
6000000086618163822
6000000086688747879
6000000086691580896
6000000086705361948
6000000086842100942
6000000086842212900
6000000087165491847
6000000087176743974
6000000087176922975
6000000087176929099
6000000087177139895
6000000087177215877
6000000087177298872
6000000087177589869
6000000087323729905
6000000087324058874
6000000087428640012
6000000087429856840
6000000087462224918
6000000087462456002
6000000087462685947
6000000087463091822
6000000087463187851
6000000087463372870
6000000087464433839
6000000087465550846
6000000087468065821
6000000087468139880
6000000087468301861
6000000087468779940
6000000087468806844
6000000087473897162
6000000087475232875
6000000087475359834
6000000087475382885
6000000087475475835
6000000087475546828
6000000087475598825
6000000087475697906
6000000087475758843
6000000087475995902
6000000087476089867
6000000087476154826
6000000087476205839
6000000087476606827
6000000087477632821
6000000087478941901
6000000087479115880
6000000087479194821
6000000087479309882
6000000087479645858
6000000087479653871
6000000087479834825
6000000087481671945
6000000087484186826
6000000087484214855
6000000087484530873
6000000087484681868
6000000087484738870
6000000087484856821
6000000087488042884
6000000087496150933
6000000087502416112
6000000087526604879
6000000087535357291
6000000087596140080
6000000087674257958
6000000087674474054
6000000087741214926
6000000087899342200
6000000087899849064
6000000087899888009
6000000087900467870
6000000087903356316
6000000087903806240
6000000087904574087
6000000087904702857
6000000087904765910
6000000087904824915
6000000088092641913
6000000088194363827
6000000088195222847
6000000088195399847
6000000088515639151
6000000088516333907
6000000088580951823
6000000088600175028
6000000088750204421
6000000088752217821
6000000088813320599
6000000088820085922
6000000089082089110
6000000089117121821
6000000089140608005
6000000089141178845
6000000089141198908
6000000089141527885
6000000089141800898
6000000089141819882
6000000089142031831
6000000089153852884
6000000089154021857
6000000089155051884
6000000089165740275
6000000089166537992
6000000089166547829
6000000089166587950
6000000089166631009
6000000089166662128
6000000089167114904
6000000089167207833
6000000089167911877
6000000089171704992
6000000089171988019
6000000089204031944
6000000089211397842
6000000089211774370
6000000089244178954
6000000089258224931
6000000089337807852
6000000089337924821
6000000089417896976
6000000089418311903
6000000089481478891
6000000089481629821
6000000089482885269
6000000089484051073
6000000089484108973
6000000089484371984
6000000089574639076
6000000089574766839
6000000089574849871
6000000089669206930
6000000089669231968
6000000089798438550
6000000089821469835
6000000089821713852
6000000089859872927
6000000089903273945
6000000090019441086
6000000090067384958
6000000090081769053
6000000090093079014
6000000090183079848
6000000090183251864
6000000090231404394
6000000090231513248
6000000090290732378
6000000090369004671
6000000090372146870
6000000090372240906
6000000090391874265
6000000090396343126
6000000090396766975
6000000090455160967
6000000090458420851
6000000090499788163
6000000090499807251
6000000090501189827
6000000090501271824
6000000090521088844
6000000090634880821
6000000090669319853
6000000090669491837
6000000090673168980
6000000090673331057
6000000090673538926
6000000090673721908
6000000090691167062
6000000090726774888
6000000090808320385
6000000090868025079
6000000090908493898
6000000090948818875
6000000090949049030
6000000090949532972
6000000090950026833
6000000090973771042
6000000090975057863
6000000091017636828
6000000091020289868
6000000091022919004
6000000091029093873
6000000091078501821
6000000091078725831
6000000091081167821
6000000091081204829
6000000091113808821
6000000091144716982
6000000091228965439
6000000091231858303
6000000091252963856
6000000091253377861
6000000091255500821
6000000091343123203
6000000091345663829
6000000091348679263
6000000091350636959
6000000091377621049
6000000091377990038
6000000091387347000
6000000091394493998
6000000091395253833
6000000091395915963
6000000091396012028
6000000091396216957
6000000091396305940
6000000091396643910
6000000091396716858
6000000091396866826
6000000091498877124
6000000091498957304
6000000091499287336
6000000091499460016
6000000091499805132
6000000091499911085
6000000091500115029
6000000091500515842
6000000091502373139
6000000091502984907
6000000091503047897
6000000091503190889
6000000091503308828
6000000091503494940
6000000091503741855
6000000091503774877
6000000091525003065
6000000091525536068
6000000091525587107
6000000091525814902
6000000091526322958
6000000091526339970
6000000091526491838
6000000091526612901
6000000091528437842
6000000091528482930
6000000091529796831
6000000091601992357
6000000091604096360
6000000091604756821
6000000091605379281
6000000091606712077
6000000091608083032
6000000091608814928
6000000091609869945
6000000091610255175
6000000091640896849
6000000091640896863
6000000091640896866
6000000091640896869
6000000091643013841
6000000091674130913
6000000091677679850
6000000091727967007
6000000091974921126
6000000091980683843
6000000091982227979
6000000091982416858
6000000091982752821
6000000091985357150
6000000091986742940
6000000091995250821
6000000092095737399
6000000092096375251
6000000092096474092
6000000092096740388
6000000092097814919
6000000092371545821
6000000092376458832
6000000092524663821
6000000092625553891
6000000093339797114
6000000093429331484
6000000093499935146
6000000093571633821
6000000093691927530
6000000093692525416
6000000093692667437
6000000093692821763
6000000093692870682
6000000093693756289
6000000093695415001
6000000093695532042
6000000093695711236
6000000093696375013
6000000093696594214
6000000093697270902
6000000093991023906
6000000094314539014
6000000094315245234
6000000094315638194
6000000094521348105
6000000094522510821
6000000094524333845
6000000094524423864
6000000094524543821
6000000094524723821
6000000094525426839
6000000094529526821
6000000094640643845
6000000094725759821
6000000094891551876
6000000094893855852
6000000094959355836
6000000095082375154
6000000095083070966
6000000095086312989
6000000095352495024
6000000095353473846
6000000095368548901
6000000095369457833
6000000095421290007
6000000095422671989
6000000095468508858
6000000095654690857
6000000095729181148
6000000095729392017
6000000095783148821
6000000096328354129
6000000096525860840
6000000097031234976
6000000097161608003
6000000097161967981
6000000097298904897
6000000097492198369
6000000097492856018
6000000097493008988
6000000097493122961
6000000097494134878
6000000097494272266
6000000097495749120
6000000097498074843
6000000097500443932
6000000097500558909
6000000097500761043
6000000097501146918
6000000097501263826
6000000097501275120
6000000097501585185
6000000097501962888
6000000097502832857
6000000097503314860
6000000097504215123
6000000097504915917
6000000097505829872
6000000097507248119
6000000097507713982
6000000097507793054
6000000097507810063
6000000097508707045
6000000097509546859
6000000097510240851
6000000097510317857
6000000097558829821
6000000098025201915
6000000098025631840
6000000098039502851
6000000098041130903
6000000098045497921
6000000098310423842
6000000098959145821
6000000099598528843
6000000099598558844
6000000099598558850
6000000099747138258
6000000099748391868
6000000099748618844
6000000099748638948
6000000099788823887
6000000099811432821
6000000099958977822
6000000099958977828
6000000099958977843
6000000099958977910
6000000099958977924
6000000099958977965
6000000099969598840
6000000099970126841
6000000100082504307
6000000100165346924
6000000100251481277
6000000100252752965
6000000100296408844
6000000100297783887
6000000100733843835
6000000100747968016
6000000100748233893
6000000100748710875
6000000100749358839
6000000100749573877
6000000100753848851
6000000100753902824
6000000100808675944
6000000100850467043
6000000100966205885
6000000101087429869
6000000101265680832
6000000101839393020
6000000101845464905
6000000101845514034
6000000102328032029
6000000102328043963
6000000102330105845
6000000102574381075
6000000102575409880
6000000102576257843
6000000102743364051
6000000103633571840
6000000103658047832
6000000103658089899
6000000103659726891
6000000103660861821
6000000103663375977
6000000103663972852
6000000103664084873
6000000103771512985
6000000103772193099
6000000103772621938
6000000103772831866
6000000103788287839
6000000103796445858
6000000103796780821
6000000103850370194
6000000103850475389
6000000103851141911
6000000103851401052
6000000103851530997
6000000103852330018
6000000103852348144
6000000103857288063
6000000103857977825
6000000103915140219
6000000103915419196
6000000103915940017
6000000103916104951
6000000103916155008
6000000103916449878
6000000103916497869
6000000103942220910
6000000103957478343
6000000103959619822
6000000104003819982
6000000104004211894
6000000104124392111
6000000104569341852
6000000104573485822
6000000104573485858
6000000104607544822
6000000104607544837
6000000104607957850
6000000104629345211
6000000105566972835
6000000105780299038
6000000105781566938
6000000105783536231
6000000105785278011
6000000105786956930
6000000105791129872
6000000105796148842
6000000106180771077
6000000106182237848
6000000106186269822
6000000106186269828
6000000106310715825
6000000106385921821
6000000106410531822
6000000106410707953
6000000106439125938
6000000106540126821
6000000107453860105
6000000107454684027
6000000107455104038
6000000107538147259
6000000107538580226
6000000107538749886
6000000107539007037
6000000107540057873
6000000107540104855
6000000107540334841
6000000107551796059
6000000107552885946
6000000107555410874
6000000107555441843
6000000107555768833
6000000107561971040
6000000107569194118
6000000107690662846
6000000107798040849
6000000107801353106
6000000107801468832
6000000107803685881
6000000107839921854
6000000107840333885
6000000107843026821
6000000107843934821
6000000107947055882
6000000108322400841
6000000108610385917
6000000108610761075
6000000108611943958
6000000108612069951
6000000108612435930
6000000108612541821
6000000108655780018
6000000108656744948
6000000108657364838
6000000108695050165
6000000108700434403
6000000108701060493
6000000108707343948
6000000108833643825
6000000108861813023
6000000108874789980
6000000109024116883
6000000109040636117
6000000109041711825
6000000109043725549
6000000109043858229
6000000109043967441
6000000109050149176
6000000109050506154
6000000109050644159
6000000109050750106
6000000109050771886
6000000109050846078
6000000109050921012
6000000109050965971
6000000109050989929
6000000109051209855
6000000109089255829
6000000109108609850
6000000109108659876
6000000109116197868
6000000109116519823
6000000109121210827
6000000109149325961
6000000109150227983
6000000109150484827
6000000109153172822
6000000109260335572
6000000109262022975
6000000109266356944
6000000109293774877
6000000109296103995
6000000109313729860
6000000109388862842
6000000109506373004
6000000109650747948
6000000109724568984
6000000109725492821
6000000109767430849
6000000109791627853
6000000109791627857
6000000109791627873
6000000109791627877
6000000109896128821
6000000110059395875
6000000110292568015
6000000110292969823
6000000110292996823
6000000110428863125
6000000110430209887
6000000110430271843
6000000110455678833
6000000110456086845
6000000110456268974
6000000110456308847
6000000110456702833
6000000110500057853
6000000110555710842
6000000110555797848
6000000110556354821
6000000110587681927
6000000110644309876
6000000110644379879
6000000110655513150
6000000110659041904
6000000111317410882
6000000111420670913
6000000111439553822
6000000111451810930
6000000111451810939
6000000111567381914
6000000111567640902
6000000111568024963
6000000111569220849
6000000111569587822
6000000111571913870
6000000111574445904
6000000111575746977
6000000111808740895
6000000111809895866
6000000111815192914
6000000111815300906
6000000111954044019
6000000111954044025
6000000111954044171
6000000111954044177
6000000111954044182
6000000111954044188
6000000111954044194
6000000111954044317
6000000111955003010
6000000111955383822
6000000111955630824
6000000112135429866
6000000112273756109
6000000112274408014
6000000112416481938
6000000112448404061
6000000112460550863
6000000112461090847
6000000112461258824
6000000112465865929
6000000112469405978
6000000112470237839
6000000112470296852
6000000112470336920
6000000112470338858
6000000112470384833
6000000112470477822
6000000112470495822
6000000112470757851
6000000112470918840
6000000112470984823
6000000112524750870
6000000112729698837
6000000112730040821
6000000112849646875
6000000112849953845
6000000112867536639
6000000113150037097
6000000113150045532
6000000113150249035
6000000113151991821
6000000113152196895
6000000113161650963
6000000113162198904
6000000113162231832
6000000113164681836
6000000113183618396
6000000113185129024
6000000113185344943
6000000113185709855
6000000113185741892
6000000113185840849
6000000113186121903
6000000113186159821
6000000113186204838
6000000113186344825
6000000113186364833
6000000113189787879
6000000113190144821
6000000113307656238
6000000113712940988
6000000113880554837
6000000114042718956
6000000114072631776
6000000114074196118
6000000114074407890
6000000114074670860
6000000114075136023
6000000114769849954
6000000114770530843
6000000114815850124
6000000114816778838
6000000114816982832
6000000114817839845
6000000114862408093
6000000114863771883
6000000114899545838
6000000114900243821
6000000114904524842
6000000114908796828
6000000114912335822
6000000115012756829
6000000115179540391
6000000115181137914
6000000115181396830
6000000115181454856
6000000115181569880
6000000115184372832
6000000115184661843
6000000115209788857
6000000115219538942
6000000115227830965
6000000115251750178
6000000115252954861
6000000115253853875
6000000115310403892
6000000115310521849
6000000115311122831
6000000115311392405
6000000115311512050
6000000115311613394
6000000115311622874
6000000115311797131
6000000115312653996
6000000115313244880
6000000115313276887
6000000115313549827
6000000115345881850
6000000115414607102
6000000115430050061
6000000115430071104
6000000115430235821
6000000115430330835
6000000115430601862
6000000115431164866
6000000115431323880
6000000115431383836
6000000115431608962
6000000115431784821
6000000115431871834
6000000115432265878
6000000115432379036
6000000115432726824
6000000115540143862
6000000115567624862
6000000115567914829
6000000115568095821
6000000115568334848
6000000115570182844
6000000115698486856
6000000115825521170
6000000115828480821
6000000115828531821
6000000115833731881
6000000116230340988
6000000116354293868
6000000116367945176
6000000116694298987
6000000116751126833
6000000116751173945
6000000116849583936
6000000116853453868
6000000116854010899
6000000116854143854
6000000116886646962
6000000116886689837
6000000116887082859
6000000116887345881
6000000116887428016
6000000116887507830
6000000116887912833
6000000116888179827
6000000116888297906
6000000116888363860
6000000116890393930
6000000116890625887
6000000116968783944
6000000116987925860
6000000117624482924
6000000117624729838
6000000117625041829
6000000117625208854
6000000117625216822
6000000117625226874
6000000117625276841
6000000117625518827
6000000117625968143
6000000117636584876
6000000117636754081
6000000117637052906
6000000117638785880
6000000117639746994
6000000117640067021
6000000117640354928
6000000117678818860
6000000117679356821
6000000117679940923
6000000117680433827
6000000117681064841
6000000117681355821
6000000117715484864
6000000117716156846
6000000117716210946
6000000117716340922
6000000117748196046
6000000117748799848
6000000117834819835
6000000117836359938
6000000117836396981
6000000117836420918
6000000117836481935
6000000117836975884
6000000117837117841
6000000117837526902
6000000117837845916
6000000117838101942
6000000117838165920
6000000118181858575
6000000118208983991
6000000118209393853
6000000118209514877
6000000118209930891
6000000118210004823
6000000118288677821
6000000118370440016
6000000118370519165
6000000118371511857
6000000118371578835
6000000118371745843
6000000118371858011
6000000118371985912
6000000118372185834
6000000118402179068
6000000118847091857
6000000119028768947
6000000119331749031
6000000119776424821
6000000119783747841
6000000120078998844
6000000120078998855
6000000120078998867
6000000120598293845
6000000120661651780
6000000120689704896
6000000120690349873
6000000120692984821
6000000120693550821
6000000121129140979
6000000121129695965
6000000121129738915
6000000121130089821
6000000121130139915
6000000121238979897
6000000121252966857
6000000121253009855
6000000121558725939
6000000121601697975
6000000121951854503
6000000122213809833
6000000122412915821
6000000122450336924
6000000122450710840
6000000122451193867
6000000122453431828
6000000122453716915
6000000122453956840
6000000122503262852
6000000122507038920
6000000122508468889
6000000122508538924
6000000122727811849
6000000122768616012
6000000122768976916
6000000122769710821
6000000122769787826
6000000122769940822
6000000123047170838
6000000123069268892
6000000123073041822
6000000123078099866
6000000123080353821
6000000123230798444
6000000123295484882
6000000123295545939
6000000123496009966
6000000123501399170
6000000123501992957
6000000123502017029
6000000123502343836
6000000123502719014
6000000123502729043
6000000123502904821
6000000123502965898
6000000123745045923
6000000123934327939
6000000123950791848
6000000124211153841
6000000124241794319
6000000124252807015
6000000124256799944
6000000124318814767
6000000124321753092
6000000124321958893
6000000124322089966
6000000124322423870
6000000124322864880
6000000124322901968
6000000124323134944
6000000124352963834
6000000124353101959
6000000124354610846
6000000124357228008
6000000124357231025
6000000124357512037
6000000124358041989
6000000124358058922
6000000124358091999
6000000124358443018
6000000124358443822
6000000124369641009
6000000124483205863
6000000124483782929
6000000124483797835
6000000124601549142
6000000124606159833
6000000124606635821
6000000124607585821
6000000124612701822
6000000124614089821
6000000124800239045
6000000124801302931
6000000124802044880
6000000124802375862
6000000124978842381
6000000124979378601
6000000124979642122
6000000124980924906
6000000124981075871
6000000124981291852
6000000124981387012
6000000124981608822
6000000124982034875
6000000125029055866
6000000125029643988
6000000125042481219
6000000125042733386
6000000125042945172
6000000125043370833
6000000125043475908
6000000125043482609
6000000125043789005
6000000125043829859
6000000125043885838
6000000125044048507
6000000125044163924
6000000125044262821
6000000125044432006
6000000125044478879
6000000125044500851
6000000125044504831
6000000125044505034
6000000125044721889
6000000125044836024
6000000125044877903
6000000125045007911
6000000125045050908
6000000125045438821
6000000125045524832
6000000125045533880
6000000125045585911
6000000125045729853
6000000125045774901
6000000125045947876
6000000125046285840
6000000125046459114
6000000125046563875
6000000125046581830
6000000125046748027
6000000125046895896
6000000125046899862
6000000125047083925
6000000125047152848
6000000125047171989
6000000125047183822
6000000125047387914
6000000125047399880
6000000125047644882
6000000125047742821
6000000125047831886
6000000125047838841
6000000125048388999
6000000125048493908
6000000125048815843
6000000125049204875
6000000125049247824
6000000125049515821
6000000125051658821
6000000125173996923
6000000125178032864
6000000125190386009
6000000125190449911
6000000125190567901
6000000125190629914
6000000125190679974
6000000125190831869
6000000125190839907
6000000125190846869
6000000125190856841
6000000125190905887
6000000125190929888
6000000125191133942
6000000125199352888
6000000125268211421
6000000125268897150
6000000125269691106
6000000125269860073
6000000125269969231
6000000125270022177
6000000125270108060
6000000125270324995
6000000125270591050
6000000125270680974
6000000125270778844
6000000125270849051
6000000125270860827
6000000125271047825
6000000125271083863
6000000125271122821
6000000125345917365
6000000125350646905
6000000125351213891
6000000125351215989
6000000125351260996
6000000125351350855
6000000125351501821
6000000125351742821
6000000125351856857
6000000125351866839
6000000125352125841
6000000125352136822
6000000125352524835
6000000125352724864
6000000125353469821
6000000125353485857
6000000125354123827
6000000125354738821
6000000125382345934
6000000125382584880
6000000125434943923
6000000125436885824
6000000125437837884
6000000125438856840
6000000125439389827
6000000125440060833
6000000125440510821
6000000125440824836
6000000125441360830
6000000125442973826
6000000125443213826
6000000125596855894
6000000125659986246
6000000125667272119
6000000125671097826
6000000125672032843
6000000125672968833
6000000125674152834
6000000125679514067
6000000125680305968
6000000125681377831
6000000125682205821
6000000125682832821
6000000125685726826
6000000125687043821
6000000125688863822
6000000125689322821
6000000125690287829
6000000125690648829
6000000125692073821
6000000125692793836
6000000125841024846
6000000125865914909
6000000125875159847
6000000126031041862
6000000126031334822
6000000126032075821
6000000126169972892
6000000126171809050
6000000126201631893
6000000126233706917
6000000126265238063
6000000126265979949
6000000126290441833
6000000126290895937
6000000126291997822
6000000126292505821
6000000126473201050
6000000126474150842
6000000126474350821
6000000126474686209
6000000126475000026
6000000126475499940
6000000126476063833
6000000126476424851
6000000126476770832
6000000126476890857
6000000126476892821
6000000126476941845
6000000126477227821
6000000126478845848
6000000126478869843
6000000126479126872
6000000126490810907
6000000126492435829
6000000126493136833
6000000126497547911
6000000126499568826
6000000126501040825
6000000126588013833
6000000126644378275
6000000126645024200
6000000126646584016
6000000126647100955
6000000126647185082
6000000126647234969
6000000126647277864
6000000126647296034
6000000126647380874
6000000126647386880
6000000126647516973
6000000126647553002
6000000126647656999
6000000126647686890
6000000126647717837
6000000126647807881
6000000126647821934
6000000126647922823
6000000126647947853
6000000126648192858
6000000126648524843
6000000126671097128
6000000126671590893
6000000126671781885
6000000126671791881
6000000126671854828
6000000126705730197
6000000126707087854
6000000126707272973
6000000126707860844
6000000126708029827
6000000126708042828
6000000126708080891
6000000126708337846
6000000126708429844
6000000126708436879
6000000126833152832
6000000126864915890
6000000127112940318
6000000127115679590
6000000127116847979
6000000127118521156
6000000127118930101
6000000127120248845
6000000127120507831
6000000127120715936
6000000127120742909
6000000127121623823
6000000127121946840
6000000127122216823
6000000127123041846
6000000127123465836
6000000127123544162
6000000127123547928
6000000127124053868
6000000127124459912
6000000127125419967
6000000127125532821
6000000127125553858
6000000127126209821
6000000127126413821
6000000127126571844
6000000127126635878
6000000127126727108
6000000127127178821
6000000127127718833
6000000127127843032
6000000127127996856
6000000127128056821
6000000127128723836
6000000127128737822
6000000127128793827
6000000127129765852
6000000127129921840
6000000127130691841
6000000127130801821
6000000127131170825
6000000127131909821
6000000127132017844
6000000127132810821
6000000127133054821
6000000127208892828
6000000127208895831
6000000127302379826
6000000127314445823
6000000127320216161
6000000127360885887
6000000127620779864
6000000127621215821
6000000127628674623
6000000127629283080
6000000127629614076
6000000127629848922
6000000127629998920
6000000127630232911
6000000127630311955
6000000127630340942
6000000127630382902
6000000127630433875
6000000127630645016
6000000127630662191
6000000127630947821
6000000127631059908
6000000127631184865
6000000127631207934
6000000127631251822
6000000127631294858
6000000127631295841
6000000127631380031
6000000127631702858
6000000127631762947
6000000127631789883
6000000127631832909
6000000127631862871
6000000127631869854
6000000127631901885
6000000127631939884
6000000127631940885
6000000127632078976
6000000127632370892
6000000127632536928
6000000127632952919
6000000127632968992
6000000127633211856
6000000127633277850
6000000127633385000
6000000127633517147
6000000127633566895
6000000127633635009
6000000127633783884
6000000127633933840
6000000127633941344
6000000127634007993
6000000127634205841
6000000127634308997
6000000127634337871
6000000127634348939
6000000127634376101
6000000127634392823
6000000127634644039
6000000127634788962
6000000127634836845
6000000127634981928
6000000127635105833
6000000127635185099
6000000127635207833
6000000127635211141
6000000127635261928
6000000127635347043
6000000127635441859
6000000127635442872
6000000127635489821
6000000127635525827
6000000127635537833
6000000127635640099
6000000127635697962
6000000127635751905
6000000127635809850
6000000127635931832
6000000127636079870
6000000127636189851
6000000127636316838
6000000127636811875
6000000127636930945
6000000127636952906
6000000127637004900
6000000127637040905
6000000127637042113
6000000127637068821
6000000127637160822
6000000127637239993
6000000127637287319
6000000127637370857
6000000127637498829
6000000127637675906
6000000127637695898
6000000127637742823
6000000127637765914
6000000127637814870
6000000127637958837
6000000127638057821
6000000127638105847
6000000127638144834
6000000127639423766
6000000127641277191
6000000127642229340
6000000127642262035
6000000127642605486
6000000127642683549
6000000127642683650
6000000127642779050
6000000127642826150
6000000127642894028
6000000127643004427
6000000127643119920
6000000127643246855
6000000127643286017
6000000127643409940
6000000127643416906
6000000127643517877
6000000127643563940
6000000127643621185
6000000127643641873
6000000127643657088
6000000127643672821
6000000127643701038
6000000127643975866
6000000127644306949
6000000127644307860
6000000127644386925
6000000127644391913
6000000127644546822
6000000127644973887
6000000127645163848
6000000127645241883
6000000127645243899
6000000127645309878
6000000127645583867
6000000127645744889
6000000127645857821
6000000127647779973
6000000127648125823
6000000127648195827
6000000127761933841
6000000127762416822
6000000127763244821
6000000127763544821
6000000127763687821
6000000127911889885
6000000127914426834
6000000127927769940
6000000127928245839
6000000127928404853
6000000127928483134
6000000127928496918
6000000127928616999
6000000127928730858
6000000127929263828
6000000127929266887
6000000127929475845
6000000127929719868
6000000127930370821
6000000127930398841
6000000127930417828
6000000127930525844
6000000127931043834
6000000127931124834
6000000127931960826
6000000127931962839
6000000127932282821
6000000127932469821
6000000127932740871
6000000127933013865
6000000127933024824
6000000127933117853
6000000127933416823
6000000128355897827
6000000128490543971
6000000128640888001
6000000128815744833
6000000129278288094
6000000129317231883
6000000129325616902
6000000129562486879
6000000129562981070
6000000129563692871
6000000129563890855
6000000130190932131
6000000130191415893
6000000130191495876
6000000130191651883
6000000130191678854
6000000130191739835
6000000130191833833
6000000130192073908
6000000130226903866
6000000130334880884
6000000130543798843
6000000130985726894
6000000131051734880
6000000131325826821
6000000131473971969
6000000131567750864
6000000131720709882
6000000131754244879
6000000131755476969
6000000131756364846
6000000131756739897
6000000131758449877
6000000131775401846
6000000131776951847
6000000132428144179
6000000132428809006
6000000132429197861
6000000132429530824
6000000132479663271
6000000132482799998
6000000132482831941
6000000132483107933
6000000132483125888
6000000132483565840
6000000132484574829
6000000132634090821
6000000133028952821
6000000133765598244
6000000133886840260
6000000133887538957
6000000134328771960
6000000134329694963
6000000134329934862
6000000134329973850
6000000134548358981
6000000134679700821
6000000134689138858
6000000134767998835
6000000134768446948
6000000134883070832
6000000134926929834
6000000134926929842
6000000135068971881
6000000135070390879
6000000135070706950
6000000135071006837
6000000135076465996
6000000135085525917
6000000135085906849
6000000135097568898
6000000135098887868
6000000135257191294
6000000135559011899
6000000135615503972
6000000135829872908
6000000136273324102
6000000136293980320
6000000136297715850
6000000136770394060
6000000136852257824
6000000136924525273
6000000136942308902
6000000136977358888
6000000137037352868
6000000137037353824
6000000137037505822
6000000137039913845
6000000137039955843
6000000137040915860
6000000137041239821
6000000137122019927
6000000137123045821
6000000137242357840
6000000137336779052
6000000137337178960
6000000137338510821
6000000137340494970
6000000137340750965
6000000137340772969
6000000137340798928
6000000137341524821
6000000137344161833
6000000137344322832
6000000137381877824
6000000137383508821
6000000137383703842
6000000137435259821
6000000137435567821
6000000137538938895
6000000137538966852
6000000138014624822
6000000138014624882
6000000138014624885
6000000138020817911
6000000138122822868
6000000138123326944
6000000138123653847
6000000138123712857
6000000138123801824
6000000138123926839
6000000138123945841
6000000138124168089
6000000138125075824
6000000138218090822
6000000138218381840
6000000138221722821
6000000138232217840
6000000138402509870
6000000138402768834
6000000138403595821
6000000138552920895
6000000138611685349
6000000138613564010
6000000138613600024
6000000138613753861
6000000138614102899
6000000138621731922
6000000138622393845
6000000138747883887
6000000139198812861
6000000139199011821
6000000139199122838
6000000139199327838
6000000139199345833
6000000139327235829
6000000139330242833
6000000139508142188
6000000139510846968
6000000139628733884
6000000139822190821
6000000139830380821
6000000139885460180
6000000139893912229
6000000140026904326
6000000140029666879
6000000140029711965
6000000140035059114
6000000140036866899
6000000140223000978
6000000140223076946
6000000140434694878
6000000140551191821
6000000140689965871
6000000140712840845
6000000140712910874
6000000140713096871
6000000140713322825
6000000140733660882
6000000140741925912
6000000140753510945
6000000140755224927
6000000140756475882
6000000140758170160
6000000140769743872
6000000141000401400
6000000141002696047
6000000141003125853
6000000141003424824
6000000141047665829
6000000141072154498
6000000141073158931
6000000141073168927
6000000141073184911
6000000141073490835
6000000141073841173
6000000141074473879
6000000141074597829
6000000141074675824
6000000141075028904
6000000141075392898
6000000141075440843
6000000141075455835
6000000141075561821
6000000141142393031
6000000141143323895
6000000141355602940
6000000141356216910
6000000141356428884
6000000141367596949
6000000141556533821
6000000141564467958
6000000141565682853
6000000141565903830
6000000141580603856
6000000141812424821
6000000141949780949
6000000141978267554
6000000141978939507
6000000141980676939
6000000141980814017
6000000141981062916
6000000141981334871
6000000141981557961
6000000141981648952
6000000142033847838
6000000142033847842
6000000142135668821
6000000142239953823
6000000142240832872
6000000142438533145
6000000142439388014
6000000142439539977
6000000142439911903
6000000142440250873
6000000142440607821
6000000142444319932
6000000142480793821
6000000142681382846
6000000142818643111
6000000142832767824
6000000142836263827
6000000142893464835
6000000143116972306
6000000143117377341
6000000143117460051
6000000143117663991
6000000143117889046
6000000143118342005
6000000143118471830
6000000143118899845
6000000143118946846
6000000143160738994
6000000143161283864
6000000143203951033
6000000143242586920
6000000143322696232
6000000143704034821
6000000143756546835
6000000143818019904
6000000143818134873
6000000143818362822
6000000143818593908
6000000143819079871
6000000143819097280
6000000143819170829
6000000143820068061
6000000143820279972
6000000143820703833
6000000143840494892
6000000143942873864
6000000144033403896
6000000144162299716
6000000144163309124
6000000144164624857
6000000144164756075
6000000144164780842
6000000144164849938
6000000144164953930
6000000144164994830
6000000144165361098
6000000144165695960
6000000144165832976
6000000144166168915
6000000144166192006
6000000144166463897
6000000144166463940
6000000144166777867
6000000144166839906
6000000144166839911
6000000144166855874
6000000144167004859
6000000144167076876
6000000144167129832
6000000144167214865
6000000144167320867
6000000144167476835
6000000144167505831
6000000144167582821
6000000144167585830
6000000144487156827
6000000144488149854
6000000144610930830
6000000144612359821
6000000144613479821
6000000144613759821
6000000144613887821
6000000144613978821
6000000144656519330
6000000144658001122
6000000144658107916
6000000144662201041
6000000144662763031
6000000144663401889
6000000144663435022
6000000144663473926
6000000144663612902
6000000144663826853
6000000144663912873
6000000144664236978
6000000144664759835
6000000144725974195
6000000144726674041
6000000144727249127
6000000144727574946
6000000144728005832
6000000144729921015
6000000144745778920
6000000144746274849
6000000144746456821
6000000144777535262
6000000144779499889
6000000144780341862
6000000144786650028
6000000144787744960
6000000144788232888
6000000144788301878
6000000144788399911
6000000144788576860
6000000144794026060
6000000144814223930
6000000145017488065
6000000145018537821
6000000145347783998
6000000145851848963
6000000145852054969
6000000145852120051
6000000145852541833
6000000145871337870
6000000145887359855
6000000145912429834
6000000145922865263
6000000145925169821
6000000145929408201
6000000145929873934
6000000145930111837
6000000145930176029
6000000145930637940
6000000145930879844
6000000145949513826
6000000145949600821
6000000146307612110
6000000146308031906
6000000146308407821
6000000146308633870
6000000146309075827
6000000146358130833
6000000146361026821
6000000146361855833
6000000146366200821
6000000146583752828
6000000146583752836
6000000146583752840
6000000146583752866
6000000146583752887
6000000146583752899
6000000146583753158
6000000146583753191
6000000146765580924
6000000146767646821
6000000146767763829
6000000146768967838
6000000146782459821
6000000146786747871
6000000146796020914
6000000146807627873
6000000146999134952
6000000146999358862
6000000146999433846
6000000146999755853
6000000147121329863
6000000147222071833
6000000147271776821
6000000147431228004
6000000147635318840
6000000147687112437
6000000147708195004
6000000147709248019
6000000147709765873
6000000147710195891
6000000147710248824
6000000147710334834
6000000147710405879
6000000147710495832
6000000147710512832
6000000147710517845
6000000147710785821
6000000147798365860
6000000148105957897
6000000148110534836
6000000148111171914
6000000148345422883
6000000148345606872
6000000148532576834
6000000148740651871
6000000148749101044
6000000148803889821
6000000148804006822
6000000148860981474
6000000148862397970
6000000148862669877
6000000148862789178
6000000148864653586
6000000148865368171
6000000148865493081
6000000148866058895
6000000148866328859
6000000148866397821
6000000148938994822
6000000149544096451
6000000149547734843
6000000149547744941
6000000149547896824
6000000149553869828
6000000149565006851
6000000149566086936
6000000149588453851
6000000149614422141
6000000149615868006
6000000149640194864
6000000149640496834
6000000149648899862
6000000149776856822
6000000149819946863
6000000149919074934
6000000149919860905
6000000149963899867
6000000150122736821
6000000150598217979
6000000150600615934
6000000150603237964
6000000150603237973
6000000150643249880
6000000150643617846
6000000150770872100
6000000150770885116
6000000150770923013
6000000150770979000
6000000150770986158
6000000150771026092
6000000150771028138
6000000150771079077
6000000150771104071
6000000150771136053
6000000150771190096
6000000150771195134
6000000150771196072
6000000150771216025
6000000150771222072
6000000150771312050
6000000150771325148
6000000150771408063
6000000150771441980
6000000150771610991
6000000150771610996
6000000150771620988
6000000150771703951
6000000150771711941
6000000150771765934
6000000150771798860
6000000150771805889
6000000150771874854
6000000150771891865
6000000150771943896
6000000150771977822
6000000150772004847
6000000150772005828
6000000150772076821
6000000150772165821
6000000150856775012
6000000150865485912
6000000150866158821
6000000150866258830
6000000150898122988
6000000151128410044
6000000151135996868
6000000151136442849
6000000151331230849
6000000151411862914
6000000151520982029
6000000151521739961
6000000151655895416
6000000151657673925
6000000151657770863
6000000151969459829
6000000151969821829
6000000152711256852
6000000152711287939
6000000152788282837
6000000153230684859
6000000153591717980
6000000153592623908
6000000153593065842
6000000153636384832
6000000153641908833
6000000153682640822
6000000153683912885
6000000153685736821
6000000153707258902
6000000153921968987
6000000153925658821
6000000154016583830
6000000154156222833
6000000154156468837
6000000154156818821
6000000154672802899
6000000154672930967
6000000154805249833
6000000154825138822
6000000154825564821
6000000154830597821
6000000154831261821
6000000154836908895
6000000154838255821
6000000154879224821
6000000156595438860
6000000156622451854
6000000156622798859
6000000156623095888
6000000156623163846
6000000156623852821
6000000156624160835
6000000156641666845
6000000156643768821
6000000156644055821
6000000157579050923
6000000158323956896
6000000158324107846
6000000158324352827
6000000158797983821
6000000159065345821
6000000159067158822
6000000159126943878
6000000159226530833
6000000159631987852
6000000159633130821
6000000159633344829
6000000159634148822
6000000159634414836
6000000159634525821
6000000159831123830
6000000160346991821
6000000160347356823
6000000160361429829
6000000161721983843
6000000161721983869
6000000161721983924
6000000161721983981
6000000161721983987
6000000161721983993
6000000161721984001
6000000162547013822
6000000162635690821
6000000162915518829
6000000163427272047
6000000163427856827
6000000163441491887
6000000163564515946
6000000163633372846
6000000163634239821
6000000163853540931
6000000164493563868
6000000164494301839
6000000164563421835
6000000164564095825
6000000164592172827
6000000164699597833
6000000164914041015
6000000164953845843
6000000164954081929
6000000164967486869
6000000165034731014
6000000165035491878
6000000165175026863
6000000165175091852
6000000165352428063
6000000165445194821
6000000165530404161
6000000165532118248
6000000165534078914
6000000165548828018
6000000165554657837
6000000166019359827
6000000166019989864
6000000166197652199
6000000166199009886
6000000166410928961
6000000166410951845
6000000166410956027
6000000166410973011
6000000166411125948
6000000166411231861
6000000166411289934
6000000166411417930
6000000166411475907
6000000166662827902
6000000167187250821
6000000167562854111
6000000167579200874
6000000167579700825
6000000168052043837
6000000168135037169
6000000168135707914
6000000168135713226
6000000168137647067
6000000168149304845
6000000168149589898
6000000168149703885
6000000168150553854
6000000168150698821
6000000168150964833
6000000168151118892
6000000168151133821
6000000168151187838
6000000168151531822
6000000168151594846
6000000168151891821
6000000168766556821
6000000168920067178
6000000168957509950
6000000168970205821
6000000168976520847
6000000168980167926
6000000168987225495
6000000169037819865
6000000169211931829
6000000169273464505
6000000169286805660
6000000169296503099
6000000169296943003
6000000169307726411
6000000169307932052
6000000169308077031
6000000169308077092
6000000169308362832
6000000169311275338
6000000169312472902
6000000169312472940
6000000169593822111
6000000169611599304
6000000169651622918
6000000169800643194
6000000169800707194
6000000169801068882
6000000169803198998
6000000170046708908
6000000170273684821
6000000170343079856
6000000170677926199
6000000170679618867
6000000171496433047
6000000171720264126
6000000171735195276
6000000171735197155
6000000171736751239
6000000171737171253
6000000171737311898
6000000171737773857
6000000171737818836
6000000171737856833
6000000171737943831
6000000171738346824
6000000171751788089
6000000171752051841
6000000171797517109
6000000171798044111
6000000171809163370
6000000171809909070
6000000171810201894
6000000171871967204
6000000171932337972
6000000171932774892
6000000171936177097
6000000171936636363
6000000171937339983
6000000171937572868
6000000171937630268
6000000171937675223
6000000171937744228
6000000171938131140
6000000171938297917
6000000171938494254
6000000171938608821
6000000172021070916
6000000172079513313
6000000172079699014
6000000172079931011
6000000172198659903
6000000172198753902
6000000172198865850
6000000172204836212
6000000172226224822
6000000172319835629
6000000172374371048
6000000172492341585
6000000172720987000
6000000172722752869
6000000172723046290
6000000172735284353
6000000172789054949
6000000172864934408
6000000172865838903
6000000172868260862
6000000172869805062
6000000172874965058
6000000172883396683
6000000172884086198
6000000172905004437
6000000173013733069
6000000173035518346
6000000173139788139
6000000173176873892
6000000173185838235
6000000173198526213
6000000173210865417
6000000173212483011
6000000173283562954
6000000173392286594
6000000173392712381
6000000173392830548
6000000173393549258
6000000173393952303
6000000173393980248
6000000173394137142
6000000173394497998
6000000173394501977
6000000173394553845
6000000173398495863
6000000173423391097
6000000173443464840
6000000173443464852
6000000173443464858
6000000173443464864
6000000173483219101
6000000173483533910
6000000173547982676
6000000173569538234
6000000173570088094
6000000173572833233
6000000173573543089
6000000173573789881
6000000173574066821
6000000173574640028
6000000173574910826
6000000173575956850
6000000173576106847
6000000173585096543
6000000173586036221
6000000173592610868
6000000173611846238
6000000173611856201
6000000173612107098
6000000173612392965
6000000173629091412
6000000173632823978
6000000173633196840
6000000173639342899
6000000173639708402
6000000173640592226
6000000173640767845
6000000173641244894
6000000173644000967
6000000173645320834
6000000173673136997
6000000173680843846
6000000173706890931
6000000173713743961
6000000173724090291
6000000173741938636
6000000173742112723
6000000173742357155
6000000173742440940
6000000173743551050
6000000173746380144
6000000173746425203
6000000173747609857
6000000173747658846
6000000173779974889
6000000173781181412
6000000173783976967
6000000173787459318
6000000173787790889
6000000173789654827
6000000173845596070
6000000173863540445
6000000173907762193
6000000173918333849
6000000173931060239
6000000173996184792
6000000173996404215
6000000173997880982
6000000173998190025
6000000173998264828
6000000174029050498
6000000174030443826
6000000174035178853
6000000174058250275
6000000174170429077
6000000174173001953
6000000174239616663
6000000174255734842
6000000174261242573
6000000174261373992
6000000174262650830
6000000174262686762
6000000174262748804
6000000174262881209
6000000174262957821
6000000174263183838
6000000174263742250
6000000174263863304
6000000174263950826
6000000174264453958
6000000174264468951
6000000174264515986
6000000174264724213
6000000174264953822
6000000174265274828
6000000174268735518
6000000174270477976
6000000174270936894
6000000174273718850
6000000174274013872
6000000174303875024
6000000174307154865
6000000174319702423
6000000174335369913
6000000174400670962
6000000174405523297
6000000174413541062
6000000174413946289
6000000174414197082
6000000174414371841
6000000174458033993
6000000174516060808
6000000174517960867
6000000174519188833
6000000174519228838
6000000174533289838
6000000174533434827
6000000174574484852
6000000174612753891
6000000174665429896
6000000174691610143
6000000174809813865
6000000174810314834
6000000174828731592
6000000174830116953
6000000174830206866
6000000174838753443
6000000174838762462
6000000174838937131
6000000174839404465
6000000174839589198
6000000174840695140
6000000174840751834
6000000174840885855
6000000174841030038
6000000174853788258
6000000174932596342
6000000175087828004
6000000175090577949
6000000175090734048
6000000175091342992
6000000175091519854
6000000175091604840
6000000175104559253
6000000175105442991
6000000175105612389
6000000175107504533
6000000175107705617
6000000175107725263
6000000175107813776
6000000175108167369
6000000175108330117
6000000175108495137
6000000175108607223
6000000175108825932
6000000175235637451
6000000175261523715
6000000175292722722
6000000175294523055
6000000175318392741
6000000175321141191
6000000175363106019
6000000175566864843
6000000175590243910
6000000175592413875
6000000175592665878
6000000175621965839
6000000175653212853
6000000175653273829
6000000175667948840
6000000175668347828
6000000175686582954
6000000175689071836
6000000175699687853
6000000175755392937
6000000175758113821
6000000175817425840
6000000175823932868
6000000175833134828
6000000175846817870
6000000175882538930
6000000175896183890
6000000175897347853
6000000175898578933
6000000175971653852
6000000175971653858
6000000176025964864
6000000176032976844
6000000176041598826
6000000176094557873
6000000176148125829
6000000176192075869
6000000176192170879
6000000176192575835
6000000176192624848
6000000176192947821
6000000176241882826
6000000176266203824
6000000176274726861
6000000176275556853
6000000176275728849
6000000176276059821
6000000176289161842
6000000176289778860
6000000176289820873
6000000176289858856
6000000176289936823
6000000176290188821
6000000176295644833
6000000176303006864
6000000176335706833
6000000176340976838
6000000176341472823
6000000176379474896
6000000176407014828
6000000176407131821
6000000176534654825
6000000176542614826
6000000176570652889
6000000176571149889
6000000176575355869
6000000176580722853
6000000176580997905
6000000176635047821
6000000176653557926
6000000176697892921
6000000176699397836
6000000176756949864
6000000176789914897
6000000176790574842
6000000176819886872
6000000176845453829
6000000176896556859
6000000176910677857
6000000176911604839
6000000176930641834
6000000177010173842
6000000177068268825
6000000177068518828
6000000177070553821
6000000177115993838
6000000177116968831
6000000177182291932
6000000177182641930
6000000177183643849
6000000177183730924
6000000177184561867
6000000177184994841
6000000177185556828
6000000177261659865
6000000177265379852
6000000177265952828
6000000177290417824
6000000177301132862
6000000177303757837
6000000177307749832
6000000177313433836
6000000177313726824
6000000177315380042
6000000177326848860
6000000177326985842
6000000177327029824
6000000177327305821
6000000177340262860
6000000177340759845
6000000177349937846
6000000177390108853
6000000177390801858
6000000177483445826
6000000177524980865
6000000177538127835
6000000177538127841
6000000177562075905
6000000177582263823
6000000177780981869
6000000177781073848
6000000177781696829
6000000177782482827
6000000177793583847
6000000177793704844
6000000177793771838
6000000177793814905
6000000177793885838
6000000177794079904
6000000177794634835
6000000177794652848
6000000177794975857
6000000177795149846
6000000177795158835
6000000177795322823
6000000177795515827
6000000177795666823
6000000177795702821
6000000177852373838
6000000177852464823
6000000177857333821
6000000177860328822
6000000177864337853
6000000177865652848
6000000177865740838
6000000177865867833
6000000177865876828
6000000177866249821
6000000177873422838
6000000177920129826
6000000177920129831
6000000177921389824
6000000177921458827
6000000177921458833
6000000177921458845
6000000177921458851
6000000177921458863
6000000177921458990
6000000177921458993
6000000177921458999
6000000177921459005
6000000177921459011
6000000177921459028
6000000177921459033
6000000177921459052
6000000177921459056
6000000177921459066
6000000177921459072
6000000177921459078
6000000177921459094
6000000177921459099
6000000177921459104
6000000177921459109
6000000177921459114
6000000177921459129
6000000177921459134
6000000177921459169
6000000177921459174
6000000177921472823
6000000177921501822
6000000177921501828
6000000177921501834
6000000177921501839
6000000177921501854
6000000177921501859
6000000177921501864
6000000177921501869
6000000177921501874
6000000177921501879
6000000177921501889
6000000177921501894
6000000177921516822
6000000177921516828
6000000177921516834
6000000177921516839
6000000177921516849
6000000177921516854
6000000177921516859
6000000177921516864
6000000177921516869
6000000177921516874
6000000177921516879
6000000177921516884
6000000177921516889
6000000177921535822
6000000177921535828
6000000177921535834
6000000177921535839
6000000177921535844
6000000177921535847
6000000177921535852
6000000177921535855
6000000177921535860
6000000177921535865
6000000177921535870
6000000177921535875
6000000177921544822
6000000177921544828
6000000177921544834
6000000177921544839
6000000177921544844
6000000177921544849
6000000177921544854
6000000177921544859
6000000177921544864
6000000177921561822
6000000177921561828
6000000177921582822
6000000177921582827
6000000177921582832
6000000177921582835
6000000177921588822
6000000177921588827
6000000177921595822
6000000177921595827
6000000177921601825
6000000177921604825
6000000177921613827
6000000177921613832
6000000177921629822
6000000177921629825
6000000177921636822
6000000177921636827
6000000177921644822
6000000177921648822
6000000177921648825
6000000177921654822
6000000177921654827
6000000177921659822
6000000177921659825
6000000177921670827
6000000177921940825
6000000177921940830
6000000177922284822
6000000177922284827
6000000177922285822
6000000177922319822
6000000177922319827
6000000177922319832
6000000177922319837
6000000177922668822
6000000177923684834
6000000177924032863
6000000177938776865
6000000177941048933
6000000177941163942
6000000177941260903
6000000177941260939
6000000177941435877
6000000177941672905
6000000177941982911
6000000177942100902
6000000177942390911
6000000177942406874
6000000177942451881
6000000177942491872
6000000177942491877
6000000177942564871
6000000177942633881
6000000177942653854
6000000177942681869
6000000177942719882
6000000177942730896
6000000177942732020
6000000177942804849
6000000177942896916
6000000177942925859
6000000177942933869
6000000177942983885
6000000177943021881
6000000177943021895
6000000177943060868
6000000177943067855
6000000177943120858
6000000177943149857
6000000177943182845
6000000177943237961
6000000177943295868
6000000177943312828
6000000177943328879
6000000177943343906
6000000177943346870
6000000177943365835
6000000177943379826
6000000177943402844
6000000177943415863
6000000177943438823
6000000177943460822
6000000177943474822
6000000177943545836
6000000177943569841
6000000177943584883
6000000177943588835
6000000177943617855
6000000177943658830
6000000177943681836
6000000177943737838
6000000177943737861
6000000177943765835
6000000177943800832
6000000177943801821
6000000177943807821
6000000177943836822
6000000177943966859
6000000177943993821
6000000177944025822
6000000177944064821
6000000177944081827
6000000177944088828
6000000177944093843
6000000177944124971
6000000177944182822
6000000177944227827
6000000177944261892
6000000177944302830
6000000177944304845
6000000177944417821
6000000177944484848
6000000177944484960
6000000177944541850
6000000177944554828
6000000177944596824
6000000177944633864
6000000177944701869
6000000177944715821
6000000177944754840
6000000177944780872
6000000177944843860
6000000177944943851
6000000177944964877
6000000177945014827
6000000177945194835
6000000177945229864
6000000177945298821
6000000177945429824
6000000177945467842
6000000177945642844
6000000177945696859
6000000177945780849
6000000177945806827
6000000177945829854
6000000177945850840
6000000177945982827
6000000177946068836
6000000177946085840
6000000177946097865
6000000177946139860
6000000177946323841
6000000177946347864
6000000177946356821
6000000177946495823
6000000177946512834
6000000177946521827
6000000177946541842
6000000177946545821
6000000177946734840
6000000177946809822
6000000177946841823
6000000177946854828
6000000177947204933
6000000177947241821
6000000177955802827
6000000177958355852
6000000177958504822
6000000177968473841
6000000177969322833
6000000177969361824
6000000177969427823
6000000177970214838
6000000177992358866
6000000177993317846
6000000177993670848
6000000177994053823
6000000177994076827
6000000177994116835
6000000177994242822
6000000177994268821
6000000177994272823
6000000178096674894
6000000178118920851
6000000178119023823
6000000178119386851
6000000178119626821
6000000178119644821
6000000178120150821
6000000178123329901
6000000178124521844
6000000178128650824
6000000178134459865
6000000178135744870
6000000178136068824
6000000178136893821
6000000178223260828
6000000178223815833
6000000178275437038
6000000178277552977
6000000178277673956
6000000178278275935
6000000178279141871
6000000178279335862
6000000178279357868
6000000178279770847
6000000178279840831
6000000178279865848
6000000178280202844
6000000178280333830
6000000178280363847
6000000178280536829
6000000178280598829
6000000178281151829
6000000178281225821
6000000178282470843
6000000178284682877
6000000178284761893
6000000178286680845
6000000178287451832
6000000178297147825
6000000178308087879
6000000178308794858
6000000178309023847
6000000178309077840
6000000178309275854
6000000178309301889
6000000178309623827
6000000178309661841
6000000178309920821
6000000178321476863
6000000178322547822
6000000178411638970
6000000178413459882
6000000178413696854
6000000178413853891
6000000178414001829
6000000178414705940
6000000178414832822
6000000178415387935
6000000178415387947
6000000178415432929
6000000178415627901
6000000178415984873
6000000178416036862
6000000178416245874
6000000178416313877
6000000178416388858
6000000178416392865
6000000178416426881
6000000178416472840
6000000178416780829
6000000178416797829
6000000178416974821
6000000178416978833
6000000178417040822
6000000178417354829
6000000178417358824
6000000178417496821
6000000178417609964
6000000178418292864
6000000178418577840
6000000178419016853
6000000178419060871
6000000178420660827
6000000178420771821
6000000178422339829
6000000178595027823
6000000178627999851
6000000178689315826
6000000178726665845
6000000178816206852
6000000178817011821
6000000178820801873
6000000178822095828
6000000178823544822
6000000178846404905
6000000178847237891
6000000178847359872
6000000178847463886
6000000178847794829
6000000178848587824
6000000178897032886
6000000178898176821
6000000178898487831
6000000178900501830
6000000178900531827
6000000178918061929
6000000178918192950
6000000178918917869
6000000178919020883
6000000178919264860
6000000178919355838
6000000178919673833
6000000178919705829
6000000178919776821
6000000178948479973
6000000179005505872
6000000179005790863
6000000179005945868
6000000179007284821
6000000179007303821
6000000179053821907
6000000179079908840
6000000179080246829
6000000179115966860
6000000179121296822
6000000179221013881
6000000179264401832
6000000179264482835
6000000179389495866
6000000179404334821
6000000179503291824
6000000179511787823
6000000179511926821
6000000179531109824
6000000179647020821
6000000179665039878
6000000179665154839
6000000179665196831
6000000179665434829
6000000179697104858
6000000179809140838
6000000179967626846
6000000179968577831
6000000179998671837
6000000179998979858
6000000179999187834
6000000179999201837
6000000179999218849
6000000179999263840
6000000179999594842
6000000179999649826
6000000179999861831
6000000180000091830
6000000180019607827
6000000180051562860
6000000180057673821
6000000180077057834
6000000180183642853
6000000180262985842
6000000180316347956
6000000180316958875
6000000180316965903
6000000180317164861
6000000180317553847
6000000180317727844
6000000180318044860
6000000180318177827
6000000180318218834
6000000180318303828
6000000180318361834
6000000180318488821
6000000180334613868
6000000180577670944
6000000180577956933
6000000180578556890
6000000180578649864
6000000180578668875
6000000180579404828
6000000180579432825
6000000180580250821
6000000180601944889
6000000180602745842
6000000180602885852
6000000180603259842
6000000180603370839
6000000180603410828
6000000180654041829
6000000180670201832
6000000180772133829
6000000180772182825
6000000180815172825
6000000180823378951
6000000180824406005
6000000180855577934
6000000180973916967
6000000180980061838
6000000181081467900
6000000181082638832
6000000181119278859
6000000181133521821
6000000181147325830
6000000181192397840
6000000181319863826
6000000181355911843
6000000181409117870
6000000181409914855
6000000181442025911
6000000181457016850
6000000181497306856
6000000181512617910
6000000181514457841
6000000181514478831
6000000181514597821
6000000181577789837
6000000181599919985
6000000181600544887
6000000181601856860
6000000181604214904
6000000181702008829
6000000181790597881
6000000181818665845
6000000181844140911
6000000181844191865
6000000181844310866
6000000181844629857
6000000181844861860
6000000181845121858
6000000181845828858
6000000181882376822
6000000181882418821
6000000181907167965
6000000181921948878
6000000181922753845
6000000181922928831
6000000181923248832
6000000181923321828
6000000181923354821
6000000181930816821
6000000181932814848
6000000181962797833
6000000181993681900
6000000182037413900
6000000182051130921
6000000182052249851
6000000182053664996
6000000182058085840
6000000182134806930
6000000182134806936
6000000182134806944
6000000182134806951
6000000182134806957
6000000182134806965
6000000182134806975
6000000182134806979
6000000182134806991
6000000182134807196
6000000182186151842
6000000182390545854
6000000182439493823
6000000182482214835
6000000182547927899
6000000182713210901
6000000182714511833
6000000182737012832
6000000182792096929
6000000182811047961
6000000182813366831
6000000182813557821
6000000182876066822
6000000182931839821
6000000182955117821
6000000183066214844
6000000183066833825
6000000183101380858
6000000183133584854
6000000183137760830
6000000183208615836
6000000183208911823
6000000183268538922
6000000183270767821
6000000183308743857
6000000183326875861
6000000183330301889
6000000183439901872
6000000183483279821
6000000183585869827
6000000183585901821
6000000183699895832
6000000183824520824
6000000183879860834
6000000183879982849
6000000183925731824
6000000184030870923
6000000184123535839
6000000184174535879
6000000184174903843
6000000184175468822
6000000184177882823
6000000184255540850
6000000184256364854
6000000184256584821
6000000184258230824
6000000184258765822
6000000184258782843
6000000184259820823
6000000184409524831
6000000184409524844
6000000184409524856
6000000184409524870
6000000184409535828
6000000184409535836
6000000184409535839
6000000184409535842
6000000184449316841
6000000184477330845
6000000184481873850
6000000184486028821
6000000184505791837
6000000184569668836
6000000184610466828
6000000184698933825
6000000184744775895
6000000184752754821
6000000184833501868
6000000184884701837
6000000184925396827
6000000184996900917
6000000185018546838
6000000185018667834
6000000185018914832
6000000185088813846
6000000185129150821
6000000185142911910
6000000185143375901
6000000185144614831
6000000185145463871
6000000185145978833
6000000185146156821
6000000185146274821
6000000185146298821
6000000185263277893
6000000185281891834
6000000185307834822
6000000185361653909
6000000185361954882
6000000185362767827
6000000185363088822
6000000185378667998
6000000185401639093
6000000185420390823
6000000185420592821
6000000185422765905
6000000185422989903
6000000185423109882
6000000185423373863
6000000185423450915
6000000185424099833
6000000185424101833
6000000185467548925
6000000185470018827
6000000185501105160
6000000185501892185
6000000185529164524
6000000185552256824
6000000185580822821
6000000185599326803
6000000185600406779
6000000185601389411
6000000185601735281
6000000185602434977
6000000185602619225
6000000185603600887
6000000185604973958
6000000185605454898
6000000185725251878
6000000185726561821
6000000185761279843
6000000185865408861
6000000186064866385
6000000186073140140
6000000186074136939
6000000186084653821
6000000186109193292
6000000186109734251
6000000186110546095
6000000186111552915
6000000186111760527
6000000186114639828
6000000186121812919
6000000186126068885
6000000186126736028
6000000186127176942
6000000186130687864
6000000186144815923
6000000186158328244
6000000186160144030
6000000186160720981
6000000186161027832
6000000186244914662
6000000186247181045
6000000186247258992
6000000186248112832
6000000186248622948
6000000186248622955
6000000186248636941
6000000186267392971
6000000186267658951
6000000186270102092
6000000186276339130
6000000186277036037
6000000186290696357
6000000186290847252
6000000186290847265
6000000186291378901
6000000186291378925
6000000186307324210
6000000186308270061
6000000186311326283
6000000186312468968
6000000186328634048
6000000186328700017
6000000186359137883
6000000186417306841
6000000186417714843
6000000186417781837
6000000186417888828
6000000186478310882
6000000186553608821
6000000186554892918
6000000186556069907
6000000186563826854
6000000186633166980
6000000186633868932
6000000186633930940
6000000186634130876
6000000186634317847
6000000186634352876
6000000186634368888
6000000186634370855
6000000186634385910
6000000186634392851
6000000186634496845
6000000186634502841
6000000186634547828
6000000186634557873
6000000186634563832
6000000186634579893
6000000186634598866
6000000186634602838
6000000186634617828
6000000186634646856
6000000186641128939
6000000186641479970
6000000186641479975
6000000186642108922
6000000186642206942
6000000186642206960
6000000186642578884
6000000186642719872
6000000186642882848
6000000186642898856
6000000186643176821
6000000186643241833
6000000186643383842
6000000186643414844
6000000186643573847
6000000186647870847
6000000186647870858
6000000186647990825
6000000186648119823
6000000186648179822
6000000186648231844
6000000186648383856
6000000186648384853
6000000186648470855
6000000186648494822
6000000186648512825
6000000186648524851
6000000186648564821
6000000186648631824
6000000186659242914
6000000186660082875
6000000186660287859
6000000186660530824
6000000186660623823
6000000186661790833
6000000186661827821
6000000186661880865
6000000186662080825
6000000186662239828
6000000186668113902
6000000186668406901
6000000186668832888
6000000186668903918
6000000186669584873
6000000186669883824
6000000186670348825
6000000186670467831
6000000186670777823
6000000186670996841
6000000186671075822
6000000186672206840
6000000186672255832
6000000186672425822
6000000186672490833
6000000186672700830
6000000186673457843
6000000186673597865
6000000186673642857
6000000186673696848
6000000186673750836
6000000186673837824
6000000186674309849
6000000186674572821
6000000186675892850
6000000186676205827
6000000186676257824
6000000186676257873
6000000186676305823
6000000186676305829
6000000186676390898
6000000186676416854
6000000186676447885
6000000186676517837
6000000186676632842
6000000186676633842
6000000186676653847
6000000186676715862
6000000186676868827
6000000186677148833
6000000186677166836
6000000186677512911
6000000186677808887
6000000186677821890
6000000186677965930
6000000186678398839
6000000186678493839
6000000186678519837
6000000186678568821
6000000186678574830
6000000186678927832
6000000186679046821
6000000186680036857
6000000186680304850
6000000186680331839
6000000186680357825
6000000186680626822
6000000186680634842
6000000186680700843
6000000186681368863
6000000186681617839
6000000186681880828
6000000186694209912
6000000186699214840
6000000186699237838
6000000186699379826
6000000186699507825
6000000186699563844
6000000186699572830
6000000186700260870
6000000186700297961
6000000186700526859
6000000186700528836
6000000186700567844
6000000186701632838
6000000186704235839
6000000186706367946
6000000186707103838
6000000186707653850
6000000186707781878
6000000186708350847
6000000186709955838
6000000186709996834
6000000186710063826
6000000186710082840
6000000186710091827
6000000186710183821
6000000186710196821
6000000186710726880
6000000186711238861
6000000186711292839
6000000186711413828
6000000186711509915
6000000186711624846
6000000186711711836
6000000186711852837
6000000186711979949
6000000186712410924
6000000186712412841
6000000186712468821
6000000186712484821
6000000186712604892
6000000186712626915
6000000186712770874
6000000186712814829
6000000186713010839
6000000186713104821
6000000186713121827
6000000186716857035
6000000186717270923
6000000186717550890
6000000186717596852
6000000186717755870
6000000186717887835
6000000186726594036
6000000186729210940
6000000186729607863
6000000186730372823
6000000186732838824
6000000186732870847
6000000186733166823
6000000186734582864
6000000186734848829
6000000186735119864
6000000186740515868
6000000186741015871
6000000186741450832
6000000186741548821
6000000186741592894
6000000186741872848
6000000186742017831
6000000186742075831
6000000186742075846
6000000186742101831
6000000186742206826
6000000186744247871
6000000186744362850
6000000186744371841
6000000186744422846
6000000186744888821
6000000186744913848
6000000186751553845
6000000186758230849
6000000186759793822
6000000186761889822
6000000186761975846
6000000186761991823
6000000186774870828
6000000186774921841
6000000186774982822
6000000186774984823
6000000186775095827
6000000186775128821
6000000186775906270
6000000186775906288
6000000186775906298
6000000186776798863
6000000186776841862
6000000186776915836
6000000186776993822
6000000186777000823
6000000186777013850
6000000186777034777
6000000186777034811
6000000186777034820
6000000186777057846
6000000186777328821
6000000186777368821
6000000186777380828
6000000186777987593
6000000186777987605
6000000186778524821
6000000186779024873
6000000186779024877
6000000186779024883
6000000186779024959
6000000186779024965
6000000186779699824
6000000186779699828
6000000186796855601
6000000186796855612
6000000186800227854
6000000186800528889
6000000186800581873
6000000186800617856
6000000186800649885
6000000186800873821
6000000186800942838
6000000186800973829
6000000186801048832
6000000186801053822
6000000186801116825
6000000186801126822
6000000186801167853
6000000186801243852
6000000186801335907
6000000186801345828
6000000186801481824
6000000186801540823
6000000186801575822
6000000186801596896
6000000186801709879
6000000186801837869
6000000186801968840
6000000186801978833
6000000186801990868
6000000186801999835
6000000186802004843
6000000186802070821
6000000186802182853
6000000186802184824
6000000186802194834
6000000186802263822
6000000186802466843
6000000186802484832
6000000186802528822
6000000186802556821
6000000186803202824
6000000186804156827
6000000186805781928
6000000186806279839
6000000186806528854
6000000186806618840
6000000186806821823
6000000186807090821
6000000186807152824
6000000186807229897
6000000186807309851
6000000186807374838
6000000186807836841
6000000186808251821
6000000186808741825
6000000186810600878
6000000186810852838
6000000186810877840
6000000186810951829
6000000186811036821
6000000186811274840
6000000186813945873
6000000186816482865
6000000186816556855
6000000186816602837
6000000186816629837
6000000186816799845
6000000186820801863
6000000186821096902
6000000186821109952
6000000186821438825
6000000186821602822
6000000186821709858
6000000186821911833
6000000186822033821
6000000186825869837
6000000186829714957
6000000186831018829
6000000186834607824
6000000186834658887
6000000186834671821
6000000186834789887
6000000186835181838
6000000186835989875
6000000186836450821
6000000186839636882
6000000186839646875
6000000186839709867
6000000186840016834
6000000186840483822
6000000186841409846
6000000186841923830
6000000186841972837
6000000186841987822
6000000186842166821
6000000186843710943
6000000186844219906
6000000186844226876
6000000186845210824
6000000186871541863
6000000186871839853
6000000186872462825
6000000186872476824
6000000186872819823
6000000186892203856
6000000186892314859
6000000186892507830
6000000186894234837
6000000186900299821
6000000186954850838
6000000186955090830
6000000186966797830
6000000186969859868
6000000186971942857
6000000186972157845
6000000186972450873
6000000186972619829
6000000186973015853
6000000186973046897
6000000186973402870
6000000186973408874
6000000186973444845
6000000186973487827
6000000186973554822
6000000186973602821
6000000186973692860
6000000186973932845
6000000186973989826
6000000186974032821
6000000186974560851
6000000186974705823
6000000187004974843
6000000187005177844
6000000187048051893
6000000187054654845
6000000187054795841
6000000187081689858
6000000187082059838
6000000187082319833
6000000187082493825
6000000187083828863
6000000187083983858
6000000187084365835
6000000187084380828
6000000187084424821
6000000187107584822
6000000187107602821
6000000187149751837
6000000187173118830
6000000187175050847
6000000187175627888
6000000187175685875
6000000187175784851
6000000187176051830
6000000187176059827
6000000187179547838
6000000187179818865
6000000187180146845
6000000187191097841
6000000187203452902
6000000187203769864
6000000187204025833
6000000187204068839
6000000187204165825
6000000187204247825
6000000187239123902
6000000187269401902
6000000187400047848
6000000187410381823
6000000187414982849
6000000187415134825
6000000187432779918
6000000187433347831
6000000187551203886
6000000187579413832
6000000187677904917
6000000187678489852
6000000187678798822
6000000187690070591
6000000187690070594
6000000187774448879
6000000187858101836
6000000187858111841
6000000187860539906
6000000187860899830
6000000187861107843
6000000187866913850
6000000187867556821
6000000187867677861
6000000187867680828
6000000187867946832
6000000187900518893
6000000187900797821
6000000187900817829
6000000187900865845
6000000187901702864
6000000187901804822
6000000187902060839
6000000187973079908
6000000187973232883
6000000187973564851
6000000187973587849
6000000187973593858
6000000187973775825
6000000187973871825
6000000187985426867
6000000187992743846
6000000187992941895
6000000187993051821
6000000187993466836
6000000187993507825
6000000187993582821
6000000188070465836
6000000188079710840
6000000188079977821
6000000188087556838
6000000188175862825
6000000188176209850
6000000188176603822
6000000188216123837
6000000188220215852
6000000188251182827
6000000188301373840
6000000188336644874
6000000188423938826
6000000188531933838
6000000188581563826
6000000188581931821
6000000188583747847
6000000188583824855
6000000188603212874
6000000188603648821
6000000188605091939
6000000188611490851
6000000188615737865
6000000188616782892
6000000188616890823
6000000188617034826
6000000188617195849
6000000188617504826
6000000188624455847
6000000188638250891
6000000188640304821
6000000188640316823
6000000188643060822
6000000188644786849
6000000188645541828
6000000188654013871
6000000188654187821
6000000188654190860
6000000188654336837
6000000188654509854
6000000188654634883
6000000188654722835
6000000188654868843
6000000188655190871
6000000188655196849
6000000188655518822
6000000188655911850
6000000188656262845
6000000188656756919
6000000188657304840
6000000188657660942
6000000188657916889
6000000188657946822
6000000188658150821
6000000188658507859
6000000188658687828
6000000188658781866
6000000188659028830
6000000188660418860
6000000188664234850
6000000188672917847
6000000188673557852
6000000188674647842
6000000188674964841
6000000188675286846
6000000188687804864
6000000188688655839
6000000188689026831
6000000188692865874
6000000188693114869
6000000188693240856
6000000188703776825
6000000188703952831
6000000188704088833
6000000188704099866
6000000188704768825
6000000188704880835
6000000188705408821
6000000188705746828
6000000188706654844
6000000188725093824
6000000188728005870
6000000188732050989
6000000188732144836
6000000188734792905
6000000188735790859
6000000188774122873
6000000188774132879
6000000188774260873
6000000188774297827
6000000188774450830
6000000188774524828
6000000188774864941
6000000188775153821
6000000188775186821
6000000188789068835
6000000188789241843
6000000188789487827
6000000188789540845
6000000188791634825
6000000188792308854
6000000188801605836
6000000188801783828
6000000188801836860
6000000188802096872
6000000188802106834
6000000188861975848
6000000188870435849
6000000188884702825
6000000188922939850
6000000188933179841
6000000188935589866
6000000188935913858
6000000188936280830
6000000188948222886
6000000188948493856
6000000188948748835
6000000188948952824
6000000188949116825
6000000188949130821
6000000188973631836
6000000188973664832
6000000188991307934
6000000189221781839
6000000189299194833
6000000189553047851
6000000189601457829
6000000189603404861
6000000189622844829
6000000189623415834
6000000189623482834
6000000189715766833
6000000189724536865
6000000189724711829
6000000189724865834
6000000189804944847
6000000190046219437
6000000190046219447
6000000190046550510
6000000190046550514
6000000190046550521
6000000190046550524
6000000190087709072
6000000190131963821
6000000190139594831
6000000190160843831
6000000190168750837
6000000190168800829
6000000190209677854
6000000190311832875
6000000190312020848
6000000190312144822
6000000190402981831
6000000190408376854
6000000190631683864
6000000190736124007
6000000190736885905
6000000190737030864
6000000190737244839
6000000190768773824
6000000190769323821
6000000190792008892
6000000190814048843
6000000190814226837
6000000190815197823
6000000190823826831
6000000190824111836
6000000190854704025
6000000190854704029
6000000190855043840
6000000190908733865
6000000190928021858
6000000190928480835
6000000190928492844
6000000190928558824
6000000190928656833
6000000190928669826
6000000190937096822
6000000191078173866
6000000191078589837
6000000191078730829
6000000191100599861
6000000191132559824
6000000191146812823
6000000191202091823
6000000191219172821
6000000191219345842
6000000191335163823
6000000191411998830
6000000191468513861
6000000191537817833
6000000191540948828
6000000191542098868
6000000191542122966
6000000191543086849
6000000191543741828
6000000191544348829
6000000191584751847
6000000191586146870
6000000191586696829
6000000191586936848
6000000191587192831
6000000191587352842
6000000191595078858
6000000191622584869
6000000191623070832
6000000191623970845
6000000191625056821
6000000191652399910
6000000191652399917
6000000191664860821
6000000191728221856
6000000191728221869
6000000191845844878
6000000191861649823
6000000191890143824
6000000191900443868
6000000191931994867
6000000191932188857
6000000191932690906
6000000191933451843
6000000191934209870
6000000191942523873
6000000191942805837
6000000191977501838
6000000191977533833
6000000191978733821
6000000191980907835
6000000192004962881
6000000192008699893
6000000192008769877
6000000192009037879
6000000192009653821
6000000192051619821
6000000192063130823
6000000192081908876
6000000192082285854
6000000192082654821
6000000192159129836
6000000192162064846
6000000192166549947
6000000192167142863
6000000192167399821
6000000192168241867
6000000192168336830
6000000192168959827
6000000192169242840
6000000192169972828
6000000192193175896
6000000192349750975
6000000192351587867
6000000192352813836
6000000192356630848
6000000192356691833
6000000192356731821
6000000192391854840
6000000192391965827
6000000192392162821
6000000192392442822
6000000192402959823
6000000192403227824
6000000192443712842
6000000192462429867
6000000192463486836
6000000192463882844
6000000192470004840
6000000192488123823
6000000192488204821
6000000192488285848
6000000192488342840
6000000192492500822
6000000192493270882
6000000192495526884
6000000192495665821
6000000192509506821
6000000192516445874
6000000192518869845
6000000192520819849
6000000192612465837
6000000192622273892
6000000192622676857
6000000192622996826
6000000192623093824
6000000192623166822
6000000192623249822
6000000192623296833
6000000192623306821
6000000192623341823
6000000192716652855
6000000192792427914
6000000192795866831
6000000192795902851
6000000192795958824
6000000192886959824
6000000192919999821
6000000192920363910
6000000192920527913
6000000192954924837
6000000193041115827
6000000193082060821
6000000193090464823
6000000193134323827
6000000193174084832
6000000193235571835
6000000193244695880
6000000193309878821
6000000193314828907
6000000193332337870
6000000193333039826
6000000193333570823
6000000193334254827
6000000193334632825
6000000193354305878
6000000193354573832
6000000193382806854
6000000193394186834
6000000193394250847
6000000193395374821
6000000193395954881
6000000193396955827
6000000193418296851
6000000193457093930
6000000193458525851
6000000193460231840
6000000193460638821
6000000193461013821
6000000193461823851
6000000193461902877
6000000193462521834
6000000193463862886
6000000193463967829
6000000193470813823
6000000193470934833
6000000193471175832
6000000193474009821
6000000193474072873
6000000193484244823
6000000193500871841
6000000193501576829
6000000193501605840
6000000193501904822
6000000193504447902
6000000193505348830
6000000193509513823
6000000193509744823
6000000193533254829
6000000193610411888
6000000193665992823
6000000193666058828
6000000193666352843
6000000193668060826
6000000193668123862
6000000193669407839
6000000193672044850
6000000193675091852
6000000193688177837
6000000193688376821
6000000193691633942
6000000193692733822
6000000193728205822
6000000193728489848
6000000193731618844
6000000193736904826
6000000193743738857
6000000193760641821
6000000193765372821
6000000193766205831
6000000193766312831
6000000193766373849
6000000193766376855
6000000193766773825
6000000193778512821
6000000193779649833
6000000193779649837
6000000193779649841
6000000193779649845
6000000193779649849
6000000193779649853
6000000193779649862
6000000193779821828
6000000193779821832
6000000193791124832
6000000193791406823
6000000193809934828
6000000193812990847
6000000193813489826
6000000193814151862
6000000193814665853
6000000193815503844
6000000193822863880
6000000193824168887
6000000193826513825
6000000193827552825
6000000193828104886
6000000193828382900
6000000193829961822
6000000193831073822
6000000193832001827
6000000193832015822
6000000193833325920
6000000193833823838
6000000193834396821
6000000193834626885
6000000193834876822
6000000193835228821
6000000193835455823
6000000193840229927
6000000193840417878
6000000193840444851
6000000193840840823
6000000193841218822
6000000193841325826
6000000193841407829
6000000193841560833
6000000193842465821
6000000193843451825
6000000193844285877
6000000193844529876
6000000193844831824
6000000193851761923
6000000193853975848
6000000193854289902
6000000193857912821
6000000193875866856
6000000193876129880
6000000193876453822
6000000193876460892
6000000193876669839
6000000193877438821
6000000193877682858
6000000193877829841
6000000193887903958
6000000193887922841
6000000193888255954
6000000193888376872
6000000193888563900
6000000193888999839
6000000193889353884
6000000193889751878
6000000193890298835
6000000193891146840
6000000193892004925
6000000193904469860
6000000193904652829
6000000193916346878
6000000193916679852
6000000193916785894
6000000193916847832
6000000193916949823
6000000193918724826
6000000193926496846
6000000193926526821
6000000193926597822
6000000193945754889
6000000193945758835
6000000193946771909
6000000193947309931
6000000193947727914
6000000193947773882
6000000193952164836
6000000193953184892
6000000193953349866
6000000193953356867
6000000193953809832
6000000193954416876
6000000193964941859
6000000193969065896
6000000193969386829
6000000193973176859
6000000193973235834
6000000193973680824
6000000193973775937
6000000193975643824
6000000193975742834
6000000193975894845
6000000193976173821
6000000193976757830
6000000193977141824
6000000193978564845
6000000193979827836
6000000193979894835
6000000193980594847
6000000193980743880
6000000194008311869
6000000194008545843
6000000194008664822
6000000194008732827
6000000194013109851
6000000194020932871
6000000194021727824
6000000194022575882
6000000194037985947
6000000194038452824
6000000194038620862
6000000194038681866
6000000194038940831
6000000194040157824
6000000194045284838
6000000194045691835
6000000194046468829
6000000194046797874
6000000194046807824
6000000194046975824
6000000194047005875
6000000194047350821
6000000194047600822
6000000194053544828
6000000194053677829
6000000194053877919
6000000194054731829
6000000194056470919
6000000194057616840
6000000194060331938
6000000194060769821
6000000194060956836
6000000194060962831
6000000194061499835
6000000194070255821
6000000194070347841
6000000194073945865
6000000194073978909
6000000194073998821
6000000194074080878
6000000194074333843
6000000194074560854
6000000194076385896
6000000194076531860
6000000194077074823
6000000194077457845
6000000194077551843
6000000194077763829
6000000194078705823
6000000194078743821
6000000194084871823
6000000194084944822
6000000194085433856
6000000194085752847
6000000194087300839
6000000194094473854
6000000194095199860
6000000194098321864
6000000194114116832
6000000194114133856
6000000194114280823
6000000194114404848
6000000194122459868
6000000194122881821
6000000194122978854
6000000194123138823
6000000194124501880
6000000194124612875
6000000194125233946
6000000194125743825
6000000194182673851
6000000194184293860
6000000194184585846
6000000194184789832
6000000194184877856
6000000194185938830
6000000194186074824
6000000194186115828
6000000194186680823
6000000194204374831
6000000194246662868
6000000194315696836
6000000194322614843
6000000194322723839
6000000194323083836
6000000194382481836
6000000194401638864
6000000194401948865
6000000194403697840
6000000194403904836
6000000194404036833
6000000194590433838
6000000194593386910
6000000194593477836
6000000194605491821
6000000194634490828
6000000194643296863
6000000194655078955
6000000194675713860
6000000194676809856
6000000194677809821
6000000194677822821
6000000194677884822
6000000194678775863
6000000194678819832
6000000194694808834
6000000194720170828
6000000194723318834
6000000194729236916
6000000194730597821
6000000194733741833
6000000194736697823
6000000194958495835
6000000194958711832
6000000194974174855
6000000194974265840
6000000194974307854
6000000194974522824
6000000194974553823
6000000195096540869
6000000195096752862
6000000195099193822
6000000195148656902
6000000195148714889
6000000195148788900
6000000195148931849
6000000195149141853
6000000195149142838
6000000195149174838
6000000195149203856
6000000195149298838
6000000195149369823
6000000195206694875
6000000195207833836
6000000195329025853
6000000195337229872
6000000195425424851
6000000195464369842
6000000195578814863
6000000195588613972
6000000195589341860
6000000195589451886
6000000195589716847
6000000195589734838
6000000195589794833
6000000195589870827
6000000195589885821
6000000195688558826
6000000195688627826
6000000195788621823
6000000195835230831
6000000195835380854
6000000195892754969
6000000195893195885
6000000195893500863
6000000195893794827
6000000195893810849
6000000195893848836
6000000195893856832
6000000195893879822
6000000195939975841
6000000195943375897
6000000195970210848
6000000195970300859
6000000195970563885
6000000195970644836
6000000195972845878
6000000195973007841
6000000195973040821
6000000196137561850
6000000196144661849
6000000196144709824
6000000196144855822
6000000196144969821
6000000196184521822
6000000196282195908
6000000196291713844
6000000196292055892
6000000196292562823
6000000196292602859
6000000196292845843
6000000196292852828
6000000196292988836
6000000196293224881
6000000196295317826
6000000196295384821
6000000196428895830
6000000196433956842
6000000196434077844
6000000196513753836
6000000196513806824
6000000196513860841
6000000196513886821
6000000196518510865
6000000196518579831
6000000196700516821
6000000196704954844
6000000196706856871
6000000196706961844
6000000196707171833
6000000196707421821
6000000196724199830
6000000196742929892
6000000196743266840
6000000196743341833
6000000196743489840
6000000196743626821
6000000196785096962
6000000196791739855
6000000196844882872
6000000196844972825
6000000196845150856
6000000196845198845
6000000196845213827
6000000196845319827
6000000196851423885
6000000196851583856
6000000196851762854
6000000196851791865
6000000196851810867
6000000196851815857
6000000196851900840
6000000196851956890
6000000196852092846
6000000196852105821
6000000196852113827
6000000196852147825
6000000196852367821
6000000196856517821
6000000196859380857
6000000196859490849
6000000196859565861
6000000196859582824
6000000196859603869
6000000196859620823
6000000196859729821
6000000196859788821
6000000196859935822
6000000196859940846
6000000196860289828
6000000196869757834
6000000196870301886
6000000196870659859
6000000196870926842
6000000196871028825
6000000196871100821
6000000196871100840
6000000196871377832
6000000196871618889
6000000196872080899
6000000196872265841
6000000196872318829
6000000196872327828
6000000196872487864
6000000196872654826
6000000196872722826
6000000196872733838
6000000196872734824
6000000196896779868
6000000196897375858
6000000196898046833
6000000196898131832
6000000196964708842
6000000197067848892
6000000197068312871
6000000197069007832
6000000197069104836
6000000197069140842
6000000197069176821
6000000197069263821
6000000197071044878
6000000197071403823
6000000197071571832
6000000197072143822
6000000197072198824
6000000197101263916
6000000197131138861
6000000197198110860
6000000197198179869
6000000197198326850
6000000197198340848
6000000197198463853
6000000197198474829
6000000197198563856
6000000197199492861
6000000197200075842
6000000197219751845
6000000197771697928
6000000197772065845
6000000197772318845
6000000197772424821
6000000197787296822
6000000197792827862
6000000197793239828
6000000197793336828
6000000197793990944
6000000197794000898
6000000197794024875
6000000197794193866
6000000197794198892
6000000197794338846
6000000197794441845
6000000197794441862
6000000197794473838
6000000197794477850
6000000197794573823
6000000197794595824
6000000197794687821
6000000197844863834
6000000197935350887
6000000197935448903
6000000197935480873
6000000197935802879
6000000197935897821
6000000197936204832
6000000198069483829
6000000198069601822
6000000198117286006
6000000198118095909
6000000198118114874
6000000198118114906
6000000198118181890
6000000198118248847
6000000198118328836
6000000198118355913
6000000198118419823
6000000198118491834
6000000198118529838
6000000198118720821
6000000198118821833
6000000198119044825
6000000198119122869
6000000198119155821
6000000198119190839
6000000198119258851
6000000198119509821
6000000198137146838
6000000198209681843
6000000198211244869
6000000198211272842
6000000198211409842
6000000198211512856
6000000198211512878
6000000198211686822
6000000198211867828
6000000198211903825
6000000198211962850
6000000198212009828
6000000198212146829
6000000198212192824
6000000198212206843
6000000198212276821
6000000198212302825
6000000198212381823
6000000198212453821
6000000198212470955
6000000198212566821
6000000198212880822
6000000198213069842
6000000198213260869
6000000198213371887
6000000198213435823
6000000198213584822
6000000198213630924
6000000198213632838
6000000198213636828
6000000198213897864
6000000198214001847
6000000198214024829
6000000198214026821
6000000198214075838
6000000198214238824
6000000198214316844
6000000198214513821
6000000198214562821
6000000198214820821
6000000198214836823
6000000198214872832
6000000198214880826
6000000198215123826
6000000198215148822
6000000198217229865
6000000198234609865
6000000198234914840
6000000198235004849
6000000198279321901
6000000198280291857
6000000198280353857
6000000198280369872
6000000198280427838
6000000198280430836
6000000198280435849
6000000198280457855
6000000198280499849
6000000198280508829
6000000198280509851
6000000198280562822
6000000198280586837
6000000198280598850
6000000198280618821
6000000198280618838
6000000198280639822
6000000198280668821
6000000198280681823
6000000198280703821
6000000198308524832
6000000198308538821
6000000198309328825
6000000198319090903
6000000198319485850
6000000198319694848
6000000198320798841
6000000198320922862
6000000198322271844
6000000198323045871
6000000198323349837
6000000198323389940
6000000198323699895
6000000198324273825
6000000198327611864
6000000198327972872
6000000198328125847
6000000198328223841
6000000198332507821
6000000198332616845
6000000198335942828
6000000198336420858
6000000198336510823
6000000198380981894
6000000198381002900
6000000198381391836
6000000198381479829
6000000198615350842
6000000198674715958
6000000198676529860
6000000198676547853
6000000198676593828
6000000198676692843
6000000198676698834
6000000198676700821
6000000198676708830
6000000198676710837
6000000198676771843
6000000198676771850
6000000198676797828
6000000198676900823
6000000198677124834
6000000198677502831
6000000198712172824
6000000198712365821
6000000198863246849
6000000198914931857
6000000199217982839
6000000199218076839
6000000199218178828
6000000199293019863
6000000199293851920
6000000199293987839
6000000199294435824
6000000199308909823
6000000199369527844
6000000199504518826
6000000199510241830
6000000199528568835
6000000199531329873
6000000199531390852
6000000199531708826
6000000199541711839
6000000199542490848
6000000199693306821
6000000199776390919
6000000199776833906
6000000199776881896
6000000199777148843
6000000199805077988
6000000199966515879
6000000199972991851
6000000200019475855
6000000200019868837
6000000200057279864
6000000200110905830
6000000200306694826
6000000200401422858
6000000200468985869
6000000200469328848
6000000200469720864
6000000200469725840
6000000200469970834
6000000200501148881
6000000200501190848
6000000200501469822
6000000200617125824
6000000200618356828
6000000200618474823
6000000200633408841
6000000200809197899
6000000200894396840
6000000201121727826
6000000201137497852
6000000201144759821
6000000201222987878
6000000201353542821
6000000201376840834
6000000201537137830
6000000201590078885
6000000201590432845
6000000201590648822
6000000201619352821
6000000201627888860
6000000201628041824
6000000201653223821
6000000201653568824
6000000201656910903
6000000201657145921
6000000201657249824
6000000201657440825
6000000201819379851
6000000201845176860
6000000201975519843
6000000201975550845
6000000201975817823
6000000202011427986
6000000202011627921
6000000202012080842
6000000202012219840
6000000202012326824
6000000202355576829
6000000202355642821
6000000202355711821
6000000202356777821
6000000202356888832
6000000202474974009
6000000202475268890
6000000202475299875
6000000202475355882
6000000202476062933
6000000202476373888
6000000202476558839
6000000202476670832
6000000202476682837
6000000202476730829
6000000202476746865
6000000202476782821
6000000202476897838
6000000202476927857
6000000202476969850
6000000202477026825
6000000202477101823
6000000202477135824
6000000202481345836
6000000202481384826
6000000202486150874
6000000202624509826
6000000202714007569
6000000202716356377
6000000202752481909
6000000202752780857
6000000202752827876
6000000202752980850
6000000202768749856
6000000202768770836
6000000202768819832
6000000202768933852
6000000202769457829
6000000202772319823
6000000202772380827
6000000202837456830
6000000202837535823
6000000202898923869
6000000202994658944
6000000202995657822
6000000203013736877
6000000203014192835
6000000203015030834
6000000203015052834
6000000203015191821
6000000203015425821
6000000203067548961
6000000203067812826
6000000203067882830
6000000203067895821
6000000203067935856
6000000203067953844
6000000203068046832
6000000203068101830
6000000203068240854
6000000203068814833
6000000203068863841
6000000203068876829
6000000203265243865
6000000203265330827
6000000203266562823
6000000203268338821
6000000203268359822
6000000203282000879
6000000203282404878
6000000203283041845
6000000203283136821
6000000203283353827
6000000203283485877
6000000203283495834
6000000203283565851
6000000203283678822
6000000203283971822
6000000203312243822
6000000203395843896
6000000203395843901
6000000203456452317
6000000203456452323
6000000203456452329
6000000203456452335
6000000203456452347
6000000203456452353
6000000203456452365
6000000203459922845
6000000203460191828
6000000203462386123
6000000203462386147
6000000203462386153
6000000203462386158
6000000203462386188
6000000203462386212
6000000203462386224
6000000203462386230
6000000203462386235
6000000203462386241
6000000203465538878
6000000203466177837
6000000203488380798
6000000203493368835
6000000203595483902
6000000203668320833
6000000203668371827
6000000203724970832
6000000203725254824
6000000203736351847
6000000203809272835
6000000203809300821
6000000203809337821
6000000203810748877
6000000203810994826
6000000203810998835
6000000203811146825
6000000203811178838
6000000203811252821
6000000203823548868
6000000203824006823
6000000203856800839
6000000203856905831
6000000203857295823
6000000203857467822
6000000203857587837
6000000203857910821
6000000203858427838
6000000203858591834
6000000203859067823
6000000203859186843
6000000203859202841
6000000203859204828
6000000203859404899
6000000203862228821
6000000204023360821
6000000204110529889
6000000204341682856
6000000204341944836
6000000204342323822
6000000204365592835
6000000204365715821
6000000204365731823
6000000204435462846
6000000204435535856
6000000204435848831
6000000204435992840
6000000204436361843
6000000204557983826
6000000204558162882
6000000204558537858
6000000204636131962
6000000204646328823
6000000204646385825
6000000204646416821
6000000204646449823
6000000204649215829
6000000204649628822
6000000204664797821
6000000204691132879
6000000204691785839
6000000204756670829
6000000204848210918
6000000204848378879
6000000204872352846
6000000204872496854
6000000204872601825
6000000204872705823
6000000204896370868
6000000204906984826
6000000204995214153
6000000204995333044
6000000204995372951
6000000204995557878
6000000204995631831
6000000204995704921
6000000204995801863
6000000204998041849
6000000205012981823
6000000205058295014
6000000205059406838
6000000205059459836
6000000205059583823
6000000205059668881
6000000205060383847
6000000205109046841
6000000205109152860
6000000205109189834
6000000205109472822
6000000205110468850
6000000205126777845
6000000205160054835
6000000205170052854
6000000205170152847
6000000205170233853
6000000205170381865
6000000205172822896
6000000205173242865
6000000205173269821
6000000205173292876
6000000205173348848
6000000205173352876
6000000205173376856
6000000205173377851
6000000205173454861
6000000205173569853
6000000205173669821
6000000205173685821
6000000205173783911
6000000205173793930
6000000205173804822
6000000205173812843
6000000205173819843
6000000205173895835
6000000205173903824
6000000205174017825
6000000205174075851
6000000205174130829
6000000205174154823
6000000205174186823
6000000205174244821
6000000205174265821
6000000205174326821
6000000205179945830
6000000205180081828
6000000205200405880
6000000205200437903
6000000205200827852
6000000205201123851
6000000205201147833
6000000205201304831
6000000205246388876
6000000205266624821
6000000205327125987
6000000205328286878
6000000205328878822
6000000205328941821
6000000205340173862
6000000205340189857
6000000205340418842
6000000205372097847
6000000205373908845
6000000205378226848
6000000205407304832
6000000205423041905
6000000205521676840
6000000205521681833
6000000205521810891
6000000205521852880
6000000205521859869
6000000205528036824
6000000205622828846
6000000205643875855
6000000205643998833
6000000205644008843
6000000205662589843
6000000205721660794
6000000205721660802
6000000205746690848
6000000205754820915
6000000205755659832
6000000205866461832
6000000205866604824
6000000205866650852
6000000205866677821
6000000205868080821
6000000205868080848
6000000205868305854
6000000205889748824
6000000205900286851
6000000205998337823
6000000206029508840
6000000206029580822
6000000206029718843
6000000206122497843
6000000206122620821
6000000206132803913
6000000206132861824
6000000206164593897
6000000206164593922
6000000206164611886
6000000206164681823
6000000206167323828
6000000206171141875
6000000206172069927
6000000206172286835
6000000206172324842
6000000206195160836
6000000206195190843
6000000206244899844
6000000206279791958
6000000206279877879
6000000206316780822
6000000206416259923
6000000206536704846
6000000206612686874
6000000206740218866
6000000206764328827
6000000206833908847
6000000206834455879
6000000206906427865
6000000207090545909
6000000207109035825
6000000207131757854
6000000207307509824
6000000207307586822
6000000207323780874
6000000207323807851
6000000207324175848
6000000207324289839
6000000207324400835
6000000207324650822
6000000207531451823
6000000207648792825
6000000207648955859
6000000207648957826
6000000207649007884
6000000207649356846
6000000207649366821
6000000207660602912
6000000207660747887
6000000207660841842
6000000207660949841
6000000207661971833
6000000207693518860
6000000207693709865
6000000207693789839
6000000207769057827
6000000207770024856
6000000207770229822
6000000207770773821
6000000207784190855
6000000207810269850
6000000207856403823
6000000207874609870
6000000207904222823
6000000207904605821
6000000207951100876
6000000207951126867
6000000207951373821
6000000208082084867
6000000208240955841
6000000208286768842
6000000208312581854
6000000208394816857
6000000208491410887
6000000208491748855
6000000208491791821
6000000208491838821
6000000208492114826
6000000208492124822
6000000208523405821
6000000208523556852
6000000208600459828
6000000208624732829
6000000208624744825
6000000208718133985
6000000208718584822
6000000208719922840
6000000208721137826
6000000208721180830
6000000208721275824
6000000208722084836
6000000208729681859
6000000208778955831
6000000208781183875
6000000208781239843
6000000208781391868
6000000208850051846
6000000209007787856
6000000209066794833
6000000209103455853
6000000209103496834
6000000209103514837
6000000209103568827
6000000209139795844
6000000209405873823
6000000209494714864
6000000209579962827
6000000209579990840
6000000209580017831
6000000209580086821
6000000209580327832
6000000209580378879
6000000209595340830
6000000209616367848
6000000209672632842
6000000209758762844
6000000209758808827
6000000209758851852
6000000209785486851
6000000209786822830
6000000209786863840
6000000209787220824
6000000209794239856
6000000209807166827
6000000209813835846
6000000209813931824
6000000209826422860
6000000209826600821
6000000209836949821
6000000209837086821
6000000209934800837
6000000209990756841
6000000210033859848
6000000210034958823
6000000210070273826
6000000210271469827
6000000210273401934
6000000210273802842
6000000210273842821
6000000210273887847
6000000210306659829
6000000210306772828
6000000210306927832
6000000210306959821
6000000210348041823
6000000210387665830
6000000210392023839
6000000210435407862
6000000210435440824
6000000210435526834
6000000210498172824
6000000210685779831
6000000210721954829
6000000210732529851
6000000210732644833
6000000210815899851
6000000210816121821
6000000210816170821
6000000210873390838
6000000211005979842
6000000211015968840
6000000211090706825
6000000211096242827
6000000211219820822
6000000211221843821
6000000211525930847
6000000211526079821
6000000211570358821
6000000211600366821
6000000211600675827
6000000211607340843
6000000211797561839
6000000211797637821
6000000211816312828
6000000211847696821
6000000211847840827
6000000211847864824
6000000211847877830
6000000211888832824
6000000211976605821
6000000211987119821
6000000211987634854
6000000211987721869
6000000211987741835
6000000211987743851
6000000211987885821
6000000211987908822
6000000211987909821
6000000212017169834
6000000212017307822
6000000212063886831
6000000212064037823
6000000212119218825
6000000212123535826
6000000212123592835
6000000212123749831
6000000212253002822
6000000212257411830
6000000212661022824
6000000212709290842
6000000212709336827
6000000212938687824
6000000212938693821
6000000212940294854
6000000212940548832
6000000212940579821
6000000212996454827
6000000212996495821
6000000213169857845
6000000213170325823
6000000213170792824
6000000213182056824
6000000213340207827
6000000213590940822
6000000213749323826
6000000213892604838
6000000213892707833
6000000213892769823
6000000213942146823
6000000213942242840
6000000213942326833
6000000213942512824
6000000213942629825
6000000213942718824
6000000213942742827
6000000213942812831
6000000214476382846
6000000214476440845
6000000214476594821
6000000214476602826
6000000214769969822
6000000214771084840
6000000214786838833
6000000214867438845
6000000215087969886
6000000215125153821
6000000215319625821
6000000215347706830
6000000215479388836
6000000215479650829
6000000215483272822
6000000215483414831
6000000215483531867
6000000215764367870
6000000215764435831
6000000215764514836
6000000215764719821
6000000215806578832
6000000215824796822
6000000215838167824
6000000215838210838
6000000215840508832
6000000215840550838
6000000215840594826
6000000215841576843
6000000215841667828
6000000215850379846
6000000215850992832
6000000215930641829
6000000215930797821
6000000215930865830
6000000215931727858
6000000215934550846
6000000215935301822
6000000215947836821
6000000215955767844
6000000215964963839
6000000216030118832
6000000216061104857
6000000216061296827
6000000216063661841
6000000216063861831
6000000216072056834
6000000216072123841
6000000216072139824
6000000216072745834
6000000216092771870
6000000216093267832
6000000216287524889
6000000216288472857
6000000216288670839
6000000216288710833
6000000216288735828
6000000216288738845
6000000216342110831
6000000216342198843
6000000216342207833
6000000216342258823
6000000216586067838
6000000216586112822
6000000216630713822
6000000216630718827
6000000216630860867
6000000216631517822
6000000216935082829
6000000216935083847
6000000217055843824
6000000217057347886
6000000217165026841
6000000217288613841
6000000217288758824
6000000217344944926
6000000217345064858
6000000217345188843
6000000217345283821
6000000217363408821
6000000217363782849
6000000217363831831
6000000217363845822
6000000217364007821
6000000217364403821
6000000217364472821
6000000217371665830
6000000217371670840
6000000217371674821
6000000217434565823
6000000217434769834
6000000217434857828
6000000217435096821
6000000217435205841
6000000217435372873
6000000217435497871
6000000217435671842
6000000217435920843
6000000217435925824
6000000217435962862
6000000217550869828
6000000217565480832
6000000217573849823
6000000217675468830
6000000217773552823
6000000217782225838
6000000217782276821
6000000217841967833
6000000217926200822
6000000217928632825
6000000218047461825
6000000218068525826
6000000218119610837
6000000218183872843
6000000218184081821
6000000218184158841
6000000218184237841
6000000218184722893
6000000218184857831
6000000218215923836
6000000218234392868
6000000218234736839
6000000218234755843
6000000218234763841
6000000218235119861
6000000218235217839
6000000218235263926
6000000218235354821
6000000218235409823
6000000218235483824
6000000218235507871
6000000218235720847
6000000218235864872
6000000218235865829
6000000218235886833
6000000218236009822
6000000218242911901
6000000218243000839
6000000218260939873
6000000218261303852
6000000218261374826
6000000218534508924
6000000218681588879
6000000218707002039
6000000218707323931
6000000218707519853
6000000218707519856
6000000218707562833
6000000218888534831
6000000218902036875
6000000218902047902
6000000218902089879
6000000218902118871
6000000218902189848
6000000218902194858
6000000218953628822
6000000218977349056
6000000218977349070
6000000218978196894
6000000218978196900
6000000218978196910
6000000218978196914
6000000219116259837
6000000219128978834
6000000219145812863
6000000219148719829
6000000219164653833
6000000219164653837
6000000219164653841
6000000219164653845
6000000219197657886
6000000219226335865
6000000219294452877
6000000219294999862
6000000219309536974
6000000219309582880
6000000219309599863
6000000219309674858
6000000219357926861
6000000219400112841
6000000219400125859
6000000219400126835
6000000219400194834
6000000219400513821
6000000219526377886
6000000219652487862
6000000219652584824
6000000219698522904
6000000219731642846
6000000219759510828
6000000219773423861
6000000219773425861
6000000219810824832
6000000219810882836
6000000219816595827
6000000219928099848
6000000219932169493
6000000219932169503
6000000219961654857
6000000219961656852
6000000219961792828
6000000219985402928
6000000219985562942
6000000219985676867
6000000219985703868
6000000219985703873
6000000219985763824
6000000219987003847
6000000219990969883
6000000219991094833
6000000219991104828
6000000219991125823
6000000219992771935
6000000219992833876
6000000219992850831
6000000219992853889
6000000219992888842
6000000219992911822
6000000219992912826
6000000219992944838
6000000219992945821
6000000219992967823
6000000219992991822
6000000219997240835
6000000219997251823
6000000220005973877
6000000220006013862
6000000220006044864
6000000220006088854
6000000220006105870
6000000220006123836
6000000220006132859
6000000220006146850
6000000220006153891
6000000220006185824
6000000220006203844
6000000220006232865
6000000220006244840
6000000220016777824
6000000220025912930
6000000220030814839
6000000220030817824
6000000220030834839
6000000220030853827
6000000220030881832
6000000220030910824
6000000220030947850
6000000220030955821
6000000220074038863
6000000220163181835
6000000220167394834
6000000220167401825
6000000220183952834
6000000220205914891
6000000220206162871
6000000220283728860
6000000220355317885
6000000220529075830
6000000220529627843
6000000220530059832
6000000220530095822
6000000220559195821
6000000220562336897
6000000220563831900
6000000220565181831
6000000220565358843
6000000220565973846
6000000220565979831
6000000220617449832
6000000220617824947
6000000220618794841
6000000220618808825
6000000220618834957
6000000220618961826
6000000220619187825
6000000220619411862
6000000220619710897
6000000220620077841
6000000220620102864
6000000220620297868
6000000220628655061
6000000220629176842
6000000220629253829
6000000220629394843
6000000220629491823
6000000220629539825
6000000220629578886
6000000220629663856
6000000220629686829
6000000220629752870
6000000220629827862
6000000220629862892
6000000220629891944
6000000220629897888
6000000220629926840
6000000220630125831
6000000220630126919
6000000220630143875
6000000220630175948
6000000220630347836
6000000220630456823
6000000220630554880
6000000220630687894
6000000220630714933
6000000220630725837
6000000220630771854
6000000220630784879
6000000220630851821
6000000220751624984
6000000220831824868
6000000220832199880
6000000220833308828
6000000220876233832
6000000220890378823
6000000220909276853
6000000220910013828
6000000220916182856
6000000220916319841
6000000220981716936
6000000220984783859
6000000221023212918
6000000221023323870
6000000221023363825
6000000221052050062
6000000221052346975
6000000221052398862
6000000221052399896
6000000221052411856
6000000221052420869
6000000221052476874
6000000221052645943
6000000221052677850
6000000221052699883
6000000221052782836
6000000221052785836
6000000221105075840
6000000221107920036
6000000221167761828
6000000221168299901
6000000221168403865
6000000221168456927
6000000221168886953
6000000221197647828
6000000221215612878
6000000221217430891
6000000221229632925
6000000221289676955
6000000221289812908
6000000221289922835
6000000221289930173
6000000221289995951
6000000221290154864
6000000221290521824
6000000221290571956
6000000221290572841
6000000221290781897
6000000221290826844
6000000221290846003
6000000221290903968
6000000221290904045
6000000221290959869
6000000221290966844
6000000221291057912
6000000221291129954
6000000221291164900
6000000221291201872
6000000221291202868
6000000221291204914
6000000221291215905
6000000221291269822
6000000221291290846
6000000221291303857
6000000221291324869
6000000221302021897
6000000221302031903
6000000221302062872
6000000221302074838
6000000221302100837
6000000221303946054
6000000221303947975
6000000221303996926
6000000221304202935
6000000221304289828
6000000221304411870
6000000221304417871
6000000221304482868
6000000221304610832
6000000221304611829
6000000221304611866
6000000221304614886
6000000221304614974
6000000221304625912
6000000221304656848
6000000221304656879
6000000221304864869
6000000221304892911
6000000221304897859
6000000221305017847
6000000221305045913
6000000221305093948
6000000221305122153
6000000221305157891
6000000221305162920
6000000221305164833
6000000221305166906
6000000221305178824
6000000221305178859
6000000221305288876
6000000221305309901
6000000221305310001
6000000221305354853
6000000221305363851
6000000221305439822
6000000221305470854
6000000221305524975
6000000221305546963
6000000221305546978
6000000221305547011
6000000221305547032
6000000221305695026
6000000221305696891
6000000221305706835
6000000221305720835
6000000221305736843
6000000221305741943
6000000221305743861
6000000221305746876
6000000221305761844
6000000221305771824
6000000221305780878
6000000221305783825
6000000221305783869
6000000221305783887
6000000221305786875
6000000221305803822
6000000221305803960
6000000221305807825
6000000221305817943
6000000221305831915
6000000221305832935
6000000221305833895
6000000221305868852
6000000221305918874
6000000221305957842
6000000221305957874
6000000221306030968
6000000221306042830
6000000221306042894
6000000221306087821
6000000221306121821
6000000221306121848
6000000221306122893
6000000221306128827
6000000221306167863
6000000221306168870
6000000221306221844
6000000221306270835
6000000221306270876
6000000221306276823
6000000221306277855
6000000221306296822
6000000221306297839
6000000221306359821
6000000221306418858
6000000221306437841
6000000221306438823
6000000221306465839
6000000221306480841
6000000221306520846
6000000221306541823
6000000221306567826
6000000221338151895
6000000221340565821
6000000221432063836
6000000221432355821
6000000221440403919
6000000221473491949
6000000221502864302
6000000221506965936
6000000221507008849
6000000221529932877
6000000221530134823
6000000221532254842
6000000221619664968
6000000221661873063
6000000221661992915
6000000221741949911
6000000221742699868
6000000221767217922
6000000221767311824
6000000221780256919
6000000221780453872
6000000221780540872
6000000221780694823
6000000221780738822
6000000221780859839
6000000221781154829
6000000221787661011
6000000221787885933
6000000221787937875
6000000221787940896
6000000221869700949
6000000221891715878
6000000221891934890
6000000221892193874
6000000221892194098
6000000221892352834
6000000221892376823
6000000221892499893
6000000221892561833
6000000221892649840
6000000221892678825
6000000221895218834
6000000221922423917
6000000221922638976
6000000221922690910
6000000221922883875
6000000221922957865
6000000221923099843
6000000221936351830
6000000221975218875
6000000221984524877
6000000222035617022
6000000222036000823
6000000222036104087
6000000222036128908
6000000222036347840
6000000222036438821
6000000222062726852
6000000222073155866
6000000222190209952
6000000222190439943
6000000222202524862
6000000222245001838
6000000222274271870
6000000222376869914
6000000222395079927
6000000222445688825
6000000222447297908
6000000222447297936
6000000222447341987
6000000222447401841
6000000222447506850
6000000222447517823
6000000222447544829
6000000222538260004
6000000222538656831
6000000222538719831
6000000222538728006
6000000222538995859
6000000222558054825
6000000222575077846
6000000222603260956
6000000222627305824
6000000222628558855
6000000222686237866
6000000222686276830
6000000222749133982
6000000222975603027
6000000223001702958
6000000223001804871
6000000223106062877
6000000223153246852
6000000223261436903
6000000223287756898
6000000223287828850
6000000223288063975
6000000223422505821
6000000223431905926
6000000223431929857
6000000223432063836
6000000223432095884
6000000223432506881
6000000223432522835
6000000223432570850
6000000223433266001
6000000223433433957
6000000223433520950
6000000223433532898
6000000223433593889
6000000223433608874
6000000223433608881
6000000223433619893
6000000223433653823
6000000223433655882
6000000223433727835
6000000223433787875
6000000223433802874
6000000223433808842
6000000223433816834
6000000223433881824
6000000223433900827
6000000223433903849
6000000223434118825
6000000223447947860
6000000223452700895
6000000223470443920
6000000223470609914
6000000223470712840
6000000223483037829
6000000223483037857
6000000223524555848
6000000223528519830
6000000223528589870
6000000223528595891
6000000223528686868
6000000223547146903
6000000223571910870
6000000223634902910
6000000223634926875
6000000223652706821
6000000223655733952
6000000223656589830
6000000223659790824
6000000223659925832
6000000223663737823
6000000223678091879
6000000223678256857
6000000223678327821
6000000223679029852
6000000223679331876
6000000223702772019
6000000223734385003
6000000223822804965
6000000223823004822
6000000223838975852
6000000223846826885
6000000223847017847
6000000223847240857
6000000223852726891
6000000223852858846
6000000223887462001
6000000223887932898
6000000223888131914
6000000223888131943
6000000223888182909
6000000223888185871
6000000223907201824
6000000223907301823
6000000223907347932
6000000223907425825
6000000223909813033
6000000223909838974
6000000223909839095
6000000223909897952
6000000223910024908
6000000223910093847
6000000223920386864
6000000223920399858
6000000223920518843
6000000224010004860
6000000224010132879
6000000224057380837
6000000224086116847
6000000224086205848
6000000224156625852
6000000224157247823
6000000224157285850
6000000224216752903
6000000224216773938
6000000224332381864
6000000224374820842
6000000224375199866
6000000224375353851
6000000224375368865
6000000224375375822
6000000224375414824
6000000224375419833
6000000224435046972
6000000224435115875
6000000224435149868
6000000224435310849
6000000224435323833
6000000224435515841
6000000224435632832
6000000224462860858
6000000224490330051
6000000224542797905
6000000224579755869
6000000224579892838
6000000224643858828
6000000224651145940
6000000224651276916
6000000224651293929
6000000224651315882
6000000224651392847
6000000224651655860
6000000224652061915
6000000224653223843
6000000224653482822
6000000224711243827
6000000224765416825
6000000224846437829
6000000224846693838
6000000224847778880
6000000224880463901
6000000224880473867
6000000224880515842
6000000224880621825
6000000224880944898
6000000224881181831
6000000224942862984
6000000224963484857
6000000225002551208
6000000225003203856
6000000225003277883
6000000225003351894
6000000225003442865
6000000225131861952
6000000225131972888
6000000225132030829
6000000225132030845
6000000225144947020
6000000225221067055
6000000225221128829
6000000225221128858
6000000225221260981
6000000225221398924
6000000225221506853
6000000225257786860
6000000225258078836
6000000225258177821
6000000225281354843
6000000225292714960
6000000225386545407
6000000225394090864
6000000225395719942
6000000225395903852
6000000225396035827
6000000225396056825
6000000225462397877
6000000225495939185
6000000225496185920
6000000225496204027
6000000225496408855
6000000225496422878
6000000225496460049
6000000225496471058
6000000225496504932
6000000225496517967
6000000225496584977
6000000225496613960
6000000225496635089
6000000225496667010
6000000225496676869
6000000225496678921
6000000225496694833
6000000225496817933
6000000225496837893
6000000225496889867
6000000225496977822
6000000225497067821
6000000225497271842
6000000225497353822
6000000225497473823
6000000225563898922
6000000225563999830
6000000225564132847
6000000225564207821
6000000225587638884
6000000225587726853
6000000225624324475
6000000225624324479
6000000225624324486
6000000225624847309
6000000225624847319
6000000225624847328
6000000225624847336
6000000225668949829
6000000225669100869
6000000225669161935
6000000225681610073
6000000225681920833
6000000225681989872
6000000225682066964
6000000225682182905
6000000225682228850
6000000225682230851
6000000225682238826
6000000225682238833
6000000225682243873
6000000225682387862
6000000225696003845
6000000225698753067
6000000225699047980
6000000225699309964
6000000225699421825
6000000225699427875
6000000225699464824
6000000225699522884
6000000225699537837
6000000225699551859
6000000225699565829
6000000225699636897
6000000225699926826
6000000225699944873
6000000225700038849
6000000225700135821
6000000225702489907
6000000225702669837
6000000225703316843
6000000225705141898
6000000225705247835
6000000225705321821
6000000225705334821
6000000225709965832
6000000225728107892
6000000225728156858
6000000225728179872
6000000225728352876
6000000225728353848
6000000225728376830
6000000225728390852
6000000225728393849
6000000225728457846
6000000225728565828
6000000225728833914
6000000225728877841
6000000225728903863
6000000225728959899
6000000225728969829
6000000225728979825
6000000225733414028
6000000225733547121
6000000225733615921
6000000225733800840
6000000225741266038
6000000225741644887
6000000225741736829
6000000225741736835
6000000225779340845
6000000225803692832
6000000225843158835
6000000225843183824
6000000225843185831
6000000225843257835
6000000225843270824
6000000225847702855
6000000225847754873
6000000225847850831
6000000226031398924
6000000226051532883
6000000226051536956
6000000226051646876
6000000226051682868
6000000226051694866
6000000226051703839
6000000226070080908
6000000226108056946
6000000226167364934
6000000226167522822
6000000226205002974
6000000226285416847
6000000226309756909
6000000226310040821
6000000226334850867
6000000226334896845
6000000226353655851
6000000226360596852
6000000226360785884
6000000226360870845
6000000226378726948
6000000226378853864
6000000226385070847
6000000226385083828
6000000226385093847
6000000226385162833
6000000226385388894
6000000226385614861
6000000226385759850
6000000226409703901
6000000226409847842
6000000226410910837
6000000226412571909
6000000226412606919
6000000226412905856
6000000226413176854
6000000226437706952
6000000226437852871
6000000226485448832
6000000226485558847
6000000226485624822
6000000226575267906
6000000226721770826
6000000226724369000
6000000226724369174
6000000226724448026
6000000226724470936
6000000226724563931
6000000226724604854
6000000226724625944
6000000226724724858
6000000226724724874
6000000226724733869
6000000226724796845
6000000226724837929
6000000226724899855
6000000226724956846
6000000226725039824
6000000226725042879
6000000226725048878
6000000226725061862
6000000226725078875
6000000226725117821
6000000226726858934
6000000226833761835
6000000226849227925
6000000226857061050
6000000226977233850
6000000227004623932
6000000227004926898
6000000227004928830
6000000227004956886
6000000227005031892
6000000227005090891
6000000227005388073
6000000227005466832
6000000227005740930
6000000227005743821
6000000227005754866
6000000227006077821
6000000227006084835
6000000227006541844
6000000227008757864
6000000227008813843
6000000227019490829
6000000227032643899
6000000227032755906
6000000227036719829
6000000227037051830
6000000227039926826
6000000227040496843
6000000227040519867
6000000227040553824
6000000227040626876
6000000227040642831
6000000227040693904
6000000227040697841
6000000227086244080
6000000227086380915
6000000227086455824
6000000227086506866
6000000227147141927
6000000227191441892
6000000227204402855
6000000227212960823
6000000227222618886
6000000227223123884
6000000227224418030
6000000227225487992
6000000227225628908
6000000227225654852
6000000227226850980
6000000227226937013
6000000227226958932
6000000227226963946
6000000227226971913
6000000227226974923
6000000227227016909
6000000227227016919
6000000227227035828
6000000227227039845
6000000227227041840
6000000227227092862
6000000227227104853
6000000227228618082
6000000227228845895
6000000227254292863
6000000227258314142
6000000227258314174
6000000227258622821
6000000227289185918
6000000227289370034
6000000227289508960
6000000227289519030
6000000227289547881
6000000227289577861
6000000227289578852
6000000227289604840
6000000227289674822
6000000227289792822
6000000227289809829
6000000227289852821
6000000227291886826
6000000227294926845
6000000227295142836
6000000227295542846
6000000227295719853
6000000227295848846
6000000227296447925
6000000227297027825
6000000227297029878
6000000227297393968
6000000227297512829
6000000227297762830
6000000227297843999
6000000227298315838
6000000227298391886
6000000227299182891
6000000227306452830
6000000227313486929
6000000227326510857
6000000227326680842
6000000227327679856
6000000227327789838
6000000227327835919
6000000227331117833
6000000227379786890
6000000227380109838
6000000227380247996
6000000227380718910
6000000227398313824
6000000227406689854
6000000227406878839
6000000227409925843
6000000227412130937
6000000227412240864
6000000227460160863
6000000227460263873
6000000227460697832
6000000227545958914
6000000227546040834
6000000227601895821
6000000227614275833
6000000227620630970
6000000227620965862
6000000227621008836
6000000227621063829
6000000227621068839
6000000227621101821
6000000227621682967
6000000227621953983
6000000227622069877
6000000227622250823
6000000227668434852
6000000227676257067
6000000227676315909
6000000227676362934
6000000227676384979
6000000227676392008
6000000227676454008
6000000227676582856
6000000227676617890
6000000227676658979
6000000227676661960
6000000227676697827
6000000227676734863
6000000227676802897
6000000227682266003
6000000227682805928
6000000227682842833
6000000227682842840
6000000227683654853
6000000227693203853
6000000227693353922
6000000227693364951
6000000227693455835
6000000227693965055
6000000227694017875
6000000227694046920
6000000227694199890
6000000227694277862
6000000227695384828
6000000227696010826
6000000227696775867
6000000227701083825
6000000227707004886
6000000227707589983
6000000227708168991
6000000227708798842
6000000227709106861
6000000227710397834
6000000227710521057
6000000227710647857
6000000227710978823
6000000227711041892
6000000227711076875
6000000227711143943
6000000227711173112
6000000227711294908
6000000227711339822
6000000227711646877
6000000227711941843
6000000227712032840
6000000227712070008
6000000227712094916
6000000227712197866
6000000227712700862
6000000227712800823
6000000227714398904
6000000227714686873
6000000227715260898
6000000227715319837
6000000227715436831
6000000227715492839
6000000227716065921
6000000227716239882
6000000227716657821
6000000227716736847
6000000227716879850
6000000227717534826
6000000227718196959
6000000227718249872
6000000227718253863
6000000227718506910
6000000227718506942
6000000227718579828
6000000227718618899
6000000227718737846
6000000227718769839
6000000227720080850
6000000227720816948
6000000227722010881
6000000227722050863
6000000227723403845
6000000227725063822
6000000227725118843
6000000227725149898
6000000227725168838
6000000227726280959
6000000227727097862
6000000227735175860
6000000227735855842
6000000227738946872
6000000227738961944
6000000227739073017
6000000227739183868
6000000227739695943
6000000227746863827
6000000227749221232
6000000227750261857
6000000227755683825
6000000227757314896
6000000227757712839
6000000227774920838
6000000227787716121
6000000227789550121
6000000227802407043
6000000227802431855
6000000227802432937
6000000227802697066
6000000227802697137
6000000227803023862
6000000227803023904
6000000227803024957
6000000227803024982
6000000227803024989
6000000227803027847
6000000227803029977
6000000227803031913
6000000227803032874
6000000227803038858
6000000227803041902
6000000227803041931
6000000227803060855
6000000227803060959
6000000227803061825
6000000227803068881
6000000227803073849
6000000227803077823
6000000227803089850
6000000227803089879
6000000227803089951
6000000227803090852
6000000227803104825
6000000227804005917
6000000227805012893
6000000227805073902
6000000227805352866
6000000227805421869
6000000227811549827
6000000227816205043
6000000227816313859
6000000227816363824
6000000227816411855
6000000227816516922
6000000227816541821
6000000227816551825
6000000227816621867
6000000227816628912
6000000227816629854
6000000227816685869
6000000227819770878
865913
959765
979118
