6000000000135911615
6000000001272026560
6000000001272831610
6000000001380828716
6000000001380983518
6000000001381046535
6000000001381063554
6000000001381114215
6000000001381123265
6000000001381274001
6000000001748382730
6000000001748551785
6000000001748573794
6000000001748578975
6000000001748654436
6000000001748654696
6000000001748659284
6000000001748660102
6000000001748661095
6000000001748672602
6000000001748676515
6000000001748691943
6000000001748694008
6000000001748694330
6000000001748694840
6000000001748699599
6000000001748702161
6000000001748711164
6000000001748711380
6000000001748732282
6000000001748752726
6000000001748757438
6000000001748767023
6000000001748780761
6000000001748794464
6000000001748815632
6000000001748826039
6000000001748837458
6000000001748840479
6000000001748847402
6000000001748847423
6000000001748867302
6000000001748879010
6000000001748879082
6000000001748891227
6000000001748902281
6000000001748915234
6000000001748929408
6000000001748933094
6000000001748935230
6000000001748945395
6000000001748950105
6000000001748950130
6000000001748953335
6000000001748962166
6000000001748963097
6000000001748966144
6000000001748980084
6000000001748980326
6000000001748981833
6000000001748984154
6000000001748986147
6000000001748986576
6000000001749006154
6000000001749009043
6000000001749021258
6000000001749027060
6000000001749034091
6000000001749044133
6000000001749047220
6000000001749058207
6000000001749058392
6000000001749091291
6000000001749096089
6000000001749118586
6000000001749149582
6000000001749170506
6000000001749189315
6000000001749202058
6000000001749219741
6000000001749231198
6000000001749236554
6000000001749415525
6000000001749434398
6000000001749763132
6000000001749769541
6000000001749769581
6000000001749769997
6000000001749775130
6000000001749793129
6000000001749799095
6000000001749820467
6000000001749841641
6000000001749849221
6000000001749875715
6000000001749878001
6000000001749883334
6000000001749895042
6000000001749926124
6000000001749954112
6000000001749955703
6000000001750003530
6000000001750027284
6000000001750032093
6000000001750037624
6000000001750050512
6000000001750072092
6000000001750075526
6000000001750082027
6000000001750085617
6000000001750089008
6000000001750211495
6000000001750222271
6000000001750226239
6000000001750235611
6000000001750245200
6000000001750255810
6000000001750258011
6000000001750269335
6000000001750274580
6000000001750279181
6000000001750286789
6000000001750302148
6000000001750304104
6000000001750305920
6000000001750313776
6000000001750318618
6000000001750329200
6000000001750329642
6000000001750371005
6000000001750378911
6000000001750382774
6000000001750394565
6000000001750395115
6000000001750412160
6000000001750412739
6000000001750416501
6000000001750421204
6000000001750421263
6000000001750448127
6000000001750545115
6000000001750545549
6000000001750591782
6000000001750599465
6000000001750624018
6000000001750633133
6000000001750633533
6000000001750649448
6000000001750653414
6000000001750679666
6000000001750719165
6000000001750719283
6000000001750719476
6000000001750721339
6000000001750735230
6000000001750754267
6000000001750848094
6000000001750848295
6000000001750874242
6000000001750874432
6000000001750891107
6000000001750900591
6000000001750929059
6000000001750938059
6000000001750945056
6000000001750946054
6000000001750974003
6000000001750986037
6000000001751115831
6000000001751290215
6000000001751329692
6000000001751536197
6000000001751544937
6000000001751551064
6000000001751566356
6000000001751586848
6000000001751616001
6000000001751619339
6000000001751620412
6000000001751623223
6000000001751625072
6000000001751625265
6000000001751634431
6000000001751668463
6000000001751670163
6000000001751700196
6000000001751704574
6000000001751704988
6000000001751705513
6000000001751715788
6000000001751725724
6000000001751728613
6000000001751728753
6000000001751782068
6000000001751789368
6000000001751840431
6000000001751863035
6000000001751888100
6000000001751888428
6000000001751891996
6000000001751947378
6000000001751995379
6000000001752000448
6000000001752000637
6000000001752001330
6000000001752001394
6000000001752013482
6000000001752046615
6000000001752054995
6000000001752066502
6000000001752108452
6000000001752114117
6000000001752115025
6000000001752118236
6000000001752120627
6000000001752140473
6000000001752159295
6000000001752170115
6000000001752203019
6000000001752203408
6000000001752206010
6000000001752215185
6000000001752217564
6000000001752224123
6000000001752233235
6000000001752249197
6000000001752276501
6000000001752307572
6000000001752364286
6000000001752370467
6000000001752382170
6000000001752454070
6000000001752454194
6000000001752454729
6000000001752475128
6000000001752624111
6000000001752665613
6000000001752735078
6000000001752771096
6000000001752860061
6000000001752935449
6000000001752939325
6000000001752962180
6000000001753018848
6000000001753034204
6000000001753299782
6000000001753313498
6000000001753314855
6000000001753383752
6000000001753416750
6000000001753450689
6000000001753460708
6000000001753468000
6000000001753541363
6000000001753541538
6000000001753554653
6000000001753564082
6000000001753565477
6000000001753594285
6000000001753597346
6000000001753597471
6000000001753616391
6000000001753636055
6000000001753647126
6000000001753648195
6000000001753659190
6000000001753662072
6000000001753663837
6000000001753670057
6000000001753670133
6000000001753691152
6000000001753704019
6000000001753704110
6000000001753706023
6000000001753721868
6000000001753723505
6000000001753726108
6000000001753758963
6000000001753781459
6000000001753786336
6000000001753805709
6000000001753814359
6000000001753834360
6000000001753835996
6000000001753858599
6000000001753860760
6000000001753871483
6000000001753871743
6000000001753875161
6000000001753880557
6000000001753880728
6000000001753894535
6000000001753920265
6000000001753920485
6000000001753920527
6000000001753926346
6000000001753926727
6000000001753932209
6000000001753962214
6000000001753971014
6000000001754002514
6000000001754005258
6000000001754007421
6000000001754007623
6000000001754040121
6000000001754055165
6000000001754078153
6000000001754089149
6000000001754146077
6000000001754150109
6000000001754175218
6000000001754185261
6000000001754187017
6000000001754202102
6000000001754209695
6000000001754215618
6000000001754313007
6000000001758354866
6000000001758539879
6000000001758580408
6000000001758729159
6000000001759114331
6000000001759474473
6000000001759545608
6000000001759574723
6000000001759616501
6000000001759630443
6000000001759679020
6000000001759729277
6000000001759890736
6000000001760004171
6000000001760126128
6000000001760353856
6000000001760353891
6000000001760470709
6000000001760486219
6000000001760568907
6000000001760676845
6000000001760807512
6000000001760809718
6000000001760826653
6000000001760843402
6000000001760902034
6000000001760902465
6000000001761519617
6000000001761917577
6000000001762012397
6000000001762029166
6000000001762032228
6000000001762078060
6000000001763705564
6000000001763815335
6000000001765040424
6000000001765719202
6000000001765736176
6000000001765741204
6000000001765775305
6000000001765864351
6000000001770593916
6000000001770605546
6000000001770611809
6000000001770611848
6000000001770646640
6000000001770667549
6000000001770686399
6000000001770731356
6000000001770735597
6000000001770742361
6000000001770743870
6000000001770749189
6000000001770754714
6000000001770763200
6000000001770776351
6000000001770778359
6000000001770780960
6000000001770791433
6000000001770795257
6000000001770807123
6000000001770836486
6000000001770852055
6000000001770853299
6000000001770856290
6000000001770863021
6000000001770915053
6000000001770917132
6000000001770946105
6000000001770960038
6000000001771510740
6000000001771517743
6000000001771594420
6000000001771612345
6000000001771639277
6000000001771647497
6000000001771650207
6000000001771651429
6000000001771667531
6000000001771689248
6000000001771690350
6000000001771692255
6000000001771718023
6000000001771720132
6000000001771731180
6000000001771761082
6000000001771763019
6000000001771770520
6000000001771774043
6000000001772199829
6000000001772231521
6000000001772238692
6000000001772334250
6000000001772355719
6000000001772364787
6000000001772373906
6000000001772442161
6000000001772452253
6000000001772499250
6000000001772499405
6000000001772516836
6000000001772536624
6000000001772598107
6000000001772603111
6000000001772616109
6000000001772625453
6000000001772628426
6000000001772652084
6000000001772657266
6000000001772678650
6000000001772684138
6000000001772727365
6000000001772736016
6000000001772739508
6000000001772743058
6000000001772743293
6000000001772744189
6000000001772748061
6000000001772760128
6000000001772786192
6000000001772814867
6000000001772820150
6000000001772867085
6000000001772873621
6000000001772931098
6000000001773039256
6000000001773293043
6000000001773302284
6000000001773305172
6000000001773316098
6000000001773332170
6000000001773343021
6000000001773344117
6000000001773344199
6000000001773345127
6000000001773358038
6000000001773362036
6000000001773363019
6000000001773364073
6000000001773367026
6000000001773370035
6000000001773370109
6000000001773378032
6000000001773378108
6000000001773399043
6000000001773439153
6000000001773447032
6000000001773488178
6000000001773513273
6000000001773538118
6000000001773721645
6000000001773856364
6000000001773856719
6000000001773861856
6000000001773875613
6000000001773902473
6000000001773909812
6000000001773922851
6000000001773926754
6000000001773939859
6000000001773951722
6000000001774086372
6000000001774088337
6000000001774100760
6000000001774131331
6000000001774135587
6000000001774135676
6000000001774145632
6000000001774161721
6000000001774163373
6000000001774163537
6000000001774175288
6000000001774185093
6000000001774191323
6000000001774216222
6000000001774235257
6000000001774235600
6000000001774246823
6000000001774286946
6000000001774304275
6000000001774310235
6000000001774317296
6000000001774334254
6000000001774336270
6000000001774367189
6000000001774368800
6000000001774375640
6000000001774386377
6000000001774449883
6000000001774464382
6000000001774468511
6000000001774468944
6000000001774486431
6000000001774784778
6000000001774856024
6000000001775268263
6000000001775292291
6000000001775395587
6000000001775425184
6000000001775470645
6000000001775475129
6000000001775594002
6000000001775652773
6000000001775699216
6000000001775699263
6000000001775815427
6000000001775842179
6000000001775904031
6000000001775907020
6000000001775965120
6000000001777834816
6000000001778135316
6000000001778135502
6000000001778140618
6000000001778144262
6000000001778167433
6000000001778175700
6000000001778184424
6000000001778222281
6000000001778233276
6000000001778253063
6000000001778298009
6000000001778302082
6000000001782713633
6000000001782763384
6000000001782776469
6000000001782785771
6000000001782793376
6000000001782797590
6000000001782823162
6000000001782852233
6000000001782852630
6000000001782863613
6000000001782890443
6000000001782936244
6000000001782955223
6000000001782993115
6000000001783016637
6000000001783017010
6000000001783057791
6000000001783107537
6000000001783130225
6000000001783213157
6000000001783268632
6000000001783310583
6000000001783357630
6000000001783379671
6000000001783387930
6000000001783548204
6000000001783553010
6000000001783592190
6000000001783662195
6000000001783675111
6000000001797075822
6000000001798416508
6000000001798469446
6000000001798503164
6000000001800819002
6000000001806438433
6000000001806505614
6000000001806519896
6000000001806523500
6000000001806546583
6000000001806560608
6000000001806576165
6000000001806619139
6000000001806643031
6000000001806666454
6000000001806706040
6000000001806735646
6000000001806736763
6000000001806773089
6000000001806773449
6000000001806828275
6000000001806854034
6000000001806856787
6000000001806867376
6000000001806875379
6000000001806945018
6000000001807009484
6000000001807229265
6000000001807247520
6000000001807292333
6000000001807296109
6000000001807347887
6000000001807375505
6000000001807479349
6000000001807609161
6000000001808567289
6000000001808703724
6000000001808749586
6000000001808768200
6000000001808941084
6000000001808996060
6000000001809295272
6000000001809382646
6000000001809389841
6000000001809429901
6000000001809447573
6000000001809502915
6000000001809511354
6000000001809557155
6000000001809578097
6000000001809638693
6000000001809685235
6000000001809708308
6000000001809778138
6000000001809849072
6000000001809862645
6000000001809880406
6000000001809932581
6000000001809952312
6000000001809964415
6000000001809964559
6000000001809967398
6000000001809971257
6000000001809971318
6000000001809973003
6000000001809988172
6000000001809995181
6000000001809997126
6000000001810006150
6000000001810021023
6000000001813636280
6000000001820934968
6000000001821155233
6000000001821155671
6000000001821260623
6000000001821301823
6000000001821307147
6000000001821311132
6000000001821327083
6000000001821457168
6000000001824068249
6000000001824142118
6000000001824155477
6000000001824162608
6000000001824192487
6000000001824750460
6000000001829278673
6000000001829353551
6000000001829393837
6000000001829477306
6000000001829477635
6000000001829482628
6000000001829491491
6000000001829492981
6000000001829551305
6000000001829585742
6000000001829589817
6000000001829598117
6000000001829613356
6000000001829615295
6000000001829616346
6000000001829621635
6000000001829628406
6000000001829628888
6000000001829632570
6000000001829634518
6000000001829638051
6000000001829644307
6000000001829648345
6000000001829649385
6000000001829679311
6000000001829687293
6000000001829731244
6000000001829735102
6000000001829744524
6000000001829754397
6000000001829763097
6000000001829776153
6000000001830396497
6000000001830419451
6000000001830445938
6000000001830537767
6000000001830593926
6000000001830596922
6000000001830605878
6000000001830609590
6000000001830621542
6000000001830677079
6000000001830699195
6000000001830701024
6000000001830703272
6000000001830724639
6000000001830734508
6000000001830738396
6000000001830768564
6000000001830788311
6000000001830789068
6000000001830789436
6000000001830805167
6000000001830816667
6000000001830817003
6000000001830820139
6000000001830900672
6000000001830920755
6000000001831398747
6000000001831469175
6000000001831487883
6000000001831488449
6000000001831504540
6000000001831536345
6000000001831541347
6000000001831592111
6000000001831631866
6000000001831687587
6000000001831720204
6000000001831778691
6000000001831791173
6000000001831811111
6000000001831902232
6000000001831904319
6000000001832385327
6000000001832560769
6000000001832571130
6000000001832591340
6000000001832595216
6000000001832628034
6000000001834696127
6000000001835290435
6000000001835299620
6000000001835345068
6000000001835354112
6000000001835405117
6000000001835423999
6000000001835460830
6000000001835497921
6000000001835510622
6000000001835522164
6000000001835570768
6000000001835585898
6000000001835588439
6000000001835629383
6000000001835656042
6000000001835657504
6000000001835664542
6000000001835691793
6000000001835693338
6000000001835702593
6000000001835707684
6000000001835725628
6000000001835748159
6000000001835819028
6000000001835823718
6000000001835827006
6000000001835839391
6000000001835915086
6000000001835919021
6000000001835920536
6000000001835980844
6000000001836056395
6000000001836202617
6000000001836231091
6000000001836276184
6000000001842773952
6000000001842968937
6000000001842997421
6000000001843033671
6000000001843084838
6000000001843127655
6000000001843143864
6000000001843144176
6000000001843183905
6000000001843193481
6000000001843213032
6000000001843228612
6000000001843237815
6000000001843272704
6000000001843296263
6000000001843310193
6000000001843350057
6000000001843437242
6000000001843442452
6000000001843473463
6000000001843535091
6000000001843554082
6000000001843561053
6000000001843567013
6000000001843584785
6000000001843653568
6000000001843654188
6000000001844033355
6000000001844250627
6000000001844330496
6000000001844355540
6000000001844366080
6000000001844386796
6000000001844390361
6000000001844390966
6000000001844392528
6000000001844395489
6000000001844426482
6000000001844436267
6000000001844438530
6000000001844454109
6000000001844466281
6000000001844466621
6000000001844499115
6000000001844513370
6000000001844513758
6000000001844533012
6000000001844544077
6000000001844553245
6000000001844558018
6000000001844879170
6000000001844948122
6000000001844968003
6000000001845614211
6000000001846064931
6000000001846085433
6000000001846085957
6000000001846099894
6000000001846107883
6000000001846137912
6000000001846174429
6000000001846197347
6000000001846205772
6000000001846212073
6000000001846228289
6000000001846233638
6000000001846249046
6000000001846260088
6000000001846265075
6000000001846280657
6000000001846294182
6000000001846299115
6000000001846306980
6000000001846308024
6000000001846356304
6000000001846360986
6000000001846386315
6000000001846394316
6000000001846401908
6000000001846444746
6000000001846461433
6000000001846463714
6000000001846473081
6000000001846476316
6000000001846486902
6000000001846487093
6000000001846490215
6000000001846499656
6000000001846508982
6000000001846533532
6000000001846548598
6000000001846564160
6000000001846570343
6000000001846576449
6000000001846594091
6000000001846595334
6000000001846636822
6000000001846654425
6000000001846720041
6000000001846735618
6000000001846773311
6000000001846773666
6000000001846782141
6000000001846809090
6000000001846850062
6000000001846935905
6000000001846936068
6000000001846936883
6000000001846941485
6000000001846945008
6000000001846965120
6000000001847142054
6000000001847322351
6000000001847393133
6000000001847404549
6000000001847413088
6000000001847428164
6000000001847540063
6000000001847573412
6000000001847890283
6000000001847890687
6000000001847922447
6000000001847972521
6000000001848028377
6000000001848039710
6000000001848081429
6000000001848083683
6000000001848169123
6000000001848171169
6000000001848229177
6000000001848242006
6000000001848269530
6000000001848302314
6000000001848314182
6000000001848355449
6000000001848377842
6000000001848421960
6000000001848494033
6000000001848514027
6000000001848740847
6000000001848854527
6000000001848881729
6000000001848977458
6000000001848988799
6000000001849000886
6000000001849032173
6000000001849057076
6000000001849066023
6000000001849066647
6000000001849087539
6000000001849115123
6000000001849117976
6000000001849122151
6000000001849152023
6000000001849158122
6000000001849160328
6000000001849161252
6000000001849174587
6000000001849182620
6000000001849196113
6000000001849231676
6000000001849875457
6000000001849908131
6000000001849976030
6000000001850168969
6000000001850371939
6000000001850451588
6000000001850468309
6000000001850491968
6000000001850512806
6000000001850513243
6000000001850530180
6000000001850616790
6000000001850740186
6000000001850799148
6000000001850807595
6000000001858358535
6000000001858377742
6000000001858443311
6000000001858455069
6000000001858455303
6000000001858458153
6000000001858464106
6000000001858464630
6000000001858481102
6000000001858561336
6000000001858586728
6000000001858594396
6000000001858620003
6000000001858639196
6000000001858642038
6000000001858660728
6000000001858829357
6000000001858901288
6000000001858906364
6000000001858906578
6000000001858906860
6000000001858943992
6000000001859079447
6000000001859095226
6000000001859115101
6000000001859179494
6000000001859332006
6000000001859410413
6000000001859426933
6000000001859446559
6000000001859658064
6000000001859671235
6000000001859821143
6000000001860051040
6000000001860110356
6000000001860233615
6000000001860311207
6000000001860355102
6000000001860393276
6000000001860414012
6000000001860430212
6000000001860468177
6000000001860494016
6000000001860551661
6000000001860629101
6000000001860632103
6000000001860685413
6000000001860689532
6000000001860730169
6000000001860823306
6000000001861293612
6000000001861345528
6000000001861547339
6000000001861547708
6000000001861558900
6000000001861629043
6000000001861638155
6000000001861697722
6000000001867033703
6000000001867096520
6000000001867108701
6000000001867176186
6000000001867176261
6000000001867283006
6000000001867307578
6000000001867416978
6000000001867501808
6000000001867502054
6000000001867546144
6000000001867632218
6000000001867678107
6000000001867694450
6000000001867724054
6000000001867810006
6000000001868198926
6000000001868245727
6000000001868311109
6000000001868340613
6000000001868361778
6000000001868362418
6000000001868377477
6000000001868383338
6000000001868395803
6000000001868402228
6000000001868455854
6000000001868592327
6000000001868611549
6000000001868671960
6000000001868694027
6000000001868720189
6000000001868735567
6000000001868762047
6000000001868783054
6000000001870439137
6000000001870526382
6000000001870594450
6000000001870598599
6000000001870605288
6000000001870623180
6000000001870624302
6000000001870631542
6000000001870642035
6000000001870642470
6000000001870724660
6000000001870748414
6000000001870762256
6000000001870771617
6000000001870781312
6000000001870783249
6000000001870801184
6000000001870836087
6000000001870882288
6000000001870891109
6000000001870905068
6000000001870979773
6000000001871018069
6000000001871100640
6000000001871100726
6000000001871326126
6000000001874310769
6000000001874336560
6000000001874370551
6000000001874374984
6000000001874392418
6000000001874402928
6000000001874410772
6000000001874417716
6000000001874422503
6000000001874456468
6000000001874486433
6000000001874503344
6000000001874504576
6000000001874516699
6000000001874529748
6000000001874541566
6000000001874551107
6000000001874561493
6000000001874568460
6000000001874574170
6000000001874661116
6000000001874664264
6000000001874667031
6000000001874676123
6000000001874683528
6000000001874686003
6000000001874688132
6000000001874711006
6000000001874737063
6000000001874747009
6000000001880575515
6000000001881554289
6000000001881624069
6000000001881963401
6000000001882081793
6000000001882086900
6000000001882094627
6000000001882099217
6000000001882099623
6000000001882100174
6000000001882100280
6000000001882113151
6000000001882134491
6000000001882152178
6000000001882152337
6000000001882160372
6000000001882193085
6000000001882199023
6000000001882204014
6000000001882216013
6000000001882217152
6000000001882220580
6000000001882225234
6000000001882241605
6000000001882259104
6000000001882286028
6000000001882299125
6000000001882304809
6000000001882367660
6000000001882371023
6000000001882377026
6000000001882426055
6000000001882445156
6000000001882446031
6000000001882448297
6000000001882454271
6000000001882455092
6000000001882473015
6000000001882791044
6000000001883570336
6000000001883714199
6000000001883796531
6000000001883847174
6000000001884009010
6000000001884725675
6000000001884729172
6000000001884769179
6000000001884771744
6000000001884782332
6000000001884795696
6000000001884831349
6000000001884935152
6000000001884965802
6000000001885101392
6000000001885922595
6000000001885940763
6000000001885953681
6000000001886017464
6000000001886024014
6000000001886056506
6000000001886090216
6000000001886097472
6000000001886099427
6000000001886112345
6000000001886204029
6000000001891186582
6000000001891192789
6000000001891281658
6000000001891480410
6000000001891504715
6000000001891541506
6000000001891573366
6000000001891599227
6000000001891607571
6000000001891609302
6000000001891706238
6000000001891715262
6000000001892006756
6000000001892047496
6000000001892047829
6000000001892060193
6000000001892132335
6000000001892188481
6000000001892190223
6000000001892224001
6000000001892239083
6000000001892241142
6000000001892244150
6000000001892247014
6000000001892248095
6000000001892416083
6000000001892423086
6000000001892434038
6000000001893058363
6000000001893076404
6000000001893078197
6000000001893089375
6000000001893090174
6000000001893099286
6000000001893107172
6000000001893109121
6000000001893109250
6000000001893111445
6000000001893120054
6000000001893123151
6000000001893134156
6000000001893187956
6000000001893273712
6000000001893286874
6000000001893308080
6000000001893310524
6000000001893315337
6000000001893332397
6000000001893333667
6000000001893366199
6000000001893370606
6000000001893377074
6000000001893384233
6000000001893406143
6000000001893412323
6000000001893412489
6000000001893413214
6000000001893421603
6000000001893436003
6000000001893442226
6000000001893491043
6000000001893561288
6000000001893597003
6000000001893600215
6000000001893636001
6000000001893637013
6000000001893638066
6000000001893798810
6000000001893848910
6000000001893949682
6000000001893988451
6000000001893988990
6000000001893994106
6000000001894203597
6000000001894299151
6000000001894302513
6000000001894339451
6000000001894395093
6000000001894397019
6000000001894502378
6000000001894867668
6000000001894872145
6000000001895181346
6000000001895238083
6000000001895294239
6000000001895388105
6000000001895470006
6000000001896305599
6000000001896322532
6000000001896400313
6000000001896427656
6000000001896442284
6000000001896445334
6000000001896445997
6000000001896462610
6000000001896465319
6000000001896480244
6000000001896483141
6000000001896519026
6000000001896602215
6000000001896603395
6000000001896630611
6000000001896674374
6000000001896683400
6000000001896700221
6000000001896703385
6000000001896719347
6000000001896723769
6000000001896736929
6000000001896757102
6000000001896757383
6000000001896759538
6000000001896759780
6000000001896759802
6000000001896775469
6000000001896780155
6000000001896784185
6000000001896806522
6000000001896830175
6000000001896849077
6000000001896860886
6000000001896863353
6000000001896865193
6000000001896869087
6000000001896874595
6000000001896883211
6000000001896893047
6000000001896895561
6000000001896898081
6000000001896900334
6000000001896908368
6000000001896918008
6000000001896934043
6000000001896941155
6000000001896982036
6000000001897030322
6000000001897052355
6000000001901731941
6000000001901943597
6000000001901962211
6000000001901962406
6000000001901963303
6000000001901963554
6000000001901967862
6000000001902012815
6000000001902016479
6000000001902042059
6000000001902055309
6000000001902075136
6000000001902079369
6000000001902084695
6000000001902133043
6000000001902157917
6000000001902165376
6000000001902166194
6000000001902172205
6000000001902174353
6000000001902175491
6000000001902176920
6000000001902189031
6000000001902197340
6000000001902213086
6000000001902221977
6000000001902236187
6000000001902240226
6000000001902245188
6000000001902256016
6000000001902262085
6000000001902262186
6000000001902304396
6000000001902304422
6000000001902335913
6000000001902360542
6000000001902366890
6000000001902399039
6000000001902427751
6000000001902435277
6000000001902447046
6000000001902482178
6000000001902483410
6000000001902488793
6000000001902492413
6000000001902512109
6000000001902515801
6000000001902520112
6000000001902523184
6000000001902528801
6000000001902529816
6000000001902532073
6000000001902542623
6000000001902546012
6000000001902556539
6000000001902557722
6000000001902609179
6000000001902612155
6000000001902657231
6000000001902705480
6000000001902731797
6000000001902742014
6000000001902777035
6000000001902777633
6000000001902786893
6000000001902811921
6000000001902834083
6000000001902863974
6000000001902870158
6000000001902895524
6000000001902898135
6000000001902906082
6000000001902944042
6000000001902945047
6000000001902963852
6000000001902965288
6000000001902977129
6000000001902986363
6000000001902987129
6000000001902996211
6000000001903016203
6000000001903054386
6000000001903055376
6000000001903060101
6000000001903064379
6000000001903086538
6000000001903091049
6000000001903109269
6000000001903109872
6000000001903131392
6000000001903134733
6000000001903140012
6000000001903163316
6000000001903175682
6000000001903177806
6000000001903206106
6000000001903212517
6000000001903241101
6000000001903242053
6000000001903261182
6000000001903272274
6000000001903293605
6000000001903318760
6000000001903322114
6000000001903323225
6000000001903338001
6000000001903341249
6000000001903351226
6000000001903352866
6000000001903392735
6000000001903397120
6000000001903552412
6000000001903597721
6000000001903633144
6000000001903645235
6000000001903649585
6000000001903652436
6000000001903661027
6000000001903661579
6000000001903665574
6000000001903678612
6000000001903696002
6000000001903697277
6000000001903698846
6000000001903703351
6000000001903735554
6000000001903772340
6000000001903787345
6000000001903794147
6000000001903804178
6000000001903825943
6000000001903828662
6000000001903830609
6000000001903835743
6000000001903843770
6000000001903845981
6000000001903852410
6000000001903868560
6000000001903870093
6000000001903873717
6000000001903901280
6000000001903902125
6000000001903902254
6000000001903902560
6000000001903909004
6000000001903914095
6000000001903920283
6000000001903940091
6000000001903940405
6000000001903943421
6000000001903948044
6000000001903953324
6000000001903958792
6000000001903975341
6000000001903977375
6000000001903986635
6000000001903999492
6000000001904003492
6000000001904019235
6000000001904028153
6000000001904030732
6000000001904045676
6000000001904061206
6000000001904064611
6000000001904082940
6000000001904126143
6000000001904137075
6000000001904195173
6000000001904222658
6000000001904234972
6000000001904254047
6000000001904256242
6000000001904257037
6000000001904279171
6000000001904312617
6000000001904316049
6000000001904326556
6000000001904336185
6000000001904374076
6000000001904377718
6000000001904380812
6000000001904387051
6000000001904392672
6000000001904407017
6000000001904421075
6000000001904428971
6000000001904457106
6000000001904474072
6000000001904483705
6000000001904483835
6000000001904486073
6000000001904547828
6000000001904564057
6000000001904565288
6000000001904592094
6000000001904594621
6000000001904614692
6000000001904616289
6000000001904676930
6000000001904712978
6000000001904732565
6000000001904744169
6000000001904753641
6000000001904757358
6000000001904772457
6000000001904782044
6000000001904794189
6000000001904799560
6000000001904812240
6000000001904812803
6000000001904822864
6000000001904850706
6000000001904877082
6000000001905345510
6000000001905352718
6000000001905424389
6000000001905440618
6000000001905443080
6000000001905448012
6000000001905549056
6000000001905619172
6000000001905684598
6000000001905695629
6000000001905695751
6000000001905698257
6000000001905717584
6000000001905765404
6000000001905874562
6000000001905998462
6000000001906062331
6000000001906073925
6000000001906109004
6000000001906169244
6000000001906180969
6000000001906213003
6000000001906278379
6000000001906342034
6000000001906461832
6000000001906509596
6000000001906556686
6000000001906650377
6000000001906654293
6000000001906654396
6000000001906667316
6000000001906667883
6000000001906677304
6000000001906677355
6000000001906682251
6000000001906690494
6000000001906720299
6000000001906727234
6000000001906738010
6000000001906745332
6000000001906746410
6000000001906753459
6000000001906821016
6000000001906842475
6000000001906844561
6000000001906854171
6000000001906858217
6000000001906862042
6000000001906867060
6000000001906889011
6000000001906889050
6000000001906922095
6000000001907005001
6000000001907023679
6000000001907132105
6000000001907187127
6000000001907254286
6000000001907332116
6000000001907385002
6000000001907386360
6000000001907386405
6000000001907388177
6000000001907392327
6000000001907392717
6000000001907392996
6000000001907395591
6000000001907417035
6000000001907417555
6000000001907439024
6000000001907491490
6000000001907501974
6000000001907546106
6000000001907572122
6000000001907607135
6000000001907610049
6000000001907614031
6000000001907618171
6000000001907646044
6000000001907658088
6000000001907678309
6000000001907680198
6000000001907876837
6000000001907881493
6000000001907979264
6000000001907993526
6000000001908002196
6000000001908014037
6000000001908057009
6000000001908061001
6000000001908071028
6000000001908074154
6000000001908342174
6000000001908342267
6000000001908419547
6000000001908484250
6000000001908509086
6000000001908528229
6000000001908545007
6000000001908560960
6000000001908563013
6000000001908570768
6000000001908572106
6000000001908616805
6000000001908643929
6000000001908803333
6000000001908869321
6000000001908875469
6000000001908902152
6000000001908929072
6000000001913804547
6000000001913848626
6000000001913876918
6000000001913880790
6000000001913937076
6000000001913943599
6000000001914004714
6000000001914026101
6000000001914026453
6000000001914041294
6000000001914053100
6000000001914054327
6000000001914071654
6000000001914072191
6000000001914073076
6000000001914114564
6000000001914129464
6000000001914132156
6000000001914165505
6000000001914165631
6000000001914189557
6000000001914228099
6000000001914251116
6000000001914275358
6000000001914309038
6000000001914568843
6000000001914806004
6000000001915997193
6000000001916011074
6000000001916156968
6000000001916276570
6000000001916316701
6000000001916428141
6000000001916454018
6000000001916721794
6000000001916764511
6000000001916881208
6000000001917140547
6000000001917253457
6000000001917647079
6000000001917649875
6000000001919331800
6000000001919688963
6000000001919719394
6000000001919725349
6000000001919824379
6000000001919828117
6000000001919828127
6000000001919912855
6000000001919918186
6000000001919918899
6000000001919935004
6000000001919954208
6000000001919974094
6000000001919976092
6000000001919978185
6000000001919982169
6000000001919983047
6000000001919993008
6000000001920047411
6000000001920081564
6000000001920170229
6000000001920170328
6000000001920246137
6000000001920274008
6000000001920283660
6000000001920435685
6000000001920484315
6000000001920548563
6000000001920564981
6000000001920607716
6000000001920617261
6000000001920621726
6000000001920673480
6000000001920689450
6000000001920702322
6000000001920702782
6000000001920715567
6000000001920733130
6000000001920735736
6000000001920754132
6000000001920763471
6000000001920769098
6000000001920792683
6000000001920793002
6000000001920795249
6000000001920795301
6000000001920858001
6000000001920864049
6000000001920873042
6000000001920904025
6000000001920913034
6000000001920913223
6000000001920913986
6000000001920914131
6000000001920924241
6000000001920948060
6000000001920954027
6000000001920995014
6000000001921155302
6000000001921160531
6000000001921204342
6000000001921277490
6000000001921278364
6000000001921290183
6000000001921306054
6000000001921437027
6000000001921738423
6000000001921746630
6000000001921907057
6000000001922187874
6000000001922257854
6000000001922341564
6000000001922487294
6000000001922493256
6000000001922501422
6000000001922541111
6000000001922591228
6000000001928517962
6000000001928553974
6000000001928591662
6000000001928605733
6000000001928611942
6000000001928676688
6000000001928691539
6000000001928779375
6000000001928791414
6000000001928800845
6000000001928877220
6000000001928906760
6000000001928909960
6000000001928915344
6000000001928919132
6000000001928921605
6000000001928926171
6000000001928942053
6000000001929037142
6000000001929053633
6000000001929058311
6000000001929071098
6000000001929075253
6000000001929107399
6000000001929128172
6000000001929159738
6000000001929165201
6000000001930374908
6000000001930687901
6000000001930697533
6000000001930817523
6000000001930859536
6000000001930859825
6000000001930892706
6000000001930899784
6000000001930917849
6000000001930932955
6000000001930955340
6000000001930963883
6000000001930972370
6000000001930975517
6000000001930975613
6000000001930976606
6000000001931019520
6000000001931051465
6000000001931082330
6000000001931091279
6000000001931107302
6000000001931140356
6000000001931145043
6000000001931156744
6000000001931157201
6000000001931182278
6000000001931183724
6000000001931201141
6000000001931204109
6000000001931237071
6000000001931282107
6000000001931380001
6000000001931392124
6000000001931434204
6000000001931435027
6000000001931435056
6000000001931443010
6000000001931748904
6000000001931770809
6000000001931770990
6000000001931983684
6000000001932031722
6000000001932064076
6000000001932091241
6000000001932117148
6000000001932120034
6000000001932455937
6000000001932800799
6000000001932879708
6000000001932927768
6000000001933010271
6000000001933062679
6000000001933062981
6000000001933152190
6000000001933153462
6000000001933159603
6000000001933164961
6000000001933182517
6000000001933195172
6000000001933207147
6000000001933217256
6000000001933289206
6000000001933440156
6000000001933446325
6000000001933522209
6000000001933539084
6000000001933589004
6000000001934131388
6000000001934171128
6000000001934208556
6000000001934397906
6000000001934427547
6000000001934528373
6000000001934537856
6000000001934543162
6000000001934551042
6000000001934664118
6000000001934715122
6000000001934946355
6000000001934991207
6000000001935233128
6000000001945692974
6000000001945835109
6000000001945870277
6000000001945903061
6000000001947593639
6000000001947604577
6000000001947699535
6000000001949068678
6000000001949250124
6000000001949696500
6000000001950141295
6000000001950449162
6000000001950479655
6000000001950545835
6000000001950547212
6000000001950557106
6000000001950564107
6000000001950627133
6000000001950633478
6000000001950689405
6000000001950726235
6000000001950745193
6000000001950745379
6000000001950746082
6000000001950766196
6000000001950766294
6000000001950778257
6000000001950778722
6000000001950821035
6000000001950861953
6000000001950869186
6000000001950894598
6000000001950958226
6000000001950975101
6000000001950978060
6000000001950982397
6000000001950984002
6000000001951002074
6000000001951006528
6000000001951503339
6000000001951605200
6000000001952077558
6000000001952102881
6000000001952108006
6000000001952260956
6000000001957452980
6000000001957747803
6000000001957785306
6000000001957796343
6000000001957894001
6000000001957942069
6000000001957950526
6000000001957968330
6000000001958069156
6000000001958108174
6000000001958109174
6000000001958158027
6000000001962594853
6000000001963046146
6000000001963072434
6000000001963089223
6000000001964207119
6000000001964211894
6000000001964228715
6000000001964233982
6000000001964238692
6000000001964347545
6000000001964366289
6000000001964377486
6000000001964383220
6000000001964386484
6000000001964394487
6000000001964394528
6000000001964413789
6000000001964416519
6000000001964420171
6000000001964435469
6000000001964438861
6000000001964457482
6000000001964483531
6000000001964551061
6000000001964567185
6000000001964576164
6000000001964579016
6000000001964596340
6000000001964599017
6000000001973852083
6000000001973897926
6000000001973926460
6000000001974031240
6000000001974040282
6000000001974090081
6000000001974090154
6000000001974091104
6000000001974094027
6000000001976087150
6000000001976255607
6000000001976402540
6000000001976527338
6000000001976549667
6000000001976574431
6000000001976587634
6000000001976988754
6000000001976993982
6000000001977331557
6000000001977395469
6000000001977402968
6000000001977445676
6000000001977445802
6000000001977473899
6000000001977513319
6000000001977538715
6000000001977540355
6000000001977551481
6000000001977651378
6000000001977671479
6000000001977692739
6000000001977698410
6000000001977700019
6000000001977716421
6000000001977716610
6000000001977787242
6000000001977787282
6000000001977847579
6000000001977850653
6000000001977907478
6000000001977979081
6000000001978851051
6000000001984917079
6000000001984921766
6000000001984936088
6000000001984940160
6000000001984989082
6000000001985007575
6000000001985036567
6000000001985038622
6000000001985102872
6000000001985104786
6000000001985104827
6000000001985107443
6000000001985168484
6000000001985210546
6000000001985336274
6000000001985384433
6000000001985553362
6000000001985574639
6000000001985603362
6000000001985616076
6000000001985641512
6000000001985642297
6000000001985713343
6000000001985718201
6000000001987513251
6000000001987563202
6000000001987590335
6000000001987740594
6000000001987828876
6000000001987882990
6000000001987901419
6000000001987936250
6000000001987978055
6000000001988019108
6000000001988897238
6000000001989270337
6000000001989496422
6000000001989563352
6000000001989599334
6000000001989604160
6000000001989699050
6000000001989703068
6000000001991273651
6000000001991369925
6000000001991487824
6000000001991503165
6000000001991511517
6000000001991626336
6000000001991647330
6000000001991657562
6000000001991684044
6000000001991688228
6000000001991689753
6000000001991692306
6000000001991800201
6000000001991801040
6000000001991814159
6000000001996386660
6000000001996554832
6000000001996588611
6000000001996645816
6000000001996656284
6000000001996658367
6000000001996662792
6000000001996687020
6000000001996731504
6000000001997595431
6000000001997656774
6000000001997829791
6000000001997860124
6000000001997881643
6000000001997891264
6000000001997891311
6000000001997893685
6000000001997919004
6000000001997951077
6000000001997979473
6000000001998042210
6000000001998237692
6000000001998385631
6000000001998394324
6000000001998394481
6000000001998416229
6000000001998431191
6000000001998436039
6000000001998440040
6000000001998440066
6000000001998467064
6000000001998468065
6000000001998481295
6000000001998572914
6000000001998679049
6000000001998758539
6000000001998787418
6000000001998909980
6000000001998920582
6000000001998950996
6000000001998951875
6000000001998956677
6000000001998959477
6000000001998968947
6000000001998981690
6000000001998989515
6000000001998999596
6000000001999000261
6000000001999026152
6000000001999027181
6000000001999034314
6000000001999055759
6000000001999059146
6000000001999078382
6000000001999108244
6000000001999115246
6000000001999134332
6000000001999153848
6000000001999340448
6000000001999404215
6000000001999404466
6000000001999415090
6000000001999415132
6000000001999422157
6000000001999422299
6000000001999465450
6000000001999493771
6000000001999500147
6000000001999503188
6000000001999508221
6000000001999532727
6000000001999556566
6000000001999592033
6000000001999622358
6000000001999700234
6000000002011720471
6000000002011760715
6000000002011764451
6000000002011766877
6000000002011844171
6000000002011854215
6000000002011869887
6000000002039544553
6000000002039571508
6000000002039711104
6000000002039711241
6000000002039745463
6000000002039751362
6000000002039755863
6000000002039880063
6000000002039904687
6000000002039915289
6000000002039929138
6000000002039950067
6000000002039963109
6000000002039974016
6000000002048439278
6000000002114239330
6000000002125954147
6000000002150140293
6000000002157419183
6000000002157419311
6000000002157422611
6000000002157427157
6000000002157766175
6000000002157809192
6000000002157854534
6000000002157907030
6000000002157907316
6000000002157944472
6000000002157973224
6000000002157976148
6000000002157995200
6000000002158012794
6000000002158434031
6000000002159876992
6000000002159893414
6000000002159947284
6000000002159948198
6000000002159977382
6000000002160038250
6000000002160065116
6000000002160081270
6000000002160119005
6000000002160139102
6000000002167591227
6000000002167591696
6000000002175669163
6000000002175689395
6000000002175902836
6000000002175912846
6000000002175936490
6000000002175951669
6000000002175965945
6000000002176013683
6000000002176020472
6000000002176060555
6000000002176072647
6000000002176091230
6000000002176127305
6000000002176127672
6000000002176146256
6000000002176168835
6000000002176178541
6000000002176262771
6000000002176306010
6000000002176368254
6000000002176425870
6000000002176448438
6000000002176478231
6000000002176625369
6000000002176640106
6000000002176667357
6000000002176704339
6000000002176776124
6000000002176965802
6000000002177074519
6000000002177114502
6000000002177197597
6000000002177258977
6000000002177270080
6000000002177282133
6000000002177386096
6000000002177475704
6000000002177534448
6000000002177574521
6000000002177649260
6000000002178744996
6000000002178861529
6000000002178897995
6000000002179303346
6000000002179312213
6000000002179414251
6000000002179472596
6000000002179578152
6000000002180095733
6000000002180119396
6000000002180230519
6000000002180281625
6000000002180441051
6000000002180602039
6000000002180669123
6000000002180805430
6000000002181397179
6000000002181653479
6000000002182090290
6000000002182090873
6000000002182150771
6000000002182228549
6000000002182253049
6000000002182332985
6000000002182410554
6000000002182426302
6000000002182456940
6000000002182465339
6000000002182526199
6000000002182539548
6000000002182595628
6000000002182632611
6000000002182699955
6000000002182721025
6000000002182740643
6000000002182793520
6000000002182805500
6000000002182853274
6000000002182856282
6000000002187595924
6000000002187660456
6000000002187776206
6000000002187877041
6000000002187938971
6000000002187975171
6000000002188144141
6000000002188144190
6000000002188144198
6000000002188144320
6000000002188144328
6000000002188144335
6000000002188144343
6000000002188144504
6000000002188144512
6000000002188144533
6000000002188144604
6000000002188144615
6000000002188144705
6000000002188144713
6000000002188161351
6000000002188175658
6000000002188234668
6000000002188262249
6000000002188264604
6000000002188331099
6000000002188369982
6000000002188580253
6000000002188590328
6000000002188982281
6000000002189013412
6000000002189044073
6000000002189063272
6000000002189066266
6000000002189074772
6000000002189113199
6000000002189129084
6000000002189165912
6000000002189191133
6000000002189209042
6000000002189252829
6000000002189272203
6000000002189277819
6000000002189325160
6000000002189355441
6000000002189389950
6000000002189422977
6000000002189441795
6000000002189451454
6000000002189472124
6000000002189549004
6000000002189557453
6000000002189590553
6000000002189593625
6000000002189606525
6000000002189665174
6000000002190045599
6000000002190093878
6000000002190110167
6000000002190110572
6000000002190139870
6000000002190142081
6000000002190151208
6000000002190179084
6000000002190200061
6000000002190206913
6000000002190212049
6000000002190216287
6000000002190218368
6000000002190226379
6000000002190257046
6000000002190258046
6000000002190268125
6000000002190285046
6000000002190287058
6000000002190300023
6000000002190307708
6000000002190328275
6000000002190332540
6000000002190420864
6000000002190429591
6000000002190440822
6000000002190454022
6000000002190463974
6000000002190613435
6000000002190629534
6000000002190640682
6000000002190670019
6000000002190716252
6000000002190774525
6000000002190802375
6000000002190855412
6000000002190865086
6000000002190892097
6000000002190902175
6000000002190916383
6000000002190920335
6000000002191030487
6000000002191076296
6000000002191078326
6000000002191113408
6000000002191114005
6000000002191150199
6000000002191155550
6000000002191331013
6000000002191333153
6000000002191375064
6000000002191748013
6000000002192065509
6000000002193199352
6000000002193239344
6000000002193664637
6000000002193793559
6000000002201663897
6000000002201762405
6000000002202011824
6000000002202258451
6000000002202297573
6000000002202302540
6000000002202343280
6000000002202553261
6000000002202568094
6000000002202569275
6000000002202599045
6000000002202599186
6000000002202608016
6000000002202608207
6000000002203797878
6000000002203960891
6000000002204041453
6000000002204067380
6000000002204126708
6000000002204129489
6000000002204170256
6000000002204202283
6000000002204208605
6000000002204242094
6000000002204262922
6000000002204416542
6000000002204416615
6000000002204430381
6000000002204655080
6000000002204712346
6000000002210239953
6000000002210376049
6000000002211093089
6000000002211204462
6000000002211284091
6000000002211292089
6000000002211292196
6000000002211335074
6000000002211361681
6000000002211746572
6000000002211808459
6000000002211839210
6000000002211900353
6000000002211941462
6000000002211976420
6000000002212003020
6000000002212061997
6000000002212077132
6000000002213481472
6000000002213749714
6000000002213765130
6000000002213792081
6000000002213840336
6000000002213845367
6000000002213862111
6000000002213863402
6000000002213875198
6000000002213876054
6000000002213887266
6000000002213924217
6000000002213924850
6000000002213967550
6000000002213993362
6000000002214070364
6000000002214136110
6000000002224566386
6000000002224647015
6000000002230371742
6000000002230401592
6000000002230433647
6000000002230436327
6000000002230470711
6000000002230476070
6000000002230692072
6000000002230735708
6000000002230739049
6000000002230740244
6000000002230760139
6000000002231024924
6000000002231041862
6000000002231241832
6000000002231250802
6000000002231287594
6000000002231371185
6000000002231445169
6000000002231447401
6000000002231460175
6000000002231504154
6000000002231507797
6000000002231550137
6000000002231902525
6000000002231972437
6000000002231972495
6000000002232112061
6000000002232365764
6000000002232468766
6000000002232482822
6000000002232596306
6000000002232663446
6000000002232697236
6000000002232706479
6000000002232717960
6000000002232875239
6000000002232925571
6000000002232963326
6000000002232975225
6000000002232978085
6000000002232984373
6000000002239152670
6000000002239261516
6000000002239373694
6000000002239416756
6000000002239460352
6000000002240199572
6000000002240225353
6000000002240269512
6000000002240373487
6000000002240382444
6000000002240389153
6000000002240389635
6000000002240512349
6000000002240521350
6000000002240525211
6000000002240776631
6000000002240858971
6000000002241066770
6000000002241073309
6000000002241074670
6000000002241113802
6000000002241116949
6000000002241140583
6000000002241196378
6000000002241304294
6000000002241339056
6000000002241357006
6000000002241380071
6000000002241412009
6000000002241506611
6000000002241507532
6000000002241507745
6000000002241617001
6000000002241638024
6000000002241638434
6000000002241639331
6000000002241648156
6000000002241741445
6000000002241746394
6000000002241880955
6000000002241923553
6000000002241948258
6000000002241972850
6000000002241999357
6000000002242088106
6000000002242088291
6000000002242095137
6000000002242134035
6000000002242177978
6000000002242370310
6000000002242382620
6000000002242487242
6000000002242551178
6000000002242551360
6000000002242558018
6000000002243114657
6000000002243338919
6000000002243505385
6000000002243609148
6000000002243633017
6000000002266224688
6000000002266301458
6000000002266341949
6000000002266401930
6000000002266519717
6000000002266657155
6000000002266659040
6000000002266705285
6000000002266707311
6000000002266717089
6000000002266814233
6000000002266973254
6000000002266986436
6000000002267159220
6000000002267733615
6000000002267773255
6000000002267817765
6000000002267982150
6000000002267988442
6000000002268600140
6000000002268973958
6000000002269003681
6000000002269023596
6000000002269089385
6000000002269089570
6000000002269111332
6000000002269116306
6000000002269129021
6000000002269155448
6000000002269165075
6000000002269211035
6000000002269994400
6000000002270346863
6000000002270551123
6000000002270609892
6000000002271022273
6000000002271029515
6000000002271346941
6000000002271347708
6000000002271499486
6000000002280996127
6000000002281715909
6000000002282050667
6000000002297232706
6000000002297272000
6000000002297397220
6000000002297438371
6000000002297443415
6000000002297448275
6000000002297476864
6000000002297560074
6000000002297560128
6000000002316280869
6000000002316288694
6000000002316311912
6000000002316315982
6000000002316438080
6000000002316472622
6000000002316505383
6000000002316523976
6000000002316578360
6000000002316623011
6000000002316638232
6000000002316641955
6000000002316649823
6000000002316734328
6000000002316750568
6000000002316761754
6000000002316812217
6000000002316830114
6000000002316835236
6000000002316836106
6000000002316892117
6000000002316900078
6000000002316965378
6000000002317219235
6000000002317222459
6000000002335169692
6000000002335258275
6000000002335298788
6000000002335320708
6000000002335409205
6000000002344479564
6000000002344828152
6000000002344870069
6000000002344937027
6000000002356922444
6000000002357007137
6000000002357034064
6000000002367680991
6000000002367846935
6000000002367873201
6000000002367881495
6000000002369173802
6000000002369272005
6000000002369291590
6000000002369313614
6000000002369324194
6000000002369337223
6000000002369357075
6000000002369384092
6000000002369400187
6000000002369402125
6000000002369402702
6000000002369441103
6000000002369462015
6000000002369465629
6000000002369538046
6000000002369554426
6000000002369564139
6000000002369656089
6000000002371725896
6000000002371758494
6000000002371764379
6000000002371794421
6000000002371831971
6000000002371846048
6000000002371850011
6000000002371863291
6000000002371864250
6000000002371895095
6000000002371901592
6000000002371964146
6000000002371964635
6000000002372010391
6000000002372084336
6000000002372084597
6000000002372090284
6000000002372093131
6000000002372112350
6000000002372128054
6000000002372130026
6000000002381491342
6000000002382102986
6000000002382353037
6000000002382373016
6000000002382396459
6000000002382441388
6000000002383103421
6000000002383118467
6000000002392399287
6000000002393155303
6000000002393238266
6000000002393375187
6000000002394049229
6000000002401385065
6000000002401406140
6000000002401879619
6000000002402015951
6000000002402080556
6000000002402118221
6000000002402172325
6000000002402202385
6000000002413986448
6000000002413992289
6000000002414201129
6000000002414235244
6000000002414599850
6000000002414684672
6000000002414705137
6000000002414732208
6000000002414758193
6000000002414763162
6000000002414872796
6000000002414891682
6000000002414952643
6000000002415026874
6000000002415041487
6000000002415075217
6000000002415081732
6000000002415085351
6000000002415087796
6000000002415088435
6000000002415105655
6000000002415127989
6000000002415140200
6000000002415144630
6000000002415144974
6000000002415177442
6000000002415200713
6000000002415209791
6000000002415210630
6000000002415223128
6000000002415235824
6000000002415243594
6000000002415243761
6000000002415275264
6000000002415281255
6000000002415292369
6000000002415299269
6000000002415299558
6000000002415314098
6000000002415337238
6000000002415337314
6000000002415351228
6000000002415402139
6000000002415408015
6000000002415418202
6000000002415420031
6000000002415453038
6000000002415458212
6000000002415493066
6000000002415664562
6000000002415727840
6000000002415810357
6000000002415813106
6000000002415869052
6000000002415873277
6000000002415878347
6000000002415927396
6000000002415947302
6000000002415951496
6000000002415960060
6000000002415964471
6000000002415994961
6000000002416020672
6000000002416030104
6000000002416033374
6000000002416037608
6000000002416067384
6000000002416099481
6000000002416105763
6000000002416128495
6000000002416143186
6000000002416148765
6000000002416174208
6000000002416194520
6000000002416215479
6000000002416217634
6000000002416221491
6000000002416224737
6000000002416224839
6000000002416227162
6000000002416231190
6000000002416239180
6000000002416247373
6000000002416251148
6000000002416274210
6000000002416276234
6000000002416330829
6000000002416344212
6000000002416350296
6000000002416358404
6000000002416362313
6000000002416362744
6000000002416373711
6000000002416377200
6000000002416379610
6000000002416425485
6000000002416431387
6000000002416431524
6000000002416431635
6000000002416434382
6000000002416434399
6000000002416448145
6000000002416448803
6000000002416461164
6000000002416461241
6000000002416461671
6000000002416461898
6000000002416467063
6000000002416479066
6000000002416482159
6000000002416488577
6000000002416500073
6000000002416500120
6000000002416524102
6000000002416528464
6000000002416532761
6000000002416533126
6000000002416534163
6000000002416535194
6000000002416536141
6000000002416537219
6000000002416539083
6000000002416568045
6000000002416596285
6000000002416607024
6000000002416619310
6000000002416643453
6000000002416653004
6000000002416687620
6000000002416695353
6000000002416695600
6000000002416702056
6000000002416703483
6000000002416709209
6000000002416710248
6000000002416741297
6000000002417016265
6000000002417035923
6000000002417051799
6000000002417066958
6000000002417095332
6000000002417102258
6000000002417105819
6000000002417118384
6000000002417146960
6000000002417198463
6000000002417207266
6000000002417207621
6000000002417207983
6000000002417281109
6000000002417281817
6000000002417286251
6000000002417332468
6000000002417394228
6000000002417445200
6000000002417483273
6000000002417484861
6000000002417495208
6000000002417499741
6000000002417539001
6000000002417539520
6000000002417549521
6000000002417575019
6000000002417631426
6000000002417641187
6000000002417645337
6000000002417651251
6000000002417655069
6000000002417672877
6000000002417717766
6000000002417717963
6000000002417724861
6000000002417735610
6000000002417747168
6000000002417778895
6000000002417823136
6000000002417834107
6000000002417834787
6000000002417835278
6000000002417858174
6000000002417881285
6000000002417882263
6000000002417897005
6000000002418096774
6000000002418116028
6000000002418161302
6000000002418311245
6000000002418368815
6000000002418376193
6000000002418390022
6000000002418409466
6000000002418413934
6000000002418420611
6000000002418470710
6000000002418520079
6000000002418543372
6000000002418553074
6000000002418555167
6000000002418555751
6000000002418560586
6000000002418612114
6000000002418647325
6000000002418728032
6000000002418733087
6000000002418742651
6000000002418754432
6000000002418754654
6000000002418810398
6000000002418848242
6000000002418857099
6000000002418873245
6000000002418898035
6000000002419004197
6000000002419483457
6000000002419815206
6000000002419907442
6000000002420151037
6000000002420197205
6000000002421303820
6000000002421391715
6000000002421415704
6000000002421521831
6000000002421525629
6000000002421535299
6000000002421550147
6000000002421614699
6000000002421701002
6000000002421729001
6000000002431458666
6000000002431546793
6000000002431763470
6000000002431816272
6000000002431821665
6000000002431839557
6000000002431926223
6000000002431955123
6000000002432079001
6000000002432275023
6000000002433310637
6000000002433468454
6000000002440251920
6000000002440474568
6000000002440487375
6000000002440494466
6000000002440498867
6000000002440561454
6000000002440584471
6000000002440587238
6000000002440591934
6000000002440605566
6000000002440605943
6000000002440620395
6000000002440667615
6000000002440709717
6000000002440758984
6000000002440762195
6000000002440783432
6000000002440811939
6000000002440818651
6000000002440828435
6000000002440875509
6000000002440887230
6000000002440889805
6000000002440965036
6000000002440965465
6000000002441035713
6000000002441038840
6000000002441041881
6000000002441078451
6000000002441103217
6000000002441160019
6000000002441163802
6000000002441164008
6000000002441225480
6000000002441259329
6000000002441268458
6000000002441360624
6000000002441363417
6000000002441366823
6000000002441367694
6000000002441377017
6000000002441391639
6000000002441399238
6000000002441399342
6000000002441400178
6000000002441425438
6000000002441436113
6000000002441439194
6000000002441454311
6000000002441484021
6000000002441484473
6000000002441531555
6000000002441575236
6000000002441581246
6000000002441722028
6000000002441754127
6000000002442091583
6000000002442104643
6000000002442130654
6000000002442173325
6000000002442214190
6000000002442267152
6000000002442322201
6000000002442322770
6000000002442324085
6000000002442343329
6000000002442352042
6000000002442356112
6000000002442394187
6000000002442407405
6000000002442442080
6000000002442447917
6000000002442464283
6000000002442509795
6000000002442554571
6000000002442564070
6000000002442573342
6000000002442573770
6000000002442618802
6000000002442680050
6000000002442686023
6000000002442725568
6000000002442731503
6000000002442739004
6000000002442759086
6000000002442835026
6000000002445898811
6000000002446334716
6000000002446471431
6000000002446472236
6000000002446578798
6000000002446619751
6000000002446676131
6000000002446688316
6000000002446693053
6000000002446702404
6000000002446705044
6000000002446729259
6000000002448662939
6000000002448830240
6000000002456318352
6000000002456339328
6000000002457929789
6000000002458141346
6000000002458141400
6000000002458569219
6000000002458582236
6000000002469830633
6000000002469885536
6000000002469912716
6000000002469931332
6000000002469964129
6000000002470000430
6000000002470001163
6000000002470004111
6000000002470043217
6000000002470055175
6000000002470062004
6000000002470156594
6000000002470370311
6000000002470429778
6000000002470430236
6000000002470440662
6000000002470511863
6000000002470547321
6000000002470675081
6000000002470688810
6000000002470732076
6000000002470779509
6000000002470792099
6000000002470803441
6000000002470808505
6000000002470927787
6000000002471012086
6000000002471021725
6000000002471024008
6000000002471027843
6000000002471056099
6000000002471105726
6000000002471126634
6000000002471306463
6000000002471308728
6000000002471316502
6000000002471411164
6000000002471552008
6000000002471567023
6000000002471567919
6000000002471696950
6000000002471912276
6000000002472526795
6000000002472664248
6000000002472896264
6000000002472904242
6000000002473196902
6000000002473203405
6000000002473233217
6000000002473246496
6000000002473274067
6000000002473274538
6000000002473366047
6000000002473830969
6000000002474337420
6000000002474371229
6000000002474421239
6000000002474430451
6000000002474520142
6000000002479135651
6000000002480303024
6000000002481253260
6000000002481254239
6000000002482621650
6000000002482689383
6000000002482708275
6000000002482760242
6000000002482826641
6000000002482957285
6000000002483183211
6000000002483290755
6000000002485052552
6000000002485261968
6000000002485299685
6000000002485365537
6000000002485536242
6000000002485604261
6000000002485643175
6000000002485701025
6000000002485728436
6000000002485752138
6000000002492247791
6000000002492259133
6000000002492337980
6000000002492375137
6000000002492396016
6000000002492528651
6000000002492640963
6000000002492654321
6000000002492691459
6000000002492696009
6000000002492752043
6000000002492752630
6000000002492752800
6000000002492831406
6000000002492834246
6000000002492850155
6000000002492863368
6000000002492950028
6000000002493325334
6000000002493331222
6000000002493357421
6000000002493382022
6000000002493414307
6000000002493417103
6000000002493468031
6000000002493870164
6000000002493873321
6000000002493898466
6000000002493906359
6000000002493932073
6000000002493969301
6000000002494069423
6000000002494112110
6000000002494135446
6000000002494194200
6000000002494404531
6000000002494404653
6000000002494404685
6000000002494644742
6000000002494647482
6000000002494652554
6000000002494685514
6000000002494719061
6000000002494721136
6000000002494723396
6000000002494736206
6000000002494743422
6000000002494834620
6000000002506432634
6000000002506614254
6000000002506744088
6000000002506854990
6000000002506897689
6000000002507067700
6000000002507078241
6000000002507131045
6000000002507207235
6000000002507382081
6000000002508549298
6000000002510973487
6000000002511161907
6000000002511409129
6000000002511445175
6000000002517165157
6000000002517190525
6000000002520356485
6000000002520376979
6000000002520432490
6000000002520432564
6000000002520466211
6000000002520476558
6000000002520483221
6000000002520487194
6000000002520495174
6000000002520507200
6000000002520508077
6000000002520512131
6000000002520530088
6000000002520571110
6000000002520571318
6000000002520603591
6000000002520606518
6000000002520606593
6000000002520629082
6000000002521922295
6000000002521969160
6000000002530322340
6000000002530327624
6000000002530538967
6000000002530676445
6000000002530681309
6000000002530726252
6000000002530734347
6000000002530738855
6000000002530758214
6000000002531032564
6000000002531208228
6000000002531322147
6000000002531963071
6000000002533351073
6000000002533376344
6000000002533558094
6000000002535404020
6000000002547064942
6000000002547177975
6000000002573855206
6000000002578989154
6000000002579035647
6000000002579108251
6000000002579246927
6000000002579295664
6000000002579492104
6000000002579494468
6000000002579565056
6000000002579685009
6000000002580223093
6000000002580226731
6000000002580718989
6000000002580786839
6000000002580852776
6000000002580929421
6000000002580948440
6000000002581143986
6000000002581367090
6000000002581472689
6000000002581477612
6000000002581477634
6000000002581526273
6000000002581537159
6000000002581550214
6000000002581553090
6000000002581566269
6000000002581569270
6000000002581573209
6000000002592442839
6000000002592801928
6000000002592836331
6000000002592837028
6000000002592843925
6000000002592844920
6000000002592847127
6000000002592890026
6000000002592900495
6000000002592902207
6000000002592916009
6000000002592936042
6000000002593234962
6000000002593280335
6000000002603221913
6000000002603426734
6000000002603504814
6000000002603536759
6000000002603647004
6000000002603896647
6000000002603905714
6000000002603912330
6000000002603913611
6000000002603956348
6000000002603956423
6000000002607704406
6000000002607801859
6000000002607809801
6000000002607833791
6000000002607874459
6000000002607934255
6000000002608110029
6000000002616299320
6000000002619701948
6000000002619918869
6000000002620146022
6000000002620148270
6000000002620162171
6000000002620162626
6000000002620223416
6000000002621124737
6000000002622815399
6000000002627829563
6000000002627847479
6000000002627898422
6000000002627986352
6000000002628007823
6000000002628052003
6000000002628083024
6000000002631100649
6000000002631136777
6000000002631193633
6000000002631232113
6000000002631267972
6000000002631274374
6000000002631311324
6000000002631319176
6000000002631352494
6000000002631353365
6000000002631399146
6000000002640553457
6000000002643497877
6000000002643612170
6000000002643613173
6000000002643626446
6000000002643637176
6000000002643686599
6000000002643722957
6000000002643824096
6000000002646607592
6000000002646651514
6000000002646707019
6000000002646873182
6000000002647641007
6000000002656855894
6000000002656868949
6000000002656896094
6000000002656923343
6000000002657010417
6000000002657016391
6000000002657101253
6000000002659413558
6000000002659413608
6000000002659559036
6000000002659657360
6000000002659672410
6000000002659681044
6000000002659787511
6000000002659822621
6000000002660633540
6000000002660847899
6000000002661043445
6000000002666515811
6000000002667184412
6000000002667396797
6000000002667822924
6000000002667852460
6000000002667968117
6000000002667977741
6000000002668068001
6000000002668079067
6000000002668182423
6000000002668191241
6000000002668193837
6000000002668247037
6000000002668250053
6000000002668265389
6000000002670125479
6000000002677990073
6000000002678705262
6000000002680080694
6000000002680113330
6000000002680121096
6000000002680123867
6000000002680131240
6000000002680138157
6000000002680181055
6000000002680336631
6000000002680366817
6000000002680612078
6000000002680614313
6000000002680880252
6000000002680887054
6000000002680893485
6000000002680895825
6000000002680964089
6000000002681042004
6000000002681148002
6000000002681471367
6000000002683353129
6000000002683544588
6000000002683613070
6000000002690261802
6000000002696159805
6000000002696395100
6000000002696944379
6000000002697030201
6000000002706540480
6000000002707157061
6000000002714891907
6000000002715001561
6000000002715036670
6000000002715082777
6000000002715094693
6000000002715192907
6000000002716154502
6000000002719071843
6000000002719297696
6000000002741193277
6000000002741571175
6000000002741741610
6000000002742619249
6000000002742632249
6000000002742679104
6000000002742936551
6000000002742970619
6000000002755038432
6000000002755095032
6000000002764665106
6000000002764665414
6000000002768564793
6000000002778408975
6000000002778497631
6000000002778502705
6000000002778537318
6000000002778734211
6000000002778956817
6000000002778969422
6000000002779111164
6000000002779197240
6000000002779244097
6000000002801743082
6000000002803136617
6000000002803374331
6000000002803389494
6000000002803720237
6000000002803803329
6000000002803823030
6000000002804029631
6000000002804036532
6000000002804259021
6000000002804260016
6000000002815940751
6000000002816118943
6000000002816370211
6000000002816425512
6000000002816432266
6000000002816496697
6000000002816507649
6000000002816527405
6000000002816552642
6000000002816575730
6000000002816584073
6000000002816586771
6000000002816605546
6000000002816650226
6000000002816665963
6000000002816698412
6000000002816716594
6000000002816770517
6000000002816859750
6000000002816862398
6000000002816877242
6000000002816880399
6000000002816904253
6000000002816904591
6000000002816912974
6000000002816918174
6000000002816918449
6000000002816925058
6000000002816929515
6000000002816940755
6000000002816950951
6000000002816987273
6000000002816992123
6000000002817019258
6000000002817121377
6000000002817139438
6000000002817288335
6000000002824585941
6000000002824658787
6000000002824758971
6000000002824764012
6000000002824765856
6000000002824769395
6000000002824794624
6000000002824810988
6000000002824815890
6000000002824824705
6000000002824827864
6000000002824868611
6000000002824876312
6000000002824878486
6000000002824878979
6000000002824884375
6000000002824889427
6000000002824901231
6000000002824949633
6000000002824961806
6000000002824977823
6000000002824981138
6000000002824989273
6000000002824994583
6000000002825083733
6000000002825096284
6000000002825117452
6000000002825147402
6000000002825183124
6000000002825189537
6000000002825190641
6000000002825196413
6000000002825198090
6000000002825204120
6000000002825212250
6000000002825216297
6000000002825235761
6000000002825272277
6000000002825274073
6000000002825278653
6000000002825761954
6000000002825904857
6000000002825919441
6000000002825930327
6000000002825941961
6000000002825959523
6000000002825977790
6000000002825980851
6000000002825999111
6000000002826007479
6000000002826050570
6000000002826071080
6000000002826094685
6000000002826109979
6000000002826179556
6000000002826182825
6000000002826256744
6000000002826287080
6000000002826291662
6000000002826317814
6000000002826322004
6000000002826331889
6000000002826342572
6000000002826354380
6000000002826356496
6000000002826381014
6000000002826393274
6000000002826437052
6000000002826438017
6000000002826451013
6000000002826482284
6000000002826482739
6000000002826488004
6000000002826605747
6000000002826671616
6000000002826806406
6000000002826806575
6000000002826846228
6000000002826850067
6000000002826864150
6000000002826874223
6000000002826877657
6000000002826949136
6000000002827083118
6000000002827085161
6000000002827184971
6000000002827388648
6000000002827388736
6000000002827402610
6000000002827416357
6000000002827433754
6000000002827454907
6000000002827460403
6000000002827476416
6000000002827521836
6000000002827536260
6000000002827550264
6000000002827550418
6000000002827552638
6000000002827609349
6000000002827612800
6000000002827635171
6000000002827652492
6000000002827658031
6000000002827663815
6000000002827709087
6000000002830728863
6000000002830729894
6000000002831047537
6000000002831113373
6000000002831351553
6000000002831859480
6000000002836282832
6000000002836289726
6000000002836294443
6000000002836296775
6000000002836350593
6000000002836393960
6000000002836404861
6000000002836431651
6000000002836454249
6000000002836470667
6000000002836484949
6000000002836492357
6000000002836496233
6000000002836500585
6000000002836524698
6000000002836530005
6000000002836541183
6000000002836547887
6000000002836547925
6000000002836549094
6000000002836561366
6000000002836578597
6000000002836581069
6000000002836614463
6000000002836617404
6000000002836619798
6000000002836643298
6000000002836684514
6000000002836700691
6000000002836710090
6000000002836758244
6000000002836778116
6000000002836845437
6000000002836845615
6000000002836845911
6000000002836849575
6000000002836862716
6000000002836865828
6000000002836873947
6000000002836882650
6000000002836892576
6000000002836905767
6000000002836925610
6000000002836946524
6000000002836946569
6000000002836955294
6000000002836958428
6000000002836960760
6000000002836960835
6000000002836964310
6000000002836980519
6000000002836980534
6000000002836980626
6000000002836984724
6000000002836984900
6000000002837000406
6000000002837030456
6000000002837030581
6000000002837030713
6000000002837044180
6000000002837049030
6000000002837063222
6000000002837065403
6000000002837066535
6000000002837068138
6000000002837081361
6000000002837084082
6000000002837086075
6000000002837086130
6000000002837086501
6000000002837086582
6000000002837107457
6000000002837115326
6000000002837125449
6000000002837136241
6000000002837139020
6000000002837142343
6000000002837148182
6000000002837160222
6000000002837161145
6000000002837166204
6000000002837170902
6000000002837173067
6000000002837228131
6000000002837245401
6000000002837248191
6000000002837266043
6000000002837302185
6000000002837305108
6000000002837370825
6000000002837395267
6000000002837551893
6000000002837972956
6000000002838003967
6000000002838114502
6000000002838115444
6000000002838227572
6000000002838330449
6000000002838347930
6000000002838353378
6000000002838362162
6000000002838456392
6000000002838456864
6000000002838496813
6000000002838515121
6000000002838518762
6000000002838522652
6000000002838548162
6000000002838562054
6000000002838564040
6000000002838567104
6000000002838571088
6000000002838589375
6000000002838618363
6000000002838635578
6000000002838657036
6000000002838659267
6000000002838711351
6000000002838712600
6000000002838727359
6000000002838896937
6000000002838933814
6000000002838948413
6000000002838961543
6000000002839046198
6000000002839086163
6000000002839087061
6000000002839124238
6000000002839180650
6000000002839192084
6000000002839202114
6000000002839207398
6000000002839211005
6000000002839243899
6000000002839272231
6000000002839313678
6000000002839370156
6000000002839371229
6000000002839633412
6000000002839642792
6000000002839662620
6000000002839692270
6000000002839700356
6000000002839766063
6000000002839780150
6000000002839785910
6000000002839812244
6000000002839812962
6000000002839851966
6000000002839875690
6000000002839881245
6000000002839908811
6000000002839942046
6000000002839944625
6000000002840011367
6000000002840061672
6000000002840186219
6000000002840229026
6000000002840381406
6000000002840435460
6000000002840610304
6000000002840816074
6000000002840914941
6000000002841286235
6000000002841303582
6000000002841318150
6000000002841353214
6000000002843203972
6000000002843586183
6000000002848296255
6000000002848399106
6000000002848430202
6000000002848437058
6000000002848535740
6000000002848544472
6000000002848545023
6000000002848576875
6000000002848595030
6000000002848624739
6000000002848628394
6000000002848662121
6000000002848663347
6000000002848702381
6000000002848713696
6000000002848714354
6000000002848738164
6000000002848745523
6000000002848791366
6000000002848798651
6000000002848812370
6000000002848830448
6000000002848862026
6000000002848872048
6000000002848874329
6000000002848943806
6000000002848953126
6000000002848963132
6000000002849015726
6000000002849040221
6000000002849090017
6000000002849091064
6000000002849126481
6000000002849170193
6000000002849179980
6000000002849195016
6000000002849294463
6000000002849383434
6000000002849397075
6000000002849407510
6000000002849413462
6000000002849414546
6000000002849419763
6000000002849496486
6000000002849498572
6000000002849500933
6000000002849505545
6000000002849522123
6000000002849535193
6000000002849542173
6000000002849626216
6000000002849627138
6000000002849628133
6000000002849692844
6000000002849728346
6000000002849739404
6000000002849750540
6000000002849794014
6000000002849798027
6000000002849798052
6000000002849806017
6000000002849851477
6000000002849863811
6000000002849872105
6000000002850646763
6000000002850717851
6000000002850789409
6000000002850802004
6000000002851013508
6000000002861210171
6000000002862126119
6000000002862229375
6000000002862343467
6000000002862652317
6000000002862652374
6000000002864470916
6000000002864584803
6000000002864598219
6000000002864767444
6000000002886515080
6000000002909586407
6000000002909607480
6000000002909621583
6000000002909709039
6000000002911600824
6000000002911624263
6000000002911660232
6000000002911673215
6000000002911727089
6000000002911797578
6000000002912283407
6000000002920739145
6000000002921210049
6000000002921296324
6000000002923093898
6000000002932163648
6000000002932384748
6000000002932439885
6000000002932457224
6000000002932766826
6000000002932818640
6000000002932867575
6000000002933018008
6000000002933379786
6000000002933379937
6000000002933445764
6000000002933483180
6000000002933495640
6000000002933515380
6000000002933535179
6000000002933550225
6000000002933557025
6000000002933559058
6000000002933568869
6000000002934051248
6000000002934408417
6000000002934491968
6000000002934580717
6000000002934660014
6000000002934795982
6000000002934801002
6000000002934803041
6000000002934890996
6000000002935176480
6000000002935176782
6000000002935214997
6000000002935395128
6000000002935421554
6000000002935448512
6000000002935462614
6000000002935506700
6000000002935523282
6000000002935539099
6000000002937151777
6000000002937355556
6000000002944287032
6000000002944393050
6000000002944462073
6000000002944500872
6000000002944555054
6000000002944578921
6000000002944603805
6000000002944644852
6000000002944657494
6000000002944659469
6000000002944701572
6000000002944779363
6000000002944789791
6000000002944791492
6000000002944815528
6000000002944935353
6000000002945017826
6000000002945030367
6000000002945035207
6000000002945035228
6000000002945036701
6000000002945046300
6000000002945046395
6000000002945059379
6000000002945085095
6000000002945087316
6000000002945092291
6000000002945098191
6000000002945762604
6000000002945790597
6000000002945815869
6000000002945849171
6000000002945853773
6000000002945864133
6000000002945871021
6000000002945876050
6000000002945888187
6000000002945902012
6000000002945902407
6000000002945905338
6000000002945955062
6000000002947036925
6000000002947222200
6000000002947375038
6000000002949534397
6000000002956711923
6000000002956726061
6000000002956964963
6000000002957059639
6000000002957191104
6000000002960210791
6000000002960325317
6000000002960354033
6000000002960436966
6000000002960566846
6000000002960700407
6000000002967989981
6000000002968003707
6000000002968054575
6000000002968234673
6000000002968245119
6000000002968412285
6000000002968430223
6000000002968671699
6000000002968681083
6000000002968740082
6000000002968929525
6000000002968933022
6000000002968949334
6000000002968988242
6000000002969028109
6000000002969415506
6000000002969531214
6000000002969557722
6000000002969588404
6000000002969619476
6000000002969623178
6000000002969652877
6000000002969658159
6000000002969671353
6000000002969681195
6000000002969708015
6000000002969918724
6000000002970037116
6000000002970043684
6000000002970052437
6000000002970060553
6000000002970077122
6000000002970089234
6000000002970090025
6000000002970090256
6000000002970113023
6000000002970124068
6000000002970779540
6000000002970870183
6000000002970884108
6000000002970889049
6000000002970902005
6000000002970983849
6000000002971054886
6000000002971526090
6000000002980470299
6000000002980598197
6000000002980923597
6000000002981278396
6000000002981292172
6000000002981295804
6000000002982407319
6000000002982407788
6000000002982456815
6000000002982467257
6000000002982563674
6000000002982568063
6000000002982612203
6000000002982626703
6000000002982669852
6000000002982689057
6000000002983101783
6000000002983213057
6000000002983247199
6000000002983274165
6000000002985611586
6000000003003679718
6000000003003740660
6000000003003892638
6000000003003892795
6000000003004002374
6000000003004279253
6000000003004773595
6000000003005390714
6000000003005408785
6000000003005650068
6000000003005700503
6000000003006016128
6000000003006059060
6000000003007706970
6000000003008311829
6000000003008503173
6000000003008551383
6000000003015720038
6000000003015721546
6000000003015791003
6000000003015833608
6000000003017630439
6000000003018366949
6000000003018386302
6000000003018405313
6000000003018409053
6000000003018423269
6000000003018427089
6000000003018431200
6000000003018446300
6000000003018477021
6000000003018572809
6000000003018871009
6000000003028852891
6000000003029045711
6000000003029582577
6000000003029654736
6000000003029902627
6000000003029920602
6000000003029958435
6000000003029996631
6000000003030038315
6000000003030706684
6000000003031057932
6000000003031222812
6000000003031332980
6000000003031386991
6000000003031439921
6000000003031477587
6000000003031528363
6000000003031536149
6000000003031628496
6000000003046231653
6000000003046281257
6000000003046396318
6000000003046407250
6000000003053722284
6000000003056775953
6000000003056775999
6000000003056807854
6000000003056918664
6000000003056951018
6000000003066290693
6000000003066305370
6000000003066326133
6000000003066327517
6000000003066353939
6000000003066400575
6000000003066470826
6000000003066500465
6000000003066506578
6000000003066523430
6000000003066645060
6000000003066645564
6000000003066647484
6000000003066686021
6000000003068401718
6000000003068418919
6000000003068433419
6000000003068797351
6000000003069270053
6000000003078191065
6000000003079635768
6000000003080532533
6000000003080568382
6000000003080595397
6000000003080676049
6000000003080749001
6000000003080758812
6000000003080799657
6000000003080868289
6000000003080868315
6000000003081017176
6000000003081113013
6000000003081999545
6000000003082014653
6000000003082187261
6000000003083263995
6000000003083651434
6000000003084243540
6000000003091077381
6000000003091128500
6000000003091229156
6000000003091230182
6000000003091855435
6000000003092540544
6000000003092801365
6000000003092836300
6000000003092861254
6000000003092866382
6000000003092887066
6000000003092957153
6000000003092973038
6000000003093008165
6000000003093089201
6000000003093122018
6000000003102249766
6000000003102276542
6000000003102283481
6000000003102312334
6000000003102312681
6000000003102317139
6000000003102326206
6000000003102333202
6000000003102341587
6000000003102345388
6000000003102345480
6000000003102358178
6000000003102370102
6000000003102382131
6000000003102408430
6000000003102500169
6000000003102527078
6000000003102535314
6000000003102546257
6000000003102572229
6000000003102574163
6000000003102594313
6000000003102598126
6000000003102659044
6000000003102959901
6000000003102977560
6000000003102983631
6000000003102987699
6000000003103001422
6000000003103034243
6000000003103071257
6000000003103125032
6000000003103135001
6000000003104249545
6000000003104679025
6000000003114740743
6000000003114792611
6000000003114834644
6000000003114867294
6000000003114879603
6000000003114880619
6000000003114892522
6000000003114898853
6000000003114923127
6000000003116556624
6000000003116565671
6000000003116732077
6000000003116830327
6000000003117181187
6000000003125570876
6000000003125813080
6000000003125822155
6000000003125827185
6000000003125840066
6000000003125844121
6000000003125844544
6000000003125878208
6000000003125884195
6000000003125884451
6000000003125960851
6000000003126007424
6000000003126042314
6000000003126202955
6000000003126352806
6000000003126376673
6000000003126382228
6000000003126387051
6000000003126399337
6000000003126447700
6000000003126479150
6000000003126488345
6000000003126517426
6000000003126545263
6000000003126586583
6000000003126612527
6000000003126637970
6000000003126641221
6000000003126650873
6000000003126672884
6000000003126721616
6000000003126730516
6000000003126812056
6000000003127205131
6000000003127273387
6000000003127377577
6000000003127408645
6000000003127443945
6000000003127452500
6000000003127468974
6000000003127473361
6000000003127503015
6000000003127511707
6000000003127553096
6000000003127585050
6000000003127997191
6000000003128016689
6000000003128075427
6000000003128090156
6000000003128109582
6000000003128114934
6000000003128131566
6000000003128141403
6000000003128164554
6000000003128173791
6000000003128215354
6000000003128226308
6000000003128232001
6000000003128238078
6000000003128265006
6000000003128281022
6000000003128281916
6000000003128415077
6000000003128417117
6000000003128638090
6000000003128992166
6000000003129920731
6000000003156428985
6000000003156840510
6000000003170295661
6000000003170431033
6000000003176857119
6000000003177556797
6000000003177728996
6000000003177777365
6000000003177799031
6000000003177829246
6000000003177838261
6000000003177869206
6000000003177896006
6000000003177902064
6000000003178779549
6000000003178794069
6000000003179540689
6000000003179879289
6000000003179880576
6000000003179892095
6000000003186385291
6000000003186431158
6000000003186520108
6000000003186533146
6000000003186570158
6000000003186770041
6000000003186859965
6000000003187009817
6000000003187066828
6000000003187090426
6000000003187090706
6000000003187121604
6000000003187155290
6000000003187157082
6000000003187159384
6000000003187178986
6000000003187212141
6000000003187223218
6000000003187227676
6000000003187243642
6000000003187280371
6000000003187298396
6000000003187380525
6000000003187400752
6000000003187495073
6000000003187546573
6000000003187582824
6000000003187657053
6000000003187683001
6000000003187947294
6000000003188058205
6000000003188117292
6000000003188226852
6000000003188272089
6000000003188277434
6000000003188572141
6000000003188598015
6000000003188601118
6000000003198873375
6000000003198880671
6000000003199072929
6000000003199211534
6000000003199549060
6000000003212759414
6000000003212795234
6000000003213158453
6000000003213554026
6000000003213572015
6000000003224182343
6000000003224480245
6000000003224701010
6000000003225027783
6000000003225570837
6000000003225602128
6000000003225606459
6000000003225610708
6000000003225621544
6000000003225691760
6000000003225692220
6000000003225705527
6000000003225718963
6000000003225766835
6000000003225774861
6000000003225841982
6000000003225933084
6000000003225936330
6000000003226019113
6000000003226081515
6000000003226112079
6000000003226151164
6000000003238756671
6000000003239056287
6000000003239146039
6000000003244453322
6000000003244718445
6000000003244782718
6000000003244883640
6000000003244934906
6000000003244965284
6000000003244999567
6000000003245014168
6000000003245014471
6000000003245036127
6000000003245042312
6000000003245064780
6000000003245074078
6000000003245083158
6000000003245096003
6000000003245106044
6000000003245114117
6000000003245495595
6000000003245579775
6000000003245640265
6000000003245678413
6000000003245828426
6000000003245871477
6000000003246448577
6000000003246486610
6000000003246490646
6000000003246491111
6000000003246499071
6000000003246519864
6000000003246541811
6000000003246546596
6000000003246556878
6000000003246563363
6000000003246572193
6000000003246583409
6000000003246598288
6000000003246613206
6000000003246616095
6000000003246619120
6000000003246635015
6000000003246641246
6000000003246653290
6000000003246653379
6000000003246706489
6000000003246722079
6000000003246725001
6000000003255493484
6000000003255505407
6000000003257078243
6000000003257107678
6000000003257110128
6000000003257114470
6000000003257150489
6000000003257159391
6000000003257194891
6000000003257231273
6000000003257233035
6000000003257243921
6000000003257276069
6000000003257276533
6000000003257282506
6000000003257306321
6000000003257316102
6000000003257324896
6000000003257325664
6000000003257333020
6000000003257342295
6000000003257346726
6000000003257350356
6000000003257398048
6000000003257422026
6000000003257482430
6000000003257785624
6000000003257798330
6000000003257873223
6000000003257885765
6000000003257958168
6000000003257969887
6000000003258024155
6000000003258076292
6000000003258081021
6000000003258133075
6000000003258146740
6000000003258199671
6000000003258201697
6000000003258437919
6000000003260910535
6000000003260993288
6000000003261001247
6000000003265967744
6000000003266070888
6000000003266078318
6000000003266089695
6000000003266163689
6000000003266180287
6000000003266186562
6000000003266205111
6000000003266276686
6000000003266312375
6000000003266344683
6000000003266359075
6000000003266403441
6000000003266425126
6000000003266431561
6000000003266446495
6000000003266450248
6000000003266453061
6000000003266457113
6000000003266482465
6000000003266532461
6000000003266542475
6000000003266552077
6000000003266553063
6000000003266559141
6000000003266563680
6000000003266580774
6000000003266600423
6000000003266655013
6000000003267665679
6000000003267668844
6000000003267730953
6000000003267751235
6000000003267757458
6000000003267805452
6000000003267809649
6000000003267810441
6000000003267822817
6000000003267830880
6000000003267833199
6000000003267833636
6000000003267837347
6000000003267852001
6000000003267874790
6000000003267895056
6000000003267952603
6000000003267983043
6000000003267985507
6000000003267991268
6000000003268011088
6000000003268148366
6000000003268170762
6000000003268225274
6000000003268227261
6000000003268231062
6000000003268239993
6000000003269270363
6000000003269360252
6000000003269658036
6000000003269707065
6000000003272524335
6000000003278156475
6000000003278225111
6000000003463545474
6000000003463689273
6000000003485844586
6000000003485919405
6000000003619227847
6000000003619258267
6000000003645919259
6000000003645919420
6000000004049329631
6000000004049390573
6000000004049665369
6000000004049981359
6000000004050013843
6000000004050050323
6000000004080337702
6000000004080391401
6000000004080412229
6000000004080427274
6000000004080443272
6000000004081821957
6000000004082063634
6000000004082104933
6000000004082187457
6000000004082250279
6000000004082261663
6000000004082326167
6000000004082431087
6000000004082431134
6000000004089839056
6000000004099207388
6000000004100735731
6000000004100737740
6000000004100777131
6000000004100800251
6000000004100900137
6000000004100913415
6000000004104931130
6000000004109425729
6000000004109470568
6000000004109537975
6000000004109590559
6000000004110216400
6000000004110260198
6000000004110348250
6000000004110391060
6000000004110413510
6000000004110860971
6000000004110944519
6000000004110981302
6000000004111028664
6000000004111058281
6000000004111065003
6000000004111072194
6000000004111078918
6000000004111093017
6000000004111159759
6000000004111192282
6000000004111201230
6000000004111215120
6000000004111235016
6000000004113164942
6000000004122634441
6000000004122990456
6000000004123438373
6000000004123912560
6000000004124462624
6000000004124887179
6000000004132476727
6000000004132523925
6000000004132576900
6000000004132587451
6000000004132631682
6000000004132635619
6000000004132702414
6000000004132703386
6000000004132705742
6000000004132726462
6000000004132726666
6000000004132733515
6000000004132748194
6000000004132762537
6000000004132764277
6000000004132781420
6000000004132791626
6000000004132794283
6000000004132808014
6000000004132814376
6000000004162738521
6000000004162897237
6000000004162964682
6000000004163041516
6000000004163101042
6000000004163104529
6000000004163140217
6000000004163153485
6000000004163215802
6000000004163620196
6000000004163730109
6000000004163948355
6000000004164383652
6000000004164383714
6000000004164546849
6000000004164736720
6000000004164796799
6000000004165263310
6000000004165339306
6000000004165622145
6000000004168020648
6000000004168048271
6000000004173331980
6000000004173561713
6000000004245890885
6000000004246032770
6000000004246157813
6000000004246164661
6000000004246194815
6000000004246256958
6000000004246266561
6000000004246301203
6000000004246311977
6000000004246333651
6000000004246349445
6000000004246350076
6000000004246353223
6000000004246370237
6000000004246374923
6000000004246383425
6000000004246491136
6000000004246506729
6000000004246514809
6000000004246516569
6000000004246521781
6000000004246530363
6000000004246545092
6000000004246568575
6000000004246589790
6000000004246595163
6000000004246604830
6000000004246608724
6000000004246608752
6000000004246612779
6000000004246693504
6000000004254721884
6000000004255017078
6000000004255104182
6000000004255113197
6000000004255175049
6000000004255175094
6000000004255185182
6000000004287622788
6000000004287819963
6000000004288105310
6000000004288168511
6000000004288462583
6000000004288469432
6000000004288501213
6000000004288505247
6000000004288518176
6000000004288556077
6000000004288566610
6000000004288610427
6000000004288636084
6000000004288649251
6000000004288656084
6000000004288731296
6000000004288788825
6000000004288790350
6000000004288801015
6000000004288812001
6000000004288818409
6000000004288822751
6000000004288829957
6000000004288831139
6000000004288853121
6000000004288861399
6000000004288863236
6000000004288930049
6000000004288938055
6000000004288944710
6000000004288976676
6000000004288989012
6000000004288999519
6000000004289014840
6000000004289047341
6000000004289050275
6000000004289057423
6000000004289059198
6000000004289076016
6000000004289095433
6000000004290399629
6000000004290434880
6000000004290484438
6000000004290491373
6000000004290528626
6000000004290759568
6000000004290868689
6000000004290883947
6000000004296723952
6000000004296790405
6000000004296819386
6000000004296826096
6000000004296859695
6000000004296860232
6000000004296869374
6000000004296958743
6000000004296961415
6000000004296962071
6000000004297000310
6000000004298406795
6000000004298410167
6000000004298420070
6000000004298435503
6000000004298451143
6000000004298744863
6000000004298802860
6000000004298821091
6000000004298893891
6000000004299128143
6000000004299131290
6000000004299144048
6000000004299217154
6000000004299218001
6000000004299230539
6000000004299240195
6000000004299363416
6000000004299567442
6000000004299592003
6000000004299592561
6000000004299630828
6000000004299713200
6000000004299780822
6000000004299839154
6000000004299885088
6000000004299948180
6000000004299976537
6000000004300031566
6000000004300131639
6000000004300204101
6000000004300278785
6000000004300380016
6000000004300435436
6000000004300519516
6000000004300522655
6000000004300522873
6000000004300617440
6000000004300672007
6000000004300747399
6000000004301587213
6000000004301712033
6000000004301723758
6000000004301761234
6000000004301762007
6000000004301769014
6000000004301879943
6000000004301883477
6000000004301927481
6000000004301949688
6000000004301955104
6000000004301959278
6000000004301989150
6000000004302098608
6000000004302122232
6000000004302190362
6000000004302197568
6000000004302844681
6000000004302965873
6000000004302984189
6000000004303020171
6000000004303020969
6000000004303056043
6000000004303088058
6000000004303123169
6000000004313984176
6000000004314808371
6000000004319730897
6000000004319758742
6000000004319767792
6000000004319782798
6000000004319785758
6000000004319808491
6000000004319880675
6000000004319901697
6000000004319908427
6000000004319913737
6000000004319930899
6000000004319951501
6000000004319951761
6000000004319961807
6000000004319977772
6000000004319997827
6000000004320006073
6000000004320006499
6000000004320014601
6000000004320019366
6000000004320020204
6000000004320037246
6000000004320043077
6000000004320046708
6000000004320050728
6000000004320058146
6000000004320066912
6000000004320069092
6000000004320085239
6000000004320085890
6000000004320096396
6000000004320103099
6000000004320116265
6000000004320119215
6000000004320122033
6000000004320131055
6000000004320131833
6000000004320137465
6000000004320167519
6000000004320177230
6000000004320179649
6000000004320182675
6000000004320192057
6000000004320193871
6000000004320200273
6000000004320206496
6000000004320211167
6000000004320217164
6000000004320227658
6000000004320237241
6000000004320281050
6000000004320363436
6000000004320435350
6000000004320463206
6000000004320635151
6000000004320641020
6000000004320659127
6000000004320756093
6000000004327875907
6000000004328000350
6000000004328265910
6000000004328471968
6000000004328537684
6000000004328582766
6000000004328589304
6000000004328594389
6000000004328609648
6000000004328652435
6000000004328661581
6000000004328665567
6000000004328679770
6000000004328727160
6000000004328783111
6000000004329170685
6000000004329178591
6000000004329197415
6000000004329199741
6000000004329248486
6000000004329263544
6000000004329301042
6000000004329345711
6000000004329359956
6000000004329401387
6000000004329403702
6000000004329433461
6000000004329561692
6000000004330083996
6000000004330346982
6000000004330481496
6000000004330581192
6000000004330592475
6000000004330672118
6000000004330680194
6000000004330738636
6000000004330818052
6000000004330839138
6000000004330976218
6000000004330980149
6000000004331017045
6000000004331067413
6000000004331082343
6000000004331117332
6000000004331184312
6000000004331232374
6000000004331270447
6000000004331279303
6000000004331306182
6000000004331355685
6000000004331357034
6000000004331357603
6000000004331360022
6000000004405344748
6000000004510537001
6000000004532459907
6000000004532670303
6000000004532957143
6000000004539972867
6000000004549350898
6000000004563019856
6000000004563308921
6000000004563429973
6000000004563621265
6000000004563667124
6000000004563747407
6000000004563782380
6000000004563883210
6000000004563946168
6000000004563977262
6000000004564003164
6000000004564014041
6000000004564035009
6000000004575547592
6000000004575597305
6000000004575916609
6000000004576125049
6000000004590407439
6000000004590447575
6000000004590490594
6000000004590501715
6000000004590501937
6000000004590503576
6000000004590520431
6000000004590521643
6000000004590538460
6000000004590542490
6000000004590552592
6000000004590591942
6000000004590615259
6000000004590626509
6000000004590638424
6000000004590650400
6000000004590654046
6000000004590657048
6000000004590667083
6000000004590722209
6000000004590725824
6000000004590731270
6000000004590820199
6000000004590858120
6000000004591266242
6000000004591271681
6000000004591356699
6000000004591391207
6000000004591396907
6000000004591446178
6000000004591464016
6000000004591483039
6000000004596649002
6000000004646397857
6000000004646499477
6000000004646675015
6000000004664490163
6000000004664960439
6000000004665011790
6000000004665133808
6000000004665727137
6000000004665756960
6000000004665797969
6000000004665912717
6000000004666013501
6000000004666478142
6000000004666490359
6000000004666562256
6000000004666570218
6000000004666628266
6000000004666648126
6000000004666648330
6000000004666648969
6000000004666656168
6000000004666693081
6000000004666710040
6000000004666713113
6000000004666902673
6000000004666902829
6000000004667068604
6000000004667077130
6000000004667088047
6000000004667089201
6000000004667138029
6000000004667182020
6000000004667884405
6000000004668009472
6000000004668071130
6000000004668073018
6000000004668080346
6000000004668647969
6000000004668691541
6000000004668747931
6000000004668782525
6000000004668811321
6000000004668814536
6000000004668882562
6000000004668892191
6000000004668959682
6000000004668971031
6000000004668991008
6000000004668993020
6000000004669018423
6000000004669055331
6000000004672449746
6000000004672503976
6000000004672637127
6000000004672695244
6000000004672762054
6000000004673122224
6000000004868820301
6000000004868946349
6000000004868946389
6000000004868946396
6000000005222715671
6000000005222940225
6000000006277496927
6000000006277541701
6000000006763825861
6000000006763904865
6000000006764122548
6000000006764149416
6000000006764180366
6000000006781486380
6000000006790168310
6000000006790190355
6000000006790633138
6000000006790774166
6000000006790811170
6000000006790841114
6000000006805015286
6000000006805282086
6000000006805287108
6000000006811800293
6000000006817238143
6000000006823670752
6000000006823900960
6000000006823931842
6000000006823942901
6000000006823951705
6000000006823985763
6000000006824248349
6000000006824265185
6000000006824295160
6000000006824304127
6000000006824307100
6000000006824307118
6000000006824381138
6000000006839383999
6000000006839568609
6000000006839759275
6000000006839769343
6000000006839782353
6000000006839795481
6000000006839969283
6000000006840005152
6000000006840062066
6000000006845838348
6000000006846287824
6000000006846390629
6000000006846421609
6000000006846428615
6000000006846434837
6000000006846523327
6000000006846530315
6000000006846532422
6000000006846554404
6000000006846556258
6000000006846569296
6000000006846589387
6000000006846623064
6000000006846623327
6000000006846699122
6000000006846699127
6000000006846702091
6000000006846702098
6000000006846714179
6000000006846750088
6000000006850758497
6000000006850780550
6000000006850848367
6000000006855168992
6000000006855409640
6000000006855409866
6000000006855479567
6000000006855597132
6000000006855657330
6000000006855687440
6000000006856007103
6000000006885903106
6000000006885922031
6000000006894914564
6000000006894923560
6000000006894956685
6000000006895016902
6000000006895168334
6000000006895360215
6000000006895360602
6000000006895361133
6000000006895373161
6000000006895523043
6000000006895553707
6000000006895888032
6000000006895892076
6000000006896031001
6000000006896348096
6000000006897023109
6000000006897168032
6000000006897214409
6000000006898384046
6000000006902255814
6000000006902261653
6000000006902278547
6000000006902399402
6000000006902404636
6000000006902409576
6000000006902650129
6000000006902749208
6000000006902774172
6000000006902816098
6000000006902881135
6000000006903697218
6000000006903818355
6000000006903824096
6000000006903875319
6000000006903885053
6000000006903913132
6000000006903931050
6000000006903950201
6000000006904031001
6000000006904095488
6000000006904466261
6000000006904468663
6000000006904544453
6000000006904799177
6000000006904993181
6000000006905551038
6000000006912443386
6000000006912461108
6000000006912491341
6000000006912621089
6000000006913394136
6000000006913395183
6000000006946791145
6000000006949318042
6000000006955035294
6000000006955112931
6000000006955210513
6000000006955331369
6000000006955513016
6000000006955532050
6000000006955609344
6000000006955635401
6000000006955697309
6000000006955711019
6000000006955724273
6000000006955865007
6000000006956073774
6000000006956083385
6000000006956181478
6000000006956239362
6000000006956251423
6000000006956343388
6000000006956507074
6000000006956575488
6000000006956583432
6000000006956834066
6000000006956926161
6000000006956996152
6000000006957005194
6000000006957052161
6000000006957445084
6000000006957479061
6000000006957490086
6000000006957525085
6000000006957525114
6000000006957726023
6000000006964187671
6000000006964811027
6000000006964818118
6000000006965273001
6000000006971248630
6000000006971324762
6000000006971455416
6000000006971538161
6000000006971730442
6000000006971869943
6000000006971912904
6000000006971980932
6000000006972044023
6000000006972045052
6000000006972187515
6000000006972394075
6000000006973053844
6000000006973120521
6000000006973181426
6000000006973204453
6000000006973452311
6000000006973633761
6000000006974242086
6000000006974291113
6000000006974492099
6000000006980594801
6000000006980610785
6000000006980626730
6000000006980868578
6000000006980997026
6000000006981179127
6000000006990128842
6000000006990618280
6000000006991007009
6000000006993144661
6000000006993790608
6000000006993827760
6000000006993831433
6000000006993840787
6000000006993840911
6000000006993847522
6000000006993853759
6000000006993985879
6000000006993991386
6000000006993991940
6000000006994060251
6000000006994088099
6000000006994103122
6000000006994114207
6000000006994179917
6000000006994187037
6000000006994189217
6000000006994191040
6000000006994216932
6000000006994223540
6000000006994269135
6000000006994275663
6000000006994281451
6000000006994281841
6000000006994287316
6000000006994289088
6000000006994315311
6000000006994316910
6000000006994325093
6000000006994328040
6000000006994328742
6000000006994328836
6000000006994338541
6000000006994338707
6000000006994398688
6000000006994473517
6000000006994533263
6000000006994573289
6000000006994658050
6000000006994676119
6000000006994725030
6000000006999763622
6000000007000093531
6000000007000375151
6000000007000565291
6000000007001076103
6000000007006527790
6000000007008498221
6000000007017501387
6000000007017552632
6000000007017585446
6000000007017716316
6000000007017849358
6000000007017885668
6000000007017929420
6000000007017953190
6000000007018008609
6000000007018022024
6000000007018228092
6000000007018327333
6000000007018375101
6000000007018457114
6000000007018463157
6000000007018704038
6000000007018938528
6000000007018958240
6000000007019173155
6000000007019673078
6000000007019726053
6000000007019736034
6000000007019741031
6000000007020035505
6000000007020262279
6000000007020591103
6000000007020906109
6000000007025864406
6000000007025895262
6000000007025939054
6000000007025948184
6000000007026278158
6000000007027211056
6000000007027998059
6000000007028042016
6000000007028096351
6000000007028171016
6000000007028430138
6000000007031400241
6000000007034938687
6000000007035076739
6000000007035076746
6000000007035249120
6000000007035251218
6000000007035296230
6000000007035334077
6000000007036467585
6000000007036561139
6000000007036637123
6000000007036724004
6000000007036726409
6000000007036857591
6000000007037382048
6000000007037391025
6000000007039548088
6000000007039636060
6000000007044282592
6000000007054389158
6000000007054667010
6000000007062865510
6000000007062988207
6000000007062992595
6000000007063027236
6000000007063046134
6000000007063111592
6000000007063163164
6000000007063548128
6000000007064008106
6000000007064059056
6000000007064209001
6000000007064297005
6000000007064430242
6000000007066361022
6000000007070730046
6000000007070736003
6000000007070744018
6000000007070779067
6000000007080975730
6000000007081321070
6000000007081330227
6000000007088473726
6000000007089192366
6000000007090937263
6000000007091058228
6000000007091081224
6000000007096411829
6000000007098447346
6000000007098559203
6000000007098676610
6000000007099614416
6000000007100079294
6000000007100224278
6000000007107184230
6000000007109925305
6000000007111265699
6000000007115283652
6000000007116754350
6000000007126107706
6000000007126208450
6000000007126252245
6000000007126269652
6000000007126270591
6000000007126283371
6000000007126286216
6000000007126378319
6000000007126767236
6000000007127327234
6000000007127707227
6000000007127719209
6000000007127900149
6000000007128217386
6000000007128720346
6000000007128806531
6000000007128948245
6000000007129081248
6000000007129132225
6000000007129159537
6000000007129312219
6000000007136332230
6000000007137981293
6000000007137981315
6000000007146317854
6000000007146600618
6000000007147875655
6000000007148877230
6000000007154732274
6000000007154821271
6000000007154847236
6000000007155744629
6000000007155754209
6000000007156854482
6000000007156945262
6000000007157019273
6000000007161067663
6000000007161102791
6000000007161102815
6000000007161106632
6000000007161116051
6000000007161170400
6000000007161208521
6000000007161214483
6000000007161220662
6000000007161222656
6000000007161243461
6000000007161318367
6000000007161319400
6000000007161327196
6000000007161357282
6000000007161363396
6000000007161373298
6000000007161385263
6000000007161395291
6000000007161395468
6000000007161417210
6000000007161417821
6000000007161427218
6000000007161427230
6000000007161433681
6000000007161497379
6000000007161497639
6000000007161503555
6000000007161504604
6000000007161513726
6000000007161552432
6000000007161552880
6000000007161582271
6000000007161592447
6000000007161600298
6000000007161612556
6000000007161622633
6000000007161641231
6000000007161647211
6000000007161654874
6000000007161673262
6000000007161676417
6000000007161735390
6000000007161735461
6000000007161743441
6000000007161743556
6000000007161768265
6000000007161776477
6000000007161776485
6000000007161793334
6000000007161821288
6000000007161822211
6000000007161822557
6000000007161860237
6000000007161863251
6000000007161883328
6000000007161918481
6000000007161924564
6000000007161949394
6000000007161967479
6000000007161998447
6000000007162020426
6000000007162024589
6000000007162031256
6000000007162032217
6000000007162050235
6000000007162050914
6000000007162052268
6000000007162064219
6000000007162064226
6000000007162067362
6000000007162083269
6000000007162084345
6000000007162104277
6000000007162104355
6000000007162129453
6000000007162129575
6000000007162199250
6000000007162203222
6000000007162237265
6000000007162238682
6000000007162285354
6000000007162289335
6000000007162293692
6000000007162299376
6000000007162310529
6000000007162316606
6000000007162317659
6000000007162334367
6000000007162350320
6000000007162364222
6000000007162372230
6000000007162386308
6000000007162389633
6000000007162394421
6000000007162394450
6000000007162394454
6000000007162396373
6000000007162412406
6000000007162413276
6000000007162413385
6000000007162426256
6000000007162426564
6000000007162427342
6000000007162432235
6000000007162435207
6000000007162438287
6000000007162453285
6000000007162458454
6000000007162472564
6000000007162493432
6000000007162505749
6000000007162515220
6000000007162525373
6000000007162556333
6000000007162585256
6000000007162599449
6000000007162599687
6000000007162614230
6000000007162616352
6000000007162620717
6000000007162629640
6000000007162635157
6000000007162640243
6000000007162644277
6000000007162658263
6000000007162671374
6000000007162684326
6000000007162689367
6000000007162703382
6000000007162722390
6000000007162722569
6000000007162730202
6000000007162730277
6000000007162783471
6000000007162799539
6000000007162799912
6000000007162807340
6000000007162814344
6000000007162820214
6000000007162834256
6000000007162839223
6000000007162869303
6000000007162873301
6000000007162873400
6000000007162880276
6000000007162893304
6000000007162893996
6000000007162902208
6000000007162904304
6000000007162911281
6000000007162912345
6000000007162950201
6000000007162966309
6000000007163017362
6000000007163115654
6000000007163140440
6000000007163158220
6000000007163158543
6000000007163161678
6000000007163198540
6000000007163308294
6000000007163360521
6000000007163375546
6000000007163424513
6000000007163437248
6000000007163437275
6000000007163458264
6000000007163482217
6000000007163515257
6000000007163515308
6000000007163517209
6000000007163536291
6000000007163537201
6000000007163582241
6000000007163590285
6000000007163591338
6000000007163594554
6000000007163607202
6000000007163625201
6000000007163658492
6000000007163663261
6000000007163667369
6000000007163743498
6000000007163834374
6000000007163838287
6000000007163899677
6000000007163912391
6000000007163920224
6000000007163944250
6000000007163950254
6000000007163986257
6000000007164024265
6000000007164034257
6000000007164184390
6000000007164407323
6000000007164530269
6000000007170078581
6000000007170078897
6000000007170225844
6000000007170257948
6000000007170263542
6000000007170332145
6000000007170374625
6000000007170379442
6000000007170442258
6000000007170451641
6000000007170562380
6000000007170562725
6000000007170569366
6000000007170580029
6000000007170598558
6000000007170606324
6000000007170624473
6000000007170624479
6000000007170641856
6000000007170642402
6000000007170694604
6000000007170707215
6000000007170742522
6000000007170746762
6000000007170809432
6000000007170824861
6000000007170838222
6000000007170841548
6000000007170852329
6000000007170878363
6000000007170880427
6000000007170909544
6000000007170918449
6000000007170945251
6000000007170954233
6000000007170963283
6000000007170964206
6000000007170981225
6000000007171064984
6000000007171113420
6000000007171125323
6000000007171196313
6000000007171222209
6000000007171225274
6000000007171277476
6000000007171289537
6000000007171299692
6000000007171316529
6000000007171355277
6000000007171373669
6000000007171378917
6000000007171381214
6000000007171390064
6000000007171397392
6000000007171415204
6000000007171445531
6000000007171445623
6000000007171518234
6000000007171538307
6000000007171601249
6000000007171678264
6000000007171725532
6000000007171758081
6000000007171764588
6000000007171767393
6000000007171811483
6000000007172018044
6000000007172254088
6000000007172269344
6000000007172289997
6000000007172290078
6000000007172388367
6000000007172486453
6000000007172572384
6000000007172634427
6000000007172751702
6000000007172766294
6000000007172851879
6000000007172882577
6000000007172882671
6000000007172915961
6000000007173103417
6000000007173154664
6000000007173202713
6000000007173273347
6000000007173277744
6000000007173307706
6000000007173307789
6000000007173328660
6000000007173331760
6000000007173333288
6000000007173365455
6000000007173371336
6000000007173407855
6000000007173452363
6000000007173543359
6000000007173546508
6000000007173604204
6000000007173696321
6000000007173697338
6000000007173743322
6000000007173752350
6000000007173767300
6000000007173909237
6000000007173948321
6000000007173949334
6000000007174290398
6000000007174370289
6000000007174493349
6000000007179118731
6000000007179224352
6000000007179410228
6000000007179621254
6000000007179929981
6000000007180039418
6000000007180087470
6000000007180127546
6000000007180188302
6000000007180240352
6000000007180351428
6000000007180352746
6000000007180381330
6000000007180389448
6000000007180400381
6000000007180401211
6000000007180410201
6000000007180480296
6000000007180514256
6000000007180568288
6000000007180571294
6000000007180628202
6000000007180646210
6000000007180660254
6000000007180753282
6000000007180765229
6000000007180937496
6000000007181015359
6000000007181103928
6000000007181258307
6000000007181349475
6000000007181459230
6000000007181527288
6000000007181527423
6000000007181598343
6000000007181673254
6000000007181681479
6000000007181915441
6000000007181982270
6000000007182041244
6000000007185761501
6000000007185875426
6000000007185896304
6000000007185912326
6000000007186142448
6000000007186271264
6000000007186331251
6000000007186786274
6000000007188554335
6000000007196212976
6000000007196254505
6000000007196272373
6000000007196342323
6000000007196402359
6000000007196409270
6000000007196415328
6000000007196499210
6000000007196500210
6000000007196512201
6000000007197875201
6000000007205019255
6000000007211248332
6000000007212058369
6000000007212146260
6000000007212318288
6000000007212325249
6000000007212534618
6000000007212672542
6000000007212885310
6000000007213103461
6000000007213183226
6000000007220908814
6000000007221454233
6000000007300651801
6000000007317404300
6000000007317496231
6000000007317558288
6000000007323918208
6000000007324737228
6000000007324881235
6000000007324895301
6000000007324899236
6000000007325071203
6000000007325071211
6000000007331109745
6000000007331379518
6000000007331481441
6000000007331504311
6000000007331504318
6000000007331541286
6000000007331692959
6000000007331774102
6000000007331939703
6000000007331968468
6000000007331972659
6000000007331986506
6000000007332015050
6000000007332015082
6000000007332049183
6000000007332060307
6000000007332068333
6000000007332072352
6000000007332074230
6000000007332113203
6000000007332126207
6000000007332133099
6000000007332214428
6000000007332233696
6000000007332253433
6000000007332279395
6000000007332338260
6000000007332340304
6000000007332341350
6000000007332349273
6000000007332350221
6000000007332352312
6000000007332359267
6000000007332371261
6000000007332382316
6000000007332382367
6000000007332394220
6000000007332400231
6000000007348677568
6000000007348940346
6000000007348961634
6000000007349224215
6000000007365511333
6000000007730719661
6000000007730790457
6000000007730877554
6000000007796153112
6000000007796716840
6000000007796759791
6000000007796807731
6000000007797079618
6000000007797123664
6000000007797138365
6000000007797182315
6000000007797185611
6000000007797383443
6000000007797421334
6000000007797628405
6000000007797750282
6000000007797876201
6000000007824036922
6000000007824115929
6000000007824185045
6000000007824202771
6000000007824210736
6000000007824248607
6000000007824316322
6000000007824316396
6000000007824357564
6000000007824361355
6000000007824361400
6000000007825749009
6000000007826003828
6000000007826003886
6000000007826003907
6000000007826058505
6000000007826103898
6000000007826117717
6000000007826117872
6000000007826157806
6000000007826176797
6000000007826186615
6000000007826225740
6000000007826231787
6000000007826250400
6000000007826261895
6000000007826304467
6000000007826495572
6000000007826567651
6000000007826567693
6000000007826621203
6000000007826646264
6000000007826659301
6000000007826667384
6000000007826693144
6000000007826702150
6000000007826753245
6000000007826985498
6000000007827065823
6000000007827427939
6000000007827468531
6000000007827488908
6000000007827551403
6000000007827664529
6000000007827733357
6000000007827806286
6000000007827826286
6000000007827840335
6000000007827929218
6000000007827950219
6000000007828118384
6000000007839418607
6000000007839424364
6000000007840283321
6000000007841226722
6000000007998013887
6000000007998088943
6000000007998221757
6000000007998255662
6000000007998277473
6000000007998280914
6000000008000080963
6000000008000614256
6000000008000723265
6000000008001056279
6000000008008729099
6000000008008746560
6000000008008799449
6000000008008821259
6000000008008826282
6000000008011161080
6000000008011198049
6000000008011266776
6000000008011339327
6000000008011376341
6000000008011381418
6000000008011402716
6000000008023182787
6000000008023252894
6000000008023261335
6000000008023319303
6000000008023320070
6000000008023330210
6000000008023345821
6000000008023374286
6000000008023398605
6000000008023445553
6000000008024223014
6000000008024269770
6000000008024276816
6000000008024290996
6000000008024333808
6000000008024417444
6000000008024449313
6000000008024459219
6000000008024461261
6000000008025177028
6000000008025193989
6000000008025216650
6000000008025216760
6000000008025252074
6000000008025252704
6000000008025328200
6000000008025332401
6000000008025339841
6000000008025348054
6000000008025360785
6000000008025394562
6000000008025411201
6000000008025412699
6000000008025413412
6000000008025417330
6000000008025421829
6000000008025423459
6000000008025426414
6000000008025463783
6000000008025467716
6000000008025472752
6000000008025472767
6000000008025497225
6000000008025540505
6000000008025545226
6000000008025573261
6000000008053550083
6000000008053557977
6000000008053623963
6000000008053717770
6000000008053720827
6000000008053752691
6000000008053771595
6000000008053812761
6000000008053847513
6000000008053858591
6000000008053862723
6000000008053905524
6000000008053922305
6000000008053966294
6000000008053998579
6000000008054008664
6000000008054142266
6000000008115442335
6000000008115447814
6000000008115650502
6000000008115661503
6000000008115678580
6000000008115680382
6000000008115711327
6000000008115763260
6000000008115767434
6000000008115778344
6000000008115805115
6000000008115901271
6000000008115957325
6000000008117775714
6000000008118061953
6000000008118061980
6000000008118113294
6000000008118146124
6000000008118158284
6000000008118314784
6000000008118431939
6000000008118664448
6000000008118669418
6000000008118777044
6000000008118777093
6000000008118784285
6000000008118784394
6000000008118784681
6000000008118866069
6000000008118885210
6000000008118885271
6000000008118941417
6000000008118958641
6000000008119018460
6000000008119144046
6000000008119153844
6000000008119153922
6000000008119154190
6000000008119270509
6000000008119296935
6000000008119372941
6000000008119372949
6000000008119386578
6000000008119405050
6000000008119417899
6000000008119439714
6000000008119460791
6000000008119478654
6000000008119654270
6000000008119695495
6000000008119734220
6000000008119734743
6000000008119740718
6000000008119743479
6000000008119822359
6000000008119822714
6000000008119844267
6000000008119871622
6000000008119943352
6000000008119960318
6000000008120034245
6000000008120095271
6000000008120096294
6000000008120098215
6000000008122780807
6000000008122915332
6000000008123457472
6000000008123457603
6000000008123536312
6000000008130148060
6000000008130197851
6000000008131362845
6000000008131424081
6000000008131516751
6000000008131893533
6000000008132916068
6000000008132916184
6000000008133099922
6000000008133355776
6000000008133368184
6000000008133382502
6000000008133409811
6000000008133446799
6000000008133573627
6000000008133670710
6000000008133670824
6000000008141208951
6000000008141263687
6000000008141310580
6000000008141366419
6000000008141389488
6000000008141407248
6000000008141560129
6000000008141606352
6000000008141630640
6000000008141633054
6000000008141644682
6000000008141648952
6000000008141649373
6000000008141655791
6000000008141735441
6000000008141753364
6000000008141801140
6000000008141978455
6000000008142044510
6000000008142118574
6000000008142158205
6000000008142166201
6000000008143317934
6000000008170529690
6000000008170529814
6000000008170584011
6000000008170696741
6000000008170696775
6000000008170738448
6000000008170862457
6000000008171000947
6000000008171003368
6000000008171130314
6000000008171183936
6000000008171275385
6000000008171349351
6000000008171393672
6000000008171528972
6000000008171700337
6000000008171788248
6000000008171837378
6000000008171839357
6000000008177465957
6000000008177466035
6000000008177466043
6000000008177466052
6000000008177466060
6000000008177466065
6000000008177466074
6000000008177466078
6000000008177466083
6000000008177466091
6000000008177466096
6000000008177466105
6000000008177466110
6000000008177466118
6000000008177466133
6000000008177466147
6000000008177466162
6000000008177466166
6000000008177466179
6000000008177466192
6000000008177466199
6000000008177475209
6000000008177475219
6000000008177475223
6000000008177475226
6000000008177475234
6000000008177475249
6000000008177475276
6000000008177475289
6000000008177475292
6000000008177475298
6000000008177475301
6000000008177475307
6000000008193052072
6000000008193231298
6000000008193234277
6000000008193253243
6000000008201106163
6000000008201115022
6000000008201154035
6000000008201160898
6000000008201200046
6000000008201268663
6000000008201306673
6000000008201390067
6000000008201405876
6000000008201483333
6000000008201549933
6000000008201784919
6000000008201843041
6000000008201910836
6000000008201989052
6000000008202074354
6000000008202256003
6000000008202540835
6000000008202615161
6000000008202715743
6000000008261026303
6000000008261513710
6000000008261722224
6000000008261723206
6000000008291624125
6000000008291678966
6000000008291755094
6000000008291779011
6000000008291800783
6000000008291863637
6000000008314178465
6000000008369461114
6000000008369791006
6000000008369847701
6000000008369911461
6000000008369972621
6000000008370025240
6000000008370029645
6000000008370050679
6000000008370222283
6000000008384731047
6000000008384950009
6000000008385205422
6000000008385254689
6000000008385446814
6000000008492011250
6000000008492184192
6000000008492296997
6000000008492464935
6000000008492473840
6000000008492544272
6000000008492667670
6000000008492689519
6000000008492691283
6000000008501355099
6000000008501367879
6000000008501368101
6000000008501372149
6000000008501530914
6000000008501531175
6000000008501536189
6000000008501540723
6000000008501557926
6000000008501562967
6000000008501577877
6000000008501579660
6000000008501580049
6000000008501580584
6000000008501594539
6000000008501616907
6000000008501627870
6000000008501634007
6000000008501641040
6000000008501641175
6000000008501642968
6000000008501651910
6000000008501654623
6000000008501658561
6000000008501662876
6000000008501679120
6000000008501688445
6000000008501691785
6000000008501717429
6000000008501717917
6000000008501765483
6000000008501772216
6000000008501774130
6000000008501778353
6000000008501781841
6000000008501782584
6000000008501790415
6000000008501791744
6000000008501798563
6000000008501804991
6000000008501805827
6000000008501809216
6000000008501809689
6000000008501810389
6000000008501819326
6000000008501866203
6000000008501909047
6000000008502063116
6000000008502219003
6000000008502741689
6000000008503285722
6000000008503333663
6000000008503358579
6000000008503452532
6000000008503552614
6000000008503734631
6000000008503946262
6000000008503967582
6000000008512658168
6000000008512905804
6000000008513083577
6000000008513362764
6000000008513486409
6000000008513555787
6000000008513627766
6000000008514001464
6000000008514114333
6000000008514127339
6000000008514151490
6000000008514205296
6000000008514243639
6000000008514301425
6000000008521710105
6000000008521769955
6000000008521802873
6000000008521860036
6000000008521876081
6000000008522016879
6000000008522029733
6000000008522029744
6000000008522033114
6000000008522037700
6000000008522047850
6000000008522112205
6000000008522194024
6000000008522269842
6000000008522292861
6000000008522357019
6000000008522433114
6000000008522489527
6000000008522495330
6000000008551346128
6000000008564895999
6000000008566088238
6000000008573629149
6000000008620447175
6000000008620479980
6000000008620599733
6000000008620656437
6000000008620699353
6000000008620702777
6000000008620717538
6000000008620899276
6000000008624996610
6000000008625016902
6000000008625176990
6000000008625189829
6000000008625250815
6000000008625270450
6000000008625356242
6000000008625364423
6000000008632300042
6000000008632590777
6000000008632830486
6000000008632863863
6000000008632931195
6000000008633012384
6000000008633046290
6000000008633052527
6000000008633064471
6000000008633081691
6000000008633188291
6000000008633302339
6000000008633312262
6000000008633398436
6000000008633480408
6000000008633493314
6000000008633577475
6000000008642179091
6000000008642189046
6000000008642260755
6000000008642262966
6000000008642294151
6000000008642295838
6000000008642296153
6000000008642315905
6000000008642506201
6000000008642535534
6000000008642564808
6000000008642577834
6000000008642582828
6000000008642623553
6000000008642623727
6000000008642651065
6000000008642682141
6000000008642685646
6000000008642685917
6000000008642749600
6000000008642749635
6000000008642781879
6000000008642793449
6000000008642799965
6000000008642874820
6000000008642920499
6000000008642945112
6000000008642993231
6000000008643040833
6000000008643042193
6000000008643047200
6000000008643121647
6000000008643142506
6000000008643142539
6000000008643181498
6000000008643184905
6000000008643259054
6000000008643290916
6000000008643332020
6000000008643381927
6000000008643393192
6000000008643400767
6000000008643400971
6000000008643411150
6000000008643418693
6000000008643434813
6000000008643484357
6000000008643495713
6000000008643506413
6000000008643571020
6000000008643599816
6000000008643617955
6000000008643647543
6000000008643657464
6000000008643664896
6000000008643682786
6000000008643735654
6000000008643744564
6000000008643763331
6000000008643767408
6000000008643783202
6000000008643802728
6000000008643872358
6000000008643892463
6000000008643896275
6000000008643910777
6000000008643911158
6000000008643911194
6000000008643922979
6000000008643937537
6000000008643949379
6000000008643959364
6000000008644011382
6000000008644033556
6000000008644033800
6000000008644037650
6000000008644040691
6000000008644187213
6000000008644883130
6000000008645008864
6000000008645011873
6000000008645167151
6000000008645371051
6000000008645797608
6000000008645960197
6000000008646077090
6000000008646189991
6000000008646291014
6000000008646788222
6000000008652059961
6000000008652234093
6000000008652301131
6000000008652305173
6000000008652334945
6000000008652352050
6000000008652377823
6000000008652423126
6000000008652428789
6000000008652434129
6000000008652468680
6000000008652475037
6000000008652484132
6000000008652567547
6000000008652570453
6000000008652575451
6000000008652589792
6000000008652651458
6000000008652671885
6000000008652774301
6000000008652795252
6000000008652888700
6000000008652935068
6000000008652993646
6000000008653090987
6000000008653181918
6000000008653202108
6000000008653202548
6000000008653209708
6000000008653230432
6000000008653267660
6000000008653283483
6000000008653300304
6000000008653303359
6000000008653319299
6000000008653320491
6000000008653321007
6000000008653332020
6000000008653340918
6000000008653405820
6000000008653552712
6000000008653573218
6000000008672307533
6000000008672894912
6000000008672902879
6000000008672915616
6000000008673114945
6000000008710690317
6000000008717288486
6000000008717968158
6000000008718258681
6000000008718374199
6000000008809387657
6000000008809575041
6000000008809617705
6000000008819213304
6000000008819274461
6000000008819332220
6000000008819952640
6000000008821307784
6000000008821674378
6000000008843857789
6000000008843986689
6000000008875160224
6000000008883181866
6000000008903291539
6000000008908804054
6000000008937807278
6000000008990637063
6000000008990837505
6000000008990838798
6000000008990926800
6000000008990936432
6000000008990947152
6000000008990989572
6000000008999998091
6000000009037448385
6000000009037492369
6000000009037519275
6000000009037571318
6000000009037591225
6000000009037644211
6000000009037671391
6000000009037703315
6000000009037710206
6000000009037724204
6000000009037749261
6000000009037785230
6000000009038277558
6000000009038324921
6000000009038341718
6000000009038385886
6000000009038422374
6000000009038562955
6000000009038597870
6000000009038717753
6000000009038778157
6000000009039211269
6000000009039241220
6000000009047665667
6000000009047729242
6000000009093575044
6000000009093598006
6000000009093885701
6000000009093890036
6000000009093929488
6000000009093938510
6000000009093976288
6000000009094090004
6000000009094105807
6000000009094133398
6000000009094262953
6000000009103365864
6000000009103438520
6000000009103452164
6000000009103457479
6000000009103594401
6000000009103659041
6000000009103698845
6000000009103819434
6000000009103915326
6000000009156383998
6000000009156501318
6000000009163701809
6000000009163804670
6000000009163842899
6000000009163882422
6000000009164060899
6000000009210748837
6000000009212192260
6000000009217996190
6000000009218241839
6000000009218317667
6000000009218365662
6000000009218411615
6000000009218507479
6000000009218619280
6000000009218670263
6000000009218692235
6000000009218785824
6000000009219110964
6000000009219128864
6000000009219130919
6000000009219131584
6000000009219250791
6000000009219252960
6000000009219574488
6000000009219763398
6000000009220061279
6000000009220063735
6000000009220107488
6000000009220122448
6000000009220129465
6000000009220129642
6000000009220163501
6000000009220283263
6000000009220314240
6000000009226582150
6000000009226908828
6000000009227063627
6000000009227112141
6000000009227183476
6000000009227849023
6000000009228072748
6000000009228139620
6000000009228144925
6000000009228262141
6000000009228332363
6000000009228341415
6000000009228348416
6000000009228363560
6000000009229004861
6000000009229229777
6000000009229369774
6000000009229389753
6000000009229435054
6000000009229626935
6000000009229746932
6000000009230012204
6000000009230118723
6000000009230692795
6000000009231376258
6000000009231396240
6000000009231400270
6000000009237537211
6000000009237614739
6000000009237645205
6000000009301551738
6000000009301685569
6000000009302312982
6000000009302575451
6000000009302927276
6000000009319154878
6000000009319210172
6000000009319272063
6000000009319280904
6000000009319613789
6000000009319694145
6000000009319783741
6000000009319922078
6000000009320038879
6000000009320208599
6000000009320355280
6000000009320415215
6000000009320477700
6000000009320844390
6000000009321051420
6000000009321130311
6000000009324202251
6000000009332551143
6000000009332560111
6000000009332572643
6000000009332668626
6000000009332809876
6000000009332823848
6000000009336178615
6000000009337071168
6000000009337117088
6000000009338197095
6000000009338212864
6000000009338582871
6000000009338894926
6000000009339039513
6000000009339276266
6000000009340501624
6000000009340518018
6000000009340545602
6000000009340578686
6000000009340594137
6000000009340621570
6000000009340710007
6000000009340724464
6000000009340748319
6000000009340769383
6000000009340795411
6000000009340814349
6000000009340820541
6000000009340827345
6000000009340844344
6000000009347698232
6000000009353219416
6000000009353418422
6000000009353865952
6000000009363014052
6000000009371839687
6000000009487623978
6000000009487831726
6000000009487877523
6000000009508327815
6000000009508355786
6000000009508417585
6000000009508664153
6000000009508914456
6000000009509103286
6000000009509369251
6000000009510703296
6000000009528344979
6000000009537809486
6000000009545780525
6000000009545842372
6000000009553394033
6000000009553441906
6000000009553475194
6000000009553478149
6000000009553532151
6000000009553634773
6000000009553699867
6000000009553771417
6000000009553786416
6000000009553796278
6000000009553810694
6000000009553812631
6000000009553814236
6000000009553816359
6000000009554325064
6000000009612372371
6000000009629287860
6000000009689961806
6000000009689977656
6000000009690039810
6000000009690049547
6000000009690060805
6000000009690097839
6000000009690882854
6000000009691279105
6000000009691750543
6000000009691750571
6000000009691796393
6000000009692249977
6000000009709786772
6000000009711763099
6000000009815759420
6000000009815766723
6000000009815894393
6000000009815953745
6000000009816339483
6000000009817027363
6000000009817122312
6000000009817232147
6000000009817244991
6000000009817362125
6000000009817673032
6000000009818254688
6000000009818703738
6000000009819970483
6000000009820168341
6000000009826433822
6000000009826491797
6000000009826492017
6000000009826809556
6000000009826812560
6000000009826833630
6000000009826859124
6000000009826894935
6000000009826904652
6000000009826938572
6000000009826969374
6000000009826989465
6000000009826999298
6000000009827034328
6000000009827037340
6000000009827096314
6000000009827104261
6000000009827105058
6000000009827123617
6000000009827758605
6000000009827845566
6000000009827880512
6000000009827927494
6000000009827936989
6000000009828093426
6000000009828146495
6000000009828149337
6000000009861041802
6000000009861215871
6000000009861322689
6000000009866636562
6000000009866639587
6000000009869240749
6000000009869330645
6000000009869349590
6000000009869560786
6000000009869944603
6000000009870067746
6000000009870202203
6000000009870279691
6000000009870384242
6000000009879973346
6000000009880025567
6000000009880095594
6000000009880107476
6000000009880113631
6000000009880116109
6000000009880119419
6000000009880139347
6000000009880145561
6000000009880160327
6000000009890124226
6000000009893950960
6000000009894136928
6000000009894147770
6000000009894178780
6000000009894184764
6000000009894184942
6000000009894273568
6000000009894277760
6000000009894285754
6000000009894344462
6000000009894355450
6000000009894359932
6000000009894362125
6000000009894383546
6000000009894387646
6000000009894395395
6000000009894433841
6000000009894535548
6000000009894566485
6000000009894821218
6000000009907916846
6000000010112645961
6000000010112683840
6000000010112727889
6000000010112782820
6000000010112872138
6000000010112891103
6000000010112924098
6000000010113036362
6000000010113037585
6000000010113055427
6000000010113071613
6000000010113099894
6000000010113102312
6000000010113108399
6000000010113108770
6000000010113122384
6000000010113140484
6000000010113178589
6000000010113211302
6000000010113227252
6000000010453618648
6000000010702048905
6000000010702248921
6000000010702306018
6000000010702330086
6000000010702344122
6000000010702392716
6000000010702547489
6000000010702602876
6000000010702638667
6000000010702660493
6000000010702683433
6000000010702764434
6000000010702765665
6000000010702766625
6000000010702792016
6000000011626573108
6000000011626574081
6000000011626574126
6000000011626627991
6000000011626768086
6000000011626774036
6000000011626825815
6000000011626837755
6000000011626857554
6000000011626883169
6000000011626912037
6000000011626918648
6000000011626980739
6000000011626980811
6000000011626994461
6000000011627007814
6000000011627012029
6000000011627026983
6000000011627054163
6000000011627068106
6000000011627068449
6000000011627068734
6000000011627083509
6000000011627084028
6000000011627090974
6000000011627106008
6000000011627107576
6000000011627107617
6000000011627118319
6000000011627126557
6000000011627126576
6000000011627127368
6000000011627129173
6000000011627136443
6000000011627158870
6000000011627161171
6000000011627175582
6000000011627187989
6000000011627191870
6000000011627217415
6000000011627217629
6000000011627221583
6000000011627223669
6000000011627224453
6000000011627248393
6000000011627264219
6000000011627264565
6000000011627278817
6000000011627281508
6000000011627302075
6000000011627307439
6000000011627318600
6000000011627328826
6000000011627382320
6000000011627411247
6000000011627412821
6000000011627413251
6000000011627427057
6000000011627427082
6000000011627427325
6000000011627486345
6000000011627494233
6000000011627506286
6000000011627546224
6000000011627961703
6000000011628234785
6000000011629848163
6000000011630038736
6000000011630077286
6000000011630124423
6000000011630495224
6000000011630935213
6000000011631467912
6000000011631641160
6000000011631807521
6000000011631807947
6000000011632002619
6000000011632035448
6000000011632079849
6000000011632152648
6000000011632223309
6000000011632224289
6000000011632243467
6000000011632264293
6000000011632271298
6000000011632306312
6000000011632318261
6000000012050542725
6000000012051338196
6000000012051721506
6000000012051746695
6000000012051746778
6000000012051903155
6000000012051931144
6000000012052050314
6000000012052119332
6000000012052138495
6000000012052214898
6000000012052245756
6000000012052282033
6000000012052452815
6000000012052858972
6000000012052869293
6000000012052965519
6000000012053046486
6000000012053060814
6000000012053294519
6000000012053355467
6000000012053742323
6000000012053763657
6000000012054664149
6000000012054694908
6000000012054917198
6000000012055006047
6000000012055158887
6000000012055315437
6000000012055401362
6000000012055674592
6000000012055695284
6000000012055964225
6000000012055967201
6000000012422072039
6000000012422422788
6000000012422657439
6000000012422668422
6000000012485590097
6000000012528491749
6000000012528889920
6000000012560202932
6000000012560205909
6000000012560226029
6000000012560237135
6000000012560289197
6000000012560298124
6000000012560470851
6000000012560503801
6000000012560517125
6000000012560517179
6000000012560517745
6000000012560539493
6000000012560568222
6000000012560578232
6000000012560595425
6000000012560609959
6000000012560647844
6000000012560847769
6000000012560863216
6000000012560877126
6000000012560883125
6000000012560918751
6000000012560966162
6000000012560976876
6000000012560979499
6000000012560979585
6000000012561005031
6000000012561014967
6000000012561023558
6000000012561053672
6000000012561055143
6000000012561084756
6000000012561087156
6000000012561106004
6000000012561114408
6000000012561114462
6000000012561118736
6000000012561120062
6000000012561166837
6000000012561172109
6000000012561204034
6000000012561209494
6000000012561210538
6000000012561217439
6000000012561224377
6000000012561231289
6000000012561270801
6000000012561281824
6000000012561304191
6000000012561358794
6000000012561389908
6000000012561547838
6000000012561555796
6000000012561575227
6000000012561636276
6000000012561732211
6000000012561739526
6000000012561783059
6000000012561802624
6000000012561855726
6000000012561960462
6000000012561983354
6000000012562003952
6000000012562003977
6000000012562042555
6000000012562117778
6000000012562119721
6000000012562122021
6000000012562127252
6000000012562147201
6000000012562170728
6000000012562182881
6000000012562261673
6000000012562269316
6000000012562269809
6000000012562284390
6000000012562335594
6000000012562483474
6000000012562863284
6000000012577666190
6000000012577674096
6000000012577796539
6000000012577843737
6000000012577868584
6000000012577949508
6000000012578008285
6000000012578045986
6000000012578050300
6000000012578071412
6000000012578097792
6000000012578167311
6000000012578196668
6000000012578248646
6000000012578291250
6000000012578347780
6000000012580137114
6000000012580185185
6000000012580385251
6000000012601928948
6000000012602377081
6000000012609955026
6000000012611731800
6000000012612003391
6000000012619799971
6000000012619948812
6000000012619980784
6000000012620299796
6000000012620311372
6000000012620365419
6000000012621234673
6000000012621474073
6000000012621486988
6000000012621499496
6000000012621519452
6000000012621534591
6000000012621583313
6000000012621586629
6000000012621697386
6000000012621703328
6000000012621708456
6000000012621731171
6000000012621851947
6000000012621916074
6000000012622043044
6000000012622110958
6000000012622194432
6000000012622198653
6000000012622223827
6000000012622251404
6000000012622296220
6000000012622320214
6000000012622337555
6000000012623500057
6000000012623575416
6000000012623578176
6000000012623651785
6000000012623680904
6000000012623704985
6000000012623816615
6000000012623855470
6000000012623879677
6000000012624040302
6000000012624215058
6000000012624230136
6000000012624464513
6000000012624464790
6000000012624548829
6000000012624603280
6000000012624660295
6000000012624790208
6000000012632745867
6000000012632753193
6000000012632764062
6000000012632895845
6000000012633000766
6000000012633021913
6000000012633052587
6000000012633076634
6000000012633080930
6000000012633096850
6000000012633125523
6000000012633169514
6000000012633189249
6000000012633219331
6000000012633368684
6000000012633415950
6000000012633432630
6000000012633480960
6000000012633491655
6000000012633511464
6000000012633559447
6000000012633574340
6000000012633623508
6000000012633625589
6000000012633640761
6000000012633667438
6000000012633671551
6000000012633686533
6000000012633707417
6000000012633713317
6000000012633751230
6000000012633787287
6000000012634079473
6000000012634092584
6000000012634118651
6000000012634121918
6000000012634202547
6000000012634209475
6000000012634226481
6000000012634241729
6000000012634314670
6000000012634443491
6000000012634455603
6000000012634456352
6000000012634468407
6000000012634496730
6000000012634501241
6000000012634564281
6000000012634753101
6000000012634764260
6000000012634771213
6000000012634776490
6000000012640074158
6000000012640145521
6000000012640253696
6000000012640397644
6000000012647192827
6000000012647482800
6000000012648025652
6000000012648040029
6000000012648244642
6000000012648369400
6000000012648590489
6000000012648651532
6000000012648754710
6000000012648843365
6000000012648875405
6000000012648876315
6000000012649141348
6000000012649288261
6000000012667425618
6000000012667448434
6000000012667627277
6000000012667631380
6000000012667643288
6000000012667685294
6000000012667702302
6000000012667704324
6000000012667711390
6000000012667712335
6000000012667757319
6000000012668717655
6000000012668735601
6000000012668751404
6000000012668850465
6000000012668934442
6000000012668979505
6000000012669021539
6000000012669156491
6000000012669164576
6000000012687180631
6000000012687355714
6000000012687386455
6000000012687389305
6000000012687475488
6000000012687487340
6000000012687488549
6000000012687498441
6000000012687508434
6000000012687525450
6000000012687758603
6000000012687803441
6000000012687852789
6000000012687887571
6000000012687934232
6000000012687947264
6000000012687952216
6000000012687992823
6000000012688053923
6000000012688075887
6000000012688092831
6000000012688096967
6000000012688100850
6000000012688102428
6000000012688162728
6000000012688170589
6000000012688176219
6000000012688234235
6000000012688278225
6000000012688583355
6000000012688620424
6000000012688623761
6000000012688671996
6000000012688707980
6000000012688749018
6000000012688764185
6000000012688790621
6000000012688802479
6000000012688807587
6000000012688807863
6000000012688837352
6000000012688846326
6000000012688857618
6000000012688864426
6000000012688874336
6000000012688885210
6000000012695554070
6000000012695790045
6000000012695997919
6000000012696010455
6000000012696082877
6000000012696112569
6000000012696183531
6000000012696187542
6000000012696194542
6000000012696224510
6000000012696250625
6000000012696253271
6000000012696253426
6000000012696254012
6000000012696268227
6000000012696294640
6000000012696294912
6000000012696300313
6000000012696313204
6000000012696314506
6000000012696331279
6000000012696382424
6000000012696402367
6000000012696457339
6000000012696484201
6000000012696491614
6000000012696507126
6000000012696516531
6000000012696532340
6000000012696602278
6000000012696678306
6000000012696708415
6000000012696719274
6000000012700849106
6000000012701341063
6000000012701481630
6000000012701877325
6000000012702100368
6000000012763761085
6000000012764418692
6000000012764514774
6000000012764524050
6000000012764527983
6000000012764588168
6000000012764661623
6000000012764887592
6000000012765231787
6000000012765338232
6000000012765346213
6000000012765360308
6000000012765371325
6000000012765371474
6000000012765379584
6000000012765382408
6000000012765383226
6000000012765384383
6000000012765384678
6000000012765398386
6000000012765400209
6000000012765446406
6000000012765447250
6000000012765487417
6000000012765501324
6000000012765514304
6000000012765526242
6000000012765588295
6000000012765609245
6000000012788031332
6000000012788043101
6000000012788046985
6000000012788075516
6000000012788079612
6000000012788251792
6000000012788344206
6000000012788364479
6000000012788373259
6000000012788442459
6000000012788488242
6000000012788527451
6000000012788948138
6000000012789059947
6000000012789160423
6000000012789241315
6000000012789241684
6000000012789274221
6000000012789283534
6000000012789290768
6000000012789309257
6000000012789324922
6000000012789325111
6000000012789332311
6000000012789365875
6000000012789418407
6000000012789429513
6000000012789444361
6000000012789489311
6000000012789501590
6000000012789505698
6000000012789518415
6000000012789539255
6000000012789602275
6000000012789652211
6000000012789869329
6000000012789907544
6000000012789918616
6000000012789937387
6000000012789981728
6000000012789999519
6000000012790015475
6000000012790121415
6000000012790168268
6000000012790168300
6000000012790224218
6000000012794880364
6000000012802634496
6000000012814029137
6000000012814222143
6000000012814493070
6000000012814540481
6000000012814609490
6000000012814726408
6000000012814729642
6000000012814782808
6000000012814788554
6000000012814878060
6000000012815128309
6000000012815137247
6000000012830315737
6000000012830689829
6000000012831065998
6000000012831590770
6000000012831619519
6000000012831719261
6000000012831734344
6000000012831779704
6000000012831883582
6000000012832048209
6000000012862903908
6000000012871558216
6000000012877055633
6000000012877804568
6000000012878076837
6000000012878158309
6000000012878178526
6000000012878268217
6000000012890804251
6000000012890886207
6000000012890921473
6000000012925020838
6000000012925033862
6000000012925035669
6000000012925038128
6000000012925049153
6000000012925054740
6000000012925074182
6000000012925079527
6000000012925131106
6000000012925139924
6000000012925167438
6000000012925210856
6000000012925349320
6000000012925386745
6000000012925501006
6000000012925505245
6000000012925515866
6000000012925543407
6000000012925547486
6000000012925587608
6000000012925596353
6000000012925643287
6000000012925682295
6000000012925683408
6000000012926085166
6000000012926191787
6000000012926341055
6000000012926353143
6000000012926410105
6000000012926533725
6000000012926682220
6000000012927056989
6000000012927117840
6000000012927264812
6000000012927369766
6000000012927442010
6000000012927543862
6000000012927565778
6000000012927584450
6000000012935227137
6000000012935367719
6000000012935373649
6000000012935388494
6000000012935401993
6000000012935416656
6000000012935420802
6000000012935438953
6000000012935459105
6000000012935481545
6000000012935496482
6000000012935544683
6000000012935544929
6000000012935551061
6000000012935817795
6000000012935823849
6000000012935908115
6000000012935916907
6000000012935917019
6000000012935947555
6000000012936065764
6000000012936095660
6000000012936109939
6000000012936152634
6000000012936293282
6000000012954682492
6000000012976978072
6000000012977555185
6000000012977772910
6000000012977776017
6000000012977819459
6000000012977950679
6000000012978429307
6000000012978446411
6000000013185115050
6000000013185338043
6000000013185438789
6000000013185481835
6000000013185528040
6000000013185531341
6000000013185650204
6000000013185677492
6000000013185711271
6000000013185730240
6000000013185734304
6000000013185734480
6000000014665226736
6000000014665526679
6000000014665628049
6000000014665663451
6000000014665687799
6000000014665690879
6000000014665722335
6000000014665724482
6000000014665769851
6000000014665773244
6000000015337022805
6000000015337221970
6000000015337247491
6000000015337372475
6000000015337570606
6000000015337576836
6000000015337624235
6000000015337663596
6000000015337729299
6000000015337750288
6000000015337769587
6000000015337901219
6000000015338006087
6000000015703744934
6000000015703755935
6000000015704383521
6000000015704383613
6000000015704433152
6000000015704442040
6000000015704458283
6000000016894131977
6000000016960343520
6000000016960481676
6000000016960523198
6000000016960565587
6000000016960713897
6000000016960746133
6000000016960767446
6000000016960969512
6000000016963187786
6000000016963218577
6000000016963286287
6000000017068551744
6000000017069829672
6000000018547589618
6000000019402474960
6000000019402499419
6000000019402610526
6000000019402649349
6000000019402801381
6000000019402805192
6000000019402808207
6000000019402819273
6000000019402829069
6000000019402852113
6000000019402925048
6000000019460357141
6000000019684510083
6000000020080092829
6000000020080219832
6000000020080280715
6000000020080296319
6000000020080347820
6000000020080484218
6000000020080519393
6000000020080631831
6000000020080633189
6000000020080845253
6000000020081022465
6000000020081057184
6000000020081085189
6000000020081133187
6000000020081451167
6000000020081488034
6000000020081733018
6000000020081756044
6000000020081759112
6000000020081807047
6000000020081854161
6000000020081868140
6000000020081977005
6000000020082539659
6000000020082625794
6000000020083042263
6000000020083389419
6000000020084521039
6000000020089024613
6000000020089479283
6000000020089519070
6000000020089822285
6000000020090074244
6000000020090086259
6000000020090112164
6000000020153793188
6000000020153847305
6000000020520032506
6000000020547595470
6000000020547752444
6000000023060498575
6000000023060597516
6000000023060599376
6000000023552336317
6000000025501941657
6000000025502456497
6000000025622244583
6000000025622809259
6000000025622867514
6000000026521959596
6000000026522171658
6000000026522309563
6000000026522465321
6000000026522487183
6000000026522552312
6000000026522556364
6000000026522622075
6000000026522722003
6000000026522745869
6000000026522778851
6000000026531816396
6000000026566135156
6000000028246126724
6000000028246282275
6000000028246402258
6000000028246428021
6000000028246448080
6000000028246721835
6000000028527812929
6000000028732148223
6000000029492056057
6000000030170406052
6000000030271305835
6000000030294109916
6000000032170128401
6000000037220203285
6000000037220216008
6000000037220225250
6000000037220238126
6000000037220249162
6000000037220286096
6000000037220350172
6000000037220385053
6000000037220407267
6000000037220431992
6000000037220459018
6000000037220553094
6000000037220749074
6000000037220751011
6000000037220788207
6000000037220800964
6000000037220945954
6000000037221008001
6000000037221152830
6000000037221172835
6000000040885040440
6000000040885201360
6000000040885275327
6000000040885277204
6000000040885311308
6000000040885402157
6000000040885508904
6000000040885530976
6000000040885567889
6000000040885568861
6000000040885604843
6000000040885634821
6000000040885645827
6000000040886450932
6000000043431277840
6000000045545840003
6000000051877132891
6000000051979398840
6000000051979500833
6000000051979893864
6000000051980037838
6000000051980175875
6000000052802246920
6000000052802265888
6000000054039463857
6000000060782163196
6000000060782717866
6000000060784350851
6000000060784361853
6000000067005943841
6000000067006395851
6000000067006500945
6000000067006550907
6000000067006693934
6000000067006704875
6000000067006705841
6000000067006728917
6000000071478515023
6000000074715201887
6000000074715404827
6000000074746875003
6000000074770998968
6000000075326768888
6000000076476162829
6000000091171372366
6000000091171515082
6000000091171945097
6000000091172431878
6000000091173010946
6000000091173105883
6000000091173228841
6000000092566796917
6000000094315245234
6000000094315638194
6000000130191678854
6000000133676114196
6000000133678038026
6000000133678604845
6000000133678908833
6000000133678944835
6000000133679149870
6000000133679179871
6000000133679254863
6000000133679487832
6000000133679555919
6000000133680279867
6000000133680574857
6000000133680736865
6000000133680863821
6000000133681143842
6000000133681441044
6000000133682249966
6000000133682747866
6000000133682913267
6000000133683031154
6000000133683047823
6000000133683059077
6000000133683456682
6000000133683999896
6000000133684039945
6000000133684088005
6000000133684265866
6000000133684275880
6000000133684307888
6000000133684390924
6000000133684409876
6000000133684569892
6000000133684806188
6000000133684987908
6000000133685163240
6000000133685350848
6000000133685355823
6000000133685573546
6000000133685702125
6000000133685752853
6000000133685765045
6000000133685951857
6000000133686009863
6000000133686073894
6000000133686138949
6000000133686177329
6000000133686179317
6000000133686217281
6000000133686271974
6000000133686291831
6000000133686301823
6000000133686336987
6000000133686385926
6000000133686410884
6000000133686444971
6000000133686493164
6000000133686495918
6000000133686610879
6000000133686668417
6000000133686705989
6000000133686725870
6000000133686910924
6000000133687585932
6000000133687618865
6000000133687652944
6000000133687873879
6000000133687927872
6000000133687969943
6000000133688130825
6000000133688591138
6000000133688619074
6000000133688746288
6000000133688790970
6000000133688859272
6000000133689041947
6000000133689109419
6000000133689207995
6000000133689267860
6000000133689432228
6000000133689495821
6000000133689509837
6000000133689523162
6000000133689530844
6000000133689540965
6000000133689593096
6000000133690072877
6000000133690081851
6000000133690105896
6000000133690218245
6000000133690319961
6000000133690320174
6000000133690410957
6000000133690473493
6000000133690681961
6000000133690903823
6000000133691211856
6000000133691217960
6000000133691452885
6000000133691529823
6000000133691609010
6000000133691638833
6000000133692086831
6000000133692086943
6000000133692166092
6000000133692214838
6000000133692223951
6000000133692286918
6000000133692381846
6000000133692519252
6000000133692789352
6000000133692824857
6000000133692835854
6000000133692931868
6000000133692936095
6000000133693090283
6000000133693138881
6000000133693221201
6000000133693297874
6000000133693360867
6000000133693616021
6000000133693658987
6000000133693693038
6000000133693711916
6000000133693733955
6000000133693844833
6000000133693849987
6000000133694043322
6000000133694043967
6000000133694198889
6000000133694343829
6000000133694465821
6000000133694536824
6000000133694824869
6000000133694873821
6000000133695056253
6000000133695194931
6000000133695214125
6000000133695215821
6000000133695401878
6000000133695424864
6000000133695576935
6000000133695883826
6000000133695932847
6000000133695982893
6000000133696136959
6000000133696162846
6000000133696183960
6000000133696363834
6000000133696501955
6000000133696531995
6000000133696624962
6000000133696640856
6000000133696797900
6000000133696826848
6000000133696866867
6000000133696868859
6000000133696907847
6000000133696998838
6000000133697135950
6000000133697157921
6000000133697253946
6000000133698038821
6000000133698100895
6000000133698170954
6000000133698297852
6000000133698377849
6000000133698682841
6000000133698685825
6000000133698688944
6000000133698865832
6000000142818643111
6000000142832767824
6000000142836263827
6000000144745778920
6000000144746274849
6000000144746456821
6000000144814223930
6000000160120470833
6000000160122007821
6000000173133833080
6000000173133992559
6000000173134905010
6000000173135653329
6000000173136074934
6000000173136381518
6000000173139497555
6000000173139732609
6000000173139760680
6000000173140279428
6000000173140331155
6000000173140364250
6000000173140416811
6000000173141400851
6000000173141429821
6000000173141431868
6000000173141626360
6000000173141630335
6000000173141724693
6000000173141889225
6000000173142600248
6000000173142815043
6000000173143191994
6000000173143262871
6000000173144635213
6000000173144878987
6000000173144956015
6000000173144970037
6000000173145036993
6000000173145164996
6000000173145251842
6000000173160993734
6000000173169442292
6000000173169586465
6000000173169640499
6000000173169665960
6000000173169680389
6000000173169830562
6000000173169926876
6000000173170216151
6000000173170232179
6000000173170381243
6000000173170648094
6000000173170894981
6000000173170957834
6000000173170975910
6000000173171468883
6000000173171486386
6000000173172170912
6000000173173782159
6000000173173833215
6000000173174141247
6000000173174162235
6000000173174371142
6000000173174685850
6000000179130654849
6000000179131144859
6000000179131532839
6000000179131571831
6000000179131681822
6000000179131693822
6000000179131695821
6000000179131695830
6000000179131702824
6000000179131744821
6000000186328081990
6000000187013680850
6000000187014297870
6000000187014527853
6000000187014799828
6000000187019279823
6000000187019966873
6000000187020506823
6000000187020829832
6000000187020964831
6000000195148656902
6000000195148714889
6000000195148788900
6000000195148931849
6000000195149141853
6000000195149142838
6000000195149174838
6000000195149203856
6000000195149298838
6000000195149369823
6000000198883523829
6000000199302189883
6000000208813565842
6000000208813588864
6000000208813701841
6000000208813702847
6000000208813795822
6000000208813813828
6000000208813828827
6000000208827446877
6000000208827544830
6000000209595340830
6000000209931782848
6000000209931865841
6000000209931920826
6000000209932890844
6000000209933015821
6000000209934220824
6000000209934275825
6000000209934290821
6000000209934428831
6000000209934433844
6000000209934474825
6000000209934538824
6000000209934694874
6000000209934740823
6000000209934751849
6000000209934755835
6000000209934764825
6000000209934819832
6000000209934822822
6000000209934847823
6000000209934848821
6000000209934856841
6000000209934865861
6000000209934887836
6000000209934912851
6000000209934919836
6000000209934958825
6000000209934963821
6000000210406507821
6000000210407023821
6000000210408647882
6000000210408779828
6000000210408834830
6000000210408834842
6000000210409014823
6000000210409014987
6000000210409049890
6000000210409069821
6000000210409119826
6000000210409234825
6000000210409239836
6000000210409246860
6000000210448015903
6000000210455153850
6000000210455311840
6000000210455344839
6000000210455367831
6000000210455372828
6000000210455376824
6000000210455450821
6000000210455467822
6000000210455825822
6000000210455841916
6000000210455895830
6000000210455932846
6000000210455965861
6000000210456044822
6000000210456123895
6000000210456164828
6000000210456166821
6000000210456174823
6000000210456231856
6000000210456281843
6000000210457327856
6000000210457344846
6000000210457489833
6000000210473704832
6000000210473748821
6000000210475297821
6000000210475392885
6000000210475417853
6000000210475473863
6000000210475697836
6000000210475719822
6000000210475738822
6000000210475751830
6000000210475857821
6000000210483097857
6000000210483161843
6000000210483284822
6000000210483295825
6000000211159428867
6000000211692993829
6000000211693780826
6000000211693977822
6000000211694045822
6000000211731248822
6000000211749802832
6000000211757892839
6000000211758457830
6000000211760085833
6000000212088861858
6000000212092713865
6000000212228333821
6000000212580906831
6000000218492215861
6000000218492368823
6000000218544031830
6000000218544037852
6000000222484189010
6000000222484328913
6000000222484374070
6000000222484443965
6000000222484445837
6000000222484497868
6000000222484498040
6000000222484503840
6000000222484504935
6000000222484525880
6000000222484543830
6000000222484551935
6000000222484552012
6000000222484554890
6000000222484559998
6000000222484567836
6000000222484575826
6000000222484590842
6000000222484622837
6000000222484648830
6000000222484677896
6000000222484684040
6000000222484688920
6000000222484696833
6000000222484700908
6000000222484702871
6000000222484706920
6000000222484717821
6000000222484740863
6000000222484744850
6000000222484760854
6000000222484813936
6000000222484848825
6000000222484848938
6000000222484858920
6000000222484861881
6000000222484904835
6000000222484941842
6000000222485181836
6000000222486227137
6000000222486812870
6000000222487078921
6000000222487086881
6000000222487124841
6000000222487148836
6000000222487148874
6000000222487241855
6000000222487399821
6000000222487506824
6000000222487561842
6000000222487622841
6000000222487819882
6000000222487862883
6000000222487931845
6000000222488033876
6000000222488154831
6000000222488241869
6000000222488276826
6000000222488276844
6000000222488448849
6000000222488481887
6000000222488497843
6000000222488497928
6000000222488517905
6000000222488621825
6000000222488693848
6000000222489330894
6000000222489398833
6000000222489424860
6000000222489494073
6000000222489555880
6000000222489570028
6000000222489570047
6000000222489620825
6000000222489753092
6000000222489753985
6000000222489754941
6000000222489775956
6000000222489804903
6000000222489810905
6000000222489844965
6000000222489856937
6000000222489928876
6000000222489941856
6000000222489989871
6000000222489992859
6000000222490031838
6000000222490043836
6000000222490051827
6000000222490060968
6000000222490068859
6000000222490101830
6000000222490109980
6000000222490116892
6000000222490144889
6000000222490156823
6000000222490156856
6000000222490169899
6000000222490220824
6000000222490223842
6000000222490231843
6000000222490247130
6000000222490279924
6000000222490284928
6000000222490300941
6000000222490352887
6000000222490363836
6000000222490387899
6000000222490398963
6000000222490417830
6000000222490425973
6000000222490427828
6000000222490434837
6000000222490562930
6000000222490562967
6000000222490572900
6000000222490616821
6000000222490655869
6000000222490767851
6000000222490772846
6000000222490803833
6000000222490820890
6000000222490863848
6000000222490869821
6000000222490974853
6000000222490976848
6000000222490988829
6000000222491007857
6000000222491061826
6000000222491068847
6000000222491108824
6000000222491115983
6000000222491159864
6000000222491209844
6000000222491212823
6000000222491251937
6000000222491255854
6000000222491289851
6000000222491299027
6000000222491305917
6000000222491367847
6000000222491370865
6000000222491370901
6000000222491374823
6000000222491391889
6000000222491459977
6000000222491468858
6000000222491507855
6000000222491572835
6000000222491586831
6000000222491625824
6000000222491635836
6000000222491661832
6000000222491662825
6000000222491854826
6000000222491858916
6000000222491891839
6000000222491908831
6000000222491960907
6000000222492072841
6000000222492159826
6000000222502167896
6000000222506875992
6000000222506901933
6000000222506993957
6000000222506996009
6000000222507031849
6000000222507051935
6000000222507132892
6000000222507204887
6000000222507229880
6000000222507230876
6000000222507230919
6000000222507285822
6000000222507315857
6000000222507338832
6000000222507348823
6000000222507403839
6000000222507413837
6000000222507416014
6000000222507416835
6000000222507427829
6000000222507446903
6000000222507483023
6000000222507521884
6000000222507575941
6000000222507622947
6000000222507840839
6000000222507900864
6000000222514888869
6000000222520052947
6000000222520364166
6000000222520469842
6000000222520515842
6000000222520532860
6000000222520627831
6000000222520631957
6000000222520634826
6000000222520660892
6000000222520767912
6000000222520773886
6000000222520776839
6000000222520841846
6000000222520910004
6000000222520923867
6000000222520955857
6000000222520988871
6000000222520991906
6000000222520993828
6000000222520993881
6000000222521009851
6000000222521012855
6000000222521042832
6000000222521046923
6000000222521073912
6000000222521078855
6000000222521078958
6000000222521122886
6000000222521131863
6000000222521150879
6000000222521174830
6000000222521186885
6000000222521197844
6000000222521205883
6000000222521205901
6000000222521205911
6000000222521208860
6000000222521214916
6000000222521236827
6000000222521247832
6000000222521257826
6000000222521266827
6000000222521275918
6000000222521295830
6000000222521300861
6000000222521353846
6000000222521353850
6000000222521376839
6000000222521398843
6000000222521410821
6000000222521420821
6000000222521479828
6000000222521765958
6000000222521804913
6000000222521917843
6000000222521953860
6000000222521990847
6000000222521992862
6000000222522105827
6000000222522367829
6000000224218549841
6000000226989731860
6000000227036719829
6000000227040613855
6000000227085797849
6000000227086500885
6000000227252387856
6000000227331067859
6000000227331117833
6000000227331619947
6000000227331711977
6000000227331789887
6000000227331796880
6000000227331852896
6000000227331880928
6000000227331882876
6000000227331884904
6000000227331885873
6000000227331888918
6000000227331898861
6000000227331898875
6000000227331911824
6000000227331924854
6000000227331939856
6000000227331940846
6000000227331940873
6000000227331950830
6000000227331968828
6000000227331968838
6000000227331989821
6000000227332000825
6000000227332003822
6000000227332010837
6000000227332010844
6000000227332013831
6000000227332042822
6000000227332488020
6000000227332488031
6000000227332491020
6000000227332491049
6000000227333077969
6000000227333080919
6000000227333082018
6000000227333082037
6000000227333084907
6000000227333087940
6000000227333087955
6000000227333089032
6000000227333091899
6000000227333091907
6000000227333113841
6000000227333117897
6000000227333126860
6000000227333150827
6000000227333231821
6000000227333485851
6000000227333570970
6000000227333613846
6000000227333652921
6000000227333709850
6000000227333734826
6000000227333741822
6000000227333741861
6000000227333758828
6000000227333770822
6000000227333802827
6000000227333807831
6000000227333921823
6000000227333964856
6000000227333988831
6000000227333989939
6000000227334008861
6000000227334008932
6000000227334009837
6000000227334010876
6000000227334011923
6000000227334015833
6000000227334021898
6000000227334022907
6000000227334026826
6000000227334033836
6000000227334055847
6000000227334055851
6000000227334059828
6000000227334073864
6000000227334085832
6000000227334085904
6000000227334085916
6000000227334091821
6000000227334091857
6000000227334092831
6000000227334114846
6000000227334121842
6000000227334126878
6000000227334127855
6000000227334139845
6000000227334145878
6000000227334147852
6000000227334162842
6000000227334172827
6000000227334172831
6000000227334172835
6000000227334173822
6000000227334173832
6000000227334179825
6000000227334179830
6000000227334181837
6000000227334204829
6000000227334224821
6000000227334231868
6000000227334241821
6000000227334241825
6000000227334248821
6000000227334251821
6000000227334262869
6000000227334291838
6000000227334372830
6000000227334396821
6000000227335131939
6000000227335419031
6000000227335478912
6000000227335685822
6000000227336200852
6000000227336200872
6000000227337002822
6000000227337123821
6000000227349050828
6000000227349108826
6000000227350221997
6000000227350251880
6000000227350297833
6000000227350301866
6000000227350305847
6000000227350358842
6000000227350361852
6000000227350371829
6000000227350382861
6000000227350391880
6000000227350393825
6000000227379911829
6000000227379997855
6000000227389059850
6000000227413001839
6000000227414103872
6000000227558482822
6000000227558664902
6000000227713229918
6000000227735175860
6000000227735855842
