1106315
1106317
1108959
1116365
1278644
1278645
1278680
1278681
1341991
1348257
1348258
1558246
2429511
2430192
2461584
2556895
2557249
2559121
283181900190003966
285601342810004065
288390320120001964
291327660090003160
2915061
294414873430006408
297802659390002541
297898016850003658
298290050720007917
298303118230001741
298481126590001923
298487309450004249
298487590670007772
298732052860003667
300372611270008118
302187122240008197
303641689860003787
304145473050001763
304855247150008288
304899972010001439
304900698260007172
304901643280005644
304903496180002973
304904364980001401
304906789780001381
305976324250005669
307486758910001934
3080341
3085286
309742972930005691
309752110320008250
309761166900008246
309762502890008181
310869549760008257
310870261240004530
311721719450002663
311725150020002642
311726124930005771
3137515
3137562
3137714
3137735
3137740
3137810
3137997
3138183
3138252
3138260
3140110
3140137
3140151
3140178
3140198
317651825030005113
322978194190001084
324807843790001589
3248742
3248794
329701056720007585
332693684730012709
332829789300011146
332830054520005776
332838296500005765
332839019070012735
332917464940003316
332918147510011494
334213600540011954
334761353540003391
335880480420005407
335884632150007038
336178270510011716
3381734
338809572600011897
340324056590012630
340324484050012647
340326405210012886
340326683420011316
340327325060013983
340327809540013028
340328840240011319
340329119850013962
340342479380013975
342490703470003662
342491767090003666
342500598630013730
347655337870012697
347657700690011265
347774029580003520
347812287200006062
347829135860012672
347830471120012630
347832368550012620
348101875910005782
348889594040013469
348902048170005826
348963066590012626
348989271720012699
349364682420013503
349421660710010504
349440463640013536
349443968540012643
349444225000005056
349444398550013463
350073993520001998
352532098280005343
352564363980006479
353464201260013082
353875187360013114
356601173070003496
357145473090011700
358242310870003906
359279068060001896
359281527140013083
359282141180013088
359282548040006278
359296347560011021
3602282
3602493
361036765360006534
361043261500011657
361088630390012679
361088850870011645
361088998770012651
361089507860011643
361089647570003508
361239376580007703
361239904280001373
361240244600012699
361240461010012653
361240881420011659
361242720430013551
361244072740011666
361244423510011619
361246584430007702
361246792660007630
361247784740007621
361248587300001388
361249042200013426
361249243780011638
361249577580001353
361250787660004588
361255292390013563
361294324670011611
361294506280011622
361298880640003460
361871551590010331
361872255810006908
361885079530012036
361885454580013913
361885795230005497
361889592490004752
361899168470007979
362156517910013935
3621639
362164304500001795
362185222750011958
3624768
363178373960002127
363465363220012336
363466680820005860
363469979760003235
363554498970006647
363871132870012262
363920011020004040
364408738850013706
364546674660002455
364546996610002449
366236902900013413
367376690680012513
367570029420002975
367570860480002947
367571920550003856
367574441710002974
367577807530012553
367585192160006590
367817667660012734
367825496880012729
367825724410004136
367826121200013833
367972467880002240
3696730
370012897020012141
370166216450011194
370822999470007686
371063100010007727
371383033520011121
372709031250003467
372710057920013676
374574014480004486
374574407920012468
374575387250007137
374576190130007083
375693712960012610
375698003810012046
375698498910013226
375701837830005772
375702430490013197
375729629520007230
375730757820012617
375732740000012611
375732891600013185
375734886370012680
375736773940012637
375737821580012544
375743294250004675
375771159210012562
375772641430013210
375776373250012580
375776553260012661
375777528840004741
375782657610012576
375783977160004715
375784306260002721
375784738310012619
376298089210013354
376299759140013431
376303206500005821
376324806820003014
376456844520011080
376457021230007330
376462883480011094
376463100390013425
376464271010002728
376467993270012862
376469510660012902
376470570180012891
377017522110007404
377254358920003208
377256097400012303
377257654630013695
377258157880013634
377258641830013695
377258997460012307
377259285000012201
377259658320002147
377260401250012347
377260811960002204
377261100520011211
377621253150007585
377622873940013790
377633927980013869
377634498320002170
377634818590005791
377636293660013868
377637617640005820
377637833550005778
377638187800005782
377640491110013841
377641109500013801
377649183480004232
377661791800005806
377662173460007528
377663071280012351
377667004310013809
377668076680007587
377668543960002149
377669409960002187
377691812420012492
3784382
379202755730012447
379724565510003949
379724785030012885
379725800260013830
379726576550013846
379726854400006296
379727152960013837
379727559830013815
379727728850012884
379728262940011992
379728454400012912
379814567780012889
379814820420002080
380735350820013266
380736178140007583
380736349730011337
381326698410012204
381329039650006560
381330655950006583
381331645830003157
3820773
382365552280005357
3827693
383205592810012430
383981671760011471
383983175310005918
384091490410011651
384135887890012543
384140206910012510
384141044900012481
384193464770013684
384193863740013678
384196775050011679
384197992500012544
384198351320012507
384222670810011678
384929692650004264
384933685670013778
384948968860013796
385035064430011809
385217163850004353
385217766960003428
385219596870013828
385221196670012744
385223927880013853
385226417200003410
385226639660012698
385227510790012732
385230746280012727
385233199950011938
385234156770011959
3858227
385880058560010090
385880218660003929
385884094200012043
385884285370010111
385889726690010068
385912670890011224
385913140580010136
385920972470003999
385953397470012188
386639408610006240
386639982440011419
386640433000011439
386640662910010336
386653597320004995
386654858960004937
386655853960001395
386656216760006235
386656555390012255
386656998370005657
386657257080010369
386657544810010300
387983002490012406
387985996880002858
388644543110006392
388648228520007489
388714070460007453
388793565870003237
389107159060003282
389108592750011580
389110429780006376
390852027630002207
391017930360010721
3919012
3920013
3926469189610120429
3926969818650030022
3926982182950043845
3926983372890043737
3926988554730115862
3937484325120075383
3946472692820042796
3950516705030063754
3953135291130122872
3960876
3961547
3967262167710039627
3967416
3967586
3967634
3967845
3967949
3967958
3970714729430045179
3981195
4040372
4067382333200010352
4067618057490010326
4067643140000010333
4067651000740031062
4067654475340010335
4067667659280010339
4067672355700123117
4067680158210010342
4067682592610020441
4067717446420047925
4067728911500031175
4067732326590010350
4067745628940010353
4067750978230071574
4067761494620010355
4067768262980071392
4068078558290123221
4068084227010048440
4068099193130010323
4069026975390010312
4069076529180010318
4069355645200020817
4076388
4077210
4077390
4079111
4081167
4081196
4081817
4083696008220073175
4083696028040026569
4083711950790032913
4093676309000010109
4093711337850033819
4102602
4102701
4102767
4103327
4103872
4103927
4104041
4104101
4104123
4104191
4104251
4104318
4104333
4104372
4104411
4104482
4112011304930055529
4112031057620078469
4127344820300026505
4129523906020033754
4129568267230073701
4129627026610124706
4129627046960021200
4129655224770040509
4169309791820025850
4179186754290040655
4179305190990036243
4179621947050073407
4179621973270034928
4179732132180059855
4179946460940064007
4181086260680010857
4181224148270010809
4181250114820035915
4181398917600034950
4181406139250050999
4181406153150034954
4194863017010128979
4194887957440076070
4195082387770067939
4196128350220038579
4196241905310123227
4196278802320038547
4196307377250062152
4199551254550059770
4202780705000039134
4202797373630036356
4213700346270075444
4217879750730128190
4217887479830128284
4224136108080121326
4225312789020057152
4226922301370045350
4229916861440069622
4246444
4246515
4246764
4246765
4255285605760040512
4258867
4258970970100070152
4259042
4259048
4259064
4259143
4259146
4265302014980128122
4268988
4269521
4280348000680023795
4284282320910046581
4285434
4286118427370035651
4286197383520035619
4293217
4293237
4293339
4294404046250042543
4296981596420026848
4309768802110020118
4313843691060020504
4313940056430030044
4320857407310022246
4320895910700022259
4321093289530030615
4321098567160010617
4323738259400054910
4337850700030013267
4337996639930024845
4345907827450064942
4345910619610041011
4345919548630038290
4350799974880038022
4350825800140013384
4363152365890123437
4363165195640021509
4363184995560049059
4366030
4367946411990063951
4367959496500014505
4369107
4369969
4376103
4386407337160057781
4403591718480019728
4411753852160042163
4427946783920127689
4427951076610075093
4434175567100024739
4434387867690031414
4444198998680026902
4444414873460026285
4462693
4462761
4479332664060024502
4480040785460076785
4480143338260024543
4485516288400026063
4486071881120129873
4487967036540047085
4493479063190120225
4493481104410058513
4538867688710081591
4538867743640011545
4538880477870022264
4538880491660011547
4538888334490011549
4538895564240011551
4538914240710064310
4538914255540011555
4539109721550011587
4539258499870064658
4539351
4539361186940072347
4570267
4573114
4578695741500122504
4578704039270038291
4584795
4592505
4594705744500072820
4595323528630064354
4597282
4607470847010068683
4607511647950058135
4607524300500058067
4613540682210058642
4614165679970060023
4614165778600036789
4614492462350078376
4615364525630058469
4620606520680038153
4620733819120079572
4627273
4627285
4627292
4627339
4627346
4627479
4627727
4627752
4627755
4631263501690020736
4631263519510030031
4631551877970072597
4631992
4635537774070073496
4636448
4639011550990020947
4644828
4645001
4645641114540033176
4647274
4653205453920035991
4656832281480026628
4662713512450039092
4673283785760128331
4674507057700018269
4687427039910030320
4688402854760011325
4692391
4692440
4692546
4692730
4694677
4695498
4703817009760067257
4703843788720034081
4720001979250078659
4720133489990026820
4720136557250026822
4729378410310079935
4729599979470126532
4729782856380028421
4732720549550061194
4734721640270029130
4737406950660070149
4737434150110038497
4737626760230029912
4737633980140010204
4737646844610061605
4741008834280020973
4743688170560039178
4743841189400127924
4744738752710039225
4744743051520039683
4744746040500080277
4746146836030029189
4764222
4773485104760032685
4773489198230074521
4773492537510121753
4773501861130065755
4773509068210121663
4773510717010065800
4773514716040121366
4773517764430022394
4773525451490081573
4773570251790052260
4773579188990065451
4773579219540026750
4773589113640022790
4773593109790065621
4774053172420033191
4776106
4780696560120027912
4786136463460024221
4815866939850026583
4815871921640078239
4816194881980069717
4819810754900042161
4820678427830081686
4820686703330082259
4820708282110082338
4820716737690052757
4820726154250127244
4820734545710042405
4820743771770053323
4820753513380035114
4820763933450079914
4820769168630028251
4820802752980027674
4820813241940042878
4820846764410042976
4820861505150043074
4820870572080061061
4821628772810061070
4821632678580082296
4821653273640042509
4822417456990028357
4822428690590079857
4823845520740043069
4826655059980026622
4839805402710023111
4840241237810085207
4851230659730030160
4851879635040066846
4860259401580026066
4860265152580039892
4860265320910026070
4860673239570066980
4863354682080028024
4864459872570076468
4864676887370088420
4867697351110031788
4867704970810089764
4867711942230046457
4872665014780080960
4872691896350057281
4872712273800047353
4872712321670047359
4874135519030126236
4874142232870029801
4874147500240126256
4874151425970060316
4874159338080131649
4874234062860013775
4874239127460032480
4874261535370079101
4874263228660081034
4874279355180078893
4874279379880078899
4874287396660047104
4874292419650126407
4874305839860131690
4874380743860131374
4874385221700032673
4874391169070046850
4874393940490014165
4874513433610079177
4876305139330126068
4876333060490131136
4876333121950131142
4876349803630131587
4876363136530081239
4876632757330125828
4876709487680081308
4876716933670046790
4876729152710013892
4876774528290014023
4879200175480032209
4879430965030047317
4880891073850057158
4880903518780047045
4882349168930021172
4882605542100070778
4882605560200070784
4882636405170071076
4882708727310058135
4882708798950058141
4898270131620129215
4911190372270064557
4913397872480085538
4913767508740135984
4914390446680065242
4914396931360135992
4916976022510136549
4921273998360102568
4921285889400035515
4921462169810138161
4921475735990122504
4922464856720066618
4924436745430137489
4924448917970137597
4924448933160137503
4924516366970059873
4924524160660049048
4924724809730114324
4924870419470035934
4925425003710087812
4927683959580122814
4927794328070059657
4927821238910067084
4927821250240067090
4932522491620040585
4932557422030107014
4932952221030036762
4946518870490042172
4947248545210089938
4951476631580041873
4951911868150125164
4953777140640042113
4953924217750131248
4953926232780130809
4953964004120100877
4954353449500028686
4956208161120069190
4956689915380130680
4956806082660028398
4957883020510080233
4957925890120125479
4957925920090125485
4958047653390077861
4958306130180027976
4966601616470103323
4976573922110117540
4978128656090106634
4978373501600039973
4982890984490082253
4982922006040030712
4983000170270079201
4984086862270100347
4992478552950133912
4992488967940044073
4992526501010127680
4998562971840021802
5001540482550082932
5002396333100102646
5002422000440063513
5002427492020021124
5004371781920121073
5004417223890117491
5004468568290116895
5004469775180107064
5004492300770057959
5004605390570058208
5004670726100034697
5010318635100119312
5016639768770048095
5020155500120110724
5020177483010087236
5020469289250100933
5020588832990036045
5028536638810040398
5028850249730050581
5028916486000105688
5029010246940051089
5035805631400027332
5036051517250069493
5050635554390041613
5067799905750080056
5067834088120115431
5070083164050115694
5070777822060042600
5087513773010025915
5095444445840081561
5095495599080081838
5095509947460053783
5095664458470070770
5095682045890100564
5095712665410026782
5095717113140101148
5095722400930081721
5095790476830062970
5095863840190028033
5096010198730109069
5096010210420109075
5103146455040128455
5104803485940063952
5111879481690102566
5114070051290082444
5114070079450082450
5114075723800082254
5114086097510045127
5114126356340116124
5114171182350103651
5114238749230045479
5114240726860064750
5114242601320034155
5120526481760129920
5120532931670064099
5120539876050083627
5120545697460072399
5120579640750021900
5120587187450045657
5120728010220117071
5120736020190137451
5122463815800103542
5122517118000083353
5122520235710064577
5122596963140055519
5122602771070055245
5122658922700055447
5122715583450064043
5129087897520072687
5129132324450083091
5129205084230023533
5129459882500045150
5129562407040072358
5132829956720138378
5137033638730022528
5137037814840138979
5137046756290104512
5146327067380058022
5146327080000058028
5146345283010118906
5146404188860074015
5151879191710084903
5151879203030084909
5151916129860047251
5151978117140066757
5152010913000139165
5152010929870139171
5152031459430067024
5152034876330057981
5152034886860057987
5152059381690139597
5152059396280139503
5152199604560047374
5152220457910119673
5152220480860119679
5153035963070106413
5153039062300023752
5153067382200073653
5153237919510106313
5161011533190104073
5167035790980047641
5167068910330085815
5167204065210119923
5167427332910131249
5182816083610109355
5190165704780132662
5200542141210088659
5203606111550021095
5203606122950021001
5203619510260088771
5203619525290088777
5216082820490062836
5218673968020054433
5218782742890054384
5218811648840135507
5219301786390025586
5226676772130102452
5226678099470116355
5227336465080081295
5227347554150029113
5233386757510064451
5233537874200043084
5233552473010064570
5233598181900029993
5234818062140033220
5235605714220070458
5241291548560027376
5259798506330057422
5259804936550084244
5259832366410021053
5260701176060036795
5266032366920110981
5266873420470101703
5266885271690139524
5266896858730139860
5270725448370102328
5270916304290046228
5270916318900046234
5271489662630023717
5271489675500023723
5271608185130057937
5271808767040058181
5272432907750102178
5272436741770139479
5272520516350112941
5272520585870112947
5280728383000047097
5284543506520122688
5285425595620115767
5285964076010086318
5287530087430075153
5294796839380123988
5294809831620132193
5303895849690076612
5304611081740076756
5305294636990124817
5311926837990077645
5328189268700111491
5329378750330085741
5331531548620110966
5331531620140110972
5331544754900110796
5332444257210046403
5332741786190022972
5332810693860046806
5333709543190111279
5333717605100130173
5334412327220023472
5336697843790130528
5336710868310085958
5336724108230122658
5336763242260023723
5336782484500024661
5339914662840122324
5339914694660122330
5339953448320074849
5339953562020074855
5339996085780025183
5340003547600047648
5340110011440112693
5340134799390024855
5340218948890122884
5345873924380123621
5347967963690032318
5347967989960032324
5348015164050059320
5348387843010048347
5348437959610117370
5353666757910087668
5364727704040113461
5364799820620051631
5364815546680023364
5364836886260113340
5364836916570113346
5365308074870051638
5366053834650040358
5381159762450127210
5381202464070053447
5383354448610036615
5395072124840042760
5395089047110110491
5405903272180113463
5406067539320083175
5408763162930044365
5411162182100027072
5411162384740027078
5412584112360072891
5413393304250084700
5415284983270084814
5419638380660046647
5423138981990118357
5423269005420118556
5432351857220032926
5432707656870033217
5432713922350048692
5441266921810062407
5441313740220126371
5447343319320063261
5447505087810135067
5459269878320020104
5473614843280021556
5473882692080138743
5473900875460120094
5473900890130120000
5475229225590045386
5475363828490111452
5477986759650138256
5478035846340021798
5479437866250083432
5497174748840030830
5497270035750121492
5497294077320022708
5497328448800130453
5508648457330119210
5508684470320086533
5512359337980087028
5521923376800049086
5521965807730060370
5522009584780023415
5522231474490048929
5522231553360048935
5522265801180023798
5522320867850060430
5522421089650023859
5530182915090061552
5530201394040061503
5530274793920133592
5530274882470133598
5535353244920040751
5535400391550125499
5539547008520089205
5539547025070089211
5539562921170051875
5539572087290133828
5545424768030026162
5547505078420042154
5549600265550129584
5549772381560104706
5549799300220079190
5555823130580037577
5555982345640054073
5566580638230026755
5572253510990084583
5597271884650100378
5597380726000028489
5602983891220027915
5604233735830047570
5604890545140087665
5604946580450117771
5604954309240087415
5604964914300127913
5604964938260127919
5604974187140087939
5604974216430087945
5604981270600103134
5604981311270103140
5604988456670127983
5604995726450058939
5605002104740069204
5605575857030117371
5607132972010028238
5607149825970069010
5607165831040074820
5607165871520074826
5609223641450087385
5613208920440110050
5620645112580020100
5620645208310020106
5620659842590034492
5620730465330062045
5620764032290123026
5620778200760077477
5620814643950034262
5621360343390114039
5621423870110100976
5621487493390051701
5621895665330114523
5622011640720034761
5622011688610034767
5622076289410089854
5624606243540035685
5625092920270078319
5625167063930134476
5625229909380062806
5625264223350021109
5625264248090021115
5625289620290113243
5625693347300080816
5625693387980080822
5630093992950081663
5630189594750081580
5630431836100135067
5630621361400021711
5633298860550079969
5633304577770123123
5638069793880054627
5638069944960054633
5642503985940037579
5642529955650083402
5642654506130082888
5642692507970070666
5648953564570117864
5649603873810084142
5649604036400084148
5654692843460057188
5665970332140110758
5666804980580048343
5666828475910069680
5666856869970026974
5669785925040109695
5669819785720109638
5671689391980027024
5671712150470027316
5684136835470106925
5690247282990078168
5696946886710051715
5696963185700133701
5696963207690133707
5709972759930135327
6000000000005188153
6000000000008083868
6000000000008085683
6000000000008124439
6000000000008140311
6000000000008148520
6000000000008176421
6000000000008770128
6000000000010004928
6000000000010026860
6000000000010030674
6000000000010050899
6000000000010059888
6000000000010092448
6000000000010129446
6000000000010213608
6000000000010274596
6000000000010307115
6000000000010360396
6000000000010384898
6000000000010388589
6000000000010414995
6000000000010460453
6000000000010527647
6000000000010553030
6000000000010590100
6000000000010678591
6000000000011075006
6000000000011272094
6000000000011284066
6000000000011333058
6000000000011361541
6000000000012085084
6000000000012602183
6000000000013017126
6000000000013313680
6000000000014435062
6000000000014435458
6000000000021881705
6000000000023930647
6000000000024008449
6000000000025349056
6000000000030756952
6000000000030826539
6000000000032853822
6000000000032874707
6000000000032892473
6000000000032911726
6000000000032918804
6000000000032925537
6000000000032954947
6000000000033077129
6000000000033088140
6000000000033100078
6000000000033187732
6000000000033235630
6000000000033253489
6000000000033288277
6000000000033298652
6000000000033381061
6000000000033480178
6000000000033687086
6000000000034734538
6000000000034814044
6000000000034814156
6000000000034814822
6000000000034920231
6000000000034930234
6000000000035142137
6000000000035665655
6000000000037486302
6000000000037765147
6000000000037773272
6000000000037900147
6000000000040005452
6000000000040005591
6000000000040025635
6000000000040034365
6000000000040034594
6000000000040036266
6000000000040036626
6000000000040037468
6000000000040037842
6000000000040037892
6000000000040038434
6000000000040038492
6000000000040038612
6000000000040039600
6000000000040046223
6000000000040046382
6000000000040046570
6000000000040046759
6000000000040046808
6000000000040046862
6000000000040048209
6000000000040048422
6000000000040048613
6000000000040050487
6000000000040050657
6000000000040540200
6000000000043350480
6000000000043353439
6000000000043353878
6000000000043488193
6000000000043496800
6000000000043501644
6000000000043525230
6000000000043632663
6000000000043752519
6000000000043756717
6000000000043804433
6000000000043815372
6000000000043825128
6000000000043825444
6000000000044092371
6000000000044331364
6000000000045500984
6000000000045546956
6000000000045588270
6000000000045614128
6000000000045679421
6000000000045817907
6000000000045857394
6000000000045892532
6000000000046033345
6000000000046041189
6000000000046128142
6000000000047598870
6000000000047609875
6000000000047619651
6000000000047868106
6000000000055864628
6000000000055959628
6000000000056834705
6000000000057743620
6000000000057756232
6000000000057815071
6000000000057896232
6000000000057903474
6000000000057947687
6000000000058069138
6000000000058238026
6000000000059872901
6000000000060201977
6000000000061040608
6000000000061178302
6000000000061940576
6000000000061960553
6000000000061983628
6000000000062077268
6000000000065187287
6000000000076101832
6000000000076261245
6000000000078467535
6000000000081312985
6000000000082814977
6000000000082842894
6000000000082867724
6000000000082952745
6000000000082982591
6000000000083066475
6000000000083088330
6000000000083126224
6000000000090690691
6000000000091554610
6000000000093669853
6000000000093834678
6000000000109919576
6000000000109921491
6000000000109930732
6000000000109941736
6000000000109943404
6000000000109963810
6000000000109998854
6000000000110000695
6000000000110269571
6000000000110278928
6000000000110281452
6000000000110281555
6000000000110303606
6000000000110306100
6000000000110332246
6000000000110411105
6000000000111086524
6000000000111122332
6000000000111884074
6000000000112086823
6000000000112088056
6000000000112088890
6000000000112090599
6000000000112091244
6000000000112096049
6000000000112096314
6000000000112099069
6000000000112106639
6000000000112112364
6000000000112117568
6000000000112117861
6000000000112124335
6000000000112124373
6000000000112124972
6000000000112128654
6000000000112128690
6000000000112130386
6000000000112130519
6000000000112131000
6000000000112131470
6000000000112131489
6000000000112131568
6000000000112133457
6000000000112134992
6000000000112140572
6000000000112140588
6000000000113327758
6000000000113714608
6000000000113799252
6000000000114257798
6000000000114360346
6000000000114627350
6000000000114647480
6000000000114653280
6000000000114656112
6000000000114684333
6000000000115499926
6000000000115617983
6000000000115649772
6000000000115658521
6000000000115658620
6000000000115658866
6000000000115680739
6000000000119295074
6000000000120179673
6000000000120242269
6000000000120326597
6000000000123057197
6000000000123850731
6000000000124012386
6000000000124082015
6000000000124890646
6000000000125308523
6000000000125362235
6000000000125394145
6000000000125517845
6000000000125565519
6000000000125596647
6000000000125674313
6000000000125706140
6000000000125793641
6000000000125816242
6000000000125864381
6000000000128186257
6000000000128211779
6000000000128212493
6000000000128221491
6000000000128240182
6000000000128732566
6000000000128773458
6000000000128842251
6000000000128853516
6000000000128857055
6000000000129343893
6000000000129356104
6000000000129356113
6000000000129356122
6000000000129362295
6000000000129362613
6000000000129362703
6000000000129362802
6000000000129386138
6000000000129386326
6000000000129390453
6000000000129400085
6000000000129400159
6000000000129435686
6000000000130032742
6000000000130072204
6000000000130213365
6000000000131266496
6000000000131310416
6000000000131334847
6000000000131397120
6000000000131404602
6000000000131469439
6000000000131511412
6000000000131563186
6000000000133800302
6000000000133827103
6000000000134496318
6000000000134665152
6000000000135911615
6000000000135924403
6000000000136616524
6000000000136658266
6000000000136688085
6000000000136808542
6000000000136815420
6000000000136842571
6000000000136912059
6000000000137148107
6000000000137491845
6000000000137960977
6000000000137981735
6000000000138341138
6000000000138342103
6000000000138385269
6000000000138391120
6000000000138415297
6000000000138418705
6000000000138420343
6000000000138433509
6000000000138678323
6000000000138688134
6000000000138705143
6000000000138721614
6000000000138722743
6000000000138741416
6000000000138843245
6000000000138844979
6000000000138881981
6000000000138914693
6000000000138928544
6000000000138948482
6000000000138962298
6000000000139128390
6000000000139382132
6000000000139383141
6000000000139397209
6000000000139412053
6000000000139539963
6000000000139648597
6000000000139694227
6000000000139720122
6000000000139926287
6000000000140659738
6000000000140660657
6000000000140727738
6000000000140806040
6000000000141490482
6000000000141496916
6000000000141497726
6000000000141500093
6000000000141505389
6000000000141507598
6000000000141521998
6000000000146198741
6000000000146368622
6000000000146388320
6000000000146450453
6000000000151869439
6000000000152525150
6000000000153309431
6000000000153344904
6000000000153391275
6000000000154060862
6000000000154158007
6000000000154279554
6000000000155383032
6000000000155703115
6000000000155904830
6000000000155929943
6000000000155955743
6000000000155992433
6000000000156061271
6000000000156065401
6000000000156099202
6000000000156099243
6000000000156191066
6000000000156317517
6000000000156978511
6000000000157044029
6000000000157075199
6000000000157099135
6000000000157109915
6000000000157247753
6000000000157250397
6000000000157250973
6000000000157266301
6000000000157276157
6000000000157278272
6000000000157279202
6000000000157280075
6000000000157283439
6000000000157291212
6000000000157311079
6000000000157315098
6000000000157358561
6000000000157378164
6000000000157584682
6000000000157584946
6000000000157680293
6000000000157684101
6000000000157757375
6000000000160866853
6000000000160876318
6000000000160947334
6000000000160959410
6000000000160986426
6000000000161001437
6000000000161097536
6000000000161219866
6000000000161230827
6000000000161343538
6000000000162012247
6000000000162100284
6000000000162314682
6000000000162318926
6000000000162825524
6000000000162825533
6000000000162830875
6000000000162833262
6000000000162833271
6000000000162833316
6000000000162835957
6000000000163176707
6000000000164280974
6000000000164601413
6000000000165517560
6000000000166026628
6000000000166141228
6000000000166150229
6000000000166832371
6000000000166901316
6000000000166902711
6000000000167046969
6000000000167700965
6000000000167869299
6000000000170705951
6000000000172040136
6000000000172040444
6000000000172045672
6000000000172045679
6000000000172045687
6000000000172046101
6000000000172046112
6000000000172047739
6000000000172082325
6000000000172088245
6000000000172092392
6000000000172092402
6000000000172095492
6000000000172095508
6000000000172097056
6000000000172100154
6000000000172102804
6000000000172106470
6000000000172343681
6000000000172348087
6000000000172348471
6000000000172348669
6000000000172349777
6000000000172349857
6000000000172354100
6000000000172354362
6000000000172354371
6000000000172354380
6000000000172354429
6000000000172354467
6000000000172355279
6000000000172355919
6000000000172359796
6000000000172363255
6000000000172366278
6000000000172366287
6000000000172370412
6000000000172370423
6000000000172370432
6000000000172370468
6000000000172370806
6000000000172371130
6000000000172371447
6000000000172371458
6000000000172371596
6000000000172371709
6000000000172371762
6000000000172371773
6000000000172371804
6000000000172374203
6000000000172374214
6000000000172374223
6000000000172374334
6000000000172374398
6000000000172374427
6000000000172377204
6000000000172377211
6000000000172377220
6000000000172377229
6000000000172377259
6000000000172377268
6000000000172377293
6000000000172377302
6000000000172377311
6000000000172377336
6000000000172377381
6000000000172380545
6000000000172380896
6000000000172382015
6000000000172382024
6000000000172382033
6000000000172382040
6000000000172382056
6000000000172382063
6000000000172382072
6000000000172382083
6000000000172382092
6000000000172382166
6000000000172382186
6000000000172382193
6000000000172382202
6000000000172382209
6000000000172382216
6000000000172382223
6000000000172382230
6000000000172382246
6000000000172382262
6000000000172382519
6000000000172382530
6000000000172382645
6000000000172515121
6000000000172750514
6000000000172756370
6000000000172769147
6000000000172794330
6000000000172796036
6000000000172797324
6000000000172800062
6000000000172814010
6000000000172821945
6000000000172827835
6000000000172830019
6000000000172833094
6000000000172837428
6000000000172841572
6000000000173962053
6000000000174222887
6000000000174634160
6000000000175417426
6000000000176523567
6000000000176627184
6000000000177347291
6000000000181987824
6000000000183172774
6000000000183188387
6000000000186324525
6000000000186410898
6000000000186421249
6000000000186456686
6000000000186468901
6000000000186469135
6000000000187695664
6000000000189830522
6000000000191983296
6000000000192123242
6000000000192494657
6000000000192533574
6000000000192573342
6000000000192637760
6000000000192737854
6000000000192750513
6000000000193253172
6000000000193825080
6000000000196218118
6000000000196235833
6000000000196425114
6000000000196844689
6000000000196854600
6000000000196880703
6000000000196887298
6000000000196900186
6000000000196938133
6000000000196940005
6000000000196961141
6000000000196966254
6000000000197040207
6000000000202115160
6000000000204477842
6000000000206304213
6000000000207859767
6000000000213158662
6000000000213269420
6000000000213279439
6000000000213318469
6000000000213379760
6000000000222222800
6000000000222677079
6000000000228549487
6000000000228811508
6000000000229962057
6000000000232597777
6000000000232604693
6000000000232607152
6000000000232618899
6000000000234429846
6000000000234806650
6000000000235783104
6000000000235787209
6000000000235814097
6000000000237544690
6000000000237551643
6000000000237801021
6000000000240780494
6000000000241269545
6000000000241331371
6000000000241378348
6000000000241388254
6000000000241398333
6000000000241398349
6000000000241437294
6000000000241437347
6000000000241472176
6000000000241508846
6000000000243893346
6000000000244792941
6000000000244821599
6000000000244827959
6000000000244845635
6000000000245046086
6000000000245060945
6000000000245095919
6000000000245171661
6000000000245188578
6000000000245202447
6000000000245249001
6000000000245249234
6000000000249688362
6000000000249826020
6000000000256524603
6000000000256841252
6000000000261090276
6000000000264285347
6000000000269766653
6000000000269785002
6000000000269787574
6000000000269788178
6000000000272936100
6000000000275136775
6000000000275273411
6000000000276142079
6000000000276142093
6000000000276146663
6000000000276153205
6000000000276333793
6000000000276340729
6000000000276394397
6000000000276411469
6000000000276500146
6000000000285450364
6000000000293367254
6000000000294391509
6000000000295374050
6000000000295651721
6000000000295663783
6000000000295751963
6000000000295931583
6000000000295944235
6000000000296129608
6000000000296151480
6000000000296153390
6000000000296155660
6000000000296186291
6000000000296246864
6000000000296286774
6000000000296316921
6000000000296395952
6000000000296441732
6000000000296474045
6000000000296539280
6000000000296709903
6000000000296832657
6000000000297258935
6000000000297289825
6000000000297316210
6000000000297342713
6000000000297347948
6000000000297352682
6000000000297440514
6000000000297486462
6000000000297487207
6000000000300861265
6000000000300896853
6000000000305000404
6000000000305214127
6000000000305413766
6000000000307258195
6000000000307258557
6000000000307261273
6000000000307262542
6000000000307262703
6000000000307262728
6000000000307264071
6000000000307264552
6000000000307274596
6000000000307280052
6000000000307280059
6000000000307280073
6000000000307280186
6000000000307280216
6000000000307280238
6000000000307280247
6000000000307810169
6000000000307810776
6000000000307810931
6000000000307812013
6000000000307812231
6000000000307812397
6000000000307813039
6000000000307813536
6000000000307813544
6000000000307813989
6000000000307815178
6000000000307815370
6000000000307815381
6000000000307815395
6000000000307815533
6000000000307815752
6000000000307815830
6000000000307817124
6000000000307819403
6000000000307819683
6000000000307819766
6000000000307821172
6000000000310637766
6000000000312008327
6000000000314922113
6000000000314922185
6000000000314926795
6000000000314930135
6000000000314930151
6000000000314930399
6000000000320589184
6000000000322328501
6000000000323287739
6000000000323478430
6000000000328943300
6000000000328949578
6000000000333911909
6000000000334080495
6000000000334477469
6000000000334484615
6000000000334684728
6000000000335577632
6000000000335714346
6000000000337130731
6000000000337150126
6000000000337150136
6000000000337150166
6000000000337158694
6000000000337208069
6000000000337208078
6000000000337208922
6000000000337283058
6000000000337283672
6000000000337400222
6000000000337405327
6000000000337421442
6000000000337439500
6000000000337781267
6000000000340094202
6000000000343817546
6000000000343934415
6000000000344086007
6000000000346040605
6000000000347520217
6000000000348876527
6000000000348876551
6000000000350865321
6000000000350871478
6000000000350888826
6000000000350890339
6000000000350890610
6000000000350890660
6000000000350897136
6000000000350903117
6000000000350918346
6000000000350921883
6000000000350956694
6000000000350964573
6000000000351011235
6000000000351011289
6000000000351045913
6000000000351087662
6000000000351087690
6000000000351087701
6000000000351089193
6000000000351089207
6000000000351089516
6000000000351094629
6000000000351094637
6000000000351096502
6000000000351128377
6000000000351128438
6000000000355137134
6000000000361052707
6000000000374518482
6000000000378535942
6000000000379746481
6000000000380058406
6000000000380078234
6000000000380451093
6000000000382863888
6000000000383052907
6000000000383061513
6000000000383390626
6000000000383682561
6000000000383880810
6000000000383945714
6000000000384048429
6000000000384048592
6000000000384071787
6000000000384094450
6000000000384186229
6000000000385259880
6000000000385265682
6000000000386371266
6000000000386726880
6000000000387716957
6000000000390280881
6000000000392429148
6000000000398425473
6000000000398533146
6000000000400763335
6000000000401585942
6000000000401585963
6000000000401585970
6000000000402837616
6000000000406193329
6000000000406262170
6000000000406288635
6000000000406334064
6000000000406401431
6000000000406543166
6000000000412569713
6000000000412571010
6000000000412571235
6000000000412571244
6000000000412571487
6000000000412571647
6000000000412571656
6000000000414865200
6000000000417197720
6000000000417197737
6000000000420341047
6000000000422399990
6000000000422590943
6000000000424570082
6000000000424572235
6000000000424583699
6000000000424583790
6000000000424586295
6000000000424624017
6000000000424624719
6000000000424626222
6000000000424629314
6000000000424629902
6000000000424634530
6000000000424636521
6000000000424636547
6000000000424636707
6000000000424636888
6000000000424637456
6000000000424637932
6000000000424640138
6000000000424641500
6000000000424642900
6000000000424645659
6000000000424645801
6000000000424645939
6000000000424646430
6000000000424646976
6000000000424646987
6000000000424658577
6000000000424667183
6000000000424667200
6000000000424667214
6000000000424667561
6000000000424667895
6000000000424673304
6000000000424673320
6000000000424673332
6000000000424673344
6000000000424678273
6000000000424678797
6000000000424678903
6000000000424680664
6000000000424683032
6000000000424683178
6000000000424683366
6000000000424685255
6000000000424686284
6000000000424686458
6000000000424686470
6000000000424691173
6000000000424693000
6000000000424695172
6000000000424695242
6000000000424702247
6000000000424702295
6000000000424703516
6000000000424707217
6000000000424707234
6000000000424707319
6000000000424707367
6000000000424707374
6000000000424707604
6000000000424707620
6000000000424707718
6000000000424707760
6000000000424709091
6000000000424709262
6000000000424709283
6000000000424709290
6000000000424732334
6000000000424732419
6000000000424732452
6000000000424732510
6000000000424760295
6000000000424763673
6000000000424765030
6000000000424765142
6000000000424767738
6000000000424788318
6000000000424792061
6000000000424795473
6000000000424802400
6000000000424802416
6000000000424802839
6000000000424802891
6000000000424805888
6000000000424806681
6000000000424808653
6000000000424810067
6000000000424810286
6000000000424810444
6000000000424812099
6000000000424812865
6000000000424814787
6000000000424817611
6000000000424825972
6000000000424845830
6000000000424848932
6000000000424851316
6000000000424851399
6000000000424875913
6000000000424888017
6000000000424894960
6000000000424904289
6000000000424907977
6000000000424909611
6000000000424909634
6000000000424912155
6000000000424912219
6000000000424920263
6000000000425008069
6000000000426449807
6000000000426449816
6000000000426453298
6000000000426776707
6000000000430097060
6000000000435968674
6000000000435987496
6000000000436304740
6000000000436323013
6000000000436328266
6000000000436362258
6000000000436368226
6000000000436369285
6000000000436378898
6000000000436386803
6000000000436387189
6000000000436390161
6000000000436411008
6000000000436416239
6000000000436421360
6000000000436426463
6000000000436429187
6000000000436429336
6000000000436439263
6000000000436442811
6000000000436444716
6000000000436540405
6000000000436568573
6000000000436594036
6000000000436598255
6000000000436605213
6000000000436836320
6000000000436947441
6000000000436954608
6000000000437004105
6000000000437008616
6000000000437010462
6000000000437013521
6000000000437013704
6000000000437013714
6000000000437013724
6000000000437013734
6000000000437016402
6000000000437016442
6000000000437016461
6000000000437016471
6000000000437016503
6000000000437016513
6000000000437016526
6000000000437016536
6000000000437016575
6000000000437023351
6000000000437023361
6000000000437023423
6000000000437027691
6000000000437027951
6000000000437027964
6000000000437030686
6000000000437032028
6000000000437032060
6000000000437032665
6000000000437032705
6000000000437032718
6000000000437032765
6000000000437036143
6000000000437042452
6000000000437042896
6000000000437044109
6000000000437047906
6000000000437050044
6000000000437050264
6000000000437053441
6000000000437064603
6000000000437081116
6000000000437081406
6000000000437081430
6000000000437083129
6000000000437088000
6000000000437088180
6000000000437089104
6000000000437097980
6000000000437100264
6000000000437100887
6000000000437107594
6000000000437107670
6000000000437107945
6000000000437115455
6000000000437119267
6000000000437119373
6000000000437123227
6000000000437130447
6000000000437130460
6000000000437135640
6000000000437136008
6000000000437136028
6000000000437136145
6000000000437140180
6000000000437140190
6000000000437140715
6000000000437142272
6000000000437148369
6000000000437149374
6000000000437150261
6000000000437154527
6000000000437159726
6000000000437162014
6000000000437169972
6000000000437174196
6000000000437178654
6000000000437178768
6000000000437181888
6000000000437187226
6000000000437188281
6000000000437189601
6000000000437189924
6000000000437189974
6000000000437190030
6000000000437190651
6000000000437192256
6000000000437192409
6000000000437192432
6000000000437316601
6000000000437327060
6000000000437327174
6000000000437339826
6000000000437343077
6000000000437343092
6000000000437343166
6000000000437345851
6000000000437348457
6000000000437348772
6000000000437362906
6000000000437363641
6000000000437363651
6000000000437366775
6000000000437366795
6000000000437366845
6000000000437372739
6000000000437376360
6000000000437378264
6000000000437378301
6000000000437378311
6000000000437382122
6000000000437382594
6000000000437385272
6000000000437385329
6000000000437389491
6000000000437398335
6000000000437398754
6000000000437400073
6000000000437400083
6000000000437406869
6000000000437411913
6000000000437413037
6000000000437413152
6000000000437413801
6000000000437415400
6000000000437438150
6000000000437438881
6000000000437464390
6000000000437474196
6000000000437507557
6000000000437546093
6000000000437546836
6000000000437562403
6000000000437562516
6000000000437592566
6000000000437592877
6000000000437592890
6000000000437592940
6000000000437594534
6000000000437594732
6000000000437605339
6000000000437605826
6000000000437608015
6000000000437608918
6000000000437610195
6000000000437611989
6000000000437612237
6000000000437615749
6000000000437615826
6000000000437626004
6000000000437669135
6000000000437669873
6000000000437818497
6000000000437862747
6000000000437866303
6000000000437882680
6000000000437929828
6000000000438160041
6000000000440064763
6000000000440363134
6000000000444676198
6000000000445113430
6000000000445115500
6000000000445119845
6000000000445133891
6000000000445140415
6000000000445149914
6000000000445151481
6000000000445153446
6000000000445161516
6000000000445183988
6000000000445187539
6000000000445188752
6000000000445191497
6000000000445520013
6000000000445522922
6000000000445567626
6000000000445925021
6000000000446306972
6000000000446513444
6000000000446682069
6000000000446702024
6000000000447310989
6000000000448161748
6000000000448288243
6000000000448403128
6000000000448593758
6000000000448611455
6000000000448839881
6000000000448959551
6000000000449336980
6000000000449436401
6000000000449474445
6000000000452602421
6000000000452686437
6000000000455101412
6000000000460332123
6000000000460332141
6000000000460332150
6000000000460332160
6000000000460726610
6000000000460790288
6000000000460839161
6000000000460873682
6000000000460880149
6000000000460957316
6000000000462112257
6000000000462127170
6000000000462488283
6000000000462491267
6000000000462563431
6000000000462660269
6000000000462661075
6000000000462671548
6000000000462671749
6000000000462674113
6000000000462674121
6000000000462675819
6000000000462681442
6000000000462713383
6000000000462873997
6000000000463059534
6000000000463212260
6000000000463222164
6000000000463253077
6000000000463288917
6000000000463293718
6000000000463304904
6000000000467305771
6000000000467461198
6000000000467472243
6000000000467485268
6000000000467542216
6000000000469292724
6000000000469455971
6000000000469888989
6000000000471176865
6000000000473948596
6000000000473985906
6000000000473985978
6000000000473988096
6000000000474012362
6000000000474012380
6000000000474012434
6000000000474012488
6000000000474012533
6000000000474016154
6000000000474020110
6000000000474020119
6000000000474020128
6000000000474020137
6000000000474020185
6000000000474020268
6000000000474020378
6000000000474020460
6000000000474020487
6000000000474020559
6000000000474020568
6000000000474020777
6000000000474020786
6000000000474021020
6000000000474035769
6000000000474035805
6000000000474064040
6000000000474064049
6000000000474064067
6000000000474064328
6000000000474064373
6000000000474064445
6000000000474064454
6000000000474064968
6000000000474064988
6000000000474064997
6000000000474104110
6000000000474152493
6000000000474162631
6000000000474162649
6000000000474162667
6000000000474162821
6000000000474162830
6000000000474162839
6000000000474162884
6000000000474169023
6000000000474169033
6000000000474169079
6000000000474169139
6000000000474169556
6000000000474199085
6000000000474199094
6000000000474199687
6000000000474199696
6000000000474199900
6000000000474917165
6000000000475063599
6000000000475305148
6000000000475355161
6000000000476249341
6000000000476421220
6000000000477285316
6000000000477509650
6000000000477712086
6000000000485654877
6000000000485813576
6000000000486080064
6000000000490564196
6000000000490867656
6000000000490867663
6000000000492186183
6000000000492270258
6000000000494796825
6000000000494810751
6000000000496947130
6000000000496947141
6000000000496947150
6000000000496947160
6000000000496947244
6000000000496947493
6000000000496947634
6000000000496960006
6000000000496960795
6000000000496960902
6000000000496970632
6000000000496970735
6000000000496977750
6000000000496982295
6000000000496982753
6000000000496982764
6000000000496983281
6000000000496983309
6000000000496989334
6000000000496989746
6000000000498370708
6000000000498433774
6000000000498713156
6000000000498986237
6000000000501021489
6000000000505640707
6000000000505665724
6000000000505678382
6000000000505699915
6000000000505717984
6000000000505738296
6000000000505752479
6000000000505879286
6000000000505937196
6000000000506242789
6000000000507003478
6000000000508329070
6000000000512198281
6000000000512521332
6000000000512719135
6000000000515214098
6000000000518194432
6000000000522977268
6000000000522980376
6000000000523015943
6000000000523228128
6000000000523551913
6000000000523566628
6000000000523594353
6000000000529077941
6000000000529625823
6000000000529775111
6000000000529776234
6000000000531148722
6000000000531580778
6000000000531627997
6000000000531704637
6000000000531791504
6000000000531807761
6000000000533539177
6000000000535294938
6000000000535349951
6000000000535403717
6000000000536230092
6000000000536954872
6000000000536954883
6000000000536954952
6000000000536954963
6000000000536954974
6000000000536956012
6000000000536956043
6000000000536956627
6000000000536956636
6000000000536960714
6000000000536960735
6000000000537043034
6000000000537043043
6000000000537043050
6000000000537043368
6000000000537065746
6000000000537065755
6000000000537065807
6000000000537218162
6000000000537742791
6000000000540055053
6000000000541939759
6000000000541946448
6000000000541978818
6000000000541990499
6000000000542006723
6000000000542097375
6000000000542234841
6000000000542395365
6000000000542492503
6000000000542569338
6000000000543024718
6000000000543056502
6000000000543360018
6000000000543601990
6000000000545620681
6000000000545620984
6000000000545686668
6000000000545764335
6000000000545804371
6000000000545940890
6000000000545942456
6000000000546119256
6000000000546120460
6000000000546121375
6000000000546129627
6000000000546130215
6000000000546133497
6000000000546141217
6000000000546142202
6000000000546154183
6000000000546170218
6000000000546178715
6000000000546309503
6000000000546331893
6000000000547181787
6000000000548946222
6000000000548952459
6000000000549195936
6000000000549293502
6000000000549305497
6000000000549317466
6000000000549399213
6000000000549401366
6000000000549937047
6000000000550319999
6000000000550492423
6000000000551572367
6000000000555418120
6000000000555445317
6000000000555454033
6000000000555482064
6000000000559404221
6000000000559573962
6000000000560074228
6000000000565480264
6000000000569059355
6000000000571754259
6000000000571754266
6000000000571754300
6000000000571755366
6000000000571756432
6000000000571756568
6000000000571761309
6000000000571768821
6000000000571783849
6000000000571786072
6000000000571786969
6000000000571789644
6000000000571789664
6000000000571789671
6000000000573702000
6000000000573854738
6000000000574017208
6000000000574028558
6000000000574078388
6000000000574092524
6000000000574138150
6000000000574180222
6000000000574511942
6000000000574567645
6000000000579619347
6000000000581187536
6000000000581187553
6000000000581187590
6000000000582877858
6000000000582878990
6000000000582880122
6000000000583224968
6000000000583441911
6000000000585579726
6000000000591578523
6000000000591578535
6000000000595794863
6000000000595940091
6000000000596051410
6000000000596503208
6000000000599365568
6000000000600005765
6000000000600070414
6000000000604875212
6000000000604979515
6000000000608202281
6000000000612305400
6000000000614910056
6000000000619994838
6000000000620057923
6000000000620059862
6000000000621151695
6000000000621170104
6000000000621485999
6000000000621618160
6000000000624774219
6000000000628763020
6000000000628768481
6000000000628771629
6000000000628780199
6000000000628796178
6000000000628798005
6000000000628798016
6000000000628798041
6000000000628802045
6000000000628817165
6000000000628841483
6000000000628842070
6000000000628843233
6000000000628845099
6000000000628854411
6000000000628858581
6000000000628861532
6000000000628861709
6000000000629539465
6000000000629578057
6000000000632007001
6000000000632008496
6000000000632013655
6000000000632027759
6000000000632030029
6000000000640482990
6000000000640493673
6000000000640918165
6000000000640926734
6000000000640926753
6000000000640927318
6000000000640930134
6000000000640931229
6000000000640931424
6000000000640931792
6000000000640934817
6000000000640937017
6000000000640938260
6000000000640938737
6000000000640939782
6000000000640946439
6000000000640946467
6000000000640951484
6000000000640952092
6000000000640954547
6000000000640977134
6000000000640979455
6000000000640987180
6000000000640987773
6000000000640987821
6000000000640987830
6000000000640988213
6000000000640988231
6000000000640988240
6000000000640988268
6000000000640988554
6000000000640989019
6000000000640989029
6000000000640989039
6000000000640989127
6000000000640989137
6000000000640989168
6000000000640989186
6000000000640989195
6000000000640989204
6000000000640989252
6000000000640989283
6000000000640989330
6000000000640989349
6000000000640989385
6000000000640989394
6000000000640989403
6000000000640989415
6000000000640989433
6000000000640989442
6000000000640989453
6000000000640989494
6000000000640989503
6000000000640989583
6000000000640989603
6000000000640989707
6000000000640989746
6000000000640989764
6000000000640989785
6000000000640990050
6000000000640990068
6000000000640990077
6000000000640990086
6000000000640990358
6000000000640990385
6000000000640990447
6000000000640990619
6000000000640990711
6000000000640990720
6000000000640990916
6000000000640990934
6000000000640991162
6000000000640991192
6000000000640991315
6000000000640991372
6000000000640991408
6000000000640991417
6000000000640991426
6000000000640991444
6000000000640991453
6000000000640991464
6000000000640991473
6000000000640991491
6000000000640991509
6000000000640991554
6000000000640991609
6000000000640991639
6000000000640991697
6000000000640991759
6000000000640991788
6000000000640991797
6000000000640991863
6000000000640991872
6000000000640991890
6000000000640991926
6000000000640991953
6000000000640991962
6000000000640991998
6000000000640992074
6000000000640992093
6000000000640992180
6000000000640992207
6000000000640992245
6000000000640992330
6000000000640992817
6000000000640992874
6000000000640992883
6000000000640993092
6000000000640994141
6000000000640994493
6000000000640994592
6000000000640994613
6000000000640994642
6000000000640994651
6000000000640994660
6000000000640994807
6000000000640994816
6000000000640995465
6000000000640995502
6000000000640995662
6000000000640995672
6000000000640995861
6000000000640995871
6000000000640996641
6000000000640997344
6000000000640997365
6000000000640997374
6000000000640997383
6000000000640997406
6000000000640997435
6000000000640997444
6000000000640997463
6000000000640997472
6000000000640997483
6000000000640997494
6000000000640997608
6000000000640997923
6000000000640997941
6000000000640998121
6000000000640998265
6000000000640998274
6000000000640998409
6000000000640998438
6000000000640998467
6000000000640998535
6000000000640998564
6000000000640998593
6000000000640998971
6000000000640998980
6000000000640999286
6000000000640999482
6000000000640999493
6000000000640999892
6000000000640999901
6000000000640999910
6000000000641000358
6000000000641000368
6000000000641000388
6000000000641000398
6000000000641000418
6000000000641000428
6000000000641000537
6000000000641004402
6000000000641004629
6000000000641004639
6000000000641004750
6000000000641004965
6000000000641005510
6000000000641005541
6000000000641006368
6000000000641006378
6000000000641007268
6000000000641007277
6000000000641007286
6000000000641007553
6000000000641008175
6000000000641010132
6000000000641010142
6000000000641011525
6000000000641011774
6000000000641011820
6000000000641011858
6000000000641011867
6000000000641011876
6000000000641011930
6000000000641011939
6000000000641012049
6000000000641012085
6000000000641012226
6000000000641012552
6000000000641013460
6000000000641013480
6000000000641016100
6000000000641016563
6000000000641019514
6000000000641020126
6000000000641020136
6000000000641020146
6000000000641020817
6000000000641021131
6000000000641021141
6000000000641021151
6000000000641021161
6000000000641021171
6000000000641021270
6000000000641021280
6000000000641021739
6000000000641021789
6000000000641021819
6000000000641022035
6000000000641022075
6000000000641022085
6000000000641022265
6000000000641022274
6000000000641022293
6000000000641022332
6000000000641022341
6000000000641022350
6000000000641022405
6000000000641025369
6000000000641029075
6000000000641029094
6000000000641029113
6000000000641029183
6000000000641029577
6000000000641029861
6000000000641029996
6000000000641030086
6000000000641030186
6000000000641030206
6000000000641030272
6000000000641030314
6000000000641030353
6000000000641030910
6000000000641030942
6000000000641031593
6000000000641031927
6000000000641031967
6000000000641031986
6000000000641033042
6000000000641033071
6000000000641033080
6000000000641033225
6000000000641033750
6000000000641034230
6000000000641034384
6000000000641034584
6000000000641037783
6000000000641037802
6000000000641037849
6000000000641043120
6000000000641043129
6000000000641043864
6000000000641043965
6000000000641044032
6000000000641044053
6000000000641044080
6000000000641044365
6000000000641044375
6000000000641048183
6000000000641048192
6000000000641048201
6000000000641052590
6000000000641053337
6000000000641057547
6000000000641057611
6000000000641057829
6000000000641057839
6000000000641057849
6000000000641063041
6000000000641063051
6000000000641063085
6000000000641063620
6000000000641063672
6000000000641065669
6000000000641065679
6000000000641065689
6000000000641065699
6000000000641065740
6000000000641066020
6000000000641066032
6000000000641067430
6000000000641067442
6000000000641067452
6000000000641067464
6000000000641068588
6000000000641070527
6000000000641070567
6000000000641070666
6000000000641070975
6000000000641071003
6000000000641071022
6000000000641071081
6000000000641071118
6000000000641071217
6000000000641071310
6000000000641071319
6000000000641071492
6000000000641071510
6000000000641071528
6000000000641071580
6000000000641071913
6000000000641075560
6000000000641075831
6000000000641082655
6000000000641082869
6000000000641082889
6000000000641085391
6000000000641085461
6000000000641085511
6000000000641085521
6000000000641085531
6000000000641086002
6000000000641086012
6000000000641086022
6000000000641086204
6000000000641086254
6000000000641086264
6000000000641088035
6000000000641089310
6000000000641089682
6000000000641091002
6000000000641092586
6000000000641092596
6000000000641092726
6000000000641094468
6000000000641094549
6000000000641095038
6000000000641095058
6000000000641095178
6000000000641095458
6000000000641096660
6000000000641100823
6000000000641100841
6000000000641101467
6000000000641101477
6000000000641101569
6000000000641101639
6000000000641101649
6000000000641101669
6000000000641103041
6000000000641103051
6000000000641103121
6000000000641103161
6000000000641103171
6000000000641104324
6000000000641107268
6000000000641107298
6000000000641111041
6000000000641939711
6000000000641942419
6000000000642015406
6000000000642074632
6000000000642082925
6000000000647100798
6000000000648177790
6000000000648205466
6000000000651502709
6000000000651502720
6000000000651679313
6000000000651913482
6000000000651994464
6000000000652037365
6000000000653067654
6000000000653125587
6000000000653288115
6000000000656721506
6000000000656813883
6000000000656886819
6000000000656950354
6000000000657051023
6000000000657476595
6000000000661306654
6000000000661953229
6000000000664801584
6000000000664826244
6000000000664826273
6000000000664832184
6000000000664832309
6000000000664841991
6000000000664965867
6000000000665131865
6000000000665232496
6000000000665380375
6000000000665490559
6000000000665544437
6000000000666780234
6000000000669920682
6000000000669984837
6000000000670055831
6000000000670090891
6000000000670173610
6000000000670268006
6000000000670279300
6000000000670389262
6000000000671790465
6000000000671818264
6000000000671822547
6000000000671828681
6000000000671850343
6000000000671874700
6000000000672141254
6000000000672147196
6000000000674448669
6000000000674547127
6000000000674547243
6000000000674583294
6000000000674825812
6000000000675077337
6000000000675111492
6000000000675116218
6000000000675148293
6000000000675187116
6000000000675541182
6000000000675565500
6000000000675665884
6000000000675672342
6000000000675789129
6000000000675924535
6000000000675930328
6000000000676856258
6000000000677137759
6000000000677194492
6000000000677330061
6000000000679344754
6000000000679384443
6000000000679733140
6000000000680695598
6000000000680775477
6000000000681295359
6000000000682018110
6000000000682293561
6000000000682370307
6000000000682385616
6000000000682391584
6000000000682812378
6000000000682909923
6000000000682918956
6000000000683579442
6000000000683643086
6000000000684035788
6000000000684040390
6000000000684046535
6000000000684063453
6000000000685205542
6000000000685763088
6000000000686067806
6000000000686318225
6000000000687202972
6000000000688300441
6000000000688349242
6000000000690814897
6000000000691011587
6000000000693906353
6000000000693950444
6000000000694158525
6000000000694856177
6000000000695580826
6000000000698197888
6000000000698378262
6000000000698478151
6000000000698523841
6000000000698736550
6000000000698805737
6000000000700865954
6000000000700873631
6000000000700878140
6000000000700882872
6000000000700886383
6000000000700903066
6000000000700920399
6000000000700923287
6000000000700924411
6000000000700931769
6000000000700947740
6000000000700950953
6000000000700952054
6000000000700952394
6000000000700953201
6000000000700972962
6000000000700974273
6000000000700974996
6000000000700984390
6000000000701001250
6000000000701059661
6000000000701099882
6000000000701118077
6000000000701119941
6000000000701127312
6000000000701127473
6000000000701171280
6000000000701212199
6000000000701212215
6000000000701212352
6000000000701212407
6000000000701212421
6000000000701216181
6000000000701216197
6000000000701216478
6000000000701219068
6000000000701219088
6000000000701219929
6000000000701219945
6000000000701222057
6000000000701222071
6000000000701222091
6000000000701222098
6000000000701222114
6000000000701222146
6000000000701222268
6000000000701222855
6000000000701224426
6000000000701224595
6000000000701224620
6000000000701224748
6000000000701225368
6000000000701225390
6000000000701225901
6000000000701231704
6000000000701235159
6000000000702932936
6000000000703113081
6000000000703229014
6000000000703272333
6000000000703284370
6000000000704132260
6000000000704139276
6000000000704176063
6000000000704504061
6000000000705393897
6000000000705642323
6000000000709109211
6000000000709188309
6000000000709206737
6000000000709209810
6000000000709223072
6000000000709239782
6000000000709332242
6000000000709334357
6000000000709359087
6000000000709541555
6000000000709878499
6000000000710016864
6000000000712097393
6000000000714646103
6000000000716998561
6000000000717229053
6000000000717690363
6000000000717697109
6000000000717776836
6000000000717877042
6000000000720420100
6000000000720957240
6000000000721010187
6000000000721070008
6000000000721348306
6000000000721390809
6000000000721798016
6000000000721833015
6000000000722124788
6000000000728250898
6000000000728299766
6000000000728482972
6000000000728588023
6000000000728657032
6000000000728689157
6000000000732548154
6000000000733189883
6000000000733274479
6000000000733461316
6000000000733469168
6000000000734852344
6000000000734877470
6000000000735972498
6000000000736166183
6000000000736768413
6000000000740522647
6000000000742788611
6000000000743061914
6000000000743335131
6000000000743372033
6000000000743413001
6000000000743414023
6000000000743500449
6000000000743955206
6000000000744080154
6000000000746493508
6000000000750946565
6000000000750946964
6000000000751062284
6000000000751430900
6000000000751675327
6000000000751760004
6000000000751966877
6000000000751966916
6000000000752035582
6000000000752036538
6000000000752067508
6000000000752120431
6000000000752123239
6000000000752137451
6000000000752175059
6000000000756952602
6000000000757117027
6000000000757999620
6000000000758079676
6000000000758124033
6000000000759614642
6000000000759679062
6000000000759796872
6000000000759879489
6000000000759890348
6000000000759893323
6000000000759975320
6000000000760616399
6000000000761639165
6000000000761701017
6000000000765100226
6000000000765645327
6000000000767226677
6000000000768236392
6000000000768261782
6000000000768261793
6000000000768271011
6000000000768282653
6000000000768611512
6000000000768617491
6000000000768630901
6000000000768707125
6000000000768711368
6000000000768711379
6000000000768724138
6000000000768727555
6000000000768736187
6000000000768762163
6000000000768782123
6000000000768782134
6000000000768857361
6000000000768917054
6000000000768942057
6000000000768957873
6000000000768959047
6000000000769119163
6000000000769135454
6000000000769174075
6000000000769386615
6000000000769470073
6000000000769531454
6000000000769560303
6000000000769654031
6000000000769874015
6000000000769891469
6000000000769891479
6000000000769891489
6000000000769891509
6000000000769899870
6000000000769899901
6000000000769899922
6000000000769899932
6000000000769899945
6000000000769899955
6000000000769899965
6000000000769902407
6000000000769902583
6000000000769905441
6000000000769914003
6000000000769920068
6000000000769920440
6000000000769930116
6000000000769930180
6000000000769930210
6000000000769948445
6000000000769993869
6000000000769996541
6000000000769996633
6000000000769996736
6000000000769996983
6000000000769996993
6000000000770001102
6000000000770001124
6000000000770001135
6000000000770001251
6000000000770001263
6000000000770001331
6000000000770001342
6000000000770001409
6000000000770001420
6000000000770001431
6000000000770001441
6000000000770001473
6000000000770001773
6000000000770001784
6000000000770078169
6000000000770092002
6000000000771167458
6000000000771264210
6000000000771264408
6000000000771264415
6000000000771264432
6000000000771264665
6000000000771986019
6000000000772258651
6000000000774117903
6000000000774208742
6000000000774227792
6000000000774278878
6000000000774302390
6000000000774495647
6000000000774497612
6000000000774536275
6000000000774539107
6000000000774544809
6000000000774548087
6000000000774643875
6000000000774650887
6000000000774665477
6000000000774676597
6000000000774740005
6000000000774768189
6000000000774784779
6000000000774806638
6000000000774860274
6000000000774884576
6000000000778597208
6000000000778653244
6000000000782758395
6000000000782781239
6000000000782833144
6000000000782906012
6000000000782957036
6000000000782970211
6000000000783951528
6000000000792288293
6000000000792291226
6000000000792343570
6000000000792343618
6000000000792349180
6000000000795068398
6000000000795550634
6000000000795553508
6000000000795569798
6000000000795687204
6000000000796819061
6000000000796819984
6000000000796820170
6000000000796830953
6000000000796834108
6000000000796834346
6000000000796835872
6000000000796840008
6000000000796840269
6000000000796840789
6000000000796842681
6000000000796849178
6000000000796852054
6000000000796852558
6000000000796860925
6000000000796862250
6000000000796862330
6000000000796862667
6000000000796862686
6000000000796862731
6000000000796874512
6000000000796884387
6000000000796886787
6000000000796886861
6000000000796888188
6000000000796888612
6000000000796888623
6000000000796888717
6000000000796891248
6000000000796896697
6000000000796900261
6000000000798385365
6000000000802429286
6000000000802548351
6000000000802583215
6000000000802594245
6000000000802700021
6000000000802702003
6000000000802879019
6000000000802916013
6000000000803837330
6000000000803912169
6000000000803923036
6000000000804208938
6000000000804279813
6000000000804284678
6000000000804284740
6000000000804402273
6000000000804408308
6000000000804409308
6000000000804428237
6000000000804887413
6000000000804907642
6000000000804933430
6000000000812943370
6000000000816280268
6000000000822205151
6000000000825212631
6000000000825425754
6000000000830244922
6000000000831060653
6000000000831222922
6000000000831340779
6000000000841388071
6000000000842892424
6000000000843042071
6000000000843049128
6000000000851442057
6000000000851678345
6000000000855234614
6000000000855468076
6000000000856408220
6000000000856604272
6000000000857016008
6000000000860259173
6000000000861319730
6000000000861819061
6000000000861861048
6000000000864049064
6000000000865518088
6000000000866353020
6000000000868540052
6000000000868540260
6000000000868540310
6000000000868540647
6000000000868541228
6000000000868543302
6000000000868550764
6000000000868550773
6000000000868550781
6000000000868551972
6000000000868555214
6000000000868555247
6000000000868555270
6000000000868555278
6000000000868555286
6000000000869440139
6000000000883254898
6000000000883304840
6000000000883332237
6000000000883334967
6000000000883338447
6000000000883399328
6000000000883502040
6000000000883626680
6000000000883637534
6000000000883747168
6000000000883752116
6000000000883757224
6000000000883759094
6000000000883790003
6000000000883831185
6000000000883851097
6000000000883963087
6000000000890246444
6000000000891680343
6000000000893445364
6000000000893445566
6000000000893445702
6000000000893445810
6000000000894017358
6000000000894794311
6000000000895451543
6000000000896882581
6000000000897604991
6000000000897737992
6000000000897979327
6000000000898069208
6000000000899169105
6000000000899942202
6000000000900889388
6000000000901150478
6000000000902198580
6000000000902335093
6000000000904661585
6000000000904966517
6000000000905010305
6000000000905014194
6000000000905018424
6000000000905031154
6000000000905085347
6000000000905102144
6000000000906482130
6000000000906504975
6000000000907726408
6000000000908088464
6000000000908088530
6000000000908246737
6000000000908319023
6000000000915644339
6000000000915853245
6000000000915903133
6000000000920403620
6000000000922833009
6000000000924480093
6000000000924529666
6000000000924793400
6000000000928454000
6000000000929070378
6000000000929117261
6000000000930944231
6000000000936840801
6000000000937329305
6000000000943981387
6000000000944055419
6000000000944084267
6000000000944148261
6000000000944160067
6000000000944203027
6000000000944947195
6000000000944947381
6000000000945061958
6000000000945065547
6000000000945068466
6000000000945068492
6000000000945068506
6000000000945071204
6000000000945074775
6000000000957282293
6000000000957287491
6000000000957287512
6000000000957298502
6000000000957318394
6000000000957327205
6000000000957335739
6000000000957338253
6000000000957338629
6000000000961704850
6000000000961705097
6000000000961705146
6000000000961705153
6000000000961705181
6000000000961705188
6000000000961705216
6000000000961705288
6000000000961705359
6000000000961705375
6000000000961705384
6000000000961705395
6000000000961705402
6000000000961705467
6000000000961705639
6000000000966157341
6000000000970342399
6000000000991617023
6000000000991706416
6000000001006658393
6000000001013078522
6000000001013085939
6000000001013093567
6000000001013094009
6000000001013106998
6000000001023157027
6000000001024438875
6000000001024948055
6000000001025369657
6000000001025614267
6000000001025640244
6000000001034485341
6000000001034695091
6000000001035899285
6000000001035946024
6000000001036038012
6000000001036407053
6000000001036763081
6000000001038149570
6000000001038949823
6000000001041441773
6000000001041459819
6000000001041474621
6000000001041559796
6000000001041617210
6000000001042071191
6000000001043618868
6000000001044369371
6000000001044775728
6000000001044981876
6000000001045004845
6000000001045079246
6000000001045265093
6000000001045266891
6000000001045369865
6000000001045422816
6000000001045459542
6000000001045491041
6000000001046097064
6000000001046097197
6000000001046112243
6000000001046124130
6000000001046231589
6000000001050631452
6000000001051792325
6000000001052002306
6000000001052011900
6000000001052476194
6000000001052543006
6000000001054697159
6000000001059203432
6000000001059388725
6000000001062599699
6000000001062662217
6000000001062725047
6000000001062958477
6000000001062969490
6000000001063055862
6000000001063161411
6000000001063166988
6000000001063167523
6000000001063169161
6000000001063172991
6000000001063194930
6000000001063267058
6000000001063327687
6000000001063331071
6000000001063332892
6000000001063370043
6000000001063412048
6000000001065449177
6000000001065785453
6000000001066179151
6000000001068387165
6000000001069092412
6000000001069437500
6000000001072770295
6000000001074275300
6000000001075186052
6000000001083936486
6000000001084786832
6000000001084906154
6000000001085279900
6000000001085303408
6000000001085379026
6000000001085437093
6000000001085462842
6000000001088519030
6000000001088818564
6000000001088848284
6000000001088917123
6000000001089523001
6000000001091918130
6000000001094739253
6000000001094867358
6000000001094892771
6000000001094907699
6000000001094931481
6000000001094951573
6000000001094972410
6000000001094977006
6000000001094983308
6000000001095058535
6000000001095059001
6000000001095067045
6000000001095067078
6000000001095341361
6000000001095376277
6000000001095643277
6000000001096256553
6000000001101740245
6000000001102431618
6000000001107642774
6000000001111301028
6000000001111307056
6000000001111992405
6000000001112962857
6000000001112983911
6000000001119785651
6000000001120089414
6000000001120236031
6000000001126486976
6000000001126498796
6000000001126515902
6000000001126874688
6000000001127302498
6000000001127322273
6000000001130898363
6000000001132083703
6000000001136798072
6000000001138062176
6000000001138735296
6000000001138830586
6000000001139071013
6000000001139931822
6000000001140272001
6000000001140277254
6000000001140453852
6000000001140577793
6000000001141145118
6000000001142106980
6000000001142143368
6000000001142218720
6000000001142236549
6000000001142238712
6000000001142245959
6000000001142246618
6000000001142257057
6000000001142264637
6000000001142272766
6000000001142272940
6000000001142363908
6000000001142495182
6000000001142564337
6000000001142574046
6000000001142714835
6000000001143110607
6000000001143966322
6000000001144914191
6000000001144926106
6000000001144928065
6000000001147716580
6000000001147917547
6000000001148027348
6000000001148048686
6000000001148048714
6000000001148048799
6000000001148197812
6000000001156149953
6000000001156514944
6000000001156548017
6000000001156548028
6000000001156702639
6000000001156811632
6000000001156994090
6000000001156994345
6000000001156994355
6000000001157007026
6000000001164043708
6000000001164043723
6000000001164043927
6000000001164043937
6000000001164043944
6000000001164043951
6000000001164043961
6000000001165655151
6000000001165685066
6000000001167500075
6000000001169084883
6000000001169088079
6000000001169090995
6000000001169094604
6000000001169094797
6000000001169126886
6000000001169130560
6000000001169130656
6000000001169130795
6000000001169143193
6000000001169143209
6000000001169146145
6000000001169151943
6000000001169151953
6000000001169151963
6000000001169154015
6000000001169154590
6000000001169154735
6000000001169154793
6000000001169154865
6000000001169154976
6000000001169157001
6000000001169157120
6000000001169157385
6000000001169157426
6000000001169171714
6000000001169174151
6000000001169174345
6000000001169174487
6000000001169174965
6000000001169174983
6000000001169179958
6000000001169182305
6000000001169186866
6000000001169186893
6000000001169186902
6000000001169186947
6000000001169204216
6000000001169204330
6000000001169224183
6000000001169224783
6000000001169228992
6000000001169229879
6000000001169232235
6000000001169232267
6000000001169233297
6000000001169235026
6000000001169235035
6000000001169235042
6000000001169235389
6000000001169235574
6000000001169235592
6000000001169237263
6000000001169238159
6000000001169238166
6000000001169266129
6000000001169296643
6000000001169296726
6000000001169296802
6000000001169297162
6000000001169297770
6000000001169297881
6000000001169313832
6000000001169317363
6000000001169321712
6000000001169321908
6000000001169323655
6000000001169325489
6000000001169340539
6000000001169345035
6000000001171406783
6000000001172213829
6000000001172352035
6000000001173531306
6000000001173542543
6000000001173860005
6000000001175575081
6000000001177962220
6000000001177976070
6000000001177984071
6000000001177984080
6000000001183913030
6000000001183968441
6000000001184035610
6000000001184040598
6000000001186171027
6000000001188805988
6000000001193332584
6000000001195536539
6000000001195604575
6000000001196257237
6000000001196707179
6000000001198674853
6000000001198709343
6000000001198751004
6000000001198860794
6000000001198951480
6000000001199435516
6000000001199613094
6000000001199728382
6000000001199765001
6000000001199877648
6000000001199952528
6000000001199993264
6000000001200014120
6000000001200023579
6000000001200028258
6000000001200091331
6000000001200100841
6000000001200156499
6000000001200187654
6000000001200204262
6000000001200208116
6000000001200219073
6000000001200412771
6000000001200495470
6000000001200506171
6000000001200522996
6000000001200529198
6000000001201652787
6000000001201793305
6000000001205071868
6000000001205118569
6000000001205129184
6000000001205206213
6000000001205324797
6000000001205369626
6000000001205606328
6000000001208248027
6000000001209100724
6000000001209109374
6000000001209115547
6000000001209188278
6000000001209415397
6000000001209426947
6000000001209626897
6000000001209791197
6000000001209857715
6000000001209951455
6000000001210371267
6000000001210371385
6000000001210380997
6000000001210401095
6000000001210401775
6000000001210412053
6000000001210412680
6000000001210418490
6000000001210422424
6000000001210427854
6000000001210438292
6000000001210444666
6000000001210447098
6000000001210456367
6000000001210492768
6000000001210505101
6000000001210506430
6000000001210512138
6000000001210528003
6000000001210528558
6000000001219636503
6000000001229814635
6000000001229904356
6000000001230037346
6000000001230280088
6000000001233379149
6000000001235612590
6000000001237507172
6000000001238438053
6000000001242977486
6000000001243770281
6000000001246390835
6000000001246531671
6000000001246558894
6000000001246567561
6000000001246626181
6000000001246649213
6000000001246707144
6000000001246709052
6000000001246720022
6000000001251462995
6000000001251580171
6000000001256650510
6000000001257444591
6000000001258751247
6000000001259149601
6000000001259257525
6000000001259316980
6000000001259432612
6000000001260311832
6000000001260459057
6000000001262390395
6000000001262892380
6000000001263043349
6000000001263102021
6000000001263198929
6000000001266578142
6000000001272026560
6000000001272831610
6000000001273909665
6000000001275312399
6000000001275376809
6000000001275536567
6000000001275554325
6000000001275555428
6000000001275560422
6000000001275589346
6000000001275636076
6000000001275638659
6000000001275660005
6000000001275705189
6000000001278610141
6000000001287315183
6000000001288296458
6000000001288370396
6000000001288397755
6000000001288422241
6000000001288435072
6000000001288536821
6000000001299396536
6000000001300715021
6000000001301496658
6000000001306542013
6000000001307687897
6000000001307704837
6000000001307847408
6000000001311917463
6000000001314710686
6000000001314932621
6000000001315058101
6000000001315079035
6000000001317317467
6000000001317331213
6000000001317925402
6000000001318530881
6000000001319323403
6000000001319351116
6000000001319413078
6000000001319422295
6000000001319443398
6000000001319649216
6000000001322150068
6000000001322243541
6000000001322243555
6000000001322277684
6000000001323012803
6000000001323226039
6000000001323231241
6000000001323259228
6000000001323467883
6000000001323506976
6000000001323807469
6000000001323824143
6000000001323878378
6000000001324377153
6000000001324402011
6000000001326679613
6000000001330899240
6000000001334029021
6000000001335680181
6000000001336650473
6000000001338193719
6000000001338972115
6000000001339014106
6000000001339030072
6000000001339449427
6000000001351712009
6000000001351719002
6000000001351719505
6000000001351739261
6000000001351739282
6000000001351755864
6000000001351760995
6000000001351784334
6000000001353737222
6000000001353747968
6000000001353854035
6000000001353854695
6000000001353854936
6000000001353860591
6000000001353860902
6000000001353866433
6000000001353874511
6000000001353889239
6000000001353898393
6000000001353901839
6000000001353905608
6000000001353905636
6000000001353905770
6000000001353905777
6000000001353905784
6000000001353905798
6000000001353905805
6000000001353905826
6000000001353905888
6000000001353907644
6000000001353928160
6000000001353929104
6000000001353929118
6000000001353929697
6000000001353932085
6000000001353932092
6000000001353932237
6000000001353933396
6000000001353933886
6000000001353956908
6000000001354324165
6000000001354324226
6000000001354419384
6000000001354422610
6000000001354425410
6000000001354452638
6000000001354452659
6000000001354452729
6000000001354452743
6000000001354452786
6000000001354452814
6000000001354454509
6000000001354454530
6000000001354488757
6000000001354488907
6000000001354491073
6000000001354491294
6000000001354491504
6000000001354493652
6000000001354495819
6000000001354499420
6000000001354499448
6000000001354517334
6000000001354529494
6000000001355636606
6000000001355641630
6000000001355641705
6000000001355643008
6000000001355720467
6000000001355754674
6000000001355760060
6000000001355760066
6000000001355763116
6000000001355763205
6000000001355763327
6000000001355763501
6000000001355764462
6000000001355764483
6000000001361669297
6000000001362605832
6000000001363640693
6000000001370667847
6000000001374192809
6000000001374258247
6000000001374384141
6000000001378295126
6000000001379204104
6000000001379265308
6000000001380828716
6000000001380983518
6000000001381046535
6000000001381063554
6000000001381114215
6000000001381123265
6000000001381274001
6000000001381395280
6000000001381812517
6000000001383530588
6000000001391856400
6000000001395361096
6000000001397662703
6000000001397740992
6000000001397765915
6000000001397812864
6000000001397856950
6000000001397950212
6000000001398131432
6000000001398561082
6000000001404852420
6000000001404871378
6000000001408859993
6000000001408871740
6000000001409023478
6000000001409107184
6000000001409111229
6000000001409339120
6000000001412870564
6000000001412870575
6000000001412870631
6000000001412870797
6000000001412870805
6000000001412870832
6000000001412870869
6000000001412870878
6000000001412870900
6000000001412873288
6000000001412873322
6000000001412873961
6000000001412875205
6000000001412875219
6000000001412875292
6000000001412875300
6000000001412875403
6000000001412875414
6000000001412875445
6000000001412875461
6000000001412875471
6000000001412875513
6000000001412875551
6000000001412875558
6000000001412875565
6000000001412875580
6000000001412875594
6000000001412875622
6000000001412875629
6000000001412875744
6000000001412875756
6000000001412875911
6000000001412881746
6000000001412881786
6000000001412885635
6000000001412885834
6000000001412894618
6000000001412900128
6000000001412900167
6000000001412900558
6000000001412900567
6000000001412900576
6000000001412900601
6000000001412900610
6000000001412900697
6000000001412900705
6000000001412900724
6000000001412900801
6000000001412904536
6000000001412904570
6000000001412904658
6000000001412904706
6000000001412909311
6000000001412909502
6000000001412909509
6000000001412909956
6000000001412911042
6000000001412911828
6000000001412918158
6000000001412918489
6000000001412918574
6000000001412918601
6000000001412918616
6000000001412918691
6000000001412918715
6000000001412918732
6000000001412918740
6000000001412918749
6000000001412918765
6000000001412918781
6000000001412918813
6000000001412918821
6000000001412918830
6000000001412918838
6000000001412918968
6000000001412918976
6000000001412918992
6000000001412919000
6000000001412921041
6000000001412921049
6000000001412921067
6000000001412921121
6000000001412921129
6000000001412921205
6000000001412921215
6000000001412921225
6000000001412921234
6000000001412921289
6000000001412921297
6000000001412921330
6000000001412921355
6000000001412921372
6000000001412921381
6000000001412921427
6000000001412921435
6000000001412921531
6000000001412921823
6000000001412921831
6000000001412921936
6000000001412926007
6000000001412926027
6000000001412926572
6000000001412926593
6000000001412926603
6000000001412929140
6000000001412929181
6000000001412929190
6000000001412929252
6000000001412929312
6000000001412929320
6000000001412929328
6000000001412929336
6000000001412929344
6000000001412929352
6000000001412929360
6000000001412929376
6000000001412929505
6000000001412929513
6000000001412929521
6000000001412929740
6000000001412929788
6000000001412929806
6000000001412929815
6000000001412929833
6000000001412929851
6000000001412929860
6000000001412929958
6000000001412933079
6000000001412933204
6000000001412933228
6000000001412933245
6000000001412933605
6000000001412933812
6000000001412935037
6000000001412935350
6000000001412935976
6000000001412935986
6000000001412937040
6000000001412937087
6000000001412937266
6000000001412937275
6000000001412937309
6000000001412937510
6000000001412937598
6000000001412938886
6000000001412938911
6000000001412940111
6000000001412940184
6000000001412940807
6000000001412942498
6000000001412942849
6000000001412945126
6000000001412949016
6000000001412951156
6000000001412951167
6000000001412951572
6000000001412951620
6000000001412951818
6000000001412951827
6000000001412952494
6000000001412952663
6000000001412952704
6000000001412952853
6000000001412952912
6000000001412960639
6000000001412960739
6000000001412965333
6000000001412968098
6000000001412968114
6000000001412968122
6000000001412968233
6000000001412968290
6000000001413461267
6000000001416177551
6000000001416312174
6000000001416325390
6000000001416347026
6000000001422275097
6000000001422705229
6000000001422979795
6000000001422986529
6000000001434670985
6000000001435226422
6000000001435344198
6000000001435345980
6000000001435365181
6000000001435365220
6000000001435365260
6000000001435365515
6000000001435366077
6000000001435397312
6000000001435397401
6000000001435415570
6000000001435415581
6000000001435415656
6000000001435415803
6000000001435415815
6000000001435507687
6000000001435507697
6000000001435528073
6000000001435528087
6000000001435528094
6000000001435528101
6000000001435528108
6000000001435528115
6000000001435528122
6000000001435528129
6000000001435528136
6000000001435528142
6000000001435528148
6000000001435528154
6000000001435528160
6000000001435528178
6000000001435528208
6000000001435528222
6000000001441138527
6000000001441184437
6000000001441225516
6000000001441498155
6000000001441509684
6000000001446542148
6000000001448141608
6000000001448151252
6000000001448263075
6000000001448352905
6000000001448684827
6000000001449074001
6000000001450521371
6000000001450522826
6000000001452856681
6000000001452856689
6000000001454500276
6000000001455792905
6000000001455982151
6000000001459346066
6000000001459443083
6000000001459634872
6000000001459993025
6000000001460000194
6000000001460044102
6000000001460168227
6000000001462346818
6000000001462706010
6000000001462712746
6000000001463705788
6000000001465590808
6000000001465726777
6000000001465938224
6000000001465948483
6000000001466485935
6000000001466539404
6000000001467754626
6000000001467770200
6000000001467835221
6000000001467836381
6000000001468086147
6000000001468102184
6000000001468340138
6000000001468599323
6000000001468743288
6000000001468903556
6000000001469198199
6000000001469430108
6000000001469730334
6000000001469730343
6000000001469733136
6000000001469743219
6000000001469743226
6000000001469743259
6000000001469772371
6000000001469860043
6000000001469860196
6000000001471736338
6000000001471776893
6000000001471800317
6000000001471817302
6000000001471820131
6000000001471841421
6000000001471905062
6000000001472135691
6000000001472243329
6000000001472246524
6000000001472318001
6000000001472330022
6000000001472398410
6000000001472560078
6000000001472945371
6000000001475110150
6000000001476192734
6000000001476373365
6000000001476409065
6000000001477206244
6000000001477445663
6000000001477584011
6000000001479508039
6000000001479578007
6000000001480929116
6000000001481176044
6000000001493681386
6000000001493833197
6000000001493907157
6000000001498061776
6000000001499005705
6000000001500369237
6000000001500803731
6000000001500807398
6000000001500807407
6000000001500807745
6000000001500807786
6000000001500817215
6000000001500817488
6000000001500817506
6000000001500820205
6000000001500820357
6000000001500820366
6000000001500820995
6000000001500824605
6000000001500824613
6000000001500824787
6000000001500824810
6000000001500824850
6000000001500824858
6000000001500828037
6000000001500828764
6000000001500828828
6000000001500828947
6000000001500828971
6000000001500828980
6000000001500832030
6000000001500832315
6000000001500832520
6000000001500832569
6000000001500832617
6000000001500832829
6000000001500832839
6000000001500832969
6000000001500835390
6000000001500841088
6000000001500841097
6000000001500841571
6000000001500841620
6000000001500842000
6000000001500847862
6000000001500850212
6000000001500850848
6000000001500854028
6000000001500854063
6000000001500854394
6000000001500854419
6000000001500866576
6000000001500866583
6000000001500870186
6000000001500872245
6000000001500872352
6000000001500872832
6000000001500872848
6000000001500872856
6000000001500881725
6000000001500884093
6000000001500884454
6000000001500884462
6000000001500886177
6000000001500886194
6000000001500886224
6000000001500886349
6000000001500890958
6000000001500890965
6000000001500893373
6000000001500907100
6000000001500907457
6000000001500907600
6000000001500907607
6000000001500911205
6000000001500916576
6000000001500916668
6000000001500916728
6000000001500916764
6000000001500916916
6000000001500928203
6000000001500928224
6000000001500928259
6000000001500928296
6000000001500928519
6000000001500928754
6000000001500928874
6000000001500929000
6000000001500929374
6000000001500929879
6000000001500933126
6000000001500933553
6000000001500939132
6000000001500947329
6000000001500947385
6000000001500947879
6000000001500951460
6000000001500958352
6000000001500958358
6000000001500958936
6000000001500958995
6000000001500964003
6000000001500964083
6000000001500964101
6000000001500964109
6000000001500964116
6000000001500964124
6000000001500964164
6000000001500964189
6000000001500964244
6000000001500964252
6000000001500971114
6000000001500971844
6000000001500971945
6000000001500973069
6000000001500973093
6000000001500981235
6000000001500981366
6000000001500981514
6000000001500981614
6000000001500984325
6000000001500984349
6000000001500984587
6000000001500984868
6000000001500989071
6000000001500992057
6000000001500992091
6000000001500992534
6000000001500996052
6000000001501000003
6000000001501000813
6000000001501010534
6000000001501020539
6000000001501020568
6000000001501026484
6000000001501026778
6000000001501029955
6000000001501032222
6000000001501032228
6000000001501038027
6000000001501038846
6000000001501038907
6000000001501047029
6000000001501047037
6000000001501047102
6000000001501047118
6000000001501047159
6000000001501047184
6000000001501047219
6000000001501047229
6000000001501047236
6000000001501052357
6000000001501057010
6000000001501057062
6000000001501057101
6000000001501057114
6000000001501057135
6000000001501057280
6000000001501062059
6000000001501062089
6000000001501062796
6000000001501062803
6000000001501062846
6000000001501062917
6000000001501062940
6000000001501065025
6000000001501065106
6000000001501065381
6000000001501065423
6000000001501065522
6000000001501065572
6000000001501069210
6000000001501069226
6000000001501069255
6000000001501069542
6000000001501069795
6000000001501073741
6000000001503816068
6000000001503876674
6000000001503906263
6000000001503924269
6000000001503924275
6000000001503934547
6000000001504387635
6000000001504410642
6000000001504428445
6000000001504702150
6000000001504955692
6000000001504958354
6000000001504958369
6000000001504958377
6000000001504965587
6000000001504965624
6000000001504965960
6000000001504971371
6000000001504971404
6000000001504971435
6000000001504974673
6000000001504974807
6000000001504979129
6000000001504983220
6000000001504983596
6000000001504983759
6000000001504987119
6000000001506763855
6000000001506883754
6000000001506899998
6000000001507025206
6000000001507060141
6000000001507725897
6000000001507833591
6000000001507917614
6000000001507997353
6000000001508018503
6000000001510611291
6000000001510650092
6000000001510663407
6000000001512248288
6000000001517344681
6000000001517463424
6000000001517866371
6000000001519026227
6000000001520375930
6000000001521816731
6000000001522835393
6000000001523449247
6000000001526567662
6000000001526952099
6000000001529237435
6000000001529617385
6000000001529617955
6000000001531200843
6000000001531200878
6000000001531200950
6000000001531202412
6000000001531202421
6000000001531202519
6000000001531202546
6000000001531202635
6000000001531202644
6000000001531205518
6000000001531238748
6000000001531294980
6000000001531309598
6000000001531309625
6000000001531309686
6000000001531309883
6000000001531309932
6000000001531309940
6000000001531309949
6000000001531309981
6000000001531314034
6000000001531323155
6000000001531387401
6000000001534949474
6000000001534995483
6000000001536137982
6000000001540242114
6000000001542433894
6000000001542433907
6000000001542433942
6000000001542435104
6000000001542794873
6000000001544414723
6000000001544431739
6000000001544446082
6000000001544446481
6000000001544453863
6000000001544473926
6000000001544486289
6000000001544486768
6000000001544491104
6000000001544491726
6000000001544502254
6000000001544502336
6000000001544505169
6000000001544517055
6000000001544542384
6000000001544554402
6000000001544566618
6000000001544578967
6000000001544590571
6000000001544596977
6000000001544600421
6000000001544606222
6000000001544623612
6000000001550288478
6000000001552666115
6000000001553720851
6000000001553720859
6000000001553724253
6000000001553724289
6000000001553724296
6000000001553724345
6000000001553730019
6000000001553730544
6000000001553730666
6000000001553800399
6000000001560164054
6000000001563200627
6000000001563248087
6000000001563258822
6000000001563284517
6000000001563284549
6000000001563288338
6000000001563293216
6000000001563350697
6000000001563350714
6000000001565245147
6000000001565704443
6000000001578856844
6000000001578912888
6000000001578926329
6000000001578953401
6000000001580001188
6000000001580934837
6000000001581147047
6000000001584801190
6000000001586269647
6000000001586449474
6000000001586559347
6000000001586687550
6000000001586742615
6000000001586786315
6000000001588362960
6000000001588363339
6000000001588363511
6000000001588372513
6000000001588386554
6000000001588388449
6000000001588414303
6000000001588423802
6000000001588440396
6000000001588444082
6000000001588452922
6000000001588461161
6000000001588461811
6000000001588464379
6000000001588479580
6000000001588479640
6000000001588517287
6000000001588526562
6000000001588526876
6000000001588537217
6000000001588539263
6000000001588548186
6000000001588553706
6000000001588553797
6000000001588558027
6000000001588558532
6000000001593637951
6000000001593928046
6000000001593947330
6000000001593972605
6000000001593991258
6000000001594051535
6000000001594086076
6000000001594962115
6000000001595814236
6000000001598971185
6000000001599490659
6000000001599527098
6000000001599696823
6000000001599855039
6000000001599858347
6000000001599919033
6000000001600060051
6000000001610389741
6000000001610448055
6000000001612365083
6000000001615077348
6000000001623717001
6000000001624977289
6000000001625377656
6000000001625543412
6000000001631291699
6000000001634975055
6000000001636325877
6000000001636386225
6000000001643397812
6000000001645583663
6000000001651196441
6000000001651196484
6000000001651275385
6000000001651327133
6000000001651458191
6000000001651460598
6000000001651502714
6000000001651629109
6000000001655916144
6000000001655922838
6000000001655927866
6000000001655934611
6000000001655942715
6000000001655942739
6000000001655948982
6000000001655951155
6000000001655957584
6000000001655967018
6000000001655972366
6000000001656941388
6000000001662182551
6000000001662487401
6000000001662491345
6000000001662496354
6000000001662500394
6000000001662590723
6000000001662634010
6000000001662651231
6000000001662675323
6000000001662675374
6000000001662683210
6000000001668218324
6000000001669611233
6000000001669615758
6000000001669615869
6000000001669618142
6000000001669618279
6000000001669618325
6000000001669618957
6000000001669620081
6000000001669620123
6000000001669620130
6000000001669620409
6000000001669640393
6000000001669640401
6000000001669640454
6000000001669640549
6000000001669640632
6000000001669649063
6000000001669649301
6000000001669649691
6000000001669649864
6000000001669654269
6000000001669654419
6000000001669654764
6000000001669654771
6000000001669654777
6000000001669658069
6000000001669658581
6000000001669660462
6000000001669660492
6000000001669660515
6000000001669660583
6000000001669660591
6000000001669660660
6000000001669662405
6000000001669662426
6000000001669662786
6000000001669662792
6000000001669662856
6000000001675989039
6000000001690758707
6000000001699415807
6000000001699447820
6000000001699450239
6000000001699485318
6000000001699485324
6000000001699485355
6000000001699485361
6000000001699485385
6000000001699485966
6000000001699485992
6000000001699492064
6000000001699492817
6000000001701035908
6000000001704006610
6000000001708363985
6000000001710141184
6000000001710646607
6000000001711091993
6000000001712703292
6000000001713315788
6000000001713373574
6000000001713373908
6000000001713374434
6000000001713382550
6000000001721082980
6000000001721419086
6000000001721459003
6000000001722690298
6000000001725833217
6000000001728253352
6000000001728253416
6000000001728253423
6000000001728253430
6000000001728253536
6000000001728253548
6000000001728253811
6000000001728253817
6000000001728253903
6000000001728253915
6000000001728257391
6000000001728257703
6000000001728257709
6000000001728257715
6000000001728257721
6000000001728257958
6000000001728257983
6000000001730326079
6000000001732073634
6000000001734411153
6000000001736399824
6000000001736464155
6000000001737670342
6000000001744804830
6000000001744806176
6000000001744806659
6000000001744810203
6000000001744810504
6000000001744815012
6000000001744815186
6000000001744815205
6000000001744815245
6000000001744815307
6000000001744815789
6000000001744815904
6000000001744815980
6000000001744818601
6000000001744821523
6000000001744821945
6000000001744822344
6000000001744822410
6000000001744822462
6000000001744822677
6000000001744825392
6000000001744825617
6000000001744825876
6000000001744825938
6000000001744830823
6000000001744835014
6000000001744835621
6000000001744835639
6000000001744835871
6000000001744837661
6000000001744837976
6000000001744842862
6000000001744843694
6000000001744846220
6000000001744846335
6000000001744855616
6000000001744855708
6000000001744855744
6000000001744855801
6000000001744855935
6000000001744858581
6000000001744861180
6000000001744861722
6000000001744871132
6000000001744871682
6000000001744871718
6000000001744871756
6000000001744871859
6000000001744871876
6000000001744871992
6000000001744873862
6000000001744877108
6000000001744877163
6000000001744877320
6000000001744877429
6000000001744877442
6000000001744877462
6000000001744877478
6000000001744877823
6000000001744877840
6000000001744880606
6000000001744886712
6000000001744889453
6000000001744889539
6000000001744889855
6000000001744891286
6000000001744894808
6000000001744898194
6000000001744898212
6000000001744898359
6000000001744898533
6000000001744902183
6000000001744902380
6000000001744902391
6000000001744902441
6000000001744902450
6000000001744902477
6000000001744902607
6000000001744908320
6000000001744915229
6000000001744915539
6000000001744974942
6000000001744977554
6000000001744982414
6000000001744982502
6000000001744982694
6000000001744991050
6000000001744991259
6000000001744991294
6000000001744991305
6000000001744991456
6000000001744991593
6000000001744995580
6000000001745009000
6000000001745028273
6000000001745028728
6000000001745028784
6000000001745028799
6000000001745028827
6000000001745033051
6000000001745033064
6000000001745033167
6000000001745033284
6000000001745033558
6000000001745033813
6000000001745033960
6000000001745038010
6000000001745038086
6000000001745038142
6000000001745038177
6000000001745038434
6000000001745038590
6000000001745043247
6000000001745043401
6000000001745043413
6000000001745046232
6000000001745048340
6000000001745051519
6000000001745058195
6000000001745058525
6000000001745058666
6000000001745092153
6000000001745092743
6000000001745096477
6000000001745096693
6000000001745096712
6000000001745103321
6000000001745348629
6000000001745375645
6000000001748671490
6000000001755974960
6000000001756061146
6000000001756108202
6000000001756124195
6000000001757268344
6000000001758878122
6000000001758878129
6000000001758949464
6000000001759012764
6000000001770176883
6000000001770188397
6000000001770204598
6000000001770214435
6000000001770214443
6000000001770214920
6000000001770216084
6000000001770277395
6000000001770277407
6000000001770282783
6000000001772898279
6000000001777323448
6000000001777399343
6000000001777536029
6000000001777917985
6000000001778173667
6000000001783169632
6000000001783169717
6000000001783169725
6000000001783180514
6000000001783181304
6000000001783271719
6000000001783287863
6000000001783295398
6000000001783502141
6000000001783502550
6000000001783504045
6000000001783504071
6000000001789016029
6000000001789016114
6000000001789016245
6000000001789016287
6000000001789022797
6000000001789022853
6000000001801825070
6000000001814424522
6000000001814424668
6000000001818445637
6000000001818477766
6000000001818496744
6000000001818588423
6000000001818640191
6000000001818650117
6000000001818652073
6000000001818683085
6000000001818689001
6000000001821102369
6000000001821187530
6000000001823605136
6000000001823740415
6000000001823763148
6000000001827562083
6000000001827562107
6000000001827562115
6000000001827562398
6000000001827562649
6000000001827572132
6000000001827575240
6000000001827580067
6000000001827582117
6000000001827585415
6000000001828593786
6000000001828950711
6000000001831620082
6000000001831652474
6000000001836147260
6000000001836379848
6000000001838588451
6000000001838607806
6000000001838879990
6000000001841099388
6000000001841472088
6000000001841495783
6000000001841499218
6000000001841619252
6000000001841992452
6000000001842442210
6000000001842471516
6000000001842544359
6000000001842551175
6000000001842551452
6000000001842580141
6000000001842614063
6000000001842873597
6000000001845187870
6000000001846026759
6000000001846212371
6000000001846230557
6000000001846253144
6000000001849119443
6000000001849128737
6000000001849154063
6000000001849187050
6000000001849194224
6000000001849222818
6000000001849230305
6000000001849615582
6000000001849802095
6000000001851827666
6000000001864316890
6000000001864317742
6000000001864335110
6000000001864335124
6000000001864340286
6000000001864340363
6000000001864340369
6000000001864342916
6000000001864350166
6000000001864350178
6000000001864350618
6000000001864350625
6000000001864350632
6000000001864350639
6000000001864350664
6000000001864350670
6000000001864350677
6000000001864350734
6000000001864350849
6000000001864350862
6000000001864353008
6000000001864353134
6000000001864353189
6000000001864353207
6000000001864353226
6000000001864353277
6000000001864353301
6000000001864353307
6000000001864353319
6000000001864353361
6000000001864353367
6000000001864353385
6000000001864353406
6000000001864356234
6000000001864356240
6000000001864356498
6000000001864356504
6000000001864356511
6000000001864356517
6000000001864356524
6000000001864356537
6000000001864356544
6000000001864356551
6000000001864356564
6000000001864356626
6000000001864356633
6000000001864356752
6000000001864356758
6000000001864370036
6000000001864370043
6000000001864370050
6000000001864370138
6000000001864370144
6000000001864370163
6000000001864370175
6000000001864370182
6000000001864370560
6000000001864370566
6000000001864370578
6000000001864370584
6000000001864370725
6000000001864370767
6000000001864370818
6000000001864373629
6000000001864373635
6000000001864373690
6000000001864373732
6000000001864373744
6000000001867295158
6000000001867425629
6000000001868498051
6000000001868695040
6000000001871607517
6000000001872992425
6000000001875312777
6000000001875351616
6000000001875364654
6000000001886760694
6000000001886930123
6000000001886954800
6000000001889982546
6000000001891424394
6000000001891813980
6000000001891953234
6000000001892023859
6000000001892025404
6000000001892137550
6000000001893075474
6000000001893103526
6000000001893375118
6000000001893414125
6000000001893569835
6000000001893602506
6000000001893607236
6000000001893608603
6000000001893719099
6000000001893799145
6000000001893802086
6000000001896459321
6000000001896512676
6000000001897579898
6000000001897839679
6000000001897932411
6000000001903392183
6000000001903931655
6000000001909464738
6000000001916324013
6000000001916868267
6000000001921445859
6000000001922688330
6000000001924940991
6000000001926381051
6000000001926396261
6000000001934536583
6000000001934674984
6000000001934851468
6000000001934910815
6000000001935232199
6000000001935232668
6000000001935440284
6000000001935619159
6000000001936291374
6000000001937247084
6000000001937606198
6000000001947428066
6000000001950561785
6000000001950833725
6000000001950981568
6000000001951142201
6000000001951142228
6000000001951168720
6000000001951607461
6000000001951824216
6000000001951835678
6000000001951838149
6000000001951839151
6000000001951862100
6000000001956329348
6000000001956329357
6000000001956348839
6000000001956357040
6000000001957244951
6000000001957244975
6000000001962224550
6000000001962535536
6000000001963065039
6000000001963120254
6000000001965836915
6000000001966007997
6000000001966042098
6000000001967665319
6000000001974571813
6000000001976884495
6000000001976895401
6000000001980621449
6000000001992125390
6000000001992125969
6000000001992127060
6000000001992127988
6000000001992130079
6000000001992130724
6000000001992174869
6000000001994565687
6000000001994779327
6000000001995109345
6000000001995109887
6000000001995121452
6000000002005795572
6000000002005827208
6000000002005838424
6000000002005852025
6000000002005880537
6000000002005885424
6000000002005898591
6000000002005937389
6000000002005971888
6000000002006128806
6000000002006128816
6000000002006130483
6000000002006134382
6000000002006137280
6000000002006154433
6000000002006214596
6000000002006214650
6000000002006298745
6000000002006386304
6000000002006413825
6000000002006462248
6000000002006507112
6000000002006517141
6000000002007031134
6000000002009192096
6000000002009941770
6000000002010067545
6000000002010133365
6000000002012435145
6000000002017581317
6000000002018988015
6000000002019568829
6000000002022153112
6000000002022187011
6000000002022514035
6000000002029919769
6000000002032473749
6000000002041979038
6000000002041979157
6000000002041979346
6000000002041979470
6000000002042150283
6000000002042605213
6000000002043178059
6000000002043178550
6000000002043178570
6000000002043178578
6000000002043178604
6000000002043182579
6000000002043182790
6000000002043184119
6000000002043184330
6000000002043184703
6000000002043186152
6000000002043186310
6000000002043186317
6000000002043186380
6000000002043186469
6000000002043186737
6000000002043186800
6000000002043186946
6000000002043192045
6000000002043192150
6000000002043192158
6000000002043192166
6000000002043192241
6000000002043192249
6000000002043192285
6000000002043192318
6000000002043192326
6000000002043192638
6000000002043192718
6000000002043192961
6000000002043193415
6000000002043193657
6000000002043193666
6000000002043193692
6000000002043193717
6000000002043193726
6000000002043193776
6000000002043193973
6000000002043195252
6000000002043195284
6000000002043195323
6000000002043195442
6000000002043195487
6000000002043195793
6000000002043195811
6000000002043195829
6000000002043195964
6000000002043201116
6000000002043201668
6000000002043201684
6000000002043201878
6000000002043201885
6000000002043201894
6000000002043204044
6000000002043204073
6000000002043204079
6000000002043204087
6000000002043204130
6000000002043204311
6000000002043204377
6000000002043204486
6000000002043204669
6000000002043204677
6000000002043208413
6000000002043208882
6000000002043208890
6000000002043208922
6000000002043208930
6000000002043208938
6000000002043208985
6000000002043208992
6000000002043212109
6000000002043212703
6000000002043212710
6000000002043212717
6000000002043214100
6000000002043214524
6000000002043214614
6000000002043214660
6000000002043214675
6000000002043214699
6000000002043214910
6000000002043219667
6000000002043219697
6000000002043219896
6000000002043225106
6000000002043225943
6000000002043232180
6000000002043232362
6000000002043232424
6000000002043232432
6000000002043232480
6000000002043232552
6000000002043241697
6000000002043246196
6000000002043258207
6000000002043258261
6000000002043258285
6000000002043258381
6000000002043258387
6000000002043258537
6000000002043258741
6000000002043258825
6000000002043258831
6000000002043260221
6000000002043260623
6000000002043260887
6000000002043263103
6000000002043263223
6000000002043263403
6000000002043263445
6000000002043263529
6000000002043263697
6000000002043263901
6000000002044567415
6000000002048439278
6000000002060345557
6000000002060440407
6000000002060669348
6000000002060768421
6000000002061633624
6000000002061639741
6000000002063250998
6000000002070175346
6000000002070203177
6000000002071341413
6000000002078094635
6000000002078126382
6000000002078145156
6000000002080654919
6000000002080947954
6000000002082113861
6000000002084307643
6000000002084448513
6000000002090632584
6000000002090836914
6000000002092684088
6000000002105204474
6000000002105227321
6000000002105246123
6000000002105385667
6000000002106021492
6000000002106194792
6000000002106257156
6000000002106275821
6000000002116074197
6000000002116074210
6000000002116320466
6000000002119029860
6000000002119173118
6000000002119248024
6000000002121971556
6000000002122855531
6000000002123050763
6000000002123075677
6000000002123129520
6000000002131803922
6000000002134224443
6000000002134695206
6000000002134737791
6000000002134762341
6000000002134762390
6000000002134788717
6000000002134815439
6000000002134838477
6000000002134845380
6000000002134845934
6000000002134850430
6000000002134923802
6000000002134923866
6000000002134923874
6000000002134933722
6000000002134952259
6000000002134999492
6000000002135014784
6000000002135022288
6000000002135079623
6000000002135079868
6000000002135149848
6000000002135149996
6000000002135173282
6000000002135181390
6000000002135188321
6000000002135188337
6000000002135188345
6000000002135194540
6000000002135367903
6000000002135737061
6000000002140596727
6000000002141526577
6000000002141552561
6000000002141571449
6000000002141637159
6000000002141639343
6000000002142035742
6000000002142070034
6000000002142178772
6000000002142188519
6000000002142247689
6000000002142248176
6000000002142373595
6000000002144303917
6000000002144509782
6000000002152926811
6000000002154297114
6000000002161256824
6000000002161894090
6000000002163501132
6000000002163543379
6000000002166131976
6000000002166153752
6000000002166216453
6000000002166216577
6000000002166220506
6000000002171731783
6000000002172770826
6000000002172773641
6000000002172825668
6000000002172825674
6000000002172825882
6000000002172838952
6000000002172855257
6000000002172867545
6000000002172867555
6000000002172871855
6000000002172871874
6000000002172889611
6000000002172915806
6000000002172923759
6000000002173003569
6000000002173003685
6000000002173015709
6000000002174688278
6000000002176265383
6000000002176345049
6000000002176403170
6000000002176641421
6000000002176641784
6000000002176641883
6000000002176654174
6000000002176658157
6000000002176661683
6000000002176661888
6000000002176664000
6000000002176677784
6000000002176677789
6000000002180978779
6000000002181137145
6000000002181293030
6000000002181368497
6000000002181454037
6000000002184266852
6000000002184297964
6000000002184459182
6000000002186288135
6000000002187567877
6000000002187567896
6000000002187567943
6000000002187567977
6000000002187570152
6000000002187570336
6000000002187576521
6000000002187580665
6000000002187580673
6000000002187580684
6000000002187580716
6000000002187580727
6000000002187580735
6000000002187580992
6000000002187582156
6000000002187582172
6000000002187582696
6000000002187582841
6000000002187582929
6000000002187588281
6000000002187588314
6000000002187588344
6000000002187588537
6000000002187588552
6000000002187588560
6000000002187588579
6000000002187588671
6000000002187588706
6000000002187588826
6000000002187596688
6000000002187597092
6000000002187597106
6000000002187597122
6000000002187597138
6000000002187597295
6000000002187597333
6000000002187599755
6000000002187599782
6000000002187599790
6000000002187599883
6000000002187600025
6000000002187600052
6000000002187600063
6000000002187600071
6000000002187600088
6000000002187600099
6000000002187600108
6000000002187600124
6000000002187600141
6000000002187600147
6000000002187600167
6000000002187600184
6000000002187600225
6000000002187600242
6000000002187600333
6000000002187600466
6000000002187600708
6000000002187600716
6000000002187613904
6000000002187613924
6000000002187613932
6000000002187613948
6000000002187613956
6000000002187614028
6000000002187614055
6000000002187614073
6000000002187614287
6000000002187614336
6000000002187614511
6000000002187614571
6000000002187614598
6000000002187614616
6000000002187614640
6000000002187617530
6000000002187617608
6000000002187622153
6000000002187622161
6000000002187622252
6000000002187622479
6000000002187622519
6000000002187622928
6000000002187624247
6000000002187624295
6000000002187624818
6000000002187624890
6000000002187624897
6000000002187624914
6000000002187624929
6000000002187624947
6000000002187631028
6000000002187631036
6000000002187631059
6000000002187631067
6000000002187631090
6000000002187631105
6000000002187631121
6000000002187631129
6000000002187631136
6000000002187631144
6000000002187639067
6000000002187639480
6000000002187639500
6000000002187639519
6000000002187639527
6000000002187639535
6000000002187639569
6000000002187645132
6000000002187645700
6000000002187645865
6000000002187645980
6000000002187651481
6000000002187651566
6000000002187651602
6000000002187651717
6000000002187651732
6000000002187651739
6000000002187651747
6000000002187651818
6000000002187651872
6000000002187651950
6000000002187651984
6000000002187656156
6000000002187656162
6000000002187656452
6000000002187656492
6000000002187684147
6000000002187684155
6000000002187684559
6000000002187684567
6000000002187684590
6000000002187684606
6000000002187684751
6000000002187684775
6000000002187684923
6000000002187684960
6000000002187690247
6000000002187696186
6000000002187696194
6000000002187696224
6000000002187696379
6000000002187696499
6000000002187696507
6000000002187699043
6000000002187700303
6000000002187700313
6000000002187700366
6000000002187700669
6000000002187700696
6000000002187700979
6000000002187705541
6000000002187705560
6000000002187705592
6000000002187705611
6000000002187718673
6000000002187721530
6000000002187721757
6000000002187721879
6000000002187723026
6000000002187723086
6000000002187723102
6000000002187723148
6000000002187723203
6000000002187723219
6000000002187723243
6000000002187723256
6000000002187723292
6000000002187723324
6000000002187723364
6000000002187723758
6000000002187723822
6000000002187723831
6000000002187730880
6000000002187734483
6000000002187738420
6000000002187742159
6000000002187746905
6000000002187746913
6000000002187747454
6000000002187750791
6000000002187757413
6000000002187757796
6000000002187757944
6000000002187763253
6000000002187764877
6000000002187768221
6000000002187768562
6000000002187771918
6000000002187788362
6000000002187788709
6000000002187788741
6000000002187788751
6000000002187788775
6000000002187788810
6000000002187794933
6000000002187796007
6000000002187796082
6000000002187796127
6000000002187796250
6000000002187796266
6000000002187796274
6000000002187796282
6000000002187796298
6000000002187796314
6000000002187796322
6000000002187796542
6000000002187796550
6000000002187796666
6000000002187796704
6000000002187796770
6000000002187796778
6000000002187796802
6000000002187796818
6000000002187797000
6000000002187798266
6000000002187798500
6000000002187798551
6000000002187801612
6000000002187801657
6000000002187801746
6000000002187805203
6000000002187805531
6000000002187812584
6000000002187812591
6000000002187812629
6000000002187812637
6000000002187812645
6000000002187812738
6000000002187814112
6000000002187814195
6000000002187814242
6000000002187814471
6000000002187814494
6000000002187814510
6000000002187814689
6000000002187814722
6000000002187814730
6000000002187814738
6000000002187814793
6000000002187814819
6000000002187814947
6000000002187814955
6000000002187814963
6000000002187818042
6000000002187818133
6000000002187818499
6000000002187818674
6000000002187818765
6000000002187818794
6000000002187818802
6000000002187818810
6000000002187818960
6000000002187820192
6000000002187820269
6000000002187820277
6000000002187820426
6000000002187820434
6000000002187820571
6000000002187820638
6000000002187821018
6000000002187821213
6000000002187821274
6000000002187821341
6000000002187821362
6000000002187821414
6000000002187821458
6000000002187821508
6000000002187821519
6000000002187821530
6000000002187821537
6000000002187823050
6000000002187823083
6000000002187823149
6000000002187823175
6000000002187823183
6000000002187823190
6000000002187823205
6000000002187823368
6000000002187823382
6000000002187823544
6000000002187823623
6000000002187823743
6000000002187823791
6000000002187823799
6000000002187823821
6000000002187823837
6000000002187823845
6000000002187823867
6000000002187823875
6000000002187823883
6000000002187823891
6000000002187823898
6000000002187823906
6000000002187823913
6000000002187823921
6000000002187823929
6000000002187825122
6000000002187825190
6000000002187825221
6000000002187825229
6000000002187825237
6000000002187825609
6000000002187825867
6000000002187825996
6000000002187826041
6000000002187826230
6000000002187826245
6000000002187826253
6000000002187826260
6000000002187826290
6000000002187826681
6000000002187826689
6000000002187826697
6000000002187826916
6000000002187826925
6000000002187826932
6000000002187828032
6000000002187828062
6000000002187828621
6000000002187828634
6000000002187828650
6000000002187828679
6000000002187828702
6000000002187828833
6000000002187829049
6000000002187829749
6000000002187834025
6000000002187834061
6000000002187834150
6000000002187834354
6000000002187834415
6000000002187834708
6000000002187834748
6000000002187834771
6000000002187834793
6000000002187834808
6000000002187834912
6000000002187837090
6000000002187837098
6000000002187837113
6000000002187837165
6000000002187837317
6000000002187837353
6000000002187837360
6000000002187837432
6000000002187837512
6000000002187837607
6000000002187837668
6000000002187837843
6000000002187837960
6000000002187840447
6000000002187840489
6000000002187845082
6000000002187845246
6000000002187845278
6000000002187845293
6000000002187845632
6000000002187845732
6000000002187845813
6000000002187845876
6000000002187851111
6000000002187851207
6000000002187851230
6000000002187851473
6000000002187851484
6000000002187851701
6000000002187855061
6000000002187855123
6000000002187855131
6000000002187855139
6000000002187855362
6000000002187855392
6000000002187855399
6000000002187855797
6000000002187857272
6000000002187857364
6000000002187857372
6000000002187857379
6000000002187857591
6000000002187857656
6000000002187857840
6000000002187857855
6000000002187857902
6000000002187857910
6000000002187858000
6000000002187862038
6000000002187868238
6000000002187868545
6000000002187868553
6000000002187876133
6000000002187876141
6000000002187876149
6000000002187876157
6000000002187876194
6000000002187876441
6000000002187876456
6000000002187876471
6000000002187876939
6000000002187881612
6000000002187881620
6000000002187881702
6000000002187881710
6000000002187881724
6000000002187881732
6000000002187881843
6000000002187881865
6000000002187881873
6000000002187881968
6000000002187881997
6000000002187887019
6000000002187887132
6000000002187887161
6000000002187887169
6000000002187887205
6000000002187887212
6000000002187887227
6000000002187887280
6000000002187887398
6000000002187887421
6000000002187887443
6000000002187887450
6000000002187887458
6000000002187887553
6000000002187887583
6000000002187887953
6000000002187887986
6000000002187888225
6000000002187888319
6000000002187888470
6000000002187888478
6000000002187891103
6000000002187891112
6000000002187891120
6000000002187891128
6000000002187891144
6000000002187891152
6000000002187891948
6000000002187891965
6000000002187891981
6000000002187893009
6000000002187893033
6000000002187893088
6000000002187893099
6000000002187893140
6000000002187893147
6000000002187893183
6000000002187896531
6000000002187899072
6000000002187899080
6000000002187899095
6000000002187899334
6000000002187899802
6000000002187903890
6000000002187905841
6000000002187911224
6000000002187911279
6000000002187911561
6000000002187911610
6000000002187911647
6000000002187913180
6000000002187913405
6000000002187913661
6000000002187914912
6000000002187915698
6000000002187918669
6000000002187920019
6000000002187920079
6000000002187920094
6000000002187920192
6000000002187927465
6000000002187927896
6000000002187931479
6000000002187947278
6000000002187947312
6000000002187947342
6000000002187947382
6000000002187947405
6000000002187947510
6000000002187947526
6000000002187947999
6000000002187951220
6000000002187951284
6000000002187951302
6000000002187951309
6000000002187951332
6000000002187951903
6000000002187951958
6000000002187952243
6000000002187952251
6000000002187952259
6000000002187952267
6000000002187952349
6000000002187952357
6000000002187952365
6000000002187952380
6000000002187952677
6000000002187952735
6000000002187952742
6000000002187952983
6000000002187952991
6000000002187957340
6000000002187974653
6000000002187974661
6000000002187978444
6000000002187978452
6000000002187978528
6000000002187982523
6000000002187982538
6000000002187982545
6000000002187982553
6000000002187982569
6000000002187988126
6000000002187988139
6000000002187988147
6000000002187988181
6000000002187988186
6000000002187988220
6000000002187988237
6000000002187988243
6000000002187988258
6000000002187988266
6000000002187988272
6000000002187988280
6000000002187988287
6000000002187988295
6000000002187988322
6000000002187988340
6000000002187988353
6000000002187988392
6000000002187988408
6000000002187988416
6000000002187988424
6000000002187988429
6000000002187991757
6000000002187992199
6000000002187997797
6000000002188001136
6000000002188001629
6000000002188001969
6000000002188001977
6000000002188002211
6000000002188002219
6000000002188002226
6000000002188002234
6000000002188002241
6000000002188002256
6000000002188002311
6000000002188002341
6000000002188002576
6000000002188002590
6000000002188002606
6000000002188002614
6000000002188002842
6000000002188002894
6000000002188002918
6000000002188002948
6000000002188002956
6000000002188005065
6000000002188005106
6000000002188005576
6000000002188005584
6000000002188005610
6000000002188005800
6000000002188005826
6000000002188005833
6000000002188005849
6000000002188005864
6000000002188005888
6000000002188008020
6000000002188008028
6000000002188008123
6000000002188008632
6000000002188017102
6000000002188017157
6000000002188017479
6000000002188018199
6000000002188018322
6000000002188018382
6000000002188018778
6000000002188018862
6000000002188021019
6000000002188021103
6000000002188021178
6000000002188021209
6000000002188021217
6000000002188021222
6000000002188021230
6000000002188021309
6000000002188021418
6000000002188021457
6000000002188021538
6000000002188021546
6000000002188021562
6000000002188021695
6000000002188021703
6000000002188021718
6000000002188021726
6000000002188021734
6000000002188021939
6000000002188026158
6000000002188026402
6000000002188026644
6000000002188032604
6000000002188035006
6000000002188035014
6000000002188035021
6000000002188035661
6000000002188035766
6000000002188035856
6000000002188035950
6000000002188040367
6000000002188040587
6000000002188040603
6000000002188040875
6000000002188050053
6000000002188050174
6000000002188050196
6000000002188050222
6000000002188059749
6000000002188059935
6000000002188062164
6000000002188078664
6000000002188081857
6000000002188081873
6000000002188089376
6000000002188089383
6000000002188089628
6000000002188091715
6000000002188091828
6000000002188095726
6000000002188097687
6000000002188097862
6000000002188097878
6000000002188097952
6000000002188097960
6000000002188097967
6000000002188097975
6000000002188097982
6000000002188097990
6000000002188099018
6000000002188099034
6000000002188099088
6000000002188099096
6000000002188099103
6000000002188099398
6000000002188099406
6000000002188099414
6000000002188099422
6000000002188099430
6000000002188099438
6000000002188099445
6000000002188099453
6000000002188099460
6000000002188099468
6000000002188099475
6000000002188099483
6000000002188099860
6000000002188099881
6000000002188099903
6000000002188099945
6000000002188101188
6000000002188101206
6000000002188101235
6000000002188101243
6000000002188101257
6000000002188101265
6000000002188101273
6000000002188101280
6000000002188101295
6000000002188101302
6000000002188101355
6000000002188101385
6000000002188101400
6000000002188101407
6000000002188101415
6000000002188101423
6000000002188101438
6000000002188101453
6000000002188101468
6000000002188101485
6000000002188101493
6000000002188101508
6000000002188101524
6000000002188101532
6000000002188101547
6000000002188101554
6000000002188101570
6000000002188104337
6000000002188104375
6000000002188104390
6000000002188108981
6000000002188108988
6000000002188110002
6000000002188110554
6000000002188110562
6000000002188110606
6000000002188110824
6000000002188113678
6000000002188113773
6000000002188113878
6000000002188118088
6000000002188118147
6000000002188118211
6000000002188118233
6000000002188118590
6000000002188140029
6000000002188140044
6000000002188140311
6000000002188140346
6000000002188140552
6000000002188140599
6000000002188140606
6000000002188140614
6000000002188140876
6000000002188140884
6000000002188140891
6000000002188140900
6000000002188144141
6000000002188144190
6000000002188144198
6000000002188144320
6000000002188144328
6000000002188144335
6000000002188144343
6000000002188144454
6000000002188144504
6000000002188144512
6000000002188144604
6000000002188144615
6000000002188144705
6000000002188144713
6000000002188149612
6000000002188149991
6000000002188162005
6000000002188162013
6000000002188162344
6000000002188162507
6000000002188162559
6000000002188162970
6000000002188166366
6000000002188166446
6000000002188166652
6000000002188166756
6000000002188166792
6000000002188166807
6000000002188166856
6000000002188170128
6000000002188170179
6000000002188170194
6000000002188170209
6000000002188170267
6000000002188170275
6000000002188170334
6000000002188170341
6000000002188170971
6000000002188179284
6000000002188179780
6000000002188179795
6000000002188179809
6000000002188179817
6000000002188179833
6000000002188182390
6000000002188187058
6000000002188187588
6000000002188187676
6000000002188187708
6000000002188187716
6000000002188187724
6000000002188187739
6000000002188187746
6000000002188187757
6000000002188187772
6000000002188193498
6000000002188198204
6000000002188198222
6000000002188198246
6000000002188198264
6000000002188198289
6000000002188261550
6000000002188261579
6000000002188261587
6000000002188261594
6000000002188261607
6000000002188261622
6000000002188261630
6000000002188271098
6000000002188271124
6000000002188271139
6000000002188271163
6000000002188271200
6000000002188271240
6000000002188271272
6000000002188271278
6000000002188271394
6000000002188271621
6000000002188271662
6000000002188271670
6000000002188271678
6000000002188271686
6000000002188289146
6000000002188289154
6000000002188289159
6000000002188289187
6000000002188289192
6000000002188289492
6000000002188289500
6000000002188289560
6000000002188289620
6000000002188289643
6000000002188289659
6000000002188289680
6000000002188289908
6000000002188290043
6000000002188290072
6000000002188290079
6000000002188290103
6000000002188290118
6000000002188290134
6000000002188290147
6000000002188290160
6000000002188290188
6000000002188290199
6000000002188290213
6000000002188290297
6000000002188290310
6000000002188290318
6000000002188290339
6000000002188290347
6000000002188290358
6000000002188290366
6000000002188290710
6000000002188292170
6000000002188292199
6000000002188292350
6000000002188292404
6000000002188294092
6000000002188294097
6000000002188294102
6000000002188294145
6000000002188294161
6000000002188294172
6000000002188294179
6000000002188294190
6000000002188294196
6000000002188294202
6000000002188294210
6000000002188294327
6000000002188294335
6000000002188294388
6000000002188294449
6000000002188294464
6000000002188294479
6000000002188294494
6000000002188294509
6000000002188294524
6000000002188294539
6000000002188294546
6000000002188294554
6000000002188294569
6000000002188294584
6000000002188294591
6000000002188294599
6000000002188294614
6000000002188294629
6000000002188294637
6000000002188294645
6000000002188294661
6000000002188294668
6000000002188294676
6000000002188294681
6000000002188294689
6000000002188294711
6000000002188294719
6000000002188294726
6000000002188294734
6000000002188294742
6000000002188294749
6000000002188294757
6000000002188294764
6000000002188294772
6000000002188294779
6000000002188294787
6000000002188294794
6000000002188294802
6000000002188294809
6000000002188294817
6000000002188294832
6000000002188294847
6000000002188294854
6000000002188294862
6000000002188294869
6000000002188294877
6000000002188294884
6000000002188294892
6000000002188294899
6000000002188294907
6000000002188294914
6000000002188294922
6000000002188294929
6000000002188294937
6000000002188294944
6000000002188294952
6000000002188294967
6000000002188294978
6000000002188294986
6000000002188303024
6000000002188303124
6000000002188303562
6000000002188303635
6000000002188303643
6000000002188303650
6000000002188304126
6000000002188304134
6000000002188304160
6000000002188304178
6000000002188304379
6000000002188304407
6000000002188305555
6000000002188305594
6000000002188305864
6000000002188305869
6000000002188305881
6000000002188305905
6000000002188305988
6000000002188305995
6000000002188307136
6000000002188307143
6000000002188307149
6000000002188307156
6000000002188307161
6000000002188307169
6000000002188307184
6000000002188307225
6000000002188307261
6000000002188307441
6000000002188307463
6000000002188309480
6000000002188314974
6000000002188320107
6000000002188320215
6000000002188320547
6000000002188320775
6000000002188320782
6000000002188320844
6000000002188320972
6000000002188327094
6000000002188327119
6000000002188327126
6000000002188327139
6000000002188327899
6000000002188329233
6000000002188329240
6000000002188329376
6000000002188329388
6000000002188329531
6000000002188333874
6000000002188334818
6000000002188364514
6000000002188364585
6000000002188364675
6000000002188364998
6000000002188376664
6000000002188378805
6000000002188383167
6000000002188383292
6000000002188383463
6000000002188389387
6000000002188389661
6000000002188395192
6000000002188395768
6000000002188395775
6000000002188395831
6000000002188409398
6000000002188409438
6000000002188409864
6000000002188409922
6000000002188409975
6000000002188412119
6000000002188453140
6000000002188461038
6000000002188461055
6000000002188461060
6000000002188461076
6000000002188502034
6000000002188504627
6000000002188508678
6000000002188508700
6000000002188508805
6000000002188526082
6000000002188546075
6000000002188546152
6000000002188546196
6000000002188546218
6000000002188546225
6000000002188546754
6000000002188548775
6000000002188548790
6000000002188548834
6000000002188548855
6000000002188552860
6000000002188554404
6000000002188554898
6000000002188556714
6000000002188556750
6000000002188559105
6000000002188559212
6000000002188559260
6000000002188559353
6000000002188559392
6000000002188559400
6000000002188559408
6000000002188559472
6000000002188559524
6000000002188559532
6000000002188559722
6000000002188559778
6000000002188559877
6000000002188559898
6000000002188559983
6000000002188563071
6000000002188563115
6000000002188563123
6000000002188563166
6000000002188563201
6000000002188563336
6000000002188563735
6000000002188563750
6000000002188563802
6000000002188563860
6000000002188563940
6000000002188563954
6000000002188569055
6000000002188569134
6000000002188569191
6000000002188569206
6000000002188569274
6000000002188569332
6000000002188569518
6000000002188569685
6000000002188569792
6000000002188569799
6000000002188578334
6000000002188578431
6000000002188578725
6000000002188578732
6000000002188578738
6000000002188578769
6000000002188579198
6000000002188579378
6000000002188579386
6000000002188579410
6000000002188619093
6000000002188619506
6000000002188623103
6000000002188623519
6000000002188623569
6000000002188625129
6000000002188625293
6000000002188625317
6000000002188625324
6000000002188625338
6000000002188625349
6000000002188625529
6000000002188640497
6000000002188640585
6000000002188640614
6000000002188640620
6000000002188640658
6000000002188640778
6000000002188644117
6000000002188644132
6000000002188644140
6000000002188644148
6000000002188644185
6000000002188644414
6000000002188644455
6000000002188644470
6000000002188644483
6000000002188644498
6000000002188644580
6000000002188644668
6000000002188644758
6000000002188648498
6000000002188648514
6000000002188648742
6000000002188648750
6000000002188648986
6000000002188651689
6000000002188658436
6000000002188678243
6000000002188684427
6000000002188684442
6000000002188684457
6000000002188684472
6000000002188684487
6000000002188684575
6000000002188684944
6000000002188684974
6000000002188689053
6000000002192078283
6000000002195014829
6000000002196135874
6000000002196721057
6000000002197369635
6000000002197609159
6000000002197782815
6000000002197813080
6000000002198200607
6000000002198257381
6000000002198362511
6000000002198384724
6000000002198387189
6000000002198392157
6000000002198392736
6000000002198398242
6000000002198398249
6000000002198400507
6000000002198421001
6000000002198739364
6000000002198790315
6000000002198946285
6000000002204090596
6000000002204465217
6000000002205613665
6000000002207797135
6000000002207897723
6000000002207897743
6000000002207903099
6000000002207903107
6000000002210797621
6000000002212152431
6000000002212535092
6000000002213340177
6000000002214101629
6000000002214355256
6000000002214462518
6000000002214625732
6000000002215326285
6000000002224010720
6000000002224166476
6000000002224215278
6000000002224347508
6000000002224457876
6000000002231018223
6000000002231130109
6000000002235165607
6000000002236747331
6000000002236872569
6000000002237097312
6000000002238577722
6000000002238778379
6000000002240373697
6000000002240414540
6000000002240481615
6000000002240512862
6000000002240567296
6000000002240703591
6000000002240753260
6000000002240770902
6000000002240774355
6000000002240774496
6000000002240775853
6000000002240778059
6000000002240790426
6000000002240794985
6000000002240801301
6000000002240801354
6000000002240801701
6000000002240801938
6000000002240804240
6000000002240804384
6000000002240804430
6000000002240804441
6000000002240804449
6000000002240806737
6000000002240806863
6000000002240810096
6000000002240813831
6000000002240822083
6000000002240822234
6000000002240822537
6000000002240822545
6000000002240822592
6000000002241006790
6000000002241070071
6000000002244370573
6000000002244380726
6000000002244382002
6000000002244382010
6000000002244382197
6000000002244423853
6000000002244430783
6000000002245256428
6000000002245279564
6000000002245794809
6000000002246029006
6000000002247834869
6000000002248215232
6000000002250820522
6000000002253465789
6000000002254858143
6000000002262185474
6000000002265514179
6000000002266209421
6000000002266231326
6000000002266243417
6000000002267057563
6000000002267057631
6000000002267057681
6000000002267060138
6000000002267060757
6000000002267060763
6000000002267104023
6000000002267655245
6000000002267701247
6000000002272712396
6000000002274534030
6000000002274610910
6000000002274643322
6000000002274745467
6000000002275040410
6000000002275122205
6000000002275316103
6000000002275525871
6000000002276876575
6000000002277151794
6000000002277199907
6000000002277230905
6000000002277472620
6000000002277862058
6000000002277957043
6000000002278883206
6000000002280769128
6000000002280842017
6000000002290062220
6000000002290445635
6000000002290827232
6000000002290827454
6000000002290867232
6000000002290874853
6000000002290907506
6000000002294664410
6000000002294668478
6000000002294673954
6000000002294678588
6000000002294682707
6000000002294685019
6000000002294692848
6000000002294701503
6000000002294701623
6000000002294714055
6000000002294724459
6000000002294729415
6000000002294729643
6000000002299087535
6000000002301258522
6000000002301437734
6000000002304345688
6000000002304359012
6000000002304359761
6000000002304385911
6000000002311035328
6000000002311282143
6000000002311622834
6000000002313423848
6000000002313437334
6000000002313441745
6000000002313556153
6000000002314662740
6000000002315770064
6000000002315771288
6000000002315771644
6000000002315825794
6000000002315826000
6000000002317815933
6000000002318533609
6000000002319607678
6000000002319618004
6000000002319637849
6000000002319651372
6000000002321047948
6000000002322286347
6000000002322298231
6000000002322305236
6000000002322305307
6000000002322305318
6000000002322323932
6000000002322325900
6000000002322328873
6000000002322328966
6000000002322337031
6000000002322337040
6000000002322337149
6000000002325801401
6000000002325801413
6000000002325801622
6000000002325812273
6000000002325842230
6000000002325844196
6000000002325844220
6000000002325844350
6000000002325851160
6000000002325859280
6000000002325859340
6000000002325859388
6000000002330809317
6000000002330980548
6000000002334824980
6000000002336762453
6000000002336817873
6000000002338814474
6000000002340583078
6000000002342409509
6000000002342416311
6000000002350707457
6000000002350777345
6000000002351154284
6000000002351179300
6000000002351225275
6000000002354820589
6000000002359878185
6000000002359980770
6000000002359982526
6000000002363192047
6000000002367835068
6000000002372843490
6000000002372871449
6000000002372938168
6000000002374473351
6000000002376475916
6000000002376687013
6000000002376915521
6000000002377977487
6000000002379328497
6000000002384454507
6000000002384754616
6000000002386726593
6000000002386755371
6000000002387058317
6000000002387871596
6000000002389882772
6000000002389893491
6000000002389949616
6000000002390465965
6000000002390825722
6000000002390972936
6000000002391043188
6000000002391120029
6000000002391730403
6000000002391761511
6000000002391786177
6000000002398972975
6000000002400751999
6000000002400782615
6000000002400899638
6000000002401041923
6000000002401218202
6000000002404247239
6000000002404786243
6000000002406787749
6000000002408076362
6000000002409980939
6000000002414190571
6000000002415448137
6000000002416344770
6000000002416554006
6000000002419848818
6000000002425194953
6000000002425517089
6000000002433994667
6000000002434073593
6000000002434099128
6000000002434114228
6000000002434151612
6000000002434214184
6000000002435383373
6000000002441590664
6000000002441720163
6000000002441723192
6000000002442771476
6000000002444013586
6000000002444222960
6000000002444370499
6000000002444603148
6000000002447085644
6000000002447103086
6000000002447103414
6000000002447111337
6000000002447112218
6000000002447112225
6000000002447112231
6000000002447114415
6000000002447118587
6000000002447118646
6000000002447118722
6000000002447118729
6000000002447118766
6000000002447151170
6000000002447151242
6000000002447151249
6000000002447151255
6000000002447151267
6000000002447151279
6000000002447151285
6000000002447151292
6000000002447151297
6000000002447151342
6000000002447151466
6000000002447151472
6000000002447151484
6000000002447151495
6000000002447151501
6000000002447151507
6000000002447173603
6000000002447185479
6000000002447185492
6000000002447185585
6000000002447199544
6000000002447201187
6000000002447201212
6000000002447216903
6000000002447226022
6000000002447226027
6000000002447226037
6000000002447238260
6000000002447238266
6000000002447249269
6000000002447256295
6000000002447256925
6000000002447285385
6000000002447300286
6000000002447300293
6000000002447300300
6000000002447318448
6000000002447318469
6000000002447318474
6000000002447318484
6000000002447405119
6000000002447405127
6000000002447405135
6000000002447405872
6000000002447405878
6000000002447405884
6000000002447405890
6000000002447405896
6000000002447405903
6000000002447405951
6000000002447405987
6000000002447410108
6000000002447410115
6000000002450185944
6000000002451668143
6000000002451856672
6000000002452040360
6000000002452054472
6000000002452105394
6000000002452275206
6000000002452349858
6000000002452474727
6000000002452584078
6000000002452652264
6000000002452749009
6000000002453715498
6000000002455220066
6000000002457013227
6000000002459854209
6000000002459898566
6000000002459898762
6000000002459902739
6000000002459911719
6000000002459911959
6000000002459913855
6000000002459917510
6000000002459917962
6000000002459920044
6000000002459921196
6000000002459921501
6000000002459923049
6000000002461246164
6000000002462627020
6000000002462984066
6000000002463510938
6000000002463572172
6000000002463599358
6000000002466110291
6000000002469127338
6000000002478972119
6000000002481253260
6000000002481254239
6000000002481819312
6000000002482084257
6000000002482165558
6000000002482240141
6000000002484026683
6000000002486815631
6000000002486878863
6000000002486878870
6000000002486893441
6000000002486960851
6000000002487050265
6000000002487050272
6000000002487105553
6000000002487171769
6000000002487174304
6000000002487226402
6000000002487226409
6000000002487237609
6000000002487912490
6000000002487912497
6000000002491901093
6000000002491966816
6000000002491976606
6000000002492037845
6000000002492175066
6000000002492854053
6000000002502492239
6000000002502604289
6000000002503690044
6000000002512230550
6000000002512230575
6000000002512230586
6000000002512230594
6000000002512252466
6000000002512252605
6000000002512264965
6000000002512272005
6000000002512272407
6000000002512272644
6000000002512272940
6000000002512272956
6000000002512275448
6000000002512346178
6000000002512619756
6000000002513087788
6000000002514748909
6000000002515736290
6000000002515749552
6000000002515809784
6000000002516491354
6000000002516887127
6000000002516948021
6000000002517095903
6000000002517214344
6000000002517277135
6000000002517328114
6000000002517478779
6000000002517526271
6000000002517586322
6000000002517596849
6000000002517608452
6000000002517709679
6000000002517716512
6000000002517730432
6000000002517869069
6000000002517881160
6000000002527461568
6000000002527615054
6000000002527618911
6000000002527704016
6000000002527704657
6000000002527719897
6000000002527827214
6000000002527867003
6000000002528697383
6000000002528811414
6000000002528986882
6000000002529027570
6000000002529074581
6000000002529111363
6000000002529226678
6000000002529253796
6000000002529294939
6000000002529338324
6000000002529388161
6000000002529483422
6000000002529556190
6000000002529567288
6000000002529848268
6000000002531702901
6000000002531838996
6000000002531842672
6000000002531865430
6000000002531925658
6000000002532004077
6000000002537218978
6000000002539642741
6000000002539682915
6000000002539695280
6000000002539742333
6000000002543179010
6000000002543211227
6000000002543244556
6000000002543475272
6000000002543710922
6000000002543845267
6000000002544230482
6000000002544357469
6000000002549584487
6000000002549684410
6000000002550040469
6000000002550047716
6000000002550047887
6000000002550085232
6000000002550093392
6000000002550225209
6000000002550253028
6000000002553595095
6000000002553595660
6000000002553626711
6000000002553629301
6000000002553629374
6000000002553674429
6000000002553678303
6000000002553678539
6000000002553688769
6000000002553705181
6000000002553705439
6000000002553705444
6000000002561941844
6000000002562065773
6000000002562148538
6000000002562227538
6000000002562808393
6000000002566610371
6000000002572569993
6000000002572699392
6000000002572701505
6000000002572728015
6000000002572783163
6000000002572920173
6000000002574112716
6000000002574194585
6000000002574331178
6000000002575846076
6000000002576524196
6000000002576524733
6000000002576540714
6000000002576543901
6000000002576545224
6000000002576554814
6000000002576561981
6000000002576565303
6000000002576567322
6000000002576593155
6000000002576598419
6000000002576598559
6000000002576603046
6000000002576603313
6000000002576603716
6000000002576615236
6000000002576630304
6000000002576638570
6000000002576683788
6000000002576690316
6000000002576731664
6000000002576733346
6000000002576737536
6000000002576749321
6000000002576754400
6000000002576762387
6000000002576762562
6000000002576762730
6000000002576772299
6000000002576776270
6000000002576781657
6000000002576795488
6000000002576805430
6000000002576807561
6000000002576820445
6000000002577032099
6000000002577042648
6000000002577100490
6000000002577236533
6000000002580313631
6000000002580421483
6000000002580574495
6000000002580624712
6000000002588347233
6000000002590314744
6000000002598312728
6000000002598422917
6000000002598559753
6000000002598892743
6000000002601672538
6000000002601866292
6000000002601894005
6000000002603390302
6000000002603403656
6000000002603403806
6000000002603656225
6000000002603661739
6000000002603662038
6000000002603662248
6000000002603663840
6000000002606652260
6000000002612124257
6000000002613667605
6000000002614652459
6000000002614898918
6000000002615031284
6000000002615040302
6000000002615250010
6000000002615989696
6000000002615989703
6000000002621242041
6000000002623496687
6000000002624291556
6000000002626239586
6000000002630415055
6000000002634082703
6000000002634235493
6000000002634347389
6000000002634395179
6000000002634423034
6000000002639067642
6000000002639072428
6000000002639125362
6000000002639173229
6000000002639179149
6000000002639335062
6000000002644652306
6000000002649971235
6000000002650015019
6000000002650030267
6000000002658223353
6000000002665380834
6000000002665385190
6000000002665387117
6000000002665387787
6000000002665395177
6000000002665402337
6000000002665426645
6000000002665435687
6000000002665454322
6000000002665460338
6000000002665576740
6000000002666068093
6000000002666077548
6000000002666086010
6000000002666086020
6000000002667382661
6000000002667568141
6000000002681692072
6000000002690518458
6000000002702566641
6000000002702579023
6000000002702583351
6000000002702618897
6000000002702686350
6000000002710025750
6000000002713142517
6000000002713782836
6000000002713859419
6000000002714891907
6000000002715001561
6000000002715036670
6000000002715082777
6000000002715094693
6000000002715188670
6000000002715192907
6000000002717447808
6000000002717661003
6000000002719833027
6000000002725912954
6000000002726523229
6000000002726563287
6000000002726949480
6000000002726994497
6000000002729907273
6000000002730016528
6000000002734209702
6000000002734309041
6000000002734369194
6000000002735003375
6000000002735003381
6000000002735003478
6000000002735003819
6000000002736481790
6000000002736885122
6000000002738578723
6000000002738796089
6000000002738796094
6000000002738878359
6000000002738882440
6000000002739594651
6000000002739594658
6000000002739594906
6000000002741676388
6000000002744891329
6000000002745307588
6000000002746326164
6000000002748554800
6000000002748736793
6000000002748852108
6000000002750141103
6000000002750545795
6000000002754410308
6000000002756561323
6000000002763662362
6000000002764097413
6000000002764138186
6000000002765585765
6000000002765587966
6000000002766613426
6000000002766622028
6000000002766622277
6000000002771116176
6000000002771142573
6000000002771147156
6000000002771483257
6000000002774361183
6000000002775306168
6000000002784995641
6000000002788862927
6000000002791716644
6000000002791771362
6000000002792676037
6000000002792855120
6000000002792928084
6000000002795191002
6000000002795191365
6000000002801145781
6000000002801145791
6000000002801145810
6000000002801147179
6000000002801147186
6000000002801150346
6000000002801150379
6000000002801150408
6000000002801150416
6000000002801150442
6000000002801153737
6000000002801159496
6000000002805980938
6000000002806742588
6000000002806802424
6000000002806824216
6000000002807001834
6000000002807373039
6000000002808620436
6000000002811486315
6000000002818346407
6000000002824553068
6000000002827882946
6000000002828238089
6000000002828658772
6000000002833110277
6000000002833191342
6000000002833890772
6000000002834048221
6000000002834940732
6000000002835563724
6000000002836075198
6000000002836313613
6000000002836363103
6000000002836752273
6000000002836907243
6000000002837347746
6000000002837347753
6000000002837351087
6000000002837351244
6000000002837351971
6000000002837365073
6000000002837365079
6000000002837365744
6000000002837365751
6000000002837369355
6000000002837369366
6000000002837369447
6000000002837369992
6000000002837385756
6000000002837396239
6000000002837400709
6000000002837428279
6000000002837428286
6000000002837428616
6000000002837428638
6000000002837428936
6000000002837440699
6000000002837444716
6000000002837444731
6000000002837444739
6000000002837444930
6000000002837446630
6000000002837446636
6000000002837446642
6000000002837461009
6000000002837817879
6000000002837950523
6000000002838779948
6000000002838846255
6000000002838930512
6000000002838974324
6000000002847155262
6000000002847165416
6000000002847939706
6000000002853714474
6000000002858243157
6000000002858503641
6000000002858954507
6000000002859127222
6000000002859161410
6000000002859177255
6000000002859243084
6000000002860158739
6000000002860966094
6000000002862154674
6000000002866077692
6000000002866078652
6000000002866211467
6000000002866300605
6000000002866301405
6000000002866336261
6000000002866367282
6000000002869876309
6000000002870485321
6000000002872652959
6000000002876141661
6000000002876252499
6000000002876258135
6000000002876299717
6000000002876308365
6000000002876315288
6000000002876347353
6000000002876428367
6000000002876447557
6000000002876493159
6000000002876493282
6000000002876513226
6000000002881477002
6000000002882233045
6000000002888912311
6000000002889162728
6000000002889219669
6000000002889242591
6000000002889380984
6000000002889422335
6000000002889527878
6000000002889731178
6000000002889763029
6000000002889771781
6000000002889806119
6000000002889896573
6000000002890026515
6000000002892968440
6000000002892972098
6000000002892972159
6000000002893017593
6000000002893299110
6000000002893299272
6000000002893299279
6000000002893299341
6000000002893299372
6000000002893309570
6000000002893316227
6000000002893316583
6000000002893319431
6000000002893322314
6000000002893322873
6000000002893327285
6000000002893327899
6000000002893330286
6000000002893335701
6000000002893346298
6000000002893354688
6000000002893354938
6000000002893363529
6000000002893375079
6000000002893375646
6000000002893470105
6000000002893633995
6000000002893714406
6000000002893736112
6000000002893736126
6000000002893736155
6000000002893736162
6000000002903625978
6000000002903773792
6000000002904946068
6000000002905008805
6000000002905028643
6000000002905041149
6000000002905414370
6000000002906120518
6000000002906259856
6000000002906954937
6000000002908093903
6000000002908093959
6000000002908203502
6000000002908350106
6000000002908353759
6000000002908398545
6000000002908401402
6000000002908405372
6000000002908422794
6000000002908457303
6000000002908460122
6000000002908462085
6000000002908503077
6000000002908558226
6000000002908682261
6000000002909177734
6000000002909191795
6000000002909191840
6000000002916189513
6000000002916822985
6000000002916836425
6000000002916836500
6000000002919168070
6000000002931039490
6000000002931154851
6000000002931156059
6000000002936528955
6000000002936957256
6000000002938350506
6000000002938810414
6000000002940877547
6000000002941305140
6000000002941472775
6000000002941484402
6000000002941526819
6000000002941633144
6000000002943515159
6000000002944116185
6000000002946595430
6000000002946595521
6000000002946595651
6000000002947577496
6000000002951191547
6000000002951235630
6000000002951333766
6000000002951384499
6000000002951400641
6000000002951416187
6000000002951439741
6000000002951451939
6000000002951550914
6000000002951552308
6000000002953796651
6000000002954159006
6000000002955939859
6000000002956079662
6000000002956105262
6000000002957518468
6000000002958047781
6000000002962882392
6000000002962891477
6000000002962959486
6000000002963007634
6000000002963018172
6000000002963019092
6000000002963090106
6000000002963102099
6000000002963116599
6000000002963278331
6000000002963776885
6000000002963778934
6000000002963848857
6000000002963897777
6000000002964033825
6000000002964036948
6000000002964097237
6000000002964166116
6000000002964311859
6000000002964340989
6000000002964341318
6000000002964352135
6000000002964580592
6000000002964602422
6000000002964631313
6000000002964690254
6000000002964731255
6000000002964741348
6000000002964854377
6000000002966657477
6000000002967445747
6000000002968624707
6000000002968662186
6000000002976460830
6000000002977598935
6000000002979740903
6000000002979820300
6000000002979868893
6000000002979875042
6000000002979879011
6000000002979881675
6000000002979913200
6000000002979923910
6000000002979930748
6000000002979969991
6000000002980014649
6000000002980019814
6000000002980028871
6000000002980044449
6000000002980066672
6000000002980072447
6000000002980095957
6000000002980118124
6000000002980191996
6000000002980211013
6000000002991797769
6000000002998015969
6000000002998122170
6000000003002362756
6000000003003872009
6000000003008514344
6000000003008707305
6000000003010831423
6000000003010908781
6000000003012468747
6000000003014833450
6000000003014912389
6000000003014915431
6000000003015015208
6000000003015133826
6000000003023465455
6000000003023584352
6000000003023612855
6000000003023644719
6000000003023838149
6000000003023846219
6000000003023856057
6000000003023941406
6000000003024037744
6000000003024337817
6000000003024339622
6000000003024344900
6000000003024377692
6000000003024405533
6000000003024521524
6000000003024521712
6000000003024575223
6000000003024837560
6000000003024837590
6000000003025011914
6000000003025207487
6000000003025246946
6000000003025266324
6000000003025346625
6000000003025356494
6000000003025548346
6000000003025624517
6000000003025725880
6000000003025779755
6000000003025813846
6000000003025824980
6000000003025832970
6000000003025853747
6000000003025866430
6000000003025958323
6000000003026002824
6000000003026008879
6000000003026034126
6000000003026106673
6000000003026118982
6000000003026129951
6000000003026161221
6000000003026172382
6000000003026179304
6000000003026201822
6000000003026202046
6000000003026232158
6000000003026235279
6000000003026236112
6000000003026259127
6000000003035926837
6000000003036073169
6000000003036664249
6000000003036826248
6000000003036846037
6000000003036846286
6000000003036884911
6000000003036922503
6000000003036989568
6000000003039970580
6000000003041005869
6000000003041009007
6000000003041445917
6000000003041737234
6000000003041749135
6000000003041774076
6000000003041777729
6000000003041814017
6000000003042226162
6000000003042780354
6000000003042836306
6000000003043074471
6000000003043144156
6000000003043806217
6000000003043868925
6000000003047659421
6000000003049156212
6000000003049548759
6000000003049728025
6000000003051103282
6000000003051103667
6000000003051103712
6000000003051103794
6000000003051107313
6000000003051107855
6000000003051111414
6000000003051111570
6000000003051111784
6000000003051111805
6000000003051111819
6000000003051115349
6000000003051115873
6000000003051119749
6000000003051119805
6000000003051119930
6000000003051129728
6000000003051138305
6000000003051138424
6000000003051138960
6000000003051146604
6000000003051146777
6000000003051152306
6000000003051152338
6000000003051152696
6000000003051155925
6000000003051159727
6000000003051162103
6000000003051162476
6000000003051169265
6000000003051169280
6000000003051169829
6000000003051174055
6000000003051174231
6000000003051177088
6000000003051177357
6000000003051184265
6000000003051188019
6000000003051188309
6000000003051188582
6000000003051190009
6000000003051190183
6000000003051190270
6000000003051193758
6000000003051193769
6000000003051199039
6000000003051199044
6000000003051199072
6000000003051199594
6000000003051199794
6000000003051199817
6000000003051199960
6000000003051208075
6000000003051221357
6000000003051222217
6000000003051222308
6000000003051227292
6000000003051240105
6000000003051240485
6000000003051240533
6000000003051240545
6000000003051245269
6000000003051245360
6000000003051250763
6000000003051255891
6000000003051263516
6000000003051267140
6000000003051267152
6000000003051267193
6000000003051267456
6000000003051269509
6000000003051269589
6000000003051269601
6000000003051273715
6000000003051280970
6000000003051286591
6000000003051292460
6000000003051292494
6000000003051295005
6000000003051295083
6000000003051298283
6000000003051298770
6000000003051298876
6000000003051310224
6000000003051314749
6000000003051319923
6000000003051322583
6000000003051332299
6000000003051336798
6000000003055249866
6000000003055498767
6000000003056522441
6000000003058887170
6000000003061930478
6000000003062994857
6000000003067000469
6000000003067185677
6000000003073089673
6000000003076221220
6000000003076238678
6000000003076376661
6000000003077884337
6000000003078465244
6000000003078497332
6000000003078518128
6000000003080547162
6000000003086729391
6000000003086732914
6000000003086734979
6000000003086741929
6000000003086744188
6000000003086787234
6000000003086787266
6000000003086787577
6000000003086787636
6000000003086787695
6000000003086795212
6000000003086797714
6000000003086798187
6000000003086812448
6000000003086822697
6000000003086822722
6000000003086822730
6000000003086822746
6000000003086822762
6000000003086822770
6000000003086822786
6000000003086822811
6000000003086822906
6000000003086828004
6000000003086828193
6000000003086832778
6000000003086844445
6000000003086858851
6000000003086879965
6000000003086882540
6000000003086890618
6000000003086914752
6000000003086962615
6000000003086964439
6000000003086967414
6000000003087068393
6000000003087080306
6000000003087080560
6000000003087087241
6000000003087125859
6000000003087151850
6000000003087154137
6000000003087154289
6000000003087173165
6000000003087173499
6000000003087173515
6000000003087193528
6000000003087847287
6000000003088649491
6000000003093970307
6000000003094902453
6000000003094916237
6000000003094916245
6000000003094916337
6000000003094916356
6000000003094916363
6000000003094919467
6000000003094919474
6000000003094919509
6000000003094919828
6000000003094919845
6000000003094925200
6000000003094925551
6000000003094925561
6000000003094925606
6000000003094925915
6000000003094932619
6000000003094932624
6000000003094932669
6000000003094932993
6000000003094935011
6000000003094935020
6000000003094935053
6000000003094935070
6000000003094936831
6000000003094936883
6000000003094936898
6000000003094936943
6000000003094939620
6000000003094941507
6000000003094941842
6000000003094941910
6000000003094941935
6000000003094941944
6000000003094941958
6000000003094949411
6000000003094949882
6000000003094949890
6000000003094956087
6000000003094956093
6000000003094956123
6000000003094961449
6000000003094961709
6000000003094961773
6000000003094967060
6000000003094967068
6000000003094967990
6000000003094971035
6000000003094971118
6000000003094982190
6000000003094982285
6000000003094982293
6000000003094982301
6000000003095003918
6000000003095003925
6000000003095006400
6000000003095006480
6000000003095033447
6000000003095033937
6000000003095033949
6000000003095047808
6000000003095060379
6000000003095060461
6000000003095060728
6000000003095060749
6000000003095063223
6000000003095080182
6000000003095089978
6000000003095115436
6000000003095115472
6000000003095137297
6000000003095166367
6000000003095174167
6000000003095195002
6000000003095195051
6000000003095195060
6000000003095195068
6000000003095237260
6000000003095255586
6000000003095255594
6000000003095255673
6000000003095260318
6000000003097838126
6000000003097871490
6000000003097884850
6000000003097891610
6000000003097933445
6000000003097933853
6000000003098013944
6000000003098031833
6000000003098039131
6000000003098078015
6000000003098090354
6000000003098100093
6000000003098118211
6000000003098118619
6000000003098134905
6000000003098256598
6000000003099027666
6000000003099041600
6000000003099062700
6000000003101836534
6000000003101980999
6000000003102077916
6000000003102253400
6000000003102295068
6000000003105754852
6000000003106496432
6000000003111533668
6000000003111609932
6000000003111815364
6000000003112447162
6000000003112512353
6000000003112595234
6000000003112708544
6000000003112731602
6000000003112794945
6000000003113283096
6000000003113324832
6000000003116926743
6000000003120636568
6000000003122311912
6000000003122311972
6000000003122311977
6000000003122311996
6000000003122317015
6000000003122317058
6000000003122317064
6000000003122317075
6000000003122317139
6000000003122317166
6000000003122317191
6000000003122317208
6000000003122317213
6000000003122317220
6000000003122317227
6000000003122317234
6000000003122317241
6000000003122317370
6000000003122317441
6000000003122317499
6000000003122317723
6000000003122317858
6000000003122318803
6000000003122318809
6000000003122319829
6000000003122340199
6000000003122340228
6000000003122340655
6000000003122340696
6000000003122346460
6000000003122346525
6000000003122346868
6000000003122365056
6000000003122365394
6000000003122380671
6000000003122380683
6000000003122380689
6000000003122380899
6000000003122380904
6000000003122380914
6000000003122380919
6000000003122380924
6000000003122380935
6000000003122380941
6000000003122380947
6000000003122380953
6000000003122380959
6000000003122384400
6000000003122415919
6000000003122415925
6000000003122415930
6000000003122417043
6000000003122417431
6000000003122417525
6000000003122417694
6000000003122417699
6000000003122417727
6000000003122417747
6000000003122417788
6000000003122417794
6000000003122417817
6000000003122417834
6000000003122417840
6000000003122417846
6000000003122417851
6000000003122417857
6000000003122417904
6000000003122417916
6000000003122417939
6000000003122417973
6000000003122422021
6000000003122422071
6000000003122422077
6000000003122422092
6000000003122422116
6000000003122422142
6000000003122422154
6000000003122422214
6000000003122422802
6000000003122422812
6000000003122422922
6000000003122422950
6000000003122422955
6000000003122422971
6000000003122422977
6000000003122427191
6000000003122427196
6000000003122427255
6000000003122427458
6000000003122427486
6000000003122427549
6000000003122427560
6000000003122429866
6000000003122429890
6000000003122429896
6000000003122429950
6000000003122431379
6000000003122431457
6000000003122431625
6000000003122431641
6000000003122431695
6000000003122431752
6000000003122442698
6000000003122442973
6000000003122446437
6000000003122450012
6000000003122453417
6000000003122459488
6000000003122459498
6000000003122477416
6000000003122483227
6000000003122483248
6000000003122483260
6000000003122483655
6000000003122483668
6000000003122556780
6000000003122611569
6000000003124940977
6000000003125099976
6000000003125391522
6000000003125438035
6000000003126229831
6000000003136577998
6000000003136693183
6000000003136710411
6000000003136829798
6000000003136883525
6000000003139134965
6000000003139804687
6000000003139948837
6000000003139988722
6000000003140127923
6000000003140274840
6000000003140444017
6000000003140444100
6000000003146107101
6000000003146115119
6000000003146136754
6000000003146930329
6000000003146930404
6000000003146938350
6000000003146938406
6000000003146938428
6000000003146938979
6000000003146946278
6000000003146948079
6000000003146948304
6000000003146957164
6000000003146957188
6000000003146957658
6000000003146960002
6000000003146960055
6000000003146960183
6000000003146960249
6000000003146960279
6000000003146960462
6000000003146963469
6000000003146963485
6000000003146963492
6000000003146965229
6000000003146970443
6000000003146970482
6000000003146970753
6000000003147113550
6000000003147191246
6000000003147191461
6000000003149169223
6000000003150225710
6000000003150347522
6000000003150391359
6000000003151159097
6000000003151941079
6000000003152354706
6000000003152410248
6000000003152425037
6000000003152511225
6000000003158711375
6000000003160902346
6000000003162452948
6000000003162606706
6000000003162666571
6000000003163569395
6000000003163597464
6000000003163612452
6000000003163617049
6000000003163646162
6000000003163652304
6000000003163659183
6000000003163659989
6000000003163661393
6000000003163663948
6000000003163702778
6000000003163706915
6000000003163720482
6000000003163765013
6000000003163809385
6000000003163811145
6000000003163813604
6000000003163813719
6000000003163821813
6000000003163881171
6000000003163967565
6000000003166139147
6000000003166148300
6000000003166349540
6000000003166417414
6000000003168965773
6000000003169545362
6000000003170939956
6000000003170976746
6000000003171498734
6000000003171686282
6000000003171945710
6000000003172069252
6000000003174773475
6000000003174783638
6000000003174784589
6000000003174872002
6000000003174929225
6000000003174982252
6000000003175010287
6000000003176940942
6000000003176981778
6000000003177635166
6000000003177832215
6000000003177885248
6000000003177905048
6000000003177926716
6000000003184752153
6000000003187702844
6000000003187728773
6000000003187817221
6000000003188071238
6000000003194276505
6000000003194402153
6000000003194716276
6000000003195477790
6000000003199738451
6000000003204433619
6000000003204913916
6000000003206352927
6000000003206875154
6000000003206876147
6000000003206911318
6000000003209438490
6000000003210257574
6000000003210287860
6000000003210301052
6000000003210322251
6000000003210322639
6000000003210376189
6000000003210414577
6000000003215053006
6000000003215138011
6000000003218167955
6000000003218383241
6000000003219686363
6000000003219688241
6000000003219688293
6000000003219690437
6000000003219690637
6000000003219700799
6000000003219704356
6000000003219709345
6000000003219753357
6000000003219753382
6000000003219768076
6000000003219768111
6000000003219772256
6000000003219772291
6000000003219788110
6000000003219788977
6000000003219792459
6000000003219792467
6000000003219862251
6000000003220313434
6000000003220313927
6000000003220314158
6000000003220314374
6000000003220314873
6000000003220491541
6000000003220550113
6000000003220670973
6000000003221138548
6000000003222440660
6000000003226679150
6000000003230348505
6000000003232499851
6000000003232501726
6000000003232505936
6000000003232509164
6000000003232509397
6000000003232509458
6000000003232509478
6000000003232509607
6000000003232538566
6000000003232545902
6000000003232558589
6000000003232561048
6000000003232563277
6000000003232579507
6000000003232579946
6000000003232678112
6000000003232678132
6000000003232678829
6000000003232678856
6000000003232683779
6000000003232683856
6000000003232699898
6000000003232714442
6000000003233882803
6000000003234018546
6000000003241821433
6000000003242376844
6000000003242431792
6000000003242497343
6000000003242498183
6000000003242524599
6000000003242540341
6000000003242819650
6000000003242899850
6000000003242899865
6000000003242903091
6000000003243001370
6000000003243001900
6000000003243010852
6000000003243017717
6000000003243041531
6000000003243079601
6000000003243087719
6000000003243087859
6000000003243095127
6000000003243103165
6000000003243103207
6000000003243112291
6000000003243167357
6000000003243181857
6000000003243181864
6000000003243181928
6000000003243185408
6000000003243197306
6000000003243197327
6000000003243197392
6000000003243207119
6000000003243213054
6000000003243213152
6000000003243309212
6000000003243318114
6000000003243318197
6000000003243318225
6000000003243318232
6000000003243318255
6000000003243318293
6000000003243367319
6000000003243378715
6000000003243378877
6000000003243395372
6000000003243400214
6000000003243400291
6000000003243400326
6000000003243400873
6000000003243418345
6000000003243418415
6000000003243429224
6000000003243439507
6000000003243439624
6000000003243441055
6000000003243441105
6000000003243441216
6000000003243441451
6000000003243441459
6000000003243447118
6000000003243447188
6000000003243447414
6000000003243447496
6000000003243447534
6000000003243483198
6000000003243483210
6000000003243483251
6000000003243483277
6000000003243489454
6000000003243489499
6000000003243493325
6000000003243493411
6000000003243493433
6000000003243493460
6000000003243493509
6000000003243493530
6000000003243493538
6000000003251725930
6000000003253083052
6000000003253089650
6000000003253221444
6000000003253231975
6000000003253261775
6000000003253373029
6000000003253385104
6000000003253460860
6000000003253466195
6000000003253539762
6000000003253601093
6000000003253726139
6000000003256451849
6000000003261687806
6000000003264490863
6000000003264494814
6000000003265385465
6000000003265389645
6000000003265432515
6000000003268059646
6000000003268106570
6000000003272727563
6000000003273013428
6000000003273047444
6000000003273401322
6000000003273401469
6000000003273404861
6000000003273414061
6000000003273414404
6000000003273414430
6000000003273414437
6000000003273414577
6000000003273415906
6000000003273849245
6000000003273921067
6000000003274095104
6000000003274238035
6000000003274446261
6000000003274543045
6000000003277299457
6000000003278739001
6000000003281256924
6000000003282478062
6000000003285093567
6000000003285161266
6000000003285211232
6000000003287668210
6000000003287810968
6000000003296904115
6000000003296909013
6000000003299251866
6000000003299268661
6000000003299275112
6000000003299280458
6000000003299310465
6000000003299316148
6000000003299380626
6000000003299385326
6000000003299392737
6000000003299401201
6000000003300394986
6000000003300400465
6000000003301862845
6000000003301975018
6000000003302337846
6000000003306282722
6000000003309293163
6000000003310538849
6000000003310618661
6000000003310725016
6000000003311986861
6000000003315775479
6000000003315892160
6000000003317425624
6000000003317437763
6000000003318435827
6000000003318485680
6000000003318525381
6000000003318546921
6000000003318663004
6000000003319269144
6000000003320572226
6000000003321884217
6000000003331926627
6000000003332585681
6000000003332614802
6000000003332684323
6000000003332684408
6000000003332696353
6000000003332737016
6000000003332793655
6000000003332799114
6000000003332823073
6000000003341415472
6000000003342027899
6000000003342180520
6000000003342295232
6000000003343488225
6000000003343963830
6000000003344187038
6000000003344209898
6000000003345219305
6000000003345263234
6000000003345275484
6000000003345295098
6000000003346840239
6000000003349243920
6000000003349295306
6000000003349367528
6000000003349637351
6000000003349733094
6000000003349982019
6000000003350115352
6000000003353148560
6000000003353888961
6000000003358162246
6000000003358192683
6000000003363837963
6000000003363957873
6000000003363958831
6000000003364132298
6000000003364739798
6000000003364892329
6000000003366838592
6000000003367644751
6000000003369194917
6000000003369294709
6000000003369438003
6000000003376377487
6000000003376442169
6000000003376453205
6000000003377660936
6000000003378081904
6000000003378492645
6000000003378670599
6000000003379304675
6000000003382397676
6000000003382488591
6000000003388622997
6000000003388808357
6000000003388821488
6000000003388846130
6000000003390264867
6000000003390436838
6000000003390674271
6000000003390696871
6000000003390698271
6000000003390720085
6000000003391134853
6000000003391184275
6000000003396991638
6000000003396994659
6000000003397003322
6000000003401838954
6000000003403245880
6000000003411936482
6000000003413353678
6000000003413439886
6000000003414518688
6000000003414711727
6000000003417413783
6000000003417416223
6000000003417416241
6000000003418420404
6000000003418900347
6000000003419004040
6000000003422289517
6000000003423203044
6000000003430625950
6000000003432521882
6000000003434950537
6000000003443415091
6000000003446378748
6000000003446499867
6000000003454383180
6000000003454836739
6000000003455608992
6000000003455773411
6000000003455862721
6000000003456051444
6000000003458293605
6000000003459454912
6000000003459553147
6000000003463545474
6000000003463610943
6000000003463689273
6000000003464423745
6000000003464499235
6000000003465656291
6000000003466257348
6000000003472274918
6000000003472446950
6000000003472734379
6000000003472754347
6000000003478386805
6000000003478592449
6000000003478679330
6000000003480044271
6000000003480138129
6000000003480138412
6000000003480431119
6000000003481828848
6000000003481828861
6000000003481828867
6000000003481828874
6000000003481828915
6000000003481828921
6000000003481828998
6000000003481830004
6000000003481830010
6000000003481830016
6000000003481830022
6000000003481830028
6000000003481830046
6000000003481830052
6000000003481830058
6000000003481830064
6000000003481830094
6000000003481830106
6000000003481830160
6000000003481830208
6000000003481830220
6000000003481830669
6000000003483571445
6000000003483590544
6000000003483609524
6000000003483631330
6000000003483640767
6000000003483647707
6000000003483666375
6000000003483689122
6000000003483699152
6000000003483741013
6000000003483749160
6000000003483750144
6000000003483783114
6000000003483825112
6000000003484264362
6000000003484264368
6000000003484265294
6000000003484293258
6000000003484293276
6000000003484293288
6000000003484293306
6000000003484293312
6000000003485711652
6000000003485828468
6000000003485844586
6000000003485919405
6000000003485948042
6000000003487761513
6000000003487836475
6000000003490571737
6000000003491193955
6000000003491933551
6000000003491940778
6000000003491940938
6000000003491940946
6000000003491940979
6000000003491940987
6000000003491944060
6000000003491944585
6000000003491944598
6000000003491944615
6000000003491944748
6000000003491944756
6000000003491944813
6000000003491944826
6000000003491944839
6000000003491944852
6000000003491944857
6000000003491944905
6000000003491944918
6000000003491944956
6000000003491947603
6000000003491947608
6000000003491947696
6000000003491954788
6000000003491954793
6000000003491958307
6000000003491976521
6000000003491998022
6000000003492007823
6000000003492007883
6000000003492033550
6000000003492033558
6000000003492033590
6000000003492033716
6000000003492033721
6000000003492033746
6000000003492033761
6000000003492037459
6000000003492037474
6000000003492037553
6000000003492037569
6000000003492037584
6000000003492037642
6000000003492037893
6000000003492037898
6000000003492037903
6000000003492045036
6000000003492045766
6000000003492045771
6000000003492045839
6000000003492045949
6000000003492045969
6000000003492045974
6000000003492049059
6000000003492049072
6000000003492049172
6000000003492049187
6000000003492049202
6000000003492049305
6000000003492049315
6000000003492049325
6000000003492049696
6000000003492049733
6000000003492049738
6000000003492049758
6000000003492049893
6000000003492049901
6000000003492049931
6000000003492055117
6000000003492057190
6000000003492057200
6000000003492057333
6000000003492057345
6000000003492057350
6000000003492057360
6000000003492057612
6000000003492057914
6000000003492064675
6000000003492068255
6000000003492072171
6000000003492072263
6000000003492074828
6000000003492077393
6000000003492093192
6000000003492877476
6000000003493086531
6000000003493086593
6000000003493086926
6000000003493086934
6000000003493089016
6000000003493089024
6000000003493089032
6000000003493089144
6000000003493089182
6000000003493089663
6000000003493089677
6000000003493089748
6000000003493089755
6000000003493089771
6000000003493089903
6000000003493092898
6000000003493098501
6000000003493098560
6000000003493098627
6000000003493098685
6000000003493098691
6000000003493098697
6000000003493098703
6000000003493107260
6000000003493116038
6000000003493116045
6000000003493116167
6000000003493116393
6000000003493116576
6000000003493116583
6000000003493116657
6000000003493121303
6000000003493121364
6000000003493155443
6000000003493155588
6000000003493155609
6000000003493169597
6000000003493171093
6000000003493171476
6000000003493171505
6000000003493171526
6000000003493171533
6000000003493171560
6000000003493171581
6000000003493171588
6000000003493171624
6000000003493171632
6000000003493174689
6000000003493174696
6000000003493176482
6000000003493176544
6000000003493218891
6000000003493218905
6000000003493220220
6000000003493220228
6000000003493243271
6000000003493255793
6000000003493284645
6000000003493284681
6000000003493287333
6000000003493292995
6000000003493301431
6000000003493301633
6000000003493396043
6000000003493396354
6000000003493396385
6000000003493476055
6000000003493476122
6000000003493476129
6000000003493476136
6000000003493476163
6000000003494646294
6000000003494660055
6000000003494689477
6000000003494689958
6000000003494694473
6000000003494694500
6000000003494694746
6000000003494695157
6000000003494695545
6000000003494697312
6000000003494698496
6000000003494698599
6000000003494707637
6000000003494707647
6000000003494715786
6000000003494724074
6000000003494734403
6000000003494740586
6000000003494757665
6000000003494757809
6000000003494761631
6000000003494762156
6000000003494762384
6000000003494765080
6000000003494769129
6000000003494769643
6000000003494769835
6000000003494769900
6000000003494770004
6000000003494770047
6000000003494770090
6000000003494770314
6000000003494770356
6000000003494770588
6000000003494770673
6000000003494770682
6000000003494774580
6000000003494774759
6000000003494774947
6000000003494774957
6000000003494774978
6000000003494777105
6000000003494777697
6000000003495278649
6000000003495278728
6000000003495280408
6000000003495300745
6000000003495312813
6000000003495315312
6000000003495315400
6000000003495315961
6000000003495320179
6000000003495320909
6000000003495325510
6000000003495325605
6000000003495325673
6000000003495348447
6000000003495348795
6000000003495348806
6000000003495348827
6000000003495367551
6000000003495371529
6000000003495384814
6000000003495389288
6000000003495389304
6000000003495391016
6000000003495391046
6000000003495391376
6000000003495391396
6000000003495393409
6000000003495393431
6000000003495393534
6000000003495393701
6000000003495393952
6000000003495402013
6000000003495402182
6000000003495402214
6000000003495409715
6000000003495414198
6000000003495414261
6000000003495414717
6000000003503676462
6000000003504974493
6000000003505812453
6000000003506548107
6000000003508576925
6000000003508591911
6000000003509153197
6000000003513052196
6000000003513088076
6000000003513088730
6000000003513145688
6000000003513155538
6000000003513191421
6000000003513219135
6000000003513370805
6000000003513602927
6000000003513651138
6000000003513731372
6000000003513731919
6000000003513749928
6000000003513940659
6000000003513940666
6000000003514004594
6000000003514004600
6000000003514212018
6000000003514212025
6000000003514384470
6000000003514600596
6000000003514600603
6000000003514672721
6000000003514717336
6000000003514789843
6000000003515021714
6000000003521266933
6000000003523986134
6000000003524014679
6000000003527576918
6000000003531090432
6000000003531113316
6000000003535524621
6000000003537956153
6000000003539392006
6000000003541275940
6000000003541275955
6000000003542370460
6000000003559734445
6000000003562237688
6000000003570049107
6000000003570095518
6000000003570375945
6000000003570382568
6000000003570382580
6000000003570382603
6000000003570388001
6000000003570388031
6000000003570388046
6000000003570388980
6000000003570398165
6000000003570398395
6000000003570398925
6000000003570398950
6000000003570398985
6000000003570398990
6000000003570406010
6000000003570406030
6000000003570406040
6000000003570406060
6000000003570406425
6000000003570406543
6000000003570757906
6000000003572237554
6000000003573235605
6000000003573455718
6000000003573490143
6000000003573917389
6000000003573935087
6000000003574049805
6000000003574235264
6000000003575290734
6000000003575836084
6000000003578848967
6000000003579256955
6000000003580744527
6000000003580928225
6000000003582502504
6000000003588779471
6000000003588893167
6000000003589069943
6000000003589069950
6000000003589098659
6000000003589231271
6000000003589270190
6000000003589272124
6000000003589272131
6000000003589285015
6000000003589506974
6000000003589539242
6000000003589742141
6000000003589792063
6000000003589833623
6000000003590563629
6000000003591953999
6000000003592211280
6000000003593722552
6000000003593750913
6000000003593758424
6000000003593822183
6000000003601184168
6000000003601184376
6000000003601184398
6000000003602165145
6000000003603024090
6000000003603024097
6000000003603098054
6000000003604943896
6000000003604972820
6000000003605293243
6000000003605615728
6000000003605806538
6000000003608919348
6000000003614102983
6000000003614420649
6000000003615007865
6000000003615309015
6000000003615405155
6000000003615417006
6000000003615569907
6000000003615712536
6000000003615721196
6000000003615724945
6000000003615788327
6000000003615807137
6000000003615836727
6000000003616518558
6000000003616762507
6000000003617917013
6000000003619227847
6000000003619258267
6000000003620958566
6000000003629156476
6000000003629167131
6000000003629167138
6000000003629173165
6000000003633557497
6000000003635705648
6000000003635727790
6000000003635746575
6000000003637312051
6000000003637312351
6000000003637326421
6000000003637326569
6000000003637342101
6000000003637342160
6000000003637342779
6000000003637342831
6000000003637345011
6000000003637345331
6000000003637345618
6000000003637345654
6000000003637361339
6000000003637361350
6000000003637361355
6000000003637361534
6000000003637361593
6000000003637361641
6000000003637361652
6000000003637361801
6000000003637361887
6000000003637365337
6000000003637367077
6000000003637367921
6000000003637367931
6000000003637367977
6000000003637371036
6000000003637371901
6000000003637377188
6000000003637377193
6000000003637377332
6000000003637377615
6000000003637377815
6000000003637377825
6000000003637377831
6000000003637377847
6000000003637381284
6000000003637381289
6000000003637383639
6000000003637388752
6000000003645671274
6000000003645671786
6000000003645672375
6000000003645672389
6000000003645672529
6000000003645672596
6000000003645672658
6000000003645672670
6000000003645672860
6000000003645672881
6000000003645683166
6000000003645683201
6000000003645683213
6000000003645683220
6000000003645683251
6000000003645683278
6000000003645683288
6000000003645683308
6000000003645683322
6000000003645683608
6000000003645683752
6000000003645692144
6000000003645692292
6000000003645697062
6000000003645697077
6000000003645697313
6000000003645697319
6000000003645707918
6000000003645712148
6000000003645712292
6000000003645712904
6000000003645716626
6000000003645716928
6000000003645724209
6000000003645724364
6000000003645724412
6000000003645724426
6000000003645724433
6000000003645724447
6000000003645724693
6000000003645724700
6000000003645734140
6000000003645734242
6000000003645734375
6000000003645734381
6000000003645734389
6000000003645734414
6000000003645734748
6000000003645734784
6000000003645734792
6000000003645746098
6000000003645746233
6000000003645746292
6000000003645746452
6000000003645746465
6000000003645746472
6000000003645746479
6000000003645746520
6000000003645746687
6000000003645746708
6000000003645753292
6000000003645753891
6000000003645753962
6000000003645760032
6000000003645760154
6000000003645760161
6000000003645760175
6000000003645760916
6000000003645760991
6000000003645765375
6000000003645765568
6000000003645765617
6000000003645772501
6000000003645772508
6000000003645772822
6000000003645772841
6000000003645772914
6000000003645772920
6000000003645772949
6000000003645772957
6000000003645775298
6000000003645782588
6000000003645782595
6000000003645782754
6000000003645782768
6000000003645782783
6000000003645788750
6000000003645797555
6000000003645797582
6000000003645797643
6000000003645797648
6000000003645797682
6000000003645797689
6000000003645797757
6000000003645797856
6000000003645811056
6000000003645811364
6000000003645811619
6000000003645818905
6000000003645825196
6000000003645825338
6000000003645825345
6000000003645825356
6000000003645825784
6000000003645825882
6000000003645832206
6000000003645832264
6000000003645832358
6000000003645832482
6000000003645832488
6000000003645839886
6000000003645847615
6000000003645847638
6000000003645847650
6000000003645847670
6000000003645847693
6000000003645847714
6000000003645847749
6000000003645847827
6000000003645853602
6000000003645853615
6000000003645853628
6000000003645853635
6000000003645853653
6000000003645853666
6000000003645853688
6000000003645853693
6000000003645853699
6000000003645853704
6000000003645853743
6000000003645859156
6000000003645859178
6000000003645859280
6000000003645859300
6000000003645859311
6000000003645859344
6000000003645859795
6000000003645859805
6000000003645870055
6000000003645870070
6000000003645870789
6000000003645870795
6000000003645870800
6000000003645870815
6000000003645877457
6000000003645877480
6000000003645877507
6000000003645890209
6000000003645890224
6000000003645890323
6000000003645896177
6000000003645896605
6000000003645906403
6000000003645906415
6000000003645906428
6000000003645906433
6000000003645906440
6000000003645906447
6000000003645906477
6000000003645908101
6000000003645908106
6000000003645908111
6000000003645908141
6000000003645908243
6000000003645908266
6000000003645908276
6000000003645908291
6000000003645908381
6000000003645908452
6000000003645908512
6000000003645908552
6000000003645908602
6000000003645908622
6000000003645908825
6000000003645908999
6000000003645912083
6000000003645912098
6000000003645912103
6000000003645912369
6000000003645912444
6000000003645912449
6000000003645912454
6000000003645912459
6000000003645912464
6000000003645915181
6000000003645919259
6000000003645919420
6000000003645919492
6000000003645919544
6000000003645919625
6000000003645919739
6000000003645919781
6000000003645919933
6000000003645919948
6000000003645929130
6000000003645929651
6000000003645940658
6000000003645966944
6000000003645977045
6000000003645977975
6000000003645985053
6000000003645985234
6000000003645989712
6000000003645989767
6000000003645997068
6000000003645997093
6000000003645997105
6000000003646004191
6000000003646004196
6000000003646023372
6000000003646023820
6000000003646023907
6000000003646023917
6000000003646023922
6000000003646023927
6000000003646032424
6000000003646032439
6000000003646057180
6000000003646057185
6000000003646057190
6000000003646057200
6000000003646057808
6000000003649630147
6000000003649630493
6000000003649630880
6000000003649638204
6000000003649638540
6000000003649638716
6000000003649663347
6000000003649666284
6000000003649666694
6000000003649673791
6000000003649677559
6000000003649683533
6000000003649687400
6000000003649687777
6000000003649687931
6000000003649692023
6000000003649701076
6000000003649701667
6000000003649715986
6000000003649728934
6000000003649734134
6000000003649742160
6000000003649777546
6000000003649784642
6000000003649784809
6000000003649784890
6000000003649784924
6000000003650774481
6000000003654174584
6000000003654174591
6000000003654203625
6000000003654208976
6000000003654213936
6000000003654442343
6000000003654478041
6000000003654524224
6000000003654527702
6000000003654581141
6000000003654705814
6000000003654721567
6000000003654832299
6000000003654832306
6000000003658774967
6000000003658809066
6000000003659008877
6000000003659008937
6000000003659008943
6000000003659827365
6000000003659887082
6000000003660469168
6000000003665048100
6000000003675058346
6000000003680130388
6000000003681515180
6000000003682987744
6000000003682987754
6000000003682987764
6000000003683679920
6000000003684097114
6000000003685558843
6000000003685628675
6000000003685895479
6000000003685912412
6000000003685955699
6000000003688058509
6000000003690471428
6000000003690688519
6000000003690689362
6000000003690729300
6000000003690755075
6000000003690773049
6000000003693995109
6000000003695602736
6000000003695843572
6000000003696065270
6000000003696065448
6000000003696092177
6000000003696100411
6000000003696122731
6000000003696158386
6000000003696318556
6000000003696396391
6000000003697285321
6000000003697393244
6000000003697525277
6000000003699723182
6000000003701757499
6000000003708521708
6000000003708611465
6000000003713654053
6000000003713879074
6000000003714562119
6000000003714576466
6000000003714580449
6000000003715297906
6000000003726054418
6000000003726141100
6000000003726334365
6000000003726379301
6000000003726476051
6000000003732806293
6000000003733576547
6000000003736739418
6000000003736751234
6000000003736812278
6000000003737429175
6000000003741916756
6000000003742093806
6000000003742102823
6000000003743377648
6000000003744582950
6000000003744610354
6000000003744619290
6000000003747936001
6000000003748720870
6000000003748795548
6000000003748804867
6000000003748885357
6000000003748885364
6000000003748960079
6000000003748960086
6000000003749003238
6000000003749258160
6000000003749268309
6000000003760873898
6000000003761389504
6000000003761694375
6000000003761700243
6000000003768386624
6000000003768392839
6000000003769443228
6000000003769716126
6000000003770124369
6000000003770209204
6000000003770454437
6000000003771781380
6000000003772363151
6000000003772369252
6000000003772378345
6000000003772396356
6000000003772404490
6000000003772887097
6000000003772993409
6000000003773262363
6000000003773268201
6000000003773899334
6000000003774471997
6000000003774668190
6000000003774670041
6000000003774709416
6000000003774709423
6000000003774717487
6000000003774828372
6000000003774828404
6000000003782918416
6000000003783022260
6000000003783023344
6000000003783146114
6000000003784237528
6000000003784251716
6000000003784264646
6000000003784264703
6000000003784317157
6000000003784346124
6000000003784400115
6000000003784428066
6000000003784435027
6000000003785131297
6000000003785930108
6000000003795440235
6000000003795473559
6000000003795775682
6000000003796084949
6000000003796163262
6000000003796167907
6000000003796205260
6000000003796205291
6000000003796205428
6000000003796205452
6000000003796342273
6000000003796353583
6000000003796454425
6000000003796459628
6000000003796498990
6000000003796618137
6000000003801656372
6000000003801815067
6000000003802574644
6000000003802659389
6000000003802818028
6000000003805720033
6000000003807557357
6000000003807598493
6000000003807601040
6000000003816916461
6000000003820929909
6000000003820948401
6000000003820948410
6000000003820948433
6000000003820948450
6000000003820948457
6000000003820948467
6000000003820948474
6000000003820948892
6000000003820951431
6000000003820953038
6000000003820953148
6000000003820968553
6000000003820968814
6000000003820968938
6000000003820968955
6000000003820968965
6000000003820968980
6000000003820968985
6000000003820968990
6000000003820973008
6000000003820973016
6000000003820973115
6000000003820973890
6000000003820980882
6000000003820985279
6000000003821039045
6000000003821039342
6000000003826380980
6000000003826482905
6000000003826814612
6000000003827018968
6000000003827043273
6000000003827136150
6000000003827136164
6000000003827138223
6000000003827138372
6000000003827138392
6000000003827147216
6000000003827147258
6000000003827147277
6000000003827147867
6000000003827151318
6000000003827151573
6000000003827151872
6000000003827153004
6000000003827153040
6000000003827153047
6000000003827153521
6000000003827153608
6000000003827153614
6000000003827153654
6000000003827153762
6000000003827153796
6000000003827153888
6000000003827158093
6000000003827158148
6000000003827158200
6000000003827158235
6000000003827158242
6000000003827158317
6000000003827158388
6000000003827158402
6000000003827158783
6000000003827158853
6000000003827158902
6000000003827167192
6000000003827167258
6000000003827167316
6000000003827167797
6000000003827167803
6000000003827167854
6000000003827181035
6000000003827181172
6000000003827181839
6000000003827181845
6000000003827181861
6000000003827181867
6000000003827181979
6000000003827188641
6000000003827188903
6000000003827191440
6000000003827191918
6000000003827217451
6000000003827217663
6000000003827225491
6000000003827225773
6000000003827234781
6000000003827237317
6000000003827237365
6000000003827237744
6000000003827237758
6000000003827246108
6000000003827246936
6000000003827252189
6000000003827252635
6000000003827258013
6000000003827258990
6000000003827258997
6000000003827260192
6000000003827263149
6000000003827263396
6000000003827263685
6000000003827263846
6000000003827270977
6000000003827270984
6000000003827270991
6000000003827274019
6000000003827274145
6000000003827274193
6000000003827274351
6000000003827274762
6000000003827274768
6000000003827280089
6000000003827280439
6000000003827280453
6000000003827280468
6000000003827280482
6000000003827280489
6000000003827280772
6000000003827280792
6000000003827280827
6000000003827288074
6000000003827288095
6000000003827288540
6000000003827294480
6000000003827294571
6000000003827294636
6000000003827294753
6000000003827294829
6000000003827300347
6000000003827305179
6000000003827305200
6000000003827305221
6000000003827305227
6000000003827305266
6000000003827305326
6000000003827305354
6000000003827305535
6000000003827305543
6000000003827305565
6000000003827305605
6000000003827305685
6000000003827305841
6000000003827305897
6000000003827305904
6000000003827309346
6000000003827309628
6000000003827315463
6000000003827315746
6000000003827315938
6000000003827315945
6000000003827315951
6000000003827315957
6000000003827315969
6000000003827320312
6000000003827320390
6000000003827320396
6000000003827320456
6000000003827324882
6000000003827328078
6000000003827328200
6000000003827328227
6000000003827328276
6000000003827328699
6000000003827328830
6000000003827328896
6000000003827328903
6000000003827328992
6000000003827330068
6000000003827330158
6000000003827330256
6000000003827330467
6000000003827330596
6000000003827335903
6000000003827339229
6000000003827339236
6000000003827339306
6000000003827339924
6000000003827342056
6000000003827342068
6000000003827342386
6000000003827346894
6000000003827355753
6000000003827355788
6000000003827355867
6000000003827355907
6000000003827359277
6000000003827359403
6000000003827359446
6000000003827359559
6000000003827359630
6000000003827359914
6000000003827359969
6000000003827359988
6000000003827359995
6000000003827363002
6000000003827363017
6000000003827363337
6000000003827363516
6000000003827363536
6000000003827363543
6000000003827363595
6000000003827363615
6000000003827363671
6000000003827363678
6000000003827363721
6000000003827363750
6000000003827363786
6000000003827363831
6000000003827363838
6000000003827363845
6000000003827363859
6000000003827363880
6000000003827363949
6000000003827363999
6000000003827368020
6000000003827368048
6000000003827368091
6000000003827368098
6000000003827368104
6000000003827368130
6000000003827368137
6000000003827368207
6000000003827368213
6000000003827368233
6000000003827368274
6000000003827368448
6000000003827368455
6000000003827368462
6000000003827368538
6000000003827368566
6000000003827368613
6000000003827368620
6000000003827374118
6000000003827374125
6000000003827374365
6000000003827384209
6000000003827384234
6000000003827384413
6000000003827384449
6000000003827384456
6000000003827384814
6000000003827384826
6000000003827384930
6000000003827384937
6000000003827387085
6000000003827387107
6000000003827387521
6000000003827387528
6000000003827394145
6000000003827394180
6000000003827400041
6000000003827400123
6000000003827400152
6000000003827400158
6000000003827400235
6000000003827400343
6000000003827400350
6000000003827400357
6000000003827400365
6000000003827400471
6000000003827400478
6000000003827400485
6000000003827400498
6000000003827400708
6000000003827400761
6000000003827402301
6000000003827409111
6000000003827409117
6000000003827409138
6000000003827409144
6000000003827409293
6000000003827414453
6000000003827424190
6000000003827424214
6000000003827424296
6000000003827424393
6000000003827424467
6000000003827424515
6000000003827424680
6000000003827424809
6000000003827424816
6000000003827424830
6000000003827424837
6000000003827424858
6000000003827424865
6000000003827424872
6000000003827424914
6000000003827424921
6000000003827424928
6000000003827429306
6000000003827429603
6000000003827429610
6000000003827429630
6000000003827429657
6000000003827429664
6000000003827429684
6000000003827429691
6000000003827429698
6000000003827429726
6000000003827429733
6000000003827429741
6000000003827429755
6000000003827429761
6000000003827429822
6000000003827429829
6000000003827429993
6000000003827435018
6000000003827435109
6000000003827435418
6000000003827435577
6000000003827435597
6000000003827435636
6000000003827435656
6000000003827435832
6000000003827435846
6000000003827435853
6000000003827435963
6000000003827435994
6000000003827438001
6000000003827438029
6000000003827438055
6000000003827438579
6000000003827438586
6000000003827438909
6000000003827438915
6000000003827438950
6000000003827438963
6000000003827445021
6000000003827445075
6000000003827445193
6000000003827445550
6000000003827445574
6000000003827445600
6000000003827445607
6000000003827445621
6000000003827445735
6000000003827445916
6000000003827445923
6000000003827451143
6000000003827451157
6000000003827451164
6000000003827451178
6000000003827451251
6000000003827451324
6000000003827451416
6000000003827451422
6000000003827451459
6000000003827451465
6000000003827451492
6000000003827451499
6000000003827451613
6000000003827451712
6000000003827451724
6000000003827451758
6000000003827451764
6000000003827451776
6000000003827451783
6000000003827451790
6000000003827451797
6000000003827451809
6000000003827451815
6000000003827451893
6000000003827451934
6000000003827451959
6000000003827455023
6000000003827455093
6000000003827455114
6000000003827455128
6000000003827455154
6000000003827455161
6000000003827455168
6000000003827455175
6000000003827455182
6000000003827455221
6000000003827455234
6000000003827455241
6000000003827455317
6000000003827455337
6000000003827455359
6000000003827455437
6000000003827455469
6000000003827455489
6000000003827455496
6000000003827455517
6000000003827455530
6000000003827455536
6000000003827455573
6000000003827455825
6000000003827464105
6000000003827464112
6000000003827464200
6000000003827464327
6000000003827464384
6000000003827464411
6000000003827464432
6000000003827464785
6000000003827464791
6000000003827464797
6000000003827464974
6000000003827467019
6000000003827467045
6000000003827467105
6000000003827467642
6000000003827467734
6000000003827467740
6000000003827470038
6000000003827470062
6000000003827470068
6000000003827470075
6000000003827470081
6000000003827470088
6000000003827470236
6000000003827470242
6000000003827470351
6000000003827470358
6000000003827470365
6000000003827470372
6000000003827470378
6000000003827470429
6000000003827470435
6000000003827470441
6000000003827470447
6000000003827470453
6000000003827470459
6000000003827470466
6000000003827470473
6000000003827470480
6000000003827470575
6000000003827470582
6000000003827470788
6000000003827470861
6000000003827470867
6000000003827474051
6000000003827474057
6000000003827474212
6000000003827474243
6000000003827474438
6000000003827474532
6000000003827474538
6000000003827474873
6000000003827474887
6000000003827477061
6000000003827477073
6000000003827477139
6000000003827477151
6000000003827477206
6000000003827477284
6000000003827477302
6000000003827477375
6000000003827477381
6000000003827477652
6000000003827477658
6000000003827477664
6000000003827484002
6000000003827484171
6000000003827484244
6000000003827484406
6000000003827484412
6000000003827484424
6000000003827484430
6000000003827484436
6000000003827484442
6000000003827484497
6000000003827484541
6000000003827484562
6000000003827484657
6000000003827484669
6000000003827484942
6000000003827488025
6000000003827488032
6000000003827488296
6000000003827488324
6000000003827488338
6000000003827488345
6000000003827488457
6000000003827488463
6000000003827488483
6000000003827488509
6000000003827488957
6000000003827488964
6000000003827488971
6000000003827496007
6000000003827496163
6000000003827496170
6000000003827496184
6000000003827496254
6000000003827496266
6000000003827496280
6000000003827496305
6000000003827496317
6000000003827496324
6000000003827496331
6000000003827496486
6000000003827496692
6000000003827496923
6000000003827497025
6000000003827497080
6000000003827497114
6000000003827497126
6000000003827497252
6000000003827497642
6000000003827505034
6000000003827505069
6000000003827505076
6000000003827505478
6000000003827505499
6000000003827505511
6000000003827505517
6000000003827512007
6000000003827512040
6000000003827512052
6000000003827512064
6000000003827512070
6000000003827512134
6000000003827512196
6000000003827512238
6000000003827512244
6000000003827512362
6000000003827512408
6000000003827512416
6000000003827512429
6000000003827512437
6000000003827512445
6000000003827512460
6000000003827512489
6000000003827512498
6000000003827512789
6000000003827512830
6000000003827512865
6000000003827512893
6000000003827512899
6000000003827512920
6000000003827512946
6000000003827512960
6000000003827512967
6000000003827512974
6000000003827512981
6000000003827520012
6000000003827520046
6000000003827520067
6000000003827520215
6000000003827520243
6000000003827520263
6000000003827520561
6000000003827520673
6000000003827520680
6000000003827520901
6000000003827520908
6000000003827521125
6000000003827521373
6000000003827521380
6000000003827521386
6000000003827521393
6000000003827521595
6000000003827521667
6000000003827521681
6000000003827521693
6000000003827521700
6000000003827521706
6000000003827521718
6000000003827521948
6000000003827524864
6000000003827524876
6000000003827524882
6000000003827524894
6000000003827524906
6000000003827524912
6000000003827527002
6000000003827527015
6000000003827527279
6000000003827527724
6000000003827527871
6000000003827529702
6000000003827529809
6000000003827535003
6000000003827535052
6000000003827535263
6000000003827535361
6000000003827535495
6000000003827535550
6000000003827535556
6000000003827535568
6000000003827535574
6000000003827535808
6000000003827535815
6000000003827535860
6000000003827535867
6000000003827535921
6000000003827535929
6000000003827535935
6000000003827542127
6000000003827542133
6000000003827542402
6000000003827542432
6000000003827545816
6000000003827545856
6000000003827545863
6000000003827545920
6000000003827545933
6000000003827545939
6000000003827545985
6000000003827551358
6000000003827551377
6000000003827551390
6000000003827551422
6000000003827551429
6000000003827551666
6000000003827551803
6000000003827551847
6000000003827551944
6000000003827551951
6000000003827561095
6000000003827561102
6000000003827561121
6000000003827561129
6000000003827561150
6000000003827561254
6000000003827561325
6000000003827561331
6000000003827561521
6000000003827561528
6000000003827564381
6000000003827564401
6000000003827564447
6000000003827564535
6000000003827564541
6000000003827564569
6000000003827564575
6000000003827564657
6000000003827564914
6000000003827564920
6000000003827564926
6000000003827564938
6000000003827564962
6000000003827568262
6000000003827568268
6000000003827568437
6000000003827568443
6000000003827568461
6000000003827568504
6000000003827573083
6000000003827573739
6000000003827573760
6000000003827573767
6000000003827573787
6000000003827573794
6000000003827573810
6000000003827573817
6000000003827576187
6000000003827576271
6000000003827576285
6000000003827576292
6000000003827576299
6000000003827576447
6000000003827576454
6000000003827576474
6000000003827576489
6000000003827576496
6000000003827576608
6000000003827576975
6000000003827576999
6000000003827579073
6000000003827579080
6000000003827579110
6000000003827579117
6000000003827579124
6000000003827579152
6000000003827579159
6000000003827579173
6000000003827579194
6000000003827579238
6000000003827579638
6000000003827579644
6000000003827579752
6000000003827579822
6000000003827583222
6000000003827583236
6000000003827583264
6000000003827583466
6000000003827583558
6000000003827583565
6000000003827583695
6000000003827583702
6000000003827583715
6000000003827583722
6000000003827583729
6000000003827583736
6000000003827583907
6000000003827583914
6000000003827583921
6000000003827583942
6000000003827583956
6000000003827583963
6000000003827583977
6000000003827587026
6000000003827587033
6000000003827587039
6000000003827587047
6000000003827587054
6000000003827587075
6000000003827587103
6000000003827587110
6000000003827587131
6000000003827587143
6000000003827587217
6000000003827587223
6000000003827587299
6000000003827587425
6000000003827587624
6000000003827587642
6000000003827587654
6000000003827587695
6000000003827587729
6000000003827587736
6000000003827587750
6000000003827587770
6000000003827587796
6000000003827587818
6000000003827587825
6000000003827590199
6000000003827590462
6000000003827590494
6000000003827590704
6000000003827590747
6000000003827590754
6000000003827590761
6000000003827590768
6000000003827590803
6000000003827590810
6000000003827590824
6000000003827590858
6000000003827590865
6000000003827590872
6000000003827590879
6000000003827590900
6000000003827590937
6000000003827590991
6000000003827590997
6000000003827599105
6000000003827599140
6000000003827599150
6000000003827599165
6000000003827599194
6000000003827599374
6000000003827599381
6000000003827599409
6000000003827599416
6000000003827599458
6000000003827599465
6000000003827599479
6000000003827599591
6000000003827599597
6000000003827599626
6000000003827599660
6000000003827599667
6000000003827599673
6000000003827599680
6000000003827599699
6000000003827599740
6000000003827599753
6000000003827599767
6000000003827599828
6000000003827599835
6000000003827599862
6000000003827599934
6000000003827599962
6000000003827599983
6000000003827606026
6000000003827606047
6000000003827606054
6000000003827606089
6000000003827606096
6000000003827606102
6000000003827606109
6000000003827606116
6000000003827606123
6000000003827606130
6000000003827606248
6000000003827606262
6000000003827606268
6000000003827606302
6000000003827606309
6000000003827606344
6000000003827606350
6000000003827606399
6000000003827606406
6000000003827606413
6000000003827606420
6000000003827606427
6000000003827606434
6000000003827606564
6000000003827606592
6000000003827606599
6000000003827606613
6000000003827606655
6000000003827606697
6000000003827606718
6000000003827606740
6000000003827606747
6000000003827606754
6000000003827606808
6000000003827606830
6000000003827606837
6000000003827606871
6000000003827611199
6000000003827611206
6000000003827611219
6000000003827611474
6000000003827611481
6000000003827611488
6000000003827611494
6000000003827611506
6000000003827611512
6000000003827611720
6000000003827611732
6000000003827611774
6000000003827612093
6000000003827612099
6000000003827612106
6000000003827612113
6000000003827612120
6000000003827612138
6000000003827612256
6000000003827612337
6000000003827612380
6000000003827612386
6000000003827612423
6000000003827612430
6000000003827612437
6000000003827612711
6000000003827612787
6000000003827612855
6000000003827612861
6000000003827612868
6000000003827612875
6000000003827612882
6000000003827612889
6000000003827618215
6000000003827618221
6000000003827618228
6000000003827618235
6000000003827618249
6000000003827618255
6000000003827618282
6000000003827618294
6000000003827618351
6000000003827618407
6000000003827618486
6000000003827618499
6000000003827618513
6000000003827618580
6000000003827618672
6000000003827618690
6000000003827618726
6000000003827618889
6000000003827618982
6000000003827618989
6000000003827618996
6000000003827624122
6000000003827624128
6000000003827624276
6000000003827624709
6000000003827624729
6000000003827624759
6000000003827624765
6000000003827624771
6000000003827624777
6000000003827624783
6000000003827624789
6000000003827624801
6000000003827624858
6000000003827624883
6000000003827624889
6000000003827624895
6000000003827624901
6000000003827635014
6000000003827635026
6000000003827635032
6000000003827635103
6000000003827635115
6000000003827635214
6000000003827635673
6000000003827643974
6000000003827650073
6000000003827650087
6000000003827650119
6000000003827650146
6000000003827650152
6000000003827650158
6000000003827650308
6000000003827650314
6000000003827650747
6000000003827650754
6000000003827650760
6000000003827650766
6000000003827650899
6000000003827650905
6000000003827650911
6000000003827650949
6000000003827650955
6000000003827650961
6000000003827650994
6000000003827651000
6000000003827657018
6000000003827657086
6000000003827657098
6000000003827657105
6000000003827657293
6000000003827657299
6000000003827657624
6000000003827657631
6000000003827657652
6000000003827657659
6000000003827657666
6000000003827657673
6000000003827657777
6000000003827657797
6000000003827657830
6000000003827657974
6000000003827657980
6000000003827657987
6000000003827657993
6000000003827661007
6000000003827661073
6000000003827661201
6000000003827661215
6000000003827661222
6000000003827661257
6000000003827661285
6000000003827661292
6000000003827661299
6000000003827661334
6000000003827661341
6000000003827661418
6000000003827661466
6000000003827661493
6000000003827661499
6000000003827661511
6000000003827661539
6000000003827661560
6000000003827661567
6000000003827661581
6000000003827661588
6000000003827661650
6000000003827661670
6000000003827661719
6000000003827661747
6000000003827661775
6000000003827661789
6000000003827661796
6000000003827661811
6000000003827661844
6000000003827661851
6000000003827661879
6000000003827661893
6000000003827661931
6000000003827661937
6000000003827661958
6000000003827661972
6000000003827661979
6000000003827663308
6000000003827663314
6000000003827663321
6000000003827663327
6000000003827663333
6000000003827663340
6000000003827663547
6000000003827663554
6000000003827663568
6000000003827663672
6000000003827663727
6000000003827663734
6000000003827663769
6000000003827663784
6000000003827663805
6000000003827663867
6000000003827663881
6000000003827663888
6000000003827663903
6000000003827671326
6000000003827671440
6000000003827671447
6000000003827671454
6000000003827671461
6000000003827671468
6000000003827671474
6000000003827671513
6000000003827671541
6000000003827671676
6000000003827671682
6000000003827671716
6000000003827671723
6000000003827671736
6000000003827671743
6000000003827671750
6000000003827671797
6000000003827671804
6000000003827674220
6000000003827674227
6000000003827674326
6000000003827674344
6000000003827674376
6000000003827674401
6000000003827674499
6000000003827674708
6000000003827674756
6000000003827674941
6000000003827674947
6000000003827675114
6000000003827675157
6000000003827675169
6000000003827675236
6000000003827675446
6000000003827675466
6000000003827675492
6000000003827675653
6000000003827675756
6000000003827675777
6000000003827675813
6000000003827675820
6000000003827675827
6000000003827675834
6000000003827675848
6000000003827675869
6000000003827675888
6000000003827675895
6000000003827675902
6000000003827675908
6000000003827675938
6000000003827675944
6000000003827675985
6000000003827681023
6000000003827681030
6000000003827681072
6000000003827681084
6000000003827681125
6000000003827681145
6000000003827681186
6000000003827681193
6000000003827681200
6000000003827681207
6000000003827681284
6000000003827681298
6000000003827681327
6000000003827681334
6000000003827681355
6000000003827681362
6000000003827681424
6000000003827681431
6000000003827681438
6000000003827681505
6000000003827681519
6000000003827681540
6000000003827681546
6000000003827681552
6000000003827681558
6000000003827681564
6000000003827681576
6000000003827681588
6000000003827681594
6000000003827681910
6000000003827681924
6000000003827685035
6000000003827685149
6000000003827685996
6000000003827701518
6000000003827701525
6000000003827701539
6000000003827701552
6000000003827701878
6000000003827701919
6000000003827701926
6000000003827701940
6000000003827701948
6000000003827701955
6000000003827701976
6000000003827703127
6000000003827703139
6000000003827703152
6000000003827703159
6000000003827703200
6000000003827708101
6000000003827708362
6000000003827708369
6000000003827708401
6000000003827708436
6000000003827708714
6000000003827708742
6000000003827708920
6000000003827711220
6000000003827711270
6000000003827711277
6000000003827711284
6000000003827711312
6000000003827711319
6000000003827711628
6000000003827711661
6000000003827711673
6000000003827711679
6000000003827711723
6000000003827711864
6000000003827711870
6000000003827711876
6000000003827711882
6000000003827711888
6000000003827711894
6000000003827719738
6000000003827719744
6000000003827719878
6000000003827719964
6000000003827719970
6000000003827719976
6000000003827719982
6000000003827719988
6000000003827727070
6000000003827727674
6000000003827727681
6000000003827727688
6000000003827727695
6000000003827727702
6000000003827727709
6000000003827727716
6000000003827727744
6000000003827727751
6000000003827727814
6000000003827727958
6000000003827731002
6000000003827731016
6000000003827731460
6000000003827731605
6000000003827731611
6000000003827731750
6000000003827731756
6000000003827737023
6000000003827737058
6000000003827737065
6000000003827737072
6000000003827737203
6000000003827737209
6000000003827737437
6000000003827737444
6000000003827737451
6000000003827737458
6000000003827737465
6000000003827737479
6000000003827737492
6000000003827737577
6000000003827737590
6000000003827737642
6000000003827737649
6000000003827737781
6000000003827737788
6000000003827737875
6000000003827746187
6000000003827746194
6000000003827746201
6000000003827746522
6000000003827746547
6000000003827746560
6000000003827746881
6000000003827746887
6000000003827746965
6000000003827751472
6000000003827751615
6000000003827751627
6000000003827755017
6000000003827755023
6000000003827755029
6000000003827755035
6000000003827755573
6000000003827755586
6000000003827755593
6000000003827755600
6000000003827755607
6000000003827755815
6000000003827755936
6000000003827763012
6000000003827763101
6000000003827763400
6000000003827763414
6000000003827763493
6000000003827763549
6000000003827763570
6000000003827763706
6000000003827763797
6000000003827763803
6000000003827763851
6000000003827765029
6000000003827765117
6000000003827765237
6000000003827765384
6000000003827765688
6000000003827767949
6000000003827774018
6000000003827774176
6000000003827774481
6000000003827774487
6000000003827781008
6000000003827781034
6000000003827781047
6000000003827781067
6000000003827781074
6000000003827781081
6000000003827781088
6000000003827781109
6000000003827781116
6000000003827781123
6000000003827781137
6000000003827781198
6000000003827781212
6000000003827781226
6000000003827781233
6000000003827781240
6000000003827781254
6000000003827781303
6000000003827781310
6000000003827781324
6000000003827781765
6000000003827781924
6000000003827787029
6000000003827787674
6000000003827787815
6000000003827787829
6000000003827787858
6000000003827787866
6000000003827791584
6000000003827791615
6000000003827791694
6000000003827791823
6000000003827791830
6000000003827791844
6000000003827791851
6000000003827791865
6000000003827791872
6000000003827791886
6000000003827791893
6000000003827791900
6000000003827791919
6000000003827791926
6000000003827791933
6000000003827791940
6000000003827791960
6000000003827792001
6000000003827792022
6000000003827792247
6000000003827792614
6000000003827792621
6000000003827792628
6000000003827792801
6000000003827792828
6000000003827792835
6000000003827792868
6000000003827792874
6000000003827792921
6000000003827795194
6000000003827795215
6000000003827795235
6000000003827795263
6000000003827795658
6000000003827795741
6000000003827795930
6000000003827799015
6000000003827799100
6000000003827799114
6000000003827799148
6000000003827799162
6000000003827799354
6000000003827799361
6000000003827799368
6000000003827799375
6000000003827799382
6000000003827799415
6000000003827804984
6000000003827809292
6000000003827809299
6000000003827809928
6000000003827818491
6000000003827818822
6000000003827818828
6000000003827818834
6000000003827821553
6000000003827826462
6000000003827826486
6000000003827835110
6000000003827837448
6000000003827850006
6000000003827850340
6000000003827852538
6000000003827855731
6000000003827855766
6000000003827855857
6000000003827855864
6000000003827859451
6000000003827859462
6000000003827868637
6000000003827890281
6000000003827890294
6000000003827890353
6000000003827890366
6000000003827890737
6000000003827890744
6000000003827890751
6000000003827890785
6000000003827894240
6000000003827894246
6000000003827894420
6000000003827894450
6000000003827894534
6000000003827894869
6000000003827894905
6000000003827894911
6000000003827894929
6000000003827894997
6000000003827902027
6000000003827902033
6000000003827902039
6000000003827902051
6000000003827902069
6000000003827902087
6000000003827902093
6000000003827902099
6000000003827902105
6000000003827902117
6000000003827902123
6000000003827902129
6000000003827902171
6000000003827902183
6000000003827902195
6000000003827902683
6000000003827904355
6000000003827904383
6000000003827904398
6000000003827918985
6000000003827921144
6000000003827921151
6000000003827921524
6000000003827922397
6000000003827922411
6000000003827922417
6000000003827922431
6000000003827922498
6000000003827922511
6000000003827922532
6000000003827922546
6000000003827922553
6000000003827922850
6000000003827922856
6000000003827922955
6000000003827924006
6000000003827924102
6000000003827924336
6000000003827924342
6000000003827924439
6000000003827924457
6000000003827924469
6000000003827924475
6000000003827924591
6000000003827924724
6000000003827924758
6000000003827924782
6000000003827924788
6000000003827924928
6000000003827928096
6000000003827928374
6000000003827928559
6000000003827928779
6000000003827937064
6000000003827937082
6000000003827937088
6000000003827937094
6000000003827937107
6000000003827937113
6000000003827937535
6000000003827937626
6000000003827940352
6000000003827940366
6000000003827940915
6000000003827953008
6000000003827953174
6000000003827953210
6000000003827953369
6000000003827953488
6000000003827953495
6000000003827953630
6000000003827953636
6000000003827953796
6000000003827957208
6000000003827957214
6000000003827957221
6000000003827957241
6000000003827957293
6000000003827957300
6000000003827957349
6000000003827957415
6000000003827957493
6000000003827957499
6000000003827957505
6000000003827957511
6000000003827957559
6000000003827957565
6000000003827957589
6000000003827957935
6000000003827957970
6000000003827957984
6000000003827957990
6000000003827963381
6000000003827963620
6000000003827963627
6000000003827963667
6000000003827963673
6000000003827963746
6000000003827974709
6000000003827987897
6000000003827994244
6000000003827994279
6000000003827994431
6000000003828002180
6000000003828002297
6000000003828002386
6000000003828002420
6000000003828002655
6000000003828009063
6000000003828009503
6000000003828009545
6000000003828009581
6000000003828009990
6000000003828011014
6000000003828011110
6000000003828011116
6000000003828011290
6000000003828011296
6000000003828011375
6000000003828011431
6000000003828011473
6000000003828011494
6000000003828011506
6000000003828011808
6000000003828011872
6000000003828015016
6000000003828015752
6000000003828015791
6000000003828015798
6000000003828015805
6000000003828016848
6000000003828016855
6000000003828018184
6000000003828018366
6000000003828018373
6000000003828018380
6000000003828018597
6000000003828018618
6000000003828018758
6000000003828018849
6000000003828018954
6000000003828018961
6000000003828021100
6000000003828021106
6000000003828021155
6000000003828021581
6000000003828021587
6000000003828021593
6000000003828021599
6000000003828021605
6000000003828021611
6000000003828021623
6000000003828021760
6000000003828031248
6000000003828038220
6000000003828038372
6000000003828052929
6000000003828058112
6000000003828058140
6000000003828058154
6000000003828061260
6000000003828061279
6000000003828061362
6000000003828061401
6000000003828064487
6000000003828064598
6000000003828064855
6000000003828071011
6000000003828071018
6000000003828071032
6000000003828071066
6000000003828071080
6000000003828071093
6000000003828071099
6000000003828071105
6000000003828071112
6000000003828071827
6000000003828071861
6000000003828074161
6000000003828074168
6000000003828074343
6000000003828074368
6000000003828074587
6000000003828074593
6000000003828074600
6000000003828074606
6000000003828074620
6000000003828074670
6000000003828074683
6000000003828074704
6000000003828074716
6000000003828074722
6000000003828078008
6000000003828078073
6000000003828078085
6000000003828078104
6000000003828078140
6000000003828078147
6000000003828078841
6000000003828083025
6000000003828083049
6000000003828083061
6000000003828083068
6000000003828083097
6000000003828083401
6000000003828083489
6000000003828083495
6000000003828083501
6000000003828083541
6000000003828083547
6000000003828083606
6000000003828083865
6000000003828083880
6000000003828083892
6000000003828083911
6000000003828083931
6000000003828083938
6000000003828083950
6000000003828083994
6000000003828092120
6000000003828092899
6000000003828100833
6000000003828105078
6000000003828105117
6000000003828105183
6000000003828105219
6000000003828107062
6000000003828107069
6000000003828107076
6000000003828107083
6000000003828107090
6000000003828107379
6000000003828107386
6000000003828107649
6000000003828107656
6000000003828107920
6000000003828110347
6000000003828110375
6000000003828110382
6000000003828110403
6000000003828110410
6000000003828110496
6000000003828110508
6000000003828110514
6000000003828110552
6000000003828110559
6000000003828110566
6000000003828110573
6000000003828110580
6000000003828110587
6000000003828110594
6000000003828110601
6000000003828110608
6000000003828110615
6000000003828110622
6000000003828110629
6000000003828110636
6000000003828110643
6000000003828110650
6000000003828110657
6000000003828110671
6000000003828110678
6000000003828110713
6000000003828110734
6000000003828116961
6000000003828116989
6000000003828125045
6000000003828125052
6000000003828125094
6000000003828125101
6000000003828125405
6000000003828151866
6000000003828154965
6000000003828160070
6000000003828160655
6000000003828171797
6000000003828175064
6000000003828175071
6000000003828175078
6000000003828179737
6000000003828179954
6000000003828179975
6000000003828180045
6000000003828180806
6000000003828180820
6000000003828182166
6000000003828182215
6000000003828182222
6000000003828182229
6000000003828190498
6000000003828193056
6000000003828193736
6000000003828196060
6000000003828196067
6000000003828196081
6000000003828196191
6000000003828196212
6000000003828196449
6000000003828196455
6000000003828196897
6000000003828228080
6000000003828228087
6000000003828228115
6000000003828228121
6000000003828228980
6000000003828228987
6000000003828232369
6000000003828232460
6000000003828232499
6000000003828232513
6000000003828232546
6000000003828232567
6000000003828232579
6000000003828232585
6000000003828232591
6000000003828232625
6000000003828232709
6000000003828236032
6000000003828236039
6000000003828236116
6000000003828236151
6000000003828236165
6000000003828236172
6000000003828236179
6000000003828236186
6000000003828236193
6000000003828236228
6000000003828236235
6000000003828236249
6000000003828236275
6000000003828236282
6000000003828236289
6000000003828236303
6000000003828236324
6000000003828236331
6000000003828236338
6000000003828236345
6000000003828236352
6000000003828236359
6000000003828236365
6000000003828236371
6000000003828236377
6000000003828236390
6000000003828236397
6000000003828236403
6000000003828236409
6000000003828236487
6000000003828236563
6000000003828236570
6000000003828236577
6000000003828236597
6000000003828236603
6000000003828236609
6000000003828236615
6000000003828236621
6000000003828236627
6000000003828236633
6000000003828236759
6000000003828239537
6000000003828239543
6000000003828239549
6000000003828239555
6000000003828239561
6000000003828239573
6000000003828239591
6000000003828239603
6000000003828239621
6000000003828239628
6000000003828239634
6000000003828239646
6000000003828239652
6000000003828239658
6000000003828239664
6000000003828239670
6000000003828239676
6000000003828239776
6000000003828239790
6000000003828239859
6000000003828239887
6000000003828239894
6000000003828239907
6000000003828239913
6000000003828239947
6000000003828239959
6000000003828245077
6000000003828245091
6000000003828245105
6000000003828245112
6000000003828245119
6000000003828245125
6000000003828245158
6000000003828245165
6000000003828245243
6000000003828245256
6000000003828245276
6000000003828245330
6000000003828245342
6000000003828245366
6000000003828245372
6000000003828245378
6000000003828245384
6000000003828245390
6000000003828245396
6000000003828245402
6000000003828245408
6000000003828245414
6000000003828245444
6000000003828245468
6000000003828245505
6000000003828245511
6000000003828245535
6000000003828245652
6000000003828245708
6000000003828245715
6000000003828245741
6000000003828245848
6000000003828245862
6000000003828245957
6000000003828245964
6000000003828245983
6000000003828248011
6000000003828248018
6000000003828248039
6000000003828248046
6000000003828248053
6000000003828248100
6000000003828248155
6000000003828248204
6000000003828248211
6000000003828248253
6000000003828248260
6000000003828248274
6000000003828248315
6000000003828248322
6000000003828248329
6000000003828248336
6000000003828248517
6000000003828248523
6000000003828248537
6000000003828248557
6000000003828248774
6000000003828248781
6000000003828248800
6000000003828248806
6000000003828248813
6000000003828248820
6000000003828248827
6000000003828248879
6000000003828248886
6000000003828248907
6000000003828250105
6000000003828250111
6000000003828250123
6000000003828250165
6000000003828250171
6000000003828250196
6000000003828250277
6000000003828250320
6000000003828250367
6000000003828250725
6000000003828250781
6000000003828250787
6000000003828250794
6000000003828250801
6000000003828250808
6000000003828250899
6000000003828250921
6000000003828250964
6000000003828250971
6000000003828250985
6000000003828254153
6000000003828254160
6000000003828254238
6000000003828254245
6000000003828254266
6000000003828254370
6000000003828254391
6000000003828254405
6000000003828254412
6000000003828254419
6000000003828254426
6000000003828254510
6000000003828254582
6000000003828254600
6000000003828254964
6000000003828254992
6000000003828254999
6000000003828256006
6000000003828256042
6000000003828256230
6000000003828256244
6000000003828256298
6000000003828256432
6000000003828256439
6000000003828256446
6000000003828256474
6000000003828256509
6000000003828256522
6000000003828256528
6000000003828256559
6000000003828256573
6000000003828256606
6000000003828256618
6000000003828256849
6000000003828256856
6000000003828256863
6000000003828256870
6000000003828256905
6000000003828256963
6000000003828256969
6000000003828256982
6000000003828256988
6000000003828256994
6000000003828261006
6000000003828261018
6000000003828261173
6000000003828261193
6000000003828261230
6000000003828261285
6000000003828261317
6000000003828261323
6000000003828261329
6000000003828261350
6000000003828261378
6000000003828261384
6000000003828261390
6000000003828265122
6000000003828265157
6000000003828265164
6000000003828265171
6000000003828265185
6000000003828265220
6000000003828265262
6000000003828265269
6000000003828265276
6000000003828265290
6000000003828265451
6000000003828265459
6000000003828265997
6000000003828268051
6000000003828268058
6000000003828268087
6000000003828268858
6000000003828268865
6000000003828268903
6000000003828268910
6000000003828268924
6000000003828268931
6000000003828268958
6000000003828274620
6000000003828283391
6000000003828283398
6000000003828283404
6000000003828283410
6000000003828287409
6000000003828287860
6000000003828302048
6000000003828302139
6000000003828302266
6000000003828302273
6000000003828313246
6000000003828313253
6000000003828326102
6000000003828326137
6000000003828326158
6000000003828326860
6000000003828330077
6000000003828330098
6000000003828330105
6000000003828330112
6000000003828330119
6000000003828330217
6000000003828330238
6000000003828330260
6000000003828330267
6000000003828330612
6000000003828330619
6000000003828330751
6000000003828330870
6000000003828330898
6000000003828332144
6000000003828332158
6000000003828332165
6000000003828332172
6000000003828332179
6000000003828332186
6000000003828332788
6000000003828332795
6000000003828335017
6000000003828335024
6000000003828335031
6000000003828335038
6000000003828335045
6000000003828335052
6000000003828335059
6000000003828335066
6000000003828335073
6000000003828335080
6000000003828335087
6000000003828335094
6000000003828335101
6000000003828335108
6000000003828335143
6000000003828335150
6000000003828335157
6000000003828335164
6000000003828335171
6000000003828335332
6000000003828335408
6000000003828335804
6000000003828335811
6000000003828335825
6000000003828335832
6000000003828335922
6000000003828338301
6000000003828338308
6000000003828338406
6000000003828338455
6000000003828345285
6000000003828345473
6000000003828345550
6000000003828345564
6000000003828345620
6000000003828345655
6000000003828345662
6000000003828345669
6000000003828345725
6000000003828345837
6000000003828353054
6000000003828353061
6000000003828353075
6000000003828353089
6000000003828353299
6000000003828353306
6000000003828353706
6000000003828353741
6000000003828353797
6000000003828353804
6000000003828353895
6000000003828353916
6000000003828356203
6000000003828356251
6000000003828356293
6000000003828356812
6000000003828356826
6000000003828356833
6000000003828356861
6000000003828361085
6000000003828361158
6000000003828361192
6000000003828361213
6000000003828361227
6000000003828361241
6000000003828361262
6000000003828361302
6000000003828361363
6000000003828361450
6000000003828361520
6000000003828361643
6000000003828361657
6000000003828361722
6000000003828361760
6000000003828361794
6000000003828361909
6000000003828362000
6000000003828367006
6000000003828367019
6000000003828367025
6000000003828367031
6000000003828367253
6000000003828367291
6000000003828367415
6000000003828367421
6000000003828367427
6000000003828367615
6000000003828367705
6000000003828367934
6000000003828367941
6000000003828371011
6000000003828371060
6000000003828371067
6000000003828371074
6000000003828371081
6000000003828371088
6000000003828371095
6000000003828371479
6000000003828371506
6000000003828371646
6000000003828371681
6000000003828371765
6000000003828371772
6000000003828371779
6000000003828405862
6000000003828413104
6000000003828425236
6000000003828425242
6000000003828425249
6000000003828425255
6000000003828425261
6000000003828425286
6000000003828425292
6000000003828425298
6000000003828425304
6000000003828425338
6000000003828425366
6000000003828425373
6000000003828425380
6000000003828425401
6000000003828425408
6000000003828425560
6000000003828427229
6000000003828427253
6000000003828427259
6000000003828427265
6000000003828427325
6000000003828427331
6000000003828671281
6000000003830468150
6000000003830830911
6000000003832564049
6000000003839516688
6000000003841524471
6000000003841691917
6000000003842085382
6000000003845115411
6000000003845322877
6000000003845430999
6000000003845478484
6000000003845495674
6000000003845631204
6000000003845707346
6000000003846023168
6000000003852076897
6000000003852586563
6000000003852698447
6000000003852730222
6000000003852864012
6000000003853078164
6000000003854179796
6000000003854191986
6000000003854233791
6000000003854400441
6000000003858466381
6000000003858466398
6000000003858470155
6000000003858478325
6000000003858489341
6000000003858496276
6000000003858502318
6000000003858502569
6000000003858502952
6000000003858505123
6000000003858517044
6000000003858517764
6000000003858523994
6000000003858531246
6000000003858535432
6000000003858543513
6000000003858543668
6000000003858543945
6000000003858547082
6000000003858547342
6000000003858547390
6000000003858547566
6000000003858547783
6000000003858551414
6000000003858551777
6000000003858554079
6000000003858554392
6000000003858554399
6000000003858554421
6000000003858554522
6000000003858554878
6000000003858556036
6000000003858556443
6000000003858556451
6000000003858556727
6000000003858563213
6000000003858563316
6000000003858563330
6000000003858572515
6000000003858572574
6000000003858572581
6000000003858572796
6000000003858572826
6000000003858579100
6000000003858579403
6000000003858585185
6000000003858585244
6000000003858585368
6000000003858585633
6000000003858589110
6000000003858589577
6000000003858589760
6000000003858595154
6000000003858595872
6000000003858600747
6000000003858604635
6000000003858604746
6000000003858604945
6000000003858613413
6000000003858613536
6000000003858613778
6000000003858624058
6000000003858624388
6000000003858624547
6000000003858624626
6000000003858632042
6000000003858632285
6000000003858632309
6000000003858632613
6000000003858632849
6000000003858640457
6000000003858640771
6000000003858645218
6000000003858645967
6000000003858656396
6000000003858661299
6000000003858661896
6000000003858668623
6000000003858668854
6000000003858676512
6000000003858676995
6000000003858683664
6000000003858683694
6000000003858686083
6000000003858686203
6000000003858686681
6000000003858686813
6000000003858690189
6000000003858690611
6000000003858695434
6000000003858695567
6000000003858704239
6000000003858704278
6000000003858704536
6000000003858704817
6000000003858708077
6000000003858708460
6000000003858708471
6000000003858710348
6000000003858710507
6000000003858710522
6000000003858710537
6000000003858710950
6000000003858716735
6000000003858716758
6000000003858716832
6000000003858716884
6000000003858720321
6000000003858720692
6000000003858725085
6000000003858725514
6000000003858725545
6000000003858725783
6000000003858725894
6000000003858731034
6000000003858731129
6000000003858731296
6000000003858737894
6000000003858739820
6000000003858746204
6000000003858746515
6000000003858746697
6000000003858749064
6000000003858749453
6000000003858749499
6000000003858749700
6000000003858749925
6000000003858754204
6000000003858754426
6000000003858754462
6000000003858754511
6000000003858759837
6000000003858759851
6000000003858762171
6000000003858762477
6000000003858762807
6000000003858762929
6000000003858766059
6000000003858766261
6000000003858771217
6000000003858771852
6000000003858771895
6000000003858771969
6000000003858776006
6000000003858776209
6000000003858776299
6000000003858776372
6000000003858776479
6000000003858776605
6000000003858776676
6000000003858776691
6000000003858776789
6000000003858776885
6000000003858782247
6000000003858782720
6000000003858786422
6000000003858786515
6000000003858786682
6000000003858786767
6000000003858786798
6000000003858786875
6000000003858793340
6000000003858793416
6000000003858793462
6000000003858799958
6000000003858805100
6000000003858805710
6000000003858812164
6000000003858812485
6000000003858812492
6000000003858815508
6000000003858815694
6000000003858815785
6000000003858815852
6000000003858820021
6000000003858820069
6000000003858820465
6000000003858820967
6000000003858827436
6000000003858827587
6000000003858827622
6000000003858827707
6000000003858831053
6000000003858831100
6000000003858831198
6000000003858831865
6000000003860275360
6000000003863519481
6000000003863566556
6000000003863566563
6000000003863620874
6000000003865794618
6000000003866006703
6000000003868967539
6000000003869084065
6000000003869084076
6000000003869622559
6000000003872883521
6000000003875568079
6000000003875720930
6000000003876051113
6000000003881721241
6000000003882102014
6000000003882336713
6000000003882336720
6000000003885013585
6000000003885415237
6000000003886660290
6000000003887607263
6000000003887607517
6000000003887624556
6000000003887642521
6000000003887649679
6000000003887663327
6000000003887680380
6000000003887729856
6000000003887729958
6000000003887903628
6000000003888034150
6000000003888253971
6000000003888685572
6000000003889008011
6000000003889047420
6000000003889323729
6000000003894073859
6000000003894077739
6000000003897353823
6000000003897406459
6000000003897410576
6000000003897410650
6000000003897410657
6000000003897410684
6000000003897410732
6000000003897416082
6000000003897426330
6000000003897426336
6000000003897426429
6000000003897426456
6000000003897426529
6000000003897490688
6000000003897513842
6000000003897513902
6000000003897513914
6000000003897513958
6000000003897513994
6000000003897519131
6000000003897519323
6000000003897519387
6000000003897519486
6000000003897519492
6000000003897519716
6000000003897519722
6000000003897519728
6000000003897519777
6000000003897519783
6000000003897519978
6000000003897526002
6000000003897526195
6000000003897526333
6000000003897526339
6000000003897526345
6000000003897526357
6000000003897526501
6000000003897526512
6000000003897526519
6000000003897526525
6000000003897526549
6000000003897526556
6000000003897526620
6000000003897526627
6000000003897531035
6000000003897531120
6000000003897531264
6000000003897531276
6000000003897531283
6000000003897531289
6000000003897531325
6000000003897531331
6000000003897531429
6000000003897531434
6000000003897531441
6000000003897531458
6000000003897531464
6000000003897531587
6000000003897531808
6000000003897531814
6000000003897531916
6000000003897531922
6000000003897534054
6000000003897534060
6000000003897534181
6000000003897534217
6000000003897534240
6000000003897534246
6000000003897534251
6000000003897534257
6000000003897534358
6000000003897534369
6000000003897534416
6000000003897534439
6000000003897534629
6000000003897534660
6000000003897534667
6000000003897534673
6000000003897534751
6000000003897541119
6000000003897541136
6000000003897541142
6000000003897541189
6000000003897541195
6000000003897541234
6000000003897541274
6000000003897541280
6000000003897541297
6000000003897541303
6000000003897541552
6000000003897541577
6000000003897541628
6000000003897541674
6000000003897541752
6000000003897541851
6000000003897549117
6000000003897549170
6000000003897549177
6000000003897549326
6000000003897549600
6000000003897549771
6000000003897549776
6000000003897563245
6000000003897563251
6000000003897569425
6000000003897579596
6000000003897579687
6000000003897579982
6000000003897585979
6000000003897590052
6000000003897590057
6000000003897590336
6000000003897590594
6000000003897632001
6000000003897689154
6000000003898167768
6000000003899216653
6000000003899313470
6000000003899518198
6000000003900292015
6000000003901031667
6000000003902455177
6000000003902457261
6000000003902463181
6000000003904017710
6000000003904581256
6000000003904581730
6000000003910137240
6000000003910294059
6000000003914181952
6000000003914240581
6000000003914347093
6000000003914489214
6000000003919008154
6000000003919034108
6000000003924288481
6000000003926000139
6000000003926696659
6000000003926696664
6000000003926704373
6000000003928786208
6000000003935506196
6000000003935579078
6000000003937085700
6000000003937129048
6000000003937168812
6000000003937192913
6000000003937192930
6000000003937192949
6000000003937220101
6000000003937334608
6000000003938552615
6000000003939720804
6000000003948071217
6000000003948123319
6000000003948146691
6000000003948146698
6000000003948163151
6000000003948371045
6000000003948401571
6000000003949656086
6000000003949704867
6000000003949711151
6000000003949713956
6000000003949713961
6000000003949713966
6000000003949713977
6000000003949713989
6000000003949720010
6000000003949731855
6000000003949731860
6000000003949731865
6000000003949731870
6000000003949731875
6000000003949731885
6000000003949733856
6000000003949742135
6000000003949749568
6000000003949767239
6000000003949783920
6000000003949783934
6000000003949789940
6000000003949789947
6000000003949801025
6000000003949801061
6000000003949801518
6000000003949801752
6000000003949803274
6000000003949823754
6000000003949823868
6000000003949839567
6000000003949839595
6000000003949863649
6000000003949863728
6000000003949871165
6000000003949871172
6000000003949871179
6000000003949879854
6000000003949879932
6000000003949897672
6000000003949902858
6000000003949905955
6000000003949917419
6000000003949957979
6000000003949957986
6000000003949970192
6000000003950815381
6000000003950887415
6000000003954703752
6000000003955069042
6000000003956627834
6000000003956823277
6000000003956828024
6000000003962328571
6000000003962980836
6000000003963789346
6000000003975703774
6000000003977421400
6000000003978749772
6000000003979033691
6000000003979034810
6000000003979051871
6000000003979130845
6000000003979445674
6000000003979550274
6000000003979637099
6000000003979848930
6000000003982965831
6000000003982965838
6000000003983065967
6000000003983314953
6000000003983314960
6000000003983345887
6000000003983414674
6000000003983557511
6000000003983559795
6000000003983647397
6000000003983711638
6000000003983755091
6000000003983855600
6000000003985124471
6000000003988189324
6000000003998829486
6000000003998829500
6000000004001294837
6000000004002438959
6000000004002612584
6000000004005980627
6000000004006012229
6000000004006139924
6000000004009856786
6000000004015507665
6000000004016126057
6000000004018220361
6000000004027977404
6000000004031814027
6000000004032256496
6000000004036252525
6000000004036463613
6000000004036479514
6000000004037731346
6000000004037792206
6000000004041806746
6000000004042864982
6000000004043024484
6000000004043024491
6000000004043081492
6000000004043097252
6000000004045046003
6000000004045532001
6000000004045685126
6000000004045685139
6000000004045821353
6000000004052699411
6000000004052772407
6000000004052772413
6000000004054600299
6000000004054970276
6000000004056595167
6000000004056680231
6000000004056791182
6000000004058800000
6000000004058810675
6000000004058953728
6000000004064112943
6000000004064318896
6000000004064318903
6000000004064398550
6000000004064398557
6000000004064445528
6000000004064467894
6000000004064467901
6000000004065608412
6000000004065623188
6000000004066243266
6000000004066243273
6000000004066243871
6000000004066250112
6000000004074266647
6000000004074270690
6000000004081783364
6000000004082907343
6000000004085024117
6000000004085591308
6000000004087632980
6000000004089042013
6000000004089049136
6000000004089057865
6000000004089072249
6000000004089072850
6000000004089073043
6000000004089079896
6000000004089086258
6000000004089137964
6000000004089143454
6000000004089149045
6000000004089151161
6000000004089172362
6000000004089172703
6000000004089183711
6000000004089193647
6000000004089197046
6000000004093135189
6000000004093513448
6000000004093845048
6000000004093871270
6000000004094458513
6000000004094462545
6000000004094465924
6000000004094613305
6000000004094725968
6000000004094788650
6000000004094854764
6000000004094879768
6000000004094959515
6000000004094974286
6000000004094990257
6000000004095025354
6000000004095140029
6000000004095248168
6000000004095669337
6000000004097274731
6000000004097526104
6000000004099064858
6000000004099975305
6000000004100058919
6000000004110119785
6000000004111549546
6000000004111598767
6000000004112101051
6000000004112468363
6000000004119127129
6000000004119938046
6000000004120020238
6000000004120195518
6000000004121611834
6000000004128051749
6000000004131116716
6000000004131416713
6000000004131422867
6000000004131819438
6000000004132196861
6000000004132234708
6000000004132315106
6000000004132319798
6000000004138841068
6000000004139888268
6000000004145280433
6000000004147782162
6000000004148901828
6000000004148910976
6000000004148923307
6000000004148927493
6000000004148943482
6000000004148946177
6000000004148946631
6000000004148953168
6000000004148966484
6000000004148977344
6000000004148977548
6000000004148978545
6000000004148982567
6000000004148984190
6000000004148984904
6000000004148987446
6000000004148992304
6000000004148992320
6000000004149021049
6000000004149884236
6000000004150889590
6000000004150911910
6000000004154417178
6000000004154417190
6000000004157990702
6000000004160546039
6000000004160546059
6000000004167822768
6000000004173966093
6000000004174185459
6000000004174937484
6000000004175578608
6000000004175606509
6000000004175711144
6000000004176823693
6000000004176944447
6000000004178183584
6000000004187978359
6000000004197544895
6000000004201669613
6000000004201898839
6000000004204256007
6000000004205801821
6000000004205801828
6000000004205842830
6000000004205844888
6000000004208148545
6000000004211630381
6000000004213963966
6000000004214055821
6000000004214433404
6000000004215869006
6000000004217634501
6000000004217685857
6000000004217715184
6000000004217921163
6000000004223487832
6000000004225216462
6000000004225241931
6000000004225286685
6000000004241400060
6000000004241616298
6000000004241616307
6000000004242180091
6000000004242180102
6000000004249275131
6000000004249309392
6000000004250256579
6000000004250352313
6000000004250425294
6000000004250458441
6000000004250582050
6000000004250678067
6000000004250708386
6000000004250708393
6000000004250793260
6000000004250856033
6000000004250856040
6000000004250858860
6000000004250858867
6000000004250873011
6000000004251327826
6000000004251428481
6000000004256859955
6000000004257154057
6000000004257574335
6000000004259810431
6000000004262219556
6000000004262219786
6000000004262272658
6000000004262299912
6000000004262299924
6000000004262323150
6000000004262353841
6000000004268040479
6000000004268081131
6000000004268267616
6000000004270489967
6000000004270533776
6000000004270563407
6000000004270579139
6000000004270785555
6000000004270866114
6000000004271557737
6000000004282916954
6000000004283028432
6000000004283167081
6000000004283167088
6000000004283193362
6000000004284828886
6000000004285618635
6000000004285651299
6000000004286199184
6000000004286743764
6000000004286796342
6000000004286796652
6000000004286872599
6000000004287155704
6000000004287405442
6000000004287490622
6000000004288916652
6000000004288954624
6000000004294649864
6000000004303398745
6000000004303404649
6000000004303404659
6000000004303586351
6000000004304723931
6000000004306450650
6000000004306626215
6000000004306652099
6000000004306661170
6000000004306725569
6000000004306764102
6000000004307457403
6000000004307839150
6000000004313804007
6000000004314288395
6000000004315244900
6000000004316053217
6000000004325427789
6000000004333318285
6000000004333375349
6000000004334566448
6000000004334669776
6000000004335151518
6000000004335287604
6000000004335337720
6000000004336747003
6000000004336841042
6000000004343473997
6000000004343575617
6000000004343575642
6000000004343746948
6000000004344528746
6000000004345764774
6000000004348364866
6000000004348487884
6000000004349714832
6000000004360793405
6000000004360867647
6000000004360942331
6000000004368350816
6000000004368396147
6000000004368884124
6000000004369229252
6000000004370050016
6000000004370074150
6000000004376727612
6000000004378323201
6000000004378330179
6000000004381777719
6000000004381834243
6000000004382180512
6000000004382568354
6000000004382659503
6000000004382680602
6000000004382714125
6000000004382714196
6000000004382738909
6000000004382744674
6000000004382755830
6000000004382755932
6000000004383043944
6000000004383200035
6000000004388424748
6000000004391895406
6000000004393003251
6000000004397805952
6000000004402092813
6000000004402109067
6000000004404422467
6000000004414721009
6000000004415143007
6000000004447178017
6000000004453207002
6000000004454065002
6000000004469287002
6000000004469724004
6000000004482617001
6000000004526533002
6000000004526559011
6000000004526603037
6000000004526669032
6000000004531774732
6000000004532537004
6000000004532600932
6000000004533031432
6000000004533040365
6000000004533048198
6000000004533048343
6000000004533048351
6000000004533048673
6000000004533048813
6000000004533048828
6000000004533048861
6000000004533048868
6000000004533048875
6000000004533071096
6000000004533071778
6000000004533104639
6000000004533104667
6000000004533104967
6000000004533108168
6000000004533114192
6000000004533118085
6000000004533118932
6000000004533118944
6000000004533138023
6000000004533138077
6000000004533138274
6000000004533138317
6000000004533138341
6000000004533138548
6000000004533138816
6000000004533145283
6000000004533145289
6000000004533145301
6000000004533145322
6000000004533150728
6000000004533150734
6000000004533156312
6000000004533156949
6000000004533156970
6000000004533156995
6000000004533159004
6000000004533159335
6000000004533159341
6000000004533159572
6000000004533159593
6000000004533169387
6000000004533169500
6000000004533169538
6000000004533169633
6000000004533173128
6000000004533173415
6000000004533173484
6000000004533173571
6000000004533173610
6000000004533173616
6000000004533173677
6000000004533173689
6000000004533173761
6000000004533173832
6000000004533176050
6000000004533176162
6000000004533176176
6000000004533176191
6000000004533176327
6000000004533176333
6000000004533176387
6000000004533176419
6000000004533176431
6000000004533176457
6000000004533176554
6000000004533176560
6000000004533176578
6000000004533176640
6000000004533176833
6000000004533176983
6000000004533176989
6000000004533182195
6000000004533182213
6000000004533182238
6000000004533182251
6000000004533182257
6000000004533182271
6000000004533182399
6000000004533182456
6000000004533182470
6000000004533182543
6000000004533182670
6000000004533185245
6000000004533185330
6000000004533185374
6000000004533185440
6000000004533185454
6000000004533185468
6000000004533185474
6000000004533185487
6000000004533185508
6000000004533185794
6000000004533185856
6000000004533185937
6000000004533185950
6000000004533185957
6000000004533185964
6000000004533196002
6000000004533196008
6000000004533196015
6000000004533196021
6000000004533196027
6000000004533196039
6000000004533196051
6000000004533196094
6000000004533196100
6000000004533196106
6000000004533196112
6000000004533196167
6000000004533196174
6000000004533196182
6000000004533196189
6000000004533196407
6000000004533196483
6000000004533196497
6000000004533196548
6000000004533196555
6000000004533196565
6000000004533196606
6000000004533196731
6000000004533196820
6000000004533196857
6000000004533196864
6000000004533196877
6000000004533196977
6000000004533200008
6000000004533200033
6000000004533200040
6000000004533200047
6000000004533200066
6000000004533200098
6000000004533200136
6000000004533200150
6000000004533200183
6000000004533200207
6000000004533200243
6000000004533200262
6000000004533200325
6000000004533200331
6000000004533200343
6000000004533200390
6000000004533200416
6000000004533200448
6000000004533200508
6000000004533200514
6000000004533200520
6000000004533200527
6000000004533200723
6000000004533200821
6000000004533200881
6000000004533200929
6000000004533200962
6000000004533205059
6000000004533205079
6000000004533205142
6000000004533205169
6000000004533205209
6000000004533205215
6000000004533205242
6000000004533205254
6000000004533205261
6000000004533205279
6000000004533205285
6000000004533205448
6000000004533205454
6000000004533205460
6000000004533205467
6000000004533205532
6000000004533205653
6000000004533205716
6000000004533205796
6000000004533205803
6000000004533205907
6000000004533205981
6000000004533205987
6000000004533205994
6000000004533221116
6000000004533221195
6000000004533221202
6000000004533221248
6000000004533221286
6000000004533221340
6000000004533221346
6000000004533221359
6000000004533221384
6000000004533221390
6000000004533221408
6000000004533221605
6000000004533221684
6000000004533221691
6000000004533221736
6000000004533221972
6000000004533221996
6000000004533233075
6000000004533233135
6000000004533233162
6000000004533233169
6000000004533233244
6000000004533233257
6000000004533233320
6000000004533233353
6000000004533233392
6000000004533233412
6000000004533233446
6000000004533233453
6000000004533233742
6000000004533233982
6000000004533239075
6000000004533239082
6000000004533239089
6000000004533239110
6000000004533239291
6000000004533239298
6000000004533242324
6000000004533242441
6000000004533242523
6000000004533242537
6000000004533242737
6000000004533242750
6000000004533242898
6000000004533242918
6000000004533250080
6000000004533250087
6000000004533250419
6000000004533250650
6000000004533250657
6000000004533250712
6000000004533250767
6000000004533250810
6000000004533250817
6000000004533255520
6000000004533255527
6000000004533255541
6000000004533255589
6000000004533255595
6000000004533255885
6000000004533255892
6000000004533255899
6000000004533255906
6000000004533255925
6000000004533255940
6000000004533255954
6000000004533255975
6000000004533266161
6000000004533266302
6000000004533266339
6000000004533266631
6000000004533266649
6000000004533274060
6000000004533274488
6000000004533274516
6000000004533274523
6000000004533274562
6000000004533274806
6000000004533274825
6000000004533274832
6000000004533274851
6000000004533274904
6000000004533283075
6000000004533283082
6000000004533283096
6000000004533283290
6000000004533283305
6000000004533283312
6000000004533283471
6000000004533283687
6000000004533283913
6000000004533283926
6000000004533294018
6000000004533294031
6000000004533294159
6000000004533294165
6000000004533294171
6000000004533294198
6000000004533294217
6000000004533294364
6000000004533294377
6000000004533294409
6000000004533294507
6000000004533294537
6000000004533294558
6000000004533294564
6000000004533294663
6000000004533294709
6000000004533305112
6000000004533305432
6000000004533305594
6000000004533305614
6000000004533305657
6000000004533305664
6000000004533305917
6000000004533321345
6000000004533361818
6000000004533361938
6000000004533374875
6000000004533384157
6000000004533384241
6000000004533384265
6000000004533384271
6000000004533384277
6000000004533384283
6000000004533384295
6000000004533384301
6000000004533384319
6000000004533384415
6000000004533384469
6000000004533384487
6000000004533384499
6000000004533384517
6000000004533384572
6000000004533384621
6000000004533384627
6000000004533384743
6000000004533384762
6000000004533384779
6000000004533384785
6000000004533384803
6000000004533384821
6000000004533384827
6000000004533384833
6000000004533384839
6000000004533384845
6000000004533391846
6000000004533401102
6000000004533401500
6000000004533401506
6000000004533414609
6000000004533450985
6000000004533469792
6000000004533469861
6000000004533503066
6000000004533503102
6000000004533503201
6000000004533503214
6000000004533503221
6000000004533503290
6000000004533503311
6000000004533503379
6000000004533503483
6000000004533503541
6000000004533503640
6000000004533503829
6000000004533503890
6000000004533510121
6000000004533510128
6000000004533510141
6000000004533510222
6000000004533510232
6000000004533510247
6000000004533510261
6000000004533510289
6000000004533510295
6000000004533510342
6000000004533510348
6000000004533510369
6000000004533510375
6000000004533510381
6000000004533510388
6000000004533510395
6000000004533510413
6000000004533510440
6000000004533510445
6000000004533510450
6000000004533510455
6000000004533510465
6000000004533510511
6000000004533510517
6000000004533510523
6000000004533510528
6000000004533510644
6000000004533510674
6000000004533510686
6000000004533510751
6000000004533510757
6000000004533510777
6000000004533510784
6000000004533510887
6000000004533510893
6000000004533522186
6000000004533522212
6000000004533522361
6000000004533522373
6000000004533522465
6000000004533522524
6000000004533522578
6000000004533535122
6000000004533535150
6000000004533535167
6000000004533535179
6000000004533535192
6000000004533535206
6000000004533535211
6000000004533535401
6000000004533535425
6000000004533535600
6000000004533535763
6000000004533544430
6000000004533544511
6000000004533544517
6000000004533589977
6000000004533589984
6000000004533604580
6000000004533604619
6000000004533604973
6000000004533613035
6000000004533613060
6000000004533613148
6000000004533613519
6000000004533613642
6000000004533613698
6000000004533620269
6000000004533625152
6000000004533625159
6000000004533625542
6000000004533625918
6000000004533625940
6000000004533625954
6000000004533625967
6000000004533630082
6000000004533630560
6000000004533630730
6000000004533630883
6000000004533630910
6000000004533630991
6000000004533635177
6000000004533635453
6000000004533635970
6000000004533643315
6000000004533643468
6000000004533643738
6000000004533643996
6000000004533651003
6000000004533651163
6000000004533651416
6000000004533664122
6000000004533664148
6000000004533664166
6000000004533664172
6000000004533664301
6000000004533664314
6000000004533664320
6000000004533664326
6000000004533664376
6000000004533664395
6000000004533664521
6000000004533664635
6000000004533664681
6000000004533664733
6000000004533664800
6000000004533664872
6000000004533664956
6000000004533672046
6000000004533672090
6000000004533672231
6000000004533672567
6000000004533679295
6000000004533690420
6000000004533690441
6000000004533690448
6000000004533690523
6000000004533690529
6000000004533699347
6000000004533699409
6000000004533699565
6000000004533699739
6000000004533699752
6000000004533699758
6000000004533709130
6000000004533709443
6000000004533709565
6000000004533709571
6000000004533709577
6000000004533709583
6000000004533709603
6000000004533725018
6000000004533725024
6000000004533725115
6000000004533725383
6000000004533725537
6000000004533725607
6000000004533725621
6000000004533735090
6000000004533735641
6000000004533735647
6000000004533735654
6000000004533735729
6000000004533735736
6000000004533735753
6000000004533752211
6000000004533752216
6000000004533752571
6000000004533752736
6000000004533752754
6000000004533752796
6000000004533762548
6000000004533762608
6000000004533762620
6000000004533762626
6000000004533762662
6000000004533765543
6000000004533765549
6000000004533765556
6000000004533765610
6000000004533765962
6000000004533765970
6000000004533774006
6000000004533774058
6000000004533774070
6000000004533774104
6000000004533774124
6000000004533774130
6000000004533774136
6000000004533774225
6000000004533774243
6000000004533774264
6000000004533774279
6000000004533774293
6000000004533774486
6000000004533774500
6000000004533774506
6000000004533774514
6000000004533774520
6000000004533774538
6000000004533774544
6000000004533774561
6000000004533774567
6000000004533774599
6000000004533774826
6000000004533812563
6000000004533866098
6000000004533866104
6000000004533866111
6000000004533872571
6000000004533872598
6000000004533872604
6000000004533872731
6000000004533872782
6000000004533872788
6000000004533872794
6000000004533872801
6000000004533883410
6000000004533918063
6000000004533918632
6000000004533918807
6000000004533918815
6000000004533918945
6000000004533926117
6000000004533926380
6000000004533941060
6000000004533941074
6000000004533944690
6000000004533944932
6000000004533948143
6000000004534275582
6000000004536770395
6000000004536881166
6000000004543138179
6000000004543860129
6000000004545929704
6000000004546311781
6000000004546438922
6000000004548680406
6000000004548680413
6000000004548680419
6000000004548717765
6000000004549020407
6000000004549903632
6000000004553992078
6000000004554776665
6000000004555002292
6000000004555078076
6000000004555466226
6000000004555549095
6000000004556835744
6000000004565526990
6000000004568272315
6000000004569139731
6000000004569305459
6000000004569322449
6000000004569345471
6000000004569609494
6000000004569616464
6000000004570543627
6000000004570543634
6000000004570606628
6000000004570618214
6000000004570704255
6000000004570846702
6000000004570846709
6000000004570936489
6000000004570936496
6000000004571011376
6000000004571348945
6000000004581478776
6000000004586546893
6000000004586557447
6000000004586565238
6000000004586565260
6000000004586565434
6000000004586612594
6000000004589706086
6000000004589706569
6000000004589816855
6000000004589861169
6000000004589930012
6000000004611995009
6000000004612226018
6000000004612315016
6000000004630873041
6000000004638041474
6000000004638125065
6000000004641103843
6000000004641234135
6000000004645401302
6000000004645896271
6000000004645999036
6000000004646614667
6000000004646654333
6000000004647506531
6000000004647526626
6000000004647605698
6000000004648037609
6000000004648044280
6000000004648710071
6000000004648710083
6000000004648710324
6000000004656731080
6000000004656731086
6000000004656731094
6000000004656731100
6000000004656731106
6000000004656739050
6000000004656739426
6000000004656739464
6000000004656739499
6000000004656754798
6000000004656754810
6000000004656754815
6000000004656754820
6000000004656754828
6000000004656754833
6000000004656754841
6000000004660213991
6000000004660526012
6000000004660526351
6000000004660592415
6000000004660592737
6000000004660751427
6000000004665290738
6000000004665688687
6000000004666525158
6000000004668151640
6000000004668270505
6000000004668430381
6000000004668577328
6000000004671044584
6000000004671382160
6000000004673207320
6000000004673697650
6000000004674021249
6000000004677617677
6000000004680157968
6000000004680282254
6000000004680457860
6000000004680595668
6000000004680787142
6000000004685602529
6000000004688087718
6000000004688260290
6000000004688314308
6000000004689568515
6000000004690032329
6000000004690106122
6000000004690159249
6000000004691008193
6000000004691053165
6000000004697849241
6000000004719175019
6000000004725172002
6000000004774370007
6000000004774518008
6000000004825180456
6000000004827150892
6000000004827157736
6000000004827276873
6000000004828308499
6000000004828956170
6000000004831596402
6000000004831596409
6000000004831597880
6000000004831613586
6000000004838081617
6000000004838388133
6000000004839268609
6000000004839304936
6000000004839405750
6000000004839749189
6000000004840106862
6000000004840180800
6000000004840267313
6000000004840316935
6000000004840460281
6000000004840750234
6000000004840794314
6000000004840809205
6000000004840999361
6000000004841067384
6000000004846930902
6000000004846930928
6000000004847923376
6000000004848654337
6000000004848913637
6000000004850667392
6000000004851138430
6000000004851337517
6000000004851516071
6000000004851521249
6000000004852812605
6000000004859589412
6000000004861553343
6000000004861652206
6000000004861652212
6000000004861652218
6000000004863275809
6000000004863453409
6000000004863611375
6000000004863726673
6000000004863761158
6000000004863823276
6000000004868779866
6000000004868779873
6000000004868779887
6000000004868779898
6000000004868779922
6000000004868779986
6000000004868786362
6000000004868786477
6000000004868786573
6000000004868786867
6000000004868786926
6000000004868794121
6000000004868794127
6000000004868794162
6000000004868805911
6000000004868817468
6000000004868817486
6000000004868817501
6000000004868820301
6000000004868820497
6000000004868820796
6000000004868820803
6000000004868820824
6000000004868820831
6000000004868820987
6000000004868825144
6000000004868825160
6000000004868825198
6000000004868825212
6000000004868825219
6000000004868825307
6000000004868825363
6000000004868825370
6000000004868825377
6000000004868825686
6000000004868825693
6000000004868825755
6000000004868825762
6000000004868825768
6000000004868825775
6000000004868825781
6000000004868825790
6000000004868829561
6000000004868829581
6000000004868829920
6000000004868829929
6000000004868837135
6000000004868837146
6000000004868837171
6000000004868837771
6000000004868846022
6000000004868846074
6000000004868846082
6000000004868846200
6000000004868846208
6000000004868846215
6000000004868846222
6000000004868846229
6000000004868846237
6000000004868846255
6000000004868846277
6000000004868846355
6000000004868846363
6000000004868846371
6000000004868846919
6000000004868846934
6000000004868846978
6000000004868846994
6000000004868851005
6000000004868851014
6000000004868851070
6000000004868851077
6000000004868851116
6000000004868851124
6000000004868851133
6000000004868851147
6000000004868851156
6000000004868851163
6000000004868851170
6000000004868851195
6000000004868851557
6000000004868851583
6000000004868851590
6000000004868851632
6000000004868851639
6000000004868851834
6000000004868851987
6000000004868858001
6000000004868858008
6000000004868858091
6000000004868858516
6000000004868858524
6000000004868858538
6000000004868858547
6000000004868858554
6000000004868858564
6000000004868858571
6000000004868858580
6000000004868858843
6000000004868858850
6000000004868858857
6000000004868858892
6000000004868858899
6000000004868858906
6000000004868858991
6000000004868865009
6000000004868865030
6000000004868865051
6000000004868865065
6000000004868865079
6000000004868865086
6000000004868865543
6000000004868865551
6000000004868865580
6000000004868879425
6000000004868879436
6000000004868879716
6000000004868879805
6000000004868879819
6000000004868879826
6000000004868879855
6000000004868902258
6000000004868902270
6000000004868902279
6000000004868902305
6000000004868902314
6000000004868902779
6000000004868902788
6000000004868910207
6000000004868910232
6000000004868910240
6000000004868910303
6000000004868910312
6000000004868910448
6000000004868910485
6000000004868910494
6000000004868910536
6000000004868910553
6000000004868910577
6000000004868910661
6000000004868910669
6000000004868910678
6000000004868910690
6000000004868910697
6000000004868910704
6000000004868910756
6000000004868910772
6000000004868910786
6000000004868910793
6000000004868910800
6000000004868910860
6000000004868910867
6000000004868910874
6000000004868910884
6000000004868910891
6000000004868910975
6000000004868910982
6000000004868910989
6000000004868910996
6000000004868918231
6000000004868918238
6000000004868918336
6000000004868918344
6000000004868918415
6000000004868918457
6000000004868918499
6000000004868918513
6000000004868918521
6000000004868918528
6000000004868918822
6000000004868942248
6000000004868942255
6000000004868942291
6000000004868942724
6000000004868942732
6000000004868946041
6000000004868946048
6000000004868946083
6000000004868946110
6000000004868946117
6000000004868946349
6000000004868946389
6000000004868946396
6000000004868946956
6000000004868946970
6000000004868958110
6000000004868970668
6000000004868982232
6000000004868982278
6000000004868982600
6000000004868982614
6000000004868982621
6000000004868982667
6000000004868982682
6000000004868982689
6000000004868982696
6000000004868982704
6000000004868982792
6000000004868989063
6000000004868989150
6000000004868989164
6000000004868989180
6000000004868989340
6000000004868989347
6000000004868989354
6000000004868989574
6000000004868989609
6000000004868989617
6000000004868995358
6000000004868995393
6000000004868995400
6000000004868995922
6000000004869003557
6000000004869003765
6000000004869003877
6000000004869003884
6000000004869003892
6000000004869003907
6000000004869003921
6000000004869003929
6000000004869003981
6000000004869014203
6000000004869014210
6000000004869014683
6000000004869014690
6000000004869014830
6000000004869014858
6000000004869014886
6000000004869014928
6000000004869014985
6000000004869017013
6000000004869021724
6000000004869037306
6000000004869037313
6000000004869037447
6000000004869045168
6000000004869045800
6000000004869045809
6000000004869049152
6000000004869049159
6000000004869049166
6000000004869049173
6000000004869049181
6000000004869049188
6000000004869049195
6000000004869049322
6000000004869049343
6000000004869049514
6000000004869049528
6000000004869049569
6000000004869049636
6000000004869049708
6000000004869064462
6000000004869064943
6000000004869064950
6000000004869064957
6000000004869064964
6000000004869073667
6000000004869073952
6000000004869084151
6000000004869084360
6000000004869084375
6000000004869093009
6000000004869093016
6000000004869097978
6000000004869097985
6000000004869127873
6000000004869146851
6000000004869150099
6000000004869150127
6000000004869150134
6000000004869150169
6000000004869150176
6000000004869157543
6000000004869157553
6000000004869164349
6000000004869164356
6000000004869186521
6000000004869186586
6000000004869186593
6000000004869186684
6000000004869186698
6000000004869186756
6000000004869186766
6000000004869186773
6000000004869186780
6000000004869186808
6000000004869186815
6000000004869193413
6000000004869193434
6000000004869193637
6000000004869193644
6000000004869200369
6000000004869200384
6000000004869200391
6000000004869208933
6000000004869208941
6000000004869217795
6000000004869217803
6000000004869217852
6000000004869225115
6000000004869225171
6000000004870612250
6000000004870648136
6000000004870702053
6000000004871404533
6000000004879647587
6000000004879718731
6000000004880378306
6000000004880524817
6000000004880541686
6000000004880681528
6000000004881184538
6000000004881389154
6000000004881413186
6000000004903076002
6000000004916081011
6000000004954958423
6000000004957679597
6000000004957690942
6000000004958210817
6000000004960013154
6000000004965041297
6000000004966835929
6000000004966904901
6000000004967011431
6000000004967049001
6000000004967065697
6000000004967118327
6000000004969608873
6000000004969848939
6000000004972842857
6000000004973008243
6000000004973861668
6000000004974088942
6000000004974276593
6000000004974327334
6000000004974372122
6000000004974399295
6000000004974648050
6000000004979596772
6000000004979664757
6000000004979777552
6000000004985721617
6000000004988344492
6000000004988635174
6000000004988735770
6000000004990387956
6000000004990919055
6000000004992353450
6000000004992848601
6000000004996208829
6000000004996208836
6000000004996244962
6000000004996304370
6000000004996569451
6000000004997211434
6000000004998906633
6000000004998941157
6000000004999000967
6000000004999097855
6000000004999097862
6000000004999133332
6000000004999212309
6000000005002217707
6000000005003286874
6000000005003347827
6000000005003359621
6000000005003438735
6000000005004371232
6000000005004701677
6000000005005449637
6000000005006227919
6000000005006374142
6000000005008686666
6000000005009389500
6000000005011048025
6000000005011212036
6000000005011864691
6000000005011910929
6000000005012044691
6000000005012114705
6000000005012134163
6000000005012159143
6000000005012163120
6000000005012596287
6000000005013089190
6000000005013520418
6000000005013520425
6000000005015845266
6000000005016080809
6000000005016114573
6000000005016122161
6000000005016727590
6000000005017983373
6000000005018067052
6000000005018842387
6000000005018904531
6000000005019344067
6000000005020683684
6000000005020980756
6000000005021069786
6000000005021134497
6000000005021220206
6000000005021467278
6000000005021544103
6000000005021568071
6000000005021583021
6000000005022222725
6000000005026341820
6000000005026363763
6000000005026403746
6000000005026425623
6000000005026655281
6000000005026655492
6000000005026656089
6000000005026671974
6000000005026681422
6000000005029367221
6000000005035166996
6000000005035436700
6000000005035606028
6000000005037358032
6000000005037530650
6000000005037689063
6000000005038481512
6000000005039077080
6000000005039088371
6000000005041598810
6000000005042069515
6000000005045650865
6000000005045856581
6000000005046076290
6000000005048706601
6000000005049052482
6000000005049061681
6000000005049061707
6000000005049061712
6000000005049061722
6000000005049169266
6000000005049387058
6000000005049421000
6000000005049570690
6000000005049709800
6000000005049766696
6000000005049966397
6000000005049997287
6000000005051659288
6000000005059424801
6000000005059632369
6000000005060692479
6000000005060707656
6000000005060755108
6000000005062536963
6000000005062613809
6000000005062771569
6000000005062778475
6000000005062891366
6000000005062923062
6000000005063557395
6000000005064208780
6000000005065443285
6000000005065443858
6000000005065453564
6000000005065914146
6000000005066084145
6000000005066116839
6000000005066881556
6000000005066924921
6000000005067234593
6000000005067396783
6000000005067976578
6000000005068539735
6000000005072749060
6000000005073101033
6000000005075343353
6000000005076474146
6000000005076474301
6000000005076700501
6000000005076736265
6000000005076736656
6000000005076742255
6000000005076756201
6000000005076892702
6000000005076892712
6000000005076905322
6000000005076930664
6000000005077083039
6000000005077208721
6000000005077208742
6000000005080817262
6000000005081497052
6000000005081515096
6000000005086161863
6000000005086186583
6000000005086306048
6000000005087460017
6000000005088309024
6000000005098890813
6000000005101417015
6000000005102427541
6000000005103054785
6000000005103094403
6000000005106428523
6000000005106504115
6000000005106597003
6000000005106782088
6000000005134336003
6000000005154005003
6000000005219978683
6000000005222293166
6000000005222293173
6000000005222341077
6000000005222341084
6000000005222341104
6000000005222364034
6000000005222364041
6000000005222808447
6000000005223350855
6000000005223609276
6000000005226765491
6000000005229712625
6000000005229750431
6000000005230037321
6000000005230099220
6000000005230642398
6000000005230893308
6000000005232129757
6000000005241028746
6000000005241646924
6000000005241706738
6000000005246706642
6000000005246764520
6000000005246799099
6000000005246893029
6000000005246968657
6000000005246972658
6000000005248835643
6000000005250288671
6000000005250752283
6000000005250944982
6000000005250994199
6000000005259952001
6000000005264351012
6000000005268561001
6000000005290935001
6000000005376664001
6000000005376965003
6000000005377818010
6000000005378044001
6000000005380754889
6000000005381077114
6000000005381475028
6000000005381997903
6000000005382096874
6000000005382299298
6000000005382438667
6000000005382999004
6000000005383008240
6000000005391128983
6000000005391380859
6000000005391985684
6000000005393550715
6000000005393571042
6000000005394256371
6000000005394467510
6000000005394508003
6000000005394982455
6000000005395259852
6000000005395699562
6000000005398287081
6000000005402047663
6000000005403471259
6000000005404438661
6000000005404471344
6000000005406581101
6000000005406630017
6000000005406819728
6000000005406862960
6000000005407291287
6000000005413111373
6000000005413176846
6000000005414189917
6000000005414590318
6000000005414930904
6000000005415158955
6000000005416616842
6000000005417076176
6000000005417327409
6000000005417759097
6000000005419036970
6000000005420097975
6000000005420481509
6000000005424332645
6000000005436371592
6000000005436454389
6000000005436458239
6000000005437703254
6000000005440058476
6000000005440204203
6000000005468792580
6000000005474735001
6000000005476790001
6000000005478846023
6000000005506110023
6000000005517038003
6000000005517747001
6000000005560948730
6000000005561108429
6000000005566351597
6000000005566669474
6000000005566692200
6000000005573375778
6000000005573375782
6000000005573681454
6000000005573721269
6000000005573729021
6000000005573729895
6000000005573729899
6000000005573764992
6000000005573779404
6000000005573779416
6000000005575128307
6000000005576511080
6000000005576511140
6000000005577158936
6000000005577645124
6000000005581573565
6000000005581573571
6000000005585060837
6000000005585650379
6000000005585704284
6000000005586856920
6000000005587011087
6000000005587789441
6000000005587855694
6000000005588538629
6000000005588616059
6000000005588774140
6000000005589782837
6000000005589937849
6000000005591056052
6000000005597656201
6000000005597662049
6000000005597688171
6000000005597706401
6000000005597728020
6000000005597798062
6000000005598113568
6000000005598120039
6000000005598120190
6000000005598120221
6000000005598120631
6000000005598847685
6000000005598847840
6000000005598851255
6000000005598851327
6000000005598851433
6000000005598851643
6000000005598851872
6000000005598859036
6000000005598867088
6000000005598867316
6000000005598867737
6000000005598872029
6000000005598872449
6000000005598872880
6000000005598882201
6000000005598888440
6000000005598888561
6000000005598897132
6000000005598897143
6000000005598904003
6000000005599009107
6000000005599098019
6000000005599105351
6000000005599151568
6000000005599170844
6000000005599214239
6000000005599447055
6000000005606855208
6000000005606855392
6000000005606855774
6000000005606855784
6000000005606873645
6000000005606886314
6000000005606886334
6000000005606886342
6000000005606886450
6000000005606886622
6000000005606886639
6000000005606886646
6000000005606886653
6000000005606928456
6000000005606971487
6000000005606971528
6000000005606976376
6000000005606983447
6000000005606986984
6000000005606994640
6000000005607000195
6000000005607000241
6000000005607007945
6000000005607012010
6000000005607081903
6000000005607081976
6000000005607082491
6000000005607082498
6000000005607082512
6000000005607089620
6000000005607092328
6000000005607099245
6000000005607123503
6000000005607123730
6000000005607128624
6000000005607133268
6000000005607150579
6000000005607268509
6000000005607268671
6000000005607282941
6000000005607296161
6000000005607311180
6000000005607335640
6000000005607353362
6000000005607365222
6000000005607365269
6000000005607365383
6000000005607373046
6000000005607373100
6000000005607373338
6000000005607373349
6000000005607377021
6000000005607397446
6000000005607402019
6000000005607402531
6000000005607411041
6000000005607411052
6000000005607432679
6000000005607439733
6000000005607449101
6000000005607506571
6000000005607506659
6000000005607524813
6000000005607524820
6000000005607527499
6000000005607527509
6000000005607549824
6000000005607549845
6000000005607599800
6000000005607599821
6000000005607599851
6000000005607672589
6000000005607679530
6000000005607679539
6000000005607685980
6000000005607694001
6000000005607803402
6000000005607854405
6000000005607861733
6000000005607884543
6000000005607909602
6000000005608873564
6000000005608888306
6000000005608888770
6000000005608888778
6000000005608888785
6000000005608888920
6000000005608892034
6000000005608927581
6000000005608927596
6000000005608927995
6000000005608934604
6000000005608945124
6000000005608945131
6000000005608945139
6000000005608945180
6000000005608945194
6000000005609113076
6000000005609113638
6000000005609113669
6000000005609113911
6000000005609113922
6000000005609202986
6000000005609207268
6000000005609211295
6000000005609211322
6000000005609211417
6000000005609211426
6000000005609211500
6000000005609211510
6000000005609211686
6000000005609226806
6000000005609236960
6000000005609239014
6000000005609239104
6000000005609239515
6000000005609239524
6000000005609239533
6000000005609239542
6000000005609265258
6000000005609265360
6000000005609265378
6000000005609265389
6000000005609265407
6000000005609265416
6000000005609265442
6000000005609265475
6000000005609265493
6000000005609265500
6000000005609278900
6000000005609278965
6000000005609278974
6000000005609278982
6000000005609278991
6000000005609304829
6000000005609304839
6000000005609325928
6000000005609325974
6000000005609333794
6000000005609338220
6000000005609361691
6000000005609364982
6000000005609367164
6000000005609367392
6000000005609367430
6000000005609367443
6000000005609367806
6000000005609384911
6000000005609384919
6000000005609384957
6000000005609384982
6000000005609387002
6000000005609387009
6000000005609387056
6000000005609387915
6000000005609392897
6000000005609392906
6000000005609398117
6000000005609398143
6000000005609398151
6000000005609398159
6000000005609398166
6000000005609398785
6000000005609398914
6000000005609398918
6000000005609398993
6000000005609399000
6000000005609403010
6000000005609403018
6000000005609403027
6000000005609403034
6000000005609403042
6000000005609403325
6000000005609403335
6000000005609406624
6000000005609418377
6000000005609418394
6000000005609418962
6000000005609425842
6000000005609425851
6000000005609425861
6000000005609425998
6000000005609428801
6000000005609443289
6000000005609443742
6000000005609443783
6000000005609443790
6000000005609451948
6000000005609451965
6000000005609451972
6000000005609458561
6000000005609466730
6000000005609484916
6000000005609484928
6000000005609488212
6000000005609488787
6000000005609508324
6000000005609508929
6000000005609508945
6000000005609513979
6000000005609518027
6000000005609518066
6000000005609518075
6000000005609539698
6000000005609543446
6000000005609547535
6000000005609547544
6000000005609547575
6000000005609547635
6000000005609547672
6000000005609547691
6000000005609547730
6000000005609547739
6000000005609557532
6000000005609557623
6000000005609557790
6000000005609557801
6000000005609557822
6000000005609557834
6000000005609557854
6000000005609557863
6000000005609557881
6000000005609557941
6000000005609557950
6000000005609575167
6000000005609575175
6000000005609575184
6000000005609575220
6000000005622785343
6000000005623054046
6000000005644622005
6000000005644700019
6000000005686286001
6000000005687403005
6000000005687535001
6000000005687577435
6000000005687639365
6000000005689140001
6000000005691165001
6000000005692828001
6000000005693587029
6000000005694538013
6000000005703890001
6000000005704400010
6000000005705768014
6000000005737049161
6000000005738009388
6000000005739079393
6000000005739084218
6000000005739181918
6000000005739230155
6000000005739230804
6000000005741439172
6000000005744912555
6000000005744994348
6000000005744994368
6000000005744994427
6000000005745191778
6000000005746685993
6000000005747693324
6000000005747693329
6000000005747693334
6000000005747717823
6000000005747740533
6000000005757895476
6000000005758041019
6000000005767888778
6000000005768265987
6000000005768596735
6000000005768761797
6000000005769167071
6000000005769205096
6000000005770162904
6000000005770730889
6000000005770730942
6000000005770751127
6000000005770751137
6000000005770801520
6000000005770813486
6000000005770856227
6000000005770948239
6000000005775396620
6000000005776094027
6000000005779765984
6000000005779781444
6000000005780275436
6000000005784199697
6000000005784469124
6000000005784536054
6000000005784613052
6000000005788959827
6000000005789112209
6000000005789135437
6000000005789210986
6000000005789329209
6000000005789365172
6000000005789438199
6000000005789540697
6000000005790017172
6000000005790658979
6000000005790986904
6000000005791174546
6000000005791540221
6000000005791677093
6000000005791707018
6000000005791896564
6000000005791900593
6000000005791930741
6000000005791943640
6000000005792904234
6000000005794085315
6000000005794732228
6000000005795638082
6000000005795638104
6000000005795647301
6000000005795647343
6000000005795647489
6000000005795647601
6000000005795647645
6000000005811088010
6000000005811199001
6000000005811262018
6000000005811306006
6000000005856163014
6000000005861973018
6000000005863198667
6000000005864637017
6000000005869553008
6000000005870356001
6000000005873541019
6000000005874352030
6000000005874387003
6000000005881528561
6000000005895908004
6000000005910134385
6000000005910721929
6000000005911742635
6000000005911895391
6000000005912110182
6000000005913940193
6000000005913941106
6000000005920000922
6000000005922890529
6000000005924906190
6000000005928215062
6000000005930105664
6000000005930677988
6000000005931017192
6000000005931058360
6000000005931147613
6000000005931149698
6000000005931159551
6000000005931229140
6000000005931327454
6000000005931450615
6000000005931579157
6000000005931632199
6000000005931666029
6000000005931691377
6000000005931710162
6000000005931815165
6000000005934528029
6000000005934727448
6000000005934887877
6000000005935244050
6000000005935385050
6000000005935845569
6000000005936551695
6000000005936841091
6000000005936863007
6000000005936931116
6000000005936962165
6000000005937127057
6000000005938849037
6000000005939276220
6000000005939716536
6000000005940172199
6000000005941854365
6000000005944438076
6000000005946324308
6000000005946368472
6000000005947826577
6000000005948039197
6000000005953500314
6000000005953623952
6000000005953767042
6000000005953845689
6000000005954084362
6000000005954178221
6000000005954403496
6000000005956039079
6000000005957086421
6000000005957559109
6000000005964003205
6000000005965530995
6000000005968133589
6000000005969143728
6000000005987293003
6000000005990411008
6000000005997274764
6000000005999822001
6000000006000292008
6000000006002322820
6000000006007855001
6000000006009035001
6000000006011320007
6000000006018017562
6000000006018220006
6000000006018596002
6000000006019021001
6000000006019314001
6000000006019691008
6000000006019981001
6000000006023149013
6000000006023666011
6000000006026602016
6000000006036670007
6000000006077957709
6000000006078785713
6000000006079286768
6000000006079317279
6000000006079317319
6000000006079492556
6000000006079782831
6000000006079790328
6000000006079916148
6000000006080010470
6000000006080019451
6000000006083976219
6000000006087639405
6000000006088076037
6000000006090058905
6000000006090182957
6000000006090280647
6000000006090437341
6000000006090480551
6000000006090521585
6000000006092066072
6000000006092090205
6000000006092149172
6000000006092153019
6000000006092166085
6000000006092186241
6000000006092186261
6000000006093087545
6000000006093322184
6000000006094317342
6000000006094373163
6000000006094423024
6000000006096044564
6000000006098393265
6000000006099456448
6000000006099706018
6000000006100786044
6000000006100790425
6000000006100839364
6000000006101180186
6000000006101180751
6000000006101180957
6000000006101215751
6000000006101234761
6000000006101246396
6000000006101286882
6000000006101312698
6000000006101312714
6000000006101312718
6000000006101312751
6000000006101312755
6000000006101312759
6000000006101322830
6000000006101340131
6000000006101340139
6000000006101348166
6000000006101348547
6000000006101354184
6000000006101354281
6000000006101354384
6000000006101354388
6000000006101354400
6000000006101354412
6000000006101354469
6000000006101354494
6000000006101354499
6000000006101354564
6000000006101354569
6000000006101354573
6000000006101354589
6000000006101354595
6000000006101354604
6000000006101354608
6000000006101354612
6000000006101354617
6000000006101354623
6000000006101354628
6000000006101354639
6000000006101354644
6000000006101354649
6000000006101354653
6000000006101354658
6000000006101354662
6000000006101354667
6000000006101354678
6000000006101354683
6000000006101354687
6000000006101354693
6000000006101354702
6000000006101354707
6000000006101354712
6000000006101354717
6000000006101354726
6000000006101354731
6000000006101354736
6000000006101354745
6000000006101354766
6000000006101354780
6000000006101354786
6000000006101354791
6000000006101354797
6000000006101354801
6000000006101354807
6000000006101354813
6000000006101354819
6000000006101354824
6000000006101354828
6000000006101354833
6000000006101354838
6000000006101354844
6000000006101354848
6000000006101354852
6000000006101354877
6000000006101354883
6000000006101354887
6000000006101354893
6000000006101354905
6000000006101354910
6000000006101354916
6000000006101354920
6000000006101354926
6000000006101354978
6000000006101358003
6000000006101358616
6000000006101378991
6000000006101381220
6000000006101381435
6000000006101381478
6000000006101381611
6000000006101381621
6000000006101381875
6000000006101381936
6000000006101404871
6000000006101415430
6000000006101415532
6000000006101415543
6000000006101415576
6000000006101415836
6000000006101423090
6000000006101430311
6000000006101430326
6000000006101430330
6000000006101430335
6000000006101430339
6000000006101430344
6000000006101430348
6000000006101430360
6000000006101430364
6000000006101430368
6000000006101430374
6000000006101430380
6000000006101430384
6000000006101430389
6000000006101430394
6000000006101430399
6000000006101430412
6000000006101430416
6000000006101430421
6000000006101430426
6000000006101430432
6000000006101430437
6000000006101430441
6000000006101430446
6000000006101430452
6000000006101430458
6000000006101430463
6000000006101430490
6000000006101430495
6000000006101430601
6000000006101430765
6000000006101430773
6000000006103059273
6000000006103447029
6000000006103516025
6000000006103949345
6000000006103967287
6000000006103971265
6000000006104043208
6000000006109201186
6000000006110241894
6000000006110448877
6000000006110779493
6000000006110788739
6000000006110804638
6000000006110815389
6000000006110882117
6000000006110979268
6000000006111020247
6000000006111099181
6000000006111152118
6000000006111890476
6000000006112091343
6000000006112178099
6000000006113405242
6000000006113467099
6000000006119816324
6000000006120209725
6000000006120622450
6000000006120701110
6000000006120786110
6000000006120812143
6000000006120872045
6000000006120902003
6000000006123813097
6000000006124028786
6000000006125420277
6000000006125448136
6000000006125609239
6000000006125813004
6000000006127159684
6000000006127159693
6000000006127159702
6000000006127159716
6000000006127214816
6000000006127214858
6000000006127291225
6000000006127322690
6000000006127381394
6000000006127494073
6000000006127494328
6000000006127682204
6000000006127859612
6000000006127938104
6000000006128315972
6000000006128411604
6000000006129390166
6000000006130127140
6000000006131014605
6000000006131047120
6000000006131105658
6000000006131369851
6000000006131491053
6000000006131531097
6000000006131567298
6000000006134944581
6000000006135844664
6000000006135895371
6000000006136191141
6000000006136389060
6000000006136607061
6000000006136667021
6000000006144196001
6000000006144220002
6000000006146232904
6000000006146952792
6000000006151784313
6000000006163201245
6000000006166186694
6000000006166211905
6000000006166239650
6000000006171215964
6000000006171242074
6000000006171259545
6000000006171302672
6000000006171302689
6000000006174275230
6000000006174872773
6000000006174872994
6000000006175152646
6000000006175282418
6000000006175282468
6000000006175404311
6000000006175568510
6000000006175746012
6000000006175853094
6000000006183866418
6000000006187087744
6000000006187584476
6000000006187648324
6000000006188427792
6000000006206887948
6000000006207789508
6000000006208882253
6000000006209646776
6000000006209726376
6000000006209764570
6000000006209953129
6000000006209960107
6000000006209978636
6000000006210203413
6000000006210215414
6000000006210796399
6000000006211120330
6000000006211793351
6000000006231039889
6000000006231602689
6000000006231668658
6000000006232244373
6000000006232319371
6000000006232415242
6000000006232933635
6000000006232933655
6000000006232933659
6000000006233198170
6000000006236274527
6000000006240097504
6000000006240541810
6000000006240544619
6000000006241416281
6000000006241455727
6000000006241607051
6000000006242293627
6000000006242445833
6000000006242560469
6000000006244006504
6000000006250333608
6000000006250482371
6000000006250792091
6000000006251326364
6000000006252011561
6000000006252852276
6000000006253635635
6000000006266028197
6000000006266058940
6000000006266532197
6000000006270447176
6000000006271194025
6000000006271560771
6000000006271932219
6000000006272170073
6000000006272467155
6000000006272667842
6000000006272846549
6000000006273042104
6000000006273678850
6000000006274579773
6000000006275514388
6000000006275514426
6000000006275899033
6000000006275953110
6000000006276991515
6000000006277450036
6000000006277454096
6000000006277454334
6000000006277454509
6000000006277458978
6000000006277467384
6000000006277477609
6000000006277481815
6000000006277488391
6000000006277488501
6000000006277488521
6000000006277488555
6000000006277490567
6000000006277490715
6000000006277494323
6000000006277496927
6000000006277501560
6000000006277501852
6000000006277511164
6000000006277530783
6000000006277535119
6000000006277535355
6000000006277535391
6000000006277537870
6000000006277541701
6000000006277556378
6000000006277572061
6000000006277577034
6000000006277577274
6000000006277577279
6000000006277577397
6000000006277772039
6000000006277812007
6000000006277869048
6000000006280124368
6000000006281386116
6000000006283701220
6000000006290605509
6000000006290649504
6000000006290680541
6000000006290680582
6000000006290680696
6000000006290680740
6000000006290680744
6000000006290680748
6000000006290684667
6000000006290684671
6000000006290690807
6000000006290698560
6000000006290698601
6000000006290698976
6000000006290701109
6000000006290701113
6000000006290701198
6000000006290701202
6000000006290701427
6000000006290701556
6000000006290701611
6000000006290701729
6000000006290716901
6000000006290723319
6000000006290723416
6000000006290723442
6000000006290723470
6000000006290731049
6000000006290731053
6000000006290731061
6000000006290731130
6000000006290731839
6000000006290731843
6000000006290748620
6000000006290773071
6000000006290773294
6000000006293820191
6000000006294594631
6000000006296799111
6000000006321320508
6000000006321433426
6000000006321464612
6000000006321476639
6000000006322772024
6000000006323182161
6000000006323365059
6000000006332418252
6000000006338979184
6000000006345135821
6000000006346811878
6000000006346834599
6000000006346873253
6000000006350148730
6000000006350458660
6000000006350945134
6000000006351173172
6000000006355720542
6000000006356426171
6000000006356645320
6000000006357958730
6000000006358099267
6000000006358179885
6000000006358957087
6000000006365036886
6000000006365314569
6000000006365407973
6000000006365429953
6000000006365522519
6000000006365596303
6000000006366027491
6000000006366033661
6000000006366177606
6000000006366221216
6000000006367486317
6000000006367511239
6000000006377497551
6000000006377699582
6000000006377986027
6000000006378114022
6000000006386710007
6000000006404266080
6000000006404633968
6000000006404884501
6000000006404970349
6000000006405101196
6000000006405101490
6000000006405132052
6000000006405693020
6000000006409280949
6000000006409389681
6000000006410990497
6000000006411312185
6000000006411928510
6000000006412156065
6000000006413253264
6000000006413316096
6000000006414187221
6000000006414578231
6000000006417079440
6000000006420053747
6000000006420358940
6000000006420440641
6000000006420641372
6000000006420692242
6000000006420692444
6000000006420704264
6000000006420711150
6000000006420721111
6000000006420792286
6000000006420936026
6000000006421013012
6000000006422125713
6000000006422183306
6000000006422194686
6000000006422214851
6000000006425920047
6000000006425957056
6000000006426226093
6000000006426337030
6000000006428370888
6000000006428477266
6000000006428491389
6000000006428590101
6000000006435592832
6000000006436359683
6000000006436413760
6000000006436624848
6000000006436641118
6000000006442486534
6000000006442583351
6000000006444063482
6000000006444086718
6000000006444086851
6000000006444086952
6000000006444086956
6000000006444086960
6000000006444086966
6000000006444092638
6000000006444099365
6000000006444099399
6000000006444099404
6000000006444099811
6000000006444102978
6000000006444108010
6000000006444119727
6000000006444130138
6000000006444130480
6000000006444130826
6000000006444139545
6000000006444159440
6000000006444207606
6000000006444211363
6000000006444214384
6000000006444214394
6000000006444214524
6000000006444214534
6000000006444232625
6000000006444270409
6000000006444272490
6000000006444283100
6000000006444283441
6000000006444283454
6000000006444302718
6000000006444307257
6000000006444328048
6000000006444331600
6000000006444331614
6000000006444357850
6000000006444413842
6000000006444422097
6000000006444422102
6000000006444422467
6000000006444422472
6000000006444422508
6000000006444422522
6000000006444493750
6000000006444496545
6000000006444496579
6000000006444496614
6000000006444496621
6000000006444496628
6000000006444585186
6000000006444585568
6000000006444585585
6000000006444597314
6000000006444700132
6000000006444711394
6000000006444745961
6000000006444745977
6000000006444746010
6000000006444746021
6000000006444746042
6000000006444746047
6000000006444746067
6000000006444746101
6000000006444746112
6000000006444746138
6000000006444746147
6000000006444746151
6000000006444746169
6000000006444746658
6000000006444746670
6000000006444746709
6000000006444746932
6000000006444746936
6000000006444746961
6000000006444746965
6000000006444753224
6000000006444762178
6000000006444762285
6000000006444780421
6000000006444798390
6000000006445909058
6000000006450334581
6000000006450656828
6000000006451209985
6000000006451369773
6000000006451577913
6000000006451608453
6000000006451622387
6000000006451646308
6000000006451796150
6000000006451828146
6000000006451831121
6000000006451831140
6000000006451955612
6000000006456114813
6000000006462578008
6000000006462778013
6000000006462828010
6000000006463513008
6000000006480254001
6000000006480375026
6000000006480405005
6000000006496358950
6000000006508205018
6000000006508989001
6000000006509204013
6000000006509540001
6000000006513568001
6000000006515983001
6000000006568712910
6000000006568776789
6000000006569110713
6000000006569185248
6000000006569555544
6000000006574729702
6000000006575228798
6000000006575335754
6000000006575365740
6000000006575491544
6000000006575942084
6000000006582545963
6000000006582585105
6000000006582663777
6000000006582766550
6000000006582852027
6000000006589049187
6000000006589049195
6000000006589049203
6000000006589049211
6000000006589072795
6000000006589072800
6000000006589075249
6000000006589075895
6000000006589092441
6000000006589092459
6000000006589101214
6000000006589101220
6000000006589101230
6000000006589406117
6000000006591165821
6000000006591263683
6000000006591438787
6000000006591514748
6000000006591545591
6000000006591583687
6000000006591586020
6000000006591868087
6000000006591877138
6000000006591901100
6000000006591947092
6000000006591976147
6000000006591978194
6000000006592017657
6000000006592340139
6000000006594579046
6000000006595911272
6000000006596578757
6000000006596628946
6000000006596757510
6000000006596898308
6000000006596984132
6000000006597091264
6000000006597091433
6000000006597096263
6000000006597096346
6000000006597096768
6000000006597112520
6000000006597124957
6000000006602628343
6000000006602628669
6000000006602653847
6000000006606539094
6000000006607966476
6000000006608203220
6000000006694918162
6000000006704882974
6000000006705245388
6000000006705663403
6000000006706372714
6000000006712629565
6000000006712659528
6000000006712918218
6000000006712955097
6000000006713618935
6000000006713778572
6000000006713833575
6000000006713883443
6000000006713894010
6000000006714099182
6000000006714384628
6000000006714512302
6000000006714532048
6000000006714534494
6000000006718751474
6000000006719674684
6000000006719774273
6000000006719808183
6000000006721857089
6000000006721893593
6000000006724843022
6000000006727785502
6000000006727785569
6000000006727790665
6000000006727794050
6000000006727794694
6000000006727797207
6000000006727800955
6000000006727800962
6000000006727805397
6000000006727805406
6000000006727805422
6000000006727805501
6000000006727805911
6000000006727805921
6000000006727817857
6000000006727820286
6000000006727820321
6000000006727820645
6000000006727820653
6000000006727820668
6000000006727821546
6000000006727821563
6000000006727821620
6000000006727821695
6000000006727821721
6000000006727821728
6000000006727821749
6000000006727821759
6000000006727821946
6000000006727823308
6000000006727823429
6000000006727823439
6000000006727823544
6000000006727823591
6000000006727826345
6000000006727826429
6000000006727826436
6000000006727827585
6000000006727827834
6000000006727830343
6000000006727830874
6000000006727830881
6000000006727830903
6000000006727832747
6000000006727832775
6000000006727832846
6000000006727838322
6000000006727838612
6000000006727838832
6000000006727838839
6000000006727839960
6000000006727840002
6000000006727840024
6000000006727840037
6000000006727840044
6000000006727840212
6000000006727853745
6000000006727855670
6000000006727858380
6000000006727862030
6000000006727862790
6000000006727863240
6000000006727867629
6000000006727867636
6000000006727867660
6000000006727867674
6000000006727867688
6000000006727867908
6000000006727867983
6000000006727869011
6000000006727869091
6000000006727869236
6000000006727869428
6000000006727869435
6000000006727871031
6000000006727871181
6000000006727871663
6000000006727871800
6000000006727871858
6000000006727871963
6000000006727873134
6000000006727873141
6000000006727873289
6000000006727873371
6000000006727873467
6000000006727873475
6000000006727873559
6000000006727873611
6000000006727873891
6000000006727873998
6000000006727876600
6000000006727876641
6000000006727876701
6000000006727876736
6000000006727876826
6000000006727876881
6000000006727878120
6000000006727878135
6000000006727878243
6000000006727878365
6000000006727878375
6000000006727878435
6000000006727878440
6000000006727878455
6000000006727878465
6000000006727878485
6000000006727878490
6000000006727878625
6000000006727878810
6000000006727878837
6000000006727880274
6000000006727880382
6000000006727885898
6000000006727885966
6000000006727888172
6000000006727888417
6000000006727888646
6000000006727888669
6000000006727895068
6000000006727897970
6000000006727897985
6000000006727902278
6000000006727902633
6000000006727913630
6000000006727915122
6000000006727915303
6000000006727915313
6000000006727915717
6000000006727915740
6000000006727915839
6000000006727915849
6000000006727915854
6000000006727915995
6000000006727917510
6000000006727917849
6000000006727917874
6000000006727920904
6000000006727922137
6000000006727922574
6000000006727924302
6000000006727931129
6000000006727931951
6000000006727940340
6000000006727940347
6000000006727942191
6000000006727944542
6000000006727944590
6000000006727944650
6000000006727944691
6000000006727944769
6000000006727944778
6000000006727944904
6000000006727945289
6000000006727945341
6000000006727945857
6000000006727947350
6000000006727947687
6000000006727947812
6000000006727947903
6000000006727954721
6000000006727956918
6000000006727957974
6000000006727957995
6000000006727958450
6000000006727959511
6000000006731380168
6000000006731703026
6000000006734852355
6000000006735483316
6000000006735548889
6000000006735606730
6000000006735697304
6000000006735773085
6000000006741208328
6000000006741689895
6000000006741778686
6000000006741906431
6000000006763325794
6000000006763359957
6000000006763508268
6000000006763568151
6000000006763643371
6000000006764269412
6000000006775928585
6000000006776171427
6000000006776171697
6000000006776171804
6000000006776171884
6000000006776171892
6000000006776171900
6000000006776171944
6000000006776176053
6000000006776180208
6000000006776180590
6000000006776180733
6000000006776180821
6000000006776180996
6000000006776185060
6000000006776185212
6000000006776185252
6000000006776185260
6000000006776185324
6000000006776185332
6000000006776185554
6000000006776185586
6000000006776185725
6000000006776185900
6000000006776187194
6000000006776187218
6000000006776187362
6000000006776187370
6000000006776187394
6000000006776187402
6000000006776187410
6000000006776187543
6000000006776187742
6000000006776331618
6000000006776835465
6000000006781963580
6000000006782136431
6000000006782263114
6000000006782325048
6000000006782623073
6000000006783031489
6000000006783520581
6000000006783575928
6000000006783639478
6000000006783706584
6000000006783710804
6000000006783735567
6000000006783803767
6000000006783803776
6000000006783880503
6000000006783887495
6000000006783928270
6000000006783933412
6000000006784000160
6000000006784110054
6000000006784143033
6000000006784151163
6000000006784190103
6000000006784211061
6000000006784281059
6000000006784294033
6000000006784412086
6000000006787341423
6000000006787547225
6000000006787562160
6000000006787656102
6000000006787661090
6000000006787667037
6000000006787739014
6000000006787742025
6000000006787742032
6000000006788972615
6000000006789133513
6000000006789327015
6000000006790436253
6000000006792546007
6000000006795691177
6000000006797045757
6000000006797256803
6000000006797471148
6000000006797646030
6000000006797819719
6000000006797899567
6000000006797934613
6000000006798090572
6000000006798368029
6000000006798436002
6000000006802375905
6000000006802444826
6000000006802499812
6000000006802511612
6000000006802589692
6000000006802737977
6000000006802738438
6000000006802815962
6000000006802947082
6000000006803000325
6000000006803069594
6000000006803084798
6000000006803103962
6000000006803113842
6000000006803156203
6000000006803156563
6000000006803156915
6000000006803159672
6000000006803174710
6000000006803179420
6000000006803201478
6000000006803210128
6000000006803220967
6000000006803223575
6000000006803245555
6000000006803272275
6000000006803350389
6000000006803418552
6000000006803425385
6000000006803435802
6000000006803447594
6000000006803460747
6000000006803464779
6000000006803464787
6000000006803500293
6000000006803576196
6000000006803620674
6000000006803630249
6000000006803692141
6000000006803705648
6000000006803712071
6000000006803754266
6000000006803756255
6000000006803765254
6000000006803786073
6000000006803788031
6000000006803795201
6000000006803817138
6000000006803841215
6000000006803847046
6000000006803853117
6000000006804155423
6000000006809331942
6000000006809414933
6000000006810570718
6000000006812995423
6000000006816739430
6000000006816781407
6000000006816808313
6000000006816844228
6000000006816915069
6000000006816937076
6000000006816971014
6000000006818333657
6000000006818507510
6000000006818880683
6000000006820368356
6000000006820728064
6000000006820730129
6000000006820831066
6000000006820844039
6000000006820953001
6000000006820955005
6000000006826385044
6000000006828575883
6000000006831823543
6000000006835051081
6000000006835094016
6000000006837258682
6000000006842879105
6000000006843567556
6000000006843762484
6000000006847090177
6000000006852726479
6000000006852916225
6000000006852924238
6000000006852930245
6000000006853091053
6000000006859413853
6000000006861129425
6000000006861179420
6000000006861370135
6000000006861376082
6000000006863691139
6000000006864196194
6000000006865703890
6000000006868924292
6000000006869582945
6000000006869614983
6000000006869780981
6000000006869943404
6000000006870085654
6000000006870095467
6000000006870125218
6000000006870170223
6000000006870219033
6000000006870219308
6000000006870244136
6000000006870272099
6000000006871110690
6000000006874552685
6000000006875137282
6000000006880491517
6000000006882532104
6000000006882977275
6000000006897670347
6000000006904294096
6000000006904294666
6000000006905895228
6000000006905998531
6000000006905998786
6000000006906038090
6000000006906038573
6000000006906038788
6000000006906066396
6000000006906082545
6000000006906122964
6000000006906208607
6000000006906224300
6000000006906279667
6000000006906294761
6000000006906319108
6000000006906341870
6000000006906341951
6000000006906358038
6000000006906358050
6000000006906358062
6000000006906358126
6000000006906358150
6000000006906358240
6000000006906358298
6000000006906358364
6000000006906358387
6000000006906358393
6000000006906358399
6000000006906358485
6000000006906358557
6000000006906358676
6000000006906358909
6000000006906358945
6000000006906358969
6000000006906376127
6000000006906376338
6000000006906376356
6000000006906376656
6000000006906376819
6000000006906376959
6000000006906396100
6000000006906396112
6000000006906396145
6000000006906396815
6000000006906412348
6000000006906412491
6000000006906412508
6000000006906412678
6000000006906428267
6000000006906428333
6000000006906428390
6000000006906428841
6000000006906428932
6000000006906447277
6000000006906447284
6000000006906447443
6000000006906447529
6000000006906464060
6000000006906464210
6000000006906464480
6000000006906495353
6000000006906495864
6000000006906506088
6000000006906506120
6000000006906506387
6000000006906517236
6000000006906517730
6000000006906517836
6000000006906526596
6000000006906534035
6000000006906534335
6000000006906543427
6000000006906543684
6000000006906543961
6000000006906550173
6000000006906550197
6000000006906550416
6000000006906563318
6000000006906563398
6000000006906563934
6000000006906570375
6000000006906578140
6000000006906578280
6000000006906587751
6000000006906614042
6000000006906624674
6000000006906640457
6000000006906640730
6000000006906647110
6000000006906647563
6000000006906647836
6000000006906647944
6000000006906655066
6000000006906665043
6000000006906665142
6000000006906665314
6000000006906665778
6000000006906676099
6000000006906676716
6000000006906684531
6000000006906697113
6000000006906697171
6000000006906706448
6000000006906706835
6000000006906715458
6000000006906715592
6000000006906738715
6000000006906769805
6000000006906769813
6000000006906769996
6000000006906787270
6000000006906787821
6000000006906799262
6000000006906805399
6000000006906805701
6000000006906839736
6000000006906959035
6000000006907037700
6000000006907072659
6000000006909594611
6000000006909878207
6000000006909971074
6000000006910430457
6000000006910546216
6000000006910550857
6000000006910550924
6000000006910563880
6000000006910963300
6000000006911137060
6000000006911194171
6000000006911194175
6000000006911199259
6000000006911489831
6000000006924788090
6000000006926085889
6000000006926425312
6000000006927809505
6000000006929968676
6000000006930605572
6000000006931276705
6000000006935568812
6000000006936280466
6000000006937079531
6000000006937375326
6000000006939249109
6000000006946629116
6000000006947563626
6000000006947631215
6000000006951629328
6000000006959579132
6000000006959784014
6000000006961806584
6000000006962547085
6000000006963883084
6000000006963884155
6000000006963892442
6000000006963922639
6000000006963953359
6000000006963953420
6000000006964001859
6000000006964026189
6000000006964027522
6000000006964032752
6000000006964041394
6000000006964046239
6000000006964229162
6000000006964312073
6000000006964530073
6000000006964530350
6000000006964561032
6000000006965307188
6000000006966715080
6000000006968986647
6000000006969071691
6000000006969583571
6000000006970940899
6000000006971101504
6000000006971208267
6000000006971256586
6000000006971357246
6000000006971419030
6000000006971477022
6000000006971626120
6000000006971674088
6000000006971891137
6000000006977339144
6000000006977349377
6000000006978348319
6000000006978538048
6000000006979611547
6000000006979611558
6000000006979611632
6000000006979615114
6000000006979615129
6000000006979615138
6000000006979624714
6000000006979640396
6000000006979640399
6000000006979640431
6000000006979640510
6000000006979663414
6000000006979663873
6000000006979663876
6000000006987454176
6000000006987545010
6000000006988048964
6000000006988203922
6000000006988277433
6000000006988277451
6000000006988297553
6000000006988332452
6000000006988340843
6000000006988416823
6000000006988481419
6000000006988492120
6000000006988514328
6000000006988532127
6000000006988549183
6000000006988568013
6000000006988634143
6000000006988706172
6000000006988758746
6000000006988965155
6000000006989509411
6000000006989617193
6000000006989717330
6000000006990590476
6000000006994999074
6000000006995788403
6000000006997358200
6000000006997472376
6000000006998816386
6000000006998861430
6000000006999030219
6000000007002925015
6000000007005746972
6000000007005982778
6000000007006053264
6000000007006497039
6000000007010902347
6000000007012112630
6000000007012443618
6000000007012577667
6000000007012891035
6000000007013306235
6000000007013329199
6000000007013347220
6000000007013624269
6000000007014054306
6000000007016138768
6000000007016226606
6000000007016298334
6000000007016425641
6000000007016579387
6000000007016668173
6000000007016733239
6000000007016735004
6000000007016980039
6000000007020763500
6000000007021312882
6000000007021340142
6000000007021711716
6000000007022201866
6000000007022210486
6000000007022461275
6000000007022543268
6000000007022561109
6000000007023442726
6000000007025334837
6000000007025334841
6000000007025559649
6000000007025824186
6000000007026096031
6000000007026124028
6000000007031149199
6000000007031643650
6000000007032279184
6000000007032495521
6000000007033373775
6000000007033373808
6000000007033520438
6000000007033835242
6000000007033906052
6000000007041379411
6000000007041409270
6000000007041485135
6000000007042359238
6000000007042421353
6000000007042481899
6000000007042665732
6000000007042743388
6000000007042775500
6000000007043007101
6000000007043259234
6000000007043307010
6000000007043482057
6000000007044315335
6000000007044558038
6000000007048515168
6000000007048749006
6000000007049530875
6000000007049576718
6000000007051737905
6000000007052168881
6000000007052382417
6000000007052433422
6000000007052456452
6000000007052529132
6000000007052530090
6000000007052556138
6000000007052575070
6000000007052582083
6000000007052588140
6000000007052629091
6000000007052696063
6000000007057206263
6000000007057447263
6000000007057735234
6000000007057772027
6000000007057784035
6000000007057966845
6000000007058193896
6000000007058378429
6000000007058430981
6000000007058571761
6000000007058571963
6000000007058719011
6000000007058745828
6000000007058802262
6000000007058819877
6000000007058854753
6000000007058978064
6000000007058988050
6000000007059054092
6000000007059069239
6000000007059092099
6000000007060705339
6000000007060931064
6000000007061365126
6000000007061760391
6000000007061984364
6000000007062656315
6000000007062807597
6000000007062931723
6000000007062931743
6000000007062987558
6000000007063037171
6000000007066980499
6000000007068521484
6000000007068522384
6000000007068708192
6000000007069244332
6000000007075932439
6000000007075933430
6000000007076068507
6000000007076225069
6000000007078767466
6000000007079214226
6000000007079832221
6000000007079953080
6000000007086528162
6000000007086577488
6000000007086614548
6000000007086662766
6000000007086799142
6000000007086803438
6000000007086825325
6000000007087011118
6000000007087011123
6000000007087224258
6000000007087224270
6000000007087224284
6000000007087224288
6000000007089811407
6000000007089842705
6000000007090191234
6000000007094892111
6000000007095401758
6000000007095800229
6000000007096179093
6000000007096808207
6000000007097705271
6000000007103398739
6000000007103398744
6000000007103443860
6000000007103443865
6000000007103452969
6000000007103452979
6000000007103452983
6000000007103452987
6000000007103485616
6000000007103611425
6000000007103611430
6000000007103673380
6000000007103887428
6000000007103887434
6000000007103935652
6000000007103935658
6000000007104027624
6000000007104027630
6000000007104114538
6000000007104114544
6000000007104160939
6000000007104640262
6000000007104640268
6000000007104698549
6000000007104698566
6000000007104725253
6000000007104776207
6000000007104949965
6000000007104949971
6000000007105121696
6000000007105218345
6000000007105274471
6000000007105274478
6000000007105284472
6000000007105784535
6000000007105784541
6000000007105938290
6000000007105948299
6000000007105948305
6000000007114444629
6000000007117021938
6000000007117060407
6000000007121362533
6000000007123597881
6000000007127604324
6000000007131205792
6000000007134311546
6000000007136117474
6000000007136237358
6000000007136351357
6000000007136563201
6000000007139980393
6000000007140194261
6000000007140207274
6000000007140208210
6000000007140228220
6000000007140233316
6000000007140720516
6000000007141651300
6000000007150774373
6000000007150774528
6000000007150774919
6000000007150815865
6000000007150824240
6000000007150827754
6000000007150835585
6000000007150835678
6000000007150836101
6000000007150846755
6000000007150861989
6000000007150865273
6000000007150869626
6000000007150874670
6000000007150881868
6000000007150899257
6000000007150899697
6000000007150900123
6000000007150906456
6000000007150919378
6000000007150919401
6000000007150940630
6000000007150950294
6000000007150950849
6000000007150962765
6000000007150970387
6000000007151003755
6000000007151013109
6000000007151018800
6000000007151025332
6000000007151025583
6000000007151025719
6000000007151066816
6000000007151074579
6000000007151075189
6000000007151083252
6000000007151084095
6000000007151099425
6000000007151112923
6000000007151123936
6000000007151138969
6000000007151138986
6000000007151166308
6000000007151233282
6000000007151233366
6000000007151244463
6000000007151244692
6000000007151244885
6000000007151251247
6000000007151251870
6000000007151252193
6000000007151257772
6000000007151269497
6000000007151287124
6000000007151297723
6000000007151316257
6000000007151316586
6000000007151322733
6000000007151327775
6000000007151334697
6000000007151334835
6000000007151361260
6000000007151374532
6000000007151404634
6000000007151415359
6000000007151415493
6000000007151460153
6000000007151472333
6000000007151472634
6000000007151472952
6000000007151473094
6000000007151509291
6000000007151522560
6000000007151522815
6000000007151555328
6000000007151573308
6000000007151587321
6000000007151587832
6000000007151587870
6000000007151588113
6000000007151604743
6000000007151604799
6000000007151614226
6000000007151640930
6000000007151674287
6000000007151675195
6000000007151702098
6000000007151720276
6000000007151724706
6000000007151730632
6000000007151750224
6000000007151766150
6000000007151785822
6000000007151786603
6000000007151786794
6000000007151798615
6000000007151803604
6000000007151823690
6000000007151834654
6000000007151852239
6000000007151890635
6000000007151890921
6000000007151890978
6000000007151891110
6000000007151909804
6000000007151927394
6000000007151927412
6000000007151943238
6000000007151944015
6000000007151980579
6000000007152014225
6000000007152031444
6000000007152092205
6000000007152097436
6000000007152129568
6000000007152159319
6000000007152166394
6000000007152232364
6000000007152235217
6000000007152833600
6000000007153116755
6000000007153271602
6000000007153271607
6000000007153646266
6000000007153667236
6000000007158317181
6000000007158491988
6000000007158512933
6000000007158529031
6000000007158556871
6000000007158583803
6000000007158651840
6000000007158773350
6000000007158928212
6000000007158955898
6000000007159015288
6000000007159015355
6000000007159091990
6000000007159145356
6000000007159178334
6000000007159178997
6000000007159201467
6000000007159201865
6000000007159358779
6000000007159407883
6000000007159434970
6000000007159504846
6000000007159516157
6000000007159540301
6000000007159575947
6000000007159604788
6000000007159669623
6000000007159731839
6000000007160041228
6000000007160041835
6000000007160176211
6000000007160248594
6000000007160279538
6000000007160320355
6000000007160330450
6000000007161356474
6000000007161358419
6000000007161365878
6000000007161373496
6000000007161406498
6000000007161503201
6000000007161505211
6000000007161506208
6000000007161513237
6000000007165964518
6000000007166209522
6000000007166320333
6000000007167705951
6000000007168215733
6000000007168951509
6000000007169080261
6000000007169716855
6000000007170562706
6000000007171166333
6000000007171367286
6000000007171427292
6000000007171629271
6000000007175052771
6000000007175170913
6000000007175673322
6000000007175754295
6000000007175756336
6000000007175786227
6000000007176713157
6000000007176892629
6000000007176909706
6000000007177013341
6000000007177486846
6000000007177490851
6000000007177618613
6000000007177777542
6000000007177791864
6000000007177853683
6000000007177935621
6000000007177954808
6000000007177971808
6000000007177976262
6000000007177991418
6000000007178012940
6000000007178085294
6000000007178086212
6000000007178114860
6000000007178121265
6000000007178201225
6000000007178205323
6000000007178255359
6000000007178268218
6000000007178302265
6000000007178328224
6000000007178350211
6000000007179395766
6000000007179396068
6000000007183279647
6000000007185428279
6000000007185622035
6000000007186271392
6000000007186344294
6000000007186364367
6000000007186376295
6000000007186404253
6000000007186417318
6000000007186435218
6000000007186471201
6000000007186471271
6000000007190239235
6000000007190454203
6000000007190573413
6000000007190576330
6000000007190748446
6000000007190751289
6000000007191113212
6000000007191398255
6000000007191415972
6000000007191918707
6000000007192013315
6000000007202988733
6000000007208478772
6000000007209070059
6000000007209082108
6000000007211275783
6000000007211674203
6000000007213183226
6000000007215687165
6000000007219540254
6000000007220297924
6000000007220506333
6000000007220578332
6000000007220632437
6000000007220645211
6000000007220941543
6000000007221095216
6000000007223483821
6000000007223492316
6000000007223539181
6000000007223574603
6000000007223606324
6000000007223642219
6000000007223746745
6000000007223776248
6000000007223867764
6000000007223902100
6000000007223985675
6000000007224055390
6000000007224151132
6000000007224158488
6000000007224161902
6000000007224161906
6000000007224180913
6000000007224180921
6000000007224216898
6000000007224278380
6000000007224439457
6000000007224471381
6000000007224488329
6000000007224517301
6000000007224517343
6000000007224533676
6000000007224544039
6000000007225423174
6000000007225678913
6000000007225772098
6000000007225974316
6000000007226222201
6000000007228090997
6000000007228325270
6000000007229277875
6000000007232003012
6000000007232192644
6000000007233295515
6000000007233430272
6000000007233641797
6000000007235808624
6000000007237395312
6000000007239694119
6000000007239826191
6000000007239915124
6000000007239918932
6000000007240168548
6000000007240267242
6000000007240824388
6000000007240843378
6000000007241237658
6000000007241262485
6000000007241283792
6000000007242658393
6000000007242731339
6000000007242858997
6000000007243451633
6000000007243652333
6000000007243988219
6000000007244287240
6000000007244376077
6000000007245448212
6000000007247902707
6000000007248628259
6000000007248655266
6000000007248741353
6000000007248988839
6000000007249000737
6000000007249053354
6000000007249226008
6000000007249389502
6000000007249499326
6000000007249954457
6000000007254412253
6000000007254412258
6000000007255359586
6000000007255368835
6000000007255394250
6000000007255394375
6000000007255394379
6000000007255856215
6000000007260115527
6000000007260250269
6000000007264355619
6000000007265083885
6000000007265252867
6000000007265845639
6000000007265846536
6000000007265865512
6000000007265870566
6000000007270866239
6000000007271029208
6000000007273099131
6000000007273295799
6000000007273301741
6000000007273413874
6000000007273418655
6000000007273625605
6000000007274283215
6000000007277827729
6000000007278934387
6000000007279395059
6000000007279735906
6000000007279827834
6000000007279913359
6000000007279962268
6000000007280726030
6000000007281071419
6000000007283504914
6000000007287631566
6000000007292659352
6000000007294928449
6000000007297857008
6000000007297979815
6000000007298202543
6000000007299527725
6000000007299712660
6000000007301005741
6000000007301226440
6000000007302676831
6000000007302772225
6000000007302828216
6000000007303926737
6000000007304061428
6000000007304150583
6000000007305154103
6000000007305230792
6000000007305333439
6000000007305593204
6000000007305672988
6000000007305676823
6000000007305676841
6000000007305676917
6000000007305676936
6000000007305677087
6000000007305690654
6000000007305690659
6000000007310854271
6000000007310919348
6000000007312404163
6000000007312523885
6000000007312819376
6000000007316238334
6000000007316403023
6000000007318350359
6000000007318523244
6000000007320018630
6000000007320145416
6000000007320330946
6000000007320577748
6000000007320714746
6000000007320751900
6000000007320795735
6000000007320857463
6000000007320864378
6000000007324386873
6000000007324607280
6000000007324649266
6000000007328237457
6000000007328839427
6000000007328839926
6000000007328850936
6000000007328881496
6000000007328882131
6000000007328895205
6000000007328933873
6000000007328955712
6000000007328963493
6000000007328963882
6000000007328981837
6000000007328981913
6000000007328999699
6000000007328999766
6000000007329000074
6000000007329007575
6000000007329033040
6000000007329033043
6000000007329050618
6000000007329057019
6000000007329105586
6000000007329105646
6000000007329105813
6000000007329105940
6000000007329114068
6000000007329114076
6000000007329146377
6000000007329146760
6000000007329170265
6000000007329350026
6000000007329350049
6000000007329350053
6000000007329350060
6000000007329359444
6000000007329359451
6000000007329359470
6000000007329359613
6000000007329359671
6000000007329359922
6000000007329359947
6000000007329360118
6000000007329360123
6000000007329360126
6000000007329368699
6000000007329368775
6000000007329368929
6000000007329369069
6000000007329369151
6000000007329382380
6000000007329382543
6000000007329382852
6000000007329382857
6000000007329383039
6000000007329383086
6000000007329393664
6000000007329503253
6000000007329643116
6000000007329725483
6000000007329867150
6000000007329875388
6000000007329991665
6000000007330164271
6000000007330223786
6000000007330743718
6000000007330939065
6000000007331031347
6000000007331108288
6000000007331144280
6000000007331144311
6000000007331145321
6000000007331177218
6000000007331622581
6000000007331641447
6000000007335484017
6000000007335656040
6000000007335906838
6000000007335981362
6000000007336221457
6000000007336586390
6000000007336627094
6000000007336866596
6000000007337035804
6000000007337083753
6000000007337162704
6000000007337177563
6000000007337182569
6000000007337183645
6000000007337244097
6000000007337261308
6000000007337390586
6000000007337596304
6000000007338667580
6000000007338753527
6000000007338979252
6000000007345045139
6000000007345079137
6000000007345119911
6000000007345271587
6000000007345404382
6000000007345555913
6000000007345667631
6000000007345716842
6000000007345723540
6000000007345818438
6000000007345823447
6000000007347747353
6000000007347782359
6000000007347853258
6000000007347974421
6000000007348713588
6000000007348780515
6000000007348849446
6000000007349012338
6000000007349214316
6000000007349247294
6000000007351784249
6000000007352562532
6000000007352740079
6000000007352999245
6000000007353017664
6000000007353076371
6000000007353089447
6000000007353584504
6000000007355860351
6000000007355913208
6000000007356394303
6000000007360872802
6000000007360939224
6000000007360977697
6000000007361002701
6000000007361054747
6000000007361074586
6000000007361143654
6000000007361178569
6000000007361186497
6000000007361285243
6000000007361352517
6000000007361365363
6000000007361407306
6000000007363076546
6000000007363447605
6000000007363869269
6000000007363914201
6000000007364772006
6000000007368480488
6000000007369197595
6000000007369851958
6000000007369880557
6000000007370097958
6000000007370141910
6000000007370175678
6000000007370211940
6000000007370270426
6000000007370284470
6000000007370433466
6000000007370465360
6000000007372736542
6000000007372780540
6000000007372854298
6000000007373056864
6000000007373484281
6000000007373509229
6000000007373534300
6000000007373557391
6000000007375971657
6000000007376207986
6000000007376492703
6000000007376783807
6000000007376819364
6000000007377067414
6000000007377084456
6000000007377094526
6000000007377148524
6000000007377151717
6000000007377159393
6000000007377213718
6000000007377232723
6000000007377299625
6000000007377315413
6000000007377345788
6000000007377440374
6000000007377453286
6000000007377454354
6000000007377482324
6000000007377617601
6000000007377718429
6000000007378147830
6000000007378260165
6000000007380924986
6000000007380963419
6000000007381773296
6000000007383469879
6000000007383486413
6000000007383527377
6000000007383740134
6000000007383798203
6000000007383870130
6000000007383955866
6000000007383978909
6000000007384023934
6000000007384125507
6000000007384129897
6000000007384129915
6000000007384364227
6000000007384364254
6000000007384385901
6000000007384473603
6000000007384786331
6000000007384851588
6000000007384965471
6000000007385419119
6000000007385419136
6000000007385420123
6000000007385429088
6000000007385467079
6000000007385588835
6000000007385600747
6000000007385605773
6000000007385644071
6000000007385687754
6000000007385688935
6000000007385723086
6000000007385751489
6000000007385781976
6000000007385806139
6000000007385814564
6000000007385846941
6000000007385868365
6000000007385895781
6000000007385908493
6000000007386020209
6000000007386566361
6000000007386692192
6000000007386881233
6000000007386934705
6000000007386995918
6000000007387018987
6000000007387096731
6000000007387136841
6000000007387160612
6000000007387160702
6000000007387164617
6000000007387195735
6000000007387195991
6000000007387264577
6000000007387276400
6000000007387303479
6000000007387319811
6000000007387319838
6000000007387325320
6000000007387334201
6000000007387336237
6000000007387380336
6000000007387392346
6000000007387409218
6000000007387458269
6000000007387506405
6000000007387525774
6000000007387709280
6000000007388889646
6000000007391051017
6000000007392745322
6000000007393312645
6000000007393379736
6000000007393452431
6000000007393509207
6000000007394738448
6000000007394785319
6000000007394808250
6000000007394875218
6000000007394889209
6000000007394895215
6000000007394938990
6000000007394963376
6000000007394966333
6000000007395297233
6000000007395315362
6000000007395323305
6000000007395435272
6000000007395438231
6000000007395491201
6000000007398909436
6000000007398909446
6000000007398909451
6000000007398990394
6000000007399863113
6000000007400544452
6000000007400564349
6000000007402977759
6000000007404418226
6000000007405276824
6000000007406852242
6000000007408759264
6000000007409531308
6000000007409715896
6000000007409866223
6000000007410119822
6000000007410250867
6000000007410576424
6000000007410868784
6000000007412336339
6000000007412721506
6000000007416479863
6000000007416745166
6000000007416792085
6000000007416811096
6000000007416879160
6000000007417117848
6000000007417141707
6000000007417266484
6000000007417279461
6000000007419630264
6000000007420343457
6000000007423696305
6000000007425219456
6000000007425314623
6000000007425380276
6000000007425935479
6000000007425999847
6000000007426408285
6000000007426473196
6000000007426641798
6000000007426649552
6000000007426663456
6000000007426709461
6000000007426789713
6000000007427191859
6000000007427366483
6000000007427508274
6000000007427665201
6000000007427915422
6000000007427965254
6000000007437866206
6000000007438171730
6000000007438611276
6000000007442119232
6000000007442137271
6000000007442715650
6000000007442817606
6000000007442829724
6000000007442944243
6000000007443327495
6000000007447774947
6000000007447944906
6000000007448474873
6000000007448698789
6000000007449275549
6000000007449613375
6000000007449709412
6000000007449732239
6000000007449772264
6000000007450145866
6000000007450515247
6000000007450515252
6000000007451652605
6000000007452690791
6000000007452977459
6000000007453204814
6000000007453268163
6000000007453469107
6000000007453647690
6000000007455561581
6000000007455640420
6000000007455717347
6000000007462278739
6000000007462904783
6000000007463317568
6000000007463374622
6000000007463475972
6000000007465653287
6000000007469604491
6000000007469633419
6000000007469903387
6000000007469910356
6000000007469910365
6000000007469925437
6000000007469925451
6000000007472051048
6000000007472526378
6000000007472526386
6000000007472672149
6000000007472954086
6000000007473049550
6000000007473197226
6000000007473215332
6000000007473220223
6000000007473227258
6000000007473365529
6000000007480923065
6000000007481041845
6000000007481083109
6000000007481105083
6000000007481150887
6000000007481252823
6000000007481455376
6000000007481512772
6000000007481535717
6000000007481564324
6000000007481582521
6000000007481606574
6000000007481658362
6000000007481730324
6000000007481767279
6000000007481876322
6000000007489046924
6000000007494593304
6000000007496532550
6000000007498147670
6000000007509277634
6000000007509567259
6000000007510043633
6000000007510081879
6000000007510081995
6000000007510090247
6000000007511733965
6000000007512147423
6000000007512887719
6000000007512954111
6000000007513185369
6000000007513336281
6000000007513339285
6000000007513364768
6000000007513370423
6000000007513385612
6000000007513401606
6000000007513405389
6000000007513435091
6000000007513504587
6000000007513519248
6000000007513525267
6000000007513539897
6000000007513546203
6000000007513579276
6000000007513627580
6000000007513653926
6000000007513701446
6000000007513711631
6000000007513742949
6000000007513772653
6000000007513783025
6000000007513793289
6000000007513839354
6000000007513858514
6000000007513895370
6000000007513920771
6000000007513934259
6000000007513941263
6000000007514022296
6000000007514058349
6000000007514077309
6000000007515757560
6000000007520262237
6000000007521806578
6000000007522437360
6000000007522552204
6000000007522729674
6000000007525324625
6000000007525428692
6000000007525465647
6000000007525526455
6000000007525536697
6000000007525551280
6000000007525555216
6000000007525557584
6000000007525577394
6000000007525602671
6000000007525634328
6000000007525680405
6000000007525755205
6000000007535893532
6000000007540491273
6000000007548814131
6000000007549091857
6000000007549309545
6000000007549309632
6000000007549360530
6000000007549758907
6000000007550082423
6000000007553223684
6000000007553285401
6000000007553350357
6000000007553936369
6000000007553937389
6000000007554105253
6000000007559278400
6000000007562668133
6000000007562782882
6000000007562998869
6000000007566148508
6000000007566186648
6000000007573165594
6000000007573171415
6000000007573626207
6000000007576330496
6000000007577961246
6000000007580387530
6000000007581050929
6000000007581296353
6000000007581397765
6000000007581583513
6000000007582536248
6000000007582694632
6000000007583144253
6000000007584617218
6000000007584661312
6000000007587146688
6000000007587174776
6000000007588054233
6000000007588176685
6000000007588176752
6000000007588187311
6000000007588187341
6000000007588187344
6000000007588187347
6000000007588187422
6000000007588187435
6000000007588187843
6000000007589212979
6000000007592730594
6000000007593862015
6000000007601544064
6000000007603719950
6000000007603881234
6000000007604827698
6000000007605579117
6000000007605626796
6000000007605705166
6000000007606332445
6000000007606332450
6000000007606332461
6000000007606332483
6000000007606332489
6000000007606332494
6000000007606332499
6000000007606332521
6000000007606332549
6000000007606332660
6000000007607686593
6000000007607735677
6000000007607750419
6000000007607767363
6000000007607816215
6000000007607882212
6000000007610732307
6000000007615345360
6000000007622463302
6000000007622505263
6000000007624466659
6000000007626052177
6000000007626120155
6000000007626293686
6000000007626385063
6000000007626602378
6000000007630669133
6000000007630906440
6000000007635596538
6000000007635630874
6000000007635630956
6000000007635630965
6000000007635631013
6000000007635631021
6000000007635631024
6000000007635631030
6000000007635644354
6000000007635644360
6000000007635644363
6000000007635644369
6000000007635644372
6000000007635644381
6000000007635644387
6000000007635644393
6000000007635644399
6000000007635644405
6000000007635644411
6000000007635644802
6000000007635997540
6000000007636213600
6000000007636498112
6000000007643739587
6000000007644554502
6000000007658087041
6000000007658406552
6000000007658436511
6000000007658514511
6000000007658525343
6000000007658633235
6000000007658655231
6000000007658665350
6000000007658671218
6000000007663672741
6000000007664630833
6000000007664834431
6000000007664858090
6000000007665462377
6000000007665528232
6000000007665914356
6000000007665918998
6000000007679424847
6000000007679492851
6000000007679519122
6000000007679545077
6000000007679722639
6000000007679813913
6000000007679887674
6000000007685011239
6000000007688249371
6000000007690972801
6000000007692644821
6000000007692795753
6000000007692858548
6000000007692877484
6000000007692917429
6000000007694290190
6000000007713525260
6000000007713589823
6000000007718466718
6000000007727145042
6000000007727817376
6000000007728477677
6000000007728655276
6000000007728736354
6000000007734104563
6000000007738083443
6000000007739185375
6000000007740839856
6000000007754038181
6000000007754293691
6000000007754293932
6000000007754293964
6000000007760543606
6000000007760702220
6000000007761163335
6000000007762210393
6000000007762238563
6000000007762598375
6000000007763878809
6000000007764169228
6000000007764441699
6000000007764501260
6000000007773511491
6000000007773654412
6000000007775636581
6000000007776440071
6000000007776813294
6000000007778714948
6000000007778825533
6000000007778856577
6000000007793397239
6000000007793562990
6000000007793659574
6000000007793710443
6000000007793740463
6000000007793780623
6000000007802706757
6000000007805601058
6000000007806061635
6000000007806817439
6000000007807200714
6000000007807958435
6000000007818561061
6000000007818631316
6000000007818737070
6000000007818789797
6000000007818790141
6000000007818815046
6000000007818873404
6000000007818894577
6000000007818897614
6000000007818951638
6000000007819077385
6000000007819140327
6000000007819155230
6000000007819158265
6000000007819177260
6000000007820516241
6000000007821686289
6000000007824998050
6000000007825220137
6000000007825260036
6000000007825296578
6000000007825319674
6000000007825346589
6000000007825346762
6000000007825374398
6000000007825375762
6000000007825488252
6000000007825493390
6000000007825506230
6000000007829176517
6000000007830571232
6000000007830674976
6000000007831757178
6000000007831793614
6000000007832123585
6000000007832246488
6000000007832249486
6000000007832331249
6000000007832357362
6000000007832830104
6000000007833377085
6000000007834871886
6000000007834999145
6000000007836267366
6000000007836503494
6000000007836575397
6000000007836724591
6000000007837023967
6000000007837028998
6000000007837029106
6000000007837428759
6000000007838586650
6000000007840182333
6000000007841176184
6000000007844245796
6000000007848537521
6000000007852394503
6000000007854900239
6000000007858672525
6000000007860968480
6000000007861533388
6000000007861533394
6000000007862383112
6000000007863298198
6000000007863333055
6000000007865434581
6000000007871130589
6000000007871197382
6000000007871257305
6000000007871342554
6000000007872159689
6000000007872233144
6000000007872334406
6000000007872445231
6000000007872745180
6000000007878195769
6000000007878381314
6000000007887402307
6000000007887499249
6000000007895808593
6000000007895860271
6000000007895877248
6000000007895883342
6000000007899962583
6000000007901795412
6000000007914966947
6000000007915208588
6000000007915334543
6000000007915348606
6000000007915348639
6000000007915351764
6000000007915388240
6000000007915389702
6000000007915412431
6000000007915429361
6000000007915455367
6000000007915539616
6000000007915729523
6000000007915975712
6000000007922625130
6000000007922635151
6000000007922641924
6000000007922658782
6000000007922780674
6000000007922797801
6000000007923495678
6000000007923827825
6000000007924205033
6000000007924467465
6000000007924550695
6000000007925767921
6000000007926071387
6000000007926228816
6000000007926329398
6000000007926342467
6000000007929127173
6000000007929213702
6000000007929494942
6000000007947489857
6000000007947647281
6000000007947744434
6000000007948026658
6000000007948039276
6000000007948054460
6000000007948731482
6000000007949043978
6000000007949054335
6000000007949056229
6000000007950298772
6000000007950931464
6000000007951073336
6000000007951369403
6000000007951566399
6000000007951910569
6000000007952452947
6000000007958767639
6000000007960129940
6000000007960350261
6000000007960434327
6000000007962950116
6000000007962965067
6000000007963388035
6000000007965097322
6000000007965116425
6000000007965776443
6000000007965818298
6000000007965870236
6000000007966617848
6000000007966807437
6000000007966886437
6000000007966928254
6000000007967192019
6000000007974321632
6000000007974327545
6000000007976831309
6000000007978030051
6000000007978030054
6000000007979202134
6000000007979641076
6000000007979874771
6000000007980020223
6000000007980338138
6000000007980445542
6000000007980445947
6000000007980520044
6000000007980534328
6000000007980589910
6000000007980604226
6000000007980617958
6000000007980643431
6000000007980656795
6000000007980672752
6000000007980672758
6000000007980672770
6000000007980672776
6000000007980673024
6000000007980728811
6000000007980728818
6000000007980729070
6000000007980729100
6000000007980729103
6000000007980729106
6000000007980739225
6000000007980739251
6000000007980739327
6000000007980739380
6000000007980739494
6000000007980739505
6000000007980739510
6000000007980760910
6000000007980957596
6000000007981027616
6000000007981028183
6000000007981242542
6000000007981557267
6000000007981623216
6000000007981799484
6000000007985365662
6000000007989249295
6000000007989574359
6000000007989584819
6000000007990913394
6000000007991213397
6000000007993337442
6000000007996221834
6000000008003624026
6000000008003666637
6000000008003802360
6000000008003898211
6000000008004334043
6000000008004418918
6000000008004518667
6000000008004518685
6000000008004671255
6000000008007946298
6000000008009146219
6000000008009285998
6000000008009383780
6000000008010025730
6000000008010117294
6000000008010175894
6000000008010248463
6000000008010371409
6000000008011078694
6000000008011386308
6000000008011446752
6000000008011456573
6000000008011535497
6000000008011547369
6000000008011568375
6000000008011653680
6000000008011668307
6000000008011683396
6000000008011777317
6000000008018892870
6000000008018900992
6000000008018953951
6000000008018991833
6000000008018997063
6000000008019010734
6000000008019016862
6000000008019105593
6000000008019107442
6000000008019159202
6000000008019207486
6000000008019216356
6000000008019352807
6000000008019610345
6000000008020992573
6000000008021020173
6000000008021100514
6000000008021169405
6000000008021170635
6000000008021369565
6000000008021369582
6000000008021470468
6000000008021477466
6000000008021505316
6000000008021557209
6000000008023552792
6000000008023596359
6000000008023621308
6000000008023664228
6000000008023685681
6000000008023729341
6000000008023754385
6000000008023754488
6000000008023757388
6000000008023767397
6000000008023777421
6000000008023822203
6000000008023962964
6000000008024070894
6000000008024133707
6000000008024168627
6000000008024173634
6000000008024183896
6000000008024207441
6000000008024278549
6000000008024303241
6000000008024314740
6000000008024328675
6000000008024343440
6000000008024376364
6000000008024385273
6000000008024421320
6000000008024856179
6000000008024879088
6000000008025009422
6000000008025013696
6000000008025054828
6000000008025065986
6000000008025123769
6000000008025155390
6000000008025167298
6000000008025210314
6000000008025303418
6000000008025311227
6000000008027865615
6000000008030116091
6000000008030523393
6000000008033628398
6000000008035056685
6000000008035184455
6000000008036168750
6000000008049080226
6000000008050425078
6000000008050917580
6000000008053578152
6000000008053594297
6000000008053659249
6000000008053682266
6000000008053704330
6000000008054483608
6000000008058210198
6000000008058355123
6000000008058368146
6000000008058371192
6000000008058374795
6000000008058423791
6000000008058442044
6000000008058458691
6000000008058468686
6000000008058522355
6000000008058570325
6000000008058571493
6000000008058597328
6000000008058613427
6000000008058630287
6000000008058659451
6000000008058664445
6000000008058678340
6000000008058688233
6000000008059608512
6000000008061373199
6000000008062128647
6000000008062269710
6000000008062294286
6000000008062492332
6000000008062601225
6000000008064143164
6000000008064311792
6000000008075353989
6000000008075842193
6000000008078990204
6000000008079877112
6000000008080081209
6000000008089758444
6000000008090131741
6000000008090331855
6000000008090464834
6000000008090560796
6000000008090578579
6000000008090587849
6000000008090725243
6000000008090739220
6000000008091777494
6000000008091983321
6000000008091984238
6000000008092041322
6000000008102509048
6000000008102835620
6000000008104677107
6000000008112460783
6000000008112627262
6000000008112754397
6000000008112851204
6000000008113408123
6000000008113558110
6000000008113644708
6000000008113729352
6000000008113819071
6000000008113936665
6000000008113946447
6000000008113948763
6000000008113980514
6000000008113980782
6000000008113987852
6000000008114029293
6000000008114105722
6000000008114111556
6000000008114148749
6000000008114167750
6000000008114208671
6000000008114307280
6000000008114439489
6000000008114788993
6000000008115020929
6000000008115021475
6000000008115048412
6000000008115119355
6000000008115171276
6000000008115212866
6000000008115259281
6000000008115770640
6000000008115778840
6000000008115810722
6000000008116134404
6000000008116170439
6000000008123783874
6000000008127500943
6000000008127502447
6000000008127523493
6000000008127596262
6000000008127608536
6000000008127640201
6000000008127646739
6000000008127677144
6000000008127686725
6000000008127765261
6000000008127809264
6000000008128039115
6000000008128137456
6000000008128203312
6000000008141918958
6000000008141953563
6000000008141977527
6000000008142176896
6000000008142182566
6000000008142333298
6000000008142433371
6000000008151843470
6000000008151874763
6000000008151984395
6000000008152198021
6000000008152322755
6000000008153711240
6000000008154791008
6000000008154848800
6000000008154875083
6000000008155003397
6000000008155003843
6000000008155039419
6000000008155057204
6000000008155059218
6000000008160460824
6000000008166829170
6000000008176866639
6000000008177259164
6000000008177264675
6000000008177270225
6000000008177270622
6000000008177271164
6000000008177274736
6000000008177289950
6000000008177296398
6000000008177296401
6000000008177296405
6000000008177296523
6000000008177296709
6000000008177296792
6000000008177296802
6000000008177296834
6000000008177296840
6000000008177296956
6000000008177297050
6000000008177322888
6000000008177323005
6000000008177323079
6000000008177323130
6000000008177323133
6000000008177323137
6000000008177323140
6000000008177335051
6000000008177335126
6000000008177335129
6000000008177335141
6000000008177390118
6000000008177390121
6000000008177419585
6000000008177419782
6000000008177427680
6000000008177457269
6000000008177457277
6000000008177457294
6000000008177457384
6000000008177457464
6000000008177457467
6000000008177457997
6000000008177465443
6000000008177465898
6000000008177465916
6000000008177465957
6000000008177465997
6000000008177466006
6000000008177466035
6000000008177466043
6000000008177466052
6000000008177466060
6000000008177466065
6000000008177466074
6000000008177466078
6000000008177466083
6000000008177466091
6000000008177466096
6000000008177466105
6000000008177466110
6000000008177466118
6000000008177466133
6000000008177466147
6000000008177466162
6000000008177466166
6000000008177466179
6000000008177466192
6000000008177466199
6000000008177475209
6000000008177475219
6000000008177475223
6000000008177475226
6000000008177475234
6000000008177475249
6000000008177475276
6000000008177475289
6000000008177475292
6000000008177475298
6000000008177475301
6000000008177475307
6000000008177510021
6000000008177522957
6000000008186044318
6000000008187506545
6000000008188593947
6000000008189412126
6000000008192122953
6000000008192256076
6000000008192337350
6000000008197305060
6000000008197492978
6000000008199415647
6000000008200119127
6000000008200195062
6000000008200349454
6000000008200380508
6000000008200387454
6000000008200407668
6000000008200419852
6000000008200419919
6000000008200445365
6000000008200689133
6000000008200927492
6000000008200929392
6000000008206890127
6000000008212113376
6000000008218357256
6000000008220656748
6000000008221987905
6000000008222099198
6000000008222190578
6000000008222199577
6000000008222292351
6000000008222310790
6000000008222349306
6000000008232813564
6000000008239561958
6000000008239612705
6000000008239679715
6000000008240343752
6000000008242035482
6000000008248123480
6000000008248123847
6000000008248123866
6000000008248136261
6000000008248136587
6000000008248147331
6000000008248147373
6000000008248165238
6000000008248165320
6000000008248165386
6000000008248165485
6000000008248174600
6000000008248183477
6000000008248183613
6000000008248183626
6000000008248183657
6000000008248183669
6000000008248183680
6000000008248183799
6000000008248183802
6000000008248183873
6000000008248183987
6000000008248184026
6000000008248184029
6000000008248184063
6000000008248184084
6000000008248184102
6000000008248188271
6000000008248188278
6000000008248188367
6000000008248188370
6000000008248188432
6000000008248188502
6000000008248200825
6000000008248200854
6000000008248206405
6000000008248206451
6000000008248206507
6000000008248206524
6000000008248206924
6000000008248272457
6000000008248272460
6000000008248283516
6000000008248298978
6000000008248298988
6000000008248299023
6000000008248299121
6000000008248363443
6000000008248363481
6000000008248363487
6000000008248363672
6000000008248363792
6000000008248363844
6000000008248363913
6000000008248363916
6000000008248363922
6000000008248363936
6000000008248372365
6000000008248391690
6000000008248421599
6000000008248430260
6000000008248430276
6000000008248430400
6000000008248436781
6000000008248466827
6000000008248528886
6000000008248603921
6000000008248606557
6000000008248621353
6000000008248641692
6000000008248641698
6000000008248641801
6000000008248664286
6000000008248664316
6000000008248904407
6000000008248939764
6000000008250258163
6000000008250277565
6000000008250385063
6000000008251412595
6000000008251538432
6000000008260252198
6000000008262011906
6000000008262617721
6000000008262941290
6000000008264669961
6000000008264795922
6000000008264866569
6000000008265118877
6000000008266000023
6000000008266043781
6000000008266067033
6000000008266252169
6000000008266296763
6000000008266526258
6000000008266544349
6000000008267486007
6000000008268244687
6000000008268294846
6000000008268355470
6000000008269433946
6000000008269468900
6000000008269523707
6000000008269730491
6000000008269958481
6000000008276531908
6000000008277237018
6000000008277327163
6000000008277598663
6000000008277759278
6000000008279356422
6000000008279925832
6000000008279996965
6000000008280082122
6000000008280116728
6000000008280157326
6000000008280178235
6000000008283958962
6000000008285917938
6000000008289847966
6000000008289908571
6000000008291728355
6000000008298247161
6000000008298409544
6000000008298512373
6000000008301377974
6000000008301527994
6000000008301609481
6000000008301619837
6000000008309040154
6000000008309191569
6000000008309265431
6000000008309287402
6000000008309332244
6000000008311458087
6000000008313904945
6000000008316124870
6000000008316276220
6000000008318834614
6000000008318845707
6000000008318933282
6000000008325622796
6000000008331501412
6000000008333004307
6000000008339978059
6000000008340259271
6000000008340373448
6000000008341688360
6000000008345255396
6000000008345384576
6000000008345389102
6000000008345670051
6000000008345886410
6000000008345914624
6000000008345922587
6000000008346029353
6000000008346271398
6000000008351579436
6000000008351979364
6000000008352115934
6000000008352146612
6000000008355199252
6000000008363694104
6000000008366282051
6000000008369018668
6000000008369053688
6000000008369277585
6000000008369461633
6000000008370026190
6000000008370334197
6000000008375987266
6000000008377420949
6000000008378207759
6000000008380275542
6000000008380626031
6000000008380901019
6000000008383977191
6000000008383986578
6000000008384001982
6000000008384003915
6000000008384024462
6000000008384069677
6000000008384075400
6000000008384102573
6000000008384129608
6000000008384169515
6000000008384492590
6000000008392189123
6000000008394636934
6000000008394773867
6000000008394795743
6000000008395084275
6000000008395473048
6000000008395909530
6000000008395947277
6000000008395970430
6000000008396336903
6000000008397962729
6000000008403587645
6000000008403696428
6000000008403696643
6000000008403760871
6000000008404258408
6000000008404401714
6000000008404499137
6000000008404669111
6000000008404802241
6000000008404917287
6000000008407098549
6000000008407736607
6000000008408065585
6000000008413907091
6000000008413995316
6000000008415553952
6000000008415565707
6000000008415678736
6000000008415722429
6000000008415775537
6000000008415892311
6000000008417121934
6000000008417193840
6000000008417271102
6000000008417530851
6000000008417710721
6000000008417753641
6000000008417896557
6000000008421990754
6000000008425629157
6000000008425678071
6000000008425708073
6000000008425746914
6000000008425797834
6000000008425884594
6000000008425893093
6000000008425914096
6000000008425918048
6000000008425924688
6000000008425950977
6000000008426056482
6000000008426075784
6000000008426098415
6000000008426129407
6000000008426513012
6000000008436595980
6000000008438841099
6000000008444443551
6000000008444720754
6000000008444756418
6000000008444875397
6000000008445167331
6000000008447116601
6000000008447233717
6000000008447260540
6000000008449527180
6000000008450273692
6000000008450357096
6000000008450368409
6000000008450577851
6000000008453111091
6000000008458963933
6000000008460531915
6000000008460694572
6000000008460814552
6000000008460842682
6000000008460859430
6000000008461166126
6000000008461200843
6000000008461271809
6000000008461340698
6000000008461369112
6000000008461396927
6000000008461422504
6000000008461530474
6000000008461539544
6000000008462437731
6000000008462451859
6000000008462456097
6000000008462535615
6000000008462563695
6000000008462672311
6000000008462702879
6000000008462726780
6000000008462728872
6000000008462740693
6000000008462749677
6000000008462771805
6000000008462787422
6000000008462800259
6000000008462813912
6000000008462818542
6000000008462837508
6000000008462851458
6000000008462869221
6000000008462872220
6000000008462896268
6000000008463025320
6000000008463383255
6000000008467388175
6000000008467423836
6000000008467548795
6000000008467694955
6000000008467712710
6000000008468591496
6000000008468653939
6000000008469756742
6000000008476228464
6000000008476604719
6000000008477005205
6000000008477543238
6000000008477768235
6000000008481458843
6000000008481999147
6000000008482030472
6000000008482219301
6000000008482892635
6000000008482904946
6000000008482928423
6000000008485965384
6000000008488115784
6000000008488281318
6000000008488493856
6000000008488509747
6000000008488598397
6000000008489096160
6000000008489345902
6000000008489489603
6000000008489496922
6000000008489639125
6000000008489639194
6000000008489639200
6000000008489668536
6000000008490040390
6000000008490257976
6000000008490510091
6000000008491847925
6000000008491893076
6000000008492033851
6000000008492080382
6000000008492280357
6000000008492283591
6000000008495096130
6000000008495200036
6000000008495872607
6000000008495937741
6000000008496014954
6000000008496144580
6000000008496150654
6000000008496153627
6000000008496165034
6000000008496168847
6000000008496183426
6000000008496339584
6000000008496363222
6000000008496367209
6000000008496391230
6000000008497550073
6000000008497608976
6000000008497647041
6000000008497723073
6000000008497857319
6000000008498030438
6000000008498039607
6000000008498083497
6000000008498094262
6000000008498136610
6000000008498184002
6000000008498533792
6000000008500066864
6000000008500188072
6000000008500434010
6000000008500577421
6000000008500949604
6000000008500985810
6000000008500995305
6000000008501150395
6000000008501164725
6000000008501190546
6000000008501588432
6000000008505396227
6000000008506283485
6000000008506694917
6000000008506714711
6000000008506847728
6000000008506981493
6000000008506994135
6000000008507580932
6000000008507734667
6000000008507818779
6000000008508015600
6000000008508091853
6000000008508101537
6000000008509159113
6000000008509505756
6000000008509919675
6000000008510357137
6000000008510581064
6000000008510743776
6000000008510747584
6000000008510783714
6000000008510794007
6000000008511108662
6000000008511129345
6000000008511144356
6000000008511157206
6000000008511214972
6000000008511313736
6000000008516083946
6000000008516133579
6000000008516953156
6000000008517951667
6000000008518113379
6000000008518115269
6000000008518454300
6000000008518501925
6000000008518519006
6000000008518541049
6000000008518936710
6000000008519110553
6000000008519893788
6000000008520003216
6000000008520042279
6000000008521686371
6000000008521689490
6000000008521691340
6000000008521701716
6000000008521725742
6000000008521744704
6000000008521751793
6000000008521759834
6000000008521761380
6000000008521782674
6000000008521823512
6000000008521835822
6000000008521840258
6000000008521859256
6000000008521882797
6000000008522201740
6000000008522578894
6000000008527795054
6000000008528029042
6000000008528074136
6000000008528168615
6000000008528228512
6000000008528326285
6000000008528496737
6000000008528686507
6000000008528711930
6000000008531100673
6000000008531206412
6000000008531592347
6000000008532959033
6000000008536657146
6000000008537422614
6000000008537579083
6000000008537611560
6000000008538116147
6000000008541487688
6000000008541521503
6000000008541581785
6000000008541614347
6000000008541663779
6000000008541673510
6000000008541754867
6000000008541796767
6000000008541840311
6000000008542366357
6000000008542431295
6000000008549311713
6000000008549433930
6000000008550691720
6000000008550767648
6000000008550792001
6000000008550992274
6000000008551611977
6000000008552564658
6000000008552660665
6000000008552799394
6000000008554686194
6000000008558642186
6000000008559046606
6000000008559242040
6000000008559256256
6000000008559256483
6000000008559273151
6000000008559443834
6000000008559452338
6000000008560577575
6000000008563809822
6000000008564095591
6000000008564442227
6000000008567666686
6000000008568503948
6000000008568510482
6000000008568510486
6000000008575245445
6000000008575928428
6000000008576298585
6000000008578858495
6000000008578924985
6000000008579461941
6000000008580578636
6000000008580589848
6000000008580637358
6000000008580701443
6000000008580737501
6000000008580828207
6000000008589035885
6000000008592343633
6000000008592659705
6000000008593800721
6000000008593946882
6000000008593959028
6000000008594027412
6000000008594063348
6000000008594324959
6000000008594391782
6000000008594513154
6000000008594522670
6000000008594599419
6000000008594643367
6000000008594654448
6000000008594663349
6000000008594718522
6000000008594718608
6000000008594757213
6000000008594824969
6000000008595166759
6000000008597538836
6000000008597680039
6000000008597744010
6000000008597759994
6000000008598857360
6000000008606971917
6000000008615639004
6000000008616446591
6000000008627678874
6000000008627740128
6000000008627905542
6000000008628043956
6000000008628205667
6000000008628285368
6000000008628326100
6000000008628390481
6000000008630302227
6000000008630399288
6000000008630577916
6000000008630612925
6000000008630612941
6000000008630612975
6000000008630612979
6000000008630612999
6000000008630613094
6000000008630613100
6000000008630613117
6000000008630613169
6000000008630617422
6000000008630617453
6000000008630617676
6000000008630617831
6000000008630618186
6000000008630618191
6000000008630618197
6000000008630623545
6000000008630623636
6000000008630623947
6000000008630624019
6000000008630628338
6000000008630628437
6000000008630628552
6000000008630628557
6000000008630628563
6000000008630628568
6000000008630628585
6000000008630635519
6000000008630635827
6000000008630635932
6000000008630636063
6000000008630636069
6000000008630637585
6000000008630637870
6000000008630637880
6000000008630637967
6000000008630637972
6000000008630638012
6000000008630638027
6000000008630638275
6000000008630638313
6000000008630638338
6000000008630638398
6000000008630638510
6000000008630638999
6000000008630655188
6000000008630655776
6000000008630655863
6000000008630655893
6000000008630657211
6000000008630657229
6000000008630657234
6000000008630657241
6000000008630657265
6000000008630657268
6000000008630657341
6000000008630657908
6000000008630658047
6000000008630664557
6000000008630666201
6000000008630666206
6000000008630666266
6000000008630676939
6000000008630676955
6000000008630676988
6000000008630680320
6000000008630680406
6000000008630680435
6000000008630680440
6000000008630680449
6000000008630680453
6000000008630680457
6000000008630680461
6000000008630680464
6000000008630696382
6000000008630701538
6000000008630728491
6000000008630797531
6000000008630858607
6000000008630909326
6000000008630909408
6000000008631008314
6000000008633452910
6000000008634800417
6000000008634961334
6000000008636268768
6000000008636357059
6000000008636558623
6000000008636827679
6000000008636832831
6000000008637404438
6000000008639368479
6000000008640413240
6000000008640413244
6000000008640413248
6000000008640413252
6000000008640413262
6000000008640426888
6000000008640434422
6000000008640434812
6000000008640434825
6000000008640446265
6000000008640446422
6000000008640455300
6000000008640455319
6000000008640455324
6000000008640455404
6000000008640464512
6000000008640472322
6000000008640472913
6000000008640480046
6000000008640493155
6000000008640512437
6000000008640512646
6000000008640513165
6000000008640618400
6000000008640619159
6000000008640625640
6000000008640674891
6000000008640674909
6000000008640726205
6000000008640726214
6000000008641220530
6000000008641299651
6000000008642739228
6000000008643258069
6000000008643381432
6000000008643949504
6000000008648869213
6000000008649056419
6000000008650265851
6000000008650285629
6000000008650287783
6000000008650291678
6000000008651210178
6000000008651401607
6000000008651471815
6000000008651498792
6000000008651499028
6000000008651623491
6000000008652440125
6000000008653065789
6000000008653134213
6000000008657861311
6000000008658288609
6000000008658774074
6000000008659036741
6000000008659076693
6000000008659123546
6000000008660279458
6000000008660410321
6000000008660465549
6000000008660675402
6000000008661069645
6000000008661852799
6000000008662170862
6000000008662181846
6000000008662220734
6000000008662283725
6000000008662385596
6000000008662472726
6000000008662486295
6000000008662608762
6000000008664473601
6000000008665641049
6000000008665875106
6000000008665970211
6000000008666644185
6000000008666761226
6000000008667031926
6000000008667170054
6000000008667303615
6000000008667304658
6000000008667305553
6000000008667306514
6000000008669575773
6000000008672973103
6000000008673129530
6000000008673173801
6000000008673471019
6000000008673853378
6000000008677699768
6000000008677917733
6000000008679145062
6000000008679164034
6000000008679205173
6000000008679206796
6000000008679243175
6000000008679279639
6000000008679283594
6000000008679317189
6000000008679407647
6000000008679479212
6000000008679483196
6000000008679538377
6000000008679596628
6000000008680575571
6000000008681836720
6000000008682082142
6000000008682088188
6000000008682089092
6000000008682090058
6000000008682100074
6000000008682111673
6000000008682115694
6000000008682150745
6000000008682150862
6000000008682168733
6000000008682194575
6000000008682219513
6000000008682223823
6000000008682224576
6000000008682246791
6000000008682248089
6000000008682255885
6000000008682260915
6000000008682262079
6000000008682262155
6000000008682262436
6000000008682264464
6000000008682265501
6000000008682273117
6000000008682284029
6000000008682285472
6000000008682317418
6000000008682344559
6000000008682405235
6000000008682449963
6000000008682485625
6000000008682490946
6000000008682531254
6000000008682531787
6000000008682544372
6000000008682580378
6000000008682603214
6000000008684417529
6000000008685698531
6000000008686047368
6000000008686109792
6000000008686141238
6000000008686142092
6000000008686159495
6000000008686159501
6000000008687414086
6000000008687627581
6000000008687768608
6000000008687836757
6000000008689817070
6000000008689959405
6000000008690002149
6000000008690016307
6000000008690045781
6000000008690109546
6000000008690156724
6000000008690162395
6000000008690170293
6000000008690171702
6000000008690176627
6000000008690210634
6000000008690211555
6000000008690288283
6000000008690341434
6000000008690378342
6000000008690577004
6000000008690744146
6000000008690757359
6000000008690826806
6000000008690879691
6000000008690928799
6000000008690971415
6000000008691252315
6000000008693471005
6000000008693698557
6000000008694274741
6000000008699542651
6000000008700386355
6000000008708234185
6000000008708312513
6000000008708421722
6000000008708467556
6000000008708483039
6000000008708493493
6000000008708541517
6000000008708571746
6000000008708647525
6000000008708688207
6000000008708699228
6000000008708724282
6000000008708754390
6000000008709011505
6000000008709068305
6000000008721916450
6000000008722790143
6000000008722970904
6000000008722970909
6000000008723151872
6000000008723208578
6000000008723260321
6000000008725486002
6000000008725561858
6000000008725835288
6000000008726762016
6000000008726927667
6000000008726935442
6000000008727038470
6000000008727110638
6000000008727143435
6000000008731934028
6000000008742204683
6000000008742263430
6000000008742265381
6000000008742309701
6000000008743744197
6000000008743982665
6000000008744063692
6000000008744115340
6000000008744161257
6000000008744189247
6000000008744642873
6000000008751655475
6000000008751827857
6000000008752194816
6000000008752406964
6000000008753636127
6000000008753750458
6000000008755327481
6000000008760172733
6000000008760255839
6000000008760274841
6000000008760299594
6000000008761432139
6000000008761979956
6000000008762073785
6000000008762284512
6000000008762517359
6000000008762526331
6000000008762528090
6000000008762547437
6000000008763353126
6000000008763405125
6000000008763903462
6000000008763933487
6000000008764018012
6000000008764025120
6000000008764068847
6000000008764135350
6000000008764167297
6000000008764373452
6000000008764444373
6000000008764594915
6000000008764687862
6000000008772658021
6000000008772781005
6000000008772805557
6000000008772812145
6000000008772916298
6000000008772998539
6000000008773020563
6000000008773030435
6000000008773054333
6000000008773122236
6000000008777254213
6000000008777265242
6000000008777364122
6000000008777663868
6000000008777751625
6000000008777767805
6000000008777798032
6000000008777806956
6000000008777808951
6000000008777824756
6000000008777861915
6000000008777962550
6000000008777963572
6000000008778359769
6000000008778445551
6000000008778531424
6000000008778888662
6000000008779009820
6000000008779145542
6000000008779172457
6000000008779231604
6000000008779271234
6000000008779273871
6000000008779404728
6000000008779479474
6000000008779505790
6000000008779555053
6000000008779628553
6000000008779651184
6000000008779695711
6000000008784042334
6000000008784078320
6000000008786632927
6000000008787043512
6000000008787179248
6000000008788936550
6000000008789624608
6000000008796279913
6000000008799224110
6000000008799357531
6000000008799818438
6000000008799825540
6000000008799837188
6000000008799851672
6000000008799856218
6000000008799860782
6000000008799872309
6000000008799884985
6000000008799903886
6000000008799945132
6000000008800308027
6000000008805467003
6000000008805859285
6000000008806337659
6000000008806951044
6000000008807071731
6000000008807277870
6000000008807359308
6000000008809948719
6000000008812565011
6000000008813154396
6000000008814114101
6000000008815370107
6000000008815746530
6000000008815752064
6000000008818005279
6000000008818338549
6000000008818397601
6000000008818410687
6000000008818996837
6000000008820076717
6000000008820136222
6000000008820353001
6000000008820472619
6000000008823816385
6000000008825639018
6000000008825937435
6000000008826012672
6000000008826073979
6000000008826123095
6000000008826123868
6000000008826160874
6000000008826172797
6000000008826226659
6000000008826260114
6000000008826272633
6000000008826280464
6000000008826284542
6000000008826308024
6000000008826352946
6000000008826354143
6000000008826501400
6000000008826532349
6000000008826534323
6000000008826548841
6000000008826672401
6000000008826743264
6000000008832032636
6000000008832131252
6000000008832142276
6000000008833711602
6000000008836451102
6000000008836681418
6000000008849515408
6000000008850996059
6000000008851243817
6000000008851276069
6000000008851295871
6000000008851353183
6000000008851405185
6000000008851470234
6000000008851543405
6000000008852021052
6000000008854868944
6000000008855356168
6000000008855727830
6000000008855766435
6000000008855968974
6000000008856056163
6000000008856237083
6000000008856259524
6000000008856353709
6000000008856411075
6000000008856627276
6000000008856661502
6000000008856669416
6000000008856877156
6000000008856891063
6000000008857049655
6000000008858884656
6000000008860523472
6000000008861833558
6000000008863211195
6000000008863414797
6000000008863533529
6000000008863552669
6000000008863616382
6000000008863617046
6000000008863629606
6000000008863712722
6000000008863750356
6000000008864022040
6000000008864367843
6000000008864387314
6000000008864395500
6000000008864661057
6000000008865310145
6000000008865370146
6000000008865522097
6000000008865532468
6000000008865656742
6000000008865680621
6000000008865872214
6000000008866012988
6000000008866775165
6000000008867091538
6000000008867168701
6000000008867333533
6000000008867558853
6000000008867749333
6000000008869197475
6000000008869458251
6000000008869753141
6000000008869841251
6000000008870234834
6000000008871165554
6000000008871331656
6000000008871953691
6000000008872072864
6000000008872158049
6000000008872178809
6000000008872182833
6000000008872194470
6000000008872253377
6000000008872265224
6000000008872284217
6000000008872735988
6000000008872736475
6000000008873027696
6000000008873107678
6000000008873201392
6000000008873225461
6000000008873763178
6000000008873841029
6000000008873895735
6000000008873953217
6000000008874003686
6000000008874007529
6000000008874060787
6000000008874090582
6000000008874151412
6000000008874153298
6000000008874167327
6000000008874167360
6000000008875207376
6000000008875946755
6000000008876308051
6000000008876704550
6000000008876848597
6000000008877426357
6000000008877741956
6000000008877854689
6000000008878196462
6000000008878743225
6000000008879606609
6000000008879608026
6000000008879692779
6000000008879712583
6000000008879917377
6000000008880345581
6000000008881594183
6000000008881968821
6000000008883056624
6000000008883349012
6000000008885265691
6000000008895658830
6000000008895799679
6000000008896018433
6000000008896021521
6000000008896226332
6000000008897390667
6000000008897819117
6000000008897900775
6000000008897932559
6000000008897961180
6000000008897973368
6000000008897984351
6000000008899534492
6000000008899601765
6000000008899881082
6000000008900550916
6000000008900906232
6000000008905633109
6000000008907587977
6000000008907849660
6000000008907883481
6000000008909004927
6000000008909055987
6000000008909111842
6000000008909125873
6000000008909157808
6000000008909200102
6000000008909202880
6000000008909224402
6000000008909253425
6000000008909294506
6000000008909332277
6000000008909339233
6000000008909343285
6000000008909351307
6000000008909365215
6000000008909372434
6000000008909391214
6000000008914281965
6000000008915422590
6000000008915497539
6000000008915501945
6000000008915654209
6000000008916072054
6000000008916348562
6000000008917827820
6000000008917920625
6000000008922626819
6000000008922760328
6000000008924668456
6000000008925659741
6000000008928599620
6000000008933309505
6000000008934458557
6000000008936186376
6000000008938162390
6000000008938438718
6000000008941767066
6000000008943482598
6000000008943832276
6000000008944688974
6000000008944710787
6000000008951135110
6000000008951935288
6000000008952270809
6000000008954020159
6000000008954356091
6000000008954603850
6000000008954718328
6000000008954751149
6000000008959166268
6000000008963033951
6000000008968038811
6000000008970361615
6000000008971744029
6000000008979180174
6000000009002671998
6000000009002757900
6000000009004933414
6000000009009354678
6000000009013314711
6000000009013415443
6000000009013417387
6000000009013437425
6000000009015099015
6000000009015497492
6000000009024504290
6000000009024546428
6000000009025195898
6000000009025256723
6000000009025386353
6000000009025893077
6000000009025970491
6000000009027220144
6000000009027399723
6000000009027470588
6000000009027549725
6000000009027600055
6000000009027609466
6000000009027685376
6000000009027769226
6000000009029323222
6000000009031606906
6000000009035917916
6000000009035919441
6000000009038175521
6000000009038217099
6000000009038517496
6000000009043878905
6000000009044031941
6000000009044262138
6000000009044421664
6000000009044527702
6000000009044547725
6000000009044574503
6000000009044584449
6000000009044601841
6000000009044616258
6000000009045812365
6000000009045817234
6000000009047884176
6000000009048061689
6000000009048139143
6000000009048281375
6000000009048464210
6000000009048960164
6000000009049122377
6000000009056400734
6000000009056533431
6000000009056616558
6000000009056631335
6000000009056907667
6000000009056931305
6000000009058468131
6000000009058877359
6000000009060250033
6000000009064768294
6000000009073780761
6000000009077619858
6000000009085257295
6000000009085613336
6000000009090288302
6000000009091171352
6000000009093810532
6000000009093819460
6000000009093868371
6000000009094583788
6000000009097288101
6000000009098293863
6000000009098851287
6000000009099056430
6000000009109484400
6000000009110468637
6000000009113632302
6000000009117227972
6000000009117409257
6000000009119254934
6000000009119355111
6000000009119720329
6000000009119728390
6000000009119958397
6000000009119967544
6000000009120175857
6000000009120231251
6000000009120336320
6000000009121140389
6000000009126055472
6000000009126726230
6000000009126752370
6000000009127769452
6000000009128263245
6000000009130581157
6000000009130851051
6000000009131855846
6000000009134239046
6000000009134853024
6000000009134934503
6000000009134958694
6000000009134968833
6000000009134991508
6000000009134992437
6000000009135014446
6000000009135648812
6000000009135763416
6000000009144010507
6000000009145049039
6000000009145235547
6000000009145388343
6000000009145416299
6000000009146315101
6000000009146347720
6000000009152586086
6000000009153219333
6000000009153271359
6000000009167126865
6000000009170017937
6000000009173643054
6000000009173649184
6000000009173658200
6000000009173779172
6000000009173779183
6000000009174375643
6000000009174464956
6000000009174688100
6000000009176081109
6000000009176181801
6000000009176237667
6000000009176335689
6000000009176571425
6000000009176644630
6000000009176732345
6000000009176850412
6000000009177091368
6000000009177100377
6000000009177497799
6000000009177567931
6000000009177680320
6000000009177717282
6000000009177813003
6000000009177871239
6000000009177956903
6000000009177967581
6000000009178056402
6000000009178085271
6000000009178184292
6000000009178598635
6000000009178763157
6000000009179059478
6000000009180169051
6000000009180346182
6000000009182101839
6000000009182931724
6000000009188621263
6000000009188806445
6000000009188846287
6000000009188908313
6000000009191837452
6000000009196224671
6000000009196877264
6000000009200164178
6000000009207535544
6000000009208410084
6000000009214504835
6000000009214755609
6000000009214888459
6000000009215342399
6000000009228867916
6000000009229081003
6000000009230099365
6000000009230210564
6000000009232806925
6000000009234354166
6000000009234909816
6000000009235101799
6000000009235108670
6000000009235134871
6000000009235261226
6000000009235661594
6000000009237283996
6000000009237318143
6000000009237338132
6000000009237342147
6000000009237485787
6000000009237581434
6000000009237607828
6000000009237640309
6000000009237658441
6000000009237755322
6000000009237863003
6000000009238197363
6000000009238216329
6000000009238727279
6000000009242324407
6000000009242920189
6000000009242930847
6000000009242979790
6000000009243174015
6000000009243294296
6000000009243471193
6000000009243606680
6000000009243628925
6000000009243680638
6000000009243685554
6000000009243685847
6000000009243689980
6000000009243757359
6000000009243762174
6000000009243805626
6000000009243839975
6000000009243903049
6000000009243957547
6000000009243974742
6000000009244009029
6000000009244023220
6000000009244028022
6000000009244032716
6000000009244069285
6000000009244072597
6000000009244096480
6000000009244139451
6000000009244144537
6000000009244168553
6000000009244168586
6000000009244176335
6000000009244201267
6000000009244208882
6000000009244406903
6000000009246497235
6000000009246627981
6000000009246699693
6000000009246721693
6000000009246725605
6000000009246730970
6000000009246749404
6000000009246780291
6000000009246790161
6000000009246911354
6000000009246984307
6000000009246992385
6000000009247045436
6000000009247045952
6000000009249232200
6000000009249342726
6000000009249879740
6000000009251048607
6000000009251285492
6000000009251409986
6000000009251421370
6000000009251708450
6000000009253730262
6000000009256416009
6000000009256729180
6000000009256822677
6000000009257090986
6000000009257676291
6000000009263115164
6000000009275527320
6000000009276373696
6000000009276398433
6000000009276558183
6000000009290306725
6000000009290937065
6000000009298600014
6000000009298833123
6000000009298935521
6000000009299049576
6000000009299174230
6000000009301772264
6000000009301790306
6000000009301847335
6000000009304845823
6000000009304846198
6000000009304854202
6000000009304854380
6000000009304854480
6000000009304854790
6000000009304855108
6000000009304855190
6000000009304860258
6000000009304860485
6000000009304861130
6000000009304872846
6000000009304881090
6000000009304884623
6000000009304884633
6000000009304893203
6000000009304893610
6000000009304894095
6000000009304903524
6000000009304903592
6000000009304903937
6000000009304903959
6000000009304903990
6000000009304907743
6000000009304907774
6000000009304907780
6000000009304919647
6000000009304919667
6000000009304926610
6000000009304926890
6000000009304927105
6000000009304936558
6000000009304936561
6000000009304936568
6000000009304936575
6000000009304938244
6000000009304938773
6000000009304945811
6000000009304948584
6000000009304948591
6000000009304948908
6000000009304948957
6000000009304949022
6000000009304949027
6000000009304949100
6000000009304951218
6000000009304951361
6000000009304951453
6000000009304951459
6000000009304951563
6000000009304951643
6000000009304951693
6000000009304951724
6000000009304953971
6000000009304954003
6000000009304954294
6000000009304954398
6000000009304954590
6000000009304954659
6000000009304954726
6000000009304955095
6000000009304958394
6000000009304958398
6000000009304958402
6000000009304958406
6000000009304958513
6000000009304958546
6000000009304961727
6000000009304961732
6000000009304961766
6000000009304961809
6000000009304961892
6000000009304961897
6000000009304961902
6000000009304961907
6000000009304961914
6000000009304961936
6000000009304961940
6000000009304961946
6000000009304961955
6000000009304961959
6000000009304961964
6000000009304961968
6000000009304962181
6000000009304968395
6000000009304968595
6000000009304968849
6000000009304969182
6000000009304976391
6000000009304976560
6000000009304979600
6000000009304979605
6000000009304984346
6000000009304984387
6000000009304984449
6000000009304984472
6000000009304985069
6000000009304988357
6000000009304988364
6000000009304988384
6000000009304988716
6000000009304988845
6000000009304988849
6000000009304988854
6000000009304988864
6000000009304988867
6000000009304988871
6000000009304988982
6000000009304989010
6000000009304989015
6000000009304990250
6000000009304990257
6000000009304990476
6000000009304996264
6000000009304996333
6000000009305003305
6000000009305003309
6000000009305003341
6000000009305003559
6000000009305003889
6000000009305003917
6000000009305003921
6000000009305003925
6000000009305003929
6000000009305003942
6000000009305003946
6000000009305003958
6000000009305008241
6000000009305008317
6000000009305008322
6000000009305008326
6000000009305008381
6000000009305008391
6000000009305008397
6000000009305008475
6000000009305008486
6000000009305008561
6000000009305008571
6000000009305008605
6000000009305008642
6000000009305008654
6000000009305008690
6000000009305008757
6000000009305009129
6000000009305009133
6000000009305017348
6000000009305017365
6000000009305017441
6000000009305017444
6000000009305017450
6000000009305017717
6000000009305017722
6000000009305017727
6000000009305017732
6000000009305017737
6000000009305017742
6000000009305017746
6000000009305017764
6000000009305017773
6000000009305017814
6000000009305018002
6000000009305022366
6000000009305022384
6000000009305022695
6000000009305022700
6000000009305022705
6000000009305022804
6000000009305022817
6000000009305022867
6000000009305022872
6000000009305022984
6000000009305023071
6000000009305023095
6000000009305030325
6000000009305030914
6000000009305030917
6000000009305030921
6000000009305030944
6000000009305030951
6000000009305030992
6000000009305036318
6000000009305036333
6000000009305036346
6000000009305036351
6000000009305036450
6000000009305036459
6000000009305036464
6000000009305044275
6000000009305044607
6000000009305044646
6000000009305044658
6000000009305044848
6000000009305045031
6000000009305060376
6000000009305060380
6000000009305060383
6000000009305060572
6000000009305060577
6000000009305060620
6000000009305060800
6000000009305060804
6000000009305060819
6000000009305060823
6000000009305060827
6000000009305060830
6000000009305060835
6000000009305060838
6000000009305060842
6000000009305060845
6000000009305060852
6000000009305061101
6000000009305061109
6000000009305061113
6000000009305061117
6000000009305061129
6000000009305061134
6000000009305067496
6000000009305067500
6000000009305067504
6000000009305067508
6000000009305067532
6000000009305067536
6000000009305067565
6000000009305067655
6000000009305067689
6000000009305067734
6000000009305067754
6000000009305067758
6000000009305067808
6000000009305067811
6000000009305068144
6000000009305068147
6000000009305068174
6000000009305068177
6000000009305076209
6000000009305076374
6000000009305076378
6000000009305076382
6000000009305076385
6000000009305076388
6000000009305076760
6000000009305076808
6000000009305076812
6000000009305076816
6000000009305076821
6000000009305076825
6000000009305076829
6000000009305076917
6000000009305076922
6000000009305076984
6000000009305076996
6000000009305077000
6000000009305077004
6000000009305082700
6000000009305082755
6000000009305082875
6000000009305086371
6000000009305086376
6000000009305086394
6000000009305090578
6000000009305090668
6000000009305090835
6000000009305091117
6000000009305095543
6000000009305095619
6000000009305095921
6000000009305095965
6000000009305095977
6000000009305095990
6000000009305095993
6000000009305095997
6000000009305096042
6000000009305096084
6000000009305101330
6000000009305101335
6000000009305101400
6000000009305101891
6000000009305101923
6000000009305101927
6000000009305101937
6000000009305101947
6000000009305101954
6000000009305101961
6000000009305101968
6000000009305101981
6000000009305101985
6000000009305101989
6000000009305101993
6000000009305102000
6000000009305102012
6000000009305102021
6000000009305102112
6000000009305106549
6000000009305106556
6000000009305134013
6000000009305134028
6000000009305134108
6000000009305146954
6000000009305161429
6000000009305161865
6000000009305161869
6000000009305162197
6000000009305166785
6000000009305166791
6000000009305166796
6000000009305166807
6000000009305166812
6000000009305166816
6000000009305166822
6000000009305166842
6000000009305166849
6000000009305166856
6000000009305166863
6000000009305166870
6000000009305166877
6000000009305166884
6000000009305166890
6000000009305166897
6000000009305166910
6000000009305166916
6000000009305166922
6000000009305166928
6000000009305166933
6000000009305166955
6000000009305166961
6000000009305166967
6000000009305166973
6000000009305166980
6000000009305166986
6000000009305166999
6000000009305167018
6000000009305167025
6000000009305167031
6000000009305167037
6000000009305167051
6000000009305167076
6000000009305167082
6000000009305167095
6000000009305167109
6000000009305167121
6000000009305167135
6000000009305167152
6000000009305167192
6000000009305167197
6000000009305175207
6000000009305175213
6000000009305175490
6000000009305175496
6000000009305175501
6000000009305175506
6000000009305175541
6000000009305175547
6000000009305175566
6000000009305175571
6000000009305181734
6000000009305181740
6000000009305181747
6000000009305181759
6000000009305181765
6000000009305181986
6000000009305181992
6000000009305181998
6000000009305182004
6000000009305182010
6000000009305182086
6000000009305182092
6000000009305182099
6000000009305182105
6000000009305182110
6000000009305182115
6000000009305182164
6000000009305182176
6000000009305182181
6000000009305182186
6000000009305189342
6000000009305189536
6000000009305189711
6000000009305189732
6000000009305189740
6000000009305189744
6000000009305189748
6000000009305189756
6000000009305189760
6000000009305189822
6000000009305189827
6000000009305189830
6000000009305189841
6000000009305189845
6000000009305189862
6000000009305189866
6000000009305189869
6000000009305189872
6000000009305189876
6000000009305189885
6000000009305189928
6000000009305190162
6000000009305565234
6000000009306937572
6000000009308833987
6000000009315167939
6000000009315171799
6000000009315245246
6000000009317454738
6000000009318575084
6000000009318697947
6000000009318763952
6000000009318840628
6000000009318918853
6000000009318931067
6000000009318937423
6000000009318967776
6000000009318986360
6000000009319079027
6000000009319099933
6000000009319182767
6000000009319198790
6000000009320093256
6000000009324110392
6000000009326617021
6000000009326727373
6000000009326761219
6000000009326833216
6000000009327667853
6000000009335540459
6000000009341865112
6000000009341957393
6000000009343941514
6000000009352412298
6000000009353914571
6000000009353924584
6000000009354224671
6000000009365755840
6000000009380526195
6000000009380589146
6000000009380591111
6000000009380930029
6000000009381651474
6000000009381691712
6000000009381880384
6000000009382216276
6000000009382216311
6000000009382278571
6000000009382299266
6000000009383044376
6000000009389002584
6000000009389113794
6000000009389133883
6000000009389237614
6000000009395592414
6000000009419635512
6000000009419840367
6000000009420422139
6000000009421607485
6000000009428540756
6000000009429686413
6000000009429759546
6000000009429843423
6000000009429912221
6000000009429978054
6000000009431215331
6000000009432056296
6000000009432092256
6000000009432259678
6000000009432292623
6000000009432292928
6000000009432292934
6000000009432315864
6000000009432318518
6000000009432336662
6000000009432340059
6000000009432348321
6000000009432364977
6000000009432427940
6000000009432427970
6000000009432427976
6000000009432427982
6000000009432461618
6000000009432470359
6000000009432478691
6000000009432494909
6000000009432519616
6000000009432528863
6000000009432535049
6000000009432603851
6000000009432604175
6000000009434303108
6000000009435466876
6000000009435783797
6000000009436475212
6000000009437210537
6000000009437210646
6000000009437417980
6000000009437556883
6000000009437570897
6000000009437627813
6000000009437628134
6000000009437628200
6000000009437636308
6000000009437636314
6000000009437636320
6000000009437636338
6000000009437636356
6000000009437636857
6000000009437649048
6000000009437759585
6000000009437794491
6000000009437837324
6000000009437883403
6000000009437884120
6000000009437889210
6000000009437934445
6000000009437934457
6000000009437934536
6000000009437997026
6000000009438007527
6000000009438007766
6000000009438279868
6000000009438297698
6000000009438313077
6000000009438358163
6000000009438371413
6000000009438413420
6000000009439815250
6000000009440111686
6000000009440143485
6000000009440179255
6000000009440257013
6000000009440697502
6000000009440761518
6000000009440761902
6000000009440832018
6000000009441553292
6000000009441810749
6000000009441818725
6000000009441884575
6000000009447821846
6000000009449375331
6000000009449429350
6000000009450196054
6000000009451293762
6000000009451513243
6000000009457313642
6000000009457484342
6000000009457559355
6000000009457878081
6000000009457920593
6000000009458060257
6000000009458103424
6000000009458775815
6000000009465627532
6000000009465650248
6000000009468080091
6000000009468312486
6000000009479193350
6000000009487387786
6000000009487618909
6000000009487692358
6000000009493722894
6000000009494070775
6000000009494663156
6000000009494780671
6000000009494855634
6000000009503269198
6000000009504533644
6000000009513619122
6000000009514147139
6000000009514160940
6000000009514216557
6000000009524445777
6000000009524660205
6000000009524802456
6000000009525069321
6000000009525450236
6000000009526272717
6000000009526362752
6000000009526420774
6000000009526517984
6000000009526612346
6000000009534466001
6000000009536358326
6000000009545914191
6000000009549459797
6000000009550593233
6000000009553082643
6000000009553122259
6000000009554685939
6000000009567209145
6000000009567697608
6000000009570197500
6000000009570266254
6000000009572156839
6000000009572335890
6000000009573495100
6000000009573533487
6000000009573554456
6000000009579696842
6000000009579803272
6000000009579828901
6000000009580023719
6000000009581744490
6000000009585608499
6000000009585795873
6000000009589046181
6000000009589143187
6000000009589658184
6000000009589758324
6000000009590128902
6000000009590136098
6000000009590281074
6000000009590533268
6000000009590578776
6000000009590665236
6000000009593783807
6000000009600256643
6000000009600288952
6000000009600672301
6000000009602077168
6000000009602172784
6000000009602241642
6000000009617064837
6000000009617231501
6000000009617497650
6000000009627764833
6000000009627765036
6000000009627780481
6000000009627780550
6000000009627786864
6000000009627800384
6000000009627834886
6000000009627834898
6000000009628883681
6000000009629322270
6000000009637264054
6000000009637751626
6000000009638723629
6000000009639315375
6000000009645128892
6000000009646165050
6000000009646261528
6000000009646279201
6000000009646445904
6000000009646449155
6000000009646725013
6000000009646781497
6000000009647528523
6000000009648237104
6000000009648396752
6000000009648777726
6000000009651851044
6000000009653120411
6000000009654743775
6000000009655252095
6000000009657564813
6000000009657635051
6000000009657862393
6000000009657980201
6000000009665630037
6000000009665696585
6000000009665708972
6000000009665712570
6000000009665839880
6000000009665905231
6000000009665951242
6000000009666600383
6000000009667859681
6000000009669016249
6000000009674065763
6000000009675126249
6000000009676708695
6000000009677455510
6000000009678357414
6000000009678912433
6000000009678928856
6000000009678960362
6000000009679213662
6000000009679228318
6000000009679234491
6000000009679261416
6000000009679336331
6000000009680143787
6000000009687488116
6000000009688091900
6000000009688260886
6000000009688464215
6000000009688756299
6000000009689074146
6000000009689748191
6000000009689834576
6000000009689949524
6000000009695342485
6000000009698792225
6000000009698889367
6000000009699051501
6000000009699074424
6000000009699089484
6000000009699641042
6000000009700122793
6000000009700270730
6000000009700393163
6000000009700430656
6000000009700433236
6000000009700539734
6000000009700575611
6000000009704524693
6000000009704557744
6000000009704744586
6000000009704790136
6000000009704828493
6000000009704847148
6000000009704869636
6000000009704913334
6000000009705113343
6000000009705151289
6000000009705239785
6000000009705325595
6000000009705483334
6000000009705528068
6000000009706835506
6000000009707174644
6000000009707541539
6000000009707566545
6000000009707842157
6000000009707868541
6000000009707959080
6000000009708252989
6000000009708327149
6000000009708372923
6000000009708382665
6000000009708392369
6000000009708421372
6000000009708429519
6000000009708476278
6000000009708574202
6000000009709078602
6000000009709208417
6000000009709489213
6000000009709494221
6000000009709517232
6000000009709761072
6000000009709773169
6000000009709781008
6000000009709888919
6000000009709907866
6000000009710031019
6000000009710032915
6000000009710072808
6000000009710117751
6000000009710138765
6000000009710175050
6000000009710175100
6000000009710213376
6000000009710276415
6000000009710278366
6000000009710301661
6000000009710326243
6000000009710330204
6000000009710638785
6000000009715697033
6000000009715983849
6000000009716011799
6000000009716053413
6000000009716076442
6000000009716083052
6000000009716119436
6000000009716159278
6000000009716224204
6000000009718843185
6000000009718886070
6000000009718886089
6000000009719126996
6000000009719144103
6000000009719165121
6000000009719176839
6000000009719262543
6000000009719267558
6000000009719290710
6000000009719297063
6000000009719299631
6000000009719317861
6000000009719322586
6000000009719325641
6000000009719347722
6000000009719356082
6000000009719362568
6000000009719373930
6000000009719376200
6000000009719384450
6000000009719395920
6000000009719403534
6000000009719417707
6000000009719442592
6000000009719459579
6000000009719464398
6000000009719466364
6000000009719474399
6000000009719479377
6000000009719491129
6000000009719496961
6000000009719507227
6000000009719513458
6000000009719517890
6000000009719533096
6000000009719537561
6000000009719546551
6000000009719548879
6000000009719553813
6000000009719559570
6000000009719572637
6000000009719575269
6000000009719583689
6000000009719589233
6000000009719598480
6000000009719613622
6000000009719630403
6000000009719638926
6000000009719642543
6000000009719645566
6000000009719663635
6000000009719683169
6000000009719693227
6000000009719703040
6000000009719723553
6000000009719739281
6000000009719749847
6000000009719752318
6000000009719772701
6000000009719805516
6000000009719806842
6000000009719814626
6000000009719814643
6000000009719835662
6000000009719840142
6000000009719867671
6000000009719873317
6000000009719886568
6000000009719894669
6000000009719909230
6000000009719933520
6000000009719935437
6000000009719968397
6000000009720001649
6000000009720029470
6000000009720254087
6000000009721029827
6000000009721195887
6000000009726599869
6000000009726660856
6000000009726846426
6000000009731518511
6000000009731986097
6000000009732419337
6000000009737315198
6000000009737991841
6000000009748020104
6000000009748368074
6000000009751525878
6000000009751578555
6000000009754425543
6000000009755402218
6000000009756433107
6000000009756527212
6000000009757645825
6000000009757848478
6000000009763023570
6000000009763100414
6000000009763145405
6000000009764346903
6000000009767245879
6000000009770606286
6000000009772699831
6000000009774717035
6000000009775942688
6000000009776361960
6000000009776832029
6000000009776981767
6000000009777028433
6000000009777031944
6000000009777122066
6000000009777134466
6000000009777134472
6000000009777136574
6000000009777244662
6000000009777244721
6000000009777264472
6000000009777268262
6000000009777269471
6000000009777307433
6000000009777309307
6000000009782507443
6000000009782722618
6000000009783557218
6000000009793919065
6000000009794313480
6000000009795611062
6000000009795931530
6000000009796040136
6000000009796094100
6000000009796108140
6000000009796193423
6000000009796247646
6000000009796378745
6000000009796423191
6000000009796434089
6000000009796502784
6000000009796516267
6000000009796525041
6000000009796572991
6000000009796626556
6000000009796669028
6000000009796698635
6000000009796698640
6000000009796701797
6000000009796721173
6000000009796741428
6000000009796765853
6000000009796818748
6000000009796818789
6000000009796835818
6000000009796846968
6000000009796860580
6000000009796874114
6000000009796887685
6000000009796929492
6000000009796974055
6000000009796980270
6000000009796983248
6000000009796995206
6000000009797017153
6000000009797028697
6000000009797049232
6000000009797090585
6000000009797090644
6000000009797090899
6000000009797140322
6000000009797140353
6000000009797145433
6000000009797153607
6000000009797155281
6000000009797173282
6000000009797183320
6000000009797184378
6000000009797187267
6000000009803103718
6000000009803327778
6000000009824528373
6000000009826495904
6000000009838320128
6000000009838691620
6000000009838699085
6000000009838812541
6000000009839059374
6000000009858091276
6000000009860206722
6000000009861256956
6000000009861774211
6000000009874130110
6000000009878540640
6000000009879073440
6000000009879992245
6000000009880594961
6000000009880875711
6000000009880922758
6000000009881616272
6000000009885942390
6000000009887431776
6000000009888659116
6000000009889183950
6000000009889224559
6000000009889251707
6000000009889269669
6000000009889406202
6000000009890006762
6000000009898362855
6000000009898380951
6000000009898625219
6000000009898680325
6000000009905432691
6000000009905682553
6000000009905729674
6000000009905780438
6000000009908668474
6000000009909505293
6000000009915577309
6000000009915682642
6000000009926637135
6000000009927800578
6000000009927846310
6000000009927847346
6000000009936336838
6000000009936663133
6000000009936871316
6000000009936924234
6000000009946935165
6000000009947635966
6000000009948071231
6000000009949028446
6000000009956045680
6000000009956269868
6000000009959468629
6000000009959575254
6000000009959617099
6000000009959629705
6000000009959849883
6000000009964270896
6000000009964326934
6000000009964860215
6000000009965113296
6000000009965401953
6000000009965449321
6000000009965590931
6000000009965693964
6000000009965727848
6000000009965781308
6000000009965786615
6000000009966092640
6000000009966103692
6000000009966877529
6000000009967802867
6000000009968796089
6000000009969319244
6000000009969408387
6000000009969529088
6000000009969636966
6000000009974540561
6000000009974717557
6000000009976716625
6000000009977073456
6000000009979119852
6000000009990179259
6000000009997085380
6000000010009383098
6000000010009950267
6000000010011384542
6000000010018784061
6000000010019532687
6000000010019677279
6000000010019730367
6000000010019731293
6000000010020272458
6000000010020310232
6000000010020651161
6000000010028214104
6000000010028425511
6000000010028838927
6000000010029343637
6000000010029412467
6000000010031375038
6000000010031566943
6000000010032333709
6000000010039793608
6000000010043170958
6000000010048295773
6000000010049246249
6000000010050163513
6000000010050197995
6000000010050321380
6000000010050354367
6000000010057341163
6000000010058038304
6000000010060173752
6000000010060961353
6000000010066953035
6000000010067024022
6000000010067024162
6000000010067203026
6000000010067324419
6000000010067347196
6000000010067379157
6000000010067389151
6000000010067397456
6000000010067414634
6000000010067466574
6000000010067479406
6000000010067509448
6000000010067526894
6000000010067581539
6000000010067585319
6000000010067608671
6000000010067657668
6000000010067733571
6000000010067752514
6000000010067927213
6000000010073660425
6000000010077696091
6000000010077954631
6000000010078079033
6000000010078136361
6000000010078325287
6000000010079882835
6000000010081163406
6000000010090852081
6000000010090862109
6000000010090940042
6000000010090947044
6000000010091199038
6000000010091257033
6000000010091264837
6000000010091274783
6000000010091328698
6000000010091334516
6000000010091349698
6000000010091432360
6000000010091441341
6000000010091441520
6000000010094273380
6000000010095386648
6000000010096089921
6000000010096226267
6000000010102590717
6000000010102713549
6000000010102793496
6000000010103051818
6000000010103670625
6000000010107772824
6000000010109831006
6000000010110336261
6000000010113691101
6000000010113955774
6000000010113983434
6000000010115264547
6000000010118653448
6000000010119800396
6000000010120948699
6000000010123140207
6000000010123408368
6000000010123487718
6000000010128885593
6000000010129239296
6000000010132173972
6000000010145156129
6000000010145159383
6000000010145164785
6000000010154652742
6000000010160508821
6000000010160609967
6000000010187634100
6000000010187748041
6000000010188381309
6000000010189918929
6000000010189982393
6000000010190020100
6000000010190341315
6000000010190363242
6000000010191066882
6000000010191901928
6000000010191917882
6000000010192356960
6000000010192397477
6000000010197438370
6000000010199922149
6000000010200368562
6000000010200477406
6000000010200510536
6000000010200554254
6000000010200797990
6000000010202984730
6000000010203474844
6000000010204394410
6000000010208029018
6000000010208157016
6000000010208787599
6000000010208794314
6000000010208818392
6000000010208833657
6000000010208834277
6000000010208841371
6000000010210106306
6000000010211396295
6000000010211558649
6000000010213507976
6000000010216040111
6000000010218040231
6000000010218351502
6000000010218393425
6000000010218547317
6000000010218558380
6000000010222365013
6000000010222365134
6000000010222365139
6000000010222371441
6000000010222371759
6000000010222371765
6000000010222371826
6000000010222371833
6000000010222371843
6000000010222371854
6000000010222371879
6000000010222372037
6000000010222372042
6000000010222372047
6000000010222375325
6000000010222375330
6000000010222375335
6000000010222375340
6000000010222375345
6000000010222375361
6000000010222375366
6000000010222375371
6000000010222375435
6000000010222375440
6000000010222375461
6000000010222375476
6000000010222375481
6000000010222375614
6000000010222375765
6000000010222376141
6000000010222381614
6000000010222381662
6000000010222381696
6000000010222381906
6000000010222381916
6000000010222410326
6000000010222411103
6000000010222435520
6000000010226740465
6000000010230484170
6000000010242375171
6000000010251213014
6000000010251734181
6000000010251739976
6000000010251740005
6000000010251822611
6000000010252022427
6000000010258173400
6000000010258812648
6000000010259447830
6000000010260332878
6000000010260485924
6000000010260726071
6000000010260947239
6000000010261231434
6000000010261340311
6000000010265663994
6000000010266948655
6000000010267554450
6000000010272689756
6000000010272703483
6000000010272758654
6000000010282961950
6000000010283054586
6000000010289136104
6000000010290354241
6000000010293808463
6000000010293847635
6000000010300404005
6000000010300416316
6000000010305941893
6000000010308071336
6000000010312277548
6000000010317996836
6000000010318208710
6000000010318285286
6000000010318313238
6000000010321252560
6000000010321370609
6000000010329040183
6000000010329935866
6000000010330029579
6000000010330327430
6000000010331236152
6000000010331432922
6000000010331651915
6000000010336170564
6000000010349788226
6000000010361984390
6000000010371511818
6000000010373995387
6000000010375438548
6000000010375557475
6000000010375645528
6000000010375666304
6000000010383910704
6000000010409879267
6000000010411110068
6000000010422236427
6000000010432375932
6000000010432568600
6000000010434661886
6000000010442547330
6000000010442614110
6000000010443080983
6000000010444330411
6000000010445170739
6000000010445235990
6000000010445410170
6000000010445436701
6000000010445761365
6000000010445882304
6000000010449499184
6000000010449780952
6000000010449972942
6000000010450072133
6000000010450239385
6000000010450296290
6000000010452584582
6000000010452653497
6000000010452792372
6000000010452810282
6000000010452893393
6000000010453618648
6000000010455043218
6000000010458514188
6000000010458918831
6000000010459010066
6000000010459154505
6000000010460708359
6000000010460725562
6000000010460784362
6000000010460837243
6000000010462690906
6000000010462801159
6000000010462879841
6000000010463159358
6000000010463163365
6000000010463343582
6000000010463529059
6000000010467110856
6000000010470816951
6000000010471063468
6000000010471320660
6000000010471342279
6000000010471501770
6000000010476137193
6000000010477088920
6000000010478680927
6000000010479781937
6000000010479856178
6000000010480210324
6000000010480274549
6000000010481509652
6000000010484605828
6000000010484803192
6000000010485127320
6000000010485431988
6000000010488143868
6000000010492313608
6000000010492677772
6000000010493719226
6000000010494357275
6000000010494666167
6000000010495011097
6000000010495206375
6000000010495488584
6000000010503212851
6000000010503650858
6000000010506987053
6000000010507015987
6000000010511728701
6000000010511743787
6000000010512699958
6000000010517937747
6000000010517996631
6000000010521965469
6000000010521981845
6000000010522624671
6000000010522780510
6000000010530152877
6000000010530479696
6000000010535477522
6000000010535617423
6000000010543208324
6000000010543242297
6000000010553924665
6000000010554282027
6000000010555728077
6000000010556906140
6000000010559910387
6000000010563690202
6000000010564384001
6000000010564605589
6000000010564756476
6000000010569988844
6000000010570136306
6000000010570865178
6000000010571174159
6000000010571262869
6000000010571345575
6000000010571551908
6000000010571735082
6000000010572015997
6000000010572107962
6000000010572308829
6000000010572328537
6000000010572447679
6000000010572505256
6000000010578537789
6000000010579692378
6000000010579784275
6000000010579868971
6000000010593572187
6000000010594288223
6000000010594571576
6000000010598622104
6000000010598683653
6000000010598756622
6000000010598779453
6000000010598828213
6000000010598856494
6000000010598918386
6000000010599118178
6000000010599293376
6000000010599350227
6000000010599386225
6000000010599443469
6000000010599589238
6000000010610554517
6000000010612314280
6000000010616737771
6000000010616927494
6000000010617527144
6000000010620666179
6000000010621054101
6000000010621087687
6000000010621270815
6000000010621276279
6000000010621528501
6000000010621542324
6000000010626509672
6000000010629123746
6000000010642344985
6000000010644992217
6000000010645583561
6000000010646172298
6000000010649439028
6000000010649454349
6000000010649677325
6000000010650333834
6000000010655878165
6000000010655965017
6000000010656027829
6000000010656241785
6000000010656275894
6000000010656299783
6000000010656307831
6000000010656666604
6000000010664149827
6000000010664421774
6000000010664719674
6000000010667918576
6000000010669307041
6000000010669308081
6000000010669428008
6000000010670079886
6000000010670549731
6000000010671354763
6000000010672042363
6000000010672818703
6000000010678121077
6000000010678339311
6000000010678656469
6000000010686065925
6000000010686590286
6000000010688552064
6000000010688872281
6000000010694680214
6000000010704760716
6000000010711937045
6000000010712216032
6000000010713171707
6000000010716922906
6000000010723498004
6000000010723945448
6000000010734182917
6000000010737160998
6000000010738330843
6000000010738585660
6000000010738590666
6000000010739462362
6000000010741972073
6000000010741989123
6000000010742002837
6000000010742059895
6000000010742106228
6000000010742219827
6000000010742242754
6000000010742256141
6000000010742258775
6000000010742298674
6000000010742323356
6000000010742323532
6000000010742344564
6000000010742355467
6000000010742397257
6000000010742540975
6000000010744785348
6000000010744819527
6000000010744846285
6000000010750887862
6000000010751606590
6000000010752427026
6000000010753243951
6000000010753697846
6000000010753780766
6000000010753791732
6000000010753845125
6000000010753854556
6000000010753883608
6000000010754120212
6000000010760854680
6000000010761182277
6000000010769393408
6000000010771380854
6000000010779844734
6000000010782427706
6000000010784298026
6000000010784314824
6000000010784387364
6000000010784860690
6000000010785501562
6000000010785502576
6000000010785505292
6000000010786394445
6000000010787155837
6000000010789954660
6000000010789987559
6000000010790162772
6000000010790377381
6000000010791601618
6000000010791679635
6000000010791739697
6000000010793082341
6000000010793482444
6000000010799166401
6000000010799834793
6000000010800385592
6000000010800867099
6000000010801237168
6000000010801428651
6000000010801495047
6000000010801664345
6000000010809651116
6000000010810955418
6000000010819247662
6000000010821867444
6000000010826792404
6000000010829867931
6000000010829929660
6000000010837245812
6000000010842463260
6000000010850771795
6000000010859543717
6000000010866352326
6000000010867911906
6000000010874706765
6000000010874778147
6000000010874861384
6000000010876102449
6000000010877099763
6000000010878475393
6000000010880898171
6000000010882170656
6000000010882725878
6000000010883061254
6000000010883206552
6000000010883227232
6000000010894448949
6000000010894533002
6000000010894622102
6000000010894803959
6000000010895059662
6000000010895752062
6000000010895987926
6000000010896028532
6000000010896038441
6000000010896062497
6000000010896079455
6000000010896168542
6000000010896190351
6000000010896340367
6000000010896401244
6000000010896414246
6000000010898897858
6000000010905184636
6000000010905492606
6000000010905531409
6000000010905618525
6000000010905884208
6000000010911213594
6000000010911560928
6000000010911910447
6000000010913311498
6000000010913388433
6000000010913954497
6000000010914745400
6000000010915333451
6000000010915687999
6000000010917613073
6000000010917779359
6000000010918297983
6000000010918684425
6000000010918880215
6000000010919150568
6000000010922063674
6000000010923283882
6000000010923734499
6000000010926075218
6000000010926264734
6000000010926312551
6000000010926338159
6000000010926438957
6000000010935887631
6000000010935897977
6000000010936026383
6000000010936614385
6000000010941840335
6000000010941894151
6000000010942153687
6000000010942203601
6000000010942468401
6000000010945031615
6000000010945091551
6000000010945157254
6000000010945670548
6000000010948374446
6000000010951417598
6000000010954113125
6000000010954212117
6000000010968122653
6000000010968785560
6000000010968931682
6000000010969670526
6000000010970244214
6000000010971486205
6000000010972686506
6000000010973844195
6000000010973887044
6000000010973993946
6000000010974140654
6000000010974145925
6000000010977261129
6000000010981279662
6000000010991814068
6000000010991914117
6000000010993872719
6000000010993888632
6000000010994066843
6000000010994178138
6000000010994565092
6000000010994892356
6000000010995111859
6000000010995204353
6000000011000835746
6000000011004531998
6000000011004715654
6000000011005035327
6000000011015676818
6000000011015728435
6000000011016365380
6000000011016400248
6000000011016918054
6000000011019582030
6000000011020623893
6000000011021128310
6000000011021298650
6000000011021619314
6000000011025563953
6000000011025638854
6000000011027701068
6000000011027707181
6000000011027814193
6000000011027908541
6000000011029213304
6000000011033919470
6000000011034116630
6000000011034872761
6000000011036404515
6000000011036556222
6000000011038469326
6000000011038499209
6000000011042139567
6000000011043803107
6000000011047869520
6000000011047951397
6000000011050106052
6000000011050675449
6000000011051100655
6000000011051541793
6000000011055789280
6000000011057074775
6000000011057373292
6000000011059986537
6000000011063051262
6000000011071474640
6000000011071521954
6000000011077074988
6000000011077090546
6000000011077211567
6000000011077240646
6000000011077242222
6000000011077365624
6000000011078459498
6000000011078549071
6000000011078617825
6000000011078726908
6000000011078744023
6000000011078760054
6000000011078807545
6000000011078829655
6000000011078832794
6000000011078877873
6000000011078886609
6000000011078918407
6000000011078927412
6000000011078954380
6000000011078975948
6000000011079026264
6000000011079033339
6000000011079076356
6000000011079248909
6000000011079271617
6000000011079275910
6000000011079343735
6000000011079386946
6000000011079388682
6000000011079392562
6000000011079403425
6000000011079437586
6000000011080081469
6000000011080597375
6000000011081666697
6000000011082411191
6000000011082960548
6000000011083038510
6000000011083102215
6000000011083155695
6000000011087739034
6000000011087960046
6000000011088574034
6000000011088795228
6000000011089056376
6000000011089102316
6000000011089923843
6000000011090045273
6000000011090087209
6000000011090631015
6000000011090842019
6000000011091914293
6000000011091979289
6000000011092337926
6000000011093429649
6000000011093875751
6000000011101340523
6000000011101770652
6000000011105070237
6000000011105084734
6000000011105844544
6000000011106016362
6000000011106666955
6000000011107211560
6000000011111254363
6000000011115222098
6000000011115890109
6000000011116440089
6000000011117297958
6000000011120329391
6000000011120489244
6000000011124642999
6000000011124869484
6000000011124890818
6000000011124912429
6000000011124945567
6000000011128030993
6000000011128301162
6000000011129263591
6000000011136193799
6000000011136664201
6000000011144677954
6000000011145303286
6000000011147438944
6000000011150038191
6000000011150348883
6000000011151911793
6000000011152007754
6000000011152276590
6000000011152341468
6000000011152461664
6000000011152756219
6000000011152756225
6000000011152912438
6000000011153212967
6000000011153331145
6000000011157233963
6000000011158513831
6000000011158782423
6000000011158914217
6000000011160173311
6000000011160906014
6000000011161207863
6000000011161555722
6000000011162204188
6000000011162542821
6000000011173265458
6000000011173296459
6000000011173581570
6000000011175071682
6000000011175611454
6000000011175697220
6000000011183696687
6000000011186365610
6000000011186365642
6000000011194072885
6000000011194448107
6000000011194661567
6000000011194688280
6000000011196549854
6000000011196638698
6000000011196748568
6000000011196793448
6000000011196811307
6000000011196847383
6000000011198967094
6000000011199893820
6000000011200092556
6000000011200216871
6000000011200278431
6000000011205884055
6000000011205965575
6000000011206057735
6000000011221613253
6000000011223142631
6000000011232611631
6000000011232868153
6000000011233003758
6000000011233053645
6000000011233053756
6000000011233257252
6000000011233280334
6000000011234149762
6000000011234752356
6000000011237740286
6000000011238712921
6000000011239201122
6000000011239545575
6000000011240920854
6000000011242102128
6000000011242398790
6000000011242532340
6000000011242594971
6000000011242609259
6000000011242807122
6000000011251493744
6000000011251641264
6000000011252113626
6000000011254509451
6000000011254608374
6000000011254633289
6000000011255273086
6000000011255811912
6000000011260547938
6000000011260574714
6000000011260936136
6000000011262007670
6000000011263095792
6000000011264572046
6000000011268290303
6000000011268290308
6000000011269651331
6000000011275477139
6000000011281813147
6000000011282458405
6000000011284638203
6000000011284712443
6000000011285308083
6000000011285623384
6000000011285705637
6000000011285879194
6000000011286698836
6000000011290586353
6000000011295610779
6000000011301203526
6000000011301349600
6000000011304932659
6000000011305915597
6000000011322239508
6000000011323146942
6000000011325895627
6000000011330838529
6000000011330908815
6000000011335131586
6000000011335563652
6000000011335825241
6000000011342832452
6000000011342855043
6000000011343093054
6000000011343237712
6000000011343256469
6000000011343422741
6000000011343552110
6000000011343553843
6000000011343599250
6000000011356034675
6000000011358283759
6000000011358577436
6000000011359060622
6000000011360512692
6000000011360807427
6000000011360866272
6000000011361173042
6000000011361205367
6000000011361323334
6000000011361370423
6000000011361426353
6000000011361432256
6000000011361462336
6000000011367483397
6000000011368352928
6000000011376706268
6000000011378184307
6000000011378347965
6000000011378568308
6000000011389095852
6000000011389835102
6000000011389885383
6000000011398930368
6000000011399221611
6000000011399912881
6000000011399965104
6000000011400211020
6000000011409211372
6000000011409229426
6000000011409644560
6000000011410187997
6000000011410307017
6000000011416146768
6000000011416284846
6000000011416330864
6000000011416429453
6000000011416466275
6000000011418224721
6000000011422884408
6000000011428850169
6000000011445239765
6000000011445425315
6000000011445602315
6000000011447379553
6000000011448117966
6000000011448527962
6000000011448722113
6000000011448858281
6000000011451133165
6000000011459182752
6000000011459330280
6000000011469944465
6000000011473060979
6000000011484326596
6000000011484536035
6000000011485672698
6000000011486904458
6000000011490745614
6000000011492947909
6000000011507806519
6000000011507828056
6000000011507875284
6000000011508133217
6000000011511042860
6000000011511237764
6000000011511306547
6000000011513383211
6000000011517733814
6000000011520008114
6000000011521844758
6000000011525286895
6000000011528867079
6000000011528910125
6000000011529099175
6000000011529203863
6000000011529401220
6000000011535239018
6000000011535951800
6000000011536253175
6000000011536465369
6000000011536540657
6000000011546819168
6000000011546841461
6000000011546871915
6000000011547764690
6000000011548107347
6000000011548129217
6000000011555054963
6000000011555143845
6000000011555203416
6000000011555369633
6000000011555404432
6000000011555482791
6000000011555496349
6000000011555576259
6000000011556670974
6000000011557007635
6000000011557681003
6000000011560477445
6000000011560561213
6000000011566179806
6000000011567267487
6000000011568229136
6000000011570523346
6000000011570921296
6000000011579331593
6000000011579386592
6000000011585198422
6000000011589726214
6000000011590912774
6000000011593707136
6000000011595393870
6000000011601467545
6000000011604373558
6000000011605575658
6000000011606333291
6000000011609535197
6000000011610239928
6000000011613556984
6000000011614071093
6000000011614073366
6000000011614108286
6000000011621089464
6000000011626537082
6000000011631131912
6000000011631989803
6000000011633114963
6000000011633446755
6000000011633584290
6000000011633605330
6000000011634346242
6000000011635945929
6000000011636160156
6000000011636191681
6000000011636223953
6000000011636280889
6000000011636291448
6000000011636371064
6000000011636387994
6000000011636404598
6000000011636459351
6000000011636543249
6000000011646221072
6000000011646496671
6000000011647666686
6000000011648683509
6000000011649858742
6000000011657190041
6000000011660642743
6000000011661090748
6000000011661116867
6000000011661204573
6000000011661234640
6000000011661299447
6000000011661317823
6000000011662014728
6000000011662110388
6000000011662209216
6000000011662233253
6000000011671029247
6000000011671617514
6000000011682324123
6000000011682422643
6000000011684702074
6000000011689529414
6000000011690805196
6000000011704826540
6000000011704838086
6000000011704898638
6000000011704967616
6000000011705047438
6000000011705154442
6000000011705160354
6000000011705162269
6000000011705165580
6000000011705168215
6000000011705183287
6000000011705232325
6000000011707368096
6000000011715919276
6000000011717100516
6000000011726177356
6000000011727084960
6000000011727231848
6000000011727382292
6000000011727532274
6000000011733173874
6000000011733208985
6000000011733264419
6000000011733284547
6000000011733653442
6000000011733661932
6000000011733844024
6000000011736992884
6000000011737117411
6000000011737164348
6000000011738227880
6000000011738255288
6000000011738443377
6000000011738471764
6000000011738517447
6000000011739301829
6000000011741004613
6000000011742665584
6000000011742714833
6000000011744524352
6000000011747632845
6000000011749043301
6000000011749928314
6000000011766711029
6000000011768513997
6000000011769042441
6000000011769419124
6000000011769552414
6000000011769587252
6000000011769607217
6000000011769770291
6000000011770840288
6000000011771101457
6000000011777377237
6000000011777600934
6000000011777897621
6000000011781966687
6000000011782003177
6000000011782297469
6000000011796846098
6000000011796875771
6000000011800081040
6000000011800851163
6000000011801163207
6000000011801240544
6000000011801305454
6000000011801362778
6000000011801477081
6000000011801509099
6000000011801519890
6000000011801625558
6000000011801655089
6000000011801696930
6000000011801717492
6000000011801731317
6000000011801733201
6000000011801756080
6000000011801795692
6000000011801812368
6000000011801821324
6000000011801848289
6000000011801869218
6000000011804080757
6000000011810469439
6000000011812526318
6000000011812551151
6000000011813717191
6000000011814309314
6000000011818271640
6000000011819050918
6000000011819761774
6000000011819838754
6000000011819997235
6000000011820536896
6000000011820612828
6000000011822179639
6000000011822574229
6000000011823698668
6000000011827176549
6000000011830003223
6000000011830244763
6000000011830284701
6000000011830295477
6000000011830395550
6000000011830487455
6000000011832455710
6000000011832466444
6000000011832547323
6000000011833406677
6000000011835207917
6000000011836702810
6000000011842769725
6000000011845428217
6000000011848137597
6000000011852487175
6000000011852709046
6000000011853333390
6000000011855024217
6000000011855096276
6000000011859662547
6000000011861707258
6000000011862446122
6000000011864469634
6000000011865030944
6000000011869508747
6000000011870629601
6000000011870776576
6000000011871425682
6000000011873061612
6000000011873172319
6000000011873179281
6000000011873230211
6000000011880474718
6000000011881007780
6000000011883342384
6000000011884451149
6000000011884849195
6000000011886828744
6000000011895124234
6000000011895445294
6000000011895460242
6000000011895497310
6000000011906260846
6000000011907016934
6000000011907466365
6000000011908694636
6000000011912123052
6000000011912821238
6000000011914952188
6000000011921184581
6000000011925086487
6000000011925086492
6000000011926990323
6000000011927175372
6000000011928063260
6000000011935535138
6000000011936711979
6000000011941093332
6000000011941657586
6000000011999863813
6000000011999863819
6000000012000403202
6000000012000708663
6000000012000710310
6000000012000877045
6000000012010726205
6000000012011702512
6000000012018040189
6000000012018109006
6000000012027520923
6000000012027717829
6000000012028027205
6000000012028169692
6000000012028231423
6000000012030912924
6000000012032980193
6000000012033147891
6000000012033259013
6000000012033329848
6000000012033363754
6000000012034386446
6000000012044189072
6000000012045389628
6000000012055960910
6000000012058119164
6000000012058684257
6000000012059617577
6000000012060155334
6000000012060201904
6000000012070565269
6000000012070692210
6000000012077410606
6000000012087078357
6000000012092951666
6000000012103988956
6000000012108249741
6000000012108566798
6000000012108835609
6000000012108877860
6000000012109257391
6000000012109259264
6000000012109780485
6000000012110265631
6000000012110414341
6000000012124618505
6000000012124678693
6000000012125701039
6000000012135364286
6000000012135488333
6000000012135963674
6000000012135980961
6000000012136228634
6000000012136391984
6000000012136540530
6000000012136604205
6000000012136666282
6000000012142337666
6000000012145889690
6000000012148778950
6000000012149554159
6000000012149684759
6000000012150462823
6000000012150869524
6000000012151603293
6000000012151787396
6000000012152026520
6000000012152573868
6000000012152573873
6000000012152596426
6000000012152707520
6000000012152843449
6000000012153684500
6000000012154233144
6000000012154363036
6000000012154391852
6000000012154830425
6000000012156658888
6000000012158253869
6000000012158667683
6000000012159254354
6000000012164988972
6000000012165095520
6000000012165134026
6000000012165296751
6000000012165321331
6000000012165512528
6000000012176710121
6000000012176741070
6000000012176764112
6000000012176856400
6000000012177384035
6000000012177927364
6000000012178810592
6000000012179011750
6000000012180399127
6000000012180465760
6000000012181528015
6000000012181528020
6000000012181625075
6000000012204619676
6000000012207317348
6000000012212995403
6000000012213230832
6000000012213605435
6000000012229738344
6000000012245154004
6000000012245669731
6000000012246167471
6000000012246508346
6000000012258619899
6000000012258735347
6000000012259599544
6000000012268669361
6000000012271160019
6000000012274036429
6000000012298132399
6000000012304614798
6000000012328261279
6000000012332003502
6000000012332158451
6000000012349064830
6000000012359867208
6000000012359979222
6000000012362675075
6000000012363664367
6000000012367910021
6000000012368022078
6000000012368063897
6000000012368499276
6000000012377624367
6000000012385416229
6000000012386947087
6000000012387448282
6000000012396594448
6000000012396780923
6000000012397062411
6000000012397071021
6000000012397140348
6000000012397163725
6000000012397302880
6000000012397315473
6000000012397516486
6000000012398494054
6000000012399225068
6000000012399511596
6000000012399563507
6000000012399565905
6000000012400129313
6000000012400355926
6000000012400448942
6000000012400456532
6000000012400539452
6000000012403033412
6000000012407025621
6000000012407255826
6000000012408650408
6000000012408750343
6000000012408785312
6000000012418495675
6000000012418783137
6000000012419601531
6000000012419893370
6000000012422599997
6000000012436281929
6000000012437143103
6000000012437302009
6000000012437336620
6000000012437607378
6000000012437873248
6000000012441038681
6000000012444542031
6000000012445033063
6000000012446146205
6000000012448742478
6000000012452966942
6000000012453010973
6000000012453028524
6000000012453151420
6000000012455272755
6000000012459897565
6000000012460149507
6000000012461475697
6000000012461503835
6000000012461596213
6000000012461894223
6000000012462922882
6000000012462952703
6000000012463229282
6000000012463328643
6000000012463358390
6000000012463496251
6000000012468581950
6000000012468900779
6000000012468954535
6000000012469030707
6000000012469454652
6000000012472387035
6000000012481826389
6000000012490967939
6000000012506175344
6000000012507199728
6000000012507598242
6000000012514955271
6000000012515393157
6000000012524989855
6000000012525334295
6000000012525345306
6000000012525958211
6000000012526410012
6000000012536732113
6000000012537024060
6000000012537178664
6000000012537229349
6000000012538424871
6000000012546462225
6000000012546928704
6000000012548544368
6000000012548563268
6000000012551247387
6000000012558279075
6000000012558529825
6000000012558635366
6000000012558762405
6000000012558828463
6000000012560205909
6000000012560289197
6000000012560470851
6000000012560503801
6000000012560517125
6000000012560517179
6000000012560517745
6000000012560539493
6000000012560568222
6000000012560578232
6000000012560595425
6000000012560863216
6000000012561023558
6000000012565017393
6000000012569430661
6000000012569850858
6000000012576532326
6000000012580458711
6000000012580557216
6000000012587664964
6000000012587690898
6000000012589476641
6000000012589526241
6000000012598091602
6000000012607957531
6000000012608135538
6000000012608209293
6000000012608307304
6000000012608308235
6000000012608311464
6000000012608443234
6000000012611368168
6000000012611454059
6000000012611580786
6000000012611687527
6000000012611770840
6000000012611830598
6000000012611867572
6000000012611963385
6000000012612000355
6000000012612065220
6000000012612683172
6000000012619093370
6000000012621984040
6000000012622253832
6000000012622337555
6000000012622425779
6000000012622428509
6000000012622441997
6000000012622460659
6000000012622603311
6000000012633552700
6000000012637359535
6000000012641101835
6000000012641290692
6000000012654162485
6000000012654173870
6000000012654236026
6000000012654274028
6000000012656177553
6000000012656404622
6000000012657938501
6000000012658121055
6000000012658197943
6000000012658408382
6000000012658485347
6000000012658599323
6000000012659174296
6000000012663982218
6000000012664455239
6000000012668590557
6000000012670311225
6000000012670933786
6000000012671645714
6000000012672593869
6000000012673316618
6000000012673513328
6000000012676753747
6000000012676789773
6000000012677231978
6000000012686235048
6000000012686347747
6000000012687180631
6000000012687355714
6000000012687386455
6000000012687389305
6000000012687475488
6000000012687487340
6000000012687488549
6000000012687498441
6000000012687508434
6000000012687525450
6000000012687758603
6000000012687803441
6000000012687852789
6000000012687887571
6000000012687934232
6000000012687947264
6000000012687952216
6000000012687992823
6000000012688053923
6000000012688075887
6000000012688092831
6000000012688096967
6000000012688100850
6000000012688102428
6000000012688162728
6000000012688170589
6000000012688176219
6000000012688234235
6000000012688278225
6000000012688583355
6000000012688620424
6000000012688623761
6000000012688671996
6000000012688707980
6000000012688749018
6000000012688764185
6000000012688790621
6000000012688802479
6000000012688807587
6000000012688807863
6000000012688837352
6000000012688846326
6000000012688857618
6000000012688864426
6000000012688874336
6000000012688885210
6000000012691447665
6000000012692279296
6000000012693409841
6000000012693920248
6000000012695554070
6000000012695790045
6000000012695997919
6000000012696010455
6000000012696082877
6000000012696112569
6000000012696183531
6000000012696187542
6000000012696194542
6000000012696224510
6000000012696250625
6000000012696253271
6000000012696253426
6000000012696254012
6000000012696268227
6000000012696294640
6000000012696294912
6000000012696300313
6000000012696313204
6000000012696314506
6000000012696331279
6000000012696337070
6000000012696382424
6000000012696402367
6000000012696457339
6000000012696484201
6000000012696491614
6000000012696516531
6000000012696532340
6000000012696602278
6000000012696678306
6000000012696708415
6000000012696719274
6000000012700882633
6000000012709535023
6000000012713820166
6000000012714251551
6000000012714308576
6000000012714421423
6000000012714426330
6000000012714466495
6000000012714678220
6000000012714687220
6000000012714688201
6000000012714689605
6000000012716991954
6000000012718067249
6000000012718209528
6000000012720997569
6000000012723040450
6000000012724604098
6000000012724606795
6000000012724727290
6000000012725460069
6000000012725745213
6000000012734551564
6000000012734734358
6000000012737494004
6000000012737597444
6000000012738065429
6000000012738071474
6000000012738158290
6000000012738183636
6000000012738236391
6000000012739146968
6000000012739894230
6000000012743369722
6000000012743533226
6000000012749094826
6000000012759628876
6000000012760598824
6000000012761065443
6000000012767608632
6000000012771055274
6000000012771112463
6000000012773904702
6000000012782135447
6000000012784439800
6000000012786646837
6000000012786874373
6000000012786909460
6000000012801851579
6000000012802441490
6000000012803728669
6000000012803737484
6000000012810217642
6000000012813038952
6000000012831696402
6000000012831991423
6000000012832397278
6000000012832416720
6000000012835466372
6000000012837011071
6000000012837227433
6000000012840520089
6000000012841241735
6000000012841241913
6000000012841439326
6000000012841465268
6000000012841619301
6000000012852760213
6000000012854781781
6000000012854782183
6000000012854993331
6000000012858253462
6000000012862596005
6000000012862674652
6000000012862739108
6000000012862825514
6000000012862861368
6000000012863188281
6000000012868569915
6000000012868570257
6000000012868797510
6000000012873172623
6000000012876437261
6000000012876837353
6000000012888621510
6000000012888805532
6000000012889484734
6000000012891768004
6000000012894196719
6000000012894236717
6000000012894725373
6000000012906942033
6000000012907116351
6000000012907516636
6000000012907516642
6000000012907997707
6000000012907997713
6000000012909298192
6000000012909298198
6000000012910135463
6000000012910194214
6000000012911007904
6000000012913339911
6000000012913344186
6000000012913607877
6000000012913702220
6000000012913725283
6000000012913725289
6000000012913867866
6000000012914039408
6000000012914039414
6000000012918633186
6000000012919396450
6000000012919410779
6000000012919532989
6000000012919648185
6000000012919763671
6000000012919811742
6000000012919969598
6000000012919969743
6000000012920089858
6000000012920092623
6000000012920287342
6000000012920307489
6000000012920330271
6000000012920361242
6000000012920394201
6000000012920466252
6000000012920709567
6000000012922672318
6000000012923899288
6000000012924353343
6000000012935373649
6000000012935388494
6000000012935401993
6000000012935420802
6000000012935496482
6000000012935544683
6000000012935544929
6000000012935817795
6000000012935823849
6000000012935908115
6000000012935916907
6000000012935917019
6000000012935947555
6000000012936065764
6000000012936095660
6000000012936109939
6000000012936137891
6000000012936152634
6000000012936286208
6000000012936293282
6000000012939548986
6000000012941453953
6000000012944251722
6000000012944251728
6000000012944624654
6000000012944624660
6000000012945471288
6000000012948052489
6000000012948323192
6000000012948791217
6000000012948923346
6000000012949794233
6000000012950859778
6000000012951204560
6000000012951840014
6000000012952050322
6000000012952294348
6000000012955015694
6000000012955126512
6000000012955126517
6000000012960150581
6000000012960280372
6000000012961002090
6000000012963509115
6000000012963531618
6000000012963532084
6000000012963559348
6000000012964146083
6000000012964278856
6000000012964528905
6000000012964586264
6000000012965681164
6000000012965699801
6000000012966079926
6000000012977536699
6000000012978084555
6000000012978128535
6000000012982816823
6000000012983999371
6000000012988767643
6000000012988832881
6000000012988902502
6000000012988902544
6000000012996575818
6000000012996575824
6000000012996857239
6000000012996889204
6000000013003314172
6000000013003358583
6000000013003968365
6000000013007192504
6000000013009068580
6000000013009634026
6000000013009736448
6000000013009836254
6000000013009857799
6000000013010593545
6000000013010663207
6000000013014831347
6000000013015882850
6000000013016181742
6000000013016198457
6000000013016203335
6000000013016208547
6000000013016265227
6000000013017083444
6000000013018790934
6000000013018865938
6000000013018997657
6000000013019003632
6000000013019050829
6000000013019075408
6000000013019078783
6000000013019103091
6000000013019107574
6000000013019117526
6000000013019118827
6000000013019159496
6000000013019190312
6000000013019203291
6000000013020090601
6000000013020632588
6000000013020714401
6000000013020969736
6000000013021111635
6000000013022286973
6000000013023750523
6000000013026165075
6000000013026211197
6000000013026326504
6000000013026332009
6000000013026335899
6000000013026338388
6000000013026377337
6000000013029389401
6000000013032111958
6000000013032244089
6000000013032268088
6000000013032290862
6000000013032609482
6000000013032929695
6000000013033098992
6000000013033780937
6000000013034944843
6000000013035228525
6000000013035801160
6000000013036163350
6000000013036289313
6000000013036357290
6000000013036402176
6000000013036965928
6000000013037185495
6000000013037406527
6000000013037409390
6000000013037493526
6000000013037749949
6000000013037997755
6000000013038339201
6000000013041801774
6000000013042053896
6000000013042053902
6000000013042111597
6000000013042215291
6000000013042218251
6000000013047615104
6000000013049964130
6000000013050223316
6000000013050463017
6000000013053583152
6000000013054435903
6000000013054453153
6000000013054549921
6000000013054643766
6000000013054651337
6000000013054763684
6000000013054780562
6000000013054828643
6000000013055095655
6000000013055105447
6000000013056089567
6000000013061779725
6000000013071805275
6000000013075334235
6000000013076622025
6000000013083019193
6000000013084079762
6000000013084119175
6000000013084274523
6000000013091230459
6000000013096479037
6000000013097783884
6000000013105143881
6000000013105500734
6000000013105536375
6000000013105647226
6000000013108614037
6000000013108902620
6000000013116383679
6000000013116537211
6000000013124401188
6000000013127367142
6000000013136724264
6000000013136743255
6000000013141108136
6000000013142687849
6000000013142927085
6000000013143010817
6000000013143329509
6000000013143479433
6000000013143519473
6000000013143587825
6000000013143743282
6000000013144618151
6000000013144905657
6000000013145038986
6000000013145042493
6000000013145048860
6000000013145062444
6000000013145108653
6000000013145166254
6000000013145275994
6000000013153205958
6000000013154744371
6000000013154787375
6000000013157724343
6000000013162892670
6000000013162978442
6000000013163043545
6000000013165150689
6000000013173427777
6000000013173693646
6000000013173814124
6000000013173853617
6000000013173876777
6000000013173879728
6000000013173951249
6000000013179420921
6000000013179458457
6000000013180025762
6000000013182926690
6000000013183397381
6000000013185115050
6000000013185338043
6000000013185438789
6000000013185481835
6000000013185528040
6000000013185531341
6000000013185650204
6000000013185677492
6000000013185711271
6000000013185730240
6000000013185734304
6000000013185734480
6000000013186790969
6000000013187892591
6000000013188194332
6000000013188218172
6000000013189645947
6000000013189645953
6000000013196298916
6000000013196519341
6000000013198948154
6000000013198948868
6000000013199416855
6000000013199613421
6000000013199806430
6000000013208411485
6000000013215504163
6000000013218132186
6000000013218569834
6000000013218569840
6000000013218627602
6000000013218637832
6000000013218637838
6000000013218658912
6000000013218734275
6000000013239668468
6000000013240165242
6000000013240192478
6000000013246928383
6000000013260627711
6000000013261141618
6000000013262733149
6000000013262800864
6000000013262800870
6000000013262861661
6000000013262887127
6000000013262976621
6000000013262979711
6000000013269462815
6000000013270529721
6000000013272564758
6000000013272971564
6000000013273083298
6000000013279212949
6000000013279362022
6000000013279400970
6000000013279743475
6000000013289101582
6000000013289217373
6000000013289301276
6000000013289307576
6000000013290186278
6000000013296740955
6000000013296787625
6000000013300915679
6000000013314263575
6000000013316336643
6000000013316574523
6000000013316574569
6000000013316849433
6000000013316982274
6000000013323484810
6000000013323489686
6000000013323599393
6000000013330400117
6000000013331596630
6000000013331626975
6000000013344677681
6000000013345854267
6000000013350109352
6000000013354249769
6000000013356908030
6000000013361536579
6000000013362915843
6000000013366302480
6000000013366332262
6000000013373537733
6000000013375522321
6000000013382178933
6000000013382492431
6000000013383490506
6000000013384666405
6000000013392405521
6000000013392492704
6000000013402833286
6000000013404042776
6000000013404183456
6000000013404984967
6000000013406288912
6000000013406644291
6000000013406752296
6000000013410254501
6000000013414719793
6000000013414953713
6000000013415064223
6000000013416518124
6000000013425814933
6000000013425819953
6000000013425820860
6000000013425821684
6000000013425829605
6000000013426205208
6000000013430806279
6000000013430852243
6000000013431312981
6000000013432461449
6000000013432545201
6000000013432863961
6000000013433100929
6000000013433224145
6000000013441117667
6000000013441131668
6000000013441149840
6000000013441178836
6000000013441235542
6000000013441239333
6000000013444793357
6000000013446125614
6000000013460326307
6000000013465835637
6000000013466034300
6000000013466129123
6000000013475638644
6000000013485400922
6000000013486314017
6000000013486739972
6000000013503946568
6000000013517196574
6000000013529441123
6000000013536613326
6000000013536669242
6000000013544962900
6000000013545353703
6000000013546153990
6000000013546304702
6000000013546470518
6000000013550567022
6000000013561698660
6000000013585645332
6000000013585703066
6000000013590453290
6000000013591617159
6000000013592943861
6000000013594411278
6000000013595040926
6000000013597167397
6000000013601123514
6000000013613884627
6000000013614127010
6000000013618082642
6000000013618793710
6000000013620363019
6000000013621026231
6000000013621318840
6000000013624340530
6000000013627256557
6000000013627483439
6000000013627573416
6000000013627749836
6000000013627844537
6000000013628007290
6000000013630547887
6000000013630690423
6000000013630889038
6000000013630903637
6000000013630930677
6000000013630931969
6000000013630983026
6000000013641988619
6000000013651068280
6000000013657477963
6000000013657830582
6000000013658223768
6000000013658571453
6000000013658580237
6000000013658640090
6000000013659335615
6000000013659978807
6000000013660001404
6000000013660151462
6000000013660613897
6000000013668518983
6000000013668590476
6000000013668605252
6000000013668674007
6000000013668991499
6000000013677915086
6000000013678750085
6000000013682176389
6000000013687851229
6000000013689085493
6000000013689162274
6000000013689333615
6000000013689442750
6000000013695089690
6000000013698413154
6000000013699794344
6000000013708115240
6000000013710387336
6000000013710800849
6000000013710951254
6000000013712583837
6000000013712771768
6000000013716051196
6000000013717061164
6000000013717611931
6000000013718119001
6000000013724102661
6000000013725179333
6000000013732802597
6000000013734369394
6000000013743836337
6000000013743920129
6000000013743993091
6000000013743994168
6000000013744046052
6000000013744629443
6000000013744750167
6000000013744843107
6000000013744892523
6000000013745165530
6000000013745241388
6000000013745311356
6000000013745329227
6000000013745440821
6000000013751183939
6000000013751549502
6000000013751916046
6000000013752401077
6000000013752464922
6000000013752514904
6000000013752602141
6000000013752857377
6000000013752958029
6000000013754387723
6000000013754400963
6000000013754449464
6000000013754545097
6000000013754957164
6000000013758362129
6000000013760881355
6000000013760958192
6000000013761105414
6000000013762356596
6000000013763579994
6000000013763581724
6000000013763688531
6000000013763801721
6000000013765885870
6000000013766120939
6000000013766131859
6000000013766464425
6000000013766599770
6000000013766900244
6000000013766987028
6000000013778901323
6000000013782248918
6000000013788792603
6000000013806031409
6000000013810349589
6000000013810508424
6000000013813778498
6000000013813982291
6000000013819245437
6000000013821010281
6000000013821024356
6000000013821061097
6000000013821160163
6000000013823935826
6000000013823949791
6000000013824165923
6000000013824202737
6000000013837256304
6000000013837297631
6000000013837310512
6000000013837340205
6000000013837832151
6000000013842336783
6000000013842381317
6000000013842449685
6000000013842525371
6000000013843212279
6000000013853994652
6000000013855347081
6000000013855379871
6000000013858219542
6000000013858364821
6000000013858396872
6000000013858526215
6000000013862168867
6000000013862399752
6000000013872544980
6000000013872612516
6000000013872691689
6000000013872697887
6000000013872774021
6000000013884115187
6000000013884225961
6000000013884405797
6000000013884663025
6000000013885193328
6000000013885243343
6000000013886044831
6000000013886066189
6000000013886344422
6000000013886525232
6000000013886561520
6000000013886610547
6000000013886634377
6000000013886698494
6000000013888852662
6000000013898237997
6000000013898304905
6000000013899625852
6000000013900138798
6000000013900301487
6000000013900557257
6000000013900557510
6000000013900606328
6000000013900685710
6000000013901559131
6000000013914970955
6000000013914970960
6000000013915015079
6000000013915376832
6000000013927095722
6000000013927427447
6000000013938289487
6000000013938297420
6000000013942882658
6000000013942968186
6000000013953413034
6000000013968934512
6000000013968974484
6000000013969097125
6000000013969107164
6000000013969156266
6000000013969796343
6000000013978962581
6000000013979016997
6000000013979125967
6000000013979232225
6000000013979387204
6000000013984064985
6000000013984824781
6000000013985070107
6000000013985092006
6000000013986227446
6000000013991825894
6000000013992277810
6000000013998629523
6000000013999082694
6000000013999153197
6000000014007214284
6000000014012844693
6000000014013021643
6000000014013152479
6000000014013164881
6000000014016878942
6000000014025309469
6000000014034797391
6000000014034799348
6000000014040068430
6000000014054946624
6000000014055632627
6000000014055633954
6000000014055635902
6000000014055660536
6000000014055711653
6000000014055724723
6000000014055743200
6000000014055774662
6000000014055828580
6000000014056040985
6000000014056180070
6000000014058656378
6000000014059205471
6000000014060221576
6000000014061473209
6000000014063289331
6000000014064458195
6000000014073301783
6000000014078192148
6000000014082705465
6000000014082779849
6000000014083505698
6000000014085455744
6000000014085529733
6000000014085916332
6000000014085970028
6000000014085979023
6000000014094061814
6000000014094156667
6000000014109270790
6000000014109411319
6000000014109452518
6000000014110233636
6000000014113456671
6000000014120784450
6000000014120848554
6000000014123375805
6000000014123653322
6000000014123866712
6000000014123914511
6000000014124708774
6000000014125032333
6000000014125988312
6000000014128192273
6000000014128720111
6000000014131259119
6000000014131379071
6000000014132641978
6000000014139887286
6000000014142203985
6000000014142252988
6000000014142405381
6000000014142445463
6000000014142516308
6000000014142600026
6000000014142624149
6000000014148287607
6000000014150434665
6000000014151646762
6000000014152404368
6000000014152534333
6000000014153206795
6000000014156880752
6000000014157300892
6000000014157565644
6000000014160448653
6000000014160873254
6000000014160931093
6000000014161552440
6000000014168465001
6000000014168485108
6000000014170572042
6000000014174173885
6000000014190869041
6000000014193118635
6000000014193153692
6000000014193729933
6000000014193872382
6000000014196617000
6000000014199935607
6000000014200944005
6000000014201008429
6000000014201059782
6000000014201158122
6000000014201172303
6000000014201208186
6000000014201244142
6000000014202497615
6000000014207986513
6000000014208462422
6000000014208472701
6000000014208511143
6000000014208559105
6000000014209012742
6000000014209403388
6000000014209496105
6000000014209860863
6000000014210043003
6000000014210319887
6000000014210458260
6000000014210460604
6000000014223004535
6000000014224378935
6000000014231702859
6000000014233418373
6000000014233464334
6000000014233507631
6000000014233676685
6000000014233679769
6000000014233697566
6000000014233808424
6000000014233835018
6000000014233837112
6000000014233858106
6000000014233869705
6000000014233913271
6000000014233992619
6000000014233998119
6000000014234009280
6000000014234029655
6000000014234235283
6000000014235476319
6000000014236843793
6000000014237270252
6000000014237551087
6000000014243118883
6000000014243476768
6000000014243518354
6000000014243704175
6000000014243715417
6000000014245744315
6000000014252769370
6000000014253130537
6000000014253173734
6000000014253216453
6000000014253269381
6000000014253291622
6000000014253309351
6000000014253349101
6000000014253375389
6000000014254008891
6000000014261094208
6000000014263457724
6000000014263537700
6000000014264912327
6000000014265035290
6000000014266397728
6000000014266779253
6000000014266784093
6000000014268931108
6000000014271442349
6000000014271444871
6000000014271503685
6000000014271729905
6000000014271813489
6000000014273423239
6000000014274410101
6000000014275087519
6000000014275110748
6000000014275384506
6000000014275414951
6000000014275452064
6000000014275620106
6000000014275652158
6000000014276241688
6000000014276546134
6000000014277913358
6000000014278115010
6000000014281277937
6000000014281642943
6000000014281916757
6000000014282129618
6000000014282157312
6000000014282664033
6000000014282970502
6000000014285854321
6000000014285997264
6000000014289816763
6000000014290426102
6000000014290468033
6000000014290999430
6000000014291411299
6000000014291460287
6000000014293604552
6000000014293632986
6000000014293722975
6000000014293724990
6000000014293984697
6000000014294018697
6000000014294095886
6000000014294104646
6000000014294130527
6000000014294130535
6000000014294133702
6000000014294143226
6000000014294150867
6000000014294165359
6000000014294169984
6000000014294229133
6000000014294243195
6000000014294279024
6000000014294280038
6000000014294309260
6000000014294358966
6000000014294412649
6000000014294422524
6000000014294450460
6000000014294455052
6000000014294456328
6000000014294520035
6000000014294589872
6000000014294597945
6000000014294605731
6000000014294618039
6000000014294631096
6000000014294641567
6000000014294661021
6000000014294661530
6000000014294663660
6000000014294672729
6000000014294679062
6000000014294689911
6000000014294719543
6000000014294721555
6000000014294731788
6000000014294772802
6000000014294776633
6000000014294784153
6000000014294794550
6000000014294796558
6000000014294804084
6000000014295035296
6000000014295054324
6000000014295054371
6000000014295075726
6000000014295099344
6000000014295183003
6000000014295185817
6000000014295280962
6000000014295366705
6000000014295385638
6000000014295399458
6000000014295399791
6000000014295438275
6000000014295482174
6000000014295543583
6000000014295543590
6000000014295581252
6000000014295622529
6000000014295798293
6000000014295885248
6000000014295942973
6000000014295951380
6000000014295988708
6000000014296133710
6000000014296133743
6000000014296297113
6000000014296435072
6000000014296455106
6000000014297264411
6000000014297341983
6000000014297434060
6000000014297500403
6000000014297610968
6000000014297918219
6000000014297993070
6000000014301338593
6000000014301366664
6000000014301742158
6000000014301755430
6000000014302010193
6000000014302386480
6000000014302421356
6000000014302568928
6000000014302643130
6000000014302645132
6000000014303474424
6000000014303774753
6000000014304264601
6000000014311812583
6000000014312090426
6000000014312140053
6000000014312671609
6000000014312677662
6000000014312747225
6000000014312747933
6000000014312919521
6000000014313369606
6000000014313584416
6000000014313698036
6000000014315979410
6000000014316102263
6000000014319620778
6000000014319787144
6000000014326523421
6000000014328708524
6000000014337763606
6000000014338124424
6000000014338684091
6000000014341576251
6000000014341636569
6000000014341697064
6000000014341973604
6000000014342251130
6000000014342261521
6000000014350800560
6000000014350974019
6000000014355994555
6000000014362597884
6000000014362640574
6000000014363901840
6000000014364003777
6000000014364074325
6000000014364149895
6000000014364172592
6000000014364172600
6000000014364257233
6000000014364257252
6000000014364364207
6000000014364392763
6000000014364502557
6000000014364518823
6000000014364533737
6000000014372373095
6000000014372500361
6000000014378834368
6000000014382126947
6000000014382518027
6000000014398840820
6000000014398945645
6000000014399071967
6000000014399330956
6000000014399450278
6000000014399460653
6000000014399597089
6000000014399606124
6000000014406470663
6000000014409019253
6000000014410309648
6000000014410369411
6000000014410974671
6000000014411056318
6000000014411093510
6000000014411994722
6000000014416365803
6000000014416482067
6000000014417417999
6000000014417476871
6000000014417520966
6000000014419044326
6000000014419548846
6000000014420419363
6000000014420432172
6000000014420435531
6000000014420460526
6000000014420579091
6000000014422053172
6000000014422470339
6000000014426174221
6000000014430137824
6000000014432280646
6000000014432282596
6000000014432463813
6000000014439224530
6000000014439340575
6000000014439346721
6000000014439408650
6000000014439488240
6000000014439905412
6000000014439928258
6000000014439960381
6000000014440005407
6000000014440351250
6000000014441108918
6000000014441138824
6000000014441204194
6000000014441241585
6000000014441259284
6000000014441263447
6000000014441347165
6000000014441615301
6000000014441636837
6000000014441640963
6000000014441682979
6000000014441698953
6000000014441747717
6000000014441797233
6000000014441806234
6000000014441900007
6000000014441908022
6000000014441929130
6000000014442115458
6000000014442126671
6000000014442173546
6000000014442177364
6000000014442435927
6000000014442582950
6000000014442670009
6000000014442770902
6000000014442789099
6000000014442841114
6000000014442841562
6000000014442896380
6000000014442938653
6000000014442951229
6000000014442953388
6000000014442958097
6000000014442959210
6000000014442962099
6000000014446849669
6000000014450105790
6000000014450156756
6000000014450166456
6000000014450275235
6000000014450602063
6000000014453119155
6000000014462629273
6000000014462995246
6000000014463856394
6000000014466567235
6000000014466608245
6000000014466779942
6000000014466945004
6000000014467003602
6000000014474669531
6000000014474756841
6000000014474809269
6000000014486748731
6000000014503354595
6000000014504046881
6000000014506461762
6000000014506496742
6000000014506555465
6000000014506663075
6000000014509960173
6000000014510810755
6000000014511177484
6000000014511568200
6000000014512537406
6000000014522158621
6000000014535866316
6000000014536092551
6000000014536354428
6000000014536603815
6000000014536837729
6000000014536872180
6000000014546491400
6000000014547100603
6000000014547441737
6000000014549712848
6000000014557833293
6000000014558135034
6000000014558191098
6000000014563457733
6000000014563587805
6000000014563654810
6000000014563661204
6000000014564781620
6000000014568239628
6000000014568702032
6000000014568845871
6000000014568943810
6000000014569184859
6000000014571752875
6000000014571897602
6000000014572091212
6000000014575213979
6000000014575422011
6000000014575605951
6000000014575687654
6000000014586311389
6000000014588238970
6000000014593836128
6000000014596414349
6000000014598150113
6000000014602199640
6000000014602385638
6000000014604476442
6000000014606057529
6000000014607998680
6000000014608020262
6000000014608053600
6000000014608086619
6000000014608138147
6000000014608941118
6000000014610224437
6000000014614463492
6000000014618546127
6000000014620549871
6000000014621597291
6000000014622925273
6000000014631826607
6000000014631875574
6000000014632022110
6000000014632055801
6000000014632062558
6000000014632150271
6000000014632150324
6000000014632182510
6000000014632243269
6000000014632251028
6000000014632320003
6000000014632543979
6000000014632583436
6000000014632589159
6000000014632605003
6000000014632613200
6000000014632738677
6000000014632747285
6000000014632799504
6000000014633066213
6000000014633224188
6000000014636193929
6000000014645243853
6000000014645348789
6000000014645550014
6000000014647402658
6000000014648278243
6000000014651762846
6000000014651771706
6000000014677046623
6000000014682708855
6000000014683655364
6000000014683751295
6000000014683775323
6000000014686765396
6000000014690160559
6000000014694348947
6000000014694648703
6000000014694915021
6000000014695771668
6000000014697419597
6000000014706521119
6000000014709929304
6000000014709948335
6000000014709956350
6000000014714081299
6000000014722816582
6000000014723002905
6000000014723763639
6000000014728501649
6000000014733028444
6000000014733870102
6000000014734402845
6000000014734777824
6000000014737019656
6000000014737304276
6000000014737345042
6000000014737345048
6000000014744950569
6000000014745158380
6000000014746224326
6000000014747406295
6000000014754189765
6000000014754282298
6000000014756188481
6000000014756376224
6000000014756541377
6000000014756688039
6000000014759808007
6000000014763581226
6000000014763831033
6000000014766644256
6000000014768409981
6000000014768652658
6000000014768701295
6000000014768899315
6000000014768919054
6000000014769094223
6000000014777229077
6000000014783417715
6000000014783485266
6000000014784405355
6000000014784605451
6000000014784627284
6000000014787401706
6000000014788820402
6000000014789019971
6000000014789051209
6000000014789071675
6000000014789444177
6000000014789586030
6000000014790325363
6000000014790508774
6000000014790530559
6000000014790638307
6000000014790670153
6000000014790686306
6000000014790709961
6000000014790907228
6000000014794051567
6000000014795562961
6000000014795915473
6000000014796021263
6000000014796143018
6000000014796161624
6000000014799047698
6000000014816993100
6000000014818894769
6000000014818911379
6000000014819442024
6000000014820091141
6000000014820776862
6000000014820951339
6000000014827331372
6000000014831488978
6000000014833883125
6000000014835622429
6000000014835624190
6000000014835656244
6000000014835681236
6000000014837827344
6000000014837904231
6000000014842170470
6000000014843037599
6000000014843199538
6000000014843376341
6000000014844966873
6000000014844967837
6000000014846915219
6000000014846941321
6000000014846954907
6000000014846965873
6000000014847692945
6000000014849033732
6000000014852401051
6000000014852865055
6000000014856228798
6000000014857023747
6000000014857343844
6000000014858082584
6000000014858307097
6000000014858369018
6000000014862783707
6000000014862995485
6000000014863051590
6000000014863061279
6000000014863087172
6000000014863098256
6000000014863174476
6000000014863191128
6000000014863212136
6000000014866940617
6000000014873400567
6000000014876279863
6000000014876496636
6000000014876618025
6000000014877820918
6000000014878005698
6000000014878015871
6000000014878177963
6000000014878280727
6000000014878348668
6000000014878360661
6000000014878619050
6000000014878797897
6000000014878801591
6000000014878824943
6000000014878920801
6000000014879024569
6000000014879111239
6000000014879181934
6000000014879259129
6000000014879419708
6000000014879458893
6000000014879474109
6000000014879672077
6000000014879693230
6000000014879787071
6000000014879787194
6000000014879829027
6000000014886757524
6000000014886789533
6000000014886902485
6000000014886939200
6000000014887125416
6000000014887140248
6000000014887174465
6000000014887183528
6000000014888527278
6000000014888845377
6000000014896292917
6000000014896334965
6000000014896438795
6000000014896478306
6000000014896520243
6000000014896901260
6000000014897271990
6000000014897319586
6000000014902250135
6000000014902291194
6000000014902660659
6000000014903120323
6000000014906491751
6000000014906843459
6000000014906874670
6000000014906911380
6000000014909939412
6000000014913046823
6000000014916378179
6000000014925917937
6000000014926004277
6000000014926019174
6000000014927703674
6000000014928067891
6000000014928249462
6000000014928544038
6000000014928795709
6000000014928903633
6000000014928928952
6000000014928949702
6000000014928950236
6000000014928971428
6000000014929025197
6000000014929036088
6000000014929036898
6000000014929177756
6000000014929234557
6000000014929314831
6000000014929334291
6000000014929392703
6000000014929392736
6000000014929451550
6000000014929500514
6000000014929604183
6000000014929607025
6000000014929607341
6000000014929634200
6000000014929677093
6000000014929764199
6000000014929892116
6000000014930015030
6000000014930015327
6000000014932568514
6000000014933287948
6000000014933658285
6000000014933665442
6000000014933668307
6000000014933676871
6000000014933677329
6000000014933682340
6000000014934803104
6000000014934987909
6000000014935091760
6000000014935329212
6000000014935483545
6000000014938070967
6000000014939700787
6000000014946007900
6000000014946014943
6000000014946183604
6000000014946196904
6000000014946215684
6000000014946599922
6000000014946777516
6000000014946938175
6000000014947014842
6000000014947067554
6000000014947099538
6000000014947105390
6000000014947194169
6000000014947204306
6000000014948906169
6000000014950534816
6000000014950711335
6000000014950825166
6000000014956992834
6000000014962024308
6000000014973455735
6000000015005655776
6000000015006029323
6000000015019085762
6000000015019163306
6000000015024970110
6000000015033006747
6000000015038326791
6000000015038713016
6000000015040466723
6000000015040470841
6000000015051883867
6000000015063657529
6000000015072377792
6000000015092991908
6000000015094565204
6000000015100145855
6000000015100244798
6000000015100593607
6000000015100840926
6000000015100919711
6000000015101267012
6000000015117490925
6000000015117958521
6000000015127375222
6000000015132400550
6000000015132549918
6000000015132758421
6000000015133327263
6000000015136458485
6000000015136630832
6000000015137126039
6000000015138570102
6000000015143124993
6000000015143432643
6000000015143590661
6000000015143596400
6000000015143608853
6000000015143965247
6000000015143991294
6000000015144008623
6000000015144038895
6000000015144135331
6000000015144169325
6000000015144186715
6000000015144187655
6000000015144262224
6000000015144316369
6000000015144358059
6000000015144402023
6000000015146960734
6000000015147392115
6000000015151703516
6000000015152536331
6000000015153815312
6000000015155323661
6000000015155570533
6000000015155639067
6000000015159533787
6000000015162302004
6000000015164701160
6000000015165037049
6000000015165110561
6000000015165278325
6000000015165413862
6000000015165484642
6000000015165504651
6000000015165520295
6000000015165520621
6000000015165572317
6000000015165712201
6000000015165736101
6000000015165811054
6000000015165846287
6000000015165961915
6000000015165982153
6000000015166038244
6000000015166050342
6000000015166056201
6000000015166069015
6000000015166124510
6000000015166226662
6000000015166234655
6000000015166328873
6000000015166330203
6000000015166345474
6000000015166362092
6000000015166390686
6000000015166393247
6000000015166434798
6000000015166440088
6000000015166467175
6000000015166473870
6000000015166528710
6000000015166553474
6000000015166583152
6000000015166635470
6000000015167300598
6000000015167569986
6000000015167720526
6000000015167729996
6000000015167745926
6000000015167762973
6000000015167788443
6000000015167789884
6000000015168098033
6000000015168165970
6000000015170512064
6000000015170885518
6000000015171000574
6000000015171003747
6000000015172607627
6000000015172687211
6000000015172742096
6000000015181848491
6000000015185075299
6000000015185094518
6000000015185137170
6000000015186672867
6000000015190570077
6000000015191729496
6000000015191825663
6000000015192415305
6000000015192431453
6000000015192955315
6000000015194607888
6000000015194679577
6000000015194771996
6000000015194907877
6000000015194914709
6000000015194933888
6000000015195008640
6000000015195036177
6000000015195065354
6000000015195091162
6000000015195146010
6000000015199682420
6000000015200090973
6000000015200205419
6000000015200321453
6000000015200355200
6000000015200396753
6000000015200400643
6000000015200882201
6000000015201790089
6000000015204381777
6000000015204424489
6000000015204724275
6000000015205274863
6000000015205956238
6000000015206186112
6000000015206237483
6000000015206365205
6000000015206498170
6000000015209586658
6000000015210027883
6000000015210453122
6000000015210479362
6000000015210480121
6000000015210515202
6000000015211178776
6000000015211504825
6000000015211606226
6000000015212208636
6000000015212249570
6000000015212264540
6000000015212279774
6000000015213053130
6000000015213069753
6000000015213093296
6000000015213109036
6000000015213126038
6000000015213993763
6000000015214141459
6000000015214159841
6000000015214164705
6000000015214169481
6000000015214177370
6000000015214177434
6000000015214199750
6000000015214199992
6000000015214223770
6000000015214231345
6000000015214249646
6000000015214313503
6000000015214320410
6000000015214336090
6000000015214356415
6000000015214378037
6000000015214378094
6000000015214485434
6000000015214515822
6000000015214567362
6000000015214587543
6000000015214599926
6000000015214631471
6000000015214642191
6000000015214667051
6000000015214723021
6000000015215559535
6000000015215682338
6000000015216191129
6000000015216227143
6000000015216315200
6000000015220933948
6000000015221185888
6000000015221313125
6000000015222778756
6000000015223709653
6000000015227551646
6000000015227975777
6000000015227983349
6000000015228127384
6000000015228163326
6000000015228203536
6000000015232457981
6000000015232897278
6000000015233040071
6000000015233057010
6000000015233578906
6000000015233824889
6000000015233912484
6000000015233995123
6000000015237635090
6000000015241358882
6000000015241583322
6000000015242638482
6000000015242683340
6000000015242982816
6000000015243130517
6000000015251332429
6000000015254167876
6000000015254569570
6000000015255995878
6000000015256371657
6000000015256400719
6000000015257109095
6000000015259361487
6000000015259513463
6000000015259578885
6000000015259663495
6000000015259767969
6000000015259901575
6000000015259943521
6000000015259989309
6000000015260034187
6000000015260044169
6000000015260075092
6000000015261012273
6000000015261128134
6000000015264398834
6000000015267726408
6000000015267827021
6000000015275081732
6000000015275940122
6000000015276043335
6000000015279887742
6000000015279910874
6000000015279927576
6000000015279928822
6000000015279958787
6000000015279993528
6000000015279998396
6000000015280012555
6000000015280033097
6000000015280050267
6000000015280052494
6000000015280127977
6000000015280140406
6000000015280155364
6000000015280165371
6000000015280169644
6000000015280190244
6000000015280220536
6000000015280245112
6000000015280263606
6000000015280279074
6000000015280294003
6000000015280321110
6000000015280342384
6000000015280350219
6000000015280365762
6000000015280367023
6000000015280367126
6000000015281338809
6000000015281535801
6000000015281600159
6000000015281712046
6000000015285890987
6000000015286583879
6000000015286636710
6000000015286855620
6000000015286862263
6000000015286871905
6000000015286912836
6000000015286974730
6000000015287009869
6000000015287045498
6000000015287165542
6000000015287165693
6000000015287197228
6000000015287219589
6000000015287250147
6000000015287311260
6000000015287341418
6000000015287361408
6000000015287364175
6000000015287370637
6000000015287412081
6000000015287413063
6000000015287479276
6000000015288726424
6000000015299754916
6000000015299796343
6000000015299896776
6000000015299922248
6000000015300249001
6000000015300351913
6000000015301449062
6000000015301455110
6000000015301488089
6000000015301520002
6000000015301532032
6000000015301839790
6000000015302191718
6000000015303274923
6000000015304681631
6000000015305070965
6000000015305168325
6000000015305249027
6000000015305337001
6000000015305416852
6000000015305714602
6000000015305834987
6000000015306203881
6000000015306273735
6000000015306307707
6000000015306307793
6000000015306315549
6000000015306373778
6000000015306451177
6000000015306455350
6000000015306470353
6000000015306480336
6000000015306511125
6000000015306664158
6000000015306899025
6000000015306917524
6000000015306953440
6000000015306986324
6000000015307068141
6000000015307171013
6000000015307203015
6000000015308050653
6000000015310253530
6000000015310357798
6000000015310440311
6000000015310598271
6000000015310750243
6000000015310896932
6000000015310991095
6000000015311031591
6000000015311629826
6000000015311724407
6000000015311728974
6000000015311753669
6000000015311845868
6000000015311913427
6000000015316125743
6000000015316351019
6000000015316534385
6000000015317032840
6000000015317069295
6000000015317213529
6000000015317213827
6000000015317770667
6000000015317784484
6000000015318111152
6000000015318128779
6000000015318299092
6000000015318404014
6000000015318479645
6000000015318518455
6000000015318552565
6000000015318678211
6000000015319810478
6000000015319836466
6000000015319854736
6000000015319898890
6000000015319972597
6000000015320386071
6000000015321016677
6000000015321259962
6000000015321343826
6000000015322285769
6000000015322332187
6000000015322365424
6000000015322406083
6000000015322621751
6000000015323026529
6000000015325355702
6000000015325612388
6000000015327071515
6000000015330069439
6000000015330108567
6000000015330316915
6000000015330363677
6000000015330363851
6000000015330380947
6000000015330412777
6000000015330516544
6000000015330556162
6000000015330561257
6000000015330636377
6000000015330645321
6000000015330692556
6000000015330703673
6000000015330705167
6000000015330752782
6000000015330868289
6000000015332947910
6000000015332996367
6000000015333654617
6000000015338008704
6000000015338211473
6000000015339084770
6000000015339140631
6000000015339221666
6000000015339346483
6000000015339430355
6000000015339575366
6000000015339655281
6000000015339706789
6000000015339965664
6000000015340143722
6000000015340338541
6000000015340347867
6000000015340686665
6000000015340778705
6000000015340839703
6000000015340917193
6000000015340979094
6000000015341001703
6000000015341003638
6000000015341007092
6000000015341032027
6000000015341488544
6000000015341795250
6000000015341806188
6000000015342663368
6000000015342771193
6000000015342873975
6000000015342876908
6000000015343083984
6000000015343172900
6000000015343390836
6000000015343426013
6000000015343532235
6000000015349494778
6000000015350123326
6000000015350151251
6000000015350196529
6000000015350311505
6000000015350499168
6000000015350503911
6000000015350522548
6000000015350535161
6000000015351398579
6000000015351456876
6000000015351547877
6000000015351563358
6000000015351686516
6000000015351718511
6000000015351724392
6000000015351868471
6000000015351877671
6000000015351957213
6000000015352002467
6000000015352208339
6000000015352293567
6000000015352358930
6000000015352373855
6000000015352484153
6000000015352492132
6000000015352742167
6000000015352757865
6000000015352803710
6000000015352894495
6000000015352950203
6000000015352958172
6000000015355270621
6000000015355530754
6000000015356556003
6000000015357223888
6000000015357319422
6000000015357359225
6000000015357397066
6000000015357420335
6000000015357549198
6000000015357569830
6000000015357693661
6000000015357707513
6000000015357714499
6000000015357811176
6000000015357823951
6000000015357829109
6000000015358040565
6000000015358092681
6000000015358092732
6000000015358120556
6000000015358458188
6000000015358488049
6000000015358768469
6000000015359843054
6000000015359922027
6000000015360300353
6000000015360390257
6000000015361409917
6000000015361523724
6000000015361691601
6000000015361804581
6000000015361826650
6000000015361876441
6000000015361882247
6000000015361885183
6000000015361893594
6000000015361915799
6000000015361949063
6000000015361953874
6000000015362171211
6000000015362190159
6000000015363685545
6000000015363699871
6000000015363817154
6000000015363916664
6000000015364043224
6000000015364044064
6000000015364156168
6000000015364162559
6000000015364180312
6000000015364246098
6000000015364248715
6000000015372523006
6000000015373978194
6000000015383389906
6000000015387138867
6000000015387879280
6000000015388074806
6000000015388342613
6000000015388425454
6000000015388475541
6000000015388486687
6000000015388492345
6000000015388531085
6000000015390532964
6000000015390623827
6000000015391080605
6000000015391131437
6000000015391589913
6000000015391597802
6000000015391663480
6000000015391752763
6000000015391779622
6000000015391859373
6000000015391860632
6000000015391957154
6000000015391960235
6000000015391960609
6000000015391971768
6000000015392007265
6000000015392036179
6000000015392037346
6000000015392049851
6000000015392050951
6000000015392100031
6000000015392211002
6000000015392298983
6000000015392438856
6000000015392455326
6000000015392561511
6000000015402129765
6000000015408541246
6000000015408720185
6000000015411561759
6000000015415571382
6000000015418652861
6000000015423554110
6000000015424146991
6000000015424519397
6000000015424916066
6000000015426203349
6000000015426256114
6000000015426264032
6000000015429025743
6000000015429878202
6000000015431303976
6000000015431368802
6000000015432093289
6000000015432185723
6000000015432218467
6000000015432303585
6000000015432588438
6000000015432834583
6000000015432934564
6000000015432951756
6000000015432981490
6000000015432993720
6000000015433086889
6000000015433097297
6000000015433104040
6000000015433113146
6000000015433133191
6000000015433660745
6000000015439828854
6000000015439852935
6000000015439951305
6000000015439955517
6000000015440182290
6000000015441110972
6000000015443051942
6000000015443214567
6000000015443316068
6000000015443336138
6000000015443667132
6000000015448962097
6000000015450891965
6000000015451024411
6000000015451353101
6000000015456577858
6000000015458097981
6000000015458156803
6000000015458394484
6000000015469103040
6000000015469525848
6000000015476541761
6000000015482810672
6000000015487836423
6000000015487842375
6000000015499229107
6000000015503693642
6000000015504131282
6000000015510942841
6000000015512664290
6000000015512999068
6000000015514989455
6000000015518386800
6000000015518429633
6000000015518440452
6000000015518557071
6000000015518649039
6000000015522017930
6000000015523232646
6000000015523388431
6000000015523432405
6000000015523593206
6000000015523670605
6000000015524182568
6000000015524280290
6000000015528107939
6000000015528191796
6000000015528373212
6000000015529044032
6000000015531215693
6000000015531284527
6000000015531399410
6000000015531400272
6000000015531426168
6000000015531445036
6000000015531731377
6000000015532406251
6000000015532471056
6000000015532550172
6000000015533960783
6000000015534684514
6000000015534685447
6000000015534748887
6000000015534757453
6000000015535247411
6000000015535276443
6000000015535281618
6000000015535416402
6000000015535430243
6000000015535454098
6000000015535462011
6000000015535490023
6000000015535600126
6000000015535627240
6000000015535666221
6000000015535708625
6000000015535743045
6000000015535846006
6000000015535884234
6000000015536081641
6000000015536914762
6000000015536989424
6000000015537447837
6000000015539163012
6000000015539599891
6000000015543529405
6000000015549652962
6000000015549747925
6000000015550083256
6000000015550557317
6000000015550634455
6000000015550701094
6000000015550792033
6000000015565536487
6000000015596390634
6000000015608311405
6000000015608807215
6000000015608855536
6000000015613069808
6000000015613443613
6000000015613590455
6000000015620868795
6000000015620969058
6000000015620993748
6000000015621109072
6000000015625573010
6000000015625587627
6000000015626455388
6000000015626523110
6000000015628825667
6000000015628911730
6000000015632935683
6000000015633226273
6000000015633331146
6000000015635806565
6000000015635848067
6000000015639118659
6000000015645951538
6000000015646198900
6000000015646275885
6000000015646323255
6000000015646678871
6000000015647186595
6000000015647194546
6000000015647264454
6000000015647272418
6000000015647599296
6000000015647785734
6000000015647852287
6000000015647948256
6000000015648134353
6000000015648140902
6000000015648147230
6000000015648482275
6000000015648622597
6000000015652064269
6000000015652101230
6000000015652303011
6000000015652355005
6000000015652595124
6000000015652662173
6000000015652687301
6000000015652729101
6000000015652754056
6000000015653002041
6000000015657549274
6000000015663551131
6000000015666645510
6000000015666745947
6000000015666745991
6000000015666747818
6000000015666753430
6000000015666771475
6000000015666865971
6000000015666887179
6000000015667494695
6000000015667638180
6000000015674377429
6000000015675487213
6000000015681231655
6000000015681535203
6000000015685385818
6000000015689892717
6000000015692311003
6000000015694782883
6000000015694805421
6000000015694837919
6000000015694850644
6000000015694920534
6000000015695012384
6000000015695042272
6000000015695106275
6000000015695204070
6000000015703639550
6000000015703647591
6000000015703825537
6000000015703825796
6000000015703837470
6000000015703840381
6000000015703949073
6000000015705286856
6000000015705442575
6000000015705456406
6000000015710203382
6000000015714823620
6000000015714910254
6000000015715068856
6000000015715291847
6000000015715370305
6000000015716095681
6000000015716513775
6000000015716521900
6000000015716807984
6000000015717072027
6000000015717429157
6000000015717433736
6000000015719192855
6000000015727837717
6000000015728929221
6000000015729358446
6000000015729414349
6000000015729543039
6000000015729610011
6000000015733320853
6000000015733475028
6000000015735303994
6000000015735577480
6000000015736399430
6000000015736812586
6000000015737197731
6000000015737465782
6000000015737490947
6000000015737506764
6000000015737609634
6000000015737821111
6000000015737851035
6000000015737906500
6000000015737909001
6000000015737973203
6000000015738036752
6000000015738040954
6000000015738077677
6000000015738194359
6000000015738362662
6000000015740344646
6000000015743397952
6000000015743818463
6000000015744364353
6000000015744613228
6000000015744697036
6000000015745140998
6000000015745662770
6000000015746306698
6000000015746510337
6000000015746654214
6000000015746688153
6000000015746797260
6000000015747090924
6000000015747610334
6000000015748310358
6000000015755102503
6000000015755373248
6000000015755460244
6000000015765042845
6000000015765181768
6000000015765207834
6000000015765332916
6000000015765820752
6000000015765941684
6000000015766048945
6000000015766283471
6000000015766452724
6000000015766778450
6000000015767313675
6000000015767317374
6000000015767340459
6000000015767418784
6000000015767437497
6000000015767464075
6000000015767483412
6000000015767529655
6000000015767535293
6000000015767648537
6000000015767651307
6000000015767684149
6000000015768142181
6000000015776825306
6000000015777039535
6000000015777244303
6000000015786587477
6000000015786597702
6000000015786618472
6000000015801167887
6000000015801218335
6000000015808434199
6000000015811075508
6000000015811096587
6000000015811102334
6000000015811276237
6000000015812589795
6000000015814513708
6000000015819781730
6000000015822064806
6000000015822095387
6000000015822126637
6000000015822170903
6000000015822181363
6000000015822297065
6000000015822306076
6000000015822313647
6000000015822646437
6000000015837837619
6000000015837840394
6000000015837899499
6000000015838127300
6000000015838409805
6000000015838542917
6000000015838557852
6000000015838727234
6000000015838845027
6000000015838884087
6000000015841563258
6000000015841588059
6000000015841603070
6000000015841611101
6000000015841626494
6000000015841626703
6000000015841631236
6000000015841664317
6000000015841668500
6000000015841669087
6000000015841678165
6000000015841679064
6000000015841684067
6000000015841751013
6000000015844462354
6000000015844580286
6000000015844614533
6000000015844693151
6000000015861006321
6000000015863392432
6000000015863809144
6000000015865714298
6000000015866832748
6000000015868199971
6000000015868217761
6000000015868383244
6000000015868454061
6000000015868487278
6000000015868517167
6000000015870547860
6000000015871012462
6000000015871097985
6000000015871153179
6000000015871297688
6000000015871373186
6000000015871421878
6000000015871431158
6000000015871436066
6000000015872052095
6000000015872095002
6000000015874523350
6000000015878454737
6000000015878455916
6000000015878518606
6000000015878556959
6000000015878564911
6000000015878564916
6000000015878577554
6000000015878597951
6000000015878613557
6000000015878624959
6000000015878628682
6000000015878654791
6000000015878659930
6000000015878660718
6000000015878665613
6000000015878675395
6000000015878719431
6000000015878742630
6000000015878746091
6000000015878760288
6000000015878763841
6000000015878835127
6000000015878844064
6000000015878864038
6000000015878864229
6000000015878875760
6000000015878972752
6000000015879086112
6000000015879171075
6000000015879175150
6000000015879202188
6000000015879241190
6000000015879244082
6000000015879310128
6000000015879324167
6000000015883277538
6000000015886537264
6000000015888047853
6000000015888156405
6000000015888434397
6000000015888463053
6000000015888671504
6000000015888679666
6000000015888696925
6000000015888721344
6000000015888752779
6000000015888759798
6000000015888766809
6000000015888778587
6000000015888792466
6000000015888961092
6000000015888961231
6000000015888994154
6000000015888997109
6000000015888999041
6000000015889000039
6000000015889006077
6000000015889703785
6000000015902535267
6000000015904641595
6000000015904714402
6000000015904814532
6000000015905064307
6000000015908958881
6000000015908983941
6000000015909233348
6000000015909511157
6000000015909580207
6000000015911994857
6000000015912567529
6000000015912924583
6000000015912928328
6000000015913085136
6000000015914275370
6000000015915565211
6000000015915571128
6000000015915580087
6000000015918721486
6000000015918983050
6000000015921826143
6000000015924484311
6000000015940783277
6000000015940811643
6000000015940897174
6000000015944586782
6000000015946965321
6000000015962425001
6000000015980736240
6000000015981113367
6000000015981225181
6000000015985795376
6000000015985827161
6000000015986152839
6000000015987575324
6000000015987731226
6000000015988282222
6000000016000810176
6000000016000810506
6000000016000910328
6000000016000936213
6000000016000971011
6000000016000971090
6000000016022892179
6000000016057453707
6000000016057885076
6000000016057897024
6000000016069351438
6000000016070064631
6000000016070074465
6000000016070190513
6000000016071047409
6000000016072441635
6000000016079409909
6000000016080352064
6000000016080389038
6000000016097129505
6000000016097347597
6000000016103215354
6000000016126007881
6000000016129127960
6000000016130176241
6000000016143051063
6000000016145865165
6000000016155465514
6000000016158181666
6000000016158865798
6000000016159129540
6000000016159351963
6000000016159555469
6000000016161826255
6000000016164871461
6000000016170670442
6000000016170672200
6000000016171010706
6000000016171070191
6000000016171106045
6000000016176295927
6000000016182297373
6000000016182399490
6000000016184221588
6000000016184550237
6000000016188978232
6000000016189817229
6000000016191875868
6000000016192107765
6000000016192203396
6000000016236924351
6000000016237168159
6000000016246443406
6000000016272929720
6000000016273096351
6000000016273215047
6000000016273247038
6000000016274761054
6000000016291151438
6000000016299070671
6000000016319163441
6000000016319422789
6000000016321091976
6000000016321828717
6000000016335350548
6000000016335410444
6000000016335966316
6000000016336608442
6000000016359409366
6000000016359573154
6000000016359740808
6000000016359839603
6000000016359987887
6000000016360042741
6000000016360070993
6000000016360132595
6000000016360191186
6000000016361167382
6000000016373146240
6000000016415504412
6000000016421263719
6000000016421316772
6000000016421347409
6000000016421401219
6000000016421502288
6000000016423061664
6000000016435903023
6000000016437882772
6000000016438425083
6000000016442010389
6000000016442110251
6000000016453917760
6000000016454084574
6000000016454170603
6000000016465465677
6000000016465621240
6000000016465628491
6000000016472903799
6000000016509132544
6000000016509138437
6000000016509238112
6000000016518764700
6000000016524359572
6000000016524970415
6000000016525078111
6000000016533140502
6000000016541562525
6000000016572963891
6000000016573134824
6000000016573574596
6000000016573711842
6000000016573961565
6000000016581762668
6000000016581830487
6000000016603476081
6000000016613877570
6000000016614091874
6000000016614203534
6000000016614291315
6000000016628279467
6000000016629424654
6000000016629464625
6000000016641770299
6000000016641874650
6000000016643963931
6000000016648305393
6000000016649765247
6000000016650365425
6000000016651454910
6000000016662777576
6000000016679299957
6000000016679892687
6000000016681261869
6000000016703523449
6000000016705541332
6000000016705718142
6000000016705733107
6000000016707110913
6000000016717964723
6000000016718331313
6000000016729644963
6000000016730110195
6000000016736541920
6000000016736631597
6000000016739019473
6000000016742466362
6000000016762562511
6000000016762579989
6000000016762587512
6000000016762781832
6000000016762960974
6000000016763618033
6000000016763714291
6000000016764250160
6000000016764255804
6000000016764262495
6000000016764349438
6000000016764363357
6000000016764372586
6000000016764467097
6000000016764471598
6000000016764494698
6000000016764534470
6000000016764582469
6000000016764614089
6000000016765352599
6000000016765696674
6000000016765751912
6000000016765766938
6000000016765775528
6000000016765849448
6000000016765856235
6000000016765866392
6000000016765908226
6000000016765918403
6000000016765953235
6000000016766029461
6000000016766033146
6000000016766042098
6000000016766048642
6000000016766178049
6000000016771285651
6000000016771623444
6000000016772051613
6000000016773226924
6000000016773591806
6000000016773982683
6000000016774107677
6000000016774133591
6000000016774180811
6000000016774216707
6000000016774338281
6000000016774365646
6000000016774370638
6000000016774445325
6000000016774497052
6000000016775452439
6000000016775458804
6000000016776009610
6000000016776215706
6000000016776251930
6000000016785979364
6000000016792417330
6000000016792452593
6000000016793310471
6000000016793748749
6000000016793999710
6000000016801599977
6000000016801911861
6000000016802586423
6000000016813007365
6000000016814312068
6000000016832969786
6000000016833299157
6000000016835030878
6000000016839211828
6000000016854130966
6000000016854365040
6000000016854365811
6000000016856370327
6000000016878055839
6000000016882023844
6000000016882072785
6000000016882093145
6000000016894131977
6000000016898427601
6000000016911915987
6000000016912251891
6000000016912274322
6000000016912328315
6000000016912369398
6000000016912441144
6000000016912496222
6000000016915442260
6000000016917960596
6000000016922624749
6000000016937991171
6000000016950110671
6000000016950688493
6000000016960343520
6000000016960481676
6000000016960523198
6000000016960565587
6000000016960713897
6000000016960746133
6000000016960767446
6000000016960969512
6000000016963187786
6000000016963218577
6000000016963286287
6000000016973114896
6000000016981350591
6000000016981415842
6000000017004949732
6000000017005269271
6000000017005409252
6000000017005427143
6000000017005619313
6000000017012010642
6000000017017689657
6000000017018485275
6000000017018488185
6000000017022151181
6000000017034701228
6000000017034778142
6000000017038363216
6000000017041057625
6000000017047959851
6000000017047997909
6000000017048031624
6000000017048035754
6000000017048054931
6000000017048073944
6000000017048078661
6000000017048940931
6000000017049450640
6000000017049596851
6000000017049751573
6000000017050043251
6000000017050056306
6000000017050056347
6000000017050209563
6000000017050246801
6000000017050356534
6000000017050463040
6000000017050575017
6000000017050814455
6000000017050871138
6000000017050882216
6000000017050964101
6000000017050969165
6000000017050981423
6000000017051956505
6000000017052028793
6000000017052063714
6000000017052282402
6000000017052345125
6000000017052385246
6000000017052450055
6000000017052457003
6000000017052525383
6000000017052530004
6000000017054740641
6000000017068551744
6000000017069829672
6000000017070932775
6000000017072293992
6000000017072428916
6000000017078366609
6000000017079071964
6000000017079200471
6000000017079204200
6000000017079204218
6000000017079214219
6000000017079278074
6000000017079462107
6000000017081365723
6000000017081441787
6000000017081503218
6000000017081510638
6000000017091966032
6000000017093875188
6000000017097526232
6000000017098048278
6000000017098270457
6000000017099271006
6000000017106014345
6000000017107057457
6000000017107115427
6000000017107296539
6000000017108065569
6000000017108128121
6000000017115609089
6000000017116184486
6000000017137226970
6000000017141065557
6000000017141263626
6000000017148948933
6000000017153986470
6000000017160383759
6000000017160860790
6000000017160865418
6000000017161191913
6000000017161246719
6000000017163421343
6000000017165587319
6000000017165888536
6000000017177597547
6000000017177684917
6000000017177766072
6000000017177786351
6000000017177984329
6000000017178028146
6000000017185795660
6000000017185819851
6000000017185836659
6000000017185911689
6000000017185932819
6000000017185965346
6000000017185976183
6000000017185976561
6000000017186055677
6000000017186057551
6000000017186091786
6000000017186246399
6000000017186478259
6000000017186484969
6000000017186487271
6000000017186542326
6000000017186580823
6000000017186613784
6000000017186613791
6000000017186680106
6000000017186762384
6000000017186762464
6000000017186770692
6000000017187192495
6000000017187220121
6000000017187293003
6000000017189582133
6000000017193119340
6000000017199361619
6000000017209351512
6000000017214084761
6000000017215074857
6000000017215228218
6000000017224565745
6000000017224724755
6000000017225408945
6000000017226001230
6000000017226057286
6000000017226130237
6000000017226139338
6000000017226248264
6000000017226473142
6000000017227353674
6000000017233116572
6000000017235674835
6000000017235840007
6000000017251906370
6000000017252379230
6000000017260688895
6000000017260978565
6000000017280213764
6000000017301653987
6000000017307444629
6000000017320307492
6000000017320498477
6000000017327833829
6000000017337197146
6000000017337680824
6000000017337900535
6000000017344125423
6000000017344230144
6000000017353248880
6000000017360762587
6000000017368436541
6000000017377514353
6000000017377784289
6000000017383108943
6000000017445768109
6000000017465688086
6000000017473966098
6000000017473993513
6000000017478668168
6000000017480681537
6000000017486369418
6000000017487622443
6000000017487901080
6000000017512785847
6000000017513990386
6000000017514230693
6000000017514323254
6000000017514334527
6000000017519217723
6000000017535915136
6000000017535961052
6000000017538642912
6000000017539245389
6000000017539281653
6000000017539348301
6000000017542821317
6000000017547041943
6000000017547271796
6000000017547588472
6000000017547598534
6000000017547636244
6000000017547667253
6000000017552752434
6000000017552759438
6000000017555555563
6000000017561152537
6000000017564526318
6000000017564588176
6000000017572266754
6000000017574105489
6000000017574910472
6000000017575010151
6000000017576375305
6000000017576383357
6000000017576968473
6000000017579456513
6000000017579492502
6000000017579909372
6000000017580002426
6000000017580249664
6000000017580903022
6000000017592542953
6000000017595202888
6000000017595536941
6000000017595576539
6000000017595589726
6000000017595652746
6000000017595769614
6000000017595780710
6000000017595785762
6000000017595824430
6000000017596110440
6000000017602326319
6000000017602363867
6000000017602375483
6000000017602449365
6000000017602458237
6000000017602477535
6000000017602588168
6000000017602588548
6000000017602631388
6000000017602641366
6000000017602688086
6000000017602837096
6000000017606313853
6000000017606318968
6000000017606319532
6000000017606334670
6000000017606368760
6000000017606616647
6000000017606702172
6000000017606975104
6000000017618654551
6000000017618918448
6000000017631913570
6000000017632165068
6000000017633634986
6000000017633649380
6000000017633664544
6000000017633753515
6000000017633805200
6000000017633831012
6000000017635591241
6000000017636172351
6000000017637124123
6000000017637199281
6000000017639275712
6000000017639353570
6000000017641114539
6000000017641328141
6000000017641367144
6000000017641387078
6000000017641502815
6000000017641692496
6000000017642159210
6000000017643883059
6000000017653716201
6000000017663054612
6000000017663365841
6000000017679336193
6000000017688587457
6000000017690783291
6000000017696381973
6000000017696552470
6000000017698191203
6000000017698389618
6000000017700789662
6000000017702955893
6000000017711056434
6000000017716078252
6000000017729882163
6000000017749885815
6000000017750296837
6000000017752164966
6000000017762890421
6000000017763009127
6000000017763041095
6000000017764445771
6000000017764467598
6000000017764766630
6000000017764862337
6000000017767255532
6000000017767295503
6000000017767527911
6000000017772376625
6000000017773030648
6000000017773852268
6000000017773906013
6000000017799492944
6000000017799612472
6000000017805788558
6000000017805882145
6000000017806084523
6000000017806882807
6000000017806908661
6000000017807056466
6000000017807133182
6000000017807283028
6000000017807298152
6000000017807345058
6000000017808037857
6000000017808066520
6000000017808840717
6000000017859923778
6000000017861004368
6000000017861346885
6000000017861882243
6000000017862055060
6000000017862105011
6000000017876408490
6000000017876489301
6000000017876503746
6000000017898256023
6000000017898259106
6000000017905193039
6000000017906851635
6000000017906855294
6000000017907278363
6000000017907409003
6000000017920047056
6000000017920089406
6000000017920275850
6000000017920630425
6000000017920897825
6000000017920933935
6000000017921038233
6000000017921118148
6000000017921221197
6000000017921295314
6000000017921646156
6000000017921654220
6000000017921688545
6000000017921757042
6000000017921839184
6000000017921875070
6000000017921893243
6000000017934862906
6000000017935311806
6000000017935447330
6000000017945282117
6000000017945282122
6000000017946980976
6000000017948259447
6000000017949713290
6000000017955046217
6000000017973586616
6000000017973630657
6000000017978039696
6000000017989348726
6000000017990302129
6000000017990892787
6000000018014494595
6000000018014716237
6000000018050631013
6000000018069980087
6000000018070130163
6000000018085018955
6000000018085437706
6000000018086389424
6000000018090895252
6000000018094340345
6000000018094949010
6000000018100400957
6000000018106549755
6000000018107768710
6000000018107792550
6000000018108182275
6000000018111415273
6000000018112031067
6000000018115168633
6000000018115502454
6000000018115983250
6000000018116266960
6000000018116418721
6000000018116661206
6000000018116688137
6000000018116700134
6000000018116771104
6000000018116891659
6000000018118240207
6000000018122788587
6000000018122855831
6000000018123012667
6000000018136726161
6000000018138409405
6000000018138443766
6000000018138773675
6000000018138789519
6000000018138897466
6000000018138942515
6000000018139147271
6000000018139345044
6000000018144500205
6000000018144652739
6000000018144682210
6000000018144725202
6000000018144812016
6000000018146278542
6000000018154414887
6000000018171966262
6000000018172026013
6000000018192706377
6000000018210770383
6000000018211201416
6000000018211217095
6000000018220427257
6000000018220963708
6000000018221066783
6000000018221186368
6000000018221506173
6000000018274163466
6000000018274297918
6000000018283467387
6000000018288467577
6000000018289921081
6000000018291076559
6000000018291413873
6000000018291602649
6000000018291794856
6000000018291825446
6000000018291855704
6000000018296969020
6000000018301786927
6000000018305159834
6000000018306356412
6000000018315997307
6000000018321075712
6000000018322362856
6000000018323452593
6000000018323508937
6000000018323873444
6000000018323990635
6000000018324024795
6000000018327073281
6000000018327080534
6000000018329271956
6000000018347602415
6000000018357167499
6000000018357544027
6000000018366793897
6000000018367022698
6000000018367100517
6000000018367175623
6000000018367198512
6000000018367206233
6000000018367252418
6000000018367258144
6000000018367332088
6000000018406918689
6000000018415649561
6000000018443756826
6000000018443790868
6000000018443850339
6000000018443942941
6000000018443956085
6000000018443962990
6000000018443988708
6000000018444133170
6000000018448055702
6000000018454659415
6000000018454700420
6000000018457950170
6000000018458063497
6000000018485232865
6000000018485338435
6000000018485402541
6000000018489055402
6000000018499324567
6000000018507340927
6000000018520992116
6000000018527817522
6000000018528235866
6000000018534388537
6000000018534690060
6000000018540662329
6000000018540846743
6000000018540918861
6000000018541033703
6000000018541090274
6000000018541146216
6000000018541178671
6000000018541187567
6000000018541191555
6000000018541230767
6000000018541280340
6000000018541285350
6000000018541328273
6000000018541341131
6000000018541389209
6000000018541392062
6000000018541415035
6000000018541461039
6000000018542445035
6000000018544432570
6000000018545517919
6000000018545549898
6000000018545694453
6000000018545723821
6000000018545745270
6000000018545776947
6000000018545781748
6000000018545813691
6000000018545814821
6000000018545838378
6000000018545934347
6000000018545949232
6000000018545961228
6000000018545984485
6000000018545988303
6000000018546024414
6000000018546029021
6000000018546058033
6000000018546070163
6000000018546109142
6000000018549333516
6000000018549412257
6000000018558039883
6000000018558074951
6000000018558273980
6000000018558513100
6000000018558608042
6000000018558725027
6000000018558739039
6000000018560921683
6000000018561840963
6000000018565378342
6000000018565609071
6000000018567866325
6000000018567923574
6000000018572492475
6000000018572814252
6000000018579267959
6000000018579768847
6000000018579782772
6000000018579792685
6000000018579830552
6000000018579865365
6000000018579921613
6000000018613778810
6000000018613784575
6000000018613838346
6000000018613870370
6000000018613884704
6000000018613994589
6000000018614294879
6000000018614323181
6000000018625899766
6000000018625952817
6000000018626022307
6000000018626022323
6000000018626023450
6000000018626298858
6000000018626614555
6000000018626667355
6000000018626700132
6000000018626805620
6000000018655159412
6000000018660627990
6000000018660756099
6000000018661376446
6000000018661782397
6000000018661790239
6000000018679654086
6000000018690723046
6000000018691370349
6000000018693026463
6000000018694682972
6000000018696524087
6000000018738214286
6000000018738259064
6000000018740179585
6000000018745258800
6000000018746143329
6000000018746342067
6000000018746919219
6000000018747039094
6000000018752060667
6000000018800267846
6000000018800396402
6000000018800553557
6000000018800604202
6000000018801076643
6000000018801326007
6000000018810826111
6000000018813376333
6000000018813536253
6000000018831179441
6000000018832085528
6000000018832794532
6000000018833019045
6000000018844423689
6000000018844559071
6000000018845002887
6000000018845218518
6000000018845535028
6000000018852312754
6000000018852403875
6000000018852404740
6000000018852567136
6000000018861227499
6000000018861533204
6000000018890228208
6000000018891510381
6000000018893239622
6000000018893371993
6000000018894090509
6000000018895485034
6000000018906242316
6000000018906627001
6000000018906971706
6000000018907077666
6000000018907527094
6000000018907597016
6000000018909512047
6000000018938183219
6000000018952544271
6000000018971353831
6000000018985520604
6000000018986901513
6000000018987120257
6000000018989044665
6000000018989105888
6000000018989197558
6000000018989387517
6000000018989388319
6000000018989447366
6000000018989453467
6000000018989480384
6000000018989533298
6000000018989586060
6000000018989602143
6000000018994804816
6000000018995673056
6000000019000104933
6000000019000549486
6000000019000591557
6000000019000591580
6000000019000716099
6000000019001331243
6000000019001833219
6000000019004912927
6000000019007464696
6000000019007835150
6000000019007840185
6000000019008009221
6000000019008297925
6000000019011984382
6000000019012088818
6000000019012093796
6000000019012127887
6000000019012246437
6000000019012246482
6000000019012246498
6000000019012295292
6000000019012353272
6000000019012607370
6000000019013152128
6000000019023420879
6000000019032360275
6000000019034805680
6000000019040501373
6000000019044242827
6000000019044268869
6000000019044275777
6000000019044307743
6000000019044475865
6000000019044476816
6000000019044809242
6000000019044841227
6000000019044874132
6000000019044886093
6000000019045045622
6000000019045328532
6000000019045403670
6000000019045480001
6000000019045545281
6000000019045555187
6000000019045709118
6000000019046410064
6000000019047616230
6000000019049699592
6000000019051185840
6000000019051669531
6000000019052397305
6000000019052964067
6000000019053668992
6000000019053725882
6000000019053749901
6000000019053822591
6000000019053922743
6000000019053966819
6000000019053974940
6000000019054408539
6000000019054471136
6000000019054488053
6000000019054497100
6000000019054515090
6000000019054515179
6000000019054547372
6000000019054607016
6000000019054609377
6000000019054670068
6000000019054672303
6000000019054712021
6000000019054724262
6000000019054831074
6000000019057272867
6000000019057473315
6000000019069878905
6000000019070001646
6000000019070094164
6000000019072029582
6000000019079946502
6000000019080307361
6000000019080829796
6000000019081355145
6000000019081544968
6000000019081775951
6000000019081884913
6000000019082005648
6000000019082024385
6000000019082116252
6000000019082148388
6000000019082775687
6000000019083028137
6000000019083446520
6000000019083817003
6000000019086969181
6000000019092784883
6000000019092804656
6000000019103827203
6000000019128873593
6000000019128939782
6000000019128942626
6000000019128957519
6000000019128980533
6000000019129084862
6000000019129118607
6000000019129135495
6000000019129186607
6000000019129303521
6000000019129308465
6000000019129352320
6000000019129366275
6000000019129375528
6000000019129389626
6000000019129398595
6000000019129400596
6000000019129424507
6000000019129449142
6000000019129479075
6000000019129493046
6000000019129552124
6000000019129560297
6000000019129583021
6000000019140673087
6000000019147457271
6000000019149077109
6000000019153209364
6000000019163255762
6000000019164779484
6000000019171688115
6000000019178569537
6000000019178738670
6000000019178967030
6000000019186475598
6000000019198633819
6000000019203313788
6000000019215516222
6000000019215886019
6000000019224011887
6000000019230537182
6000000019230889393
6000000019231100432
6000000019231118418
6000000019231123359
6000000019231166412
6000000019231429345
6000000019231482198
6000000019234056332
6000000019242096920
6000000019242161402
6000000019242278521
6000000019242385756
6000000019243482580
6000000019255947675
6000000019257618539
6000000019260239297
6000000019260335559
6000000019264140826
6000000019279865728
6000000019280751056
6000000019283759920
6000000019293893269
6000000019294752767
6000000019295540015
6000000019302904340
6000000019312592888
6000000019312692527
6000000019326992186
6000000019327064133
6000000019329383966
6000000019329457968
6000000019329527871
6000000019329824667
6000000019329872554
6000000019329872561
6000000019329901407
6000000019329966731
6000000019330033151
6000000019330125186
6000000019330136572
6000000019331294749
6000000019331409868
6000000019331519778
6000000019331768539
6000000019332525269
6000000019336033811
6000000019337305825
6000000019337374586
6000000019337402502
6000000019341904254
6000000019342364180
6000000019342381353
6000000019344873759
6000000019345178469
6000000019346086438
6000000019355798600
6000000019355924174
6000000019356122799
6000000019356196346
6000000019356204398
6000000019356250535
6000000019356483841
6000000019356485724
6000000019356685603
6000000019356812374
6000000019366226560
6000000019367301499
6000000019367532272
6000000019367773672
6000000019367793692
6000000019367859203
6000000019368329335
6000000019368426933
6000000019368871850
6000000019368879643
6000000019368892851
6000000019369138073
6000000019369138514
6000000019369184568
6000000019369218152
6000000019369218536
6000000019369304203
6000000019369344493
6000000019369542250
6000000019369561456
6000000019369578371
6000000019369596012
6000000019369627096
6000000019370602404
6000000019372307438
6000000019373373627
6000000019373477234
6000000019373533019
6000000019374761955
6000000019376266645
6000000019376482431
6000000019396092733
6000000019396737433
6000000019396779309
6000000019396831975
6000000019397550813
6000000019400362860
6000000019403862683
6000000019405203933
6000000019408773912
6000000019409776637
6000000019410035065
6000000019410166019
6000000019410183466
6000000019410300356
6000000019410370006
6000000019429265382
6000000019437612912
6000000019442474913
6000000019442911059
6000000019443181249
6000000019445883570
6000000019457314840
6000000019458078412
6000000019458082815
6000000019458148639
6000000019458187056
6000000019458368954
6000000019458515482
6000000019458515487
6000000019458515492
6000000019458515497
6000000019458604423
6000000019458605293
6000000019458689484
6000000019458706387
6000000019458772231
6000000019458848122
6000000019458908238
6000000019458929166
6000000019459057394
6000000019459138182
6000000019459168339
6000000019459217213
6000000019459325013
6000000019467310888
6000000019470295674
6000000019482780691
6000000019497241083
6000000019505229909
6000000019507331921
6000000019507453307
6000000019507743060
6000000019507948539
6000000019509842607
6000000019509871563
6000000019511741569
6000000019514098917
6000000019514406932
6000000019514680157
6000000019519171073
6000000019522324177
6000000019524155167
6000000019567149850
6000000019570191515
6000000019579055097
6000000019580701990
6000000019580756786
6000000019581717843
6000000019581868857
6000000019582064611
6000000019582820405
6000000019583240960
6000000019583616722
6000000019583656216
6000000019583671013
6000000019591436955
6000000019592016099
6000000019592082913
6000000019592102887
6000000019592806760
6000000019593473000
6000000019593478899
6000000019593509717
6000000019593509837
6000000019593687838
6000000019593758402
6000000019593761646
6000000019593764048
6000000019593770464
6000000019593771387
6000000019593781196
6000000019593903268
6000000019593943178
6000000019593980187
6000000019594032230
6000000019594145899
6000000019594390566
6000000019600391500
6000000019600431144
6000000019648247141
6000000019657535102
6000000019658638370
6000000019658820120
6000000019671427847
6000000019671526514
6000000019684510083
6000000019685165275
6000000019706469532
6000000019720754353
6000000019720945615
6000000019721001559
6000000019723571166
6000000019723607156
6000000019723682299
6000000019732566521
6000000019749360628
6000000019762113902
6000000019762236943
6000000019762712134
6000000019763996302
6000000019764161562
6000000019764193716
6000000019764393431
6000000019764433160
6000000019764492043
6000000019769961753
6000000019770167860
6000000019771878146
6000000019772056024
6000000019772400748
6000000019774088407
6000000019778580123
6000000019789277523
6000000019789624728
6000000019789671362
6000000019791984214
6000000019803790643
6000000019806519337
6000000019815068263
6000000019829287953
6000000019829440952
6000000019829444915
6000000019829777317
6000000019829782140
6000000019829824121
6000000019829900065
6000000019830007053
6000000019844993005
6000000019882685788
6000000019897942639
6000000019898320980
6000000019953429650
6000000019965798837
6000000020005422362
6000000020005822249
6000000020018799689
6000000020019490315
6000000020020523781
6000000020022748339
6000000020024606432
6000000020025172423
6000000020025815669
6000000020062030740
6000000020062091534
6000000020062231034
6000000020069628296
6000000020069874459
6000000020069942662
6000000020070129381
6000000020072699978
6000000020080092829
6000000020080219832
6000000020080280715
6000000020080296319
6000000020080347820
6000000020080484218
6000000020080519393
6000000020080631831
6000000020080633189
6000000020080845253
6000000020081022465
6000000020081057184
6000000020081085189
6000000020081133187
6000000020081451167
6000000020081488034
6000000020081733018
6000000020081756044
6000000020081759112
6000000020081807047
6000000020081854161
6000000020081868140
6000000020081977005
6000000020082539659
6000000020082625794
6000000020083042263
6000000020083389419
6000000020084521039
6000000020089024613
6000000020089479283
6000000020089519070
6000000020089822285
6000000020090074244
6000000020090086259
6000000020090112164
6000000020091543965
6000000020091563171
6000000020091854024
6000000020094773160
6000000020095563294
6000000020107000673
6000000020107122663
6000000020107615040
6000000020113270257
6000000020116784661
6000000020116891171
6000000020121658282
6000000020122306394
6000000020131294834
6000000020131932122
6000000020133317480
6000000020134240235
6000000020134623856
6000000020134658366
6000000020143117432
6000000020144139142
6000000020146112126
6000000020146440548
6000000020146576832
6000000020146662231
6000000020146931228
6000000020146982544
6000000020147123030
6000000020147449027
6000000020150720781
6000000020153793188
6000000020153847305
6000000020160102688
6000000020160834287
6000000020162109889
6000000020162349207
6000000020162651969
6000000020163011937
6000000020166751638
6000000020166952320
6000000020168040772
6000000020168117254
6000000020168600271
6000000020168651796
6000000020168897904
6000000020169211421
6000000020169524043
6000000020169526978
6000000020169727671
6000000020169864285
6000000020170003109
6000000020170093037
6000000020173940423
6000000020175644322
6000000020176425451
6000000020176808041
6000000020177092036
6000000020177171930
6000000020177243803
6000000020181771263
6000000020182576187
6000000020194932047
6000000020196479129
6000000020196491450
6000000020205812908
6000000020211602078
6000000020222398602
6000000020222659897
6000000020263378394
6000000020263521426
6000000020263644129
6000000020263776824
6000000020263800871
6000000020263803812
6000000020290446787
6000000020291435396
6000000020291527970
6000000020291581218
6000000020291588087
6000000020291602854
6000000020295485133
6000000020296029454
6000000020296204805
6000000020311183573
6000000020311236039
6000000020344732085
6000000020344842981
6000000020362601649
6000000020396564780
6000000020396924230
6000000020397012351
6000000020416322631
6000000020444607898
6000000020482561644
6000000020482561650
6000000020488839849
6000000020514143794
6000000020517181835
6000000020519954673
6000000020520032506
6000000020520411233
6000000020520524038
6000000020532035916
6000000020533257790
6000000020547595470
6000000020547752444
6000000020561688581
6000000020561714606
6000000020561913085
6000000020575072032
6000000020575075265
6000000020575108001
6000000020585645875
6000000020623520893
6000000020623588677
6000000020626568764
6000000020663642909
6000000020676640592
6000000020676938320
6000000020676968331
6000000020677518082
6000000020677536243
6000000020677557613
6000000020677577466
6000000020677635202
6000000020677700056
6000000020680216264
6000000020692969989
6000000020693836798
6000000020695221629
6000000020707891712
6000000020708429137
6000000020708522120
6000000020708658954
6000000020708827372
6000000020709229874
6000000020709658300
6000000020719825649
6000000020721912794
6000000020723582519
6000000020731421696
6000000020731520506
6000000020731617323
6000000020731722018
6000000020731771991
6000000020731814103
6000000020731879877
6000000020732051287
6000000020732071622
6000000020732125640
6000000020732133782
6000000020732151679
6000000020732177423
6000000020732528411
6000000020732562759
6000000020732648610
6000000020732769233
6000000020733988576
6000000020746315424
6000000020746494293
6000000020770064821
6000000020770956150
6000000020770968119
6000000020788979840
6000000020802741514
6000000020805974419
6000000020827432424
6000000020827568632
6000000020828528170
6000000020828564145
6000000020854463483
6000000020854610086
6000000020854914910
6000000020855941893
6000000020868646543
6000000020896150628
6000000020897381162
6000000020918661374
6000000020919217290
6000000020919220278
6000000020919255639
6000000020919286754
6000000020919289517
6000000020919339470
6000000020919340410
6000000020919355401
6000000020919374397
6000000020919405320
6000000020919431128
6000000020919431156
6000000020919447277
6000000020919457090
6000000020919483165
6000000020919514107
6000000020919518013
6000000020919521158
6000000020928734601
6000000020930133152
6000000020930171218
6000000020930183992
6000000020930916512
6000000020946309443
6000000020947576228
6000000020947652446
6000000020948045832
6000000020948121032
6000000020948156948
6000000020948167054
6000000020948183950
6000000020948205032
6000000020949515552
6000000020950228958
6000000020985906917
6000000020989463624
6000000020989593353
6000000020991656553
6000000020993059053
6000000021012564774
6000000021012564780
6000000021012586722
6000000021012760387
6000000021012764743
6000000021025748234
6000000021029264248
6000000021029464936
6000000021040569347
6000000021040635104
6000000021040892486
6000000021040914420
6000000021041069129
6000000021041174969
6000000021042423671
6000000021042749398
6000000021042777733
6000000021042909311
6000000021042938733
6000000021043129233
6000000021043153384
6000000021043198216
6000000021043778926
6000000021043916437
6000000021044200963
6000000021050534654
6000000021051402021
6000000021051511860
6000000021108526645
6000000021119291323
6000000021119471832
6000000021119489831
6000000021119673557
6000000021120039632
6000000021120068500
6000000021120177050
6000000021120205198
6000000021120270244
6000000021121860687
6000000021122011439
6000000021122131361
6000000021122204904
6000000021122207261
6000000021122217214
6000000021122419004
6000000021131950217
6000000021132011052
6000000021132026143
6000000021132549821
6000000021132668846
6000000021132831854
6000000021135703509
6000000021136322946
6000000021139261439
6000000021150760328
6000000021150978462
6000000021151067539
6000000021151069399
6000000021151089715
6000000021151149413
6000000021151161515
6000000021151236629
6000000021151285558
6000000021151358482
6000000021151488062
6000000021151556917
6000000021151594900
6000000021160768411
6000000021160801457
6000000021160844016
6000000021160860314
6000000021160924130
6000000021164570357
6000000021169199808
6000000021171802990
6000000021186031613
6000000021187014753
6000000021187241355
6000000021187294347
6000000021187397984
6000000021188573083
6000000021199189492
6000000021199346657
6000000021207357563
6000000021207606774
6000000021207954530
6000000021208016391
6000000021208023360
6000000021208037379
6000000021208057312
6000000021209338090
6000000021209427827
6000000021211183489
6000000021211281499
6000000021211428129
6000000021211494901
6000000021213972378
6000000021224503714
6000000021224528299
6000000021224675695
6000000021224787327
6000000021224837208
6000000021225443174
6000000021226000928
6000000021227170097
6000000021228993311
6000000021231343363
6000000021232206980
6000000021239810525
6000000021240296349
6000000021240694181
6000000021240872979
6000000021241451843
6000000021248389362
6000000021264512198
6000000021266090383
6000000021274381997
6000000021284312108
6000000021303144496
6000000021303240203
6000000021303386824
6000000021304268556
6000000021304460668
6000000021304587145
6000000021334342309
6000000021334692024
6000000021335988705
6000000021337230425
6000000021337508229
6000000021338422092
6000000021339873898
6000000021340981724
6000000021342462430
6000000021342594399
6000000021342753956
6000000021343428199
6000000021354690646
6000000021354933350
6000000021356526611
6000000021356655473
6000000021356864271
6000000021357804717
6000000021364777829
6000000021364817995
6000000021374566965
6000000021377576892
6000000021391656787
6000000021397781022
6000000021399540102
6000000021401689638
6000000021424248260
6000000021425043083
6000000021432168674
6000000021434978395
6000000021437752625
6000000021439906756
6000000021439982602
6000000021441985578
6000000021442208692
6000000021458519730
6000000021459741312
6000000021460358453
6000000021461242025
6000000021491207395
6000000021492261158
6000000021492487228
6000000021492505649
6000000021492506694
6000000021492511477
6000000021492520710
6000000021492528698
6000000021492540471
6000000021492564292
6000000021492569174
6000000021492574601
6000000021492635215
6000000021492635288
6000000021492637247
6000000021492660068
6000000021492674696
6000000021492681453
6000000021492699174
6000000021492750155
6000000021492788819
6000000021492813367
6000000021492848171
6000000021492890956
6000000021492894109
6000000021492894967
6000000021492898130
6000000021492898991
6000000021492957939
6000000021501902038
6000000021505156794
6000000021505187769
6000000021505319780
6000000021505366303
6000000021505383351
6000000021505589014
6000000021505598901
6000000021516604646
6000000021516758079
6000000021517028058
6000000021517050737
6000000021517291979
6000000021517471861
6000000021522048476
6000000021540557336
6000000021540561314
6000000021540646055
6000000021540705883
6000000021562522511
6000000021571531567
6000000021582544658
6000000021582838001
6000000021593679854
6000000021597136351
6000000021609603237
6000000021610667669
6000000021610814186
6000000021610865770
6000000021610977357
6000000021611205225
6000000021611403011
6000000021611591971
6000000021612272793
6000000021612965748
6000000021612967442
6000000021613008321
6000000021613834608
6000000021613965415
6000000021614270422
6000000021614418167
6000000021614591520
6000000021614808364
6000000021615133193
6000000021615229916
6000000021615493877
6000000021615739991
6000000021616145235
6000000021617876785
6000000021617976311
6000000021618027378
6000000021618149126
6000000021618185198
6000000021618221543
6000000021618227441
6000000021618351197
6000000021618421192
6000000021618428024
6000000021618454067
6000000021618469982
6000000021618915459
6000000021618984605
6000000021625185510
6000000021625861551
6000000021647492808
6000000021647845593
6000000021648182400
6000000021650368593
6000000021651776645
6000000021652410546
6000000021662448203
6000000021664244926
6000000021664395950
6000000021673813730
6000000021673852672
6000000021673852678
6000000021673854680
6000000021673854686
6000000021674519319
6000000021674580706
6000000021674599002
6000000021674717797
6000000021674796146
6000000021674834181
6000000021674961431
6000000021674999393
6000000021675166880
6000000021684521174
6000000021697714095
6000000021698713865
6000000021703301816
6000000021703867843
6000000021706588506
6000000021706619462
6000000021706866012
6000000021707199882
6000000021709618332
6000000021713148833
6000000021717077433
6000000021717330930
6000000021734810214
6000000021743767001
6000000021749899567
6000000021749924466
6000000021749924472
6000000021750034059
6000000021750288747
6000000021750404240
6000000021750419156
6000000021750422258
6000000021755187775
6000000021755753318
6000000021762741123
6000000021763007224
6000000021763091116
6000000021763916372
6000000021766594480
6000000021766597302
6000000021766606401
6000000021766652615
6000000021766729901
6000000021767174721
6000000021767307246
6000000021767362957
6000000021767370966
6000000021767395026
6000000021767420053
6000000021767445907
6000000021768951360
6000000021770641819
6000000021772173724
6000000021772471682
6000000021772851328
6000000021775979899
6000000021785439711
6000000021785605472
6000000021785613534
6000000021785779573
6000000021785884203
6000000021785910859
6000000021786557580
6000000021790524835
6000000021795417963
6000000021795421125
6000000021801820504
6000000021807226730
6000000021807490838
6000000021824188245
6000000021824267986
6000000021827305822
6000000021829296058
6000000021832803280
6000000021833577469
6000000021833580789
6000000021833596146
6000000021833622295
6000000021835994671
6000000021835999816
6000000021847466634
6000000021847505644
6000000021847700592
6000000021847863467
6000000021847895348
6000000021848125057
6000000021848529727
6000000021848814095
6000000021849316673
6000000021849438706
6000000021849515765
6000000021849525330
6000000021849548417
6000000021849643876
6000000021856333525
6000000021867339990
6000000021868475344
6000000021882040116
6000000021882098295
6000000021882111609
6000000021883001238
6000000021883017051
6000000021884091646
6000000021884153364
6000000021884216514
6000000021884225479
6000000021884352114
6000000021884356507
6000000021884377008
6000000021884427926
6000000021884487110
6000000021888013012
6000000021888065995
6000000021891332666
6000000021909632788
6000000021910246200
6000000021910305014
6000000021910474891
6000000021930849528
6000000021937526466
6000000021945958027
6000000021953768677
6000000021953987929
6000000021962879873
6000000021964648642
6000000021969030640
6000000021969346866
6000000021970432872
6000000021972593638
6000000021978981964
6000000021980460859
6000000021980541106
6000000021983280757
6000000021984285362
6000000021986584036
6000000022015222245
6000000022030060162
6000000022048869542
6000000022080557312
6000000022094546833
6000000022119400396
6000000022119686080
6000000022130800001
6000000022132475535
6000000022135453336
6000000022135521849
6000000022135830147
6000000022135874911
6000000022141279966
6000000022146835957
6000000022147041998
6000000022149857276
6000000022155174797
6000000022156730330
6000000022157086599
6000000022173568108
6000000022173789766
6000000022173792417
6000000022173795771
6000000022173950655
6000000022174278360
6000000022174333062
6000000022178527753
6000000022178579784
6000000022178607737
6000000022178690584
6000000022179148343
6000000022179545141
6000000022179717182
6000000022179852126
6000000022180090642
6000000022181615170
6000000022182544023
6000000022182959924
6000000022183437037
6000000022183440985
6000000022190831813
6000000022247871311
6000000022251811405
6000000022251811411
6000000022252159282
6000000022275223894
6000000022276920870
6000000022277083245
6000000022277381092
6000000022277450036
6000000022279721820
6000000022280320512
6000000022292710213
6000000022293191896
6000000022319560316
6000000022320643896
6000000022341639064
6000000022343172815
6000000022347521347
6000000022379682968
6000000022379701975
6000000022382544574
6000000022382587741
6000000022389867469
6000000022391713029
6000000022396231210
6000000022396662419
6000000022396746235
6000000022405003234
6000000022405003256
6000000022405089093
6000000022405092135
6000000022405092983
6000000022406977246
6000000022406990472
6000000022424420810
6000000022424569522
6000000022424679734
6000000022425169974
6000000022425294567
6000000022425339493
6000000022425346294
6000000022425356777
6000000022425358897
6000000022425394270
6000000022425484433
6000000022425551078
6000000022425559119
6000000022426251044
6000000022429486375
6000000022429564912
6000000022429931981
6000000022430264854
6000000022430556860
6000000022430608799
6000000022433070684
6000000022433109312
6000000022433149653
6000000022433255425
6000000022433297375
6000000022433453270
6000000022433653374
6000000022433819085
6000000022433849976
6000000022433869041
6000000022433927030
6000000022433932945
6000000022433949870
6000000022433949920
6000000022433964856
6000000022433966893
6000000022433984839
6000000022433984913
6000000022439844288
6000000022439857222
6000000022439980876
6000000022455737227
6000000022464036259
6000000022470923461
6000000022471299076
6000000022479585679
6000000022481731435
6000000022481761309
6000000022485942065
6000000022500504233
6000000022501725589
6000000022501728548
6000000022507656814
6000000022509022754
6000000022509638101
6000000022509736174
6000000022514581806
6000000022514625195
6000000022514918053
6000000022525892175
6000000022528730420
6000000022528735215
6000000022528736085
6000000022529845610
6000000022529887387
6000000022531754468
6000000022538487301
6000000022551998646
6000000022552201746
6000000022560341731
6000000022562223121
6000000022580535680
6000000022587109295
6000000022587262912
6000000022590632439
6000000022590916955
6000000022592287488
6000000022600757779
6000000022600795784
6000000022600948534
6000000022600962157
6000000022601144854
6000000022601224950
6000000022605766774
6000000022606050340
6000000022606681239
6000000022606843152
6000000022607651936
6000000022631688618
6000000022631699767
6000000022631746525
6000000022631755713
6000000022631778424
6000000022631779715
6000000022631780730
6000000022631796484
6000000022631837569
6000000022631863377
6000000022631893408
6000000022631893817
6000000022631901787
6000000022631921351
6000000022631924591
6000000022631945499
6000000022631956169
6000000022631959089
6000000022631974336
6000000022631989526
6000000022631993097
6000000022631993161
6000000022631993337
6000000022632010002
6000000022632029006
6000000022632030125
6000000022632046075
6000000022632064840
6000000022632066976
6000000022632071022
6000000022632073963
6000000022632131856
6000000022632139333
6000000022635999485
6000000022636209275
6000000022636993061
6000000022642629329
6000000022642883872
6000000022642928881
6000000022642932298
6000000022643093961
6000000022645187336
6000000022645546108
6000000022645672262
6000000022673800995
6000000022784959542
6000000022785186486
6000000022785259898
6000000022785330413
6000000022785356238
6000000022785366221
6000000022785451227
6000000022815764833
6000000022820219221
6000000022820297178
6000000022833258034
6000000022833578151
6000000022834288427
6000000022836040009
6000000022836056117
6000000022836108837
6000000022837849838
6000000022838032966
6000000022843708406
6000000022850719029
6000000022851598987
6000000022852736240
6000000022858497052
6000000022858615406
6000000022860990118
6000000022877993636
6000000022878210591
6000000022878369917
6000000022878402843
6000000022884217787
6000000022893644804
6000000022893699806
6000000022893740442
6000000022893899533
6000000022893926498
6000000022894042305
6000000022894043199
6000000022894057301
6000000022894153042
6000000022894236899
6000000022894313823
6000000022905307808
6000000022905603249
6000000022905660715
6000000022905706441
6000000022905714653
6000000022905727382
6000000022905742449
6000000022905803041
6000000022905860392
6000000022905941025
6000000022909540805
6000000022910802008
6000000022910922903
6000000022938560319
6000000022945157400
6000000022947889123
6000000022948491889
6000000022951365968
6000000022952148573
6000000022953641224
6000000022976601273
6000000022976918167
6000000022988483152
6000000022990612150
6000000023000403654
6000000023024154276
6000000023032974913
6000000023040876878
6000000023060498575
6000000023060597516
6000000023060599376
6000000023104456494
6000000023105020096
6000000023105105461
6000000023105323244
6000000023105513899
6000000023109987927
6000000023111224823
6000000023118216712
6000000023173413930
6000000023197161993
6000000023204771104
6000000023204988036
6000000023207434248
6000000023248019341
6000000023299594160
6000000023301585951
6000000023301875022
6000000023330330063
6000000023359578931
6000000023485593963
6000000023485820374
6000000023485951853
6000000023496337640
6000000023512787695
6000000023513048085
6000000023513061379
6000000023513154966
6000000023545137583
6000000023545269780
6000000023546119469
6000000023546435006
6000000023546486963
6000000023546811891
6000000023666472983
6000000023672674444
6000000023680996844
6000000023697503418
6000000023709422054
6000000023710034777
6000000023710355744
6000000023714936310
6000000023795338343
6000000023811399231
6000000023824905869
6000000023824970933
6000000023827204072
6000000023841490785
6000000023841494729
6000000023841914954
6000000023856784189
6000000023856836578
6000000023896907955
6000000023898738267
6000000023925367061
6000000023926421002
6000000023955479828
6000000023969260447
6000000023993850070
6000000023993884955
6000000024033496657
6000000024033496664
6000000024034904382
6000000024034937245
6000000024065426918
6000000024065672911
6000000024091604015
6000000024092467055
6000000024092643137
6000000024092806859
6000000024092832822
6000000024118286693
6000000024132352550
6000000024132650121
6000000024167000677
6000000024168588582
6000000024169339066
6000000024169401834
6000000024196248231
6000000024196277800
6000000024196898174
6000000024207860707
6000000024208273018
6000000024209855214
6000000024210077879
6000000024210265065
6000000024226223263
6000000024227375256
6000000024250734372
6000000024254457152
6000000024265335167
6000000024278810400
6000000024278894481
6000000024278922649
6000000024278931026
6000000024278931390
6000000024279034106
6000000024279164861
6000000024279178805
6000000024279410137
6000000024280057117
6000000024280121132
6000000024280297907
6000000024305903821
6000000024323476074
6000000024364073067
6000000024365266740
6000000024366086404
6000000024377049749
6000000024387308933
6000000024403356658
6000000024403384730
6000000024403684045
6000000024407434031
6000000024415902596
6000000024416186382
6000000024416509007
6000000024417527018
6000000024421555987
6000000024431232320
6000000024431361215
6000000024431392055
6000000024431403155
6000000024431753429
6000000024431778428
6000000024431997166
6000000024434707423
6000000024434932199
6000000024435249843
6000000024451513645
6000000024451602220
6000000024451617626
6000000024451689146
6000000024451865087
6000000024451865093
6000000024451923236
6000000024452076945
6000000024462984027
6000000024463090839
6000000024463304761
6000000024463425787
6000000024463468594
6000000024463578189
6000000024476585203
6000000024490804570
6000000024492086679
6000000024492614184
6000000024492804097
6000000024492825970
6000000024503515154
6000000024504442789
6000000024504703185
6000000024529686549
6000000024530017052
6000000024530751682
6000000024530921386
6000000024552568775
6000000024552719466
6000000024553246091
6000000024557411007
6000000024557993689
6000000024558133745
6000000024558216789
6000000024579263160
6000000024579508252
6000000024582929678
6000000024583079793
6000000024699848289
6000000024700056981
6000000024700103852
6000000024710911329
6000000024713770862
6000000024730240456
6000000024740454952
6000000024744140226
6000000024773019588
6000000024787702694
6000000024791012200
6000000024801153966
6000000024889552276
6000000024914239288
6000000024920270968
6000000024948121730
6000000024948207813
6000000024948408653
6000000024948544407
6000000024948571097
6000000024948623353
6000000024948627398
6000000024948720176
6000000024948782278
6000000024957580056
6000000024973814202
6000000024976159866
6000000024988402911
6000000025001800565
6000000025001948626
6000000025005220640
6000000025005403299
6000000025029989899
6000000025053394921
6000000025054948077
6000000025055013525
6000000025055106331
6000000025055301338
6000000025095992972
6000000025096114016
6000000025096281813
6000000025152752486
6000000025167006216
6000000025167364899
6000000025169492526
6000000025170379012
6000000025170500054
6000000025171601964
6000000025208994863
6000000025227650392
6000000025251011233
6000000025283430567
6000000025286144011
6000000025295412969
6000000025295611140
6000000025295808855
6000000025296696975
6000000025298121602
6000000025298373003
6000000025299914869
6000000025307627145
6000000025331595956
6000000025346603995
6000000025349344669
6000000025349700173
6000000025363509821
6000000025363514079
6000000025373930272
6000000025402765524
6000000025403068949
6000000025414274914
6000000025425775304
6000000025440517003
6000000025445302708
6000000025455608509
6000000025474175184
6000000025482396784
6000000025500764364
6000000025501391337
6000000025501445118
6000000025501941657
6000000025502456497
6000000025527604698
6000000025537491994
6000000025538711441
6000000025538825513
6000000025538834732
6000000025538860465
6000000025538888090
6000000025538903097
6000000025538916480
6000000025538933118
6000000025538941159
6000000025538990261
6000000025539027884
6000000025539031922
6000000025539117184
6000000025539134943
6000000025556746777
6000000025556769596
6000000025565454677
6000000025569642872
6000000025570041888
6000000025570083826
6000000025570164824
6000000025570166823
6000000025571297982
6000000025596054461
6000000025596201574
6000000025596454482
6000000025596876314
6000000025596909558
6000000025596988178
6000000025622244583
6000000025622809259
6000000025622867514
6000000025645357633
6000000025645691391
6000000025645957431
6000000025645983955
6000000025657469945
6000000025694151609
6000000025694837433
6000000025713247605
6000000025741343941
6000000025742509516
6000000025770168174
6000000025792589304
6000000025805309228
6000000025805839807
6000000025818869479
6000000025845023575
6000000025845751168
6000000025846205934
6000000025862982452
6000000025876589288
6000000025890648923
6000000025890654976
6000000025890792847
6000000025903855680
6000000025904119553
6000000025915205161
6000000025946952503
6000000025955541414
6000000025955734360
6000000025955774728
6000000025960035385
6000000025964473950
6000000025970461281
6000000025970491100
6000000025970503018
6000000025973144037
6000000025982717094
6000000025998055673
6000000025998654831
6000000026015362247
6000000026035695083
6000000026035783439
6000000026036155365
6000000026036439210
6000000026036527396
6000000026054085272
6000000026066646205
6000000026070132430
6000000026070301681
6000000026070994421
6000000026081078518
6000000026081132659
6000000026081413504
6000000026081574387
6000000026081671172
6000000026081931939
6000000026101922059
6000000026101993038
6000000026102458967
6000000026102495940
6000000026102600887
6000000026106384217
6000000026108838111
6000000026109388786
6000000026111378098
6000000026111418882
6000000026112803826
6000000026116979362
6000000026117103346
6000000026117459450
6000000026117838006
6000000026117847028
6000000026122573687
6000000026122963819
6000000026123038121
6000000026123048118
6000000026123133325
6000000026123191856
6000000026123325932
6000000026123913342
6000000026124677178
6000000026124985512
6000000026125810988
6000000026127840974
6000000026138269056
6000000026138596988
6000000026163985290
6000000026164686315
6000000026164892867
6000000026165526195
6000000026176907080
6000000026176934068
6000000026180521662
6000000026180982754
6000000026182627464
6000000026183320506
6000000026185379832
6000000026185751596
6000000026188365804
6000000026188824329
6000000026191425197
6000000026206297235
6000000026206638951
6000000026239889991
6000000026240466050
6000000026247911863
6000000026257322636
6000000026257912323
6000000026258097510
6000000026258617910
6000000026261235500
6000000026273726392
6000000026274218249
6000000026274389598
6000000026279993527
6000000026283462474
6000000026284392316
6000000026284520208
6000000026284546597
6000000026284680230
6000000026284728632
6000000026284736198
6000000026315305732
6000000026323237455
6000000026323437506
6000000026323611342
6000000026323617820
6000000026323685483
6000000026323768601
6000000026323849848
6000000026327024909
6000000026327453857
6000000026335384024
6000000026335443932
6000000026339073819
6000000026339212583
6000000026356961983
6000000026370171967
6000000026370229997
6000000026370273954
6000000026370368902
6000000026370677364
6000000026371606853
6000000026391858058
6000000026392409106
6000000026401423945
6000000026406767827
6000000026427168615
6000000026427226429
6000000026427254301
6000000026427290500
6000000026427445837
6000000026427575746
6000000026427597247
6000000026427785859
6000000026438091616
6000000026440571649
6000000026441670402
6000000026443246109
6000000026443435344
6000000026451664125
6000000026451674045
6000000026451907679
6000000026451976732
6000000026452371081
6000000026452727404
6000000026491767231
6000000026491894033
6000000026492110100
6000000026495663850
6000000026504059832
6000000026507853871
6000000026518742106
6000000026518979003
6000000026519039887
6000000026521959596
6000000026522171658
6000000026522309563
6000000026522465321
6000000026522487183
6000000026522552312
6000000026522556364
6000000026522622075
6000000026522722003
6000000026522745869
6000000026522778851
6000000026531660639
6000000026531816396
6000000026532265445
6000000026532435136
6000000026534693043
6000000026540246404
6000000026540311375
6000000026541508409
6000000026543030092
6000000026546487753
6000000026546803412
6000000026547062548
6000000026547070236
6000000026547075074
6000000026547150131
6000000026547241830
6000000026560034018
6000000026560166878
6000000026560184853
6000000026561522054
6000000026566135156
6000000026577406389
6000000026620389360
6000000026620848530
6000000026621065230
6000000026627571547
6000000026631818025
6000000026631827126
6000000026633022172
6000000026637257009
6000000026653858973
6000000026698760180
6000000026709996368
6000000026710006171
6000000026710142295
6000000026712691345
6000000026713012161
6000000026715304362
6000000026715304385
6000000026733845314
6000000026734341116
6000000026734463976
6000000026734480849
6000000026748175131
6000000026748263375
6000000026751441444
6000000026753099930
6000000026764677596
6000000026765016537
6000000026765167000
6000000026765449131
6000000026765452004
6000000026765527077
6000000026793850629
6000000026794395309
6000000026797893294
6000000026799623359
6000000026810710275
6000000026810905421
6000000026811037623
6000000026811186784
6000000026811327901
6000000026812109719
6000000026812356372
6000000026812533922
6000000026812544913
6000000026813221701
6000000026813399187
6000000026829378723
6000000026833590491
6000000026856001509
6000000026870119593
6000000026870152287
6000000026870981394
6000000026871806409
6000000026872200840
6000000026872332988
6000000026872443830
6000000026875093257
6000000026875177537
6000000026875246473
6000000026875274806
6000000026875496727
6000000026875652695
6000000026875692711
6000000026875959428
6000000026876139718
6000000026876151141
6000000026876326118
6000000026876354860
6000000026876398980
6000000026876433166
6000000026876510332
6000000026877216040
6000000026877458927
6000000026877500921
6000000026877944924
6000000026878228874
6000000026884183582
6000000026884294790
6000000026884369608
6000000026885012966
6000000026885209261
6000000026887271778
6000000026888254427
6000000026888646587
6000000026889425033
6000000026892328177
6000000026892389699
6000000026892403405
6000000026892436047
6000000026892642075
6000000026899950201
6000000026905009378
6000000026909324497
6000000026909546276
6000000026909857446
6000000026909935402
6000000026910107218
6000000026910187089
6000000026910289858
6000000026916325567
6000000026918902213
6000000026923876866
6000000026941291471
6000000026943582265
6000000026950063352
6000000026950065192
6000000026950859261
6000000026977697140
6000000026979610847
6000000027000093885
6000000027062948399
6000000027063333237
6000000027063351633
6000000027063436486
6000000027063476038
6000000027063580976
6000000027063595081
6000000027063671145
6000000027090501279
6000000027091282817
6000000027104534631
6000000027105062355
6000000027105159336
6000000027105749250
6000000027105953773
6000000027106156983
6000000027106241027
6000000027106329818
6000000027106333165
6000000027106387107
6000000027106464031
6000000027106548361
6000000027106636370
6000000027110921527
6000000027121519664
6000000027122279588
6000000027125524398
6000000027127209358
6000000027127463623
6000000027127631484
6000000027128205978
6000000027142639301
6000000027143615141
6000000027149096412
6000000027149523843
6000000027152844543
6000000027153673523
6000000027153685079
6000000027153985914
6000000027154012832
6000000027176142557
6000000027179184758
6000000027179553426
6000000027194714108
6000000027194721117
6000000027198400669
6000000027209393575
6000000027209900349
6000000027230672978
6000000027237133575
6000000027237133580
6000000027237507065
6000000027246817461
6000000027247402432
6000000027249412950
6000000027249621920
6000000027268621440
6000000027271409628
6000000027271584085
6000000027296089352
6000000027299098164
6000000027320284669
6000000027320569820
6000000027323338119
6000000027323401865
6000000027323465031
6000000027323475959
6000000027324934861
6000000027324946830
6000000027326674984
6000000027338696370
6000000027338699410
6000000027339540128
6000000027340595606
6000000027340677403
6000000027340779114
6000000027358131109
6000000027372532459
6000000027372597690
6000000027375856499
6000000027375924034
6000000027385476747
6000000027394800463
6000000027395040960
6000000027420870622
6000000027420926711
6000000027421082118
6000000027438892782
6000000027439215389
6000000027440818252
6000000027441090922
6000000027443996826
6000000027491652570
6000000027491706480
6000000027491793549
6000000027491993110
6000000027492007564
6000000027492123297
6000000027492125550
6000000027492159431
6000000027492193883
6000000027492194041
6000000027492201090
6000000027492217382
6000000027492242112
6000000027492333988
6000000027492337128
6000000027492344825
6000000027494060163
6000000027504663013
6000000027504663889
6000000027504725848
6000000027510124595
6000000027510228544
6000000027520195737
6000000027520238534
6000000027525731696
6000000027526737333
6000000027527510956
6000000027535639560
6000000027546355721
6000000027546823492
6000000027578413437
6000000027578742269
6000000027578838946
6000000027607924430
6000000027608160836
6000000027610962593
6000000027611106375
6000000027611335355
6000000027611455885
6000000027612483680
6000000027630396632
6000000027630585706
6000000027630614629
6000000027630876194
6000000027630934030
6000000027631492961
6000000027632770246
6000000027634849071
6000000027634902962
6000000027635196778
6000000027635381286
6000000027657317836
6000000027664661646
6000000027673181642
6000000027673564530
6000000027673564681
6000000027673930865
6000000027673945992
6000000027674005053
6000000027674550590
6000000027676448190
6000000027676458730
6000000027679062664
6000000027679488277
6000000027680016952
6000000027680019941
6000000027680207981
6000000027680577605
6000000027680645057
6000000027680694106
6000000027682218878
6000000027705548085
6000000027707319045
6000000027709309404
6000000027716828042
6000000027717002742
6000000027719012930
6000000027719986362
6000000027720005942
6000000027720024630
6000000027720156131
6000000027720401259
6000000027722490408
6000000027722806417
6000000027724994928
6000000027726982028
6000000027727030588
6000000027727328119
6000000027740599622
6000000027794882229
6000000027794908841
6000000027794961108
6000000027805319113
6000000027822180800
6000000027823050288
6000000027823075405
6000000027823265502
6000000027833102303
6000000027833297824
6000000027876110865
6000000027876343383
6000000027876738816
6000000027876767742
6000000027876799248
6000000027876925394
6000000027877066510
6000000027877165130
6000000027877677876
6000000027878432109
6000000027878510939
6000000027893199550
6000000027893218243
6000000027911235269
6000000027912897673
6000000027918051332
6000000027931072621
6000000027931272287
6000000027937454312
6000000027966112257
6000000027969131198
6000000027969266212
6000000027973837741
6000000028001401104
6000000028002805715
6000000028002911179
6000000028006588416
6000000028065056507
6000000028068736295
6000000028107306587
6000000028117946600
6000000028118459402
6000000028166508618
6000000028203508234
6000000028203625021
6000000028205315484
6000000028205413569
6000000028205682866
6000000028279165225
6000000028283236789
6000000028323698428
6000000028414050257
6000000028416242413
6000000028418914022
6000000028428422637
6000000028428512796
6000000028440421204
6000000028440514126
6000000028440689476
6000000028458102108
6000000028458273846
6000000028458562907
6000000028459142827
6000000028459195878
6000000028459209826
6000000028463851493
6000000028463964474
6000000028464078890
6000000028464119166
6000000028464210966
6000000028464214858
6000000028494707413
6000000028496912516
6000000028497248023
6000000028522214299
6000000028522308638
6000000028522474533
6000000028522510888
6000000028522521400
6000000028522526997
6000000028522529226
6000000028522572988
6000000028522706362
6000000028522887926
6000000028522915307
6000000028523102824
6000000028524509516
6000000028524546022
6000000028524872363
6000000028525109926
6000000028525136842
6000000028525293408
6000000028525447667
6000000028525502367
6000000028525514861
6000000028525613404
6000000028525647261
6000000028525700418
6000000028525916834
6000000028525917025
6000000028525921195
6000000028525957697
6000000028525965499
6000000028526059921
6000000028526153290
6000000028544392906
6000000028587168847
6000000028587410222
6000000028587495120
6000000028587530008
6000000028587588974
6000000028587595884
6000000028606400210
6000000028606492605
6000000028606713263
6000000028606920826
6000000028607631748
6000000028608771986
6000000028608786872
6000000028610681507
6000000028682440318
6000000028709457487
6000000028714728390
6000000028771604543
6000000028784488216
6000000028802085223
6000000028802217207
6000000028802281978
6000000028803285160
6000000028803749099
6000000028804218013
6000000028804325086
6000000028804356935
6000000028819067344
6000000028819201230
6000000028819524327
6000000028819842008
6000000028877756281
6000000028878957249
6000000028930044577
6000000028930320094
6000000028979368396
6000000028979410219
6000000028979445614
6000000028979572949
6000000028981930843
6000000028989016626
6000000028990844093
6000000028998160398
6000000028998257688
6000000028998575476
6000000028998708587
6000000028998761173
6000000028998995077
6000000028999181985
6000000028999749566
6000000029000213265
6000000029000471754
6000000029001457448
6000000029001887382
6000000029009410957
6000000029011180210
6000000029012655002
6000000029019683605
6000000029019749348
6000000029019829595
6000000029020027522
6000000029020095045
6000000029020120863
6000000029020210821
6000000029020221770
6000000029020408260
6000000029020433750
6000000029021394595
6000000029021689288
6000000029021897106
6000000029021959996
6000000029082551877
6000000029085832316
6000000029097437321
6000000029100454675
6000000029115611428
6000000029115645428
6000000029115664521
6000000029115838146
6000000029115856048
6000000029115865043
6000000029115871023
6000000029115879127
6000000029115879146
6000000029115997822
6000000029154054249
6000000029154060146
6000000029165528771
6000000029166152890
6000000029175638476
6000000029179933601
6000000029207128768
6000000029208605779
6000000029263787344
6000000029263930419
6000000029288980201
6000000029326466970
6000000029330394524
6000000029330775890
6000000029344188783
6000000029367917162
6000000029368196962
6000000029369217105
6000000029370638575
6000000029378976992
6000000029423203585
6000000029423205766
6000000029423277757
6000000029423295444
6000000029423339115
6000000029423481141
6000000029423594685
6000000029423664958
6000000029423671310
6000000029423720246
6000000029423865050
6000000029439060962
6000000029439559864
6000000029439562953
6000000029443621167
6000000029452977376
6000000029469750877
6000000029474897579
6000000029485962588
6000000029487497925
6000000029489396417
6000000029489862212
6000000029489987007
6000000029494500014
6000000029516029053
6000000029521243850
6000000029550168728
6000000029550223277
6000000029550647515
6000000029551518432
6000000029551957978
6000000029552164865
6000000029554535010
6000000029573086755
6000000029573345569
6000000029573493334
6000000029573514696
6000000029575811789
6000000029575948982
6000000029576285086
6000000029577911261
6000000029578806959
6000000029581314273
6000000029590619079
6000000029602574206
6000000029619503929
6000000029620239427
6000000029621243220
6000000029624355609
6000000029680706885
6000000029683026367
6000000029695044893
6000000029695433694
6000000029696301642
6000000029696608508
6000000029696613329
6000000029696619609
6000000029696663303
6000000029696686534
6000000029696702587
6000000029696722745
6000000029696735297
6000000029696743352
6000000029696787207
6000000029696796198
6000000029696829743
6000000029696854213
6000000029696856026
6000000029696874871
6000000029696875995
6000000029696910829
6000000029696916324
6000000029696926961
6000000029696946919
6000000029696947997
6000000029702643135
6000000029721590533
6000000029721631148
6000000029726463436
6000000029759127091
6000000029782997265
6000000029783214404
6000000029786772769
6000000029787200183
6000000029788459971
6000000029804661902
6000000029807560961
6000000029815587639
6000000029816455811
6000000029847240116
6000000029847553961
6000000029847999862
6000000029875382226
6000000029875421243
6000000029875427369
6000000029887315584
6000000029896949729
6000000029897227645
6000000029897333141
6000000029899736999
6000000029900217341
6000000029926231043
6000000029926332958
6000000029947091655
6000000029980738092
6000000030009222467
6000000030026594074
6000000030040432751
6000000030040872409
6000000030040909511
6000000030041442991
6000000030041662864
6000000030130523569
6000000030131471644
6000000030132246082
6000000030132429771
6000000030132644729
6000000030132699374
6000000030133199959
6000000030133324338
6000000030134163999
6000000030135304969
6000000030135661878
6000000030136353871
6000000030141462966
6000000030146612038
6000000030188907224
6000000030190431232
6000000030191451241
6000000030191612258
6000000030192187652
6000000030192224753
6000000030192750410
6000000030192830090
6000000030204818213
6000000030204888051
6000000030205017068
6000000030205230899
6000000030209641713
6000000030216131445
6000000030226608629
6000000030226613343
6000000030227287985
6000000030228421323
6000000030228507986
6000000030228706857
6000000030271614676
6000000030273659801
6000000030278283873
6000000030282455159
6000000030284894521
6000000030285179782
6000000030285245393
6000000030285281271
6000000030285287147
6000000030285328345
6000000030285359361
6000000030285373338
6000000030285454934
6000000030285472879
6000000030285649783
6000000030307881938
6000000030307893922
6000000030311723403
6000000030311774439
6000000030311798189
6000000030311955358
6000000030312545821
6000000030326742905
6000000030326772841
6000000030342679246
6000000030427685170
6000000030445388193
6000000030446247855
6000000030450162221
6000000030454975860
6000000030477829566
6000000030478073233
6000000030478287971
6000000030478339905
6000000030478360865
6000000030501421461
6000000030548080797
6000000030548353871
6000000030548931563
6000000030549096530
6000000030549137459
6000000030549226450
6000000030549294113
6000000030549462099
6000000030587698895
6000000030589443927
6000000030592504700
6000000030593037813
6000000030593052856
6000000030593106662
6000000030593157660
6000000030593286642
6000000030593611925
6000000030593627608
6000000030593690933
6000000030593695125
6000000030593710059
6000000030593985888
6000000030593996150
6000000030594003395
6000000030594024942
6000000030594034462
6000000030614906709
6000000030615382121
6000000030615429902
6000000030616800361
6000000030616995382
6000000030620045206
6000000030620550611
6000000030620972654
6000000030621126509
6000000030621563954
6000000030621564346
6000000030621569044
6000000030621695843
6000000030638928885
6000000030639038595
6000000030639153196
6000000030645258072
6000000030707994779
6000000030708307111
6000000030708337156
6000000030708541148
6000000030708646901
6000000030727049441
6000000030727308672
6000000030747761805
6000000030762581923
6000000030768119996
6000000030775611870
6000000030788371606
6000000030788462573
6000000030788733230
6000000030788763094
6000000030788812890
6000000030788822842
6000000030788837876
6000000030788849043
6000000030829740982
6000000030835655595
6000000030835757937
6000000030835844953
6000000030836098513
6000000030836483935
6000000030836492934
6000000030862918171
6000000030863044955
6000000030863393200
6000000030870880383
6000000030871224291
6000000030872484954
6000000030876120040
6000000030888232914
6000000030888340936
6000000030888382932
6000000030899604640
6000000030899748440
6000000030899945841
6000000030900096917
6000000030971152421
6000000030971343940
6000000030984095077
6000000030991363722
6000000030991374799
6000000030991557754
6000000030991705411
6000000030991727213
6000000030991746432
6000000030991759165
6000000030991826046
6000000030991849088
6000000030992011834
6000000030992038944
6000000030992094074
6000000031010199921
6000000031010443445
6000000031031582372
6000000031031715727
6000000031031750273
6000000031031759667
6000000031031762117
6000000031031897963
6000000031031923143
6000000031032000942
6000000031032043922
6000000031032053909
6000000031032637793
6000000031032676359
6000000031032728107
6000000031032803749
6000000031032847759
6000000031032876771
6000000031032945696
6000000031032950644
6000000031032998812
6000000031033042632
6000000031033049474
6000000031033123132
6000000031033156821
6000000031033162358
6000000031033212990
6000000031033252223
6000000031033267855
6000000031033665594
6000000031044974142
6000000031044982219
6000000031045320307
6000000031045442270
6000000031045566011
6000000031045568927
6000000031083037127
6000000031089751628
6000000031103617935
6000000031125363984
6000000031125520249
6000000031125782995
6000000031126013904
6000000031132209476
6000000031132438903
6000000031133284520
6000000031133466185
6000000031133519075
6000000031133617009
6000000031137504087
6000000031137641977
6000000031137682945
6000000031152757309
6000000031152767265
6000000031152986096
6000000031152992983
6000000031153789957
6000000031154068311
6000000031154269831
6000000031158871521
6000000031160392776
6000000031177839933
6000000031209430450
6000000031303235944
6000000031303256867
6000000031322407799
6000000031322514605
6000000031322814211
6000000031323399821
6000000031323430628
6000000031323889869
6000000031341239893
6000000031350268184
6000000031354436144
6000000031354613991
6000000031365845019
6000000031377455704
6000000031377852273
6000000031390458744
6000000031393087759
6000000031416483656
6000000031418346270
6000000031456385314
6000000031508753738
6000000031509147280
6000000031509327938
6000000031519187592
6000000031527300474
6000000031527441704
6000000031527612551
6000000031527639359
6000000031527707056
6000000031527768205
6000000031527770002
6000000031527770126
6000000031527846160
6000000031527891144
6000000031527925960
6000000031528011734
6000000031528058919
6000000031528077782
6000000031528082759
6000000031528142916
6000000031528178775
6000000031528190338
6000000031528209013
6000000031528216639
6000000031528222380
6000000031528229505
6000000031528230385
6000000031528236662
6000000031528273548
6000000031528304580
6000000031528315292
6000000031528348931
6000000031528373142
6000000031528396153
6000000031528431076
6000000031528457175
6000000031528486898
6000000031528490149
6000000031528501956
6000000031528515872
6000000031528522726
6000000031528548964
6000000031528564884
6000000031528564925
6000000031528582993
6000000031528603847
6000000031528628607
6000000031528731102
6000000031528751985
6000000031528759360
6000000031528769450
6000000031528811458
6000000031528820935
6000000031528827267
6000000031528829778
6000000031528832112
6000000031528854290
6000000031528855939
6000000031528885453
6000000031528895664
6000000031528921476
6000000031528972896
6000000031529001948
6000000031529008212
6000000031529025079
6000000031529083832
6000000031529144153
6000000031529155866
6000000031529170057
6000000031529241841
6000000031529273899
6000000031543549547
6000000031543651472
6000000031543897008
6000000031544209270
6000000031544214022
6000000031544302118
6000000031544337083
6000000031545109919
6000000031545522223
6000000031545571259
6000000031545689949
6000000031546164283
6000000031546167195
6000000031546300010
6000000031546458518
6000000031546613378
6000000031546643205
6000000031546887817
6000000031546896844
6000000031546901444
6000000031546997530
6000000031547031062
6000000031547128680
6000000031547135203
6000000031547207098
6000000031547335821
6000000031547354464
6000000031547405921
6000000031547479878
6000000031547603016
6000000031547720822
6000000031567384555
6000000031567475347
6000000031567617195
6000000031567640273
6000000031567739950
6000000031567746020
6000000031567827836
6000000031567830902
6000000031575054818
6000000031575641146
6000000031575647163
6000000031575787922
6000000031575845201
6000000031576017011
6000000031590902375
6000000031590976300
6000000031613868654
6000000031614238616
6000000031614566852
6000000031619595099
6000000031623099750
6000000031636747004
6000000031637102494
6000000031637457000
6000000031637498648
6000000031637917607
6000000031637985905
6000000031637990680
6000000031638039309
6000000031638071448
6000000031638167148
6000000031638181308
6000000031638282982
6000000031638337917
6000000031638356941
6000000031638443208
6000000031638493029
6000000031638499166
6000000031638653069
6000000031638657855
6000000031641646075
6000000031651814969
6000000031658471819
6000000031659157726
6000000031659457688
6000000031659535094
6000000031660050376
6000000031660132001
6000000031660176821
6000000031660223829
6000000031660369883
6000000031661435164
6000000031661842871
6000000031662222478
6000000031662354011
6000000031662498033
6000000031662568611
6000000031662575169
6000000031662750198
6000000031664313389
6000000031666119275
6000000031666277068
6000000031671469599
6000000031683769339
6000000031684087903
6000000031684287481
6000000031684359110
6000000031684531597
6000000031684543065
6000000031684554999
6000000031684615822
6000000031709119301
6000000031736793397
6000000031736934065
6000000031774992462
6000000031777127149
6000000031777192950
6000000031778821051
6000000031778845285
6000000031778983000
6000000031779016895
6000000031780184510
6000000031780289787
6000000031781324842
6000000031789695423
6000000031806612759
6000000031807038056
6000000031808159822
6000000031811350618
6000000031811651861
6000000031828755529
6000000031828865443
6000000031829145923
6000000031829415130
6000000031829511979
6000000031830099915
6000000031830198864
6000000031830202218
6000000031830434234
6000000031847152426
6000000031848759544
6000000031849325037
6000000031849344899
6000000031849489878
6000000031859179867
6000000031870968913
6000000031871519795
6000000031872231551
6000000031873939968
6000000031874257098
6000000031874333095
6000000031900867431
6000000031921720268
6000000031921788092
6000000031921937762
6000000031922042457
6000000031922206272
6000000031922331069
6000000031922467862
6000000031922505021
6000000031928221957
6000000031945504141
6000000031945525057
6000000031972450352
6000000031972619063
6000000031973207989
6000000031974729205
6000000031981294379
6000000031981954902
6000000031989694998
6000000031997831379
6000000031997858412
6000000031998365978
6000000032031423892
6000000032056053789
6000000032057186093
6000000032065162811
6000000032068841409
6000000032102245670
6000000032129351000
6000000032177002130
6000000032177163528
6000000032177430334
6000000032177517184
6000000032177596922
6000000032178502911
6000000032178869882
6000000032187870149
6000000032188211029
6000000032201968837
6000000032283199275
6000000032283328175
6000000032302968647
6000000032307841819
6000000032327207506
6000000032327219432
6000000032327352948
6000000032330541568
6000000032331207023
6000000032342813538
6000000032342862282
6000000032343047114
6000000032343149895
6000000032398404656
6000000032421658831
6000000032429574912
6000000032431411956
6000000032480968539
6000000032481102415
6000000032481224185
6000000032549684367
6000000032549967874
6000000032565789042
6000000032565907123
6000000032575187191
6000000032575352805
6000000032576002821
6000000032581063596
6000000032581143063
6000000032585210658
6000000032585221455
6000000032585500466
6000000032585572220
6000000032585586357
6000000032585597295
6000000032585620601
6000000032585650079
6000000032585771917
6000000032587018798
6000000032587127375
6000000032587178217
6000000032587404240
6000000032588836281
6000000032602422359
6000000032606532148
6000000032629420225
6000000032668355208
6000000032672386067
6000000032674202669
6000000032734939685
6000000032759116307
6000000032770797665
6000000032772500064
6000000032836206075
6000000032836226196
6000000032942360923
6000000032959203810
6000000032959310594
6000000032959387338
6000000032959410817
6000000032959413626
6000000032959465267
6000000032959478440
6000000032959551177
6000000032959595027
6000000032959619482
6000000032959623084
6000000032959623102
6000000032959681783
6000000032959706488
6000000032959707151
6000000032959842955
6000000032959844212
6000000032959849304
6000000032959901381
6000000032959906873
6000000032959922179
6000000032959953859
6000000032960009030
6000000032960014944
6000000032960112594
6000000032960174592
6000000032960250526
6000000032960280629
6000000032960308277
6000000032960387335
6000000032960404359
6000000032960455950
6000000032960473341
6000000032960516057
6000000032960516111
6000000032960574070
6000000032960583866
6000000032963034794
6000000032971877704
6000000032972297350
6000000032972485072
6000000032972793836
6000000032973190058
6000000032979342623
6000000032979686921
6000000032979710394
6000000032979889334
6000000032996790276
6000000032997004935
6000000032997172665
6000000032997174062
6000000032997613901
6000000032997679324
6000000032997771434
6000000032997928424
6000000032998005938
6000000032998172042
6000000032998228025
6000000032998253349
6000000032998298883
6000000033002241491
6000000033020830775
6000000033021192176
6000000033021388044
6000000033021698212
6000000033069546774
6000000033069960480
6000000033069981279
6000000033070020904
6000000033070032858
6000000033070038878
6000000033070276821
6000000033070860173
6000000033071485522
6000000033071631930
6000000033071642889
6000000033071658333
6000000033071837286
6000000033071910961
6000000033071966564
6000000033072302993
6000000033075260580
6000000033096911541
6000000033120519001
6000000033125137618
6000000033125215194
6000000033125306302
6000000033125501197
6000000033125541931
6000000033134492420
6000000033134544313
6000000033134597520
6000000033134684721
6000000033134848264
6000000033135098251
6000000033135203961
6000000033135289927
6000000033135405901
6000000033135507276
6000000033135551915
6000000033135778100
6000000033136093108
6000000033138962059
6000000033139166088
6000000033139556923
6000000033139557828
6000000033140223862
6000000033225808127
6000000033227241339
6000000033241928940
6000000033244662476
6000000033247011294
6000000033288465239
6000000033288486186
6000000033288541942
6000000033305465525
6000000033305530552
6000000033305899028
6000000033311089795
6000000033311394464
6000000033312455372
6000000033312798107
6000000033313695212
6000000033332986085
6000000033472606479
6000000033472797977
6000000033472816106
6000000033496081228
6000000033546352844
6000000033585110566
6000000033596794035
6000000033598768085
6000000033669096825
6000000033684588082
6000000033701822339
6000000033701865628
6000000033701993930
6000000033750216048
6000000033750265095
6000000033750269194
6000000033754814169
6000000033843947695
6000000033865116283
6000000033869909857
6000000033936838544
6000000033941702220
6000000034008434658
6000000034008763054
6000000034013672054
6000000034035751083
6000000034051207590
6000000034076938861
6000000034085585651
6000000034149533089
6000000034235811987
6000000034237929573
6000000034238193518
6000000034252076064
6000000034252553225
6000000034255211623
6000000034255211694
6000000034255327598
6000000034255489526
6000000034255774150
6000000034255962002
6000000034274972512
6000000034275460074
6000000034277564550
6000000034279831814
6000000034280024758
6000000034296269295
6000000034296283411
6000000034296399308
6000000034296631209
6000000034296698999
6000000034297148524
6000000034297593931
6000000034297677983
6000000034299302994
6000000034299481369
6000000034299505724
6000000034299805912
6000000034300037406
6000000034300215189
6000000034300435960
6000000034300486838
6000000034301003731
6000000034302897738
6000000034303212294
6000000034307481329
6000000034309017250
6000000034364089225
6000000034364257906
6000000034422677822
6000000034538798151
6000000034538888170
6000000034542314908
6000000034543434809
6000000034554689004
6000000034563233717
6000000034563233723
6000000034590789251
6000000034627051928
6000000034646437810
6000000034682194678
6000000034704132150
6000000034710469884
6000000034715641211
6000000034738775724
6000000034779048220
6000000034779112422
6000000034848798951
6000000034848881022
6000000034848910795
6000000034848995832
6000000034849557914
6000000034850252927
6000000034850491881
6000000034850539874
6000000034852034680
6000000034866532297
6000000034872798152
6000000034889390140
6000000034917653437
6000000034932752123
6000000034955442163
6000000034957165453
6000000034978335871
6000000034987244019
6000000034997636014
6000000034997728878
6000000034998590028
6000000034998728924
6000000035003976103
6000000035006005765
6000000035006785198
6000000035011760169
6000000035051591329
6000000035132848146
6000000035138004401
6000000035177761380
6000000035203674467
6000000035203822476
6000000035203844322
6000000035204076223
6000000035204138148
6000000035204292176
6000000035204450980
6000000035218147455
6000000035218337454
6000000035218400568
6000000035218564920
6000000035218690155
6000000035218736073
6000000035218754842
6000000035218756243
6000000035219804157
6000000035219876580
6000000035220309098
6000000035220453881
6000000035220744393
6000000035220777127
6000000035220958059
6000000035220960173
6000000035220994602
6000000035220995141
6000000035221053955
6000000035221103914
6000000035221155883
6000000035229234041
6000000035236572939
6000000035239962926
6000000035263093563
6000000035337687318
6000000035520747882
6000000035522555028
6000000035525387457
6000000035525393426
6000000035525469386
6000000035525833995
6000000035549150136
6000000035552970044
6000000035570924488
6000000035573113547
6000000035573175384
6000000035615176558
6000000035615181385
6000000035615245623
6000000035615279369
6000000035615387778
6000000035615409218
6000000035615416169
6000000035615437165
6000000035615470070
6000000035615578133
6000000035615584891
6000000035615604111
6000000035615632211
6000000035615663219
6000000035615696866
6000000035615768990
6000000035615810045
6000000035615980925
6000000035619162701
6000000035619341500
6000000035619403497
6000000035619545357
6000000035619632042
6000000035619765227
6000000035619869831
6000000035619959024
6000000035620071927
6000000035625660103
6000000035627359179
6000000035627870092
6000000035628230957
6000000035629165833
6000000035629535973
6000000035633079122
6000000035633207254
6000000035633234922
6000000035633253601
6000000035633255913
6000000035633297380
6000000035633388648
6000000035633397902
6000000035633432988
6000000035633502114
6000000035633693378
6000000035633774722
6000000035633830298
6000000035633847528
6000000035633883927
6000000035634295426
6000000035634793238
6000000035634860136
6000000035634983976
6000000035635116966
6000000035635286062
6000000035635523859
6000000035663332364
6000000035663402138
6000000035739246019
6000000035740212827
6000000035769326152
6000000035868908810
6000000035950519419
6000000035956804853
6000000035997984457
6000000035998642583
6000000035998734091
6000000036000234869
6000000036015060883
6000000036065036378
6000000036086246796
6000000036093264929
6000000036106645530
6000000036131849261
6000000036132064158
6000000036162243178
6000000036177278019
6000000036205241582
6000000036205452048
6000000036205464340
6000000036205506152
6000000036205562230
6000000036205738949
6000000036205799860
6000000036225365758
6000000036270456683
6000000036270504512
6000000036271265094
6000000036271340841
6000000036277599613
6000000036290500228
6000000036290768189
6000000036290790136
6000000036290933107
6000000036344845225
6000000036370516538
6000000036385161682
6000000036385746907
6000000036386279151
6000000036441039459
6000000036469603402
6000000036471656404
6000000036479042051
6000000036480123992
6000000036491439654
6000000036491784178
6000000036492711535
6000000036497522314
6000000036510070044
6000000036529937957
6000000036532575094
6000000036536082431
6000000036566411602
6000000036575867153
6000000036589347730
6000000036602932190
6000000036605512283
6000000036636136209
6000000036644504963
6000000036715520240
6000000036745070322
6000000036745384987
6000000036769478700
6000000036783133844
6000000036789077380
6000000036789179318
6000000036798613098
6000000036800132286
6000000036837546704
6000000036838246322
6000000036838331058
6000000036838410023
6000000036850725175
6000000036860998219
6000000036921228929
6000000036942047558
6000000036942879527
6000000036943020251
6000000036943360902
6000000036969544895
6000000036969935965
6000000036976105911
6000000037012032547
6000000037012410163
6000000037012617013
6000000037012629991
6000000037012792914
6000000037012797866
6000000037022874233
6000000037055354049
6000000037055547886
6000000037060375357
6000000037060601014
6000000037090031794
6000000037090162790
6000000037090198656
6000000037090224507
6000000037090272651
6000000037090405439
6000000037090410359
6000000037090516359
6000000037090537472
6000000037090542434
6000000037090597315
6000000037090611359
6000000037090649232
6000000037090742919
6000000037090753149
6000000037090877234
6000000037090924017
6000000037090929826
6000000037090998960
6000000037091035842
6000000037091073687
6000000037091117521
6000000037091143839
6000000037091155723
6000000037091237789
6000000037091250587
6000000037091390516
6000000037091392434
6000000037091432418
6000000037091435553
6000000037091501382
6000000037091526248
6000000037091570176
6000000037091609074
6000000037091617160
6000000037091620063
6000000037091660068
6000000037091673961
6000000037091701078
6000000037091723101
6000000037091724024
6000000037091724919
6000000037091756952
6000000037091803974
6000000037091813926
6000000037091818822
6000000037091939870
6000000037148793801
6000000037220216008
6000000037220350172
6000000037220385053
6000000037220459018
6000000037220553094
6000000037220751011
6000000037220800964
6000000037338648288
6000000037338733757
6000000037338745820
6000000037338939037
6000000037338940083
6000000037338973901
6000000037339003896
6000000037339016418
6000000037339110114
6000000037339136989
6000000037339407832
6000000037378098682
6000000037378141420
6000000037378155435
6000000037378162601
6000000037378193821
6000000037378285371
6000000037378491060
6000000037378608949
6000000037391435221
6000000037465876221
6000000037474216116
6000000037504355609
6000000037504490385
6000000037511932723
6000000037522376123
6000000037536568615
6000000037539601275
6000000037539964439
6000000037555251204
6000000037571305194
6000000037571364480
6000000037572908063
6000000037573017014
6000000037573267136
6000000037573322945
6000000037573370135
6000000037588595214
6000000037602562821
6000000037613535342
6000000037624537323
6000000037624878338
6000000037714529710
6000000037747685084
6000000037770346417
6000000037801897001
6000000037818617235
6000000037818853464
6000000037818855127
6000000037818914554
6000000037819081173
6000000037819851918
6000000037838600225
6000000037838719122
6000000037838981885
6000000037840034429
6000000037997172878
6000000038062045041
6000000038129253794
6000000038145479425
6000000038242580550
6000000038243216455
6000000038243383851
6000000038244734520
6000000038245211907
6000000038245360914
6000000038266659763
6000000038266865220
6000000038266986200
6000000038301808551
6000000038302634963
6000000038327129547
6000000038329918858
6000000038381649797
6000000038381892385
6000000038381957126
6000000038381959109
6000000038382095023
6000000038382110985
6000000038382172905
6000000038396173494
6000000038398276968
6000000038440398996
6000000038440624968
6000000038440767979
6000000038459044961
6000000038551891957
6000000038589664949
6000000038608919477
6000000038609013705
6000000038609039004
6000000038609221500
6000000038609337238
6000000038609603842
6000000038609604895
6000000038609657827
6000000038624181599
6000000038624671246
6000000038624959873
6000000038666253774
6000000038671835011
6000000038729025220
6000000038916636695
6000000038917282983
6000000038918100671
6000000038938122117
6000000038938291114
6000000038939559405
6000000038949751243
6000000038949975877
6000000038971249413
6000000038999588127
6000000039098413519
6000000039098686127
6000000039098814184
6000000039099698869
6000000039108761772
6000000039109028438
6000000039109034317
6000000039109164167
6000000039109199088
6000000039109654828
6000000039130820064
6000000039182794204
6000000039184609023
6000000039184901764
6000000039193511936
6000000039201660332
6000000039202003953
6000000039250605034
6000000039250714071
6000000039254410483
6000000039254541376
6000000039254553231
6000000039254584068
6000000039254673887
6000000039263649674
6000000039263789617
6000000039263802525
6000000039300861594
6000000039301271956
6000000039306886946
6000000039312600757
6000000039314366033
6000000039321286041
6000000039322542163
6000000039378687288
6000000039389901871
6000000039390656842
6000000039390659844
6000000039438853659
6000000039439126931
6000000039439154888
6000000039454000713
6000000039454329132
6000000039454467946
6000000039454550821
6000000039456617882
6000000039500905905
6000000039557945572
6000000039562852999
6000000039567674940
6000000039568198400
6000000039571596217
6000000039571649734
6000000039571652520
6000000039571708399
6000000039571771790
6000000039571978276
6000000039599931365
6000000039600156913
6000000039620719788
6000000039622000739
6000000039622139446
6000000039631362722
6000000039631519629
6000000039634655367
6000000039635529933
6000000039637463899
6000000039705026084
6000000039750327325
6000000039795190165
6000000039798057956
6000000039798312624
6000000039798808834
6000000039801398431
6000000039801483440
6000000039801670274
6000000039801913903
6000000039824881521
6000000039840633184
6000000039854891031
6000000039855045125
6000000039860713694
6000000039886210816
6000000039886356589
6000000039886503316
6000000039886558171
6000000039886696990
6000000039890431031
6000000039890480371
6000000039920175226
6000000039920239757
6000000039920686091
6000000039924594134
6000000039946989185
6000000039950646675
6000000039973906843
6000000040018283911
6000000040088146791
6000000040088273375
6000000040088442344
6000000040088574298
6000000040088698338
6000000040088742014
6000000040088804964
6000000040089348544
6000000040089350482
6000000040089509157
6000000040089732864
6000000040129106669
6000000040129314197
6000000040129392144
6000000040129458873
6000000040134316040
6000000040179684079
6000000040203571394
6000000040207253043
6000000040207342038
6000000040207791669
6000000040207876808
6000000040208012473
6000000040208550051
6000000040208864954
6000000040210110280
6000000040210221219
6000000040214580414
6000000040214737171
6000000040214946833
6000000040231752566
6000000040236886381
6000000040237058515
6000000040286588085
6000000040296863120
6000000040320078561
6000000040386325836
6000000040392370715
6000000040392600461
6000000040392733098
6000000040445650146
6000000040445706897
6000000040565827872
6000000040565874867
6000000040588894065
6000000040589307899
6000000040594327433
6000000040633559006
6000000040633578912
6000000040654261534
6000000040654484054
6000000040701314792
6000000040702571004
6000000040702768602
6000000040704172684
6000000040760707837
6000000040760740831
6000000040765629101
6000000040785076661
6000000040806858576
6000000040807085491
6000000040807091205
6000000040807136240
6000000040807150464
6000000040807168602
6000000040807220407
6000000040864848999
6000000040885040440
6000000040885201360
6000000040885275327
6000000040885277204
6000000040885311308
6000000040885402157
6000000040885508904
6000000040885530976
6000000040885567889
6000000040885568861
6000000040885604843
6000000040885634821
6000000040885645827
6000000040886450932
6000000040904793661
6000000040933158601
6000000040933248445
6000000040933404138
6000000040993593850
6000000040997282255
6000000040997710196
6000000041044307224
6000000041045064907
6000000041050652705
6000000041059910185
6000000041072904534
6000000041089498443
6000000041099323676
6000000041099368416
6000000041107578456
6000000041107752074
6000000041108083993
6000000041135157521
6000000041137782201
6000000041146037126
6000000041146214858
6000000041164525925
6000000041171186181
6000000041173665745
6000000041173856441
6000000041177653565
6000000041178118628
6000000041178178210
6000000041178278013
6000000041178287255
6000000041194363606
6000000041194372196
6000000041194468351
6000000041194517433
6000000041194540510
6000000041216606448
6000000041216658697
6000000041216713127
6000000041240847462
6000000041250085351
6000000041250483335
6000000041250686167
6000000041251263027
6000000041345264222
6000000041345387084
6000000041345416103
6000000041345518239
6000000041346295826
6000000041347106244
6000000041347284949
6000000041364678955
6000000041364803616
6000000041365058836
6000000041365953938
6000000041367277813
6000000041367360781
6000000041367413768
6000000041367498542
6000000041367746627
6000000041367843976
6000000041367876839
6000000041367901310
6000000041369593567
6000000041369779163
6000000041369823145
6000000041369850887
6000000041369894725
6000000041370027367
6000000041370195494
6000000041370205133
6000000041370234126
6000000041370316407
6000000041370398078
6000000041370436821
6000000041371065503
6000000041428286558
6000000041469921876
6000000041491054821
6000000041583151346
6000000041604951631
6000000041620703969
6000000041620738060
6000000041641873773
6000000041667210895
6000000041677530304
6000000041678328695
6000000041678355061
6000000041678355699
6000000041678477976
6000000041678492985
6000000041679046133
6000000041679073919
6000000041769479578
6000000041781701449
6000000041781819424
6000000041782235477
6000000041786374418
6000000041786721100
6000000041831416717
6000000041876874184
6000000041877015903
6000000041881680816
6000000041881881226
6000000041881950118
6000000041882017132
6000000041882054837
6000000041883638535
6000000041890645144
6000000041902632144
6000000041914193238
6000000041935202643
6000000041935654092
6000000041935710978
6000000041949679485
6000000041955833829
6000000041957505809
6000000041957591969
6000000041957765133
6000000041957787938
6000000041957961418
6000000041957963395
6000000041978745269
6000000041978793195
6000000041978816234
6000000041978868842
6000000042008487920
6000000042021220953
6000000042021255906
6000000042055937840
6000000042060281722
6000000042071380495
6000000042071669003
6000000042084464517
6000000042084481237
6000000042084555170
6000000042084688945
6000000042085069955
6000000042085087983
6000000042089691522
6000000042091675471
6000000042091845955
6000000042091871388
6000000042091882049
6000000042093112132
6000000042094789148
6000000042101263006
6000000042102574471
6000000042107585989
6000000042107933008
6000000042108092863
6000000042108497844
6000000042109854828
6000000042109940956
6000000042110086889
6000000042110097856
6000000042110610013
6000000042110659114
6000000042112578572
6000000042113270856
6000000042125738322
6000000042162462996
6000000042162599932
6000000042170868480
6000000042170878489
6000000042171199121
6000000042171242029
6000000042171304959
6000000042171324858
6000000042171376049
6000000042177795179
6000000042179547326
6000000042179962000
6000000042185915557
6000000042187252634
6000000042187630098
6000000042196132485
6000000042209139074
6000000042227096614
6000000042227998431
6000000042228153310
6000000042228173267
6000000042232255574
6000000042232461217
6000000042258841299
6000000042302821403
6000000042303148944
6000000042308762418
6000000042308886112
6000000042308910066
6000000042308916249
6000000042312699167
6000000042313167101
6000000042343243100
6000000042346135953
6000000042347195565
6000000042347446225
6000000042348099231
6000000042348445921
6000000042348478467
6000000042348645366
6000000042348920476
6000000042349417297
6000000042359623296
6000000042359841202
6000000042359898881
6000000042363984169
6000000042364077056
6000000042364148909
6000000042364188849
6000000042374406204
6000000042377290818
6000000042388767083
6000000042396007509
6000000042401969017
6000000042462092621
6000000042485343435
6000000042485678158
6000000042486666670
6000000042486951214
6000000042487112025
6000000042487146866
6000000042487218895
6000000042487221918
6000000042490557509
6000000042490850018
6000000042513701075
6000000042539514738
6000000042539975131
6000000042539981975
6000000042540030844
6000000042541589493
6000000042541720453
6000000042541762436
6000000042541900202
6000000042578017494
6000000042578329952
6000000042579273537
6000000042591965452
6000000042593356879
6000000042607601941
6000000042612556966
6000000042628149679
6000000042630122029
6000000042638906205
6000000042644926827
6000000042672435878
6000000042715948890
6000000042717334824
6000000042785327289
6000000042825304934
6000000042836124035
6000000042858567814
6000000042871380830
6000000042899943468
6000000042912118643
6000000042912442999
6000000042912505953
6000000042912823686
6000000042955361546
6000000042955777924
6000000043118573664
6000000043131090243
6000000043132348729
6000000043132599282
6000000043132780089
6000000043132783969
6000000043152914420
6000000043153343826
6000000043265443519
6000000043308394815
6000000043431277840
6000000043535731246
6000000043585729357
6000000043585942642
6000000043586159621
6000000043628965849
6000000043628980903
6000000043629002994
6000000043629025823
6000000043629712194
6000000043712845115
6000000043767741347
6000000043790522889
6000000043815150026
6000000043937116853
6000000043938734860
6000000044039991695
6000000044040961772
6000000044042695995
6000000044097587613
6000000044098148836
6000000044121468608
6000000044121506583
6000000044156801221
6000000044157207894
6000000044215778406
6000000044220362941
6000000044281725177
6000000044302201812
6000000044302321544
6000000044302325539
6000000044302501263
6000000044302539186
6000000044302584558
6000000044302698012
6000000044302762310
6000000044302835970
6000000044304256224
6000000044304286121
6000000044493704355
6000000044511123840
6000000044540455960
6000000044577574113
6000000044704876821
6000000044741913821
6000000044741947851
6000000044925256922
6000000044931778217
6000000045038059525
6000000045038154410
6000000045038468888
6000000045038492872
6000000045038533853
6000000045038564851
6000000045038742887
6000000045038839821
6000000045158864074
6000000045171401876
6000000045210662979
6000000045210778868
6000000045210889832
6000000045235085336
6000000045239516833
6000000045240636897
6000000045441799823
6000000045466851882
6000000045652025246
6000000045669548950
6000000045711527875
6000000045823947058
6000000045959424858
6000000045967595867
6000000045975201629
6000000045976860281
6000000045977071211
6000000045977104233
6000000045977180096
6000000045977310102
6000000045977353011
6000000045977569016
6000000045977653840
6000000045977845845
6000000045977918849
6000000046011440821
6000000046202013070
6000000046202013100
6000000046225596832
6000000046353812260
6000000046354191951
6000000046471024076
6000000046478745946
6000000046478759931
6000000046523762854
6000000046562723934
6000000046609029223
6000000046609202981
6000000046609560968
6000000046613473864
6000000046655504034
6000000046677789391
6000000046678073041
6000000046680352298
6000000046680611674
6000000046709126054
6000000046715625043
6000000046755293264
6000000046756019826
6000000046793718890
6000000046804035001
6000000046889555946
6000000046941506825
6000000046988814866
6000000046988837917
6000000047028501857
6000000047028749901
6000000047031968868
6000000047041531018
6000000047053122246
6000000047105368356
6000000047273775090
6000000047393377223
6000000047393676213
6000000047394369869
6000000047394791291
6000000047395592896
6000000047396475149
6000000047396521009
6000000047396534111
6000000047396558058
6000000047463925025
6000000047505418377
6000000047506164920
6000000047634706026
6000000047634777977
6000000047758769894
6000000047765946831
6000000047786893885
6000000047841030496
6000000047857288828
6000000047891809901
6000000047929086887
6000000047968541912
6000000047977463859
6000000047977590868
6000000047977741821
6000000047981079297
6000000047981931549
6000000047982516882
6000000048007693331
6000000048007979035
6000000048008602942
6000000048008609860
6000000048051913593
6000000048070737857
6000000048111997283
6000000048112446003
6000000048114876821
6000000048122805960
6000000048138874030
6000000048138904903
6000000048175445255
6000000048213916055
6000000048379834995
6000000048525631295
6000000048529908955
6000000048530259839
6000000048539549635
6000000048539947338
6000000048539962128
6000000048540045083
6000000048540064418
6000000048540091072
6000000048540096101
6000000048540192062
6000000048540215194
6000000048540248957
6000000048540269186
6000000048540274887
6000000048540283061
6000000048540306833
6000000048540383015
6000000048540426821
6000000048540427943
6000000048540506907
6000000048540522874
6000000048540551857
6000000048540597821
6000000048582608101
6000000048582986897
6000000048583002895
6000000048583087856
6000000048583126853
6000000048583147864
6000000048606468567
6000000048607634186
6000000048608508264
6000000048608707941
6000000048608855134
6000000048608906082
6000000048608993000
6000000048609051918
6000000048609088052
6000000048609257856
6000000048609412874
6000000048609771857
6000000048642351935
6000000048654267840
6000000048662153179
6000000048662552888
6000000048662563033
6000000048662997024
6000000048706113838
6000000048706662834
6000000048743148153
6000000048743299120
6000000048744755914
6000000048745025065
6000000048745058876
6000000048745140064
6000000048745248068
6000000048745387841
6000000048745554976
6000000048771968849
6000000048788082032
6000000048788184932
6000000048788284828
6000000048788437829
6000000048791316169
6000000048791999842
6000000048925806049
6000000048926414339
6000000048926736041
6000000048926898903
6000000049012527831
6000000049028054944
6000000049028614923
6000000049081280021
6000000049082053887
6000000049191571010
6000000049348770021
6000000049348915054
6000000049349352842
6000000049537463401
6000000049542079264
6000000049597655165
6000000049602926228
6000000049603437928
6000000049654268888
6000000049705161970
6000000049705240328
6000000049705343965
6000000049705358904
6000000049705536854
6000000049705785891
6000000049705818932
6000000049705818958
6000000049705882846
6000000049705910896
6000000049756645843
6000000049878664044
6000000049907722837
6000000049933604878
6000000049945622859
6000000049968979272
6000000050030080949
6000000050036899917
6000000050225876838
6000000050225962897
6000000050237598380
6000000050238492988
6000000050239103032
6000000050239232002
6000000050264023925
6000000050391819931
6000000050395470000
6000000050395470006
6000000050395470016
6000000050423073210
6000000050425647049
6000000050432688821
6000000050438990060
6000000050440556041
6000000050479438066
6000000050500669273
6000000050501434866
6000000050506069059
6000000050523203931
6000000050582116932
6000000050582303922
6000000050611051908
6000000050710053953
6000000050750342857
6000000050792017927
6000000050812248899
6000000050835979416
6000000050900911821
6000000050935947955
6000000050940028912
6000000050953313886
6000000051000538108
6000000051040029993
6000000051086810821
6000000051109831877
6000000051142238950
6000000051147351962
6000000051147368932
6000000051231247978
6000000051338419958
6000000051490667185
6000000051510221382
6000000051519892733
6000000051558525883
6000000051561504917
6000000051561657909
6000000051612628827
6000000051654061826
6000000051797071886
6000000051798033829
6000000051825195479
6000000051843671822
6000000051843771894
6000000051853413071
6000000051877132891
6000000051959350385
6000000051960200964
6000000051960394867
6000000051960429027
6000000051979398840
6000000051979500833
6000000051979893864
6000000051980037838
6000000051980175875
6000000052064452033
6000000052064784850
6000000052065408911
6000000052070297107
6000000052070389118
6000000052116696845
6000000052119172914
6000000052119855092
6000000052120459834
6000000052122445926
6000000052122457887
6000000052122811846
6000000052122833822
6000000052122836926
6000000052122886833
6000000052131542138
6000000052132326925
6000000052160723863
6000000052178149930
6000000052187832706
6000000052188312172
6000000052188463068
6000000052188494090
6000000052188624956
6000000052188708967
6000000052188730025
6000000052209779883
6000000052299455033
6000000052306780977
6000000052326861857
6000000052339848830
6000000052346814821
6000000052350433075
6000000052352020028
6000000052354599821
6000000052367684005
6000000052376608885
6000000052376892913
6000000052377060868
6000000052377408821
6000000052377834898
6000000052387780966
6000000052388141905
6000000052388175887
6000000052388650858
6000000052388771856
6000000052398426833
6000000052400852878
6000000052401613822
6000000052403136824
6000000052403355835
6000000052409295014
6000000052409580022
6000000052533150843
6000000052563778999
6000000052624545020
6000000052641541046
6000000052695024965
6000000052710742868
6000000052710803892
6000000052734094015
6000000052734275940
6000000052734458992
6000000052736782931
6000000052737125892
6000000052742080838
6000000052796698085
6000000052797068903
6000000052797462220
6000000052797479833
6000000052854939043
6000000052856412864
6000000052856448889
6000000052951248854
6000000052951607844
6000000052994345892
6000000053178244087
6000000053300657862
6000000053300952916
6000000053301028935
6000000053306877112
6000000053307160911
6000000053307297842
6000000053494903892
6000000053506009255
6000000053544737848
6000000053544848896
6000000053550916195
6000000053551039091
6000000053551156025
6000000053551166005
6000000053551198129
6000000053552985850
6000000053553628038
6000000053573763886
6000000053671495849
6000000053686716061
6000000053693847991
6000000053733525296
6000000053734902883
6000000053736691968
6000000053831604092
6000000053856457009
6000000053959180966
6000000053974665947
6000000053974927821
6000000054012502946
6000000054039463857
6000000054041960017
6000000054042170902
6000000054042346891
6000000054042397875
6000000054042411822
6000000054042438830
6000000054042523856
6000000054042538827
6000000054042836876
6000000054069381009
6000000054069701848
6000000054082402440
6000000054083084900
6000000054083439107
6000000054083490893
6000000054083541827
6000000054083616958
6000000054083688030
6000000054083766859
6000000054084200823
6000000054168793935
6000000054168811877
6000000054175954959
6000000054175957894
6000000054176029875
6000000054179571238
6000000054180213832
6000000054180986920
6000000054209048953
6000000054209879838
6000000054210266821
6000000054213099824
6000000054315550823
6000000054325364907
6000000054349869839
6000000054350254834
6000000054480587131
6000000054505516182
6000000054512575271
6000000054564132043
6000000054564435855
6000000054679567057
6000000054679699022
6000000054680084069
6000000054680594849
6000000054755271849
6000000054927177224
6000000054927694975
6000000054957345041
6000000054957784877
6000000054958408826
6000000054964143210
6000000054964710905
6000000054964871833
6000000054986676160
6000000054987827908
6000000054987836862
6000000054987928940
6000000054988038881
6000000054988951825
6000000055076025829
6000000055077545992
6000000055092186075
6000000055092251959
6000000055092262029
6000000055092295897
6000000055092439882
6000000055092479836
6000000055106958827
6000000055154726142
6000000055259208868
6000000055545638279
6000000055665835002
6000000055722408643
6000000055724056636
6000000055724538248
6000000055748271007
6000000055748530928
6000000055814994222
6000000055815243061
6000000055888430239
6000000055909030855
6000000055916851888
6000000055957964887
6000000055958018865
6000000056073401057
6000000056151207835
6000000056209523845
6000000056209610829
6000000056211541849
6000000056226446896
6000000056235078403
6000000056236950850
6000000056252542857
6000000056393410059
6000000056398346821
6000000056402037929
6000000056402279022
6000000056402509942
6000000056405308867
6000000056591010950
6000000056597824874
6000000056607757590
6000000056608336873
6000000056608456985
6000000056608657857
6000000056608975503
6000000056635820050
6000000056671088837
6000000056671694833
6000000056704877828
6000000056738523667
6000000056738728691
6000000056770116905
6000000056785275048
6000000056785446889
6000000056919377950
6000000056919499871
6000000057105436799
6000000057126463896
6000000057200945882
6000000057201055848
6000000057202105825
6000000057253603981
6000000057253672936
6000000057253879858
6000000057254908841
6000000057256543923
6000000057259553279
6000000057260013866
6000000057323812009
6000000057325242258
6000000057325498833
6000000057325562069
6000000057325731982
6000000057325736099
6000000057325973821
6000000057373905901
6000000057374671913
6000000057421477878
6000000057622197821
6000000057903625960
6000000058132835285
6000000058134774947
6000000058280470075
6000000058280721268
6000000058281021934
6000000058281790877
6000000058332290473
6000000058421850060
6000000058423711930
6000000058598594047
6000000058598977879
6000000058707889050
6000000058708753142
6000000058730932629
6000000058731165330
6000000058775146945
6000000059101170833
6000000059149258972
6000000059367074998
6000000059367269899
6000000059367372874
6000000059458201825
6000000059461280143
6000000059461954958
6000000059462982956
6000000059463319841
6000000059483186905
6000000059484044105
6000000059484142014
6000000059484164993
6000000059484203253
6000000059484249019
6000000059484306897
6000000059484578822
6000000059487260994
6000000059488004257
6000000059500038071
6000000059500489866
6000000059502018249
6000000059502421230
6000000059506090864
6000000059536548960
6000000059648780134
6000000059726235904
6000000059728533850
6000000059763681849
6000000059772480004
6000000059777152859
6000000059813177059
6000000059813515841
6000000059818350090
6000000059865563008
6000000059888596942
6000000059899745318
6000000059900748068
6000000059934267974
6000000059937585923
6000000060007055915
6000000060144711844
6000000060177777192
6000000060260088872
6000000060312686886
6000000060312690864
6000000060312695870
6000000060313669828
6000000060393458973
6000000060393624975
6000000060395598957
6000000060395744956
6000000060674154821
6000000060745534189
6000000060746013888
6000000060746476984
6000000060747401823
6000000060752054171
6000000060752912847
6000000060753698937
6000000060760150565
6000000060760694040
6000000060760707049
6000000060760749969
6000000060760951017
6000000060761029839
6000000060761324248
6000000060761694127
6000000060822201836
6000000060822328991
6000000060822942858
6000000060889710492
6000000060889777516
6000000060890232159
6000000060890241092
6000000060890331022
6000000060890399117
6000000060890418051
6000000060890607889
6000000060890630901
6000000060890688829
6000000060890721864
6000000061174235874
6000000061217949848
6000000061227719891
6000000061272734998
6000000061272907852
6000000061273975033
6000000061306001979
6000000061306225822
6000000061306397821
6000000061306536922
6000000061306725821
6000000061383358864
6000000061389710216
6000000061525336845
6000000061525431865
6000000061543887834
6000000061608990336
6000000061609217215
6000000061735716108
6000000062028871833
6000000062109584198
6000000062109677112
6000000062109695232
6000000062110104924
6000000062110108010
6000000062110218241
6000000062111468236
6000000062186784886
6000000062191292130
6000000062247412821
6000000062247543821
6000000062286065072
6000000062286329953
6000000062286343474
6000000062286366972
6000000062286386967
6000000062286610111
6000000062286623115
6000000062286665864
6000000062287276895
6000000062307917266
6000000062370192875
6000000062543434830
6000000062543861821
6000000062553473064
6000000062559790102
6000000062615805163
6000000062616286825
6000000062655661909
6000000062655713928
6000000062709352716
6000000062750658000
6000000062912936115
6000000062913549984
6000000062913676869
6000000062913893821
6000000062913936825
6000000063006087071
6000000063021714859
6000000063101664821
6000000063118569944
6000000063123766864
6000000063123793056
6000000063123811070
6000000063123853033
6000000063123936090
6000000063123966940
6000000063124005847
6000000063124014822
6000000063124083891
6000000063124116839
6000000063124120828
6000000063124160839
6000000063135623856
6000000063136599871
6000000063146776966
6000000063176723214
6000000063176723290
6000000063176918997
6000000063176962201
6000000063177073931
6000000063177141003
6000000063177191872
6000000063193974954
6000000063204779935
6000000063204938837
6000000063292148850
6000000063293174099
6000000063293599822
6000000063294891841
6000000063295273051
6000000063295445886
6000000063295801981
6000000063296154854
6000000063300979653
6000000063319526833
6000000063321531919
6000000063331272855
6000000063331295845
6000000063356859185
6000000063356944957
6000000063551750847
6000000063551864825
6000000063554968912
6000000063577614992
6000000063582718891
6000000063587242822
6000000063589686821
6000000063616775821
6000000063629142916
6000000063739844837
6000000063780411837
6000000063781355997
6000000063815388028
6000000063815780073
6000000063818784359
6000000063818793257
6000000063818886394
6000000063819051026
6000000063819384867
6000000063819544901
6000000063819632885
6000000063819675899
6000000063819730905
6000000063819868828
6000000063824546147
6000000063825469128
6000000064012615833
6000000064173000133
6000000064176064277
6000000064212671926
6000000064212711894
6000000064225861229
6000000064349490931
6000000064376980102
6000000064377970992
6000000064379720821
6000000064587404825
6000000064626872900
6000000064627541837
6000000064680550975
6000000064682065835
6000000064833411914
6000000064833587840
6000000064833789036
6000000064833935940
6000000064834463851
6000000064882733835
6000000065056045990
6000000065056306963
6000000065056377902
6000000065353504048
6000000065451165862
6000000065451379887
6000000065451586996
6000000065452075859
6000000065460574970
6000000065460802824
6000000065461738942
6000000065461831980
6000000065461833905
6000000065462095858
6000000065462124898
6000000065462205868
6000000065462629858
6000000065480598113
6000000065497623833
6000000065548197832
6000000065576478948
6000000065576533979
6000000065576562907
6000000065576585924
6000000065595082999
6000000065596017821
6000000065712231833
6000000065777214898
6000000065902928006
6000000065903320863
6000000065908110925
6000000065913564845
6000000065980662821
6000000065981036821
6000000065981143821
6000000065981261822
6000000065981660822
6000000065991527068
6000000066002183853
6000000066002199879
6000000066002329979
6000000066070448821
6000000066070572822
6000000066085754149
6000000066086169053
6000000066091281892
6000000066091456996
6000000066091534889
6000000066092380869
6000000066132092903
6000000066132331902
6000000066132483861
6000000066133149821
6000000066149296893
6000000066149843867
6000000066149893843
6000000066150026852
6000000066150221821
6000000066150248821
6000000066155740003
6000000066155925878
6000000066155972882
6000000066156236821
6000000066162188012
6000000066263754251
6000000066263901245
6000000066264217992
6000000066264487877
6000000066264516851
6000000066264526835
6000000066264650876
6000000066270482479
6000000066271014176
6000000066271302979
6000000066271562830
6000000066271625824
6000000066284749824
6000000066284816886
6000000066284860821
6000000066284912825
6000000066286405900
6000000066359644823
6000000066360832944
6000000066361144822
6000000066361342918
6000000066361493851
6000000066363050119
6000000066363483067
6000000066363788970
6000000066363910871
6000000066363965955
6000000066364059862
6000000066364071823
6000000066376990871
6000000066377026821
6000000066377115928
6000000066377148897
6000000066377267849
6000000066377267883
6000000066377272877
6000000066464232459
6000000066464983130
6000000066465175101
6000000066465236859
6000000066465273982
6000000066465288828
6000000066465369860
6000000066467239276
6000000066467995976
6000000066468585890
6000000066546190894
6000000066546237850
6000000066546311822
6000000066546325881
6000000066546418821
6000000066594778910
6000000066595113932
6000000066595813866
6000000066595985821
6000000066600079963
6000000066600374847
6000000066601497072
6000000066601548838
6000000066602202059
6000000066602716889
6000000066602973965
6000000066609341855
6000000066761374946
6000000066761784836
6000000066761888876
6000000066762867890
6000000066763149826
6000000066765711127
6000000066765717883
6000000066766062963
6000000066833893017
6000000067045743836
6000000067252071854
6000000067398291875
6000000067459324821
6000000067475341262
6000000067475510852
6000000067475950954
6000000067502097107
6000000067535829821
6000000067648104886
6000000067649370122
6000000067650061829
6000000067650408821
6000000067651684888
6000000067651797834
6000000067652277944
6000000067681633932
6000000067682027822
6000000067682092821
6000000067856826846
6000000068036522056
6000000068229075956
6000000068229353847
6000000068230026845
6000000068367588260
6000000068367656100
6000000068367813993
6000000068367908994
6000000068367915844
6000000068367952114
6000000068368012990
6000000068368056910
6000000068368089821
6000000068368089918
6000000068368115876
6000000068368145012
6000000068368150918
6000000068368280011
6000000068368351077
6000000068368431948
6000000068368447003
6000000068368471106
6000000068368558941
6000000068368662868
6000000068368680983
6000000068368690909
6000000068368720886
6000000068368797833
6000000068368883208
6000000068368966833
6000000068368995903
6000000068369307915
6000000068369311886
6000000068369473827
6000000068369647850
6000000068369727832
6000000068369855946
6000000068369972012
6000000068370246866
6000000068374546101
6000000068374647943
6000000068383942024
6000000068384437920
6000000068384473821
6000000068384587018
6000000068384605064
6000000068384700831
6000000068384746950
6000000068384811877
6000000068648486856
6000000068757426247
6000000068758310060
6000000069147502949
6000000069147953879
6000000069368897243
6000000069369207970
6000000069369314872
6000000069369504826
6000000069371462044
6000000069371463990
6000000069371578832
6000000069372983920
6000000069374406879
6000000069374613003
6000000069374640924
6000000069374684989
6000000069374975952
6000000069375067914
6000000069375180961
6000000069466362236
6000000069543895956
6000000069545253921
6000000069848255834
6000000069901132828
6000000069939628838
6000000069941144629
6000000069941440183
6000000069941824937
6000000069942218821
6000000069993978285
6000000069994396050
6000000070082534092
6000000070156017821
6000000070156020864
6000000070187380828
6000000070195449973
6000000070238328826
6000000070262119979
6000000070262327940
6000000070264828987
6000000070311399902
6000000070321855972
6000000070488106032
6000000070557631554
6000000070558037864
6000000070558159164
6000000070558342081
6000000070558453095
6000000070558620935
6000000070558722881
6000000070558748123
6000000070558871052
6000000070559010946
6000000070559017826
6000000070788866939
6000000070789875827
6000000070789978821
6000000070947642129
6000000070960751279
6000000070960996453
6000000070961153216
6000000070961278108
6000000070961530960
6000000070961543024
6000000070961545871
6000000070961637024
6000000070961754979
6000000070961773827
6000000070961793962
6000000070961802870
6000000070961964863
6000000071016729511
6000000071017594946
6000000071017617992
6000000071021700845
6000000071021736859
6000000071022346196
6000000071023274415
6000000071023354248
6000000071023417166
6000000071023425930
6000000071023773916
6000000071023819885
6000000071028837604
6000000071028996251
6000000071076668837
6000000071187960869
6000000071189690839
6000000071211311821
6000000071211875895
6000000071217743948
6000000071219060866
6000000071219256831
6000000071258957822
6000000071259132430
6000000071260138180
6000000071260165945
6000000071260480936
6000000071260540066
6000000071260618994
6000000071260623840
6000000071260717092
6000000071260747124
6000000071260827005
6000000071261069848
6000000071261105966
6000000071261490493
6000000071261664191
6000000071262198942
6000000071262222030
6000000071262259916
6000000071262382895
6000000071265209822
6000000071265494849
6000000071265518054
6000000071265762886
6000000071265891843
6000000071301626649
6000000071301700530
6000000071302047040
6000000071302243026
6000000071302339143
6000000071302487901
6000000071417923100
6000000071465829307
6000000071473170042
6000000071473248000
6000000071498527943
6000000071499230840
6000000071516683840
6000000071542011009
6000000071542062007
6000000071542448850
6000000071542538822
6000000071552149300
6000000071620824296
6000000071620834400
6000000071621441827
6000000071653249848
6000000071653542852
6000000071661279313
6000000071663020871
6000000071764880648
6000000071765019962
6000000071765080919
6000000071765113019
6000000071765208979
6000000071765333914
6000000071765478383
6000000071765495825
6000000071765769147
6000000071766352929
6000000071766360240
6000000071766410880
6000000071766614013
6000000071766853826
6000000071767019859
6000000071767092935
6000000071767125232
6000000071767347968
6000000071767398845
6000000071767643830
6000000071768187852
6000000071768342914
6000000071768584821
6000000071770038821
6000000071785459414
6000000071785671373
6000000071785715006
6000000071785742585
6000000071785749931
6000000071785918910
6000000071785950003
6000000071785950898
6000000071785955001
6000000071785979923
6000000071785991828
6000000071786033964
6000000071786217898
6000000071791063482
6000000071792386950
6000000071794039863
6000000071794076870
6000000071794300916
6000000071822206151
6000000071823152997
6000000071824002822
6000000071825577867
6000000071827374850
6000000071827376847
6000000071827442845
6000000071827714821
6000000071837440852
6000000071837747872
6000000071838044843
6000000071842321822
6000000071843003824
6000000071843454821
6000000071846919821
6000000071847195825
6000000071852724279
6000000071853395935
6000000071853618847
6000000071853885785
6000000071854073974
6000000071854602225
6000000071855043416
6000000071855180161
6000000071855226838
6000000071855259260
6000000071855273119
6000000071855369127
6000000071855386509
6000000071855680004
6000000071855714009
6000000071855742992
6000000071855934100
6000000071855943072
6000000071856039042
6000000071856097224
6000000071856339059
6000000071856389909
6000000071856432919
6000000071871089471
6000000071871367357
6000000071871842060
6000000071871885075
6000000071871999971
6000000071891122867
6000000072033907827
6000000072034118335
6000000072034195087
6000000072034229123
6000000072179033092
6000000072307475886
6000000072309692888
6000000072309905821
6000000072351796062
6000000072352706990
6000000072353067972
6000000072354136867
6000000072421013062
6000000072421225886
6000000072421335937
6000000072436600927
6000000072566966835
6000000072567301833
6000000072594767821
6000000072595016860
6000000072595218972
6000000072599745835
6000000072599862951
6000000072599862992
6000000072600305897
6000000072601271860
6000000072625269665
6000000072628243999
6000000072795718287
6000000072801392106
6000000072818124160
6000000072818379959
6000000072818456243
6000000072818909825
6000000072885107979
6000000072921969108
6000000072923917827
6000000072924440886
6000000072924717829
6000000072932647821
6000000072932723823
6000000072933968833
6000000072936930826
6000000072939214821
6000000072942195825
6000000072942412845
6000000072952337821
6000000072952461821
6000000072957662865
6000000072958276821
6000000072958752875
6000000072961607842
6000000072962073961
6000000072963018045
6000000072963604900
6000000072963809823
6000000072963870898
6000000072984461096
6000000072984828017
6000000072984858972
6000000073008113078
6000000073028727833
6000000073030803824
6000000073031921831
6000000073035077828
6000000073035356821
6000000073052195138
6000000073052243116
6000000073052354540
6000000073052370014
6000000073052433176
6000000073052515845
6000000073052580974
6000000073052620971
6000000073052771195
6000000073052819822
6000000073052851855
6000000073052947897
6000000073052999929
6000000073053017833
6000000073053055958
6000000073053504340
6000000073053657982
6000000073053659269
6000000073053697980
6000000073053747942
6000000073053845942
6000000073053934887
6000000073054555960
6000000073054556068
6000000073054651878
6000000073054710966
6000000073055178903
6000000073066460876
6000000073117846181
6000000073118748081
6000000073118827233
6000000073118887080
6000000073118972997
6000000073118974020
6000000073119390942
6000000073119478893
6000000073119625831
6000000073137579127
6000000073138617835
6000000073138691880
6000000073151532887
6000000073151703828
6000000073154061821
6000000073154187825
6000000073163847821
6000000073164021821
6000000073173120909
6000000073182035878
6000000073182728408
6000000073182945965
6000000073183271194
6000000073184105145
6000000073184193127
6000000073184781911
6000000073219242500
6000000073225847113
6000000073495653283
6000000073495909100
6000000073524419544
6000000073555622860
6000000073555735859
6000000073637952156
6000000073639210856
6000000073807525378
6000000073851163371
6000000073851837945
6000000074300723511
6000000074308038821
6000000074391024823
6000000074746875003
6000000074747843066
6000000074748214848
6000000074771065974
6000000074783609313
6000000074804050189
6000000074804175000
6000000074804204827
6000000074804289866
6000000074804326068
6000000074831170927
6000000074904369868
6000000074975402823
6000000074979609821
6000000074983442886
6000000074984404821
6000000074991229095
6000000074991446037
6000000074992121981
6000000075037361168
6000000075037768855
6000000075055621985
6000000075055831860
6000000075245538089
6000000075246152053
6000000075259285822
6000000075299185889
6000000075303107928
6000000075303152835
6000000075303876511
6000000075303888388
6000000075304316911
6000000075304327834
6000000075308798871
6000000075308985157
6000000075320513135
6000000075320771002
6000000075321796231
6000000075322111008
6000000075325716857
6000000075327286466
6000000075327456459
6000000075328021088
6000000075328455914
6000000075328506865
6000000075328527844
6000000075328531871
6000000075333145082
6000000075333527838
6000000075333564821
6000000075333963836
6000000075337633126
6000000075337931944
6000000075344571068
6000000075344936942
6000000075345167839
6000000075345197833
6000000075345602836
6000000075367837896
6000000075368013857
6000000075368107880
6000000075368771850
6000000075368822831
6000000075372508837
6000000075372548844
6000000075428297999
6000000075428471879
6000000075429136842
6000000075431365840
6000000075433223822
6000000075433339850
6000000075433725821
6000000075433804879
6000000075433861822
6000000075437131844
6000000075439754824
6000000075471603821
6000000075472393821
6000000075472747821
6000000075473278104
6000000075483884110
6000000075484455991
6000000075484493017
6000000075484526889
6000000075497726893
6000000075581166054
6000000075581333961
6000000075581790881
6000000075589304018
6000000075589374306
6000000075589510321
6000000075590023370
6000000075590125856
6000000075590310894
6000000075590547875
6000000075592249005
6000000075592675932
6000000075592787827
6000000075618117828
6000000075622551884
6000000075622821821
6000000075622993842
6000000075641023950
6000000075642948831
6000000075683952945
6000000075688517911
6000000075688532859
6000000075688562833
6000000075688710862
6000000075709539979
6000000075709566917
6000000075710004006
6000000075710197846
6000000075710804854
6000000075714868993
6000000075715197877
6000000075715237858
6000000075715452825
6000000075715544873
6000000075715646999
6000000075715752844
6000000075716410880
6000000075716410886
6000000075716868833
6000000075716983821
6000000075885201291
6000000075931950207
6000000075952808828
6000000075955587838
6000000075964587821
6000000075964669899
6000000075965143065
6000000075965674200
6000000075973569860
6000000075974046989
6000000075982101013
6000000075995108074
6000000075995216194
6000000075997136924
6000000076097382869
6000000076155972683
6000000076160666395
6000000076237655606
6000000076247821913
6000000076247961863
6000000076259082833
6000000076261765873
6000000076273744833
6000000076463318111
6000000076464378101
6000000076464514961
6000000076476162829
6000000076538834828
6000000076539128821
6000000076545243977
6000000076546883956
6000000076618361326
6000000076637154034
6000000076637363927
6000000076638037849
6000000076638165858
6000000076670812042
6000000076777762988
6000000076851578760
6000000076851637659
6000000076910611204
6000000076910792307
6000000076964140822
6000000077068851053
6000000077068859085
6000000077069062912
6000000077123496520
6000000077124588948
6000000077136989085
6000000077192120268
6000000077192228068
6000000077192628927
6000000077199905704
6000000077226208006
6000000077299641530
6000000077312955730
6000000077312960545
6000000077313031652
6000000077313785061
6000000077313878152
6000000077314068171
6000000077314884505
6000000077315661871
6000000077486667633
6000000077487842926
6000000077488738741
6000000077489382019
6000000077489431142
6000000077491051111
6000000077491362242
6000000077491510037
6000000077513007845
6000000077649625509
6000000077762121855
6000000077848202481
6000000077849307078
6000000077849547072
6000000077909839206
6000000077910760950
6000000078006145810
6000000078006319507
6000000078079929441
6000000078109937693
6000000078110407522
6000000078130114167
6000000078130144178
6000000078130232274
6000000078130257203
6000000078131661420
6000000078132032052
6000000078144525581
6000000078149623173
6000000078149838312
6000000078149972803
6000000078152489560
6000000078166054921
6000000078167620414
6000000078168868403
6000000078169022849
6000000078169033835
6000000078171454221
6000000078175937985
6000000078207827212
6000000078246739441
6000000078246757395
6000000078252774036
6000000078280140887
6000000078280200867
6000000078309999183
6000000078313784446
6000000078313879215
6000000078313968707
6000000078314414913
6000000078314529886
6000000078314823078
6000000078340531118
6000000078341054033
6000000078341413014
6000000078341970887
6000000078342355864
6000000078342421898
6000000078344978534
6000000078345268902
6000000078345943892
6000000078348578845
6000000078360485891
6000000078362231638
6000000078362938202
6000000078363074783
6000000078363331992
6000000078364247317
6000000078364363818
6000000078365234056
6000000078365292996
6000000078365307071
6000000078365710821
6000000078369690038
6000000078403719947
6000000078405832949
6000000078411623451
6000000078412435402
6000000078413115870
6000000078430630954
6000000078430782870
6000000078444992022
6000000078482035635
6000000078484006381
6000000078507587240
6000000078515919889
6000000078562269983
6000000078578943245
6000000078595241074
6000000078619291183
6000000078631698930
6000000078635704059
6000000078636431883
6000000078636469883
6000000078636667821
6000000078638789329
6000000078638810109
6000000078639298868
6000000078644175370
6000000078644592066
6000000078644723396
6000000078645497565
6000000078646048964
6000000078683510114
6000000078684498997
6000000078684638900
6000000078684648068
6000000078685098969
6000000078685247851
6000000078685271821
6000000078685371821
6000000078685602833
6000000078685777827
6000000078734311760
6000000078735308103
6000000078735800838
6000000078807708082
6000000078823372968
6000000078827710821
6000000078845171859
6000000078845648214
6000000078845958832
6000000078873859339
6000000078875140540
6000000078875165612
6000000078875849989
6000000078882930826
6000000078950852922
6000000078951052889
6000000078951236891
6000000078951253975
6000000078951568835
6000000079000938903
6000000079001403717
6000000079012652272
6000000079029694168
6000000079054355150
6000000079066564554
6000000079086113266
6000000079086392010
6000000079110552078
6000000079186414501
6000000079186621661
6000000079187347875
6000000079250592882
6000000079276310138
6000000079290729987
6000000079406551211
6000000079406612284
6000000079417828413
6000000079451210072
6000000079480938035
6000000079775133856
6000000079799168528
6000000079799524244
6000000079799779994
6000000079799779998
6000000079799780002
6000000079799780006
6000000079805103320
6000000079826170867
6000000079865301097
6000000079865489013
6000000079890113003
6000000079891165825
6000000079895607149
6000000079932445829
6000000079941156640
6000000079942964829
6000000079943397968
6000000080002744704
6000000080003501639
6000000080003680412
6000000080003810730
6000000080004331330
6000000080005099821
6000000080057983202
6000000080058093803
6000000080058329494
6000000080058535836
6000000080058537313
6000000080058596368
6000000080058634498
6000000080058941073
6000000080059053091
6000000080059295956
6000000080059403878
6000000080117603855
6000000080333039634
6000000080333727903
6000000080465813128
6000000080591551897
6000000080591585875
6000000080839029042
6000000080887936330
6000000080888150446
6000000080888226993
6000000080888521094
6000000080889045905
6000000080891198964
6000000080891346972
6000000080989957954
6000000081001306233
6000000081012512960
6000000081022808862
6000000081038766842
6000000081064397347
6000000081064770178
6000000081075969786
6000000081112066391
6000000081113044219
6000000081113148225
6000000081128240173
6000000081222566829
6000000081243398698
6000000081244579944
6000000081254192160
6000000081279664210
6000000081295424071
6000000081297682875
6000000081319615948
6000000081357363544
6000000081357635523
6000000081358369305
6000000081358425230
6000000081358458251
6000000081358490020
6000000081358520979
6000000081358819091
6000000081358853960
6000000081359037050
6000000081359120186
6000000081359215126
6000000081359430998
6000000081370250420
6000000081370978914
6000000081376759984
6000000081377003892
6000000081387628445
6000000081391561149
6000000081429991439
6000000081499590846
6000000081501854912
6000000081528812391
6000000081529013691
6000000081529039762
6000000081529181624
6000000081529498221
6000000081529604147
6000000081529666236
6000000081529684204
6000000081529755121
6000000081529850113
6000000081529861057
6000000081529918022
6000000081530092937
6000000081550326136
6000000081550373196
6000000081550403904
6000000081550448235
6000000081550467292
6000000081550530976
6000000081550677049
6000000081551053388
6000000081551963956
6000000081552824235
6000000081553289212
6000000081563555960
6000000081563602908
6000000081599641091
6000000081605033101
6000000081608204038
6000000081609098833
6000000081655821286
6000000081690680943
6000000081692114847
6000000081692769821
6000000081695316924
6000000081695382834
6000000081696426977
6000000081696477906
6000000081697052038
6000000081697279836
6000000081709616443
6000000081712706716
6000000081729286896
6000000081730836875
6000000081731880246
6000000081773703358
6000000081775130924
6000000081775192908
6000000081775808834
6000000081776394220
6000000081776408879
6000000081776882860
6000000081777652170
6000000081777713841
6000000081777789174
6000000081778102003
6000000081778218821
6000000081778307038
6000000081780920991
6000000081799697245
6000000081801534011
6000000081805487932
6000000081807139046
6000000081811656207
6000000081847113882
6000000081853390754
6000000081925267264
6000000081925768980
6000000081930858853
6000000081973006097
6000000081973734839
6000000081983296592
6000000081984148085
6000000081984593872
6000000081989791854
6000000081990203999
6000000081990221822
6000000081990308876
6000000081991886969
6000000081992032838
6000000082001994196
6000000082002188999
6000000082002379859
6000000082019058670
6000000082019464122
6000000082019621264
6000000082020010869
6000000082021188198
6000000082048426821
6000000082048743974
6000000082048841842
6000000082048943839
6000000082049507838
6000000082049802880
6000000082050111901
6000000082050189882
6000000082050770855
6000000082051585872
6000000082051715853
6000000082073560352
6000000082074372009
6000000082074890879
6000000082074944989
6000000082075516845
6000000082075624871
6000000082075974831
6000000082249393961
6000000082323534022
6000000082323969284
6000000082328190239
6000000082331010079
6000000082331212050
6000000082346403454
6000000082349514998
6000000082435057895
6000000082494627220
6000000082526084655
6000000082558087156
6000000082560674931
6000000082560920871
6000000082561048889
6000000082579956162
6000000082625968130
6000000082626114289
6000000082626510294
6000000082627017986
6000000082661197847
6000000082663076869
6000000082697384161
6000000082715277821
6000000082715396821
6000000082744278271
6000000082744845915
6000000082812967017
6000000082879351840
6000000082879589130
6000000082936550780
6000000082946295009
6000000082951214842
6000000083007722946
6000000083041835597
6000000083041852680
6000000083042036618
6000000083042254006
6000000083042271419
6000000083042300528
6000000083042384011
6000000083042397002
6000000083042414264
6000000083042470336
6000000083042487898
6000000083042559821
6000000083042841028
6000000083065410188
6000000083072935969
6000000083129729874
6000000083130837854
6000000083165240525
6000000083165580279
6000000083165636095
6000000083181569953
6000000083246893348
6000000083248781721
6000000083266208551
6000000083267935099
6000000083268679875
6000000083271343714
6000000083302341963
6000000083356553022
6000000083356877828
6000000083478499023
6000000083500956501
6000000083501784891
6000000083541328799
6000000083541584682
6000000083542029866
6000000083542222821
6000000083606461462
6000000083709032971
6000000083709193917
6000000083710021326
6000000083727353044
6000000083727502051
6000000083728170821
6000000083743699558
6000000083744009371
6000000083744221420
6000000083744637211
6000000083747559243
6000000083747661104
6000000083747972007
6000000083748327916
6000000083762061968
6000000083762483821
6000000083763107436
6000000083763298179
6000000083763326385
6000000083763921047
6000000083763923209
6000000083764253130
6000000083764322034
6000000083764483080
6000000083764574924
6000000083764756957
6000000083764839922
6000000083764842899
6000000083765359036
6000000083766257626
6000000083766373784
6000000083766459814
6000000083766734060
6000000083766836196
6000000083766864341
6000000083767029162
6000000083767150002
6000000083767246099
6000000083767284075
6000000083767387945
6000000083767417956
6000000083767532831
6000000083767552933
6000000083767780866
6000000083768038183
6000000083768099429
6000000083768212319
6000000083768404941
6000000083768566127
6000000083768609061
6000000083768762901
6000000083768798861
6000000083769448141
6000000083769866871
6000000083772791968
6000000083775020592
6000000083775024664
6000000083775117407
6000000083775705351
6000000083775896182
6000000083776137049
6000000083776315850
6000000083787266487
6000000083789074194
6000000083789407953
6000000083793444135
6000000083796049414
6000000083797154869
6000000083818177804
6000000083819744036
6000000083819890877
6000000083819907040
6000000083819965999
6000000083821300374
6000000083821318323
6000000083821556359
6000000083821631355
6000000083821664377
6000000083821919069
6000000083821944299
6000000083822192903
6000000083822229830
6000000083822812099
6000000083823047836
6000000083824490540
6000000083839087388
6000000083840932063
6000000083841276984
6000000083842636637
6000000083851152856
6000000083851638827
6000000083853242855
6000000083853629945
6000000083862762902
6000000083863381378
6000000083874358641
6000000083875596905
6000000083875642833
6000000083875642877
6000000083964869897
6000000083965615156
6000000083995490406
6000000083996149453
6000000083997620980
6000000083997708999
6000000083997933939
6000000083998124886
6000000083999036193
6000000083999910393
6000000084000459420
6000000084021296935
6000000084024809176
6000000084054452864
6000000084054502838
6000000084101747902
6000000084332952045
6000000084435067858
6000000084443872768
6000000084446617029
6000000084446835873
6000000084456698136
6000000084458282850
6000000084459026129
6000000084510823600
6000000084510876408
6000000084511024290
6000000084511242012
6000000084511640867
6000000084567424958
6000000084568041885
6000000084580463089
6000000084580888266
6000000084582573894
6000000084610335018
6000000084610471854
6000000084611103554
6000000084612312387
6000000084612586234
6000000084613270977
6000000084613319889
6000000084648044421
6000000084650059922
6000000084671600312
6000000084672572824
6000000084672752216
6000000084673293821
6000000084673619444
6000000084765942836
6000000084816046863
6000000084825305182
6000000084830599099
6000000085000528996
6000000085054829908
6000000085116481282
6000000085140077936
6000000085151086140
6000000085154223992
6000000085211256849
6000000085219147822
6000000085285515124
6000000085294078859
6000000085325210142
6000000085348849158
6000000085349433886
6000000085398237098
6000000085398296115
6000000085398642000
6000000085398803856
6000000085398913943
6000000085481822170
6000000085544829056
6000000085547165993
6000000085627554401
6000000085627893177
6000000085824132821
6000000085975975071
6000000085976593977
6000000085977642886
6000000085977670094
6000000085977932837
6000000086055555055
6000000086055750896
6000000086170953077
6000000086171392944
6000000086432066042
6000000086459077907
6000000086474906193
6000000086591450944
6000000086597627987
6000000086618163822
6000000086667034857
6000000086688747879
6000000086691580896
6000000086856512948
6000000086858439980
6000000086858815908
6000000086858927841
6000000086858940882
6000000086863154854
6000000086895973163
6000000086897018947
6000000086900564859
6000000087165491847
6000000087176743974
6000000087176922975
6000000087176929099
6000000087177139895
6000000087177215877
6000000087177298872
6000000087177589869
6000000087323729905
6000000087324058874
6000000087428640012
6000000087429856840
6000000087453090977
6000000087468301861
6000000087468806844
6000000087502416112
6000000087526604879
6000000087535357291
6000000087674257958
6000000087674474054
6000000087741214926
6000000087855738927
6000000087899342200
6000000087899849064
6000000087899888009
6000000087900467870
6000000087903356316
6000000087903806240
6000000087904702857
6000000087904765910
6000000088371400911
6000000088371570858
6000000088372900821
6000000088388694842
6000000088515639151
6000000088516333907
6000000088580951823
6000000088600175028
6000000088750204421
6000000088752217821
6000000088820085922
6000000089082089110
6000000089117121821
6000000089134813916
6000000089140608005
6000000089141178845
6000000089141198908
6000000089141527885
6000000089141800898
6000000089141819882
6000000089142031831
6000000089153852884
6000000089154021857
6000000089155051884
6000000089171704992
6000000089171988019
6000000089204031944
6000000089211397842
6000000089211774370
6000000089213581766
6000000089214603973
6000000089215015867
6000000089337807852
6000000089337924821
6000000089417896976
6000000089418311903
6000000089481478891
6000000089481629821
6000000089482885269
6000000089484051073
6000000089484108973
6000000089484371984
6000000089574639076
6000000089574766839
6000000089574849871
6000000089625405842
6000000089625793884
6000000089798438550
6000000089821469835
6000000089821713852
6000000089824051242
6000000089825860878
6000000089825945964
6000000089826021891
6000000089826035933
6000000089859872927
6000000089903273945
6000000090019441086
6000000090073926821
6000000090080428076
6000000090081769053
6000000090183079848
6000000090183251864
6000000090231404394
6000000090231513248
6000000090391874265
6000000090396343126
6000000090396766975
6000000090412375881
6000000090446704835
6000000090455160967
6000000090521088844
6000000090549366939
6000000090599009062
6000000090599273994
6000000090599529928
6000000090599996821
6000000090612245908
6000000090612656821
6000000090612936106
6000000090613101220
6000000090613285232
6000000090613803873
6000000090614116980
6000000090614344884
6000000090614464910
6000000090614677841
6000000090614696890
6000000090614812841
6000000090614920903
6000000090634880821
6000000090671844511
6000000090673168980
6000000090673331057
6000000090673390038
6000000090673538926
6000000090673653074
6000000090673721908
6000000090674115924
6000000090674245891
6000000090674795881
6000000090691167062
6000000090723228654
6000000090724099279
6000000090724118457
6000000090725171947
6000000090725695069
6000000090725953952
6000000090726022844
6000000090726774888
6000000090726807848
6000000090811993356
6000000090868025079
6000000090908493898
6000000090948818875
6000000090949049030
6000000090949532972
6000000090950026833
6000000090973771042
6000000090975057863
6000000091017636828
6000000091020289868
6000000091022919004
6000000091023534921
6000000091026399060
6000000091078501821
6000000091078725831
6000000091081167821
6000000091081204829
6000000091113808821
6000000091144716982
6000000091228965439
6000000091231858303
6000000091252963856
6000000091253377861
6000000091255500821
6000000091345663829
6000000091348679263
6000000091350636959
6000000091377522408
6000000091377621049
6000000091377990038
6000000091378691935
6000000091378983863
6000000091387347000
6000000091525003065
6000000091525536068
6000000091525814902
6000000091526322958
6000000091526339970
6000000091526491838
6000000091526612901
6000000091601992357
6000000091604096360
6000000091604756821
6000000091605379281
6000000091606712077
6000000091608083032
6000000091608814928
6000000091609869945
6000000091610255175
6000000091634114365
6000000091636927899
6000000091638078185
6000000091638468032
6000000091638535031
6000000091638610009
6000000091638743003
6000000091640896849
6000000091640896863
6000000091640896866
6000000091640896869
6000000091643013841
6000000091674130913
6000000091677679850
6000000091727967007
6000000091813116229
6000000091823051725
6000000091832191920
6000000091832791870
6000000091832812900
6000000091832975852
6000000091833012856
6000000091833378831
6000000091833585982
6000000091833857861
6000000091919165833
6000000091974921126
6000000091980683843
6000000091980981844
6000000091982227979
6000000091982416858
6000000091982752821
6000000091985357150
6000000091986594915
6000000091986742940
6000000091995250821
6000000092096375251
6000000092112438884
6000000092112816826
6000000092114374363
6000000092114830872
6000000092116019888
6000000092371545821
6000000092376458832
6000000092399949821
6000000092400190821
6000000092400812848
6000000092401079821
6000000092401321821
6000000092401582823
6000000092489332979
6000000092524663821
6000000092582113590
6000000092583162834
6000000092603392958
6000000092622822846
6000000092622887941
6000000092625553891
6000000092626958018
6000000092627795865
6000000092677119090
6000000092678324829
6000000092678590892
6000000092684175310
6000000092688335916
6000000092909848159
6000000093339797114
6000000093499935146
6000000093562423457
6000000093563533868
6000000093565091014
6000000093599019896
6000000093692525416
6000000093692667437
6000000093693756289
6000000093695415001
6000000093695532042
6000000093991023906
6000000094167613899
6000000094197630857
6000000094314539014
6000000094315245234
6000000094315638194
6000000094317656956
6000000094521348105
6000000094522510821
6000000094524333845
6000000094524423864
6000000094524543821
6000000094524723821
6000000094525426839
6000000094529526821
6000000094638364895
6000000094640643845
6000000094725759821
6000000094891551876
6000000094893855852
6000000095086312989
6000000095368548901
6000000095369457833
6000000095394906821
6000000095421290007
6000000095422671989
6000000095468508858
6000000095745157020
6000000095746314881
6000000095783148821
6000000095897287169
6000000095899510847
6000000096053728515
6000000096198302787
6000000096200822003
6000000096328354129
6000000096525860840
6000000096569594847
6000000096999149834
6000000097031234976
6000000097059864914
6000000097128186821
6000000097161608003
6000000097161967981
6000000097298904897
6000000097558829821
6000000097700568276
6000000097701492468
6000000097702131278
6000000097703961867
6000000098025201915
6000000098025631840
6000000098039502851
6000000098041130903
6000000098045497921
6000000098310423842
6000000098856507978
6000000098857025944
6000000098959145821
6000000099053695832
6000000099058736822
6000000099058860832
6000000099059186834
6000000099060235838
6000000099060391823
6000000099061773826
6000000099071820830
6000000099071991823
6000000099073004821
6000000099073596821
6000000099193890848
6000000099195110031
6000000099269598826
6000000099269720856
6000000099269819025
6000000099271212878
6000000099271224934
6000000099271515869
6000000099598528843
6000000099598558844
6000000099598558850
6000000099747138258
6000000099748391868
6000000099748618844
6000000099748638948
6000000099811432821
6000000099939799855
6000000099941513983
6000000099942466864
6000000099969598840
6000000099970126841
6000000100082504307
6000000100733843835
6000000100808341873
6000000100808675944
6000000100809930917
6000000100850467043
6000000100959114937
6000000100966205885
6000000101033246832
6000000101384902975
6000000101460603177
6000000101845464905
6000000101845514034
6000000102044720894
6000000102045075130
6000000102045388833
6000000102045770006
6000000102046263899
6000000102046554091
6000000102047837857
6000000102189191997
6000000102190494913
6000000102190767872
6000000102197022869
6000000102331883068
6000000102334225866
6000000102334395833
6000000102336900925
6000000102339122969
6000000102339202961
6000000102339631109
6000000102497708937
6000000102497709211
6000000102574381075
6000000102575409880
6000000102576257843
6000000102587960885
6000000102659646836
6000000102674631908
6000000102674727862
6000000102674862833
6000000102677727877
6000000102743364051
6000000102745049179
6000000102795922943
6000000102842055171
6000000103185426266
6000000103215348853
6000000103297347850
6000000103421046341
6000000103465868821
6000000103465917821
6000000103482215933
6000000103483833880
6000000103484463939
6000000103484914864
6000000103633571840
6000000103658047832
6000000103658089899
6000000103659726891
6000000103660861821
6000000103663972852
6000000103664084873
6000000103788287839
6000000103850475389
6000000103851401052
6000000103851530997
6000000103852330018
6000000103852348144
6000000103857288063
6000000103857977825
6000000103921559902
6000000103957478343
6000000103959619822
6000000103963093125
6000000103963116276
6000000103963134976
6000000103963166051
6000000103964468821
6000000103964892986
6000000103964934143
6000000103965347206
6000000103966540986
6000000103966692889
6000000103991915918
6000000104006434848
6000000104124392111
6000000104607544822
6000000104607957878
6000000104945661043
6000000104948309843
6000000104956595832
6000000104980402084
6000000104980402089
6000000105566972835
6000000105783536231
6000000105785278011
6000000105786956930
6000000105791129872
6000000105796148842
6000000106186269822
6000000106186269828
6000000106385921821
6000000106410531822
6000000106410707953
6000000106439125938
6000000106540126821
6000000107204937852
6000000107540104855
6000000107551796059
6000000107552885946
6000000107555410874
6000000107555441843
6000000107555768833
6000000107569194118
6000000107599011234
6000000107603361821
6000000107690662846
6000000107790150944
6000000107790364892
6000000107798040849
6000000107798476849
6000000107798851823
6000000107801353106
6000000107839921854
6000000107840333885
6000000107843026821
6000000107843934821
6000000107947055882
6000000108322400841
6000000108384148945
6000000108386278841
6000000108401905847
6000000108655780018
6000000108656744948
6000000108657364838
6000000108663261821
6000000108695050165
6000000108707343948
6000000108833643825
6000000108861813023
6000000108874789980
6000000109024116883
6000000109043725549
6000000109043858229
6000000109043967441
6000000109089255829
6000000109108609850
6000000109108659876
6000000109116197868
6000000109121074897
6000000109132952882
6000000109149325961
6000000109150227983
6000000109150484827
6000000109153172822
6000000109279055920
6000000109279055955
6000000109293774872
6000000109293774877
6000000109293774898
6000000109296103995
6000000109296727904
6000000109296727929
6000000109296727945
6000000109305598043
6000000109388862842
6000000109506373004
6000000109724568984
6000000109725492821
6000000109744031886
6000000109896128821
6000000110034841833
6000000110034841853
6000000110034841864
6000000110034841872
6000000110034841880
6000000110034841888
6000000110034841896
6000000110034841932
6000000110034841937
6000000110034841942
6000000110059395875
6000000110067530947
6000000110216553828
6000000110218253986
6000000110218393949
6000000110218670900
6000000110218784831
6000000110220386879
6000000110220712847
6000000110500057853
6000000110541669828
6000000111317410882
6000000111439553822
6000000111451810930
6000000111451810939
6000000111567381914
6000000111567640902
6000000111568024963
6000000111569220849
6000000111569587822
6000000111571913870
6000000111574445904
6000000111575746977
6000000111955003010
6000000111955630824
6000000112273756109
6000000112274408014
6000000112465865929
6000000112469405978
6000000112470237839
6000000112470296852
6000000112470336920
6000000112470338858
6000000112470384833
6000000112470477822
6000000112470495822
6000000112524750870
6000000112573007837
6000000112729698837
6000000112730040821
6000000112859817976
6000000112860820863
6000000112861971893
6000000112862483106
6000000112862486967
6000000112862689855
6000000112862838912
6000000112863177893
6000000112867536639
6000000113162198904
6000000113162231832
6000000113307656238
6000000113599659314
6000000113712940988
6000000114042718956
6000000114442761939
6000000114444619873
6000000114645943987
6000000114645944002
6000000114645944019
6000000114646998859
6000000114646998863
6000000114646999097
6000000114646999102
6000000114647383957
6000000114647384014
6000000114647542885
6000000114647542893
6000000114648255843
6000000114648255852
6000000114648346883
6000000114811976954
6000000114813854002
6000000114821709876
6000000114862408093
6000000114863771883
6000000114913897965
6000000114915365878
6000000115209788857
6000000115227830965
6000000115229776838
6000000115290220827
6000000115294811407
6000000115294834584
6000000115296692908
6000000115297122826
6000000115311392405
6000000115311439955
6000000115311512050
6000000115311613394
6000000115311622874
6000000115311797131
6000000115312653996
6000000115313244880
6000000115313276887
6000000115313549827
6000000115345881850
6000000115414607102
6000000115534714457
6000000115535869956
6000000115539518994
6000000115540296935
6000000115541047837
6000000115771219883
6000000115771219888
6000000115772846896
6000000115858993943
6000000115955310825
6000000116219738826
6000000116230340988
6000000116314177012
6000000116314402964
6000000116314777833
6000000116321857101
6000000116322734944
6000000116322797864
6000000116354293868
6000000116367945176
6000000116678968157
6000000116678972159
6000000116679675896
6000000116680085864
6000000116680261846
6000000116694298987
6000000116751126833
6000000116751173945
6000000116763568850
6000000116764068824
6000000116764136836
6000000116791299968
6000000116793162828
6000000116798286833
6000000116798889835
6000000116803162915
6000000116848828846
6000000116851021027
6000000116851332009
6000000116851500012
6000000116852599866
6000000116939391822
6000000116968783944
6000000117678818860
6000000117679356821
6000000117679940923
6000000117680433827
6000000117681064841
6000000117681355821
6000000117715484864
6000000117716156846
6000000117716210946
6000000117716340922
6000000117839158866
6000000117840418857
6000000117841739834
6000000117841908828
6000000118181858575
6000000118288677821
6000000118369521563
6000000118370440016
6000000118370519165
6000000118371511857
6000000118371578835
6000000118371745843
6000000118371858011
6000000118371985912
6000000118372185834
6000000118372291138
6000000118372296055
6000000118372453981
6000000118372470939
6000000118372689892
6000000118373184838
6000000118373401824
6000000118373485842
6000000118373755947
6000000118373762896
6000000118373796856
6000000118374528956
6000000118375142827
6000000118375209861
6000000118375678978
6000000118545874845
6000000118847091857
6000000119331749031
6000000119776424821
6000000119783747841
6000000120078998844
6000000120078998855
6000000120102432863
6000000120290116823
6000000120293529910
6000000120649960397
6000000120650294467
6000000120650516098
6000000120650614954
6000000120652016843
6000000120652059821
6000000120652481915
6000000120652787843
6000000120661651780
6000000120689704896
6000000120690349873
6000000120692984821
6000000120693550821
6000000121129140979
6000000121129695965
6000000121129738915
6000000121130089821
6000000121130139915
6000000121238979897
6000000121252966857
6000000121253009855
6000000121560194851
6000000121560335891
6000000121560686223
6000000121560718977
6000000121560871978
6000000121561015979
6000000121561033882
6000000121561177863
6000000121561251921
6000000121561388927
6000000121561618938
6000000121561670824
6000000121561720978
6000000121561779899
6000000121561898826
6000000121562118860
6000000121562215826
6000000121562306843
6000000121562404843
6000000121562465956
6000000121562581866
6000000121591966899
6000000121593221832
6000000121745632833
6000000121951854503
6000000122412915821
6000000122450336924
6000000122450710840
6000000122451193867
6000000122453431828
6000000122453716915
6000000122453956840
6000000122503262852
6000000122507038920
6000000122508468889
6000000122508538924
6000000122529736914
6000000122727811849
6000000123013022049
6000000123013504996
6000000123047170838
6000000123069268892
6000000123073041822
6000000123078099866
6000000123080353821
6000000123230798444
6000000123281454846
6000000123295484882
6000000123295545939
6000000123745045923
6000000124211153841
6000000124241794319
6000000124252807015
6000000124256799944
6000000124369641009
6000000124381906010
6000000124385178821
6000000124385393905
6000000124434287833
6000000124434380112
6000000124434581848
6000000124434770934
6000000124434777844
6000000124434835827
6000000124434850824
6000000124435214899
6000000124559226897
6000000124559393477
6000000124565476155
6000000124574020843
6000000124574655821
6000000124574845821
6000000124575261823
6000000124601549142
6000000124606159833
6000000124606635821
6000000124607585821
6000000124612701822
6000000124614089821
6000000124647758914
6000000124647833905
6000000124647841870
6000000124647879822
6000000124668886643
6000000124683118966
6000000124684496871
6000000124684720855
6000000124685519823
6000000124685558836
6000000124685669822
6000000124777346232
6000000124800239045
6000000124801302931
6000000124802044880
6000000124802375862
6000000124841829839
6000000125029643988
6000000125043370833
6000000125199352888
6000000125331810966
6000000125332563870
6000000125382345934
6000000125382584880
6000000125596855894
6000000125841024846
6000000125865914909
6000000125875159847
6000000126031041862
6000000126031334822
6000000126032075821
6000000126169972892
6000000126170696842
6000000126265238063
6000000126265979949
6000000126588013833
6000000126833152832
6000000127208892828
6000000127208895831
6000000127320216161
6000000127360885887
6000000127376523154
6000000127379511821
6000000127380532867
6000000127380741821
6000000127382212866
6000000127383032880
6000000127392769051
6000000127478301887
6000000127479497827
6000000127479834821
6000000127482820833
6000000127620779864
6000000127621215821
6000000127638662863
6000000127704209994
6000000127761933841
6000000127762416822
6000000127763244821
6000000127763544821
6000000127763687821
6000000127799015821
6000000127801881824
6000000127806835007
6000000127807429873
6000000127807488960
6000000127807872868
6000000128128399821
6000000128128706821
6000000128355897827
6000000128490543971
6000000128494282915
6000000128640888001
6000000128769436887
6000000128770087826
6000000128815744833
6000000128982308896
6000000128982755827
6000000128987590937
6000000129278288094
6000000129317231883
6000000129562486879
6000000129562981070
6000000129563692871
6000000129563890855
6000000130190932131
6000000130191415893
6000000130191495876
6000000130191651883
6000000130191678854
6000000130191739835
6000000130191833833
6000000130192073908
6000000130226903866
6000000130334880884
6000000130985726894
6000000130996451823
6000000131051734880
6000000131266492849
6000000131325826821
6000000131343003823
6000000131343634902
6000000131344377079
6000000131344700848
6000000131473971969
6000000131720709882
6000000131754244879
6000000131755476969
6000000131756364846
6000000131756739897
6000000131758449877
6000000131775401846
6000000131776951847
6000000132428144179
6000000132428809006
6000000132429197861
6000000132429530824
6000000132479663271
6000000132483125888
6000000132484574829
6000000133028952821
6000000133886840260
6000000133887538957
6000000134548358981
6000000134564467104
6000000134564918156
6000000134566180858
6000000134679700821
6000000134689138858
6000000134767998835
6000000134768446948
6000000134883070832
6000000134926929834
6000000134926929842
6000000135068971881
6000000135070390879
6000000135070706950
6000000135071006837
6000000135076465996
6000000135085525917
6000000135085906849
6000000135537685091
6000000135559011899
6000000135565188848
6000000135566880903
6000000135615503972
6000000136770394060
6000000136924525273
6000000136977358888
6000000137435259821
6000000137435567821
6000000137565756947
6000000137572037825
6000000137572472841
6000000137586510073
6000000137586998938
6000000138014624822
6000000138014624882
6000000138014624885
6000000138020817911
6000000138124168089
6000000138218090822
6000000138218381840
6000000138221722821
6000000138552920895
6000000138614025892
6000000139198812861
6000000139199011821
6000000139199122838
6000000139199327838
6000000139199345833
6000000139471490941
6000000139471739870
6000000139473134070
6000000139780996126
6000000139822190821
6000000139885460180
6000000139893912229
6000000140185508100
6000000140186871895
6000000140186875929
6000000140186970880
6000000140223000978
6000000140223076946
6000000140551191821
6000000140689965871
6000000140755224927
6000000140769743872
6000000141038342133
6000000141041657878
6000000141043231901
6000000141045235104
6000000141045949960
6000000141046348839
6000000141047665829
6000000141072154498
6000000141073158931
6000000141073168927
6000000141073184911
6000000141073490835
6000000141073841173
6000000141074473879
6000000141074597829
6000000141074675824
6000000141075028904
6000000141075392898
6000000141075440843
6000000141075455835
6000000141075561821
6000000141142393031
6000000141143323895
6000000141355602940
6000000141356216910
6000000141356428884
6000000141367596949
6000000141564467958
6000000141564770861
6000000141564912841
6000000141565682853
6000000141565903830
6000000141812424821
6000000141859407227
6000000141862431896
6000000141862559824
6000000141862720824
6000000141863401831
6000000141949780949
6000000141978267554
6000000141978939507
6000000141980676939
6000000141980814017
6000000141981062916
6000000141981334871
6000000141981557961
6000000141981648952
6000000142439911903
6000000142444319932
6000000142818643111
6000000142832767824
6000000142836263827
6000000142893464835
6000000143160738994
6000000143161283864
6000000143203951033
6000000143242586920
6000000143322696232
6000000143565488995
6000000143704034821
6000000143743496821
6000000143743976821
6000000143754383925
6000000143756546835
6000000143818019904
6000000143818134873
6000000143818362822
6000000143818593908
6000000143819079871
6000000143819097280
6000000143819170829
6000000143820068061
6000000143820279972
6000000143820703833
6000000143942873864
6000000144056373851
6000000144162299716
6000000144163309124
6000000144164624857
6000000144164756075
6000000144164780842
6000000144164849938
6000000144164953930
6000000144164994830
6000000144165361098
6000000144165695960
6000000144165832976
6000000144166168915
6000000144166192006
6000000144166463897
6000000144166463940
6000000144166777867
6000000144166839906
6000000144166839911
6000000144166855874
6000000144167004859
6000000144167076876
6000000144167129832
6000000144167214865
6000000144167320867
6000000144167476835
6000000144167505831
6000000144167582821
6000000144167585830
6000000144610930830
6000000144612359821
6000000144613479821
6000000144613759821
6000000144613887821
6000000144613978821
6000000144656519330
6000000144658001122
6000000144658107916
6000000144662201041
6000000144662763031
6000000144663401889
6000000144663435022
6000000144663473926
6000000144663612902
6000000144663826853
6000000144663912873
6000000144664236978
6000000144664759835
6000000144725974195
6000000144726674041
6000000144727249127
6000000144727574946
6000000144728005832
6000000144745778920
6000000144746274849
6000000144746456821
6000000144779499889
6000000144780341862
6000000144786650028
6000000144787744960
6000000144788232888
6000000144788301878
6000000144788399911
6000000144788576860
6000000144814223930
6000000145347783998
6000000145498120847
6000000145498913821
6000000145499714851
6000000145501256824
6000000145851848963
6000000145852054969
6000000145852120051
6000000145852541833
6000000145871337870
6000000145887359855
6000000145912429834
6000000145922865263
6000000145925169821
6000000145929408201
6000000145929873934
6000000145930111837
6000000145930176029
6000000145930637940
6000000145930879844
6000000146307612110
6000000146308031906
6000000146308407821
6000000146308633870
6000000146309075827
6000000146336598831
6000000146358130833
6000000146361026821
6000000146361855833
6000000146366200821
6000000146583752828
6000000146583752836
6000000146583752840
6000000146583752845
6000000146583752850
6000000146583752854
6000000146583752858
6000000146583752866
6000000146583752887
6000000146583752899
6000000146583753158
6000000146583753191
6000000146765580924
6000000146767646821
6000000146767763829
6000000146768967838
6000000146782459821
6000000146786747871
6000000146796020914
6000000146807627873
6000000146999134952
6000000146999358862
6000000146999433846
6000000146999755853
6000000147250761124
6000000147431228004
6000000147635318840
6000000147687112437
6000000147798365860
6000000148105957897
6000000148345422883
6000000148345606872
6000000148532576834
6000000148803889821
6000000148804006822
6000000148860981474
6000000148862397970
6000000148862669877
6000000148862789178
6000000148864653586
6000000148865368171
6000000148865493081
6000000148866058895
6000000148866328859
6000000148866397821
6000000148938994822
6000000149544096451
6000000149547734843
6000000149547744941
6000000149547896824
6000000149553869828
6000000149588453851
6000000149614059887
6000000149614422141
6000000149615868006
6000000149621759987
6000000149640194864
6000000149640496834
6000000149648899862
6000000149776856822
6000000149819946863
6000000149846400911
6000000149846406823
6000000149919074934
6000000149919860905
6000000150111737821
6000000150122736821
6000000150598217979
6000000150600615934
6000000150603237964
6000000150603237973
6000000150643249880
6000000150643617846
6000000150680601877
6000000150686554892
6000000150770872100
6000000150770885116
6000000150770923013
6000000150770979000
6000000150770986158
6000000150771026092
6000000150771028138
6000000150771079077
6000000150771104071
6000000150771136053
6000000150771190096
6000000150771195134
6000000150771196072
6000000150771216025
6000000150771222072
6000000150771312050
6000000150771325148
6000000150771408063
6000000150771441980
6000000150771610991
6000000150771610996
6000000150771620988
6000000150771703951
6000000150771711941
6000000150771765934
6000000150771798860
6000000150771805889
6000000150771874854
6000000150771891865
6000000150771943896
6000000150771977822
6000000150772004847
6000000150772005828
6000000150772076821
6000000150772165821
6000000150898122988
6000000151128410044
6000000151135996868
6000000151136442849
6000000151331230849
6000000151411862914
6000000151676651978
6000000151676697821
6000000151678265859
6000000151678629845
6000000151678671891
6000000151969459829
6000000151969821829
6000000152283602050
6000000152286182821
6000000152711256852
6000000152711287939
6000000152788282837
6000000153185774821
6000000153187910836
6000000153188069827
6000000153188170833
6000000153188430821
6000000153230684859
6000000153591717980
6000000153592623908
6000000153593065842
6000000153636384832
6000000153641908833
6000000153682640822
6000000153683912885
6000000153685736821
6000000153707258902
6000000153921968987
6000000154016583830
6000000154156222833
6000000154156468837
6000000154156818821
6000000154558759875
6000000154646732827
6000000154647110821
6000000154647675886
6000000154672930967
6000000154685984879
6000000154805249833
6000000154825138822
6000000154825564821
6000000154836908895
6000000154838255821
6000000154917401837
6000000155996055829
6000000156432981826
6000000156433001823
6000000156541412874
6000000156541412880
6000000156541412885
6000000156557587878
6000000156558083954
6000000156561540822
6000000156584794821
6000000156595438860
6000000156622451854
6000000156622798859
6000000156623095888
6000000156623163846
6000000156623852821
6000000156624160835
6000000156641666845
6000000156643768821
6000000156644055821
6000000157579050923
6000000158323956896
6000000158324107846
6000000158324352827
6000000158797983821
6000000158846334827
6000000158872350822
6000000158872586821
6000000159065345821
6000000159067158822
6000000159126943878
6000000159226530833
6000000159831123830
6000000160346991821
6000000160347356823
6000000160361429829
6000000160977639826
6000000160978579821
6000000160978840821
6000000160979166821
6000000161327958828
6000000161721983843
6000000161721983869
6000000161721983924
6000000161721983981
6000000161721983987
6000000161721983993
6000000161721984001
6000000161871422846
6000000161871436885
6000000161871746822
6000000161872388827
6000000161872447867
6000000161877602885
6000000161877624908
6000000161878277827
6000000161879920905
6000000161880355844
6000000162029504872
6000000162029614907
6000000162029734917
6000000162029755834
6000000162029783890
6000000162029794846
6000000162030054842
6000000162030156821
6000000162030174836
6000000162030341821
6000000162635690821
6000000162915518829
6000000163425716101
6000000163426109898
6000000163426119845
6000000163426129885
6000000163427272047
6000000163427856827
6000000163441491887
6000000163564515946
6000000163633372846
6000000163634239821
6000000163736037975
6000000163737946851
6000000163853540931
6000000164234478005
6000000164270799777
6000000164271140509
6000000164271419459
6000000164271554402
6000000164272429070
6000000164272561007
6000000164276386030
6000000164563421835
6000000164564095825
6000000164699597833
6000000164943511958
6000000165350855851
6000000165352428063
6000000165445194821
6000000165530404161
6000000165532118248
6000000165534078914
6000000165548828018
6000000165554657837
6000000165625523953
6000000165625689975
6000000165625711993
6000000165625734964
6000000165626240846
6000000166019359827
6000000166019989864
6000000166197652199
6000000166199009886
6000000166202684973
6000000166203387821
6000000166386723829
6000000166644306056
6000000167187250821
6000000167329238007
6000000167329275048
6000000167329411904
6000000167329674861
6000000167340054012
6000000167579200874
6000000167579700825
6000000168052043837
6000000168137647067
6000000168897300822
6000000168920067178
6000000168953217107
6000000168953638014
6000000168953882881
6000000168987225495
6000000169037819865
6000000169211931829
6000000169273464505
6000000169286805660
6000000169296503099
6000000169296943003
6000000169307726411
6000000169307932052
6000000169308077031
6000000169308077092
6000000169308362832
6000000169590685029
6000000169591546856
6000000169593822111
6000000169594435836
6000000169594897957
6000000169598607985
6000000169598686935
6000000169612368380
6000000169612594062
6000000169612742055
6000000169613098081
6000000169613680904
6000000169620507321
6000000169620730302
6000000169621096002
6000000169680014176
6000000169680303880
6000000169680465400
6000000169680583012
6000000169680802554
6000000169681668822
6000000169682144342
6000000169682148194
6000000169682213975
6000000169682266082
6000000169682313956
6000000169682342854
6000000169682436835
6000000169682618866
6000000169682974916
6000000169750051952
6000000169798588853
6000000169800643194
6000000169800707194
6000000169801068882
6000000169803198998
6000000170019331092
6000000170273684821
6000000170343079856
6000000170677926199
6000000170679618867
6000000170804762631
6000000170804931293
6000000170805023541
6000000170805158610
6000000170805749127
6000000170805855035
6000000170806184854
6000000171049961821
6000000171432326289
6000000171720264126
6000000171735195276
6000000171735197155
6000000171736751239
6000000171737171253
6000000171737311898
6000000171737773857
6000000171737818836
6000000171737856833
6000000171737943831
6000000171738346824
6000000171751788089
6000000171752051841
6000000171797517109
6000000171798044111
6000000171809163370
6000000171809909070
6000000171810201894
6000000171871967204
6000000171932337972
6000000171932774892
6000000171936177097
6000000171936636363
6000000171937339983
6000000171937572868
6000000171938494254
6000000172021070916
6000000172038150309
6000000172079513313
6000000172079699014
6000000172079931011
6000000172204836212
6000000172226224822
6000000172374371048
6000000172697946663
6000000172720987000
6000000172722752869
6000000172723046290
6000000172755215847
6000000172756027228
6000000172756195099
6000000172756409023
6000000172756680988
6000000172756763910
6000000172788303171
6000000172788317135
6000000172788577080
6000000172788925889
6000000172789054949
6000000172789125915
6000000172864934408
6000000172865838903
6000000172883396683
6000000172884086198
6000000172905004437
6000000173013733069
6000000173032537078
6000000173032902833
6000000173035518346
6000000173099468514
6000000173129632758
6000000173130302021
6000000173139788139
6000000173212483011
6000000173283562954
6000000173331643111
6000000173356289894
6000000173356566863
6000000173356757821
6000000173392286594
6000000173392712381
6000000173392830548
6000000173393549258
6000000173393952303
6000000173393980248
6000000173394137142
6000000173394497998
6000000173394501977
6000000173394553845
6000000173398495863
6000000173423391097
6000000173443464840
6000000173443464852
6000000173443464858
6000000173443464864
6000000173483219101
6000000173483533910
6000000173488102266
6000000173521988923
6000000173547982676
6000000173585096543
6000000173586036221
6000000173592610868
6000000173611846238
6000000173611856201
6000000173612107098
6000000173612392965
6000000173629091412
6000000173639342899
6000000173639708402
6000000173640592226
6000000173640767845
6000000173641244894
6000000173645320834
6000000173680843846
6000000173706890931
6000000173713743961
6000000173746380144
6000000173746425203
6000000173779974889
6000000173863540445
6000000173907762193
6000000173912123122
6000000173912948907
6000000173918333849
6000000173931060239
6000000173996184792
6000000173996404215
6000000173997880982
6000000173998190025
6000000173998264828
6000000174029050498
6000000174030443826
6000000174035178853
6000000174058250275
6000000174063964247
6000000174158515779
6000000174170429077
6000000174173001953
6000000174188145416
6000000174239616663
6000000174291290137
6000000174298369684
6000000174303875024
6000000174307154865
6000000174312311287
6000000174315776369
6000000174316449212
6000000174316858821
6000000174335369913
6000000174400298581
6000000174401811590
6000000174402147435
6000000174402581200
6000000174403086003
6000000174403145976
6000000174403146069
6000000174403346129
6000000174403472022
6000000174405523297
6000000174408519812
6000000174574484852
6000000174612753891
6000000174691610143
6000000174715086184
6000000174754133844
6000000174853788258
6000000174932596342
6000000175022833225
6000000175087828004
6000000175235637451
6000000175261523715
6000000175321141191
6000000175363106019
6000000175374460560
6000000175375564250
6000000175376488007
6000000175376538078
6000000175464216230
6000000175464679988
6000000175464912895
6000000175464942830
6000000175464942930
6000000175465008858
6000000175467920210
6000000175558648876
6000000175568787821
6000000175590243910
6000000175592413875
6000000175592665878
6000000175621965839
6000000175627328865
6000000175627674853
6000000175628085832
6000000175628657893
6000000175629908822
6000000175629943831
6000000175629976821
6000000175629985826
6000000175629988821
6000000175648745822
6000000175653212853
6000000175653273829
6000000175667948840
6000000175668347828
6000000175686582954
6000000175689071836
6000000175699687853
6000000175755392937
6000000175758113821
6000000175835070821
6000000175898578933
6000000175960125828
6000000175960125854
6000000175961518847
6000000175961518852
6000000175962959822
6000000175965751832
6000000175965849840
6000000175966125821
6000000175966422821
6000000175971653852
6000000175971653858
6000000176025964864
6000000176032976844
6000000176041598826
6000000176094557873
6000000176148125829
6000000176239897833
6000000176241882826
6000000176266203824
6000000176289161842
6000000176289778860
6000000176289820873
6000000176289858856
6000000176289936823
6000000176290188821
6000000176303006864
6000000176335706833
6000000176453905821
6000000176466402899
6000000176466887862
6000000176466892882
6000000176467006849
6000000176467815830
6000000176470704876
6000000176470941892
6000000176471071895
6000000176471237847
6000000176471368907
6000000176471532829
6000000176471605831
6000000176471627822
6000000176471649823
6000000176471670894
6000000176471855871
6000000176471867821
6000000176471875825
6000000176472317867
6000000176472800829
6000000176473018822
6000000176473288910
6000000176474608821
6000000176534654825
6000000176542614826
6000000176570652889
6000000176571149889
6000000176574537875
6000000176574584822
6000000176574584825
6000000176574584828
6000000176574584834
6000000176574626831
6000000176575355869
6000000176580722853
6000000176580997905
6000000176635047821
6000000176650549823
6000000176653557926
6000000176756949864
6000000176779754860
6000000176780165823
6000000176789914897
6000000176790574842
6000000176819886872
6000000176826483921
6000000176827128854
6000000176827169829
6000000176827541821
6000000176845453829
6000000176896556859
6000000176910677857
6000000176911604839
6000000176930641834
6000000177182291932
6000000177182524823
6000000177182641930
6000000177183643849
6000000177183730924
6000000177184561867
6000000177184994841
6000000177185556828
6000000177237901870
6000000177261659865
6000000177265379852
6000000177265952828
6000000177290417824
6000000177303757837
6000000177307749832
6000000177313433836
6000000177313726824
6000000177315380042
6000000177317827891
6000000177319309829
6000000177319329853
6000000177340262860
6000000177483445826
6000000177489886854
6000000177490310843
6000000177490743843
6000000177524980865
6000000177538127835
6000000177538127841
6000000177542476862
6000000177542629844
6000000177542641846
6000000177542987837
6000000177562840867
6000000177582263823
6000000177674727824
6000000177674880829
6000000177706066827
6000000177706330846
6000000177706505842
6000000177706631825
6000000177707341837
6000000177707494821
6000000177707656947
6000000177708258873
6000000177743236876
6000000177753017859
6000000177753023844
6000000177753189855
6000000177753878827
6000000177753907872
6000000177754098830
6000000177771649833
6000000177780981869
6000000177782482827
6000000177920129826
6000000177920129831
6000000177921389824
6000000177921458827
6000000177921458833
6000000177921458845
6000000177921458851
6000000177921458863
6000000177921458990
6000000177921458993
6000000177921458999
6000000177921459005
6000000177921459011
6000000177921459028
6000000177921459033
6000000177921459052
6000000177921459056
6000000177921459066
6000000177921459072
6000000177921459078
6000000177921459094
6000000177921459099
6000000177921459104
6000000177921459109
6000000177921459114
6000000177921459129
6000000177921459134
6000000177921459169
6000000177921459174
6000000177921472823
6000000177921501822
6000000177921501828
6000000177921501834
6000000177921501839
6000000177921501854
6000000177921501859
6000000177921501864
6000000177921501869
6000000177921501874
6000000177921501879
6000000177921501889
6000000177921501894
6000000177921516822
6000000177921516828
6000000177921516834
6000000177921516839
6000000177921516849
6000000177921516854
6000000177921516859
6000000177921516864
6000000177921516869
6000000177921516874
6000000177921516879
6000000177921516884
6000000177921516889
6000000177921535822
6000000177921535828
6000000177921535834
6000000177921535839
6000000177921535844
6000000177921535847
6000000177921535852
6000000177921535855
6000000177921535860
6000000177921535865
6000000177921535870
6000000177921535875
6000000177921544822
6000000177921544828
6000000177921544834
6000000177921544839
6000000177921544844
6000000177921544849
6000000177921544854
6000000177921544859
6000000177921544864
6000000177921561822
6000000177921561828
6000000177921582822
6000000177921582827
6000000177921582832
6000000177921582835
6000000177921588822
6000000177921588827
6000000177921595822
6000000177921595827
6000000177921601825
6000000177921604825
6000000177921613827
6000000177921613832
6000000177921629822
6000000177921629825
6000000177921636822
6000000177921636827
6000000177921644822
6000000177921648822
6000000177921648825
6000000177921654822
6000000177921654827
6000000177921659822
6000000177921659825
6000000177921670827
6000000177921940825
6000000177921940830
6000000177922284822
6000000177922284827
6000000177922285822
6000000177922319822
6000000177922319827
6000000177922319832
6000000177922319837
6000000177922668822
6000000177923684834
6000000177924032863
6000000177938776865
6000000177941048933
6000000177941163942
6000000177941260903
6000000177941260939
6000000177941435877
6000000177941672905
6000000177941982911
6000000177942100902
6000000177942390911
6000000177942406874
6000000177942451881
6000000177942491872
6000000177942491877
6000000177942564871
6000000177942633881
6000000177942653854
6000000177942681869
6000000177942719882
6000000177942730896
6000000177942732020
6000000177942804849
6000000177942896916
6000000177942925859
6000000177942933869
6000000177942983885
6000000177943021881
6000000177943021895
6000000177943060868
6000000177943067855
6000000177943120858
6000000177943149857
6000000177943182845
6000000177943237961
6000000177943295868
6000000177943312828
6000000177943328879
6000000177943343906
6000000177943346870
6000000177943365835
6000000177943379826
6000000177943402844
6000000177943415863
6000000177943438823
6000000177943460822
6000000177943474822
6000000177943545836
6000000177943569841
6000000177943584883
6000000177943588835
6000000177943617855
6000000177943658830
6000000177943681836
6000000177943737838
6000000177943737861
6000000177943765835
6000000177943800832
6000000177943801821
6000000177943807821
6000000177943836822
6000000177943966859
6000000177943993821
6000000177944025822
6000000177944064821
6000000177944081827
6000000177944088828
6000000177944093843
6000000177944124971
6000000177944182822
6000000177944227827
6000000177944261892
6000000177944302830
6000000177944304845
6000000177944417821
6000000177944484848
6000000177944484960
6000000177944541850
6000000177944554828
6000000177944596824
6000000177944633864
6000000177944701869
6000000177944715821
6000000177944754840
6000000177944780872
6000000177944843860
6000000177944943851
6000000177944964877
6000000177945014827
6000000177945194835
6000000177945229864
6000000177945298821
6000000177945429824
6000000177945467842
6000000177945642844
6000000177945696859
6000000177945780849
6000000177945806827
6000000177945829854
6000000177945850840
6000000177945982827
6000000177946068836
6000000177946085840
6000000177946097865
6000000177946139860
6000000177946323841
6000000177946347864
6000000177946356821
6000000177946495823
6000000177946512834
6000000177946521827
6000000177946541842
6000000177946545821
6000000177946734840
6000000177946809822
6000000177946841823
6000000177946854828
6000000177947204933
6000000177947241821
6000000177955802827
6000000177968473841
6000000177969322833
6000000177969361824
6000000177969427823
6000000177970214838
6000000177974270866
6000000178023484823
6000000178023523825
6000000178023602827
6000000178030361843
6000000178030963821
6000000178118920851
6000000178119023823
6000000178119386851
6000000178119626821
6000000178119644821
6000000178120150821
6000000178123329901
6000000178124521844
6000000178128650824
6000000178134459865
6000000178135744870
6000000178136068824
6000000178136893821
6000000178223260828
6000000178223815833
6000000178275437038
6000000178277552977
6000000178277673956
6000000178278275935
6000000178279141871
6000000178279335862
6000000178279357868
6000000178279770847
6000000178279840831
6000000178279865848
6000000178280202844
6000000178280333830
6000000178280363847
6000000178280536829
6000000178280598829
6000000178281151829
6000000178281225821
6000000178282470843
6000000178284682877
6000000178284761893
6000000178286680845
6000000178287451832
6000000178321476863
6000000178322547822
6000000178326983925
6000000178328907824
6000000178389228822
6000000178389386822
6000000178411638970
6000000178413459882
6000000178413696854
6000000178413853891
6000000178414001829
6000000178414705940
6000000178414832822
6000000178415387935
6000000178415387947
6000000178415432929
6000000178415627901
6000000178415984873
6000000178416036862
6000000178416245874
6000000178416313877
6000000178416388858
6000000178416392865
6000000178416426881
6000000178416472840
6000000178416780829
6000000178416797829
6000000178416974821
6000000178416978833
6000000178417040822
6000000178417354829
6000000178417358824
6000000178417496821
6000000178417609964
6000000178418292864
6000000178418577840
6000000178419016853
6000000178419060871
6000000178420660827
6000000178420771821
6000000178422339829
6000000178481326861
6000000178482199821
6000000178627999851
6000000178713829830
6000000178713833846
6000000178816206852
6000000178817011821
6000000178820801873
6000000178822095828
6000000178823544822
6000000178897032886
6000000178898176821
6000000178898487831
6000000178900501830
6000000178900531827
6000000178921060837
6000000178921642857
6000000178921954832
6000000178922080838
6000000178922255824
6000000178948075854
6000000178948992821
6000000179121296822
6000000179197463881
6000000179264401832
6000000179264482835
6000000179329363912
6000000179329571875
6000000179331923833
6000000179393248821
6000000179393360823
6000000179404334821
6000000179435135287
6000000179647020821
6000000179665039878
6000000179665154839
6000000179665196831
6000000179665434829
6000000179679611838
6000000179797917821
6000000179871756869
6000000179871756877
6000000179906871924
6000000179907905846
6000000179967626846
6000000179967745836
6000000179968577831
6000000180019607827
6000000180163845872
6000000180167198878
6000000180168078830
6000000180168224822
6000000180183642853
6000000180262985842
6000000180316347956
6000000180316958875
6000000180316965903
6000000180317164861
6000000180317553847
6000000180317727844
6000000180318044860
6000000180318177827
6000000180318218834
6000000180318303828
6000000180318361834
6000000180318488821
6000000180334613868
6000000180382956890
6000000180383395840
6000000180383493872
6000000180383856837
6000000180384100829
6000000180391954871
6000000180392558823
6000000180670201832
6000000180699898968
6000000180699898972
6000000180699898994
6000000180700160852
6000000180700160856
6000000180701061850
6000000180701061890
6000000180701061894
6000000180701061899
6000000180701810847
6000000180701810851
6000000180701810855
6000000180701810859
6000000180701810869
6000000180701881849
6000000180702594853
6000000180702594858
6000000180702594874
6000000180702594878
6000000180703112828
6000000180703181847
6000000180703181933
6000000180703181963
6000000180703181968
6000000180703181978
6000000180703181982
6000000180703182002
6000000180703182011
6000000180704343923
6000000180710576858
6000000180711936847
6000000180711936855
6000000180711936892
6000000180753282823
6000000180755184822
6000000180758571825
6000000180758687826
6000000180758687831
6000000180772133829
6000000180772182825
6000000180787116829
6000000180787116837
6000000180787116841
6000000180787227832
6000000180787252945
6000000180808636823
6000000180809053844
6000000180815172825
6000000180855577934
6000000180973916967
6000000180980061838
6000000181063661836
6000000181081467900
6000000181082638832
6000000181147325830
6000000181192397840
6000000181215695838
6000000181225497837
6000000181319863826
6000000181355911843
6000000181409117870
6000000181409914855
6000000181442025911
6000000181486279830
6000000181486418839
6000000181497306856
6000000181512617910
6000000181514457841
6000000181514478831
6000000181514597821
6000000181702008829
6000000181790597881
6000000181814893884
6000000181815710846
6000000181818665845
6000000181818824829
6000000181844140911
6000000181844191865
6000000181844310866
6000000181844629857
6000000181844861860
6000000181845121858
6000000181845828858
6000000181882376822
6000000181882418821
6000000181907167965
6000000181921948878
6000000181922753845
6000000181922928831
6000000181923248832
6000000181923321828
6000000181923354821
6000000181930816821
6000000181932814848
6000000181962797833
6000000182033516822
6000000182033543829
6000000182033543833
6000000182033543841
6000000182033543845
6000000182051130921
6000000182052249851
6000000182186151842
6000000182276351822
6000000182276497836
6000000182276497848
6000000182276497858
6000000182389246830
6000000182389246853
6000000182389246873
6000000182389342827
6000000182389342851
6000000182389622827
6000000182518657833
6000000182518657849
6000000182518657858
6000000182518657880
6000000182522114822
6000000182547927899
6000000182573968848
6000000182574468825
6000000182574638821
6000000182593319832
6000000182638037928
6000000182639180949
6000000182640010869
6000000182640153853
6000000182640227867
6000000182640357848
6000000182640747833
6000000182640861829
6000000182656613821
6000000182656687844
6000000182669137823
6000000182692575830
6000000182692575835
6000000182713210901
6000000182714511833
6000000182737012832
6000000182792096929
6000000182955117821
6000000182964795908
6000000182965440109
6000000182965440290
6000000182965661020
6000000182965661054
6000000182965661112
6000000182965661124
6000000183066214844
6000000183066833825
6000000183096556865
6000000183101380858
6000000183208615836
6000000183208911823
6000000183330301889
6000000183411934822
6000000183411993823
6000000183412019827
6000000183412019836
6000000183483279821
6000000183824520824
6000000183843172909
6000000183843337864
6000000183844280847
6000000183845486827
6000000183845605824
6000000183879860834
6000000183879982849
6000000183912513929
6000000184030870923
6000000184135854834
6000000184174535879
6000000184174903843
6000000184175468822
6000000184187586865
6000000184198853830
6000000184198891831
6000000184449316841
6000000184477330845
6000000184481873850
6000000184486028821
6000000184505791837
6000000184752754821
6000000184792970888
6000000184833501868
6000000184996900917
6000000185018546838
6000000185018667834
6000000185018914832
6000000185088813846
6000000185129150821
6000000185143231822
6000000185143231842
6000000185143231881
6000000185143231888
6000000185143231916
6000000185143290930
6000000185143290936
6000000185143290948
6000000185143557314
6000000185143805857
6000000185143805863
6000000185143805881
6000000185143805897
6000000185143805903
6000000185143805911
6000000185143805917
6000000185143805925
6000000185143806033
6000000185143806067
6000000185143806081
6000000185165616912
6000000185165616918
6000000185281891834
6000000185307834822
6000000185329963927
6000000185329963933
6000000185361653909
6000000185361954882
6000000185362767827
6000000185363088822
6000000185378667998
6000000185401639093
6000000185420515912
6000000185420966934
6000000185421333912
6000000185422946841
6000000185430397037
6000000185433663823
6000000185479321399
6000000185501892185
6000000185529164524
6000000185552256824
6000000185601722006
6000000185601849020
6000000185604973958
6000000185605454898
6000000185761279843
6000000185865408861
6000000186012707994
6000000186064866385
6000000186073140140
6000000186074136939
6000000186109193292
6000000186109734251
6000000186110546095
6000000186111552915
6000000186121812919
6000000186126736028
6000000186127176942
6000000186130687864
6000000186158328244
6000000186160144030
6000000186160720981
6000000186161027832
6000000186244914662
6000000186247181045
6000000186247258992
6000000186248112832
6000000186248622948
6000000186248622955
6000000186248636941
6000000186267392971
6000000186267658951
6000000186270102092
6000000186276339130
6000000186277036037
6000000186290696357
6000000186290696394
6000000186290847173
6000000186290847179
6000000186290847192
6000000186290847252
6000000186290847265
6000000186291156193
6000000186291156199
6000000186291318061
6000000186291334027
6000000186291378901
6000000186291378925
6000000186291378929
6000000186291378933
6000000186291379006
6000000186291379012
6000000186291402868
6000000186307324210
6000000186308270061
6000000186311326283
6000000186312468968
6000000186359137883
6000000186478310882
6000000186584042905
6000000186584600826
6000000186634317847
6000000186634370855
6000000186634547828
6000000186634563832
6000000186681016931
6000000186681368863
6000000186681409844
6000000186681411875
6000000186681434823
6000000186681518837
6000000186681617839
6000000186681624850
6000000186681709853
6000000186681859822
6000000186681873831
6000000186681880828
6000000186682059853
6000000186697419878
6000000186697700876
6000000186698210841
6000000186698288953
6000000186698604915
6000000186698897863
6000000186699166854
6000000186699214840
6000000186699237838
6000000186699257830
6000000186699329829
6000000186699379826
6000000186699463833
6000000186699507825
6000000186699563844
6000000186699572830
6000000186700260870
6000000186700297961
6000000186700526859
6000000186700528836
6000000186700567844
6000000186701632838
6000000186704235839
6000000186707653850
6000000186707781878
6000000186708350847
6000000186709955838
6000000186709996834
6000000186710063826
6000000186710082840
6000000186710091827
6000000186710183821
6000000186710196821
6000000186710726880
6000000186711238861
6000000186711292839
6000000186711413828
6000000186711509915
6000000186711624846
6000000186711711836
6000000186711852837
6000000186711979949
6000000186712410924
6000000186712412841
6000000186712468821
6000000186712484821
6000000186712604892
6000000186712626915
6000000186712770874
6000000186712814829
6000000186713010839
6000000186713104821
6000000186713121827
6000000186716857035
6000000186717270923
6000000186717550890
6000000186717596852
6000000186717755870
6000000186717887835
6000000186726594036
6000000186729210940
6000000186729607863
6000000186730372823
6000000186732838824
6000000186732870847
6000000186733166823
6000000186734582864
6000000186734848829
6000000186735119864
6000000186740515868
6000000186758230849
6000000186759793822
6000000186761889822
6000000186761975846
6000000186761991823
6000000186768017094
6000000186768352969
6000000186774335843
6000000186774367830
6000000186774663824
6000000186774870828
6000000186774921841
6000000186774982822
6000000186774984823
6000000186775095827
6000000186775128821
6000000186775906270
6000000186775906288
6000000186775906298
6000000186776082339
6000000186776841862
6000000186776915836
6000000186776993822
6000000186777000823
6000000186777034777
6000000186777034811
6000000186777034820
6000000186779024873
6000000186779024877
6000000186779024883
6000000186779024959
6000000186779024965
6000000186779699824
6000000186779699828
6000000186783995822
6000000186787390828
6000000186796001877
6000000186803202824
6000000186804156827
6000000186812915833
6000000186813079821
6000000186816482865
6000000186816556855
6000000186816602837
6000000186816629837
6000000186816799845
6000000186821096902
6000000186821380877
6000000186821520880
6000000186821602822
6000000186821815841
6000000186821865854
6000000186821911833
6000000186822033821
6000000186825869837
6000000186834607824
6000000186834671821
6000000186839636882
6000000186839646875
6000000186839709867
6000000186839882879
6000000186839963852
6000000186840016834
6000000186840111853
6000000186840209834
6000000186840483822
6000000186840549821
6000000186840649831
6000000186841409846
6000000186841972837
6000000186842166821
6000000186843710943
6000000186844219906
6000000186844226876
6000000186845210824
6000000186871541863
6000000186886629827
6000000186894234837
6000000186919934837
6000000186922141853
6000000186923030847
6000000186923161855
6000000186923233862
6000000186923432832
6000000186923462826
6000000186923478828
6000000186923547822
6000000186923564821
6000000186923565823
6000000186923577821
6000000186923668824
6000000186923776828
6000000186928826838
6000000186954850838
6000000186955090830
6000000186966797830
6000000186971942857
6000000186972157845
6000000186972450873
6000000186972619829
6000000187107584822
6000000187107602821
6000000187173118830
6000000187175627888
6000000187175685875
6000000187175784851
6000000187176051830
6000000187176059827
6000000187191097841
6000000187239123902
6000000187266624961
6000000187289604865
6000000187414982849
6000000187415134825
6000000187419309834
6000000187432779918
6000000187433347831
6000000187579413832
6000000187677904917
6000000187678489852
6000000187678798822
6000000187774448879
6000000187817056920
6000000187817355835
6000000187817745876
6000000187817965844
6000000187818059845
6000000187818306836
6000000187858101836
6000000187858111841
6000000187860539906
6000000187860899830
6000000187861107843
6000000187973079908
6000000187973232883
6000000187973564851
6000000187973587849
6000000187973593858
6000000187973775825
6000000187973871825
6000000187985426867
6000000188175862825
6000000188176209850
6000000188176603822
6000000188205657826
6000000188301373840
6000000188335224823
6000000188335427821
6000000188335647823
6000000188335949837
6000000188336643846
6000000188336644874
6000000188401539998
6000000188403306917
6000000188403977833
6000000188423938826
6000000188494434823
6000000188496534836
6000000188581563826
6000000188581931821
6000000188583747847
6000000188583824855
6000000188689026831
6000000188713255826
6000000188713265825
6000000188713336835
6000000188713762821
6000000188713867828
6000000188714026880
6000000188714207841
6000000188714414828
6000000188714575824
6000000188755285827
6000000188755304824
6000000188755474840
6000000188755520835
6000000188755750822
6000000188755773821
6000000188755850835
6000000188768415868
6000000188769280834
6000000188769504868
6000000188769597837
6000000188769615829
6000000188769774849
6000000188769805831
6000000188769844831
6000000188792308854
6000000188852665821
6000000188853977863
6000000188973631836
6000000188973664832
6000000189146078843
6000000189146263824
6000000189299194833
6000000189354670857
6000000189921525831
6000000190139594831
6000000190160843831
6000000190168750837
6000000190168800829
6000000190311832875
6000000190312020848
6000000190312144822
6000000190402981831
6000000190408376854
6000000190445838821
6000000190631683864
6000000190768773824
6000000190814048843
6000000190814226837
6000000190908733865
6000000190928021858
6000000190928480835
6000000190928492844
6000000190928558824
6000000190928656833
6000000190928669826
6000000190937096822
6000000191078589837
6000000191078616826
6000000191078730829
6000000191078746828
6000000191100599861
6000000191146812823
6000000191219172821
6000000191219345842
6000000191468513861
6000000191537817833
6000000191540948828
6000000191543741828
6000000191544348829
6000000191728221856
6000000191728221869
6000000191942523873
6000000191942805837
6000000192118185899
6000000192118185903
6000000192118223883
6000000192118554838
6000000192142438886
6000000192143056823
6000000192143071821
6000000192143173821
6000000192143192821
6000000192162064846
6000000192166549947
6000000192167142863
6000000192188673835
6000000192193175896
6000000192356630848
6000000192356691833
6000000192356731821
6000000192443712842
6000000192462429867
6000000192463486836
6000000192463507974
6000000192463882844
6000000192471779821
6000000192476373839
6000000192476623838
6000000192476717850
6000000192477364824
6000000192480479830
6000000192480711831
6000000192492500822
6000000192493270882
6000000192494002853
6000000192495326832
6000000192495665821
6000000192509506821
6000000192514367849
6000000192514503846
6000000192515029821
6000000192515081837
6000000192515792835
6000000192516445874
6000000192518869845
6000000192520819849
6000000192612465837
6000000192622676857
6000000192622996826
6000000192623093824
6000000192623166822
6000000192623327842
6000000192623539821
6000000192792427914
6000000192795866831
6000000192795902851
6000000192795958824
6000000192799334874
6000000192919999821
6000000192920527913
6000000192979368830
6000000192979461821
6000000192980211898
6000000192981486821
6000000192995328843
6000000193007812821
6000000193013178834
6000000193082060821
6000000193235571835
6000000193244695880
6000000193309878821
6000000193314382853
6000000193314630823
6000000193314828907
6000000193316043837
6000000193316809833
6000000193319352824
6000000193321309821
6000000193327393871
6000000193327718826
6000000193328367841
6000000193328751877
6000000193328787834
6000000193329051831
6000000193329457823
6000000193329715824
6000000193329861821
6000000193352758832
6000000193354032831
6000000193354305878
6000000193354573832
6000000193355027824
6000000193355625851
6000000193355831844
6000000193356076844
6000000193356390826
6000000193367495821
6000000193378205831
6000000193381856896
6000000193382106867
6000000193382806854
6000000193394186834
6000000193394250847
6000000193533254829
6000000193665992823
6000000193666352843
6000000193736904826
6000000193762491861
6000000193766205831
6000000193791124832
6000000193791406823
6000000193813489826
6000000193824168887
6000000193892004925
6000000193964941859
6000000193969065896
6000000193969386829
6000000194038620862
6000000194038940831
6000000194094215915
6000000194094273869
6000000194094473854
6000000194094858857
6000000194095144821
6000000194202399887
6000000194202747850
6000000194202917835
6000000194202945842
6000000194203045828
6000000194204374831
6000000194314329029
6000000194315697843
6000000194315732833
6000000194315745850
6000000194315776823
6000000194315891842
6000000194382481836
6000000194590433838
6000000194593386910
6000000194593477836
6000000194605491821
6000000194634490828
6000000194720170828
6000000194723318834
6000000194729236916
6000000194730597821
6000000194941156080
6000000194942233911
6000000194974174855
6000000194974265840
6000000194974307854
6000000194974522824
6000000194974553823
6000000195099193822
6000000195148656902
6000000195148714889
6000000195148788900
6000000195148931849
6000000195149141853
6000000195149142838
6000000195149174838
6000000195149203856
6000000195149298838
6000000195149369823
6000000195206694875
6000000195207833836
6000000195329025853
6000000195464369842
6000000195504881869
6000000195505386876
6000000195505507831
6000000195578814863
6000000195588613972
6000000195589341860
6000000195589451886
6000000195589716847
6000000195589734838
6000000195589794833
6000000195589870827
6000000195589885821
6000000195688558826
6000000195688627826
6000000195788621823
6000000195827159848
6000000195828667823
6000000195835230831
6000000195835380854
6000000195892754969
6000000195893195885
6000000195893500863
6000000195893794827
6000000195893810849
6000000195893848836
6000000195893856832
6000000195893879822
6000000195970210848
6000000195970300859
6000000195970563885
6000000195970644836
6000000195972845878
6000000195973007841
6000000195973040821
6000000196143924823
6000000196144661849
6000000196144709824
6000000196144855822
6000000196144969821
6000000196168495829
6000000196282195908
6000000196291713844
6000000196292055892
6000000196292562823
6000000196292602859
6000000196292845843
6000000196292852828
6000000196292988836
6000000196293224881
6000000196295317826
6000000196295384821
6000000196428895830
6000000196433956842
6000000196434077844
6000000196513753836
6000000196513806824
6000000196513860841
6000000196513886821
6000000196518510865
6000000196518579831
6000000196700516821
6000000196704954844
6000000196706856871
6000000196706961844
6000000196707171833
6000000196707421821
6000000196740544868
6000000197131138861
6000000197199492861
6000000197200075842
6000000197771697928
6000000197772065845
6000000197772318845
6000000197772424821
6000000197787296822
6000000198069483829
6000000198069601822
6000000198217229865
6000000198234609865
6000000198234914840
6000000198235004849
6000000198308524832
6000000198308538821
6000000198309328825
6000000198332507821
6000000198332616845
6000000198381391836
6000000198381479829
6000000198615350842
6000000198863246849
6000000199070055855
6000000199070263827
6000000199070367825
6000000199092847841
6000000199095249903
6000000199095518901
6000000199095884825
6000000199095926821
6000000199293019863
6000000199293987839
6000000199308909823
6000000199369527844
6000000199432388842
6000000199528568835
6000000199531329873
6000000199531390852
6000000199531708826
6000000199541711839
6000000199542490848
6000000199554171823
6000000199583504821
6000000199776390919
6000000199776833906
6000000199776881896
6000000199777148843
6000000199920078849
6000000199928046856
6000000199966515879
6000000199972991851
6000000200306694826
6000000200401422858
6000000200468985869
6000000200469328848
6000000200469720864
6000000200469725840
6000000200469970834
6000000200501148881
6000000200501190848
6000000200501469822
6000000200809197899
6000000200894396840
6000000201121782866
6000000201122019836
6000000201122060832
6000000201137497852
6000000201237964822
6000000201537137830
6000000201590078885
6000000201590432845
6000000201590648822
6000000201627888860
6000000201628041824
6000000201653223821
6000000201657145921
6000000201657440825
6000000201845176860
6000000201845781955
6000000201846308974
6000000201846622903
6000000201846657888
6000000201846682918
6000000201846712870
6000000201846727876
6000000201846874892
6000000201846946863
6000000201847028836
6000000201847067863
6000000201847071866
6000000201847100891
6000000201847129868
6000000201847208836
6000000201847240860
6000000201847253822
6000000201847373856
6000000201847395823
6000000201847408828
6000000201847468835
6000000201847481822
6000000201847488823
6000000202011427986
6000000202011627921
6000000202012080842
6000000202012219840
6000000202012326824
6000000202134593824
6000000202316814862
6000000202355946821
6000000202474974009
6000000202475268890
6000000202475299875
6000000202475355882
6000000202476062933
6000000202476373888
6000000202476558839
6000000202476670832
6000000202476682837
6000000202476730829
6000000202476746865
6000000202476782821
6000000202476897838
6000000202476927857
6000000202476969850
6000000202477026825
6000000202477101823
6000000202477135824
6000000202486150874
6000000202681499323
6000000202681499330
6000000202681499344
6000000202681499350
6000000202752481909
6000000202752780857
6000000202752827876
6000000202752980850
6000000202792362822
6000000202837456830
6000000202837535823
6000000202898923869
6000000202905091844
6000000202905133844
6000000202905153828
6000000202905301821
6000000202981525822
6000000202994658944
6000000202995657822
6000000203265243865
6000000203265330827
6000000203266562823
6000000203268338821
6000000203268359822
6000000203324635061
6000000203444737865
6000000203465538878
6000000203466177837
6000000203474108129
6000000203474108133
6000000203561607835
6000000203595483902
6000000203668320833
6000000203668371827
6000000203737856839
6000000203738880824
6000000203739002822
6000000203810748877
6000000203810994826
6000000203810998835
6000000203811146825
6000000203811178838
6000000203811252821
6000000203823548868
6000000203824006823
6000000203827541829
6000000203936837837
6000000204023360821
6000000204110529889
6000000204169149838
6000000204169159830
6000000204184315840
6000000204185320823
6000000204187019823
6000000204341682856
6000000204341944836
6000000204342323822
6000000204435462846
6000000204435535856
6000000204435848831
6000000204435992840
6000000204436361843
6000000204557983826
6000000204558162882
6000000204558537858
6000000204636131962
6000000204646328823
6000000204646385825
6000000204646416821
6000000204646449823
6000000204649215829
6000000204649628822
6000000204664797821
6000000204691132879
6000000204691785839
6000000204756670829
6000000204770346836
6000000204802442836
6000000204802645825
6000000204848210918
6000000204872352846
6000000204872496854
6000000204872601825
6000000204872705823
6000000204896370868
6000000204962648838
6000000204974225865
6000000204974423852
6000000204974579855
6000000204974696839
6000000204974749832
6000000204974788823
6000000204979053911
6000000204995214153
6000000204995333044
6000000204995372951
6000000204995557878
6000000204995631831
6000000204995704921
6000000204995801863
6000000204996303868
6000000204997018912
6000000204997264887
6000000204997532848
6000000204997824874
6000000204997837832
6000000204998041849
6000000205012981823
6000000205030969874
6000000205058295014
6000000205059406838
6000000205059459836
6000000205059583823
6000000205059668881
6000000205060383847
6000000205067647835
6000000205075888844
6000000205085989037
6000000205086825844
6000000205086829837
6000000205086883882
6000000205086993885
6000000205087093847
6000000205087339835
6000000205087433861
6000000205087505857
6000000205087720834
6000000205087807821
6000000205087861894
6000000205088299827
6000000205089183834
6000000205090503896
6000000205090923874
6000000205091146879
6000000205091244835
6000000205091244840
6000000205091298842
6000000205091700823
6000000205092417878
6000000205092642826
6000000205094399851
6000000205095509861
6000000205095871821
6000000205096056834
6000000205096165826
6000000205100343875
6000000205100740840
6000000205109046841
6000000205109152860
6000000205109189834
6000000205109472822
6000000205126777845
6000000205133863957
6000000205134389821
6000000205160054835
6000000205169916089
6000000205169916094
6000000205169916099
6000000205169916111
6000000205169916133
6000000205169916138
6000000205169916148
6000000205170052854
6000000205170152847
6000000205170233853
6000000205170381865
6000000205170662126
6000000205170662173
6000000205170662273
6000000205172181838
6000000205172822896
6000000205173242865
6000000205173269821
6000000205173292876
6000000205173348848
6000000205173352876
6000000205173376856
6000000205173377851
6000000205173454861
6000000205173569853
6000000205173669821
6000000205173685821
6000000205173783911
6000000205173793930
6000000205173804822
6000000205173812843
6000000205173819843
6000000205173895835
6000000205173903824
6000000205174017825
6000000205174075851
6000000205174130829
6000000205174154823
6000000205174186823
6000000205174244821
6000000205174265821
6000000205174326821
6000000205200405880
6000000205200437903
6000000205200827852
6000000205201123851
6000000205201147833
6000000205201304831
6000000205246388876
6000000205327125987
6000000205328286878
6000000205328878822
6000000205328941821
6000000205407304832
6000000205423041905
6000000205516528856
6000000205521676840
6000000205521681833
6000000205526769821
6000000205610809034
6000000205610809068
6000000205610809084
6000000205610809089
6000000205643875855
6000000205643998833
6000000205644008843
6000000205662589843
6000000205682877835
6000000205682923823
6000000205721660794
6000000205721660802
6000000205738985990
6000000205739624882
6000000205739710873
6000000205739754905
6000000205739903907
6000000205740941821
6000000205741951955
6000000205742067926
6000000205742253918
6000000205742716861
6000000205742738838
6000000205742872855
6000000205742901843
6000000205742905830
6000000205742936839
6000000205742936865
6000000205743013829
6000000205743046831
6000000205743101838
6000000205743294825
6000000205743358839
6000000205743447826
6000000205746516878
6000000205746948828
6000000205754820915
6000000205755659832
6000000205867864828
6000000205867894830
6000000205900286851
6000000205967684907
6000000205998337823
6000000206005279822
6000000206195160836
6000000206195190843
6000000206244899844
6000000206316780822
6000000206536704846
6000000206612686874
6000000206652623841
6000000206764328827
6000000206833908847
6000000206834455879
6000000206870580862
6000000206906427865
6000000207018289826
6000000207109035825
6000000207131757854
6000000207132401851
6000000207132622839
6000000207132631823
6000000207132715822
6000000207132769833
6000000207224260726
6000000207224802712
6000000207224802722
6000000207224892879
6000000207225419829
6000000207225419846
6000000207307509824
6000000207307586822
6000000207531451823
6000000207568298862
6000000207568364839
6000000207568373824
6000000207568395868
6000000207568410833
6000000207568425824
6000000207568452821
6000000207568453840
6000000207661971833
6000000207717725701
6000000207769057827
6000000207770024856
6000000207770229822
6000000207770773821
6000000207856403823
6000000207904222823
6000000207904605821
6000000207904775873
6000000207904797839
6000000207904910856
6000000207904983857
6000000207904987835
6000000207905031827
6000000207905054824
6000000207905107824
6000000207905126822
6000000207905132823
6000000207905156821
6000000207911485101
6000000207951100876
6000000207951126867
6000000207951373821
6000000208082084867
6000000208240955841
6000000208286768842
6000000208312581854
6000000208394816857
6000000208490614631
6000000208490614654
6000000208490614663
6000000208490614679
6000000208491410887
6000000208491748855
6000000208491791821
6000000208491838821
6000000208492114826
6000000208492124822
6000000208493300894
6000000208493445883
6000000208493445934
6000000208493445939
6000000208493445954
6000000208493445961
6000000208493445966
6000000208493445972
6000000208493446022
6000000208493446054
6000000208493446151
6000000208624732829
6000000208624744825
6000000208718133985
6000000208718584822
6000000208719922840
6000000208721137826
6000000208721180830
6000000208721275824
6000000208722084836
6000000208729681859
6000000208778955831
6000000208835343928
6000000208835734835
6000000208850051846
6000000209066794833
6000000209085936828
6000000209086454823
6000000209086639838
6000000209089920948
6000000209108621864
6000000209111320822
6000000209374554827
6000000209375490833
6000000209494714864
6000000209508060845
6000000209589240824
6000000209595340830
6000000209616367848
6000000209631204821
6000000209700705987
6000000209721822822
6000000209752762846
6000000209752895846
6000000209753515852
6000000209771419840
6000000209771727825
6000000209789439022
6000000209789471848
6000000209789475857
6000000209794239856
6000000209903971020
6000000209904112848
6000000209904113838
6000000209904154855
6000000209904286827
6000000209934800837
6000000209990756841
6000000210033859848
6000000210034958823
6000000210070273826
6000000210271469827
6000000210273401934
6000000210273802842
6000000210273842821
6000000210273887847
6000000210274136843
6000000210348986821
6000000210387665830
6000000210392023839
6000000210435407862
6000000210435440824
6000000210435526834
6000000210454636821
6000000210481906829
6000000210482927824
6000000210483023822
6000000210483216837
6000000210483291822
6000000210498172824
6000000210535155851
6000000210685779831
6000000210721954829
6000000210726963869
6000000210732529851
6000000210732644833
6000000210873390838
6000000211005979842
6000000211014030822
6000000211014030826
6000000211014030830
6000000211015968840
6000000211090706825
6000000211219820822
6000000211221843821
6000000211321469875
6000000211525930847
6000000211526079821
6000000211570358821
6000000211780118843
6000000211797637821
6000000211847696821
6000000211847840827
6000000211847864824
6000000211847877830
6000000211888832824
6000000211976605821
6000000211987119821
6000000211987634854
6000000211987721869
6000000211987741835
6000000211987743851
6000000211987885821
6000000211987908822
6000000211987909821
6000000212017169834
6000000212017307822
6000000212063886831
6000000212064037823
6000000212119218825
6000000212123535826
6000000212123592835
6000000212123749831
6000000212253002822
6000000212257411830
6000000212358064852
6000000212358136840
6000000212358246836
6000000212358325855
6000000212358379829
6000000212402945828
6000000212661022824
6000000212709290842
6000000212709336827
6000000212853999821
6000000212854134821
6000000212938687824
6000000212938693821
6000000212940294854
6000000212940548832
6000000212940579821
6000000212996454827
6000000212996495821
6000000213315893823
6000000213340207827
6000000213432641823
6000000213474041822
6000000213535452821
6000000213749323826
6000000213892604838
6000000213892707833
6000000213892769823
6000000213942146823
6000000213942242840
6000000213942326833
6000000213942512824
6000000213942629825
6000000213942718824
6000000213942742827
6000000213942812831
6000000214145964826
6000000214146007851
6000000214476382846
6000000214476440845
6000000214476594821
6000000214476602826
6000000214630172822
6000000214769969822
6000000214771084840
6000000214786838833
6000000214867438845
6000000215006389829
6000000215006491824
6000000215006797839
6000000215006976860
6000000215007249821
6000000215007256833
6000000215007310833
6000000215007441836
6000000215007614826
6000000215007740821
6000000215007869829
6000000215007879821
6000000215007955827
6000000215008082835
6000000215008215828
6000000215008242825
6000000215008311828
6000000215087969886
6000000215116399824
6000000215116890822
6000000215117047821
6000000215125153821
6000000215240266821
6000000215254443822
6000000215347706830
6000000215479388836
6000000215479650829
6000000215483272822
6000000215483414831
6000000215483531867
6000000215493641829
6000000215508382828
6000000215509638874
6000000215612366825
6000000215612484850
6000000215612600828
6000000215612907822
6000000215850379846
6000000215850992832
6000000215903502826
6000000215910743827
6000000215930641829
6000000215930797821
6000000215930865830
6000000215931727858
6000000215934550846
6000000215935301822
6000000215952066823
6000000215952116821
6000000215952135825
6000000215955767844
6000000215962829826
6000000215962902841
6000000215968674844
6000000215968717827
6000000215968930821
6000000215968930836
6000000215968997827
6000000215973717855
6000000215973884835
6000000215973958822
6000000215976519821
6000000216014650823
6000000216030118832
6000000216063661841
6000000216063861831
6000000216064496832
6000000216072056834
6000000216072123841
6000000216072745834
6000000216092771870
6000000216093267832
6000000216105320858
6000000216122852839
6000000216342110831
6000000216342198843
6000000216342207833
6000000216342258823
6000000216571345900
6000000216571581834
6000000216576407847
6000000216576462836
6000000216576478825
6000000216586067838
6000000216586112822
6000000216708706863
6000000216712314843
6000000216809478828
6000000216935082829
6000000216935083847
6000000216980582838
6000000216988808835
6000000217055843824
6000000217057347886
6000000217190425821
6000000217225725854
6000000217225915842
6000000217226212826
6000000217228151896
6000000217288613841
6000000217288758824
6000000217328655975
6000000217328936891
6000000217328986849
6000000217328992853
6000000217329018824
6000000217329041827
6000000217329049845
6000000217329093825
6000000217329116826
6000000217329126831
6000000217329128848
6000000217329204838
6000000217329223825
6000000217329235821
6000000217329282821
6000000217336271918
6000000217336346906
6000000217336430860
6000000217336506907
6000000217336515872
6000000217336555907
6000000217336605822
6000000217336703837
6000000217339995834
6000000217363408821
6000000217363782849
6000000217363831831
6000000217363845822
6000000217364007821
6000000217364403821
6000000217364472821
6000000217371665830
6000000217371670840
6000000217371674821
6000000217434565823
6000000217434769834
6000000217434857828
6000000217435096821
6000000217435205841
6000000217435372873
6000000217435497871
6000000217435671842
6000000217435920843
6000000217435925824
6000000217435962862
6000000217565480832
6000000217573849823
6000000217675468830
6000000217773552823
6000000217782225838
6000000217782276821
6000000217841967833
6000000217926200822
6000000217928632825
6000000217965350865
6000000217990154879
6000000217990174886
6000000217990215833
6000000217990215845
6000000217990245836
6000000217990338852
6000000217990338866
6000000217990338931
6000000217990366821
6000000217990422839
6000000217990452829
6000000217990454832
6000000217990467849
6000000217990495823
6000000217990516846
6000000217990532833
6000000217990547855
6000000217990568829
6000000217990583831
6000000217990636824
6000000217990638825
6000000217990658828
6000000217990658845
6000000217990675868
6000000217990676830
6000000217990676837
6000000217990676857
6000000217990682835
6000000217990685833
6000000217990687824
6000000218011856868
6000000218011904847
6000000218032215856
6000000218032215896
6000000218032630896
6000000218032927846
6000000218032945855
6000000218033101828
6000000218033421878
6000000218033428833
6000000218033529825
6000000218034871822
6000000218036164821
6000000218037187849
6000000218037189879
6000000218037230827
6000000218037257869
6000000218037266834
6000000218037305821
6000000218037341825
6000000218037388875
6000000218037393835
6000000218037595825
6000000218041434856
6000000218042568970
6000000218042718866
6000000218047461825
6000000218054290879
6000000218054503822
6000000218054537829
6000000218054540880
6000000218054621885
6000000218054663853
6000000218054686853
6000000218054698827
6000000218054702836
6000000218054733846
6000000218054764854
6000000218054774821
6000000218054779828
6000000218054830836
6000000218119610837
6000000218183872843
6000000218184081821
6000000218184158841
6000000218184237841
6000000218184722893
6000000218184857831
6000000218215923836
6000000218222627880
6000000218222722909
6000000218222829859
6000000218465124827
6000000218534508924
6000000218681588879
6000000218888534831
6000000218936890881
6000000218936891832
6000000218936941825
6000000218936941839
6000000218936945842
6000000218936974845
6000000218936991831
6000000218937090826
6000000219007390829
6000000219197657886
6000000219294452877
6000000219294999862
6000000219309536974
6000000219309582880
6000000219309599863
6000000219309674858
6000000219357926861
6000000219400112841
6000000219400125859
6000000219400126835
6000000219400194834
6000000219400513821
6000000219621867957
6000000219622048890
6000000219698522904
6000000219759510828
6000000219773423861
6000000219773425861
6000000219810824832
6000000219810882836
6000000219886314830
6000000219928099848
6000000219932169493
6000000219932169503
6000000219961654857
6000000219961656852
6000000219961792828
6000000219973039858
6000000219973040838
6000000219973071900
6000000219973071905
6000000219973077853
6000000219973079878
6000000219973100877
6000000219973106850
6000000219973121821
6000000219973136836
6000000219973138836
6000000219973141830
6000000219973144823
6000000219973161821
6000000219973212917
6000000219973230901
6000000219973239847
6000000219973254839
6000000219973255872
6000000219973261849
6000000219973266833
6000000219973276836
6000000219973279854
6000000219973281830
6000000219987003847
6000000219990969883
6000000219991094833
6000000219991104828
6000000219991125823
6000000219992771935
6000000219992833876
6000000219992850831
6000000219992853889
6000000219992888842
6000000219992911822
6000000219992912826
6000000219992944838
6000000219992945821
6000000219992967823
6000000219992991822
6000000220005973877
6000000220006013862
6000000220006044864
6000000220006088854
6000000220006105870
6000000220006123836
6000000220006132859
6000000220006146850
6000000220006153891
6000000220006185824
6000000220006203844
6000000220006232865
6000000220006244840
6000000220015555878
6000000220016777824
6000000220025912930
6000000220030814839
6000000220030817824
6000000220030834839
6000000220030853827
6000000220030881832
6000000220030910824
6000000220030947850
6000000220030955821
6000000220074038863
6000000220163181835
6000000220167394834
6000000220167401825
6000000220183952834
6000000220205914891
6000000220206162871
6000000220421114848
6000000220421324952
6000000220421395829
6000000220421437859
6000000220421498823
6000000220421604837
6000000220421655822
6000000220421758890
6000000220421778854
6000000220421819836
6000000220421998830
6000000220422005847
6000000220422043821
6000000220422229821
6000000220422310893
6000000220422363840
6000000220422418850
6000000220422478829
6000000220422530875
6000000220422546859
6000000220422563824
6000000220422569846
6000000220422633827
6000000220422771883
6000000220422838828
6000000220422852832
6000000220422865830
6000000220422870827
6000000220422908821
6000000220424703844
6000000220424852829
6000000220430571854
6000000220430575859
6000000220559195821
6000000220562336897
6000000220563831900
6000000220565181831
6000000220565358843
6000000220565973846
6000000220565979831
6000000220580337821
6000000220580415950
6000000220717429914
6000000220751624984
6000000220831824868
6000000220832199880
6000000220833308828
6000000220876233832
6000000220890378823
6000000220981716936
6000000221012813940
6000000221023212918
6000000221023323870
6000000221023363825
6000000221052050062
6000000221052346975
6000000221052398862
6000000221052399896
6000000221052411856
6000000221052420869
6000000221052476874
6000000221052645943
6000000221052677850
6000000221052699883
6000000221052782836
6000000221052785836
6000000221138725919
6000000221138735884
6000000221138786863
6000000221139189892
6000000221139340841
6000000221197647828
6000000221217430891
6000000221229632925
6000000221298431875
6000000221298476895
6000000221298576832
6000000221298598838
6000000221298609821
6000000221298625825
6000000221298625833
6000000221298637856
6000000221298668859
6000000221298668866
6000000221298671832
6000000221298671849
6000000221298695965
6000000221298706892
6000000221298737822
6000000221298737831
6000000221298772823
6000000221298789836
6000000221298828822
6000000221298883832
6000000221338151895
6000000221340565821
6000000221382461275
6000000221382478138
6000000221382504099
6000000221382533035
6000000221382536892
6000000221382552976
6000000221382557929
6000000221382566908
6000000221473491949
6000000221502864302
6000000221506965936
6000000221507008849
6000000221529932877
6000000221530134823
6000000221532254842
6000000221619664968
6000000221634458916
6000000221634500848
6000000221662850892
6000000221662861899
6000000221662863872
6000000221662869892
6000000221662895908
6000000221662904843
6000000221662969842
6000000221662995845
6000000221663028858
6000000221663055845
6000000221663074825
6000000221663249822
6000000221681361034
6000000221681370983
6000000221681406878
6000000221681406882
6000000221681415910
6000000221681436826
6000000221681450826
6000000221741949911
6000000221742699868
6000000221767217922
6000000221767311824
6000000221869700949
6000000221891715878
6000000221891934890
6000000221892193874
6000000221892194098
6000000221892352834
6000000221892376823
6000000221892499893
6000000221892561833
6000000221892649840
6000000221892678825
6000000221895218834
6000000221922423917
6000000221922638976
6000000221922690910
6000000221922883875
6000000221922957865
6000000221923099843
6000000221936351830
6000000222011430828
6000000222013092899
6000000222062726852
6000000222073155866
6000000222146876830
6000000222274271870
6000000222376869914
6000000222395079927
6000000222431665886
6000000222431820837
6000000222436904030
6000000222438283839
6000000222438482827
6000000222445688825
6000000222447297908
6000000222447297936
6000000222447341987
6000000222447401841
6000000222447506850
6000000222447517823
6000000222447544829
6000000222538260004
6000000222538656831
6000000222538719831
6000000222538728006
6000000222538995859
6000000222558054825
6000000222575077846
6000000222606681912
6000000222606687906
6000000222606759881
6000000222606779864
6000000222606791877
6000000222606802868
6000000222606911837
6000000222606920832
6000000222700856828
6000000222701011833
6000000222701205917
6000000222701207896
6000000222701209890
6000000222701229867
6000000222701280872
6000000222701342821
6000000222749133982
6000000222892263888
6000000222975603027
6000000223020367895
6000000223020464825
6000000223084751901
6000000223106062877
6000000223111558926
6000000223112290834
6000000223123791845
6000000223134315858
6000000223134554909
6000000223134751826
6000000223153246852
6000000223202926877
6000000223229970727
6000000223231417091
6000000223231441974
6000000223231441979
6000000223231442031
6000000223231496269
6000000223231734376
6000000223231737102
6000000223231737123
6000000223231737131
6000000223231737139
6000000223231737148
6000000223231824538
6000000223231824546
6000000223232092103
6000000223232107980
6000000223232436049
6000000223233540367
6000000223355420819
6000000223357315827
6000000223357315871
6000000223422505821
6000000223431905926
6000000223431929857
6000000223432063836
6000000223432095884
6000000223432506881
6000000223432522835
6000000223432570850
6000000223433266001
6000000223433433957
6000000223433520950
6000000223433532898
6000000223433593889
6000000223433608874
6000000223433608881
6000000223433619893
6000000223433653823
6000000223433655882
6000000223433727835
6000000223433787875
6000000223433802874
6000000223433808842
6000000223433816834
6000000223433881824
6000000223433900827
6000000223433903849
6000000223434118825
6000000223470712840
6000000223524555848
6000000223547146903
6000000223571910870
6000000223663737823
6000000223679331876
6000000223688167879
6000000223688195877
6000000223688250848
6000000223688293825
6000000223688425828
6000000223692363131
6000000223692363139
6000000223692363170
6000000223692363178
6000000223692363192
6000000223692551349
6000000223692594449
6000000223692928021
6000000223692930495
6000000223693351940
6000000223693351950
6000000223734385003
6000000223775162480
6000000223775162558
6000000223775162566
6000000223775162572
6000000223775162582
6000000223775162591
6000000223775162596
6000000223775162601
6000000223775162606
6000000223775162611
6000000223775162617
6000000223775162626
6000000223775162636
6000000223775162645
6000000223775162651
6000000223775162657
6000000223775162666
6000000223775162671
6000000223775508012
6000000223822804965
6000000223823004822
6000000223838975852
6000000223846826885
6000000223847017847
6000000223847240857
6000000223852726891
6000000223852858846
6000000223869309149
6000000223869309179
6000000223869309184
6000000223869309189
6000000223869309195
6000000223869309201
6000000223869309216
6000000223869309222
6000000223869309257
6000000223869309266
6000000223869309280
6000000223869309416
6000000223887462001
6000000223887932898
6000000223888131914
6000000223888131943
6000000223888182909
6000000223888185871
6000000223909813033
6000000223909838974
6000000223909839095
6000000223909897952
6000000223910024908
6000000223910093847
6000000223920386864
6000000223920399858
6000000223920518843
6000000223955332835
6000000223955404839
6000000224010004860
6000000224010132879
6000000224086116847
6000000224086205848
6000000224123771891
6000000224123785910
6000000224123790896
6000000224123813827
6000000224150184839
6000000224155426138
6000000224155487036
6000000224155556065
6000000224155594000
6000000224155775855
6000000224155856833
6000000224155904835
6000000224155942823
6000000224156625852
6000000224157247823
6000000224157285850
6000000224175930906
6000000224175974180
6000000224176058844
6000000224176066843
6000000224176069873
6000000224176114841
6000000224176142849
6000000224216752903
6000000224216773938
6000000224332381864
6000000224351468805
6000000224351468815
6000000224351838825
6000000224351838833
6000000224374820842
6000000224375199866
6000000224375353851
6000000224375368865
6000000224375375822
6000000224375414824
6000000224375419833
6000000224462860858
6000000224495255836
6000000224495292845
6000000224495310845
6000000224495314825
6000000224497505998
6000000224497681831
6000000224497698839
6000000224511743021
6000000224512125824
6000000224542797905
6000000224575306859
6000000224575420821
6000000224579755869
6000000224579892838
6000000224643858828
6000000224651145940
6000000224651276916
6000000224651293929
6000000224651315882
6000000224651392847
6000000224651655860
6000000224652061915
6000000224653223843
6000000224653482822
6000000224765416825
6000000224812087121
6000000224812087130
6000000224812087139
6000000224812087152
6000000224812087163
6000000224812087174
6000000224812087183
6000000224812203130
6000000224812300150
6000000224812300160
6000000224812300168
6000000224812300173
6000000224812300184
6000000224812300192
6000000224812300200
6000000224812394032
6000000224812394042
6000000224812394089
6000000224812394099
6000000224815485329
6000000224815631071
6000000224816004826
6000000224816112979
6000000224816127843
6000000224816257833
6000000224825766841
6000000224846437829
6000000224846693838
6000000224847778880
6000000224851501918
6000000224851675851
6000000224851708833
6000000224851760972
6000000224851801901
6000000224851865845
6000000224852252009
6000000224852290913
6000000224852290997
6000000224852346865
6000000224852374905
6000000224852394900
6000000224852417868
6000000224852438894
6000000224852468843
6000000224852479838
6000000224880463901
6000000224880473867
6000000224880515842
6000000224880621825
6000000224880944898
6000000224881181831
6000000224921916903
6000000224981182769
6000000225002551208
6000000225003203856
6000000225003277883
6000000225003351894
6000000225003442865
6000000225021448913
6000000225021887854
6000000225025124879
6000000225035640968
6000000225035741919
6000000225035962879
6000000225036095943
6000000225036112924
6000000225036123823
6000000225036136858
6000000225036162985
6000000225036253835
6000000225036280869
6000000225036296823
6000000225036314827
6000000225036320838
6000000225036386841
6000000225036828921
6000000225037287834
6000000225037387825
6000000225037400837
6000000225037484829
6000000225037484835
6000000225037484841
6000000225037490835
6000000225131861952
6000000225131972888
6000000225132030829
6000000225132030845
6000000225132810821
6000000225132902932
6000000225132978891
6000000225132981839
6000000225133084837
6000000225142124503
6000000225172192890
6000000225386545407
6000000225394090864
6000000225395719942
6000000225395903852
6000000225396035827
6000000225396056825
6000000225433337861
6000000225433542868
6000000225433711912
6000000225448674942
6000000225448674946
6000000225495939185
6000000225496185920
6000000225496204027
6000000225496408855
6000000225496422878
6000000225496460049
6000000225496471058
6000000225496504932
6000000225496517967
6000000225496584977
6000000225496613960
6000000225496635089
6000000225496667010
6000000225496676869
6000000225496678921
6000000225496694833
6000000225496817933
6000000225496837893
6000000225496889867
6000000225496977822
6000000225497067821
6000000225497271842
6000000225497353822
6000000225497473823
6000000225541402044
6000000225563898922
6000000225563999830
6000000225564132847
6000000225564207821
6000000225582257930
6000000225582889858
6000000225582929836
6000000225583016831
6000000225583022903
6000000225583050840
6000000225583084823
6000000225583105848
6000000225583110824
6000000225583110838
6000000225583119821
6000000225583168821
6000000225587638884
6000000225587726853
6000000225677745368
6000000225680987831
6000000225680987841
6000000225680987876
6000000225681610073
6000000225681920833
6000000225681989872
6000000225682066964
6000000225682182905
6000000225682228850
6000000225682230851
6000000225682238826
6000000225682238833
6000000225682243873
6000000225682387862
6000000225696003845
6000000225698753067
6000000225699047980
6000000225699309964
6000000225699421825
6000000225699427875
6000000225699464824
6000000225699522884
6000000225699537837
6000000225699551859
6000000225699565829
6000000225699636897
6000000225699926826
6000000225699944873
6000000225700038849
6000000225700135821
6000000225702489907
6000000225702669837
6000000225703316843
6000000225705141898
6000000225705247835
6000000225705321821
6000000225705334821
6000000225709965832
6000000225721321930
6000000225725190845
6000000225725500823
6000000225728107892
6000000225728156858
6000000225728179872
6000000225728352876
6000000225728353848
6000000225728376830
6000000225728390852
6000000225728393849
6000000225728457846
6000000225728565828
6000000225728833914
6000000225728877841
6000000225728903863
6000000225728959899
6000000225728969829
6000000225728979825
6000000225733414028
6000000225733547121
6000000225733615921
6000000225733800840
6000000225741266038
6000000225741644887
6000000225741736829
6000000225741736835
6000000225751563824
6000000225768986827
6000000225769050030
6000000225769148908
6000000225769179866
6000000225769213821
6000000225769265835
6000000225769305836
6000000225769379830
6000000225769709921
6000000225769944880
6000000225769951851
6000000225769974829
6000000225770042833
6000000225770098845
6000000225770123836
6000000225770237821
6000000225770254821
6000000225779340845
6000000225796687920
6000000225796974834
6000000225803692832
6000000225843158835
6000000225843183824
6000000225843185831
6000000225843257835
6000000225843270824
6000000225847702855
6000000225847754873
6000000225847850831
6000000225974070827
6000000225974090035
6000000225974101008
6000000225974303926
6000000225974389950
6000000225974622845
6000000225974655844
6000000225974736821
6000000225987153829
6000000225987191901
6000000225987220849
6000000225987248858
6000000225987629824
6000000225987837870
6000000226031398924
6000000226064351832
6000000226064371838
6000000226064456822
6000000226070080908
6000000226108056946
6000000226167364934
6000000226167522822
6000000226204152979
6000000226205002974
6000000226285416847
6000000226309756909
6000000226310040821
6000000226334850867
6000000226334896845
6000000226353655851
6000000226360785884
6000000226360870845
6000000226378726948
6000000226378853864
6000000226385070847
6000000226385083828
6000000226385093847
6000000226385162833
6000000226385388894
6000000226385614861
6000000226385759850
6000000226408644846
6000000226408828863
6000000226409063874
6000000226409703901
6000000226409847842
6000000226410910837
6000000226412571909
6000000226412606919
6000000226412905856
6000000226413176854
6000000226437706952
6000000226437852871
6000000226485448832
6000000226485558847
6000000226485624822
6000000226501769838
6000000226502332831
6000000226503690843
6000000226503747904
6000000226640445903
6000000226640563836
6000000226640607875
6000000226640631843
6000000226647324836
6000000226654205823
6000000226685959828
6000000226686548890
6000000226723342901
6000000226723350937
6000000226723350972
6000000226723378877
6000000226723378935
6000000226723508842
6000000226723517825
6000000226723569822
6000000226785088914
6000000226785153837
6000000226785562013
6000000226785663853
6000000226801681920
6000000226801681934
6000000226801693092
6000000226801920839
6000000226816270038
6000000226816895999
6000000226816920960
6000000226816933824
6000000226816951971
6000000226816953861
6000000226816953867
6000000226816975847
6000000226817007995
6000000226833761835
6000000226857061050
6000000226962097995
6000000226962457821
6000000226968975901
6000000226977233850
6000000226977701832
6000000226978041821
6000000227005740930
6000000227006077821
6000000227006084835
6000000227006541844
6000000227008757864
6000000227008813843
6000000227019490829
6000000227032643899
6000000227032755906
6000000227036719829
6000000227037051830
6000000227039926826
6000000227040338177
6000000227040496843
6000000227040514839
6000000227040519867
6000000227040626876
6000000227040642831
6000000227040693904
6000000227070286265
6000000227070286272
6000000227085828865
6000000227086244080
6000000227086380915
6000000227086455824
6000000227086506866
6000000227086510841
6000000227128686915
6000000227160104931
6000000227191441892
6000000227204402855
6000000227208762844
6000000227208789849
6000000227212960823
6000000227222618886
6000000227223123884
6000000227224418030
6000000227225487992
6000000227225628908
6000000227225654852
6000000227226850980
6000000227226937013
6000000227226958932
6000000227226963946
6000000227226971913
6000000227226974923
6000000227227016909
6000000227227016919
6000000227227035828
6000000227227039845
6000000227227041840
6000000227227092862
6000000227227104853
6000000227228618082
6000000227228845895
6000000227258314142
6000000227258314174
6000000227258622821
6000000227265923877
6000000227265932898
6000000227266790863
6000000227266867831
6000000227289185918
6000000227289370034
6000000227289508960
6000000227289519030
6000000227289547881
6000000227289577861
6000000227289578852
6000000227289604840
6000000227289674822
6000000227289792822
6000000227289809829
6000000227289852821
6000000227291886826
6000000227294770839
6000000227294926845
6000000227295142836
6000000227295542846
6000000227295719853
6000000227295848846
6000000227296447925
6000000227297027825
6000000227297029878
6000000227297393968
6000000227297512829
6000000227297762830
6000000227297843999
6000000227298315838
6000000227298391886
6000000227313486929
6000000227314754852
6000000227326510857
6000000227326680842
6000000227327679856
6000000227327789838
6000000227330581876
6000000227331117833
6000000227342614939
6000000227342995847
6000000227344309868
6000000227350595871
6000000227350698831
6000000227353973827
6000000227353973839
6000000227366042946
6000000227366100864
6000000227380247996
6000000227390015829
6000000227390165834
6000000227397020897
6000000227397169844
6000000227398313824
6000000227400600015
6000000227402973864
6000000227440666852
6000000227441247821
6000000227460160863
6000000227460263873
6000000227460697832
6000000227482625039
6000000227483050840
6000000227484459828
6000000227484538844
6000000227485187824
6000000227491286914
6000000227491692123
6000000227491825869
6000000227491944835
6000000227491957837
6000000227511917880
6000000227511917885
6000000227538800887
6000000227539027827
6000000227545958914
6000000227546040834
6000000227548133949
6000000227548162834
6000000227548176863
6000000227591967854
6000000227592054953
6000000227595956984
6000000227595966930
6000000227596005841
6000000227596073874
6000000227596125949
6000000227601895821
6000000227605515864
6000000227605593851
6000000227605619879
6000000227605657856
6000000227605667925
6000000227605720849
6000000227611271924
6000000227611373892
6000000227611929840
6000000227614275833
6000000227668434852
6000000227676315909
6000000227676362934
6000000227676392008
6000000227676582856
6000000227676617890
6000000227676658979
6000000227676661862
6000000227676661960
6000000227676677869
6000000227676694875
6000000227676697827
6000000227676704858
6000000227676728821
6000000227676734863
6000000227676750829
6000000227676790821
6000000227676802897
6000000227682266003
6000000227682805928
6000000227682842833
6000000227682842840
6000000227683654853
6000000227693203853
6000000227693353922
6000000227693364951
6000000227693455835
6000000227693965055
6000000227694017875
6000000227694046920
6000000227694061998
6000000227694199890
6000000227694277862
6000000227695384828
6000000227696010826
6000000227696045842
6000000227696045851
6000000227696120825
6000000227696172845
6000000227696410829
6000000227696775867
6000000227699971846
6000000227700259966
6000000227700356831
6000000227700385060
6000000227700478841
6000000227700860918
6000000227701077821
6000000227701083825
6000000227701269995
6000000227701330991
6000000227701429922
6000000227701714932
6000000227701714944
6000000227701777825
6000000227701830850
6000000227707004886
6000000227707469926
6000000227707589983
6000000227708798842
6000000227708968860
6000000227709106861
6000000227710397834
6000000227710521057
6000000227710647857
6000000227710978823
6000000227711041892
6000000227711076875
6000000227711143943
6000000227711173112
6000000227711294908
6000000227711339822
6000000227711646877
6000000227711941843
6000000227712032840
6000000227712070008
6000000227712094916
6000000227712197866
6000000227712700862
6000000227712800823
6000000227714378863
6000000227714686873
6000000227715260898
6000000227715319837
6000000227715492839
6000000227716736847
6000000227717534826
6000000227720080850
6000000227722010881
6000000227722050863
6000000227723403845
6000000227725063822
6000000227725118843
6000000227725145964
6000000227725149898
6000000227725168838
6000000227730970826
6000000227733592130
6000000227733726056
6000000227734062918
6000000227734105983
6000000227734179947
6000000227734197918
6000000227734339864
6000000227734395821
6000000227734429839
6000000227735175860
6000000227735855842
6000000227738946872
6000000227738961944
6000000227739018883
6000000227739063867
6000000227739073017
6000000227739183868
6000000227739381826
6000000227739695943
6000000227743729884
6000000227749221232
6000000227750261857
6000000227755683825
6000000227757314896
6000000227757576826
6000000227757712839
6000000227787716121
6000000227789550121
6000000227800692892
6000000227800771866
6000000227800892821
6000000227802407043
6000000227802431855
6000000227802432937
6000000227802697066
6000000227802697137
6000000227803023862
6000000227803023904
6000000227803024957
6000000227803024982
6000000227803024989
6000000227803027847
6000000227803029977
6000000227803031913
6000000227803032874
6000000227803038858
6000000227803041902
6000000227803041931
6000000227803060855
6000000227803060959
6000000227803061825
6000000227803068881
6000000227803073849
6000000227803077823
6000000227803089850
6000000227803089879
6000000227803089951
6000000227803090852
6000000227803104825
6000000227804005917
6000000227805012893
6000000227805073902
6000000227805352866
6000000227805421869
6000000227811549827
6000000227816205043
6000000227816313859
6000000227816363824
6000000227816411855
6000000227816516922
6000000227816541821
6000000227816551825
6000000227816621867
6000000227816628912
6000000227816629854
6000000227816685869
6000000227819770878
6000000227819884848
6000000227820054849
6000000227822504936
6000000227822504942
6000000227822546944
6000000227822567857
6000000227822600883
865913
959765
979118
