4304466546090010445
4304704214010031755
4304704294180010462
4304763092520031867
4304834382470043539
4304847550660068157
6000000001748533664
6000000001748551785
6000000001748654436
6000000001748654696
6000000001748660102
6000000001748661095
6000000001748672602
6000000001748691943
6000000001748694008
6000000001748694840
6000000001748699599
6000000001748757438
6000000001748794464
6000000001748815632
6000000001748837458
6000000001748867302
6000000001748879082
6000000001748915234
6000000001748929408
6000000001748935230
6000000001748945395
6000000001748963097
6000000001748980084
6000000001748980326
6000000001748981833
6000000001749009043
6000000001749027060
6000000001749034091
6000000001749044133
6000000001749058207
6000000001749775130
6000000001749799095
6000000001749849221
6000000001749883334
6000000001749895042
6000000001749926124
6000000001750037624
6000000001750072092
6000000001750082027
6000000001751715788
6000000001751728613
6000000001751888428
6000000001751947378
6000000001752000637
6000000001752013482
6000000001752046615
6000000001752066502
6000000001752118236
6000000001752140473
6000000001752159295
6000000001752203019
6000000001752203408
6000000001752206010
6000000001752217564
6000000001752233235
6000000001752271472
6000000001752307358
6000000001752307572
6000000001752364286
6000000001752454070
6000000001752454194
6000000001752468029
6000000001752585687
6000000001752586990
6000000001752624604
6000000001752665613
6000000001752679378
6000000001752714983
6000000001752721902
6000000001752741601
6000000001752744491
6000000001752779472
6000000001752798334
6000000001752806274
6000000001752816370
6000000001752845602
6000000001752845726
6000000001752874209
6000000001752880391
6000000001752933327
6000000001752935449
6000000001752938176
6000000001752943342
6000000001752945193
6000000001752962180
6000000001753018848
6000000001753034204
6000000001753047069
6000000001753074118
6000000001753095045
6000000001753128055
6000000001753199387
6000000001753313498
6000000001753314855
6000000001753416750
6000000001753450689
6000000001753460708
6000000001753468000
6000000001753541363
6000000001753541538
6000000001753554653
6000000001753564082
6000000001753565477
6000000001753594285
6000000001753597346
6000000001753597471
6000000001753616391
6000000001753636055
6000000001753648195
6000000001753659190
6000000001753662072
6000000001753670057
6000000001753670133
6000000001753691152
6000000001753704019
6000000001753704110
6000000001753706023
6000000001753721868
6000000001753723505
6000000001753726108
6000000001753834360
6000000001753920265
6000000001753971014
6000000001754175218
6000000001754185261
6000000001754215618
6000000001758376766
6000000001758502952
6000000001758580408
6000000001758627423
6000000001758642410
6000000001758657554
6000000001758676342
6000000001758729159
6000000001758739061
6000000001759114331
6000000001759230991
6000000001759366262
6000000001759474473
6000000001759538243
6000000001759545608
6000000001759574723
6000000001759618197
6000000001759620184
6000000001759678113
6000000001759683084
6000000001759687030
6000000001759746006
6000000001759829682
6000000001759887557
6000000001759890644
6000000001759946636
6000000001760004171
6000000001760060260
6000000001760126070
6000000001760353856
6000000001760826653
6000000001760902465
6000000001760966473
6000000001760977412
6000000001761022253
6000000001761131104
6000000001761146748
6000000001761148080
6000000001761226135
6000000001761398206
6000000001761519617
6000000001761954702
6000000001761993261
6000000001762012397
6000000001762023350
6000000001762029166
6000000001762037612
6000000001762118310
6000000001762123064
6000000001765368974
6000000001765543599
6000000001765699830
6000000001765715603
6000000001765740308
6000000001765765813
6000000001765782399
6000000001765832241
6000000001765843612
6000000001765862594
6000000001765864351
6000000001765917476
6000000001765982223
6000000001766018508
6000000001766024152
6000000001766066023
6000000001770593916
6000000001770605546
6000000001770611848
6000000001770646640
6000000001770735597
6000000001770749189
6000000001770754714
6000000001770780960
6000000001770791433
6000000001770795257
6000000001770807123
6000000001770836486
6000000001770853299
6000000001770856290
6000000001770863021
6000000001770917132
6000000001770982124
6000000001770992142
6000000001771510740
6000000001771594420
6000000001771639277
6000000001771689248
6000000001771690350
6000000001771718023
6000000001771731180
6000000001771770520
6000000001771774043
6000000001773293043
6000000001773302284
6000000001773305172
6000000001773332170
6000000001773343021
6000000001773344199
6000000001773345127
6000000001773358038
6000000001773362036
6000000001773363019
6000000001773364073
6000000001773367026
6000000001773370035
6000000001773370109
6000000001773378032
6000000001773378108
6000000001773399043
6000000001773861856
6000000001773939859
6000000001773951722
6000000001774135676
6000000001774161721
6000000001774185093
6000000001774196955
6000000001774268453
6000000001774317296
6000000001774368800
6000000001774436572
6000000001774436657
6000000001774464382
6000000001774468511
6000000001774486431
6000000001774604031
6000000001774801025
6000000001774822106
6000000001775354756
6000000001775652773
6000000001775699216
6000000001775699263
6000000001775780062
6000000001775815427
6000000001775842179
6000000001775907020
6000000001776367748
6000000001776674390
6000000001776704276
6000000001776709761
6000000001776767264
6000000001776842126
6000000001777834816
6000000001778135316
6000000001778135502
6000000001778140618
6000000001778144262
6000000001778167433
6000000001778175700
6000000001778184424
6000000001778222281
6000000001778233276
6000000001778253063
6000000001778298009
6000000001778302082
6000000001782713633
6000000001782763384
6000000001782776469
6000000001782785771
6000000001782793376
6000000001782797590
6000000001782852233
6000000001782852630
6000000001782863613
6000000001782890443
6000000001782936244
6000000001782955223
6000000001782978992
6000000001782993115
6000000001783016637
6000000001783016758
6000000001783016792
6000000001783017010
6000000001783057791
6000000001783062698
6000000001783068787
6000000001783092589
6000000001783093570
6000000001783107537
6000000001783108386
6000000001783111735
6000000001783124308
6000000001783130225
6000000001783212232
6000000001783213157
6000000001783220954
6000000001783220993
6000000001783221428
6000000001783249099
6000000001783267069
6000000001783268632
6000000001783273339
6000000001783297144
6000000001783310583
6000000001783357630
6000000001783379671
6000000001783387930
6000000001783526076
6000000001783548204
6000000001783553010
6000000001783592190
6000000001783662195
6000000001783675111
6000000001798416508
6000000001798469446
6000000001798503164
6000000001798550486
6000000001800819002
6000000001800895151
6000000001806523500
6000000001806576165
6000000001806619139
6000000001807247520
6000000001807294821
6000000001807312721
6000000001807347817
6000000001807525080
6000000001809171449
6000000001809269420
6000000001809284272
6000000001809389841
6000000001809447573
6000000001809537336
6000000001809557155
6000000001809578097
6000000001809708308
6000000001809778138
6000000001809849072
6000000001810899059
6000000001811296666
6000000001811366631
6000000001813343423
6000000001820934968
6000000001821155233
6000000001821307147
6000000001821311132
6000000001821327083
6000000001821457168
6000000001821884192
6000000001822098384
6000000001824108913
6000000001824142118
6000000001824155477
6000000001824162608
6000000001824203465
6000000001824750460
6000000001867712153
6000000001867879089
6000000001868127969
6000000001868152899
6000000001868198926
6000000001868245667
6000000001868245707
6000000001868245727
6000000001868276976
6000000001868311109
6000000001868377477
6000000001868402228
6000000001868402254
6000000001868694027
6000000001868735567
6000000001870526382
6000000001870605288
6000000001870615880
6000000001870631482
6000000001870631542
6000000001870642035
6000000001870642470
6000000001870724660
6000000001870748414
6000000001870762256
6000000001870771617
6000000001870781312
6000000001870801184
6000000001870873095
6000000001870882288
6000000001870891109
6000000001870905068
6000000001871018069
6000000001880575515
6000000001881847905
6000000001882081793
6000000001882086900
6000000001882099623
6000000001882100174
6000000001882100280
6000000001882152178
6000000001882152337
6000000001882160372
6000000001882193085
6000000001882199023
6000000001882204014
6000000001882217152
6000000001882241605
6000000001882286028
6000000001882299125
6000000001882377026
6000000001882445156
6000000001882446031
6000000001882455092
6000000001882791044
6000000001883880639
6000000001884009010
6000000001884729172
6000000001884769179
6000000001885922595
6000000001885940763
6000000001886024014
6000000001886099427
6000000001891192789
6000000001891281658
6000000001891328153
6000000001891331831
6000000001891426398
6000000001892006756
6000000001892047496
6000000001892060193
6000000001892132335
6000000001892179473
6000000001892188481
6000000001892188525
6000000001892190223
6000000001892226293
6000000001892239083
6000000001892239268
6000000001892241142
6000000001892241224
6000000001892244150
6000000001892245006
6000000001892247014
6000000001892248095
6000000001892312023
6000000001892313058
6000000001892416083
6000000001892423086
6000000001892434038
6000000001892452145
6000000001893848910
6000000001893949682
6000000001893988451
6000000001893988990
6000000001894299151
6000000001894397019
6000000001896603395
6000000001896683400
6000000001896860886
6000000001896895561
6000000001897030322
6000000001905352718
6000000001906073925
6000000001906180969
6000000001906654293
6000000001906654396
6000000001906667883
6000000001906682251
6000000001906727234
6000000001907132105
6000000001907266843
6000000001907328813
6000000001907392717
6000000001907392996
6000000001907464766
6000000001907491490
6000000001907501974
6000000001907572122
6000000001907607135
6000000001907614031
6000000001907618171
6000000001907646044
6000000001907658088
6000000001908342174
6000000001908342267
6000000001908419547
6000000001908484250
6000000001908509086
6000000001908528229
6000000001908545007
6000000001908560960
6000000001908563013
6000000001908570768
6000000001908572106
6000000001908616805
6000000001908643929
6000000001908803333
6000000001908869321
6000000001908875469
6000000001913848626
6000000001913876918
6000000001913880790
6000000001913937076
6000000001913943599
6000000001914004714
6000000001914026101
6000000001914026453
6000000001914041294
6000000001914053100
6000000001914054327
6000000001914071654
6000000001914072191
6000000001914073076
6000000001914114564
6000000001914129464
6000000001914132156
6000000001914165631
6000000001914228099
6000000001914309038
6000000001914568843
6000000001914806004
6000000001916316701
6000000001916899003
6000000001916923011
6000000001917140547
6000000001917199520
6000000001917243407
6000000001917251356
6000000001917253457
6000000001917436151
6000000001917595065
6000000001917647079
6000000001917661030
6000000001919331800
6000000001919719394
6000000001919725349
6000000001919824379
6000000001919828117
6000000001919828127
6000000001919918186
6000000001919935004
6000000001919954208
6000000001919974094
6000000001919976092
6000000001919978185
6000000001919982169
6000000001919983047
6000000001919993008
6000000001920093044
6000000001920913986
6000000001921116264
6000000001921155302
6000000001921160531
6000000001921277490
6000000001921278364
6000000001921306054
6000000001921437027
6000000001921738423
6000000001921746630
6000000001921907057
6000000001930374908
6000000001930817523
6000000001930859825
6000000001930899784
6000000001930917849
6000000001930963883
6000000001930972370
6000000001930975613
6000000001930976606
6000000001931019520
6000000001931082330
6000000001931091279
6000000001931107302
6000000001931140356
6000000001931145043
6000000001931157201
6000000001931182278
6000000001931183724
6000000001931201141
6000000001931237071
6000000001931282107
6000000001931392124
6000000001931435027
6000000001931435056
6000000001931443010
6000000001932455937
6000000001932927768
6000000001933010271
6000000001933062679
6000000001933152190
6000000001933182517
6000000001933195172
6000000001933207147
6000000001933440156
6000000001933539084
6000000001933589004
6000000001934208556
6000000001934397906
6000000001934427547
6000000001934537856
6000000001934543162
6000000001934551042
6000000001934715122
6000000001934946355
6000000001934991207
6000000001935233128
6000000001949696500
6000000001950120775
6000000001950141295
6000000001950307386
6000000001950491131
6000000001950545259
6000000001950557106
6000000001950564107
6000000001951984663
6000000001952021595
6000000001952071291
6000000001952073807
6000000001952102881
6000000001952129341
6000000001957656581
6000000001957747353
6000000001957747803
6000000001957798118
6000000001957809122
6000000001957809250
6000000001957876016
6000000001957950526
6000000001957968330
6000000001958069156
6000000001958108174
6000000001958109174
6000000001958158027
6000000001976109481
6000000001976122780
6000000001976255607
6000000001976349196
6000000001976402540
6000000001976425445
6000000001976507328
6000000001976527338
6000000001976549667
6000000001976557624
6000000001976563359
6000000001976570028
6000000001976574431
6000000001976587634
6000000001976700029
6000000001976792005
6000000001976993982
6000000001977331557
6000000001977395469
6000000001977402968
6000000001977513319
6000000001977540355
6000000001977671479
6000000001977698410
6000000001977716421
6000000001977787242
6000000001977787282
6000000001977850653
6000000001978187519
6000000001978480232
6000000001978504826
6000000001978851051
6000000001980087195
6000000001984921766
6000000001984936088
6000000001984940140
6000000001984940160
6000000001984950031
6000000001984989082
6000000001985007575
6000000001985038622
6000000001985107443
6000000001985168484
6000000001985336274
6000000001985596285
6000000001986258801
6000000001986289851
6000000001986313301
6000000001986321882
6000000001986322728
6000000001986339745
6000000001986404041
6000000001986494002
6000000001987554230
6000000001987968636
6000000001987978329
6000000001988011919
6000000001988104199
6000000001988164301
6000000001988328297
6000000001988348207
6000000001988351116
6000000001989237115
6000000001989452190
6000000001990178412
6000000001996420695
6000000001996554832
6000000001996607285
6000000001996621323
6000000001996656284
6000000001996662792
6000000001996687020
6000000001997489836
6000000001997573982
6000000001997575652
6000000001997595431
6000000001997610760
6000000001997610848
6000000001997654836
6000000001997656774
6000000001997662480
6000000001997704646
6000000001997743506
6000000001997743724
6000000001997745533
6000000001997747320
6000000001997758549
6000000001997830183
6000000001997832040
6000000001997832372
6000000001997833292
6000000001997842023
6000000001997842092
6000000001997860124
6000000001997871077
6000000001997871098
6000000001997873018
6000000001997875010
6000000001997891264
6000000001997891311
6000000001997893071
6000000001997893685
6000000001997919004
6000000001997979473
6000000001998237692
6000000001998360407
6000000001998385631
6000000001998394324
6000000001998394481
6000000001998398286
6000000001998412151
6000000001998416229
6000000001998431191
6000000001998436039
6000000001998440040
6000000001998440066
6000000001998467064
6000000001998467762
6000000001998468065
6000000001998472686
6000000001998481295
6000000001998493926
6000000001998499767
6000000001998515947
6000000001998548659
6000000001998572241
6000000001998572252
6000000001998610309
6000000001998628024
6000000001998670330
6000000001998674581
6000000001998716259
6000000001998723809
6000000001998818060
6000000001998909980
6000000001998943132
6000000001998950996
6000000001998956677
6000000001998959102
6000000001998959477
6000000001998968947
6000000001998981690
6000000001998999596
6000000001999000261
6000000001999026152
6000000001999027181
6000000001999034314
6000000001999059146
6000000001999404215
6000000001999415090
6000000001999415132
6000000001999422157
6000000001999422299
6000000001999424238
6000000001999428485
6000000001999465450
6000000001999470281
6000000001999473079
6000000001999500147
6000000001999503188
6000000001999508221
6000000001999517288
6000000001999532727
6000000002010821602
6000000002150140293
6000000002157419183
6000000002157422611
6000000002157427157
6000000002157489205
6000000002157561083
6000000002157693162
6000000002157766175
6000000002157830050
6000000002157907030
6000000002175902836
6000000002175936490
6000000002175951669
6000000002176060555
6000000002176168835
6000000002176425870
6000000002176448438
6000000002176478231
6000000002176625369
6000000002176640106
6000000002176667357
6000000002176704339
6000000002176776124
6000000002177074519
6000000002177114502
6000000002177258977
6000000002177282133
6000000002177475704
6000000002177534448
6000000002177574521
6000000002177649260
6000000002178744996
6000000002178861529
6000000002179303346
6000000002179414251
6000000002179472596
6000000002180095733
6000000002180119396
6000000002180230519
6000000002180281625
6000000002180441051
6000000002180602039
6000000002180669123
6000000002180805430
6000000002181397179
6000000002181402050
6000000002181539486
6000000002181652189
6000000002181653479
6000000002181699030
6000000002182090290
6000000002182150771
6000000002182228549
6000000002182253049
6000000002182332985
6000000002182410554
6000000002182426302
6000000002182456940
6000000002182465339
6000000002182526199
6000000002182595628
6000000002182699955
6000000002182721025
6000000002182805500
6000000002187938971
6000000002187989735
6000000002188060995
6000000002188148213
6000000002188161351
6000000002188173518
6000000002188173541
6000000002188175658
6000000002188197473
6000000002188212370
6000000002188234668
6000000002188235370
6000000002188262249
6000000002188263307
6000000002188264604
6000000002188266219
6000000002188291149
6000000002188331099
6000000002188347037
6000000002188369982
6000000002188580253
6000000002188590328
6000000002188642441
6000000002188709911
6000000002188760507
6000000002188771046
6000000002188771197
6000000002188961562
6000000002188982281
6000000002189013412
6000000002189044073
6000000002189063272
6000000002189066266
6000000002189074772
6000000002189113199
6000000002189129084
6000000002189191133
6000000002189209042
6000000002189252829
6000000002189272203
6000000002189277819
6000000002189325160
6000000002189389950
6000000002189422977
6000000002189441795
6000000002189451454
6000000002189472124
6000000002189549004
6000000002189557453
6000000002189590553
6000000002189593625
6000000002189665174
6000000002190045599
6000000002190110167
6000000002190110572
6000000002190139870
6000000002190151208
6000000002190200061
6000000002190206913
6000000002190216287
6000000002190218368
6000000002190257046
6000000002190285046
6000000002190300023
6000000002190420864
6000000002190440822
6000000002190454022
6000000002190629534
6000000002190640682
6000000002190670019
6000000002190716252
6000000002190802375
6000000002190892097
6000000002190902175
6000000002190916383
6000000002190920335
6000000002191114005
6000000002191738396
6000000002192065509
6000000002193199352
6000000002193823437
6000000002203797878
6000000002204041453
6000000002204067380
6000000002204129489
6000000002204170256
6000000002204242094
6000000002204712346
6000000002210376049
6000000002211223586
6000000002211274371
6000000002211284091
6000000002211292089
6000000002211335074
6000000002211350023
6000000002211354065
6000000002212511658
6000000002212773114
6000000002213404326
6000000002224262610
6000000002224295945
6000000002224436274
6000000002224441096
6000000002224527178
6000000002224647015
6000000002230433647
6000000002230543239
6000000002230619267
6000000002230688903
6000000002230805148
6000000002230827991
6000000002231041862
6000000002231109805
6000000002231170268
6000000002231173014
6000000002231192309
6000000002231231438
6000000002231241832
6000000002231250214
6000000002231250802
6000000002231287594
6000000002231362102
6000000002231382125
6000000002231390032
6000000002231412943
6000000002231418481
6000000002231447401
6000000002231504154
6000000002231523824
6000000002231539034
6000000002231545527
6000000002231545620
6000000002231902525
6000000002231972437
6000000002231972495
6000000002232023145
6000000002232101280
6000000002232112061
6000000002232119149
6000000002232310385
6000000002232334625
6000000002232365764
6000000002232468766
6000000002232482822
6000000002232493424
6000000002232498765
6000000002232596306
6000000002232663446
6000000002232697236
6000000002232706547
6000000002232717960
6000000002232732649
6000000002232875239
6000000002232925571
6000000002232963326
6000000002232975225
6000000002232978085
6000000002232984373
6000000002238864725
6000000002238994248
6000000002239050112
6000000002239195994
6000000002239197972
6000000002239258895
6000000002239358175
6000000002239373694
6000000002239412202
6000000002239460352
6000000002239634168
6000000002239661325
6000000002239766918
6000000002239779341
6000000002239882215
6000000002239895183
6000000002239978031
6000000002240107727
6000000002240211706
6000000002240225353
6000000002240230729
6000000002240256463
6000000002240280145
6000000002240373487
6000000002240408606
6000000002240521350
6000000002240524984
6000000002240683805
6000000002240792247
6000000002241113802
6000000002241140583
6000000002241196378
6000000002241339056
6000000002241357006
6000000002241380071
6000000002241383302
6000000002241413673
6000000002241424136
6000000002241426085
6000000002241442037
6000000002241444081
6000000002241460102
6000000002241506611
6000000002241638024
6000000002241639331
6000000002241648156
6000000002241746394
6000000002241880955
6000000002241923685
6000000002241948258
6000000002241972850
6000000002242088106
6000000002242088291
6000000002242095137
6000000002242134035
6000000002242137263
6000000002242177978
6000000002242370310
6000000002242382620
6000000002242487242
6000000002242551178
6000000002242551360
6000000002242558018
6000000002242720268
6000000002243336183
6000000002243360253
6000000002243701071
6000000002266224688
6000000002266301458
6000000002266341949
6000000002266401930
6000000002266470640
6000000002266519717
6000000002266657155
6000000002266705285
6000000002266707311
6000000002266717089
6000000002266814233
6000000002266821263
6000000002266927431
6000000002266973146
6000000002266997089
6000000002267004176
6000000002267773255
6000000002267817765
6000000002268806424
6000000002269610682
6000000002269767223
6000000002269767492
6000000002269771605
6000000002269811693
6000000002269870008
6000000002270116912
6000000002270465899
6000000002270551123
6000000002271038945
6000000002271322607
6000000002271347708
6000000002278794253
6000000002279028139
6000000002279054340
6000000002279169370
6000000002279417360
6000000002281056503
6000000002282050667
6000000002297272000
6000000002297397220
6000000002297430949
6000000002297438371
6000000002297448275
6000000002297519077
6000000002297560128
6000000002297560222
6000000002316315982
6000000002316472622
6000000002316505383
6000000002316523976
6000000002316623011
6000000002316638232
6000000002316641955
6000000002316734328
6000000002316761754
6000000002316812217
6000000002316830114
6000000002316835236
6000000002316836106
6000000002316965378
6000000002317069615
6000000002317071041
6000000002317111514
6000000002317128038
6000000002317219235
6000000002317312001
6000000002335169692
6000000002335271800
6000000002335329830
6000000002335409205
6000000002344138392
6000000002344479564
6000000002344815068
6000000002344870069
6000000002356922444
6000000002357007137
6000000002367726800
6000000002367766209
6000000002367772229
6000000002367873201
6000000002367897230
6000000002367958478
6000000002367961645
6000000002368172841
6000000002368275130
6000000002369272005
6000000002369291590
6000000002369313614
6000000002369324194
6000000002369337223
6000000002369357075
6000000002369384092
6000000002369400187
6000000002369402125
6000000002369465629
6000000002369538046
6000000002369564139
6000000002371901592
6000000002371964146
6000000002371964635
6000000002372010391
6000000002372084336
6000000002372084597
6000000002372112350
6000000002381877452
6000000002394051648
6000000002394246336
6000000002394374201
6000000002394376336
6000000002401260200
6000000002401273065
6000000002401304102
6000000002401680773
6000000002401731700
6000000002401740202
6000000002401741265
6000000002401760394
6000000002401871968
6000000002401993109
6000000002402008160
6000000002402025461
6000000002402080556
6000000002402118221
6000000002402202385
6000000002414599850
6000000002414631641
6000000002414705137
6000000002414732208
6000000002414754013
6000000002414758193
6000000002414763162
6000000002414891682
6000000002414952643
6000000002415026874
6000000002415075217
6000000002415081732
6000000002415085351
6000000002415087796
6000000002415105655
6000000002415127989
6000000002415140200
6000000002415144630
6000000002415144974
6000000002415177442
6000000002415210630
6000000002415223128
6000000002415275264
6000000002415292369
6000000002415299558
6000000002415314098
6000000002415337238
6000000002415402139
6000000002415418202
6000000002415458212
6000000002415493066
6000000002415664562
6000000002415810357
6000000002415813106
6000000002415873277
6000000002415878347
6000000002415927396
6000000002415951496
6000000002415960060
6000000002415964471
6000000002415994961
6000000002416020672
6000000002416030104
6000000002416033374
6000000002416037608
6000000002416067384
6000000002416099481
6000000002416105763
6000000002416128495
6000000002416143186
6000000002416148765
6000000002416174208
6000000002416194520
6000000002416215479
6000000002416217634
6000000002416224737
6000000002416224839
6000000002416227162
6000000002416231190
6000000002416239180
6000000002416247373
6000000002416274210
6000000002416276234
6000000002416330829
6000000002416344212
6000000002416350296
6000000002416358404
6000000002416362313
6000000002416362744
6000000002416373711
6000000002416377200
6000000002416379610
6000000002416431387
6000000002416431524
6000000002416431635
6000000002416434382
6000000002416434399
6000000002416448145
6000000002416448803
6000000002416461164
6000000002416461241
6000000002416461671
6000000002416461898
6000000002416479066
6000000002416482159
6000000002416488577
6000000002416500073
6000000002416500120
6000000002416524102
6000000002416532761
6000000002416533126
6000000002416534163
6000000002416536141
6000000002416537219
6000000002416539083
6000000002416568045
6000000002416607024
6000000002416619310
6000000002416643453
6000000002416653004
6000000002416687620
6000000002416695353
6000000002416695600
6000000002416702056
6000000002416703483
6000000002416709209
6000000002416710248
6000000002416741297
6000000002417035923
6000000002417051799
6000000002417066958
6000000002417095332
6000000002417102258
6000000002417105819
6000000002417118384
6000000002417146960
6000000002417198463
6000000002417207266
6000000002417207621
6000000002417207983
6000000002417281109
6000000002417394228
6000000002417445200
6000000002417484861
6000000002417495208
6000000002417499741
6000000002417539001
6000000002417539520
6000000002417549521
6000000002417575019
6000000002417631426
6000000002417645337
6000000002417651251
6000000002417655069
6000000002417717766
6000000002417735610
6000000002417747168
6000000002417823136
6000000002417834787
6000000002417835278
6000000002417858174
6000000002417897005
6000000002418096774
6000000002418161302
6000000002418311245
6000000002418390022
6000000002421303820
6000000002421391715
6000000002421415704
6000000002421535299
6000000002421550147
6000000002421701002
6000000002421729001
6000000002440251920
6000000002440474568
6000000002440487375
6000000002440561454
6000000002440591934
6000000002440605566
6000000002440605943
6000000002440709717
6000000002440758984
6000000002440762195
6000000002440783432
6000000002440818651
6000000002440828435
6000000002440875509
6000000002440887230
6000000002440889805
6000000002440965465
6000000002441035713
6000000002441038840
6000000002441041881
6000000002441078451
6000000002441160019
6000000002441163802
6000000002441164008
6000000002441225480
6000000002441259329
6000000002441268458
6000000002441363417
6000000002441366823
6000000002441367694
6000000002441377017
6000000002441391639
6000000002441399342
6000000002441400178
6000000002441425438
6000000002441436113
6000000002441454311
6000000002441484021
6000000002441484473
6000000002442091583
6000000002442130654
6000000002442173325
6000000002442214190
6000000002442322201
6000000002442322770
6000000002442324085
6000000002442343329
6000000002442356112
6000000002442447917
6000000002442509795
6000000002442564070
6000000002442618802
6000000002442686023
6000000002442759086
6000000002456276473
6000000002456299237
6000000002456318352
6000000002456324537
6000000002456339328
6000000002456344656
6000000002456346342
6000000002456381399
6000000002457042267
6000000002458456487
6000000002458480221
6000000002469830633
6000000002469885536
6000000002469912716
6000000002469931332
6000000002469962379
6000000002469964129
6000000002469964943
6000000002469968978
6000000002470000430
6000000002470027708
6000000002470028343
6000000002470043217
6000000002470047496
6000000002470155308
6000000002470156594
6000000002470190181
6000000002470263041
6000000002470283012
6000000002470293242
6000000002470370311
6000000002470429778
6000000002470440662
6000000002470511863
6000000002470547321
6000000002470675081
6000000002470779509
6000000002473830969
6000000002474337420
6000000002474371229
6000000002474421239
6000000002474430451
6000000002479135651
6000000002480303024
6000000002482621650
6000000002482623706
6000000002482676077
6000000002482699063
6000000002482745096
6000000002482760242
6000000002482826641
6000000002482957285
6000000002484469558
6000000002484486365
6000000002485052552
6000000002485114921
6000000002485189439
6000000002485209177
6000000002485261968
6000000002485299685
6000000002485355580
6000000002485355667
6000000002485486409
6000000002485544679
6000000002485548631
6000000002485596867
6000000002485632132
6000000002485690002
6000000002485721148
6000000002485728436
6000000002485752138
6000000002485772150
6000000002485802236
6000000002492247791
6000000002492259133
6000000002492319108
6000000002492337980
6000000002492375137
6000000002492528651
6000000002492640963
6000000002492691459
6000000002492696009
6000000002492708765
6000000002492742131
6000000002492752630
6000000002492863368
6000000002493325334
6000000002493382022
6000000002493414307
6000000002493417103
6000000002493468031
6000000002493647638
6000000002493686431
6000000002493870164
6000000002493873321
6000000002493898466
6000000002493906359
6000000002493906547
6000000002493927895
6000000002493951500
6000000002493968121
6000000002493969301
6000000002493996183
6000000002494011151
6000000002494012073
6000000002494069423
6000000002494111247
6000000002494112110
6000000002494327365
6000000002494561440
6000000002494570239
6000000002494653001
6000000002495193905
6000000002495223363
6000000002495547038
6000000002496131375
6000000002496204223
6000000002506382520
6000000002506432634
6000000002506435834
6000000002506435907
6000000002506453164
6000000002506454811
6000000002506530250
6000000002506531140
6000000002506554257
6000000002506562068
6000000002506565016
6000000002506582350
6000000002506610367
6000000002506613265
6000000002506614254
6000000002506848065
6000000002506860005
6000000002506861260
6000000002506878113
6000000002506904071
6000000002507207235
6000000002507382081
6000000002507582332
6000000002510973487
6000000002511055827
6000000002511064301
6000000002511205820
6000000002511312366
6000000002511357244
6000000002511395480
6000000002511445175
6000000002520356485
6000000002520432490
6000000002520432564
6000000002520466211
6000000002520476558
6000000002520483221
6000000002520495174
6000000002520507200
6000000002520508077
6000000002520512131
6000000002520530088
6000000002520562229
6000000002520571110
6000000002520603591
6000000002520606518
6000000002530538967
6000000002530676445
6000000002530681309
6000000002530726252
6000000002530734347
6000000002530758214
6000000002533351073
6000000002533376344
6000000002533558094
6000000002533871580
6000000002533878854
6000000002534832386
6000000002535045012
6000000002535404020
6000000002573837738
6000000002573855206
6000000002578989154
6000000002579246927
6000000002580293983
6000000002580425062
6000000002580459036
6000000002581286043
6000000002581409746
6000000002581413771
6000000002581439537
6000000002581472689
6000000002581477612
6000000002581477634
6000000002581526273
6000000002581530169
6000000002581537159
6000000002581549120
6000000002581550214
6000000002581553090
6000000002581566269
6000000002581569270
6000000002581573209
6000000002592442839
6000000002592749444
6000000002592774565
6000000002592777582
6000000002592779218
6000000002592788622
6000000002592809353
6000000002592829207
6000000002592836331
6000000002592836577
6000000002592890026
6000000002592900495
6000000002592902207
6000000002592916009
6000000002592936042
6000000002593234962
6000000002593280335
6000000002603230411
6000000002603244670
6000000002603284775
6000000002603371209
6000000002603426734
6000000002603476091
6000000002603504814
6000000002603536759
6000000002603570193
6000000002603579019
6000000002603647004
6000000002603905714
6000000002603912330
6000000002603956348
6000000002603956423
6000000002607292982
6000000002607325828
6000000002607340598
6000000002607474682
6000000002607586600
6000000002607681216
6000000002607683543
6000000002607688144
6000000002607694650
6000000002607704406
6000000002607753343
6000000002607755063
6000000002607757201
6000000002607777177
6000000002607781171
6000000002607795476
6000000002607801859
6000000002607809801
6000000002607833791
6000000002607844046
6000000002607859361
6000000002607874459
6000000002607934255
6000000002607935233
6000000002608110029
6000000002621093610
6000000002621201709
6000000002622815399
6000000002627689814
6000000002627768768
6000000002627821564
6000000002627836512
6000000002627847479
6000000002627939885
6000000002627965468
6000000002628007823
6000000002628052003
6000000002628083024
6000000002628234451
6000000002628235112
6000000002628248663
6000000002628253179
6000000002631064826
6000000002631232113
6000000002631267972
6000000002631274374
6000000002631311324
6000000002631352494
6000000002631353365
6000000002631397273
6000000002631399146
6000000002635447520
6000000002635547515
6000000002640488811
6000000002640553457
6000000002640612420
6000000002640641636
6000000002640669897
6000000002640745073
6000000002643436812
6000000002643436891
6000000002643454933
6000000002643482389
6000000002643489543
6000000002643497877
6000000002643539318
6000000002643570187
6000000002643571315
6000000002643591185
6000000002643591252
6000000002643607840
6000000002643609199
6000000002643613173
6000000002643619648
6000000002643626446
6000000002643635561
6000000002643637176
6000000002643686599
6000000002643688883
6000000002643722957
6000000002643829524
6000000002643866523
6000000002643984186
6000000002644125007
6000000002645644172
6000000002645644226
6000000002645992065
6000000002646053060
6000000002646101007
6000000002646425501
6000000002646471448
6000000002646559304
6000000002646715610
6000000002646873182
6000000002646912032
6000000002647469731
6000000002647485871
6000000002647538363
6000000002647641007
6000000002659413608
6000000002659491360
6000000002659517255
6000000002659681044
6000000002659787511
6000000002659822621
6000000002659915317
6000000002659953258
6000000002660897614
6000000002667109996
6000000002667184412
6000000002667203487
6000000002667322211
6000000002667382124
6000000002667473847
6000000002667622913
6000000002667711530
6000000002667713926
6000000002667730383
6000000002667732759
6000000002667735145
6000000002667782205
6000000002667782557
6000000002667785495
6000000002667807743
6000000002667809360
6000000002667812417
6000000002667822924
6000000002667848222
6000000002667851363
6000000002667851466
6000000002667852244
6000000002667852460
6000000002667854977
6000000002667856390
6000000002667857847
6000000002667857892
6000000002667860289
6000000002667865292
6000000002667874516
6000000002667888338
6000000002667892519
6000000002667903183
6000000002667944004
6000000002667955354
6000000002667957267
6000000002667968117
6000000002667978008
6000000002667978154
6000000002668068001
6000000002668079067
6000000002668712539
6000000002668738282
6000000002669454098
6000000002670125479
6000000002677573524
6000000002677990073
6000000002678228030
6000000002678408855
6000000002678519950
6000000002678600887
6000000002678613433
6000000002678722233
6000000002678774667
6000000002683544588
6000000002683613070
6000000002683763467
6000000002690217876
6000000002690321147
6000000002690412536
6000000002690471512
6000000002690545198
6000000002690772418
6000000002691094662
6000000002691176434
6000000002691209555
6000000002691288057
6000000002691626862
6000000002696159805
6000000002696395100
6000000002696944379
6000000002705936496
6000000002706143968
6000000002706432412
6000000002706943275
6000000002707011364
6000000002707110113
6000000002707157061
6000000002707198070
6000000002715706895
6000000002715861515
6000000002717967922
6000000002717996283
6000000002741638984
6000000002741809029
6000000002741887014
6000000002742632249
6000000002742687080
6000000002742731193
6000000002742860958
6000000002751313329
6000000002752317139
6000000002755038432
6000000002755095032
6000000002778495866
6000000002778512785
6000000002778536918
6000000002778561766
6000000002778597904
6000000002778732210
6000000002778734211
6000000002778935599
6000000002778956817
6000000002778969422
6000000002779056529
6000000002779197240
6000000002779244097
6000000002779274874
6000000002780571218
6000000002780576396
6000000002780680196
6000000002827552638
6000000002830728863
6000000002830729894
6000000002831047537
6000000002836524698
6000000002836578597
6000000002836581069
6000000002849863811
6000000002862126119
6000000002908972708
6000000002908992600
6000000002932163648
6000000002932766826
6000000002932818640
6000000002934803820
6000000002934890996
6000000002935104933
6000000002935176480
6000000002935257329
6000000002935259762
6000000002935289430
6000000002935315918
6000000002935342401
6000000002935353273
6000000002935395128
6000000002946807908
6000000002946956600
6000000002947036925
6000000002947158236
6000000002947213028
6000000002947222200
6000000002947284114
6000000002949475705
6000000002956463417
6000000002957302461
6000000002958053141
6000000002958970093
6000000002959031552
6000000002959786004
6000000002960210791
6000000002960325317
6000000002960354033
6000000002960436966
6000000002960566846
6000000002960764587
6000000002967976670
6000000002967989981
6000000002968003707
6000000002968008996
6000000002968012396
6000000002968012673
6000000002968077297
6000000002968412285
6000000002968430223
6000000002968740082
6000000002968929525
6000000002968949334
6000000002968988242
6000000002969028109
6000000002969415506
6000000002969496973
6000000002969520682
6000000002969525823
6000000002969557722
6000000002969588404
6000000002969590067
6000000002969619476
6000000002969652877
6000000002969658159
6000000002969671353
6000000002969708015
6000000002969734018
6000000002969918724
6000000002970037116
6000000002970043684
6000000002970052437
6000000002970060553
6000000002970077122
6000000002970089234
6000000002970090025
6000000002970090256
6000000002970113023
6000000002970124068
6000000002970779540
6000000002970870183
6000000002970873219
6000000002970884108
6000000002970889049
6000000002970902005
6000000002970904183
6000000002970937011
6000000002970983849
6000000002971054886
6000000002971099695
6000000002980301854
6000000002980382529
6000000002980389924
6000000002980434667
6000000002980448799
6000000002980465692
6000000002980465864
6000000002980470299
6000000002980537207
6000000002980881052
6000000002980913552
6000000002980923597
6000000002981278396
6000000002981292172
6000000002981295804
6000000002982407319
6000000002982955773
6000000002983210117
6000000002995226834
6000000002996710323
6000000003002959910
6000000003003132797
6000000003003740660
6000000003003892795
6000000003004002374
6000000003004017711
6000000003004066833
6000000003004102440
6000000003004279253
6000000003004773595
6000000003017315826
6000000003017628196
6000000003017667112
6000000003017682276
6000000003020246115
6000000003022581424
6000000003028852891
6000000003029034172
6000000003046231653
6000000003046281257
6000000003046369456
6000000003046396318
6000000003046407250
6000000003046666088
6000000003068491913
6000000003068668453
6000000003068738015
6000000003068770616
6000000003068773478
6000000003068954147
6000000003070067300
6000000003070245020
6000000003070250376
6000000003077663391
6000000003077685407
6000000003079635768
6000000003080692402
6000000003080758812
6000000003080794464
6000000003080799657
6000000003080868289
6000000003080868315
6000000003080904125
6000000003080956054
6000000003081017176
6000000003081064001
6000000003081113013
6000000003082014653
6000000003082187261
6000000003083249348
6000000003083651434
6000000003091077381
6000000003091229156
6000000003091230182
6000000003114740743
6000000003114743775
6000000003114766783
6000000003114780689
6000000003114788452
6000000003114792611
6000000003114825609
6000000003114834644
6000000003114844503
6000000003114867294
6000000003114877338
6000000003114879603
6000000003114880619
6000000003114892522
6000000003114898853
6000000003114923127
6000000003115821160
6000000003116556624
6000000003125570876
6000000003125813080
6000000003125822155
6000000003125827185
6000000003125840066
6000000003125844121
6000000003125878208
6000000003125884195
6000000003125960851
6000000003126376673
6000000003126382228
6000000003126387051
6000000003126447700
6000000003126479150
6000000003126488345
6000000003126517426
6000000003126545263
6000000003126637970
6000000003126650873
6000000003126672884
6000000003126721616
6000000003126812056
6000000003127377577
6000000003127443945
6000000003127452500
6000000003127468974
6000000003127473361
6000000003127503015
6000000003127585050
6000000003127997191
6000000003128075427
6000000003128090156
6000000003128109582
6000000003128114934
6000000003128281916
6000000003128345721
6000000003128417117
6000000003128469147
6000000003128547003
6000000003128663005
6000000003129281273
6000000003130938414
6000000003156428985
6000000003156467900
6000000003156487000
6000000003156845434
6000000003156872013
6000000003156964581
6000000003157064047
6000000003169635635
6000000003170295661
6000000003170431033
6000000003176613755
6000000003176857119
6000000003176919903
6000000003177556797
6000000003177728996
6000000003177777365
6000000003177799031
6000000003177829246
6000000003177838261
6000000003177869206
6000000003177896006
6000000003177902064
6000000003178219599
6000000003178902804
6000000003179455546
6000000003179506738
6000000003179540689
6000000003179767765
6000000003179879289
6000000003179880576
6000000003179880912
6000000003179927644
6000000003180109244
6000000003180207009
6000000003185966808
6000000003186031763
6000000003186046440
6000000003186118447
6000000003186277964
6000000003186385291
6000000003186431158
6000000003186520108
6000000003186657820
6000000003186660431
6000000003186837004
6000000003187009817
6000000003187066828
6000000003187090426
6000000003187090706
6000000003187155290
6000000003187697903
6000000003187711635
6000000003187748527
6000000003187780131
6000000003187782326
6000000003187850088
6000000003187856211
6000000003187947294
6000000003187970114
6000000003187998843
6000000003188048785
6000000003188056806
6000000003188058205
6000000003188083356
6000000003188085192
6000000003188114111
6000000003188117292
6000000003188132268
6000000003188135116
6000000003188137013
6000000003188146748
6000000003188249001
6000000003188272089
6000000003188277434
6000000003188382040
6000000003188598015
6000000003188879304
6000000003189839921
6000000003190476997
6000000003190585580
6000000003190589689
6000000003190658765
6000000003190677338
6000000003190760555
6000000003190783599
6000000003190863640
6000000003190868512
6000000003190868963
6000000003190875082
6000000003190898377
6000000003190942296
6000000003190963134
6000000003191089533
6000000003198215493
6000000003198216804
6000000003198298898
6000000003198310513
6000000003198311217
6000000003198340149
6000000003198350031
6000000003198374042
6000000003198382269
6000000003198393601
6000000003198746863
6000000003198812880
6000000003198873375
6000000003198880671
6000000003198886729
6000000003198896075
6000000003199003110
6000000003199072929
6000000003199211534
6000000003199549060
6000000003202026189
6000000003202063127
6000000003202490158
6000000003212606196
6000000003213384001
6000000003213572015
6000000003213693337
6000000003224214473
6000000003224480245
6000000003225766835
6000000003238977354
6000000003239089658
6000000003239111395
6000000003239146039
6000000003239233201
6000000003239240257
6000000003239897494
6000000003244547421
6000000003244883640
6000000003245014168
6000000003245398788
6000000003245491384
6000000003245510234
6000000003246448577
6000000003246466598
6000000003246470446
6000000003246486610
6000000003246522364
6000000003246525471
6000000003246546516
6000000003246546596
6000000003246563363
6000000003246572193
6000000003257150489
6000000003257194891
6000000003257243921
6000000003257276533
6000000003257325664
6000000003257342295
6000000003257350356
6000000003257422026
6000000003257482430
6000000003257798330
6000000003257873223
6000000003257885765
6000000003257969887
6000000003258024155
6000000003258076292
6000000003258133075
6000000003258146740
6000000003258199671
6000000003258201697
6000000003266276686
6000000003266312375
6000000003266344683
6000000003266359075
6000000003266425126
6000000003266431561
6000000003266450248
6000000003266453061
6000000003266457113
6000000003266482465
6000000003266542475
6000000003266552077
6000000003266563680
6000000003266580774
6000000003266600423
6000000003266655013
6000000003267033604
6000000003267072594
6000000003267146127
6000000003269270363
6000000003278134539
6000000003278156475
6000000003278225111
6000000003279394383
6000000003279415256
6000000003279498064
6000000004049141687
6000000004049329631
6000000004049335960
6000000004049390573
6000000004049665369
6000000004050011335
6000000004050013843
6000000004050050323
6000000004080391401
6000000004080412229
6000000004080423763
6000000004080431190
6000000004080495292
6000000004080716038
6000000004084876122
6000000004089417136
6000000004089438957
6000000004089516696
6000000004089621069
6000000004089817380
6000000004089839056
6000000004099207388
6000000004100735731
6000000004100737740
6000000004100777131
6000000004100784762
6000000004100800251
6000000004100868255
6000000004100913415
6000000004100936430
6000000004101070307
6000000004101224030
6000000004102443890
6000000004102829312
6000000004105523887
6000000004105592238
6000000004109470568
6000000004109537975
6000000004109552078
6000000004109590559
6000000004110348250
6000000004110391060
6000000004110413510
6000000004110442145
6000000004110488040
6000000004113628483
6000000004114027113
6000000004122634441
6000000004123438373
6000000004123912560
6000000004124462624
6000000004124887179
6000000004131225979
6000000004131303507
6000000004131352279
6000000004131397992
6000000004131436382
6000000004131442456
6000000004131546123
6000000004131584092
6000000004133058227
6000000004154489816
6000000004154568896
6000000004154975151
6000000004155218686
6000000004155218804
6000000004155792878
6000000004156060316
6000000004158626481
6000000004158643311
6000000004158738136
6000000004162174600
6000000004162204967
6000000004162218744
6000000004162381345
6000000004162530106
6000000004162650542
6000000004162738521
6000000004162874121
6000000004162897237
6000000004162906050
6000000004162996205
6000000004163296725
6000000004163338828
6000000004163374150
6000000004165627364
6000000004165629480
6000000004166019139
6000000004166044148
6000000004166157081
6000000004166198156
6000000004166584113
6000000004288469432
6000000004288788825
6000000004288818409
6000000004288829957
6000000004288853121
6000000004288861399
6000000004288863236
6000000004288938055
6000000004288989012
6000000004298744863
6000000004298821091
6000000004298893891
6000000004299128143
6000000004299131290
6000000004299144048
6000000004299217154
6000000004299230539
6000000004299240195
6000000004299592003
6000000004299713200
6000000004299948180
6000000004300131639
6000000004300519516
6000000004300747399
6000000004301723758
6000000004301761234
6000000004301879943
6000000004301883477
6000000004301927481
6000000004301955104
6000000004301959278
6000000004301989150
6000000004302098608
6000000004302122232
6000000004302190362
6000000004302197568
6000000004302965873
6000000004303020969
6000000004303056043
6000000004303123169
6000000004313984176
6000000004319730897
6000000004319767792
6000000004319785758
6000000004319808491
6000000004319901697
6000000004319913737
6000000004319951761
6000000004319977772
6000000004320006073
6000000004320014601
6000000004320020204
6000000004320037246
6000000004320046708
6000000004320058146
6000000004320066912
6000000004320069092
6000000004320085890
6000000004320103099
6000000004320116265
6000000004320122033
6000000004320131833
6000000004320167519
6000000004320177230
6000000004320179649
6000000004320182675
6000000004320192057
6000000004320200273
6000000004320206496
6000000004320211167
6000000004320217164
6000000004320227658
6000000004320237241
6000000004320281050
6000000004320659127
6000000004320756093
6000000004328000350
6000000004328265910
6000000004328471968
6000000004328537684
6000000004328582766
6000000004328589304
6000000004328594389
6000000004328652435
6000000004328661581
6000000004328665567
6000000004328679770
6000000004328727160
6000000004328783111
6000000004329178591
6000000004329197415
6000000004329263544
6000000004329345711
6000000004329359956
6000000004329401387
6000000004329433461
6000000004331144064
6000000004510537001
6000000004513794004
6000000004539972867
6000000004574105087
6000000004575916609
6000000004576125049
6000000004585302932
6000000004590331720
6000000004590387724
6000000004590407439
6000000004590447575
6000000004590488907
6000000004590488915
6000000004590490594
6000000004590501937
6000000004590502390
6000000004590503576
6000000004590517378
6000000004590520431
6000000004590521643
6000000004590528815
6000000004590528843
6000000004590542490
6000000004590552592
6000000004590589557
6000000004590591942
6000000004590615202
6000000004590615259
6000000004590622485
6000000004590626509
6000000004590638424
6000000004590650400
6000000004590654046
6000000004590657048
6000000004590667083
6000000004590670361
6000000004590679867
6000000004590722209
6000000004590723529
6000000004590723894
6000000004590725824
6000000004590731270
6000000004590737175
6000000004590759195
6000000004590796387
6000000004590806202
6000000004590820199
6000000004590858120
6000000004591266242
6000000004591449933
6000000004591529364
6000000004591555778
6000000004591886602
6000000004596649002
6000000006781486380
6000000006790260984
6000000006790309428
6000000006790633138
6000000006790699076
6000000006790710102
6000000006790774166
6000000006790811170
6000000006790841114
6000000006790854021
6000000006804808701
6000000006804866881
6000000006804881818
6000000006805014613
6000000006805015286
6000000006805051425
6000000006805051459
6000000006805051465
6000000006805075397
6000000006805142084
6000000006805142544
6000000006805175402
6000000006805287108
6000000006805345026
6000000006805425331
6000000006805449343
6000000006805804192
6000000006806456268
6000000006823640925
6000000006823670752
6000000006823670778
6000000006823726733
6000000006823813569
6000000006823913277
6000000006823913322
6000000006823919325
6000000006823923291
6000000006827810347
6000000006840005152
6000000006840062066
6000000006845695916
6000000006845696650
6000000006845727769
6000000006845838348
6000000006845847370
6000000006846287824
6000000006846530315
6000000006846623064
6000000006846642026
6000000006847041203
6000000006850758497
6000000006850780550
6000000006850848367
6000000006855657330
6000000006855687440
6000000006856007103
6000000006885903106
6000000006885922031
6000000006894914564
6000000006894956685
6000000006895373161
6000000006895492041
6000000006897023109
6000000006897214409
6000000006898384046
6000000006902774172
6000000006902816098
6000000006902881135
6000000006903675462
6000000006903697218
6000000006903818355
6000000006903875319
6000000006903885053
6000000006903913132
6000000006903950201
6000000006903959179
6000000006903974147
6000000006903989150
6000000006904004036
6000000006904017160
6000000006904017166
6000000006904031001
6000000006904066042
6000000006904091020
6000000006904112004
6000000006904117015
6000000006904118010
6000000006904466261
6000000006904544453
6000000006904821170
6000000006905551038
6000000006911553106
6000000006912377476
6000000006912443386
6000000006912508214
6000000006912584077
6000000006912584082
6000000006912621089
6000000006912811668
6000000006912856749
6000000006912887436
6000000006912922289
6000000006912927527
6000000006912993179
6000000006913093255
6000000006913232058
6000000006947916564
6000000006948702260
6000000006949318042
6000000006955210513
6000000006955331369
6000000006955430167
6000000006955513016
6000000006955532050
6000000006956083359
6000000006956083366
6000000006956083385
6000000006956094380
6000000006956095855
6000000006956488245
6000000006956507074
6000000006956537089
6000000006956574079
6000000006956691010
6000000006956834066
6000000006956926161
6000000006957005194
6000000006957490009
6000000006964645240
6000000006971173907
6000000006971300792
6000000006971478849
6000000006971568513
6000000006971590372
6000000006971817015
6000000006971819237
6000000006971830068
6000000006971831228
6000000006972093555
6000000006973455419
6000000006980826577
6000000006990320514
6000000006990405479
6000000006990618280
6000000006991007009
6000000006991616215
6000000006993827760
6000000006993840911
6000000006993991940
6000000006994216932
6000000006994281841
6000000006994328742
6000000006994328836
6000000006994338707
6000000006994398688
6000000006994473517
6000000006994573289
6000000006994658050
6000000006994676119
6000000006994725030
6000000006999763622
6000000006999946188
6000000007000093531
6000000007000158019
6000000007000565291
6000000007001076103
6000000007007134179
6000000007007268085
6000000007007508953
6000000007008015974
6000000007008270798
6000000007008322611
6000000007008473172
6000000007008480179
6000000007008498221
6000000007008534182
6000000007008601047
6000000007008623038
6000000007008668012
6000000007017849358
6000000007017885668
6000000007017900223
6000000007017953190
6000000007018008609
6000000007018022024
6000000007018194450
6000000007018327164
6000000007018327333
6000000007018463157
6000000007018545283
6000000007018704038
6000000007018764211
6000000007018938528
6000000007018958240
6000000007019173155
6000000007019300066
6000000007019304078
6000000007019673078
6000000007019726053
6000000007019736034
6000000007019741031
6000000007020906109
6000000007025129682
6000000007025864406
6000000007025872152
6000000007025885661
6000000007025895262
6000000007025915099
6000000007025929052
6000000007025933556
6000000007025939054
6000000007025941005
6000000007025942033
6000000007025948184
6000000007025998787
6000000007026164061
6000000007026205073
6000000007026278158
6000000007026441228
6000000007026441243
6000000007026511214
6000000007026695029
6000000007026752173
6000000007026863258
6000000007026889392
6000000007026964225
6000000007027019250
6000000007027075190
6000000007027082290
6000000007027211056
6000000007027602211
6000000007027758049
6000000007027998059
6000000007028096351
6000000007028171016
6000000007030939194
6000000007031227030
6000000007031400241
6000000007034938687
6000000007035076739
6000000007035076746
6000000007035249120
6000000007035251218
6000000007035296230
6000000007035334077
6000000007036273420
6000000007036316922
6000000007036347547
6000000007036360542
6000000007036450637
6000000007036519331
6000000007036561139
6000000007036724004
6000000007036790127
6000000007036850027
6000000007036965053
6000000007039548088
6000000007039636060
6000000007044282592
6000000007045888183
6000000007054389158
6000000007054667010
6000000007061943437
6000000007061953298
6000000007062022366
6000000007062865510
6000000007062931706
6000000007062988207
6000000007063005153
6000000007063027236
6000000007063046134
6000000007063107077
6000000007063109036
6000000007063119333
6000000007063311284
6000000007063420399
6000000007064430242
6000000007065063579
6000000007065302672
6000000007065431148
6000000007065687103
6000000007065687136
6000000007066086282
6000000007066361022
6000000007070730046
6000000007070736003
6000000007070744018
6000000007070779067
6000000007081487041
6000000007088660575
6000000007088773499
6000000007089126374
6000000007089192366
6000000007089219314
6000000007089353526
6000000007089731216
6000000007089767530
6000000007089811337
6000000007089811342
6000000007089816458
6000000007089872260
6000000007089994209
6000000007090092800
6000000007090399630
6000000007090509597
6000000007090529426
6000000007090586295
6000000007090683210
6000000007090747280
6000000007090775266
6000000007090937263
6000000007091058228
6000000007091081224
6000000007096411829
6000000007096719746
6000000007096748680
6000000007096752642
6000000007096752647
6000000007096946464
6000000007097187205
6000000007097252268
6000000007098301359
6000000007098447346
6000000007098676610
6000000007099614416
6000000007099803460
6000000007100224278
6000000007106551932
6000000007106820712
6000000007106881462
6000000007106892541
6000000007106987399
6000000007107034445
6000000007107184230
6000000007107195935
6000000007107331994
6000000007107561535
6000000007107915036
6000000007107982374
6000000007108111212
6000000007108129207
6000000007108321933
6000000007108454945
6000000007108835233
6000000007108877711
6000000007109461381
6000000007109704289
6000000007109890221
6000000007109890262
6000000007109925305
6000000007109972217
6000000007110070389
6000000007110089343
6000000007110267307
6000000007110328325
6000000007110425226
6000000007111098750
6000000007111265699
6000000007111345562
6000000007111353615
6000000007111488030
6000000007115283652
6000000007126269652
6000000007126283371
6000000007126344610
6000000007126378319
6000000007126541374
6000000007126544233
6000000007126600273
6000000007126654211
6000000007126753202
6000000007136332230
6000000007137230716
6000000007137854497
6000000007137981293
6000000007137981315
6000000007138061206
6000000007138135247
6000000007138224422
6000000007146317854
6000000007146600618
6000000007147875655
6000000007154508357
6000000007154650685
6000000007154674575
6000000007154724397
6000000007154809292
6000000007154809438
6000000007154821271
6000000007154866420
6000000007154916308
6000000007154927394
6000000007154962382
6000000007154966218
6000000007154967389
6000000007154990291
6000000007154997419
6000000007155011287
6000000007155056248
6000000007155060453
6000000007155067228
6000000007155117209
6000000007155288397
6000000007155629405
6000000007155744629
6000000007155754209
6000000007155936703
6000000007156854482
6000000007156945262
6000000007157001262
6000000007157013417
6000000007157122210
6000000007157254244
6000000007157279292
6000000007157299260
6000000007161067663
6000000007161102791
6000000007161102815
6000000007161106632
6000000007161116051
6000000007161170400
6000000007161208521
6000000007161214483
6000000007161220662
6000000007161222656
6000000007161243461
6000000007161318367
6000000007161319400
6000000007161357282
6000000007161363396
6000000007161373298
6000000007161385263
6000000007161395291
6000000007161427218
6000000007161427230
6000000007161497639
6000000007161503555
6000000007161552880
6000000007161592447
6000000007161612556
6000000007161622633
6000000007161654874
6000000007161676417
6000000007161735390
6000000007161743441
6000000007161768265
6000000007161776477
6000000007161776485
6000000007161793334
6000000007161822211
6000000007161822557
6000000007161860237
6000000007161863251
6000000007161918481
6000000007161924564
6000000007161967479
6000000007161998447
6000000007162050914
6000000007162067362
6000000007162083269
6000000007162084345
6000000007162104277
6000000007162104355
6000000007162129575
6000000007162203222
6000000007162237265
6000000007162238682
6000000007162285354
6000000007162289335
6000000007162299376
6000000007162334367
6000000007162364222
6000000007162372230
6000000007162386308
6000000007162396373
6000000007162412406
6000000007162413276
6000000007162427342
6000000007162432235
6000000007162435207
6000000007162438287
6000000007162893996
6000000007163594554
6000000007163658492
6000000007163667369
6000000007163743498
6000000007163834374
6000000007163838287
6000000007163912391
6000000007163920224
6000000007163944250
6000000007163950254
6000000007170332145
6000000007170562725
6000000007170580029
6000000007170598558
6000000007170624473
6000000007170624479
6000000007170707215
6000000007170742522
6000000007170809432
6000000007170824861
6000000007170838222
6000000007170852329
6000000007170878363
6000000007170880427
6000000007170954233
6000000007170963283
6000000007170981225
6000000007171113420
6000000007171125323
6000000007171289537
6000000007171373669
6000000007171378917
6000000007171397392
6000000007171445623
6000000007171518234
6000000007171601249
6000000007171758081
6000000007171764588
6000000007171811483
6000000007172388367
6000000007172486453
6000000007172572384
6000000007172634427
6000000007172766294
6000000007173333288
6000000007179118731
6000000007179224352
6000000007179410228
6000000007179621254
6000000007180127546
6000000007180381330
6000000007180401211
6000000007180410201
6000000007181015359
6000000007181349475
6000000007181527423
6000000007181598343
6000000007181673254
6000000007185896304
6000000007185912326
6000000007186142448
6000000007186786274
6000000007188529384
6000000007188554335
6000000007189534440
6000000007196212976
6000000007196254505
6000000007196264588
6000000007196342323
6000000007196366474
6000000007196402359
6000000007196409270
6000000007196415328
6000000007196436305
6000000007196458314
6000000007196499204
6000000007196499210
6000000007196500210
6000000007196512201
6000000007196806287
6000000007202751015
6000000007202751025
6000000007202891535
6000000007202918387
6000000007203013492
6000000007203013522
6000000007203028250
6000000007205019255
6000000007205289371
6000000007211248332
6000000007211393612
6000000007211942918
6000000007212058369
6000000007212103289
6000000007212146260
6000000007212318288
6000000007212885310
6000000007213024311
6000000007220801385
6000000007220813428
6000000007220890239
6000000007220908814
6000000007221454233
6000000007317558288
6000000007323388705
6000000007323592264
6000000007323660273
6000000007323679227
6000000007323681216
6000000007323918091
6000000007323982113
6000000007324012899
6000000007324124701
6000000007324133500
6000000007324242319
6000000007324248274
6000000007330935847
6000000007331109745
6000000007331309067
6000000007331379518
6000000007331404320
6000000007331463393
6000000007331469539
6000000007331481441
6000000007331501296
6000000007331504311
6000000007331504318
6000000007331541286
6000000007331550215
6000000007348677568
6000000007348940346
6000000007348961634
6000000007349039439
6000000007349175354
6000000007349224215
6000000007730543736
6000000007730719661
6000000007730770376
6000000007730785318
6000000007730790457
6000000007730820670
6000000007730848501
6000000007730934944
6000000007730961531
6000000007730995239
6000000007731030727
6000000007731049348
6000000007731072054
6000000007731073351
6000000007731076202
6000000007731124233
6000000007731159744
6000000007731200751
6000000007731328534
6000000007731342370
6000000007731399226
6000000007731399568
6000000007731435816
6000000007731488281
6000000007731499478
6000000007731522683
6000000007731570792
6000000007731706356
6000000007731757204
6000000007731856352
6000000007731864277
6000000007731925227
6000000007732136426
6000000007732147624
6000000007732237351
6000000007795977134
6000000007796153112
6000000007796567035
6000000007796716840
6000000007796759791
6000000007796807731
6000000007797079618
6000000007797123664
6000000007797138365
6000000007797182315
6000000007797185611
6000000007797189319
6000000007797365245
6000000007797383443
6000000007797421334
6000000007797481288
6000000007797513361
6000000007797524224
6000000007797531303
6000000007797589273
6000000007797590256
6000000007797604218
6000000007797628405
6000000007797750282
6000000007797876201
6000000007826003828
6000000007826003886
6000000007826003907
6000000007826058505
6000000007826103898
6000000007826117717
6000000007826117872
6000000007826157806
6000000007826176797
6000000007826225740
6000000007826250400
6000000007826261895
6000000007826495572
6000000007826567693
6000000007826621203
6000000007826646264
6000000007826659301
6000000007826667384
6000000007826753245
6000000007838858844
6000000007838937561
6000000007838955167
6000000007839142314
6000000007839823990
6000000007839878529
6000000007840120789
6000000007840156556
6000000007840192376
6000000007840227212
6000000007840283321
6000000007841226722
6000000007841532317
6000000007999902782
6000000008000504560
6000000008000614256
6000000008000723265
6000000008001056279
6000000008008632836
6000000008008667517
6000000008008674116
6000000008008690082
6000000008008720043
6000000008008729099
6000000008008746560
6000000008008799449
6000000008008811600
6000000008008820379
6000000008008826282
6000000008008836574
6000000008008840335
6000000008008846416
6000000008008853497
6000000008008873208
6000000008008929240
6000000008008929259
6000000008009042695
6000000008009061391
6000000008010491909
6000000008010550852
6000000008010658249
6000000008010811960
6000000008010913709
6000000008010970218
6000000008011161080
6000000008011198019
6000000008011198049
6000000008011258886
6000000008011266776
6000000008011339327
6000000008011350854
6000000008011364385
6000000008011376341
6000000008011381401
6000000008011381418
6000000008011402716
6000000008023252894
6000000008023261335
6000000008023319303
6000000008023320070
6000000008023330210
6000000008023374286
6000000008023398605
6000000008023445553
6000000008024085123
6000000008024129840
6000000008024266476
6000000008025193989
6000000008025216650
6000000008025252074
6000000008025252704
6000000008025328200
6000000008025332401
6000000008025339841
6000000008025348054
6000000008025360785
6000000008025411201
6000000008025423459
6000000008025467716
6000000008025472752
6000000008025472767
6000000008025540505
6000000008025545226
6000000008025573261
6000000008133099922
6000000008133382502
6000000008133409811
6000000008133670710
6000000008133670824
6000000008141366419
6000000008141560129
6000000008141648952
6000000008141978455
6000000008171183936
6000000008171528972
6000000008171700337
6000000008171788248
6000000008171837378
6000000008171839357
6000000008193052072
6000000008193231298
6000000008193234277
6000000008193253243
6000000008201549933
6000000008201784919
6000000008201910836
6000000008201989052
6000000008202074354
6000000008202256003
6000000008261026303
6000000008261513710
6000000008261567564
6000000008261722224
6000000008261723206
6000000008262667349
6000000008263168557
6000000008264399246
6000000008282105342
6000000008282169496
6000000008290830239
6000000008291624125
6000000008291800783
6000000008291863637
6000000008301120624
6000000008301987991
6000000008302533117
6000000008302881048
6000000008303092815
6000000008303414256
6000000008312615968
6000000008320614138
6000000008321417671
6000000008321553530
6000000008321616472
6000000008321683821
6000000008321717438
6000000008321727276
6000000008325019710
6000000008331851181
6000000008332299237
6000000008332299383
6000000008332424218
6000000008332600230
6000000008332958694
6000000008333004583
6000000008333063281
6000000008343545986
6000000008343629693
6000000008343797446
6000000008343841739
6000000008343993630
6000000008344547631
6000000008344760584
6000000008344817383
6000000008344873153
6000000008369461114
6000000008369791006
6000000008369911461
6000000008370029645
6000000008370050679
6000000008370222283
6000000008371220926
6000000008371258823
6000000008371331653
6000000008371383324
6000000008371566182
6000000008383986032
6000000008384156174
6000000008384540529
6000000008384731047
6000000008384735147
6000000008384761916
6000000008384950009
6000000008385446814
6000000008386141723
6000000008386434304
6000000008430356578
6000000008430517037
6000000008430616907
6000000008430777711
6000000008430803596
6000000008430837897
6000000008491762194
6000000008491979233
6000000008492184192
6000000008492296997
6000000008492341102
6000000008492458867
6000000008492544272
6000000008492557243
6000000008492691283
6000000008512658168
6000000008512905804
6000000008513053144
6000000008513083577
6000000008513362764
6000000008513486409
6000000008513555787
6000000008513821090
6000000008513851811
6000000008514001464
6000000008514026844
6000000008514127339
6000000008514151490
6000000008514205296
6000000008514241410
6000000008514301425
6000000008521710105
6000000008521769955
6000000008521802873
6000000008521860036
6000000008521876081
6000000008522029733
6000000008522029744
6000000008522033114
6000000008522037700
6000000008522047850
6000000008522112205
6000000008551346128
6000000008551568026
6000000008551945301
6000000008552052264
6000000008553110800
6000000008553372771
6000000008553703261
6000000008554473589
6000000008563780133
6000000008563796043
6000000008564651320
6000000008564895999
6000000008564985865
6000000008565223698
6000000008565425266
6000000008565425564
6000000008565466485
6000000008565479843
6000000008565597415
6000000008566001356
6000000008566088238
6000000008573514673
6000000008573629149
6000000008574059404
6000000008574106798
6000000008574342300
6000000008618893191
6000000008619535301
6000000008619563323
6000000008619690329
6000000008620447175
6000000008620460139
6000000008620630504
6000000008620639446
6000000008620680313
6000000008620699353
6000000008620702777
6000000008620717538
6000000008620772449
6000000008620824424
6000000008620899276
6000000008624996610
6000000008625016902
6000000008625176990
6000000008625189829
6000000008625250815
6000000008625270450
6000000008625356242
6000000008625364423
6000000008632300042
6000000008632590777
6000000008632830486
6000000008632931195
6000000008633012384
6000000008633052527
6000000008633064471
6000000008633082161
6000000008633180847
6000000008633188291
6000000008633334808
6000000008633398436
6000000008633480408
6000000008633577475
6000000008642564808
6000000008642685646
6000000008652575451
6000000008652774301
6000000008653320491
6000000008653340918
6000000008653399278
6000000008653493689
6000000008653573218
6000000008655063699
6000000008655078187
6000000008655756322
6000000008672274677
6000000008672279937
6000000008672285922
6000000008672325891
6000000008672326006
6000000008672340750
6000000008672414855
6000000008672421764
6000000008672503039
6000000008672927300
6000000008672962202
6000000008673108801
6000000008673113996
6000000008673114945
6000000008673175488
6000000008673177106
6000000008673248826
6000000008673264580
6000000008673273613
6000000008673306397
6000000008673326353
6000000008673326394
6000000008673337432
6000000008673341242
6000000008673351272
6000000008673456932
6000000008693056120
6000000008701727687
6000000008703686332
6000000008709140814
6000000008709189721
6000000008709314978
6000000008709442681
6000000008709479689
6000000008709535440
6000000008709554532
6000000008709573759
6000000008709714037
6000000008709778031
6000000008709803743
6000000008709913648
6000000008709952559
6000000008709956475
6000000008709971887
6000000008709979647
6000000008710043638
6000000008710199339
6000000008710252237
6000000008710294201
6000000008710750623
6000000008710840509
6000000008717059134
6000000008717086827
6000000008717288486
6000000008717299837
6000000008717784085
6000000008717968158
6000000008718031156
6000000008718086592
6000000008718168688
6000000008718192108
6000000008718250585
6000000008718258681
6000000008718264655
6000000008718296342
6000000008718374199
6000000008727424951
6000000008727444002
6000000008727568988
6000000008736483051
6000000008736893170
6000000008736899211
6000000008736990756
6000000008737044883
6000000008737095549
6000000008781024990
6000000008781050436
6000000008781051714
6000000008781135514
6000000008781344291
6000000008781368439
6000000008781368478
6000000008781675502
6000000008781683518
6000000008781960811
6000000008809387657
6000000008809575041
6000000008809617705
6000000008819213304
6000000008819274461
6000000008819332220
6000000008819694101
6000000008819861326
6000000008819919381
6000000008819952640
6000000008830812299
6000000008843824945
6000000008843851014
6000000008843857670
6000000008843869741
6000000008843946728
6000000008843986681
6000000008844055084
6000000008844080259
6000000008844115068
6000000008844125887
6000000008844146377
6000000008844299527
6000000008844306358
6000000008844333914
6000000008844353986
6000000008844387563
6000000008844400276
6000000008844463231
6000000008844470856
6000000008844571487
6000000008844783146
6000000008844868922
6000000008844884691
6000000008844886706
6000000008844960953
6000000008845061228
6000000008845599788
6000000008846578493
6000000008854351645
6000000008854475692
6000000008874413540
6000000008875006290
6000000008875057655
6000000008875064267
6000000008875160224
6000000008883181866
6000000008883887999
6000000008884354274
6000000008884534201
6000000008891549824
6000000008891608178
6000000008891707947
6000000008891752331
6000000008891848937
6000000008891854750
6000000008892405084
6000000008893403799
6000000008893693983
6000000008900264168
6000000008900406684
6000000008900432014
6000000008900451188
6000000008900475722
6000000008900575579
6000000008900597317
6000000008900609548
6000000008900622118
6000000008900681206
6000000008900847818
6000000008900857023
6000000008900859697
6000000008900924646
6000000008900946911
6000000008900952687
6000000008900963092
6000000008901011695
6000000008901023633
6000000008901026915
6000000008901041664
6000000008901050853
6000000008901074189
6000000008901102572
6000000008901117114
6000000008901136556
6000000008901156352
6000000008901203369
6000000008901207947
6000000008901211308
6000000008901215258
6000000008901235313
6000000008901236254
6000000008901271698
6000000008901289784
6000000008901298076
6000000008901460850
6000000008901558673
6000000008901564421
6000000008901684535
6000000008902042366
6000000008902084399
6000000008902109401
6000000008902122622
6000000008902219364
6000000008902225658
6000000008902226642
6000000008902244461
6000000008902511250
6000000008908686960
6000000008908715966
6000000008908719789
6000000008908878536
6000000008908886795
6000000008908909343
6000000008908919369
6000000008909053497
6000000008937163820
6000000008937265094
6000000008937270574
6000000008938327708
6000000008938649883
6000000008939270970
6000000008939588895
6000000008990617832
6000000008990637063
6000000008990699970
6000000008990838798
6000000008990844701
6000000008990926800
6000000008990937028
6000000008990947152
6000000008991000470
6000000008991006022
6000000008991009805
6000000008991016368
6000000008991071699
6000000008991209529
6000000008991235737
6000000009000956704
6000000009002227390
6000000009009241884
6000000009038175924
6000000009038249376
6000000009038272485
6000000009038287268
6000000009038597870
6000000009038778157
6000000009039211269
6000000009039241220
6000000009047665667
6000000009047729242
6000000009093395819
6000000009093594450
6000000009093598006
6000000009093613670
6000000009093890036
6000000009093929488
6000000009093938510
6000000009093976288
6000000009094046041
6000000009094081442
6000000009094092684
6000000009094105807
6000000009094108662
6000000009094205131
6000000009094244023
6000000009094262953
6000000009094363321
6000000009094407903
6000000009094416993
6000000009094517527
6000000009094528776
6000000009094535199
6000000009094615093
6000000009094629571
6000000009094634480
6000000009094660275
6000000009094671185
6000000009096099223
6000000009103276150
6000000009103294033
6000000009103452164
6000000009103457479
6000000009103497696
6000000009103506331
6000000009103544123
6000000009103602654
6000000009103640987
6000000009103659041
6000000009103698845
6000000009103819434
6000000009103915326
6000000009103931478
6000000009103938991
6000000009103977367
6000000009104257639
6000000009104500652
6000000009104663383
6000000009130017086
6000000009130068877
6000000009130166087
6000000009130228818
6000000009130268559
6000000009130294325
6000000009130400235
6000000009131037251
6000000009131420379
6000000009131856001
6000000009132038752
6000000009132903627
6000000009139483671
6000000009139524523
6000000009139534552
6000000009139547528
6000000009139615611
6000000009139723328
6000000009140047882
6000000009140120908
6000000009140426981
6000000009141275706
6000000009141414170
6000000009141490724
6000000009147565757
6000000009147585626
6000000009156365703
6000000009156371466
6000000009156398672
6000000009156420564
6000000009156430298
6000000009156501318
6000000009157348994
6000000009158030694
6000000009158700686
6000000009158809579
6000000009158809592
6000000009158874437
6000000009159026252
6000000009163723923
6000000009164015802
6000000009164060899
6000000009164222620
6000000009164381077
6000000009164411954
6000000009164474925
6000000009164534011
6000000009164645531
6000000009164647899
6000000009164693375
6000000009165621777
6000000009192066661
6000000009192082657
6000000009192253453
6000000009192492634
6000000009210748837
6000000009212754222
6000000009217678910
6000000009217996190
6000000009218176211
6000000009218196829
6000000009218242040
6000000009218317667
6000000009218323553
6000000009218619280
6000000009218774388
6000000009219110964
6000000009219128864
6000000009219130919
6000000009219131584
6000000009219252960
6000000009219574488
6000000009219763398
6000000009220063735
6000000009220129465
6000000009220129642
6000000009220163501
6000000009220283263
6000000009220314240
6000000009221258383
6000000009226582150
6000000009226783910
6000000009226788905
6000000009226794100
6000000009226799915
6000000009226886931
6000000009226908828
6000000009227063627
6000000009227096842
6000000009227097687
6000000009227112141
6000000009227131830
6000000009227146064
6000000009227157442
6000000009227183462
6000000009227224680
6000000009227241382
6000000009227849023
6000000009228072748
6000000009228139620
6000000009228144925
6000000009228262141
6000000009228289036
6000000009228307020
6000000009228329152
6000000009228332363
6000000009228341415
6000000009228348416
6000000009228363560
6000000009228483643
6000000009228568980
6000000009229004861
6000000009229256719
6000000009229353417
6000000009229369774
6000000009229389753
6000000009229477348
6000000009229628639
6000000009229709544
6000000009229746932
6000000009230012204
6000000009230526026
6000000009230661441
6000000009230692795
6000000009231396240
6000000009231400270
6000000009301685569
6000000009302927276
6000000009309359803
6000000009309400696
6000000009309516674
6000000009309586078
6000000009309706721
6000000009309706920
6000000009309736886
6000000009309789338
6000000009309802530
6000000009309827817
6000000009309843330
6000000009309963560
6000000009312568225
6000000009313583735
6000000009313739905
6000000009313858802
6000000009314072592
6000000009314279110
6000000009314283234
6000000009319154878
6000000009319272063
6000000009319280904
6000000009319694145
6000000009319783741
6000000009319922078
6000000009320038879
6000000009320192404
6000000009320208599
6000000009320355280
6000000009320415215
6000000009320477700
6000000009320844390
6000000009321051420
6000000009321130311
6000000009324202251
6000000009332551143
6000000009332560111
6000000009332572643
6000000009332668626
6000000009332809876
6000000009332823848
6000000009338894926
6000000009340213930
6000000009340501624
6000000009340516820
6000000009340518018
6000000009340545602
6000000009340578686
6000000009340594137
6000000009340621570
6000000009340621605
6000000009340685611
6000000009340692794
6000000009340710007
6000000009340716639
6000000009340724464
6000000009340748319
6000000009340769383
6000000009340784640
6000000009340785656
6000000009340787416
6000000009340795411
6000000009340800398
6000000009340801659
6000000009340814349
6000000009340820541
6000000009340827345
6000000009340844344
6000000009340859415
6000000009340902220
6000000009345190042
6000000009345448900
6000000009345738726
6000000009345861631
6000000009345986863
6000000009346133559
6000000009346243578
6000000009346334685
6000000009346444450
6000000009346619264
6000000009346990459
6000000009346992762
6000000009350083338
6000000009352881332
6000000009352901341
6000000009352927303
6000000009353088271
6000000009353283556
6000000009353346740
6000000009353396505
6000000009353412275
6000000009353412335
6000000009353418422
6000000009353418874
6000000009353424967
6000000009353436238
6000000009353543411
6000000009353771669
6000000009353775897
6000000009353794506
6000000009353799687
6000000009353802561
6000000009353827545
6000000009353845504
6000000009353865952
6000000009353909226
6000000009361598374
6000000009361825550
6000000009362710862
6000000009363014052
6000000009363747045
6000000009364201592
6000000009364339201
6000000009370431868
6000000009371075724
6000000009371214851
6000000009371306750
6000000009371361076
6000000009371422786
6000000009371456656
6000000009371562540
6000000009371629708
6000000009371804057
6000000009371839687
6000000009371949151
6000000009372020544
6000000009372021199
6000000009372108490
6000000009372394747
6000000009487561804
6000000009487623978
6000000009487703961
6000000009487831726
6000000009487877523
6000000009487924463
6000000009488030958
6000000009488115739
6000000009498059333
6000000009508441739
6000000009508664153
6000000009508914456
6000000009509103286
6000000009509369251
6000000009510703296
6000000009527538196
6000000009527632554
6000000009527640368
6000000009527640386
6000000009528118897
6000000009537194163
6000000009537809486
6000000009538546138
6000000009545331864
6000000009545352880
6000000009545529713
6000000009545535092
6000000009545611550
6000000009545659837
6000000009545675481
6000000009545714450
6000000009545717664
6000000009545733318
6000000009545867330
6000000009545877866
6000000009545881377
6000000009545885422
6000000009546039249
6000000009553394033
6000000009553441906
6000000009553475194
6000000009553478149
6000000009553532151
6000000009553634773
6000000009553699867
6000000009553771417
6000000009553786416
6000000009553796278
6000000009553810694
6000000009553812631
6000000009553814236
6000000009553816359
6000000009584414811
6000000009584594694
6000000009586929291
6000000009594562008
6000000009594588449
6000000009594783276
6000000009595090437
6000000009611245074
6000000009611562045
6000000009611700398
6000000009611791418
6000000009612372371
6000000009614098759
6000000009621148358
6000000009622768235
6000000009629223103
6000000009629287860
6000000009629297031
6000000009629423469
6000000009629529558
6000000009629800053
6000000009629805097
6000000009629876723
6000000009629882989
6000000009629912892
6000000009629918883
6000000009630085908
6000000009630592342
6000000009630712579
6000000009630775772
6000000009631298538
6000000009679773161
6000000009680082324
6000000009680520405
6000000009689624946
6000000009689746958
6000000009689751323
6000000009689770679
6000000009689843823
6000000009689961806
6000000009689962483
6000000009689977656
6000000009690039810
6000000009690060805
6000000009690097839
6000000009690706684
6000000009711763099
6000000009807552140
6000000009808520372
6000000009808603753
6000000009808611478
6000000009809605313
6000000009809605322
6000000009811319035
6000000009811544164
6000000009811860867
6000000009812023341
6000000009812059452
6000000009812148255
6000000009812170411
6000000009812175774
6000000009812286218
6000000009812474917
6000000009815304524
6000000009815363640
6000000009815376452
6000000009815503345
6000000009815538492
6000000009815538519
6000000009815757497
6000000009815857479
6000000009815936486
6000000009816029608
6000000009816563113
6000000009816564164
6000000009816661990
6000000009816699853
6000000009816950994
6000000009817027363
6000000009817094454
6000000009817122312
6000000009817127966
6000000009817134772
6000000009817159407
6000000009817159689
6000000009817173856
6000000009817182986
6000000009817338889
6000000009817378437
6000000009817391640
6000000009817391763
6000000009817419695
6000000009817421622
6000000009817525426
6000000009817590487
6000000009817673032
6000000009817823851
6000000009817974749
6000000009818368403
6000000009818412587
6000000009818415466
6000000009818502603
6000000009818515757
6000000009818618451
6000000009818618516
6000000009818654335
6000000009818703738
6000000009819097391
6000000009820168341
6000000009826491797
6000000009832798251
6000000009840600398
6000000009840800242
6000000009849975850
6000000009849999751
6000000009853096449
6000000009860244072
6000000009860524780
6000000009860924316
6000000009860934271
6000000009861009360
6000000009861041802
6000000009861168506
6000000009861215871
6000000009861307855
6000000009861480502
6000000009866604523
6000000009866610494
6000000009866636562
6000000009866639587
6000000009866711561
6000000009866734062
6000000009869240749
6000000009869312616
6000000009869330645
6000000009869349590
6000000009869525516
6000000009869553712
6000000009869560786
6000000009869566519
6000000009869619880
6000000009869802397
6000000009869944603
6000000009870067746
6000000009870068203
6000000009870202203
6000000009870279691
6000000009870384242
6000000009870746091
6000000009870845581
6000000009879973346
6000000009880095594
6000000009880107476
6000000009880113631
6000000009880139347
6000000009880160327
6000000009881208525
6000000009889700143
6000000009889818610
6000000009889859849
6000000009889865032
6000000009889866584
6000000009889876465
6000000009889899818
6000000009889901731
6000000009889934829
6000000009889990802
6000000009889998328
6000000009890032312
6000000009890105283
6000000009890159095
6000000009890231586
6000000009890804635
6000000009893950960
6000000009894136928
6000000009894184764
6000000009894184942
6000000009894285754
6000000009894344462
6000000009894362125
6000000009894383546
6000000009894387646
6000000009894395395
6000000009894433841
6000000009894535548
6000000009894566485
6000000009897478970
6000000009897684864
6000000009897780621
6000000009897810518
6000000009897992652
6000000009898063236
6000000009898762952
6000000009898939734
6000000009899002509
6000000009907689638
6000000009907796095
6000000009907916846
6000000009908023703
6000000010103443826
6000000010103975500
6000000010104132702
6000000010112538130
6000000010112571156
6000000010112645961
6000000010112683840
6000000010112683884
6000000010112727889
6000000010112782820
6000000010112872138
6000000010112889614
6000000010112891103
6000000010112924098
6000000010112930700
6000000010112939835
6000000010112999686
6000000010113036362
6000000010113037585
6000000010113055427
6000000010113071613
6000000010113078388
6000000010113098324
6000000010113099894
6000000010113102312
6000000010113108399
6000000010113108770
6000000010113122384
6000000010113126293
6000000010113129270
6000000010113140484
6000000010113171451
6000000010113175253
6000000010113178589
6000000010113185259
6000000010113190483
6000000010113211302
6000000010113227252
6000000010702306018
6000000010702765665
6000000011626554771
6000000011626555953
6000000011626573108
6000000011626574126
6000000011626756021
6000000011626767474
6000000011626768086
6000000011626774036
6000000011626825815
6000000011626837071
6000000011626857554
6000000011626877598
6000000011626883169
6000000011626889084
6000000011626949543
6000000011626971003
6000000011626980739
6000000011626994461
6000000011626998929
6000000011627000232
6000000011627012029
6000000011627026983
6000000011627053373
6000000011627054163
6000000011627068106
6000000011627068449
6000000011627083509
6000000011627084028
6000000011627090974
6000000011627097322
6000000011627097643
6000000011627101338
6000000011627101706
6000000011627106008
6000000011627107576
6000000011627107617
6000000011627118319
6000000011627126557
6000000011627126576
6000000011627129173
6000000011627136443
6000000011627158870
6000000011627161171
6000000011627175582
6000000011627187989
6000000011627191870
6000000011627217415
6000000011627223669
6000000011627248393
6000000011627264219
6000000011627264565
6000000011627278817
6000000011627281508
6000000011627302075
6000000011627307439
6000000011627318600
6000000011627382320
6000000011627411247
6000000011627494233
6000000011629241896
6000000011629848163
6000000011630038736
6000000011630124423
6000000011630495224
6000000011631123019
6000000011631400041
6000000011631467912
6000000011631798529
6000000012050542725
6000000012051083426
6000000012051338196
6000000012051525845
6000000012051721506
6000000012051746695
6000000012051746778
6000000012051861320
6000000012051878296
6000000012051903155
6000000012051931144
6000000012052050314
6000000012052090221
6000000012052119332
6000000012052138495
6000000012052858972
6000000012053060814
6000000012053742323
6000000012053763657
6000000012054664149
6000000012054694908
6000000012054917198
6000000012055006047
6000000012055158887
6000000012055315437
6000000012055674592
6000000012055695284
6000000012055964225
6000000012055967201
6000000012055991308
6000000012485590097
6000000012528187037
6000000012528201114
6000000012528491749
6000000012528576722
6000000012528692066
6000000012528843717
6000000012528889920
6000000012528896641
6000000012529108383
6000000012559308165
6000000012559580143
6000000012559641660
6000000012559642602
6000000012559807465
6000000012559807494
6000000012559824353
6000000012560138517
6000000012560153001
6000000012560184606
6000000012560202932
6000000012560222045
6000000012560225785
6000000012560226029
6000000012560237135
6000000012560240161
6000000012560242014
6000000012560245616
6000000012560281530
6000000012560294449
6000000012560298124
6000000012560313319
6000000012560359291
6000000012560918751
6000000012560966162
6000000012560979499
6000000012560979585
6000000012561005031
6000000012561014967
6000000012561055143
6000000012561084756
6000000012561087156
6000000012561106004
6000000012561138768
6000000012561166837
6000000012561172109
6000000012561204034
6000000012561210538
6000000012561224377
6000000012561231289
6000000012561270801
6000000012561281824
6000000012561358794
6000000012561389908
6000000012561538441
6000000012561547838
6000000012561555796
6000000012561575227
6000000012561614723
6000000012561636276
6000000012561636570
6000000012561671691
6000000012561732211
6000000012561783059
6000000012561784778
6000000012561787368
6000000012561802624
6000000012561837509
6000000012561925341
6000000012561960462
6000000012561983354
6000000012562003952
6000000012562003977
6000000012562042555
6000000012562117778
6000000012562119721
6000000012562122021
6000000012562147201
6000000012562170728
6000000012562182881
6000000012562261673
6000000012562269316
6000000012562269809
6000000012562335594
6000000012562483474
6000000012562863284
6000000012570835514
6000000012592118612
6000000012592351467
6000000012592351471
6000000012592351475
6000000012592351479
6000000012592351483
6000000012592351487
6000000012592351491
6000000012592351495
6000000012601928948
6000000012602057079
6000000012602239889
6000000012602377081
6000000012609955026
6000000012611731800
6000000012612003391
6000000012619445188
6000000012619812893
6000000012619948812
6000000012619954458
6000000012619962733
6000000012619983302
6000000012621486988
6000000012623500057
6000000012623519491
6000000012623564421
6000000012623587014
6000000012623725897
6000000012623786051
6000000012624116448
6000000012633052587
6000000012633219331
6000000012634079473
6000000012634118651
6000000012634121918
6000000012634202547
6000000012634209475
6000000012634226481
6000000012634241729
6000000012634314670
6000000012634443491
6000000012634455603
6000000012634456352
6000000012634468407
6000000012634496730
6000000012634501241
6000000012634564281
6000000012634753101
6000000012634764260
6000000012634771213
6000000012802634496
6000000012814222143
6000000012831786434
6000000012831838003
6000000012831856952
6000000012831919423
6000000012832022591
6000000012877757189
6000000012877804568
6000000012878037736
6000000012878076837
6000000012878083555
6000000012878158309
6000000012878170338
6000000012878178526
6000000012878208419
6000000012878228824
6000000012878231686
6000000012878246229
6000000012878262490
6000000012878268217
6000000012878268341
6000000012878304299
6000000012878319517
6000000012878335218
6000000012878354217
6000000016130621853
6000000016664489050
6000000019402400142
6000000019402410185
6000000019402466940
6000000019402469260
6000000019402474960
6000000019402493807
6000000019402494760
6000000019402499419
6000000019402503489
6000000019402505564
6000000019402515857
6000000019402542392
6000000019402554851
6000000019402565613
6000000019402568917
6000000019402568938
6000000019402610526
6000000019402617501
6000000019402619527
6000000019402619546
6000000019402626529
6000000019402633506
6000000019402640366
6000000019402649349
6000000019402656695
6000000019402673642
6000000019402702522
6000000019402753983
6000000019402754833
6000000019402801381
6000000019402802326
6000000019402805192
6000000019402805608
6000000019402807274
6000000019402808207
6000000019402815988
6000000019402819273
6000000019402827845
6000000019402829069
6000000019402829634
6000000019402829762
6000000019402834238
6000000019402843471
6000000019402845578
6000000019402847192
6000000019402852113
6000000019402859315
6000000019402862063
6000000019402863363
6000000019402866091
6000000019402874047
6000000019402881030
6000000019402882368
6000000019402882503
6000000019402920194
6000000019402923289
6000000019402925048
6000000019402946019
6000000019402966249
6000000019402984073
6000000019402987073
6000000019402991032
6000000019402993069
6000000019459119872
6000000019459238863
6000000019459424477
6000000019459552759
6000000019459588996
6000000019459698488
6000000019459756746
6000000019459756758
6000000019459773306
6000000019459822378
6000000019459850459
6000000019459854230
6000000019459878161
6000000019459881225
6000000019459924115
6000000019459943726
6000000019460038897
6000000019460068090
6000000019460072018
6000000019460357141
6000000019460378378
6000000019460619356
6000000019460666202
6000000019460767332
6000000019460989028
6000000019461008029
6000000019461015034
6000000019461043034
6000000020111577254
6000000030394180893
6000000030413541919
6000000030413845305
6000000030413889097
6000000030413892055
6000000030414085027
6000000031810347895
6000000031937667550
6000000032170006618
6000000032170128401
6000000032170308111
6000000032170443191
6000000032170611840
6000000177647837855
6000000177648207846
6000000177653236872
6000000177653267850
6000000177653538865
6000000177653949822
6000000177654025833
6000000177654175821
6000000177654273821
6000000177654328827
6000000177654556821
6000000177654675821
6000000177655134908
6000000177656059877
6000000177656643852
6000000177656672888
6000000177730326833
6000000177730422822
6000000177730446825
6000000192800233824
6000000193135441822
6000000193169147864
6000000193190948912
6000000193191062868
6000000193191560827
6000000193192008822
6000000193192022822
6000000193195538832
6000000193220446914
6000000193220721824
6000000193221580828
6000000193221682821
6000000193221721831
6000000193221733821
6000000193222287857
6000000193222302831
6000000193222326830
6000000193222335822
6000000193222341840
6000000193222377830
6000000193222442839
6000000193222458821
6000000193222824863
6000000193222854854
6000000193222897841
6000000193222954848
6000000193223175821
6000000193223562821
6000000193223719847
6000000193223911825
6000000193223934827
6000000193224069830
6000000193224200841
6000000193224248842
6000000193224272833
6000000193224277862
6000000193224332829
6000000193224474842
6000000193224486836
6000000193224528843
6000000193224571842
6000000193224774823
6000000193224878821
6000000193224880822
6000000193225503822
6000000193229802865
6000000193229834821
6000000193229916822
6000000193414006826
6000000193414339833
6000000193414440823
6000000193426897931
6000000193427952836
6000000193433672841
6000000193433764843
6000000193433964833
6000000193433975824
6000000193434095821
6000000193434206865
6000000193458299847
6000000193458311892
6000000193458365924
6000000193458418871
6000000193459097828
6000000193459243851
6000000193459314880
6000000193459554835
6000000193459588848
6000000193459950838
6000000208827446877
6000000208827544830
6000000208925745854
6000000208926009822
6000000209125111825
6000000211697903845
6000000217069199828
6000000217069311821
6000000217686984877
6000000217687095829
6000000217687134824
6000000217687993843
6000000217688014855
6000000217688136824
6000000217688206826
6000000218448173847
6000000218448284823
6000000218448387828
6000000218448666825
6000000218455444836
6000000218455761892
6000000222484189010
6000000222484231923
6000000222484328913
6000000222484445823
6000000222484445837
6000000222484497868
6000000222484503840
6000000222484562828
6000000222484567836
6000000222490247130
6000000222490398963
6000000222490425973
6000000222490562930
6000000222490562967
6000000222490572900
6000000222490655869
6000000222490767851
6000000222490772846
6000000222490803833
6000000222490863848
6000000222490869821
6000000222491255854
6000000222491367847
6000000222491374823
6000000222499686825
6000000222506789099
6000000222506875992
6000000222506901933
6000000222506966925
6000000222506993957
6000000222506996009
6000000222507031849
6000000222507069850
6000000222507125822
6000000222507132892
6000000222507210821
6000000222507230919
6000000222507285822
6000000222507315857
6000000222507348823
6000000222507403839
6000000222507413837
6000000222519646136
6000000222520052947
6000000222520194908
6000000222520257897
6000000222520426834
6000000222520469842
6000000222520515842
6000000222520532860
6000000222520543831
6000000222520627831
6000000222520631957
6000000222520634826
6000000222520660892
6000000222520767912
6000000222520841846
6000000222520910004
6000000222520923867
6000000222520955857
6000000222520988871
6000000222520991906
6000000222520993828
6000000222520993881
6000000222521009851
6000000222521012855
6000000222521042832
6000000222521046923
6000000222521073912
6000000222521078855
6000000222521078958
6000000222521122886
6000000222521131863
6000000222521146971
6000000222521150879
6000000222521174830
6000000222521186885
6000000222521197844
6000000222521205883
6000000222521205901
6000000222521205911
6000000222521208860
6000000222521214916
6000000222521236827
6000000222521247832
6000000222521257826
6000000222521266827
6000000222521275918
6000000222521295830
6000000222521353846
6000000222521353850
6000000222521376839
6000000222521392907
6000000222521398843
6000000222521410821
6000000222521479828
6000000222521542861
6000000222521765958
6000000222521804913
6000000222521917843
6000000222521953860
6000000222521990847
6000000222521992862
6000000222522105827
6000000222522367829
6000000222522428979
6000000222522650946
6000000222522673913
6000000222522676972
6000000222522677840
6000000222522831886
6000000222522845891
6000000222523033122
6000000222523621877
6000000222523626838
6000000222523631887
6000000224218549841
6000000227331577978
6000000227331611963
6000000227331694933
6000000227331719906
6000000227331730906
6000000227331845853
6000000227331888821
6000000227331888857
6000000227331939825
6000000227334350078
6000000227334516908
6000000227334638839
6000000227334638877
6000000227334666836
6000000227334689929
6000000227334708829
6000000227334759839
6000000227335076025
6000000227335094894
6000000227335131944
6000000227335233864
6000000227335301867
6000000227335310891
6000000227335324856
6000000227335337914
6000000227335344886
6000000227335360837
6000000227335365827
6000000227335419031
6000000227335478912
6000000227335573908
6000000227335659845
6000000227335685822
6000000227335691857
6000000227336692835
6000000227379911829
