
====================================================================================
[22 DEC 2016 15:17:04 GMT-8] Pre-Sync - Preparing for execution...

====================================================================================
[22 DEC 2016 15:17:04 GMT-8] Pre-Sync Request:
"C:\PROGRA~2\MYHERI~1\Bin\FAMILY~2.EXE" https://www.myheritage.com/FP/API/FTB/ftb-api.php --data "@C:\Users\Eric\AppData\Roaming\MYHERI~1\Temp\datFDD2.tmp" --progress-bar --output "C:\Users\Eric\AppData\Roaming\MYHERI~1\Temp\outFDE3.tmp" --stderr "C:\Users\Eric\AppData\Roaming\MYHERI~1\Temp\errFDE4.tmp" -A "Family Tree Builder 8.0.0.8318"
---DATA:---
action=api-sync-pre-sync&site_admin=ericrborsheim@gmail.com&site_pwd=53d384b89203627f686e06fb83b9fc4bc572ec2c&project_guid=57FCA7416EAD763E2E06995A33EE916F&publishing_guid=&revision=0&client_program_version=8.0.0.8318&site_id=364175731&computer_name=DESKTOP-G4N757J&bin_log_transaction_offset=0
------------------------------------------------------------------------------------
[22 DEC 2016 15:17:06 GMT-8] Pre-Sync Connection result:
0 (WAIT_OBJECT_0)

------------------------------------------------------------------------------------
[22 DEC 2016 15:17:06 GMT-8] Pre-Sync Response:
<?xml version="1.0"?>
<Pre-sync site_id="364175731" project_guid="57FCA7416EAD763E2E06995A33EE916F" client_revision="0" is_synced_with_ftb="0"/>


====================================================================================
[22 DEC 2016 15:17:06 GMT-8] Downloading Binlog Commands - Preparing for execution...

====================================================================================
[22 DEC 2016 15:17:06 GMT-8] Downloading Binlog Commands Request:
"C:\PROGRA~2\MYHERI~1\Bin\FAMILY~2.EXE" https://www.myheritage.com/FP/API/FTB/ftb-api.php --data "@C:\Users\Eric\AppData\Roaming\MYHERI~1\Temp\dat557.tmp" --output "C:\Users\Eric\AppData\Roaming\MYHERI~1\Temp\out558.tmp" --stderr "C:\Users\Eric\AppData\Roaming\MYHERI~1\Temp\err559.tmp" -A "Family Tree Builder 8.0.0.8318"
---DATA:---
action=api-sync-get-bin-log-transactions&site_admin=ericrborsheim@gmail.com&site_pwd=53d384b89203627f686e06fb83b9fc4bc572ec2c&site_id=364175731&client_program_version=8.0.0.8318&project_guid=57FCA7416EAD763E2E06995A33EE916F&revision=0&offset=0&limit=1
------------------------------------------------------------------------------------
[22 DEC 2016 15:17:06 GMT-8] Downloading Binlog Commands Connection result:
0 (WAIT_OBJECT_0)

------------------------------------------------------------------------------------
[22 DEC 2016 15:17:06 GMT-8] Downloading Binlog Commands Response:
<?xml version="1.0"?>
<Get-bin-log-transactions site_id="364175731" project_guid="57FCA7416EAD763E2E06995A33EE916F" client_revision="0" is_synced_with_ftb="0" total="0">
  <transactions/>
</Get-bin-log-transactions>


====================================================================================
[22 DEC 2016 21:01:17 GMT-8] Pre-Sync - Preparing for execution...

====================================================================================
[22 DEC 2016 21:01:17 GMT-8] Pre-Sync Request:
"C:\PROGRA~2\MYHERI~1\Bin\FAMILY~2.EXE" https://www.myheritage.com/FP/API/FTB/ftb-api.php --data "@C:\Users\Eric\AppData\Roaming\MYHERI~1\Temp\datBDE8.tmp" --progress-bar --output "C:\Users\Eric\AppData\Roaming\MYHERI~1\Temp\outBDE9.tmp" --stderr "C:\Users\Eric\AppData\Roaming\MYHERI~1\Temp\errBDEA.tmp" -A "Family Tree Builder 8.0.0.8318"
---DATA:---
action=api-sync-pre-sync&site_admin=ericrborsheim@gmail.com&site_pwd=53d384b89203627f686e06fb83b9fc4bc572ec2c&project_guid=57FCA7416EAD763E2E06995A33EE916F&publishing_guid=&revision=0&client_program_version=8.0.0.8318&site_id=364175731&computer_name=DESKTOP-G4N757J&bin_log_transaction_offset=0
------------------------------------------------------------------------------------
[22 DEC 2016 21:01:20 GMT-8] Pre-Sync Connection result:
0 (WAIT_OBJECT_0)

------------------------------------------------------------------------------------
[22 DEC 2016 21:01:20 GMT-8] Pre-Sync Response:
<?xml version="1.0"?>
<Pre-sync site_id="364175731" project_guid="57FCA7416EAD763E2E06995A33EE916F" client_revision="0" is_synced_with_ftb="0"/>


====================================================================================
[22 DEC 2016 21:01:20 GMT-8] Downloading Binlog Commands - Preparing for execution...

====================================================================================
[22 DEC 2016 21:01:20 GMT-8] Downloading Binlog Commands Request:
"C:\PROGRA~2\MYHERI~1\Bin\FAMILY~2.EXE" https://www.myheritage.com/FP/API/FTB/ftb-api.php --data "@C:\Users\Eric\AppData\Roaming\MYHERI~1\Temp\datCB87.tmp" --output "C:\Users\Eric\AppData\Roaming\MYHERI~1\Temp\outCB88.tmp" --stderr "C:\Users\Eric\AppData\Roaming\MYHERI~1\Temp\errCB89.tmp" -A "Family Tree Builder 8.0.0.8318"
---DATA:---
action=api-sync-get-bin-log-transactions&site_admin=ericrborsheim@gmail.com&site_pwd=53d384b89203627f686e06fb83b9fc4bc572ec2c&site_id=364175731&client_program_version=8.0.0.8318&project_guid=57FCA7416EAD763E2E06995A33EE916F&revision=0&offset=0&limit=1
------------------------------------------------------------------------------------
[22 DEC 2016 21:01:21 GMT-8] Downloading Binlog Commands Connection result:
0 (WAIT_OBJECT_0)

------------------------------------------------------------------------------------
[22 DEC 2016 21:01:21 GMT-8] Downloading Binlog Commands Response:
<?xml version="1.0"?>
<Get-bin-log-transactions site_id="364175731" project_guid="57FCA7416EAD763E2E06995A33EE916F" client_revision="0" is_synced_with_ftb="0" total="0">
  <transactions/>
</Get-bin-log-transactions>


====================================================================================
[22 DEC 2016 21:03:21 GMT-8] Pre-Sync - Preparing for execution...

====================================================================================
[22 DEC 2016 21:03:21 GMT-8] Pre-Sync Request:
"C:\PROGRA~2\MYHERI~1\Bin\FAMILY~2.EXE" https://www.myheritage.com/FP/API/FTB/ftb-api.php --data "@C:\Users\Eric\AppData\Roaming\MYHERI~1\Temp\datA475.tmp" --progress-bar --output "C:\Users\Eric\AppData\Roaming\MYHERI~1\Temp\outA476.tmp" --stderr "C:\Users\Eric\AppData\Roaming\MYHERI~1\Temp\errA477.tmp" -A "Family Tree Builder 8.0.0.8318"
---DATA:---
action=api-sync-pre-sync&site_admin=ericrborsheim@gmail.com&site_pwd=53d384b89203627f686e06fb83b9fc4bc572ec2c&project_guid=57FCA7416EAD763E2E06995A33EE916F&publishing_guid=&revision=0&client_program_version=8.0.0.8318&site_id=364175731&computer_name=DESKTOP-G4N757J&bin_log_transaction_offset=0
------------------------------------------------------------------------------------
[22 DEC 2016 21:03:25 GMT-8] Pre-Sync Connection result:
0 (WAIT_OBJECT_0)

------------------------------------------------------------------------------------
[22 DEC 2016 21:03:25 GMT-8] Pre-Sync Response:
<?xml version="1.0"?>
<Pre-sync site_id="364175731" project_guid="57FCA7416EAD763E2E06995A33EE916F" client_revision="0" is_synced_with_ftb="0"/>


====================================================================================
[22 DEC 2016 21:03:25 GMT-8] Downloading Binlog Commands - Preparing for execution...

====================================================================================
[22 DEC 2016 21:03:25 GMT-8] Downloading Binlog Commands Request:
"C:\PROGRA~2\MYHERI~1\Bin\FAMILY~2.EXE" https://www.myheritage.com/FP/API/FTB/ftb-api.php --data "@C:\Users\Eric\AppData\Roaming\MYHERI~1\Temp\datB42A.tmp" --output "C:\Users\Eric\AppData\Roaming\MYHERI~1\Temp\outB42B.tmp" --stderr "C:\Users\Eric\AppData\Roaming\MYHERI~1\Temp\errB42C.tmp" -A "Family Tree Builder 8.0.0.8318"
---DATA:---
action=api-sync-get-bin-log-transactions&site_admin=ericrborsheim@gmail.com&site_pwd=53d384b89203627f686e06fb83b9fc4bc572ec2c&site_id=364175731&client_program_version=8.0.0.8318&project_guid=57FCA7416EAD763E2E06995A33EE916F&revision=0&offset=0&limit=1
------------------------------------------------------------------------------------
[22 DEC 2016 21:03:27 GMT-8] Downloading Binlog Commands Connection result:
0 (WAIT_OBJECT_0)

------------------------------------------------------------------------------------
[22 DEC 2016 21:03:27 GMT-8] Downloading Binlog Commands Response:
<?xml version="1.0"?>
<Get-bin-log-transactions site_id="364175731" project_guid="57FCA7416EAD763E2E06995A33EE916F" client_revision="0" is_synced_with_ftb="0" total="0">
  <transactions/>
</Get-bin-log-transactions>


====================================================================================
[22 DEC 2016 22:41:27 GMT-8] Pre-Sync - Preparing for execution...

====================================================================================
[22 DEC 2016 22:41:27 GMT-8] Pre-Sync Request:
"C:\PROGRA~2\MYHERI~1\Bin\FAMILY~2.EXE" https://www.myheritage.com/FP/API/FTB/ftb-api.php --data "@C:\Users\Eric\AppData\Roaming\MYHERI~1\Temp\dat740A.tmp" --progress-bar --output "C:\Users\Eric\AppData\Roaming\MYHERI~1\Temp\out741B.tmp" --stderr "C:\Users\Eric\AppData\Roaming\MYHERI~1\Temp\err741C.tmp" -A "Family Tree Builder 8.0.0.8318"
---DATA:---
action=api-sync-pre-sync&site_admin=ericrborsheim@gmail.com&site_pwd=53d384b89203627f686e06fb83b9fc4bc572ec2c&project_guid=57FCA7416EAD763E2E06995A33EE916F&publishing_guid=&revision=0&client_program_version=8.0.0.8318&site_id=364175731&computer_name=DESKTOP-G4N757J&bin_log_transaction_offset=0
------------------------------------------------------------------------------------
[22 DEC 2016 22:41:31 GMT-8] Pre-Sync Connection result:
0 (WAIT_OBJECT_0)

------------------------------------------------------------------------------------
[22 DEC 2016 22:41:31 GMT-8] Pre-Sync Response:
<?xml version="1.0"?>
<Pre-sync site_id="364175731" project_guid="57FCA7416EAD763E2E06995A33EE916F" client_revision="0" is_synced_with_ftb="0"/>


====================================================================================
[22 DEC 2016 22:41:31 GMT-8] Downloading Binlog Commands - Preparing for execution...

====================================================================================
[22 DEC 2016 22:41:31 GMT-8] Downloading Binlog Commands Request:
"C:\PROGRA~2\MYHERI~1\Bin\FAMILY~2.EXE" https://www.myheritage.com/FP/API/FTB/ftb-api.php --data "@C:\Users\Eric\AppData\Roaming\MYHERI~1\Temp\dat837E.tmp" --output "C:\Users\Eric\AppData\Roaming\MYHERI~1\Temp\out838F.tmp" --stderr "C:\Users\Eric\AppData\Roaming\MYHERI~1\Temp\err8390.tmp" -A "Family Tree Builder 8.0.0.8318"
---DATA:---
action=api-sync-get-bin-log-transactions&site_admin=ericrborsheim@gmail.com&site_pwd=53d384b89203627f686e06fb83b9fc4bc572ec2c&site_id=364175731&client_program_version=8.0.0.8318&project_guid=57FCA7416EAD763E2E06995A33EE916F&revision=0&offset=0&limit=1
------------------------------------------------------------------------------------
[22 DEC 2016 22:41:33 GMT-8] Downloading Binlog Commands Connection result:
0 (WAIT_OBJECT_0)

------------------------------------------------------------------------------------
[22 DEC 2016 22:41:33 GMT-8] Downloading Binlog Commands Response:
<?xml version="1.0"?>
<Get-bin-log-transactions site_id="364175731" project_guid="57FCA7416EAD763E2E06995A33EE916F" client_revision="0" is_synced_with_ftb="0" total="0">
  <transactions/>
</Get-bin-log-transactions>


====================================================================================
[22 DEC 2016 23:55:44 GMT-8] Pre-Sync - Preparing for execution...

====================================================================================
[22 DEC 2016 23:55:44 GMT-8] Pre-Sync Request:
"C:\PROGRA~2\MYHERI~1\Bin\FAMILY~2.EXE" https://www.myheritage.com/FP/API/FTB/ftb-api.php --data "@C:\Users\Eric\AppData\Roaming\MYHERI~1\Temp\dat7567.tmp" --progress-bar --output "C:\Users\Eric\AppData\Roaming\MYHERI~1\Temp\out7578.tmp" --stderr "C:\Users\Eric\AppData\Roaming\MYHERI~1\Temp\err7579.tmp" -A "Family Tree Builder 8.0.0.8318"
---DATA:---
action=api-sync-pre-sync&site_admin=ericrborsheim@gmail.com&site_pwd=53d384b89203627f686e06fb83b9fc4bc572ec2c&project_guid=57FCA7416EAD763E2E06995A33EE916F&publishing_guid=&revision=0&client_program_version=8.0.0.8318&site_id=364175731&computer_name=DESKTOP-G4N757J&bin_log_transaction_offset=0
------------------------------------------------------------------------------------
[22 DEC 2016 23:55:46 GMT-8] Pre-Sync Connection result:
0 (WAIT_OBJECT_0)

------------------------------------------------------------------------------------
[22 DEC 2016 23:55:46 GMT-8] Pre-Sync Response:
<?xml version="1.0"?>
<Pre-sync site_id="364175731" project_guid="57FCA7416EAD763E2E06995A33EE916F" client_revision="0" is_synced_with_ftb="0"/>


====================================================================================
[22 DEC 2016 23:55:46 GMT-8] Downloading Binlog Commands - Preparing for execution...

====================================================================================
[22 DEC 2016 23:55:46 GMT-8] Downloading Binlog Commands Request:
"C:\PROGRA~2\MYHERI~1\Bin\FAMILY~2.EXE" https://www.myheritage.com/FP/API/FTB/ftb-api.php --data "@C:\Users\Eric\AppData\Roaming\MYHERI~1\Temp\dat7F8C.tmp" --output "C:\Users\Eric\AppData\Roaming\MYHERI~1\Temp\out7F8D.tmp" --stderr "C:\Users\Eric\AppData\Roaming\MYHERI~1\Temp\err7F8E.tmp" -A "Family Tree Builder 8.0.0.8318"
---DATA:---
action=api-sync-get-bin-log-transactions&site_admin=ericrborsheim@gmail.com&site_pwd=53d384b89203627f686e06fb83b9fc4bc572ec2c&site_id=364175731&client_program_version=8.0.0.8318&project_guid=57FCA7416EAD763E2E06995A33EE916F&revision=0&offset=0&limit=1
------------------------------------------------------------------------------------
[22 DEC 2016 23:55:49 GMT-8] Downloading Binlog Commands Connection result:
0 (WAIT_OBJECT_0)

------------------------------------------------------------------------------------
[22 DEC 2016 23:55:49 GMT-8] Downloading Binlog Commands Response:
<?xml version="1.0"?>
<Get-bin-log-transactions site_id="364175731" project_guid="57FCA7416EAD763E2E06995A33EE916F" client_revision="0" is_synced_with_ftb="0" total="0">
  <transactions/>
</Get-bin-log-transactions>


====================================================================================
[23 DEC 2016 15:07:31 GMT-8] Pre-Sync - Preparing for execution...

====================================================================================
[23 DEC 2016 15:07:31 GMT-8] Pre-Sync Request:
"C:\PROGRA~2\MYHERI~1\Bin\FAMILY~2.EXE" https://www.myheritage.com/FP/API/FTB/ftb-api.php --data "@C:\Users\Eric\AppData\Roaming\MYHERI~1\Temp\dat3B01.tmp" --progress-bar --output "C:\Users\Eric\AppData\Roaming\MYHERI~1\Temp\out3B02.tmp" --stderr "C:\Users\Eric\AppData\Roaming\MYHERI~1\Temp\err3B03.tmp" -A "Family Tree Builder 8.0.0.8318"
---DATA:---
action=api-sync-pre-sync&site_admin=ericrborsheim@gmail.com&site_pwd=53d384b89203627f686e06fb83b9fc4bc572ec2c&project_guid=57FCA7416EAD763E2E06995A33EE916F&publishing_guid=&revision=0&client_program_version=8.0.0.8318&site_id=364175731&computer_name=DESKTOP-G4N757J&bin_log_transaction_offset=0
------------------------------------------------------------------------------------
[23 DEC 2016 15:07:32 GMT-8] Pre-Sync Connection result:
0 (WAIT_OBJECT_0)

------------------------------------------------------------------------------------
[23 DEC 2016 15:07:32 GMT-8] Pre-Sync Response:
<?xml version="1.0"?>
<Pre-sync site_id="364175731" project_guid="57FCA7416EAD763E2E06995A33EE916F" client_revision="0" is_synced_with_ftb="0"/>


====================================================================================
[23 DEC 2016 15:07:32 GMT-8] Downloading Binlog Commands - Preparing for execution...

====================================================================================
[23 DEC 2016 15:07:32 GMT-8] Downloading Binlog Commands Request:
"C:\PROGRA~2\MYHERI~1\Bin\FAMILY~2.EXE" https://www.myheritage.com/FP/API/FTB/ftb-api.php --data "@C:\Users\Eric\AppData\Roaming\MYHERI~1\Temp\dat3E40.tmp" --output "C:\Users\Eric\AppData\Roaming\MYHERI~1\Temp\out3E50.tmp" --stderr "C:\Users\Eric\AppData\Roaming\MYHERI~1\Temp\err3E51.tmp" -A "Family Tree Builder 8.0.0.8318"
---DATA:---
action=api-sync-get-bin-log-transactions&site_admin=ericrborsheim@gmail.com&site_pwd=53d384b89203627f686e06fb83b9fc4bc572ec2c&site_id=364175731&client_program_version=8.0.0.8318&project_guid=57FCA7416EAD763E2E06995A33EE916F&revision=0&offset=0&limit=1
------------------------------------------------------------------------------------
[23 DEC 2016 15:07:33 GMT-8] Downloading Binlog Commands Connection result:
0 (WAIT_OBJECT_0)

------------------------------------------------------------------------------------
[23 DEC 2016 15:07:33 GMT-8] Downloading Binlog Commands Response:
<?xml version="1.0"?>
<Get-bin-log-transactions site_id="364175731" project_guid="57FCA7416EAD763E2E06995A33EE916F" client_revision="0" is_synced_with_ftb="0" total="0">
  <transactions/>
</Get-bin-log-transactions>


====================================================================================
[23 DEC 2016 16:06:13 GMT-8] Pre-Sync - Preparing for execution...

====================================================================================
[23 DEC 2016 16:06:13 GMT-8] Pre-Sync Request:
"C:\PROGRA~2\MYHERI~1\Bin\FAMILY~2.EXE" https://www.myheritage.com/FP/API/FTB/ftb-api.php --data "@C:\Users\Eric\AppData\Roaming\MYHERI~1\Temp\datF890.tmp" --progress-bar --output "C:\Users\Eric\AppData\Roaming\MYHERI~1\Temp\outF891.tmp" --stderr "C:\Users\Eric\AppData\Roaming\MYHERI~1\Temp\errF892.tmp" -A "Family Tree Builder 8.0.0.8318"
---DATA:---
action=api-sync-pre-sync&site_admin=ericrborsheim@gmail.com&site_pwd=53d384b89203627f686e06fb83b9fc4bc572ec2c&project_guid=57FCA7416EAD763E2E06995A33EE916F&publishing_guid=&revision=0&client_program_version=8.0.0.8318&site_id=364175731&computer_name=DESKTOP-G4N757J&bin_log_transaction_offset=0
------------------------------------------------------------------------------------
[23 DEC 2016 16:06:15 GMT-8] Pre-Sync Connection result:
0 (WAIT_OBJECT_0)

------------------------------------------------------------------------------------
[23 DEC 2016 16:06:15 GMT-8] Pre-Sync Response:
<?xml version="1.0"?>
<Pre-sync site_id="364175731" project_guid="57FCA7416EAD763E2E06995A33EE916F" client_revision="0" is_synced_with_ftb="0"/>


====================================================================================
[23 DEC 2016 16:06:15 GMT-8] Downloading Binlog Commands - Preparing for execution...

====================================================================================
[23 DEC 2016 16:06:15 GMT-8] Downloading Binlog Commands Request:
"C:\PROGRA~2\MYHERI~1\Bin\FAMILY~2.EXE" https://www.myheritage.com/FP/API/FTB/ftb-api.php --data "@C:\Users\Eric\AppData\Roaming\MYHERI~1\Temp\datB1.tmp" --output "C:\Users\Eric\AppData\Roaming\MYHERI~1\Temp\outC2.tmp" --stderr "C:\Users\Eric\AppData\Roaming\MYHERI~1\Temp\errC3.tmp" -A "Family Tree Builder 8.0.0.8318"
---DATA:---
action=api-sync-get-bin-log-transactions&site_admin=ericrborsheim@gmail.com&site_pwd=53d384b89203627f686e06fb83b9fc4bc572ec2c&site_id=364175731&client_program_version=8.0.0.8318&project_guid=57FCA7416EAD763E2E06995A33EE916F&revision=0&offset=0&limit=1
------------------------------------------------------------------------------------
[23 DEC 2016 16:06:16 GMT-8] Downloading Binlog Commands Connection result:
0 (WAIT_OBJECT_0)

------------------------------------------------------------------------------------
[23 DEC 2016 16:06:16 GMT-8] Downloading Binlog Commands Response:
<?xml version="1.0"?>
<Get-bin-log-transactions site_id="364175731" project_guid="57FCA7416EAD763E2E06995A33EE916F" client_revision="0" is_synced_with_ftb="0" total="0">
  <transactions/>
</Get-bin-log-transactions>


====================================================================================
[23 DEC 2016 23:29:01 GMT-8] Pre-Sync - Preparing for execution...

====================================================================================
[23 DEC 2016 23:29:01 GMT-8] Pre-Sync Request:
"C:\PROGRA~2\MYHERI~1\Bin\FAMILY~2.EXE" https://www.myheritage.com/FP/API/FTB/ftb-api.php --data "@C:\Users\Eric\AppData\Roaming\MYHERI~1\Temp\dat5B9E.tmp" --progress-bar --output "C:\Users\Eric\AppData\Roaming\MYHERI~1\Temp\out5B9F.tmp" --stderr "C:\Users\Eric\AppData\Roaming\MYHERI~1\Temp\err5BA0.tmp" -A "Family Tree Builder 8.0.0.8318"
---DATA:---
action=api-sync-pre-sync&site_admin=ericrborsheim@gmail.com&site_pwd=53d384b89203627f686e06fb83b9fc4bc572ec2c&project_guid=57FCA7416EAD763E2E06995A33EE916F&publishing_guid=&revision=0&client_program_version=8.0.0.8318&site_id=364175731&computer_name=DESKTOP-G4N757J&bin_log_transaction_offset=0
------------------------------------------------------------------------------------
[23 DEC 2016 23:29:04 GMT-8] Pre-Sync Connection result:
0 (WAIT_OBJECT_0)

------------------------------------------------------------------------------------
[23 DEC 2016 23:29:04 GMT-8] Pre-Sync Response:
<?xml version="1.0"?>
<Pre-sync site_id="364175731" project_guid="57FCA7416EAD763E2E06995A33EE916F" client_revision="0" is_synced_with_ftb="0"/>


====================================================================================
[23 DEC 2016 23:29:04 GMT-8] Downloading Binlog Commands - Preparing for execution...

====================================================================================
[23 DEC 2016 23:29:04 GMT-8] Downloading Binlog Commands Request:
"C:\PROGRA~2\MYHERI~1\Bin\FAMILY~2.EXE" https://www.myheritage.com/FP/API/FTB/ftb-api.php --data "@C:\Users\Eric\AppData\Roaming\MYHERI~1\Temp\dat68B2.tmp" --output "C:\Users\Eric\AppData\Roaming\MYHERI~1\Temp\out68B3.tmp" --stderr "C:\Users\Eric\AppData\Roaming\MYHERI~1\Temp\err68B4.tmp" -A "Family Tree Builder 8.0.0.8318"
---DATA:---
action=api-sync-get-bin-log-transactions&site_admin=ericrborsheim@gmail.com&site_pwd=53d384b89203627f686e06fb83b9fc4bc572ec2c&site_id=364175731&client_program_version=8.0.0.8318&project_guid=57FCA7416EAD763E2E06995A33EE916F&revision=0&offset=0&limit=1
------------------------------------------------------------------------------------
[23 DEC 2016 23:29:05 GMT-8] Downloading Binlog Commands Connection result:
0 (WAIT_OBJECT_0)

------------------------------------------------------------------------------------
[23 DEC 2016 23:29:05 GMT-8] Downloading Binlog Commands Response:
<?xml version="1.0"?>
<Get-bin-log-transactions site_id="364175731" project_guid="57FCA7416EAD763E2E06995A33EE916F" client_revision="0" is_synced_with_ftb="0" total="0">
  <transactions/>
</Get-bin-log-transactions>


====================================================================================
[29 DEC 2016 03:37:33 GMT-8] Pre-Sync - Preparing for execution...

====================================================================================
[29 DEC 2016 03:37:33 GMT-8] Pre-Sync Request:
"C:\PROGRA~2\MYHERI~1\Bin\FAMILY~2.EXE" https://www.myheritage.com/FP/API/FTB/ftb-api.php --data "@C:\Users\Eric\AppData\Roaming\MYHERI~1\Temp\dat4C4D.tmp" --progress-bar --output "C:\Users\Eric\AppData\Roaming\MYHERI~1\Temp\out4CFA.tmp" --stderr "C:\Users\Eric\AppData\Roaming\MYHERI~1\Temp\err4CFB.tmp" -A "Family Tree Builder 8.0.0.8318"
---DATA:---
action=api-sync-pre-sync&site_admin=ericrborsheim@gmail.com&site_pwd=53d384b89203627f686e06fb83b9fc4bc572ec2c&project_guid=57FCA7416EAD763E2E06995A33EE916F&publishing_guid=&revision=0&client_program_version=8.0.0.8318&site_id=364175731&computer_name=DESKTOP-G4N757J&bin_log_transaction_offset=0
------------------------------------------------------------------------------------
[29 DEC 2016 03:37:33 GMT-8] Pre-Sync Connection result:
0 (WAIT_OBJECT_0)

------------------------------------------------------------------------------------
[29 DEC 2016 03:37:33 GMT-8] Pre-Sync Response:
<?xml version="1.0"?>
<Pre-sync site_id="364175731" project_guid="57FCA7416EAD763E2E06995A33EE916F" client_revision="0" is_synced_with_ftb="0"/>


====================================================================================
[29 DEC 2016 03:37:33 GMT-8] Downloading Binlog Commands - Preparing for execution...

====================================================================================
[29 DEC 2016 03:37:33 GMT-8] Downloading Binlog Commands Request:
"C:\PROGRA~2\MYHERI~1\Bin\FAMILY~2.EXE" https://www.myheritage.com/FP/API/FTB/ftb-api.php --data "@C:\Users\Eric\AppData\Roaming\MYHERI~1\Temp\dat4F00.tmp" --output "C:\Users\Eric\AppData\Roaming\MYHERI~1\Temp\out4F01.tmp" --stderr "C:\Users\Eric\AppData\Roaming\MYHERI~1\Temp\err4F11.tmp" -A "Family Tree Builder 8.0.0.8318"
---DATA:---
action=api-sync-get-bin-log-transactions&site_admin=ericrborsheim@gmail.com&site_pwd=53d384b89203627f686e06fb83b9fc4bc572ec2c&site_id=364175731&client_program_version=8.0.0.8318&project_guid=57FCA7416EAD763E2E06995A33EE916F&revision=0&offset=0&limit=1
------------------------------------------------------------------------------------
[29 DEC 2016 03:37:34 GMT-8] Downloading Binlog Commands Connection result:
0 (WAIT_OBJECT_0)

------------------------------------------------------------------------------------
[29 DEC 2016 03:37:34 GMT-8] Downloading Binlog Commands Response:
<?xml version="1.0"?>
<Get-bin-log-transactions site_id="364175731" project_guid="57FCA7416EAD763E2E06995A33EE916F" client_revision="0" is_synced_with_ftb="0" total="0">
  <transactions/>
</Get-bin-log-transactions>


====================================================================================
[29 DEC 2016 17:43:02 GMT-8] Pre-Sync - Preparing for execution...

====================================================================================
[29 DEC 2016 17:43:02 GMT-8] Pre-Sync Request:
"C:\PROGRA~2\MYHERI~1\Bin\FAMILY~2.EXE" https://www.myheritage.com/FP/API/FTB/ftb-api.php --data "@C:\Users\Eric\AppData\Roaming\MYHERI~1\Temp\dat5C1B.tmp" --progress-bar --output "C:\Users\Eric\AppData\Roaming\MYHERI~1\Temp\out5C8A.tmp" --stderr "C:\Users\Eric\AppData\Roaming\MYHERI~1\Temp\err5C8B.tmp" -A "Family Tree Builder 8.0.0.8318"
---DATA:---
action=api-sync-pre-sync&site_admin=ericrborsheim@gmail.com&site_pwd=53d384b89203627f686e06fb83b9fc4bc572ec2c&project_guid=57FCA7416EAD763E2E06995A33EE916F&publishing_guid=&revision=0&client_program_version=8.0.0.8318&site_id=364175731&computer_name=DESKTOP-G4N757J&bin_log_transaction_offset=0
------------------------------------------------------------------------------------
[29 DEC 2016 17:43:03 GMT-8] Pre-Sync Connection result:
0 (WAIT_OBJECT_0)

------------------------------------------------------------------------------------
[29 DEC 2016 17:43:03 GMT-8] Pre-Sync Response:
<?xml version="1.0"?>
<Pre-sync site_id="364175731" project_guid="57FCA7416EAD763E2E06995A33EE916F" client_revision="0" is_synced_with_ftb="0"/>


====================================================================================
[29 DEC 2016 17:43:03 GMT-8] Downloading Binlog Commands - Preparing for execution...

====================================================================================
[29 DEC 2016 17:43:03 GMT-8] Downloading Binlog Commands Request:
"C:\PROGRA~2\MYHERI~1\Bin\FAMILY~2.EXE" https://www.myheritage.com/FP/API/FTB/ftb-api.php --data "@C:\Users\Eric\AppData\Roaming\MYHERI~1\Temp\dat6384.tmp" --output "C:\Users\Eric\AppData\Roaming\MYHERI~1\Temp\out6394.tmp" --stderr "C:\Users\Eric\AppData\Roaming\MYHERI~1\Temp\err6395.tmp" -A "Family Tree Builder 8.0.0.8318"
---DATA:---
action=api-sync-get-bin-log-transactions&site_admin=ericrborsheim@gmail.com&site_pwd=53d384b89203627f686e06fb83b9fc4bc572ec2c&site_id=364175731&client_program_version=8.0.0.8318&project_guid=57FCA7416EAD763E2E06995A33EE916F&revision=0&offset=0&limit=1
------------------------------------------------------------------------------------
[29 DEC 2016 17:43:04 GMT-8] Downloading Binlog Commands Connection result:
0 (WAIT_OBJECT_0)

------------------------------------------------------------------------------------
[29 DEC 2016 17:43:04 GMT-8] Downloading Binlog Commands Response:
<?xml version="1.0"?>
<Get-bin-log-transactions site_id="364175731" project_guid="57FCA7416EAD763E2E06995A33EE916F" client_revision="0" is_synced_with_ftb="0" total="0">
  <transactions/>
</Get-bin-log-transactions>


====================================================================================
[29 DEC 2016 19:16:22 GMT-8] Pre-Sync - Preparing for execution...

====================================================================================
[29 DEC 2016 19:16:22 GMT-8] Pre-Sync Request:
"C:\PROGRA~2\MYHERI~1\Bin\FAMILY~2.EXE" https://www.myheritage.com/FP/API/FTB/ftb-api.php --data "@C:\Users\Eric\AppData\Roaming\MYHERI~1\Temp\datD1DC.tmp" --progress-bar --output "C:\Users\Eric\AppData\Roaming\MYHERI~1\Temp\outD1DD.tmp" --stderr "C:\Users\Eric\AppData\Roaming\MYHERI~1\Temp\errD1DE.tmp" -A "Family Tree Builder 8.0.0.8318"
---DATA:---
action=api-sync-pre-sync&site_admin=ericrborsheim@gmail.com&site_pwd=53d384b89203627f686e06fb83b9fc4bc572ec2c&project_guid=57FCA7416EAD763E2E06995A33EE916F&publishing_guid=&revision=0&client_program_version=8.0.0.8318&site_id=364175731&computer_name=DESKTOP-G4N757J&bin_log_transaction_offset=0
------------------------------------------------------------------------------------
[29 DEC 2016 19:16:23 GMT-8] Pre-Sync Connection result:
0 (WAIT_OBJECT_0)

------------------------------------------------------------------------------------
[29 DEC 2016 19:16:23 GMT-8] Pre-Sync Response:
<?xml version="1.0"?>
<Pre-sync site_id="364175731" project_guid="57FCA7416EAD763E2E06995A33EE916F" client_revision="0" is_synced_with_ftb="0"/>


====================================================================================
[29 DEC 2016 19:16:23 GMT-8] Downloading Binlog Commands - Preparing for execution...

====================================================================================
[29 DEC 2016 19:16:23 GMT-8] Downloading Binlog Commands Request:
"C:\PROGRA~2\MYHERI~1\Bin\FAMILY~2.EXE" https://www.myheritage.com/FP/API/FTB/ftb-api.php --data "@C:\Users\Eric\AppData\Roaming\MYHERI~1\Temp\datD4CD.tmp" --output "C:\Users\Eric\AppData\Roaming\MYHERI~1\Temp\outD4CE.tmp" --stderr "C:\Users\Eric\AppData\Roaming\MYHERI~1\Temp\errD4CF.tmp" -A "Family Tree Builder 8.0.0.8318"
---DATA:---
action=api-sync-get-bin-log-transactions&site_admin=ericrborsheim@gmail.com&site_pwd=53d384b89203627f686e06fb83b9fc4bc572ec2c&site_id=364175731&client_program_version=8.0.0.8318&project_guid=57FCA7416EAD763E2E06995A33EE916F&revision=0&offset=0&limit=1
------------------------------------------------------------------------------------
[29 DEC 2016 19:16:24 GMT-8] Downloading Binlog Commands Connection result:
0 (WAIT_OBJECT_0)

------------------------------------------------------------------------------------
[29 DEC 2016 19:16:24 GMT-8] Downloading Binlog Commands Response:
<?xml version="1.0"?>
<Get-bin-log-transactions site_id="364175731" project_guid="57FCA7416EAD763E2E06995A33EE916F" client_revision="0" is_synced_with_ftb="0" total="0">
  <transactions/>
</Get-bin-log-transactions>


====================================================================================
[02 JAN 2017 17:24:18 GMT-8] Pre-Sync - Preparing for execution...

====================================================================================
[02 JAN 2017 17:24:18 GMT-8] Pre-Sync Request:
"C:\PROGRA~2\MYHERI~1\Bin\FAMILY~2.EXE" https://www.myheritage.com/FP/API/FTB/ftb-api.php --data "@C:\Users\Eric\AppData\Roaming\MYHERI~1\Temp\datFB8C.tmp" --progress-bar --output "C:\Users\Eric\AppData\Roaming\MYHERI~1\Temp\outFB8D.tmp" --stderr "C:\Users\Eric\AppData\Roaming\MYHERI~1\Temp\errFB8E.tmp" -A "Family Tree Builder 8.0.0.8318"
---DATA:---
action=api-sync-pre-sync&site_admin=ericrborsheim@gmail.com&site_pwd=53d384b89203627f686e06fb83b9fc4bc572ec2c&project_guid=57FCA7416EAD763E2E06995A33EE916F&publishing_guid=&revision=0&client_program_version=8.0.0.8318&site_id=364175731&computer_name=DESKTOP-G4N757J&bin_log_transaction_offset=0
------------------------------------------------------------------------------------
[02 JAN 2017 17:24:22 GMT-8] Pre-Sync Connection result:
0 (WAIT_OBJECT_0)

------------------------------------------------------------------------------------
[02 JAN 2017 17:24:22 GMT-8] Pre-Sync Response:
<?xml version="1.0"?>
<Pre-sync site_id="364175731" project_guid="57FCA7416EAD763E2E06995A33EE916F" client_revision="0" is_synced_with_ftb="0"/>


====================================================================================
[02 JAN 2017 17:24:22 GMT-8] Downloading Binlog Commands - Preparing for execution...

====================================================================================
[02 JAN 2017 17:24:22 GMT-8] Downloading Binlog Commands Request:
"C:\PROGRA~2\MYHERI~1\Bin\FAMILY~2.EXE" https://www.myheritage.com/FP/API/FTB/ftb-api.php --data "@C:\Users\Eric\AppData\Roaming\MYHERI~1\Temp\dat9F7.tmp" --output "C:\Users\Eric\AppData\Roaming\MYHERI~1\Temp\out9F8.tmp" --stderr "C:\Users\Eric\AppData\Roaming\MYHERI~1\Temp\err9F9.tmp" -A "Family Tree Builder 8.0.0.8318"
---DATA:---
action=api-sync-get-bin-log-transactions&site_admin=ericrborsheim@gmail.com&site_pwd=53d384b89203627f686e06fb83b9fc4bc572ec2c&site_id=364175731&client_program_version=8.0.0.8318&project_guid=57FCA7416EAD763E2E06995A33EE916F&revision=0&offset=0&limit=1
------------------------------------------------------------------------------------
[02 JAN 2017 17:24:25 GMT-8] Downloading Binlog Commands Connection result:
0 (WAIT_OBJECT_0)

------------------------------------------------------------------------------------
[02 JAN 2017 17:24:25 GMT-8] Downloading Binlog Commands Response:
<?xml version="1.0"?>
<Get-bin-log-transactions site_id="364175731" project_guid="57FCA7416EAD763E2E06995A33EE916F" client_revision="0" is_synced_with_ftb="0" total="0">
  <transactions/>
</Get-bin-log-transactions>


====================================================================================
[03 JAN 2017 18:24:47 GMT-8] Pre-Sync - Preparing for execution...

====================================================================================
[03 JAN 2017 18:24:50 GMT-8] Pre-Sync Request:
"C:\PROGRA~2\MYHERI~1\Bin\FAMILY~2.EXE" https://www.myheritage.com/FP/API/FTB/ftb-api.php --data "@C:\Users\Eric\AppData\Roaming\MYHERI~1\Temp\datBCEF.tmp" --progress-bar --output "C:\Users\Eric\AppData\Roaming\MYHERI~1\Temp\outBDBB.tmp" --stderr "C:\Users\Eric\AppData\Roaming\MYHERI~1\Temp\errBE87.tmp" -A "Family Tree Builder 8.0.0.8318"
---DATA:---
action=api-sync-pre-sync&site_admin=ericrborsheim@gmail.com&site_pwd=53d384b89203627f686e06fb83b9fc4bc572ec2c&project_guid=57FCA7416EAD763E2E06995A33EE916F&publishing_guid=&revision=0&client_program_version=8.0.0.8318&site_id=364175731&computer_name=DESKTOP-G4N757J&bin_log_transaction_offset=0
------------------------------------------------------------------------------------
[03 JAN 2017 18:26:38 GMT-8] Pre-Sync Connection result:
0 (WAIT_OBJECT_0)

------------------------------------------------------------------------------------
[03 JAN 2017 18:26:38 GMT-8] Pre-Sync Response:
<?xml version="1.0"?>
<Pre-sync site_id="364175731" project_guid="57FCA7416EAD763E2E06995A33EE916F" client_revision="0" is_synced_with_ftb="0"/>


====================================================================================
[03 JAN 2017 18:26:39 GMT-8] Downloading Binlog Commands - Preparing for execution...

====================================================================================
[03 JAN 2017 18:26:39 GMT-8] Downloading Binlog Commands Request:
"C:\PROGRA~2\MYHERI~1\Bin\FAMILY~2.EXE" https://www.myheritage.com/FP/API/FTB/ftb-api.php --data "@C:\Users\Eric\AppData\Roaming\MYHERI~1\Temp\dat6E9A.tmp" --output "C:\Users\Eric\AppData\Roaming\MYHERI~1\Temp\out6E9B.tmp" --stderr "C:\Users\Eric\AppData\Roaming\MYHERI~1\Temp\err6E9C.tmp" -A "Family Tree Builder 8.0.0.8318"
---DATA:---
action=api-sync-get-bin-log-transactions&site_admin=ericrborsheim@gmail.com&site_pwd=53d384b89203627f686e06fb83b9fc4bc572ec2c&site_id=364175731&client_program_version=8.0.0.8318&project_guid=57FCA7416EAD763E2E06995A33EE916F&revision=0&offset=0&limit=1
------------------------------------------------------------------------------------
[03 JAN 2017 18:26:50 GMT-8] Downloading Binlog Commands Connection result:
0 (WAIT_OBJECT_0)

------------------------------------------------------------------------------------
[03 JAN 2017 18:26:50 GMT-8] Downloading Binlog Commands Response:
<?xml version="1.0"?>
<Get-bin-log-transactions site_id="364175731" project_guid="57FCA7416EAD763E2E06995A33EE916F" client_revision="0" is_synced_with_ftb="0" total="0">
  <transactions/>
</Get-bin-log-transactions>


====================================================================================
[09 JAN 2017 17:29:42 GMT-8] Pre-Sync - Preparing for execution...

====================================================================================
[09 JAN 2017 17:29:42 GMT-8] Pre-Sync Request:
"C:\PROGRA~2\MYHERI~1\Bin\FAMILY~2.EXE" https://www.myheritage.com/FP/API/FTB/ftb-api.php --data "@C:\Users\Eric\AppData\Roaming\MYHERI~1\Temp\dat4ED.tmp" --progress-bar --output "C:\Users\Eric\AppData\Roaming\MYHERI~1\Temp\out4EE.tmp" --stderr "C:\Users\Eric\AppData\Roaming\MYHERI~1\Temp\err4EF.tmp" -A "Family Tree Builder 8.0.0.8318"
---DATA:---
action=api-sync-pre-sync&site_admin=ericrborsheim@gmail.com&site_pwd=53d384b89203627f686e06fb83b9fc4bc572ec2c&project_guid=57FCA7416EAD763E2E06995A33EE916F&publishing_guid=&revision=0&client_program_version=8.0.0.8318&site_id=364175731&computer_name=DESKTOP-G4N757J&bin_log_transaction_offset=0
------------------------------------------------------------------------------------
[09 JAN 2017 17:29:43 GMT-8] Pre-Sync Connection result:
0 (WAIT_OBJECT_0)

------------------------------------------------------------------------------------
[09 JAN 2017 17:29:43 GMT-8] Pre-Sync Response:
<?xml version="1.0"?>
<Pre-sync site_id="364175731" project_guid="57FCA7416EAD763E2E06995A33EE916F" client_revision="0" is_synced_with_ftb="0"/>


====================================================================================
[09 JAN 2017 17:29:43 GMT-8] Downloading Binlog Commands - Preparing for execution...

====================================================================================
[09 JAN 2017 17:29:43 GMT-8] Downloading Binlog Commands Request:
"C:\PROGRA~2\MYHERI~1\Bin\FAMILY~2.EXE" https://www.myheritage.com/FP/API/FTB/ftb-api.php --data "@C:\Users\Eric\AppData\Roaming\MYHERI~1\Temp\dat916.tmp" --output "C:\Users\Eric\AppData\Roaming\MYHERI~1\Temp\out927.tmp" --stderr "C:\Users\Eric\AppData\Roaming\MYHERI~1\Temp\err928.tmp" -A "Family Tree Builder 8.0.0.8318"
---DATA:---
action=api-sync-get-bin-log-transactions&site_admin=ericrborsheim@gmail.com&site_pwd=53d384b89203627f686e06fb83b9fc4bc572ec2c&site_id=364175731&client_program_version=8.0.0.8318&project_guid=57FCA7416EAD763E2E06995A33EE916F&revision=0&offset=0&limit=1
------------------------------------------------------------------------------------
[09 JAN 2017 17:29:44 GMT-8] Downloading Binlog Commands Connection result:
0 (WAIT_OBJECT_0)

------------------------------------------------------------------------------------
[09 JAN 2017 17:29:44 GMT-8] Downloading Binlog Commands Response:
<?xml version="1.0"?>
<Get-bin-log-transactions site_id="364175731" project_guid="57FCA7416EAD763E2E06995A33EE916F" client_revision="0" is_synced_with_ftb="0" total="0">
  <transactions/>
</Get-bin-log-transactions>


====================================================================================
[10 JAN 2017 21:36:57 GMT-8] Pre-Sync - Preparing for execution...

====================================================================================
[10 JAN 2017 21:36:57 GMT-8] Pre-Sync Request:
"C:\PROGRA~2\MYHERI~1\Bin\FAMILY~2.EXE" https://www.myheritage.com/FP/API/FTB/ftb-api.php --data "@C:\Users\Eric\AppData\Roaming\MYHERI~1\Temp\datB386.tmp" --progress-bar --output "C:\Users\Eric\AppData\Roaming\MYHERI~1\Temp\outB387.tmp" --stderr "C:\Users\Eric\AppData\Roaming\MYHERI~1\Temp\errB388.tmp" -A "Family Tree Builder 8.0.0.8318"
---DATA:---
action=api-sync-pre-sync&site_admin=ericrborsheim@gmail.com&site_pwd=53d384b89203627f686e06fb83b9fc4bc572ec2c&project_guid=57FCA7416EAD763E2E06995A33EE916F&publishing_guid=&revision=0&client_program_version=8.0.0.8318&site_id=364175731&computer_name=DESKTOP-G4N757J&bin_log_transaction_offset=0
------------------------------------------------------------------------------------
[10 JAN 2017 21:36:58 GMT-8] Pre-Sync Connection result:
0 (WAIT_OBJECT_0)

------------------------------------------------------------------------------------
[10 JAN 2017 21:36:58 GMT-8] Pre-Sync Response:
<?xml version="1.0"?>
<Pre-sync site_id="364175731" project_guid="57FCA7416EAD763E2E06995A33EE916F" client_revision="0" is_synced_with_ftb="0"/>


====================================================================================
[10 JAN 2017 21:36:58 GMT-8] Downloading Binlog Commands - Preparing for execution...

====================================================================================
[10 JAN 2017 21:36:58 GMT-8] Downloading Binlog Commands Request:
"C:\PROGRA~2\MYHERI~1\Bin\FAMILY~2.EXE" https://www.myheritage.com/FP/API/FTB/ftb-api.php --data "@C:\Users\Eric\AppData\Roaming\MYHERI~1\Temp\datB83C.tmp" --output "C:\Users\Eric\AppData\Roaming\MYHERI~1\Temp\outB83D.tmp" --stderr "C:\Users\Eric\AppData\Roaming\MYHERI~1\Temp\errB83E.tmp" -A "Family Tree Builder 8.0.0.8318"
---DATA:---
action=api-sync-get-bin-log-transactions&site_admin=ericrborsheim@gmail.com&site_pwd=53d384b89203627f686e06fb83b9fc4bc572ec2c&site_id=364175731&client_program_version=8.0.0.8318&project_guid=57FCA7416EAD763E2E06995A33EE916F&revision=0&offset=0&limit=1
------------------------------------------------------------------------------------
[10 JAN 2017 21:36:59 GMT-8] Downloading Binlog Commands Connection result:
0 (WAIT_OBJECT_0)

------------------------------------------------------------------------------------
[10 JAN 2017 21:36:59 GMT-8] Downloading Binlog Commands Response:
<?xml version="1.0"?>
<Get-bin-log-transactions site_id="364175731" project_guid="57FCA7416EAD763E2E06995A33EE916F" client_revision="0" is_synced_with_ftb="0" total="0">
  <transactions/>
</Get-bin-log-transactions>


====================================================================================
[10 JAN 2017 22:30:54 GMT-8] Pre-Sync - Preparing for execution...

====================================================================================
[10 JAN 2017 22:30:54 GMT-8] Pre-Sync Request:
"C:\PROGRA~2\MYHERI~1\Bin\FAMILY~2.EXE" https://www.myheritage.com/FP/API/FTB/ftb-api.php --data "@C:\Users\Eric\AppData\Roaming\MYHERI~1\Temp\dat1781.tmp" --progress-bar --output "C:\Users\Eric\AppData\Roaming\MYHERI~1\Temp\out1792.tmp" --stderr "C:\Users\Eric\AppData\Roaming\MYHERI~1\Temp\err1793.tmp" -A "Family Tree Builder 8.0.0.8318"
---DATA:---
action=api-sync-pre-sync&site_admin=ericrborsheim@gmail.com&site_pwd=53d384b89203627f686e06fb83b9fc4bc572ec2c&project_guid=57FCA7416EAD763E2E06995A33EE916F&publishing_guid=&revision=0&client_program_version=8.0.0.8318&site_id=364175731&computer_name=DESKTOP-G4N757J&bin_log_transaction_offset=0
------------------------------------------------------------------------------------
[10 JAN 2017 22:30:54 GMT-8] Pre-Sync Connection result:
0 (WAIT_OBJECT_0)

------------------------------------------------------------------------------------
[10 JAN 2017 22:30:54 GMT-8] Pre-Sync Response:
<?xml version="1.0"?>
<Pre-sync site_id="364175731" project_guid="57FCA7416EAD763E2E06995A33EE916F" client_revision="0" is_synced_with_ftb="0"/>


====================================================================================
[10 JAN 2017 22:30:54 GMT-8] Downloading Binlog Commands - Preparing for execution...

====================================================================================
[10 JAN 2017 22:30:54 GMT-8] Downloading Binlog Commands Request:
"C:\PROGRA~2\MYHERI~1\Bin\FAMILY~2.EXE" https://www.myheritage.com/FP/API/FTB/ftb-api.php --data "@C:\Users\Eric\AppData\Roaming\MYHERI~1\Temp\dat19A7.tmp" --output "C:\Users\Eric\AppData\Roaming\MYHERI~1\Temp\out19A8.tmp" --stderr "C:\Users\Eric\AppData\Roaming\MYHERI~1\Temp\err19A9.tmp" -A "Family Tree Builder 8.0.0.8318"
---DATA:---
action=api-sync-get-bin-log-transactions&site_admin=ericrborsheim@gmail.com&site_pwd=53d384b89203627f686e06fb83b9fc4bc572ec2c&site_id=364175731&client_program_version=8.0.0.8318&project_guid=57FCA7416EAD763E2E06995A33EE916F&revision=0&offset=0&limit=1
------------------------------------------------------------------------------------
[10 JAN 2017 22:30:55 GMT-8] Downloading Binlog Commands Connection result:
0 (WAIT_OBJECT_0)

------------------------------------------------------------------------------------
[10 JAN 2017 22:30:55 GMT-8] Downloading Binlog Commands Response:
<?xml version="1.0"?>
<Get-bin-log-transactions site_id="364175731" project_guid="57FCA7416EAD763E2E06995A33EE916F" client_revision="0" is_synced_with_ftb="0" total="0">
  <transactions/>
</Get-bin-log-transactions>


====================================================================================
[14 JAN 2017 21:09:02 GMT-8] Pre-Sync - Preparing for execution...

====================================================================================
[14 JAN 2017 21:09:03 GMT-8] Pre-Sync Request:
"C:\PROGRA~2\MYHERI~1\Bin\FAMILY~2.EXE" https://www.myheritage.com/FP/API/FTB/ftb-api.php --data "@C:\Users\Eric\AppData\Roaming\MYHERI~1\Temp\dat92CD.tmp" --progress-bar --output "C:\Users\Eric\AppData\Roaming\MYHERI~1\Temp\out92CE.tmp" --stderr "C:\Users\Eric\AppData\Roaming\MYHERI~1\Temp\err92CF.tmp" -A "Family Tree Builder 8.0.0.8318"
---DATA:---
action=api-sync-pre-sync&site_admin=ericrborsheim@gmail.com&site_pwd=53d384b89203627f686e06fb83b9fc4bc572ec2c&project_guid=57FCA7416EAD763E2E06995A33EE916F&publishing_guid=&revision=0&client_program_version=8.0.0.8318&site_id=364175731&computer_name=DESKTOP-G4N757J&bin_log_transaction_offset=0
------------------------------------------------------------------------------------
[14 JAN 2017 21:09:04 GMT-8] Pre-Sync Connection result:
0 (WAIT_OBJECT_0)

------------------------------------------------------------------------------------
[14 JAN 2017 21:09:04 GMT-8] Pre-Sync Response:
<?xml version="1.0"?>
<Pre-sync site_id="364175731" project_guid="57FCA7416EAD763E2E06995A33EE916F" client_revision="0" is_synced_with_ftb="0"/>


====================================================================================
[14 JAN 2017 21:09:04 GMT-8] Downloading Binlog Commands - Preparing for execution...

====================================================================================
[14 JAN 2017 21:09:04 GMT-8] Downloading Binlog Commands Request:
"C:\PROGRA~2\MYHERI~1\Bin\FAMILY~2.EXE" https://www.myheritage.com/FP/API/FTB/ftb-api.php --data "@C:\Users\Eric\AppData\Roaming\MYHERI~1\Temp\dat96B8.tmp" --output "C:\Users\Eric\AppData\Roaming\MYHERI~1\Temp\out96C8.tmp" --stderr "C:\Users\Eric\AppData\Roaming\MYHERI~1\Temp\err96C9.tmp" -A "Family Tree Builder 8.0.0.8318"
---DATA:---
action=api-sync-get-bin-log-transactions&site_admin=ericrborsheim@gmail.com&site_pwd=53d384b89203627f686e06fb83b9fc4bc572ec2c&site_id=364175731&client_program_version=8.0.0.8318&project_guid=57FCA7416EAD763E2E06995A33EE916F&revision=0&offset=0&limit=1
------------------------------------------------------------------------------------
[14 JAN 2017 21:09:04 GMT-8] Downloading Binlog Commands Connection result:
0 (WAIT_OBJECT_0)

------------------------------------------------------------------------------------
[14 JAN 2017 21:09:04 GMT-8] Downloading Binlog Commands Response:
<?xml version="1.0"?>
<Get-bin-log-transactions site_id="364175731" project_guid="57FCA7416EAD763E2E06995A33EE916F" client_revision="0" is_synced_with_ftb="0" total="0">
  <transactions/>
</Get-bin-log-transactions>


====================================================================================
[15 JAN 2017 12:16:44 GMT-8] Pre-Sync - Preparing for execution...

====================================================================================
[15 JAN 2017 12:16:44 GMT-8] Pre-Sync Request:
"C:\PROGRA~2\MYHERI~1\Bin\FAMILY~2.EXE" https://www.myheritage.com/FP/API/FTB/ftb-api.php --data "@C:\Users\Eric\AppData\Roaming\MYHERI~1\Temp\dat9862.tmp" --progress-bar --output "C:\Users\Eric\AppData\Roaming\MYHERI~1\Temp\out9863.tmp" --stderr "C:\Users\Eric\AppData\Roaming\MYHERI~1\Temp\err9864.tmp" -A "Family Tree Builder 8.0.0.8318"
---DATA:---
action=api-sync-pre-sync&site_admin=ericrborsheim@gmail.com&site_pwd=53d384b89203627f686e06fb83b9fc4bc572ec2c&project_guid=57FCA7416EAD763E2E06995A33EE916F&publishing_guid=&revision=0&client_program_version=8.0.0.8318&site_id=364175731&computer_name=DESKTOP-G4N757J&bin_log_transaction_offset=0
------------------------------------------------------------------------------------
[15 JAN 2017 12:16:45 GMT-8] Pre-Sync Connection result:
0 (WAIT_OBJECT_0)

------------------------------------------------------------------------------------
[15 JAN 2017 12:16:45 GMT-8] Pre-Sync Response:
<?xml version="1.0"?>
<Pre-sync site_id="364175731" project_guid="57FCA7416EAD763E2E06995A33EE916F" client_revision="0" is_synced_with_ftb="0"/>


====================================================================================
[15 JAN 2017 12:16:45 GMT-8] Downloading Binlog Commands - Preparing for execution...

====================================================================================
[15 JAN 2017 12:16:45 GMT-8] Downloading Binlog Commands Request:
"C:\PROGRA~2\MYHERI~1\Bin\FAMILY~2.EXE" https://www.myheritage.com/FP/API/FTB/ftb-api.php --data "@C:\Users\Eric\AppData\Roaming\MYHERI~1\Temp\dat9A4A.tmp" --output "C:\Users\Eric\AppData\Roaming\MYHERI~1\Temp\out9A4B.tmp" --stderr "C:\Users\Eric\AppData\Roaming\MYHERI~1\Temp\err9A4C.tmp" -A "Family Tree Builder 8.0.0.8318"
---DATA:---
action=api-sync-get-bin-log-transactions&site_admin=ericrborsheim@gmail.com&site_pwd=53d384b89203627f686e06fb83b9fc4bc572ec2c&site_id=364175731&client_program_version=8.0.0.8318&project_guid=57FCA7416EAD763E2E06995A33EE916F&revision=0&offset=0&limit=1
------------------------------------------------------------------------------------
[15 JAN 2017 12:16:45 GMT-8] Downloading Binlog Commands Connection result:
0 (WAIT_OBJECT_0)

------------------------------------------------------------------------------------
[15 JAN 2017 12:16:45 GMT-8] Downloading Binlog Commands Response:
<?xml version="1.0"?>
<Get-bin-log-transactions site_id="364175731" project_guid="57FCA7416EAD763E2E06995A33EE916F" client_revision="0" is_synced_with_ftb="0" total="0">
  <transactions/>
</Get-bin-log-transactions>


====================================================================================
[15 JAN 2017 15:08:02 GMT-8] Pre-Sync - Preparing for execution...

====================================================================================
[15 JAN 2017 15:08:02 GMT-8] Pre-Sync Request:
"C:\PROGRA~2\MYHERI~1\Bin\FAMILY~2.EXE" https://www.myheritage.com/FP/API/FTB/ftb-api.php --data "@C:\Users\Eric\AppData\Roaming\MYHERI~1\Temp\dat6D30.tmp" --progress-bar --output "C:\Users\Eric\AppData\Roaming\MYHERI~1\Temp\out6D31.tmp" --stderr "C:\Users\Eric\AppData\Roaming\MYHERI~1\Temp\err6D32.tmp" -A "Family Tree Builder 8.0.0.8318"
---DATA:---
action=api-sync-pre-sync&site_admin=ericrborsheim@gmail.com&site_pwd=53d384b89203627f686e06fb83b9fc4bc572ec2c&project_guid=57FCA7416EAD763E2E06995A33EE916F&publishing_guid=&revision=0&client_program_version=8.0.0.8318&site_id=364175731&computer_name=DESKTOP-G4N757J&bin_log_transaction_offset=0
------------------------------------------------------------------------------------
[15 JAN 2017 15:08:06 GMT-8] Pre-Sync Connection result:
0 (WAIT_OBJECT_0)

------------------------------------------------------------------------------------
[15 JAN 2017 15:08:06 GMT-8] Pre-Sync Response:
<?xml version="1.0"?>
<Pre-sync site_id="364175731" project_guid="57FCA7416EAD763E2E06995A33EE916F" client_revision="0" is_synced_with_ftb="0"/>


====================================================================================
[15 JAN 2017 15:08:06 GMT-8] Downloading Binlog Commands - Preparing for execution...

====================================================================================
[15 JAN 2017 15:08:06 GMT-8] Downloading Binlog Commands Request:
"C:\PROGRA~2\MYHERI~1\Bin\FAMILY~2.EXE" https://www.myheritage.com/FP/API/FTB/ftb-api.php --data "@C:\Users\Eric\AppData\Roaming\MYHERI~1\Temp\dat7A14.tmp" --output "C:\Users\Eric\AppData\Roaming\MYHERI~1\Temp\out7A15.tmp" --stderr "C:\Users\Eric\AppData\Roaming\MYHERI~1\Temp\err7A16.tmp" -A "Family Tree Builder 8.0.0.8318"
---DATA:---
action=api-sync-get-bin-log-transactions&site_admin=ericrborsheim@gmail.com&site_pwd=53d384b89203627f686e06fb83b9fc4bc572ec2c&site_id=364175731&client_program_version=8.0.0.8318&project_guid=57FCA7416EAD763E2E06995A33EE916F&revision=0&offset=0&limit=1
------------------------------------------------------------------------------------
[15 JAN 2017 15:08:13 GMT-8] Downloading Binlog Commands Connection result:
0 (WAIT_OBJECT_0)

------------------------------------------------------------------------------------
[15 JAN 2017 15:08:13 GMT-8] Downloading Binlog Commands Response:
<?xml version="1.0"?>
<Get-bin-log-transactions site_id="364175731" project_guid="57FCA7416EAD763E2E06995A33EE916F" client_revision="0" is_synced_with_ftb="0" total="0">
  <transactions/>
</Get-bin-log-transactions>


====================================================================================
[15 JAN 2017 23:13:02 GMT-8] Pre-Sync - Preparing for execution...

====================================================================================
[15 JAN 2017 23:13:02 GMT-8] Pre-Sync Request:
"C:\PROGRA~2\MYHERI~1\Bin\FAMILY~2.EXE" https://www.myheritage.com/FP/API/FTB/ftb-api.php --data "@C:\Users\Eric\AppData\Roaming\MYHERI~1\Temp\dat7349.tmp" --progress-bar --output "C:\Users\Eric\AppData\Roaming\MYHERI~1\Temp\out734A.tmp" --stderr "C:\Users\Eric\AppData\Roaming\MYHERI~1\Temp\err734B.tmp" -A "Family Tree Builder 8.0.0.8318"
---DATA:---
action=api-sync-pre-sync&site_admin=ericrborsheim@gmail.com&site_pwd=53d384b89203627f686e06fb83b9fc4bc572ec2c&project_guid=57FCA7416EAD763E2E06995A33EE916F&publishing_guid=&revision=0&client_program_version=8.0.0.8318&site_id=364175731&computer_name=DESKTOP-G4N757J&bin_log_transaction_offset=0
------------------------------------------------------------------------------------
[15 JAN 2017 23:13:03 GMT-8] Pre-Sync Connection result:
0 (WAIT_OBJECT_0)

------------------------------------------------------------------------------------
[15 JAN 2017 23:13:03 GMT-8] Pre-Sync Response:
<?xml version="1.0"?>
<Pre-sync site_id="364175731" project_guid="57FCA7416EAD763E2E06995A33EE916F" client_revision="0" is_synced_with_ftb="0"/>


====================================================================================
[15 JAN 2017 23:13:03 GMT-8] Downloading Binlog Commands - Preparing for execution...

====================================================================================
[15 JAN 2017 23:13:03 GMT-8] Downloading Binlog Commands Request:
"C:\PROGRA~2\MYHERI~1\Bin\FAMILY~2.EXE" https://www.myheritage.com/FP/API/FTB/ftb-api.php --data "@C:\Users\Eric\AppData\Roaming\MYHERI~1\Temp\dat75AD.tmp" --output "C:\Users\Eric\AppData\Roaming\MYHERI~1\Temp\out75BE.tmp" --stderr "C:\Users\Eric\AppData\Roaming\MYHERI~1\Temp\err75BF.tmp" -A "Family Tree Builder 8.0.0.8318"
---DATA:---
action=api-sync-get-bin-log-transactions&site_admin=ericrborsheim@gmail.com&site_pwd=53d384b89203627f686e06fb83b9fc4bc572ec2c&site_id=364175731&client_program_version=8.0.0.8318&project_guid=57FCA7416EAD763E2E06995A33EE916F&revision=0&offset=0&limit=1
------------------------------------------------------------------------------------
[15 JAN 2017 23:13:03 GMT-8] Downloading Binlog Commands Connection result:
0 (WAIT_OBJECT_0)

------------------------------------------------------------------------------------
[15 JAN 2017 23:13:03 GMT-8] Downloading Binlog Commands Response:
<?xml version="1.0"?>
<Get-bin-log-transactions site_id="364175731" project_guid="57FCA7416EAD763E2E06995A33EE916F" client_revision="0" is_synced_with_ftb="0" total="0">
  <transactions/>
</Get-bin-log-transactions>


====================================================================================
[16 JAN 2017 22:01:30 GMT-8] Pre-Sync - Preparing for execution...

====================================================================================
[16 JAN 2017 22:01:30 GMT-8] Pre-Sync Request:
"C:\PROGRA~2\MYHERI~1\Bin\FAMILY~2.EXE" https://www.myheritage.com/FP/API/FTB/ftb-api.php --data "@C:\Users\Eric\AppData\Roaming\MYHERI~1\Temp\dat510D.tmp" --progress-bar --output "C:\Users\Eric\AppData\Roaming\MYHERI~1\Temp\out510E.tmp" --stderr "C:\Users\Eric\AppData\Roaming\MYHERI~1\Temp\err510F.tmp" -A "Family Tree Builder 8.0.0.8318"
---DATA:---
action=api-sync-pre-sync&site_admin=ericrborsheim@gmail.com&site_pwd=53d384b89203627f686e06fb83b9fc4bc572ec2c&project_guid=57FCA7416EAD763E2E06995A33EE916F&publishing_guid=&revision=0&client_program_version=8.0.0.8318&site_id=364175731&computer_name=DESKTOP-G4N757J&bin_log_transaction_offset=0
------------------------------------------------------------------------------------
[16 JAN 2017 22:01:30 GMT-8] Pre-Sync Connection result:
0 (WAIT_OBJECT_0)

------------------------------------------------------------------------------------
[16 JAN 2017 22:01:30 GMT-8] Pre-Sync Response:
<?xml version="1.0"?>
<Pre-sync site_id="364175731" project_guid="57FCA7416EAD763E2E06995A33EE916F" client_revision="0" is_synced_with_ftb="0"/>


====================================================================================
[16 JAN 2017 22:01:30 GMT-8] Downloading Binlog Commands - Preparing for execution...

====================================================================================
[16 JAN 2017 22:01:30 GMT-8] Downloading Binlog Commands Request:
"C:\PROGRA~2\MYHERI~1\Bin\FAMILY~2.EXE" https://www.myheritage.com/FP/API/FTB/ftb-api.php --data "@C:\Users\Eric\AppData\Roaming\MYHERI~1\Temp\dat5296.tmp" --output "C:\Users\Eric\AppData\Roaming\MYHERI~1\Temp\out5297.tmp" --stderr "C:\Users\Eric\AppData\Roaming\MYHERI~1\Temp\err5298.tmp" -A "Family Tree Builder 8.0.0.8318"
---DATA:---
action=api-sync-get-bin-log-transactions&site_admin=ericrborsheim@gmail.com&site_pwd=53d384b89203627f686e06fb83b9fc4bc572ec2c&site_id=364175731&client_program_version=8.0.0.8318&project_guid=57FCA7416EAD763E2E06995A33EE916F&revision=0&offset=0&limit=1
------------------------------------------------------------------------------------
[16 JAN 2017 22:01:31 GMT-8] Downloading Binlog Commands Connection result:
0 (WAIT_OBJECT_0)

------------------------------------------------------------------------------------
[16 JAN 2017 22:01:31 GMT-8] Downloading Binlog Commands Response:
<?xml version="1.0"?>
<Get-bin-log-transactions site_id="364175731" project_guid="57FCA7416EAD763E2E06995A33EE916F" client_revision="0" is_synced_with_ftb="0" total="0">
  <transactions/>
</Get-bin-log-transactions>


====================================================================================
[17 JAN 2017 21:07:19 GMT-8] Pre-Sync - Preparing for execution...

====================================================================================
[17 JAN 2017 21:07:19 GMT-8] Pre-Sync Request:
"C:\PROGRA~2\MYHERI~1\Bin\FAMILY~2.EXE" https://www.myheritage.com/FP/API/FTB/ftb-api.php --data "@C:\Users\Eric\AppData\Roaming\MYHERI~1\Temp\datB502.tmp" --progress-bar --output "C:\Users\Eric\AppData\Roaming\MYHERI~1\Temp\outB513.tmp" --stderr "C:\Users\Eric\AppData\Roaming\MYHERI~1\Temp\errB514.tmp" -A "Family Tree Builder 8.0.0.8318"
---DATA:---
action=api-sync-pre-sync&site_admin=ericrborsheim@gmail.com&site_pwd=53d384b89203627f686e06fb83b9fc4bc572ec2c&project_guid=57FCA7416EAD763E2E06995A33EE916F&publishing_guid=&revision=0&client_program_version=8.0.0.8318&site_id=364175731&computer_name=DESKTOP-G4N757J&bin_log_transaction_offset=0
------------------------------------------------------------------------------------
[17 JAN 2017 21:07:20 GMT-8] Pre-Sync Connection result:
0 (WAIT_OBJECT_0)

------------------------------------------------------------------------------------
[17 JAN 2017 21:07:20 GMT-8] Pre-Sync Response:
<?xml version="1.0"?>
<Pre-sync site_id="364175731" project_guid="57FCA7416EAD763E2E06995A33EE916F" client_revision="0" is_synced_with_ftb="0"/>


====================================================================================
[17 JAN 2017 21:07:20 GMT-8] Downloading Binlog Commands - Preparing for execution...

====================================================================================
[17 JAN 2017 21:07:20 GMT-8] Downloading Binlog Commands Request:
"C:\PROGRA~2\MYHERI~1\Bin\FAMILY~2.EXE" https://www.myheritage.com/FP/API/FTB/ftb-api.php --data "@C:\Users\Eric\AppData\Roaming\MYHERI~1\Temp\datB860.tmp" --output "C:\Users\Eric\AppData\Roaming\MYHERI~1\Temp\outB861.tmp" --stderr "C:\Users\Eric\AppData\Roaming\MYHERI~1\Temp\errB862.tmp" -A "Family Tree Builder 8.0.0.8318"
---DATA:---
action=api-sync-get-bin-log-transactions&site_admin=ericrborsheim@gmail.com&site_pwd=53d384b89203627f686e06fb83b9fc4bc572ec2c&site_id=364175731&client_program_version=8.0.0.8318&project_guid=57FCA7416EAD763E2E06995A33EE916F&revision=0&offset=0&limit=1
------------------------------------------------------------------------------------
[17 JAN 2017 21:07:21 GMT-8] Downloading Binlog Commands Connection result:
0 (WAIT_OBJECT_0)

------------------------------------------------------------------------------------
[17 JAN 2017 21:07:21 GMT-8] Downloading Binlog Commands Response:
<?xml version="1.0"?>
<Get-bin-log-transactions site_id="364175731" project_guid="57FCA7416EAD763E2E06995A33EE916F" client_revision="0" is_synced_with_ftb="0" total="0">
  <transactions/>
</Get-bin-log-transactions>


====================================================================================
[21 JAN 2017 21:15:05 GMT-8] Pre-Sync - Preparing for execution...

====================================================================================
[21 JAN 2017 21:15:05 GMT-8] Pre-Sync Request:
"C:\PROGRA~2\MYHERI~1\Bin\FAMILY~2.EXE" https://www.myheritage.com/FP/API/FTB/ftb-api.php --data "@C:\Users\Eric\AppData\Roaming\MYHERI~1\Temp\dat9A69.tmp" --progress-bar --output "C:\Users\Eric\AppData\Roaming\MYHERI~1\Temp\out9A6A.tmp" --stderr "C:\Users\Eric\AppData\Roaming\MYHERI~1\Temp\err9A6B.tmp" -A "Family Tree Builder 8.0.0.8318"
---DATA:---
action=api-sync-pre-sync&site_admin=ericrborsheim@gmail.com&site_pwd=53d384b89203627f686e06fb83b9fc4bc572ec2c&project_guid=57FCA7416EAD763E2E06995A33EE916F&publishing_guid=&revision=0&client_program_version=8.0.0.8318&site_id=364175731&computer_name=DESKTOP-G4N757J&bin_log_transaction_offset=0
------------------------------------------------------------------------------------
[21 JAN 2017 21:15:06 GMT-8] Pre-Sync Connection result:
0 (WAIT_OBJECT_0)

------------------------------------------------------------------------------------
[21 JAN 2017 21:15:06 GMT-8] Pre-Sync Response:
<?xml version="1.0"?>
<Pre-sync site_id="364175731" project_guid="57FCA7416EAD763E2E06995A33EE916F" client_revision="0" is_synced_with_ftb="0"/>


====================================================================================
[21 JAN 2017 21:15:06 GMT-8] Downloading Binlog Commands - Preparing for execution...

====================================================================================
[21 JAN 2017 21:15:06 GMT-8] Downloading Binlog Commands Request:
"C:\PROGRA~2\MYHERI~1\Bin\FAMILY~2.EXE" https://www.myheritage.com/FP/API/FTB/ftb-api.php --data "@C:\Users\Eric\AppData\Roaming\MYHERI~1\Temp\dat9DE7.tmp" --output "C:\Users\Eric\AppData\Roaming\MYHERI~1\Temp\out9DE8.tmp" --stderr "C:\Users\Eric\AppData\Roaming\MYHERI~1\Temp\err9DE9.tmp" -A "Family Tree Builder 8.0.0.8318"
---DATA:---
action=api-sync-get-bin-log-transactions&site_admin=ericrborsheim@gmail.com&site_pwd=53d384b89203627f686e06fb83b9fc4bc572ec2c&site_id=364175731&client_program_version=8.0.0.8318&project_guid=57FCA7416EAD763E2E06995A33EE916F&revision=0&offset=0&limit=1
------------------------------------------------------------------------------------
[21 JAN 2017 21:15:07 GMT-8] Downloading Binlog Commands Connection result:
0 (WAIT_OBJECT_0)

------------------------------------------------------------------------------------
[21 JAN 2017 21:15:07 GMT-8] Downloading Binlog Commands Response:
<?xml version="1.0"?>
<Get-bin-log-transactions site_id="364175731" project_guid="57FCA7416EAD763E2E06995A33EE916F" client_revision="0" is_synced_with_ftb="0" total="0">
  <transactions/>
</Get-bin-log-transactions>


====================================================================================
[23 JAN 2017 01:41:33 GMT-8] Pre-Sync - Preparing for execution...

====================================================================================
[23 JAN 2017 01:41:33 GMT-8] Pre-Sync Request:
"C:\PROGRA~2\MYHERI~1\Bin\FAMILY~2.EXE" https://www.myheritage.com/FP/API/FTB/ftb-api.php --data "@C:\Users\Eric\AppData\Roaming\MYHERI~1\Temp\datEA8C.tmp" --progress-bar --output "C:\Users\Eric\AppData\Roaming\MYHERI~1\Temp\outEA9D.tmp" --stderr "C:\Users\Eric\AppData\Roaming\MYHERI~1\Temp\errEA9E.tmp" -A "Family Tree Builder 8.0.0.8318"
---DATA:---
action=api-sync-pre-sync&site_admin=ericrborsheim@gmail.com&site_pwd=53d384b89203627f686e06fb83b9fc4bc572ec2c&project_guid=57FCA7416EAD763E2E06995A33EE916F&publishing_guid=&revision=0&client_program_version=8.0.0.8318&site_id=364175731&computer_name=DESKTOP-G4N757J&bin_log_transaction_offset=0
------------------------------------------------------------------------------------
[23 JAN 2017 01:41:34 GMT-8] Pre-Sync Connection result:
0 (WAIT_OBJECT_0)

------------------------------------------------------------------------------------
[23 JAN 2017 01:41:34 GMT-8] Pre-Sync Response:
<?xml version="1.0"?>
<Pre-sync site_id="364175731" project_guid="57FCA7416EAD763E2E06995A33EE916F" client_revision="0" is_synced_with_ftb="0"/>


====================================================================================
[23 JAN 2017 01:41:34 GMT-8] Downloading Binlog Commands - Preparing for execution...

====================================================================================
[23 JAN 2017 01:41:34 GMT-8] Downloading Binlog Commands Request:
"C:\PROGRA~2\MYHERI~1\Bin\FAMILY~2.EXE" https://www.myheritage.com/FP/API/FTB/ftb-api.php --data "@C:\Users\Eric\AppData\Roaming\MYHERI~1\Temp\datEE87.tmp" --output "C:\Users\Eric\AppData\Roaming\MYHERI~1\Temp\outEE98.tmp" --stderr "C:\Users\Eric\AppData\Roaming\MYHERI~1\Temp\errEE99.tmp" -A "Family Tree Builder 8.0.0.8318"
---DATA:---
action=api-sync-get-bin-log-transactions&site_admin=ericrborsheim@gmail.com&site_pwd=53d384b89203627f686e06fb83b9fc4bc572ec2c&site_id=364175731&client_program_version=8.0.0.8318&project_guid=57FCA7416EAD763E2E06995A33EE916F&revision=0&offset=0&limit=1
------------------------------------------------------------------------------------
[23 JAN 2017 01:41:34 GMT-8] Downloading Binlog Commands Connection result:
0 (WAIT_OBJECT_0)

------------------------------------------------------------------------------------
[23 JAN 2017 01:41:34 GMT-8] Downloading Binlog Commands Response:
<?xml version="1.0"?>
<Get-bin-log-transactions site_id="364175731" project_guid="57FCA7416EAD763E2E06995A33EE916F" client_revision="0" is_synced_with_ftb="0" total="0">
  <transactions/>
</Get-bin-log-transactions>


====================================================================================
[28 JAN 2017 16:45:42 GMT-8] Pre-Sync - Preparing for execution...

====================================================================================
[28 JAN 2017 16:45:42 GMT-8] Pre-Sync Request:
"C:\PROGRA~2\MYHERI~1\Bin\FAMILY~2.EXE" https://www.myheritage.com/FP/API/FTB/ftb-api.php --data "@C:\Users\Eric\AppData\Roaming\MYHERI~1\Temp\dat7E7D.tmp" --progress-bar --output "C:\Users\Eric\AppData\Roaming\MYHERI~1\Temp\out7E8D.tmp" --stderr "C:\Users\Eric\AppData\Roaming\MYHERI~1\Temp\err7E8E.tmp" -A "Family Tree Builder 8.0.0.8318"
---DATA:---
action=api-sync-pre-sync&site_admin=ericrborsheim@gmail.com&site_pwd=53d384b89203627f686e06fb83b9fc4bc572ec2c&project_guid=57FCA7416EAD763E2E06995A33EE916F&publishing_guid=&revision=0&client_program_version=8.0.0.8318&site_id=364175731&computer_name=DESKTOP-G4N757J&bin_log_transaction_offset=0
------------------------------------------------------------------------------------
[28 JAN 2017 16:45:44 GMT-8] Pre-Sync Connection result:
0 (WAIT_OBJECT_0)

------------------------------------------------------------------------------------
[28 JAN 2017 16:45:44 GMT-8] Pre-Sync Response:
<?xml version="1.0"?>
<Pre-sync site_id="364175731" project_guid="57FCA7416EAD763E2E06995A33EE916F" client_revision="0" is_synced_with_ftb="0"/>


====================================================================================
[28 JAN 2017 16:45:44 GMT-8] Downloading Binlog Commands - Preparing for execution...

====================================================================================
[28 JAN 2017 16:45:44 GMT-8] Downloading Binlog Commands Request:
"C:\PROGRA~2\MYHERI~1\Bin\FAMILY~2.EXE" https://www.myheritage.com/FP/API/FTB/ftb-api.php --data "@C:\Users\Eric\AppData\Roaming\MYHERI~1\Temp\dat8371.tmp" --output "C:\Users\Eric\AppData\Roaming\MYHERI~1\Temp\out8382.tmp" --stderr "C:\Users\Eric\AppData\Roaming\MYHERI~1\Temp\err8383.tmp" -A "Family Tree Builder 8.0.0.8318"
---DATA:---
action=api-sync-get-bin-log-transactions&site_admin=ericrborsheim@gmail.com&site_pwd=53d384b89203627f686e06fb83b9fc4bc572ec2c&site_id=364175731&client_program_version=8.0.0.8318&project_guid=57FCA7416EAD763E2E06995A33EE916F&revision=0&offset=0&limit=1
------------------------------------------------------------------------------------
[28 JAN 2017 16:45:44 GMT-8] Downloading Binlog Commands Connection result:
0 (WAIT_OBJECT_0)

------------------------------------------------------------------------------------
[28 JAN 2017 16:45:44 GMT-8] Downloading Binlog Commands Response:
<?xml version="1.0"?>
<Get-bin-log-transactions site_id="364175731" project_guid="57FCA7416EAD763E2E06995A33EE916F" client_revision="0" is_synced_with_ftb="0" total="0">
  <transactions/>
</Get-bin-log-transactions>


====================================================================================
[30 JAN 2017 20:26:27 GMT-8] Pre-Sync - Preparing for execution...

====================================================================================
[30 JAN 2017 20:26:28 GMT-8] Pre-Sync Request:
"C:\PROGRA~2\MYHERI~1\Bin\FAMILY~2.EXE" https://www.myheritage.com/FP/API/FTB/ftb-api.php --data "@C:\Users\Eric\AppData\Roaming\MYHERI~1\Temp\dat9857.tmp" --progress-bar --output "C:\Users\Eric\AppData\Roaming\MYHERI~1\Temp\out9868.tmp" --stderr "C:\Users\Eric\AppData\Roaming\MYHERI~1\Temp\err9869.tmp" -A "Family Tree Builder 8.0.0.8318"
---DATA:---
action=api-sync-pre-sync&site_admin=ericrborsheim@gmail.com&site_pwd=53d384b89203627f686e06fb83b9fc4bc572ec2c&project_guid=57FCA7416EAD763E2E06995A33EE916F&publishing_guid=&revision=0&client_program_version=8.0.0.8318&site_id=364175731&computer_name=DESKTOP-G4N757J&bin_log_transaction_offset=0
------------------------------------------------------------------------------------
[30 JAN 2017 20:26:28 GMT-8] Pre-Sync Connection result:
0 (WAIT_OBJECT_0)

------------------------------------------------------------------------------------
[30 JAN 2017 20:26:28 GMT-8] Pre-Sync Response:
<?xml version="1.0"?>
<Pre-sync site_id="364175731" project_guid="57FCA7416EAD763E2E06995A33EE916F" client_revision="0" is_synced_with_ftb="0"/>


====================================================================================
[30 JAN 2017 20:26:28 GMT-8] Downloading Binlog Commands - Preparing for execution...

====================================================================================
[30 JAN 2017 20:26:28 GMT-8] Downloading Binlog Commands Request:
"C:\PROGRA~2\MYHERI~1\Bin\FAMILY~2.EXE" https://www.myheritage.com/FP/API/FTB/ftb-api.php --data "@C:\Users\Eric\AppData\Roaming\MYHERI~1\Temp\dat99F1.tmp" --output "C:\Users\Eric\AppData\Roaming\MYHERI~1\Temp\out9A01.tmp" --stderr "C:\Users\Eric\AppData\Roaming\MYHERI~1\Temp\err9A02.tmp" -A "Family Tree Builder 8.0.0.8318"
---DATA:---
action=api-sync-get-bin-log-transactions&site_admin=ericrborsheim@gmail.com&site_pwd=53d384b89203627f686e06fb83b9fc4bc572ec2c&site_id=364175731&client_program_version=8.0.0.8318&project_guid=57FCA7416EAD763E2E06995A33EE916F&revision=0&offset=0&limit=1
------------------------------------------------------------------------------------
[30 JAN 2017 20:26:29 GMT-8] Downloading Binlog Commands Connection result:
0 (WAIT_OBJECT_0)

------------------------------------------------------------------------------------
[30 JAN 2017 20:26:29 GMT-8] Downloading Binlog Commands Response:
<?xml version="1.0"?>
<Get-bin-log-transactions site_id="364175731" project_guid="57FCA7416EAD763E2E06995A33EE916F" client_revision="0" is_synced_with_ftb="0" total="0">
  <transactions/>
</Get-bin-log-transactions>


====================================================================================
[05 FEB 2017 15:51:39 GMT-8] Pre-Sync - Preparing for execution...

====================================================================================
[05 FEB 2017 15:51:39 GMT-8] Pre-Sync Request:
"C:\PROGRA~2\MYHERI~1\Bin\FAMILY~2.EXE" https://www.myheritage.com/FP/API/FTB/ftb-api.php --data "@C:\Users\Eric\AppData\Roaming\MYHERI~1\Temp\dat27C3.tmp" --progress-bar --output "C:\Users\Eric\AppData\Roaming\MYHERI~1\Temp\out27D3.tmp" --stderr "C:\Users\Eric\AppData\Roaming\MYHERI~1\Temp\err27D4.tmp" -A "Family Tree Builder 8.0.0.8318"
---DATA:---
action=api-sync-pre-sync&site_admin=ericrborsheim@gmail.com&site_pwd=53d384b89203627f686e06fb83b9fc4bc572ec2c&project_guid=57FCA7416EAD763E2E06995A33EE916F&publishing_guid=&revision=0&client_program_version=8.0.0.8318&site_id=364175731&computer_name=DESKTOP-G4N757J&bin_log_transaction_offset=0
------------------------------------------------------------------------------------
[05 FEB 2017 15:51:40 GMT-8] Pre-Sync Connection result:
0 (WAIT_OBJECT_0)

------------------------------------------------------------------------------------
[05 FEB 2017 15:51:40 GMT-8] Pre-Sync Response:
<?xml version="1.0"?>
<Pre-sync site_id="364175731" project_guid="57FCA7416EAD763E2E06995A33EE916F" client_revision="0" is_synced_with_ftb="0"/>


====================================================================================
[05 FEB 2017 15:51:40 GMT-8] Downloading Binlog Commands - Preparing for execution...

====================================================================================
[05 FEB 2017 15:51:40 GMT-8] Downloading Binlog Commands Request:
"C:\PROGRA~2\MYHERI~1\Bin\FAMILY~2.EXE" https://www.myheritage.com/FP/API/FTB/ftb-api.php --data "@C:\Users\Eric\AppData\Roaming\MYHERI~1\Temp\dat2A27.tmp" --output "C:\Users\Eric\AppData\Roaming\MYHERI~1\Temp\out2A28.tmp" --stderr "C:\Users\Eric\AppData\Roaming\MYHERI~1\Temp\err2A29.tmp" -A "Family Tree Builder 8.0.0.8318"
---DATA:---
action=api-sync-get-bin-log-transactions&site_admin=ericrborsheim@gmail.com&site_pwd=53d384b89203627f686e06fb83b9fc4bc572ec2c&site_id=364175731&client_program_version=8.0.0.8318&project_guid=57FCA7416EAD763E2E06995A33EE916F&revision=0&offset=0&limit=1
------------------------------------------------------------------------------------
[05 FEB 2017 15:51:40 GMT-8] Downloading Binlog Commands Connection result:
0 (WAIT_OBJECT_0)

------------------------------------------------------------------------------------
[05 FEB 2017 15:51:40 GMT-8] Downloading Binlog Commands Response:
<?xml version="1.0"?>
<Get-bin-log-transactions site_id="364175731" project_guid="57FCA7416EAD763E2E06995A33EE916F" client_revision="0" is_synced_with_ftb="0" total="0">
  <transactions/>
</Get-bin-log-transactions>


====================================================================================
[06 FEB 2017 14:23:31 GMT-8] Pre-Sync - Preparing for execution...

====================================================================================
[06 FEB 2017 14:23:31 GMT-8] Pre-Sync Request:
"C:\PROGRA~2\MYHERI~1\Bin\FAMILY~2.EXE" https://www.myheritage.com/FP/API/FTB/ftb-api.php --data "@C:\Users\Eric\AppData\Roaming\MYHERI~1\Temp\datD279.tmp" --progress-bar --output "C:\Users\Eric\AppData\Roaming\MYHERI~1\Temp\outD27A.tmp" --stderr "C:\Users\Eric\AppData\Roaming\MYHERI~1\Temp\errD27B.tmp" -A "Family Tree Builder 8.0.0.8318"
---DATA:---
action=api-sync-pre-sync&site_admin=ericrborsheim@gmail.com&site_pwd=53d384b89203627f686e06fb83b9fc4bc572ec2c&project_guid=57FCA7416EAD763E2E06995A33EE916F&publishing_guid=&revision=0&client_program_version=8.0.0.8318&site_id=364175731&computer_name=DESKTOP-G4N757J&bin_log_transaction_offset=0
------------------------------------------------------------------------------------
[06 FEB 2017 14:23:31 GMT-8] Pre-Sync Connection result:
0 (WAIT_OBJECT_0)

------------------------------------------------------------------------------------
[06 FEB 2017 14:23:31 GMT-8] Pre-Sync Response:
<?xml version="1.0"?>
<Pre-sync site_id="364175731" project_guid="57FCA7416EAD763E2E06995A33EE916F" client_revision="0" is_synced_with_ftb="0"/>


====================================================================================
[06 FEB 2017 14:23:31 GMT-8] Downloading Binlog Commands - Preparing for execution...

====================================================================================
[06 FEB 2017 14:23:31 GMT-8] Downloading Binlog Commands Request:
"C:\PROGRA~2\MYHERI~1\Bin\FAMILY~2.EXE" https://www.myheritage.com/FP/API/FTB/ftb-api.php --data "@C:\Users\Eric\AppData\Roaming\MYHERI~1\Temp\datD49F.tmp" --output "C:\Users\Eric\AppData\Roaming\MYHERI~1\Temp\outD4A0.tmp" --stderr "C:\Users\Eric\AppData\Roaming\MYHERI~1\Temp\errD4A1.tmp" -A "Family Tree Builder 8.0.0.8318"
---DATA:---
action=api-sync-get-bin-log-transactions&site_admin=ericrborsheim@gmail.com&site_pwd=53d384b89203627f686e06fb83b9fc4bc572ec2c&site_id=364175731&client_program_version=8.0.0.8318&project_guid=57FCA7416EAD763E2E06995A33EE916F&revision=0&offset=0&limit=1
------------------------------------------------------------------------------------
[06 FEB 2017 14:23:32 GMT-8] Downloading Binlog Commands Connection result:
0 (WAIT_OBJECT_0)

------------------------------------------------------------------------------------
[06 FEB 2017 14:23:32 GMT-8] Downloading Binlog Commands Response:
<?xml version="1.0"?>
<Get-bin-log-transactions site_id="364175731" project_guid="57FCA7416EAD763E2E06995A33EE916F" client_revision="0" is_synced_with_ftb="0" total="0">
  <transactions/>
</Get-bin-log-transactions>


====================================================================================
[07 FEB 2017 19:10:05 GMT-8] Pre-Sync - Preparing for execution...

====================================================================================
[07 FEB 2017 19:10:05 GMT-8] Pre-Sync Request:
"C:\PROGRA~2\MYHERI~1\Bin\FAMILY~2.EXE" https://www.myheritage.com/FP/API/FTB/ftb-api.php --data "@C:\Users\Eric\AppData\Roaming\MYHERI~1\Temp\dat8CDE.tmp" --progress-bar --output "C:\Users\Eric\AppData\Roaming\MYHERI~1\Temp\out8CFE.tmp" --stderr "C:\Users\Eric\AppData\Roaming\MYHERI~1\Temp\err8CFF.tmp" -A "Family Tree Builder 8.0.0.8318"
---DATA:---
action=api-sync-pre-sync&site_admin=ericrborsheim@gmail.com&site_pwd=53d384b89203627f686e06fb83b9fc4bc572ec2c&project_guid=57FCA7416EAD763E2E06995A33EE916F&publishing_guid=&revision=0&client_program_version=8.0.0.8318&site_id=364175731&computer_name=DESKTOP-G4N757J&bin_log_transaction_offset=0
------------------------------------------------------------------------------------
[07 FEB 2017 19:10:06 GMT-8] Pre-Sync Connection result:
0 (WAIT_OBJECT_0)

------------------------------------------------------------------------------------
[07 FEB 2017 19:10:06 GMT-8] Pre-Sync Response:
<?xml version="1.0"?>
<Pre-sync site_id="364175731" project_guid="57FCA7416EAD763E2E06995A33EE916F" client_revision="0" is_synced_with_ftb="0"/>


====================================================================================
[07 FEB 2017 19:10:06 GMT-8] Downloading Binlog Commands - Preparing for execution...

====================================================================================
[07 FEB 2017 19:10:06 GMT-8] Downloading Binlog Commands Request:
"C:\PROGRA~2\MYHERI~1\Bin\FAMILY~2.EXE" https://www.myheritage.com/FP/API/FTB/ftb-api.php --data "@C:\Users\Eric\AppData\Roaming\MYHERI~1\Temp\dat8E87.tmp" --output "C:\Users\Eric\AppData\Roaming\MYHERI~1\Temp\out8E88.tmp" --stderr "C:\Users\Eric\AppData\Roaming\MYHERI~1\Temp\err8E89.tmp" -A "Family Tree Builder 8.0.0.8318"
---DATA:---
action=api-sync-get-bin-log-transactions&site_admin=ericrborsheim@gmail.com&site_pwd=53d384b89203627f686e06fb83b9fc4bc572ec2c&site_id=364175731&client_program_version=8.0.0.8318&project_guid=57FCA7416EAD763E2E06995A33EE916F&revision=0&offset=0&limit=1
------------------------------------------------------------------------------------
[07 FEB 2017 19:10:06 GMT-8] Downloading Binlog Commands Connection result:
0 (WAIT_OBJECT_0)

------------------------------------------------------------------------------------
[07 FEB 2017 19:10:06 GMT-8] Downloading Binlog Commands Response:
<?xml version="1.0"?>
<Get-bin-log-transactions site_id="364175731" project_guid="57FCA7416EAD763E2E06995A33EE916F" client_revision="0" is_synced_with_ftb="0" total="0">
  <transactions/>
</Get-bin-log-transactions>


====================================================================================
[19 FEB 2017 14:46:23 GMT-8] Pre-Sync - Preparing for execution...

====================================================================================
[19 FEB 2017 14:46:23 GMT-8] Pre-Sync Request:
"C:\PROGRA~2\MYHERI~1\Bin\FAMILY~2.EXE" https://www.myheritage.com/FP/API/FTB/ftb-api.php --data "@C:\Users\Eric\AppData\Roaming\MYHERI~1\Temp\dat58DB.tmp" --progress-bar --output "C:\Users\Eric\AppData\Roaming\MYHERI~1\Temp\out58DC.tmp" --stderr "C:\Users\Eric\AppData\Roaming\MYHERI~1\Temp\err58EC.tmp" -A "Family Tree Builder 8.0.0.8318"
---DATA:---
action=api-sync-pre-sync&site_admin=ericrborsheim@gmail.com&site_pwd=53d384b89203627f686e06fb83b9fc4bc572ec2c&project_guid=57FCA7416EAD763E2E06995A33EE916F&publishing_guid=&revision=0&client_program_version=8.0.0.8318&site_id=364175731&computer_name=DESKTOP-G4N757J&bin_log_transaction_offset=0
------------------------------------------------------------------------------------
[19 FEB 2017 14:46:24 GMT-8] Pre-Sync Connection result:
0 (WAIT_OBJECT_0)

------------------------------------------------------------------------------------
[19 FEB 2017 14:46:24 GMT-8] Pre-Sync Response:
<?xml version="1.0"?>
<Pre-sync site_id="364175731" project_guid="57FCA7416EAD763E2E06995A33EE916F" client_revision="0" is_synced_with_ftb="0"/>


====================================================================================
[19 FEB 2017 14:46:24 GMT-8] Downloading Binlog Commands - Preparing for execution...

====================================================================================
[19 FEB 2017 14:46:24 GMT-8] Downloading Binlog Commands Request:
"C:\PROGRA~2\MYHERI~1\Bin\FAMILY~2.EXE" https://www.myheritage.com/FP/API/FTB/ftb-api.php --data "@C:\Users\Eric\AppData\Roaming\MYHERI~1\Temp\dat5B9D.tmp" --output "C:\Users\Eric\AppData\Roaming\MYHERI~1\Temp\out5BAE.tmp" --stderr "C:\Users\Eric\AppData\Roaming\MYHERI~1\Temp\err5BAF.tmp" -A "Family Tree Builder 8.0.0.8318"
---DATA:---
action=api-sync-get-bin-log-transactions&site_admin=ericrborsheim@gmail.com&site_pwd=53d384b89203627f686e06fb83b9fc4bc572ec2c&site_id=364175731&client_program_version=8.0.0.8318&project_guid=57FCA7416EAD763E2E06995A33EE916F&revision=0&offset=0&limit=1
------------------------------------------------------------------------------------
[19 FEB 2017 14:46:24 GMT-8] Downloading Binlog Commands Connection result:
0 (WAIT_OBJECT_0)

------------------------------------------------------------------------------------
[19 FEB 2017 14:46:24 GMT-8] Downloading Binlog Commands Response:
<?xml version="1.0"?>
<Get-bin-log-transactions site_id="364175731" project_guid="57FCA7416EAD763E2E06995A33EE916F" client_revision="0" is_synced_with_ftb="0" total="0">
  <transactions/>
</Get-bin-log-transactions>


====================================================================================
[20 FEB 2017 18:12:27 GMT-8] Pre-Sync - Preparing for execution...

====================================================================================
[20 FEB 2017 18:12:27 GMT-8] Pre-Sync Request:
"C:\PROGRA~2\MYHERI~1\Bin\FAMILY~2.EXE" https://www.myheritage.com/FP/API/FTB/ftb-api.php --data "@C:\Users\Eric\AppData\Roaming\MYHERI~1\Temp\dat5CAB.tmp" --progress-bar --output "C:\Users\Eric\AppData\Roaming\MYHERI~1\Temp\out5CAC.tmp" --stderr "C:\Users\Eric\AppData\Roaming\MYHERI~1\Temp\err5CAD.tmp" -A "Family Tree Builder 8.0.0.8318"
---DATA:---
action=api-sync-pre-sync&site_admin=ericrborsheim@gmail.com&site_pwd=53d384b89203627f686e06fb83b9fc4bc572ec2c&project_guid=57FCA7416EAD763E2E06995A33EE916F&publishing_guid=&revision=0&client_program_version=8.0.0.8318&site_id=364175731&computer_name=DESKTOP-G4N757J&bin_log_transaction_offset=0
------------------------------------------------------------------------------------
[20 FEB 2017 18:12:27 GMT-8] Pre-Sync Connection result:
0 (WAIT_OBJECT_0)

------------------------------------------------------------------------------------
[20 FEB 2017 18:12:27 GMT-8] Pre-Sync Response:
<?xml version="1.0"?>
<Pre-sync site_id="364175731" project_guid="57FCA7416EAD763E2E06995A33EE916F" client_revision="0" is_synced_with_ftb="0"/>


====================================================================================
[20 FEB 2017 18:12:27 GMT-8] Downloading Binlog Commands - Preparing for execution...

====================================================================================
[20 FEB 2017 18:12:27 GMT-8] Downloading Binlog Commands Request:
"C:\PROGRA~2\MYHERI~1\Bin\FAMILY~2.EXE" https://www.myheritage.com/FP/API/FTB/ftb-api.php --data "@C:\Users\Eric\AppData\Roaming\MYHERI~1\Temp\dat5F2F.tmp" --output "C:\Users\Eric\AppData\Roaming\MYHERI~1\Temp\out5F30.tmp" --stderr "C:\Users\Eric\AppData\Roaming\MYHERI~1\Temp\err5F31.tmp" -A "Family Tree Builder 8.0.0.8318"
---DATA:---
action=api-sync-get-bin-log-transactions&site_admin=ericrborsheim@gmail.com&site_pwd=53d384b89203627f686e06fb83b9fc4bc572ec2c&site_id=364175731&client_program_version=8.0.0.8318&project_guid=57FCA7416EAD763E2E06995A33EE916F&revision=0&offset=0&limit=1
------------------------------------------------------------------------------------
[20 FEB 2017 18:12:28 GMT-8] Downloading Binlog Commands Connection result:
0 (WAIT_OBJECT_0)

------------------------------------------------------------------------------------
[20 FEB 2017 18:12:28 GMT-8] Downloading Binlog Commands Response:
<?xml version="1.0"?>
<Get-bin-log-transactions site_id="364175731" project_guid="57FCA7416EAD763E2E06995A33EE916F" client_revision="0" is_synced_with_ftb="0" total="0">
  <transactions/>
</Get-bin-log-transactions>


====================================================================================
[20 FEB 2017 23:09:04 GMT-8] Pre-Sync - Preparing for execution...

====================================================================================
[20 FEB 2017 23:09:04 GMT-8] Pre-Sync Request:
"C:\PROGRA~2\MYHERI~1\Bin\FAMILY~2.EXE" https://www.myheritage.com/FP/API/FTB/ftb-api.php --data "@C:\Users\Eric\AppData\Roaming\MYHERI~1\Temp\datEF62.tmp" --progress-bar --output "C:\Users\Eric\AppData\Roaming\MYHERI~1\Temp\outEF63.tmp" --stderr "C:\Users\Eric\AppData\Roaming\MYHERI~1\Temp\errEF64.tmp" -A "Family Tree Builder 8.0.0.8318"
---DATA:---
action=api-sync-pre-sync&site_admin=ericrborsheim@gmail.com&site_pwd=53d384b89203627f686e06fb83b9fc4bc572ec2c&project_guid=57FCA7416EAD763E2E06995A33EE916F&publishing_guid=&revision=0&client_program_version=8.0.0.8318&site_id=364175731&computer_name=DESKTOP-G4N757J&bin_log_transaction_offset=0
------------------------------------------------------------------------------------
[20 FEB 2017 23:09:05 GMT-8] Pre-Sync Connection result:
0 (WAIT_OBJECT_0)

------------------------------------------------------------------------------------
[20 FEB 2017 23:09:05 GMT-8] Pre-Sync Response:
<?xml version="1.0"?>
<Pre-sync site_id="364175731" project_guid="57FCA7416EAD763E2E06995A33EE916F" client_revision="0" is_synced_with_ftb="0"/>


====================================================================================
[20 FEB 2017 23:09:05 GMT-8] Downloading Binlog Commands - Preparing for execution...

====================================================================================
[20 FEB 2017 23:09:05 GMT-8] Downloading Binlog Commands Request:
"C:\PROGRA~2\MYHERI~1\Bin\FAMILY~2.EXE" https://www.myheritage.com/FP/API/FTB/ftb-api.php --data "@C:\Users\Eric\AppData\Roaming\MYHERI~1\Temp\datF243.tmp" --output "C:\Users\Eric\AppData\Roaming\MYHERI~1\Temp\outF244.tmp" --stderr "C:\Users\Eric\AppData\Roaming\MYHERI~1\Temp\errF245.tmp" -A "Family Tree Builder 8.0.0.8318"
---DATA:---
action=api-sync-get-bin-log-transactions&site_admin=ericrborsheim@gmail.com&site_pwd=53d384b89203627f686e06fb83b9fc4bc572ec2c&site_id=364175731&client_program_version=8.0.0.8318&project_guid=57FCA7416EAD763E2E06995A33EE916F&revision=0&offset=0&limit=1
------------------------------------------------------------------------------------
[20 FEB 2017 23:09:06 GMT-8] Downloading Binlog Commands Connection result:
0 (WAIT_OBJECT_0)

------------------------------------------------------------------------------------
[20 FEB 2017 23:09:06 GMT-8] Downloading Binlog Commands Response:
<?xml version="1.0"?>
<Get-bin-log-transactions site_id="364175731" project_guid="57FCA7416EAD763E2E06995A33EE916F" client_revision="0" is_synced_with_ftb="0" total="0">
  <transactions/>
</Get-bin-log-transactions>


====================================================================================
[22 FEB 2017 00:17:21 GMT-8] Pre-Sync - Preparing for execution...

====================================================================================
[22 FEB 2017 00:17:21 GMT-8] Pre-Sync Request:
"C:\PROGRA~2\MYHERI~1\Bin\FAMILY~2.EXE" https://www.myheritage.com/FP/API/FTB/ftb-api.php --data "@C:\Users\Eric\AppData\Roaming\MYHERI~1\Temp\dat1FA8.tmp" --progress-bar --output "C:\Users\Eric\AppData\Roaming\MYHERI~1\Temp\out1FB8.tmp" --stderr "C:\Users\Eric\AppData\Roaming\MYHERI~1\Temp\err1FB9.tmp" -A "Family Tree Builder 8.0.0.8318"
---DATA:---
action=api-sync-pre-sync&site_admin=ericrborsheim@gmail.com&site_pwd=53d384b89203627f686e06fb83b9fc4bc572ec2c&project_guid=57FCA7416EAD763E2E06995A33EE916F&publishing_guid=&revision=0&client_program_version=8.0.0.8318&site_id=364175731&computer_name=DESKTOP-G4N757J&bin_log_transaction_offset=0
------------------------------------------------------------------------------------
[22 FEB 2017 00:17:21 GMT-8] Pre-Sync Connection result:
0 (WAIT_OBJECT_0)

------------------------------------------------------------------------------------
[22 FEB 2017 00:17:21 GMT-8] Pre-Sync Response:
<?xml version="1.0"?>
<Pre-sync site_id="364175731" project_guid="57FCA7416EAD763E2E06995A33EE916F" client_revision="0" is_synced_with_ftb="0"/>


====================================================================================
[22 FEB 2017 00:17:21 GMT-8] Downloading Binlog Commands - Preparing for execution...

====================================================================================
[22 FEB 2017 00:17:21 GMT-8] Downloading Binlog Commands Request:
"C:\PROGRA~2\MYHERI~1\Bin\FAMILY~2.EXE" https://www.myheritage.com/FP/API/FTB/ftb-api.php --data "@C:\Users\Eric\AppData\Roaming\MYHERI~1\Temp\dat21DD.tmp" --output "C:\Users\Eric\AppData\Roaming\MYHERI~1\Temp\out21DE.tmp" --stderr "C:\Users\Eric\AppData\Roaming\MYHERI~1\Temp\err21DF.tmp" -A "Family Tree Builder 8.0.0.8318"
---DATA:---
action=api-sync-get-bin-log-transactions&site_admin=ericrborsheim@gmail.com&site_pwd=53d384b89203627f686e06fb83b9fc4bc572ec2c&site_id=364175731&client_program_version=8.0.0.8318&project_guid=57FCA7416EAD763E2E06995A33EE916F&revision=0&offset=0&limit=1
------------------------------------------------------------------------------------
[22 FEB 2017 00:17:22 GMT-8] Downloading Binlog Commands Connection result:
0 (WAIT_OBJECT_0)

------------------------------------------------------------------------------------
[22 FEB 2017 00:17:22 GMT-8] Downloading Binlog Commands Response:
<?xml version="1.0"?>
<Get-bin-log-transactions site_id="364175731" project_guid="57FCA7416EAD763E2E06995A33EE916F" client_revision="0" is_synced_with_ftb="0" total="0">
  <transactions/>
</Get-bin-log-transactions>


====================================================================================
[25 FEB 2017 00:33:13 GMT-8] Pre-Sync - Preparing for execution...

====================================================================================
[25 FEB 2017 00:33:14 GMT-8] Pre-Sync Request:
"C:\PROGRA~2\MYHERI~1\Bin\FAMILY~2.EXE" https://www.myheritage.com/FP/API/FTB/ftb-api.php --data "@C:\Users\Eric\AppData\Roaming\MYHERI~1\Temp\datBD85.tmp" --progress-bar --output "C:\Users\Eric\AppData\Roaming\MYHERI~1\Temp\outBD95.tmp" --stderr "C:\Users\Eric\AppData\Roaming\MYHERI~1\Temp\errBD96.tmp" -A "Family Tree Builder 8.0.0.8318"
---DATA:---
action=api-sync-pre-sync&site_admin=ericrborsheim@gmail.com&site_pwd=53d384b89203627f686e06fb83b9fc4bc572ec2c&project_guid=57FCA7416EAD763E2E06995A33EE916F&publishing_guid=&revision=0&client_program_version=8.0.0.8318&site_id=364175731&computer_name=DESKTOP-G4N757J&bin_log_transaction_offset=0
------------------------------------------------------------------------------------
[25 FEB 2017 00:33:14 GMT-8] Pre-Sync Connection result:
0 (WAIT_OBJECT_0)

------------------------------------------------------------------------------------
[25 FEB 2017 00:33:14 GMT-8] Pre-Sync Response:
<?xml version="1.0"?>
<Pre-sync site_id="364175731" project_guid="57FCA7416EAD763E2E06995A33EE916F" client_revision="0" is_synced_with_ftb="0"/>


====================================================================================
[25 FEB 2017 00:33:14 GMT-8] Downloading Binlog Commands - Preparing for execution...

====================================================================================
[25 FEB 2017 00:33:14 GMT-8] Downloading Binlog Commands Request:
"C:\PROGRA~2\MYHERI~1\Bin\FAMILY~2.EXE" https://www.myheritage.com/FP/API/FTB/ftb-api.php --data "@C:\Users\Eric\AppData\Roaming\MYHERI~1\Temp\datBFF9.tmp" --output "C:\Users\Eric\AppData\Roaming\MYHERI~1\Temp\outBFFA.tmp" --stderr "C:\Users\Eric\AppData\Roaming\MYHERI~1\Temp\errBFFB.tmp" -A "Family Tree Builder 8.0.0.8318"
---DATA:---
action=api-sync-get-bin-log-transactions&site_admin=ericrborsheim@gmail.com&site_pwd=53d384b89203627f686e06fb83b9fc4bc572ec2c&site_id=364175731&client_program_version=8.0.0.8318&project_guid=57FCA7416EAD763E2E06995A33EE916F&revision=0&offset=0&limit=1
------------------------------------------------------------------------------------
[25 FEB 2017 00:33:15 GMT-8] Downloading Binlog Commands Connection result:
0 (WAIT_OBJECT_0)

------------------------------------------------------------------------------------
[25 FEB 2017 00:33:15 GMT-8] Downloading Binlog Commands Response:
<?xml version="1.0"?>
<Get-bin-log-transactions site_id="364175731" project_guid="57FCA7416EAD763E2E06995A33EE916F" client_revision="0" is_synced_with_ftb="0" total="0">
  <transactions/>
</Get-bin-log-transactions>


====================================================================================
[26 FEB 2017 17:02:36 GMT-8] Pre-Sync - Preparing for execution...

====================================================================================
[26 FEB 2017 17:02:37 GMT-8] Pre-Sync Request:
"C:\PROGRA~2\MYHERI~1\Bin\FAMILY~2.EXE" https://www.myheritage.com/FP/API/FTB/ftb-api.php --data "@C:\Users\Eric\AppData\Roaming\MYHERI~1\Temp\datE84F.tmp" --progress-bar --output "C:\Users\Eric\AppData\Roaming\MYHERI~1\Temp\outE850.tmp" --stderr "C:\Users\Eric\AppData\Roaming\MYHERI~1\Temp\errE851.tmp" -A "Family Tree Builder 8.0.0.8318"
---DATA:---
action=api-sync-pre-sync&site_admin=ericrborsheim@gmail.com&site_pwd=53d384b89203627f686e06fb83b9fc4bc572ec2c&project_guid=57FCA7416EAD763E2E06995A33EE916F&publishing_guid=&revision=0&client_program_version=8.0.0.8318&site_id=364175731&computer_name=DESKTOP-G4N757J&bin_log_transaction_offset=0
------------------------------------------------------------------------------------
[26 FEB 2017 17:02:46 GMT-8] Pre-Sync Connection result:
0 (WAIT_OBJECT_0)

------------------------------------------------------------------------------------
[26 FEB 2017 17:02:46 GMT-8] Pre-Sync Response:
<?xml version="1.0"?>
<Pre-sync site_id="364175731" project_guid="57FCA7416EAD763E2E06995A33EE916F" client_revision="0" is_synced_with_ftb="0"/>


====================================================================================
[26 FEB 2017 17:02:46 GMT-8] Downloading Binlog Commands - Preparing for execution...

====================================================================================
[26 FEB 2017 17:02:46 GMT-8] Downloading Binlog Commands Request:
"C:\PROGRA~2\MYHERI~1\Bin\FAMILY~2.EXE" https://www.myheritage.com/FP/API/FTB/ftb-api.php --data "@C:\Users\Eric\AppData\Roaming\MYHERI~1\Temp\datE1C.tmp" --output "C:\Users\Eric\AppData\Roaming\MYHERI~1\Temp\outE1D.tmp" --stderr "C:\Users\Eric\AppData\Roaming\MYHERI~1\Temp\errE1E.tmp" -A "Family Tree Builder 8.0.0.8318"
---DATA:---
action=api-sync-get-bin-log-transactions&site_admin=ericrborsheim@gmail.com&site_pwd=53d384b89203627f686e06fb83b9fc4bc572ec2c&site_id=364175731&client_program_version=8.0.0.8318&project_guid=57FCA7416EAD763E2E06995A33EE916F&revision=0&offset=0&limit=1
------------------------------------------------------------------------------------
[26 FEB 2017 17:02:47 GMT-8] Downloading Binlog Commands Connection result:
0 (WAIT_OBJECT_0)

------------------------------------------------------------------------------------
[26 FEB 2017 17:02:48 GMT-8] Downloading Binlog Commands Response:
<?xml version="1.0"?>
<Get-bin-log-transactions site_id="364175731" project_guid="57FCA7416EAD763E2E06995A33EE916F" client_revision="0" is_synced_with_ftb="0" total="0">
  <transactions/>
</Get-bin-log-transactions>


====================================================================================
[27 FEB 2017 18:30:14 GMT-8] Pre-Sync - Preparing for execution...

====================================================================================
[27 FEB 2017 18:30:14 GMT-8] Pre-Sync Request:
"C:\PROGRA~2\MYHERI~1\Bin\FAMILY~2.EXE" https://www.myheritage.com/FP/API/FTB/ftb-api.php --data "@C:\Users\Eric\AppData\Roaming\MYHERI~1\Temp\dat7253.tmp" --progress-bar --output "C:\Users\Eric\AppData\Roaming\MYHERI~1\Temp\out72D1.tmp" --stderr "C:\Users\Eric\AppData\Roaming\MYHERI~1\Temp\err72D2.tmp" -A "Family Tree Builder 8.0.0.8318"
---DATA:---
action=api-sync-pre-sync&site_admin=ericrborsheim@gmail.com&site_pwd=53d384b89203627f686e06fb83b9fc4bc572ec2c&project_guid=57FCA7416EAD763E2E06995A33EE916F&publishing_guid=&revision=0&client_program_version=8.0.0.8318&site_id=364175731&computer_name=DESKTOP-G4N757J&bin_log_transaction_offset=0
------------------------------------------------------------------------------------
[27 FEB 2017 18:30:16 GMT-8] Pre-Sync Connection result:
0 (WAIT_OBJECT_0)

------------------------------------------------------------------------------------
[27 FEB 2017 18:30:16 GMT-8] Pre-Sync Response:
<?xml version="1.0"?>
<Pre-sync site_id="364175731" project_guid="57FCA7416EAD763E2E06995A33EE916F" client_revision="0" is_synced_with_ftb="0"/>


====================================================================================
[27 FEB 2017 18:30:16 GMT-8] Downloading Binlog Commands - Preparing for execution...

====================================================================================
[27 FEB 2017 18:30:16 GMT-8] Downloading Binlog Commands Request:
"C:\PROGRA~2\MYHERI~1\Bin\FAMILY~2.EXE" https://www.myheritage.com/FP/API/FTB/ftb-api.php --data "@C:\Users\Eric\AppData\Roaming\MYHERI~1\Temp\dat7757.tmp" --output "C:\Users\Eric\AppData\Roaming\MYHERI~1\Temp\out7758.tmp" --stderr "C:\Users\Eric\AppData\Roaming\MYHERI~1\Temp\err7759.tmp" -A "Family Tree Builder 8.0.0.8318"
---DATA:---
action=api-sync-get-bin-log-transactions&site_admin=ericrborsheim@gmail.com&site_pwd=53d384b89203627f686e06fb83b9fc4bc572ec2c&site_id=364175731&client_program_version=8.0.0.8318&project_guid=57FCA7416EAD763E2E06995A33EE916F&revision=0&offset=0&limit=1
------------------------------------------------------------------------------------
[27 FEB 2017 18:30:16 GMT-8] Downloading Binlog Commands Connection result:
0 (WAIT_OBJECT_0)

------------------------------------------------------------------------------------
[27 FEB 2017 18:30:16 GMT-8] Downloading Binlog Commands Response:
<?xml version="1.0"?>
<Get-bin-log-transactions site_id="364175731" project_guid="57FCA7416EAD763E2E06995A33EE916F" client_revision="0" is_synced_with_ftb="0" total="0">
  <transactions/>
</Get-bin-log-transactions>


====================================================================================
[28 FEB 2017 19:11:14 GMT-8] Pre-Sync - Preparing for execution...

====================================================================================
[28 FEB 2017 19:11:14 GMT-8] Pre-Sync Request:
"C:\PROGRA~2\MYHERI~1\Bin\FAMILY~2.EXE" https://www.myheritage.com/FP/API/FTB/ftb-api.php --data "@C:\Users\Eric\AppData\Roaming\MYHERI~1\Temp\dat57F2.tmp" --progress-bar --output "C:\Users\Eric\AppData\Roaming\MYHERI~1\Temp\out5821.tmp" --stderr "C:\Users\Eric\AppData\Roaming\MYHERI~1\Temp\err5822.tmp" -A "Family Tree Builder 8.0.0.8318"
---DATA:---
action=api-sync-pre-sync&site_admin=ericrborsheim@gmail.com&site_pwd=53d384b89203627f686e06fb83b9fc4bc572ec2c&project_guid=57FCA7416EAD763E2E06995A33EE916F&publishing_guid=&revision=0&client_program_version=8.0.0.8318&site_id=364175731&computer_name=DESKTOP-G4N757J&bin_log_transaction_offset=0
------------------------------------------------------------------------------------
[28 FEB 2017 19:11:17 GMT-8] Pre-Sync Connection result:
0 (WAIT_OBJECT_0)

------------------------------------------------------------------------------------
[28 FEB 2017 19:11:17 GMT-8] Pre-Sync Response:
<?xml version="1.0"?>
<Pre-sync site_id="364175731" project_guid="57FCA7416EAD763E2E06995A33EE916F" client_revision="0" is_synced_with_ftb="0"/>


====================================================================================
[28 FEB 2017 19:11:17 GMT-8] Downloading Binlog Commands - Preparing for execution...

====================================================================================
[28 FEB 2017 19:11:17 GMT-8] Downloading Binlog Commands Request:
"C:\PROGRA~2\MYHERI~1\Bin\FAMILY~2.EXE" https://www.myheritage.com/FP/API/FTB/ftb-api.php --data "@C:\Users\Eric\AppData\Roaming\MYHERI~1\Temp\dat6458.tmp" --output "C:\Users\Eric\AppData\Roaming\MYHERI~1\Temp\out6459.tmp" --stderr "C:\Users\Eric\AppData\Roaming\MYHERI~1\Temp\err645A.tmp" -A "Family Tree Builder 8.0.0.8318"
---DATA:---
action=api-sync-get-bin-log-transactions&site_admin=ericrborsheim@gmail.com&site_pwd=53d384b89203627f686e06fb83b9fc4bc572ec2c&site_id=364175731&client_program_version=8.0.0.8318&project_guid=57FCA7416EAD763E2E06995A33EE916F&revision=0&offset=0&limit=1
------------------------------------------------------------------------------------
[28 FEB 2017 19:11:18 GMT-8] Downloading Binlog Commands Connection result:
0 (WAIT_OBJECT_0)

------------------------------------------------------------------------------------
[28 FEB 2017 19:11:18 GMT-8] Downloading Binlog Commands Response:
<?xml version="1.0"?>
<Get-bin-log-transactions site_id="364175731" project_guid="57FCA7416EAD763E2E06995A33EE916F" client_revision="0" is_synced_with_ftb="0" total="0">
  <transactions/>
</Get-bin-log-transactions>


====================================================================================
[05 MAR 2017 17:18:56 GMT-8] Pre-Sync - Preparing for execution...

====================================================================================
[05 MAR 2017 17:18:56 GMT-8] Pre-Sync Request:
"C:\PROGRA~2\MYHERI~1\Bin\FAMILY~2.EXE" https://www.myheritage.com/FP/API/FTB/ftb-api.php --data "@C:\Users\Eric\AppData\Roaming\MYHERI~1\Temp\datAE84.tmp" --progress-bar --output "C:\Users\Eric\AppData\Roaming\MYHERI~1\Temp\outAE85.tmp" --stderr "C:\Users\Eric\AppData\Roaming\MYHERI~1\Temp\errAE86.tmp" -A "Family Tree Builder 8.0.0.8318"
---DATA:---
action=api-sync-pre-sync&site_admin=ericrborsheim@gmail.com&site_pwd=53d384b89203627f686e06fb83b9fc4bc572ec2c&project_guid=57FCA7416EAD763E2E06995A33EE916F&publishing_guid=&revision=0&client_program_version=8.0.0.8318&site_id=364175731&computer_name=DESKTOP-G4N757J&bin_log_transaction_offset=0
------------------------------------------------------------------------------------
[05 MAR 2017 17:19:01 GMT-8] Pre-Sync Connection result:
0 (WAIT_OBJECT_0)

------------------------------------------------------------------------------------
[05 MAR 2017 17:19:01 GMT-8] Pre-Sync Response:
<?xml version="1.0"?>
<Pre-sync site_id="364175731" project_guid="57FCA7416EAD763E2E06995A33EE916F" client_revision="0" is_synced_with_ftb="0"/>


====================================================================================
[05 MAR 2017 17:19:01 GMT-8] Downloading Binlog Commands - Preparing for execution...

====================================================================================
[05 MAR 2017 17:19:01 GMT-8] Downloading Binlog Commands Request:
"C:\PROGRA~2\MYHERI~1\Bin\FAMILY~2.EXE" https://www.myheritage.com/FP/API/FTB/ftb-api.php --data "@C:\Users\Eric\AppData\Roaming\MYHERI~1\Temp\datC02C.tmp" --output "C:\Users\Eric\AppData\Roaming\MYHERI~1\Temp\outC02D.tmp" --stderr "C:\Users\Eric\AppData\Roaming\MYHERI~1\Temp\errC02E.tmp" -A "Family Tree Builder 8.0.0.8318"
---DATA:---
action=api-sync-get-bin-log-transactions&site_admin=ericrborsheim@gmail.com&site_pwd=53d384b89203627f686e06fb83b9fc4bc572ec2c&site_id=364175731&client_program_version=8.0.0.8318&project_guid=57FCA7416EAD763E2E06995A33EE916F&revision=0&offset=0&limit=1
------------------------------------------------------------------------------------
[05 MAR 2017 17:19:06 GMT-8] Downloading Binlog Commands Connection result:
0 (WAIT_OBJECT_0)

------------------------------------------------------------------------------------
[05 MAR 2017 17:19:06 GMT-8] Downloading Binlog Commands Response:
<?xml version="1.0"?>
<Get-bin-log-transactions site_id="364175731" project_guid="57FCA7416EAD763E2E06995A33EE916F" client_revision="0" is_synced_with_ftb="0" total="0">
  <transactions/>
</Get-bin-log-transactions>


====================================================================================
[07 MAR 2017 10:56:59 GMT-8] Pre-Sync - Preparing for execution...

====================================================================================
[07 MAR 2017 10:56:59 GMT-8] Pre-Sync Request:
"C:\PROGRA~2\MYHERI~1\Bin\FAMILY~2.EXE" https://www.myheritage.com/FP/API/FTB/ftb-api.php --data "@C:\Users\Eric\AppData\Roaming\MYHERI~1\Temp\dat969F.tmp" --progress-bar --output "C:\Users\Eric\AppData\Roaming\MYHERI~1\Temp\out96A0.tmp" --stderr "C:\Users\Eric\AppData\Roaming\MYHERI~1\Temp\err96A1.tmp" -A "Family Tree Builder 8.0.0.8318"
---DATA:---
action=api-sync-pre-sync&site_admin=ericrborsheim@gmail.com&site_pwd=53d384b89203627f686e06fb83b9fc4bc572ec2c&project_guid=57FCA7416EAD763E2E06995A33EE916F&publishing_guid=&revision=0&client_program_version=8.0.0.8318&site_id=364175731&computer_name=DESKTOP-G4N757J&bin_log_transaction_offset=0
------------------------------------------------------------------------------------
[07 MAR 2017 10:57:00 GMT-8] Pre-Sync Connection result:
0 (WAIT_OBJECT_0)

------------------------------------------------------------------------------------
[07 MAR 2017 10:57:00 GMT-8] Pre-Sync Response:
<?xml version="1.0"?>
<Pre-sync site_id="364175731" project_guid="57FCA7416EAD763E2E06995A33EE916F" client_revision="0" is_synced_with_ftb="0"/>


====================================================================================
[07 MAR 2017 10:57:00 GMT-8] Downloading Binlog Commands - Preparing for execution...

====================================================================================
[07 MAR 2017 10:57:00 GMT-8] Downloading Binlog Commands Request:
"C:\PROGRA~2\MYHERI~1\Bin\FAMILY~2.EXE" https://www.myheritage.com/FP/API/FTB/ftb-api.php --data "@C:\Users\Eric\AppData\Roaming\MYHERI~1\Temp\dat98F3.tmp" --output "C:\Users\Eric\AppData\Roaming\MYHERI~1\Temp\out98F4.tmp" --stderr "C:\Users\Eric\AppData\Roaming\MYHERI~1\Temp\err98F5.tmp" -A "Family Tree Builder 8.0.0.8318"
---DATA:---
action=api-sync-get-bin-log-transactions&site_admin=ericrborsheim@gmail.com&site_pwd=53d384b89203627f686e06fb83b9fc4bc572ec2c&site_id=364175731&client_program_version=8.0.0.8318&project_guid=57FCA7416EAD763E2E06995A33EE916F&revision=0&offset=0&limit=1
------------------------------------------------------------------------------------
[07 MAR 2017 10:57:00 GMT-8] Downloading Binlog Commands Connection result:
0 (WAIT_OBJECT_0)

------------------------------------------------------------------------------------
[07 MAR 2017 10:57:00 GMT-8] Downloading Binlog Commands Response:
<?xml version="1.0"?>
<Get-bin-log-transactions site_id="364175731" project_guid="57FCA7416EAD763E2E06995A33EE916F" client_revision="0" is_synced_with_ftb="0" total="0">
  <transactions/>
</Get-bin-log-transactions>


====================================================================================
[08 MAR 2017 10:31:15 GMT-8] Pre-Sync - Preparing for execution...

====================================================================================
[08 MAR 2017 10:31:15 GMT-8] Pre-Sync Request:
"C:\PROGRA~2\MYHERI~1\Bin\FAMILY~2.EXE" https://www.myheritage.com/FP/API/FTB/ftb-api.php --data "@C:\Users\Eric\AppData\Roaming\MYHERI~1\Temp\dat616B.tmp" --progress-bar --output "C:\Users\Eric\AppData\Roaming\MYHERI~1\Temp\out616C.tmp" --stderr "C:\Users\Eric\AppData\Roaming\MYHERI~1\Temp\err616D.tmp" -A "Family Tree Builder 8.0.0.8318"
---DATA:---
action=api-sync-pre-sync&site_admin=ericrborsheim@gmail.com&site_pwd=53d384b89203627f686e06fb83b9fc4bc572ec2c&project_guid=57FCA7416EAD763E2E06995A33EE916F&publishing_guid=&revision=0&client_program_version=8.0.0.8318&site_id=364175731&computer_name=DESKTOP-G4N757J&bin_log_transaction_offset=0
------------------------------------------------------------------------------------
[08 MAR 2017 10:31:15 GMT-8] Pre-Sync Connection result:
0 (WAIT_OBJECT_0)

------------------------------------------------------------------------------------
[08 MAR 2017 10:31:15 GMT-8] Pre-Sync Response:
<?xml version="1.0"?>
<Pre-sync site_id="364175731" project_guid="57FCA7416EAD763E2E06995A33EE916F" client_revision="0" is_synced_with_ftb="0"/>


====================================================================================
[08 MAR 2017 10:31:15 GMT-8] Downloading Binlog Commands - Preparing for execution...

====================================================================================
[08 MAR 2017 10:31:15 GMT-8] Downloading Binlog Commands Request:
"C:\PROGRA~2\MYHERI~1\Bin\FAMILY~2.EXE" https://www.myheritage.com/FP/API/FTB/ftb-api.php --data "@C:\Users\Eric\AppData\Roaming\MYHERI~1\Temp\dat63FE.tmp" --output "C:\Users\Eric\AppData\Roaming\MYHERI~1\Temp\out63FF.tmp" --stderr "C:\Users\Eric\AppData\Roaming\MYHERI~1\Temp\err6400.tmp" -A "Family Tree Builder 8.0.0.8318"
---DATA:---
action=api-sync-get-bin-log-transactions&site_admin=ericrborsheim@gmail.com&site_pwd=53d384b89203627f686e06fb83b9fc4bc572ec2c&site_id=364175731&client_program_version=8.0.0.8318&project_guid=57FCA7416EAD763E2E06995A33EE916F&revision=0&offset=0&limit=1
------------------------------------------------------------------------------------
[08 MAR 2017 10:31:16 GMT-8] Downloading Binlog Commands Connection result:
0 (WAIT_OBJECT_0)

------------------------------------------------------------------------------------
[08 MAR 2017 10:31:16 GMT-8] Downloading Binlog Commands Response:
<?xml version="1.0"?>
<Get-bin-log-transactions site_id="364175731" project_guid="57FCA7416EAD763E2E06995A33EE916F" client_revision="0" is_synced_with_ftb="0" total="0">
  <transactions/>
</Get-bin-log-transactions>


====================================================================================
[08 MAR 2017 19:15:49 GMT-8] Pre-Sync - Preparing for execution...

====================================================================================
[08 MAR 2017 19:15:49 GMT-8] Pre-Sync Request:
"C:\PROGRA~2\MYHERI~1\Bin\FAMILY~2.EXE" https://www.myheritage.com/FP/API/FTB/ftb-api.php --data "@C:\Users\Eric\AppData\Roaming\MYHERI~1\Temp\datA338.tmp" --progress-bar --output "C:\Users\Eric\AppData\Roaming\MYHERI~1\Temp\outA339.tmp" --stderr "C:\Users\Eric\AppData\Roaming\MYHERI~1\Temp\errA33A.tmp" -A "Family Tree Builder 8.0.0.8318"
---DATA:---
action=api-sync-pre-sync&site_admin=ericrborsheim@gmail.com&site_pwd=53d384b89203627f686e06fb83b9fc4bc572ec2c&project_guid=57FCA7416EAD763E2E06995A33EE916F&publishing_guid=&revision=0&client_program_version=8.0.0.8318&site_id=364175731&computer_name=DESKTOP-G4N757J&bin_log_transaction_offset=0
------------------------------------------------------------------------------------
[08 MAR 2017 19:15:50 GMT-8] Pre-Sync Connection result:
0 (WAIT_OBJECT_0)

------------------------------------------------------------------------------------
[08 MAR 2017 19:15:50 GMT-8] Pre-Sync Response:
<?xml version="1.0"?>
<Pre-sync site_id="364175731" project_guid="57FCA7416EAD763E2E06995A33EE916F" client_revision="0" is_synced_with_ftb="0"/>


====================================================================================
[08 MAR 2017 19:15:50 GMT-8] Downloading Binlog Commands - Preparing for execution...

====================================================================================
[08 MAR 2017 19:15:50 GMT-8] Downloading Binlog Commands Request:
"C:\PROGRA~2\MYHERI~1\Bin\FAMILY~2.EXE" https://www.myheritage.com/FP/API/FTB/ftb-api.php --data "@C:\Users\Eric\AppData\Roaming\MYHERI~1\Temp\datA8B9.tmp" --output "C:\Users\Eric\AppData\Roaming\MYHERI~1\Temp\outA8BA.tmp" --stderr "C:\Users\Eric\AppData\Roaming\MYHERI~1\Temp\errA8BB.tmp" -A "Family Tree Builder 8.0.0.8318"
---DATA:---
action=api-sync-get-bin-log-transactions&site_admin=ericrborsheim@gmail.com&site_pwd=53d384b89203627f686e06fb83b9fc4bc572ec2c&site_id=364175731&client_program_version=8.0.0.8318&project_guid=57FCA7416EAD763E2E06995A33EE916F&revision=0&offset=0&limit=1
------------------------------------------------------------------------------------
[08 MAR 2017 19:15:51 GMT-8] Downloading Binlog Commands Connection result:
0 (WAIT_OBJECT_0)

------------------------------------------------------------------------------------
[08 MAR 2017 19:15:51 GMT-8] Downloading Binlog Commands Response:
<?xml version="1.0"?>
<Get-bin-log-transactions site_id="364175731" project_guid="57FCA7416EAD763E2E06995A33EE916F" client_revision="0" is_synced_with_ftb="0" total="0">
  <transactions/>
</Get-bin-log-transactions>


====================================================================================
[10 MAR 2017 01:43:07 GMT-8] Pre-Sync - Preparing for execution...

====================================================================================
[10 MAR 2017 01:43:07 GMT-8] Pre-Sync Request:
"C:\PROGRA~2\MYHERI~1\Bin\FAMILY~2.EXE" https://www.myheritage.com/FP/API/FTB/ftb-api.php --data "@C:\Users\Eric\AppData\Roaming\MYHERI~1\Temp\dat9770.tmp" --progress-bar --output "C:\Users\Eric\AppData\Roaming\MYHERI~1\Temp\out9771.tmp" --stderr "C:\Users\Eric\AppData\Roaming\MYHERI~1\Temp\err9772.tmp" -A "Family Tree Builder 8.0.0.8318"
---DATA:---
action=api-sync-pre-sync&site_admin=ericrborsheim@gmail.com&site_pwd=53d384b89203627f686e06fb83b9fc4bc572ec2c&project_guid=57FCA7416EAD763E2E06995A33EE916F&publishing_guid=&revision=0&client_program_version=8.0.0.8318&site_id=364175731&computer_name=DESKTOP-G4N757J&bin_log_transaction_offset=0
------------------------------------------------------------------------------------
[10 MAR 2017 01:43:08 GMT-8] Pre-Sync Connection result:
0 (WAIT_OBJECT_0)

------------------------------------------------------------------------------------
[10 MAR 2017 01:43:08 GMT-8] Pre-Sync Response:
<?xml version="1.0"?>
<Pre-sync site_id="364175731" project_guid="57FCA7416EAD763E2E06995A33EE916F" client_revision="0" is_synced_with_ftb="0"/>


====================================================================================
[10 MAR 2017 01:43:08 GMT-8] Downloading Binlog Commands - Preparing for execution...

====================================================================================
[10 MAR 2017 01:43:08 GMT-8] Downloading Binlog Commands Request:
"C:\PROGRA~2\MYHERI~1\Bin\FAMILY~2.EXE" https://www.myheritage.com/FP/API/FTB/ftb-api.php --data "@C:\Users\Eric\AppData\Roaming\MYHERI~1\Temp\dat9B5B.tmp" --output "C:\Users\Eric\AppData\Roaming\MYHERI~1\Temp\out9B6C.tmp" --stderr "C:\Users\Eric\AppData\Roaming\MYHERI~1\Temp\err9B6D.tmp" -A "Family Tree Builder 8.0.0.8318"
---DATA:---
action=api-sync-get-bin-log-transactions&site_admin=ericrborsheim@gmail.com&site_pwd=53d384b89203627f686e06fb83b9fc4bc572ec2c&site_id=364175731&client_program_version=8.0.0.8318&project_guid=57FCA7416EAD763E2E06995A33EE916F&revision=0&offset=0&limit=1
------------------------------------------------------------------------------------
[10 MAR 2017 01:43:09 GMT-8] Downloading Binlog Commands Connection result:
0 (WAIT_OBJECT_0)

------------------------------------------------------------------------------------
[10 MAR 2017 01:43:09 GMT-8] Downloading Binlog Commands Response:
<?xml version="1.0"?>
<Get-bin-log-transactions site_id="364175731" project_guid="57FCA7416EAD763E2E06995A33EE916F" client_revision="0" is_synced_with_ftb="0" total="0">
  <transactions/>
</Get-bin-log-transactions>


====================================================================================
[10 MAR 2017 23:41:34 GMT-8] Pre-Sync - Preparing for execution...

====================================================================================
[10 MAR 2017 23:41:35 GMT-8] Pre-Sync Request:
"C:\PROGRA~2\MYHERI~1\Bin\FAMILY~2.EXE" https://www.myheritage.com/FP/API/FTB/ftb-api.php --data "@C:\Users\Eric\AppData\Roaming\MYHERI~1\Temp\datAB93.tmp" --progress-bar --output "C:\Users\Eric\AppData\Roaming\MYHERI~1\Temp\outABA3.tmp" --stderr "C:\Users\Eric\AppData\Roaming\MYHERI~1\Temp\errABA4.tmp" -A "Family Tree Builder 8.0.0.8318"
---DATA:---
action=api-sync-pre-sync&site_admin=ericrborsheim@gmail.com&site_pwd=53d384b89203627f686e06fb83b9fc4bc572ec2c&project_guid=57FCA7416EAD763E2E06995A33EE916F&publishing_guid=&revision=0&client_program_version=8.0.0.8318&site_id=364175731&computer_name=DESKTOP-G4N757J&bin_log_transaction_offset=0
------------------------------------------------------------------------------------
[10 MAR 2017 23:41:35 GMT-8] Pre-Sync Connection result:
0 (WAIT_OBJECT_0)

------------------------------------------------------------------------------------
[10 MAR 2017 23:41:35 GMT-8] Pre-Sync Response:
<?xml version="1.0"?>
<Pre-sync site_id="364175731" project_guid="57FCA7416EAD763E2E06995A33EE916F" client_revision="0" is_synced_with_ftb="0"/>


====================================================================================
[10 MAR 2017 23:41:35 GMT-8] Downloading Binlog Commands - Preparing for execution...

====================================================================================
[10 MAR 2017 23:41:35 GMT-8] Downloading Binlog Commands Request:
"C:\PROGRA~2\MYHERI~1\Bin\FAMILY~2.EXE" https://www.myheritage.com/FP/API/FTB/ftb-api.php --data "@C:\Users\Eric\AppData\Roaming\MYHERI~1\Temp\datAED2.tmp" --output "C:\Users\Eric\AppData\Roaming\MYHERI~1\Temp\outAED3.tmp" --stderr "C:\Users\Eric\AppData\Roaming\MYHERI~1\Temp\errAED4.tmp" -A "Family Tree Builder 8.0.0.8318"
---DATA:---
action=api-sync-get-bin-log-transactions&site_admin=ericrborsheim@gmail.com&site_pwd=53d384b89203627f686e06fb83b9fc4bc572ec2c&site_id=364175731&client_program_version=8.0.0.8318&project_guid=57FCA7416EAD763E2E06995A33EE916F&revision=0&offset=0&limit=1
------------------------------------------------------------------------------------
[10 MAR 2017 23:41:36 GMT-8] Downloading Binlog Commands Connection result:
0 (WAIT_OBJECT_0)

------------------------------------------------------------------------------------
[10 MAR 2017 23:41:36 GMT-8] Downloading Binlog Commands Response:
<?xml version="1.0"?>
<Get-bin-log-transactions site_id="364175731" project_guid="57FCA7416EAD763E2E06995A33EE916F" client_revision="0" is_synced_with_ftb="0" total="0">
  <transactions/>
</Get-bin-log-transactions>


====================================================================================
[13 MAR 2017 20:55:27 GMT-8] Pre-Sync - Preparing for execution...

====================================================================================
[13 MAR 2017 20:55:27 GMT-8] Pre-Sync Request:
"C:\PROGRA~2\MYHERI~1\Bin\FAMILY~2.EXE" https://www.myheritage.com/FP/API/FTB/ftb-api.php --data "@C:\Users\Eric\AppData\Roaming\MYHERI~1\Temp\datB966.tmp" --progress-bar --output "C:\Users\Eric\AppData\Roaming\MYHERI~1\Temp\outB967.tmp" --stderr "C:\Users\Eric\AppData\Roaming\MYHERI~1\Temp\errB968.tmp" -A "Family Tree Builder 8.0.0.8318"
---DATA:---
action=api-sync-pre-sync&site_admin=ericrborsheim@gmail.com&site_pwd=53d384b89203627f686e06fb83b9fc4bc572ec2c&project_guid=57FCA7416EAD763E2E06995A33EE916F&publishing_guid=&revision=0&client_program_version=8.0.0.8318&site_id=364175731&computer_name=DESKTOP-G4N757J&bin_log_transaction_offset=0
------------------------------------------------------------------------------------
[13 MAR 2017 20:55:28 GMT-8] Pre-Sync Connection result:
0 (WAIT_OBJECT_0)

------------------------------------------------------------------------------------
[13 MAR 2017 20:55:28 GMT-8] Pre-Sync Response:
<?xml version="1.0"?>
<Pre-sync site_id="364175731" project_guid="57FCA7416EAD763E2E06995A33EE916F" client_revision="0" is_synced_with_ftb="0"/>


====================================================================================
[13 MAR 2017 20:55:28 GMT-8] Downloading Binlog Commands - Preparing for execution...

====================================================================================
[13 MAR 2017 20:55:28 GMT-8] Downloading Binlog Commands Request:
"C:\PROGRA~2\MYHERI~1\Bin\FAMILY~2.EXE" https://www.myheritage.com/FP/API/FTB/ftb-api.php --data "@C:\Users\Eric\AppData\Roaming\MYHERI~1\Temp\datBD22.tmp" --output "C:\Users\Eric\AppData\Roaming\MYHERI~1\Temp\outBD23.tmp" --stderr "C:\Users\Eric\AppData\Roaming\MYHERI~1\Temp\errBD24.tmp" -A "Family Tree Builder 8.0.0.8318"
---DATA:---
action=api-sync-get-bin-log-transactions&site_admin=ericrborsheim@gmail.com&site_pwd=53d384b89203627f686e06fb83b9fc4bc572ec2c&site_id=364175731&client_program_version=8.0.0.8318&project_guid=57FCA7416EAD763E2E06995A33EE916F&revision=0&offset=0&limit=1
------------------------------------------------------------------------------------
[13 MAR 2017 20:55:29 GMT-8] Downloading Binlog Commands Connection result:
0 (WAIT_OBJECT_0)

------------------------------------------------------------------------------------
[13 MAR 2017 20:55:29 GMT-8] Downloading Binlog Commands Response:
<?xml version="1.0"?>
<Get-bin-log-transactions site_id="364175731" project_guid="57FCA7416EAD763E2E06995A33EE916F" client_revision="0" is_synced_with_ftb="0" total="0">
  <transactions/>
</Get-bin-log-transactions>


====================================================================================
[15 MAR 2017 23:30:14 GMT-8] Pre-Sync - Preparing for execution...

====================================================================================
[15 MAR 2017 23:30:14 GMT-8] Pre-Sync Request:
"C:\PROGRA~2\MYHERI~1\Bin\FAMILY~2.EXE" https://www.myheritage.com/FP/API/FTB/ftb-api.php --data "@C:\Users\Eric\AppData\Roaming\MYHERI~1\Temp\dat2730.tmp" --progress-bar --output "C:\Users\Eric\AppData\Roaming\MYHERI~1\Temp\out2741.tmp" --stderr "C:\Users\Eric\AppData\Roaming\MYHERI~1\Temp\err2742.tmp" -A "Family Tree Builder 8.0.0.8318"
---DATA:---
action=api-sync-pre-sync&site_admin=ericrborsheim@gmail.com&site_pwd=53d384b89203627f686e06fb83b9fc4bc572ec2c&project_guid=57FCA7416EAD763E2E06995A33EE916F&publishing_guid=&revision=0&client_program_version=8.0.0.8318&site_id=364175731&computer_name=DESKTOP-G4N757J&bin_log_transaction_offset=0
------------------------------------------------------------------------------------
[15 MAR 2017 23:30:15 GMT-8] Pre-Sync Connection result:
0 (WAIT_OBJECT_0)

------------------------------------------------------------------------------------
[15 MAR 2017 23:30:15 GMT-8] Pre-Sync Response:
<?xml version="1.0"?>
<Pre-sync site_id="364175731" project_guid="57FCA7416EAD763E2E06995A33EE916F" client_revision="0" is_synced_with_ftb="0"/>


====================================================================================
[15 MAR 2017 23:30:15 GMT-8] Downloading Binlog Commands - Preparing for execution...

====================================================================================
[15 MAR 2017 23:30:15 GMT-8] Downloading Binlog Commands Request:
"C:\PROGRA~2\MYHERI~1\Bin\FAMILY~2.EXE" https://www.myheritage.com/FP/API/FTB/ftb-api.php --data "@C:\Users\Eric\AppData\Roaming\MYHERI~1\Temp\dat29F2.tmp" --output "C:\Users\Eric\AppData\Roaming\MYHERI~1\Temp\out29F3.tmp" --stderr "C:\Users\Eric\AppData\Roaming\MYHERI~1\Temp\err29F4.tmp" -A "Family Tree Builder 8.0.0.8318"
---DATA:---
action=api-sync-get-bin-log-transactions&site_admin=ericrborsheim@gmail.com&site_pwd=53d384b89203627f686e06fb83b9fc4bc572ec2c&site_id=364175731&client_program_version=8.0.0.8318&project_guid=57FCA7416EAD763E2E06995A33EE916F&revision=0&offset=0&limit=1
------------------------------------------------------------------------------------
[15 MAR 2017 23:30:15 GMT-8] Downloading Binlog Commands Connection result:
0 (WAIT_OBJECT_0)

------------------------------------------------------------------------------------
[15 MAR 2017 23:30:15 GMT-8] Downloading Binlog Commands Response:
<?xml version="1.0"?>
<Get-bin-log-transactions site_id="364175731" project_guid="57FCA7416EAD763E2E06995A33EE916F" client_revision="0" is_synced_with_ftb="0" total="0">
  <transactions/>
</Get-bin-log-transactions>


====================================================================================
[16 MAR 2017 01:59:37 GMT-8] Pre-Sync - Preparing for execution...

====================================================================================
[16 MAR 2017 01:59:37 GMT-8] Pre-Sync Request:
"C:\PROGRA~2\MYHERI~1\Bin\FAMILY~2.EXE" https://www.myheritage.com/FP/API/FTB/ftb-api.php --data "@C:\Users\Eric\AppData\Roaming\MYHERI~1\Temp\datE980.tmp" --progress-bar --output "C:\Users\Eric\AppData\Roaming\MYHERI~1\Temp\outE9BF.tmp" --stderr "C:\Users\Eric\AppData\Roaming\MYHERI~1\Temp\errE9C0.tmp" -A "Family Tree Builder 8.0.0.8318"
---DATA:---
action=api-sync-pre-sync&site_admin=ericrborsheim@gmail.com&site_pwd=53d384b89203627f686e06fb83b9fc4bc572ec2c&project_guid=57FCA7416EAD763E2E06995A33EE916F&publishing_guid=&revision=0&client_program_version=8.0.0.8318&site_id=364175731&computer_name=DESKTOP-G4N757J&bin_log_transaction_offset=0
------------------------------------------------------------------------------------
[16 MAR 2017 01:59:38 GMT-8] Pre-Sync Connection result:
0 (WAIT_OBJECT_0)

------------------------------------------------------------------------------------
[16 MAR 2017 01:59:38 GMT-8] Pre-Sync Response:
<?xml version="1.0"?>
<Pre-sync site_id="364175731" project_guid="57FCA7416EAD763E2E06995A33EE916F" client_revision="0" is_synced_with_ftb="0"/>


====================================================================================
[16 MAR 2017 01:59:38 GMT-8] Downloading Binlog Commands - Preparing for execution...

====================================================================================
[16 MAR 2017 01:59:38 GMT-8] Downloading Binlog Commands Request:
"C:\PROGRA~2\MYHERI~1\Bin\FAMILY~2.EXE" https://www.myheritage.com/FP/API/FTB/ftb-api.php --data "@C:\Users\Eric\AppData\Roaming\MYHERI~1\Temp\datEE93.tmp" --output "C:\Users\Eric\AppData\Roaming\MYHERI~1\Temp\outEE94.tmp" --stderr "C:\Users\Eric\AppData\Roaming\MYHERI~1\Temp\errEE95.tmp" -A "Family Tree Builder 8.0.0.8318"
---DATA:---
action=api-sync-get-bin-log-transactions&site_admin=ericrborsheim@gmail.com&site_pwd=53d384b89203627f686e06fb83b9fc4bc572ec2c&site_id=364175731&client_program_version=8.0.0.8318&project_guid=57FCA7416EAD763E2E06995A33EE916F&revision=0&offset=0&limit=1
------------------------------------------------------------------------------------
[16 MAR 2017 01:59:39 GMT-8] Downloading Binlog Commands Connection result:
0 (WAIT_OBJECT_0)

------------------------------------------------------------------------------------
[16 MAR 2017 01:59:39 GMT-8] Downloading Binlog Commands Response:
<?xml version="1.0"?>
<Get-bin-log-transactions site_id="364175731" project_guid="57FCA7416EAD763E2E06995A33EE916F" client_revision="0" is_synced_with_ftb="0" total="0">
  <transactions/>
</Get-bin-log-transactions>


====================================================================================
[16 MAR 2017 10:53:49 GMT-8] Pre-Sync - Preparing for execution...

====================================================================================
[16 MAR 2017 10:53:50 GMT-8] Pre-Sync Request:
"C:\PROGRA~2\MYHERI~1\Bin\FAMILY~2.EXE" https://www.myheritage.com/FP/API/FTB/ftb-api.php --data "@C:\Users\Eric\AppData\Roaming\MYHERI~1\Temp\dat29F.tmp" --progress-bar --output "C:\Users\Eric\AppData\Roaming\MYHERI~1\Temp\out2A0.tmp" --stderr "C:\Users\Eric\AppData\Roaming\MYHERI~1\Temp\err2A1.tmp" -A "Family Tree Builder 8.0.0.8318"
---DATA:---
action=api-sync-pre-sync&site_admin=ericrborsheim@gmail.com&site_pwd=53d384b89203627f686e06fb83b9fc4bc572ec2c&project_guid=57FCA7416EAD763E2E06995A33EE916F&publishing_guid=&revision=0&client_program_version=8.0.0.8318&site_id=364175731&computer_name=DESKTOP-G4N757J&bin_log_transaction_offset=0
------------------------------------------------------------------------------------
[16 MAR 2017 10:53:51 GMT-8] Pre-Sync Connection result:
0 (WAIT_OBJECT_0)

------------------------------------------------------------------------------------
[16 MAR 2017 10:53:51 GMT-8] Pre-Sync Response:
<?xml version="1.0"?>
<Pre-sync site_id="364175731" project_guid="57FCA7416EAD763E2E06995A33EE916F" client_revision="0" is_synced_with_ftb="0"/>


====================================================================================
[16 MAR 2017 10:53:51 GMT-8] Downloading Binlog Commands - Preparing for execution...

====================================================================================
[16 MAR 2017 10:53:51 GMT-8] Downloading Binlog Commands Request:
"C:\PROGRA~2\MYHERI~1\Bin\FAMILY~2.EXE" https://www.myheritage.com/FP/API/FTB/ftb-api.php --data "@C:\Users\Eric\AppData\Roaming\MYHERI~1\Temp\dat5FD.tmp" --output "C:\Users\Eric\AppData\Roaming\MYHERI~1\Temp\out5FE.tmp" --stderr "C:\Users\Eric\AppData\Roaming\MYHERI~1\Temp\err5FF.tmp" -A "Family Tree Builder 8.0.0.8318"
---DATA:---
action=api-sync-get-bin-log-transactions&site_admin=ericrborsheim@gmail.com&site_pwd=53d384b89203627f686e06fb83b9fc4bc572ec2c&site_id=364175731&client_program_version=8.0.0.8318&project_guid=57FCA7416EAD763E2E06995A33EE916F&revision=0&offset=0&limit=1
------------------------------------------------------------------------------------
[16 MAR 2017 10:53:52 GMT-8] Downloading Binlog Commands Connection result:
0 (WAIT_OBJECT_0)

------------------------------------------------------------------------------------
[16 MAR 2017 10:53:52 GMT-8] Downloading Binlog Commands Response:
<?xml version="1.0"?>
<Get-bin-log-transactions site_id="364175731" project_guid="57FCA7416EAD763E2E06995A33EE916F" client_revision="0" is_synced_with_ftb="0" total="0">
  <transactions/>
</Get-bin-log-transactions>


====================================================================================
[17 MAR 2017 18:41:05 GMT-8] Pre-Sync - Preparing for execution...

====================================================================================
[17 MAR 2017 18:41:05 GMT-8] Pre-Sync Request:
"C:\PROGRA~2\MYHERI~1\Bin\FAMILY~2.EXE" https://www.myheritage.com/FP/API/FTB/ftb-api.php --data "@C:\Users\Eric\AppData\Roaming\MYHERI~1\Temp\dat264C.tmp" --progress-bar --output "C:\Users\Eric\AppData\Roaming\MYHERI~1\Temp\out264D.tmp" --stderr "C:\Users\Eric\AppData\Roaming\MYHERI~1\Temp\err264E.tmp" -A "Family Tree Builder 8.0.0.8318"
---DATA:---
action=api-sync-pre-sync&site_admin=ericrborsheim@gmail.com&site_pwd=53d384b89203627f686e06fb83b9fc4bc572ec2c&project_guid=57FCA7416EAD763E2E06995A33EE916F&publishing_guid=&revision=0&client_program_version=8.0.0.8318&site_id=364175731&computer_name=DESKTOP-G4N757J&bin_log_transaction_offset=0
------------------------------------------------------------------------------------
[17 MAR 2017 18:41:06 GMT-8] Pre-Sync Connection result:
0 (WAIT_OBJECT_0)

------------------------------------------------------------------------------------
[17 MAR 2017 18:41:06 GMT-8] Pre-Sync Response:
<?xml version="1.0"?>
<Pre-sync site_id="364175731" project_guid="57FCA7416EAD763E2E06995A33EE916F" client_revision="0" is_synced_with_ftb="0"/>


====================================================================================
[17 MAR 2017 18:41:06 GMT-8] Downloading Binlog Commands - Preparing for execution...

====================================================================================
[17 MAR 2017 18:41:06 GMT-8] Downloading Binlog Commands Request:
"C:\PROGRA~2\MYHERI~1\Bin\FAMILY~2.EXE" https://www.myheritage.com/FP/API/FTB/ftb-api.php --data "@C:\Users\Eric\AppData\Roaming\MYHERI~1\Temp\dat2A37.tmp" --output "C:\Users\Eric\AppData\Roaming\MYHERI~1\Temp\out2A38.tmp" --stderr "C:\Users\Eric\AppData\Roaming\MYHERI~1\Temp\err2A39.tmp" -A "Family Tree Builder 8.0.0.8318"
---DATA:---
action=api-sync-get-bin-log-transactions&site_admin=ericrborsheim@gmail.com&site_pwd=53d384b89203627f686e06fb83b9fc4bc572ec2c&site_id=364175731&client_program_version=8.0.0.8318&project_guid=57FCA7416EAD763E2E06995A33EE916F&revision=0&offset=0&limit=1
------------------------------------------------------------------------------------
[17 MAR 2017 18:41:07 GMT-8] Downloading Binlog Commands Connection result:
0 (WAIT_OBJECT_0)

------------------------------------------------------------------------------------
[17 MAR 2017 18:41:07 GMT-8] Downloading Binlog Commands Response:
<?xml version="1.0"?>
<Get-bin-log-transactions site_id="364175731" project_guid="57FCA7416EAD763E2E06995A33EE916F" client_revision="0" is_synced_with_ftb="0" total="0">
  <transactions/>
</Get-bin-log-transactions>


====================================================================================
[18 MAR 2017 23:43:19 GMT-8] Pre-Sync - Preparing for execution...

====================================================================================
[18 MAR 2017 23:43:19 GMT-8] Pre-Sync Request:
"C:\PROGRA~2\MYHERI~1\Bin\FAMILY~2.EXE" https://www.myheritage.com/FP/API/FTB/ftb-api.php --data "@C:\Users\Eric\AppData\Roaming\MYHERI~1\Temp\dat3F48.tmp" --progress-bar --output "C:\Users\Eric\AppData\Roaming\MYHERI~1\Temp\out3F49.tmp" --stderr "C:\Users\Eric\AppData\Roaming\MYHERI~1\Temp\err3F4A.tmp" -A "Family Tree Builder 8.0.0.8318"
---DATA:---
action=api-sync-pre-sync&site_admin=ericrborsheim@gmail.com&site_pwd=53d384b89203627f686e06fb83b9fc4bc572ec2c&project_guid=57FCA7416EAD763E2E06995A33EE916F&publishing_guid=&revision=0&client_program_version=8.0.0.8318&site_id=364175731&computer_name=DESKTOP-G4N757J&bin_log_transaction_offset=0
------------------------------------------------------------------------------------
[18 MAR 2017 23:43:20 GMT-8] Pre-Sync Connection result:
0 (WAIT_OBJECT_0)

------------------------------------------------------------------------------------
[18 MAR 2017 23:43:20 GMT-8] Pre-Sync Response:
<?xml version="1.0"?>
<Pre-sync site_id="364175731" project_guid="57FCA7416EAD763E2E06995A33EE916F" client_revision="0" is_synced_with_ftb="0"/>


====================================================================================
[18 MAR 2017 23:43:20 GMT-8] Downloading Binlog Commands - Preparing for execution...

====================================================================================
[18 MAR 2017 23:43:20 GMT-8] Downloading Binlog Commands Request:
"C:\PROGRA~2\MYHERI~1\Bin\FAMILY~2.EXE" https://www.myheritage.com/FP/API/FTB/ftb-api.php --data "@C:\Users\Eric\AppData\Roaming\MYHERI~1\Temp\dat42C6.tmp" --output "C:\Users\Eric\AppData\Roaming\MYHERI~1\Temp\out42C7.tmp" --stderr "C:\Users\Eric\AppData\Roaming\MYHERI~1\Temp\err42C8.tmp" -A "Family Tree Builder 8.0.0.8318"
---DATA:---
action=api-sync-get-bin-log-transactions&site_admin=ericrborsheim@gmail.com&site_pwd=53d384b89203627f686e06fb83b9fc4bc572ec2c&site_id=364175731&client_program_version=8.0.0.8318&project_guid=57FCA7416EAD763E2E06995A33EE916F&revision=0&offset=0&limit=1
------------------------------------------------------------------------------------
[18 MAR 2017 23:43:21 GMT-8] Downloading Binlog Commands Connection result:
0 (WAIT_OBJECT_0)

------------------------------------------------------------------------------------
[18 MAR 2017 23:43:21 GMT-8] Downloading Binlog Commands Response:
<?xml version="1.0"?>
<Get-bin-log-transactions site_id="364175731" project_guid="57FCA7416EAD763E2E06995A33EE916F" client_revision="0" is_synced_with_ftb="0" total="0">
  <transactions/>
</Get-bin-log-transactions>


====================================================================================
[20 MAR 2017 15:29:20 GMT-8] Pre-Sync - Preparing for execution...

====================================================================================
[20 MAR 2017 15:29:20 GMT-8] Pre-Sync Request:
"C:\PROGRA~2\MYHERI~1\Bin\FAMILY~2.EXE" https://www.myheritage.com/FP/API/FTB/ftb-api.php --data "@C:\Users\Eric\AppData\Roaming\MYHERI~1\Temp\dat959F.tmp" --progress-bar --output "C:\Users\Eric\AppData\Roaming\MYHERI~1\Temp\out95A0.tmp" --stderr "C:\Users\Eric\AppData\Roaming\MYHERI~1\Temp\err95A1.tmp" -A "Family Tree Builder 8.0.0.8318"
---DATA:---
action=api-sync-pre-sync&site_admin=ericrborsheim@gmail.com&site_pwd=53d384b89203627f686e06fb83b9fc4bc572ec2c&project_guid=57FCA7416EAD763E2E06995A33EE916F&publishing_guid=&revision=0&client_program_version=8.0.0.8318&site_id=364175731&computer_name=DESKTOP-G4N757J&bin_log_transaction_offset=0
------------------------------------------------------------------------------------
[20 MAR 2017 15:29:21 GMT-8] Pre-Sync Connection result:
0 (WAIT_OBJECT_0)

------------------------------------------------------------------------------------
[20 MAR 2017 15:29:21 GMT-8] Pre-Sync Response:
<?xml version="1.0"?>
<Pre-sync site_id="364175731" project_guid="57FCA7416EAD763E2E06995A33EE916F" client_revision="0" is_synced_with_ftb="0"/>


====================================================================================
[20 MAR 2017 15:29:21 GMT-8] Downloading Binlog Commands - Preparing for execution...

====================================================================================
[20 MAR 2017 15:29:21 GMT-8] Downloading Binlog Commands Request:
"C:\PROGRA~2\MYHERI~1\Bin\FAMILY~2.EXE" https://www.myheritage.com/FP/API/FTB/ftb-api.php --data "@C:\Users\Eric\AppData\Roaming\MYHERI~1\Temp\dat9A07.tmp" --output "C:\Users\Eric\AppData\Roaming\MYHERI~1\Temp\out9A08.tmp" --stderr "C:\Users\Eric\AppData\Roaming\MYHERI~1\Temp\err9A09.tmp" -A "Family Tree Builder 8.0.0.8318"
---DATA:---
action=api-sync-get-bin-log-transactions&site_admin=ericrborsheim@gmail.com&site_pwd=53d384b89203627f686e06fb83b9fc4bc572ec2c&site_id=364175731&client_program_version=8.0.0.8318&project_guid=57FCA7416EAD763E2E06995A33EE916F&revision=0&offset=0&limit=1
------------------------------------------------------------------------------------
[20 MAR 2017 15:29:22 GMT-8] Downloading Binlog Commands Connection result:
0 (WAIT_OBJECT_0)

------------------------------------------------------------------------------------
[20 MAR 2017 15:29:22 GMT-8] Downloading Binlog Commands Response:
<?xml version="1.0"?>
<Get-bin-log-transactions site_id="364175731" project_guid="57FCA7416EAD763E2E06995A33EE916F" client_revision="0" is_synced_with_ftb="0" total="0">
  <transactions/>
</Get-bin-log-transactions>


====================================================================================
[20 MAR 2017 15:30:28 GMT-8] Pre-Sync - Preparing for execution...

====================================================================================
[20 MAR 2017 15:30:28 GMT-8] Pre-Sync Request:
"C:\PROGRA~2\MYHERI~1\Bin\FAMILY~2.EXE" https://www.myheritage.com/FP/API/FTB/ftb-api.php --data "@C:\Users\Eric\AppData\Roaming\MYHERI~1\Temp\datA06A.tmp" --progress-bar --output "C:\Users\Eric\AppData\Roaming\MYHERI~1\Temp\outA06B.tmp" --stderr "C:\Users\Eric\AppData\Roaming\MYHERI~1\Temp\errA06C.tmp" -A "Family Tree Builder 8.0.0.8318"
---DATA:---
action=api-sync-pre-sync&site_admin=ericrborsheim@gmail.com&site_pwd=53d384b89203627f686e06fb83b9fc4bc572ec2c&project_guid=57FCA7416EAD763E2E06995A33EE916F&publishing_guid=&revision=0&client_program_version=8.0.0.8318&site_id=364175731&computer_name=DESKTOP-G4N757J&bin_log_transaction_offset=0
------------------------------------------------------------------------------------
[20 MAR 2017 15:30:29 GMT-8] Pre-Sync Connection result:
0 (WAIT_OBJECT_0)

------------------------------------------------------------------------------------
[20 MAR 2017 15:30:29 GMT-8] Pre-Sync Response:
<?xml version="1.0"?>
<Pre-sync site_id="364175731" project_guid="57FCA7416EAD763E2E06995A33EE916F" client_revision="0" is_synced_with_ftb="0"/>


====================================================================================
[20 MAR 2017 15:30:29 GMT-8] Downloading Binlog Commands - Preparing for execution...

====================================================================================
[20 MAR 2017 15:30:29 GMT-8] Downloading Binlog Commands Request:
"C:\PROGRA~2\MYHERI~1\Bin\FAMILY~2.EXE" https://www.myheritage.com/FP/API/FTB/ftb-api.php --data "@C:\Users\Eric\AppData\Roaming\MYHERI~1\Temp\datA3F8.tmp" --output "C:\Users\Eric\AppData\Roaming\MYHERI~1\Temp\outA3F9.tmp" --stderr "C:\Users\Eric\AppData\Roaming\MYHERI~1\Temp\errA3FA.tmp" -A "Family Tree Builder 8.0.0.8318"
---DATA:---
action=api-sync-get-bin-log-transactions&site_admin=ericrborsheim@gmail.com&site_pwd=53d384b89203627f686e06fb83b9fc4bc572ec2c&site_id=364175731&client_program_version=8.0.0.8318&project_guid=57FCA7416EAD763E2E06995A33EE916F&revision=0&offset=0&limit=1
------------------------------------------------------------------------------------
[20 MAR 2017 15:30:30 GMT-8] Downloading Binlog Commands Connection result:
0 (WAIT_OBJECT_0)

------------------------------------------------------------------------------------
[20 MAR 2017 15:30:30 GMT-8] Downloading Binlog Commands Response:
<?xml version="1.0"?>
<Get-bin-log-transactions site_id="364175731" project_guid="57FCA7416EAD763E2E06995A33EE916F" client_revision="0" is_synced_with_ftb="0" total="0">
  <transactions/>
</Get-bin-log-transactions>


====================================================================================
[21 MAR 2017 00:54:14 GMT-8] Pre-Sync - Preparing for execution...

====================================================================================
[21 MAR 2017 00:54:14 GMT-8] Pre-Sync Request:
"C:\PROGRA~2\MYHERI~1\Bin\FAMILY~2.EXE" https://www.myheritage.com/FP/API/FTB/ftb-api.php --data "@C:\Users\Eric\AppData\Roaming\MYHERI~1\Temp\datC2B7.tmp" --progress-bar --output "C:\Users\Eric\AppData\Roaming\MYHERI~1\Temp\outC2B8.tmp" --stderr "C:\Users\Eric\AppData\Roaming\MYHERI~1\Temp\errC2B9.tmp" -A "Family Tree Builder 8.0.0.8318"
---DATA:---
action=api-sync-pre-sync&site_admin=ericrborsheim@gmail.com&site_pwd=53d384b89203627f686e06fb83b9fc4bc572ec2c&project_guid=57FCA7416EAD763E2E06995A33EE916F&publishing_guid=&revision=0&client_program_version=8.0.0.8318&site_id=364175731&computer_name=DESKTOP-G4N757J&bin_log_transaction_offset=0
------------------------------------------------------------------------------------
[21 MAR 2017 00:54:15 GMT-8] Pre-Sync Connection result:
0 (WAIT_OBJECT_0)

------------------------------------------------------------------------------------
[21 MAR 2017 00:54:15 GMT-8] Pre-Sync Response:
<?xml version="1.0"?>
<Pre-sync site_id="364175731" project_guid="57FCA7416EAD763E2E06995A33EE916F" client_revision="0" is_synced_with_ftb="0"/>


====================================================================================
[21 MAR 2017 00:54:15 GMT-8] Downloading Binlog Commands - Preparing for execution...

====================================================================================
[21 MAR 2017 00:54:15 GMT-8] Downloading Binlog Commands Request:
"C:\PROGRA~2\MYHERI~1\Bin\FAMILY~2.EXE" https://www.myheritage.com/FP/API/FTB/ftb-api.php --data "@C:\Users\Eric\AppData\Roaming\MYHERI~1\Temp\datC75E.tmp" --output "C:\Users\Eric\AppData\Roaming\MYHERI~1\Temp\outC75F.tmp" --stderr "C:\Users\Eric\AppData\Roaming\MYHERI~1\Temp\errC760.tmp" -A "Family Tree Builder 8.0.0.8318"
---DATA:---
action=api-sync-get-bin-log-transactions&site_admin=ericrborsheim@gmail.com&site_pwd=53d384b89203627f686e06fb83b9fc4bc572ec2c&site_id=364175731&client_program_version=8.0.0.8318&project_guid=57FCA7416EAD763E2E06995A33EE916F&revision=0&offset=0&limit=1
------------------------------------------------------------------------------------
[21 MAR 2017 00:54:16 GMT-8] Downloading Binlog Commands Connection result:
0 (WAIT_OBJECT_0)

------------------------------------------------------------------------------------
[21 MAR 2017 00:54:16 GMT-8] Downloading Binlog Commands Response:
<?xml version="1.0"?>
<Get-bin-log-transactions site_id="364175731" project_guid="57FCA7416EAD763E2E06995A33EE916F" client_revision="0" is_synced_with_ftb="0" total="0">
  <transactions/>
</Get-bin-log-transactions>


====================================================================================
[21 MAR 2017 23:00:43 GMT-8] Pre-Sync - Preparing for execution...

====================================================================================
[21 MAR 2017 23:00:43 GMT-8] Pre-Sync Request:
"C:\PROGRA~2\MYHERI~1\Bin\FAMILY~2.EXE" https://www.myheritage.com/FP/API/FTB/ftb-api.php --data "@C:\Users\Eric\AppData\Roaming\MYHERI~1\Temp\dat3259.tmp" --progress-bar --output "C:\Users\Eric\AppData\Roaming\MYHERI~1\Temp\out325A.tmp" --stderr "C:\Users\Eric\AppData\Roaming\MYHERI~1\Temp\err325B.tmp" -A "Family Tree Builder 8.0.0.8318"
---DATA:---
action=api-sync-pre-sync&site_admin=ericrborsheim@gmail.com&site_pwd=53d384b89203627f686e06fb83b9fc4bc572ec2c&project_guid=57FCA7416EAD763E2E06995A33EE916F&publishing_guid=&revision=0&client_program_version=8.0.0.8318&site_id=364175731&computer_name=DESKTOP-G4N757J&bin_log_transaction_offset=0
------------------------------------------------------------------------------------
[21 MAR 2017 23:00:44 GMT-8] Pre-Sync Connection result:
0 (WAIT_OBJECT_0)

------------------------------------------------------------------------------------
[21 MAR 2017 23:00:44 GMT-8] Pre-Sync Response:
<?xml version="1.0"?>
<Pre-sync site_id="364175731" project_guid="57FCA7416EAD763E2E06995A33EE916F" client_revision="0" is_synced_with_ftb="0"/>


====================================================================================
[21 MAR 2017 23:00:44 GMT-8] Downloading Binlog Commands - Preparing for execution...

====================================================================================
[21 MAR 2017 23:00:44 GMT-8] Downloading Binlog Commands Request:
"C:\PROGRA~2\MYHERI~1\Bin\FAMILY~2.EXE" https://www.myheritage.com/FP/API/FTB/ftb-api.php --data "@C:\Users\Eric\AppData\Roaming\MYHERI~1\Temp\dat35D6.tmp" --output "C:\Users\Eric\AppData\Roaming\MYHERI~1\Temp\out35D7.tmp" --stderr "C:\Users\Eric\AppData\Roaming\MYHERI~1\Temp\err35D8.tmp" -A "Family Tree Builder 8.0.0.8318"
---DATA:---
action=api-sync-get-bin-log-transactions&site_admin=ericrborsheim@gmail.com&site_pwd=53d384b89203627f686e06fb83b9fc4bc572ec2c&site_id=364175731&client_program_version=8.0.0.8318&project_guid=57FCA7416EAD763E2E06995A33EE916F&revision=0&offset=0&limit=1
------------------------------------------------------------------------------------
[21 MAR 2017 23:00:45 GMT-8] Downloading Binlog Commands Connection result:
0 (WAIT_OBJECT_0)

------------------------------------------------------------------------------------
[21 MAR 2017 23:00:45 GMT-8] Downloading Binlog Commands Response:
<?xml version="1.0"?>
<Get-bin-log-transactions site_id="364175731" project_guid="57FCA7416EAD763E2E06995A33EE916F" client_revision="0" is_synced_with_ftb="0" total="0">
  <transactions/>
</Get-bin-log-transactions>


====================================================================================
[23 MAR 2017 20:56:33 GMT-8] Pre-Sync - Preparing for execution...

====================================================================================
[23 MAR 2017 20:56:33 GMT-8] Pre-Sync Request:
"C:\PROGRA~2\MYHERI~1\Bin\FAMILY~2.EXE" https://www.myheritage.com/FP/API/FTB/ftb-api.php --data "@C:\Users\Eric\AppData\Roaming\MYHERI~1\Temp\dat3D4C.tmp" --progress-bar --output "C:\Users\Eric\AppData\Roaming\MYHERI~1\Temp\out3D4D.tmp" --stderr "C:\Users\Eric\AppData\Roaming\MYHERI~1\Temp\err3D4E.tmp" -A "Family Tree Builder 8.0.0.8318"
---DATA:---
action=api-sync-pre-sync&site_admin=ericrborsheim@gmail.com&site_pwd=53d384b89203627f686e06fb83b9fc4bc572ec2c&project_guid=57FCA7416EAD763E2E06995A33EE916F&publishing_guid=&revision=0&client_program_version=8.0.0.8318&site_id=364175731&computer_name=DESKTOP-G4N757J&bin_log_transaction_offset=0
------------------------------------------------------------------------------------
[23 MAR 2017 20:56:34 GMT-8] Pre-Sync Connection result:
0 (WAIT_OBJECT_0)

------------------------------------------------------------------------------------
[23 MAR 2017 20:56:34 GMT-8] Pre-Sync Response:
<?xml version="1.0"?>
<Pre-sync site_id="364175731" project_guid="57FCA7416EAD763E2E06995A33EE916F" client_revision="0" is_synced_with_ftb="0"/>


====================================================================================
[23 MAR 2017 20:56:34 GMT-8] Downloading Binlog Commands - Preparing for execution...

====================================================================================
[23 MAR 2017 20:56:34 GMT-8] Downloading Binlog Commands Request:
"C:\PROGRA~2\MYHERI~1\Bin\FAMILY~2.EXE" https://www.myheritage.com/FP/API/FTB/ftb-api.php --data "@C:\Users\Eric\AppData\Roaming\MYHERI~1\Temp\dat41F2.tmp" --output "C:\Users\Eric\AppData\Roaming\MYHERI~1\Temp\out41F3.tmp" --stderr "C:\Users\Eric\AppData\Roaming\MYHERI~1\Temp\err41F4.tmp" -A "Family Tree Builder 8.0.0.8318"
---DATA:---
action=api-sync-get-bin-log-transactions&site_admin=ericrborsheim@gmail.com&site_pwd=53d384b89203627f686e06fb83b9fc4bc572ec2c&site_id=364175731&client_program_version=8.0.0.8318&project_guid=57FCA7416EAD763E2E06995A33EE916F&revision=0&offset=0&limit=1
------------------------------------------------------------------------------------
[23 MAR 2017 20:56:35 GMT-8] Downloading Binlog Commands Connection result:
0 (WAIT_OBJECT_0)

------------------------------------------------------------------------------------
[23 MAR 2017 20:56:35 GMT-8] Downloading Binlog Commands Response:
<?xml version="1.0"?>
<Get-bin-log-transactions site_id="364175731" project_guid="57FCA7416EAD763E2E06995A33EE916F" client_revision="0" is_synced_with_ftb="0" total="0">
  <transactions/>
</Get-bin-log-transactions>


====================================================================================
[23 MAR 2017 22:52:46 GMT-8] Pre-Sync - Preparing for execution...

====================================================================================
[23 MAR 2017 22:52:46 GMT-8] Pre-Sync Request:
"C:\PROGRA~2\MYHERI~1\Bin\FAMILY~2.EXE" https://www.myheritage.com/FP/API/FTB/ftb-api.php --data "@C:\Users\Eric\AppData\Roaming\MYHERI~1\Temp\datA171.tmp" --progress-bar --output "C:\Users\Eric\AppData\Roaming\MYHERI~1\Temp\outA172.tmp" --stderr "C:\Users\Eric\AppData\Roaming\MYHERI~1\Temp\errA173.tmp" -A "Family Tree Builder 8.0.0.8318"
---DATA:---
action=api-sync-pre-sync&site_admin=ericrborsheim@gmail.com&site_pwd=53d384b89203627f686e06fb83b9fc4bc572ec2c&project_guid=57FCA7416EAD763E2E06995A33EE916F&publishing_guid=&revision=0&client_program_version=8.0.0.8318&site_id=364175731&computer_name=DESKTOP-G4N757J&bin_log_transaction_offset=0
------------------------------------------------------------------------------------
[23 MAR 2017 22:52:46 GMT-8] Pre-Sync Connection result:
0 (WAIT_OBJECT_0)

------------------------------------------------------------------------------------
[23 MAR 2017 22:52:46 GMT-8] Pre-Sync Response:
<?xml version="1.0"?>
<Pre-sync site_id="364175731" project_guid="57FCA7416EAD763E2E06995A33EE916F" client_revision="0" is_synced_with_ftb="0"/>


====================================================================================
[23 MAR 2017 22:52:46 GMT-8] Downloading Binlog Commands - Preparing for execution...

====================================================================================
[23 MAR 2017 22:52:46 GMT-8] Downloading Binlog Commands Request:
"C:\PROGRA~2\MYHERI~1\Bin\FAMILY~2.EXE" https://www.myheritage.com/FP/API/FTB/ftb-api.php --data "@C:\Users\Eric\AppData\Roaming\MYHERI~1\Temp\datA471.tmp" --output "C:\Users\Eric\AppData\Roaming\MYHERI~1\Temp\outA472.tmp" --stderr "C:\Users\Eric\AppData\Roaming\MYHERI~1\Temp\errA473.tmp" -A "Family Tree Builder 8.0.0.8318"
---DATA:---
action=api-sync-get-bin-log-transactions&site_admin=ericrborsheim@gmail.com&site_pwd=53d384b89203627f686e06fb83b9fc4bc572ec2c&site_id=364175731&client_program_version=8.0.0.8318&project_guid=57FCA7416EAD763E2E06995A33EE916F&revision=0&offset=0&limit=1
------------------------------------------------------------------------------------
[23 MAR 2017 22:52:47 GMT-8] Downloading Binlog Commands Connection result:
0 (WAIT_OBJECT_0)

------------------------------------------------------------------------------------
[23 MAR 2017 22:52:47 GMT-8] Downloading Binlog Commands Response:
<?xml version="1.0"?>
<Get-bin-log-transactions site_id="364175731" project_guid="57FCA7416EAD763E2E06995A33EE916F" client_revision="0" is_synced_with_ftb="0" total="0">
  <transactions/>
</Get-bin-log-transactions>


====================================================================================
[24 MAR 2017 19:19:23 GMT-8] Pre-Sync - Preparing for execution...

====================================================================================
[24 MAR 2017 19:19:23 GMT-8] Pre-Sync Request:
"C:\PROGRA~2\MYHERI~1\Bin\FAMILY~2.EXE" https://www.myheritage.com/FP/API/FTB/ftb-api.php --data "@C:\Users\Eric\AppData\Roaming\MYHERI~1\Temp\datA284.tmp" --progress-bar --output "C:\Users\Eric\AppData\Roaming\MYHERI~1\Temp\outA285.tmp" --stderr "C:\Users\Eric\AppData\Roaming\MYHERI~1\Temp\errA286.tmp" -A "Family Tree Builder 8.0.0.8318"
---DATA:---
action=api-sync-pre-sync&site_admin=ericrborsheim@gmail.com&site_pwd=53d384b89203627f686e06fb83b9fc4bc572ec2c&project_guid=57FCA7416EAD763E2E06995A33EE916F&publishing_guid=&revision=0&client_program_version=8.0.0.8318&site_id=364175731&computer_name=DESKTOP-G4N757J&bin_log_transaction_offset=0
------------------------------------------------------------------------------------
[24 MAR 2017 19:19:26 GMT-8] Pre-Sync Connection result:
0 (WAIT_OBJECT_0)

------------------------------------------------------------------------------------
[24 MAR 2017 19:19:26 GMT-8] Pre-Sync Response:
<?xml version="1.0"?>
<Pre-sync site_id="364175731" project_guid="57FCA7416EAD763E2E06995A33EE916F" client_revision="0" is_synced_with_ftb="0"/>


====================================================================================
[24 MAR 2017 19:19:26 GMT-8] Downloading Binlog Commands - Preparing for execution...

====================================================================================
[24 MAR 2017 19:19:26 GMT-8] Downloading Binlog Commands Request:
"C:\PROGRA~2\MYHERI~1\Bin\FAMILY~2.EXE" https://www.myheritage.com/FP/API/FTB/ftb-api.php --data "@C:\Users\Eric\AppData\Roaming\MYHERI~1\Temp\datAD55.tmp" --output "C:\Users\Eric\AppData\Roaming\MYHERI~1\Temp\outAD56.tmp" --stderr "C:\Users\Eric\AppData\Roaming\MYHERI~1\Temp\errAD57.tmp" -A "Family Tree Builder 8.0.0.8318"
---DATA:---
action=api-sync-get-bin-log-transactions&site_admin=ericrborsheim@gmail.com&site_pwd=53d384b89203627f686e06fb83b9fc4bc572ec2c&site_id=364175731&client_program_version=8.0.0.8318&project_guid=57FCA7416EAD763E2E06995A33EE916F&revision=0&offset=0&limit=1
------------------------------------------------------------------------------------
[24 MAR 2017 19:19:27 GMT-8] Downloading Binlog Commands Connection result:
0 (WAIT_OBJECT_0)

------------------------------------------------------------------------------------
[24 MAR 2017 19:19:27 GMT-8] Downloading Binlog Commands Response:
<?xml version="1.0"?>
<Get-bin-log-transactions site_id="364175731" project_guid="57FCA7416EAD763E2E06995A33EE916F" client_revision="0" is_synced_with_ftb="0" total="0">
  <transactions/>
</Get-bin-log-transactions>


====================================================================================
[25 MAR 2017 03:42:32 GMT-8] Pre-Sync - Preparing for execution...

====================================================================================
[25 MAR 2017 03:42:32 GMT-8] Pre-Sync Request:
"C:\PROGRA~2\MYHERI~1\Bin\FAMILY~2.EXE" https://www.myheritage.com/FP/API/FTB/ftb-api.php --data "@C:\Users\Eric\AppData\Roaming\MYHERI~1\Temp\dat47CB.tmp" --progress-bar --output "C:\Users\Eric\AppData\Roaming\MYHERI~1\Temp\out47CC.tmp" --stderr "C:\Users\Eric\AppData\Roaming\MYHERI~1\Temp\err47CD.tmp" -A "Family Tree Builder 8.0.0.8318"
---DATA:---
action=api-sync-pre-sync&site_admin=ericrborsheim@gmail.com&site_pwd=53d384b89203627f686e06fb83b9fc4bc572ec2c&project_guid=57FCA7416EAD763E2E06995A33EE916F&publishing_guid=&revision=0&client_program_version=8.0.0.8318&site_id=364175731&computer_name=DESKTOP-G4N757J&bin_log_transaction_offset=0
------------------------------------------------------------------------------------
[25 MAR 2017 03:42:33 GMT-8] Pre-Sync Connection result:
0 (WAIT_OBJECT_0)

------------------------------------------------------------------------------------
[25 MAR 2017 03:42:33 GMT-8] Pre-Sync Response:
<?xml version="1.0"?>
<Pre-sync site_id="364175731" project_guid="57FCA7416EAD763E2E06995A33EE916F" client_revision="0" is_synced_with_ftb="0"/>


====================================================================================
[25 MAR 2017 03:42:33 GMT-8] Downloading Binlog Commands - Preparing for execution...

====================================================================================
[25 MAR 2017 03:42:33 GMT-8] Downloading Binlog Commands Request:
"C:\PROGRA~2\MYHERI~1\Bin\FAMILY~2.EXE" https://www.myheritage.com/FP/API/FTB/ftb-api.php --data "@C:\Users\Eric\AppData\Roaming\MYHERI~1\Temp\dat4B1A.tmp" --output "C:\Users\Eric\AppData\Roaming\MYHERI~1\Temp\out4B2A.tmp" --stderr "C:\Users\Eric\AppData\Roaming\MYHERI~1\Temp\err4B2B.tmp" -A "Family Tree Builder 8.0.0.8318"
---DATA:---
action=api-sync-get-bin-log-transactions&site_admin=ericrborsheim@gmail.com&site_pwd=53d384b89203627f686e06fb83b9fc4bc572ec2c&site_id=364175731&client_program_version=8.0.0.8318&project_guid=57FCA7416EAD763E2E06995A33EE916F&revision=0&offset=0&limit=1
------------------------------------------------------------------------------------
[25 MAR 2017 03:42:33 GMT-8] Downloading Binlog Commands Connection result:
0 (WAIT_OBJECT_0)

------------------------------------------------------------------------------------
[25 MAR 2017 03:42:33 GMT-8] Downloading Binlog Commands Response:
<?xml version="1.0"?>
<Get-bin-log-transactions site_id="364175731" project_guid="57FCA7416EAD763E2E06995A33EE916F" client_revision="0" is_synced_with_ftb="0" total="0">
  <transactions/>
</Get-bin-log-transactions>


====================================================================================
[25 MAR 2017 17:39:19 GMT-8] Pre-Sync - Preparing for execution...

====================================================================================
[25 MAR 2017 17:39:19 GMT-8] Pre-Sync Request:
"C:\PROGRA~2\MYHERI~1\Bin\FAMILY~2.EXE" https://www.myheritage.com/FP/API/FTB/ftb-api.php --data "@C:\Users\Eric\AppData\Roaming\MYHERI~1\Temp\dat62A6.tmp" --progress-bar --output "C:\Users\Eric\AppData\Roaming\MYHERI~1\Temp\out62A7.tmp" --stderr "C:\Users\Eric\AppData\Roaming\MYHERI~1\Temp\err62A8.tmp" -A "Family Tree Builder 8.0.0.8318"
---DATA:---
action=api-sync-pre-sync&site_admin=ericrborsheim@gmail.com&site_pwd=53d384b89203627f686e06fb83b9fc4bc572ec2c&project_guid=57FCA7416EAD763E2E06995A33EE916F&publishing_guid=&revision=0&client_program_version=8.0.0.8318&site_id=364175731&computer_name=DESKTOP-G4N757J&bin_log_transaction_offset=0
------------------------------------------------------------------------------------
[25 MAR 2017 17:39:20 GMT-8] Pre-Sync Connection result:
0 (WAIT_OBJECT_0)

------------------------------------------------------------------------------------
[25 MAR 2017 17:39:20 GMT-8] Pre-Sync Response:
<?xml version="1.0"?>
<Pre-sync site_id="364175731" project_guid="57FCA7416EAD763E2E06995A33EE916F" client_revision="0" is_synced_with_ftb="0"/>


====================================================================================
[25 MAR 2017 17:39:20 GMT-8] Downloading Binlog Commands - Preparing for execution...

====================================================================================
[25 MAR 2017 17:39:20 GMT-8] Downloading Binlog Commands Request:
"C:\PROGRA~2\MYHERI~1\Bin\FAMILY~2.EXE" https://www.myheritage.com/FP/API/FTB/ftb-api.php --data "@C:\Users\Eric\AppData\Roaming\MYHERI~1\Temp\dat66C0.tmp" --output "C:\Users\Eric\AppData\Roaming\MYHERI~1\Temp\out66D1.tmp" --stderr "C:\Users\Eric\AppData\Roaming\MYHERI~1\Temp\err66D2.tmp" -A "Family Tree Builder 8.0.0.8318"
---DATA:---
action=api-sync-get-bin-log-transactions&site_admin=ericrborsheim@gmail.com&site_pwd=53d384b89203627f686e06fb83b9fc4bc572ec2c&site_id=364175731&client_program_version=8.0.0.8318&project_guid=57FCA7416EAD763E2E06995A33EE916F&revision=0&offset=0&limit=1
------------------------------------------------------------------------------------
[25 MAR 2017 17:39:21 GMT-8] Downloading Binlog Commands Connection result:
0 (WAIT_OBJECT_0)

------------------------------------------------------------------------------------
[25 MAR 2017 17:39:21 GMT-8] Downloading Binlog Commands Response:
<?xml version="1.0"?>
<Get-bin-log-transactions site_id="364175731" project_guid="57FCA7416EAD763E2E06995A33EE916F" client_revision="0" is_synced_with_ftb="0" total="0">
  <transactions/>
</Get-bin-log-transactions>


====================================================================================
[25 MAR 2017 17:42:20 GMT-8] Pre-Sync - Preparing for execution...

====================================================================================
[25 MAR 2017 17:42:20 GMT-8] Pre-Sync Request:
"C:\PROGRA~2\MYHERI~1\Bin\FAMILY~2.EXE" https://www.myheritage.com/FP/API/FTB/ftb-api.php --data "@C:\Users\Eric\AppData\Roaming\MYHERI~1\Temp\dat257F.tmp" --progress-bar --output "C:\Users\Eric\AppData\Roaming\MYHERI~1\Temp\out2580.tmp" --stderr "C:\Users\Eric\AppData\Roaming\MYHERI~1\Temp\err2581.tmp" -A "Family Tree Builder 8.0.0.8318"
---DATA:---
action=api-sync-pre-sync&site_admin=ericrborsheim@gmail.com&site_pwd=53d384b89203627f686e06fb83b9fc4bc572ec2c&project_guid=57FCA7416EAD763E2E06995A33EE916F&publishing_guid=&revision=0&client_program_version=8.0.0.8318&site_id=364175731&computer_name=DESKTOP-G4N757J&bin_log_transaction_offset=0
------------------------------------------------------------------------------------
[25 MAR 2017 17:42:21 GMT-8] Pre-Sync Connection result:
0 (WAIT_OBJECT_0)

------------------------------------------------------------------------------------
[25 MAR 2017 17:42:21 GMT-8] Pre-Sync Response:
<?xml version="1.0"?>
<Pre-sync site_id="364175731" project_guid="57FCA7416EAD763E2E06995A33EE916F" client_revision="0" is_synced_with_ftb="0"/>


====================================================================================
[25 MAR 2017 17:42:21 GMT-8] Downloading Binlog Commands - Preparing for execution...

====================================================================================
[25 MAR 2017 17:42:21 GMT-8] Downloading Binlog Commands Request:
"C:\PROGRA~2\MYHERI~1\Bin\FAMILY~2.EXE" https://www.myheritage.com/FP/API/FTB/ftb-api.php --data "@C:\Users\Eric\AppData\Roaming\MYHERI~1\Temp\dat2999.tmp" --output "C:\Users\Eric\AppData\Roaming\MYHERI~1\Temp\out299A.tmp" --stderr "C:\Users\Eric\AppData\Roaming\MYHERI~1\Temp\err299B.tmp" -A "Family Tree Builder 8.0.0.8318"
---DATA:---
action=api-sync-get-bin-log-transactions&site_admin=ericrborsheim@gmail.com&site_pwd=53d384b89203627f686e06fb83b9fc4bc572ec2c&site_id=364175731&client_program_version=8.0.0.8318&project_guid=57FCA7416EAD763E2E06995A33EE916F&revision=0&offset=0&limit=1
------------------------------------------------------------------------------------
[25 MAR 2017 17:42:22 GMT-8] Downloading Binlog Commands Connection result:
0 (WAIT_OBJECT_0)

------------------------------------------------------------------------------------
[25 MAR 2017 17:42:22 GMT-8] Downloading Binlog Commands Response:
<?xml version="1.0"?>
<Get-bin-log-transactions site_id="364175731" project_guid="57FCA7416EAD763E2E06995A33EE916F" client_revision="0" is_synced_with_ftb="0" total="0">
  <transactions/>
</Get-bin-log-transactions>


====================================================================================
[25 MAR 2017 17:57:42 GMT-8] Pre-Sync - Preparing for execution...

====================================================================================
[25 MAR 2017 17:57:42 GMT-8] Pre-Sync Request:
"C:\PROGRA~2\MYHERI~1\Bin\FAMILY~2.EXE" https://www.myheritage.com/FP/API/FTB/ftb-api.php --data "@C:\Users\Eric\AppData\Roaming\MYHERI~1\Temp\dat3692.tmp" --progress-bar --output "C:\Users\Eric\AppData\Roaming\MYHERI~1\Temp\out3693.tmp" --stderr "C:\Users\Eric\AppData\Roaming\MYHERI~1\Temp\err3694.tmp" -A "Family Tree Builder 8.0.0.8318"
---DATA:---
action=api-sync-pre-sync&site_admin=ericrborsheim@gmail.com&site_pwd=53d384b89203627f686e06fb83b9fc4bc572ec2c&project_guid=57FCA7416EAD763E2E06995A33EE916F&publishing_guid=&revision=0&client_program_version=8.0.0.8318&site_id=364175731&computer_name=DESKTOP-G4N757J&bin_log_transaction_offset=0
------------------------------------------------------------------------------------
[25 MAR 2017 17:57:43 GMT-8] Pre-Sync Connection result:
0 (WAIT_OBJECT_0)

------------------------------------------------------------------------------------
[25 MAR 2017 17:57:43 GMT-8] Pre-Sync Response:
<?xml version="1.0"?>
<Pre-sync site_id="364175731" project_guid="57FCA7416EAD763E2E06995A33EE916F" client_revision="0" is_synced_with_ftb="0"/>


====================================================================================
[25 MAR 2017 17:57:43 GMT-8] Downloading Binlog Commands - Preparing for execution...

====================================================================================
[25 MAR 2017 17:57:43 GMT-8] Downloading Binlog Commands Request:
"C:\PROGRA~2\MYHERI~1\Bin\FAMILY~2.EXE" https://www.myheritage.com/FP/API/FTB/ftb-api.php --data "@C:\Users\Eric\AppData\Roaming\MYHERI~1\Temp\dat3993.tmp" --output "C:\Users\Eric\AppData\Roaming\MYHERI~1\Temp\out3994.tmp" --stderr "C:\Users\Eric\AppData\Roaming\MYHERI~1\Temp\err3995.tmp" -A "Family Tree Builder 8.0.0.8318"
---DATA:---
action=api-sync-get-bin-log-transactions&site_admin=ericrborsheim@gmail.com&site_pwd=53d384b89203627f686e06fb83b9fc4bc572ec2c&site_id=364175731&client_program_version=8.0.0.8318&project_guid=57FCA7416EAD763E2E06995A33EE916F&revision=0&offset=0&limit=1
------------------------------------------------------------------------------------
[25 MAR 2017 17:57:43 GMT-8] Downloading Binlog Commands Connection result:
0 (WAIT_OBJECT_0)

------------------------------------------------------------------------------------
[25 MAR 2017 17:57:43 GMT-8] Downloading Binlog Commands Response:
<?xml version="1.0"?>
<Get-bin-log-transactions site_id="364175731" project_guid="57FCA7416EAD763E2E06995A33EE916F" client_revision="0" is_synced_with_ftb="0" total="0">
  <transactions/>
</Get-bin-log-transactions>


====================================================================================
[25 MAR 2017 18:47:27 GMT-8] Pre-Sync - Preparing for execution...

====================================================================================
[25 MAR 2017 18:47:27 GMT-8] Pre-Sync Request:
"C:\PROGRA~2\MYHERI~1\Bin\FAMILY~2.EXE" https://www.myheritage.com/FP/API/FTB/ftb-api.php --data "@C:\Users\Eric\AppData\Roaming\MYHERI~1\Temp\datC29B.tmp" --progress-bar --output "C:\Users\Eric\AppData\Roaming\MYHERI~1\Temp\outC29C.tmp" --stderr "C:\Users\Eric\AppData\Roaming\MYHERI~1\Temp\errC29D.tmp" -A "Family Tree Builder 8.0.0.8318"
---DATA:---
action=api-sync-pre-sync&site_admin=ericrborsheim@gmail.com&site_pwd=53d384b89203627f686e06fb83b9fc4bc572ec2c&project_guid=57FCA7416EAD763E2E06995A33EE916F&publishing_guid=&revision=0&client_program_version=8.0.0.8318&site_id=364175731&computer_name=DESKTOP-G4N757J&bin_log_transaction_offset=0
------------------------------------------------------------------------------------
[25 MAR 2017 18:47:28 GMT-8] Pre-Sync Connection result:
0 (WAIT_OBJECT_0)

------------------------------------------------------------------------------------
[25 MAR 2017 18:47:28 GMT-8] Pre-Sync Response:
<?xml version="1.0"?>
<Pre-sync site_id="364175731" project_guid="57FCA7416EAD763E2E06995A33EE916F" client_revision="0" is_synced_with_ftb="0"/>


====================================================================================
[25 MAR 2017 18:47:28 GMT-8] Downloading Binlog Commands - Preparing for execution...

====================================================================================
[25 MAR 2017 18:47:28 GMT-8] Downloading Binlog Commands Request:
"C:\PROGRA~2\MYHERI~1\Bin\FAMILY~2.EXE" https://www.myheritage.com/FP/API/FTB/ftb-api.php --data "@C:\Users\Eric\AppData\Roaming\MYHERI~1\Temp\datC5AB.tmp" --output "C:\Users\Eric\AppData\Roaming\MYHERI~1\Temp\outC5AC.tmp" --stderr "C:\Users\Eric\AppData\Roaming\MYHERI~1\Temp\errC5AD.tmp" -A "Family Tree Builder 8.0.0.8318"
---DATA:---
action=api-sync-get-bin-log-transactions&site_admin=ericrborsheim@gmail.com&site_pwd=53d384b89203627f686e06fb83b9fc4bc572ec2c&site_id=364175731&client_program_version=8.0.0.8318&project_guid=57FCA7416EAD763E2E06995A33EE916F&revision=0&offset=0&limit=1
------------------------------------------------------------------------------------
[25 MAR 2017 18:47:28 GMT-8] Downloading Binlog Commands Connection result:
0 (WAIT_OBJECT_0)

------------------------------------------------------------------------------------
[25 MAR 2017 18:47:28 GMT-8] Downloading Binlog Commands Response:
<?xml version="1.0"?>
<Get-bin-log-transactions site_id="364175731" project_guid="57FCA7416EAD763E2E06995A33EE916F" client_revision="0" is_synced_with_ftb="0" total="0">
  <transactions/>
</Get-bin-log-transactions>


====================================================================================
[25 MAR 2017 19:32:55 GMT-8] Pre-Sync - Preparing for execution...

====================================================================================
[25 MAR 2017 19:32:55 GMT-8] Pre-Sync Request:
"C:\PROGRA~2\MYHERI~1\Bin\FAMILY~2.EXE" https://www.myheritage.com/FP/API/FTB/ftb-api.php --data "@C:\Users\Eric\AppData\Roaming\MYHERI~1\Temp\dat61F1.tmp" --progress-bar --output "C:\Users\Eric\AppData\Roaming\MYHERI~1\Temp\out61F2.tmp" --stderr "C:\Users\Eric\AppData\Roaming\MYHERI~1\Temp\err61F3.tmp" -A "Family Tree Builder 8.0.0.8318"
---DATA:---
action=api-sync-pre-sync&site_admin=ericrborsheim@gmail.com&site_pwd=53d384b89203627f686e06fb83b9fc4bc572ec2c&project_guid=57FCA7416EAD763E2E06995A33EE916F&publishing_guid=&revision=0&client_program_version=8.0.0.8318&site_id=364175731&computer_name=DESKTOP-G4N757J&bin_log_transaction_offset=0
------------------------------------------------------------------------------------
[25 MAR 2017 19:32:56 GMT-8] Pre-Sync Connection result:
0 (WAIT_OBJECT_0)

------------------------------------------------------------------------------------
[25 MAR 2017 19:32:56 GMT-8] Pre-Sync Response:
<?xml version="1.0"?>
<Pre-sync site_id="364175731" project_guid="57FCA7416EAD763E2E06995A33EE916F" client_revision="0" is_synced_with_ftb="0"/>


====================================================================================
[25 MAR 2017 19:32:56 GMT-8] Downloading Binlog Commands - Preparing for execution...

====================================================================================
[25 MAR 2017 19:32:56 GMT-8] Downloading Binlog Commands Request:
"C:\PROGRA~2\MYHERI~1\Bin\FAMILY~2.EXE" https://www.myheritage.com/FP/API/FTB/ftb-api.php --data "@C:\Users\Eric\AppData\Roaming\MYHERI~1\Temp\dat6704.tmp" --output "C:\Users\Eric\AppData\Roaming\MYHERI~1\Temp\out6705.tmp" --stderr "C:\Users\Eric\AppData\Roaming\MYHERI~1\Temp\err6706.tmp" -A "Family Tree Builder 8.0.0.8318"
---DATA:---
action=api-sync-get-bin-log-transactions&site_admin=ericrborsheim@gmail.com&site_pwd=53d384b89203627f686e06fb83b9fc4bc572ec2c&site_id=364175731&client_program_version=8.0.0.8318&project_guid=57FCA7416EAD763E2E06995A33EE916F&revision=0&offset=0&limit=1
------------------------------------------------------------------------------------
[25 MAR 2017 19:32:57 GMT-8] Downloading Binlog Commands Connection result:
0 (WAIT_OBJECT_0)

------------------------------------------------------------------------------------
[25 MAR 2017 19:32:57 GMT-8] Downloading Binlog Commands Response:
<?xml version="1.0"?>
<Get-bin-log-transactions site_id="364175731" project_guid="57FCA7416EAD763E2E06995A33EE916F" client_revision="0" is_synced_with_ftb="0" total="0">
  <transactions/>
</Get-bin-log-transactions>


====================================================================================
[25 MAR 2017 19:58:11 GMT-8] Pre-Sync - Preparing for execution...

====================================================================================
[25 MAR 2017 19:58:11 GMT-8] Pre-Sync Request:
"C:\PROGRA~2\MYHERI~1\Bin\FAMILY~2.EXE" https://www.myheritage.com/FP/API/FTB/ftb-api.php --data "@C:\Users\Eric\AppData\Roaming\MYHERI~1\Temp\dat849C.tmp" --progress-bar --output "C:\Users\Eric\AppData\Roaming\MYHERI~1\Temp\out849D.tmp" --stderr "C:\Users\Eric\AppData\Roaming\MYHERI~1\Temp\err849E.tmp" -A "Family Tree Builder 8.0.0.8318"
---DATA:---
action=api-sync-pre-sync&site_admin=ericrborsheim@gmail.com&site_pwd=53d384b89203627f686e06fb83b9fc4bc572ec2c&project_guid=57FCA7416EAD763E2E06995A33EE916F&publishing_guid=&revision=0&client_program_version=8.0.0.8318&site_id=364175731&computer_name=DESKTOP-G4N757J&bin_log_transaction_offset=0
------------------------------------------------------------------------------------
[25 MAR 2017 19:58:12 GMT-8] Pre-Sync Connection result:
0 (WAIT_OBJECT_0)

------------------------------------------------------------------------------------
[25 MAR 2017 19:58:12 GMT-8] Pre-Sync Response:
<?xml version="1.0"?>
<Pre-sync site_id="364175731" project_guid="57FCA7416EAD763E2E06995A33EE916F" client_revision="0" is_synced_with_ftb="0"/>


====================================================================================
[25 MAR 2017 19:58:12 GMT-8] Downloading Binlog Commands - Preparing for execution...

====================================================================================
[25 MAR 2017 19:58:12 GMT-8] Downloading Binlog Commands Request:
"C:\PROGRA~2\MYHERI~1\Bin\FAMILY~2.EXE" https://www.myheritage.com/FP/API/FTB/ftb-api.php --data "@C:\Users\Eric\AppData\Roaming\MYHERI~1\Temp\dat88B6.tmp" --output "C:\Users\Eric\AppData\Roaming\MYHERI~1\Temp\out88B7.tmp" --stderr "C:\Users\Eric\AppData\Roaming\MYHERI~1\Temp\err88B8.tmp" -A "Family Tree Builder 8.0.0.8318"
---DATA:---
action=api-sync-get-bin-log-transactions&site_admin=ericrborsheim@gmail.com&site_pwd=53d384b89203627f686e06fb83b9fc4bc572ec2c&site_id=364175731&client_program_version=8.0.0.8318&project_guid=57FCA7416EAD763E2E06995A33EE916F&revision=0&offset=0&limit=1
------------------------------------------------------------------------------------
[25 MAR 2017 19:58:13 GMT-8] Downloading Binlog Commands Connection result:
0 (WAIT_OBJECT_0)

------------------------------------------------------------------------------------
[25 MAR 2017 19:58:13 GMT-8] Downloading Binlog Commands Response:
<?xml version="1.0"?>
<Get-bin-log-transactions site_id="364175731" project_guid="57FCA7416EAD763E2E06995A33EE916F" client_revision="0" is_synced_with_ftb="0" total="0">
  <transactions/>
</Get-bin-log-transactions>


====================================================================================
[25 MAR 2017 20:01:40 GMT-8] Pre-Sync - Preparing for execution...

====================================================================================
[25 MAR 2017 20:01:40 GMT-8] Pre-Sync Request:
"C:\PROGRA~2\MYHERI~1\Bin\FAMILY~2.EXE" https://www.myheritage.com/FP/API/FTB/ftb-api.php --data "@C:\Users\Eric\AppData\Roaming\MYHERI~1\Temp\datB439.tmp" --progress-bar --output "C:\Users\Eric\AppData\Roaming\MYHERI~1\Temp\outB43A.tmp" --stderr "C:\Users\Eric\AppData\Roaming\MYHERI~1\Temp\errB43B.tmp" -A "Family Tree Builder 8.0.0.8318"
---DATA:---
action=api-sync-pre-sync&site_admin=ericrborsheim@gmail.com&site_pwd=53d384b89203627f686e06fb83b9fc4bc572ec2c&project_guid=57FCA7416EAD763E2E06995A33EE916F&publishing_guid=&revision=0&client_program_version=8.0.0.8318&site_id=364175731&computer_name=DESKTOP-G4N757J&bin_log_transaction_offset=0
------------------------------------------------------------------------------------
[25 MAR 2017 20:01:40 GMT-8] Pre-Sync Connection result:
0 (WAIT_OBJECT_0)

------------------------------------------------------------------------------------
[25 MAR 2017 20:01:40 GMT-8] Pre-Sync Response:
<?xml version="1.0"?>
<Pre-sync site_id="364175731" project_guid="57FCA7416EAD763E2E06995A33EE916F" client_revision="0" is_synced_with_ftb="0"/>


====================================================================================
[25 MAR 2017 20:01:40 GMT-8] Downloading Binlog Commands - Preparing for execution...

====================================================================================
[25 MAR 2017 20:01:40 GMT-8] Downloading Binlog Commands Request:
"C:\PROGRA~2\MYHERI~1\Bin\FAMILY~2.EXE" https://www.myheritage.com/FP/API/FTB/ftb-api.php --data "@C:\Users\Eric\AppData\Roaming\MYHERI~1\Temp\datB749.tmp" --output "C:\Users\Eric\AppData\Roaming\MYHERI~1\Temp\outB74A.tmp" --stderr "C:\Users\Eric\AppData\Roaming\MYHERI~1\Temp\errB74B.tmp" -A "Family Tree Builder 8.0.0.8318"
---DATA:---
action=api-sync-get-bin-log-transactions&site_admin=ericrborsheim@gmail.com&site_pwd=53d384b89203627f686e06fb83b9fc4bc572ec2c&site_id=364175731&client_program_version=8.0.0.8318&project_guid=57FCA7416EAD763E2E06995A33EE916F&revision=0&offset=0&limit=1
------------------------------------------------------------------------------------
[25 MAR 2017 20:01:41 GMT-8] Downloading Binlog Commands Connection result:
0 (WAIT_OBJECT_0)

------------------------------------------------------------------------------------
[25 MAR 2017 20:01:41 GMT-8] Downloading Binlog Commands Response:
<?xml version="1.0"?>
<Get-bin-log-transactions site_id="364175731" project_guid="57FCA7416EAD763E2E06995A33EE916F" client_revision="0" is_synced_with_ftb="0" total="0">
  <transactions/>
</Get-bin-log-transactions>


====================================================================================
[26 MAR 2017 00:33:48 GMT-8] Pre-Sync - Preparing for execution...

====================================================================================
[26 MAR 2017 00:33:48 GMT-8] Pre-Sync Request:
"C:\PROGRA~2\MYHERI~1\Bin\FAMILY~2.EXE" https://www.myheritage.com/FP/API/FTB/ftb-api.php --data "@C:\Users\Eric\AppData\Roaming\MYHERI~1\Temp\datD969.tmp" --progress-bar --output "C:\Users\Eric\AppData\Roaming\MYHERI~1\Temp\outD96A.tmp" --stderr "C:\Users\Eric\AppData\Roaming\MYHERI~1\Temp\errD96B.tmp" -A "Family Tree Builder 8.0.0.8318"
---DATA:---
action=api-sync-pre-sync&site_admin=ericrborsheim@gmail.com&site_pwd=53d384b89203627f686e06fb83b9fc4bc572ec2c&project_guid=57FCA7416EAD763E2E06995A33EE916F&publishing_guid=&revision=0&client_program_version=8.0.0.8318&site_id=364175731&computer_name=DESKTOP-G4N757J&bin_log_transaction_offset=0
------------------------------------------------------------------------------------
[26 MAR 2017 00:33:48 GMT-8] Pre-Sync Connection result:
0 (WAIT_OBJECT_0)

------------------------------------------------------------------------------------
[26 MAR 2017 00:33:48 GMT-8] Pre-Sync Response:
<?xml version="1.0"?>
<Pre-sync site_id="364175731" project_guid="57FCA7416EAD763E2E06995A33EE916F" client_revision="0" is_synced_with_ftb="0"/>


====================================================================================
[26 MAR 2017 00:33:48 GMT-8] Downloading Binlog Commands - Preparing for execution...

====================================================================================
[26 MAR 2017 00:33:48 GMT-8] Downloading Binlog Commands Request:
"C:\PROGRA~2\MYHERI~1\Bin\FAMILY~2.EXE" https://www.myheritage.com/FP/API/FTB/ftb-api.php --data "@C:\Users\Eric\AppData\Roaming\MYHERI~1\Temp\datDC79.tmp" --output "C:\Users\Eric\AppData\Roaming\MYHERI~1\Temp\outDC7A.tmp" --stderr "C:\Users\Eric\AppData\Roaming\MYHERI~1\Temp\errDC7B.tmp" -A "Family Tree Builder 8.0.0.8318"
---DATA:---
action=api-sync-get-bin-log-transactions&site_admin=ericrborsheim@gmail.com&site_pwd=53d384b89203627f686e06fb83b9fc4bc572ec2c&site_id=364175731&client_program_version=8.0.0.8318&project_guid=57FCA7416EAD763E2E06995A33EE916F&revision=0&offset=0&limit=1
------------------------------------------------------------------------------------
[26 MAR 2017 00:33:49 GMT-8] Downloading Binlog Commands Connection result:
0 (WAIT_OBJECT_0)

------------------------------------------------------------------------------------
[26 MAR 2017 00:33:49 GMT-8] Downloading Binlog Commands Response:
<?xml version="1.0"?>
<Get-bin-log-transactions site_id="364175731" project_guid="57FCA7416EAD763E2E06995A33EE916F" client_revision="0" is_synced_with_ftb="0" total="0">
  <transactions/>
</Get-bin-log-transactions>


====================================================================================
[26 MAR 2017 17:16:47 GMT-8] Pre-Sync - Preparing for execution...

====================================================================================
[26 MAR 2017 17:16:47 GMT-8] Pre-Sync Request:
"C:\PROGRA~2\MYHERI~1\Bin\FAMILY~2.EXE" https://www.myheritage.com/FP/API/FTB/ftb-api.php --data "@C:\Users\Eric\AppData\Roaming\MYHERI~1\Temp\dat1CF9.tmp" --progress-bar --output "C:\Users\Eric\AppData\Roaming\MYHERI~1\Temp\out1CFA.tmp" --stderr "C:\Users\Eric\AppData\Roaming\MYHERI~1\Temp\err1CFB.tmp" -A "Family Tree Builder 8.0.0.8318"
---DATA:---
action=api-sync-pre-sync&site_admin=ericrborsheim@gmail.com&site_pwd=53d384b89203627f686e06fb83b9fc4bc572ec2c&project_guid=57FCA7416EAD763E2E06995A33EE916F&publishing_guid=&revision=0&client_program_version=8.0.0.8318&site_id=364175731&computer_name=DESKTOP-G4N757J&bin_log_transaction_offset=0
------------------------------------------------------------------------------------
[26 MAR 2017 17:16:48 GMT-8] Pre-Sync Connection result:
0 (WAIT_OBJECT_0)

------------------------------------------------------------------------------------
[26 MAR 2017 17:16:48 GMT-8] Pre-Sync Response:
<?xml version="1.0"?>
<Pre-sync site_id="364175731" project_guid="57FCA7416EAD763E2E06995A33EE916F" client_revision="0" is_synced_with_ftb="0"/>


====================================================================================
[26 MAR 2017 17:16:48 GMT-8] Downloading Binlog Commands - Preparing for execution...

====================================================================================
[26 MAR 2017 17:16:48 GMT-8] Downloading Binlog Commands Request:
"C:\PROGRA~2\MYHERI~1\Bin\FAMILY~2.EXE" https://www.myheritage.com/FP/API/FTB/ftb-api.php --data "@C:\Users\Eric\AppData\Roaming\MYHERI~1\Temp\dat2151.tmp" --output "C:\Users\Eric\AppData\Roaming\MYHERI~1\Temp\out2152.tmp" --stderr "C:\Users\Eric\AppData\Roaming\MYHERI~1\Temp\err2153.tmp" -A "Family Tree Builder 8.0.0.8318"
---DATA:---
action=api-sync-get-bin-log-transactions&site_admin=ericrborsheim@gmail.com&site_pwd=53d384b89203627f686e06fb83b9fc4bc572ec2c&site_id=364175731&client_program_version=8.0.0.8318&project_guid=57FCA7416EAD763E2E06995A33EE916F&revision=0&offset=0&limit=1
------------------------------------------------------------------------------------
[26 MAR 2017 17:16:49 GMT-8] Downloading Binlog Commands Connection result:
0 (WAIT_OBJECT_0)

------------------------------------------------------------------------------------
[26 MAR 2017 17:16:49 GMT-8] Downloading Binlog Commands Response:
<?xml version="1.0"?>
<Get-bin-log-transactions site_id="364175731" project_guid="57FCA7416EAD763E2E06995A33EE916F" client_revision="0" is_synced_with_ftb="0" total="0">
  <transactions/>
</Get-bin-log-transactions>


====================================================================================
[26 MAR 2017 19:17:39 GMT-8] Pre-Sync - Preparing for execution...

====================================================================================
[26 MAR 2017 19:17:39 GMT-8] Pre-Sync Request:
"C:\PROGRA~2\MYHERI~1\Bin\FAMILY~2.EXE" https://www.myheritage.com/FP/API/FTB/ftb-api.php --data "@C:\Users\Eric\AppData\Roaming\MYHERI~1\Temp\datC440.tmp" --progress-bar --output "C:\Users\Eric\AppData\Roaming\MYHERI~1\Temp\outC441.tmp" --stderr "C:\Users\Eric\AppData\Roaming\MYHERI~1\Temp\errC442.tmp" -A "Family Tree Builder 8.0.0.8318"
---DATA:---
action=api-sync-pre-sync&site_admin=ericrborsheim@gmail.com&site_pwd=53d384b89203627f686e06fb83b9fc4bc572ec2c&project_guid=57FCA7416EAD763E2E06995A33EE916F&publishing_guid=&revision=0&client_program_version=8.0.0.8318&site_id=364175731&computer_name=DESKTOP-G4N757J&bin_log_transaction_offset=0
------------------------------------------------------------------------------------
[26 MAR 2017 19:17:40 GMT-8] Pre-Sync Connection result:
0 (WAIT_OBJECT_0)

------------------------------------------------------------------------------------
[26 MAR 2017 19:17:40 GMT-8] Pre-Sync Response:
<?xml version="1.0"?>
<Pre-sync site_id="364175731" project_guid="57FCA7416EAD763E2E06995A33EE916F" client_revision="0" is_synced_with_ftb="0"/>


====================================================================================
[26 MAR 2017 19:17:40 GMT-8] Downloading Binlog Commands - Preparing for execution...

====================================================================================
[26 MAR 2017 19:17:40 GMT-8] Downloading Binlog Commands Request:
"C:\PROGRA~2\MYHERI~1\Bin\FAMILY~2.EXE" https://www.myheritage.com/FP/API/FTB/ftb-api.php --data "@C:\Users\Eric\AppData\Roaming\MYHERI~1\Temp\datC8B8.tmp" --output "C:\Users\Eric\AppData\Roaming\MYHERI~1\Temp\outC8B9.tmp" --stderr "C:\Users\Eric\AppData\Roaming\MYHERI~1\Temp\errC8C9.tmp" -A "Family Tree Builder 8.0.0.8318"
---DATA:---
action=api-sync-get-bin-log-transactions&site_admin=ericrborsheim@gmail.com&site_pwd=53d384b89203627f686e06fb83b9fc4bc572ec2c&site_id=364175731&client_program_version=8.0.0.8318&project_guid=57FCA7416EAD763E2E06995A33EE916F&revision=0&offset=0&limit=1
------------------------------------------------------------------------------------
[26 MAR 2017 19:17:41 GMT-8] Downloading Binlog Commands Connection result:
0 (WAIT_OBJECT_0)

------------------------------------------------------------------------------------
[26 MAR 2017 19:17:41 GMT-8] Downloading Binlog Commands Response:
<?xml version="1.0"?>
<Get-bin-log-transactions site_id="364175731" project_guid="57FCA7416EAD763E2E06995A33EE916F" client_revision="0" is_synced_with_ftb="0" total="0">
  <transactions/>
</Get-bin-log-transactions>


====================================================================================
[27 MAR 2017 15:07:06 GMT-8] Pre-Sync - Preparing for execution...

====================================================================================
[27 MAR 2017 15:07:07 GMT-8] Pre-Sync Request:
"C:\PROGRA~2\MYHERI~1\Bin\FAMILY~2.EXE" https://www.myheritage.com/FP/API/FTB/ftb-api.php --data "@C:\Users\Eric\AppData\Roaming\MYHERI~1\Temp\datC076.tmp" --progress-bar --output "C:\Users\Eric\AppData\Roaming\MYHERI~1\Temp\outC077.tmp" --stderr "C:\Users\Eric\AppData\Roaming\MYHERI~1\Temp\errC078.tmp" -A "Family Tree Builder 8.0.0.8318"
---DATA:---
action=api-sync-pre-sync&site_admin=ericrborsheim@gmail.com&site_pwd=53d384b89203627f686e06fb83b9fc4bc572ec2c&project_guid=57FCA7416EAD763E2E06995A33EE916F&publishing_guid=&revision=0&client_program_version=8.0.0.8318&site_id=364175731&computer_name=DESKTOP-G4N757J&bin_log_transaction_offset=0
------------------------------------------------------------------------------------
[27 MAR 2017 15:07:08 GMT-8] Pre-Sync Connection result:
0 (WAIT_OBJECT_0)

------------------------------------------------------------------------------------
[27 MAR 2017 15:07:08 GMT-8] Pre-Sync Response:
<?xml version="1.0"?>
<Pre-sync site_id="364175731" project_guid="57FCA7416EAD763E2E06995A33EE916F" client_revision="0" is_synced_with_ftb="0"/>


====================================================================================
[27 MAR 2017 15:07:08 GMT-8] Downloading Binlog Commands - Preparing for execution...

====================================================================================
[27 MAR 2017 15:07:08 GMT-8] Downloading Binlog Commands Request:
"C:\PROGRA~2\MYHERI~1\Bin\FAMILY~2.EXE" https://www.myheritage.com/FP/API/FTB/ftb-api.php --data "@C:\Users\Eric\AppData\Roaming\MYHERI~1\Temp\datC66A.tmp" --output "C:\Users\Eric\AppData\Roaming\MYHERI~1\Temp\outC66B.tmp" --stderr "C:\Users\Eric\AppData\Roaming\MYHERI~1\Temp\errC66C.tmp" -A "Family Tree Builder 8.0.0.8318"
---DATA:---
action=api-sync-get-bin-log-transactions&site_admin=ericrborsheim@gmail.com&site_pwd=53d384b89203627f686e06fb83b9fc4bc572ec2c&site_id=364175731&client_program_version=8.0.0.8318&project_guid=57FCA7416EAD763E2E06995A33EE916F&revision=0&offset=0&limit=1
------------------------------------------------------------------------------------
[27 MAR 2017 15:07:09 GMT-8] Downloading Binlog Commands Connection result:
0 (WAIT_OBJECT_0)

------------------------------------------------------------------------------------
[27 MAR 2017 15:07:09 GMT-8] Downloading Binlog Commands Response:
<?xml version="1.0"?>
<Get-bin-log-transactions site_id="364175731" project_guid="57FCA7416EAD763E2E06995A33EE916F" client_revision="0" is_synced_with_ftb="0" total="0">
  <transactions/>
</Get-bin-log-transactions>


====================================================================================
[28 MAR 2017 23:56:35 GMT-8] Pre-Sync - Preparing for execution...

====================================================================================
[28 MAR 2017 23:56:35 GMT-8] Pre-Sync Request:
"C:\PROGRA~2\MYHERI~1\Bin\FAMILY~2.EXE" https://www.myheritage.com/FP/API/FTB/ftb-api.php --data "@C:\Users\Eric\AppData\Roaming\MYHERI~1\Temp\datDC38.tmp" --progress-bar --output "C:\Users\Eric\AppData\Roaming\MYHERI~1\Temp\outDC39.tmp" --stderr "C:\Users\Eric\AppData\Roaming\MYHERI~1\Temp\errDC3A.tmp" -A "Family Tree Builder 8.0.0.8318"
---DATA:---
action=api-sync-pre-sync&site_admin=ericrborsheim@gmail.com&site_pwd=53d384b89203627f686e06fb83b9fc4bc572ec2c&project_guid=57FCA7416EAD763E2E06995A33EE916F&publishing_guid=&revision=0&client_program_version=8.0.0.8318&site_id=364175731&computer_name=DESKTOP-G4N757J&bin_log_transaction_offset=0
------------------------------------------------------------------------------------
[28 MAR 2017 23:56:36 GMT-8] Pre-Sync Connection result:
0 (WAIT_OBJECT_0)

------------------------------------------------------------------------------------
[28 MAR 2017 23:56:36 GMT-8] Pre-Sync Response:
<?xml version="1.0"?>
<Pre-sync site_id="364175731" project_guid="57FCA7416EAD763E2E06995A33EE916F" client_revision="0" is_synced_with_ftb="0"/>


====================================================================================
[28 MAR 2017 23:56:36 GMT-8] Downloading Binlog Commands - Preparing for execution...

====================================================================================
[28 MAR 2017 23:56:36 GMT-8] Downloading Binlog Commands Request:
"C:\PROGRA~2\MYHERI~1\Bin\FAMILY~2.EXE" https://www.myheritage.com/FP/API/FTB/ftb-api.php --data "@C:\Users\Eric\AppData\Roaming\MYHERI~1\Temp\datE090.tmp" --output "C:\Users\Eric\AppData\Roaming\MYHERI~1\Temp\outE091.tmp" --stderr "C:\Users\Eric\AppData\Roaming\MYHERI~1\Temp\errE092.tmp" -A "Family Tree Builder 8.0.0.8318"
---DATA:---
action=api-sync-get-bin-log-transactions&site_admin=ericrborsheim@gmail.com&site_pwd=53d384b89203627f686e06fb83b9fc4bc572ec2c&site_id=364175731&client_program_version=8.0.0.8318&project_guid=57FCA7416EAD763E2E06995A33EE916F&revision=0&offset=0&limit=1
------------------------------------------------------------------------------------
[28 MAR 2017 23:56:37 GMT-8] Downloading Binlog Commands Connection result:
0 (WAIT_OBJECT_0)

------------------------------------------------------------------------------------
[28 MAR 2017 23:56:37 GMT-8] Downloading Binlog Commands Response:
<?xml version="1.0"?>
<Get-bin-log-transactions site_id="364175731" project_guid="57FCA7416EAD763E2E06995A33EE916F" client_revision="0" is_synced_with_ftb="0" total="0">
  <transactions/>
</Get-bin-log-transactions>


====================================================================================
[29 MAR 2017 21:05:27 GMT-8] Pre-Sync - Preparing for execution...

====================================================================================
[29 MAR 2017 21:05:27 GMT-8] Pre-Sync Request:
"C:\PROGRA~2\MYHERI~1\Bin\FAMILY~2.EXE" https://www.myheritage.com/FP/API/FTB/ftb-api.php --data "@C:\Users\Eric\AppData\Roaming\MYHERI~1\Temp\dat8AD8.tmp" --progress-bar --output "C:\Users\Eric\AppData\Roaming\MYHERI~1\Temp\out8AD9.tmp" --stderr "C:\Users\Eric\AppData\Roaming\MYHERI~1\Temp\err8ADA.tmp" -A "Family Tree Builder 8.0.0.8318"
---DATA:---
action=api-sync-pre-sync&site_admin=ericrborsheim@gmail.com&site_pwd=53d384b89203627f686e06fb83b9fc4bc572ec2c&project_guid=57FCA7416EAD763E2E06995A33EE916F&publishing_guid=&revision=0&client_program_version=8.0.0.8318&site_id=364175731&computer_name=DESKTOP-G4N757J&bin_log_transaction_offset=0
------------------------------------------------------------------------------------
[29 MAR 2017 21:05:29 GMT-8] Pre-Sync Connection result:
0 (WAIT_OBJECT_0)

------------------------------------------------------------------------------------
[29 MAR 2017 21:05:29 GMT-8] Pre-Sync Response:
<?xml version="1.0"?>
<Pre-sync site_id="364175731" project_guid="57FCA7416EAD763E2E06995A33EE916F" client_revision="0" is_synced_with_ftb="0"/>


====================================================================================
[29 MAR 2017 21:05:29 GMT-8] Downloading Binlog Commands - Preparing for execution...

====================================================================================
[29 MAR 2017 21:05:29 GMT-8] Downloading Binlog Commands Request:
"C:\PROGRA~2\MYHERI~1\Bin\FAMILY~2.EXE" https://www.myheritage.com/FP/API/FTB/ftb-api.php --data "@C:\Users\Eric\AppData\Roaming\MYHERI~1\Temp\dat925D.tmp" --output "C:\Users\Eric\AppData\Roaming\MYHERI~1\Temp\out925E.tmp" --stderr "C:\Users\Eric\AppData\Roaming\MYHERI~1\Temp\err925F.tmp" -A "Family Tree Builder 8.0.0.8318"
---DATA:---
action=api-sync-get-bin-log-transactions&site_admin=ericrborsheim@gmail.com&site_pwd=53d384b89203627f686e06fb83b9fc4bc572ec2c&site_id=364175731&client_program_version=8.0.0.8318&project_guid=57FCA7416EAD763E2E06995A33EE916F&revision=0&offset=0&limit=1
------------------------------------------------------------------------------------
[29 MAR 2017 21:05:30 GMT-8] Downloading Binlog Commands Connection result:
0 (WAIT_OBJECT_0)

------------------------------------------------------------------------------------
[29 MAR 2017 21:05:30 GMT-8] Downloading Binlog Commands Response:
<?xml version="1.0"?>
<Get-bin-log-transactions site_id="364175731" project_guid="57FCA7416EAD763E2E06995A33EE916F" client_revision="0" is_synced_with_ftb="0" total="0">
  <transactions/>
</Get-bin-log-transactions>


====================================================================================
[30 MAR 2017 21:04:50 GMT-8] Pre-Sync - Preparing for execution...

====================================================================================
[30 MAR 2017 21:04:50 GMT-8] Pre-Sync Request:
"C:\PROGRA~2\MYHERI~1\Bin\FAMILY~2.EXE" https://www.myheritage.com/FP/API/FTB/ftb-api.php --data "@C:\Users\Eric\AppData\Roaming\MYHERI~1\Temp\dat57A8.tmp" --progress-bar --output "C:\Users\Eric\AppData\Roaming\MYHERI~1\Temp\out57A9.tmp" --stderr "C:\Users\Eric\AppData\Roaming\MYHERI~1\Temp\err57AA.tmp" -A "Family Tree Builder 8.0.0.8318"
---DATA:---
action=api-sync-pre-sync&site_admin=ericrborsheim@gmail.com&site_pwd=53d384b89203627f686e06fb83b9fc4bc572ec2c&project_guid=57FCA7416EAD763E2E06995A33EE916F&publishing_guid=&revision=0&client_program_version=8.0.0.8318&site_id=364175731&computer_name=DESKTOP-G4N757J&bin_log_transaction_offset=0
------------------------------------------------------------------------------------
[30 MAR 2017 21:04:54 GMT-8] Pre-Sync Connection result:
0 (WAIT_OBJECT_0)

------------------------------------------------------------------------------------
[30 MAR 2017 21:04:54 GMT-8] Pre-Sync Response:
<?xml version="1.0"?>
<Pre-sync site_id="364175731" project_guid="57FCA7416EAD763E2E06995A33EE916F" client_revision="0" is_synced_with_ftb="0"/>


====================================================================================
[30 MAR 2017 21:04:54 GMT-8] Downloading Binlog Commands - Preparing for execution...

====================================================================================
[30 MAR 2017 21:04:54 GMT-8] Downloading Binlog Commands Request:
"C:\PROGRA~2\MYHERI~1\Bin\FAMILY~2.EXE" https://www.myheritage.com/FP/API/FTB/ftb-api.php --data "@C:\Users\Eric\AppData\Roaming\MYHERI~1\Temp\dat673D.tmp" --output "C:\Users\Eric\AppData\Roaming\MYHERI~1\Temp\out673E.tmp" --stderr "C:\Users\Eric\AppData\Roaming\MYHERI~1\Temp\err673F.tmp" -A "Family Tree Builder 8.0.0.8318"
---DATA:---
action=api-sync-get-bin-log-transactions&site_admin=ericrborsheim@gmail.com&site_pwd=53d384b89203627f686e06fb83b9fc4bc572ec2c&site_id=364175731&client_program_version=8.0.0.8318&project_guid=57FCA7416EAD763E2E06995A33EE916F&revision=0&offset=0&limit=1
------------------------------------------------------------------------------------
[30 MAR 2017 21:04:56 GMT-8] Downloading Binlog Commands Connection result:
0 (WAIT_OBJECT_0)

------------------------------------------------------------------------------------
[30 MAR 2017 21:04:56 GMT-8] Downloading Binlog Commands Response:
<?xml version="1.0"?>
<Get-bin-log-transactions site_id="364175731" project_guid="57FCA7416EAD763E2E06995A33EE916F" client_revision="0" is_synced_with_ftb="0" total="0">
  <transactions/>
</Get-bin-log-transactions>


====================================================================================
[05 APR 2017 00:14:36 GMT-8] Pre-Sync - Preparing for execution...

====================================================================================
[05 APR 2017 00:14:36 GMT-8] Pre-Sync Request:
"C:\PROGRA~2\MYHERI~1\Bin\FAMILY~2.EXE" https://www.myheritage.com/FP/API/FTB/ftb-api.php --data "@C:\Users\Eric\AppData\Roaming\MYHERI~1\Temp\dat9D49.tmp" --progress-bar --output "C:\Users\Eric\AppData\Roaming\MYHERI~1\Temp\out9D59.tmp" --stderr "C:\Users\Eric\AppData\Roaming\MYHERI~1\Temp\err9D5A.tmp" -A "Family Tree Builder 8.0.0.8318"
---DATA:---
action=api-sync-pre-sync&site_admin=ericrborsheim@gmail.com&site_pwd=53d384b89203627f686e06fb83b9fc4bc572ec2c&project_guid=57FCA7416EAD763E2E06995A33EE916F&publishing_guid=&revision=0&client_program_version=8.0.0.8318&site_id=364175731&computer_name=DESKTOP-G4N757J&bin_log_transaction_offset=0
------------------------------------------------------------------------------------
[05 APR 2017 00:14:37 GMT-8] Pre-Sync Connection result:
0 (WAIT_OBJECT_0)

------------------------------------------------------------------------------------
[05 APR 2017 00:14:37 GMT-8] Pre-Sync Response:
<?xml version="1.0"?>
<Pre-sync site_id="364175731" project_guid="57FCA7416EAD763E2E06995A33EE916F" client_revision="0" is_synced_with_ftb="0"/>


====================================================================================
[05 APR 2017 00:14:37 GMT-8] Downloading Binlog Commands - Preparing for execution...

====================================================================================
[05 APR 2017 00:14:37 GMT-8] Downloading Binlog Commands Request:
"C:\PROGRA~2\MYHERI~1\Bin\FAMILY~2.EXE" https://www.myheritage.com/FP/API/FTB/ftb-api.php --data "@C:\Users\Eric\AppData\Roaming\MYHERI~1\Temp\dat9FFB.tmp" --output "C:\Users\Eric\AppData\Roaming\MYHERI~1\Temp\out9FFC.tmp" --stderr "C:\Users\Eric\AppData\Roaming\MYHERI~1\Temp\err9FFD.tmp" -A "Family Tree Builder 8.0.0.8318"
---DATA:---
action=api-sync-get-bin-log-transactions&site_admin=ericrborsheim@gmail.com&site_pwd=53d384b89203627f686e06fb83b9fc4bc572ec2c&site_id=364175731&client_program_version=8.0.0.8318&project_guid=57FCA7416EAD763E2E06995A33EE916F&revision=0&offset=0&limit=1
------------------------------------------------------------------------------------
[05 APR 2017 00:14:37 GMT-8] Downloading Binlog Commands Connection result:
0 (WAIT_OBJECT_0)

------------------------------------------------------------------------------------
[05 APR 2017 00:14:37 GMT-8] Downloading Binlog Commands Response:
<?xml version="1.0"?>
<Get-bin-log-transactions site_id="364175731" project_guid="57FCA7416EAD763E2E06995A33EE916F" client_revision="0" is_synced_with_ftb="0" total="0">
  <transactions/>
</Get-bin-log-transactions>


====================================================================================
[07 APR 2017 17:08:56 GMT-8] Pre-Sync - Preparing for execution...

====================================================================================
[07 APR 2017 17:08:56 GMT-8] Pre-Sync Request:
"C:\PROGRA~2\MYHERI~1\Bin\FAMILY~2.EXE" https://www.myheritage.com/FP/API/FTB/ftb-api.php --data "@C:\Users\Eric\AppData\Roaming\MYHERI~1\Temp\datFB8A.tmp" --progress-bar --output "C:\Users\Eric\AppData\Roaming\MYHERI~1\Temp\outFB8B.tmp" --stderr "C:\Users\Eric\AppData\Roaming\MYHERI~1\Temp\errFB8C.tmp" -A "Family Tree Builder 8.0.0.8318"
---DATA:---
action=api-sync-pre-sync&site_admin=ericrborsheim@gmail.com&site_pwd=53d384b89203627f686e06fb83b9fc4bc572ec2c&project_guid=57FCA7416EAD763E2E06995A33EE916F&publishing_guid=&revision=0&client_program_version=8.0.0.8318&site_id=364175731&computer_name=DESKTOP-G4N757J&bin_log_transaction_offset=0
------------------------------------------------------------------------------------
[07 APR 2017 17:08:58 GMT-8] Pre-Sync Connection result:
0 (WAIT_OBJECT_0)

------------------------------------------------------------------------------------
[07 APR 2017 17:08:58 GMT-8] Pre-Sync Response:
<?xml version="1.0"?>
<Pre-sync site_id="364175731" project_guid="57FCA7416EAD763E2E06995A33EE916F" client_revision="0" is_synced_with_ftb="0"/>


====================================================================================
[07 APR 2017 17:08:58 GMT-8] Downloading Binlog Commands - Preparing for execution...

====================================================================================
[07 APR 2017 17:08:59 GMT-8] Downloading Binlog Commands Request:
"C:\PROGRA~2\MYHERI~1\Bin\FAMILY~2.EXE" https://www.myheritage.com/FP/API/FTB/ftb-api.php --data "@C:\Users\Eric\AppData\Roaming\MYHERI~1\Temp\dat4E3.tmp" --output "C:\Users\Eric\AppData\Roaming\MYHERI~1\Temp\out4F4.tmp" --stderr "C:\Users\Eric\AppData\Roaming\MYHERI~1\Temp\err4F5.tmp" -A "Family Tree Builder 8.0.0.8318"
---DATA:---
action=api-sync-get-bin-log-transactions&site_admin=ericrborsheim@gmail.com&site_pwd=53d384b89203627f686e06fb83b9fc4bc572ec2c&site_id=364175731&client_program_version=8.0.0.8318&project_guid=57FCA7416EAD763E2E06995A33EE916F&revision=0&offset=0&limit=1
------------------------------------------------------------------------------------
[07 APR 2017 17:08:59 GMT-8] Downloading Binlog Commands Connection result:
0 (WAIT_OBJECT_0)

------------------------------------------------------------------------------------
[07 APR 2017 17:08:59 GMT-8] Downloading Binlog Commands Response:
<?xml version="1.0"?>
<Get-bin-log-transactions site_id="364175731" project_guid="57FCA7416EAD763E2E06995A33EE916F" client_revision="0" is_synced_with_ftb="0" total="0">
  <transactions/>
</Get-bin-log-transactions>


====================================================================================
[07 APR 2017 23:08:33 GMT-8] Pre-Sync - Preparing for execution...

====================================================================================
[07 APR 2017 23:08:33 GMT-8] Pre-Sync Request:
"C:\PROGRA~2\MYHERI~1\Bin\FAMILY~2.EXE" https://www.myheritage.com/FP/API/FTB/ftb-api.php --data "@C:\Users\Eric\AppData\Roaming\MYHERI~1\Temp\dat36EC.tmp" --progress-bar --output "C:\Users\Eric\AppData\Roaming\MYHERI~1\Temp\out36ED.tmp" --stderr "C:\Users\Eric\AppData\Roaming\MYHERI~1\Temp\err36EE.tmp" -A "Family Tree Builder 8.0.0.8318"
---DATA:---
action=api-sync-pre-sync&site_admin=ericrborsheim@gmail.com&site_pwd=53d384b89203627f686e06fb83b9fc4bc572ec2c&project_guid=57FCA7416EAD763E2E06995A33EE916F&publishing_guid=&revision=0&client_program_version=8.0.0.8318&site_id=364175731&computer_name=DESKTOP-G4N757J&bin_log_transaction_offset=0
------------------------------------------------------------------------------------
[07 APR 2017 23:08:33 GMT-8] Pre-Sync Connection result:
0 (WAIT_OBJECT_0)

------------------------------------------------------------------------------------
[07 APR 2017 23:08:33 GMT-8] Pre-Sync Response:
<?xml version="1.0"?>
<Pre-sync site_id="364175731" project_guid="57FCA7416EAD763E2E06995A33EE916F" client_revision="0" is_synced_with_ftb="0"/>


====================================================================================
[07 APR 2017 23:08:33 GMT-8] Downloading Binlog Commands - Preparing for execution...

====================================================================================
[07 APR 2017 23:08:33 GMT-8] Downloading Binlog Commands Request:
"C:\PROGRA~2\MYHERI~1\Bin\FAMILY~2.EXE" https://www.myheritage.com/FP/API/FTB/ftb-api.php --data "@C:\Users\Eric\AppData\Roaming\MYHERI~1\Temp\dat39DD.tmp" --output "C:\Users\Eric\AppData\Roaming\MYHERI~1\Temp\out39DE.tmp" --stderr "C:\Users\Eric\AppData\Roaming\MYHERI~1\Temp\err39DF.tmp" -A "Family Tree Builder 8.0.0.8318"
---DATA:---
action=api-sync-get-bin-log-transactions&site_admin=ericrborsheim@gmail.com&site_pwd=53d384b89203627f686e06fb83b9fc4bc572ec2c&site_id=364175731&client_program_version=8.0.0.8318&project_guid=57FCA7416EAD763E2E06995A33EE916F&revision=0&offset=0&limit=1
------------------------------------------------------------------------------------
[07 APR 2017 23:08:34 GMT-8] Downloading Binlog Commands Connection result:
0 (WAIT_OBJECT_0)

------------------------------------------------------------------------------------
[07 APR 2017 23:08:34 GMT-8] Downloading Binlog Commands Response:
<?xml version="1.0"?>
<Get-bin-log-transactions site_id="364175731" project_guid="57FCA7416EAD763E2E06995A33EE916F" client_revision="0" is_synced_with_ftb="0" total="0">
  <transactions/>
</Get-bin-log-transactions>


====================================================================================
[09 APR 2017 17:08:42 GMT-8] Pre-Sync - Preparing for execution...

====================================================================================
[09 APR 2017 17:08:42 GMT-8] Pre-Sync Request:
"C:\PROGRA~2\MYHERI~1\Bin\FAMILY~2.EXE" https://www.myheritage.com/FP/API/FTB/ftb-api.php --data "@C:\Users\Eric\AppData\Roaming\MYHERI~1\Temp\dat7CB7.tmp" --progress-bar --output "C:\Users\Eric\AppData\Roaming\MYHERI~1\Temp\out7CC8.tmp" --stderr "C:\Users\Eric\AppData\Roaming\MYHERI~1\Temp\err7CC9.tmp" -A "Family Tree Builder 8.0.0.8318"
---DATA:---
action=api-sync-pre-sync&site_admin=ericrborsheim@gmail.com&site_pwd=53d384b89203627f686e06fb83b9fc4bc572ec2c&project_guid=57FCA7416EAD763E2E06995A33EE916F&publishing_guid=&revision=0&client_program_version=8.0.0.8318&site_id=364175731&computer_name=DESKTOP-G4N757J&bin_log_transaction_offset=0
------------------------------------------------------------------------------------
[09 APR 2017 17:08:43 GMT-8] Pre-Sync Connection result:
0 (WAIT_OBJECT_0)

------------------------------------------------------------------------------------
[09 APR 2017 17:08:43 GMT-8] Pre-Sync Response:
<?xml version="1.0"?>
<Pre-sync site_id="364175731" project_guid="57FCA7416EAD763E2E06995A33EE916F" client_revision="0" is_synced_with_ftb="0"/>


====================================================================================
[09 APR 2017 17:08:43 GMT-8] Downloading Binlog Commands - Preparing for execution...

====================================================================================
[09 APR 2017 17:08:43 GMT-8] Downloading Binlog Commands Request:
"C:\PROGRA~2\MYHERI~1\Bin\FAMILY~2.EXE" https://www.myheritage.com/FP/API/FTB/ftb-api.php --data "@C:\Users\Eric\AppData\Roaming\MYHERI~1\Temp\dat7FC8.tmp" --output "C:\Users\Eric\AppData\Roaming\MYHERI~1\Temp\out7FC9.tmp" --stderr "C:\Users\Eric\AppData\Roaming\MYHERI~1\Temp\err7FCA.tmp" -A "Family Tree Builder 8.0.0.8318"
---DATA:---
action=api-sync-get-bin-log-transactions&site_admin=ericrborsheim@gmail.com&site_pwd=53d384b89203627f686e06fb83b9fc4bc572ec2c&site_id=364175731&client_program_version=8.0.0.8318&project_guid=57FCA7416EAD763E2E06995A33EE916F&revision=0&offset=0&limit=1
------------------------------------------------------------------------------------
[09 APR 2017 17:08:44 GMT-8] Downloading Binlog Commands Connection result:
0 (WAIT_OBJECT_0)

------------------------------------------------------------------------------------
[09 APR 2017 17:08:44 GMT-8] Downloading Binlog Commands Response:
<?xml version="1.0"?>
<Get-bin-log-transactions site_id="364175731" project_guid="57FCA7416EAD763E2E06995A33EE916F" client_revision="0" is_synced_with_ftb="0" total="0">
  <transactions/>
</Get-bin-log-transactions>


====================================================================================
[09 APR 2017 19:37:52 GMT-8] Pre-Sync - Preparing for execution...

====================================================================================
[09 APR 2017 19:37:53 GMT-8] Pre-Sync Request:
"C:\PROGRA~2\MYHERI~1\Bin\FAMILY~2.EXE" https://www.myheritage.com/FP/API/FTB/ftb-api.php --data "@C:\Users\Eric\AppData\Roaming\MYHERI~1\Temp\datF7E.tmp" --progress-bar --output "C:\Users\Eric\AppData\Roaming\MYHERI~1\Temp\outF8F.tmp" --stderr "C:\Users\Eric\AppData\Roaming\MYHERI~1\Temp\errFAF.tmp" -A "Family Tree Builder 8.0.0.8318"
---DATA:---
action=api-sync-pre-sync&site_admin=ericrborsheim@gmail.com&site_pwd=53d384b89203627f686e06fb83b9fc4bc572ec2c&project_guid=57FCA7416EAD763E2E06995A33EE916F&publishing_guid=&revision=0&client_program_version=8.0.0.8318&site_id=364175731&computer_name=DESKTOP-G4N757J&bin_log_transaction_offset=0
------------------------------------------------------------------------------------
[09 APR 2017 19:37:53 GMT-8] Pre-Sync Connection result:
0 (WAIT_OBJECT_0)

------------------------------------------------------------------------------------
[09 APR 2017 19:37:53 GMT-8] Pre-Sync Response:
<?xml version="1.0"?>
<Pre-sync site_id="364175731" project_guid="57FCA7416EAD763E2E06995A33EE916F" client_revision="0" is_synced_with_ftb="0"/>


====================================================================================
[09 APR 2017 19:37:54 GMT-8] Downloading Binlog Commands - Preparing for execution...

====================================================================================
[09 APR 2017 19:37:54 GMT-8] Downloading Binlog Commands Request:
"C:\PROGRA~2\MYHERI~1\Bin\FAMILY~2.EXE" https://www.myheritage.com/FP/API/FTB/ftb-api.php --data "@C:\Users\Eric\AppData\Roaming\MYHERI~1\Temp\dat134A.tmp" --output "C:\Users\Eric\AppData\Roaming\MYHERI~1\Temp\out134B.tmp" --stderr "C:\Users\Eric\AppData\Roaming\MYHERI~1\Temp\err134C.tmp" -A "Family Tree Builder 8.0.0.8318"
---DATA:---
action=api-sync-get-bin-log-transactions&site_admin=ericrborsheim@gmail.com&site_pwd=53d384b89203627f686e06fb83b9fc4bc572ec2c&site_id=364175731&client_program_version=8.0.0.8318&project_guid=57FCA7416EAD763E2E06995A33EE916F&revision=0&offset=0&limit=1
------------------------------------------------------------------------------------
[09 APR 2017 19:37:55 GMT-8] Downloading Binlog Commands Connection result:
0 (WAIT_OBJECT_0)

------------------------------------------------------------------------------------
[09 APR 2017 19:37:55 GMT-8] Downloading Binlog Commands Response:
<?xml version="1.0"?>
<Get-bin-log-transactions site_id="364175731" project_guid="57FCA7416EAD763E2E06995A33EE916F" client_revision="0" is_synced_with_ftb="0" total="0">
  <transactions/>
</Get-bin-log-transactions>


====================================================================================
[10 APR 2017 18:34:54 GMT-8] Pre-Sync - Preparing for execution...

====================================================================================
[10 APR 2017 18:34:55 GMT-8] Pre-Sync Request:
"C:\PROGRA~2\MYHERI~1\Bin\FAMILY~2.EXE" https://www.myheritage.com/FP/API/FTB/ftb-api.php --data "@C:\Users\Eric\AppData\Roaming\MYHERI~1\Temp\datC2CE.tmp" --progress-bar --output "C:\Users\Eric\AppData\Roaming\MYHERI~1\Temp\outC2CF.tmp" --stderr "C:\Users\Eric\AppData\Roaming\MYHERI~1\Temp\errC2D0.tmp" -A "Family Tree Builder 8.0.0.8318"
---DATA:---
action=api-sync-pre-sync&site_admin=ericrborsheim@gmail.com&site_pwd=53d384b89203627f686e06fb83b9fc4bc572ec2c&project_guid=57FCA7416EAD763E2E06995A33EE916F&publishing_guid=&revision=0&client_program_version=8.0.0.8318&site_id=364175731&computer_name=DESKTOP-G4N757J&bin_log_transaction_offset=0
------------------------------------------------------------------------------------
[10 APR 2017 18:34:55 GMT-8] Pre-Sync Connection result:
0 (WAIT_OBJECT_0)

------------------------------------------------------------------------------------
[10 APR 2017 18:34:55 GMT-8] Pre-Sync Response:
<?xml version="1.0"?>
<Pre-sync site_id="364175731" project_guid="57FCA7416EAD763E2E06995A33EE916F" client_revision="0" is_synced_with_ftb="0"/>


====================================================================================
[10 APR 2017 18:34:55 GMT-8] Downloading Binlog Commands - Preparing for execution...

====================================================================================
[10 APR 2017 18:34:55 GMT-8] Downloading Binlog Commands Request:
"C:\PROGRA~2\MYHERI~1\Bin\FAMILY~2.EXE" https://www.myheritage.com/FP/API/FTB/ftb-api.php --data "@C:\Users\Eric\AppData\Roaming\MYHERI~1\Temp\datC542.tmp" --output "C:\Users\Eric\AppData\Roaming\MYHERI~1\Temp\outC552.tmp" --stderr "C:\Users\Eric\AppData\Roaming\MYHERI~1\Temp\errC553.tmp" -A "Family Tree Builder 8.0.0.8318"
---DATA:---
action=api-sync-get-bin-log-transactions&site_admin=ericrborsheim@gmail.com&site_pwd=53d384b89203627f686e06fb83b9fc4bc572ec2c&site_id=364175731&client_program_version=8.0.0.8318&project_guid=57FCA7416EAD763E2E06995A33EE916F&revision=0&offset=0&limit=1
------------------------------------------------------------------------------------
[10 APR 2017 18:34:56 GMT-8] Downloading Binlog Commands Connection result:
0 (WAIT_OBJECT_0)

------------------------------------------------------------------------------------
[10 APR 2017 18:34:56 GMT-8] Downloading Binlog Commands Response:
<?xml version="1.0"?>
<Get-bin-log-transactions site_id="364175731" project_guid="57FCA7416EAD763E2E06995A33EE916F" client_revision="0" is_synced_with_ftb="0" total="0">
  <transactions/>
</Get-bin-log-transactions>


====================================================================================
[11 APR 2017 22:30:54 GMT-8] Pre-Sync - Preparing for execution...

====================================================================================
[11 APR 2017 22:30:54 GMT-8] Pre-Sync Request:
"C:\PROGRA~2\MYHERI~1\Bin\FAMILY~2.EXE" https://www.myheritage.com/FP/API/FTB/ftb-api.php --data "@C:\Users\Eric\AppData\Roaming\MYHERI~1\Temp\dat2C50.tmp" --progress-bar --output "C:\Users\Eric\AppData\Roaming\MYHERI~1\Temp\out2C61.tmp" --stderr "C:\Users\Eric\AppData\Roaming\MYHERI~1\Temp\err2C62.tmp" -A "Family Tree Builder 8.0.0.8318"
---DATA:---
action=api-sync-pre-sync&site_admin=ericrborsheim@gmail.com&site_pwd=53d384b89203627f686e06fb83b9fc4bc572ec2c&project_guid=57FCA7416EAD763E2E06995A33EE916F&publishing_guid=&revision=0&client_program_version=8.0.0.8318&site_id=364175731&computer_name=DESKTOP-G4N757J&bin_log_transaction_offset=0
------------------------------------------------------------------------------------
[11 APR 2017 22:30:55 GMT-8] Pre-Sync Connection result:
0 (WAIT_OBJECT_0)

------------------------------------------------------------------------------------
[11 APR 2017 22:30:55 GMT-8] Pre-Sync Response:
<?xml version="1.0"?>
<Pre-sync site_id="364175731" project_guid="57FCA7416EAD763E2E06995A33EE916F" client_revision="0" is_synced_with_ftb="0"/>


====================================================================================
[11 APR 2017 22:30:55 GMT-8] Downloading Binlog Commands - Preparing for execution...

====================================================================================
[11 APR 2017 22:30:55 GMT-8] Downloading Binlog Commands Request:
"C:\PROGRA~2\MYHERI~1\Bin\FAMILY~2.EXE" https://www.myheritage.com/FP/API/FTB/ftb-api.php --data "@C:\Users\Eric\AppData\Roaming\MYHERI~1\Temp\dat305A.tmp" --output "C:\Users\Eric\AppData\Roaming\MYHERI~1\Temp\out305B.tmp" --stderr "C:\Users\Eric\AppData\Roaming\MYHERI~1\Temp\err305C.tmp" -A "Family Tree Builder 8.0.0.8318"
---DATA:---
action=api-sync-get-bin-log-transactions&site_admin=ericrborsheim@gmail.com&site_pwd=53d384b89203627f686e06fb83b9fc4bc572ec2c&site_id=364175731&client_program_version=8.0.0.8318&project_guid=57FCA7416EAD763E2E06995A33EE916F&revision=0&offset=0&limit=1
------------------------------------------------------------------------------------
[11 APR 2017 22:30:56 GMT-8] Downloading Binlog Commands Connection result:
0 (WAIT_OBJECT_0)

------------------------------------------------------------------------------------
[11 APR 2017 22:30:56 GMT-8] Downloading Binlog Commands Response:
<?xml version="1.0"?>
<Get-bin-log-transactions site_id="364175731" project_guid="57FCA7416EAD763E2E06995A33EE916F" client_revision="0" is_synced_with_ftb="0" total="0">
  <transactions/>
</Get-bin-log-transactions>


====================================================================================
[17 APR 2017 01:47:43 GMT-8] Pre-Sync - Preparing for execution...

====================================================================================
[17 APR 2017 01:47:43 GMT-8] Pre-Sync Request:
"C:\PROGRA~2\MYHERI~1\Bin\FAMILY~2.EXE" https://www.myheritage.com/FP/API/FTB/ftb-api.php --data "@C:\Users\Eric\AppData\Roaming\MYHERI~1\Temp\dat8EDC.tmp" --progress-bar --output "C:\Users\Eric\AppData\Roaming\MYHERI~1\Temp\out8EDD.tmp" --stderr "C:\Users\Eric\AppData\Roaming\MYHERI~1\Temp\err8EDE.tmp" -A "Family Tree Builder 8.0.0.8318"
---DATA:---
action=api-sync-pre-sync&site_admin=ericrborsheim@gmail.com&site_pwd=53d384b89203627f686e06fb83b9fc4bc572ec2c&project_guid=57FCA7416EAD763E2E06995A33EE916F&publishing_guid=&revision=0&client_program_version=8.0.0.8318&site_id=364175731&computer_name=DESKTOP-G4N757J&bin_log_transaction_offset=0
------------------------------------------------------------------------------------
[17 APR 2017 01:47:44 GMT-8] Pre-Sync Connection result:
0 (WAIT_OBJECT_0)

------------------------------------------------------------------------------------
[17 APR 2017 01:47:44 GMT-8] Pre-Sync Response:
<?xml version="1.0"?>
<Pre-sync site_id="364175731" project_guid="57FCA7416EAD763E2E06995A33EE916F" client_revision="0" is_synced_with_ftb="0"/>


====================================================================================
[17 APR 2017 01:47:44 GMT-8] Downloading Binlog Commands - Preparing for execution...

====================================================================================
[17 APR 2017 01:47:44 GMT-8] Downloading Binlog Commands Request:
"C:\PROGRA~2\MYHERI~1\Bin\FAMILY~2.EXE" https://www.myheritage.com/FP/API/FTB/ftb-api.php --data "@C:\Users\Eric\AppData\Roaming\MYHERI~1\Temp\dat921B.tmp" --output "C:\Users\Eric\AppData\Roaming\MYHERI~1\Temp\out921C.tmp" --stderr "C:\Users\Eric\AppData\Roaming\MYHERI~1\Temp\err921D.tmp" -A "Family Tree Builder 8.0.0.8318"
---DATA:---
action=api-sync-get-bin-log-transactions&site_admin=ericrborsheim@gmail.com&site_pwd=53d384b89203627f686e06fb83b9fc4bc572ec2c&site_id=364175731&client_program_version=8.0.0.8318&project_guid=57FCA7416EAD763E2E06995A33EE916F&revision=0&offset=0&limit=1
------------------------------------------------------------------------------------
[17 APR 2017 01:47:45 GMT-8] Downloading Binlog Commands Connection result:
0 (WAIT_OBJECT_0)

------------------------------------------------------------------------------------
[17 APR 2017 01:47:45 GMT-8] Downloading Binlog Commands Response:
<?xml version="1.0"?>
<Get-bin-log-transactions site_id="364175731" project_guid="57FCA7416EAD763E2E06995A33EE916F" client_revision="0" is_synced_with_ftb="0" total="0">
  <transactions/>
</Get-bin-log-transactions>


====================================================================================
[20 APR 2017 13:29:14 GMT-8] Pre-Sync - Preparing for execution...

====================================================================================
[20 APR 2017 13:29:15 GMT-8] Pre-Sync Request:
"C:\PROGRA~2\MYHERI~1\Bin\FAMILY~2.EXE" https://www.myheritage.com/FP/API/FTB/ftb-api.php --data "@C:\Users\Eric\AppData\Roaming\MYHERI~1\Temp\dat30C9.tmp" --progress-bar --output "C:\Users\Eric\AppData\Roaming\MYHERI~1\Temp\out30F9.tmp" --stderr "C:\Users\Eric\AppData\Roaming\MYHERI~1\Temp\err3129.tmp" -A "Family Tree Builder 8.0.0.8318"
---DATA:---
action=api-sync-pre-sync&site_admin=ericrborsheim@gmail.com&site_pwd=53d384b89203627f686e06fb83b9fc4bc572ec2c&project_guid=57FCA7416EAD763E2E06995A33EE916F&publishing_guid=&revision=0&client_program_version=8.0.0.8318&site_id=364175731&computer_name=DESKTOP-G4N757J&bin_log_transaction_offset=0
------------------------------------------------------------------------------------
[20 APR 2017 13:29:16 GMT-8] Pre-Sync Connection result:
0 (WAIT_OBJECT_0)

------------------------------------------------------------------------------------
[20 APR 2017 13:29:16 GMT-8] Pre-Sync Response:
<?xml version="1.0"?>
<Pre-sync site_id="364175731" project_guid="57FCA7416EAD763E2E06995A33EE916F" client_revision="0" is_synced_with_ftb="0"/>


====================================================================================
[20 APR 2017 13:29:16 GMT-8] Downloading Binlog Commands - Preparing for execution...

====================================================================================
[20 APR 2017 13:29:16 GMT-8] Downloading Binlog Commands Request:
"C:\PROGRA~2\MYHERI~1\Bin\FAMILY~2.EXE" https://www.myheritage.com/FP/API/FTB/ftb-api.php --data "@C:\Users\Eric\AppData\Roaming\MYHERI~1\Temp\dat36D7.tmp" --output "C:\Users\Eric\AppData\Roaming\MYHERI~1\Temp\out36D8.tmp" --stderr "C:\Users\Eric\AppData\Roaming\MYHERI~1\Temp\err36E9.tmp" -A "Family Tree Builder 8.0.0.8318"
---DATA:---
action=api-sync-get-bin-log-transactions&site_admin=ericrborsheim@gmail.com&site_pwd=53d384b89203627f686e06fb83b9fc4bc572ec2c&site_id=364175731&client_program_version=8.0.0.8318&project_guid=57FCA7416EAD763E2E06995A33EE916F&revision=0&offset=0&limit=1
------------------------------------------------------------------------------------
[20 APR 2017 13:29:17 GMT-8] Downloading Binlog Commands Connection result:
0 (WAIT_OBJECT_0)

------------------------------------------------------------------------------------
[20 APR 2017 13:29:17 GMT-8] Downloading Binlog Commands Response:
<?xml version="1.0"?>
<Get-bin-log-transactions site_id="364175731" project_guid="57FCA7416EAD763E2E06995A33EE916F" client_revision="0" is_synced_with_ftb="0" total="0">
  <transactions/>
</Get-bin-log-transactions>


====================================================================================
[22 APR 2017 21:41:07 GMT-8] Pre-Sync - Preparing for execution...

====================================================================================
[22 APR 2017 21:41:07 GMT-8] Pre-Sync Request:
"C:\PROGRA~2\MYHERI~1\Bin\FAMILY~2.EXE" https://www.myheritage.com/FP/API/FTB/ftb-api.php --data "@C:\Users\Eric\AppData\Roaming\MYHERI~1\Temp\dat3B35.tmp" --progress-bar --output "C:\Users\Eric\AppData\Roaming\MYHERI~1\Temp\out3B36.tmp" --stderr "C:\Users\Eric\AppData\Roaming\MYHERI~1\Temp\err3B37.tmp" -A "Family Tree Builder 8.0.0.8318"
---DATA:---
action=api-sync-pre-sync&site_admin=ericrborsheim@gmail.com&site_pwd=53d384b89203627f686e06fb83b9fc4bc572ec2c&project_guid=57FCA7416EAD763E2E06995A33EE916F&publishing_guid=&revision=0&client_program_version=8.0.0.8318&site_id=364175731&computer_name=DESKTOP-G4N757J&bin_log_transaction_offset=0
------------------------------------------------------------------------------------
[22 APR 2017 21:41:08 GMT-8] Pre-Sync Connection result:
0 (WAIT_OBJECT_0)

------------------------------------------------------------------------------------
[22 APR 2017 21:41:08 GMT-8] Pre-Sync Response:
<?xml version="1.0"?>
<Pre-sync site_id="364175731" project_guid="57FCA7416EAD763E2E06995A33EE916F" client_revision="0" is_synced_with_ftb="0"/>


====================================================================================
[22 APR 2017 21:41:08 GMT-8] Downloading Binlog Commands - Preparing for execution...

====================================================================================
[22 APR 2017 21:41:08 GMT-8] Downloading Binlog Commands Request:
"C:\PROGRA~2\MYHERI~1\Bin\FAMILY~2.EXE" https://www.myheritage.com/FP/API/FTB/ftb-api.php --data "@C:\Users\Eric\AppData\Roaming\MYHERI~1\Temp\dat3EE2.tmp" --output "C:\Users\Eric\AppData\Roaming\MYHERI~1\Temp\out3EE3.tmp" --stderr "C:\Users\Eric\AppData\Roaming\MYHERI~1\Temp\err3EE4.tmp" -A "Family Tree Builder 8.0.0.8318"
---DATA:---
action=api-sync-get-bin-log-transactions&site_admin=ericrborsheim@gmail.com&site_pwd=53d384b89203627f686e06fb83b9fc4bc572ec2c&site_id=364175731&client_program_version=8.0.0.8318&project_guid=57FCA7416EAD763E2E06995A33EE916F&revision=0&offset=0&limit=1
------------------------------------------------------------------------------------
[22 APR 2017 21:41:08 GMT-8] Downloading Binlog Commands Connection result:
0 (WAIT_OBJECT_0)

------------------------------------------------------------------------------------
[22 APR 2017 21:41:08 GMT-8] Downloading Binlog Commands Response:
<?xml version="1.0"?>
<Get-bin-log-transactions site_id="364175731" project_guid="57FCA7416EAD763E2E06995A33EE916F" client_revision="0" is_synced_with_ftb="0" total="0">
  <transactions/>
</Get-bin-log-transactions>


====================================================================================
[25 APR 2017 19:36:24 GMT-8] Pre-Sync - Preparing for execution...

====================================================================================
[25 APR 2017 19:36:24 GMT-8] Pre-Sync Request:
"C:\PROGRA~2\MYHERI~1\Bin\FAMILY~2.EXE" https://www.myheritage.com/FP/API/FTB/ftb-api.php --data "@C:\Users\Eric\AppData\Roaming\MYHERI~1\Temp\dat2360.tmp" --progress-bar --output "C:\Users\Eric\AppData\Roaming\MYHERI~1\Temp\out2371.tmp" --stderr "C:\Users\Eric\AppData\Roaming\MYHERI~1\Temp\err2372.tmp" -A "Family Tree Builder 8.0.0.8318"
---DATA:---
action=api-sync-pre-sync&site_admin=ericrborsheim@gmail.com&site_pwd=53d384b89203627f686e06fb83b9fc4bc572ec2c&project_guid=57FCA7416EAD763E2E06995A33EE916F&publishing_guid=&revision=0&client_program_version=8.0.0.8318&site_id=364175731&computer_name=DESKTOP-G4N757J&bin_log_transaction_offset=0
------------------------------------------------------------------------------------
[25 APR 2017 19:36:25 GMT-8] Pre-Sync Connection result:
0 (WAIT_OBJECT_0)

------------------------------------------------------------------------------------
[25 APR 2017 19:36:25 GMT-8] Pre-Sync Response:
<?xml version="1.0"?>
<Pre-sync site_id="364175731" project_guid="57FCA7416EAD763E2E06995A33EE916F" client_revision="0" is_synced_with_ftb="0"/>


====================================================================================
[25 APR 2017 19:36:25 GMT-8] Downloading Binlog Commands - Preparing for execution...

====================================================================================
[25 APR 2017 19:36:25 GMT-8] Downloading Binlog Commands Request:
"C:\PROGRA~2\MYHERI~1\Bin\FAMILY~2.EXE" https://www.myheritage.com/FP/API/FTB/ftb-api.php --data "@C:\Users\Eric\AppData\Roaming\MYHERI~1\Temp\dat2661.tmp" --output "C:\Users\Eric\AppData\Roaming\MYHERI~1\Temp\out2662.tmp" --stderr "C:\Users\Eric\AppData\Roaming\MYHERI~1\Temp\err2663.tmp" -A "Family Tree Builder 8.0.0.8318"
---DATA:---
action=api-sync-get-bin-log-transactions&site_admin=ericrborsheim@gmail.com&site_pwd=53d384b89203627f686e06fb83b9fc4bc572ec2c&site_id=364175731&client_program_version=8.0.0.8318&project_guid=57FCA7416EAD763E2E06995A33EE916F&revision=0&offset=0&limit=1
------------------------------------------------------------------------------------
[25 APR 2017 19:36:26 GMT-8] Downloading Binlog Commands Connection result:
0 (WAIT_OBJECT_0)

------------------------------------------------------------------------------------
[25 APR 2017 19:36:26 GMT-8] Downloading Binlog Commands Response:
<?xml version="1.0"?>
<Get-bin-log-transactions site_id="364175731" project_guid="57FCA7416EAD763E2E06995A33EE916F" client_revision="0" is_synced_with_ftb="0" total="0">
  <transactions/>
</Get-bin-log-transactions>


====================================================================================
[27 APR 2017 16:07:35 GMT-8] Pre-Sync - Preparing for execution...

====================================================================================
[27 APR 2017 16:07:35 GMT-8] Pre-Sync Request:
"C:\PROGRA~2\MYHERI~1\Bin\FAMILY~2.EXE" https://www.myheritage.com/FP/API/FTB/ftb-api.php --data "@C:\Users\Eric\AppData\Roaming\MYHERI~1\Temp\datA45A.tmp" --progress-bar --output "C:\Users\Eric\AppData\Roaming\MYHERI~1\Temp\outA45B.tmp" --stderr "C:\Users\Eric\AppData\Roaming\MYHERI~1\Temp\errA45C.tmp" -A "Family Tree Builder 8.0.0.8318"
---DATA:---
action=api-sync-pre-sync&site_admin=ericrborsheim@gmail.com&site_pwd=53d384b89203627f686e06fb83b9fc4bc572ec2c&project_guid=57FCA7416EAD763E2E06995A33EE916F&publishing_guid=&revision=0&client_program_version=8.0.0.8318&site_id=364175731&computer_name=DESKTOP-G4N757J&bin_log_transaction_offset=0
------------------------------------------------------------------------------------
[27 APR 2017 16:07:38 GMT-8] Pre-Sync Connection result:
0 (WAIT_OBJECT_0)

------------------------------------------------------------------------------------
[27 APR 2017 16:07:38 GMT-8] Pre-Sync Response:
<?xml version="1.0"?>
<Pre-sync site_id="364175731" project_guid="57FCA7416EAD763E2E06995A33EE916F" client_revision="0" is_synced_with_ftb="0"/>


====================================================================================
[27 APR 2017 16:07:38 GMT-8] Downloading Binlog Commands - Preparing for execution...

====================================================================================
[27 APR 2017 16:07:38 GMT-8] Downloading Binlog Commands Request:
"C:\PROGRA~2\MYHERI~1\Bin\FAMILY~2.EXE" https://www.myheritage.com/FP/API/FTB/ftb-api.php --data "@C:\Users\Eric\AppData\Roaming\MYHERI~1\Temp\datAE26.tmp" --output "C:\Users\Eric\AppData\Roaming\MYHERI~1\Temp\outAE27.tmp" --stderr "C:\Users\Eric\AppData\Roaming\MYHERI~1\Temp\errAE28.tmp" -A "Family Tree Builder 8.0.0.8318"
---DATA:---
action=api-sync-get-bin-log-transactions&site_admin=ericrborsheim@gmail.com&site_pwd=53d384b89203627f686e06fb83b9fc4bc572ec2c&site_id=364175731&client_program_version=8.0.0.8318&project_guid=57FCA7416EAD763E2E06995A33EE916F&revision=0&offset=0&limit=1
------------------------------------------------------------------------------------
[27 APR 2017 16:07:39 GMT-8] Downloading Binlog Commands Connection result:
0 (WAIT_OBJECT_0)

------------------------------------------------------------------------------------
[27 APR 2017 16:07:39 GMT-8] Downloading Binlog Commands Response:
<?xml version="1.0"?>
<Get-bin-log-transactions site_id="364175731" project_guid="57FCA7416EAD763E2E06995A33EE916F" client_revision="0" is_synced_with_ftb="0" total="0">
  <transactions/>
</Get-bin-log-transactions>


====================================================================================
[29 APR 2017 20:40:47 GMT-8] Pre-Sync - Preparing for execution...

====================================================================================
[29 APR 2017 20:40:47 GMT-8] Pre-Sync Request:
"C:\PROGRA~2\MYHERI~1\Bin\FAMILY~2.EXE" https://www.myheritage.com/FP/API/FTB/ftb-api.php --data "@C:\Users\Eric\AppData\Roaming\MYHERI~1\Temp\dat7B1F.tmp" --progress-bar --output "C:\Users\Eric\AppData\Roaming\MYHERI~1\Temp\out7B20.tmp" --stderr "C:\Users\Eric\AppData\Roaming\MYHERI~1\Temp\err7B21.tmp" -A "Family Tree Builder 8.0.0.8318"
---DATA:---
action=api-sync-pre-sync&site_admin=ericrborsheim@gmail.com&site_pwd=53d384b89203627f686e06fb83b9fc4bc572ec2c&project_guid=57FCA7416EAD763E2E06995A33EE916F&publishing_guid=&revision=0&client_program_version=8.0.0.8318&site_id=364175731&computer_name=DESKTOP-G4N757J&bin_log_transaction_offset=0
------------------------------------------------------------------------------------
[29 APR 2017 20:40:48 GMT-8] Pre-Sync Connection result:
0 (WAIT_OBJECT_0)

------------------------------------------------------------------------------------
[29 APR 2017 20:40:48 GMT-8] Pre-Sync Response:
<?xml version="1.0"?>
<Pre-sync site_id="364175731" project_guid="57FCA7416EAD763E2E06995A33EE916F" client_revision="0" is_synced_with_ftb="0"/>


====================================================================================
[29 APR 2017 20:40:48 GMT-8] Downloading Binlog Commands - Preparing for execution...

====================================================================================
[29 APR 2017 20:40:48 GMT-8] Downloading Binlog Commands Request:
"C:\PROGRA~2\MYHERI~1\Bin\FAMILY~2.EXE" https://www.myheritage.com/FP/API/FTB/ftb-api.php --data "@C:\Users\Eric\AppData\Roaming\MYHERI~1\Temp\dat7E1F.tmp" --output "C:\Users\Eric\AppData\Roaming\MYHERI~1\Temp\out7E20.tmp" --stderr "C:\Users\Eric\AppData\Roaming\MYHERI~1\Temp\err7E21.tmp" -A "Family Tree Builder 8.0.0.8318"
---DATA:---
action=api-sync-get-bin-log-transactions&site_admin=ericrborsheim@gmail.com&site_pwd=53d384b89203627f686e06fb83b9fc4bc572ec2c&site_id=364175731&client_program_version=8.0.0.8318&project_guid=57FCA7416EAD763E2E06995A33EE916F&revision=0&offset=0&limit=1
------------------------------------------------------------------------------------
[29 APR 2017 20:40:49 GMT-8] Downloading Binlog Commands Connection result:
0 (WAIT_OBJECT_0)

------------------------------------------------------------------------------------
[29 APR 2017 20:40:49 GMT-8] Downloading Binlog Commands Response:
<?xml version="1.0"?>
<Get-bin-log-transactions site_id="364175731" project_guid="57FCA7416EAD763E2E06995A33EE916F" client_revision="0" is_synced_with_ftb="0" total="0">
  <transactions/>
</Get-bin-log-transactions>


====================================================================================
[03 MAY 2017 20:58:02 GMT-8] Pre-Sync - Preparing for execution...

====================================================================================
[03 MAY 2017 20:58:02 GMT-8] Pre-Sync Request:
"C:\PROGRA~2\MYHERI~1\Bin\FAMILY~2.EXE" https://www.myheritage.com/FP/API/FTB/ftb-api.php --data "@C:\Users\Eric\AppData\Roaming\MYHERI~1\Temp\datB685.tmp" --progress-bar --output "C:\Users\Eric\AppData\Roaming\MYHERI~1\Temp\outB696.tmp" --stderr "C:\Users\Eric\AppData\Roaming\MYHERI~1\Temp\errB6B6.tmp" -A "Family Tree Builder 8.0.0.8318"
---DATA:---
action=api-sync-pre-sync&site_admin=ericrborsheim@gmail.com&site_pwd=53d384b89203627f686e06fb83b9fc4bc572ec2c&project_guid=57FCA7416EAD763E2E06995A33EE916F&publishing_guid=&revision=0&client_program_version=8.0.0.8318&site_id=364175731&computer_name=DESKTOP-G4N757J&bin_log_transaction_offset=0
------------------------------------------------------------------------------------
[03 MAY 2017 20:58:04 GMT-8] Pre-Sync Connection result:
0 (WAIT_OBJECT_0)

------------------------------------------------------------------------------------
[03 MAY 2017 20:58:04 GMT-8] Pre-Sync Response:
<?xml version="1.0"?>
<Pre-sync site_id="364175731" project_guid="57FCA7416EAD763E2E06995A33EE916F" client_revision="0" is_synced_with_ftb="0"/>


====================================================================================
[03 MAY 2017 20:58:04 GMT-8] Downloading Binlog Commands - Preparing for execution...

====================================================================================
[03 MAY 2017 20:58:05 GMT-8] Downloading Binlog Commands Request:
"C:\PROGRA~2\MYHERI~1\Bin\FAMILY~2.EXE" https://www.myheritage.com/FP/API/FTB/ftb-api.php --data "@C:\Users\Eric\AppData\Roaming\MYHERI~1\Temp\datBED5.tmp" --output "C:\Users\Eric\AppData\Roaming\MYHERI~1\Temp\outBED6.tmp" --stderr "C:\Users\Eric\AppData\Roaming\MYHERI~1\Temp\errBEE7.tmp" -A "Family Tree Builder 8.0.0.8318"
---DATA:---
action=api-sync-get-bin-log-transactions&site_admin=ericrborsheim@gmail.com&site_pwd=53d384b89203627f686e06fb83b9fc4bc572ec2c&site_id=364175731&client_program_version=8.0.0.8318&project_guid=57FCA7416EAD763E2E06995A33EE916F&revision=0&offset=0&limit=1
------------------------------------------------------------------------------------
[03 MAY 2017 20:58:06 GMT-8] Downloading Binlog Commands Connection result:
0 (WAIT_OBJECT_0)

------------------------------------------------------------------------------------
[03 MAY 2017 20:58:06 GMT-8] Downloading Binlog Commands Response:
<?xml version="1.0"?>
<Get-bin-log-transactions site_id="364175731" project_guid="57FCA7416EAD763E2E06995A33EE916F" client_revision="0" is_synced_with_ftb="0" total="0">
  <transactions/>
</Get-bin-log-transactions>


====================================================================================
[06 MAY 2017 14:30:57 GMT-8] Pre-Sync - Preparing for execution...

====================================================================================
[06 MAY 2017 14:30:57 GMT-8] Pre-Sync Request:
"C:\PROGRA~2\MYHERI~1\Bin\FAMILY~2.EXE" https://www.myheritage.com/FP/API/FTB/ftb-api.php --data "@C:\Users\Eric\AppData\Roaming\MYHERI~1\Temp\dat6549.tmp" --progress-bar --output "C:\Users\Eric\AppData\Roaming\MYHERI~1\Temp\out654A.tmp" --stderr "C:\Users\Eric\AppData\Roaming\MYHERI~1\Temp\err655B.tmp" -A "Family Tree Builder 8.0.0.8318"
---DATA:---
action=api-sync-pre-sync&site_admin=ericrborsheim@gmail.com&site_pwd=53d384b89203627f686e06fb83b9fc4bc572ec2c&project_guid=57FCA7416EAD763E2E06995A33EE916F&publishing_guid=&revision=0&client_program_version=8.0.0.8318&site_id=364175731&computer_name=DESKTOP-G4N757J&bin_log_transaction_offset=0
------------------------------------------------------------------------------------
[06 MAY 2017 14:31:38 GMT-8] Pre-Sync Connection result:
0 (WAIT_OBJECT_0)

------------------------------------------------------------------------------------
[06 MAY 2017 14:31:38 GMT-8] Pre-Sync Response:
<?xml version="1.0"?>
<Pre-sync site_id="364175731" project_guid="57FCA7416EAD763E2E06995A33EE916F" client_revision="0" is_synced_with_ftb="0"/>


====================================================================================
[06 MAY 2017 14:31:38 GMT-8] Downloading Binlog Commands - Preparing for execution...

====================================================================================
[06 MAY 2017 14:31:38 GMT-8] Downloading Binlog Commands Request:
"C:\PROGRA~2\MYHERI~1\Bin\FAMILY~2.EXE" https://www.myheritage.com/FP/API/FTB/ftb-api.php --data "@C:\Users\Eric\AppData\Roaming\MYHERI~1\Temp\dat586.tmp" --output "C:\Users\Eric\AppData\Roaming\MYHERI~1\Temp\out587.tmp" --stderr "C:\Users\Eric\AppData\Roaming\MYHERI~1\Temp\err588.tmp" -A "Family Tree Builder 8.0.0.8318"
---DATA:---
action=api-sync-get-bin-log-transactions&site_admin=ericrborsheim@gmail.com&site_pwd=53d384b89203627f686e06fb83b9fc4bc572ec2c&site_id=364175731&client_program_version=8.0.0.8318&project_guid=57FCA7416EAD763E2E06995A33EE916F&revision=0&offset=0&limit=1
------------------------------------------------------------------------------------
[06 MAY 2017 14:31:39 GMT-8] Downloading Binlog Commands Connection result:
0 (WAIT_OBJECT_0)

------------------------------------------------------------------------------------
[06 MAY 2017 14:31:39 GMT-8] Downloading Binlog Commands Response:
<?xml version="1.0"?>
<Get-bin-log-transactions site_id="364175731" project_guid="57FCA7416EAD763E2E06995A33EE916F" client_revision="0" is_synced_with_ftb="0" total="0">
  <transactions/>
</Get-bin-log-transactions>


====================================================================================
[07 MAY 2017 17:50:01 GMT-8] Pre-Sync - Preparing for execution...

====================================================================================
[07 MAY 2017 17:50:01 GMT-8] Pre-Sync Request:
"C:\PROGRA~2\MYHERI~1\Bin\FAMILY~2.EXE" https://www.myheritage.com/FP/API/FTB/ftb-api.php --data "@C:\Users\Eric\AppData\Roaming\MYHERI~1\Temp\dat330.tmp" --progress-bar --output "C:\Users\Eric\AppData\Roaming\MYHERI~1\Temp\out331.tmp" --stderr "C:\Users\Eric\AppData\Roaming\MYHERI~1\Temp\err332.tmp" -A "Family Tree Builder 8.0.0.8318"
---DATA:---
action=api-sync-pre-sync&site_admin=ericrborsheim@gmail.com&site_pwd=53d384b89203627f686e06fb83b9fc4bc572ec2c&project_guid=57FCA7416EAD763E2E06995A33EE916F&publishing_guid=&revision=0&client_program_version=8.0.0.8318&site_id=364175731&computer_name=DESKTOP-G4N757J&bin_log_transaction_offset=0
------------------------------------------------------------------------------------
[07 MAY 2017 17:50:03 GMT-8] Pre-Sync Connection result:
0 (WAIT_OBJECT_0)

------------------------------------------------------------------------------------
[07 MAY 2017 17:50:03 GMT-8] Pre-Sync Response:
<?xml version="1.0"?>
<Pre-sync site_id="364175731" project_guid="57FCA7416EAD763E2E06995A33EE916F" client_revision="0" is_synced_with_ftb="0"/>


====================================================================================
[07 MAY 2017 17:50:03 GMT-8] Downloading Binlog Commands - Preparing for execution...

====================================================================================
[07 MAY 2017 17:50:03 GMT-8] Downloading Binlog Commands Request:
"C:\PROGRA~2\MYHERI~1\Bin\FAMILY~2.EXE" https://www.myheritage.com/FP/API/FTB/ftb-api.php --data "@C:\Users\Eric\AppData\Roaming\MYHERI~1\Temp\dat94D.tmp" --output "C:\Users\Eric\AppData\Roaming\MYHERI~1\Temp\out94E.tmp" --stderr "C:\Users\Eric\AppData\Roaming\MYHERI~1\Temp\err94F.tmp" -A "Family Tree Builder 8.0.0.8318"
---DATA:---
action=api-sync-get-bin-log-transactions&site_admin=ericrborsheim@gmail.com&site_pwd=53d384b89203627f686e06fb83b9fc4bc572ec2c&site_id=364175731&client_program_version=8.0.0.8318&project_guid=57FCA7416EAD763E2E06995A33EE916F&revision=0&offset=0&limit=1
------------------------------------------------------------------------------------
[07 MAY 2017 17:50:03 GMT-8] Downloading Binlog Commands Connection result:
0 (WAIT_OBJECT_0)

------------------------------------------------------------------------------------
[07 MAY 2017 17:50:03 GMT-8] Downloading Binlog Commands Response:
<?xml version="1.0"?>
<Get-bin-log-transactions site_id="364175731" project_guid="57FCA7416EAD763E2E06995A33EE916F" client_revision="0" is_synced_with_ftb="0" total="0">
  <transactions/>
</Get-bin-log-transactions>


====================================================================================
[07 MAY 2017 18:11:53 GMT-8] Pre-Sync - Preparing for execution...

====================================================================================
[07 MAY 2017 18:11:53 GMT-8] Pre-Sync Request:
"C:\PROGRA~2\MYHERI~1\Bin\FAMILY~2.EXE" https://www.myheritage.com/FP/API/FTB/ftb-api.php --data "@C:\Users\Eric\AppData\Roaming\MYHERI~1\Temp\dat988.tmp" --progress-bar --output "C:\Users\Eric\AppData\Roaming\MYHERI~1\Temp\out998.tmp" --stderr "C:\Users\Eric\AppData\Roaming\MYHERI~1\Temp\err999.tmp" -A "Family Tree Builder 8.0.0.8318"
---DATA:---
action=api-sync-pre-sync&site_admin=ericrborsheim@gmail.com&site_pwd=53d384b89203627f686e06fb83b9fc4bc572ec2c&project_guid=57FCA7416EAD763E2E06995A33EE916F&publishing_guid=&revision=0&client_program_version=8.0.0.8318&site_id=364175731&computer_name=DESKTOP-G4N757J&bin_log_transaction_offset=0
------------------------------------------------------------------------------------
[07 MAY 2017 18:11:54 GMT-8] Pre-Sync Connection result:
0 (WAIT_OBJECT_0)

------------------------------------------------------------------------------------
[07 MAY 2017 18:11:54 GMT-8] Pre-Sync Response:
<?xml version="1.0"?>
<Pre-sync site_id="364175731" project_guid="57FCA7416EAD763E2E06995A33EE916F" client_revision="0" is_synced_with_ftb="0"/>


====================================================================================
[07 MAY 2017 18:11:54 GMT-8] Downloading Binlog Commands - Preparing for execution...

====================================================================================
[07 MAY 2017 18:11:54 GMT-8] Downloading Binlog Commands Request:
"C:\PROGRA~2\MYHERI~1\Bin\FAMILY~2.EXE" https://www.myheritage.com/FP/API/FTB/ftb-api.php --data "@C:\Users\Eric\AppData\Roaming\MYHERI~1\Temp\datBDC.tmp" --output "C:\Users\Eric\AppData\Roaming\MYHERI~1\Temp\outBDD.tmp" --stderr "C:\Users\Eric\AppData\Roaming\MYHERI~1\Temp\errBEE.tmp" -A "Family Tree Builder 8.0.0.8318"
---DATA:---
action=api-sync-get-bin-log-transactions&site_admin=ericrborsheim@gmail.com&site_pwd=53d384b89203627f686e06fb83b9fc4bc572ec2c&site_id=364175731&client_program_version=8.0.0.8318&project_guid=57FCA7416EAD763E2E06995A33EE916F&revision=0&offset=0&limit=1
------------------------------------------------------------------------------------
[07 MAY 2017 18:11:55 GMT-8] Downloading Binlog Commands Connection result:
0 (WAIT_OBJECT_0)

------------------------------------------------------------------------------------
[07 MAY 2017 18:11:55 GMT-8] Downloading Binlog Commands Response:
<?xml version="1.0"?>
<Get-bin-log-transactions site_id="364175731" project_guid="57FCA7416EAD763E2E06995A33EE916F" client_revision="0" is_synced_with_ftb="0" total="0">
  <transactions/>
</Get-bin-log-transactions>


====================================================================================
[07 MAY 2017 20:58:42 GMT-8] Pre-Sync - Preparing for execution...

====================================================================================
[07 MAY 2017 20:58:42 GMT-8] Pre-Sync Request:
"C:\PROGRA~2\MYHERI~1\Bin\FAMILY~2.EXE" https://www.myheritage.com/FP/API/FTB/ftb-api.php --data "@C:\Users\Eric\AppData\Roaming\MYHERI~1\Temp\datC2B3.tmp" --progress-bar --output "C:\Users\Eric\AppData\Roaming\MYHERI~1\Temp\outC2B4.tmp" --stderr "C:\Users\Eric\AppData\Roaming\MYHERI~1\Temp\errC2B5.tmp" -A "Family Tree Builder 8.0.0.8318"
---DATA:---
action=api-sync-pre-sync&site_admin=ericrborsheim@gmail.com&site_pwd=53d384b89203627f686e06fb83b9fc4bc572ec2c&project_guid=57FCA7416EAD763E2E06995A33EE916F&publishing_guid=&revision=0&client_program_version=8.0.0.8318&site_id=364175731&computer_name=DESKTOP-G4N757J&bin_log_transaction_offset=0
------------------------------------------------------------------------------------
[07 MAY 2017 20:58:43 GMT-8] Pre-Sync Connection result:
0 (WAIT_OBJECT_0)

------------------------------------------------------------------------------------
[07 MAY 2017 20:58:43 GMT-8] Pre-Sync Response:
<?xml version="1.0"?>
<Pre-sync site_id="364175731" project_guid="57FCA7416EAD763E2E06995A33EE916F" client_revision="0" is_synced_with_ftb="0"/>


====================================================================================
[07 MAY 2017 20:58:43 GMT-8] Downloading Binlog Commands - Preparing for execution...

====================================================================================
[07 MAY 2017 20:58:43 GMT-8] Downloading Binlog Commands Request:
"C:\PROGRA~2\MYHERI~1\Bin\FAMILY~2.EXE" https://www.myheritage.com/FP/API/FTB/ftb-api.php --data "@C:\Users\Eric\AppData\Roaming\MYHERI~1\Temp\datC555.tmp" --output "C:\Users\Eric\AppData\Roaming\MYHERI~1\Temp\outC566.tmp" --stderr "C:\Users\Eric\AppData\Roaming\MYHERI~1\Temp\errC567.tmp" -A "Family Tree Builder 8.0.0.8318"
---DATA:---
action=api-sync-get-bin-log-transactions&site_admin=ericrborsheim@gmail.com&site_pwd=53d384b89203627f686e06fb83b9fc4bc572ec2c&site_id=364175731&client_program_version=8.0.0.8318&project_guid=57FCA7416EAD763E2E06995A33EE916F&revision=0&offset=0&limit=1
------------------------------------------------------------------------------------
[07 MAY 2017 20:58:44 GMT-8] Downloading Binlog Commands Connection result:
0 (WAIT_OBJECT_0)

------------------------------------------------------------------------------------
[07 MAY 2017 20:58:44 GMT-8] Downloading Binlog Commands Response:
<?xml version="1.0"?>
<Get-bin-log-transactions site_id="364175731" project_guid="57FCA7416EAD763E2E06995A33EE916F" client_revision="0" is_synced_with_ftb="0" total="0">
  <transactions/>
</Get-bin-log-transactions>


====================================================================================
[07 MAY 2017 22:26:31 GMT-8] Pre-Sync - Preparing for execution...

====================================================================================
[07 MAY 2017 22:26:31 GMT-8] Pre-Sync Request:
"C:\PROGRA~2\MYHERI~1\Bin\FAMILY~2.EXE" https://www.myheritage.com/FP/API/FTB/ftb-api.php --data "@C:\Users\Eric\AppData\Roaming\MYHERI~1\Temp\dat288C.tmp" --progress-bar --output "C:\Users\Eric\AppData\Roaming\MYHERI~1\Temp\out288D.tmp" --stderr "C:\Users\Eric\AppData\Roaming\MYHERI~1\Temp\err288E.tmp" -A "Family Tree Builder 8.0.0.8318"
---DATA:---
action=api-sync-pre-sync&site_admin=ericrborsheim@gmail.com&site_pwd=53d384b89203627f686e06fb83b9fc4bc572ec2c&project_guid=57FCA7416EAD763E2E06995A33EE916F&publishing_guid=&revision=0&client_program_version=8.0.0.8318&site_id=364175731&computer_name=DESKTOP-G4N757J&bin_log_transaction_offset=0
------------------------------------------------------------------------------------
[07 MAY 2017 22:26:32 GMT-8] Pre-Sync Connection result:
0 (WAIT_OBJECT_0)

------------------------------------------------------------------------------------
[07 MAY 2017 22:26:32 GMT-8] Pre-Sync Response:
<?xml version="1.0"?>
<Pre-sync site_id="364175731" project_guid="57FCA7416EAD763E2E06995A33EE916F" client_revision="0" is_synced_with_ftb="0"/>


====================================================================================
[07 MAY 2017 22:26:32 GMT-8] Downloading Binlog Commands - Preparing for execution...

====================================================================================
[07 MAY 2017 22:26:32 GMT-8] Downloading Binlog Commands Request:
"C:\PROGRA~2\MYHERI~1\Bin\FAMILY~2.EXE" https://www.myheritage.com/FP/API/FTB/ftb-api.php --data "@C:\Users\Eric\AppData\Roaming\MYHERI~1\Temp\dat2B7D.tmp" --output "C:\Users\Eric\AppData\Roaming\MYHERI~1\Temp\out2B7E.tmp" --stderr "C:\Users\Eric\AppData\Roaming\MYHERI~1\Temp\err2B7F.tmp" -A "Family Tree Builder 8.0.0.8318"
---DATA:---
action=api-sync-get-bin-log-transactions&site_admin=ericrborsheim@gmail.com&site_pwd=53d384b89203627f686e06fb83b9fc4bc572ec2c&site_id=364175731&client_program_version=8.0.0.8318&project_guid=57FCA7416EAD763E2E06995A33EE916F&revision=0&offset=0&limit=1
------------------------------------------------------------------------------------
[07 MAY 2017 22:26:33 GMT-8] Downloading Binlog Commands Connection result:
0 (WAIT_OBJECT_0)

------------------------------------------------------------------------------------
[07 MAY 2017 22:26:33 GMT-8] Downloading Binlog Commands Response:
<?xml version="1.0"?>
<Get-bin-log-transactions site_id="364175731" project_guid="57FCA7416EAD763E2E06995A33EE916F" client_revision="0" is_synced_with_ftb="0" total="0">
  <transactions/>
</Get-bin-log-transactions>


====================================================================================
[07 MAY 2017 22:38:30 GMT-8] Pre-Sync - Preparing for execution...

====================================================================================
[07 MAY 2017 22:38:30 GMT-8] Pre-Sync Request:
"C:\PROGRA~2\MYHERI~1\Bin\FAMILY~2.EXE" https://www.myheritage.com/FP/API/FTB/ftb-api.php --data "@C:\Users\Eric\AppData\Roaming\MYHERI~1\Temp\dat1FEB.tmp" --progress-bar --output "C:\Users\Eric\AppData\Roaming\MYHERI~1\Temp\out1FEC.tmp" --stderr "C:\Users\Eric\AppData\Roaming\MYHERI~1\Temp\err1FED.tmp" -A "Family Tree Builder 8.0.0.8318"
---DATA:---
action=api-sync-pre-sync&site_admin=ericrborsheim@gmail.com&site_pwd=53d384b89203627f686e06fb83b9fc4bc572ec2c&project_guid=57FCA7416EAD763E2E06995A33EE916F&publishing_guid=&revision=0&client_program_version=8.0.0.8318&site_id=364175731&computer_name=DESKTOP-G4N757J&bin_log_transaction_offset=0
------------------------------------------------------------------------------------
[07 MAY 2017 22:38:31 GMT-8] Pre-Sync Connection result:
0 (WAIT_OBJECT_0)

------------------------------------------------------------------------------------
[07 MAY 2017 22:38:31 GMT-8] Pre-Sync Response:
<?xml version="1.0"?>
<Pre-sync site_id="364175731" project_guid="57FCA7416EAD763E2E06995A33EE916F" client_revision="0" is_synced_with_ftb="0"/>


====================================================================================
[07 MAY 2017 22:38:31 GMT-8] Downloading Binlog Commands - Preparing for execution...

====================================================================================
[07 MAY 2017 22:38:31 GMT-8] Downloading Binlog Commands Request:
"C:\PROGRA~2\MYHERI~1\Bin\FAMILY~2.EXE" https://www.myheritage.com/FP/API/FTB/ftb-api.php --data "@C:\Users\Eric\AppData\Roaming\MYHERI~1\Temp\dat225F.tmp" --output "C:\Users\Eric\AppData\Roaming\MYHERI~1\Temp\out2270.tmp" --stderr "C:\Users\Eric\AppData\Roaming\MYHERI~1\Temp\err2271.tmp" -A "Family Tree Builder 8.0.0.8318"
---DATA:---
action=api-sync-get-bin-log-transactions&site_admin=ericrborsheim@gmail.com&site_pwd=53d384b89203627f686e06fb83b9fc4bc572ec2c&site_id=364175731&client_program_version=8.0.0.8318&project_guid=57FCA7416EAD763E2E06995A33EE916F&revision=0&offset=0&limit=1
------------------------------------------------------------------------------------
[07 MAY 2017 22:38:31 GMT-8] Downloading Binlog Commands Connection result:
0 (WAIT_OBJECT_0)

------------------------------------------------------------------------------------
[07 MAY 2017 22:38:31 GMT-8] Downloading Binlog Commands Response:
<?xml version="1.0"?>
<Get-bin-log-transactions site_id="364175731" project_guid="57FCA7416EAD763E2E06995A33EE916F" client_revision="0" is_synced_with_ftb="0" total="0">
  <transactions/>
</Get-bin-log-transactions>


====================================================================================
[07 MAY 2017 23:14:22 GMT-8] Pre-Sync - Preparing for execution...

====================================================================================
[07 MAY 2017 23:14:22 GMT-8] Pre-Sync Request:
"C:\PROGRA~2\MYHERI~1\Bin\FAMILY~2.EXE" https://www.myheritage.com/FP/API/FTB/ftb-api.php --data "@C:\Users\Eric\AppData\Roaming\MYHERI~1\Temp\datF456.tmp" --progress-bar --output "C:\Users\Eric\AppData\Roaming\MYHERI~1\Temp\outF467.tmp" --stderr "C:\Users\Eric\AppData\Roaming\MYHERI~1\Temp\errF468.tmp" -A "Family Tree Builder 8.0.0.8318"
---DATA:---
action=api-sync-pre-sync&site_admin=ericrborsheim@gmail.com&site_pwd=53d384b89203627f686e06fb83b9fc4bc572ec2c&project_guid=57FCA7416EAD763E2E06995A33EE916F&publishing_guid=&revision=0&client_program_version=8.0.0.8318&site_id=364175731&computer_name=DESKTOP-G4N757J&bin_log_transaction_offset=0
------------------------------------------------------------------------------------
[07 MAY 2017 23:14:22 GMT-8] Pre-Sync Connection result:
0 (WAIT_OBJECT_0)

------------------------------------------------------------------------------------
[07 MAY 2017 23:14:22 GMT-8] Pre-Sync Response:
<?xml version="1.0"?>
<Pre-sync site_id="364175731" project_guid="57FCA7416EAD763E2E06995A33EE916F" client_revision="0" is_synced_with_ftb="0"/>


====================================================================================
[07 MAY 2017 23:14:22 GMT-8] Downloading Binlog Commands - Preparing for execution...

====================================================================================
[07 MAY 2017 23:14:22 GMT-8] Downloading Binlog Commands Request:
"C:\PROGRA~2\MYHERI~1\Bin\FAMILY~2.EXE" https://www.myheritage.com/FP/API/FTB/ftb-api.php --data "@C:\Users\Eric\AppData\Roaming\MYHERI~1\Temp\datF6F9.tmp" --output "C:\Users\Eric\AppData\Roaming\MYHERI~1\Temp\outF6FA.tmp" --stderr "C:\Users\Eric\AppData\Roaming\MYHERI~1\Temp\errF6FB.tmp" -A "Family Tree Builder 8.0.0.8318"
---DATA:---
action=api-sync-get-bin-log-transactions&site_admin=ericrborsheim@gmail.com&site_pwd=53d384b89203627f686e06fb83b9fc4bc572ec2c&site_id=364175731&client_program_version=8.0.0.8318&project_guid=57FCA7416EAD763E2E06995A33EE916F&revision=0&offset=0&limit=1
------------------------------------------------------------------------------------
[07 MAY 2017 23:14:23 GMT-8] Downloading Binlog Commands Connection result:
0 (WAIT_OBJECT_0)

------------------------------------------------------------------------------------
[07 MAY 2017 23:14:23 GMT-8] Downloading Binlog Commands Response:
<?xml version="1.0"?>
<Get-bin-log-transactions site_id="364175731" project_guid="57FCA7416EAD763E2E06995A33EE916F" client_revision="0" is_synced_with_ftb="0" total="0">
  <transactions/>
</Get-bin-log-transactions>


====================================================================================
[07 MAY 2017 23:42:59 GMT-8] Pre-Sync - Preparing for execution...

====================================================================================
[07 MAY 2017 23:42:59 GMT-8] Pre-Sync Request:
"C:\PROGRA~2\MYHERI~1\Bin\FAMILY~2.EXE" https://www.myheritage.com/FP/API/FTB/ftb-api.php --data "@C:\Users\Eric\AppData\Roaming\MYHERI~1\Temp\dat2878.tmp" --progress-bar --output "C:\Users\Eric\AppData\Roaming\MYHERI~1\Temp\out2879.tmp" --stderr "C:\Users\Eric\AppData\Roaming\MYHERI~1\Temp\err2889.tmp" -A "Family Tree Builder 8.0.0.8318"
---DATA:---
action=api-sync-pre-sync&site_admin=ericrborsheim@gmail.com&site_pwd=53d384b89203627f686e06fb83b9fc4bc572ec2c&project_guid=57FCA7416EAD763E2E06995A33EE916F&publishing_guid=&revision=0&client_program_version=8.0.0.8318&site_id=364175731&computer_name=DESKTOP-G4N757J&bin_log_transaction_offset=0
------------------------------------------------------------------------------------
[07 MAY 2017 23:43:00 GMT-8] Pre-Sync Connection result:
0 (WAIT_OBJECT_0)

------------------------------------------------------------------------------------
[07 MAY 2017 23:43:00 GMT-8] Pre-Sync Response:
<?xml version="1.0"?>
<Pre-sync site_id="364175731" project_guid="57FCA7416EAD763E2E06995A33EE916F" client_revision="0" is_synced_with_ftb="0"/>


====================================================================================
[07 MAY 2017 23:43:00 GMT-8] Downloading Binlog Commands - Preparing for execution...

====================================================================================
[07 MAY 2017 23:43:00 GMT-8] Downloading Binlog Commands Request:
"C:\PROGRA~2\MYHERI~1\Bin\FAMILY~2.EXE" https://www.myheritage.com/FP/API/FTB/ftb-api.php --data "@C:\Users\Eric\AppData\Roaming\MYHERI~1\Temp\dat2C15.tmp" --output "C:\Users\Eric\AppData\Roaming\MYHERI~1\Temp\out2C16.tmp" --stderr "C:\Users\Eric\AppData\Roaming\MYHERI~1\Temp\err2C17.tmp" -A "Family Tree Builder 8.0.0.8318"
---DATA:---
action=api-sync-get-bin-log-transactions&site_admin=ericrborsheim@gmail.com&site_pwd=53d384b89203627f686e06fb83b9fc4bc572ec2c&site_id=364175731&client_program_version=8.0.0.8318&project_guid=57FCA7416EAD763E2E06995A33EE916F&revision=0&offset=0&limit=1
------------------------------------------------------------------------------------
[07 MAY 2017 23:43:00 GMT-8] Downloading Binlog Commands Connection result:
0 (WAIT_OBJECT_0)

------------------------------------------------------------------------------------
[07 MAY 2017 23:43:00 GMT-8] Downloading Binlog Commands Response:
<?xml version="1.0"?>
<Get-bin-log-transactions site_id="364175731" project_guid="57FCA7416EAD763E2E06995A33EE916F" client_revision="0" is_synced_with_ftb="0" total="0">
  <transactions/>
</Get-bin-log-transactions>


====================================================================================
[07 MAY 2017 23:54:19 GMT-8] Pre-Sync - Preparing for execution...

====================================================================================
[07 MAY 2017 23:54:19 GMT-8] Pre-Sync Request:
"C:\PROGRA~2\MYHERI~1\Bin\FAMILY~2.EXE" https://www.myheritage.com/FP/API/FTB/ftb-api.php --data "@C:\Users\Eric\AppData\Roaming\MYHERI~1\Temp\dat881B.tmp" --progress-bar --output "C:\Users\Eric\AppData\Roaming\MYHERI~1\Temp\out882C.tmp" --stderr "C:\Users\Eric\AppData\Roaming\MYHERI~1\Temp\err882D.tmp" -A "Family Tree Builder 8.0.0.8318"
---DATA:---
action=api-sync-pre-sync&site_admin=ericrborsheim@gmail.com&site_pwd=53d384b89203627f686e06fb83b9fc4bc572ec2c&project_guid=57FCA7416EAD763E2E06995A33EE916F&publishing_guid=&revision=0&client_program_version=8.0.0.8318&site_id=364175731&computer_name=DESKTOP-G4N757J&bin_log_transaction_offset=0
------------------------------------------------------------------------------------
[07 MAY 2017 23:54:19 GMT-8] Pre-Sync Connection result:
0 (WAIT_OBJECT_0)

------------------------------------------------------------------------------------
[07 MAY 2017 23:54:19 GMT-8] Pre-Sync Response:
<?xml version="1.0"?>
<Pre-sync site_id="364175731" project_guid="57FCA7416EAD763E2E06995A33EE916F" client_revision="0" is_synced_with_ftb="0"/>


====================================================================================
[07 MAY 2017 23:54:19 GMT-8] Downloading Binlog Commands - Preparing for execution...

====================================================================================
[07 MAY 2017 23:54:19 GMT-8] Downloading Binlog Commands Request:
"C:\PROGRA~2\MYHERI~1\Bin\FAMILY~2.EXE" https://www.myheritage.com/FP/API/FTB/ftb-api.php --data "@C:\Users\Eric\AppData\Roaming\MYHERI~1\Temp\dat8ACE.tmp" --output "C:\Users\Eric\AppData\Roaming\MYHERI~1\Temp\out8ACF.tmp" --stderr "C:\Users\Eric\AppData\Roaming\MYHERI~1\Temp\err8AD0.tmp" -A "Family Tree Builder 8.0.0.8318"
---DATA:---
action=api-sync-get-bin-log-transactions&site_admin=ericrborsheim@gmail.com&site_pwd=53d384b89203627f686e06fb83b9fc4bc572ec2c&site_id=364175731&client_program_version=8.0.0.8318&project_guid=57FCA7416EAD763E2E06995A33EE916F&revision=0&offset=0&limit=1
------------------------------------------------------------------------------------
[07 MAY 2017 23:54:20 GMT-8] Downloading Binlog Commands Connection result:
0 (WAIT_OBJECT_0)

------------------------------------------------------------------------------------
[07 MAY 2017 23:54:20 GMT-8] Downloading Binlog Commands Response:
<?xml version="1.0"?>
<Get-bin-log-transactions site_id="364175731" project_guid="57FCA7416EAD763E2E06995A33EE916F" client_revision="0" is_synced_with_ftb="0" total="0">
  <transactions/>
</Get-bin-log-transactions>


====================================================================================
[08 MAY 2017 00:11:36 GMT-8] Pre-Sync - Preparing for execution...

====================================================================================
[08 MAY 2017 00:11:36 GMT-8] Pre-Sync Request:
"C:\PROGRA~2\MYHERI~1\Bin\FAMILY~2.EXE" https://www.myheritage.com/FP/API/FTB/ftb-api.php --data "@C:\Users\Eric\AppData\Roaming\MYHERI~1\Temp\dat5CE7.tmp" --progress-bar --output "C:\Users\Eric\AppData\Roaming\MYHERI~1\Temp\out5CE8.tmp" --stderr "C:\Users\Eric\AppData\Roaming\MYHERI~1\Temp\err5CE9.tmp" -A "Family Tree Builder 8.0.0.8318"
---DATA:---
action=api-sync-pre-sync&site_admin=ericrborsheim@gmail.com&site_pwd=53d384b89203627f686e06fb83b9fc4bc572ec2c&project_guid=57FCA7416EAD763E2E06995A33EE916F&publishing_guid=&revision=0&client_program_version=8.0.0.8318&site_id=364175731&computer_name=DESKTOP-G4N757J&bin_log_transaction_offset=0
------------------------------------------------------------------------------------
[08 MAY 2017 00:11:37 GMT-8] Pre-Sync Connection result:
0 (WAIT_OBJECT_0)

------------------------------------------------------------------------------------
[08 MAY 2017 00:11:37 GMT-8] Pre-Sync Response:
<?xml version="1.0"?>
<Pre-sync site_id="364175731" project_guid="57FCA7416EAD763E2E06995A33EE916F" client_revision="0" is_synced_with_ftb="0"/>


====================================================================================
[08 MAY 2017 00:11:37 GMT-8] Downloading Binlog Commands - Preparing for execution...

====================================================================================
[08 MAY 2017 00:11:37 GMT-8] Downloading Binlog Commands Request:
"C:\PROGRA~2\MYHERI~1\Bin\FAMILY~2.EXE" https://www.myheritage.com/FP/API/FTB/ftb-api.php --data "@C:\Users\Eric\AppData\Roaming\MYHERI~1\Temp\dat6055.tmp" --output "C:\Users\Eric\AppData\Roaming\MYHERI~1\Temp\out6066.tmp" --stderr "C:\Users\Eric\AppData\Roaming\MYHERI~1\Temp\err6067.tmp" -A "Family Tree Builder 8.0.0.8318"
---DATA:---
action=api-sync-get-bin-log-transactions&site_admin=ericrborsheim@gmail.com&site_pwd=53d384b89203627f686e06fb83b9fc4bc572ec2c&site_id=364175731&client_program_version=8.0.0.8318&project_guid=57FCA7416EAD763E2E06995A33EE916F&revision=0&offset=0&limit=1
------------------------------------------------------------------------------------
[08 MAY 2017 00:11:38 GMT-8] Downloading Binlog Commands Connection result:
0 (WAIT_OBJECT_0)

------------------------------------------------------------------------------------
[08 MAY 2017 00:11:38 GMT-8] Downloading Binlog Commands Response:
<?xml version="1.0"?>
<Get-bin-log-transactions site_id="364175731" project_guid="57FCA7416EAD763E2E06995A33EE916F" client_revision="0" is_synced_with_ftb="0" total="0">
  <transactions/>
</Get-bin-log-transactions>


====================================================================================
[08 MAY 2017 12:59:01 GMT-8] Pre-Sync - Preparing for execution...

====================================================================================
[08 MAY 2017 12:59:01 GMT-8] Pre-Sync Request:
"C:\PROGRA~2\MYHERI~1\Bin\FAMILY~2.EXE" https://www.myheritage.com/FP/API/FTB/ftb-api.php --data "@C:\Users\Eric\AppData\Roaming\MYHERI~1\Temp\datCCA5.tmp" --progress-bar --output "C:\Users\Eric\AppData\Roaming\MYHERI~1\Temp\outCCA6.tmp" --stderr "C:\Users\Eric\AppData\Roaming\MYHERI~1\Temp\errCCA7.tmp" -A "Family Tree Builder 8.0.0.8318"
---DATA:---
action=api-sync-pre-sync&site_admin=ericrborsheim@gmail.com&site_pwd=53d384b89203627f686e06fb83b9fc4bc572ec2c&project_guid=57FCA7416EAD763E2E06995A33EE916F&publishing_guid=&revision=0&client_program_version=8.0.0.8318&site_id=364175731&computer_name=DESKTOP-G4N757J&bin_log_transaction_offset=0
------------------------------------------------------------------------------------
[08 MAY 2017 12:59:03 GMT-8] Pre-Sync Connection result:
0 (WAIT_OBJECT_0)

------------------------------------------------------------------------------------
[08 MAY 2017 12:59:03 GMT-8] Pre-Sync Response:
<?xml version="1.0"?>
<Pre-sync site_id="364175731" project_guid="57FCA7416EAD763E2E06995A33EE916F" client_revision="0" is_synced_with_ftb="0"/>


====================================================================================
[08 MAY 2017 12:59:03 GMT-8] Downloading Binlog Commands - Preparing for execution...

====================================================================================
[08 MAY 2017 12:59:03 GMT-8] Downloading Binlog Commands Request:
"C:\PROGRA~2\MYHERI~1\Bin\FAMILY~2.EXE" https://www.myheritage.com/FP/API/FTB/ftb-api.php --data "@C:\Users\Eric\AppData\Roaming\MYHERI~1\Temp\datD284.tmp" --output "C:\Users\Eric\AppData\Roaming\MYHERI~1\Temp\outD285.tmp" --stderr "C:\Users\Eric\AppData\Roaming\MYHERI~1\Temp\errD286.tmp" -A "Family Tree Builder 8.0.0.8318"
---DATA:---
action=api-sync-get-bin-log-transactions&site_admin=ericrborsheim@gmail.com&site_pwd=53d384b89203627f686e06fb83b9fc4bc572ec2c&site_id=364175731&client_program_version=8.0.0.8318&project_guid=57FCA7416EAD763E2E06995A33EE916F&revision=0&offset=0&limit=1
------------------------------------------------------------------------------------
[08 MAY 2017 12:59:04 GMT-8] Downloading Binlog Commands Connection result:
0 (WAIT_OBJECT_0)

------------------------------------------------------------------------------------
[08 MAY 2017 12:59:04 GMT-8] Downloading Binlog Commands Response:
<?xml version="1.0"?>
<Get-bin-log-transactions site_id="364175731" project_guid="57FCA7416EAD763E2E06995A33EE916F" client_revision="0" is_synced_with_ftb="0" total="0">
  <transactions/>
</Get-bin-log-transactions>


====================================================================================
[08 MAY 2017 20:53:04 GMT-8] Pre-Sync - Preparing for execution...

====================================================================================
[08 MAY 2017 20:53:04 GMT-8] Pre-Sync Request:
"C:\PROGRA~2\MYHERI~1\Bin\FAMILY~2.EXE" https://www.myheritage.com/FP/API/FTB/ftb-api.php --data "@C:\Users\Eric\AppData\Roaming\MYHERI~1\Temp\datCDFC.tmp" --progress-bar --output "C:\Users\Eric\AppData\Roaming\MYHERI~1\Temp\outCE0C.tmp" --stderr "C:\Users\Eric\AppData\Roaming\MYHERI~1\Temp\errCE0D.tmp" -A "Family Tree Builder 8.0.0.8318"
---DATA:---
action=api-sync-pre-sync&site_admin=ericrborsheim@gmail.com&site_pwd=53d384b89203627f686e06fb83b9fc4bc572ec2c&project_guid=57FCA7416EAD763E2E06995A33EE916F&publishing_guid=&revision=0&client_program_version=8.0.0.8318&site_id=364175731&computer_name=DESKTOP-G4N757J&bin_log_transaction_offset=0
------------------------------------------------------------------------------------
[08 MAY 2017 20:53:09 GMT-8] Pre-Sync Connection result:
0 (WAIT_OBJECT_0)

------------------------------------------------------------------------------------
[08 MAY 2017 20:53:09 GMT-8] Pre-Sync Response:
<?xml version="1.0"?>
<Pre-sync site_id="364175731" project_guid="57FCA7416EAD763E2E06995A33EE916F" client_revision="0" is_synced_with_ftb="0"/>


====================================================================================
[08 MAY 2017 20:53:09 GMT-8] Downloading Binlog Commands - Preparing for execution...

====================================================================================
[08 MAY 2017 20:53:09 GMT-8] Downloading Binlog Commands Request:
"C:\PROGRA~2\MYHERI~1\Bin\FAMILY~2.EXE" https://www.myheritage.com/FP/API/FTB/ftb-api.php --data "@C:\Users\Eric\AppData\Roaming\MYHERI~1\Temp\datE1E4.tmp" --output "C:\Users\Eric\AppData\Roaming\MYHERI~1\Temp\outE1E5.tmp" --stderr "C:\Users\Eric\AppData\Roaming\MYHERI~1\Temp\errE1E6.tmp" -A "Family Tree Builder 8.0.0.8318"
---DATA:---
action=api-sync-get-bin-log-transactions&site_admin=ericrborsheim@gmail.com&site_pwd=53d384b89203627f686e06fb83b9fc4bc572ec2c&site_id=364175731&client_program_version=8.0.0.8318&project_guid=57FCA7416EAD763E2E06995A33EE916F&revision=0&offset=0&limit=1
------------------------------------------------------------------------------------
[08 MAY 2017 20:53:11 GMT-8] Downloading Binlog Commands Connection result:
0 (WAIT_OBJECT_0)

------------------------------------------------------------------------------------
[08 MAY 2017 20:53:11 GMT-8] Downloading Binlog Commands Response:
<?xml version="1.0"?>
<Get-bin-log-transactions site_id="364175731" project_guid="57FCA7416EAD763E2E06995A33EE916F" client_revision="0" is_synced_with_ftb="0" total="0">
  <transactions/>
</Get-bin-log-transactions>


====================================================================================
[09 MAY 2017 13:29:28 GMT-8] Pre-Sync - Preparing for execution...

====================================================================================
[09 MAY 2017 13:29:28 GMT-8] Pre-Sync Request:
"C:\PROGRA~2\MYHERI~1\Bin\FAMILY~2.EXE" https://www.myheritage.com/FP/API/FTB/ftb-api.php --data "@C:\Users\Eric\AppData\Roaming\MYHERI~1\Temp\dat851.tmp" --progress-bar --output "C:\Users\Eric\AppData\Roaming\MYHERI~1\Temp\out852.tmp" --stderr "C:\Users\Eric\AppData\Roaming\MYHERI~1\Temp\err863.tmp" -A "Family Tree Builder 8.0.0.8318"
---DATA:---
action=api-sync-pre-sync&site_admin=ericrborsheim@gmail.com&site_pwd=53d384b89203627f686e06fb83b9fc4bc572ec2c&project_guid=57FCA7416EAD763E2E06995A33EE916F&publishing_guid=&revision=0&client_program_version=8.0.0.8318&site_id=364175731&computer_name=DESKTOP-G4N757J&bin_log_transaction_offset=0
------------------------------------------------------------------------------------
[09 MAY 2017 13:29:29 GMT-8] Pre-Sync Connection result:
0 (WAIT_OBJECT_0)

------------------------------------------------------------------------------------
[09 MAY 2017 13:29:29 GMT-8] Pre-Sync Response:
<?xml version="1.0"?>
<Pre-sync site_id="364175731" project_guid="57FCA7416EAD763E2E06995A33EE916F" client_revision="0" is_synced_with_ftb="0"/>


====================================================================================
[09 MAY 2017 13:29:29 GMT-8] Downloading Binlog Commands - Preparing for execution...

====================================================================================
[09 MAY 2017 13:29:29 GMT-8] Downloading Binlog Commands Request:
"C:\PROGRA~2\MYHERI~1\Bin\FAMILY~2.EXE" https://www.myheritage.com/FP/API/FTB/ftb-api.php --data "@C:\Users\Eric\AppData\Roaming\MYHERI~1\Temp\datB33.tmp" --output "C:\Users\Eric\AppData\Roaming\MYHERI~1\Temp\outB34.tmp" --stderr "C:\Users\Eric\AppData\Roaming\MYHERI~1\Temp\errB44.tmp" -A "Family Tree Builder 8.0.0.8318"
---DATA:---
action=api-sync-get-bin-log-transactions&site_admin=ericrborsheim@gmail.com&site_pwd=53d384b89203627f686e06fb83b9fc4bc572ec2c&site_id=364175731&client_program_version=8.0.0.8318&project_guid=57FCA7416EAD763E2E06995A33EE916F&revision=0&offset=0&limit=1
------------------------------------------------------------------------------------
[09 MAY 2017 13:29:30 GMT-8] Downloading Binlog Commands Connection result:
0 (WAIT_OBJECT_0)

------------------------------------------------------------------------------------
[09 MAY 2017 13:29:30 GMT-8] Downloading Binlog Commands Response:
<?xml version="1.0"?>
<Get-bin-log-transactions site_id="364175731" project_guid="57FCA7416EAD763E2E06995A33EE916F" client_revision="0" is_synced_with_ftb="0" total="0">
  <transactions/>
</Get-bin-log-transactions>


====================================================================================
[09 MAY 2017 18:12:18 GMT-8] Pre-Sync - Preparing for execution...

====================================================================================
[09 MAY 2017 18:12:18 GMT-8] Pre-Sync Request:
"C:\PROGRA~2\MYHERI~1\Bin\FAMILY~2.EXE" https://www.myheritage.com/FP/API/FTB/ftb-api.php --data "@C:\Users\Eric\AppData\Roaming\MYHERI~1\Temp\datF96F.tmp" --progress-bar --output "C:\Users\Eric\AppData\Roaming\MYHERI~1\Temp\outF970.tmp" --stderr "C:\Users\Eric\AppData\Roaming\MYHERI~1\Temp\errF971.tmp" -A "Family Tree Builder 8.0.0.8318"
---DATA:---
action=api-sync-pre-sync&site_admin=ericrborsheim@gmail.com&site_pwd=53d384b89203627f686e06fb83b9fc4bc572ec2c&project_guid=57FCA7416EAD763E2E06995A33EE916F&publishing_guid=&revision=0&client_program_version=8.0.0.8318&site_id=364175731&computer_name=DESKTOP-G4N757J&bin_log_transaction_offset=0
------------------------------------------------------------------------------------
[09 MAY 2017 18:12:19 GMT-8] Pre-Sync Connection result:
0 (WAIT_OBJECT_0)

------------------------------------------------------------------------------------
[09 MAY 2017 18:12:19 GMT-8] Pre-Sync Response:
<?xml version="1.0"?>
<Pre-sync site_id="364175731" project_guid="57FCA7416EAD763E2E06995A33EE916F" client_revision="0" is_synced_with_ftb="0"/>


====================================================================================
[09 MAY 2017 18:12:19 GMT-8] Downloading Binlog Commands - Preparing for execution...

====================================================================================
[09 MAY 2017 18:12:19 GMT-8] Downloading Binlog Commands Request:
"C:\PROGRA~2\MYHERI~1\Bin\FAMILY~2.EXE" https://www.myheritage.com/FP/API/FTB/ftb-api.php --data "@C:\Users\Eric\AppData\Roaming\MYHERI~1\Temp\datFEE0.tmp" --output "C:\Users\Eric\AppData\Roaming\MYHERI~1\Temp\outFEE1.tmp" --stderr "C:\Users\Eric\AppData\Roaming\MYHERI~1\Temp\errFEE2.tmp" -A "Family Tree Builder 8.0.0.8318"
---DATA:---
action=api-sync-get-bin-log-transactions&site_admin=ericrborsheim@gmail.com&site_pwd=53d384b89203627f686e06fb83b9fc4bc572ec2c&site_id=364175731&client_program_version=8.0.0.8318&project_guid=57FCA7416EAD763E2E06995A33EE916F&revision=0&offset=0&limit=1
------------------------------------------------------------------------------------
[09 MAY 2017 18:12:20 GMT-8] Downloading Binlog Commands Connection result:
0 (WAIT_OBJECT_0)

------------------------------------------------------------------------------------
[09 MAY 2017 18:12:20 GMT-8] Downloading Binlog Commands Response:
<?xml version="1.0"?>
<Get-bin-log-transactions site_id="364175731" project_guid="57FCA7416EAD763E2E06995A33EE916F" client_revision="0" is_synced_with_ftb="0" total="0">
  <transactions/>
</Get-bin-log-transactions>


====================================================================================
[12 MAY 2017 01:57:06 GMT-8] Pre-Sync - Preparing for execution...

====================================================================================
[12 MAY 2017 01:57:06 GMT-8] Pre-Sync Request:
"C:\PROGRA~2\MYHERI~1\Bin\FAMILY~2.EXE" https://www.myheritage.com/FP/API/FTB/ftb-api.php --data "@C:\Users\Eric\AppData\Roaming\MYHERI~1\Temp\dat6594.tmp" --progress-bar --output "C:\Users\Eric\AppData\Roaming\MYHERI~1\Temp\out6595.tmp" --stderr "C:\Users\Eric\AppData\Roaming\MYHERI~1\Temp\err6596.tmp" -A "Family Tree Builder 8.0.0.8318"
---DATA:---
action=api-sync-pre-sync&site_admin=ericrborsheim@gmail.com&site_pwd=53d384b89203627f686e06fb83b9fc4bc572ec2c&project_guid=57FCA7416EAD763E2E06995A33EE916F&publishing_guid=&revision=0&client_program_version=8.0.0.8318&site_id=364175731&computer_name=DESKTOP-G4N757J&bin_log_transaction_offset=0
------------------------------------------------------------------------------------
[12 MAY 2017 01:57:07 GMT-8] Pre-Sync Connection result:
0 (WAIT_OBJECT_0)

------------------------------------------------------------------------------------
[12 MAY 2017 01:57:07 GMT-8] Pre-Sync Response:
<?xml version="1.0"?>
<Pre-sync site_id="364175731" project_guid="57FCA7416EAD763E2E06995A33EE916F" client_revision="0" is_synced_with_ftb="0"/>


====================================================================================
[12 MAY 2017 01:57:07 GMT-8] Downloading Binlog Commands - Preparing for execution...

====================================================================================
[12 MAY 2017 01:57:07 GMT-8] Downloading Binlog Commands Request:
"C:\PROGRA~2\MYHERI~1\Bin\FAMILY~2.EXE" https://www.myheritage.com/FP/API/FTB/ftb-api.php --data "@C:\Users\Eric\AppData\Roaming\MYHERI~1\Temp\dat69FE.tmp" --output "C:\Users\Eric\AppData\Roaming\MYHERI~1\Temp\out69FF.tmp" --stderr "C:\Users\Eric\AppData\Roaming\MYHERI~1\Temp\err6A00.tmp" -A "Family Tree Builder 8.0.0.8318"
---DATA:---
action=api-sync-get-bin-log-transactions&site_admin=ericrborsheim@gmail.com&site_pwd=53d384b89203627f686e06fb83b9fc4bc572ec2c&site_id=364175731&client_program_version=8.0.0.8318&project_guid=57FCA7416EAD763E2E06995A33EE916F&revision=0&offset=0&limit=1
------------------------------------------------------------------------------------
[12 MAY 2017 01:57:08 GMT-8] Downloading Binlog Commands Connection result:
0 (WAIT_OBJECT_0)

------------------------------------------------------------------------------------
[12 MAY 2017 01:57:08 GMT-8] Downloading Binlog Commands Response:
<?xml version="1.0"?>
<Get-bin-log-transactions site_id="364175731" project_guid="57FCA7416EAD763E2E06995A33EE916F" client_revision="0" is_synced_with_ftb="0" total="0">
  <transactions/>
</Get-bin-log-transactions>


====================================================================================
[12 MAY 2017 22:19:22 GMT-8] Pre-Sync - Preparing for execution...

====================================================================================
[12 MAY 2017 22:19:23 GMT-8] Pre-Sync Request:
"C:\PROGRA~2\MYHERI~1\Bin\FAMILY~2.EXE" https://www.myheritage.com/FP/API/FTB/ftb-api.php --data "@C:\Users\Eric\AppData\Roaming\MYHERI~1\Temp\dat6D61.tmp" --progress-bar --output "C:\Users\Eric\AppData\Roaming\MYHERI~1\Temp\out6D62.tmp" --stderr "C:\Users\Eric\AppData\Roaming\MYHERI~1\Temp\err6D63.tmp" -A "Family Tree Builder 8.0.0.8318"
---DATA:---
action=api-sync-pre-sync&site_admin=ericrborsheim@gmail.com&site_pwd=53d384b89203627f686e06fb83b9fc4bc572ec2c&project_guid=57FCA7416EAD763E2E06995A33EE916F&publishing_guid=&revision=0&client_program_version=8.0.0.8318&site_id=364175731&computer_name=DESKTOP-G4N757J&bin_log_transaction_offset=0
------------------------------------------------------------------------------------
[12 MAY 2017 22:19:27 GMT-8] Pre-Sync Connection result:
0 (WAIT_OBJECT_0)

------------------------------------------------------------------------------------
[12 MAY 2017 22:19:27 GMT-8] Pre-Sync Response:
<?xml version="1.0"?>
<Pre-sync site_id="364175731" project_guid="57FCA7416EAD763E2E06995A33EE916F" client_revision="0" is_synced_with_ftb="0"/>


====================================================================================
[12 MAY 2017 22:19:27 GMT-8] Downloading Binlog Commands - Preparing for execution...

====================================================================================
[12 MAY 2017 22:19:27 GMT-8] Downloading Binlog Commands Request:
"C:\PROGRA~2\MYHERI~1\Bin\FAMILY~2.EXE" https://www.myheritage.com/FP/API/FTB/ftb-api.php --data "@C:\Users\Eric\AppData\Roaming\MYHERI~1\Temp\dat7FC3.tmp" --output "C:\Users\Eric\AppData\Roaming\MYHERI~1\Temp\out7FD4.tmp" --stderr "C:\Users\Eric\AppData\Roaming\MYHERI~1\Temp\err7FD5.tmp" -A "Family Tree Builder 8.0.0.8318"
---DATA:---
action=api-sync-get-bin-log-transactions&site_admin=ericrborsheim@gmail.com&site_pwd=53d384b89203627f686e06fb83b9fc4bc572ec2c&site_id=364175731&client_program_version=8.0.0.8318&project_guid=57FCA7416EAD763E2E06995A33EE916F&revision=0&offset=0&limit=1
------------------------------------------------------------------------------------
[12 MAY 2017 22:19:29 GMT-8] Downloading Binlog Commands Connection result:
0 (WAIT_OBJECT_0)

------------------------------------------------------------------------------------
[12 MAY 2017 22:19:29 GMT-8] Downloading Binlog Commands Response:
<?xml version="1.0"?>
<Get-bin-log-transactions site_id="364175731" project_guid="57FCA7416EAD763E2E06995A33EE916F" client_revision="0" is_synced_with_ftb="0" total="0">
  <transactions/>
</Get-bin-log-transactions>


====================================================================================
[13 MAY 2017 00:49:41 GMT-8] Pre-Sync - Preparing for execution...

====================================================================================
[13 MAY 2017 00:49:41 GMT-8] Pre-Sync Request:
"C:\PROGRA~2\MYHERI~1\Bin\FAMILY~2.EXE" https://www.myheritage.com/FP/API/FTB/ftb-api.php --data "@C:\Users\Eric\AppData\Roaming\MYHERI~1\Temp\datB7B.tmp" --progress-bar --output "C:\Users\Eric\AppData\Roaming\MYHERI~1\Temp\outB7C.tmp" --stderr "C:\Users\Eric\AppData\Roaming\MYHERI~1\Temp\errB7D.tmp" -A "Family Tree Builder 8.0.0.8318"
---DATA:---
action=api-sync-pre-sync&site_admin=ericrborsheim@gmail.com&site_pwd=53d384b89203627f686e06fb83b9fc4bc572ec2c&project_guid=57FCA7416EAD763E2E06995A33EE916F&publishing_guid=&revision=0&client_program_version=8.0.0.8318&site_id=364175731&computer_name=DESKTOP-G4N757J&bin_log_transaction_offset=0
------------------------------------------------------------------------------------
[13 MAY 2017 00:49:43 GMT-8] Pre-Sync Connection result:
0 (WAIT_OBJECT_0)

------------------------------------------------------------------------------------
[13 MAY 2017 00:49:43 GMT-8] Pre-Sync Response:
<?xml version="1.0"?>
<Pre-sync site_id="364175731" project_guid="57FCA7416EAD763E2E06995A33EE916F" client_revision="0" is_synced_with_ftb="0"/>


====================================================================================
[13 MAY 2017 00:49:43 GMT-8] Downloading Binlog Commands - Preparing for execution...

====================================================================================
[13 MAY 2017 00:49:43 GMT-8] Downloading Binlog Commands Request:
"C:\PROGRA~2\MYHERI~1\Bin\FAMILY~2.EXE" https://www.myheritage.com/FP/API/FTB/ftb-api.php --data "@C:\Users\Eric\AppData\Roaming\MYHERI~1\Temp\dat1325.tmp" --output "C:\Users\Eric\AppData\Roaming\MYHERI~1\Temp\out1326.tmp" --stderr "C:\Users\Eric\AppData\Roaming\MYHERI~1\Temp\err1327.tmp" -A "Family Tree Builder 8.0.0.8318"
---DATA:---
action=api-sync-get-bin-log-transactions&site_admin=ericrborsheim@gmail.com&site_pwd=53d384b89203627f686e06fb83b9fc4bc572ec2c&site_id=364175731&client_program_version=8.0.0.8318&project_guid=57FCA7416EAD763E2E06995A33EE916F&revision=0&offset=0&limit=1
------------------------------------------------------------------------------------
[13 MAY 2017 00:49:45 GMT-8] Downloading Binlog Commands Connection result:
0 (WAIT_OBJECT_0)

------------------------------------------------------------------------------------
[13 MAY 2017 00:49:45 GMT-8] Downloading Binlog Commands Response:
<?xml version="1.0"?>
<Get-bin-log-transactions site_id="364175731" project_guid="57FCA7416EAD763E2E06995A33EE916F" client_revision="0" is_synced_with_ftb="0" total="0">
  <transactions/>
</Get-bin-log-transactions>


====================================================================================
[14 MAY 2017 14:23:16 GMT-8] Pre-Sync - Preparing for execution...

====================================================================================
[14 MAY 2017 14:23:16 GMT-8] Pre-Sync Request:
"C:\PROGRA~2\MYHERI~1\Bin\FAMILY~2.EXE" https://www.myheritage.com/FP/API/FTB/ftb-api.php --data "@C:\Users\Eric\AppData\Roaming\MYHERI~1\Temp\datFAC9.tmp" --progress-bar --output "C:\Users\Eric\AppData\Roaming\MYHERI~1\Temp\outFACA.tmp" --stderr "C:\Users\Eric\AppData\Roaming\MYHERI~1\Temp\errFACB.tmp" -A "Family Tree Builder 8.0.0.8318"
---DATA:---
action=api-sync-pre-sync&site_admin=ericrborsheim@gmail.com&site_pwd=53d384b89203627f686e06fb83b9fc4bc572ec2c&project_guid=57FCA7416EAD763E2E06995A33EE916F&publishing_guid=&revision=0&client_program_version=8.0.0.8318&site_id=364175731&computer_name=DESKTOP-G4N757J&bin_log_transaction_offset=0
------------------------------------------------------------------------------------
[14 MAY 2017 14:23:17 GMT-8] Pre-Sync Connection result:
0 (WAIT_OBJECT_0)

------------------------------------------------------------------------------------
[14 MAY 2017 14:23:17 GMT-8] Pre-Sync Response:
<?xml version="1.0"?>
<Pre-sync site_id="364175731" project_guid="57FCA7416EAD763E2E06995A33EE916F" client_revision="0" is_synced_with_ftb="0"/>


====================================================================================
[14 MAY 2017 14:23:17 GMT-8] Downloading Binlog Commands - Preparing for execution...

====================================================================================
[14 MAY 2017 14:23:17 GMT-8] Downloading Binlog Commands Request:
"C:\PROGRA~2\MYHERI~1\Bin\FAMILY~2.EXE" https://www.myheritage.com/FP/API/FTB/ftb-api.php --data "@C:\Users\Eric\AppData\Roaming\MYHERI~1\Temp\datFEB4.tmp" --output "C:\Users\Eric\AppData\Roaming\MYHERI~1\Temp\outFEB5.tmp" --stderr "C:\Users\Eric\AppData\Roaming\MYHERI~1\Temp\errFEC6.tmp" -A "Family Tree Builder 8.0.0.8318"
---DATA:---
action=api-sync-get-bin-log-transactions&site_admin=ericrborsheim@gmail.com&site_pwd=53d384b89203627f686e06fb83b9fc4bc572ec2c&site_id=364175731&client_program_version=8.0.0.8318&project_guid=57FCA7416EAD763E2E06995A33EE916F&revision=0&offset=0&limit=1
------------------------------------------------------------------------------------
[14 MAY 2017 14:23:18 GMT-8] Downloading Binlog Commands Connection result:
0 (WAIT_OBJECT_0)

------------------------------------------------------------------------------------
[14 MAY 2017 14:23:18 GMT-8] Downloading Binlog Commands Response:
<?xml version="1.0"?>
<Get-bin-log-transactions site_id="364175731" project_guid="57FCA7416EAD763E2E06995A33EE916F" client_revision="0" is_synced_with_ftb="0" total="0">
  <transactions/>
</Get-bin-log-transactions>


====================================================================================
[15 MAY 2017 19:05:07 GMT-8] Pre-Sync - Preparing for execution...

====================================================================================
[15 MAY 2017 19:05:07 GMT-8] Pre-Sync Request:
"C:\PROGRA~2\MYHERI~1\Bin\FAMILY~2.EXE" https://www.myheritage.com/FP/API/FTB/ftb-api.php --data "@C:\Users\Eric\AppData\Roaming\MYHERI~1\Temp\dat61CF.tmp" --progress-bar --output "C:\Users\Eric\AppData\Roaming\MYHERI~1\Temp\out620E.tmp" --stderr "C:\Users\Eric\AppData\Roaming\MYHERI~1\Temp\err621F.tmp" -A "Family Tree Builder 8.0.0.8318"
---DATA:---
action=api-sync-pre-sync&site_admin=ericrborsheim@gmail.com&site_pwd=53d384b89203627f686e06fb83b9fc4bc572ec2c&project_guid=57FCA7416EAD763E2E06995A33EE916F&publishing_guid=&revision=0&client_program_version=8.0.0.8318&site_id=364175731&computer_name=DESKTOP-G4N757J&bin_log_transaction_offset=0
------------------------------------------------------------------------------------
[15 MAY 2017 19:05:20 GMT-8] Pre-Sync Connection result:
0 (WAIT_OBJECT_0)

------------------------------------------------------------------------------------
[15 MAY 2017 19:05:20 GMT-8] Pre-Sync Response:
<?xml version="1.0"?>
<Pre-sync site_id="364175731" project_guid="57FCA7416EAD763E2E06995A33EE916F" client_revision="0" is_synced_with_ftb="0"/>


====================================================================================
[15 MAY 2017 19:05:20 GMT-8] Downloading Binlog Commands - Preparing for execution...

====================================================================================
[15 MAY 2017 19:05:20 GMT-8] Downloading Binlog Commands Request:
"C:\PROGRA~2\MYHERI~1\Bin\FAMILY~2.EXE" https://www.myheritage.com/FP/API/FTB/ftb-api.php --data "@C:\Users\Eric\AppData\Roaming\MYHERI~1\Temp\dat9492.tmp" --output "C:\Users\Eric\AppData\Roaming\MYHERI~1\Temp\out9493.tmp" --stderr "C:\Users\Eric\AppData\Roaming\MYHERI~1\Temp\err9494.tmp" -A "Family Tree Builder 8.0.0.8318"
---DATA:---
action=api-sync-get-bin-log-transactions&site_admin=ericrborsheim@gmail.com&site_pwd=53d384b89203627f686e06fb83b9fc4bc572ec2c&site_id=364175731&client_program_version=8.0.0.8318&project_guid=57FCA7416EAD763E2E06995A33EE916F&revision=0&offset=0&limit=1
------------------------------------------------------------------------------------
[15 MAY 2017 19:05:21 GMT-8] Downloading Binlog Commands Connection result:
0 (WAIT_OBJECT_0)

------------------------------------------------------------------------------------
[15 MAY 2017 19:05:21 GMT-8] Downloading Binlog Commands Response:
<?xml version="1.0"?>
<Get-bin-log-transactions site_id="364175731" project_guid="57FCA7416EAD763E2E06995A33EE916F" client_revision="0" is_synced_with_ftb="0" total="0">
  <transactions/>
</Get-bin-log-transactions>


====================================================================================
[15 MAY 2017 23:56:10 GMT-8] Pre-Sync - Preparing for execution...

====================================================================================
[15 MAY 2017 23:56:10 GMT-8] Pre-Sync Request:
"C:\PROGRA~2\MYHERI~1\Bin\FAMILY~2.EXE" https://www.myheritage.com/FP/API/FTB/ftb-api.php --data "@C:\Users\Eric\AppData\Roaming\MYHERI~1\Temp\datD711.tmp" --progress-bar --output "C:\Users\Eric\AppData\Roaming\MYHERI~1\Temp\outD712.tmp" --stderr "C:\Users\Eric\AppData\Roaming\MYHERI~1\Temp\errD713.tmp" -A "Family Tree Builder 8.0.0.8318"
---DATA:---
action=api-sync-pre-sync&site_admin=ericrborsheim@gmail.com&site_pwd=53d384b89203627f686e06fb83b9fc4bc572ec2c&project_guid=57FCA7416EAD763E2E06995A33EE916F&publishing_guid=&revision=0&client_program_version=8.0.0.8318&site_id=364175731&computer_name=DESKTOP-G4N757J&bin_log_transaction_offset=0
------------------------------------------------------------------------------------
[15 MAY 2017 23:56:11 GMT-8] Pre-Sync Connection result:
0 (WAIT_OBJECT_0)

------------------------------------------------------------------------------------
[15 MAY 2017 23:56:11 GMT-8] Pre-Sync Response:
<?xml version="1.0"?>
<Pre-sync site_id="364175731" project_guid="57FCA7416EAD763E2E06995A33EE916F" client_revision="0" is_synced_with_ftb="0"/>


====================================================================================
[15 MAY 2017 23:56:11 GMT-8] Downloading Binlog Commands - Preparing for execution...

====================================================================================
[15 MAY 2017 23:56:11 GMT-8] Downloading Binlog Commands Request:
"C:\PROGRA~2\MYHERI~1\Bin\FAMILY~2.EXE" https://www.myheritage.com/FP/API/FTB/ftb-api.php --data "@C:\Users\Eric\AppData\Roaming\MYHERI~1\Temp\datDA5F.tmp" --output "C:\Users\Eric\AppData\Roaming\MYHERI~1\Temp\outDA60.tmp" --stderr "C:\Users\Eric\AppData\Roaming\MYHERI~1\Temp\errDA61.tmp" -A "Family Tree Builder 8.0.0.8318"
---DATA:---
action=api-sync-get-bin-log-transactions&site_admin=ericrborsheim@gmail.com&site_pwd=53d384b89203627f686e06fb83b9fc4bc572ec2c&site_id=364175731&client_program_version=8.0.0.8318&project_guid=57FCA7416EAD763E2E06995A33EE916F&revision=0&offset=0&limit=1
------------------------------------------------------------------------------------
[15 MAY 2017 23:56:12 GMT-8] Downloading Binlog Commands Connection result:
0 (WAIT_OBJECT_0)

------------------------------------------------------------------------------------
[15 MAY 2017 23:56:12 GMT-8] Downloading Binlog Commands Response:
<?xml version="1.0"?>
<Get-bin-log-transactions site_id="364175731" project_guid="57FCA7416EAD763E2E06995A33EE916F" client_revision="0" is_synced_with_ftb="0" total="0">
  <transactions/>
</Get-bin-log-transactions>


====================================================================================
[16 MAY 2017 16:28:14 GMT-8] Pre-Sync - Preparing for execution...

====================================================================================
[16 MAY 2017 16:28:14 GMT-8] Pre-Sync Request:
"C:\PROGRA~2\MYHERI~1\Bin\FAMILY~2.EXE" https://www.myheritage.com/FP/API/FTB/ftb-api.php --data "@C:\Users\Eric\AppData\Roaming\MYHERI~1\Temp\dat25EB.tmp" --progress-bar --output "C:\Users\Eric\AppData\Roaming\MYHERI~1\Temp\out25EC.tmp" --stderr "C:\Users\Eric\AppData\Roaming\MYHERI~1\Temp\err25ED.tmp" -A "Family Tree Builder 8.0.0.8318"
---DATA:---
action=api-sync-pre-sync&site_admin=ericrborsheim@gmail.com&site_pwd=53d384b89203627f686e06fb83b9fc4bc572ec2c&project_guid=57FCA7416EAD763E2E06995A33EE916F&publishing_guid=&revision=0&client_program_version=8.0.0.8318&site_id=364175731&computer_name=DESKTOP-G4N757J&bin_log_transaction_offset=0
------------------------------------------------------------------------------------
[16 MAY 2017 16:28:15 GMT-8] Pre-Sync Connection result:
0 (WAIT_OBJECT_0)

------------------------------------------------------------------------------------
[16 MAY 2017 16:28:15 GMT-8] Pre-Sync Response:
<?xml version="1.0"?>
<Pre-sync site_id="364175731" project_guid="57FCA7416EAD763E2E06995A33EE916F" client_revision="0" is_synced_with_ftb="0"/>


====================================================================================
[16 MAY 2017 16:28:15 GMT-8] Downloading Binlog Commands - Preparing for execution...

====================================================================================
[16 MAY 2017 16:28:15 GMT-8] Downloading Binlog Commands Request:
"C:\PROGRA~2\MYHERI~1\Bin\FAMILY~2.EXE" https://www.myheritage.com/FP/API/FTB/ftb-api.php --data "@C:\Users\Eric\AppData\Roaming\MYHERI~1\Temp\dat2B1E.tmp" --output "C:\Users\Eric\AppData\Roaming\MYHERI~1\Temp\out2B1F.tmp" --stderr "C:\Users\Eric\AppData\Roaming\MYHERI~1\Temp\err2B20.tmp" -A "Family Tree Builder 8.0.0.8318"
---DATA:---
action=api-sync-get-bin-log-transactions&site_admin=ericrborsheim@gmail.com&site_pwd=53d384b89203627f686e06fb83b9fc4bc572ec2c&site_id=364175731&client_program_version=8.0.0.8318&project_guid=57FCA7416EAD763E2E06995A33EE916F&revision=0&offset=0&limit=1
------------------------------------------------------------------------------------
[16 MAY 2017 16:28:16 GMT-8] Downloading Binlog Commands Connection result:
0 (WAIT_OBJECT_0)

------------------------------------------------------------------------------------
[16 MAY 2017 16:28:16 GMT-8] Downloading Binlog Commands Response:
<?xml version="1.0"?>
<Get-bin-log-transactions site_id="364175731" project_guid="57FCA7416EAD763E2E06995A33EE916F" client_revision="0" is_synced_with_ftb="0" total="0">
  <transactions/>
</Get-bin-log-transactions>


====================================================================================
[17 MAY 2017 16:41:57 GMT-8] Pre-Sync - Preparing for execution...

====================================================================================
[17 MAY 2017 16:41:57 GMT-8] Pre-Sync Request:
"C:\PROGRA~2\MYHERI~1\Bin\FAMILY~2.EXE" https://www.myheritage.com/FP/API/FTB/ftb-api.php --data "@C:\Users\Eric\AppData\Roaming\MYHERI~1\Temp\dat3C2.tmp" --progress-bar --output "C:\Users\Eric\AppData\Roaming\MYHERI~1\Temp\out3C3.tmp" --stderr "C:\Users\Eric\AppData\Roaming\MYHERI~1\Temp\err3C4.tmp" -A "Family Tree Builder 8.0.0.8318"
---DATA:---
action=api-sync-pre-sync&site_admin=ericrborsheim@gmail.com&site_pwd=53d384b89203627f686e06fb83b9fc4bc572ec2c&project_guid=57FCA7416EAD763E2E06995A33EE916F&publishing_guid=&revision=0&client_program_version=8.0.0.8318&site_id=364175731&computer_name=DESKTOP-G4N757J&bin_log_transaction_offset=0
------------------------------------------------------------------------------------
[17 MAY 2017 16:41:58 GMT-8] Pre-Sync Connection result:
0 (WAIT_OBJECT_0)

------------------------------------------------------------------------------------
[17 MAY 2017 16:41:58 GMT-8] Pre-Sync Response:
<?xml version="1.0"?>
<Pre-sync site_id="364175731" project_guid="57FCA7416EAD763E2E06995A33EE916F" client_revision="0" is_synced_with_ftb="0"/>


====================================================================================
[17 MAY 2017 16:41:58 GMT-8] Downloading Binlog Commands - Preparing for execution...

====================================================================================
[17 MAY 2017 16:41:58 GMT-8] Downloading Binlog Commands Request:
"C:\PROGRA~2\MYHERI~1\Bin\FAMILY~2.EXE" https://www.myheritage.com/FP/API/FTB/ftb-api.php --data "@C:\Users\Eric\AppData\Roaming\MYHERI~1\Temp\dat7BD.tmp" --output "C:\Users\Eric\AppData\Roaming\MYHERI~1\Temp\out7BE.tmp" --stderr "C:\Users\Eric\AppData\Roaming\MYHERI~1\Temp\err7BF.tmp" -A "Family Tree Builder 8.0.0.8318"
---DATA:---
action=api-sync-get-bin-log-transactions&site_admin=ericrborsheim@gmail.com&site_pwd=53d384b89203627f686e06fb83b9fc4bc572ec2c&site_id=364175731&client_program_version=8.0.0.8318&project_guid=57FCA7416EAD763E2E06995A33EE916F&revision=0&offset=0&limit=1
------------------------------------------------------------------------------------
[17 MAY 2017 16:41:58 GMT-8] Downloading Binlog Commands Connection result:
0 (WAIT_OBJECT_0)

------------------------------------------------------------------------------------
[17 MAY 2017 16:41:58 GMT-8] Downloading Binlog Commands Response:
<?xml version="1.0"?>
<Get-bin-log-transactions site_id="364175731" project_guid="57FCA7416EAD763E2E06995A33EE916F" client_revision="0" is_synced_with_ftb="0" total="0">
  <transactions/>
</Get-bin-log-transactions>


====================================================================================
[17 MAY 2017 21:06:10 GMT-8] Pre-Sync - Preparing for execution...

====================================================================================
[17 MAY 2017 21:06:10 GMT-8] Pre-Sync Request:
"C:\PROGRA~2\MYHERI~1\Bin\FAMILY~2.EXE" https://www.myheritage.com/FP/API/FTB/ftb-api.php --data "@C:\Users\Eric\AppData\Roaming\MYHERI~1\Temp\datE9F2.tmp" --progress-bar --output "C:\Users\Eric\AppData\Roaming\MYHERI~1\Temp\outE9F3.tmp" --stderr "C:\Users\Eric\AppData\Roaming\MYHERI~1\Temp\errE9F4.tmp" -A "Family Tree Builder 8.0.0.8318"
---DATA:---
action=api-sync-pre-sync&site_admin=ericrborsheim@gmail.com&site_pwd=53d384b89203627f686e06fb83b9fc4bc572ec2c&project_guid=57FCA7416EAD763E2E06995A33EE916F&publishing_guid=&revision=0&client_program_version=8.0.0.8318&site_id=364175731&computer_name=DESKTOP-G4N757J&bin_log_transaction_offset=0
------------------------------------------------------------------------------------
[17 MAY 2017 21:06:11 GMT-8] Pre-Sync Connection result:
0 (WAIT_OBJECT_0)

------------------------------------------------------------------------------------
[17 MAY 2017 21:06:11 GMT-8] Pre-Sync Response:
<?xml version="1.0"?>
<Pre-sync site_id="364175731" project_guid="57FCA7416EAD763E2E06995A33EE916F" client_revision="0" is_synced_with_ftb="0"/>


====================================================================================
[17 MAY 2017 21:06:11 GMT-8] Downloading Binlog Commands - Preparing for execution...

====================================================================================
[17 MAY 2017 21:06:11 GMT-8] Downloading Binlog Commands Request:
"C:\PROGRA~2\MYHERI~1\Bin\FAMILY~2.EXE" https://www.myheritage.com/FP/API/FTB/ftb-api.php --data "@C:\Users\Eric\AppData\Roaming\MYHERI~1\Temp\datEFB7.tmp" --output "C:\Users\Eric\AppData\Roaming\MYHERI~1\Temp\outEFC8.tmp" --stderr "C:\Users\Eric\AppData\Roaming\MYHERI~1\Temp\errEFC9.tmp" -A "Family Tree Builder 8.0.0.8318"
---DATA:---
action=api-sync-get-bin-log-transactions&site_admin=ericrborsheim@gmail.com&site_pwd=53d384b89203627f686e06fb83b9fc4bc572ec2c&site_id=364175731&client_program_version=8.0.0.8318&project_guid=57FCA7416EAD763E2E06995A33EE916F&revision=0&offset=0&limit=1
------------------------------------------------------------------------------------
[17 MAY 2017 21:06:12 GMT-8] Downloading Binlog Commands Connection result:
0 (WAIT_OBJECT_0)

------------------------------------------------------------------------------------
[17 MAY 2017 21:06:12 GMT-8] Downloading Binlog Commands Response:
<?xml version="1.0"?>
<Get-bin-log-transactions site_id="364175731" project_guid="57FCA7416EAD763E2E06995A33EE916F" client_revision="0" is_synced_with_ftb="0" total="0">
  <transactions/>
</Get-bin-log-transactions>


====================================================================================
[17 MAY 2017 22:30:25 GMT-8] Pre-Sync - Preparing for execution...

====================================================================================
[17 MAY 2017 22:30:25 GMT-8] Pre-Sync Request:
"C:\PROGRA~2\MYHERI~1\Bin\FAMILY~2.EXE" https://www.myheritage.com/FP/API/FTB/ftb-api.php --data "@C:\Users\Eric\AppData\Roaming\MYHERI~1\Temp\datD35.tmp" --progress-bar --output "C:\Users\Eric\AppData\Roaming\MYHERI~1\Temp\outD36.tmp" --stderr "C:\Users\Eric\AppData\Roaming\MYHERI~1\Temp\errD47.tmp" -A "Family Tree Builder 8.0.0.8318"
---DATA:---
action=api-sync-pre-sync&site_admin=ericrborsheim@gmail.com&site_pwd=53d384b89203627f686e06fb83b9fc4bc572ec2c&project_guid=57FCA7416EAD763E2E06995A33EE916F&publishing_guid=&revision=0&client_program_version=8.0.0.8318&site_id=364175731&computer_name=DESKTOP-G4N757J&bin_log_transaction_offset=0
------------------------------------------------------------------------------------
[17 MAY 2017 22:30:26 GMT-8] Pre-Sync Connection result:
0 (WAIT_OBJECT_0)

------------------------------------------------------------------------------------
[17 MAY 2017 22:30:26 GMT-8] Pre-Sync Response:
<?xml version="1.0"?>
<Pre-sync site_id="364175731" project_guid="57FCA7416EAD763E2E06995A33EE916F" client_revision="0" is_synced_with_ftb="0"/>


====================================================================================
[17 MAY 2017 22:30:26 GMT-8] Downloading Binlog Commands - Preparing for execution...

====================================================================================
[17 MAY 2017 22:30:26 GMT-8] Downloading Binlog Commands Request:
"C:\PROGRA~2\MYHERI~1\Bin\FAMILY~2.EXE" https://www.myheritage.com/FP/API/FTB/ftb-api.php --data "@C:\Users\Eric\AppData\Roaming\MYHERI~1\Temp\dat10B3.tmp" --output "C:\Users\Eric\AppData\Roaming\MYHERI~1\Temp\out10B4.tmp" --stderr "C:\Users\Eric\AppData\Roaming\MYHERI~1\Temp\err10B5.tmp" -A "Family Tree Builder 8.0.0.8318"
---DATA:---
action=api-sync-get-bin-log-transactions&site_admin=ericrborsheim@gmail.com&site_pwd=53d384b89203627f686e06fb83b9fc4bc572ec2c&site_id=364175731&client_program_version=8.0.0.8318&project_guid=57FCA7416EAD763E2E06995A33EE916F&revision=0&offset=0&limit=1
------------------------------------------------------------------------------------
[17 MAY 2017 22:30:27 GMT-8] Downloading Binlog Commands Connection result:
0 (WAIT_OBJECT_0)

------------------------------------------------------------------------------------
[17 MAY 2017 22:30:27 GMT-8] Downloading Binlog Commands Response:
<?xml version="1.0"?>
<Get-bin-log-transactions site_id="364175731" project_guid="57FCA7416EAD763E2E06995A33EE916F" client_revision="0" is_synced_with_ftb="0" total="0">
  <transactions/>
</Get-bin-log-transactions>


====================================================================================
[18 MAY 2017 22:00:53 GMT-8] Pre-Sync - Preparing for execution...

====================================================================================
[18 MAY 2017 22:00:53 GMT-8] Pre-Sync Request:
"C:\PROGRA~2\MYHERI~1\Bin\FAMILY~2.EXE" https://www.myheritage.com/FP/API/FTB/ftb-api.php --data "@C:\Users\Eric\AppData\Roaming\MYHERI~1\Temp\dat5E88.tmp" --progress-bar --output "C:\Users\Eric\AppData\Roaming\MYHERI~1\Temp\out5E89.tmp" --stderr "C:\Users\Eric\AppData\Roaming\MYHERI~1\Temp\err5E8A.tmp" -A "Family Tree Builder 8.0.0.8318"
---DATA:---
action=api-sync-pre-sync&site_admin=ericrborsheim@gmail.com&site_pwd=53d384b89203627f686e06fb83b9fc4bc572ec2c&project_guid=57FCA7416EAD763E2E06995A33EE916F&publishing_guid=&revision=0&client_program_version=8.0.0.8318&site_id=364175731&computer_name=DESKTOP-G4N757J&bin_log_transaction_offset=0
------------------------------------------------------------------------------------
[18 MAY 2017 22:00:54 GMT-8] Pre-Sync Connection result:
0 (WAIT_OBJECT_0)

------------------------------------------------------------------------------------
[18 MAY 2017 22:00:54 GMT-8] Pre-Sync Response:
<?xml version="1.0"?>
<Pre-sync site_id="364175731" project_guid="57FCA7416EAD763E2E06995A33EE916F" client_revision="0" is_synced_with_ftb="0"/>


====================================================================================
[18 MAY 2017 22:00:54 GMT-8] Downloading Binlog Commands - Preparing for execution...

====================================================================================
[18 MAY 2017 22:00:54 GMT-8] Downloading Binlog Commands Request:
"C:\PROGRA~2\MYHERI~1\Bin\FAMILY~2.EXE" https://www.myheritage.com/FP/API/FTB/ftb-api.php --data "@C:\Users\Eric\AppData\Roaming\MYHERI~1\Temp\dat61A8.tmp" --output "C:\Users\Eric\AppData\Roaming\MYHERI~1\Temp\out61A9.tmp" --stderr "C:\Users\Eric\AppData\Roaming\MYHERI~1\Temp\err61AA.tmp" -A "Family Tree Builder 8.0.0.8318"
---DATA:---
action=api-sync-get-bin-log-transactions&site_admin=ericrborsheim@gmail.com&site_pwd=53d384b89203627f686e06fb83b9fc4bc572ec2c&site_id=364175731&client_program_version=8.0.0.8318&project_guid=57FCA7416EAD763E2E06995A33EE916F&revision=0&offset=0&limit=1
------------------------------------------------------------------------------------
[18 MAY 2017 22:00:55 GMT-8] Downloading Binlog Commands Connection result:
0 (WAIT_OBJECT_0)

------------------------------------------------------------------------------------
[18 MAY 2017 22:00:55 GMT-8] Downloading Binlog Commands Response:
<?xml version="1.0"?>
<Get-bin-log-transactions site_id="364175731" project_guid="57FCA7416EAD763E2E06995A33EE916F" client_revision="0" is_synced_with_ftb="0" total="0">
  <transactions/>
</Get-bin-log-transactions>


====================================================================================
[20 MAY 2017 18:07:21 GMT-8] Pre-Sync - Preparing for execution...

====================================================================================
[20 MAY 2017 18:07:21 GMT-8] Pre-Sync Request:
"C:\PROGRA~2\MYHERI~1\Bin\FAMILY~2.EXE" https://www.myheritage.com/FP/API/FTB/ftb-api.php --data "@C:\Users\Eric\AppData\Roaming\MYHERI~1\Temp\dat48C6.tmp" --progress-bar --output "C:\Users\Eric\AppData\Roaming\MYHERI~1\Temp\out48C7.tmp" --stderr "C:\Users\Eric\AppData\Roaming\MYHERI~1\Temp\err48D8.tmp" -A "Family Tree Builder 8.0.0.8318"
---DATA:---
action=api-sync-pre-sync&site_admin=ericrborsheim@gmail.com&site_pwd=53d384b89203627f686e06fb83b9fc4bc572ec2c&project_guid=57FCA7416EAD763E2E06995A33EE916F&publishing_guid=&revision=0&client_program_version=8.0.0.8318&site_id=364175731&computer_name=DESKTOP-G4N757J&bin_log_transaction_offset=0
------------------------------------------------------------------------------------
[20 MAY 2017 18:07:22 GMT-8] Pre-Sync Connection result:
0 (WAIT_OBJECT_0)

------------------------------------------------------------------------------------
[20 MAY 2017 18:07:22 GMT-8] Pre-Sync Response:
<?xml version="1.0"?>
<Pre-sync site_id="364175731" project_guid="57FCA7416EAD763E2E06995A33EE916F" client_revision="0" is_synced_with_ftb="0"/>


====================================================================================
[20 MAY 2017 18:07:22 GMT-8] Downloading Binlog Commands - Preparing for execution...

====================================================================================
[20 MAY 2017 18:07:22 GMT-8] Downloading Binlog Commands Request:
"C:\PROGRA~2\MYHERI~1\Bin\FAMILY~2.EXE" https://www.myheritage.com/FP/API/FTB/ftb-api.php --data "@C:\Users\Eric\AppData\Roaming\MYHERI~1\Temp\dat4CB1.tmp" --output "C:\Users\Eric\AppData\Roaming\MYHERI~1\Temp\out4CB2.tmp" --stderr "C:\Users\Eric\AppData\Roaming\MYHERI~1\Temp\err4CB3.tmp" -A "Family Tree Builder 8.0.0.8318"
---DATA:---
action=api-sync-get-bin-log-transactions&site_admin=ericrborsheim@gmail.com&site_pwd=53d384b89203627f686e06fb83b9fc4bc572ec2c&site_id=364175731&client_program_version=8.0.0.8318&project_guid=57FCA7416EAD763E2E06995A33EE916F&revision=0&offset=0&limit=1
------------------------------------------------------------------------------------
[20 MAY 2017 18:07:23 GMT-8] Downloading Binlog Commands Connection result:
0 (WAIT_OBJECT_0)

------------------------------------------------------------------------------------
[20 MAY 2017 18:07:23 GMT-8] Downloading Binlog Commands Response:
<?xml version="1.0"?>
<Get-bin-log-transactions site_id="364175731" project_guid="57FCA7416EAD763E2E06995A33EE916F" client_revision="0" is_synced_with_ftb="0" total="0">
  <transactions/>
</Get-bin-log-transactions>


====================================================================================
[22 MAY 2017 15:06:12 GMT-8] Pre-Sync - Preparing for execution...

====================================================================================
[22 MAY 2017 15:06:12 GMT-8] Pre-Sync Request:
"C:\PROGRA~2\MYHERI~1\Bin\FAMILY~2.EXE" https://www.myheritage.com/FP/API/FTB/ftb-api.php --data "@C:\Users\Eric\AppData\Roaming\MYHERI~1\Temp\dat202B.tmp" --progress-bar --output "C:\Users\Eric\AppData\Roaming\MYHERI~1\Temp\out202C.tmp" --stderr "C:\Users\Eric\AppData\Roaming\MYHERI~1\Temp\err202D.tmp" -A "Family Tree Builder 8.0.0.8318"
---DATA:---
action=api-sync-pre-sync&site_admin=ericrborsheim@gmail.com&site_pwd=53d384b89203627f686e06fb83b9fc4bc572ec2c&project_guid=57FCA7416EAD763E2E06995A33EE916F&publishing_guid=&revision=0&client_program_version=8.0.0.8318&site_id=364175731&computer_name=DESKTOP-G4N757J&bin_log_transaction_offset=0
------------------------------------------------------------------------------------
[22 MAY 2017 15:06:15 GMT-8] Pre-Sync Connection result:
0 (WAIT_OBJECT_0)

------------------------------------------------------------------------------------
[22 MAY 2017 15:06:15 GMT-8] Pre-Sync Response:
<?xml version="1.0"?>
<Pre-sync site_id="364175731" project_guid="57FCA7416EAD763E2E06995A33EE916F" client_revision="0" is_synced_with_ftb="0"/>


====================================================================================
[22 MAY 2017 15:06:15 GMT-8] Downloading Binlog Commands - Preparing for execution...

====================================================================================
[22 MAY 2017 15:06:15 GMT-8] Downloading Binlog Commands Request:
"C:\PROGRA~2\MYHERI~1\Bin\FAMILY~2.EXE" https://www.myheritage.com/FP/API/FTB/ftb-api.php --data "@C:\Users\Eric\AppData\Roaming\MYHERI~1\Temp\dat29A6.tmp" --output "C:\Users\Eric\AppData\Roaming\MYHERI~1\Temp\out29A7.tmp" --stderr "C:\Users\Eric\AppData\Roaming\MYHERI~1\Temp\err29B7.tmp" -A "Family Tree Builder 8.0.0.8318"
---DATA:---
action=api-sync-get-bin-log-transactions&site_admin=ericrborsheim@gmail.com&site_pwd=53d384b89203627f686e06fb83b9fc4bc572ec2c&site_id=364175731&client_program_version=8.0.0.8318&project_guid=57FCA7416EAD763E2E06995A33EE916F&revision=0&offset=0&limit=1
------------------------------------------------------------------------------------
[22 MAY 2017 15:06:15 GMT-8] Downloading Binlog Commands Connection result:
0 (WAIT_OBJECT_0)

------------------------------------------------------------------------------------
[22 MAY 2017 15:06:15 GMT-8] Downloading Binlog Commands Response:
<?xml version="1.0"?>
<Get-bin-log-transactions site_id="364175731" project_guid="57FCA7416EAD763E2E06995A33EE916F" client_revision="0" is_synced_with_ftb="0" total="0">
  <transactions/>
</Get-bin-log-transactions>


====================================================================================
[22 MAY 2017 18:58:51 GMT-8] Pre-Sync - Preparing for execution...

====================================================================================
[22 MAY 2017 18:58:51 GMT-8] Pre-Sync Request:
"C:\PROGRA~2\MYHERI~1\Bin\FAMILY~2.EXE" https://www.myheritage.com/FP/API/FTB/ftb-api.php --data "@C:\Users\Eric\AppData\Roaming\MYHERI~1\Temp\dat1FA2.tmp" --progress-bar --output "C:\Users\Eric\AppData\Roaming\MYHERI~1\Temp\out1FB3.tmp" --stderr "C:\Users\Eric\AppData\Roaming\MYHERI~1\Temp\err1FB4.tmp" -A "Family Tree Builder 8.0.0.8318"
---DATA:---
action=api-sync-pre-sync&site_admin=ericrborsheim@gmail.com&site_pwd=53d384b89203627f686e06fb83b9fc4bc572ec2c&project_guid=57FCA7416EAD763E2E06995A33EE916F&publishing_guid=&revision=0&client_program_version=8.0.0.8318&site_id=364175731&computer_name=DESKTOP-G4N757J&bin_log_transaction_offset=0
------------------------------------------------------------------------------------
[22 MAY 2017 18:58:52 GMT-8] Pre-Sync Connection result:
0 (WAIT_OBJECT_0)

------------------------------------------------------------------------------------
[22 MAY 2017 18:58:52 GMT-8] Pre-Sync Response:
<?xml version="1.0"?>
<Pre-sync site_id="364175731" project_guid="57FCA7416EAD763E2E06995A33EE916F" client_revision="0" is_synced_with_ftb="0"/>


====================================================================================
[22 MAY 2017 18:58:52 GMT-8] Downloading Binlog Commands - Preparing for execution...

====================================================================================
[22 MAY 2017 18:58:52 GMT-8] Downloading Binlog Commands Request:
"C:\PROGRA~2\MYHERI~1\Bin\FAMILY~2.EXE" https://www.myheritage.com/FP/API/FTB/ftb-api.php --data "@C:\Users\Eric\AppData\Roaming\MYHERI~1\Temp\dat23FD.tmp" --output "C:\Users\Eric\AppData\Roaming\MYHERI~1\Temp\out240D.tmp" --stderr "C:\Users\Eric\AppData\Roaming\MYHERI~1\Temp\err240E.tmp" -A "Family Tree Builder 8.0.0.8318"
---DATA:---
action=api-sync-get-bin-log-transactions&site_admin=ericrborsheim@gmail.com&site_pwd=53d384b89203627f686e06fb83b9fc4bc572ec2c&site_id=364175731&client_program_version=8.0.0.8318&project_guid=57FCA7416EAD763E2E06995A33EE916F&revision=0&offset=0&limit=1
------------------------------------------------------------------------------------
[22 MAY 2017 18:58:53 GMT-8] Downloading Binlog Commands Connection result:
0 (WAIT_OBJECT_0)

------------------------------------------------------------------------------------
[22 MAY 2017 18:58:53 GMT-8] Downloading Binlog Commands Response:
<?xml version="1.0"?>
<Get-bin-log-transactions site_id="364175731" project_guid="57FCA7416EAD763E2E06995A33EE916F" client_revision="0" is_synced_with_ftb="0" total="0">
  <transactions/>
</Get-bin-log-transactions>


====================================================================================
[24 MAY 2017 16:06:08 GMT-8] Pre-Sync - Preparing for execution...

====================================================================================
[24 MAY 2017 16:06:08 GMT-8] Pre-Sync Request:
"C:\PROGRA~2\MYHERI~1\Bin\FAMILY~2.EXE" https://www.myheritage.com/FP/API/FTB/ftb-api.php --data "@C:\Users\Eric\AppData\Roaming\MYHERI~1\Temp\datB62A.tmp" --progress-bar --output "C:\Users\Eric\AppData\Roaming\MYHERI~1\Temp\outB62B.tmp" --stderr "C:\Users\Eric\AppData\Roaming\MYHERI~1\Temp\errB62C.tmp" -A "Family Tree Builder 8.0.0.8318"
---DATA:---
action=api-sync-pre-sync&site_admin=ericrborsheim@gmail.com&site_pwd=53d384b89203627f686e06fb83b9fc4bc572ec2c&project_guid=57FCA7416EAD763E2E06995A33EE916F&publishing_guid=&revision=0&client_program_version=8.0.0.8318&site_id=364175731&computer_name=DESKTOP-G4N757J&bin_log_transaction_offset=0
------------------------------------------------------------------------------------
[24 MAY 2017 16:06:08 GMT-8] Pre-Sync Connection result:
0 (WAIT_OBJECT_0)

------------------------------------------------------------------------------------
[24 MAY 2017 16:06:08 GMT-8] Pre-Sync Response:
<?xml version="1.0"?>
<Pre-sync site_id="364175731" project_guid="57FCA7416EAD763E2E06995A33EE916F" client_revision="0" is_synced_with_ftb="0"/>


====================================================================================
[24 MAY 2017 16:06:09 GMT-8] Downloading Binlog Commands - Preparing for execution...

====================================================================================
[24 MAY 2017 16:06:09 GMT-8] Downloading Binlog Commands Request:
"C:\PROGRA~2\MYHERI~1\Bin\FAMILY~2.EXE" https://www.myheritage.com/FP/API/FTB/ftb-api.php --data "@C:\Users\Eric\AppData\Roaming\MYHERI~1\Temp\datB88E.tmp" --output "C:\Users\Eric\AppData\Roaming\MYHERI~1\Temp\outB88F.tmp" --stderr "C:\Users\Eric\AppData\Roaming\MYHERI~1\Temp\errB8A0.tmp" -A "Family Tree Builder 8.0.0.8318"
---DATA:---
action=api-sync-get-bin-log-transactions&site_admin=ericrborsheim@gmail.com&site_pwd=53d384b89203627f686e06fb83b9fc4bc572ec2c&site_id=364175731&client_program_version=8.0.0.8318&project_guid=57FCA7416EAD763E2E06995A33EE916F&revision=0&offset=0&limit=1
------------------------------------------------------------------------------------
[24 MAY 2017 16:06:09 GMT-8] Downloading Binlog Commands Connection result:
0 (WAIT_OBJECT_0)

------------------------------------------------------------------------------------
[24 MAY 2017 16:06:09 GMT-8] Downloading Binlog Commands Response:
<?xml version="1.0"?>
<Get-bin-log-transactions site_id="364175731" project_guid="57FCA7416EAD763E2E06995A33EE916F" client_revision="0" is_synced_with_ftb="0" total="0">
  <transactions/>
</Get-bin-log-transactions>


====================================================================================
[24 MAY 2017 22:28:06 GMT-8] Pre-Sync - Preparing for execution...

====================================================================================
[24 MAY 2017 22:28:06 GMT-8] Pre-Sync Request:
"C:\PROGRA~2\MYHERI~1\Bin\FAMILY~2.EXE" https://www.myheritage.com/FP/API/FTB/ftb-api.php --data "@C:\Users\Eric\AppData\Roaming\MYHERI~1\Temp\datE2CB.tmp" --progress-bar --output "C:\Users\Eric\AppData\Roaming\MYHERI~1\Temp\outE2DC.tmp" --stderr "C:\Users\Eric\AppData\Roaming\MYHERI~1\Temp\errE2DD.tmp" -A "Family Tree Builder 8.0.0.8318"
---DATA:---
action=api-sync-pre-sync&site_admin=ericrborsheim@gmail.com&site_pwd=53d384b89203627f686e06fb83b9fc4bc572ec2c&project_guid=57FCA7416EAD763E2E06995A33EE916F&publishing_guid=&revision=0&client_program_version=8.0.0.8318&site_id=364175731&computer_name=DESKTOP-G4N757J&bin_log_transaction_offset=0
------------------------------------------------------------------------------------
[24 MAY 2017 22:28:07 GMT-8] Pre-Sync Connection result:
0 (WAIT_OBJECT_0)

------------------------------------------------------------------------------------
[24 MAY 2017 22:28:07 GMT-8] Pre-Sync Response:
<?xml version="1.0"?>
<Pre-sync site_id="364175731" project_guid="57FCA7416EAD763E2E06995A33EE916F" client_revision="0" is_synced_with_ftb="0"/>


====================================================================================
[24 MAY 2017 22:28:07 GMT-8] Downloading Binlog Commands - Preparing for execution...

====================================================================================
[24 MAY 2017 22:28:07 GMT-8] Downloading Binlog Commands Request:
"C:\PROGRA~2\MYHERI~1\Bin\FAMILY~2.EXE" https://www.myheritage.com/FP/API/FTB/ftb-api.php --data "@C:\Users\Eric\AppData\Roaming\MYHERI~1\Temp\datE60A.tmp" --output "C:\Users\Eric\AppData\Roaming\MYHERI~1\Temp\outE60B.tmp" --stderr "C:\Users\Eric\AppData\Roaming\MYHERI~1\Temp\errE60C.tmp" -A "Family Tree Builder 8.0.0.8318"
---DATA:---
action=api-sync-get-bin-log-transactions&site_admin=ericrborsheim@gmail.com&site_pwd=53d384b89203627f686e06fb83b9fc4bc572ec2c&site_id=364175731&client_program_version=8.0.0.8318&project_guid=57FCA7416EAD763E2E06995A33EE916F&revision=0&offset=0&limit=1
------------------------------------------------------------------------------------
[24 MAY 2017 22:28:08 GMT-8] Downloading Binlog Commands Connection result:
0 (WAIT_OBJECT_0)

------------------------------------------------------------------------------------
[24 MAY 2017 22:28:08 GMT-8] Downloading Binlog Commands Response:
<?xml version="1.0"?>
<Get-bin-log-transactions site_id="364175731" project_guid="57FCA7416EAD763E2E06995A33EE916F" client_revision="0" is_synced_with_ftb="0" total="0">
  <transactions/>
</Get-bin-log-transactions>


====================================================================================
[25 MAY 2017 18:18:50 GMT-8] Pre-Sync - Preparing for execution...

====================================================================================
[25 MAY 2017 18:18:50 GMT-8] Pre-Sync Request:
"C:\PROGRA~2\MYHERI~1\Bin\FAMILY~2.EXE" https://www.myheritage.com/FP/API/FTB/ftb-api.php --data "@C:\Users\Eric\AppData\Roaming\MYHERI~1\Temp\dat657.tmp" --progress-bar --output "C:\Users\Eric\AppData\Roaming\MYHERI~1\Temp\out658.tmp" --stderr "C:\Users\Eric\AppData\Roaming\MYHERI~1\Temp\err659.tmp" -A "Family Tree Builder 8.0.0.8318"
---DATA:---
action=api-sync-pre-sync&site_admin=ericrborsheim@gmail.com&site_pwd=53d384b89203627f686e06fb83b9fc4bc572ec2c&project_guid=57FCA7416EAD763E2E06995A33EE916F&publishing_guid=&revision=0&client_program_version=8.0.0.8318&site_id=364175731&computer_name=DESKTOP-G4N757J&bin_log_transaction_offset=0
ERROR: curl: (35) schannel: failed to receive handshake, SSL/TLS connection failed

ERROR: curl: (35) schannel: failed to receive handshake, SSL/TLS connection failed

------------------------------------------------------------------------------------
[25 MAY 2017 18:19:04 GMT-8] Pre-Sync Connection result:
0 (WAIT_OBJECT_0)

------------------------------------------------------------------------------------
[25 MAY 2017 18:19:04 GMT-8] Pre-Sync Response:
EMPTY RESPONSE

====================================================================================
[26 MAY 2017 22:53:51 GMT-8] Pre-Sync - Preparing for execution...

====================================================================================
[26 MAY 2017 22:53:51 GMT-8] Pre-Sync Request:
"C:\PROGRA~2\MYHERI~1\Bin\FAMILY~2.EXE" https://www.myheritage.com/FP/API/FTB/ftb-api.php --data "@C:\Users\Eric\AppData\Roaming\MYHERI~1\Temp\dat2D91.tmp" --progress-bar --output "C:\Users\Eric\AppData\Roaming\MYHERI~1\Temp\out2D92.tmp" --stderr "C:\Users\Eric\AppData\Roaming\MYHERI~1\Temp\err2D93.tmp" -A "Family Tree Builder 8.0.0.8318"
---DATA:---
action=api-sync-pre-sync&site_admin=ericrborsheim@gmail.com&site_pwd=53d384b89203627f686e06fb83b9fc4bc572ec2c&project_guid=57FCA7416EAD763E2E06995A33EE916F&publishing_guid=&revision=0&client_program_version=8.0.0.8318&site_id=364175731&computer_name=DESKTOP-G4N757J&bin_log_transaction_offset=0
------------------------------------------------------------------------------------
[26 MAY 2017 22:53:57 GMT-8] Pre-Sync Connection result:
0 (WAIT_OBJECT_0)

------------------------------------------------------------------------------------
[26 MAY 2017 22:53:57 GMT-8] Pre-Sync Response:
<?xml version="1.0"?>
<Pre-sync site_id="364175731" project_guid="57FCA7416EAD763E2E06995A33EE916F" client_revision="0" is_synced_with_ftb="0"/>


====================================================================================
[26 MAY 2017 22:53:57 GMT-8] Downloading Binlog Commands - Preparing for execution...

====================================================================================
[26 MAY 2017 22:53:57 GMT-8] Downloading Binlog Commands Request:
"C:\PROGRA~2\MYHERI~1\Bin\FAMILY~2.EXE" https://www.myheritage.com/FP/API/FTB/ftb-api.php --data "@C:\Users\Eric\AppData\Roaming\MYHERI~1\Temp\dat4548.tmp" --output "C:\Users\Eric\AppData\Roaming\MYHERI~1\Temp\out4549.tmp" --stderr "C:\Users\Eric\AppData\Roaming\MYHERI~1\Temp\err454A.tmp" -A "Family Tree Builder 8.0.0.8318"
---DATA:---
action=api-sync-get-bin-log-transactions&site_admin=ericrborsheim@gmail.com&site_pwd=53d384b89203627f686e06fb83b9fc4bc572ec2c&site_id=364175731&client_program_version=8.0.0.8318&project_guid=57FCA7416EAD763E2E06995A33EE916F&revision=0&offset=0&limit=1
------------------------------------------------------------------------------------
[26 MAY 2017 22:54:01 GMT-8] Downloading Binlog Commands Connection result:
0 (WAIT_OBJECT_0)

------------------------------------------------------------------------------------
[26 MAY 2017 22:54:01 GMT-8] Downloading Binlog Commands Response:
<?xml version="1.0"?>
<Get-bin-log-transactions site_id="364175731" project_guid="57FCA7416EAD763E2E06995A33EE916F" client_revision="0" is_synced_with_ftb="0" total="0">
  <transactions/>
</Get-bin-log-transactions>


====================================================================================
[27 MAY 2017 14:32:01 GMT-8] Pre-Sync - Preparing for execution...

====================================================================================
[27 MAY 2017 14:32:01 GMT-8] Pre-Sync Request:
"C:\PROGRA~2\MYHERI~1\Bin\FAMILY~2.EXE" https://www.myheritage.com/FP/API/FTB/ftb-api.php --data "@C:\Users\Eric\AppData\Roaming\MYHERI~1\Temp\dat1959.tmp" --progress-bar --output "C:\Users\Eric\AppData\Roaming\MYHERI~1\Temp\out195A.tmp" --stderr "C:\Users\Eric\AppData\Roaming\MYHERI~1\Temp\err195B.tmp" -A "Family Tree Builder 8.0.0.8318"
---DATA:---
action=api-sync-pre-sync&site_admin=ericrborsheim@gmail.com&site_pwd=53d384b89203627f686e06fb83b9fc4bc572ec2c&project_guid=57FCA7416EAD763E2E06995A33EE916F&publishing_guid=&revision=0&client_program_version=8.0.0.8318&site_id=364175731&computer_name=DESKTOP-G4N757J&bin_log_transaction_offset=0
------------------------------------------------------------------------------------
[27 MAY 2017 14:32:02 GMT-8] Pre-Sync Connection result:
0 (WAIT_OBJECT_0)

------------------------------------------------------------------------------------
[27 MAY 2017 14:32:02 GMT-8] Pre-Sync Response:
<?xml version="1.0"?>
<Pre-sync site_id="364175731" project_guid="57FCA7416EAD763E2E06995A33EE916F" client_revision="0" is_synced_with_ftb="0"/>


====================================================================================
[27 MAY 2017 14:32:02 GMT-8] Downloading Binlog Commands - Preparing for execution...

====================================================================================
[27 MAY 2017 14:32:02 GMT-8] Downloading Binlog Commands Request:
"C:\PROGRA~2\MYHERI~1\Bin\FAMILY~2.EXE" https://www.myheritage.com/FP/API/FTB/ftb-api.php --data "@C:\Users\Eric\AppData\Roaming\MYHERI~1\Temp\dat1C4A.tmp" --output "C:\Users\Eric\AppData\Roaming\MYHERI~1\Temp\out1C4B.tmp" --stderr "C:\Users\Eric\AppData\Roaming\MYHERI~1\Temp\err1C4C.tmp" -A "Family Tree Builder 8.0.0.8318"
---DATA:---
action=api-sync-get-bin-log-transactions&site_admin=ericrborsheim@gmail.com&site_pwd=53d384b89203627f686e06fb83b9fc4bc572ec2c&site_id=364175731&client_program_version=8.0.0.8318&project_guid=57FCA7416EAD763E2E06995A33EE916F&revision=0&offset=0&limit=1
------------------------------------------------------------------------------------
[27 MAY 2017 14:32:03 GMT-8] Downloading Binlog Commands Connection result:
0 (WAIT_OBJECT_0)

------------------------------------------------------------------------------------
[27 MAY 2017 14:32:03 GMT-8] Downloading Binlog Commands Response:
<?xml version="1.0"?>
<Get-bin-log-transactions site_id="364175731" project_guid="57FCA7416EAD763E2E06995A33EE916F" client_revision="0" is_synced_with_ftb="0" total="0">
  <transactions/>
</Get-bin-log-transactions>


====================================================================================
[28 MAY 2017 14:18:28 GMT-8] Pre-Sync - Preparing for execution...

====================================================================================
[28 MAY 2017 14:18:28 GMT-8] Pre-Sync Request:
"C:\PROGRA~2\MYHERI~1\Bin\FAMILY~2.EXE" https://www.myheritage.com/FP/API/FTB/ftb-api.php --data "@C:\Users\Eric\AppData\Roaming\MYHERI~1\Temp\datBF8.tmp" --progress-bar --output "C:\Users\Eric\AppData\Roaming\MYHERI~1\Temp\outBF9.tmp" --stderr "C:\Users\Eric\AppData\Roaming\MYHERI~1\Temp\errBFA.tmp" -A "Family Tree Builder 8.0.0.8318"
---DATA:---
action=api-sync-pre-sync&site_admin=ericrborsheim@gmail.com&site_pwd=53d384b89203627f686e06fb83b9fc4bc572ec2c&project_guid=57FCA7416EAD763E2E06995A33EE916F&publishing_guid=&revision=0&client_program_version=8.0.0.8318&site_id=364175731&computer_name=DESKTOP-G4N757J&bin_log_transaction_offset=0
------------------------------------------------------------------------------------
[28 MAY 2017 14:18:29 GMT-8] Pre-Sync Connection result:
0 (WAIT_OBJECT_0)

------------------------------------------------------------------------------------
[28 MAY 2017 14:18:29 GMT-8] Pre-Sync Response:
<?xml version="1.0"?>
<Pre-sync site_id="364175731" project_guid="57FCA7416EAD763E2E06995A33EE916F" client_revision="0" is_synced_with_ftb="0"/>


====================================================================================
[28 MAY 2017 14:18:29 GMT-8] Downloading Binlog Commands - Preparing for execution...

====================================================================================
[28 MAY 2017 14:18:29 GMT-8] Downloading Binlog Commands Request:
"C:\PROGRA~2\MYHERI~1\Bin\FAMILY~2.EXE" https://www.myheritage.com/FP/API/FTB/ftb-api.php --data "@C:\Users\Eric\AppData\Roaming\MYHERI~1\Temp\datF56.tmp" --output "C:\Users\Eric\AppData\Roaming\MYHERI~1\Temp\outF57.tmp" --stderr "C:\Users\Eric\AppData\Roaming\MYHERI~1\Temp\errF58.tmp" -A "Family Tree Builder 8.0.0.8318"
---DATA:---
action=api-sync-get-bin-log-transactions&site_admin=ericrborsheim@gmail.com&site_pwd=53d384b89203627f686e06fb83b9fc4bc572ec2c&site_id=364175731&client_program_version=8.0.0.8318&project_guid=57FCA7416EAD763E2E06995A33EE916F&revision=0&offset=0&limit=1
------------------------------------------------------------------------------------
[28 MAY 2017 14:18:30 GMT-8] Downloading Binlog Commands Connection result:
0 (WAIT_OBJECT_0)

------------------------------------------------------------------------------------
[28 MAY 2017 14:18:30 GMT-8] Downloading Binlog Commands Response:
<?xml version="1.0"?>
<Get-bin-log-transactions site_id="364175731" project_guid="57FCA7416EAD763E2E06995A33EE916F" client_revision="0" is_synced_with_ftb="0" total="0">
  <transactions/>
</Get-bin-log-transactions>


====================================================================================
[29 MAY 2017 09:52:37 GMT-8] Pre-Sync - Preparing for execution...

====================================================================================
[29 MAY 2017 09:52:37 GMT-8] Pre-Sync Request:
"C:\PROGRA~2\MYHERI~1\Bin\FAMILY~2.EXE" https://www.myheritage.com/FP/API/FTB/ftb-api.php --data "@C:\Users\Eric\AppData\Roaming\MYHERI~1\Temp\dat33E.tmp" --progress-bar --output "C:\Users\Eric\AppData\Roaming\MYHERI~1\Temp\out33F.tmp" --stderr "C:\Users\Eric\AppData\Roaming\MYHERI~1\Temp\err340.tmp" -A "Family Tree Builder 8.0.0.8318"
---DATA:---
action=api-sync-pre-sync&site_admin=ericrborsheim@gmail.com&site_pwd=53d384b89203627f686e06fb83b9fc4bc572ec2c&project_guid=57FCA7416EAD763E2E06995A33EE916F&publishing_guid=&revision=0&client_program_version=8.0.0.8318&site_id=364175731&computer_name=DESKTOP-G4N757J&bin_log_transaction_offset=0
------------------------------------------------------------------------------------
[29 MAY 2017 09:52:39 GMT-8] Pre-Sync Connection result:
0 (WAIT_OBJECT_0)

------------------------------------------------------------------------------------
[29 MAY 2017 09:52:39 GMT-8] Pre-Sync Response:
<?xml version="1.0"?>
<Pre-sync site_id="364175731" project_guid="57FCA7416EAD763E2E06995A33EE916F" client_revision="0" is_synced_with_ftb="0"/>


====================================================================================
[29 MAY 2017 09:52:39 GMT-8] Downloading Binlog Commands - Preparing for execution...

====================================================================================
[29 MAY 2017 09:52:39 GMT-8] Downloading Binlog Commands Request:
"C:\PROGRA~2\MYHERI~1\Bin\FAMILY~2.EXE" https://www.myheritage.com/FP/API/FTB/ftb-api.php --data "@C:\Users\Eric\AppData\Roaming\MYHERI~1\Temp\datA36.tmp" --output "C:\Users\Eric\AppData\Roaming\MYHERI~1\Temp\outA37.tmp" --stderr "C:\Users\Eric\AppData\Roaming\MYHERI~1\Temp\errA38.tmp" -A "Family Tree Builder 8.0.0.8318"
---DATA:---
action=api-sync-get-bin-log-transactions&site_admin=ericrborsheim@gmail.com&site_pwd=53d384b89203627f686e06fb83b9fc4bc572ec2c&site_id=364175731&client_program_version=8.0.0.8318&project_guid=57FCA7416EAD763E2E06995A33EE916F&revision=0&offset=0&limit=1
------------------------------------------------------------------------------------
[29 MAY 2017 09:52:40 GMT-8] Downloading Binlog Commands Connection result:
0 (WAIT_OBJECT_0)

------------------------------------------------------------------------------------
[29 MAY 2017 09:52:40 GMT-8] Downloading Binlog Commands Response:
<?xml version="1.0"?>
<Get-bin-log-transactions site_id="364175731" project_guid="57FCA7416EAD763E2E06995A33EE916F" client_revision="0" is_synced_with_ftb="0" total="0">
  <transactions/>
</Get-bin-log-transactions>


====================================================================================
[29 MAY 2017 09:53:05 GMT-8] Pre-Sync - Preparing for execution...

====================================================================================
[29 MAY 2017 09:53:05 GMT-8] Pre-Sync Request:
"C:\PROGRA~2\MYHERI~1\Bin\FAMILY~2.EXE" https://www.myheritage.com/FP/API/FTB/ftb-api.php --data "@C:\Users\Eric\AppData\Roaming\MYHERI~1\Temp\dat7275.tmp" --progress-bar --output "C:\Users\Eric\AppData\Roaming\MYHERI~1\Temp\out7276.tmp" --stderr "C:\Users\Eric\AppData\Roaming\MYHERI~1\Temp\err7277.tmp" -A "Family Tree Builder 8.0.0.8318"
---DATA:---
action=api-sync-pre-sync&site_admin=ericrborsheim@gmail.com&site_pwd=53d384b89203627f686e06fb83b9fc4bc572ec2c&project_guid=57FCA7416EAD763E2E06995A33EE916F&publishing_guid=&revision=0&client_program_version=8.0.0.8318&site_id=364175731&computer_name=DESKTOP-G4N757J&bin_log_transaction_offset=0
------------------------------------------------------------------------------------
[29 MAY 2017 09:53:07 GMT-8] Pre-Sync Connection result:
0 (WAIT_OBJECT_0)

------------------------------------------------------------------------------------
[29 MAY 2017 09:53:07 GMT-8] Pre-Sync Response:
<?xml version="1.0"?>
<Pre-sync site_id="364175731" project_guid="57FCA7416EAD763E2E06995A33EE916F" client_revision="0" is_synced_with_ftb="0"/>


====================================================================================
[29 MAY 2017 09:53:07 GMT-8] Downloading Binlog Commands - Preparing for execution...

====================================================================================
[29 MAY 2017 09:53:07 GMT-8] Downloading Binlog Commands Request:
"C:\PROGRA~2\MYHERI~1\Bin\FAMILY~2.EXE" https://www.myheritage.com/FP/API/FTB/ftb-api.php --data "@C:\Users\Eric\AppData\Roaming\MYHERI~1\Temp\dat78B2.tmp" --output "C:\Users\Eric\AppData\Roaming\MYHERI~1\Temp\out78B3.tmp" --stderr "C:\Users\Eric\AppData\Roaming\MYHERI~1\Temp\err78B4.tmp" -A "Family Tree Builder 8.0.0.8318"
---DATA:---
action=api-sync-get-bin-log-transactions&site_admin=ericrborsheim@gmail.com&site_pwd=53d384b89203627f686e06fb83b9fc4bc572ec2c&site_id=364175731&client_program_version=8.0.0.8318&project_guid=57FCA7416EAD763E2E06995A33EE916F&revision=0&offset=0&limit=1
------------------------------------------------------------------------------------
[29 MAY 2017 09:53:09 GMT-8] Downloading Binlog Commands Connection result:
0 (WAIT_OBJECT_0)

------------------------------------------------------------------------------------
[29 MAY 2017 09:53:09 GMT-8] Downloading Binlog Commands Response:
<?xml version="1.0"?>
<Get-bin-log-transactions site_id="364175731" project_guid="57FCA7416EAD763E2E06995A33EE916F" client_revision="0" is_synced_with_ftb="0" total="0">
  <transactions/>
</Get-bin-log-transactions>


====================================================================================
[30 MAY 2017 13:32:48 GMT-8] Pre-Sync - Preparing for execution...

====================================================================================
[30 MAY 2017 13:32:49 GMT-8] Pre-Sync Request:
"C:\PROGRA~2\MYHERI~1\Bin\FAMILY~2.EXE" https://www.myheritage.com/FP/API/FTB/ftb-api.php --data "@C:\Users\Eric\AppData\Roaming\MYHERI~1\Temp\datF787.tmp" --progress-bar --output "C:\Users\Eric\AppData\Roaming\MYHERI~1\Temp\outF788.tmp" --stderr "C:\Users\Eric\AppData\Roaming\MYHERI~1\Temp\errF789.tmp" -A "Family Tree Builder 8.0.0.8318"
---DATA:---
action=api-sync-pre-sync&site_admin=ericrborsheim@gmail.com&site_pwd=53d384b89203627f686e06fb83b9fc4bc572ec2c&project_guid=57FCA7416EAD763E2E06995A33EE916F&publishing_guid=&revision=0&client_program_version=8.0.0.8318&site_id=364175731&computer_name=DESKTOP-G4N757J&bin_log_transaction_offset=0
------------------------------------------------------------------------------------
[30 MAY 2017 13:32:51 GMT-8] Pre-Sync Connection result:
0 (WAIT_OBJECT_0)

------------------------------------------------------------------------------------
[30 MAY 2017 13:32:51 GMT-8] Pre-Sync Response:
<?xml version="1.0"?>
<Pre-sync site_id="364175731" project_guid="57FCA7416EAD763E2E06995A33EE916F" client_revision="0" is_synced_with_ftb="0"/>


====================================================================================
[30 MAY 2017 13:32:51 GMT-8] Downloading Binlog Commands - Preparing for execution...

====================================================================================
[30 MAY 2017 13:32:51 GMT-8] Downloading Binlog Commands Request:
"C:\PROGRA~2\MYHERI~1\Bin\FAMILY~2.EXE" https://www.myheritage.com/FP/API/FTB/ftb-api.php --data "@C:\Users\Eric\AppData\Roaming\MYHERI~1\Temp\dat19D.tmp" --output "C:\Users\Eric\AppData\Roaming\MYHERI~1\Temp\out19E.tmp" --stderr "C:\Users\Eric\AppData\Roaming\MYHERI~1\Temp\err19F.tmp" -A "Family Tree Builder 8.0.0.8318"
---DATA:---
action=api-sync-get-bin-log-transactions&site_admin=ericrborsheim@gmail.com&site_pwd=53d384b89203627f686e06fb83b9fc4bc572ec2c&site_id=364175731&client_program_version=8.0.0.8318&project_guid=57FCA7416EAD763E2E06995A33EE916F&revision=0&offset=0&limit=1
------------------------------------------------------------------------------------
[30 MAY 2017 13:32:52 GMT-8] Downloading Binlog Commands Connection result:
0 (WAIT_OBJECT_0)

------------------------------------------------------------------------------------
[30 MAY 2017 13:32:52 GMT-8] Downloading Binlog Commands Response:
<?xml version="1.0"?>
<Get-bin-log-transactions site_id="364175731" project_guid="57FCA7416EAD763E2E06995A33EE916F" client_revision="0" is_synced_with_ftb="0" total="0">
  <transactions/>
</Get-bin-log-transactions>


====================================================================================
[30 MAY 2017 20:50:22 GMT-8] Pre-Sync - Preparing for execution...

====================================================================================
[30 MAY 2017 20:50:22 GMT-8] Pre-Sync Request:
"C:\PROGRA~2\MYHERI~1\Bin\FAMILY~2.EXE" https://www.myheritage.com/FP/API/FTB/ftb-api.php --data "@C:\Users\Eric\AppData\Roaming\MYHERI~1\Temp\dat90B4.tmp" --progress-bar --output "C:\Users\Eric\AppData\Roaming\MYHERI~1\Temp\out90B5.tmp" --stderr "C:\Users\Eric\AppData\Roaming\MYHERI~1\Temp\err90B6.tmp" -A "Family Tree Builder 8.0.0.8318"
---DATA:---
action=api-sync-pre-sync&site_admin=ericrborsheim@gmail.com&site_pwd=53d384b89203627f686e06fb83b9fc4bc572ec2c&project_guid=57FCA7416EAD763E2E06995A33EE916F&publishing_guid=&revision=0&client_program_version=8.0.0.8318&site_id=364175731&computer_name=DESKTOP-G4N757J&bin_log_transaction_offset=0
------------------------------------------------------------------------------------
[30 MAY 2017 20:50:23 GMT-8] Pre-Sync Connection result:
0 (WAIT_OBJECT_0)

------------------------------------------------------------------------------------
[30 MAY 2017 20:50:23 GMT-8] Pre-Sync Response:
<?xml version="1.0"?>
<Pre-sync site_id="364175731" project_guid="57FCA7416EAD763E2E06995A33EE916F" client_revision="0" is_synced_with_ftb="0"/>


====================================================================================
[30 MAY 2017 20:50:23 GMT-8] Downloading Binlog Commands - Preparing for execution...

====================================================================================
[30 MAY 2017 20:50:23 GMT-8] Downloading Binlog Commands Request:
"C:\PROGRA~2\MYHERI~1\Bin\FAMILY~2.EXE" https://www.myheritage.com/FP/API/FTB/ftb-api.php --data "@C:\Users\Eric\AppData\Roaming\MYHERI~1\Temp\dat9441.tmp" --output "C:\Users\Eric\AppData\Roaming\MYHERI~1\Temp\out9442.tmp" --stderr "C:\Users\Eric\AppData\Roaming\MYHERI~1\Temp\err9443.tmp" -A "Family Tree Builder 8.0.0.8318"
---DATA:---
action=api-sync-get-bin-log-transactions&site_admin=ericrborsheim@gmail.com&site_pwd=53d384b89203627f686e06fb83b9fc4bc572ec2c&site_id=364175731&client_program_version=8.0.0.8318&project_guid=57FCA7416EAD763E2E06995A33EE916F&revision=0&offset=0&limit=1
------------------------------------------------------------------------------------
[30 MAY 2017 20:50:23 GMT-8] Downloading Binlog Commands Connection result:
0 (WAIT_OBJECT_0)

------------------------------------------------------------------------------------
[30 MAY 2017 20:50:23 GMT-8] Downloading Binlog Commands Response:
<?xml version="1.0"?>
<Get-bin-log-transactions site_id="364175731" project_guid="57FCA7416EAD763E2E06995A33EE916F" client_revision="0" is_synced_with_ftb="0" total="0">
  <transactions/>
</Get-bin-log-transactions>


====================================================================================
[31 MAY 2017 12:14:34 GMT-8] Pre-Sync - Preparing for execution...

====================================================================================
[31 MAY 2017 12:14:34 GMT-8] Pre-Sync Request:
"C:\PROGRA~2\MYHERI~1\Bin\FAMILY~2.EXE" https://www.myheritage.com/FP/API/FTB/ftb-api.php --data "@C:\Users\Eric\AppData\Roaming\MYHERI~1\Temp\datB1D4.tmp" --progress-bar --output "C:\Users\Eric\AppData\Roaming\MYHERI~1\Temp\outB1D5.tmp" --stderr "C:\Users\Eric\AppData\Roaming\MYHERI~1\Temp\errB1D6.tmp" -A "Family Tree Builder 8.0.0.8318"
---DATA:---
action=api-sync-pre-sync&site_admin=ericrborsheim@gmail.com&site_pwd=53d384b89203627f686e06fb83b9fc4bc572ec2c&project_guid=57FCA7416EAD763E2E06995A33EE916F&publishing_guid=&revision=0&client_program_version=8.0.0.8318&site_id=364175731&computer_name=DESKTOP-G4N757J&bin_log_transaction_offset=0
------------------------------------------------------------------------------------
[31 MAY 2017 12:14:35 GMT-8] Pre-Sync Connection result:
0 (WAIT_OBJECT_0)

------------------------------------------------------------------------------------
[31 MAY 2017 12:14:35 GMT-8] Pre-Sync Response:
<?xml version="1.0"?>
<Pre-sync site_id="364175731" project_guid="57FCA7416EAD763E2E06995A33EE916F" client_revision="0" is_synced_with_ftb="0"/>


====================================================================================
[31 MAY 2017 12:14:35 GMT-8] Downloading Binlog Commands - Preparing for execution...

====================================================================================
[31 MAY 2017 12:14:35 GMT-8] Downloading Binlog Commands Request:
"C:\PROGRA~2\MYHERI~1\Bin\FAMILY~2.EXE" https://www.myheritage.com/FP/API/FTB/ftb-api.php --data "@C:\Users\Eric\AppData\Roaming\MYHERI~1\Temp\datB6D9.tmp" --output "C:\Users\Eric\AppData\Roaming\MYHERI~1\Temp\outB6DA.tmp" --stderr "C:\Users\Eric\AppData\Roaming\MYHERI~1\Temp\errB6DB.tmp" -A "Family Tree Builder 8.0.0.8318"
---DATA:---
action=api-sync-get-bin-log-transactions&site_admin=ericrborsheim@gmail.com&site_pwd=53d384b89203627f686e06fb83b9fc4bc572ec2c&site_id=364175731&client_program_version=8.0.0.8318&project_guid=57FCA7416EAD763E2E06995A33EE916F&revision=0&offset=0&limit=1
------------------------------------------------------------------------------------
[31 MAY 2017 12:14:36 GMT-8] Downloading Binlog Commands Connection result:
0 (WAIT_OBJECT_0)

------------------------------------------------------------------------------------
[31 MAY 2017 12:14:36 GMT-8] Downloading Binlog Commands Response:
<?xml version="1.0"?>
<Get-bin-log-transactions site_id="364175731" project_guid="57FCA7416EAD763E2E06995A33EE916F" client_revision="0" is_synced_with_ftb="0" total="0">
  <transactions/>
</Get-bin-log-transactions>


====================================================================================
[01 JUN 2017 11:44:29 GMT-8] Pre-Sync - Preparing for execution...

====================================================================================
[01 JUN 2017 11:44:29 GMT-8] Pre-Sync Request:
"C:\PROGRA~2\MYHERI~1\Bin\FAMILY~2.EXE" https://www.myheritage.com/FP/API/FTB/ftb-api.php --data "@C:\Users\Eric\AppData\Roaming\MYHERI~1\Temp\dat1601.tmp" --progress-bar --output "C:\Users\Eric\AppData\Roaming\MYHERI~1\Temp\out1602.tmp" --stderr "C:\Users\Eric\AppData\Roaming\MYHERI~1\Temp\err1603.tmp" -A "Family Tree Builder 8.0.0.8318"
---DATA:---
action=api-sync-pre-sync&site_admin=ericrborsheim@gmail.com&site_pwd=53d384b89203627f686e06fb83b9fc4bc572ec2c&project_guid=57FCA7416EAD763E2E06995A33EE916F&publishing_guid=&revision=0&client_program_version=8.0.0.8318&site_id=364175731&computer_name=DESKTOP-G4N757J&bin_log_transaction_offset=0
------------------------------------------------------------------------------------
[01 JUN 2017 11:44:29 GMT-8] Pre-Sync Connection result:
0 (WAIT_OBJECT_0)

------------------------------------------------------------------------------------
[01 JUN 2017 11:44:29 GMT-8] Pre-Sync Response:
<?xml version="1.0"?>
<Pre-sync site_id="364175731" project_guid="57FCA7416EAD763E2E06995A33EE916F" client_revision="0" is_synced_with_ftb="0"/>


====================================================================================
[01 JUN 2017 11:44:29 GMT-8] Downloading Binlog Commands - Preparing for execution...

====================================================================================
[01 JUN 2017 11:44:29 GMT-8] Downloading Binlog Commands Request:
"C:\PROGRA~2\MYHERI~1\Bin\FAMILY~2.EXE" https://www.myheritage.com/FP/API/FTB/ftb-api.php --data "@C:\Users\Eric\AppData\Roaming\MYHERI~1\Temp\dat1894.tmp" --output "C:\Users\Eric\AppData\Roaming\MYHERI~1\Temp\out1895.tmp" --stderr "C:\Users\Eric\AppData\Roaming\MYHERI~1\Temp\err18A5.tmp" -A "Family Tree Builder 8.0.0.8318"
---DATA:---
action=api-sync-get-bin-log-transactions&site_admin=ericrborsheim@gmail.com&site_pwd=53d384b89203627f686e06fb83b9fc4bc572ec2c&site_id=364175731&client_program_version=8.0.0.8318&project_guid=57FCA7416EAD763E2E06995A33EE916F&revision=0&offset=0&limit=1
------------------------------------------------------------------------------------
[01 JUN 2017 11:44:30 GMT-8] Downloading Binlog Commands Connection result:
0 (WAIT_OBJECT_0)

------------------------------------------------------------------------------------
[01 JUN 2017 11:44:30 GMT-8] Downloading Binlog Commands Response:
<?xml version="1.0"?>
<Get-bin-log-transactions site_id="364175731" project_guid="57FCA7416EAD763E2E06995A33EE916F" client_revision="0" is_synced_with_ftb="0" total="0">
  <transactions/>
</Get-bin-log-transactions>


====================================================================================
[01 JUN 2017 18:34:24 GMT-8] Pre-Sync - Preparing for execution...

====================================================================================
[01 JUN 2017 18:34:24 GMT-8] Pre-Sync Request:
"C:\PROGRA~2\MYHERI~1\Bin\FAMILY~2.EXE" https://www.myheritage.com/FP/API/FTB/ftb-api.php --data "@C:\Users\Eric\AppData\Roaming\MYHERI~1\Temp\dat602C.tmp" --progress-bar --output "C:\Users\Eric\AppData\Roaming\MYHERI~1\Temp\out603D.tmp" --stderr "C:\Users\Eric\AppData\Roaming\MYHERI~1\Temp\err603E.tmp" -A "Family Tree Builder 8.0.0.8318"
---DATA:---
action=api-sync-pre-sync&site_admin=ericrborsheim@gmail.com&site_pwd=53d384b89203627f686e06fb83b9fc4bc572ec2c&project_guid=57FCA7416EAD763E2E06995A33EE916F&publishing_guid=&revision=0&client_program_version=8.0.0.8318&site_id=364175731&computer_name=DESKTOP-G4N757J&bin_log_transaction_offset=0
------------------------------------------------------------------------------------
[01 JUN 2017 18:34:24 GMT-8] Pre-Sync Connection result:
0 (WAIT_OBJECT_0)

------------------------------------------------------------------------------------
[01 JUN 2017 18:34:24 GMT-8] Pre-Sync Response:
<?xml version="1.0"?>
<Pre-sync site_id="364175731" project_guid="57FCA7416EAD763E2E06995A33EE916F" client_revision="0" is_synced_with_ftb="0"/>


====================================================================================
[01 JUN 2017 18:34:24 GMT-8] Downloading Binlog Commands - Preparing for execution...

====================================================================================
[01 JUN 2017 18:34:24 GMT-8] Downloading Binlog Commands Request:
"C:\PROGRA~2\MYHERI~1\Bin\FAMILY~2.EXE" https://www.myheritage.com/FP/API/FTB/ftb-api.php --data "@C:\Users\Eric\AppData\Roaming\MYHERI~1\Temp\dat631D.tmp" --output "C:\Users\Eric\AppData\Roaming\MYHERI~1\Temp\out631E.tmp" --stderr "C:\Users\Eric\AppData\Roaming\MYHERI~1\Temp\err631F.tmp" -A "Family Tree Builder 8.0.0.8318"
---DATA:---
action=api-sync-get-bin-log-transactions&site_admin=ericrborsheim@gmail.com&site_pwd=53d384b89203627f686e06fb83b9fc4bc572ec2c&site_id=364175731&client_program_version=8.0.0.8318&project_guid=57FCA7416EAD763E2E06995A33EE916F&revision=0&offset=0&limit=1
------------------------------------------------------------------------------------
[01 JUN 2017 18:34:25 GMT-8] Downloading Binlog Commands Connection result:
0 (WAIT_OBJECT_0)

------------------------------------------------------------------------------------
[01 JUN 2017 18:34:25 GMT-8] Downloading Binlog Commands Response:
<?xml version="1.0"?>
<Get-bin-log-transactions site_id="364175731" project_guid="57FCA7416EAD763E2E06995A33EE916F" client_revision="0" is_synced_with_ftb="0" total="0">
  <transactions/>
</Get-bin-log-transactions>


====================================================================================
[03 JUN 2017 12:55:38 GMT-8] Pre-Sync - Preparing for execution...

====================================================================================
[03 JUN 2017 12:55:38 GMT-8] Pre-Sync Request:
"C:\PROGRA~2\MYHERI~1\Bin\FAMILY~2.EXE" https://www.myheritage.com/FP/API/FTB/ftb-api.php --data "@C:\Users\Eric\AppData\Roaming\MYHERI~1\Temp\datF3FE.tmp" --progress-bar --output "C:\Users\Eric\AppData\Roaming\MYHERI~1\Temp\outF3FF.tmp" --stderr "C:\Users\Eric\AppData\Roaming\MYHERI~1\Temp\errF410.tmp" -A "Family Tree Builder 8.0.0.8318"
---DATA:---
action=api-sync-pre-sync&site_admin=ericrborsheim@gmail.com&site_pwd=53d384b89203627f686e06fb83b9fc4bc572ec2c&project_guid=57FCA7416EAD763E2E06995A33EE916F&publishing_guid=&revision=0&client_program_version=8.0.0.8318&site_id=364175731&computer_name=DESKTOP-G4N757J&bin_log_transaction_offset=0
------------------------------------------------------------------------------------
[03 JUN 2017 12:55:39 GMT-8] Pre-Sync Connection result:
0 (WAIT_OBJECT_0)

------------------------------------------------------------------------------------
[03 JUN 2017 12:55:39 GMT-8] Pre-Sync Response:
<?xml version="1.0"?>
<Pre-sync site_id="364175731" project_guid="57FCA7416EAD763E2E06995A33EE916F" client_revision="0" is_synced_with_ftb="0"/>


====================================================================================
[03 JUN 2017 12:55:39 GMT-8] Downloading Binlog Commands - Preparing for execution...

====================================================================================
[03 JUN 2017 12:55:40 GMT-8] Downloading Binlog Commands Request:
"C:\PROGRA~2\MYHERI~1\Bin\FAMILY~2.EXE" https://www.myheritage.com/FP/API/FTB/ftb-api.php --data "@C:\Users\Eric\AppData\Roaming\MYHERI~1\Temp\datF941.tmp" --output "C:\Users\Eric\AppData\Roaming\MYHERI~1\Temp\outF942.tmp" --stderr "C:\Users\Eric\AppData\Roaming\MYHERI~1\Temp\errF943.tmp" -A "Family Tree Builder 8.0.0.8318"
---DATA:---
action=api-sync-get-bin-log-transactions&site_admin=ericrborsheim@gmail.com&site_pwd=53d384b89203627f686e06fb83b9fc4bc572ec2c&site_id=364175731&client_program_version=8.0.0.8318&project_guid=57FCA7416EAD763E2E06995A33EE916F&revision=0&offset=0&limit=1
------------------------------------------------------------------------------------
[03 JUN 2017 12:55:40 GMT-8] Downloading Binlog Commands Connection result:
0 (WAIT_OBJECT_0)

------------------------------------------------------------------------------------
[03 JUN 2017 12:55:40 GMT-8] Downloading Binlog Commands Response:
<?xml version="1.0"?>
<Get-bin-log-transactions site_id="364175731" project_guid="57FCA7416EAD763E2E06995A33EE916F" client_revision="0" is_synced_with_ftb="0" total="0">
  <transactions/>
</Get-bin-log-transactions>


====================================================================================
[04 JUN 2017 14:21:00 GMT-8] Pre-Sync - Preparing for execution...

====================================================================================
[04 JUN 2017 14:21:00 GMT-8] Pre-Sync Request:
"C:\PROGRA~2\MYHERI~1\Bin\FAMILY~2.EXE" https://www.myheritage.com/FP/API/FTB/ftb-api.php --data "@C:\Users\Eric\AppData\Roaming\MYHERI~1\Temp\dat6C52.tmp" --progress-bar --output "C:\Users\Eric\AppData\Roaming\MYHERI~1\Temp\out6C53.tmp" --stderr "C:\Users\Eric\AppData\Roaming\MYHERI~1\Temp\err6C54.tmp" -A "Family Tree Builder 8.0.0.8318"
---DATA:---
action=api-sync-pre-sync&site_admin=ericrborsheim@gmail.com&site_pwd=53d384b89203627f686e06fb83b9fc4bc572ec2c&project_guid=57FCA7416EAD763E2E06995A33EE916F&publishing_guid=&revision=0&client_program_version=8.0.0.8318&site_id=364175731&computer_name=DESKTOP-G4N757J&bin_log_transaction_offset=0
------------------------------------------------------------------------------------
[04 JUN 2017 14:21:01 GMT-8] Pre-Sync Connection result:
0 (WAIT_OBJECT_0)

------------------------------------------------------------------------------------
[04 JUN 2017 14:21:01 GMT-8] Pre-Sync Response:
<?xml version="1.0"?>
<Pre-sync site_id="364175731" project_guid="57FCA7416EAD763E2E06995A33EE916F" client_revision="0" is_synced_with_ftb="0"/>


====================================================================================
[04 JUN 2017 14:21:01 GMT-8] Downloading Binlog Commands - Preparing for execution...

====================================================================================
[04 JUN 2017 14:21:01 GMT-8] Downloading Binlog Commands Request:
"C:\PROGRA~2\MYHERI~1\Bin\FAMILY~2.EXE" https://www.myheritage.com/FP/API/FTB/ftb-api.php --data "@C:\Users\Eric\AppData\Roaming\MYHERI~1\Temp\dat6FB0.tmp" --output "C:\Users\Eric\AppData\Roaming\MYHERI~1\Temp\out6FC1.tmp" --stderr "C:\Users\Eric\AppData\Roaming\MYHERI~1\Temp\err6FC2.tmp" -A "Family Tree Builder 8.0.0.8318"
---DATA:---
action=api-sync-get-bin-log-transactions&site_admin=ericrborsheim@gmail.com&site_pwd=53d384b89203627f686e06fb83b9fc4bc572ec2c&site_id=364175731&client_program_version=8.0.0.8318&project_guid=57FCA7416EAD763E2E06995A33EE916F&revision=0&offset=0&limit=1
------------------------------------------------------------------------------------
[04 JUN 2017 14:21:01 GMT-8] Downloading Binlog Commands Connection result:
0 (WAIT_OBJECT_0)

------------------------------------------------------------------------------------
[04 JUN 2017 14:21:01 GMT-8] Downloading Binlog Commands Response:
<?xml version="1.0"?>
<Get-bin-log-transactions site_id="364175731" project_guid="57FCA7416EAD763E2E06995A33EE916F" client_revision="0" is_synced_with_ftb="0" total="0">
  <transactions/>
</Get-bin-log-transactions>


====================================================================================
[04 JUN 2017 19:01:12 GMT-8] Pre-Sync - Preparing for execution...

====================================================================================
[04 JUN 2017 19:01:12 GMT-8] Pre-Sync Request:
"C:\PROGRA~2\MYHERI~1\Bin\FAMILY~2.EXE" https://www.myheritage.com/FP/API/FTB/ftb-api.php --data "@C:\Users\Eric\AppData\Roaming\MYHERI~1\Temp\datF48F.tmp" --progress-bar --output "C:\Users\Eric\AppData\Roaming\MYHERI~1\Temp\outF4A0.tmp" --stderr "C:\Users\Eric\AppData\Roaming\MYHERI~1\Temp\errF4A1.tmp" -A "Family Tree Builder 8.0.0.8318"
---DATA:---
action=api-sync-pre-sync&site_admin=ericrborsheim@gmail.com&site_pwd=53d384b89203627f686e06fb83b9fc4bc572ec2c&project_guid=57FCA7416EAD763E2E06995A33EE916F&publishing_guid=&revision=0&client_program_version=8.0.0.8318&site_id=364175731&computer_name=DESKTOP-G4N757J&bin_log_transaction_offset=0
------------------------------------------------------------------------------------
[04 JUN 2017 19:01:12 GMT-8] Pre-Sync Connection result:
0 (WAIT_OBJECT_0)

------------------------------------------------------------------------------------
[04 JUN 2017 19:01:12 GMT-8] Pre-Sync Response:
<?xml version="1.0"?>
<Pre-sync site_id="364175731" project_guid="57FCA7416EAD763E2E06995A33EE916F" client_revision="0" is_synced_with_ftb="0"/>


====================================================================================
[04 JUN 2017 19:01:12 GMT-8] Downloading Binlog Commands - Preparing for execution...

====================================================================================
[04 JUN 2017 19:01:13 GMT-8] Downloading Binlog Commands Request:
"C:\PROGRA~2\MYHERI~1\Bin\FAMILY~2.EXE" https://www.myheritage.com/FP/API/FTB/ftb-api.php --data "@C:\Users\Eric\AppData\Roaming\MYHERI~1\Temp\datF771.tmp" --output "C:\Users\Eric\AppData\Roaming\MYHERI~1\Temp\outF772.tmp" --stderr "C:\Users\Eric\AppData\Roaming\MYHERI~1\Temp\errF773.tmp" -A "Family Tree Builder 8.0.0.8318"
---DATA:---
action=api-sync-get-bin-log-transactions&site_admin=ericrborsheim@gmail.com&site_pwd=53d384b89203627f686e06fb83b9fc4bc572ec2c&site_id=364175731&client_program_version=8.0.0.8318&project_guid=57FCA7416EAD763E2E06995A33EE916F&revision=0&offset=0&limit=1
------------------------------------------------------------------------------------
[04 JUN 2017 19:01:13 GMT-8] Downloading Binlog Commands Connection result:
0 (WAIT_OBJECT_0)

------------------------------------------------------------------------------------
[04 JUN 2017 19:01:13 GMT-8] Downloading Binlog Commands Response:
<?xml version="1.0"?>
<Get-bin-log-transactions site_id="364175731" project_guid="57FCA7416EAD763E2E06995A33EE916F" client_revision="0" is_synced_with_ftb="0" total="0">
  <transactions/>
</Get-bin-log-transactions>


====================================================================================
[05 JUN 2017 19:31:56 GMT-8] Pre-Sync - Preparing for execution...

====================================================================================
[05 JUN 2017 19:31:56 GMT-8] Pre-Sync Request:
"C:\PROGRA~2\MYHERI~1\Bin\FAMILY~2.EXE" https://www.myheritage.com/FP/API/FTB/ftb-api.php --data "@C:\Users\Eric\AppData\Roaming\MYHERI~1\Temp\dat764F.tmp" --progress-bar --output "C:\Users\Eric\AppData\Roaming\MYHERI~1\Temp\out7650.tmp" --stderr "C:\Users\Eric\AppData\Roaming\MYHERI~1\Temp\err7651.tmp" -A "Family Tree Builder 8.0.0.8318"
---DATA:---
action=api-sync-pre-sync&site_admin=ericrborsheim@gmail.com&site_pwd=53d384b89203627f686e06fb83b9fc4bc572ec2c&project_guid=57FCA7416EAD763E2E06995A33EE916F&publishing_guid=&revision=0&client_program_version=8.0.0.8318&site_id=364175731&computer_name=DESKTOP-G4N757J&bin_log_transaction_offset=0
------------------------------------------------------------------------------------
[05 JUN 2017 19:31:58 GMT-8] Pre-Sync Connection result:
0 (WAIT_OBJECT_0)

------------------------------------------------------------------------------------
[05 JUN 2017 19:31:58 GMT-8] Pre-Sync Response:
<?xml version="1.0"?>
<Pre-sync site_id="364175731" project_guid="57FCA7416EAD763E2E06995A33EE916F" client_revision="0" is_synced_with_ftb="0"/>


====================================================================================
[05 JUN 2017 19:31:58 GMT-8] Downloading Binlog Commands - Preparing for execution...

====================================================================================
[05 JUN 2017 19:31:58 GMT-8] Downloading Binlog Commands Request:
"C:\PROGRA~2\MYHERI~1\Bin\FAMILY~2.EXE" https://www.myheritage.com/FP/API/FTB/ftb-api.php --data "@C:\Users\Eric\AppData\Roaming\MYHERI~1\Temp\dat7B63.tmp" --output "C:\Users\Eric\AppData\Roaming\MYHERI~1\Temp\out7B64.tmp" --stderr "C:\Users\Eric\AppData\Roaming\MYHERI~1\Temp\err7B65.tmp" -A "Family Tree Builder 8.0.0.8318"
---DATA:---
action=api-sync-get-bin-log-transactions&site_admin=ericrborsheim@gmail.com&site_pwd=53d384b89203627f686e06fb83b9fc4bc572ec2c&site_id=364175731&client_program_version=8.0.0.8318&project_guid=57FCA7416EAD763E2E06995A33EE916F&revision=0&offset=0&limit=1
------------------------------------------------------------------------------------
[05 JUN 2017 19:31:58 GMT-8] Downloading Binlog Commands Connection result:
0 (WAIT_OBJECT_0)

------------------------------------------------------------------------------------
[05 JUN 2017 19:31:58 GMT-8] Downloading Binlog Commands Response:
<?xml version="1.0"?>
<Get-bin-log-transactions site_id="364175731" project_guid="57FCA7416EAD763E2E06995A33EE916F" client_revision="0" is_synced_with_ftb="0" total="0">
  <transactions/>
</Get-bin-log-transactions>


====================================================================================
[06 JUN 2017 17:43:12 GMT-8] Pre-Sync - Preparing for execution...

====================================================================================
[06 JUN 2017 17:43:12 GMT-8] Pre-Sync Request:
"C:\PROGRA~2\MYHERI~1\Bin\FAMILY~2.EXE" https://www.myheritage.com/FP/API/FTB/ftb-api.php --data "@C:\Users\Eric\AppData\Roaming\MYHERI~1\Temp\dat44E6.tmp" --progress-bar --output "C:\Users\Eric\AppData\Roaming\MYHERI~1\Temp\out44E7.tmp" --stderr "C:\Users\Eric\AppData\Roaming\MYHERI~1\Temp\err44E8.tmp" -A "Family Tree Builder 8.0.0.8318"
---DATA:---
action=api-sync-pre-sync&site_admin=ericrborsheim@gmail.com&site_pwd=53d384b89203627f686e06fb83b9fc4bc572ec2c&project_guid=57FCA7416EAD763E2E06995A33EE916F&publishing_guid=&revision=0&client_program_version=8.0.0.8318&site_id=364175731&computer_name=DESKTOP-G4N757J&bin_log_transaction_offset=0
------------------------------------------------------------------------------------
[06 JUN 2017 17:43:13 GMT-8] Pre-Sync Connection result:
0 (WAIT_OBJECT_0)

------------------------------------------------------------------------------------
[06 JUN 2017 17:43:13 GMT-8] Pre-Sync Response:
<?xml version="1.0"?>
<Pre-sync site_id="364175731" project_guid="57FCA7416EAD763E2E06995A33EE916F" client_revision="0" is_synced_with_ftb="0"/>


====================================================================================
[06 JUN 2017 17:43:13 GMT-8] Downloading Binlog Commands - Preparing for execution...

====================================================================================
[06 JUN 2017 17:43:13 GMT-8] Downloading Binlog Commands Request:
"C:\PROGRA~2\MYHERI~1\Bin\FAMILY~2.EXE" https://www.myheritage.com/FP/API/FTB/ftb-api.php --data "@C:\Users\Eric\AppData\Roaming\MYHERI~1\Temp\dat47F6.tmp" --output "C:\Users\Eric\AppData\Roaming\MYHERI~1\Temp\out47F7.tmp" --stderr "C:\Users\Eric\AppData\Roaming\MYHERI~1\Temp\err47F8.tmp" -A "Family Tree Builder 8.0.0.8318"
---DATA:---
action=api-sync-get-bin-log-transactions&site_admin=ericrborsheim@gmail.com&site_pwd=53d384b89203627f686e06fb83b9fc4bc572ec2c&site_id=364175731&client_program_version=8.0.0.8318&project_guid=57FCA7416EAD763E2E06995A33EE916F&revision=0&offset=0&limit=1
------------------------------------------------------------------------------------
[06 JUN 2017 17:43:13 GMT-8] Downloading Binlog Commands Connection result:
0 (WAIT_OBJECT_0)

------------------------------------------------------------------------------------
[06 JUN 2017 17:43:13 GMT-8] Downloading Binlog Commands Response:
<?xml version="1.0"?>
<Get-bin-log-transactions site_id="364175731" project_guid="57FCA7416EAD763E2E06995A33EE916F" client_revision="0" is_synced_with_ftb="0" total="0">
  <transactions/>
</Get-bin-log-transactions>


====================================================================================
[06 JUN 2017 22:26:03 GMT-8] Pre-Sync - Preparing for execution...

====================================================================================
[06 JUN 2017 22:26:03 GMT-8] Pre-Sync Request:
"C:\PROGRA~2\MYHERI~1\Bin\FAMILY~2.EXE" https://www.myheritage.com/FP/API/FTB/ftb-api.php --data "@C:\Users\Eric\AppData\Roaming\MYHERI~1\Temp\dat3DDB.tmp" --progress-bar --output "C:\Users\Eric\AppData\Roaming\MYHERI~1\Temp\out3DDC.tmp" --stderr "C:\Users\Eric\AppData\Roaming\MYHERI~1\Temp\err3DDD.tmp" -A "Family Tree Builder 8.0.0.8318"
---DATA:---
action=api-sync-pre-sync&site_admin=ericrborsheim@gmail.com&site_pwd=53d384b89203627f686e06fb83b9fc4bc572ec2c&project_guid=57FCA7416EAD763E2E06995A33EE916F&publishing_guid=&revision=0&client_program_version=8.0.0.8318&site_id=364175731&computer_name=DESKTOP-G4N757J&bin_log_transaction_offset=0
------------------------------------------------------------------------------------
[06 JUN 2017 22:26:04 GMT-8] Pre-Sync Connection result:
0 (WAIT_OBJECT_0)

------------------------------------------------------------------------------------
[06 JUN 2017 22:26:04 GMT-8] Pre-Sync Response:
<?xml version="1.0"?>
<Pre-sync site_id="364175731" project_guid="57FCA7416EAD763E2E06995A33EE916F" client_revision="0" is_synced_with_ftb="0"/>


====================================================================================
[06 JUN 2017 22:26:04 GMT-8] Downloading Binlog Commands - Preparing for execution...

====================================================================================
[06 JUN 2017 22:26:04 GMT-8] Downloading Binlog Commands Request:
"C:\PROGRA~2\MYHERI~1\Bin\FAMILY~2.EXE" https://www.myheritage.com/FP/API/FTB/ftb-api.php --data "@C:\Users\Eric\AppData\Roaming\MYHERI~1\Temp\dat4214.tmp" --output "C:\Users\Eric\AppData\Roaming\MYHERI~1\Temp\out4215.tmp" --stderr "C:\Users\Eric\AppData\Roaming\MYHERI~1\Temp\err4216.tmp" -A "Family Tree Builder 8.0.0.8318"
---DATA:---
action=api-sync-get-bin-log-transactions&site_admin=ericrborsheim@gmail.com&site_pwd=53d384b89203627f686e06fb83b9fc4bc572ec2c&site_id=364175731&client_program_version=8.0.0.8318&project_guid=57FCA7416EAD763E2E06995A33EE916F&revision=0&offset=0&limit=1
------------------------------------------------------------------------------------
[06 JUN 2017 22:26:05 GMT-8] Downloading Binlog Commands Connection result:
0 (WAIT_OBJECT_0)

------------------------------------------------------------------------------------
[06 JUN 2017 22:26:05 GMT-8] Downloading Binlog Commands Response:
<?xml version="1.0"?>
<Get-bin-log-transactions site_id="364175731" project_guid="57FCA7416EAD763E2E06995A33EE916F" client_revision="0" is_synced_with_ftb="0" total="0">
  <transactions/>
</Get-bin-log-transactions>


====================================================================================
[07 JUN 2017 12:43:09 GMT-8] Pre-Sync - Preparing for execution...

====================================================================================
[07 JUN 2017 12:43:09 GMT-8] Pre-Sync Request:
"C:\PROGRA~2\MYHERI~1\Bin\FAMILY~2.EXE" https://www.myheritage.com/FP/API/FTB/ftb-api.php --data "@C:\Users\Eric\AppData\Roaming\MYHERI~1\Temp\datF0AB.tmp" --progress-bar --output "C:\Users\Eric\AppData\Roaming\MYHERI~1\Temp\outF0AC.tmp" --stderr "C:\Users\Eric\AppData\Roaming\MYHERI~1\Temp\errF0AD.tmp" -A "Family Tree Builder 8.0.0.8318"
---DATA:---
action=api-sync-pre-sync&site_admin=ericrborsheim@gmail.com&site_pwd=53d384b89203627f686e06fb83b9fc4bc572ec2c&project_guid=57FCA7416EAD763E2E06995A33EE916F&publishing_guid=&revision=0&client_program_version=8.0.0.8318&site_id=364175731&computer_name=DESKTOP-G4N757J&bin_log_transaction_offset=0
------------------------------------------------------------------------------------
[07 JUN 2017 12:43:10 GMT-8] Pre-Sync Connection result:
0 (WAIT_OBJECT_0)

------------------------------------------------------------------------------------
[07 JUN 2017 12:43:10 GMT-8] Pre-Sync Response:
<?xml version="1.0"?>
<Pre-sync site_id="364175731" project_guid="57FCA7416EAD763E2E06995A33EE916F" client_revision="0" is_synced_with_ftb="0"/>


====================================================================================
[07 JUN 2017 12:43:10 GMT-8] Downloading Binlog Commands - Preparing for execution...

====================================================================================
[07 JUN 2017 12:43:10 GMT-8] Downloading Binlog Commands Request:
"C:\PROGRA~2\MYHERI~1\Bin\FAMILY~2.EXE" https://www.myheritage.com/FP/API/FTB/ftb-api.php --data "@C:\Users\Eric\AppData\Roaming\MYHERI~1\Temp\datF438.tmp" --output "C:\Users\Eric\AppData\Roaming\MYHERI~1\Temp\outF439.tmp" --stderr "C:\Users\Eric\AppData\Roaming\MYHERI~1\Temp\errF43A.tmp" -A "Family Tree Builder 8.0.0.8318"
---DATA:---
action=api-sync-get-bin-log-transactions&site_admin=ericrborsheim@gmail.com&site_pwd=53d384b89203627f686e06fb83b9fc4bc572ec2c&site_id=364175731&client_program_version=8.0.0.8318&project_guid=57FCA7416EAD763E2E06995A33EE916F&revision=0&offset=0&limit=1
------------------------------------------------------------------------------------
[07 JUN 2017 12:43:11 GMT-8] Downloading Binlog Commands Connection result:
0 (WAIT_OBJECT_0)

------------------------------------------------------------------------------------
[07 JUN 2017 12:43:11 GMT-8] Downloading Binlog Commands Response:
<?xml version="1.0"?>
<Get-bin-log-transactions site_id="364175731" project_guid="57FCA7416EAD763E2E06995A33EE916F" client_revision="0" is_synced_with_ftb="0" total="0">
  <transactions/>
</Get-bin-log-transactions>


====================================================================================
[07 JUN 2017 21:40:24 GMT-8] Pre-Sync - Preparing for execution...

====================================================================================
[07 JUN 2017 21:40:24 GMT-8] Pre-Sync Request:
"C:\PROGRA~2\MYHERI~1\Bin\FAMILY~2.EXE" https://www.myheritage.com/FP/API/FTB/ftb-api.php --data "@C:\Users\Eric\AppData\Roaming\MYHERI~1\Temp\datCBF3.tmp" --progress-bar --output "C:\Users\Eric\AppData\Roaming\MYHERI~1\Temp\outCBF4.tmp" --stderr "C:\Users\Eric\AppData\Roaming\MYHERI~1\Temp\errCBF5.tmp" -A "Family Tree Builder 8.0.0.8318"
---DATA:---
action=api-sync-pre-sync&site_admin=ericrborsheim@gmail.com&site_pwd=53d384b89203627f686e06fb83b9fc4bc572ec2c&project_guid=57FCA7416EAD763E2E06995A33EE916F&publishing_guid=&revision=0&client_program_version=8.0.0.8318&site_id=364175731&computer_name=DESKTOP-G4N757J&bin_log_transaction_offset=0
------------------------------------------------------------------------------------
[07 JUN 2017 21:40:24 GMT-8] Pre-Sync Connection result:
0 (WAIT_OBJECT_0)

------------------------------------------------------------------------------------
[07 JUN 2017 21:40:24 GMT-8] Pre-Sync Response:
<?xml version="1.0"?>
<Pre-sync site_id="364175731" project_guid="57FCA7416EAD763E2E06995A33EE916F" client_revision="0" is_synced_with_ftb="0"/>


====================================================================================
[07 JUN 2017 21:40:24 GMT-8] Downloading Binlog Commands - Preparing for execution...

====================================================================================
[07 JUN 2017 21:40:24 GMT-8] Downloading Binlog Commands Request:
"C:\PROGRA~2\MYHERI~1\Bin\FAMILY~2.EXE" https://www.myheritage.com/FP/API/FTB/ftb-api.php --data "@C:\Users\Eric\AppData\Roaming\MYHERI~1\Temp\datCED5.tmp" --output "C:\Users\Eric\AppData\Roaming\MYHERI~1\Temp\outCED6.tmp" --stderr "C:\Users\Eric\AppData\Roaming\MYHERI~1\Temp\errCED7.tmp" -A "Family Tree Builder 8.0.0.8318"
---DATA:---
action=api-sync-get-bin-log-transactions&site_admin=ericrborsheim@gmail.com&site_pwd=53d384b89203627f686e06fb83b9fc4bc572ec2c&site_id=364175731&client_program_version=8.0.0.8318&project_guid=57FCA7416EAD763E2E06995A33EE916F&revision=0&offset=0&limit=1
------------------------------------------------------------------------------------
[07 JUN 2017 21:40:25 GMT-8] Downloading Binlog Commands Connection result:
0 (WAIT_OBJECT_0)

------------------------------------------------------------------------------------
[07 JUN 2017 21:40:25 GMT-8] Downloading Binlog Commands Response:
<?xml version="1.0"?>
<Get-bin-log-transactions site_id="364175731" project_guid="57FCA7416EAD763E2E06995A33EE916F" client_revision="0" is_synced_with_ftb="0" total="0">
  <transactions/>
</Get-bin-log-transactions>


====================================================================================
[08 JUN 2017 18:48:21 GMT-8] Pre-Sync - Preparing for execution...

====================================================================================
[08 JUN 2017 18:48:21 GMT-8] Pre-Sync Request:
"C:\PROGRA~2\MYHERI~1\Bin\FAMILY~2.EXE" https://www.myheritage.com/FP/API/FTB/ftb-api.php --data "@C:\Users\Eric\AppData\Roaming\MYHERI~1\Temp\datA580.tmp" --progress-bar --output "C:\Users\Eric\AppData\Roaming\MYHERI~1\Temp\outA581.tmp" --stderr "C:\Users\Eric\AppData\Roaming\MYHERI~1\Temp\errA582.tmp" -A "Family Tree Builder 8.0.0.8318"
---DATA:---
action=api-sync-pre-sync&site_admin=ericrborsheim@gmail.com&site_pwd=53d384b89203627f686e06fb83b9fc4bc572ec2c&project_guid=57FCA7416EAD763E2E06995A33EE916F&publishing_guid=&revision=0&client_program_version=8.0.0.8318&site_id=364175731&computer_name=DESKTOP-G4N757J&bin_log_transaction_offset=0
------------------------------------------------------------------------------------
[08 JUN 2017 18:48:24 GMT-8] Pre-Sync Connection result:
0 (WAIT_OBJECT_0)

------------------------------------------------------------------------------------
[08 JUN 2017 18:48:24 GMT-8] Pre-Sync Response:
<?xml version="1.0"?>
<Pre-sync site_id="364175731" project_guid="57FCA7416EAD763E2E06995A33EE916F" client_revision="0" is_synced_with_ftb="0"/>


====================================================================================
[08 JUN 2017 18:48:24 GMT-8] Downloading Binlog Commands - Preparing for execution...

====================================================================================
[08 JUN 2017 18:48:24 GMT-8] Downloading Binlog Commands Request:
"C:\PROGRA~2\MYHERI~1\Bin\FAMILY~2.EXE" https://www.myheritage.com/FP/API/FTB/ftb-api.php --data "@C:\Users\Eric\AppData\Roaming\MYHERI~1\Temp\datB25A.tmp" --output "C:\Users\Eric\AppData\Roaming\MYHERI~1\Temp\outB25B.tmp" --stderr "C:\Users\Eric\AppData\Roaming\MYHERI~1\Temp\errB26B.tmp" -A "Family Tree Builder 8.0.0.8318"
---DATA:---
action=api-sync-get-bin-log-transactions&site_admin=ericrborsheim@gmail.com&site_pwd=53d384b89203627f686e06fb83b9fc4bc572ec2c&site_id=364175731&client_program_version=8.0.0.8318&project_guid=57FCA7416EAD763E2E06995A33EE916F&revision=0&offset=0&limit=1
------------------------------------------------------------------------------------
[08 JUN 2017 18:48:27 GMT-8] Downloading Binlog Commands Connection result:
0 (WAIT_OBJECT_0)

------------------------------------------------------------------------------------
[08 JUN 2017 18:48:27 GMT-8] Downloading Binlog Commands Response:
<?xml version="1.0"?>
<Get-bin-log-transactions site_id="364175731" project_guid="57FCA7416EAD763E2E06995A33EE916F" client_revision="0" is_synced_with_ftb="0" total="0">
  <transactions/>
</Get-bin-log-transactions>


====================================================================================
[09 JUN 2017 11:13:54 GMT-8] Pre-Sync - Preparing for execution...

====================================================================================
[09 JUN 2017 11:13:54 GMT-8] Pre-Sync Request:
"C:\PROGRA~2\MYHERI~1\Bin\FAMILY~2.EXE" https://www.myheritage.com/FP/API/FTB/ftb-api.php --data "@C:\Users\Eric\AppData\Roaming\MYHERI~1\Temp\datF15D.tmp" --progress-bar --output "C:\Users\Eric\AppData\Roaming\MYHERI~1\Temp\outF15E.tmp" --stderr "C:\Users\Eric\AppData\Roaming\MYHERI~1\Temp\errF16F.tmp" -A "Family Tree Builder 8.0.0.8318"
---DATA:---
action=api-sync-pre-sync&site_admin=ericrborsheim@gmail.com&site_pwd=53d384b89203627f686e06fb83b9fc4bc572ec2c&project_guid=57FCA7416EAD763E2E06995A33EE916F&publishing_guid=&revision=0&client_program_version=8.0.0.8318&site_id=364175731&computer_name=DESKTOP-G4N757J&bin_log_transaction_offset=0
------------------------------------------------------------------------------------
[09 JUN 2017 11:13:55 GMT-8] Pre-Sync Connection result:
0 (WAIT_OBJECT_0)

------------------------------------------------------------------------------------
[09 JUN 2017 11:13:55 GMT-8] Pre-Sync Response:
<?xml version="1.0"?>
<Pre-sync site_id="364175731" project_guid="57FCA7416EAD763E2E06995A33EE916F" client_revision="0" is_synced_with_ftb="0"/>


====================================================================================
[09 JUN 2017 11:13:55 GMT-8] Downloading Binlog Commands - Preparing for execution...

====================================================================================
[09 JUN 2017 11:13:55 GMT-8] Downloading Binlog Commands Request:
"C:\PROGRA~2\MYHERI~1\Bin\FAMILY~2.EXE" https://www.myheritage.com/FP/API/FTB/ftb-api.php --data "@C:\Users\Eric\AppData\Roaming\MYHERI~1\Temp\datF48C.tmp" --output "C:\Users\Eric\AppData\Roaming\MYHERI~1\Temp\outF48D.tmp" --stderr "C:\Users\Eric\AppData\Roaming\MYHERI~1\Temp\errF48E.tmp" -A "Family Tree Builder 8.0.0.8318"
---DATA:---
action=api-sync-get-bin-log-transactions&site_admin=ericrborsheim@gmail.com&site_pwd=53d384b89203627f686e06fb83b9fc4bc572ec2c&site_id=364175731&client_program_version=8.0.0.8318&project_guid=57FCA7416EAD763E2E06995A33EE916F&revision=0&offset=0&limit=1
------------------------------------------------------------------------------------
[09 JUN 2017 11:13:55 GMT-8] Downloading Binlog Commands Connection result:
0 (WAIT_OBJECT_0)

------------------------------------------------------------------------------------
[09 JUN 2017 11:13:55 GMT-8] Downloading Binlog Commands Response:
<?xml version="1.0"?>
<Get-bin-log-transactions site_id="364175731" project_guid="57FCA7416EAD763E2E06995A33EE916F" client_revision="0" is_synced_with_ftb="0" total="0">
  <transactions/>
</Get-bin-log-transactions>


====================================================================================
[09 JUN 2017 22:17:13 GMT-8] Pre-Sync - Preparing for execution...

====================================================================================
[09 JUN 2017 22:17:14 GMT-8] Pre-Sync Request:
"C:\PROGRA~2\MYHERI~1\Bin\FAMILY~2.EXE" https://www.myheritage.com/FP/API/FTB/ftb-api.php --data "@C:\Users\Eric\AppData\Roaming\MYHERI~1\Temp\dat3B0D.tmp" --progress-bar --output "C:\Users\Eric\AppData\Roaming\MYHERI~1\Temp\out3B0E.tmp" --stderr "C:\Users\Eric\AppData\Roaming\MYHERI~1\Temp\err3B1E.tmp" -A "Family Tree Builder 8.0.0.8318"
---DATA:---
action=api-sync-pre-sync&site_admin=ericrborsheim@gmail.com&site_pwd=53d384b89203627f686e06fb83b9fc4bc572ec2c&project_guid=57FCA7416EAD763E2E06995A33EE916F&publishing_guid=&revision=0&client_program_version=8.0.0.8318&site_id=364175731&computer_name=DESKTOP-G4N757J&bin_log_transaction_offset=0
------------------------------------------------------------------------------------
[09 JUN 2017 22:17:17 GMT-8] Pre-Sync Connection result:
0 (WAIT_OBJECT_0)

------------------------------------------------------------------------------------
[09 JUN 2017 22:17:17 GMT-8] Pre-Sync Response:
<?xml version="1.0"?>
<Pre-sync site_id="364175731" project_guid="57FCA7416EAD763E2E06995A33EE916F" client_revision="0" is_synced_with_ftb="0"/>


====================================================================================
[09 JUN 2017 22:17:17 GMT-8] Downloading Binlog Commands - Preparing for execution...

====================================================================================
[09 JUN 2017 22:17:17 GMT-8] Downloading Binlog Commands Request:
"C:\PROGRA~2\MYHERI~1\Bin\FAMILY~2.EXE" https://www.myheritage.com/FP/API/FTB/ftb-api.php --data "@C:\Users\Eric\AppData\Roaming\MYHERI~1\Temp\dat4C07.tmp" --output "C:\Users\Eric\AppData\Roaming\MYHERI~1\Temp\out4C08.tmp" --stderr "C:\Users\Eric\AppData\Roaming\MYHERI~1\Temp\err4C09.tmp" -A "Family Tree Builder 8.0.0.8318"
---DATA:---
action=api-sync-get-bin-log-transactions&site_admin=ericrborsheim@gmail.com&site_pwd=53d384b89203627f686e06fb83b9fc4bc572ec2c&site_id=364175731&client_program_version=8.0.0.8318&project_guid=57FCA7416EAD763E2E06995A33EE916F&revision=0&offset=0&limit=1
------------------------------------------------------------------------------------
[09 JUN 2017 22:17:18 GMT-8] Downloading Binlog Commands Connection result:
0 (WAIT_OBJECT_0)

------------------------------------------------------------------------------------
[09 JUN 2017 22:17:18 GMT-8] Downloading Binlog Commands Response:
<?xml version="1.0"?>
<Get-bin-log-transactions site_id="364175731" project_guid="57FCA7416EAD763E2E06995A33EE916F" client_revision="0" is_synced_with_ftb="0" total="0">
  <transactions/>
</Get-bin-log-transactions>


====================================================================================
[10 JUN 2017 21:47:28 GMT-8] Pre-Sync - Preparing for execution...

====================================================================================
[10 JUN 2017 21:47:29 GMT-8] Pre-Sync Request:
"C:\PROGRA~2\MYHERI~1\Bin\FAMILY~2.EXE" https://www.myheritage.com/FP/API/FTB/ftb-api.php --data "@C:\Users\Eric\AppData\Roaming\MYHERI~1\Temp\dat5C8C.tmp" --progress-bar --output "C:\Users\Eric\AppData\Roaming\MYHERI~1\Temp\out5C8D.tmp" --stderr "C:\Users\Eric\AppData\Roaming\MYHERI~1\Temp\err5C8E.tmp" -A "Family Tree Builder 8.0.0.8318"
---DATA:---
action=api-sync-pre-sync&site_admin=ericrborsheim@gmail.com&site_pwd=53d384b89203627f686e06fb83b9fc4bc572ec2c&project_guid=57FCA7416EAD763E2E06995A33EE916F&publishing_guid=&revision=0&client_program_version=8.0.0.8318&site_id=364175731&computer_name=DESKTOP-G4N757J&bin_log_transaction_offset=0
------------------------------------------------------------------------------------
[10 JUN 2017 21:47:29 GMT-8] Pre-Sync Connection result:
0 (WAIT_OBJECT_0)

------------------------------------------------------------------------------------
[10 JUN 2017 21:47:29 GMT-8] Pre-Sync Response:
<?xml version="1.0"?>
<Pre-sync site_id="364175731" project_guid="57FCA7416EAD763E2E06995A33EE916F" client_revision="0" is_synced_with_ftb="0"/>


====================================================================================
[10 JUN 2017 21:47:29 GMT-8] Downloading Binlog Commands - Preparing for execution...

====================================================================================
[10 JUN 2017 21:47:29 GMT-8] Downloading Binlog Commands Request:
"C:\PROGRA~2\MYHERI~1\Bin\FAMILY~2.EXE" https://www.myheritage.com/FP/API/FTB/ftb-api.php --data "@C:\Users\Eric\AppData\Roaming\MYHERI~1\Temp\dat5EE1.tmp" --output "C:\Users\Eric\AppData\Roaming\MYHERI~1\Temp\out5EE2.tmp" --stderr "C:\Users\Eric\AppData\Roaming\MYHERI~1\Temp\err5EE3.tmp" -A "Family Tree Builder 8.0.0.8318"
---DATA:---
action=api-sync-get-bin-log-transactions&site_admin=ericrborsheim@gmail.com&site_pwd=53d384b89203627f686e06fb83b9fc4bc572ec2c&site_id=364175731&client_program_version=8.0.0.8318&project_guid=57FCA7416EAD763E2E06995A33EE916F&revision=0&offset=0&limit=1
------------------------------------------------------------------------------------
[10 JUN 2017 21:47:30 GMT-8] Downloading Binlog Commands Connection result:
0 (WAIT_OBJECT_0)

------------------------------------------------------------------------------------
[10 JUN 2017 21:47:30 GMT-8] Downloading Binlog Commands Response:
<?xml version="1.0"?>
<Get-bin-log-transactions site_id="364175731" project_guid="57FCA7416EAD763E2E06995A33EE916F" client_revision="0" is_synced_with_ftb="0" total="0">
  <transactions/>
</Get-bin-log-transactions>


====================================================================================
[13 JUN 2017 00:39:38 GMT-8] Pre-Sync - Preparing for execution...

====================================================================================
[13 JUN 2017 00:39:38 GMT-8] Pre-Sync Request:
"C:\PROGRA~2\MYHERI~1\Bin\FAMILY~2.EXE" https://www.myheritage.com/FP/API/FTB/ftb-api.php --data "@C:\Users\Eric\AppData\Roaming\MYHERI~1\Temp\datB360.tmp" --progress-bar --output "C:\Users\Eric\AppData\Roaming\MYHERI~1\Temp\outB361.tmp" --stderr "C:\Users\Eric\AppData\Roaming\MYHERI~1\Temp\errB362.tmp" -A "Family Tree Builder 8.0.0.8318"
---DATA:---
action=api-sync-pre-sync&site_admin=ericrborsheim@gmail.com&site_pwd=53d384b89203627f686e06fb83b9fc4bc572ec2c&project_guid=57FCA7416EAD763E2E06995A33EE916F&publishing_guid=&revision=0&client_program_version=8.0.0.8318&site_id=364175731&computer_name=DESKTOP-G4N757J&bin_log_transaction_offset=0
------------------------------------------------------------------------------------
[13 JUN 2017 00:39:39 GMT-8] Pre-Sync Connection result:
0 (WAIT_OBJECT_0)

------------------------------------------------------------------------------------
[13 JUN 2017 00:39:39 GMT-8] Pre-Sync Response:
<?xml version="1.0"?>
<Pre-sync site_id="364175731" project_guid="57FCA7416EAD763E2E06995A33EE916F" client_revision="0" is_synced_with_ftb="0"/>


====================================================================================
[13 JUN 2017 00:39:39 GMT-8] Downloading Binlog Commands - Preparing for execution...

====================================================================================
[13 JUN 2017 00:39:39 GMT-8] Downloading Binlog Commands Request:
"C:\PROGRA~2\MYHERI~1\Bin\FAMILY~2.EXE" https://www.myheritage.com/FP/API/FTB/ftb-api.php --data "@C:\Users\Eric\AppData\Roaming\MYHERI~1\Temp\datB661.tmp" --output "C:\Users\Eric\AppData\Roaming\MYHERI~1\Temp\outB662.tmp" --stderr "C:\Users\Eric\AppData\Roaming\MYHERI~1\Temp\errB663.tmp" -A "Family Tree Builder 8.0.0.8318"
---DATA:---
action=api-sync-get-bin-log-transactions&site_admin=ericrborsheim@gmail.com&site_pwd=53d384b89203627f686e06fb83b9fc4bc572ec2c&site_id=364175731&client_program_version=8.0.0.8318&project_guid=57FCA7416EAD763E2E06995A33EE916F&revision=0&offset=0&limit=1
------------------------------------------------------------------------------------
[13 JUN 2017 00:39:40 GMT-8] Downloading Binlog Commands Connection result:
0 (WAIT_OBJECT_0)

------------------------------------------------------------------------------------
[13 JUN 2017 00:39:40 GMT-8] Downloading Binlog Commands Response:
<?xml version="1.0"?>
<Get-bin-log-transactions site_id="364175731" project_guid="57FCA7416EAD763E2E06995A33EE916F" client_revision="0" is_synced_with_ftb="0" total="0">
  <transactions/>
</Get-bin-log-transactions>


====================================================================================
[13 JUN 2017 12:31:48 GMT-8] Pre-Sync - Preparing for execution...

====================================================================================
[13 JUN 2017 12:31:48 GMT-8] Pre-Sync Request:
"C:\PROGRA~2\MYHERI~1\Bin\FAMILY~2.EXE" https://www.myheritage.com/FP/API/FTB/ftb-api.php --data "@C:\Users\Eric\AppData\Roaming\MYHERI~1\Temp\datB462.tmp" --progress-bar --output "C:\Users\Eric\AppData\Roaming\MYHERI~1\Temp\outB473.tmp" --stderr "C:\Users\Eric\AppData\Roaming\MYHERI~1\Temp\errB474.tmp" -A "Family Tree Builder 8.0.0.8318"
---DATA:---
action=api-sync-pre-sync&site_admin=ericrborsheim@gmail.com&site_pwd=53d384b89203627f686e06fb83b9fc4bc572ec2c&project_guid=57FCA7416EAD763E2E06995A33EE916F&publishing_guid=&revision=0&client_program_version=8.0.0.8318&site_id=364175731&computer_name=DESKTOP-G4N757J&bin_log_transaction_offset=0
------------------------------------------------------------------------------------
[13 JUN 2017 12:32:41 GMT-8] Pre-Sync Connection result:
0 (WAIT_OBJECT_0)

------------------------------------------------------------------------------------
[13 JUN 2017 12:32:41 GMT-8] Pre-Sync Response:
<?xml version="1.0"?>
<Pre-sync site_id="364175731" project_guid="57FCA7416EAD763E2E06995A33EE916F" client_revision="0" is_synced_with_ftb="0"/>


====================================================================================
[13 JUN 2017 12:32:41 GMT-8] Downloading Binlog Commands - Preparing for execution...

====================================================================================
[13 JUN 2017 12:32:41 GMT-8] Downloading Binlog Commands Request:
"C:\PROGRA~2\MYHERI~1\Bin\FAMILY~2.EXE" https://www.myheritage.com/FP/API/FTB/ftb-api.php --data "@C:\Users\Eric\AppData\Roaming\MYHERI~1\Temp\dat82E3.tmp" --output "C:\Users\Eric\AppData\Roaming\MYHERI~1\Temp\out82E4.tmp" --stderr "C:\Users\Eric\AppData\Roaming\MYHERI~1\Temp\err82E5.tmp" -A "Family Tree Builder 8.0.0.8318"
---DATA:---
action=api-sync-get-bin-log-transactions&site_admin=ericrborsheim@gmail.com&site_pwd=53d384b89203627f686e06fb83b9fc4bc572ec2c&site_id=364175731&client_program_version=8.0.0.8318&project_guid=57FCA7416EAD763E2E06995A33EE916F&revision=0&offset=0&limit=1
------------------------------------------------------------------------------------
[13 JUN 2017 12:32:42 GMT-8] Downloading Binlog Commands Connection result:
0 (WAIT_OBJECT_0)

------------------------------------------------------------------------------------
[13 JUN 2017 12:32:42 GMT-8] Downloading Binlog Commands Response:
<?xml version="1.0"?>
<Get-bin-log-transactions site_id="364175731" project_guid="57FCA7416EAD763E2E06995A33EE916F" client_revision="0" is_synced_with_ftb="0" total="0">
  <transactions/>
</Get-bin-log-transactions>


====================================================================================
[14 JUN 2017 00:31:34 GMT-8] Pre-Sync - Preparing for execution...

====================================================================================
[14 JUN 2017 00:31:34 GMT-8] Pre-Sync Request:
"C:\PROGRA~2\MYHERI~1\Bin\FAMILY~2.EXE" https://www.myheritage.com/FP/API/FTB/ftb-api.php --data "@C:\Users\Eric\AppData\Roaming\MYHERI~1\Temp\datAA11.tmp" --progress-bar --output "C:\Users\Eric\AppData\Roaming\MYHERI~1\Temp\outAA12.tmp" --stderr "C:\Users\Eric\AppData\Roaming\MYHERI~1\Temp\errAA13.tmp" -A "Family Tree Builder 8.0.0.8318"
---DATA:---
action=api-sync-pre-sync&site_admin=ericrborsheim@gmail.com&site_pwd=53d384b89203627f686e06fb83b9fc4bc572ec2c&project_guid=57FCA7416EAD763E2E06995A33EE916F&publishing_guid=&revision=0&client_program_version=8.0.0.8318&site_id=364175731&computer_name=DESKTOP-G4N757J&bin_log_transaction_offset=0
------------------------------------------------------------------------------------
[14 JUN 2017 00:31:35 GMT-8] Pre-Sync Connection result:
0 (WAIT_OBJECT_0)

------------------------------------------------------------------------------------
[14 JUN 2017 00:31:35 GMT-8] Pre-Sync Response:
<?xml version="1.0"?>
<Pre-sync site_id="364175731" project_guid="57FCA7416EAD763E2E06995A33EE916F" client_revision="0" is_synced_with_ftb="0"/>


====================================================================================
[14 JUN 2017 00:31:35 GMT-8] Downloading Binlog Commands - Preparing for execution...

====================================================================================
[14 JUN 2017 00:31:35 GMT-8] Downloading Binlog Commands Request:
"C:\PROGRA~2\MYHERI~1\Bin\FAMILY~2.EXE" https://www.myheritage.com/FP/API/FTB/ftb-api.php --data "@C:\Users\Eric\AppData\Roaming\MYHERI~1\Temp\datAE0B.tmp" --output "C:\Users\Eric\AppData\Roaming\MYHERI~1\Temp\outAE0C.tmp" --stderr "C:\Users\Eric\AppData\Roaming\MYHERI~1\Temp\errAE0D.tmp" -A "Family Tree Builder 8.0.0.8318"
---DATA:---
action=api-sync-get-bin-log-transactions&site_admin=ericrborsheim@gmail.com&site_pwd=53d384b89203627f686e06fb83b9fc4bc572ec2c&site_id=364175731&client_program_version=8.0.0.8318&project_guid=57FCA7416EAD763E2E06995A33EE916F&revision=0&offset=0&limit=1
------------------------------------------------------------------------------------
[14 JUN 2017 00:31:35 GMT-8] Downloading Binlog Commands Connection result:
0 (WAIT_OBJECT_0)

------------------------------------------------------------------------------------
[14 JUN 2017 00:31:35 GMT-8] Downloading Binlog Commands Response:
<?xml version="1.0"?>
<Get-bin-log-transactions site_id="364175731" project_guid="57FCA7416EAD763E2E06995A33EE916F" client_revision="0" is_synced_with_ftb="0" total="0">
  <transactions/>
</Get-bin-log-transactions>


====================================================================================
[14 JUN 2017 17:27:18 GMT-8] Pre-Sync - Preparing for execution...

====================================================================================
[14 JUN 2017 17:27:18 GMT-8] Pre-Sync Request:
"C:\PROGRA~2\MYHERI~1\Bin\FAMILY~2.EXE" https://www.myheritage.com/FP/API/FTB/ftb-api.php --data "@C:\Users\Eric\AppData\Roaming\MYHERI~1\Temp\dat93C1.tmp" --progress-bar --output "C:\Users\Eric\AppData\Roaming\MYHERI~1\Temp\out93C2.tmp" --stderr "C:\Users\Eric\AppData\Roaming\MYHERI~1\Temp\err93C3.tmp" -A "Family Tree Builder 8.0.0.8318"
---DATA:---
action=api-sync-pre-sync&site_admin=ericrborsheim@gmail.com&site_pwd=53d384b89203627f686e06fb83b9fc4bc572ec2c&project_guid=57FCA7416EAD763E2E06995A33EE916F&publishing_guid=&revision=0&client_program_version=8.0.0.8318&site_id=364175731&computer_name=DESKTOP-G4N757J&bin_log_transaction_offset=0
------------------------------------------------------------------------------------
[14 JUN 2017 17:27:19 GMT-8] Pre-Sync Connection result:
0 (WAIT_OBJECT_0)

------------------------------------------------------------------------------------
[14 JUN 2017 17:27:19 GMT-8] Pre-Sync Response:
<?xml version="1.0"?>
<Pre-sync site_id="364175731" project_guid="57FCA7416EAD763E2E06995A33EE916F" client_revision="0" is_synced_with_ftb="0"/>


====================================================================================
[14 JUN 2017 17:27:19 GMT-8] Downloading Binlog Commands - Preparing for execution...

====================================================================================
[14 JUN 2017 17:27:19 GMT-8] Downloading Binlog Commands Request:
"C:\PROGRA~2\MYHERI~1\Bin\FAMILY~2.EXE" https://www.myheritage.com/FP/API/FTB/ftb-api.php --data "@C:\Users\Eric\AppData\Roaming\MYHERI~1\Temp\dat97CE.tmp" --output "C:\Users\Eric\AppData\Roaming\MYHERI~1\Temp\out97CF.tmp" --stderr "C:\Users\Eric\AppData\Roaming\MYHERI~1\Temp\err97D0.tmp" -A "Family Tree Builder 8.0.0.8318"
---DATA:---
action=api-sync-get-bin-log-transactions&site_admin=ericrborsheim@gmail.com&site_pwd=53d384b89203627f686e06fb83b9fc4bc572ec2c&site_id=364175731&client_program_version=8.0.0.8318&project_guid=57FCA7416EAD763E2E06995A33EE916F&revision=0&offset=0&limit=1
------------------------------------------------------------------------------------
[14 JUN 2017 17:27:20 GMT-8] Downloading Binlog Commands Connection result:
0 (WAIT_OBJECT_0)

------------------------------------------------------------------------------------
[14 JUN 2017 17:27:20 GMT-8] Downloading Binlog Commands Response:
<?xml version="1.0"?>
<Get-bin-log-transactions site_id="364175731" project_guid="57FCA7416EAD763E2E06995A33EE916F" client_revision="0" is_synced_with_ftb="0" total="0">
  <transactions/>
</Get-bin-log-transactions>


====================================================================================
[15 JUN 2017 18:56:36 GMT-8] Pre-Sync - Preparing for execution...

====================================================================================
[15 JUN 2017 18:56:36 GMT-8] Pre-Sync Request:
"C:\PROGRA~2\MYHERI~1\Bin\FAMILY~2.EXE" https://www.myheritage.com/FP/API/FTB/ftb-api.php --data "@C:\Users\Eric\AppData\Roaming\MYHERI~1\Temp\datB2E8.tmp" --progress-bar --output "C:\Users\Eric\AppData\Roaming\MYHERI~1\Temp\outB2F9.tmp" --stderr "C:\Users\Eric\AppData\Roaming\MYHERI~1\Temp\errB2FA.tmp" -A "Family Tree Builder 8.0.0.8318"
---DATA:---
action=api-sync-pre-sync&site_admin=ericrborsheim@gmail.com&site_pwd=53d384b89203627f686e06fb83b9fc4bc572ec2c&project_guid=57FCA7416EAD763E2E06995A33EE916F&publishing_guid=&revision=0&client_program_version=8.0.0.8318&site_id=364175731&computer_name=DESKTOP-G4N757J&bin_log_transaction_offset=0
------------------------------------------------------------------------------------
[15 JUN 2017 18:56:37 GMT-8] Pre-Sync Connection result:
0 (WAIT_OBJECT_0)

------------------------------------------------------------------------------------
[15 JUN 2017 18:56:37 GMT-8] Pre-Sync Response:
<?xml version="1.0"?>
<Pre-sync site_id="364175731" project_guid="57FCA7416EAD763E2E06995A33EE916F" client_revision="0" is_synced_with_ftb="0"/>


====================================================================================
[15 JUN 2017 18:56:37 GMT-8] Downloading Binlog Commands - Preparing for execution...

====================================================================================
[15 JUN 2017 18:56:37 GMT-8] Downloading Binlog Commands Request:
"C:\PROGRA~2\MYHERI~1\Bin\FAMILY~2.EXE" https://www.myheritage.com/FP/API/FTB/ftb-api.php --data "@C:\Users\Eric\AppData\Roaming\MYHERI~1\Temp\datB5F9.tmp" --output "C:\Users\Eric\AppData\Roaming\MYHERI~1\Temp\outB5FA.tmp" --stderr "C:\Users\Eric\AppData\Roaming\MYHERI~1\Temp\errB60A.tmp" -A "Family Tree Builder 8.0.0.8318"
---DATA:---
action=api-sync-get-bin-log-transactions&site_admin=ericrborsheim@gmail.com&site_pwd=53d384b89203627f686e06fb83b9fc4bc572ec2c&site_id=364175731&client_program_version=8.0.0.8318&project_guid=57FCA7416EAD763E2E06995A33EE916F&revision=0&offset=0&limit=1
------------------------------------------------------------------------------------
[15 JUN 2017 18:56:38 GMT-8] Downloading Binlog Commands Connection result:
0 (WAIT_OBJECT_0)

------------------------------------------------------------------------------------
[15 JUN 2017 18:56:38 GMT-8] Downloading Binlog Commands Response:
<?xml version="1.0"?>
<Get-bin-log-transactions site_id="364175731" project_guid="57FCA7416EAD763E2E06995A33EE916F" client_revision="0" is_synced_with_ftb="0" total="0">
  <transactions/>
</Get-bin-log-transactions>


====================================================================================
[16 JUN 2017 22:44:16 GMT-8] Pre-Sync - Preparing for execution...

====================================================================================
[16 JUN 2017 22:44:16 GMT-8] Pre-Sync Request:
"C:\PROGRA~2\MYHERI~1\Bin\FAMILY~2.EXE" https://www.myheritage.com/FP/API/FTB/ftb-api.php --data "@C:\Users\Eric\AppData\Roaming\MYHERI~1\Temp\dat7B5A.tmp" --progress-bar --output "C:\Users\Eric\AppData\Roaming\MYHERI~1\Temp\out7B5B.tmp" --stderr "C:\Users\Eric\AppData\Roaming\MYHERI~1\Temp\err7B5C.tmp" -A "Family Tree Builder 8.0.0.8318"
---DATA:---
action=api-sync-pre-sync&site_admin=ericrborsheim@gmail.com&site_pwd=53d384b89203627f686e06fb83b9fc4bc572ec2c&project_guid=57FCA7416EAD763E2E06995A33EE916F&publishing_guid=&revision=0&client_program_version=8.0.0.8318&site_id=364175731&computer_name=DESKTOP-G4N757J&bin_log_transaction_offset=0
------------------------------------------------------------------------------------
[16 JUN 2017 22:44:16 GMT-8] Pre-Sync Connection result:
0 (WAIT_OBJECT_0)

------------------------------------------------------------------------------------
[16 JUN 2017 22:44:16 GMT-8] Pre-Sync Response:
<?xml version="1.0"?>
<Pre-sync site_id="364175731" project_guid="57FCA7416EAD763E2E06995A33EE916F" client_revision="0" is_synced_with_ftb="0"/>


====================================================================================
[16 JUN 2017 22:44:16 GMT-8] Downloading Binlog Commands - Preparing for execution...

====================================================================================
[16 JUN 2017 22:44:16 GMT-8] Downloading Binlog Commands Request:
"C:\PROGRA~2\MYHERI~1\Bin\FAMILY~2.EXE" https://www.myheritage.com/FP/API/FTB/ftb-api.php --data "@C:\Users\Eric\AppData\Roaming\MYHERI~1\Temp\dat7EB9.tmp" --output "C:\Users\Eric\AppData\Roaming\MYHERI~1\Temp\out7EBA.tmp" --stderr "C:\Users\Eric\AppData\Roaming\MYHERI~1\Temp\err7EBB.tmp" -A "Family Tree Builder 8.0.0.8318"
---DATA:---
action=api-sync-get-bin-log-transactions&site_admin=ericrborsheim@gmail.com&site_pwd=53d384b89203627f686e06fb83b9fc4bc572ec2c&site_id=364175731&client_program_version=8.0.0.8318&project_guid=57FCA7416EAD763E2E06995A33EE916F&revision=0&offset=0&limit=1
------------------------------------------------------------------------------------
[16 JUN 2017 22:44:17 GMT-8] Downloading Binlog Commands Connection result:
0 (WAIT_OBJECT_0)

------------------------------------------------------------------------------------
[16 JUN 2017 22:44:17 GMT-8] Downloading Binlog Commands Response:
<?xml version="1.0"?>
<Get-bin-log-transactions site_id="364175731" project_guid="57FCA7416EAD763E2E06995A33EE916F" client_revision="0" is_synced_with_ftb="0" total="0">
  <transactions/>
</Get-bin-log-transactions>


====================================================================================
[17 JUN 2017 16:38:59 GMT-8] Pre-Sync - Preparing for execution...

====================================================================================
[17 JUN 2017 16:39:00 GMT-8] Pre-Sync Request:
"C:\PROGRA~2\MYHERI~1\Bin\FAMILY~2.EXE" https://www.myheritage.com/FP/API/FTB/ftb-api.php --data "@C:\Users\Eric\AppData\Roaming\MYHERI~1\Temp\dat6DCC.tmp" --progress-bar --output "C:\Users\Eric\AppData\Roaming\MYHERI~1\Temp\out6DCD.tmp" --stderr "C:\Users\Eric\AppData\Roaming\MYHERI~1\Temp\err6DCE.tmp" -A "Family Tree Builder 8.0.0.8318"
---DATA:---
action=api-sync-pre-sync&site_admin=ericrborsheim@gmail.com&site_pwd=53d384b89203627f686e06fb83b9fc4bc572ec2c&project_guid=57FCA7416EAD763E2E06995A33EE916F&publishing_guid=&revision=0&client_program_version=8.0.0.8318&site_id=364175731&computer_name=DESKTOP-G4N757J&bin_log_transaction_offset=0
------------------------------------------------------------------------------------
[17 JUN 2017 16:39:00 GMT-8] Pre-Sync Connection result:
0 (WAIT_OBJECT_0)

------------------------------------------------------------------------------------
[17 JUN 2017 16:39:00 GMT-8] Pre-Sync Response:
<?xml version="1.0"?>
<Pre-sync site_id="364175731" project_guid="57FCA7416EAD763E2E06995A33EE916F" client_revision="0" is_synced_with_ftb="0"/>


====================================================================================
[17 JUN 2017 16:39:00 GMT-8] Downloading Binlog Commands - Preparing for execution...

====================================================================================
[17 JUN 2017 16:39:00 GMT-8] Downloading Binlog Commands Request:
"C:\PROGRA~2\MYHERI~1\Bin\FAMILY~2.EXE" https://www.myheritage.com/FP/API/FTB/ftb-api.php --data "@C:\Users\Eric\AppData\Roaming\MYHERI~1\Temp\dat7149.tmp" --output "C:\Users\Eric\AppData\Roaming\MYHERI~1\Temp\out714A.tmp" --stderr "C:\Users\Eric\AppData\Roaming\MYHERI~1\Temp\err714B.tmp" -A "Family Tree Builder 8.0.0.8318"
---DATA:---
action=api-sync-get-bin-log-transactions&site_admin=ericrborsheim@gmail.com&site_pwd=53d384b89203627f686e06fb83b9fc4bc572ec2c&site_id=364175731&client_program_version=8.0.0.8318&project_guid=57FCA7416EAD763E2E06995A33EE916F&revision=0&offset=0&limit=1
------------------------------------------------------------------------------------
[17 JUN 2017 16:39:01 GMT-8] Downloading Binlog Commands Connection result:
0 (WAIT_OBJECT_0)

------------------------------------------------------------------------------------
[17 JUN 2017 16:39:01 GMT-8] Downloading Binlog Commands Response:
<?xml version="1.0"?>
<Get-bin-log-transactions site_id="364175731" project_guid="57FCA7416EAD763E2E06995A33EE916F" client_revision="0" is_synced_with_ftb="0" total="0">
  <transactions/>
</Get-bin-log-transactions>


====================================================================================
[18 JUN 2017 22:48:10 GMT-8] Pre-Sync - Preparing for execution...

====================================================================================
[18 JUN 2017 22:48:10 GMT-8] Pre-Sync Request:
"C:\PROGRA~2\MYHERI~1\Bin\FAMILY~2.EXE" https://www.myheritage.com/FP/API/FTB/ftb-api.php --data "@C:\Users\Eric\AppData\Roaming\MYHERI~1\Temp\datC7BC.tmp" --progress-bar --output "C:\Users\Eric\AppData\Roaming\MYHERI~1\Temp\outC7BD.tmp" --stderr "C:\Users\Eric\AppData\Roaming\MYHERI~1\Temp\errC7BE.tmp" -A "Family Tree Builder 8.0.0.8318"
---DATA:---
action=api-sync-pre-sync&site_admin=ericrborsheim@gmail.com&site_pwd=53d384b89203627f686e06fb83b9fc4bc572ec2c&project_guid=57FCA7416EAD763E2E06995A33EE916F&publishing_guid=&revision=0&client_program_version=8.0.0.8318&site_id=364175731&computer_name=DESKTOP-G4N757J&bin_log_transaction_offset=0
------------------------------------------------------------------------------------
[18 JUN 2017 22:48:11 GMT-8] Pre-Sync Connection result:
0 (WAIT_OBJECT_0)

------------------------------------------------------------------------------------
[18 JUN 2017 22:48:11 GMT-8] Pre-Sync Response:
<?xml version="1.0"?>
<Pre-sync site_id="364175731" project_guid="57FCA7416EAD763E2E06995A33EE916F" client_revision="0" is_synced_with_ftb="0"/>


====================================================================================
[18 JUN 2017 22:48:11 GMT-8] Downloading Binlog Commands - Preparing for execution...

====================================================================================
[18 JUN 2017 22:48:11 GMT-8] Downloading Binlog Commands Request:
"C:\PROGRA~2\MYHERI~1\Bin\FAMILY~2.EXE" https://www.myheritage.com/FP/API/FTB/ftb-api.php --data "@C:\Users\Eric\AppData\Roaming\MYHERI~1\Temp\datCACC.tmp" --output "C:\Users\Eric\AppData\Roaming\MYHERI~1\Temp\outCADD.tmp" --stderr "C:\Users\Eric\AppData\Roaming\MYHERI~1\Temp\errCADE.tmp" -A "Family Tree Builder 8.0.0.8318"
---DATA:---
action=api-sync-get-bin-log-transactions&site_admin=ericrborsheim@gmail.com&site_pwd=53d384b89203627f686e06fb83b9fc4bc572ec2c&site_id=364175731&client_program_version=8.0.0.8318&project_guid=57FCA7416EAD763E2E06995A33EE916F&revision=0&offset=0&limit=1
------------------------------------------------------------------------------------
[18 JUN 2017 22:48:12 GMT-8] Downloading Binlog Commands Connection result:
0 (WAIT_OBJECT_0)

------------------------------------------------------------------------------------
[18 JUN 2017 22:48:12 GMT-8] Downloading Binlog Commands Response:
<?xml version="1.0"?>
<Get-bin-log-transactions site_id="364175731" project_guid="57FCA7416EAD763E2E06995A33EE916F" client_revision="0" is_synced_with_ftb="0" total="0">
  <transactions/>
</Get-bin-log-transactions>


====================================================================================
[19 JUN 2017 01:38:59 GMT-8] Pre-Sync - Preparing for execution...

====================================================================================
[19 JUN 2017 01:38:59 GMT-8] Pre-Sync Request:
"C:\PROGRA~2\MYHERI~1\Bin\FAMILY~2.EXE" https://www.myheritage.com/FP/API/FTB/ftb-api.php --data "@C:\Users\Eric\AppData\Roaming\MYHERI~1\Temp\dat2BFF.tmp" --progress-bar --output "C:\Users\Eric\AppData\Roaming\MYHERI~1\Temp\out2C00.tmp" --stderr "C:\Users\Eric\AppData\Roaming\MYHERI~1\Temp\err2C01.tmp" -A "Family Tree Builder 8.0.0.8318"
---DATA:---
action=api-sync-pre-sync&site_admin=ericrborsheim@gmail.com&site_pwd=53d384b89203627f686e06fb83b9fc4bc572ec2c&project_guid=57FCA7416EAD763E2E06995A33EE916F&publishing_guid=&revision=0&client_program_version=8.0.0.8318&site_id=364175731&computer_name=DESKTOP-G4N757J&bin_log_transaction_offset=0
------------------------------------------------------------------------------------
[19 JUN 2017 01:39:00 GMT-8] Pre-Sync Connection result:
0 (WAIT_OBJECT_0)

------------------------------------------------------------------------------------
[19 JUN 2017 01:39:00 GMT-8] Pre-Sync Response:
<?xml version="1.0"?>
<Pre-sync site_id="364175731" project_guid="57FCA7416EAD763E2E06995A33EE916F" client_revision="0" is_synced_with_ftb="0"/>


====================================================================================
[19 JUN 2017 01:39:00 GMT-8] Downloading Binlog Commands - Preparing for execution...

====================================================================================
[19 JUN 2017 01:39:00 GMT-8] Downloading Binlog Commands Request:
"C:\PROGRA~2\MYHERI~1\Bin\FAMILY~2.EXE" https://www.myheritage.com/FP/API/FTB/ftb-api.php --data "@C:\Users\Eric\AppData\Roaming\MYHERI~1\Temp\dat2F00.tmp" --output "C:\Users\Eric\AppData\Roaming\MYHERI~1\Temp\out2F01.tmp" --stderr "C:\Users\Eric\AppData\Roaming\MYHERI~1\Temp\err2F02.tmp" -A "Family Tree Builder 8.0.0.8318"
---DATA:---
action=api-sync-get-bin-log-transactions&site_admin=ericrborsheim@gmail.com&site_pwd=53d384b89203627f686e06fb83b9fc4bc572ec2c&site_id=364175731&client_program_version=8.0.0.8318&project_guid=57FCA7416EAD763E2E06995A33EE916F&revision=0&offset=0&limit=1
------------------------------------------------------------------------------------
[19 JUN 2017 01:39:01 GMT-8] Downloading Binlog Commands Connection result:
0 (WAIT_OBJECT_0)

------------------------------------------------------------------------------------
[19 JUN 2017 01:39:01 GMT-8] Downloading Binlog Commands Response:
<?xml version="1.0"?>
<Get-bin-log-transactions site_id="364175731" project_guid="57FCA7416EAD763E2E06995A33EE916F" client_revision="0" is_synced_with_ftb="0" total="0">
  <transactions/>
</Get-bin-log-transactions>


====================================================================================
[19 JUN 2017 23:57:24 GMT-8] Pre-Sync - Preparing for execution...

====================================================================================
[19 JUN 2017 23:57:24 GMT-8] Pre-Sync Request:
"C:\PROGRA~2\MYHERI~1\Bin\FAMILY~2.EXE" https://www.myheritage.com/FP/API/FTB/ftb-api.php --data "@C:\Users\Eric\AppData\Roaming\MYHERI~1\Temp\dat8794.tmp" --progress-bar --output "C:\Users\Eric\AppData\Roaming\MYHERI~1\Temp\out8795.tmp" --stderr "C:\Users\Eric\AppData\Roaming\MYHERI~1\Temp\err8796.tmp" -A "Family Tree Builder 8.0.0.8318"
---DATA:---
action=api-sync-pre-sync&site_admin=ericrborsheim@gmail.com&site_pwd=53d384b89203627f686e06fb83b9fc4bc572ec2c&project_guid=57FCA7416EAD763E2E06995A33EE916F&publishing_guid=&revision=0&client_program_version=8.0.0.8318&site_id=364175731&computer_name=DESKTOP-G4N757J&bin_log_transaction_offset=0
------------------------------------------------------------------------------------
[19 JUN 2017 23:57:25 GMT-8] Pre-Sync Connection result:
0 (WAIT_OBJECT_0)

------------------------------------------------------------------------------------
[19 JUN 2017 23:57:25 GMT-8] Pre-Sync Response:
<?xml version="1.0"?>
<Pre-sync site_id="364175731" project_guid="57FCA7416EAD763E2E06995A33EE916F" client_revision="0" is_synced_with_ftb="0"/>


====================================================================================
[19 JUN 2017 23:57:25 GMT-8] Downloading Binlog Commands - Preparing for execution...

====================================================================================
[19 JUN 2017 23:57:25 GMT-8] Downloading Binlog Commands Request:
"C:\PROGRA~2\MYHERI~1\Bin\FAMILY~2.EXE" https://www.myheritage.com/FP/API/FTB/ftb-api.php --data "@C:\Users\Eric\AppData\Roaming\MYHERI~1\Temp\dat8A47.tmp" --output "C:\Users\Eric\AppData\Roaming\MYHERI~1\Temp\out8A48.tmp" --stderr "C:\Users\Eric\AppData\Roaming\MYHERI~1\Temp\err8A49.tmp" -A "Family Tree Builder 8.0.0.8318"
---DATA:---
action=api-sync-get-bin-log-transactions&site_admin=ericrborsheim@gmail.com&site_pwd=53d384b89203627f686e06fb83b9fc4bc572ec2c&site_id=364175731&client_program_version=8.0.0.8318&project_guid=57FCA7416EAD763E2E06995A33EE916F&revision=0&offset=0&limit=1
------------------------------------------------------------------------------------
[19 JUN 2017 23:57:26 GMT-8] Downloading Binlog Commands Connection result:
0 (WAIT_OBJECT_0)

------------------------------------------------------------------------------------
[19 JUN 2017 23:57:26 GMT-8] Downloading Binlog Commands Response:
<?xml version="1.0"?>
<Get-bin-log-transactions site_id="364175731" project_guid="57FCA7416EAD763E2E06995A33EE916F" client_revision="0" is_synced_with_ftb="0" total="0">
  <transactions/>
</Get-bin-log-transactions>


====================================================================================
[20 JUN 2017 18:28:33 GMT-8] Pre-Sync - Preparing for execution...

====================================================================================
[20 JUN 2017 18:28:33 GMT-8] Pre-Sync Request:
"C:\PROGRA~2\MYHERI~1\Bin\FAMILY~2.EXE" https://www.myheritage.com/FP/API/FTB/ftb-api.php --data "@C:\Users\Eric\AppData\Roaming\MYHERI~1\Temp\datD017.tmp" --progress-bar --output "C:\Users\Eric\AppData\Roaming\MYHERI~1\Temp\outD018.tmp" --stderr "C:\Users\Eric\AppData\Roaming\MYHERI~1\Temp\errD019.tmp" -A "Family Tree Builder 8.0.0.8318"
---DATA:---
action=api-sync-pre-sync&site_admin=ericrborsheim@gmail.com&site_pwd=53d384b89203627f686e06fb83b9fc4bc572ec2c&project_guid=57FCA7416EAD763E2E06995A33EE916F&publishing_guid=&revision=0&client_program_version=8.0.0.8318&site_id=364175731&computer_name=DESKTOP-G4N757J&bin_log_transaction_offset=0
------------------------------------------------------------------------------------
[20 JUN 2017 18:28:35 GMT-8] Pre-Sync Connection result:
0 (WAIT_OBJECT_0)

------------------------------------------------------------------------------------
[20 JUN 2017 18:28:35 GMT-8] Pre-Sync Response:
<?xml version="1.0"?>
<Pre-sync site_id="364175731" project_guid="57FCA7416EAD763E2E06995A33EE916F" client_revision="0" is_synced_with_ftb="0"/>


====================================================================================
[20 JUN 2017 18:28:35 GMT-8] Downloading Binlog Commands - Preparing for execution...

====================================================================================
[20 JUN 2017 18:28:35 GMT-8] Downloading Binlog Commands Request:
"C:\PROGRA~2\MYHERI~1\Bin\FAMILY~2.EXE" https://www.myheritage.com/FP/API/FTB/ftb-api.php --data "@C:\Users\Eric\AppData\Roaming\MYHERI~1\Temp\datD850.tmp" --output "C:\Users\Eric\AppData\Roaming\MYHERI~1\Temp\outD851.tmp" --stderr "C:\Users\Eric\AppData\Roaming\MYHERI~1\Temp\errD852.tmp" -A "Family Tree Builder 8.0.0.8318"
---DATA:---
action=api-sync-get-bin-log-transactions&site_admin=ericrborsheim@gmail.com&site_pwd=53d384b89203627f686e06fb83b9fc4bc572ec2c&site_id=364175731&client_program_version=8.0.0.8318&project_guid=57FCA7416EAD763E2E06995A33EE916F&revision=0&offset=0&limit=1
------------------------------------------------------------------------------------
[20 JUN 2017 18:28:36 GMT-8] Downloading Binlog Commands Connection result:
0 (WAIT_OBJECT_0)

------------------------------------------------------------------------------------
[20 JUN 2017 18:28:36 GMT-8] Downloading Binlog Commands Response:
<?xml version="1.0"?>
<Get-bin-log-transactions site_id="364175731" project_guid="57FCA7416EAD763E2E06995A33EE916F" client_revision="0" is_synced_with_ftb="0" total="0">
  <transactions/>
</Get-bin-log-transactions>


====================================================================================
[20 JUN 2017 21:19:52 GMT-8] Pre-Sync - Preparing for execution...

====================================================================================
[20 JUN 2017 21:19:52 GMT-8] Pre-Sync Request:
"C:\PROGRA~2\MYHERI~1\Bin\FAMILY~2.EXE" https://www.myheritage.com/FP/API/FTB/ftb-api.php --data "@C:\Users\Eric\AppData\Roaming\MYHERI~1\Temp\datA810.tmp" --progress-bar --output "C:\Users\Eric\AppData\Roaming\MYHERI~1\Temp\outA811.tmp" --stderr "C:\Users\Eric\AppData\Roaming\MYHERI~1\Temp\errA812.tmp" -A "Family Tree Builder 8.0.0.8318"
---DATA:---
action=api-sync-pre-sync&site_admin=ericrborsheim@gmail.com&site_pwd=53d384b89203627f686e06fb83b9fc4bc572ec2c&project_guid=57FCA7416EAD763E2E06995A33EE916F&publishing_guid=&revision=0&client_program_version=8.0.0.8318&site_id=364175731&computer_name=DESKTOP-G4N757J&bin_log_transaction_offset=0
------------------------------------------------------------------------------------
[20 JUN 2017 21:19:53 GMT-8] Pre-Sync Connection result:
0 (WAIT_OBJECT_0)

------------------------------------------------------------------------------------
[20 JUN 2017 21:19:53 GMT-8] Pre-Sync Response:
<?xml version="1.0"?>
<Pre-sync site_id="364175731" project_guid="57FCA7416EAD763E2E06995A33EE916F" client_revision="0" is_synced_with_ftb="0"/>


====================================================================================
[20 JUN 2017 21:19:53 GMT-8] Downloading Binlog Commands - Preparing for execution...

====================================================================================
[20 JUN 2017 21:19:53 GMT-8] Downloading Binlog Commands Request:
"C:\PROGRA~2\MYHERI~1\Bin\FAMILY~2.EXE" https://www.myheritage.com/FP/API/FTB/ftb-api.php --data "@C:\Users\Eric\AppData\Roaming\MYHERI~1\Temp\datAAE2.tmp" --output "C:\Users\Eric\AppData\Roaming\MYHERI~1\Temp\outAAF3.tmp" --stderr "C:\Users\Eric\AppData\Roaming\MYHERI~1\Temp\errAAF4.tmp" -A "Family Tree Builder 8.0.0.8318"
---DATA:---
action=api-sync-get-bin-log-transactions&site_admin=ericrborsheim@gmail.com&site_pwd=53d384b89203627f686e06fb83b9fc4bc572ec2c&site_id=364175731&client_program_version=8.0.0.8318&project_guid=57FCA7416EAD763E2E06995A33EE916F&revision=0&offset=0&limit=1
------------------------------------------------------------------------------------
[20 JUN 2017 21:19:53 GMT-8] Downloading Binlog Commands Connection result:
0 (WAIT_OBJECT_0)

------------------------------------------------------------------------------------
[20 JUN 2017 21:19:54 GMT-8] Downloading Binlog Commands Response:
<?xml version="1.0"?>
<Get-bin-log-transactions site_id="364175731" project_guid="57FCA7416EAD763E2E06995A33EE916F" client_revision="0" is_synced_with_ftb="0" total="0">
  <transactions/>
</Get-bin-log-transactions>


====================================================================================
[21 JUN 2017 13:09:24 GMT-8] Pre-Sync - Preparing for execution...

====================================================================================
[21 JUN 2017 13:09:24 GMT-8] Pre-Sync Request:
"C:\PROGRA~2\MYHERI~1\Bin\FAMILY~2.EXE" https://www.myheritage.com/FP/API/FTB/ftb-api.php --data "@C:\Users\Eric\AppData\Roaming\MYHERI~1\Temp\datF9F8.tmp" --progress-bar --output "C:\Users\Eric\AppData\Roaming\MYHERI~1\Temp\outF9F9.tmp" --stderr "C:\Users\Eric\AppData\Roaming\MYHERI~1\Temp\errF9FA.tmp" -A "Family Tree Builder 8.0.0.8318"
---DATA:---
action=api-sync-pre-sync&site_admin=ericrborsheim@gmail.com&site_pwd=53d384b89203627f686e06fb83b9fc4bc572ec2c&project_guid=57FCA7416EAD763E2E06995A33EE916F&publishing_guid=&revision=0&client_program_version=8.0.0.8318&site_id=364175731&computer_name=DESKTOP-G4N757J&bin_log_transaction_offset=0
------------------------------------------------------------------------------------
[21 JUN 2017 13:09:25 GMT-8] Pre-Sync Connection result:
0 (WAIT_OBJECT_0)

------------------------------------------------------------------------------------
[21 JUN 2017 13:09:25 GMT-8] Pre-Sync Response:
<?xml version="1.0"?>
<Pre-sync site_id="364175731" project_guid="57FCA7416EAD763E2E06995A33EE916F" client_revision="0" is_synced_with_ftb="0"/>


====================================================================================
[21 JUN 2017 13:09:25 GMT-8] Downloading Binlog Commands - Preparing for execution...

====================================================================================
[21 JUN 2017 13:09:25 GMT-8] Downloading Binlog Commands Request:
"C:\PROGRA~2\MYHERI~1\Bin\FAMILY~2.EXE" https://www.myheritage.com/FP/API/FTB/ftb-api.php --data "@C:\Users\Eric\AppData\Roaming\MYHERI~1\Temp\datFFF9.tmp" --output "C:\Users\Eric\AppData\Roaming\MYHERI~1\Temp\outFFFA.tmp" --stderr "C:\Users\Eric\AppData\Roaming\MYHERI~1\Temp\errFFFB.tmp" -A "Family Tree Builder 8.0.0.8318"
---DATA:---
action=api-sync-get-bin-log-transactions&site_admin=ericrborsheim@gmail.com&site_pwd=53d384b89203627f686e06fb83b9fc4bc572ec2c&site_id=364175731&client_program_version=8.0.0.8318&project_guid=57FCA7416EAD763E2E06995A33EE916F&revision=0&offset=0&limit=1
------------------------------------------------------------------------------------
[21 JUN 2017 13:09:26 GMT-8] Downloading Binlog Commands Connection result:
0 (WAIT_OBJECT_0)

------------------------------------------------------------------------------------
[21 JUN 2017 13:09:26 GMT-8] Downloading Binlog Commands Response:
<?xml version="1.0"?>
<Get-bin-log-transactions site_id="364175731" project_guid="57FCA7416EAD763E2E06995A33EE916F" client_revision="0" is_synced_with_ftb="0" total="0">
  <transactions/>
</Get-bin-log-transactions>


====================================================================================
[23 JUN 2017 02:23:58 GMT-8] Pre-Sync - Preparing for execution...

====================================================================================
[23 JUN 2017 02:23:58 GMT-8] Pre-Sync Request:
"C:\PROGRA~2\MYHERI~1\Bin\FAMILY~2.EXE" https://www.myheritage.com/FP/API/FTB/ftb-api.php --data "@C:\Users\Eric\AppData\Roaming\MYHERI~1\Temp\datAD56.tmp" --progress-bar --output "C:\Users\Eric\AppData\Roaming\MYHERI~1\Temp\outAD57.tmp" --stderr "C:\Users\Eric\AppData\Roaming\MYHERI~1\Temp\errAD58.tmp" -A "Family Tree Builder 8.0.0.8318"
---DATA:---
action=api-sync-pre-sync&site_admin=ericrborsheim@gmail.com&site_pwd=53d384b89203627f686e06fb83b9fc4bc572ec2c&project_guid=57FCA7416EAD763E2E06995A33EE916F&publishing_guid=&revision=0&client_program_version=8.0.0.8318&site_id=364175731&computer_name=DESKTOP-G4N757J&bin_log_transaction_offset=0
------------------------------------------------------------------------------------
[23 JUN 2017 02:23:59 GMT-8] Pre-Sync Connection result:
0 (WAIT_OBJECT_0)

------------------------------------------------------------------------------------
[23 JUN 2017 02:23:59 GMT-8] Pre-Sync Response:
<?xml version="1.0"?>
<Pre-sync site_id="364175731" project_guid="57FCA7416EAD763E2E06995A33EE916F" client_revision="0" is_synced_with_ftb="0"/>


====================================================================================
[23 JUN 2017 02:23:59 GMT-8] Downloading Binlog Commands - Preparing for execution...

====================================================================================
[23 JUN 2017 02:23:59 GMT-8] Downloading Binlog Commands Request:
"C:\PROGRA~2\MYHERI~1\Bin\FAMILY~2.EXE" https://www.myheritage.com/FP/API/FTB/ftb-api.php --data "@C:\Users\Eric\AppData\Roaming\MYHERI~1\Temp\datB027.tmp" --output "C:\Users\Eric\AppData\Roaming\MYHERI~1\Temp\outB028.tmp" --stderr "C:\Users\Eric\AppData\Roaming\MYHERI~1\Temp\errB029.tmp" -A "Family Tree Builder 8.0.0.8318"
---DATA:---
action=api-sync-get-bin-log-transactions&site_admin=ericrborsheim@gmail.com&site_pwd=53d384b89203627f686e06fb83b9fc4bc572ec2c&site_id=364175731&client_program_version=8.0.0.8318&project_guid=57FCA7416EAD763E2E06995A33EE916F&revision=0&offset=0&limit=1
------------------------------------------------------------------------------------
[23 JUN 2017 02:23:59 GMT-8] Downloading Binlog Commands Connection result:
0 (WAIT_OBJECT_0)

------------------------------------------------------------------------------------
[23 JUN 2017 02:23:59 GMT-8] Downloading Binlog Commands Response:
<?xml version="1.0"?>
<Get-bin-log-transactions site_id="364175731" project_guid="57FCA7416EAD763E2E06995A33EE916F" client_revision="0" is_synced_with_ftb="0" total="0">
  <transactions/>
</Get-bin-log-transactions>


====================================================================================
[24 JUN 2017 20:41:11 GMT-8] Pre-Sync - Preparing for execution...

====================================================================================
[24 JUN 2017 20:41:11 GMT-8] Pre-Sync Request:
"C:\PROGRA~2\MYHERI~1\Bin\FAMILY~2.EXE" https://www.myheritage.com/FP/API/FTB/ftb-api.php --data "@C:\Users\Eric\AppData\Roaming\MYHERI~1\Temp\dat921A.tmp" --progress-bar --output "C:\Users\Eric\AppData\Roaming\MYHERI~1\Temp\out921B.tmp" --stderr "C:\Users\Eric\AppData\Roaming\MYHERI~1\Temp\err921C.tmp" -A "Family Tree Builder 8.0.0.8318"
---DATA:---
action=api-sync-pre-sync&site_admin=ericrborsheim@gmail.com&site_pwd=53d384b89203627f686e06fb83b9fc4bc572ec2c&project_guid=57FCA7416EAD763E2E06995A33EE916F&publishing_guid=&revision=0&client_program_version=8.0.0.8318&site_id=364175731&computer_name=DESKTOP-G4N757J&bin_log_transaction_offset=0
------------------------------------------------------------------------------------
[24 JUN 2017 20:41:14 GMT-8] Pre-Sync Connection result:
0 (WAIT_OBJECT_0)

------------------------------------------------------------------------------------
[24 JUN 2017 20:41:14 GMT-8] Pre-Sync Response:
<?xml version="1.0"?>
<Pre-sync site_id="364175731" project_guid="57FCA7416EAD763E2E06995A33EE916F" client_revision="0" is_synced_with_ftb="0"/>


====================================================================================
[24 JUN 2017 20:41:14 GMT-8] Downloading Binlog Commands - Preparing for execution...

====================================================================================
[24 JUN 2017 20:41:14 GMT-8] Downloading Binlog Commands Request:
"C:\PROGRA~2\MYHERI~1\Bin\FAMILY~2.EXE" https://www.myheritage.com/FP/API/FTB/ftb-api.php --data "@C:\Users\Eric\AppData\Roaming\MYHERI~1\Temp\dat9C60.tmp" --output "C:\Users\Eric\AppData\Roaming\MYHERI~1\Temp\out9C61.tmp" --stderr "C:\Users\Eric\AppData\Roaming\MYHERI~1\Temp\err9C62.tmp" -A "Family Tree Builder 8.0.0.8318"
---DATA:---
action=api-sync-get-bin-log-transactions&site_admin=ericrborsheim@gmail.com&site_pwd=53d384b89203627f686e06fb83b9fc4bc572ec2c&site_id=364175731&client_program_version=8.0.0.8318&project_guid=57FCA7416EAD763E2E06995A33EE916F&revision=0&offset=0&limit=1
------------------------------------------------------------------------------------
[24 JUN 2017 20:41:15 GMT-8] Downloading Binlog Commands Connection result:
0 (WAIT_OBJECT_0)

------------------------------------------------------------------------------------
[24 JUN 2017 20:41:15 GMT-8] Downloading Binlog Commands Response:
<?xml version="1.0"?>
<Get-bin-log-transactions site_id="364175731" project_guid="57FCA7416EAD763E2E06995A33EE916F" client_revision="0" is_synced_with_ftb="0" total="0">
  <transactions/>
</Get-bin-log-transactions>


====================================================================================
[25 JUN 2017 09:51:51 GMT-8] Pre-Sync - Preparing for execution...

====================================================================================
[25 JUN 2017 09:51:52 GMT-8] Pre-Sync Request:
"C:\PROGRA~2\MYHERI~1\Bin\FAMILY~2.EXE" https://www.myheritage.com/FP/API/FTB/ftb-api.php --data "@C:\Users\Eric\AppData\Roaming\MYHERI~1\Temp\dat7309.tmp" --progress-bar --output "C:\Users\Eric\AppData\Roaming\MYHERI~1\Temp\out730A.tmp" --stderr "C:\Users\Eric\AppData\Roaming\MYHERI~1\Temp\err731B.tmp" -A "Family Tree Builder 8.0.0.8318"
---DATA:---
action=api-sync-pre-sync&site_admin=ericrborsheim@gmail.com&site_pwd=53d384b89203627f686e06fb83b9fc4bc572ec2c&project_guid=57FCA7416EAD763E2E06995A33EE916F&publishing_guid=&revision=0&client_program_version=8.0.0.8318&site_id=364175731&computer_name=DESKTOP-G4N757J&bin_log_transaction_offset=0
------------------------------------------------------------------------------------
[25 JUN 2017 09:51:54 GMT-8] Pre-Sync Connection result:
0 (WAIT_OBJECT_0)

------------------------------------------------------------------------------------
[25 JUN 2017 09:51:54 GMT-8] Pre-Sync Response:
<?xml version="1.0"?>
<Pre-sync site_id="364175731" project_guid="57FCA7416EAD763E2E06995A33EE916F" client_revision="0" is_synced_with_ftb="0"/>


====================================================================================
[25 JUN 2017 09:51:54 GMT-8] Downloading Binlog Commands - Preparing for execution...

====================================================================================
[25 JUN 2017 09:51:54 GMT-8] Downloading Binlog Commands Request:
"C:\PROGRA~2\MYHERI~1\Bin\FAMILY~2.EXE" https://www.myheritage.com/FP/API/FTB/ftb-api.php --data "@C:\Users\Eric\AppData\Roaming\MYHERI~1\Temp\dat7E0B.tmp" --output "C:\Users\Eric\AppData\Roaming\MYHERI~1\Temp\out7E0C.tmp" --stderr "C:\Users\Eric\AppData\Roaming\MYHERI~1\Temp\err7E0D.tmp" -A "Family Tree Builder 8.0.0.8318"
---DATA:---
action=api-sync-get-bin-log-transactions&site_admin=ericrborsheim@gmail.com&site_pwd=53d384b89203627f686e06fb83b9fc4bc572ec2c&site_id=364175731&client_program_version=8.0.0.8318&project_guid=57FCA7416EAD763E2E06995A33EE916F&revision=0&offset=0&limit=1
------------------------------------------------------------------------------------
[25 JUN 2017 09:51:55 GMT-8] Downloading Binlog Commands Connection result:
0 (WAIT_OBJECT_0)

------------------------------------------------------------------------------------
[25 JUN 2017 09:51:55 GMT-8] Downloading Binlog Commands Response:
<?xml version="1.0"?>
<Get-bin-log-transactions site_id="364175731" project_guid="57FCA7416EAD763E2E06995A33EE916F" client_revision="0" is_synced_with_ftb="0" total="0">
  <transactions/>
</Get-bin-log-transactions>


====================================================================================
[30 JUN 2017 00:16:25 GMT-8] Pre-Sync - Preparing for execution...

====================================================================================
[30 JUN 2017 00:16:26 GMT-8] Pre-Sync Request:
"C:\PROGRA~2\MYHERI~1\Bin\FAMILY~2.EXE" https://www.myheritage.com/FP/API/FTB/ftb-api.php --data "@C:\Users\Eric\AppData\Roaming\MYHERI~1\Temp\dat1742.tmp" --progress-bar --output "C:\Users\Eric\AppData\Roaming\MYHERI~1\Temp\out1743.tmp" --stderr "C:\Users\Eric\AppData\Roaming\MYHERI~1\Temp\err1744.tmp" -A "Family Tree Builder 8.0.0.8318"
---DATA:---
action=api-sync-pre-sync&site_admin=ericrborsheim@gmail.com&site_pwd=53d384b89203627f686e06fb83b9fc4bc572ec2c&project_guid=57FCA7416EAD763E2E06995A33EE916F&publishing_guid=&revision=0&client_program_version=8.0.0.8318&site_id=364175731&computer_name=DESKTOP-G4N757J&bin_log_transaction_offset=0
------------------------------------------------------------------------------------
[30 JUN 2017 00:16:26 GMT-8] Pre-Sync Connection result:
0 (WAIT_OBJECT_0)

------------------------------------------------------------------------------------
[30 JUN 2017 00:16:26 GMT-8] Pre-Sync Response:
<?xml version="1.0"?>
<Pre-sync site_id="364175731" project_guid="57FCA7416EAD763E2E06995A33EE916F" client_revision="0" is_synced_with_ftb="0"/>


====================================================================================
[30 JUN 2017 00:16:26 GMT-8] Downloading Binlog Commands - Preparing for execution...

====================================================================================
[30 JUN 2017 00:16:26 GMT-8] Downloading Binlog Commands Request:
"C:\PROGRA~2\MYHERI~1\Bin\FAMILY~2.EXE" https://www.myheritage.com/FP/API/FTB/ftb-api.php --data "@C:\Users\Eric\AppData\Roaming\MYHERI~1\Temp\dat19F5.tmp" --output "C:\Users\Eric\AppData\Roaming\MYHERI~1\Temp\out19F6.tmp" --stderr "C:\Users\Eric\AppData\Roaming\MYHERI~1\Temp\err19F7.tmp" -A "Family Tree Builder 8.0.0.8318"
---DATA:---
action=api-sync-get-bin-log-transactions&site_admin=ericrborsheim@gmail.com&site_pwd=53d384b89203627f686e06fb83b9fc4bc572ec2c&site_id=364175731&client_program_version=8.0.0.8318&project_guid=57FCA7416EAD763E2E06995A33EE916F&revision=0&offset=0&limit=1
------------------------------------------------------------------------------------
[30 JUN 2017 00:16:27 GMT-8] Downloading Binlog Commands Connection result:
0 (WAIT_OBJECT_0)

------------------------------------------------------------------------------------
[30 JUN 2017 00:16:27 GMT-8] Downloading Binlog Commands Response:
<?xml version="1.0"?>
<Get-bin-log-transactions site_id="364175731" project_guid="57FCA7416EAD763E2E06995A33EE916F" client_revision="0" is_synced_with_ftb="0" total="0">
  <transactions/>
</Get-bin-log-transactions>


====================================================================================
[01 JUL 2017 20:51:54 GMT-8] Pre-Sync - Preparing for execution...

====================================================================================
[01 JUL 2017 20:51:54 GMT-8] Pre-Sync Request:
"C:\PROGRA~2\MYHERI~1\Bin\FAMILY~2.EXE" https://www.myheritage.com/FP/API/FTB/ftb-api.php --data "@C:\Users\Eric\AppData\Roaming\MYHERI~1\Temp\datEDC4.tmp" --progress-bar --output "C:\Users\Eric\AppData\Roaming\MYHERI~1\Temp\outEDC5.tmp" --stderr "C:\Users\Eric\AppData\Roaming\MYHERI~1\Temp\errEDC6.tmp" -A "Family Tree Builder 8.0.0.8318"
---DATA:---
action=api-sync-pre-sync&site_admin=ericrborsheim@gmail.com&site_pwd=53d384b89203627f686e06fb83b9fc4bc572ec2c&project_guid=57FCA7416EAD763E2E06995A33EE916F&publishing_guid=&revision=0&client_program_version=8.0.0.8318&site_id=364175731&computer_name=DESKTOP-G4N757J&bin_log_transaction_offset=0
------------------------------------------------------------------------------------
[01 JUL 2017 20:51:55 GMT-8] Pre-Sync Connection result:
0 (WAIT_OBJECT_0)

------------------------------------------------------------------------------------
[01 JUL 2017 20:51:55 GMT-8] Pre-Sync Response:
<?xml version="1.0"?>
<Pre-sync site_id="364175731" project_guid="57FCA7416EAD763E2E06995A33EE916F" client_revision="0" is_synced_with_ftb="0"/>


====================================================================================
[01 JUL 2017 20:51:55 GMT-8] Downloading Binlog Commands - Preparing for execution...

====================================================================================
[01 JUL 2017 20:51:55 GMT-8] Downloading Binlog Commands Request:
"C:\PROGRA~2\MYHERI~1\Bin\FAMILY~2.EXE" https://www.myheritage.com/FP/API/FTB/ftb-api.php --data "@C:\Users\Eric\AppData\Roaming\MYHERI~1\Temp\datF113.tmp" --output "C:\Users\Eric\AppData\Roaming\MYHERI~1\Temp\outF123.tmp" --stderr "C:\Users\Eric\AppData\Roaming\MYHERI~1\Temp\errF124.tmp" -A "Family Tree Builder 8.0.0.8318"
---DATA:---
action=api-sync-get-bin-log-transactions&site_admin=ericrborsheim@gmail.com&site_pwd=53d384b89203627f686e06fb83b9fc4bc572ec2c&site_id=364175731&client_program_version=8.0.0.8318&project_guid=57FCA7416EAD763E2E06995A33EE916F&revision=0&offset=0&limit=1
------------------------------------------------------------------------------------
[01 JUL 2017 20:51:55 GMT-8] Downloading Binlog Commands Connection result:
0 (WAIT_OBJECT_0)

------------------------------------------------------------------------------------
[01 JUL 2017 20:51:55 GMT-8] Downloading Binlog Commands Response:
<?xml version="1.0"?>
<Get-bin-log-transactions site_id="364175731" project_guid="57FCA7416EAD763E2E06995A33EE916F" client_revision="0" is_synced_with_ftb="0" total="0">
  <transactions/>
</Get-bin-log-transactions>


====================================================================================
[03 JUL 2017 03:28:23 GMT-8] Pre-Sync - Preparing for execution...

====================================================================================
[03 JUL 2017 03:28:23 GMT-8] Pre-Sync Request:
"C:\PROGRA~2\MYHERI~1\Bin\FAMILY~2.EXE" https://www.myheritage.com/FP/API/FTB/ftb-api.php --data "@C:\Users\Eric\AppData\Roaming\MYHERI~1\Temp\dat471F.tmp" --progress-bar --output "C:\Users\Eric\AppData\Roaming\MYHERI~1\Temp\out472F.tmp" --stderr "C:\Users\Eric\AppData\Roaming\MYHERI~1\Temp\err4730.tmp" -A "Family Tree Builder 8.0.0.8318"
---DATA:---
action=api-sync-pre-sync&site_admin=ericrborsheim@gmail.com&site_pwd=53d384b89203627f686e06fb83b9fc4bc572ec2c&project_guid=57FCA7416EAD763E2E06995A33EE916F&publishing_guid=&revision=0&client_program_version=8.0.0.8318&site_id=364175731&computer_name=DESKTOP-G4N757J&bin_log_transaction_offset=0
------------------------------------------------------------------------------------
[03 JUL 2017 03:28:23 GMT-8] Pre-Sync Connection result:
0 (WAIT_OBJECT_0)

------------------------------------------------------------------------------------
[03 JUL 2017 03:28:23 GMT-8] Pre-Sync Response:
<?xml version="1.0"?>
<Pre-sync site_id="364175731" project_guid="57FCA7416EAD763E2E06995A33EE916F" client_revision="0" is_synced_with_ftb="0"/>


====================================================================================
[03 JUL 2017 03:28:23 GMT-8] Downloading Binlog Commands - Preparing for execution...

====================================================================================
[03 JUL 2017 03:28:23 GMT-8] Downloading Binlog Commands Request:
"C:\PROGRA~2\MYHERI~1\Bin\FAMILY~2.EXE" https://www.myheritage.com/FP/API/FTB/ftb-api.php --data "@C:\Users\Eric\AppData\Roaming\MYHERI~1\Temp\dat49D1.tmp" --output "C:\Users\Eric\AppData\Roaming\MYHERI~1\Temp\out49E2.tmp" --stderr "C:\Users\Eric\AppData\Roaming\MYHERI~1\Temp\err49E3.tmp" -A "Family Tree Builder 8.0.0.8318"
---DATA:---
action=api-sync-get-bin-log-transactions&site_admin=ericrborsheim@gmail.com&site_pwd=53d384b89203627f686e06fb83b9fc4bc572ec2c&site_id=364175731&client_program_version=8.0.0.8318&project_guid=57FCA7416EAD763E2E06995A33EE916F&revision=0&offset=0&limit=1
------------------------------------------------------------------------------------
[03 JUL 2017 03:28:24 GMT-8] Downloading Binlog Commands Connection result:
0 (WAIT_OBJECT_0)

------------------------------------------------------------------------------------
[03 JUL 2017 03:28:24 GMT-8] Downloading Binlog Commands Response:
<?xml version="1.0"?>
<Get-bin-log-transactions site_id="364175731" project_guid="57FCA7416EAD763E2E06995A33EE916F" client_revision="0" is_synced_with_ftb="0" total="0">
  <transactions/>
</Get-bin-log-transactions>


====================================================================================
[03 JUL 2017 14:43:06 GMT-8] Pre-Sync - Preparing for execution...

====================================================================================
[03 JUL 2017 14:43:06 GMT-8] Pre-Sync Request:
"C:\PROGRA~2\MYHERI~1\Bin\FAMILY~2.EXE" https://www.myheritage.com/FP/API/FTB/ftb-api.php --data "@C:\Users\Eric\AppData\Roaming\MYHERI~1\Temp\dat248.tmp" --progress-bar --output "C:\Users\Eric\AppData\Roaming\MYHERI~1\Temp\out249.tmp" --stderr "C:\Users\Eric\AppData\Roaming\MYHERI~1\Temp\err24A.tmp" -A "Family Tree Builder 8.0.0.8318"
---DATA:---
action=api-sync-pre-sync&site_admin=ericrborsheim@gmail.com&site_pwd=53d384b89203627f686e06fb83b9fc4bc572ec2c&project_guid=57FCA7416EAD763E2E06995A33EE916F&publishing_guid=&revision=0&client_program_version=8.0.0.8318&site_id=364175731&computer_name=DESKTOP-G4N757J&bin_log_transaction_offset=0
------------------------------------------------------------------------------------
[03 JUL 2017 14:43:07 GMT-8] Pre-Sync Connection result:
0 (WAIT_OBJECT_0)

------------------------------------------------------------------------------------
[03 JUL 2017 14:43:07 GMT-8] Pre-Sync Response:
<?xml version="1.0"?>
<Pre-sync site_id="364175731" project_guid="57FCA7416EAD763E2E06995A33EE916F" client_revision="0" is_synced_with_ftb="0"/>


====================================================================================
[03 JUL 2017 14:43:07 GMT-8] Downloading Binlog Commands - Preparing for execution...

====================================================================================
[03 JUL 2017 14:43:07 GMT-8] Downloading Binlog Commands Request:
"C:\PROGRA~2\MYHERI~1\Bin\FAMILY~2.EXE" https://www.myheritage.com/FP/API/FTB/ftb-api.php --data "@C:\Users\Eric\AppData\Roaming\MYHERI~1\Temp\dat4FA.tmp" --output "C:\Users\Eric\AppData\Roaming\MYHERI~1\Temp\out4FB.tmp" --stderr "C:\Users\Eric\AppData\Roaming\MYHERI~1\Temp\err4FC.tmp" -A "Family Tree Builder 8.0.0.8318"
---DATA:---
action=api-sync-get-bin-log-transactions&site_admin=ericrborsheim@gmail.com&site_pwd=53d384b89203627f686e06fb83b9fc4bc572ec2c&site_id=364175731&client_program_version=8.0.0.8318&project_guid=57FCA7416EAD763E2E06995A33EE916F&revision=0&offset=0&limit=1
------------------------------------------------------------------------------------
[03 JUL 2017 14:43:08 GMT-8] Downloading Binlog Commands Connection result:
0 (WAIT_OBJECT_0)

------------------------------------------------------------------------------------
[03 JUL 2017 14:43:08 GMT-8] Downloading Binlog Commands Response:
<?xml version="1.0"?>
<Get-bin-log-transactions site_id="364175731" project_guid="57FCA7416EAD763E2E06995A33EE916F" client_revision="0" is_synced_with_ftb="0" total="0">
  <transactions/>
</Get-bin-log-transactions>


====================================================================================
[04 JUL 2017 16:15:36 GMT-8] Pre-Sync - Preparing for execution...

====================================================================================
[04 JUL 2017 16:15:36 GMT-8] Pre-Sync Request:
"C:\PROGRA~2\MYHERI~1\Bin\FAMILY~2.EXE" https://www.myheritage.com/FP/API/FTB/ftb-api.php --data "@C:\Users\Eric\AppData\Roaming\MYHERI~1\Temp\datA741.tmp" --progress-bar --output "C:\Users\Eric\AppData\Roaming\MYHERI~1\Temp\outA742.tmp" --stderr "C:\Users\Eric\AppData\Roaming\MYHERI~1\Temp\errA743.tmp" -A "Family Tree Builder 8.0.0.8318"
---DATA:---
action=api-sync-pre-sync&site_admin=ericrborsheim@gmail.com&site_pwd=53d384b89203627f686e06fb83b9fc4bc572ec2c&project_guid=57FCA7416EAD763E2E06995A33EE916F&publishing_guid=&revision=0&client_program_version=8.0.0.8318&site_id=364175731&computer_name=DESKTOP-G4N757J&bin_log_transaction_offset=0
------------------------------------------------------------------------------------
[04 JUL 2017 16:15:38 GMT-8] Pre-Sync Connection result:
0 (WAIT_OBJECT_0)

------------------------------------------------------------------------------------
[04 JUL 2017 16:15:38 GMT-8] Pre-Sync Response:
<?xml version="1.0"?>
<Pre-sync site_id="364175731" project_guid="57FCA7416EAD763E2E06995A33EE916F" client_revision="0" is_synced_with_ftb="0"/>


====================================================================================
[04 JUL 2017 16:15:38 GMT-8] Downloading Binlog Commands - Preparing for execution...

====================================================================================
[04 JUL 2017 16:15:38 GMT-8] Downloading Binlog Commands Request:
"C:\PROGRA~2\MYHERI~1\Bin\FAMILY~2.EXE" https://www.myheritage.com/FP/API/FTB/ftb-api.php --data "@C:\Users\Eric\AppData\Roaming\MYHERI~1\Temp\datAC93.tmp" --output "C:\Users\Eric\AppData\Roaming\MYHERI~1\Temp\outAC94.tmp" --stderr "C:\Users\Eric\AppData\Roaming\MYHERI~1\Temp\errAC95.tmp" -A "Family Tree Builder 8.0.0.8318"
---DATA:---
action=api-sync-get-bin-log-transactions&site_admin=ericrborsheim@gmail.com&site_pwd=53d384b89203627f686e06fb83b9fc4bc572ec2c&site_id=364175731&client_program_version=8.0.0.8318&project_guid=57FCA7416EAD763E2E06995A33EE916F&revision=0&offset=0&limit=1
------------------------------------------------------------------------------------
[04 JUL 2017 16:15:38 GMT-8] Downloading Binlog Commands Connection result:
0 (WAIT_OBJECT_0)

------------------------------------------------------------------------------------
[04 JUL 2017 16:15:38 GMT-8] Downloading Binlog Commands Response:
<?xml version="1.0"?>
<Get-bin-log-transactions site_id="364175731" project_guid="57FCA7416EAD763E2E06995A33EE916F" client_revision="0" is_synced_with_ftb="0" total="0">
  <transactions/>
</Get-bin-log-transactions>


====================================================================================
[05 JUL 2017 00:47:01 GMT-8] Pre-Sync - Preparing for execution...

====================================================================================
[05 JUL 2017 00:47:01 GMT-8] Pre-Sync Request:
"C:\PROGRA~2\MYHERI~1\Bin\FAMILY~2.EXE" https://www.myheritage.com/FP/API/FTB/ftb-api.php --data "@C:\Users\Eric\AppData\Roaming\MYHERI~1\Temp\datDBE9.tmp" --progress-bar --output "C:\Users\Eric\AppData\Roaming\MYHERI~1\Temp\outDBEA.tmp" --stderr "C:\Users\Eric\AppData\Roaming\MYHERI~1\Temp\errDBEB.tmp" -A "Family Tree Builder 8.0.0.8318"
---DATA:---
action=api-sync-pre-sync&site_admin=ericrborsheim@gmail.com&site_pwd=53d384b89203627f686e06fb83b9fc4bc572ec2c&project_guid=57FCA7416EAD763E2E06995A33EE916F&publishing_guid=&revision=0&client_program_version=8.0.0.8318&site_id=364175731&computer_name=DESKTOP-G4N757J&bin_log_transaction_offset=0
------------------------------------------------------------------------------------
[05 JUL 2017 00:47:01 GMT-8] Pre-Sync Connection result:
0 (WAIT_OBJECT_0)

------------------------------------------------------------------------------------
[05 JUL 2017 00:47:01 GMT-8] Pre-Sync Response:
<?xml version="1.0"?>
<Pre-sync site_id="364175731" project_guid="57FCA7416EAD763E2E06995A33EE916F" client_revision="0" is_synced_with_ftb="0"/>


====================================================================================
[05 JUL 2017 00:47:02 GMT-8] Downloading Binlog Commands - Preparing for execution...

====================================================================================
[05 JUL 2017 00:47:02 GMT-8] Downloading Binlog Commands Request:
"C:\PROGRA~2\MYHERI~1\Bin\FAMILY~2.EXE" https://www.myheritage.com/FP/API/FTB/ftb-api.php --data "@C:\Users\Eric\AppData\Roaming\MYHERI~1\Temp\datDF18.tmp" --output "C:\Users\Eric\AppData\Roaming\MYHERI~1\Temp\outDF19.tmp" --stderr "C:\Users\Eric\AppData\Roaming\MYHERI~1\Temp\errDF1A.tmp" -A "Family Tree Builder 8.0.0.8318"
---DATA:---
action=api-sync-get-bin-log-transactions&site_admin=ericrborsheim@gmail.com&site_pwd=53d384b89203627f686e06fb83b9fc4bc572ec2c&site_id=364175731&client_program_version=8.0.0.8318&project_guid=57FCA7416EAD763E2E06995A33EE916F&revision=0&offset=0&limit=1
------------------------------------------------------------------------------------
[05 JUL 2017 00:47:03 GMT-8] Downloading Binlog Commands Connection result:
0 (WAIT_OBJECT_0)

------------------------------------------------------------------------------------
[05 JUL 2017 00:47:03 GMT-8] Downloading Binlog Commands Response:
<?xml version="1.0"?>
<Get-bin-log-transactions site_id="364175731" project_guid="57FCA7416EAD763E2E06995A33EE916F" client_revision="0" is_synced_with_ftb="0" total="0">
  <transactions/>
</Get-bin-log-transactions>


====================================================================================
[05 JUL 2017 11:03:32 GMT-8] Pre-Sync - Preparing for execution...

====================================================================================
[05 JUL 2017 11:03:32 GMT-8] Pre-Sync Request:
"C:\PROGRA~2\MYHERI~1\Bin\FAMILY~2.EXE" https://www.myheritage.com/FP/API/FTB/ftb-api.php --data "@C:\Users\Eric\AppData\Roaming\MYHERI~1\Temp\dat4CF7.tmp" --progress-bar --output "C:\Users\Eric\AppData\Roaming\MYHERI~1\Temp\out4D75.tmp" --stderr "C:\Users\Eric\AppData\Roaming\MYHERI~1\Temp\err4D85.tmp" -A "Family Tree Builder 8.0.0.8318"
---DATA:---
action=api-sync-pre-sync&site_admin=ericrborsheim@gmail.com&site_pwd=53d384b89203627f686e06fb83b9fc4bc572ec2c&project_guid=57FCA7416EAD763E2E06995A33EE916F&publishing_guid=&revision=0&client_program_version=8.0.0.8318&site_id=364175731&computer_name=DESKTOP-G4N757J&bin_log_transaction_offset=0
------------------------------------------------------------------------------------
[05 JUL 2017 11:03:34 GMT-8] Pre-Sync Connection result:
0 (WAIT_OBJECT_0)

------------------------------------------------------------------------------------
[05 JUL 2017 11:03:34 GMT-8] Pre-Sync Response:
<?xml version="1.0"?>
<Pre-sync site_id="364175731" project_guid="57FCA7416EAD763E2E06995A33EE916F" client_revision="0" is_synced_with_ftb="0"/>


====================================================================================
[05 JUL 2017 11:03:34 GMT-8] Downloading Binlog Commands - Preparing for execution...

====================================================================================
[05 JUL 2017 11:03:34 GMT-8] Downloading Binlog Commands Request:
"C:\PROGRA~2\MYHERI~1\Bin\FAMILY~2.EXE" https://www.myheritage.com/FP/API/FTB/ftb-api.php --data "@C:\Users\Eric\AppData\Roaming\MYHERI~1\Temp\dat568F.tmp" --output "C:\Users\Eric\AppData\Roaming\MYHERI~1\Temp\out5690.tmp" --stderr "C:\Users\Eric\AppData\Roaming\MYHERI~1\Temp\err5691.tmp" -A "Family Tree Builder 8.0.0.8318"
---DATA:---
action=api-sync-get-bin-log-transactions&site_admin=ericrborsheim@gmail.com&site_pwd=53d384b89203627f686e06fb83b9fc4bc572ec2c&site_id=364175731&client_program_version=8.0.0.8318&project_guid=57FCA7416EAD763E2E06995A33EE916F&revision=0&offset=0&limit=1
------------------------------------------------------------------------------------
[05 JUL 2017 11:03:35 GMT-8] Downloading Binlog Commands Connection result:
0 (WAIT_OBJECT_0)

------------------------------------------------------------------------------------
[05 JUL 2017 11:03:35 GMT-8] Downloading Binlog Commands Response:
<?xml version="1.0"?>
<Get-bin-log-transactions site_id="364175731" project_guid="57FCA7416EAD763E2E06995A33EE916F" client_revision="0" is_synced_with_ftb="0" total="0">
  <transactions/>
</Get-bin-log-transactions>


====================================================================================
[05 JUL 2017 22:00:10 GMT-8] Pre-Sync - Preparing for execution...

====================================================================================
[05 JUL 2017 22:00:10 GMT-8] Pre-Sync Request:
"C:\PROGRA~2\MYHERI~1\Bin\FAMILY~2.EXE" https://www.myheritage.com/FP/API/FTB/ftb-api.php --data "@C:\Users\Eric\AppData\Roaming\MYHERI~1\Temp\dat79C9.tmp" --progress-bar --output "C:\Users\Eric\AppData\Roaming\MYHERI~1\Temp\out79DA.tmp" --stderr "C:\Users\Eric\AppData\Roaming\MYHERI~1\Temp\err79DB.tmp" -A "Family Tree Builder 8.0.0.8318"
---DATA:---
action=api-sync-pre-sync&site_admin=ericrborsheim@gmail.com&site_pwd=53d384b89203627f686e06fb83b9fc4bc572ec2c&project_guid=57FCA7416EAD763E2E06995A33EE916F&publishing_guid=&revision=0&client_program_version=8.0.0.8318&site_id=364175731&computer_name=DESKTOP-G4N757J&bin_log_transaction_offset=0
------------------------------------------------------------------------------------
[05 JUL 2017 22:00:11 GMT-8] Pre-Sync Connection result:
0 (WAIT_OBJECT_0)

------------------------------------------------------------------------------------
[05 JUL 2017 22:00:11 GMT-8] Pre-Sync Response:
<?xml version="1.0"?>
<Pre-sync site_id="364175731" project_guid="57FCA7416EAD763E2E06995A33EE916F" client_revision="0" is_synced_with_ftb="0"/>


====================================================================================
[05 JUL 2017 22:00:11 GMT-8] Downloading Binlog Commands - Preparing for execution...

====================================================================================
[05 JUL 2017 22:00:11 GMT-8] Downloading Binlog Commands Request:
"C:\PROGRA~2\MYHERI~1\Bin\FAMILY~2.EXE" https://www.myheritage.com/FP/API/FTB/ftb-api.php --data "@C:\Users\Eric\AppData\Roaming\MYHERI~1\Temp\dat7D66.tmp" --output "C:\Users\Eric\AppData\Roaming\MYHERI~1\Temp\out7D67.tmp" --stderr "C:\Users\Eric\AppData\Roaming\MYHERI~1\Temp\err7D68.tmp" -A "Family Tree Builder 8.0.0.8318"
---DATA:---
action=api-sync-get-bin-log-transactions&site_admin=ericrborsheim@gmail.com&site_pwd=53d384b89203627f686e06fb83b9fc4bc572ec2c&site_id=364175731&client_program_version=8.0.0.8318&project_guid=57FCA7416EAD763E2E06995A33EE916F&revision=0&offset=0&limit=1
------------------------------------------------------------------------------------
[05 JUL 2017 22:00:12 GMT-8] Downloading Binlog Commands Connection result:
0 (WAIT_OBJECT_0)

------------------------------------------------------------------------------------
[05 JUL 2017 22:00:12 GMT-8] Downloading Binlog Commands Response:
<?xml version="1.0"?>
<Get-bin-log-transactions site_id="364175731" project_guid="57FCA7416EAD763E2E06995A33EE916F" client_revision="0" is_synced_with_ftb="0" total="0">
  <transactions/>
</Get-bin-log-transactions>


====================================================================================
[06 JUL 2017 19:53:34 GMT-8] Pre-Sync - Preparing for execution...

====================================================================================
[06 JUL 2017 19:53:34 GMT-8] Pre-Sync Request:
"C:\PROGRA~2\MYHERI~1\Bin\FAMILY~2.EXE" https://www.myheritage.com/FP/API/FTB/ftb-api.php --data "@C:\Users\Eric\AppData\Roaming\MYHERI~1\Temp\dat959E.tmp" --progress-bar --output "C:\Users\Eric\AppData\Roaming\MYHERI~1\Temp\out959F.tmp" --stderr "C:\Users\Eric\AppData\Roaming\MYHERI~1\Temp\err95A0.tmp" -A "Family Tree Builder 8.0.0.8318"
---DATA:---
action=api-sync-pre-sync&site_admin=ericrborsheim@gmail.com&site_pwd=53d384b89203627f686e06fb83b9fc4bc572ec2c&project_guid=57FCA7416EAD763E2E06995A33EE916F&publishing_guid=&revision=0&client_program_version=8.0.0.8318&site_id=364175731&computer_name=DESKTOP-G4N757J&bin_log_transaction_offset=0
------------------------------------------------------------------------------------
[06 JUL 2017 19:53:34 GMT-8] Pre-Sync Connection result:
0 (WAIT_OBJECT_0)

------------------------------------------------------------------------------------
[06 JUL 2017 19:53:34 GMT-8] Pre-Sync Response:
<?xml version="1.0"?>
<Pre-sync site_id="364175731" project_guid="57FCA7416EAD763E2E06995A33EE916F" client_revision="0" is_synced_with_ftb="0"/>


====================================================================================
[06 JUL 2017 19:53:34 GMT-8] Downloading Binlog Commands - Preparing for execution...

====================================================================================
[06 JUL 2017 19:53:34 GMT-8] Downloading Binlog Commands Request:
"C:\PROGRA~2\MYHERI~1\Bin\FAMILY~2.EXE" https://www.myheritage.com/FP/API/FTB/ftb-api.php --data "@C:\Users\Eric\AppData\Roaming\MYHERI~1\Temp\dat9851.tmp" --output "C:\Users\Eric\AppData\Roaming\MYHERI~1\Temp\out9852.tmp" --stderr "C:\Users\Eric\AppData\Roaming\MYHERI~1\Temp\err9853.tmp" -A "Family Tree Builder 8.0.0.8318"
---DATA:---
action=api-sync-get-bin-log-transactions&site_admin=ericrborsheim@gmail.com&site_pwd=53d384b89203627f686e06fb83b9fc4bc572ec2c&site_id=364175731&client_program_version=8.0.0.8318&project_guid=57FCA7416EAD763E2E06995A33EE916F&revision=0&offset=0&limit=1
------------------------------------------------------------------------------------
[06 JUL 2017 19:53:35 GMT-8] Downloading Binlog Commands Connection result:
0 (WAIT_OBJECT_0)

------------------------------------------------------------------------------------
[06 JUL 2017 19:53:35 GMT-8] Downloading Binlog Commands Response:
<?xml version="1.0"?>
<Get-bin-log-transactions site_id="364175731" project_guid="57FCA7416EAD763E2E06995A33EE916F" client_revision="0" is_synced_with_ftb="0" total="0">
  <transactions/>
</Get-bin-log-transactions>


====================================================================================
[06 JUL 2017 21:22:39 GMT-8] Pre-Sync - Preparing for execution...

====================================================================================
[06 JUL 2017 21:22:39 GMT-8] Pre-Sync Request:
"C:\PROGRA~2\MYHERI~1\Bin\FAMILY~2.EXE" https://www.myheritage.com/FP/API/FTB/ftb-api.php --data "@C:\Users\Eric\AppData\Roaming\MYHERI~1\Temp\dat2469.tmp" --progress-bar --output "C:\Users\Eric\AppData\Roaming\MYHERI~1\Temp\out246A.tmp" --stderr "C:\Users\Eric\AppData\Roaming\MYHERI~1\Temp\err246B.tmp" -A "Family Tree Builder 8.0.0.8318"
---DATA:---
action=api-sync-pre-sync&site_admin=ericrborsheim@gmail.com&site_pwd=53d384b89203627f686e06fb83b9fc4bc572ec2c&project_guid=57FCA7416EAD763E2E06995A33EE916F&publishing_guid=&revision=0&client_program_version=8.0.0.8318&site_id=364175731&computer_name=DESKTOP-G4N757J&bin_log_transaction_offset=0
------------------------------------------------------------------------------------
[06 JUL 2017 21:22:40 GMT-8] Pre-Sync Connection result:
0 (WAIT_OBJECT_0)

------------------------------------------------------------------------------------
[06 JUL 2017 21:22:40 GMT-8] Pre-Sync Response:
<?xml version="1.0"?>
<Pre-sync site_id="364175731" project_guid="57FCA7416EAD763E2E06995A33EE916F" client_revision="0" is_synced_with_ftb="0"/>


====================================================================================
[06 JUL 2017 21:22:40 GMT-8] Downloading Binlog Commands - Preparing for execution...

====================================================================================
[06 JUL 2017 21:22:40 GMT-8] Downloading Binlog Commands Request:
"C:\PROGRA~2\MYHERI~1\Bin\FAMILY~2.EXE" https://www.myheritage.com/FP/API/FTB/ftb-api.php --data "@C:\Users\Eric\AppData\Roaming\MYHERI~1\Temp\dat2799.tmp" --output "C:\Users\Eric\AppData\Roaming\MYHERI~1\Temp\out279A.tmp" --stderr "C:\Users\Eric\AppData\Roaming\MYHERI~1\Temp\err279B.tmp" -A "Family Tree Builder 8.0.0.8318"
---DATA:---
action=api-sync-get-bin-log-transactions&site_admin=ericrborsheim@gmail.com&site_pwd=53d384b89203627f686e06fb83b9fc4bc572ec2c&site_id=364175731&client_program_version=8.0.0.8318&project_guid=57FCA7416EAD763E2E06995A33EE916F&revision=0&offset=0&limit=1
------------------------------------------------------------------------------------
[06 JUL 2017 21:22:40 GMT-8] Downloading Binlog Commands Connection result:
0 (WAIT_OBJECT_0)

------------------------------------------------------------------------------------
[06 JUL 2017 21:22:40 GMT-8] Downloading Binlog Commands Response:
<?xml version="1.0"?>
<Get-bin-log-transactions site_id="364175731" project_guid="57FCA7416EAD763E2E06995A33EE916F" client_revision="0" is_synced_with_ftb="0" total="0">
  <transactions/>
</Get-bin-log-transactions>


====================================================================================
[06 JUL 2017 23:04:51 GMT-8] Pre-Sync - Preparing for execution...

====================================================================================
[06 JUL 2017 23:04:51 GMT-8] Pre-Sync Request:
"C:\PROGRA~2\MYHERI~1\Bin\FAMILY~2.EXE" https://www.myheritage.com/FP/API/FTB/ftb-api.php --data "@C:\Users\Eric\AppData\Roaming\MYHERI~1\Temp\datB4DD.tmp" --progress-bar --output "C:\Users\Eric\AppData\Roaming\MYHERI~1\Temp\outB4DE.tmp" --stderr "C:\Users\Eric\AppData\Roaming\MYHERI~1\Temp\errB4DF.tmp" -A "Family Tree Builder 8.0.0.8318"
---DATA:---
action=api-sync-pre-sync&site_admin=ericrborsheim@gmail.com&site_pwd=53d384b89203627f686e06fb83b9fc4bc572ec2c&project_guid=57FCA7416EAD763E2E06995A33EE916F&publishing_guid=&revision=0&client_program_version=8.0.0.8318&site_id=364175731&computer_name=DESKTOP-G4N757J&bin_log_transaction_offset=0
------------------------------------------------------------------------------------
[06 JUL 2017 23:04:51 GMT-8] Pre-Sync Connection result:
0 (WAIT_OBJECT_0)

------------------------------------------------------------------------------------
[06 JUL 2017 23:04:51 GMT-8] Pre-Sync Response:
<?xml version="1.0"?>
<Pre-sync site_id="364175731" project_guid="57FCA7416EAD763E2E06995A33EE916F" client_revision="0" is_synced_with_ftb="0"/>


====================================================================================
[06 JUL 2017 23:04:52 GMT-8] Downloading Binlog Commands - Preparing for execution...

====================================================================================
[06 JUL 2017 23:04:52 GMT-8] Downloading Binlog Commands Request:
"C:\PROGRA~2\MYHERI~1\Bin\FAMILY~2.EXE" https://www.myheritage.com/FP/API/FTB/ftb-api.php --data "@C:\Users\Eric\AppData\Roaming\MYHERI~1\Temp\datB85E.tmp" --output "C:\Users\Eric\AppData\Roaming\MYHERI~1\Temp\outB85F.tmp" --stderr "C:\Users\Eric\AppData\Roaming\MYHERI~1\Temp\errB86F.tmp" -A "Family Tree Builder 8.0.0.8318"
---DATA:---
action=api-sync-get-bin-log-transactions&site_admin=ericrborsheim@gmail.com&site_pwd=53d384b89203627f686e06fb83b9fc4bc572ec2c&site_id=364175731&client_program_version=8.0.0.8318&project_guid=57FCA7416EAD763E2E06995A33EE916F&revision=0&offset=0&limit=1
------------------------------------------------------------------------------------
[06 JUL 2017 23:04:54 GMT-8] Downloading Binlog Commands Connection result:
0 (WAIT_OBJECT_0)

------------------------------------------------------------------------------------
[06 JUL 2017 23:04:54 GMT-8] Downloading Binlog Commands Response:
<?xml version="1.0"?>
<Get-bin-log-transactions site_id="364175731" project_guid="57FCA7416EAD763E2E06995A33EE916F" client_revision="0" is_synced_with_ftb="0" total="0">
  <transactions/>
</Get-bin-log-transactions>


====================================================================================
[22 JUL 2017 15:58:51 GMT-8] Pre-Sync - Preparing for execution...

====================================================================================
[22 JUL 2017 15:58:52 GMT-8] Pre-Sync Request:
"C:\PROGRA~2\MYHERI~1\Bin\FAMILY~2.EXE" https://www.myheritage.com/FP/API/FTB/ftb-api.php --data "@C:\Users\Eric\AppData\Roaming\MYHERI~1\Temp\dat9000.tmp" --progress-bar --output "C:\Users\Eric\AppData\Roaming\MYHERI~1\Temp\out906F.tmp" --stderr "C:\Users\Eric\AppData\Roaming\MYHERI~1\Temp\err908F.tmp" -A "Family Tree Builder 8.0.0.8318"
---DATA:---
action=api-sync-pre-sync&site_admin=ericrborsheim@gmail.com&site_pwd=53d384b89203627f686e06fb83b9fc4bc572ec2c&project_guid=57FCA7416EAD763E2E06995A33EE916F&publishing_guid=&revision=0&client_program_version=8.0.0.8318&site_id=364175731&computer_name=DESKTOP-G4N757J&bin_log_transaction_offset=0
------------------------------------------------------------------------------------
[22 JUL 2017 15:58:55 GMT-8] Pre-Sync Connection result:
0 (WAIT_OBJECT_0)

------------------------------------------------------------------------------------
[22 JUL 2017 15:58:55 GMT-8] Pre-Sync Response:
<?xml version="1.0"?>
<Pre-sync site_id="364175731" project_guid="57FCA7416EAD763E2E06995A33EE916F" client_revision="0" is_synced_with_ftb="0"/>


====================================================================================
[22 JUL 2017 15:58:55 GMT-8] Downloading Binlog Commands - Preparing for execution...

====================================================================================
[22 JUL 2017 15:58:55 GMT-8] Downloading Binlog Commands Request:
"C:\PROGRA~2\MYHERI~1\Bin\FAMILY~2.EXE" https://www.myheritage.com/FP/API/FTB/ftb-api.php --data "@C:\Users\Eric\AppData\Roaming\MYHERI~1\Temp\dat9CF6.tmp" --output "C:\Users\Eric\AppData\Roaming\MYHERI~1\Temp\out9CF7.tmp" --stderr "C:\Users\Eric\AppData\Roaming\MYHERI~1\Temp\err9CF8.tmp" -A "Family Tree Builder 8.0.0.8318"
---DATA:---
action=api-sync-get-bin-log-transactions&site_admin=ericrborsheim@gmail.com&site_pwd=53d384b89203627f686e06fb83b9fc4bc572ec2c&site_id=364175731&client_program_version=8.0.0.8318&project_guid=57FCA7416EAD763E2E06995A33EE916F&revision=0&offset=0&limit=1
------------------------------------------------------------------------------------
[22 JUL 2017 15:58:56 GMT-8] Downloading Binlog Commands Connection result:
0 (WAIT_OBJECT_0)

------------------------------------------------------------------------------------
[22 JUL 2017 15:58:56 GMT-8] Downloading Binlog Commands Response:
<?xml version="1.0"?>
<Get-bin-log-transactions site_id="364175731" project_guid="57FCA7416EAD763E2E06995A33EE916F" client_revision="0" is_synced_with_ftb="0" total="0">
  <transactions/>
</Get-bin-log-transactions>


====================================================================================
[23 JUL 2017 13:05:47 GMT-8] Pre-Sync - Preparing for execution...

====================================================================================
[23 JUL 2017 13:05:47 GMT-8] Pre-Sync Request:
"C:\PROGRA~2\MYHERI~1\Bin\FAMILY~2.EXE" https://www.myheritage.com/FP/API/FTB/ftb-api.php --data "@C:\Users\Eric\AppData\Roaming\MYHERI~1\Temp\dat603B.tmp" --progress-bar --output "C:\Users\Eric\AppData\Roaming\MYHERI~1\Temp\out604B.tmp" --stderr "C:\Users\Eric\AppData\Roaming\MYHERI~1\Temp\err606B.tmp" -A "Family Tree Builder 8.0.0.8318"
---DATA:---
action=api-sync-pre-sync&site_admin=ericrborsheim@gmail.com&site_pwd=53d384b89203627f686e06fb83b9fc4bc572ec2c&project_guid=57FCA7416EAD763E2E06995A33EE916F&publishing_guid=&revision=0&client_program_version=8.0.0.8318&site_id=364175731&computer_name=DESKTOP-G4N757J&bin_log_transaction_offset=0
------------------------------------------------------------------------------------
[23 JUL 2017 13:05:51 GMT-8] Pre-Sync Connection result:
0 (WAIT_OBJECT_0)

------------------------------------------------------------------------------------
[23 JUL 2017 13:05:51 GMT-8] Pre-Sync Response:
<?xml version="1.0"?>
<Pre-sync site_id="364175731" project_guid="57FCA7416EAD763E2E06995A33EE916F" client_revision="0" is_synced_with_ftb="0"/>


====================================================================================
[23 JUL 2017 13:05:51 GMT-8] Downloading Binlog Commands - Preparing for execution...

====================================================================================
[23 JUL 2017 13:05:51 GMT-8] Downloading Binlog Commands Request:
"C:\PROGRA~2\MYHERI~1\Bin\FAMILY~2.EXE" https://www.myheritage.com/FP/API/FTB/ftb-api.php --data "@C:\Users\Eric\AppData\Roaming\MYHERI~1\Temp\dat6F88.tmp" --output "C:\Users\Eric\AppData\Roaming\MYHERI~1\Temp\out6FD7.tmp" --stderr "C:\Users\Eric\AppData\Roaming\MYHERI~1\Temp\err6FD8.tmp" -A "Family Tree Builder 8.0.0.8318"
---DATA:---
action=api-sync-get-bin-log-transactions&site_admin=ericrborsheim@gmail.com&site_pwd=53d384b89203627f686e06fb83b9fc4bc572ec2c&site_id=364175731&client_program_version=8.0.0.8318&project_guid=57FCA7416EAD763E2E06995A33EE916F&revision=0&offset=0&limit=1
------------------------------------------------------------------------------------
[23 JUL 2017 13:05:53 GMT-8] Downloading Binlog Commands Connection result:
0 (WAIT_OBJECT_0)

------------------------------------------------------------------------------------
[23 JUL 2017 13:05:53 GMT-8] Downloading Binlog Commands Response:
<?xml version="1.0"?>
<Get-bin-log-transactions site_id="364175731" project_guid="57FCA7416EAD763E2E06995A33EE916F" client_revision="0" is_synced_with_ftb="0" total="0">
  <transactions/>
</Get-bin-log-transactions>


====================================================================================
[23 JUL 2017 17:28:33 GMT-8] Pre-Sync - Preparing for execution...

====================================================================================
[23 JUL 2017 17:28:33 GMT-8] Pre-Sync Request:
"C:\PROGRA~2\MYHERI~1\Bin\FAMILY~2.EXE" https://www.myheritage.com/FP/API/FTB/ftb-api.php --data "@C:\Users\Eric\AppData\Roaming\MYHERI~1\Temp\datF05F.tmp" --progress-bar --output "C:\Users\Eric\AppData\Roaming\MYHERI~1\Temp\outF060.tmp" --stderr "C:\Users\Eric\AppData\Roaming\MYHERI~1\Temp\errF061.tmp" -A "Family Tree Builder 8.0.0.8318"
---DATA:---
action=api-sync-pre-sync&site_admin=ericrborsheim@gmail.com&site_pwd=53d384b89203627f686e06fb83b9fc4bc572ec2c&project_guid=57FCA7416EAD763E2E06995A33EE916F&publishing_guid=&revision=0&client_program_version=8.0.0.8318&site_id=364175731&computer_name=DESKTOP-G4N757J&bin_log_transaction_offset=0
------------------------------------------------------------------------------------
[23 JUL 2017 17:28:33 GMT-8] Pre-Sync Connection result:
0 (WAIT_OBJECT_0)

------------------------------------------------------------------------------------
[23 JUL 2017 17:28:34 GMT-8] Pre-Sync Response:
<?xml version="1.0"?>
<Pre-sync site_id="364175731" project_guid="57FCA7416EAD763E2E06995A33EE916F" client_revision="0" is_synced_with_ftb="0"/>


====================================================================================
[23 JUL 2017 17:28:34 GMT-8] Downloading Binlog Commands - Preparing for execution...

====================================================================================
[23 JUL 2017 17:28:34 GMT-8] Downloading Binlog Commands Request:
"C:\PROGRA~2\MYHERI~1\Bin\FAMILY~2.EXE" https://www.myheritage.com/FP/API/FTB/ftb-api.php --data "@C:\Users\Eric\AppData\Roaming\MYHERI~1\Temp\datF41C.tmp" --output "C:\Users\Eric\AppData\Roaming\MYHERI~1\Temp\outF42C.tmp" --stderr "C:\Users\Eric\AppData\Roaming\MYHERI~1\Temp\errF42D.tmp" -A "Family Tree Builder 8.0.0.8318"
---DATA:---
action=api-sync-get-bin-log-transactions&site_admin=ericrborsheim@gmail.com&site_pwd=53d384b89203627f686e06fb83b9fc4bc572ec2c&site_id=364175731&client_program_version=8.0.0.8318&project_guid=57FCA7416EAD763E2E06995A33EE916F&revision=0&offset=0&limit=1
------------------------------------------------------------------------------------
[23 JUL 2017 17:28:35 GMT-8] Downloading Binlog Commands Connection result:
0 (WAIT_OBJECT_0)

------------------------------------------------------------------------------------
[23 JUL 2017 17:28:35 GMT-8] Downloading Binlog Commands Response:
<?xml version="1.0"?>
<Get-bin-log-transactions site_id="364175731" project_guid="57FCA7416EAD763E2E06995A33EE916F" client_revision="0" is_synced_with_ftb="0" total="0">
  <transactions/>
</Get-bin-log-transactions>


====================================================================================
[23 JUL 2017 19:08:38 GMT-8] Pre-Sync - Preparing for execution...

====================================================================================
[23 JUL 2017 19:08:38 GMT-8] Pre-Sync Request:
"C:\PROGRA~2\MYHERI~1\Bin\FAMILY~2.EXE" https://www.myheritage.com/FP/API/FTB/ftb-api.php --data "@C:\Users\Eric\AppData\Roaming\MYHERI~1\Temp\dat934E.tmp" --progress-bar --output "C:\Users\Eric\AppData\Roaming\MYHERI~1\Temp\out935E.tmp" --stderr "C:\Users\Eric\AppData\Roaming\MYHERI~1\Temp\err935F.tmp" -A "Family Tree Builder 8.0.0.8318"
---DATA:---
action=api-sync-pre-sync&site_admin=ericrborsheim@gmail.com&site_pwd=53d384b89203627f686e06fb83b9fc4bc572ec2c&project_guid=57FCA7416EAD763E2E06995A33EE916F&publishing_guid=&revision=0&client_program_version=8.0.0.8318&site_id=364175731&computer_name=DESKTOP-G4N757J&bin_log_transaction_offset=0
------------------------------------------------------------------------------------
[23 JUL 2017 19:08:40 GMT-8] Pre-Sync Connection result:
0 (WAIT_OBJECT_0)

------------------------------------------------------------------------------------
[23 JUL 2017 19:08:40 GMT-8] Pre-Sync Response:
<?xml version="1.0"?>
<Pre-sync site_id="364175731" project_guid="57FCA7416EAD763E2E06995A33EE916F" client_revision="0" is_synced_with_ftb="0"/>


====================================================================================
[23 JUL 2017 19:08:40 GMT-8] Downloading Binlog Commands - Preparing for execution...

====================================================================================
[23 JUL 2017 19:08:40 GMT-8] Downloading Binlog Commands Request:
"C:\PROGRA~2\MYHERI~1\Bin\FAMILY~2.EXE" https://www.myheritage.com/FP/API/FTB/ftb-api.php --data "@C:\Users\Eric\AppData\Roaming\MYHERI~1\Temp\dat98C4.tmp" --output "C:\Users\Eric\AppData\Roaming\MYHERI~1\Temp\out98C5.tmp" --stderr "C:\Users\Eric\AppData\Roaming\MYHERI~1\Temp\err98C6.tmp" -A "Family Tree Builder 8.0.0.8318"
---DATA:---
action=api-sync-get-bin-log-transactions&site_admin=ericrborsheim@gmail.com&site_pwd=53d384b89203627f686e06fb83b9fc4bc572ec2c&site_id=364175731&client_program_version=8.0.0.8318&project_guid=57FCA7416EAD763E2E06995A33EE916F&revision=0&offset=0&limit=1
------------------------------------------------------------------------------------
[23 JUL 2017 19:08:40 GMT-8] Downloading Binlog Commands Connection result:
0 (WAIT_OBJECT_0)

------------------------------------------------------------------------------------
[23 JUL 2017 19:08:41 GMT-8] Downloading Binlog Commands Response:
<?xml version="1.0"?>
<Get-bin-log-transactions site_id="364175731" project_guid="57FCA7416EAD763E2E06995A33EE916F" client_revision="0" is_synced_with_ftb="0" total="0">
  <transactions/>
</Get-bin-log-transactions>


====================================================================================
[24 JUL 2017 01:45:15 GMT-8] Pre-Sync - Preparing for execution...

====================================================================================
[24 JUL 2017 01:45:15 GMT-8] Pre-Sync Request:
"C:\PROGRA~2\MYHERI~1\Bin\FAMILY~2.EXE" https://www.myheritage.com/FP/API/FTB/ftb-api.php --data "@C:\Users\Eric\AppData\Roaming\MYHERI~1\Temp\datB11E.tmp" --progress-bar --output "C:\Users\Eric\AppData\Roaming\MYHERI~1\Temp\outB11F.tmp" --stderr "C:\Users\Eric\AppData\Roaming\MYHERI~1\Temp\errB130.tmp" -A "Family Tree Builder 8.0.0.8318"
---DATA:---
action=api-sync-pre-sync&site_admin=ericrborsheim@gmail.com&site_pwd=53d384b89203627f686e06fb83b9fc4bc572ec2c&project_guid=57FCA7416EAD763E2E06995A33EE916F&publishing_guid=&revision=0&client_program_version=8.0.0.8318&site_id=364175731&computer_name=DESKTOP-G4N757J&bin_log_transaction_offset=0
------------------------------------------------------------------------------------
[24 JUL 2017 01:45:16 GMT-8] Pre-Sync Connection result:
0 (WAIT_OBJECT_0)

------------------------------------------------------------------------------------
[24 JUL 2017 01:45:16 GMT-8] Pre-Sync Response:
<?xml version="1.0"?>
<Pre-sync site_id="364175731" project_guid="57FCA7416EAD763E2E06995A33EE916F" client_revision="0" is_synced_with_ftb="0"/>


====================================================================================
[24 JUL 2017 01:45:16 GMT-8] Downloading Binlog Commands - Preparing for execution...

====================================================================================
[24 JUL 2017 01:45:16 GMT-8] Downloading Binlog Commands Request:
"C:\PROGRA~2\MYHERI~1\Bin\FAMILY~2.EXE" https://www.myheritage.com/FP/API/FTB/ftb-api.php --data "@C:\Users\Eric\AppData\Roaming\MYHERI~1\Temp\datB4BB.tmp" --output "C:\Users\Eric\AppData\Roaming\MYHERI~1\Temp\outB4BC.tmp" --stderr "C:\Users\Eric\AppData\Roaming\MYHERI~1\Temp\errB4CC.tmp" -A "Family Tree Builder 8.0.0.8318"
---DATA:---
action=api-sync-get-bin-log-transactions&site_admin=ericrborsheim@gmail.com&site_pwd=53d384b89203627f686e06fb83b9fc4bc572ec2c&site_id=364175731&client_program_version=8.0.0.8318&project_guid=57FCA7416EAD763E2E06995A33EE916F&revision=0&offset=0&limit=1
------------------------------------------------------------------------------------
[24 JUL 2017 01:45:17 GMT-8] Downloading Binlog Commands Connection result:
0 (WAIT_OBJECT_0)

------------------------------------------------------------------------------------
[24 JUL 2017 01:45:17 GMT-8] Downloading Binlog Commands Response:
<?xml version="1.0"?>
<Get-bin-log-transactions site_id="364175731" project_guid="57FCA7416EAD763E2E06995A33EE916F" client_revision="0" is_synced_with_ftb="0" total="0">
  <transactions/>
</Get-bin-log-transactions>


====================================================================================
[24 JUL 2017 19:03:40 GMT-8] Pre-Sync - Preparing for execution...

====================================================================================
[24 JUL 2017 19:03:40 GMT-8] Pre-Sync Request:
"C:\PROGRA~2\MYHERI~1\Bin\FAMILY~2.EXE" https://www.myheritage.com/FP/API/FTB/ftb-api.php --data "@C:\Users\Eric\AppData\Roaming\MYHERI~1\Temp\dat632C.tmp" --progress-bar --output "C:\Users\Eric\AppData\Roaming\MYHERI~1\Temp\out632D.tmp" --stderr "C:\Users\Eric\AppData\Roaming\MYHERI~1\Temp\err632E.tmp" -A "Family Tree Builder 8.0.0.8318"
---DATA:---
action=api-sync-pre-sync&site_admin=ericrborsheim@gmail.com&site_pwd=53d384b89203627f686e06fb83b9fc4bc572ec2c&project_guid=57FCA7416EAD763E2E06995A33EE916F&publishing_guid=&revision=0&client_program_version=8.0.0.8318&site_id=364175731&computer_name=DESKTOP-G4N757J&bin_log_transaction_offset=0
------------------------------------------------------------------------------------
[24 JUL 2017 19:03:44 GMT-8] Pre-Sync Connection result:
0 (WAIT_OBJECT_0)

------------------------------------------------------------------------------------
[24 JUL 2017 19:03:44 GMT-8] Pre-Sync Response:
<?xml version="1.0"?>
<Pre-sync site_id="364175731" project_guid="57FCA7416EAD763E2E06995A33EE916F" client_revision="0" is_synced_with_ftb="0"/>


====================================================================================
[24 JUL 2017 19:03:44 GMT-8] Downloading Binlog Commands - Preparing for execution...

====================================================================================
[24 JUL 2017 19:03:44 GMT-8] Downloading Binlog Commands Request:
"C:\PROGRA~2\MYHERI~1\Bin\FAMILY~2.EXE" https://www.myheritage.com/FP/API/FTB/ftb-api.php --data "@C:\Users\Eric\AppData\Roaming\MYHERI~1\Temp\dat7273.tmp" --output "C:\Users\Eric\AppData\Roaming\MYHERI~1\Temp\out7274.tmp" --stderr "C:\Users\Eric\AppData\Roaming\MYHERI~1\Temp\err7275.tmp" -A "Family Tree Builder 8.0.0.8318"
---DATA:---
action=api-sync-get-bin-log-transactions&site_admin=ericrborsheim@gmail.com&site_pwd=53d384b89203627f686e06fb83b9fc4bc572ec2c&site_id=364175731&client_program_version=8.0.0.8318&project_guid=57FCA7416EAD763E2E06995A33EE916F&revision=0&offset=0&limit=1
------------------------------------------------------------------------------------
[24 JUL 2017 19:03:49 GMT-8] Downloading Binlog Commands Connection result:
0 (WAIT_OBJECT_0)

------------------------------------------------------------------------------------
[24 JUL 2017 19:03:49 GMT-8] Downloading Binlog Commands Response:
<?xml version="1.0"?>
<Get-bin-log-transactions site_id="364175731" project_guid="57FCA7416EAD763E2E06995A33EE916F" client_revision="0" is_synced_with_ftb="0" total="0">
  <transactions/>
</Get-bin-log-transactions>


====================================================================================
[29 JUL 2017 17:02:57 GMT-8] Pre-Sync - Preparing for execution...

====================================================================================
[29 JUL 2017 17:02:57 GMT-8] Pre-Sync Request:
"C:\PROGRA~2\MYHERI~1\Bin\FAMILY~2.EXE" https://www.myheritage.com/FP/API/FTB/ftb-api.php --data "@C:\Users\Eric\AppData\Roaming\MYHERI~1\Temp\datD09E.tmp" --progress-bar --output "C:\Users\Eric\AppData\Roaming\MYHERI~1\Temp\outD09F.tmp" --stderr "C:\Users\Eric\AppData\Roaming\MYHERI~1\Temp\errD0A0.tmp" -A "Family Tree Builder 8.0.0.8318"
---DATA:---
action=api-sync-pre-sync&site_admin=ericrborsheim@gmail.com&site_pwd=53d384b89203627f686e06fb83b9fc4bc572ec2c&project_guid=57FCA7416EAD763E2E06995A33EE916F&publishing_guid=&revision=0&client_program_version=8.0.0.8318&site_id=364175731&computer_name=DESKTOP-G4N757J&bin_log_transaction_offset=0
------------------------------------------------------------------------------------
[29 JUL 2017 17:02:58 GMT-8] Pre-Sync Connection result:
0 (WAIT_OBJECT_0)

------------------------------------------------------------------------------------
[29 JUL 2017 17:02:58 GMT-8] Pre-Sync Response:
<?xml version="1.0"?>
<Pre-sync site_id="364175731" project_guid="57FCA7416EAD763E2E06995A33EE916F" client_revision="0" is_synced_with_ftb="0"/>


====================================================================================
[29 JUL 2017 17:02:58 GMT-8] Downloading Binlog Commands - Preparing for execution...

====================================================================================
[29 JUL 2017 17:02:58 GMT-8] Downloading Binlog Commands Request:
"C:\PROGRA~2\MYHERI~1\Bin\FAMILY~2.EXE" https://www.myheritage.com/FP/API/FTB/ftb-api.php --data "@C:\Users\Eric\AppData\Roaming\MYHERI~1\Temp\datD573.tmp" --output "C:\Users\Eric\AppData\Roaming\MYHERI~1\Temp\outD574.tmp" --stderr "C:\Users\Eric\AppData\Roaming\MYHERI~1\Temp\errD575.tmp" -A "Family Tree Builder 8.0.0.8318"
---DATA:---
action=api-sync-get-bin-log-transactions&site_admin=ericrborsheim@gmail.com&site_pwd=53d384b89203627f686e06fb83b9fc4bc572ec2c&site_id=364175731&client_program_version=8.0.0.8318&project_guid=57FCA7416EAD763E2E06995A33EE916F&revision=0&offset=0&limit=1
------------------------------------------------------------------------------------
[29 JUL 2017 17:03:00 GMT-8] Downloading Binlog Commands Connection result:
0 (WAIT_OBJECT_0)

------------------------------------------------------------------------------------
[29 JUL 2017 17:03:00 GMT-8] Downloading Binlog Commands Response:
<?xml version="1.0"?>
<Get-bin-log-transactions site_id="364175731" project_guid="57FCA7416EAD763E2E06995A33EE916F" client_revision="0" is_synced_with_ftb="0" total="0">
  <transactions/>
</Get-bin-log-transactions>


====================================================================================
[31 JUL 2017 00:20:09 GMT-8] Pre-Sync - Preparing for execution...

====================================================================================
[31 JUL 2017 00:20:09 GMT-8] Pre-Sync Request:
"C:\PROGRA~2\MYHERI~1\Bin\FAMILY~2.EXE" https://www.myheritage.com/FP/API/FTB/ftb-api.php --data "@C:\Users\Eric\AppData\Roaming\MYHERI~1\Temp\dat7046.tmp" --progress-bar --output "C:\Users\Eric\AppData\Roaming\MYHERI~1\Temp\out7047.tmp" --stderr "C:\Users\Eric\AppData\Roaming\MYHERI~1\Temp\err7048.tmp" -A "Family Tree Builder 8.0.0.8318"
---DATA:---
action=api-sync-pre-sync&site_admin=ericrborsheim@gmail.com&site_pwd=53d384b89203627f686e06fb83b9fc4bc572ec2c&project_guid=57FCA7416EAD763E2E06995A33EE916F&publishing_guid=&revision=0&client_program_version=8.0.0.8318&site_id=364175731&computer_name=DESKTOP-G4N757J&bin_log_transaction_offset=0
------------------------------------------------------------------------------------
[31 JUL 2017 00:20:10 GMT-8] Pre-Sync Connection result:
0 (WAIT_OBJECT_0)

------------------------------------------------------------------------------------
[31 JUL 2017 00:20:10 GMT-8] Pre-Sync Response:
<?xml version="1.0"?>
<Pre-sync site_id="364175731" project_guid="57FCA7416EAD763E2E06995A33EE916F" client_revision="0" is_synced_with_ftb="0"/>


====================================================================================
[31 JUL 2017 00:20:10 GMT-8] Downloading Binlog Commands - Preparing for execution...

====================================================================================
[31 JUL 2017 00:20:10 GMT-8] Downloading Binlog Commands Request:
"C:\PROGRA~2\MYHERI~1\Bin\FAMILY~2.EXE" https://www.myheritage.com/FP/API/FTB/ftb-api.php --data "@C:\Users\Eric\AppData\Roaming\MYHERI~1\Temp\dat7318.tmp" --output "C:\Users\Eric\AppData\Roaming\MYHERI~1\Temp\out7319.tmp" --stderr "C:\Users\Eric\AppData\Roaming\MYHERI~1\Temp\err731A.tmp" -A "Family Tree Builder 8.0.0.8318"
---DATA:---
action=api-sync-get-bin-log-transactions&site_admin=ericrborsheim@gmail.com&site_pwd=53d384b89203627f686e06fb83b9fc4bc572ec2c&site_id=364175731&client_program_version=8.0.0.8318&project_guid=57FCA7416EAD763E2E06995A33EE916F&revision=0&offset=0&limit=1
------------------------------------------------------------------------------------
[31 JUL 2017 00:20:10 GMT-8] Downloading Binlog Commands Connection result:
0 (WAIT_OBJECT_0)

------------------------------------------------------------------------------------
[31 JUL 2017 00:20:10 GMT-8] Downloading Binlog Commands Response:
<?xml version="1.0"?>
<Get-bin-log-transactions site_id="364175731" project_guid="57FCA7416EAD763E2E06995A33EE916F" client_revision="0" is_synced_with_ftb="0" total="0">
  <transactions/>
</Get-bin-log-transactions>


====================================================================================
[01 AUG 2017 11:11:26 GMT-8] Pre-Sync - Preparing for execution...

====================================================================================
[01 AUG 2017 11:11:26 GMT-8] Pre-Sync Request:
"C:\PROGRA~2\MYHERI~1\Bin\FAMILY~2.EXE" https://www.myheritage.com/FP/API/FTB/ftb-api.php --data "@C:\Users\Eric\AppData\Roaming\MYHERI~1\Temp\dat1230.tmp" --progress-bar --output "C:\Users\Eric\AppData\Roaming\MYHERI~1\Temp\out1231.tmp" --stderr "C:\Users\Eric\AppData\Roaming\MYHERI~1\Temp\err1232.tmp" -A "Family Tree Builder 8.0.0.8318"
---DATA:---
action=api-sync-pre-sync&site_admin=ericrborsheim@gmail.com&site_pwd=53d384b89203627f686e06fb83b9fc4bc572ec2c&project_guid=57FCA7416EAD763E2E06995A33EE916F&publishing_guid=&revision=0&client_program_version=8.0.0.8318&site_id=364175731&computer_name=DESKTOP-G4N757J&bin_log_transaction_offset=0
------------------------------------------------------------------------------------
[01 AUG 2017 11:11:27 GMT-8] Pre-Sync Connection result:
0 (WAIT_OBJECT_0)

------------------------------------------------------------------------------------
[01 AUG 2017 11:11:27 GMT-8] Pre-Sync Response:
<?xml version="1.0"?>
<Pre-sync site_id="364175731" project_guid="57FCA7416EAD763E2E06995A33EE916F" client_revision="0" is_synced_with_ftb="0"/>


====================================================================================
[01 AUG 2017 11:11:27 GMT-8] Downloading Binlog Commands - Preparing for execution...

====================================================================================
[01 AUG 2017 11:11:27 GMT-8] Downloading Binlog Commands Request:
"C:\PROGRA~2\MYHERI~1\Bin\FAMILY~2.EXE" https://www.myheritage.com/FP/API/FTB/ftb-api.php --data "@C:\Users\Eric\AppData\Roaming\MYHERI~1\Temp\dat1521.tmp" --output "C:\Users\Eric\AppData\Roaming\MYHERI~1\Temp\out1522.tmp" --stderr "C:\Users\Eric\AppData\Roaming\MYHERI~1\Temp\err1523.tmp" -A "Family Tree Builder 8.0.0.8318"
---DATA:---
action=api-sync-get-bin-log-transactions&site_admin=ericrborsheim@gmail.com&site_pwd=53d384b89203627f686e06fb83b9fc4bc572ec2c&site_id=364175731&client_program_version=8.0.0.8318&project_guid=57FCA7416EAD763E2E06995A33EE916F&revision=0&offset=0&limit=1
------------------------------------------------------------------------------------
[01 AUG 2017 11:11:28 GMT-8] Downloading Binlog Commands Connection result:
0 (WAIT_OBJECT_0)

------------------------------------------------------------------------------------
[01 AUG 2017 11:11:28 GMT-8] Downloading Binlog Commands Response:
<?xml version="1.0"?>
<Get-bin-log-transactions site_id="364175731" project_guid="57FCA7416EAD763E2E06995A33EE916F" client_revision="0" is_synced_with_ftb="0" total="0">
  <transactions/>
</Get-bin-log-transactions>


====================================================================================
[03 AUG 2017 16:35:18 GMT-8] Pre-Sync - Preparing for execution...

====================================================================================
[03 AUG 2017 16:35:18 GMT-8] Pre-Sync Request:
"C:\PROGRA~2\MYHERI~1\Bin\FAMILY~2.EXE" https://www.myheritage.com/FP/API/FTB/ftb-api.php --data "@C:\Users\Eric\AppData\Roaming\MYHERI~1\Temp\dat4DEB.tmp" --progress-bar --output "C:\Users\Eric\AppData\Roaming\MYHERI~1\Temp\out4DEC.tmp" --stderr "C:\Users\Eric\AppData\Roaming\MYHERI~1\Temp\err4DED.tmp" -A "Family Tree Builder 8.0.0.8318"
---DATA:---
action=api-sync-pre-sync&site_admin=ericrborsheim@gmail.com&site_pwd=53d384b89203627f686e06fb83b9fc4bc572ec2c&project_guid=57FCA7416EAD763E2E06995A33EE916F&publishing_guid=&revision=0&client_program_version=8.0.0.8318&site_id=364175731&computer_name=DESKTOP-G4N757J&bin_log_transaction_offset=0
------------------------------------------------------------------------------------
[03 AUG 2017 16:35:19 GMT-8] Pre-Sync Connection result:
0 (WAIT_OBJECT_0)

------------------------------------------------------------------------------------
[03 AUG 2017 16:35:19 GMT-8] Pre-Sync Response:
<?xml version="1.0"?>
<Pre-sync site_id="364175731" project_guid="57FCA7416EAD763E2E06995A33EE916F" client_revision="0" is_synced_with_ftb="0"/>


====================================================================================
[03 AUG 2017 16:35:19 GMT-8] Downloading Binlog Commands - Preparing for execution...

====================================================================================
[03 AUG 2017 16:35:19 GMT-8] Downloading Binlog Commands Request:
"C:\PROGRA~2\MYHERI~1\Bin\FAMILY~2.EXE" https://www.myheritage.com/FP/API/FTB/ftb-api.php --data "@C:\Users\Eric\AppData\Roaming\MYHERI~1\Temp\dat504F.tmp" --output "C:\Users\Eric\AppData\Roaming\MYHERI~1\Temp\out5050.tmp" --stderr "C:\Users\Eric\AppData\Roaming\MYHERI~1\Temp\err5061.tmp" -A "Family Tree Builder 8.0.0.8318"
---DATA:---
action=api-sync-get-bin-log-transactions&site_admin=ericrborsheim@gmail.com&site_pwd=53d384b89203627f686e06fb83b9fc4bc572ec2c&site_id=364175731&client_program_version=8.0.0.8318&project_guid=57FCA7416EAD763E2E06995A33EE916F&revision=0&offset=0&limit=1
------------------------------------------------------------------------------------
[03 AUG 2017 16:35:20 GMT-8] Downloading Binlog Commands Connection result:
0 (WAIT_OBJECT_0)

------------------------------------------------------------------------------------
[03 AUG 2017 16:35:20 GMT-8] Downloading Binlog Commands Response:
<?xml version="1.0"?>
<Get-bin-log-transactions site_id="364175731" project_guid="57FCA7416EAD763E2E06995A33EE916F" client_revision="0" is_synced_with_ftb="0" total="0">
  <transactions/>
</Get-bin-log-transactions>


====================================================================================
[06 AUG 2017 22:01:16 GMT-8] Pre-Sync - Preparing for execution...

====================================================================================
[06 AUG 2017 22:01:16 GMT-8] Pre-Sync Request:
"C:\PROGRA~2\MYHERI~1\Bin\FAMILY~2.EXE" https://www.myheritage.com/FP/API/FTB/ftb-api.php --data "@C:\Users\Eric\AppData\Roaming\MYHERI~1\Temp\datCE3E.tmp" --progress-bar --output "C:\Users\Eric\AppData\Roaming\MYHERI~1\Temp\outCE3F.tmp" --stderr "C:\Users\Eric\AppData\Roaming\MYHERI~1\Temp\errCE40.tmp" -A "Family Tree Builder 8.0.0.8318"
---DATA:---
action=api-sync-pre-sync&site_admin=ericrborsheim@gmail.com&site_pwd=53d384b89203627f686e06fb83b9fc4bc572ec2c&project_guid=57FCA7416EAD763E2E06995A33EE916F&publishing_guid=&revision=0&client_program_version=8.0.0.8318&site_id=364175731&computer_name=DESKTOP-G4N757J&bin_log_transaction_offset=0
------------------------------------------------------------------------------------
[06 AUG 2017 22:01:16 GMT-8] Pre-Sync Connection result:
0 (WAIT_OBJECT_0)

------------------------------------------------------------------------------------
[06 AUG 2017 22:01:16 GMT-8] Pre-Sync Response:
<?xml version="1.0"?>
<Pre-sync site_id="364175731" project_guid="57FCA7416EAD763E2E06995A33EE916F" client_revision="0" is_synced_with_ftb="0"/>


====================================================================================
[06 AUG 2017 22:01:16 GMT-8] Downloading Binlog Commands - Preparing for execution...

====================================================================================
[06 AUG 2017 22:01:16 GMT-8] Downloading Binlog Commands Request:
"C:\PROGRA~2\MYHERI~1\Bin\FAMILY~2.EXE" https://www.myheritage.com/FP/API/FTB/ftb-api.php --data "@C:\Users\Eric\AppData\Roaming\MYHERI~1\Temp\datD073.tmp" --output "C:\Users\Eric\AppData\Roaming\MYHERI~1\Temp\outD074.tmp" --stderr "C:\Users\Eric\AppData\Roaming\MYHERI~1\Temp\errD075.tmp" -A "Family Tree Builder 8.0.0.8318"
---DATA:---
action=api-sync-get-bin-log-transactions&site_admin=ericrborsheim@gmail.com&site_pwd=53d384b89203627f686e06fb83b9fc4bc572ec2c&site_id=364175731&client_program_version=8.0.0.8318&project_guid=57FCA7416EAD763E2E06995A33EE916F&revision=0&offset=0&limit=1
------------------------------------------------------------------------------------
[06 AUG 2017 22:01:17 GMT-8] Downloading Binlog Commands Connection result:
0 (WAIT_OBJECT_0)

------------------------------------------------------------------------------------
[06 AUG 2017 22:01:17 GMT-8] Downloading Binlog Commands Response:
<?xml version="1.0"?>
<Get-bin-log-transactions site_id="364175731" project_guid="57FCA7416EAD763E2E06995A33EE916F" client_revision="0" is_synced_with_ftb="0" total="0">
  <transactions/>
</Get-bin-log-transactions>


====================================================================================
[07 AUG 2017 23:00:40 GMT-8] Pre-Sync - Preparing for execution...

====================================================================================
[07 AUG 2017 23:00:40 GMT-8] Pre-Sync Request:
"C:\PROGRA~2\MYHERI~1\Bin\FAMILY~2.EXE" https://www.myheritage.com/FP/API/FTB/ftb-api.php --data "@C:\Users\Eric\AppData\Roaming\MYHERI~1\Temp\dat8B8B.tmp" --progress-bar --output "C:\Users\Eric\AppData\Roaming\MYHERI~1\Temp\out8B8C.tmp" --stderr "C:\Users\Eric\AppData\Roaming\MYHERI~1\Temp\err8B8D.tmp" -A "Family Tree Builder 8.0.0.8318"
---DATA:---
action=api-sync-pre-sync&site_admin=ericrborsheim@gmail.com&site_pwd=53d384b89203627f686e06fb83b9fc4bc572ec2c&project_guid=57FCA7416EAD763E2E06995A33EE916F&publishing_guid=&revision=0&client_program_version=8.0.0.8318&site_id=364175731&computer_name=DESKTOP-G4N757J&bin_log_transaction_offset=0
------------------------------------------------------------------------------------
[07 AUG 2017 23:00:40 GMT-8] Pre-Sync Connection result:
0 (WAIT_OBJECT_0)

------------------------------------------------------------------------------------
[07 AUG 2017 23:00:40 GMT-8] Pre-Sync Response:
<?xml version="1.0"?>
<Pre-sync site_id="364175731" project_guid="57FCA7416EAD763E2E06995A33EE916F" client_revision="0" is_synced_with_ftb="0"/>


====================================================================================
[07 AUG 2017 23:00:40 GMT-8] Downloading Binlog Commands - Preparing for execution...

====================================================================================
[07 AUG 2017 23:00:40 GMT-8] Downloading Binlog Commands Request:
"C:\PROGRA~2\MYHERI~1\Bin\FAMILY~2.EXE" https://www.myheritage.com/FP/API/FTB/ftb-api.php --data "@C:\Users\Eric\AppData\Roaming\MYHERI~1\Temp\dat8E1F.tmp" --output "C:\Users\Eric\AppData\Roaming\MYHERI~1\Temp\out8E20.tmp" --stderr "C:\Users\Eric\AppData\Roaming\MYHERI~1\Temp\err8E21.tmp" -A "Family Tree Builder 8.0.0.8318"
---DATA:---
action=api-sync-get-bin-log-transactions&site_admin=ericrborsheim@gmail.com&site_pwd=53d384b89203627f686e06fb83b9fc4bc572ec2c&site_id=364175731&client_program_version=8.0.0.8318&project_guid=57FCA7416EAD763E2E06995A33EE916F&revision=0&offset=0&limit=1
------------------------------------------------------------------------------------
[07 AUG 2017 23:00:41 GMT-8] Downloading Binlog Commands Connection result:
0 (WAIT_OBJECT_0)

------------------------------------------------------------------------------------
[07 AUG 2017 23:00:41 GMT-8] Downloading Binlog Commands Response:
<?xml version="1.0"?>
<Get-bin-log-transactions site_id="364175731" project_guid="57FCA7416EAD763E2E06995A33EE916F" client_revision="0" is_synced_with_ftb="0" total="0">
  <transactions/>
</Get-bin-log-transactions>


====================================================================================
[08 AUG 2017 02:00:31 GMT-8] Pre-Sync - Preparing for execution...

====================================================================================
[08 AUG 2017 02:00:31 GMT-8] Pre-Sync Request:
"C:\PROGRA~2\MYHERI~1\Bin\FAMILY~2.EXE" https://www.myheritage.com/FP/API/FTB/ftb-api.php --data "@C:\Users\Eric\AppData\Roaming\MYHERI~1\Temp\dat3349.tmp" --progress-bar --output "C:\Users\Eric\AppData\Roaming\MYHERI~1\Temp\out335A.tmp" --stderr "C:\Users\Eric\AppData\Roaming\MYHERI~1\Temp\err335B.tmp" -A "Family Tree Builder 8.0.0.8318"
---DATA:---
action=api-sync-pre-sync&site_admin=ericrborsheim@gmail.com&site_pwd=53d384b89203627f686e06fb83b9fc4bc572ec2c&project_guid=57FCA7416EAD763E2E06995A33EE916F&publishing_guid=&revision=0&client_program_version=8.0.0.8318&site_id=364175731&computer_name=DESKTOP-G4N757J&bin_log_transaction_offset=0
------------------------------------------------------------------------------------
[08 AUG 2017 02:00:33 GMT-8] Pre-Sync Connection result:
0 (WAIT_OBJECT_0)

------------------------------------------------------------------------------------
[08 AUG 2017 02:00:33 GMT-8] Pre-Sync Response:
<?xml version="1.0"?>
<Pre-sync site_id="364175731" project_guid="57FCA7416EAD763E2E06995A33EE916F" client_revision="0" is_synced_with_ftb="0"/>


====================================================================================
[08 AUG 2017 02:00:33 GMT-8] Downloading Binlog Commands - Preparing for execution...

====================================================================================
[08 AUG 2017 02:00:33 GMT-8] Downloading Binlog Commands Request:
"C:\PROGRA~2\MYHERI~1\Bin\FAMILY~2.EXE" https://www.myheritage.com/FP/API/FTB/ftb-api.php --data "@C:\Users\Eric\AppData\Roaming\MYHERI~1\Temp\dat3BBA.tmp" --output "C:\Users\Eric\AppData\Roaming\MYHERI~1\Temp\out3BBB.tmp" --stderr "C:\Users\Eric\AppData\Roaming\MYHERI~1\Temp\err3BBC.tmp" -A "Family Tree Builder 8.0.0.8318"
---DATA:---
action=api-sync-get-bin-log-transactions&site_admin=ericrborsheim@gmail.com&site_pwd=53d384b89203627f686e06fb83b9fc4bc572ec2c&site_id=364175731&client_program_version=8.0.0.8318&project_guid=57FCA7416EAD763E2E06995A33EE916F&revision=0&offset=0&limit=1
------------------------------------------------------------------------------------
[08 AUG 2017 02:00:33 GMT-8] Downloading Binlog Commands Connection result:
0 (WAIT_OBJECT_0)

------------------------------------------------------------------------------------
[08 AUG 2017 02:00:33 GMT-8] Downloading Binlog Commands Response:
<?xml version="1.0"?>
<Get-bin-log-transactions site_id="364175731" project_guid="57FCA7416EAD763E2E06995A33EE916F" client_revision="0" is_synced_with_ftb="0" total="0">
  <transactions/>
</Get-bin-log-transactions>


====================================================================================
[09 AUG 2017 23:09:05 GMT-8] Pre-Sync - Preparing for execution...

====================================================================================
[09 AUG 2017 23:09:05 GMT-8] Pre-Sync Request:
"C:\PROGRA~2\MYHERI~1\Bin\FAMILY~2.EXE" https://www.myheritage.com/FP/API/FTB/ftb-api.php --data "@C:\Users\Eric\AppData\Roaming\MYHERI~1\Temp\datFAA4.tmp" --progress-bar --output "C:\Users\Eric\AppData\Roaming\MYHERI~1\Temp\outFAA5.tmp" --stderr "C:\Users\Eric\AppData\Roaming\MYHERI~1\Temp\errFAA6.tmp" -A "Family Tree Builder 8.0.0.8318"
---DATA:---
action=api-sync-pre-sync&site_admin=ericrborsheim@gmail.com&site_pwd=53d384b89203627f686e06fb83b9fc4bc572ec2c&project_guid=57FCA7416EAD763E2E06995A33EE916F&publishing_guid=&revision=0&client_program_version=8.0.0.8318&site_id=364175731&computer_name=DESKTOP-G4N757J&bin_log_transaction_offset=0
------------------------------------------------------------------------------------
[09 AUG 2017 23:09:05 GMT-8] Pre-Sync Connection result:
0 (WAIT_OBJECT_0)

------------------------------------------------------------------------------------
[09 AUG 2017 23:09:05 GMT-8] Pre-Sync Response:
<?xml version="1.0"?>
<Pre-sync site_id="364175731" project_guid="57FCA7416EAD763E2E06995A33EE916F" client_revision="0" is_synced_with_ftb="0"/>


====================================================================================
[09 AUG 2017 23:09:05 GMT-8] Downloading Binlog Commands - Preparing for execution...

====================================================================================
[09 AUG 2017 23:09:05 GMT-8] Downloading Binlog Commands Request:
"C:\PROGRA~2\MYHERI~1\Bin\FAMILY~2.EXE" https://www.myheritage.com/FP/API/FTB/ftb-api.php --data "@C:\Users\Eric\AppData\Roaming\MYHERI~1\Temp\datFD47.tmp" --output "C:\Users\Eric\AppData\Roaming\MYHERI~1\Temp\outFD48.tmp" --stderr "C:\Users\Eric\AppData\Roaming\MYHERI~1\Temp\errFD49.tmp" -A "Family Tree Builder 8.0.0.8318"
---DATA:---
action=api-sync-get-bin-log-transactions&site_admin=ericrborsheim@gmail.com&site_pwd=53d384b89203627f686e06fb83b9fc4bc572ec2c&site_id=364175731&client_program_version=8.0.0.8318&project_guid=57FCA7416EAD763E2E06995A33EE916F&revision=0&offset=0&limit=1
------------------------------------------------------------------------------------
[09 AUG 2017 23:09:06 GMT-8] Downloading Binlog Commands Connection result:
0 (WAIT_OBJECT_0)

------------------------------------------------------------------------------------
[09 AUG 2017 23:09:06 GMT-8] Downloading Binlog Commands Response:
<?xml version="1.0"?>
<Get-bin-log-transactions site_id="364175731" project_guid="57FCA7416EAD763E2E06995A33EE916F" client_revision="0" is_synced_with_ftb="0" total="0">
  <transactions/>
</Get-bin-log-transactions>


====================================================================================
[10 AUG 2017 13:12:40 GMT-8] Pre-Sync - Preparing for execution...

====================================================================================
[10 AUG 2017 13:12:40 GMT-8] Pre-Sync Request:
"C:\PROGRA~2\MYHERI~1\Bin\FAMILY~2.EXE" https://www.myheritage.com/FP/API/FTB/ftb-api.php --data "@C:\Users\Eric\AppData\Roaming\MYHERI~1\Temp\dat4CE2.tmp" --progress-bar --output "C:\Users\Eric\AppData\Roaming\MYHERI~1\Temp\out4CE3.tmp" --stderr "C:\Users\Eric\AppData\Roaming\MYHERI~1\Temp\err4CE4.tmp" -A "Family Tree Builder 8.0.0.8318"
---DATA:---
action=api-sync-pre-sync&site_admin=ericrborsheim@gmail.com&site_pwd=53d384b89203627f686e06fb83b9fc4bc572ec2c&project_guid=57FCA7416EAD763E2E06995A33EE916F&publishing_guid=&revision=0&client_program_version=8.0.0.8318&site_id=364175731&computer_name=DESKTOP-G4N757J&bin_log_transaction_offset=0
------------------------------------------------------------------------------------
[10 AUG 2017 13:12:40 GMT-8] Pre-Sync Connection result:
0 (WAIT_OBJECT_0)

------------------------------------------------------------------------------------
[10 AUG 2017 13:12:40 GMT-8] Pre-Sync Response:
<?xml version="1.0"?>
<Pre-sync site_id="364175731" project_guid="57FCA7416EAD763E2E06995A33EE916F" client_revision="0" is_synced_with_ftb="0"/>


====================================================================================
[10 AUG 2017 13:12:40 GMT-8] Downloading Binlog Commands - Preparing for execution...

====================================================================================
[10 AUG 2017 13:12:40 GMT-8] Downloading Binlog Commands Request:
"C:\PROGRA~2\MYHERI~1\Bin\FAMILY~2.EXE" https://www.myheritage.com/FP/API/FTB/ftb-api.php --data "@C:\Users\Eric\AppData\Roaming\MYHERI~1\Temp\dat4FA4.tmp" --output "C:\Users\Eric\AppData\Roaming\MYHERI~1\Temp\out4FA5.tmp" --stderr "C:\Users\Eric\AppData\Roaming\MYHERI~1\Temp\err4FB6.tmp" -A "Family Tree Builder 8.0.0.8318"
---DATA:---
action=api-sync-get-bin-log-transactions&site_admin=ericrborsheim@gmail.com&site_pwd=53d384b89203627f686e06fb83b9fc4bc572ec2c&site_id=364175731&client_program_version=8.0.0.8318&project_guid=57FCA7416EAD763E2E06995A33EE916F&revision=0&offset=0&limit=1
------------------------------------------------------------------------------------
[10 AUG 2017 13:12:43 GMT-8] Downloading Binlog Commands Connection result:
0 (WAIT_OBJECT_0)

------------------------------------------------------------------------------------
[10 AUG 2017 13:12:43 GMT-8] Downloading Binlog Commands Response:
<?xml version="1.0"?>
<Get-bin-log-transactions site_id="364175731" project_guid="57FCA7416EAD763E2E06995A33EE916F" client_revision="0" is_synced_with_ftb="0" total="0">
  <transactions/>
</Get-bin-log-transactions>


====================================================================================
[11 AUG 2017 23:29:34 GMT-8] Pre-Sync - Preparing for execution...

====================================================================================
[11 AUG 2017 23:29:34 GMT-8] Pre-Sync Request:
"C:\PROGRA~2\MYHERI~1\Bin\FAMILY~2.EXE" https://www.myheritage.com/FP/API/FTB/ftb-api.php --data "@C:\Users\Eric\AppData\Roaming\MYHERI~1\Temp\dat6A8D.tmp" --progress-bar --output "C:\Users\Eric\AppData\Roaming\MYHERI~1\Temp\out6A8E.tmp" --stderr "C:\Users\Eric\AppData\Roaming\MYHERI~1\Temp\err6A8F.tmp" -A "Family Tree Builder 8.0.0.8318"
---DATA:---
action=api-sync-pre-sync&site_admin=ericrborsheim@gmail.com&site_pwd=53d384b89203627f686e06fb83b9fc4bc572ec2c&project_guid=57FCA7416EAD763E2E06995A33EE916F&publishing_guid=&revision=0&client_program_version=8.0.0.8318&site_id=364175731&computer_name=DESKTOP-G4N757J&bin_log_transaction_offset=0
------------------------------------------------------------------------------------
[11 AUG 2017 23:29:35 GMT-8] Pre-Sync Connection result:
0 (WAIT_OBJECT_0)

------------------------------------------------------------------------------------
[11 AUG 2017 23:29:35 GMT-8] Pre-Sync Response:
<?xml version="1.0"?>
<Pre-sync site_id="364175731" project_guid="57FCA7416EAD763E2E06995A33EE916F" client_revision="0" is_synced_with_ftb="0"/>


====================================================================================
[11 AUG 2017 23:29:35 GMT-8] Downloading Binlog Commands - Preparing for execution...

====================================================================================
[11 AUG 2017 23:29:35 GMT-8] Downloading Binlog Commands Request:
"C:\PROGRA~2\MYHERI~1\Bin\FAMILY~2.EXE" https://www.myheritage.com/FP/API/FTB/ftb-api.php --data "@C:\Users\Eric\AppData\Roaming\MYHERI~1\Temp\dat6D30.tmp" --output "C:\Users\Eric\AppData\Roaming\MYHERI~1\Temp\out6D31.tmp" --stderr "C:\Users\Eric\AppData\Roaming\MYHERI~1\Temp\err6D32.tmp" -A "Family Tree Builder 8.0.0.8318"
---DATA:---
action=api-sync-get-bin-log-transactions&site_admin=ericrborsheim@gmail.com&site_pwd=53d384b89203627f686e06fb83b9fc4bc572ec2c&site_id=364175731&client_program_version=8.0.0.8318&project_guid=57FCA7416EAD763E2E06995A33EE916F&revision=0&offset=0&limit=1
------------------------------------------------------------------------------------
[11 AUG 2017 23:29:36 GMT-8] Downloading Binlog Commands Connection result:
0 (WAIT_OBJECT_0)

------------------------------------------------------------------------------------
[11 AUG 2017 23:29:36 GMT-8] Downloading Binlog Commands Response:
<?xml version="1.0"?>
<Get-bin-log-transactions site_id="364175731" project_guid="57FCA7416EAD763E2E06995A33EE916F" client_revision="0" is_synced_with_ftb="0" total="0">
  <transactions/>
</Get-bin-log-transactions>


====================================================================================
[12 AUG 2017 14:21:27 GMT-8] Pre-Sync - Preparing for execution...

====================================================================================
[12 AUG 2017 14:21:27 GMT-8] Pre-Sync Request:
"C:\PROGRA~2\MYHERI~1\Bin\FAMILY~2.EXE" https://www.myheritage.com/FP/API/FTB/ftb-api.php --data "@C:\Users\Eric\AppData\Roaming\MYHERI~1\Temp\datF407.tmp" --progress-bar --output "C:\Users\Eric\AppData\Roaming\MYHERI~1\Temp\outF408.tmp" --stderr "C:\Users\Eric\AppData\Roaming\MYHERI~1\Temp\errF409.tmp" -A "Family Tree Builder 8.0.0.8318"
---DATA:---
action=api-sync-pre-sync&site_admin=ericrborsheim@gmail.com&site_pwd=53d384b89203627f686e06fb83b9fc4bc572ec2c&project_guid=57FCA7416EAD763E2E06995A33EE916F&publishing_guid=&revision=0&client_program_version=8.0.0.8318&site_id=364175731&computer_name=DESKTOP-G4N757J&bin_log_transaction_offset=0
------------------------------------------------------------------------------------
[12 AUG 2017 14:21:28 GMT-8] Pre-Sync Connection result:
0 (WAIT_OBJECT_0)

------------------------------------------------------------------------------------
[12 AUG 2017 14:21:28 GMT-8] Pre-Sync Response:
<?xml version="1.0"?>
<Pre-sync site_id="364175731" project_guid="57FCA7416EAD763E2E06995A33EE916F" client_revision="0" is_synced_with_ftb="0"/>


====================================================================================
[12 AUG 2017 14:21:28 GMT-8] Downloading Binlog Commands - Preparing for execution...

====================================================================================
[12 AUG 2017 14:21:28 GMT-8] Downloading Binlog Commands Request:
"C:\PROGRA~2\MYHERI~1\Bin\FAMILY~2.EXE" https://www.myheritage.com/FP/API/FTB/ftb-api.php --data "@C:\Users\Eric\AppData\Roaming\MYHERI~1\Temp\datF6C9.tmp" --output "C:\Users\Eric\AppData\Roaming\MYHERI~1\Temp\outF6DA.tmp" --stderr "C:\Users\Eric\AppData\Roaming\MYHERI~1\Temp\errF6DB.tmp" -A "Family Tree Builder 8.0.0.8318"
---DATA:---
action=api-sync-get-bin-log-transactions&site_admin=ericrborsheim@gmail.com&site_pwd=53d384b89203627f686e06fb83b9fc4bc572ec2c&site_id=364175731&client_program_version=8.0.0.8318&project_guid=57FCA7416EAD763E2E06995A33EE916F&revision=0&offset=0&limit=1
------------------------------------------------------------------------------------
[12 AUG 2017 14:21:28 GMT-8] Downloading Binlog Commands Connection result:
0 (WAIT_OBJECT_0)

------------------------------------------------------------------------------------
[12 AUG 2017 14:21:28 GMT-8] Downloading Binlog Commands Response:
<?xml version="1.0"?>
<Get-bin-log-transactions site_id="364175731" project_guid="57FCA7416EAD763E2E06995A33EE916F" client_revision="0" is_synced_with_ftb="0" total="0">
  <transactions/>
</Get-bin-log-transactions>


====================================================================================
[15 AUG 2017 14:41:38 GMT-8] Pre-Sync - Preparing for execution...

====================================================================================
[15 AUG 2017 14:41:38 GMT-8] Pre-Sync Request:
"C:\PROGRA~2\MYHERI~1\Bin\FAMILY~2.EXE" https://www.myheritage.com/FP/API/FTB/ftb-api.php --data "@C:\Users\Eric\AppData\Roaming\MYHERI~1\Temp\dat834B.tmp" --progress-bar --output "C:\Users\Eric\AppData\Roaming\MYHERI~1\Temp\out834C.tmp" --stderr "C:\Users\Eric\AppData\Roaming\MYHERI~1\Temp\err834D.tmp" -A "Family Tree Builder 8.0.0.8318"
---DATA:---
action=api-sync-pre-sync&site_admin=ericrborsheim@gmail.com&site_pwd=53d384b89203627f686e06fb83b9fc4bc572ec2c&project_guid=57FCA7416EAD763E2E06995A33EE916F&publishing_guid=&revision=0&client_program_version=8.0.0.8318&site_id=364175731&computer_name=DESKTOP-G4N757J&bin_log_transaction_offset=0
------------------------------------------------------------------------------------
[15 AUG 2017 14:41:41 GMT-8] Pre-Sync Connection result:
0 (WAIT_OBJECT_0)

------------------------------------------------------------------------------------
[15 AUG 2017 14:41:41 GMT-8] Pre-Sync Response:
<?xml version="1.0"?>
<Pre-sync site_id="364175731" project_guid="57FCA7416EAD763E2E06995A33EE916F" client_revision="0" is_synced_with_ftb="0"/>


====================================================================================
[15 AUG 2017 14:41:41 GMT-8] Downloading Binlog Commands - Preparing for execution...

====================================================================================
[15 AUG 2017 14:41:41 GMT-8] Downloading Binlog Commands Request:
"C:\PROGRA~2\MYHERI~1\Bin\FAMILY~2.EXE" https://www.myheritage.com/FP/API/FTB/ftb-api.php --data "@C:\Users\Eric\AppData\Roaming\MYHERI~1\Temp\dat8DE2.tmp" --output "C:\Users\Eric\AppData\Roaming\MYHERI~1\Temp\out8DE3.tmp" --stderr "C:\Users\Eric\AppData\Roaming\MYHERI~1\Temp\err8DE4.tmp" -A "Family Tree Builder 8.0.0.8318"
---DATA:---
action=api-sync-get-bin-log-transactions&site_admin=ericrborsheim@gmail.com&site_pwd=53d384b89203627f686e06fb83b9fc4bc572ec2c&site_id=364175731&client_program_version=8.0.0.8318&project_guid=57FCA7416EAD763E2E06995A33EE916F&revision=0&offset=0&limit=1
------------------------------------------------------------------------------------
[15 AUG 2017 14:41:41 GMT-8] Downloading Binlog Commands Connection result:
0 (WAIT_OBJECT_0)

------------------------------------------------------------------------------------
[15 AUG 2017 14:41:41 GMT-8] Downloading Binlog Commands Response:
<?xml version="1.0"?>
<Get-bin-log-transactions site_id="364175731" project_guid="57FCA7416EAD763E2E06995A33EE916F" client_revision="0" is_synced_with_ftb="0" total="0">
  <transactions/>
</Get-bin-log-transactions>


====================================================================================
[15 AUG 2017 20:47:19 GMT-8] Pre-Sync - Preparing for execution...

====================================================================================
[15 AUG 2017 20:47:19 GMT-8] Pre-Sync Request:
"C:\PROGRA~2\MYHERI~1\Bin\FAMILY~2.EXE" https://www.myheritage.com/FP/API/FTB/ftb-api.php --data "@C:\Users\Eric\AppData\Roaming\MYHERI~1\Temp\dat4E37.tmp" --progress-bar --output "C:\Users\Eric\AppData\Roaming\MYHERI~1\Temp\out4E48.tmp" --stderr "C:\Users\Eric\AppData\Roaming\MYHERI~1\Temp\err4E49.tmp" -A "Family Tree Builder 8.0.0.8318"
---DATA:---
action=api-sync-pre-sync&site_admin=ericrborsheim@gmail.com&site_pwd=53d384b89203627f686e06fb83b9fc4bc572ec2c&project_guid=57FCA7416EAD763E2E06995A33EE916F&publishing_guid=&revision=0&client_program_version=8.0.0.8318&site_id=364175731&computer_name=DESKTOP-G4N757J&bin_log_transaction_offset=0
------------------------------------------------------------------------------------
[15 AUG 2017 20:47:20 GMT-8] Pre-Sync Connection result:
0 (WAIT_OBJECT_0)

------------------------------------------------------------------------------------
[15 AUG 2017 20:47:20 GMT-8] Pre-Sync Response:
<?xml version="1.0"?>
<Pre-sync site_id="364175731" project_guid="57FCA7416EAD763E2E06995A33EE916F" client_revision="0" is_synced_with_ftb="0"/>


====================================================================================
[15 AUG 2017 20:47:20 GMT-8] Downloading Binlog Commands - Preparing for execution...

====================================================================================
[15 AUG 2017 20:47:20 GMT-8] Downloading Binlog Commands Request:
"C:\PROGRA~2\MYHERI~1\Bin\FAMILY~2.EXE" https://www.myheritage.com/FP/API/FTB/ftb-api.php --data "@C:\Users\Eric\AppData\Roaming\MYHERI~1\Temp\dat5178.tmp" --output "C:\Users\Eric\AppData\Roaming\MYHERI~1\Temp\out5189.tmp" --stderr "C:\Users\Eric\AppData\Roaming\MYHERI~1\Temp\err518A.tmp" -A "Family Tree Builder 8.0.0.8318"
---DATA:---
action=api-sync-get-bin-log-transactions&site_admin=ericrborsheim@gmail.com&site_pwd=53d384b89203627f686e06fb83b9fc4bc572ec2c&site_id=364175731&client_program_version=8.0.0.8318&project_guid=57FCA7416EAD763E2E06995A33EE916F&revision=0&offset=0&limit=1
------------------------------------------------------------------------------------
[15 AUG 2017 20:47:20 GMT-8] Downloading Binlog Commands Connection result:
0 (WAIT_OBJECT_0)

------------------------------------------------------------------------------------
[15 AUG 2017 20:47:20 GMT-8] Downloading Binlog Commands Response:
<?xml version="1.0"?>
<Get-bin-log-transactions site_id="364175731" project_guid="57FCA7416EAD763E2E06995A33EE916F" client_revision="0" is_synced_with_ftb="0" total="0">
  <transactions/>
</Get-bin-log-transactions>


====================================================================================
[16 AUG 2017 14:25:53 GMT-8] Pre-Sync - Preparing for execution...

====================================================================================
[16 AUG 2017 14:25:53 GMT-8] Pre-Sync Request:
"C:\PROGRA~2\MYHERI~1\Bin\FAMILY~2.EXE" https://www.myheritage.com/FP/API/FTB/ftb-api.php --data "@C:\Users\Eric\AppData\Roaming\MYHERI~1\Temp\dat73B1.tmp" --progress-bar --output "C:\Users\Eric\AppData\Roaming\MYHERI~1\Temp\out73B2.tmp" --stderr "C:\Users\Eric\AppData\Roaming\MYHERI~1\Temp\err73B3.tmp" -A "Family Tree Builder 8.0.0.8318"
---DATA:---
action=api-sync-pre-sync&site_admin=ericrborsheim@gmail.com&site_pwd=53d384b89203627f686e06fb83b9fc4bc572ec2c&project_guid=57FCA7416EAD763E2E06995A33EE916F&publishing_guid=&revision=0&client_program_version=8.0.0.8318&site_id=364175731&computer_name=DESKTOP-G4N757J&bin_log_transaction_offset=0
------------------------------------------------------------------------------------
[16 AUG 2017 14:25:54 GMT-8] Pre-Sync Connection result:
0 (WAIT_OBJECT_0)

------------------------------------------------------------------------------------
[16 AUG 2017 14:25:54 GMT-8] Pre-Sync Response:
<?xml version="1.0"?>
<Pre-sync site_id="364175731" project_guid="57FCA7416EAD763E2E06995A33EE916F" client_revision="0" is_synced_with_ftb="0"/>


====================================================================================
[16 AUG 2017 14:25:54 GMT-8] Downloading Binlog Commands - Preparing for execution...

====================================================================================
[16 AUG 2017 14:25:54 GMT-8] Downloading Binlog Commands Request:
"C:\PROGRA~2\MYHERI~1\Bin\FAMILY~2.EXE" https://www.myheritage.com/FP/API/FTB/ftb-api.php --data "@C:\Users\Eric\AppData\Roaming\MYHERI~1\Temp\dat773F.tmp" --output "C:\Users\Eric\AppData\Roaming\MYHERI~1\Temp\out7740.tmp" --stderr "C:\Users\Eric\AppData\Roaming\MYHERI~1\Temp\err7741.tmp" -A "Family Tree Builder 8.0.0.8318"
---DATA:---
action=api-sync-get-bin-log-transactions&site_admin=ericrborsheim@gmail.com&site_pwd=53d384b89203627f686e06fb83b9fc4bc572ec2c&site_id=364175731&client_program_version=8.0.0.8318&project_guid=57FCA7416EAD763E2E06995A33EE916F&revision=0&offset=0&limit=1
------------------------------------------------------------------------------------
[16 AUG 2017 14:25:55 GMT-8] Downloading Binlog Commands Connection result:
0 (WAIT_OBJECT_0)

------------------------------------------------------------------------------------
[16 AUG 2017 14:25:55 GMT-8] Downloading Binlog Commands Response:
<?xml version="1.0"?>
<Get-bin-log-transactions site_id="364175731" project_guid="57FCA7416EAD763E2E06995A33EE916F" client_revision="0" is_synced_with_ftb="0" total="0">
  <transactions/>
</Get-bin-log-transactions>


====================================================================================
[16 AUG 2017 17:24:01 GMT-8] Pre-Sync - Preparing for execution...

====================================================================================
[16 AUG 2017 17:24:01 GMT-8] Pre-Sync Request:
"C:\PROGRA~2\MYHERI~1\Bin\FAMILY~2.EXE" https://www.myheritage.com/FP/API/FTB/ftb-api.php --data "@C:\Users\Eric\AppData\Roaming\MYHERI~1\Temp\dat8A50.tmp" --progress-bar --output "C:\Users\Eric\AppData\Roaming\MYHERI~1\Temp\out8A51.tmp" --stderr "C:\Users\Eric\AppData\Roaming\MYHERI~1\Temp\err8A52.tmp" -A "Family Tree Builder 8.0.0.8318"
---DATA:---
action=api-sync-pre-sync&site_admin=ericrborsheim@gmail.com&site_pwd=53d384b89203627f686e06fb83b9fc4bc572ec2c&project_guid=57FCA7416EAD763E2E06995A33EE916F&publishing_guid=&revision=0&client_program_version=8.0.0.8318&site_id=364175731&computer_name=DESKTOP-G4N757J&bin_log_transaction_offset=0
------------------------------------------------------------------------------------
[16 AUG 2017 17:24:02 GMT-8] Pre-Sync Connection result:
0 (WAIT_OBJECT_0)

------------------------------------------------------------------------------------
[16 AUG 2017 17:24:02 GMT-8] Pre-Sync Response:
<?xml version="1.0"?>
<Pre-sync site_id="364175731" project_guid="57FCA7416EAD763E2E06995A33EE916F" client_revision="0" is_synced_with_ftb="0"/>


====================================================================================
[16 AUG 2017 17:24:02 GMT-8] Downloading Binlog Commands - Preparing for execution...

====================================================================================
[16 AUG 2017 17:24:02 GMT-8] Downloading Binlog Commands Request:
"C:\PROGRA~2\MYHERI~1\Bin\FAMILY~2.EXE" https://www.myheritage.com/FP/API/FTB/ftb-api.php --data "@C:\Users\Eric\AppData\Roaming\MYHERI~1\Temp\dat8CB4.tmp" --output "C:\Users\Eric\AppData\Roaming\MYHERI~1\Temp\out8CB5.tmp" --stderr "C:\Users\Eric\AppData\Roaming\MYHERI~1\Temp\err8CB6.tmp" -A "Family Tree Builder 8.0.0.8318"
---DATA:---
action=api-sync-get-bin-log-transactions&site_admin=ericrborsheim@gmail.com&site_pwd=53d384b89203627f686e06fb83b9fc4bc572ec2c&site_id=364175731&client_program_version=8.0.0.8318&project_guid=57FCA7416EAD763E2E06995A33EE916F&revision=0&offset=0&limit=1
------------------------------------------------------------------------------------
[16 AUG 2017 17:24:03 GMT-8] Downloading Binlog Commands Connection result:
0 (WAIT_OBJECT_0)

------------------------------------------------------------------------------------
[16 AUG 2017 17:24:03 GMT-8] Downloading Binlog Commands Response:
<?xml version="1.0"?>
<Get-bin-log-transactions site_id="364175731" project_guid="57FCA7416EAD763E2E06995A33EE916F" client_revision="0" is_synced_with_ftb="0" total="0">
  <transactions/>
</Get-bin-log-transactions>


====================================================================================
[17 AUG 2017 00:09:38 GMT-8] Pre-Sync - Preparing for execution...

====================================================================================
[17 AUG 2017 00:09:38 GMT-8] Pre-Sync Request:
"C:\PROGRA~2\MYHERI~1\Bin\FAMILY~2.EXE" https://www.myheritage.com/FP/API/FTB/ftb-api.php --data "@C:\Users\Eric\AppData\Roaming\MYHERI~1\Temp\datE468.tmp" --progress-bar --output "C:\Users\Eric\AppData\Roaming\MYHERI~1\Temp\outE469.tmp" --stderr "C:\Users\Eric\AppData\Roaming\MYHERI~1\Temp\errE46A.tmp" -A "Family Tree Builder 8.0.0.8318"
---DATA:---
action=api-sync-pre-sync&site_admin=ericrborsheim@gmail.com&site_pwd=53d384b89203627f686e06fb83b9fc4bc572ec2c&project_guid=57FCA7416EAD763E2E06995A33EE916F&publishing_guid=&revision=0&client_program_version=8.0.0.8318&site_id=364175731&computer_name=DESKTOP-G4N757J&bin_log_transaction_offset=0
------------------------------------------------------------------------------------
[17 AUG 2017 00:09:39 GMT-8] Pre-Sync Connection result:
0 (WAIT_OBJECT_0)

------------------------------------------------------------------------------------
[17 AUG 2017 00:09:39 GMT-8] Pre-Sync Response:
<?xml version="1.0"?>
<Pre-sync site_id="364175731" project_guid="57FCA7416EAD763E2E06995A33EE916F" client_revision="0" is_synced_with_ftb="0"/>


====================================================================================
[17 AUG 2017 00:09:39 GMT-8] Downloading Binlog Commands - Preparing for execution...

====================================================================================
[17 AUG 2017 00:09:39 GMT-8] Downloading Binlog Commands Request:
"C:\PROGRA~2\MYHERI~1\Bin\FAMILY~2.EXE" https://www.myheritage.com/FP/API/FTB/ftb-api.php --data "@C:\Users\Eric\AppData\Roaming\MYHERI~1\Temp\datE7D6.tmp" --output "C:\Users\Eric\AppData\Roaming\MYHERI~1\Temp\outE7D7.tmp" --stderr "C:\Users\Eric\AppData\Roaming\MYHERI~1\Temp\errE7D8.tmp" -A "Family Tree Builder 8.0.0.8318"
---DATA:---
action=api-sync-get-bin-log-transactions&site_admin=ericrborsheim@gmail.com&site_pwd=53d384b89203627f686e06fb83b9fc4bc572ec2c&site_id=364175731&client_program_version=8.0.0.8318&project_guid=57FCA7416EAD763E2E06995A33EE916F&revision=0&offset=0&limit=1
------------------------------------------------------------------------------------
[17 AUG 2017 00:09:40 GMT-8] Downloading Binlog Commands Connection result:
0 (WAIT_OBJECT_0)

------------------------------------------------------------------------------------
[17 AUG 2017 00:09:40 GMT-8] Downloading Binlog Commands Response:
<?xml version="1.0"?>
<Get-bin-log-transactions site_id="364175731" project_guid="57FCA7416EAD763E2E06995A33EE916F" client_revision="0" is_synced_with_ftb="0" total="0">
  <transactions/>
</Get-bin-log-transactions>


====================================================================================
[18 AUG 2017 23:02:38 GMT-8] Pre-Sync - Preparing for execution...

====================================================================================
[18 AUG 2017 23:02:38 GMT-8] Pre-Sync Request:
"C:\PROGRA~2\MYHERI~1\Bin\FAMILY~2.EXE" https://www.myheritage.com/FP/API/FTB/ftb-api.php --data "@C:\Users\Eric\AppData\Roaming\MYHERI~1\Temp\dat475B.tmp" --progress-bar --output "C:\Users\Eric\AppData\Roaming\MYHERI~1\Temp\out475C.tmp" --stderr "C:\Users\Eric\AppData\Roaming\MYHERI~1\Temp\err475D.tmp" -A "Family Tree Builder 8.0.0.8318"
---DATA:---
action=api-sync-pre-sync&site_admin=ericrborsheim@gmail.com&site_pwd=53d384b89203627f686e06fb83b9fc4bc572ec2c&project_guid=57FCA7416EAD763E2E06995A33EE916F&publishing_guid=&revision=0&client_program_version=8.0.0.8318&site_id=364175731&computer_name=DESKTOP-G4N757J&bin_log_transaction_offset=0
------------------------------------------------------------------------------------
[18 AUG 2017 23:02:42 GMT-8] Pre-Sync Connection result:
0 (WAIT_OBJECT_0)

------------------------------------------------------------------------------------
[18 AUG 2017 23:02:42 GMT-8] Pre-Sync Response:
<?xml version="1.0"?>
<Pre-sync site_id="364175731" project_guid="57FCA7416EAD763E2E06995A33EE916F" client_revision="0" is_synced_with_ftb="0"/>


====================================================================================
[18 AUG 2017 23:02:42 GMT-8] Downloading Binlog Commands - Preparing for execution...

====================================================================================
[18 AUG 2017 23:02:42 GMT-8] Downloading Binlog Commands Request:
"C:\PROGRA~2\MYHERI~1\Bin\FAMILY~2.EXE" https://www.myheritage.com/FP/API/FTB/ftb-api.php --data "@C:\Users\Eric\AppData\Roaming\MYHERI~1\Temp\dat543F.tmp" --output "C:\Users\Eric\AppData\Roaming\MYHERI~1\Temp\out5440.tmp" --stderr "C:\Users\Eric\AppData\Roaming\MYHERI~1\Temp\err5441.tmp" -A "Family Tree Builder 8.0.0.8318"
---DATA:---
action=api-sync-get-bin-log-transactions&site_admin=ericrborsheim@gmail.com&site_pwd=53d384b89203627f686e06fb83b9fc4bc572ec2c&site_id=364175731&client_program_version=8.0.0.8318&project_guid=57FCA7416EAD763E2E06995A33EE916F&revision=0&offset=0&limit=1
------------------------------------------------------------------------------------
[18 AUG 2017 23:02:43 GMT-8] Downloading Binlog Commands Connection result:
0 (WAIT_OBJECT_0)

------------------------------------------------------------------------------------
[18 AUG 2017 23:02:43 GMT-8] Downloading Binlog Commands Response:
<?xml version="1.0"?>
<Get-bin-log-transactions site_id="364175731" project_guid="57FCA7416EAD763E2E06995A33EE916F" client_revision="0" is_synced_with_ftb="0" total="0">
  <transactions/>
</Get-bin-log-transactions>


====================================================================================
[19 AUG 2017 21:44:50 GMT-8] Pre-Sync - Preparing for execution...

====================================================================================
[19 AUG 2017 21:44:50 GMT-8] Pre-Sync Request:
"C:\PROGRA~2\MYHERI~1\Bin\FAMILY~2.EXE" https://www.myheritage.com/FP/API/FTB/ftb-api.php --data "@C:\Users\Eric\AppData\Roaming\MYHERI~1\Temp\dat6933.tmp" --progress-bar --output "C:\Users\Eric\AppData\Roaming\MYHERI~1\Temp\out6934.tmp" --stderr "C:\Users\Eric\AppData\Roaming\MYHERI~1\Temp\err6935.tmp" -A "Family Tree Builder 8.0.0.8318"
---DATA:---
action=api-sync-pre-sync&site_admin=ericrborsheim@gmail.com&site_pwd=53d384b89203627f686e06fb83b9fc4bc572ec2c&project_guid=57FCA7416EAD763E2E06995A33EE916F&publishing_guid=&revision=0&client_program_version=8.0.0.8318&site_id=364175731&computer_name=DESKTOP-G4N757J&bin_log_transaction_offset=0
------------------------------------------------------------------------------------
[19 AUG 2017 21:44:51 GMT-8] Pre-Sync Connection result:
0 (WAIT_OBJECT_0)

------------------------------------------------------------------------------------
[19 AUG 2017 21:44:51 GMT-8] Pre-Sync Response:
<?xml version="1.0"?>
<Pre-sync site_id="364175731" project_guid="57FCA7416EAD763E2E06995A33EE916F" client_revision="0" is_synced_with_ftb="0"/>


====================================================================================
[19 AUG 2017 21:44:51 GMT-8] Downloading Binlog Commands - Preparing for execution...

====================================================================================
[19 AUG 2017 21:44:51 GMT-8] Downloading Binlog Commands Request:
"C:\PROGRA~2\MYHERI~1\Bin\FAMILY~2.EXE" https://www.myheritage.com/FP/API/FTB/ftb-api.php --data "@C:\Users\Eric\AppData\Roaming\MYHERI~1\Temp\dat6C0A.tmp" --output "C:\Users\Eric\AppData\Roaming\MYHERI~1\Temp\out6C0B.tmp" --stderr "C:\Users\Eric\AppData\Roaming\MYHERI~1\Temp\err6C1B.tmp" -A "Family Tree Builder 8.0.0.8318"
---DATA:---
action=api-sync-get-bin-log-transactions&site_admin=ericrborsheim@gmail.com&site_pwd=53d384b89203627f686e06fb83b9fc4bc572ec2c&site_id=364175731&client_program_version=8.0.0.8318&project_guid=57FCA7416EAD763E2E06995A33EE916F&revision=0&offset=0&limit=1
------------------------------------------------------------------------------------
[19 AUG 2017 21:44:52 GMT-8] Downloading Binlog Commands Connection result:
0 (WAIT_OBJECT_0)

------------------------------------------------------------------------------------
[19 AUG 2017 21:44:52 GMT-8] Downloading Binlog Commands Response:
<?xml version="1.0"?>
<Get-bin-log-transactions site_id="364175731" project_guid="57FCA7416EAD763E2E06995A33EE916F" client_revision="0" is_synced_with_ftb="0" total="0">
  <transactions/>
</Get-bin-log-transactions>


====================================================================================
[19 AUG 2017 23:36:33 GMT-8] Pre-Sync - Preparing for execution...

====================================================================================
[19 AUG 2017 23:36:33 GMT-8] Pre-Sync Request:
"C:\PROGRA~2\MYHERI~1\Bin\FAMILY~2.EXE" https://www.myheritage.com/FP/API/FTB/ftb-api.php --data "@C:\Users\Eric\AppData\Roaming\MYHERI~1\Temp\datAF6A.tmp" --progress-bar --output "C:\Users\Eric\AppData\Roaming\MYHERI~1\Temp\outAF6B.tmp" --stderr "C:\Users\Eric\AppData\Roaming\MYHERI~1\Temp\errAF6C.tmp" -A "Family Tree Builder 8.0.0.8318"
---DATA:---
action=api-sync-pre-sync&site_admin=ericrborsheim@gmail.com&site_pwd=53d384b89203627f686e06fb83b9fc4bc572ec2c&project_guid=57FCA7416EAD763E2E06995A33EE916F&publishing_guid=&revision=0&client_program_version=8.0.0.8318&site_id=364175731&computer_name=DESKTOP-G4N757J&bin_log_transaction_offset=0
------------------------------------------------------------------------------------
[19 AUG 2017 23:36:34 GMT-8] Pre-Sync Connection result:
0 (WAIT_OBJECT_0)

------------------------------------------------------------------------------------
[19 AUG 2017 23:36:34 GMT-8] Pre-Sync Response:
<?xml version="1.0"?>
<Pre-sync site_id="364175731" project_guid="57FCA7416EAD763E2E06995A33EE916F" client_revision="0" is_synced_with_ftb="0"/>


====================================================================================
[19 AUG 2017 23:36:34 GMT-8] Downloading Binlog Commands - Preparing for execution...

====================================================================================
[19 AUG 2017 23:36:34 GMT-8] Downloading Binlog Commands Request:
"C:\PROGRA~2\MYHERI~1\Bin\FAMILY~2.EXE" https://www.myheritage.com/FP/API/FTB/ftb-api.php --data "@C:\Users\Eric\AppData\Roaming\MYHERI~1\Temp\datB2CE.tmp" --output "C:\Users\Eric\AppData\Roaming\MYHERI~1\Temp\outB2CF.tmp" --stderr "C:\Users\Eric\AppData\Roaming\MYHERI~1\Temp\errB2D0.tmp" -A "Family Tree Builder 8.0.0.8318"
---DATA:---
action=api-sync-get-bin-log-transactions&site_admin=ericrborsheim@gmail.com&site_pwd=53d384b89203627f686e06fb83b9fc4bc572ec2c&site_id=364175731&client_program_version=8.0.0.8318&project_guid=57FCA7416EAD763E2E06995A33EE916F&revision=0&offset=0&limit=1
------------------------------------------------------------------------------------
[19 AUG 2017 23:36:35 GMT-8] Downloading Binlog Commands Connection result:
0 (WAIT_OBJECT_0)

------------------------------------------------------------------------------------
[19 AUG 2017 23:36:35 GMT-8] Downloading Binlog Commands Response:
<?xml version="1.0"?>
<Get-bin-log-transactions site_id="364175731" project_guid="57FCA7416EAD763E2E06995A33EE916F" client_revision="0" is_synced_with_ftb="0" total="0">
  <transactions/>
</Get-bin-log-transactions>


====================================================================================
[24 AUG 2017 13:42:45 GMT-8] Pre-Sync - Preparing for execution...

====================================================================================
[24 AUG 2017 13:42:45 GMT-8] Pre-Sync Request:
"C:\PROGRA~2\MYHERI~1\Bin\FAMILY~2.EXE" https://www.myheritage.com/FP/API/FTB/ftb-api.php --data "@C:\Users\Eric\AppData\Roaming\MYHERI~1\Temp\datD6F6.tmp" --progress-bar --output "C:\Users\Eric\AppData\Roaming\MYHERI~1\Temp\outD6F7.tmp" --stderr "C:\Users\Eric\AppData\Roaming\MYHERI~1\Temp\errD6F8.tmp" -A "Family Tree Builder 8.0.0.8318"
---DATA:---
action=api-sync-pre-sync&site_admin=ericrborsheim@gmail.com&site_pwd=53d384b89203627f686e06fb83b9fc4bc572ec2c&project_guid=57FCA7416EAD763E2E06995A33EE916F&publishing_guid=&revision=0&client_program_version=8.0.0.8318&site_id=364175731&computer_name=DESKTOP-G4N757J&bin_log_transaction_offset=0
------------------------------------------------------------------------------------
[24 AUG 2017 13:42:47 GMT-8] Pre-Sync Connection result:
0 (WAIT_OBJECT_0)

------------------------------------------------------------------------------------
[24 AUG 2017 13:42:47 GMT-8] Pre-Sync Response:
<?xml version="1.0"?>
<Pre-sync site_id="364175731" project_guid="57FCA7416EAD763E2E06995A33EE916F" client_revision="0" is_synced_with_ftb="0"/>


====================================================================================
[24 AUG 2017 13:42:47 GMT-8] Downloading Binlog Commands - Preparing for execution...

====================================================================================
[24 AUG 2017 13:42:47 GMT-8] Downloading Binlog Commands Request:
"C:\PROGRA~2\MYHERI~1\Bin\FAMILY~2.EXE" https://www.myheritage.com/FP/API/FTB/ftb-api.php --data "@C:\Users\Eric\AppData\Roaming\MYHERI~1\Temp\datE0FB.tmp" --output "C:\Users\Eric\AppData\Roaming\MYHERI~1\Temp\outE0FC.tmp" --stderr "C:\Users\Eric\AppData\Roaming\MYHERI~1\Temp\errE0FD.tmp" -A "Family Tree Builder 8.0.0.8318"
---DATA:---
action=api-sync-get-bin-log-transactions&site_admin=ericrborsheim@gmail.com&site_pwd=53d384b89203627f686e06fb83b9fc4bc572ec2c&site_id=364175731&client_program_version=8.0.0.8318&project_guid=57FCA7416EAD763E2E06995A33EE916F&revision=0&offset=0&limit=1
------------------------------------------------------------------------------------
[24 AUG 2017 13:42:48 GMT-8] Downloading Binlog Commands Connection result:
0 (WAIT_OBJECT_0)

------------------------------------------------------------------------------------
[24 AUG 2017 13:42:48 GMT-8] Downloading Binlog Commands Response:
<?xml version="1.0"?>
<Get-bin-log-transactions site_id="364175731" project_guid="57FCA7416EAD763E2E06995A33EE916F" client_revision="0" is_synced_with_ftb="0" total="0">
  <transactions/>
</Get-bin-log-transactions>


====================================================================================
[24 AUG 2017 17:36:33 GMT-8] Pre-Sync - Preparing for execution...

====================================================================================
[24 AUG 2017 17:36:33 GMT-8] Pre-Sync Request:
"C:\PROGRA~2\MYHERI~1\Bin\FAMILY~2.EXE" https://www.myheritage.com/FP/API/FTB/ftb-api.php --data "@C:\Users\Eric\AppData\Roaming\MYHERI~1\Temp\datE4BE.tmp" --progress-bar --output "C:\Users\Eric\AppData\Roaming\MYHERI~1\Temp\outE4BF.tmp" --stderr "C:\Users\Eric\AppData\Roaming\MYHERI~1\Temp\errE4C0.tmp" -A "Family Tree Builder 8.0.0.8318"
---DATA:---
action=api-sync-pre-sync&site_admin=ericrborsheim@gmail.com&site_pwd=53d384b89203627f686e06fb83b9fc4bc572ec2c&project_guid=57FCA7416EAD763E2E06995A33EE916F&publishing_guid=&revision=0&client_program_version=8.0.0.8318&site_id=364175731&computer_name=DESKTOP-G4N757J&bin_log_transaction_offset=0
------------------------------------------------------------------------------------
[24 AUG 2017 17:36:34 GMT-8] Pre-Sync Connection result:
0 (WAIT_OBJECT_0)

------------------------------------------------------------------------------------
[24 AUG 2017 17:36:34 GMT-8] Pre-Sync Response:
<?xml version="1.0"?>
<Pre-sync site_id="364175731" project_guid="57FCA7416EAD763E2E06995A33EE916F" client_revision="0" is_synced_with_ftb="0"/>


====================================================================================
[24 AUG 2017 17:36:34 GMT-8] Downloading Binlog Commands - Preparing for execution...

====================================================================================
[24 AUG 2017 17:36:34 GMT-8] Downloading Binlog Commands Request:
"C:\PROGRA~2\MYHERI~1\Bin\FAMILY~2.EXE" https://www.myheritage.com/FP/API/FTB/ftb-api.php --data "@C:\Users\Eric\AppData\Roaming\MYHERI~1\Temp\datE7FD.tmp" --output "C:\Users\Eric\AppData\Roaming\MYHERI~1\Temp\outE7FE.tmp" --stderr "C:\Users\Eric\AppData\Roaming\MYHERI~1\Temp\errE7FF.tmp" -A "Family Tree Builder 8.0.0.8318"
---DATA:---
action=api-sync-get-bin-log-transactions&site_admin=ericrborsheim@gmail.com&site_pwd=53d384b89203627f686e06fb83b9fc4bc572ec2c&site_id=364175731&client_program_version=8.0.0.8318&project_guid=57FCA7416EAD763E2E06995A33EE916F&revision=0&offset=0&limit=1
------------------------------------------------------------------------------------
[24 AUG 2017 17:36:35 GMT-8] Downloading Binlog Commands Connection result:
0 (WAIT_OBJECT_0)

------------------------------------------------------------------------------------
[24 AUG 2017 17:36:35 GMT-8] Downloading Binlog Commands Response:
<?xml version="1.0"?>
<Get-bin-log-transactions site_id="364175731" project_guid="57FCA7416EAD763E2E06995A33EE916F" client_revision="0" is_synced_with_ftb="0" total="0">
  <transactions/>
</Get-bin-log-transactions>


====================================================================================
[24 AUG 2017 17:37:36 GMT-8] Pre-Sync - Preparing for execution...

====================================================================================
[24 AUG 2017 17:37:36 GMT-8] Pre-Sync Request:
"C:\PROGRA~2\MYHERI~1\Bin\FAMILY~2.EXE" https://www.myheritage.com/FP/API/FTB/ftb-api.php --data "@C:\Users\Eric\AppData\Roaming\MYHERI~1\Temp\datD95F.tmp" --progress-bar --output "C:\Users\Eric\AppData\Roaming\MYHERI~1\Temp\outD960.tmp" --stderr "C:\Users\Eric\AppData\Roaming\MYHERI~1\Temp\errD961.tmp" -A "Family Tree Builder 8.0.0.8318"
---DATA:---
action=api-sync-pre-sync&site_admin=ericrborsheim@gmail.com&site_pwd=53d384b89203627f686e06fb83b9fc4bc572ec2c&project_guid=57FCA7416EAD763E2E06995A33EE916F&publishing_guid=&revision=0&client_program_version=8.0.0.8318&site_id=364175731&computer_name=DESKTOP-G4N757J&bin_log_transaction_offset=0
------------------------------------------------------------------------------------
[24 AUG 2017 17:37:37 GMT-8] Pre-Sync Connection result:
0 (WAIT_OBJECT_0)

------------------------------------------------------------------------------------
[24 AUG 2017 17:37:37 GMT-8] Pre-Sync Response:
<?xml version="1.0"?>
<Pre-sync site_id="364175731" project_guid="57FCA7416EAD763E2E06995A33EE916F" client_revision="0" is_synced_with_ftb="0"/>


====================================================================================
[24 AUG 2017 17:37:37 GMT-8] Downloading Binlog Commands - Preparing for execution...

====================================================================================
[24 AUG 2017 17:37:37 GMT-8] Downloading Binlog Commands Request:
"C:\PROGRA~2\MYHERI~1\Bin\FAMILY~2.EXE" https://www.myheritage.com/FP/API/FTB/ftb-api.php --data "@C:\Users\Eric\AppData\Roaming\MYHERI~1\Temp\datDCBD.tmp" --output "C:\Users\Eric\AppData\Roaming\MYHERI~1\Temp\outDCBE.tmp" --stderr "C:\Users\Eric\AppData\Roaming\MYHERI~1\Temp\errDCBF.tmp" -A "Family Tree Builder 8.0.0.8318"
---DATA:---
action=api-sync-get-bin-log-transactions&site_admin=ericrborsheim@gmail.com&site_pwd=53d384b89203627f686e06fb83b9fc4bc572ec2c&site_id=364175731&client_program_version=8.0.0.8318&project_guid=57FCA7416EAD763E2E06995A33EE916F&revision=0&offset=0&limit=1
------------------------------------------------------------------------------------
[24 AUG 2017 17:37:37 GMT-8] Downloading Binlog Commands Connection result:
0 (WAIT_OBJECT_0)

------------------------------------------------------------------------------------
[24 AUG 2017 17:37:37 GMT-8] Downloading Binlog Commands Response:
<?xml version="1.0"?>
<Get-bin-log-transactions site_id="364175731" project_guid="57FCA7416EAD763E2E06995A33EE916F" client_revision="0" is_synced_with_ftb="0" total="0">
  <transactions/>
</Get-bin-log-transactions>


====================================================================================
[27 AUG 2017 00:47:58 GMT-8] Pre-Sync - Preparing for execution...

====================================================================================
[27 AUG 2017 00:47:58 GMT-8] Pre-Sync Request:
"C:\PROGRA~2\MYHERI~1\Bin\FAMILY~2.EXE" https://www.myheritage.com/FP/API/FTB/ftb-api.php --data "@C:\Users\Eric\AppData\Roaming\MYHERI~1\Temp\datEC87.tmp" --progress-bar --output "C:\Users\Eric\AppData\Roaming\MYHERI~1\Temp\outEC98.tmp" --stderr "C:\Users\Eric\AppData\Roaming\MYHERI~1\Temp\errEC99.tmp" --ssl-no-revoke -A "Family Tree Builder 8.0.0.8397"
---DATA:---
action=api-sync-pre-sync&site_admin=ericrborsheim@gmail.com&site_pwd=53d384b89203627f686e06fb83b9fc4bc572ec2c&project_guid=57FCA7416EAD763E2E06995A33EE916F&publishing_guid=&revision=0&client_program_version=8.0.0.8397&site_id=364175731&computer_name=DESKTOP-G4N757J&bin_log_transaction_offset=0
------------------------------------------------------------------------------------
[27 AUG 2017 00:47:59 GMT-8] Pre-Sync Connection result:
0 (WAIT_OBJECT_0)

------------------------------------------------------------------------------------
[27 AUG 2017 00:47:59 GMT-8] Pre-Sync Response:
<?xml version="1.0"?>
<Pre-sync site_id="364175731" project_guid="57FCA7416EAD763E2E06995A33EE916F" client_revision="0" is_synced_with_ftb="0"/>


====================================================================================
[27 AUG 2017 00:47:59 GMT-8] Downloading Binlog Commands - Preparing for execution...

====================================================================================
[27 AUG 2017 00:47:59 GMT-8] Downloading Binlog Commands Request:
"C:\PROGRA~2\MYHERI~1\Bin\FAMILY~2.EXE" https://www.myheritage.com/FP/API/FTB/ftb-api.php --data "@C:\Users\Eric\AppData\Roaming\MYHERI~1\Temp\datF0C0.tmp" --output "C:\Users\Eric\AppData\Roaming\MYHERI~1\Temp\outF0C1.tmp" --stderr "C:\Users\Eric\AppData\Roaming\MYHERI~1\Temp\errF0C2.tmp" --ssl-no-revoke -A "Family Tree Builder 8.0.0.8397"
---DATA:---
action=api-sync-get-bin-log-transactions&site_admin=ericrborsheim@gmail.com&site_pwd=53d384b89203627f686e06fb83b9fc4bc572ec2c&site_id=364175731&client_program_version=8.0.0.8397&project_guid=57FCA7416EAD763E2E06995A33EE916F&revision=0&offset=0&limit=1
------------------------------------------------------------------------------------
[27 AUG 2017 00:48:01 GMT-8] Downloading Binlog Commands Connection result:
0 (WAIT_OBJECT_0)

------------------------------------------------------------------------------------
[27 AUG 2017 00:48:01 GMT-8] Downloading Binlog Commands Response:
<?xml version="1.0"?>
<Get-bin-log-transactions site_id="364175731" project_guid="57FCA7416EAD763E2E06995A33EE916F" client_revision="0" is_synced_with_ftb="0" total="0">
  <transactions/>
</Get-bin-log-transactions>


====================================================================================
[28 AUG 2017 13:51:21 GMT-8] Pre-Sync - Preparing for execution...

====================================================================================
[28 AUG 2017 13:51:21 GMT-8] Pre-Sync Request:
"C:\PROGRA~2\MYHERI~1\Bin\FAMILY~2.EXE" https://www.myheritage.com/FP/API/FTB/ftb-api.php --data "@C:\Users\Eric\AppData\Roaming\MYHERI~1\Temp\dat7C98.tmp" --progress-bar --output "C:\Users\Eric\AppData\Roaming\MYHERI~1\Temp\out7C99.tmp" --stderr "C:\Users\Eric\AppData\Roaming\MYHERI~1\Temp\err7C9A.tmp" --ssl-no-revoke -A "Family Tree Builder 8.0.0.8397"
---DATA:---
action=api-sync-pre-sync&site_admin=ericrborsheim@gmail.com&site_pwd=53d384b89203627f686e06fb83b9fc4bc572ec2c&project_guid=57FCA7416EAD763E2E06995A33EE916F&publishing_guid=&revision=0&client_program_version=8.0.0.8397&site_id=364175731&computer_name=DESKTOP-G4N757J&bin_log_transaction_offset=0
------------------------------------------------------------------------------------
[28 AUG 2017 13:51:23 GMT-8] Pre-Sync Connection result:
0 (WAIT_OBJECT_0)

------------------------------------------------------------------------------------
[28 AUG 2017 13:51:23 GMT-8] Pre-Sync Response:
<?xml version="1.0"?>
<Pre-sync site_id="364175731" project_guid="57FCA7416EAD763E2E06995A33EE916F" client_revision="0" is_synced_with_ftb="0"/>


====================================================================================
[28 AUG 2017 13:51:23 GMT-8] Downloading Binlog Commands - Preparing for execution...

====================================================================================
[28 AUG 2017 13:51:23 GMT-8] Downloading Binlog Commands Request:
"C:\PROGRA~2\MYHERI~1\Bin\FAMILY~2.EXE" https://www.myheritage.com/FP/API/FTB/ftb-api.php --data "@C:\Users\Eric\AppData\Roaming\MYHERI~1\Temp\dat85D2.tmp" --output "C:\Users\Eric\AppData\Roaming\MYHERI~1\Temp\out85D3.tmp" --stderr "C:\Users\Eric\AppData\Roaming\MYHERI~1\Temp\err85D4.tmp" --ssl-no-revoke -A "Family Tree Builder 8.0.0.8397"
---DATA:---
action=api-sync-get-bin-log-transactions&site_admin=ericrborsheim@gmail.com&site_pwd=53d384b89203627f686e06fb83b9fc4bc572ec2c&site_id=364175731&client_program_version=8.0.0.8397&project_guid=57FCA7416EAD763E2E06995A33EE916F&revision=0&offset=0&limit=1
------------------------------------------------------------------------------------
[28 AUG 2017 13:51:26 GMT-8] Downloading Binlog Commands Connection result:
0 (WAIT_OBJECT_0)

------------------------------------------------------------------------------------
[28 AUG 2017 13:51:26 GMT-8] Downloading Binlog Commands Response:
<?xml version="1.0"?>
<Get-bin-log-transactions site_id="364175731" project_guid="57FCA7416EAD763E2E06995A33EE916F" client_revision="0" is_synced_with_ftb="0" total="0">
  <transactions/>
</Get-bin-log-transactions>


====================================================================================
[29 AUG 2017 15:02:33 GMT-8] Pre-Sync - Preparing for execution...

====================================================================================
[29 AUG 2017 15:02:34 GMT-8] Pre-Sync Request:
"C:\PROGRA~2\MYHERI~1\Bin\FAMILY~2.EXE" https://www.myheritage.com/FP/API/FTB/ftb-api.php --data "@C:\Users\Eric\AppData\Roaming\MYHERI~1\Temp\dat120.tmp" --progress-bar --output "C:\Users\Eric\AppData\Roaming\MYHERI~1\Temp\out121.tmp" --stderr "C:\Users\Eric\AppData\Roaming\MYHERI~1\Temp\err122.tmp" --ssl-no-revoke -A "Family Tree Builder 8.0.0.8397"
---DATA:---
action=api-sync-pre-sync&site_admin=ericrborsheim@gmail.com&site_pwd=53d384b89203627f686e06fb83b9fc4bc572ec2c&project_guid=57FCA7416EAD763E2E06995A33EE916F&publishing_guid=&revision=0&client_program_version=8.0.0.8397&site_id=364175731&computer_name=DESKTOP-G4N757J&bin_log_transaction_offset=0
------------------------------------------------------------------------------------
[29 AUG 2017 15:02:36 GMT-8] Pre-Sync Connection result:
0 (WAIT_OBJECT_0)

------------------------------------------------------------------------------------
[29 AUG 2017 15:02:36 GMT-8] Pre-Sync Response:
<?xml version="1.0"?>
<Pre-sync site_id="364175731" project_guid="57FCA7416EAD763E2E06995A33EE916F" client_revision="0" is_synced_with_ftb="0"/>


====================================================================================
[29 AUG 2017 15:02:36 GMT-8] Downloading Binlog Commands - Preparing for execution...

====================================================================================
[29 AUG 2017 15:02:36 GMT-8] Downloading Binlog Commands Request:
"C:\PROGRA~2\MYHERI~1\Bin\FAMILY~2.EXE" https://www.myheritage.com/FP/API/FTB/ftb-api.php --data "@C:\Users\Eric\AppData\Roaming\MYHERI~1\Temp\datA1B.tmp" --output "C:\Users\Eric\AppData\Roaming\MYHERI~1\Temp\outA1C.tmp" --stderr "C:\Users\Eric\AppData\Roaming\MYHERI~1\Temp\errA1D.tmp" --ssl-no-revoke -A "Family Tree Builder 8.0.0.8397"
---DATA:---
action=api-sync-get-bin-log-transactions&site_admin=ericrborsheim@gmail.com&site_pwd=53d384b89203627f686e06fb83b9fc4bc572ec2c&site_id=364175731&client_program_version=8.0.0.8397&project_guid=57FCA7416EAD763E2E06995A33EE916F&revision=0&offset=0&limit=1
------------------------------------------------------------------------------------
[29 AUG 2017 15:02:37 GMT-8] Downloading Binlog Commands Connection result:
0 (WAIT_OBJECT_0)

------------------------------------------------------------------------------------
[29 AUG 2017 15:02:37 GMT-8] Downloading Binlog Commands Response:
<?xml version="1.0"?>
<Get-bin-log-transactions site_id="364175731" project_guid="57FCA7416EAD763E2E06995A33EE916F" client_revision="0" is_synced_with_ftb="0" total="0">
  <transactions/>
</Get-bin-log-transactions>


====================================================================================
[1 SEP 2017 15:04:41 GMT-8] Pre-Sync - Preparing for execution...

====================================================================================
[1 SEP 2017 15:04:41 GMT-8] Pre-Sync Request:
"C:\PROGRA~2\MYHERI~1\Bin\FAMILY~2.EXE" https://www.myheritage.com/FP/API/FTB/ftb-api.php --data "@C:\Users\Eric\AppData\Roaming\MYHERI~1\Temp\dat632.tmp" --progress-bar --output "C:\Users\Eric\AppData\Roaming\MYHERI~1\Temp\out633.tmp" --stderr "C:\Users\Eric\AppData\Roaming\MYHERI~1\Temp\err634.tmp" --ssl-no-revoke -A "Family Tree Builder 8.0.0.8397"
---DATA:---
action=api-sync-pre-sync&site_admin=ericrborsheim@gmail.com&site_pwd=53d384b89203627f686e06fb83b9fc4bc572ec2c&project_guid=57FCA7416EAD763E2E06995A33EE916F&publishing_guid=&revision=0&client_program_version=8.0.0.8397&site_id=364175731&computer_name=DESKTOP-G4N757J&bin_log_transaction_offset=0
------------------------------------------------------------------------------------
[1 SEP 2017 15:04:43 GMT-8] Pre-Sync Connection result:
0 (WAIT_OBJECT_0)

------------------------------------------------------------------------------------
[1 SEP 2017 15:04:43 GMT-8] Pre-Sync Response:
<?xml version="1.0"?>
<Pre-sync site_id="364175731" project_guid="57FCA7416EAD763E2E06995A33EE916F" client_revision="0" is_synced_with_ftb="0"/>


====================================================================================
[1 SEP 2017 15:04:43 GMT-8] Downloading Binlog Commands - Preparing for execution...

====================================================================================
[1 SEP 2017 15:04:43 GMT-8] Downloading Binlog Commands Request:
"C:\PROGRA~2\MYHERI~1\Bin\FAMILY~2.EXE" https://www.myheritage.com/FP/API/FTB/ftb-api.php --data "@C:\Users\Eric\AppData\Roaming\MYHERI~1\Temp\datF5C.tmp" --output "C:\Users\Eric\AppData\Roaming\MYHERI~1\Temp\outF5D.tmp" --stderr "C:\Users\Eric\AppData\Roaming\MYHERI~1\Temp\errF5E.tmp" --ssl-no-revoke -A "Family Tree Builder 8.0.0.8397"
---DATA:---
action=api-sync-get-bin-log-transactions&site_admin=ericrborsheim@gmail.com&site_pwd=53d384b89203627f686e06fb83b9fc4bc572ec2c&site_id=364175731&client_program_version=8.0.0.8397&project_guid=57FCA7416EAD763E2E06995A33EE916F&revision=0&offset=0&limit=1
------------------------------------------------------------------------------------
[1 SEP 2017 15:04:44 GMT-8] Downloading Binlog Commands Connection result:
0 (WAIT_OBJECT_0)

------------------------------------------------------------------------------------
[1 SEP 2017 15:04:44 GMT-8] Downloading Binlog Commands Response:
<?xml version="1.0"?>
<Get-bin-log-transactions site_id="364175731" project_guid="57FCA7416EAD763E2E06995A33EE916F" client_revision="0" is_synced_with_ftb="0" total="0">
  <transactions/>
</Get-bin-log-transactions>


====================================================================================
[4 SEP 2017 16:47:46 GMT-8] Pre-Sync - Preparing for execution...

====================================================================================
[4 SEP 2017 16:47:46 GMT-8] Pre-Sync Request:
"C:\PROGRA~2\MYHERI~1\Bin\FAMILY~2.EXE" https://www.myheritage.com/FP/API/FTB/ftb-api.php --data "@C:\Users\Eric\AppData\Roaming\MYHERI~1\Temp\dat7A5D.tmp" --progress-bar --output "C:\Users\Eric\AppData\Roaming\MYHERI~1\Temp\out7A8C.tmp" --stderr "C:\Users\Eric\AppData\Roaming\MYHERI~1\Temp\err7A8D.tmp" --ssl-no-revoke -A "Family Tree Builder 8.0.0.8397"
---DATA:---
action=api-sync-pre-sync&site_admin=ericrborsheim@gmail.com&site_pwd=53d384b89203627f686e06fb83b9fc4bc572ec2c&project_guid=57FCA7416EAD763E2E06995A33EE916F&publishing_guid=&revision=0&client_program_version=8.0.0.8397&site_id=364175731&computer_name=DESKTOP-G4N757J&bin_log_transaction_offset=0
------------------------------------------------------------------------------------
[4 SEP 2017 16:47:47 GMT-8] Pre-Sync Connection result:
0 (WAIT_OBJECT_0)

------------------------------------------------------------------------------------
[4 SEP 2017 16:47:47 GMT-8] Pre-Sync Response:
<?xml version="1.0"?>
<Pre-sync site_id="364175731" project_guid="57FCA7416EAD763E2E06995A33EE916F" client_revision="0" is_synced_with_ftb="0"/>


====================================================================================
[4 SEP 2017 16:47:47 GMT-8] Downloading Binlog Commands - Preparing for execution...

====================================================================================
[4 SEP 2017 16:47:48 GMT-8] Downloading Binlog Commands Request:
"C:\PROGRA~2\MYHERI~1\Bin\FAMILY~2.EXE" https://www.myheritage.com/FP/API/FTB/ftb-api.php --data "@C:\Users\Eric\AppData\Roaming\MYHERI~1\Temp\dat8164.tmp" --output "C:\Users\Eric\AppData\Roaming\MYHERI~1\Temp\out8165.tmp" --stderr "C:\Users\Eric\AppData\Roaming\MYHERI~1\Temp\err8166.tmp" --ssl-no-revoke -A "Family Tree Builder 8.0.0.8397"
---DATA:---
action=api-sync-get-bin-log-transactions&site_admin=ericrborsheim@gmail.com&site_pwd=53d384b89203627f686e06fb83b9fc4bc572ec2c&site_id=364175731&client_program_version=8.0.0.8397&project_guid=57FCA7416EAD763E2E06995A33EE916F&revision=0&offset=0&limit=1
------------------------------------------------------------------------------------
[4 SEP 2017 16:47:48 GMT-8] Downloading Binlog Commands Connection result:
0 (WAIT_OBJECT_0)

------------------------------------------------------------------------------------
[4 SEP 2017 16:47:48 GMT-8] Downloading Binlog Commands Response:
<?xml version="1.0"?>
<Get-bin-log-transactions site_id="364175731" project_guid="57FCA7416EAD763E2E06995A33EE916F" client_revision="0" is_synced_with_ftb="0" total="0">
  <transactions/>
</Get-bin-log-transactions>


====================================================================================
[8 SEP 2017 03:21:36 GMT-8] Pre-Sync - Preparing for execution...

====================================================================================
[8 SEP 2017 03:21:36 GMT-8] Pre-Sync Request:
"C:\PROGRA~2\MYHERI~1\Bin\FAMILY~2.EXE" https://www.myheritage.com/FP/API/FTB/ftb-api.php --data "@C:\Users\Eric\AppData\Roaming\MYHERI~1\Temp\datD2FF.tmp" --progress-bar --output "C:\Users\Eric\AppData\Roaming\MYHERI~1\Temp\outD300.tmp" --stderr "C:\Users\Eric\AppData\Roaming\MYHERI~1\Temp\errD301.tmp" --ssl-no-revoke -A "Family Tree Builder 8.0.0.8397"
---DATA:---
action=api-sync-pre-sync&site_admin=ericrborsheim@gmail.com&site_pwd=53d384b89203627f686e06fb83b9fc4bc572ec2c&project_guid=57FCA7416EAD763E2E06995A33EE916F&publishing_guid=&revision=0&client_program_version=8.0.0.8397&site_id=364175731&computer_name=DESKTOP-G4N757J&bin_log_transaction_offset=0
------------------------------------------------------------------------------------
[8 SEP 2017 03:21:38 GMT-8] Pre-Sync Connection result:
0 (WAIT_OBJECT_0)

------------------------------------------------------------------------------------
[8 SEP 2017 03:21:38 GMT-8] Pre-Sync Response:
<?xml version="1.0"?>
<Pre-sync site_id="364175731" project_guid="57FCA7416EAD763E2E06995A33EE916F" client_revision="0" is_synced_with_ftb="0"/>


====================================================================================
[8 SEP 2017 03:21:38 GMT-8] Downloading Binlog Commands - Preparing for execution...

====================================================================================
[8 SEP 2017 03:21:38 GMT-8] Downloading Binlog Commands Request:
"C:\PROGRA~2\MYHERI~1\Bin\FAMILY~2.EXE" https://www.myheritage.com/FP/API/FTB/ftb-api.php --data "@C:\Users\Eric\AppData\Roaming\MYHERI~1\Temp\datDA84.tmp" --output "C:\Users\Eric\AppData\Roaming\MYHERI~1\Temp\outDA85.tmp" --stderr "C:\Users\Eric\AppData\Roaming\MYHERI~1\Temp\errDA86.tmp" --ssl-no-revoke -A "Family Tree Builder 8.0.0.8397"
---DATA:---
action=api-sync-get-bin-log-transactions&site_admin=ericrborsheim@gmail.com&site_pwd=53d384b89203627f686e06fb83b9fc4bc572ec2c&site_id=364175731&client_program_version=8.0.0.8397&project_guid=57FCA7416EAD763E2E06995A33EE916F&revision=0&offset=0&limit=1
------------------------------------------------------------------------------------
[8 SEP 2017 03:21:39 GMT-8] Downloading Binlog Commands Connection result:
0 (WAIT_OBJECT_0)

------------------------------------------------------------------------------------
[8 SEP 2017 03:21:39 GMT-8] Downloading Binlog Commands Response:
<?xml version="1.0"?>
<Get-bin-log-transactions site_id="364175731" project_guid="57FCA7416EAD763E2E06995A33EE916F" client_revision="0" is_synced_with_ftb="0" total="0">
  <transactions/>
</Get-bin-log-transactions>


====================================================================================
[16 SEP 2017 09:26:13 GMT-8] Pre-Sync - Preparing for execution...

====================================================================================
[16 SEP 2017 09:26:14 GMT-8] Pre-Sync Request:
"C:\PROGRA~2\MYHERI~1\Bin\FAMILY~2.EXE" https://www.myheritage.com/FP/API/FTB/ftb-api.php --data "@C:\Users\Eric\AppData\Roaming\MYHERI~1\Temp\dat6A25.tmp" --progress-bar --output "C:\Users\Eric\AppData\Roaming\MYHERI~1\Temp\out6A26.tmp" --stderr "C:\Users\Eric\AppData\Roaming\MYHERI~1\Temp\err6A27.tmp" --ssl-no-revoke -A "Family Tree Builder 8.0.0.8397"
---DATA:---
action=api-sync-pre-sync&site_admin=ericrborsheim@gmail.com&site_pwd=53d384b89203627f686e06fb83b9fc4bc572ec2c&project_guid=57FCA7416EAD763E2E06995A33EE916F&publishing_guid=&revision=0&client_program_version=8.0.0.8397&site_id=364175731&computer_name=DESKTOP-G4N757J&bin_log_transaction_offset=0
------------------------------------------------------------------------------------
[16 SEP 2017 09:26:14 GMT-8] Pre-Sync Connection result:
0 (WAIT_OBJECT_0)

------------------------------------------------------------------------------------
[16 SEP 2017 09:26:14 GMT-8] Pre-Sync Response:
<?xml version="1.0"?>
<Pre-sync site_id="364175731" project_guid="57FCA7416EAD763E2E06995A33EE916F" client_revision="0" is_synced_with_ftb="0"/>


====================================================================================
[16 SEP 2017 09:26:14 GMT-8] Downloading Binlog Commands - Preparing for execution...

====================================================================================
[16 SEP 2017 09:26:14 GMT-8] Downloading Binlog Commands Request:
"C:\PROGRA~2\MYHERI~1\Bin\FAMILY~2.EXE" https://www.myheritage.com/FP/API/FTB/ftb-api.php --data "@C:\Users\Eric\AppData\Roaming\MYHERI~1\Temp\dat6DB2.tmp" --output "C:\Users\Eric\AppData\Roaming\MYHERI~1\Temp\out6DB3.tmp" --stderr "C:\Users\Eric\AppData\Roaming\MYHERI~1\Temp\err6DB4.tmp" --ssl-no-revoke -A "Family Tree Builder 8.0.0.8397"
---DATA:---
action=api-sync-get-bin-log-transactions&site_admin=ericrborsheim@gmail.com&site_pwd=53d384b89203627f686e06fb83b9fc4bc572ec2c&site_id=364175731&client_program_version=8.0.0.8397&project_guid=57FCA7416EAD763E2E06995A33EE916F&revision=0&offset=0&limit=1
------------------------------------------------------------------------------------
[16 SEP 2017 09:26:15 GMT-8] Downloading Binlog Commands Connection result:
0 (WAIT_OBJECT_0)

------------------------------------------------------------------------------------
[16 SEP 2017 09:26:15 GMT-8] Downloading Binlog Commands Response:
<?xml version="1.0"?>
<Get-bin-log-transactions site_id="364175731" project_guid="57FCA7416EAD763E2E06995A33EE916F" client_revision="0" is_synced_with_ftb="0" total="0">
  <transactions/>
</Get-bin-log-transactions>


====================================================================================
[18 SEP 2017 08:19:23 GMT-8] Pre-Sync - Preparing for execution...

====================================================================================
[18 SEP 2017 08:19:23 GMT-8] Pre-Sync Request:
"C:\PROGRA~2\MYHERI~1\Bin\FAMILY~2.EXE" https://www.myheritage.com/FP/API/FTB/ftb-api.php --data "@C:\Users\Eric\AppData\Roaming\MYHERI~1\Temp\datDD21.tmp" --progress-bar --output "C:\Users\Eric\AppData\Roaming\MYHERI~1\Temp\outDD22.tmp" --stderr "C:\Users\Eric\AppData\Roaming\MYHERI~1\Temp\errDD23.tmp" --ssl-no-revoke -A "Family Tree Builder 8.0.0.8397"
---DATA:---
action=api-sync-pre-sync&site_admin=ericrborsheim@gmail.com&site_pwd=53d384b89203627f686e06fb83b9fc4bc572ec2c&project_guid=57FCA7416EAD763E2E06995A33EE916F&publishing_guid=&revision=0&client_program_version=8.0.0.8397&site_id=364175731&computer_name=DESKTOP-G4N757J&bin_log_transaction_offset=0
------------------------------------------------------------------------------------
[18 SEP 2017 08:19:26 GMT-8] Pre-Sync Connection result:
0 (WAIT_OBJECT_0)

------------------------------------------------------------------------------------
[18 SEP 2017 08:19:26 GMT-8] Pre-Sync Response:
<?xml version="1.0"?>
<Pre-sync site_id="364175731" project_guid="57FCA7416EAD763E2E06995A33EE916F" client_revision="0" is_synced_with_ftb="0"/>


====================================================================================
[18 SEP 2017 08:19:26 GMT-8] Downloading Binlog Commands - Preparing for execution...

====================================================================================
[18 SEP 2017 08:19:26 GMT-8] Downloading Binlog Commands Request:
"C:\PROGRA~2\MYHERI~1\Bin\FAMILY~2.EXE" https://www.myheritage.com/FP/API/FTB/ftb-api.php --data "@C:\Users\Eric\AppData\Roaming\MYHERI~1\Temp\datE85F.tmp" --output "C:\Users\Eric\AppData\Roaming\MYHERI~1\Temp\outE860.tmp" --stderr "C:\Users\Eric\AppData\Roaming\MYHERI~1\Temp\errE861.tmp" --ssl-no-revoke -A "Family Tree Builder 8.0.0.8397"
---DATA:---
action=api-sync-get-bin-log-transactions&site_admin=ericrborsheim@gmail.com&site_pwd=53d384b89203627f686e06fb83b9fc4bc572ec2c&site_id=364175731&client_program_version=8.0.0.8397&project_guid=57FCA7416EAD763E2E06995A33EE916F&revision=0&offset=0&limit=1
------------------------------------------------------------------------------------
[18 SEP 2017 08:19:27 GMT-8] Downloading Binlog Commands Connection result:
0 (WAIT_OBJECT_0)

------------------------------------------------------------------------------------
[18 SEP 2017 08:19:27 GMT-8] Downloading Binlog Commands Response:
<?xml version="1.0"?>
<Get-bin-log-transactions site_id="364175731" project_guid="57FCA7416EAD763E2E06995A33EE916F" client_revision="0" is_synced_with_ftb="0" total="0">
  <transactions/>
</Get-bin-log-transactions>


====================================================================================
[19 SEP 2017 08:04:23 GMT-8] Pre-Sync - Preparing for execution...

====================================================================================
[19 SEP 2017 08:04:23 GMT-8] Pre-Sync Request:
"C:\PROGRA~2\MYHERI~1\Bin\FAMILY~2.EXE" https://www.myheritage.com/FP/API/FTB/ftb-api.php --data "@C:\Users\Eric\AppData\Roaming\MYHERI~1\Temp\dat7EF2.tmp" --progress-bar --output "C:\Users\Eric\AppData\Roaming\MYHERI~1\Temp\out7F03.tmp" --stderr "C:\Users\Eric\AppData\Roaming\MYHERI~1\Temp\err7F04.tmp" --ssl-no-revoke -A "Family Tree Builder 8.0.0.8397"
---DATA:---
action=api-sync-pre-sync&site_admin=ericrborsheim@gmail.com&site_pwd=53d384b89203627f686e06fb83b9fc4bc572ec2c&project_guid=57FCA7416EAD763E2E06995A33EE916F&publishing_guid=&revision=0&client_program_version=8.0.0.8397&site_id=364175731&computer_name=DESKTOP-G4N757J&bin_log_transaction_offset=0
------------------------------------------------------------------------------------
[19 SEP 2017 08:04:24 GMT-8] Pre-Sync Connection result:
0 (WAIT_OBJECT_0)

------------------------------------------------------------------------------------
[19 SEP 2017 08:04:24 GMT-8] Pre-Sync Response:
<?xml version="1.0"?>
<Pre-sync site_id="364175731" project_guid="57FCA7416EAD763E2E06995A33EE916F" client_revision="0" is_synced_with_ftb="0"/>


====================================================================================
[19 SEP 2017 08:04:24 GMT-8] Downloading Binlog Commands - Preparing for execution...

====================================================================================
[19 SEP 2017 08:04:24 GMT-8] Downloading Binlog Commands Request:
"C:\PROGRA~2\MYHERI~1\Bin\FAMILY~2.EXE" https://www.myheritage.com/FP/API/FTB/ftb-api.php --data "@C:\Users\Eric\AppData\Roaming\MYHERI~1\Temp\dat8270.tmp" --output "C:\Users\Eric\AppData\Roaming\MYHERI~1\Temp\out8271.tmp" --stderr "C:\Users\Eric\AppData\Roaming\MYHERI~1\Temp\err8272.tmp" --ssl-no-revoke -A "Family Tree Builder 8.0.0.8397"
---DATA:---
action=api-sync-get-bin-log-transactions&site_admin=ericrborsheim@gmail.com&site_pwd=53d384b89203627f686e06fb83b9fc4bc572ec2c&site_id=364175731&client_program_version=8.0.0.8397&project_guid=57FCA7416EAD763E2E06995A33EE916F&revision=0&offset=0&limit=1
------------------------------------------------------------------------------------
[19 SEP 2017 08:04:25 GMT-8] Downloading Binlog Commands Connection result:
0 (WAIT_OBJECT_0)

------------------------------------------------------------------------------------
[19 SEP 2017 08:04:25 GMT-8] Downloading Binlog Commands Response:
<?xml version="1.0"?>
<Get-bin-log-transactions site_id="364175731" project_guid="57FCA7416EAD763E2E06995A33EE916F" client_revision="0" is_synced_with_ftb="0" total="0">
  <transactions/>
</Get-bin-log-transactions>


====================================================================================
[19 SEP 2017 17:19:21 GMT-8] Pre-Sync - Preparing for execution...

====================================================================================
[19 SEP 2017 17:19:22 GMT-8] Pre-Sync Request:
"C:\PROGRA~2\MYHERI~1\Bin\FAMILY~2.EXE" https://www.myheritage.com/FP/API/FTB/ftb-api.php --data "@C:\Users\Eric\AppData\Roaming\MYHERI~1\Temp\dat960D.tmp" --progress-bar --output "C:\Users\Eric\AppData\Roaming\MYHERI~1\Temp\out960E.tmp" --stderr "C:\Users\Eric\AppData\Roaming\MYHERI~1\Temp\err960F.tmp" --ssl-no-revoke -A "Family Tree Builder 8.0.0.8397"
---DATA:---
action=api-sync-pre-sync&site_admin=ericrborsheim@gmail.com&site_pwd=53d384b89203627f686e06fb83b9fc4bc572ec2c&project_guid=57FCA7416EAD763E2E06995A33EE916F&publishing_guid=&revision=0&client_program_version=8.0.0.8397&site_id=364175731&computer_name=DESKTOP-G4N757J&bin_log_transaction_offset=0
------------------------------------------------------------------------------------
[19 SEP 2017 17:19:23 GMT-8] Pre-Sync Connection result:
0 (WAIT_OBJECT_0)

------------------------------------------------------------------------------------
[19 SEP 2017 17:19:23 GMT-8] Pre-Sync Response:
<?xml version="1.0"?>
<Pre-sync site_id="364175731" project_guid="57FCA7416EAD763E2E06995A33EE916F" client_revision="0" is_synced_with_ftb="0"/>


====================================================================================
[19 SEP 2017 17:19:23 GMT-8] Downloading Binlog Commands - Preparing for execution...

====================================================================================
[19 SEP 2017 17:19:23 GMT-8] Downloading Binlog Commands Request:
"C:\PROGRA~2\MYHERI~1\Bin\FAMILY~2.EXE" https://www.myheritage.com/FP/API/FTB/ftb-api.php --data "@C:\Users\Eric\AppData\Roaming\MYHERI~1\Temp\dat9A37.tmp" --output "C:\Users\Eric\AppData\Roaming\MYHERI~1\Temp\out9A38.tmp" --stderr "C:\Users\Eric\AppData\Roaming\MYHERI~1\Temp\err9A39.tmp" --ssl-no-revoke -A "Family Tree Builder 8.0.0.8397"
---DATA:---
action=api-sync-get-bin-log-transactions&site_admin=ericrborsheim@gmail.com&site_pwd=53d384b89203627f686e06fb83b9fc4bc572ec2c&site_id=364175731&client_program_version=8.0.0.8397&project_guid=57FCA7416EAD763E2E06995A33EE916F&revision=0&offset=0&limit=1
------------------------------------------------------------------------------------
[19 SEP 2017 17:19:23 GMT-8] Downloading Binlog Commands Connection result:
0 (WAIT_OBJECT_0)

------------------------------------------------------------------------------------
[19 SEP 2017 17:19:23 GMT-8] Downloading Binlog Commands Response:
<?xml version="1.0"?>
<Get-bin-log-transactions site_id="364175731" project_guid="57FCA7416EAD763E2E06995A33EE916F" client_revision="0" is_synced_with_ftb="0" total="0">
  <transactions/>
</Get-bin-log-transactions>


====================================================================================
[19 SEP 2017 21:41:47 GMT-8] Pre-Sync - Preparing for execution...

====================================================================================
[19 SEP 2017 21:41:47 GMT-8] Pre-Sync Request:
"C:\PROGRA~2\MYHERI~1\Bin\FAMILY~2.EXE" https://www.myheritage.com/FP/API/FTB/ftb-api.php --data "@C:\Users\Eric\AppData\Roaming\MYHERI~1\Temp\datD8A5.tmp" --progress-bar --output "C:\Users\Eric\AppData\Roaming\MYHERI~1\Temp\outD8A6.tmp" --stderr "C:\Users\Eric\AppData\Roaming\MYHERI~1\Temp\errD8A7.tmp" --ssl-no-revoke -A "Family Tree Builder 8.0.0.8397"
---DATA:---
action=api-sync-pre-sync&site_admin=ericrborsheim@gmail.com&site_pwd=53d384b89203627f686e06fb83b9fc4bc572ec2c&project_guid=57FCA7416EAD763E2E06995A33EE916F&publishing_guid=&revision=0&client_program_version=8.0.0.8397&site_id=364175731&computer_name=DESKTOP-G4N757J&bin_log_transaction_offset=0
------------------------------------------------------------------------------------
[19 SEP 2017 21:41:50 GMT-8] Pre-Sync Connection result:
0 (WAIT_OBJECT_0)

------------------------------------------------------------------------------------
[19 SEP 2017 21:41:50 GMT-8] Pre-Sync Response:
<?xml version="1.0"?>
<Pre-sync site_id="364175731" project_guid="57FCA7416EAD763E2E06995A33EE916F" client_revision="0" is_synced_with_ftb="0"/>


====================================================================================
[19 SEP 2017 21:41:50 GMT-8] Downloading Binlog Commands - Preparing for execution...

====================================================================================
[19 SEP 2017 21:41:50 GMT-8] Downloading Binlog Commands Request:
"C:\PROGRA~2\MYHERI~1\Bin\FAMILY~2.EXE" https://www.myheritage.com/FP/API/FTB/ftb-api.php --data "@C:\Users\Eric\AppData\Roaming\MYHERI~1\Temp\datE327.tmp" --output "C:\Users\Eric\AppData\Roaming\MYHERI~1\Temp\outE328.tmp" --stderr "C:\Users\Eric\AppData\Roaming\MYHERI~1\Temp\errE329.tmp" --ssl-no-revoke -A "Family Tree Builder 8.0.0.8397"
---DATA:---
action=api-sync-get-bin-log-transactions&site_admin=ericrborsheim@gmail.com&site_pwd=53d384b89203627f686e06fb83b9fc4bc572ec2c&site_id=364175731&client_program_version=8.0.0.8397&project_guid=57FCA7416EAD763E2E06995A33EE916F&revision=0&offset=0&limit=1
------------------------------------------------------------------------------------
[19 SEP 2017 21:41:50 GMT-8] Downloading Binlog Commands Connection result:
0 (WAIT_OBJECT_0)

------------------------------------------------------------------------------------
[19 SEP 2017 21:41:50 GMT-8] Downloading Binlog Commands Response:
<?xml version="1.0"?>
<Get-bin-log-transactions site_id="364175731" project_guid="57FCA7416EAD763E2E06995A33EE916F" client_revision="0" is_synced_with_ftb="0" total="0">
  <transactions/>
</Get-bin-log-transactions>


====================================================================================
[21 SEP 2017 19:07:58 GMT-8] Pre-Sync - Preparing for execution...

====================================================================================
[21 SEP 2017 19:07:59 GMT-8] Pre-Sync Request:
"C:\PROGRA~2\MYHERI~1\Bin\FAMILY~2.EXE" https://www.myheritage.com/FP/API/FTB/ftb-api.php --data "@C:\Users\Eric\AppData\Roaming\MYHERI~1\Temp\datBF54.tmp" --progress-bar --output "C:\Users\Eric\AppData\Roaming\MYHERI~1\Temp\outBF55.tmp" --stderr "C:\Users\Eric\AppData\Roaming\MYHERI~1\Temp\errBF56.tmp" --ssl-no-revoke -A "Family Tree Builder 8.0.0.8397"
---DATA:---
action=api-sync-pre-sync&site_admin=ericrborsheim@gmail.com&site_pwd=53d384b89203627f686e06fb83b9fc4bc572ec2c&project_guid=57FCA7416EAD763E2E06995A33EE916F&publishing_guid=&revision=0&client_program_version=8.0.0.8397&site_id=364175731&computer_name=DESKTOP-G4N757J&bin_log_transaction_offset=0
------------------------------------------------------------------------------------
[21 SEP 2017 19:07:59 GMT-8] Pre-Sync Connection result:
0 (WAIT_OBJECT_0)

------------------------------------------------------------------------------------
[21 SEP 2017 19:07:59 GMT-8] Pre-Sync Response:
<?xml version="1.0"?>
<Pre-sync site_id="364175731" project_guid="57FCA7416EAD763E2E06995A33EE916F" client_revision="0" is_synced_with_ftb="0"/>


====================================================================================
[21 SEP 2017 19:07:59 GMT-8] Downloading Binlog Commands - Preparing for execution...

====================================================================================
[21 SEP 2017 19:07:59 GMT-8] Downloading Binlog Commands Request:
"C:\PROGRA~2\MYHERI~1\Bin\FAMILY~2.EXE" https://www.myheritage.com/FP/API/FTB/ftb-api.php --data "@C:\Users\Eric\AppData\Roaming\MYHERI~1\Temp\datC1B8.tmp" --output "C:\Users\Eric\AppData\Roaming\MYHERI~1\Temp\outC1B9.tmp" --stderr "C:\Users\Eric\AppData\Roaming\MYHERI~1\Temp\errC1BA.tmp" --ssl-no-revoke -A "Family Tree Builder 8.0.0.8397"
---DATA:---
action=api-sync-get-bin-log-transactions&site_admin=ericrborsheim@gmail.com&site_pwd=53d384b89203627f686e06fb83b9fc4bc572ec2c&site_id=364175731&client_program_version=8.0.0.8397&project_guid=57FCA7416EAD763E2E06995A33EE916F&revision=0&offset=0&limit=1
------------------------------------------------------------------------------------
[21 SEP 2017 19:08:00 GMT-8] Downloading Binlog Commands Connection result:
0 (WAIT_OBJECT_0)

------------------------------------------------------------------------------------
[21 SEP 2017 19:08:00 GMT-8] Downloading Binlog Commands Response:
<?xml version="1.0"?>
<Get-bin-log-transactions site_id="364175731" project_guid="57FCA7416EAD763E2E06995A33EE916F" client_revision="0" is_synced_with_ftb="0" total="0">
  <transactions/>
</Get-bin-log-transactions>


====================================================================================
[22 SEP 2017 10:32:02 GMT-8] Pre-Sync - Preparing for execution...

====================================================================================
[22 SEP 2017 10:32:03 GMT-8] Pre-Sync Request:
"C:\PROGRA~2\MYHERI~1\Bin\FAMILY~2.EXE" https://www.myheritage.com/FP/API/FTB/ftb-api.php --data "@C:\Users\Eric\AppData\Roaming\MYHERI~1\Temp\datC164.tmp" --progress-bar --output "C:\Users\Eric\AppData\Roaming\MYHERI~1\Temp\outC165.tmp" --stderr "C:\Users\Eric\AppData\Roaming\MYHERI~1\Temp\errC176.tmp" --ssl-no-revoke -A "Family Tree Builder 8.0.0.8397"
---DATA:---
action=api-sync-pre-sync&site_admin=ericrborsheim@gmail.com&site_pwd=53d384b89203627f686e06fb83b9fc4bc572ec2c&project_guid=57FCA7416EAD763E2E06995A33EE916F&publishing_guid=&revision=0&client_program_version=8.0.0.8397&site_id=364175731&computer_name=DESKTOP-G4N757J&bin_log_transaction_offset=0
------------------------------------------------------------------------------------
[22 SEP 2017 10:32:03 GMT-8] Pre-Sync Connection result:
0 (WAIT_OBJECT_0)

------------------------------------------------------------------------------------
[22 SEP 2017 10:32:03 GMT-8] Pre-Sync Response:
<?xml version="1.0"?>
<Pre-sync site_id="364175731" project_guid="57FCA7416EAD763E2E06995A33EE916F" client_revision="0" is_synced_with_ftb="0"/>


====================================================================================
[22 SEP 2017 10:32:03 GMT-8] Downloading Binlog Commands - Preparing for execution...

====================================================================================
[22 SEP 2017 10:32:03 GMT-8] Downloading Binlog Commands Request:
"C:\PROGRA~2\MYHERI~1\Bin\FAMILY~2.EXE" https://www.myheritage.com/FP/API/FTB/ftb-api.php --data "@C:\Users\Eric\AppData\Roaming\MYHERI~1\Temp\datC4D2.tmp" --output "C:\Users\Eric\AppData\Roaming\MYHERI~1\Temp\outC4E3.tmp" --stderr "C:\Users\Eric\AppData\Roaming\MYHERI~1\Temp\errC4E4.tmp" --ssl-no-revoke -A "Family Tree Builder 8.0.0.8397"
---DATA:---
action=api-sync-get-bin-log-transactions&site_admin=ericrborsheim@gmail.com&site_pwd=53d384b89203627f686e06fb83b9fc4bc572ec2c&site_id=364175731&client_program_version=8.0.0.8397&project_guid=57FCA7416EAD763E2E06995A33EE916F&revision=0&offset=0&limit=1
------------------------------------------------------------------------------------
[22 SEP 2017 10:32:04 GMT-8] Downloading Binlog Commands Connection result:
0 (WAIT_OBJECT_0)

------------------------------------------------------------------------------------
[22 SEP 2017 10:32:04 GMT-8] Downloading Binlog Commands Response:
<?xml version="1.0"?>
<Get-bin-log-transactions site_id="364175731" project_guid="57FCA7416EAD763E2E06995A33EE916F" client_revision="0" is_synced_with_ftb="0" total="0">
  <transactions/>
</Get-bin-log-transactions>


====================================================================================
[23 SEP 2017 19:47:17 GMT-8] Pre-Sync - Preparing for execution...

====================================================================================
[23 SEP 2017 19:47:17 GMT-8] Pre-Sync Request:
"C:\PROGRA~2\MYHERI~1\Bin\FAMILY~2.EXE" https://www.myheritage.com/FP/API/FTB/ftb-api.php --data "@C:\Users\Eric\AppData\Roaming\MYHERI~1\Temp\datB296.tmp" --progress-bar --output "C:\Users\Eric\AppData\Roaming\MYHERI~1\Temp\outB297.tmp" --stderr "C:\Users\Eric\AppData\Roaming\MYHERI~1\Temp\errB298.tmp" --ssl-no-revoke -A "Family Tree Builder 8.0.0.8397"
---DATA:---
action=api-sync-pre-sync&site_admin=ericrborsheim@gmail.com&site_pwd=53d384b89203627f686e06fb83b9fc4bc572ec2c&project_guid=57FCA7416EAD763E2E06995A33EE916F&publishing_guid=&revision=0&client_program_version=8.0.0.8397&site_id=364175731&computer_name=DESKTOP-G4N757J&bin_log_transaction_offset=0
------------------------------------------------------------------------------------
[23 SEP 2017 19:47:19 GMT-8] Pre-Sync Connection result:
0 (WAIT_OBJECT_0)

------------------------------------------------------------------------------------
[23 SEP 2017 19:47:19 GMT-8] Pre-Sync Response:
<?xml version="1.0"?>
<Pre-sync site_id="364175731" project_guid="57FCA7416EAD763E2E06995A33EE916F" client_revision="0" is_synced_with_ftb="0"/>


====================================================================================
[23 SEP 2017 19:47:19 GMT-8] Downloading Binlog Commands - Preparing for execution...

====================================================================================
[23 SEP 2017 19:47:19 GMT-8] Downloading Binlog Commands Request:
"C:\PROGRA~2\MYHERI~1\Bin\FAMILY~2.EXE" https://www.myheritage.com/FP/API/FTB/ftb-api.php --data "@C:\Users\Eric\AppData\Roaming\MYHERI~1\Temp\datB8D2.tmp" --output "C:\Users\Eric\AppData\Roaming\MYHERI~1\Temp\outB8E3.tmp" --stderr "C:\Users\Eric\AppData\Roaming\MYHERI~1\Temp\errB8E4.tmp" --ssl-no-revoke -A "Family Tree Builder 8.0.0.8397"
---DATA:---
action=api-sync-get-bin-log-transactions&site_admin=ericrborsheim@gmail.com&site_pwd=53d384b89203627f686e06fb83b9fc4bc572ec2c&site_id=364175731&client_program_version=8.0.0.8397&project_guid=57FCA7416EAD763E2E06995A33EE916F&revision=0&offset=0&limit=1
------------------------------------------------------------------------------------
[23 SEP 2017 19:47:20 GMT-8] Downloading Binlog Commands Connection result:
0 (WAIT_OBJECT_0)

------------------------------------------------------------------------------------
[23 SEP 2017 19:47:20 GMT-8] Downloading Binlog Commands Response:
<?xml version="1.0"?>
<Get-bin-log-transactions site_id="364175731" project_guid="57FCA7416EAD763E2E06995A33EE916F" client_revision="0" is_synced_with_ftb="0" total="0">
  <transactions/>
</Get-bin-log-transactions>


====================================================================================
[26 SEP 2017 17:34:04 GMT-8] Pre-Sync - Preparing for execution...

====================================================================================
[26 SEP 2017 17:34:04 GMT-8] Pre-Sync Request:
"C:\PROGRA~2\MYHERI~1\Bin\FAMILY~2.EXE" https://www.myheritage.com/FP/API/FTB/ftb-api.php --data "@C:\Users\Eric\AppData\Roaming\MYHERI~1\Temp\datCD9F.tmp" --progress-bar --output "C:\Users\Eric\AppData\Roaming\MYHERI~1\Temp\outCDEE.tmp" --stderr "C:\Users\Eric\AppData\Roaming\MYHERI~1\Temp\errCDFF.tmp" --ssl-no-revoke -A "Family Tree Builder 8.0.0.8397"
---DATA:---
action=api-sync-pre-sync&site_admin=ericrborsheim@gmail.com&site_pwd=53d384b89203627f686e06fb83b9fc4bc572ec2c&project_guid=57FCA7416EAD763E2E06995A33EE916F&publishing_guid=&revision=0&client_program_version=8.0.0.8397&site_id=364175731&computer_name=DESKTOP-G4N757J&bin_log_transaction_offset=0
------------------------------------------------------------------------------------
[26 SEP 2017 17:34:07 GMT-8] Pre-Sync Connection result:
0 (WAIT_OBJECT_0)

------------------------------------------------------------------------------------
[26 SEP 2017 17:34:07 GMT-8] Pre-Sync Response:
<?xml version="1.0"?>
<Pre-sync site_id="364175731" project_guid="57FCA7416EAD763E2E06995A33EE916F" client_revision="0" is_synced_with_ftb="0"/>


====================================================================================
[26 SEP 2017 17:34:07 GMT-8] Downloading Binlog Commands - Preparing for execution...

====================================================================================
[26 SEP 2017 17:34:07 GMT-8] Downloading Binlog Commands Request:
"C:\PROGRA~2\MYHERI~1\Bin\FAMILY~2.EXE" https://www.myheritage.com/FP/API/FTB/ftb-api.php --data "@C:\Users\Eric\AppData\Roaming\MYHERI~1\Temp\datDC67.tmp" --output "C:\Users\Eric\AppData\Roaming\MYHERI~1\Temp\outDC68.tmp" --stderr "C:\Users\Eric\AppData\Roaming\MYHERI~1\Temp\errDC69.tmp" --ssl-no-revoke -A "Family Tree Builder 8.0.0.8397"
---DATA:---
action=api-sync-get-bin-log-transactions&site_admin=ericrborsheim@gmail.com&site_pwd=53d384b89203627f686e06fb83b9fc4bc572ec2c&site_id=364175731&client_program_version=8.0.0.8397&project_guid=57FCA7416EAD763E2E06995A33EE916F&revision=0&offset=0&limit=1
------------------------------------------------------------------------------------
[26 SEP 2017 17:34:08 GMT-8] Downloading Binlog Commands Connection result:
0 (WAIT_OBJECT_0)

------------------------------------------------------------------------------------
[26 SEP 2017 17:34:08 GMT-8] Downloading Binlog Commands Response:
<?xml version="1.0"?>
<Get-bin-log-transactions site_id="364175731" project_guid="57FCA7416EAD763E2E06995A33EE916F" client_revision="0" is_synced_with_ftb="0" total="0">
  <transactions/>
</Get-bin-log-transactions>


====================================================================================
[27 SEP 2017 13:46:41 GMT-8] Pre-Sync - Preparing for execution...

====================================================================================
[27 SEP 2017 13:46:41 GMT-8] Pre-Sync Request:
"C:\PROGRA~2\MYHERI~1\Bin\FAMILY~2.EXE" https://www.myheritage.com/FP/API/FTB/ftb-api.php --data "@C:\Users\Eric\AppData\Roaming\MYHERI~1\Temp\datFE6C.tmp" --progress-bar --output "C:\Users\Eric\AppData\Roaming\MYHERI~1\Temp\outFE8C.tmp" --stderr "C:\Users\Eric\AppData\Roaming\MYHERI~1\Temp\errFE8D.tmp" --ssl-no-revoke -A "Family Tree Builder 8.0.0.8397"
---DATA:---
action=api-sync-pre-sync&site_admin=ericrborsheim@gmail.com&site_pwd=53d384b89203627f686e06fb83b9fc4bc572ec2c&project_guid=57FCA7416EAD763E2E06995A33EE916F&publishing_guid=&revision=0&client_program_version=8.0.0.8397&site_id=364175731&computer_name=DESKTOP-G4N757J&bin_log_transaction_offset=0
------------------------------------------------------------------------------------
[27 SEP 2017 13:46:43 GMT-8] Pre-Sync Connection result:
0 (WAIT_OBJECT_0)

------------------------------------------------------------------------------------
[27 SEP 2017 13:46:43 GMT-8] Pre-Sync Response:
<?xml version="1.0"?>
<Pre-sync site_id="364175731" project_guid="57FCA7416EAD763E2E06995A33EE916F" client_revision="0" is_synced_with_ftb="0"/>


====================================================================================
[27 SEP 2017 13:46:43 GMT-8] Downloading Binlog Commands - Preparing for execution...

====================================================================================
[27 SEP 2017 13:46:43 GMT-8] Downloading Binlog Commands Request:
"C:\PROGRA~2\MYHERI~1\Bin\FAMILY~2.EXE" https://www.myheritage.com/FP/API/FTB/ftb-api.php --data "@C:\Users\Eric\AppData\Roaming\MYHERI~1\Temp\dat5A3.tmp" --output "C:\Users\Eric\AppData\Roaming\MYHERI~1\Temp\out5A4.tmp" --stderr "C:\Users\Eric\AppData\Roaming\MYHERI~1\Temp\err5A5.tmp" --ssl-no-revoke -A "Family Tree Builder 8.0.0.8397"
---DATA:---
action=api-sync-get-bin-log-transactions&site_admin=ericrborsheim@gmail.com&site_pwd=53d384b89203627f686e06fb83b9fc4bc572ec2c&site_id=364175731&client_program_version=8.0.0.8397&project_guid=57FCA7416EAD763E2E06995A33EE916F&revision=0&offset=0&limit=1
------------------------------------------------------------------------------------
[27 SEP 2017 13:46:44 GMT-8] Downloading Binlog Commands Connection result:
0 (WAIT_OBJECT_0)

------------------------------------------------------------------------------------
[27 SEP 2017 13:46:44 GMT-8] Downloading Binlog Commands Response:
<?xml version="1.0"?>
<Get-bin-log-transactions site_id="364175731" project_guid="57FCA7416EAD763E2E06995A33EE916F" client_revision="0" is_synced_with_ftb="0" total="0">
  <transactions/>
</Get-bin-log-transactions>


====================================================================================
[28 SEP 2017 20:45:13 GMT-8] Pre-Sync - Preparing for execution...

====================================================================================
[28 SEP 2017 20:45:13 GMT-8] Pre-Sync Request:
"C:\PROGRA~2\MYHERI~1\Bin\FAMILY~2.EXE" https://www.myheritage.com/FP/API/FTB/ftb-api.php --data "@C:\Users\Eric\AppData\Roaming\MYHERI~1\Temp\dat8965.tmp" --progress-bar --output "C:\Users\Eric\AppData\Roaming\MYHERI~1\Temp\out8966.tmp" --stderr "C:\Users\Eric\AppData\Roaming\MYHERI~1\Temp\err8967.tmp" --ssl-no-revoke -A "Family Tree Builder 8.0.0.8397"
---DATA:---
action=api-sync-pre-sync&site_admin=ericrborsheim@gmail.com&site_pwd=53d384b89203627f686e06fb83b9fc4bc572ec2c&project_guid=57FCA7416EAD763E2E06995A33EE916F&publishing_guid=&revision=0&client_program_version=8.0.0.8397&site_id=364175731&computer_name=DESKTOP-G4N757J&bin_log_transaction_offset=0
------------------------------------------------------------------------------------
[28 SEP 2017 20:45:15 GMT-8] Pre-Sync Connection result:
0 (WAIT_OBJECT_0)

------------------------------------------------------------------------------------
[28 SEP 2017 20:45:15 GMT-8] Pre-Sync Response:
<?xml version="1.0"?>
<Pre-sync site_id="364175731" project_guid="57FCA7416EAD763E2E06995A33EE916F" client_revision="0" is_synced_with_ftb="0"/>


====================================================================================
[28 SEP 2017 20:45:15 GMT-8] Downloading Binlog Commands - Preparing for execution...

====================================================================================
[28 SEP 2017 20:45:15 GMT-8] Downloading Binlog Commands Request:
"C:\PROGRA~2\MYHERI~1\Bin\FAMILY~2.EXE" https://www.myheritage.com/FP/API/FTB/ftb-api.php --data "@C:\Users\Eric\AppData\Roaming\MYHERI~1\Temp\dat9186.tmp" --output "C:\Users\Eric\AppData\Roaming\MYHERI~1\Temp\out9187.tmp" --stderr "C:\Users\Eric\AppData\Roaming\MYHERI~1\Temp\err9188.tmp" --ssl-no-revoke -A "Family Tree Builder 8.0.0.8397"
---DATA:---
action=api-sync-get-bin-log-transactions&site_admin=ericrborsheim@gmail.com&site_pwd=53d384b89203627f686e06fb83b9fc4bc572ec2c&site_id=364175731&client_program_version=8.0.0.8397&project_guid=57FCA7416EAD763E2E06995A33EE916F&revision=0&offset=0&limit=1
------------------------------------------------------------------------------------
[28 SEP 2017 20:45:16 GMT-8] Downloading Binlog Commands Connection result:
0 (WAIT_OBJECT_0)

------------------------------------------------------------------------------------
[28 SEP 2017 20:45:16 GMT-8] Downloading Binlog Commands Response:
<?xml version="1.0"?>
<Get-bin-log-transactions site_id="364175731" project_guid="57FCA7416EAD763E2E06995A33EE916F" client_revision="0" is_synced_with_ftb="0" total="0">
  <transactions/>
</Get-bin-log-transactions>


====================================================================================
[29 SEP 2017 09:28:32 GMT-8] Pre-Sync - Preparing for execution...

====================================================================================
[29 SEP 2017 09:28:33 GMT-8] Pre-Sync Request:
"C:\PROGRA~2\MYHERI~1\Bin\FAMILY~2.EXE" https://www.myheritage.com/FP/API/FTB/ftb-api.php --data "@C:\Users\Eric\AppData\Roaming\MYHERI~1\Temp\dat60C6.tmp" --progress-bar --output "C:\Users\Eric\AppData\Roaming\MYHERI~1\Temp\out60C7.tmp" --stderr "C:\Users\Eric\AppData\Roaming\MYHERI~1\Temp\err60C8.tmp" --ssl-no-revoke -A "Family Tree Builder 8.0.0.8397"
---DATA:---
action=api-sync-pre-sync&site_admin=ericrborsheim@gmail.com&site_pwd=53d384b89203627f686e06fb83b9fc4bc572ec2c&project_guid=57FCA7416EAD763E2E06995A33EE916F&publishing_guid=&revision=0&client_program_version=8.0.0.8397&site_id=364175731&computer_name=DESKTOP-G4N757J&bin_log_transaction_offset=0
------------------------------------------------------------------------------------
[29 SEP 2017 09:28:34 GMT-8] Pre-Sync Connection result:
0 (WAIT_OBJECT_0)

------------------------------------------------------------------------------------
[29 SEP 2017 09:28:34 GMT-8] Pre-Sync Response:
<?xml version="1.0"?>
<Pre-sync site_id="364175731" project_guid="57FCA7416EAD763E2E06995A33EE916F" client_revision="0" is_synced_with_ftb="0"/>


====================================================================================
[29 SEP 2017 09:28:34 GMT-8] Downloading Binlog Commands - Preparing for execution...

====================================================================================
[29 SEP 2017 09:28:34 GMT-8] Downloading Binlog Commands Request:
"C:\PROGRA~2\MYHERI~1\Bin\FAMILY~2.EXE" https://www.myheritage.com/FP/API/FTB/ftb-api.php --data "@C:\Users\Eric\AppData\Roaming\MYHERI~1\Temp\dat653E.tmp" --output "C:\Users\Eric\AppData\Roaming\MYHERI~1\Temp\out653F.tmp" --stderr "C:\Users\Eric\AppData\Roaming\MYHERI~1\Temp\err6540.tmp" --ssl-no-revoke -A "Family Tree Builder 8.0.0.8397"
---DATA:---
action=api-sync-get-bin-log-transactions&site_admin=ericrborsheim@gmail.com&site_pwd=53d384b89203627f686e06fb83b9fc4bc572ec2c&site_id=364175731&client_program_version=8.0.0.8397&project_guid=57FCA7416EAD763E2E06995A33EE916F&revision=0&offset=0&limit=1
------------------------------------------------------------------------------------
[29 SEP 2017 09:28:34 GMT-8] Downloading Binlog Commands Connection result:
0 (WAIT_OBJECT_0)

------------------------------------------------------------------------------------
[29 SEP 2017 09:28:34 GMT-8] Downloading Binlog Commands Response:
<?xml version="1.0"?>
<Get-bin-log-transactions site_id="364175731" project_guid="57FCA7416EAD763E2E06995A33EE916F" client_revision="0" is_synced_with_ftb="0" total="0">
  <transactions/>
</Get-bin-log-transactions>


====================================================================================
[1 OCT 2017 09:24:21 GMT-8] Pre-Sync - Preparing for execution...

====================================================================================
[1 OCT 2017 09:24:21 GMT-8] Pre-Sync Request:
"C:\PROGRA~2\MYHERI~1\Bin\FAMILY~2.EXE" https://www.myheritage.com/FP/API/FTB/ftb-api.php --data "@C:\Users\Eric\AppData\Roaming\MYHERI~1\Temp\dat41DD.tmp" --progress-bar --output "C:\Users\Eric\AppData\Roaming\MYHERI~1\Temp\out41DE.tmp" --stderr "C:\Users\Eric\AppData\Roaming\MYHERI~1\Temp\err41EF.tmp" --ssl-no-revoke -A "Family Tree Builder 8.0.0.8397"
---DATA:---
action=api-sync-pre-sync&site_admin=ericrborsheim@gmail.com&site_pwd=53d384b89203627f686e06fb83b9fc4bc572ec2c&project_guid=57FCA7416EAD763E2E06995A33EE916F&publishing_guid=&revision=0&client_program_version=8.0.0.8397&site_id=364175731&computer_name=DESKTOP-G4N757J&bin_log_transaction_offset=0
------------------------------------------------------------------------------------
[1 OCT 2017 09:24:21 GMT-8] Pre-Sync Connection result:
0 (WAIT_OBJECT_0)

------------------------------------------------------------------------------------
[1 OCT 2017 09:24:21 GMT-8] Pre-Sync Response:
<?xml version="1.0"?>
<Pre-sync site_id="364175731" project_guid="57FCA7416EAD763E2E06995A33EE916F" client_revision="0" is_synced_with_ftb="0"/>


====================================================================================
[1 OCT 2017 09:24:21 GMT-8] Downloading Binlog Commands - Preparing for execution...

====================================================================================
[1 OCT 2017 09:24:21 GMT-8] Downloading Binlog Commands Request:
"C:\PROGRA~2\MYHERI~1\Bin\FAMILY~2.EXE" https://www.myheritage.com/FP/API/FTB/ftb-api.php --data "@C:\Users\Eric\AppData\Roaming\MYHERI~1\Temp\dat4480.tmp" --output "C:\Users\Eric\AppData\Roaming\MYHERI~1\Temp\out4491.tmp" --stderr "C:\Users\Eric\AppData\Roaming\MYHERI~1\Temp\err4492.tmp" --ssl-no-revoke -A "Family Tree Builder 8.0.0.8397"
---DATA:---
action=api-sync-get-bin-log-transactions&site_admin=ericrborsheim@gmail.com&site_pwd=53d384b89203627f686e06fb83b9fc4bc572ec2c&site_id=364175731&client_program_version=8.0.0.8397&project_guid=57FCA7416EAD763E2E06995A33EE916F&revision=0&offset=0&limit=1
------------------------------------------------------------------------------------
[1 OCT 2017 09:24:22 GMT-8] Downloading Binlog Commands Connection result:
0 (WAIT_OBJECT_0)

------------------------------------------------------------------------------------
[1 OCT 2017 09:24:22 GMT-8] Downloading Binlog Commands Response:
<?xml version="1.0"?>
<Get-bin-log-transactions site_id="364175731" project_guid="57FCA7416EAD763E2E06995A33EE916F" client_revision="0" is_synced_with_ftb="0" total="0">
  <transactions/>
</Get-bin-log-transactions>


====================================================================================
[8 OCT 2017 17:35:00 GMT-8] Pre-Sync - Preparing for execution...

====================================================================================
[8 OCT 2017 17:35:00 GMT-8] Pre-Sync Request:
"C:\PROGRA~2\MYHERI~1\Bin\FAMILY~2.EXE" https://www.myheritage.com/FP/API/FTB/ftb-api.php --data "@C:\Users\Eric\AppData\Roaming\MYHERI~1\Temp\dat40F6.tmp" --progress-bar --output "C:\Users\Eric\AppData\Roaming\MYHERI~1\Temp\out40F7.tmp" --stderr "C:\Users\Eric\AppData\Roaming\MYHERI~1\Temp\err40F8.tmp" --ssl-no-revoke -A "Family Tree Builder 8.0.0.8397"
---DATA:---
action=api-sync-pre-sync&site_admin=ericrborsheim@gmail.com&site_pwd=53d384b89203627f686e06fb83b9fc4bc572ec2c&project_guid=57FCA7416EAD763E2E06995A33EE916F&publishing_guid=&revision=0&client_program_version=8.0.0.8397&site_id=364175731&computer_name=DESKTOP-G4N757J&bin_log_transaction_offset=0
------------------------------------------------------------------------------------
[8 OCT 2017 17:35:01 GMT-8] Pre-Sync Connection result:
0 (WAIT_OBJECT_0)

------------------------------------------------------------------------------------
[8 OCT 2017 17:35:01 GMT-8] Pre-Sync Response:
<?xml version="1.0"?>
<Pre-sync site_id="364175731" project_guid="57FCA7416EAD763E2E06995A33EE916F" client_revision="0" is_synced_with_ftb="0"/>


====================================================================================
[8 OCT 2017 17:35:01 GMT-8] Downloading Binlog Commands - Preparing for execution...

====================================================================================
[8 OCT 2017 17:35:01 GMT-8] Downloading Binlog Commands Request:
"C:\PROGRA~2\MYHERI~1\Bin\FAMILY~2.EXE" https://www.myheritage.com/FP/API/FTB/ftb-api.php --data "@C:\Users\Eric\AppData\Roaming\MYHERI~1\Temp\dat4399.tmp" --output "C:\Users\Eric\AppData\Roaming\MYHERI~1\Temp\out439A.tmp" --stderr "C:\Users\Eric\AppData\Roaming\MYHERI~1\Temp\err439B.tmp" --ssl-no-revoke -A "Family Tree Builder 8.0.0.8397"
---DATA:---
action=api-sync-get-bin-log-transactions&site_admin=ericrborsheim@gmail.com&site_pwd=53d384b89203627f686e06fb83b9fc4bc572ec2c&site_id=364175731&client_program_version=8.0.0.8397&project_guid=57FCA7416EAD763E2E06995A33EE916F&revision=0&offset=0&limit=1
------------------------------------------------------------------------------------
[8 OCT 2017 17:35:02 GMT-8] Downloading Binlog Commands Connection result:
0 (WAIT_OBJECT_0)

------------------------------------------------------------------------------------
[8 OCT 2017 17:35:02 GMT-8] Downloading Binlog Commands Response:
<?xml version="1.0"?>
<Get-bin-log-transactions site_id="364175731" project_guid="57FCA7416EAD763E2E06995A33EE916F" client_revision="0" is_synced_with_ftb="0" total="0">
  <transactions/>
</Get-bin-log-transactions>


====================================================================================
[9 OCT 2017 08:44:18 GMT-8] Pre-Sync - Preparing for execution...

====================================================================================
[9 OCT 2017 08:44:18 GMT-8] Pre-Sync Request:
"C:\PROGRA~2\MYHERI~1\Bin\FAMILY~2.EXE" https://www.myheritage.com/FP/API/FTB/ftb-api.php --data "@C:\Users\Eric\AppData\Roaming\MYHERI~1\Temp\datBC32.tmp" --progress-bar --output "C:\Users\Eric\AppData\Roaming\MYHERI~1\Temp\outBC33.tmp" --stderr "C:\Users\Eric\AppData\Roaming\MYHERI~1\Temp\errBC34.tmp" --ssl-no-revoke -A "Family Tree Builder 8.0.0.8397"
---DATA:---
action=api-sync-pre-sync&site_admin=ericrborsheim@gmail.com&site_pwd=53d384b89203627f686e06fb83b9fc4bc572ec2c&project_guid=57FCA7416EAD763E2E06995A33EE916F&publishing_guid=&revision=0&client_program_version=8.0.0.8397&site_id=364175731&computer_name=DESKTOP-G4N757J&bin_log_transaction_offset=0
------------------------------------------------------------------------------------
[9 OCT 2017 08:44:19 GMT-8] Pre-Sync Connection result:
0 (WAIT_OBJECT_0)

------------------------------------------------------------------------------------
[9 OCT 2017 08:44:19 GMT-8] Pre-Sync Response:
<?xml version="1.0"?>
<Pre-sync site_id="364175731" project_guid="57FCA7416EAD763E2E06995A33EE916F" client_revision="0" is_synced_with_ftb="0"/>


====================================================================================
[9 OCT 2017 08:44:19 GMT-8] Downloading Binlog Commands - Preparing for execution...

====================================================================================
[9 OCT 2017 08:44:19 GMT-8] Downloading Binlog Commands Request:
"C:\PROGRA~2\MYHERI~1\Bin\FAMILY~2.EXE" https://www.myheritage.com/FP/API/FTB/ftb-api.php --data "@C:\Users\Eric\AppData\Roaming\MYHERI~1\Temp\datC06B.tmp" --output "C:\Users\Eric\AppData\Roaming\MYHERI~1\Temp\outC06C.tmp" --stderr "C:\Users\Eric\AppData\Roaming\MYHERI~1\Temp\errC06D.tmp" --ssl-no-revoke -A "Family Tree Builder 8.0.0.8397"
---DATA:---
action=api-sync-get-bin-log-transactions&site_admin=ericrborsheim@gmail.com&site_pwd=53d384b89203627f686e06fb83b9fc4bc572ec2c&site_id=364175731&client_program_version=8.0.0.8397&project_guid=57FCA7416EAD763E2E06995A33EE916F&revision=0&offset=0&limit=1
------------------------------------------------------------------------------------
[9 OCT 2017 08:44:20 GMT-8] Downloading Binlog Commands Connection result:
0 (WAIT_OBJECT_0)

------------------------------------------------------------------------------------
[9 OCT 2017 08:44:20 GMT-8] Downloading Binlog Commands Response:
<?xml version="1.0"?>
<Get-bin-log-transactions site_id="364175731" project_guid="57FCA7416EAD763E2E06995A33EE916F" client_revision="0" is_synced_with_ftb="0" total="0">
  <transactions/>
</Get-bin-log-transactions>


====================================================================================
[9 OCT 2017 15:22:24 GMT-8] Pre-Sync - Preparing for execution...

====================================================================================
[9 OCT 2017 15:22:24 GMT-8] Pre-Sync Request:
"C:\PROGRA~2\MYHERI~1\Bin\FAMILY~2.EXE" https://www.myheritage.com/FP/API/FTB/ftb-api.php --data "@C:\Users\Eric\AppData\Roaming\MYHERI~1\Temp\dat3649.tmp" --progress-bar --output "C:\Users\Eric\AppData\Roaming\MYHERI~1\Temp\out364A.tmp" --stderr "C:\Users\Eric\AppData\Roaming\MYHERI~1\Temp\err364B.tmp" --ssl-no-revoke -A "Family Tree Builder 8.0.0.8397"
---DATA:---
action=api-sync-pre-sync&site_admin=ericrborsheim@gmail.com&site_pwd=53d384b89203627f686e06fb83b9fc4bc572ec2c&project_guid=57FCA7416EAD763E2E06995A33EE916F&publishing_guid=&revision=0&client_program_version=8.0.0.8397&site_id=364175731&computer_name=DESKTOP-G4N757J&bin_log_transaction_offset=0
------------------------------------------------------------------------------------
[9 OCT 2017 15:22:25 GMT-8] Pre-Sync Connection result:
0 (WAIT_OBJECT_0)

------------------------------------------------------------------------------------
[9 OCT 2017 15:22:25 GMT-8] Pre-Sync Response:
<?xml version="1.0"?>
<Pre-sync site_id="364175731" project_guid="57FCA7416EAD763E2E06995A33EE916F" client_revision="0" is_synced_with_ftb="0"/>


====================================================================================
[9 OCT 2017 15:22:25 GMT-8] Downloading Binlog Commands - Preparing for execution...

====================================================================================
[9 OCT 2017 15:22:25 GMT-8] Downloading Binlog Commands Request:
"C:\PROGRA~2\MYHERI~1\Bin\FAMILY~2.EXE" https://www.myheritage.com/FP/API/FTB/ftb-api.php --data "@C:\Users\Eric\AppData\Roaming\MYHERI~1\Temp\dat388F.tmp" --output "C:\Users\Eric\AppData\Roaming\MYHERI~1\Temp\out3890.tmp" --stderr "C:\Users\Eric\AppData\Roaming\MYHERI~1\Temp\err3891.tmp" --ssl-no-revoke -A "Family Tree Builder 8.0.0.8397"
---DATA:---
action=api-sync-get-bin-log-transactions&site_admin=ericrborsheim@gmail.com&site_pwd=53d384b89203627f686e06fb83b9fc4bc572ec2c&site_id=364175731&client_program_version=8.0.0.8397&project_guid=57FCA7416EAD763E2E06995A33EE916F&revision=0&offset=0&limit=1
------------------------------------------------------------------------------------
[9 OCT 2017 15:22:25 GMT-8] Downloading Binlog Commands Connection result:
0 (WAIT_OBJECT_0)

------------------------------------------------------------------------------------
[9 OCT 2017 15:22:25 GMT-8] Downloading Binlog Commands Response:
<?xml version="1.0"?>
<Get-bin-log-transactions site_id="364175731" project_guid="57FCA7416EAD763E2E06995A33EE916F" client_revision="0" is_synced_with_ftb="0" total="0">
  <transactions/>
</Get-bin-log-transactions>


====================================================================================
[9 OCT 2017 21:08:52 GMT-8] Pre-Sync - Preparing for execution...

====================================================================================
[9 OCT 2017 21:08:52 GMT-8] Pre-Sync Request:
"C:\PROGRA~2\MYHERI~1\Bin\FAMILY~2.EXE" https://www.myheritage.com/FP/API/FTB/ftb-api.php --data "@C:\Users\Eric\AppData\Roaming\MYHERI~1\Temp\dat6708.tmp" --progress-bar --output "C:\Users\Eric\AppData\Roaming\MYHERI~1\Temp\out67A5.tmp" --stderr "C:\Users\Eric\AppData\Roaming\MYHERI~1\Temp\err6871.tmp" --ssl-no-revoke -A "Family Tree Builder 8.0.0.8397"
---DATA:---
action=api-sync-pre-sync&site_admin=ericrborsheim@gmail.com&site_pwd=53d384b89203627f686e06fb83b9fc4bc572ec2c&project_guid=57FCA7416EAD763E2E06995A33EE916F&publishing_guid=&revision=0&client_program_version=8.0.0.8397&site_id=364175731&computer_name=DESKTOP-G4N757J&bin_log_transaction_offset=0
------------------------------------------------------------------------------------
[9 OCT 2017 21:09:07 GMT-8] Pre-Sync Connection result:
0 (WAIT_OBJECT_0)

------------------------------------------------------------------------------------
[9 OCT 2017 21:09:07 GMT-8] Pre-Sync Response:
<?xml version="1.0"?>
<Pre-sync site_id="364175731" project_guid="57FCA7416EAD763E2E06995A33EE916F" client_revision="0" is_synced_with_ftb="0"/>


====================================================================================
[9 OCT 2017 21:09:07 GMT-8] Downloading Binlog Commands - Preparing for execution...

====================================================================================
[9 OCT 2017 21:09:07 GMT-8] Downloading Binlog Commands Request:
"C:\PROGRA~2\MYHERI~1\Bin\FAMILY~2.EXE" https://www.myheritage.com/FP/API/FTB/ftb-api.php --data "@C:\Users\Eric\AppData\Roaming\MYHERI~1\Temp\datA368.tmp" --output "C:\Users\Eric\AppData\Roaming\MYHERI~1\Temp\outA369.tmp" --stderr "C:\Users\Eric\AppData\Roaming\MYHERI~1\Temp\errA36A.tmp" --ssl-no-revoke -A "Family Tree Builder 8.0.0.8397"
---DATA:---
action=api-sync-get-bin-log-transactions&site_admin=ericrborsheim@gmail.com&site_pwd=53d384b89203627f686e06fb83b9fc4bc572ec2c&site_id=364175731&client_program_version=8.0.0.8397&project_guid=57FCA7416EAD763E2E06995A33EE916F&revision=0&offset=0&limit=1
------------------------------------------------------------------------------------
[9 OCT 2017 21:09:08 GMT-8] Downloading Binlog Commands Connection result:
0 (WAIT_OBJECT_0)

------------------------------------------------------------------------------------
[9 OCT 2017 21:09:08 GMT-8] Downloading Binlog Commands Response:
<?xml version="1.0"?>
<Get-bin-log-transactions site_id="364175731" project_guid="57FCA7416EAD763E2E06995A33EE916F" client_revision="0" is_synced_with_ftb="0" total="0">
  <transactions/>
</Get-bin-log-transactions>


====================================================================================
[9 OCT 2017 23:00:40 GMT-8] Pre-Sync - Preparing for execution...

====================================================================================
[9 OCT 2017 23:00:40 GMT-8] Pre-Sync Request:
"C:\PROGRA~2\MYHERI~1\Bin\FAMILY~2.EXE" https://www.myheritage.com/FP/API/FTB/ftb-api.php --data "@C:\Users\Eric\AppData\Roaming\MYHERI~1\Temp\datC232.tmp" --progress-bar --output "C:\Users\Eric\AppData\Roaming\MYHERI~1\Temp\outC233.tmp" --stderr "C:\Users\Eric\AppData\Roaming\MYHERI~1\Temp\errC234.tmp" --ssl-no-revoke -A "Family Tree Builder 8.0.0.8397"
---DATA:---
action=api-sync-pre-sync&site_admin=ericrborsheim@gmail.com&site_pwd=53d384b89203627f686e06fb83b9fc4bc572ec2c&project_guid=57FCA7416EAD763E2E06995A33EE916F&publishing_guid=&revision=0&client_program_version=8.0.0.8397&site_id=364175731&computer_name=DESKTOP-G4N757J&bin_log_transaction_offset=0
------------------------------------------------------------------------------------
[9 OCT 2017 23:00:41 GMT-8] Pre-Sync Connection result:
0 (WAIT_OBJECT_0)

------------------------------------------------------------------------------------
[9 OCT 2017 23:00:41 GMT-8] Pre-Sync Response:
<?xml version="1.0"?>
<Pre-sync site_id="364175731" project_guid="57FCA7416EAD763E2E06995A33EE916F" client_revision="0" is_synced_with_ftb="0"/>


====================================================================================
[9 OCT 2017 23:00:41 GMT-8] Downloading Binlog Commands - Preparing for execution...

====================================================================================
[9 OCT 2017 23:00:41 GMT-8] Downloading Binlog Commands Request:
"C:\PROGRA~2\MYHERI~1\Bin\FAMILY~2.EXE" https://www.myheritage.com/FP/API/FTB/ftb-api.php --data "@C:\Users\Eric\AppData\Roaming\MYHERI~1\Temp\datC5A0.tmp" --output "C:\Users\Eric\AppData\Roaming\MYHERI~1\Temp\outC5A1.tmp" --stderr "C:\Users\Eric\AppData\Roaming\MYHERI~1\Temp\errC5A2.tmp" --ssl-no-revoke -A "Family Tree Builder 8.0.0.8397"
---DATA:---
action=api-sync-get-bin-log-transactions&site_admin=ericrborsheim@gmail.com&site_pwd=53d384b89203627f686e06fb83b9fc4bc572ec2c&site_id=364175731&client_program_version=8.0.0.8397&project_guid=57FCA7416EAD763E2E06995A33EE916F&revision=0&offset=0&limit=1
------------------------------------------------------------------------------------
[9 OCT 2017 23:00:41 GMT-8] Downloading Binlog Commands Connection result:
0 (WAIT_OBJECT_0)

------------------------------------------------------------------------------------
[9 OCT 2017 23:00:41 GMT-8] Downloading Binlog Commands Response:
<?xml version="1.0"?>
<Get-bin-log-transactions site_id="364175731" project_guid="57FCA7416EAD763E2E06995A33EE916F" client_revision="0" is_synced_with_ftb="0" total="0">
  <transactions/>
</Get-bin-log-transactions>


====================================================================================
[10 OCT 2017 17:25:27 GMT-8] Pre-Sync - Preparing for execution...

====================================================================================
[10 OCT 2017 17:25:27 GMT-8] Pre-Sync Request:
"C:\PROGRA~2\MYHERI~1\Bin\FAMILY~2.EXE" https://www.myheritage.com/FP/API/FTB/ftb-api.php --data "@C:\Users\Eric\AppData\Roaming\MYHERI~1\Temp\dat3A98.tmp" --progress-bar --output "C:\Users\Eric\AppData\Roaming\MYHERI~1\Temp\out3A99.tmp" --stderr "C:\Users\Eric\AppData\Roaming\MYHERI~1\Temp\err3A9A.tmp" --ssl-no-revoke -A "Family Tree Builder 8.0.0.8397"
---DATA:---
action=api-sync-pre-sync&site_admin=ericrborsheim@gmail.com&site_pwd=53d384b89203627f686e06fb83b9fc4bc572ec2c&project_guid=57FCA7416EAD763E2E06995A33EE916F&publishing_guid=&revision=0&client_program_version=8.0.0.8397&site_id=364175731&computer_name=DESKTOP-G4N757J&bin_log_transaction_offset=0
------------------------------------------------------------------------------------
[10 OCT 2017 17:25:28 GMT-8] Pre-Sync Connection result:
0 (WAIT_OBJECT_0)

------------------------------------------------------------------------------------
[10 OCT 2017 17:25:28 GMT-8] Pre-Sync Response:
<?xml version="1.0"?>
<Pre-sync site_id="364175731" project_guid="57FCA7416EAD763E2E06995A33EE916F" client_revision="0" is_synced_with_ftb="0"/>


====================================================================================
[10 OCT 2017 17:25:28 GMT-8] Downloading Binlog Commands - Preparing for execution...

====================================================================================
[10 OCT 2017 17:25:28 GMT-8] Downloading Binlog Commands Request:
"C:\PROGRA~2\MYHERI~1\Bin\FAMILY~2.EXE" https://www.myheritage.com/FP/API/FTB/ftb-api.php --data "@C:\Users\Eric\AppData\Roaming\MYHERI~1\Temp\dat3D2C.tmp" --output "C:\Users\Eric\AppData\Roaming\MYHERI~1\Temp\out3D2D.tmp" --stderr "C:\Users\Eric\AppData\Roaming\MYHERI~1\Temp\err3D2E.tmp" --ssl-no-revoke -A "Family Tree Builder 8.0.0.8397"
---DATA:---
action=api-sync-get-bin-log-transactions&site_admin=ericrborsheim@gmail.com&site_pwd=53d384b89203627f686e06fb83b9fc4bc572ec2c&site_id=364175731&client_program_version=8.0.0.8397&project_guid=57FCA7416EAD763E2E06995A33EE916F&revision=0&offset=0&limit=1
------------------------------------------------------------------------------------
[10 OCT 2017 17:25:29 GMT-8] Downloading Binlog Commands Connection result:
0 (WAIT_OBJECT_0)

------------------------------------------------------------------------------------
[10 OCT 2017 17:25:29 GMT-8] Downloading Binlog Commands Response:
<?xml version="1.0"?>
<Get-bin-log-transactions site_id="364175731" project_guid="57FCA7416EAD763E2E06995A33EE916F" client_revision="0" is_synced_with_ftb="0" total="0">
  <transactions/>
</Get-bin-log-transactions>


====================================================================================
[12 OCT 2017 19:45:01 GMT-8] Pre-Sync - Preparing for execution...

====================================================================================
[12 OCT 2017 19:45:01 GMT-8] Pre-Sync Request:
"C:\PROGRA~2\MYHERI~1\Bin\FAMILY~2.EXE" https://www.myheritage.com/FP/API/FTB/ftb-api.php --data "@C:\Users\Eric\AppData\Roaming\MYHERI~1\Temp\dat9A7B.tmp" --progress-bar --output "C:\Users\Eric\AppData\Roaming\MYHERI~1\Temp\out9A7C.tmp" --stderr "C:\Users\Eric\AppData\Roaming\MYHERI~1\Temp\err9A7D.tmp" --ssl-no-revoke -A "Family Tree Builder 8.0.0.8397"
---DATA:---
action=api-sync-pre-sync&site_admin=ericrborsheim@gmail.com&site_pwd=53d384b89203627f686e06fb83b9fc4bc572ec2c&project_guid=57FCA7416EAD763E2E06995A33EE916F&publishing_guid=&revision=0&client_program_version=8.0.0.8397&site_id=364175731&computer_name=DESKTOP-G4N757J&bin_log_transaction_offset=0
------------------------------------------------------------------------------------
[12 OCT 2017 19:45:02 GMT-8] Pre-Sync Connection result:
0 (WAIT_OBJECT_0)

------------------------------------------------------------------------------------
[12 OCT 2017 19:45:02 GMT-8] Pre-Sync Response:
<?xml version="1.0"?>
<Pre-sync site_id="364175731" project_guid="57FCA7416EAD763E2E06995A33EE916F" client_revision="0" is_synced_with_ftb="0"/>


====================================================================================
[12 OCT 2017 19:45:02 GMT-8] Downloading Binlog Commands - Preparing for execution...

====================================================================================
[12 OCT 2017 19:45:02 GMT-8] Downloading Binlog Commands Request:
"C:\PROGRA~2\MYHERI~1\Bin\FAMILY~2.EXE" https://www.myheritage.com/FP/API/FTB/ftb-api.php --data "@C:\Users\Eric\AppData\Roaming\MYHERI~1\Temp\dat9D1E.tmp" --output "C:\Users\Eric\AppData\Roaming\MYHERI~1\Temp\out9D1F.tmp" --stderr "C:\Users\Eric\AppData\Roaming\MYHERI~1\Temp\err9D20.tmp" --ssl-no-revoke -A "Family Tree Builder 8.0.0.8397"
---DATA:---
action=api-sync-get-bin-log-transactions&site_admin=ericrborsheim@gmail.com&site_pwd=53d384b89203627f686e06fb83b9fc4bc572ec2c&site_id=364175731&client_program_version=8.0.0.8397&project_guid=57FCA7416EAD763E2E06995A33EE916F&revision=0&offset=0&limit=1
------------------------------------------------------------------------------------
[12 OCT 2017 19:45:03 GMT-8] Downloading Binlog Commands Connection result:
0 (WAIT_OBJECT_0)

------------------------------------------------------------------------------------
[12 OCT 2017 19:45:03 GMT-8] Downloading Binlog Commands Response:
<?xml version="1.0"?>
<Get-bin-log-transactions site_id="364175731" project_guid="57FCA7416EAD763E2E06995A33EE916F" client_revision="0" is_synced_with_ftb="0" total="0">
  <transactions/>
</Get-bin-log-transactions>


====================================================================================
[12 OCT 2017 21:39:39 GMT-8] Pre-Sync - Preparing for execution...

====================================================================================
[12 OCT 2017 21:39:39 GMT-8] Pre-Sync Request:
"C:\PROGRA~2\MYHERI~1\Bin\FAMILY~2.EXE" https://www.myheritage.com/FP/API/FTB/ftb-api.php --data "@C:\Users\Eric\AppData\Roaming\MYHERI~1\Temp\dat8B69.tmp" --progress-bar --output "C:\Users\Eric\AppData\Roaming\MYHERI~1\Temp\out8B6A.tmp" --stderr "C:\Users\Eric\AppData\Roaming\MYHERI~1\Temp\err8B6B.tmp" --ssl-no-revoke -A "Family Tree Builder 8.0.0.8397"
---DATA:---
action=api-sync-pre-sync&site_admin=ericrborsheim@gmail.com&site_pwd=53d384b89203627f686e06fb83b9fc4bc572ec2c&project_guid=57FCA7416EAD763E2E06995A33EE916F&publishing_guid=&revision=0&client_program_version=8.0.0.8397&site_id=364175731&computer_name=DESKTOP-G4N757J&bin_log_transaction_offset=0
------------------------------------------------------------------------------------
[12 OCT 2017 21:39:40 GMT-8] Pre-Sync Connection result:
0 (WAIT_OBJECT_0)

------------------------------------------------------------------------------------
[12 OCT 2017 21:39:40 GMT-8] Pre-Sync Response:
<?xml version="1.0"?>
<Pre-sync site_id="364175731" project_guid="57FCA7416EAD763E2E06995A33EE916F" client_revision="0" is_synced_with_ftb="0"/>


====================================================================================
[12 OCT 2017 21:39:40 GMT-8] Downloading Binlog Commands - Preparing for execution...

====================================================================================
[12 OCT 2017 21:39:40 GMT-8] Downloading Binlog Commands Request:
"C:\PROGRA~2\MYHERI~1\Bin\FAMILY~2.EXE" https://www.myheritage.com/FP/API/FTB/ftb-api.php --data "@C:\Users\Eric\AppData\Roaming\MYHERI~1\Temp\dat8E2B.tmp" --output "C:\Users\Eric\AppData\Roaming\MYHERI~1\Temp\out8E2C.tmp" --stderr "C:\Users\Eric\AppData\Roaming\MYHERI~1\Temp\err8E3D.tmp" --ssl-no-revoke -A "Family Tree Builder 8.0.0.8397"
---DATA:---
action=api-sync-get-bin-log-transactions&site_admin=ericrborsheim@gmail.com&site_pwd=53d384b89203627f686e06fb83b9fc4bc572ec2c&site_id=364175731&client_program_version=8.0.0.8397&project_guid=57FCA7416EAD763E2E06995A33EE916F&revision=0&offset=0&limit=1
------------------------------------------------------------------------------------
[12 OCT 2017 21:39:40 GMT-8] Downloading Binlog Commands Connection result:
0 (WAIT_OBJECT_0)

------------------------------------------------------------------------------------
[12 OCT 2017 21:39:40 GMT-8] Downloading Binlog Commands Response:
<?xml version="1.0"?>
<Get-bin-log-transactions site_id="364175731" project_guid="57FCA7416EAD763E2E06995A33EE916F" client_revision="0" is_synced_with_ftb="0" total="0">
  <transactions/>
</Get-bin-log-transactions>


====================================================================================
[16 OCT 2017 10:42:11 GMT-8] Pre-Sync - Preparing for execution...

====================================================================================
[16 OCT 2017 10:42:11 GMT-8] Pre-Sync Request:
"C:\PROGRA~2\MYHERI~1\Bin\FAMILY~2.EXE" https://www.myheritage.com/FP/API/FTB/ftb-api.php --data "@C:\Users\Eric\AppData\Roaming\MYHERI~1\Temp\datE55.tmp" --progress-bar --output "C:\Users\Eric\AppData\Roaming\MYHERI~1\Temp\outE66.tmp" --stderr "C:\Users\Eric\AppData\Roaming\MYHERI~1\Temp\errE67.tmp" --ssl-no-revoke -A "Family Tree Builder 8.0.0.8397"
---DATA:---
action=api-sync-pre-sync&site_admin=ericrborsheim@gmail.com&site_pwd=53d384b89203627f686e06fb83b9fc4bc572ec2c&project_guid=57FCA7416EAD763E2E06995A33EE916F&publishing_guid=&revision=0&client_program_version=8.0.0.8397&site_id=364175731&computer_name=DESKTOP-G4N757J&bin_log_transaction_offset=0
------------------------------------------------------------------------------------
[16 OCT 2017 10:42:12 GMT-8] Pre-Sync Connection result:
0 (WAIT_OBJECT_0)

------------------------------------------------------------------------------------
[16 OCT 2017 10:42:12 GMT-8] Pre-Sync Response:
<?xml version="1.0"?>
<Pre-sync site_id="364175731" project_guid="57FCA7416EAD763E2E06995A33EE916F" client_revision="0" is_synced_with_ftb="0"/>


====================================================================================
[16 OCT 2017 10:42:12 GMT-8] Downloading Binlog Commands - Preparing for execution...

====================================================================================
[16 OCT 2017 10:42:12 GMT-8] Downloading Binlog Commands Request:
"C:\PROGRA~2\MYHERI~1\Bin\FAMILY~2.EXE" https://www.myheritage.com/FP/API/FTB/ftb-api.php --data "@C:\Users\Eric\AppData\Roaming\MYHERI~1\Temp\dat1165.tmp" --output "C:\Users\Eric\AppData\Roaming\MYHERI~1\Temp\out1166.tmp" --stderr "C:\Users\Eric\AppData\Roaming\MYHERI~1\Temp\err1167.tmp" --ssl-no-revoke -A "Family Tree Builder 8.0.0.8397"
---DATA:---
action=api-sync-get-bin-log-transactions&site_admin=ericrborsheim@gmail.com&site_pwd=53d384b89203627f686e06fb83b9fc4bc572ec2c&site_id=364175731&client_program_version=8.0.0.8397&project_guid=57FCA7416EAD763E2E06995A33EE916F&revision=0&offset=0&limit=1
------------------------------------------------------------------------------------
[16 OCT 2017 10:42:12 GMT-8] Downloading Binlog Commands Connection result:
0 (WAIT_OBJECT_0)

------------------------------------------------------------------------------------
[16 OCT 2017 10:42:12 GMT-8] Downloading Binlog Commands Response:
<?xml version="1.0"?>
<Get-bin-log-transactions site_id="364175731" project_guid="57FCA7416EAD763E2E06995A33EE916F" client_revision="0" is_synced_with_ftb="0" total="0">
  <transactions/>
</Get-bin-log-transactions>


====================================================================================
[20 OCT 2017 10:53:03 GMT-8] Pre-Sync - Preparing for execution...

====================================================================================
[20 OCT 2017 10:53:03 GMT-8] Pre-Sync Request:
"C:\PROGRA~2\MYHERI~1\Bin\FAMILY~2.EXE" https://www.myheritage.com/FP/API/FTB/ftb-api.php --data "@C:\Users\Eric\AppData\Roaming\MYHERI~1\Temp\dat71D4.tmp" --progress-bar --output "C:\Users\Eric\AppData\Roaming\MYHERI~1\Temp\out71D5.tmp" --stderr "C:\Users\Eric\AppData\Roaming\MYHERI~1\Temp\err71E6.tmp" --ssl-no-revoke -A "Family Tree Builder 8.0.0.8397"
---DATA:---
action=api-sync-pre-sync&site_admin=ericrborsheim@gmail.com&site_pwd=53d384b89203627f686e06fb83b9fc4bc572ec2c&project_guid=57FCA7416EAD763E2E06995A33EE916F&publishing_guid=&revision=0&client_program_version=8.0.0.8397&site_id=364175731&computer_name=DESKTOP-G4N757J&bin_log_transaction_offset=0
------------------------------------------------------------------------------------
[20 OCT 2017 10:53:04 GMT-8] Pre-Sync Connection result:
0 (WAIT_OBJECT_0)

------------------------------------------------------------------------------------
[20 OCT 2017 10:53:04 GMT-8] Pre-Sync Response:
<?xml version="1.0"?>
<Pre-sync site_id="364175731" project_guid="57FCA7416EAD763E2E06995A33EE916F" client_revision="0" is_synced_with_ftb="0"/>


====================================================================================
[20 OCT 2017 10:53:04 GMT-8] Downloading Binlog Commands - Preparing for execution...

====================================================================================
[20 OCT 2017 10:53:04 GMT-8] Downloading Binlog Commands Request:
"C:\PROGRA~2\MYHERI~1\Bin\FAMILY~2.EXE" https://www.myheritage.com/FP/API/FTB/ftb-api.php --data "@C:\Users\Eric\AppData\Roaming\MYHERI~1\Temp\dat74E5.tmp" --output "C:\Users\Eric\AppData\Roaming\MYHERI~1\Temp\out74F5.tmp" --stderr "C:\Users\Eric\AppData\Roaming\MYHERI~1\Temp\err74F6.tmp" --ssl-no-revoke -A "Family Tree Builder 8.0.0.8397"
---DATA:---
action=api-sync-get-bin-log-transactions&site_admin=ericrborsheim@gmail.com&site_pwd=53d384b89203627f686e06fb83b9fc4bc572ec2c&site_id=364175731&client_program_version=8.0.0.8397&project_guid=57FCA7416EAD763E2E06995A33EE916F&revision=0&offset=0&limit=1
------------------------------------------------------------------------------------
[20 OCT 2017 10:53:05 GMT-8] Downloading Binlog Commands Connection result:
0 (WAIT_OBJECT_0)

------------------------------------------------------------------------------------
[20 OCT 2017 10:53:05 GMT-8] Downloading Binlog Commands Response:
<?xml version="1.0"?>
<Get-bin-log-transactions site_id="364175731" project_guid="57FCA7416EAD763E2E06995A33EE916F" client_revision="0" is_synced_with_ftb="0" total="0">
  <transactions/>
</Get-bin-log-transactions>


====================================================================================
[22 OCT 2017 08:13:59 GMT-8] Pre-Sync - Preparing for execution...

====================================================================================
[22 OCT 2017 08:13:59 GMT-8] Pre-Sync Request:
"C:\PROGRA~2\MYHERI~1\Bin\FAMILY~2.EXE" https://www.myheritage.com/FP/API/FTB/ftb-api.php --data "@C:\Users\Eric\AppData\Roaming\MYHERI~1\Temp\dat87F5.tmp" --progress-bar --output "C:\Users\Eric\AppData\Roaming\MYHERI~1\Temp\out87F6.tmp" --stderr "C:\Users\Eric\AppData\Roaming\MYHERI~1\Temp\err87F7.tmp" --ssl-no-revoke -A "Family Tree Builder 8.0.0.8397"
---DATA:---
action=api-sync-pre-sync&site_admin=ericrborsheim@gmail.com&site_pwd=53d384b89203627f686e06fb83b9fc4bc572ec2c&project_guid=57FCA7416EAD763E2E06995A33EE916F&publishing_guid=&revision=0&client_program_version=8.0.0.8397&site_id=364175731&computer_name=DESKTOP-G4N757J&bin_log_transaction_offset=0
------------------------------------------------------------------------------------
[22 OCT 2017 08:14:00 GMT-8] Pre-Sync Connection result:
0 (WAIT_OBJECT_0)

------------------------------------------------------------------------------------
[22 OCT 2017 08:14:00 GMT-8] Pre-Sync Response:
<?xml version="1.0"?>
<Pre-sync site_id="364175731" project_guid="57FCA7416EAD763E2E06995A33EE916F" client_revision="0" is_synced_with_ftb="0"/>


====================================================================================
[22 OCT 2017 08:14:00 GMT-8] Downloading Binlog Commands - Preparing for execution...

====================================================================================
[22 OCT 2017 08:14:00 GMT-8] Downloading Binlog Commands Request:
"C:\PROGRA~2\MYHERI~1\Bin\FAMILY~2.EXE" https://www.myheritage.com/FP/API/FTB/ftb-api.php --data "@C:\Users\Eric\AppData\Roaming\MYHERI~1\Temp\dat8B25.tmp" --output "C:\Users\Eric\AppData\Roaming\MYHERI~1\Temp\out8B26.tmp" --stderr "C:\Users\Eric\AppData\Roaming\MYHERI~1\Temp\err8B36.tmp" --ssl-no-revoke -A "Family Tree Builder 8.0.0.8397"
---DATA:---
action=api-sync-get-bin-log-transactions&site_admin=ericrborsheim@gmail.com&site_pwd=53d384b89203627f686e06fb83b9fc4bc572ec2c&site_id=364175731&client_program_version=8.0.0.8397&project_guid=57FCA7416EAD763E2E06995A33EE916F&revision=0&offset=0&limit=1
------------------------------------------------------------------------------------
[22 OCT 2017 08:14:00 GMT-8] Downloading Binlog Commands Connection result:
0 (WAIT_OBJECT_0)

------------------------------------------------------------------------------------
[22 OCT 2017 08:14:00 GMT-8] Downloading Binlog Commands Response:
<?xml version="1.0"?>
<Get-bin-log-transactions site_id="364175731" project_guid="57FCA7416EAD763E2E06995A33EE916F" client_revision="0" is_synced_with_ftb="0" total="0">
  <transactions/>
</Get-bin-log-transactions>


====================================================================================
[22 OCT 2017 14:45:34 GMT-8] Pre-Sync - Preparing for execution...

====================================================================================
[22 OCT 2017 14:45:34 GMT-8] Pre-Sync Request:
"C:\PROGRA~2\MYHERI~1\Bin\FAMILY~2.EXE" https://www.myheritage.com/FP/API/FTB/ftb-api.php --data "@C:\Users\Eric\AppData\Roaming\MYHERI~1\Temp\dat9EB.tmp" --progress-bar --output "C:\Users\Eric\AppData\Roaming\MYHERI~1\Temp\out9FC.tmp" --stderr "C:\Users\Eric\AppData\Roaming\MYHERI~1\Temp\err9FD.tmp" --ssl-no-revoke -A "Family Tree Builder 8.0.0.8397"
---DATA:---
action=api-sync-pre-sync&site_admin=ericrborsheim@gmail.com&site_pwd=53d384b89203627f686e06fb83b9fc4bc572ec2c&project_guid=57FCA7416EAD763E2E06995A33EE916F&publishing_guid=&revision=0&client_program_version=8.0.0.8397&site_id=364175731&computer_name=DESKTOP-G4N757J&bin_log_transaction_offset=0
------------------------------------------------------------------------------------
[22 OCT 2017 14:45:35 GMT-8] Pre-Sync Connection result:
0 (WAIT_OBJECT_0)

------------------------------------------------------------------------------------
[22 OCT 2017 14:45:35 GMT-8] Pre-Sync Response:
<?xml version="1.0"?>
<Pre-sync site_id="364175731" project_guid="57FCA7416EAD763E2E06995A33EE916F" client_revision="0" is_synced_with_ftb="0"/>


====================================================================================
[22 OCT 2017 14:45:35 GMT-8] Downloading Binlog Commands - Preparing for execution...

====================================================================================
[22 OCT 2017 14:45:35 GMT-8] Downloading Binlog Commands Request:
"C:\PROGRA~2\MYHERI~1\Bin\FAMILY~2.EXE" https://www.myheritage.com/FP/API/FTB/ftb-api.php --data "@C:\Users\Eric\AppData\Roaming\MYHERI~1\Temp\datCAE.tmp" --output "C:\Users\Eric\AppData\Roaming\MYHERI~1\Temp\outCAF.tmp" --stderr "C:\Users\Eric\AppData\Roaming\MYHERI~1\Temp\errCB0.tmp" --ssl-no-revoke -A "Family Tree Builder 8.0.0.8397"
---DATA:---
action=api-sync-get-bin-log-transactions&site_admin=ericrborsheim@gmail.com&site_pwd=53d384b89203627f686e06fb83b9fc4bc572ec2c&site_id=364175731&client_program_version=8.0.0.8397&project_guid=57FCA7416EAD763E2E06995A33EE916F&revision=0&offset=0&limit=1
------------------------------------------------------------------------------------
[22 OCT 2017 14:45:35 GMT-8] Downloading Binlog Commands Connection result:
0 (WAIT_OBJECT_0)

------------------------------------------------------------------------------------
[22 OCT 2017 14:45:35 GMT-8] Downloading Binlog Commands Response:
<?xml version="1.0"?>
<Get-bin-log-transactions site_id="364175731" project_guid="57FCA7416EAD763E2E06995A33EE916F" client_revision="0" is_synced_with_ftb="0" total="0">
  <transactions/>
</Get-bin-log-transactions>


====================================================================================
[23 OCT 2017 09:43:51 GMT-8] Pre-Sync - Preparing for execution...

====================================================================================
[23 OCT 2017 09:43:51 GMT-8] Pre-Sync Request:
"C:\PROGRA~2\MYHERI~1\Bin\FAMILY~2.EXE" https://www.myheritage.com/FP/API/FTB/ftb-api.php --data "@C:\Users\Eric\AppData\Roaming\MYHERI~1\Temp\dat2B60.tmp" --progress-bar --output "C:\Users\Eric\AppData\Roaming\MYHERI~1\Temp\out2B61.tmp" --stderr "C:\Users\Eric\AppData\Roaming\MYHERI~1\Temp\err2B62.tmp" --ssl-no-revoke -A "Family Tree Builder 8.0.0.8397"
---DATA:---
action=api-sync-pre-sync&site_admin=ericrborsheim@gmail.com&site_pwd=53d384b89203627f686e06fb83b9fc4bc572ec2c&project_guid=57FCA7416EAD763E2E06995A33EE916F&publishing_guid=&revision=0&client_program_version=8.0.0.8397&site_id=364175731&computer_name=DESKTOP-G4N757J&bin_log_transaction_offset=0
------------------------------------------------------------------------------------
[23 OCT 2017 09:43:52 GMT-8] Pre-Sync Connection result:
0 (WAIT_OBJECT_0)

------------------------------------------------------------------------------------
[23 OCT 2017 09:43:52 GMT-8] Pre-Sync Response:
<?xml version="1.0"?>
<Pre-sync site_id="364175731" project_guid="57FCA7416EAD763E2E06995A33EE916F" client_revision="0" is_synced_with_ftb="0"/>


====================================================================================
[23 OCT 2017 09:43:52 GMT-8] Downloading Binlog Commands - Preparing for execution...

====================================================================================
[23 OCT 2017 09:43:52 GMT-8] Downloading Binlog Commands Request:
"C:\PROGRA~2\MYHERI~1\Bin\FAMILY~2.EXE" https://www.myheritage.com/FP/API/FTB/ftb-api.php --data "@C:\Users\Eric\AppData\Roaming\MYHERI~1\Temp\dat2ECE.tmp" --output "C:\Users\Eric\AppData\Roaming\MYHERI~1\Temp\out2EDE.tmp" --stderr "C:\Users\Eric\AppData\Roaming\MYHERI~1\Temp\err2EDF.tmp" --ssl-no-revoke -A "Family Tree Builder 8.0.0.8397"
---DATA:---
action=api-sync-get-bin-log-transactions&site_admin=ericrborsheim@gmail.com&site_pwd=53d384b89203627f686e06fb83b9fc4bc572ec2c&site_id=364175731&client_program_version=8.0.0.8397&project_guid=57FCA7416EAD763E2E06995A33EE916F&revision=0&offset=0&limit=1
------------------------------------------------------------------------------------
[23 OCT 2017 09:43:53 GMT-8] Downloading Binlog Commands Connection result:
0 (WAIT_OBJECT_0)

------------------------------------------------------------------------------------
[23 OCT 2017 09:43:53 GMT-8] Downloading Binlog Commands Response:
<?xml version="1.0"?>
<Get-bin-log-transactions site_id="364175731" project_guid="57FCA7416EAD763E2E06995A33EE916F" client_revision="0" is_synced_with_ftb="0" total="0">
  <transactions/>
</Get-bin-log-transactions>


====================================================================================
[23 OCT 2017 23:22:00 GMT-8] Pre-Sync - Preparing for execution...

====================================================================================
[23 OCT 2017 23:22:00 GMT-8] Pre-Sync Request:
"C:\PROGRA~2\MYHERI~1\Bin\FAMILY~2.EXE" https://www.myheritage.com/FP/API/FTB/ftb-api.php --data "@C:\Users\Eric\AppData\Roaming\MYHERI~1\Temp\dat36E1.tmp" --progress-bar --output "C:\Users\Eric\AppData\Roaming\MYHERI~1\Temp\out36E2.tmp" --stderr "C:\Users\Eric\AppData\Roaming\MYHERI~1\Temp\err36E3.tmp" --ssl-no-revoke -A "Family Tree Builder 8.0.0.8397"
---DATA:---
action=api-sync-pre-sync&site_admin=ericrborsheim@gmail.com&site_pwd=53d384b89203627f686e06fb83b9fc4bc572ec2c&project_guid=57FCA7416EAD763E2E06995A33EE916F&publishing_guid=&revision=0&client_program_version=8.0.0.8397&site_id=364175731&computer_name=DESKTOP-G4N757J&bin_log_transaction_offset=0
------------------------------------------------------------------------------------
[23 OCT 2017 23:22:01 GMT-8] Pre-Sync Connection result:
0 (WAIT_OBJECT_0)

------------------------------------------------------------------------------------
[23 OCT 2017 23:22:01 GMT-8] Pre-Sync Response:
<?xml version="1.0"?>
<Pre-sync site_id="364175731" project_guid="57FCA7416EAD763E2E06995A33EE916F" client_revision="0" is_synced_with_ftb="0"/>


====================================================================================
[23 OCT 2017 23:22:01 GMT-8] Downloading Binlog Commands - Preparing for execution...

====================================================================================
[23 OCT 2017 23:22:01 GMT-8] Downloading Binlog Commands Request:
"C:\PROGRA~2\MYHERI~1\Bin\FAMILY~2.EXE" https://www.myheritage.com/FP/API/FTB/ftb-api.php --data "@C:\Users\Eric\AppData\Roaming\MYHERI~1\Temp\dat39C2.tmp" --output "C:\Users\Eric\AppData\Roaming\MYHERI~1\Temp\out39C3.tmp" --stderr "C:\Users\Eric\AppData\Roaming\MYHERI~1\Temp\err39C4.tmp" --ssl-no-revoke -A "Family Tree Builder 8.0.0.8397"
---DATA:---
action=api-sync-get-bin-log-transactions&site_admin=ericrborsheim@gmail.com&site_pwd=53d384b89203627f686e06fb83b9fc4bc572ec2c&site_id=364175731&client_program_version=8.0.0.8397&project_guid=57FCA7416EAD763E2E06995A33EE916F&revision=0&offset=0&limit=1
------------------------------------------------------------------------------------
[23 OCT 2017 23:22:02 GMT-8] Downloading Binlog Commands Connection result:
0 (WAIT_OBJECT_0)

------------------------------------------------------------------------------------
[23 OCT 2017 23:22:02 GMT-8] Downloading Binlog Commands Response:
<?xml version="1.0"?>
<Get-bin-log-transactions site_id="364175731" project_guid="57FCA7416EAD763E2E06995A33EE916F" client_revision="0" is_synced_with_ftb="0" total="0">
  <transactions/>
</Get-bin-log-transactions>


====================================================================================
[24 OCT 2017 16:20:33 GMT-8] Pre-Sync - Preparing for execution...

====================================================================================
[24 OCT 2017 16:20:33 GMT-8] Pre-Sync Request:
"C:\PROGRA~2\MYHERI~1\Bin\FAMILY~2.EXE" https://www.myheritage.com/FP/API/FTB/ftb-api.php --data "@C:\Users\Eric\AppData\Roaming\MYHERI~1\Temp\datB80F.tmp" --progress-bar --output "C:\Users\Eric\AppData\Roaming\MYHERI~1\Temp\outB810.tmp" --stderr "C:\Users\Eric\AppData\Roaming\MYHERI~1\Temp\errB811.tmp" --ssl-no-revoke -A "Family Tree Builder 8.0.0.8397"
---DATA:---
action=api-sync-pre-sync&site_admin=ericrborsheim@gmail.com&site_pwd=53d384b89203627f686e06fb83b9fc4bc572ec2c&project_guid=57FCA7416EAD763E2E06995A33EE916F&publishing_guid=&revision=0&client_program_version=8.0.0.8397&site_id=364175731&computer_name=DESKTOP-G4N757J&bin_log_transaction_offset=0
------------------------------------------------------------------------------------
[24 OCT 2017 16:20:34 GMT-8] Pre-Sync Connection result:
0 (WAIT_OBJECT_0)

------------------------------------------------------------------------------------
[24 OCT 2017 16:20:34 GMT-8] Pre-Sync Response:
<?xml version="1.0"?>
<Pre-sync site_id="364175731" project_guid="57FCA7416EAD763E2E06995A33EE916F" client_revision="0" is_synced_with_ftb="0"/>


====================================================================================
[24 OCT 2017 16:20:34 GMT-8] Downloading Binlog Commands - Preparing for execution...

====================================================================================
[24 OCT 2017 16:20:34 GMT-8] Downloading Binlog Commands Request:
"C:\PROGRA~2\MYHERI~1\Bin\FAMILY~2.EXE" https://www.myheritage.com/FP/API/FTB/ftb-api.php --data "@C:\Users\Eric\AppData\Roaming\MYHERI~1\Temp\datBAC1.tmp" --output "C:\Users\Eric\AppData\Roaming\MYHERI~1\Temp\outBAC2.tmp" --stderr "C:\Users\Eric\AppData\Roaming\MYHERI~1\Temp\errBAC3.tmp" --ssl-no-revoke -A "Family Tree Builder 8.0.0.8397"
---DATA:---
action=api-sync-get-bin-log-transactions&site_admin=ericrborsheim@gmail.com&site_pwd=53d384b89203627f686e06fb83b9fc4bc572ec2c&site_id=364175731&client_program_version=8.0.0.8397&project_guid=57FCA7416EAD763E2E06995A33EE916F&revision=0&offset=0&limit=1
------------------------------------------------------------------------------------
[24 OCT 2017 16:20:34 GMT-8] Downloading Binlog Commands Connection result:
0 (WAIT_OBJECT_0)

------------------------------------------------------------------------------------
[24 OCT 2017 16:20:34 GMT-8] Downloading Binlog Commands Response:
<?xml version="1.0"?>
<Get-bin-log-transactions site_id="364175731" project_guid="57FCA7416EAD763E2E06995A33EE916F" client_revision="0" is_synced_with_ftb="0" total="0">
  <transactions/>
</Get-bin-log-transactions>


====================================================================================
[26 OCT 2017 08:18:03 GMT-8] Pre-Sync - Preparing for execution...

====================================================================================
[26 OCT 2017 08:18:04 GMT-8] Pre-Sync Request:
"C:\PROGRA~2\MYHERI~1\Bin\FAMILY~2.EXE" https://www.myheritage.com/FP/API/FTB/ftb-api.php --data "@C:\Users\Eric\AppData\Roaming\MYHERI~1\Temp\datB480.tmp" --progress-bar --output "C:\Users\Eric\AppData\Roaming\MYHERI~1\Temp\outB481.tmp" --stderr "C:\Users\Eric\AppData\Roaming\MYHERI~1\Temp\errB482.tmp" --ssl-no-revoke -A "Family Tree Builder 8.0.0.8397"
---DATA:---
action=api-sync-pre-sync&site_admin=ericrborsheim@gmail.com&site_pwd=53d384b89203627f686e06fb83b9fc4bc572ec2c&project_guid=57FCA7416EAD763E2E06995A33EE916F&publishing_guid=&revision=0&client_program_version=8.0.0.8397&site_id=364175731&computer_name=DESKTOP-G4N757J&bin_log_transaction_offset=0
------------------------------------------------------------------------------------
[26 OCT 2017 08:18:05 GMT-8] Pre-Sync Connection result:
0 (WAIT_OBJECT_0)

------------------------------------------------------------------------------------
[26 OCT 2017 08:18:05 GMT-8] Pre-Sync Response:
<?xml version="1.0"?>
<Pre-sync site_id="364175731" project_guid="57FCA7416EAD763E2E06995A33EE916F" client_revision="0" is_synced_with_ftb="0"/>


====================================================================================
[26 OCT 2017 08:18:05 GMT-8] Downloading Binlog Commands - Preparing for execution...

====================================================================================
[26 OCT 2017 08:18:05 GMT-8] Downloading Binlog Commands Request:
"C:\PROGRA~2\MYHERI~1\Bin\FAMILY~2.EXE" https://www.myheritage.com/FP/API/FTB/ftb-api.php --data "@C:\Users\Eric\AppData\Roaming\MYHERI~1\Temp\datB9C3.tmp" --output "C:\Users\Eric\AppData\Roaming\MYHERI~1\Temp\outB9C4.tmp" --stderr "C:\Users\Eric\AppData\Roaming\MYHERI~1\Temp\errB9C5.tmp" --ssl-no-revoke -A "Family Tree Builder 8.0.0.8397"
---DATA:---
action=api-sync-get-bin-log-transactions&site_admin=ericrborsheim@gmail.com&site_pwd=53d384b89203627f686e06fb83b9fc4bc572ec2c&site_id=364175731&client_program_version=8.0.0.8397&project_guid=57FCA7416EAD763E2E06995A33EE916F&revision=0&offset=0&limit=1
------------------------------------------------------------------------------------
[26 OCT 2017 08:18:07 GMT-8] Downloading Binlog Commands Connection result:
0 (WAIT_OBJECT_0)

------------------------------------------------------------------------------------
[26 OCT 2017 08:18:07 GMT-8] Downloading Binlog Commands Response:
<?xml version="1.0"?>
<Get-bin-log-transactions site_id="364175731" project_guid="57FCA7416EAD763E2E06995A33EE916F" client_revision="0" is_synced_with_ftb="0" total="0">
  <transactions/>
</Get-bin-log-transactions>


====================================================================================
[26 OCT 2017 22:38:06 GMT-8] Pre-Sync - Preparing for execution...

====================================================================================
[26 OCT 2017 22:38:06 GMT-8] Pre-Sync Request:
"C:\PROGRA~2\MYHERI~1\Bin\FAMILY~2.EXE" https://www.myheritage.com/FP/API/FTB/ftb-api.php --data "@C:\Users\Eric\AppData\Roaming\MYHERI~1\Temp\dat17CA.tmp" --progress-bar --output "C:\Users\Eric\AppData\Roaming\MYHERI~1\Temp\out17DB.tmp" --stderr "C:\Users\Eric\AppData\Roaming\MYHERI~1\Temp\err17DC.tmp" --ssl-no-revoke -A "Family Tree Builder 8.0.0.8397"
---DATA:---
action=api-sync-pre-sync&site_admin=ericrborsheim@gmail.com&site_pwd=53d384b89203627f686e06fb83b9fc4bc572ec2c&project_guid=57FCA7416EAD763E2E06995A33EE916F&publishing_guid=&revision=0&client_program_version=8.0.0.8397&site_id=364175731&computer_name=DESKTOP-G4N757J&bin_log_transaction_offset=0
------------------------------------------------------------------------------------
[26 OCT 2017 22:38:07 GMT-8] Pre-Sync Connection result:
0 (WAIT_OBJECT_0)

------------------------------------------------------------------------------------
[26 OCT 2017 22:38:07 GMT-8] Pre-Sync Response:
<?xml version="1.0"?>
<Pre-sync site_id="364175731" project_guid="57FCA7416EAD763E2E06995A33EE916F" client_revision="0" is_synced_with_ftb="0"/>


====================================================================================
[26 OCT 2017 22:38:07 GMT-8] Downloading Binlog Commands - Preparing for execution...

====================================================================================
[26 OCT 2017 22:38:07 GMT-8] Downloading Binlog Commands Request:
"C:\PROGRA~2\MYHERI~1\Bin\FAMILY~2.EXE" https://www.myheritage.com/FP/API/FTB/ftb-api.php --data "@C:\Users\Eric\AppData\Roaming\MYHERI~1\Temp\dat1AEA.tmp" --output "C:\Users\Eric\AppData\Roaming\MYHERI~1\Temp\out1AEB.tmp" --stderr "C:\Users\Eric\AppData\Roaming\MYHERI~1\Temp\err1AEC.tmp" --ssl-no-revoke -A "Family Tree Builder 8.0.0.8397"
---DATA:---
action=api-sync-get-bin-log-transactions&site_admin=ericrborsheim@gmail.com&site_pwd=53d384b89203627f686e06fb83b9fc4bc572ec2c&site_id=364175731&client_program_version=8.0.0.8397&project_guid=57FCA7416EAD763E2E06995A33EE916F&revision=0&offset=0&limit=1
------------------------------------------------------------------------------------
[26 OCT 2017 22:38:07 GMT-8] Downloading Binlog Commands Connection result:
0 (WAIT_OBJECT_0)

------------------------------------------------------------------------------------
[26 OCT 2017 22:38:07 GMT-8] Downloading Binlog Commands Response:
<?xml version="1.0"?>
<Get-bin-log-transactions site_id="364175731" project_guid="57FCA7416EAD763E2E06995A33EE916F" client_revision="0" is_synced_with_ftb="0" total="0">
  <transactions/>
</Get-bin-log-transactions>


====================================================================================
[28 OCT 2017 14:39:34 GMT-8] Pre-Sync - Preparing for execution...

====================================================================================
[28 OCT 2017 14:39:35 GMT-8] Pre-Sync Request:
"C:\PROGRA~2\MYHERI~1\Bin\FAMILY~2.EXE" https://www.myheritage.com/FP/API/FTB/ftb-api.php --data "@C:\Users\Eric\AppData\Roaming\MYHERI~1\Temp\datB6E9.tmp" --progress-bar --output "C:\Users\Eric\AppData\Roaming\MYHERI~1\Temp\outB6EA.tmp" --stderr "C:\Users\Eric\AppData\Roaming\MYHERI~1\Temp\errB6EB.tmp" --ssl-no-revoke -A "Family Tree Builder 8.0.0.8397"
---DATA:---
action=api-sync-pre-sync&site_admin=ericrborsheim@gmail.com&site_pwd=53d384b89203627f686e06fb83b9fc4bc572ec2c&project_guid=57FCA7416EAD763E2E06995A33EE916F&publishing_guid=&revision=0&client_program_version=8.0.0.8397&site_id=364175731&computer_name=DESKTOP-G4N757J&bin_log_transaction_offset=0
------------------------------------------------------------------------------------
[28 OCT 2017 14:39:35 GMT-8] Pre-Sync Connection result:
0 (WAIT_OBJECT_0)

------------------------------------------------------------------------------------
[28 OCT 2017 14:39:36 GMT-8] Pre-Sync Response:
<?xml version="1.0"?>
<Pre-sync site_id="364175731" project_guid="57FCA7416EAD763E2E06995A33EE916F" client_revision="0" is_synced_with_ftb="0"/>


====================================================================================
[28 OCT 2017 14:39:36 GMT-8] Downloading Binlog Commands - Preparing for execution...

====================================================================================
[28 OCT 2017 14:39:36 GMT-8] Downloading Binlog Commands Request:
"C:\PROGRA~2\MYHERI~1\Bin\FAMILY~2.EXE" https://www.myheritage.com/FP/API/FTB/ftb-api.php --data "@C:\Users\Eric\AppData\Roaming\MYHERI~1\Temp\datBB8F.tmp" --output "C:\Users\Eric\AppData\Roaming\MYHERI~1\Temp\outBB90.tmp" --stderr "C:\Users\Eric\AppData\Roaming\MYHERI~1\Temp\errBB91.tmp" --ssl-no-revoke -A "Family Tree Builder 8.0.0.8397"
---DATA:---
action=api-sync-get-bin-log-transactions&site_admin=ericrborsheim@gmail.com&site_pwd=53d384b89203627f686e06fb83b9fc4bc572ec2c&site_id=364175731&client_program_version=8.0.0.8397&project_guid=57FCA7416EAD763E2E06995A33EE916F&revision=0&offset=0&limit=1
------------------------------------------------------------------------------------
[28 OCT 2017 14:39:36 GMT-8] Downloading Binlog Commands Connection result:
0 (WAIT_OBJECT_0)

------------------------------------------------------------------------------------
[28 OCT 2017 14:39:36 GMT-8] Downloading Binlog Commands Response:
<?xml version="1.0"?>
<Get-bin-log-transactions site_id="364175731" project_guid="57FCA7416EAD763E2E06995A33EE916F" client_revision="0" is_synced_with_ftb="0" total="0">
  <transactions/>
</Get-bin-log-transactions>


====================================================================================
[29 OCT 2017 10:52:29 GMT-8] Pre-Sync - Preparing for execution...

====================================================================================
[29 OCT 2017 10:52:29 GMT-8] Pre-Sync Request:
"C:\PROGRA~2\MYHERI~1\Bin\FAMILY~2.EXE" https://www.myheritage.com/FP/API/FTB/ftb-api.php --data "@C:\Users\Eric\AppData\Roaming\MYHERI~1\Temp\dat29AD.tmp" --progress-bar --output "C:\Users\Eric\AppData\Roaming\MYHERI~1\Temp\out29BE.tmp" --stderr "C:\Users\Eric\AppData\Roaming\MYHERI~1\Temp\err29BF.tmp" --ssl-no-revoke -A "Family Tree Builder 8.0.0.8397"
---DATA:---
action=api-sync-pre-sync&site_admin=ericrborsheim@gmail.com&site_pwd=53d384b89203627f686e06fb83b9fc4bc572ec2c&project_guid=57FCA7416EAD763E2E06995A33EE916F&publishing_guid=&revision=0&client_program_version=8.0.0.8397&site_id=364175731&computer_name=DESKTOP-G4N757J&bin_log_transaction_offset=0
------------------------------------------------------------------------------------
[29 OCT 2017 10:52:30 GMT-8] Pre-Sync Connection result:
0 (WAIT_OBJECT_0)

------------------------------------------------------------------------------------
[29 OCT 2017 10:52:30 GMT-8] Pre-Sync Response:
<?xml version="1.0"?>
<Pre-sync site_id="364175731" project_guid="57FCA7416EAD763E2E06995A33EE916F" client_revision="0" is_synced_with_ftb="0"/>


====================================================================================
[29 OCT 2017 10:52:30 GMT-8] Downloading Binlog Commands - Preparing for execution...

====================================================================================
[29 OCT 2017 10:52:30 GMT-8] Downloading Binlog Commands Request:
"C:\PROGRA~2\MYHERI~1\Bin\FAMILY~2.EXE" https://www.myheritage.com/FP/API/FTB/ftb-api.php --data "@C:\Users\Eric\AppData\Roaming\MYHERI~1\Temp\dat2C41.tmp" --output "C:\Users\Eric\AppData\Roaming\MYHERI~1\Temp\out2C42.tmp" --stderr "C:\Users\Eric\AppData\Roaming\MYHERI~1\Temp\err2C43.tmp" --ssl-no-revoke -A "Family Tree Builder 8.0.0.8397"
---DATA:---
action=api-sync-get-bin-log-transactions&site_admin=ericrborsheim@gmail.com&site_pwd=53d384b89203627f686e06fb83b9fc4bc572ec2c&site_id=364175731&client_program_version=8.0.0.8397&project_guid=57FCA7416EAD763E2E06995A33EE916F&revision=0&offset=0&limit=1
------------------------------------------------------------------------------------
[29 OCT 2017 10:52:30 GMT-8] Downloading Binlog Commands Connection result:
0 (WAIT_OBJECT_0)

------------------------------------------------------------------------------------
[29 OCT 2017 10:52:30 GMT-8] Downloading Binlog Commands Response:
<?xml version="1.0"?>
<Get-bin-log-transactions site_id="364175731" project_guid="57FCA7416EAD763E2E06995A33EE916F" client_revision="0" is_synced_with_ftb="0" total="0">
  <transactions/>
</Get-bin-log-transactions>


====================================================================================
[1 NOV 2017 09:06:44 GMT-8] Pre-Sync - Preparing for execution...

====================================================================================
[1 NOV 2017 09:06:44 GMT-8] Pre-Sync Request:
"C:\PROGRA~2\MYHERI~1\Bin\FAMILY~2.EXE" https://www.myheritage.com/FP/API/FTB/ftb-api.php --data "@C:\Users\Eric\AppData\Roaming\MYHERI~1\Temp\dat6448.tmp" --progress-bar --output "C:\Users\Eric\AppData\Roaming\MYHERI~1\Temp\out6449.tmp" --stderr "C:\Users\Eric\AppData\Roaming\MYHERI~1\Temp\err644A.tmp" --ssl-no-revoke -A "Family Tree Builder 8.0.0.8397"
---DATA:---
action=api-sync-pre-sync&site_admin=ericrborsheim@gmail.com&site_pwd=53d384b89203627f686e06fb83b9fc4bc572ec2c&project_guid=57FCA7416EAD763E2E06995A33EE916F&publishing_guid=&revision=0&client_program_version=8.0.0.8397&site_id=364175731&computer_name=DESKTOP-G4N757J&bin_log_transaction_offset=0
------------------------------------------------------------------------------------
[1 NOV 2017 09:06:44 GMT-8] Pre-Sync Connection result:
0 (WAIT_OBJECT_0)

------------------------------------------------------------------------------------
[1 NOV 2017 09:06:44 GMT-8] Pre-Sync Response:
<?xml version="1.0"?>
<Pre-sync site_id="364175731" project_guid="57FCA7416EAD763E2E06995A33EE916F" client_revision="0" is_synced_with_ftb="0"/>


====================================================================================
[1 NOV 2017 09:06:44 GMT-8] Downloading Binlog Commands - Preparing for execution...

====================================================================================
[1 NOV 2017 09:06:44 GMT-8] Downloading Binlog Commands Request:
"C:\PROGRA~2\MYHERI~1\Bin\FAMILY~2.EXE" https://www.myheritage.com/FP/API/FTB/ftb-api.php --data "@C:\Users\Eric\AppData\Roaming\MYHERI~1\Temp\dat66DB.tmp" --output "C:\Users\Eric\AppData\Roaming\MYHERI~1\Temp\out66DC.tmp" --stderr "C:\Users\Eric\AppData\Roaming\MYHERI~1\Temp\err66DD.tmp" --ssl-no-revoke -A "Family Tree Builder 8.0.0.8397"
---DATA:---
action=api-sync-get-bin-log-transactions&site_admin=ericrborsheim@gmail.com&site_pwd=53d384b89203627f686e06fb83b9fc4bc572ec2c&site_id=364175731&client_program_version=8.0.0.8397&project_guid=57FCA7416EAD763E2E06995A33EE916F&revision=0&offset=0&limit=1
------------------------------------------------------------------------------------
[1 NOV 2017 09:06:46 GMT-8] Downloading Binlog Commands Connection result:
0 (WAIT_OBJECT_0)

------------------------------------------------------------------------------------
[1 NOV 2017 09:06:46 GMT-8] Downloading Binlog Commands Response:
<?xml version="1.0"?>
<Get-bin-log-transactions site_id="364175731" project_guid="57FCA7416EAD763E2E06995A33EE916F" client_revision="0" is_synced_with_ftb="0" total="0">
  <transactions/>
</Get-bin-log-transactions>


====================================================================================
[1 NOV 2017 12:25:50 GMT-8] Pre-Sync - Preparing for execution...

====================================================================================
[1 NOV 2017 12:25:50 GMT-8] Pre-Sync Request:
"C:\PROGRA~2\MYHERI~1\Bin\FAMILY~2.EXE" https://www.myheritage.com/FP/API/FTB/ftb-api.php --data "@C:\Users\Eric\AppData\Roaming\MYHERI~1\Temp\datACB8.tmp" --progress-bar --output "C:\Users\Eric\AppData\Roaming\MYHERI~1\Temp\outACB9.tmp" --stderr "C:\Users\Eric\AppData\Roaming\MYHERI~1\Temp\errACC9.tmp" --ssl-no-revoke -A "Family Tree Builder 8.0.0.8397"
---DATA:---
action=api-sync-pre-sync&site_admin=ericrborsheim@gmail.com&site_pwd=53d384b89203627f686e06fb83b9fc4bc572ec2c&project_guid=57FCA7416EAD763E2E06995A33EE916F&publishing_guid=&revision=0&client_program_version=8.0.0.8397&site_id=364175731&computer_name=DESKTOP-G4N757J&bin_log_transaction_offset=0
------------------------------------------------------------------------------------
[1 NOV 2017 12:25:51 GMT-8] Pre-Sync Connection result:
0 (WAIT_OBJECT_0)

------------------------------------------------------------------------------------
[1 NOV 2017 12:25:51 GMT-8] Pre-Sync Response:
<?xml version="1.0"?>
<Pre-sync site_id="364175731" project_guid="57FCA7416EAD763E2E06995A33EE916F" client_revision="0" is_synced_with_ftb="0"/>


====================================================================================
[1 NOV 2017 12:25:51 GMT-8] Downloading Binlog Commands - Preparing for execution...

====================================================================================
[1 NOV 2017 12:25:51 GMT-8] Downloading Binlog Commands Request:
"C:\PROGRA~2\MYHERI~1\Bin\FAMILY~2.EXE" https://www.myheritage.com/FP/API/FTB/ftb-api.php --data "@C:\Users\Eric\AppData\Roaming\MYHERI~1\Temp\datB006.tmp" --output "C:\Users\Eric\AppData\Roaming\MYHERI~1\Temp\outB007.tmp" --stderr "C:\Users\Eric\AppData\Roaming\MYHERI~1\Temp\errB008.tmp" --ssl-no-revoke -A "Family Tree Builder 8.0.0.8397"
---DATA:---
action=api-sync-get-bin-log-transactions&site_admin=ericrborsheim@gmail.com&site_pwd=53d384b89203627f686e06fb83b9fc4bc572ec2c&site_id=364175731&client_program_version=8.0.0.8397&project_guid=57FCA7416EAD763E2E06995A33EE916F&revision=0&offset=0&limit=1
------------------------------------------------------------------------------------
[1 NOV 2017 12:25:52 GMT-8] Downloading Binlog Commands Connection result:
0 (WAIT_OBJECT_0)

------------------------------------------------------------------------------------
[1 NOV 2017 12:25:52 GMT-8] Downloading Binlog Commands Response:
<?xml version="1.0"?>
<Get-bin-log-transactions site_id="364175731" project_guid="57FCA7416EAD763E2E06995A33EE916F" client_revision="0" is_synced_with_ftb="0" total="0">
  <transactions/>
</Get-bin-log-transactions>


====================================================================================
[3 NOV 2017 10:53:04 GMT-8] Pre-Sync - Preparing for execution...

====================================================================================
[3 NOV 2017 10:53:04 GMT-8] Pre-Sync Request:
"C:\PROGRA~2\MYHERI~1\Bin\FAMILY~2.EXE" https://www.myheritage.com/FP/API/FTB/ftb-api.php --data "@C:\Users\Eric\AppData\Roaming\MYHERI~1\Temp\dat782C.tmp" --progress-bar --output "C:\Users\Eric\AppData\Roaming\MYHERI~1\Temp\out782D.tmp" --stderr "C:\Users\Eric\AppData\Roaming\MYHERI~1\Temp\err782E.tmp" --ssl-no-revoke -A "Family Tree Builder 8.0.0.8397"
---DATA:---
action=api-sync-pre-sync&site_admin=ericrborsheim@gmail.com&site_pwd=53d384b89203627f686e06fb83b9fc4bc572ec2c&project_guid=57FCA7416EAD763E2E06995A33EE916F&publishing_guid=&revision=0&client_program_version=8.0.0.8397&site_id=364175731&computer_name=DESKTOP-G4N757J&bin_log_transaction_offset=0
------------------------------------------------------------------------------------
[3 NOV 2017 10:53:05 GMT-8] Pre-Sync Connection result:
0 (WAIT_OBJECT_0)

------------------------------------------------------------------------------------
[3 NOV 2017 10:53:05 GMT-8] Pre-Sync Response:
<?xml version="1.0"?>
<Pre-sync site_id="364175731" project_guid="57FCA7416EAD763E2E06995A33EE916F" client_revision="0" is_synced_with_ftb="0"/>


====================================================================================
[3 NOV 2017 10:53:05 GMT-8] Downloading Binlog Commands - Preparing for execution...

====================================================================================
[3 NOV 2017 10:53:05 GMT-8] Downloading Binlog Commands Request:
"C:\PROGRA~2\MYHERI~1\Bin\FAMILY~2.EXE" https://www.myheritage.com/FP/API/FTB/ftb-api.php --data "@C:\Users\Eric\AppData\Roaming\MYHERI~1\Temp\dat7A42.tmp" --output "C:\Users\Eric\AppData\Roaming\MYHERI~1\Temp\out7A43.tmp" --stderr "C:\Users\Eric\AppData\Roaming\MYHERI~1\Temp\err7A44.tmp" --ssl-no-revoke -A "Family Tree Builder 8.0.0.8397"
---DATA:---
action=api-sync-get-bin-log-transactions&site_admin=ericrborsheim@gmail.com&site_pwd=53d384b89203627f686e06fb83b9fc4bc572ec2c&site_id=364175731&client_program_version=8.0.0.8397&project_guid=57FCA7416EAD763E2E06995A33EE916F&revision=0&offset=0&limit=1
------------------------------------------------------------------------------------
[3 NOV 2017 10:53:06 GMT-8] Downloading Binlog Commands Connection result:
0 (WAIT_OBJECT_0)

------------------------------------------------------------------------------------
[3 NOV 2017 10:53:06 GMT-8] Downloading Binlog Commands Response:
<?xml version="1.0"?>
<Get-bin-log-transactions site_id="364175731" project_guid="57FCA7416EAD763E2E06995A33EE916F" client_revision="0" is_synced_with_ftb="0" total="0">
  <transactions/>
</Get-bin-log-transactions>


====================================================================================
[4 NOV 2017 11:33:10 GMT-8] Pre-Sync - Preparing for execution...

====================================================================================
[4 NOV 2017 11:33:10 GMT-8] Pre-Sync Request:
"C:\PROGRA~2\MYHERI~1\Bin\FAMILY~2.EXE" https://www.myheritage.com/FP/API/FTB/ftb-api.php --data "@C:\Users\Eric\AppData\Roaming\MYHERI~1\Temp\dat8869.tmp" --progress-bar --output "C:\Users\Eric\AppData\Roaming\MYHERI~1\Temp\out886A.tmp" --stderr "C:\Users\Eric\AppData\Roaming\MYHERI~1\Temp\err886B.tmp" --ssl-no-revoke -A "Family Tree Builder 8.0.0.8397"
---DATA:---
action=api-sync-pre-sync&site_admin=ericrborsheim@gmail.com&site_pwd=53d384b89203627f686e06fb83b9fc4bc572ec2c&project_guid=57FCA7416EAD763E2E06995A33EE916F&publishing_guid=&revision=0&client_program_version=8.0.0.8397&site_id=364175731&computer_name=DESKTOP-G4N757J&bin_log_transaction_offset=0
------------------------------------------------------------------------------------
[4 NOV 2017 11:33:10 GMT-8] Pre-Sync Connection result:
0 (WAIT_OBJECT_0)

------------------------------------------------------------------------------------
[4 NOV 2017 11:33:10 GMT-8] Pre-Sync Response:
<?xml version="1.0"?>
<Pre-sync site_id="364175731" project_guid="57FCA7416EAD763E2E06995A33EE916F" client_revision="0" is_synced_with_ftb="0"/>


====================================================================================
[4 NOV 2017 11:33:10 GMT-8] Downloading Binlog Commands - Preparing for execution...

====================================================================================
[4 NOV 2017 11:33:10 GMT-8] Downloading Binlog Commands Request:
"C:\PROGRA~2\MYHERI~1\Bin\FAMILY~2.EXE" https://www.myheritage.com/FP/API/FTB/ftb-api.php --data "@C:\Users\Eric\AppData\Roaming\MYHERI~1\Temp\dat8ABE.tmp" --output "C:\Users\Eric\AppData\Roaming\MYHERI~1\Temp\out8ABF.tmp" --stderr "C:\Users\Eric\AppData\Roaming\MYHERI~1\Temp\err8AC0.tmp" --ssl-no-revoke -A "Family Tree Builder 8.0.0.8397"
---DATA:---
action=api-sync-get-bin-log-transactions&site_admin=ericrborsheim@gmail.com&site_pwd=53d384b89203627f686e06fb83b9fc4bc572ec2c&site_id=364175731&client_program_version=8.0.0.8397&project_guid=57FCA7416EAD763E2E06995A33EE916F&revision=0&offset=0&limit=1
------------------------------------------------------------------------------------
[4 NOV 2017 11:33:11 GMT-8] Downloading Binlog Commands Connection result:
0 (WAIT_OBJECT_0)

------------------------------------------------------------------------------------
[4 NOV 2017 11:33:11 GMT-8] Downloading Binlog Commands Response:
<?xml version="1.0"?>
<Get-bin-log-transactions site_id="364175731" project_guid="57FCA7416EAD763E2E06995A33EE916F" client_revision="0" is_synced_with_ftb="0" total="0">
  <transactions/>
</Get-bin-log-transactions>


====================================================================================
[4 NOV 2017 12:17:42 GMT-8] Pre-Sync - Preparing for execution...

====================================================================================
[4 NOV 2017 12:17:43 GMT-8] Pre-Sync Request:
"C:\PROGRA~2\MYHERI~1\Bin\FAMILY~2.EXE" https://www.myheritage.com/FP/API/FTB/ftb-api.php --data "@C:\Users\Eric\AppData\Roaming\MYHERI~1\Temp\dat5183.tmp" --progress-bar --output "C:\Users\Eric\AppData\Roaming\MYHERI~1\Temp\out5184.tmp" --stderr "C:\Users\Eric\AppData\Roaming\MYHERI~1\Temp\err5195.tmp" --ssl-no-revoke -A "Family Tree Builder 8.0.0.8397"
---DATA:---
action=api-sync-pre-sync&site_admin=ericrborsheim@gmail.com&site_pwd=53d384b89203627f686e06fb83b9fc4bc572ec2c&project_guid=57FCA7416EAD763E2E06995A33EE916F&publishing_guid=&revision=0&client_program_version=8.0.0.8397&site_id=364175731&computer_name=DESKTOP-G4N757J&bin_log_transaction_offset=0
------------------------------------------------------------------------------------
[4 NOV 2017 12:17:43 GMT-8] Pre-Sync Connection result:
0 (WAIT_OBJECT_0)

------------------------------------------------------------------------------------
[4 NOV 2017 12:17:43 GMT-8] Pre-Sync Response:
<?xml version="1.0"?>
<Pre-sync site_id="364175731" project_guid="57FCA7416EAD763E2E06995A33EE916F" client_revision="0" is_synced_with_ftb="0"/>


====================================================================================
[4 NOV 2017 12:17:43 GMT-8] Downloading Binlog Commands - Preparing for execution...

====================================================================================
[4 NOV 2017 12:17:43 GMT-8] Downloading Binlog Commands Request:
"C:\PROGRA~2\MYHERI~1\Bin\FAMILY~2.EXE" https://www.myheritage.com/FP/API/FTB/ftb-api.php --data "@C:\Users\Eric\AppData\Roaming\MYHERI~1\Temp\dat5426.tmp" --output "C:\Users\Eric\AppData\Roaming\MYHERI~1\Temp\out5427.tmp" --stderr "C:\Users\Eric\AppData\Roaming\MYHERI~1\Temp\err5428.tmp" --ssl-no-revoke -A "Family Tree Builder 8.0.0.8397"
---DATA:---
action=api-sync-get-bin-log-transactions&site_admin=ericrborsheim@gmail.com&site_pwd=53d384b89203627f686e06fb83b9fc4bc572ec2c&site_id=364175731&client_program_version=8.0.0.8397&project_guid=57FCA7416EAD763E2E06995A33EE916F&revision=0&offset=0&limit=1
------------------------------------------------------------------------------------
[4 NOV 2017 12:17:44 GMT-8] Downloading Binlog Commands Connection result:
0 (WAIT_OBJECT_0)

------------------------------------------------------------------------------------
[4 NOV 2017 12:17:44 GMT-8] Downloading Binlog Commands Response:
<?xml version="1.0"?>
<Get-bin-log-transactions site_id="364175731" project_guid="57FCA7416EAD763E2E06995A33EE916F" client_revision="0" is_synced_with_ftb="0" total="0">
  <transactions/>
</Get-bin-log-transactions>


====================================================================================
[4 NOV 2017 19:30:01 GMT-8] Pre-Sync - Preparing for execution...

====================================================================================
[4 NOV 2017 19:30:01 GMT-8] Pre-Sync Request:
"C:\PROGRA~2\MYHERI~1\Bin\FAMILY~2.EXE" https://www.myheritage.com/FP/API/FTB/ftb-api.php --data "@C:\Users\Eric\AppData\Roaming\MYHERI~1\Temp\dat1C37.tmp" --progress-bar --output "C:\Users\Eric\AppData\Roaming\MYHERI~1\Temp\out1C38.tmp" --stderr "C:\Users\Eric\AppData\Roaming\MYHERI~1\Temp\err1C39.tmp" --ssl-no-revoke -A "Family Tree Builder 8.0.0.8397"
---DATA:---
action=api-sync-pre-sync&site_admin=ericrborsheim@gmail.com&site_pwd=53d384b89203627f686e06fb83b9fc4bc572ec2c&project_guid=57FCA7416EAD763E2E06995A33EE916F&publishing_guid=&revision=0&client_program_version=8.0.0.8397&site_id=364175731&computer_name=DESKTOP-G4N757J&bin_log_transaction_offset=0
------------------------------------------------------------------------------------
[4 NOV 2017 19:30:02 GMT-8] Pre-Sync Connection result:
0 (WAIT_OBJECT_0)

------------------------------------------------------------------------------------
[4 NOV 2017 19:30:02 GMT-8] Pre-Sync Response:
<?xml version="1.0"?>
<Pre-sync site_id="364175731" project_guid="57FCA7416EAD763E2E06995A33EE916F" client_revision="0" is_synced_with_ftb="0"/>


====================================================================================
[4 NOV 2017 19:30:02 GMT-8] Downloading Binlog Commands - Preparing for execution...

====================================================================================
[4 NOV 2017 19:30:02 GMT-8] Downloading Binlog Commands Request:
"C:\PROGRA~2\MYHERI~1\Bin\FAMILY~2.EXE" https://www.myheritage.com/FP/API/FTB/ftb-api.php --data "@C:\Users\Eric\AppData\Roaming\MYHERI~1\Temp\dat1EBB.tmp" --output "C:\Users\Eric\AppData\Roaming\MYHERI~1\Temp\out1EBC.tmp" --stderr "C:\Users\Eric\AppData\Roaming\MYHERI~1\Temp\err1EBD.tmp" --ssl-no-revoke -A "Family Tree Builder 8.0.0.8397"
---DATA:---
action=api-sync-get-bin-log-transactions&site_admin=ericrborsheim@gmail.com&site_pwd=53d384b89203627f686e06fb83b9fc4bc572ec2c&site_id=364175731&client_program_version=8.0.0.8397&project_guid=57FCA7416EAD763E2E06995A33EE916F&revision=0&offset=0&limit=1
------------------------------------------------------------------------------------
[4 NOV 2017 19:30:02 GMT-8] Downloading Binlog Commands Connection result:
0 (WAIT_OBJECT_0)

------------------------------------------------------------------------------------
[4 NOV 2017 19:30:02 GMT-8] Downloading Binlog Commands Response:
<?xml version="1.0"?>
<Get-bin-log-transactions site_id="364175731" project_guid="57FCA7416EAD763E2E06995A33EE916F" client_revision="0" is_synced_with_ftb="0" total="0">
  <transactions/>
</Get-bin-log-transactions>


====================================================================================
[5 NOV 2017 14:01:57 GMT-8] Pre-Sync - Preparing for execution...

====================================================================================
[5 NOV 2017 14:01:57 GMT-8] Pre-Sync Request:
"C:\PROGRA~2\MYHERI~1\Bin\FAMILY~2.EXE" https://www.myheritage.com/FP/API/FTB/ftb-api.php --data "@C:\Users\Eric\AppData\Roaming\MYHERI~1\Temp\datC26.tmp" --progress-bar --output "C:\Users\Eric\AppData\Roaming\MYHERI~1\Temp\outC27.tmp" --stderr "C:\Users\Eric\AppData\Roaming\MYHERI~1\Temp\errC28.tmp" --ssl-no-revoke -A "Family Tree Builder 8.0.0.8397"
---DATA:---
action=api-sync-pre-sync&site_admin=ericrborsheim@gmail.com&site_pwd=53d384b89203627f686e06fb83b9fc4bc572ec2c&project_guid=57FCA7416EAD763E2E06995A33EE916F&publishing_guid=&revision=0&client_program_version=8.0.0.8397&site_id=364175731&computer_name=DESKTOP-G4N757J&bin_log_transaction_offset=0
------------------------------------------------------------------------------------
[5 NOV 2017 14:01:58 GMT-8] Pre-Sync Connection result:
0 (WAIT_OBJECT_0)

------------------------------------------------------------------------------------
[5 NOV 2017 14:01:58 GMT-8] Pre-Sync Response:
<?xml version="1.0"?>
<Pre-sync site_id="364175731" project_guid="57FCA7416EAD763E2E06995A33EE916F" client_revision="0" is_synced_with_ftb="0"/>


====================================================================================
[5 NOV 2017 14:01:58 GMT-8] Downloading Binlog Commands - Preparing for execution...

====================================================================================
[5 NOV 2017 14:01:58 GMT-8] Downloading Binlog Commands Request:
"C:\PROGRA~2\MYHERI~1\Bin\FAMILY~2.EXE" https://www.myheritage.com/FP/API/FTB/ftb-api.php --data "@C:\Users\Eric\AppData\Roaming\MYHERI~1\Temp\dat107E.tmp" --output "C:\Users\Eric\AppData\Roaming\MYHERI~1\Temp\out107F.tmp" --stderr "C:\Users\Eric\AppData\Roaming\MYHERI~1\Temp\err1080.tmp" --ssl-no-revoke -A "Family Tree Builder 8.0.0.8397"
---DATA:---
action=api-sync-get-bin-log-transactions&site_admin=ericrborsheim@gmail.com&site_pwd=53d384b89203627f686e06fb83b9fc4bc572ec2c&site_id=364175731&client_program_version=8.0.0.8397&project_guid=57FCA7416EAD763E2E06995A33EE916F&revision=0&offset=0&limit=1
------------------------------------------------------------------------------------
[5 NOV 2017 14:01:59 GMT-8] Downloading Binlog Commands Connection result:
0 (WAIT_OBJECT_0)

------------------------------------------------------------------------------------
[5 NOV 2017 14:01:59 GMT-8] Downloading Binlog Commands Response:
<?xml version="1.0"?>
<Get-bin-log-transactions site_id="364175731" project_guid="57FCA7416EAD763E2E06995A33EE916F" client_revision="0" is_synced_with_ftb="0" total="0">
  <transactions/>
</Get-bin-log-transactions>


====================================================================================
[8 NOV 2017 13:26:45 GMT-8] Pre-Sync - Preparing for execution...

====================================================================================
[8 NOV 2017 13:26:46 GMT-8] Pre-Sync Request:
"C:\PROGRA~2\MYHERI~1\Bin\FAMILY~2.EXE" https://www.myheritage.com/FP/API/FTB/ftb-api.php --data "@C:\Users\Eric\AppData\Roaming\MYHERI~1\Temp\datE84A.tmp" --progress-bar --output "C:\Users\Eric\AppData\Roaming\MYHERI~1\Temp\outE84B.tmp" --stderr "C:\Users\Eric\AppData\Roaming\MYHERI~1\Temp\errE84C.tmp" --ssl-no-revoke -A "Family Tree Builder 8.0.0.8397"
---DATA:---
action=api-sync-pre-sync&site_admin=ericrborsheim@gmail.com&site_pwd=53d384b89203627f686e06fb83b9fc4bc572ec2c&project_guid=57FCA7416EAD763E2E06995A33EE916F&publishing_guid=&revision=0&client_program_version=8.0.0.8397&site_id=364175731&computer_name=DESKTOP-G4N757J&bin_log_transaction_offset=0
------------------------------------------------------------------------------------
[8 NOV 2017 13:26:46 GMT-8] Pre-Sync Connection result:
0 (WAIT_OBJECT_0)

------------------------------------------------------------------------------------
[8 NOV 2017 13:26:46 GMT-8] Pre-Sync Response:
<?xml version="1.0"?>
<Pre-sync site_id="364175731" project_guid="57FCA7416EAD763E2E06995A33EE916F" client_revision="0" is_synced_with_ftb="0"/>


====================================================================================
[8 NOV 2017 13:26:46 GMT-8] Downloading Binlog Commands - Preparing for execution...

====================================================================================
[8 NOV 2017 13:26:46 GMT-8] Downloading Binlog Commands Request:
"C:\PROGRA~2\MYHERI~1\Bin\FAMILY~2.EXE" https://www.myheritage.com/FP/API/FTB/ftb-api.php --data "@C:\Users\Eric\AppData\Roaming\MYHERI~1\Temp\datEA12.tmp" --output "C:\Users\Eric\AppData\Roaming\MYHERI~1\Temp\outEA13.tmp" --stderr "C:\Users\Eric\AppData\Roaming\MYHERI~1\Temp\errEA14.tmp" --ssl-no-revoke -A "Family Tree Builder 8.0.0.8397"
---DATA:---
action=api-sync-get-bin-log-transactions&site_admin=ericrborsheim@gmail.com&site_pwd=53d384b89203627f686e06fb83b9fc4bc572ec2c&site_id=364175731&client_program_version=8.0.0.8397&project_guid=57FCA7416EAD763E2E06995A33EE916F&revision=0&offset=0&limit=1
------------------------------------------------------------------------------------
[8 NOV 2017 13:26:46 GMT-8] Downloading Binlog Commands Connection result:
0 (WAIT_OBJECT_0)

------------------------------------------------------------------------------------
[8 NOV 2017 13:26:46 GMT-8] Downloading Binlog Commands Response:
<?xml version="1.0"?>
<Get-bin-log-transactions site_id="364175731" project_guid="57FCA7416EAD763E2E06995A33EE916F" client_revision="0" is_synced_with_ftb="0" total="0">
  <transactions/>
</Get-bin-log-transactions>


====================================================================================
[12 NOV 2017 12:32:17 GMT-8] Pre-Sync - Preparing for execution...

====================================================================================
[12 NOV 2017 12:32:17 GMT-8] Pre-Sync Request:
"C:\PROGRA~2\MYHERI~1\Bin\FAMILY~2.EXE" https://www.myheritage.com/FP/API/FTB/ftb-api.php --data "@C:\Users\Eric\AppData\Roaming\MYHERI~1\Temp\dat6FAD.tmp" --progress-bar --output "C:\Users\Eric\AppData\Roaming\MYHERI~1\Temp\out6FAE.tmp" --stderr "C:\Users\Eric\AppData\Roaming\MYHERI~1\Temp\err6FAF.tmp" --ssl-no-revoke -A "Family Tree Builder 8.0.0.8397"
---DATA:---
action=api-sync-pre-sync&site_admin=ericrborsheim@gmail.com&site_pwd=53d384b89203627f686e06fb83b9fc4bc572ec2c&project_guid=57FCA7416EAD763E2E06995A33EE916F&publishing_guid=&revision=0&client_program_version=8.0.0.8397&site_id=364175731&computer_name=DESKTOP-G4N757J&bin_log_transaction_offset=0
------------------------------------------------------------------------------------
[12 NOV 2017 12:32:19 GMT-8] Pre-Sync Connection result:
0 (WAIT_OBJECT_0)

------------------------------------------------------------------------------------
[12 NOV 2017 12:32:19 GMT-8] Pre-Sync Response:
<?xml version="1.0"?>
<Pre-sync site_id="364175731" project_guid="57FCA7416EAD763E2E06995A33EE916F" client_revision="0" is_synced_with_ftb="0"/>


====================================================================================
[12 NOV 2017 12:32:19 GMT-8] Downloading Binlog Commands - Preparing for execution...

====================================================================================
[12 NOV 2017 12:32:19 GMT-8] Downloading Binlog Commands Request:
"C:\PROGRA~2\MYHERI~1\Bin\FAMILY~2.EXE" https://www.myheritage.com/FP/API/FTB/ftb-api.php --data "@C:\Users\Eric\AppData\Roaming\MYHERI~1\Temp\dat753E.tmp" --output "C:\Users\Eric\AppData\Roaming\MYHERI~1\Temp\out753F.tmp" --stderr "C:\Users\Eric\AppData\Roaming\MYHERI~1\Temp\err7540.tmp" --ssl-no-revoke -A "Family Tree Builder 8.0.0.8397"
---DATA:---
action=api-sync-get-bin-log-transactions&site_admin=ericrborsheim@gmail.com&site_pwd=53d384b89203627f686e06fb83b9fc4bc572ec2c&site_id=364175731&client_program_version=8.0.0.8397&project_guid=57FCA7416EAD763E2E06995A33EE916F&revision=0&offset=0&limit=1
------------------------------------------------------------------------------------
[12 NOV 2017 12:32:19 GMT-8] Downloading Binlog Commands Connection result:
0 (WAIT_OBJECT_0)

------------------------------------------------------------------------------------
[12 NOV 2017 12:32:19 GMT-8] Downloading Binlog Commands Response:
<?xml version="1.0"?>
<Get-bin-log-transactions site_id="364175731" project_guid="57FCA7416EAD763E2E06995A33EE916F" client_revision="0" is_synced_with_ftb="0" total="0">
  <transactions/>
</Get-bin-log-transactions>


====================================================================================
[12 NOV 2017 21:16:14 GMT-8] Pre-Sync - Preparing for execution...

====================================================================================
[12 NOV 2017 21:16:14 GMT-8] Pre-Sync Request:
"C:\PROGRA~2\MYHERI~1\Bin\FAMILY~2.EXE" https://www.myheritage.com/FP/API/FTB/ftb-api.php --data "@C:\Users\Eric\AppData\Roaming\MYHERI~1\Temp\dat2024.tmp" --progress-bar --output "C:\Users\Eric\AppData\Roaming\MYHERI~1\Temp\out2025.tmp" --stderr "C:\Users\Eric\AppData\Roaming\MYHERI~1\Temp\err2026.tmp" --ssl-no-revoke -A "Family Tree Builder 8.0.0.8397"
---DATA:---
action=api-sync-pre-sync&site_admin=ericrborsheim@gmail.com&site_pwd=53d384b89203627f686e06fb83b9fc4bc572ec2c&project_guid=57FCA7416EAD763E2E06995A33EE916F&publishing_guid=&revision=0&client_program_version=8.0.0.8397&site_id=364175731&computer_name=DESKTOP-G4N757J&bin_log_transaction_offset=0
------------------------------------------------------------------------------------
[12 NOV 2017 21:16:15 GMT-8] Pre-Sync Connection result:
0 (WAIT_OBJECT_0)

------------------------------------------------------------------------------------
[12 NOV 2017 21:16:15 GMT-8] Pre-Sync Response:
<?xml version="1.0"?>
<Pre-sync site_id="364175731" project_guid="57FCA7416EAD763E2E06995A33EE916F" client_revision="0" is_synced_with_ftb="0"/>


====================================================================================
[12 NOV 2017 21:16:15 GMT-8] Downloading Binlog Commands - Preparing for execution...

====================================================================================
[12 NOV 2017 21:16:15 GMT-8] Downloading Binlog Commands Request:
"C:\PROGRA~2\MYHERI~1\Bin\FAMILY~2.EXE" https://www.myheritage.com/FP/API/FTB/ftb-api.php --data "@C:\Users\Eric\AppData\Roaming\MYHERI~1\Temp\dat220C.tmp" --output "C:\Users\Eric\AppData\Roaming\MYHERI~1\Temp\out220D.tmp" --stderr "C:\Users\Eric\AppData\Roaming\MYHERI~1\Temp\err220E.tmp" --ssl-no-revoke -A "Family Tree Builder 8.0.0.8397"
---DATA:---
action=api-sync-get-bin-log-transactions&site_admin=ericrborsheim@gmail.com&site_pwd=53d384b89203627f686e06fb83b9fc4bc572ec2c&site_id=364175731&client_program_version=8.0.0.8397&project_guid=57FCA7416EAD763E2E06995A33EE916F&revision=0&offset=0&limit=1
------------------------------------------------------------------------------------
[12 NOV 2017 21:16:15 GMT-8] Downloading Binlog Commands Connection result:
0 (WAIT_OBJECT_0)

------------------------------------------------------------------------------------
[12 NOV 2017 21:16:15 GMT-8] Downloading Binlog Commands Response:
<?xml version="1.0"?>
<Get-bin-log-transactions site_id="364175731" project_guid="57FCA7416EAD763E2E06995A33EE916F" client_revision="0" is_synced_with_ftb="0" total="0">
  <transactions/>
</Get-bin-log-transactions>


====================================================================================
[18 NOV 2017 12:40:26 GMT-8] Pre-Sync - Preparing for execution...

====================================================================================
[18 NOV 2017 12:40:26 GMT-8] Pre-Sync Request:
"C:\PROGRA~2\MYHERI~1\Bin\FAMILY~2.EXE" https://www.myheritage.com/FP/API/FTB/ftb-api.php --data "@C:\Users\Eric\AppData\Roaming\MYHERI~1\Temp\dat5F20.tmp" --progress-bar --output "C:\Users\Eric\AppData\Roaming\MYHERI~1\Temp\out5F21.tmp" --stderr "C:\Users\Eric\AppData\Roaming\MYHERI~1\Temp\err5F22.tmp" --ssl-no-revoke -A "Family Tree Builder 8.0.0.8397"
---DATA:---
action=api-sync-pre-sync&site_admin=ericrborsheim@gmail.com&site_pwd=53d384b89203627f686e06fb83b9fc4bc572ec2c&project_guid=57FCA7416EAD763E2E06995A33EE916F&publishing_guid=&revision=0&client_program_version=8.0.0.8397&site_id=364175731&computer_name=DESKTOP-G4N757J&bin_log_transaction_offset=0
------------------------------------------------------------------------------------
[18 NOV 2017 12:40:29 GMT-8] Pre-Sync Connection result:
0 (WAIT_OBJECT_0)

------------------------------------------------------------------------------------
[18 NOV 2017 12:40:29 GMT-8] Pre-Sync Response:
<?xml version="1.0"?>
<Pre-sync site_id="364175731" project_guid="57FCA7416EAD763E2E06995A33EE916F" client_revision="0" is_synced_with_ftb="0"/>


====================================================================================
[18 NOV 2017 12:40:29 GMT-8] Downloading Binlog Commands - Preparing for execution...

====================================================================================
[18 NOV 2017 12:40:29 GMT-8] Downloading Binlog Commands Request:
"C:\PROGRA~2\MYHERI~1\Bin\FAMILY~2.EXE" https://www.myheritage.com/FP/API/FTB/ftb-api.php --data "@C:\Users\Eric\AppData\Roaming\MYHERI~1\Temp\dat68D8.tmp" --output "C:\Users\Eric\AppData\Roaming\MYHERI~1\Temp\out68E8.tmp" --stderr "C:\Users\Eric\AppData\Roaming\MYHERI~1\Temp\err68E9.tmp" --ssl-no-revoke -A "Family Tree Builder 8.0.0.8397"
---DATA:---
action=api-sync-get-bin-log-transactions&site_admin=ericrborsheim@gmail.com&site_pwd=53d384b89203627f686e06fb83b9fc4bc572ec2c&site_id=364175731&client_program_version=8.0.0.8397&project_guid=57FCA7416EAD763E2E06995A33EE916F&revision=0&offset=0&limit=1
------------------------------------------------------------------------------------
[18 NOV 2017 12:40:29 GMT-8] Downloading Binlog Commands Connection result:
0 (WAIT_OBJECT_0)

------------------------------------------------------------------------------------
[18 NOV 2017 12:40:29 GMT-8] Downloading Binlog Commands Response:
<?xml version="1.0"?>
<Get-bin-log-transactions site_id="364175731" project_guid="57FCA7416EAD763E2E06995A33EE916F" client_revision="0" is_synced_with_ftb="0" total="0">
  <transactions/>
</Get-bin-log-transactions>


====================================================================================
[24 NOV 2017 01:53:44 GMT-8] Pre-Sync - Preparing for execution...

====================================================================================
[24 NOV 2017 01:53:49 GMT-8] Pre-Sync Request:
"C:\PROGRA~2\MYHERI~1\Bin\FAMILY~2.EXE" https://www.myheritage.com/FP/API/FTB/ftb-api.php --data "@C:\Users\Eric\AppData\Roaming\MYHERI~1\Temp\datBEF5.tmp" --progress-bar --output "C:\Users\Eric\AppData\Roaming\MYHERI~1\Temp\outBEF6.tmp" --stderr "C:\Users\Eric\AppData\Roaming\MYHERI~1\Temp\errC735.tmp" --ssl-no-revoke -A "Family Tree Builder 8.0.0.8397"
---DATA:---
action=api-sync-pre-sync&site_admin=ericrborsheim@gmail.com&site_pwd=53d384b89203627f686e06fb83b9fc4bc572ec2c&project_guid=57FCA7416EAD763E2E06995A33EE916F&publishing_guid=&revision=0&client_program_version=8.0.0.8397&site_id=364175731&computer_name=DESKTOP-G4N757J&bin_log_transaction_offset=0
------------------------------------------------------------------------------------
[24 NOV 2017 01:53:49 GMT-8] Pre-Sync Connection result:
0 (WAIT_OBJECT_0)

------------------------------------------------------------------------------------
[24 NOV 2017 01:53:49 GMT-8] Pre-Sync Response:
<?xml version="1.0"?>
<Pre-sync site_id="364175731" project_guid="57FCA7416EAD763E2E06995A33EE916F" client_revision="0" is_synced_with_ftb="0"/>


====================================================================================
[24 NOV 2017 01:53:49 GMT-8] Downloading Binlog Commands - Preparing for execution...

====================================================================================
[24 NOV 2017 01:53:49 GMT-8] Downloading Binlog Commands Request:
"C:\PROGRA~2\MYHERI~1\Bin\FAMILY~2.EXE" https://www.myheritage.com/FP/API/FTB/ftb-api.php --data "@C:\Users\Eric\AppData\Roaming\MYHERI~1\Temp\datCA14.tmp" --output "C:\Users\Eric\AppData\Roaming\MYHERI~1\Temp\outCA15.tmp" --stderr "C:\Users\Eric\AppData\Roaming\MYHERI~1\Temp\errCA16.tmp" --ssl-no-revoke -A "Family Tree Builder 8.0.0.8397"
---DATA:---
action=api-sync-get-bin-log-transactions&site_admin=ericrborsheim@gmail.com&site_pwd=53d384b89203627f686e06fb83b9fc4bc572ec2c&site_id=364175731&client_program_version=8.0.0.8397&project_guid=57FCA7416EAD763E2E06995A33EE916F&revision=0&offset=0&limit=1
------------------------------------------------------------------------------------
[24 NOV 2017 01:53:50 GMT-8] Downloading Binlog Commands Connection result:
0 (WAIT_OBJECT_0)

------------------------------------------------------------------------------------
[24 NOV 2017 01:53:50 GMT-8] Downloading Binlog Commands Response:
<?xml version="1.0"?>
<Get-bin-log-transactions site_id="364175731" project_guid="57FCA7416EAD763E2E06995A33EE916F" client_revision="0" is_synced_with_ftb="0" total="0">
  <transactions/>
</Get-bin-log-transactions>


====================================================================================
[29 NOV 2017 01:31:29 GMT-8] Pre-Sync - Preparing for execution...

====================================================================================
[29 NOV 2017 01:31:29 GMT-8] Pre-Sync Request:
"C:\PROGRA~2\MYHERI~1\Bin\FAMILY~2.EXE" https://www.myheritage.com/FP/API/FTB/ftb-api.php --data "@C:\Users\Eric\AppData\Roaming\MYHERI~1\Temp\dat410D.tmp" --progress-bar --output "C:\Users\Eric\AppData\Roaming\MYHERI~1\Temp\out410E.tmp" --stderr "C:\Users\Eric\AppData\Roaming\MYHERI~1\Temp\err410F.tmp" --ssl-no-revoke -A "Family Tree Builder 8.0.0.8397"
---DATA:---
action=api-sync-pre-sync&site_admin=ericrborsheim@gmail.com&site_pwd=53d384b89203627f686e06fb83b9fc4bc572ec2c&project_guid=57FCA7416EAD763E2E06995A33EE916F&publishing_guid=&revision=0&client_program_version=8.0.0.8397&site_id=364175731&computer_name=DESKTOP-G4N757J&bin_log_transaction_offset=0
------------------------------------------------------------------------------------
[29 NOV 2017 01:31:29 GMT-8] Pre-Sync Connection result:
0 (WAIT_OBJECT_0)

------------------------------------------------------------------------------------
[29 NOV 2017 01:31:29 GMT-8] Pre-Sync Response:
<?xml version="1.0"?>
<Pre-sync site_id="364175731" project_guid="57FCA7416EAD763E2E06995A33EE916F" client_revision="0" is_synced_with_ftb="0"/>


====================================================================================
[29 NOV 2017 01:31:29 GMT-8] Downloading Binlog Commands - Preparing for execution...

====================================================================================
[29 NOV 2017 01:31:29 GMT-8] Downloading Binlog Commands Request:
"C:\PROGRA~2\MYHERI~1\Bin\FAMILY~2.EXE" https://www.myheritage.com/FP/API/FTB/ftb-api.php --data "@C:\Users\Eric\AppData\Roaming\MYHERI~1\Temp\dat42C6.tmp" --output "C:\Users\Eric\AppData\Roaming\MYHERI~1\Temp\out42D7.tmp" --stderr "C:\Users\Eric\AppData\Roaming\MYHERI~1\Temp\err42D8.tmp" --ssl-no-revoke -A "Family Tree Builder 8.0.0.8397"
---DATA:---
action=api-sync-get-bin-log-transactions&site_admin=ericrborsheim@gmail.com&site_pwd=53d384b89203627f686e06fb83b9fc4bc572ec2c&site_id=364175731&client_program_version=8.0.0.8397&project_guid=57FCA7416EAD763E2E06995A33EE916F&revision=0&offset=0&limit=1
------------------------------------------------------------------------------------
[29 NOV 2017 01:31:29 GMT-8] Downloading Binlog Commands Connection result:
0 (WAIT_OBJECT_0)

------------------------------------------------------------------------------------
[29 NOV 2017 01:31:29 GMT-8] Downloading Binlog Commands Response:
<?xml version="1.0"?>
<Get-bin-log-transactions site_id="364175731" project_guid="57FCA7416EAD763E2E06995A33EE916F" client_revision="0" is_synced_with_ftb="0" total="0">
  <transactions/>
</Get-bin-log-transactions>


====================================================================================
[2 DEC 2017 00:36:18 GMT-8] Pre-Sync - Preparing for execution...

====================================================================================
[2 DEC 2017 00:36:18 GMT-8] Pre-Sync Request:
"C:\PROGRA~2\MYHERI~1\Bin\FAMILY~2.EXE" https://www.myheritage.com/FP/API/FTB/ftb-api.php --data "@C:\Users\Eric\AppData\Roaming\MYHERI~1\Temp\dat62FD.tmp" --progress-bar --output "C:\Users\Eric\AppData\Roaming\MYHERI~1\Temp\out62FE.tmp" --stderr "C:\Users\Eric\AppData\Roaming\MYHERI~1\Temp\err62FF.tmp" --ssl-no-revoke -A "Family Tree Builder 8.0.0.8397"
---DATA:---
action=api-sync-pre-sync&site_admin=ericrborsheim@gmail.com&site_pwd=53d384b89203627f686e06fb83b9fc4bc572ec2c&project_guid=57FCA7416EAD763E2E06995A33EE916F&publishing_guid=&revision=0&client_program_version=8.0.0.8397&site_id=364175731&computer_name=DESKTOP-G4N757J&bin_log_transaction_offset=0
------------------------------------------------------------------------------------
[2 DEC 2017 00:36:18 GMT-8] Pre-Sync Connection result:
0 (WAIT_OBJECT_0)

------------------------------------------------------------------------------------
[2 DEC 2017 00:36:18 GMT-8] Pre-Sync Response:
<?xml version="1.0"?>
<Pre-sync site_id="364175731" project_guid="57FCA7416EAD763E2E06995A33EE916F" client_revision="0" is_synced_with_ftb="0"/>


====================================================================================
[2 DEC 2017 00:36:18 GMT-8] Downloading Binlog Commands - Preparing for execution...

====================================================================================
[2 DEC 2017 00:36:18 GMT-8] Downloading Binlog Commands Request:
"C:\PROGRA~2\MYHERI~1\Bin\FAMILY~2.EXE" https://www.myheritage.com/FP/API/FTB/ftb-api.php --data "@C:\Users\Eric\AppData\Roaming\MYHERI~1\Temp\dat64B6.tmp" --output "C:\Users\Eric\AppData\Roaming\MYHERI~1\Temp\out64B7.tmp" --stderr "C:\Users\Eric\AppData\Roaming\MYHERI~1\Temp\err64B8.tmp" --ssl-no-revoke -A "Family Tree Builder 8.0.0.8397"
---DATA:---
action=api-sync-get-bin-log-transactions&site_admin=ericrborsheim@gmail.com&site_pwd=53d384b89203627f686e06fb83b9fc4bc572ec2c&site_id=364175731&client_program_version=8.0.0.8397&project_guid=57FCA7416EAD763E2E06995A33EE916F&revision=0&offset=0&limit=1
------------------------------------------------------------------------------------
[2 DEC 2017 00:36:18 GMT-8] Downloading Binlog Commands Connection result:
0 (WAIT_OBJECT_0)

------------------------------------------------------------------------------------
[2 DEC 2017 00:36:18 GMT-8] Downloading Binlog Commands Response:
<?xml version="1.0"?>
<Get-bin-log-transactions site_id="364175731" project_guid="57FCA7416EAD763E2E06995A33EE916F" client_revision="0" is_synced_with_ftb="0" total="0">
  <transactions/>
</Get-bin-log-transactions>


====================================================================================
[5 DEC 2017 14:47:24 GMT-8] Pre-Sync - Preparing for execution...

====================================================================================
[5 DEC 2017 14:47:24 GMT-8] Pre-Sync Request:
"C:\PROGRA~2\MYHERI~1\Bin\FAMILY~2.EXE" https://www.myheritage.com/FP/API/FTB/ftb-api.php --data "@C:\Users\Eric\AppData\Roaming\MYHERI~1\Temp\dat5660.tmp" --progress-bar --output "C:\Users\Eric\AppData\Roaming\MYHERI~1\Temp\out5661.tmp" --stderr "C:\Users\Eric\AppData\Roaming\MYHERI~1\Temp\err5662.tmp" --ssl-no-revoke -A "Family Tree Builder 8.0.0.8397"
---DATA:---
action=api-sync-pre-sync&site_admin=ericrborsheim@gmail.com&site_pwd=53d384b89203627f686e06fb83b9fc4bc572ec2c&project_guid=57FCA7416EAD763E2E06995A33EE916F&publishing_guid=&revision=0&client_program_version=8.0.0.8397&site_id=364175731&computer_name=DESKTOP-G4N757J&bin_log_transaction_offset=0
------------------------------------------------------------------------------------
[5 DEC 2017 14:47:25 GMT-8] Pre-Sync Connection result:
0 (WAIT_OBJECT_0)

------------------------------------------------------------------------------------
[5 DEC 2017 14:47:25 GMT-8] Pre-Sync Response:
<?xml version="1.0"?>
<Pre-sync site_id="364175731" project_guid="57FCA7416EAD763E2E06995A33EE916F" client_revision="0" is_synced_with_ftb="0"/>


====================================================================================
[5 DEC 2017 14:47:25 GMT-8] Downloading Binlog Commands - Preparing for execution...

====================================================================================
[5 DEC 2017 14:47:25 GMT-8] Downloading Binlog Commands Request:
"C:\PROGRA~2\MYHERI~1\Bin\FAMILY~2.EXE" https://www.myheritage.com/FP/API/FTB/ftb-api.php --data "@C:\Users\Eric\AppData\Roaming\MYHERI~1\Temp\dat5922.tmp" --output "C:\Users\Eric\AppData\Roaming\MYHERI~1\Temp\out5923.tmp" --stderr "C:\Users\Eric\AppData\Roaming\MYHERI~1\Temp\err5924.tmp" --ssl-no-revoke -A "Family Tree Builder 8.0.0.8397"
---DATA:---
action=api-sync-get-bin-log-transactions&site_admin=ericrborsheim@gmail.com&site_pwd=53d384b89203627f686e06fb83b9fc4bc572ec2c&site_id=364175731&client_program_version=8.0.0.8397&project_guid=57FCA7416EAD763E2E06995A33EE916F&revision=0&offset=0&limit=1
------------------------------------------------------------------------------------
[5 DEC 2017 14:47:25 GMT-8] Downloading Binlog Commands Connection result:
0 (WAIT_OBJECT_0)

------------------------------------------------------------------------------------
[5 DEC 2017 14:47:25 GMT-8] Downloading Binlog Commands Response:
<?xml version="1.0"?>
<Get-bin-log-transactions site_id="364175731" project_guid="57FCA7416EAD763E2E06995A33EE916F" client_revision="0" is_synced_with_ftb="0" total="0">
  <transactions/>
</Get-bin-log-transactions>


====================================================================================
[11 DEC 2017 19:07:09 GMT-8] Pre-Sync - Preparing for execution...

====================================================================================
[11 DEC 2017 19:07:09 GMT-8] Pre-Sync Request:
"C:\PROGRA~2\MYHERI~1\Bin\FAMILY~2.EXE" https://www.myheritage.com/FP/API/FTB/ftb-api.php --data "@C:\Users\Eric\AppData\Roaming\MYHERI~1\Temp\datE4AE.tmp" --progress-bar --output "C:\Users\Eric\AppData\Roaming\MYHERI~1\Temp\outE4AF.tmp" --stderr "C:\Users\Eric\AppData\Roaming\MYHERI~1\Temp\errE4B0.tmp" --ssl-no-revoke -A "Family Tree Builder 8.0.0.8397"
---DATA:---
action=api-sync-pre-sync&site_admin=ericrborsheim@gmail.com&site_pwd=53d384b89203627f686e06fb83b9fc4bc572ec2c&project_guid=57FCA7416EAD763E2E06995A33EE916F&publishing_guid=&revision=0&client_program_version=8.0.0.8397&site_id=364175731&computer_name=DESKTOP-G4N757J&bin_log_transaction_offset=0
------------------------------------------------------------------------------------
[11 DEC 2017 19:07:10 GMT-8] Pre-Sync Connection result:
0 (WAIT_OBJECT_0)

------------------------------------------------------------------------------------
[11 DEC 2017 19:07:10 GMT-8] Pre-Sync Response:
<?xml version="1.0"?>
<Pre-sync site_id="364175731" project_guid="57FCA7416EAD763E2E06995A33EE916F" client_revision="0" is_synced_with_ftb="0"/>


====================================================================================
[11 DEC 2017 19:07:10 GMT-8] Downloading Binlog Commands - Preparing for execution...

====================================================================================
[11 DEC 2017 19:07:10 GMT-8] Downloading Binlog Commands Request:
"C:\PROGRA~2\MYHERI~1\Bin\FAMILY~2.EXE" https://www.myheritage.com/FP/API/FTB/ftb-api.php --data "@C:\Users\Eric\AppData\Roaming\MYHERI~1\Temp\datE685.tmp" --output "C:\Users\Eric\AppData\Roaming\MYHERI~1\Temp\outE686.tmp" --stderr "C:\Users\Eric\AppData\Roaming\MYHERI~1\Temp\errE687.tmp" --ssl-no-revoke -A "Family Tree Builder 8.0.0.8397"
---DATA:---
action=api-sync-get-bin-log-transactions&site_admin=ericrborsheim@gmail.com&site_pwd=53d384b89203627f686e06fb83b9fc4bc572ec2c&site_id=364175731&client_program_version=8.0.0.8397&project_guid=57FCA7416EAD763E2E06995A33EE916F&revision=0&offset=0&limit=1
------------------------------------------------------------------------------------
[11 DEC 2017 19:07:10 GMT-8] Downloading Binlog Commands Connection result:
0 (WAIT_OBJECT_0)

------------------------------------------------------------------------------------
[11 DEC 2017 19:07:10 GMT-8] Downloading Binlog Commands Response:
<?xml version="1.0"?>
<Get-bin-log-transactions site_id="364175731" project_guid="57FCA7416EAD763E2E06995A33EE916F" client_revision="0" is_synced_with_ftb="0" total="0">
  <transactions/>
</Get-bin-log-transactions>


====================================================================================
[12 DEC 2017 01:20:23 GMT-8] Pre-Sync - Preparing for execution...

====================================================================================
[12 DEC 2017 01:20:23 GMT-8] Pre-Sync Request:
"C:\PROGRA~2\MYHERI~1\Bin\FAMILY~2.EXE" https://www.myheritage.com/FP/API/FTB/ftb-api.php --data "@C:\Users\Eric\AppData\Roaming\MYHERI~1\Temp\dat9976.tmp" --progress-bar --output "C:\Users\Eric\AppData\Roaming\MYHERI~1\Temp\out9977.tmp" --stderr "C:\Users\Eric\AppData\Roaming\MYHERI~1\Temp\err9978.tmp" --ssl-no-revoke -A "Family Tree Builder 8.0.0.8397"
---DATA:---
action=api-sync-pre-sync&site_admin=ericrborsheim@gmail.com&site_pwd=53d384b89203627f686e06fb83b9fc4bc572ec2c&project_guid=57FCA7416EAD763E2E06995A33EE916F&publishing_guid=&revision=0&client_program_version=8.0.0.8397&site_id=364175731&computer_name=DESKTOP-G4N757J&bin_log_transaction_offset=0
------------------------------------------------------------------------------------
[12 DEC 2017 01:20:24 GMT-8] Pre-Sync Connection result:
0 (WAIT_OBJECT_0)

------------------------------------------------------------------------------------
[12 DEC 2017 01:20:24 GMT-8] Pre-Sync Response:
<?xml version="1.0"?>
<Pre-sync site_id="364175731" project_guid="57FCA7416EAD763E2E06995A33EE916F" client_revision="0" is_synced_with_ftb="0"/>


====================================================================================
[12 DEC 2017 01:20:24 GMT-8] Downloading Binlog Commands - Preparing for execution...

====================================================================================
[12 DEC 2017 01:20:24 GMT-8] Downloading Binlog Commands Request:
"C:\PROGRA~2\MYHERI~1\Bin\FAMILY~2.EXE" https://www.myheritage.com/FP/API/FTB/ftb-api.php --data "@C:\Users\Eric\AppData\Roaming\MYHERI~1\Temp\dat9C38.tmp" --output "C:\Users\Eric\AppData\Roaming\MYHERI~1\Temp\out9C39.tmp" --stderr "C:\Users\Eric\AppData\Roaming\MYHERI~1\Temp\err9C3A.tmp" --ssl-no-revoke -A "Family Tree Builder 8.0.0.8397"
---DATA:---
action=api-sync-get-bin-log-transactions&site_admin=ericrborsheim@gmail.com&site_pwd=53d384b89203627f686e06fb83b9fc4bc572ec2c&site_id=364175731&client_program_version=8.0.0.8397&project_guid=57FCA7416EAD763E2E06995A33EE916F&revision=0&offset=0&limit=1
------------------------------------------------------------------------------------
[12 DEC 2017 01:20:25 GMT-8] Downloading Binlog Commands Connection result:
0 (WAIT_OBJECT_0)

------------------------------------------------------------------------------------
[12 DEC 2017 01:20:25 GMT-8] Downloading Binlog Commands Response:
<?xml version="1.0"?>
<Get-bin-log-transactions site_id="364175731" project_guid="57FCA7416EAD763E2E06995A33EE916F" client_revision="0" is_synced_with_ftb="0" total="0">
  <transactions/>
</Get-bin-log-transactions>


====================================================================================
[12 DEC 2017 23:12:11 GMT-8] Pre-Sync - Preparing for execution...

====================================================================================
[12 DEC 2017 23:12:11 GMT-8] Pre-Sync Request:
"C:\PROGRA~2\MYHERI~1\Bin\FAMILY~2.EXE" https://www.myheritage.com/FP/API/FTB/ftb-api.php --data "@C:\Users\Eric\AppData\Roaming\MYHERI~1\Temp\datB4D7.tmp" --progress-bar --output "C:\Users\Eric\AppData\Roaming\MYHERI~1\Temp\outB4D8.tmp" --stderr "C:\Users\Eric\AppData\Roaming\MYHERI~1\Temp\errB4E8.tmp" --ssl-no-revoke -A "Family Tree Builder 8.0.0.8397"
---DATA:---
action=api-sync-pre-sync&site_admin=ericrborsheim@gmail.com&site_pwd=53d384b89203627f686e06fb83b9fc4bc572ec2c&project_guid=57FCA7416EAD763E2E06995A33EE916F&publishing_guid=&revision=0&client_program_version=8.0.0.8397&site_id=364175731&computer_name=DESKTOP-G4N757J&bin_log_transaction_offset=0
------------------------------------------------------------------------------------
[12 DEC 2017 23:12:12 GMT-8] Pre-Sync Connection result:
0 (WAIT_OBJECT_0)

------------------------------------------------------------------------------------
[12 DEC 2017 23:12:12 GMT-8] Pre-Sync Response:
<?xml version="1.0"?>
<Pre-sync site_id="364175731" project_guid="57FCA7416EAD763E2E06995A33EE916F" client_revision="0" is_synced_with_ftb="0"/>


====================================================================================
[12 DEC 2017 23:12:12 GMT-8] Downloading Binlog Commands - Preparing for execution...

====================================================================================
[12 DEC 2017 23:12:12 GMT-8] Downloading Binlog Commands Request:
"C:\PROGRA~2\MYHERI~1\Bin\FAMILY~2.EXE" https://www.myheritage.com/FP/API/FTB/ftb-api.php --data "@C:\Users\Eric\AppData\Roaming\MYHERI~1\Temp\datB6BE.tmp" --output "C:\Users\Eric\AppData\Roaming\MYHERI~1\Temp\outB6BF.tmp" --stderr "C:\Users\Eric\AppData\Roaming\MYHERI~1\Temp\errB6C0.tmp" --ssl-no-revoke -A "Family Tree Builder 8.0.0.8397"
---DATA:---
action=api-sync-get-bin-log-transactions&site_admin=ericrborsheim@gmail.com&site_pwd=53d384b89203627f686e06fb83b9fc4bc572ec2c&site_id=364175731&client_program_version=8.0.0.8397&project_guid=57FCA7416EAD763E2E06995A33EE916F&revision=0&offset=0&limit=1
------------------------------------------------------------------------------------
[12 DEC 2017 23:12:12 GMT-8] Downloading Binlog Commands Connection result:
0 (WAIT_OBJECT_0)

------------------------------------------------------------------------------------
[12 DEC 2017 23:12:12 GMT-8] Downloading Binlog Commands Response:
<?xml version="1.0"?>
<Get-bin-log-transactions site_id="364175731" project_guid="57FCA7416EAD763E2E06995A33EE916F" client_revision="0" is_synced_with_ftb="0" total="0">
  <transactions/>
</Get-bin-log-transactions>


====================================================================================
[14 DEC 2017 12:21:49 GMT-8] Pre-Sync - Preparing for execution...

====================================================================================
[14 DEC 2017 12:21:49 GMT-8] Pre-Sync Request:
"C:\PROGRA~2\MYHERI~1\Bin\FAMILY~2.EXE" https://www.myheritage.com/FP/API/FTB/ftb-api.php --data "@C:\Users\Eric\AppData\Roaming\MYHERI~1\Temp\dat8D7D.tmp" --progress-bar --output "C:\Users\Eric\AppData\Roaming\MYHERI~1\Temp\out8D7E.tmp" --stderr "C:\Users\Eric\AppData\Roaming\MYHERI~1\Temp\err8D7F.tmp" --ssl-no-revoke -A "Family Tree Builder 8.0.0.8397"
---DATA:---
action=api-sync-pre-sync&site_admin=ericrborsheim@gmail.com&site_pwd=53d384b89203627f686e06fb83b9fc4bc572ec2c&project_guid=57FCA7416EAD763E2E06995A33EE916F&publishing_guid=&revision=0&client_program_version=8.0.0.8397&site_id=364175731&computer_name=DESKTOP-G4N757J&bin_log_transaction_offset=0
------------------------------------------------------------------------------------
[14 DEC 2017 12:21:50 GMT-8] Pre-Sync Connection result:
0 (WAIT_OBJECT_0)

------------------------------------------------------------------------------------
[14 DEC 2017 12:21:50 GMT-8] Pre-Sync Response:
<?xml version="1.0"?>
<Pre-sync site_id="364175731" project_guid="57FCA7416EAD763E2E06995A33EE916F" client_revision="0" is_synced_with_ftb="0"/>


====================================================================================
[14 DEC 2017 12:21:50 GMT-8] Downloading Binlog Commands - Preparing for execution...

====================================================================================
[14 DEC 2017 12:21:50 GMT-8] Downloading Binlog Commands Request:
"C:\PROGRA~2\MYHERI~1\Bin\FAMILY~2.EXE" https://www.myheritage.com/FP/API/FTB/ftb-api.php --data "@C:\Users\Eric\AppData\Roaming\MYHERI~1\Temp\dat8FB2.tmp" --output "C:\Users\Eric\AppData\Roaming\MYHERI~1\Temp\out8FB3.tmp" --stderr "C:\Users\Eric\AppData\Roaming\MYHERI~1\Temp\err8FB4.tmp" --ssl-no-revoke -A "Family Tree Builder 8.0.0.8397"
---DATA:---
action=api-sync-get-bin-log-transactions&site_admin=ericrborsheim@gmail.com&site_pwd=53d384b89203627f686e06fb83b9fc4bc572ec2c&site_id=364175731&client_program_version=8.0.0.8397&project_guid=57FCA7416EAD763E2E06995A33EE916F&revision=0&offset=0&limit=1
------------------------------------------------------------------------------------
[14 DEC 2017 12:21:50 GMT-8] Downloading Binlog Commands Connection result:
0 (WAIT_OBJECT_0)

------------------------------------------------------------------------------------
[14 DEC 2017 12:21:50 GMT-8] Downloading Binlog Commands Response:
<?xml version="1.0"?>
<Get-bin-log-transactions site_id="364175731" project_guid="57FCA7416EAD763E2E06995A33EE916F" client_revision="0" is_synced_with_ftb="0" total="0">
  <transactions/>
</Get-bin-log-transactions>


====================================================================================
[16 DEC 2017 01:37:28 GMT-8] Pre-Sync - Preparing for execution...

====================================================================================
[16 DEC 2017 01:37:28 GMT-8] Pre-Sync Request:
"C:\PROGRA~2\MYHERI~1\Bin\FAMILY~2.EXE" https://www.myheritage.com/FP/API/FTB/ftb-api.php --data "@C:\Users\Eric\AppData\Roaming\MYHERI~1\Temp\dat4D72.tmp" --progress-bar --output "C:\Users\Eric\AppData\Roaming\MYHERI~1\Temp\out4D73.tmp" --stderr "C:\Users\Eric\AppData\Roaming\MYHERI~1\Temp\err4D74.tmp" --ssl-no-revoke -A "Family Tree Builder 8.0.0.8397"
---DATA:---
action=api-sync-pre-sync&site_admin=ericrborsheim@gmail.com&site_pwd=53d384b89203627f686e06fb83b9fc4bc572ec2c&project_guid=57FCA7416EAD763E2E06995A33EE916F&publishing_guid=&revision=0&client_program_version=8.0.0.8397&site_id=364175731&computer_name=DESKTOP-G4N757J&bin_log_transaction_offset=0
------------------------------------------------------------------------------------
[16 DEC 2017 01:37:28 GMT-8] Pre-Sync Connection result:
0 (WAIT_OBJECT_0)

------------------------------------------------------------------------------------
[16 DEC 2017 01:37:28 GMT-8] Pre-Sync Response:
<?xml version="1.0"?>
<Pre-sync site_id="364175731" project_guid="57FCA7416EAD763E2E06995A33EE916F" client_revision="0" is_synced_with_ftb="0"/>


====================================================================================
[16 DEC 2017 01:37:28 GMT-8] Downloading Binlog Commands - Preparing for execution...

====================================================================================
[16 DEC 2017 01:37:28 GMT-8] Downloading Binlog Commands Request:
"C:\PROGRA~2\MYHERI~1\Bin\FAMILY~2.EXE" https://www.myheritage.com/FP/API/FTB/ftb-api.php --data "@C:\Users\Eric\AppData\Roaming\MYHERI~1\Temp\dat5034.tmp" --output "C:\Users\Eric\AppData\Roaming\MYHERI~1\Temp\out5035.tmp" --stderr "C:\Users\Eric\AppData\Roaming\MYHERI~1\Temp\err5036.tmp" --ssl-no-revoke -A "Family Tree Builder 8.0.0.8397"
---DATA:---
action=api-sync-get-bin-log-transactions&site_admin=ericrborsheim@gmail.com&site_pwd=53d384b89203627f686e06fb83b9fc4bc572ec2c&site_id=364175731&client_program_version=8.0.0.8397&project_guid=57FCA7416EAD763E2E06995A33EE916F&revision=0&offset=0&limit=1
------------------------------------------------------------------------------------
[16 DEC 2017 01:37:29 GMT-8] Downloading Binlog Commands Connection result:
0 (WAIT_OBJECT_0)

------------------------------------------------------------------------------------
[16 DEC 2017 01:37:29 GMT-8] Downloading Binlog Commands Response:
<?xml version="1.0"?>
<Get-bin-log-transactions site_id="364175731" project_guid="57FCA7416EAD763E2E06995A33EE916F" client_revision="0" is_synced_with_ftb="0" total="0">
  <transactions/>
</Get-bin-log-transactions>


====================================================================================
[23 DEC 2017 14:34:35 GMT-8] Pre-Sync - Preparing for execution...

====================================================================================
[23 DEC 2017 14:34:35 GMT-8] Pre-Sync Request:
"C:\PROGRA~2\MYHERI~1\Bin\FAMILY~2.EXE" https://www.myheritage.com/FP/API/FTB/ftb-api.php --data "@C:\Users\Eric\AppData\Roaming\MYHERI~1\Temp\dat4DE6.tmp" --progress-bar --output "C:\Users\Eric\AppData\Roaming\MYHERI~1\Temp\out4DE7.tmp" --stderr "C:\Users\Eric\AppData\Roaming\MYHERI~1\Temp\err4DE8.tmp" --ssl-no-revoke -A "Family Tree Builder 8.0.0.8397"
---DATA:---
action=api-sync-pre-sync&site_admin=ericrborsheim@gmail.com&site_pwd=53d384b89203627f686e06fb83b9fc4bc572ec2c&project_guid=57FCA7416EAD763E2E06995A33EE916F&publishing_guid=&revision=0&client_program_version=8.0.0.8397&site_id=364175731&computer_name=DESKTOP-G4N757J&bin_log_transaction_offset=0
------------------------------------------------------------------------------------
[23 DEC 2017 14:34:35 GMT-8] Pre-Sync Connection result:
0 (WAIT_OBJECT_0)

------------------------------------------------------------------------------------
[23 DEC 2017 14:34:35 GMT-8] Pre-Sync Response:
<?xml version="1.0"?>
<Pre-sync site_id="364175731" project_guid="57FCA7416EAD763E2E06995A33EE916F" client_revision="0" is_synced_with_ftb="0"/>


====================================================================================
[23 DEC 2017 14:34:35 GMT-8] Downloading Binlog Commands - Preparing for execution...

====================================================================================
[23 DEC 2017 14:34:35 GMT-8] Downloading Binlog Commands Request:
"C:\PROGRA~2\MYHERI~1\Bin\FAMILY~2.EXE" https://www.myheritage.com/FP/API/FTB/ftb-api.php --data "@C:\Users\Eric\AppData\Roaming\MYHERI~1\Temp\dat4F8F.tmp" --output "C:\Users\Eric\AppData\Roaming\MYHERI~1\Temp\out4F9F.tmp" --stderr "C:\Users\Eric\AppData\Roaming\MYHERI~1\Temp\err4FA0.tmp" --ssl-no-revoke -A "Family Tree Builder 8.0.0.8397"
---DATA:---
action=api-sync-get-bin-log-transactions&site_admin=ericrborsheim@gmail.com&site_pwd=53d384b89203627f686e06fb83b9fc4bc572ec2c&site_id=364175731&client_program_version=8.0.0.8397&project_guid=57FCA7416EAD763E2E06995A33EE916F&revision=0&offset=0&limit=1
------------------------------------------------------------------------------------
[23 DEC 2017 14:34:36 GMT-8] Downloading Binlog Commands Connection result:
0 (WAIT_OBJECT_0)

------------------------------------------------------------------------------------
[23 DEC 2017 14:34:36 GMT-8] Downloading Binlog Commands Response:
<?xml version="1.0"?>
<Get-bin-log-transactions site_id="364175731" project_guid="57FCA7416EAD763E2E06995A33EE916F" client_revision="0" is_synced_with_ftb="0" total="0">
  <transactions/>
</Get-bin-log-transactions>


====================================================================================
[1 JAN 2018 21:46:34 GMT-8] Pre-Sync - Preparing for execution...

====================================================================================
[1 JAN 2018 21:46:34 GMT-8] Pre-Sync Request:
"C:\PROGRA~2\MYHERI~1\Bin\FAMILY~2.EXE" https://www.myheritage.com/FP/API/FTB/ftb-api.php --data "@C:\Users\Eric\AppData\Roaming\MYHERI~1\Temp\dat784.tmp" --progress-bar --output "C:\Users\Eric\AppData\Roaming\MYHERI~1\Temp\out785.tmp" --stderr "C:\Users\Eric\AppData\Roaming\MYHERI~1\Temp\err786.tmp" --ssl-no-revoke -A "Family Tree Builder 8.0.0.8397"
---DATA:---
action=api-sync-pre-sync&site_admin=ericrborsheim@gmail.com&site_pwd=53d384b89203627f686e06fb83b9fc4bc572ec2c&project_guid=57FCA7416EAD763E2E06995A33EE916F&publishing_guid=&revision=0&client_program_version=8.0.0.8397&site_id=364175731&computer_name=DESKTOP-G4N757J&bin_log_transaction_offset=0
------------------------------------------------------------------------------------
[1 JAN 2018 21:46:35 GMT-8] Pre-Sync Connection result:
0 (WAIT_OBJECT_0)

------------------------------------------------------------------------------------
[1 JAN 2018 21:46:35 GMT-8] Pre-Sync Response:
<?xml version="1.0"?>
<Pre-sync site_id="364175731" project_guid="57FCA7416EAD763E2E06995A33EE916F" client_revision="0" is_synced_with_ftb="0"/>


====================================================================================
[1 JAN 2018 21:46:35 GMT-8] Downloading Binlog Commands - Preparing for execution...

====================================================================================
[1 JAN 2018 21:46:35 GMT-8] Downloading Binlog Commands Request:
"C:\PROGRA~2\MYHERI~1\Bin\FAMILY~2.EXE" https://www.myheritage.com/FP/API/FTB/ftb-api.php --data "@C:\Users\Eric\AppData\Roaming\MYHERI~1\Temp\datB7F.tmp" --output "C:\Users\Eric\AppData\Roaming\MYHERI~1\Temp\outB80.tmp" --stderr "C:\Users\Eric\AppData\Roaming\MYHERI~1\Temp\errB81.tmp" --ssl-no-revoke -A "Family Tree Builder 8.0.0.8397"
---DATA:---
action=api-sync-get-bin-log-transactions&site_admin=ericrborsheim@gmail.com&site_pwd=53d384b89203627f686e06fb83b9fc4bc572ec2c&site_id=364175731&client_program_version=8.0.0.8397&project_guid=57FCA7416EAD763E2E06995A33EE916F&revision=0&offset=0&limit=1
------------------------------------------------------------------------------------
[1 JAN 2018 21:46:35 GMT-8] Downloading Binlog Commands Connection result:
0 (WAIT_OBJECT_0)

------------------------------------------------------------------------------------
[1 JAN 2018 21:46:35 GMT-8] Downloading Binlog Commands Response:
<?xml version="1.0"?>
<Get-bin-log-transactions site_id="364175731" project_guid="57FCA7416EAD763E2E06995A33EE916F" client_revision="0" is_synced_with_ftb="0" total="0">
  <transactions/>
</Get-bin-log-transactions>


====================================================================================
[3 JAN 2018 22:03:03 GMT-8] Pre-Sync - Preparing for execution...

====================================================================================
[3 JAN 2018 22:03:04 GMT-8] Pre-Sync Request:
"C:\PROGRA~2\MYHERI~1\Bin\FAMILY~2.EXE" https://www.myheritage.com/FP/API/FTB/ftb-api.php --data "@C:\Users\Eric\AppData\Roaming\MYHERI~1\Temp\datDA08.tmp" --progress-bar --output "C:\Users\Eric\AppData\Roaming\MYHERI~1\Temp\outDA09.tmp" --stderr "C:\Users\Eric\AppData\Roaming\MYHERI~1\Temp\errDA1A.tmp" --ssl-no-revoke -A "Family Tree Builder 8.0.0.8397"
---DATA:---
action=api-sync-pre-sync&site_admin=ericrborsheim@gmail.com&site_pwd=53d384b89203627f686e06fb83b9fc4bc572ec2c&project_guid=57FCA7416EAD763E2E06995A33EE916F&publishing_guid=&revision=0&client_program_version=8.0.0.8397&site_id=364175731&computer_name=DESKTOP-G4N757J&bin_log_transaction_offset=0
------------------------------------------------------------------------------------
[3 JAN 2018 22:03:04 GMT-8] Pre-Sync Connection result:
0 (WAIT_OBJECT_0)

------------------------------------------------------------------------------------
[3 JAN 2018 22:03:04 GMT-8] Pre-Sync Response:
<?xml version="1.0"?>
<Pre-sync site_id="364175731" project_guid="57FCA7416EAD763E2E06995A33EE916F" client_revision="0" is_synced_with_ftb="0"/>


====================================================================================
[3 JAN 2018 22:03:04 GMT-8] Downloading Binlog Commands - Preparing for execution...

====================================================================================
[3 JAN 2018 22:03:04 GMT-8] Downloading Binlog Commands Request:
"C:\PROGRA~2\MYHERI~1\Bin\FAMILY~2.EXE" https://www.myheritage.com/FP/API/FTB/ftb-api.php --data "@C:\Users\Eric\AppData\Roaming\MYHERI~1\Temp\datDC6C.tmp" --output "C:\Users\Eric\AppData\Roaming\MYHERI~1\Temp\outDC6D.tmp" --stderr "C:\Users\Eric\AppData\Roaming\MYHERI~1\Temp\errDC6E.tmp" --ssl-no-revoke -A "Family Tree Builder 8.0.0.8397"
---DATA:---
action=api-sync-get-bin-log-transactions&site_admin=ericrborsheim@gmail.com&site_pwd=53d384b89203627f686e06fb83b9fc4bc572ec2c&site_id=364175731&client_program_version=8.0.0.8397&project_guid=57FCA7416EAD763E2E06995A33EE916F&revision=0&offset=0&limit=1
------------------------------------------------------------------------------------
[3 JAN 2018 22:03:05 GMT-8] Downloading Binlog Commands Connection result:
0 (WAIT_OBJECT_0)

------------------------------------------------------------------------------------
[3 JAN 2018 22:03:05 GMT-8] Downloading Binlog Commands Response:
<?xml version="1.0"?>
<Get-bin-log-transactions site_id="364175731" project_guid="57FCA7416EAD763E2E06995A33EE916F" client_revision="0" is_synced_with_ftb="0" total="0">
  <transactions/>
</Get-bin-log-transactions>


====================================================================================
[3 JAN 2018 23:10:24 GMT-8] Pre-Sync - Preparing for execution...

====================================================================================
[3 JAN 2018 23:10:24 GMT-8] Pre-Sync Request:
"C:\PROGRA~2\MYHERI~1\Bin\FAMILY~2.EXE" https://www.myheritage.com/FP/API/FTB/ftb-api.php --data "@C:\Users\Eric\AppData\Roaming\MYHERI~1\Temp\dat80EA.tmp" --progress-bar --output "C:\Users\Eric\AppData\Roaming\MYHERI~1\Temp\out80EB.tmp" --stderr "C:\Users\Eric\AppData\Roaming\MYHERI~1\Temp\err80EC.tmp" --ssl-no-revoke -A "Family Tree Builder 8.0.0.8397"
---DATA:---
action=api-sync-pre-sync&site_admin=ericrborsheim@gmail.com&site_pwd=53d384b89203627f686e06fb83b9fc4bc572ec2c&project_guid=57FCA7416EAD763E2E06995A33EE916F&publishing_guid=&revision=0&client_program_version=8.0.0.8397&site_id=364175731&computer_name=DESKTOP-G4N757J&bin_log_transaction_offset=0
------------------------------------------------------------------------------------
[3 JAN 2018 23:10:25 GMT-8] Pre-Sync Connection result:
0 (WAIT_OBJECT_0)

------------------------------------------------------------------------------------
[3 JAN 2018 23:10:25 GMT-8] Pre-Sync Response:
<?xml version="1.0"?>
<Pre-sync site_id="364175731" project_guid="57FCA7416EAD763E2E06995A33EE916F" client_revision="0" is_synced_with_ftb="0"/>


====================================================================================
[3 JAN 2018 23:10:25 GMT-8] Downloading Binlog Commands - Preparing for execution...

====================================================================================
[3 JAN 2018 23:10:25 GMT-8] Downloading Binlog Commands Request:
"C:\PROGRA~2\MYHERI~1\Bin\FAMILY~2.EXE" https://www.myheritage.com/FP/API/FTB/ftb-api.php --data "@C:\Users\Eric\AppData\Roaming\MYHERI~1\Temp\dat840A.tmp" --output "C:\Users\Eric\AppData\Roaming\MYHERI~1\Temp\out840B.tmp" --stderr "C:\Users\Eric\AppData\Roaming\MYHERI~1\Temp\err840C.tmp" --ssl-no-revoke -A "Family Tree Builder 8.0.0.8397"
---DATA:---
action=api-sync-get-bin-log-transactions&site_admin=ericrborsheim@gmail.com&site_pwd=53d384b89203627f686e06fb83b9fc4bc572ec2c&site_id=364175731&client_program_version=8.0.0.8397&project_guid=57FCA7416EAD763E2E06995A33EE916F&revision=0&offset=0&limit=1
------------------------------------------------------------------------------------
[3 JAN 2018 23:10:25 GMT-8] Downloading Binlog Commands Connection result:
0 (WAIT_OBJECT_0)

------------------------------------------------------------------------------------
[3 JAN 2018 23:10:25 GMT-8] Downloading Binlog Commands Response:
<?xml version="1.0"?>
<Get-bin-log-transactions site_id="364175731" project_guid="57FCA7416EAD763E2E06995A33EE916F" client_revision="0" is_synced_with_ftb="0" total="0">
  <transactions/>
</Get-bin-log-transactions>


====================================================================================
[6 JAN 2018 13:58:52 GMT-8] Pre-Sync - Preparing for execution...

====================================================================================
[6 JAN 2018 13:58:52 GMT-8] Pre-Sync Request:
"C:\PROGRA~2\MYHERI~1\Bin\FAMILY~2.EXE" https://www.myheritage.com/FP/API/FTB/ftb-api.php --data "@C:\Users\Eric\AppData\Roaming\MYHERI~1\Temp\datA405.tmp" --progress-bar --output "C:\Users\Eric\AppData\Roaming\MYHERI~1\Temp\outA406.tmp" --stderr "C:\Users\Eric\AppData\Roaming\MYHERI~1\Temp\errA407.tmp" --ssl-no-revoke -A "Family Tree Builder 8.0.0.8397"
---DATA:---
action=api-sync-pre-sync&site_admin=ericrborsheim@gmail.com&site_pwd=53d384b89203627f686e06fb83b9fc4bc572ec2c&project_guid=57FCA7416EAD763E2E06995A33EE916F&publishing_guid=&revision=0&client_program_version=8.0.0.8397&site_id=364175731&computer_name=DESKTOP-G4N757J&bin_log_transaction_offset=0
------------------------------------------------------------------------------------
[6 JAN 2018 13:58:53 GMT-8] Pre-Sync Connection result:
0 (WAIT_OBJECT_0)

------------------------------------------------------------------------------------
[6 JAN 2018 13:58:53 GMT-8] Pre-Sync Response:
<?xml version="1.0"?>
<Pre-sync site_id="364175731" project_guid="57FCA7416EAD763E2E06995A33EE916F" client_revision="0" is_synced_with_ftb="0"/>


====================================================================================
[6 JAN 2018 13:58:53 GMT-8] Downloading Binlog Commands - Preparing for execution...

====================================================================================
[6 JAN 2018 13:58:53 GMT-8] Downloading Binlog Commands Request:
"C:\PROGRA~2\MYHERI~1\Bin\FAMILY~2.EXE" https://www.myheritage.com/FP/API/FTB/ftb-api.php --data "@C:\Users\Eric\AppData\Roaming\MYHERI~1\Temp\datA61C.tmp" --output "C:\Users\Eric\AppData\Roaming\MYHERI~1\Temp\outA61D.tmp" --stderr "C:\Users\Eric\AppData\Roaming\MYHERI~1\Temp\errA61E.tmp" --ssl-no-revoke -A "Family Tree Builder 8.0.0.8397"
---DATA:---
action=api-sync-get-bin-log-transactions&site_admin=ericrborsheim@gmail.com&site_pwd=53d384b89203627f686e06fb83b9fc4bc572ec2c&site_id=364175731&client_program_version=8.0.0.8397&project_guid=57FCA7416EAD763E2E06995A33EE916F&revision=0&offset=0&limit=1
------------------------------------------------------------------------------------
[6 JAN 2018 13:58:53 GMT-8] Downloading Binlog Commands Connection result:
0 (WAIT_OBJECT_0)

------------------------------------------------------------------------------------
[6 JAN 2018 13:58:53 GMT-8] Downloading Binlog Commands Response:
<?xml version="1.0"?>
<Get-bin-log-transactions site_id="364175731" project_guid="57FCA7416EAD763E2E06995A33EE916F" client_revision="0" is_synced_with_ftb="0" total="0">
  <transactions/>
</Get-bin-log-transactions>


====================================================================================
[11 JAN 2018 20:10:25 GMT-8] Pre-Sync - Preparing for execution...

====================================================================================
[11 JAN 2018 20:10:26 GMT-8] Pre-Sync Request:
"C:\PROGRA~2\MYHERI~1\Bin\FAMILY~2.EXE" https://www.myheritage.com/FP/API/FTB/ftb-api.php --data "@C:\Users\Eric\AppData\Roaming\MYHERI~1\Temp\dat50B5.tmp" --progress-bar --output "C:\Users\Eric\AppData\Roaming\MYHERI~1\Temp\out50B6.tmp" --stderr "C:\Users\Eric\AppData\Roaming\MYHERI~1\Temp\err50B7.tmp" --ssl-no-revoke -A "Family Tree Builder 8.0.0.8397"
---DATA:---
action=api-sync-pre-sync&site_admin=ericrborsheim@gmail.com&site_pwd=53d384b89203627f686e06fb83b9fc4bc572ec2c&project_guid=57FCA7416EAD763E2E06995A33EE916F&publishing_guid=&revision=0&client_program_version=8.0.0.8397&site_id=364175731&computer_name=DESKTOP-G4N757J&bin_log_transaction_offset=0
------------------------------------------------------------------------------------
[11 JAN 2018 20:10:26 GMT-8] Pre-Sync Connection result:
0 (WAIT_OBJECT_0)

------------------------------------------------------------------------------------
[11 JAN 2018 20:10:26 GMT-8] Pre-Sync Response:
<?xml version="1.0"?>
<Pre-sync site_id="364175731" project_guid="57FCA7416EAD763E2E06995A33EE916F" client_revision="0" is_synced_with_ftb="0"/>


====================================================================================
[11 JAN 2018 20:10:26 GMT-8] Downloading Binlog Commands - Preparing for execution...

====================================================================================
[11 JAN 2018 20:10:26 GMT-8] Downloading Binlog Commands Request:
"C:\PROGRA~2\MYHERI~1\Bin\FAMILY~2.EXE" https://www.myheritage.com/FP/API/FTB/ftb-api.php --data "@C:\Users\Eric\AppData\Roaming\MYHERI~1\Temp\dat529C.tmp" --output "C:\Users\Eric\AppData\Roaming\MYHERI~1\Temp\out52AD.tmp" --stderr "C:\Users\Eric\AppData\Roaming\MYHERI~1\Temp\err52AE.tmp" --ssl-no-revoke -A "Family Tree Builder 8.0.0.8397"
---DATA:---
action=api-sync-get-bin-log-transactions&site_admin=ericrborsheim@gmail.com&site_pwd=53d384b89203627f686e06fb83b9fc4bc572ec2c&site_id=364175731&client_program_version=8.0.0.8397&project_guid=57FCA7416EAD763E2E06995A33EE916F&revision=0&offset=0&limit=1
------------------------------------------------------------------------------------
[11 JAN 2018 20:10:27 GMT-8] Downloading Binlog Commands Connection result:
0 (WAIT_OBJECT_0)

------------------------------------------------------------------------------------
[11 JAN 2018 20:10:27 GMT-8] Downloading Binlog Commands Response:
<?xml version="1.0"?>
<Get-bin-log-transactions site_id="364175731" project_guid="57FCA7416EAD763E2E06995A33EE916F" client_revision="0" is_synced_with_ftb="0" total="0">
  <transactions/>
</Get-bin-log-transactions>


====================================================================================
[14 JAN 2018 23:53:18 GMT-8] Pre-Sync - Preparing for execution...

====================================================================================
[14 JAN 2018 23:53:18 GMT-8] Pre-Sync Request:
"C:\PROGRA~2\MYHERI~1\Bin\FAMILY~2.EXE" https://www.myheritage.com/FP/API/FTB/ftb-api.php --data "@C:\Users\Eric\AppData\Roaming\MYHERI~1\Temp\datC372.tmp" --progress-bar --output "C:\Users\Eric\AppData\Roaming\MYHERI~1\Temp\outC373.tmp" --stderr "C:\Users\Eric\AppData\Roaming\MYHERI~1\Temp\errC374.tmp" --ssl-no-revoke -A "Family Tree Builder 8.0.0.8397"
---DATA:---
action=api-sync-pre-sync&site_admin=ericrborsheim@gmail.com&site_pwd=53d384b89203627f686e06fb83b9fc4bc572ec2c&project_guid=57FCA7416EAD763E2E06995A33EE916F&publishing_guid=&revision=0&client_program_version=8.0.0.8397&site_id=364175731&computer_name=DESKTOP-G4N757J&bin_log_transaction_offset=0
------------------------------------------------------------------------------------
[14 JAN 2018 23:53:19 GMT-8] Pre-Sync Connection result:
0 (WAIT_OBJECT_0)

------------------------------------------------------------------------------------
[14 JAN 2018 23:53:19 GMT-8] Pre-Sync Response:
<?xml version="1.0"?>
<Pre-sync site_id="364175731" project_guid="57FCA7416EAD763E2E06995A33EE916F" client_revision="0" is_synced_with_ftb="0"/>


====================================================================================
[14 JAN 2018 23:53:19 GMT-8] Downloading Binlog Commands - Preparing for execution...

====================================================================================
[14 JAN 2018 23:53:19 GMT-8] Downloading Binlog Commands Request:
"C:\PROGRA~2\MYHERI~1\Bin\FAMILY~2.EXE" https://www.myheritage.com/FP/API/FTB/ftb-api.php --data "@C:\Users\Eric\AppData\Roaming\MYHERI~1\Temp\datC682.tmp" --output "C:\Users\Eric\AppData\Roaming\MYHERI~1\Temp\outC683.tmp" --stderr "C:\Users\Eric\AppData\Roaming\MYHERI~1\Temp\errC684.tmp" --ssl-no-revoke -A "Family Tree Builder 8.0.0.8397"
---DATA:---
action=api-sync-get-bin-log-transactions&site_admin=ericrborsheim@gmail.com&site_pwd=53d384b89203627f686e06fb83b9fc4bc572ec2c&site_id=364175731&client_program_version=8.0.0.8397&project_guid=57FCA7416EAD763E2E06995A33EE916F&revision=0&offset=0&limit=1
------------------------------------------------------------------------------------
[14 JAN 2018 23:53:19 GMT-8] Downloading Binlog Commands Connection result:
0 (WAIT_OBJECT_0)

------------------------------------------------------------------------------------
[14 JAN 2018 23:53:19 GMT-8] Downloading Binlog Commands Response:
<?xml version="1.0"?>
<Get-bin-log-transactions site_id="364175731" project_guid="57FCA7416EAD763E2E06995A33EE916F" client_revision="0" is_synced_with_ftb="0" total="0">
  <transactions/>
</Get-bin-log-transactions>


====================================================================================
[19 JAN 2018 23:40:34 GMT-8] Pre-Sync - Preparing for execution...

====================================================================================
[19 JAN 2018 23:40:35 GMT-8] Pre-Sync Request:
"C:\PROGRA~2\MYHERI~1\Bin\FAMILY~2.EXE" https://www.myheritage.com/FP/API/FTB/ftb-api.php --data "@C:\Users\Eric\AppData\Roaming\MYHERI~1\Temp\datE8C7.tmp" --progress-bar --output "C:\Users\Eric\AppData\Roaming\MYHERI~1\Temp\outE8C8.tmp" --stderr "C:\Users\Eric\AppData\Roaming\MYHERI~1\Temp\errE8C9.tmp" --ssl-no-revoke -A "Family Tree Builder 8.0.0.8397"
---DATA:---
action=api-sync-pre-sync&site_admin=ericrborsheim@gmail.com&site_pwd=53d384b89203627f686e06fb83b9fc4bc572ec2c&project_guid=57FCA7416EAD763E2E06995A33EE916F&publishing_guid=&revision=0&client_program_version=8.0.0.8397&site_id=364175731&computer_name=DESKTOP-G4N757J&bin_log_transaction_offset=0
------------------------------------------------------------------------------------
[19 JAN 2018 23:40:36 GMT-8] Pre-Sync Connection result:
0 (WAIT_OBJECT_0)

------------------------------------------------------------------------------------
[19 JAN 2018 23:40:36 GMT-8] Pre-Sync Response:
<?xml version="1.0"?>
<Pre-sync site_id="364175731" project_guid="57FCA7416EAD763E2E06995A33EE916F" client_revision="0" is_synced_with_ftb="0"/>


====================================================================================
[19 JAN 2018 23:40:36 GMT-8] Downloading Binlog Commands - Preparing for execution...

====================================================================================
[19 JAN 2018 23:40:36 GMT-8] Downloading Binlog Commands Request:
"C:\PROGRA~2\MYHERI~1\Bin\FAMILY~2.EXE" https://www.myheritage.com/FP/API/FTB/ftb-api.php --data "@C:\Users\Eric\AppData\Roaming\MYHERI~1\Temp\datECB2.tmp" --output "C:\Users\Eric\AppData\Roaming\MYHERI~1\Temp\outECC3.tmp" --stderr "C:\Users\Eric\AppData\Roaming\MYHERI~1\Temp\errECC4.tmp" --ssl-no-revoke -A "Family Tree Builder 8.0.0.8397"
---DATA:---
action=api-sync-get-bin-log-transactions&site_admin=ericrborsheim@gmail.com&site_pwd=53d384b89203627f686e06fb83b9fc4bc572ec2c&site_id=364175731&client_program_version=8.0.0.8397&project_guid=57FCA7416EAD763E2E06995A33EE916F&revision=0&offset=0&limit=1
------------------------------------------------------------------------------------
[19 JAN 2018 23:40:36 GMT-8] Downloading Binlog Commands Connection result:
0 (WAIT_OBJECT_0)

------------------------------------------------------------------------------------
[19 JAN 2018 23:40:36 GMT-8] Downloading Binlog Commands Response:
<?xml version="1.0"?>
<Get-bin-log-transactions site_id="364175731" project_guid="57FCA7416EAD763E2E06995A33EE916F" client_revision="0" is_synced_with_ftb="0" total="0">
  <transactions/>
</Get-bin-log-transactions>


====================================================================================
[26 JAN 2018 22:12:02 GMT-8] Pre-Sync - Preparing for execution...

====================================================================================
[26 JAN 2018 22:12:02 GMT-8] Pre-Sync Request:
"C:\PROGRA~2\MYHERI~1\Bin\FAMILY~2.EXE" https://www.myheritage.com/FP/API/FTB/ftb-api.php --data "@C:\Users\Eric\AppData\Roaming\MYHERI~1\Temp\dat334.tmp" --progress-bar --output "C:\Users\Eric\AppData\Roaming\MYHERI~1\Temp\out335.tmp" --stderr "C:\Users\Eric\AppData\Roaming\MYHERI~1\Temp\err336.tmp" --ssl-no-revoke -A "Family Tree Builder 8.0.0.8397"
---DATA:---
action=api-sync-pre-sync&site_admin=ericrborsheim@gmail.com&site_pwd=53d384b89203627f686e06fb83b9fc4bc572ec2c&project_guid=57FCA7416EAD763E2E06995A33EE916F&publishing_guid=&revision=0&client_program_version=8.0.0.8397&site_id=364175731&computer_name=DESKTOP-G4N757J&bin_log_transaction_offset=0
------------------------------------------------------------------------------------
[26 JAN 2018 22:12:03 GMT-8] Pre-Sync Connection result:
0 (WAIT_OBJECT_0)

------------------------------------------------------------------------------------
[26 JAN 2018 22:12:03 GMT-8] Pre-Sync Response:
<?xml version="1.0"?>
<Pre-sync site_id="364175731" project_guid="57FCA7416EAD763E2E06995A33EE916F" client_revision="0" is_synced_with_ftb="0"/>


====================================================================================
[26 JAN 2018 22:12:03 GMT-8] Downloading Binlog Commands - Preparing for execution...

====================================================================================
[26 JAN 2018 22:12:03 GMT-8] Downloading Binlog Commands Request:
"C:\PROGRA~2\MYHERI~1\Bin\FAMILY~2.EXE" https://www.myheritage.com/FP/API/FTB/ftb-api.php --data "@C:\Users\Eric\AppData\Roaming\MYHERI~1\Temp\dat5D7.tmp" --output "C:\Users\Eric\AppData\Roaming\MYHERI~1\Temp\out5D8.tmp" --stderr "C:\Users\Eric\AppData\Roaming\MYHERI~1\Temp\err5D9.tmp" --ssl-no-revoke -A "Family Tree Builder 8.0.0.8397"
---DATA:---
action=api-sync-get-bin-log-transactions&site_admin=ericrborsheim@gmail.com&site_pwd=53d384b89203627f686e06fb83b9fc4bc572ec2c&site_id=364175731&client_program_version=8.0.0.8397&project_guid=57FCA7416EAD763E2E06995A33EE916F&revision=0&offset=0&limit=1
------------------------------------------------------------------------------------
[26 JAN 2018 22:12:04 GMT-8] Downloading Binlog Commands Connection result:
0 (WAIT_OBJECT_0)

------------------------------------------------------------------------------------
[26 JAN 2018 22:12:04 GMT-8] Downloading Binlog Commands Response:
<?xml version="1.0"?>
<Get-bin-log-transactions site_id="364175731" project_guid="57FCA7416EAD763E2E06995A33EE916F" client_revision="0" is_synced_with_ftb="0" total="0">
  <transactions/>
</Get-bin-log-transactions>


====================================================================================
[1 FEB 2018 12:06:53 GMT-8] Pre-Sync - Preparing for execution...

====================================================================================
[1 FEB 2018 12:06:53 GMT-8] Pre-Sync Request:
"C:\PROGRA~2\MYHERI~1\Bin\FAMILY~2.EXE" https://www.myheritage.com/FP/API/FTB/ftb-api.php --data "@C:\Users\Eric\AppData\Roaming\MYHERI~1\Temp\dat2087.tmp" --progress-bar --output "C:\Users\Eric\AppData\Roaming\MYHERI~1\Temp\out2088.tmp" --stderr "C:\Users\Eric\AppData\Roaming\MYHERI~1\Temp\err2089.tmp" --ssl-no-revoke -A "Family Tree Builder 8.0.0.8397"
---DATA:---
action=api-sync-pre-sync&site_admin=ericrborsheim@gmail.com&site_pwd=53d384b89203627f686e06fb83b9fc4bc572ec2c&project_guid=57FCA7416EAD763E2E06995A33EE916F&publishing_guid=&revision=0&client_program_version=8.0.0.8397&site_id=364175731&computer_name=DESKTOP-G4N757J&bin_log_transaction_offset=0
------------------------------------------------------------------------------------
[1 FEB 2018 12:06:53 GMT-8] Pre-Sync Connection result:
0 (WAIT_OBJECT_0)

------------------------------------------------------------------------------------
[1 FEB 2018 12:06:53 GMT-8] Pre-Sync Response:
<?xml version="1.0"?>
<Pre-sync site_id="364175731" project_guid="57FCA7416EAD763E2E06995A33EE916F" client_revision="0" is_synced_with_ftb="0"/>


====================================================================================
[1 FEB 2018 12:06:53 GMT-8] Downloading Binlog Commands - Preparing for execution...

====================================================================================
[1 FEB 2018 12:06:53 GMT-8] Downloading Binlog Commands Request:
"C:\PROGRA~2\MYHERI~1\Bin\FAMILY~2.EXE" https://www.myheritage.com/FP/API/FTB/ftb-api.php --data "@C:\Users\Eric\AppData\Roaming\MYHERI~1\Temp\dat22AC.tmp" --output "C:\Users\Eric\AppData\Roaming\MYHERI~1\Temp\out22AD.tmp" --stderr "C:\Users\Eric\AppData\Roaming\MYHERI~1\Temp\err22AE.tmp" --ssl-no-revoke -A "Family Tree Builder 8.0.0.8397"
---DATA:---
action=api-sync-get-bin-log-transactions&site_admin=ericrborsheim@gmail.com&site_pwd=53d384b89203627f686e06fb83b9fc4bc572ec2c&site_id=364175731&client_program_version=8.0.0.8397&project_guid=57FCA7416EAD763E2E06995A33EE916F&revision=0&offset=0&limit=1
------------------------------------------------------------------------------------
[1 FEB 2018 12:06:54 GMT-8] Downloading Binlog Commands Connection result:
0 (WAIT_OBJECT_0)

------------------------------------------------------------------------------------
[1 FEB 2018 12:06:54 GMT-8] Downloading Binlog Commands Response:
<?xml version="1.0"?>
<Get-bin-log-transactions site_id="364175731" project_guid="57FCA7416EAD763E2E06995A33EE916F" client_revision="0" is_synced_with_ftb="0" total="0">
  <transactions/>
</Get-bin-log-transactions>


====================================================================================
[8 FEB 2018 17:30:15 GMT-8] Pre-Sync - Preparing for execution...

====================================================================================
[8 FEB 2018 17:30:15 GMT-8] Pre-Sync Request:
"C:\PROGRA~2\MYHERI~1\Bin\FAMILY~2.EXE" https://www.myheritage.com/FP/API/FTB/ftb-api.php --data "@C:\Users\Eric\AppData\Roaming\MYHERI~1\Temp\datB330.tmp" --progress-bar --output "C:\Users\Eric\AppData\Roaming\MYHERI~1\Temp\outB331.tmp" --stderr "C:\Users\Eric\AppData\Roaming\MYHERI~1\Temp\errB332.tmp" --ssl-no-revoke -A "Family Tree Builder 8.0.0.8397"
---DATA:---
action=api-sync-pre-sync&site_admin=ericrborsheim@gmail.com&site_pwd=53d384b89203627f686e06fb83b9fc4bc572ec2c&project_guid=57FCA7416EAD763E2E06995A33EE916F&publishing_guid=&revision=0&client_program_version=8.0.0.8397&site_id=364175731&computer_name=DESKTOP-G4N757J&bin_log_transaction_offset=0
------------------------------------------------------------------------------------
[8 FEB 2018 17:30:16 GMT-8] Pre-Sync Connection result:
0 (WAIT_OBJECT_0)

------------------------------------------------------------------------------------
[8 FEB 2018 17:30:16 GMT-8] Pre-Sync Response:
<?xml version="1.0"?>
<Pre-sync site_id="364175731" project_guid="57FCA7416EAD763E2E06995A33EE916F" client_revision="0" is_synced_with_ftb="0"/>


====================================================================================
[8 FEB 2018 17:30:16 GMT-8] Downloading Binlog Commands - Preparing for execution...

====================================================================================
[8 FEB 2018 17:30:16 GMT-8] Downloading Binlog Commands Request:
"C:\PROGRA~2\MYHERI~1\Bin\FAMILY~2.EXE" https://www.myheritage.com/FP/API/FTB/ftb-api.php --data "@C:\Users\Eric\AppData\Roaming\MYHERI~1\Temp\datB5B3.tmp" --output "C:\Users\Eric\AppData\Roaming\MYHERI~1\Temp\outB5B4.tmp" --stderr "C:\Users\Eric\AppData\Roaming\MYHERI~1\Temp\errB5B5.tmp" --ssl-no-revoke -A "Family Tree Builder 8.0.0.8397"
---DATA:---
action=api-sync-get-bin-log-transactions&site_admin=ericrborsheim@gmail.com&site_pwd=53d384b89203627f686e06fb83b9fc4bc572ec2c&site_id=364175731&client_program_version=8.0.0.8397&project_guid=57FCA7416EAD763E2E06995A33EE916F&revision=0&offset=0&limit=1
------------------------------------------------------------------------------------
[8 FEB 2018 17:30:16 GMT-8] Downloading Binlog Commands Connection result:
0 (WAIT_OBJECT_0)

------------------------------------------------------------------------------------
[8 FEB 2018 17:30:16 GMT-8] Downloading Binlog Commands Response:
<?xml version="1.0"?>
<Get-bin-log-transactions site_id="364175731" project_guid="57FCA7416EAD763E2E06995A33EE916F" client_revision="0" is_synced_with_ftb="0" total="0">
  <transactions/>
</Get-bin-log-transactions>


====================================================================================
[8 FEB 2018 18:12:14 GMT-8] Pre-Sync - Preparing for execution...

====================================================================================
[8 FEB 2018 18:12:14 GMT-8] Pre-Sync Request:
"C:\PROGRA~2\MYHERI~1\Bin\FAMILY~2.EXE" https://www.myheritage.com/FP/API/FTB/ftb-api.php --data "@C:\Users\Eric\AppData\Roaming\MYHERI~1\Temp\dat5B3B.tmp" --progress-bar --output "C:\Users\Eric\AppData\Roaming\MYHERI~1\Temp\out5B3C.tmp" --stderr "C:\Users\Eric\AppData\Roaming\MYHERI~1\Temp\err5B4D.tmp" --ssl-no-revoke -A "Family Tree Builder 8.0.0.8397"
---DATA:---
action=api-sync-pre-sync&site_admin=ericrborsheim@gmail.com&site_pwd=53d384b89203627f686e06fb83b9fc4bc572ec2c&project_guid=57FCA7416EAD763E2E06995A33EE916F&publishing_guid=&revision=0&client_program_version=8.0.0.8397&site_id=364175731&computer_name=DESKTOP-G4N757J&bin_log_transaction_offset=0
------------------------------------------------------------------------------------
[8 FEB 2018 18:12:15 GMT-8] Pre-Sync Connection result:
0 (WAIT_OBJECT_0)

------------------------------------------------------------------------------------
[8 FEB 2018 18:12:15 GMT-8] Pre-Sync Response:
<?xml version="1.0"?>
<Pre-sync site_id="364175731" project_guid="57FCA7416EAD763E2E06995A33EE916F" client_revision="0" is_synced_with_ftb="0"/>


====================================================================================
[8 FEB 2018 18:12:15 GMT-8] Downloading Binlog Commands - Preparing for execution...

====================================================================================
[8 FEB 2018 18:12:15 GMT-8] Downloading Binlog Commands Request:
"C:\PROGRA~2\MYHERI~1\Bin\FAMILY~2.EXE" https://www.myheritage.com/FP/API/FTB/ftb-api.php --data "@C:\Users\Eric\AppData\Roaming\MYHERI~1\Temp\dat5FA3.tmp" --output "C:\Users\Eric\AppData\Roaming\MYHERI~1\Temp\out5FA4.tmp" --stderr "C:\Users\Eric\AppData\Roaming\MYHERI~1\Temp\err5FB5.tmp" --ssl-no-revoke -A "Family Tree Builder 8.0.0.8397"
---DATA:---
action=api-sync-get-bin-log-transactions&site_admin=ericrborsheim@gmail.com&site_pwd=53d384b89203627f686e06fb83b9fc4bc572ec2c&site_id=364175731&client_program_version=8.0.0.8397&project_guid=57FCA7416EAD763E2E06995A33EE916F&revision=0&offset=0&limit=1
------------------------------------------------------------------------------------
[8 FEB 2018 18:12:16 GMT-8] Downloading Binlog Commands Connection result:
0 (WAIT_OBJECT_0)

------------------------------------------------------------------------------------
[8 FEB 2018 18:12:16 GMT-8] Downloading Binlog Commands Response:
<?xml version="1.0"?>
<Get-bin-log-transactions site_id="364175731" project_guid="57FCA7416EAD763E2E06995A33EE916F" client_revision="0" is_synced_with_ftb="0" total="0">
  <transactions/>
</Get-bin-log-transactions>


====================================================================================
[8 FEB 2018 18:54:02 GMT-8] Pre-Sync - Preparing for execution...

====================================================================================
[8 FEB 2018 18:54:02 GMT-8] Pre-Sync Request:
"C:\PROGRA~2\MYHERI~1\Bin\FAMILY~2.EXE" https://www.myheritage.com/FP/API/FTB/ftb-api.php --data "@C:\Users\Eric\AppData\Roaming\MYHERI~1\Temp\datA0AA.tmp" --progress-bar --output "C:\Users\Eric\AppData\Roaming\MYHERI~1\Temp\outA0AB.tmp" --stderr "C:\Users\Eric\AppData\Roaming\MYHERI~1\Temp\errA0AC.tmp" --ssl-no-revoke -A "Family Tree Builder 8.0.0.8397"
---DATA:---
action=api-sync-pre-sync&site_admin=ericrborsheim@gmail.com&site_pwd=53d384b89203627f686e06fb83b9fc4bc572ec2c&project_guid=57FCA7416EAD763E2E06995A33EE916F&publishing_guid=&revision=0&client_program_version=8.0.0.8397&site_id=364175731&computer_name=DESKTOP-G4N757J&bin_log_transaction_offset=0
------------------------------------------------------------------------------------
[8 FEB 2018 18:54:03 GMT-8] Pre-Sync Connection result:
0 (WAIT_OBJECT_0)

------------------------------------------------------------------------------------
[8 FEB 2018 18:54:03 GMT-8] Pre-Sync Response:
<?xml version="1.0"?>
<Pre-sync site_id="364175731" project_guid="57FCA7416EAD763E2E06995A33EE916F" client_revision="0" is_synced_with_ftb="0"/>


====================================================================================
[8 FEB 2018 18:54:03 GMT-8] Downloading Binlog Commands - Preparing for execution...

====================================================================================
[8 FEB 2018 18:54:03 GMT-8] Downloading Binlog Commands Request:
"C:\PROGRA~2\MYHERI~1\Bin\FAMILY~2.EXE" https://www.myheritage.com/FP/API/FTB/ftb-api.php --data "@C:\Users\Eric\AppData\Roaming\MYHERI~1\Temp\datA34C.tmp" --output "C:\Users\Eric\AppData\Roaming\MYHERI~1\Temp\outA34D.tmp" --stderr "C:\Users\Eric\AppData\Roaming\MYHERI~1\Temp\errA35E.tmp" --ssl-no-revoke -A "Family Tree Builder 8.0.0.8397"
---DATA:---
action=api-sync-get-bin-log-transactions&site_admin=ericrborsheim@gmail.com&site_pwd=53d384b89203627f686e06fb83b9fc4bc572ec2c&site_id=364175731&client_program_version=8.0.0.8397&project_guid=57FCA7416EAD763E2E06995A33EE916F&revision=0&offset=0&limit=1
------------------------------------------------------------------------------------
[8 FEB 2018 18:54:03 GMT-8] Downloading Binlog Commands Connection result:
0 (WAIT_OBJECT_0)

------------------------------------------------------------------------------------
[8 FEB 2018 18:54:03 GMT-8] Downloading Binlog Commands Response:
<?xml version="1.0"?>
<Get-bin-log-transactions site_id="364175731" project_guid="57FCA7416EAD763E2E06995A33EE916F" client_revision="0" is_synced_with_ftb="0" total="0">
  <transactions/>
</Get-bin-log-transactions>


====================================================================================
[8 FEB 2018 18:56:03 GMT-8] Pre-Sync - Preparing for execution...

====================================================================================
[8 FEB 2018 18:56:03 GMT-8] Pre-Sync Request:
"C:\PROGRA~2\MYHERI~1\Bin\FAMILY~2.EXE" https://www.myheritage.com/FP/API/FTB/ftb-api.php --data "@C:\Users\Eric\AppData\Roaming\MYHERI~1\Temp\dat7A1D.tmp" --progress-bar --output "C:\Users\Eric\AppData\Roaming\MYHERI~1\Temp\out7A1E.tmp" --stderr "C:\Users\Eric\AppData\Roaming\MYHERI~1\Temp\err7A1F.tmp" --ssl-no-revoke -A "Family Tree Builder 8.0.0.8397"
---DATA:---
action=api-sync-pre-sync&site_admin=ericrborsheim@gmail.com&site_pwd=53d384b89203627f686e06fb83b9fc4bc572ec2c&project_guid=57FCA7416EAD763E2E06995A33EE916F&publishing_guid=&revision=0&client_program_version=8.0.0.8397&site_id=364175731&computer_name=DESKTOP-G4N757J&bin_log_transaction_offset=0
------------------------------------------------------------------------------------
[8 FEB 2018 18:56:04 GMT-8] Pre-Sync Connection result:
0 (WAIT_OBJECT_0)

------------------------------------------------------------------------------------
[8 FEB 2018 18:56:04 GMT-8] Pre-Sync Response:
<?xml version="1.0"?>
<Pre-sync site_id="364175731" project_guid="57FCA7416EAD763E2E06995A33EE916F" client_revision="0" is_synced_with_ftb="0"/>


====================================================================================
[8 FEB 2018 18:56:04 GMT-8] Downloading Binlog Commands - Preparing for execution...

====================================================================================
[8 FEB 2018 18:56:04 GMT-8] Downloading Binlog Commands Request:
"C:\PROGRA~2\MYHERI~1\Bin\FAMILY~2.EXE" https://www.myheritage.com/FP/API/FTB/ftb-api.php --data "@C:\Users\Eric\AppData\Roaming\MYHERI~1\Temp\dat7C52.tmp" --output "C:\Users\Eric\AppData\Roaming\MYHERI~1\Temp\out7C53.tmp" --stderr "C:\Users\Eric\AppData\Roaming\MYHERI~1\Temp\err7C54.tmp" --ssl-no-revoke -A "Family Tree Builder 8.0.0.8397"
---DATA:---
action=api-sync-get-bin-log-transactions&site_admin=ericrborsheim@gmail.com&site_pwd=53d384b89203627f686e06fb83b9fc4bc572ec2c&site_id=364175731&client_program_version=8.0.0.8397&project_guid=57FCA7416EAD763E2E06995A33EE916F&revision=0&offset=0&limit=1
------------------------------------------------------------------------------------
[8 FEB 2018 18:56:04 GMT-8] Downloading Binlog Commands Connection result:
0 (WAIT_OBJECT_0)

------------------------------------------------------------------------------------
[8 FEB 2018 18:56:04 GMT-8] Downloading Binlog Commands Response:
<?xml version="1.0"?>
<Get-bin-log-transactions site_id="364175731" project_guid="57FCA7416EAD763E2E06995A33EE916F" client_revision="0" is_synced_with_ftb="0" total="0">
  <transactions/>
</Get-bin-log-transactions>


====================================================================================
[8 FEB 2018 18:57:15 GMT-8] Pre-Sync - Preparing for execution...

====================================================================================
[8 FEB 2018 18:57:15 GMT-8] Pre-Sync Request:
"C:\PROGRA~2\MYHERI~1\Bin\FAMILY~2.EXE" https://www.myheritage.com/FP/API/FTB/ftb-api.php --data "@C:\Users\Eric\AppData\Roaming\MYHERI~1\Temp\dat9243.tmp" --progress-bar --output "C:\Users\Eric\AppData\Roaming\MYHERI~1\Temp\out9244.tmp" --stderr "C:\Users\Eric\AppData\Roaming\MYHERI~1\Temp\err9245.tmp" --ssl-no-revoke -A "Family Tree Builder 8.0.0.8397"
---DATA:---
action=api-sync-pre-sync&site_admin=ericrborsheim@gmail.com&site_pwd=53d384b89203627f686e06fb83b9fc4bc572ec2c&project_guid=57FCA7416EAD763E2E06995A33EE916F&publishing_guid=&revision=0&client_program_version=8.0.0.8397&site_id=364175731&computer_name=DESKTOP-G4N757J&bin_log_transaction_offset=0
------------------------------------------------------------------------------------
[8 FEB 2018 18:57:16 GMT-8] Pre-Sync Connection result:
0 (WAIT_OBJECT_0)

------------------------------------------------------------------------------------
[8 FEB 2018 18:57:16 GMT-8] Pre-Sync Response:
<?xml version="1.0"?>
<Pre-sync site_id="364175731" project_guid="57FCA7416EAD763E2E06995A33EE916F" client_revision="0" is_synced_with_ftb="0"/>


====================================================================================
[8 FEB 2018 18:57:16 GMT-8] Downloading Binlog Commands - Preparing for execution...

====================================================================================
[8 FEB 2018 18:57:16 GMT-8] Downloading Binlog Commands Request:
"C:\PROGRA~2\MYHERI~1\Bin\FAMILY~2.EXE" https://www.myheritage.com/FP/API/FTB/ftb-api.php --data "@C:\Users\Eric\AppData\Roaming\MYHERI~1\Temp\dat943A.tmp" --output "C:\Users\Eric\AppData\Roaming\MYHERI~1\Temp\out943B.tmp" --stderr "C:\Users\Eric\AppData\Roaming\MYHERI~1\Temp\err943C.tmp" --ssl-no-revoke -A "Family Tree Builder 8.0.0.8397"
---DATA:---
action=api-sync-get-bin-log-transactions&site_admin=ericrborsheim@gmail.com&site_pwd=53d384b89203627f686e06fb83b9fc4bc572ec2c&site_id=364175731&client_program_version=8.0.0.8397&project_guid=57FCA7416EAD763E2E06995A33EE916F&revision=0&offset=0&limit=1
------------------------------------------------------------------------------------
[8 FEB 2018 18:57:16 GMT-8] Downloading Binlog Commands Connection result:
0 (WAIT_OBJECT_0)

------------------------------------------------------------------------------------
[8 FEB 2018 18:57:16 GMT-8] Downloading Binlog Commands Response:
<?xml version="1.0"?>
<Get-bin-log-transactions site_id="364175731" project_guid="57FCA7416EAD763E2E06995A33EE916F" client_revision="0" is_synced_with_ftb="0" total="0">
  <transactions/>
</Get-bin-log-transactions>


====================================================================================
[11 FEB 2018 00:55:32 GMT-8] Pre-Sync - Preparing for execution...

====================================================================================
[11 FEB 2018 00:55:32 GMT-8] Pre-Sync Request:
"C:\PROGRA~2\MYHERI~1\Bin\FAMILY~2.EXE" https://www.myheritage.com/FP/API/FTB/ftb-api.php --data "@C:\Users\Eric\AppData\Roaming\MYHERI~1\Temp\dat4306.tmp" --progress-bar --output "C:\Users\Eric\AppData\Roaming\MYHERI~1\Temp\out4307.tmp" --stderr "C:\Users\Eric\AppData\Roaming\MYHERI~1\Temp\err4308.tmp" --ssl-no-revoke -A "Family Tree Builder 8.0.0.8397"
---DATA:---
action=api-sync-pre-sync&site_admin=ericrborsheim@gmail.com&site_pwd=53d384b89203627f686e06fb83b9fc4bc572ec2c&project_guid=57FCA7416EAD763E2E06995A33EE916F&publishing_guid=&revision=0&client_program_version=8.0.0.8397&site_id=364175731&computer_name=DESKTOP-G4N757J&bin_log_transaction_offset=0
------------------------------------------------------------------------------------
[11 FEB 2018 00:55:32 GMT-8] Pre-Sync Connection result:
0 (WAIT_OBJECT_0)

------------------------------------------------------------------------------------
[11 FEB 2018 00:55:32 GMT-8] Pre-Sync Response:
<?xml version="1.0"?>
<Pre-sync site_id="364175731" project_guid="57FCA7416EAD763E2E06995A33EE916F" client_revision="0" is_synced_with_ftb="0"/>


====================================================================================
[11 FEB 2018 00:55:32 GMT-8] Downloading Binlog Commands - Preparing for execution...

====================================================================================
[11 FEB 2018 00:55:32 GMT-8] Downloading Binlog Commands Request:
"C:\PROGRA~2\MYHERI~1\Bin\FAMILY~2.EXE" https://www.myheritage.com/FP/API/FTB/ftb-api.php --data "@C:\Users\Eric\AppData\Roaming\MYHERI~1\Temp\dat44BE.tmp" --output "C:\Users\Eric\AppData\Roaming\MYHERI~1\Temp\out44BF.tmp" --stderr "C:\Users\Eric\AppData\Roaming\MYHERI~1\Temp\err44C0.tmp" --ssl-no-revoke -A "Family Tree Builder 8.0.0.8397"
---DATA:---
action=api-sync-get-bin-log-transactions&site_admin=ericrborsheim@gmail.com&site_pwd=53d384b89203627f686e06fb83b9fc4bc572ec2c&site_id=364175731&client_program_version=8.0.0.8397&project_guid=57FCA7416EAD763E2E06995A33EE916F&revision=0&offset=0&limit=1
------------------------------------------------------------------------------------
[11 FEB 2018 00:55:33 GMT-8] Downloading Binlog Commands Connection result:
0 (WAIT_OBJECT_0)

------------------------------------------------------------------------------------
[11 FEB 2018 00:55:33 GMT-8] Downloading Binlog Commands Response:
<?xml version="1.0"?>
<Get-bin-log-transactions site_id="364175731" project_guid="57FCA7416EAD763E2E06995A33EE916F" client_revision="0" is_synced_with_ftb="0" total="0">
  <transactions/>
</Get-bin-log-transactions>


====================================================================================
[11 FEB 2018 01:00:57 GMT-8] Pre-Sync - Preparing for execution...

====================================================================================
[11 FEB 2018 01:00:57 GMT-8] Pre-Sync Request:
"C:\PROGRA~2\MYHERI~1\Bin\FAMILY~2.EXE" https://www.myheritage.com/FP/API/FTB/ftb-api.php --data "@C:\Users\Eric\AppData\Roaming\MYHERI~1\Temp\dat39F5.tmp" --progress-bar --output "C:\Users\Eric\AppData\Roaming\MYHERI~1\Temp\out39F6.tmp" --stderr "C:\Users\Eric\AppData\Roaming\MYHERI~1\Temp\err39F7.tmp" --ssl-no-revoke -A "Family Tree Builder 8.0.0.8397"
---DATA:---
action=api-sync-pre-sync&site_admin=ericrborsheim@gmail.com&site_pwd=53d384b89203627f686e06fb83b9fc4bc572ec2c&project_guid=57FCA7416EAD763E2E06995A33EE916F&publishing_guid=&revision=0&client_program_version=8.0.0.8397&site_id=364175731&computer_name=DESKTOP-G4N757J&bin_log_transaction_offset=0
------------------------------------------------------------------------------------
[11 FEB 2018 01:00:58 GMT-8] Pre-Sync Connection result:
0 (WAIT_OBJECT_0)

------------------------------------------------------------------------------------
[11 FEB 2018 01:00:58 GMT-8] Pre-Sync Response:
<?xml version="1.0"?>
<Pre-sync site_id="364175731" project_guid="57FCA7416EAD763E2E06995A33EE916F" client_revision="0" is_synced_with_ftb="0"/>


====================================================================================
[11 FEB 2018 01:00:58 GMT-8] Downloading Binlog Commands - Preparing for execution...

====================================================================================
[11 FEB 2018 01:00:58 GMT-8] Downloading Binlog Commands Request:
"C:\PROGRA~2\MYHERI~1\Bin\FAMILY~2.EXE" https://www.myheritage.com/FP/API/FTB/ftb-api.php --data "@C:\Users\Eric\AppData\Roaming\MYHERI~1\Temp\dat3FE4.tmp" --output "C:\Users\Eric\AppData\Roaming\MYHERI~1\Temp\out3FE5.tmp" --stderr "C:\Users\Eric\AppData\Roaming\MYHERI~1\Temp\err3FE6.tmp" --ssl-no-revoke -A "Family Tree Builder 8.0.0.8397"
---DATA:---
action=api-sync-get-bin-log-transactions&site_admin=ericrborsheim@gmail.com&site_pwd=53d384b89203627f686e06fb83b9fc4bc572ec2c&site_id=364175731&client_program_version=8.0.0.8397&project_guid=57FCA7416EAD763E2E06995A33EE916F&revision=0&offset=0&limit=1
------------------------------------------------------------------------------------
[11 FEB 2018 01:00:59 GMT-8] Downloading Binlog Commands Connection result:
0 (WAIT_OBJECT_0)

------------------------------------------------------------------------------------
[11 FEB 2018 01:00:59 GMT-8] Downloading Binlog Commands Response:
<?xml version="1.0"?>
<Get-bin-log-transactions site_id="364175731" project_guid="57FCA7416EAD763E2E06995A33EE916F" client_revision="0" is_synced_with_ftb="0" total="0">
  <transactions/>
</Get-bin-log-transactions>


====================================================================================
[11 FEB 2018 03:47:48 GMT-8] Pre-Sync - Preparing for execution...

====================================================================================
[11 FEB 2018 03:47:49 GMT-8] Pre-Sync Request:
"C:\PROGRA~2\MYHERI~1\Bin\FAMILY~2.EXE" https://www.myheritage.com/FP/API/FTB/ftb-api.php --data "@C:\Users\Eric\AppData\Roaming\MYHERI~1\Temp\datFD9F.tmp" --progress-bar --output "C:\Users\Eric\AppData\Roaming\MYHERI~1\Temp\outFDA0.tmp" --stderr "C:\Users\Eric\AppData\Roaming\MYHERI~1\Temp\errFDA1.tmp" --ssl-no-revoke -A "Family Tree Builder 8.0.0.8397"
---DATA:---
action=api-sync-pre-sync&site_admin=ericrborsheim@gmail.com&site_pwd=53d384b89203627f686e06fb83b9fc4bc572ec2c&project_guid=57FCA7416EAD763E2E06995A33EE916F&publishing_guid=&revision=0&client_program_version=8.0.0.8397&site_id=364175731&computer_name=DESKTOP-G4N757J&bin_log_transaction_offset=0
------------------------------------------------------------------------------------
[11 FEB 2018 03:47:49 GMT-8] Pre-Sync Connection result:
0 (WAIT_OBJECT_0)

------------------------------------------------------------------------------------
[11 FEB 2018 03:47:49 GMT-8] Pre-Sync Response:
<?xml version="1.0"?>
<Pre-sync site_id="364175731" project_guid="57FCA7416EAD763E2E06995A33EE916F" client_revision="0" is_synced_with_ftb="0"/>


====================================================================================
[11 FEB 2018 03:47:49 GMT-8] Downloading Binlog Commands - Preparing for execution...

====================================================================================
[11 FEB 2018 03:47:49 GMT-8] Downloading Binlog Commands Request:
"C:\PROGRA~2\MYHERI~1\Bin\FAMILY~2.EXE" https://www.myheritage.com/FP/API/FTB/ftb-api.php --data "@C:\Users\Eric\AppData\Roaming\MYHERI~1\Temp\dat52.tmp" --output "C:\Users\Eric\AppData\Roaming\MYHERI~1\Temp\out53.tmp" --stderr "C:\Users\Eric\AppData\Roaming\MYHERI~1\Temp\err54.tmp" --ssl-no-revoke -A "Family Tree Builder 8.0.0.8397"
---DATA:---
action=api-sync-get-bin-log-transactions&site_admin=ericrborsheim@gmail.com&site_pwd=53d384b89203627f686e06fb83b9fc4bc572ec2c&site_id=364175731&client_program_version=8.0.0.8397&project_guid=57FCA7416EAD763E2E06995A33EE916F&revision=0&offset=0&limit=1
------------------------------------------------------------------------------------
[11 FEB 2018 03:47:50 GMT-8] Downloading Binlog Commands Connection result:
0 (WAIT_OBJECT_0)

------------------------------------------------------------------------------------
[11 FEB 2018 03:47:50 GMT-8] Downloading Binlog Commands Response:
<?xml version="1.0"?>
<Get-bin-log-transactions site_id="364175731" project_guid="57FCA7416EAD763E2E06995A33EE916F" client_revision="0" is_synced_with_ftb="0" total="0">
  <transactions/>
</Get-bin-log-transactions>


====================================================================================
[11 FEB 2018 04:04:24 GMT-8] Pre-Sync - Preparing for execution...

====================================================================================
[11 FEB 2018 04:04:24 GMT-8] Pre-Sync Request:
"C:\PROGRA~2\MYHERI~1\Bin\FAMILY~2.EXE" https://www.myheritage.com/FP/API/FTB/ftb-api.php --data "@C:\Users\Eric\AppData\Roaming\MYHERI~1\Temp\dat2FA0.tmp" --progress-bar --output "C:\Users\Eric\AppData\Roaming\MYHERI~1\Temp\out2FA1.tmp" --stderr "C:\Users\Eric\AppData\Roaming\MYHERI~1\Temp\err2FB2.tmp" --ssl-no-revoke -A "Family Tree Builder 8.0.0.8397"
---DATA:---
action=api-sync-pre-sync&site_admin=ericrborsheim@gmail.com&site_pwd=53d384b89203627f686e06fb83b9fc4bc572ec2c&project_guid=57FCA7416EAD763E2E06995A33EE916F&publishing_guid=&revision=0&client_program_version=8.0.0.8397&site_id=364175731&computer_name=DESKTOP-G4N757J&bin_log_transaction_offset=0
------------------------------------------------------------------------------------
[11 FEB 2018 04:04:25 GMT-8] Pre-Sync Connection result:
0 (WAIT_OBJECT_0)

------------------------------------------------------------------------------------
[11 FEB 2018 04:04:25 GMT-8] Pre-Sync Response:
<?xml version="1.0"?>
<Pre-sync site_id="364175731" project_guid="57FCA7416EAD763E2E06995A33EE916F" client_revision="0" is_synced_with_ftb="0"/>


====================================================================================
[11 FEB 2018 04:04:25 GMT-8] Downloading Binlog Commands - Preparing for execution...

====================================================================================
[11 FEB 2018 04:04:25 GMT-8] Downloading Binlog Commands Request:
"C:\PROGRA~2\MYHERI~1\Bin\FAMILY~2.EXE" https://www.myheritage.com/FP/API/FTB/ftb-api.php --data "@C:\Users\Eric\AppData\Roaming\MYHERI~1\Temp\dat3205.tmp" --output "C:\Users\Eric\AppData\Roaming\MYHERI~1\Temp\out3206.tmp" --stderr "C:\Users\Eric\AppData\Roaming\MYHERI~1\Temp\err3207.tmp" --ssl-no-revoke -A "Family Tree Builder 8.0.0.8397"
---DATA:---
action=api-sync-get-bin-log-transactions&site_admin=ericrborsheim@gmail.com&site_pwd=53d384b89203627f686e06fb83b9fc4bc572ec2c&site_id=364175731&client_program_version=8.0.0.8397&project_guid=57FCA7416EAD763E2E06995A33EE916F&revision=0&offset=0&limit=1
------------------------------------------------------------------------------------
[11 FEB 2018 04:04:25 GMT-8] Downloading Binlog Commands Connection result:
0 (WAIT_OBJECT_0)

------------------------------------------------------------------------------------
[11 FEB 2018 04:04:25 GMT-8] Downloading Binlog Commands Response:
<?xml version="1.0"?>
<Get-bin-log-transactions site_id="364175731" project_guid="57FCA7416EAD763E2E06995A33EE916F" client_revision="0" is_synced_with_ftb="0" total="0">
  <transactions/>
</Get-bin-log-transactions>


====================================================================================
[11 FEB 2018 04:07:32 GMT-8] Pre-Sync - Preparing for execution...

====================================================================================
[11 FEB 2018 04:07:32 GMT-8] Pre-Sync Request:
"C:\PROGRA~2\MYHERI~1\Bin\FAMILY~2.EXE" https://www.myheritage.com/FP/API/FTB/ftb-api.php --data "@C:\Users\Eric\AppData\Roaming\MYHERI~1\Temp\datD06.tmp" --progress-bar --output "C:\Users\Eric\AppData\Roaming\MYHERI~1\Temp\outD07.tmp" --stderr "C:\Users\Eric\AppData\Roaming\MYHERI~1\Temp\errD08.tmp" --ssl-no-revoke -A "Family Tree Builder 8.0.0.8397"
---DATA:---
action=api-sync-pre-sync&site_admin=ericrborsheim@gmail.com&site_pwd=53d384b89203627f686e06fb83b9fc4bc572ec2c&project_guid=57FCA7416EAD763E2E06995A33EE916F&publishing_guid=&revision=0&client_program_version=8.0.0.8397&site_id=364175731&computer_name=DESKTOP-G4N757J&bin_log_transaction_offset=0
------------------------------------------------------------------------------------
[11 FEB 2018 04:07:33 GMT-8] Pre-Sync Connection result:
0 (WAIT_OBJECT_0)

------------------------------------------------------------------------------------
[11 FEB 2018 04:07:33 GMT-8] Pre-Sync Response:
<?xml version="1.0"?>
<Pre-sync site_id="364175731" project_guid="57FCA7416EAD763E2E06995A33EE916F" client_revision="0" is_synced_with_ftb="0"/>


====================================================================================
[11 FEB 2018 04:07:33 GMT-8] Downloading Binlog Commands - Preparing for execution...

====================================================================================
[11 FEB 2018 04:07:33 GMT-8] Downloading Binlog Commands Request:
"C:\PROGRA~2\MYHERI~1\Bin\FAMILY~2.EXE" https://www.myheritage.com/FP/API/FTB/ftb-api.php --data "@C:\Users\Eric\AppData\Roaming\MYHERI~1\Temp\datF4B.tmp" --output "C:\Users\Eric\AppData\Roaming\MYHERI~1\Temp\outF4C.tmp" --stderr "C:\Users\Eric\AppData\Roaming\MYHERI~1\Temp\errF4D.tmp" --ssl-no-revoke -A "Family Tree Builder 8.0.0.8397"
---DATA:---
action=api-sync-get-bin-log-transactions&site_admin=ericrborsheim@gmail.com&site_pwd=53d384b89203627f686e06fb83b9fc4bc572ec2c&site_id=364175731&client_program_version=8.0.0.8397&project_guid=57FCA7416EAD763E2E06995A33EE916F&revision=0&offset=0&limit=1
------------------------------------------------------------------------------------
[11 FEB 2018 04:07:33 GMT-8] Downloading Binlog Commands Connection result:
0 (WAIT_OBJECT_0)

------------------------------------------------------------------------------------
[11 FEB 2018 04:07:33 GMT-8] Downloading Binlog Commands Response:
<?xml version="1.0"?>
<Get-bin-log-transactions site_id="364175731" project_guid="57FCA7416EAD763E2E06995A33EE916F" client_revision="0" is_synced_with_ftb="0" total="0">
  <transactions/>
</Get-bin-log-transactions>


====================================================================================
[11 FEB 2018 04:24:09 GMT-8] Pre-Sync - Preparing for execution...

====================================================================================
[11 FEB 2018 04:24:09 GMT-8] Pre-Sync Request:
"C:\PROGRA~2\MYHERI~1\Bin\FAMILY~2.EXE" https://www.myheritage.com/FP/API/FTB/ftb-api.php --data "@C:\Users\Eric\AppData\Roaming\MYHERI~1\Temp\dat43DC.tmp" --progress-bar --output "C:\Users\Eric\AppData\Roaming\MYHERI~1\Temp\out43DD.tmp" --stderr "C:\Users\Eric\AppData\Roaming\MYHERI~1\Temp\err43EE.tmp" --ssl-no-revoke -A "Family Tree Builder 8.0.0.8397"
---DATA:---
action=api-sync-pre-sync&site_admin=ericrborsheim@gmail.com&site_pwd=53d384b89203627f686e06fb83b9fc4bc572ec2c&project_guid=57FCA7416EAD763E2E06995A33EE916F&publishing_guid=&revision=0&client_program_version=8.0.0.8397&site_id=364175731&computer_name=DESKTOP-G4N757J&bin_log_transaction_offset=0
------------------------------------------------------------------------------------
[11 FEB 2018 04:24:10 GMT-8] Pre-Sync Connection result:
0 (WAIT_OBJECT_0)

------------------------------------------------------------------------------------
[11 FEB 2018 04:24:10 GMT-8] Pre-Sync Response:
<?xml version="1.0"?>
<Pre-sync site_id="364175731" project_guid="57FCA7416EAD763E2E06995A33EE916F" client_revision="0" is_synced_with_ftb="0"/>


====================================================================================
[11 FEB 2018 04:24:10 GMT-8] Downloading Binlog Commands - Preparing for execution...

====================================================================================
[11 FEB 2018 04:24:10 GMT-8] Downloading Binlog Commands Request:
"C:\PROGRA~2\MYHERI~1\Bin\FAMILY~2.EXE" https://www.myheritage.com/FP/API/FTB/ftb-api.php --data "@C:\Users\Eric\AppData\Roaming\MYHERI~1\Temp\dat45B4.tmp" --output "C:\Users\Eric\AppData\Roaming\MYHERI~1\Temp\out45B5.tmp" --stderr "C:\Users\Eric\AppData\Roaming\MYHERI~1\Temp\err45B6.tmp" --ssl-no-revoke -A "Family Tree Builder 8.0.0.8397"
---DATA:---
action=api-sync-get-bin-log-transactions&site_admin=ericrborsheim@gmail.com&site_pwd=53d384b89203627f686e06fb83b9fc4bc572ec2c&site_id=364175731&client_program_version=8.0.0.8397&project_guid=57FCA7416EAD763E2E06995A33EE916F&revision=0&offset=0&limit=1
------------------------------------------------------------------------------------
[11 FEB 2018 04:24:10 GMT-8] Downloading Binlog Commands Connection result:
0 (WAIT_OBJECT_0)

------------------------------------------------------------------------------------
[11 FEB 2018 04:24:10 GMT-8] Downloading Binlog Commands Response:
<?xml version="1.0"?>
<Get-bin-log-transactions site_id="364175731" project_guid="57FCA7416EAD763E2E06995A33EE916F" client_revision="0" is_synced_with_ftb="0" total="0">
  <transactions/>
</Get-bin-log-transactions>


====================================================================================
[11 FEB 2018 17:34:57 GMT-8] Pre-Sync - Preparing for execution...

====================================================================================
[11 FEB 2018 17:34:57 GMT-8] Pre-Sync Request:
"C:\PROGRA~2\MYHERI~1\Bin\FAMILY~2.EXE" https://www.myheritage.com/FP/API/FTB/ftb-api.php --data "@C:\Users\Eric\AppData\Roaming\MYHERI~1\Temp\dat44A6.tmp" --progress-bar --output "C:\Users\Eric\AppData\Roaming\MYHERI~1\Temp\out44A7.tmp" --stderr "C:\Users\Eric\AppData\Roaming\MYHERI~1\Temp\err44A8.tmp" --ssl-no-revoke -A "Family Tree Builder 8.0.0.8397"
---DATA:---
action=api-sync-pre-sync&site_admin=ericrborsheim@gmail.com&site_pwd=53d384b89203627f686e06fb83b9fc4bc572ec2c&project_guid=57FCA7416EAD763E2E06995A33EE916F&publishing_guid=&revision=0&client_program_version=8.0.0.8397&site_id=364175731&computer_name=DESKTOP-G4N757J&bin_log_transaction_offset=0
------------------------------------------------------------------------------------
[11 FEB 2018 17:34:58 GMT-8] Pre-Sync Connection result:
0 (WAIT_OBJECT_0)

------------------------------------------------------------------------------------
[11 FEB 2018 17:34:58 GMT-8] Pre-Sync Response:
<?xml version="1.0"?>
<Pre-sync site_id="364175731" project_guid="57FCA7416EAD763E2E06995A33EE916F" client_revision="0" is_synced_with_ftb="0"/>


====================================================================================
[11 FEB 2018 17:34:58 GMT-8] Downloading Binlog Commands - Preparing for execution...

====================================================================================
[11 FEB 2018 17:34:58 GMT-8] Downloading Binlog Commands Request:
"C:\PROGRA~2\MYHERI~1\Bin\FAMILY~2.EXE" https://www.myheritage.com/FP/API/FTB/ftb-api.php --data "@C:\Users\Eric\AppData\Roaming\MYHERI~1\Temp\dat4739.tmp" --output "C:\Users\Eric\AppData\Roaming\MYHERI~1\Temp\out474A.tmp" --stderr "C:\Users\Eric\AppData\Roaming\MYHERI~1\Temp\err476A.tmp" --ssl-no-revoke -A "Family Tree Builder 8.0.0.8397"
---DATA:---
action=api-sync-get-bin-log-transactions&site_admin=ericrborsheim@gmail.com&site_pwd=53d384b89203627f686e06fb83b9fc4bc572ec2c&site_id=364175731&client_program_version=8.0.0.8397&project_guid=57FCA7416EAD763E2E06995A33EE916F&revision=0&offset=0&limit=1
------------------------------------------------------------------------------------
[11 FEB 2018 17:34:59 GMT-8] Downloading Binlog Commands Connection result:
0 (WAIT_OBJECT_0)

------------------------------------------------------------------------------------
[11 FEB 2018 17:34:59 GMT-8] Downloading Binlog Commands Response:
<?xml version="1.0"?>
<Get-bin-log-transactions site_id="364175731" project_guid="57FCA7416EAD763E2E06995A33EE916F" client_revision="0" is_synced_with_ftb="0" total="0">
  <transactions/>
</Get-bin-log-transactions>


====================================================================================
[12 FEB 2018 00:39:05 GMT-8] Pre-Sync - Preparing for execution...

====================================================================================
[12 FEB 2018 00:39:05 GMT-8] Pre-Sync Request:
"C:\PROGRA~2\MYHERI~1\Bin\FAMILY~2.EXE" https://www.myheritage.com/FP/API/FTB/ftb-api.php --data "@C:\Users\Eric\AppData\Roaming\MYHERI~1\Temp\dat90C1.tmp" --progress-bar --output "C:\Users\Eric\AppData\Roaming\MYHERI~1\Temp\out90C2.tmp" --stderr "C:\Users\Eric\AppData\Roaming\MYHERI~1\Temp\err90C3.tmp" --ssl-no-revoke -A "Family Tree Builder 8.0.0.8397"
---DATA:---
action=api-sync-pre-sync&site_admin=ericrborsheim@gmail.com&site_pwd=53d384b89203627f686e06fb83b9fc4bc572ec2c&project_guid=57FCA7416EAD763E2E06995A33EE916F&publishing_guid=&revision=0&client_program_version=8.0.0.8397&site_id=364175731&computer_name=DESKTOP-G4N757J&bin_log_transaction_offset=0
------------------------------------------------------------------------------------
[12 FEB 2018 00:39:06 GMT-8] Pre-Sync Connection result:
0 (WAIT_OBJECT_0)

------------------------------------------------------------------------------------
[12 FEB 2018 00:39:06 GMT-8] Pre-Sync Response:
<?xml version="1.0"?>
<Pre-sync site_id="364175731" project_guid="57FCA7416EAD763E2E06995A33EE916F" client_revision="0" is_synced_with_ftb="0"/>


====================================================================================
[12 FEB 2018 00:39:06 GMT-8] Downloading Binlog Commands - Preparing for execution...

====================================================================================
[12 FEB 2018 00:39:06 GMT-8] Downloading Binlog Commands Request:
"C:\PROGRA~2\MYHERI~1\Bin\FAMILY~2.EXE" https://www.myheritage.com/FP/API/FTB/ftb-api.php --data "@C:\Users\Eric\AppData\Roaming\MYHERI~1\Temp\dat9364.tmp" --output "C:\Users\Eric\AppData\Roaming\MYHERI~1\Temp\out9365.tmp" --stderr "C:\Users\Eric\AppData\Roaming\MYHERI~1\Temp\err9366.tmp" --ssl-no-revoke -A "Family Tree Builder 8.0.0.8397"
---DATA:---
action=api-sync-get-bin-log-transactions&site_admin=ericrborsheim@gmail.com&site_pwd=53d384b89203627f686e06fb83b9fc4bc572ec2c&site_id=364175731&client_program_version=8.0.0.8397&project_guid=57FCA7416EAD763E2E06995A33EE916F&revision=0&offset=0&limit=1
------------------------------------------------------------------------------------
[12 FEB 2018 00:39:06 GMT-8] Downloading Binlog Commands Connection result:
0 (WAIT_OBJECT_0)

------------------------------------------------------------------------------------
[12 FEB 2018 00:39:06 GMT-8] Downloading Binlog Commands Response:
<?xml version="1.0"?>
<Get-bin-log-transactions site_id="364175731" project_guid="57FCA7416EAD763E2E06995A33EE916F" client_revision="0" is_synced_with_ftb="0" total="0">
  <transactions/>
</Get-bin-log-transactions>


====================================================================================
[12 FEB 2018 16:35:35 GMT-8] Pre-Sync - Preparing for execution...

====================================================================================
[12 FEB 2018 16:35:36 GMT-8] Pre-Sync Request:
"C:\PROGRA~2\MYHERI~1\Bin\FAMILY~2.EXE" https://www.myheritage.com/FP/API/FTB/ftb-api.php --data "@C:\Users\Eric\AppData\Roaming\MYHERI~1\Temp\dat4732.tmp" --progress-bar --output "C:\Users\Eric\AppData\Roaming\MYHERI~1\Temp\out4733.tmp" --stderr "C:\Users\Eric\AppData\Roaming\MYHERI~1\Temp\err4734.tmp" --ssl-no-revoke -A "Family Tree Builder 8.0.0.8397"
---DATA:---
action=api-sync-pre-sync&site_admin=ericrborsheim@gmail.com&site_pwd=53d384b89203627f686e06fb83b9fc4bc572ec2c&project_guid=57FCA7416EAD763E2E06995A33EE916F&publishing_guid=&revision=0&client_program_version=8.0.0.8397&site_id=364175731&computer_name=DESKTOP-G4N757J&bin_log_transaction_offset=0
------------------------------------------------------------------------------------
[12 FEB 2018 16:35:37 GMT-8] Pre-Sync Connection result:
0 (WAIT_OBJECT_0)

------------------------------------------------------------------------------------
[12 FEB 2018 16:35:37 GMT-8] Pre-Sync Response:
<?xml version="1.0"?>
<Pre-sync site_id="364175731" project_guid="57FCA7416EAD763E2E06995A33EE916F" client_revision="0" is_synced_with_ftb="0"/>


====================================================================================
[12 FEB 2018 16:35:37 GMT-8] Downloading Binlog Commands - Preparing for execution...

====================================================================================
[12 FEB 2018 16:35:37 GMT-8] Downloading Binlog Commands Request:
"C:\PROGRA~2\MYHERI~1\Bin\FAMILY~2.EXE" https://www.myheritage.com/FP/API/FTB/ftb-api.php --data "@C:\Users\Eric\AppData\Roaming\MYHERI~1\Temp\dat4B5C.tmp" --output "C:\Users\Eric\AppData\Roaming\MYHERI~1\Temp\out4B6C.tmp" --stderr "C:\Users\Eric\AppData\Roaming\MYHERI~1\Temp\err4B6D.tmp" --ssl-no-revoke -A "Family Tree Builder 8.0.0.8397"
---DATA:---
action=api-sync-get-bin-log-transactions&site_admin=ericrborsheim@gmail.com&site_pwd=53d384b89203627f686e06fb83b9fc4bc572ec2c&site_id=364175731&client_program_version=8.0.0.8397&project_guid=57FCA7416EAD763E2E06995A33EE916F&revision=0&offset=0&limit=1
------------------------------------------------------------------------------------
[12 FEB 2018 16:35:37 GMT-8] Downloading Binlog Commands Connection result:
0 (WAIT_OBJECT_0)

------------------------------------------------------------------------------------
[12 FEB 2018 16:35:37 GMT-8] Downloading Binlog Commands Response:
<?xml version="1.0"?>
<Get-bin-log-transactions site_id="364175731" project_guid="57FCA7416EAD763E2E06995A33EE916F" client_revision="0" is_synced_with_ftb="0" total="0">
  <transactions/>
</Get-bin-log-transactions>


====================================================================================
[16 FEB 2018 14:06:56 GMT-8] Pre-Sync - Preparing for execution...

====================================================================================
[16 FEB 2018 14:06:56 GMT-8] Pre-Sync Request:
"C:\PROGRA~2\MYHERI~1\Bin\FAMILY~2.EXE" https://www.myheritage.com/FP/API/FTB/ftb-api.php --data "@C:\Users\Eric\AppData\Roaming\MYHERI~1\Temp\datFD0.tmp" --progress-bar --output "C:\Users\Eric\AppData\Roaming\MYHERI~1\Temp\outFD1.tmp" --stderr "C:\Users\Eric\AppData\Roaming\MYHERI~1\Temp\errFD2.tmp" --ssl-no-revoke -A "Family Tree Builder 8.0.0.8397"
---DATA:---
action=api-sync-pre-sync&site_admin=ericrborsheim@gmail.com&site_pwd=53d384b89203627f686e06fb83b9fc4bc572ec2c&project_guid=57FCA7416EAD763E2E06995A33EE916F&publishing_guid=&revision=0&client_program_version=8.0.0.8397&site_id=364175731&computer_name=DESKTOP-G4N757J&bin_log_transaction_offset=0
------------------------------------------------------------------------------------
[16 FEB 2018 14:06:56 GMT-8] Pre-Sync Connection result:
0 (WAIT_OBJECT_0)

------------------------------------------------------------------------------------
[16 FEB 2018 14:06:56 GMT-8] Pre-Sync Response:
<?xml version="1.0"?>
<Pre-sync site_id="364175731" project_guid="57FCA7416EAD763E2E06995A33EE916F" client_revision="0" is_synced_with_ftb="0"/>


====================================================================================
[16 FEB 2018 14:06:56 GMT-8] Downloading Binlog Commands - Preparing for execution...

====================================================================================
[16 FEB 2018 14:06:56 GMT-8] Downloading Binlog Commands Request:
"C:\PROGRA~2\MYHERI~1\Bin\FAMILY~2.EXE" https://www.myheritage.com/FP/API/FTB/ftb-api.php --data "@C:\Users\Eric\AppData\Roaming\MYHERI~1\Temp\dat1253.tmp" --output "C:\Users\Eric\AppData\Roaming\MYHERI~1\Temp\out1254.tmp" --stderr "C:\Users\Eric\AppData\Roaming\MYHERI~1\Temp\err1255.tmp" --ssl-no-revoke -A "Family Tree Builder 8.0.0.8397"
---DATA:---
action=api-sync-get-bin-log-transactions&site_admin=ericrborsheim@gmail.com&site_pwd=53d384b89203627f686e06fb83b9fc4bc572ec2c&site_id=364175731&client_program_version=8.0.0.8397&project_guid=57FCA7416EAD763E2E06995A33EE916F&revision=0&offset=0&limit=1
------------------------------------------------------------------------------------
[16 FEB 2018 14:06:57 GMT-8] Downloading Binlog Commands Connection result:
0 (WAIT_OBJECT_0)

------------------------------------------------------------------------------------
[16 FEB 2018 14:06:57 GMT-8] Downloading Binlog Commands Response:
<?xml version="1.0"?>
<Get-bin-log-transactions site_id="364175731" project_guid="57FCA7416EAD763E2E06995A33EE916F" client_revision="0" is_synced_with_ftb="0" total="0">
  <transactions/>
</Get-bin-log-transactions>


====================================================================================
[18 FEB 2018 17:53:07 GMT-8] Pre-Sync - Preparing for execution...

====================================================================================
[18 FEB 2018 17:53:07 GMT-8] Pre-Sync Request:
"C:\PROGRA~2\MYHERI~1\Bin\FAMILY~2.EXE" https://www.myheritage.com/FP/API/FTB/ftb-api.php --data "@C:\Users\Eric\AppData\Roaming\MYHERI~1\Temp\datDB65.tmp" --progress-bar --output "C:\Users\Eric\AppData\Roaming\MYHERI~1\Temp\outDB66.tmp" --stderr "C:\Users\Eric\AppData\Roaming\MYHERI~1\Temp\errDB67.tmp" --ssl-no-revoke -A "Family Tree Builder 8.0.0.8397"
---DATA:---
action=api-sync-pre-sync&site_admin=ericrborsheim@gmail.com&site_pwd=53d384b89203627f686e06fb83b9fc4bc572ec2c&project_guid=57FCA7416EAD763E2E06995A33EE916F&publishing_guid=&revision=0&client_program_version=8.0.0.8397&site_id=364175731&computer_name=DESKTOP-G4N757J&bin_log_transaction_offset=0
------------------------------------------------------------------------------------
[18 FEB 2018 17:53:07 GMT-8] Pre-Sync Connection result:
0 (WAIT_OBJECT_0)

------------------------------------------------------------------------------------
[18 FEB 2018 17:53:07 GMT-8] Pre-Sync Response:
<?xml version="1.0"?>
<Pre-sync site_id="364175731" project_guid="57FCA7416EAD763E2E06995A33EE916F" client_revision="0" is_synced_with_ftb="0"/>


====================================================================================
[18 FEB 2018 17:53:07 GMT-8] Downloading Binlog Commands - Preparing for execution...

====================================================================================
[18 FEB 2018 17:53:07 GMT-8] Downloading Binlog Commands Request:
"C:\PROGRA~2\MYHERI~1\Bin\FAMILY~2.EXE" https://www.myheritage.com/FP/API/FTB/ftb-api.php --data "@C:\Users\Eric\AppData\Roaming\MYHERI~1\Temp\datDD7C.tmp" --output "C:\Users\Eric\AppData\Roaming\MYHERI~1\Temp\outDD7D.tmp" --stderr "C:\Users\Eric\AppData\Roaming\MYHERI~1\Temp\errDD7E.tmp" --ssl-no-revoke -A "Family Tree Builder 8.0.0.8397"
---DATA:---
action=api-sync-get-bin-log-transactions&site_admin=ericrborsheim@gmail.com&site_pwd=53d384b89203627f686e06fb83b9fc4bc572ec2c&site_id=364175731&client_program_version=8.0.0.8397&project_guid=57FCA7416EAD763E2E06995A33EE916F&revision=0&offset=0&limit=1
------------------------------------------------------------------------------------
[18 FEB 2018 17:53:08 GMT-8] Downloading Binlog Commands Connection result:
0 (WAIT_OBJECT_0)

------------------------------------------------------------------------------------
[18 FEB 2018 17:53:08 GMT-8] Downloading Binlog Commands Response:
<?xml version="1.0"?>
<Get-bin-log-transactions site_id="364175731" project_guid="57FCA7416EAD763E2E06995A33EE916F" client_revision="0" is_synced_with_ftb="0" total="0">
  <transactions/>
</Get-bin-log-transactions>


====================================================================================
[19 FEB 2018 17:06:39 GMT-8] Pre-Sync - Preparing for execution...

====================================================================================
[19 FEB 2018 17:06:39 GMT-8] Pre-Sync Request:
"C:\PROGRA~2\MYHERI~1\Bin\FAMILY~2.EXE" https://www.myheritage.com/FP/API/FTB/ftb-api.php --data "@C:\Users\Eric\AppData\Roaming\MYHERI~1\Temp\datA2D3.tmp" --progress-bar --output "C:\Users\Eric\AppData\Roaming\MYHERI~1\Temp\outA2D4.tmp" --stderr "C:\Users\Eric\AppData\Roaming\MYHERI~1\Temp\errA2D5.tmp" --ssl-no-revoke -A "Family Tree Builder 8.0.0.8397"
---DATA:---
action=api-sync-pre-sync&site_admin=ericrborsheim@gmail.com&site_pwd=53d384b89203627f686e06fb83b9fc4bc572ec2c&project_guid=57FCA7416EAD763E2E06995A33EE916F&publishing_guid=&revision=0&client_program_version=8.0.0.8397&site_id=364175731&computer_name=DESKTOP-G4N757J&bin_log_transaction_offset=0
------------------------------------------------------------------------------------
[19 FEB 2018 17:06:40 GMT-8] Pre-Sync Connection result:
0 (WAIT_OBJECT_0)

------------------------------------------------------------------------------------
[19 FEB 2018 17:06:40 GMT-8] Pre-Sync Response:
<?xml version="1.0"?>
<Pre-sync site_id="364175731" project_guid="57FCA7416EAD763E2E06995A33EE916F" client_revision="0" is_synced_with_ftb="0"/>


====================================================================================
[19 FEB 2018 17:06:40 GMT-8] Downloading Binlog Commands - Preparing for execution...

====================================================================================
[19 FEB 2018 17:06:40 GMT-8] Downloading Binlog Commands Request:
"C:\PROGRA~2\MYHERI~1\Bin\FAMILY~2.EXE" https://www.myheritage.com/FP/API/FTB/ftb-api.php --data "@C:\Users\Eric\AppData\Roaming\MYHERI~1\Temp\datA5D3.tmp" --output "C:\Users\Eric\AppData\Roaming\MYHERI~1\Temp\outA5D4.tmp" --stderr "C:\Users\Eric\AppData\Roaming\MYHERI~1\Temp\errA5D5.tmp" --ssl-no-revoke -A "Family Tree Builder 8.0.0.8397"
---DATA:---
action=api-sync-get-bin-log-transactions&site_admin=ericrborsheim@gmail.com&site_pwd=53d384b89203627f686e06fb83b9fc4bc572ec2c&site_id=364175731&client_program_version=8.0.0.8397&project_guid=57FCA7416EAD763E2E06995A33EE916F&revision=0&offset=0&limit=1
------------------------------------------------------------------------------------
[19 FEB 2018 17:06:40 GMT-8] Downloading Binlog Commands Connection result:
0 (WAIT_OBJECT_0)

------------------------------------------------------------------------------------
[19 FEB 2018 17:06:40 GMT-8] Downloading Binlog Commands Response:
<?xml version="1.0"?>
<Get-bin-log-transactions site_id="364175731" project_guid="57FCA7416EAD763E2E06995A33EE916F" client_revision="0" is_synced_with_ftb="0" total="0">
  <transactions/>
</Get-bin-log-transactions>


====================================================================================
[20 FEB 2018 21:41:19 GMT-8] Pre-Sync - Preparing for execution...

====================================================================================
[20 FEB 2018 21:41:19 GMT-8] Pre-Sync Request:
"C:\PROGRA~2\MYHERI~1\Bin\FAMILY~2.EXE" https://www.myheritage.com/FP/API/FTB/ftb-api.php --data "@C:\Users\Eric\AppData\Roaming\MYHERI~1\Temp\dat7536.tmp" --progress-bar --output "C:\Users\Eric\AppData\Roaming\MYHERI~1\Temp\out7537.tmp" --stderr "C:\Users\Eric\AppData\Roaming\MYHERI~1\Temp\err7538.tmp" --ssl-no-revoke -A "Family Tree Builder 8.0.0.8397"
---DATA:---
action=api-sync-pre-sync&site_admin=ericrborsheim@gmail.com&site_pwd=53d384b89203627f686e06fb83b9fc4bc572ec2c&project_guid=57FCA7416EAD763E2E06995A33EE916F&publishing_guid=&revision=0&client_program_version=8.0.0.8397&site_id=364175731&computer_name=DESKTOP-G4N757J&bin_log_transaction_offset=0
------------------------------------------------------------------------------------
[20 FEB 2018 21:41:20 GMT-8] Pre-Sync Connection result:
0 (WAIT_OBJECT_0)

------------------------------------------------------------------------------------
[20 FEB 2018 21:41:20 GMT-8] Pre-Sync Response:
<?xml version="1.0"?>
<Pre-sync site_id="364175731" project_guid="57FCA7416EAD763E2E06995A33EE916F" client_revision="0" is_synced_with_ftb="0"/>


====================================================================================
[20 FEB 2018 21:41:20 GMT-8] Downloading Binlog Commands - Preparing for execution...

====================================================================================
[20 FEB 2018 21:41:20 GMT-8] Downloading Binlog Commands Request:
"C:\PROGRA~2\MYHERI~1\Bin\FAMILY~2.EXE" https://www.myheritage.com/FP/API/FTB/ftb-api.php --data "@C:\Users\Eric\AppData\Roaming\MYHERI~1\Temp\dat78C4.tmp" --output "C:\Users\Eric\AppData\Roaming\MYHERI~1\Temp\out78C5.tmp" --stderr "C:\Users\Eric\AppData\Roaming\MYHERI~1\Temp\err78C6.tmp" --ssl-no-revoke -A "Family Tree Builder 8.0.0.8397"
---DATA:---
action=api-sync-get-bin-log-transactions&site_admin=ericrborsheim@gmail.com&site_pwd=53d384b89203627f686e06fb83b9fc4bc572ec2c&site_id=364175731&client_program_version=8.0.0.8397&project_guid=57FCA7416EAD763E2E06995A33EE916F&revision=0&offset=0&limit=1
------------------------------------------------------------------------------------
[20 FEB 2018 21:41:20 GMT-8] Downloading Binlog Commands Connection result:
0 (WAIT_OBJECT_0)

------------------------------------------------------------------------------------
[20 FEB 2018 21:41:20 GMT-8] Downloading Binlog Commands Response:
<?xml version="1.0"?>
<Get-bin-log-transactions site_id="364175731" project_guid="57FCA7416EAD763E2E06995A33EE916F" client_revision="0" is_synced_with_ftb="0" total="0">
  <transactions/>
</Get-bin-log-transactions>


====================================================================================
[22 FEB 2018 18:54:11 GMT-8] Pre-Sync - Preparing for execution...

====================================================================================
[22 FEB 2018 18:54:11 GMT-8] Pre-Sync Request:
"C:\PROGRA~2\MYHERI~1\Bin\FAMILY~2.EXE" https://www.myheritage.com/FP/API/FTB/ftb-api.php --data "@C:\Users\Eric\AppData\Roaming\MYHERI~1\Temp\dat2B6A.tmp" --progress-bar --output "C:\Users\Eric\AppData\Roaming\MYHERI~1\Temp\out2B6B.tmp" --stderr "C:\Users\Eric\AppData\Roaming\MYHERI~1\Temp\err2B6C.tmp" --ssl-no-revoke -A "Family Tree Builder 8.0.0.8397"
---DATA:---
action=api-sync-pre-sync&site_admin=ericrborsheim@gmail.com&site_pwd=53d384b89203627f686e06fb83b9fc4bc572ec2c&project_guid=57FCA7416EAD763E2E06995A33EE916F&publishing_guid=&revision=0&client_program_version=8.0.0.8397&site_id=364175731&computer_name=DESKTOP-G4N757J&bin_log_transaction_offset=0
------------------------------------------------------------------------------------
[22 FEB 2018 18:54:12 GMT-8] Pre-Sync Connection result:
0 (WAIT_OBJECT_0)

------------------------------------------------------------------------------------
[22 FEB 2018 18:54:12 GMT-8] Pre-Sync Response:
<?xml version="1.0"?>
<Pre-sync site_id="364175731" project_guid="57FCA7416EAD763E2E06995A33EE916F" client_revision="0" is_synced_with_ftb="0"/>


====================================================================================
[22 FEB 2018 18:54:12 GMT-8] Downloading Binlog Commands - Preparing for execution...

====================================================================================
[22 FEB 2018 18:54:12 GMT-8] Downloading Binlog Commands Request:
"C:\PROGRA~2\MYHERI~1\Bin\FAMILY~2.EXE" https://www.myheritage.com/FP/API/FTB/ftb-api.php --data "@C:\Users\Eric\AppData\Roaming\MYHERI~1\Temp\dat2E6A.tmp" --output "C:\Users\Eric\AppData\Roaming\MYHERI~1\Temp\out2E6B.tmp" --stderr "C:\Users\Eric\AppData\Roaming\MYHERI~1\Temp\err2E6C.tmp" --ssl-no-revoke -A "Family Tree Builder 8.0.0.8397"
---DATA:---
action=api-sync-get-bin-log-transactions&site_admin=ericrborsheim@gmail.com&site_pwd=53d384b89203627f686e06fb83b9fc4bc572ec2c&site_id=364175731&client_program_version=8.0.0.8397&project_guid=57FCA7416EAD763E2E06995A33EE916F&revision=0&offset=0&limit=1
------------------------------------------------------------------------------------
[22 FEB 2018 18:54:13 GMT-8] Downloading Binlog Commands Connection result:
0 (WAIT_OBJECT_0)

------------------------------------------------------------------------------------
[22 FEB 2018 18:54:13 GMT-8] Downloading Binlog Commands Response:
<?xml version="1.0"?>
<Get-bin-log-transactions site_id="364175731" project_guid="57FCA7416EAD763E2E06995A33EE916F" client_revision="0" is_synced_with_ftb="0" total="0">
  <transactions/>
</Get-bin-log-transactions>


====================================================================================
[22 FEB 2018 19:06:23 GMT-8] Pre-Sync - Preparing for execution...

====================================================================================
[22 FEB 2018 19:06:23 GMT-8] Pre-Sync Request:
"C:\PROGRA~2\MYHERI~1\Bin\FAMILY~2.EXE" https://www.myheritage.com/FP/API/FTB/ftb-api.php --data "@C:\Users\Eric\AppData\Roaming\MYHERI~1\Temp\dat5572.tmp" --progress-bar --output "C:\Users\Eric\AppData\Roaming\MYHERI~1\Temp\out5573.tmp" --stderr "C:\Users\Eric\AppData\Roaming\MYHERI~1\Temp\err5574.tmp" --ssl-no-revoke -A "Family Tree Builder 8.0.0.8397"
---DATA:---
action=api-sync-pre-sync&site_admin=ericrborsheim@gmail.com&site_pwd=53d384b89203627f686e06fb83b9fc4bc572ec2c&project_guid=57FCA7416EAD763E2E06995A33EE916F&publishing_guid=&revision=0&client_program_version=8.0.0.8397&site_id=364175731&computer_name=DESKTOP-G4N757J&bin_log_transaction_offset=0
------------------------------------------------------------------------------------
[22 FEB 2018 19:06:24 GMT-8] Pre-Sync Connection result:
0 (WAIT_OBJECT_0)

------------------------------------------------------------------------------------
[22 FEB 2018 19:06:24 GMT-8] Pre-Sync Response:
<?xml version="1.0"?>
<Pre-sync site_id="364175731" project_guid="57FCA7416EAD763E2E06995A33EE916F" client_revision="0" is_synced_with_ftb="0"/>


====================================================================================
[22 FEB 2018 19:06:24 GMT-8] Downloading Binlog Commands - Preparing for execution...

====================================================================================
[22 FEB 2018 19:06:24 GMT-8] Downloading Binlog Commands Request:
"C:\PROGRA~2\MYHERI~1\Bin\FAMILY~2.EXE" https://www.myheritage.com/FP/API/FTB/ftb-api.php --data "@C:\Users\Eric\AppData\Roaming\MYHERI~1\Temp\dat596C.tmp" --output "C:\Users\Eric\AppData\Roaming\MYHERI~1\Temp\out596D.tmp" --stderr "C:\Users\Eric\AppData\Roaming\MYHERI~1\Temp\err596E.tmp" --ssl-no-revoke -A "Family Tree Builder 8.0.0.8397"
---DATA:---
action=api-sync-get-bin-log-transactions&site_admin=ericrborsheim@gmail.com&site_pwd=53d384b89203627f686e06fb83b9fc4bc572ec2c&site_id=364175731&client_program_version=8.0.0.8397&project_guid=57FCA7416EAD763E2E06995A33EE916F&revision=0&offset=0&limit=1
------------------------------------------------------------------------------------
[22 FEB 2018 19:06:25 GMT-8] Downloading Binlog Commands Connection result:
0 (WAIT_OBJECT_0)

------------------------------------------------------------------------------------
[22 FEB 2018 19:06:25 GMT-8] Downloading Binlog Commands Response:
<?xml version="1.0"?>
<Get-bin-log-transactions site_id="364175731" project_guid="57FCA7416EAD763E2E06995A33EE916F" client_revision="0" is_synced_with_ftb="0" total="0">
  <transactions/>
</Get-bin-log-transactions>


====================================================================================
[22 FEB 2018 19:32:05 GMT-8] Pre-Sync - Preparing for execution...

====================================================================================
[22 FEB 2018 19:32:05 GMT-8] Pre-Sync Request:
"C:\PROGRA~2\MYHERI~1\Bin\FAMILY~2.EXE" https://www.myheritage.com/FP/API/FTB/ftb-api.php --data "@C:\Users\Eric\AppData\Roaming\MYHERI~1\Temp\dat9DC8.tmp" --progress-bar --output "C:\Users\Eric\AppData\Roaming\MYHERI~1\Temp\out9E27.tmp" --stderr "C:\Users\Eric\AppData\Roaming\MYHERI~1\Temp\err9E38.tmp" --ssl-no-revoke -A "Family Tree Builder 8.0.0.8397"
---DATA:---
action=api-sync-pre-sync&site_admin=ericrborsheim@gmail.com&site_pwd=53d384b89203627f686e06fb83b9fc4bc572ec2c&project_guid=57FCA7416EAD763E2E06995A33EE916F&publishing_guid=&revision=0&client_program_version=8.0.0.8397&site_id=364175731&computer_name=DESKTOP-G4N757J&bin_log_transaction_offset=0
------------------------------------------------------------------------------------
[22 FEB 2018 19:32:08 GMT-8] Pre-Sync Connection result:
0 (WAIT_OBJECT_0)

------------------------------------------------------------------------------------
[22 FEB 2018 19:32:08 GMT-8] Pre-Sync Response:
<?xml version="1.0"?>
<Pre-sync site_id="364175731" project_guid="57FCA7416EAD763E2E06995A33EE916F" client_revision="0" is_synced_with_ftb="0"/>


====================================================================================
[22 FEB 2018 19:32:08 GMT-8] Downloading Binlog Commands - Preparing for execution...

====================================================================================
[22 FEB 2018 19:32:08 GMT-8] Downloading Binlog Commands Request:
"C:\PROGRA~2\MYHERI~1\Bin\FAMILY~2.EXE" https://www.myheritage.com/FP/API/FTB/ftb-api.php --data "@C:\Users\Eric\AppData\Roaming\MYHERI~1\Temp\datAA50.tmp" --output "C:\Users\Eric\AppData\Roaming\MYHERI~1\Temp\outAA51.tmp" --stderr "C:\Users\Eric\AppData\Roaming\MYHERI~1\Temp\errAA52.tmp" --ssl-no-revoke -A "Family Tree Builder 8.0.0.8397"
---DATA:---
action=api-sync-get-bin-log-transactions&site_admin=ericrborsheim@gmail.com&site_pwd=53d384b89203627f686e06fb83b9fc4bc572ec2c&site_id=364175731&client_program_version=8.0.0.8397&project_guid=57FCA7416EAD763E2E06995A33EE916F&revision=0&offset=0&limit=1
------------------------------------------------------------------------------------
[22 FEB 2018 19:32:09 GMT-8] Downloading Binlog Commands Connection result:
0 (WAIT_OBJECT_0)

------------------------------------------------------------------------------------
[22 FEB 2018 19:32:09 GMT-8] Downloading Binlog Commands Response:
<?xml version="1.0"?>
<Get-bin-log-transactions site_id="364175731" project_guid="57FCA7416EAD763E2E06995A33EE916F" client_revision="0" is_synced_with_ftb="0" total="0">
  <transactions/>
</Get-bin-log-transactions>


====================================================================================
[22 FEB 2018 22:42:32 GMT-8] Pre-Sync - Preparing for execution...

====================================================================================
[22 FEB 2018 22:42:32 GMT-8] Pre-Sync Request:
"C:\PROGRA~2\MYHERI~1\Bin\FAMILY~2.EXE" https://www.myheritage.com/FP/API/FTB/ftb-api.php --data "@C:\Users\Eric\AppData\Roaming\MYHERI~1\Temp\datFB8A.tmp" --progress-bar --output "C:\Users\Eric\AppData\Roaming\MYHERI~1\Temp\outFB8B.tmp" --stderr "C:\Users\Eric\AppData\Roaming\MYHERI~1\Temp\errFB8C.tmp" --ssl-no-revoke -A "Family Tree Builder 8.0.0.8397"
---DATA:---
action=api-sync-pre-sync&site_admin=ericrborsheim@gmail.com&site_pwd=53d384b89203627f686e06fb83b9fc4bc572ec2c&project_guid=57FCA7416EAD763E2E06995A33EE916F&publishing_guid=&revision=0&client_program_version=8.0.0.8397&site_id=364175731&computer_name=DESKTOP-G4N757J&bin_log_transaction_offset=0
------------------------------------------------------------------------------------
[22 FEB 2018 22:42:33 GMT-8] Pre-Sync Connection result:
0 (WAIT_OBJECT_0)

------------------------------------------------------------------------------------
[22 FEB 2018 22:42:33 GMT-8] Pre-Sync Response:
<?xml version="1.0"?>
<Pre-sync site_id="364175731" project_guid="57FCA7416EAD763E2E06995A33EE916F" client_revision="0" is_synced_with_ftb="0"/>


====================================================================================
[22 FEB 2018 22:42:33 GMT-8] Downloading Binlog Commands - Preparing for execution...

====================================================================================
[22 FEB 2018 22:42:33 GMT-8] Downloading Binlog Commands Request:
"C:\PROGRA~2\MYHERI~1\Bin\FAMILY~2.EXE" https://www.myheritage.com/FP/API/FTB/ftb-api.php --data "@C:\Users\Eric\AppData\Roaming\MYHERI~1\Temp\datFE3C.tmp" --output "C:\Users\Eric\AppData\Roaming\MYHERI~1\Temp\outFE3D.tmp" --stderr "C:\Users\Eric\AppData\Roaming\MYHERI~1\Temp\errFE3E.tmp" --ssl-no-revoke -A "Family Tree Builder 8.0.0.8397"
---DATA:---
action=api-sync-get-bin-log-transactions&site_admin=ericrborsheim@gmail.com&site_pwd=53d384b89203627f686e06fb83b9fc4bc572ec2c&site_id=364175731&client_program_version=8.0.0.8397&project_guid=57FCA7416EAD763E2E06995A33EE916F&revision=0&offset=0&limit=1
------------------------------------------------------------------------------------
[22 FEB 2018 22:42:34 GMT-8] Downloading Binlog Commands Connection result:
0 (WAIT_OBJECT_0)

------------------------------------------------------------------------------------
[22 FEB 2018 22:42:34 GMT-8] Downloading Binlog Commands Response:
<?xml version="1.0"?>
<Get-bin-log-transactions site_id="364175731" project_guid="57FCA7416EAD763E2E06995A33EE916F" client_revision="0" is_synced_with_ftb="0" total="0">
  <transactions/>
</Get-bin-log-transactions>


====================================================================================
[25 FEB 2018 22:26:53 GMT-8] Pre-Sync - Preparing for execution...

====================================================================================
[25 FEB 2018 22:26:53 GMT-8] Pre-Sync Request:
"C:\PROGRA~2\MYHERI~1\Bin\FAMILY~2.EXE" https://www.myheritage.com/FP/API/FTB/ftb-api.php --data "@C:\Users\Eric\AppData\Roaming\MYHERI~1\Temp\dat962B.tmp" --progress-bar --output "C:\Users\Eric\AppData\Roaming\MYHERI~1\Temp\out962C.tmp" --stderr "C:\Users\Eric\AppData\Roaming\MYHERI~1\Temp\err962D.tmp" --ssl-no-revoke -A "Family Tree Builder 8.0.0.8397"
---DATA:---
action=api-sync-pre-sync&site_admin=ericrborsheim@gmail.com&site_pwd=53d384b89203627f686e06fb83b9fc4bc572ec2c&project_guid=57FCA7416EAD763E2E06995A33EE916F&publishing_guid=&revision=0&client_program_version=8.0.0.8397&site_id=364175731&computer_name=DESKTOP-G4N757J&bin_log_transaction_offset=0
------------------------------------------------------------------------------------
[25 FEB 2018 22:26:53 GMT-8] Pre-Sync Connection result:
0 (WAIT_OBJECT_0)

------------------------------------------------------------------------------------
[25 FEB 2018 22:26:53 GMT-8] Pre-Sync Response:
<?xml version="1.0"?>
<Pre-sync site_id="364175731" project_guid="57FCA7416EAD763E2E06995A33EE916F" client_revision="0" is_synced_with_ftb="0"/>


====================================================================================
[25 FEB 2018 22:26:53 GMT-8] Downloading Binlog Commands - Preparing for execution...

====================================================================================
[25 FEB 2018 22:26:53 GMT-8] Downloading Binlog Commands Request:
"C:\PROGRA~2\MYHERI~1\Bin\FAMILY~2.EXE" https://www.myheritage.com/FP/API/FTB/ftb-api.php --data "@C:\Users\Eric\AppData\Roaming\MYHERI~1\Temp\dat98ED.tmp" --output "C:\Users\Eric\AppData\Roaming\MYHERI~1\Temp\out98EE.tmp" --stderr "C:\Users\Eric\AppData\Roaming\MYHERI~1\Temp\err98EF.tmp" --ssl-no-revoke -A "Family Tree Builder 8.0.0.8397"
---DATA:---
action=api-sync-get-bin-log-transactions&site_admin=ericrborsheim@gmail.com&site_pwd=53d384b89203627f686e06fb83b9fc4bc572ec2c&site_id=364175731&client_program_version=8.0.0.8397&project_guid=57FCA7416EAD763E2E06995A33EE916F&revision=0&offset=0&limit=1
------------------------------------------------------------------------------------
[25 FEB 2018 22:26:54 GMT-8] Downloading Binlog Commands Connection result:
0 (WAIT_OBJECT_0)

------------------------------------------------------------------------------------
[25 FEB 2018 22:26:54 GMT-8] Downloading Binlog Commands Response:
<?xml version="1.0"?>
<Get-bin-log-transactions site_id="364175731" project_guid="57FCA7416EAD763E2E06995A33EE916F" client_revision="0" is_synced_with_ftb="0" total="0">
  <transactions/>
</Get-bin-log-transactions>


====================================================================================
[26 FEB 2018 01:01:44 GMT-8] Pre-Sync - Preparing for execution...

====================================================================================
[26 FEB 2018 01:01:44 GMT-8] Pre-Sync Request:
"C:\PROGRA~2\MYHERI~1\Bin\FAMILY~2.EXE" https://www.myheritage.com/FP/API/FTB/ftb-api.php --data "@C:\Users\Eric\AppData\Roaming\MYHERI~1\Temp\dat5C7A.tmp" --progress-bar --output "C:\Users\Eric\AppData\Roaming\MYHERI~1\Temp\out5C7B.tmp" --stderr "C:\Users\Eric\AppData\Roaming\MYHERI~1\Temp\err5C7C.tmp" --ssl-no-revoke -A "Family Tree Builder 8.0.0.8397"
---DATA:---
action=api-sync-pre-sync&site_admin=ericrborsheim@gmail.com&site_pwd=53d384b89203627f686e06fb83b9fc4bc572ec2c&project_guid=57FCA7416EAD763E2E06995A33EE916F&publishing_guid=&revision=0&client_program_version=8.0.0.8397&site_id=364175731&computer_name=DESKTOP-G4N757J&bin_log_transaction_offset=0
------------------------------------------------------------------------------------
[26 FEB 2018 01:01:45 GMT-8] Pre-Sync Connection result:
0 (WAIT_OBJECT_0)

------------------------------------------------------------------------------------
[26 FEB 2018 01:01:45 GMT-8] Pre-Sync Response:
<?xml version="1.0"?>
<Pre-sync site_id="364175731" project_guid="57FCA7416EAD763E2E06995A33EE916F" client_revision="0" is_synced_with_ftb="0"/>


====================================================================================
[26 FEB 2018 01:01:45 GMT-8] Downloading Binlog Commands - Preparing for execution...

====================================================================================
[26 FEB 2018 01:01:45 GMT-8] Downloading Binlog Commands Request:
"C:\PROGRA~2\MYHERI~1\Bin\FAMILY~2.EXE" https://www.myheritage.com/FP/API/FTB/ftb-api.php --data "@C:\Users\Eric\AppData\Roaming\MYHERI~1\Temp\dat5EA0.tmp" --output "C:\Users\Eric\AppData\Roaming\MYHERI~1\Temp\out5EA1.tmp" --stderr "C:\Users\Eric\AppData\Roaming\MYHERI~1\Temp\err5EA2.tmp" --ssl-no-revoke -A "Family Tree Builder 8.0.0.8397"
---DATA:---
action=api-sync-get-bin-log-transactions&site_admin=ericrborsheim@gmail.com&site_pwd=53d384b89203627f686e06fb83b9fc4bc572ec2c&site_id=364175731&client_program_version=8.0.0.8397&project_guid=57FCA7416EAD763E2E06995A33EE916F&revision=0&offset=0&limit=1
------------------------------------------------------------------------------------
[26 FEB 2018 01:01:45 GMT-8] Downloading Binlog Commands Connection result:
0 (WAIT_OBJECT_0)

------------------------------------------------------------------------------------
[26 FEB 2018 01:01:45 GMT-8] Downloading Binlog Commands Response:
<?xml version="1.0"?>
<Get-bin-log-transactions site_id="364175731" project_guid="57FCA7416EAD763E2E06995A33EE916F" client_revision="0" is_synced_with_ftb="0" total="0">
  <transactions/>
</Get-bin-log-transactions>


====================================================================================
[26 FEB 2018 01:02:40 GMT-8] Pre-Sync - Preparing for execution...

====================================================================================
[26 FEB 2018 01:02:40 GMT-8] Pre-Sync Request:
"C:\PROGRA~2\MYHERI~1\Bin\FAMILY~2.EXE" https://www.myheritage.com/FP/API/FTB/ftb-api.php --data "@C:\Users\Eric\AppData\Roaming\MYHERI~1\Temp\dat36EC.tmp" --progress-bar --output "C:\Users\Eric\AppData\Roaming\MYHERI~1\Temp\out36ED.tmp" --stderr "C:\Users\Eric\AppData\Roaming\MYHERI~1\Temp\err36EE.tmp" --ssl-no-revoke -A "Family Tree Builder 8.0.0.8397"
---DATA:---
action=api-sync-pre-sync&site_admin=ericrborsheim@gmail.com&site_pwd=53d384b89203627f686e06fb83b9fc4bc572ec2c&project_guid=57FCA7416EAD763E2E06995A33EE916F&publishing_guid=&revision=0&client_program_version=8.0.0.8397&site_id=364175731&computer_name=DESKTOP-G4N757J&bin_log_transaction_offset=0
------------------------------------------------------------------------------------
[26 FEB 2018 01:02:40 GMT-8] Pre-Sync Connection result:
0 (WAIT_OBJECT_0)

------------------------------------------------------------------------------------
[26 FEB 2018 01:02:40 GMT-8] Pre-Sync Response:
<?xml version="1.0"?>
<Pre-sync site_id="364175731" project_guid="57FCA7416EAD763E2E06995A33EE916F" client_revision="0" is_synced_with_ftb="0"/>


====================================================================================
[26 FEB 2018 01:02:41 GMT-8] Downloading Binlog Commands - Preparing for execution...

====================================================================================
[26 FEB 2018 01:02:41 GMT-8] Downloading Binlog Commands Request:
"C:\PROGRA~2\MYHERI~1\Bin\FAMILY~2.EXE" https://www.myheritage.com/FP/API/FTB/ftb-api.php --data "@C:\Users\Eric\AppData\Roaming\MYHERI~1\Temp\dat3931.tmp" --output "C:\Users\Eric\AppData\Roaming\MYHERI~1\Temp\out3932.tmp" --stderr "C:\Users\Eric\AppData\Roaming\MYHERI~1\Temp\err3943.tmp" --ssl-no-revoke -A "Family Tree Builder 8.0.0.8397"
---DATA:---
action=api-sync-get-bin-log-transactions&site_admin=ericrborsheim@gmail.com&site_pwd=53d384b89203627f686e06fb83b9fc4bc572ec2c&site_id=364175731&client_program_version=8.0.0.8397&project_guid=57FCA7416EAD763E2E06995A33EE916F&revision=0&offset=0&limit=1
------------------------------------------------------------------------------------
[26 FEB 2018 01:02:41 GMT-8] Downloading Binlog Commands Connection result:
0 (WAIT_OBJECT_0)

------------------------------------------------------------------------------------
[26 FEB 2018 01:02:41 GMT-8] Downloading Binlog Commands Response:
<?xml version="1.0"?>
<Get-bin-log-transactions site_id="364175731" project_guid="57FCA7416EAD763E2E06995A33EE916F" client_revision="0" is_synced_with_ftb="0" total="0">
  <transactions/>
</Get-bin-log-transactions>


====================================================================================
[27 FEB 2018 12:45:23 GMT-8] Pre-Sync - Preparing for execution...

====================================================================================
[27 FEB 2018 12:45:23 GMT-8] Pre-Sync Request:
"C:\PROGRA~2\MYHERI~1\Bin\FAMILY~2.EXE" https://www.myheritage.com/FP/API/FTB/ftb-api.php --data "@C:\Users\Eric\AppData\Roaming\MYHERI~1\Temp\datECFB.tmp" --progress-bar --output "C:\Users\Eric\AppData\Roaming\MYHERI~1\Temp\outECFC.tmp" --stderr "C:\Users\Eric\AppData\Roaming\MYHERI~1\Temp\errECFD.tmp" --ssl-no-revoke -A "Family Tree Builder 8.0.0.8397"
---DATA:---
action=api-sync-pre-sync&site_admin=ericrborsheim@gmail.com&site_pwd=53d384b89203627f686e06fb83b9fc4bc572ec2c&project_guid=57FCA7416EAD763E2E06995A33EE916F&publishing_guid=&revision=0&client_program_version=8.0.0.8397&site_id=364175731&computer_name=DESKTOP-G4N757J&bin_log_transaction_offset=0
------------------------------------------------------------------------------------
[27 FEB 2018 12:45:23 GMT-8] Pre-Sync Connection result:
0 (WAIT_OBJECT_0)

------------------------------------------------------------------------------------
[27 FEB 2018 12:45:23 GMT-8] Pre-Sync Response:
<?xml version="1.0"?>
<Pre-sync site_id="364175731" project_guid="57FCA7416EAD763E2E06995A33EE916F" client_revision="0" is_synced_with_ftb="0"/>


====================================================================================
[27 FEB 2018 12:45:23 GMT-8] Downloading Binlog Commands - Preparing for execution...

====================================================================================
[27 FEB 2018 12:45:23 GMT-8] Downloading Binlog Commands Request:
"C:\PROGRA~2\MYHERI~1\Bin\FAMILY~2.EXE" https://www.myheritage.com/FP/API/FTB/ftb-api.php --data "@C:\Users\Eric\AppData\Roaming\MYHERI~1\Temp\datEEE3.tmp" --output "C:\Users\Eric\AppData\Roaming\MYHERI~1\Temp\outEEE4.tmp" --stderr "C:\Users\Eric\AppData\Roaming\MYHERI~1\Temp\errEEE5.tmp" --ssl-no-revoke -A "Family Tree Builder 8.0.0.8397"
---DATA:---
action=api-sync-get-bin-log-transactions&site_admin=ericrborsheim@gmail.com&site_pwd=53d384b89203627f686e06fb83b9fc4bc572ec2c&site_id=364175731&client_program_version=8.0.0.8397&project_guid=57FCA7416EAD763E2E06995A33EE916F&revision=0&offset=0&limit=1
------------------------------------------------------------------------------------
[27 FEB 2018 12:45:24 GMT-8] Downloading Binlog Commands Connection result:
0 (WAIT_OBJECT_0)

------------------------------------------------------------------------------------
[27 FEB 2018 12:45:24 GMT-8] Downloading Binlog Commands Response:
<?xml version="1.0"?>
<Get-bin-log-transactions site_id="364175731" project_guid="57FCA7416EAD763E2E06995A33EE916F" client_revision="0" is_synced_with_ftb="0" total="0">
  <transactions/>
</Get-bin-log-transactions>


====================================================================================
[27 FEB 2018 13:40:59 GMT-8] Pre-Sync - Preparing for execution...

====================================================================================
[27 FEB 2018 13:40:59 GMT-8] Pre-Sync Request:
"C:\PROGRA~2\MYHERI~1\Bin\FAMILY~2.EXE" https://www.myheritage.com/FP/API/FTB/ftb-api.php --data "@C:\Users\Eric\AppData\Roaming\MYHERI~1\Temp\datD5E4.tmp" --progress-bar --output "C:\Users\Eric\AppData\Roaming\MYHERI~1\Temp\outD5E5.tmp" --stderr "C:\Users\Eric\AppData\Roaming\MYHERI~1\Temp\errD5E6.tmp" --ssl-no-revoke -A "Family Tree Builder 8.0.0.8397"
---DATA:---
action=api-sync-pre-sync&site_admin=ericrborsheim@gmail.com&site_pwd=53d384b89203627f686e06fb83b9fc4bc572ec2c&project_guid=57FCA7416EAD763E2E06995A33EE916F&publishing_guid=&revision=0&client_program_version=8.0.0.8397&site_id=364175731&computer_name=DESKTOP-G4N757J&bin_log_transaction_offset=0
------------------------------------------------------------------------------------
[27 FEB 2018 13:41:00 GMT-8] Pre-Sync Connection result:
0 (WAIT_OBJECT_0)

------------------------------------------------------------------------------------
[27 FEB 2018 13:41:00 GMT-8] Pre-Sync Response:
<?xml version="1.0"?>
<Pre-sync site_id="364175731" project_guid="57FCA7416EAD763E2E06995A33EE916F" client_revision="0" is_synced_with_ftb="0"/>


====================================================================================
[27 FEB 2018 13:41:00 GMT-8] Downloading Binlog Commands - Preparing for execution...

====================================================================================
[27 FEB 2018 13:41:00 GMT-8] Downloading Binlog Commands Request:
"C:\PROGRA~2\MYHERI~1\Bin\FAMILY~2.EXE" https://www.myheritage.com/FP/API/FTB/ftb-api.php --data "@C:\Users\Eric\AppData\Roaming\MYHERI~1\Temp\datD9EF.tmp" --output "C:\Users\Eric\AppData\Roaming\MYHERI~1\Temp\outD9F0.tmp" --stderr "C:\Users\Eric\AppData\Roaming\MYHERI~1\Temp\errD9F1.tmp" --ssl-no-revoke -A "Family Tree Builder 8.0.0.8397"
---DATA:---
action=api-sync-get-bin-log-transactions&site_admin=ericrborsheim@gmail.com&site_pwd=53d384b89203627f686e06fb83b9fc4bc572ec2c&site_id=364175731&client_program_version=8.0.0.8397&project_guid=57FCA7416EAD763E2E06995A33EE916F&revision=0&offset=0&limit=1
------------------------------------------------------------------------------------
[27 FEB 2018 13:41:01 GMT-8] Downloading Binlog Commands Connection result:
0 (WAIT_OBJECT_0)

------------------------------------------------------------------------------------
[27 FEB 2018 13:41:01 GMT-8] Downloading Binlog Commands Response:
<?xml version="1.0"?>
<Get-bin-log-transactions site_id="364175731" project_guid="57FCA7416EAD763E2E06995A33EE916F" client_revision="0" is_synced_with_ftb="0" total="0">
  <transactions/>
</Get-bin-log-transactions>


====================================================================================
[27 FEB 2018 13:47:54 GMT-8] Pre-Sync - Preparing for execution...

====================================================================================
[27 FEB 2018 13:47:54 GMT-8] Pre-Sync Request:
"C:\PROGRA~2\MYHERI~1\Bin\FAMILY~2.EXE" https://www.myheritage.com/FP/API/FTB/ftb-api.php --data "@C:\Users\Eric\AppData\Roaming\MYHERI~1\Temp\dat2A8C.tmp" --progress-bar --output "C:\Users\Eric\AppData\Roaming\MYHERI~1\Temp\out2A8D.tmp" --stderr "C:\Users\Eric\AppData\Roaming\MYHERI~1\Temp\err2A8E.tmp" --ssl-no-revoke -A "Family Tree Builder 8.0.0.8397"
---DATA:---
action=api-sync-pre-sync&site_admin=ericrborsheim@gmail.com&site_pwd=53d384b89203627f686e06fb83b9fc4bc572ec2c&project_guid=57FCA7416EAD763E2E06995A33EE916F&publishing_guid=&revision=0&client_program_version=8.0.0.8397&site_id=364175731&computer_name=DESKTOP-G4N757J&bin_log_transaction_offset=0
------------------------------------------------------------------------------------
[27 FEB 2018 13:47:55 GMT-8] Pre-Sync Connection result:
0 (WAIT_OBJECT_0)

------------------------------------------------------------------------------------
[27 FEB 2018 13:47:55 GMT-8] Pre-Sync Response:
<?xml version="1.0"?>
<Pre-sync site_id="364175731" project_guid="57FCA7416EAD763E2E06995A33EE916F" client_revision="0" is_synced_with_ftb="0"/>


====================================================================================
[27 FEB 2018 13:47:55 GMT-8] Downloading Binlog Commands - Preparing for execution...

====================================================================================
[27 FEB 2018 13:47:55 GMT-8] Downloading Binlog Commands Request:
"C:\PROGRA~2\MYHERI~1\Bin\FAMILY~2.EXE" https://www.myheritage.com/FP/API/FTB/ftb-api.php --data "@C:\Users\Eric\AppData\Roaming\MYHERI~1\Temp\dat2E48.tmp" --output "C:\Users\Eric\AppData\Roaming\MYHERI~1\Temp\out2E59.tmp" --stderr "C:\Users\Eric\AppData\Roaming\MYHERI~1\Temp\err2E5A.tmp" --ssl-no-revoke -A "Family Tree Builder 8.0.0.8397"
---DATA:---
action=api-sync-get-bin-log-transactions&site_admin=ericrborsheim@gmail.com&site_pwd=53d384b89203627f686e06fb83b9fc4bc572ec2c&site_id=364175731&client_program_version=8.0.0.8397&project_guid=57FCA7416EAD763E2E06995A33EE916F&revision=0&offset=0&limit=1
------------------------------------------------------------------------------------
[27 FEB 2018 13:47:56 GMT-8] Downloading Binlog Commands Connection result:
0 (WAIT_OBJECT_0)

------------------------------------------------------------------------------------
[27 FEB 2018 13:47:56 GMT-8] Downloading Binlog Commands Response:
<?xml version="1.0"?>
<Get-bin-log-transactions site_id="364175731" project_guid="57FCA7416EAD763E2E06995A33EE916F" client_revision="0" is_synced_with_ftb="0" total="0">
  <transactions/>
</Get-bin-log-transactions>


====================================================================================
[28 FEB 2018 21:37:01 GMT-8] Pre-Sync - Preparing for execution...

====================================================================================
[28 FEB 2018 21:37:01 GMT-8] Pre-Sync Request:
"C:\PROGRA~2\MYHERI~1\Bin\FAMILY~2.EXE" https://www.myheritage.com/FP/API/FTB/ftb-api.php --data "@C:\Users\Eric\AppData\Roaming\MYHERI~1\Temp\datA0D9.tmp" --progress-bar --output "C:\Users\Eric\AppData\Roaming\MYHERI~1\Temp\outA0DA.tmp" --stderr "C:\Users\Eric\AppData\Roaming\MYHERI~1\Temp\errA0DB.tmp" --ssl-no-revoke -A "Family Tree Builder 8.0.0.8397"
---DATA:---
action=api-sync-pre-sync&site_admin=ericrborsheim@gmail.com&site_pwd=53d384b89203627f686e06fb83b9fc4bc572ec2c&project_guid=57FCA7416EAD763E2E06995A33EE916F&publishing_guid=&revision=0&client_program_version=8.0.0.8397&site_id=364175731&computer_name=DESKTOP-G4N757J&bin_log_transaction_offset=0
------------------------------------------------------------------------------------
[28 FEB 2018 21:37:02 GMT-8] Pre-Sync Connection result:
0 (WAIT_OBJECT_0)

------------------------------------------------------------------------------------
[28 FEB 2018 21:37:02 GMT-8] Pre-Sync Response:
<?xml version="1.0"?>
<Pre-sync site_id="364175731" project_guid="57FCA7416EAD763E2E06995A33EE916F" client_revision="0" is_synced_with_ftb="0"/>


====================================================================================
[28 FEB 2018 21:37:02 GMT-8] Downloading Binlog Commands - Preparing for execution...

====================================================================================
[28 FEB 2018 21:37:02 GMT-8] Downloading Binlog Commands Request:
"C:\PROGRA~2\MYHERI~1\Bin\FAMILY~2.EXE" https://www.myheritage.com/FP/API/FTB/ftb-api.php --data "@C:\Users\Eric\AppData\Roaming\MYHERI~1\Temp\datA2A2.tmp" --output "C:\Users\Eric\AppData\Roaming\MYHERI~1\Temp\outA2B2.tmp" --stderr "C:\Users\Eric\AppData\Roaming\MYHERI~1\Temp\errA2B3.tmp" --ssl-no-revoke -A "Family Tree Builder 8.0.0.8397"
---DATA:---
action=api-sync-get-bin-log-transactions&site_admin=ericrborsheim@gmail.com&site_pwd=53d384b89203627f686e06fb83b9fc4bc572ec2c&site_id=364175731&client_program_version=8.0.0.8397&project_guid=57FCA7416EAD763E2E06995A33EE916F&revision=0&offset=0&limit=1
------------------------------------------------------------------------------------
[28 FEB 2018 21:37:02 GMT-8] Downloading Binlog Commands Connection result:
0 (WAIT_OBJECT_0)

------------------------------------------------------------------------------------
[28 FEB 2018 21:37:02 GMT-8] Downloading Binlog Commands Response:
<?xml version="1.0"?>
<Get-bin-log-transactions site_id="364175731" project_guid="57FCA7416EAD763E2E06995A33EE916F" client_revision="0" is_synced_with_ftb="0" total="0">
  <transactions/>
</Get-bin-log-transactions>


====================================================================================
[28 FEB 2018 21:49:22 GMT-8] Pre-Sync - Preparing for execution...

====================================================================================
[28 FEB 2018 21:49:22 GMT-8] Pre-Sync Request:
"C:\PROGRA~2\MYHERI~1\Bin\FAMILY~2.EXE" https://www.myheritage.com/FP/API/FTB/ftb-api.php --data "@C:\Users\Eric\AppData\Roaming\MYHERI~1\Temp\datED10.tmp" --progress-bar --output "C:\Users\Eric\AppData\Roaming\MYHERI~1\Temp\outED20.tmp" --stderr "C:\Users\Eric\AppData\Roaming\MYHERI~1\Temp\errED21.tmp" --ssl-no-revoke -A "Family Tree Builder 8.0.0.8397"
---DATA:---
action=api-sync-pre-sync&site_admin=ericrborsheim@gmail.com&site_pwd=53d384b89203627f686e06fb83b9fc4bc572ec2c&project_guid=57FCA7416EAD763E2E06995A33EE916F&publishing_guid=&revision=0&client_program_version=8.0.0.8397&site_id=364175731&computer_name=DESKTOP-G4N757J&bin_log_transaction_offset=0
------------------------------------------------------------------------------------
[28 FEB 2018 21:49:22 GMT-8] Pre-Sync Connection result:
0 (WAIT_OBJECT_0)

------------------------------------------------------------------------------------
[28 FEB 2018 21:49:22 GMT-8] Pre-Sync Response:
<?xml version="1.0"?>
<Pre-sync site_id="364175731" project_guid="57FCA7416EAD763E2E06995A33EE916F" client_revision="0" is_synced_with_ftb="0"/>


====================================================================================
[28 FEB 2018 21:49:22 GMT-8] Downloading Binlog Commands - Preparing for execution...

====================================================================================
[28 FEB 2018 21:49:22 GMT-8] Downloading Binlog Commands Request:
"C:\PROGRA~2\MYHERI~1\Bin\FAMILY~2.EXE" https://www.myheritage.com/FP/API/FTB/ftb-api.php --data "@C:\Users\Eric\AppData\Roaming\MYHERI~1\Temp\datEEC8.tmp" --output "C:\Users\Eric\AppData\Roaming\MYHERI~1\Temp\outEEC9.tmp" --stderr "C:\Users\Eric\AppData\Roaming\MYHERI~1\Temp\errEECA.tmp" --ssl-no-revoke -A "Family Tree Builder 8.0.0.8397"
---DATA:---
action=api-sync-get-bin-log-transactions&site_admin=ericrborsheim@gmail.com&site_pwd=53d384b89203627f686e06fb83b9fc4bc572ec2c&site_id=364175731&client_program_version=8.0.0.8397&project_guid=57FCA7416EAD763E2E06995A33EE916F&revision=0&offset=0&limit=1
------------------------------------------------------------------------------------
[28 FEB 2018 21:49:23 GMT-8] Downloading Binlog Commands Connection result:
0 (WAIT_OBJECT_0)

------------------------------------------------------------------------------------
[28 FEB 2018 21:49:23 GMT-8] Downloading Binlog Commands Response:
<?xml version="1.0"?>
<Get-bin-log-transactions site_id="364175731" project_guid="57FCA7416EAD763E2E06995A33EE916F" client_revision="0" is_synced_with_ftb="0" total="0">
  <transactions/>
</Get-bin-log-transactions>


====================================================================================
[1 MAR 2018 13:08:35 GMT-8] Pre-Sync - Preparing for execution...

====================================================================================
[1 MAR 2018 13:08:35 GMT-8] Pre-Sync Request:
"C:\PROGRA~2\MYHERI~1\Bin\FAMILY~2.EXE" https://www.myheritage.com/FP/API/FTB/ftb-api.php --data "@C:\Users\Eric\AppData\Roaming\MYHERI~1\Temp\dat7F14.tmp" --progress-bar --output "C:\Users\Eric\AppData\Roaming\MYHERI~1\Temp\out7F15.tmp" --stderr "C:\Users\Eric\AppData\Roaming\MYHERI~1\Temp\err7F26.tmp" --ssl-no-revoke -A "Family Tree Builder 8.0.0.8397"
---DATA:---
action=api-sync-pre-sync&site_admin=ericrborsheim@gmail.com&site_pwd=53d384b89203627f686e06fb83b9fc4bc572ec2c&project_guid=57FCA7416EAD763E2E06995A33EE916F&publishing_guid=&revision=0&client_program_version=8.0.0.8397&site_id=364175731&computer_name=DESKTOP-G4N757J&bin_log_transaction_offset=0
------------------------------------------------------------------------------------
[1 MAR 2018 13:08:35 GMT-8] Pre-Sync Connection result:
0 (WAIT_OBJECT_0)

------------------------------------------------------------------------------------
[1 MAR 2018 13:08:35 GMT-8] Pre-Sync Response:
<?xml version="1.0"?>
<Pre-sync site_id="364175731" project_guid="57FCA7416EAD763E2E06995A33EE916F" client_revision="0" is_synced_with_ftb="0"/>


====================================================================================
[1 MAR 2018 13:08:35 GMT-8] Downloading Binlog Commands - Preparing for execution...

====================================================================================
[1 MAR 2018 13:08:35 GMT-8] Downloading Binlog Commands Request:
"C:\PROGRA~2\MYHERI~1\Bin\FAMILY~2.EXE" https://www.myheritage.com/FP/API/FTB/ftb-api.php --data "@C:\Users\Eric\AppData\Roaming\MYHERI~1\Temp\dat80DC.tmp" --output "C:\Users\Eric\AppData\Roaming\MYHERI~1\Temp\out80DD.tmp" --stderr "C:\Users\Eric\AppData\Roaming\MYHERI~1\Temp\err80DE.tmp" --ssl-no-revoke -A "Family Tree Builder 8.0.0.8397"
---DATA:---
action=api-sync-get-bin-log-transactions&site_admin=ericrborsheim@gmail.com&site_pwd=53d384b89203627f686e06fb83b9fc4bc572ec2c&site_id=364175731&client_program_version=8.0.0.8397&project_guid=57FCA7416EAD763E2E06995A33EE916F&revision=0&offset=0&limit=1
------------------------------------------------------------------------------------
[1 MAR 2018 13:08:36 GMT-8] Downloading Binlog Commands Connection result:
0 (WAIT_OBJECT_0)

------------------------------------------------------------------------------------
[1 MAR 2018 13:08:36 GMT-8] Downloading Binlog Commands Response:
<?xml version="1.0"?>
<Get-bin-log-transactions site_id="364175731" project_guid="57FCA7416EAD763E2E06995A33EE916F" client_revision="0" is_synced_with_ftb="0" total="0">
  <transactions/>
</Get-bin-log-transactions>


====================================================================================
[2 MAR 2018 00:46:43 GMT-8] Pre-Sync - Preparing for execution...

====================================================================================
[2 MAR 2018 00:46:43 GMT-8] Pre-Sync Request:
"C:\PROGRA~2\MYHERI~1\Bin\FAMILY~2.EXE" https://www.myheritage.com/FP/API/FTB/ftb-api.php --data "@C:\Users\Eric\AppData\Roaming\MYHERI~1\Temp\datA787.tmp" --progress-bar --output "C:\Users\Eric\AppData\Roaming\MYHERI~1\Temp\outA788.tmp" --stderr "C:\Users\Eric\AppData\Roaming\MYHERI~1\Temp\errA7B8.tmp" --ssl-no-revoke -A "Family Tree Builder 8.0.0.8397"
---DATA:---
action=api-sync-pre-sync&site_admin=ericrborsheim@gmail.com&site_pwd=53d384b89203627f686e06fb83b9fc4bc572ec2c&project_guid=57FCA7416EAD763E2E06995A33EE916F&publishing_guid=&revision=0&client_program_version=8.0.0.8397&site_id=364175731&computer_name=DESKTOP-G4N757J&bin_log_transaction_offset=0
------------------------------------------------------------------------------------
[2 MAR 2018 00:46:43 GMT-8] Pre-Sync Connection result:
0 (WAIT_OBJECT_0)

------------------------------------------------------------------------------------
[2 MAR 2018 00:46:43 GMT-8] Pre-Sync Response:
<?xml version="1.0"?>
<Pre-sync site_id="364175731" project_guid="57FCA7416EAD763E2E06995A33EE916F" client_revision="0" is_synced_with_ftb="0"/>


====================================================================================
[2 MAR 2018 00:46:43 GMT-8] Downloading Binlog Commands - Preparing for execution...

====================================================================================
[2 MAR 2018 00:46:43 GMT-8] Downloading Binlog Commands Request:
"C:\PROGRA~2\MYHERI~1\Bin\FAMILY~2.EXE" https://www.myheritage.com/FP/API/FTB/ftb-api.php --data "@C:\Users\Eric\AppData\Roaming\MYHERI~1\Temp\datA9DC.tmp" --output "C:\Users\Eric\AppData\Roaming\MYHERI~1\Temp\outA9DD.tmp" --stderr "C:\Users\Eric\AppData\Roaming\MYHERI~1\Temp\errA9DE.tmp" --ssl-no-revoke -A "Family Tree Builder 8.0.0.8397"
---DATA:---
action=api-sync-get-bin-log-transactions&site_admin=ericrborsheim@gmail.com&site_pwd=53d384b89203627f686e06fb83b9fc4bc572ec2c&site_id=364175731&client_program_version=8.0.0.8397&project_guid=57FCA7416EAD763E2E06995A33EE916F&revision=0&offset=0&limit=1
------------------------------------------------------------------------------------
[2 MAR 2018 00:46:44 GMT-8] Downloading Binlog Commands Connection result:
0 (WAIT_OBJECT_0)

------------------------------------------------------------------------------------
[2 MAR 2018 00:46:44 GMT-8] Downloading Binlog Commands Response:
<?xml version="1.0"?>
<Get-bin-log-transactions site_id="364175731" project_guid="57FCA7416EAD763E2E06995A33EE916F" client_revision="0" is_synced_with_ftb="0" total="0">
  <transactions/>
</Get-bin-log-transactions>


====================================================================================
[2 MAR 2018 17:44:15 GMT-8] Pre-Sync - Preparing for execution...

====================================================================================
[2 MAR 2018 17:44:15 GMT-8] Pre-Sync Request:
"C:\PROGRA~2\MYHERI~1\Bin\FAMILY~2.EXE" https://www.myheritage.com/FP/API/FTB/ftb-api.php --data "@C:\Users\Eric\AppData\Roaming\MYHERI~1\Temp\dat3DEB.tmp" --progress-bar --output "C:\Users\Eric\AppData\Roaming\MYHERI~1\Temp\out3DFC.tmp" --stderr "C:\Users\Eric\AppData\Roaming\MYHERI~1\Temp\err3DFD.tmp" --ssl-no-revoke -A "Family Tree Builder 8.0.0.8397"
---DATA:---
action=api-sync-pre-sync&site_admin=ericrborsheim@gmail.com&site_pwd=53d384b89203627f686e06fb83b9fc4bc572ec2c&project_guid=57FCA7416EAD763E2E06995A33EE916F&publishing_guid=&revision=0&client_program_version=8.0.0.8397&site_id=364175731&computer_name=DESKTOP-G4N757J&bin_log_transaction_offset=0
------------------------------------------------------------------------------------
[2 MAR 2018 17:44:16 GMT-8] Pre-Sync Connection result:
0 (WAIT_OBJECT_0)

------------------------------------------------------------------------------------
[2 MAR 2018 17:44:16 GMT-8] Pre-Sync Response:
<?xml version="1.0"?>
<Pre-sync site_id="364175731" project_guid="57FCA7416EAD763E2E06995A33EE916F" client_revision="0" is_synced_with_ftb="0"/>


====================================================================================
[2 MAR 2018 17:44:16 GMT-8] Downloading Binlog Commands - Preparing for execution...

====================================================================================
[2 MAR 2018 17:44:16 GMT-8] Downloading Binlog Commands Request:
"C:\PROGRA~2\MYHERI~1\Bin\FAMILY~2.EXE" https://www.myheritage.com/FP/API/FTB/ftb-api.php --data "@C:\Users\Eric\AppData\Roaming\MYHERI~1\Temp\dat40FB.tmp" --output "C:\Users\Eric\AppData\Roaming\MYHERI~1\Temp\out40FC.tmp" --stderr "C:\Users\Eric\AppData\Roaming\MYHERI~1\Temp\err40FD.tmp" --ssl-no-revoke -A "Family Tree Builder 8.0.0.8397"
---DATA:---
action=api-sync-get-bin-log-transactions&site_admin=ericrborsheim@gmail.com&site_pwd=53d384b89203627f686e06fb83b9fc4bc572ec2c&site_id=364175731&client_program_version=8.0.0.8397&project_guid=57FCA7416EAD763E2E06995A33EE916F&revision=0&offset=0&limit=1
------------------------------------------------------------------------------------
[2 MAR 2018 17:44:18 GMT-8] Downloading Binlog Commands Connection result:
0 (WAIT_OBJECT_0)

------------------------------------------------------------------------------------
[2 MAR 2018 17:44:18 GMT-8] Downloading Binlog Commands Response:
<?xml version="1.0"?>
<Get-bin-log-transactions site_id="364175731" project_guid="57FCA7416EAD763E2E06995A33EE916F" client_revision="0" is_synced_with_ftb="0" total="0">
  <transactions/>
</Get-bin-log-transactions>


====================================================================================
[2 MAR 2018 23:46:52 GMT-8] Pre-Sync - Preparing for execution...

====================================================================================
[2 MAR 2018 23:46:52 GMT-8] Pre-Sync Request:
"C:\PROGRA~2\MYHERI~1\Bin\FAMILY~2.EXE" https://www.myheritage.com/FP/API/FTB/ftb-api.php --data "@C:\Users\Eric\AppData\Roaming\MYHERI~1\Temp\dat3820.tmp" --progress-bar --output "C:\Users\Eric\AppData\Roaming\MYHERI~1\Temp\out3821.tmp" --stderr "C:\Users\Eric\AppData\Roaming\MYHERI~1\Temp\err3822.tmp" --ssl-no-revoke -A "Family Tree Builder 8.0.0.8397"
---DATA:---
action=api-sync-pre-sync&site_admin=ericrborsheim@gmail.com&site_pwd=53d384b89203627f686e06fb83b9fc4bc572ec2c&project_guid=57FCA7416EAD763E2E06995A33EE916F&publishing_guid=&revision=0&client_program_version=8.0.0.8397&site_id=364175731&computer_name=DESKTOP-G4N757J&bin_log_transaction_offset=0
------------------------------------------------------------------------------------
[2 MAR 2018 23:46:52 GMT-8] Pre-Sync Connection result:
0 (WAIT_OBJECT_0)

------------------------------------------------------------------------------------
[2 MAR 2018 23:46:52 GMT-8] Pre-Sync Response:
<?xml version="1.0"?>
<Pre-sync site_id="364175731" project_guid="57FCA7416EAD763E2E06995A33EE916F" client_revision="0" is_synced_with_ftb="0"/>


====================================================================================
[2 MAR 2018 23:46:52 GMT-8] Downloading Binlog Commands - Preparing for execution...

====================================================================================
[2 MAR 2018 23:46:52 GMT-8] Downloading Binlog Commands Request:
"C:\PROGRA~2\MYHERI~1\Bin\FAMILY~2.EXE" https://www.myheritage.com/FP/API/FTB/ftb-api.php --data "@C:\Users\Eric\AppData\Roaming\MYHERI~1\Temp\dat39F7.tmp" --output "C:\Users\Eric\AppData\Roaming\MYHERI~1\Temp\out39F8.tmp" --stderr "C:\Users\Eric\AppData\Roaming\MYHERI~1\Temp\err39F9.tmp" --ssl-no-revoke -A "Family Tree Builder 8.0.0.8397"
---DATA:---
action=api-sync-get-bin-log-transactions&site_admin=ericrborsheim@gmail.com&site_pwd=53d384b89203627f686e06fb83b9fc4bc572ec2c&site_id=364175731&client_program_version=8.0.0.8397&project_guid=57FCA7416EAD763E2E06995A33EE916F&revision=0&offset=0&limit=1
------------------------------------------------------------------------------------
[2 MAR 2018 23:46:53 GMT-8] Downloading Binlog Commands Connection result:
0 (WAIT_OBJECT_0)

------------------------------------------------------------------------------------
[2 MAR 2018 23:46:53 GMT-8] Downloading Binlog Commands Response:
<?xml version="1.0"?>
<Get-bin-log-transactions site_id="364175731" project_guid="57FCA7416EAD763E2E06995A33EE916F" client_revision="0" is_synced_with_ftb="0" total="0">
  <transactions/>
</Get-bin-log-transactions>


====================================================================================
[3 MAR 2018 11:06:27 GMT-8] Pre-Sync - Preparing for execution...

====================================================================================
[3 MAR 2018 11:06:27 GMT-8] Pre-Sync Request:
"C:\PROGRA~2\MYHERI~1\Bin\FAMILY~2.EXE" https://www.myheritage.com/FP/API/FTB/ftb-api.php --data "@C:\Users\Eric\AppData\Roaming\MYHERI~1\Temp\dat6549.tmp" --progress-bar --output "C:\Users\Eric\AppData\Roaming\MYHERI~1\Temp\out654A.tmp" --stderr "C:\Users\Eric\AppData\Roaming\MYHERI~1\Temp\err654B.tmp" --ssl-no-revoke -A "Family Tree Builder 8.0.0.8397"
---DATA:---
action=api-sync-pre-sync&site_admin=ericrborsheim@gmail.com&site_pwd=53d384b89203627f686e06fb83b9fc4bc572ec2c&project_guid=57FCA7416EAD763E2E06995A33EE916F&publishing_guid=&revision=0&client_program_version=8.0.0.8397&site_id=364175731&computer_name=DESKTOP-G4N757J&bin_log_transaction_offset=0
------------------------------------------------------------------------------------
[3 MAR 2018 11:06:27 GMT-8] Pre-Sync Connection result:
0 (WAIT_OBJECT_0)

------------------------------------------------------------------------------------
[3 MAR 2018 11:06:27 GMT-8] Pre-Sync Response:
<?xml version="1.0"?>
<Pre-sync site_id="364175731" project_guid="57FCA7416EAD763E2E06995A33EE916F" client_revision="0" is_synced_with_ftb="0"/>


====================================================================================
[3 MAR 2018 11:06:27 GMT-8] Downloading Binlog Commands - Preparing for execution...

====================================================================================
[3 MAR 2018 11:06:27 GMT-8] Downloading Binlog Commands Request:
"C:\PROGRA~2\MYHERI~1\Bin\FAMILY~2.EXE" https://www.myheritage.com/FP/API/FTB/ftb-api.php --data "@C:\Users\Eric\AppData\Roaming\MYHERI~1\Temp\dat6730.tmp" --output "C:\Users\Eric\AppData\Roaming\MYHERI~1\Temp\out6731.tmp" --stderr "C:\Users\Eric\AppData\Roaming\MYHERI~1\Temp\err6732.tmp" --ssl-no-revoke -A "Family Tree Builder 8.0.0.8397"
---DATA:---
action=api-sync-get-bin-log-transactions&site_admin=ericrborsheim@gmail.com&site_pwd=53d384b89203627f686e06fb83b9fc4bc572ec2c&site_id=364175731&client_program_version=8.0.0.8397&project_guid=57FCA7416EAD763E2E06995A33EE916F&revision=0&offset=0&limit=1
------------------------------------------------------------------------------------
[3 MAR 2018 11:06:28 GMT-8] Downloading Binlog Commands Connection result:
0 (WAIT_OBJECT_0)

------------------------------------------------------------------------------------
[3 MAR 2018 11:06:28 GMT-8] Downloading Binlog Commands Response:
<?xml version="1.0"?>
<Get-bin-log-transactions site_id="364175731" project_guid="57FCA7416EAD763E2E06995A33EE916F" client_revision="0" is_synced_with_ftb="0" total="0">
  <transactions/>
</Get-bin-log-transactions>


====================================================================================
[4 MAR 2018 13:55:38 GMT-8] Pre-Sync - Preparing for execution...

====================================================================================
[4 MAR 2018 13:55:39 GMT-8] Pre-Sync Request:
"C:\PROGRA~2\MYHERI~1\Bin\FAMILY~2.EXE" https://www.myheritage.com/FP/API/FTB/ftb-api.php --data "@C:\Users\Eric\AppData\Roaming\MYHERI~1\Temp\datAAA7.tmp" --progress-bar --output "C:\Users\Eric\AppData\Roaming\MYHERI~1\Temp\outAAA8.tmp" --stderr "C:\Users\Eric\AppData\Roaming\MYHERI~1\Temp\errAAA9.tmp" --ssl-no-revoke -A "Family Tree Builder 8.0.0.8397"
---DATA:---
action=api-sync-pre-sync&site_admin=ericrborsheim@gmail.com&site_pwd=53d384b89203627f686e06fb83b9fc4bc572ec2c&project_guid=57FCA7416EAD763E2E06995A33EE916F&publishing_guid=&revision=0&client_program_version=8.0.0.8397&site_id=364175731&computer_name=DESKTOP-G4N757J&bin_log_transaction_offset=0
------------------------------------------------------------------------------------
[4 MAR 2018 13:55:39 GMT-8] Pre-Sync Connection result:
0 (WAIT_OBJECT_0)

------------------------------------------------------------------------------------
[4 MAR 2018 13:55:39 GMT-8] Pre-Sync Response:
<?xml version="1.0"?>
<Pre-sync site_id="364175731" project_guid="57FCA7416EAD763E2E06995A33EE916F" client_revision="0" is_synced_with_ftb="0"/>


====================================================================================
[4 MAR 2018 13:55:39 GMT-8] Downloading Binlog Commands - Preparing for execution...

====================================================================================
[4 MAR 2018 13:55:39 GMT-8] Downloading Binlog Commands Request:
"C:\PROGRA~2\MYHERI~1\Bin\FAMILY~2.EXE" https://www.myheritage.com/FP/API/FTB/ftb-api.php --data "@C:\Users\Eric\AppData\Roaming\MYHERI~1\Temp\datAC50.tmp" --output "C:\Users\Eric\AppData\Roaming\MYHERI~1\Temp\outAC51.tmp" --stderr "C:\Users\Eric\AppData\Roaming\MYHERI~1\Temp\errAC52.tmp" --ssl-no-revoke -A "Family Tree Builder 8.0.0.8397"
---DATA:---
action=api-sync-get-bin-log-transactions&site_admin=ericrborsheim@gmail.com&site_pwd=53d384b89203627f686e06fb83b9fc4bc572ec2c&site_id=364175731&client_program_version=8.0.0.8397&project_guid=57FCA7416EAD763E2E06995A33EE916F&revision=0&offset=0&limit=1
------------------------------------------------------------------------------------
[4 MAR 2018 13:55:40 GMT-8] Downloading Binlog Commands Connection result:
0 (WAIT_OBJECT_0)

------------------------------------------------------------------------------------
[4 MAR 2018 13:55:40 GMT-8] Downloading Binlog Commands Response:
<?xml version="1.0"?>
<Get-bin-log-transactions site_id="364175731" project_guid="57FCA7416EAD763E2E06995A33EE916F" client_revision="0" is_synced_with_ftb="0" total="0">
  <transactions/>
</Get-bin-log-transactions>


====================================================================================
[4 MAR 2018 15:01:38 GMT-8] Pre-Sync - Preparing for execution...

====================================================================================
[4 MAR 2018 15:01:38 GMT-8] Pre-Sync Request:
"C:\PROGRA~2\MYHERI~1\Bin\FAMILY~2.EXE" https://www.myheritage.com/FP/API/FTB/ftb-api.php --data "@C:\Users\Eric\AppData\Roaming\MYHERI~1\Temp\dat1355.tmp" --progress-bar --output "C:\Users\Eric\AppData\Roaming\MYHERI~1\Temp\out1356.tmp" --stderr "C:\Users\Eric\AppData\Roaming\MYHERI~1\Temp\err1357.tmp" --ssl-no-revoke -A "Family Tree Builder 8.0.0.8397"
---DATA:---
action=api-sync-pre-sync&site_admin=ericrborsheim@gmail.com&site_pwd=53d384b89203627f686e06fb83b9fc4bc572ec2c&project_guid=57FCA7416EAD763E2E06995A33EE916F&publishing_guid=&revision=0&client_program_version=8.0.0.8397&site_id=364175731&computer_name=DESKTOP-G4N757J&bin_log_transaction_offset=0
------------------------------------------------------------------------------------
[4 MAR 2018 15:01:42 GMT-8] Pre-Sync Connection result:
0 (WAIT_OBJECT_0)

------------------------------------------------------------------------------------
[4 MAR 2018 15:01:42 GMT-8] Pre-Sync Response:
<?xml version="1.0"?>
<Pre-sync site_id="364175731" project_guid="57FCA7416EAD763E2E06995A33EE916F" client_revision="0" is_synced_with_ftb="0"/>


====================================================================================
[4 MAR 2018 15:01:42 GMT-8] Downloading Binlog Commands - Preparing for execution...

====================================================================================
[4 MAR 2018 15:01:42 GMT-8] Downloading Binlog Commands Request:
"C:\PROGRA~2\MYHERI~1\Bin\FAMILY~2.EXE" https://www.myheritage.com/FP/API/FTB/ftb-api.php --data "@C:\Users\Eric\AppData\Roaming\MYHERI~1\Temp\dat2190.tmp" --output "C:\Users\Eric\AppData\Roaming\MYHERI~1\Temp\out2191.tmp" --stderr "C:\Users\Eric\AppData\Roaming\MYHERI~1\Temp\err21A2.tmp" --ssl-no-revoke -A "Family Tree Builder 8.0.0.8397"
---DATA:---
action=api-sync-get-bin-log-transactions&site_admin=ericrborsheim@gmail.com&site_pwd=53d384b89203627f686e06fb83b9fc4bc572ec2c&site_id=364175731&client_program_version=8.0.0.8397&project_guid=57FCA7416EAD763E2E06995A33EE916F&revision=0&offset=0&limit=1
------------------------------------------------------------------------------------
[4 MAR 2018 15:01:46 GMT-8] Downloading Binlog Commands Connection result:
0 (WAIT_OBJECT_0)

------------------------------------------------------------------------------------
[4 MAR 2018 15:01:46 GMT-8] Downloading Binlog Commands Response:
<?xml version="1.0"?>
<Get-bin-log-transactions site_id="364175731" project_guid="57FCA7416EAD763E2E06995A33EE916F" client_revision="0" is_synced_with_ftb="0" total="0">
  <transactions/>
</Get-bin-log-transactions>


====================================================================================
[4 MAR 2018 15:15:22 GMT-8] Pre-Sync - Preparing for execution...

====================================================================================
[4 MAR 2018 15:15:22 GMT-8] Pre-Sync Request:
"C:\PROGRA~2\MYHERI~1\Bin\FAMILY~2.EXE" https://www.myheritage.com/FP/API/FTB/ftb-api.php --data "@C:\Users\Eric\AppData\Roaming\MYHERI~1\Temp\datA6A1.tmp" --progress-bar --output "C:\Users\Eric\AppData\Roaming\MYHERI~1\Temp\outA6A2.tmp" --stderr "C:\Users\Eric\AppData\Roaming\MYHERI~1\Temp\errA6A3.tmp" --ssl-no-revoke -A "Family Tree Builder 8.0.0.8397"
---DATA:---
action=api-sync-pre-sync&site_admin=ericrborsheim@gmail.com&site_pwd=53d384b89203627f686e06fb83b9fc4bc572ec2c&project_guid=57FCA7416EAD763E2E06995A33EE916F&publishing_guid=&revision=0&client_program_version=8.0.0.8397&site_id=364175731&computer_name=DESKTOP-G4N757J&bin_log_transaction_offset=0
------------------------------------------------------------------------------------
[4 MAR 2018 15:15:24 GMT-8] Pre-Sync Connection result:
0 (WAIT_OBJECT_0)

------------------------------------------------------------------------------------
[4 MAR 2018 15:15:24 GMT-8] Pre-Sync Response:
<?xml version="1.0"?>
<Pre-sync site_id="364175731" project_guid="57FCA7416EAD763E2E06995A33EE916F" client_revision="0" is_synced_with_ftb="0"/>


====================================================================================
[4 MAR 2018 15:15:24 GMT-8] Downloading Binlog Commands - Preparing for execution...

====================================================================================
[4 MAR 2018 15:15:24 GMT-8] Downloading Binlog Commands Request:
"C:\PROGRA~2\MYHERI~1\Bin\FAMILY~2.EXE" https://www.myheritage.com/FP/API/FTB/ftb-api.php --data "@C:\Users\Eric\AppData\Roaming\MYHERI~1\Temp\datACFD.tmp" --output "C:\Users\Eric\AppData\Roaming\MYHERI~1\Temp\outAD0E.tmp" --stderr "C:\Users\Eric\AppData\Roaming\MYHERI~1\Temp\errAD0F.tmp" --ssl-no-revoke -A "Family Tree Builder 8.0.0.8397"
---DATA:---
action=api-sync-get-bin-log-transactions&site_admin=ericrborsheim@gmail.com&site_pwd=53d384b89203627f686e06fb83b9fc4bc572ec2c&site_id=364175731&client_program_version=8.0.0.8397&project_guid=57FCA7416EAD763E2E06995A33EE916F&revision=0&offset=0&limit=1
------------------------------------------------------------------------------------
[4 MAR 2018 15:15:26 GMT-8] Downloading Binlog Commands Connection result:
0 (WAIT_OBJECT_0)

------------------------------------------------------------------------------------
[4 MAR 2018 15:15:26 GMT-8] Downloading Binlog Commands Response:
<?xml version="1.0"?>
<Get-bin-log-transactions site_id="364175731" project_guid="57FCA7416EAD763E2E06995A33EE916F" client_revision="0" is_synced_with_ftb="0" total="0">
  <transactions/>
</Get-bin-log-transactions>


====================================================================================
[5 MAR 2018 01:36:18 GMT-8] Pre-Sync - Preparing for execution...

====================================================================================
[5 MAR 2018 01:36:18 GMT-8] Pre-Sync Request:
"C:\PROGRA~2\MYHERI~1\Bin\FAMILY~2.EXE" https://www.myheritage.com/FP/API/FTB/ftb-api.php --data "@C:\Users\Eric\AppData\Roaming\MYHERI~1\Temp\dat1FED.tmp" --progress-bar --output "C:\Users\Eric\AppData\Roaming\MYHERI~1\Temp\out1FEE.tmp" --stderr "C:\Users\Eric\AppData\Roaming\MYHERI~1\Temp\err1FEF.tmp" --ssl-no-revoke -A "Family Tree Builder 8.0.0.8397"
---DATA:---
action=api-sync-pre-sync&site_admin=ericrborsheim@gmail.com&site_pwd=53d384b89203627f686e06fb83b9fc4bc572ec2c&project_guid=57FCA7416EAD763E2E06995A33EE916F&publishing_guid=&revision=0&client_program_version=8.0.0.8397&site_id=364175731&computer_name=DESKTOP-G4N757J&bin_log_transaction_offset=0
------------------------------------------------------------------------------------
[5 MAR 2018 01:36:18 GMT-8] Pre-Sync Connection result:
0 (WAIT_OBJECT_0)

------------------------------------------------------------------------------------
[5 MAR 2018 01:36:18 GMT-8] Pre-Sync Response:
<?xml version="1.0"?>
<Pre-sync site_id="364175731" project_guid="57FCA7416EAD763E2E06995A33EE916F" client_revision="0" is_synced_with_ftb="0"/>


====================================================================================
[5 MAR 2018 01:36:18 GMT-8] Downloading Binlog Commands - Preparing for execution...

====================================================================================
[5 MAR 2018 01:36:18 GMT-8] Downloading Binlog Commands Request:
"C:\PROGRA~2\MYHERI~1\Bin\FAMILY~2.EXE" https://www.myheritage.com/FP/API/FTB/ftb-api.php --data "@C:\Users\Eric\AppData\Roaming\MYHERI~1\Temp\dat22CF.tmp" --output "C:\Users\Eric\AppData\Roaming\MYHERI~1\Temp\out22D0.tmp" --stderr "C:\Users\Eric\AppData\Roaming\MYHERI~1\Temp\err22D1.tmp" --ssl-no-revoke -A "Family Tree Builder 8.0.0.8397"
---DATA:---
action=api-sync-get-bin-log-transactions&site_admin=ericrborsheim@gmail.com&site_pwd=53d384b89203627f686e06fb83b9fc4bc572ec2c&site_id=364175731&client_program_version=8.0.0.8397&project_guid=57FCA7416EAD763E2E06995A33EE916F&revision=0&offset=0&limit=1
------------------------------------------------------------------------------------
[5 MAR 2018 01:36:19 GMT-8] Downloading Binlog Commands Connection result:
0 (WAIT_OBJECT_0)

------------------------------------------------------------------------------------
[5 MAR 2018 01:36:19 GMT-8] Downloading Binlog Commands Response:
<?xml version="1.0"?>
<Get-bin-log-transactions site_id="364175731" project_guid="57FCA7416EAD763E2E06995A33EE916F" client_revision="0" is_synced_with_ftb="0" total="0">
  <transactions/>
</Get-bin-log-transactions>


====================================================================================
[8 MAR 2018 00:28:08 GMT-8] Pre-Sync - Preparing for execution...

====================================================================================
[8 MAR 2018 00:28:08 GMT-8] Pre-Sync Request:
"C:\PROGRA~2\MYHERI~1\Bin\FAMILY~2.EXE" https://www.myheritage.com/FP/API/FTB/ftb-api.php --data "@C:\Users\Eric\AppData\Roaming\MYHERI~1\Temp\datCDFF.tmp" --progress-bar --output "C:\Users\Eric\AppData\Roaming\MYHERI~1\Temp\outCE00.tmp" --stderr "C:\Users\Eric\AppData\Roaming\MYHERI~1\Temp\errCE01.tmp" --ssl-no-revoke -A "Family Tree Builder 8.0.0.8397"
---DATA:---
action=api-sync-pre-sync&site_admin=ericrborsheim@gmail.com&site_pwd=53d384b89203627f686e06fb83b9fc4bc572ec2c&project_guid=57FCA7416EAD763E2E06995A33EE916F&publishing_guid=&revision=0&client_program_version=8.0.0.8397&site_id=364175731&computer_name=DESKTOP-G4N757J&bin_log_transaction_offset=0
------------------------------------------------------------------------------------
[8 MAR 2018 00:28:09 GMT-8] Pre-Sync Connection result:
0 (WAIT_OBJECT_0)

------------------------------------------------------------------------------------
[8 MAR 2018 00:28:09 GMT-8] Pre-Sync Response:
<?xml version="1.0"?>
<Pre-sync site_id="364175731" project_guid="57FCA7416EAD763E2E06995A33EE916F" client_revision="0" is_synced_with_ftb="0"/>


====================================================================================
[8 MAR 2018 00:28:09 GMT-8] Downloading Binlog Commands - Preparing for execution...

====================================================================================
[8 MAR 2018 00:28:09 GMT-8] Downloading Binlog Commands Request:
"C:\PROGRA~2\MYHERI~1\Bin\FAMILY~2.EXE" https://www.myheritage.com/FP/API/FTB/ftb-api.php --data "@C:\Users\Eric\AppData\Roaming\MYHERI~1\Temp\datD064.tmp" --output "C:\Users\Eric\AppData\Roaming\MYHERI~1\Temp\outD065.tmp" --stderr "C:\Users\Eric\AppData\Roaming\MYHERI~1\Temp\errD066.tmp" --ssl-no-revoke -A "Family Tree Builder 8.0.0.8397"
---DATA:---
action=api-sync-get-bin-log-transactions&site_admin=ericrborsheim@gmail.com&site_pwd=53d384b89203627f686e06fb83b9fc4bc572ec2c&site_id=364175731&client_program_version=8.0.0.8397&project_guid=57FCA7416EAD763E2E06995A33EE916F&revision=0&offset=0&limit=1
------------------------------------------------------------------------------------
[8 MAR 2018 00:28:09 GMT-8] Downloading Binlog Commands Connection result:
0 (WAIT_OBJECT_0)

------------------------------------------------------------------------------------
[8 MAR 2018 00:28:09 GMT-8] Downloading Binlog Commands Response:
<?xml version="1.0"?>
<Get-bin-log-transactions site_id="364175731" project_guid="57FCA7416EAD763E2E06995A33EE916F" client_revision="0" is_synced_with_ftb="0" total="0">
  <transactions/>
</Get-bin-log-transactions>

